Sample_Origin,TCRClonotype,TCR-beta-Tcrb-AMM2021-pAbO,RiO-Allo:H-2Kb-ATLVFHNL-pAbO,RiO-Allo:H-2Kb-HIYEFPQL-pAbO,RiO-Allo:H-2Kb-INFDFPKL-pAbO,RiO-Allo:H-2Kb-RAYLFNSV-pAbO,RiO-Allo:H-2Kb-RTYTYEKL-pAbO,RiO-Allo:H-2Kb-SNYLFTKL-pAbO,RiO-Allo:H-2Kb-SSYTFPKM-pAbO,RiO-Allo:H-2Kb-SVYVYKVL-pAbO,RiO-Allo:H-2Kb-VAFDFTKV-pAbO,RiO-Allo:H-2Kb-VGPRYTNL-pAbO,RiO-Allo:H-2Kb-VIVRFLTV-pAbO,RiO-Allo:H-2Kb-VSFTYRYL-pAbO,RiO-H-2:H-2Kd-SYFPEITHI-ADEX5099-pAbO
BL6-BALBc_HTxB,AV6D-6-CALSDLPNYNVLYF-AJ21*p03_BV14-CASNDRAEQYF-BJ2-7,100.0,0,1,4,15,3,4,6,1,0,1,5,2,0
BL6-BALBc_HTxB,AV16D/DV11-CAMREGNTNAYKVIF-AJ30_BV13-2-CAIGRSSYEQYF-BJ2-7,149.0,13,1,1,8,37,3,0,1,0,1,5,0,0
BL6-BALBc_HTxB,AV8-1-CATDAPLASSSFSKLVF-AJ50_BV3-CASSRDWGNYAEQFF-BJ2-1,2106.0,2,6,2,19,14,10,4,10,1,52,22,5,0
BL6-BALBc_HTxB,AV12-2-CALHTGYQNFYF-AJ49_BV29-CASSLRLGGGEQYF-BJ2-7,49.0,5,0,5,7,7,4,0,5,3,5,23,5,0
BL6-BALBc_HTxB,AV6-4-CALVEGGGSGNKLIF-AJ32_BV5-CASSPHWDYAEQFF-BJ2-1,66.0,0,2,2,3,2,4,0,4,0,5,3,2,1
BL6-BALBc_HTxB,AV9-1-CAVRLPGTGSNRLTF-AJ28_BV13-3-CASSDAGSYEQYF-BJ2-7,78.0,1,2,4,4,6,2,8,4,0,2,6,1,1
BL6-BALBc_HTxB,AV16/DV11-CAMREGDTGYQNFYF-AJ49_BV1-CTCSADRAQDTQYF-BJ2-5,173.0,1,2,2,25,1,7,0,3,0,7,5,3,0
BL6-BALBc_HTxB,AV16D/DV11-CAMREDGSWQLIF-AJ22_BV13-2-CASGGANSDYTF-BJ1-2,440.0,4,7,15,152,592,15,10,15,0,420,46,12,0
BL6-BALBc_HTxB,AV16/DV11-CAMREVNTGNYKYVF-AJ40_BV13-3-CASSGTGRYAEQFF-BJ2-1,224.0,0,2,9,1,6,8,3,4,1,7,15,4,0
BL6-BALBc_HTxB,AV16D/DV11-CAMRDTNAYKVIF-AJ30_BV1-CTCSAVRVAGNTLYF-BJ1-3,231.0,1,4,4,46,11,13,6,4,0,6,20,3,1
BL6-BALBc_HTxB,AV16D/DV11-CAMREDTNAYKVIF-AJ30_BV13-2-CASGEAGANSDYTF-BJ1-2,173.0,0,1,3,1,7,45,1,108,0,6,7,2,0
BL6-BALBc_HTxB,AV13D-3-CAMRTNSAGNKLTF-AJ17*p02_BV13-2-CASGTTYEQYF-BJ2-7,211.0,1,13,23,26,21,15,7,11,1,465,29,6,0
BL6-BALBc_HTxB,AV16D/DV11-CAMREGGRALIF-AJ15_BV13-1-CASSIDRVSERLFF-BJ1-4,56.0,0,1,6,8,8,4,4,0,1,7,4,2,0
BL6-BALBc_HTxB,AV19-CAAANTGYQNFYF-AJ49_BV17-CASSRDPWGGSAETLYF-BJ2-3,106.0,2,2,3,5,11,12,2,0,1,1,7,1,1
BL6-BALBc_HTxB,AV7D-2-CAAASGGNYKPTF-AJ6_BV29-CASRQGLGNQDTQYF-BJ2-5,83.0,1,1,3,4,3,1,5,1,0,6,10,2,0
BL6-BALBc_HTxB,AV12D-1-CALSDQNKLTF-AJ56_BV14-CASRSDWVNQDTQYF-BJ2-5,231.0,2,1,3,10,12,8,192,3,0,11,38,2,1
BL6-BALBc_HTxB,AV6-7/DV9-CALGDQGGGADRLTF-AJ45_BV3-CASSFGTGGYYEQYF-BJ2-7,116.0,0,2,10,6,13,13,1,8,1,151,15,2,1
BL6-BALBc_HTxB,AV16D/DV11-CAMREGGAGNTRKLIF-AJ37*p02_BV13-2-CASGDGGALEQYF-BJ2-7,176.0,3,1,2,13,4,6,1,1,0,13,18,1,1
BL6-BALBc_HTxB,AV3D-3-CAVSGSSGSWQLIF-AJ22_BV13-3-CASSDTGGAAEQFF-BJ2-1,1187.0,1,6,8,44,30,16,6,6,4,19,34,16,0
BL6-BALBc_HTxB,AV16/DV11-CAMREGNNNNAPRF-AJ43*p03_BV13-2-CASGENTGQLYF-BJ2-2,356.0,5,0,2,9,12,66,2,11,1,7,11,4,1
BL6-BALBc_HTxB,AV16D/DV11-CAMREWTGGYKVVF-AJ12_BV5-CASSQDWQNTGQLYF-BJ2-2,121.0,1,4,4,24,9,11,1,1,1,9,11,5,0
BL6-BALBc_HTxB,AV16D/DV11-CAMRENSGYNKLTF-AJ11*p02_BV13-2-CASGETGGREQYF-BJ2-7,134.0,0,1,1,7,7,2,2,4,0,3,10,1,2
BL6-BALBc_HTxB,AV16D/DV11-CAMRNYAQGLTF-AJ26_BV13-2-CASGGGGGEQYF-BJ2-7,262.0,1,3,10,15,15,13,3,2,1,15,12,6,1
BL6-BALBc_HTxB,AV9-2-CAASMDYANKMIF-AJ47_BV3-CASSLGAGYEQYF-BJ2-7,120.0,2,1,3,8,10,9,2,2,0,297,9,4,1
BL6-BALBc_HTxB,AV16/DV11-CAMREGNYANKMIF-AJ47_BV5-CASRQDLGGQNTLYF-BJ2-4,170.0,0,1,1,10,9,82,33,2,0,6,76,3,0
BL6-BALBc_HTxB,AV7D-3-CAVEGYQNFYF-AJ49_BV13-1-CASSEGQPNTGQLYF-BJ2-2,1.0,0,0,0,0,0,0,0,0,0,0,1,0,0
BL6-BALBc_HTxB,AV16D/DV11-CAMREGDYAQGLTF-AJ26_BV1-CTCSGDRGLNSPLYF-BJ1-6,129.0,2,3,1,19,4,2,2,2,0,7,10,2,0
BL6-BALBc_HTxB,AV13-3-CAMERRSGGSNYKLTF-AJ53_BV13-2-CASGGLAEQFF-BJ2-1,187.0,5,2,4,21,23,7,1,5,0,34,23,6,0
BL6-BALBc_HTxB,AV3-3-CAVRYANKMIF-AJ47_BV17-CASSPGQNTGQLYF-BJ2-2,90.0,4,1,2,5,1,1,1,1,2,5,9,0,0
BL6-BALBc_HTxB,AV6-5-CALSDLYANKMIF-AJ47_BV3-CASSFGTGGYEQYF-BJ2-7,960.0,5,3,15,18,22,17,4,6,0,524,26,7,2
BL6-BALBc_HTxB,AV8D-2-CATASSGSWQLIF-AJ22_BV29-CASSSTGTANERLFF-BJ1-4,195.0,0,2,1,2,8,1,4,0,0,0,13,0,0
BL6-BALBc_HTxB,AV16/DV11-CAMREDQGGSAKLIF-AJ57_BV13-2-CASGGHYEQYF-BJ2-7,1245.0,2,2,13,37,113,20,5,10,7,24,28,10,0
BL6-BALBc_HTxB,AV3D-3-CAVRPNYGGSGNKLIF-AJ32_BV14-CASSPIRGIQDTQYF-BJ2-5,116.0,4,8,7,9,3,4,1,5,6,11,55,13,0
BL6-BALBc_HTxB,AV5-1-CSASNGAKLTF-AJ39_BV13-2-CASGDVTGGDSPLYF-BJ1-6,337.0,1,8,4,6,9,15,3,25,1,8,10,11,1
BL6-BALBc_HTxB,AV12D-1-CALSGSSSGSWQLIF-AJ22_BV13-1-CASSEGSSYEQYF-BJ2-7,98.0,0,0,0,2,6,6,0,1,0,4,8,2,1
BL6-BALBc_HTxB,AV8-2-CATDLANKMIF-AJ47_BV13-3-CASRDRGEVFF-BJ1-1,391.0,2,2,17,11,9,126,5,5,0,11,21,8,0
BL6-BALBc_HTxB,AV8-1-CATELDYSNNRLTL-AJ7_BV13-1-CASSDASHNSGNTLYF-BJ1-3,51.0,2,0,5,2,2,6,1,0,0,5,4,3,0
BL6-BALBc_HTxB,AV3-4-CAVSDTGANTGKLTF-AJ52_BV13-1-CASSDAGGRNTGQLYF-BJ2-2,365.0,0,1,0,5,8,87,1,1,0,7,7,3,0
BL6-BALBc_HTxB,AV5-1-CSASVDYAQGLTF-AJ26_BV31-CAWSPGTQNTLYF-BJ2-4,832.0,0,0,4,16,25,67,5,3,9,4,46,4,0
BL6-BALBc_HTxB,AV7-4-CAASEPSNTGGLSGKLT-AJ2_BV13-1-CASSDDRVGNTLYF-BJ1-3,135.0,0,0,0,52,3,6,1,4,6,4,3,0,0
BL6-BALBc_HTxB,AV21/DV12-CILRDIASSSFSKLVF-AJ50_BV29-CASSLSFNQDTQYF-BJ2-5,70.0,5,2,22,5,5,6,4,6,4,7,13,12,0
BL6-BALBc_HTxB,AV12D-2-CALSEGQGGRALIF-AJ15_BV13-3-CASSETGGWSDYTF-BJ1-2,72.0,1,1,4,1,4,1,0,2,2,2,4,1,0
BL6-BALBc_HTxB,AV9-4-CAVSPGNYKYVF-AJ40_BV1-CTCSAGQGYEQYF-BJ2-7,273.0,6,0,1,7,7,4,0,3,0,11,11,3,1
BL6-BALBc_HTxB,AV10D-CAASPSSGSWQLIF-AJ22_BV4-CASSYDERLFF-BJ1-4,131.0,0,1,0,4,3,3,0,2,0,3,51,0,0
BL6-BALBc_HTxB,AV7-3-CAVRGDTNAYKVIF-AJ30_BV19-CASSITGDYAEQFF-BJ2-1,173.0,1,8,6,6,5,0,4,2,1,3,13,3,2
BL6-BALBc_HTxB,AV3-3-CAVDTNAYKVIF-AJ30_BV17-CASSRDPWGGSAETLYF-BJ2-3,108.0,1,1,4,1,2,41,0,2,2,3,6,2,1
BL6-BALBc_HTxB,AV12-2-CALNTGYQNFYF-AJ49_BV13-1-CASSDAGGYEQYF-BJ2-7,611.0,0,1,5,6,13,50,5,5,0,4,11,7,1
BL6-BALBc_HTxB,AV19-CAAANTGYQNFYF-AJ49_BV17-CASSRDPWGGSAETLYF-BJ2-3,146.0,0,2,0,1,10,21,5,2,0,3,11,5,0
BL6-BALBc_HTxB,AV8-2-CATDTGGADRLTF-AJ45_BV16-CASSLGPTNERLFF-BJ1-4,268.0,2,3,1,5,5,2,1,3,0,53,85,5,0
BL6-BALBc_HTxB,AV6-6-CALGDQANTDKVVF-AJ34*p03_BV14-CASSLGVNTEVFF-BJ1-1,27.0,0,2,0,0,2,2,20,3,0,3,0,0,0
BL6-BALBc_HTxB,AV2-CIVTDSYSNNRLTL-AJ7_BV1-CTCSAGRGDAEQFF-BJ2-1,296.0,2,1,3,131,11,9,4,2,2,8,19,29,2
BL6-BALBc_HTxB,AV6-6-CALAGNQGGSAKLIF-AJ57_BV19-CASRIFSGGGNERLF-BJ1-4,179.0,1,11,13,5,3,3,1,5,1,3,9,4,0
BL6-BALBc_HTxB,AV16/DV11-CAMRYIASSSFSKLVF-AJ50_BV13-1-CASRDGTENTEVFF-BJ1-1,223.0,3,4,8,20,19,20,5,15,4,22,19,8,0
BL6-BALBc_HTxB,AV5-1-CSAGSALGRLHF-AJ18_BV30-CSSRRDRGYNSPLYF-BJ1-6,197.0,4,3,0,5,0,3,7,1,4,5,38,9,0
BL6-BALBc_HTxB,AV6D-4-CALDTNAYKVIF-AJ30_BV13-1-CASSDLVYAEQFF-BJ2-1,457.0,1,1,2,5,6,8,9,5,0,10,11,8,0
BL6-BALBc_HTxB,AV9-4-CAVSMYNNNRIFF-AJ31_BV13-1-CASSEVSNTEVFF-BJ1-1,63.0,2,5,2,7,2,6,0,1,0,3,14,0,0
BL6-BALBc_HTxB,AV8-1-CADQGGRALIF-AJ15_BV1-CTCSADPGNERLFF-BJ1-4,55.0,0,0,0,5,2,3,0,2,0,0,6,1,0
BL6-BALBc_HTxB,AV16/DV11-CAMREANTGYQNFYF-AJ49_BV13-2-CASGRQYEQYF-BJ2-7,286.0,3,1,2,45,13,17,5,2,1,13,17,5,2
BL6-BALBc_HTxB,AV9D-4-CAPASSGSWQLIF-AJ22_BV1-CTCSAADAEQFF-BJ2-1,265.0,2,9,7,12,8,8,1,5,0,7,21,2,1
BL6-BALBc_HTxB,AV16/DV11-CAMREGNYANKMIF-AJ47_BV13-2-CASGDFQYEQYF-BJ2-7,54.0,2,1,4,6,5,14,20,1,0,6,20,2,0
BL6-BALBc_HTxB,AV16D/DV11-CAMRDTNAYKVIF-AJ30_BV13-2-CASGGGGISYEQYF-BJ2-7,186.0,5,2,2,37,7,7,1,88,1,13,16,4,0
BL6-BALBc_HTxB,AV13D-1-CGWGDNYAQGLTF-AJ26_BV14-CASSLGVNTEVFF-BJ1-1,117.0,0,1,1,2,1,3,30,1,0,2,3,2,0
BL6-BALBc_HTxB,AV7D-2-CAAHRGSALGRLHF-AJ18_BV4-CASSWDTNTEVFF-BJ1-1,2266.0,2,2,7,16,23,9,1,14,5,9,30,6,2
BL6-BALBc_HTxB,AV16D/DV11-CAMRESSNTDKVVF-AJ34*p03_BV29-CASSWGQNNERLFF-BJ1-4,72.0,0,0,5,3,11,3,3,5,1,26,17,7,2
BL6-BALBc_HTxB,AV3-1-CAVTNSAGNKLTF-AJ17*p02_BV14-CASSFSASSGNTLYF-BJ1-3,891.0,4,2,7,21,17,18,3,9,2,12,32,7,0
BL6-BALBc_HTxB,AV4-3-CAAEADTGNYKYVF-AJ40_BV31-CAWSLWTGVEQYF-BJ2-7,221.0,0,2,76,7,9,10,13,4,0,4,7,1,0
BL6-BALBc_HTxB,AV7-4-CAASEQATGGNNKLTF-AJ56_BV5-CASSQDGTYNSPLYF-BJ1-6,75.0,1,0,1,6,6,8,4,3,0,12,58,2,0
BL6-BALBc_HTxB,AV16/DV11-CAMRESGNYKYVF-AJ40_BV13-2-CASGGQGAQNTLYF-BJ2-4,86.0,0,1,0,78,4,2,2,3,0,9,4,1,0
BL6-BALBc_HTxB,AV3-4-CAVTQSSGSWQLIF-AJ22_BV4-CASSYGSDYTF-BJ1-2,134.0,0,0,1,3,3,4,1,4,0,3,205,2,0
BL6-BALBc_HTxB,AV16/DV11-CAMREDSSNTDKVVF-AJ34*p03_BV5-CASSQDLGGQNTLYF-BJ2-4,254.0,0,1,4,6,11,10,0,3,0,21,470,4,1
BL6-BALBc_HTxB,AV3-4-CAVSAEDYANKMIF-AJ47_BV13-1-CASSDVGGLNTGQLYF-BJ2-2,1119.0,2,3,5,14,17,204,5,8,4,15,32,7,1
BL6-BALBc_HTxB,AV7D-2-CAAHTGNYKYVF-AJ40_BV1-CTCSAVRVSNSDYTF-BJ1-2,103.0,1,3,2,17,1,4,1,1,0,11,1,0,0
BL6-BALBc_HTxB,AV8D-2-CAIATSSGQKLVF-AJ16*p02_BV29-CASSLTGRANERLFF-BJ1-4,334.0,5,4,5,18,12,12,2,9,0,11,56,8,0
BL6-BALBc_HTxB,AV12D-2-CALSDRGSALGRLHF-AJ18_BV1-CTCSADGGENSPLYF-BJ1-6,263.0,3,8,8,29,20,8,7,5,1,16,32,9,1
BL6-BALBc_HTxB,AV16/DV11-CAMREGDTGYQNFYF-AJ49_BV1-CTCSADRAQDTQYF-BJ2-5,57.0,0,0,1,11,1,7,0,3,0,4,13,0,0
BL6-BALBc_HTxB,AV16/DV11-CAMREVDSNYQLIW-AJ33_BV13-1-CASSARQGTETLYF-BJ2-3,585.0,4,15,10,10,19,11,2,4,0,16,23,12,0
BL6-BALBc_HTxB,AV16D/DV11-CAMRENSGYNKLTF-AJ11*p02_BV13-2-CASGESGQSNERLFF-BJ1-4,161.0,0,9,0,1,3,2,0,0,0,1,26,1,0
BL6-BALBc_HTxB,AV13-1-CAMELSSGSWQLIF-AJ22_BV4-CASSYGEQYF-BJ2-7,142.0,1,2,3,8,4,4,4,3,0,7,387,4,0
BL6-BALBc_HTxB,AV16D/DV11-CAMREGNNNNAPRF-AJ43*p03_BV13-1-CASSDAGDWGFYEQYF-BJ2-7,226.0,2,3,1,33,7,6,7,1,1,14,19,8,1
BL6-BALBc_HTxB,AV16D/DV11-CAMREDQGGRALIF-AJ15_BV1-CTCSGQGALYEQYF-BJ2-7,181.0,0,1,4,42,3,4,0,4,0,2,8,3,0
BL6-BALBc_HTxB,AV3D-3-CAVGSSGSWQLIF-AJ22_BV20-CGARADRGAVTLYF-BJ2-3,214.0,3,3,5,3,11,5,0,7,12,10,98,9,1
BL6-BALBc_HTxB,AV9-4-CAVSLNNYAQGLTF-AJ26_BV13-1-CASVTGTEVFF-BJ1-1,114.0,2,0,2,7,1,2,5,2,0,6,5,91,0
BL6-BALBc_HTxB,AV3-3-CAVSGHTGYQNFYF-AJ49_BV13-2-CASGDALGGFSYEQYF-BJ2-7,200.0,6,6,0,7,11,6,4,0,1,9,10,10,0
BL6-BALBc_HTxB,AV9-1-CAVRLPGTGSNRLIF-AJ28_BV13-3-CASSDAGSYEQYF-BJ2-7,167.0,1,1,0,8,4,5,5,3,0,11,17,10,1
BL6-BALBc_HTxB,AV2-CIVTDSYSNNRLTL-AJ7_BV1-CTCSAGRGDAEQFF-BJ2-1,524.0,1,2,5,361,13,14,1,11,2,12,19,5,0
BL6-BALBc_HTxB,AV6D-7-CALSDWSNYQLIW-AJ33_BV13-1-CASSDLRVNTEVFF-BJ1-1,69.0,0,2,0,93,6,2,0,2,1,5,13,0,0
BL6-BALBc_HTxB,AV5D-4-CAASEDSNYQLIW-AJ33_BV13-1-CASSDLGGQDTQYF-BJ2-5,119.0,1,1,3,6,5,11,2,9,0,9,5,6,0
BL6-BALBc_HTxB,AV16D/DV11-CAMRESDTNAYKVIF-AJ30_BV13-2-CASGDNYEQYF-BJ2-7,80.0,4,0,5,2,79,5,0,0,0,2,6,0,2
BL6-BALBc_HTxB,AV6-2-CVLGDDNYAQGLTF-AJ26_BV29-CASRAGGYAEQFF-BJ2-1,117.0,0,3,5,34,7,13,2,6,0,12,11,3,0
BL6-BALBc_HTxB,AV3-1-CAVSDGTNAYKVIF-AJ30_BV13-2-CASGDAGRVEVFF-BJ1-1,77.0,2,1,3,5,3,10,18,2,5,5,23,2,0
BL6-BALBc_HTxB,AV5-1-CSASVDYAQGLTF-AJ26_BV31-CAWSPGTQNTLYF-BJ2-4,86.0,0,1,1,4,2,22,0,2,2,5,17,4,2
BL6-BALBc_HTxB,AV9D-3-CAVSPNYAQGLTF-AJ26_BV17-CASSPGQGNTEVFF-BJ1-1,452.0,3,3,3,17,14,10,5,8,0,5,47,6,1
BL6-BALBc_HTxB,AV16/DV11-CAMRESNTGYQNFYF-AJ49_BV13-2-CASGSGAGNTLYF-BJ2-4,183.0,1,4,5,12,14,19,5,44,1,10,22,5,0
BL6-BALBc_HTxB,AV9-3-CAVSIHYGNEKITF-AJ48_BV13-2-CASGEQVPNERLFF-BJ1-4,1905.0,1,8,6,14,15,11,8,2,1,12,15,2,1
BL6-BALBc_HTxB,AV8-1-CATDPGSWQLIF-AJ22_BV13-2-CASGSGLGTSAETLYF-BJ2-3,480.0,1,4,6,12,9,5,0,6,0,12,17,4,2
BL6-BALBc_HTxB,AV9-2-CAASSDYANKMIF-AJ47_BV5-CASSPWGNTEVFF-BJ1-1,112.0,3,4,0,3,7,4,3,5,0,12,7,11,0
BL6-BALBc_HTxB,AV9-1-CAVRLPGTGSNRLTF-AJ28_BV13-3-CASSDAGSYEQYF-BJ2-7,618.0,3,2,4,6,18,10,9,6,1,7,7,9,0
BL6-BALBc_HTxB,AV7-1-CAVSMRGSALGRLHF-AJ18_BV13-3-CASSDEQGAIAETLYF-BJ2-3,2240.0,3,2,12,22,14,15,4,6,4,18,55,13,1
BL6-BALBc_HTxB,AV16D/DV11-CAMREGNNNAGAKLTF-AJ39_BV13-2-CASGDRVYEQYF-BJ2-7,148.0,11,0,3,1,2,8,1,8,0,3,4,1,0
BL6-BALBc_HTxB,AV16/DV11-CAMRNQGGSAKLIF-AJ57_BV1-CTCSAGRVAETLYF-BJ2-3,199.0,0,16,0,11,13,5,2,6,2,8,24,4,0
BL6-BALBc_HTxB,AV9-1-CAVSPNTGNYKYVF-AJ40_BV29-CASSLGGQKDTQYF-BJ2-5,33.0,0,2,1,3,6,0,0,0,0,3,12,7,0
BL6-BALBc_HTxB,AV5-1-CSASNGAKLTF-AJ39_BV13-2-CASGDVTGGDSPLYF-BJ1-6,372.0,1,0,2,3,5,5,0,13,0,2,8,1,2
BL6-BALBc_HTxB,AV13-2-CAIGYAQGLTF-AJ26_BV13-3-CASSDGWGGYEQYF-BJ2-7,119.0,1,1,56,7,3,3,2,1,0,5,3,0,0
BL6-BALBc_HTxB,AV16D/DV11-CAMRDPYGGSGNKLIF-AJ32_BV1-CTCSAVREDTQYF-BJ2-5,63.0,0,0,1,27,7,1,0,3,0,4,14,3,2
BL6-BALBc_HTxB,AV12-2-CALSDYGGSGNKLIF-AJ32_BV1-CTCSAVGGAQDTQYF-BJ2-5,106.0,1,1,1,7,0,5,1,1,0,2,2,21,0
BL6-BALBc_HTxB,AV16D/DV11-CAMREETSSGQKLVF-AJ16*p02_BV13-1-CASSDRDAEQFF-BJ2-1,456.0,2,6,4,13,17,11,8,8,5,15,23,13,1
BL6-BALBc_HTxB,AV16D/DV11-CAMREDTNAYKVIF-AJ30_BV13-2-CASGEARANSDYTF-BJ1-2,311.0,4,1,5,82,10,8,1,3,0,13,21,7,0
BL6-BALBc_HTxB,AV16/DV11-CAMRESGNYKYVF-AJ40_BV13-2-CASGGQGAQNTLYF-BJ2-4,617.0,1,4,4,62,7,6,4,2,0,7,16,0,0
BL6-BALBc_HTxB,AV4-3-CAAEANSAGNKLTF-AJ17*p02_BV13-3-CASSQLAEQFF-BJ2-1,431.0,0,3,2,9,10,6,3,1,0,7,318,1,0
BL6-BALBc_HTxB,AV4-3-CAADTNAYKVIF-AJ30_BV3-CASSFGTGGYYEQYF-BJ2-7,1050.0,7,3,7,32,24,30,4,9,0,65,35,9,2
BL6-BALBc_HTxB,AV6-7/DV9-CALLSGGSNAKLTF-AJ42_BV13-2-CASGERHSNSDYTF-BJ1-2,139.0,0,1,1,15,9,6,0,1,0,1,4,2,1
BL6-BALBc_HTxB,AV19-CAADQGGSAKLIF-AJ57_BV20-CGARYTSANTEVFF-BJ1-1,57.0,1,1,3,20,4,5,0,7,0,4,5,2,0
BL6-BALBc_HTxB,AV9D-3-CAVSSSNTDKVVF-AJ34*p03_BV13-1-CASSDTRGDTEVFF-BJ1-1,115.0,8,2,0,7,9,9,2,3,3,4,32,6,0
BL6-BALBc_HTxB,AV6D-7-CALSEGKVVF-AJ34*p03_BV13-2-CASGERWGDYAEQFF-BJ2-1,1634.0,2,4,10,64,16,15,4,9,0,18,11,289,1
BL6-BALBc_HTxB,AV6-6-CALGTFSNTDKVVF-AJ34*p03_BV13-2-CASGETEYEQYF-BJ2-7,132.0,0,1,1,82,6,10,1,2,0,0,5,1,0
BL6-BALBc_HTxB,AV1-CAVRDSYAQGLTF-AJ26_BV13-1-CASSDDRVGNTLYF-BJ1-3,774.0,1,6,13,135,13,10,7,6,0,115,22,7,0
BL6-BALBc_HTxB,AV3-3-CAVDTNAYKVIF-AJ30_BV13-2-CASGDGGREQYF-BJ2-7,146.0,8,0,7,7,4,2,7,3,0,2,7,5,0
BL6-BALBc_HTxB,AV7D-4-CAAGNNYAQGLTF-AJ26_BV13-1-CASSAGGNYAEQFF-BJ2-1,66.0,3,2,1,2,4,2,2,6,0,3,8,2,0
BL6-BALBc_HTxB,AV9-1-CAVKDYAQGLTF-AJ26_BV29-CASTVNTGQLYF-BJ2-2,382.0,1,2,8,9,13,11,6,11,3,7,9,15,0
BL6-BALBc_HTxB,AV4-3-CAAESTGNYKYVF-AJ40_BV13-2-CASAPGQYAEQFF-BJ2-1,902.0,6,5,6,31,47,16,2,13,3,24,48,23,2
BL6-BALBc_HTxB,AV8-1-CATDPGSWQLIF-AJ22_BV13-2-CASGSGLGTSAETLYF-BJ2-3,147.0,1,2,2,7,3,11,1,2,0,6,6,6,0
BL6-BALBc_HTxB,AV7-3-CAVSSGQKLVF-AJ16*p02_BV31-CAWSPGNYAEQFF-BJ2-1,199.0,1,2,3,4,35,26,4,4,0,5,9,4,0
BL6-BALBc_HTxB,AV9-3-CAVSVSSGSWQLIF-AJ22_BV3-CASSWDISAETLYF-BJ2-3,1566.0,8,10,16,20,20,17,4,14,1,26,41,13,0
BL6-BALBc_HTxB,AV9-1-CAVSDNNRIFF-AJ31_BV13-1-CASSDTRGDTEVFF-BJ1-1,270.0,3,1,4,19,10,12,2,8,2,9,15,4,0
BL6-BALBc_HTxB,AV10-CAASMDSNYQLIW-AJ33_BV17-CASSFGQAGSGNTLYF-BJ1-3,99.0,0,2,2,8,7,6,5,12,1,8,22,2,0
BL6-BALBc_HTxB,AV6D-7-CALSDVGDNSKLIW-AJ38_BV13-1-CASSGGGWAEQFF-BJ2-1,119.0,1,5,1,7,3,7,3,1,1,5,298,2,2
BL6-BALBc_HTxB,AV16D/DV11-CAMREGDYAQGLTF-AJ26_BV1-CTCSGDRGLNSPLYF-BJ1-6,75.0,0,0,1,18,3,2,0,1,0,4,2,2,0
BL6-BALBc_HTxB,AV13-1-CAANTGANTGKLTF-AJ52_BV17-CASSPGQGHTGQLYF-BJ2-2,155.0,2,7,4,10,9,3,3,1,2,16,7,8,0
BL6-BALBc_HTxB,AV6-6-CALAGNQGGSAKLIF-AJ57_BV19-CASRIFSGGGNERLFF-BJ1-4,179.0,4,2,3,11,7,4,1,0,0,10,14,6,0
BL6-BALBc_HTxB,AV12-2-CALNTGYQNF-AJ49_BV13-2-CASGEQYEQYF-BJ2-7,241.0,1,0,1,12,8,100,0,7,0,5,11,2,0
BL6-BALBc_HTxB,AV3-3-CAVFNSAGNKLTF-AJ17*p02_BV1-CTCSAWTEGYAEQFF-BJ2-1,66.0,0,28,2,1,1,0,0,0,0,2,6,1,0
BL6-BALBc_HTxB,AV3-3-CAVSAVDSNYQLIW-AJ33_BV19-CASTPPLGGYAEQFF-BJ2-1,147.0,1,1,2,109,1,4,1,3,0,6,8,0,0
BL6-BALBc_HTxB,AV16D/DV11-CAMRGYDSGYNKLTF-AJ11*p02_BV13-1-CASSDINTEVFF-BJ1-1,71.0,2,0,2,3,24,18,1,2,6,3,17,3,0
BL6-BALBc_HTxB,AV6D-6-CALSLNNYAQGLTF-AJ26_BV1-CTCSAEYISNERLFF-BJ1-4,60.0,0,3,3,7,1,7,1,0,0,2,21,8,0
BL6-BALBc_HTxB,AV16D/DV11-CAMREANSGTYQRF-AJ13_BV1-CTCSADKVYAEQFF-BJ2-1,1915.0,0,3,12,148,26,7,3,9,3,18,33,12,2
BL6-BALBc_HTxB,AV12-2-CALSDRYGNEKITF-AJ48_BV29-CASSPLKGANSDYTF-BJ1-2,1625.0,4,2,8,25,79,24,5,14,0,35,47,13,1
BL6-BALBc_HTxB,AV8D-2-CATTGGADRLTF-AJ45_BV13-2-CASGESGQSNERLFF-BJ1-4,385.0,2,4,6,6,5,3,1,4,6,3,8,4,0
BL6-BALBc_HTxB,AV5-1-CSASTGGFASALTF-AJ35_BV2-CASSQDGAGANSDYTF-BJ1-2,1458.0,2,3,7,16,17,11,8,8,2,16,52,11,1
BL6-BALBc_HTxB,AV7-5-CASQGGNYQLIW-AJ33_BV19-CASSITGLAEQFF-BJ2-1,79.0,0,1,0,2,3,1,5,1,0,114,4,3,1
BL6-BALBc_HTxB,AV4-3-CAAEANSAGNKLTF-AJ17*p02_BV13-3-CASSQLAEQFF-BJ2-1,106.0,0,0,1,3,2,1,1,0,0,1,152,0,0
BL6-BALBc_HTxB,AV9-3-CAVNNNAGAKLTF-AJ39_BV13-1-CASSDVPDTGQLYF-BJ2-2,46.0,0,0,0,0,0,0,2,1,1,4,4,18,0
BL6-BALBc_HTxB,AV13-4/DV7-CAMDNAGAKLTF-AJ39_BV16-CASSLGDEQYF-BJ2-7,241.0,9,9,1,25,10,6,0,4,2,12,18,9,0
BL6-BALBc_HTxB,AV5D-4-CAASDMGYKLTF-AJ9_BV13-2-CASGDALGGFSYEQYF-BJ2-7,1094.0,1,4,5,30,39,16,6,9,0,21,40,176,0
BL6-BALBc_HTxB,AV14-1-CAAREPGGSAKLIF-AJ57_BV1-CTCSAARVNERLFF-BJ1-4,114.0,1,0,1,9,4,1,0,0,1,0,9,1,0
BL6-BALBc_HTxB,AV7D-3-CAVYQGGRALIF-AJ15_BV13-2-CASGDVLGGYEQYF-BJ2-7,205.0,0,1,13,4,7,2,6,6,0,8,8,3,2
BL6-BALBc_HTxB,AV16D/DV11-CAMREGSSGSWQLIF-AJ22_BV13-2-CASGERTGSYEQYF-BJ2-7,4021.0,2,3,11,27,39,11,6,7,1,37,32,22,1
BL6-BALBc_HTxB,AV16D/DV11-CAMREGFNYQLIW-AJ33_BV29-CASSLRGNNQAPLF-BJ1-5,244.0,5,1,1,20,10,7,4,8,2,10,13,5,0
BL6-BALBc_HTxB,AV7D-2-CAAADYSNNRLTL-AJ7_BV31-CAWSLRGLGTEVFF-BJ1-1,81.0,0,0,12,9,7,3,1,1,0,12,3,9,0
BL6-BALBc_HTxB,AV8D-2-CATDNNNAPRF-AJ43*p03_BV1-CTCSAGQPNTGQLYF-BJ2-2,123.0,0,2,4,7,2,5,2,3,1,2,7,2,0
BL6-BALBc_HTxB,AV7D-5-CAVRNYGNEKITF-AJ48_BV13-1-CASSDGGGNSPLYF-BJ1-6,19.0,1,0,1,2,2,1,0,0,0,2,2,3,0
BL6-BALBc_HTxB,AV5D-4-CAASGGSGNKLIF-AJ32_BV13-1-CASSAGYAEQFF-BJ2-1,117.0,1,0,1,4,8,3,0,2,1,7,145,1,0
BL6-BALBc_HTxB,AV6-7/DV9-CALGDQGGGADRLTF-AJ45_BV3-CASSFGTGGYYEQYF-BJ2-7,196.0,1,11,8,10,7,19,6,3,2,155,12,1,0
BL6-BALBc_HTxB,AV3D-3-CAVRNNYAQGLTF-AJ26_BV1-CACSAGTKIYEQYF-BJ2-7,191.0,2,0,4,6,3,2,0,3,0,82,7,1,0
BL6-BALBc_HTxB,AV1-CAVRDSYAQGLTF-AJ26_BV13-3-CASSGFPGGEQYF-BJ2-7,95.0,1,1,1,141,8,5,1,2,0,6,13,3,0
BL6-BALBc_HTxB,AV6-5-CALSDLYANKMIF-AJ47_BV3-CASSFGTGGYEQYF-BJ2-7,125.0,0,0,2,8,8,4,2,6,1,193,4,1,0
BL6-BALBc_HTxB,AV5-1-CSAKGTGNTRKLIF-AJ37*p02_BV13-2-CASGYRAPNSDYTF-BJ1-2,150.0,1,1,0,23,1,7,2,7,0,1,3,4,0
BL6-BALBc_HTxB,AV7D-2-CAAPNSAGNKLTF-AJ17*p02_BV13-1-CASRDNYAEQFF-BJ2-1,187.0,1,4,2,4,17,1,3,10,1,9,10,6,0
BL6-BALBc_HTxB,AV5-1-CSASNGAKLTF-AJ39_BV13-2-CASGDVTGGDSPLYF-BJ1-6,114.0,3,1,0,6,5,4,1,31,0,6,13,2,0
BL6-BALBc_HTxB,AV8-1-CATDADTGNYKYVF-AJ40_BV2-CASSQRRSGNTLYF-BJ1-3,800.0,2,6,12,59,15,13,2,4,1,38,26,11,0
BL6-BALBc_HTxB,AV16D/DV11-CAMREDTNAYKVIF-AJ30_BV13-2-CASGETGANSDYTF-BJ1-2,119.0,1,3,11,1,9,94,0,46,0,9,14,1,1
BL6-BALBc_HTxB,AV1-CAVRDSYAQGLTF-AJ26_BV13-1-CASSDDRVGNTLYF-BJ1-3,2.0,0,1,0,4,1,0,0,0,0,0,0,0,0
BL6-BALBc_HTxB,AV3D-3-CAVISNSGTYQRF-AJ13_BV13-1-CASSAANTEVFF-BJ1-1,86.0,0,6,7,3,1,4,5,2,0,8,16,7,0
BL6-BALBc_HTxB,AV6-6-CALGDDTGANTGKLTF-AJ52_BV13-2-CASGDWGGDTQYF-BJ2-5,175.0,1,0,2,16,6,6,1,2,1,13,10,9,0
BL6-BALBc_HTxB,AV10D-CAASPSSGSWQLIF-AJ22_BV19-CASSKDWGSSYEQYF-BJ2-7,178.0,1,1,1,1,4,5,0,1,3,3,120,3,0
BL6-BALBc_HTxB,AV12-2-CALSDQPYANKMIF-AJ47_BV5-CASSQAGQNTEVFF-BJ1-1,126.0,0,1,0,3,26,2,0,3,0,10,6,2,0
BL6-BALBc_HTxB,AV16D/DV11-CAMREGLGGSGNKLIF-AJ32_BV29-CASSWGTVYEQYF-BJ2-7,2633.0,1,6,8,90,14,15,10,4,6,18,54,23,1
BL6-BALBc_HTxB,AV7D-2-CAASEPSGSWQLIF-AJ22_BV4-CASSPTGIAEQFF-BJ2-1,189.0,0,1,5,18,7,7,0,1,1,3,7,2,0
BL6-BALBc_HTxB,AV6-6-CALGDPGSNYQLIW-AJ33_BV2-CASSQDWANTGQLYF-BJ2-2,42.0,0,1,0,10,0,3,0,0,0,2,3,0,0
BL6-BALBc_HTxB,AV10D-CAASHMGYKLTF-AJ9_BV1-CTCSATGGDTEVFF-BJ1-1,245.0,0,2,2,8,9,4,0,3,0,6,14,19,1
BL6-BALBc_HTxB,AV12-2-CALSDSSGSWQLIF-AJ22_BV1-CTCSAGDGNTLYF-BJ1-3,191.0,0,1,3,10,12,6,2,3,0,11,86,10,0
BL6-BALBc_HTxB,AV7-3-CAVILSSGIWLRIF-AJ22_BV13-2-CASGDVGANTGQLYF-BJ2-2,230.0,0,0,4,3,6,24,0,1,0,4,8,1,0
BL6-BALBc_HTxB,AV19-CAAGSSSSFSKLVF-AJ50_BV13-1-CASSEMVGDYEQYF-BJ2-7,281.0,1,1,8,6,10,18,1,2,2,17,16,1,0
BL6-BALBc_HTxB,AV12-2-CALSDQPYANKMIF-AJ47_BV5-CASSQAGQNTEVFF-BJ1-1,47.0,0,1,3,3,17,2,1,0,1,6,5,1,0
BL6-BALBc_HTxB,AV13-1-CAIGNYQLIW-AJ33_BV29-CASSPGTGDEQYF-BJ2-7,148.0,1,1,3,0,8,1,4,1,0,5,21,1,0
BL6-BALBc_HTxB,AV8D-2-CATVGNRIFF-AJ31_BV1-CTCSAVRISNERLFF-BJ1-4,2254.0,0,6,4,172,13,17,4,8,0,17,26,9,0
BL6-BALBc_HTxB,AV7-3-CAVSNQGGRALIF-AJ15_BV3-CASSQDRTGTSAETLYF-BJ2-3,58.0,1,1,2,5,237,4,0,0,0,1,5,1,0
BL6-BALBc_HTxB,AV8-1-CATDATSGIWQLIC-AJ22_BV4-CASTAANTEVFF-BJ1-1,167.0,0,3,10,0,12,6,0,3,0,8,179,6,1
BL6-BALBc_HTxB,AV6-6-CALGEDTGANTGKLTF-AJ52_BV17-CTSSPGQGHTGQLYF-BJ2-2,2500.0,6,6,15,32,23,30,10,19,0,28,69,19,2
BL6-BALBc_HTxB,AV6D-4-CALVDDSGYNKLTF-AJ11*p02_BV4-CASSLTDEQYF-BJ2-7,353.0,2,4,2,11,16,18,0,7,2,11,126,2,0
BL6-BALBc_HTxB,AV16D/DV11-CAMREDNNRIFF-AJ31_BV13-2-CASGEIATNTGQLYF-BJ2-2,158.0,0,1,3,13,3,12,3,1,0,3,8,2,0
BL6-BALBc_HTxB,AV9-3-CAALMPNYNVLYF-AJ21*p03_BV13-3-CASSKLGGYEQYF-BJ2-7,3518.0,6,5,10,30,41,58,4,14,3,22,46,11,0
BL6-BALBc_HTxB,AV10D-CAAGSGTYQRF-AJ13_BV13-1-CASSDAGGDSDYTF-BJ1-2,134.0,0,2,2,11,15,132,2,17,1,13,18,9,1
BL6-BALBc_HTxB,AV7D-3-CAVSNQGGRALIF-AJ15_BV23-CSSSQFRTGGAYNYAEQFF-BJ2-1,184.0,0,1,6,11,13,14,25,11,1,8,19,15,0
BL6-BALBc_HTxB,AV13D-1-CAMANTGNYKYVF-AJ40_BV13-2-CASGDWGGDTQYF-BJ2-5,313.0,5,5,7,50,10,13,5,6,1,12,15,13,2
BL6-BALBc_HTxB,AV8-1-CATDAGYANKMIF-AJ47_BV13-2-CASGDAWGINQAPLF-BJ1-5,387.0,5,8,8,48,15,28,4,13,1,13,27,8,0
BL6-BALBc_HTxB,AV16D/DV11-CAMREDGNEKITF-AJ48_BV20-CGAGGFSYEQYF-BJ2-7,95.0,1,0,5,15,208,6,1,2,1,8,12,2,1
BL6-BALBc_HTxB,AV7D-2-CAASDMGYKLTF-AJ9_BV13-2-CASGDAGGRGEVFF-BJ1-1,101.0,0,1,1,3,0,6,0,2,0,2,4,5,0
BL6-BALBc_HTxB,AV7-4-CAASWSNYQLIW-AJ33_BV5-CASSQDGNSDYTF-BJ1-2,73.0,1,0,1,5,7,3,6,140,0,2,11,1,2
BL6-BALBc_HTxB,AV19-CAAANTGYQNFYF-AJ49_BV17-CASSRDPWGGSAETLYF-BJ2-3,106.0,0,0,1,4,4,33,7,0,0,0,9,3,0
BL6-BALBc_HTxB,AV7-3-CAVSSGYNKLTF-AJ11*p02_BV1-CTCSADRRDYAEQFF-BJ2-1,204.0,3,14,0,4,9,4,1,1,0,7,7,1,0
BL6-BALBc_HTxB,AV16/DV11-CAMREDNAGAKLTF-AJ39_BV13-2-CASGDQGASGNTLYF-BJ1-3,156.0,2,4,2,6,240,9,5,0,3,6,7,2,0
BL6-BALBc_HTxB,AV17-CALERNTGNYKYVF-AJ40_BV4-CASSPTLNYAEQFF-BJ2-1,409.0,6,3,4,322,37,15,0,5,3,8,15,7,0
BL6-BALBc_HTxB,AV10-CAASKGTGYQNFYF-AJ49_BV1-CTCSAALGDSPLYF-BJ1-6,154.0,0,1,2,6,2,3,0,24,0,12,8,6,0
BL6-BALBc_HTxB,AV4-3-CAAEESGSWQLIF-AJ22_BV16-CASSLPGQDTQYF-BJ2-5,3891.0,1,11,15,24,21,23,10,16,1,41,27,7,0
BL6-BALBc_HTxB,AV7-4-CAASEHNNNAPRF-AJ43*p03_BV13-1-CASSETANTEVFF-BJ1-1,143.0,0,2,3,4,7,0,2,1,4,0,6,2,0
BL6-BALBc_HTxB,AV5D-4-CAASDMGYKLTF-AJ9_BV13-2-CASGDALGGFSYEQYF-BJ2-7,135.0,0,2,2,1,5,3,0,3,0,6,9,132,0
BL6-BALBc_HTxB,AV12-2-CALSDLTGNYKYVF-AJ40_BV13-3-CASSGSGGNTLYF-BJ1-3,175.0,0,1,1,1,3,81,0,1,1,3,4,4,0
BL6-BALBc_HTxB,AV9-2-CAASPANSGTYQRF-AJ13_BV14-CASSFPGRDYAEQFF-BJ2-1,304.0,0,2,8,14,13,14,3,6,0,16,17,5,1
BL6-BALBc_HTxB,AV2-CIVTDSYSNNRLTL-AJ7_BV1-CTCSAGRGDAEQFF-BJ2-1,236.0,1,2,2,312,7,6,0,1,1,5,7,2,0
BL6-BALBc_HTxB,AV13D-1-CATRNYQLIW-AJ33_BV1-CTCSVGTGGSTGQLYF-BJ2-2,663.0,7,9,15,39,45,30,4,24,7,26,84,944,0
BL6-BALBc_HTxB,AV13-1-CAANTGANTGKLTF-AJ52_BV17-CASSPGQGHTGQLYF-BJ2-2,102.0,0,1,0,2,0,1,2,0,1,1,7,1,0
BL6-BALBc_HTxB,AV12-2-CALKNNNNAPRF-AJ43*p03_BV1-CTCSADWGENTLYF-BJ2-4,1359.0,0,2,13,18,6,16,3,7,3,21,19,11,0
BL6-BALBc_HTxB,AV16/DV11-CAMREDSSNTDKVVF-AJ34*p03_BV5-CASSQDLGGQNTLYF-BJ2-4,80.0,0,4,1,1,13,8,1,4,0,2,156,1,2
BL6-BALBc_HTxB,AV12-3-CAPYGGSGNKLIF-AJ32_BV5-CASSQGLGGHEQYF-BJ2-7,79.0,1,2,1,2,11,4,5,1,0,1,12,131,0
BL6-BALBc_HTxB,AV16D/DV11-CAMREGEMPNYNVLYF-AJ21*p03_BV31-CAWSPGNYAEQFF-BJ2-1,73.0,0,1,0,3,148,8,2,1,2,5,3,8,0
BL6-BALBc_HTxB,AV3-4-CAVSGDTGYQNFYF-AJ49_BV13-2-CASGEWGRYAEQFF-BJ2-1,466.0,2,2,6,4,15,5,1,8,0,10,15,12,0
BL6-BALBc_HTxB,AV16D/DV11-CAMRDITGNTRKLIF-AJ37*p02_BV4-CASSYGAQYF-BJ2-7,131.0,1,1,2,5,6,7,4,7,0,9,250,2,0
BL6-BALBc_HTxB,AV16/DV11-CAMREGLANKMIF-AJ47_BV13-3-CANSLLEGAETLYF-BJ2-3,42.0,1,0,0,15,0,2,1,0,1,2,4,0,0
BL6-BALBc_HTxB,AV12-1-CALGSGTYQRF-AJ13_BV13-1-CASSPGGGQYF-BJ2-7,264.0,1,0,0,5,5,5,0,4,0,2,114,0,0
BL6-BALBc_HTxB,AV16/DV11-CAMREVDYANKMIF-AJ47_BV13-2-CASGERDLSGNTLYF-BJ1-3,150.0,0,0,3,5,10,3,11,4,1,3,10,1,0
BL6-BALBc_HTxB,AV16/DV11-CAMREDTGGADRLTF-AJ45_BV1-CTCSADRVNQAPLF-BJ1-5,24.0,0,0,5,1,2,6,4,0,0,5,120,1,0
BL6-BALBc_HTxB,AV6-1-CVLVPSSGSWQLIF-AJ22_BV13-3-CASSDQNSDYTF-BJ1-2,329.0,1,0,0,7,9,2,3,9,0,45,13,22,0
BL6-BALBc_HTxB,AV13-2-CAIDPNYNVLYF-AJ21*p03_BV4-CAAGGVNERLFF-BJ1-4,364.0,0,1,6,10,4,9,97,6,0,6,14,4,1
BL6-BALBc_HTxB,AV8D-2-CATVGNRIFF-AJ31_BV1-CTCSAVRISNERLFF-BJ1-4,161.0,2,2,1,53,3,4,1,2,1,9,5,3,0
BL6-BALBc_HTxB,AV6D-4-CALVYANKMIF-AJ47_BV19-CASSINSNYAEQFF-BJ2-1,176.0,0,3,2,3,6,4,6,0,0,0,6,2,0
BL6-BALBc_HTxB,AV3-3-CAVSAVDSNYQLIW-AJ33_BV19-CASTPPLGGYAEQFF-BJ2-1,77.0,0,0,2,99,7,4,0,1,1,19,8,4,0
BL6-BALBc_HTxB,AV16/DV11-CAMREGNTGNYKYVF-AJ40_BV13-2-CASGDLYEQYF-BJ2-7,18.0,0,3,0,0,58,8,0,1,0,2,6,1,1
BL6-BALBc_HTxB,AV16/DV11-CAMREGLANKMIF-AJ47_BV13-2-CASGETGGAYEQYF-BJ2-7,75.0,1,0,0,51,2,9,1,1,0,5,2,0,2
BL6-BALBc_HTxB,AV19-CAAANTGYQNFYF-AJ49_BV17-CASSRDPWGGSAETLYF-BJ2-3,109.0,1,4,4,9,10,24,7,7,0,4,6,7,0
BL6-BALBc_HTxB,AV16D/DV11-CAMRAANSGTYQRF-AJ13_BV13-2-CASGLDNSGNTLYF-BJ1-3,162.0,3,1,6,4,7,5,1,308,1,7,14,2,0
BL6-BALBc_HTxB,AV3-3-CAVSEGSSSFSKLVF-AJ50_BV13-2-CASGETGEDTQYF-BJ2-5,126.0,2,1,0,33,2,24,1,3,0,0,8,4,0
BL6-BALBc_HTxB,AV3-3-CAVMPNYNVLYF-AJ21*p03_BV13-2-CASGDLGTDNNQAPLF-BJ1-5,321.0,2,3,3,7,11,6,5,8,6,27,297,2,1
BL6-BALBc_HTxB,AV3-4-CAVSESGFASALTF-AJ35_BV19-CASSMTLSGNTLYF-BJ1-3,158.0,1,9,4,4,3,5,0,3,0,20,19,14,0
BL6-BALBc_HTxB,AV16D/DV11-CAMREGDNTDKVVF-AJ34*p03_BV13-2-CASGDLAGNSDYTF-BJ1-2,355.0,0,2,3,3,93,3,1,8,4,6,9,5,1
BL6-BALBc_HTxB,AV16D/DV11-CAMRAHYSNNRLTL-AJ7_BV13-2-CASGEQYEQYF-BJ2-7,355.0,3,9,10,65,16,78,5,4,0,10,22,9,0
BL6-BALBc_HTxB,AV4-3-CAAEADTGNYKYVF-AJ40_BV31-CAWSLWTGVEQYF-BJ2-7,196.0,2,4,113,9,8,11,8,8,0,10,15,4,0
BL6-BALBc_HTxB,AV19-CAAANTGYQNFYF-AJ49_BV17-CASSRDPWGGSAETLYF-BJ2-3,86.0,3,0,0,5,3,11,7,1,1,6,3,3,0
BL6-BALBc_HTxB,AV6-6-CALGDQANTDKVVF-AJ34*p03_BV14-CASSLGVNTEVFF-BJ1-1,810.0,4,8,4,7,13,11,50,5,0,20,34,5,1
BL6-BALBc_HTxB,AV9-4-CAAKGYSNTGANTGKLTF-AJ52_BV13-2-CASGEGRQYF-BJ2-7,614.0,4,9,8,16,15,13,3,30,2,20,26,3,0
BL6-BALBc_HTxB,AV7D-3-CAVSTSGYNKLTF-AJ11*p02_BV14-CASSFSASSGNTLYF-BJ1-3,405.0,6,19,7,19,23,14,17,6,0,17,28,8,0
BL6-BALBc_HTxB,AV19-CAAANTGYQNFYF-AJ49_BV17-CASSRDPWGGSAETLYF-BJ2-3,157.0,0,0,9,5,7,17,2,2,0,2,11,1,0
BL6-BALBc_HTxB,AV7-5-CAMSMSSGSWQLIF-AJ22_BV31-CAWSLVSSPLYF-BJ1-6,322.0,4,2,4,108,5,8,1,0,1,7,14,3,0
BL6-BALBc_HTxB,AV3-4-CAVSAGYQNFYF-AJ49_BV31-CAWSHTGRQYF-BJ2-7,56.0,0,0,106,5,2,0,0,0,6,1,1,2,0
BL6-BALBc_HTxB,AV12-2-CALSPLNNYAQGLTF-AJ26_BV5-CASSQVGAEVFF-BJ1-1,52.0,1,0,5,1,4,2,1,9,4,1,7,0,0
BL6-BALBc_HTxB,AV7-3-CAVSPDYANKMIF-AJ47_BV13-1-CASSDRQAPLF-BJ1-5,94.0,2,0,4,3,24,3,1,3,2,7,10,2,0
BL6-BALBc_HTxB,AV7-3-CAVDYANKMIF-AJ47_BV2-CASSQDRISYEQYF-BJ2-7,77.0,1,0,5,2,8,4,0,2,0,5,8,10,0
BL6-BALBc_HTxB,AV3-3-CAVSEESNYQLIW-AJ33_BV13-1-CASSADWVYEQYF-BJ2-7,82.0,7,0,4,5,6,5,1,3,3,1,80,7,0
BL6-BALBc_HTxB,AV5D-4-CAASDMGYKLTF-AJ9_BV13-2-CASGDALGGFSYEQYF-BJ2-7,201.0,2,1,3,8,2,5,0,2,0,9,12,16,1
BL6-BALBc_HTxB,AV10D-CAASHMGYKLTF-AJ9_BV13-2-CASGTGDERLFF-BJ1-4,116.0,56,2,12,6,7,5,0,1,0,1,23,3,1
BL6-BALBc_HTxB,AV9-3-CAVSIHYGNEKITF-AJ48_BV13-1-CASSGDRGYNSPLYF-BJ1-6,159.0,3,4,2,11,15,19,8,28,1,9,25,10,2
BL6-BALBc_HTxB,AV16/DV11-CAMRETGNYKYVF-AJ40_BV13-2-CASGDAWGINQAPLF-BJ1-5,78.0,2,1,1,7,8,8,2,0,0,5,7,0,0
BL6-BALBc_HTxB,AV9D-3-CAVSPDTNAYKVIF-AJ30_BV13-2-CASGDWGRGEQYF-BJ2-7,168.0,1,2,134,4,11,8,0,3,1,8,13,4,0
BL6-BALBc_HTxB,AV15D-1/DV6D-1-CALWEPNTNTGKLTF-AJ27_BV17-CASSSGAEQFF-BJ2-1,45.0,2,3,0,3,3,2,8,0,0,4,13,4,0
BL6-BALBc_HTxB,AV14-1-CAARGDYSNNRLTL-AJ7_BV1-CTCSALNYAEQFF-BJ2-1,154.0,0,1,3,46,3,6,2,1,2,6,10,1,0
BL6-BALBc_HTxB,AV6-6-CALGGPNYNVLYF-AJ21*p03_BV13-3-CASSEQGISNERLFF-BJ1-4,171.0,2,2,4,4,8,5,1,1,3,15,10,1,0
BL6-BALBc_HTxB,AV8D-1-CATDPSSGSWQLIF-AJ22_BV4-CASSFNERLFF-BJ1-4,52.0,1,0,0,4,1,5,2,1,0,6,47,1,1
BL6-BALBc_HTxB,AV13-1-CAPASSSFSKLVF-AJ50_BV19-CASSAGYNSPLYF-BJ1-6,166.0,2,3,5,22,12,13,4,7,4,24,26,10,1
BL6-BALBc_HTxB,AV7-4-CADNTNTGKLTF-AJ27_BV12-2-CASSLEQGEDTQYF-BJ2-5,91.0,15,1,2,8,3,11,3,3,0,6,11,2,0
BL6-BALBc_HTxB,AV1-CAVRDSYAQGLTF-AJ26_BV13-1-CASSDDRVGNTLYF-BJ1-3,2095.0,7,1,7,153,18,23,7,4,4,32,50,5,0
BL6-BALBc_HTxB,AV7D-5-CAVSMVGTGGYKVVF-AJ12_BV16-CASSLDITGGSAETLYF-BJ2-3,2447.0,4,11,11,50,21,23,9,13,0,33,49,13,1
BL6-BALBc_HTxB,AV7D-2-CAAHTGNYKYVF-AJ40_BV13-2-CASGDNYEQYF-BJ2-7,124.0,7,2,1,12,387,10,6,26,2,15,25,16,0
BL6-BALBc_HTxB,AV16D/DV11-CAMRDPYGGSGNKLIF-AJ32_BV4-CASSYGEQYF-BJ2-7,464.0,2,1,6,228,9,11,2,4,0,13,15,2,1
BL6-BALBc_HTxB,AV16/DV11-CAMREDSSNTDKVVF-AJ34*p03_BV1-CTCSAVRAEVFF-BJ1-1,82.0,0,0,2,1,5,0,0,0,1,2,6,34,0
BL6-BALBc_HTxB,AV9D-3-CAVSPDTNAYKVIF-AJ30_BV13-2-CASGDWGRGEQYF-BJ2-7,254.0,0,0,31,7,11,5,1,1,0,6,18,1,0
BL6-BALBc_HTxB,AV6-6-CALVMDYANKMIF-AJ47_BV3-CASSSGQNYAEQFF-BJ2-1,31.0,0,0,0,3,11,1,0,1,0,62,5,1,0
BL6-BALBc_HTxB,AV3-1-CAVSASSGSWQLIF-AJ22_BV13-2-CASGGIYEQYF-BJ2-7,1423.0,3,11,22,29,196,32,5,28,2,35,208,13,2
BL6-BALBc_HTxB,AV13D-2-CAIDPNNNRIFF-AJ31_BV1-CTCSAAGGDTEVFF-BJ1-1,141.0,2,1,0,5,12,4,37,0,2,10,6,3,2
BL6-BALBc_HTxB,AV5-4-CAASAGNYKYVF-AJ40_BV13-1-CASSPGQTEVFF-BJ1-1,490.0,2,5,13,29,27,28,3,6,3,16,135,6,1
BL6-BALBc_HTxB,AV4-3-CAADGNYQLIW-AJ33_BV13-3-CASSEAGSNTGQLYF-BJ2-2,434.0,0,4,4,8,17,7,3,2,2,18,13,10,1
BL6-BALBc_HTxB,AV14-3-CAATPSSSFSKLVF-AJ50_BV14-CASTLGAYEQYF-BJ2-7,128.0,5,3,6,12,6,7,0,5,3,13,10,10,0
BL6-BALBc_HTxB,AV16D/DV11-CAMREINTGNYKYVF-AJ40_BV13-3-CASRGTGVYAEQFC-BJ2-1,172.0,0,0,0,8,35,1,3,0,0,5,6,2,0
BL6-BALBc_HTxB,AV16/DV11-CAMREGNTGNYKYVF-AJ40_BV13-2-CASGGIYEQYF-BJ2-7,150.0,3,4,1,12,355,8,1,6,0,20,12,6,2
BL6-BALBc_HTxB,AV20-CAPGMPGGSNAKLTF-AJ42_BV14-CASSWDRETANTEVFF-BJ1-1,266.0,2,3,17,7,27,18,7,4,1,21,9,26,2
BL6-BALBc_HTxB,AV16D/DV11-CAMREVLTSGGNYKPTF-AJ6_BV3-CASSPDWGSQNTLYF-BJ2-4,59.0,0,0,0,48,4,6,0,2,0,3,8,0,0
BL6-BALBc_HTxB,AV16D/DV11-CAMRNYAQGLTF-AJ26_BV13-2-CASGGGGGEQYF-BJ2-7,24.0,1,0,0,12,5,2,2,6,1,6,10,1,0
BL6-BALBc_HTxB,AV6-5-CALSDLYANKMIF-AJ47_BV2-CASSQGGHPSGNTLYF-BJ1-3,93.0,2,1,2,18,3,4,0,3,5,5,30,18,2
BL6-BALBc_HTxB,AV16/DV11-CAMRESGNYKYVF-AJ40_BV13-2-CASGGQGAQNTLYF-BJ2-4,320.0,0,0,2,85,4,5,1,4,0,6,5,2,0
BL6-BALBc_HTxB,AV6D-4-CALDSNYQLIW-AJ33_BV13-2-CASGDNYEQYF-BJ2-7,249.0,1,1,7,3,16,9,1,9,1,6,20,8,1
BL6-BALBc_HTxB,AV16D/DV11-CAMREDTNAYKVIF-AJ30_BV13-2-CASGETGANSDYTF-BJ1-2,1772.0,5,6,8,30,24,198,6,238,2,16,25,16,2
BL6-BALBc_HTxB,AV12-2-CALKNNNNAPRF-AJ43*p03_BV13-2-CASGDNYEQYF-BJ2-7,43.0,2,2,0,9,18,0,4,0,0,3,3,1,0
BL6-BALBc_HTxB,AV16D/DV11-CAMREDGTGGYKVVF-AJ12_BV13-2-CASGAPGSGQLYF-BJ2-2,61.0,3,1,2,6,1,1,0,5,1,19,5,3,1
BL6-BALBc_HTxB,AV7-3-CAVPNTDKVVF-AJ34*p03_BV29-CASSSGAKDTQYF-BJ2-5,1676.0,2,1,7,9,12,18,2,4,1,13,14,10,0
BL6-BALBc_HTxB,AV9-4-CAVSSPDTNAYKVIF-AJ30_BV13-2-CASGASGGNTLYF-BJ1-3,124.0,0,1,0,8,3,0,1,12,0,4,9,4,0
BL6-BALBc_HTxB,AV3-3-CAVSDYAQGLTF-AJ26_BV19-CASSPNRGGDTLYF-BJ2-4,167.0,0,2,2,3,8,6,2,4,3,3,6,13,0
BL6-BALBc_HTxB,AV12-3-CAPYGGSGNKLIF-AJ32_BV1-CTCSGTGGDTEVFF-BJ1-1,202.0,1,2,0,2,7,2,0,2,1,3,9,160,0
BL6-BALBc_HTxB,AV16D/DV11-CAMRVSNTGYQNFYF-AJ49_BV1-CTCSEDRVYAEQFF-BJ2-1,139.0,0,2,1,0,3,3,0,1,0,4,5,14,0
BL6-BALBc_HTxB,AV4-3-CAAEADTGNYKYVF-AJ40_BV31-CAWSLWTGVEQYF-BJ2-7,175.0,0,1,31,6,4,3,4,2,0,2,10,0,0
BL6-BALBc_HTxB,AV9-2-CAASTNAYKVIF-AJ30_BV1-CTWSGGAGTEVFF-BJ1-1,1194.0,4,0,3,10,8,14,1,10,1,5,17,7,1
BL6-BALBc_HTxB,AV16D/DV11-CAMRAHYSNNRLTL-AJ7_BV13-2-CASGEQYEQYF-BJ2-7,86.0,0,1,2,6,8,66,0,1,0,2,5,0,1
BL6-BALBc_HTxB,AV16D/DV11-CAMREGDNAGAKLTF-AJ39_BV13-2-CASGGWGVEQFF-BJ2-1,42.0,3,0,0,5,1,2,0,1,0,0,2,0,0
BL6-BALBc_HTxB,AV10-CAASPDYANKMIF-AJ47_BV3-CASSRDKQDTQYF-BJ2-5,527.0,28,2,2,138,7,14,1,6,0,11,21,6,1
BL6-BALBc_HTxB,AV16D/DV11-CAMREDTNAYKVIF-AJ30_BV1-CTCSAAGADTEVFF-BJ1-1,345.0,2,5,4,8,10,7,0,7,0,18,11,24,0
BL6-BALBc_HTxB,AV14-2-CAASANNNAGAKLTF-AJ39_BV3-CASSPWDIANSDYTF-BJ1-2,612.0,0,4,3,15,20,11,3,4,4,10,931,15,0
BL6-BALBc_HTxB,AV10D-CAASMDYANKMIF-AJ47_BV3-CASSTTGGQDTQYF-BJ2-5,588.0,4,0,6,11,9,7,0,2,1,146,22,6,0
BL6-BALBc_HTxB,AV6D-6-CALSDNRIFF-AJ31_BV13-1-CASSDPTGAYEQYF-BJ2-7,58.0,1,1,2,2,3,4,0,1,0,1,108,1,0
BL6-BALBc_HTxB,AV12-2-CALNSGSWQLIF-AJ22_BV19-CASSIVRTGGEAEQFF-BJ2-1,975.0,7,6,8,16,9,15,1,1,10,14,88,7,1
BL6-BALBc_HTxB,AV16D/DV11-CAMREDNNRIFF-AJ31_BV13-2-CASGEIATNTGQLYF-BJ2-2,84.0,0,0,1,49,2,8,0,2,1,1,6,3,0
BL6-BALBc_HTxB,AV16D/DV11-CAMREDNNRIFF-AJ31_BV13-2-CASGEIATNTGQLYF-BJ2-2,102.0,3,1,0,67,1,9,0,5,0,5,4,1,0
BL6-BALBc_HTxB,AV9D-3-CAVSPDTNAYKVIF-AJ30_BV13-2-CASGDWGRGEQYF-BJ2-7,367.0,0,2,92,12,6,5,0,4,0,9,12,4,0
BL6-BALBc_HTxB,AV16/DV11-CAMREDTGYQNFYF-AJ49_BV31-CAWSLGVYAEQFF-BJ2-1,388.0,3,8,10,16,436,16,1,10,1,14,24,7,2
BL6-BALBc_HTxB,AV16D/DV11-CAMREGDSNYQLIW-AJ33_BV13-2-CASGYRAPNSDYTF-BJ1-2,1501.0,0,3,7,56,11,8,3,7,0,18,20,5,1
BL6-BALBc_HTxB,AV1-CAVRDSYAQGLTF-AJ26_BV13-1-CASSDDRVGNTLYF-BJ1-3,739.0,6,5,16,254,22,29,1,6,3,34,51,4,0
BL6-BALBc_HTxB,AV3-1-CAVASYAQGLTF-AJ26_BV1-CTCSESGQSQNTLYF-BJ2-4,175.0,0,2,13,9,8,8,1,4,0,18,11,5,0
BL6-BALBc_HTxB,AV3-3-CAVDTNAYKVIF-AJ30_BV13-2-CASGDGGREQYF-BJ2-7,132.0,0,0,1,2,0,5,0,1,1,5,25,2,0
BL6-BALBc_HTxB,AV3D-3-CAVSDPSGSWQLIF-AJ22_BV13-2-CASGGDRGLGQLYF-BJ2-2,141.0,0,0,11,12,4,8,1,4,2,6,21,3,0
BL6-BALBc_HTxB,AV6-6-CALGDRGQQGTGSKLSF-AJ58_BV1-CTCSALNYAEQFF-BJ2-1,99.0,0,0,0,5,2,0,0,1,0,3,3,3,1
BL6-BALBc_HTxB,AV7-1-CAPDSGYNKLTF-AJ11*p02_BV13-2-CASGDAFGDEQYF-BJ2-7,129.0,0,2,3,3,3,8,1,5,2,1,5,3,0
BL6-BALBc_HTxB,AV16D/DV11-CAMRAHYSNNRLTL-AJ7_BV13-2-CASGEQYEQYF-BJ2-7,87.0,1,1,0,0,3,137,0,0,0,1,11,4,2
BL6-BALBc_HTxB,AV13-1-CAMELSSGSWQLIF-AJ22_BV4-CASSYGEQYF-BJ2-7,63.0,4,1,3,5,10,5,0,1,0,3,164,1,0
BL6-BALBc_HTxB,AV6D-7-CALSVRIFF-AJ31_BV13-2-CASGDWGGDTQYF-BJ2-5,195.0,3,3,3,16,7,11,1,3,0,11,17,1,0
BL6-BALBc_HTxB,AV4D-3-CAAEYQGGRALIF-AJ15_BV13-1-CASSDAGVYEQYF-BJ2-7,81.0,0,1,1,2,5,3,4,1,0,14,3,2,0
BL6-BALBc_HTxB,AV8D-2-CATVGNRIFF-AJ31_BV1-CTCSAVRISNERLFF-BJ1-4,738.0,0,4,11,71,16,18,2,8,4,17,133,10,0
BL6-BALBc_HTxB,AV12-2-CALSDQPYANKMIF-AJ47_BV5-CASSQAGQNTEVFF-BJ1-1,126.0,0,1,10,8,16,4,1,2,0,5,10,5,0
BL6-BALBc_HTxB,AV16/DV11-CAMREGGGASSSFSKLVF-AJ50_BV16-CASSLGAGPYEQYF-BJ2-7,207.0,1,4,3,5,9,9,2,3,0,10,16,3,0
BL6-BALBc_HTxB,AV16D/DV11-CAMREDQGGRALIF-AJ15_BV1-CTCSGQGALYEQYF-BJ2-7,46.0,0,1,4,26,18,5,2,3,0,8,32,2,2
BL6-BALBc_HTxB,AV8-1-CATDGGSALGRLHF-AJ18_BV1-CTCSADPETETLYF-BJ2-3,127.0,4,0,0,4,4,5,4,0,0,4,6,39,0
BL6-BALBc_HTxB,AV3-3-CAVSAGGADRLTF-AJ45_BV29-CAIRDIQDTQYF-BJ2-5,45.0,0,0,2,3,0,3,0,1,0,4,3,6,0
BL6-BALBc_HTxB,AV6D-7-CALSDMGYKLTF-AJ9_BV13-2-CASGDVDSYNSPLYF-BJ1-6,384.0,4,0,5,16,14,9,4,9,1,12,17,7,0
BL6-BALBc_HTxB,AV6D-7-CALRYGGSGNKLIF-AJ32_BV3-CASSLGTGDTQYF-BJ2-5,166.0,4,0,7,14,9,12,2,1,2,347,30,3,0
BL6-BALBc_HTxB,AV6-4-CALVDRGTQVVGQLTF-AJ5*p02_BV14-CASSFPTSAETLYF-BJ2-3,120.0,4,1,0,89,2,4,3,3,0,10,12,1,1
BL6-BALBc_HTxB,AV19-CAAANTGYQNFYF-AJ49_BV17-CASSRDPWGGSAETLYF-BJ2-3,17.0,0,0,1,0,0,13,0,0,0,3,3,2,0
BL6-BALBc_HTxB,AV6-7/DV9-CALGPDTNAYKVIF-AJ30_BV19-CASSMGQYEQYF-BJ2-7,675.0,7,1,3,8,5,1,4,4,0,6,16,6,0
BL6-BALBc_HTxB,AV9-3-CAVNNNAGAKLTF-AJ39_BV13-1-CASSDVPDTGQLYF-BJ2-2,63.0,0,1,0,2,3,5,0,0,0,5,4,52,0
BL6-BALBc_HTxB,AV13-1-CAMEDNRIFF-AJ31_BV13-2-CASGDWGYERLFF-BJ1-4,1152.0,5,3,6,7,18,10,2,14,2,12,16,2,1
BL6-BALBc_HTxB,AV4-3-CAGYTGGADRLTF-AJ45_BV29-CASKQGYQDTQYF-BJ2-5,369.0,3,7,4,6,11,4,7,11,0,8,15,12,0
BL6-BALBc_HTxB,AV3-1-CAVTNSAGNKLTF-AJ17*p02_BV13-1-CASSGGYAEQFF-BJ2-1,141.0,1,2,5,11,10,8,1,3,1,9,51,4,1
BL6-BALBc_HTxB,AV16/DV11-CAMREGSNTDKVVF-AJ34*p03_BV13-2-CASGEQVPNERLFF-BJ1-4,109.0,0,2,0,30,2,3,0,10,0,7,4,7,2
BL6-BALBc_HTxB,AV9-4-CAVSSPDTNAYKVIF-AJ30_BV13-2-CASGASGGNTLYF-BJ1-3,325.0,1,1,5,5,5,11,3,13,1,8,9,6,0
BL6-BALBc_HTxB,AV6D-7-CALSDVGDNSKLIW-AJ38_BV19-CASSIVRTGGEAEQFF-BJ2-1,397.0,3,5,5,4,7,8,0,6,10,10,266,3,0
BL6-BALBc_HTxB,AV13-1-CAMEDNRIFF-AJ31_BV13-2-CASGDWGYERLFF-BJ1-4,1093.0,5,3,17,14,27,12,2,7,5,22,42,19,0
BL6-BALBc_HTxB,AV4-3-CAAHVNTGNYKYVF-AJ40_BV13-3-CASSDIGNTLYF-BJ2-4,1991.0,1,4,8,18,16,15,6,12,1,16,83,4,0
BL6-BALBc_HTxB,AV3-3-CAVSAYGGSGNKLIF-AJ32_BV4-CASSYDWSSQNTLYF-BJ2-4,144.0,2,5,0,4,5,3,5,10,0,18,12,11,0
BL6-BALBc_HTxB,AV7-4-CAARMDYANKMIF-AJ47_BV13-3-CASSDTNTEVFF-BJ1-1,278.0,0,4,1,7,8,10,6,1,0,17,10,1,0
BL6-BALBc_HTxB,AV2-CIVTDSYSNNRLTL-AJ7_BV1-CTCSAGRGDAEQFF-BJ2-1,192.0,0,0,1,185,5,4,3,2,0,4,9,1,0
BL6-BALBc_HTxB,AV13D-1-CAMEGNMGYKLTF-AJ9_BV13-2-CASGDVYEQYF-BJ2-7,203.0,1,1,1,6,5,5,0,2,0,50,7,2,0
BL6-BALBc_HTxB,AV16D/DV11-CAMRENSGYNKLTF-AJ11*p02_BV13-2-CASGETGGREQYF-BJ2-7,115.0,1,0,1,14,4,2,0,3,0,0,6,1,0
BL6-BALBc_HTxB,AV8-1-CATDHNYAQGLTF-AJ26_BV2-CASSQDWGVQDTQYF-BJ2-5,231.0,0,1,0,35,3,6,0,55,1,3,9,4,0
BL6-BALBc_HTxB,AV13-1-CAPASSSFSKLVF-AJ50_BV19-CASSAGYNSPLYF-BJ1-6,435.0,0,5,16,18,14,11,4,12,2,14,13,10,0
BL6-BALBc_HTxB,AV3D-3-CAVSEPSGSWQLIF-AJ22_BV14-CASRDRAEQYF-BJ2-7,348.0,2,4,3,6,7,5,0,4,41,8,7,3,1
BL6-BALBc_HTxB,AV16/DV11-CAMREGPQGGSAKLIF-AJ57_BV1-CTCSADRVYAEQFF-BJ2-1,98.0,1,78,2,3,14,2,4,4,0,17,10,4,0
BL6-BALBc_HTxB,AV17-CALEGRNNNPPRF-AJ43*p03_BV29-CASGQGGTGQLYF-BJ2-2,88.0,0,1,2,1,3,4,1,145,0,6,10,1,0
BL6-BALBc_HTxB,AV9-3-CAVGSNYQLIW-AJ33_BV13-1-CASSDAGGVYEQYF-BJ2-7,302.0,3,6,3,5,7,4,1,5,0,8,13,10,0
BL6-BALBc_HTxB,AV5-1-CSASVDYAQGLTF-AJ26_BV31-CAWSPGTQNTLYF-BJ2-4,68.0,0,0,2,2,3,19,1,0,0,3,5,2,1
BL6-BALBc_HTxB,AV5D-4-CAASDMGYKLTF-AJ9_BV13-2-CASGDALGGFSYEQYF-BJ2-7,933.0,1,0,0,6,5,5,1,2,0,6,17,113,0
BL6-BALBc_HTxB,AV5-1-CSASVDYAQGLTF-AJ26_BV31-CAWSPGTQNTLYF-BJ2-4,3126.0,1,9,12,32,22,53,4,11,3,279,38,18,0
BL6-BALBc_HTxB,AV6-4-CALVEGGGRGNKLIF-AJ32_BV5-CASSPHWDYAEQFF-BJ2-1,64.0,1,2,0,3,5,0,0,0,0,1,2,17,0
BL6-BALBc_HTxB,AV8D-1-CATDADTGNYKYVF-AJ40_BV2-CASSQRSGTPSDYTF-BJ1-2,241.0,0,0,5,3,3,4,1,3,0,193,17,0,0
BL6-BALBc_HTxB,AV3-4-CAVSAEDYANKMIF-AJ47_BV13-1-CASSDVGGLNTGQLYF-BJ2-2,226.0,2,1,3,12,12,73,1,4,0,14,20,7,0
BL6-BALBc_HTxB,AV3-1-CAVNNYNVLYF-AJ21*p03_BV1-CTCSANRGTEVFF-BJ1-1,612.0,2,1,12,13,19,11,1,19,0,21,32,13,0
BL6-BALBc_HTxB,AV3-4-CAVTQSSGSWQLIF-AJ22_BV4-CASSYGSDYTF-BJ1-2,352.0,2,1,6,8,24,10,0,6,2,13,640,5,1
BL6-BALBc_HTxB,AV8-1-CATPPNTGKLTF-AJ27_BV1-CTCSARLGASAETLYF-BJ2-3,125.0,6,2,5,7,13,9,3,5,0,4,8,6,0
BL6-BALBc_HTxB,AV9D-3-CAVSPDTNAYKVIF-AJ30_BV13-2-CASGDWGRGEQYF-BJ2-7,113.0,0,2,36,5,8,5,1,1,0,4,8,1,0
BL6-BALBc_HTxB,AV6-6-CALGGGSALGRLHF-AJ18_BV14-CASRDRAEQFF-BJ2-1,51.0,3,0,0,2,3,2,0,0,0,3,13,1,1
BL6-BALBc_HTxB,AV16/DV11-CAMREGGGASSSFSKLVF-AJ50_BV1-CTCSGDRVGNTLYF-BJ1-3,332.0,5,2,8,10,22,6,4,8,0,19,13,5,0
BL6-BALBc_HTxB,AV7D-2-CAALLSGSFNKLTF-AJ4_BV13-3-CASRPGTGYEQYF-BJ2-7,86.0,0,3,0,14,4,3,0,3,0,5,2,0,0
BL6-BALBc_HTxB,AV16/DV11-CAMREAGAGNTRKLIF-AJ37*p02_BV13-2-CASGDAGGSGNTLYF-BJ1-3,1169.0,2,3,10,32,15,17,8,9,4,41,39,8,0
BL6-BALBc_HTxB,AV10D-CAASRAGGYNVVC-AJ12_BV13-2-CASGDAPDNTQYF-BJ2-5,2991.0,1,1,10,25,26,23,7,9,3,31,26,13,0
BL6-BALBc_HTxB,AV7D-5-CAVSSGGNYKPTF-AJ6_BV3-CASSQDRTGTSAETLYF-BJ2-3,312.0,1,3,5,12,343,13,0,10,1,17,23,3,1
BL6-BALBc_HTxB,AV16/DV11-CAMRESGNYKYVF-AJ40_BV13-2-CASGGQGAQNTLYF-BJ2-4,628.0,1,6,3,159,17,12,6,4,0,14,33,7,2
BL6-BALBc_HTxB,AV6-7/DV9-CALGDQGGGADRLTF-AJ45_BV3-CASSFGTGGYYEQYF-BJ2-7,93.0,1,2,2,4,4,5,0,2,0,41,8,2,0
BL6-BALBc_HTxB,AV16D/DV11-CAMREPSSGSWQLIL-AJ22_BV1-CTCSAAGADTEVFF-BJ1-1,55.0,0,1,1,1,3,1,0,0,0,3,4,9,0
BL6-BALBc_HTxB,AV12-2-CALSEDTGYQNFYF-AJ49_BV16-CASSLDGEGGQDTQYF-BJ2-5,234.0,14,4,4,5,5,3,5,3,0,14,10,3,0
BL6-BALBc_HTxB,AV16D/DV11-CAMREGSGTYQRF-AJ13_BV1-CTCSADRLNNQAPLF-BJ1-5,567.0,1,2,2,12,16,5,8,11,0,15,16,7,1
BL6-BALBc_HTxB,AV19-CAAANTGYQNFYF-AJ49_BV17-CASSRDPWGGSAETLYF-BJ2-3,89.0,0,0,0,3,6,20,0,2,0,2,5,4,0
BL6-BALBc_HTxB,AV1-CAVRDSYAQGLTF-AJ26_BV13-1-CASSDERVGNTLYF-BJ1-3,158.0,2,4,3,258,12,3,3,10,1,14,14,5,0
BL6-BALBc_HTxB,AV9D-3-CAVSPDTNAYKVIF-AJ30_BV13-2-CASGDWGRGEQYF-BJ2-7,250.0,0,1,43,1,0,0,0,1,0,6,6,1,0
BL6-BALBc_HTxB,AV3-3-CAVSEDSGYNKLTF-AJ11*p02_BV2-CASSHTDRYAEQFF-BJ2-1,64.0,0,0,1,45,1,4,0,1,0,9,3,0,0
BL6-BALBc_HTxB,AV17-CALGTGANTGKLTF-AJ52_BV4-CASSAGTGYEQYF-BJ2-7,355.0,1,5,12,13,10,8,2,10,0,24,9,6,0
BL6-BALBc_HTxB,AV12D-2-CALKHDSGYNKLTF-AJ11*p02_BV5-CASSQGQGLYAEQFF-BJ2-1,79.0,0,2,2,2,8,3,0,7,0,3,12,5,0
BL6-BALBc_HTxB,AV14-2-CAASGASGGNYKPTF-AJ6_BV15-CASSPGLGGWEQYF-BJ2-7,2547.0,2,1,8,16,17,5,4,2,4,8,14,10,1
BL6-BALBc_HTxB,AV4D-3-CAAEDNYAQGLTF-AJ26_BV14-CASSFTYEQYF-BJ2-7,152.0,0,1,2,6,9,79,0,4,0,9,9,0,2
BL6-BALBc_HTxB,AV13-1-CAMELSSGSWQLIF-AJ22_BV4-CASSYGEQYF-BJ2-7,1734.0,5,1,3,18,12,17,3,7,0,15,315,6,0
BL6-BALBc_HTxB,AV6D-6-CALTSNNNRIFF-AJ31_BV19-CASSTQGGDTQYF-BJ2-5,194.0,0,1,12,1,20,9,15,22,0,15,27,24,0
BL6-BALBc_HTxB,AV5-4-CAASVNNNNAPRF-AJ43*p03_BV29-CASSFWGSYAEQFF-BJ2-1,4.0,0,0,0,0,0,0,0,0,0,0,1,0,0
BL6-BALBc_HTxB,AV16D/DV11-CAMREGTGSWQLIF-AJ22_BV13-2-CASGDLGTDNNQAPLF-BJ1-5,160.0,17,9,14,17,11,4,15,10,17,47,259,16,2
BL6-BALBc_HTxB,AV13-2-CAIGYAQGLTF-AJ26_BV13-3-CASSDGWGGYEQYF-BJ2-7,267.0,0,3,23,12,4,2,1,3,0,1,11,1,0
BL6-BALBc_HTxB,AV3D-3-CAVSGSALGRLHF-AJ18_BV13-1-CASSDPTGDEQYF-BJ2-7,2254.0,11,2,16,35,28,22,8,113,3,30,58,73,2
BL6-BALBc_HTxB,AV3-1-CAVSAASSGSWQLIF-AJ22_BV13-3-CASSRDRGDTEVFF-BJ1-1,135.0,43,1,1,3,5,4,0,4,0,1,6,1,0
BL6-BALBc_HTxB,AV6-6-CALGDPPNTDKVV-AJ34*p03_BV1-CTCSADKVYAEQFF-BJ2-1,93.0,0,0,1,43,2,4,1,0,1,6,9,2,2
BL6-BALBc_HTxB,AV17-CALEGSNTDKVVF-AJ34*p03_BV13-2-CASGGFRDRGTEVFF-BJ1-1,140.0,0,0,0,8,3,2,1,1,0,3,5,3,0
BL6-BALBc_HTxB,AV16D/DV11-CAMREGNTGNYKYVF-AJ40_BV13-2-CASGDLYEQYF-BJ2-7,269.0,2,3,5,15,34,9,1,4,0,17,22,3,0
BL6-BALBc_HTxB,AV16D/DV11-CAMRDTNAYKVIF-AJ30_BV13-2-CASGDVGGGQNTLYF-BJ2-4,66.0,0,11,8,4,16,24,8,5,8,9,29,15,0
BL6-BALBc_HTxB,AV15D-2/DV6D-2-CALSELGPNTGKLTF-AJ27_BV13-2-CASGDWGRGEQYF-BJ2-7,135.0,0,1,47,4,4,5,3,2,0,18,6,3,0
BL6-BALBc_HTxB,AV6D-7-CALSDVGDNSKLIW-AJ38_BV13-2-CASGGANSDYTF-BJ1-2,399.0,3,0,1,13,8,4,1,5,2,11,107,1,0
BL6-BALBc_HTxB,AV7-5-CAMSLFNNYAQGLTF-AJ26_BV5-CASSQDGTEEVFF-BJ1-1,525.0,9,4,3,20,15,16,7,4,1,15,19,5,0
BL6-BALBc_HTxB,AV16/DV11-CAMREDSGGSNYKLTF-AJ53_BV13-2-CASGGAGNSPLYF-BJ1-6,8.0,1,0,0,0,0,0,0,0,0,0,0,0,0
BL6-BALBc_HTxB,AV6-5-CALSDLYANKMIF-AJ47_BV3-CASSFGTGGYEQYF-BJ2-7,271.0,0,1,4,9,11,6,0,3,0,318,16,3,0
BL6-BALBc_HTxB,AV8-2-CAHTGGADRLTF-AJ45_BV20-CGAKYRGHSGNTLYF-BJ1-3,76.0,0,0,1,2,4,1,4,11,1,4,8,0,0
BL6-BALBc_HTxB,AV6-6-CALGDQANTDKVVF-AJ34*p03_BV14-CASSLGVNTEVFF-BJ1-1,125.0,1,0,0,4,3,4,39,1,0,3,10,3,0
BL6-BALBc_HTxB,AV12-2-CALSDSSGSWQLIF-AJ22_BV1-CTCSAGDGNTLYF-BJ1-3,107.0,0,1,0,6,2,0,0,1,1,9,14,0,0
BL6-BALBc_HTxB,AV16/DV11-CAMRMDYANKMIF-AJ47_BV1-CTCSDRVGNQAPLF-BJ1-5,77.0,3,4,4,14,15,11,5,11,0,8,15,8,0
BL6-BALBc_HTxB,AV14-1-CAARTSSFSKLVF-AJ50_BV14-CASSTGYEQYF-BJ2-7,180.0,0,4,3,7,0,3,6,2,4,3,5,1,0
BL6-BALBc_HTxB,AV7D-5-CAVRNYGNEKITF-AJ48_BV29-CASSLGGLNERLFF-BJ1-4,75.0,0,2,6,2,2,4,2,4,2,2,5,5,2
BL6-BALBc_HTxB,AV6D-7-CALSEGKVVF-AJ34*p03_BV13-2-CASGERWGDYAEQFF-BJ2-1,445.0,0,5,1,57,20,8,9,2,1,7,8,276,1
BL6-BALBc_HTxB,AV6-6-CALGGPNNNRIFF-AJ31_BV13-2-CASGDITEVFF-BJ1-1,116.0,2,0,6,82,2,3,2,1,2,13,12,2,0
BL6-BALBc_HTxB,AV19-CAADSNTDKVVF-AJ34*p03_BV13-2-CASGERDIYAEQFF-BJ2-1,306.0,0,6,7,13,4,204,24,2,1,3,8,10,0
BL6-BALBc_HTxB,AV6D-6-CALSLNNYAQGLTF-AJ26_BV1-CTCSAEYISNERLFF-BJ1-4,52.0,10,27,19,12,11,4,5,6,19,18,81,17,0
BL6-BALBc_HTxB,AV12D-2-CASAYNTNTGKLTF-AJ27_BV2-CASSQDGLGADTQYF-BJ2-5,99.0,1,1,3,3,7,1,2,25,0,10,18,2,0
BL6-BALBc_HTxB,AV5-1-CSASTGGFASALTF-AJ35_BV1-CTCSAGRGDAEQFF-BJ2-1,40.0,2,1,2,30,3,4,0,4,1,6,19,5,0
BL6-BALBc_HTxB,AV9D-3-CAVSPDTNAYKVIF-AJ30_BV13-2-CASGDWGRGEQYF-BJ2-7,605.0,0,1,137,5,7,7,0,4,1,7,17,3,0
BL6-BALBc_HTxB,AV8-2-CATDGGGADRLTF-AJ45_BV13-1-CASSDVRDERLFF-BJ1-4,200.0,3,2,8,10,7,5,4,2,12,5,54,77,1
BL6-BALBc_HTxB,AV16D/DV11-CAMREDTNAYKVIF-AJ30_BV13-2-CASGETGANSDYTF-BJ1-2,190.0,0,7,2,8,6,94,2,94,1,7,17,1,0
BL6-BALBc_HTxB,AV16D/DV11-CAMRDITGNTRKLIF-AJ37*p02_BV13-1-CASSDAGGYEQYF-BJ2-7,2425.0,5,3,8,17,16,98,1,4,7,22,28,11,0
BL6-BALBc_HTxB,AV8-1-CARDTNTGKLTF-AJ27_BV13-1-CASSDAGVYEQYF-BJ2-7,167.0,4,1,2,4,8,5,7,16,1,10,22,22,0
BL6-BALBc_HTxB,AV4-3-CAAEGNNNNRIFF-AJ31_BV19-CASSSGYNSPLYF-BJ1-6,119.0,6,4,17,10,30,4,13,6,2,35,83,18,0
BL6-BALBc_HTxB,AV16D/DV11-CAMREGDSNYQLIW-AJ33_BV13-2-CASGYRAPNSDYTF-BJ1-2,117.0,1,0,0,24,2,5,1,0,0,1,4,0,0
BL6-BALBc_HTxB,AV8D-1-CATDGGSALGRLHF-AJ18_BV1-CTCSATGGDTEVFF-BJ1-1,60.0,0,0,2,2,10,0,0,3,0,0,6,16,0
BL6-BALBc_HTxB,AV1-CAVRDSYAQGLTF-AJ26_BV13-1-CASSDDRVGNTLYF-BJ1-3,116.0,1,12,6,181,7,5,2,3,0,7,20,5,0
BL6-BALBc_HTxB,AV8-2-CATDGDNNAPRF-AJ43*p03_BV14-CASSYRYEQYF-BJ2-7,251.0,3,2,835,18,15,12,4,8,9,15,24,5,1
BL6-BALBc_HTxB,AV16/DV11-CAMREDQGGSAKLIF-AJ57_BV30-CSSRGGGGYEQYF-BJ2-7,84.0,3,3,1,1,3,1,1,0,0,3,8,4,0
BL6-BALBc_HTxB,AV16/DV11-CAMREVNTGNYKYVF-AJ40_BV13-3-CASSGTGRYAEQFF-BJ2-1,125.0,3,11,5,7,7,5,12,3,7,10,9,5,0
BL6-BALBc_HTxB,AV16/DV11-CAMREGSNTDKVVF-AJ34*p03_BV13-2-CASGDVGGGQNTLYF-BJ2-4,53.0,0,1,1,2,8,12,0,0,0,0,10,0,0
BL6-BALBc_HTxB,AV8-1-CATDASSGSWQLIF-AJ22_BV4-CASTAANTEVFF-BJ1-1,192.0,1,4,5,7,10,9,0,4,0,15,308,7,0
BL6-BALBc_HTxB,AV16D/DV11-CAMREGDSNYQLIW-AJ33_BV13-2-CASGDWGAVSYEQYF-BJ2-7,564.0,1,2,6,11,5,7,2,1,0,11,14,18,0
BL6-BALBc_HTxB,AV7D-3-CAVRNNYAQGLTF-AJ26_BV13-1-CASSERQANSDYTF-BJ1-2,774.0,1,8,9,19,8,16,2,9,1,26,39,9,1
BL6-BALBc_HTxB,AV9-2-CAASTNAYKVIF-AJ30_BV3-CASSFGTGGYYEQYF-BJ2-7,244.0,0,1,2,5,4,9,0,3,1,65,12,3,1
BL6-BALBc_HTxB,AV16D/DV11-CAMRESSNTDKVVF-AJ34*p03_BV13-1-CASSDAPGREQYF-BJ2-7,305.0,1,1,4,75,9,7,2,2,0,8,101,0,0
BL6-BALBc_HTxB,AV3-4-CAVIATGGNNKLTF-AJ56_BV1-CTCSADSYNSPLYF-BJ1-6,262.0,3,0,7,3,16,6,1,4,2,12,8,11,0
BL6-BALBc_HTxB,AV4-3-CAADYQGGSAKLIF-AJ57_BV2-CASSQERLLGGAETLYF-BJ2-3,185.0,2,9,7,6,4,7,3,3,2,7,9,59,1
BL6-BALBc_HTxB,AV12-2-CALSDTGANTGKLTF-AJ52_BV1-CTCSADPSYEQYF-BJ2-7,203.0,1,5,3,11,14,4,6,5,1,11,18,21,0
BL6-BALBc_HTxB,AV6D-6-CALSLNNYAQGLTF-AJ26_BV1-CTCSAEYISNERLFF-BJ1-4,154.0,1,1,4,5,3,6,0,4,0,3,13,3,0
BL6-BALBc_HTxB,AV13D-3-CAMRTNSAGNKLTF-AJ17*p02_BV13-2-CASGTTYEQYF-BJ2-7,233.0,2,5,5,28,16,15,2,10,0,386,26,0,2
BL6-BALBc_HTxB,AV16/DV11-CAMREGPQGGSAKLIF-AJ57_BV1-CTCSADRVYAEQFF-BJ2-1,620.0,6,37,13,36,24,20,7,13,2,35,25,7,0
BL6-BALBc_HTxB,AV6-5-CALSANTGNYKYVF-AJ40_BV13-1-CASSGVSYEQYF-BJ2-7,94.0,1,2,2,6,8,3,2,2,3,15,15,2,0
BL6-BALBc_HTxB,AV6-4-CALVDRGTQVVGQLTF-AJ5*p02_BV14-CASSFPTSAETLYF-BJ2-3,169.0,2,2,4,71,8,7,3,1,0,14,16,0,1
BL6-BALBc_HTxB,AV19-CAADQGGSAKLIF-AJ57_BV19-CASSKAGHPGNTLYF-BJ1-3,141.0,0,1,1,9,6,5,1,8,0,8,5,1,1
BL6-BALBc_HTxB,AV6D-6-CALTSAYQGGRALIF-AJ15_BV19-CASTSGPSTEVFF-BJ1-1,604.0,2,1,9,18,24,17,3,8,1,8,32,191,0
BL6-BALBc_HTxB,AV16/DV11-CAMREGNNYAQGLTF-AJ26_BV1-CTCSANRVTNERLFF-BJ1-4,173.0,1,5,3,215,8,7,1,7,0,15,21,2,0
BL6-BALBc_HTxB,AV16/DV11-CAMREGNTGNYKYVF-AJ40_BV13-2-CASGGIYEQYF-BJ2-7,858.0,2,4,5,28,215,12,3,9,5,14,44,12,1
BL6-BALBc_HTxB,AV2-CIVTDSYSNNRLTL-AJ7_BV1-CTCSAGRGDAEQFF-BJ2-1,79.0,1,1,5,117,2,5,0,4,1,11,11,3,1
BL6-BALBc_HTxB,AV16/DV11-CAMRENTGANTGKLTF-AJ52_BV13-3-CASSSGGVKAEQFF-BJ2-1,203.0,1,1,0,13,39,11,1,7,0,12,10,8,0
BL6-BALBc_HTxB,AV16D/DV11-CAMREDGNEKITF-AJ48_BV20-CGAGGFSYEQYF-BJ2-7,81.0,2,3,4,12,397,7,1,10,1,4,14,7,0
BL6-BALBc_HTxB,AV16/DV11-CAMREDSSNTDKVVF-AJ34*p03_BV5-CASSQDLGGQNTLYF-BJ2-4,186.0,3,3,3,15,11,12,4,6,0,8,71,7,0
BL6-BALBc_HTxB,AV5D-4-CAASEDSNYQLIW-AJ33_BV13-1-CASSDLGGQDTQYF-BJ2-5,609.0,1,2,3,17,14,11,5,14,0,7,15,17,0
BL6-BALBc_HTxB,AV16/DV11-CAMREGPGTGSNRLTF-AJ28_BV13-1-CASSDVNTEVFF-BJ1-1,117.0,1,1,2,10,48,6,3,1,1,8,2,4,0
BL6-BALBc_HTxB,AV9-3-CAVSTDTGYQNFYF-AJ49_BV17-CASSSGNTLYF-BJ1-3,90.0,0,3,2,6,6,2,1,4,0,5,6,2,0
BL6-BALBc_HTxB,AV9-4-CAVSSPDTNAYKVIF-AJ30_BV13-2-CASGASGGNTLYF-BJ1-3,135.0,1,1,1,2,1,1,0,4,0,4,7,5,0
BL6-BALBc_HTxB,AV4-3-CAAEADTGNYKYVF-AJ40_BV1-CTCSAGASGGYEQYF-BJ2-7,186.0,0,2,55,9,1,1,1,2,0,2,5,3,0
BL6-BALBc_HTxB,AV8D-2-CATDNNNAPRF-AJ43*p03_BV1-CTCSAGQPNTGQLYF-BJ2-2,57.0,1,0,0,15,1,5,0,0,0,2,11,1,0
BL6-BALBc_HTxB,AV2-CIVTDSYSNNRLTL-AJ7_BV1-CTCSAGRGDAEQFF-BJ2-1,529.0,2,9,9,290,22,16,5,13,0,211,43,22,2
BL6-BALBc_HTxB,AV16/DV11-CAMREDTGYQNFYF-AJ49_BV2-CASSQNRGAEIEQYF-BJ2-7,0.0,0,0,0,0,0,0,0,0,0,2,0,0,0
BL6-BALBc_HTxB,AV16/DV11-CAMREGDNYAQGLTF-AJ26_BV3-CASSSSGISQDTQYF-BJ2-5,115.0,2,2,1,9,13,4,0,5,0,4,17,30,0
BL6-BALBc_HTxB,AV10-CAAIMDYANKMIF-AJ47_BV3-CASSAGPQDTQYF-BJ2-5,334.0,6,0,1,33,11,3,0,3,1,12,14,2,0
BL6-BALBc_HTxB,AV1-CAVRDSYAQGLTF-AJ26_BV13-1-CASSDDRVGNTLYF-BJ1-3,49.0,0,0,0,65,6,2,0,0,1,3,5,2,0
BL6-BALBc_HTxB,AV15D-1/DV6D-1-CALWELAPTNAYKVIF-AJ30_BV31-CAWSLWTGVEQYF-BJ2-7,159.0,14,11,12,8,4,7,5,3,3,22,67,5,0
BL6-BALBc_HTxB,AV9-1-CAVRDYGNEKITF-AJ48_BV1-CTCSAVRAEVFF-BJ1-1,155.0,3,3,2,15,7,8,1,7,1,12,12,41,0
BL6-BALBc_HTxB,AV3D-3-CAAPRGNTDKVVF-AJ34*p03_BV5-CASSHGTINERLFF-BJ1-4,131.0,0,0,0,3,5,5,1,5,3,7,29,9,0
BL6-BALBc_HTxB,AV13-4/DV7-CAMEPSNYQLIW-AJ33_BV29-CASGQGGTGQLYF-BJ2-2,205.0,0,0,7,11,4,14,1,187,0,9,13,2,0
BL6-BALBc_HTxB,AV7-1-CAVMDYANKMIF-AJ47_BV17-CASSSGGANTEVFF-BJ1-1,338.0,2,0,3,5,3,4,1,3,1,4,12,13,1
BL6-BALBc_HTxB,AV3-3-CAVSAVDSNYQLIW-AJ33_BV19-CASTPPLGGYAEQFF-BJ2-1,372.0,0,1,2,193,62,4,2,4,0,12,12,1,2
BL6-BALBc_HTxB,AV6-4-CALVEGMGYKLTF-AJ9_BV1-CTCSAGTSNTEVFF-BJ1-1,142.0,1,0,1,3,3,0,1,1,0,2,4,3,0
BL6-BALBc_HTxB,AV3-3-CAVRPTSSGQKLVF-AJ16*p02_BV13-2-CPSGEVQANSDYTF-BJ1-2,62.0,0,2,0,3,2,1,0,3,0,8,3,33,0
BL6-BALBc_HTxB,AV14-1-CAANNTNTGKLTF-AJ27_BV13-2-CASGALGSNYAEQFF-BJ2-1,72.0,0,1,1,1,13,2,0,2,0,2,8,3,0
BL6-BALBc_HTxB,AV16/DV11-CAMREDSSNTDKVVF-AJ34*p03_BV5-CASSQDLGGQNTLYF-BJ2-4,170.0,2,4,3,8,9,11,6,5,0,35,384,3,1
BL6-BALBc_HTxB,AV16/DV11-CAMREGDNNNRIFF-AJ31_BV16-CASSPPDPNYAEQFF-BJ2-1,1135.0,1,7,5,155,51,20,1,10,5,27,24,10,1
BL6-BALBc_HTxB,AV5D-4-CAASDMGYKLTF-AJ9_BV13-2-CASGDALGGFSYEQYF-BJ2-7,315.0,2,5,5,10,7,5,1,2,0,9,11,133,0
BL6-BALBc_HTxB,AV16D/DV11-CAMREDSGYNKLTF-AJ11*p02_BV13-2-CASGTTYEQYF-BJ2-7,59.0,0,0,2,12,1,5,1,2,0,212,7,2,0
BL6-BALBc_HTxB,AV16/DV11-CAMREAGAGNTRKLIF-AJ37*p02_BV13-2-CASGDAGGSGNTLYF-BJ1-3,103.0,1,7,6,2,3,3,2,1,0,7,15,12,0
BL6-BALBc_HTxB,AV16D/DV11-CAMREGNTNTVKLTF-AJ27_BV13-2-CASGGGGGEQYF-BJ2-7,215.0,0,1,7,6,9,2,8,3,0,4,11,1,0
BL6-BALBc_HTxB,AV16D/DV11-CAMREHTGNYKYVF-AJ40_BV13-2-CASGGDTPNSDYTF-BJ1-2,102.0,0,3,1,8,1,0,0,1,0,0,4,1,0
BL6-BALBc_HTxB,AV21/DV12-CILRVPFNNNNAPRF-AJ43*p03_BV31-CAWSRAWGGADEQYF-BJ2-7,78.0,0,0,51,1,3,5,0,1,0,0,5,1,0
BL6-BALBc_HTxB,AV16D/DV11-CAMREDTNAYKVIF-AJ30_BV1-CTCSAGTKIYEQYF-BJ2-7,116.0,0,0,0,13,2,1,1,1,1,8,7,0,0
BL6-BALBc_HTxB,AV16/DV11-CAMREDTNAYKVIF-AJ30_BV19-CASSIGGRQNTLYF-BJ2-4,66.0,4,1,3,3,85,4,1,10,0,2,5,5,0
BL6-BALBc_HTxB,AV3-4-CAVSMDYANKMIF-AJ47_BV3-CASSFSGWEQYF-BJ2-7,450.0,1,2,2,11,12,6,2,2,1,70,21,6,0
BL6-BALBc_HTxB,AV3D-3-CAVTLSSGSWQLIF-AJ22_BV13-1-CASSGDRANTEVFF-BJ1-1,169.0,1,0,4,12,11,6,2,6,0,18,31,1,1
BL6-BALBc_HTxB,AV16D/DV11-CAMREGEGYANKMIF-AJ47_BV5-CASSQDHLGGTDTQYF-BJ2-5,271.0,0,1,5,4,9,4,5,1,2,5,10,74,0
BL6-BALBc_HTxB,AV16D/DV11-CAMREDSGYNKLTF-AJ11*p02_BV13-2-CASGDLYEQYF-BJ2-7,988.0,0,0,5,16,236,35,4,2,0,17,35,10,1
BL6-BALBc_HTxB,AV4-3-CAAEAAGSWQLIF-AJ22_BV17-CASSAGTANTEVFF-BJ1-1,302.0,2,5,12,6,9,6,7,3,1,9,16,21,0
BL6-BALBc_HTxB,AV16D/DV11-CAMREGSSGSWQLIF-AJ22_BV16-CASSATGEYEQYF-BJ2-7,1019.0,3,19,7,15,17,7,1,9,2,7,33,9,0
BL6-BALBc_HTxB,AV1-CAVRDSYAQGLTF-AJ26_BV13-1-CASSDDRVGNTLYF-BJ1-3,172.0,1,3,4,158,11,8,8,5,3,6,26,4,0
BL6-BALBc_HTxB,AV16D/DV11-CAMREANSGTYQRF-AJ13_BV1-CTCSADKVYAEQFF-BJ2-1,365.0,1,3,4,100,17,14,7,3,1,26,28,8,1
BL6-BALBc_HTxB,AV13-1-CAMELSSGSWQLIF-AJ22_BV4-CASSYGEQYF-BJ2-7,541.0,5,2,5,16,17,11,3,7,1,13,355,5,1
BL6-BALBc_HTxB,AV4-3-CAAEADTGNYKYVF-AJ40_BV31-CAWSLWTGVEQYF-BJ2-7,179.0,0,0,87,14,11,4,4,3,0,5,10,41,0
BL6-BALBc_HTxB,AV4D-3-CAAEASNYQLIW-AJ33_BV5-CASRTGVGAEQFF-BJ2-1,72.0,8,1,0,2,5,3,0,0,0,1,4,0,0
BL6-BALBc_HTxB,AV3-4-CAVSDNYAQGLTF-AJ26_BV4-CASSYGLGGYEQYF-BJ2-7,174.0,0,0,4,4,2,5,49,2,0,3,5,3,0
BL6-BALBc_HTxB,AV16D/DV11-CAMREGLGGSGNKLIF-AJ32_BV1-CTCSADRTKNEQYF-BJ2-7,343.0,1,0,6,132,11,9,0,6,1,13,23,6,1
BL6-BALBc_HTxB,AV16/DV11-CAMREDSSNTDKVVF-AJ34*p03_BV5-CASGQDLGGQNTLYF-BJ2-4,890.0,6,5,6,7,18,20,1,6,1,14,272,11,0
BL6-BALBc_HTxB,AV16/DV11-CAMREGYQNFYF-AJ49_BV13-1-CASSGRNTEVFF-BJ1-1,1337.0,1,40,3,9,11,12,3,6,0,8,20,4,0
BL6-BALBc_HTxB,AV6-3-CAMRESNNRLTL-AJ7_BV3-CASSSGTDYEQYF-BJ2-7,4691.0,9,7,14,24,19,17,4,5,0,20,36,14,0
BL6-BALBc_HTxB,AV8-1-CATDYAQGLTF-AJ26_BV1-CTCSADMRETLYF-BJ2-3,664.0,0,2,2,126,9,10,4,4,1,5,19,1,0
BL6-BALBc_HTxB,AV8-2-CATDASGGSNYKLTF-AJ53_BV29-CASSLGGALAEQFF-BJ2-1,1863.0,7,4,12,11,23,16,2,9,3,22,24,5,0
BL6-BALBc_HTxB,AV7D-2-CAAHRGSALGRLHF-AJ18_BV4-CASSWDTNTEVFF-BJ1-1,113.0,0,0,2,3,1,1,3,3,1,3,2,2,0
BL6-BALBc_HTxB,AV9D-3-CAVSPDTNAYKVIF-AJ30_BV13-2-CASGDWGRGEQYF-BJ2-7,235.0,0,0,15,3,4,1,1,4,0,6,6,7,0
BL6-BALBc_HTxB,AV13-1-CAMEQGGSNAKLTF-AJ42_BV1-CTCSALNYAEQFF-BJ2-1,73.0,1,1,1,14,10,9,1,2,1,7,9,2,0
BL6-BALBc_HTxB,AV8-2-CATDGTNSAGNKLTF-AJ17*p02_BV1-CTCSALWGSSYEQYF-BJ2-7,99.0,4,5,7,12,15,5,2,8,0,7,37,6,1
BL6-BALBc_HTxB,AV16D/DV11-CAMREANSAGNKLTF-AJ17*p02_BV13-1-CASSDVGGEQYF-BJ2-7,162.0,3,9,0,7,4,196,1,9,0,11,8,2,0
BL6-BALBc_HTxB,AV8D-2-CATDQTGFASALTF-AJ35_BV3-CASSLVRDQDTQYF-BJ2-5,1250.0,1,8,11,14,20,14,2,3,3,15,24,14,1
BL6-BALBc_HTxB,AV19-CAAGGGGSGNKLIF-AJ32_BV13-1-CASSDLGGQDTQYF-BJ2-5,126.0,0,2,2,6,4,23,0,1,0,5,5,7,0
BL6-BALBc_HTxB,AV4-3-CAAEDNNRIFF-AJ31_BV12-2-CASSPDWGQDTQYF-BJ2-5,0.0,0,0,0,0,0,0,0,0,0,1,0,0,0
BL6-BALBc_HTxB,AV8-1-CATDHYQGGRALIF-AJ15_BV13-1-CASSEAGVSAETLYF-BJ2-3,156.0,1,2,1,5,5,3,5,4,0,19,8,150,0
BL6-BALBc_HTxB,AV9-1-CAVSAGYQNFYF-AJ49_BV4-CASSFTGGAQNTLYF-BJ2-4,114.0,3,7,6,4,9,5,2,6,1,10,7,4,0
BL6-BALBc_HTxB,AV9-4-CAVSSPDTNAYKVIF-AJ30_BV13-2-CASGASGGNTLYF-BJ1-3,92.0,2,0,0,11,1,1,6,3,0,2,4,2,0
BL6-BALBc_HTxB,AV16D/DV11-CAMREGDNNAGAKLTF-AJ39_BV3-CASSLEFYEQYF-BJ2-7,50.0,0,0,0,2,0,3,1,1,0,0,0,2,0
BL6-BALBc_HTxB,AV12D-2-CALSEGQGGRALIF-AJ15_BV13-3-CASSETGGWSDYTF-BJ1-2,150.0,0,1,6,3,16,4,0,7,0,1,10,2,0
BL6-BALBc_HTxB,AV6D-6-CALSDNRIFF-AJ31_BV13-1-CASSEQDRAETLYF-BJ2-3,2282.0,2,4,6,13,17,11,1,5,0,2,170,5,1
BL6-BALBc_HTxB,AV16/DV11-CAMREGNTGNYKYVF-AJ40_BV13-2-CASGGIYEQYF-BJ2-7,1272.0,2,2,6,18,173,23,4,8,1,12,16,5,1
BL6-BALBc_HTxB,AV16/DV11-CAMREDNNNAPRF-AJ43*p03_BV13-3-CASSDWGGAETLYF-BJ2-3,507.0,1,4,11,8,9,9,3,19,0,36,19,7,1
BL6-BALBc_HTxB,AV16D/DV11-CAMREGETGGYKVVF-AJ12_BV13-1-CASSGGGAREQYF-BJ2-7,98.0,1,0,2,10,6,0,1,5,2,2,1,2,0
BL6-BALBc_HTxB,AV16/DV11-CAMRENTGANTGKLTF-AJ52_BV13-3-CASSSGGVKAEQFF-BJ2-1,241.0,1,1,0,7,380,11,3,5,0,10,11,4,0
BL6-BALBc_HTxB,AV16D/DV11-CAMREANSGGSNYKLTF-AJ53_BV31-CAWSLGFAADYTF-BJ1-2,87.0,0,0,0,6,55,2,1,0,0,1,7,12,0
BL6-BALBc_HTxB,AV8-1-CATDTGGADRLTF-AJ45_BV4-CASSFDWGAETLYF-BJ2-3,77.0,7,12,5,12,16,7,3,22,4,26,27,8,0
BL6-BALBc_HTxB,AV12-2-CALSASSGSWQLIF-AJ22_BV2-CASSQDGVGQDTQYF-BJ2-5,106.0,1,0,2,6,11,0,2,6,0,4,12,2,0
BL6-BALBc_HTxB,AV1-CAVRDSYAQGLTF-AJ26_BV13-1-CASSDDRVGNTLYF-BJ1-3,111.0,1,2,3,156,11,4,1,6,0,4,11,0,2
BL6-BALBc_HTxB,AV12D-1-CALSDQNKLTF-AJ56_BV14-CASRSDWVNQDTQYF-BJ2-5,104.0,0,0,1,5,4,5,59,4,0,2,17,0,0
BL6-BALBc_HTxB,AV16D/DV11-CAMREAFSGGSNAKLTF-AJ42_BV17-CASSRDPWGGSAETLYF-BJ2-3,139.0,0,0,0,1,166,2,0,2,0,3,2,0,0
BL6-BALBc_HTxB,AV6D-6-CALSDNTGYQNFYF-AJ49_BV14-CASSFPGEVFF-BJ1-1,208.0,1,1,0,4,10,30,1,3,0,10,7,2,0
BL6-BALBc_HTxB,AV3-3-CAVSLATSSGQKLVF-AJ16*p02_BV5-CASSQDRGDERLFF-BJ1-4,77.0,1,22,0,4,6,3,0,4,1,5,9,2,0
BL6-BALBc_HTxB,AV6-1-CVLGESGSFNKLTF-AJ4_BV1-CTCSAGQGAGNTLYF-BJ1-3,153.0,0,2,3,1,8,4,1,10,2,8,7,7,2
BL6-BALBc_HTxB,AV12D-1-CALSDQNKLTF-AJ56_BV14-CASRSDWVNQDTQYF-BJ2-5,326.0,0,1,3,3,11,2,50,2,0,5,5,3,0
BL6-BALBc_HTxB,AV4-3-CAAEADTGNYKYVF-AJ40_BV19-CASSMTLSGNTLYF-BJ1-3,4941.0,4,4,14,24,40,33,11,7,2,25,46,17,2
BL6-BALBc_HTxB,AV7-3-CAVKGGSALGRLHF-AJ18_BV17-CASSTGGVQNTLYF-BJ2-4,1499.0,9,4,11,21,25,7,6,9,7,43,43,23,1
BL6-BALBc_HTxB,AV3-4-CAVNNAGAKLTF-AJ39_BV1-CTCSADRVAEQFF-BJ2-1,100.0,2,1,11,11,12,1,4,2,0,9,3,10,0
BL6-BALBc_HTxB,AV16D/DV11-CAMRGDSNYQLIW-AJ33_BV13-2-CASGDNYEQYF-BJ2-7,1055.0,2,5,5,19,971,30,7,11,1,15,20,5,0
BL6-BALBc_HTxB,AV12D-1-CALSDQNKLTF-AJ56_BV14-CASRSDWVNQDTQYF-BJ2-5,49.0,0,1,0,0,0,0,13,1,0,0,4,1,0
BL6-BALBc_HTxB,AV6-5-CALSDLYANKMIF-AJ47_BV3-CASSFGTGGYEQYF-BJ2-7,412.0,0,2,7,11,4,3,1,6,2,405,10,1,0
BL6-BALBc_HTxB,AV7D-3-CASNTGYQNFYS-AJ49_BV3-CASSPWDIANSDYTF-BJ1-2,489.0,1,4,1,13,16,21,3,4,1,16,702,3,0
BL6-BALBc_HTxB,AV12-2-CALSVMDSNYQLIW-AJ33_BV13-3-CASSDPGNTLYF-BJ1-3,316.0,0,1,3,9,6,4,1,3,0,2,32,3,1
BL6-BALBc_HTxB,AV9-3-CAVSTDTGYQNFYF-AJ49_BV17-CASSSGNTLYF-BJ1-3,62.0,3,8,6,1,10,13,7,11,6,9,15,18,0
BL6-BALBc_HTxB,AV13-2-CAIDRMQQGTGSKLSF-AJ58_BV19-CASSIWDQDTQYF-BJ2-5,49.0,0,2,1,2,5,0,0,2,0,22,44,1,2
BL6-BALBc_HTxB,AV16D/DV11-CAMRVSNTGYQNFYF-AJ49_BV1-CTCSEDRVYAEQFF-BJ2-1,118.0,2,5,0,2,6,3,0,2,0,3,6,3,0
BL6-BALBc_HTxB,AV16D/DV11-CAMREGGDYGGSGNKLIF-AJ32_BV13-1-CASSEHRTGEGGTLYF-BJ2-3,80.0,1,0,0,2,3,3,0,1,1,4,4,3,1
BL6-BALBc_HTxB,AV5-1-CSASVDYAQGLTF-AJ26_BV31-CAWSPGTQNTLYF-BJ2-4,132.0,0,2,1,2,3,23,0,4,2,10,5,3,0
BL6-BALBc_HTxB,AV13-1-CAIMPNYNVLYF-AJ21*p03_BV29-CASSSANSDYTF-BJ1-2,3930.0,6,8,6,106,24,34,3,13,7,25,95,14,1
BL6-BALBc_HTxB,AV16D/DV11-CAMRLYGNEKITF-AJ48_BV17-CASSDRGGQDTQYF-BJ2-5,71.0,1,0,0,4,13,12,1,0,1,1,8,8,0
BL6-BALBc_HTxB,AV16D/DV11-CAMREGDSNYQLIW-AJ33_BV5-CASSQDGTEEVFF-BJ1-1,652.0,15,16,4,37,9,11,6,8,7,23,89,11,1
BL6-BALBc_HTxB,AV13-1-CAMNQGGSAKLIF-AJ57_BV1-CTCSALNYAEQFF-BJ2-1,73.0,0,0,0,26,2,5,0,1,1,2,2,0,0
BL6-BALBc_HTxB,AV5-1-CSASTGGADRLTF-AJ45_BV17-CASSRDRGWDYAEQFF-BJ2-1,212.0,3,3,8,10,11,4,0,1,2,7,10,20,0
BL6-BALBc_HTxB,AV13-1-CAMAFMPNYNVLYF-AJ21*p03_BV2-CASSQDRVAEQFF-BJ2-1,87.0,0,0,4,1,3,3,1,1,1,0,13,7,1
BL6-BALBc_HTxB,AV4-3-CAADNNAGAKLTF-AJ39_BV13-1-CASSDSISNERLFF-BJ1-4,176.0,1,0,13,10,8,4,6,0,1,0,6,4,0
BL6-BALBc_HTxB,AV16/DV11-CAMRNYAQGLTF-AJ26_BV13-2-CASGGGGGEQYF-BJ2-7,2804.0,1,5,5,21,13,15,2,30,1,19,27,10,0
BL6-BALBc_HTxB,AV16D/DV11-CAMREDSNYQLIW-AJ33_BV13-2-CASGVNRGENQAPLF-BJ1-5,3.0,0,0,1,2,0,0,0,0,0,0,0,1,0
BL6-BALBc_HTxB,AV16D/DV11-CAMREDTNAYKVIF-AJ30_BV13-2-CASGETGANSDYTF-BJ1-2,152.0,0,0,2,4,11,35,3,25,1,5,8,3,0
BL6-BALBc_HTxB,AV8-1-CATDGGSALGRLHF-AJ18_BV1-CTCSADPETETLYF-BJ2-3,201.0,0,4,1,1,4,0,2,7,0,4,8,44,0
BL6-BALBc_HTxB,AV14D-3/DV8-CAASKNTNTGKLTF-AJ27_BV3-CASSLDWGDDTQYF-BJ2-5,993.0,0,2,4,10,7,9,0,5,2,10,34,4,0
BL6-BALBc_HTxB,AV8D-2-CAHDTNAYKVIF-AJ30_BV3-CASSLDWGGVQDTQYF-BJ2-5,199.0,1,0,1,10,6,1,0,2,2,0,10,5,1
BL6-BALBc_HTxB,AV16D/DV11-CAMREDSGYNKLTF-AJ11*p02_BV31-CAWSLEGQGNTEVFF-BJ1-1,84.0,0,2,1,8,7,5,0,8,1,203,248,4,0
BL6-BALBc_HTxB,AV6-5-CALSDGGTGSKLSF-AJ58_BV17-CASSPGLGGRFNEQYF-BJ2-7,71.0,0,0,0,7,2,1,1,0,0,1,12,4,0
BL6-BALBc_HTxB,AV16/DV11-CAMREGPQGGSAKLIF-AJ57_BV1-CTCSADRVYAEQFF-BJ2-1,172.0,1,9,1,3,5,3,1,4,0,1,3,1,0
BL6-BALBc_HTxB,AV13D-1-CAMERGYGNEKITF-AJ48_BV1-CTCSAGTKIYEQYF-BJ2-7,1194.0,0,3,5,25,8,14,0,3,1,18,26,4,1
BL6-BALBc_HTxB,AV12-3-CALRNNNAPRF-AJ43*p03_BV13-2-CASGASGGNTLYF-BJ1-3,277.0,3,2,2,15,7,9,1,20,0,7,18,8,0
BL6-BALBc_HTxB,AV7-5-CAMSHLPGTGSNRLTF-AJ28_BV13-1-CASSDAGQGSGNTLYF-BJ1-3,53.0,6,6,3,1,0,11,6,2,0,6,3,8,1
BL6-BALBc_HTxB,AV16D/DV11-CAMREEGGRALIF-AJ15_BV1-CTCSADWGSYNSPLYF-BJ1-6,184.0,9,11,14,22,22,4,4,8,14,12,107,19,0
BL6-BALBc_HTxB,AV10-CAASMDNYNVLYF-AJ21*p03_BV31-CAWSLSSDYTF-BJ1-2,224.0,0,0,4,5,3,0,0,3,0,8,93,1,0
BL6-BALBc_HTxB,AV7D-3-CAAHDSGYNKLTF-AJ11*p02_BV13-1-CASSDVGLGQDTQYF-BJ2-5,47.0,2,1,1,3,1,5,0,8,0,1,4,1,0
BL6-BALBc_HTxB,AV16D/DV11-CAMRESDTNAYKVIF-AJ30_BV13-2-CASGDNYEQYF-BJ2-7,109.0,0,3,2,6,145,7,1,1,0,4,13,1,0
BL6-BALBc_HTxB,AV16D/DV11-CAMRAHYSNNRLTL-AJ7_BV2-CASSQPIGNTLYF-BJ1-3,2242.0,2,5,9,80,31,65,16,12,1,25,54,13,0
BL6-BALBc_HTxB,AV1-CAVRDNYAQGLTF-AJ26_BV29-CASTPGNTEVFF-BJ1-1,68.0,2,6,2,9,13,8,4,1,1,8,30,2,0
BL6-BALBc_HTxB,AV10D-CAASLDSNYQLIW-AJ33_BV13-1-CASSDIANTEVFF-BJ1-1,1078.0,1,1,8,20,21,16,23,5,0,23,23,4,0
BL6-BALBc_HTxB,AV7-3-CAVDTGYQNFYF-AJ49_BV13-1-CASSDALGGYEQYF-BJ2-7,93.0,0,1,64,3,4,8,17,2,1,5,4,3,1
BL6-BALBc_HTxB,AV12-3-CALSATGNTRKLIF-AJ37*p02_BV13-3-CASGGTGGNYAEQFF-BJ2-1,390.0,1,6,1,7,7,5,9,2,4,6,15,2,0
BL6-BALBc_HTxB,AV16D/DV11-CAMREANSAGNKLTF-AJ17*p02_BV13-1-CASSDVGGEQYF-BJ2-7,151.0,2,2,4,5,8,183,0,8,1,8,12,3,0
BL6-BALBc_HTxB,AV12D-1-CALSDQNKLTF-AJ56_BV14-CASRSDWVNQDTQYF-BJ2-5,213.0,0,3,7,7,9,9,61,3,0,9,28,15,0
BL6-BALBc_HTxB,AV10D-CAASHMGYKLTF-AJ9_BV13-2-CASGTGDERLFF-BJ1-4,89.0,7,3,3,9,3,6,1,4,0,8,14,2,0
BL6-BALBc_HTxB,AV3-3-CAVSEDSGYNKLTF-AJ11*p02_BV2-CASSHTDRYAEQFF-BJ2-1,239.0,1,5,0,193,3,12,0,4,2,8,10,2,0
BL6-BALBc_HTxB,AV6-6-CALGTFSNTDKVVF-AJ34*p03_BV13-1-CASSDVRDSGNTLYF-BJ1-3,212.0,1,5,3,107,8,9,6,3,0,6,13,4,0
BL6-BALBc_HTxB,AV14-2-CAASETSSGQKLVF-AJ16*p02_BV13-2-CASGGGDTQYF-BJ2-5,243.0,1,14,8,8,19,13,15,15,4,5,13,7,0
BL6-BALBc_HTxB,AV3-1-CAVNTGKLTF-AJ27_BV1-CTCSARLGDDEQYF-BJ2-7,329.0,0,21,3,14,10,10,1,5,2,15,14,4,1
BL6-BALBc_HTxB,AV13D-1-CAMELSSGSWQLIF-AJ22_BV13-2-CASGDVGGTLYF-BJ2-4,594.0,6,3,9,16,27,870,4,6,3,15,35,7,1
BL6-BALBc_HTxB,AV3-3-CAVDSNYQLIW-AJ33_BV13-2-CASGDGGDTQYF-BJ2-5,375.0,1,0,7,3,9,14,1,8,0,4,28,10,0
BL6-BALBc_HTxB,AV14-3-CAATPSSSFSKLVF-AJ50_BV14-CASTLGAYEQYF-BJ2-7,122.0,0,4,9,6,17,7,5,6,0,15,12,15,0
BL6-BALBc_HTxB,AV16/DV11-CAMREDSSNTDKVVF-AJ34*p03_BV5-CASSQAWGDGEQYF-BJ2-7,169.0,1,3,29,8,4,3,2,2,1,6,141,4,1
BL6-BALBc_HTxB,AV7D-3-CAVSIGSGGSNYKLTF-AJ53_BV17-CASRAGDYNSPLYF-BJ1-6,100.0,0,1,2,5,7,11,8,3,5,10,6,4,0
BL6-BALBc_HTxB,AV3-4-CAVSAEDYANKMIF-AJ47_BV29-CASSQGDTLYF-BJ2-4,49.0,2,0,2,2,0,61,0,0,1,4,2,1,0
BL6-BALBc_HTxB,AV16D/DV11-CAMREGSGGNYKPTF-AJ6_BV29-CASSYRGPNERLFF-BJ1-4,183.0,0,4,3,8,2,3,0,5,0,5,3,2,0
BL6-BALBc_HTxB,AV6-4-CALVEGGGSGNKLIF-AJ32_BV5-CASSPHWDYAEQFF-BJ2-1,250.0,0,3,2,4,7,213,2,5,1,15,18,27,0
BL6-BALBc_HTxB,AV6D-7-CALSEDTNAYKVIF-AJ30_BV19-CASSAGTNYAEQFF-BJ2-1,778.0,1,4,8,13,17,8,6,10,2,10,38,9,1
BL6-BALBc_HTxB,AV16D/DV11-CAMREANSGTYQRF-AJ13_BV1-CTCSADKVYAEQFF-BJ2-1,162.0,0,1,4,31,14,7,3,3,0,14,16,4,0
BL6-BALBc_HTxB,AV6-6-CALGGPNNNRIFF-AJ31_BV13-2-CASGDITEVFF-BJ1-1,67.0,6,1,3,95,7,6,4,7,0,9,29,9,0
BL6-BALBc_HTxB,AV7D-3-CAVHTGGADRLTF-AJ45_BV15-CASRPPDRGSAETLYF-BJ2-3,3132.0,14,12,9,69,46,40,4,21,5,46,97,10,1
BL6-BALBc_HTxB,AV7-3-CAVSITGNTRKLIF-AJ37*p02_BV13-3-CASSDEGGDEQYF-BJ2-7,145.0,0,2,5,5,9,3,1,0,0,14,14,0,2
BL6-BALBc_HTxB,AV7D-2-CAAPPDSNYQLIW-AJ33_BV13-3-CASSDGGAGAEQFF-BJ2-1,391.0,3,4,2,11,16,9,1,4,0,14,18,11,0
BL6-BALBc_HTxB,AV16D/DV11-CAMRESSNTDKVVF-AJ34*p03_BV13-1-CASSDAPGREQYF-BJ2-7,62.0,0,0,0,11,5,2,0,1,0,2,17,0,0
BL6-BALBc_HTxB,AV19-CAAGAGGADRLTF-AJ45_BV13-3-CASSDADTLYEQYF-BJ2-7,1118.0,1,3,7,10,9,40,1,6,0,10,28,5,0
BL6-BALBc_HTxB,AV16D/DV11-CAMRNYAQGLTF-AJ26_BV13-2-CASGGGGGEQYF-BJ2-7,710.0,2,2,5,3,12,18,1,8,3,18,20,12,1
BL6-BALBc_HTxB,AV8-1-CATDASSGSWQLIF-AJ22_BV4-CASTAANTEVFF-BJ1-1,186.0,0,0,2,5,11,3,1,2,0,3,135,2,0
BL6-BALBc_HTxB,AV13-1-CATNTGKLTF-AJ27_BV14-CASSSRDWGQDTQYF-BJ2-5,40.0,5,2,2,1,2,2,0,1,0,2,12,4,1
BL6-BALBc_HTxB,AV7-3-CAVTGNYKYVV-AJ40_BV3-CASSVSQGYEQYF-BJ2-7,73.0,1,1,1,2,8,4,1,0,0,101,0,2,0
BL6-BALBc_HTxB,AV8-1-CATDGGSALGRLHF-AJ18_BV1-CTCSADPETETLYF-BJ2-3,60.0,0,0,0,3,0,3,0,1,1,1,4,39,1
BL6-BALBc_HTxB,AV6-6-CALGDLGTGSKLSF-AJ58_BV13-2-CASGPGTSEVFF-BJ1-1,108.0,1,4,1,20,7,3,6,1,0,18,37,2,0
BL6-BALBc_HTxB,AV3-1-CAVYQGGRALIF-AJ15_BV1-CTCSAPSGTGIYEQYF-BJ2-7,112.0,1,2,6,6,11,2,1,9,1,16,18,4,0
BL6-BALBc_HTxB,AV5-1-CSASVDYAQGLTF-AJ26_BV13-2-CASGERQGDSDYTF-BJ1-2,149.0,2,1,1,4,5,20,5,2,0,6,5,0,0
BL6-BALBc_HTxB,AV4-3-CAAEDNNRIFF-AJ31_BV13-1-CASVTGTEVFF-BJ1-1,2949.0,88,6,15,50,41,26,6,14,2,38,55,21,0
BL6-BALBc_HTxB,AV14-2-CAASETSSGQKLVF-AJ16*p02_BV13-1-CASSDVGGQDTQYF-BJ2-5,437.0,2,4,6,16,18,18,5,5,6,17,28,11,2
BL6-BALBc_HTxB,AV15-1/DV6-1-CALWELASSNTDKVVF-AJ34*p03_BV3-CASSFGTGGYYEQYF-BJ2-7,161.0,1,1,3,12,9,10,4,5,0,90,21,2,0
BL6-BALBc_HTxB,AV4-3-CAAEEGTGSNRLTF-AJ28_BV12-2-CASSLEGGQDTQYF-BJ2-5,54.0,28,1,0,6,9,2,0,7,0,5,7,5,0
BL6-BALBc_HTxB,AV9-2-CAASDSGGSNYKLTF-AJ53_BV2-CASSQERLLGGAETLYF-BJ2-3,59.0,1,0,1,1,5,6,2,2,0,1,2,11,2
BL6-BALBc_HTxB,AV6D-6-CESGKLTF-AJ27_BV19-CASSISQNTLYF-BJ2-4,101.0,2,8,84,7,5,10,1,7,0,4,8,12,0
BL6-BALBc_HTxB,AV16D/DV11-CAMREANSGGSNYKLTF-AJ53_BV31-CAWSLGFAADYTF-BJ1-2,94.0,3,1,1,7,289,3,0,3,0,7,10,7,1
BL6-BALBc_HTxB,AV7-1-CAAPSNTDKVVF-AJ34*p03_BV1-CTCSAVRVSYEQYF-BJ2-7,581.0,1,4,5,59,11,6,1,4,0,8,12,3,0
BL6-BALBc_HTxB,AV5-1-CSASISGGNYKPTF-AJ6_BV29-CASSLRTKDTQYF-BJ2-5,179.0,0,2,2,5,10,7,57,10,1,4,8,4,0
BL6-BALBc_HTxB,AV16/DV11-CAMREDQGGSAKLIF-AJ57_BV13-2-CASGGHYEQYF-BJ2-7,95.0,1,0,1,3,32,3,0,0,1,2,5,1,0
BL6-BALBc_HTxB,AV16D/DV11-CAMREDGSWQLIF-AJ22_BV13-2-CASGGANSDYTF-BJ1-2,266.0,0,1,3,24,53,2,0,3,3,33,22,2,1
BL6-BALBc_HTxB,AV6-6-CALGETQVVGQLTF-AJ5*p02_BV14-CASSSDRVEQYF-BJ2-7,32.0,0,0,1,17,6,7,0,3,2,1,3,0,0
BL6-BALBc_HTxB,AV17-CALGNVGDNSKLIW-AJ38_BV13-1-CASSDARGAIAEQFF-BJ2-1,130.0,1,5,5,6,9,8,1,3,0,5,4,1,0
BL6-BALBc_HTxB,AV6D-4-CALVGDTNAYKVIF-AJ30_BV29-CASTPGTGKDTQYF-BJ2-5,870.0,2,9,13,14,11,17,5,5,4,28,27,6,0
BL6-BALBc_HTxB,AV3-3-CAVSAGGADRLTF-AJ45_BV29-CAIRDIQDTQYF-BJ2-5,175.0,7,3,2,2,12,1,0,9,2,26,13,31,0
BL6-BALBc_HTxB,AV3-1-CAISSNTDKVVF-AJ34*p03_BV4-CASTDWGDYEQYF-BJ2-7,70.0,0,3,3,4,2,5,1,7,0,8,13,8,0
BL6-BALBc_HTxB,AV9D-2-CAVKGSALGRLHF-AJ18_BV14-CASSFRGSEVFF-BJ1-1,221.0,1,3,0,1,6,2,0,2,0,2,9,1,1
BL6-BALBc_HTxB,AV16/DV11-CAMREDTGANTGKLTF-AJ52_BV5-CASSQTGHTNTEVFF-BJ1-1,112.0,0,0,0,8,30,1,0,1,0,8,9,0,0
BL6-BALBc_HTxB,AV13D-3-CAMRTNSAGNKLTF-AJ17*p02_BV13-2-CASGTTYEQYF-BJ2-7,57.0,0,0,1,4,4,1,1,1,1,26,2,4,0
BL6-BALBc_HTxB,AV10D-CAASPGNTRKLIF-AJ37*p02_BV20-CGARINNTEVFF-BJ1-1,114.0,1,29,8,3,4,10,1,2,4,6,6,6,0
BL6-BALBc_HTxB,AV6-6-CALGSYTGGADRLTF-AJ45_BV13-1-CASSDRGANTGQLYF-BJ2-2,99.0,1,0,1,3,9,1,1,2,2,3,6,1,1
BL6-BALBc_HTxB,AV16/DV11-CAMREDNAGAKLTF-AJ39_BV13-2-CASGDQGASGNTLYF-BJ1-3,84.0,1,1,2,9,347,4,1,2,1,7,27,2,0
BL6-BALBc_HTxB,AV5-1-CSASVDYAQGLTF-AJ26_BV31-CAWSPGTQNTLYF-BJ2-4,148.0,0,3,0,12,6,30,1,5,1,6,10,0,0
BL6-BALBc_HTxB,AV7-3-CAVDYANKMIF-AJ47_BV17-CASSPGQNTGQLYF-BJ2-2,144.0,1,2,3,14,20,58,1,5,2,16,22,9,2
BL6-BALBc_HTxB,AV7D-3-CAVKDYANKMIF-AJ47_BV1-CTCSADRAGNTLYF-BJ1-3,284.0,3,6,4,197,8,8,2,7,1,9,21,8,0
BL6-BALBc_HTxB,AV16D/DV11-CAMREGLDSNYQLIW-AJ33_BV1-CTCSAEGVSYEQYF-BJ2-7,280.0,3,2,3,52,10,6,4,5,1,7,18,4,2
BL6-BALBc_HTxB,AV13-1-CAPYYNVLYF-AJ21*p03_BV13-1-CASSDVGGEQYF-BJ2-7,102.0,0,1,3,6,4,193,0,22,0,3,12,1,0
BL6-BALBc_HTxB,AV3-1-CAVSASSGSWQLIF-AJ22_BV13-2-CASGDPGGSAETLYF-BJ2-3,93.0,0,0,2,7,2,9,2,1,0,2,5,1,0
BL6-BALBc_HTxB,AV16/DV11-CAMREGNTGNYKYVF-AJ40_BV13-2-CASGGIYEQYF-BJ2-7,124.0,2,0,3,2,80,4,0,8,1,5,10,3,1
BL6-BALBc_HTxB,AV6-1-CVLQGGRALIF-AJ15_BV29-CASSPGQQDTQYF-BJ2-5,281.0,7,1,1,3,14,5,0,2,2,9,6,2,0
BL6-BALBc_HTxB,AV9-4-CAVRDYGNEKITF-AJ48_BV1-CTCSAVRAEVFF-BJ1-1,91.0,1,0,0,0,4,0,0,1,0,0,4,33,0
BL6-BALBc_HTxB,AV14D-3/DV8-CAASENNAGAKLTF-AJ39_BV2-CASSQVGGFNQDTQYF-BJ2-5,184.0,0,5,5,6,6,3,0,3,1,16,12,2,0
BL6-BALBc_HTxB,AV16D/DV11-CAMREGNNNAGAKLTF-AJ39_BV13-2-CASGDRVYEQYF-BJ2-7,371.0,5,0,4,5,9,8,3,14,2,5,9,2,0
BL6-BALBc_HTxB,AV16D/DV11-CAMREGNSAGNKLTF-AJ17*p02_BV13-1-CASSDAPGRGEQYF-BJ2-7,112.0,2,1,1,4,3,96,2,3,2,3,5,6,0
BL6-BALBc_HTxB,AV6-1-CAPPRDTNAYKVIF-AJ30_BV5-CASSQVLGGLEQYF-BJ2-7,169.0,1,1,1,7,8,14,2,5,0,8,62,1,2
BL6-BALBc_HTxB,AV6D-6-CALSDRGTNTGKLTF-AJ27_BV29-CASTPGLQDTQYF-BJ2-5,167.0,3,6,0,5,22,13,5,10,8,9,36,6,0
BL6-BALBc_HTxB,AV1-CAVRDSYAQGLTF-AJ26_BV13-1-CASSDDRVGNTLYF-BJ1-3,157.0,1,3,2,105,9,11,3,5,0,6,17,4,0
BL6-BALBc_HTxB,AV16D/DV11-CAMREGMGYKLTF-AJ9_BV13-2-CASGETNTEVFF-BJ1-1,2009.0,3,6,9,101,36,135,6,9,1,25,35,6,2
BL6-BALBc_HTxB,AV4-3-CAAEASSSFSKLVF-AJ50_BV13-2-CASGAMYEQYF-BJ2-7,169.0,1,6,3,58,42,43,3,8,0,4,8,1,0
BL6-BALBc_HTxB,AV12-2-CALSDTGANTGKLTF-AJ52_BV1-CTCSADPSYEQYF-BJ2-7,188.0,2,2,2,3,4,3,2,8,0,9,2,59,0
BL6-BALBc_HTxB,AV7D-3-CAVSNQGGRALIF-AJ15_BV13-2-CASGDTVGNQAPLF-BJ1-5,447.0,2,4,5,14,14,16,119,6,3,19,23,10,0
BL6-BALBc_HTxB,AV14-3-CAASEASSGSWQLIF-AJ22_BV3-CASSPTGYEQYF-BJ2-7,114.0,0,1,0,4,3,5,0,0,0,16,7,1,0
BL6-BALBc_HTxB,AV16/DV11-CAMREDYANKMIF-AJ47_BV14-CASSFGTPPNERLFF-BJ1-4,159.0,0,1,4,8,2,3,0,1,0,7,8,12,0
BL6-BALBc_HTxB,AV16D/DV11-CAMRGDSNYQLIW-AJ33_BV13-2-CASGDNYEQYF-BJ2-7,25.0,0,0,0,0,2,0,0,0,0,0,0,0,0
BL6-BALBc_HTxB,AV4-3-CAAEADTGNYKYVF-AJ40_BV4-CASSWGGGAETLYF-BJ2-3,1476.0,6,6,145,38,37,23,16,13,2,36,48,25,0
BL6-BALBc_HTxB,AV16D/DV11-CAMREDNNRIFF-AJ31_BV13-2-CASGEIATNTGQLYF-BJ2-2,104.0,1,1,1,63,5,16,0,2,0,3,6,1,0
BL6-BALBc_HTxB,AV7-4-CAASEPSNTGGLSGKLTF-AJ2_BV29-CASSGTTNSDYTF-BJ1-2,270.0,3,13,1,10,5,2,2,13,0,6,25,8,0
BL6-BALBc_HTxB,AV16D/DV11-CAMREGASSGSWQLIF-AJ22_BV13-2-CASGGLGGSYEQYF-BJ2-7,300.0,4,1,6,3,8,8,1,4,2,6,7,6,0
BL6-BALBc_HTxB,AV13-4/DV7-CANQGGSAKLIF-AJ57_BV13-3-CASSSGGVKAEQFF-BJ2-1,1212.0,3,1,8,9,104,9,1,8,5,20,19,3,1
BL6-BALBc_HTxB,AV19-CAAANTGYQNFYF-AJ49_BV17-CASSRDPWGGSAETLYF-BJ2-3,210.0,2,2,9,7,11,29,3,3,0,5,11,5,0
BL6-BALBc_HTxB,AV16/DV11-CAMREGLANKMIF-AJ47_BV13-2-CASGETGGAYEQYF-BJ2-7,263.0,2,2,4,66,9,24,2,5,0,11,19,0,0
BL6-BALBc_HTxB,AV12-2-CALNTGYQNFYF-AJ49_BV13-1-CASSDAGGYEQYF-BJ2-7,1099.0,2,0,6,5,11,33,2,4,0,5,12,4,1
BL6-BALBc_HTxB,AV16D/DV11-CAMRESGTGGYKVVF-AJ12_BV13-2-CASGENRGDSDYTF-BJ1-2,346.0,0,2,3,7,8,93,61,5,0,8,13,4,0
BL6-BALBc_HTxB,AV12-2-CALRGTGGYKVVF-AJ12_BV2-CASSQGGVEQYF-BJ2-7,201.0,0,1,1,3,7,1,0,0,0,13,13,3,0
BL6-BALBc_HTxB,AV6D-5-CALGDPTGYQNFYF-AJ49_BV4-CASSYRGPYNSPLYF-BJ1-6,114.0,21,1,2,6,5,4,2,0,1,1,2,0,0
BL6-BALBc_HTxB,AV1-CAVRDSYAQGLTF-AJ26_BV13-1-CASSDDRVGNTLYF-BJ1-3,53.0,0,0,1,105,5,6,1,1,0,2,4,2,0
BL6-BALBc_HTxB,AV9-1-CAAYSNNRLTL-AJ7_BV29-CASRTANTEVFF-BJ1-1,28.0,1,3,1,4,0,1,0,1,1,2,2,0,0
BL6-BALBc_HTxB,AV16/DV11-CAMREGNNNNAPRF-AJ43*p03_BV13-2-CASGENTGQLYF-BJ2-2,1758.0,0,2,1,11,17,132,1,41,0,5,9,2,0
BL6-BALBc_HTxB,AV13-1-CAIGNYQLIW-AJ33_BV29-CASSPGTGDEQYF-BJ2-7,2143.0,1,1,13,8,14,14,12,4,1,18,17,8,0
BL6-BALBc_HTxB,AV16/DV11-CAMREGNTGDYKYVF-AJ40_BV13-2-CASGETGEDTQYF-BJ2-5,54.0,0,0,0,24,2,23,0,3,0,2,6,1,0
BL6-BALBc_HTxB,AV12D-1-CALRPGSALGRLHF-AJ18_BV13-2-CASGEPGLHAEQFF-BJ2-1,659.0,3,2,12,20,18,17,0,7,1,18,23,3,2
BL6-BALBc_HTxB,AV16/DV11-CAMREDGNEKITF-AJ48_BV13-2-CASGDRQGAREQYF-BJ2-7,101.0,0,0,1,2,3,2,25,0,1,3,9,0,0
BL6-BALBc_HTxB,AV8-2-CATDANNAGAKLTF-AJ39_BV13-1-CASSGGNYAEQFF-BJ2-1,179.0,1,2,14,10,19,6,5,8,3,9,9,15,0
BL6-BALBc_HTxB,AV3-3-CAVPRGGSGNKLIF-AJ32_BV29-CASSLGGQDTQYF-BJ2-5,41.0,0,1,0,0,0,2,0,1,1,1,12,0,2
BL6-BALBc_HTxB,AV4-3-CAAEANSAGNKLTF-AJ17*p02_BV13-3-CASSQLAEQFF-BJ2-1,73.0,4,1,0,0,4,2,0,1,0,1,66,4,0
BL6-BALBc_HTxB,AV6-6-CALSNYGNEKITF-AJ48_BV13-2-CASGDGGALEQYF-BJ2-7,1008.0,1,2,1,33,13,2,1,4,3,6,29,6,1
BL6-BALBc_HTxB,AV5-1-CSASSDTNAYKVIF-AJ30_BV13-2-CASGDGGALEQYF-BJ2-7,170.0,0,0,7,16,5,4,0,32,0,5,5,3,0
BL6-BALBc_HTxB,AV16/DV11-CAMRYIASSSFSKLVF-AJ50_BV13-1-CASRDGTENTEVFF-BJ1-1,46.0,6,0,7,7,3,1,9,2,3,12,6,10,0
BL6-BALBc_HTxB,AV16D/DV11-CAMRESGTGGYKVVF-AJ12_BV13-2-CASGENRGDSDYTF-BJ1-2,125.0,3,3,2,5,5,61,85,4,1,4,5,2,0
BL6-BALBc_HTxB,AV4D-3-CAAEAPSGSWQLIF-AJ22_BV16-CASSTGQNTEVFF-BJ1-1,2768.0,4,3,7,25,30,18,4,10,3,87,29,8,0
BL6-BALBc_HTxB,AV7-3-CAVDNTGKLTF-AJ27_BV29-CASGYRTGAYEQYF-BJ2-7,90.0,7,10,12,5,20,11,11,8,0,17,21,29,0
BL6-BALBc_HTxB,AV6D-6-CALSDGGSNYKLTF-AJ53_BV13-3-CASSDLGAEQYF-BJ2-7,277.0,2,1,4,3,7,117,2,6,0,13,9,11,0
BL6-BALBc_HTxB,AV4-3-CAADTNAYKVIF-AJ30_BV29-CASTPGLQDTQYF-BJ2-5,410.0,2,6,4,11,12,9,2,6,1,19,56,13,1
BL6-BALBc_HTxB,AV16D/DV11-CAMREGNTNTGKLTF-AJ27_BV1-CTCSADGVYAEQFF-BJ2-1,166.0,2,1,3,17,10,11,1,13,0,13,21,76,0
BL6-BALBc_HTxB,AV4-3-CAAEADTGNYKYVF-AJ40_BV31-CAWSLWTGVEQYF-BJ2-7,77.0,0,0,182,7,7,6,11,4,1,3,7,3,0
BL6-BALBc_HTxB,AV8-1-CATDTGGADRLTF-AJ45_BV4-CASSFDWGAETLYF-BJ2-3,74.0,0,0,10,3,3,4,0,1,0,7,8,4,0
BL6-BALBc_HTxB,AV3-3-CAVDTNAYKVIF-AJ30_BV13-2-CASGDGGREQYF-BJ2-7,700.0,0,1,10,7,5,5,1,1,3,12,9,3,0
BL6-BALBc_HTxB,AV16D/DV11-CAMREINTGNYKYVF-AJ40_BV13-3-CASRGTGVYAEQFF-BJ2-1,1002.0,3,4,8,26,65,27,8,11,2,19,22,6,0
BL6-BALBc_HTxB,AV6-6-CALGDNTGANTGKLTF-AJ52_BV13-1-CASISGNTLYF-BJ1-3,54.0,1,1,1,2,6,4,0,1,7,8,18,5,0
BL6-BALBc_HTxB,AV6-6-CALGDDTGANTGKLTF-AJ52_BV13-2-CASGDWGRREQYF-BJ2-7,133.0,2,2,14,5,11,14,6,0,0,12,15,14,1
BL6-BALBc_HTxB,AV4-3-CAAEDNNRIFF-AJ31_BV12-2-CASSPDWGQDTQYF-BJ2-5,1043.0,125,5,14,29,30,24,8,12,9,26,56,8,0
BL6-BALBc_HTxB,AV7-5-CAMSLFNNYAQGLTF-AJ26_BV5-CASSQDGTEEVFF-BJ1-1,156.0,14,5,6,6,23,3,1,8,3,5,38,7,0
BL6-BALBc_HTxB,AV16D/DV11-CAMREDGNEKITF-AJ48_BV20-CGAGGFSYEQYF-BJ2-7,171.0,6,4,2,16,210,11,2,5,1,12,27,6,0
BL6-BALBc_HTxB,AV16D/DV11-CAMREHDTNAYKVIF-AJ30_BV29-CASSLGTAEQFF-BJ2-1,145.0,2,4,3,2,17,6,1,2,1,5,20,11,0
BL6-BALBc_HTxB,AV7D-4-CAAPYQGGRALIF-AJ15_BV31-CAWSPGNYAEQFF-BJ2-1,113.0,0,1,2,8,36,15,2,0,0,3,15,2,2
BL6-BALBc_HTxB,AV8-2-CATDEKITF-AJ48_BV12-2-CASSQLGYEQYF-BJ2-7,110.0,1,0,1,10,11,7,0,2,2,8,6,2,0
BL6-BALBc_HTxB,AV5-1-CSASVDYAQGLTF-AJ26_BV29-CASRTAYEQYF-BJ2-7,595.0,3,1,5,15,14,10,1,11,0,12,46,6,0
BL6-BALBc_HTxB,AV16/DV11-CAMREDTNAYKVIF-AJ30_BV13-2-CASGDALGGFSYEQYF-BJ2-7,101.0,2,0,2,70,8,9,1,20,0,88,69,2,1
BL6-BALBc_HTxB,AV7D-2-CAAGTGGYKVVF-AJ12_BV5-CASSQAGTGYAEQFF-BJ2-1,174.0,3,3,2,17,8,8,1,1,0,10,8,3,0
BL6-BALBc_HTxB,AV16/DV11-CAMREDSSNTDKVVF-AJ34*p03_BV5-CASSQDLGGQNTLYF-BJ2-4,184.0,1,1,4,9,12,13,4,2,0,21,399,8,0
BL6-BALBc_HTxB,AV12D-1-CALRPGSALGRLHF-AJ18_BV13-2-CASGEPGLHAEQFF-BJ2-1,3663.0,6,7,22,39,35,34,7,11,4,38,46,20,2
BL6-BALBc_HTxB,AV16D/DV11-CAMRAHYSNNRLTL-AJ7_BV13-2-CASGEQYEQYF-BJ2-7,363.0,0,1,3,11,12,188,7,5,2,9,17,10,2
BL6-BALBc_HTxB,AV7-3-CAVSHYAQGLTF-AJ26_BV13-2-CASGDQGASGNTLYF-BJ1-3,133.0,0,0,4,4,9,11,3,1,8,4,8,5,0
BL6-BALBc_HTxB,AV6D-7-CALSDVGDNSKLIW-AJ38_BV13-1-CASSGGGWAEQFF-BJ2-1,55.0,3,1,1,4,4,5,1,1,1,2,221,2,0
BL6-BALBc_HTxB,AV7-3-CAVDYANKMIF-AJ47_BV19-CASSIGGVQDTQYF-BJ2-5,172.0,5,2,6,11,36,2,8,11,5,13,18,14,2
BL6-BALBc_HTxB,AV14-2-CAAPTGFASALTF-AJ35_BV1-CTCSAVRGGTEVFF-BJ1-1,111.0,0,0,0,10,2,2,0,1,1,1,3,1,0
BL6-BALBc_HTxB,AV7-3-CAVSITGNTRKLIF-AJ37*p02_BV1-CTCSAGLGASAETLYF-BJ2-3,124.0,1,4,6,4,6,4,4,9,9,29,12,15,0
BL6-BALBc_HTxB,AV12-2-CALSVMDSNYQLIW-AJ33_BV1-CTCSATGGDTEVFF-BJ1-1,116.0,0,0,1,7,2,7,1,2,0,1,5,22,0
BL6-BALBc_HTxB,AV9D-3-CAVSAFSGGSNYKLTF-AJ53_BV29-CASSLSRGTGQLYF-BJ2-2,144.0,4,5,2,1,15,9,5,14,0,6,13,7,0
BL6-BALBc_HTxB,AV7-3-CAVDTGYQNFYF-AJ49_BV13-1-CASSDALGGYEQYF-BJ2-7,577.0,3,7,153,21,25,21,26,9,1,16,36,19,0
BL6-BALBc_HTxB,AV16D/DV11-CAMREGSGYNKLTF-AJ11*p02_BV13-2-CASGRDNANSDYTF-BJ1-2,237.0,0,4,3,8,1,2,1,13,0,4,10,9,0
BL6-BALBc_HTxB,AV16D/DV11-CAMREGDSNYQLIW-AJ33_BV13-2-CASGETGGGNYAEQFF-BJ2-1,123.0,1,2,0,3,9,4,0,8,2,4,7,3,1
BL6-BALBc_HTxB,AV7D-2-CAAPYSNYQLIW-AJ33_BV5-CASSSGGVTEVFF-BJ1-1,237.0,5,3,9,15,10,16,3,12,4,14,28,4,2
BL6-BALBc_HTxB,AV16D/DV11-CAMRENSGYNKLTF-AJ11*p02_BV13-2-CASGETGGREQYF-BJ2-7,1192.0,4,5,14,65,33,27,11,25,1,36,68,14,0
BL6-BALBc_HTxB,AV8D-2-CATDNNNAPRF-AJ43*p03_BV1-CTCSAGQPNTGQLYF-BJ2-2,1694.0,9,7,17,61,39,41,11,15,3,44,71,23,2
BL6-BALBc_HTxB,AV7-4-CAARFMDYANKMIF-AJ47_BV31-CAWSLGFAADYTF-BJ1-2,146.0,1,0,1,5,20,4,5,1,1,8,2,4,0
BL6-BALBc_HTxB,AV6-1-CVLAPSSGSWQLIF-AJ22_BV19-CASSIVRVAETLYF-BJ2-3,101.0,12,10,19,30,5,11,4,5,10,18,98,19,1
BL6-BALBc_HTxB,AV4-3-CGADYQGGSAKHIF-AJ57_BV13-1-CASSDAHYEQYF-BJ2-7,1002.0,0,4,10,10,6,192,24,6,3,10,15,3,0
BL6-BALBc_HTxB,AV9-3-CAVGSNYQLIW-AJ33_BV13-1-CASSDAGGVYEQYF-BJ2-7,718.0,2,2,8,4,13,4,0,3,0,13,8,5,0
BL6-BALBc_HTxB,AV9-3-CAAVDTNAYKVIF-AJ30_BV13-1-CASEGGDTEVFF-BJ1-1,98.0,1,2,2,1,4,5,0,3,1,1,40,5,0
BL6-BALBc_HTxB,AV16/DV11-CAMREGYGGSGNKLIF-AJ32_BV31-CAWSQTGPNTEVFF-BJ1-1,92.0,0,9,6,8,9,1,0,1,1,3,6,1,1
BL6-BALBc_HTxB,AV13D-3-CAMRTNSAGNKLTF-AJ17*p02_BV17-CASSRRLGEDTQYF-BJ2-5,86.0,0,1,1,1,4,5,2,1,1,89,6,0,0
BL6-BALBc_HTxB,AV10D-CAASPGNTRKLIF-AJ37*p02_BV20-CGARINNTEVFF-BJ1-1,179.0,2,53,15,2,9,7,3,1,0,5,6,5,0
BL6-BALBc_HTxB,AV6D-7-CALTDTGGLSGKLTF-AJ2_BV1-CTCSAVRAGNTLYF-BJ1-3,515.0,0,1,3,2,6,5,7,24,1,7,8,7,0
BL6-BALBc_HTxB,AV13D-4-CATGNTRKLIF-AJ37*p02_BV31-CAWGNTEVFF-BJ1-1,165.0,0,0,0,1,7,2,0,1,2,7,11,1,1
BL6-BALBc_HTxB,AV7D-3-CAVYQGGRALIF-AJ15_BV13-2-CASGDVLGGYEQYF-BJ2-7,84.0,0,0,62,3,2,1,0,3,0,2,8,3,0
BL6-BALBc_HTxB,AV3-1-CAVSEKGTGSNRLTF-AJ28_BV13-3-CASSDPGNTLYF-BJ1-3,93.0,0,0,1,1,3,2,0,0,0,8,32,3,0
BL6-BALBc_HTxB,AV12-2-CALSDSSGSWQLIF-AJ22_BV20-CGARINNTEVFF-BJ1-1,1481.0,2,14,6,11,12,3,10,12,0,14,70,7,2
BL6-BALBc_HTxB,AV3-3-CAVSAVDSNYQLIW-AJ33_BV19-CASTPPLGGYAEQFF-BJ2-1,247.0,1,2,2,122,6,4,3,3,0,1,10,3,0
BL6-BALBc_HTxB,AV16/DV11-CAMREGLGGNNKLTF-AJ56_BV1-CTCSAAGTGNTEVFF-BJ1-1,1807.0,6,7,13,64,34,23,8,11,3,43,50,7,1
BL6-BALBc_HTxB,AV16D/DV11-CAMREGNNYQLIW-AJ33_BV13-2-CASGGLDQAPLF-BJ1-5,1369.0,4,9,10,38,31,21,7,18,0,35,46,13,0
BL6-BALBc_HTxB,AV3-3-CAVSEDSGYNKLTF-AJ11*p02_BV13-3-CASNRDRISNERLFF-BJ1-4,243.0,2,3,5,180,11,15,4,4,2,19,28,5,0
BL6-BALBc_HTxB,AV16/DV11-CAMRESGGSNYKLTF-AJ53_BV31-CAWSLYGYEQYF-BJ2-7,246.0,5,4,9,10,114,5,13,4,3,19,15,5,1
BL6-BALBc_HTxB,AV16/DV11-CAMREGNTGNYKYVF-AJ40_BV13-2-CASGGIYEQYF-BJ2-7,2153.0,3,11,6,29,245,26,6,18,4,32,37,13,0
BL6-BALBc_HTxB,AV14-2-CAASGASGGNYKPTF-AJ6_BV13-1-CASSDDRVGNTLYF-BJ1-3,881.0,8,9,5,339,31,9,4,17,5,33,51,16,1
BL6-BALBc_HTxB,AV13D-2-CAIDPDMGYKLTF-AJ9_BV2-CASSQTSAETLYF-BJ2-3,155.0,4,0,1,51,1,0,1,1,0,6,3,3,0
BL6-BALBc_HTxB,AV16D/DV11-CAMRVSNTGYQNFYF-AJ49_BV1-CTCSEDRVYAEQFF-BJ2-1,308.0,2,50,4,27,14,15,2,1,1,21,12,3,2
BL6-BALBc_HTxB,AV10D-CAASMDYANKMIF-AJ47_BV3-CASSTTGGQDTQYF-BJ2-5,1272.0,6,4,13,28,17,16,5,12,5,638,20,5,0
BL6-BALBc_HTxB,AV9-2-CAASSDYANKMIF-AJ47_BV3-CASSSTGFEQYF-BJ2-7,266.0,3,3,9,16,21,9,4,9,3,641,26,3,0
BL6-BALBc_HTxB,AV9-1-CAVREDMGYKLTF-AJ9_BV13-2-CASGDGGALEQYF-BJ2-7,2175.0,4,9,12,86,31,19,3,15,1,34,56,17,1
BL6-BALBc_HTxB,AV16/DV11-CAMREGGGASSSFSKLVF-AJ50_BV16-CASSLGAGPYEQYF-BJ2-7,75.0,2,11,0,4,7,2,1,8,1,2,10,5,0
BL6-BALBc_HTxB,AV13-4/DV7-CANQGGSAKLIF-AJ57_BV1-CTCSADGVYAEQFF-BJ2-1,121.0,2,1,5,3,136,1,3,1,0,2,3,0,0
BL6-BALBc_HTxB,AV7-4-CAAPMDYANKMIF-AJ47_BV13-2-CASGGLAEQFF-BJ2-1,267.0,1,10,2,20,17,9,3,9,0,16,16,7,0
BL6-BALBc_HTxB,AV16/DV11-CAMREDTNAYKVIF-AJ30_BV13-2-CASGDVQNPYF-BJ2-5,61.0,0,3,0,12,4,4,1,11,2,23,29,1,0
BL6-BALBc_HTxB,AV16D/DV11-CAMRESGGYKVVF-AJ12_BV1-CTCSAGSLGGAETLYF-BJ2-3,211.0,1,2,1,5,8,5,0,8,0,12,9,2,0
BL6-BALBc_HTxB,AV5-1-CSASANSAGNKLTF-AJ17*p02_BV13-2-CASGDAGVEVFF-BJ1-1,103.0,0,0,4,3,3,0,1,1,0,6,13,0,0
BL6-BALBc_HTxB,AV7-4-CAASEHYWQLIF-AJ22_BV1-CTCSAEGVSYEQYF-BJ2-7,230.0,5,9,5,3,18,3,0,5,1,15,4,7,1
BL6-BALBc_HTxB,AV7-3-CAVSITGNTRKLIF-AJ37*p02_BV1-CTCSAGRGDAEQYF-BJ2-1,266.0,3,1,0,9,4,2,1,2,2,10,6,1,0
BL6-BALBc_HTxB,AV16D/DV11-CAMRENSGYNKLTF-AJ11*p02_BV13-2-CASGETGGREQYF-BJ2-7,61.0,0,0,0,1,0,2,0,1,0,1,6,1,1
BL6-BALBc_HTxB,AV9-3-CAVSPNNNAGAKLTF-AJ39_BV13-3-CASSGTVTNSDYTF-BJ1-2,193.0,4,9,4,8,29,7,10,12,0,23,26,20,0
BL6-BALBc_HTxB,AV7D-2-CAAGTGGYKVVF-AJ12_BV13-3-CASSDPGNTLYF-BJ1-3,118.0,0,0,0,1,6,1,0,0,0,3,14,14,0
BL6-BALBc_HTxB,AV16/DV11-CAMREDNNNAPRF-AJ43*p03_BV13-3-CASSDWGGAETLYF-BJ2-3,147.0,2,0,2,2,9,2,8,15,0,2,19,12,1
BL6-BALBc_HTxB,AV5D-4-CAASLDSNYQLIW-AJ33_BV3-CASSLGRGLEQYF-BJ2-7,339.0,6,16,22,22,46,11,11,50,5,36,45,42,1
BL6-BALBc_HTxB,AV6D-4-CALVDDSGYNKLTF-AJ11*p02_BV4-CASSLTDEQYF-BJ2-7,786.0,2,6,13,31,32,23,5,11,2,23,226,6,1
BL6-BALBc_HTxB,AV3-3-CAVNPSSSGSWQLIF-AJ22_BV13-1-CASSDVGVEQYF-BJ2-7,212.0,0,1,1,4,5,79,2,1,1,7,5,5,1
BL6-BALBc_HTxB,AV9D-3-CAVSPNYNVLYF-AJ21*p03_BV29-CASSLKAGEGYF-BJ2-7,3105.0,4,3,6,14,5,11,3,5,0,7,26,5,1
BL6-BALBc_HTxB,AV7-4-CADNTNTGKLTF-AJ27_BV12-2-CASSLEQGEDTQYF-BJ2-5,66.0,9,1,1,0,6,1,2,1,0,0,5,0,0
BL6-BALBc_HTxB,AV6-1-CVLAPSSGSWQLIF-AJ22_BV19-CASSIVRVAETLYF-BJ2-3,62.0,3,8,5,11,2,2,0,0,7,20,41,5,0
BL6-BALBc_HTxB,AV12-1-CALSDPSNTDKVVF-AJ34*p03_BV13-1-CASSPHYNYAEQFF-BJ2-1,164.0,0,4,2,9,6,6,2,4,0,3,347,0,0
BL6-BALBc_HTxB,AV7-4-CAANTNTGKLTF-AJ27_BV31-CAWLGENSYEQYF-BJ2-7,81.0,0,0,11,1,3,3,0,5,9,6,8,2,0
BL6-BALBc_HTxB,AV16/DV11-CAMREGNTGNYKYVF-AJ40_BV3-CASSSTGFEQYF-BJ2-7,168.0,0,3,1,4,5,6,1,9,4,21,11,3,2
BL6-BALBc_HTxB,AV16/DV11-CAMRETGGYKVVF-AJ12_BV13-2-CASGDQGGRAPLF-BJ1-5,220.0,1,1,0,76,6,2,0,1,0,3,9,3,0
BL6-BALBc_HTxB,AV16D/DV11-CAMREGVNTDKVVF-AJ34*p03_BV13-3-CASSDGTGSYNSPLYF-BJ1-6,315.0,1,3,5,22,17,18,5,11,2,8,56,5,1
BL6-BALBc_HTxB,AV5-1-CSASTGGADRLTF-AJ45_BV20-CGAREWGQDTQYF-BJ2-5,137.0,1,4,8,11,16,24,3,11,0,24,11,7,2
BL6-BALBc_HTxB,AV6-6-CALGDLTGYQNFYF-AJ49_BV4-CASRDWGDTGQLYF-BJ2-2,98.0,2,1,6,8,17,4,5,7,0,7,14,14,1
BL6-BALBc_HTxB,AV16/DV11-CAMRDSGGSNAKLTF-AJ42_BV13-1-CASSDRGSQNTLYF-BJ2-4,84.0,0,0,99,4,3,3,0,2,0,6,2,1,0
BL6-BALBc_HTxB,AV13-1-CAMELSSGSWQLIF-AJ22_BV4-CASSYGEQYF-BJ2-7,35.0,1,0,1,3,7,5,6,2,0,5,151,5,0
BL6-BALBc_HTxB,AV16/DV11-CAMREGLGGNNKLTF-AJ56_BV1-CTCSAAGTGNTEVFF-BJ1-1,173.0,3,0,2,17,4,5,0,4,1,4,10,1,0
BL6-BALBc_HTxB,AV19-CAAANTGYQNFYF-AJ49_BV17-CASSRDPWGGSAETLYF-BJ2-3,92.0,0,2,4,8,10,7,6,3,0,5,11,4,0
BL6-BALBc_HTxB,AV16D/DV11-CAMREGEMPNYNVLYF-AJ21*p03_BV31-CAWSPGNYAEQFF-BJ2-1,106.0,0,0,0,4,49,1,0,1,0,9,3,0,0
BL6-BALBc_HTxB,AV16/DV11-CAMREDSSNTDKVVF-AJ34*p03_BV5-CASSQDLGGQNTLYF-BJ2-4,83.0,1,3,1,4,9,5,1,2,0,7,132,2,0
BL6-BALBc_HTxB,AV8D-2-CATASSGSWQLIF-AJ22_BV29-CASSSTGTANERLFF-BJ1-4,49.0,0,0,3,3,1,3,2,1,0,6,13,1,0
BL6-BALBc_HTxB,AV7D-5-CAVSMNYANKMIF-AJ47_BV31-CAWSLWTGVEQYF-BJ2-7,39.0,0,0,62,3,1,4,2,8,1,6,9,7,0
BL6-BALBc_HTxB,AV16D/DV11-CAMREGLDSNYQLIW-AJ33_BV1-CTCSAEGVSYEQYF-BJ2-7,48.0,1,0,1,42,4,8,0,4,1,3,5,2,0
BL6-BALBc_HTxB,AV16D/DV11-CAMREANSGTYQRF-AJ13_BV1-CTCSADKVYAEQFF-BJ2-1,103.0,2,1,2,52,5,4,2,6,2,4,20,2,0
BL6-BALBc_HTxB,AV13-1-CAMELSSGSWQLIF-AJ22_BV4-CASSYGEQYF-BJ2-7,525.0,2,3,5,15,15,14,4,2,2,13,166,5,0
BL6-BALBc_HTxB,AV6-1-CVLVPSSGSWQLNF-AJ22_BV17-CASSPGQNTGQLYF-BJ2-2,37.0,1,2,15,2,15,3,2,6,0,5,7,8,0
BL6-BALBc_HTxB,AV16D/DV11-CAMREANSAGNKLTF-AJ17*p02_BV13-1-CASSDVGGEQYF-BJ2-7,26.0,0,0,5,2,3,52,0,1,1,1,3,2,0
BL6-BALBc_HTxB,AV6D-6-CALTDTNAYKVIF-AJ30_BV13-1-CASSDVGGQDTQYF-BJ2-5,81.0,1,0,1,3,1,4,1,1,0,2,9,2,1
BL6-BALBc_HTxB,AV3-3-CAVSYNNNRIFF-AJ31_BV13-1-CASSDRGRQDTQYF-BJ2-5,141.0,0,1,0,5,2,4,1,1,0,4,7,0,0
BL6-BALBc_HTxB,AV16D/DV11-CAMREGTGSWQLIF-AJ22_BV13-2-CASGDLGTDNNQAPLF-BJ1-5,105.0,6,1,2,14,9,3,1,1,2,37,134,5,1
BL6-BALBc_HTxB,AV16D/DV11-CAMREGNTNTGKLTF-AJ27_BV1-CTCSADGVYAEQFF-BJ2-1,5141.0,11,8,24,55,58,42,17,23,2,35,72,266,1
BL6-BALBc_HTxB,AV8-1-CATEGTGNYKYVF-AJ40_BV17-CASSRVGGDTEVFF-BJ1-1,6.0,0,0,0,0,0,0,4,0,0,0,1,0,0
BL6-BALBc_HTxB,AV6-6-CALGDLGSWQLIF-AJ22_BV4-CASSYAEQFF-BJ2-1,151.0,3,4,3,3,14,6,2,1,2,5,94,4,1
BL6-BALBc_HTxB,AV6-6-CALGDDTGANTGKLTF-AJ52_BV13-2-CASGDWGGDTQYF-BJ2-5,3471.0,5,10,14,38,48,20,3,13,1,33,43,19,1
BL6-BALBc_HTxB,AV3-1-CAELDSGYNKLTF-AJ11*p02_BV13-1-CASSDARLYEQYF-BJ2-7,264.0,2,1,4,108,18,8,7,7,1,12,7,3,0
BL6-BALBc_HTxB,AV12D-2-CAPPLASGSWQLMF-AJ22_BV14-CASSLREGVFF-BJ1-1,64.0,0,1,2,10,2,2,1,2,1,4,4,0,0
BL6-BALBc_HTxB,AV15-2/DV6-2-CALSELPGSNAKLTF-AJ42_BV13-2-CASGRGAGNTLYF-BJ1-3,277.0,7,1,3,13,12,35,3,39,0,5,10,3,1
BL6-BALBc_HTxB,AV8D-2-CATVGNRIFF-AJ31_BV1-CTCSAVRISNERLFF-BJ1-4,121.0,0,0,2,54,1,2,1,0,0,2,5,0,0
BL6-BALBc_HTxB,AV13D-3-CAMRTNSAGNKLTF-AJ17*p02_BV13-2-CASGTTYEQYF-BJ2-7,111.0,2,7,1,11,10,6,0,5,0,312,7,1,0
BL6-BALBc_HTxB,AV3-4-CAVSDTGGADRLTF-AJ45_BV13-2-CASGDPYEQYF-BJ2-7,180.0,0,0,3,6,3,34,3,4,0,4,6,1,0
BL6-BALBc_HTxB,AV12-2-CALSDLTGNYKYVF-AJ40_BV13-3-CASSGSGGNTLYF-BJ1-3,303.0,1,0,1,5,14,110,0,0,0,4,11,7,1
BL6-BALBc_HTxB,AV6-5-CALTDTGGLSGKLTF-AJ2_BV13-2-CASGGGGGEQYF-BJ2-7,239.0,2,25,21,11,21,10,19,23,1,36,16,23,0
BL6-BALBc_HTxB,AV7-5-CAMSLFNNYAQGLTF-AJ26_BV5-CASSQDGTEEVFF-BJ1-1,41.0,5,0,0,1,1,4,0,2,1,0,17,0,0
BL6-BALBc_HTxB,AV16D/DV11-CAMREDTNAYKVIF-AJ30_BV13-2-CASGETGANSDYTF-BJ1-2,158.0,1,0,1,7,7,88,1,83,2,5,6,3,0
BL6-BALBc_HTxB,AV16D/DV11-CAMRDTNAYKVIF-AJ30_BV13-2-CASGDVGGGQNTLYF-BJ2-4,86.0,3,2,0,3,4,21,0,2,0,3,5,2,0
BL6-BALBc_HTxB,AV3-1-CAVSAASSGSWQLIF-AJ22_BV13-3-CASSRDRGDTEVFF-BJ1-1,260.0,71,1,2,2,3,2,0,0,0,9,8,13,1
BL6-BALBc_HTxB,AV16D/DV11-CAMRAHYSNNRLTL-AJ7_BV13-2-CASGEQYEQYF-BJ2-7,218.0,0,2,4,5,5,211,1,1,3,4,8,2,1
BL6-BALBc_HTxB,AV13-1-CAMELSSGSWQLIF-AJ22_BV4-CASSYGEQYF-BJ2-7,44.0,0,0,0,3,2,3,0,1,0,2,20,0,0
BL6-BALBc_HTxB,AV10-CAETGGYKVVF-AJ12_BV29-CASSPGQGGGEVFF-BJ1-1,425.0,3,4,3,22,12,15,6,7,2,13,18,18,0
BL6-BALBc_HTxB,AV16D/DV11-CAMRAHYSNNRLTL-AJ7_BV13-2-CASGEQYEQYF-BJ2-7,131.0,1,0,1,2,0,176,1,1,0,1,9,3,0
BL6-BALBc_HTxB,AV6-4-CALVDASGSWQLIF-AJ22_BV13-2-CASGEQVPNERLFF-BJ1-4,299.0,0,0,6,277,2,1,1,1,0,4,7,1,0
BL6-BALBc_HTxB,AV12-1-CPLSDPSNTDKVVC-AJ34*p03_BV13-1-CASSPHYNYAEQFF-BJ2-1,47.0,1,0,7,2,7,1,0,2,2,5,100,8,0
BL6-BALBc_HTxB,AV13-1-CAMELSSGSWQLIF-AJ22_BV4-CASSYGEQYF-BJ2-7,299.0,2,1,0,8,20,7,2,5,2,6,299,7,2
BL6-BALBc_HTxB,AV7D-2-CAAPYSNYQLIW-AJ33_BV5-CASSSGGVTEVFF-BJ1-1,69.0,0,2,2,1,7,2,1,12,0,2,5,1,1
BL6-BALBc_HTxB,AV8D-2-CATDNNNAPRF-AJ43*p03_BV1-CTCSAGQPNTGQLYF-BJ2-2,192.0,10,8,4,78,10,10,3,10,1,12,41,4,1
BL6-BALBc_HTxB,AV6-6-CALGDLGTGSKLSF-AJ58_BV13-2-CASGPGTSEVFF-BJ1-1,142.0,0,3,1,11,3,2,2,3,1,3,6,1,0
BL6-BALBc_HTxB,AV8D-2-CATARNMGYKLTF-AJ9_BV29-CASSGGQSAETLYF-BJ2-3,117.0,0,1,1,2,0,3,2,1,0,11,4,2,0
BL6-BALBc_HTxB,AV6D-6-CALTSAYQGGRALIF-AJ15_BV19-CASTSGPSTEVFF-BJ1-1,749.0,3,5,5,19,24,11,4,5,2,22,22,70,1
BL6-BALBc_HTxB,AV15-2/DV6-2-CALSELPGSNAKLTF-AJ42_BV13-2-CASGRGAGNTLYF-BJ1-3,54.0,0,7,1,2,2,9,0,2,0,0,5,3,0
BL6-BALBc_HTxB,AV7-4-CAASEPSNTGGLS-AJ2_BV29-CASSGTTNSDYTF-BJ1-2,235.0,22,15,9,25,15,11,1,52,19,35,128,40,0
BL6-BALBc_HTxB,AV9D-1-CAAASSGSWQLIF-AJ22_BV31-CAWRRQGYEQYF-BJ2-7,46.0,0,0,1,25,3,2,1,3,0,2,4,0,0
BL6-BALBc_HTxB,AV16D/DV11-CAMRAANSGTYQRF-AJ13_BV13-2-CASGLDNSGNTLYF-BJ1-3,199.0,0,0,8,9,5,5,3,380,0,7,12,2,2
BL6-BALBc_HTxB,AV16/DV11-CAMREGLGGNNKLTF-AJ56_BV1-CTCSAAGTGNTEVFF-BJ1-1,77.0,0,1,0,3,3,1,0,1,0,3,7,1,0
BL6-BALBc_HTxB,AV6-7/DV9-CALGTGGNNKLTF-AJ56_BV13-2-CASGELSVSNYAEQFF-BJ2-1,116.0,2,1,9,8,15,7,7,13,6,15,18,10,0
BL6-BALBc_HTxB,AV3-4-CAVNNAGAKLTF-AJ39_BV1-CTCSADRVAEQFF-BJ2-1,56.0,2,1,1,7,1,7,0,3,0,5,9,6,0
BL6-BALBc_HTxB,AV9D-3-CAVSPDTNAYKVIF-AJ30_BV13-2-CASGDWGRGEQYF-BJ2-7,78.0,2,4,128,5,7,14,7,8,0,8,15,14,0
BL6-BALBc_HTxB,AV9-1-CAVSISYAQGLTF-AJ26_BV19-CASSIRGSGNTLYF-BJ1-3,266.0,4,4,1,2,12,7,1,4,6,6,9,8,0
BL6-BALBc_HTxB,AV13D-2-CAIDPNYNVLYF-AJ21*p03_BV13-3-CASSGTGGNEQYF-BJ2-7,368.0,1,2,3,4,8,147,1,9,0,8,12,9,0
BL6-BALBc_HTxB,AV13-1-CAPASSSFSKLVF-AJ50_BV19-CASSAGYNSPLYF-BJ1-6,78.0,0,0,9,2,3,6,7,4,0,4,4,5,0
BL6-BALBc_HTxB,AV6-5-CALSDLYANKMIF-AJ47_BV3-CASSFGTGGYEQYF-BJ2-7,1526.0,4,4,9,17,16,15,1,10,1,209,28,6,1
BL6-BALBc_HTxB,AV16/DV11-CAMRESGNYKYVF-AJ40_BV13-2-CASGGQGAQNTLYF-BJ2-4,836.0,2,6,3,106,12,9,3,8,2,10,26,11,1
BL6-BALBc_HTxB,AV6-2-CVLGDDNYAQGLTF-AJ26_BV29-CASRAGGYAEQFF-BJ2-1,280.0,4,1,4,60,8,7,2,1,0,8,11,0,1
BL6-BALBc_HTxB,AV16/DV11-CAMREDNNAGAKLTF-AJ39_BV13-2-CASGTGVYEQYF-BJ2-7,181.0,0,1,2,1,2,3,1,17,0,3,9,0,0
BL6-BALBc_HTxB,AV16/DV11-CAMREGLAYKVIF-AJ30_BV13-2-CASGGANSDYTF-BJ1-2,212.0,1,5,6,105,9,14,2,4,3,8,18,3,1
BL6-BALBc_HTxB,AV9-4-CAVSSPDTNAYKVIF-AJ30_BV13-2-CASGASGGNTLYF-BJ1-3,93.0,0,1,0,5,1,3,0,9,0,2,3,2,0
BL6-BALBc_HTxB,AV3-3-CAVSAVDSNYQLIW-AJ33_BV19-CASTPPLGGYAEQFF-BJ2-1,323.0,3,1,3,143,12,3,1,1,0,8,8,2,1
BL6-BALBc_HTxB,AV5-1-CSASTGGFASALT-AJ35_BV13-1-CASSDDRVGNTLYF-BJ1-3,120.0,4,0,0,193,9,5,3,1,1,6,11,14,0
BL6-BALBc_HTxB,AV6-6-CALGTFSNTDKVVF-AJ34*p03_BV13-1-CASSDVRDSGNTLYF-BJ1-3,153.0,0,1,1,163,7,6,2,3,1,5,7,1,0
BL6-BALBc_HTxB,AV9-3-CAVSLNNYAQGLTF-AJ26_BV13-3-CASSDIGNTLYF-BJ2-4,84.0,0,0,1,4,3,2,0,1,0,0,22,2,0
BL6-BALBc_HTxB,AV3D-3-CALPMPNYNVLYF-AJ21*p03_BV13-2-CASGGGLGGLEQYF-BJ2-7,183.0,1,2,5,9,9,4,4,4,1,2,5,0,1
BL6-BALBc_HTxB,AV6-4-CALVEGGGSGNKLIF-AJ32_BV5-CASSPHWDYAEQFF-BJ2-1,81.0,0,0,3,6,8,5,0,1,0,2,11,31,0
BL6-BALBc_HTxB,AV16D/DV11-CAMREGNYGGSGNKLIF-AJ32_BV20-CGARDLGVPNERLFF-BJ1-4,80.0,0,2,0,0,5,2,1,2,0,3,7,105,0
BL6-BALBc_HTxB,AV6-3-CAMRDFSGGSNAKLTF-AJ42_BV13-1-CASSEGWEQYF-BJ2-7,148.0,2,3,4,6,330,11,6,1,0,6,7,5,1
BL6-BALBc_HTxB,AV9D-4-CALSASSNYQLIW-AJ33_BV14-CASSLARVDEQYF-BJ2-7,169.0,1,10,1,27,5,10,0,5,1,6,11,6,0
BL6-BALBc_HTxB,AV9-1-CAVSVDTNAYKVIF-AJ30_BV17-CASSFGQAGSGNTLYF-BJ1-3,144.0,1,2,2,2,6,1,1,2,0,15,8,5,0
BL6-BALBc_HTxB,AV4D-3-CAAEYQGGRALIF-AJ15_BV13-1-CASSDAGVYEQYF-BJ2-7,248.0,0,1,3,12,9,4,0,4,3,16,14,11,1
BL6-BALBc_HTxB,AV16/DV11-CAMREGNTGYQNFYF-AJ49_BV13-2-CASGRGAGNTLYF-BJ1-3,95.0,1,0,1,0,1,9,0,1,0,3,4,0,0
BL6-BALBc_HTxB,AV16/DV11-CAMRENTGANTGKLTF-AJ52_BV13-3-CASSSGGVKAEQFF-BJ2-1,102.0,3,0,2,7,301,4,0,3,2,11,8,3,0
BL6-BALBc_HTxB,AV16/DV11-CAMREGNTGYQNFYF-AJ49_BV13-2-CASGRGAGNTLYF-BJ1-3,192.0,2,2,3,13,9,29,0,16,0,12,20,2,2
BL6-BALBc_HTxB,AV16D/DV11-CAMRAHYSNNRLTL-AJ7_BV13-2-CASGEQYEQYF-BJ2-7,249.0,3,4,4,20,13,415,0,10,3,13,30,5,0
BL6-BALBc_HTxB,AV7-4-CAARDSNYQLIW-AJ33_BV1-CTCSADWGANERLFF-BJ1-4,68.0,1,0,0,2,6,5,1,1,0,2,9,53,0
BL6-BALBc_HTxB,AV9-4-CAVSSPDTNAYKVIF-AJ30_BV13-2-CASGASGGNTLYF-BJ1-3,87.0,5,12,6,11,3,6,4,19,0,5,7,6,0
BL6-BALBc_HTxB,AV13D-1-CAMELSSGSWQLIF-AJ22_BV4-CASSYGAQYF-BJ2-7,665.0,4,2,4,23,16,27,1,6,3,15,232,10,1
BL6-BALBc_HTxB,AV16/DV11-CAMREGGNNRIFF-AJ31_BV13-2-CASGDNYEQYF-BJ2-7,7.0,1,0,0,1,0,0,0,0,0,0,0,0,0
BL6-BALBc_HTxB,AV3-4-CADSGGSNYKLTF-AJ53_BV19-CASSRTYSGNTLYF-BJ1-3,93.0,6,6,12,4,9,13,0,4,1,16,25,22,1
BL6-BALBc_HTxB,AV16D/DV11-CAMREGNNNAGAKLTF-AJ39_BV29-CASIPGYSYEQYF-BJ2-7,244.0,8,0,2,10,11,11,1,20,4,9,6,2,0
BL6-BALBc_HTxB,AV3-3-CAVMPNYNVLYF-AJ21*p03_BV13-2-CASGDLGTDNNQAPLF-BJ1-5,55.0,0,0,0,4,6,3,0,2,2,16,95,3,0
BL6-BALBc_HTxB,AV7-3-CAVNAYKVIF-AJ30_BV13-2-CASGDLGGRDAETLYF-BJ2-3,198.0,1,3,8,12,20,441,5,10,0,13,34,2,1
BL6-BALBc_HTxB,AV16/DV11-CAMREGDNNNRIFF-AJ31_BV13-2-CASGDVGEQYF-BJ2-7,287.0,1,4,6,5,301,20,2,12,6,9,18,7,1
BL6-BALBc_HTxB,AV7-5-CAMSMSSGSWQLIF-AJ22_BV12-2-CASSLEQGEDTQYF-BJ2-5,85.0,4,19,5,122,10,3,3,4,1,12,8,13,0
BL6-BALBc_HTxB,AV9-4-CAVSSPDTNAYKVIF-AJ30_BV13-2-CASGASGGNTLYF-BJ1-3,170.0,0,2,2,5,8,4,0,11,0,8,9,7,0
BL6-BALBc_HTxB,AV19-CAANGGSNYKLTF-AJ53_BV17-CASSRDPWGGSAETLYF-BJ2-3,742.0,1,3,8,11,4,16,0,1,2,9,7,2,1
BL6-BALBc_HTxB,AV16D/DV11-CAMREDSGYNKLTF-AJ11*p02_BV13-2-CASGTTYEQYF-BJ2-7,361.0,0,8,9,37,25,17,2,10,1,872,40,8,0
BL6-BALBc_HTxB,AV5-1-CSAGSALGRLHF-AJ18_BV1-CTCSWDSPNERLFF-BJ1-4,1038.0,11,8,27,48,50,35,13,45,9,68,101,41,0
BL6-BALBc_HTxB,AV16D/DV11-CAMREGNYGGSGNKLIF-AJ32_BV20-CGARDLGVPNERLFF-BJ1-4,172.0,0,0,1,4,8,7,2,2,0,6,10,68,0
BL6-BALBc_HTxB,AV5D-4-CAASGGSGNKLIF-AJ32_BV13-1-CASSAGYAEQFF-BJ2-1,106.0,3,1,1,7,9,1,1,1,4,7,39,1,0
BL6-BALBc_HTxB,AV13D-1-CAMEPGGNNKLTF-AJ56_BV14-CASRNRDEQYF-BJ2-7,179.0,0,3,30,6,12,4,7,3,55,5,14,11,0
BL6-BALBc_HTxB,AV6D-4-CALVDDSGYN-AJ11*p02_BV31-CAWTGTGANERLFF-BJ1-4,240.0,1,8,11,13,12,13,5,4,4,14,22,18,0
BL6-BALBc_HTxB,AV3-4-CAVSDSGGSNYKLTF-AJ53_BV4-CASSYWGYEQYF-BJ2-7,81.0,2,4,1,2,10,8,11,3,1,18,13,4,0
BL6-BALBc_HTxB,AV6-6-CALGDYANKMIF-AJ47_BV13-3-CATRDRDAEQFF-BJ2-1,266.0,1,0,0,9,2,18,2,1,3,7,4,0,0
BL6-BALBc_HTxB,AV6-6-CALGTFSNTDKVVF-AJ34*p03_BV13-1-CASSDVRDSGNTLYF-BJ1-3,153.0,0,2,3,112,7,3,3,1,1,2,4,3,0
BL6-BALBc_HTxB,AV5-1-CSASTGGFASALTF-AJ35_BV2-CASSQDGAGANSDYTF-BJ1-2,122.0,1,6,4,7,5,5,0,6,7,9,73,8,0
BL6-BALBc_HTxB,AV6D-7-CALTDTGGLSGKLTF-AJ2_BV13-3-CASRDRAEQFF-BJ2-1,1458.0,3,26,14,25,27,16,7,38,6,17,26,9,0
BL6-BALBc_HTxB,AV3-4-CAVSESGFASALTF-AJ35_BV19-CASSMTLSGNTLYF-BJ1-3,90.0,1,2,15,5,10,0,2,5,0,8,15,4,0
BL6-BALBc_HTxB,AV12-2-CALNTGYQNFYF-AJ49_BV13-1-CASSDAGGYEQYF-BJ2-7,191.0,1,1,4,6,10,38,9,3,2,7,17,3,0
BL6-BALBc_HTxB,AV19-CAANGGSNYKLTF-AJ53_BV5-CASSQAWGDGEQYF-BJ2-7,474.0,6,3,16,17,26,25,7,7,4,8,139,23,2
BL6-BALBc_HTxB,AV6-4-CALVDRGTQVVGQLTF-AJ5*p02_BV14-CASSLGTTSAETLYF-BJ2-3,157.0,1,0,0,66,5,4,0,1,0,7,6,3,1
BL6-BALBc_HTxB,AV16/DV11-CAMREDTGYQNFYF-AJ49_BV31-CAWSLGVYAEQFF-BJ2-1,117.0,1,1,1,10,54,6,6,2,0,8,10,3,1
BL6-BALBc_HTxB,AV12-2-CALSDQPYANKMIF-AJ47_BV5-CASSQAGQNTEVFF-BJ1-1,68.0,1,2,9,9,20,10,3,1,4,9,21,11,0
BL6-BALBc_HTxB,AV16D/DV11-CAMREGNYGNEKITF-AJ48_BV1-CTCSRDRANSDYTF-BJ1-2,58.0,0,3,2,14,3,2,2,0,1,3,4,7,0
BL6-BALBc_HTxB,AV16/DV11-CAMREGNSGGSNYKLTF-AJ53_BV13-1-CASSDVPYEQYF-BJ2-7,60.0,0,0,1,2,7,34,0,0,0,1,0,0,0
BL6-BALBc_HTxB,AV16/DV11-CAMRGAGYQNFYF-AJ49_BV1-CTCSAGQGYEQYF-BJ2-7,309.0,6,3,8,17,7,8,1,7,3,7,49,13,1
BL6-BALBc_HTxB,AV9-4-CAVRDYGNEKITF-AJ48_BV1-CTCSAVRAEVFF-BJ1-1,97.0,1,5,0,9,2,5,2,3,0,6,9,41,0
BL6-BALBc_HTxB,AV14-1-CAARGDNNRIFF-AJ31_BV1-CTCSANRVDNQAPLF-BJ1-5,182.0,2,4,6,24,5,8,1,5,2,14,9,2,1
BL6-BALBc_HTxB,AV7D-3-CAVEGYQNFYF-AJ49_BV13-1-CASSEGQPNTGQLYF-BJ2-2,141.0,1,3,3,4,4,5,3,2,0,6,173,4,0
BL6-BALBc_HTxB,AV7D-2-CAALLSGSFNKLTF-AJ4_BV13-3-CASRPGTGYEQYF-BJ2-7,142.0,2,3,4,27,8,8,0,1,0,5,18,6,0
BL6-BALBc_HTxB,AV9-3-CAVSIHYGNEKITF-AJ48_BV13-1-CASSGDRGYNSPLYF-BJ1-6,560.0,5,16,7,15,22,21,0,12,1,7,285,9,0
BL6-BALBc_HTxB,AV16D/DV11-CAMREGTNAYKVIF-AJ30_BV13-2-CASGELSVSYYAEQ-BJ2-1,550.0,1,3,4,86,11,18,2,4,1,15,24,6,0
BL6-BALBc_HTxB,AV4-2-CAAEGDSNYQLIW-AJ33_BV13-2-CASGDATNTEVFF-BJ1-1,98.0,0,0,1,2,1,34,0,2,0,3,6,2,0
BL6-BALBc_HTxB,AV19-CAAANTGYQNFYF-AJ49_BV17-CASSRDPWGGSAETLYF-BJ2-3,1141.0,7,0,11,25,14,33,6,5,1,24,37,5,0
BL6-BALBc_HTxB,AV6D-5-CALGEAQGGRALIF-AJ15_BV5-CASSQDLGGQNTLYF-BJ2-4,235.0,1,6,16,13,12,10,3,4,3,10,78,11,0
BL6-BALBc_HTxB,AV19-CAANGGSNYKLTF-AJ53_BV5-CASSQAWGDGEQYF-BJ2-7,536.0,1,5,1,12,10,9,2,3,0,12,60,3,1
BL6-BALBc_HTxB,AV9-4-CAVSPGNYKYVF-AJ40_BV1-CTCSAGQGYEQYF-BJ2-7,189.0,2,1,4,2,5,2,1,2,0,0,7,5,2
BL6-BALBc_HTxB,AV4-3-CAADYQGGSAKLIF-AJ57_BV2-CASSQERLLGGAETLYF-BJ2-3,1512.0,5,6,4,17,8,6,2,4,0,7,14,48,1
BL6-BALBc_HTxB,AV16D/DV11-CAMREASSGSWQLIF-AJ22_BV13-2-CASGGINTGQLYF-BJ2-2,312.0,0,0,3,5,4,8,5,1,1,8,11,1,0
BL6-BALBc_HTxB,AV14-1-CAARGDNNRIFF-AJ31_BV1-CTCSANRVDNQAPLF-BJ1-5,175.0,0,4,1,9,1,1,3,3,1,6,7,1,1
BL6-BALBc_HTxB,AV16/DV11-CAMREDTNAYKVIF-AJ30_BV13-3-CASSDIGNTLYF-BJ2-4,104.0,0,0,1,7,11,8,0,6,0,27,41,6,0
BL6-BALBc_HTxB,AV16/DV11-CAMRENTGYQNFYF-AJ49_BV3-CASSLELGGAETLYF-BJ2-3,88.0,0,1,1,2,6,2,1,25,0,6,5,7,1
BL6-BALBc_HTxB,AV12-2-CALSDSGGSNAKLTF-AJ42_BV14-CASSFWTGGARDTQYF-BJ2-5,194.0,7,4,4,18,218,13,6,1,4,14,32,3,0
BL6-BALBc_HTxB,AV3-3-CAVMPNYNVLYF-AJ21*p03_BV13-2-CASGDLGTDNNQAPLF-BJ1-5,131.0,1,0,12,2,10,12,0,3,1,6,122,4,2
BL6-BALBc_HTxB,AV16D/DV11-CAMREDSNYQLIW-AJ33_BV13-3-CASRDRASYNSPLYF-BJ1-6,1030.0,1,3,4,148,20,17,3,14,1,27,33,6,0
BL6-BALBc_HTxB,AV6-1-CVLVPSSGSWQLIF-AJ22_BV13-3-CASSDQNSDYTF-BJ1-2,715.0,3,2,4,20,11,17,1,3,1,47,27,4,1
BL6-BALBc_HTxB,AV3-1-CAVSDTNAYKVIF-AJ30_BV1-CTCSAEYISNERLFF-BJ1-4,126.0,1,1,1,3,6,2,0,0,0,2,14,2,1
BL6-BALBc_HTxB,AV16/DV11-CAMREDSSNTDKVVF-AJ34*p03_BV5-CASSQDLGGQNTLYF-BJ2-4,351.0,0,5,4,8,15,20,3,12,5,13,814,14,1
BL6-BALBc_HTxB,AV8D-2-CATTGGADRLTF-AJ45_BV13-2-CASGESGQSNERLFF-BJ1-4,122.0,4,3,0,7,2,6,1,1,1,8,36,6,0
BL6-BALBc_HTxB,AV13D-3-CAMRTNSAGNKLTF-AJ17*p02_BV13-2-CASGTTYEQYF-BJ2-7,184.0,0,0,4,14,2,2,2,1,1,202,7,0,1
BL6-BALBc_HTxB,AV8-1-CATDSMGYKLTF-AJ9_BV13-2-CASGGQGEQYF-BJ2-7,78.0,0,5,3,7,5,3,4,4,0,3,4,4,0
BL6-BALBc_HTxB,AV6-6-CALGTFSNTDKVVF-AJ34*p03_BV5-CASSPHWDYAEQFF-BJ2-1,472.0,0,1,7,146,4,5,0,4,1,4,17,2,0
BL6-BALBc_HTxB,AV6-5-CALSAGTGSNRLTF-AJ28_BV4-CASSWGGGAETLYF-BJ2-3,134.0,2,9,3,21,8,6,5,4,1,7,9,6,0
BL6-BALBc_HTxB,AV14-1-CAAREPGGSAKHIF-AJ57_BV1-CTCSAARVNERLFF-BJ1-4,936.0,1,2,0,30,6,8,2,10,1,9,24,18,1
BL6-BALBc_HTxB,AV16D/DV11-CAMRGDSNYQLIW-AJ33_BV13-2-CASGDNYEQYF-BJ2-7,156.0,0,0,5,6,181,3,1,2,0,5,12,3,0
BL6-BALBc_HTxB,AV4-3-CAAEDNNRIFF-AJ31_BV12-2-CASSPDWGQDTQYF-BJ2-5,96.0,30,0,0,3,7,1,1,2,0,4,32,6,0
BL6-BALBc_HTxB,AV5-1-CSASPTGNTRKLIF-AJ37*p02_BV31-CAWGTGGSGNTLYF-BJ1-3,171.0,12,3,0,3,5,2,1,1,0,4,10,4,0
BL6-BALBc_HTxB,AV13-1-CAPYYNVLYF-AJ21*p03_BV13-1-CASSDVGGEQYF-BJ2-7,36.0,1,0,8,3,3,20,0,0,0,1,3,4,0
BL6-BALBc_HTxB,AV8-1-CATPPNTGKLTF-AJ27_BV1-CTCSARLGASAETLYF-BJ2-3,169.0,3,27,1,7,2,0,7,1,1,1,13,1,0
BL6-BALBc_HTxB,AV16D/DV11-CAMREANSGTYQRF-AJ13_BV1-CTCSADKVYAEQFF-BJ2-1,147.0,4,2,5,50,16,15,3,5,6,15,22,12,1
BL6-BALBc_HTxB,AV12-2-CALSPLNNYAQGLTF-AJ26_BV5-CASSQVGAEVFF-BJ1-1,118.0,0,0,3,9,6,2,2,2,0,23,9,16,1
BL6-BALBc_HTxB,AV16D/DV11-CAMRAANSGTYQRF-AJ13_BV13-2-CASGLDNSGNTLYF-BJ1-3,67.0,5,3,1,11,9,4,2,250,0,10,7,1,0
BL6-BALBc_HTxB,AV6-3-CAMSPNMGYKLTF-AJ9_BV29-CASSPGTGKDTQYF-BJ2-5,58.0,0,0,8,2,2,4,0,1,1,13,6,6,0
BL6-BALBc_HTxB,AV3-4-CAVSAEDYANKMIF-AJ47_BV13-1-CASSDVGGLNTGQLYF-BJ2-2,411.0,3,3,7,7,9,323,4,9,1,22,25,4,1
BL6-BALBc_HTxB,AV10-CAASSDTGYQNFYF-AJ49_BV13-1-CASSPGLGEQYF-BJ2-7,176.0,1,5,2,16,9,13,7,7,0,10,132,8,1
BL6-BALBc_HTxB,AV5D-4-CAATQGGRALIF-AJ15_BV19-CASSIWGYYAEQFF-BJ2-1,1346.0,2,3,6,12,16,10,3,12,0,19,42,11,2
BL6-BALBc_HTxB,AV16/DV11-CAMRDSGGSNAKLTF-AJ42_BV29-CASSLWGSGNTLYF-BJ1-3,115.0,1,0,2,5,6,6,1,0,0,5,10,2,0
BL6-BALBc_HTxB,AV9D-3-CAVSPDTNAYKVIF-AJ30_BV13-2-CASGDWGRGEQYF-BJ2-7,48.0,0,1,58,4,1,2,2,0,2,3,4,2,0
BL6-BALBc_HTxB,AV8-1-CATDADTGNYKYVF-AJ40_BV2-CASSQRSGTPSDYTF-BJ1-2,24.0,0,1,1,1,1,0,0,0,0,35,4,0,0
BL6-BALBc_HTxB,AV13D-2-CAIDPNNNRIFF-AJ31_BV4-CASTQANTEVFF-BJ1-1,68.0,0,1,1,5,4,4,5,4,0,3,5,2,1
BL6-BALBc_HTxB,AV3-4-CAVSDTGANTGKLTF-AJ52_BV13-1-CASSGRNTEVFF-BJ1-1,122.0,4,64,0,6,13,5,2,6,1,14,10,6,0
BL6-BALBc_HTxB,AV13-1-CAMALSNTDKVVF-AJ34*p03_BV2-CASSQGWGNSPLYF-BJ1-6,62.0,0,0,1,4,6,0,0,5,0,1,2,1,0
BL6-BALBc_HTxB,AV16D/DV11-CAMREDNNRIFF-AJ31_BV13-2-CASGDITEVFF-BJ1-1,132.0,2,2,1,246,10,19,1,3,0,7,20,3,0
BL6-BALBc_HTxB,AV16D/DV11-CAMREANSAGNKLTF-AJ17*p02_BV13-1-CASSDVTTEVFF-BJ1-1,103.0,0,0,2,10,2,48,2,3,1,5,12,5,0
BL6-BALBc_HTxB,AV9-3-CAVSIHYGNEKITF-AJ48_BV13-1-CASSGDRGYNSPLYF-BJ1-6,139.0,1,4,0,10,8,5,2,3,1,11,14,5,1
BL6-BALBc_HTxB,AV8-2-CATDDNNNAPRF-AJ43*p03_BV13-2-CASGDAGHTLYF-BJ2-4,130.0,0,3,1,6,157,2,0,1,0,4,4,2,0
BL6-BALBc_HTxB,AV12-2-CALSEDTGYQNFYF-AJ49_BV16-CASSLADWGEDTQYF-BJ2-5,172.0,18,0,0,7,6,3,4,1,2,5,7,6,0
BL6-BALBc_HTxB,AV13D-4-CAMVNNNAGAKLTF-AJ39_BV13-1-CASSDDRVGNTLYF-BJ1-3,495.0,0,2,4,180,18,9,3,10,2,13,12,7,0
BL6-BALBc_HTxB,AV13-1-CAIMPNYNVLYF-AJ21*p03_BV5-CASSQTGHTNTEVFF-BJ1-1,91.0,3,0,10,6,5,5,3,1,0,7,26,5,0
BL6-BALBc_HTxB,AV7D-2-CAAVMDYANKMIF-AJ47_BV31-CAWSTKNTLYF-BJ2-4,198.0,4,2,3,6,32,7,2,4,2,10,18,6,1
BL6-BALBc_HTxB,AV8D-2-CATVGNRIFF-AJ31_BV13-2-CASGEIATNTGQLYF-BJ2-2,1443.0,3,2,6,149,16,30,6,12,0,12,23,4,1
BL6-BALBc_HTxB,AV19-CAAANTGYQNFYF-AJ49_BV17-CASSRDPWGGSAETLYF-BJ2-3,70.0,1,2,0,1,1,0,1,0,0,3,2,0,0
BL6-BALBc_HTxB,AV16D/DV11-CAMREANSAGNKLTF-AJ17*p02_BV13-1-CASSDVTTEVFF-BJ1-1,79.0,0,0,4,4,3,196,1,0,0,5,8,0,0
BL6-BALBc_HTxB,AV9D-3-CAVSPDTNAYKVIF-AJ30_BV13-2-CASGDWGRGEQYF-BJ2-7,127.0,1,1,80,4,1,2,1,1,0,6,6,3,0
BL6-BALBc_HTxB,AV10-CAASMNQGGSAKLIF-AJ57_BV3-CASSLGRGLEQYF-BJ2-7,1376.0,2,2,2,13,21,11,0,5,2,159,23,10,0
BL6-BALBc_HTxB,AV16D/DV11-CAMREGGGSALGRLHF-AJ18_BV3-CASSPDWGHSYEQYF-BJ2-7,60.0,0,1,1,1,8,1,1,0,0,3,7,3,0
BL6-BALBc_HTxB,AV4D-3-CAAEDNYAQGLTF-AJ26_BV14-CASSFTYEQYF-BJ2-7,196.0,2,2,5,8,4,54,3,4,1,2,7,166,0
BL6-BALBc_HTxB,AV16/DV11-CAMREDQGGSAKLIF-AJ57_BV30-CSSRGGGGYEQYF-BJ2-7,155.0,0,1,0,6,6,5,2,18,0,0,21,8,0
BL6-BALBc_HTxB,AV14-2-CAASANNNAGAKLTF-AJ39_BV3-CASSPWDIANSDYTF-BJ1-2,217.0,2,5,4,10,21,7,2,3,0,8,558,4,1
BL6-BALBc_HTxB,AV8D-1-CATAPDRGSALGRLHF-AJ18_BV1-CTCSATGGGDTEVFF-BJ1-1,35.0,0,4,3,1,1,5,0,0,0,1,4,9,1
BL6-BALBc_HTxB,AV9D-3-CAVSPDTNAYKVIF-AJ30_BV13-2-CASGDWGRGEQYF-BJ2-7,27.0,1,0,1,6,0,2,0,1,0,1,3,0,0
BL6-BALBc_HTxB,AV12D-2-CALKHDSGYNKLTF-AJ11*p02_BV5-CASSQGQGLYAEQFF-BJ2-1,36.0,0,0,3,1,5,5,3,7,5,13,4,3,0
BL6-BALBc_HTxB,AV4-2-CAAEVGDNSKLIW-AJ38_BV5-CASSPQGWDTGQLYF-BJ2-2,285.0,0,1,1,15,11,6,11,2,1,10,17,8,0
BL6-BALBc_HTxB,AV6-3-CAMSDQLPVWGNC-AJ24_BV13-2-CASGETNTEVFF-BJ1-1,83.0,2,6,9,6,8,14,5,10,1,33,19,19,0
BL6-BALBc_HTxB,AV2-CIVTGNNYAQGLTF-AJ26_BV20-CGARDGGGYAEQFF-BJ2-1,65.0,1,1,1,6,2,1,0,0,2,7,29,15,0
BL6-BALBc_HTxB,AV16/DV11-CAMREGNNNNAPRF-AJ43*p03_BV13-2-CASGENTGQLYF-BJ2-2,40.0,1,2,1,0,5,53,0,15,0,1,5,4,0
BL6-BALBc_HTxB,AV7-3-CADTGNYKYVF-AJ40_BV13-2-CASGEGGKNTLYF-BJ2-4,110.0,0,0,1,3,5,19,1,1,0,0,5,3,0
BL6-BALBc_HTxB,AV7-3-CAVSMTGFASALTF-AJ35_BV13-1-CASSDAGGNDAETLYF-BJ2-3,92.0,0,0,5,0,9,8,1,1,5,8,2,2,0
BL6-BALBc_HTxB,AV13-1-CAMELSSGSWQLIF-AJ22_BV4-CASSYGEQYF-BJ2-7,726.0,4,9,7,10,9,10,3,3,1,8,465,9,1
BL6-BALBc_HTxB,AV7D-2-CAASGTGGYKVVF-AJ12_BV13-2-CASGDVGLGGHNYAEQFF-BJ2-1,125.0,2,0,6,7,8,8,2,3,0,8,20,11,0
BL6-BALBc_HTxB,AV16D/DV11-CAMREDYSNNRLTL-AJ7_BV5-CASSQETGANYAEQFF-BJ2-1,129.0,2,5,1,4,7,1,0,4,0,35,73,1,0
BL6-BALBc_HTxB,AV13-4/DV7-CAMEPSNYQLIW-AJ33_BV29-CASGQGGTGQLYF-BJ2-2,1580.0,2,3,4,34,27,21,4,192,2,41,30,7,0
BL6-BALBc_HTxB,AV3-3-CAVHDTNAYKVIF-AJ30_BV20-CGARARNQAPLF-BJ1-5,598.0,3,8,10,9,13,13,1,5,2,16,26,9,0
BL6-BALBc_HTxB,AV5-1-CSASVDYAQGLTF-AJ26_BV31-CAWSPGTQNTLYF-BJ2-4,1718.0,2,3,4,13,12,33,5,6,0,21,28,4,1
BL6-BALBc_HTxB,AV6D-7-CALSSDTNAYKVIF-AJ30_BV19-CASSIPDWGTTGQLYF-BJ2-2,169.0,1,1,2,5,9,14,7,9,0,18,12,5,0
BL6-BALBc_HTxB,AV3-3-CAVSAGGADRLTF-AJ45_BV29-CAIRDIQDTQYF-BJ2-5,427.0,1,1,3,0,13,6,2,2,0,19,15,38,0
BL6-BALBc_HTxB,AV16D/DV11-CAMREGEGYANKMIF-AJ47_BV13-1-CASSDHLYEQYF-BJ2-7,449.0,0,0,2,46,9,1,3,3,1,4,13,2,1
BL6-BALBc_HTxB,AV16D/DV11-CAMREGNTGNYKYVF-AJ40_BV13-2-CASGDRNTEVFF-BJ1-1,0.0,0,0,0,0,3,0,0,0,0,1,0,0,0
BL6-BALBc_HTxB,AV12-2-CALSDQKDSNYQLIW-AJ33_BV13-3-CASSPTGGYEQYF-BJ2-7,54.0,0,1,0,0,3,27,0,0,0,0,0,1,0
BL6-BALBc_HTxB,AV10D-CAASLDSNYQLIW-AJ33_BV13-1-CASSDIANTEVFF-BJ1-1,1312.0,3,2,6,10,14,14,27,7,4,21,23,5,0
BL6-BALBc_HTxB,AV16/DV11-CAMREGGNNRIFF-AJ31_BV13-2-CASGDNYEQYF-BJ2-7,736.0,4,9,18,20,453,20,8,13,1,25,90,9,2
BL6-BALBc_HTxB,AV8D-2-CATDAGGADRLTF-AJ45_BV3-CASSPTTSAETLYF-BJ2-3,479.0,1,5,6,20,12,22,0,5,1,27,330,5,2
BL6-BALBc_HTxB,AV12-2-CALSDTGNYKYVF-AJ40_BV2-CASSQDWQGRDTEVFF-BJ1-1,2409.0,1,3,4,19,22,5,3,10,1,9,26,9,0
BL6-BALBc_HTxB,AV6-6-CALGTFSNTDKVVF-AJ34*p03_BV13-1-CASSDVRDSGNTLYF-BJ1-3,54.0,0,0,2,71,3,4,0,5,1,4,7,0,0
BL6-BALBc_HTxB,AV6D-7-CALRYGGSGNKLIF-AJ32_BV3-CASSLGTGDTQYF-BJ2-5,371.0,3,1,2,10,6,11,3,0,0,233,4,0,0
BL6-BALBc_HTxB,AV4-3-CAAEADTGNYKHVF-AJ40_BV31-CAWSLWTGVEQYF-BJ2-7,120.0,0,3,78,11,11,10,10,4,0,11,16,6,1
BL6-BALBc_HTxB,AV7-4-CAASEQATGGNNKLTF-AJ56_BV5-CASSQDGTYNSPLYF-BJ1-6,114.0,1,3,10,19,10,16,2,4,0,7,40,2,2
BL6-BALBc_HTxB,AV16D/DV11-CAMRAHYSNNRLTL-AJ7_BV1-CTCSANAISNERLFF-BJ1-4,253.0,0,7,9,75,21,172,6,7,0,28,44,25,0
BL6-BALBc_HTxB,AV16D/DV11-CAMREGNNNNRIFF-AJ31_BV13-2-CASGDAPNSDYTF-BJ1-2,182.0,1,0,2,16,7,137,5,1,0,11,21,6,0
BL6-BALBc_HTxB,AV7-5-CAMKNTGYQNFYF-AJ49_BV13-3-CASSDWGGAETLYF-BJ2-3,88.0,2,0,2,12,4,7,6,19,0,3,32,6,0
BL6-BALBc_HTxB,AV1-CAMPNYNVLYF-AJ21*p03_BV5-CASSQDSNTEVFF-BJ1-1,67.0,6,2,8,10,12,9,1,2,4,2,37,11,0
BL6-BALBc_HTxB,AV8-2-CATDAYGNEKITF-AJ48_BV1-CTCSAVGGDQDTQYF-BJ2-5,125.0,1,6,6,4,3,2,0,3,2,2,5,8,2
BL6-BALBc_HTxB,AV13-1-CAANTGANTGKLTF-AJ52_BV13-2-CASGEQVPNERLFF-BJ1-4,58.0,0,0,0,6,8,5,3,12,2,4,2,0,0
BL6-BALBc_HTxB,AV13-4/DV7-CAMERDTGNYKYVF-AJ40_BV19-CASSIVSYAEQFF-BJ2-1,93.0,0,2,0,15,7,0,0,0,0,2,4,0,0
BL6-BALBc_HTxB,AV7D-3-CAPMPNYNVLYF-AJ21*p03_BV13-2-CASGVPGQGTAETLYF-BJ2-3,540.0,5,2,11,45,20,22,8,29,1,23,51,12,0
BL6-BALBc_HTxB,AV6-6-CALGTFSNTDKVVF-AJ34*p03_BV13-1-CASSDVRDSGNTLYF-BJ1-3,363.0,0,1,6,191,10,15,2,5,2,18,50,2,2
BL6-BALBc_HTxB,AV7-5-CAKASSSFSKLVF-AJ50_BV29-CAGSGGDTQYF-BJ2-5,192.0,0,2,2,9,6,5,2,5,0,8,10,9,0
BL6-BALBc_HTxB,AV8-1-CATDTGGAGRLTF-AJ45_BV4-CASSFDWGAETLYF-BJ2-3,170.0,1,6,4,14,14,8,4,2,0,25,22,16,1
BL6-BALBc_HTxB,AV13-1-CAMELSSGSWQLIF-AJ22_BV13-1-CASSDDRVGNTLYF-BJ1-3,473.0,3,5,5,55,21,22,4,6,1,21,223,7,1
BL6-BALBc_HTxB,AV13-1-CAMELSSGSWQLIF-AJ22_BV4-CASSYGEQYF-BJ2-7,1548.0,3,2,3,15,10,8,1,6,1,10,163,6,2
BL6-BALBc_HTxB,AV6-6-CALGTFSNTDKVVF-AJ34*p03_BV13-1-CASSDVRDSGNTLYF-BJ1-3,539.0,4,6,9,429,17,12,3,16,1,25,30,10,1
BL6-BALBc_HTxB,AV13D-1-CAMANTGNYKYVL-AJ40_BV13-3-CATRDRDAEQFF-BJ2-1,53.0,2,0,0,7,4,80,1,4,0,1,5,0,1
BL6-BALBc_HTxB,AV8-1-CATDGGSALGRLHF-AJ18_BV1-CTCSADPETETLYF-BJ2-3,407.0,2,5,6,16,20,13,3,3,0,6,19,226,0
BL6-BALBc_HTxB,AV7-5-CAMSPYYANKMIF-AJ47_BV13-1-CASSDWGENTLYF-BJ2-4,1084.0,2,2,4,7,12,11,22,8,0,39,18,5,1
BL6-BALBc_HTxB,AV14-2-CAASPYTGNYKYVF-AJ40_BV13-1-CASSTGNTLYF-BJ2-4,36.0,0,0,1,3,0,1,0,0,0,27,3,1,0
BL6-BALBc_HTxB,AV6-7/DV9-CALGDQGGGADRLTF-AJ45_BV13-1-CASTGTPNSDYTF-BJ1-2,681.0,4,14,12,21,26,27,6,12,8,546,25,23,0
BL6-BALBc_HTxB,AV3D-3-CAVSLATSSGQKLVF-AJ16*p02_BV5-CASSQDRGDERLFF-BJ1-4,103.0,0,14,2,9,9,1,0,2,0,5,6,4,0
BL6-BALBc_HTxB,AV13-1-CAMEDYGNEKITF-AJ48_BV1-CTCSAGYAEQFF-BJ2-1,121.0,0,0,3,4,3,2,3,2,0,6,5,2,1
BL6-BALBc_HTxB,AV9-1-CAVSGNMGYKLTF-AJ9_BV29-CASSLGQSYEQYF-BJ2-7,3631.0,1,6,12,28,20,21,7,17,0,27,35,13,0
BL6-BALBc_HTxB,AV7D-3-CAVRDTGYQNFYF-AJ49_BV1-CTCSADRVGNTLYF-BJ1-3,229.0,1,1,1,6,2,2,0,1,1,6,9,1,0
BL6-BALBc_HTxB,AV6-1-CVLAPSSGSWQLIF-AJ22_BV13-1-CASSDRGANTGQLYF-BJ2-2,70.0,7,12,5,7,3,5,0,2,2,11,37,15,0
BL6-BALBc_HTxB,AV13D-1-CAMELSSGSWQLIF-AJ22_BV4-CASSYGAQYF-BJ2-7,104.0,3,1,0,2,10,2,4,2,0,3,120,2,0
BL6-BALBc_HTxB,AV8-2-CARGGANTGKLTF-AJ52_BV29-CASRRGISNERLFF-BJ1-4,211.0,0,2,3,2,2,5,3,9,0,3,8,3,1
BL6-BALBc_HTxB,AV16/DV11-CAMREGNTGYQNFYF-AJ49_BV13-2-CASGRGAGNTLYF-BJ1-3,116.0,0,0,1,4,1,12,0,9,0,3,5,5,0
BL6-BALBc_HTxB,AV9-1-CAVSDSGSWQLIF-AJ22_BV17-CASSSGAEQFF-BJ2-1,183.0,2,1,11,7,8,3,0,8,0,10,15,12,0
BL6-BALBc_HTxB,AV14-1-CAANNTNTGKLTF-AJ27_BV2-CASSQDPASNSDYTF-BJ1-2,95.0,1,5,3,5,0,7,4,3,0,5,12,7,0
BL6-BALBc_HTxB,AV9-1-CAVSDSGSWQLIF-AJ22_BV17-CASSSGAEQFF-BJ2-1,398.0,0,3,2,1,2,2,4,1,0,9,7,13,0
BL6-BALBc_HTxB,AV6D-7-CALTDTGGLSGKLTF-AJ2_BV13-2-CASGDAFGDEQYF-BJ2-7,277.0,0,2,2,8,4,3,2,21,0,9,3,4,0
BL6-BALBc_HTxB,AV5-1-CSAGSALGRLHF-AJ18_BV1-CTCSWDSPNERLFF-BJ1-4,98.0,0,12,4,1,3,0,0,0,8,3,40,8,0
BL6-BALBc_HTxB,AV4D-3-CAAEDSGGSNA-AJ42_BV17-CASSPGLGGRFNEQYF-BJ2-7,31.0,1,0,1,0,3,1,4,1,0,0,2,0,0
BL6-BALBc_HTxB,AV7D-3-CAVSNQGGRALIF-AJ15_BV13-2-CASGDTVGNQAPLF-BJ1-5,69.0,0,1,1,1,0,1,10,1,0,1,3,0,0
BL6-BALBc_HTxB,AV21/DV12-CILRGPNTGYQNFYF-AJ49_BV1-CTCSADRTENTEVFF-BJ1-1,423.0,0,29,1,3,0,4,10,1,0,2,4,3,0
BL6-BALBc_HTxB,AV16/DV11-CAMREGGTGSNRLIF-AJ28_BV1-CTCSADRVQDTQYF-BJ2-5,661.0,1,1,6,124,4,5,2,10,0,8,15,5,0
BL6-BALBc_HTxB,AV3-3-CAVSEGSSSFSKLVF-AJ50_BV13-2-CASGETGEDTQYF-BJ2-5,255.0,1,0,0,48,1,54,0,0,0,3,2,0,0
BL6-BALBc_HTxB,AV16D/DV11-CAMREGDNTDKVVF-AJ34*p03_BV13-2-CASGDLAGNSDYTF-BJ1-2,336.0,0,1,3,5,261,1,1,6,2,9,11,1,1
BL6-BALBc_HTxB,AV12-2-CALNTGYQNFYF-AJ49_BV13-1-CASSDAGGYEQYF-BJ2-7,1156.0,1,4,1,21,20,23,3,0,5,13,26,5,1
BL6-BALBc_HTxB,AV16D/DV11-CAMRAHYSNNRLTL-AJ7_BV13-2-CASGEQYEQYF-BJ2-7,121.0,0,1,0,4,4,190,3,0,0,3,20,2,0
BL6-BALBc_HTxB,AV1-CAVRVVTSSGQKLVF-AJ16*p02_BV19-CASSIWGYYAEQFF-BJ2-1,3.0,0,0,0,0,1,0,0,0,0,0,0,0,0
BL6-BALBc_HTxB,AV16/DV11-CAMREDQGGSAKLIF-AJ57_BV20-CGAIGGLGGNKNTLYF-BJ2-4,2834.0,2,3,18,7,23,9,6,22,2,14,43,6,2
BL6-BALBc_HTxB,AV14-1-CAARNTGANTGKLTF-AJ52_BV1-CTCSAIRVDDTQYF-BJ2-5,209.0,1,1,1,36,7,2,0,3,0,2,8,1,0
BL6-BALBc_HTxB,AV3-3-CAVSGTGNYKYVF-AJ40_BV13-1-CASSDSERYF-BJ2-7,34.0,2,0,3,4,4,0,3,0,2,3,6,4,0
BL6-BALBc_HTxB,AV16/DV11-CAMREGNTGNYKYVF-AJ40_BV13-2-CASGGIYEQYF-BJ2-7,211.0,0,0,2,9,91,5,2,1,0,3,13,4,0
BL6-BALBc_HTxB,AV6-6-CASGGFASALT-AJ35_BV2-CASSQRDWGDEQYF-BJ2-7,1.0,0,0,1,0,0,0,0,0,0,0,0,1,0
BL6-BALBc_HTxB,AV6-6-CALGDLGTGSKLSF-AJ58_BV13-2-CASGPGTSEVFF-BJ1-1,2061.0,4,12,13,57,29,29,6,11,0,35,79,14,1
BL6-BALBc_HTxB,AV9-1-CAVRLPGTGSNRLTF-AJ28_BV20-CGAREGANTGQLYF-BJ2-2,1799.0,2,5,22,33,39,13,7,15,2,30,45,16,0
BL6-BALBc_HTxB,AV19-CAAANTGYQNFYF-AJ49_BV17-CASSRDPWGGSAETLYF-BJ2-3,387.0,8,8,12,15,18,30,11,12,0,31,29,26,1
BL6-BALBc_HTxB,AV9-1-CAVREDMGYKLTF-AJ9_BV13-2-CASGDGGALEQYF-BJ2-7,556.0,1,9,9,159,27,32,9,14,2,28,116,14,1
BL6-BALBc_HTxB,AV14-1-CAASGTGGADRLTF-AJ45_BV17-CASSPGQANTGQLYF-BJ2-2,265.0,2,1,1,8,10,5,3,4,0,7,16,2,0
BL6-BALBc_HTxB,AV16D/DV11-CAMREGNTNAYKVIF-AJ30_BV13-2-CAIGRSSYEQYF-BJ2-7,945.0,52,5,4,28,132,10,3,10,5,21,28,9,0
BL6-BALBc_HTxB,AV4-3-CAAEADTGNYKYVF-AJ40_BV31-CAWSLWTGVEQYF-BJ2-7,344.0,5,6,94,23,93,17,4,13,1,21,33,7,2
BL6-BALBc_HTxB,AV10-CAASMDYANKMIF-AJ47_BV3-CASSSGQQDTQYF-BJ2-5,299.0,2,1,1,8,6,3,0,1,1,2,6,2,0
BL6-BALBc_HTxB,AV6D-7-CALSDWSNYQLIW-AJ33_BV13-1-CASSDLRVNTEVFF-BJ1-1,352.0,0,1,2,49,7,7,1,2,1,6,14,1,1
BL6-BALBc_HTxB,AV6D-7-CALRYGGSGNKLIF-AJ32_BV3-CASSLGTGDTQYF-BJ2-5,111.0,0,1,0,22,2,1,1,1,0,39,5,6,0
BL6-BALBc_HTxB,AV16D/DV11-CAMREINTGNYKYVF-AJ40_BV13-3-CASRGTGVYAEQFF-BJ2-1,477.0,3,5,122,31,136,6,2,4,1,11,67,8,0
BL6-BALBc_HTxB,AV6-4-CALVEGGGSGNKLIF-AJ32_BV5-CASSPHWDYAEQFF-BJ2-1,163.0,0,1,1,3,5,5,2,1,0,5,6,4,0
BL6-BALBc_HTxB,AV16/DV11-CAMREGEGTGSKLSF-AJ58_BV3-CASSLGRRLEQYF-BJ2-7,182.0,3,2,5,16,8,3,3,3,2,61,15,4,1
BL6-BALBc_HTxB,AV7D-2-CAASDMGYKLTF-AJ9_BV13-2-CASGDAGGRGEVFF-BJ1-1,141.0,2,1,2,6,1,34,2,0,1,1,16,6,0
BL6-BALBc_HTxB,AV16D/DV11-CAMREGMGYKLTF-AJ9_BV13-2-CASGETNTEVFF-BJ1-1,2127.0,6,6,7,197,27,356,4,9,1,14,41,18,1
BL6-BALBc_HTxB,AV16D/DV11-CAMREDSGYNKLTF-AJ11*p02_BV13-2-CASGTTYEQYF-BJ2-7,136.0,1,0,4,23,8,6,3,3,0,226,4,4,0
BL6-BALBc_HTxB,AV21/DV12-CILRVGGGSNAKLTF-AJ42_BV29-CASSLGDERLFF-BJ1-4,95.0,5,4,2,6,26,2,0,2,0,11,6,4,0
BL6-BALBc_HTxB,AV5D-4-CAASDMGYKLTF-AJ9_BV13-2-CASGDALGGFSYEQYF-BJ2-7,160.0,2,5,4,6,11,6,1,2,0,11,13,144,1
BL6-BALBc_HTxB,AV7-5-CAKASSSFSKLVF-AJ50_BV29-CAGSGGDTQYF-BJ2-5,135.0,3,6,10,6,5,1,0,3,0,8,16,8,0
BL6-BALBc_HTxB,AV16D/DV11-CAMREDSGYNKLTF-AJ11*p02_BV17-CASSRDPWGGSAETLYF-BJ2-3,159.0,2,4,11,36,130,13,2,6,4,742,41,5,2
BL6-BALBc_HTxB,AV3-1-CAVSASNSAGNKLTF-AJ17*p02_BV29-CASSPGQGISDYTF-BJ1-2,81.0,3,1,3,0,0,3,3,2,1,12,4,5,0
BL6-BALBc_HTxB,AV16D/DV11-CAMREGYANKMIF-AJ47_BV13-1-CASSDRGANTGQLYF-BJ2-2,3.0,0,1,0,0,0,0,0,0,0,0,0,0,0
BL6-BALBc_HTxB,AV16/DV11-CAMRENTGANTGKLTF-AJ52_BV13-3-CASSSGGVKAEQFF-BJ2-1,148.0,0,0,1,3,20,0,1,1,1,1,4,0,0
BL6-BALBc_HTxB,AV2-CIVTDSYSNNRLTL-AJ7_BV1-CTCSAGRGDAEQFF-BJ2-1,111.0,2,6,3,244,2,4,0,0,3,2,9,0,0
BL6-BALBc_HTxB,AV2-CIVTAPSSNTDKVVF-AJ34*p03_BV3-CASSLQNSGNTLYF-BJ1-3,104.0,2,6,1,3,2,3,0,1,0,1,13,1,0
BL6-BALBc_HTxB,AV8-1-CATDASSGSWQLIF-AJ22_BV4-CASTAANTEVFF-BJ1-1,163.0,2,3,2,6,3,4,1,5,2,3,163,2,1
BL6-BALBc_HTxB,AV16/DV11-CAMRENTGANTGKLTF-AJ52_BV13-3-CASSSGGVKAEQFF-BJ2-1,46.0,0,2,0,2,30,0,3,3,0,4,4,0,0
BL6-BALBc_HTxB,AV7D-2-CAASGTGGYKVVF-AJ12_BV13-2-CASGDVGLGGHNYAEQFF-BJ2-1,226.0,0,0,2,8,8,8,2,9,1,6,8,132,0
BL6-BALBc_HTxB,AV8D-2-CATDALRGGRALIF-AJ15_BV1-CTCSAGTGREAETLYF-BJ2-3,1119.0,2,160,7,17,16,13,4,6,3,11,17,12,0
BL6-BALBc_HTxB,AV16/DV11-CAMRVMDSNYQLIW-AJ33_BV29-CASRDISYEQYF-BJ2-7,3476.0,7,6,5,25,17,15,2,14,1,24,33,6,1
BL6-BALBc_HTxB,AV6-6-CALGDQANTDKVVF-AJ34*p03_BV14-CASSLGVNTEVFF-BJ1-1,88.0,0,0,2,1,2,3,76,1,1,2,7,0,0
BL6-BALBc_HTxB,AV14D-1-CAATNSAGNKLTF-AJ17*p02_BV1-CTCSANNERLFF-BJ1-4,31.0,1,1,0,3,2,3,1,2,0,5,9,2,0
BL6-BALBc_HTxB,AV3-1-CAVNNAGAKLTF-AJ39_BV1-CTCSADRVAEQFF-BJ2-1,64.0,0,0,2,7,5,3,1,3,1,6,4,2,0
BL6-BALBc_HTxB,AV3-3-CAVSETGGADRLTF-AJ45_BV31-CAWSLGHTEVYF-BJ1-1,244.0,2,1,0,2,20,7,0,1,0,5,13,2,0
BL6-BALBc_HTxB,AV8-1-CATDASSGSWQLIF-AJ22_BV4-CASTAANTEVFF-BJ1-1,107.0,0,1,1,1,6,4,1,6,0,12,176,1,0
BL6-BALBc_HTxB,AV16D/DV11-CAMREDQGGRALIF-AJ15_BV1-CTCSGQGALYEQYF-BJ2-7,54.0,1,1,0,10,3,0,0,1,0,4,2,0,0
BL6-BALBc_HTxB,AV16D/DV11-CAMREDSNYQLIW-AJ33_BV13-2-CASGDVINTEVFF-BJ1-1,94.0,0,2,2,58,6,4,2,6,0,6,13,2,0
BL6-BALBc_HTxB,AV6-7/DV9-CALGDQGGGADRLTF-AJ45_BV3-CASSFGTGGYYEQYF-BJ2-7,890.0,3,2,9,8,6,4,2,2,2,35,15,2,0
BL6-BALBc_HTxB,AV7-1-CAVVMDYANKMIF-AJ47_BV13-3-CASSDRDEQFF-BJ2-1,337.0,3,2,1,1,14,2,1,5,0,4,13,4,1
BL6-BALBc_HTxB,AV6D-6-CALSDNRIFF-AJ31_BV13-1-CASSDPTGAYEQYF-BJ2-7,307.0,0,0,2,4,5,3,1,2,0,5,70,4,0
BL6-BALBc_HTxB,AV9D-4-CALIPDTNAYKVIF-AJ30_BV13-2-CASGETEYEQYF-BJ2-7,331.0,0,2,2,12,12,9,3,29,2,5,20,1,1
BL6-BALBc_HTxB,AV6-7/DV9-CALGDQGGGADRLTF-AJ45_BV3-CASSFGTGGYYEQYF-BJ2-7,165.0,0,1,2,3,8,2,3,1,0,35,5,1,0
BL6-BALBc_HTxB,AV16D/DV11-CAMREDSGYNKLTF-AJ11*p02_BV13-2-CASGTTYEQYF-BJ2-7,114.0,0,1,3,10,6,5,1,0,2,203,11,1,0
BL6-BALBc_HTxB,AV6D-7-CALRGDTNAYKVIF-AJ30_BV19-CASSISGGNTEVFF-BJ1-1,280.0,1,2,2,8,7,5,2,5,0,7,11,4,0
BL6-BALBc_HTxB,AV3-4-CAVRSSNTDKVVF-AJ34*p03_BV13-3-CASSDRGWEQYF-BJ2-7,138.0,0,0,15,4,5,1,19,3,0,12,13,1,0
BL6-BALBc_HTxB,AV3-3-CAVSAGNYKYVF-AJ40_BV19-CASSISQNTLYF-BJ2-4,58.0,0,5,184,6,7,10,0,9,0,5,8,1,1
BL6-BALBc_HTxB,AV5-4-CAASASGGSNAKLTF-AJ42_BV13-2-CASGETGAEVFF-BJ1-1,38.0,0,0,0,0,2,3,1,18,0,2,7,2,0
BL6-BALBc_HTxB,AV15-2/DV6-2-CALSELPGSNAKLTF-AJ42_BV13-2-CASGRGAGNTLYF-BJ1-3,79.0,1,5,2,6,5,77,1,53,0,5,9,6,0
BL6-BALBc_HTxB,AV2-CIVTDSYSNNRLTL-AJ7_BV1-CTCSAGRGDAEQFF-BJ2-1,66.0,5,6,1,99,2,1,0,1,1,2,7,0,0
BL6-BALBc_HTxB,AV8-2-CATDASGGSNYKLTF-AJ53_BV5-CASSQAGTGYAEQFF-BJ2-1,143.0,2,8,3,9,0,3,0,4,0,10,12,14,0
BL6-BALBc_HTxB,AV16D/DV11-CAMREANSGGSNYKLTF-AJ53_BV31-CAWSLGFAADYTF-BJ1-2,347.0,3,0,1,7,18,9,5,3,0,12,21,3,0
BL6-BALBc_HTxB,AV6-7/DV9-CALGDQGGGADRLTF-AJ45_BV3-CASSFGTGGYYEQYF-BJ2-7,525.0,1,5,11,16,23,8,3,14,3,145,26,12,0
BL6-BALBc_HTxB,AV12-1-CALSDPSNTDKVVF-AJ34*p03_BV13-1-CASSPHYNYAEQFF-BJ2-1,152.0,1,2,3,12,16,12,3,3,1,8,165,22,0
BL6-BALBc_HTxB,AV13-2-CAIGYAQGLTF-AJ26_BV13-3-CASSDGWGGYEQYF-BJ2-7,276.0,2,4,77,5,14,6,3,5,1,10,14,4,0
BL6-BALBc_HTxB,AV6-5-CALSDLYANKMIF-AJ47_BV3-CASSFGTGGYEQYF-BJ2-7,98.0,1,1,4,5,4,7,0,1,0,435,17,2,0
BL6-BALBc_HTxB,AV16/DV11-CAMREGDTGYQNFYF-AJ49_BV1-CTCSADRAQDTQYF-BJ2-5,400.0,1,4,1,15,6,2,1,4,0,10,12,4,0
BL6-BALBc_HTxB,AV6D-5-CALNNNNAPRF-AJ43*p03_BV12-1-CASSPGTGANSDYTF-BJ1-2,87.0,0,0,1,4,32,4,1,7,0,6,6,1,0
BL6-BALBc_HTxB,AV16D/DV11-CAMREGSSGSWQLIF-AJ22_BV1-CTCSADRVYAEQFF-BJ2-1,84.0,0,1,1,21,9,1,0,0,2,4,5,4,1
BL6-BALBc_HTxB,AV9-1-CAVSEGGYQNFYF-AJ49_BV29-CASSLGGHERLFF-BJ1-4,65.0,4,2,0,4,10,8,1,1,0,2,19,1,0
BL6-BALBc_HTxB,AV14D-3/DV8-CAASAGGSALGRLHF-AJ18_BV3-CASSLDWGQDTQYF-BJ2-5,72.0,0,6,2,3,3,2,0,3,0,1,76,0,0
BL6-BALBc_HTxB,AV7D-2-CAAIDYANKMIF-AJ47_BV4-CASSPGRNTGQLYF-BJ2-2,350.0,3,0,4,7,4,10,2,5,0,5,8,7,1
BL6-BALBc_HTxB,AV7-5-CRGGSAKLIF-AJ57_BV29-CASSFGYTGQLYF-BJ2-2,110.0,0,2,8,11,5,6,0,4,0,3,15,16,0
BL6-BALBc_HTxB,AV16D/DV11-CAMREGDNNAGAKLTF-AJ39_BV3-CASSLEFYEQYF-BJ2-7,346.0,0,2,5,12,18,10,0,9,5,13,37,5,0
BL6-BALBc_HTxB,AV8-1-CATDASSGSWQLIF-AJ22_BV3-CASSFGTGGYEQYF-BJ2-7,297.0,0,1,5,4,9,4,8,1,1,64,128,4,0
BL6-BALBc_HTxB,AV16D/DV11-CAMREGTNAYKVIF-AJ30_BV13-2-CASGERHSNSDYTF-BJ1-2,282.0,1,0,4,81,1,4,1,3,0,3,12,1,0
BL6-BALBc_HTxB,AV16D/DV11-CAMRLYGNEKITF-AJ48_BV17-CASSDRGGQDTQYF-BJ2-5,218.0,0,0,1,0,5,2,0,1,0,3,5,3,1
BL6-BALBc_HTxB,AV16D/DV11-CAMREGDNAGAKLTF-AJ39_BV13-2-CASGGWGVEQFF-BJ2-1,65.0,0,1,0,14,7,5,0,1,0,1,3,0,0
BL6-BALBc_HTxB,AV6D-6-CALSLNNYAQGLTF-AJ26_BV1-CTCSAEYISNERLFF-BJ1-4,289.0,7,6,5,13,8,8,2,0,15,9,38,21,2
BL6-BALBc_HTxB,AV4-3-CAAEADTGNYKYVF-AJ40_BV31-CAWSLWTGVEQYF-BJ2-7,155.0,4,13,119,10,10,12,5,23,2,10,16,11,1
BL6-BALBc_HTxB,AV10-CAADSGTYQRF-AJ13_BV13-1-CASSDVGGQDTQYF-BJ2-5,333.0,1,4,3,10,3,15,1,3,0,92,13,1,0
BL6-BALBc_HTxB,AV8D-2-CATTGNTRKLIF-AJ37*p02_BV13-3-CASSDAGTGGSDYTF-BJ1-2,179.0,2,0,1,3,7,5,7,7,0,6,4,3,0
BL6-BALBc_HTxB,AV12D-1-CALSDQNKLTF-AJ56_BV2-CASSQFWGDQDTQYF-BJ2-5,57.0,5,0,0,0,2,6,2,0,1,2,3,8,0
BL6-BALBc_HTxB,AV16D/DV11-CAMRESSNTDKVVF-AJ34*p03_BV13-1-CASSDAPGREQYF-BJ2-7,240.0,0,3,4,6,1,2,0,5,0,3,10,0,0
BL6-BALBc_HTxB,AV4-3-CAAEAGSNYQLIW-AJ33_BV13-1-CASSDAINYAEQFF-BJ2-1,76.0,0,2,1,2,0,1,1,1,0,9,0,2,0
BL6-BALBc_HTxB,AV8-1-CATDADTGNYKYVF-AJ40_BV2-CASSQRSGTPSDYTF-BJ1-2,118.0,1,0,5,6,4,3,1,2,1,188,15,1,0
BL6-BALBc_HTxB,AV16/DV11-CAMRENTGANTGKLTF-AJ52_BV13-3-CASSSGGVKAEQFF-BJ2-1,187.0,1,1,0,1,37,4,4,2,0,7,8,2,2
BL6-BALBc_HTxB,AV8D-2-CATVGNRIFF-AJ31_BV1-CTCSAVRISNERLFF-BJ1-4,120.0,0,2,4,78,4,6,2,2,3,6,10,2,2
BL6-BALBc_HTxB,AV10D-CAASMDNANKMIF-AJ47_BV3-CASSFGTGGYYEQYF-BJ2-7,104.0,0,1,0,2,6,8,1,3,0,68,1,2,0
BL6-BALBc_HTxB,AV8-1-CATPPNTGKLTF-AJ27_BV1-CTCSARLGASAETLYF-BJ2-3,104.0,2,8,5,4,8,4,2,1,0,11,6,0,0
BL6-BALBc_HTxB,AV14-1-CAAREPGGSAKLIF-AJ57_BV1-CTCSAARVNERLFF-BJ1-4,88.0,0,0,2,10,4,7,4,2,0,16,2,8,0
BL6-BALBc_HTxB,AV7-4-CADNTNTGKLTF-AJ27_BV12-2-CASSLEQGEDTQYF-BJ2-5,116.0,44,1,1,6,4,5,1,3,0,5,10,2,0
BL6-BALBc_HTxB,AV15-1/DV6-1-CALWELASSNTDKVVF-AJ34*p03_BV3-CASSFGTGGYYEQYF-BJ2-7,353.0,1,2,4,7,9,10,2,2,0,61,14,3,0
BL6-BALBc_HTxB,AV21/DV12-CIRPGTGSNRLTF-AJ28_BV13-3-CASSDRANSPLYF-BJ1-6,561.0,2,23,9,18,21,14,7,10,5,16,25,9,1
BL6-BALBc_HTxB,AV10D-CAASMDYANKMIF-AJ47_BV13-2-CASGETEYEQYF-BJ2-7,266.0,2,3,1,6,14,3,3,12,0,5,30,3,0
BL6-BALBc_HTxB,AV9-4-CAVSSPDTNAYKVIF-AJ30_BV13-2-CASGASGGNTLYF-BJ1-3,56.0,0,2,5,12,4,1,4,30,4,8,8,3,1
BL6-BALBc_HTxB,AV3-1-CAVSGASGSWQLIF-AJ22_BV4-CASSLTDEQYF-BJ2-7,1072.0,2,3,3,11,13,7,3,1,1,5,104,4,1
BL6-BALBc_HTxB,AV5-1-CSASVDYAQGLTF-AJ26_BV31-CAWSPGTQNTLYF-BJ2-4,912.0,2,3,9,18,22,38,4,5,1,22,36,3,1
BL6-BALBc_HTxB,AV1-CAVRDSYAQGLTF-AJ26_BV13-1-CASSDDRVGNTLYF-BJ1-3,339.0,1,2,4,96,25,10,3,6,2,10,19,3,1
BL6-BALBc_HTxB,AV9-4-CAVRDYGNEKITF-AJ48_BV1-CTCSAVRAEVFF-BJ1-1,122.0,0,6,4,10,5,2,3,0,1,11,6,48,0
BL6-BALBc_HTxB,AV7D-4-CAASEETNAYKVIF-AJ30_BV31-CAWTQGLEVFF-BJ1-1,1413.0,0,2,4,11,61,12,3,17,1,10,25,49,0
BL6-BALBc_HTxB,AV7D-2-CAAHTGNYKYVF-AJ40_BV1-CTCSAVRVSNSDYTF-BJ1-2,107.0,1,0,1,23,5,5,3,0,0,3,12,3,0
BL6-BALBc_HTxB,AV6-6-CALGAFSNTDKVVF-AJ34*p03_BV13-3-CASSDVRDSGNTLYF-BJ1-3,75.0,0,2,1,68,1,2,1,0,1,6,7,1,0
BL6-BALBc_HTxB,AV1-CAVRDSYAQGLTF-AJ26_BV13-1-CASSDDRVGNTLYF-BJ1-3,141.0,1,3,2,157,11,6,3,5,0,9,8,1,0
BL6-BALBc_HTxB,AV6-6-CALGDLGTQVVGQLTF-AJ5*p02_BV3-CASSLDGGSAETLYF-BJ2-3,208.0,3,0,2,7,6,4,6,2,3,112,69,3,1
BL6-BALBc_HTxB,AV7-3-CAVDYANKMIF-AJ47_BV2-CASSQDRISYEQYF-BJ2-7,109.0,0,2,4,2,2,6,4,6,1,5,11,11,0
BL6-BALBc_HTxB,AV7D-3-CAAHDSGYNKLTF-AJ11*p02_BV19-CASSITRTANTEVFF-BJ1-1,111.0,2,0,8,0,2,2,0,3,0,7,2,2,0
BL6-BALBc_HTxB,AV7-3-CAVNAYKVIF-AJ30_BV13-2-CASGDLGGRDAETLYF-BJ2-3,141.0,1,1,1,9,7,170,1,2,0,4,5,1,0
BL6-BALBc_HTxB,AV13-1-CAMELSSGSWQLIF-AJ22_BV4-CASSYGEQYF-BJ2-7,304.0,1,3,3,4,5,6,4,1,0,5,144,3,1
BL6-BALBc_HTxB,AV6-6-CALGDLGTGSKLSF-AJ58_BV13-2-CASGPGTSEVFF-BJ1-1,806.0,4,5,12,18,19,11,4,7,0,108,36,9,1
BL6-BALBc_HTxB,AV8-1-CAQGGRALIF-AJ15_BV13-2-CASGDSYEQYF-BJ2-7,23.0,0,1,0,0,40,0,2,1,0,0,1,0,0
BL6-BALBc_HTxB,AV6-6-CALGDLGSWQLIF-AJ22_BV4-CASSYAEQFF-BJ2-1,190.0,2,3,5,9,6,7,1,2,2,3,52,3,0
BL6-BALBc_HTxB,AV5D-4-CAASDMGYKLTF-AJ9_BV13-2-CASGDALGGFSYEQYF-BJ2-7,58.0,0,0,0,0,1,4,0,0,0,1,2,34,2
BL6-BALBc_HTxB,AV8D-2-CATTGNTRKLIF-AJ37*p02_BV13-3-CASSDAGTGGSDYTF-BJ1-2,83.0,0,6,4,11,14,3,0,3,1,4,9,8,0
BL6-BALBc_HTxB,AV6-5-CAPNNNNRIFF-AJ31_BV3-CASSLGRGLEQYF-BJ2-7,461.0,0,1,5,11,11,7,1,3,4,33,52,6,0
BL6-BALBc_HTxB,AV9-3-CAVRHNAGAKLTF-AJ39_BV19-CASSIGGEQYF-BJ2-7,658.0,1,4,6,14,7,16,1,2,0,3,21,11,0
BL6-BALBc_HTxB,AV16D/DV11-CAMRAHYSNNRLTL-AJ7_BV13-2-CASGEQYEQYF-BJ2-7,486.0,1,2,1,11,13,210,6,7,4,18,133,6,0
BL6-BALBc_HTxB,AV16D/DV11-CAMREGEGGRALIF-AJ15_BV13-2-CASGEGTYTGQLYF-BJ2-2,85.0,0,0,1,1,282,3,2,3,0,4,8,3,0
BL6-BALBc_HTxB,AV7-2-CAATGNTRKLIF-AJ37*p02_BV4-CASSLGNYAEQFF-BJ2-1,242.0,1,1,2,21,4,4,0,4,0,6,9,0,0
BL6-BALBc_HTxB,AV10-CAASRMGYKLTF-AJ9_BV5-CASSQVAEGNQAPLF-BJ1-5,167.0,0,0,4,6,5,6,1,4,0,5,9,8,0
BL6-BALBc_HTxB,AV16/DV11-CAMREDPGGADRLTF-AJ45_BV1-CTCSADRTSQNTLYF-BJ2-4,74.0,0,2,1,6,3,2,4,2,0,8,1,2,1
BL6-BALBc_HTxB,AV7D-2-CAASGASGSWQLIF-AJ22_BV13-2-CASGDAGTQAPLF-BJ1-5,103.0,1,1,1,2,2,109,1,3,0,1,6,2,0
BL6-BALBc_HTxB,AV16D/DV11-CAMREANSGTYQRF-AJ13_BV1-CTCSADKVYAEQFF-BJ2-1,469.0,2,2,6,53,13,9,3,6,0,7,17,6,0
BL6-BALBc_HTxB,AV3-3-CAVMPNYNVLYF-AJ21*p03_BV13-2-CASGDLGTDNNQAPLF-BJ1-5,968.0,5,5,5,30,24,17,6,9,0,19,50,10,0
BL6-BALBc_HTxB,AV6-6-CALGTGGNNKLTF-AJ56_BV19-CASSRGVSYNSPLYF-BJ1-6,109.0,0,1,4,3,4,4,0,3,1,7,12,6,0
BL6-BALBc_HTxB,AV7-4-CAARDSNYQLIW-AJ33_BV1-CTCSADWGANERLFF-BJ1-4,910.0,1,5,2,15,16,5,2,7,1,14,23,45,1
BL6-BALBc_HTxB,AV3-4-CAVSAEDYANKMIF-AJ47_BV13-1-CASSDVGGLNTGQLYF-BJ2-2,1625.0,7,7,45,30,32,288,2,3,3,19,44,6,2
BL6-BALBc_HTxB,AV12-2-CALNTGYQNFYF-AJ49_BV13-1-CASSDAGGYEQYF-BJ2-7,173.0,1,0,6,7,3,22,1,2,1,12,8,5,0
BL6-BALBc_HTxB,AV16D/DV11-CAMRAANSGTYQRF-AJ13_BV13-2-CASGLDNSGNTLYF-BJ1-3,428.0,9,7,6,38,23,14,4,613,4,22,43,7,2
BL6-BALBc_HTxB,AV16D/DV11-CAMREETSSGQKLVF-AJ16*p02_BV13-1-CASSDVRDSGNTHYF-BJ1-3,94.0,0,0,1,3,1,2,3,1,1,3,11,18,0
BL6-BALBc_HTxB,AV9D-3-CAVSPDTNAYKVIF-AJ30_BV13-2-CASGDWGRGEQYF-BJ2-7,127.0,0,1,45,1,3,2,1,1,0,6,2,0,0
BL6-BALBc_HTxB,AV6D-6-CALTDTNAYKVIF-AJ30_BV29-CASSSGTANSDYTF-BJ1-2,57.0,11,3,0,7,3,3,0,1,6,9,49,5,0
BL6-BALBc_HTxB,AV8-2-CATDGTNSAGNKLTF-AJ17*p02_BV17-CASSPGLGGRFSEQYF-BJ2-7,3.0,0,0,0,0,0,0,0,0,0,0,1,0,0
BL6-BALBc_HTxB,AV6-6-CALGDLGTQVVGQLTF-AJ5*p02_BV3-CASSLDGGSAETLYF-BJ2-3,476.0,3,2,12,16,6,11,1,7,0,105,91,6,0
BL6-BALBc_HTxB,AV5-1-CSASVDYAQGLTF-AJ26_BV31-CAWSPGTQNTLYF-BJ2-4,305.0,1,3,1,9,1,46,1,2,0,4,18,2,0
BL6-BALBc_HTxB,AV4-3-CAAESDPGGADRLTF-AJ45_BV13-2-CASGDSYEQYF-BJ2-7,69.0,1,2,4,4,2,11,1,2,3,2,5,0,0
BL6-BALBc_HTxB,AV16D/DV11-CAMRAHYSNNRLTL-AJ7_BV13-2-CASGEQYEQYF-BJ2-7,163.0,1,1,0,3,2,72,0,2,0,1,5,2,0
BL6-BALBc_HTxB,AV6-6-CALGDQANTDKVVF-AJ34*p03_BV14-CASSLGVNTEVFF-BJ1-1,398.0,0,2,0,10,5,9,57,5,0,9,16,1,0
BL6-BALBc_HTxB,AV1-CAVRDSYAQGLTF-AJ26_BV13-1-CASSDDRVGNTLYF-BJ1-3,21.0,0,1,1,37,0,2,1,1,0,2,2,0,0
BL6-BALBc_HTxB,AV16/DV11-CAMRAYGNEKITF-AJ48_BV5-CASSQERGDQNTLYF-BJ2-4,79.0,0,0,1,0,4,1,0,2,0,0,11,0,0
BL6-BALBc_HTxB,AV13D-3-CAMRTNSAGNKLTF-AJ17*p02_BV13-2-CASGTTYEQYF-BJ2-7,62.0,0,1,2,17,2,1,0,1,0,209,4,1,2
BL6-BALBc_HTxB,AV4-3-CAAEGQGGRALIF-AJ15_BV1-CTCSGTGGDTEVFF-BJ1-1,34.0,0,0,2,0,3,2,4,0,0,3,1,8,0
BL6-BALBc_HTxB,AV8-1-CATDASSGSWQLIF-AJ22_BV4-CASTQANTEVFF-BJ1-1,67.0,1,2,3,3,6,4,1,3,0,5,348,4,0
BL6-BALBc_HTxB,AV13-4/DV7-CAMDLNTGYQNFYF-AJ49_BV20-CGARLGSQNTLYF-BJ2-4,64.0,1,1,1,1,0,3,0,0,0,1,2,1,0
BL6-BALBc_HTxB,AV15-2/DV6-2-CALSELNTGANTGKLTF-AJ52_BV29-CASSGGQGDTQYF-BJ2-5,75.0,1,0,0,2,0,4,1,1,0,0,3,2,0
BL6-BALBc_HTxB,AV16D/DV11-CAMREGNTGNYKYVF-AJ40_BV13-2-CASGDLYEQYF-BJ2-7,1490.0,1,8,6,26,171,94,7,7,1,43,99,7,2
BL6-BALBc_HTxB,AV14-1-CAASPPTGGYKVVF-AJ12_BV13-2-CASGDVGGSNERLFF-BJ1-4,108.0,1,5,3,10,10,11,2,11,3,21,17,4,1
BL6-BALBc_HTxB,AV13-4/DV7-CAMEPGTGSNRLTF-AJ28_BV2-CASSYRVSGNTLYF-BJ1-3,1564.0,5,3,10,10,12,8,5,10,1,20,17,18,0
BL6-BALBc_HTxB,AV6-4-CALPANYGNEKITF-AJ48_BV1-CTCSAGGSQDTQYF-BJ2-5,47.0,1,13,12,4,11,3,7,7,0,10,22,17,0
BL6-BALBc_HTxB,AV12-2-CALSDSGGSNAKLTF-AJ42_BV14-CASSFWTGGARDTQYF-BJ2-5,60.0,0,1,3,11,30,12,1,3,0,7,12,7,0
BL6-BALBc_HTxB,AV12-2-CALSDRYGNEKITF-AJ48_BV29-CASSPLKGANSDYTF-BJ1-2,468.0,0,2,3,3,41,2,1,4,1,7,15,3,1
BL6-BALBc_HTxB,AV9D-3-CAVSPDTNAYKVIF-AJ30_BV13-2-CASGDWGRGEQYF-BJ2-7,296.0,3,1,32,8,11,5,3,3,3,9,14,5,1
BL6-BALBc_HTxB,AV7-4-CADNTNTGKLTF-AJ27_BV1-CTCSADRTENTEVFF-BJ1-1,172.0,21,1,2,5,5,4,1,2,1,3,7,1,0
BL6-BALBc_HTxB,AV1-CAVPSGSWQLIF-AJ22_BV4-CASSYGRWDTEVFF-BJ1-1,173.0,1,2,2,6,6,2,7,0,0,9,6,3,0
BL6-BALBc_HTxB,AV16/DV11-CAMREDSGGSNYKLTF-AJ53_BV13-2-CASGGAGNSPLYF-BJ1-6,213.0,3,3,6,11,15,8,3,4,2,16,23,9,0
BL6-BALBc_HTxB,AV16D/DV11-CAMRAHYSNNRLTL-AJ7_BV13-2-CASGEQYEQYF-BJ2-7,129.0,0,1,9,4,5,167,4,1,2,2,16,4,2
BL6-BALBc_HTxB,AV16D/DV11-CAMREANSGTYQRF-AJ13_BV1-CTCSADKVYAEQFF-BJ2-1,330.0,1,3,4,59,9,11,5,7,2,17,29,11,0
BL6-BALBc_HTxB,AV16D/DV11-CAMREGNTNTGKLTF-AJ27_BV1-CTCSADGVYAEQFF-BJ2-1,120.0,0,0,1,10,3,4,2,4,0,5,10,34,0
BL6-BALBc_HTxB,AV14-1-CAATPSSGSWQLIF-AJ22_BV4-CASSDWGQNTLYF-BJ2-4,233.0,2,2,6,11,8,9,3,5,2,11,19,3,1
BL6-BALBc_HTxB,AV16/DV11-CAMRESYTGGADRLTF-AJ45_BV13-1-CASSDMGTEVFF-BJ1-1,115.0,0,1,3,14,14,10,4,3,4,31,64,22,2
BL6-BALBc_HTxB,AV7D-5-CAVSSGGNYKPTF-AJ6_BV3-CASSQDRTGTSAETLYF-BJ2-3,162.0,0,0,2,11,149,5,0,7,0,5,18,4,0
BL6-BALBc_HTxB,AV16/DV11-CAMRDSGGSNAKLTF-AJ42_BV13-1-CASSDRGSQNTLYF-BJ2-4,37.0,0,0,37,0,2,1,0,1,0,5,4,0,0
BL6-BALBc_HTxB,AV3D-3-CAVSGYGGSGNKLIF-AJ32_BV5-CASSQNREAYNSPLYF-BJ1-6,124.0,1,1,3,22,7,1,0,1,0,6,10,2,0
BL6-BALBc_HTxB,AV3-3-CAVMPNYNVLYF-AJ21*p03_BV13-2-CASGDLGTDNNQAPLF-BJ1-5,81.0,0,3,3,3,10,3,0,5,0,15,65,1,1
BL6-BALBc_HTxB,AV6D-6-CALSDRGTNTGKLTF-AJ27_BV29-CASTPGLQDTQYF-BJ2-5,73.0,0,1,2,3,1,1,1,0,0,1,8,2,0
BL6-BALBc_HTxB,AV3-3-CAVDTNAYKVIF-AJ30_BV13-2-CASGDGGREQYF-BJ2-7,160.0,0,4,2,2,7,5,8,0,0,2,9,6,0
BL6-BALBc_HTxB,AV16D/DV11-CAMREGDTNAYKVIF-AJ30_BV13-2-CASGGHSQNTLYF-BJ2-4,142.0,0,2,0,9,1,1,0,0,0,2,1,0,0
BL6-BALBc_HTxB,AV16/DV11-CAMREGNTGYQNFYF-AJ49_BV13-2-CASGRGAGNTLYF-BJ1-3,29.0,0,0,3,0,5,15,0,8,0,3,1,0,0
BL6-BALBc_HTxB,AV12D-2-CALKHDSGYNKLTF-AJ11*p02_BV13-1-CASSDVGGLNTGQLYF-BJ2-2,1052.0,5,2,5,20,17,114,2,9,3,7,30,10,0
BL6-BALBc_HTxB,AV4-4/DV10-CAVNTGGADRLTF-AJ45_BV14-CASSFWGQSYEQYF-BJ2-7,125.0,0,3,1,2,1,4,1,2,0,1,6,1,1
BL6-BALBc_HTxB,AV7D-3-CAVSNQGGRALIF-AJ15_BV13-2-CASGDTVGNQAPLF-BJ1-5,81.0,2,0,2,14,7,9,67,4,0,3,13,2,0
BL6-BALBc_HTxB,AV16/DV11-CAMREGNTGYQNFYF-AJ49_BV13-3-CASSDAGVYEQYF-BJ2-7,171.0,1,0,5,5,1,3,3,1,5,13,5,1,0
BL6-BALBc_HTxB,AV12D-2-CASSMPNYNVLYF-AJ21*p03_BV29-CASSSGGRGAEQFF-BJ2-1,570.0,5,6,11,22,28,29,10,8,2,28,46,19,2
BL6-BALBc_HTxB,AV14-2-CAASPYTGNYKYVF-AJ40_BV13-1-CASSTGNTLYF-BJ2-4,126.0,0,3,1,12,5,5,0,5,1,120,6,3,0
BL6-BALBc_HTxB,AV9D-1-CAANNTGANTGKLTF-AJ52_BV3-CASSLGAGYEQYF-BJ2-7,78.0,1,1,3,7,10,4,3,5,0,65,17,5,0
BL6-BALBc_HTxB,AV7D-2-CAAGGADRLTF-AJ45_BV29-CASSLIRYAEQFF-BJ2-1,95.0,1,0,1,7,8,1,0,2,0,3,0,7,0
BL6-BALBc_HTxB,AV9D-3-CAVSPDTNAYKVIF-AJ30_BV13-2-CASGDWGRGEQYF-BJ2-7,136.0,2,1,48,9,8,3,4,4,0,8,17,4,0
BL6-BALBc_HTxB,AV12D-2-CALRSNSGTYQRF-AJ13_BV13-2-CASGGDFNYAEQFF-BJ2-1,364.0,0,1,1,7,8,7,0,1,0,4,16,2,0
BL6-BALBc_HTxB,AV16/DV11-CAMREGLGGNNKLTF-AJ56_BV1-CTCSGGGAATGQLYF-BJ2-2,282.0,0,2,3,15,9,4,0,3,0,7,6,7,0
BL6-BALBc_HTxB,AV6-1-CVLGDDSGYNKLTF-AJ11*p02_BV20-CGARADRGAETLYF-BJ2-3,59.0,2,1,1,0,3,1,0,1,0,4,6,75,0
BL6-BALBc_HTxB,AV8-1-CADQGGRALIF-AJ15_BV1-CTCSADPGNERLFF-BJ1-4,119.0,2,1,0,13,2,1,0,1,0,2,3,0,0
BL6-BALBc_HTxB,AV3D-3-CAVSESNNRIFF-AJ31_BV16-CASSLGLGFNYAEQFF-BJ2-1,236.0,0,5,0,2,3,3,1,2,0,7,11,1,0
BL6-BALBc_HTxB,AV8-1-CATDASSGSWQLIF-AJ22_BV4-CASTAANTEVFF-BJ1-1,1013.0,3,4,7,18,14,15,2,8,0,16,199,5,0
BL6-BALBc_HTxB,AV16D/DV11-CAMREGLGGSGNKLIF-AJ32_BV1-CTCSADRTKNEQYF-BJ2-7,213.0,1,1,2,71,4,5,0,3,1,6,11,2,0
BL6-BALBc_HTxB,AV19-CAADQGGSAKLIF-AJ57_BV20-CGARYTSANTEVFF-BJ1-1,161.0,0,1,4,17,6,2,3,6,0,2,9,2,0
BL6-BALBc_HTxB,AV6D-7-CALRYGGSGNKLIF-AJ32_BV3-CASSLGTGDTQYF-BJ2-5,329.0,0,2,1,8,6,5,3,2,0,44,6,0,0
BL6-BALBc_HTxB,AV7D-5-CAVSMVGTGGYKVVF-AJ12_BV16-CASSLDITGGSAETLYF-BJ2-3,14.0,0,0,0,0,0,0,0,0,0,0,1,0,0
BL6-BALBc_HTxB,AV3-3-CAVREDYANKMIF-AJ47_BV31-CAWRRQGANSDYTF-BJ1-2,160.0,0,5,7,4,2,9,6,1,2,3,15,0,1
BL6-BALBc_HTxB,AV5-1-CSASVDYAQGLTF-AJ26_BV31-CAWSPGTQNTLYF-BJ2-4,997.0,2,3,4,16,11,35,2,10,0,8,15,8,0
BL6-BALBc_HTxB,AV16D/DV11-CAMREGNNNAGAKLTF-AJ39_BV13-2-CASGDRVYEQYF-BJ2-7,155.0,15,0,3,7,2,3,0,7,0,5,4,3,0
BL6-BALBc_HTxB,AV13-4/DV7-CAMEPSNYQLIW-AJ33_BV29-CASGQGGTGQLYF-BJ2-2,65.0,0,1,3,5,3,5,1,195,0,2,11,2,0
BL6-BALBc_HTxB,AV9-3-CAVSTDTGYQNFYF-AJ49_BV17-CASSSGNTLYF-BJ1-3,106.0,7,4,3,11,8,4,2,7,0,15,20,7,0
BL6-BALBc_HTxB,AV19-CAANSNTDKVVF-AJ34*p03_BV1-CTCSATGTGDTEVFF-BJ1-1,61.0,0,1,1,2,8,4,4,4,1,3,8,64,0
BL6-BALBc_HTxB,AV3-4-CAVSAEDYANKMIF-AJ47_BV13-2-CASGDQGASGNTLYF-BJ1-3,331.0,1,4,5,21,20,427,2,6,1,19,26,9,0
BL6-BALBc_HTxB,AV3-3-CAVSAVDSNYQLIW-AJ33_BV19-CASTPPLGGYAEQFF-BJ2-1,150.0,1,0,1,108,3,4,0,2,0,6,6,1,1
BL6-BALBc_HTxB,AV8-2-CATVDTNAYKVIF-AJ30_BV29-CASSSGTANTEVFF-BJ1-1,45.0,2,1,0,3,2,4,0,1,3,0,11,6,0
BL6-BALBc_HTxB,AV8-2-CATSGGSNAKLTF-AJ42_BV13-1-CASSGGNYAEQFF-BJ2-1,245.0,4,3,3,10,9,9,5,3,0,5,13,6,1
BL6-BALBc_HTxB,AV9-4-CAVSSPDTNAYKVIF-AJ30_BV13-2-CASGASGGNTLYF-BJ1-3,32.0,1,5,0,5,0,1,1,3,7,2,4,7,0
BL6-BALBc_HTxB,AV6-2-CVLGDPGGSGNKLIF-AJ32_BV13-2-CASGDAGTGTETLYF-BJ2-3,3875.0,2,2,5,21,15,12,3,5,1,21,32,7,1
BL6-BALBc_HTxB,AV19-CAAGYGGSGNKLIF-AJ32_BV13-1-CASSDLRGRSGNTLYF-BJ1-3,2034.0,5,3,3,25,20,13,5,15,2,16,16,15,1
BL6-BALBc_HTxB,AV12D-1-CALSETGGNNKLTF-AJ56_BV1-CTCSADPGWEQYF-BJ2-7,18.0,1,0,0,1,2,0,1,0,0,2,4,6,0
BL6-BALBc_HTxB,AV3-4-CAVNNAGAKLTF-AJ39_BV1-CTCSADRVAEQFF-BJ2-1,295.0,3,11,5,17,9,14,0,18,1,10,14,11,1
BL6-BALBc_HTxB,AV16/DV11-CAMREANTGNYKYVF-AJ40_BV13-2-CASGDNYEQYF-BJ2-7,87.0,2,2,0,4,267,7,0,2,0,3,5,1,1
BL6-BALBc_HTxB,AV9-3-CAVSIHYGNEKITF-AJ48_BV13-1-CASSGDRGYNSPLYF-BJ1-6,144.0,1,14,3,3,4,6,2,0,1,5,9,2,0
BL6-BALBc_HTxB,AV7-3-CADTGNYKYVF-AJ40_BV13-2-CASGEGGKNTLYF-BJ2-4,223.0,0,0,0,3,1,32,1,0,0,5,5,2,0
BL6-BALBc_HTxB,AV21/DV12-CISNTGYQNFYF-AJ49_BV13-1-CASSDDRVGNTLYF-BJ1-3,68.0,0,1,1,7,66,6,1,1,0,3,13,0,0
BL6-BALBc_HTxB,AV16D/DV11-CAMREDMGYKLTF-AJ9_BV13-2-CASGRQGNSDYTF-BJ1-2,139.0,1,9,1,47,1,5,0,1,3,4,4,6,0
BL6-BALBc_HTxB,AV21/DV12-CILRVSTGYQNFYF-AJ49_BV13-3-CASSGTGNNQAPLF-BJ1-5,129.0,10,1,5,5,7,3,2,1,0,10,51,9,0
BL6-BALBc_HTxB,AV16D/DV11-CAMREDTNAYKVIF-AJ30_BV13-2-CASGETGANSDYTF-BJ1-2,135.0,1,2,2,5,8,48,0,47,1,13,8,7,1
BL6-BALBc_HTxB,AV6D-6-CALSDVASSSFSKLVF-AJ50_BV2-CASSQEWDKNTEVFF-BJ1-1,1985.0,1,2,2,14,14,10,7,4,1,10,21,4,0
BL6-BALBc_HTxB,AV12D-1-CALSDQNKLTF-AJ56_BV14-CASRSDWVNQDTQYF-BJ2-5,615.0,3,6,22,39,33,24,19,10,3,36,62,19,0
BL6-BALBc_HTxB,AV6D-6-CALTDTNAYKVIF-AJ30_BV29-CASSSGTANSDYTF-BJ1-2,742.0,3,0,4,21,11,13,5,8,18,17,47,9,0
BL6-BALBc_HTxB,AV5-1-CSASISGGNYKPTF-AJ6_BV29-CASSLRTKDTQYF-BJ2-5,107.0,1,0,2,2,8,3,5,0,1,3,3,0,0
BL6-BALBc_HTxB,AV6-6-CALGDNTGANTGKLTF-AJ52_BV13-1-CASISGNTLYF-BJ1-3,71.0,1,0,1,7,8,3,1,3,5,6,9,2,0
BL6-BALBc_HTxB,AV13-1-CAMELSSGSWQLIF-AJ22_BV5-CASSSGGVTEVFF-BJ1-1,275.0,0,1,7,7,12,8,3,1,0,5,122,1,1
BL6-BALBc_HTxB,AV9-2-CAASSDYANKMIF-AJ47_BV3-CASSSTGFEQYF-BJ2-7,49.0,0,1,2,2,2,0,0,1,0,91,4,0,0
BL6-BALBc_HTxB,AV16D/DV11-CAMREYDTNAYKVIF-AJ30_BV1-CTCSADRVNTEVFF-BJ1-1,30.0,3,0,3,100,2,3,0,1,0,5,7,1,0
BL6-BALBc_HTxB,AV16D/DV11-CAMREDNNAGAKLTF-AJ39_BV13-1-CASSDYSYEQYF-BJ2-7,1480.0,2,5,5,23,20,19,10,6,0,21,16,9,0
BL6-BALBc_HTxB,AV16D/DV11-CAMREANSGTYQRF-AJ13_BV1-CTCSADKVYAEQFF-BJ2-1,152.0,1,1,9,45,9,14,1,4,1,6,23,3,0
BL6-BALBc_HTxB,AV7-3-CAVKGGSALGRLHF-AJ18_BV17-CASSTGGVQNTLYF-BJ2-4,148.0,1,0,2,4,10,14,2,1,1,12,12,3,0
BL6-BALBc_HTxB,AV7D-5-CAVSVNNYAQGLTF-AJ26_BV29-CASSWGGGSAETLYF-BJ2-3,125.0,4,0,1,9,6,7,3,2,1,19,44,3,0
BL6-BALBc_HTxB,AV16D/DV11-CAMREGFNYQLIW-AJ33_BV13-2-CASGDARGSNQAPLF-BJ1-5,60.0,1,1,1,30,4,11,0,3,3,6,6,19,0
BL6-BALBc_HTxB,AV16/DV11-CAMRETPNAYKVIF-AJ30_BV30-CSSSLGGSGQLYF-BJ2-2,1334.0,4,5,14,19,28,17,5,9,5,30,28,22,0
BL6-BALBc_HTxB,AV7D-3-CAVTGNYKYVF-AJ40_BV13-2-CASGTGGENTLYF-BJ2-4,657.0,4,1,4,21,22,66,3,6,1,15,30,10,0
BL6-BALBc_HTxB,AV16D/DV11-CAMREEDSNYQLIW-AJ33_BV13-1-CASKGDRYAEQFF-BJ2-1,783.0,1,2,6,30,26,16,3,9,5,29,24,6,0
BL6-BALBc_HTxB,AV7-3-CADSGGSNAKLTF-AJ42_BV29-CASSLSQVNYAEQFF-BJ2-1,130.0,0,1,2,3,5,3,3,3,3,3,12,0,0
BL6-BALBc_HTxB,AV16D/DV11-CAMREGNSAGNKLTF-AJ17*p02_BV13-1-CASSDVNSPLYF-BJ1-6,44.0,1,0,1,6,33,176,1,5,0,2,9,2,0
BL6-BALBc_HTxB,AV8D-1-CLSSGSWQLIF-AJ22_BV5-CASSQGQGLYAEQFF-BJ2-1,607.0,9,3,13,18,14,13,3,14,3,27,40,13,1
BL6-BALBc_HTxB,AV4-2-CAAEVGDNSKLIW-AJ38_BV13-3-CASRDRNTEVFF-BJ1-1,1385.0,4,7,12,26,29,31,4,7,0,32,233,9,1
BL6-BALBc_HTxB,AV6-6-CALGDLGTQVVGQLTF-AJ5*p02_BV3-CASSLDGGSAETLYF-BJ2-3,231.0,1,0,0,5,5,5,0,2,1,92,52,2,0
BL6-BALBc_HTxB,AV16D/DV11-CAMREASSGSWQLIF-AJ22_BV16-CASSPPDPNYAEQFF-BJ2-1,79.0,1,2,1,46,6,4,0,1,0,3,1,1,0
BL6-BALBc_HTxB,AV6D-6-CALPTNSAGNKLTF-AJ17*p02_BV13-2-CATGTGSDTQYF-BJ2-5,214.0,5,0,4,10,11,5,1,4,0,12,10,1,0
BL6-BALBc_HTxB,AV9-4-CAVRDYGNEKITF-AJ48_BV1-CTCSAVRAEVFF-BJ1-1,63.0,0,0,3,1,5,11,0,7,0,2,9,32,0
BL6-BALBc_HTxB,AV9-3-CAVSTDYAQGLTF-AJ26_BV3-CASSLGTGDTQYF-BJ2-5,574.0,0,6,7,14,20,13,2,10,0,501,18,4,0
BL6-BALBc_HTxB,AV11-CVVGADNNAGAKLTF-AJ39_BV13-2-CASGDAGGSGNTLYF-BJ1-3,178.0,7,8,10,20,14,17,13,4,9,19,112,39,0
BL6-BALBc_HTxB,AV16D/DV11-CAWTGGYKVVF-AJ12_BV19-CASSIDRTGQDTQYF-BJ2-5,193.0,1,2,1,8,5,2,1,1,1,5,13,24,0
BL6-BALBc_HTxB,AV10D-CAASHMGYKLTF-AJ9_BV13-2-CASGTGDERLFF-BJ1-4,110.0,16,2,3,16,14,5,2,6,0,12,15,10,0
BL6-BALBc_HTxB,AV16D/DV11-CAMRAHYSNNRLTL-AJ7_BV13-2-CASGEQYEQYF-BJ2-7,75.0,0,4,1,2,5,119,1,3,0,2,7,5,0
BL6-BALBc_HTxB,AV6-6-CALGGPPLNTGYQNFYF-AJ49_BV29-CASSSGHQDTQYF-BJ2-5,209.0,3,2,10,16,12,7,0,1,2,3,32,16,0
BL6-BALBc_HTxB,AV16D/DV11-CAMRAHYSNNRLTL-AJ7_BV4-CASSRTGSGNTLYF-BJ1-3,243.0,0,8,5,6,7,12,5,5,0,6,17,2,1
BL6-BALBc_HTxB,AV4-3-CAAEADTGNYKYVF-AJ40_BV31-CAWSLWTGVEQYF-BJ2-7,188.0,5,5,49,9,13,19,2,6,1,26,20,4,1
BL6-BALBc_HTxB,AV9-4-CAVSSPDTNAYKVIF-AJ30_BV13-2-CASGASGGNTLYF-BJ1-3,34.0,0,0,0,2,4,3,1,8,0,2,1,0,0
BL6-BALBc_HTxB,AV16D/DV11-CAMREGEMPNYNVLYF-AJ21*p03_BV31-CAWSPGNYAEQFF-BJ2-1,193.0,0,0,7,3,171,6,1,2,1,1,6,0,0
BL6-BALBc_HTxB,AV9-2-CAASTNAYKVIF-AJ30_BV1-CTWSGGAGTEVFF-BJ1-1,45.0,1,1,3,5,4,2,3,3,0,1,5,2,1
BL6-BALBc_HTxB,AV9D-3-CAVSPDTNAYKVIF-AJ30_BV13-2-CASGDWGRGEQYF-BJ2-7,1441.0,0,1,94,8,8,8,0,5,3,12,10,1,0
BL6-BALBc_HTxB,AV3D-3-CAVSDDTNAYKVIF-AJ30_BV5-CASSQDRTGGFAEQFF-BJ2-1,53.0,0,1,0,70,3,3,2,1,0,4,7,1,0
BL6-BALBc_HTxB,AV9-3-CAVSTDTGYQNFYF-AJ49_BV17-CASSSGNTLYF-BJ1-3,31.0,0,5,2,1,2,0,0,0,0,5,10,6,0
BL6-BALBc_HTxB,AV8-1-CATDGSSGSWLLIF-AJ22_BV4-CASTAANTEVFF-BJ1-1,493.0,0,0,4,9,16,7,2,5,0,8,133,7,0
BL6-BALBc_HTxB,AV7D-5-CAVSSGGNYKPTF-AJ6_BV3-CASSQDRTGTSAETLYF-BJ2-3,336.0,3,1,2,11,280,7,2,3,0,10,12,5,0
BL6-BALBc_HTxB,AV7D-2-CAAHTGNYKYVF-AJ40_BV1-CTCSAVRVSNSDYTF-BJ1-2,94.0,3,0,2,20,6,2,1,0,0,7,6,0,0
BL6-BALBc_HTxB,AV7D-2-CAAPYSNYQLIW-AJ33_BV5-CASSSGGVTEVFF-BJ1-1,110.0,0,1,0,8,11,17,1,15,0,9,13,2,0
BL6-BALBc_HTxB,AV16/DV11-CAMREGLANKMIF-AJ47_BV13-2-CASGETGGAYEQYF-BJ2-7,344.0,2,2,2,129,17,3,5,4,0,23,19,8,0
BL6-BALBc_HTxB,AV3D-3-CAVSAIQGGRALIF-AJ15_BV17-CASSAGTANERLFF-BJ1-4,568.0,4,0,9,11,32,20,4,2,2,23,29,1,0
BL6-BALBc_HTxB,AV6D-7-CALTDTGGLSGKLTF-AJ2_BV13-2-CASGDAFGDEQYF-BJ2-7,605.0,2,3,6,14,15,11,3,18,0,11,21,1,0
BL6-BALBc_HTxB,AV7D-5-CAVSSGGNYKPTF-AJ6_BV3-CASSQDRTGTSAETLYF-BJ2-3,90.0,1,0,0,3,151,2,1,2,0,2,2,2,0
BL6-BALBc_HTxB,AV10-CAASPNTGYQNFYF-AJ49_BV13-2-CASGDAGAPLF-BJ1-5,56.0,0,0,0,3,6,1,1,2,1,82,2,1,0
BL6-BALBc_HTxB,AV12-2-CALSMDYANKMIF-AJ47_BV13-3-CASSDRTEVFF-BJ1-1,229.0,0,2,7,20,9,32,1,4,4,66,10,5,0
BL6-BALBc_HTxB,AV7D-3-CAVTGNYKYVF-AJ40_BV13-2-CASGTGGENTLYF-BJ2-4,2015.0,4,2,15,32,27,68,1,7,2,34,23,6,0
BL6-BALBc_HTxB,AV3-3-CAVRNNYAQGLTF-AJ26_BV1-CTCSAVREDTEVFF-BJ1-1,185.0,1,2,2,17,7,0,0,1,0,5,13,2,1
BL6-BALBc_HTxB,AV6-6-CALSDSGGSNAKLTF-AJ42_BV13-1-CASSDVEQYF-BJ2-7,450.0,1,3,8,8,17,14,3,2,1,11,46,6,0
BL6-BALBc_HTxB,AV3-3-CAVSERTSSFSKLVF-AJ50_BV13-2-CASGETGEDTQYF-BJ2-5,135.0,0,1,2,36,5,57,1,1,3,2,7,0,0
BL6-BALBc_HTxB,AV16/DV11-CAMREGLGGNNKLTF-AJ56_BV1-CTCSGGGAATGQLYF-BJ2-2,119.0,0,0,0,5,6,3,2,1,0,1,3,3,0
BL6-BALBc_HTxB,AV6-7/DV9-CALGDQGGGADRLTF-AJ45_BV3-CASSFGTGGYYEQYF-BJ2-7,867.0,1,2,1,15,6,9,1,4,2,57,18,3,0
BL6-BALBc_HTxB,AV12-2-CALRDNAGAKLTF-AJ39_BV14-CASSGQNTEVFF-BJ1-1,48.0,1,2,0,3,250,4,0,0,0,4,5,6,0
BL6-BALBc_HTxB,AV16/DV11-CAMRDAGNTRKLIF-AJ37*p02_BV1-CTCSADRYNYAEQFF-BJ2-1,971.0,4,12,2,17,16,15,3,2,1,15,17,3,0
BL6-BALBc_HTxB,AV1-CAVRDSYAQGLTF-AJ26_BV13-1-CASSDDRVGNTLYF-BJ1-3,174.0,1,1,4,136,10,13,2,2,1,16,26,3,0
BL6-BALBc_HTxB,AV10-CAAIMDYANKMIF-AJ47_BV3-CASSAGPQDTQYF-BJ2-5,154.0,0,1,1,131,5,3,1,2,0,6,8,1,0
BL6-BALBc_HTxB,AV7-3-CAVDSNYQL-AJ33_BV14-CASSFWVNSDYTF-BJ1-2,101.0,1,0,1,5,9,5,0,7,0,320,5,1,1
BL6-BALBc_HTxB,AV7D-3-CAVSMWGSGTYQSF-AJ13_BV2-CASSQDRTGFYAEQFF-BJ2-1,1291.0,6,1,5,15,23,10,5,8,2,26,19,8,0
BL6-BALBc_HTxB,AV16D/DV11-CAMREGSGNTRKLIF-AJ37*p02_BV13-2-CASGGVNTEVFF-BJ1-1,82.0,0,1,1,6,32,4,1,0,0,2,3,0,0
BL6-BALBc_HTxB,AV6D-6-CALSDNRIFF-AJ31_BV13-2-CASGDLGTDNNQAPLF-BJ1-5,81.0,0,2,0,1,2,2,1,2,0,3,22,6,0
BL6-BALBc_HTxB,AV7-1-CAPDSGYNKLTF-AJ11*p02_BV13-2-CASGDAFGDEQYF-BJ2-7,40.0,0,0,0,2,1,4,0,14,0,1,2,10,0
BL6-BALBc_HTxB,AV7D-5-CAVSSGGNYKPTF-AJ6_BV3-CASSQDRTGTSAETLYF-BJ2-3,131.0,0,0,2,2,175,4,3,6,0,4,16,3,1
BL6-BALBc_HTxB,AV16D/DV11-CAMREGNTGNYKYVF-AJ40_BV13-2-CASGDLYEQYF-BJ2-7,307.0,0,3,4,134,113,16,11,3,1,11,31,9,1
BL6-BALBc_HTxB,AV3-1-CAVSGASGSWQLIF-AJ22_BV4-CASSLTDEQYF-BJ2-7,106.0,0,2,1,4,4,6,0,0,0,2,94,1,0
BL6-BALBc_HTxB,AV16D/DV11-CAMRDTNAYKVIF-AJ30_BV13-2-CASGDVGGGQNTLYF-BJ2-4,155.0,3,0,0,1,4,32,1,0,0,3,8,0,0
BL6-BALBc_HTxB,AV8-1-CATDASSGSWQLIF-AJ22_BV4-CASTAANTEVFF-BJ1-1,80.0,0,0,4,4,2,3,2,2,1,8,215,0,0
BL6-BALBc_HTxB,AV1-CAVRDSYAQGLTF-AJ26_BV13-1-CASSDDRVGNTLYF-BJ1-3,17.0,0,1,1,35,5,0,0,0,0,0,2,2,0
BL6-BALBc_HTxB,AV16/DV11-CAMREDNAGAKLTF-AJ39_BV13-2-CASGEAAYEQYF-BJ2-7,44.0,1,0,0,3,45,4,0,0,0,0,1,1,2
BL6-BALBc_HTxB,AV16/DV11-CAMRDSGGSNAKLTF-AJ42_BV13-1-CASSDRGSQNTLYF-BJ2-4,491.0,11,3,32,49,29,15,2,7,1,16,118,8,1
BL6-BALBc_HTxB,AV12-3-CALSSLNTDKVVF-AJ34*p03_BV13-1-CASSGTVNTGQLYF-BJ2-2,27.0,0,0,1,5,3,2,0,2,0,2,8,0,0
BL6-BALBc_HTxB,AV8D-2-CATDALRGGRALIF-AJ15_BV1-CTCSAGTGREAETLYF-BJ2-3,52.0,0,0,0,2,2,1,1,1,0,0,4,0,0
BL6-BALBc_HTxB,AV6D-6-CALSDRGTNTGKLTF-AJ27_BV29-CASTPGLQDTQYF-BJ2-5,75.0,3,0,3,4,1,2,6,4,6,8,32,18,0
BL6-BALBc_HTxB,AV6-5-CALSDLYANKMIF-AJ47_BV3-CASSFGTGGYEQYF-BJ2-7,176.0,5,3,4,27,21,17,3,5,1,132,17,11,1
BL6-BALBc_HTxB,AV16D/DV11-CAMREGGSAGNKLTF-AJ17*p02_BV1-CTCSADRVGNTLYF-BJ1-3,145.0,1,1,4,30,6,10,1,2,1,3,5,3,0
BL6-BALBc_HTxB,AV16/DV11-CAMREGDTNACKVIF-AJ30_BV13-2-CASGEINSPLYF-BJ1-6,148.0,2,2,3,11,38,11,9,2,3,2,20,4,1
BL6-BALBc_HTxB,AV8D-2-CATVGNRIFF-AJ31_BV1-CTCSAVRISNERLFF-BJ1-4,707.0,2,5,15,209,24,25,5,16,1,36,34,6,2
BL6-BALBc_HTxB,AV1-CAVRGDGGGSGNKLIF-AJ32_BV1-CTCSGDRGLNSPLYF-BJ1-6,68.0,1,0,1,11,1,1,0,1,1,4,3,1,0
BL6-BALBc_HTxB,AV13D-2-CAIDWNYAQGLTF-AJ26_BV13-2-CASGTANEQYF-BJ2-7,405.0,7,5,0,16,23,5,3,1,0,4,15,3,0
BL6-BALBc_HTxB,AV6-5-CALSDGGTGSKLSF-AJ58_BV17-CASSPGLGGRFNEQYF-BJ2-7,52.0,0,0,2,7,3,0,0,0,0,3,2,10,0
BL6-BALBc_HTxB,AV16D/DV11-CAMREGTNAYKVIF-AJ30_BV13-2-CASGERHSNSDYTF-BJ1-2,399.0,2,1,0,91,4,2,0,1,0,7,6,2,0
BL6-BALBc_HTxB,AV8D-2-CATVGNRIFF-AJ31_BV1-CTCSAVRISNERLFF-BJ1-4,107.0,1,4,3,41,3,2,4,2,1,4,5,1,0
BL6-BALBc_HTxB,AV14-1-CAANNTNTGKLTF-AJ27_BV2-CASSQDPASNSDYTF-BJ1-2,1061.0,1,0,6,3,12,9,2,2,0,0,8,12,0
BL6-BALBc_HTxB,AV12-2-CALSDNTGNYKYVF-AJ40_BV13-3-CASSGTGFNTGQLYF-BJ2-2,117.0,1,4,1,4,3,2,1,1,0,0,54,1,1
BL6-BALBc_HTxB,AV5-1-CSASVDYAQGLTF-AJ26_BV31-CAWSPGTQNTLYF-BJ2-4,192.0,0,1,2,6,5,34,3,3,2,1,35,7,0
BL6-BALBc_HTxB,AV15D-2/DV6D-2-CALSELGPNTGKLTF-AJ27_BV5-CASSSGGVTEVFF-BJ1-1,196.0,0,0,7,3,5,7,1,14,2,5,11,2,1
BL6-BALBc_HTxB,AV13-1-CAMELSSGSWQLIF-AJ22_BV4-CASSYGEQYF-BJ2-7,1376.0,4,2,10,23,13,13,1,2,1,17,258,4,0
BL6-BALBc_HTxB,AV7D-4-CAASEPPNYGNEKITF-AJ48_BV1-CTCSAGQYEQYF-BJ2-7,753.0,1,0,2,7,8,8,1,1,1,36,13,6,0
BL6-BALBc_HTxB,AV16D/DV11-CAMREDSNYQLIW-AJ33_BV13-3-CASRDRASYNSPLYF-BJ1-6,705.0,0,3,10,50,7,4,2,3,0,10,11,5,1
BL6-BALBc_HTxB,AV13-2-CAIGGAGNTRKLIF-AJ37*p02_BV2-CASSQGIANTEVFF-BJ1-1,477.0,4,7,6,13,13,11,3,8,2,21,32,9,2
BL6-BALBc_HTxB,AV16D/DV11-CAMREGNTGNYKYVF-AJ40_BV13-2-CASGDLYEQYF-BJ2-7,165.0,0,2,2,6,31,9,2,3,0,1,7,2,0
BL6-BALBc_HTxB,AV9D-3-CAVSPDTNAYKVIF-AJ30_BV13-2-CASGDWGRGEQYF-BJ2-7,286.0,1,2,157,3,9,9,2,2,1,8,13,2,0
BL6-BALBc_HTxB,AV10-CAASPNTGYQNFYF-AJ49_BV2-CASSQRSGTPSDYTF-BJ1-2,43.0,0,0,2,0,0,4,0,1,0,35,5,4,0
BL6-BALBc_HTxB,AV2-CIVTTGTNAYKVIF-AJ30_BV13-2-CASGGSYEQYF-BJ2-7,183.0,2,1,2,2,7,1,2,1,0,5,6,20,0
BL6-BALBc_HTxB,AV8D-2-CATVGNRIFF-AJ31_BV1-CTCSAVRISNERLFF-BJ1-4,237.0,0,1,4,57,7,7,3,2,1,7,17,1,0
BL6-BALBc_HTxB,AV10D-CAASMDTGYQNFYF-AJ49_BV3-CASSLAREYEQYF-BJ2-7,123.0,1,0,6,4,4,4,0,2,0,43,8,2,0
BL6-BALBc_HTxB,AV8-1-CATDADTGNYKYVF-AJ40_BV2-CASSQRRSGNTLYF-BJ1-3,87.0,1,0,4,4,8,13,6,2,0,56,12,2,2
BL6-BALBc_HTxB,AV6D-7-CALSEGKVVF-AJ34*p03_BV1-CTCSAEYISNERLFF-BJ1-4,84.0,1,1,0,0,1,3,2,0,0,5,18,2,0
BL6-BALBc_HTxB,AV7D-2-CAANSGTYQRF-AJ13_BV13-1-CASSDAGGGAEQFF-BJ2-1,90.0,0,0,1,7,4,2,1,236,0,3,6,3,0
BL6-BALBc_HTxB,AV8-1-CATDASSGSWQLIF-AJ22_BV4-CASTAANTEVFF-BJ1-1,74.0,1,3,5,8,5,9,1,2,0,9,328,3,1
BL6-BALBc_HTxB,AV16/DV11-CAMRETNSAGNKLTF-AJ17*p02_BV13-1-CASSDVGGEQYF-BJ2-7,935.0,4,4,10,32,25,397,8,42,1,15,50,11,0
BL6-BALBc_HTxB,AV7-3-CAPPNYNVLYF-AJ21*p03_BV13-1-CASSDAGAQDTQYF-BJ2-5,335.0,0,1,4,12,6,10,4,55,8,8,12,12,0
BL6-BALBc_HTxB,AV8-1-CATDASSGSWQLIF-AJ22_BV4-CASTAANTEVFF-BJ1-1,15.0,0,0,0,0,2,0,0,0,0,1,0,0,0
BL6-BALBc_HTxB,AV16/DV11-CAMREGTTGFASALTF-AJ35_BV1-CTCSGDRVRLEQYF-BJ2-7,647.0,4,5,10,99,32,39,9,20,3,32,55,18,2
BL6-BALBc_HTxB,AV6-6-CALGHRGSALGRLHF-AJ18_BV1-CTCSAGQNSDYTF-BJ1-2,100.0,0,1,1,8,11,6,2,5,1,5,16,6,0
BL6-BALBc_HTxB,AV16D/DV11-CAMREGNTGNYKYVF-AJ40_BV13-2-CASGDLYEQYF-BJ2-7,281.0,1,7,7,8,97,20,5,5,1,14,19,14,0
BL6-BALBc_HTxB,AV6D-7-CALSDVGDSSKLIR-AJ38_BV1-CTCSAADAEQFF-BJ2-1,103.0,1,1,2,2,1,3,0,13,1,1,14,0,0
BL6-BALBc_HTxB,AV7D-5-CAVSLPTNSAGNKLTF-AJ17*p02_BV12-2-CASSLEQGEDTQYF-BJ2-5,82.0,14,0,1,4,2,4,2,2,3,3,3,1,1
BL6-BALBc_HTxB,AV9-3-CAVSDDSGYNKLTF-AJ11*p02_BV13-2-CASGDWEQYF-BJ2-7,235.0,0,6,8,11,11,10,0,2,0,18,15,9,1
BL6-BALBc_HTxB,AV3-3-CAVMPNYNVLYF-AJ21*p03_BV13-2-CASGDLGTDNNQAPLF-BJ1-5,273.0,6,9,9,21,18,22,4,14,2,44,291,8,0
BL6-BALBc_HTxB,AV9-3-CAVDDTNAYKVIF-AJ30_BV13-2-CASGDVGGDEQYF-BJ2-7,806.0,1,15,25,32,42,32,19,15,0,36,65,29,0
BL6-BALBc_HTxB,AV16D/DV11-CAMREGTNTGKLTF-AJ27_BV4-CASSPDRVYAEQYF-BJ2-1,736.0,1,4,5,66,6,11,5,7,1,23,18,11,1
BL6-BALBc_HTxB,AV1-CAVPSGSWQLIF-AJ22_BV17-CASSPGQSSYEQYF-BJ2-7,66.0,3,10,1,10,4,11,2,11,4,7,18,9,0
BL6-BALBc_HTxB,AV16D/DV11-CAMRAHYSNNRLTL-AJ7_BV13-2-CASGEQYEQYF-BJ2-7,103.0,2,8,0,6,5,151,5,2,0,3,21,2,0
BL6-BALBc_HTxB,AV3-3-CAVSEGRGSALGRLHF-AJ18_BV1-CTCSAGGDYAEQFF-BJ2-1,57.0,1,0,3,4,1,2,0,1,0,3,4,10,0
BL6-BALBc_HTxB,AV12-2-CALSDTGANTGKLTF-AJ52_BV1-CTCSADPSYEQYF-BJ2-7,58.0,1,1,5,4,3,4,4,3,2,10,15,7,1
BL6-BALBc_HTxB,AV8D-2-CATVGNRIFF-AJ31_BV1-CTCSAVRISNERLFF-BJ1-4,410.0,0,3,7,40,9,13,4,5,0,17,38,5,1
BL6-BALBc_HTxB,AV7-3-CAVSITGNTRKLIF-AJ37*p02_BV13-2-CASGDNSGNTLYF-BJ1-3,423.0,0,1,0,3,5,2,0,5,1,0,14,2,0
BL6-BALBc_HTxB,AV7D-3-CAPGGNYKPTF-AJ6_BV4-CASSRTGSGNTLYF-BJ1-3,3085.0,3,8,11,16,20,8,2,7,9,20,33,10,1
BL6-BALBc_HTxB,AV6-1-CVLAPSSGSWQLIF-AJ22_BV19-CASSIVRVAETLYF-BJ2-3,152.0,0,0,2,9,2,1,0,1,0,7,1,0,0
BL6-BALBc_HTxB,AV16/DV11-CAMREDSSNTDKVVF-AJ34*p03_BV5-CASSQDLGGQNTLYF-BJ2-4,892.0,1,0,8,19,13,17,1,6,0,23,234,10,0
BL6-BALBc_HTxB,AV3-3-CAVSAGNYKYVF-AJ40_BV19-CASSISQNTLYF-BJ2-4,381.0,0,1,32,5,5,4,3,6,0,4,4,2,0
BL6-BALBc_HTxB,AV5-1-CSASNGAKLTF-AJ39_BV13-1-CASSEGHPHDRLFF-BJ1-4,272.0,1,1,2,2,3,4,2,14,0,2,6,5,0
BL6-BALBc_HTxB,AV16D/DV11-CAMREAFSGGSNAKLTF-AJ42_BV13-2-CASGDSYEQYF-BJ2-7,206.0,0,1,0,6,284,6,1,2,0,2,14,3,0
BL6-BALBc_HTxB,AV4-3-CAVSNYGNEKITF-AJ48_BV29-CASSFGDTQYF-BJ2-5,94.0,3,0,8,0,9,5,0,4,4,4,8,17,0
BL6-BALBc_HTxB,AV13D-1-CAMERNMGYKLTF-AJ9_BV13-2-CASGDHEQYF-BJ2-7,2044.0,4,3,16,30,25,13,10,10,2,28,61,12,1
BL6-BALBc_HTxB,AV9-3-CAVSVSSGSWQLIF-AJ22_BV3-CASSWDISAETLYF-BJ2-3,571.0,1,3,3,8,3,9,1,5,2,14,53,12,0
BL6-BALBc_HTxB,AV7D-3-CAGDTGGADRLTF-AJ45_BV17-CASSSGRQNTLYF-BJ2-4,88.0,1,1,6,2,6,2,1,9,0,4,4,1,0
BL6-BALBc_HTxB,AV8D-2-CATVGNRIFF-AJ31_BV1-CTCSAVRISNERLFF-BJ1-4,2107.0,0,2,1,95,6,15,0,5,2,13,19,3,0
BL6-BALBc_HTxB,AV7D-2-CAAHTGNYKYVF-AJ40_BV1-CTCSAEWGSSAETLYF-BJ2-3,192.0,3,5,2,7,8,38,3,4,0,3,2,0,0
BL6-BALBc_HTxB,AV7D-4-CAASEPPNYGNEKITF-AJ48_BV3-CASSFGTGGYEQYF-BJ2-7,1636.0,1,0,3,20,14,10,0,3,0,24,10,6,1
BL6-BALBc_HTxB,AV6D-6-CALSEASSGSWQLIF-AJ22_BV1-CTCSAPSGTGIYEQYF-BJ2-7,708.0,6,36,4,16,15,13,2,13,0,16,10,6,1
BL6-BALBc_HTxB,AV13D-4-CAMVNNNAGAKLTF-AJ39_BV13-2-CASGDAWGDYTGQLYF-BJ2-2,99.0,1,2,6,2,6,5,0,6,0,3,10,0,1
BL6-BALBc_HTxB,AV4D-4-CAGGTGGYKVVF-AJ12_BV13-2-CASGVGQGDTQYF-BJ2-5,289.0,0,5,6,18,19,9,14,6,0,11,20,5,0
BL6-BALBc_HTxB,AV16D/DV11-CAMREANSGGSNYKLTF-AJ53_BV31-CAWSLGFAADYTF-BJ1-2,143.0,0,1,2,3,44,4,1,4,2,10,6,2,0
BL6-BALBc_HTxB,AV8D-2-CATDYSNNRLTL-AJ7_BV1-CTCGTKNERLFF-BJ1-4,177.0,1,24,3,1,6,2,1,3,0,3,7,1,0
BL6-BALBc_HTxB,AV16/DV11-CAMRESDTNAYKVIF-AJ30_BV13-2-CASADNYEQYF-BJ2-7,68.0,0,1,1,2,418,10,0,4,0,5,11,1,1
BL6-BALBc_HTxB,AV15-1/DV6-1-CALWELASSNTDKVVF-AJ34*p03_BV3-CASSFGTGGYYEQYF-BJ2-7,366.0,1,1,1,5,6,3,2,3,2,24,3,2,0
BL6-BALBc_HTxB,AV16D/DV11-CAMREDGNEKITF-AJ48_BV20-CGAGGFSYEQYF-BJ2-7,101.0,1,4,2,35,325,11,8,4,0,8,14,11,2
BL6-BALBc_HTxB,AV9D-1-CAAIGSFNKLTF-AJ4_BV13-3-CASRVSSAETLYF-BJ2-3,76.0,1,5,0,1,3,7,1,5,6,10,1,4,2
BL6-BALBc_HTxB,AV4-3-CAADYQGGSAKLIF-AJ57_BV2-CASSQERLLGGAETLYF-BJ2-3,54.0,3,1,5,6,9,6,1,1,3,7,1,23,2
BL6-BALBc_HTxB,AV15-2/DV6-2-CALSELPGSNAKLTF-AJ42_BV13-2-CASGRGARNTLYF-BJ1-3,80.0,2,2,7,5,7,16,1,6,0,11,7,1,1
BL6-BALBc_HTxB,AV16D/DV11-CAMREDSGYNKLTF-AJ11*p02_BV13-2-CASGTTYEQYF-BJ2-7,256.0,1,1,5,23,15,13,7,13,3,542,28,5,0
BL6-BALBc_HTxB,AV7D-2-CAAPNYGGSGNKLIF-AJ32_BV4-CASSSGHWGEQYF-BJ2-7,175.0,0,2,6,7,9,1,3,4,0,9,20,2,0
BL6-BALBc_HTxB,AV8-1-CATDASSGSWQLIF-AJ22_BV4-CASTAANTEVFF-BJ1-1,858.0,0,6,7,23,28,16,6,18,1,15,704,10,0
BL6-BALBc_HTxB,AV16D/DV11-CAMRESSNTDKVVF-AJ34*p03_BV13-1-CASSDAPGREQYF-BJ2-7,338.0,1,2,6,13,16,5,2,9,0,12,17,2,0
BL6-BALBc_HTxB,AV19-CAANGGSNYKLTF-AJ53_BV5-CASSQAWGDGEQYF-BJ2-7,527.0,5,4,9,18,28,19,6,14,3,24,215,7,1
BL6-BALBc_HTxB,AV3-4-CAVSGGFASALTF-AJ35_BV13-1-CASRAGTGQLYF-BJ2-2,75.0,0,4,5,8,10,3,0,6,0,7,13,5,0
BL6-BALBc_HTxB,AV15D-1/DV6D-1-CALWEPNTNTGKLTF-AJ27_BV12-1-CASSLDQANSDYTF-BJ1-2,321.0,2,3,7,12,15,12,1,13,1,25,22,4,1
BL6-BALBc_HTxB,AV4D-4-CAGGTGGYKVVF-AJ12_BV13-2-CASGVGQGDTQYF-BJ2-5,277.0,0,0,1,58,7,5,2,3,0,12,11,3,0
BL6-BALBc_HTxB,AV5-1-CSASSDTNAYKVIF-AJ30_BV13-2-CASGDAQYEQYF-BJ2-7,254.0,1,0,0,10,9,12,0,183,4,2,9,0,0
BL6-BALBc_HTxB,AV13D-1-CAMELSSGSWQLIF-AJ22_BV4-CASSYGAQYF-BJ2-7,368.0,0,0,6,21,8,16,0,3,0,15,209,1,0
BL6-BALBc_HTxB,AV13D-2-CAIEASSGSWQLIF-AJ22_BV17-CASSSRNEQYF-BJ2-7,340.0,4,5,6,15,93,20,4,10,0,17,35,2,1
BL6-BALBc_HTxB,AV16D/DV11-CAMREGDNNNRIFF-AJ31_BV13-1-CASSDAHYEQYF-BJ2-7,289.0,1,3,3,5,62,9,1,7,2,14,9,3,0
BL6-BALBc_HTxB,AV3-3-CAVSAIQGGRALIF-AJ15_BV17-CASSAGTANERLFF-BJ1-4,524.0,0,2,11,16,19,7,7,15,3,16,24,11,0
BL6-BALBc_HTxB,AV6D-6-CALSDLPNYNVLYF-AJ21*p03_BV14-CASNDRAEQYF-BJ2-7,601.0,0,0,9,10,16,5,6,9,5,17,17,20,0
BL6-BALBc_HTxB,AV5D-4-CAASDMGYKLTF-AJ9_BV13-2-CASGDALGGFSYEQYF-BJ2-7,107.0,1,1,3,14,2,5,1,3,1,2,6,65,0
BL6-BALBc_HTxB,AV3-3-CAVFNSAGNKLTF-AJ17*p02_BV1-CTCSAWTEGYAEQFF-BJ2-1,89.0,7,53,3,4,5,12,0,8,2,2,8,10,0
BL6-BALBc_HTxB,AV9-3-CAVSTDTGYQNFYF-AJ49_BV17-CASSSGNTLYF-BJ1-3,76.0,0,0,1,7,3,3,0,3,0,3,5,9,0
BL6-BALBc_HTxB,AV21/DV12-CILRGYYAQGLTF-AJ26_BV2-CASSQDSGSNERLFF-BJ1-4,93.0,0,1,1,4,9,1,0,2,0,1,1,3,0
BL6-BALBc_HTxB,AV7D-2-CAAVMDYANKMIF-AJ47_BV31-CAWSTKNTLYF-BJ2-4,152.0,0,0,1,1,21,7,3,1,1,3,7,1,0
BL6-BALBc_HTxB,AV10D-CAASIPNSAGNKLTF-AJ17*p02_BV4-CASSTELGGLAETLYF-BJ2-3,672.0,1,3,0,9,10,3,1,2,3,16,17,11,1
BL6-BALBc_HTxB,AV6-6-CALGDEGGFASALTF-AJ35_BV16-CASSLGPGHQDTQYF-BJ2-5,635.0,2,3,7,9,8,7,3,6,1,11,18,12,0
BL6-BALBc_HTxB,AV7-4-CADNTNTGKLTF-AJ27_BV12-2-CASSLEQGEDTQYF-BJ2-5,66.0,27,1,6,3,1,3,1,3,3,3,5,2,0
BL6-BALBc_HTxB,AV1-CAVRECYSNNRLTL-AJ7_BV31-CAWSLEGQGNTEVFF-BJ1-1,143.0,4,2,9,14,20,18,4,12,1,504,657,8,0
BL6-BALBc_HTxB,AV6-6-CALGTFSNTDKVVF-AJ34*p03_BV13-1-CASSDVRDSGNTLYF-BJ1-3,600.0,4,5,5,280,16,26,2,12,4,31,47,12,2
BL6-BALBc_HTxB,AV12-2-CALHTGYQNFYF-AJ49_BV29-CASSLRLGGGEQYF-BJ2-7,213.0,7,2,9,15,13,19,3,11,3,21,51,5,0
BL6-BALBc_HTxB,AV16D/DV11-CAMREDTNAYKVIF-AJ30_BV13-2-CASGDAGNSDYTF-BJ1-2,229.0,0,0,2,20,12,25,0,6,0,4,21,2,1
BL6-BALBc_HTxB,AV8-1-CLSSGSWQLIF-AJ22_BV4-CASTAANTEVFF-BJ1-1,1046.0,2,3,6,15,12,13,3,5,0,11,434,10,1
BL6-BALBc_HTxB,AV16/DV11-CAMREEQQGTGSKLSF-AJ58_BV31-CAWRRQGAYAEQFF-BJ2-1,57.0,3,10,4,4,5,1,5,3,0,15,10,13,0
BL6-BALBc_HTxB,AV16D/DV11-CAMREGDNNNRIFF-AJ31_BV13-2-CASGDGTGDSDYTF-BJ1-2,124.0,0,2,0,5,7,6,2,2,0,7,13,1,1
BL6-BALBc_HTxB,AV16D/DV11-CAMRAHYSNNRLTL-AJ7_BV13-2-CASGEQYEQYF-BJ2-7,211.0,0,1,2,1,2,180,0,6,0,6,7,2,0
BL6-BALBc_HTxB,AV13D-1-CAMANTGNYKYVF-AJ40_BV13-2-CASGGIYEQYF-BJ2-7,200.0,0,1,0,17,352,4,0,3,0,4,14,2,1
BL6-BALBc_HTxB,AV14D-1-CAARGTNSAGNKLTF-AJ17*p02_BV13-2-CASGDAGGSYAEQFF-BJ2-1,79.0,1,0,8,5,15,5,2,6,0,14,16,4,0
BL6-BALBc_HTxB,AV13-1-CAMETTGNTRKLIF-AJ37*p02_BV1-CTCSAARYAEQFF-BJ2-1,125.0,0,1,6,56,0,5,1,4,1,5,4,1,0
BL6-BALBc_HTxB,AV10D-CAARDGNYAQGLTF-AJ26_BV1-CTCSAAGGSNERLFF-BJ1-4,234.0,10,9,14,14,23,12,7,14,17,30,218,22,1
BL6-BALBc_HTxB,AV9D-3-CAVSPDTNAYKVIF-AJ30_BV13-2-CASGDWGRGEQYF-BJ2-7,141.0,0,1,74,2,2,2,2,1,1,8,7,1,1
BL6-BALBc_HTxB,AV13D-4-CAMGNYQLIW-AJ33_BV5-CASSQTGDTEVFF-BJ1-1,133.0,0,1,0,3,3,5,10,4,1,4,9,1,0
BL6-BALBc_HTxB,AV7D-3-CAPGGNYKPTF-AJ6_BV14-CASRNRDEQYF-BJ2-7,422.0,1,2,2,2,0,4,1,3,3,7,1,1,0
BL6-BALBc_HTxB,AV16/DV11-CAMREANTGNYKYVF-AJ40_BV13-2-CASGDNYEQYF-BJ2-7,158.0,0,4,6,16,256,21,2,8,0,14,26,12,0
BL6-BALBc_HTxB,AV14D-2-CAASADTGNYKYVF-AJ40_BV13-3-CASSGAGEGNTLYF-BJ1-3,54.0,0,1,1,3,3,3,1,2,1,106,30,1,0
BL6-BALBc_HTxB,AV13-2-CAIDLMQQGTGSKLSF-AJ58_BV13-1-CASSAPGGYAEQFF-BJ2-1,160.0,3,4,6,6,15,7,6,7,5,52,83,2,2
BL6-BALBc_HTxB,AV16D/DV11-CAMRGDTNAYKVIF-AJ30_BV19-CASSIDGHQDTQYF-BJ2-5,486.0,5,18,12,16,19,16,6,8,3,30,36,19,0
BL6-BALBc_HTxB,AV5-1-CSASSDTNAYKVIF-AJ30_BV13-2-CASGDAQYEQYF-BJ2-7,1089.0,0,2,5,13,8,10,6,22,2,20,13,2,1
BL6-BALBc_HTxB,AV19-CAAANTGYQNFYF-AJ49_BV17-CASSRDPWGGSAETLYF-BJ2-3,86.0,5,1,2,3,3,18,9,1,3,18,10,3,2
BL6-BALBc_HTxB,AV9D-4-CALSDNYAQGLTF-AJ26_BV13-2-CASGDARGFTGQLYF-BJ2-2,70.0,2,0,4,0,3,1,2,0,1,5,18,1,0
BL6-BALBc_HTxB,AV16D/DV11-CAMREGNYGNEKITF-AJ48_BV1-CTCSRDRANSDYTF-BJ1-2,244.0,0,0,4,52,7,6,0,3,0,6,7,1,2
BL6-BALBc_HTxB,AV3-3-CAVDTNAYKVIF-AJ30_BV13-2-CASGDGGREQYF-BJ2-7,135.0,4,1,2,3,10,7,1,9,2,11,31,12,1
BL6-BALBc_HTxB,AV16/DV11-CAMREDSSNTDKVVF-AJ34*p03_BV5-CASSQDLGGQNTLYF-BJ2-4,182.0,0,9,7,13,16,16,1,4,1,26,264,4,1
BL6-BALBc_HTxB,AV8-1-CATDTGYQNFYF-AJ49_BV29-CASSPRTANTEVFF-BJ1-1,338.0,0,0,1,6,2,0,0,1,0,4,5,10,0
BL6-BALBc_HTxB,AV12D-1-CALSDQNKLTF-AJ56_BV14-CASRSDWVNQDTQYF-BJ2-5,222.0,3,2,1,9,9,13,18,4,1,10,20,7,0
BL6-BALBc_HTxB,AV12-2-CALSDRYGNEKITF-AJ48_BV29-CASSPLKGANSDYTF-BJ1-2,211.0,1,3,3,4,20,2,1,8,0,5,9,3,1
BL6-BALBc_HTxB,AV14-2-CAARPGYQNFYF-AJ49_BV13-2-CASGDTSAETLYF-BJ2-3,95.0,0,2,3,18,3,5,1,3,0,7,3,2,0
BL6-BALBc_HTxB,AV16D/DV11-CAMREDNNAGAKLTF-AJ39_BV13-2-CASGAVPYEQYF-BJ2-7,109.0,1,1,0,5,5,0,2,103,0,3,2,25,0
BL6-BALBc_HTxB,AV6-7/DV9-CALGPRNMGYKLTF-AJ9_BV29-CASSPGQQDTQYF-BJ2-5,106.0,0,4,20,8,12,7,5,1,0,27,9,10,0
BL6-BALBc_HTxB,AV16/DV11-CAMREANTGYQNFYF-AJ49_BV13-2-CASGDGGSGNTLYF-BJ1-3,151.0,0,0,4,9,12,272,4,131,0,8,17,3,0
BL6-BALBc_HTxB,AV10D-CAAGSGTYQRF-AJ13_BV13-1-CASSDAGGDSDYTF-BJ1-2,531.0,3,1,4,22,16,148,3,6,1,13,27,4,2
BL6-BALBc_HTxB,AV6-6-CALGDQANTDKVVF-AJ34*p03_BV14-CASSLGVNTEVFF-BJ1-1,182.0,1,0,3,6,7,11,29,1,0,5,8,2,0
BL6-BALBc_HTxB,AV7D-2-CAAANVGDNSKLIW-AJ38_BV19-CASSIRYAEQFF-BJ2-1,100.0,2,9,1,4,2,5,1,7,0,6,8,10,0
BL6-BALBc_HTxB,AV16D/DV11-CAMREDTNAYKVIF-AJ30_BV13-2-CASGDAGNSDYTF-BJ1-2,643.0,0,1,1,3,4,36,1,16,0,3,9,2,0
BL6-BALBc_HTxB,AV15-1/DV6-1-CALWELASSNTDKVVF-AJ34*p03_BV3-CASSFGTGGYYEQYF-BJ2-7,447.0,5,4,12,24,20,15,7,16,0,97,35,20,1
BL6-BALBc_HTxB,AV16D/DV11-CAMRESSNTDKVVF-AJ34*p03_BV13-1-CASSDAPGREQYF-BJ2-7,93.0,1,1,5,4,8,5,0,3,2,1,13,3,0
BL6-BALBc_HTxB,AV13-1-CAMEPSGSWQLIF-AJ22_BV1-CTCSVGLGSAETLYF-BJ2-3,88.0,1,3,2,7,13,4,7,46,0,2,5,3,0
BL6-BALBc_HTxB,AV7D-4-CAAGNNYAQGLTF-AJ26_BV13-1-CASSAGGNYAEQFF-BJ2-1,129.0,1,1,1,5,2,3,1,0,4,3,22,4,0
BL6-BALBc_HTxB,AV16D/DV11-CAMRDTNAYKVIF-AJ30_BV13-2-CASGENWGGDQNTLYF-BJ2-4,27.0,0,1,0,1,1,45,0,0,0,1,2,0,0
BL6-BALBc_HTxB,AV19-CAAGGYGGSGNKLIF-AJ32_BV19-CASSIWGGADTQYF-BJ2-5,76.0,0,1,0,0,2,2,1,1,0,3,40,0,0
BL6-BALBc_HTxB,AV12-2-CALNTGYQNFYF-AJ49_BV13-1-CASSDAGGYEQYF-BJ2-7,4270.0,3,5,18,46,35,57,9,22,7,42,67,16,0
BL6-BALBc_HTxB,AV3-4-CAVSGNSGGSNYKLTF-AJ53_BV4-CASSYWGYEQYF-BJ2-7,1219.0,2,4,6,7,11,19,2,4,1,11,15,2,0
BL6-BALBc_HTxB,AV7D-2-CAAHTGNYKYVF-AJ40_BV1-CTCSAVRVSNSDYTF-BJ1-2,685.0,0,0,12,161,8,9,1,0,1,12,20,2,0
BL6-BALBc_HTxB,AV16/DV11-CAMREDTGYQNFYF-AJ49_BV31-CAWSLGVYAEQFF-BJ2-1,85.0,0,3,4,13,40,5,1,6,2,13,15,4,0
BL6-BALBc_HTxB,AV4-3-CAAEASSSFSKLVF-AJ50_BV13-2-CASGDLAEQFF-BJ2-1,59.0,2,0,3,3,7,2,0,0,3,2,27,13,0
BL6-BALBc_HTxB,AV7-3-CADDSGYNKLTF-AJ11*p02_BV13-2-CASGDTGNSDYTF-BJ1-2,44.0,3,0,0,2,6,62,0,0,2,1,3,2,0
BL6-BALBc_HTxB,AV16D/DV11-CAMREGNTGNYKYVF-AJ40_BV13-2-CASGDLYEQYF-BJ2-7,280.0,1,8,4,10,152,14,1,14,1,7,14,3,0
BL6-BALBc_HTxB,AV13-1-CAMEPNYAQGLTF-AJ26_BV5-CASSQGLGGHEQYF-BJ2-7,166.0,1,0,2,4,12,7,2,4,0,4,10,224,1
BL6-BALBc_HTxB,AV9D-3-CAVSAEGGRALIF-AJ15_BV19-CASTPSGGGYNSPLYF-BJ1-6,174.0,2,1,4,4,4,6,1,0,5,5,5,6,0
BL6-BALBc_HTxB,AV9-3-CAVSIHYGNEKITF-AJ48_BV13-1-CASSGDRGYNSPLYF-BJ1-6,1377.0,3,21,12,19,13,17,15,11,0,14,23,7,0
BL6-BALBc_HTxB,AV9-4-CAVSSPDTNAYKVIF-AJ30_BV13-2-CASGASGGNTLYF-BJ1-3,169.0,1,2,2,3,8,8,7,7,0,4,12,11,0
BL6-BALBc_HTxB,AV2-CIVTDSYSNNRLTL-AJ7_BV1-CTCSAGRGDAEQFF-BJ2-1,95.0,1,10,0,120,4,6,0,2,0,3,13,2,0
BL6-BALBc_HTxB,AV12-2-CALSDQPYANKMIF-AJ47_BV5-CASSQAGQNTEVFF-BJ1-1,487.0,0,3,15,6,8,3,0,1,2,17,13,2,0
BL6-BALBc_HTxB,AV8D-2-CATVGNRIFF-AJ31_BV1-CTCSAVRISNERLFF-BJ1-4,84.0,0,2,1,68,2,4,2,4,1,9,13,1,0
BL6-BALBc_HTxB,AV6D-4-CALVDTNAYKVIF-AJ30_BV13-1-CASSRGEQYF-BJ2-7,4129.0,6,7,20,32,37,23,10,13,1,39,54,48,0
BL6-BALBc_HTxB,AV7-3-CAPDSGYNKLTF-AJ11*p02_BV3-CARSLGLDAEQFF-BJ2-1,291.0,1,5,11,8,21,10,5,13,1,14,17,7,0
BL6-BALBc_HTxB,AV13D-3-CAMRTNSAGNKLTF-AJ17*p02_BV13-2-CASGTTYEQYF-BJ2-7,118.0,2,8,8,15,11,5,2,4,2,289,17,4,1
BL6-BALBc_HTxB,AV13-1-CAMEPGTGSNRLTF-AJ28_BV19-CASSIWGPTTEVFF-BJ1-1,215.0,0,7,1,6,10,5,1,3,1,6,9,6,0
BL6-BALBc_HTxB,AV5-1-CSASPTGNTRKLIF-AJ37*p02_BV31-CAWGTGGSGNTLYF-BJ1-3,139.0,1,1,6,9,10,2,2,2,1,4,12,1,0
BL6-BALBc_HTxB,AV6-7/DV9-CALASNSGGSNAKLTF-AJ42_BV13-1-CASSDLRVNTEVFF-BJ1-1,278.0,2,1,0,171,10,6,0,1,0,4,12,4,0
BL6-BALBc_HTxB,AV14D-3/DV8-CAASENSETYQRF-AJ13_BV19-CASSMTLYNSPLYV-BJ1-6,151.0,1,1,3,3,3,1,0,1,1,0,6,0,0
BL6-BALBc_HTxB,AV9-4-CAVSTGFASALTF-AJ35_BV4-CASSSWGGKDTQYF-BJ2-5,68.0,0,5,6,5,2,0,1,0,0,0,26,5,0
BL6-BALBc_HTxB,AV3-1-CAISSNTDKVVF-AJ34*p03_BV1-CTCSADWGANERLFF-BJ1-4,205.0,0,0,1,5,3,7,0,0,0,6,2,2,0
BL6-BALBc_HTxB,AV16D/DV11-CAMREDTNTGKLTF-AJ27_BV5-CASSPPSAETLYF-BJ2-3,122.0,0,1,18,8,25,7,9,12,4,20,22,21,0
BL6-BALBc_HTxB,AV4-3-CAAEADTGNYKYVF-AJ40_BV13-1-CASRSPGQGYEQYF-BJ2-7,108.0,4,2,5,9,6,5,1,1,1,24,14,9,0
BL6-BALBc_HTxB,AV1-CAVRDSYAQGLTF-AJ26_BV13-1-CASSDDRVGNTLYF-BJ1-3,48.0,1,1,2,110,7,2,6,3,1,4,7,1,0
BL6-BALBc_HTxB,AV6-4-CALPANYGNEKITF-AJ48_BV1-CTCSAGGSQDTQYF-BJ2-5,102.0,1,0,1,11,7,7,8,12,8,18,8,22,0
BL6-BALBc_HTxB,AV9-3-CAVSIHYGNEKITF-AJ48_BV13-1-CASSGDRGYNSPLYF-BJ1-6,201.0,2,16,4,9,19,6,0,6,0,12,19,2,0
BL6-BALBc_HTxB,AV7D-2-CAAHTGNYKYVF-AJ40_BV4-CASSYGEQYF-BJ2-7,112.0,1,0,3,21,2,2,3,2,1,1,11,1,0
BL6-BALBc_HTxB,AV13-1-CAMELSSGSWQLIF-AJ22_BV4-CASSYGEQYF-BJ2-7,1648.0,4,2,7,26,18,15,3,10,0,18,261,7,0
BL6-BALBc_HTxB,AV16/DV11-CAMREDSSNTDKVVF-AJ34*p03_BV5-CASSQDLGGQNTLYF-BJ2-4,105.0,1,2,3,11,16,15,2,2,0,32,418,4,0
BL6-BALBc_HTxB,AV9-4-CAVSSPDTNAYKVIF-AJ30_BV13-2-CASGASGGNTLYF-BJ1-3,51.0,4,1,2,11,10,2,1,15,0,3,8,10,0
BL6-BALBc_HTxB,AV9D-3-CAVSPDTNAYKVIF-AJ30_BV13-2-CASGRGAGNTLYF-BJ1-3,449.0,2,3,69,14,22,19,7,12,7,23,23,11,0
BL6-BALBc_HTxB,AV7D-3-CAVRDTGYQNFYF-AJ49_BV1-CTCSADRVGNTLYF-BJ1-3,903.0,2,2,6,28,17,9,2,10,1,13,27,5,0
BL6-BALBc_HTxB,AV12D-2-CALSDQGSALGRLHF-AJ18_BV19-CASSINAEQFF-BJ2-1,2949.0,3,1,16,44,37,20,6,16,2,25,39,12,2
BL6-BALBc_HTxB,AV9-4-CAVSMDYANKMIF-AJ47_BV19-CASTPGVHTEVFF-BJ1-1,143.0,2,3,0,9,1,8,2,3,0,2,6,2,0
BL6-BALBc_HTxB,AV16D/DV11-CAMREDQGGRALIF-AJ15_BV1-CTCSGQGALYEQYF-BJ2-7,62.0,0,1,0,9,0,2,2,0,0,4,3,4,0
BL6-BALBc_HTxB,AV3-4-CAVNNAGAKHTF-AJ39_BV1-CTCSADRVAEQFF-BJ2-1,60.0,0,2,0,3,1,1,1,0,3,2,2,5,0
BL6-BALBc_HTxB,AV7-3-CAGDSGYNKLTF-AJ11*p02_BV13-2-CASGDADERLFF-BJ1-4,250.0,1,1,3,7,9,8,1,259,0,11,12,5,0
BL6-BALBc_HTxB,AV15-2/DV6-2-CALSELPGSNAKLTF-AJ42_BV13-2-CASGRGAGNTLYF-BJ1-3,39.0,1,1,1,5,8,7,0,14,0,1,6,2,0
BL6-BALBc_HTxB,AV8-1-CAQGGRALIF-AJ15_BV13-2-CASGEVYEQYF-BJ2-7,200.0,0,4,2,0,1,24,3,11,0,8,7,2,0
BL6-BALBc_HTxB,AV7-1-CADDSGYNKLTF-AJ11*p02_BV13-2-CASGDAGPQAPLF-BJ1-5,1907.0,2,0,6,20,16,64,5,7,1,16,24,7,0
BL6-BALBc_HTxB,AV15-1/DV6-1-CALWELASSNTDKVVF-AJ34*p03_BV3-CASSFGTGGYYEQYF-BJ2-7,381.0,0,2,2,13,12,10,4,6,0,179,22,3,1
BL6-BALBc_HTxB,AV16D/DV11-CAMREDGSWQLIF-AJ22_BV17-CASSRGGSGNTLYF-BJ1-3,112.0,1,1,1,28,64,6,1,5,0,31,9,1,0
BL6-BALBc_HTxB,AV10D-CAASMDYANKMIF-AJ47_BV3-CASSTTGGQDTQYF-BJ2-5,97.0,3,2,4,6,9,7,0,6,0,439,8,3,2
BL6-BALBc_HTxB,AV14D-3/DV8-CAAFYGNEKITF-AJ48_BV1-CTCSADPGWEQYF-BJ2-7,57.0,0,1,3,2,1,4,3,13,0,1,6,5,0
BL6-BALBc_HTxB,AV7D-3-CAVGASGSWQLIF-AJ22_BV19-CASSIRGRQDTQYF-BJ2-5,63.0,0,2,0,1,2,3,0,3,0,2,0,9,0
BL6-BALBc_HTxB,AV7-3-CAVSITGNTRKLIF-AJ37*p02_BV4-CASSLGGGNERLFF-BJ1-4,1151.0,0,4,4,4,6,10,1,4,0,7,14,2,0
BL6-BALBc_HTxB,AV10D-CAASPSSGSWQLIF-AJ22_BV4-CASSYGEQYF-BJ2-7,519.0,1,3,0,25,10,19,3,10,1,12,199,6,0
BL6-BALBc_HTxB,AV16/DV11-CAMREDSSNTDKVVF-AJ34*p03_BV19-CASSTQGVYAEQFF-BJ2-1,185.0,2,2,1,26,7,4,2,2,1,5,6,4,0
BL6-BALBc_HTxB,AV6D-7-CALRYGGSGNKLIF-AJ32_BV3-CASSLGTGDTQYF-BJ2-5,50.0,1,2,0,3,1,3,0,1,0,102,6,1,0
BL6-BALBc_HTxB,AV7D-2-CAAHTGNYKYVF-AJ40_BV13-1-CASAGGNAEQFF-BJ2-1,70.0,0,1,1,6,7,6,0,2,0,3,86,1,0
BL6-BALBc_HTxB,AV9D-4-CALIPDTNAYKVIF-AJ30_BV13-2-CASGETEYEQYF-BJ2-7,69.0,1,1,2,2,2,0,0,24,1,8,10,0,0
BL6-BALBc_HTxB,AV12D-1-CALSDQNKLTF-AJ56_BV14-CASRSDWVNQDTQYF-BJ2-5,111.0,0,2,1,0,6,6,8,4,3,7,17,2,0
BL6-BALBc_HTxB,AV16/DV11-CAMRENTGANTGKLTF-AJ52_BV13-3-CASSSGGVKAEQFF-BJ2-1,64.0,4,0,1,0,57,4,0,0,0,6,2,0,0
BL6-BALBc_HTxB,AV6D-4-CALVETGNTRKLIF-AJ37*p02_BV19-CASSIGWGNQDTQY-BJ2-5,28.0,2,0,1,6,5,2,2,5,0,21,13,2,0
BL6-BALBc_HTxB,AV11-CVVGADNNAGAKLTF-AJ39_BV1-CTCSADPETETLYF-BJ2-3,2096.0,2,8,7,40,19,25,4,10,5,25,82,16,0
BL6-BALBc_HTxB,AV12D-1-CALSDQNKLTF-AJ56_BV14-CASRSDWVNQDTQYF-BJ2-5,2.0,0,0,0,0,0,0,0,0,0,0,1,0,0
BL6-BALBc_HTxB,AV9D-3-CAVSPDTNAYKVIF-AJ30_BV13-2-CASGDWGRGEQYF-BJ2-7,66.0,1,2,91,5,4,5,0,2,0,9,10,2,0
BL6-BALBc_HTxB,AV16/DV11-CAMREDSSNTDKVVF-AJ34*p03_BV3-CASSTTGGQDTQYF-BJ2-5,177.0,2,3,6,6,8,20,2,7,1,13,401,3,0
BL6-BALBc_HTxB,AV7-4-CAATLASSGSWQLIF-AJ22_BV13-2-CASGTRAGQNTLYF-BJ2-4,408.0,1,1,5,12,9,0,2,6,1,8,4,0,0
BL6-BALBc_HTxB,AV9-3-CAVSMSGGSAKLIF-AJ57_BV1-CTCSARDWSAETLYF-BJ2-3,427.0,4,17,10,25,24,21,7,9,6,10,34,14,1
BL6-BALBc_HTxB,AV9D-4-CALIPDTNAYKVIF-AJ30_BV13-2-CTSGETEYEQYF-BJ2-7,424.0,3,4,2,10,11,22,2,102,1,13,17,1,1
BL6-BALBc_HTxB,AV16D/DV11-CAMREGSGNTRKLIF-AJ37*p02_BV13-2-CASGGVNTEVFF-BJ1-1,96.0,1,1,3,4,107,2,0,6,0,3,7,1,0
BL6-BALBc_HTxB,AV8-1-CATDGGSALGRLHF-AJ18_BV1-CTCSADPETETLYF-BJ2-3,79.0,1,1,2,5,20,5,1,3,0,3,9,18,1
BL6-BALBc_HTxB,AV10-CAADYANKMIF-AJ47_BV13-1-CASKGDRYAEQFF-BJ2-1,173.0,0,2,5,37,11,8,1,10,0,6,16,2,1
BL6-BALBc_HTxB,AV8-2-CATDAEGNEKITF-AJ48_BV1-CTCSAVWGQDTQYF-BJ2-5,241.0,1,10,5,18,17,11,3,6,0,18,17,10,0
BL6-BALBc_HTxB,AV16/DV11-CAMREGGAGNTRKLIF-AJ37*p02_BV13-2-CASGDLGFLYF-BJ2-7,127.0,9,0,7,8,254,20,2,180,3,12,24,10,1
BL6-BALBc_HTxB,AV6-5-CALSDLYANKMIF-AJ47_BV3-CASSFGTGGYEQYF-BJ2-7,228.0,0,4,7,13,11,13,4,12,1,548,27,2,0
BL6-BALBc_HTxB,AV4D-4-CAAGTGGYKVVF-AJ12_BV13-2-CASGDAGFNQDTQYF-BJ2-5,95.0,2,1,1,2,1,2,0,0,0,2,6,6,0
BL6-BALBc_HTxB,AV6-1-CVLAPSSGSWQLIF-AJ22_BV31-CAWSLANTEVFF-BJ1-1,347.0,3,4,12,4,17,4,6,4,0,34,10,4,0
BL6-BALBc_HTxB,AV3-1-CAIMPNYNVLYF-AJ21*p03_BV31-CAWLGENSYEQYF-BJ2-7,142.0,0,1,18,3,1,5,1,3,12,1,5,1,0
BL6-BALBc_HTxB,AV7-5-CAMSLFNNYAQGLTF-AJ26_BV1-CTCSAVRISNERLFF-BJ1-4,352.0,3,3,10,58,11,11,1,9,2,16,21,8,0
BL6-BALBc_HTxB,AV14-1-CAAREPGGSAKLIF-AJ57_BV1-CTCSAARVNERLFF-BJ1-4,209.0,0,1,2,22,4,1,1,4,0,11,9,0,1
BL6-BALBc_HTxB,AV6D-5-CALGEAQGGRALIF-AJ15_BV19-CASSGQGFSYEQYF-BJ2-7,144.0,1,0,3,8,6,4,3,5,1,5,8,4,0
BL6-BALBc_HTxB,AV16D/DV11-CAMREGSSGSWQLIF-AJ22_BV1-CTCSADRVYAEQFF-BJ2-1,149.0,1,2,4,34,5,7,2,6,1,8,13,20,0
BL6-BALBc_HTxB,AV16D/DV11-CAMREANSGTYQRF-AJ13_BV1-CTCSADKVYAEQFF-BJ2-1,98.0,0,0,5,28,5,8,4,3,0,6,11,8,1
BL6-BALBc_HTxB,AV16/DV11-CAMREFNTGNYKYVF-AJ40_BV20-CGANRGPNQAPLF-BJ1-5,137.0,3,2,5,8,15,7,4,13,6,10,11,6,2
BL6-BALBc_HTxB,AV6D-6-CALSDGGSNYKLTF-AJ53_BV13-3-CASSDLGAEQYF-BJ2-7,153.0,0,0,0,3,5,61,0,2,1,2,3,2,0
BL6-BALBc_HTxB,AV7-3-CAVSSGQKLVF-AJ16*p02_BV19-CASSFDWGGYAEQFF-BJ2-1,1291.0,4,1,7,18,8,7,6,9,0,21,29,7,1
BL6-BALBc_HTxB,AV16/DV11-CAMREEQQGTGSKLSF-AJ58_BV31-CAWRRQGAYAEQFF-BJ2-1,155.0,0,2,7,4,19,7,2,3,0,24,16,1,0
BL6-BALBc_HTxB,AV13-1-CAMNQGGSAKLIF-AJ57_BV1-CTCSALNYAEQFF-BJ2-1,205.0,1,4,2,14,16,3,6,6,0,6,26,12,0
BL6-BALBc_HTxB,AV16D/DV11-CAMRDITGNTRKLIF-AJ37*p02_BV4-CASSYGAQYF-BJ2-7,187.0,0,3,3,6,10,11,0,7,1,4,264,6,0
BL6-BALBc_HTxB,AV16D/DV11-CAMREGTNAYKVIF-AJ30_BV13-2-CASGERHSNSDYTF-BJ1-2,117.0,0,0,2,43,1,2,2,0,0,1,2,3,0
BL6-BALBc_HTxB,AV16D/DV11-CAMREGNTGNYKYVF-AJ40_BV13-2-CASGDLYEQYF-BJ2-7,291.0,2,4,4,9,402,48,3,5,1,6,25,4,2
BL6-BALBc_HTxB,AV16/DV11-CAMREGNSGGSNYKLTF-AJ53_BV13-1-CASSDVPYEQYF-BJ2-7,456.0,2,2,7,16,7,170,8,5,1,11,20,7,1
BL6-BALBc_HTxB,AV3-3-CAVPPDYNVLYF-AJ21*p03_BV13-2-CASGGLAEQFF-BJ2-1,32.0,1,2,0,26,18,1,0,0,0,15,12,0,0
BL6-BALBc_HTxB,AV16/DV11-CAMREGSNTDKVVF-AJ34*p03_BV13-1-CASSDYLYEQYF-BJ2-7,104.0,1,1,4,216,9,6,2,9,1,4,7,1,2
BL6-BALBc_HTxB,AV16D/DV11-CAMREGNYGNEKITF-AJ48_BV1-CTCSRDRANSDYTF-BJ1-2,176.0,0,3,1,10,5,1,0,3,0,5,6,3,0
BL6-BALBc_HTxB,AV6D-7-CALSLYQGGRALIF-AJ15_BV1-CTCSAADWGGSYEQYF-BJ2-7,131.0,2,3,1,3,3,13,3,1,5,7,4,2,0
BL6-BALBc_HTxB,AV16/DV11-CAMREEEGASSSFSKLVF-AJ50_BV29-CASRTAYEQYF-BJ2-7,76.0,0,1,0,1,2,1,0,1,0,5,45,3,0
BL6-BALBc_HTxB,AV14-1-CAASEGGADRLTF-AJ45_BV17-CASSRDMQGWDTQYF-BJ2-5,125.0,0,1,6,1,17,3,0,8,0,0,1,4,1
BL6-BALBc_HTxB,AV16/DV11-CAMREDTGYQNFYF-AJ49_BV13-2-CASGEGGAGQLYF-BJ2-2,69.0,0,1,2,21,4,6,0,34,0,35,42,2,0
BL6-BALBc_HTxB,AV6D-6-CALSDYAQGLTF-AJ26_BV3-CASSSTGGQDTQYF-BJ2-5,79.0,2,0,1,2,3,2,0,1,0,1,5,5,0
BL6-BALBc_HTxB,AV6D-7-CALSDVGDNSKLIW-AJ38_BV13-1-CASSGGGWAEQFF-BJ2-1,245.0,1,3,2,7,7,12,4,4,0,10,96,3,1
BL6-BALBc_HTxB,AV16D/DV11-CAMREGVNTDKVVF-AJ34*p03_BV13-3-CATRDRDAEQFF-BJ2-1,289.0,6,5,12,21,25,10,6,10,2,28,47,14,0
BL6-BALBc_HTxB,AV6D-6-CAPPRDTNAYKVIF-AJ30_BV13-2-CASGRDNANSDYTF-BJ1-2,709.0,1,4,1,11,15,9,4,8,2,12,49,6,0
BL6-BALBc_HTxB,AV16D/DV11-CAMRDITGNTRKLIF-AJ37*p02_BV4-CASSYGAQYF-BJ2-7,188.0,1,3,0,9,11,15,2,3,0,15,212,5,0
BL6-BALBc_HTxB,AV13D-1-CAMANTGNYKYVF-AJ40_BV31-CAWSLGFAADYTF-BJ1-2,213.0,4,2,2,5,60,8,0,2,3,10,8,0,0
BL6-BALBc_HTxB,AV8-2-CATAPDTNAYKVIF-AJ30_BV19-CASGTTNYAEQFF-BJ2-1,175.0,2,2,8,7,2,3,5,1,1,5,7,0,0
BL6-BALBc_HTxB,AV12-2-CALHTGYQNFYF-AJ49_BV29-CASSLRLGGGEQYF-BJ2-7,122.0,4,8,3,17,2,11,6,2,10,12,25,18,0
BL6-BALBc_HTxB,AV6-4-CALGTSGGNYKPTF-AJ6_BV19-CASIGDTQYF-BJ2-5,226.0,0,6,3,4,7,6,4,1,1,15,17,4,0
BL6-BALBc_HTxB,AV16/DV11-CAMRSNTGANTGKLTF-AJ52_BV13-2-CASGANSYEQYF-BJ2-7,93.0,2,2,1,5,15,4,4,20,0,6,6,1,0
BL6-BALBc_HTxB,AV6-1-CVLGDYSNNRLTL-AJ7_BV13-1-CASAGGEEQYF-BJ2-7,95.0,0,0,3,3,1,1,0,1,0,1,82,0,0
BL6-BALBc_HTxB,AV4-4/DV10-CAAEASSSFSKLVF-AJ50_BV3-CASSLAEGGGTGQLYF-BJ2-2,530.0,3,6,13,21,16,13,5,11,11,12,18,18,0
BL6-BALBc_HTxB,AV9-4-CAVSNDYGGSGNKLIF-AJ32_BV13-3-CASSDAGSQAPLF-BJ1-5,115.0,2,0,5,1,2,3,0,3,0,6,5,6,0
BL6-BALBc_HTxB,AV16D/DV11-CAMREDGNEKITF-AJ48_BV20-CGAGGFSYEQYF-BJ2-7,135.0,0,1,3,14,100,6,0,4,1,4,15,10,0
BL6-BALBc_HTxB,AV6-6-CALPTNSAGNK-AJ17*p02_BV17-CASSPGLGGRFNEQYF-BJ2-7,5.0,0,0,0,0,0,0,0,2,0,0,2,0,0
BL6-BALBc_HTxB,AV6D-4-CALVDDSGYNKLTF-AJ11*p02_BV4-CASSLTDEQYF-BJ2-7,1233.0,4,0,5,14,18,6,2,15,0,5,156,6,1
BL6-BALBc_HTxB,AV16/DV11-CAMREDTGYQNFYF-AJ49_BV13-2-CASGEGGAGQLYF-BJ2-2,174.0,1,1,2,24,2,3,1,33,0,20,20,3,0
BL6-BALBc_HTxB,AV16D/DV11-CAMSGTGGYKVVF-AJ12_BV16-CASSLSRDFYAEQFF-BJ2-1,134.0,2,7,2,4,12,6,2,2,0,7,5,8,0
BL6-BALBc_HTxB,AV9-4-CAVRDYGNEKITF-AJ48_BV1-CTCSAVRAEVFF-BJ1-1,129.0,0,0,1,2,5,2,0,1,0,2,0,47,0
BL6-BALBc_HTxB,AV16D/DV11-CAMREDTNTGKLTF-AJ27_BV5-CASSPPSAETLYF-BJ2-3,196.0,2,3,8,16,18,8,3,1,1,17,30,13,0
BL6-BALBc_HTxB,AV19-CAAANTGYQNFYF-AJ49_BV2-CASSQDQTSNERLFF-BJ1-4,914.0,0,2,11,23,14,28,5,16,0,12,37,10,1
BL6-BALBc_HTxB,AV16D/DV11-CAMREGLGGADRLTF-AJ45_BV13-2-CASGGRDNANTEVFF-BJ1-1,432.0,1,4,2,7,5,4,5,4,0,38,18,1,0
BL6-BALBc_HTxB,AV6-6-CALGDPNSGGSNYKLTF-AJ53_BV17-CASSGTVAEQFF-BJ2-1,105.0,0,1,1,3,1,5,1,2,0,1,10,1,0
BL6-BALBc_HTxB,AV6D-6-CALSDNRIFF-AJ31_BV13-1-CASSDPTGAYEQYF-BJ2-7,108.0,1,2,25,8,16,6,6,3,6,23,97,6,0
BL6-BALBc_HTxB,AV7D-3-CAPGGNYKPTF-AJ6_BV14-CASRNRDEQYF-BJ2-7,121.0,5,11,5,2,8,3,0,5,26,7,14,9,0
BL6-BALBc_HTxB,AV14-1-CAARGDNNRIFF-AJ31_BV1-CTCSANRVDNQAPLF-BJ1-5,41.0,1,0,1,59,2,0,1,8,0,4,3,0,0
BL6-BALBc_HTxB,AV6-6-CALAGNQGGSAKLIF-AJ57_BV13-1-CASSDDRVGNTLYF-BJ1-3,795.0,1,6,2,7,13,8,1,0,1,4,30,5,0
BL6-BALBc_HTxB,AV13-1-CAMELSSGSWQLIF-AJ22_BV4-CASSYGEQYF-BJ2-7,1442.0,3,11,8,20,25,24,7,13,3,20,274,4,2
BL6-BALBc_HTxB,AV14-2-CAASGASGGNYKPTF-AJ6_BV15-CASSPGLGGWEQYF-BJ2-7,523.0,1,0,8,11,9,8,1,4,0,6,7,1,1
BL6-BALBc_HTxB,AV17-CALEGRNNNAPRF-AJ43*p03_BV13-2-CASAPGQYAEQFF-BJ2-1,171.0,2,1,2,4,2,6,2,8,1,8,3,7,0
BL6-BALBc_HTxB,AV12D-1-CALSETTNAYKVIF-AJ30_BV13-2-CASGGDNHNYAEQFF-BJ2-1,511.0,1,0,1,11,6,4,3,4,0,5,4,4,2
BL6-BALBc_HTxB,AV16D/DV11-CAMREDTNAYKVIF-AJ30_BV13-2-CASGDVQANSDYTF-BJ1-2,3062.0,1,4,8,167,18,18,2,8,1,12,32,8,0
BL6-BALBc_HTxB,AV2-CIVTDKNNNNRIFF-AJ31_BV4-CASSSGEVFF-BJ1-1,145.0,1,1,1,4,6,3,1,2,2,5,25,6,0
BL6-BALBc_HTxB,AV8-1-CATDKGGRALIF-AJ15_BV13-2-CASGGGSAETLYF-BJ2-3,1533.0,4,5,8,18,23,14,5,28,2,22,30,10,1
BL6-BALBc_HTxB,AV16/DV11-CAMRENTGANTGKLTF-AJ52_BV13-3-CASSSGGVKAEQFF-BJ2-1,142.0,1,2,2,3,18,1,0,0,0,4,8,3,0
BL6-BALBc_HTxB,AV9-1-CAVSHNYAQGLTF-AJ26_BV29-CASSSTQDTQYF-BJ2-5,114.0,1,2,0,5,5,9,0,3,0,3,4,0,1
BL6-BALBc_HTxB,AV8D-2-CATVGNRIFF-AJ31_BV1-CTCSAVRISNERLFF-BJ1-4,556.0,1,2,3,15,9,6,5,8,1,14,11,0,2
BL6-BALBc_HTxB,AV3-3-CAVSEGRGSALGRLHF-AJ18_BV1-CTCSAGGDYAEQFF-BJ2-1,74.0,0,0,1,2,5,7,0,4,0,2,5,14,0
BL6-BALBc_HTxB,AV1-CAVRDSYAQGLTF-AJ26_BV13-1-CASSDDRVGNTLYF-BJ1-3,66.0,2,4,2,94,5,4,0,2,0,4,12,2,0
BL6-BALBc_HTxB,AV4-3-CAAEADTGNYKYVF-AJ40_BV13-1-CASSDVTTEVFF-BJ1-1,207.0,1,1,45,6,10,43,3,3,1,6,8,3,1
BL6-BALBc_HTxB,AV7-4-CAGTGANTGKLTF-AJ52_BV19-CASSITNLSGNTLYF-BJ1-3,212.0,3,7,2,11,12,11,4,2,1,5,12,2,0
BL6-BALBc_HTxB,AV9D-3-CAVSPDTNAYKVIF-AJ30_BV13-2-CASGDWGRGEQYF-BJ2-7,83.0,1,0,26,2,4,5,1,1,0,4,10,1,0
BL6-BALBc_HTxB,AV12D-1-CALRPGSALGRLHF-AJ18_BV13-2-CASGEPGLHAEQFF-BJ2-1,143.0,1,0,0,9,16,13,4,7,0,9,16,7,0
BL6-BALBc_HTxB,AV6-6-CALGDLGSWQLIF-AJ22_BV13-2-CASGDWGSGEQYF-BJ2-7,290.0,1,2,58,11,5,5,0,1,0,6,102,1,0
BL6-BALBc_HTxB,AV8-1-CATDAGYANKMIF-AJ47_BV13-2-CASGDAWGINQAPLF-BJ1-5,328.0,1,4,1,12,12,8,4,7,1,7,16,6,0
BL6-BALBc_HTxB,AV8D-2-CATVGNRIFF-AJ31_BV1-CTCSAVRISNERLFF-BJ1-4,163.0,2,0,2,16,9,2,2,4,2,5,9,3,1
BL6-BALBc_HTxB,AV6D-7-CALSDVGDNSKLIW-AJ38_BV13-1-CASSGGGWAEQFF-BJ2-1,125.0,1,1,4,8,5,5,2,4,1,8,31,3,0
BL6-BALBc_HTxB,AV19-CAADQGGSAKLIF-AJ57_BV13-1-CASSDDRVGNTLYV-BJ1-3,227.0,4,5,4,29,19,7,2,5,0,5,15,6,1
BL6-BALBc_HTxB,AV16D/DV11-CAMREGTGSWQLIF-AJ22_BV13-2-CASGDLGTDNNRAPLF-BJ1-5,208.0,0,2,9,7,4,10,7,4,8,12,197,6,0
BL6-BALBc_HTxB,AV4-3-CAVMPNYNVLYF-AJ21*p03_BV16-CASSLDPREANERLFF-BJ1-4,337.0,7,3,6,65,13,20,9,16,1,23,34,7,0
BL6-BALBc_HTxB,AV7-4-CAASEGYAQGLTF-AJ26_BV13-3-CASSDRDTQNTLYF-BJ2-4,112.0,0,0,232,5,6,2,2,4,0,7,8,0,2
BL6-BALBc_HTxB,AV7D-3-CAVSNYAQGLTF-AJ26_BV13-2-CASGGTTEVFF-BJ1-1,203.0,2,8,4,7,10,15,4,10,0,22,32,18,0
BL6-BALBc_HTxB,AV8D-2-CATDAGQGGRALIF-AJ15_BV4-CASTQANTEVFF-BJ1-1,383.0,2,2,2,11,7,8,0,2,1,10,64,11,0
BL6-BALBc_HTxB,AV19-CAAANTGYQNFYF-AJ49_BV17-CASSRDPWGGSAETLYF-BJ2-3,33.0,0,0,0,3,2,18,1,2,0,6,2,0,0
BL6-BALBc_HTxB,AV6-6-CALGDPTNAYKVIF-AJ30_BV19-CASSTQGVYAEQYF-BJ2-1,204.0,0,0,3,38,8,1,1,0,2,11,5,2,0
BL6-BALBc_HTxB,AV19-CAADQGGSAKLIF-AJ57_BV20-CGARYTSANTEVFF-BJ1-1,181.0,0,0,5,122,5,4,0,17,0,4,13,5,0
BL6-BALBc_HTxB,AV9-2-CAASDSGGSNYKLTF-AJ53_BV2-CASSQERLLGGAETLYF-BJ2-3,84.0,0,1,4,2,1,2,1,2,0,5,3,8,0
BL6-BALBc_HTxB,AV16D/DV11-CAMREDGYQNFYF-AJ49_BV13-2-CASGGQGSERLFF-BJ1-4,91.0,0,0,5,24,4,1,0,4,0,1,8,0,0
BL6-BALBc_HTxB,AV16D/DV11-CAMREEGGGRALIF-AJ15_BV13-1-CASSDGGGTYEQYF-BJ2-7,99.0,0,1,7,3,10,3,1,1,0,3,2,11,0
BL6-BALBc_HTxB,AV1-CAVPSGSWQLIF-AJ22_BV4-CASSYGRWDTEVFF-BJ1-1,41.0,0,6,6,2,4,4,0,0,2,3,0,8,0
BL6-BALBc_HTxB,AV16/DV11-CAMREGVNTDKVVF-AJ34*p03_BV5-CASSSPRTGGFYAEQFF-BJ2-1,35.0,0,0,0,1,1,1,1,0,3,2,2,0,2
BL6-BALBc_HTxB,AV4-3-CAAEADTGNYKYVF-AJ40_BV31-CAWSLWTGVEQYF-BJ2-7,57.0,1,1,27,3,5,3,2,1,0,4,6,3,0
BL6-BALBc_HTxB,AV3-3-CAVDTNAYKVIF-AJ30_BV13-2-CASGDGGREQYF-BJ2-7,106.0,6,1,4,3,2,2,7,5,4,0,38,8,0
BL6-BALBc_HTxB,AV1-CAVRDSYAQGLTF-AJ26_BV13-1-CASSDDRVGNTLYF-BJ1-3,69.0,2,0,0,50,0,3,1,0,0,3,2,2,0
BL6-BALBc_HTxB,AV6-6-CALGANSGTYQRF-AJ13_BV13-2-CASGESGYEQYF-BJ2-7,501.0,3,3,9,15,20,54,6,985,2,24,38,13,2
BL6-BALBc_HTxB,AV13D-1-CAMANTGNYKYVF-AJ40_BV13-2-CASGGIYEQYF-BJ2-7,1947.0,0,4,9,29,168,16,6,10,0,36,24,19,1
BL6-BALBc_HTxB,AV6-6-CALGDQANTDKVVF-AJ34*p03_BV14-CASSLGVNTEVFF-BJ1-1,124.0,2,1,1,3,1,2,24,1,1,0,8,0,0
BL6-BALBc_HTxB,AV8-1-CADQGGRALIF-AJ15_BV1-CTCSADPGNERLFF-BJ1-4,416.0,0,2,4,28,6,2,1,1,2,8,9,2,0
BL6-BALBc_HTxB,AV3-3-CAVSAVDSNYQLIW-AJ33_BV19-CASTPPLGGYAEQFF-BJ2-1,110.0,1,2,2,159,4,3,0,3,0,1,8,3,0
BL6-BALBc_HTxB,AV6-1-CVLAPSSGSWQLIF-AJ22_BV19-CASSIVRVAETLYF-BJ2-3,235.0,4,3,9,35,8,13,6,6,6,9,71,12,0
BL6-BALBc_HTxB,AV4-3-CAAHVNTGNYKYVF-AJ40_BV29-CASSLIRYAEQFF-BJ2-1,718.0,3,0,6,18,5,6,2,7,2,11,18,3,0
BL6-BALBc_HTxB,AV8D-2-CATVGNRIFF-AJ31_BV1-CTCSAVRISNERLFF-BJ1-4,2074.0,3,2,4,64,24,8,8,3,3,20,16,9,2
BL6-BALBc_HTxB,AV13-1-CAPYYNVLY-AJ21*p03_BV1-CTCSAVRAEVFF-BJ1-1,57.0,0,1,0,3,0,2,2,2,2,2,16,62,0
BL6-BALBc_HTxB,AV3D-3-CAVSGDYSNNRLTL-AJ7_BV1-CTCSEVLGETLYF-BJ2-3,241.0,1,0,2,7,5,13,0,0,0,3,17,71,0
BL6-BALBc_HTxB,AV19-CAADQGGSAKLIF-AJ57_BV20-CGARYTSANTEVFF-BJ1-1,107.0,0,1,1,27,4,3,3,6,1,4,5,1,0
BL6-BALBc_HTxB,AV13D-1-CGWGDNYAQGLTF-AJ26_BV14-CASSLGVNTEVFF-BJ1-1,128.0,0,1,1,1,1,3,40,2,0,6,6,0,0
BL6-BALBc_HTxB,AV16D/DV11-CAMREGNNNAGAKLTF-AJ39_BV13-2-CASGDRVYEQYF-BJ2-7,411.0,38,5,7,11,12,12,1,47,1,10,12,2,0
BL6-BALBc_HTxB,AV1-CAVRDSYAQGLTF-AJ26_BV13-1-CASSDDRVGNTLYF-BJ1-3,125.0,0,0,0,75,3,3,1,7,1,9,10,1,1
BL6-BALBc_HTxB,AV16/DV11-CAMREDSSNTDKVVF-AJ34*p03_BV5-CASSQDLGGQNTLYF-BJ2-4,173.0,2,3,3,5,3,2,2,3,0,8,145,2,0
BL6-BALBc_HTxB,AV16/DV11-CAMREDTGYQNFYF-AJ49_BV13-2-CASGGWGGAQNTLYF-BJ2-4,191.0,1,3,6,12,23,1,0,3,0,10,10,5,0
BL6-BALBc_HTxB,AV19-CAAANTGYQNFYF-AJ49_BV17-CASSRDPWGGSAETLYF-BJ2-3,45.0,0,0,1,4,1,15,0,1,0,2,11,1,0
BL6-BALBc_HTxB,AV7-1-CAPDSGYNKLTF-AJ11*p02_BV13-2-CASGDAFGDEQYF-BJ2-7,167.0,4,1,6,2,12,5,3,7,0,4,7,12,1
BL6-BALBc_HTxB,AV3-3-CAVPPDYNVLYF-AJ21*p03_BV13-3-CASRDRAEQFF-BJ2-1,634.0,0,1,0,10,5,4,1,1,6,3,3,2,0
BL6-BALBc_HTxB,AV16D/DV11-CAMREGNTNTGKLTF-AJ27_BV1-CTCSADGVYAEQFF-BJ2-1,266.0,2,10,6,35,15,7,1,6,0,7,11,305,0
BL6-BALBc_HTxB,AV16D/DV11-CAMRESGTGGYKVVF-AJ12_BV17-CASSSGNTLYF-BJ1-3,36.0,1,0,0,5,2,36,27,3,0,10,8,0,0
BL6-BALBc_HTxB,AV9D-3-CAVSPDTNAYKVIF-AJ30_BV13-2-CASGDWGRGEQYF-BJ2-7,430.0,2,3,78,10,10,11,2,3,0,6,15,4,2
BL6-BALBc_HTxB,AV16/DV11-CAMREDSSNTDKVVF-AJ34*p03_BV5-CASSQDLGGQNTLYF-BJ2-4,126.0,3,2,1,8,5,5,0,12,0,8,201,4,1
BL6-BALBc_HTxB,AV16/DV11-CAMREDSSNTDKVVF-AJ34*p03_BV5-CASSQDLGGQNTLYF-BJ2-4,95.0,0,4,2,6,7,10,1,3,1,7,485,4,0
BL6-BALBc_HTxB,AV16D/DV11-CAMREDGNEKITF-AJ48_BV20-CGAGGFSYEQYF-BJ2-7,166.0,1,5,8,12,155,9,1,4,0,12,14,9,0
BL6-BALBc_HTxB,AV13D-1-CAMANTGNYKYVF-AJ40_BV13-2-CASGGIYEQYF-BJ2-7,2366.0,2,2,9,32,298,26,5,7,1,25,37,7,2
BL6-BALBc_HTxB,AV13-4/DV7-CAMEPSNYQLIW-AJ33_BV29-CASGQGGTGQLYF-BJ2-2,125.0,0,1,3,6,4,5,2,47,0,19,7,3,0
BL6-BALBc_HTxB,AV12D-2-CALSDQGSALGRLHF-AJ18_BV19-CASSINAEQFF-BJ2-1,421.0,2,4,8,15,20,12,2,4,2,11,21,9,0
BL6-BALBc_HTxB,AV5-1-CSASVDYAQGLTF-AJ26_BV31-CAWSPGTQNTLYF-BJ2-4,156.0,2,0,2,12,5,84,5,3,5,10,32,6,0
BL6-BALBc_HTxB,AV3-4-CAVTQSSGSWQLIF-AJ22_BV4-CASSYGSDYTF-BJ1-2,566.0,2,5,6,8,11,9,2,3,0,16,380,4,0
BL6-BALBc_HTxB,AV19-CAARTGYQNFYF-AJ49_BV3-CASSLSQGSDYTF-BJ1-2,660.0,6,7,11,41,23,18,1,11,3,391,44,9,1
BL6-BALBc_HTxB,AV6-5-CALSDLYANKMIF-AJ47_BV3-CASSFGTGGYEQYF-BJ2-7,152.0,2,4,10,12,8,12,8,4,0,568,14,5,1
BL6-BALBc_HTxB,AV12D-3-CALRDNYAQGLTF-AJ26_BV30-CSSKGGQDTQYF-BJ2-5,160.0,2,0,2,5,3,10,2,6,0,5,5,16,1
BL6-BALBc_HTxB,AV12D-1-CALSDQNKLTF-AJ56_BV14-CASRSDWVNQDTQYF-BJ2-5,68.0,2,0,0,0,2,1,24,2,0,3,4,1,0
BL6-BALBc_HTxB,AV7-3-CAGDSGYNKLTF-AJ11*p02_BV13-2-CASGDADERLFF-BJ1-4,167.0,1,1,1,7,5,3,1,51,0,3,6,1,0
BL6-BALBc_HTxB,AV13-1-CARGSNYQLIW-AJ33_BV4-CASSWDRVGNTLYF-BJ1-3,145.0,1,1,7,5,14,4,2,1,0,3,9,8,0
BL6-BALBc_HTxB,AV16/DV11-CAMREANTGYQNFYF-AJ49_BV13-2-CASGTGGVSGNTLYF-BJ1-3,24.0,0,1,0,2,2,35,4,0,2,0,3,1,0
BL6-BALBc_HTxB,AV7D-2-CAANSGTYQRF-AJ13_BV13-1-CASSDAGGGAEQFF-BJ2-1,1619.0,0,5,2,13,12,6,3,57,0,10,20,8,0
BL6-BALBc_HTxB,AV7-3-CAVDQGGRALIF-AJ15_BV1-CTCSADPGGNYAEQFF-BJ2-1,72.0,0,0,4,3,2,0,0,1,0,3,3,1,0
BL6-BALBc_HTxB,AV16/DV11-CAMREGYGGSGNKLIF-AJ32_BV1-CTCSADRVYAEQFF-BJ2-1,65.0,0,1,2,76,6,4,1,1,0,6,5,4,1
BL6-BALBc_HTxB,AV16/DV11-CAMREDSSNTDKVVF-AJ34*p03_BV1-CTCSVGTVSNERLFF-BJ1-4,180.0,0,1,5,6,6,11,1,2,1,29,532,4,0
BL6-BALBc_HTxB,AV7-5-CAMSLFNNYAQGLTF-AJ26_BV5-CASSQDGTEEVFF-BJ1-1,40.0,14,0,1,0,0,7,1,2,3,3,19,0,0
BL6-BALBc_HTxB,AV16D/DV11-CAMREGDNNAGAKLTF-AJ39_BV3-CASSLEFYEQYF-BJ2-7,297.0,5,7,2,16,16,10,12,5,5,10,14,15,0
BL6-BALBc_HTxB,AV13D-3-CAMRTNSAGNKLTF-AJ17*p02_BV13-2-CASGTTYEQYF-BJ2-7,466.0,2,3,15,30,27,16,5,20,0,139,36,14,0
BL6-BALBc_HTxB,AV19-CAAANTGYQNFYF-AJ49_BV17-CASSRDPWGGSAETLYF-BJ2-3,144.0,1,2,4,12,12,22,13,2,1,11,9,1,0
BL6-BALBc_HTxB,AV7D-3-CAVPNTGKLTF-AJ27_BV13-2-CASGDNAETLYF-BJ2-3,308.0,0,4,1,14,16,116,0,3,0,16,25,5,0
BL6-BALBc_HTxB,AV14-3-CAAPSSNTDKVVF-AJ34*p03_BV19-CASSIVRDSYEQYF-BJ2-7,157.0,1,3,6,2,13,3,1,3,0,11,13,6,0
BL6-BALBc_HTxB,AV14-2-CAASGASGGNYKPTF-AJ6_BV15-CASSPGLGGWEQYF-BJ2-7,965.0,3,3,9,34,26,22,5,15,1,26,25,11,2
BL6-BALBc_HTxB,AV10-CAASPNTGYQNFYF-AJ49_BV13-1-CASSDVDAEQFF-BJ2-1,145.0,0,2,1,7,2,11,0,5,0,8,10,5,0
BL6-BALBc_HTxB,AV6D-6-CALSDYAQGLTF-AJ26_BV13-3-CASRDRYEQYF-BJ2-7,135.0,1,4,4,3,5,8,1,5,9,1,4,2,1
BL6-BALBc_HTxB,AV6-6-CALGDLTGYQNFYF-AJ49_BV4-CASRDWGDTGQLYF-BJ2-2,1105.0,7,15,13,41,40,20,5,17,5,53,52,108,1
BL6-BALBc_HTxB,AV16D/DV11-CAMREASSGSWQLIF-AJ22_BV16-CASSPPDPNYAEQFF-BJ2-1,1230.0,0,8,8,414,23,26,6,16,1,26,45,21,1
BL6-BALBc_HTxB,AV10-CAASMDNYNVLYF-AJ21*p03_BV31-CAWSLSSDYTF-BJ1-2,150.0,0,1,1,6,4,3,2,1,0,8,46,0,0
BL6-BALBc_HTxB,AV3-3-CAVSEGTGNYKYVF-AJ40_BV13-1-CASSGDWGDEQYF-BJ2-7,126.0,0,1,2,7,2,3,1,0,1,2,29,0,0
BL6-BALBc_HTxB,AV16/DV11-CAMREGNTGNYKYVF-AJ40_BV14-CASSFLLGSSAETLYF-BJ2-3,236.0,2,1,3,36,11,8,3,5,2,52,15,2,0
BL6-BALBc_HTxB,AV16/DV11-CAMREGLANKMIF-AJ47_BV13-2-CASGETGGAYEQYF-BJ2-7,746.0,1,2,8,96,22,19,12,8,0,24,24,7,2
BL6-BALBc_HTxB,AV16D/DV11-CAMREGNTGNYKYVF-AJ40_BV13-2-CASGDLYEQYF-BJ2-7,179.0,5,5,1,11,367,37,5,6,0,12,28,6,1
BL6-BALBc_HTxB,AV12-2-CALSDNTGNYKYVF-AJ40_BV13-3-CASSGTGFNTGQLYF-BJ2-2,1018.0,1,3,4,11,9,8,1,4,0,10,123,6,2
BL6-BALBc_HTxB,AV16/DV11-CAMREGNTGYQNFYF-AJ49_BV1-CTCSAGRGDAEQF-BJ2-1,77.0,0,0,1,10,4,20,0,6,0,7,3,0,0
BL6-BALBc_HTxB,AV16D/DV11-CAMREGNYAQGLTF-AJ26_BV13-1-CASSENWGAYAEQFF-BJ2-1,234.0,1,1,3,10,5,7,0,6,0,10,21,19,0
BL6-BALBc_HTxB,AV10-CAASMNQGGSAKLIF-AJ57_BV3-CASSLGRGLEQYF-BJ2-7,121.0,1,3,12,6,12,8,3,9,0,38,13,6,1
BL6-BALBc_HTxB,AV13D-1-CAMELSSGSWQLIF-AJ22_BV4-CASSYGAQYF-BJ2-7,871.0,2,11,9,26,20,27,7,14,1,24,489,9,0
BL6-BALBc_HTxB,AV10-CAAIMDYANKMIF-AJ47_BV3-CASSAGPQDTQYF-BJ2-5,180.0,0,3,0,104,6,5,1,0,0,11,3,2,0
BL6-BALBc_HTxB,AV6D-7-CALSEGKVVF-AJ34*p03_BV13-2-CASGERWGDYAEQFF-BJ2-1,146.0,0,9,5,16,14,12,17,7,0,8,11,91,0
BL6-BALBc_HTxB,AV13-2-CAIDPNYNVLYF-AJ21*p03_BV4-CAAGGVNERLFF-BJ1-4,1196.0,4,9,12,33,23,23,210,13,1,25,55,7,0
BL6-BALBc_HTxB,AV13-1-CAMELSSGSWQLIF-AJ22_BV4-CASSYGEQYF-BJ2-7,125.0,1,2,2,1,5,3,3,0,0,7,67,2,1
BL6-BALBc_HTxB,AV16D/DV11-CAMREGSGYNKLTF-AJ11*p02_BV13-2-CASGRDNANSDYTF-BJ1-2,89.0,0,1,3,1,2,2,1,13,0,6,7,1,0
BL6-BALBc_HTxB,AV13D-4-CAMDTGYQNFYF-AJ49_BV5-CASSQDSNTEVFF-BJ1-1,131.0,4,5,7,5,12,9,1,7,0,21,13,15,2
BL6-BALBc_HTxB,AV6-7/DV9-CALLSGGSNAKLTF-AJ42_BV13-2-CASGERHSNSDYTF-BJ1-2,188.0,1,5,0,46,5,6,4,3,0,6,7,1,1
BL6-BALBc_HTxB,AV8-1-CATDTGGADRLTF-AJ45_BV4-CASSFDWGAETLYF-BJ2-3,126.0,1,0,2,16,8,6,9,3,6,10,15,17,0
BL6-BALBc_HTxB,AV4-3-CAAHVNTGNYKYVF-AJ40_BV29-CASSLIRYAEQFF-BJ2-1,143.0,3,1,0,17,3,1,3,2,0,3,9,0,0
BL6-BALBc_HTxB,AV6-6-CALAGNQGGSAKLIF-AJ57_BV19-CASRIFSGGGNERLFF-BJ1-4,2134.0,6,14,13,34,32,23,7,12,1,24,37,9,1
BL6-BALBc_HTxB,AV16/DV11-CAMREDSSNTDKVVF-AJ34*p03_BV5-CASSQDLGGQNTLYF-BJ2-4,1023.0,1,2,13,31,15,21,5,10,2,24,760,9,0
BL6-BALBc_HTxB,AV9-3-CAVSVSSGSWQLIF-AJ22_BV3-CASSWDISAETLYF-BJ2-3,119.0,0,1,0,6,2,3,0,10,0,2,8,7,0
BL6-BALBc_HTxB,AV4-4/DV10-CAAEAVNTGNYKYVF-AJ40_BV13-1-CASSDVGGEQYF-BJ2-7,138.0,0,0,5,4,13,4,5,4,0,12,10,6,0
BL6-BALBc_HTxB,AV14-1-CAARTSSFSKLVF-AJ50_BV14-CASSTGYEQYF-BJ2-7,332.0,0,0,4,8,9,2,1,3,2,7,10,16,2
BL6-BALBc_HTxB,AV16D/DV11-CAMREGGYQNFYF-AJ49_BV13-2-CASGDNYEQYF-BJ2-7,18.0,0,0,0,2,37,10,0,0,0,5,3,1,0
BL6-BALBc_HTxB,AV7D-3-CAVSNQGGRALIF-AJ15_BV2-CASSQEPPGQGQAPLF-BJ1-5,115.0,1,3,2,6,8,5,0,103,0,4,7,7,0
BL6-BALBc_HTxB,AV16D/DV11-CAMREDSGYNKLTF-AJ11*p02_BV13-2-CASGTTYEQYF-BJ2-7,51.0,1,0,2,10,4,0,0,1,0,113,4,1,0
BL6-BALBc_HTxB,AV4-3-CAGTGNTRKLIF-AJ37*p02_BV13-1-CASSAGTGYAEQFF-BJ2-1,115.0,1,12,52,4,6,4,42,1,0,5,4,4,0
BL6-BALBc_HTxB,AV16D/DV11-CAMREGYAQGLTF-AJ26_BV13-1-CASSDRGQGNERLFF-BJ1-4,260.0,0,101,4,4,10,9,1,4,3,4,9,4,1
BL6-BALBc_HTxB,AV9-3-CAVSSDYANKMIF-AJ47_BV3-CASSLGTGGSDYTF-BJ1-2,345.0,1,8,18,19,31,15,2,19,1,744,29,15,2
BL6-BALBc_HTxB,AV10-CAASMDYANKMIF-AJ47_BV29-CASSLSNRYAEQFF-BJ2-1,293.0,0,1,2,10,7,12,1,5,0,16,27,7,1
BL6-BALBc_HTxB,AV12D-1-CALSDQNKLTF-AJ56_BV14-CASRSDWVNQDTQYF-BJ2-5,82.0,1,4,3,6,12,12,18,6,0,10,18,4,0
BL6-BALBc_HTxB,AV16D/DV11-CAMREGFNYQLIW-AJ33_BV13-2-CASGDARGSNQAPLF-BJ1-5,115.0,1,2,1,12,3,2,2,0,0,5,2,2,0
BL6-BALBc_HTxB,AV3-3-CAVSAGGNTRKLIF-AJ37*p02_BV29-CASTSGERQYF-BJ2-5,162.0,1,13,30,12,27,14,14,9,9,33,36,12,1
BL6-BALBc_HTxB,AV14-3-CAARDDSGYNNLTF-AJ11*p02_BV1-CTCSATGGDTEVFF-BJ1-1,82.0,0,2,1,5,6,1,3,0,3,6,4,38,1
BL6-BALBc_HTxB,AV6-6-CALGDLGSWQLIF-AJ22_BV4-CASSYAEQFF-BJ2-1,117.0,0,0,0,6,4,10,2,3,0,6,27,2,0
BL6-BALBc_HTxB,AV7D-3-CAVYQGGRALIF-AJ15_BV13-2-CASGDVLGGYEQYF-BJ2-7,37.0,0,0,5,1,11,5,0,0,1,1,5,1,0
BL6-BALBc_HTxB,AV6D-6-CALSDNTGYQNFYF-AJ49_BV14-CASSFPGEVFF-BJ1-1,120.0,2,1,1,4,13,17,1,1,2,6,14,3,0
BL6-BALBc_HTxB,AV16/DV11-CAMREDSSNTDKVVF-AJ34*p03_BV5-CASSQDLGGQNTLYF-BJ2-4,135.0,0,0,3,10,10,13,0,4,0,7,211,2,0
BL6-BALBc_HTxB,AV16D/DV11-CAMREANSAGNKLTF-AJ17*p02_BV13-1-CASSDVGGEQYF-BJ2-7,192.0,0,6,8,13,22,246,1,13,0,19,28,4,1
BL6-BALBc_HTxB,AV5D-4-CAASDMGYKLTF-AJ9_BV13-2-CASGPGTPNQAPLF-BJ1-5,76.0,2,0,1,39,2,5,0,0,0,4,11,7,0
BL6-BALBc_HTxB,AV6D-7-CALSDVGDNSKLIW-AJ38_BV13-2-CASGEQYEQYF-BJ2-7,310.0,3,7,3,12,21,106,6,2,5,12,94,9,1
BL6-BALBc_HTxB,AV16/DV11-CAMREDQGGSAKLIF-AJ57_BV13-2-CASCEIATNTGQLYF-BJ2-2,103.0,1,1,2,70,8,19,3,1,0,3,6,3,0
BL6-BALBc_HTxB,AV16D/DV11-CAMRAHYSNNRLTL-AJ7_BV13-2-CASGEQYEQYF-BJ2-7,60.0,1,1,4,3,4,146,0,1,0,4,10,2,0
BL6-BALBc_HTxB,AV9-4-CAVSEATGGNNKLTF-AJ56_BV19-CASSRGQSYNSPLYF-BJ1-6,71.0,2,0,7,3,4,3,0,2,0,3,8,8,0
BL6-BALBc_HTxB,AV9-4-CAVSSPDTNAYKVIF-AJ30_BV13-2-CASGASGGNTLYF-BJ1-3,115.0,0,0,1,6,5,8,1,5,1,10,7,6,1
BL6-BALBc_HTxB,AV4-3-CAAEADTGNYKYVF-AJ40_BV31-CAWSLWTGVEQYF-BJ2-7,22.0,2,0,32,2,1,1,4,2,0,1,5,1,0
BL6-BALBc_HTxB,AV5-1-CSASVDYAQGLTF-AJ26_BV31-CAWSPGTQNTLYF-BJ2-4,97.0,0,0,1,3,5,46,2,3,0,2,19,3,0
BL6-BALBc_HTxB,AV1-CAVRDSYAQGLTF-AJ26_BV13-1-CASSDDRVGNTLYF-BJ1-3,52.0,0,2,3,46,9,4,3,0,1,7,12,0,0
BL6-BALBc_HTxB,AV6-4-CALVDASGSWQLIF-AJ22_BV2-CASSQQGANTEVFF-BJ1-1,839.0,2,4,4,435,15,14,4,6,0,19,22,2,2
BL6-BALBc_HTxB,AV5-4-CAASAGNYKYVF-AJ40_BV13-1-CASSPGQTEVFF-BJ1-1,153.0,2,1,2,8,16,9,8,6,0,14,448,4,1
BL6-BALBc_HTxB,AV9-4-CAVSGDYANKMIF-AJ47_BV3-CASSLGVGHEQYF-BJ2-7,122.0,3,2,11,17,15,5,3,10,1,483,25,6,0
BL6-BALBc_HTxB,AV4-3-CAAEADTGNYKYV-AJ40_BV13-2-CASGGGGSSDYTF-BJ1-2,132.0,1,3,3,40,6,6,2,0,0,8,97,12,0
BL6-BALBc_HTxB,AV12D-2-CASAYNTNTGKLTF-AJ27_BV2-CASSQDGLGADTQYF-BJ2-5,43.0,5,2,6,4,16,1,4,0,0,0,10,1,0
BL6-BALBc_HTxB,AV4-3-CAAEADTGNYKYVF-AJ40_BV31-CAWSLWTGVEQYF-BJ2-7,37.0,1,0,19,4,1,1,0,2,0,10,2,0,0
BL6-BALBc_HTxB,AV7D-3-CAAHDSGYNKLTF-AJ11*p02_BV13-1-CASSDVGLGQDTQYF-BJ2-5,55.0,1,3,1,2,8,13,1,49,0,3,6,1,1
BL6-BALBc_HTxB,AV16/DV11-CAMREGNTGNYKYVF-AJ40_BV13-2-CASGGIYEQYF-BJ2-7,1166.0,2,3,0,11,82,15,4,6,1,18,25,5,2
BL6-BALBc_HTxB,AV6-6-CALGDAPNTDKVVF-AJ34*p03_BV13-2-CASGLLYEQNF-BJ2-7,157.0,2,4,5,4,21,4,3,4,5,12,7,10,0
BL6-BALBc_HTxB,AV4-3-CAAEKNNNAGAKLTF-AJ39_BV19-CASSMTLSGNTLYF-BJ1-3,126.0,3,6,8,6,14,6,5,6,1,9,29,12,1
BL6-BALBc_HTxB,AV16D/DV11-CAMRDTNAYKVIF-AJ30_BV13-2-CASGDVGGGQNTLYF-BJ2-4,100.0,0,0,2,2,3,50,1,2,0,2,5,1,0
BL6-BALBc_HTxB,AV9D-1-CAASGDYANKMIF-AJ47_BV16-CASSSGPYEQYF-BJ2-7,294.0,2,0,4,6,7,3,6,8,2,11,29,4,0
BL6-BALBc_HTxB,AV6D-7-CALSDVGDNSKLIW-AJ38_BV13-1-CASSDVGGEQYF-BJ2-7,64.0,2,0,1,4,8,2,2,0,0,1,113,1,0
BL6-BALBc_HTxB,AV6-5-CALSDLYANKMIF-AJ47_BV3-CASSFGTGGYEQYF-BJ2-7,276.0,4,2,2,14,12,14,2,5,2,385,16,4,0
BL6-BALBc_HTxB,AV7-3-CAVSRRSSSFSKLVF-AJ50_BV2-CASSQEGLQYF-BJ2-7,315.0,4,1,8,10,20,5,1,4,5,18,21,7,0
BL6-BALBc_HTxB,AV6-6-CALGDLGSWQLIF-AJ22_BV4-CASSYAEQFF-BJ2-1,145.0,0,3,6,4,7,9,1,0,0,9,36,1,1
BL6-BALBc_HTxB,AV6D-6-CALSDNRIFF-AJ31_BV13-1-CASSDPTGAYEQYF-BJ2-7,522.0,0,1,3,4,4,6,2,3,1,12,110,4,1
BL6-BALBc_HTxB,AV7-3-CAPDSGYNKLTF-AJ11*p02_BV3-CASSLGLDAEQFF-BJ2-1,332.0,0,1,5,3,0,11,0,5,1,12,6,1,2
BL6-BALBc_HTxB,AV13-2-CAIGYAQGLTF-AJ26_BV13-3-CASSDGWGGYEQYF-BJ2-7,150.0,0,1,109,6,3,3,3,3,0,2,6,1,0
BL6-BALBc_HTxB,AV16D/DV11-CAMREGEGGYQNFYF-AJ49_BV13-3-CASSGTDYNSPLYF-BJ1-6,805.0,2,7,8,11,29,12,6,3,0,16,18,11,0
BL6-BALBc_HTxB,AV13D-2-CAIDNYAQGLTF-AJ26_BV5-CASSQGQGAAEVFF-BJ1-1,28.0,0,1,0,1,0,0,0,0,3,5,3,4,0
BL6-BALBc_HTxB,AV16/DV11-CAMREGDTNAYKVIF-AJ30_BV13-2-CASGEINSPLYF-BJ1-6,101.0,0,1,3,4,277,40,0,2,0,7,4,2,0
BL6-BALBc_HTxB,AV12-2-CALSDYGGSGNKLIF-AJ32_BV1-CTCSAVGGAQDTQYF-BJ2-5,94.0,0,0,2,10,4,0,0,0,0,1,5,40,0
BL6-BALBc_HTxB,AV12-2-CALSDSGGSNAKLTF-AJ42_BV14-CASSFWTGGARDTQYF-BJ2-5,46.0,1,1,1,1,34,2,0,1,0,0,2,3,0
BL6-BALBc_HTxB,AV16D/DV11-CAMRAHYSNNRLTL-AJ7_BV13-2-CASGEQYEQYF-BJ2-7,129.0,1,0,2,5,8,311,2,3,1,5,7,4,1
BL6-BALBc_HTxB,AV9D-3-CAVSPDTNAYKVIF-AJ30_BV13-2-CASGDWGRGEQYF-BJ2-7,86.0,0,0,58,1,2,3,0,1,0,1,2,6,0
BL6-BALBc_HTxB,AV16/DV11-CAMREGDTNAYKVIF-AJ30_BV13-2-CASGEINSPLYF-BJ1-6,122.0,1,1,0,4,118,3,1,0,0,1,6,1,0
BL6-BALBc_HTxB,AV5-1-CSASVDYAQGLTF-AJ26_BV31-CAWSPGTQNTLYF-BJ2-4,206.0,1,1,8,9,12,20,1,6,0,11,15,7,0
BL6-BALBc_HTxB,AV6-3-CAMSPNMGYKLTF-AJ9_BV29-CASSPGTGKDTQYF-BJ2-5,88.0,4,0,4,5,7,5,0,7,0,6,9,5,0
BL6-BALBc_HTxB,AV4D-4-CAAEADTGNYKYVF-AJ40_BV4-CASSWDNYNSPLYF-BJ1-6,1450.0,1,9,19,26,23,17,5,10,0,31,25,15,0
BL6-BALBc_HTxB,AV19-CAADSNTDKVVF-AJ34*p03_BV13-2-CASGERDIYAEQFF-BJ2-1,82.0,1,1,3,4,7,156,41,2,0,2,14,2,1
BL6-BALBc_HTxB,AV7-4-CADNTNTGKLTF-AJ27_BV12-2-CASSLEQGEDTQYF-BJ2-5,132.0,89,8,2,8,6,5,2,0,0,4,5,4,0
BL6-BALBc_HTxB,AV8-1-CATPDYSNNRLTL-AJ7_BV13-1-CASTAGENTLYF-BJ2-4,220.0,2,2,3,7,6,7,4,5,2,12,431,5,0
BL6-BALBc_HTxB,AV3-3-CAVDTNAYKVIF-AJ30_BV13-2-CASGDGGREQYF-BJ2-7,70.0,2,2,0,0,5,3,0,2,3,1,10,12,0
BL6-BALBc_HTxB,AV16/DV11-CAMREDSNYQLIW-AJ33_BV5-CASSPGTVPTNERLFF-BJ1-4,807.0,0,3,8,12,16,6,0,6,2,16,25,11,0
BL6-BALBc_HTxB,AV6-1-CVLGEDAQGLTF-AJ26_BV5-CASSQVLGGLEQYF-BJ2-7,236.0,0,1,1,3,5,5,1,5,4,3,92,5,2
BL6-BALBc_HTxB,AV1-CAVRDSYAQGLTF-AJ26_BV13-1-CASSDDRVGNTLYF-BJ1-3,327.0,1,1,2,119,13,146,7,2,1,10,21,5,0
BL6-BALBc_HTxB,AV3-3-CAAPRGNTDKVVF-AJ34*p03_BV5-CASSHGTINERLFF-BJ1-4,84.0,4,4,11,9,29,0,4,13,6,14,43,6,0
BL6-BALBc_HTxB,AV16/DV11-CAMREGNTGNYKYVF-AJ40_BV13-2-CASGGIYEQYF-BJ2-7,128.0,1,1,4,5,145,6,2,3,1,5,11,3,2
BL6-BALBc_HTxB,AV7-3-CADTGNYKYVF-AJ40_BV1-CTCSPGTVSAEQFF-BJ2-1,101.0,0,1,2,2,8,7,12,2,0,11,11,11,0
BL6-BALBc_HTxB,AV16D/DV11-CAMRDPYGGSGNKLIF-AJ32_BV1-CTCSAVREDTQYF-BJ2-5,226.0,0,0,0,94,6,2,1,2,0,3,10,2,0
BL6-BALBc_HTxB,AV6-7/DV9-CALGDQGGGADRLTF-AJ45_BV3-CASSFGTGGYYEQYF-BJ2-7,221.0,0,0,0,10,11,8,0,2,3,47,4,3,1
BL6-BALBc_HTxB,AV21/DV12-CMPPITGNTRKLIF-AJ37*p02_BV13-2-CASGDAAVSNERLFF-BJ1-4,1115.0,2,0,0,20,6,4,3,2,1,7,7,3,1
BL6-BALBc_HTxB,AV9-4-CAVRDYGNEKITF-AJ48_BV1-CTCSAVRAEVFF-BJ1-1,28.0,0,0,2,1,3,2,0,3,0,1,2,43,0
BL6-BALBc_HTxB,AV3-3-CAVSAPFYQGGRALIF-AJ15_BV13-2-CASGDGGQGNYAEQLF-BJ2-1,894.0,4,2,5,23,17,3,77,3,3,22,33,11,0
BL6-BALBc_HTxB,AV5D-4-CAASGGSGNKLIF-AJ32_BV13-1-CASSAGYAEQFF-BJ2-1,104.0,0,2,1,9,5,6,0,1,0,5,142,3,0
BL6-BALBc_HTxB,AV16D/DV11-CAMREGLGGSNAKLTF-AJ42_BV13-1-CASSAGTKNTEVFF-BJ1-1,186.0,0,3,0,22,3,3,1,1,1,8,6,7,0
BL6-BALBc_HTxB,AV16/DV11-CAMREDSGYNKLTF-AJ11*p02_BV13-2-CASGGNYEQYF-BJ2-7,855.0,6,7,18,43,684,26,11,12,1,580,55,20,0
BL6-BALBc_HTxB,AV4-3-CAADNNAGAKLTF-AJ39_BV13-1-CASSDARYAEQFF-BJ2-1,130.0,2,1,0,63,9,3,1,2,0,9,3,10,0
BL6-BALBc_HTxB,AV10D-CAASPSSGSWQLIF-AJ22_BV4-CASSYDERLFF-BJ1-4,45.0,0,0,1,2,2,2,0,0,0,4,115,4,0
BL6-BALBc_HTxB,AV16D/DV11-CAMRAHYSNNRLTL-AJ7_BV13-2-CASGEQYEQYF-BJ2-7,83.0,0,0,1,1,1,61,1,1,0,0,7,0,1
BL6-BALBc_HTxB,AV16D/DV11-CAMREINTGNYKYVF-AJ40_BV1-CTCSAAGADTEVFF-BJ1-1,40.0,0,0,0,0,1,2,0,2,0,2,1,12,0
BL6-BALBc_HTxB,AV6-6-CALGSYTGGADRLTF-AJ45_BV13-1-CASSDRGANTGQLYF-BJ2-2,53.0,0,23,1,1,4,1,2,0,0,6,8,3,0
BL6-BALBc_HTxB,AV16D/DV11-CAMRGDNNNRIFF-AJ31_BV13-1-CASSESSYEQYF-BJ2-7,233.0,1,0,4,9,15,274,11,12,0,7,14,3,1
BL6-BALBc_HTxB,AV16/DV11-CAMREGNNNNAPRF-AJ43*p03_BV13-2-CASGENTGQLYF-BJ2-2,234.0,0,2,3,12,1,51,0,9,1,5,12,3,1
BL6-BALBc_HTxB,AV14-1-CAARGDYSNNRLTL-AJ7_BV13-2-CASGDVGGEVFF-BJ1-1,69.0,1,1,0,2,2,95,2,4,0,6,6,1,0
BL6-BALBc_HTxB,AV6-1-CVLGDYSNNRLTL-AJ7_BV13-1-CASAGGEEQYF-BJ2-7,220.0,1,2,5,3,15,14,2,4,0,7,460,4,0
BL6-BALBc_HTxB,AV16D/DV11-CAMRVSNTGYQNFYF-AJ49_BV1-CTCSEDRVYAEQFF-BJ2-1,76.0,0,21,1,3,4,4,0,1,0,4,7,0,2
BL6-BALBc_HTxB,AV12D-1-CALIRNRIFF-AJ31_BV29-CASSPGFNERLFF-BJ1-4,678.0,4,3,5,14,10,16,4,9,0,18,22,6,0
BL6-BALBc_HTxB,AV16D/DV11-CAMRDPYGGSGNKLIF-AJ32_BV1-CTCSAVREDTQYF-BJ2-5,174.0,0,4,0,64,6,5,0,5,0,6,5,5,1
BL6-BALBc_HTxB,AV16/DV11-CAMREDSSNTDKVVF-AJ34*p03_BV5-CASSQDLGGQNTLYF-BJ2-4,334.0,4,10,6,19,29,25,4,8,2,55,967,9,2
BL6-BALBc_HTxB,AV8-1-CATAPDRGSALGRLHF-AJ18_BV1-CTCSATGGGDTEVFF-BJ1-1,295.0,0,5,9,16,13,13,3,8,2,7,18,15,0
BL6-BALBc_HTxB,AV16/DV11-CAMREGTTGFASALTF-AJ35_BV1-CTCSGDRVRLEQYF-BJ2-7,182.0,0,1,0,4,0,2,1,1,0,5,2,1,0
BL6-BALBc_HTxB,AV4D-3-CAAPRTNAYKVIF-AJ30_BV29-CASRGTGGNYEQYF-BJ2-7,141.0,1,1,4,9,1,6,2,0,2,8,6,6,0
BL6-BALBc_HTxB,AV9-4-CAVSPNYAQGLTF-AJ26_BV13-3-CAISGTVTNSDYTF-BJ1-2,330.0,6,0,11,16,9,7,2,6,6,14,19,6,0
BL6-BALBc_HTxB,AV6-4-CALGLTGNTRKLIF-AJ37*p02_BV13-2-CASGNWGGIAEQFF-BJ2-1,360.0,0,17,15,20,36,17,5,10,1,30,31,11,2
BL6-BALBc_HTxB,AV7-3-CAPNTGGADRLTF-AJ45_BV13-2-CASGDAPDNTQYF-BJ2-5,2330.0,2,5,11,19,19,19,7,8,3,19,32,29,0
BL6-BALBc_HTxB,AV6-6-CALGTFSNTDKVVF-AJ34*p03_BV13-1-CASSDVRDSGNTLYF-BJ1-3,57.0,0,0,3,105,3,4,1,4,0,3,3,4,1
BL6-BALBc_HTxB,AV6D-6-CALSRVPNYNVLYF-AJ21*p03_BV4-CASSPASQNTLYF-BJ2-4,209.0,2,2,7,9,7,8,2,3,6,4,29,6,0
BL6-BALBc_HTxB,AV16/DV11-CAMREDSSNTDKVVF-AJ34*p03_BV5-CASSQDLGGQNTLYF-BJ2-4,160.0,1,8,0,6,4,8,1,6,1,9,195,1,1
BL6-BALBc_HTxB,AV10-CAAIMDYANKMIF-AJ47_BV3-CASSAGPQDTQYF-BJ2-5,204.0,1,7,7,55,6,4,1,2,3,13,11,9,1
BL6-BALBc_HTxB,AV6-7/DV9-CALGDQGGGADRLTF-AJ45_BV3-CASSFGTGGYYEQYF-BJ2-7,322.0,2,2,4,6,11,6,1,3,2,94,14,3,0
BL6-BALBc_HTxB,AV1-CAVRDSYAQGLTF-AJ26_BV13-1-CASSDDRVGNTLYF-BJ1-3,98.0,2,1,2,88,5,8,0,4,0,4,5,5,0
BL6-BALBc_HTxB,AV12-2-CALNTGYQNFYF-AJ49_BV13-1-CASSDAGGYEQYF-BJ2-7,307.0,0,1,1,12,19,37,0,5,2,11,17,6,1
BL6-BALBc_HTxB,AV16/DV11-CAMREGGGASSSFSKLVF-AJ50_BV16-CASSLGAGPYEQYF-BJ2-7,87.0,0,5,1,3,5,8,1,1,0,5,5,6,0
BL6-BALBc_HTxB,AV13-1-CAMELSSGSWQLIF-AJ22_BV4-CASSYGEQYF-BJ2-7,113.0,0,0,0,4,5,7,0,1,1,4,153,1,0
BL6-BALBc_HTxB,AV13-1-CAMELSSGSWQLIF-AJ22_BV4-CASSYGEQYF-BJ2-7,88.0,1,2,4,7,16,7,2,2,1,12,300,1,0
BL6-BALBc_HTxB,AV16D/DV11-CAMREDTGGADRLTF-AJ45_BV13-2-CASGDRGANSDYTF-BJ1-2,103.0,0,1,6,6,9,5,0,4,0,1,16,0,0
BL6-BALBc_HTxB,AV6D-6-CALSDNRIFF-AJ31_BV13-1-CASSDPTGAYEQYF-BJ2-7,305.0,2,0,4,7,10,5,1,4,0,13,139,2,1
BL6-BALBc_HTxB,AV7D-3-CAVYQGGRALIF-AJ15_BV13-2-CASGDVLGGYEQYF-BJ2-7,203.0,0,0,53,2,4,10,3,2,0,7,8,3,1
BL6-BALBc_HTxB,AV16D/DV11-CAMRGVNNNTIF-AJ31_BV13-1-CASSESSYEQYF-BJ2-7,79.0,3,4,2,12,8,59,3,5,0,9,15,9,1
BL6-BALBc_HTxB,AV16/DV11-CAMREDQGGSAKLIF-AJ57_BV13-2-CASGGHYEQYF-BJ2-7,1319.0,5,4,6,15,70,24,2,4,1,20,29,8,2
BL6-BALBc_HTxB,AV7D-3-CAVGDSNYQLIW-AJ33_BV13-1-CASSDASHNSGNTLYF-BJ1-3,165.0,2,2,2,2,4,4,0,2,0,3,23,2,0
BL6-BALBc_HTxB,AV16D/DV11-CAMREGEGYANKMIF-AJ47_BV5-CASSQDHLGGTDTQYF-BJ2-5,85.0,1,0,0,3,4,4,0,1,0,3,20,39,0
BL6-BALBc_HTxB,AV16D/DV11-CAMRAHYSNNRLTL-AJ7_BV13-2-CASGEQYEQYF-BJ2-7,236.0,2,2,3,7,12,284,5,10,2,12,25,4,0
BL6-BALBc_HTxB,AV19-CAADQGGSAKLIF-AJ57_BV31-CAWSPGNYAEQFF-BJ2-1,185.0,0,2,1,10,299,4,2,6,0,6,5,4,0
BL6-BALBc_HTxB,AV3D-3-CAVSDPSGSWQLIF-AJ22_BV5-CASSQGSAYEQYF-BJ2-7,187.0,1,2,1,161,6,3,0,3,2,7,10,3,1
BL6-BALBc_HTxB,AV14D-2-CAAMDTNAYKVIF-AJ30_BV13-1-CASSDFGGYQDTQYF-BJ2-5,91.0,1,1,1,4,6,9,0,1,0,2,182,6,1
BL6-BALBc_HTxB,AV5-1-CSASVDYAQGLTF-AJ26_BV31-CAWSPGTQNTLYF-BJ2-4,108.0,0,2,1,13,3,85,1,1,0,1,15,2,0
BL6-BALBc_HTxB,AV6-5-CALSDLYANKMIF-AJ47_BV3-CASSFGTGGYEQYF-BJ2-7,85.0,0,0,3,6,19,7,3,5,1,175,4,2,1
BL6-BALBc_HTxB,AV6-1-CVLGDDNYQLIW-AJ33_BV2-CASSQEQVSNERLFF-BJ1-4,67.0,4,3,1,4,8,4,1,2,2,2,10,12,1
BL6-BALBc_HTxB,AV12-2-CALHTGYQNFYF-AJ49_BV29-CASSLRLGGGEQYF-BJ2-7,28.0,3,9,0,6,2,4,0,0,0,1,13,8,0
BL6-BALBc_HTxB,AV10-CAASMNQGGSAKLIF-AJ57_BV3-CASSLGRGLEQYF-BJ2-7,419.0,4,2,4,19,16,15,5,6,0,35,24,6,0
BL6-BALBc_HTxB,AV12-2-CALSDTYGNEKITF-AJ48_BV13-2-CASGDARGRDYAEQFF-BJ2-1,120.0,0,0,2,9,3,0,1,1,0,5,8,1,0
BL6-BALBc_HTxB,AV6-5-CALSDLYANKMIF-AJ47_BV3-CASSFGTGGYEQYF-BJ2-7,156.0,1,2,6,12,4,4,0,4,0,226,16,2,0
BL6-BALBc_HTxB,AV4-3-CAADYQGGSAKLIF-AJ57_BV2-CASSQERLLGGAETLYF-BJ2-3,243.0,0,2,0,3,4,1,0,1,0,0,5,16,0
BL6-BALBc_HTxB,AV2-CIVTDSYSNNRLTL-AJ7_BV1-CTCSAGRGDAEQFF-BJ2-1,179.0,1,2,1,174,9,5,2,0,0,10,8,4,1
BL6-BALBc_HTxB,AV9-3-CAVSVQGTGSKLSF-AJ58_BV12-2-CASSLNQEDTQYF-BJ2-5,88.0,36,0,2,3,10,1,0,0,0,5,6,1,0
BL6-BALBc_HTxB,AV16/DV11-CAMREGYQNFYF-AJ49_BV13-1-CASSGRNTEVFF-BJ1-1,82.0,2,50,1,2,8,1,3,4,0,3,8,0,1
BL6-BALBc_HTxB,AV10-CAASMNQGGSAKLIF-AJ57_BV3-CASSLGRGLEQYF-BJ2-7,140.0,0,0,5,15,4,5,5,7,0,97,22,9,0
BL6-BALBc_HTxB,AV3-4-CAVMTGGNNKLTF-AJ56_BV29-CASSPGLGGAEQFF-BJ2-1,178.0,6,5,7,3,19,8,8,10,1,16,13,12,1
BL6-BALBc_HTxB,AV13-1-CAANTGANTGKLTF-AJ52_BV17-CASSPGQGHTGQLYF-BJ2-2,202.0,0,0,3,11,13,5,1,3,1,16,16,5,1
BL6-BALBc_HTxB,AV12-2-CALSDLGNYKYVF-AJ40_BV31-CAWSLRLGGSYEQYF-BJ2-7,319.0,3,4,0,12,24,8,2,13,2,17,30,2,0
BL6-BALBc_HTxB,AV6-6-CALGDPPNTDKVVF-AJ34*p03_BV16-CASSPWTTGNTLYF-BJ1-3,1666.0,0,2,2,11,9,13,11,10,1,15,34,4,0
BL6-BALBc_HTxB,AV16D/DV11-CAMRAHYSNNRLTL-AJ7_BV13-2-CASGEQYEQYF-BJ2-7,397.0,1,5,4,18,18,484,5,5,0,6,27,12,0
BL6-BALBc_HTxB,AV16D/DV11-CAMREGNTNTGKLTF-AJ27_BV1-CTCSADGVYAEQFF-BJ2-1,173.0,2,0,3,12,8,15,1,1,0,9,10,142,0
BL6-BALBc_HTxB,AV6-6-CALGDRTGGYKVVF-AJ12_BV5-CASSPPGTGYAEQFF-BJ2-1,134.0,4,1,1,14,15,9,11,7,2,20,24,11,0
BL6-BALBc_HTxB,AV8D-2-CATDHQGGRALIF-AJ15_BV31-CAWVGQGANERLFF-BJ1-4,309.0,1,2,1,5,5,10,14,56,2,5,10,1,0
BL6-BALBc_HTxB,AV16/DV11-CAMREDTGYQNFYF-AJ49_BV13-2-CASGGWGGAQNTLYF-BJ2-4,45.0,1,1,1,1,119,6,0,0,0,3,7,3,0
BL6-BALBc_HTxB,AV7D-2-CAAPYSNYQLIW-AJ33_BV5-CASSSGGVTEVFF-BJ1-1,953.0,0,3,7,20,22,15,2,22,1,14,28,9,2
BL6-BALBc_HTxB,AV8D-2-CATGGGRALIF-AJ15_BV13-2-CASGEQVPNERLFF-BJ1-4,139.0,0,0,0,14,6,2,1,5,2,1,3,1,0
BL6-BALBc_HTxB,AV4-3-CAAEANSAGNKLTF-AJ17*p02_BV13-3-CASSQLAEQFF-BJ2-1,176.0,1,1,3,3,2,1,1,1,0,4,111,3,0
BL6-BALBc_HTxB,AV9-4-CAVRDYGNEKITF-AJ48_BV1-CTCSAVRAEVFF-BJ1-1,87.0,3,4,3,6,12,7,0,1,2,3,7,60,0
BL6-BALBc_HTxB,AV16D/DV11-CAMRDITGNTRKLIF-AJ37*p02_BV4-CASSYGAQYF-BJ2-7,3479.0,4,10,13,32,45,43,6,13,4,37,1198,18,2
BL6-BALBc_HTxB,AV8D-2-CATASSGSWQLIF-AJ22_BV29-CASSSTGTANERLFF-BJ1-4,1181.0,7,7,16,19,30,33,17,19,1,30,82,14,2
BL6-BALBc_HTxB,AV10D-CAASMDYANKMIF-AJ47_BV3-CASSTTGGQDTQYF-BJ2-5,107.0,0,1,3,6,5,4,1,3,0,63,7,2,0
BL6-BALBc_HTxB,AV13-4/DV7-CAMETGGADRLTF-AJ45_BV13-3-CASSDRSQNTLYF-BJ2-4,233.0,1,6,12,10,14,9,14,18,1,21,29,6,1
BL6-BALBc_HTxB,AV3-4-CAVSSGNFYF-AJ49_BV19-CASSIRGSGNTLYF-BJ1-3,428.0,1,5,1,3,6,7,1,0,0,4,10,2,0
BL6-BALBc_HTxB,AV13D-1-CAMANTGNYKYVF-AJ40_BV13-2-CASGEQVPNERLFF-BJ1-4,375.0,0,2,5,55,4,4,1,70,2,6,19,2,0
BL6-BALBc_HTxB,AV13D-2-CAIDTNTGKLTF-AJ27_BV13-3-CASSDADSDYTF-BJ1-2,130.0,0,1,1,3,4,102,1,4,1,4,10,1,0
BL6-BALBc_HTxB,AV16/DV11-CAMRAYGNEKITF-AJ48_BV5-CASSQERGDQNTLYF-BJ2-4,473.0,0,0,5,10,6,4,1,14,0,12,17,7,0
BL6-BALBc_HTxB,AV13D-2-CAIDNNNNRIFF-AJ31_BV20-CGAGQTEVFF-BJ1-1,908.0,5,4,5,21,23,28,5,10,2,29,894,7,2
BL6-BALBc_HTxB,AV16/DV11-CAMREDSSNTDKVVF-AJ34*p03_BV17-CASSPGQNTGQLYF-BJ2-2,135.0,1,14,2,6,4,5,5,1,1,3,9,7,2
BL6-BALBc_HTxB,AV7-5-CAMSLFNNYAQGLTF-AJ26_BV5-CASSQDGTEEVFF-BJ1-1,90.0,10,1,1,5,11,4,1,2,1,7,12,1,0
BL6-BALBc_HTxB,AV19-CAAANTGYQNFYF-AJ49_BV17-CASSRDPWGGSAETLYF-BJ2-3,259.0,0,0,3,1,5,20,2,3,1,3,2,8,0
BL6-BALBc_HTxB,AV3-1-CAVHSNTDKVVF-AJ34*p03_BV13-1-CASSDRDSYAEQFF-BJ2-1,107.0,2,1,0,1,6,3,0,3,1,4,27,0,0
BL6-BALBc_HTxB,AV3-3-CAVSAGNYKYVF-AJ40_BV19-CASSISQNTLYF-BJ2-4,93.0,0,0,16,3,0,1,0,1,0,1,6,2,0
BL6-BALBc_HTxB,AV3-4-CAVSESGFASALTF-AJ35_BV13-3-CASSDPGNTLYF-BJ1-3,1406.0,1,8,16,23,28,16,6,13,0,20,26,22,2
BL6-BALBc_HTxB,AV7-2-CAATGNTRKLIF-AJ37*p02_BV1-CTCSADRDEQYF-BJ2-7,372.0,6,13,8,34,14,18,11,2,3,10,48,87,0
BL6-BALBc_HTxB,AV7-5-CAMKNTGYQNFYF-AJ49_BV29-CASSWGGQDTQYF-BJ2-5,168.0,3,2,12,8,8,7,0,4,3,9,7,11,2
BL6-BALBc_HTxB,AV6D-6-CALSPNSAGNKLTF-AJ17*p02_BV13-2-CASGDARSSDYTF-BJ1-2,451.0,1,0,4,10,19,10,5,9,1,16,30,14,2
BL6-BALBc_HTxB,AV16D/DV11-CAMREDSNYQLIW-AJ33_BV13-2-CASGDVINTEVFF-BJ1-1,78.0,0,1,11,174,7,3,0,0,0,5,7,3,1
BL6-BALBc_HTxB,AV4-3-CAAEADTGNYKYVF-AJ40_BV31-CAWSLWTGVEQYF-BJ2-7,104.0,2,0,13,4,1,3,2,1,2,2,2,2,1
BL6-BALBc_HTxB,AV6D-7-CALSDVGDNSKLIW-AJ38_BV13-1-CASSGGGWAEQFF-BJ2-1,139.0,3,3,4,6,12,12,3,3,0,5,552,3,0
BL6-BALBc_HTxB,AV8-1-CATDASSGSWQLIF-AJ22_BV4-CASTAANTEVFF-BJ1-1,78.0,0,1,1,3,5,2,1,5,1,7,178,1,1
BL6-BALBc_HTxB,AV13-1-CAIMPNYNVLYF-AJ21*p03_BV29-CASSSANSDYTF-BJ1-2,168.0,0,1,4,7,9,7,1,3,1,12,9,1,0
BL6-BALBc_HTxB,AV13D-1-CATRNYQLIW-AJ33_BV1-CTCSVGTGGSTGQLYF-BJ2-2,93.0,2,2,5,11,9,5,1,7,1,4,7,194,1
BL6-BALBc_HTxB,AV7D-2-CAAHRGSALGRLHF-AJ18_BV4-CASSWDTNTEVFF-BJ1-1,182.0,5,3,2,3,7,8,1,1,0,10,7,7,0
BL6-BALBc_HTxB,AV7D-2-CAASDSGTYQRF-AJ13_BV13-1-CASSGGGYAEQFF-BJ2-1,90.0,0,0,0,3,3,3,0,0,0,1,11,0,0
BL6-BALBc_HTxB,AV13-2-CAIGYAQGLTF-AJ26_BV13-3-CASSDGWGGYEQYF-BJ2-7,118.0,2,1,54,5,2,7,1,1,0,3,15,1,0
BL6-BALBc_HTxB,AV6-6-CALGDRGQQGTGSKLSF-AJ58_BV1-CTCSALNYAEQFF-BJ2-1,315.0,1,2,5,63,6,9,0,3,0,15,11,2,0
BL6-BALBc_HTxB,AV16D/DV11-CAMRAHYSNNRLTL-AJ7_BV13-2-CASGEQYEQYF-BJ2-7,44.0,3,0,1,5,3,95,0,1,0,0,4,3,0
BL6-BALBc_HTxB,AV16D/DV11-CAMREGLGGSNYKLTF-AJ53_BV1-CTCSAGGSQDTQYF-BJ2-5,477.0,3,14,5,11,21,14,3,9,5,11,33,27,0
BL6-BALBc_HTxB,AV17-CALEGSNTDKVVF-AJ34*p03_BV13-2-CASGGFRDRGTEVFF-BJ1-1,260.0,0,1,3,9,3,4,1,3,0,1,9,1,0
BL6-BALBc_HTxB,AV16D/DV11-CAMREGSGNTRKLIF-AJ37*p02_BV13-2-CASGGVNTEVFF-BJ1-1,760.0,2,5,8,20,901,24,9,8,2,20,34,8,0
BL6-BALBc_HTxB,AV16D/DV11-CAMREDTGYQNFYF-AJ49_BV13-2-CASGGWGGSQNTLYF-BJ2-4,541.0,0,0,3,13,322,10,1,6,3,8,17,4,0
BL6-BALBc_HTxB,AV7-5-CAKASSSFSKLVF-AJ50_BV29-CAGSGGDTQYF-BJ2-5,491.0,1,3,3,7,10,4,6,2,2,6,16,8,0
BL6-BALBc_HTxB,AV13D-2-CAIDPNYNVLYF-AJ21*p03_BV13-3-CASSGTGGNEQYF-BJ2-7,140.0,0,0,3,1,8,161,6,3,1,9,14,9,2
BL6-BALBc_HTxB,AV14-3-CAANSGGSNAKLTF-AJ42_BV29-CAIRDIQDTQYF-BJ2-5,116.0,0,1,2,5,0,2,0,2,0,1,2,42,0
BL6-BALBc_HTxB,AV16D/DV11-CAMRDTNAYKVIF-AJ30_BV13-2-CASGDVGGGQNTLYF-BJ2-4,267.0,1,1,2,5,12,19,0,3,1,11,16,1,0
BL6-BALBc_HTxB,AV7-4-CADNTNTGKLTF-AJ27_BV12-2-CASSLEQGEDTQYF-BJ2-5,220.0,134,0,1,7,16,4,3,1,2,6,6,2,0
BL6-BALBc_HTxB,AV11-CVVGADNNAGAKLTF-AJ39_BV13-3-CASSDAGLGGINTGQLYF-BJ2-2,171.0,10,5,15,9,2,9,0,3,7,12,83,30,0
BL6-BALBc_HTxB,AV1-CAVRLMPNYNVLYF-AJ21*p03_BV4-CASSPSSYEQYF-BJ2-7,54.0,1,5,4,5,3,1,0,5,0,17,2,6,0
BL6-BALBc_HTxB,AV7-3-CAVLPGTGSNRLTF-AJ28_BV14-CASSLPGQGFYEQYF-BJ2-7,97.0,1,5,0,4,5,5,2,0,0,1,9,6,0
BL6-BALBc_HTxB,AV16D/DV11-CAMREEDSNYQLIW-AJ33_BV13-1-CASKGDRYAEQFF-BJ2-1,1253.0,2,2,8,18,13,6,2,1,2,15,19,1,0
BL6-BALBc_HTxB,AV9-2-CAAMNNNAGAKLTV-AJ39_BV13-2-CASGEQVPNERLFF-BJ1-4,169.0,0,2,1,37,2,2,1,40,0,3,8,1,0
BL6-BALBc_HTxB,AV16/DV11-CAMRENQGGSAKLIF-AJ57_BV29-CASSLTGGEQYF-BJ2-7,79.0,0,1,1,9,1,3,0,2,1,5,14,1,0
BL6-BALBc_HTxB,AV2-CIVTDSYSNNRLTL-AJ7_BV1-CTCSAGRGDAEQFF-BJ2-1,231.0,1,0,6,179,8,11,1,6,0,3,10,2,2
BL6-BALBc_HTxB,AV8-1-CATDYAQGLTF-AJ26_BV1-CTCSADMRETLYF-BJ2-3,116.0,0,0,4,147,6,16,2,0,2,2,13,2,0
BL6-BALBc_HTxB,AV8-1-CAVPGTGSNRLTF-AJ28_BV13-1-CASSDATNSDYTF-BJ1-2,210.0,0,4,2,10,12,7,2,11,1,3,14,14,2
BL6-BALBc_HTxB,AV13-2-CAIGYAQGLTF-AJ26_BV13-3-CASSDGWGGYEQYF-BJ2-7,1323.0,4,1,74,20,17,12,1,6,0,20,27,17,1
BL6-BALBc_HTxB,AV7D-3-CAVDQGGRALIF-AJ15_BV13-2-CASGETGGRDTGQLYF-BJ2-2,281.0,0,11,6,7,11,12,2,7,0,10,11,3,0
BL6-BALBc_HTxB,AV19-CAAEGGADRLTF-AJ45_BV13-2-CASGQDISYNSPLYF-BJ1-6,294.0,1,1,6,3,7,11,6,1,2,7,119,3,2
BL6-BALBc_HTxB,AV16D/DV11-CAMREANSGTYQRF-AJ13_BV1-CTCSADKVYAEQFF-BJ2-1,126.0,1,9,4,120,5,10,1,1,2,6,9,2,0
BL6-BALBc_HTxB,AV3-3-CAVSANAGAKLTF-AJ39_BV1-CTFSAGQGAITEVFF-BJ1-1,1955.0,0,1,4,3,8,7,5,3,2,18,26,8,1
BL6-BALBc_HTxB,AV19-CAAANTGYQNFYF-AJ49_BV17-CASSRDPWGGSAETLYF-BJ2-3,79.0,6,3,4,2,7,35,8,4,11,9,37,9,0
BL6-BALBc_HTxB,AV16D/DV11-CAMREGDNNNRIFF-AJ31_BV13-2-CASGDGTGDSDYTF-BJ1-2,51.0,0,2,5,1,0,0,0,5,1,2,0,0,0
BL6-BALBc_HTxB,AV4-3-CAGTGNTRKLIF-AJ37*p02_BV13-1-CASSAGTGYAEQFF-BJ2-1,413.0,0,22,147,10,8,7,102,7,0,12,21,3,0
BL6-BALBc_HTxB,AV7-4-CAASEHNNNAPRF-AJ43*p03_BV17-CASSPGQNTGQLYF-BJ2-2,88.0,0,1,14,3,12,9,10,0,0,8,3,7,0
BL6-BALBc_HTxB,AV13-1-CAANTGANTGKLTF-AJ52_BV17-CASSPGQGHTGQLYF-BJ2-2,37.0,1,1,8,3,10,1,6,3,0,1,1,3,0
BL6-BALBc_HTxB,AV16/DV11-CAMREDSSNTDKVVF-AJ34*p03_BV5-CASSQDLGGQNTLYF-BJ2-4,137.0,0,0,6,8,13,11,0,2,1,35,664,3,1
BL6-BALBc_HTxB,AV16D/DV11-CAMRDTNAYKVIF-AJ30_BV13-2-CASGDVGGGQNTLYF-BJ2-4,60.0,1,0,0,0,0,1,4,2,0,1,7,2,0
BL6-BALBc_HTxB,AV13-1-CAMELSSGSWQLIF-AJ22_BV4-CASSYGEQYF-BJ2-7,842.0,4,8,11,16,19,21,2,19,1,15,272,10,2
BL6-BALBc_HTxB,AV16D/DV11-CAMREGNTGNYKYVF-AJ40_BV13-2-CASGDLYEQYF-BJ2-7,140.0,1,1,5,9,88,8,8,8,1,15,17,4,0
BL6-BALBc_HTxB,AV4-3-CAAASSSFSKLVF-AJ50_BV13-2-CASGEGRSYEQYF-BJ2-7,238.0,0,4,9,10,5,6,6,1,2,6,38,12,2
BL6-BALBc_HTxB,AV16/DV11-CAMREDTGYQNFYF-AJ49_BV19-CASSPDWVSAETLYF-BJ2-3,1315.0,0,2,5,13,10,12,3,32,0,26,24,8,1
BL6-BALBc_HTxB,AV9-3-CAASSNTDKVVF-AJ34*p03_BV1-CTCSADRDEQYF-BJ2-7,42.0,7,1,6,3,14,3,2,3,3,7,15,3,1
BL6-BALBc_HTxB,AV3-3-CAVSEGRGSALGRLHF-AJ18_BV1-CTCSAGGDYAEQFF-BJ2-1,151.0,1,1,4,14,7,2,1,5,0,3,10,24,1
BL6-BALBc_HTxB,AV3-1-CAVTNSAGNKLTF-AJ17*p02_BV13-1-CASSGGYAQQFF-BJ2-1,442.0,4,9,7,27,18,14,6,6,4,26,161,23,0
BL6-BALBc_HTxB,AV16/DV11-CAMREDTGYQNFYF-AJ49_BV13-2-CASRPGSYEQYF-BJ2-7,90.0,0,1,2,19,209,6,1,3,0,3,9,6,2
BL6-BALBc_HTxB,AV1-CAVRDLGTGGYKVVF-AJ12_BV1-CTCSEGRAQNTLYF-BJ2-4,161.0,1,0,2,15,1,6,2,3,0,2,15,3,0
BL6-BALBc_HTxB,AV3D-3-CAVGSSGSWQLIF-AJ22_BV13-1-CASVTGTEVFF-BJ1-1,224.0,1,0,3,4,2,3,1,3,1,6,27,7,0
BL6-BALBc_HTxB,AV9D-3-CAVSPDTNAYKVIF-AJ30_BV13-1-CASSDDRVGNTLYF-BJ1-3,82.0,0,1,14,1,2,1,0,1,0,2,2,1,1
BL6-BALBc_HTxB,AV13D-3-CAMRTNSAGNKLTF-AJ17*p02_BV13-2-CASGTTYEQYF-BJ2-7,40.0,0,1,0,9,5,3,0,0,0,297,5,2,0
BL6-BALBc_HTxB,AV16D/DV11-CAMREDSGYNKLTF-AJ11*p02_BV13-2-CASGTTYEQYF-BJ2-7,178.0,0,4,5,9,11,13,5,4,0,154,12,6,0
BL6-BALBc_HTxB,AV4-3-CAADNNAGAKLTF-AJ39_BV13-1-CASSDARYAEQFF-BJ2-1,272.0,1,1,12,89,15,16,2,12,0,7,26,4,0
BL6-BALBc_HTxB,AV12D-2-CALSDRTGGYKVVF-AJ12_BV2-CASSQDRTGGNQDTQYF-BJ2-5,93.0,1,0,0,61,6,5,0,5,0,3,11,2,0
BL6-BALBc_HTxB,AV7-3-CAPDSGYNKLTF-AJ11*p02_BV3-CASSLGLDAEQFF-BJ2-1,137.0,0,2,6,3,1,4,3,0,0,16,12,4,0
BL6-BALBc_HTxB,AV6D-7-CALRYGGSGNKLIF-AJ32_BV3-CASSLGTGDTQYF-BJ2-5,147.0,0,1,1,9,5,9,0,3,0,178,6,1,0
BL6-BALBc_HTxB,AV3-3-CAVDTNAYKVIF-AJ30_BV13-2-CASGDGGREQYF-BJ2-7,196.0,6,5,4,3,2,8,8,3,5,8,70,9,0
BL6-BALBc_HTxB,AV3-3-CAVDTNAYKVIF-AJ30_BV13-2-CASGDGGREQYF-BJ2-7,172.0,1,0,3,6,7,5,6,6,2,21,8,8,0
BL6-BALBc_HTxB,AV6-6-CALGTFSNTDKVVF-AJ34*p03_BV13-1-CASSDVRDSGNTLYF-BJ1-3,58.0,1,0,2,39,3,0,1,0,0,2,6,1,0
BL6-BALBc_HTxB,AV6-3-CAMSNYQLIW-AJ33_BV13-1-CASSAGGEQYF-BJ2-7,307.0,1,0,2,10,7,30,5,3,0,4,8,2,0
BL6-BALBc_HTxB,AV10-CAASRMGYKLTF-AJ9_BV5-CASSQVAEGNQAPLF-BJ1-5,275.0,3,0,4,6,8,9,1,4,0,12,9,5,0
BL6-BALBc_HTxB,AV16D/DV11-CAMREGSGNTRKLIF-AJ37*p02_BV13-2-CASGGVNTEVFF-BJ1-1,67.0,0,2,1,3,158,8,0,2,0,4,4,2,0
BL6-BALBc_HTxB,AV6-1-CVLGDYSNNRLTL-AJ7_BV13-1-CASAGGEEQYF-BJ2-7,257.0,0,1,3,9,8,9,1,3,0,7,338,6,0
BL6-BALBc_HTxB,AV16D/DV11-CAMRAHYSNNRLTL-AJ7_BV13-2-CASGEQYEQYF-BJ2-7,116.0,2,0,0,5,3,122,0,2,1,13,5,3,0
BL6-BALBc_HTxB,AV13D-4-CAMDTGYQNFYF-AJ49_BV5-CASSQDSNTEVFF-BJ1-1,126.0,1,4,1,2,16,10,3,2,0,7,9,5,0
BL6-BALBc_HTxB,AV16/DV11-CAMREGGNNNAPRF-AJ43*p03_BV13-1-CASSEGQGNSDYTF-BJ1-2,379.0,1,1,4,5,4,72,0,1,1,1,6,2,0
BL6-BALBc_HTxB,AV13-1-CAMDASSGSWQLIF-AJ22_BV4-CASRSDWGGYEQYF-BJ2-7,173.0,1,0,1,4,1,1,0,1,0,1,1,0,0
BL6-BALBc_HTxB,AV9D-3-CAVSPDTNAYKVIF-AJ30_BV13-2-CASGDWGRGEQYF-BJ2-7,240.0,1,4,70,8,17,9,5,0,2,9,13,14,0
BL6-BALBc_HTxB,AV10D-CAASMDTGYQNFYF-AJ49_BV3-CASSLAREYEQYF-BJ2-7,22.0,0,0,0,0,0,1,0,0,0,30,0,2,0
BL6-BALBc_HTxB,AV4D-3-CAAENNNNRIFF-AJ31_BV13-3-CASSESPGGIEQYF-BJ2-7,85.0,0,2,5,9,3,1,0,2,0,1,3,15,0
BL6-BALBc_HTxB,AV16/DV11-CAMREGNTGYQNFYF-AJ49_BV13-2-CASGRGAGNTLYF-BJ1-3,64.0,4,7,2,3,14,61,1,32,2,1,7,1,0
BL6-BALBc_HTxB,AV9-3-CAAVDTNAYKVIF-AJ30_BV13-1-CASEGGDTEVFF-BJ1-1,279.0,3,4,7,10,3,6,5,4,0,15,22,15,0
BL6-BALBc_HTxB,AV8D-1-CATDPSSGSWQLIF-AJ22_BV4-CGSSFNERLFF-BJ1-4,54.0,1,0,0,3,11,1,0,0,0,5,25,0,0
BL6-BALBc_HTxB,AV16D/DV11-CAMREGEGGRALIF-AJ15_BV13-2-CASGEGTYTGQLYF-BJ2-2,61.0,0,2,3,5,361,8,3,0,1,3,7,1,0
BL6-BALBc_HTxB,AV3D-3-CAVRSSGSWQLIF-AJ22_BV13-3-CASSNRDNNTLYF-BJ2-4,133.0,8,7,11,6,6,6,4,7,3,4,57,5,0
BL6-BALBc_HTxB,AV5-1-CSASSASSGSWQLIF-AJ22_BV3-CASSPGTENTEVFF-BJ1-1,72.0,1,1,9,3,4,3,9,2,0,6,9,6,1
BL6-BALBc_HTxB,AV15D-2/DV6D-2-CALSELGPNTGKLTF-AJ27_BV17-CASSRDPWGGSAETLYF-BJ2-3,81.0,0,0,5,2,2,25,5,1,0,0,4,2,0
BL6-BALBc_HTxB,AV3-3-CAVSAGGADRLTF-AJ45_BV14-CASSTGYEQYF-BJ2-7,387.0,9,4,20,18,17,9,4,0,3,6,37,11,0
BL6-BALBc_HTxB,AV12-2-CALSEDTGYQNFYF-AJ49_BV16-CASSLADWGEDTQYF-BJ2-5,120.0,6,2,0,2,5,3,9,4,0,1,8,1,2
BL6-BALBc_HTxB,AV8-1-CLSSGSWQLIF-AJ22_BV13-3-CASSDSQANTGQLYF-BJ2-2,886.0,2,4,13,13,13,11,7,11,3,11,14,4,0
BL6-BALBc_HTxB,AV16/DV11-CAMREGYQNFYF-AJ49_BV13-1-CASSGRNTEVFF-BJ1-1,994.0,1,13,2,7,15,6,2,4,1,13,17,3,0
BL6-BALBc_HTxB,AV4D-2-CAAEADTGNFKYVF-AJ40_BV17-CASSSQVPNTGQLYF-BJ2-2,214.0,4,3,8,5,12,11,0,3,0,4,13,0,0
BL6-BALBc_HTxB,AV19-CAAANTGYQNFYF-AJ49_BV17-CASSRDPWGGSAETLYF-BJ2-3,249.0,5,3,9,5,14,66,3,5,4,5,17,10,0
BL6-BALBc_HTxB,AV8-2-CATSGGSNAK-AJ42_BV3-CASSLGRGLEQYF-BJ2-7,309.0,4,6,7,17,8,6,2,5,1,18,64,3,1
BL6-BALBc_HTxB,AV3-1-CAVASYAQGLTF-AJ26_BV1-CTCSESGQSQNTLYF-BJ2-4,251.0,1,3,0,7,2,5,2,6,1,1,18,8,0
BL6-BALBc_HTxB,AV7D-2-CAPPHQGGRALIF-AJ15_BV13-3-CASSGTIAETLYF-BJ2-3,283.0,0,0,2,3,37,5,1,5,0,4,6,2,0
BL6-BALBc_HTxB,AV16/DV11-CAMREGNTGYQNFYF-AJ49_BV13-2-CASGRGAGNTLYF-BJ1-3,85.0,0,0,2,3,4,24,1,15,0,2,8,3,0
BL6-BALBc_HTxB,AV6-6-CALSNYGNEKITF-AJ48_BV1-CTCSADRRDYAEQFF-BJ2-1,394.0,1,56,4,5,6,10,1,2,3,4,12,4,0
BL6-BALBc_HTxB,AV16/DV11-CAMREDSSNTDKVVF-AJ34*p03_BV5-CASSQDLGGQNTLYF-BJ2-4,191.0,0,0,3,4,6,5,4,3,0,10,372,8,0
BL6-BALBc_HTxB,AV14-1-CAARGDNNRIFF-AJ31_BV1-CTCSANRVDNQAPLF-BJ1-5,287.0,1,5,1,35,7,8,1,5,2,6,16,5,0
BL6-BALBc_HTxB,AV16D/DV11-CAMREGSSGSWQLIF-AJ22_BV13-2-CASGERTGSYEQYF-BJ2-7,1395.0,1,2,10,16,14,13,0,7,3,9,30,14,0
BL6-BALBc_HTxB,AV6D-6-CALSDRGTNTGKLTF-AJ27_BV29-CASTPGLQDTQYF-BJ2-5,285.0,4,9,16,18,20,11,4,8,1,14,27,20,0
BL6-BALBc_HTxB,AV6-6-CALGDQANTDKVVF-AJ34*p03_BV14-CASSLGVNTEVFF-BJ1-1,96.0,1,0,0,2,3,5,36,3,0,5,1,0,0
BL6-BALBc_HTxB,AV6D-6-CALSDGGSNYKLTF-AJ53_BV13-3-CASSDLGAEQYF-BJ2-7,166.0,0,1,2,11,9,207,2,4,1,10,12,10,0
BL6-BALBc_HTxB,AV16/DV11-CAMRENTGANTGKLTF-AJ52_BV13-3-CASSSGGVKAEQFF-BJ2-1,83.0,0,1,5,1,96,8,2,1,0,1,0,0,0
BL6-BALBc_HTxB,AV6D-6-CALSDYGGSGNKLIF-AJ32_BV13-3-CASSETGGYEQYF-BJ2-7,264.0,0,2,2,10,6,87,5,1,0,10,9,3,0
BL6-BALBc_HTxB,AV9-3-CAVRNYAQGLTF-AJ26_BV29-CASSRDRGLTGQLYF-BJ2-2,211.0,1,1,2,10,3,4,2,0,0,6,12,4,0
BL6-BALBc_HTxB,AV16/DV11-CAMRENTGYQNFYF-AJ49_BV3-CASSLELGGAETLYF-BJ2-3,604.0,3,3,1,14,19,8,2,89,0,7,17,7,1
BL6-BALBc_HTxB,AV16D/DV11-CAMREDNNNAPRF-AJ43*p03_BV13-1-CASSDLYEQYF-BJ2-7,58.0,0,1,2,3,23,5,7,3,0,4,5,1,0
BL6-BALBc_HTxB,AV16D/DV11-CAMREGNTNTGKLTF-AJ27_BV1-CTCSADGVYAEQFF-BJ2-1,237.0,0,7,5,8,8,7,2,0,0,7,14,113,0
BL6-BALBc_HTxB,AV16/DV11-CAMREGSGGSNYKLTF-AJ53_BV5-CASSQDTAWGYAEQFF-BJ2-1,240.0,26,0,1,3,10,5,0,5,0,7,9,4,0
BL6-BALBc_HTxB,AV13D-2-CAIDPNYNVLYF-AJ21*p03_BV13-3-CASSGTGGNEQYF-BJ2-7,207.0,1,0,1,4,3,81,6,0,1,1,19,4,0
BL6-BALBc_HTxB,AV2-CIVTDSYSNNRLTL-AJ7_BV1-CTCSAGRGDAEQFF-BJ2-1,120.0,0,1,1,129,6,1,1,0,0,5,11,1,0
BL6-BALBc_HTxB,AV6-6-CALGDLGSWQLIF-AJ22_BV4-CASSYAEQFF-BJ2-1,473.0,3,2,6,16,14,6,2,5,2,7,99,5,0
BL6-BALBc_HTxB,AV16/DV11-CAMREGNTGYQNFYF-AJ49_BV13-2-CASGRGAGNTLYF-BJ1-3,144.0,0,0,1,3,2,24,1,11,0,3,5,0,0
BL6-BALBc_HTxB,AV19-CAADSNTDKVVF-AJ34*p03_BV13-2-CASGERDIYAEQFF-BJ2-1,136.0,2,1,2,5,8,65,15,1,0,5,5,6,0
BL6-BALBc_HTxB,AV9-3-CAVFRGTGANTGKLTF-AJ52_BV29-CASSWGTVYEQYF-BJ2-7,274.0,8,4,5,9,9,11,3,3,0,25,19,17,0
BL6-BALBc_HTxB,AV7-1-CAVSGQGGRALIF-AJ15_BV13-3-CASSDTGFTEVFF-BJ1-1,143.0,0,1,9,1,3,0,0,2,0,3,6,5,1
BL6-BALBc_HTxB,AV13D-1-CAMANTGNYKYVF-AJ40_BV13-2-CASGGIYEQYF-BJ2-7,179.0,1,1,2,5,165,3,0,1,0,6,11,2,0
BL6-BALBc_HTxB,AV6D-6-CALSERGSALGRLHF-AJ18_BV29-CASSLNTGQLYF-BJ2-2,878.0,3,2,6,10,12,13,1,5,1,20,14,7,1
BL6-BALBc_HTxB,AV16D/DV11-CAMREDSSNTDKVVF-AJ34*p03_BV13-2-CASGAVYEQYF-BJ2-7,92.0,0,2,0,4,4,2,1,1,0,16,2,6,0
BL6-BALBc_HTxB,AV8-1-CATDASSGSWQLIF-AJ22_BV4-CASTAANTEVFF-BJ1-1,1742.0,3,1,9,9,16,12,7,10,1,13,320,9,0
BL6-BALBc_HTxB,AV6-1-CVLAPSSGSWQLIF-AJ22_BV19-CASSIVRVAETLYF-BJ2-3,77.0,5,1,0,7,2,6,0,1,3,1,16,4,0
BL6-BALBc_HTxB,AV3-4-CAVTGATGGNNKLTF-AJ56_BV13-2-CASGSGNTGQLYF-BJ2-2,213.0,2,2,5,10,11,6,6,3,2,6,14,7,0
BL6-BALBc_HTxB,AV7-2-CAATGNTRKLIF-AJ37*p02_BV4-CASSLGNYAEQFF-BJ2-1,137.0,1,4,7,24,15,8,1,5,0,447,20,6,0
BL6-BALBc_HTxB,AV16D/DV11-CAMRAHYSNNRLTL-AJ7_BV13-2-CASGEQYEQYF-BJ2-7,223.0,1,1,7,10,11,312,2,2,2,12,22,1,1
BL6-BALBc_HTxB,AV2-CIVTDSYSNNRLTL-AJ7_BV1-CTCSAGRGDPEQFF-BJ2-1,166.0,1,6,8,263,8,7,4,3,1,13,8,3,1
BL6-BALBc_HTxB,AV4-3-CAAEADTGNYKYVF-AJ40_BV31-CAWSLWTGVEQYF-BJ2-7,71.0,1,0,97,4,4,5,0,0,2,5,4,1,0
BL6-BALBc_HTxB,AV9-1-CAVREDMGYKLTF-AJ9_BV13-2-CASGDGGALEQYF-BJ2-7,547.0,2,0,9,120,13,15,6,5,0,16,50,3,1
BL6-BALBc_HTxB,AV16/DV11-CAMREGTSSFSKLVF-AJ50_BV16-CASSPTVYEQYF-BJ2-7,106.0,0,3,1,0,4,3,0,2,0,9,3,1,0
BL6-BALBc_HTxB,AV9-4-CAVGNYKYVF-AJ40_BV29-CASSLGQSYEQYF-BJ2-7,58.0,0,0,2,1,3,5,0,1,0,9,12,1,0
BL6-BALBc_HTxB,AV7-3-CAVILSSGSWQLIF-AJ22_BV20-CGARDRRVDTLYF-BJ2-4,198.0,0,0,3,4,3,4,0,3,2,5,24,0,0
BL6-BALBc_HTxB,AV9-4-CAVSGGSNAKLTF-AJ42_BV29-CASSLGQAYEQYF-BJ2-7,4820.0,2,2,7,31,23,27,3,8,0,19,33,12,2
BL6-BALBc_HTxB,AV13D-4-CAMDTGYQNFYF-AJ49_BV5-CASSQDSNTEVFF-BJ1-1,119.0,2,0,2,7,9,3,5,5,2,4,12,11,1
BL6-BALBc_HTxB,AV4-3-CAAEASSSFSKLVF-AJ50_BV4-CASSRTGSGNTLYF-BJ1-3,1774.0,6,7,6,14,21,15,5,15,4,14,57,9,2
BL6-BALBc_HTxB,AV9-1-CAVREDMGYKLTF-AJ9_BV13-2-CASGDGGALEQYF-BJ2-7,159.0,1,1,3,46,1,1,1,3,0,5,29,3,0
BL6-BALBc_HTxB,AV8-1-CATDGGSALGRLHF-AJ18_BV1-CTCSADPETETLYF-BJ2-3,114.0,0,0,1,4,1,6,4,1,0,7,5,102,1
BL6-BALBc_HTxB,AV5-1-CSASVDYAQGLTF-AJ26_BV31-CAWSPGTQNTLYF-BJ2-4,260.0,0,1,6,6,6,12,1,1,1,6,7,0,2
BL6-BALBc_HTxB,AV9D-1-CAASSPDYSNNRLTL-AJ7_BV19-CASTGGGNTEVFF-BJ1-1,266.0,1,4,6,8,12,13,8,8,0,5,9,9,2
BL6-BALBc_HTxB,AV16D/DV11-CAMREGLGGSGNKLIF-AJ32_BV1-CTCSADRTKNEQYF-BJ2-7,748.0,2,2,3,121,11,10,4,5,1,22,15,6,0
BL6-BALBc_HTxB,AV4-3-CAAEAYAQGLTF-AJ26_BV13-3-CASRDTSSYEQYF-BJ2-7,84.0,4,5,4,9,15,6,6,17,7,23,17,21,0
BL6-BALBc_HTxB,AV12-1-CALSDPSNTDKVVF-AJ34*p03_BV13-1-CASSPHYNYAEQFF-BJ2-1,98.0,0,0,0,2,1,2,0,1,0,4,50,1,0
BL6-BALBc_HTxB,AV8-1-CATDASSGSWQLIF-AJ22_BV4-CASTAANTEVFF-BJ1-1,234.0,1,1,3,11,17,11,2,9,0,13,387,3,2
BL6-BALBc_HTxB,AV9D-3-CAVSPDTNAYKVIF-AJ30_BV13-2-CASGDWGRGEQYF-BJ2-7,67.0,0,0,54,0,1,1,1,0,0,0,4,2,0
BL6-BALBc_HTxB,AV14D-1-CAARLTGGNNKLTF-AJ56_BV14-CASSFWGNSDYTF-BJ1-2,92.0,1,6,2,7,2,2,0,7,0,5,2,5,0
BL6-BALBc_HTxB,AV1-CAVRVSYAQGLTF-AJ26_BV13-2-CASGDGGVQDTQYF-BJ2-5,907.0,1,2,0,7,6,27,0,0,1,3,4,2,1
BL6-BALBc_HTxB,AV6-4-CALVEGGGSGNKLIF-AJ32_BV5-CASSPHWDYAEQFF-BJ2-1,260.0,0,1,2,4,5,3,2,1,0,7,5,11,1
BL6-BALBc_HTxB,AV16D/DV11-CAMREVMNTGGLSGKLTF-AJ2_BV1-CTCSRGQDSYEQYF-BJ2-7,216.0,0,1,5,11,8,7,0,4,0,8,15,12,0
BL6-BALBc_HTxB,AV7-3-CAVTGGYKVVF-AJ12_BV14-CASSTRYEQYF-BJ2-7,125.0,2,4,5,4,19,29,2,2,11,3,44,2,0
BL6-BALBc_HTxB,AV7D-3-CAVSMDYANKMIF-AJ47_BV13-1-CASSLGVQDTQYF-BJ2-5,80.0,0,0,2,8,6,0,1,3,0,3,4,3,0
BL6-BALBc_HTxB,AV9-4-CASNNNNAPRF-AJ43*p03_BV16-CASSLVGGSNTEVFF-BJ1-1,64.0,1,0,1,1,4,2,3,2,0,8,6,0,0
BL6-BALBc_HTxB,AV3D-3-CAVSDDTNAYKVIF-AJ30_BV5-CASSQDRTGGFAEQFF-BJ2-1,261.0,2,3,1,81,12,6,4,3,1,3,13,1,0
BL6-BALBc_HTxB,AV16D/DV11-CAMREGEGYANKMIF-AJ47_BV5-CASSQDHLGGTDTQYF-BJ2-5,118.0,0,1,1,5,9,4,0,8,0,6,7,147,0
BL6-BALBc_HTxB,AV12-1-CALSDPSNTDKVVF-AJ34*p03_BV13-1-CASSPHYNYAEQFF-BJ2-1,133.0,0,0,10,14,11,11,1,2,1,10,242,6,0
BL6-BALBc_HTxB,AV5D-4-CAASGGSGNKLIF-AJ32_BV13-1-CASSAGYAEQFF-BJ2-1,123.0,2,0,0,4,6,6,0,1,0,3,126,0,0
BL6-BALBc_HTxB,AV7-5-CAMSLFNNYAQGLTF-AJ26_BV5-CASSQDGTEEVFF-BJ1-1,84.0,13,0,5,9,17,8,2,6,3,9,54,10,0
BL6-BALBc_HTxB,AV7D-2-CAATNSGGSNAKLTF-AJ42_BV13-2-CASGDAGSDYTF-BJ1-2,87.0,0,1,0,1,0,4,9,0,0,2,1,1,0
BL6-BALBc_HTxB,AV12D-2-CALSVSSNTDKVVF-AJ34*p03_BV13-2-CASGDHAEQFF-BJ2-1,311.0,1,1,1,14,17,6,0,2,0,10,11,3,0
BL6-BALBc_HTxB,AV16D/DV11-CAMREETGANTGKLTF-AJ52_BV3-CASSLDGGSAETLYF-BJ2-3,80.0,0,0,1,5,9,3,5,1,0,49,41,1,2
BL6-BALBc_HTxB,AV3-4-CAVSAEDYANKMIF-AJ47_BV13-1-CASSDVGGLNTGQLYF-BJ2-2,77.0,0,3,1,4,4,171,2,1,3,6,6,8,0
BL6-BALBc_HTxB,AV3-3-CAVSLATSSGQKLVF-AJ16*p02_BV5-CASSQDRGDERLFF-BJ1-4,82.0,0,13,0,9,1,3,1,1,0,4,40,1,1
BL6-BALBc_HTxB,AV6-1-CVLGEDSGYNKLTF-AJ11*p02_BV17-CASSRVGGEQYF-BJ2-7,101.0,1,2,3,4,10,62,2,5,0,9,11,4,0
BL6-BALBc_HTxB,AV7D-2-CAASGYQGGRALIF-AJ15_BV4-CASTAANTEVFF-BJ1-1,1942.0,6,4,14,32,30,42,6,12,0,32,440,19,1
BL6-BALBc_HTxB,AV7-5-CAMSHLPGTGSNRLTF-AJ28_BV13-1-CASSDAGQGSGNTLYF-BJ1-3,71.0,2,7,4,7,7,16,7,3,0,4,12,9,0
BL6-BALBc_HTxB,AV6-1-CVLVPSSGSWQLIF-AJ22_BV13-3-CASSDQNSDYTF-BJ1-2,96.0,2,1,1,4,1,8,4,1,2,26,5,5,0
BL6-BALBc_HTxB,AV12D-1-CALSETGGNNKLTF-AJ56_BV1-CTCSADPGWEQYF-BJ2-7,130.0,0,1,4,10,18,12,0,5,1,11,12,7,0
BL6-BALBc_HTxB,AV3-4-CAVSAEDYANKMIF-AJ47_BV13-1-CASSDVGGLNTGQLYF-BJ2-2,251.0,4,4,5,12,12,241,10,9,1,17,23,8,0
BL6-BALBc_HTxB,AV1-CAVRDQGDSNYQLIW-AJ33_BV2-CASSQDSGGVAETLYF-BJ2-3,77.0,1,2,16,8,16,5,0,16,0,6,24,29,0
BL6-BALBc_HTxB,AV8D-1-CATDDRGSALGRLHF-AJ18_BV1-CTCSPTGGDTEVFF-BJ1-1,198.0,1,4,5,16,17,11,3,7,2,6,26,66,1
BL6-BALBc_HTxB,AV5D-4-CAASYMGYKLTF-AJ9_BV13-2-CASGDAEYEQYF-BJ2-7,494.0,1,0,10,7,7,3,1,2,2,8,12,4,1
BL6-BALBc_HTxB,AV13-1-CAMELSSGSWQLIF-AJ22_BV4-CASSYGEQYF-BJ2-7,121.0,0,0,4,11,7,8,0,4,0,10,88,2,0
BL6-BALBc_HTxB,AV7D-3-CAVSNYAQGLTF-AJ26_BV13-2-CASSGTTEVFF-BJ1-1,794.0,2,4,12,20,16,27,4,4,2,23,32,17,0
BL6-BALBc_HTxB,AV3-1-CAVSDGTNAYKVIF-AJ30_BV13-2-CASGDAGRVEVFF-BJ1-1,223.0,5,1,5,7,2,7,110,0,0,7,8,3,0
BL6-BALBc_HTxB,AV16/DV11-CAMREGNSGGSNYKLTF-AJ53_BV12-2-CASSPDWGQDTQYF-BJ2-5,260.0,0,3,1,1,71,14,0,2,0,4,4,2,0
BL6-BALBc_HTxB,AV12D-3-CAFMTNSAGNKLTF-AJ17*p02_BV13-3-CASRAGTKYAEQFF-BJ2-1,46.0,0,3,1,3,1,1,0,2,1,5,6,4,0
BL6-BALBc_HTxB,AV13D-1-CAMEPPSGSWQLIF-AJ22_BV13-2-CASGAPGQGPNNQAPLF-BJ1-5,136.0,0,0,6,10,8,4,1,3,0,293,8,2,0
BL6-BALBc_HTxB,AV13D-1-CAMGFASALTF-AJ35_BV13-2-CASGDRDREDNQAPLF-BJ1-5,97.0,2,1,2,4,4,1,0,2,2,1,16,55,0
BL6-BALBc_HTxB,AV13D-1-CAIDSNYQLIW-AJ33_BV5-CASSQRTGLYEQYF-BJ2-7,49.0,1,2,5,3,5,2,2,3,0,10,5,3,0
BL6-BALBc_HTxB,AV7D-2-CAASGASGSWQLIF-AJ22_BV13-2-CASGDAGTQAPLF-BJ1-5,47.0,1,1,1,4,2,40,0,0,0,0,7,1,1
BL6-BALBc_HTxB,AV16D/DV11-CAMREGSSGSWQLIF-AJ22_BV1-CTCSADRVYAEQFF-BJ2-1,113.0,1,1,0,32,4,3,1,2,0,5,7,1,0
BL6-BALBc_HTxB,AV16D/DV11-CAMREDNNRIFF-AJ31_BV13-2-CASGEIATNTGQLYF-BJ2-2,73.0,0,0,1,51,2,5,1,1,0,4,5,1,0
BL6-BALBc_HTxB,AV5D-4-CAAIGGSGNKLIF-AJ32_BV13-1-CASSAGYAEQFF-BJ2-1,100.0,1,0,4,2,2,3,0,2,1,3,47,0,1
BL6-BALBc_HTxB,AV13D-1-CAMEGSGTYQRF-AJ13_BV13-2-CASGDRDREDTQYF-BJ2-5,88.0,5,1,2,8,6,2,4,4,4,11,18,7,1
BL6-BALBc_HTxB,AV6-6-CALGDQANTDKVVF-AJ34*p03_BV1-CTCSAGRANSDYTF-BJ1-2,474.0,4,3,3,32,19,13,2,11,1,12,29,9,2
BL6-BALBc_HTxB,AV6-6-CALGDLGTGSKLSF-AJ58_BV13-2-CASGPGTSEVFF-BJ1-1,65.0,1,1,1,2,3,7,0,2,1,6,5,1,1
BL6-BALBc_HTxB,AV6D-7-CALSDQNYANKMIF-AJ47_BV3-CASSLGRGLEQYF-BJ2-7,28.0,0,1,0,2,1,1,0,1,0,2,10,1,0
BL6-BALBc_HTxB,AV7D-2-CAAHTGNYKYVF-AJ40_BV1-CTCSATGGDTEVFF-BJ1-1,24.0,4,3,1,2,1,0,1,0,2,4,5,14,0
BL6-BALBc_HTxB,AV6-6-CALGDNMGYKLTF-AJ9_BV14-CASSFAGQDNERLFF-BJ1-4,226.0,2,10,4,7,11,11,1,5,2,10,10,3,0
BL6-BALBc_HTxB,AV6-7/DV9-CALGDQGGGADRLTF-AJ45_BV3-CASSFGTGGYYEQYF-BJ2-7,51.0,0,0,1,6,3,4,1,1,0,37,10,3,0
BL6-BALBc_HTxB,AV6D-6-CALNTNAYKVIF-AJ30_BV29-CASSSGTGQDTQYF-BJ2-5,91.0,1,2,1,4,15,7,2,3,1,6,0,1,0
BL6-BALBc_HTxB,AV16D/DV11-CAMRAHYSNNRLTL-AJ7_BV13-2-CASGEQYEQYF-BJ2-7,56.0,1,1,2,3,11,97,1,4,0,7,11,2,0
BL6-BALBc_HTxB,AV8-1-CAQGGRALIF-AJ15_BV1-CTCSAGLGASAETLYF-BJ2-3,69.0,0,31,3,9,4,4,0,0,0,4,6,6,0
BL6-BALBc_HTxB,AV8-1-CATDASSGSWQLIF-AJ22_BV4-CASTAANTEVFF-BJ1-1,115.0,2,4,6,8,84,23,0,4,3,10,395,5,0
BL6-BALBc_HTxB,AV16/DV11-CAMREGNYANKMIF-AJ47_BV13-2-CASGDFQYEQYF-BJ2-7,120.0,0,2,5,4,6,56,33,3,0,6,39,8,0
BL6-BALBc_HTxB,AV6-2-CVLGDPGGSGNKLIF-AJ32_BV13-2-CASGDAGTGTETLYF-BJ2-3,1532.0,3,6,8,20,10,12,0,4,1,13,51,4,2
BL6-BALBc_HTxB,AV10D-CAASPSSGSWQLIF-AJ22_BV4-CASSYDERLFF-BJ1-4,455.0,1,5,5,16,20,18,3,5,1,14,384,8,0
BL6-BALBc_HTxB,AV16D/DV11-CAMREGNMGYKLTF-AJ9_BV13-3-CASSDAVSQDTQYF-BJ2-5,172.0,1,6,0,4,5,8,3,5,1,9,2,5,0
BL6-BALBc_HTxB,AV16/DV11-CAMREGEAGYQNFYF-AJ49_BV13-2-CASGEGTPNQAPLF-BJ1-5,89.0,0,0,3,12,3,2,0,92,2,3,3,3,0
BL6-BALBc_HTxB,AV8-2-CATDGGTGSKLSF-AJ58_BV13-1-CASSGGNYAEQFF-BJ2-1,104.0,4,2,6,5,4,5,2,18,4,4,10,11,1
BL6-BALBc_HTxB,AV9D-3-CAVSPDTNAYKVIF-AJ30_BV13-2-CASGDWGRGEQYF-BJ2-7,349.0,0,1,214,5,6,4,2,7,0,12,13,2,0
BL6-BALBc_HTxB,AV7D-3-CAVSMDYANKMIF-AJ47_BV13-1-CASSLGVQDTQYF-BJ2-5,180.0,0,2,5,39,2,0,0,2,1,3,11,1,0
BL6-BALBc_HTxB,AV4-3-CAAHVNTGNYKYVF-AJ40_BV29-CASSLIRYAEQFF-BJ2-1,497.0,0,7,2,29,10,9,3,5,0,17,10,5,1
BL6-BALBc_HTxB,AV16D/DV11-CAMREGDTNAYKVIF-AJ30_BV19-CASSWTGFQDTQYF-BJ2-5,365.0,0,2,4,6,4,3,2,7,1,10,5,4,0
BL6-BALBc_HTxB,AV13-1-CAMELSSGSWQLIF-AJ22_BV4-CASSYGEQYF-BJ2-7,29.0,0,1,2,1,1,1,0,1,0,0,5,0,0
BL6-BALBc_HTxB,AV6-6-CALSNYGNEKITF-AJ48_BV4-CASSPGRNTGQLYF-BJ2-2,251.0,3,3,3,18,16,11,4,6,1,17,31,10,2
BL6-BALBc_HTxB,AV13D-4-CAEDMGYKLTF-AJ9_BV13-2-CASGDGDNEQYF-BJ2-7,89.0,1,1,0,4,3,4,2,0,2,6,6,1,0
BL6-BALBc_HTxB,AV9-3-CAVSTNAYKVIF-AJ30_BV4-CASSYRTGGYEQYF-BJ2-7,3673.0,3,1,7,17,13,7,0,9,3,17,27,16,0
BL6-BALBc_HTxB,AV16/DV11-CAFTGGADRLTF-AJ45_BV3-CASSRGGADTQYF-BJ2-5,150.0,0,2,3,11,11,6,3,6,0,12,7,0,0
BL6-BALBc_HTxB,AV2-CIVTDSYSNNRLTL-AJ7_BV1-CTCSAGRGDAEQFF-BJ2-1,96.0,0,0,3,114,7,13,0,2,0,4,13,7,0
BL6-BALBc_HTxB,AV16/DV11-CAMREDTGGADRLTF-AJ45_BV1-CTCSADRVNQAPLF-BJ1-5,2.0,0,0,0,0,0,0,0,0,0,0,1,0,0
BL6-BALBc_HTxB,AV7D-3-CAETGGYKVVF-AJ12_BV13-2-CASGEGRAEQFF-BJ2-1,97.0,1,1,2,1,3,3,0,13,0,3,2,4,0
BL6-BALBc_HTxB,AV16/DV11-CAMREDSSNTDKVVF-AJ34*p03_BV13-1-CASSGQKNERLFF-BJ1-4,98.0,2,2,3,14,7,12,1,4,1,20,356,6,0
BL6-BALBc_HTxB,AV12-1-CALSDPSNTDKVVF-AJ34*p03_BV13-1-CASSPHYNYAEQFF-BJ2-1,381.0,5,6,3,17,17,30,3,8,1,4,517,5,0
BL6-BALBc_HTxB,AV6-7/DV9-CALGDQGGGADRLTF-AJ45_BV3-CASSFGTGGYYEQYF-BJ2-7,139.0,0,2,2,7,7,3,0,0,0,56,12,1,0
BL6-BALBc_HTxB,AV3-3-CAVSAVDSNYQLIW-AJ33_BV19-CASTPPLGGYAEQFF-BJ2-1,134.0,0,1,2,144,5,15,0,3,0,7,15,1,0
BL6-BALBc_HTxB,AV9-4-CAVSSPDTNAYKVIF-AJ30_BV13-2-CASGASGGNTLYF-BJ1-3,127.0,1,1,1,6,2,6,2,8,1,5,8,9,0
BL6-BALBc_HTxB,AV4D-3-CAAEDSGGSNAKLTF-AJ42_BV13-3-CASSDFPGGEQYF-BJ2-7,221.0,1,3,3,11,4,4,5,2,2,8,12,3,2
BL6-BALBc_HTxB,AV10-CAASMNQGGSAKLIF-AJ57_BV3-CASSLGRGLEQYF-BJ2-7,162.0,2,1,5,8,4,8,2,6,1,145,45,4,0
BL6-BALBc_HTxB,AV4-3-CAAEADTGNYKYVF-AJ40_BV31-CAWSLWTGVEQYF-BJ2-7,136.0,0,0,75,3,4,5,0,2,2,8,3,5,1
BL6-BALBc_HTxB,AV16/DV11-CAMREGNYANKMIF-AJ47_BV13-2-CASGDFQYEQYF-BJ2-7,83.0,1,0,1,8,3,56,31,1,1,5,31,2,0
BL6-BALBc_HTxB,AV16D/DV11-CAMRAHYSNNRLTL-AJ7_BV13-2-CASGEQYEQYF-BJ2-7,121.0,0,2,2,5,6,190,1,6,0,2,14,2,0
BL6-BALBc_HTxB,AV9-2-CAASILSAKLIF-AJ57_BV1-CTCSVDWPYEQYF-BJ2-7,129.0,3,1,35,13,26,12,3,4,1,19,22,4,0
BL6-BALBc_HTxB,AV12-2-CALSDLYAQGLTF-AJ26_BV1-CTCSGTDSGNTLYF-BJ1-3,1359.0,4,6,4,19,18,18,5,9,1,21,27,7,2
BL6-BALBc_HTxB,AV2-CIVTDSYSNNRLTL-AJ7_BV1-CTCSALRYSYNSPLYF-BJ1-6,1566.0,0,4,6,32,11,13,1,11,1,15,23,3,1
BL6-BALBc_HTxB,AV19-CAAGMDYANKMIF-AJ47_BV3-CASSFGTGFEQYF-BJ2-7,881.0,0,2,7,17,22,24,1,13,0,51,23,4,0
BL6-BALBc_HTxB,AV16D/DV11-CAMREDSGYNKLTF-AJ11*p02_BV13-2-CASGTTYEQYF-BJ2-7,87.0,2,1,2,12,0,6,4,11,0,328,6,3,0
BL6-BALBc_HTxB,AV4-3-CAAEADTGNYKYVF-AJ40_BV31-CAWSLWTGVEQYF-BJ2-7,659.0,4,12,112,18,43,23,15,17,10,22,60,28,2
BL6-BALBc_HTxB,AV13D-4-CAMDTGYQNFYF-AJ49_BV5-CASSQDSNTEVFF-BJ1-1,92.0,0,1,2,4,1,2,0,0,0,6,2,0,0
BL6-BALBc_HTxB,AV9-4-CAVSGGSNAKLTF-AJ42_BV29-CASSLGQAYEQYF-BJ2-7,217.0,0,1,9,7,18,18,5,4,3,10,8,13,0
BL6-BALBc_HTxB,AV7-3-CAPNTGGADRLTF-AJ45_BV13-1-CASSDYLYEQYF-BJ2-7,195.0,2,1,1,7,3,2,5,1,1,5,10,49,0
BL6-BALBc_HTxB,AV15-2/DV6-2-CALSELPGSNAKLTF-AJ42_BV13-2-CASGRGAGNTLYF-BJ1-3,112.0,1,1,3,6,3,36,2,15,0,2,6,1,0
BL6-BALBc_HTxB,AV16D/DV11-CAMREDSGYNKLTF-AJ11*p02_BV13-2-CASGTTYEQYF-BJ2-7,175.0,0,4,1,9,6,2,0,3,0,256,9,3,0
BL6-BALBc_HTxB,AV4-3-CAADNNAGAKLTF-AJ39_BV13-1-CASSDARYAEQFF-BJ2-1,41.0,0,0,0,26,4,1,1,1,0,5,4,1,2
BL6-BALBc_HTxB,AV16/DV11-CAMREDNAGAKLTF-AJ39_BV13-2-CASGDQGASGNTLYF-BJ1-3,143.0,3,2,8,15,887,49,3,15,1,32,23,19,1
BL6-BALBc_HTxB,AV9D-3-CAVSATQVVGQLTF-AJ5*p02_BV13-2-CASGDSGYEQYF-BJ2-7,292.0,2,0,7,13,13,7,1,2,0,10,47,2,1
BL6-BALBc_HTxB,AV3-3-CAVSGGGLSGKLTF-AJ2_BV13-1-CASSEGGDQDTQYF-BJ2-5,166.0,4,5,9,10,14,12,178,3,1,9,15,5,0
BL6-BALBc_HTxB,AV16/DV11-CAMKSNTGYQNFYF-AJ49_BV1-CTCSAVRVDTQYF-BJ2-5,175.0,2,1,8,54,11,11,9,5,0,7,19,19,0
BL6-BALBc_HTxB,AV1-CAVRDSYAQGLTF-AJ26_BV13-1-CASSDDRVGNTLYF-BJ1-3,648.0,1,6,5,113,14,13,4,4,1,17,38,5,1
BL6-BALBc_HTxB,AV12D-1-CALSDQNKLTF-AJ56_BV14-CASRSDWVNQDTQYF-BJ2-5,112.0,2,2,0,9,8,2,121,9,0,2,46,2,0
BL6-BALBc_HTxB,AV10D-CAAGSGTYQRF-AJ13_BV13-1-CASSDAGGDSDYTF-BJ1-2,44.0,2,3,1,0,2,27,0,10,2,0,3,2,0
BL6-BALBc_HTxB,AV3D-3-CAVRSSGSWQLIF-AJ22_BV13-3-CASSNRDNNTLYF-BJ2-4,670.0,2,2,7,15,11,11,12,4,3,19,44,14,0
BL6-BALBc_HTxB,AV16D/DV11-CAMREDSGYNKLTF-AJ11*p02_BV17-CASSRDPWGGSAETLYF-BJ2-3,263.0,0,2,5,3,7,10,1,4,0,345,14,1,0
BL6-BALBc_HTxB,AV7D-2-CAAPMDSNYQLIW-AJ33_BV13-3-CASSGLGGGAETLYF-BJ2-3,205.0,0,3,2,9,11,10,4,2,0,2,12,3,0
BL6-BALBc_HTxB,AV10-CAASVTGGADRLTF-AJ45_BV13-1-CASISGNTLYF-BJ1-3,307.0,3,3,11,16,6,3,2,8,2,27,30,8,2
BL6-BALBc_HTxB,AV3-4-CAVSPSSGSWQLIF-AJ22_BV4-CASSQGLEQYF-BJ2-7,925.0,1,2,9,29,19,24,5,14,0,11,1045,11,0
BL6-BALBc_HTxB,AV16D/DV11-CAMREDSGTYQRF-AJ13_BV31-CAWSLRLGGREQYF-BJ2-7,364.0,4,17,17,50,14,18,9,11,0,31,45,36,1
BL6-BALBc_HTxB,AV16D/DV11-CAMRAHYSNNRLTL-AJ7_BV13-2-CASGEQYEQYF-BJ2-7,3042.0,3,6,17,43,39,204,20,15,3,36,70,15,1
BL6-BALBc_HTxB,AV16/DV11-CAMREGNTGYQNFYF-AJ49_BV13-2-CASGRGAGNTLYF-BJ1-3,75.0,0,0,1,5,2,5,1,7,0,1,2,0,0
BL6-BALBc_HTxB,AV19-CAAANTGYQNFYF-AJ49_BV17-CASSRDPWGGSAETLYF-BJ2-3,60.0,0,1,0,4,1,12,2,1,0,3,8,10,0
BL6-BALBc_HTxB,AV16D/DV11-CAMREGDSNYQLIW-AJ33_BV13-2-CASGETGGGNYAEQFF-BJ2-1,240.0,3,1,1,4,15,0,1,1,2,7,19,3,0
BL6-BALBc_HTxB,AV4D-3-CAADLTSGGNYKPTF-AJ6_BV13-1-CASSDAGFSDYTF-BJ1-2,197.0,0,1,103,5,6,1,0,4,5,12,10,2,0
BL6-BALBc_HTxB,AV5-1-CSASVDYAQGLTF-AJ26_BV31-CAWSPGTQNTLYF-BJ2-4,864.0,2,4,8,26,29,46,3,5,0,19,28,7,2
BL6-BALBc_HTxB,AV10-CAASRMGYKLTF-AJ9_BV5-CASSQVAEGNQAPLF-BJ1-5,187.0,0,1,2,3,15,3,3,2,1,6,9,6,0
BL6-BALBc_HTxB,AV8-1-CATDTGYQNFYF-AJ49_BV29-CASSPRTANTEVFF-BJ1-1,198.0,0,2,5,4,2,7,1,4,1,13,15,4,0
BL6-BALBc_HTxB,AV16D/DV11-CAMRDITGNTRKLIF-AJ37*p02_BV4-CASSYGAQYF-BJ2-7,91.0,2,0,2,5,6,11,1,0,1,3,158,1,0
BL6-BALBc_HTxB,AV7-3-CAVDTGYQNFYF-AJ49_BV13-1-CASSDALGGYEQYF-BJ2-7,161.0,2,6,433,15,10,14,125,2,2,15,14,7,0
BL6-BALBc_HTxB,AV5D-4-CAASGGSGNKLIF-AJ32_BV1-CTCSAVRVAGNTLYF-BJ1-3,103.0,0,3,0,35,1,6,7,1,0,8,6,1,2
BL6-BALBc_HTxB,AV9-3-CAVRDNYAQGLTF-AJ26_BV13-1-CASSDAPNSDYTF-BJ1-2,563.0,1,5,3,12,27,13,0,24,1,14,19,10,1
BL6-BALBc_HTxB,AV6-1-CVLVPSSGSWQLIF-AJ22_BV13-3-CASSDQNSDYTF-BJ1-2,324.0,1,4,5,35,12,9,5,4,0,37,19,9,1
BL6-BALBc_HTxB,AV16/DV11-CAMREGSNTDKVVF-AJ34*p03_BV13-1-CASSDYLYEQYF-BJ2-7,66.0,1,1,1,32,1,3,0,0,0,1,7,0,0
BL6-BALBc_HTxB,AV6-4-CALVDVGDNSKLIW-AJ38_BV19-CASSMHRAGNTLYF-BJ1-3,363.0,4,2,18,11,15,6,5,12,0,4,13,4,0
BL6-BALBc_HTxB,AV6-6-CALGSYTGGADRLTF-AJ45_BV13-1-CASSDRGANTGQLYF-BJ2-2,153.0,5,20,16,9,9,2,0,4,1,2,8,3,0
BL6-BALBc_HTxB,AV4-3-CAAEAYAQGLTF-AJ26_BV13-3-CASRDTSSYEQYF-BJ2-7,174.0,1,1,2,4,10,7,1,6,6,10,6,4,0
BL6-BALBc_HTxB,AV13D-2-CAIDPDMGYKLTF-AJ9_BV13-1-CASSLGRGLEQYF-BJ2-7,94.0,0,0,1,18,2,1,0,0,0,2,2,4,0
BL6-BALBc_HTxB,AV4-3-CAAESQGGRALIF-AJ15_BV13-3-CASSDEGGDEQYF-BJ2-7,203.0,1,2,4,3,4,0,0,1,0,1,9,0,0
BL6-BALBc_HTxB,AV16/DV11-CAMREGPQGGSAKLIF-AJ57_BV1-CTCSADRVYAEQFF-BJ2-1,310.0,0,161,3,4,4,8,0,7,0,3,7,3,0
BL6-BALBc_HTxB,AV13-1-CAMEDNRIFF-AJ31_BV13-2-CASGDWGYERLFF-BJ1-4,322.0,2,4,5,8,10,4,1,1,1,4,15,12,0
BL6-BALBc_HTxB,AV5-1-CSASTGGFASALTF-AJ35_BV2-CASSQDGAGANSDYTF-BJ1-2,49.0,0,3,0,4,4,1,0,1,1,0,20,6,0
BL6-BALBc_HTxB,AV16D/DV11-CAMREGLDSNYQLIW-AJ33_BV1-CTCSAEGVSYEQYF-BJ2-7,240.0,0,1,1,112,12,1,2,2,0,7,12,3,1
BL6-BALBc_HTxB,AV9-3-CAVSVQGTGSKLSF-AJ58_BV12-2-CASSLNQEDTQYF-BJ2-5,88.0,10,0,0,1,1,2,0,0,0,0,1,0,0
BL6-BALBc_HTxB,AV5-1-CSAKGTGNTRKLIF-AJ37*p02_BV13-2-CASGYRAPNSDYTF-BJ1-2,179.0,1,0,1,33,3,2,0,1,0,2,11,2,0
BL6-BALBc_HTxB,AV16/DV11-CAMREDSSNTDKVVF-AJ34*p03_BV13-1-CASSDAGGAETLYF-BJ2-3,307.0,2,1,6,12,6,7,1,4,1,9,136,3,1
BL6-BALBc_HTxB,AV13D-1-CAMEGSGTYQRF-AJ13_BV13-2-CASGDRDREDTQYF-BJ2-5,388.0,13,9,7,13,7,3,13,6,17,25,104,30,0
BL6-BALBc_HTxB,AV6-6-CALGGGSALGRLHF-AJ18_BV14-CASRDRAEQFF-BJ2-1,97.0,2,1,6,4,6,3,0,4,1,8,7,0,0
BL6-BALBc_HTxB,AV3D-3-CAVSAPGTGSNRLTF-AJ28_BV5-CASSQVGAEVFF-BJ1-1,238.0,7,3,2,37,15,10,7,8,2,10,26,4,1
BL6-BALBc_HTxB,AV13-1-CAMELSSGSWQLIF-AJ22_BV4-CASSYGEQYF-BJ2-7,69.0,1,1,1,0,2,1,1,0,0,2,17,3,0
BL6-BALBc_HTxB,AV21/DV12-CILRGYGNEKITF-AJ48_BV13-1-CASRTGDTEVFF-BJ1-1,211.0,0,2,2,8,15,5,8,4,0,5,141,1,0
BL6-BALBc_HTxB,AV21/DV12-CILRGGTGSKLSF-AJ58_BV1-CTCSADRVYAEQFF-BJ2-1,34.0,0,18,0,1,0,0,0,2,1,1,9,5,2
BL6-BALBc_HTxB,AV9D-4-CAPASSGSWQLIF-AJ22_BV1-CTCSAADAEQFF-BJ2-1,132.0,5,0,0,9,3,3,3,29,0,3,4,23,0
BL6-BALBc_HTxB,AV6-4-CALVDRGTQVVGQLTF-AJ5*p02_BV14-CASSFPTSAETLYF-BJ2-3,185.0,8,1,2,95,3,9,2,3,0,8,37,4,2
BL6-BALBc_HTxB,AV6-6-CALGDLATGGNNKLTF-AJ56_BV19-CASSGDRVGERLFF-BJ1-4,230.0,4,1,10,12,22,7,0,11,5,5,71,23,2
BL6-BALBc_HTxB,AV13-1-CAANTGANTGKLTF-AJ52_BV17-CASSPGQGHTGQLYF-BJ2-2,407.0,0,3,11,16,10,8,3,7,1,8,15,5,0
BL6-BALBc_HTxB,AV16/DV11-CAMREDTGGADRLTF-AJ45_BV16-CASSLGGVYEQYF-BJ2-7,222.0,0,1,2,4,8,7,4,7,5,21,14,1,0
BL6-BALBc_HTxB,AV16D/DV11-CAMREDTNAYKVIF-AJ30_BV13-2-CASGDVQANSDYTF-BJ1-2,290.0,1,1,3,59,3,6,1,2,0,4,14,2,0
BL6-BALBc_HTxB,AV3-3-CAVSAVDSNYQLIW-AJ33_BV19-CASTPPLGGYAEQFF-BJ2-1,84.0,1,4,1,109,4,1,1,0,1,13,11,2,0
BL6-BALBc_HTxB,AV6-5-CALSDLYANKMIF-AJ47_BV3-CASSFGTGGYEQYF-BJ2-7,1457.0,3,3,10,22,12,15,4,6,1,439,28,5,0
BL6-BALBc_HTxB,AV3-3-CAVSAPGTGSNRLTF-AJ28_BV5-CASSQVGAEVFF-BJ1-1,123.0,1,1,6,5,4,8,7,4,0,11,17,4,0
BL6-BALBc_HTxB,AV9-4-CAVSENAYKVIF-AJ30_BV19-CASSPGAEQFF-BJ2-1,2773.0,5,1,9,15,13,5,4,6,8,19,62,8,0
BL6-BALBc_HTxB,AV6D-5-CALGDPTGYQNFYF-AJ49_BV4-CASSYRGPYNSPLYF-BJ1-6,59.0,9,2,0,2,11,3,3,2,0,6,4,0,1
BL6-BALBc_HTxB,AV16D/DV11-CAMREDSNYQLIW-AJ33_BV13-2-CASGDVINTEVFF-BJ1-1,286.0,0,0,5,243,8,6,0,4,0,8,5,4,0
BL6-BALBc_HTxB,AV16D/DV11-CAMREGSSGSWQLIF-AJ22_BV1-CTCSADRVYAEQFF-BJ2-1,167.0,2,0,2,43,2,2,2,2,0,2,9,0,1
BL6-BALBc_HTxB,AV5-1-CSASNYAQRLTF-AJ26_BV13-2-CATGTGEEVFF-BJ1-1,4229.0,2,2,14,38,24,26,7,12,6,36,43,14,2
BL6-BALBc_HTxB,AV1-CAVRDLGTGGYKVVF-AJ12_BV1-CTCSEGRAQNTLYF-BJ2-4,66.0,1,1,3,15,4,3,2,1,2,2,4,4,0
BL6-BALBc_HTxB,AV16D/DV11-CAMREGDTNAYKVIF-AJ30_BV13-2-CASGGHSQNTLYF-BJ2-4,90.0,0,0,1,15,4,4,0,2,0,5,4,4,0
BL6-BALBc_HTxB,AV3-3-CAVDTNAYKVIF-AJ30_BV31-CAWRRQGYEQYF-BJ2-7,36.0,0,1,1,4,6,2,8,1,0,9,12,4,0
BL6-BALBc_HTxB,AV10D-CAASHMGYKLTF-AJ9_BV13-2-CASGTGDERLFF-BJ1-4,67.0,46,0,0,4,3,5,1,1,0,0,0,1,0
BL6-BALBc_HTxB,AV13D-2-CAIDWNYAQGLTF-AJ26_BV13-2-CASGTANEQYF-BJ2-7,172.0,2,2,1,15,40,3,1,0,0,7,11,2,1
BL6-BALBc_HTxB,AV5-1-CSASVDYAQGLTF-AJ26_BV31-CAWSPGTQNTLYF-BJ2-4,209.0,4,2,3,15,16,24,3,5,0,24,14,4,0
BL6-BALBc_HTxB,AV7D-2-CAAHTGNYKYVF-AJ40_BV17-CASSSQVPNTGQLYF-BJ2-2,224.0,0,7,5,8,10,4,6,4,1,12,23,15,0
BL6-BALBc_HTxB,AV16/DV11-CAMREGDTGYQNFYF-AJ49_BV1-CTCSADRAQDTQYF-BJ2-5,79.0,1,0,5,14,6,7,2,4,0,18,11,1,0
BL6-BALBc_HTxB,AV2-CIVTDIGTNTGKLTF-AJ27_BV1-CTCSAVRGLDTGQLYF-BJ2-2,571.0,7,12,2,75,25,17,4,6,1,29,25,11,0
BL6-BALBc_HTxB,AV3-4-CAVSESGFASALTF-AJ35_BV19-CASSMTLSGNTLYF-BJ1-3,391.0,1,6,2,16,22,18,2,7,5,17,25,9,1
BL6-BALBc_HTxB,AV4-3-CAADNNAGAKLTF-AJ39_BV13-1-CASSDARYAEQFF-BJ2-1,180.0,0,0,4,25,7,7,1,2,0,2,12,5,0
BL6-BALBc_HTxB,AV16/DV11-CAMREGNTGNYKYVF-AJ40_BV13-2-CASGDLYEQYF-BJ2-7,781.0,5,3,15,15,652,98,11,13,5,13,29,8,1
BL6-BALBc_HTxB,AV10D-CAASPSSGSWQLIF-AJ22_BV4-CASSYDERLFF-BJ1-4,72.0,0,1,0,4,2,4,1,4,0,1,89,4,0
BL6-BALBc_HTxB,AV14-1-CAATPSSGSWQLIF-AJ22_BV4-CASSDWGQNTLYF-BJ2-4,1353.0,10,4,4,23,22,20,5,11,5,15,33,10,1
BL6-BALBc_HTxB,AV7-4-CAASDLGGADRLTF-AJ45_BV19-CASSSTTEVFF-BJ1-1,3170.0,5,2,11,33,29,16,6,16,6,26,45,6,1
BL6-BALBc_HTxB,AV14D-3/DV8-CAARSNYQLIW-AJ33_BV13-2-CASGDPGGDWETLYF-BJ2-3,90.0,0,0,6,7,3,2,3,3,3,2,8,9,0
BL6-BALBc_HTxB,AV7D-2-CAAHTGNYKYVF-AJ40_BV13-1-CASSDPTGAYEQYF-BJ2-7,6.0,0,0,0,1,0,0,0,0,0,1,1,0,0
BL6-BALBc_HTxB,AV16D/DV11-CAMREGNTGNYKYVF-AJ40_BV13-2-CASGDLYEQYF-BJ2-7,932.0,2,4,2,5,293,29,2,5,0,11,18,5,0
BL6-BALBc_HTxB,AV5D-4-CAASDMGYKLTF-AJ9_BV13-2-CASGDALGGFSYEQYF-BJ2-7,378.0,5,9,8,15,9,8,3,5,0,5,15,132,1
BL6-BALBc_HTxB,AV13-1-CAANTGANTGKLTF-AJ52_BV17-CASSPGQGHTGQLYF-BJ2-2,71.0,3,11,5,4,5,6,0,3,0,6,20,3,0
BL6-BALBc_HTxB,AV4-3-CAAERDTGNYKYVF-AJ40_BV13-2-CASGVGQSYEQYF-BJ2-7,685.0,5,3,3,6,14,7,40,2,2,12,26,8,0
BL6-BALBc_HTxB,AV13D-1-CAMELSSGSWQLIF-AJ22_BV4-CASSYGAQYF-BJ2-7,1426.0,3,5,12,38,33,32,10,18,8,23,630,15,0
BL6-BALBc_HTxB,AV7-3-CAVRGDTNAYKVIF-AJ30_BV19-CASSITGDYAEQFF-BJ2-1,54.0,2,1,6,2,6,0,1,1,0,3,2,4,0
BL6-BALBc_HTxB,AV6D-4-CALVDTSGSWQLIF-AJ22_BV29-CASSFSGTGSYEQYF-BJ2-7,71.0,4,1,2,6,2,0,1,3,0,4,29,2,0
BL6-BALBc_HTxB,AV16D/DV11-CAMREGNTNAYKVIF-AJ30_BV13-2-CASGDIGGSYEQYF-BJ2-7,434.0,2,4,4,7,45,37,200,9,1,16,26,8,0
BL6-BALBc_HTxB,AV16D/DV11-CAMREDQGGRALIF-AJ15_BV1-CTCSGQGALYEQYF-BJ2-7,51.0,0,0,0,77,2,2,0,6,0,2,6,0,0
BL6-BALBc_HTxB,AV16/DV11-CAMREDNNNAPRF-AJ43*p03_BV13-3-CASSDWGGAETLYF-BJ2-3,164.0,0,6,0,3,15,6,3,4,2,10,13,8,1
BL6-BALBc_HTxB,AV16D/DV11-CAMREGNTNAYKVIF-AJ30_BV13-2-CASGDIGGSYEQYF-BJ2-7,105.0,1,1,2,6,37,31,129,0,3,3,12,0,0
BL6-BALBc_HTxB,AV16/DV11-CAMRESGGSNYKLTF-AJ53_BV31-CAWSLYGYEQYF-BJ2-7,129.0,4,1,1,3,172,6,16,4,1,5,8,6,0
BL6-BALBc_HTxB,AV16D/DV11-CAMREDNNRIFF-AJ31_BV13-2-CASGEIATNTGQLYF-BJ2-2,33.0,0,0,2,22,0,12,0,0,2,0,1,0,0
BL6-BALBc_HTxB,AV9-4-CAVNQGGSAKLIF-AJ57_BV19-CASSWTAYAEQFF-BJ2-1,624.0,4,6,0,24,21,20,4,10,0,35,17,3,1
BL6-BALBc_HTxB,AV8D-2-CATDALRGGRALIF-AJ15_BV1-CTCSAGTGREAETLYF-BJ2-3,1139.0,3,381,9,35,29,18,15,17,3,23,31,6,0
BL6-BALBc_HTxB,AV8D-2-CATDNNNAPRF-AJ43*p03_BV20-CGAKYRGHSGNTLYF-BJ1-3,4.0,1,0,0,2,0,0,0,0,1,2,2,1,0
BL6-BALBc_HTxB,AV13-1-CAMELSSGSWQLIF-AJ22_BV4-CASSYGEQYF-BJ2-7,821.0,6,7,4,18,18,20,9,4,0,14,274,10,0
BL6-BALBc_HTxB,AV3D-3-CAVSGSSGSWQLIF-AJ22_BV13-3-CASSDTGGAAEQFF-BJ2-1,128.0,6,2,1,6,0,4,5,2,0,2,1,1,0
BL6-BALBc_HTxB,AV7-3-CAVSNQGGRALIF-AJ15_BV13-1-CASSEGVNSDYTF-BJ1-2,131.0,4,2,19,15,18,8,4,16,0,17,31,23,1
BL6-BALBc_HTxB,AV7D-2-CAANNAGAKLTF-AJ39_BV31-CAWAGGNYAEQFF-BJ2-1,101.0,1,2,4,3,3,72,0,6,0,1,9,1,0
BL6-BALBc_HTxB,AV13-1-CAMELSSGSWQLIF-AJ22_BV4-CASSYGEQYF-BJ2-7,1551.0,6,9,6,24,31,19,3,12,1,24,732,10,0
BL6-BALBc_HTxB,AV6D-6-CALSLNNYAQGLTF-AJ26_BV1-CTCSAEYISNERLFF-BJ1-4,728.0,3,2,5,11,10,9,1,6,0,11,41,9,0
BL6-BALBc_HTxB,AV16/DV11-CAMREDTGYQNFYF-AJ49_BV13-2-CASGGWGGAQNTLYF-BJ2-4,96.0,0,1,2,0,64,1,3,1,2,5,3,0,0
BL6-BALBc_HTxB,AV6-1-CVLVPSSGSWQLIF-AJ22_BV13-3-CASSDQNSDYTF-BJ1-2,188.0,2,1,3,3,8,6,2,1,0,276,12,3,0
BL6-BALBc_HTxB,AV12D-2-CALNPDRGSALGRLHF-AJ18_BV13-3-CASGDGYEQYF-BJ2-7,893.0,1,1,2,10,18,3,4,8,0,10,30,206,1
BL6-BALBc_HTxB,AV16D/DV11-CAMRDITGNTRKLIF-AJ37*p02_BV29-CASSSGTVANSDYTF-BJ1-2,331.0,1,2,11,12,13,13,3,9,0,15,78,6,0
BL6-BALBc_HTxB,AV8-1-CATDPRYSNNRLTL-AJ7_BV1-CTCSVDSGNTLYF-BJ1-3,172.0,2,2,4,4,17,5,2,3,0,20,9,16,0
BL6-BALBc_HTxB,AV16D/DV11-CAMREGETGGYKVVF-AJ12_BV13-1-CASSGGGAREQYF-BJ2-7,221.0,4,2,4,35,8,4,1,3,1,7,20,1,0
BL6-BALBc_HTxB,AV12-2-CALSPLNNYAQGLTF-AJ26_BV5-CASSQVGAEVFF-BJ1-1,55.0,0,1,6,6,10,0,0,2,0,2,11,4,0
BL6-BALBc_HTxB,AV3-3-CAVSEGSSSFSKLVF-AJ50_BV13-2-CASGETGEDTQYF-BJ2-5,248.0,6,3,2,33,5,13,7,4,0,8,15,14,0
BL6-BALBc_HTxB,AV7D-2-CAAIDYANKMIF-AJ47_BV17-CASSSQVPNTGQLYF-BJ2-2,252.0,0,0,11,13,15,7,5,7,0,8,21,7,2
BL6-BALBc_HTxB,AV6-6-CALGAYSNYQLIW-AJ33_BV13-1-CASSDAGHSNTGQLYF-BJ2-2,195.0,0,0,4,3,7,1,1,6,0,3,7,3,1
BL6-BALBc_HTxB,AV7-5-CAMSLFNNYAQGLTF-AJ26_BV5-CASSQDGTEEVFF-BJ1-1,57.0,15,0,2,5,10,2,6,0,6,10,41,9,0
BL6-BALBc_HTxB,AV3-3-CAVRSSGSWQLIF-AJ22_BV13-3-CASSNRDNNTLYF-BJ2-4,3.0,0,0,0,1,0,0,0,0,0,0,0,0,0
BL6-BALBc_HTxB,AV13-1-CAMDASSGSWQLIF-AJ22_BV4-CASRSDWGGYEQYF-BJ2-7,196.0,1,5,0,89,10,6,8,8,0,13,13,5,1
BL6-BALBc_HTxB,AV3-4-CAVSESGFASALTF-AJ35_BV19-CASSMTLSGNTLYF-BJ1-3,136.0,2,9,9,11,18,17,0,1,3,13,31,10,1
BL6-BALBc_HTxB,AV9D-3-CAVSPDTNAYKVIF-AJ30_BV13-2-CASGDWGRGEQYF-BJ2-7,305.0,1,0,82,7,4,4,4,2,1,7,3,2,0
BL6-BALBc_HTxB,AV3D-3-CAVSADSGYNKLTF-AJ11*p02_BV20-CGAREGSDYTF-BJ1-2,125.0,5,5,1,10,12,5,1,5,13,6,43,4,0
BL6-BALBc_HTxB,AV7D-4-CAASEEASSSFSKLVF-AJ50_BV13-1-CASSDGGGYAEQFF-BJ2-1,49.0,0,5,7,6,21,1,1,6,0,21,9,14,0
BL6-BALBc_HTxB,AV16D/DV11-CAMREGNYGNEKITF-AJ48_BV19-CASSKDWGSSYEQYF-BJ2-7,315.0,1,0,2,38,6,9,0,1,0,9,5,0,0
BL6-BALBc_HTxB,AV8-2-CATDAEGNEKITF-AJ48_BV1-CTCSAVWGQDTQYF-BJ2-5,216.0,4,3,5,14,3,5,1,1,0,10,4,4,0
BL6-BALBc_HTxB,AV16D/DV11-CAMREDMGYKLTF-AJ9_BV13-2-CASGRQGNSDYTF-BJ1-2,210.0,1,1,4,158,6,5,4,0,0,6,9,3,0
BL6-BALBc_HTxB,AV16D/DV11-CAMREGLGGSGNKLIF-AJ32_BV1-CTCSAARAETLYF-BJ2-3,182.0,0,9,3,17,8,4,0,2,0,6,7,2,0
BL6-BALBc_HTxB,AV7-3-CAVILTSGSWQLI-AJ22_BV13-2-CASGDVGANTGQLYF-BJ2-2,406.0,0,2,4,14,10,39,6,5,3,11,18,4,1
BL6-BALBc_HTxB,AV16/DV11-CAMREGNTGYQNFYF-AJ49_BV13-2-CASAGVYEQYF-BJ2-7,1827.0,5,6,9,93,138,26,4,7,4,28,23,7,0
BL6-BALBc_HTxB,AV16D/DV11-CAMREGNNYQLIW-AJ33_BV13-2-CASGGLDQAPLF-BJ1-5,129.0,1,3,4,73,12,10,2,3,0,16,11,2,0
BL6-BALBc_HTxB,AV16/DV11-CAMREGLAYKVIF-AJ30_BV13-2-CASGGANSDYTF-BJ1-2,72.0,0,2,1,76,3,5,4,1,0,1,3,1,2
BL6-BALBc_HTxB,AV16D/DV11-CAMREEDSNYQLIW-AJ33_BV13-1-CASKGDRYAEQFF-BJ2-1,134.0,1,2,2,35,11,5,3,13,0,4,8,2,0
BL6-BALBc_HTxB,AV7-3-CAVSYAQGLTF-AJ26_BV1-CTCSADWTGGYEQYF-BJ2-7,7.0,0,0,0,0,0,0,0,1,0,0,0,0,0
BL6-BALBc_HTxB,AV12-2-CALSDNTGNYKYVF-AJ40_BV13-3-CASSGTGFNTGQLYF-BJ2-2,182.0,0,0,0,11,8,4,0,1,0,10,106,3,0
BL6-BALBc_HTxB,AV3-3-CAAPRGNTDKVVF-AJ34*p03_BV5-CASSHGTINERLFF-BJ1-4,84.0,12,4,1,6,6,3,8,3,15,7,41,11,0
BL6-BALBc_HTxB,AV9-2-CAASDSGGSNYKLTF-AJ53_BV2-CASSQERLLGGAETLYF-BJ2-3,41.0,0,1,1,2,8,2,0,3,0,1,5,28,0
BL6-BALBc_HTxB,AV16/DV11-CAMREADSNYQLIW-AJ33_BV29-CASSQGIAETLYF-BJ2-3,464.0,0,3,7,19,15,12,7,18,1,14,41,8,0
BL6-BALBc_HTxB,AV12-1-CALSDPSNTDKVVF-AJ34*p03_BV13-1-CASSPHYNYAEQFF-BJ2-1,313.0,0,3,2,6,10,16,4,2,0,9,475,6,0
BL6-BALBc_HTxB,AV16D/DV11-CAMREDSNYQLIW-AJ33_BV13-2-CASGGQGNSDYTF-BJ1-2,220.0,1,1,7,202,11,7,2,1,0,5,8,0,1
BL6-BALBc_HTxB,AV16D/DV11-CAMRAHYSNNRLTL-AJ7_BV13-2-CASGGIYEQYF-BJ2-7,97.0,1,2,2,6,72,87,12,3,1,6,11,9,0
BL6-BALBc_HTxB,AV4-2-CAAEGDSNYQLIW-AJ33_BV13-2-CASGDATNTEVFF-BJ1-1,157.0,4,2,3,6,8,53,5,1,3,5,10,7,1
BL6-BALBc_HTxB,AV6-7/DV9-CALGSNTGYQNFYF-AJ49_BV17-CASSSGGANTEVFF-BJ1-1,1715.0,1,2,20,18,7,9,3,3,0,10,20,10,0
BL6-BALBc_HTxB,AV16D/DV11-CAMREDQGGRALIF-AJ15_BV1-CTCSGQGALYEQYF-BJ2-7,63.0,0,0,3,74,9,3,2,3,0,3,9,4,0
BL6-BALBc_HTxB,AV16/DV11-CAMREGNNNNRIFF-AJ31_BV13-2-CASGEVYEQYF-BJ2-7,69.0,0,0,0,2,2,26,0,14,0,4,2,0,0
BL6-BALBc_HTxB,AV4-3-CAAEADTGNYKYVF-AJ40_BV31-CAWSLWTGVEQYF-BJ2-7,520.0,0,1,104,5,10,4,1,6,0,3,12,2,0
BL6-BALBc_HTxB,AV6D-4-CALVYANKMIF-AJ47_BV19-CASSINSNYAEQFF-BJ2-1,91.0,2,2,5,5,7,5,2,3,0,12,4,10,0
BL6-BALBc_HTxB,AV7D-2-CAAFYGNEKITF-AJ48_BV13-3-CASSWTGASYEQYF-BJ2-7,143.0,4,4,2,3,6,2,0,4,0,4,22,7,0
BL6-BALBc_HTxB,AV16D/DV11-CAMRENSGYNKLTF-AJ11*p02_BV13-2-CASGETGGREQYF-BJ2-7,180.0,4,2,4,34,12,5,2,4,2,16,6,0,0
BL6-BALBc_HTxB,AV6-6-CALGTFSNTDKVVF-AJ34*p03_BV13-1-CASSDVRDSGNTLYF-BJ1-3,136.0,1,0,2,159,3,9,0,1,1,20,17,0,0
BL6-BALBc_HTxB,AV7D-5-CAVSVNNYAQGLTF-AJ26_BV29-CASSWGGGSAETLYF-BJ2-3,108.0,4,0,4,2,3,6,1,1,2,10,114,23,0
BL6-BALBc_HTxB,AV16/DV11-CAMREGNYGNEKITF-AJ48_BV31-CAWSPTGGINERLFF-BJ1-4,96.0,0,3,2,5,4,3,1,3,3,5,227,2,0
BL6-BALBc_HTxB,AV3-3-CAVSAQGFASALTF-AJ35_BV4-CASSYDERLFF-BJ1-4,2591.0,3,7,7,14,16,14,6,7,0,7,232,11,1
BL6-BALBc_HTxB,AV16/DV11-CAMREDYANKMIF-AJ47_BV14-CASSFGTPPNERLFF-BJ1-4,183.0,2,0,5,13,16,8,2,5,0,14,13,14,0
BL6-BALBc_HTxB,AV6-7/DV9-CALSDLAYQGGRALI-AJ15_BV4-CASSPGVYEQYF-BJ2-7,244.0,1,4,1,6,17,9,8,5,0,11,10,3,0
BL6-BALBc_HTxB,AV16D/DV11-CAMREVTGNTRKLIF-AJ37*p02_BV1-CTCSVGTVSNERLFF-BJ1-4,107.0,0,0,3,3,3,1,2,8,2,4,4,4,1
BL6-BALBc_HTxB,AV3-1-CAVSAHSGTYQRF-AJ13_BV13-2-CASGEMGANERLFF-BJ1-4,93.0,1,2,2,8,4,3,6,156,0,5,6,4,1
BL6-BALBc_HTxB,AV16D/DV11-CAMREASSGSWQLIF-AJ22_BV13-2-CASGGINTGQLYF-BJ2-2,77.0,0,0,2,3,11,2,0,1,0,1,3,0,0
BL6-BALBc_HTxB,AV16D/DV11-CAMRDPYGGSGNKLIF-AJ32_BV1-CTCSAVREDTQYF-BJ2-5,266.0,1,5,1,55,9,6,1,2,0,8,8,0,0
BL6-BALBc_HTxB,AV7-1-CAVSGQGGRALIF-AJ15_BV13-3-CASSDTGFTEVFF-BJ1-1,139.0,0,2,1,2,3,6,0,5,2,3,12,19,0
BL6-BALBc_HTxB,AV6-7/DV9-CALGGSSNTDKVVF-AJ34*p03_BV1-CTCSADPGWEQYF-BJ2-7,61.0,0,0,1,2,10,0,8,2,0,2,1,24,0
BL6-BALBc_HTxB,AV4-3-CAAEDNNRIFF-AJ31_BV13-1-CASSEGVNSDYTF-BJ1-2,648.0,54,4,5,16,10,8,2,4,0,11,39,6,0
BL6-BALBc_HTxB,AV5-1-CSASTGGFASALTF-AJ35_BV2-CASSQDGAGANSDYTF-BJ1-2,46.0,0,1,0,6,3,2,0,8,0,1,23,9,0
BL6-BALBc_HTxB,AV3D-3-CAVSDPNTGKLTF-AJ27_BV13-1-CASSEAGLQNTLYF-BJ2-4,154.0,4,0,1,36,5,8,3,3,2,12,9,10,0
BL6-BALBc_HTxB,AV13D-1-CAMANTGNYKYVF-AJ40_BV13-2-CASGGIYEQYF-BJ2-7,2549.0,0,3,4,9,409,9,3,6,0,9,25,9,2
BL6-BALBc_HTxB,AV16D/DV11-CAMREDTNAYKVIF-AJ30_BV13-2-CASGETGANSDYTF-BJ1-2,351.0,1,1,5,13,9,29,2,22,0,4,11,3,0
BL6-BALBc_HTxB,AV13-1-CAMETTGNTRKLIF-AJ37*p02_BV1-CTCSAARYAEQFF-BJ2-1,75.0,0,0,2,29,0,0,0,0,0,1,1,0,0
BL6-BALBc_HTxB,AV16D/DV11-CAMREGNTNTGKLTF-AJ27_BV1-CTCSADGVYAEQFF-BJ2-1,707.0,1,9,9,21,20,6,5,0,0,7,24,42,0
BL6-BALBc_HTxB,AV3-3-CAVPRGGSGNKLIF-AJ32_BV29-CASSLGGQDTQYF-BJ2-5,57.0,0,0,2,3,0,1,0,0,4,0,7,1,0
BL6-BALBc_HTxB,AV3-1-CAVSGASGSWQLIF-AJ22_BV13-2-CASGNWGGIAEQFF-BJ2-1,2740.0,7,9,20,30,29,31,10,13,1,26,139,8,0
BL6-BALBc_HTxB,AV16D/DV11-CAMREGGFASALTF-AJ35_BV3-CASSPDWGDAEQFF-BJ2-1,434.0,8,8,4,14,16,19,4,5,2,24,862,16,2
BL6-BALBc_HTxB,AV16/DV11-CAMREDTGGADRLTF-AJ45_BV16-CASSLGGVYEQYF-BJ2-7,88.0,4,7,16,7,15,7,4,10,5,13,24,5,0
BL6-BALBc_HTxB,AV16D/DV11-CAMREDNNRIFF-AJ31_BV13-2-CASGEIATNTGQLYF-BJ2-2,431.0,2,1,4,99,14,18,0,3,1,9,11,24,2
BL6-BALBc_HTxB,AV6-1-CVLGEGSNAKLTF-AJ42_BV1-CTCSADHREAGQLYF-BJ2-2,41.0,2,1,5,2,9,2,1,7,2,2,15,7,0
BL6-BALBc_HTxB,AV3-3-CAVSFNTGNYKYVF-AJ40_BV13-1-CASSEDWVYEQYF-BJ2-7,307.0,1,5,7,15,8,11,1,4,0,8,25,6,0
BL6-BALBc_HTxB,AV4-3-CAADYQGGSAKLIF-AJ57_BV2-CASSQERVDKEVFF-BJ1-1,148.0,0,0,0,11,6,4,0,2,0,7,7,14,0
BL6-BALBc_HTxB,AV4-3-CAAHVNTGNYKYVF-AJ40_BV5-CASSPWGNTEVFF-BJ1-1,91.0,0,0,0,4,15,6,2,0,0,10,7,23,0
BL6-BALBc_HTxB,AV6D-6-CALSDLAYQGGRALIF-AJ15_BV31-CAWSPGTQNTLYF-BJ2-4,128.0,0,3,0,6,1,3,5,1,0,4,3,3,0
BL6-BALBc_HTxB,AV16D/DV11-CAMREGLGGSGNKLIF-AJ32_BV1-CTCSADRTKNEQYF-BJ2-7,59.0,1,0,6,148,5,4,1,0,0,8,4,3,0
BL6-BALBc_HTxB,AV4-3-CAAEADTGNYKYVF-AJ40_BV31-CAWSLWTGVEQYF-BJ2-7,417.0,2,3,65,8,12,6,10,12,0,7,26,8,1
BL6-BALBc_HTxB,AV5-1-CSAGSALGRLHF-AJ18_BV30-CSSRRDRGYNSPLYF-BJ1-6,253.0,3,5,5,10,2,5,0,5,1,20,34,9,0
BL6-BALBc_HTxB,AV3-4-CAVSDQGGSAKLIF-AJ57_BV1-CTCSAGRTYEQYF-BJ2-7,257.0,4,0,2,3,5,7,5,2,2,3,8,7,0
BL6-BALBc_HTxB,AV6-6-CALGDDTGANTGKLTF-AJ52_BV13-2-CASGDWGGDTQYF-BJ2-5,73.0,1,0,5,4,2,4,1,1,3,5,4,5,0
BL6-BALBc_HTxB,AV13-1-CAANTGANTGKLTF-AJ52_BV17-CASSPGQGHTGQLYF-BJ2-2,204.0,4,1,6,11,5,5,2,6,0,8,11,10,0
BL6-BALBc_HTxB,AV10D-CAASMDTGYQNFYF-AJ49_BV3-CASSLAREYEQYF-BJ2-7,88.0,0,0,4,5,3,4,1,0,0,45,14,0,0
BL6-BALBc_HTxB,AV3-1-CAVSASSGSWQLIF-AJ22_BV13-2-CASGDPGGSAETLYF-BJ2-3,199.0,1,1,4,4,8,29,1,4,0,1,2,1,2
BL6-BALBc_HTxB,AV16D/DV11-CAMREGEGGRALIF-AJ15_BV13-2-CASGEGTYTGQLYF-BJ2-2,282.0,0,0,2,5,358,6,3,3,0,10,7,4,0
BL6-BALBc_HTxB,AV10-CAASMNQGGSAKLIF-AJ57_BV3-CASSLGRGLEQYF-BJ2-7,117.0,0,1,2,3,4,8,0,3,0,16,8,3,0
BL6-BALBc_HTxB,AV16D/DV11-CAMREGLGTYQRF-AJ13_BV13-2-CASGGTGGNTGQLYF-BJ2-2,2540.0,4,5,11,530,25,9,2,8,2,20,30,9,2
BL6-BALBc_HTxB,AV16D/DV11-CAMRAHYSNNRLTL-AJ7_BV13-2-CASGEQYEQYF-BJ2-7,230.0,2,1,3,4,6,215,2,3,3,19,13,8,0
BL6-BALBc_HTxB,AV16/DV11-CAMREAGAGNTRKLIL-AJ37*p02_BV13-2-CASGDAGGSGNTLYF-BJ1-3,278.0,0,1,7,3,9,6,5,1,2,7,10,3,0
BL6-BALBc_HTxB,AV14D-1-CAARGTNSAGNKLTF-AJ17*p02_BV13-2-CASGDAVSNERLFF-BJ1-4,141.0,0,4,1,6,5,2,0,3,0,3,7,3,0
BL6-BALBc_HTxB,AV16D/DV11-CAMRDANAYKVIF-AJ30_BV13-2-CASGDRNTEVFF-BJ1-1,34.0,0,1,0,1,41,2,0,1,0,0,0,3,2
BL6-BALBc_HTxB,AV16/DV11-CAMREGNYAQGLTF-AJ26_BV17-CASSRDPWGGSAETLYF-BJ2-3,338.0,2,4,5,8,7,21,8,8,5,17,30,6,0
BL6-BALBc_HTxB,AV8D-2-CATVGNRIFF-AJ31_BV1-CTCSAVRISNERLFF-BJ1-4,172.0,0,0,7,136,6,5,2,1,0,4,6,0,0
BL6-BALBc_HTxB,AV6-7/DV9-CALGDQGGGADRLTF-AJ45_BV3-CASSFGTGGYYEQYF-BJ2-7,359.0,0,5,4,9,10,11,1,3,0,86,289,3,1
BL6-BALBc_HTxB,AV19-CAANGGSNYKLTF-AJ53_BV5-CASSQAWGDGEQYF-BJ2-7,328.0,3,0,2,20,8,7,2,7,0,7,126,8,1
BL6-BALBc_HTxB,AV8D-2-CATDQTGFASALTF-AJ35_BV3-CASSLVRDQDTQYF-BJ2-5,109.0,0,1,4,2,3,3,3,7,0,2,11,13,0
BL6-BALBc_HTxB,AV16D/DV11-CAMREDQGGRALIF-AJ15_BV13-2-CASGDALGASQNTLYF-BJ2-4,308.0,0,0,1,18,7,5,0,3,0,9,16,7,0
BL6-BALBc_HTxB,AV6-6-CALGDQANTDKVVF-AJ34*p03_BV14-CASSLGVNTEVFF-BJ1-1,2107.0,1,2,4,7,16,9,54,4,0,9,6,5,0
BL6-BALBc_HTxB,AV2-CIVTDSYSNNRLTL-AJ7_BV13-1-CGSSDDWVGNTLYF-BJ1-3,390.0,5,1,7,84,15,5,5,4,1,13,19,5,0
BL6-BALBc_HTxB,AV4-3-CAADYQGGSAKLIF-AJ57_BV2-CASSQERLLGGAETLYF-BJ2-3,94.0,0,1,3,2,1,1,0,1,0,1,5,15,1
BL6-BALBc_HTxB,AV16/DV11-CAMRENTGANTGKLTF-AJ52_BV13-3-CASSSGGVKAEQFF-BJ2-1,155.0,1,0,0,4,274,1,0,0,0,4,9,14,0
BL6-BALBc_HTxB,AV16D/DV11-CAMRAHYSNNRLTL-AJ7_BV13-2-CASGEQYEQYF-BJ2-7,426.0,1,0,6,8,9,117,1,15,5,12,20,2,0
BL6-BALBc_HTxB,AV13-1-CAMELSSGSWQLIF-AJ22_BV4-CASSYGEQYF-BJ2-7,372.0,0,1,0,7,8,4,1,1,0,2,198,2,0
BL6-BALBc_HTxB,AV7-3-CAVSITGNTRKLIF-AJ37*p02_BV13-3-CASSDEGGDEQYF-BJ2-7,138.0,10,0,4,7,2,9,2,4,8,9,58,17,0
BL6-BALBc_HTxB,AV7D-2-CAAHTGNYKYVF-AJ40_BV3-CASSLGRGLEQYF-BJ2-7,262.0,3,1,5,7,8,5,3,5,3,141,61,16,0
BL6-BALBc_HTxB,AV5-1-CSASGSWQLIF-AJ22_BV19-CASSTGSQNTLYF-BJ2-4,133.0,0,2,0,5,2,0,0,1,0,13,55,2,0
BL6-BALBc_HTxB,AV16/DV11-CAMREGNNNNAPRF-AJ43*p03_BV13-2-CASGENTGQLYF-BJ2-2,671.0,2,0,2,2,9,116,0,10,1,3,9,4,0
BL6-BALBc_HTxB,AV1-CAVRDSYAQGLTF-AJ26_BV13-1-CASSDDRVGNTLYF-BJ1-3,109.0,3,0,2,20,5,9,1,0,1,5,9,2,1
BL6-BALBc_HTxB,AV16/DV11-CAMREEGSNYQLIW-AJ33_BV13-2-CASGDAMVDEQYF-BJ2-7,79.0,3,0,1,5,19,3,0,4,1,3,11,6,0
BL6-BALBc_HTxB,AV9-3-CAVIGNEKITF-AJ48_BV13-3-CASSWTGGSEQYF-BJ2-7,590.0,0,5,0,4,2,8,6,3,0,6,17,6,0
BL6-BALBc_HTxB,AV13-1-CAMELSSGSWQLIF-AJ22_BV4-CASSYGEQYF-BJ2-7,245.0,1,1,1,5,11,2,3,2,0,5,260,4,0
BL6-BALBc_HTxB,AV16D/DV11-CAMREETGANTGKLTF-AJ52_BV13-3-CASSTGGVQDTQYF-BJ2-5,543.0,3,3,4,19,161,9,0,6,2,11,25,8,0
BL6-BALBc_HTxB,AV16D/DV11-CAMREGSSGSWQLIF-AJ22_BV13-2-CASGERTGSYEQYF-BJ2-7,380.0,2,2,9,14,9,6,8,10,2,17,15,4,0
BL6-BALBc_HTxB,AV3D-3-CAVSAYGGSGNKLIF-AJ32_BV4-CASSYDWSSQNTLYF-BJ2-4,112.0,3,1,11,4,4,2,1,1,3,2,28,0,0
BL6-BALBc_HTxB,AV10-CAASNYANKMIF-AJ47_BV1-CTCSGGPADTEVFF-BJ1-1,178.0,0,1,3,35,2,3,0,2,0,6,7,2,0
BL6-BALBc_HTxB,AV8D-2-CATTGNTRKLIF-AJ37*p02_BV13-3-CASSDAGTGGSDYTF-BJ1-2,92.0,0,0,9,7,7,4,6,1,1,14,6,3,0
BL6-BALBc_HTxB,AV16/DV11-CAMREDSSNTDKVVF-AJ34*p03_BV5-CASSQDLGGQNTLYF-BJ2-4,97.0,0,2,3,4,4,2,0,1,1,5,165,3,0
BL6-BALBc_HTxB,AV6D-6-CALSLNNYAQGLTF-AJ26_BV1-CTCSAEYISNERLFF-BJ1-4,92.0,14,2,8,12,6,7,4,2,21,25,134,32,0
BL6-BALBc_HTxB,AV7-1-CAVSDTNAYKVIF-AJ30_BV13-1-CASSDLVYAEQFF-BJ2-1,229.0,3,2,3,238,9,44,4,3,1,21,13,3,0
BL6-BALBc_HTxB,AV6-6-CALVNSGGS-AJ42_BV13-3-CATRDRDAEQFF-BJ2-1,407.0,0,1,0,7,65,14,0,3,0,5,5,4,1
BL6-BALBc_HTxB,AV16D/DV11-CAMREVLTSGGNYKPTF-AJ6_BV17-CASSRDPWGGSAETLYF-BJ2-3,48.0,0,1,0,0,1,12,3,1,0,2,2,0,0
BL6-BALBc_HTxB,AV7-3-CAVSSGYNKLTF-AJ11*p02_BV1-CTCSADRRDYAEQFF-BJ2-1,124.0,1,1,7,2,0,1,0,10,2,17,3,7,0
BL6-BALBc_HTxB,AV1-CAVRDSYAQGLTF-AJ26_BV13-1-CASSDDRVGNTLYF-BJ1-3,309.0,1,1,2,146,10,4,4,2,0,10,17,6,2
BL6-BALBc_HTxB,AV6-6-CALGETQVVGQLTF-AJ5*p02_BV14-CASSSDRVEQYF-BJ2-7,237.0,1,0,6,49,5,4,2,3,0,3,7,1,0
BL6-BALBc_HTxB,AV16D/DV11-CAMREGNTGNYKYVF-AJ40_BV13-2-CASGDLYEQYF-BJ2-7,279.0,2,3,12,7,83,14,3,6,1,16,16,1,0
BL6-BALBc_HTxB,AV6-5-CALSDLYANKMIF-AJ47_BV3-CASSFGTGGYEQYF-BJ2-7,147.0,1,2,9,14,6,3,0,4,1,347,14,5,1
BL6-BALBc_HTxB,AV6-7/DV9-CALGDQGGGADRLTF-AJ45_BV3-CASSFGTGGYYEQYF-BJ2-7,145.0,0,0,2,7,2,8,1,0,0,31,6,3,0
BL6-BALBc_HTxB,AV6D-6-CALSDLGDSNYQLIW-AJ33_BV1-CTCSADRDEQYF-BJ2-7,94.0,0,0,1,56,6,1,0,1,0,0,6,4,0
BL6-BALBc_HTxB,AV16D/DV11-CAMREGDSNYQLIW-AJ33_BV13-2-CASGETGGGNYAEQFF-BJ2-1,205.0,1,1,2,10,8,2,4,2,1,17,3,0,0
BL6-BALBc_HTxB,AV16D/DV11-CAMREGDSNYQLIW-AJ33_BV13-2-CASGYRAPNSDYTF-BJ1-2,163.0,0,0,1,51,1,0,0,1,0,8,4,1,1
BL6-BALBc_HTxB,AV7-5-CAMNTGYQNFYF-AJ49_BV13-2-CASGDAGSDYTF-BJ1-2,229.0,0,0,1,4,4,23,0,1,0,5,4,0,0
BL6-BALBc_HTxB,AV12-2-CALSDNTGNYKYVF-AJ40_BV13-3-CASSGTGFNTGQLYF-BJ2-2,225.0,0,1,5,6,7,3,0,2,2,4,87,1,0
BL6-BALBc_HTxB,AV6D-6-CALSDNTGYQNFYF-AJ49_BV14-CASSFPGEVFF-BJ1-1,1846.0,2,4,9,6,16,22,6,1,2,18,9,3,2
BL6-BALBc_HTxB,AV13-1-CAMELSSGSWQLIF-AJ22_BV4-CASSYGEQYF-BJ2-7,542.0,3,2,10,6,11,7,1,3,1,22,130,4,0
BL6-BALBc_HTxB,AV16D/DV11-CAMREVMNTGGLSGKLTF-AJ2_BV1-CTCSRGQDSYEQYF-BJ2-7,124.0,1,1,1,3,5,1,2,0,0,1,5,1,2
BL6-BALBc_HTxB,AV16D/DV11-CAMRAHYSNNRLTL-AJ7_BV13-2-CASGEQYEQYF-BJ2-7,193.0,1,0,9,4,10,407,1,4,0,8,11,1,0
BL6-BALBc_HTxB,AV16D/DV11-CAMREDTNAYKVIF-AJ30_BV13-2-CASGEAGANSDYTF-BJ1-2,193.0,1,3,4,4,15,33,1,96,0,9,12,1,2
BL6-BALBc_HTxB,AV14D-2-CAASADTGNYKYVF-AJ40_BV13-3-CASSGTGEGNTLYF-BJ1-3,41.0,0,1,1,1,0,2,0,0,0,61,4,5,0
BL6-BALBc_HTxB,AV12-2-CALSDTGNYKYVF-AJ40_BV13-2-CASGGTGTQYF-BJ2-5,169.0,1,1,0,2,21,2,2,1,0,2,6,7,1
BL6-BALBc_HTxB,AV2-CIVTDSYSNNRLTL-AJ7_BV1-CTCSGGRGDAVLFV-BJ2-1,266.0,1,4,2,168,6,10,1,8,1,11,19,3,0
BL6-BALBc_HTxB,AV15-2/DV6-2-CALSELPGSNAKLTF-AJ42_BV13-2-CASGRGAGNTLYF-BJ1-3,59.0,1,2,2,3,5,29,2,9,1,5,4,0,0
BL6-BALBc_HTxB,AV16/DV11-CAMREDQGGSAKLIF-AJ57_BV5-CASSQAWGDGEQYF-BJ2-7,653.0,0,1,1,9,8,6,2,4,1,8,130,3,0
BL6-BALBc_HTxB,AV16/DV11-CAMREGDTNAYKVIF-AJ30_BV13-2-CASGEINSPLYF-BJ1-6,292.0,0,4,2,13,529,50,1,5,1,13,30,4,0
BL6-BALBc_HTxB,AV9D-3-CAVSPDTNAYKVIF-AJ30_BV13-2-CASGDWGRGEQYF-BJ2-7,314.0,0,1,107,3,4,3,1,10,0,7,9,0,0
BL6-BALBc_HTxB,AV12-2-CALSGEGNYKYVF-AJ40_BV5-CASSQDFRYAEQFF-BJ2-1,183.0,1,1,0,2,4,1,0,1,1,0,4,1,0
BL6-BALBc_HTxB,AV7-3-CAVSSGQKLVF-AJ16*p02_BV19-CASSFDWGGYAEQFF-BJ2-1,83.0,6,1,0,2,4,1,0,0,2,5,39,7,0
BL6-BALBc_HTxB,AV16D/DV11-CAMREAFSGGSNAKLTF-AJ42_BV1-CTCSAAGTDTEVFF-BJ1-1,44.0,0,1,1,3,153,4,0,1,0,3,9,1,0
BL6-BALBc_HTxB,AV16D/DV11-CAMREDSNYQLIW-AJ33_BV13-2-CASGDVINTEVFF-BJ1-1,77.0,0,0,1,218,4,3,2,3,0,1,10,0,2
BL6-BALBc_HTxB,AV3-1-CAVRDYGGSGNKLIF-AJ32_BV29-CASTPQQDTQYF-BJ2-5,258.0,1,11,11,12,16,17,0,20,4,5,14,26,0
BL6-BALBc_HTxB,AV19-CAADQGGSAKLIF-AJ57_BV20-CGARYTSANTEVFF-BJ1-1,268.0,0,11,0,12,7,3,1,3,1,8,10,23,1
BL6-BALBc_HTxB,AV7-5-CAMNTGYQNFYF-AJ49_BV13-2-CASGDAGSDYTF-BJ1-2,131.0,0,0,0,0,1,6,2,1,0,2,4,3,0
BL6-BALBc_HTxB,AV4-3-CAAEDNNRIFF-AJ31_BV12-2-CASSPDWGQDTQYF-BJ2-5,749.0,49,3,0,10,8,7,4,4,0,15,26,4,0
BL6-BALBc_HTxB,AV7D-3-CAETGGYKVVF-AJ12_BV13-2-CASGEGRAEQFF-BJ2-1,125.0,0,5,4,6,11,9,1,8,0,8,22,15,2
BL6-BALBc_HTxB,AV6-5-CALSDLYANKMIF-AJ47_BV13-1-CASSGVGGDTEVFF-BJ1-1,177.0,1,2,7,11,9,14,3,2,1,107,20,3,0
BL6-BALBc_HTxB,AV4-4/DV10-CAAEASNYGGSGNKLIF-AJ32_BV17-CASSPGQNTGQLYF-BJ2-2,77.0,1,0,2,6,7,6,4,3,5,10,11,2,1
BL6-BALBc_HTxB,AV3-3-CAVDTNAYKVIF-AJ30_BV1-CTCSALWGSSYEQYF-BJ2-7,11.0,0,3,0,0,1,0,0,0,0,0,0,0,0
BL6-BALBc_HTxB,AV6-6-CAYDSGYNKLTF-AJ11*p02_BV16-CASSFLTVFNQDTQYF-BJ2-5,203.0,0,3,4,43,4,5,4,3,0,3,5,1,0
BL6-BALBc_HTxB,AV12-2-CALSDLAYQGGRALIF-AJ15_BV19-CASSPDSSNERLFF-BJ1-4,1255.0,1,1,5,11,10,13,6,4,0,12,30,6,1
BL6-BALBc_HTxB,AV16D/DV11-CAMREGNSAGNKLTF-AJ17*p02_BV13-2-CASGEPQGNYAEQFF-BJ2-1,1931.0,4,3,10,18,15,15,5,9,0,21,26,5,1
BL6-BALBc_HTxB,AV13-4/DV7-CAMGNNYAQGLTF-AJ26_BV4-CASSYDRADTQYF-BJ2-5,721.0,3,1,7,9,10,9,288,5,2,6,15,6,0
BL6-BALBc_HTxB,AV10-CAASMDNYNVLYF-AJ21*p03_BV31-CAWSLSSDYTF-BJ1-2,321.0,0,2,52,6,11,9,2,7,0,6,172,12,0
BL6-BALBc_HTxB,AV7-3-CAVDSAGNKLTF-AJ17*p02_BV13-2-CASGETGGGNYAEQFF-BJ2-1,7.0,0,0,1,0,0,0,0,0,0,0,0,0,0
BL6-BALBc_HTxB,AV13D-4-CAMDTGYQNFYF-AJ49_BV5-CASSQDSNTEVFF-BJ1-1,88.0,2,0,1,3,6,6,0,0,0,16,18,7,2
BL6-BALBc_HTxB,AV7-3-CAVSRRSSSFSKLVF-AJ50_BV2-CASSQEGLQYF-BJ2-7,245.0,2,7,2,4,9,9,1,0,0,7,3,1,1
BL6-BALBc_HTxB,AV2-CIVTDSYSNNRLTL-AJ7_BV1-CTCSAGRGDAEQFF-BJ2-1,223.0,3,1,2,124,4,1,3,2,1,7,13,3,0
BL6-BALBc_HTxB,AV12-2-CALSDYGGSGNKLIF-AJ32_BV1-CTCSAVGGAQDTQYF-BJ2-5,682.0,6,2,6,12,12,5,1,9,0,13,12,102,0
BL6-BALBc_HTxB,AV9-2-CAASFNTDKVVF-AJ34*p03_BV13-2-CASGDAGQNTLYF-BJ2-4,458.0,2,2,3,2,14,5,3,1,0,48,8,6,0
BL6-BALBc_HTxB,AV9-4-CAVSPPNNRIFF-AJ31_BV17-CASSMGAGTEVFF-BJ1-1,889.0,2,3,6,18,16,13,2,6,1,19,33,16,0
BL6-BALBc_HTxB,AV12-2-CALSDTGANTGKLTF-AJ52_BV1-CTCSADPSYEQYF-BJ2-7,115.0,0,0,2,4,1,2,0,4,0,2,3,31,0
BL6-BALBc_HTxB,AV6-7/DV9-CALGDHTGANT-AJ52_BV13-1-CASSDARLYEQYF-BJ2-7,192.0,0,1,2,85,6,5,1,5,0,5,12,4,1
BL6-BALBc_HTxB,AV3-4-CAVSDYGNEKITF-AJ48_BV16-CASSFGTGGYEQYF-BJ2-7,245.0,2,4,2,3,19,9,10,4,0,11,7,5,2
BL6-BALBc_HTxB,AV6-7/DV9-CALGDQGGGADRLTF-AJ45_BV3-CASSFGTGGYYEQYF-BJ2-7,469.0,0,3,0,15,5,8,2,1,0,29,11,4,0
BL6-BALBc_HTxB,AV2-CIVTGNNYAQGLTF-AJ26_BV20-CGARDGGGYAEQFF-BJ2-1,182.0,8,10,11,15,22,10,3,15,2,10,29,21,0
BL6-BALBc_HTxB,AV16D/DV11-CAMRAHYSNNRLTL-AJ7_BV13-2-CASGEQYEQYF-BJ2-7,404.0,0,5,1,8,7,216,1,0,1,6,13,1,1
BL6-BALBc_HTxB,AV8D-2-CATDANYNVLYF-AJ21*p03_BV13-1-CASSDAQGFEQYF-BJ2-7,60.0,0,0,0,2,2,2,2,2,0,1,5,27,0
BL6-BALBc_HTxB,AV13D-1-CATRNYQLIW-AJ33_BV1-CTCSVGTGGSTGQLYF-BJ2-2,1078.0,1,2,5,16,14,13,3,9,3,19,27,287,1
BL6-BALBc_HTxB,AV14-3-CAARDDSGYNKLTF-AJ11*p02_BV13-3-CASSLLGGAETLYF-BJ2-3,2353.0,3,10,6,7,14,9,1,6,9,13,13,7,0
BL6-BALBc_HTxB,AV7-5-CAIGAQGLTF-AJ26_BV13-1-CASSDGRESGNTLYF-BJ1-3,5.0,0,0,0,0,0,0,0,1,0,0,0,0,0
BL6-BALBc_HTxB,AV16D/DV11-CAMRESSNTDKVVF-AJ34*p03_BV13-1-CASSDAPGREQYF-BJ2-7,180.0,1,1,2,21,9,3,2,1,0,2,42,2,0
BL6-BALBc_HTxB,AV8-1-CATVASSSFSKLVF-AJ50_BV1-CTCSAAGGDTEVFF-BJ1-1,100.0,1,0,1,0,0,1,3,1,2,3,8,28,0
BL6-BALBc_HTxB,AV1-CAVRDSYAQGLTF-AJ26_BV13-1-CASSDDRVGNTLYF-BJ1-3,91.0,1,4,2,143,2,5,1,1,0,4,5,3,0
BL6-BALBc_HTxB,AV19-CAANGGSNYKLTF-AJ53_BV5-CASSQAWGDGEQYF-BJ2-7,1989.0,0,3,2,14,15,13,4,7,1,16,148,3,2
BL6-BALBc_HTxB,AV14-1-CAAREPGGSAKLIF-AJ57_BV1-CTCSAARVNERLFF-BJ1-4,136.0,0,1,0,12,7,1,0,1,0,2,7,3,0
BL6-BALBc_HTxB,AV3-1-CAVSGGSNYQLIW-AJ33_BV29-CASSLRHTEVFF-BJ1-1,136.0,1,0,11,1,1,2,0,3,1,1,4,7,0
BL6-BALBc_HTxB,AV7D-5-CAFRSSGSWQLIF-AJ22_BV13-2-CASGDGTGGYF-BJ2-7,230.0,0,1,3,12,17,9,7,3,3,3,22,11,0
BL6-BALBc_HTxB,AV4-3-CAAEADTGNYKYVF-AJ40_BV1-CTCSAGRGDAEQFF-BJ2-1,328.0,2,0,2,114,12,11,5,5,3,14,15,8,2
BL6-BALBc_HTxB,AV3-4-CAVSDQGGSAKLIF-AJ57_BV2-CASSQERVYEQYF-BJ2-7,98.0,2,1,1,4,4,6,1,0,1,2,11,6,0
BL6-BALBc_HTxB,AV13D-1-CGWGDNYAQGLTF-AJ26_BV14-CASSLGVNTEVFF-BJ1-1,446.0,1,0,3,2,8,3,18,2,1,5,4,1,1
BL6-BALBc_HTxB,AV8-1-CAQGGRALIF-AJ15_BV1-CTCSAGLGASAETLYF-BJ2-3,88.0,0,24,0,0,2,1,1,0,0,0,2,0,0
BL6-BALBc_HTxB,AV8-2-CATDVMATGGNNKLTF-AJ56_BV3-CASSLGHNYAEQFF-BJ2-1,547.0,5,0,5,14,7,4,2,2,1,7,15,6,0
BL6-BALBc_HTxB,AV9D-3-CAVSPDTNAYKVIF-AJ30_BV13-2-CASGDWGRGEQYF-BJ2-7,434.0,0,5,113,10,9,4,12,3,5,34,30,8,0
BL6-BALBc_HTxB,AV16D/DV11-CAMRENSGYNKLTF-AJ11*p02_BV13-2-CASGETGGREQYF-BJ2-7,869.0,3,5,5,30,18,13,1,12,0,20,24,5,1
BL6-BALBc_HTxB,AV6-6-CALGDQANTDKVVF-AJ34*p03_BV13-2-CASGRGAGNTLYF-BJ1-3,114.0,4,0,2,3,5,8,38,12,1,1,4,0,0
BL6-BALBc_HTxB,AV8D-1-CATAPDRGSALGRLHF-AJ18_BV1-CTCSATGGGDTEVFF-BJ1-1,83.0,1,7,0,3,5,9,1,4,2,3,7,26,0
BL6-BALBc_HTxB,AV16/DV11-CAMREGLAYKVIF-AJ30_BV13-2-CASAGTGVQNTLYF-BJ2-4,59.0,0,0,1,103,1,4,1,1,0,5,3,2,0
BL6-BALBc_HTxB,AV3-4-CAVSAEDYANKMIF-AJ47_BV13-1-CASSDVGGLNTGQLYF-BJ2-2,154.0,1,0,2,3,9,74,1,2,1,2,3,3,0
BL6-BALBc_HTxB,AV4D-4-CAAEADTGYQNFYF-AJ49_BV5-CASSQDSNSPLYF-BJ1-6,79.0,3,7,11,3,15,7,2,0,1,2,3,7,0
BL6-BALBc_HTxB,AV21/DV12-CILRGGTGSKLSF-AJ58_BV1-CTCSADRVYAEQFF-BJ2-1,669.0,1,45,2,11,9,4,5,6,1,6,15,6,0
BL6-BALBc_HTxB,AV16/DV11-CAMRDDTGYQNFYF-AJ49_BV13-2-CASRDWGGGQNTLYF-BJ2-4,373.0,2,5,3,11,586,11,6,5,0,15,32,10,0
BL6-BALBc_HTxB,AV12-3-CASPYYGNEKITF-AJ48_BV13-3-CASDQGAKNTLYF-BJ2-4,1011.0,4,3,3,8,17,9,5,10,2,16,20,10,2
BL6-BALBc_HTxB,AV7D-3-CAVSNQGGRALIF-AJ15_BV13-2-CASGDTVGNQAPLF-BJ1-5,168.0,1,1,1,8,25,5,38,0,0,1,0,2,0
BL6-BALBc_HTxB,AV16D/DV11-CAMREGNTGNYKYVF-AJ40_BV13-2-CASGDNYEQYF-BJ2-7,73.0,0,0,2,1,90,1,0,2,0,3,4,1,0
BL6-BALBc_HTxB,AV6D-6-CALSERGSALGRLHF-AJ18_BV29-CASSLNTGQLYF-BJ2-2,275.0,1,2,2,17,20,13,5,4,4,29,31,7,1
BL6-BALBc_HTxB,AV19-CAAANTGYQNFYF-AJ49_BV17-CASSRDPWGGSAETLYF-BJ2-3,148.0,4,2,6,15,14,70,15,6,18,10,77,19,1
BL6-BALBc_HTxB,AV16/DV11-CAMREDYANKMIF-AJ47_BV14-CASSFGTPPNERLFF-BJ1-4,1275.0,1,3,14,31,27,20,2,13,3,23,37,94,0
BL6-BALBc_HTxB,AV6D-6-CALSDNRIFF-AJ31_BV13-1-CASSDPTGAYEQYF-BJ2-7,516.0,4,3,3,6,10,6,0,3,1,6,71,3,0
BL6-BALBc_HTxB,AV8-2-CATDDTNAYKVIF-AJ30_BV16-CASSSLLGGGYEQYF-BJ2-7,58.0,0,0,1,2,1,10,0,0,0,1,12,0,0
BL6-BALBc_HTxB,AV7D-5-CAVRKDYGNEKITF-AJ48_BV19-CASSITDSGNTLYF-BJ1-3,2473.0,4,4,12,18,43,15,3,14,1,19,40,12,1
BL6-BALBc_HTxB,AV12D-2-CALNPDRGSALGRLHF-AJ18_BV13-2-CASGDGYEQYF-BJ2-7,95.0,0,1,0,1,7,8,0,2,0,3,15,17,0
BL6-BALBc_HTxB,AV16/DV11-CAMREVNTGNYKYVF-AJ40_BV1-CTCSAGRVGNTLYF-BJ1-3,125.0,0,0,0,9,3,5,3,1,0,8,8,1,0
BL6-BALBc_HTxB,AV12D-2-CASSMPNYNVLYF-AJ21*p03_BV29-CASSSGGRGAEQFF-BJ2-1,537.0,10,4,12,19,23,20,2,5,6,21,32,30,2
BL6-BALBc_HTxB,AV16D/DV11-CAMRDPYGGSGNKLIF-AJ32_BV1-CTCSAVREDTQYF-BJ2-5,87.0,0,0,2,67,1,7,0,1,0,2,7,2,0
BL6-BALBc_HTxB,AV6D-7-CALSDVGDNSKLIW-AJ38_BV13-1-CASSGGGWAEQFF-BJ2-1,81.0,1,0,3,4,5,3,2,1,0,2,98,0,0
BL6-BALBc_HTxB,AV8D-2-CATSSGSWQLIF-AJ22_BV13-3-CASSSGLGSSAETLYF-BJ2-3,324.0,2,1,24,11,17,587,1,5,1,11,21,3,1
BL6-BALBc_HTxB,AV9-4-CAVSSPDTNAYKVIF-AJ30_BV13-2-CASGASGGNTLYF-BJ1-3,128.0,1,1,3,22,11,6,4,6,0,12,6,4,0
BL6-BALBc_HTxB,AV16D/DV11-CAMRESDTNAYKVIF-AJ30_BV13-2-CASGDNYEQYF-BJ2-7,135.0,1,0,1,7,216,6,3,1,0,17,15,2,0
BL6-BALBc_HTxB,AV7-3-CAVSSGSWQLIF-AJ22_BV4-CASSDRAQNTLYF-BJ2-4,172.0,0,1,1,7,5,3,0,1,2,3,4,6,2
BL6-BALBc_HTxB,AV13-2-CAIGYAQGLTF-AJ26_BV13-3-CASSDGWGGYEQYF-BJ2-7,57.0,1,0,12,2,1,1,2,1,0,1,7,0,0
BL6-BALBc_HTxB,AV10D-CAASMDYANKMIF-AJ47_BV3-CASSTTGGQDTQYF-BJ2-5,1678.0,6,5,29,28,31,33,3,12,8,550,81,17,0
BL6-BALBc_HTxB,AV16D/DV11-CAMREGNYGNEKITF-AJ48_BV1-CTCSRDRANSDYTF-BJ1-2,165.0,1,0,0,14,6,9,1,2,0,5,9,3,0
BL6-BALBc_HTxB,AV10-CAAIMDYANKMIF-AJ47_BV3-CASSAGPQDTQYF-BJ2-5,116.0,1,1,1,38,5,8,3,5,1,6,12,3,1
BL6-BALBc_HTxB,AV16/DV11-CAMREDSSNTDKVVF-AJ34*p03_BV5-CASSQDLGGQNTLYF-BJ2-4,178.0,3,10,8,20,19,20,3,10,2,27,449,15,0
BL6-BALBc_HTxB,AV6-6-CALGDDTGANTGKLTF-AJ52_BV13-2-CASGDWGGDTQYF-BJ2-5,1154.0,3,8,17,99,17,29,8,7,4,16,23,6,0
BL6-BALBc_HTxB,AV6D-6-CALSDNTGYQNFYF-AJ49_BV14-CASSFPGEVFF-BJ1-1,5126.0,8,10,15,54,53,57,7,15,1,57,70,9,2
BL6-BALBc_HTxB,AV10-CAASMNQGGSAKLIF-AJ57_BV3-CASSLGRGLEQYF-BJ2-7,79.0,0,0,1,4,5,3,2,2,1,20,16,3,0
BL6-BALBc_HTxB,AV17-CALEGSNTDKVVF-AJ34*p03_BV13-2-CASGAPTEVFF-BJ1-1,46.0,1,5,1,20,5,3,0,1,3,1,3,24,0
BL6-BALBc_HTxB,AV8-1-CATDASSGSWQLIF-AJ22_BV4-CASTAANTEVFF-BJ1-1,77.0,2,0,6,3,11,1,0,10,2,8,99,4,0
BL6-BALBc_HTxB,AV19-CAAANTGYQNFYF-AJ49_BV17-CASSRDPWGGSAETLYF-BJ2-3,369.0,2,1,0,11,9,17,14,7,2,11,31,8,1
BL6-BALBc_HTxB,AV6-1-CVLGEAGTGGYKVVF-AJ12_BV29-CASTPQQDTQYF-BJ2-5,281.0,0,9,4,8,24,4,3,5,0,10,18,14,0
BL6-BALBc_HTxB,AV16/DV11-CAMRESDTNAYKVIF-AJ30_BV13-2-CASADNYEQYF-BJ2-7,93.0,2,3,2,6,482,10,1,5,0,13,6,7,0
BL6-BALBc_HTxB,AV13-1-CAANTGANTGKLTF-AJ52_BV17-CASSPGQGHTGQLYF-BJ2-2,782.0,1,7,10,16,15,13,4,3,1,8,35,13,2
BL6-BALBc_HTxB,AV13-1-CAMEPGTGYQNFYF-AJ49_BV4-CASSNRDTQYF-BJ2-5,172.0,0,3,0,16,2,4,0,0,0,5,4,5,0
BL6-BALBc_HTxB,AV3-3-CAVDTNAYKVIF-AJ30_BV13-2-CASGDGGREQYF-BJ2-7,404.0,1,0,5,20,14,7,10,3,4,8,15,14,1
BL6-BALBc_HTxB,AV14-1-CAARTSSFSKLVF-AJ50_BV14-CASSTGYEQYF-BJ2-7,97.0,5,0,8,0,13,5,0,2,2,2,7,2,0
BL6-BALBc_HTxB,AV7-4-CADNTNTGKLTF-AJ27_BV12-2-CASSLEQGEDTQYF-BJ2-5,78.0,18,0,3,7,4,5,3,3,0,8,14,3,1
BL6-BALBc_HTxB,AV12-2-CALSDRYGNEKITF-AJ48_BV29-CASSPLKGANSDYTF-BJ1-2,276.0,2,1,4,9,25,7,0,6,0,5,15,6,0
BL6-BALBc_HTxB,AV8-1-CATDASSGSWQLIF-AJ22_BV4-CASTAANTEVFF-BJ1-1,50.0,0,0,0,3,5,2,1,0,0,7,176,1,0
BL6-BALBc_HTxB,AV16/DV11-CAMREGSGGSNYKLTF-AJ53_BV5-CASSQDTAWGYAEQFF-BJ2-1,69.0,13,5,1,6,7,5,9,1,1,4,7,7,0
BL6-BALBc_HTxB,AV16/DV11-CAMREGLAYKVIF-AJ30_BV13-2-CASGDAAVSNERLFF-BJ1-4,1493.0,2,2,3,57,12,18,0,5,0,8,12,4,0
BL6-BALBc_HTxB,AV19-CAAANTGYQNFYF-AJ49_BV17-CASSRDPWGGSAETLYF-BJ2-3,235.0,0,3,2,12,4,10,1,4,0,7,15,0,0
BL6-BALBc_HTxB,AV16/DV11-CAMREGLGGADRLTF-AJ45_BV13-1-CASSGRGANTEVFF-BJ1-1,2121.0,3,3,11,149,23,16,3,15,2,18,74,14,1
BL6-BALBc_HTxB,AV6-7/DV9-CALGDQGGGADRLTF-AJ45_BV3-CASSFGTGGYYEQYF-BJ2-7,300.0,1,1,2,7,8,9,2,6,0,81,14,0,0
BL6-BALBc_HTxB,AV16D/DV11-CAMRNYAQGLTF-AJ26_BV13-3-CASSRDRGDTEVFF-BJ1-1,375.0,65,2,1,7,2,3,3,1,1,4,9,0,0
BL6-BALBc_HTxB,AV3-3-CAVDTNAYKVIF-AJ30_BV13-2-CASGDGGREQYF-BJ2-7,152.0,8,1,8,4,21,10,3,8,8,25,40,15,0
BL6-BALBc_HTxB,AV6-6-CALGDQANTDKVVF-AJ34*p03_BV14-CASSLGVNTEVFF-BJ1-1,47.0,0,0,2,8,1,1,16,1,0,0,2,0,0
BL6-BALBc_HTxB,AV16/DV11-CAMREGDNNNRIFF-AJ31_BV5-CASSHGTINERLFF-BJ1-4,86.0,0,0,0,0,36,1,0,0,0,0,1,5,0
BL6-BALBc_HTxB,AV15-1/DV6-1-CALWELASSNTDKVVF-AJ34*p03_BV13-1-CASSDDRVGNTLYV-BJ1-3,129.0,2,2,3,83,12,11,2,4,0,11,11,5,1
BL6-BALBc_HTxB,AV4-3-CAAEANSAGNKLTF-AJ17*p02_BV13-3-CASSQLAEQFF-BJ2-1,357.0,0,2,3,5,3,5,0,1,0,11,95,1,0
BL6-BALBc_HTxB,AV9D-3-CAVSPDTNAYKVIF-AJ30_BV13-2-CASGDWGRGEQYF-BJ2-7,101.0,0,2,29,1,2,0,0,0,0,1,1,0,0
BL6-BALBc_HTxB,AV9-4-CAVSSSGSWQLIF-AJ22_BV3-CASSLGNNQDTQYF-BJ2-5,911.0,2,4,13,19,15,9,3,8,1,17,35,15,1
BL6-BALBc_HTxB,AV19-CAAANTGYQNFYF-AJ49_BV17-CASSRDPWGGSAETLYF-BJ2-3,30.0,4,0,10,2,10,23,11,0,2,4,30,10,0
BL6-BALBc_HTxB,AV10-CAASNYANKMIF-AJ47_BV1-CTCSGGPADTEVFF-BJ1-1,381.0,0,1,1,11,4,2,1,2,0,5,3,2,0
BL6-BALBc_HTxB,AV16D/DV11-CAMRENSGYNKLTF-AJ11*p02_BV5-CASSQDRGDERLFF-BJ1-4,96.0,1,8,2,4,7,2,0,2,0,7,4,1,0
BL6-BALBc_HTxB,AV16D/DV11-CAMRESNTGYQNFYF-AJ49_BV13-2-CASGGTGGRDTQYF-BJ2-5,80.0,1,0,2,5,5,16,0,2,0,1,4,3,0
BL6-BALBc_HTxB,AV1-CAVRDSYAQGLTF-AJ26_BV13-1-CASSDDRVGNTLYF-BJ1-3,346.0,6,3,6,146,14,6,3,27,2,13,33,6,1
BL6-BALBc_HTxB,AV4-3-CAADSGNTRKLIF-AJ37*p02_BV13-3-CASSATGGNERLFF-BJ1-4,538.0,3,2,8,21,17,17,1,12,1,22,33,12,0
BL6-BALBc_HTxB,AV12-3-CALRPHQGTGSKLSF-AJ58_BV1-CTCSADRVQDTQYF-BJ2-5,240.0,9,3,14,6,29,5,9,14,2,15,31,27,0
BL6-BALBc_HTxB,AV15D-1/DV6D-1-CALWELAPTNAYKVIF-AJ30_BV2-CASSQDGAGANSDYTF-BJ1-2,45.0,8,1,8,7,5,5,7,6,5,11,65,11,0
BL6-BALBc_HTxB,AV16/DV11-CAMREGDNNNRIFF-AJ31_BV13-1-CASSEGHPNERLFF-BJ1-4,462.0,12,3,4,15,28,18,4,3,0,18,22,6,0
BL6-BALBc_HTxB,AV16/DV11-CAMREDTGGADRLTF-AJ45_BV1-CTCSADRVNQAPLF-BJ1-5,38.0,1,1,0,4,4,2,2,1,0,2,104,4,1
BL6-BALBc_HTxB,AV13-2-CAIGYAQGLTF-AJ26_BV13-3-CASSDGWGGYEQYF-BJ2-7,418.0,4,0,96,5,5,5,1,0,0,4,9,2,1
BL6-BALBc_HTxB,AV16D/DV11-CAMRVSNTGYQNFYF-AJ49_BV1-CTCSEDRVYAEQFF-BJ2-1,102.0,1,13,5,9,11,11,1,2,0,5,14,9,1
BL6-BALBc_HTxB,AV19-CAAGSSSSFSKLVF-AJ50_BV13-1-CASSEMVGDYEQYF-BJ2-7,255.0,1,2,3,8,3,5,2,9,1,4,12,19,1
BL6-BALBc_HTxB,AV8-1-CATDASSGSWQLIF-AJ22_BV4-CASTAANTEVFF-BJ1-1,1016.0,1,3,6,8,14,18,4,5,0,11,451,7,1
BL6-BALBc_HTxB,AV8D-1-CATAPDRGSALGRLHF-AJ18_BV1-CTCSATGGGDTEVFF-BJ1-1,103.0,3,8,4,7,5,5,2,1,0,6,9,14,0
BL6-BALBc_HTxB,AV15-1/DV6-1-CALWELASSNTDKVVF-AJ34*p03_BV3-CASSFGTGGYYEQYF-BJ2-7,305.0,3,2,4,15,14,5,1,4,0,72,12,2,0
BL6-BALBc_HTxB,AV4D-3-CAADLTSGGNYKPTF-AJ6_BV13-1-CASSDAGFSDYTF-BJ1-2,207.0,0,1,154,5,4,7,0,1,1,8,8,3,1
BL6-BALBc_HTxB,AV16/DV11-CAMREEEGASSSFSKLVF-AJ50_BV29-CASRTAYEQYF-BJ2-7,130.0,0,0,1,5,3,1,1,1,1,0,44,1,0
BL6-BALBc_HTxB,AV13-1-CAANTGANTGKLTF-AJ52_BV17-CASSPGQGHTGQLYF-BJ2-2,160.0,3,3,9,13,14,3,5,2,1,11,30,4,0
BL6-BALBc_HTxB,AV16/DV11-CAMREDNAGAKLTF-AJ39_BV13-2-CASGDQGASGNTLYF-BJ1-3,38.0,0,0,1,0,54,1,1,0,0,0,3,2,0
BL6-BALBc_HTxB,AV7D-5-CAVSSYSGGSNAKLTF-AJ42_BV3-CASSQDRVSGNTLYF-BJ1-3,719.0,2,7,16,17,17,143,111,4,4,18,26,9,2
BL6-BALBc_HTxB,AV16D/DV11-CAMREDSGYNKLTF-AJ11*p02_BV13-2-CASGTTYEQYF-BJ2-7,872.0,1,4,10,25,15,7,5,11,1,358,25,3,1
BL6-BALBc_HTxB,AV10-CAASTGGNNKLTF-AJ56_BV17-CASSRGRGLNSPLYF-BJ1-6,60.0,1,15,0,1,2,0,0,2,0,3,2,0,0
BL6-BALBc_HTxB,AV7D-3-CAVEGYQNFYF-AJ49_BV13-1-CASSEGQPNTGQLYF-BJ2-2,215.0,1,0,1,3,3,3,0,1,0,2,266,3,0
BL6-BALBc_HTxB,AV16D/DV11-CAMREGMGYKLTF-AJ9_BV13-2-CASGETNTEVFF-BJ1-1,1684.0,3,7,13,51,6,72,4,1,0,14,22,5,0
BL6-BALBc_HTxB,AV10-CAAVMDYANKMIF-AJ47_BV13-1-CASSGSGGYAEQFF-BJ2-1,77.0,0,1,0,1,4,3,1,2,1,6,4,7,0
BL6-BALBc_HTxB,AV6-7/DV9-CALGDQGGGADRLTF-AJ45_BV3-CASSFGTGGYYEQYF-BJ2-7,1287.0,3,7,6,16,25,15,2,3,4,39,28,8,0
BL6-BALBc_HTxB,AV6-6-CALGSYTGGADRLTF-AJ45_BV13-1-CASSDRGANTGQLYF-BJ2-2,214.0,4,103,4,9,12,12,10,3,1,15,23,9,0
BL6-BALBc_HTxB,AV15D-1/DV6D-1-CALWELAPTNAYKVIF-AJ30_BV2-CASSQDGAGANSDYTF-BJ1-2,83.0,1,3,0,2,2,1,2,0,0,1,10,0,0
BL6-BALBc_HTxB,AV5-4-CAASAPGGNNKLTF-AJ56_BV17-CASSPGQGNTEVFF-BJ1-1,83.0,0,10,9,6,4,4,8,6,4,9,14,4,0
BL6-BALBc_HTxB,AV12D-2-CASAYNTNTGKLTF-AJ27_BV2-CASSQDGLGADTQYF-BJ2-5,157.0,2,6,10,2,20,12,10,12,2,11,10,17,0
BL6-BALBc_HTxB,AV7D-3-CAVEGYQNFYF-AJ49_BV13-1-CASSEGQPNTGQLYF-BJ2-2,96.0,0,1,1,2,2,7,0,2,0,2,35,1,0
BL6-BALBc_HTxB,AV8-2-CATDSGGSNYKLTF-AJ53_BV1-CTCSAAGTDTEVFF-BJ1-1,957.0,0,3,7,15,17,21,1,9,1,20,15,23,1
BL6-BALBc_HTxB,AV4-3-CAAEADTGNYKYVF-AJ40_BV2-CASSQDWANTGQLYF-BJ2-2,76.0,0,1,37,0,13,2,0,2,0,4,3,1,0
BL6-BALBc_HTxB,AV4-3-CAAHVNTGNYKYVF-AJ40_BV29-CASSLIRYAEQFF-BJ2-1,290.0,0,2,2,17,3,3,2,1,0,6,6,1,0
BL6-BALBc_HTxB,AV8-1-CATDASSGSWQLIF-AJ22_BV4-CASTAANTEVFF-BJ1-1,128.0,1,1,2,10,12,9,1,1,0,7,400,2,0
BL6-BALBc_HTxB,AV9-4-CAVSPNYAQGLTF-AJ26_BV13-3-CASSGTVTNSDYTF-BJ1-2,1425.0,4,0,8,13,26,13,3,3,1,15,26,5,0
BL6-BALBc_HTxB,AV1-CAVRDSYAQGLTF-AJ26_BV13-1-CASSDDRVGNTLYF-BJ1-3,40.0,0,0,6,41,4,2,1,1,0,3,2,1,1
BL6-BALBc_HTxB,AV4D-3-CAAWESNYQLIW-AJ33_BV29-CASSPGQQDTQYF-BJ2-5,583.0,1,3,7,20,18,14,5,7,1,13,21,4,0
BL6-BALBc_HTxB,AV16D/DV11-CAMSQSGGNYKPTF-AJ6_BV13-2-CASGHWGVEQYF-BJ2-7,224.0,4,3,1,6,6,11,3,5,0,10,14,8,0
BL6-BALBc_HTxB,AV10D-CAADNYAQGLTF-AJ26_BV13-1-CASSDAGAQDTQYF-BJ2-5,939.0,3,1,3,5,16,6,1,78,0,7,11,5,0
BL6-BALBc_HTxB,AV16/DV11-CAMREANTGNYKYVF-AJ40_BV13-2-CASGDNYEQYF-BJ2-7,66.0,1,3,2,5,317,11,1,3,0,12,10,2,1
BL6-BALBc_HTxB,AV3-3-CAVSAVDSNYQLIW-AJ33_BV19-CASTPPLGGYAEQFF-BJ2-1,328.0,2,4,1,244,9,9,4,1,0,5,14,8,2
BL6-BALBc_HTxB,AV12-3-CALRRNNYAQGLTF-AJ26_BV29-CASSLSEEQYF-BJ2-7,47.0,0,0,0,1,2,1,0,1,0,1,2,1,0
BL6-BALBc_HTxB,AV5D-4-CAASGGSGNKLIF-AJ32_BV13-1-CASSAGYAEQFF-BJ2-1,120.0,1,2,3,2,6,6,0,0,1,0,78,5,0
BL6-BALBc_HTxB,AV6-1-CVLAPSSGSWQLIF-AJ22_BV19-CASSIVRVAETLYF-BJ2-3,142.0,3,0,0,11,7,7,3,0,1,12,13,0,0
BL6-BALBc_HTxB,AV12-3-CALSSLNTDKVVF-AJ34*p03_BV13-1-CASSGTVNTGQLYF-BJ2-2,55.0,1,1,2,14,7,4,0,3,0,5,41,1,0
BL6-BALBc_HTxB,AV16D/DV11-CAMREGNTNTGKLTF-AJ27_BV1-CTCSADGVYAEQFF-BJ2-1,1063.0,2,10,13,130,27,20,4,14,4,17,30,77,1
BL6-BALBc_HTxB,AV5-4-CAAKNSGGSNYKLTF-AJ53_BV1-CTCSANAISNERLFF-BJ1-4,249.0,2,4,5,74,16,10,1,9,1,7,16,10,0
BL6-BALBc_HTxB,AV6-1-CVPGEDAQGLTF-AJ26_BV5-CASSQDGTEEVFF-BJ1-1,229.0,21,9,11,13,22,15,10,10,14,29,116,20,1
BL6-BALBc_HTxB,AV13-1-CAMELSSGSWQLIF-AJ22_BV4-CASSYGEQYF-BJ2-7,129.0,0,4,5,16,18,12,1,0,0,15,484,8,0
BL6-BALBc_HTxB,AV16/DV11-CAMREEQQGTGSKLSF-AJ58_BV31-CAWRRQGAYAEQFF-BJ2-1,89.0,5,9,14,7,15,8,6,7,1,15,27,17,1
BL6-BALBc_HTxB,AV7-1-CADNTNTGKLTF-AJ27_BV19-CASSPRTEVFF-BJ1-1,129.0,1,0,7,5,5,4,2,3,0,3,13,1,2
BL6-BALBc_HTxB,AV16D/DV11-CAMRDITGNTRKLIF-AJ37*p02_BV4-CASSYGAQYF-BJ2-7,244.0,5,3,7,13,20,11,4,7,2,17,402,9,0
BL6-BALBc_HTxB,AV7-4-CADNTNTGKLTF-AJ27_BV12-2-CASSLEQGEDTQYF-BJ2-5,131.0,69,0,0,1,7,2,1,3,0,1,8,5,0
BL6-BALBc_HTxB,AV16D/DV11-CAMREGTGNTRKLIF-AJ37*p02_BV4-CASSVDWGGSQNTLYF-BJ2-4,64.0,0,0,0,2,0,1,3,0,1,2,6,0,0
BL6-BALBc_HTxB,AV12-1-CALSDPSNTDKVVF-AJ34*p03_BV13-1-CASSPHYNYAEQFF-BJ2-1,607.0,4,4,13,21,25,21,4,4,1,18,687,12,1
BL6-BALBc_HTxB,AV16D/DV11-CAMREDNNRIFF-AJ31_BV13-2-CASGEIATNTGQLYF-BJ2-2,180.0,1,0,1,85,11,19,2,0,0,5,10,1,0
BL6-BALBc_HTxB,AV10D-CAAGSGTYQRF-AJ13_BV13-2-CASGTTYEQYF-BJ2-7,462.0,6,9,13,12,18,160,3,18,4,9,33,11,2
BL6-BALBc_HTxB,AV16/DV11-CAMREDNYGNEKITF-AJ48_BV31-CAWSPDRVDEQYF-BJ2-7,144.0,0,0,0,3,13,8,4,7,0,11,17,32,0
BL6-BALBc_HTxB,AV6D-6-CALSDRGTNTGKLTF-AJ27_BV29-CASTPGLQDTQYF-BJ2-5,364.0,6,11,27,24,22,17,5,23,8,36,45,44,0
BL6-BALBc_HTxB,AV16/DV11-CAMREANTGYQNFYF-AJ49_BV13-2-CASGAMYEQYF-BJ2-7,168.0,0,0,5,20,15,32,0,4,0,2,7,3,0
BL6-BALBc_HTxB,AV7D-3-CAVRDTGYQNFYF-AJ49_BV1-CTCSADRVGNTLYF-BJ1-3,146.0,0,0,2,19,4,3,5,3,0,4,15,1,0
BL6-BALBc_HTxB,AV16/DV11-CAMREDSSNTDKVVF-AJ34*p03_BV5-CASSQDLGGQNTLYF-BJ2-4,253.0,2,6,7,9,16,16,4,4,0,15,778,6,1
BL6-BALBc_HTxB,AV6-6-CALGEAGGNNKLTF-AJ56_BV5-CASSQDDAEQFF-BJ2-1,247.0,2,11,15,15,35,16,5,11,4,20,43,14,0
BL6-BALBc_HTxB,AV8-1-CATDASSGSWQLIF-AJ22_BV4-CASTAANTEVFF-BJ1-1,486.0,1,6,4,12,10,15,4,10,1,20,448,8,1
BL6-BALBc_HTxB,AV15-1/DV6-1-CALWELASSNTDKVVF-AJ34*p03_BV3-CASSFGTGGYYEQYF-BJ2-7,534.0,1,1,2,11,7,10,2,10,0,179,10,6,0
BL6-BALBc_HTxB,AV7-3-CAAANMGYKLTF-AJ9_BV1-CTCSEGQTSGNTLYF-BJ1-3,247.0,7,0,5,8,12,6,2,6,1,7,14,20,0
BL6-BALBc_HTxB,AV9D-3-CAVSPDTNAYKVIF-AJ30_BV13-2-CASGDWGRGEQYF-BJ2-7,8.0,0,0,1,0,0,0,0,0,0,0,0,0,0
BL6-BALBc_HTxB,AV6-6-CALGDDTGANTGKLTF-AJ52_BV13-2-CASGDWGGDTQYF-BJ2-5,2281.0,7,6,3,35,19,13,1,7,3,11,22,8,2
BL6-BALBc_HTxB,AV14-2-CAASPYTGNYKYVF-AJ40_BV13-1-CASSTGNTLYF-BJ2-4,293.0,1,3,1,8,8,2,0,3,4,73,16,0,0
BL6-BALBc_HTxB,AV7D-2-CAAHRGSALGRLHF-AJ18_BV4-CASSWDTNTEVFF-BJ1-1,274.0,1,1,2,6,2,3,1,2,0,4,9,7,0
BL6-BALBc_HTxB,AV4D-3-CAADLTSGGNYKPTF-AJ6_BV13-1-CASSDAGFSDYTF-BJ1-2,121.0,0,0,64,4,2,7,0,4,2,5,2,2,0
BL6-BALBc_HTxB,AV16D/DV11-CAMREVQGGRAL-AJ15_BV1-CTCSGQGALYEQYF-BJ2-7,76.0,0,2,0,18,13,1,1,3,0,9,7,0,0
BL6-BALBc_HTxB,AV16D/DV11-CAMRENYGGSGNKLIF-AJ32_BV13-3-CASSDAETGGDERLFF-BJ1-4,70.0,0,0,3,4,7,7,1,1,1,6,30,4,1
BL6-BALBc_HTxB,AV17-CALEKSGGSNYKLTF-AJ53_BV13-3-CASRDRGEVFF-BJ1-1,229.0,1,6,1,7,10,305,1,6,0,4,14,6,0
BL6-BALBc_HTxB,AV12-1-CALSDPSNTDKVVF-AJ34*p03_BV13-1-CASSPHYNYAEQFF-BJ2-1,82.0,1,3,8,6,6,6,2,4,0,11,271,5,0
BL6-BALBc_HTxB,AV9D-4-CALVPDTNAYKVIF-AJ30_BV13-2-CASGETEYEQYF-BJ2-7,191.0,1,4,2,2,2,21,10,77,1,8,15,5,0
BL6-BALBc_HTxB,AV16D/DV11-CAMREGDSNYQLIW-AJ33_BV13-2-CASGYRAPNSDYTF-BJ1-2,206.0,0,0,3,21,5,7,3,3,1,3,10,2,0
BL6-BALBc_HTxB,AV6-6-CALGGPNNNRIFF-AJ31_BV13-2-CASGDITEVFF-BJ1-1,54.0,3,3,0,118,6,7,0,2,1,4,8,3,0
BL6-BALBc_HTxB,AV6-1-CVLVPSSGSWQLIF-AJ22_BV13-3-CASSDQNSDYTF-BJ1-2,47.0,3,1,4,6,6,3,5,2,0,103,6,6,2
BL6-BALBc_HTxB,AV12-2-CALSDRYGNEKITF-AJ48_BV29-CASSPLKGANSDYTF-BJ1-2,209.0,0,1,5,12,146,5,0,7,1,8,16,4,1
BL6-BALBc_HTxB,AV16/DV11-CAMREGNSGGSNYKLTF-AJ53_BV13-1-CASSDVPYEQYF-BJ2-7,188.0,2,1,8,15,12,106,10,9,5,12,42,13,0
BL6-BALBc_HTxB,AV13-4/DV7-CAMDLNTGYQNFYF-AJ49_BV20-CGARLGSQNTLYF-BJ2-4,178.0,5,3,7,6,7,5,2,5,2,9,14,8,0
BL6-BALBc_HTxB,AV7-3-CAVRGSALGRLHF-AJ18_BV4-CASSSGLGGRLEQYF-BJ2-7,558.0,2,3,3,14,29,141,4,14,4,14,33,11,1
BL6-BALBc_HTxB,AV5-1-CSASVDYAQGLTF-AJ26_BV31-CAWSPGTQNTLYF-BJ2-4,91.0,3,2,1,4,3,20,2,0,1,1,5,4,0
BL6-BALBc_HTxB,AV4-3-CAAHVNTGNYKYVF-AJ40_BV13-1-CASSAGGEQYF-BJ2-7,156.0,1,1,2,17,4,4,0,3,0,6,10,4,0
BL6-BALBc_HTxB,AV9-4-CAVSTGFASALTF-AJ35_BV4-CASSSWGGKDTQYF-BJ2-5,177.0,7,3,13,5,10,7,8,0,0,16,10,7,0
BL6-BALBc_HTxB,AV6D-6-CALSLNNYAQGLTF-AJ26_BV1-CTCSAEYISNERLFF-BJ1-4,107.0,4,3,1,4,6,3,0,1,2,2,35,6,0
BL6-BALBc_HTxB,AV16D/DV11-CAMREGTGSWQLIF-AJ22_BV13-1-CASSAGGNYAEQFF-BJ2-1,1399.0,5,1,2,6,26,7,4,4,0,16,96,7,0
BL6-BALBc_HTxB,AV6-1-CVLVPSSGSWQLIF-AJ22_BV13-3-CASSDQNSDYTF-BJ1-2,91.0,1,1,1,6,4,2,3,0,0,60,7,1,1
BL6-BALBc_HTxB,AV7-3-CAVNAYKVIF-AJ30_BV1-CTCSAGRGDAEQFF-BJ2-1,493.0,1,2,2,122,13,45,0,7,0,12,16,5,0
BL6-BALBc_HTxB,AV7-5-CRGGSGNLIF-AJ57_BV29-CASSFGYTGQLYF-BJ2-2,173.0,0,0,2,6,4,6,0,0,0,5,7,4,0
BL6-BALBc_HTxB,AV16D/DV11-CAMREGNTGNYKYVF-AJ40_BV13-2-CASGDLYEQYF-BJ2-7,459.0,4,5,12,30,57,20,3,3,3,28,22,8,2
BL6-BALBc_HTxB,AV16/DV11-CAMREGYQNFYF-AJ49_BV13-1-CASSGRNTEVFF-BJ1-1,50.0,2,29,3,5,2,3,0,6,0,2,11,0,0
BL6-BALBc_HTxB,AV16/DV11-CAMREGNNNNAPRF-AJ43*p03_BV13-1-CASNDWGGADAEQFF-BJ2-1,51.0,0,1,0,1,4,25,0,1,0,0,2,0,0
BL6-BALBc_HTxB,AV16D/DV11-CAMREPSSGSWQLIF-AJ22_BV1-CTCSAGRGDAEQFF-BJ2-1,86.0,0,1,0,67,1,0,0,0,0,3,6,3,1
BL6-BALBc_HTxB,AV9D-3-CAVSPNYAQGLTF-AJ26_BV13-1-CASSDVRDSGNTLYF-BJ1-3,87.0,1,0,1,3,3,3,0,0,0,5,7,4,0
BL6-BALBc_HTxB,AV9-4-CAVRDYGNEKITF-AJ48_BV1-CTCSAVRAEVFF-BJ1-1,63.0,0,0,0,1,0,0,2,0,0,0,3,10,0
BL6-BALBc_HTxB,AV7-3-CAVDYANKMIF-AJ47_BV29-CASSWTGVLDTQYF-BJ2-5,68.0,6,2,1,8,3,1,1,2,0,5,4,2,1
BL6-BALBc_HTxB,AV12D-2-CALSDLANSGTYQRF-AJ13_BV2-CASSQDQGALAETLYF-BJ2-3,75.0,4,8,1,3,4,1,4,6,0,1,1,3,1
BL6-BALBc_HTxB,AV6D-7-CALTDTGGLSGKLTF-AJ2_BV13-2-CASGDAFGDEQYF-BJ2-7,119.0,0,2,0,3,2,10,2,9,0,3,9,3,0
BL6-BALBc_HTxB,AV5-4-CAARNNNNAPRF-AJ43*p03_BV4-CASSYGEQYF-BJ2-7,176.0,0,0,2,4,3,6,0,3,0,8,7,1,0
BL6-BALBc_HTxB,AV14D-3/DV8-CAASDVNTGNYKYVF-AJ40_BV13-1-CASSDWGNSDYTF-BJ1-2,150.0,0,6,0,4,4,8,0,6,0,5,7,6,0
BL6-BALBc_HTxB,AV2-CIVTDRGYSNNRLTL-AJ7_BV4-CASSLGQYEQYF-BJ2-7,242.0,1,0,1,1,3,6,1,4,1,5,7,5,1
BL6-BALBc_HTxB,AV5-1-CSASVDYAQGLTF-AJ26_BV31-CAWSPGTQNTLYF-BJ2-4,165.0,3,2,3,8,9,25,2,6,0,12,9,4,0
BL6-BALBc_HTxB,AV3-3-CAVDTNAYKVIF-AJ30_BV13-2-CASGDGGREQYF-BJ2-7,98.0,2,1,1,0,2,2,0,0,0,10,19,1,0
BL6-BALBc_HTxB,AV8-1-CATDASSGSWQLIF-AJ22_BV4-CASTQANTEVFF-BJ1-1,137.0,0,1,8,7,12,11,1,4,0,12,532,4,0
BL6-BALBc_HTxB,AV13-1-CAMENTGYQNFYF-AJ49_BV13-1-CASSDIANTEVFF-BJ1-1,67.0,0,0,1,3,8,3,1,2,1,2,1,2,0
BL6-BALBc_HTxB,AV7-4-CAARFMDYANKMIF-AJ47_BV31-CAWSLGFAADYTF-BJ1-2,1624.0,4,2,6,12,85,11,1,4,2,15,15,9,1
BL6-BALBc_HTxB,AV16/DV11-CAMRDSGGSNAKLTF-AJ42_BV13-1-CASSDRGSQNTLYF-BJ2-4,70.0,0,0,135,0,2,5,0,0,1,2,1,0,0
BL6-BALBc_HTxB,AV16D/DV11-CAMRVSNTGYQNFYF-AJ49_BV1-CTCSEDRVYAEQFF-BJ2-1,893.0,0,29,11,7,6,9,3,7,1,14,8,14,1
BL6-BALBc_HTxB,AV16/DV11-CAMREGNTGYQNFYF-AJ49_BV13-2-CASGRGAGNTLYF-BJ1-3,63.0,1,0,4,5,3,5,0,8,0,3,18,0,0
BL6-BALBc_HTxB,AV7D-2-CAASDMGYKLTF-AJ9_BV13-2-CASGDLYEQYI-BJ2-7,60.0,1,4,0,3,4,31,1,5,1,6,6,1,1
BL6-BALBc_HTxB,AV16D/DV11-CAMREDNNRIFF-AJ31_BV13-2-CASGEIATNTGQLYF-BJ2-2,329.0,1,2,2,47,5,8,6,3,2,6,14,2,0
BL6-BALBc_HTxB,AV16D/DV11-CAMREGMGYKLTF-AJ9_BV13-2-CASGETNTEVFF-BJ1-1,240.0,2,1,2,61,3,109,0,2,3,12,7,2,0
BL6-BALBc_HTxB,AV7-5-CAMRGGSNYKLTF-AJ53_BV13-3-CASSETGGQDTQYF-BJ2-5,271.0,1,0,1,8,4,69,4,2,0,6,12,3,0
BL6-BALBc_HTxB,AV8D-2-CATVGNRIFF-AJ31_BV1-CTCSAVRISNERLFF-BJ1-4,970.0,1,4,4,56,11,4,2,5,0,8,15,10,1
BL6-BALBc_HTxB,AV6-5-CALSDGGTGSKLSF-AJ58_BV17-CASSPGLGGRFNEQYF-BJ2-7,304.0,1,0,11,8,9,7,8,7,0,21,24,4,0
BL6-BALBc_HTxB,AV5-1-CSASVDYAQGLTF-AJ26_BV31-CAWSPGTQNTLYF-BJ2-4,116.0,5,1,4,14,3,23,0,3,3,8,48,4,0
BL6-BALBc_HTxB,AV6-6-CALGDQANTDKVVF-AJ34*p03_BV14-CASSLGVNTEVFF-BJ1-1,2022.0,3,4,13,14,18,21,81,6,0,23,28,10,0
BL6-BALBc_HTxB,AV9D-4-CALIPDTNAYKVIF-AJ30_BV13-2-CASGETEYEQYF-BJ2-7,255.0,2,1,2,7,7,11,0,89,0,5,12,3,1
BL6-BALBc_HTxB,AV3-4-CAVSANYAQGLTF-AJ26_BV13-1-CASSDRGRDQNTLYF-BJ2-4,315.0,2,6,10,8,6,2,7,5,1,12,11,18,0
BL6-BALBc_HTxB,AV6-7/DV9-CALGDQGGGADRLTF-AJ45_BV3-CASSFGTGGYYEQYF-BJ2-7,531.0,2,1,3,28,22,14,5,6,3,125,21,8,0
BL6-BALBc_HTxB,AV7-3-CAVSNQGGRALIF-AJ15_BV13-1-CASSEGVNSDYTF-BJ1-2,142.0,1,5,7,11,13,5,5,16,3,6,8,10,0
BL6-BALBc_HTxB,AV6D-7-CALSDMGYKLTF-AJ9_BV13-2-CASGDVDSYNSPLYF-BJ1-6,2219.0,4,6,6,20,26,24,9,29,2,31,34,10,1
BL6-BALBc_HTxB,AV13-1-CAMELSSGSWQLIF-AJ22_BV4-CASSYGEQYF-BJ2-7,70.0,0,5,1,6,4,3,1,1,0,8,291,1,0
BL6-BALBc_HTxB,AV16/DV11-CAMRDAGNTRKLIF-AJ37*p02_BV1-CTCSADRYNYAEQFF-BJ2-1,100.0,0,13,1,3,9,3,1,2,0,3,8,2,0
BL6-BALBc_HTxB,AV6D-6-CALSDSGNEKITF-AJ48_BV14-CASSPGTNTLYF-BJ2-4,103.0,0,3,6,4,11,4,0,0,1,9,6,10,0
BL6-BALBc_HTxB,AV7D-2-CAAHTGNYKYVF-AJ40_BV1-CTCSAVRVSNSDYTF-BJ1-2,338.0,3,3,2,50,12,4,3,9,0,13,16,4,0
BL6-BALBc_HTxB,AV6D-7-CALSDWSNYQLIW-AJ33_BV13-1-CASSDLRVNTEVFF-BJ1-1,521.0,2,4,4,130,20,11,4,3,0,10,26,5,0
BL6-BALBc_HTxB,AV10-CAASMNQGGS-AJ57_BV13-1-CASSDAGVYEQYF-BJ2-7,21.0,0,0,0,0,1,3,2,6,0,1,8,3,0
BL6-BALBc_HTxB,AV5D-4-CAATQGGRALIF-AJ15_BV19-CASSIWGYYAEQFF-BJ2-1,100.0,1,2,4,4,15,4,1,2,3,13,11,6,0
BL6-BALBc_HTxB,AV3D-3-CAVRSSGSWQLIF-AJ22_BV13-3-CASSNRDNNTLYF-BJ2-4,499.0,2,0,3,6,5,5,1,7,0,4,26,10,0
BL6-BALBc_HTxB,AV16D/DV11-CAMRAHYSNNRLTL-AJ7_BV13-2-CASGEQYEQYF-BJ2-7,361.0,0,1,5,13,13,106,2,9,1,18,24,10,2
BL6-BALBc_HTxB,AV12-2-CALSDREGNTRKLIF-AJ37*p02_BV13-2-CASGDAAEQYF-BJ2-7,3475.0,2,3,4,24,25,13,8,13,2,18,56,9,1
BL6-BALBc_HTxB,AV9D-3-CAVSPDTNAYKVIF-AJ30_BV13-2-CASGETGANSDYTF-BJ1-2,173.0,0,3,0,7,13,134,5,166,1,9,8,8,0
BL6-BALBc_HTxB,AV10D-CAASMDYANKMIF-AJ47_BV3-CASSTTGGQDTQYF-BJ2-5,376.0,1,1,1,6,4,8,1,1,0,197,15,1,0
BL6-BALBc_HTxB,AV7-4-CAASWSNYQLIW-AJ33_BV5-CASSQDGNSDYTF-BJ1-2,87.0,0,0,5,8,6,4,3,217,0,2,10,4,0
BL6-BALBc_HTxB,AV13D-1-CAMDSNYQLIW-AJ33_BV16-CASSRDDILNERLFF-BJ1-4,638.0,1,3,6,15,16,10,0,3,1,10,103,9,0
BL6-BALBc_HTxB,AV12-2-CALSMDYANKMIF-AJ47_BV13-3-CASSDRTEVFF-BJ1-1,58.0,0,2,0,10,2,5,0,1,0,3,5,1,0
BL6-BALBc_HTxB,AV7-5-CAMSLFNNYAQGLTF-AJ26_BV1-CTCSADRYNYAEQFF-BJ2-1,136.0,13,4,3,13,9,9,4,6,10,23,95,19,1
BL6-BALBc_HTxB,AV4-3-CAADYQGGSAKLIF-AJ57_BV2-CASSQERLLGGAETLYF-BJ2-3,1033.0,1,1,5,7,17,13,0,4,0,8,28,12,0
BL6-BALBc_HTxB,AV3-3-CAVSGSSGSWQLIF-AJ22_BV13-3-CASSDTGGAAEQFF-BJ2-1,224.0,0,0,1,9,6,2,0,0,1,1,8,2,0
BL6-BALBc_HTxB,AV7-3-CAGDSGYNKLTF-AJ11*p02_BV13-2-CASGDAYERLFF-BJ1-4,59.0,1,5,1,4,4,4,1,123,0,1,5,2,0
BL6-BALBc_HTxB,AV9-1-CAVSAGNYQLIW-AJ33_BV19-CASSMDWFSAETLYF-BJ2-3,1387.0,4,6,24,32,29,22,9,20,4,49,44,34,1
BL6-BALBc_HTxB,AV16/DV11-CAMREVDTGYQNSYF-AJ49_BV13-2-CAGGETNTEVFF-BJ1-1,1389.0,1,4,19,13,27,11,3,5,2,16,24,8,0
BL6-BALBc_HTxB,AV9-1-CAVREDMGYKLTF-AJ9_BV5-CASSQVAEGNQAPLL-BJ1-5,248.0,1,2,2,84,13,3,2,0,0,7,25,3,0
BL6-BALBc_HTxB,AV19-CAAANTGYQNFYF-AJ49_BV17-CASSRDPWGGSAETLYF-BJ2-3,39.0,0,3,2,10,5,19,0,6,4,3,8,1,1
BL6-BALBc_HTxB,AV6-6-CALGTFSNTDKVVF-AJ34*p03_BV13-1-CASSDVRDSGNTLYF-BJ1-3,158.0,0,0,4,293,8,1,3,5,1,9,13,1,0
BL6-BALBc_HTxB,AV10D-CAASHMGYKLTF-AJ9_BV13-2-CASGTGDERLFF-BJ1-4,158.0,73,1,1,2,4,7,1,0,0,7,6,2,0
BL6-BALBc_HTxB,AV4-3-CAADNNAGAKLTF-AJ39_BV13-3-CASSRDNYAEQFF-BJ2-1,868.0,2,1,2,14,16,12,9,4,0,13,26,2,0
BL6-BALBc_HTxB,AV19-CAAANTGYQNFYF-AJ49_BV17-CASSRDPWGGSAETLYF-BJ2-3,1608.0,3,11,17,16,33,50,22,26,2,28,54,23,1
BL6-BALBc_HTxB,AV10-CAAIMDYANKMIF-AJ47_BV3-CASSAGPQDTQYF-BJ2-5,135.0,2,3,6,37,7,8,4,3,2,5,5,3,1
BL6-BALBc_HTxB,AV9-2-CAASMDYANKMIF-AJ47_BV3-CASSLGPYEQYF-BJ2-7,493.0,0,0,0,4,3,2,1,2,0,153,9,2,0
BL6-BALBc_HTxB,AV6D-6-CALSDGGSNYKLTF-AJ53_BV13-3-CASNDLGAEQYF-BJ2-7,224.0,1,0,0,4,3,52,2,1,0,4,4,4,0
BL6-BALBc_HTxB,AV9-3-CAVSDDSGYNKLTF-AJ11*p02_BV13-2-CASGDWEQYF-BJ2-7,216.0,2,2,4,5,11,11,1,6,1,7,12,14,0
BL6-BALBc_HTxB,AV7D-3-CAVPNQGGRALIF-AJ15_BV13-2-CASGDALGVNQDTQYF-BJ2-5,406.0,2,8,4,5,7,14,5,5,0,10,21,479,0
BL6-BALBc_HTxB,AV10-CAASMDSGTYQRF-AJ13_BV13-2-CASGELWGGYAEQFF-BJ2-1,186.0,1,0,2,6,3,2,2,14,0,10,5,36,0
BL6-BALBc_HTxB,AV7-4-CAARFMDYANKMIF-AJ47_BV31-CAWSLGFAADYTF-BJ1-2,165.0,0,0,1,3,22,1,0,3,0,3,11,1,1
BL6-BALBc_HTxB,AV1-CAVRDSYAQGLTF-AJ26_BV13-1-CASSDDRVGNTLYF-BJ1-3,462.0,0,2,3,214,9,8,0,12,0,7,17,4,2
BL6-BALBc_HTxB,AV16/DV11-CAMREDTGYQNFYF-AJ49_BV31-CAWSLGVYAEQFF-BJ2-1,190.0,3,4,7,5,176,10,3,6,0,5,13,1,0
BL6-BALBc_HTxB,AV6D-6-CALSDVGDNSKLIW-AJ38_BV13-1-CASSGGGWAEQFF-BJ2-1,514.0,2,2,10,11,6,60,6,4,3,12,478,13,1
BL6-BALBc_HTxB,AV16/DV11-CAMREDTNAYKVIF-AJ30_BV13-2-CASGDVQNPYF-BJ2-5,220.0,2,0,1,25,7,15,2,11,0,36,48,2,0
BL6-BALBc_HTxB,AV16/DV11-CAMREDSNYQLIW-AJ33_BV17-CASSRRLGEDTQYF-BJ2-5,1.0,0,0,0,0,0,0,0,0,0,1,0,0,0
BL6-BALBc_HTxB,AV7-3-CADSGGSNAKLTF-AJ42_BV29-CASSLSQVNYAEQFF-BJ2-1,400.0,2,4,12,5,11,7,6,1,1,4,10,10,0
BL6-BALBc_HTxB,AV16D/DV11-CAMREVTGNTRKLIF-AJ37*p02_BV1-CTCSVGSVSNVRLFF-BJ1-4,239.0,5,3,16,16,8,3,1,2,6,8,13,23,0
BL6-BALBc_HTxB,AV16D/DV11-CAMREGDTNAYKVIF-AJ30_BV19-CASSWTGFQDTQYF-BJ2-5,104.0,0,0,1,23,7,0,0,0,0,1,4,1,0
BL6-BALBc_HTxB,AV6D-4-CALNSGTYQRF-AJ13_BV13-3-CASSGGYQDTQYF-BJ2-5,1136.0,3,10,14,29,26,17,4,9,3,33,44,26,1
BL6-BALBc_HTxB,AV15-1/DV6-1-CALWELASSNTDKVVF-AJ34*p03_BV3-CASSFGTGGYYEQYF-BJ2-7,133.0,0,3,4,7,2,2,1,1,0,92,10,1,0
BL6-BALBc_HTxB,AV3-4-CAVSDYGNEKITF-AJ48_BV16-CASSFGAGGYEQYF-BJ2-7,112.0,0,0,3,6,7,3,4,1,0,3,25,4,0
BL6-BALBc_HTxB,AV6-6-CALGSYTGGADRLTF-AJ45_BV1-CTCSADPGGNYAEQFF-BJ2-1,78.0,1,75,2,6,9,7,7,3,2,11,17,3,0
BL6-BALBc_HTxB,AV7D-3-CAVSLPSGSWQLIF-AJ22_BV17-CASSYRTGQLYF-BJ2-2,120.0,0,2,12,8,5,6,0,4,0,8,19,4,0
BL6-BALBc_HTxB,AV16D/DV11-CAMREGNYGNEKITF-AJ48_BV19-CASSKDWGSSYEQYF-BJ2-7,3548.0,5,7,14,35,28,109,21,15,3,37,51,9,0
BL6-BALBc_HTxB,AV16/DV11-CAMREGNNNNAPRF-AJ43*p03_BV13-2-CASGENTGQLYF-BJ2-2,90.0,0,1,11,1,5,55,0,7,0,0,12,3,0
BL6-BALBc_HTxB,AV6-6-CALGDRGQQGTGSKLSF-AJ58_BV1-CTCSALNYAEQFF-BJ2-1,220.0,3,2,3,64,11,95,1,2,5,7,18,2,0
BL6-BALBc_HTxB,AV10D-CAASPSSGSWQLIF-AJ22_BV4-CATSYDERLFL-BJ1-4,139.0,1,3,4,12,4,7,2,3,1,7,255,8,0
BL6-BALBc_HTxB,AV5-1-CSASISGGNYKPTF-AJ6_BV29-CASSLRTKDTQYF-BJ2-5,1082.0,0,3,6,29,18,16,14,4,1,11,15,7,2
BL6-BALBc_HTxB,AV12-2-CALPNTGYQNFYF-AJ49_BV13-2-CASGPRDNEQFF-BJ2-1,355.0,2,6,8,31,25,25,79,10,2,18,32,12,1
BL6-BALBc_HTxB,AV16D/DV11-CAMRENSGYNKLTF-AJ11*p02_BV16-CASSLDGEGGQDTQYF-BJ2-5,537.0,11,2,8,74,17,34,4,9,2,21,34,11,1
BL6-BALBc_HTxB,AV7D-4-CAAGNNYAQGLTF-AJ26_BV13-1-CASSAGGNYAEQFF-BJ2-1,749.0,0,23,16,25,43,30,18,22,5,31,68,12,1
BL6-BALBc_HTxB,AV9D-3-CAVSPDTNAYKVIF-AJ30_BV13-2-CASGDWGRGEQYF-BJ2-7,139.0,2,0,33,3,12,2,3,2,1,5,5,8,0
BL6-BALBc_HTxB,AV7-5-CAMSHLPGTGSNRLTF-AJ28_BV13-1-CASSDAGQGSGNTLYF-BJ1-3,171.0,0,3,16,6,16,6,2,1,2,13,4,13,0
BL6-BALBc_HTxB,AV9D-3-CAVSPDTNAYKVIF-AJ30_BV13-2-CASGDWGRGEQYF-BJ2-7,62.0,0,1,30,2,3,1,0,1,2,4,4,3,0
BL6-BALBc_HTxB,AV4-3-CAAEADTGNYKYVF-AJ40_BV31-CAWSLWTGVEQYF-BJ2-7,199.0,1,5,60,13,7,7,2,4,1,7,7,2,0
BL6-BALBc_HTxB,AV16D/DV11-CAMREDTGYQNFYF-AJ49_BV13-2-CASGGWGGSQNTLYF-BJ2-4,1055.0,4,6,6,31,1094,24,5,5,6,27,55,22,1
BL6-BALBc_HTxB,AV16/DV11-CAMREGGNNRIFF-AJ31_BV13-2-CASGDNYEQYF-BJ2-7,97.0,0,4,6,4,185,8,2,4,0,6,8,0,1
BL6-BALBc_HTxB,AV16/DV11-CAMRAYGNEKITF-AJ48_BV5-CASSQERGDQNTLYF-BJ2-4,54.0,1,4,6,4,11,5,0,6,1,9,8,6,1
BL6-BALBc_HTxB,AV16D/DV11-CAMRAHYSNNRLTL-AJ7_BV13-2-CASGEQYEQYF-BJ2-7,130.0,0,2,1,4,4,150,2,2,0,2,10,1,0
BL6-BALBc_HTxB,AV6-7/DV9-CALGDQGGGADRLTF-AJ45_BV3-CASSFGTGGYYEQYF-BJ2-7,133.0,2,4,1,4,11,7,3,4,0,87,17,5,1
BL6-BALBc_HTxB,AV8D-2-CATSGGADRLTF-AJ45_BV13-2-CASGLPGQSNERLFF-BJ1-4,289.0,1,10,6,11,16,15,9,4,2,11,27,3,0
BL6-BALBc_HTxB,AV9D-3-CAVRTISGSFNKLTF-AJ4_BV13-2-CASGDGQGTTEVFF-BJ1-1,361.0,1,1,1,8,3,1,3,21,1,7,8,2,0
BL6-BALBc_HTxB,AV2-CIVTDSYSNNRLTL-AJ7_BV1-CTCSAGRGDAEQFF-BJ2-1,141.0,2,4,2,193,13,4,0,6,2,15,10,6,0
BL6-BALBc_HTxB,AV7-5-CAMSLFNNYAQGLTF-AJ26_BV5-CASSQDGTEEVFF-BJ1-1,26.0,8,0,0,6,3,2,1,2,0,5,29,15,0
BL6-BALBc_HTxB,AV6D-6-CALSEKSDGNEKITF-AJ48_BV29-CASSFWGSYAEQFF-BJ2-1,1510.0,1,1,7,15,14,4,1,5,0,15,23,5,0
BL6-BALBc_HTxB,AV7-3-CAVDTGYQNFYF-AJ49_BV13-1-CASSDALGGYEQYF-BJ2-7,192.0,3,0,48,6,7,1,6,3,0,5,8,3,1
BL6-BALBc_HTxB,AV16D/DV11-CAMRAHYSNNRLTL-AJ7_BV13-2-CASGEQYEQYF-BJ2-7,107.0,0,0,3,10,4,137,2,6,2,6,14,2,1
BL6-BALBc_HTxB,AV9D-4-CALIPDTNAYKVIF-AJ30_BV20-CGARYTSANTEVFF-BJ1-1,433.0,2,2,2,41,17,6,4,15,0,15,23,4,2
BL6-BALBc_HTxB,AV7-3-CGTNAYKVIF-AJ30_BV13-2-CASGGTGANSDYTF-BJ1-2,183.0,0,0,1,3,10,7,0,3,0,3,4,1,0
BL6-BALBc_HTxB,AV7-5-CAMSLFNNYAQGLTF-AJ26_BV5-CASSQDGTEEVFF-BJ1-1,128.0,5,1,5,10,7,10,1,1,0,5,14,5,0
BL6-BALBc_HTxB,AV6-6-CALGTFSNTDKVVF-AJ34*p03_BV13-1-CASSDVRDSGNTLYF-BJ1-3,140.0,1,4,7,43,7,10,2,3,0,20,186,8,0
BL6-BALBc_HTxB,AV9D-3-CAVSPDTNAYKVIF-AJ30_BV13-2-CASGDWGRGEQYF-BJ2-7,209.0,1,5,165,11,7,6,1,4,1,8,26,7,0
BL6-BALBc_HTxB,AV7-5-CRGGSAKLIF-AJ57_BV29-CASSFGYTGQLYF-BJ2-2,75.0,0,3,2,8,4,4,1,5,0,3,8,3,1
BL6-BALBc_HTxB,AV3-3-CAVRDMGYKLTF-AJ9_BV2-CASSQGQGYNSPLYF-BJ1-6,52.0,2,1,8,47,9,2,2,2,0,3,14,3,1
BL6-BALBc_HTxB,AV6-6-CALAGNQGGSAKLIF-AJ57_BV19-CASRIFSGGGNERLFF-BJ1-4,515.0,1,0,25,9,8,12,4,6,3,20,18,7,0
BL6-BALBc_HTxB,AV3-4-CAVSAEDYANKMIF-AJ47_BV13-1-CASSDVGGLNTGQLYF-BJ2-2,64.0,0,1,5,3,7,30,2,4,0,4,6,2,0
BL6-BALBc_HTxB,AV16/DV11-CAMREGNYAQGLTF-AJ26_BV13-1-CASSENWGAYAEQFF-BJ2-1,121.0,1,1,4,5,7,11,4,6,1,12,48,10,1
BL6-BALBc_HTxB,AV7-4-CADNTNTGKLTF-AJ27_BV12-2-CASSLEQGEDTQYF-BJ2-5,137.0,19,1,2,6,5,6,1,2,0,1,5,1,0
BL6-BALBc_HTxB,AV9-3-CAVTLSYAQGLTF-AJ26_BV1-CTCSADPGQNTGQLYF-BJ2-2,84.0,1,4,7,4,1,6,2,1,0,8,5,1,1
BL6-BALBc_HTxB,AV3-3-CAVSVSYAQGLTF-AJ26_BV5-CASSPTGGDSYEQYF-BJ2-7,50.0,0,1,1,3,2,3,1,0,0,3,3,1,0
BL6-BALBc_HTxB,AV8-1-CATDADTGNYKYVF-AJ40_BV2-CASSQRRSGNTLYF-BJ1-3,227.0,0,1,4,7,6,3,1,1,1,91,29,6,0
BL6-BALBc_HTxB,AV12-2-CALSEMDSNYQLIW-AJ33_BV3-CASSYRDAEQFF-BJ2-1,205.0,2,2,6,46,16,5,2,9,0,18,17,3,2
BL6-BALBc_HTxB,AV5-4-CAASADSNYQLIW-AJ33_BV13-1-CASSDAGGSQDTQYF-BJ2-5,473.0,1,2,7,14,15,16,3,8,2,15,14,7,0
BL6-BALBc_HTxB,AV5-4-CAASADSNYQLIW-AJ33_BV13-1-CASSDAGGSQDTQYF-BJ2-5,743.0,2,2,14,23,19,14,1,8,2,17,24,15,0
BL6-BALBc_HTxB,AV4-3-CAADGNYQLIW-AJ33_BV13-3-CASSEAGSNTGQLYF-BJ2-2,242.0,3,1,2,3,15,7,0,5,5,10,10,16,1
BL6-BALBc_HTxB,AV3-4-CAVSAEDYANKMIF-AJ47_BV13-1-CASSDVGGLNTGQLYF-BJ2-2,67.0,48,0,0,6,3,21,0,1,0,4,11,0,0
BL6-BALBc_HTxB,AV16D/DV11-CAMREGNTGNYKYVF-AJ40_BV13-2-CASGDLYEQYF-BJ2-7,382.0,1,0,5,10,370,49,1,3,1,10,21,5,0
BL6-BALBc_HTxB,AV21/DV12-CILRVETGGNNKLTF-AJ56_BV29-CASSLREVFF-BJ1-1,767.0,5,2,12,33,38,21,8,16,0,25,47,12,0
BL6-BALBc_HTxB,AV13-1-CAMEPSSGSWQLIF-AJ22_BV4-CASSLNTLYF-BJ2-4,190.0,1,3,2,13,8,10,0,1,1,5,148,3,0
BL6-BALBc_HTxB,AV2-CIVTDSYSNNRLTL-AJ7_BV1-CTCSAGRGDAEQFF-BJ2-1,412.0,5,3,12,411,24,10,3,8,1,27,27,8,0
BL6-BALBc_HTxB,AV6D-6-CALSDNRIFF-AJ31_BV13-1-CASSDPTGAYEQYF-BJ2-7,124.0,0,0,0,6,3,5,1,4,3,3,48,2,0
BL6-BALBc_HTxB,AV4-3-CAAEADTGNYKYVF-AJ40_BV31-CAWSLWTGVEQYF-BJ2-7,59.0,0,0,40,1,7,0,4,2,0,2,4,0,0
BL6-BALBc_HTxB,AV16/DV11-CAMREVDSNYQLIW-AJ33_BV13-2-CASGGFRDRGTEVFF-BJ1-1,265.0,0,0,0,34,4,3,1,3,0,2,8,7,0
BL6-BALBc_HTxB,AV16/DV11-CARGAGGNNKLTF-AJ56_BV13-2-CASGDIYEQYF-BJ2-7,1544.0,4,5,12,45,35,97,6,15,0,34,41,14,1
BL6-BALBc_HTxB,AV7D-4-CAASEPPNYGNEKITF-AJ48_BV3-CASSFGTGGYEQYF-BJ2-7,2023.0,3,1,5,30,11,13,2,11,2,69,25,5,1
BL6-BALBc_HTxB,AV2-CIVTDSYSNNRLTL-AJ7_BV1-CTCSAGRGDAEQFF-BJ2-1,174.0,4,2,7,209,10,15,2,6,1,11,37,7,0
BL6-BALBc_HTxB,AV6D-7-CALRYGGSGNKLIF-AJ32_BV3-CASSLGTGDTQYF-BJ2-5,321.0,2,2,1,13,6,11,0,3,2,49,17,4,0
BL6-BALBc_HTxB,AV16D/DV11-CAMRETGNYKYVF-AJ40_BV13-1-CASSGRNTEVFF-BJ1-1,66.0,1,2,4,8,22,31,5,6,0,4,11,3,0
BL6-BALBc_HTxB,AV6-7/DV9-CALASNSGGSNAKLTF-AJ42_BV13-1-CASSDLRVNTEVFF-BJ1-1,153.0,4,3,5,175,11,15,1,9,2,12,19,19,1
BL6-BALBc_HTxB,AV16D/DV11-CAMREGNTGNYKYVF-AJ40_BV1-CTCSADRVNNQAPLF-BJ1-5,114.0,0,1,6,13,2,12,2,0,1,7,4,7,1
BL6-BALBc_HTxB,AV2-CIVTDSYSNNRLTL-AJ7_BV13-2-CASGEQVPNERLFF-BJ1-4,369.0,2,1,3,26,7,4,9,23,0,19,12,2,0
BL6-BALBc_HTxB,AV6-7/DV9-CALGDQGGGADRLTF-AJ45_BV3-CASSFGTGGYYEQYF-BJ2-7,3320.0,2,9,13,55,43,38,9,16,1,184,49,17,1
BL6-BALBc_HTxB,AV16/DV11-CAMRENTGYQNFYF-AJ49_BV3-CASSLELGGAETLYF-BJ2-3,78.0,0,0,4,5,3,6,0,9,0,5,6,3,0
BL6-BALBc_HTxB,AV9-3-CAVSVQGTGSKLSF-AJ58_BV12-2-CASSLNQEDTQYF-BJ2-5,199.0,90,1,7,3,4,9,0,3,1,6,16,1,1
BL6-BALBc_HTxB,AV16D/DV11-CAMREGEGYANKMIF-AJ47_BV13-3-CASSDQNSDYTF-BJ1-2,91.0,2,0,3,5,4,4,1,1,0,2,12,83,0
BL6-BALBc_HTxB,AV2-CIVTDTNAYKVIF-AJ30_BV2-CASSQTGGNSDYTF-BJ1-2,120.0,5,2,7,7,2,8,0,4,5,20,19,11,0
BL6-BALBc_HTxB,AV19-CAADQGGSAKLIF-AJ57_BV20-CGARYTSANTEVFF-BJ1-1,54.0,0,0,2,7,3,5,1,1,0,1,5,3,0
BL6-BALBc_HTxB,AV10D-CAASRAGGYKVVF-AJ12_BV13-2-CASGDAPDNTQYF-BJ2-5,4911.0,7,6,12,40,29,31,5,8,0,29,33,29,2
BL6-BALBc_HTxB,AV9D-3-CAVSPNYAQGLTF-AJ26_BV2-CASSQDPGENSDYTF-BJ1-2,113.0,0,3,4,5,11,4,4,1,3,6,16,5,0
BL6-BALBc_HTxB,AV6-6-CALGDTGGADRLTF-AJ45_BV13-3-CASSAEGISNERLFF-BJ1-4,215.0,1,9,6,11,8,10,3,9,1,8,11,7,1
BL6-BALBc_HTxB,AV14-1-CAATEAGGADRLTF-AJ45_BV13-1-CASSSPGNTLYF-BJ1-3,129.0,0,1,4,2,8,10,1,3,0,9,32,2,0
BL6-BALBc_HTxB,AV2-CIVTDSYSNNRLTL-AJ7_BV1-CTCSAGRGDAEQFF-BJ2-1,92.0,0,0,0,48,10,4,1,1,0,9,4,4,2
BL6-BALBc_HTxB,AV4-4/DV10-CAVNTGGADRLTF-AJ45_BV14-CASSFWGQSYEQYF-BJ2-7,681.0,10,13,14,39,30,32,3,13,4,22,48,8,2
BL6-BALBc_HTxB,AV7-4-CADNTNTGKLTF-AJ27_BV12-2-CASSLEQGEDTQYF-BJ2-5,80.0,8,0,3,5,4,0,1,0,1,3,9,2,0
BL6-BALBc_HTxB,AV16D/DV11-CAMREGNTGNYKYVF-AJ40_BV13-2-CASGDLYEQYF-BJ2-7,226.0,1,1,3,19,328,55,6,8,0,13,23,12,0
BL6-BALBc_HTxB,AV4-3-CAGYTGGADRLTF-AJ45_BV29-CASKQGYQDTQYF-BJ2-5,57.0,5,5,2,3,7,5,4,6,0,8,11,9,0
BL6-BALBc_HTxB,AV16/DV11-CAMREGYQNFYF-AJ49_BV13-1-CASSGRNTEVFF-BJ1-1,101.0,0,19,2,7,7,5,1,0,0,3,6,2,0
BL6-BALBc_HTxB,AV13D-4-CATGNTRKLIF-AJ37*p02_BV31-CAWGNTEVFF-BJ1-1,71.0,1,1,4,4,5,3,0,4,1,1,11,1,1
BL6-BALBc_HTxB,AV8D-2-CATSGGYKVVF-AJ12_BV13-1-CASSDLGGAEEQYF-BJ2-7,83.0,0,1,1,2,3,0,0,1,0,1,2,27,0
BL6-BALBc_HTxB,AV19-CAADSNTDKVVF-AJ34*p03_BV13-2-CASGERDIYAEQFF-BJ2-1,287.0,0,1,1,6,11,73,6,1,2,6,7,5,0
BL6-BALBc_HTxB,AV7-3-CAVDTGYQNFYF-AJ49_BV13-3-CASSQLAEQFF-BJ2-1,229.0,1,2,75,6,12,11,5,8,2,9,20,4,2
BL6-BALBc_HTxB,AV14D-3/DV8-CAAFYGNEKITF-AJ48_BV1-CTCSADPGWEQYF-BJ2-7,244.0,0,2,2,12,3,5,1,0,0,2,4,35,0
BL6-BALBc_HTxB,AV16/DV11-CAMREGNSGGSNYKLTF-AJ53_BV13-1-CASSDVPYEQYF-BJ2-7,54.0,1,2,1,4,8,129,0,1,1,1,12,4,0
BL6-BALBc_HTxB,AV16/DV11-CAMREEQQGTGSKLSF-AJ58_BV31-CAWRRQGAYAEQFF-BJ2-1,29.0,0,3,4,4,28,2,2,8,2,5,3,18,0
BL6-BALBc_HTxB,AV6D-4-CALVDDSGYNKLTF-AJ11*p02_BV4-CASSLTDEQYF-BJ2-7,1431.0,1,1,3,16,5,11,2,6,2,12,138,6,1
BL6-BALBc_HTxB,AV6D-6-CALTQNNYAQGLTF-AJ26_BV29-CASSPGQGAETLYF-BJ2-3,502.0,2,0,9,7,12,6,0,3,0,11,12,2,0
BL6-BALBc_HTxB,AV16D/DV11-CAMRAHYSNNRLTL-AJ7_BV13-2-CASGEQYEQYF-BJ2-7,159.0,4,0,3,3,5,61,1,3,0,8,30,1,0
BL6-BALBc_HTxB,AV16D/DV11-CAMREGSSGSWQLIF-AJ22_BV1-CTCSADRVYAEQFF-BJ2-1,74.0,0,0,4,47,6,1,0,2,0,5,5,4,0
BL6-BALBc_HTxB,AV6D-6-CALSDLPNYNVLYF-AJ21*p03_BV14-CASNDRAEQYF-BJ2-7,5011.0,3,23,33,45,28,27,9,20,9,35,49,14,1
BL6-BALBc_HTxB,AV5-1-CSASVDYAQGLTF-AJ26_BV31-CAWSPGTQNTLYF-BJ2-4,1270.0,4,4,9,24,12,63,3,14,1,15,20,7,0
BL6-BALBc_HTxB,AV16D/DV11-CAMRNYAQGLTF-AJ26_BV12-2-CASSPDWGQDTQYF-BJ2-5,2782.0,5,5,12,27,21,18,4,11,1,17,29,10,1
BL6-BALBc_HTxB,AV4-3-CAADNNAGAKLTF-AJ39_BV13-1-CASSDARYAEQFF-BJ2-1,177.0,0,3,3,29,11,7,5,5,0,10,6,6,1
BL6-BALBc_HTxB,AV19-CAAANTGYQNFYF-AJ49_BV17-CASSRDPWGGSAETLYF-BJ2-3,66.0,1,0,1,2,1,20,2,3,1,3,13,0,0
BL6-BALBc_HTxB,AV16D/DV11-CAMREGGRALIF-AJ15_BV13-1-CASSIDRVSERLFF-BJ1-4,132.0,0,2,4,9,10,4,7,2,0,4,10,9,0
BL6-BALBc_HTxB,AV9D-3-CAVSPDTNAYKVIF-AJ30_BV13-2-CASGDWGRGEQYF-BJ2-7,174.0,0,1,63,10,5,2,0,3,0,3,7,2,0
BL6-BALBc_HTxB,AV19-CAAGGNNAGAKLTF-AJ39_BV13-1-CASSDLGGQDTQYF-BJ2-5,59.0,0,1,1,1,5,6,1,2,0,4,4,4,0
BL6-BALBc_HTxB,AV16D/DV11-CAMRELDTNAYKVIF-AJ30_BV13-2-CASGSYEQYF-BJ2-7,109.0,0,1,1,1,3,8,5,2,0,5,2,5,0
BL6-BALBc_HTxB,AV6-6-CALGDYANKMIF-AJ47_BV13-3-CATRDRDAEQFF-BJ2-1,284.0,0,1,2,5,7,21,1,1,0,2,9,2,0
BL6-BALBc_HTxB,AV7D-5-CAVSSYSGGSNAKLTF-AJ42_BV3-CASSQDRVSGNTLYF-BJ1-3,238.0,0,1,12,9,6,47,47,3,0,10,13,1,0
BL6-BALBc_HTxB,AV9-2-CAASDSGGSNYKLTF-AJ53_BV2-CASSQERLLGGAETLYF-BJ2-3,97.0,0,1,2,3,2,4,1,7,0,2,4,26,0
BL6-BALBc_HTxB,AV4-3-CAAESQGGRALIF-AJ15_BV13-3-CASSDEGGDEQYF-BJ2-7,104.0,1,4,12,7,2,2,5,0,1,3,28,7,0
BL6-BALBc_HTxB,AV5-1-CSASVDYAQGLTF-AJ26_BV31-CAWSPGTQNTLYF-BJ2-4,103.0,0,0,0,9,5,32,1,0,0,2,7,1,0
BL6-BALBc_HTxB,AV8-2-CATDAEGNEKITF-AJ48_BV1-CTCSAVWGQDTQYF-BJ2-5,177.0,1,2,4,30,7,5,0,1,0,4,4,4,0
BL6-BALBc_HTxB,AV14-1-CAASEPGTGSNRLTF-AJ28_BV29-CASSLSIGNQDTQYF-BJ2-5,123.0,1,0,2,7,13,2,1,3,0,15,10,11,0
BL6-BALBc_HTxB,AV16/DV11-CAMREANTGNYKYVF-AJ40_BV13-2-CASGDNYEQYF-BJ2-7,219.0,1,4,3,14,890,14,2,9,1,15,20,6,0
BL6-BALBc_HTxB,AV16D/DV11-CAMREANSAGNKLTF-AJ17*p02_BV13-1-CASSDVGGEQYF-BJ2-7,95.0,0,2,1,2,2,88,1,2,0,10,4,2,0
BL6-BALBc_HTxB,AV12D-1-CALSDSGYNKLTF-AJ11*p02_BV29-CASSWGGGNERLFF-BJ1-4,121.0,0,2,6,7,5,6,2,2,3,8,16,11,1
BL6-BALBc_HTxB,AV7D-2-CAAGTGGYKVVF-AJ12_BV5-CASSQAGTGYAEQFF-BJ2-1,103.0,0,1,4,4,2,6,0,2,1,4,4,2,0
BL6-BALBc_HTxB,AV16D/DV11-CAMRGDSNYQLIW-AJ33_BV1-CTCSAVRVSNSDYTF-BJ1-2,122.0,2,0,2,3,245,4,2,3,0,4,9,6,1
BL6-BALBc_HTxB,AV16/DV11-CAMREEQQGTGSKLSF-AJ58_BV13-1-CASSDTRGDTEVFF-BJ1-1,222.0,1,6,1,6,14,11,1,4,3,9,8,6,0
BL6-BALBc_HTxB,AV3-4-CAVSDNYAQGLTF-AJ26_BV4-CASSYGLGGYEQYF-BJ2-7,143.0,0,1,1,2,4,16,29,1,1,4,3,0,1
BL6-BALBc_HTxB,AV16/DV11-CAMREGNTGYQNFYF-AJ49_BV13-2-CASGRGAGNTLYF-BJ1-3,38.0,2,0,1,6,8,17,0,13,0,4,8,5,0
BL6-BALBc_HTxB,AV7-3-CAVNAYKVIF-AJ30_BV13-2-CASGDLGGRDAETLYF-BJ2-3,476.0,1,4,5,16,15,367,6,6,2,23,42,7,0
BL6-BALBc_HTxB,AV16D/DV11-CAMREGGANKMIF-AJ47_BV13-2-CASGDAGGAPQDTQYF-BJ2-5,669.0,4,3,8,23,30,417,8,11,2,16,40,10,2
BL6-BALBc_HTxB,AV7D-2-CAAPMDSNYQLIW-AJ33_BV13-1-CASSGTGGQYEQYF-BJ2-7,200.0,0,4,0,1,5,21,1,0,0,5,15,3,0
BL6-BALBc_HTxB,AV1-CANTNTGKLTF-AJ27_BV13-1-CASSDLKINTEVFF-BJ1-1,223.0,0,0,4,21,9,10,1,4,0,9,10,3,2
BL6-BALBc_HTxB,AV13D-1-CAMEGSGTYQRF-AJ13_BV13-2-CASGDRDREDTQYF-BJ2-5,1588.0,5,4,6,23,16,13,4,9,5,16,39,24,0
BL6-BALBc_HTxB,AV2-CIVTDVDTNAYKVIF-AJ30_BV13-1-CASSDAGGAPEQYF-BJ2-7,110.0,0,0,3,2,3,7,2,9,0,3,16,2,1
BL6-BALBc_HTxB,AV12D-1-CALIRNRIFF-AJ31_BV29-CASSPGFNERLFF-BJ1-4,2501.0,2,8,11,29,46,18,4,23,3,36,70,12,2
BL6-BALBc_HTxB,AV8-1-CATDASSGSWQLIF-AJ22_BV4-CASTAANTEVFF-BJ1-1,1497.0,5,6,12,29,24,41,7,18,2,39,355,19,1
BL6-BALBc_HTxB,AV14-1-CAASATNTDKVVF-AJ34*p03_BV13-1-CASSATRDRGYAEQFF-BJ2-1,331.0,2,2,1,6,12,15,3,6,0,11,15,5,1
BL6-BALBc_HTxB,AV9-3-CAVRDNYAQGLTF-AJ26_BV13-1-CASSDAPNSDYTF-BJ1-2,401.0,2,7,9,9,22,21,7,7,3,7,39,7,0
BL6-BALBc_HTxB,AV16D/DV11-CAMREDNNAGAKLTF-AJ39_BV13-2-CASGAVPYEQYF-BJ2-7,71.0,0,0,1,2,3,1,3,67,0,0,1,4,0
BL6-BALBc_HTxB,AV13-1-CAMELSSGSWQLIF-AJ22_BV4-CASSYGEQYF-BJ2-7,197.0,0,1,1,7,12,2,3,7,1,7,261,5,0
BL6-BALBc_HTxB,AV16D/DV11-CAMRDANAYKVIF-AJ30_BV13-2-CASGDRNTEVFF-BJ1-1,116.0,1,1,1,3,294,12,1,3,0,9,8,6,0
BL6-BALBc_HTxB,AV8D-2-CATVGNRIFF-AJ31_BV13-2-CASGDVINTEVFF-BJ1-1,1684.0,7,2,7,148,9,14,3,5,0,11,19,7,0
BL6-BALBc_HTxB,AV13-4/DV7-CAMERNNYAQGLTF-AJ26_BV13-3-CASSDIGNTLYF-BJ2-4,87.0,0,0,0,3,2,2,0,1,0,1,77,0,0
BL6-BALBc_HTxB,AV2-CIVTDSYSNNRLTL-AJ7_BV1-CTCSAGRGDAEQFF-BJ2-1,395.0,0,1,4,207,9,3,0,6,2,8,15,1,1
BL6-BALBc_HTxB,AV6-4-CALVGGTNAYKVIF-AJ30_BV5-CASSQTGHTNTEVFF-BJ1-1,114.0,1,3,3,7,7,4,0,5,2,8,20,5,0
BL6-BALBc_HTxB,AV14-1-CAANNTNTGKLTF-AJ27_BV2-CASSQDPASNSDYTF-BJ1-2,900.0,3,8,17,18,26,24,12,7,1,42,31,25,1
BL6-BALBc_HTxB,AV6-6-CALAGNQGGSAKLIF-AJ57_BV19-CASRIFSGGGNERLFF-BJ1-4,130.0,0,1,1,5,2,6,0,5,0,12,8,3,1
BL6-BALBc_HTxB,AV13D-1-CAMANTGNYKYVF-AJ40_BV13-2-CASGGIYEQYF-BJ2-7,2868.0,1,4,6,15,374,16,3,4,1,12,31,5,1
BL6-BALBc_HTxB,AV4-3-CAVPDTNAYKVIF-AJ30_BV29-CASSRGSNQAPLF-BJ1-5,236.0,10,8,4,27,10,8,1,5,12,18,71,26,0
BL6-BALBc_HTxB,AV16D/DV11-CAMRDSGGSNAKLTF-AJ42_BV1-CTCSADRVSYEQYF-BJ2-7,291.0,0,1,1,46,4,1,2,1,1,3,6,1,0
BL6-BALBc_HTxB,AV3-3-CAVSALDSNYQLIW-AJ33_BV29-CASSPGQSQNTLYF-BJ2-4,1325.0,5,3,7,17,8,6,3,4,0,5,60,5,0
BL6-BALBc_HTxB,AV16D/DV11-CAMRENYGGSGNKLIF-AJ32_BV19-CASSNRVSDYTF-BJ1-2,2.0,0,0,0,0,0,0,0,0,0,1,0,0,0
BL6-BALBc_HTxB,AV6D-7-CALTDTGGLSGKLTF-AJ2_BV13-2-CASGDAFGDEQYF-BJ2-7,229.0,0,2,1,11,13,5,1,5,1,9,5,2,0
BL6-BALBc_HTxB,AV15D-1/DV6D-1-CALWELAPTNAYKVIF-AJ30_BV2-CASSQDGAGANSDYTF-BJ1-2,44.0,1,2,0,3,6,2,3,2,0,1,11,1,0
BL6-BALBc_HTxB,AV16D/DV11-CAMREGDSNYQLIW-AJ33_BV13-2-CASGYRAPNSDYTF-BJ1-2,276.0,6,1,3,25,7,6,5,6,2,81,23,11,1
BL6-BALBc_HTxB,AV5-1-CSASTGGADRLTF-AJ45_BV13-1-CASSEVGGEAEQFF-BJ2-1,1442.0,5,9,4,23,19,13,5,9,3,27,38,6,1
BL6-BALBc_HTxB,AV16D/DV11-CAMREDNNRIFF-AJ31_BV13-2-CASGEIATNTGQLYF-BJ2-2,212.0,2,3,3,32,9,16,2,3,1,8,17,2,0
BL6-BALBc_HTxB,AV6D-5-CALGEYTDKVVF-AJ34*p03_BV19-CASSIGGTGYEQYF-BJ2-7,232.0,3,2,1,8,7,16,5,1,0,6,11,2,1
BL6-BALBc_HTxB,AV12-2-CALSDTGANTGKLTF-AJ52_BV1-CTCSADPSYEQYF-BJ2-7,65.0,0,0,0,3,4,1,3,0,0,5,5,14,0
BL6-BALBc_HTxB,AV16/DV11-CAMREGYQNFYF-AJ49_BV13-1-CASSGRNTEVFF-BJ1-1,123.0,0,31,0,7,4,2,1,0,0,5,14,3,1
BL6-BALBc_HTxB,AV8D-2-CATDNNNAPRF-AJ43*p03_BV1-CTCSAGQPNTGQLYF-BJ2-2,38.0,5,1,0,5,3,2,0,7,0,1,25,1,0
BL6-BALBc_HTxB,AV16/DV11-CAMRADSNYQLIW-AJ33_BV13-2-CASGGNYEQYF-BJ2-7,129.0,1,5,1,4,304,5,9,3,1,8,20,7,0
BL6-BALBc_HTxB,AV3D-3-CAVNSGTYQRF-AJ13_BV13-1-CASSDGQGRGEQYF-BJ2-7,505.0,0,6,1,12,8,2,4,3,0,11,15,5,0
BL6-BALBc_HTxB,AV14-2-CAASGASGGNYKPTF-AJ6_BV15-CASSPGLGGWEQYF-BJ2-7,130.0,5,3,10,1,9,7,1,8,0,10,5,10,0
BL6-BALBc_HTxB,AV10-CAASDSGGNYKPTF-AJ6_BV4-CASSRGDTQYF-BJ2-5,1403.0,4,0,4,12,13,7,3,4,3,9,91,10,0
BL6-BALBc_HTxB,AV6-5-CALSPRNMGYKLTF-AJ9_BV13-2-CASGRDNANSDYTF-BJ1-2,307.0,3,1,3,9,13,10,0,36,1,9,19,4,1
BL6-BALBc_HTxB,AV7-4-CADNTNTGKLTF-AJ27_BV12-2-CASSLEQGEDTQYF-BJ2-5,317.0,87,1,3,10,13,3,4,7,0,17,14,16,0
BL6-BALBc_HTxB,AV8-2-CATETGGADRLTF-AJ45_BV1-CTCSAGDGNTLYF-BJ1-3,449.0,21,3,5,13,8,8,2,9,0,8,29,10,2
BL6-BALBc_HTxB,AV16D/DV11-CAMRAHYSNNRLTL-AJ7_BV13-2-CASGEQYEQYF-BJ2-7,120.0,0,1,2,9,5,91,2,5,0,11,13,2,0
BL6-BALBc_HTxB,AV4-3-CAGYTGGADRLTF-AJ45_BV29-CASKQGYQDTQYF-BJ2-5,478.0,5,5,6,14,21,14,6,6,1,15,39,15,0
BL6-BALBc_HTxB,AV6-1-CVLGDYSNNRLTL-AJ7_BV13-1-CASRDRVNSDYTF-BJ1-2,159.0,0,13,3,7,4,2,4,11,0,8,15,2,0
BL6-BALBc_HTxB,AV6D-7-CALSEGKVVF-AJ34*p03_BV13-2-CASGERWGDYAEQFF-BJ2-1,1582.0,2,1,7,46,6,7,7,4,1,14,13,88,0
BL6-BALBc_HTxB,AV12D-1-CALSDQNKLTF-AJ56_BV14-CASRSDWVNQDTQYF-BJ2-5,80.0,0,0,0,0,2,0,12,0,1,1,8,0,0
BL6-BALBc_HTxB,AV16D/DV11-CAMREGNYGNEKITF-AJ48_BV19-CASSKDWGSSYEQYF-BJ2-7,45.0,0,0,1,7,11,1,1,2,0,2,5,0,0
BL6-BALBc_HTxB,AV2-CIVTDSYSNNRLTL-AJ7_BV1-CTCSAGRGDAEQFF-BJ2-1,282.0,2,0,2,258,16,9,3,6,1,11,22,3,1
BL6-BALBc_HTxB,AV6-4-CALVGGTNAYKVIF-AJ30_BV5-CASSQTGHTNTEVFF-BJ1-1,272.0,9,2,9,21,19,13,6,9,7,28,61,10,2
BL6-BALBc_HTxB,AV16D/DV11-CAMREGNTNTGKLTF-AJ27_BV1-CTCSADGVYAEQFF-BJ2-1,47.0,1,2,3,7,5,4,0,6,0,4,8,18,0
BL6-BALBc_HTxB,AV12-2-CALSDLTGNYKYVF-AJ40_BV13-3-CASSGSGGNTLYF-BJ1-3,383.0,5,6,15,5,17,90,4,11,6,15,15,10,0
BL6-BALBc_HTxB,AV6-6-CALAGNQGGSAKLIF-AJ57_BV19-CASRIFSGGGNERLFF-BJ1-4,332.0,5,2,5,22,15,20,1,5,1,27,16,5,0
BL6-BALBc_HTxB,AV5D-4-CAASDMGYKLTF-AJ9_BV13-2-CASGDALGGFSYEQYF-BJ2-7,134.0,3,0,0,3,2,3,1,2,0,2,10,40,0
BL6-BALBc_HTxB,AV12-2-CALRDNAGAKLTF-AJ39_BV14-CASSGQNTEVFF-BJ1-1,35.0,0,0,1,0,151,2,1,2,0,4,6,0,0
BL6-BALBc_HTxB,AV16D/DV11-CAMREANSAGNKLTF-AJ17*p02_BV1-CTCSAVRAEVFF-BJ1-1,185.0,1,2,2,10,4,4,3,1,1,7,15,46,0
BL6-BALBc_HTxB,AV3-1-CAVSGGNNRIFF-AJ31_BV13-2-CASGEPGTRNTLYF-BJ1-3,51.0,1,0,2,1,7,4,0,0,10,3,2,0,1
BL6-BALBc_HTxB,AV16D/DV11-CAMREGSSGSWQLIF-AJ22_BV13-2-CASGERQGAREQYF-BJ2-7,201.0,2,1,6,6,3,4,0,3,0,4,6,7,0
BL6-BALBc_HTxB,AV6D-6-CALSLNNYAQGLTF-AJ26_BV1-CTCSAEYISNERLFF-BJ1-4,62.0,5,4,11,3,3,8,0,3,1,2,37,5,0
BL6-BALBc_HTxB,AV7D-5-CAVSSGGNYKPTF-AJ6_BV3-CASSQDRTGTSAETLYF-BJ2-3,314.0,2,3,5,22,512,11,5,6,0,12,25,2,2
BL6-BALBc_HTxB,AV8D-2-CATVGNRIFF-AJ31_BV1-CTCSAVRISNERLFF-BJ1-4,316.0,2,1,9,102,13,9,1,4,0,12,24,5,1
BL6-BALBc_HTxB,AV4-3-CAAHVNTGNYKYVF-AJ40_BV29-CASSLIRYAEQFF-BJ2-1,288.0,8,0,2,85,3,14,1,5,0,19,10,2,0
BL6-BALBc_HTxB,AV9D-3-CAVSPDTNAYKVIF-AJ30_BV13-2-CASGDWGRGEQYF-BJ2-7,77.0,0,1,36,1,1,7,0,2,0,1,6,1,0
BL6-BALBc_HTxB,AV16D/DV11-CAMREGNTNTGKLTF-AJ27_BV1-CTCSADGVYAEQFF-BJ2-1,394.0,4,3,4,14,17,11,1,7,0,14,295,37,0
BL6-BALBc_HTxB,AV6-6-CALGDQANTDKVVF-AJ34*p03_BV5-CASSQDLGGQNTLYF-BJ2-4,76.0,1,0,1,5,2,5,33,0,0,2,6,1,0
BL6-BALBc_HTxB,AV9-1-CAVREDMGYKLTF-AJ9_BV13-2-CASGDGGALEQYF-BJ2-7,377.0,4,2,6,76,14,4,9,2,3,7,50,16,0
BL6-BALBc_HTxB,AV8-1-CATDASSGSWQLIF-AJ22_BV4-CASTAANTEVFF-BJ1-1,210.0,0,5,4,13,13,7,1,4,0,4,167,4,0
BL6-BALBc_HTxB,AV8-1-CATDGGSALGRLHF-AJ18_BV1-CTCSADPETETLYF-BJ2-3,77.0,0,0,1,1,2,1,0,10,0,1,5,71,1
BL6-BALBc_HTxB,AV5-4-CAARNNNNAPRF-AJ43*p03_BV13-2-CASGGVNTEVFF-BJ1-1,33.0,0,0,0,6,52,2,3,0,1,3,3,3,0
BL6-BALBc_HTxB,AV13D-1-CAMEGSGTYQRF-AJ13_BV13-2-CASGDRDREDTQYF-BJ2-5,1309.0,6,1,11,16,17,16,4,10,7,22,56,11,0
BL6-BALBc_HTxB,AV6D-6-CALSDNRIFF-AJ31_BV13-1-CASSDPTGAYEQYF-BJ2-7,157.0,0,2,2,7,4,10,0,5,1,5,72,1,0
BL6-BALBc_HTxB,AV2-CIVTDSYSNNRLTL-AJ7_BV1-CTCSAGRGDAEQFF-BJ2-1,167.0,2,2,6,142,12,12,2,2,2,11,12,7,0
BL6-BALBc_HTxB,AV3-3-CAVPPDYNVLYF-AJ21*p03_BV13-2-CASGGLAEQFF-BJ2-1,99.0,3,0,11,36,17,10,4,7,2,72,47,11,0
BL6-BALBc_HTxB,AV7-5-CAMSLFNNYAQGLTF-AJ26_BV5-CASSQDGTEEVFF-BJ1-1,46.0,5,1,9,17,11,10,2,1,1,8,56,6,1
BL6-BALBc_HTxB,AV16/DV11-CAMREDNNNAPRF-AJ43*p03_BV13-3-CASSDWGGAETLYF-BJ2-3,176.0,1,1,2,2,4,3,0,7,0,6,12,2,0
BL6-BALBc_HTxB,AV6D-6-CALPTNSAGNKLTF-AJ17*p02_BV13-3-CASRAGTKYAEQFF-BJ2-1,85.0,3,14,20,16,18,15,12,29,2,17,33,37,1
BL6-BALBc_HTxB,AV16D/DV11-CAMREEGGRALIF-AJ15_BV1-CTCSADRVDNQAPLF-BJ1-5,92.0,0,0,0,12,7,3,1,2,0,4,4,3,2
BL6-BALBc_HTxB,AV7-4-CAASWSNYQLIW-AJ33_BV5-CASSQDGNSDYTF-BJ1-2,30.0,0,1,3,4,3,5,5,184,0,0,3,1,0
BL6-BALBc_HTxB,AV16/DV11-CAMREGPQGGSAKLIF-AJ57_BV13-3-CASSGSGGNTLYF-BJ1-3,136.0,0,1,2,9,9,108,0,3,1,3,15,6,2
BL6-BALBc_HTxB,AV16D/DV11-CAMRDTNAYKVIF-AJ30_BV13-2-CASGDVGGGQNTLYF-BJ2-4,174.0,0,0,3,5,5,19,0,5,0,6,7,1,0
BL6-BALBc_HTxB,AV4-3-CAAEADTGNYKYVF-AJ40_BV13-1-CASSDDRVGNTLYF-BJ1-3,105.0,0,1,53,5,3,5,5,2,0,2,8,0,0
BL6-BALBc_HTxB,AV7-1-CAPDSGYNKLTF-AJ11*p02_BV13-2-CASWTGGNQAPLF-BJ1-5,932.0,5,12,12,40,23,25,5,5,0,21,81,4,1
BL6-BALBc_HTxB,AV16D/DV11-CAMREDNNRIFF-AJ31_BV13-2-CASGEIATNTGQLYF-BJ2-2,299.0,1,2,1,82,7,19,5,0,0,0,11,5,0
BL6-BALBc_HTxB,AV13D-1-CAMERSSGSWQLIF-AJ22_BV4-CASSYAEQFF-BJ2-1,287.0,6,10,4,17,16,15,6,4,0,15,30,12,1
BL6-BALBc_HTxB,AV3-3-CAVRPTSSGQKLVF-AJ16*p02_BV13-3-CASSQGAEDNQAPLF-BJ1-5,74.0,1,1,1,2,5,4,0,2,0,19,6,12,0
BL6-BALBc_HTxB,AV7-5-CAMKPSSSFSKLVF-AJ50_BV1-CTCSPVPGDETLYF-BJ2-3,167.0,0,0,1,8,5,6,1,3,1,7,5,9,0
BL6-BALBc_HTxB,AV16D/DV11-CAMREANSGTYQRF-AJ13_BV1-CTCSADKVYAEQFF-BJ2-1,292.0,1,6,3,68,21,3,3,9,0,19,25,5,2
BL6-BALBc_HTxB,AV19-CAAANTGYQNFYF-AJ49_BV17-CASSRDPWGGSAETLYF-BJ2-3,876.0,7,3,14,42,30,89,10,5,1,20,69,15,1
BL6-BALBc_HTxB,AV9-4-CAVRDYGNEKITF-AJ48_BV1-CTCSAVRAEVFF-BJ1-1,283.0,0,2,1,3,12,8,1,2,1,1,8,90,0
BL6-BALBc_HTxB,AV12-3-CASHTGYQNFYF-AJ49_BV29-CASSPRQANTEVFF-BJ1-1,126.0,1,2,1,2,5,3,0,8,0,6,22,7,2
BL6-BALBc_HTxB,AV16/DV11-CAMREGLANKKIF-AJ47_BV1-CTCSATGTENTEVFF-BJ1-1,579.0,1,0,8,10,4,10,0,0,0,14,14,3,0
BL6-BALBc_HTxB,AV6D-7-CALRGDTNAYKVIF-AJ30_BV19-CASSISGGNTEVFF-BJ1-1,150.0,0,1,0,5,5,1,1,1,1,3,4,1,1
BL6-BALBc_HTxB,AV6-7/DV9-CALGPDTNAYKVIF-AJ30_BV19-CASSMGQYEQYF-BJ2-7,151.0,11,7,9,21,12,12,13,7,0,21,17,10,0
BL6-BALBc_HTxB,AV9D-1-CAADASSGSWQLIF-AJ22_BV13-2-CASGDVGGEVFF-BJ1-1,115.0,0,1,1,1,1,80,4,2,0,5,12,3,0
BL6-BALBc_HTxB,AV9-1-CAVREDMGYKLTF-AJ9_BV13-2-CASGDGGALEQYF-BJ2-7,380.0,1,1,1,126,5,6,3,0,1,8,39,2,0
BL6-BALBc_HTxB,AV12D-2-CALSDRTGGYKVVF-AJ12_BV2-CASSQDRTGGNQDTQYF-BJ2-5,264.0,1,8,5,139,12,7,2,1,3,9,13,2,0
BL6-BALBc_HTxB,AV4-3-CAAEDNNRIFF-AJ31_BV12-2-CASSPDWGQDTQYF-BJ2-5,563.0,32,0,4,17,10,12,3,2,0,10,13,14,1
BL6-BALBc_HTxB,AV7-4-CAASWSNYQLIW-AJ33_BV5-CASSQDGNSDYTF-BJ1-2,181.0,1,1,2,4,8,6,1,191,0,11,16,4,0
BL6-BALBc_HTxB,AV16D/DV11-CAMREGLDSNYQLIW-AJ33_BV1-CTCSAEGVSYEQYF-BJ2-7,866.0,3,1,10,54,22,15,2,8,3,23,25,10,0
BL6-BALBc_HTxB,AV12D-2-CASAYNTNTGKLTF-AJ27_BV19-CASSTRENTEVFF-BJ1-1,371.0,2,6,3,4,10,4,0,6,9,7,7,7,0
BL6-BALBc_HTxB,AV6-5-CALSDLYANKMIF-AJ47_BV3-CASSFGTGGYEQYF-BJ2-7,85.0,0,0,3,2,3,1,1,1,3,128,2,3,0
BL6-BALBc_HTxB,AV16/DV11-CAMREANTGNYKYVF-AJ40_BV13-2-CASGDNYEQYF-BJ2-7,251.0,6,0,3,15,353,18,4,2,1,10,17,6,1
BL6-BALBc_HTxB,AV8-1-CATDADTGNYKYVF-AJ40_BV2-CASSQRRSGNTLYF-BJ1-3,1067.0,1,4,5,18,22,14,9,9,2,87,53,12,0
BL6-BALBc_HTxB,AV19-CAAANTGYQNFYF-AJ49_BV17-CASSRDPWGGSAETLYF-BJ2-3,154.0,1,0,1,6,3,14,4,0,0,4,6,5,0
BL6-BALBc_HTxB,AV13D-1-CAMANTGNYKYVF-AJ40_BV13-2-CASGGIYEQYF-BJ2-7,118.0,2,0,2,4,56,4,5,3,0,4,8,2,1
BL6-BALBc_HTxB,AV4-3-CAANTGNYKYVF-AJ40_BV4-CASSLLRYAEQFF-BJ2-1,297.0,2,1,3,73,8,11,2,1,1,8,14,5,1
BL6-BALBc_HTxB,AV8-2-CATSGGSNAKLTF-AJ42_BV13-1-CASSGGNYAEQFF-BJ2-1,222.0,6,4,7,9,18,15,20,7,1,18,29,12,0
BL6-BALBc_HTxB,AV9-4-CAWSNTDKVVF-AJ34*p03_BV13-3-CASSGLGGGAETLYF-BJ2-3,31.0,0,0,0,1,1,3,3,0,0,0,7,0,0
BL6-BALBc_HTxB,AV16/DV11-CAMREDSSNTDKVVF-AJ34*p03_BV13-3-CASSGSGGNTLYF-BJ1-3,628.0,1,7,15,12,18,153,4,18,0,22,22,25,1
BL6-BALBc_HTxB,AV3-1-CAISSNTDKVVF-AJ34*p03_BV4-CASTDWGDYEQYF-BJ2-7,0.0,0,0,0,0,1,0,0,0,0,0,0,0,0
BL6-BALBc_HTxB,AV6D-7-CALIASSSFSKLVF-AJ50_BV3-CASSLGRGLEQYF-BJ2-7,105.0,1,1,0,4,4,4,0,1,0,58,4,0,1
BL6-BALBc_HTxB,AV8D-2-CATVITGNTRKLIF-AJ37*p02_BV13-2-CASGESGYEQYF-BJ2-7,61.0,1,0,0,4,21,4,6,9,0,5,8,2,0
BL6-BALBc_HTxB,AV6D-6-CALSDNRICF-AJ31_BV13-1-CASSDPTGAYEQYF-BJ2-7,555.0,3,3,5,10,18,10,0,4,1,9,158,4,0
BL6-BALBc_HTxB,AV7D-2-CAANNYAQGLTF-AJ26_BV4-CASSHGTYAEQFF-BJ2-1,153.0,1,1,3,8,8,4,0,2,0,2,6,2,0
BL6-BALBc_HTxB,AV6D-6-CALSEVTQVVGQLTF-AJ5*p02_BV13-3-CASSGTTSAETLYF-BJ2-3,148.0,1,3,2,4,5,9,3,2,0,141,10,3,0
BL6-BALBc_HTxB,AV16/DV11-CAMREDSNYQLIW-AJ33_BV17-CASSRRLGEDTQYF-BJ2-5,156.0,0,2,1,4,5,5,2,1,1,11,6,6,0
BL6-BALBc_HTxB,AV7-4-CADNTNTGKLTF-AJ27_BV12-2-CASSLEQGEDTQYF-BJ2-5,53.0,41,0,0,6,1,1,0,3,1,3,1,3,0
BL6-BALBc_HTxB,AV13D-3-CAMRTNSAGNKLTF-AJ17*p02_BV13-2-CASGTTYEQYF-BJ2-7,98.0,1,0,3,4,2,6,0,12,1,226,8,7,1
BL6-BALBc_HTxB,AV10D-CAASRAGGYKVVF-AJ12_BV13-2-CASGDAPDNTQYF-BJ2-5,4716.0,4,9,8,15,24,17,2,12,3,38,23,17,1
BL6-BALBc_HTxB,AV19-CAAANTGYQNFYF-AJ49_BV17-CASSRDPWGGSAETLYF-BJ2-3,88.0,1,1,2,6,4,38,13,1,0,8,10,6,0
BL6-BALBc_HTxB,AV4-3-CAAEADTGNYKYVF-AJ40_BV31-CAWSLWTGVEQYF-BJ2-7,154.0,0,1,112,8,1,2,0,0,0,3,8,1,1
BL6-BALBc_HTxB,AV3-3-CAVSERTSSFSKLVF-AJ50_BV13-2-CASGETGEDTQYF-BJ2-5,261.0,0,1,6,22,7,57,8,4,0,9,16,2,0
BL6-BALBc_HTxB,AV5-1-CSASNGAKLTF-AJ39_BV13-2-CASGDVTGGDSPLYF-BJ1-6,85.0,2,2,0,14,5,0,3,15,0,1,12,2,0
BL6-BALBc_HTxB,AV14-2-CAASANNNAGAKLTF-AJ39_BV3-CASSPWDIANSDYTF-BJ1-2,127.0,1,2,1,6,8,6,4,1,0,5,327,2,0
BL6-BALBc_HTxB,AV9D-3-CAVSPDTNAYKVIF-AJ30_BV13-2-CASGDWGRGEQYF-BJ2-7,96.0,0,1,12,1,4,3,1,3,0,2,3,0,0
BL6-BALBc_HTxB,AV9-3-CAVSTDYAQGLTF-AJ26_BV3-CASSLGTGDTQYF-BJ2-5,35.0,1,0,0,2,2,1,1,1,0,54,6,1,2
BL6-BALBc_HTxB,AV7D-2-CAADYRGSALGRLHF-AJ18_BV13-2-CASGDGTEVFF-BJ1-1,93.0,1,0,0,4,1,0,0,1,1,1,6,1,0
BL6-BALBc_HTxB,AV7-3-CADDSGYNKLTF-AJ11*p02_BV19-CASSRGVSYNSPLYF-BJ1-6,389.0,1,3,7,10,11,67,10,10,1,10,17,6,1
BL6-BALBc_HTxB,AV5D-4-CAASDMGYKLTF-AJ9_BV13-2-CASGDALGGFSYEQYF-BJ2-7,95.0,1,1,4,3,8,0,0,1,1,5,5,19,0
BL6-BALBc_HTxB,AV9D-3-CAVSPDTNAYKVIF-AJ30_BV13-2-CASGDWGRGEQYF-BJ2-7,42.0,0,2,119,4,3,5,4,0,0,1,6,8,2
BL6-BALBc_HTxB,AV13-1-CDRETTGNTTKLIF-AJ37*p02_BV1-CTCSAARYAEQFF-BJ2-1,427.0,0,5,7,91,9,14,7,5,2,20,18,3,0
BL6-BALBc_HTxB,AV7-5-CAMKPSSSFSKLVF-AJ50_BV1-CTCSPVPGDETLYF-BJ2-3,307.0,2,3,3,74,12,24,2,7,0,13,23,46,0
BL6-BALBc_HTxB,AV16D/DV11-CAMRAHYSNNRLTL-AJ7_BV13-2-CASGEQYEQYF-BJ2-7,190.0,0,1,6,8,5,221,3,5,2,8,21,6,0
BL6-BALBc_HTxB,AV9-1-CAVSVDTNAYKVIF-AJ30_BV13-2-CASGGAGNSPLYF-BJ1-6,218.0,1,6,10,10,33,19,6,2,6,10,29,18,0
BL6-BALBc_HTxB,AV4-4/DV10-CAAEASNYGGSGNKLIF-AJ32_BV17-CASSPGQNTGQLYF-BJ2-2,292.0,4,5,35,30,22,22,19,10,11,32,36,20,1
BL6-BALBc_HTxB,AV5-1-CSASVDYAQGLTF-AJ26_BV31-CAWSPGTQNTLYF-BJ2-4,257.0,0,1,9,19,20,39,2,5,1,12,35,8,0
BL6-BALBc_HTxB,AV9D-3-CAVSPDTNAYKVIF-AJ30_BV13-2-CASGDWGRGEQYF-BJ2-7,112.0,1,2,202,6,7,9,2,3,0,7,7,8,0
BL6-BALBc_HTxB,AV16D/DV11-CAMREGNNYQLIW-AJ33_BV1-CTCSADKVYAEQFF-BJ2-1,449.0,4,6,11,152,21,21,5,14,1,19,47,8,1
BL6-BALBc_HTxB,AV6D-7-CALSDMGYKLTF-AJ9_BV13-2-CASGDVDSYNSPLYF-BJ1-6,145.0,0,1,2,0,2,5,3,7,0,7,5,7,1
BL6-BALBc_HTxB,AV8-1-CATDAPSGSWQLIF-AJ22_BV13-3-CASSDAVSQDTQYV-BJ2-5,62.0,2,1,0,4,5,1,0,2,0,34,200,1,2
BL6-BALBc_HTxB,AV14-1-CAALNNYAQGLTF-AJ26_BV19-CASSITGLAEQFF-BJ2-1,705.0,3,19,6,16,24,16,3,10,1,360,28,8,2
BL6-BALBc_HTxB,AV5-1-CSADTNAYKVIF-AJ30_BV13-2-CASGDATGYEQYF-BJ2-7,107.0,1,1,5,10,5,2,5,203,0,8,11,7,0
BL6-BALBc_HTxB,AV9-3-CAVSSDYANKMIF-AJ47_BV15-CASSLVLGGNYAEQFF-BJ2-1,43.0,0,1,2,2,5,5,0,0,0,270,5,1,0
BL6-BALBc_HTxB,AV6-6-CALGAFSNTDKVVF-AJ34*p03_BV13-3-CASSDVRDSGNTLYF-BJ1-3,115.0,0,3,0,76,3,0,1,3,0,2,10,7,1
BL6-BALBc_HTxB,AV13-4/DV7-CAMEPSNYQLIW-AJ33_BV29-CASGQGGTGQLYF-BJ2-2,2.0,0,0,0,0,0,0,0,2,0,0,0,0,0
BL6-BALBc_HTxB,AV6D-6-CALSRVPNYNVLYF-AJ21*p03_BV4-CASSPASQNTLYF-BJ2-4,83.0,4,1,1,0,3,2,0,1,1,4,21,7,0
BL6-BALBc_HTxB,AV9-3-CAVNSGGSNYKLTF-AJ53_BV2-CASSQPIGNTLYF-BJ1-3,100.0,1,1,0,73,7,6,0,0,0,3,2,1,0
BL6-BALBc_HTxB,AV9D-1-CAASPYQGGRALIF-AJ15_BV13-2-CASGGTGSNTGQLYF-BJ2-2,211.0,2,1,4,11,12,7,5,10,0,3,12,2,0
BL6-BALBc_HTxB,AV9-4-CASNNNNAPRF-AJ43*p03_BV13-1-CASSGDRNTGQLYF-BJ2-2,393.0,2,5,9,14,14,18,2,7,0,50,23,8,0
BL6-BALBc_HTxB,AV16/DV11-CAMREGYQNFYF-AJ49_BV13-1-CASSGRNTEVFF-BJ1-1,104.0,0,24,2,1,6,6,4,0,0,6,9,2,0
BL6-BALBc_HTxB,AV7D-2-CAASGYQGGRALIF-AJ15_BV31-CAWGPGHYEQYF-BJ2-7,109.0,1,0,2,11,5,8,3,6,0,3,5,4,0
BL6-BALBc_HTxB,AV7-3-CAVSNQGGRALIF-AJ15_BV1-CTCSANAISNERLFF-BJ1-4,2096.0,0,6,11,129,18,18,4,10,2,31,29,24,2
BL6-BALBc_HTxB,AV3-3-CAVMPNYNVLYF-AJ21*p03_BV13-2-CASGDLGTDNNQAPLF-BJ1-5,94.0,0,1,4,1,3,1,3,1,0,4,19,1,0
BL6-BALBc_HTxB,AV6D-6-CALSLNNYAQGLTF-AJ26_BV1-CTCSAEYISNERLFF-BJ1-4,76.0,1,2,0,4,1,8,3,2,4,7,13,1,0
BL6-BALBc_HTxB,AV6-6-CALGDQANTDKVVF-AJ34*p03_BV14-CASSLGVNTEVFF-BJ1-1,77.0,0,0,0,2,3,2,18,2,0,1,3,0,0
BL6-BALBc_HTxB,AV19-CAADSNTDKVVF-AJ34*p03_BV13-2-CASGERDIYAEQFF-BJ2-1,306.0,5,1,2,6,10,149,18,4,0,12,23,1,0
BL6-BALBc_HTxB,AV13-1-CAMELSSGSWQLIF-AJ22_BV4-CASSYGEQYF-BJ2-7,180.0,1,2,0,5,6,8,2,4,1,6,239,2,1
BL6-BALBc_HTxB,AV16/DV11-CAMREGDNNNRIFF-AJ31_BV13-2-CASGDVGEQYF-BJ2-7,2343.0,3,2,4,21,53,10,2,5,1,25,20,8,1
BL6-BALBc_HTxB,AV7-3-CAVNTGGADRLTF-AJ45_BV14-CASSFLRGREQYF-BJ2-7,99.0,0,1,64,1,1,2,0,1,0,3,8,1,0
BL6-BALBc_HTxB,AV13D-2-CAIEASSGSWQLIF-AJ22_BV17-CASSSRNEQYF-BJ2-7,113.0,0,1,0,1,34,2,1,2,1,3,3,1,0
BL6-BALBc_HTxB,AV6-7/DV9-CALGDQGGGADRLTF-AJ45_BV3-CASSFGTGGYYEQYF-BJ2-7,771.0,0,3,9,14,13,18,4,7,2,98,15,1,0
BL6-BALBc_HTxB,AV9-1-CAVSRANTGKLTF-AJ52_BV29-CASSLDMYEQYF-BJ2-7,150.0,0,3,4,3,4,7,2,3,1,12,5,1,0
BL6-BALBc_HTxB,AV4-3-CAADYQGGSAKLIF-AJ57_BV2-CASSQERLLGGAETLYF-BJ2-3,120.0,0,0,0,2,2,0,1,2,0,1,7,47,0
BL6-BALBc_HTxB,AV16/DV11-CAMREGNNNRIFF-AJ31_BV13-2-CASGDNYEQYF-BJ2-7,93.0,1,0,0,4,215,4,0,1,0,1,5,2,0
BL6-BALBc_HTxB,AV16D/DV11-CAMREGETGGYKVVF-AJ12_BV13-1-CASSGGGAREQYF-BJ2-7,126.0,3,1,0,23,3,0,1,1,0,3,5,1,0
BL6-BALBc_HTxB,AV6-5-CALSDLYANKMIF-AJ47_BV3-CASSFGTGGYEQYF-BJ2-7,159.0,3,3,3,7,6,7,1,2,1,117,14,6,0
BL6-BALBc_HTxB,AV12D-1-CALSDQNKLTF-AJ56_BV14-CASRSDWVNQDTQYF-BJ2-5,96.0,0,3,1,3,7,5,30,13,1,1,18,5,2
BL6-BALBc_HTxB,AV16/DV11-CAMRENTGANTGKLTF-AJ52_BV13-3-CASSSGGVKAEQFF-BJ2-1,783.0,0,4,6,13,64,13,2,2,0,9,22,11,1
BL6-BALBc_HTxB,AV13-1-CAMELSSGSWQLIF-AJ22_BV4-CASSYGEQYF-BJ2-7,285.0,0,1,0,3,6,2,2,0,0,5,155,3,0
BL6-BALBc_HTxB,AV12-1-CALSDPSNTDKVVF-AJ34*p03_BV13-1-CASSPHYNYAEQFF-BJ2-1,920.0,3,4,4,11,8,5,1,3,1,15,216,0,1
BL6-BALBc_HTxB,AV6-6-CALGMDYANKMIF-AJ47_BV13-1-CASSDQGGNERLFF-BJ1-4,109.0,0,1,2,3,4,4,5,4,0,4,10,7,0
BL6-BALBc_HTxB,AV8D-2-CATDAGQGGRALIF-AJ15_BV13-3-CASGGTGGNYAEQFF-BJ2-1,295.0,1,2,2,9,5,6,1,1,0,2,78,13,0
BL6-BALBc_HTxB,AV7D-3-CAVSTSGYNKLTF-AJ11*p02_BV14-CASSFSASSGNTLYF-BJ1-3,122.0,1,1,3,5,1,1,34,0,0,0,2,0,0
BL6-BALBc_HTxB,AV3D-3-CAVSANYNVLYF-AJ21*p03_BV31-CAWSLPPEQFF-BJ2-1,90.0,1,0,0,1,1,4,0,1,2,6,2,5,0
BL6-BALBc_HTxB,AV9-4-CAVSPGNYKYVF-AJ40_BV1-CTCSAGQGYEQYF-BJ2-7,97.0,10,1,1,4,8,4,0,1,1,2,8,5,0
BL6-BALBc_HTxB,AV1-CAVRDSYAQGLTF-AJ26_BV13-1-CASSDDRVGNTLYF-BJ1-3,318.0,1,6,4,71,15,8,4,5,1,5,17,4,1
BL6-BALBc_HTxB,AV3D-3-CAVSGSALGRLHF-AJ18_BV13-1-CASSDPTGDEQYF-BJ2-7,169.0,0,1,0,4,3,3,0,3,1,3,9,19,2
BL6-BALBc_HTxB,AV8-1-CATDYAQGLTF-AJ26_BV1-CTCSADMRETLYF-BJ2-3,343.0,1,5,3,196,8,9,1,10,0,9,12,8,1
BL6-BALBc_HTxB,AV13-2-CAIDLMQQGTGSKLSF-AJ58_BV13-1-CASSAPGGYAEQFF-BJ2-1,178.0,0,9,4,9,5,5,2,4,0,46,78,1,0
BL6-BALBc_HTxB,AV9-3-CAVTYGGSGNKLIF-AJ32_BV4-CASSTPWSAETLYF-BJ2-3,1624.0,4,2,7,18,18,17,0,8,4,9,50,5,1
BL6-BALBc_HTxB,AV6-6-CALGDQANTDKVVF-AJ34*p03_BV14-CASSLGVNTEVFF-BJ1-1,198.0,0,2,2,6,5,3,17,0,1,1,12,0,1
BL6-BALBc_HTxB,AV10D-CAAGSGTYQRF-AJ13_BV13-1-CASSDAGGDSDYTF-BJ1-2,85.0,0,1,0,1,6,51,2,6,0,0,4,1,0
BL6-BALBc_HTxB,AV16D/DV11-CAMREAFSGGSNAKLTF-AJ42_BV13-2-CASGDSYEQYF-BJ2-7,94.0,0,0,1,1,128,3,1,0,1,4,8,2,0
BL6-BALBc_HTxB,AV14D-3/DV8-CAAFYGNEKITF-AJ48_BV1-CTCSADPGWEQYF-BJ2-7,265.0,0,0,2,10,5,5,1,5,1,4,9,12,0
BL6-BALBc_HTxB,AV3-3-CAVSAVDSNYQLIW-AJ33_BV19-CASTPPLGGYAEQFF-BJ2-1,586.0,1,0,5,390,9,5,2,5,0,4,19,1,0
BL6-BALBc_HTxB,AV8D-1-CATDAGRIFF-AJ31_BV4-CASSYWESAETLYF-BJ2-3,1300.0,4,3,7,11,14,16,6,2,2,72,27,7,0
BL6-BALBc_HTxB,AV16/DV11-CAMREDSSNTDKVVF-AJ34*p03_BV5-CASSQDLGGQNTLYF-BJ2-4,1764.0,3,4,8,18,29,33,7,8,2,21,884,12,2
BL6-BALBc_HTxB,AV6-5-CALSDNTGYQNFYF-AJ49_BV14-CASSFPGEVFF-BJ1-1,146.0,0,0,2,5,14,17,0,0,1,0,7,2,0
BL6-BALBc_HTxB,AV16D/DV11-CAMREDTDKVVF-AJ34*p03_BV14-CASSRDRHQAPLF-BJ1-5,373.0,2,2,5,10,39,8,3,7,1,11,9,2,0
BL6-BALBc_HTxB,AV6D-7-CALSDMGYKLTF-AJ9_BV13-2-CASGDVDSYNSPLYF-BJ1-6,223.0,3,9,4,8,4,3,6,12,0,9,9,7,0
BL6-BALBc_HTxB,AV8-1-CATDPGSWQLIF-AJ22_BV13-2-CASGSGLGTSAETLYF-BJ2-3,171.0,1,1,2,5,8,9,8,5,1,2,24,6,1
BL6-BALBc_HTxB,AV9D-4-CAPASSGSWQLIF-AJ22_BV1-CTCSAADAEQFF-BJ2-1,50.0,1,0,0,0,3,3,0,1,0,3,0,0,0
BL6-BALBc_HTxB,AV6-5-CALSDGGTGSKLSF-AJ58_BV17-CASSPGLGGRFNEQYF-BJ2-7,1041.0,7,3,10,22,27,15,8,19,0,26,36,21,1
BL6-BALBc_HTxB,AV5-1-CSASNGAKLTF-AJ39_BV13-2-CASGDVTGGDSPLYF-BJ1-6,233.0,1,0,0,2,5,5,0,16,1,11,12,17,0
BL6-BALBc_HTxB,AV9D-3-CAVSPDTNAYKVIF-AJ30_BV13-2-CASGDWGRGEQYF-BJ2-7,371.0,0,3,65,10,7,6,1,5,0,3,10,4,0
BL6-BALBc_HTxB,AV16D/DV11-CAMREGNTNTG-AJ27_BV13-2-CASGDFQYEQYF-BJ2-7,136.0,2,1,2,3,5,8,9,2,0,4,13,2,0
BL6-BALBc_HTxB,AV3-4-CAADSNYQLIW-AJ33_BV13-3-CASSDAGNTLYF-BJ1-3,203.0,1,1,8,10,3,3,1,2,2,6,17,5,0
BL6-BALBc_HTxB,AV16D/DV11-CAMREGNYGGSGNKLIF-AJ32_BV20-CGARDLGVPNERLFF-BJ1-4,2147.0,2,7,4,25,22,13,3,5,2,26,36,413,0
BL6-BALBc_HTxB,AV12-2-CALSVMDSNYQLIW-AJ33_BV13-3-CASSDPGNTLYF-BJ1-3,34.0,0,0,0,1,3,0,1,0,0,3,25,1,0
BL6-BALBc_HTxB,AV10-CAASISYAQGLTF-AJ26_BV13-1-CASIDITNTEVFF-BJ1-1,223.0,2,3,4,6,13,5,3,2,0,8,13,14,1
BL6-BALBc_HTxB,AV13-2-CAISNAGAKLTF-AJ39_BV13-3-CASSPFWGGIAEEFF-BJ2-1,258.0,4,0,5,10,11,2,5,6,0,9,25,7,1
BL6-BALBc_HTxB,AV1-CAVRDSYAQGLTF-AJ26_BV13-1-CASSDDRVGNTLYF-BJ1-3,129.0,1,2,1,123,5,4,2,3,1,5,11,2,1
BL6-BALBc_HTxB,AV16/DV11-CAMREDSSNTDKVVF-AJ34*p03_BV5-CASSQDLGGQNTLYF-BJ2-4,204.0,0,3,2,5,11,5,2,2,1,2,146,2,0
BL6-BALBc_HTxB,AV10D-CAASIGAQGLTF-AJ26_BV13-1-CASDGTGGNERLFF-BJ1-4,236.0,4,3,1,11,10,8,3,14,1,15,19,9,0
BL6-BALBc_HTxB,AV7-2-CAATGNTRKLIF-AJ37*p02_BV3-CASSAGPQDTQYF-BJ2-5,794.0,2,3,3,195,10,12,2,4,0,3,17,3,0
BL6-BALBc_HTxB,AV19-CAADQGGSAKLIF-AJ57_BV20-CGARYTSANTEVFF-BJ1-1,139.0,4,0,10,15,3,5,2,0,1,4,9,6,2
BL6-BALBc_HTxB,AV4-3-CAAEADTGNYKYVF-AJ40_BV31-CAWSLWTGVEQYF-BJ2-7,304.0,0,12,56,43,11,8,13,6,4,11,149,3,2
BL6-BALBc_HTxB,AV7D-2-CAAHTGNYKYVF-AJ40_BV1-CTCSAVRVSNSDYTF-BJ1-2,180.0,3,2,7,45,15,11,4,5,0,14,12,6,0
BL6-BALBc_HTxB,AV9D-3-CAVSPDTNAYKVIF-AJ30_BV13-2-CASGDWGRGEQYF-BJ2-7,149.0,0,1,16,2,6,6,1,0,1,2,8,0,0
BL6-BALBc_HTxB,AV5D-4-CAASEDSNYQLIW-AJ33_BV13-1-CASSDLGGQDTQYF-BJ2-5,113.0,2,0,1,4,0,2,0,8,0,2,7,5,0
BL6-BALBc_HTxB,AV3D-3-CAVSDPSGSWQLIF-AJ22_BV5-CASSQGSAYEQYF-BJ2-7,380.0,1,3,2,98,11,7,2,2,2,7,12,18,1
BL6-BALBc_HTxB,AV16D/DV11-CAMREGSSGSWQLIF-AJ22_BV1-CTCSADRVYAEQFF-BJ2-1,243.0,0,3,0,97,5,2,0,1,1,13,5,6,0
BL6-BALBc_HTxB,AV1-CAVRDSYAQGLTF-AJ26_BV13-1-CASSDDRVGNTLYF-BJ1-3,405.0,5,1,6,348,16,16,1,10,1,15,28,6,1
BL6-BALBc_HTxB,AV9D-3-CAVSPDTNAYKVIF-AJ30_BV13-2-CASGDWGRGEQYF-BJ2-7,106.0,0,1,34,3,4,1,1,1,0,1,4,0,0
BL6-BALBc_HTxB,AV12-2-CALSDPGGSNAKLTF-AJ42_BV2-CASSQVPGSEVFF-BJ1-1,140.0,0,0,0,12,7,6,3,7,0,9,72,1,1
BL6-BALBc_HTxB,AV5-1-CSASVDYAQGLTF-AJ26_BV31-CAWSPGTQNTLYF-BJ2-4,45.0,2,1,1,1,12,9,1,2,3,3,11,1,1
BL6-BALBc_HTxB,AV16/DV11-CAMREGSNTDKVVF-AJ34*p03_BV13-1-CASSDYLYEQYF-BJ2-7,287.0,1,8,6,157,10,8,2,2,0,13,14,0,1
BL6-BALBc_HTxB,AV3D-3-CAVSESNNRIFF-AJ31_BV16-CASSLGLGFNYAEQFF-BJ2-1,465.0,1,3,13,8,21,7,10,6,0,3,22,20,0
BL6-BALBc_HTxB,AV1-CAVRGDGGGSGNKLIF-AJ32_BV1-CTCSGDRGLNSPLYF-BJ1-6,215.0,0,0,0,12,5,5,1,5,0,1,14,2,1
BL6-BALBc_HTxB,AV16D/DV11-CAMRDANAYKVIF-AJ30_BV13-2-CASGDRNTEVFF-BJ1-1,183.0,1,3,8,14,634,12,10,11,0,22,35,31,0
BL6-BALBc_HTxB,AV7D-4-CAASENNYAQGLTF-AJ26_BV5-CASSPKGQGAFEQYF-BJ2-7,126.0,1,4,1,10,2,13,3,4,1,4,10,0,1
BL6-BALBc_HTxB,AV16/DV11-CAMREGNTGNYKYVF-AJ40_BV13-2-CASGGIYEQYF-BJ2-7,78.0,0,1,0,3,46,0,3,2,0,4,2,1,0
BL6-BALBc_HTxB,AV8D-1-CATDDRGSALGRLHF-AJ18_BV1-CTCSPTGGDTEVFF-BJ1-1,209.0,3,1,4,11,16,7,3,5,1,10,26,69,1
BL6-BALBc_HTxB,AV8D-2-CATVGNRIFF-AJ31_BV1-CTCSAVRISNERLFF-BJ1-4,204.0,1,0,5,146,5,12,7,5,0,5,8,2,0
BL6-BALBc_HTxB,AV16D/DV11-CAMRNNRIFF-AJ31_BV13-2-CASGDRGVQDTQYF-BJ2-5,138.0,0,4,1,7,1,1,1,2,0,5,9,14,2
BL6-BALBc_HTxB,AV1-CAVRDDTNAYKVIF-AJ30_BV17-CASSPGLGGRFNEQYF-BJ2-7,78.0,0,2,5,6,15,4,13,13,0,7,23,24,0
BL6-BALBc_HTxB,AV5-1-CSASIDGGSGNKLIF-AJ32_BV1-CTCSAVPNERLFF-BJ1-4,186.0,2,2,5,6,6,6,2,2,1,6,11,170,0
BL6-BALBc_HTxB,AV7-3-CAGDSGYNKLTF-AJ11*p02_BV13-2-CASGDADERLFF-BJ1-4,185.0,4,0,6,3,8,5,1,213,1,8,10,12,0
BL6-BALBc_HTxB,AV8D-1-CATAPDRGSALGRLHF-AJ18_BV1-CTCSATGGGDTEVFF-BJ1-1,206.0,3,20,2,12,9,8,0,1,1,5,16,25,0
BL6-BALBc_HTxB,AV9-3-CAASSNTDKVVF-AJ34*p03_BV13-3-CASSDTGGAAEQFF-BJ2-1,191.0,0,8,0,9,5,0,9,4,0,7,12,9,0
BL6-BALBc_HTxB,AV14-3-CAANSGGSNAKLTF-AJ42_BV29-CAIRDIQDTQYF-BJ2-5,155.0,0,0,3,2,2,1,2,1,0,3,1,32,0
BL6-BALBc_HTxB,AV3-1-CAVSGASGSWQLIF-AJ22_BV4-CASSLTDEQYF-BJ2-7,220.0,1,0,2,10,14,4,2,8,0,5,90,8,0
BL6-BALBc_HTxB,AV5-1-CSAKGTGNTRKLIF-AJ37*p02_BV13-2-CASGYRAPNSDYTF-BJ1-2,1692.0,3,1,2,26,10,9,1,5,1,9,10,4,0
BL6-BALBc_HTxB,AV7D-2-CAAHTGNYKYVF-AJ40_BV13-2-CASGDALGGFSYEQYF-BJ2-7,108.0,2,1,2,1,5,3,1,1,0,4,2,91,1
BL6-BALBc_HTxB,AV12D-1-CALSETGGNNKLTF-AJ56_BV1-CTCSADPGWEQYF-BJ2-7,87.0,1,2,0,1,1,3,0,9,2,3,5,23,0
BL6-BALBc_HTxB,AV7D-2-CAAKNSGTYQRF-AJ13_BV13-2-CASGDPYEQYF-BJ2-7,99.0,3,4,1,7,2,3,0,2,0,1,6,6,0
BL6-BALBc_HTxB,AV12-2-CALSVMDSNYQLIW-AJ33_BV13-3-CASSDPGNTLYF-BJ1-3,190.0,0,5,5,5,3,2,1,4,1,2,48,1,1
BL6-BALBc_HTxB,AV7-5-CAMSLFNNYAQGLTF-AJ26_BV5-CASSQDGTEEVFF-BJ1-1,118.0,3,1,1,8,3,3,0,6,1,3,35,3,1
BL6-BALBc_HTxB,AV7-4-CADNTNTGKLTF-AJ27_BV12-2-CASSLEQGEDTQYF-BJ2-5,117.0,20,4,5,1,19,8,1,9,7,5,2,1,1
BL6-BALBc_HTxB,AV4-3-CAVPDTNAYKVIF-AJ30_BV29-CASSRGSNQAPLF-BJ1-5,252.0,5,5,8,21,16,3,1,7,6,21,104,8,0
BL6-BALBc_HTxB,AV13-1-CAMELSSGSWQLIF-AJ22_BV4-CASSYGEQYF-BJ2-7,91.0,1,0,0,4,5,5,1,0,2,5,18,1,0
BL6-BALBc_HTxB,AV8-1-CATDASSGSWQLIF-AJ22_BV4-CASTQANTEVFF-BJ1-1,187.0,2,1,3,33,421,13,3,2,1,12,233,13,1
BL6-BALBc_HTxB,AV10D-CAASATGGYKVVF-AJ12_BV2-CASSQDQTSNERLFF-BJ1-4,118.0,0,3,0,2,11,0,2,0,0,6,31,0,0
BL6-BALBc_HTxB,AV6-7/DV9-CALGDQGGGADRLTF-AJ45_BV3-CASSFGTGGYYEQYF-BJ2-7,231.0,1,4,6,14,14,15,1,5,1,146,19,4,0
BL6-BALBc_HTxB,AV16/DV11-CAMREGDTGYQNFYF-AJ49_BV17-CASSPGLGGRFNEQYF-BJ2-7,79.0,0,1,1,23,5,3,0,2,1,4,12,1,0
BL6-BALBc_HTxB,AV3-4-CAVSDNYAQGLTF-AJ26_BV13-3-CASSDRGRAPLF-BJ1-5,180.0,1,12,11,13,20,8,2,12,1,12,27,7,0
BL6-BALBc_HTxB,AV14-1-CAGDMDYANKMIF-AJ47_BV29-CATGTGTERLFF-BJ1-4,1932.0,1,3,7,10,16,11,3,7,4,13,11,8,1
BL6-BALBc_HTxB,AV9D-3-CAVSPDTNAYKVIF-AJ30_BV13-2-CASGDWGRGEQYF-BJ2-7,98.0,0,0,44,4,2,0,0,0,0,1,6,1,1
BL6-BALBc_HTxB,AV7D-3-CAVTGNYKYVF-AJ40_BV13-2-CASGTGGENTLYF-BJ2-4,952.0,1,1,1,4,2,15,1,2,0,5,5,3,0
BL6-BALBc_HTxB,AV8-1-CADQGGRALIF-AJ15_BV1-CTCSADPGNERLFF-BJ1-4,89.0,0,1,1,22,4,1,1,3,0,6,7,1,0
BL6-BALBc_HTxB,AV16D/DV11-CAMREDNNAGAKLTF-AJ39_BV13-2-CASGAVPYEQYF-BJ2-7,157.0,2,0,0,4,4,2,3,108,0,3,0,15,0
BL6-BALBc_HTxB,AV2-CIVTDSYSNNRLTL-AJ7_BV1-CTCSAGRGDAEQFF-BJ2-1,543.0,3,1,2,290,3,17,3,6,1,14,16,3,0
BL6-BALBc_HTxB,AV7-3-CAVSITGNTRKLIF-AJ37*p02_BV13-1-CASTGTYEQNF-BJ2-7,231.0,2,0,0,1,5,3,9,1,0,5,43,2,0
BL6-BALBc_HTxB,AV16D/DV11-CAMRAHYSNNRLTL-AJ7_BV13-2-CASGEQYEQYF-BJ2-7,178.0,0,1,0,2,3,118,2,0,0,2,2,1,0
BL6-BALBc_HTxB,AV16D/DV11-CAMREGLGYKLTF-AJ9_BV14-CASSTPSGVVGERLFF-BJ1-4,121.0,4,2,15,282,9,8,0,5,1,4,12,0,0
BL6-BALBc_HTxB,AV16D/DV11-CAMREGDSNYQLIW-AJ33_BV3-CASSSGTDYEQYF-BJ2-7,69.0,1,0,2,24,0,1,1,2,0,1,5,0,0
BL6-BALBc_HTxB,AV10-CAARKTGFASALTF-AJ35_BV13-3-CASSDSDSQNTLYF-BJ2-4,827.0,0,9,12,15,19,10,17,13,4,25,37,20,0
BL6-BALBc_HTxB,AV16/DV11-CAMREDTGYQNFYF-AJ49_BV13-2-CASGEGGAGQLYF-BJ2-2,58.0,3,0,1,6,0,0,2,18,0,15,7,1,0
BL6-BALBc_HTxB,AV15-1/DV6-1-CALWELASSNTDKVVF-AJ34*p03_BV3-CASSFGTGGYYEQYF-BJ2-7,249.0,3,2,2,3,5,5,3,1,0,46,6,0,0
BL6-BALBc_HTxB,AV1-CAVREDTNAYKVIF-AJ30_BV13-2-CASGDAPGQNSDYTF-BJ1-2,65.0,0,0,1,6,1,25,0,0,0,0,2,4,0
BL6-BALBc_HTxB,AV4-3-CAADANTDKVVF-AJ34*p03_BV13-3-CASSDGGFEQYF-BJ2-7,151.0,3,4,9,7,16,10,10,8,2,12,23,7,0
BL6-BALBc_HTxB,AV16/DV11-CAMREDNNNAPRF-AJ43*p03_BV13-3-CASSDWGGAETLYF-BJ2-3,160.0,1,5,3,2,9,1,1,2,0,6,10,3,0
BL6-BALBc_HTxB,AV3-3-CAVRYANKMIF-AJ47_BV1-CTCSAGTGNTLYF-BJ2-4,601.0,4,1,4,8,8,10,3,1,2,14,53,10,0
BL6-BALBc_HTxB,AV16/DV11-CAMREGDNNNRIFF-AJ31_BV13-1-CASSEGHPNERLFF-BJ1-4,151.0,0,1,3,2,6,0,3,2,3,1,10,0,1
BL6-BALBc_HTxB,AV7D-2-CAASEPSGSWQLIF-AJ22_BV1-CTCSAAGTGNTEVFF-BJ1-1,342.0,1,12,2,31,8,4,8,7,0,16,6,5,2
BL6-BALBc_HTxB,AV6-6-CALGTFSNTDKVVF-AJ34*p03_BV13-1-CASSDVRDSGNTLYF-BJ1-3,92.0,0,4,2,70,3,8,0,4,0,2,4,1,0
BL6-BALBc_HTxB,AV19-CAADSNIVKVVL-AJ34*p03_BV13-2-CASGERDIYAEQFF-BJ2-1,118.0,0,1,4,4,1,60,4,0,0,5,5,1,0
BL6-BALBc_HTxB,AV4-3-CAAEADTGNYKYVF-AJ40_BV31-CAWSLWTGVEQYF-BJ2-7,38.0,0,1,19,1,1,1,0,1,0,1,1,0,0
BL6-BALBc_HTxB,AV13-1-CAPYYNVLYF-AJ21*p03_BV13-1-CASSDVGGEQYF-BJ2-7,69.0,0,3,1,0,3,91,2,10,0,1,5,3,0
BL6-BALBc_HTxB,AV4-3-CAAEADTGNYKYVF-AJ40_BV31-CAWSLWTGVEQYF-BJ2-7,60.0,1,0,49,5,1,4,0,0,0,1,7,0,0
BL6-BALBc_HTxB,AV3D-3-CAVSAGYSNNRLTL-AJ7_BV13-3-CASSSNTGQLYF-BJ2-2,369.0,3,4,9,2,13,2,3,4,1,1,17,12,0
BL6-BALBc_HTxB,AV16D/DV11-CAMREGETGGYKVVF-AJ12_BV13-1-CASSGGGAREQYF-BJ2-7,44.0,0,0,0,2,0,0,1,0,0,1,2,0,0
BL6-BALBc_HTxB,AV5D-4-CAASDMGYKLTF-AJ9_BV13-1-CASSEGHPNERLFF-BJ1-4,79.0,0,1,2,1,4,3,1,1,0,6,3,72,0
BL6-BALBc_HTxB,AV3-3-CAVPGYQNFYF-AJ49_BV29-CASSRGPRDTQYF-BJ2-5,157.0,1,3,0,10,17,1,4,4,0,12,7,4,2
BL6-BALBc_HTxB,AV16D/DV11-CAMREGDSNYQLIW-AJ33_BV13-2-CASGYRAPNSDYTF-BJ1-2,196.0,0,1,0,40,6,2,0,1,0,1,7,0,0
BL6-BALBc_HTxB,AV4-2-CAAEGDSNYQLIW-AJ33_BV13-2-CASGDATNTEVFF-BJ1-1,168.0,0,8,1,12,6,28,11,2,1,3,126,3,0
BL6-BALBc_HTxB,AV16D/DV11-CAMREDGSWQLIF-AJ22_BV13-2-CASGGANSDYTF-BJ1-2,215.0,3,1,4,22,117,5,2,7,0,85,22,6,0
BL6-BALBc_HTxB,AV19-CAAANTGYQNFYF-AJ49_BV17-CASSRDPWGGSAETLYF-BJ2-3,1378.0,0,4,4,12,9,31,10,6,1,10,20,3,0
BL6-BALBc_HTxB,AV16/DV11-CAMREGDTNAYKVIF-AJ30_BV13-2-CASGEINSPLYF-BJ1-6,92.0,1,0,2,3,28,5,0,1,0,2,11,1,0
BL6-BALBc_HTxB,AV9D-4-CALSATNAYKVIF-AJ30_BV29-CASSTGSAETLYF-BJ2-3,75.0,5,11,5,3,2,3,0,0,3,6,3,7,0
BL6-BALBc_HTxB,AV2-CIVTDVDTNAYKVIF-AJ30_BV13-1-CASSDAGGAPEQYF-BJ2-7,293.0,1,1,1,4,4,7,4,4,0,4,29,8,0
BL6-BALBc_HTxB,AV12D-2-CALRSNSGTYQRF-AJ13_BV13-2-CASGGDFNYAEQFF-BJ2-1,389.0,1,5,7,13,10,5,3,8,0,8,25,14,1
BL6-BALBc_HTxB,AV1-CAVRDSYAQGLTF-AJ26_BV13-1-CASSDDRVGNTLYF-BJ1-3,311.0,4,3,9,156,5,7,2,6,0,6,6,5,1
BL6-BALBc_HTxB,AV6-1-CVLAPSSGSWQLIF-AJ22_BV19-CASSIVRVAETLYF-BJ2-3,467.0,0,2,0,12,2,3,2,0,0,3,27,2,0
BL6-BALBc_HTxB,AV6-6-CGGGFDTGANRVKLRF-AJ52_BV13-2-CASGDWGGDTQYF-BJ2-5,237.0,1,2,0,22,7,2,0,0,1,1,3,1,0
BL6-BALBc_HTxB,AV3-4-CAVNNAGAKLTF-AJ39_BV1-CTCSADRVAEQFF-BJ2-1,80.0,0,0,1,19,3,3,0,1,0,6,11,1,0
BL6-BALBc_HTxB,AV16/DV11-CAMREGSGGSNYKLTF-AJ53_BV5-CASSQDTAWGYAEQFF-BJ2-1,105.0,28,0,3,8,4,7,11,3,4,2,8,5,0
BL6-BALBc_HTxB,AV13-4/DV7-CAMERDQGGSAKLIF-AJ57_BV13-2-CASGDVTGGDSPLYF-BJ1-6,321.0,0,5,4,5,1,5,4,11,0,3,8,1,1
BL6-BALBc_HTxB,AV7-3-CAPDSGYNKLTF-AJ11*p02_BV3-CASSLGLDAEQFF-BJ2-1,240.0,1,4,8,4,7,6,2,12,0,14,15,6,0
BL6-BALBc_HTxB,AV9-2-CAASMDSNYQLIW-AJ33_BV29-CASSGDSYAEQFF-BJ2-1,148.0,1,3,4,7,7,2,1,3,0,8,5,3,0
BL6-BALBc_HTxB,AV16/DV11-CAMREEQQGTGSKLSF-AJ58_BV31-CAWRRQGAYAEQFF-BJ2-1,63.0,0,2,6,3,8,3,0,4,0,2,6,9,0
BL6-BALBc_HTxB,AV16D/DV11-CAMRDTGANTGKLTF-AJ52_BV19-CASSIAHWQDTQYF-BJ2-5,142.0,8,4,3,3,6,2,4,1,0,1,15,2,1
BL6-BALBc_HTxB,AV12-2-CALSEMDSNYQLIW-AJ33_BV3-CASSYRDAEQFF-BJ2-1,737.0,5,2,15,95,14,13,2,9,1,22,38,14,0
BL6-BALBc_HTxB,AV4-3-CAAEADTGNYKYVF-AJ40_BV31-CAWSLWTGVEQYF-BJ2-7,109.0,0,1,41,9,1,6,2,1,0,5,10,1,1
BL6-BALBc_HTxB,AV7-3-CANYNVGDNSKLIW-AJ38_BV3-CASSLGTGGSDYTF-BJ1-2,254.0,0,4,1,12,10,11,1,6,2,71,24,14,0
BL6-BALBc_HTxB,AV4-3-CAAEDNNRIFF-AJ31_BV12-2-CASSPDWGQDTQYF-BJ2-5,707.0,102,1,3,12,8,7,2,3,0,6,17,5,1
BL6-BALBc_HTxB,AV8-1-CATDASSGSWQLIF-AJ22_BV4-CASTQANTEVFF-BJ1-1,212.0,1,1,6,6,9,7,1,4,3,16,321,4,0
BL6-BALBc_HTxB,AV7-5-CAMSPYYANKMIF-AJ47_BV13-1-CASSDWGENTLYF-BJ2-4,51.0,5,0,2,4,4,5,15,0,0,25,7,6,0
BL6-BALBc_HTxB,AV16/DV11-CAMREDSSNTDKVVF-AJ34*p03_BV5-CASSQDLGGQNTLYF-BJ2-4,377.0,1,4,12,19,17,10,3,4,1,17,392,19,0
BL6-BALBc_HTxB,AV3D-3-CAVSAPGTGSNRLTF-AJ28_BV5-CASSQVGAEVFF-BJ1-1,72.0,1,10,7,9,2,3,1,6,0,4,21,2,0
BL6-BALBc_HTxB,AV13-2-CAIENTGNYKYVF-AJ40_BV13-1-CASSDAWGYEQYF-BJ2-7,2066.0,2,3,6,22,24,22,7,12,2,18,39,11,0
BL6-BALBc_HTxB,AV10-CAASKGTGYQNFYF-AJ49_BV1-CTCSAALGDSPLYF-BJ1-6,23.0,0,0,0,1,0,0,0,1,0,1,1,0,0
BL6-BALBc_HTxB,AV6-6-CALGDLGTGSKLSF-AJ58_BV13-2-CASGPGTSEVFF-BJ1-1,174.0,3,0,8,28,7,0,3,4,0,11,69,3,2
BL6-BALBc_HTxB,AV3-3-CAVDTNAYKVIF-AJ30_BV13-2-CASGDGGREQYF-BJ2-7,523.0,5,5,5,13,4,9,3,6,0,11,26,5,1
BL6-BALBc_HTxB,AV16/DV11-CAMREGDTGYQNFYF-AJ49_BV1-CTCSADRAQDTQYF-BJ2-5,116.0,0,11,2,92,5,3,0,8,1,17,5,0,0
BL6-BALBc_HTxB,AV5D-4-CAASGGSGNKLIF-AJ32_BV13-1-CASSAGYAEQFF-BJ2-1,56.0,0,0,0,4,1,9,2,1,0,5,137,3,0
BL6-BALBc_HTxB,AV12-2-CALSDTGANTGKLTF-AJ52_BV1-CTCSADPSYEQYF-BJ2-7,28.0,0,0,0,0,7,0,0,0,0,1,0,13,0
BL6-BALBc_HTxB,AV6D-6-CALSPNSAGNKLTF-AJ17*p02_BV13-2-CASGDARSSDYTF-BJ1-2,350.0,3,3,9,25,26,23,6,9,6,17,35,15,1
BL6-BALBc_HTxB,AV16/DV11-CAMREDTNAYKVIF-AJ30_BV13-2-CASGDVQNPYF-BJ2-5,309.0,2,1,8,55,8,20,0,6,1,124,100,2,0
BL6-BALBc_HTxB,AV3D-3-CAVSGSSGSWQLIF-AJ22_BV13-3-CASSDTGGAAEQFF-BJ2-1,2592.0,0,0,8,19,13,9,1,6,0,11,19,4,2
BL6-BALBc_HTxB,AV8-1-CATDEGNMGYKLTF-AJ9_BV13-3-CASSWTGAQDTQYF-BJ2-5,396.0,1,1,3,11,9,5,1,4,0,10,51,1,0
BL6-BALBc_HTxB,AV7D-3-CAPGGNYKPTF-AJ6_BV14-CASRNRDEQYF-BJ2-7,430.0,1,4,3,11,7,6,4,4,16,11,11,1,1
BL6-BALBc_HTxB,AV13-2-CAIGYAQGLTF-AJ26_BV13-3-CASSDGWGGYEQYF-BJ2-7,336.0,2,3,89,6,7,19,2,3,1,7,15,9,0
BL6-BALBc_HTxB,AV16D/DV11-CAMREDTNAYKVIF-AJ30_BV13-2-CASGETGANSDYTF-BJ1-2,251.0,2,1,3,10,13,77,4,50,1,12,13,0,0
BL6-BALBc_HTxB,AV7D-2-CAAPHDSGYNKLTF-AJ11*p02_BV13-2-CASGDLYEQYF-BJ2-7,131.0,0,1,1,9,179,27,1,5,0,5,11,4,1
BL6-BALBc_HTxB,AV8-2-CATDNYAQGLTF-AJ26_BV2-CASSQGLGEYEQYF-BJ2-7,28.0,0,1,0,2,1,2,1,0,0,6,4,0,0
BL6-BALBc_HTxB,AV16D/DV11-CAMRDPYGGSGNKLIF-AJ32_BV1-CTCSAVREDTQYF-BJ2-5,64.0,2,0,0,44,0,0,0,0,0,0,2,1,0
BL6-BALBc_HTxB,AV8-1-CATEHQGGRALIF-AJ15_BV1-CTCSGTGGDTEVFF-BJ1-1,171.0,1,0,1,6,2,1,2,5,3,1,6,2,0
BL6-BALBc_HTxB,AV10-CAASMDNYNVLYF-AJ21*p03_BV31-CAWSLSSDYTF-BJ1-2,101.0,1,1,1,2,18,10,2,2,0,5,158,3,0
BL6-BALBc_HTxB,AV16D/DV11-CAMREINTGNYKYVF-AJ40_BV13-3-CASSDLGAEQYF-BJ2-7,274.0,0,0,2,11,7,145,2,3,1,1,10,3,0
BL6-BALBc_HTxB,AV16D/DV11-CAMREGYANKMIF-AJ47_BV13-1-CASSDRGANTGQLYF-BJ2-2,285.0,0,231,8,15,10,10,1,5,2,7,19,2,0
BL6-BALBc_HTxB,AV13-1-CAMESPTGYQNFYF-AJ49_BV13-2-CASGDEYEQYF-BJ2-7,189.0,1,1,1,6,8,4,9,2,1,46,8,2,1
BL6-BALBc_HTxB,AV6-1-CVLGDRDMGYKLTF-AJ9_BV5-CASSPLGDQNTLYF-BJ2-4,93.0,0,2,1,11,4,5,1,0,0,2,4,0,0
BL6-BALBc_HTxB,AV4-3-CAADNNAGAKLTF-AJ39_BV13-1-CASSDARYAEQFF-BJ2-1,126.0,0,1,5,13,7,3,3,0,0,3,6,1,0
BL6-BALBc_HTxB,AV15-1/DV6-1-CALWELASSNTDKVVF-AJ34*p03_BV3-CASSFGTGGYYEQYF-BJ2-7,490.0,1,2,8,22,13,14,2,5,1,46,27,7,0
BL6-BALBc_HTxB,AV16D/DV11-CAMREGNTNTGKLTF-AJ27_BV1-CTCSADGVYAEQFF-BJ2-1,191.0,0,3,0,11,8,2,2,4,0,5,8,77,0
BL6-BALBc_HTxB,AV13D-4-CAMDTGYQNFYF-AJ49_BV5-CASSQDSNTEVFF-BJ1-1,69.0,3,2,1,2,1,0,0,0,2,5,16,0,0
BL6-BALBc_HTxB,AV16D/DV11-CAMREDSGYNKLTF-AJ11*p02_BV14-CASSFWTGGARDTQYF-BJ2-5,80.0,2,10,9,12,88,4,0,11,0,2,7,7,0
BL6-BALBc_HTxB,AV7D-3-CAVSNQGGRALIF-AJ15_BV13-2-CASGAGLGGPTLYF-BJ2-4,4059.0,2,9,14,18,20,7,1,2,2,25,24,7,0
BL6-BALBc_HTxB,AV16D/DV11-CAMRDANAYKVIF-AJ30_BV13-2-CASGDRNTEVFF-BJ1-1,254.0,1,2,3,7,326,18,1,4,1,7,19,5,0
BL6-BALBc_HTxB,AV13-1-CAMELSSGSWQLIF-AJ22_BV4-CASSYGEQYF-BJ2-7,345.0,1,1,7,7,13,12,4,3,0,5,349,1,0
BL6-BALBc_HTxB,AV16D/DV11-CAMREGSGYNKLTF-AJ11*p02_BV13-2-CASGRDNANSDYTF-BJ1-2,394.0,1,1,0,13,4,11,3,60,2,13,13,4,1
BL6-BALBc_HTxB,AV16/DV11-CAMREDSGYNKLTF-AJ11*p02_BV13-1-CASSDAQGSNTEVFF-BJ1-1,351.0,1,3,6,3,5,3,2,2,0,14,41,3,0
BL6-BALBc_HTxB,AV17-CALEGSNTDKVVF-AJ34*p03_BV13-2-CASGGFRDRGTEVFF-BJ1-1,263.0,1,0,4,62,4,2,1,2,0,3,5,7,2
BL6-BALBc_HTxB,AV12-2-CALSVMDSNYQLIW-AJ33_BV13-3-CASSDPGNTLYF-BJ1-3,96.0,0,9,3,5,5,4,2,2,1,13,13,3,1
BL6-BALBc_HTxB,AV8-2-CATDAQGGRALIF-AJ15_BV14-CASSSGTGNERLFF-BJ1-4,283.0,3,5,75,7,7,9,1,3,0,2,8,2,0
BL6-BALBc_HTxB,AV16/DV11-CAMREDNAGAKLTF-AJ39_BV13-2-CASGDQGASGNTLYF-BJ1-3,350.0,0,10,5,213,220,28,2,4,4,12,32,2,0
BL6-BALBc_HTxB,AV16D/DV11-CAMREVMNSNAGAKLTF-AJ39_BV4-CASSSGTGGAQDTQYF-BJ2-5,113.0,1,4,1,5,2,13,2,3,0,6,4,6,0
BL6-BALBc_HTxB,AV3-3-CAVFNTGNYKYVF-AJ40_BV5-CASSQDRTENTLYF-BJ2-4,44.0,0,14,1,2,1,1,0,1,0,0,8,2,1
BL6-BALBc_HTxB,AV13-4/DV7-CAMERNNYAQGLTF-AJ26_BV13-3-CASSDIGNTLYF-BJ2-4,107.0,1,1,0,3,5,0,0,4,0,5,73,8,0
BL6-BALBc_HTxB,AV3-3-CAVSEDYSNNRLTL-AJ7_BV1-CTCSADFRGNSDYTF-BJ1-2,255.0,8,9,8,17,19,7,10,9,19,17,114,50,0
BL6-BALBc_HTxB,AV5-1-CSAKGTGNTRKLIF-AJ37*p02_BV13-1-CASSDAGGYEQYF-BJ2-7,222.0,14,6,7,13,13,18,7,8,6,15,18,18,2
BL6-BALBc_HTxB,AV12-2-CALSDSGGSNAKLTF-AJ42_BV14-CASSFWTGGARDTQYF-BJ2-5,106.0,0,0,2,6,131,6,2,3,0,4,24,2,0
BL6-BALBc_HTxB,AV16/DV11-CAMREDSSNTDKVVF-AJ34*p03_BV5-CASSQDLGGQNTLYF-BJ2-4,1475.0,3,8,13,25,19,12,6,9,3,23,533,10,1
BL6-BALBc_HTxB,AV10-CAASMNQGGSAKLIF-AJ57_BV3-CASSLGRGLEQYF-BJ2-7,2578.0,2,21,9,20,29,16,7,15,0,543,36,20,0
BL6-BALBc_HTxB,AV3-3-CAVKPGNYKYVF-AJ40_BV31-CAWSDWGSNTGQLYF-BJ2-2,154.0,0,4,6,11,14,4,2,2,1,20,12,10,0
BL6-BALBc_HTxB,AV9D-3-CAVSPDTNAYKVIF-AJ30_BV13-2-CASGDWGRGEQYF-BJ2-7,137.0,1,0,104,1,4,1,0,1,0,4,7,2,0
BL6-BALBc_HTxB,AV7-4-CADNTNTGKLTF-AJ27_BV12-2-CASSLEQGEDTQYF-BJ2-5,101.0,38,0,0,4,1,3,0,2,0,5,4,1,1
BL6-BALBc_HTxB,AV16D/DV11-CAMREINTGNYKY-AJ40_BV13-2-CASGDVTGGDSPLYF-BJ1-6,50.0,0,0,2,5,2,7,0,12,0,2,15,5,0
BL6-BALBc_HTxB,AV9-4-CAVSSPDTNAYKVIF-AJ30_BV13-2-CASGASGGNTLYF-BJ1-3,240.0,3,2,4,4,8,9,5,18,1,7,32,21,0
BL6-BALBc_HTxB,AV6-4-CALVDASGSWQLIF-AJ22_BV2-CASSQQGANTEVFF-BJ1-1,95.0,1,2,7,203,7,9,1,1,1,7,7,2,1
BL6-BALBc_HTxB,AV7-3-CAVSSGYNKLTF-AJ11*p02_BV1-CTCSADRRDYAEQFF-BJ2-1,531.0,2,18,2,10,10,9,2,5,1,3,11,2,1
BL6-BALBc_HTxB,AV5-1-CSAKGTGNTRKLIF-AJ37*p02_BV13-2-CASGYRAPNSDYTF-BJ1-2,133.0,2,1,2,33,7,4,0,0,1,5,4,1,0
BL6-BALBc_HTxB,AV3-3-CAVSEGRGSALGRLHF-AJ18_BV1-CTCSAGGDYAEQFF-BJ2-1,3.0,0,0,0,0,1,0,0,0,0,0,0,0,0
BL6-BALBc_HTxB,AV16D/DV11-CAMRDITGNTRKLIF-AJ37*p02_BV1-CTCSAEWGSSAETLYF-BJ2-3,101.0,0,1,2,5,5,30,0,0,0,4,2,1,2
BL6-BALBc_HTxB,AV5D-4-CAASDMGYKLTF-AJ9_BV13-2-CASGDALGGFSYEQYF-BJ2-7,1946.0,1,5,1,17,12,12,2,4,1,9,17,168,1
BL6-BALBc_HTxB,AV2-CIVTTGTNAYKVIF-AJ30_BV29-CASSPGTGKDTQYF-BJ2-5,85.0,3,9,13,5,5,5,6,12,2,8,9,11,0
BL6-BALBc_HTxB,AV16D/DV11-CAMRESSNTDKVVF-AJ34*p03_BV13-1-CASSDAPGREQYF-BJ2-7,102.0,1,5,0,8,5,6,0,3,0,0,10,4,0
BL6-BALBc_HTxB,AV12-2-CALNTGYQNFYF-AJ49_BV13-1-CASSDAGGYEQYF-BJ2-7,1031.0,2,2,4,7,9,34,2,4,1,9,19,3,1
BL6-BALBc_HTxB,AV3-1-CAIMPNYNVLYF-AJ21*p03_BV31-CAWLGENSYEQYF-BJ2-7,76.0,0,0,85,7,6,11,1,7,24,6,7,1,0
BL6-BALBc_HTxB,AV12D-2-CALRSNSGTYQRF-AJ13_BV13-2-CASGGDFNYAEQFF-BJ2-1,1161.0,3,4,9,39,17,15,7,10,6,21,34,14,0
BL6-BALBc_HTxB,AV8D-2-CATVGNRIFF-AJ31_BV19-CASSIVGSQNTLYF-BJ2-4,3407.0,10,12,5,83,15,10,3,10,5,29,145,23,0
BL6-BALBc_HTxB,AV7-4-CADNTNTGKLTF-AJ27_BV12-2-CASSLEQGEDTQYF-BJ2-5,118.0,31,7,4,4,13,0,1,2,1,16,6,2,0
BL6-BALBc_HTxB,AV15-2/DV6-2-CALSELPGSNAKLTF-AJ42_BV13-2-CASGRGAGNTLYF-BJ1-3,205.0,3,2,1,10,12,71,0,24,0,18,11,2,0
BL6-BALBc_HTxB,AV3-3-CAVSSDTNAYKVIF-AJ30_BV13-2-CASGEAGPYAEQFF-BJ2-1,139.0,0,0,1,23,4,1,2,1,1,3,7,1,0
BL6-BALBc_HTxB,AV12-2-CALNTGYQNFYF-AJ49_BV13-1-CASSDAGGYEQYF-BJ2-7,1027.0,4,3,8,37,105,26,1,6,1,22,41,10,2
BL6-BALBc_HTxB,AV16D/DV11-CAMREGTGYQNFYF-AJ49_BV13-1-CASSDVTGNTLYF-BJ2-4,515.0,2,7,10,31,16,5,4,1,0,12,13,10,0
BL6-BALBc_HTxB,AV5-1-CSASVDYAQGLTF-AJ26_BV31-CAWSPGTQNTLYF-BJ2-4,738.0,3,2,4,11,10,20,3,7,1,6,20,0,0
BL6-BALBc_HTxB,AV13-2-CAIDQGNNAGAKLTF-AJ39_BV12-2-CASSLGQVGEQYF-BJ2-7,128.0,0,2,8,8,6,7,2,2,0,30,9,4,2
BL6-BALBc_HTxB,AV9D-1-CAASMDYQLIW-AJ33_BV4-CASTDWGGQDTQYF-BJ2-5,138.0,0,6,8,58,2,5,1,5,0,2,8,0,0
BL6-BALBc_HTxB,AV16/DV11-CAMREGNYGNEKITF-AJ48_BV31-CAWSPTGGINERLFF-BJ1-4,129.0,0,1,5,8,3,8,0,4,2,5,152,2,0
BL6-BALBc_HTxB,AV4-3-CAAEGGADRLTF-AJ45_BV29-CASSLGTGFTEVFF-BJ1-1,612.0,4,5,3,15,8,11,4,2,0,8,17,7,0
BL6-BALBc_HTxB,AV6-5-CALSDGGTGSKLSF-AJ58_BV17-CASSPGLGGRFNEQYF-BJ2-7,29.0,1,3,6,2,16,4,2,5,0,2,10,4,0
BL6-BALBc_HTxB,AV2-CIVTDSYSNNRLTL-AJ7_BV1-CTCSAGRGDAEQFF-BJ2-1,911.0,1,1,8,372,11,11,4,10,0,13,18,7,0
BL6-BALBc_HTxB,AV7-3-CAPDSGYNKLTF-AJ11*p02_BV13-2-CASGATNSDYTF-BJ1-2,207.0,1,5,2,16,13,3,5,6,3,47,22,2,1
BL6-BALBc_HTxB,AV16/DV11-CAMREDSGGSNYKLTF-AJ53_BV13-2-CASGQSSYEQYF-BJ2-7,205.0,8,1,2,7,13,5,0,12,0,5,13,4,1
BL6-BALBc_HTxB,AV7D-3-CASNTGYQNFYF-AJ49_BV1-CTCSAVGQGPEVFF-BJ1-1,93.0,1,0,1,14,8,2,0,6,0,15,9,6,1
BL6-BALBc_HTxB,AV12D-1-CALSDQNKLTF-AJ56_BV14-CASRSDWVNQDTQYF-BJ2-5,123.0,0,6,0,1,4,4,18,8,0,1,9,0,0
BL6-BALBc_HTxB,AV5D-4-CAASDMGYKLTF-AJ9_BV13-2-CASGDALGGFSYEQYF-BJ2-7,13.0,0,0,1,1,0,0,0,0,0,0,0,0,0
BL6-BALBc_HTxB,AV16D/DV11-CAMREGLGGSNAKLTF-AJ42_BV13-1-CASSAGTKNTEVFF-BJ1-1,239.0,1,3,3,15,8,6,5,8,1,7,10,6,1
BL6-BALBc_HTxB,AV13D-1-CAMEGSGTYQRF-AJ13_BV13-2-CASGDRDREDTQYF-BJ2-5,47.0,0,1,3,5,3,1,2,1,0,4,3,1,0
BL6-BALBc_HTxB,AV2-CIVTDMTGGLSGKLTF-AJ2_BV13-1-CASSDAAGDTEVFF-BJ1-1,138.0,0,1,4,5,17,11,2,2,1,7,11,5,0
BL6-BALBc_HTxB,AV16D/DV11-CAMREGTGSWQLIF-AJ22_BV13-1-CASSDDRVGNTLYF-BJ1-3,92.0,0,2,1,7,7,4,4,1,0,11,59,4,0
BL6-BALBc_HTxB,AV16D/DV11-CAMREAFSGGSNAKLTF-AJ42_BV13-2-CASGDSYEQYF-BJ2-7,466.0,3,4,7,15,712,14,2,2,2,15,38,9,0
BL6-BALBc_HTxB,AV7D-5-CAVRNYGNEKITF-AJ48_BV13-1-CASSDGGGNSPLYF-BJ1-6,309.0,0,2,1,20,4,5,2,1,0,9,9,1,0
BL6-BALBc_HTxB,AV16D/DV11-CAMREDQGGRALIF-AJ15_BV1-CTCSGQGALYEQYF-BJ2-7,95.0,0,1,1,65,7,0,0,4,0,8,5,0,0
BL6-BALBc_HTxB,AV9D-4-CALSGDSGTYQRF-AJ13_BV13-1-CASSGISSYEQYF-BJ2-7,102.0,1,22,2,2,3,1,1,2,0,4,11,2,0
BL6-BALBc_HTxB,AV9-3-CAVTYGGSGNKLIF-AJ32_BV19-CASTSGITEVFF-BJ1-1,249.0,4,1,11,5,4,4,2,7,0,5,19,3,0
BL6-BALBc_HTxB,AV13-1-CAMELSSGSWQLIF-AJ22_BV4-CASSYGEQYF-BJ2-7,425.0,0,5,7,11,19,10,2,3,2,14,504,5,1
BL6-BALBc_HTxB,AV6-4-CALNNNNAPRF-AJ43*p03_BV12-1-CASSPGTGANSDYTF-BJ1-2,89.0,1,0,1,2,174,5,1,2,0,3,5,0,0
BL6-BALBc_HTxB,AV12D-1-CALSDQNKLTF-AJ56_BV14-CASRSDWVNQDTQYF-BJ2-5,44.0,0,1,0,1,3,3,51,1,0,2,17,0,1
BL6-BALBc_HTxB,AV1-CAVRDSYAQGLTF-AJ26_BV13-1-CASSDDRVGNTLYF-BJ1-3,57.0,0,3,1,98,3,8,0,0,0,0,9,1,0
BL6-BALBc_HTxB,AV10-CAASMNQGGSAKLIF-AJ57_BV3-CASSLGRGLEQYF-BJ2-7,82.0,2,8,0,1,1,0,2,0,1,3,13,2,0
BL6-BALBc_HTxB,AV19-CAADQGGSAKLIF-AJ57_BV20-CGARYTSANTEVFF-BJ1-1,137.0,0,0,2,23,1,5,0,8,0,1,11,4,0
BL6-BALBc_HTxB,AV10-CAASMNQGGSAKLIF-AJ57_BV3-CASSLGRGLEQYF-BJ2-7,90.0,2,6,1,7,10,7,4,2,4,88,47,5,0
BL6-BALBc_HTxB,AV8-1-CATDASSGSWQLIF-AJ22_BV4-CASTAANTEVFF-BJ1-1,125.0,0,0,4,8,4,10,2,3,0,5,271,6,0
BL6-BALBc_HTxB,AV16D/DV11-CAMRAHYSNNRLTL-AJ7_BV13-2-CASGEQYEQYF-BJ2-7,85.0,0,1,1,4,14,12,3,5,0,7,6,5,0
BL6-BALBc_HTxB,AV10-CAASMNQGGSAKLIF-AJ57_BV3-CASSLGRGLEQYF-BJ2-7,62.0,0,0,4,4,2,2,0,1,1,29,4,1,0
BL6-BALBc_HTxB,AV7D-3-CASNTGYQNFYF-AJ49_BV1-CTCSAVGQGPEVFF-BJ1-1,298.0,3,1,5,17,18,12,1,3,1,17,17,3,2
BL6-BALBc_HTxB,AV16/DV11-CAMRENTGANTGKLSF-AJ52_BV13-1-CASSGGRVFEQYF-BJ2-7,66.0,0,1,2,17,10,4,0,3,0,5,9,4,0
BL6-BALBc_HTxB,AV8D-2-CATETGYQNFYF-AJ49_BV4-CAAGGVNERLFF-BJ1-4,96.0,0,1,3,9,3,5,3,8,0,4,4,33,1
BL6-BALBc_HTxB,AV16D/DV11-CAMRVSNTGYQNFYF-AJ49_BV1-CTCSEDRVYAEQFF-BJ2-1,173.0,0,3,1,10,8,3,1,0,0,6,1,1,1
BL6-BALBc_HTxB,AV7D-3-CAVSPYQGGRALIF-AJ15_BV29-CASSSGEIERLFF-BJ1-4,237.0,6,2,6,9,4,10,3,7,1,16,20,24,2
BL6-BALBc_HTxB,AV10D-CAASPGNTRKLIF-AJ37*p02_BV20-CGARINNTEVFF-BJ1-1,36.0,0,12,0,2,3,3,0,0,0,4,5,1,0
BL6-BALBc_HTxB,AV9-1-CAVSRYAQGLTF-AJ26_BV29-CASNSAETLYF-BJ2-3,137.0,0,0,5,4,2,4,3,1,0,10,9,7,0
BL6-BALBc_HTxB,AV16D/DV11-CAMRDITGNTRKLIF-AJ37*p02_BV4-CASSYGAQYF-BJ2-7,70.0,1,1,1,0,6,2,0,0,0,1,23,0,0
BL6-BALBc_HTxB,AV1-CAVRDGTGGYKVVF-AJ12_BV19-CASTQGAGQNTLYF-BJ2-4,64.0,7,2,4,4,10,3,1,2,1,23,6,11,0
BL6-BALBc_HTxB,AV13D-1-CAMANTGNYKYVF-AJ40_BV13-2-CASGGIYEQYF-BJ2-7,247.0,1,1,5,11,261,9,0,4,2,28,8,2,1
BL6-BALBc_HTxB,AV3-1-CAVTNSAGNKLTF-AJ17*p02_BV13-1-CASSGGYAEQFF-BJ2-1,2221.0,1,5,4,15,15,9,2,7,1,17,49,6,1
BL6-BALBc_HTxB,AV8-1-CATVASSSFSKLVF-AJ50_BV1-CTCSAAGGDTEVFF-BJ1-1,190.0,0,0,0,5,5,6,0,2,0,1,7,11,0
BL6-BALBc_HTxB,AV17-CALEGSNTDKVVF-AJ34*p03_BV13-2-CASGGFRDRGTEVFF-BJ1-1,125.0,0,1,1,24,3,1,0,1,0,2,3,1,0
BL6-BALBc_HTxB,AV16D/DV11-CAMREGVNTDKVVF-AJ34*p03_BV13-3-CASSDGTGSYNSPLYF-BJ1-6,63.0,0,1,0,2,2,3,0,1,1,0,22,1,1
BL6-BALBc_HTxB,AV16/DV11-CAMREGGNNRIFF-AJ31_BV13-2-CASGDNYEQYF-BJ2-7,183.0,0,0,0,3,135,6,2,7,0,8,13,3,0
BL6-BALBc_HTxB,AV6D-7-CALSHDTNAY-AJ30_BV1-CTCSAGGNYAEQFF-BJ2-1,98.0,0,12,9,3,10,4,3,9,2,18,31,18,0
BL6-BALBc_HTxB,AV16D/DV11-CAMRAHYSNNRLTL-AJ7_BV13-1-CASSDVPYEQYF-BJ2-7,285.0,2,2,7,13,18,146,1,4,1,6,18,4,1
BL6-BALBc_HTxB,AV7-2-CAATGNTRKLIF-AJ37*p02_BV4-CASSLGNYAEQFF-BJ2-1,145.0,1,9,4,5,8,4,0,2,0,2,6,2,0
BL6-BALBc_HTxB,AV6-7/DV9-CALGGGTGFASALTF-AJ35_BV4-CASSWDNYNSPLYF-BJ1-6,120.0,2,3,7,2,6,1,1,15,0,3,13,1,0
BL6-BALBc_HTxB,AV13-1-CAMELSSGSWQLIF-AJ22_BV4-CASSYGEQYF-BJ2-7,2286.0,2,4,8,25,21,19,5,13,6,23,157,4,0
BL6-BALBc_HTxB,AV4D-4-CAGGGSGNKLIF-AJ32_BV14-CASRTDWGLQDTQYF-BJ2-5,114.0,1,0,0,3,0,2,1,3,0,1,2,1,1
BL6-BALBc_HTxB,AV3-4-CAVSDTGGADRLTF-AJ45_BV13-2-CASGDPYVQYF-BJ2-7,146.0,0,0,1,14,1,24,2,0,0,2,9,0,0
BL6-BALBc_HTxB,AV8D-2-CAINYAQGLTF-AJ26_BV1-CTCSDLWGDQNTLYF-BJ2-4,215.0,1,2,0,6,1,2,1,4,3,3,2,1,0
BL6-BALBc_HTxB,AV6-6-CALVMDYANKMIF-AJ47_BV3-CASSSGQNYAEQFF-BJ2-1,56.0,1,0,5,1,7,2,1,1,0,70,10,2,0
BL6-BALBc_HTxB,AV13D-1-CAMERGYGNEKITF-AJ48_BV1-CTCSAGTKIYEQYF-BJ2-7,316.0,2,0,8,9,5,5,0,0,0,3,2,2,0
BL6-BALBc_HTxB,AV16D/DV11-CAMREGSGYNKLTF-AJ11*p02_BV13-2-CASGENPYEQYF-BJ2-7,278.0,2,2,6,14,12,17,0,56,2,3,13,5,0
BL6-BALBc_HTxB,AV14-3-CAATPSSSFSKLVF-AJ50_BV14-CASTLGAYEQYF-BJ2-7,801.0,5,1,23,17,23,13,6,10,1,27,26,4,2
BL6-BALBc_HTxB,AV13D-1-CAMANTGNYKYVF-AJ40_BV13-2-CASGGIYEQYF-BJ2-7,1973.0,1,3,4,26,322,6,4,6,0,14,26,11,1
BL6-BALBc_HTxB,AV16/DV11-CAMREGNTGNYKYVF-AJ40_BV13-2-CASGGIYEQYF-BJ2-7,884.0,4,3,6,12,89,7,3,6,1,7,17,7,0
BL6-BALBc_HTxB,AV5D-4-CAASDMGYKLTF-AJ9_BV13-2-CASGDALGGFSYEQYF-BJ2-7,336.0,1,3,8,14,12,6,2,3,0,7,9,98,0
BL6-BALBc_HTxB,AV7-4-CADNTNTGKLTF-AJ27_BV13-3-CASSDGWGGYEQYF-BJ2-7,3814.0,49,6,200,31,18,26,2,10,4,22,20,13,0
BL6-BALBc_HTxB,AV16D/DV11-CAMRDITGNTRKLIF-AJ37*p02_BV4-CASSYGAQYF-BJ2-7,75.0,1,0,2,2,5,3,2,1,0,4,43,1,1
BL6-BALBc_HTxB,AV19-CAANGGSNYKLTF-AJ53_BV5-CASSQAWGDGEQYF-BJ2-7,1007.0,3,4,3,10,12,11,3,8,2,11,71,2,1
BL6-BALBc_HTxB,AV7D-2-CAAHTGNYKYVF-AJ40_BV20-CGARINNTEVFF-BJ1-1,80.0,0,31,0,2,3,4,0,2,0,1,3,0,0
BL6-BALBc_HTxB,AV8-1-CRGNYKYVF-AJ40_BV13-1-CASSDAAEYEQYF-BJ2-7,41.0,0,3,0,1,1,0,0,2,0,5,16,1,0
BL6-BALBc_HTxB,AV5-1-CSASTGGFASALTF-AJ35_BV2-CASSQDGAGANSDYTF-BJ1-2,172.0,0,0,3,11,5,3,1,0,0,10,36,7,0
BL6-BALBc_HTxB,AV13-1-CAMVLYANKMIF-AJ47_BV1-CTCSAGGAQAPLF-BJ1-5,2056.0,1,5,10,10,26,19,10,13,3,13,21,12,0
BL6-BALBc_HTxB,AV16D/DV11-CAMREDGNEKITF-AJ48_BV13-2-CASGANSYEQYF-BJ2-7,126.0,8,6,1,33,416,6,3,5,1,16,41,15,0
BL6-BALBc_HTxB,AV8-1-CATDPSSGSWQLIF-AJ22_BV12-2-CASSPDWGQDTQYF-BJ2-5,150.0,0,1,0,1,5,1,0,0,0,2,37,0,2
BL6-BALBc_HTxB,AV16D/DV11-CAMRESSNTDKVVF-AJ34*p03_BV13-1-CASSDAPGREQYF-BJ2-7,61.0,0,0,0,17,4,1,1,5,0,0,7,2,0
BL6-BALBc_HTxB,AV6-5-CALSDLYANKMIF-AJ47_BV3-CASSFGTGGYEQYF-BJ2-7,129.0,0,0,2,6,9,7,3,3,0,166,11,0,0
BL6-BALBc_HTxB,AV13-1-CAMETTGNTRKLIF-AJ37*p02_BV1-CTCSAARYAEQFF-BJ2-1,65.0,0,3,4,37,2,2,1,0,0,11,6,0,0
BL6-BALBc_HTxB,AV16D/DV11-CAMRGDSNYQLIW-AJ33_BV13-2-CASGDNYEQYF-BJ2-7,528.0,1,10,5,17,1234,19,3,12,0,18,42,11,2
BL6-BALBc_HTxB,AV6-7/DV9-CALGDQGGGADRLTF-AJ45_BV3-CASSFGTGGYYEQYF-BJ2-7,68.0,0,2,4,3,4,1,3,2,0,46,17,2,0
BL6-BALBc_HTxB,AV9-4-CAVSTGFASALTF-AJ35_BV4-CASSSWGGKDTQYF-BJ2-5,1209.0,2,0,3,8,32,4,4,7,0,11,23,5,1
BL6-BALBc_HTxB,AV16D/DV11-CAMREGNYGNEKITF-AJ48_BV1-CTCSRDRANSDYTF-BJ1-2,125.0,1,0,0,23,1,2,1,1,0,3,2,0,1
BL6-BALBc_HTxB,AV7-3-CAVSDDYANKMIF-AJ47_BV13-2-CASGRGAGNTLYF-BJ1-3,206.0,3,8,5,5,13,39,2,12,1,14,21,6,0
BL6-BALBc_HTxB,AV16/DV11-CAMREGNTGNYKYVF-AJ40_BV13-2-CASGGIYEQYF-BJ2-7,885.0,1,3,2,10,66,4,3,2,0,3,10,5,0
BL6-BALBc_HTxB,AV5-1-CSASISGGNYKPTF-AJ6_BV29-CASSLRTKDTQYF-BJ2-5,159.0,2,1,1,2,3,1,11,1,1,21,6,2,0
BL6-BALBc_HTxB,AV16D/DV11-CAMREDGSWQLIF-AJ22_BV13-2-CASGGANSDYTF-BJ1-2,1465.0,5,3,10,68,129,16,4,11,0,117,31,11,0
BL6-BALBc_HTxB,AV13-2-CAIGYAQGLTF-AJ26_BV13-2-CASGTGDERLFF-BJ1-4,29.0,15,0,1,2,1,1,0,1,0,1,1,0,0
BL6-BALBc_HTxB,AV5-1-CSAGSALGRLHF-AJ18_BV30-CSSRRDRGYNSPLYF-BJ1-6,259.0,3,1,3,7,14,4,4,2,1,8,42,1,1
BL6-BALBc_HTxB,AV9D-3-CAVSPDTNAYKVIF-AJ30_BV13-2-CASGDWGRGEQYF-BJ2-7,211.0,0,0,34,1,0,5,1,1,0,1,2,0,0
BL6-BALBc_HTxB,AV16D/DV11-CAMREGNTGNYKYVF-AJ40_BV3-CASSFGTGGYEQYF-BJ2-7,298.0,0,2,4,7,10,7,0,3,0,302,9,3,0
BL6-BALBc_HTxB,AV8-1-CAQGGRALIF-AJ15_BV1-CTCSAGLGASAETLYF-BJ2-3,134.0,0,26,4,7,4,1,0,4,0,2,2,0,0
BL6-BALBc_HTxB,AV10D-CAASMDYANNMIF-AJ47_BV3-CASSTTGGQDTQYF-BJ2-5,172.0,1,1,7,5,3,3,2,3,0,159,8,3,0
BL6-BALBc_HTxB,AV16D/DV11-CAMREAFSGGSNAKLTF-AJ42_BV13-2-CASGDSYEQYF-BJ2-7,171.0,1,16,8,8,367,3,1,1,0,3,13,4,0
BL6-BALBc_HTxB,AV6D-6-CALSDRGTNTGKLTF-AJ27_BV29-CASTPGLQDTQYF-BJ2-5,84.0,0,5,2,2,6,1,5,2,0,2,7,7,0
BL6-BALBc_HTxB,AV8D-2-CATVGNRIFF-AJ31_BV1-CTCSAVRISNERLFF-BJ1-4,133.0,0,0,3,70,181,7,5,4,0,9,20,6,1
BL6-BALBc_HTxB,AV14D-3/DV8-CAAGGDYGNEKITF-AJ48_BV4-CASSSSSNYAEQFF-BJ2-1,318.0,1,5,1,11,20,9,1,5,1,11,24,4,0
BL6-BALBc_HTxB,AV19-CAAANTGYQNFYF-AJ49_BV17-CASSRDPWGGSAETLYF-BJ2-3,130.0,2,6,4,5,7,35,6,0,0,3,12,8,0
BL6-BALBc_HTxB,AV5-1-CSASVDYAQGLTF-AJ26_BV13-3-CASSSGGVKAEQFF-BJ2-1,74.0,1,1,6,8,6,18,2,2,0,7,35,8,0
BL6-BALBc_HTxB,AV3-3-CAVSAGGADRLTF-AJ45_BV29-CAIRDIQDTQYF-BJ2-5,139.0,5,1,0,3,10,4,2,2,0,10,14,38,0
BL6-BALBc_HTxB,AV16/DV11-CAMREDTGGADRLTF-AJ45_BV1-CTCSADRVNQAPLF-BJ1-5,47.0,0,0,4,5,4,1,3,0,1,4,99,0,0
BL6-BALBc_HTxB,AV16D/DV11-CAMREGDTNAYKVIF-AJ30_BV29-CASSYRLSNERLFF-BJ1-4,224.0,3,10,5,24,12,8,9,7,0,13,27,12,1
BL6-BALBc_HTxB,AV2-CIVTDSYSNNRLTL-AJ7_BV1-CTCSAGRGDAEQFF-BJ2-1,174.0,1,5,5,96,14,9,4,4,6,27,20,13,2
BL6-BALBc_HTxB,AV6D-7-CALSDWSNYQLIW-AJ33_BV13-1-CASSDLRVNTEVFF-BJ1-1,295.0,2,1,6,151,7,8,0,1,0,10,16,3,0
BL6-BALBc_HTxB,AV16D/DV11-CAMREDSGYNKLTF-AJ11*p02_BV13-2-CASGTTYEQYF-BJ2-7,63.0,0,1,4,4,2,7,0,0,1,141,4,3,0
BL6-BALBc_HTxB,AV7-1-CAVSGQGGRALIF-AJ15_BV13-3-CASSDTGFTEVFF-BJ1-1,376.0,4,0,8,7,13,12,7,7,1,7,24,21,0
BL6-BALBc_HTxB,AV6-5-CALSDLYANKMIF-AJ47_BV3-CASSFGTGGYEQYF-BJ2-7,363.0,1,1,11,23,16,16,6,8,2,190,25,25,0
BL6-BALBc_HTxB,AV15-2/DV6-2-CALSELPGSNAKLTF-AJ42_BV13-2-CASGRGAGNTLYF-BJ1-3,95.0,0,0,3,4,8,18,3,11,0,7,13,0,1
BL6-BALBc_HTxB,AV9D-3-CAVSPDTNAYKVIF-AJ30_BV13-2-CASGDWGRGEQYF-BJ2-7,505.0,2,2,222,5,11,7,1,4,1,12,28,9,0
BL6-BALBc_HTxB,AV12D-1-CALSDQNKLTF-AJ56_BV14-CASRSDWVNQDTQYF-BJ2-5,67.0,0,0,4,2,6,6,71,5,1,2,43,1,0
BL6-BALBc_HTxB,AV12D-1-CALSDQNKLTF-AJ56_BV14-CASRSDWVNQDTQYF-BJ2-5,143.0,4,1,2,11,2,5,130,6,2,5,25,4,0
BL6-BALBc_HTxB,AV6D-6-CALSDGANTGKLTF-AJ52_BV29-CASSLGLGGYEQYF-BJ2-7,126.0,0,0,1,6,6,2,0,0,4,17,14,5,0
BL6-BALBc_HTxB,AV8-2-CATENTGNYKYVF-AJ40_BV13-1-CASSDVGGLYF-BJ2-7,255.0,1,0,1,10,4,24,1,1,1,10,8,14,0
BL6-BALBc_HTxB,AV8-1-CATEHQGGRALIF-AJ15_BV5-CASSQDSNTEVFF-BJ1-1,30.0,6,1,16,6,12,4,4,2,3,30,41,9,2
BL6-BALBc_HTxB,AV8-1-CGGGSNAKLTF-AJ42_BV13-2-CASGDGPGGRGEQYF-BJ2-7,1199.0,3,4,8,24,14,14,8,9,0,18,24,7,0
BL6-BALBc_HTxB,AV3-3-CAVDTNAYKVIF-AJ30_BV13-3-CASSQLAEQFF-BJ2-1,214.0,0,5,9,4,18,7,8,5,0,9,24,9,0
BL6-BALBc_HTxB,AV14-1-CAAWGSGTYQRF-AJ13_BV4-CASRDWGEDEQYF-BJ2-7,281.0,0,2,5,6,9,7,6,10,1,9,9,3,2
BL6-BALBc_HTxB,AV16/DV11-CAMREDTGYQNFYF-AJ49_BV31-CAWSLGVYAEQFF-BJ2-1,124.0,0,2,1,17,425,9,0,5,2,1,22,4,0
BL6-BALBc_HTxB,AV6D-6-CALSLNNYAQGLTF-AJ26_BV1-CTCSAEYISNERLFF-BJ1-4,419.0,2,1,5,11,8,3,0,2,0,9,48,4,0
BL6-BALBc_HTxB,AV16D/DV11-CAMRAHYSNNRLTL-AJ7_BV13-2-CASGEQYEQYF-BJ2-7,109.0,1,2,1,7,13,128,0,2,0,7,8,4,0
BL6-BALBc_HTxB,AV16D/DV11-CAMREASSGSWQLIF-AJ22_BV13-2-CASGETGAEVFF-BJ1-1,46.0,0,0,0,31,0,2,3,0,1,5,13,0,0
BL6-BALBc_HTxB,AV13-2-CAIDLMQQGTGSKLSF-AJ58_BV13-1-CASSAPGGYAEQFF-BJ2-1,96.0,0,0,2,4,5,6,2,1,1,38,67,0,0
BL6-BALBc_HTxB,AV10-CAASSDTGYQNFYF-AJ49_BV13-1-CASSPGLGEQYF-BJ2-7,94.0,0,0,2,7,5,8,1,6,0,5,71,11,0
BL6-BALBc_HTxB,AV6D-7-CALSDMGYKLTF-AJ9_BV13-2-CASGDVDSYNSPLYF-BJ1-6,274.0,7,2,1,17,15,15,3,15,1,4,14,2,0
BL6-BALBc_HTxB,AV15-2/DV6-2-CALSELNGGTGSKLSF-AJ58_BV29-CASSLGDSDYTF-BJ1-2,201.0,1,10,4,7,14,12,4,4,4,11,7,7,0
BL6-BALBc_HTxB,AV7D-3-CAVRDTGYQNFYF-AJ49_BV1-CTCSEDRVYAEQFF-BJ2-1,911.0,1,30,7,22,11,12,2,9,0,12,22,10,0
BL6-BALBc_HTxB,AV8D-2-CATDNNNAPRF-AJ43*p03_BV1-CTCSAGQPNTGQLYF-BJ2-2,246.0,1,4,2,34,5,2,5,2,0,16,15,3,2
BL6-BALBc_HTxB,AV6-4-CALVGGTNAYKVIF-AJ30_BV5-CASSQTGHTNTEVFF-BJ1-1,772.0,4,6,5,15,6,15,3,7,0,12,34,6,0
BL6-BALBc_HTxB,AV10-CAASMDNYNVLYF-AJ21*p03_BV31-CAWSLSSDYTF-BJ1-2,98.0,0,0,5,1,3,7,1,3,0,2,106,3,0
BL6-BALBc_HTxB,AV1-CAVRDSYAQGLTF-AJ26_BV13-1-CASSDDRVGNTLYF-BJ1-3,216.0,1,3,1,58,4,1,1,5,0,7,11,2,0
BL6-BALBc_HTxB,AV7D-2-CAAGGADRLTF-AJ45_BV29-CASSLIRYAEQFF-BJ2-1,80.0,2,3,5,16,5,5,2,4,0,6,8,2,0
BL6-BALBc_HTxB,AV3-3-CAVSVHNNNAPRF-AJ43*p03_BV16-CASSPWTTGNTLYF-BJ1-3,372.0,1,1,9,5,7,7,1,2,3,11,19,10,0
BL6-BALBc_HTxB,AV7D-2-CAASGYQGGRALIF-AJ15_BV13-1-CASSDDRVGNTLYF-BJ1-3,412.0,1,5,6,184,22,9,3,6,3,24,17,2,2
BL6-BALBc_HTxB,AV6D-4-CALVDDSGYNKLTF-AJ11*p02_BV4-CASSLTDEQYF-BJ2-7,2024.0,4,5,3,24,13,18,4,5,3,16,94,5,1
BL6-BALBc_HTxB,AV13D-1-CAMELSSGSWQLIF-AJ22_BV4-CASSYGAQYF-BJ2-7,81.0,1,1,1,8,4,7,1,3,0,7,134,6,0
BL6-BALBc_HTxB,AV12-2-CALSPLNNYAQGLTF-AJ26_BV5-CASSQVGAEVFF-BJ1-1,122.0,1,0,11,6,10,5,6,3,0,12,27,13,1
BL6-BALBc_HTxB,AV13-1-CAMEPGGNNKLTF-AJ56_BV13-3-CASSDRYEQYF-BJ2-7,146.0,1,1,4,9,6,10,1,2,0,11,11,2,0
BL6-BALBc_HTxB,AV6-6-CALGDLGSWQLIF-AJ22_BV4-CASSYAEQFF-BJ2-1,1037.0,2,2,2,18,16,9,2,8,3,16,74,7,0
BL6-BALBc_HTxB,AV6-6-CALGDQANTDKVVF-AJ34*p03_BV13-2-CASGDVGEQYF-BJ2-7,151.0,0,0,4,1,26,3,1,1,0,2,9,4,0
BL6-BALBc_HTxB,AV7D-3-CAVRDTGYQNFYF-AJ49_BV1-CTCSADRVGNTLYF-BJ1-3,309.0,0,2,2,17,11,6,3,4,1,8,8,5,0
BL6-BALBc_HTxB,AV8-1-CAGTGGYKVVF-AJ12_BV1-CTCSAEGEEQYF-BJ2-7,93.0,5,7,4,1,10,3,5,5,1,10,14,4,0
BL6-BALBc_HTxB,AV16D/DV11-CAMREGNTGNYKYVF-AJ40_BV1-CTCSVGTVSNERLFF-BJ1-4,289.0,1,2,3,11,11,5,1,3,1,19,12,18,1
BL6-BALBc_HTxB,AV16D/DV11-CAMREANSAGNKLTF-AJ17*p02_BV13-1-CASSDVTTEVFF-BJ1-1,870.0,4,5,10,28,29,104,3,21,1,23,43,10,1
BL6-BALBc_HTxB,AV7-3-CAPNTGGADRLTF-AJ45_BV13-1-CASSDVRVAETLYF-BJ2-3,156.0,2,1,1,7,9,5,2,5,0,11,13,16,0
BL6-BALBc_HTxB,AV6D-4-CALVDDSGYNKLTF-AJ11*p02_BV4-CASSLTDEQYF-BJ2-7,182.0,2,1,4,2,8,7,7,6,1,13,74,4,1
BL6-BALBc_HTxB,AV3D-3-CAVSGSALGRLHF-AJ18_BV13-1-CASSDPTGDEQYF-BJ2-7,138.0,1,1,2,7,2,7,0,2,0,3,5,16,1
BL6-BALBc_HTxB,AV3-1-CAVRENNNRIFF-AJ31_BV29-CASGNQAPLF-BJ1-5,43.0,0,0,2,4,0,2,2,1,0,3,1,3,0
BL6-BALBc_HTxB,AV8-1-CAGTGGYKVVF-AJ12_BV1-CTCSAEGEEQYF-BJ2-7,84.0,3,2,2,5,3,11,0,6,2,3,16,5,0
BL6-BALBc_HTxB,AV8D-2-CATASSGSWQLIF-AJ22_BV29-CASSSTGTANERLFF-BJ1-4,93.0,3,4,2,1,10,5,3,3,1,6,13,17,0
BL6-BALBc_HTxB,AV7-3-CAVSITGNTRKLIF-AJ37*p02_BV13-3-CASSDEGGDEQYF-BJ2-7,156.0,5,2,3,12,22,14,1,14,1,13,27,27,0
BL6-BALBc_HTxB,AV16/DV11-CAMREDSSNTDKVVF-AJ34*p03_BV5-CASSQDLGGQNTLYF-BJ2-4,129.0,4,5,6,6,4,14,0,4,0,16,287,1,0
BL6-BALBc_HTxB,AV6-6-CALGDDNNRIFF-AJ31_BV13-1-CASSDARYAEQYF-BJ2-1,106.0,2,1,3,5,7,7,1,6,1,10,39,3,0
BL6-BALBc_HTxB,AV7-1-CAVAGGYKVVF-AJ12_BV13-2-CASGDELGGYYEQYF-BJ2-7,86.0,1,0,0,3,5,52,1,2,0,3,9,0,0
BL6-BALBc_HTxB,AV9-3-CAVSIHYGNEKITF-AJ48_BV13-2-CASGDNYEQYF-BJ2-7,15.0,0,1,0,2,15,0,0,1,0,0,0,0,0
BL6-BALBc_HTxB,AV7D-3-CAVTGNYKYVF-AJ40_BV17-CASSGTVAEQFF-BJ2-1,130.0,11,1,3,5,2,13,2,8,0,8,44,14,1
BL6-BALBc_HTxB,AV12-2-CALNSGSWQLIF-AJ22_BV19-CASSIVRTGGEAEQFF-BJ2-1,589.0,5,4,5,14,6,11,2,3,4,10,85,9,0
BL6-BALBc_HTxB,AV3-4-CAVSAEDYANKMIF-AJ47_BV13-2-CASGRDNANSDYTF-BJ1-2,48.0,0,4,0,6,4,62,2,4,0,9,4,6,0
BL6-BALBc_HTxB,AV7D-3-CAVKDYANKMIF-AJ47_BV1-CTCSADRAGNTLYF-BJ1-3,81.0,1,1,1,31,5,2,0,5,1,10,8,1,0
BL6-BALBc_HTxB,AV16/DV11-CAMREEQQGTGSKLSF-AJ58_BV31-CAWRRQGAYAEQFF-BJ2-1,53.0,1,0,17,7,5,11,1,4,0,13,8,5,0
BL6-BALBc_HTxB,AV16D/DV11-CAMREDSNYQLIW-AJ33_BV13-2-CASGDVINTEVFF-BJ1-1,2199.0,0,5,6,415,17,15,2,11,0,13,24,6,1
BL6-BALBc_HTxB,AV16/DV11-CAMREGNYAQGLTF-AJ26_BV13-3-CAGSDAGLGGINTGQLYF-BJ2-2,858.0,17,2,15,32,19,11,16,4,26,26,151,30,0
BL6-BALBc_HTxB,AV21/DV12-CILRVEDSGGSNYKLTF-AJ53_BV13-1-CASSGTGGDSPLYF-BJ1-6,349.0,3,6,4,7,17,14,1,0,0,21,345,1,0
BL6-BALBc_HTxB,AV19-CAAANTGYQNFYF-AJ49_BV17-CASSRDPWGGSAETLYF-BJ2-3,51.0,5,10,10,2,7,44,12,18,4,16,17,10,0
BL6-BALBc_HTxB,AV16/DV11-CAMREDSGYNKLTF-AJ11*p02_BV13-1-CASSLGVQDTQYF-BJ2-5,126.0,1,0,2,32,20,10,0,2,0,10,56,1,0
BL6-BALBc_HTxB,AV16/DV11-CAMRDNTGNYKYVF-AJ40_BV13-2-CASGAIYEQYF-BJ2-7,158.0,1,7,4,51,42,10,0,2,1,238,11,2,0
BL6-BALBc_HTxB,AV6-6-CALGDPGSNYQLIW-AJ33_BV2-CASSQDWANTGQLYF-BJ2-2,154.0,1,0,2,11,4,0,0,2,0,6,16,8,1
BL6-BALBc_HTxB,AV3-4-CAVSESGFASALTF-AJ35_BV1-CTCSAVGGAQDTQYF-BJ2-5,93.0,1,1,1,0,1,1,1,2,0,3,4,30,0
BL6-BALBc_HTxB,AV3D-3-CAVFNSAGNKLTF-AJ17*p02_BV1-CTCSAWTEGYAEQFF-BJ2-1,53.0,3,48,3,3,2,1,0,1,0,7,4,2,0
BL6-BALBc_HTxB,AV3-4-CAVSDQGGSAKLIF-AJ57_BV2-CASSQERVYEQYF-BJ2-7,881.0,3,20,11,23,12,10,3,14,3,66,16,10,0
BL6-BALBc_HTxB,AV1-CAVRDRYAQGLTF-AJ26_BV2-CASSQERVDKEVFF-BJ1-1,281.0,0,11,4,8,9,10,1,17,2,16,13,14,0
BL6-BALBc_HTxB,AV6-6-CALGDLNYAQGLTF-AJ26_BV13-2-CASGGVAEQFF-BJ2-1,69.0,2,0,5,16,4,5,1,2,0,185,6,1,1
BL6-BALBc_HTxB,AV16/DV11-CAMREGNYGNEKITF-AJ48_BV13-2-CASGVAGGQAPLF-BJ1-5,43.0,1,2,0,1,2,2,0,3,0,2,23,1,0
BL6-BALBc_HTxB,AV6D-7-CALASNSGGSNAKLTF-AJ42_BV13-1-CASSDLRVNTEVFF-BJ1-1,98.0,1,5,2,64,4,2,0,2,0,7,16,5,0
BL6-BALBc_HTxB,AV13D-1-CAMERSSGSWQLIF-AJ22_BV4-CASSYAEQFF-BJ2-1,239.0,2,5,4,18,18,12,3,16,0,20,68,12,0
BL6-BALBc_HTxB,AV7-3-CAVSATGGYKVVF-AJ12_BV13-2-CASGDPSEQFF-BJ2-1,84.0,1,1,1,3,5,4,11,22,0,7,9,68,0
BL6-BALBc_HTxB,AV9-4-CAVSSPDTNAYKVIF-AJ30_BV13-2-CASGASGGNTLYF-BJ1-3,106.0,0,3,1,18,3,6,2,15,0,2,8,2,0
BL6-BALBc_HTxB,AV16D/DV11-CAMRNYAQGLTF-AJ26_BV13-2-CASGGGGGEQYF-BJ2-7,4661.0,2,5,12,28,23,28,6,13,5,32,28,11,2
BL6-BALBc_HTxB,AV19-CAAANTGYQNFYF-AJ49_BV17-CASSRDPWGGSAETLYF-BJ2-3,81.0,0,1,2,1,4,39,10,1,0,2,5,3,0
BL6-BALBc_HTxB,AV13D-1-CAMEPPSGSWQLIF-AJ22_BV13-2-CASGAPGQGPNNQAPLF-BJ1-5,162.0,1,6,7,8,11,13,4,15,1,434,10,3,0
BL6-BALBc_HTxB,AV4D-3-CAADLTSGGNYKPTF-AJ6_BV13-1-CASSDAGFSDYTF-BJ1-2,86.0,1,2,66,4,7,3,0,1,0,5,7,5,1
BL6-BALBc_HTxB,AV16/DV11-CAMREDNAGAKLTF-AJ39_BV13-2-CASGDQGASGNTLYF-BJ1-3,40.0,1,1,0,2,38,1,0,1,0,1,1,2,0
BL6-BALBc_HTxB,AV3-3-CAVTSNNNNRIFF-AJ31_BV13-2-CASDDWGDEQYF-BJ2-7,55.0,4,0,1,3,4,6,2,2,1,5,4,2,0
BL6-BALBc_HTxB,AV16D/DV11-CAMREGNTNTGKLTF-AJ27_BV1-CTCSADGVYAEQFF-BJ2-1,111.0,0,0,1,2,1,3,0,1,4,1,11,33,0
BL6-BALBc_HTxB,AV9-1-CAVREDMGYKLTF-AJ9_BV13-2-CASGDGGALEQYF-BJ2-7,753.0,0,1,3,237,19,10,6,2,1,9,161,3,1
BL6-BALBc_HTxB,AV13-2-CAIGYAQGLTF-AJ26_BV13-3-CASSDGWGGYEQYF-BJ2-7,211.0,1,0,33,3,4,4,0,1,0,5,2,5,0
BL6-BALBc_HTxB,AV7-3-CAPDSGYNKLTF-AJ11*p02_BV3-CASSLGLDAEQFF-BJ2-1,175.0,1,3,5,0,4,1,1,4,0,6,7,3,0
BL6-BALBc_HTxB,AV7D-5-CAVSSYSGGSNAKLTF-AJ42_BV3-CASSQDRVSGNTLYF-BJ1-3,89.0,0,0,1,3,2,12,6,0,0,2,8,4,0
BL6-BALBc_HTxB,AV6D-6-CALTSAYQGGRALIF-AJ15_BV19-CASTSGPSTEVFF-BJ1-1,127.0,1,13,3,9,22,10,5,9,0,13,15,33,0
BL6-BALBc_HTxB,AV7D-3-CAVSIGSGGSNYKLTF-AJ53_BV17-CASRAGDYNSPLYF-BJ1-6,77.0,0,0,4,1,2,1,2,2,8,3,3,0,0
BL6-BALBc_HTxB,AV16/DV11-CAMRDTGNYKYVF-AJ40_BV13-2-CASGDNYEQYF-BJ2-7,276.0,1,4,2,7,196,15,0,3,2,5,13,4,0
BL6-BALBc_HTxB,AV6D-7-CALSERIFF-AJ31_BV29-CASSFTANTEVFF-BJ1-1,15.0,0,0,0,0,0,1,0,1,0,0,0,0,0
BL6-BALBc_HTxB,AV16/DV11-CAMREDTNAYKVIF-AJ30_BV13-2-CASGDVQNPYF-BJ2-5,243.0,1,1,5,13,6,5,0,8,0,36,34,3,1
BL6-BALBc_HTxB,AV16/DV11-CAMREGNYANKMIF-AJ47_BV13-2-CASGDFQYEQYF-BJ2-7,437.0,0,2,1,6,9,34,31,4,1,9,101,6,0
BL6-BALBc_HTxB,AV9D-3-CAVSPDTNAYKVIF-AJ30_BV13-2-CASGDWGRGEQYF-BJ2-7,372.0,2,3,85,18,5,6,1,1,0,7,19,9,0
BL6-BALBc_HTxB,AV3-3-CAVSGGGLSGKLTF-AJ2_BV13-1-CASSEGGDQDTQYF-BJ2-5,1.0,0,0,0,0,0,1,0,0,0,0,0,0,0
BL6-BALBc_HTxB,AV16D/DV11-CAMREDGNEKITF-AJ48_BV20-CGAGGFSYEQYF-BJ2-7,313.0,0,1,2,16,177,5,4,4,0,4,22,3,0
BL6-BALBc_HTxB,AV6D-7-CALSDVGDNSKLIW-AJ38_BV13-1-CASSGGGWAEQFF-BJ2-1,170.0,0,0,0,15,9,2,1,2,0,10,57,2,0
BL6-BALBc_HTxB,AV4D-3-CAAEASNYQLIW-AJ33_BV5-CASRTGVGAEQFF-BJ2-1,501.0,6,4,12,31,28,20,8,6,1,21,45,8,1
BL6-BALBc_HTxB,AV16/DV11-CAMREDSSNTDKVVF-AJ34*p03_BV5-CASSQDLGGQNTLYF-BJ2-4,81.0,1,1,2,7,4,8,1,0,0,11,215,1,2
BL6-BALBc_HTxB,AV13-1-CAANTGANTGKLTF-AJ52_BV17-CASSPGQGHTGQLYF-BJ2-2,61.0,2,3,4,2,4,5,7,9,5,1,11,10,0
BL6-BALBc_HTxB,AV13-1-CAMELSSGSWQLIF-AJ22_BV4-CASSYGEQYF-BJ2-7,1062.0,1,2,12,25,8,22,3,3,0,15,231,5,0
BL6-BALBc_HTxB,AV16D/DV11-CAMREGNTGNYKYVF-AJ40_BV13-2-CASGDLYEQYF-BJ2-7,232.0,0,4,7,9,84,22,0,6,2,9,17,7,0
BL6-BALBc_HTxB,AV16D/DV11-CAMREDSGYNE-AJ11*p02_BV29-CASSLGGLNERLFF-BJ1-4,255.0,0,9,1,5,6,8,0,5,0,4,15,14,1
BL6-BALBc_HTxB,AV6-6-CALGDQANTDKVVF-AJ34*p03_BV14-CASSLGVNTEVFF-BJ1-1,86.0,0,0,2,2,2,2,43,1,0,2,5,0,0
BL6-BALBc_HTxB,AV13D-1-CAMESNTGYQNFYF-AJ49_BV4-CASSHGGGAPAEQFF-BJ2-1,917.0,2,5,14,12,11,11,8,10,0,10,17,21,1
BL6-BALBc_HTxB,AV16D/DV11-CAMRAHYSNNRLTL-AJ7_BV13-2-CASGEQYEQYF-BJ2-7,105.0,1,2,0,8,3,78,2,3,1,4,19,1,0
BL6-BALBc_HTxB,AV3-4-CAVSDNYAQGLTF-AJ26_BV4-CASSYGLGGYEHYF-BJ2-7,327.0,2,2,4,8,13,14,30,3,0,6,38,3,1
BL6-BALBc_HTxB,AV16/DV11-CAMREGLGGNNKLTF-AJ56_BV1-CTCSAAGTGNTEVFF-BJ1-1,159.0,0,0,2,12,4,7,2,0,0,1,1,2,0
BL6-BALBc_HTxB,AV6-7/DV9-CALASNSGGSNAKLTF-AJ42_BV13-2-CASGDNYEQYF-BJ2-7,864.0,4,5,6,226,16,12,2,12,3,19,26,6,2
BL6-BALBc_HTxB,AV3-4-CAVTQSSGSWQLIF-AJ22_BV4-CASSYGSDYTF-BJ1-2,174.0,0,2,1,10,5,6,0,0,0,2,288,10,0
BL6-BALBc_HTxB,AV7-1-CAVSFYF-AJ49_BV2-CASSQGLGPNYAEQFF-BJ2-1,1107.0,3,2,1,12,8,12,4,4,1,15,14,6,0
BL6-BALBc_HTxB,AV8-1-CAQGGRALIF-AJ15_BV1-CTCSAGLGASAETLYF-BJ2-3,163.0,0,15,1,5,1,4,0,1,0,4,6,0,0
BL6-BALBc_HTxB,AV7D-3-CAVYQGGRALIF-AJ15_BV13-2-CASGDVLGGYEQYF-BJ2-7,90.0,0,0,37,2,3,3,0,1,0,13,10,0,0
BL6-BALBc_HTxB,AV12-3-CALSERVYQNFYF-AJ49_BV13-1-CASSDAGGDSDYTF-BJ1-2,285.0,0,1,5,6,6,11,0,2,0,4,17,17,0
BL6-BALBc_HTxB,AV13-2-CAPASSGSWQLIF-AJ22_BV5-CASSPWGNTEVFF-BJ1-1,296.0,15,5,24,26,51,20,13,16,15,249,50,24,0
BL6-BALBc_HTxB,AV12D-2-CALSDQGSALGRLHF-AJ18_BV1-CTCSAGRGDAEQFF-BJ2-1,83.0,0,2,0,56,3,2,1,1,0,9,4,0,0
BL6-BALBc_HTxB,AV10D-CAASPSSGSWQLIF-AJ22_BV4-CASSYDERLFF-BJ1-4,309.0,0,0,2,5,0,10,2,3,0,5,152,1,0
BL6-BALBc_HTxB,AV3D-3-CAVPGDSGTYQRF-AJ13_BV1-CTCSADRVAEVFF-BJ1-1,107.0,2,2,0,92,7,3,2,8,1,4,13,3,0
BL6-BALBc_HTxB,AV10-CAASMDNYNVLYF-AJ21*p03_BV31-CAWSLSSDYTF-BJ1-2,1676.0,5,5,5,25,24,28,3,12,2,23,190,10,2
BL6-BALBc_HTxB,AV19-CAAANTGYQNFYF-AJ49_BV19-CASSIRGDQDTQYF-BJ2-5,475.0,1,4,9,16,13,24,2,14,1,10,21,25,0
BL6-BALBc_HTxB,AV8-2-CATDRTGGADRLTF-AJ45_BV3-CASSLGRGLEQYF-BJ2-7,381.0,2,5,10,20,13,10,6,16,3,18,37,10,0
BL6-BALBc_HTxB,AV3-1-CAIMPNYNVLYF-AJ21*p03_BV31-CAWLGENSYEQYF-BJ2-7,143.0,1,1,68,4,3,9,1,4,43,13,7,3,1
BL6-BALBc_HTxB,AV9-4-CAAKGYSNTGANTGKLTF-AJ52_BV13-2-CASGEGRQYF-BJ2-7,8.0,0,0,0,0,0,0,0,0,0,0,2,0,0
BL6-BALBc_HTxB,AV14D-3/DV8-CAASAGGSALGRLHF-AJ18_BV3-CASSLDWGQDTQYF-BJ2-5,319.0,1,1,2,2,10,1,3,5,0,14,36,2,0
BL6-BALBc_HTxB,AV16D/DV11-CAMREEGAKLTF-AJ39_BV17-CASSRDRANTEVFF-BJ1-1,123.0,1,17,8,6,7,8,2,4,3,10,16,6,0
BL6-BALBc_HTxB,AV3-3-CAVTSNTGYQNFYF-AJ49_BV3-CASSSGVAEQFF-BJ2-1,210.0,1,2,2,1,7,2,0,2,0,50,13,1,1
BL6-BALBc_HTxB,AV7-4-CADNTNTGKLTF-AJ27_BV12-2-CASSLEQGEDTQYF-BJ2-5,227.0,97,1,1,4,3,2,2,1,0,4,5,3,0
BL6-BALBc_HTxB,AV16D/DV11-CAMRAHYSNNRLTL-AJ7_BV13-2-CASGEQYEQYF-BJ2-7,81.0,1,1,2,6,12,151,2,7,2,7,15,1,0
BL6-BALBc_HTxB,AV7-4-CAASEPSNTGGLSGKLTF-AJ2_BV29-CASSGTTNSDYTF-BJ1-2,161.0,6,6,5,4,6,5,3,17,1,5,18,17,0
BL6-BALBc_HTxB,AV6D-7-CALRYGGSGNKLIF-AJ32_BV3-CASSLGTGDTQYF-BJ2-5,225.0,1,3,8,14,10,13,3,5,1,662,21,6,1
BL6-BALBc_HTxB,AV5-1-CSASVDYAQGLTF-AJ26_BV31-CAWSPGTQNTLYF-BJ2-4,272.0,5,2,5,18,9,35,2,2,2,13,19,2,0
BL6-BALBc_HTxB,AV13-2-CAIGYAQVLTF-AJ26_BV13-3-CASSDGWGGYEQYF-BJ2-7,130.0,7,0,12,5,6,2,0,7,0,3,2,0,0
BL6-BALBc_HTxB,AV3-3-CAVSEEGGRALIF-AJ15_BV5-CASSQVQANTEVFF-BJ1-1,57.0,1,1,4,3,4,1,5,0,0,2,5,3,1
BL6-BALBc_HTxB,AV5-1-CSASVDYAQGLTF-AJ26_BV17-CASSRDPWGGSAETLYF-BJ2-3,899.0,1,2,1,18,16,31,2,7,1,17,37,2,0
BL6-BALBc_HTxB,AV6-5-CALSDLYANKMIF-AJ47_BV3-CASSFGTGGYEQYF-BJ2-7,214.0,1,1,2,5,3,10,0,3,1,166,5,0,1
BL6-BALBc_HTxB,AV3-4-CAVNNAGAKLTF-AJ39_BV1-CTCSADRVAEQFF-BJ2-1,46.0,0,0,2,1,2,2,0,1,0,1,1,1,0
BL6-BALBc_HTxB,AV6D-6-CALSERGSALGRLHF-AJ18_BV29-CASSLNTGQLYF-BJ2-2,550.0,1,11,4,88,25,12,7,3,0,27,28,9,0
BL6-BALBc_HTxB,AV13-4/DV7-CANQGGSAKLIF-AJ57_BV13-3-CASSSGGVKAELFF-BJ2-1,178.0,0,10,3,6,439,12,2,0,1,7,17,1,0
BL6-BALBc_HTxB,AV16D/DV11-CAMREDNNRIFF-AJ31_BV13-2-CASGEIATNTGQLYF-BJ2-2,64.0,0,4,2,93,7,18,2,2,0,3,7,3,0
BL6-BALBc_HTxB,AV13-1-CAIMPNYNVLYF-AJ21*p03_BV29-CASSSANSDYTF-BJ1-2,363.0,2,2,2,3,10,2,1,4,0,6,22,5,0
BL6-BALBc_HTxB,AV9-4-CAVSSPDTNAYKVIF-AJ30_BV13-2-CASGASGGNTLYF-BJ1-3,39.0,0,0,1,10,13,12,3,7,0,2,13,2,0
BL6-BALBc_HTxB,AV13D-1-CAMANTGNYKYVF-AJ40_BV13-2-CASGGIYEQYF-BJ2-7,832.0,1,0,5,9,72,7,1,7,0,9,15,6,1
BL6-BALBc_HTxB,AV9D-3-CAVSPDTNAYKVIF-AJ30_BV13-2-CASGDWGRGEQYF-BJ2-7,153.0,1,2,115,3,3,1,1,3,0,3,4,2,0
BL6-BALBc_HTxB,AV3-3-CAVSVHNNNAPRF-AJ43*p03_BV1-CTCSGDRLSNERLFF-BJ1-4,104.0,0,1,4,8,3,1,3,0,0,0,4,1,0
BL6-BALBc_HTxB,AV1-CAVRDRPGYNKLTF-AJ11*p02_BV29-CASSYGGDQDTQYF-BJ2-5,239.0,2,1,1,19,9,8,3,2,0,9,10,2,0
BL6-BALBc_HTxB,AV16D/DV11-CAMREDQGGRALIF-AJ15_BV1-CTCSGQGALYEQYF-BJ2-7,85.0,0,0,0,4,2,2,0,1,0,3,6,4,0
BL6-BALBc_HTxB,AV14-1-CAARTSSFSKLVF-AJ50_BV14-CASSTGYEQYF-BJ2-7,3024.0,4,14,11,27,42,18,4,12,1,20,37,15,2
BL6-BALBc_HTxB,AV16D/DV11-CAMREDTGYQNFYF-AJ49_BV13-2-CASGGWGGSQNTLYF-BJ2-4,369.0,0,1,6,13,807,14,3,5,2,15,36,6,2
BL6-BALBc_HTxB,AV6D-6-CALSDLAYQGGRALIF-AJ15_BV19-CASSPDSSNERLFF-BJ1-4,179.0,2,1,1,7,5,9,14,5,5,9,9,2,1
BL6-BALBc_HTxB,AV16D/DV11-CAMRESNNNRIFF-AJ31_BV13-1-CASRDNYEQYF-BJ2-7,169.0,0,0,1,3,64,3,3,2,0,3,3,0,1
BL6-BALBc_HTxB,AV1-CANTNTGKLTF-AJ27_BV13-1-CASSDLKINTEVFF-BJ1-1,220.0,6,9,20,27,21,11,6,18,1,22,27,14,2
BL6-BALBc_HTxB,AV4-3-CAAEADTGNYKYVF-AJ40_BV17-CASSRDPWGGSAETLYF-BJ2-3,261.0,1,2,30,15,8,10,3,4,0,8,13,3,0
BL6-BALBc_HTxB,AV16D/DV11-CAMREDTNAYKVIF-AJ30_BV13-2-CASGDVQANSDYTF-BJ1-2,181.0,3,5,1,20,18,9,4,6,0,7,22,3,0
BL6-BALBc_HTxB,AV15D-1/DV6D-1-CALWELAPTNAYKVIF-AJ30_BV3-CAGSFGTGGYYEQYF-BJ2-7,76.0,2,2,4,5,11,6,0,2,1,4,24,10,0
BL6-BALBc_HTxB,AV3-3-CAVPPTNAYKVIF-AJ30_BV13-2-CATGTGSDTQYF-BJ2-5,191.0,1,1,1,10,3,11,7,11,5,11,9,14,1
BL6-BALBc_HTxB,AV9-1-CAVNQGGSAKLIF-AJ57_BV19-CASSWTAYAEQFF-BJ2-1,615.0,4,7,12,13,13,12,11,1,0,12,18,3,0
BL6-BALBc_HTxB,AV16D/DV11-CAMREDGNEKITF-AJ48_BV20-CGAGGFSYEQYF-BJ2-7,3066.0,15,14,21,42,461,35,4,23,3,43,60,24,1
BL6-BALBc_HTxB,AV9-3-CAAVDTNAYKVIF-AJ30_BV13-1-CASEGGDTEVFF-BJ1-1,280.0,0,1,5,2,12,3,0,1,0,5,20,3,1
BL6-BALBc_HTxB,AV9D-3-CAVSPDTNAYKVIF-AJ30_BV13-2-CASGEIATNTGQLYF-BJ2-2,53.0,0,0,2,17,3,7,0,1,0,1,5,8,0
BL6-BALBc_HTxB,AV13D-2-CAIEASSGSWQLIF-AJ22_BV17-CASSSRNEQYF-BJ2-7,25.0,1,2,1,0,32,2,0,2,0,4,3,0,0
BL6-BALBc_HTxB,AV16/DV11-CAMREGTGYQNFYF-AJ49_BV1-CTCSDQYAEQFF-BJ2-1,2072.0,2,17,16,30,34,31,6,7,2,39,33,35,2
BL6-BALBc_HTxB,AV16/DV11-CAMREDSGYNKLTF-AJ11*p02_BV4-CASSYGEQYF-BJ2-7,402.0,0,4,5,8,17,19,4,9,0,16,556,10,1
BL6-BALBc_HTxB,AV9D-3-CAVSPDTNAYKVIF-AJ30_BV13-2-CASGDWGRGEQYF-BJ2-7,240.0,0,0,72,4,2,2,3,4,0,2,7,5,0
BL6-BALBc_HTxB,AV1-CAVRDSYAQGLTF-AJ26_BV13-1-CASSDDRVGNTLYF-BJ1-3,67.0,1,3,3,62,3,0,0,2,2,6,7,2,0
BL6-BALBc_HTxB,AV7-4-CAASSSGSWQLIF-AJ22_BV13-3-CGSSDRYQQYC-BJ2-7,108.0,3,4,9,7,11,6,3,15,1,23,24,14,0
BL6-BALBc_HTxB,AV16/DV11-CAMREDNNRIFF-AJ31_BV13-2-CASGALGSNYAEQFF-BJ2-1,331.0,1,1,4,7,14,7,3,5,1,2,12,2,0
BL6-BALBc_HTxB,AV6-6-CALVMDYANKMIF-AJ47_BV3-CASSSGQNYAEQFF-BJ2-1,59.0,0,0,2,3,4,6,0,7,0,118,7,0,1
BL6-BALBc_HTxB,AV4-4/DV10-CAVNTGGADRLTF-AJ45_BV14-CASSFWGQSYEQYF-BJ2-7,855.0,0,1,14,24,21,14,7,12,9,17,27,20,1
BL6-BALBc_HTxB,AV12-2-CALSEDTGYQNFYF-AJ49_BV16-CASSLDGEGGQDTQYF-BJ2-5,147.0,2,3,0,1,7,8,2,0,0,2,3,2,1
BL6-BALBc_HTxB,AV16D/DV11-CAMREDNNRIFF-AJ31_BV29-CASSLGGSSYEQYF-BJ2-7,1860.0,2,7,14,48,27,16,4,5,2,21,36,6,0
BL6-BALBc_HTxB,AV7-4-CAARDSNYQLIW-AJ33_BV1-CTCSADWGANERLFF-BJ1-4,480.0,2,0,3,7,2,4,1,2,0,7,1,18,0
BL6-BALBc_HTxB,AV6D-6-CALSDLAYQGGRALIF-AJ15_BV19-CASSPDSSNERLFF-BJ1-4,1895.0,3,2,5,16,9,9,4,3,0,10,45,6,0
BL6-BALBc_HTxB,AV12D-1-CALSDQNKLTF-AJ56_BV14-CASRSDWVNQDTQYF-BJ2-5,227.0,0,3,3,6,5,10,26,4,1,10,12,3,0
BL6-BALBc_HTxB,AV16/DV11-CAMRAEGTGSKLSF-AJ58_BV1-CTCSAEGVSYEQYF-BJ2-7,149.0,2,17,9,11,13,2,31,3,0,2,29,13,0
BL6-BALBc_HTxB,AV5D-4-CAASEDSNYQLIW-AJ33_BV13-1-CASSDLGGQDTQYF-BJ2-5,1404.0,0,4,10,12,14,19,12,26,0,9,17,13,0
BL6-BALBc_HTxB,AV12-2-CALSDQGYAQGLTF-AJ26_BV1-CTCSADPGYEQYF-BJ2-7,72.0,1,0,1,5,3,6,6,0,0,2,24,10,0
BL6-BALBc_HTxB,AV6-6-CALGDQANTDKVVF-AJ34*p03_BV14-CASSLGVNTEVFF-BJ1-1,51.0,1,0,1,2,10,3,46,0,0,3,3,0,0
BL6-BALBc_HTxB,AV16D/DV11-CAMREDTGGADRLTF-AJ45_BV16-CASSLEGAGANAEQFF-BJ2-1,188.0,3,1,1,8,4,4,0,2,0,23,18,1,0
BL6-BALBc_HTxB,AV3-3-CAVDTNAYKVIF-AJ30_BV13-2-CASGDGGREQYF-BJ2-7,178.0,0,4,10,4,0,1,1,2,1,5,11,12,0
BL6-BALBc_HTxB,AV4-3-CAGTGNTRKTHL-AJ37*p02_BV13-1-CASSAGTGYAEQFF-BJ2-1,185.0,1,2,53,9,14,9,61,2,0,12,18,11,0
BL6-BALBc_HTxB,AV16D/DV11-CAMRESTNTGKLTF-AJ27_BV29-CASSLLGDNERLFF-BJ1-4,74.0,0,8,1,2,16,2,3,2,0,14,7,9,1
BL6-BALBc_HTxB,AV8-2-CATEPGTYQRF-AJ13_BV12-1-CASSPGTGANSDYTF-BJ1-2,56.0,1,2,5,3,7,3,0,2,1,373,10,1,0
BL6-BALBc_HTxB,AV6-5-CALSERGSALGRLHF-AJ18_BV29-CASSLNTGQLYF-BJ2-2,2222.0,8,7,17,15,20,15,2,10,2,24,30,14,1
BL6-BALBc_HTxB,AV8-1-CATGAGYANKMIF-AJ47_BV13-1-CASSDGRESGNTLYF-BJ1-3,59.0,1,0,1,12,4,6,6,2,1,1,8,0,0
BL6-BALBc_HTxB,AV4-3-CAAEADTGNYKYVF-AJ40_BV31-CAWSLWTGVEQYF-BJ2-7,64.0,0,2,28,6,8,6,0,1,0,3,3,3,0
BL6-BALBc_HTxB,AV19-CAAGAGGADRLTF-AJ45_BV13-3-CASSDADTLYEQYF-BJ2-7,168.0,0,2,4,2,9,15,0,0,0,4,9,8,0
BL6-BALBc_HTxB,AV19-CAAKGGSAKLIF-AJ57_BV13-2-CASGDETFYAEQFF-BJ2-1,199.0,5,6,0,2,14,27,14,1,0,2,17,3,1
BL6-BALBc_HTxB,AV16D/DV11-CAMREGNTNTGKLTF-AJ27_BV31-CAWSLGNYAEQFF-BJ2-1,214.0,1,1,3,5,5,3,1,2,0,4,5,78,0
BL6-BALBc_HTxB,AV1-CAVRDPDTNAYKVIF-AJ30_BV1-CTCSAVRAGNTLYF-BJ1-3,120.0,0,2,3,18,1,5,2,1,0,3,9,2,0
BL6-BALBc_HTxB,AV5-1-CSASNGAKLTF-AJ39_BV15-CASRPPDRGSAETLYF-BJ2-3,3756.0,6,7,17,42,25,20,15,42,16,30,55,25,2
BL6-BALBc_HTxB,AV6-6-CALGEGGSNYKLTF-AJ53_BV1-CTCSADWGAETLYF-BJ2-3,48.0,0,2,21,2,21,6,9,6,5,4,8,8,0
BL6-BALBc_HTxB,AV14-2-CAASTNTGKLTF-AJ27_BV13-1-CASSGTGEEVFF-BJ1-1,286.0,1,4,32,11,31,24,14,15,1,34,26,15,0
BL6-BALBc_HTxB,AV19-CAAANTGYQNFYF-AJ49_BV17-CASSRDPWGGSAETLYF-BJ2-3,64.0,1,7,0,2,11,26,8,4,0,13,9,1,0
BL6-BALBc_HTxB,AV6D-6-CALSPNSAGNKLTF-AJ17*p02_BV13-2-CASGDARSSDYTF-BJ1-2,1957.0,6,15,10,28,27,19,10,16,0,23,45,14,2
BL6-BALBc_HTxB,AV6D-6-CALSLNNYAQGLTF-AJ26_BV1-CTCSAEYISNERLFF-BJ1-4,38.0,3,0,0,3,3,2,1,1,0,6,14,1,0
BL6-BALBc_HTxB,AV12-1-CALSDPSNTDKVVF-AJ34*p03_BV13-1-CASSPHYNYAEQFF-BJ2-1,157.0,1,2,2,4,10,4,2,3,2,2,196,1,0
BL6-BALBc_HTxB,AV15D-2/DV6D-2-CALSALHDSGYNKLTF-AJ11*p02_BV5-CASSQGQGLYAEQFF-BJ2-1,591.0,1,3,5,16,19,10,4,9,0,29,18,8,0
BL6-BALBc_HTxB,AV12-2-CALNTGYQNFYF-AJ49_BV13-1-CASSDAGGYEQYF-BJ2-7,80.0,0,0,1,4,6,7,0,0,0,3,21,1,0
BL6-BALBc_HTxB,AV6-6-CALGTFSNTDKVVF-AJ34*p03_BV13-1-CASSDVRDSGNTLYF-BJ1-3,218.0,2,4,3,47,10,9,1,5,4,1,13,4,2
BL6-BALBc_HTxB,AV6D-6-CALNTNAYKVIF-AJ30_BV29-CASSSGTGQDTQYF-BJ2-5,394.0,16,18,28,27,33,25,22,39,16,44,162,42,0
BL6-BALBc_HTxB,AV7D-2-CAALSSGSWQLIF-AJ22_BV31-CAWSQGNYAEQFF-BJ2-1,291.0,2,2,3,15,16,39,2,3,0,8,12,1,0
BL6-BALBc_HTxB,AV14-1-CAARGDNNRIFF-AJ31_BV1-CTCSANRVDNQAPLF-BJ1-5,444.0,1,4,5,57,30,20,2,3,1,14,18,20,1
BL6-BALBc_HTxB,AV16/DV11-CAMREANTGNYKYVF-AJ40_BV13-2-CASGDNYEQYF-BJ2-7,130.0,0,2,0,2,201,5,3,7,0,2,12,1,0
BL6-BALBc_HTxB,AV13-1-CAMELSSGSWQLIF-AJ22_BV4-CASSYGEQYF-BJ2-7,1603.0,1,3,8,16,17,22,3,3,2,18,399,6,2
BL6-BALBc_HTxB,AV16D/DV11-CAMRAHYSNNRLTL-AJ7_BV13-2-CASGEQYEQYF-BJ2-7,264.0,0,3,4,3,11,47,0,4,2,10,14,2,0
BL6-BALBc_HTxB,AV3-1-CASLPNYNVLYF-AJ21*p03_BV13-2-CASGDATLYEQYF-BJ2-7,211.0,0,1,3,2,9,3,1,0,2,4,9,10,0
BL6-BALBc_HTxB,AV16/DV11-CAMREDSGGSNYKLTF-AJ53_BV13-2-CASGGAGNSPLYF-BJ1-6,295.0,3,4,6,17,16,8,1,43,5,9,12,1,0
BL6-BALBc_HTxB,AV16D/DV11-CAMREDNNRIFF-AJ31_BV13-2-CASGEIATNTGQLYF-BJ2-2,152.0,0,0,6,58,2,16,0,1,0,4,11,3,1
BL6-BALBc_HTxB,AV6-5-CALSLNNYAQGLTF-AJ26_BV1-CTCSAEYISNERLFF-BJ1-4,218.0,19,8,14,15,14,16,14,9,14,15,118,27,0
BL6-BALBc_HTxB,AV5-1-CSASVDYAQGLTF-AJ26_BV13-3-CASSKLGGYEQYF-BJ2-7,423.0,4,5,4,20,13,57,4,6,2,8,46,5,1
BL6-BALBc_HTxB,AV8-1-CATPRGSALGRLHF-AJ18_BV1-CTCSATGTGDTEVFF-BJ1-1,92.0,0,1,2,2,7,0,0,1,0,6,4,30,0
BL6-BALBc_HTxB,AV7-3-CAVRNTGYQNFYF-AJ49_BV20-CGGGRDGYEQYF-BJ2-7,66.0,4,1,3,5,1,3,0,1,1,3,17,2,0
BL6-BALBc_HTxB,AV16/DV11-CAMREDTNAYKVIF-AJ30_BV13-2-CASGDVQNPYF-BJ2-5,157.0,0,7,0,40,9,5,1,26,0,65,64,3,1
BL6-BALBc_HTxB,AV10-CAASTKNTGNYKYVF-AJ40_BV4-CASSPRQGASGNTLYF-BJ1-3,914.0,28,4,2,11,11,10,3,6,1,23,20,7,0
BL6-BALBc_HTxB,AV8-2-CATDSSGGSNYKLTF-AJ53_BV1-CTCSATRTETEVFF-BJ1-1,95.0,1,1,0,11,4,4,5,3,0,3,5,3,1
BL6-BALBc_HTxB,AV6-6-CALGTFSNTDKVVF-AJ34*p03_BV13-1-CASSDVRDSGNTLYF-BJ1-3,117.0,1,3,1,61,13,4,1,2,0,3,5,3,0
BL6-BALBc_HTxB,AV4D-3-CAADLTSGGNYKPTF-AJ6_BV13-1-CASSDAGFSDYTF-BJ1-2,121.0,1,2,74,4,6,2,2,7,0,7,5,1,0
BL6-BALBc_HTxB,AV16D/DV11-CAMREVTGNTRKLIF-AJ37*p02_BV1-CTCSVGTVSNERLFF-BJ1-4,185.0,0,5,4,5,20,10,6,8,2,8,14,40,1
BL6-BALBc_HTxB,AV16D/DV11-CAMREDSGYNKLTF-AJ11*p02_BV13-1-CASSSPGNTLYF-BJ1-3,87.0,0,1,7,13,6,5,3,6,0,480,14,4,0
BL6-BALBc_HTxB,AV16D/DV11-CAMREDSGYNKLTF-AJ11*p02_BV13-1-CASSDAAEYEQYF-BJ2-7,200.0,1,0,2,7,7,2,1,4,3,302,19,4,0
BL6-BALBc_HTxB,AV9D-3-CAVSPDTNAYKVIF-AJ30_BV13-2-CASGDWGRGEQYF-BJ2-7,158.0,3,1,32,5,4,7,1,5,1,3,13,6,0
BL6-BALBc_HTxB,AV9-2-CAASSDYANKMIF-AJ47_BV3-CASSSTGFEQYF-BJ2-7,141.0,2,0,2,6,7,5,4,3,0,114,11,3,0
BL6-BALBc_HTxB,AV9D-1-CAASGDYANKMIF-AJ47_BV16-CASSSGPYEQYF-BJ2-7,174.0,1,2,3,8,9,5,0,2,0,4,4,2,1
BL6-BALBc_HTxB,AV16/DV11-CAMREDNAGAKLTF-AJ39_BV13-2-CASGDQGASGNTLYF-BJ1-3,78.0,0,1,1,4,105,1,1,0,0,3,2,0,1
BL6-BALBc_HTxB,AV3-4-CAVSAEDYANKMIF-AJ47_BV13-1-CASSDVGGLNTGQLYF-BJ2-2,138.0,0,0,1,10,12,344,2,2,1,19,17,1,0
BL6-BALBc_HTxB,AV16D/DV11-CAMREVNYGNEKITF-AJ48_BV13-2-CASGDRLGGQVEQYF-BJ2-7,293.0,0,8,1,4,3,3,0,1,1,3,8,0,0
BL6-BALBc_HTxB,AV16/DV11-CAMRENTGANTGKLTF-AJ52_BV13-3-CASSSGGVKAEQFF-BJ2-1,189.0,1,1,1,3,38,0,5,4,0,4,6,2,1
BL6-BALBc_HTxB,AV16D/DV11-CAMREGDSNYQLIW-AJ33_BV13-2-CASGYRAPNSDYTF-BJ1-2,74.0,0,0,2,14,3,1,0,0,0,6,9,2,0
BL6-BALBc_HTxB,AV12-2-CALSDSGGSNAKLTF-AJ42_BV14-CASSFWTGGARDTQYF-BJ2-5,497.0,0,1,7,19,253,8,2,6,2,12,31,4,1
BL6-BALBc_HTxB,AV16D/DV11-CAMREGDTNAYKVIF-AJ30_BV13-2-CASGDVINTEVFF-BJ1-1,282.0,0,2,5,216,10,6,3,1,0,8,15,14,0
BL6-BALBc_HTxB,AV9D-3-CAVSPDTNAYKVIF-AJ30_BV13-2-CASGDWGRGEQYF-BJ2-7,197.0,0,1,56,6,4,10,0,2,3,6,11,0,0
BL6-BALBc_HTxB,AV8-1-CLSSGSWQLIF-AJ22_BV13-3-CASSDSQANTGQLYF-BJ2-2,225.0,6,6,3,6,9,2,2,3,5,12,65,8,0
BL6-BALBc_HTxB,AV6-5-CALSDRDYANKMIF-AJ47_BV4-CASSLGTLYF-BJ1-3,102.0,3,0,2,12,6,11,4,6,1,2,132,9,0
BL6-BALBc_HTxB,AV16D/DV11-CAMRAHYSNNRLTL-AJ7_BV13-2-CASGEQYEQYF-BJ2-7,393.0,4,11,1,8,9,343,7,9,1,13,14,5,0
BL6-BALBc_HTxB,AV5D-4-CAASDMGYKLTF-AJ9_BV13-2-CASGDALGGFSYEQYF-BJ2-7,201.0,0,0,3,6,5,2,3,1,0,2,7,58,0
BL6-BALBc_HTxB,AV8D-2-CATVGNRIFF-AJ31_BV1-CTCSAVRISNERLFF-BJ1-4,467.0,1,5,7,140,19,14,3,5,0,17,18,5,0
BL6-BALBc_HTxB,AV16D/DV11-CAMRAHYSNNRLTL-AJ7_BV13-2-CASGEQYEQYF-BJ2-7,101.0,3,0,2,8,5,94,1,1,1,3,19,2,0
BL6-BALBc_HTxB,AV16D/DV11-CAMREDGNEKITF-AJ48_BV20-CGAGGFSYEQYF-BJ2-7,184.0,2,1,4,28,483,16,2,7,2,9,25,12,1
BL6-BALBc_HTxB,AV2-CIVTDSYSNNRLTL-AJ7_BV1-CTCSAGRGDAEQFF-BJ2-1,123.0,0,8,0,87,3,0,1,2,0,6,6,1,0
BL6-BALBc_HTxB,AV7-3-CAVSSTGFASALTF-AJ35_BV13-2-CASGDLGFLYF-BJ2-7,69.0,2,1,0,1,11,6,5,12,0,5,8,0,0
BL6-BALBc_HTxB,AV16/DV11-CAMREGGNNRIFF-AJ31_BV13-2-CASGDNYEQYF-BJ2-7,133.0,1,2,4,6,287,15,1,6,1,11,12,1,0
BL6-BALBc_HTxB,AV6-6-CALGNYAQGLTF-AJ26_BV13-2-CASGDEYEQYF-BJ2-7,248.0,2,1,5,4,8,9,2,1,13,13,6,5,0
BL6-BALBc_HTxB,AV16/DV11-CAMREGNTGNYKYVF-AJ40_BV13-1-CASSDAPGREQYF-BJ2-7,445.0,1,2,5,18,128,7,3,1,1,3,7,3,0
BL6-BALBc_HTxB,AV10-CAASTKNTGNYKYVF-AJ40_BV13-1-CASSDDRVGNTLYF-BJ1-3,44.0,1,1,3,84,3,4,1,1,0,2,6,0,0
BL6-BALBc_HTxB,AV10D-CAASMASSSFSKLVF-AJ50_BV19-CASSITGDTGQLYF-BJ2-2,1004.0,2,4,4,11,16,8,2,7,3,10,12,8,0
BL6-BALBc_HTxB,AV12D-2-CASAYNTNTGKLTF-AJ27_BV1-CTCSAGDGNTLYL-BJ1-3,47.0,1,0,3,4,5,4,3,8,0,6,11,21,2
BL6-BALBc_HTxB,AV16/DV11-CAMREGLANKMIF-AJ47_BV13-2-CASGETGGAYEQYF-BJ2-7,108.0,1,2,3,40,1,7,4,3,0,18,7,7,0
BL6-BALBc_HTxB,AV7-5-CAMSLFNNYAQGLTF-AJ26_BV5-CASSQDGTEEVFF-BJ1-1,92.0,51,20,14,29,15,17,8,1,39,14,163,46,0
BL6-BALBc_HTxB,AV6D-6-CALSDNRIFF-AJ31_BV13-1-CASSDPTGAYEQYF-BJ2-7,362.0,3,1,3,3,4,4,0,4,1,5,121,2,0
BL6-BALBc_HTxB,AV1-CAVRDSYAQGLTF-AJ26_BV13-1-CASSDDRVGNTLYF-BJ1-3,86.0,1,4,2,13,1,0,2,3,0,4,11,1,0
BL6-BALBc_HTxB,AV5-1-CSASVDYAQGLTF-AJ26_BV31-CAWSPGTQNTLYF-BJ2-4,199.0,0,4,5,10,10,33,0,7,1,10,26,11,1
BL6-BALBc_HTxB,AV16D/DV11-CAMREDSNYQLIW-AJ33_BV13-2-CASGDVINTEVFF-BJ1-1,767.0,0,3,7,339,12,19,2,6,3,19,31,13,0
BL6-BALBc_HTxB,AV7D-2-CAAHTGNYKYVF-AJ40_BV1-CTCSAVRVSNSDYTF-BJ1-2,196.0,1,1,1,36,4,10,0,0,1,6,2,7,0
BL6-BALBc_HTxB,AV6-6-CALGDPPNTDKVVF-AJ34*p03_BV16-CASSPWTTGNTLYF-BJ1-3,214.0,0,2,2,6,6,8,2,1,3,4,42,4,0
BL6-BALBc_HTxB,AV6-6-CALGSYTGGADRLTF-AJ45_BV13-1-CASSDRGANTGQLYF-BJ2-2,109.0,2,87,1,2,5,3,2,1,0,6,12,2,1
BL6-BALBc_HTxB,AV12-2-CALSDITGGNNKLTF-AJ56_BV5-CASSQDWGGAETLYF-BJ2-3,87.0,3,2,5,6,12,11,2,10,1,13,16,7,0
BL6-BALBc_HTxB,AV6-6-CALGDYANKMIF-AJ47_BV13-3-CATRDRDAEQFF-BJ2-1,82.0,1,0,0,10,3,76,1,2,0,2,3,0,0
BL6-BALBc_HTxB,AV13D-1-CAMVMQQGTGSKLSF-AJ58_BV2-CASSQDRVTEVFF-BJ1-1,225.0,3,1,8,5,8,4,11,9,0,18,14,9,1
BL6-BALBc_HTxB,AV5-1-CSASIASSSFSKLVF-AJ50_BV19-CASTAGWGNTLYF-BJ1-3,470.0,0,6,6,17,22,19,5,7,0,17,31,12,0
BL6-BALBc_HTxB,AV4-3-CAAEADTGNYKYVF-AJ40_BV31-CAWSLWTGVEQYF-BJ2-7,132.0,2,1,46,2,3,2,0,1,0,5,5,3,0
BL6-BALBc_HTxB,AV14-1-CAASAKGSALGRLHF-AJ18_BV31-CAWSRDWGDQDTQYF-BJ2-5,263.0,4,15,3,7,9,6,1,2,1,9,17,7,0
BL6-BALBc_HTxB,AV1-CAVRDSYAQGLTF-AJ26_BV13-1-CASSDDRVGNTLYF-BJ1-3,122.0,0,3,4,191,13,8,4,2,0,8,20,4,2
BL6-BALBc_HTxB,AV14D-1-CAASADTNTGKLTF-AJ27_BV17-CASSPGLGGRFNEQYF-BJ2-7,28.0,5,4,2,3,14,1,6,15,0,2,11,9,0
BL6-BALBc_HTxB,AV13-4/DV7-CAMDNAVAKLTF-AJ39_BV16-CASSLGDEQYF-BJ2-7,159.0,4,0,1,2,2,3,1,8,1,2,32,1,0
BL6-BALBc_HTxB,AV16D/DV11-CAMREDNNRIFF-AJ31_BV13-2-CASGEIATNTGQLYF-BJ2-2,107.0,0,0,4,52,1,4,0,0,0,1,5,2,0
BL6-BALBc_HTxB,AV19-CAAANTGYQNFHL-AJ49_BV29-CASSSGTANSDYTF-BJ1-2,107.0,0,0,2,7,5,4,0,3,3,2,14,0,0
BL6-BALBc_HTxB,AV14D-1-CAASADTNTGKLTF-AJ27_BV12-2-CASSLEQGEDTQYF-BJ2-5,289.0,13,3,9,18,6,10,5,9,1,265,26,7,0
BL6-BALBc_HTxB,AV16D/DV11-CAMRDSYQGGRALIF-AJ15_BV1-CTCSADKTGGPNTEVFF-BJ1-1,558.0,3,1,3,14,11,7,6,5,7,9,16,8,0
BL6-BALBc_HTxB,AV5-1-CSASMDYSNNRLTL-AJ7_BV13-2-CASGDTGDEQYF-BJ2-7,284.0,2,1,10,2,16,9,5,4,6,6,14,6,2
BL6-BALBc_HTxB,AV1-CAVRDSYAQGLTF-AJ26_BV13-1-CASSDDRVGNTLYF-BJ1-3,188.0,1,4,5,153,9,9,1,3,0,6,21,4,1
BL6-BALBc_HTxB,AV9D-3-CAVSPDTNAYKVIF-AJ30_BV13-2-CASGDWGRGEQYF-BJ2-7,440.0,0,0,210,15,22,10,3,12,3,15,23,158,0
BL6-BALBc_HTxB,AV2-CIVTDMTGGLSGKLTF-AJ2_BV13-1-CASSDAAGDTEVFF-BJ1-1,127.0,1,4,2,6,3,2,0,1,1,4,20,2,0
BL6-BALBc_HTxB,AV3-3-CAVSDNYAQGLTF-AJ26_BV13-2-CASGDAWNSPLYF-BJ1-6,223.0,5,4,2,9,12,16,4,11,2,21,440,2,0
BL6-BALBc_HTxB,AV16D/DV11-CAMREDTNAYKVIF-AJ30_BV13-2-CASGDVQANSDYTF-BJ1-2,607.0,3,1,1,284,8,9,1,11,1,6,20,4,0
BL6-BALBc_HTxB,AV9-3-CAVSTGANTGKLTF-AJ52_BV12-1-CASSLDHSNSDYTF-BJ1-2,102.0,1,1,40,2,7,2,6,4,0,5,3,3,1
BL6-BALBc_HTxB,AV12-2-CALSDQPYANKMIF-AJ47_BV13-1-CASSDARYAEQFF-BJ2-1,796.0,2,1,7,100,20,10,6,9,0,20,29,20,1
BL6-BALBc_HTxB,AV16D/DV11-CAMRDTGNYKYVF-AJ40_BV13-2-CASGDTYEQYF-BJ2-7,845.0,5,5,4,26,568,75,2,11,2,17,31,11,0
BL6-BALBc_HTxB,AV16D/DV11-CAMRAHYSNNRLTL-AJ7_BV13-2-CASGEQYEQYF-BJ2-7,48.0,0,6,1,1,3,193,0,2,0,5,16,2,0
BL6-BALBc_HTxB,AV14D-1-CAASASSGSWQLIF-AJ22_BV13-1-CASSDNNSPLYF-BJ1-6,384.0,5,3,5,14,20,21,0,3,4,15,12,12,0
BL6-BALBc_HTxB,AV19-CAAANTGYQNFYF-AJ49_BV13-3-CASSGTVTNSDYTF-BJ1-2,696.0,4,8,4,15,28,38,7,7,5,10,17,10,1
BL6-BALBc_HTxB,AV16D/DV11-CAMREGNYGNEKITF-AJ48_BV19-CASSKDWGSSYEQYF-BJ2-7,75.0,0,0,0,22,1,0,1,1,0,0,2,0,0
BL6-BALBc_HTxB,AV2-CIVTDSYSNNRLTL-AJ7_BV1-CTCSAGRGDAEQFF-BJ2-1,120.0,1,10,0,219,8,7,4,4,1,8,9,5,0
BL6-BALBc_HTxB,AV16D/DV11-CAMREGMDYANKMIF-AJ47_BV2-CASSQETGTGGSTLYF-BJ2-3,215.0,1,2,9,7,7,2,0,7,2,4,13,9,0
BL6-BALBc_HTxB,AV8D-1-CATDAGRIFF-AJ31_BV4-CASSYWESAETLYF-BJ2-3,838.0,2,1,8,22,12,14,5,8,1,438,108,7,0
BL6-BALBc_HTxB,AV10-CAASMNQGGSAKLIF-AJ57_BV3-CASSLGRGLEQYF-BJ2-7,71.0,2,0,1,2,4,3,2,1,0,52,5,0,0
BL6-BALBc_HTxB,AV16D/DV11-CAMREDQGGRALIF-AJ15_BV1-CTCSGQGALYEQYF-BJ2-7,21.0,0,0,0,7,1,1,0,0,0,3,4,0,0
BL6-BALBc_HTxB,AV16/DV11-CAMRENTGANTGKLTF-AJ52_BV13-3-CASSSGGVKAEQFF-BJ2-1,247.0,0,2,1,14,45,20,1,6,0,8,14,2,2
BL6-BALBc_HTxB,AV12-2-CALSDQPYANKMIF-AJ47_BV13-1-CASRDGTENTEVFF-BJ1-1,222.0,2,2,10,10,22,4,3,4,3,11,26,8,0
BL6-BALBc_HTxB,AV9-3-CAVSMATGGNNKLTF-AJ56_BV17-CASSSDRTEQYF-BJ2-7,176.0,1,8,6,5,12,6,5,3,0,20,16,4,0
BL6-BALBc_HTxB,AV13D-1-CAMDTGYQNFYF-AJ49_BV5-CASSQGWGGYEQYF-BJ2-7,300.0,9,0,5,16,9,17,4,9,3,10,40,14,0
BL6-BALBc_HTxB,AV6-1-CAPPRDTNAYKVIF-AJ30_BV5-CASSQVLGGLEQYF-BJ2-7,104.0,0,0,0,4,10,2,1,1,2,5,22,2,0
BL6-BALBc_HTxB,AV8-2-CATDTGGADRLTF-AJ45_BV16-CASSLGPTNERLFF-BJ1-4,75.0,0,1,1,2,2,3,1,1,0,13,41,0,0
BL6-BALBc_HTxB,AV7-3-CAVSITGNTRKLIF-AJ37*p02_BV15-CASSPGLGGWEQYF-BJ2-7,419.0,10,3,28,9,8,13,12,20,2,29,31,23,0
BL6-BALBc_HTxB,AV7-1-CAPDSGYNKLTF-AJ11*p02_BV13-2-CASGDAFGDEQYF-BJ2-7,77.0,2,0,10,3,4,19,3,13,5,2,5,7,0
BL6-BALBc_HTxB,AV8-2-CATENTGNYKYVF-AJ40_BV13-1-CASSDALGGYEQYF-BJ2-7,142.0,0,4,25,9,12,7,8,5,0,11,10,1,1
BL6-BALBc_HTxB,AV7-5-CAMNTGYQNFYF-AJ49_BV13-2-CASGDAGSDYTF-BJ1-2,237.0,2,0,3,5,2,26,7,1,1,4,9,0,2
BL6-BALBc_HTxB,AV7-5-CAMSHLPGTGSNRLTF-AJ28_BV13-1-CASSDAGQGSGNTLYF-BJ1-3,153.0,1,7,8,10,8,11,6,7,4,16,19,10,0
BL6-BALBc_HTxB,AV4-3-CAAEADTGNYKYVF-AJ40_BV13-1-CASSERGFYEQYF-BJ2-7,35.0,0,3,0,11,2,13,2,0,1,3,23,3,0
BL6-BALBc_HTxB,AV16D/DV11-CAMREDSGYNKLTF-AJ11*p02_BV13-2-CASGTTYEQYF-BJ2-7,42.0,0,1,1,12,17,5,2,2,1,372,10,5,0
BL6-BALBc_HTxB,AV14-3-CAATPSSSFSKLVF-AJ50_BV14-CASTLGAYEQYF-BJ2-7,224.0,0,5,4,5,4,2,3,5,0,11,4,2,2
BL6-BALBc_HTxB,AV12D-1-CALSDQNKLTF-AJ56_BV14-CASRSDWVNQDTQYF-BJ2-5,127.0,0,0,2,3,6,4,70,1,0,6,11,1,0
BL6-BALBc_HTxB,AV9D-3-CAVSPDTNAYKVIF-AJ30_BV13-2-CASGDWGRGEQYF-BJ2-7,192.0,2,0,46,5,8,6,5,2,0,9,12,1,1
BL6-BALBc_HTxB,AV4-3-CAAEDNNRIFF-AJ31_BV12-2-CASSPDWGQDTQYF-BJ2-5,109.0,35,0,3,8,8,4,1,4,5,7,43,7,0
BL6-BALBc_HTxB,AV9D-4-CALNTGYQNFYF-AJ49_BV14-CASSFLQYEQYF-BJ2-7,146.0,4,9,12,12,17,8,8,10,9,11,30,9,0
BL6-BALBc_HTxB,AV7-5-CAMSLFNNYAQGLTF-AJ26_BV5-CASSQDGTEEVFF-BJ1-1,94.0,10,9,8,7,3,2,1,12,2,10,44,13,0
BL6-BALBc_HTxB,AV10-CAASMNQGGSAKLIF-AJ57_BV3-CASSLGRGLEQYF-BJ2-7,74.0,4,1,1,7,2,6,1,5,4,73,46,10,0
BL6-BALBc_HTxB,AV8-1-CATNNNAGAKLTF-AJ39_BV13-3-CASRDRASYNSPLYF-BJ1-6,149.0,3,0,3,102,11,13,3,3,4,4,26,5,0
BL6-BALBc_HTxB,AV6-6-CALGSNYNVLYF-AJ21*p03_BV12-1-CASSLDQANSDYTF-BJ1-2,452.0,6,5,8,25,22,17,22,21,1,33,42,6,0
BL6-BALBc_HTxB,AV16/DV11-CAMREDSSNTDKVVF-AJ34*p03_BV12-2-CASSLNWGEDTQYF-BJ2-5,133.0,16,3,4,7,10,4,1,5,0,11,179,4,0
BL6-BALBc_HTxB,AV16/DV11-CAMREGDSNYQLIW-AJ33_BV13-2-CASGDRQGNSDYTF-BJ1-2,180.0,0,0,3,18,2,1,3,0,0,5,5,3,0
BL6-BALBc_HTxB,AV9-4-CAVRDYGNEKITF-AJ48_BV13-2-CASGDAGGSGNTLYF-BJ1-3,86.0,1,3,2,2,7,3,0,1,0,0,1,27,0
BL6-BALBc_HTxB,AV16D/DV11-CAMREDSNYQLIW-AJ33_BV13-3-CASRDRASYNSPLYF-BJ1-6,449.0,0,3,4,312,7,4,3,7,0,10,18,5,0
BL6-BALBc_HTxB,AV16/DV11-CAMREGSNTDKVVF-AJ34*p03_BV13-1-CASSDYLYEQYF-BJ2-7,222.0,2,3,4,259,8,7,2,5,0,6,4,2,0
BL6-BALBc_HTxB,AV6-5-CALSYNNNRIFF-AJ31_BV13-1-CASSDEGLAEQFF-BJ2-1,157.0,2,27,3,6,4,2,2,3,0,4,9,1,1
BL6-BALBc_HTxB,AV7-3-CAVNAYKVIF-AJ30_BV13-2-CASGDLGGRDAETLYF-BJ2-3,116.0,0,0,3,9,5,105,0,1,1,3,5,3,0
BL6-BALBc_HTxB,AV8-1-CATPPNTGKLTF-AJ27_BV1-CTCSARLGASAETLYF-BJ2-3,211.0,1,15,3,4,6,9,5,4,1,5,95,5,0
BL6-BALBc_HTxB,AV9D-3-CAVSPDTNAYKVIF-AJ30_BV13-2-CASGDWGRGEQYF-BJ2-7,52.0,0,0,17,2,3,3,0,1,0,1,4,4,0
BL6-BALBc_HTxB,AV7D-2-CAASMTGGSGNKLIF-AJ32_BV4-CASSYGQYAEQFF-BJ2-1,94.0,0,0,1,12,4,4,2,1,2,2,2,3,0
BL6-BALBc_HTxB,AV6-6-CALGDLGSWQLIF-AJ22_BV4-CASSYAEQFF-BJ2-1,247.0,1,1,4,5,5,3,2,3,1,11,72,1,0
BL6-BALBc_HTxB,AV13-1-CAMANTGNYKYVF-AJ40_BV13-2-CASGETGGGNYAEQFF-BJ2-1,110.0,3,0,5,7,9,4,3,3,1,8,13,20,0
BL6-BALBc_HTxB,AV3-3-CAVSEGSSSFSKLVF-AJ50_BV13-2-CASGETGEDTQYF-BJ2-5,81.0,0,2,2,24,6,18,0,1,1,13,10,8,1
BL6-BALBc_HTxB,AV6-6-CALGGPLPDKVVF-AJ34*p03_BV13-2-CASGEQYEQYF-BJ2-7,420.0,0,3,9,19,17,172,7,7,0,30,29,20,1
BL6-BALBc_HTxB,AV3-1-CAVTNSAGNKLTF-AJ17*p02_BV13-1-CASSGGYAEQFF-BJ2-1,126.0,1,1,1,4,4,2,1,4,0,3,53,4,0
BL6-BALBc_HTxB,AV1-CAVYGGSGNKLIF-AJ32_BV1-CTCSADRVGNTLYF-BJ1-3,379.0,1,0,3,12,9,7,2,3,0,5,8,1,0
BL6-BALBc_HTxB,AV13-1-CAMERDYGNEKITF-AJ48_BV1-CTCSAVRVAGNTLYF-BJ1-3,47.0,0,0,3,6,0,3,0,1,0,8,4,1,0
BL6-BALBc_HTxB,AV9D-4-CALSAIYGNEKITF-AJ48_BV5-CASSQDWGANTGQLYF-BJ2-2,193.0,6,11,6,6,9,10,8,3,0,10,19,21,0
BL6-BALBc_HTxB,AV6-7/DV9-CALAHYGNEKITF-AJ48_BV2-CASSQDRGNTLYF-BJ2-4,363.0,2,8,5,7,14,6,0,5,0,10,8,4,0
BL6-BALBc_HTxB,AV8D-2-CATGSSGSWQLIF-AJ22_BV2-CASSQPRGNTEVFF-BJ1-1,100.0,1,6,11,3,15,3,4,5,2,8,4,9,0
BL6-BALBc_HTxB,AV2-CIVTDVDTNAYKVIF-AJ30_BV13-1-CASSDAGGAPEQYF-BJ2-7,1666.0,4,1,3,11,11,6,3,15,0,11,29,4,0
BL6-BALBc_HTxB,AV6-1-CVLGDDSGYNKLTF-AJ11*p02_BV20-CGARADRGAETLYF-BJ2-3,140.0,2,0,3,2,5,8,2,5,1,8,9,92,0
BL6-BALBc_HTxB,AV3-4-CAVSESGFASALTF-AJ35_BV19-CASSMTLSGNTLYF-BJ1-3,461.0,7,3,32,27,53,35,14,18,4,47,58,19,2
BL6-BALBc_HTxB,AV8-1-CATDGGSALGRLHF-AJ18_BV1-CTCSADPETETLYF-BJ2-3,28.0,0,0,1,6,4,1,0,0,0,8,2,14,0
BL6-BALBc_HTxB,AV6-6-CALGEANSAGNKLTF-AJ17*p02_BV13-3-CASSDRYEQYF-BJ2-7,273.0,0,5,2,7,2,9,0,3,3,2,9,1,0
BL6-BALBc_HTxB,AV7D-2-CAAVMDYANKMIF-AJ47_BV13-2-CASGASGGNTLYF-BJ1-3,408.0,1,2,4,6,35,3,1,3,0,8,6,3,0
BL6-BALBc_HTxB,AV7D-2-CAAVMDYANKMIF-AJ47_BV19-CASSPGQYAEQFF-BJ2-1,170.0,2,1,2,17,11,10,1,3,0,12,44,17,1
BL6-BALBc_HTxB,AV6D-6-CALSDGGSNYKLTF-AJ53_BV13-3-CASSDLGAEQYF-BJ2-7,123.0,0,0,1,7,10,211,0,4,1,1,11,5,1
BL6-BALBc_HTxB,AV2-CIVTDMTGGLSGKLTF-AJ2_BV3-CASSLGRGLEQYF-BJ2-7,128.0,0,2,1,8,4,3,1,4,1,4,8,2,0
BL6-BALBc_HTxB,AV6-7/DV9-CALLSGGSNAKLTF-AJ42_BV13-2-CASGERHSNSDYTF-BJ1-2,196.0,0,3,1,50,8,5,3,3,0,7,9,5,2
BL6-BALBc_HTxB,AV16/DV11-CAMRDDTNAYKVIF-AJ30_BV13-2-CASATGGNSPLYF-BJ1-6,158.0,1,3,3,121,7,12,3,4,0,8,12,3,0
BL6-BALBc_HTxB,AV7D-3-CAVNAGYQNFYF-AJ49_BV13-1-CASSGRDGSYEQYF-BJ2-7,173.0,4,2,5,10,8,7,1,9,6,12,20,4,2
BL6-BALBc_HTxB,AV4-3-CAAEADTGNYKYVF-AJ40_BV5-CASSQVREDTEVFF-BJ1-1,61.0,0,1,9,6,2,1,0,1,0,5,9,5,0
BL6-BALBc_HTxB,AV4-3-CAAEDNNRIFF-AJ31_BV12-2-CASSPDWGQDTQYF-BJ2-5,699.0,52,7,13,18,34,19,6,11,3,17,40,10,0
BL6-BALBc_HTxB,AV16D/DV11-CAMREANSGTYQRF-AJ13_BV1-CTCSADKVYAEQFF-BJ2-1,360.0,1,4,10,69,14,11,8,11,3,25,24,13,0
BL6-BALBc_HTxB,AV16D/DV11-CAMREGDSNYQLIW-AJ33_BV13-2-CASGYRAPNSDYTF-BJ1-2,1195.0,3,2,3,79,7,6,1,6,0,8,12,2,0
BL6-BALBc_HTxB,AV16D/DV11-CAMRAHYSNNRLTL-AJ7_BV13-2-CASGEQYEQYF-BJ2-7,183.0,2,1,4,6,6,276,2,1,0,6,19,4,0
BL6-BALBc_HTxB,AV6-5-CALSDGGTGSKLSF-AJ58_BV17-CASSPGLGGRFNEQYF-BJ2-7,184.0,0,18,0,4,6,7,2,11,0,4,9,0,2
BL6-BALBc_HTxB,AV16/DV11-CAMREGNNNNRIFF-AJ31_BV13-2-CASGEVYEQYF-BJ2-7,33.0,0,1,0,4,8,61,1,54,1,6,4,2,0
BL6-BALBc_HTxB,AV7D-3-CAAHDSGYNKLTF-AJ11*p02_BV13-1-CASSDVGLGQDTQYF-BJ2-5,425.0,2,2,5,14,10,32,3,55,0,19,16,5,0
BL6-BALBc_HTxB,AV6D-7-CALIASSSFSKLVF-AJ50_BV13-1-CASSDRDAEQFF-BJ2-1,130.0,0,0,0,3,4,4,5,1,1,3,13,1,0
BL6-BALBc_HTxB,AV8D-1-CATLESNYQLIW-AJ33_BV5-CASSHSGTANTGQLYF-BJ2-2,58.0,3,0,3,5,3,5,0,2,1,7,3,5,0
BL6-BALBc_HTxB,AV13-2-CAIDLMQQGTGSKLSF-AJ58_BV3-CASSLAREYEQYF-BJ2-7,107.0,0,1,0,7,6,8,3,4,0,44,29,0,1
BL6-BALBc_HTxB,AV10D-CAARDGNYAQGLTF-AJ26_BV1-CTCSAAGGSNERLFF-BJ1-4,157.0,8,3,1,5,5,0,1,0,5,5,18,3,1
BL6-BALBc_HTxB,AV6D-6-CALSLNNYAQGLTF-AJ26_BV1-CTCSAEYISNERLFF-BJ1-4,185.0,13,2,9,17,11,9,5,1,5,15,79,23,0
BL6-BALBc_HTxB,AV6D-7-CALSHDTNAYKVIF-AJ30_BV29-CASSPGTNQDTQYF-BJ2-5,211.0,0,6,3,7,13,3,2,6,2,5,14,15,0
BL6-BALBc_HTxB,AV4-3-CAAEGAGGYKVVF-AJ12_BV13-2-CASGDWGSSYEQYF-BJ2-7,219.0,2,0,0,12,3,4,1,0,0,3,7,0,0
BL6-BALBc_HTxB,AV7-1-CAPDSGYNKLTF-AJ11*p02_BV13-2-CASWTGGNQAPLF-BJ1-5,2042.0,3,5,10,27,27,28,6,18,2,36,110,9,1
BL6-BALBc_HTxB,AV6-6-CALGDDTGANTGKLTF-AJ52_BV13-2-CASGDWGGDTQYF-BJ2-5,72.0,0,0,1,5,1,3,2,2,0,2,5,9,0
BL6-BALBc_HTxB,AV6-6-CALGDPGSNYQLIW-AJ33_BV2-CASSQDWANTGQLYF-BJ2-2,712.0,2,2,5,65,12,14,3,5,0,14,11,4,0
BL6-BALBc_HTxB,AV16D/DV11-CAMREDTGYQNFYF-AJ49_BV13-1-CASSDLGQNYAEQFF-BJ2-1,2210.0,2,1,2,11,10,13,2,6,0,2,112,4,0
BL6-BALBc_HTxB,AV16D/DV11-CAMREGNSGYNKLTF-AJ11*p02_BV13-2-CARGDARCGNTQYF-BJ2-5,180.0,0,0,1,7,3,20,0,1,0,0,5,0,0
BL6-BALBc_HTxB,AV10D-CAAGSGTYQRF-AJ13_BV1-CTCSETGDDTEVFF-BJ1-1,66.0,0,0,2,7,3,3,4,4,0,3,3,4,0
BL6-BALBc_HTxB,AV10-CAASMDNYNVLYF-AJ21*p03_BV31-CAWSLSSDYTF-BJ1-2,87.0,0,0,0,2,2,2,0,0,0,1,40,0,0
BL6-BALBc_HTxB,AV5-4-CAASAGNYKYVF-AJ40_BV13-1-CASSPGQTEVFF-BJ1-1,119.0,1,2,3,3,2,5,0,2,0,9,210,3,0
BL6-BALBc_HTxB,AV6D-6-CALSDSGTYQRF-AJ13_BV14-CASSGTPNTEVFF-BJ1-1,431.0,1,2,14,5,12,3,2,7,1,9,23,20,0
BL6-BALBc_HTxB,AV6-6-CALGDQANTDKVVF-AJ34*p03_BV14-CASSLGVNTEVFF-BJ1-1,118.0,0,0,0,3,8,1,14,0,0,3,7,1,0
BL6-BALBc_HTxB,AV7D-5-CAVSSGGNYKPTF-AJ6_BV3-CASSQDRTGTSAETLYF-BJ2-3,378.0,0,1,3,7,269,8,3,6,0,4,9,2,1
BL6-BALBc_HTxB,AV3D-3-CAVRSSGSWQLIF-AJ22_BV13-3-CASSNRDNNTLYF-BJ2-4,205.0,0,2,0,2,4,6,2,5,0,13,6,19,2
BL6-BALBc_HTxB,AV9-3-CAALMPNYNVLYF-AJ21*p03_BV13-3-CASSKLGGYEQYF-BJ2-7,113.0,0,0,0,2,6,25,0,2,0,1,2,1,0
BL6-BALBc_HTxB,AV7-3-CAVNAYKVIF-AJ30_BV13-2-CASGDLGGRDAETLYF-BJ2-3,120.0,0,0,1,4,1,116,1,0,0,0,1,2,1
BL6-BALBc_HTxB,AV5-1-CSASVDYAQGLTF-AJ26_BV31-CAWSPGTQNTLYF-BJ2-4,265.0,3,2,3,12,4,49,3,6,0,7,12,5,0
BL6-BALBc_HTxB,AV12-2-CALNTGYQNFYF-AJ49_BV13-1-CASSDAGGYEQYF-BJ2-7,864.0,4,5,11,20,17,49,3,13,1,28,34,2,1
BL6-BALBc_HTxB,AV4-3-CAAEADTGNYKYVF-AJ40_BV5-CASSQDLGGQNTLYF-BJ2-4,110.0,2,2,3,14,12,7,3,4,1,9,254,0,0
BL6-BALBc_HTxB,AV2-CIVTDSYSNNRLTL-AJ7_BV1-CTCSAGRGDAEQFF-BJ2-1,68.0,1,6,8,94,2,5,2,6,0,6,1,0,0
BL6-BALBc_HTxB,AV16/DV11-CAMREDSSNTDKVVF-AJ34*p03_BV13-2-CASGDALGGFSYEQYF-BJ2-7,223.0,1,1,6,3,10,8,1,4,0,7,338,27,0
BL6-BALBc_HTxB,AV8D-2-CATASSGSWQLIF-AJ22_BV29-CASSSTGTANERLFF-BJ1-4,193.0,0,3,3,3,10,13,0,7,4,14,6,17,1
BL6-BALBc_HTxB,AV7D-5-CAVSSGGNYKPTF-AJ6_BV3-CASSQDRTGTSAETLYF-BJ2-3,170.0,2,0,1,7,135,8,0,1,1,2,9,3,0
BL6-BALBc_HTxB,AV16/DV11-CAMRDDTGYQNFYF-AJ49_BV13-2-CASRDWGGGQNTLYF-BJ2-4,9.0,0,0,0,0,1,0,0,0,0,0,0,0,0
BL6-BALBc_HTxB,AV5-1-CSASSDTNAYKVIF-AJ30_BV13-2-CASGDAQYEQYF-BJ2-7,104.0,0,5,2,1,0,0,0,7,1,2,6,1,0
BL6-BALBc_HTxB,AV13-1-CARGDNRIFF-AJ31_BV12-2-CASSLGQGNAEQFF-BJ2-1,526.0,0,1,7,3,9,3,5,4,0,5,10,5,0
BL6-BALBc_HTxB,AV16D/DV11-CAMREGDNTDKVVF-AJ34*p03_BV13-2-CASGDLAGNSDYTF-BJ1-2,2547.0,0,3,8,7,35,11,2,4,1,11,18,10,0
BL6-BALBc_HTxB,AV16D/DV11-CAMREGLGGSNYKLTF-AJ53_BV1-CTCSAGGSQDTQYF-BJ2-5,50.0,1,0,0,2,0,0,1,0,1,4,12,8,0
BL6-BALBc_HTxB,AV4D-3-CAAEYQGGRALIF-AJ15_BV13-1-CASSDAGVYEQYF-BJ2-7,209.0,0,0,0,4,4,2,4,6,0,10,5,22,0
BL6-BALBc_HTxB,AV9-1-CAVREDMGYKLTF-AJ9_BV13-2-CASGDGGALEQYF-BJ2-7,1511.0,2,7,6,87,23,14,8,9,1,20,62,2,1
BL6-BALBc_HTxB,AV16D/DV11-CAMRAHYSNNRLTL-AJ7_BV13-2-CVSGEQYEQYF-BJ2-7,104.0,0,1,1,5,6,43,0,1,0,3,7,0,0
BL6-BALBc_HTxB,AV16/DV11-CAMREGSHTDKDFF-AJ34*p03_BV13-3-CASSDWGGAETLYF-BJ2-3,109.0,1,1,1,7,1,2,1,2,0,11,3,2,1
BL6-BALBc_HTxB,AV1-CAVRDSYAQGLTF-AJ26_BV13-1-CASSDDRVGNTLYF-BJ1-3,49.0,0,0,3,77,10,3,1,0,0,6,7,3,0
BL6-BALBc_HTxB,AV16D/DV11-CAMRDTNAYKVIF-AJ30_BV13-2-CASGDVGGGQNTLYF-BJ2-4,591.0,3,2,2,9,6,39,1,1,1,5,23,7,0
BL6-BALBc_HTxB,AV19-CAAGNAGAKLTF-AJ39_BV23-CSSSQFRTGGAYNYAEQFF-BJ2-1,84.0,0,0,1,2,4,4,2,16,1,4,4,8,1
BL6-BALBc_HTxB,AV16D/DV11-CAMREDSNYQLIW-AJ33_BV13-2-CASGDVINTEVFF-BJ1-1,2359.0,4,0,5,500,21,12,8,8,0,16,25,7,2
BL6-BALBc_HTxB,AV4-3-CAADYQGGSAKLIF-AJ57_BV31-CAWSLGNYAEQFF-BJ2-1,370.0,0,5,7,7,62,9,5,7,2,12,4,17,0
BL6-BALBc_HTxB,AV16/DV11-CAMREDNNNAPRF-AJ43*p03_BV13-3-CASSDWGGAETLYF-BJ2-3,165.0,2,1,1,7,19,6,4,6,0,11,7,4,0
BL6-BALBc_HTxB,AV13-4/DV7-CANQGGSAKLIF-AJ57_BV13-3-CASSSGGVKAEQFF-BJ2-1,163.0,3,1,3,12,26,9,3,5,0,10,14,2,0
BL6-BALBc_HTxB,AV6D-7-CALSDWSNYQLIW-AJ33_BV5-CASSQDLGGQNTLYF-BJ2-4,74.0,0,2,4,165,6,9,2,1,1,6,9,3,0
BL6-BALBc_HTxB,AV13-1-CARISGSFNKLTF-AJ4_BV3-CASSSDSAETLYF-BJ2-3,210.0,4,1,4,3,13,6,2,7,0,9,8,18,0
BL6-BALBc_HTxB,AV7-3-CAVDSAGNKLTF-AJ17*p02_BV1-CTCSRDRGNERLFF-BJ1-4,341.0,1,7,3,17,15,11,4,3,1,21,17,8,0
BL6-BALBc_HTxB,AV16D/DV11-CAMRAHYSNNRLTL-AJ7_BV13-2-CASGEQYEQYF-BJ2-7,138.0,1,0,7,7,12,210,4,4,0,12,15,7,0
BL6-BALBc_HTxB,AV16/DV11-CAMREGLGGNNKLTF-AJ56_BV1-CTCSAAGTGNTEVFF-BJ1-1,31.0,0,0,2,21,3,4,1,1,1,1,2,0,0
BL6-BALBc_HTxB,AV19-CAAANTGYQNFYF-AJ49_BV17-CASSRDPWGGSAETLYF-BJ2-3,68.0,3,3,2,3,3,18,2,0,0,5,2,0,0
BL6-BALBc_HTxB,AV10D-CAASMDTGYQNFYF-AJ49_BV3-CASSLAREYEQYF-BJ2-7,135.0,1,1,2,6,3,7,1,2,2,27,4,2,0
BL6-BALBc_HTxB,AV1-CAVRDSYAQGLTF-AJ26_BV13-1-CASSDDRVGNTLYF-BJ1-3,329.0,3,4,10,205,12,13,3,8,1,33,23,5,0
BL6-BALBc_HTxB,AV12-2-CALNTGYQNFYF-AJ49_BV13-1-CASSDAGGYEQYF-BJ2-7,305.0,2,11,6,23,20,21,2,20,2,12,28,15,1
BL6-BALBc_HTxB,AV1-CAVRDSYAQGLTF-AJ26_BV13-1-CASSDDRVGNTLYF-BJ1-3,198.0,4,3,6,232,12,18,3,7,2,18,22,4,2
BL6-BALBc_HTxB,AV7D-5-CAVSSGGNYKPTF-AJ6_BV3-CASSQDRTGTSAETLYF-BJ2-3,150.0,0,1,4,7,253,8,5,13,0,5,18,10,1
BL6-BALBc_HTxB,AV16D/DV11-CAMREDNNAGAKLTF-AJ39_BV13-1-CASSDVGGDTEVFF-BJ1-1,129.0,5,0,1,7,6,6,1,131,0,0,7,30,0
BL6-BALBc_HTxB,AV3-4-CAVSDNYAQGLTF-AJ26_BV4-CASSYGLGGYEQYF-BJ2-7,75.0,1,0,3,4,2,9,25,4,1,4,13,0,0
BL6-BALBc_HTxB,AV3-3-CAVMPNYNVLYF-AJ21*p03_BV13-2-CASGDLGTDNNQAPLF-BJ1-5,75.0,0,0,0,2,4,3,0,1,0,2,37,1,0
BL6-BALBc_HTxB,AV6-6-CALGDYANKMIF-AJ47_BV13-3-CATRDRDAEQFF-BJ2-1,124.0,2,0,2,8,0,36,2,4,0,1,6,1,0
BL6-BALBc_HTxB,AV13-2-CAIGYAQGLTF-AJ26_BV13-3-CASSDGWGGYEQYF-BJ2-7,1657.0,1,1,78,23,9,13,5,7,2,18,27,7,0
BL6-BALBc_HTxB,AV16/DV11-CAMREVNTGNYKYVF-AJ40_BV1-CTCSAVRISNERLFF-BJ1-4,158.0,3,5,3,2,7,7,3,7,0,5,26,3,0
BL6-BALBc_HTxB,AV3-1-CADGGSGNKLIF-AJ32_BV13-2-CASGEWGRSSYEQYF-BJ2-7,727.0,1,0,8,8,10,9,0,1,1,5,15,9,0
BL6-BALBc_HTxB,AV9-1-CAHQGGRALIF-AJ15_BV1-CTCSADRVAETLYF-BJ2-3,97.0,0,0,0,14,2,1,0,1,0,1,3,0,0
BL6-BALBc_HTxB,AV16D/DV11-CAMREDSNYQLIW-AJ33_BV13-2-CASGDNYEQYF-BJ2-7,44.0,0,1,1,1,30,1,0,0,0,0,2,1,0
BL6-BALBc_HTxB,AV3-1-CAVRDYGGSGNKLIF-AJ32_BV29-CASTPQQDTQYF-BJ2-5,153.0,4,2,6,8,12,2,7,13,0,15,23,25,1
BL6-BALBc_HTxB,AV7-4-CAASEPSNTGGLSGKLTF-AJ2_BV5-CASSQDRTENTLYF-BJ2-4,112.0,2,5,1,1,4,3,4,15,2,4,14,12,0
BL6-BALBc_HTxB,AV8-1-CADQGGRALIF-AJ15_BV1-CTCSADPGNERLFF-BJ1-4,23.0,0,0,0,8,0,1,1,0,0,1,5,11,0
BL6-BALBc_HTxB,AV16D/DV11-CAMRAHYSNNRLTL-AJ7_BV13-2-CAIGEQYEQYF-BJ2-7,1901.0,1,4,8,12,20,273,3,4,1,10,18,8,0
BL6-BALBc_HTxB,AV16/DV11-CAMREGSNTDKVVF-AJ34*p03_BV13-1-CASSDYLYGQYF-BJ2-7,315.0,1,0,0,353,6,6,1,1,1,8,9,1,1
BL6-BALBc_HTxB,AV8-1-CATDASSGSWQLIF-AJ22_BV5-CASSPWGNTEVFF-BJ1-1,132.0,3,10,4,5,11,7,1,1,2,8,58,17,0
BL6-BALBc_HTxB,AV16D/DV11-CAMRVSNTGYQNFYF-AJ49_BV1-CTCSEDRVYAEQFF-BJ2-1,108.0,1,13,2,9,10,5,1,4,3,3,7,1,1
BL6-BALBc_HTxB,AV10D-CAASRAGGYKVVF-AJ12_BV13-2-CASGDAPDNTQYF-BJ2-5,510.0,1,1,2,5,14,8,9,5,0,4,5,26,0
BL6-BALBc_HTxB,AV7-3-CAVSNQGGRALIF-AJ15_BV13-1-CASSEGVNSDYTF-BJ1-2,184.0,1,0,3,7,8,5,1,5,3,6,9,7,0
BL6-BALBc_HTxB,AV16D/DV11-CAMRGNTRKLIF-AJ37*p02_BV13-1-CASSTGNTLYF-BJ2-4,148.0,0,2,2,6,3,5,1,0,0,2,10,7,0
BL6-BALBc_HTxB,AV16D/DV11-CAMRNYAQGLTF-AJ26_BV13-2-CASGGGGGEQYF-BJ2-7,4164.0,7,15,14,19,22,25,16,11,0,44,30,8,1
BL6-BALBc_HTxB,AV16D/DV11-CAMRAHYSNNRLTL-AJ7_BV13-2-CASGEQYEQYF-BJ2-7,368.0,1,3,9,15,9,139,2,5,0,10,22,0,0
BL6-BALBc_HTxB,AV4D-4-CAAGTGGYKVVF-AJ12_BV1-CTCSADPGWEQYF-BJ2-7,23.0,0,0,0,10,3,6,0,0,0,0,2,2,0
BL6-BALBc_HTxB,AV7D-2-CAASNMGYKLTF-AJ9_BV4-CASSYRGNTGQLYF-BJ2-2,144.0,1,1,1,2,2,4,1,3,0,3,3,3,2
BL6-BALBc_HTxB,AV16/DV11-CAMREGNYANKMIF-AJ47_BV13-2-CASGDFQYEQYF-BJ2-7,202.0,0,1,1,8,4,47,13,3,1,8,48,1,0
BL6-BALBc_HTxB,AV14-2-CAASANNNAGAKLTF-AJ39_BV3-CASSPWDIANSDYTF-BJ1-2,880.0,6,7,14,33,26,28,8,14,2,34,513,15,2
BL6-BALBc_HTxB,AV10-CAASPNTGYQNFYF-AJ49_BV13-2-CASGDAGAPLF-BJ1-5,110.0,0,0,1,1,3,3,6,5,0,70,20,6,0
BL6-BALBc_HTxB,AV4-2-CAAEADTGNYKYVF-AJ40_BV31-CAWSLWTGVEQYF-BJ2-7,123.0,1,2,38,3,4,6,0,4,0,6,9,3,0
BL6-BALBc_HTxB,AV16/DV11-CAMRGPATGGNN-AJ56_BV13-1-CASSGGALAEQFF-BJ2-1,31.0,0,0,0,5,6,7,0,1,0,0,2,1,0
BL6-BALBc_HTxB,AV13-1-CAMELSSGSWQLIF-AJ22_BV4-CASSYGEQYF-BJ2-7,492.0,0,0,3,6,9,7,0,2,1,2,313,3,0
BL6-BALBc_HTxB,AV16D/DV11-CAMREDNNRIFF-AJ31_BV13-2-CASGEIATNTGQLYF-BJ2-2,87.0,2,0,2,74,7,26,3,2,0,0,6,7,0
BL6-BALBc_HTxB,AV16D/DV11-CAMREGEPSSFSKLVF-AJ50_BV13-1-CASSGDRIYEQYF-BJ2-7,63.0,0,1,0,2,3,1,2,8,2,0,3,1,0
BL6-BALBc_HTxB,AV12D-1-CALSDQNKLTF-AJ56_BV14-CASRSDWVNQDTQYF-BJ2-5,52.0,0,1,7,2,3,4,10,2,0,2,11,1,0
BL6-BALBc_HTxB,AV16D/DV11-CAMRAHYSNNRLTL-AJ7_BV13-2-CASGEQYEQYF-BJ2-7,87.0,1,2,2,9,17,27,2,2,0,4,13,3,1
BL6-BALBc_HTxB,AV12D-1-CAANSGTYQRF-AJ13_BV1-CTCSALWGGEGEQFF-BJ2-1,159.0,19,1,3,6,5,4,2,4,1,9,11,1,0
BL6-BALBc_HTxB,AV7-4-CAARFMDYANKMIF-AJ47_BV31-CAWSLGFAADYTF-BJ1-2,391.0,1,0,3,7,82,7,5,15,0,12,10,13,0
BL6-BALBc_HTxB,AV16D/DV11-CAMREETGANTGKLTF-AJ52_BV13-3-CASSTGGVQDTQYF-BJ2-5,63.0,0,0,0,2,28,2,0,0,1,4,6,0,0
BL6-BALBc_HTxB,AV6D-7-CALASNSGGSNAKLTF-AJ42_BV13-1-CASSDLRVNTEVFF-BJ1-1,1379.0,2,8,5,268,21,16,3,7,2,26,47,20,0
BL6-BALBc_HTxB,AV16D/DV11-CAMREDTNAYKVIF-AJ30_BV13-2-CASGETGANSDYTF-BJ1-2,77.0,0,1,2,6,11,92,0,88,0,8,8,4,0
BL6-BALBc_HTxB,AV16/DV11-CAMREGDNNNRIFF-AJ31_BV13-2-CASGDVGEQYF-BJ2-7,144.0,1,0,1,3,39,3,1,14,0,4,8,5,1
BL6-BALBc_HTxB,AV12D-1-CALSDQNKLTF-AJ56_BV14-CASRSDWVNQDTQYF-BJ2-5,169.0,2,1,1,15,15,7,20,5,0,13,25,7,0
BL6-BALBc_HTxB,AV13-1-CAMNQGGSAKLIF-AJ57_BV1-CTCSALNYAEQFF-BJ2-1,57.0,2,6,9,21,0,1,4,0,2,2,6,6,0
BL6-BALBc_HTxB,AV2-CIVTDSYSNNRLTL-AJ7_BV1-CTCSAGRGDAEQFF-BJ2-1,102.0,3,3,7,79,10,6,2,3,5,11,48,6,0
BL6-BALBc_HTxB,AV6-6-CALGTFSNTDKVVF-AJ34*p03_BV13-1-CASSDVRDSGNTLYF-BJ1-3,117.0,0,4,0,102,4,3,4,0,0,2,4,3,1
BL6-BALBc_HTxB,AV16/DV11-CAMREGNYAQGLTF-AJ26_BV20-CGARYTSANTEVFF-BJ1-1,35.0,0,0,0,14,1,1,0,0,0,3,3,1,0
BL6-BALBc_HTxB,AV4D-4-CAADSGGNYKPTF-AJ6_BV13-2-CASGDNYEQYF-BJ2-7,292.0,4,3,11,22,16,10,1,5,0,6,22,11,0
BL6-BALBc_HTxB,AV7-5-CAMSMRNNNNRIFF-AJ31_BV13-2-CASGDNYEQYF-BJ2-7,223.0,1,2,1,14,47,6,2,3,2,8,13,2,0
BL6-BALBc_HTxB,AV13-1-CAANTGANTGKLTF-AJ52_BV17-CASSPGQGHTGQLYF-BJ2-2,86.0,0,7,6,2,1,2,0,0,1,2,4,5,0
BL6-BALBc_HTxB,AV3-3-CAVSERTSSFSKLVF-AJ50_BV13-2-CASGETGEDTQYF-BJ2-5,258.0,0,0,0,10,6,36,2,1,0,4,8,1,0
BL6-BALBc_HTxB,AV12-2-CALRDNAGAKLTF-AJ39_BV14-CASSGQNTEVFF-BJ1-1,109.0,0,0,0,3,45,7,1,1,0,1,7,0,0
BL6-BALBc_HTxB,AV16/DV11-CAMREGDSNYQLIW-AJ33_BV13-1-CASRNINQAPLF-BJ1-5,141.0,2,3,2,13,171,6,1,3,0,9,9,6,0
BL6-BALBc_HTxB,AV14-1-CAANNTNTGKLTF-AJ27_BV2-CASSQDPASNSDYTF-BJ1-2,1875.0,8,0,4,34,12,12,4,2,0,14,24,6,0
BL6-BALBc_HTxB,AV13-2-CAIVSNTGYQNFYF-AJ49_BV19-CASSMTLYNSPLYF-BJ1-6,202.0,1,0,2,6,6,23,3,1,1,1,8,0,1
BL6-BALBc_HTxB,AV7-3-CAVDTGYQNFYF-AJ49_BV29-CASSRGGAEQFF-BJ2-1,121.0,3,2,1,2,3,2,3,8,0,7,5,3,0
BL6-BALBc_HTxB,AV16D/DV11-CAMREAFSGGSNAKLTF-AJ42_BV13-2-CASGDSYEQYF-BJ2-7,60.0,0,2,1,5,125,7,1,0,0,0,6,0,0
BL6-BALBc_HTxB,AV1-CAVRECYSNNRL-AJ7_BV13-2-CASGGAGNSPLYF-BJ1-6,622.0,2,3,5,9,11,13,3,35,2,7,13,3,0
BL6-BALBc_HTxB,AV14-1-CAARGDNNRIFF-AJ31_BV13-2-CASGGGGGEQYF-BJ2-7,805.0,1,4,7,85,15,6,4,3,2,9,29,5,0
BL6-BALBc_HTxB,AV13-2-CAIAGNTRKLIF-AJ37*p02_BV5-CASSQEGGLDTQYF-BJ2-5,142.0,0,2,6,8,7,6,0,2,0,3,4,9,0
BL6-BALBc_HTxB,AV16/DV11-CAMREGDTNAYKVIF-AJ30_BV13-2-CASGEINSPLYF-BJ1-6,124.0,1,0,0,0,17,5,0,0,1,13,3,2,0
BL6-BALBc_HTxB,AV6-5-CALSRHSGTYQRF-AJ13_BV1-CTCSAGGNYAEQFF-BJ2-1,205.0,0,4,7,8,23,6,2,6,3,24,32,6,2
BL6-BALBc_HTxB,AV6D-6-CALSELGTGSKLSF-AJ58_BV17-CASSNRAEQFF-BJ2-1,87.0,0,5,1,7,4,8,1,1,0,6,16,1,0
BL6-BALBc_HTxB,AV6D-4-CALVDDSGYNKLTF-AJ11*p02_BV4-CASSLTDEQYF-BJ2-7,225.0,1,2,1,10,5,11,2,6,0,9,147,6,0
BL6-BALBc_HTxB,AV4-3-CAAEADTGNYKYVF-AJ40_BV31-CAWSLWTGVEQYF-BJ2-7,315.0,1,7,74,16,21,23,6,12,3,12,28,4,2
BL6-BALBc_HTxB,AV8-1-CATDADTGNYKYVF-AJ40_BV13-1-CASSDYLYEQYF-BJ2-7,1252.0,2,4,12,23,20,18,7,10,1,396,80,11,2
BL6-BALBc_HTxB,AV3D-3-CAVSVETGGYKVVF-AJ12_BV1-CTCSAVRINSDYTF-BJ1-2,111.0,0,6,2,16,7,11,7,5,1,9,9,3,0
BL6-BALBc_HTxB,AV9D-3-CAVRTISGSFNKLTF-AJ4_BV13-2-CASGDGQGTTEVFF-BJ1-1,807.0,3,13,14,18,14,7,3,4,3,23,34,11,2
BL6-BALBc_HTxB,AV7-5-CAMSLFNNYAQGLTF-AJ26_BV5-CASSQDGTEEVFF-BJ1-1,36.0,13,1,7,12,4,2,1,1,6,5,30,4,0
BL6-BALBc_HTxB,AV16D/DV11-CAMRGDNNNRIFF-AJ31_BV13-1-CASSESSYEQYF-BJ2-7,58.0,0,2,1,6,4,60,1,4,0,7,5,2,0
BL6-BALBc_HTxB,AV12-2-CALSDLTGNYKYVF-AJ40_BV1-CTCSAGDGNTLYF-BJ1-3,3221.0,5,5,21,38,23,96,8,12,5,26,69,15,1
BL6-BALBc_HTxB,AV16D/DV11-CAMREGEDYANKMIF-AJ47_BV29-CASSAGGFNERLFF-BJ1-4,259.0,2,0,3,16,8,10,10,4,2,6,12,31,0
BL6-BALBc_HTxB,AV6D-7-CALRYGGSGNKLIF-AJ32_BV3-CASSLGTGDTQYF-BJ2-5,267.0,2,7,9,13,17,47,142,10,2,190,17,5,0
BL6-BALBc_HTxB,AV16D/DV11-CAMREGDNAGAKLTF-AJ39_BV29-CASSFNTGQLYF-BJ2-2,156.0,0,0,10,3,3,7,1,3,0,9,1,3,1
BL6-BALBc_HTxB,AV16D/DV11-CAMREDSNYQLIW-AJ33_BV13-2-CASGDVINTEVFF-BJ1-1,183.0,2,0,6,367,3,10,1,3,2,6,21,6,1
BL6-BALBc_HTxB,AV7-4-CADNTNTGKLTF-AJ27_BV12-2-CASSLEQGEDTQYF-BJ2-5,82.0,17,4,15,5,12,5,9,5,9,16,14,20,0
BL6-BALBc_HTxB,AV9D-3-CAVSPDTNAYKVIF-AJ30_BV13-2-CASGDWGRGEQYF-BJ2-7,148.0,0,1,83,4,2,3,0,5,0,17,8,1,0
BL6-BALBc_HTxB,AV4-3-CAAEANTDKVVF-AJ34*p03_BV13-2-CASGLTGGSSYEQYF-BJ2-7,293.0,5,2,1,14,3,4,3,1,0,6,54,4,1
BL6-BALBc_HTxB,AV7-3-CAVSRRSSSFSKLVF-AJ50_BV2-CASSQEGLQYF-BJ2-7,324.0,0,1,8,1,7,18,2,4,2,7,9,9,0
BL6-BALBc_HTxB,AV4-3-CAAEDNNRIFF-AJ31_BV12-2-CASSPDWGQDTQYF-BJ2-5,191.0,40,0,2,4,3,1,0,2,0,1,4,2,0
BL6-BALBc_HTxB,AV6-7/DV9-CALGPDTNAYKVIF-AJ30_BV29-CASSFNTGQLYF-BJ2-2,169.0,4,1,9,6,5,6,3,11,0,11,20,9,0
BL6-BALBc_HTxB,AV1-CAVPSGSWQLIF-AJ22_BV4-CASSYGRWDTEVFF-BJ1-1,224.0,1,1,0,17,4,3,1,3,0,13,10,7,1
BL6-BALBc_HTxB,AV6-7/DV9-CALGNTGYQNFYF-AJ49_BV13-2-CASGDAGLTQYF-BJ2-5,1478.0,1,0,7,16,7,27,5,8,0,9,17,6,0
BL6-BALBc_HTxB,AV16/DV11-CAMREDSGGSNYKLTF-AJ53_BV13-2-CASGGAGNSPLYF-BJ1-6,231.0,0,0,1,2,2,2,0,2,0,7,12,3,0
BL6-BALBc_HTxB,AV16/DV11-CAMRGNTRKLIF-AJ37*p02_BV1-CTCSAGQYEQYF-BJ2-7,155.0,3,2,2,5,10,7,1,4,0,5,6,3,0
BL6-BALBc_HTxB,AV12D-1-CALSDQNKLTF-AJ56_BV14-CASRSDWVNQDTQYF-BJ2-5,115.0,1,2,0,1,2,6,13,3,0,3,4,1,0
BL6-BALBc_HTxB,AV1-CAVKNYAQGLTF-AJ26_BV13-2-CASGDGGQANSDYTF-BJ1-2,172.0,2,0,3,2,5,1,0,4,1,10,4,7,0
BL6-BALBc_HTxB,AV6D-6-CALSDLAYQGGRALIF-AJ15_BV19-CASSPDSSNERLFF-BJ1-4,75.0,2,6,0,3,2,2,7,5,0,13,14,19,0
BL6-BALBc_HTxB,AV12-2-CALNTGYQNFYF-AJ49_BV13-1-CASSDAGGYEQYF-BJ2-7,576.0,1,2,3,8,5,32,2,1,1,8,10,1,0
BL6-BALBc_HTxB,AV4-3-CAAEADTGNYKYVF-AJ40_BV31-CAWSLWTGVEQYF-BJ2-7,169.0,1,3,176,11,10,11,12,5,0,10,11,2,1
BL6-BALBc_HTxB,AV16D/DV11-CAMRAHYSNNRLTL-AJ7_BV13-2-CASGEQYEQYF-BJ2-7,80.0,0,0,1,4,4,65,2,1,1,1,3,0,0
BL6-BALBc_HTxB,AV16/DV11-CAMREVNTGNYKYVF-AJ40_BV13-3-CASSGTGRYAEQFF-BJ2-1,85.0,0,0,5,1,2,8,1,8,3,3,6,13,0
BL6-BALBc_HTxB,AV7-4-CADNTNTGKLTF-AJ27_BV12-2-CASSLEQGEDTQYF-BJ2-5,206.0,84,3,5,7,3,8,2,3,0,5,10,2,0
BL6-BALBc_HTxB,AV13-1-CAMNQGGSAKLIF-AJ57_BV1-CTCSALNYAEQFF-BJ2-1,99.0,0,0,1,16,2,2,4,1,0,1,3,1,1
BL6-BALBc_HTxB,AV16D/DV11-CAMREDSGYNKLTF-AJ11*p02_BV31-CAWSLEGQGNTEVFF-BJ1-1,460.0,0,0,3,10,9,2,2,2,1,225,351,6,0
BL6-BALBc_HTxB,AV14-3-CAARDDSGYNKLTF-AJ11*p02_BV13-3-CASSLLGGAETLYF-BJ2-3,100.0,1,1,4,8,5,2,3,1,0,1,7,11,0
BL6-BALBc_HTxB,AV19-CAANGGSNYKLTF-AJ53_BV5-CASSQAWGDGEQYF-BJ2-7,340.0,0,5,4,7,21,4,3,3,0,9,92,4,0
BL6-BALBc_HTxB,AV4-3-CAADGNYQLIW-AJ33_BV13-3-CASSEAGSNTGQLYF-BJ2-2,121.0,1,1,4,2,7,14,4,0,0,5,13,0,0
BL6-BALBc_HTxB,AV8-1-CGGNYKYVF-AJ40_BV13-1-CASSDAAEYEQYF-BJ2-7,116.0,0,0,5,4,7,8,1,7,2,15,10,3,0
BL6-BALBc_HTxB,AV4-4/DV10-CAAEAIGNEKITF-AJ48_BV2-CASSQTSAETLYF-BJ2-3,239.0,5,5,2,8,6,7,3,5,2,7,11,2,0
BL6-BALBc_HTxB,AV16/DV11-CAMREDTGYQNFYF-AJ49_BV13-2-CASGEGGAGQLYF-BJ2-2,212.0,1,2,4,12,10,23,162,49,1,32,17,5,0
BL6-BALBc_HTxB,AV6-6-CALGDQANTDKVVF-AJ34*p03_BV14-CASSLGVNTEVFF-BJ1-1,58.0,1,0,1,1,1,3,26,0,0,2,7,0,0
BL6-BALBc_HTxB,AV7-3-CAVTAGYQNFYF-AJ49_BV1-CTCSAGASGGYEQYF-BJ2-7,2019.0,13,6,10,17,11,18,1,2,3,15,29,8,1
BL6-BALBc_HTxB,AV9-4-CAVSPGNYKYVF-AJ40_BV1-CTCSAGQGYEQYF-BJ2-7,5.0,0,0,0,1,0,0,0,0,0,0,1,0,0
BL6-BALBc_HTxB,AV12D-2-CASAYNTNTGKLTF-AJ27_BV2-CASSQDGLGADTQYF-BJ2-5,82.0,0,3,4,2,2,3,0,2,1,5,37,7,0
BL6-BALBc_HTxB,AV5-1-CSASVDYAQGLTF-AJ26_BV31-CAWSPGTQNTLYF-BJ2-4,573.0,1,0,3,9,4,33,1,5,0,7,11,6,0
BL6-BALBc_HTxB,AV4-3-CAAEANSAGNKLTF-AJ17*p02_BV13-3-CASSQLAEQFF-BJ2-1,32.0,1,1,2,4,2,2,1,0,0,2,149,0,1
BL6-BALBc_HTxB,AV1-CAVRDSYAQGLTF-AJ26_BV13-1-CASSDDRVGNTLYF-BJ1-3,295.0,4,4,15,109,23,15,7,8,1,34,30,7,2
BL6-BALBc_HTxB,AV6-6-CALGTFSNTDKVVF-AJ34*p03_BV13-1-CASSDVRDSGNTLYF-BJ1-3,160.0,3,3,0,137,1,5,4,2,0,9,6,4,0
BL6-BALBc_HTxB,AV16D/DV11-CAMREGPANTDKVVF-AJ34*p03_BV13-2-CASGDLDSAETLYF-BJ2-3,55.0,0,0,0,2,3,5,0,0,0,2,4,0,0
BL6-BALBc_HTxB,AV3D-3-CAVRYTGGADRLTF-AJ45_BV19-CASGFLNSDYTF-BJ1-2,803.0,6,7,9,21,26,18,4,11,2,26,38,13,1
BL6-BALBc_HTxB,AV4D-3-CAAESQGGRALIF-AJ15_BV14-CASSFPGEVFF-BJ1-1,109.0,0,1,0,1,3,13,0,0,0,2,4,3,1
BL6-BALBc_HTxB,AV9-2-CAASSDYANKMIF-AJ47_BV17-CASTVGGRYEQYF-BJ2-7,213.0,1,0,2,9,6,7,0,4,0,2,4,2,0
BL6-BALBc_HTxB,AV3-1-CAVTHNYAQGLTF-AJ26_BV13-1-CASSETGGAGTEVFF-BJ1-1,98.0,1,2,5,7,12,25,3,7,0,4,11,205,0
BL6-BALBc_HTxB,AV8-2-CATDGTNSAGNKLTF-AJ17*p02_BV1-CTCSALWGSSYEQYF-BJ2-7,69.0,0,1,2,5,5,7,3,3,0,4,6,2,0
BL6-BALBc_HTxB,AV7-5-CAMSLFNNYAQGLTF-AJ26_BV5-CASSQDGTEEVFF-BJ1-1,119.0,5,3,2,3,5,4,2,2,0,10,7,2,1
BL6-BALBc_HTxB,AV10-CAASMNQGGSAKLIF-AJ57_BV3-CASSLGRGLEQYF-BJ2-7,149.0,0,1,2,3,9,9,7,4,1,33,11,1,0
BL6-BALBc_HTxB,AV3-4-CAVTPSSGSWQLIF-AJ22_BV4-CASSYMGEQYF-BJ2-7,547.0,0,6,12,26,33,30,5,12,1,29,627,5,1
BL6-BALBc_HTxB,AV13D-3-CAMRTNSAGNKLTF-AJ17*p02_BV13-2-CASGTTYEQYF-BJ2-7,108.0,0,0,1,8,3,6,0,2,1,78,6,4,1
BL6-BALBc_HTxB,AV9-3-CAVSTGYQNFYF-AJ49_BV4-CASSSPPGQNSDYTF-BJ1-2,234.0,0,10,3,8,15,6,5,0,1,13,44,11,2
BL6-BALBc_HTxB,AV13D-4-CAITGNTRKLIF-AJ37*p02_BV13-2-CASGDAGEQYF-BJ2-7,33.0,0,0,0,2,1,7,0,3,0,2,5,2,0
BL6-BALBc_HTxB,AV8-1-CATDYAQGLTF-AJ26_BV1-CTCSADMRETLYF-BJ2-3,628.0,0,2,7,150,21,10,3,1,1,25,24,5,1
BL6-BALBc_HTxB,AV12-2-CALSDQKDSNYQLIW-AJ33_BV13-3-CASSPTGGYEQYF-BJ2-7,208.0,4,3,11,14,11,188,5,2,1,28,29,5,0
BL6-BALBc_HTxB,AV8D-2-CATVGNRIFF-AJ31_BV1-CTCSAVRISNERLFF-BJ1-4,294.0,2,0,3,18,1,8,4,5,0,13,9,5,0
BL6-BALBc_HTxB,AV16D/DV11-CAMREGSSGSWQLIF-AJ22_BV13-2-CASGERTGSYEQYF-BJ2-7,76.0,0,0,2,2,5,0,2,1,1,4,4,1,0
BL6-BALBc_HTxC,AV12-1-CALNPSSFSKLVF-AJ50_BV5-CASSPGGVQDTQYF-BJ2-5,27.0,0,0,1,0,7,4,0,0,0,2,0,0,0
BL6-BALBc_HTxC,AV16D/DV11-CAMREAGGYKVVF-AJ12_BV13-2-CASGDAGGKAEVFF-BJ1-1,225.0,2,2,0,0,2,79,0,0,0,1,13,7,0
BL6-BALBc_HTxC,AV16D/DV11-CAMREGDSNYQLIW-AJ33_BV13-2-CASGGLVYEQYF-BJ2-7,284.0,0,0,0,12,16,3,0,0,0,1,3,3,0
BL6-BALBc_HTxC,AV12-2-CALSDLRTGGADRLTF-AJ45_BV13-1-CASSDVGAEQFF-BJ2-1,200.0,0,0,0,1,1,2,0,0,0,1,71,0,0
BL6-BALBc_HTxC,AV1-CAVRDDGGSGNKLIF-AJ32_BV29-CASSFTNNSPLYF-BJ1-6,446.0,1,0,1,1,1,6,0,1,4,5,19,1,0
BL6-BALBc_HTxC,AV6-6-CALGDRGNTDKVVF-AJ34*p03_BV17-CASSNRNSPLYF-BJ1-6,232.0,0,1,0,1,1,3,2,0,3,0,1,2,0
BL6-BALBc_HTxC,AV9-1-CAVSAYSNYQLIW-AJ33_BV1-CTCSADRVEQYF-BJ2-7,84.0,5,4,2,8,0,1,0,5,8,4,57,29,0
BL6-BALBc_HTxC,AV16/DV11-CAMREDTGYQNFYF-AJ49_BV13-1-CASGGVYEQYF-BJ2-7,50.0,0,0,0,5,0,1,0,2,1,106,0,0,2
BL6-BALBc_HTxC,AV6D-6-CALRNQGGRALIF-AJ15_BV29-CASSGGRGAETLYF-BJ2-3,44.0,0,1,0,1,0,2,0,0,0,3,1,3,1
BL6-BALBc_HTxC,AV16D/DV11-CAMREDTGYQNFYF-AJ49_BV19-CASTGTGSNYAEQFF-BJ2-1,20.0,0,0,0,0,1,1,0,0,0,29,0,0,0
BL6-BALBc_HTxC,AV14-1-CAASEDMGYKLTF-AJ9_BV1-CTCRGTGGYEQYF-BJ2-7,175.0,0,3,5,1,2,0,0,0,1,4,9,0,0
BL6-BALBc_HTxC,AV16D/DV11-CAMREVTGANTGKLTF-AJ52_BV1-CTCSVDRIQDTQYF-BJ2-5,205.0,1,0,0,15,3,2,3,1,0,4,5,1,0
BL6-BALBc_HTxC,AV16D/DV11-CAMREGSSGSWQLIF-AJ22_BV19-CASSITENTEVFF-BJ1-1,191.0,0,0,0,1,0,3,0,1,0,0,89,0,0
BL6-BALBc_HTxC,AV8-1-CAPYQGGRALIF-AJ15_BV1-CTCSAGGYAEQFF-BJ2-1,1.0,0,0,0,0,0,1,0,0,0,0,0,0,0
BL6-BALBc_HTxC,AV6D-6-CALSDFSNNRLTL-AJ7_BV13-3-CASRDRGEQYF-BJ2-7,79.0,0,0,1,42,0,57,0,0,0,1,0,0,0
BL6-BALBc_HTxC,AV6-6-CALGSNTDKVVF-AJ34*p03_BV14-CASRHRDEQYF-BJ2-7,171.0,0,0,1,1,1,5,50,1,0,1,0,1,0
BL6-BALBc_HTxC,AV16D/DV11-CAMREGDAYKVIF-AJ30_BV13-2-CASGDRNTEVFF-BJ1-1,320.0,1,1,0,0,205,1,2,2,0,1,6,1,0
BL6-BALBc_HTxC,AV12-2-CALSAMDSNYQLIW-AJ33_BV4-CASHSSGNTLYF-BJ1-3,252.0,0,0,0,0,0,0,1,1,0,0,13,0,0
BL6-BALBc_HTxC,AV16/DV11-CAMRESMATGGNNKLTF-AJ56_BV13-1-CASSDAGGWEQYF-BJ2-7,154.0,0,0,0,0,1,0,0,0,1,3,1,27,0
BL6-BALBc_HTxC,AV3D-3-CAVISSGSWQLIF-AJ22_BV13-1-CASSPGTGGEQYF-BJ2-7,141.0,0,0,0,66,1,0,0,0,0,0,0,0,0
BL6-BALBc_HTxC,AV16D/DV11-CAMREGNTGNYKYVF-AJ40_BV13-2-CASGDLYEQYF-BJ2-7,39.0,0,0,0,0,34,0,0,0,0,0,0,1,0
BL6-BALBc_HTxC,AV13-1-CAMESGFASALTF-AJ35_BV13-1-CASSPLRAGNTLYF-BJ1-3,23.0,0,0,0,4,0,0,0,1,0,0,0,1,0
BL6-BALBc_HTxC,AV19-CAAGDAGYQNFYF-AJ49_BV17-CASSRTGGSDYTF-BJ1-2,66.0,0,0,0,1,1,32,0,0,0,0,0,2,0
BL6-BALBc_HTxC,AV12-2-CALSDPPNYNVLYF-AJ21*p03_BV1-CTCSGDREEVFF-BJ1-1,20.0,0,0,0,0,0,0,0,0,1,1,4,7,0
BL6-BALBc_HTxC,AV16D/DV11-CAMREGQTGGYKVVF-AJ12_BV13-2-CASGENRANSDYTF-BJ1-2,44.0,0,0,1,0,0,1,7,0,3,1,2,1,0
BL6-BALBc_HTxC,AV16/DV11-CAMREGNNNNAPRF-AJ43*p03_BV13-1-CASRDTYEQYF-BJ2-7,107.0,1,0,1,0,9,157,1,0,1,2,1,0,0
BL6-BALBc_HTxC,AV14D-2-CAARTGGYKVVF-AJ12_BV5-CASSQVQGNERLFF-BJ1-4,234.0,0,46,2,0,0,0,1,0,0,2,0,0,0
BL6-BALBc_HTxC,AV10-CAAGRGDNVLYF-AJ21*p03_BV13-3-CASRDRGEVFF-BJ1-1,46.0,0,0,0,0,0,13,0,0,0,0,0,0,0
BL6-BALBc_HTxC,AV3-1-CAVRGSSGSWQLIF-AJ22_BV4-CASSQSTQYF-BJ2-5,326.0,0,2,2,0,2,2,0,1,0,7,233,2,0
BL6-BALBc_HTxC,AV6-6-CALGDPNYNVLYF-AJ21*p03_BV3-CASSLGLSAETLYF-BJ2-3,61.0,0,0,0,0,0,1,0,0,0,4,10,3,0
BL6-BALBc_HTxC,AV16D/DV11-CAMRELNYGGSGNKLIF-AJ32_BV1-CTCSAVKNTGQLYF-BJ2-2,443.0,0,0,0,12,0,2,0,1,0,2,0,0,0
BL6-BALBc_HTxC,AV14D-2-CAASGASSSFSKLVF-AJ50_BV26-CAATEQYF-BJ2-7,95.0,1,8,0,4,0,1,0,1,6,2,46,6,0
BL6-BALBc_HTxC,AV8D-2-CATSTSSGQKLVF-AJ16*p02_BV29-CASSSTGRANERLFF-BJ1-4,113.0,8,15,15,10,9,9,10,11,24,28,88,27,0
BL6-BALBc_HTxC,AV12-2-CALSEGSNYQLIW-AJ33_BV1-CTCSAVWGEDTQYF-BJ2-5,133.0,1,0,1,30,0,1,1,0,0,0,0,1,0
BL6-BALBc_HTxC,AV4D-3-CAAENMGYKLTF-AJ9_BV31-CAWSQDNNQAPLF-BJ1-5,422.0,19,0,0,0,2,1,0,1,0,3,3,0,0
BL6-BALBc_HTxC,AV6-6-CALGDTSGGSNYKLTF-AJ53_BV1-CTCSAVRANTGQLYF-BJ2-2,325.0,0,0,1,6,0,0,0,0,0,1,1,1,0
BL6-BALBc_HTxC,AV3D-3-CAVSRGGSGNKLIF-AJ32_BV13-1-CASSDSGENTLYF-BJ2-4,37.0,0,0,0,0,0,1,0,0,0,1,9,0,0
BL6-BALBc_HTxC,AV12-3-CALSDEGQQGTGSKLSF-AJ58_BV2-CASGQERVGERLFF-BJ1-4,1489.0,0,1,0,3,3,1,0,11,2,5,5,9,0
BL6-BALBc_HTxC,AV7-3-CAPGYQNFYF-AJ49_BV13-3-CASSDRTNTEVFF-BJ1-1,22.0,2,0,0,19,0,0,0,0,0,0,0,0,0
BL6-BALBc_HTxC,AV12-2-CALTGGNNKLTF-AJ56_BV1-CTCSAGTGVGAETLYF-BJ2-3,48.0,0,0,0,2,0,0,0,1,0,1,0,19,0
BL6-BALBc_HTxC,AV7-1-CAVINVGDNSKLIW-AJ38_BV1-CTCSATGTGDTEVFF-BJ1-1,134.0,0,0,0,3,0,0,0,1,0,3,1,19,0
BL6-BALBc_HTxC,AV19-CAAGYTGYQNFYF-AJ49_BV29-CASSLRGGQNTLYF-BJ2-4,24.0,0,0,0,0,0,2,32,0,0,0,1,0,0
BL6-BALBc_HTxC,AV3-3-CAVSMYQGGRALIF-AJ15_BV29-CASSPGTTNTEVFF-BJ1-1,231.0,1,0,2,71,0,1,1,1,1,2,5,1,0
BL6-BALBc_HTxC,AV16D/DV11-CAMREESNYQLIW-AJ33_BV1-CTCSADRVAETLYF-BJ2-3,244.0,0,0,0,3,3,0,0,0,0,0,0,0,0
BL6-BALBc_HTxC,AV4-3-CAADQGGRALIF-AJ15_BV13-2-CASGWAPLGDYEQYF-BJ2-7,24.0,0,0,0,0,0,0,1,0,0,0,2,10,0
BL6-BALBc_HTxC,AV16D/DV11-CAMREGYAQGLTF-AJ26_BV13-2-CASWDISGNTLYF-BJ1-3,264.0,2,0,4,49,1,11,0,0,0,3,2,2,0
BL6-BALBc_HTxC,AV5-1-CSAGGGSNAKLTF-AJ42_BV13-2-CASGDVGGQNTLYF-BJ2-4,39.0,0,0,0,3,0,0,0,0,0,3,31,0,0
BL6-BALBc_HTxC,AV4-3-CAAEAAYQNFYF-AJ49_BV4-CASSNRVEQYF-BJ2-7,82.0,14,0,1,0,0,0,1,2,0,0,0,0,1
BL6-BALBc_HTxC,AV6-6-CALGDKVSSFSKLVF-AJ50_BV13-1-CASSDWAFYEQYF-BJ2-7,44.0,4,2,10,8,7,4,5,11,2,5,3,2,0
BL6-BALBc_HTxC,AV2-CIVTASTGGYKVVF-AJ12_BV16-CASSGGGTEVFF-BJ1-1,696.0,4,3,0,0,4,3,0,1,0,4,13,1,0
BL6-BALBc_HTxC,AV3D-3-CAVSMYQGGRALIF-AJ15_BV29-CASSPGTTNTEVFF-BJ1-1,13.0,0,0,0,12,0,1,0,1,0,0,1,0,0
BL6-BALBc_HTxC,AV16D/DV11-CAMREANSAGNKLTF-AJ17*p02_BV13-1-CASSDVSTEVFF-BJ1-1,208.0,0,0,0,1,2,84,0,1,0,3,4,0,0
BL6-BALBc_HTxC,AV7-3-CAVSIAGSWQLIF-AJ22_BV13-1-CASSDAGYEQYF-BJ2-7,314.0,2,0,1,1,5,204,0,1,1,1,4,2,0
BL6-BALBc_HTxC,AV8-2-CATDIQGGRALIF-AJ15_BV3-CASSWGGADSDYTF-BJ1-2,48.0,9,0,0,0,1,0,0,0,0,0,0,0,0
BL6-BALBc_HTxC,AV6-7/DV9-CALGDINAYKVIF-AJ30_BV19-CASSAGGAYAEQFF-BJ2-1,137.0,0,0,0,0,3,1,0,0,0,0,25,0,0
BL6-BALBc_HTxC,AV16D/DV11-CAMREASSGSWQLIF-AJ22_BV13-2-CASGDPTGQEQYF-BJ2-7,122.0,2,0,1,182,1,0,0,4,0,1,0,5,0
BL6-BALBc_HTxC,AV6D-6-CALSDFSNNRLTL-AJ7_BV13-3-CASRDRGEQYF-BJ2-7,28.0,0,0,5,19,1,24,0,0,0,1,0,0,0
BL6-BALBc_HTxC,AV13-1-CAMEASSGSWQLIF-AJ22_BV19-CASSIVRGSGNTLYF-BJ1-3,11.0,0,0,0,0,0,0,0,0,2,1,0,0,0
BL6-BALBc_HTxC,AV6-6-CALGPMPNYNVLYF-AJ21*p03_BV31-CAWSLPGGDNYAEQFF-BJ2-1,176.0,6,0,8,5,6,0,5,5,2,1,19,11,0
BL6-BALBc_HTxC,AV4-3-CAAEDYQLIW-AJ33_BV13-3-CASRDRGEQYF-BJ2-7,225.0,1,0,0,1,0,21,0,0,0,2,0,1,0
BL6-BALBc_HTxC,AV14-1-CAASPGTGGYKVVF-AJ12_BV1-CTCSALRVSGNTLYF-BJ1-3,26.0,0,1,0,22,1,1,0,1,0,2,0,0,0
BL6-BALBc_HTxC,AV16/DV11-CAMREAFSGGSNAKLTF-AJ42_BV13-2-CASGDSYEQYF-BJ2-7,76.0,0,1,0,0,159,0,2,1,0,1,2,0,0
BL6-BALBc_HTxC,AV16D/DV11-CAMREGQTGGYKVVF-AJ12_BV13-2-CASGENRANSDYTF-BJ1-2,5.0,2,0,0,0,1,5,16,3,0,0,10,8,1
BL6-BALBc_HTxC,AV7-1-CAVSIGYAQGLTF-AJ26_BV20-CGARTGQDQAPLF-BJ1-5,57.0,0,27,2,0,0,1,0,0,0,2,1,0,0
BL6-BALBc_HTxC,AV10D-CVASDSGYNKLTF-AJ11*p02_BV13-2-CASGDPTGQEQYF-BJ2-7,92.0,0,0,0,89,1,0,0,0,0,1,1,2,0
BL6-BALBc_HTxC,AV16D/DV11-CAMREGVSAGNKLTF-AJ17*p02_BV13-1-CASSDVGAEQFF-BJ2-1,28.0,0,0,0,1,0,94,0,0,0,0,3,0,0
BL6-BALBc_HTxC,AV16/DV11-CAMRESMATGGNNKLTF-AJ56_BV13-1-CASSDAGGWEQYF-BJ2-7,1535.0,0,0,0,3,4,2,0,0,0,2,6,74,0
BL6-BALBc_HTxC,AV6-5-CALSDPGGYKVVF-AJ12_BV4-CASSLDWGGNYAEQFF-BJ2-1,95.0,0,0,0,0,6,14,0,0,0,0,3,0,0
BL6-BALBc_HTxC,AV6-3-CAMRDGNEKITF-AJ48_BV1-CTCSAVRVPGNTLYF-BJ1-3,8.0,0,1,0,19,0,0,0,0,0,0,0,0,0
BL6-BALBc_HTxC,AV19-CAAGAGYQNFYF-AJ49_BV13-1-CASSDLGGQNTLYF-BJ2-4,200.0,14,0,0,1,3,4,4,2,2,3,33,2,1
BL6-BALBc_HTxC,AV12-2-CALSDLRTGGADRLTF-AJ45_BV13-1-CASSDVGAEQFF-BJ2-1,48.0,0,0,0,0,1,0,1,1,0,2,28,0,0
BL6-BALBc_HTxC,AV9-3-CAVSENNNAGAKLTF-AJ39_BV1-CTCSAAWGDTQYF-BJ2-5,110.0,0,1,0,1,3,0,0,1,0,1,1,104,0
BL6-BALBc_HTxC,AV16D/DV11-CAMREASSGSWQLIF-AJ22_BV2-CASSPRWASAEQFF-BJ2-1,348.0,0,2,2,193,3,2,3,4,0,36,16,5,0
BL6-BALBc_HTxC,AV7D-4-CAANTGGADRLTF-AJ45_BV31-CAWSLSGTANTEVFF-BJ1-1,133.0,9,6,4,0,3,4,3,3,7,0,135,20,0
BL6-BALBc_HTxC,AV9-1-CAVSAGTNAYKVIF-AJ30_BV5-CASSQDWGDYAEQFF-BJ2-1,1401.0,1,0,2,4,4,1,0,29,0,4,4,4,0
BL6-BALBc_HTxC,AV16/DV11-CAMREDGGSGNKLIF-AJ32_BV13-2-CASGDINTEVFF-BJ1-1,77.0,0,0,0,0,168,0,0,0,0,1,1,0,0
BL6-BALBc_HTxC,AV9-1-CAATLYAQGLTF-AJ26_BV17-CASSPGQANTEVFF-BJ1-1,166.0,0,0,0,2,0,0,0,3,0,1,8,0,0
BL6-BALBc_HTxC,AV7D-3-CAVNQGGRALIF-AJ15_BV13-2-CASGDIYEQYF-BJ2-7,23.0,0,0,19,0,0,0,0,0,0,0,0,0,0
BL6-BALBc_HTxC,AV4D-3-CAAENMGYKLTF-AJ9_BV31-CAWSSDNNQAPLF-BJ1-5,1468.0,12,1,0,1,2,2,0,1,0,2,6,2,0
BL6-BALBc_HTxC,AV10-CAASVDYANKMIF-AJ47_BV3-CASSWTVQDTQYF-BJ2-5,343.0,0,0,0,1,0,3,0,1,1,49,2,0,1
BL6-BALBc_HTxC,AV9-1-CAVSMDAGAKLTF-AJ39_BV19-CASSINSYEQYF-BJ2-7,243.0,1,4,1,5,3,2,0,1,1,4,25,5,0
BL6-BALBc_HTxC,AV3-3-CAVINYAQGLTF-AJ26_BV29-CASSSRDKNYAEQFF-BJ2-1,39.0,0,0,0,10,0,0,0,0,0,1,0,3,0
BL6-BALBc_HTxC,AV16D/DV11-CAMREVTGANTGKLTF-AJ52_BV1-CTCSVDRIQDTQYF-BJ2-5,57.0,0,0,0,14,1,0,0,0,0,1,1,0,0
BL6-BALBc_HTxC,AV7D-2-CAAGGYSNNRLTL-AJ7_BV13-1-CASSDGDERLFF-BJ1-4,226.0,0,1,0,2,2,2,0,2,0,1,128,0,0
BL6-BALBc_HTxC,AV16D/DV11-CAMRADNNNRIFF-AJ31_BV13-2-CASGDAPGNSDYTF-BJ1-2,207.0,1,0,0,1,0,18,1,19,1,2,2,0,0
BL6-BALBc_HTxC,AV9-3-CAVSENNNAGAKLTF-AJ39_BV1-CTCSAAWGDTQYF-BJ2-5,1025.0,7,1,0,1,91,5,2,15,2,4,7,75,0
BL6-BALBc_HTxC,AV3-1-CAVRASSGSWQLIF-AJ22_BV4-CASSSIEQFF-BJ2-1,1090.0,0,3,1,2,9,5,1,2,0,5,547,4,0
BL6-BALBc_HTxC,AV16D/DV11-CAMREGVSAGNKLTF-AJ17*p02_BV13-1-CASSDVGAEQFF-BJ2-1,54.0,0,0,0,1,0,131,0,0,1,2,5,0,0
BL6-BALBc_HTxC,AV7-1-CAVSIGYAQGLTF-AJ26_BV20-CGARTGQDQAPLF-BJ1-5,589.0,0,34,0,0,1,1,4,1,0,1,2,0,0
BL6-BALBc_HTxC,AV4-3-CAAEAGTGGYKVVF-AJ12_BV13-1-CASSQDNNQAPLF-BJ1-5,99.0,26,0,0,0,0,12,0,2,0,7,0,1,0
BL6-BALBc_HTxC,AV16/DV11-CAMREDGGSGNKLIF-AJ32_BV13-2-CASGDINTEVFF-BJ1-1,74.0,0,0,0,0,48,1,0,3,0,1,4,0,0
BL6-BALBc_HTxC,AV4D-3-CAAEDGGYKVVF-AJ12_BV13-1-CASSDAGYEQYF-BJ2-7,68.0,0,0,0,0,0,13,1,0,0,0,0,0,0
BL6-BALBc_HTxC,AV6-4-CALVAPRF-AJ13_BV29-CASIGGSSAETLYF-BJ2-3,249.0,8,6,0,11,2,2,8,0,16,3,58,30,1
BL6-BALBc_HTxC,AV10D-CATNSGTYQRF-AJ13_BV13-2-CASGDAQGDTLYF-BJ2-4,182.0,0,0,0,2,3,1,0,23,0,0,3,6,0
BL6-BALBc_HTxC,AV6D-7-CALSAPESDKVVF-AJ34*p03_BV13-1-CASRGGFYAEQFF-BJ2-1,259.0,0,0,2,0,1,1,0,1,0,1,20,0,0
BL6-BALBc_HTxC,AV12-2-CALSEGSNYQLIW-AJ33_BV1-CTCSAVWGEDTQYF-BJ2-5,129.0,0,1,0,28,0,1,0,3,1,0,0,1,0
BL6-BALBc_HTxC,AV7D-3-CAVSPETGSWQLIF-AJ22_BV13-2-CASGRQITEVFF-BJ1-1,142.0,0,0,0,1,1,0,0,0,0,30,31,0,0
BL6-BALBc_HTxC,AV16/DV11-CAMREGLDSNYQLIW-AJ33_BV14-CASSFLAGQLYF-BJ2-2,151.0,0,0,0,14,0,61,0,1,0,0,1,0,0
BL6-BALBc_HTxC,AV9D-2-CAGNYAQGLTF-AJ26_BV13-2-CASGDRNTEVFF-BJ1-1,1000.0,7,3,8,11,621,3,5,2,14,9,59,18,0
BL6-BALBc_HTxC,AV6-6-CALGDSNYQLIW-AJ33_BV13-3-CASRDRVSYEQYF-BJ2-7,106.0,1,1,0,1,12,14,0,0,0,0,2,53,0
BL6-BALBc_HTxC,AV16/DV11-CAMREGSSGSWQLIF-AJ22_BV16-CASSPGQPNTEVFF-BJ1-1,830.0,2,3,1,3,2,3,1,3,0,2,0,4,0
BL6-BALBc_HTxC,AV16/DV11-CAMREGRGGSAKLIF-AJ57_BV3-CASSPGVSYEQYF-BJ2-7,22.0,0,0,1,1,0,1,0,0,0,56,0,0,0
BL6-BALBc_HTxC,AV16D/DV11-CAMREADTNAYKVIF-AJ30_BV29-CASSLRVANTEVFF-BJ1-1,38.0,0,0,0,0,0,0,0,0,0,1,1,0,0
BL6-BALBc_HTxC,AV14-3-CAASPNAYKVIF-AJ30_BV16-CASSFSGTGEYEQYF-BJ2-7,2321.0,0,1,0,4,1,0,2,2,1,2,27,3,0
BL6-BALBc_HTxC,AV14-2-CAASSYTGNYKYVF-AJ40_BV13-1-CASSEHNSDYTF-BJ1-2,112.0,0,0,0,3,0,1,0,1,0,95,1,1,0
BL6-BALBc_HTxC,AV7-1-CAPVTGNTRKLIF-AJ37*p02_BV5-CASSQDLTNSDYTF-BJ1-2,612.0,0,1,1,1,14,2,2,0,0,2,172,4,1
BL6-BALBc_HTxC,AV6-4-CALVPDYANKMIF-AJ47_BV13-3-CASSDRGQVFF-BJ1-1,379.0,1,0,0,1,5,68,1,2,1,1,3,3,0
BL6-BALBc_HTxC,AV3-3-CAVSSYAQGLTF-AJ26_BV4-CASSPGPPLSNERLFF-BJ1-4,177.0,0,1,0,3,1,1,1,1,0,0,8,23,0
BL6-BALBc_HTxC,AV7D-2-CAASMDYANKMIF-AJ47_BV13-3-CASSDRSEQYF-BJ2-7,1651.0,0,0,1,15,1,0,0,0,2,4,3,1,0
BL6-BALBc_HTxC,AV6-1-CVLGDGTGGYKVVF-AJ12_BV1-CTCSADQSRENSPLYF-BJ1-6,430.0,0,0,0,1,0,2,0,3,1,0,15,0,0
BL6-BALBc_HTxC,AV16D/DV11-CAMREASSGSWQLIF-AJ22_BV13-2-CASGDPTGQEQYF-BJ2-7,141.0,0,0,1,156,1,2,0,0,0,2,3,0,0
BL6-BALBc_HTxC,AV6D-6-CALSDFSNNRLTL-AJ7_BV13-3-CASRDRGEQYF-BJ2-7,17.0,0,1,0,10,1,16,0,0,0,0,0,0,0
BL6-BALBc_HTxC,AV6D-6-CALSDFSNNRLTL-AJ7_BV13-3-CASRDRGEQYF-BJ2-7,23.0,0,0,0,6,0,17,1,0,0,0,0,0,0
BL6-BALBc_HTxC,AV12D-1-CALSDTNAYKVIF-AJ30_BV29-CASSSGTGKDTQYF-BJ2-5,32.0,0,0,0,0,0,2,1,0,1,0,5,2,0
BL6-BALBc_HTxC,AV10-CAASTDYAQGLTF-AJ26_BV3-CASSPGVSYEQYF-BJ2-7,132.0,1,0,1,4,3,2,2,3,1,302,1,2,0
BL6-BALBc_HTxC,AV12-2-CALTGGNNKLTF-AJ56_BV1-CTCSAGTGVGAETLYF-BJ2-3,55.0,0,0,0,1,0,0,0,0,0,1,0,21,0
BL6-BALBc_HTxC,AV10D-CAASLDTGYQNFYF-AJ49_BV4-CASSFQDTQYF-BJ2-5,200.0,0,2,0,0,1,2,2,3,1,3,12,1,0
BL6-BALBc_HTxC,AV13-1-CAMESGFASALTF-AJ35_BV13-1-CASSPLRAGNTLYF-BJ1-3,81.0,3,0,1,53,0,3,1,1,0,0,0,4,0
BL6-BALBc_HTxC,AV6-1-CVLGDVNTGGADRLTF-AJ45_BV29-CASSPGQGDTQYF-BJ2-5,87.0,4,1,0,4,8,0,1,2,3,4,1,2,0
BL6-BALBc_HTxC,AV16/DV11-CAMREDTGYQNFYF-AJ49_BV13-1-CASGGVYEQYF-BJ2-7,93.0,0,1,1,7,0,1,0,0,0,72,2,0,0
BL6-BALBc_HTxC,AV7D-2-CAATGNTRKLIF-AJ37*p02_BV13-2-CASGTGDYAEQFF-BJ2-1,51.0,0,0,0,2,10,0,0,0,0,0,0,0,0
BL6-BALBc_HTxC,AV19-CAAGDGGSNYKLTF-AJ53_BV5-CASSPWDGSYNSPLYF-BJ1-6,331.0,0,0,2,12,2,1,1,0,0,3,4,2,2
BL6-BALBc_HTxC,AV13-1-CAMESGGSNYKLTF-AJ53_BV1-CTCSALNYAEQFF-BJ2-1,67.0,0,0,1,22,0,2,0,0,1,0,0,0,0
BL6-BALBc_HTxC,AV7-1-CAVSMDMGYKLTF-AJ9_BV14-CASSLGGYEQYF-BJ2-7,3.0,0,0,0,8,0,0,0,0,0,0,0,0,0
BL6-BALBc_HTxC,AV16D/DV11-CAMREGQTGGYKEVF-AJ12_BV13-2-CASGENRANSDYTF-BJ1-2,36.0,4,0,0,0,1,4,55,0,0,0,2,1,0
BL6-BALBc_HTxC,AV7-5-CAMRGGTGFASALTF-AJ35_BV5-CASSPDWGDYEQYF-BJ2-7,31.0,5,0,0,0,0,2,0,0,2,1,126,4,0
BL6-BALBc_HTxC,AV9-1-CAVSADPGTGSKLSF-AJ58_BV2-CASSQPGMEQYF-BJ2-7,122.0,0,0,0,72,1,0,1,0,0,0,0,0,0
BL6-BALBc_HTxC,AV16D/DV11-CAMRESNSGGSNAKLTF-AJ42_BV13-1-CASSGQGTETLYF-BJ2-3,254.0,0,0,0,0,8,0,0,0,0,0,2,0,0
BL6-BALBc_HTxC,AV3-4-CAVSVSNTDKVVF-AJ34*p03_BV14-CASSFRVEQYF-BJ2-7,63.0,1,0,0,0,0,11,0,0,0,0,4,0,0
BL6-BALBc_HTxC,AV16D/DV11-CAMREGITGTYQWF-AJ13_BV13-2-CASGVDNSGNTLYF-BJ1-3,172.0,0,0,0,2,2,1,0,64,1,5,0,0,0
BL6-BALBc_HTxC,AV19-CAAGDAGYQNFYF-AJ49_BV17-CASSRTGGSDYTF-BJ1-2,34.0,0,0,1,0,0,8,0,0,0,0,1,0,0
BL6-BALBc_HTxC,AV16/DV11-CAMREDGGSGNKLIF-AJ32_BV13-2-CASGDINTEVFF-BJ1-1,15.0,0,0,0,0,43,0,0,1,0,1,3,0,0
BL6-BALBc_HTxC,AV8D-2-CATDARTNAYKVIF-AJ30_BV29-CASNRDNTEVFF-BJ1-1,102.0,2,1,0,5,8,2,3,13,0,6,1,29,0
BL6-BALBc_HTxC,AV4-2-CAAEVSYGNEKITF-AJ48_BV2-CASSPYVTDSSYEQYF-BJ2-7,35.0,0,54,0,1,0,0,0,3,0,0,0,0,0
BL6-BALBc_HTxC,AV3D-3-CAVSSSSGSWQLIF-AJ22_BV13-1-CASSGDRGFAEQFF-BJ2-1,44.0,0,0,0,17,2,0,0,0,0,2,0,0,0
BL6-BALBc_HTxC,AV12-2-CALSDLTDKVVF-AJ34*p03_BV13-2-CASGDGGADYAEQFF-BJ2-1,150.0,0,1,2,0,1,3,0,2,0,2,13,5,2
BL6-BALBc_HTxC,AV13-1-CAMESGFASALTF-AJ35_BV13-1-CASSPLRAGNTLYF-BJ1-3,17.0,0,0,0,5,0,0,0,0,0,0,1,0,0
BL6-BALBc_HTxC,AV8-2-CATDIQGGRALIF-AJ15_BV3-CASSWGGADSDYTF-BJ1-2,33.0,7,0,0,0,0,0,0,0,0,0,0,0,0
BL6-BALBc_HTxC,AV8-1-CAPYQGGRALIF-AJ15_BV1-CTCSAGGYAEQFF-BJ2-1,34.0,0,23,0,0,0,1,0,0,0,0,0,0,0
BL6-BALBc_HTxC,AV3-1-CAVSAGGRALIF-AJ15_BV13-2-CASGDAAGYEQYF-BJ2-7,555.0,0,0,0,2,1,0,1,4,0,7,0,3,0
BL6-BALBc_HTxC,AV16D/DV11-CAMREGVSAGNKLTV-AJ17*p02_BV4-CASSFQDTQYF-BJ2-5,73.0,3,0,0,3,1,2,0,1,0,0,191,2,0
BL6-BALBc_HTxC,AV3-4-CAAYSGGSNYKLTF-AJ53_BV13-3-CASRDRGSGNTLYF-BJ1-3,125.0,1,9,0,2,2,0,1,0,0,6,1,1,0
BL6-BALBc_HTxC,AV6D-6-CALRWDTNAYKVIF-AJ30_BV19-CASRGGVTYEQYF-BJ2-7,442.0,0,0,0,29,0,0,0,0,0,1,2,0,0
BL6-BALBc_HTxC,AV7D-3-CAVSPETGSWQLIF-AJ22_BV13-2-CASGRQITEVFF-BJ1-1,727.0,0,0,0,2,2,0,0,2,0,32,27,0,0
BL6-BALBc_HTxC,AV5D-4-CAAGGDTGFASALTF-AJ35_BV16-CASSPGQPNTEVFF-BJ1-1,26.0,1,0,0,0,1,0,1,0,1,0,23,3,0
BL6-BALBc_HTxC,AV7-3-CAVSMGYAQGLTF-AJ26_BV13-1-CASSEAGNYAEQFF-BJ2-1,686.0,0,25,1,0,2,5,73,1,0,4,1,0,0
BL6-BALBc_HTxC,AV16D/DV11-CAMREGDAYKVIF-AJ30_BV13-2-CASGDRNTEVFF-BJ1-1,40.0,0,0,0,0,5,0,0,0,0,0,0,0,0
BL6-BALBc_HTxC,AV13D-2-CAIDANTGKLTF-AJ27_BV31-CAWSLWGNYAEQFF-BJ2-1,680.0,0,0,4,3,3,57,0,1,0,2,2,0,0
BL6-BALBc_HTxC,AV3-1-CAVSEDSGTYQRF-AJ13_BV12-2-CASSGDWGFQDTQYF-BJ2-5,11.0,4,0,0,0,0,0,0,2,0,0,0,1,0
BL6-BALBc_HTxC,AV3-1-CAVSAGTNAYKVIF-AJ30_BV13-2-CASGPGGENTLYF-BJ2-4,48.0,0,0,0,0,0,1,8,0,0,0,0,1,0
BL6-BALBc_HTxC,AV7D-3-CADDSGYNKLTF-AJ11*p02_BV13-2-CASAGANSDYTF-BJ1-2,194.0,0,0,1,14,1,3,5,4,0,4,2,1,0
BL6-BALBc_HTxC,AV3-3-CAVSMYQGGRALIF-AJ15_BV29-CASSPGTTNTEVFF-BJ1-1,140.0,0,0,0,31,0,0,0,1,0,0,0,1,0
BL6-BALBc_HTxC,AV16D/DV11-CAMREGVSAGNKLTF-AJ17*p02_BV13-1-CASSDVGAEQFF-BJ2-1,114.0,0,1,0,1,0,58,0,2,1,0,2,0,0
BL6-BALBc_HTxC,AV8-2-CATDIQGGRALIF-AJ15_BV3-CASSWGGADSDYTF-BJ1-2,52.0,1,2,0,41,0,14,1,1,0,1,0,0,0
BL6-BALBc_HTxC,AV13D-1-CAMNQGGSAKLIF-AJ57_BV1-CTCSALNYAEQFF-BJ2-1,239.0,2,0,0,57,6,1,0,4,0,0,0,0,0
BL6-BALBc_HTxC,AV9-3-CAVTQGGRALIF-AJ15_BV1-CTCSAELGGLYEQYF-BJ2-7,184.0,3,0,0,1,3,2,0,2,3,5,16,0,0
BL6-BALBc_HTxC,AV7D-3-CAVIGSGSWQLIF-AJ22_BV13-2-CASGEPQGANSPLYF-BJ1-6,76.0,1,0,0,0,1,46,0,0,0,0,1,0,0
BL6-BALBc_HTxC,AV12-2-CALSEGSNYQLIW-AJ33_BV1-CTCSAVWGEDTQYF-BJ2-5,81.0,3,0,0,5,0,0,0,1,0,0,0,5,0
BL6-BALBc_HTxC,AV16D/DV11-CAMREEIAGNTRKLIF-AJ37*p02_BV13-1-CASSTGAYTGQLYF-BJ2-2,31.0,0,0,0,1,15,0,3,0,0,0,0,0,0
BL6-BALBc_HTxC,AV16/DV11-CAMREAFSGGSNAKLTF-AJ42_BV13-2-CASGDSYEQYF-BJ2-7,24.0,0,0,0,0,70,1,0,0,0,0,1,0,0
BL6-BALBc_HTxC,AV6-6-CALGSYGNEKITF-AJ48_BV13-1-CASSDAASNERLFF-BJ1-4,167.0,0,0,1,0,1,1,1,20,0,0,1,0,0
BL6-BALBc_HTxC,AV8-2-CATGGGSAKLIF-AJ57_BV13-1-CASSGGNYAEQFF-BJ2-1,39.0,0,0,0,0,0,3,1,2,2,1,8,0,0
BL6-BALBc_HTxC,AV10-CAADYANKMIF-AJ47_BV13-3-CASSESGGASAETLYF-BJ2-3,36.0,0,0,1,6,0,0,0,0,0,2,24,0,0
BL6-BALBc_HTxC,AV6D-4-CALVDRGSALGRLHF-AJ18_BV13-2-CASGEPQGANSPLYF-BJ1-6,174.0,0,0,0,3,2,0,0,0,1,362,5,1,0
BL6-BALBc_HTxC,AV5-1-CSAGGGSNAKLTF-AJ42_BV13-1-CASSDVGGEYEQYF-BJ2-7,67.0,0,2,0,0,2,3,0,1,0,2,271,1,0
BL6-BALBc_HTxC,AV7-3-CASPNTGYQNFYF-AJ49_BV13-1-CASSDAGYEQYF-BJ2-7,45.0,0,1,0,0,38,0,0,0,0,1,0,0,0
BL6-BALBc_HTxC,AV16D/DV11-CAMREASSGSWQLIF-AJ22_BV13-2-CASGDPTGQEQYF-BJ2-7,139.0,0,1,1,124,1,0,1,2,1,3,2,1,0
BL6-BALBc_HTxC,AV16/DV11-CAMREAGYQNFYF-AJ49_BV4-CEGDRNNSPLYF-BJ1-6,27.0,0,0,0,15,0,0,0,0,0,0,1,0,0
BL6-BALBc_HTxC,AV16/DV11-CAMREAFSGGSNAKLTF-AJ42_BV13-2-CASGDSYEQYF-BJ2-7,119.0,1,0,0,0,19,0,0,0,1,2,1,0,0
BL6-BALBc_HTxC,AV6D-6-CALSEGMGYKLTF-AJ9_BV29-CASSTTVNYAEQFF-BJ2-1,763.0,2,0,2,3,4,13,1,0,0,2,3,1,0
BL6-BALBc_HTxC,AV8-2-CATDIQGGRALIF-AJ15_BV13-2-CASGEVRGNSDYTF-BJ1-2,223.0,14,1,0,2,1,15,0,1,1,0,1,0,0
BL6-BALBc_HTxC,AV3-4-CAVSEGDNRIFF-AJ31_BV1-CTCSADPLGGYEQYF-BJ2-7,90.0,0,0,0,0,1,0,1,5,0,0,2,57,0
BL6-BALBc_HTxC,AV13D-1-CAMEQDRIFF-AJ31_BV12-2-CASSLGQTGQLYF-BJ2-2,133.0,8,0,0,0,4,0,1,5,0,3,3,0,0
BL6-BALBc_HTxC,AV16/DV11-CAMREGSSGSWQLIF-AJ22_BV29-CASRQGNSPLYF-BJ1-6,183.0,0,0,0,1,1,0,1,0,0,95,4,0,0
BL6-BALBc_HTxC,AV16/DV11-CAMREGSSGSWQLIF-AJ22_BV16-CASSPGQPNTEVFF-BJ1-1,69.0,0,0,0,5,0,0,1,2,0,0,0,3,0
BL6-BALBc_HTxC,AV6-1-CVLGENKLTF-AJ11*p02_BV14-CASSFWTGDEQYF-BJ2-7,173.0,0,0,2,3,1,0,1,1,0,1,148,2,0
BL6-BALBc_HTxC,AV14-2-CVRTGSKLSF-AJ58_BV19-CASSTKGGSSDYTF-BJ1-2,18.0,0,0,0,0,0,0,0,0,0,0,7,1,0
BL6-BALBc_HTxC,AV6-7/DV9-CALGDINAYKVIF-AJ30_BV19-CASSAGGAYAEQFF-BJ2-1,1644.0,0,0,1,0,1,0,2,0,0,2,25,0,0
BL6-BALBc_HTxC,AV7D-2-CAASMDYANKMIF-AJ47_BV13-3-CASSDRSEQYF-BJ2-7,92.0,0,0,0,12,1,3,1,1,0,0,1,1,0
BL6-BALBc_HTxC,AV6-4-CALVPDYANKMIF-AJ47_BV13-3-CASSDRGQVFF-BJ1-1,110.0,0,0,0,2,1,26,0,0,0,0,0,0,0
BL6-BALBc_HTxC,AV7D-3-CAVIGSGSWQLIF-AJ22_BV13-2-CASGEPQGANSPLYF-BJ1-6,149.0,2,0,1,0,1,20,0,0,0,1,0,2,0
BL6-BALBc_HTxC,AV7-3-CAVSIAGSWQLIF-AJ22_BV13-1-CASSDAGYEQYF-BJ2-7,252.0,2,6,2,2,2,82,0,4,1,1,2,5,1
BL6-BALBc_HTxC,AV3D-3-CAVISSGSWQLIF-AJ22_BV13-1-CASSPGTGGEQYF-BJ2-7,180.0,0,1,0,97,2,0,1,0,1,0,0,1,0
BL6-BALBc_HTxC,AV7-3-CADDSGYNKLTF-AJ11*p02_BV13-2-CASGDVGGQNTLYF-BJ2-4,840.0,0,0,0,4,2,9,3,1,0,2,2,1,0
BL6-BALBc_HTxC,AV13D-4-CAMERDTNAYKVIF-AJ30_BV29-CASSLGTEYEQYF-BJ2-7,137.0,5,0,0,0,0,0,0,0,0,1,1,0,0
BL6-BALBc_HTxC,AV16/DV11-CAMREAFSGGSNAKLTF-AJ42_BV13-2-CASGDSYEQYF-BJ2-7,155.0,0,1,1,6,228,2,1,1,0,2,3,2,0
BL6-BALBc_HTxC,AV8-2-CATDDNNAPRF-AJ43*p03_BV3-CASSLARDYEQYF-BJ2-7,33.0,0,0,0,2,2,3,0,0,0,16,0,3,0
BL6-BALBc_HTxC,AV6D-4-CALVEGGRALIF-AJ15_BV2-CASSQYRVANSDYTF-BJ1-2,2183.0,6,1,2,3,4,5,4,2,0,5,4,3,0
BL6-BALBc_HTxC,AV8-1-CATDASSGSWQLIF-AJ22_BV4-CASIQANTEVFF-BJ1-1,182.0,0,0,0,0,0,0,0,0,0,3,67,0,0
BL6-BALBc_HTxC,AV9D-3-CAVSEDTNAYKVIF-AJ30_BV29-CASTGGSSGNTLYF-BJ1-3,182.0,7,3,3,12,3,3,1,0,2,9,79,13,1
BL6-BALBc_HTxC,AV6-6-CALGSNTDKVVF-AJ34*p03_BV14-CASRHRDEQYF-BJ2-7,22.0,0,0,0,0,0,3,26,0,0,0,0,0,0
BL6-BALBc_HTxC,AV16D/DV11-CAMRESNNYAQGLTF-AJ26_BV5-CASSTRTGGENYAEQFF-BJ2-1,138.0,1,0,0,1,3,0,1,1,1,3,9,1,0
BL6-BALBc_HTxC,AV16D/DV11-CAMREGQTGGYKVVF-AJ12_BV13-2-CASGENRANSDYTF-BJ1-2,48.0,1,0,0,2,2,3,20,1,0,0,4,1,1
BL6-BALBc_HTxC,AV4D-3-CAAEGPASGSWQLIF-AJ22_BV12-2-CASSLEQGEDTQYF-BJ2-5,28.0,7,0,1,0,0,0,0,0,0,1,0,0,0
BL6-BALBc_HTxC,AV16D/DV11-CAMRELTGNTRKLIF-AJ37*p02_BV13-2-CASGDINTEVFF-BJ1-1,330.0,0,1,0,2,197,3,4,4,0,2,2,2,0
BL6-BALBc_HTxC,AV6-6-CALGENYAQGLTF-AJ26_BV13-3-CASSDLGFNQDTQYF-BJ2-5,242.0,0,0,0,0,0,0,0,0,0,1,3,2,0
BL6-BALBc_HTxC,AV7-3-CAVSMGYAQGLTF-AJ26_BV13-1-CASSEAGNYAEQFF-BJ2-1,16.0,0,10,0,0,0,0,0,0,0,0,0,0,1
BL6-BALBc_HTxC,AV16D/DV11-CAIIGDSNYQLIW-AJ33_BV1-CTCSADLQIYNSPLYF-BJ1-6,212.0,0,1,5,13,0,0,0,1,0,1,2,0,0
BL6-BALBc_HTxC,AV16D/DV11-CAMREGYAQGLTF-AJ26_BV13-2-CASWDISGNTLYF-BJ1-3,24.0,0,0,0,66,1,13,0,0,0,0,0,1,0
BL6-BALBc_HTxC,AV16D/DV11-CAMREASSGSWQLIF-AJ22_BV13-2-CASGDPTGQEQYF-BJ2-7,441.0,0,1,0,73,2,1,0,1,1,1,2,0,0
BL6-BALBc_HTxC,AV9-1-CAVSAYSNYQLIW-AJ33_BV1-CTCSADRVEQYF-BJ2-7,151.0,11,5,5,4,4,1,5,0,13,3,51,12,0
BL6-BALBc_HTxC,AV3-3-CAVSYYNVLYF-AJ21*p03_BV5-CASSQDWGSSYEQYF-BJ2-7,62.0,0,0,0,0,0,0,0,0,0,1,4,9,0
BL6-BALBc_HTxC,AV16D/DV11-CAMREGDNNNRIFF-AJ31_BV13-2-CASVDWGGADTQYF-BJ2-5,80.0,0,0,0,0,1,0,0,0,1,0,0,17,0
BL6-BALBc_HTxC,AV16D/DV11-CAMREDSNYQLIW-AJ33_BV17-CASSRTGGSDYTF-BJ1-2,29.0,0,0,0,1,1,2,0,30,1,0,1,0,0
BL6-BALBc_HTxC,AV12-2-CALSDLRTGGADRLTF-AJ45_BV13-1-CASSDVGAEQFF-BJ2-1,1497.0,0,1,1,6,4,3,2,3,1,5,442,3,0
BL6-BALBc_HTxC,AV13-1-CAMESGGSNYKLTF-AJ53_BV1-CTCSALNYAEQFF-BJ2-1,40.0,0,0,0,4,0,0,0,0,0,0,0,0,0
BL6-BALBc_HTxC,AV16D/DV11-CAMREGDSNYQLIW-AJ33_BV13-1-CASREINTEVFF-BJ1-1,99.0,0,0,2,0,82,62,0,48,0,1,3,0,0
BL6-BALBc_HTxC,AV8D-1-CATEPDTGYQNFYF-AJ49_BV3-CASSLAWGLNYAEQFF-BJ2-1,121.0,0,0,0,1,1,0,0,0,1,3,127,2,0
BL6-BALBc_HTxC,AV7-2-CAVLTGNTRKLIF-AJ37*p02_BV19-CASSIVGIYAEQFF-BJ2-1,53.0,0,0,2,3,0,1,0,1,0,102,0,0,0
BL6-BALBc_HTxC,AV13-2-CAIDGNTRKLIF-AJ37*p02_BV20-CGAFGTEVFF-BJ1-1,71.0,5,0,0,1,0,1,4,1,0,7,22,7,2
BL6-BALBc_HTxC,AV16/DV11-CAMREGNTGYQNFYF-AJ49_BV13-2-CASGQGAGNTLYF-BJ1-3,203.0,1,0,1,2,3,14,1,20,0,1,1,3,0
BL6-BALBc_HTxC,AV16D/DV11-CAMREASSGSWQLIF-AJ22_BV13-2-CASGDPTGQEQYF-BJ2-7,110.0,0,0,0,66,1,1,0,4,0,1,1,2,0
BL6-BALBc_HTxC,AV9D-4-CALSHNYAQGLTF-AJ26_BV31-CAWAGLGNQDTQYF-BJ2-5,72.0,0,2,0,0,0,0,10,1,0,0,0,1,0
BL6-BALBc_HTxC,AV10D-CAASDSGYNKLTF-AJ11*p02_BV13-1-CASSGGVQNTLYF-BJ2-4,168.0,0,0,0,8,0,3,4,0,0,0,2,1,0
BL6-BALBc_HTxC,AV6D-7-CALSAPESDKVVF-AJ34*p03_BV13-1-CASRGGFYAEQFF-BJ2-1,166.0,0,0,0,1,0,0,0,0,0,0,27,0,0
BL6-BALBc_HTxC,AV2-CIVTDTNAYKVIF-AJ30_BV20-CGALTGNEQYF-BJ2-7,93.0,0,0,0,10,1,0,0,1,0,0,0,0,0
BL6-BALBc_HTxC,AV6D-5-CALGDQGGSAKLIF-AJ57_BV13-2-CASGDWGWEQYF-BJ2-7,64.0,1,0,1,1,0,2,0,62,0,1,0,117,0
BL6-BALBc_HTxC,AV19-CAANNAGAKLTF-AJ39_BV16-CASSLGWGRDAETLYF-BJ2-3,288.0,0,1,2,1,0,1,5,2,0,4,4,0,0
BL6-BALBc_HTxC,AV9D-1-CAASSNTGYQNFYF-AJ49_BV1-CTCSAVWGEDTQYF-BJ2-5,40.0,0,0,0,106,1,0,0,0,0,1,1,0,0
BL6-BALBc_HTxC,AV4D-3-CAAEGPASGSWQLIF-AJ22_BV12-2-CASSLEQGEDTQYF-BJ2-5,521.0,64,0,0,0,1,1,1,2,0,0,1,0,2
BL6-BALBc_HTxC,AV8-1-CATEPDTGYQNFYF-AJ49_BV3-CASSLAWGLNYAEQFF-BJ2-1,66.0,0,0,0,0,1,0,0,0,0,0,31,0,0
BL6-BALBc_HTxC,AV16D/DV11-CAMREDTGYQNFYF-AJ49_BV13-2-CASGNWGGSAEQFF-BJ2-1,70.0,0,0,0,0,2,0,0,2,0,78,1,0,0
BL6-BALBc_HTxC,AV9-1-CAVSAVYAQGLTF-AJ26_BV2-CASSQDAGANSDYTF-BJ1-2,35.0,2,0,3,0,1,0,1,0,3,0,33,2,0
BL6-BALBc_HTxC,AV7D-3-CAVIGSGSWQLIF-AJ22_BV13-2-CASGEPQGANSPLYF-BJ1-6,319.0,0,0,0,1,0,10,1,3,0,1,2,1,0
BL6-BALBc_HTxC,AV14D-2-CAASPNYNVLYF-AJ21*p03_BV13-2-CASGDPQGVNSPLYF-BJ1-6,38.0,1,5,0,0,0,0,1,2,0,1,7,0,0
BL6-BALBc_HTxC,AV8-1-CAPYQGGRALIF-AJ15_BV1-CTCSAGGYAEQFF-BJ2-1,211.0,3,7,0,1,0,1,0,1,0,7,5,2,0
BL6-BALBc_HTxC,AV12-2-CALSDLGFASALTF-AJ35_BV13-1-CASSGPNTEVFF-BJ1-1,246.0,0,0,1,83,3,1,2,0,0,1,3,0,0
BL6-BALBc_HTxC,AV3-1-CAVSEDSGTYQRF-AJ13_BV12-2-CASSGDWGFQDTQYF-BJ2-5,30.0,2,0,0,0,0,0,0,0,0,0,0,1,0
BL6-BALBc_HTxC,AV3-3-CAVIIFSNTDKVVF-AJ34*p03_BV17-CASSRDRVPETLYF-BJ2-3,117.0,0,1,0,0,2,2,1,2,1,2,4,126,0
BL6-BALBc_HTxC,AV7D-2-CAATSGGNYKPTF-AJ6_BV13-3-CASTGTSNTEVFF-BJ1-1,102.0,0,1,0,5,0,2,0,0,0,0,18,0,0
BL6-BALBc_HTxC,AV16/DV11-CAMREKNNNNAPRF-AJ43*p03_BV1-CTCSADRVNNQAPLF-BJ1-5,89.0,0,0,0,5,0,0,0,0,0,0,0,0,0
BL6-BALBc_HTxC,AV16/DV11-CAMREAFSGGSNAKLTF-AJ42_BV13-2-CASGDSYEQYF-BJ2-7,9.0,0,0,0,0,6,0,0,0,0,0,0,0,0
BL6-BALBc_HTxC,AV8-2-CATDNTGYQNFYF-AJ49_BV4-CASSYWGYEQYF-BJ2-7,84.0,5,0,0,1,1,0,3,0,1,0,23,3,0
BL6-BALBc_HTxC,AV4D-3-CAAENMGYKLTF-AJ9_BV31-CAWSSDNNQAPLF-BJ1-5,106.0,7,0,0,0,2,0,0,0,0,1,3,0,0
BL6-BALBc_HTxC,AV8D-2-CATDPSGSWQLIF-AJ22_BV16-CASSLPPPDSAETLYF-BJ2-3,3000.0,0,0,6,5,2,2,3,3,0,5,8,4,0
BL6-BALBc_HTxC,AV16D/DV11-CARRVGNNNAGAKLPF-AJ39_BV13-2-CASGDANSPLYF-BJ1-6,27.0,0,0,0,0,0,30,3,0,0,1,1,0,0
BL6-BALBc_HTxC,AV16D/DV11-CAMREDTNTGKLTF-AJ27_BV13-1-CASSDGANSDYTF-BJ1-2,185.0,0,0,1,1,1,0,1,0,0,0,3,33,0
BL6-BALBc_HTxC,AV9-2-CAAGDTNAYKVIF-AJ30_BV31-CAWSLVSYEQYF-BJ2-7,115.0,0,0,0,0,0,14,0,0,0,0,0,0,0
BL6-BALBc_HTxC,AV10D-CAASIGSNYQLIW-AJ33_BV1-CTCSADPANSDYTF-BJ1-2,37.0,0,0,0,0,0,0,0,19,0,0,0,1,0
BL6-BALBc_HTxC,AV8-2-CALNNAGAKLTF-AJ39_BV29-CASSLWDVYAEQFF-BJ2-1,70.0,0,0,0,0,4,1,0,7,0,0,0,0,0
BL6-BALBc_HTxC,AV13D-4-CAMEPGGYKVVF-AJ12_BV3-CATSLARDYEQYF-BJ2-7,11.0,0,0,0,0,0,0,0,9,0,0,1,0,0
BL6-BALBc_HTxC,AV8-1-CATDYNYAQGLTF-AJ26_BV1-CTCSAGQGDYEQYF-BJ2-7,11.0,0,0,0,0,5,0,0,0,0,1,0,0,0
BL6-BALBc_HTxC,AV10D-CAADYANKMIF-AJ47_BV13-1-CASSDAASNERLFF-BJ1-4,358.0,0,0,0,0,2,0,1,20,0,2,0,0,0
BL6-BALBc_HTxC,AV3D-3-CAVINYAQGLTF-AJ26_BV29-CASSSRDKNYAEQFF-BJ2-1,16.0,0,0,0,14,0,0,0,0,0,0,0,0,0
BL6-BALBc_HTxC,AV6D-6-CALRWDTNAYKVIF-AJ30_BV19-CASRGGVTYEQYF-BJ2-7,22.0,1,0,0,27,0,0,0,0,0,1,1,0,0
BL6-BALBc_HTxC,AV16D/DV11-CAMREGDAYKVIF-AJ30_BV13-2-CASGDRNTEVFF-BJ1-1,137.0,0,1,0,0,94,3,0,1,0,3,0,1,0
BL6-BALBc_HTxC,AV2-CIVTDTNAYKVIF-AJ30_BV20-CGALTGNEQYF-BJ2-7,61.0,0,0,0,0,1,0,0,0,0,2,1,1,0
BL6-BALBc_HTxC,AV3-4-CAVTMDYANKMIF-AJ47_BV3-CASSLGIYEQYF-BJ2-7,124.0,0,0,0,0,0,2,0,0,0,68,1,0,0
BL6-BALBc_HTxC,AV9D-1-CAASSNTGYQNFYF-AJ49_BV1-CTCSAVWGEDTQYF-BJ2-5,67.0,1,0,0,29,0,0,0,3,0,0,1,2,0
BL6-BALBc_HTxC,AV16D/DV11-CAMRHTGYQNFYF-AJ49_BV13-2-CASGDVDTQYF-BJ2-5,114.0,1,0,4,2,3,0,2,28,2,7,20,15,0
BL6-BALBc_HTxC,AV16D/DV11-CAMREANSGTYQRF-AJ13_BV13-2-CASGPDNSGNTLYF-BJ1-3,102.0,0,0,0,0,3,0,0,108,0,2,1,3,0
BL6-BALBc_HTxC,AV8-1-CATDNNNNRIFF-AJ31_BV1-CTCSVGQGGYEQYF-BJ2-7,647.0,3,0,0,1,2,3,0,0,0,1,2,0,0
BL6-BALBc_HTxC,AV16/DV11-CAMREDTGANTGKLTF-AJ52_BV13-3-CASSPGTTYAEQFF-BJ2-1,276.0,1,1,1,3,2,1,1,1,0,16,0,0,1
BL6-BALBc_HTxC,AV19-CAANNAGAKLTF-AJ39_BV16-CASSLGWGRDAETLYF-BJ2-3,99.0,0,0,0,2,0,0,32,1,0,0,1,1,0
BL6-BALBc_HTxC,AV3-3-CAVSMYQGGRALIF-AJ15_BV29-CASSPGTTNTEVFF-BJ1-1,32.0,0,2,1,33,0,0,0,1,0,2,0,0,0
BL6-BALBc_HTxC,AV14D-2-CAARTGGYKVVF-AJ12_BV5-CASSPQQGNTEVFF-BJ1-1,36.0,0,80,0,1,2,1,0,2,0,1,0,0,0
BL6-BALBc_HTxC,AV14-1-CAAQSSGSWQLIF-AJ22_BV1-CTCSATDNSPLYF-BJ1-6,88.0,0,0,0,1,2,1,1,1,0,2,3,117,0
BL6-BALBc_HTxC,AV9D-4-CALSANMGYKLTF-AJ9_BV13-1-CASSEGTGGIYEQYF-BJ2-7,817.0,0,2,0,3,4,3,0,1,0,1,3,173,0
BL6-BALBc_HTxC,AV6-7/DV9-CALGDINAYKVIF-AJ30_BV19-CASSAGGAYAEQFF-BJ2-1,220.0,0,0,0,0,0,0,0,0,0,1,33,0,0
BL6-BALBc_HTxC,AV16/DV11-CAMREDTGANTGKLTF-AJ52_BV13-3-CASSPGTTYAEQFF-BJ2-1,601.0,0,0,0,2,147,2,0,0,0,0,1,1,0
BL6-BALBc_HTxC,AV16D/DV11-CAMREDSNYQLIW-AJ33_BV13-2-CASGDNYEQYF-BJ2-7,29.0,0,0,0,0,52,1,0,0,1,0,0,0,0
BL6-BALBc_HTxC,AV6-4-CALVEGGRALIF-AJ15_BV14-CASRDRYEQYF-BJ2-7,21.0,0,0,0,0,2,1,0,0,19,0,0,0,0
BL6-BALBc_HTxC,AV16/DV11-CAMREGENNAGAKLTF-AJ39_BV1-CTCSADRVNSPLYF-BJ1-6,39.0,0,5,0,2,0,1,2,0,1,0,4,0,0
BL6-BALBc_HTxC,AV6-4-CALVEGGRALIF-AJ15_BV14-CASRDRDEQYF-BJ2-7,102.0,0,1,0,3,0,1,1,0,13,0,1,1,0
BL6-BALBc_HTxC,AV8-2-CATDIQGGRALIF-AJ15_BV3-CASSWGGADSDYTF-BJ1-2,65.0,0,0,0,0,0,0,0,0,0,0,0,2,0
BL6-BALBc_HTxC,AV13D-1-CAMEPPSGSWQLIF-AJ22_BV4-CASSYWGRHEQYF-BJ2-7,248.0,0,0,0,0,4,1,4,2,1,3,3,7,0
BL6-BALBc_HTxC,AV16D/DV11-CAMREDSNYQLIW-AJ33_BV1-CTCSAVRGSNERLVF-BJ1-4,92.0,0,0,0,1,1,1,0,9,0,0,1,0,0
BL6-BALBc_HTxC,AV16D/DV11-CAMREGDNNNRIFF-AJ31_BV13-1-CASRDLNTEVFF-BJ1-1,2.0,0,0,0,0,1,0,0,0,0,0,0,0,0
BL6-BALBc_HTxC,AV16D/DV11-CAMREASSGSWQLIF-AJ22_BV13-2-CASGDPTGQEQYF-BJ2-7,83.0,0,0,0,67,1,4,0,0,0,1,1,1,0
BL6-BALBc_HTxC,AV16/DV11-CAMREGLDSNYQLIW-AJ33_BV14-CASSFLAGQLYF-BJ2-2,48.0,0,0,0,2,1,31,0,0,0,0,2,0,0
BL6-BALBc_HTxC,AV8-1-CAPYQGGRALIF-AJ15_BV1-CTCSAGGYAEQFF-BJ2-1,29.0,0,0,2,0,0,0,0,0,0,0,4,0,0
BL6-BALBc_HTxC,AV5-4-CAATGNYKYVF-AJ40_BV19-CASTGTGSNYAELFF-BJ2-1,22.0,2,0,0,1,1,2,0,2,0,0,56,3,0
BL6-BALBc_HTxC,AV6-7/DV9-CALGEGGYQNFYF-AJ49_BV5-CASSQNRDWAYYEQYF-BJ2-7,173.0,4,0,0,3,1,1,0,10,0,4,1,2,0
BL6-BALBc_HTxC,AV7D-2-CAANTNTGKLTF-AJ27_BV1-CTCSADRVNNQAPLF-BJ1-5,72.0,0,0,0,2,0,0,0,0,0,0,0,2,2
BL6-BALBc_HTxC,AV6D-6-CALSDFSNNRLTL-AJ7_BV13-3-CASRDRGEQYF-BJ2-7,46.0,0,0,0,32,6,42,0,0,0,1,4,4,2
BL6-BALBc_HTxC,AV7D-3-CAVIGSGSWQLIF-AJ22_BV13-2-CASGEPQGANSPLYF-BJ1-6,131.0,1,4,0,0,1,26,0,1,3,1,1,0,0
BL6-BALBc_HTxC,AV10D-CAAVNNYAQGLTF-AJ26_BV13-1-CASSGTGNTEVFF-BJ1-1,239.0,0,1,0,9,1,2,0,0,0,3,4,1,0
BL6-BALBc_HTxC,AV6D-6-CALTQDYANKMIF-AJ47_BV14-CASRTRVEQYF-BJ2-7,148.0,0,6,0,2,0,0,0,0,0,1,0,0,0
BL6-BALBc_HTxC,AV16D/DV11-CAMREGQTGGYKVVF-AJ12_BV13-2-CASGENRANSDYTF-BJ1-2,77.0,0,0,0,0,1,7,70,0,0,4,8,0,0
BL6-BALBc_HTxC,AV7-3-CAVSIAGSWQLIF-AJ22_BV13-1-CASSDAGYEQYF-BJ2-7,140.0,0,1,1,2,3,138,1,0,0,3,1,4,0
BL6-BALBc_HTxC,AV16D/DV11-CAMREGYAQGLTF-AJ26_BV13-2-CASWDISGNTLYF-BJ1-3,132.0,0,0,0,110,1,30,0,1,0,0,1,2,0
BL6-BALBc_HTxC,AV16D/DV11-CAMREASSGSWQLIF-AJ22_BV13-2-CASGDPTGQEQYF-BJ2-7,262.0,1,0,0,189,0,1,2,1,0,1,2,1,0
BL6-BALBc_HTxC,AV7D-2-CAASNYAQGLTF-AJ26_BV19-CASSIGWGSAETLYF-BJ2-3,116.0,4,0,0,4,1,0,0,0,5,1,3,1,0
BL6-BALBc_HTxC,AV16/DV11-CAMRESMATGGNNKLTF-AJ56_BV13-1-CASSDAGGWEQYF-BJ2-7,406.0,0,1,1,1,1,0,0,0,0,1,3,3,0
BL6-BALBc_HTxC,AV9-3-CAVSSDYANKMIF-AJ47_BV3-CASSSGTGGYEQYF-BJ2-7,198.0,0,0,0,1,1,0,0,1,1,15,0,0,0
BL6-BALBc_HTxC,AV16D/DV11-CAMREGVSAGNKLTF-AJ17*p02_BV13-1-CASSDVGAEQFF-BJ2-1,42.0,0,0,0,0,1,45,0,0,0,1,1,0,0
BL6-BALBc_HTxC,AV14-1-CAASEAGGNNKLTF-AJ56_BV13-3-CASSDRYEQYF-BJ2-7,68.0,0,0,0,0,1,8,0,0,0,0,1,0,0
BL6-BALBc_HTxC,AV9D-4-CALSPDTNAYKVIF-AJ30_BV12-1-CASSLWADTQYF-BJ2-5,60.0,0,2,58,2,2,1,0,1,0,4,0,1,0
BL6-BALBc_HTxC,AV6-6-CALGENYAQGLTF-AJ26_BV13-3-CASSDLGFNQDTQYF-BJ2-5,36.0,0,0,0,0,0,0,0,0,0,0,5,0,0
BL6-BALBc_HTxC,AV2-CIVTDTNAYKVIF-AJ30_BV20-CGALTGNEQYF-BJ2-7,60.0,0,0,0,22,0,0,0,0,0,0,0,0,0
BL6-BALBc_HTxC,AV6D-6-CALSDFSNNRLTL-AJ7_BV13-3-CASRDRGEQYF-BJ2-7,40.0,0,0,0,3,0,9,0,0,0,0,0,1,0
BL6-BALBc_HTxC,AV16D/DV11-CAMREGQTGGYKVVF-AJ12_BV13-2-CASGENRANSDYTF-BJ1-2,81.0,1,0,0,0,3,0,25,0,0,2,0,0,0
BL6-BALBc_HTxC,AV16/DV11-CAMRETDTNAYKVIF-AJ30_BV13-2-CASGDVNSPLYF-BJ1-6,46.0,0,1,0,0,72,0,0,0,0,0,1,1,0
BL6-BALBc_HTxC,AV3-3-CAVSFNNAGAKLTF-AJ39_BV1-CTCSADRVYAEQFF-BJ2-1,78.0,0,0,0,42,0,0,0,0,0,0,0,0,0
BL6-BALBc_HTxC,AV9-3-CAVSSDYANKMIF-AJ47_BV3-CASSSGTGGYEQYF-BJ2-7,1300.0,2,2,2,6,5,4,0,4,0,450,2,6,0
BL6-BALBc_HTxC,AV7-3-CASPNTGYQNFYF-AJ49_BV13-2-CASGGWGSQNTLYF-BJ2-4,311.0,0,0,0,0,192,3,1,1,0,4,3,2,0
BL6-BALBc_HTxC,AV6-6-CALGEKGGADRLTF-AJ45_BV3-CASSLARDYEQYF-BJ2-7,174.0,2,1,1,1,2,2,1,1,1,222,5,0,0
BL6-BALBc_HTxC,AV14-2-CAASEPSSFSKLVF-AJ50_BV13-2-CASGDPTGQEQYF-BJ2-7,69.0,4,1,2,2,0,2,0,2,1,3,5,0,0
BL6-BALBc_HTxC,AV6-4-CALVEGGRALIF-AJ15_BV14-CASRDRYEQYF-BJ2-7,322.0,0,0,1,1,5,2,0,4,60,3,4,2,0
BL6-BALBc_HTxC,AV16/DV11-CAMREDNNNRIFF-AJ31_BV13-2-CASGPGLGGREQYF-BJ2-7,20.0,1,0,0,1,0,0,0,0,0,0,0,0,0
BL6-BALBc_HTxC,AV16D/DV11-CAMREGDSAGNKLTF-AJ17*p02_BV31-CAWRNQGARAEQFF-BJ2-1,154.0,0,0,0,1,22,0,1,0,0,1,26,2,0
BL6-BALBc_HTxC,AV6-6-CALGSNTDKVVF-AJ34*p03_BV14-CASRHRDEQYF-BJ2-7,27.0,0,1,0,1,0,7,51,0,1,1,0,0,0
BL6-BALBc_HTxC,AV4-3-CAAEPNYNVLYF-AJ21*p03_BV29-CASSTGTSSSYEQYF-BJ2-7,36.0,4,0,0,2,2,0,0,0,0,0,1,2,0
BL6-BALBc_HTxC,AV9-1-CAVSARMDYANKMIF-AJ47_BV4-CASSFSYTGQLYF-BJ2-2,129.0,0,0,0,1,0,13,0,0,0,1,1,0,0
BL6-BALBc_HTxC,AV16/DV11-CAMRESYNAGAKLTF-AJ39_BV20-CGAGDTSYEQYF-BJ2-7,1839.0,1,0,5,3,4,4,0,50,1,2,1,133,2
BL6-BALBc_HTxC,AV13D-1-CATAEGGSFNKLTF-AJ4_BV13-3-CASSAPGQKSSYEQYF-BJ2-7,281.0,0,0,0,0,2,2,0,1,1,1,4,1,0
BL6-BALBc_HTxC,AV6D-4-CALVDRGSALGRLHF-AJ18_BV29-CASRQGNSPLYF-BJ1-6,57.0,0,0,0,1,0,0,0,0,0,42,1,0,0
BL6-BALBc_HTxC,AV6-2-CVLGDPYAQGLTF-AJ26_BV29-CASSSGLNTEVFF-BJ1-1,58.0,0,0,0,0,0,3,0,0,0,0,16,0,0
BL6-BALBc_HTxC,AV14D-2-CAARTGGYKVVF-AJ12_BV5-CASSQVQANTEVFF-BJ1-1,61.0,0,13,2,0,0,0,0,0,0,0,1,0,0
BL6-BALBc_HTxC,AV3-4-CADSGGSNAKLTF-AJ42_BV13-1-CASSETANSDYTF-BJ1-2,136.0,2,1,0,0,0,0,1,7,0,0,0,0,0
BL6-BALBc_HTxC,AV16/DV11-CAMREAFSGGSNAKLTF-AJ42_BV13-2-CASGDSYEQYF-BJ2-7,32.0,0,0,0,1,74,0,0,1,0,1,2,0,0
BL6-BALBc_HTxC,AV16D/DV11-CAMREAGGYKVVF-AJ12_BV13-2-CASGDAGGKAEVFF-BJ1-1,29.0,0,0,0,1,1,18,0,0,2,0,0,0,0
BL6-BALBc_HTxC,AV3-3-CAVSAGGADRLTF-AJ45_BV13-3-CASSEQGNYAEQFF-BJ2-1,23.0,0,0,0,0,0,1,0,0,0,0,0,0,0
BL6-BALBc_HTxC,AV19-CAAGDAGYQNFYF-AJ49_BV17-CASSRTGGSDYTF-BJ1-2,37.0,0,0,0,0,1,18,0,0,0,0,2,0,0
BL6-BALBc_HTxC,AV6-6-CALGVASSGSWQLIF-AJ22_BV13-3-CASRDRGEVFF-BJ1-1,767.0,1,0,0,0,2,28,0,1,1,2,0,2,0
BL6-BALBc_HTxC,AV8-1-CAPYQGGRALIF-AJ15_BV1-CTCSAGGYAEQFF-BJ2-1,47.0,0,3,0,0,1,0,0,0,0,0,0,0,0
BL6-BALBc_HTxC,AV9D-4-CALSHNYAQGLTF-AJ26_BV31-CAWAGLGNQDTQYF-BJ2-5,44.0,0,0,1,0,0,0,16,0,0,0,0,0,0
BL6-BALBc_HTxC,AV5-4-CAATGNYKYVF-AJ40_BV13-2-CASGDSYEQYF-BJ2-7,21.0,0,3,0,1,67,1,1,1,0,3,4,0,0
BL6-BALBc_HTxC,AV16D/DV11-CAMREGSSGSWQLIF-AJ22_BV19-CASSITENTEVFF-BJ1-1,279.0,0,0,3,1,0,0,1,0,0,0,72,3,0
BL6-BALBc_HTxC,AV4-3-CAAEAAYQNFYF-AJ49_BV4-CASSNRVEQYF-BJ2-7,11.0,2,0,0,0,0,0,0,0,0,0,0,0,0
BL6-BALBc_HTxC,AV4D-3-CAAENMGYKLTF-AJ9_BV13-1-CASSGLREQYF-BJ2-7,161.0,5,0,0,0,1,0,0,0,0,6,1,0,0
BL6-BALBc_HTxC,AV10-CAASMTSSSFSKQVF-AJ50_BV29-CASSPGQGYTEVFF-BJ1-1,148.0,0,1,0,11,2,0,0,0,1,5,0,3,0
BL6-BALBc_HTxC,AV16/DV11-CAMRESYNAGAKLTF-AJ39_BV20-CGAGDTSYEQYF-BJ2-7,728.0,0,0,0,0,4,4,0,10,0,3,4,61,0
BL6-BALBc_HTxC,AV12-2-CALSAMDSNYQLIW-AJ33_BV4-CASHSSGNTLYF-BJ1-3,701.0,0,1,1,3,0,0,0,2,1,4,53,0,0
BL6-BALBc_HTxC,AV16D/DV11-CAMREGQTGGYKVVF-AJ12_BV13-2-CASGENRANSDYTF-BJ1-2,77.0,2,0,0,1,0,4,45,1,0,0,4,0,0
BL6-BALBc_HTxC,AV6-4-CALVEGGRALIF-AJ15_BV14-CASRDRDEQYF-BJ2-7,126.0,1,1,1,0,1,2,3,3,64,3,0,0,0
BL6-BALBc_HTxC,AV3-3-CAVSVNYGGSGNKLIF-AJ32_BV5-CASSQDLWGAGSQNTLYF-BJ2-4,485.0,0,0,0,19,1,0,0,0,0,1,1,2,0
BL6-BALBc_HTxC,AV13-1-CAMESGFASALTF-AJ35_BV13-1-CASSPLRAGNTLYF-BJ1-3,41.0,0,0,0,10,0,0,0,0,0,0,0,4,0
BL6-BALBc_HTxC,AV8-1-CAPYQGGRALIF-AJ15_BV13-1-CASSETGLDNQAPLF-BJ1-5,24.0,0,12,0,0,0,0,0,0,0,0,0,1,0
BL6-BALBc_HTxC,AV8-2-CATDEAGNTRKLIF-AJ37*p02_BV13-2-CASGEGYAEQFF-BJ2-1,221.0,2,1,1,3,1,2,0,0,0,0,1,128,0
BL6-BALBc_HTxC,AV6D-7-CALIDTNAYKVIF-AJ30_BV29-CASSQGQGDTQYF-BJ2-5,15.0,0,0,0,0,1,0,0,0,0,0,2,0,0
BL6-BALBc_HTxC,AV7D-3-CADDSGYNKLTF-AJ11*p02_BV13-2-CASGETGSQNTLYF-BJ2-4,30.0,0,1,0,0,1,28,0,2,0,0,0,2,0
BL6-BALBc_HTxC,AV6-6-CALGEKGGADRLTF-AJ45_BV3-CASSLARDYEQYF-BJ2-7,64.0,4,0,0,0,0,1,0,0,0,33,0,4,0
BL6-BALBc_HTxC,AV5D-4-CAASWGVGDNSKLIW-AJ38_BV17-CASSPGQANTEVFF-BJ1-1,88.0,0,0,0,1,0,2,0,0,0,1,5,1,0
BL6-BALBc_HTxC,AV16/DV11-CAMREGNSGGSNAKLTF-AJ42_BV13-1-CASSSLYEQYF-BJ2-7,30.0,0,0,0,2,0,0,0,0,0,1,6,2,0
BL6-BALBc_HTxC,AV5-4-CAATGNYKYVF-AJ40_BV13-1-CASSGGQTEVFF-BJ1-1,45.0,2,0,0,0,0,0,0,1,0,1,96,1,0
BL6-BALBc_HTxC,AV5-1-CSAGGGSALGRLHF-AJ18_BV1-CTCSAAGGDAEQFF-BJ2-1,226.0,1,0,0,1,0,0,0,0,0,0,0,8,0
BL6-BALBc_HTxC,AV9-3-CAVSMDTGNYKYVF-AJ40_BV12-2-CASSPGDEQYF-BJ2-7,428.0,15,0,0,1,0,0,1,1,0,2,0,4,0
BL6-BALBc_HTxC,AV9-3-CAVSPDTNAYKVIF-AJ30_BV19-CASRGLGGLYAEQFF-BJ2-1,42.0,1,0,0,0,1,0,2,2,1,6,0,2,0
BL6-BALBc_HTxC,AV10D-CAAIMDYANKMIF-AJ47_BV13-1-CASGGAETLYF-BJ2-3,207.0,0,0,0,13,0,1,0,0,1,3,2,0,0
BL6-BALBc_HTxC,AV9-2-CAASMDYANKMIF-AJ47_BV3-CASSLGAGYEQYF-BJ2-7,81.0,0,1,0,0,0,1,4,0,0,96,2,0,0
BL6-BALBc_HTxC,AV16D/DV11-CAMREGQTGGYKVVF-AJ12_BV13-2-CASGENRANSDYTF-BJ1-2,22.0,0,0,0,0,0,0,17,0,0,0,1,0,0
BL6-BALBc_HTxC,AV10D-CAADTGYQNFYF-AJ49_BV13-1-CASSDVGGGDTLYF-BJ2-4,142.0,0,0,0,1,0,0,0,6,0,5,2,1,0
BL6-BALBc_HTxC,AV16/DV11-CAMREDSGGSNYKLTF-AJ53_BV16-CASSLPRLGNQDTQYF-BJ2-5,19.0,0,0,1,0,0,1,0,0,0,2,2,0,0
BL6-BALBc_HTxC,AV7-5-CAKRNTGGADRLTF-AJ45_BV1-CTCSADRVNSPLYF-BJ1-6,70.0,1,5,9,4,4,0,2,4,0,10,3,3,0
BL6-BALBc_HTxC,AV3-3-CAVSATGYQNFYF-AJ49_BV19-CASSILWGGDEQYF-BJ2-7,114.0,0,0,0,4,1,1,2,0,0,3,31,13,0
BL6-BALBc_HTxC,AV16D/DV11-CAMREGPTGNTRKLIF-AJ37*p02_BV13-2-CASGDAPGLGGDTQYF-BJ2-5,35.0,0,2,18,2,0,0,0,0,1,1,0,0,0
BL6-BALBc_HTxC,AV10-CAAGQGGRALIF-AJ15_BV31-CAWNWGGSQNTLYF-BJ2-4,1304.0,0,0,1,1,1,17,0,1,0,2,3,0,0
BL6-BALBc_HTxC,AV16D/DV11-CAMREGMGYKLTF-AJ9_BV13-2-CASGDVGTEVFF-BJ1-1,18.0,0,0,1,1,0,17,0,0,0,0,0,0,0
BL6-BALBc_HTxC,AV14D-2-CAASSGYNKLTF-AJ11*p02_BV29-CASSPQGQGAYAEQFF-BJ2-1,80.0,4,4,0,2,1,9,3,2,8,12,33,2,0
BL6-BALBc_HTxC,AV8-2-CATDIQGGRALIF-AJ15_BV3-CASSWGGADSDYTF-BJ1-2,91.0,9,0,0,9,0,0,0,0,0,6,1,2,0
BL6-BALBc_HTxC,AV7-3-CASPNTGYQNFYF-AJ49_BV13-2-CASGGWGSQNTLYF-BJ2-4,28.0,0,1,0,2,76,0,0,0,0,5,0,1,0
BL6-BALBc_HTxC,AV7D-2-CAATGNTRKLIF-AJ37*p02_BV13-2-CASGTGDYAEQFF-BJ2-1,133.0,0,1,1,0,8,0,0,0,1,1,0,8,0
BL6-BALBc_HTxC,AV16/DV11-CAMREGSSGSWQLIF-AJ22_BV16-CASSPGQPNTEVFF-BJ1-1,43.0,0,0,0,24,0,2,0,0,0,0,0,0,0
BL6-BALBc_HTxC,AV16D/DV11-CAMREGDSNYQLIW-AJ33_BV13-1-CASREINTEVFF-BJ1-1,238.0,0,0,0,5,196,0,0,1,1,0,3,2,0
BL6-BALBc_HTxC,AV12-2-CALSEGSNYQLIW-AJ33_BV1-CTCSAVWGEDTQYF-BJ2-5,266.0,0,0,0,33,0,0,0,0,0,3,1,0,0
BL6-BALBc_HTxC,AV3-1-CAVRASSGSWQLIF-AJ22_BV4-CASSSIEQFF-BJ2-1,104.0,0,1,0,0,1,4,0,0,0,1,123,0,0
BL6-BALBc_HTxC,AV13D-1-CAMNQGGSAKLIF-AJ57_BV17-CASSPDRVGNTLYF-BJ1-3,209.0,1,0,0,1,1,1,0,1,0,5,20,6,0
BL6-BALBc_HTxC,AV3-4-CATEKDYANKMIF-AJ47_BV3-CASSAGPYEQYF-BJ2-7,88.0,0,0,0,0,0,0,1,0,0,24,0,0,0
BL6-BALBc_HTxC,AV9-3-CAVSENNNAGAKLTF-AJ39_BV1-CTCSAAWGDTQYF-BJ2-5,131.0,0,1,1,0,0,2,1,2,0,1,2,102,0
BL6-BALBc_HTxC,AV9D-4-CALSANMGYKLTF-AJ9_BV13-1-CASSEGTGGIYEQYF-BJ2-7,92.0,0,0,0,2,0,0,0,0,0,0,0,15,0
BL6-BALBc_HTxC,AV5-1-CSASMGNNRIFF-AJ31_BV29-CASTPGQKYEQYF-BJ2-7,98.0,0,0,0,1,2,0,1,0,0,3,3,2,0
BL6-BALBc_HTxC,AV4-3-CAADQGGRALIF-AJ15_BV13-2-CASGWAPLGDYEQYF-BJ2-7,58.0,0,0,0,0,0,0,1,0,0,0,2,0,0
BL6-BALBc_HTxC,AV16D/DV11-CAMREALFYNTNTGKLTF-AJ27_BV14-CASSFGGPSNERLFF-BJ1-4,178.0,0,0,0,1,2,0,0,3,0,3,3,0,0
BL6-BALBc_HTxC,AV8-2-CATEGGGADRLTF-AJ45_BV29-CASSLRGYEQYF-BJ2-7,203.0,0,34,1,1,3,0,0,0,2,1,3,1,0
BL6-BALBc_HTxC,AV9-3-CAVSENNNAGAKLTF-AJ39_BV1-CTCSAAWGDTQYF-BJ2-5,344.0,1,0,0,6,1,2,0,0,0,0,1,122,0
BL6-BALBc_HTxC,AV8-2-CATDDNNAPRF-AJ43*p03_BV3-CASSLARDYEQYF-BJ2-7,54.0,0,4,0,0,1,0,0,0,0,11,1,0,0
BL6-BALBc_HTxC,AV16D/DV11-CAMREASSGSWQLIF-AJ22_BV13-2-CASGDPTGQEQYF-BJ2-7,158.0,0,0,0,110,1,7,0,1,0,0,2,1,0
BL6-BALBc_HTxC,AV3-1-CAVRASSGSWQLIF-AJ22_BV4-CASSSIEQFF-BJ2-1,996.0,0,1,1,1,3,2,1,0,0,2,194,1,0
BL6-BALBc_HTxC,AV9D-4-CALSHNYAQGLTF-AJ26_BV31-CAWAGLGNQDTQYF-BJ2-5,129.0,0,0,0,0,1,1,3,1,0,6,0,0,0
BL6-BALBc_HTxC,AV10D-CAAVNNYAQGLTF-AJ26_BV13-1-CASSGTGNTEVFF-BJ1-1,637.0,1,4,0,28,1,2,1,0,1,4,0,5,0
BL6-BALBc_HTxC,AV9D-4-CALSDDYAQGLTF-AJ26_BV3-CASSLALSEQYF-BJ2-7,325.0,0,1,1,3,7,3,1,2,1,557,3,2,1
BL6-BALBc_HTxC,AV14-2-CAASSYTGNYKYVF-AJ40_BV13-1-CASSEHNSDYTF-BJ1-2,352.0,0,1,0,1,3,1,0,4,0,43,1,0,0
BL6-BALBc_HTxC,AV6-6-CALGSNTDKVVF-AJ34*p03_BV14-CASRHRDEQYF-BJ2-7,70.0,1,0,3,3,0,19,115,1,3,6,21,9,0
BL6-BALBc_HTxC,AV6-6-CALGGDYNVLYF-AJ21*p03_BV17-CASRGRGRNEQYF-BJ2-7,204.0,2,6,0,1,0,0,0,2,5,1,42,3,0
BL6-BALBc_HTxC,AV12-3-CALSDNSGGSNYKLTF-AJ53_BV13-2-CASGDWYNSPLYF-BJ1-6,14.0,0,0,0,0,0,0,0,0,1,0,2,3,0
BL6-BALBc_HTxC,AV14-2-CAASRNYAQGLTF-AJ26_BV13-1-CASSPGGNERLFF-BJ1-4,71.0,4,1,1,2,0,2,1,1,5,2,15,3,0
BL6-BALBc_HTxC,AV7-3-CADDSGYNKLTF-AJ11*p02_BV13-2-CASGDVGGQNTLYF-BJ2-4,130.0,0,0,0,0,0,5,0,0,0,1,0,0,0
BL6-BALBc_HTxC,AV8-2-CATEGGGADRLTF-AJ45_BV29-CASSLRGYEQYF-BJ2-7,42.0,0,17,0,0,0,0,0,2,0,6,1,1,0
BL6-BALBc_HTxC,AV3-3-CAVSAYNNAGAKLTF-AJ39_BV13-2-CASRGDWGYF-BJ2-7,76.0,0,1,1,0,1,0,1,2,0,1,10,0,0
BL6-BALBc_HTxC,AV16/DV11-CAMREGNTGYQNFYF-AJ49_BV13-2-CASGQGAGNTLYF-BJ1-3,24.0,0,0,0,0,0,1,0,6,0,0,0,0,0
BL6-BALBc_HTxC,AV9-3-CAVSMDTGNYKYVF-AJ40_BV12-2-CASSPGDEQYF-BJ2-7,86.0,21,0,0,0,2,0,0,0,0,0,3,1,0
BL6-BALBc_HTxC,AV4D-4-CAVGTGGYKVVF-AJ12_BV13-1-CASSDEDSQDTQYF-BJ2-5,169.0,1,0,1,0,1,0,1,0,0,0,2,3,0
BL6-BALBc_HTxC,AV7-3-CAVSMGYAQGLTF-AJ26_BV13-2-CASGEPQGANSPLYF-BJ1-6,59.0,0,0,1,1,0,23,0,0,0,1,1,0,0
BL6-BALBc_HTxC,AV12D-2-CALGTGSKLSF-AJ58_BV13-1-CASSDVSTEVFF-BJ1-1,63.0,1,0,1,2,7,0,2,7,0,13,4,1,0
BL6-BALBc_HTxC,AV9-2-CAASMDYANKMIF-AJ47_BV3-CASSLGAGYEQYF-BJ2-7,81.0,26,32,23,17,3,12,30,7,29,210,107,48,0
BL6-BALBc_HTxC,AV16/DV11-CAMREGRGGSAKLIF-AJ57_BV13-3-CASSWTGSYNSPLYF-BJ1-6,100.0,1,0,22,0,3,1,0,1,0,4,6,0,1
BL6-BALBc_HTxC,AV16D/DV11-CAMREAGGYKVVF-AJ12_BV13-2-CASGDAGGKAEVFF-BJ1-1,69.0,0,0,0,0,0,53,0,0,0,0,1,0,0
BL6-BALBc_HTxC,AV9D-3-CAVPANSGTYQRF-AJ13_BV13-3-CASSGTGGEGEQFF-BJ2-1,46.0,1,0,0,0,0,0,0,0,1,0,2,2,0
BL6-BALBc_HTxC,AV16D/DV11-CAMREANSGTYQRF-AJ13_BV13-2-CASGPDNSGNTLYF-BJ1-3,256.0,1,1,1,1,0,1,0,117,0,1,5,3,0
BL6-BALBc_HTxC,AV4-3-CAVEWDTNAYKVIF-AJ30_BV13-2-CASGPWGGSYEQYF-BJ2-7,38.0,2,0,0,0,0,3,0,0,4,0,10,6,0
BL6-BALBc_HTxC,AV16/DV11-CAMREGSSGSWQLIF-AJ22_BV16-CASSPGQPNTEVFF-BJ1-1,180.0,0,0,0,4,0,0,0,0,0,1,0,0,0
BL6-BALBc_HTxC,AV16/DV11-CAMRESMATGGNNKLTF-AJ56_BV13-2-CASGNWGGSAEQFF-BJ2-1,414.0,0,1,0,4,2,0,0,1,0,0,0,43,0
BL6-BALBc_HTxC,AV3-3-CAVSVNYGGSGNKLIF-AJ32_BV5-CASSQDLWGAGSQNTLYF-BJ2-4,144.0,1,0,0,1,0,0,1,0,0,0,1,0,0
BL6-BALBc_HTxC,AV14-1-CAAIYGNYKYVF-AJ40_BV13-2-CASGDADISPLYF-BJ1-6,62.0,0,1,0,3,0,1,0,2,0,4,25,2,0
BL6-BALBc_HTxC,AV19-CAANNAGAKLTF-AJ39_BV16-CASSLGWGRDAETLYF-BJ2-3,50.0,1,1,0,0,0,3,27,0,0,1,0,0,0
BL6-BALBc_HTxC,AV1-CAVREEGSALGRLHF-AJ18_BV13-2-CASGAGDSDYTF-BJ1-2,877.0,0,2,1,0,3,0,0,0,0,4,1,2,0
BL6-BALBc_HTxC,AV8-1-CATAISGSFNKLTF-AJ4_BV14-CASRDRVEQYF-BJ2-7,42.0,0,0,5,1,0,4,0,0,0,1,2,0,0
BL6-BALBc_HTxC,AV6-1-CVLGENSGTYQRF-AJ13_BV1-CTCSAVWGGDEQYF-BJ2-7,68.0,0,0,0,0,0,1,1,0,0,0,0,27,0
BL6-BALBc_HTxC,AV7-3-CAVDPGYNKLTF-AJ11*p02_BV14-CASSRDRGDYAEQFF-BJ2-1,1179.0,0,0,145,0,2,1,0,3,0,3,4,1,0
BL6-BALBc_HTxC,AV3D-3-CAVNSGSWQLIF-AJ22_BV1-CTCSADPGDYAEQFF-BJ2-1,20.0,2,1,0,0,0,0,1,0,0,0,10,11,0
BL6-BALBc_HTxC,AV12-3-CALSDTNAYKVIF-AJ30_BV3-CASSPDRDTEVFF-BJ1-1,104.0,2,0,0,1,1,0,0,0,0,0,0,1,0
BL6-BALBc_HTxC,AV4D-3-CAAEAGSGSWQLIF-AJ22_BV13-2-CASGDAGERLFF-BJ1-4,212.0,0,1,0,0,1,56,0,0,0,0,0,2,0
BL6-BALBc_HTxC,AV7D-2-CAASMDYANKMIF-AJ47_BV13-3-CASSDRSEQYF-BJ2-7,30.0,0,0,0,6,0,0,0,0,0,1,0,0,0
BL6-BALBc_HTxC,AV3-4-CAVSGDYANKMIF-AJ47_BV14-CASSTGTGDTGQLYF-BJ2-2,656.0,1,0,2,3,3,2,1,3,0,23,3,1,0
BL6-BALBc_HTxC,AV8-2-CATDIQGGRALIF-AJ15_BV3-CASSWGGADSDYTF-BJ1-2,25.0,8,0,0,0,0,0,1,0,0,0,0,0,0
BL6-BALBc_HTxC,AV16D/DV11-CAMRELTGNTRKLIF-AJ37*p02_BV13-1-CASSASGNTLYF-BJ2-4,561.0,1,0,1,2,20,4,0,0,0,1,0,0,0
BL6-BALBc_HTxC,AV4D-3-CAAWTGGYKVVF-AJ12_BV4-CASSPVQDTQYF-BJ2-5,129.0,3,0,0,0,0,0,3,0,6,1,9,5,0
BL6-BALBc_HTxC,AV4-2-CAAEARNVGDNSKLIW-AJ38_BV14-CASSFGGTGVYEQYF-BJ2-7,213.0,5,0,1,1,2,2,1,1,6,4,47,11,0
BL6-BALBc_HTxC,AV16D/DV11-CAMREGQTGGYKVVF-AJ12_BV13-2-CASGENRANSDYTF-BJ1-2,16.0,0,0,0,1,0,0,21,0,0,0,0,0,0
BL6-BALBc_HTxC,AV14-1-CAASGSWQLIF-AJ22_BV13-3-CASSEGQGYAEQFF-BJ2-1,107.0,0,0,0,0,0,3,13,1,0,0,1,0,0
BL6-BALBc_HTxC,AV10-CAASTDYAQGLTF-AJ26_BV3-CASSPGVSYEQYF-BJ2-7,52.0,0,0,0,0,2,0,0,0,0,107,2,0,1
BL6-BALBc_HTxC,AV3-3-CAVGAGNTRKLIF-AJ37*p02_BV13-2-CASGPSGGADTQYF-BJ2-5,11.0,0,0,0,0,0,0,0,44,0,0,0,0,0
BL6-BALBc_HTxC,AV8-2-CATANTGYQNFYF-AJ49_BV13-1-CASSGGTGGLTEVFF-BJ1-1,13.0,0,0,0,2,1,4,0,0,1,0,3,0,0
BL6-BALBc_HTxC,AV5-4-CAATGNYKYVF-AJ40_BV13-1-CASSGGQTEVFF-BJ1-1,68.0,1,0,0,0,0,1,0,0,1,2,41,0,0
BL6-BALBc_HTxC,AV9-4-CAVASMDYANKMIF-AJ47_BV13-2-CASGDRLNTGQLYF-BJ2-2,29.0,1,0,0,0,0,0,1,0,1,0,1,20,0
BL6-BALBc_HTxC,AV12D-2-CALISQGGRALIF-AJ15_BV29-CASSQGDERLFF-BJ1-4,33.0,4,0,0,0,1,0,0,5,1,0,4,1,0
BL6-BALBc_HTxC,AV7D-2-CAANTNTGKLTF-AJ27_BV1-CTCSADRVNNQAPLF-BJ1-5,74.0,0,1,0,2,0,0,1,0,0,0,0,3,0
BL6-BALBc_HTxC,AV10D-CAASDSGYNKLTF-AJ11*p02_BV13-1-CASSGGVQNTLYF-BJ2-4,112.0,0,0,0,5,5,0,1,0,0,0,1,0,0
BL6-BALBc_HTxC,AV16D/DV11-CAMREDSGYNKLTF-AJ11*p02_BV13-1-CASSESGMYEQYF-BJ2-7,114.0,0,0,0,0,0,2,1,0,0,1,11,0,0
BL6-BALBc_HTxC,AV6-6-CALGSYGNEKITF-AJ48_BV1-CTCSATDNWPLYV-BJ1-6,139.0,0,0,4,0,2,1,0,0,0,1,1,92,0
BL6-BALBc_HTxC,AV16/DV11-CAMREGYGGSGNKLIF-AJ32_BV1-CTCSADRVGNQAPLF-BJ1-5,94.0,0,0,0,8,2,1,0,1,0,2,0,1,0
BL6-BALBc_HTxC,AV10-CAAGQGGRALIF-AJ15_BV31-CAWNWGGSQNTLYF-BJ2-4,60.0,0,0,0,1,0,21,0,1,0,1,0,0,0
BL6-BALBc_HTxC,AV12-2-CVPCASSGGWQLIF-AJ22_BV13-1-CASSDAGTEVFF-BJ1-1,263.0,1,1,0,0,0,7,0,0,0,2,1,0,1
BL6-BALBc_HTxC,AV6-6-CALGSNTDKVVF-AJ34*p03_BV14-CASRHRDEQYF-BJ2-7,406.0,1,2,0,0,1,10,97,1,0,2,3,0,0
BL6-BALBc_HTxC,AV7-3-CAGTSSSGSWQLIF-AJ22_BV13-1-CASSDHGDEQYF-BJ2-7,301.0,0,0,0,2,1,20,0,1,0,2,1,1,0
BL6-BALBc_HTxC,AV13-1-CAMERGYQNFYF-AJ49_BV17-CASSDRYEQYF-BJ2-7,120.0,0,0,0,0,2,3,3,0,0,0,2,0,0
BL6-BALBc_HTxC,AV6-6-CALGSNTDKVVF-AJ34*p03_BV14-CASRHRDEQYF-BJ2-7,7.0,0,0,0,0,0,1,8,0,0,0,0,0,0
BL6-BALBc_HTxC,AV7D-3-CADDSGYNKLTF-AJ11*p02_BV13-2-CASAGANSDYTF-BJ1-2,487.0,1,0,1,6,2,1,0,0,1,1,1,0,0
BL6-BALBc_HTxC,AV9-3-CAVSENNNAGAKLTF-AJ39_BV1-CTCSAAWGDTQYF-BJ2-5,15.0,0,1,0,1,1,1,0,0,0,0,0,35,0
BL6-BALBc_HTxC,AV8-2-CATGGGSAKLIF-AJ57_BV13-1-CASSGGNYAEQFF-BJ2-1,72.0,2,4,4,2,1,0,1,1,8,4,32,1,1
BL6-BALBc_HTxC,AV9-4-CAVSSDYANKMIF-AJ47_BV3-CASSSGTGGYEQYF-BJ2-7,1648.0,1,0,0,3,0,0,0,1,0,61,1,1,0
BL6-BALBc_HTxC,AV14-2-CAAHTGYQNFYF-AJ49_BV17-CASSKTWGVNYAEQFF-BJ2-1,954.0,0,0,0,2,2,9,12,2,1,0,8,1,1
BL6-BALBc_HTxC,AV19-CAAGDAGYQNFYF-AJ49_BV17-CASSRTGGSDYTF-BJ1-2,185.0,0,1,1,1,2,161,1,0,0,2,1,0,0
BL6-BALBc_HTxC,AV6-6-CALGNYAQGLTF-AJ26_BV29-CASSLAAGGYEQYF-BJ2-7,91.0,3,5,4,4,3,3,3,23,3,7,33,14,0
BL6-BALBc_HTxC,AV8D-2-CATSGSWQLIF-AJ22_BV1-CTCSAVGGEDERLFF-BJ1-4,44.0,1,0,0,2,1,0,0,0,4,4,3,3,0
BL6-BALBc_HTxC,AV16/DV11-CAMREAFSGGSNAKLTF-AJ42_BV13-2-CASGDSYEQYF-BJ2-7,132.0,0,0,0,0,60,0,1,2,0,1,2,0,0
BL6-BALBc_HTxC,AV16/DV11-CAMREGYAQGLTF-AJ26_BV13-1-CASSDRGQGNERLFF-BJ1-4,333.0,0,22,0,1,0,1,0,0,0,0,0,0,2
BL6-BALBc_HTxC,AV13D-1-CAMGHDSGYNKLTF-AJ11*p02_BV13-1-CASSDPGGDEQYF-BJ2-7,135.0,0,0,0,1,0,1,0,15,0,0,0,0,0
BL6-BALBc_HTxC,AV9-3-CAVRNNAGAKLTF-AJ39_BV2-CASSQDWGGKYAEQFF-BJ2-1,132.0,1,0,1,2,0,0,1,0,2,2,4,1,0
BL6-BALBc_HTxC,AV9-3-CAVSMDYANKMIF-AJ47_BV15-CASSLLGGAETLYF-BJ2-3,2122.0,2,2,4,1,2,2,3,3,3,3,16,5,0
BL6-BALBc_HTxC,AV8-1-CATDGSALGRLHF-AJ18_BV1-CTCSATAGDTEVFF-BJ1-1,47.0,0,0,0,1,1,0,3,1,0,0,0,19,1
BL6-BALBc_HTxC,AV6-6-CALGDSNYQLIW-AJ33_BV13-3-CASRDRVSYEQYF-BJ2-7,118.0,0,0,0,3,1,0,0,0,0,0,1,13,0
BL6-BALBc_HTxC,AV10-CAAGQGGRALIF-AJ15_BV31-CAWNWGGSQNTLYF-BJ2-4,2269.0,0,2,1,0,2,14,0,0,0,0,3,0,0
BL6-BALBc_HTxC,AV6-6-CALGSNTDKVVF-AJ34*p03_BV14-CASRHRDEQYF-BJ2-7,1079.0,1,3,1,2,5,14,203,1,0,6,3,0,1
BL6-BALBc_HTxC,AV14-2-CAATSSGQKLVF-AJ16*p02_BV13-3-CASSEAGVTEVFF-BJ1-1,708.0,0,0,2,3,3,150,1,0,0,4,9,0,0
BL6-BALBc_HTxC,AV16D/DV11-CAMREDSGYNKLTF-AJ11*p02_BV13-1-CASTGANTEVFF-BJ1-1,393.0,1,0,1,5,48,1,1,0,1,12,13,1,0
BL6-BALBc_HTxC,AV8-1-CATDGSSGSWQLIF-AJ22_BV4-CASTTANTEVFF-BJ1-1,108.0,0,0,0,3,1,1,0,0,0,0,17,0,0
BL6-BALBc_HTxC,AV9D-4-CALSANMGYKLTF-AJ9_BV13-1-CASSEGTGGIYEQYF-BJ2-7,228.0,0,0,0,0,1,0,0,1,0,1,1,35,0
BL6-BALBc_HTxC,AV9-1-CAVSSDYANKLIF-AJ47_BV3-CASSSGTGGYEQYF-BJ2-7,15.0,0,0,1,0,0,0,0,0,0,27,1,0,0
BL6-BALBc_HTxC,AV7-3-CASPNTGYQNFYF-AJ49_BV13-2-CASGGWGSQNTLYF-BJ2-4,54.0,3,0,0,0,40,0,0,0,1,0,23,4,0
BL6-BALBc_HTxC,AV4D-3-CAAEAYGNEKITF-AJ48_BV29-CASSLGDTGFF-BJ1-4,105.0,0,0,0,0,0,0,0,0,3,0,5,0,0
BL6-BALBc_HTxC,AV9-1-CAVSAYSNYQLIW-AJ33_BV1-CTCSADRVEQYF-BJ2-7,82.0,4,0,0,4,63,2,0,5,3,2,27,9,0
BL6-BALBc_HTxC,AV16D/DV11-CAMRETNSAGNKLTF-AJ17*p02_BV13-2-CASGDVGGEEYF-BJ2-7,156.0,0,1,0,1,4,10,0,1,1,0,1,2,0
BL6-BALBc_HTxC,AV4D-3-CAAENMGYKLTF-AJ9_BV31-CAWSQDNNQAPLF-BJ1-5,77.0,16,0,1,0,0,0,0,0,0,1,0,0,0
BL6-BALBc_HTxC,AV8D-2-CATDARTNAYKVIF-AJ30_BV29-CASNRDNTEVFF-BJ1-1,46.0,2,0,5,2,0,2,0,0,5,6,6,3,0
BL6-BALBc_HTxC,AV4-2-CAAEVSYGNEKITF-AJ48_BV2-CASSPYVTDSSYEQYF-BJ2-7,36.0,0,16,0,1,0,0,1,1,0,1,0,1,0
BL6-BALBc_HTxC,AV8-2-CATDIQGGRALIF-AJ15_BV3-CASSWGGADSDYTF-BJ1-2,12.0,22,0,0,0,0,0,3,0,0,1,0,0,0
BL6-BALBc_HTxC,AV19-CAAGGQGGSAKLIF-AJ57_BV13-1-CASSEGTGGIYEQYF-BJ2-7,21.0,0,0,0,2,0,1,0,0,0,0,1,19,0
BL6-BALBc_HTxC,AV6-7/DV9-CALGEGNNAPRF-AJ43*p03_BV2-CASSHRDTYNSPLYF-BJ1-6,38.0,6,1,1,0,1,2,0,0,0,3,3,8,1
BL6-BALBc_HTxC,AV16D/DV11-CAMRELTGNTRKLIF-AJ37*p02_BV13-2-CASGDINTEVFF-BJ1-1,215.0,0,0,0,4,28,3,1,1,0,3,1,1,0
BL6-BALBc_HTxC,AV10-CAASTDYANKMIF-AJ47_BV3-CASSIGQGTEVFF-BJ1-1,26.0,1,2,0,0,1,2,0,0,2,245,1,0,0
BL6-BALBc_HTxC,AV7-4-CAASSSSGSWQLIF-AJ22_BV13-2-CASGEAGTGGSPF-BJ2-7,99.0,0,0,0,2,1,2,0,0,3,2,7,0,0
BL6-BALBc_HTxC,AV16D/DV11-CAMREASSGSWQLIF-AJ22_BV13-2-CASGDPTGQEQYF-BJ2-7,94.0,3,0,0,69,0,0,0,3,0,1,1,0,0
BL6-BALBc_HTxC,AV16D/DV11-CAMREASSGSWQLIF-AJ22_BV13-2-CASGDPTGQEQYF-BJ2-7,37.0,0,4,0,41,0,0,0,0,0,6,0,0,0
BL6-BALBc_HTxC,AV10-CAASSSFSKLVF-AJ50_BV14-CASSPDWGREQYF-BJ2-7,139.0,0,0,2,0,3,0,0,1,2,2,2,2,0
BL6-BALBc_HTxC,AV16D/DV11-CAMREDTNAYKVIF-AJ30_BV13-2-CASGETGANSDYTF-BJ1-2,119.0,0,1,0,0,4,32,0,13,0,1,2,3,0
BL6-BALBc_HTxC,AV16/DV11-CAMREEGYAQGLTF-AJ26_BV3-CASSPGTGAISNERLFF-BJ1-4,80.0,0,0,0,1,1,0,2,2,3,0,15,4,0
BL6-BALBc_HTxC,AV16D/DV11-CAMREDNNNNAPRF-AJ43*p03_BV5-CASSQETISNERLFF-BJ1-4,842.0,1,0,3,2,4,5,2,22,0,2,5,3,0
BL6-BALBc_HTxC,AV7-3-CAEDSGYNKLTF-AJ11*p02_BV13-2-CASGDAGSDYTF-BJ1-2,774.0,0,0,0,1,1,43,0,1,0,1,1,0,0
BL6-BALBc_HTxC,AV14D-2-CAARSGGYKVVF-AJ12_BV5-CASSQVQGNERLFF-BJ1-4,93.0,0,45,0,0,1,0,1,0,0,1,0,0,0
BL6-BALBc_HTxC,AV13D-1-CAMPTSSGQKLVF-AJ16*p02_BV29-CASGQGPYTEVFF-BJ1-1,56.0,8,12,2,10,0,3,4,4,9,2,27,17,0
BL6-BALBc_HTxC,AV8-1-CAPYQGGRALIF-AJ15_BV1-CTCSAGGYAEQFF-BJ2-1,129.0,0,22,0,0,2,0,1,0,0,1,2,0,0
BL6-BALBc_HTxC,AV3-1-CAVRASSGSWQLIF-AJ22_BV4-CASSSIEQFF-BJ2-1,60.0,0,1,0,1,0,0,0,0,0,0,30,0,0
BL6-BALBc_HTxC,AV19-CAAGDAGYQNFYF-AJ49_BV17-CASSRTGGSDYTF-BJ1-2,29.0,1,0,0,0,1,62,0,0,0,0,1,0,0
BL6-BALBc_HTxC,AV5-1-CSASNYAQGLTF-AJ26_BV13-2-CASGGTETLYF-BJ2-3,62.0,6,3,3,14,1,8,0,1,2,10,116,7,0
BL6-BALBc_HTxC,AV10-CAAASSGSWQLIF-AJ22_BV29-CASSLSRGGDTQYF-BJ2-5,454.0,2,11,15,10,13,5,3,1,1,6,12,2,0
BL6-BALBc_HTxC,AV11-CVVGVSGSFNKLTF-AJ4_BV13-3-CASSDAPPNTEVFF-BJ1-1,854.0,0,0,0,60,2,0,1,1,0,0,4,0,0
BL6-BALBc_HTxC,AV6-5-CALSEGGTGYQNFYF-AJ49_BV13-1-CASRDNYEQYF-BJ2-7,200.0,0,0,0,2,277,1,12,0,0,1,3,5,0
BL6-BALBc_HTxC,AV5-1-CSAGGGSNAKLTF-AJ42_BV13-1-CASSDVGGEYEQYF-BJ2-7,122.0,0,4,0,1,1,1,0,0,0,1,100,1,0
BL6-BALBc_HTxC,AV9D-4-CALSPDTNAYKVIF-AJ30_BV13-1-CASSDAGYEQYF-BJ2-7,95.0,0,0,8,1,0,3,0,0,0,1,0,2,0
BL6-BALBc_HTxC,AV16D/DV11-CAMREGDSNYQLIW-AJ33_BV13-2-CASGGLVYEQYF-BJ2-7,553.0,0,0,0,49,31,2,1,0,0,3,4,0,0
BL6-BALBc_HTxC,AV8-1-CATEPDTGYQNFYF-AJ49_BV3-CASSLAWGLNYAEQFF-BJ2-1,170.0,0,0,0,0,0,1,0,1,0,1,24,1,0
BL6-BALBc_HTxC,AV16D/DV11-CAMREGSSGSWQLIF-AJ22_BV19-CASSITENTEVFF-BJ1-1,22.0,0,0,1,1,2,0,1,0,1,1,30,0,0
BL6-BALBc_HTxC,AV16D/DV11-CAMREGETGFASALTF-AJ35_BV31-CAWSLWDIANTEVFF-BJ1-1,32.0,0,0,0,3,0,0,0,0,0,0,0,0,0
BL6-BALBc_HTxC,AV21/DV12-CILRVATGGNNKLTF-AJ56_BV29-CASSPGQQNTLYF-BJ2-4,199.0,0,1,0,1,0,0,0,0,0,1,3,0,0
BL6-BALBc_HTxC,AV3-1-CAVSAGTNAYKVIF-AJ30_BV13-2-CASGTGGGNTLYF-BJ1-3,42.0,0,1,0,0,2,0,11,0,0,0,1,0,0
BL6-BALBc_HTxC,AV16/DV11-CAMREGDTGYQNFYF-AJ49_BV13-2-CASGTGGENTLYF-BJ2-4,28.0,0,0,0,1,0,1,0,27,0,0,0,0,0
BL6-BALBc_HTxC,AV3-1-CAASSGSWQLIF-AJ22_BV19-CASSLGASQNTLYF-BJ2-4,120.0,1,0,0,0,0,0,0,1,2,0,7,0,0
BL6-BALBc_HTxC,AV7D-3-CAVIGSGSWQLIF-AJ22_BV13-2-CASGEPQGANSPLYF-BJ1-6,1526.0,1,3,2,2,4,21,0,2,0,4,3,0,0
BL6-BALBc_HTxC,AV9D-4-CALSFLSGSWQLIF-AJ22_BV13-3-CASSTGKTYEQYF-BJ2-7,217.0,4,0,0,0,0,0,0,1,1,1,23,5,0
BL6-BALBc_HTxC,AV6-2-CVLAPDYSNNRLTL-AJ7_BV5-CASSPILGDSPLYF-BJ1-6,31.0,2,0,0,0,1,1,0,41,1,0,0,0,0
BL6-BALBc_HTxC,AV19-CAGNQGGSAKLIF-AJ57_BV1-CTCSGDREEVFF-BJ1-1,60.0,0,0,0,9,0,0,0,0,0,0,0,0,0
BL6-BALBc_HTxC,AV16/DV11-CAMRSNTGYQNFYF-AJ49_BV13-1-CASSGLREQYF-BJ2-7,548.0,1,0,0,4,4,0,0,1,1,2,2,1,0
BL6-BALBc_HTxC,AV6D-6-CALSDFSNNRLTL-AJ7_BV13-3-CASRDRGEQYF-BJ2-7,56.0,0,0,0,46,1,54,1,0,0,0,2,0,0
BL6-BALBc_HTxC,AV7D-2-CAASSGNTRKLIF-AJ37*p02_BV13-2-CASGDLVGYAEQFF-BJ2-1,103.0,0,0,122,1,3,1,4,0,0,2,3,1,1
BL6-BALBc_HTxC,AV16D/DV11-CAMREGVSAGNKLTF-AJ17*p02_BV13-1-CASSDVGAEQFF-BJ2-1,19.0,0,1,0,0,1,32,0,0,0,0,1,1,0
BL6-BALBc_HTxC,AV16/DV11-CAMREDTGYQNFYF-AJ49_BV13-1-CASGGVYEQYF-BJ2-7,351.0,1,0,1,10,1,2,1,0,1,163,5,1,1
BL6-BALBc_HTxC,AV19-CAAVTGFASALTF-AJ35_BV13-2-CASGYRGTNQAPLF-BJ1-5,381.0,0,8,0,0,1,3,0,2,0,0,0,0,0
BL6-BALBc_HTxC,AV16/DV11-CAMREGNTGYQNFYF-AJ49_BV13-2-CASGDRLNTGQLYF-BJ2-2,41.0,1,0,2,0,4,6,0,8,2,0,0,2,2
BL6-BALBc_HTxC,AV16D/DV11-CAMREGDSAGNKLTF-AJ17*p02_BV13-1-CASSEDSYNSPLYF-BJ1-6,51.0,0,0,0,0,0,1,2,0,0,0,1,0,0
BL6-BALBc_HTxC,AV12-2-CALSEGSNYQLIW-AJ33_BV1-CTCSAVWGEDTQYF-BJ2-5,25.0,0,0,0,39,0,0,0,1,0,1,2,0,0
BL6-BALBc_HTxC,AV7D-2-CAASSGNTRKLIF-AJ37*p02_BV13-2-CASGDLVGYAEQFF-BJ2-1,257.0,0,0,49,0,3,0,1,0,0,0,0,0,0
BL6-BALBc_HTxC,AV12-2-CALSDLRTGGADRLTF-AJ45_BV13-1-CASSDVGAEQFF-BJ2-1,162.0,0,0,0,1,1,1,0,1,0,3,24,5,0
BL6-BALBc_HTxC,AV16D/DV11-CAMRDMDSNYQLIW-AJ33_BV13-1-CASSDAGYEQYF-BJ2-7,221.0,0,1,2,6,62,0,0,0,0,5,1,2,0
BL6-BALBc_HTxC,AV6-7/DV9-CALGEGGYQNFYF-AJ49_BV5-CASSQNRDWAYYEQYF-BJ2-7,23.0,0,1,0,0,0,0,0,3,2,0,0,0,0
BL6-BALBc_HTxC,AV14-2-CAAHTGYQNFYF-AJ49_BV17-CASSKTWGVNYAEQFF-BJ2-1,24.0,0,2,0,0,0,1,2,0,0,0,0,1,0
BL6-BALBc_HTxC,AV3-1-CAVSDQGGRALIF-AJ15_BV1-CTCSATGTGDTEVFF-BJ1-1,375.0,1,0,1,2,2,0,0,1,0,1,0,9,0
BL6-BALBc_HTxC,AV16D/DV11-CAMREGENAYKVIF-AJ30_BV13-2-CASGGTAYEQYF-BJ2-7,106.0,0,0,0,6,1,0,0,1,0,5,0,1,0
BL6-BALBc_HTxC,AV6-7/DV9-CALGEGGYQNFYF-AJ49_BV19-CASSITGNYAEQFF-BJ2-1,1365.0,0,3,7,3,1,5,0,5,0,2,23,1,0
BL6-BALBc_HTxC,AV7D-2-CAASMDYANKMIF-AJ47_BV13-3-CASSDRSEQYF-BJ2-7,72.0,2,0,1,2,0,1,0,0,0,1,1,0,0
BL6-BALBc_HTxC,AV3-1-CAVRASSGSWQLIF-AJ22_BV4-CASSSIEQFF-BJ2-1,446.0,0,1,0,1,3,0,0,2,0,1,159,1,0
BL6-BALBc_HTxC,AV7-3-CADDSGYNKLTF-AJ11*p02_BV13-2-CASGDVGGQNTLYF-BJ2-4,519.0,0,1,0,0,0,6,0,1,0,0,1,0,0
BL6-BALBc_HTxC,AV9-3-CAVSENNNAGAKLTF-AJ39_BV1-CTCSAAWGDTQYF-BJ2-5,29.0,0,0,1,2,1,1,0,1,0,2,0,53,0
BL6-BALBc_HTxC,AV9D-3-CAVSSLGAQGLTF-AJ26_BV13-2-CASGDGDKEQYF-BJ2-7,39.0,0,0,0,0,0,0,0,24,0,0,0,0,0
BL6-BALBc_HTxC,AV19-CAAGDAGYQNFYF-AJ49_BV17-CASSRTGGSDYTF-BJ1-2,402.0,7,7,1,2,1,31,2,1,0,4,7,1,1
BL6-BALBc_HTxC,AV13-1-CAMAGGSALGRLHF-AJ18_BV13-3-CAGEVFF-BJ1-1,377.0,14,6,5,16,3,7,9,3,10,6,115,21,0
BL6-BALBc_HTxC,AV6-3-CAPPGGADRLTF-AJ45_BV13-1-CASSDHRGDQNTLYF-BJ2-4,140.0,35,0,0,2,5,0,0,0,0,0,1,0,0
BL6-BALBc_HTxC,AV16D/DV11-CAMREEDSGTYQRF-AJ13_BV13-1-CASSERLGVSQNTLYF-BJ2-4,41.0,1,0,0,4,0,0,0,0,0,5,10,5,0
BL6-BALBc_HTxC,AV6-6-CALGPNYGGSGNKLIF-AJ32_BV13-2-CASGPSGGADTQYF-BJ2-5,341.0,0,0,2,1,1,1,2,32,0,1,3,1,0
BL6-BALBc_HTxC,AV16D/DV11-CAMREASSGSWQLIF-AJ22_BV13-2-CASGDPTGQEQYF-BJ2-7,33.0,0,0,0,10,1,0,0,2,0,2,1,2,0
BL6-BALBc_HTxC,AV12-2-CALTGGNNKLTF-AJ56_BV1-CTCSAGTGVGAETLYF-BJ2-3,47.0,0,0,0,0,0,1,0,0,1,0,0,4,0
BL6-BALBc_HTxC,AV8-1-CATDWAGGADRLTF-AJ45_BV29-CASSLSTWGGEQYF-BJ2-7,27.0,0,0,0,0,0,0,0,0,0,2,0,1,0
BL6-BALBc_HTxC,AV9D-4-CALSPDTNAYKVIF-AJ30_BV12-1-CASSLWADTQYF-BJ2-5,37.0,0,0,53,0,3,2,1,0,0,1,1,0,0
BL6-BALBc_HTxC,AV3-1-CAVSAGTNAYKVIF-AJ30_BV13-2-CASGTGGGNTLYF-BJ1-3,236.0,0,1,1,0,4,0,9,1,0,1,0,0,0
BL6-BALBc_HTxC,AV3-3-CAVKNTGNYKYVF-AJ40_BV13-3-CASSDRGRQNTLYF-BJ2-4,35.0,2,0,0,0,0,1,0,0,1,2,20,10,0
BL6-BALBc_HTxC,AV8D-1-CATDGSALGRLHF-AJ18_BV1-CTCSATAGDTEVFF-BJ1-1,69.0,0,0,1,0,0,1,1,1,0,0,3,30,0
BL6-BALBc_HTxC,AV16D/DV11-CAMREDTNAYKVIF-AJ30_BV13-2-CASGETGANSDYTF-BJ1-2,195.0,0,1,0,1,0,8,1,12,1,0,3,2,0
BL6-BALBc_HTxC,AV8-2-CATDSGGADRLTF-AJ45_BV3-CASSLVRVEDTQYF-BJ2-5,191.0,1,2,1,2,1,3,0,0,1,52,1,1,0
BL6-BALBc_HTxC,AV2-CIVTASTGGYKVVF-AJ12_BV16-CASSGGGTEVFF-BJ1-1,314.0,1,1,0,2,1,0,0,2,2,5,17,3,0
BL6-BALBc_HTxC,AV16/DV11-CAMREAGYQNFYF-AJ49_BV4-CEGDRNNSPLYF-BJ1-6,127.0,0,0,0,9,0,0,0,0,0,0,0,0,0
BL6-BALBc_HTxC,AV3-3-CAVSMYQGGRALIF-AJ15_BV29-CASSPGTTNTEVFF-BJ1-1,128.0,0,2,2,30,3,1,0,0,0,1,1,2,0
BL6-BALBc_HTxC,AV6-4-CALVPDYANKMIF-AJ47_BV13-3-CASSDRGQVFF-BJ1-1,266.0,2,0,0,0,2,24,0,1,1,1,1,0,0
BL6-BALBc_HTxC,AV9D-4-CALSHDSGYNKLTF-AJ11*p02_BV17-CASSNPGRGGDTQYF-BJ2-5,127.0,3,1,0,0,0,0,1,0,0,2,6,2,0
BL6-BALBc_HTxC,AV16/DV11-CAMREGNTGYQNFYF-AJ49_BV13-2-CASGEGALGNTLYF-BJ1-3,2252.0,0,0,0,11,2,28,2,3,0,6,4,1,1
BL6-BALBc_HTxC,AV9D-4-CALSATNAYKVIF-AJ30_BV13-2-CASGDAAGKDTQYF-BJ2-5,324.0,0,1,1,0,0,1,0,0,0,1,52,0,0
BL6-BALBc_HTxC,AV10-CAASMNYANKMIF-AJ47_BV1-CTCSGTPNSDYTF-BJ1-2,36.0,0,0,1,10,2,0,0,0,0,0,0,0,0
BL6-BALBc_HTxC,AV7-3-CASPNTGYQNFYF-AJ49_BV13-2-CASGGWGSQNTLYF-BJ2-4,138.0,0,0,1,0,16,1,0,0,1,3,2,0,0
BL6-BALBc_HTxC,AV16/DV11-CAIGTGGYKVVF-AJ12_BV3-CASSSDWGDYAEQFF-BJ2-1,127.0,0,0,0,1,0,1,0,32,3,1,3,1,0
BL6-BALBc_HTxC,AV16D/DV11-CAMREDTNAYKVIF-AJ30_BV13-1-CASSDVGAEQFF-BJ2-1,464.0,0,0,0,0,2,19,0,31,0,0,3,0,0
BL6-BALBc_HTxC,AV19-CAAGDGGSNYKQIF-AJ53_BV5-CASSQVQGNERLFF-BJ1-4,34.0,0,1,0,0,1,1,0,0,0,1,0,0,0
BL6-BALBc_HTxC,AV16D/DV11-CAMREDSNYQLIW-AJ33_BV13-2-CASGDNYEQYF-BJ2-7,839.0,0,0,3,4,1010,7,1,7,0,9,10,2,0
BL6-BALBc_HTxC,AV16D/DV11-CAMREANSGTYQRF-AJ13_BV13-2-CASGPDNSGNTLYF-BJ1-3,246.0,0,0,0,0,1,1,0,42,0,1,0,1,0
BL6-BALBc_HTxC,AV3D-3-CAVSMYQGGRALIF-AJ15_BV29-CASSPGTTNTEVFF-BJ1-1,161.0,1,2,0,14,4,1,0,1,0,1,1,0,0
BL6-BALBc_HTxC,AV8-1-CAGNYKYVF-AJ40_BV19-CASSTRGLTEVFF-BJ1-1,84.0,0,0,0,0,0,0,0,0,0,81,6,0,0
BL6-BALBc_HTxC,AV3-1-CAVRASSGSWQLIF-AJ22_BV4-CASSSIEQFF-BJ2-1,946.0,1,3,1,2,4,4,0,2,1,11,137,1,2
BL6-BALBc_HTxC,AV3-1-CAVRASSGSWQLIF-AJ22_BV4-CASSSIEQFF-BJ2-1,258.0,0,0,0,1,1,0,0,0,0,0,56,1,0
BL6-BALBc_HTxC,AV9-4-CAVASMDYANKMIF-AJ47_BV13-2-CASGDRLNTGQLYF-BJ2-2,186.0,0,0,0,0,1,2,0,0,0,2,1,141,0
BL6-BALBc_HTxC,AV12D-1-CALRANTGKLTF-AJ52_BV13-1-CASSDVGAEQFF-BJ2-1,32.0,0,0,0,0,0,75,0,0,0,0,1,1,0
BL6-BALBc_HTxC,AV16/DV11-CAMREDTGYQNFYF-AJ49_BV13-1-CASGGVYEQYF-BJ2-7,46.0,0,0,0,5,1,2,0,0,0,33,0,0,0
BL6-BALBc_HTxC,AV16D/DV11-CAMRADSGYNKLTF-AJ11*p02_BV16-CASSLDQGAITEVFF-BJ1-1,302.0,1,1,0,1,3,2,1,0,0,129,3,2,0
BL6-BALBc_HTxC,AV13-4/DV7-CAMIGASSSFSKLVF-AJ50_BV1-CTCSETGWEQYF-BJ2-7,395.0,18,1,0,6,5,6,1,531,3,8,1,3,0
BL6-BALBc_HTxC,AV7-5-CAMKNYAQGLTF-AJ26_BV29-CASSLRDRAGNTLYF-BJ1-3,888.0,0,1,1,14,0,1,1,0,0,2,3,2,0
BL6-BALBc_HTxC,AV7-3-CAVSLNTGNYKYVF-AJ40_BV13-1-CASSDLRGNSDYTF-BJ1-2,1472.0,0,0,0,9,1,0,0,0,0,0,0,2,0
BL6-BALBc_HTxC,AV6-6-CALGSNTDKVVF-AJ34*p03_BV14-CASRHRDEQYF-BJ2-7,401.0,0,0,0,1,1,3,34,0,0,0,1,0,0
BL6-BALBc_HTxC,AV8-2-CATDIQGGRALIF-AJ15_BV3-CASSWGGADSDYAF-BJ1-2,30.0,9,0,0,0,0,0,0,1,0,2,0,0,0
BL6-BALBc_HTxC,AV6D-6-CALSDFSNNRLTL-AJ7_BV13-3-CASRDRGEQYF-BJ2-7,2.0,0,0,0,1,0,0,0,0,0,0,0,0,0
BL6-BALBc_HTxC,AV8-2-CATEANTGKLTF-AJ52_BV13-1-CASSGGNYAEQFF-BJ2-1,1390.0,0,1,0,7,1,2,0,1,0,1,3,0,0
BL6-BALBc_HTxC,AV16D/DV11-CAMREGNNAGAKLTF-AJ39_BV1-CTCSADRVRDTQYF-BJ2-5,272.0,1,1,1,43,0,5,1,1,0,3,2,0,0
BL6-BALBc_HTxC,AV8-2-CATDDNNAPRF-AJ43*p03_BV3-CASSLARDYEQYF-BJ2-7,84.0,0,0,0,0,0,0,0,0,0,15,0,0,0
BL6-BALBc_HTxC,AV9-3-CAVSMNSGGSNYKLTF-AJ53_BV13-1-CASSDWGAEQYF-BJ2-7,48.0,1,0,2,1,0,0,0,0,0,0,2,3,0
BL6-BALBc_HTxC,AV6-4-CALVDRGTQVVGQLTF-AJ5*p02_BV13-3-CASSESGGASAETLYF-BJ2-3,24.0,0,0,0,6,0,0,0,0,0,0,13,0,0
BL6-BALBc_HTxC,AV16/DV11-CAMREAGYQNFYF-AJ49_BV4-CEGDRNNSPLYF-BJ1-6,53.0,0,0,0,2,0,0,1,1,0,0,0,0,0
BL6-BALBc_HTxC,AV12-3-CALRSASSSFSKLVF-AJ50_BV17-CASSDRYEQYF-BJ2-7,69.0,0,0,2,0,1,5,8,1,0,0,0,0,0
BL6-BALBc_HTxC,AV13-1-CAMESGGSNYKLTF-AJ53_BV1-CTCSALNYAEQFF-BJ2-1,41.0,3,0,1,12,0,0,0,2,0,4,1,0,0
BL6-BALBc_HTxC,AV6-6-CALGSNTDKVVF-AJ34*p03_BV14-CASRHRDEQYF-BJ2-7,59.0,0,7,1,0,3,1,4,1,1,6,0,3,0
BL6-BALBc_HTxC,AV12-3-CALSDTNAYKVIF-AJ30_BV3-CASSPDRDTEVFF-BJ1-1,34.0,6,2,0,0,2,3,0,0,0,1,1,0,0
BL6-BALBc_HTxC,AV16D/DV11-CAMREGDSNYQLIW-AJ33_BV13-2-CASGGLVYEQYF-BJ2-7,399.0,1,0,0,5,3,0,0,0,0,0,2,0,0
BL6-BALBc_HTxC,AV6D-6-CALSESNNNRIFF-AJ31_BV13-3-CASSDPYEQYF-BJ2-7,158.0,0,0,0,1,1,45,3,0,0,0,0,0,0
BL6-BALBc_HTxC,AV16D/DV11-CAMREDNAGAKLTF-AJ39_BV31-CAWSQDNNQAPLF-BJ1-5,27.0,0,0,0,0,0,1,0,73,0,0,0,2,0
BL6-BALBc_HTxC,AV16D/DV11-CAMREGVSAGNKLTF-AJ17*p02_BV13-1-CASSDVGAEQFF-BJ2-1,52.0,0,0,0,0,1,17,0,3,0,1,0,1,0
BL6-BALBc_HTxC,AV7-3-CASPNTGYQNFYF-AJ49_BV13-2-CASGGWGSQNTLYF-BJ2-4,107.0,0,1,0,1,25,0,1,1,0,4,0,2,0
BL6-BALBc_HTxC,AV13-1-CAMESGFASALTF-AJ35_BV13-1-CASSPLRAGNTLYF-BJ1-3,60.0,1,0,0,41,0,0,0,0,0,0,1,0,0
BL6-BALBc_HTxC,AV12-2-CALSEGSNYQLIW-AJ33_BV1-CTCSAVWGEDTQYF-BJ2-5,24.0,0,0,0,16,0,0,0,0,0,0,0,1,0
BL6-BALBc_HTxC,AV9-4-CAVASMDYANKMIF-AJ47_BV13-2-CASGDRLNTGQLYF-BJ2-2,29.0,1,1,0,1,1,0,1,0,0,0,0,48,0
BL6-BALBc_HTxC,AV16D/DV11-CAMRELNYGGSGNKLIF-AJ32_BV1-CTCSAVKNTGQLYF-BJ2-2,21.0,1,0,5,0,3,0,0,1,0,4,5,1,0
BL6-BALBc_HTxC,AV16D/DV11-CAMREGQTGGYKVVF-AJ12_BV13-2-CASGENRANSDYTF-BJ1-2,127.0,2,1,2,2,6,37,178,1,0,2,2,1,0
BL6-BALBc_HTxC,AV16D/DV11-CAMREGDSNYQLIW-AJ33_BV13-2-CASGEAGGTYEQYF-BJ2-7,62.0,0,0,0,0,0,1,2,0,0,2,0,0,0
BL6-BALBc_HTxC,AV16D/DV11-CAMREGPTGNTRKLIF-AJ37*p02_BV13-2-CASGDAPGLGGDTQYF-BJ2-5,383.0,0,0,42,2,1,2,3,5,0,2,13,6,0
BL6-BALBc_HTxC,AV16D/DV11-CAMRESNSGGSNAKLTF-AJ42_BV13-1-CASSGQGTETLYF-BJ2-3,19.0,0,0,0,1,8,0,0,0,0,0,1,0,0
BL6-BALBc_HTxC,AV16D/DV11-CAMREGETNAYKVIF-AJ30_BV2-CASSQDDRPSGNTLYF-BJ1-3,80.0,1,0,3,8,405,1,1,2,1,7,1,1,0
BL6-BALBc_HTxC,AV4D-3-CAAEAGSGSWQLIF-AJ22_BV13-2-CASGDAGERLFF-BJ1-4,62.0,0,0,0,1,0,25,0,0,0,0,1,0,0
BL6-BALBc_HTxC,AV16/DV11-CAMRGLNSGGSNYKLTF-AJ53_BV13-1-CASSDAGYAEQFF-BJ2-1,165.0,1,0,1,0,0,3,0,0,0,4,0,0,0
BL6-BALBc_HTxC,AV12-2-CALSEGSNYQLIW-AJ33_BV1-CTCSAVWGEDTQYF-BJ2-5,23.0,0,0,0,29,1,4,0,0,0,1,0,0,0
BL6-BALBc_HTxC,AV16D/DV11-CAMREGDSNYQLIW-AJ33_BV3-CASSATGANTGQLYF-BJ2-2,53.0,0,0,0,0,42,0,0,0,0,0,2,1,0
BL6-BALBc_HTxC,AV6D-6-CALTPGTGGYKVVF-AJ12_BV13-3-CASSDVPENTLYF-BJ2-4,110.0,0,0,0,0,0,9,0,0,0,0,0,0,0
BL6-BALBc_HTxC,AV9-1-CAVSANYAQGLTF-AJ26_BV5-CASSQDGAANSDYTF-BJ1-2,29.0,2,1,0,0,4,1,0,0,1,9,0,2,0
BL6-BALBc_HTxC,AV10D-CAASSYGGSGNKLIF-AJ32_BV13-3-CASSHRDEQYF-BJ2-7,16.0,0,0,0,0,0,16,0,0,0,0,0,0,0
BL6-BALBc_HTxC,AV14D-2-CAARTGGYKVVF-AJ12_BV5-CASSQVQGNERLFF-BJ1-4,30.0,0,10,0,0,0,1,0,0,0,1,0,0,0
BL6-BALBc_HTxC,AV12-2-CALSEGSNYQLIW-AJ33_BV1-CTCSAVWGEDTQYF-BJ2-5,15.0,0,0,3,0,0,0,0,0,0,0,0,0,0
BL6-BALBc_HTxC,AV6-5-CALIDTNAYKVIF-AJ30_BV29-CASSPGTGKDTQYF-BJ2-5,28.0,0,2,5,2,6,1,0,9,1,6,16,0,0
BL6-BALBc_HTxC,AV14D-2-CAASTNYNVLYF-AJ21*p03_BV31-CAWRDRGNSDYTF-BJ1-2,44.0,0,0,0,0,0,0,1,0,0,1,17,0,0
BL6-BALBc_HTxC,AV3-4-CAVSGGAGAKLTF-AJ39_BV1-CTCSADRVAEQFF-BJ2-1,38.0,0,0,0,2,0,1,0,3,0,0,0,1,0
BL6-BALBc_HTxC,AV16D/DV11-CAMREGSSGSWQLIF-AJ22_BV13-1-CASSDVGDEQYF-BJ2-7,115.0,0,0,0,3,0,16,1,0,0,2,1,0,0
BL6-BALBc_HTxC,AV16D/DV11-CAMREDTGYQNFYF-AJ49_BV13-2-CASKGLGGKDTQYF-BJ2-5,703.0,0,0,0,107,4,1,3,1,0,2,3,0,0
BL6-BALBc_HTxC,AV19-CAAGDAGYQNFYF-AJ49_BV17-CASSRTGGSDYTF-BJ1-2,8.0,0,0,0,0,1,6,1,0,0,0,1,1,0
BL6-BALBc_HTxC,AV9-1-CAVSGDNNNRIFF-AJ31_BV3-CASSLSHYAEQFF-BJ2-1,981.0,1,1,0,4,3,1,0,0,0,63,2,1,0
BL6-BALBc_HTxC,AV16D/DV11-CAMREGYAQGLTF-AJ26_BV13-2-CASWDISGNTLYF-BJ1-3,302.0,0,0,1,48,0,13,0,0,0,1,1,1,0
BL6-BALBc_HTxC,AV9D-4-CALSATNAYKVIF-AJ30_BV13-2-CASGDAAGKDTQYF-BJ2-5,127.0,3,9,8,4,11,3,0,2,2,4,37,5,0
BL6-BALBc_HTxC,AV9D-1-CAASMEDYANKMIF-AJ47_BV13-1-CASSGVGAEQYF-BJ2-1,48.0,0,0,0,9,0,0,0,0,0,4,1,0,0
BL6-BALBc_HTxC,AV5-1-CSASITGGADRLTF-AJ45_BV19-CASSIAGHPSAETLYF-BJ2-3,71.0,0,0,0,6,0,2,0,0,0,0,0,0,0
BL6-BALBc_HTxC,AV16D/DV11-CAMRADNNNRIFF-AJ31_BV13-2-CASGDAPGNSDYTF-BJ1-2,151.0,4,2,1,0,2,10,4,28,0,1,21,3,0
BL6-BALBc_HTxC,AV4-3-CAAEPITGNTRKLIF-AJ37*p02_BV13-1-CASSDAYEQYF-BJ2-7,586.0,4,7,1,1,2,1,0,5,0,8,1,0,0
BL6-BALBc_HTxC,AV16D/DV11-CAMREAGGYKVVF-AJ12_BV13-2-CASGDAGGKAEVFF-BJ1-1,138.0,2,0,0,0,0,20,0,0,0,0,2,0,0
BL6-BALBc_HTxC,AV8D-2-CATDANQGGRALIF-AJ15_BV4-CASSPLGGQYEQYF-BJ2-7,60.0,0,0,0,0,1,0,0,0,0,3,0,1,0
BL6-BALBc_HTxC,AV9-3-CAVSSDYANKMIF-AJ47_BV3-CASSSGTGGYEQYF-BJ2-7,74.0,0,0,0,0,0,1,0,1,0,26,2,3,1
BL6-BALBc_HTxC,AV7-3-CAVSIAGSWQLIF-AJ22_BV13-1-CASSDAGYEQYF-BJ2-7,1280.0,0,1,3,1,1,118,0,1,1,3,5,1,0
BL6-BALBc_HTxC,AV16D/DV11-CAMREANYNVLYF-AJ21*p03_BV13-2-CASGDNYEQYF-BJ2-7,137.0,0,0,0,2,25,0,1,1,0,0,0,1,0
BL6-BALBc_HTxC,AV8-2-CATDLNNNNAPRF-AJ43*p03_BV1-CTCSATGEEVFF-BJ1-1,54.0,0,0,0,0,0,0,0,6,0,0,0,5,0
BL6-BALBc_HTxC,AV19-CAAGDAGYQNFYF-AJ49_BV17-CASSRTGGSDYTF-BJ1-2,122.0,0,0,0,2,1,69,0,0,0,1,2,0,0
BL6-BALBc_HTxC,AV16/DV11-CAMREGNTGYQNFYF-AJ49_BV13-2-CASGQGAGNTLYF-BJ1-3,20.0,0,0,0,0,0,2,0,7,0,0,0,0,0
BL6-BALBc_HTxC,AV3-3-CAVSMYQGGRALIF-AJ15_BV29-CASSPGTTNTEVFF-BJ1-1,235.0,0,0,1,141,3,0,1,1,0,2,3,1,0
BL6-BALBc_HTxC,AV16/DV11-CAMREGPNRIFF-AJ31_BV13-1-CASSDRGVNTEVFF-BJ1-1,71.0,0,1,318,2,0,4,1,1,8,7,10,2,0
BL6-BALBc_HTxC,AV6-5-CALSEGGTGYQNFYF-AJ49_BV13-1-CASRDNYEQYF-BJ2-7,43.0,0,0,0,0,15,2,0,0,0,0,2,1,0
BL6-BALBc_HTxC,AV16D/DV11-CAMREGQTGGYKVVF-AJ12_BV13-2-CASGENRANSDYTF-BJ1-2,65.0,0,0,3,0,0,3,33,0,0,1,0,0,0
BL6-BALBc_HTxC,AV19-CAANNAGAKLTF-AJ39_BV16-CASSLGWGRDAETLYF-BJ2-3,127.0,1,1,0,0,2,1,82,0,0,0,0,0,0
BL6-BALBc_HTxC,AV6-6-CALGPNTGYQNFYF-AJ49_BV13-2-CASGDLYEQYF-BJ2-7,282.0,0,0,0,0,47,7,1,0,0,3,0,0,0
BL6-BALBc_HTxC,AV16/DV11-CAMREGSSNTDKVVF-AJ34*p03_BV5-CASSQDLTNSDYTF-BJ1-2,73.0,1,0,1,1,1,3,0,1,0,0,66,0,0
BL6-BALBc_HTxC,AV16D/DV11-CAMREGNNNNRIFF-AJ31_BV13-1-CASSDWTNNNQAPLF-BJ1-5,28.0,0,0,0,0,0,2,0,0,0,0,0,0,0
BL6-BALBc_HTxC,AV16/DV11-CAMRAMDSNYQLIW-AJ33_BV13-2-CASGDNYEQYF-BJ2-7,76.0,0,1,0,0,53,0,0,0,0,1,0,0,0
BL6-BALBc_HTxC,AV10D-CAAVNNYAQGLTF-AJ26_BV13-1-CASSGTGNTEVFF-BJ1-1,69.0,0,0,0,9,0,0,0,0,0,0,1,1,0
BL6-BALBc_HTxC,AV16/DV11-CAMREGRGGSAKLIF-AJ57_BV13-3-CASSWTGSYNSPLYF-BJ1-6,228.0,1,0,165,0,0,1,1,0,0,3,2,1,0
BL6-BALBc_HTxC,AV4-3-CAAEDYQLIW-AJ33_BV1-CTCSALNYAEQFF-BJ2-1,326.0,0,1,0,87,1,18,0,0,0,4,1,0,0
BL6-BALBc_HTxC,AV9D-4-CALSGYSNNRLTL-AJ7_BV13-1-CASNTGDSPLYF-BJ1-6,60.0,0,0,2,1,1,1,2,0,0,44,182,3,0
BL6-BALBc_HTxC,AV7D-4-CAASGGYRNFYF-AJ49_BV13-1-CASSGTGNTEVFF-BJ1-1,55.0,0,1,0,7,0,0,0,0,0,1,1,1,0
BL6-BALBc_HTxC,AV4-3-CAADQGGRALIF-AJ15_BV13-2-CASGWAPLGDYEQYF-BJ2-7,144.0,0,0,0,2,7,0,0,0,0,0,1,14,0
BL6-BALBc_HTxC,AV9-3-CAVSMPNYNVLYF-AJ21*p03_BV13-3-CASSEQVSYNSPLYF-BJ1-6,49.0,0,0,0,0,0,4,0,0,1,0,0,0,0
BL6-BALBc_HTxC,AV16D/DV11-CAMREGVSAGNKLTF-AJ17*p02_BV13-1-CASSDVGAEQFF-BJ2-1,24.0,0,0,0,1,2,22,0,0,0,0,0,0,0
BL6-BALBc_HTxC,AV9D-4-CALSATNAYKVIF-AJ30_BV13-2-CASGDAAGKDTQYF-BJ2-5,12.0,0,0,0,0,1,0,0,0,0,0,22,0,0
BL6-BALBc_HTxC,AV8-1-CATDGSSGSWQLIF-AJ22_BV4-CASTTANTEVFF-BJ1-1,71.0,0,0,0,0,0,1,0,0,0,0,18,0,0
BL6-BALBc_HTxC,AV6D-6-CALSDPMGYKLTF-AJ9_BV13-3-CASKDRVEQYF-BJ2-7,1967.0,1,5,0,0,1,56,0,1,0,2,0,0,0
BL6-BALBc_HTxC,AV16D/DV11-CAMREGDSNYQLIW-AJ33_BV3-CASSATGANTGQLYF-BJ2-2,14.0,0,0,0,0,16,0,0,0,0,0,0,0,0
BL6-BALBc_HTxC,AV10-CAAASSGSWQLIF-AJ22_BV29-CASSLSRGGDTQYF-BJ2-5,45.0,0,3,0,0,0,2,2,0,1,2,9,0,0
BL6-BALBc_HTxC,AV8D-2-CATDATNYNVLYF-AJ21*p03_BV4-CASSYGGGAGAEQFF-BJ2-1,181.0,0,0,3,0,9,3,0,0,0,1,4,0,0
BL6-BALBc_HTxC,AV6-6-CALGETQVVGQLTF-AJ5*p02_BV13-2-CASGDAGSAETLYF-BJ2-3,609.0,1,7,1,14,3,48,1,2,0,3,3,2,0
BL6-BALBc_HTxC,AV16D/DV11-CAMREGLGYKLTF-AJ9_BV13-2-CASGDGPVNQDTQYF-BJ2-5,994.0,2,0,1,61,2,0,1,0,0,5,1,2,0
BL6-BALBc_HTxC,AV6-6-CALAELMGYKLTF-AJ9_BV19-CASRDRPQDTQYF-BJ2-5,58.0,9,2,4,2,4,0,7,0,1,2,29,10,0
BL6-BALBc_HTxC,AV16/DV11-CAMRSNTGYQNFYF-AJ49_BV13-1-CASSGLREQYF-BJ2-7,558.0,0,2,1,3,3,2,0,2,0,0,0,1,0
BL6-BALBc_HTxC,AV16/DV11-CAMREGSSGSWQLIF-AJ22_BV16-CASSPGQPNTEVFF-BJ1-1,138.0,0,1,0,45,4,0,0,0,1,1,2,0,0
BL6-BALBc_HTxC,AV8-1-CATDQDTGYQNFYF-AJ49_BV3-CASSLEGGRYEQYF-BJ2-7,197.0,0,0,0,1,0,0,1,1,0,1,27,0,0
BL6-BALBc_HTxC,AV16/DV11-CAMREDTGYQNFYF-AJ49_BV13-2-CASGERGRYEQYF-BJ2-7,594.0,0,2,0,5,364,3,2,6,0,3,2,2,0
BL6-BALBc_HTxC,AV13D-1-CAMNQRGSAKLIL-AJ57_BV1-CTCSALNYAEQFF-BJ2-1,46.0,0,1,0,21,1,0,0,0,0,0,1,0,0
BL6-BALBc_HTxC,AV6D-5-CALGDQGGSAKLIF-AJ57_BV13-2-CASGDWGWEQYF-BJ2-7,41.0,0,0,0,0,0,1,0,0,0,3,1,34,0
BL6-BALBc_HTxC,AV16/DV11-CAMREGDTGYQNFYF-AJ49_BV13-2-CASGTGGENTLYF-BJ2-4,161.0,0,0,0,0,0,1,0,8,0,2,0,4,0
BL6-BALBc_HTxC,AV7-3-CAVEPNYNVLYF-AJ21*p03_BV4-CASSSTGVYAEQFF-BJ2-1,11.0,3,0,0,0,0,0,7,0,0,0,6,4,0
BL6-BALBc_HTxC,AV8-2-CATDIQGGRALIF-AJ15_BV3-CASSWGGADSDYTF-BJ1-2,64.0,26,1,0,1,0,0,0,0,1,0,4,2,0
BL6-BALBc_HTxC,AV8-1-CATDADTGYQNFYF-AJ49_BV2-CASSPRWASAEQFF-BJ2-1,280.0,1,0,1,4,1,0,0,1,1,216,46,21,0
BL6-BALBc_HTxC,AV3-3-CAVSMYQGGRALIF-AJ15_BV29-CASSPGTTNTEVFF-BJ1-1,446.0,2,15,0,3,4,0,0,2,1,1,0,1,0
BL6-BALBc_HTxC,AV6-4-CALVAPGYQNFYF-AJ49_BV29-CASSQGGEDEQYF-BJ2-7,47.0,0,0,0,0,0,0,0,0,0,0,10,1,0
BL6-BALBc_HTxC,AV12D-3-CALSHSGYNKLTF-AJ11*p02_BV13-1-CASSGGALEQYF-BJ2-7,64.0,0,0,0,0,0,1,0,0,0,1,64,0,0
BL6-BALBc_HTxC,AV6-1-CVLGASSGSWQLIF-AJ22_BV13-1-CASSGTGSEVFF-BJ1-1,37.0,8,0,0,11,1,0,1,1,6,13,28,4,0
BL6-BALBc_HTxC,AV6-7/DV9-CALGDINAYKVIF-AJ30_BV19-CASSAGGAYAEQFF-BJ2-1,590.0,2,0,0,1,3,0,0,49,1,1,35,0,0
BL6-BALBc_HTxC,AV3-3-CAVSVYGGSGNKLIF-AJ32_BV17-CASSRGQFNQDTQYF-BJ2-5,68.0,0,0,0,0,3,0,0,0,0,1,0,47,0
BL6-BALBc_HTxC,AV8-2-CATDEAGNTRKLIF-AJ37*p02_BV13-2-CASGEGYAEQFF-BJ2-1,200.0,0,0,0,1,2,1,0,1,0,1,1,260,0
BL6-BALBc_HTxC,AV13D-1-CAMERNAGAKLTF-AJ39_BV4-CEGDRNNSPLYF-BJ1-6,900.0,1,0,0,8,3,1,0,3,0,1,1,0,0
BL6-BALBc_HTxC,AV5-4-CAASPDSNYQLIW-AJ33_BV13-1-CASGDPTGQELYF-BJ2-7,214.0,4,1,3,86,6,2,0,12,2,5,25,4,0
BL6-BALBc_HTxC,AV12-3-CALRSASSSFSKLVF-AJ50_BV17-CASSDRYEQYF-BJ2-7,28.0,0,0,0,0,0,8,0,0,0,3,0,0,0
BL6-BALBc_HTxC,AV7D-3-CAVSAWGGRALIF-AJ15_BV1-CTCSATDNSPLYF-BJ1-6,126.0,0,0,1,1,1,0,0,1,0,2,0,26,0
BL6-BALBc_HTxC,AV16D/DV11-CAMREGDSNYQLIW-AJ33_BV13-2-CASGGLVYEQYF-BJ2-7,66.0,0,0,0,10,6,0,1,0,0,0,0,0,0
BL6-BALBc_HTxC,AV3-3-CAVSEDTGYQNFYF-AJ49_BV1-CTCSARLGGYAEQFF-BJ2-1,62.0,0,2,4,1,0,2,0,0,0,2,3,4,0
BL6-BALBc_HTxC,AV16/DV11-CAMREGSSGSWQLIF-AJ22_BV16-CASSPGQPNTEVFF-BJ1-1,765.0,2,1,0,37,0,1,1,0,0,1,0,0,0
BL6-BALBc_HTxC,AV16D/DV11-CAMREDTGYQNFYF-AJ49_BV19-CASTGTGSNYAEQFF-BJ2-1,482.0,1,0,1,28,3,3,2,2,1,179,3,2,0
BL6-BALBc_HTxC,AV6D-7-CALSAPESDKVVF-AJ34*p03_BV13-1-CASRGGFYAEQFF-BJ2-1,106.0,0,0,2,0,1,0,0,0,0,1,45,5,0
BL6-BALBc_HTxC,AV6-4-CALVEGGRALIF-AJ15_BV14-CASRDRDEQYF-BJ2-7,81.0,0,0,2,2,1,0,0,2,12,1,4,0,0
BL6-BALBc_HTxC,AV7D-3-CADDSGYNKHTF-AJ11*p02_BV13-1-CASREINTEVFF-BJ1-1,36.0,0,0,0,0,52,0,1,0,0,0,0,0,0
BL6-BALBc_HTxC,AV13-1-CAATSSGQKLVF-AJ16*p02_BV13-3-CASSDGDTLYEQYF-BJ2-7,43.0,1,0,0,0,0,2,0,0,0,4,0,0,0
BL6-BALBc_HTxC,AV5-1-CSAGGGSNAKLTF-AJ42_BV13-1-CASSDVGGEYEQYF-BJ2-7,119.0,0,0,0,1,2,2,2,1,0,1,245,0,0
BL6-BALBc_HTxC,AV6-4-CALVPDYANKMIF-AJ47_BV13-3-CASSDRGQVFF-BJ1-1,110.0,0,0,0,1,1,17,1,0,0,0,1,0,0
BL6-BALBc_HTxC,AV7-3-CAVASSSFSKLVF-AJ50_BV13-3-CASSDFREQYF-BJ2-7,199.0,1,2,0,2,1,1,0,2,2,0,34,8,0
BL6-BALBc_HTxC,AV7D-3-CAVSPSGSFNKLTF-AJ4_BV13-2-CASGDAGSAETLYF-BJ2-3,5.0,0,0,0,0,0,0,0,0,0,0,2,0,0
BL6-BALBc_HTxC,AV4-3-CAADQGGRALIF-AJ15_BV13-2-CASGWAPLGDYEQYF-BJ2-7,17.0,0,0,0,0,1,1,0,0,0,0,2,13,0
BL6-BALBc_HTxC,AV6-4-CALVGNYGNEKITF-AJ48_BV4-CASSFWGGEGAEQFF-BJ2-1,261.0,3,2,0,0,1,0,0,0,0,2,22,2,0
BL6-BALBc_HTxC,AV12-3-CALSDTNAYKVIF-AJ30_BV3-CASSPDRDTEVFF-BJ1-1,287.0,10,0,1,1,1,1,1,0,0,3,5,1,0
BL6-BALBc_HTxC,AV7D-2-CAASGDAGAKLTF-AJ39_BV13-1-CASSDLNTLYF-BJ2-4,69.0,0,1,0,6,0,0,0,0,0,0,1,0,0
BL6-BALBc_HTxC,AV3D-3-CAVSGAGSWQLIF-AJ22_BV13-1-CASSDVGTEVFF-BJ1-1,110.0,0,0,0,0,3,7,0,1,0,1,1,0,0
BL6-BALBc_HTxC,AV4D-3-CAAGDSNYQLIW-AJ33_BV13-1-CASSDRQVAETLYF-BJ2-3,45.0,2,0,0,0,0,0,2,0,1,2,9,0,0
BL6-BALBc_HTxC,AV6-7/DV9-CALGEGNNAPRF-AJ43*p03_BV14-CASRDRDEQYF-BJ2-7,66.0,15,0,0,0,1,0,0,0,0,0,0,0,0
BL6-BALBc_HTxC,AV6-6-CALGSNTDKVVF-AJ34*p03_BV14-CASRHRDEQYF-BJ2-7,976.0,0,0,1,1,0,4,95,1,0,5,2,4,0
BL6-BALBc_HTxC,AV13D-1-CAMERNAGAKLTF-AJ39_BV13-1-CASSGVYEQYF-BJ2-7,15.0,0,0,0,5,3,0,1,1,0,0,0,0,0
BL6-BALBc_HTxC,AV5-1-CSAGGGSALGRLHF-AJ18_BV1-CTCSAAGGDAEQFF-BJ2-1,1026.0,0,0,1,2,8,1,2,1,0,2,2,12,2
BL6-BALBc_HTxC,AV16/DV11-CAMREGWSSSSGKLVF-AJ50_BV1-CTCSDLGDGTQYF-BJ2-5,298.0,0,1,0,5,1,1,1,1,1,1,3,126,0
BL6-BALBc_HTxC,AV5-1-CPADSNYQLIW-AJ33_BV5-CASSQVWGSQDTQYF-BJ2-5,4.0,0,0,0,3,0,0,0,0,0,2,0,0,0
BL6-BALBc_HTxC,AV6-6-CALGSNTDKVVF-AJ34*p03_BV14-CASRHRDEQYF-BJ2-7,360.0,1,0,1,0,0,7,63,4,1,0,1,1,0
BL6-BALBc_HTxC,AV8-2-CATDRGYQNFYF-AJ49_BV13-2-CASGDANSPLYF-BJ1-6,26.0,0,0,0,0,26,0,0,0,0,0,0,0,0
BL6-BALBc_HTxC,AV7D-3-CAVNPIQKLTF-AJ27_BV1-CTCSAGGYAEQFF-BJ2-1,92.0,2,0,0,3,2,2,1,0,0,1,12,0,0
BL6-BALBc_HTxC,AV14-2-CAASPYTGNYKYVF-AJ40_BV13-2-CASGDQGGDNQAPLF-BJ1-5,15.0,0,0,0,0,1,0,0,0,0,0,12,0,0
BL6-BALBc_HTxC,AV16D/DV11-CAMREDSNYQLIW-AJ33_BV13-2-CASGGAGNSDYTF-BJ1-2,141.0,1,1,2,117,4,1,0,1,0,0,1,2,0
BL6-BALBc_HTxC,AV3-3-CAVSVNYGGSGNKLIF-AJ32_BV5-CASSQDLWGAGSQNTLYF-BJ2-4,371.0,2,1,0,2,1,1,1,3,0,2,0,0,0
BL6-BALBc_HTxC,AV16D/DV11-CAMREANYNVLYF-AJ21*p03_BV13-2-CASGDNYEQYF-BJ2-7,44.0,0,1,0,0,117,2,1,0,0,0,0,0,0
BL6-BALBc_HTxC,AV3D-3-CAVSYYNVLYF-AJ21*p03_BV5-CASSQDWGSSYEQYF-BJ2-7,40.0,0,0,0,1,2,0,0,0,2,0,6,1,0
BL6-BALBc_HTxC,AV19-CAAGDAGYQNFYF-AJ49_BV17-CASSRTGGSDYTF-BJ1-2,225.0,1,1,0,1,0,46,0,0,0,1,5,1,0
BL6-BALBc_HTxC,AV16D/DV11-CAMREGNTGNYKYVF-AJ40_BV13-2-CASVLGGNTEVFF-BJ1-1,23.0,0,0,0,16,0,0,0,0,0,1,0,0,0
BL6-BALBc_HTxC,AV16/DV11-CAMREGASSSFSKLVF-AJ50_BV13-2-CASGDVDTQYF-BJ2-5,30.0,2,0,7,3,8,0,1,38,0,7,1,11,0
BL6-BALBc_HTxC,AV16/DV11-CAMREFNNYAQGLTF-AJ26_BV4-CASSRTGGSQDTQYF-BJ2-5,164.0,0,0,0,0,2,1,0,33,0,0,1,0,0
BL6-BALBc_HTxC,AV16D/DV11-CAMREGDSNYQLIW-AJ33_BV13-2-CASGGLVYEQYF-BJ2-7,72.0,0,0,0,4,10,0,0,0,0,0,0,0,0
BL6-BALBc_HTxC,AV8-1-CAGNYKYVF-AJ40_BV17-CASSPRGGTQYF-BJ2-5,28.0,0,1,0,0,2,1,3,1,1,9,18,4,0
BL6-BALBc_HTxC,AV9-3-CAVSENNNAGAKLTF-AJ39_BV1-CTCSAAWGDTQYF-BJ2-5,3.0,0,2,0,0,0,1,0,1,0,0,8,15,0
BL6-BALBc_HTxC,AV19-CAAGDAGYQNFYF-AJ49_BV17-CASSRTGGSDYTF-BJ1-2,23.0,0,0,0,0,1,32,3,0,0,0,0,1,0
BL6-BALBc_HTxC,AV8-2-CATEANTGKLTF-AJ52_BV13-1-CASSGGNYAEQFF-BJ2-1,1758.0,1,0,2,65,3,2,1,2,1,5,0,1,0
BL6-BALBc_HTxC,AV9D-1-CAASSNTGYQNFYF-AJ49_BV1-CTCSAVWGEDTQYF-BJ2-5,123.0,0,0,0,12,0,4,0,0,0,0,1,1,0
BL6-BALBc_HTxC,AV16D/DV11-CAMREGYAQGLTF-AJ26_BV13-2-CASWDISGNTLYF-BJ1-3,29.0,0,0,0,22,2,2,0,0,0,1,0,0,0
BL6-BALBc_HTxC,AV6-6-CALGAYTGGADRLTF-AJ45_BV1-CTCSGTASQNTLYF-BJ2-4,72.0,0,0,1,5,0,1,0,0,0,1,1,0,0
BL6-BALBc_HTxC,AV6-6-CALGSNTDKVVF-AJ34*p03_BV14-CASRHRDEQYF-BJ2-7,735.0,0,0,0,0,2,1,78,0,1,0,3,2,0
BL6-BALBc_HTxC,AV7-2-CAVLTGNTRKLIF-AJ37*p02_BV19-CASSIVGIYAEQFF-BJ2-1,91.0,0,0,0,2,1,0,0,0,0,46,0,0,0
BL6-BALBc_HTxC,AV3-4-CAVSGDYANKMIF-AJ47_BV14-CASSTGTGDTGQLYF-BJ2-2,534.0,1,0,0,3,2,0,0,1,0,146,0,0,0
BL6-BALBc_HTxC,AV7D-3-CAVSQGGRALIF-AJ15_BV13-1-CASRDNYEQYF-BJ2-7,1228.0,0,0,0,2,1,3,0,1,0,1,1,45,0
BL6-BALBc_HTxC,AV8-1-CAPYQGGRALIF-AJ15_BV17-CASSSGQGRTLYF-BJ2-4,71.0,0,5,0,2,0,0,0,0,0,1,2,0,0
BL6-BALBc_HTxC,AV16D/DV11-CAMREGVSAGNKLTF-AJ17*p02_BV13-1-CASSDVGAEQFF-BJ2-1,95.0,1,1,0,3,1,14,1,0,0,2,0,1,0
BL6-BALBc_HTxC,AV7-4-CAASEYGGSGNKLIF-AJ32_BV5-CASSPHWGQDTQYF-BJ2-5,58.0,0,0,0,6,2,2,0,1,0,0,2,25,0
BL6-BALBc_HTxC,AV10-CAAGQGGRALIF-AJ15_BV31-CAWNWGGSQNTLYF-BJ2-4,1243.0,2,1,0,3,2,17,0,0,0,2,2,1,0
BL6-BALBc_HTxC,AV6-5-CALSEGGTGYQNFYF-AJ49_BV13-1-CASRDNYEQYF-BJ2-7,531.0,0,0,0,0,194,2,0,2,1,1,3,3,0
BL6-BALBc_HTxC,AV7-4-CAASSSSGSWQLIF-AJ22_BV13-2-CASGEAGTGGSPF-BJ2-7,188.0,3,0,0,1,2,6,0,0,1,1,10,0,0
BL6-BALBc_HTxC,AV10D-CAASDSGYNKLTF-AJ11*p02_BV1-CTCSADRVEQYF-BJ2-7,1161.0,21,2,3,5,3,4,2,2,6,7,101,33,0
BL6-BALBc_HTxC,AV12-3-CALSDTNAYKVIF-AJ30_BV3-CASSPDRDTEVFF-BJ1-1,105.0,3,0,0,0,0,0,0,0,1,0,0,0,0
BL6-BALBc_HTxC,AV16/DV11-CAMREGNYANKMIF-AJ47_BV13-2-CASGGQYEQYF-BJ2-7,567.0,0,1,0,2,30,2,1,1,0,4,1,1,0
BL6-BALBc_HTxC,AV9D-1-CAASPGYQNFYF-AJ49_BV13-2-CASGTASAETLYF-BJ2-3,37.0,0,0,0,2,0,1,0,1,0,116,3,1,1
BL6-BALBc_HTxC,AV6-6-CALGSNTDKVVF-AJ34*p03_BV14-CASRHRDEQYF-BJ2-7,150.0,0,1,0,2,0,2,55,0,0,0,2,0,0
BL6-BALBc_HTxC,AV16D/DV11-CAMREASSGSWQLIF-AJ22_BV13-2-CASGDPTGQEQYF-BJ2-7,252.0,1,2,3,238,2,0,1,3,0,12,5,2,0
BL6-BALBc_HTxC,AV16D/DV11-CAMREAGGYKVVF-AJ12_BV13-2-CASGDAGGKAEVFF-BJ1-1,1030.0,0,0,0,2,1,54,0,0,1,0,2,0,0
BL6-BALBc_HTxC,AV7D-3-CAVSQGGRALIF-AJ15_BV13-2-CASGGGDRGPYEQYF-BJ2-7,873.0,0,15,7,2,1,3,3,0,0,5,0,1,0
BL6-BALBc_HTxC,AV16/DV11-CAMREGRGGSAKLIF-AJ57_BV13-3-CASSWTGSYNSPLYF-BJ1-6,151.0,0,1,178,2,3,1,0,0,0,1,2,1,0
BL6-BALBc_HTxC,AV8-1-CAPYQGGRALIF-AJ15_BV1-CTCSAGGYAEQFF-BJ2-1,46.0,0,4,0,0,0,1,0,1,0,0,15,0,0
BL6-BALBc_HTxC,AV14D-2-CAARTGGYKVVF-AJ12_BV5-CASSQVQGNERLFF-BJ1-4,12.0,0,18,0,0,1,0,0,0,0,0,0,0,0
BL6-BALBc_HTxC,AV12-2-CALSDEQGTGSKLSF-AJ58_BV2-CASSHRDWGYEQYF-BJ2-7,85.0,11,0,0,0,1,0,0,0,0,0,0,0,0
BL6-BALBc_HTxC,AV9-2-CAASMDYANKMIF-AJ47_BV3-CASSLGAGYEQYF-BJ2-7,175.0,0,0,0,2,0,0,1,1,0,173,0,1,0
BL6-BALBc_HTxC,AV16/DV11-CAMREGYGYGGSGNKLIF-AJ32_BV13-2-CASGGRTGASYEQYF-BJ2-7,119.0,2,1,5,163,1,6,3,0,3,4,9,3,0
BL6-BALBc_HTxC,AV16D/DV11-CAMREGGGYKVVF-AJ12_BV13-2-CASGASPNTEVFF-BJ1-1,71.0,0,0,1,26,0,0,0,0,0,1,1,0,0
BL6-BALBc_HTxC,AV16D/DV11-CAMREANTGNYKYVF-AJ40_BV13-2-CASGDNYEQYF-BJ2-7,178.0,0,0,1,0,144,8,1,1,0,2,4,2,0
BL6-BALBc_HTxC,AV6-7/DV9-CALGDINAYKVIF-AJ30_BV19-CASSAGGAYAEQFF-BJ2-1,38.0,0,1,0,0,0,0,0,1,0,1,19,2,0
BL6-BALBc_HTxC,AV12-1-CALSPTGGNNKLTF-AJ56_BV13-1-CASWGGAFAEQFF-BJ2-1,381.0,0,0,0,0,1,0,1,0,2,2,20,3,0
BL6-BALBc_HTxC,AV7D-2-CAASSGNTRKLIF-AJ37*p02_BV13-2-CASGDLVGYAEQFF-BJ2-1,550.0,1,2,102,2,1,0,0,0,0,2,2,1,0
BL6-BALBc_HTxC,AV7D-4-CAASPSSGSWQLIF-AJ22_BV13-1-CASSDVGYEQYF-BJ2-7,349.0,1,1,0,1,1,63,0,1,1,5,3,2,2
BL6-BALBc_HTxC,AV12-2-CALTGGNNKLTF-AJ56_BV1-CTCSAGTGVGAETLYF-BJ2-3,8.0,0,0,0,0,1,0,0,0,0,0,0,6,0
BL6-BALBc_HTxC,AV9-4-CAVTANYNVLYF-AJ21*p03_BV5-CASSPPGLGEDTQYF-BJ2-5,55.0,0,0,0,0,1,2,0,1,0,4,10,0,2
BL6-BALBc_HTxC,AV16D/DV11-CAMRDMDSNYQLIW-AJ33_BV13-2-CASGDNRGNSDYTF-BJ1-2,65.0,0,3,1,4,4,0,0,0,0,0,0,0,0
BL6-BALBc_HTxC,AV16D/DV11-CAMREANSAGNKLTF-AJ17*p02_BV13-1-CASSDVSTEVFF-BJ1-1,102.0,0,0,0,3,0,75,1,4,0,2,2,3,1
BL6-BALBc_HTxC,AV8-1-CATDQDTGYQNFYF-AJ49_BV3-CASSLEGGRYEQYF-BJ2-7,818.0,6,0,0,1,0,2,0,2,0,1,29,0,0
BL6-BALBc_HTxC,AV5-1-CSATYATSSGQK-AJ16*p02_BV13-3-CASSEQGNYAEQFF-BJ2-1,308.0,0,0,0,1,0,34,1,1,0,1,2,0,0
BL6-BALBc_HTxC,AV8-1-CATEPDTGYQNFYF-AJ49_BV3-CASSLAWGLNYAEQFF-BJ2-1,67.0,0,0,0,2,0,2,0,1,0,0,125,1,0
BL6-BALBc_HTxC,AV13-4/DV7-CAMEHSSGSWQLIF-AJ22_BV4-CASSYGVQYF-BJ2-7,396.0,1,0,0,0,2,3,0,2,0,0,204,1,0
BL6-BALBc_HTxC,AV9D-3-CAVGDSNYQLIW-AJ33_BV13-1-CASSDTPNSDYTF-BJ1-2,24.0,0,0,0,0,0,0,0,2,0,1,5,2,0
BL6-BALBc_HTxC,AV7D-3-CAVPGGYKVVF-AJ12_BV4-CASSYRAETLYF-BJ2-3,209.0,15,1,0,0,3,0,0,0,0,0,0,1,0
BL6-BALBc_HTxC,AV7-4-CAASDPGYQNFYF-AJ49_BV1-CTCSAGTDLSNERLFF-BJ1-4,25.0,0,0,0,0,0,0,0,0,0,0,109,0,0
BL6-BALBc_HTxC,AV7D-4-CAASAPNYNVLYF-AJ21*p03_BV19-CASSINFYADQFF-BJ2-1,51.0,3,8,4,2,1,2,2,1,13,25,50,31,0
BL6-BALBc_HTxC,AV5-1-CSAVMDYANKMIF-AJ47_BV29-CASSSGGYTEVFF-BJ1-1,11.0,2,3,0,1,0,1,0,0,0,0,3,0,0
BL6-BALBc_HTxC,AV8D-2-CATDPSGSWQLIF-AJ22_BV16-CASSLPPPDSAETLYF-BJ2-3,911.0,0,1,0,2,0,0,1,0,0,2,0,2,0
BL6-BALBc_HTxC,AV16D/DV11-CAMREGLEGNTRKLIF-AJ37*p02_BV1-CTCSAPGLGSQDTQYF-BJ2-5,359.0,0,1,2,129,0,1,0,1,0,2,0,0,0
BL6-BALBc_HTxC,AV16D/DV11-CAMREGNTRKLIF-AJ37*p02_BV13-2-CASGDSYEQYF-BJ2-7,239.0,1,0,0,1,329,1,0,1,0,1,3,1,0
BL6-BALBc_HTxC,AV16/DV11-CAMREGPSGSWQLIF-AJ22_BV1-CTCSAGTDLSNERLFF-BJ1-4,33.0,0,0,0,1,1,1,0,0,0,1,65,0,0
BL6-BALBc_HTxC,AV2-CIVTGFGGSGNKLIF-AJ32_BV13-2-CASGGRDNQAPLF-BJ1-5,51.0,0,0,0,0,0,0,0,0,0,2,1,2,0
BL6-BALBc_HTxC,AV16D/DV11-CAMREEDSGTYQRF-AJ13_BV13-1-CASSERLGVSQNTLYF-BJ2-4,415.0,2,0,0,4,0,1,0,0,0,1,42,4,0
BL6-BALBc_HTxC,AV3-3-CAVSDRGSALGRLHF-AJ18_BV13-2-CASGENRGNSDYTF-BJ1-2,92.0,1,1,1,0,0,6,8,2,0,1,4,1,1
BL6-BALBc_HTxC,AV16D/DV11-CAMRDDDSNYQLIW-AJ33_BV17-CASSRSRTAETLYF-BJ2-3,32.0,0,0,0,9,0,0,0,0,0,0,0,1,0
BL6-BALBc_HTxC,AV3-1-CAVSVRSNYQLIW-AJ33_BV1-CTCSADRVGTGQLYF-BJ2-2,132.0,0,0,1,42,0,0,0,0,0,1,0,2,0
BL6-BALBc_HTxC,AV16/DV11-CAMREDTGYQNFYF-AJ49_BV13-1-CASGGVYEQYF-BJ2-7,239.0,0,2,1,45,2,2,0,2,0,408,9,1,0
BL6-BALBc_HTxC,AV7D-2-CAARNMGYKLTF-AJ9_BV13-1-CASSGDKNTEVFF-BJ1-1,61.0,0,48,0,0,1,0,0,0,0,0,1,0,0
BL6-BALBc_HTxC,AV7D-2-CAASSGNTRKLIF-AJ37*p02_BV13-2-CASGDLVGYAEQFF-BJ2-1,1029.0,0,1,132,3,2,2,3,2,0,2,3,2,0
BL6-BALBc_HTxC,AV16D/DV11-CAMREANSGTYQRF-AJ13_BV13-2-CASGPDNSGNTLYF-BJ1-3,121.0,1,0,0,0,0,0,0,91,0,3,1,0,2
BL6-BALBc_HTxC,AV12-2-CALTGGNNKLTF-AJ56_BV1-CTCSAGTGVGAETLYF-BJ2-3,86.0,0,0,1,0,2,0,0,0,0,0,2,8,0
BL6-BALBc_HTxC,AV13D-2-CAIDTNTGKLTF-AJ27_BV19-CATDNSGNTLYF-BJ1-3,212.0,0,0,1,0,0,42,0,1,0,0,1,0,0
BL6-BALBc_HTxC,AV4D-3-CAAEDGGYKVVF-AJ12_BV13-1-CASSDAGYEQYF-BJ2-7,132.0,0,0,0,0,0,13,1,0,0,0,0,1,0
BL6-BALBc_HTxC,AV7-3-CAVSPSSFSKLVF-AJ50_BV29-CASSPYRNGAPLF-BJ1-5,77.0,10,2,5,2,0,0,1,2,4,6,51,15,0
BL6-BALBc_HTxC,AV5-1-CSASSFASALTF-AJ35_BV1-CTCSADHERLFF-BJ1-4,63.0,0,0,1,7,0,0,0,0,0,0,0,1,0
BL6-BALBc_HTxC,AV5-1-CSASSGSWQLIF-AJ22_BV13-2-CASGEVGSNTEVFF-BJ1-1,71.0,0,0,1,0,1,0,0,0,0,0,8,2,0
BL6-BALBc_HTxC,AV16/DV11-CAMRRSGSFNKLTF-AJ4_BV29-CASSFRGDTGQLYF-BJ2-2,40.0,2,4,0,0,1,1,0,5,4,6,24,1,0
BL6-BALBc_HTxC,AV12-3-CALSDTNAYKVIF-AJ30_BV3-CASSPDRDTEVFF-BJ1-1,97.0,6,0,0,0,0,3,0,1,0,0,1,0,0
BL6-BALBc_HTxC,AV7D-3-CAVPGGYKVVF-AJ12_BV4-CASSYRAETLYF-BJ2-3,235.0,10,1,1,0,0,0,0,0,0,6,0,4,0
BL6-BALBc_HTxC,AV16/DV11-CAMREGNTGYQNFYF-AJ49_BV13-2-CASGQGGNTLYF-BJ1-3,91.0,3,0,0,5,5,2,0,6,3,0,13,6,0
BL6-BALBc_HTxC,AV8-2-CATDIQGGRALIF-AJ15_BV3-CASSWGGADSDYTF-BJ1-2,36.0,11,1,0,0,0,0,0,1,0,0,0,0,0
BL6-BALBc_HTxC,AV16D/DV11-CAMREGVSAGNKLTF-AJ17*p02_BV13-1-CASSDVGAEQFF-BJ2-1,84.0,0,0,0,0,0,8,1,0,0,5,1,1,0
BL6-BALBc_HTxC,AV6-1-CVLGPSSGSWQLIF-AJ22_BV13-2-CASGANTEVFF-BJ1-1,59.0,0,0,2,0,0,1,0,4,0,52,0,1,0
BL6-BALBc_HTxC,AV3-4-CAVSGDYANKMIF-AJ47_BV3-CASSLGTGGYEQYF-BJ2-7,85.0,2,1,1,0,0,1,2,0,0,69,18,2,0
BL6-BALBc_HTxC,AV8-1-CATERDTNTGKLTF-AJ27_BV12-1-CASSLGTGGYEQYF-BJ2-7,41.0,0,0,58,0,0,0,3,1,0,1,1,0,0
BL6-BALBc_HTxC,AV16D/DV11-CAMREGVSAGNKLTF-AJ17*p02_BV13-1-CASSDVGAEQFF-BJ2-1,132.0,0,0,0,0,2,155,3,1,0,2,4,3,0
BL6-BALBc_HTxC,AV16/DV11-CAMKATGNTRKLIF-AJ37*p02_BV13-2-CASGDVGENTLYF-BJ2-4,84.0,0,0,1,0,0,1,0,0,5,0,0,0,0
BL6-BALBc_HTxC,AV16D/DV11-CAMREGYAQGLTF-AJ26_BV13-2-CASWDISGNTLYF-BJ1-3,103.0,0,0,0,83,0,13,0,0,0,1,1,1,0
BL6-BALBc_HTxC,AV3D-3-CAVSGDMGYKLTF-AJ9_BV5-CASSQGDWGYAEQFF-BJ2-1,169.0,2,1,0,105,4,0,4,1,0,1,1,0,0
BL6-BALBc_HTxC,AV6-4-CALVDYQLIW-AJ33_BV1-CTCSATGSAETLYF-BJ2-3,28.0,1,1,1,1,1,0,0,0,0,2,0,0,0
BL6-BALBc_HTxC,AV16/DV11-CAMREDQGGSAKLIF-AJ57_BV1-CTCSADRVSYEQYF-BJ2-7,923.0,0,1,0,68,1,2,0,1,0,0,2,0,0
BL6-BALBc_HTxC,AV9D-4-CALSPDTNAYKVIF-AJ30_BV12-1-CASSLWADTQYF-BJ2-5,141.0,0,1,149,2,0,1,1,3,0,6,1,3,0
BL6-BALBc_HTxC,AV9-3-CAVSENNNAGAKLTF-AJ39_BV1-CTCSAAWGDTQYF-BJ2-5,41.0,0,0,0,0,1,2,0,3,0,1,2,34,0
BL6-BALBc_HTxC,AV16/DV11-CAMREDSGYNKLTF-AJ11*p02_BV13-1-CASSGLDTLYF-BJ2-4,129.0,0,1,0,1,0,1,0,1,0,6,77,0,1
BL6-BALBc_HTxC,AV8-2-CAHNNNRIFF-AJ31_BV5-CASSPPTGGGTEVFF-BJ1-1,30.0,0,1,1,0,0,0,0,2,0,1,3,2,0
BL6-BALBc_HTxC,AV9D-3-CAVSPYDAGAKLTF-AJ39_BV17-CASSSGQPNTGQLYF-BJ2-2,138.0,0,0,0,2,1,0,0,0,0,0,1,0,0
BL6-BALBc_HTxC,AV12-2-CALSDQGDTGNYKYVF-AJ40_BV29-CASSWRGSNSDYTF-BJ1-2,84.0,1,5,1,3,4,0,3,6,1,5,1,7,0
BL6-BALBc_HTxC,AV16D/DV11-CAMREGYAQGLTF-AJ26_BV13-2-CANWDISGNTLYF-BJ1-3,50.0,0,0,0,102,0,41,1,0,0,1,2,0,0
BL6-BALBc_HTxC,AV7D-3-CAVSPETGSWQLIF-AJ22_BV13-2-CASGRQITEVFF-BJ1-1,465.0,2,1,0,1,0,2,0,2,0,33,13,0,0
BL6-BALBc_HTxC,AV16/DV11-CAMREDSNTDKVVF-AJ34*p03_BV13-1-CASSPGTGGNTLYF-BJ1-3,125.0,0,0,0,0,1,0,0,0,0,0,20,0,0
BL6-BALBc_HTxC,AV16D/DV11-CAMRELTGNTRKLIF-AJ37*p02_BV13-2-CASGDINTEVFF-BJ1-1,456.0,0,1,0,0,37,1,0,0,0,0,2,1,0
BL6-BALBc_HTxC,AV7-3-CAVIGSGSWQLIF-AJ22_BV13-2-CASSEGTGGIYEQYF-BJ2-7,212.0,0,1,0,0,1,16,2,0,0,2,4,64,0
BL6-BALBc_HTxC,AV7D-3-CAVIGSGSWQLIF-AJ22_BV13-2-CASGDSYEQYF-BJ2-7,28.0,0,0,0,0,0,21,1,0,0,0,2,0,1
BL6-BALBc_HTxC,AV8-2-CATDAPGNYKYVF-AJ40_BV1-CTCSAVPLGQTEVFF-BJ1-1,248.0,3,0,1,51,0,0,1,0,0,2,3,4,0
BL6-BALBc_HTxC,AV10-CAASTDYAQGLTF-AJ26_BV3-CASSPGVSYEQYF-BJ2-7,28.0,0,0,1,1,0,0,0,0,1,56,0,0,0
BL6-BALBc_HTxC,AV12-2-CALSDLRTGGADRLTF-AJ45_BV13-1-CASSDVGAEQFF-BJ2-1,491.0,0,0,1,2,3,2,9,2,0,4,33,0,1
BL6-BALBc_HTxC,AV9-3-CAVSLNAGAKLTF-AJ39_BV19-CASSINLYEQYF-BJ2-7,159.0,0,0,0,0,0,0,0,0,0,2,2,0,0
BL6-BALBc_HTxC,AV16D/DV11-CAMRELDSNYQLIW-AJ33_BV13-2-CASGEPPGNSDYTF-BJ1-2,180.0,0,0,0,1,17,1,3,3,0,1,4,0,0
BL6-BALBc_HTxC,AV13-1-CAMESGFASALTF-AJ35_BV13-1-CASSPLRAGNTLYF-BJ1-3,51.0,0,0,0,48,1,0,0,1,1,0,2,0,0
BL6-BALBc_HTxC,AV16D/DV11-CAMREASSGSWQLIF-AJ22_BV13-2-CASGDPTGQEQYF-BJ2-7,58.0,0,0,1,26,6,0,1,0,1,3,0,1,0
BL6-BALBc_HTxC,AV8-1-CATGANTGKLTF-AJ52_BV3-CASSPDWGTSAETLYF-BJ2-3,60.0,2,0,1,4,1,0,1,1,2,5,18,4,0
BL6-BALBc_HTxC,AV5-1-CSASSGSWQLIF-AJ22_BV13-2-CASGEVGSNTEVFF-BJ1-1,38.0,0,3,0,1,4,0,0,0,3,2,13,0,0
BL6-BALBc_HTxC,AV7-3-CADDSGYNKLTF-AJ11*p02_BV13-2-CASGDVGGQNTLYF-BJ2-4,142.0,0,0,0,0,0,18,0,0,0,0,0,0,0
BL6-BALBc_HTxC,AV6-6-CALGDSNYQLIW-AJ33_BV14-CASSPLGGRNYAEQFF-BJ2-1,56.0,0,0,0,0,1,5,0,1,0,1,0,0,0
BL6-BALBc_HTxC,AV12D-1-CALRANTGKLTF-AJ52_BV14-CASSFWTDSYEQYF-BJ2-7,703.0,0,2,0,1,1,0,98,2,0,2,3,0,2
BL6-BALBc_HTxC,AV16D/DV11-CAMSSNYQLIW-AJ33_BV13-2-CASGVPGQGGQAPLF-BJ1-5,10.0,3,0,0,1,0,0,0,0,0,0,3,1,0
BL6-BALBc_HTxC,AV5-1-CSASSGSWQLIF-AJ22_BV13-2-CASGEVGSNTEVFF-BJ1-1,59.0,2,3,0,5,1,2,0,1,3,5,15,12,0
BL6-BALBc_HTxC,AV16/DV11-CAMREGNTGYQNFYF-AJ49_BV1-CTCSAERFNQDTQYF-BJ2-5,30.0,0,0,0,2,0,5,0,0,0,0,2,0,0
BL6-BALBc_HTxC,AV14-2-CAAHTGYQNFYF-AJ49_BV17-CASSKTWGVNYAEQFF-BJ2-1,382.0,0,6,0,0,3,0,0,0,0,0,0,0,0
BL6-BALBc_HTxC,AV9-3-CAVSSDYANKMIF-AJ47_BV3-CASSSGTGGYEQYF-BJ2-7,572.0,1,0,2,5,3,3,1,1,2,53,3,0,2
BL6-BALBc_HTxC,AV7D-2-CAASSGNTRKLIF-AJ37*p02_BV13-2-CASGDLVGYAEQFF-BJ2-1,737.0,2,1,55,2,2,2,4,7,0,9,11,1,2
BL6-BALBc_HTxC,AV6-7/DV9-CALGEGNNAPRF-AJ43*p03_BV13-2-CASGEAGTGGSPF-BJ2-7,130.0,12,0,0,3,0,0,1,0,1,0,23,0,0
BL6-BALBc_HTxC,AV16/DV11-CAIGTGGYKVVF-AJ12_BV3-CASSSDWGDYAEQFF-BJ2-1,261.0,1,1,0,2,2,5,1,51,1,5,2,1,0
BL6-BALBc_HTxC,AV9-3-CAVCNNNNAPRF-AJ43*p03_BV13-1-CASSDATEGVFF-BJ1-1,40.0,6,0,8,9,1,1,4,4,6,9,73,20,0
BL6-BALBc_HTxC,AV6-5-CALSEGGTGYQNFYF-AJ49_BV13-1-CASRDNYEQYF-BJ2-7,43.0,0,1,0,3,47,3,0,1,1,1,4,0,0
BL6-BALBc_HTxC,AV16D/DV11-CAKNSGGSNAKLTF-AJ42_BV1-CTCTGQFYAEQFF-BJ2-1,37.0,1,43,0,1,1,0,1,0,1,3,22,5,0
BL6-BALBc_HTxC,AV7-3-CAVNYAQGLTF-AJ26_BV19-CASSMWQYEQYF-BJ2-7,75.0,0,1,4,3,0,1,1,10,1,4,0,3,0
BL6-BALBc_HTxC,AV8-2-CATDIQGGRALIF-AJ15_BV3-CASSWGGADSDYTF-BJ1-2,874.0,15,1,0,2,2,2,4,0,0,2,0,0,0
BL6-BALBc_HTxC,AV16/DV11-CAMREDSGANKMIF-AJ47_BV13-2-CASGDVYEQYF-BJ2-7,453.0,0,2,0,1,18,1,1,65,0,2,2,0,0
BL6-BALBc_HTxC,AV10-CAAVMDYANKMIF-AJ47_BV3-CASSSGQQDTQYF-BJ2-5,352.0,0,0,0,4,2,0,0,0,0,2,1,0,0
BL6-BALBc_HTxC,AV6-6-CALGSNTDKVVF-AJ34*p03_BV14-CASRHRDEQYF-BJ2-7,693.0,1,1,0,0,1,16,89,0,0,1,2,0,0
BL6-BALBc_HTxC,AV7D-3-CADDSGYNKLTF-AJ11*p02_BV13-2-CASAGANSDYTF-BJ1-2,198.0,0,0,0,22,5,11,0,2,0,1,2,0,0
BL6-BALBc_HTxC,AV3-3-CAVSGEGSALGRLHF-AJ18_BV1-CTCSAGGGYAEQFF-BJ2-1,1000.0,0,0,2,26,2,0,1,1,0,0,1,5,0
BL6-BALBc_HTxC,AV14-2-CAAHTGYQNFYF-AJ49_BV17-CASSKTWGVNYAEQFF-BJ2-1,43.0,0,0,0,0,0,2,3,1,0,0,0,0,0
BL6-BALBc_HTxC,AV16D/DV11-CAMREGVSAGNKLTF-AJ17*p02_BV13-1-CASSDVGAEQFF-BJ2-1,271.0,3,0,0,1,5,152,2,2,0,2,3,0,0
BL6-BALBc_HTxC,AV14D-2-CAASGASSSFSKLVF-AJ50_BV3-CASSLEGATSAETLYF-BJ2-3,422.0,0,0,1,2,3,8,1,2,0,3,9,9,0
BL6-BALBc_HTxC,AV16/DV11-CAMREGNSGGSNYKLTF-AJ53_BV13-1-CASTGVNTEVFF-BJ1-1,148.0,0,0,0,13,15,0,0,1,0,0,8,1,0
BL6-BALBc_HTxC,AV7-4-CAARDSNYQLIW-AJ33_BV17-CASSSPRNYYAEQFF-BJ2-1,45.0,0,0,0,94,2,1,1,0,0,0,1,0,0
BL6-BALBc_HTxC,AV13-4/DV7-CAMEHSSGSWQLIF-AJ22_BV4-CASSYGVQYF-BJ2-7,858.0,0,0,0,2,2,1,0,0,0,0,50,0,0
BL6-BALBc_HTxC,AV7-1-CAVSMDMGYKLTF-AJ9_BV13-2-CASGDSYEQYF-BJ2-7,46.0,1,0,0,45,1,0,0,0,0,4,1,0,0
BL6-BALBc_HTxC,AV6-4-CALVEGGRALIF-AJ15_BV14-CASRDRDEQYF-BJ2-7,23.0,0,0,0,1,0,0,0,0,3,0,0,0,0
BL6-BALBc_HTxC,AV5D-4-CAANTGYQNFYF-AJ49_BV20-CGAREGGNYAEQFF-BJ2-1,81.0,0,0,0,1,1,0,1,8,0,3,22,10,0
BL6-BALBc_HTxC,AV8D-1-CATEPDTGYQNFYF-AJ49_BV3-CASSLAWGLNYAEQFF-BJ2-1,347.0,0,1,1,1,0,3,0,0,0,0,12,0,0
BL6-BALBc_HTxC,AV16D/DV11-CAMREAETGGYKVVF-AJ12_BV13-2-CASGDSTGNSDYTF-BJ1-2,44.0,0,0,0,0,14,0,0,2,0,1,0,0,0
BL6-BALBc_HTxC,AV6-5-CALNDLGGYKLTF-AJ9_BV29-CASTSGNQDTQYF-BJ2-5,90.0,0,1,0,2,1,2,0,0,0,1,28,1,0
BL6-BALBc_HTxC,AV13D-1-CAMEPPSGSWQLIF-AJ22_BV4-CASSYERLFF-BJ1-4,33.0,0,0,1,1,0,1,0,4,0,0,23,0,0
BL6-BALBc_HTxC,AV7D-5-CALSGGSNYKLTF-AJ53_BV14-CASSPLRVAEQFF-BJ2-1,100.0,0,0,0,61,0,1,1,0,0,0,0,2,0
BL6-BALBc_HTxC,AV21/DV12-CILRGMPNYNVLYF-AJ21*p03_BV13-3-CASSAGTRGNTLYF-BJ1-3,176.0,4,0,2,2,0,3,0,0,1,5,47,8,0
BL6-BALBc_HTxC,AV3-4-CAVSPNTGYQNFYF-AJ49_BV29-CASSLFGAEQFF-BJ2-1,296.0,1,3,0,0,3,4,0,1,0,2,5,1,0
BL6-BALBc_HTxC,AV12-2-CALSSNTDKVVF-AJ34*p03_BV13-3-CASSLWGGSYEQYF-BJ2-7,2729.0,5,0,2,5,1,0,4,5,0,9,2,0,0
BL6-BALBc_HTxC,AV9D-4-CALSPDTNAYKVIF-AJ30_BV12-1-CASSLWADTQYF-BJ2-5,201.0,1,0,19,2,1,2,0,2,0,0,0,0,0
BL6-BALBc_HTxC,AV9D-4-CALSFLSGSWQLIF-AJ22_BV13-3-CASSTGKTYEQYF-BJ2-7,909.0,7,3,0,6,5,0,2,3,6,1,44,4,0
BL6-BALBc_HTxC,AV9-2-CAASGIYAQGLTF-AJ26_BV17-CASSPGQGATGQLYF-BJ2-2,95.0,4,0,4,2,1,1,0,0,4,13,35,17,0
BL6-BALBc_HTxC,AV6D-4-CALAYQGGRALIF-AJ15_BV13-2-CASGGAGNSDYTF-BJ1-2,114.0,0,1,2,112,0,1,0,0,1,2,0,3,0
BL6-BALBc_HTxC,AV16/DV11-CAMRDKNTGYQNFYF-AJ49_BV13-1-CASSDRGVQDTQYF-BJ2-5,57.0,0,0,1,1,1,1,0,0,0,0,11,4,0
BL6-BALBc_HTxC,AV12-2-CALAYNYAQGLTF-AJ26_BV31-CACTGVTGNTLYF-BJ1-3,24.0,6,6,9,3,4,2,5,3,5,28,46,19,0
BL6-BALBc_HTxC,AV12D-3-CALRDYSNNRLTL-AJ7_BV13-1-CASSDANAEQFF-BJ2-1,87.0,0,0,0,1,0,0,0,1,0,0,1,0,0
BL6-BALBc_HTxC,AV5-1-CSASSGSWQLIF-AJ22_BV13-2-CASGEVGSNTEVFF-BJ1-1,516.0,0,1,6,4,2,1,0,1,0,12,6,0,2
BL6-BALBc_HTxC,AV5D-4-CAASEDTDKVVF-AJ34*p03_BV2-CASSQNWGGNQDTQYF-BJ2-5,6.0,0,2,0,0,2,1,0,17,0,0,0,2,0
BL6-BALBc_HTxC,AV7-3-CAPDSGYNKLTF-AJ11*p02_BV3-CASSLGTGGEQYF-BJ2-7,603.0,0,2,0,6,2,3,0,29,0,48,7,1,0
BL6-BALBc_HTxC,AV7-5-CAMNTGYQNFYF-AJ49_BV13-2-CASGDVGDSDYTF-BJ1-2,168.0,0,0,0,0,1,5,1,0,0,4,2,0,1
BL6-BALBc_HTxC,AV4-2-CAAEARNVGDNSKLIW-AJ38_BV14-CASSFGGTGVYEQYF-BJ2-7,10.0,2,2,0,0,0,2,1,0,1,2,15,0,0
BL6-BALBc_HTxC,AV7D-3-CAVIGSGSWQLIF-AJ22_BV13-2-CASGEPQGANSPLYF-BJ1-6,70.0,0,0,0,0,0,3,0,0,0,1,1,0,0
BL6-BALBc_HTxC,AV16/DV11-CAMREDSGGSNYKLTF-AJ53_BV16-CASSLPRLGNQDTQYF-BJ2-5,1031.0,1,1,0,1,0,1,0,0,2,4,2,1,0
BL6-BALBc_HTxC,AV16D/DV11-CAMREGDNNRIFF-AJ31_BV13-2-CASGDNYEQYF-BJ2-7,655.0,0,0,0,0,241,3,1,0,0,3,4,75,1
BL6-BALBc_HTxC,AV4D-3-CAAEDGGYKVVF-AJ12_BV13-2-CASGDSYEQYF-BJ2-7,67.0,0,1,1,1,150,2,0,2,0,0,2,0,0
BL6-BALBc_HTxC,AV14-1-CAASDPGTGSNRLTF-AJ28_BV13-1-CASTGGYAEQFF-BJ2-1,9.0,0,0,0,0,0,0,0,0,0,0,18,0,0
BL6-BALBc_HTxC,AV16D/DV11-CAMREGQTGGYKVVF-AJ12_BV13-2-CASGENRANSDYTF-BJ1-2,16.0,0,0,0,0,0,4,45,0,0,0,0,0,0
BL6-BALBc_HTxC,AV8-2-CATEANTGKLTF-AJ52_BV13-1-CASSGGNYAEQFF-BJ2-1,1406.0,1,1,0,13,3,2,0,1,1,1,1,0,0
BL6-BALBc_HTxC,AV7D-2-CAATGNTRKLIF-AJ37*p02_BV13-2-CASGTGDYAEQFF-BJ2-1,58.0,1,0,3,0,14,2,4,3,0,4,0,1,0
BL6-BALBc_HTxC,AV16D/DV11-CAMREASSGSWQLIF-AJ22_BV13-2-CASGDPTGQEQYF-BJ2-7,912.0,1,1,0,316,2,2,0,5,0,0,9,7,0
BL6-BALBc_HTxC,AV6-6-CALASFSNTDKVVF-AJ34*p03_BV13-3-CASSDVRDGNTLYF-BJ1-3,70.0,0,1,0,63,0,0,0,0,0,0,1,1,0
BL6-BALBc_HTxC,AV16D/DV11-CAMREDGGSGNKLIF-AJ32_BV13-2-CASGDVNTEVFF-BJ1-1,60.0,0,0,1,0,179,0,0,4,0,4,4,3,0
BL6-BALBc_HTxC,AV9-4-CAVSPYDAGAKLTF-AJ39_BV17-CASSSGQPNTGQLYF-BJ2-2,11.0,0,1,0,11,0,0,0,0,0,2,0,1,0
BL6-BALBc_HTxC,AV16D/DV11-CAMREVTGANTGKLTF-AJ52_BV1-CTCSVDRIQDTQYF-BJ2-5,84.0,0,0,0,1,0,0,0,1,0,0,0,1,0
BL6-BALBc_HTxC,AV16D/DV11-CAMREASSGSWQLIF-AJ22_BV13-2-CASGDPTGQEQYF-BJ2-7,26.0,0,0,1,55,2,1,0,0,0,3,0,0,0
BL6-BALBc_HTxC,AV6-4-CALVPSSGSWQLIF-AJ22_BV4-CASSYNERLFF-BJ1-4,211.0,0,0,7,0,1,0,1,0,0,2,10,0,0
BL6-BALBc_HTxC,AV16D/DV11-CAMREASSGSWQLIF-AJ22_BV13-2-CASGDPTGQEQYF-BJ2-7,104.0,0,0,0,23,1,0,1,0,0,0,0,1,0
BL6-BALBc_HTxC,AV7D-5-CAVSMPGANTGKLTF-AJ52_BV29-CASSSGRNSPLYF-BJ1-6,110.0,0,7,0,0,0,1,0,2,0,0,0,0,0
BL6-BALBc_HTxC,AV7D-3-CADDSGYNKLTF-AJ11*p02_BV13-2-CASGETGSQNTLYF-BJ2-4,377.0,0,0,0,1,0,13,0,0,0,1,1,0,0
BL6-BALBc_HTxC,AV7D-3-CAVIGSGSWQLIF-AJ22_BV13-2-CASGEPQGANSPLYF-BJ1-6,61.0,1,0,0,1,0,23,1,0,0,0,0,0,0
BL6-BALBc_HTxC,AV16D/DV11-CAMRGHQGGRALIF-AJ15_BV13-2-CASGDAQNQNTLYF-BJ2-4,139.0,0,2,1,0,2,1,6,14,0,0,11,8,0
BL6-BALBc_HTxC,AV16/DV11-CAMRESMATGGNNKLTF-AJ56_BV13-1-CASSDAGGWEQYF-BJ2-7,423.0,0,1,0,2,2,1,2,0,0,3,2,88,0
BL6-BALBc_HTxC,AV8-2-CATDSGGADRLTF-AJ45_BV3-CASSLVRVEDTQYF-BJ2-5,56.0,0,0,0,2,0,0,0,0,0,41,0,0,0
BL6-BALBc_HTxC,AV3-3-CAVSITGNTRKLIF-AJ37*p02_BV4-CASSWGLGDTGQLYF-BJ2-2,231.0,0,1,4,0,2,3,0,91,0,2,4,0,0
BL6-BALBc_HTxC,AV7-3-CAVDNAGAKLTF-AJ39_BV13-1-CASSDAGYEQYF-BJ2-7,199.0,0,0,0,0,0,52,0,2,0,0,0,1,0
BL6-BALBc_HTxC,AV7-4-CAASDPGYQNFYF-AJ49_BV1-CTCSAGTDLSNERLFF-BJ1-4,93.0,1,3,0,1,9,9,3,2,4,1,349,2,0
BL6-BALBc_HTxC,AV3-3-CAVSMYQGGRALIF-AJ15_BV29-CASSPGTTNTEVFF-BJ1-1,139.0,0,0,1,31,1,0,0,0,0,1,3,0,0
BL6-BALBc_HTxC,AV3-1-CAVRASSGSWQLIF-AJ22_BV4-CASSSIEQFF-BJ2-1,845.0,5,2,2,1,6,3,2,3,0,7,311,5,0
BL6-BALBc_HTxC,AV3-3-CAVSGGYKVVF-AJ12_BV5-CASSQVQGNERLFF-BJ1-4,267.0,9,2,2,9,1,3,2,1,0,3,56,10,0
BL6-BALBc_HTxC,AV3D-3-CAVTSSSGSWQLIF-AJ22_BV13-1-CASSERRGDSDYTF-BJ1-2,1608.0,0,0,1,85,3,1,0,0,0,3,3,2,0
BL6-BALBc_HTxC,AV13-4/DV7-CAMESTGSKLSF-AJ58_BV13-1-CASLGAQQYF-BJ2-7,55.0,0,0,0,0,0,1,0,0,0,0,12,17,0
BL6-BALBc_HTxC,AV4-3-CAADQGGRALIF-AJ15_BV13-2-CASGWAPLGDYEQYF-BJ2-7,40.0,0,0,0,0,0,0,0,0,0,1,0,8,0
BL6-BALBc_HTxC,AV3D-3-CAVTSSSGSWQLIF-AJ22_BV17-CASSAGQANTGQLYF-BJ2-2,232.0,0,0,1,0,0,3,0,1,0,0,0,4,0
BL6-BALBc_HTxC,AV19-CAAGDAGYQNFYF-AJ49_BV17-CASSRTGGSDYTF-BJ1-2,38.0,0,0,3,0,0,50,9,3,0,1,1,1,0
BL6-BALBc_HTxC,AV3-3-CAVGAGNTRKLIF-AJ37*p02_BV13-2-CASGPSGGADTQYF-BJ2-5,60.0,1,0,0,0,4,0,0,74,0,1,0,1,0
BL6-BALBc_HTxC,AV16/DV11-CAMREGDTGYQNFYF-AJ49_BV13-2-CASGTGGENTLYF-BJ2-4,499.0,0,2,1,1,5,3,0,349,0,4,2,3,0
BL6-BALBc_HTxC,AV13-4/DV7-CAMEHSSGSWQLIF-AJ22_BV4-CASSYGVQYF-BJ2-7,206.0,1,1,1,2,0,7,2,5,0,8,264,12,0
BL6-BALBc_HTxC,AV6-3-CAMRDGNEKITF-AJ48_BV1-CTCSAVRVPGNTLYF-BJ1-3,23.0,0,0,0,48,0,0,0,0,0,3,2,1,0
BL6-BALBc_HTxC,AV16/DV11-CAMREAFSGGSNAKLTF-AJ42_BV13-2-CASGDSYEQYF-BJ2-7,99.0,0,1,0,0,139,1,0,2,1,16,6,0,0
BL6-BALBc_HTxC,AV7-3-CAVNYAQGLTF-AJ26_BV13-1-CASSDLLGGREQYF-BJ2-7,485.0,2,0,0,0,1,1,1,0,0,0,22,3,0
BL6-BALBc_HTxC,AV12-2-CALSEDSAGNKLTF-AJ17*p02_BV16-CASSLDITGGAQEQYF-BJ2-7,205.0,5,0,0,2,0,2,0,1,1,1,0,0,0
BL6-BALBc_HTxC,AV16/DV11-CAMREGDSNYQLIW-AJ33_BV13-2-CASGVPTGTEVFF-BJ1-1,127.0,0,0,0,9,0,1,0,0,1,1,0,0,0
BL6-BALBc_HTxC,AV6D-6-CALRWDTNAYKVIF-AJ30_BV19-CASRGGVTYEQYF-BJ2-7,514.0,0,0,4,69,6,1,0,0,4,2,4,2,0
BL6-BALBc_HTxC,AV16/DV11-CAMRDLDTNAYKVIF-AJ30_BV1-CTCSADRGREQYF-BJ2-7,162.0,0,7,4,0,1,1,0,0,0,0,0,0,0
BL6-BALBc_HTxC,AV13-4/DV7-CAMDNAGAKLTF-AJ39_BV16-CASSLGNEQYF-BJ2-7,61.0,0,4,0,3,3,0,0,0,4,11,39,10,0
BL6-BALBc_HTxC,AV4D-3-CAAENMGYKLTF-AJ9_BV31-CAWSQDNNQAPLF-BJ1-5,52.0,11,0,0,0,0,0,0,0,0,0,0,0,0
BL6-BALBc_HTxC,AV16D/DV11-CAMREAGGYKVVF-AJ12_BV13-2-CASGDAGGKAEVFF-BJ1-1,75.0,1,0,0,0,4,22,0,0,0,0,3,1,0
BL6-BALBc_HTxC,AV10D-CAASDSGYNKLTF-AJ11*p02_BV13-1-CASSGGVQNTLYF-BJ2-4,118.0,0,0,0,16,0,0,0,0,0,1,2,1,0
BL6-BALBc_HTxC,AV13D-2-CAIDLASSGSWQLIF-AJ22_BV30-CSSRPGHTGQLYF-BJ2-2,146.0,3,0,0,0,1,2,1,0,3,6,32,1,0
BL6-BALBc_HTxC,AV14-3-CAASPHYGNEKITF-AJ48_BV1-CTCSADWGQDTQYF-BJ2-5,170.0,15,5,0,4,3,4,6,3,5,11,107,22,0
BL6-BALBc_HTxC,AV8-1-CATDASSGSWQLIF-AJ22_BV4-CASTTANTEVFF-BJ1-1,36.0,0,0,0,1,0,0,2,0,0,0,76,0,0
BL6-BALBc_HTxC,AV5-1-CSASNTNTGKLTF-AJ27_BV1-CTCSAVRFSGNTLYF-BJ1-3,111.0,0,1,1,17,0,1,2,1,0,0,0,0,0
BL6-BALBc_HTxC,AV3D-3-CAVTSSSGSWQLIF-AJ22_BV17-CASSAGQANTGQLYF-BJ2-2,621.0,0,4,2,3,6,0,1,3,0,9,6,2,1
BL6-BALBc_HTxC,AV7D-2-CAASKNYGNEKITF-AJ48_BV31-CAWNSLFSNERLFF-BJ1-4,27.0,5,2,2,6,0,2,9,1,5,1,19,11,0
BL6-BALBc_HTxC,AV5-1-CSASSGSWQLIF-AJ22_BV13-2-CASGEVGSNTEVFF-BJ1-1,18.0,1,0,0,2,0,0,0,0,2,3,4,1,0
BL6-BALBc_HTxC,AV16D/DV11-CAIIGDSNYQLIW-AJ33_BV1-CTCSADLQIYNSPLYF-BJ1-6,126.0,0,0,0,11,0,0,0,0,0,0,0,0,0
BL6-BALBc_HTxC,AV8-1-CATEPDTGYQNFYF-AJ49_BV3-CASSLAWGLNYAEQFF-BJ2-1,56.0,0,2,0,1,0,0,0,0,0,2,14,8,0
BL6-BALBc_HTxC,AV16D/DV11-CAMREDSNYQLIW-AJ33_BV5-CASSQDYWGVGDTQYF-BJ2-5,417.0,0,0,1,1,0,0,1,29,0,0,0,0,0
BL6-BALBc_HTxC,AV9D-1-CAASSNTGYQNFYF-AJ49_BV1-CTCSAVWGEDTQYF-BJ2-5,436.0,0,0,0,10,1,1,1,0,0,1,3,3,0
BL6-BALBc_HTxC,AV5-1-CSASITGGADRLTF-AJ45_BV19-CASSIAGHPSAETLYF-BJ2-3,25.0,0,0,0,0,0,0,0,1,0,0,0,0,0
BL6-BALBc_HTxC,AV12D-2-CALSAYQGGRALIF-AJ15_BV19-CASTPGPQNTLYF-BJ2-4,136.0,0,0,0,3,0,1,0,0,1,3,1,3,1
BL6-BALBc_HTxC,AV16D/DV11-CAMREGDSNYQLIW-AJ33_BV13-2-CASGGLVYEQYF-BJ2-7,1735.0,0,1,0,6,23,1,0,2,0,3,2,0,0
BL6-BALBc_HTxC,AV6-4-CALVAPGYQNFYF-AJ49_BV29-CASSQGGEDEQYF-BJ2-7,50.0,1,1,2,0,0,0,2,0,0,0,5,1,0
BL6-BALBc_HTxC,AV16D/DV11-CAMREDTNTGKLTF-AJ27_BV13-2-CASGDAGGKAEVFF-BJ1-1,51.0,0,0,0,0,0,0,0,0,0,0,0,7,0
BL6-BALBc_HTxC,AV16D/DV11-CAMREGNNAGAKLTF-AJ39_BV1-CTCSADRVRDTQYF-BJ2-5,112.0,1,1,0,23,0,0,1,1,0,2,3,0,0
BL6-BALBc_HTxC,AV12-2-CALTGGNNKLTF-AJ56_BV1-CTCSAGTGVGAETLYF-BJ2-3,51.0,0,0,0,0,1,0,1,0,0,0,0,12,0
BL6-BALBc_HTxC,AV16/DV11-CAMREAGYQNFYF-AJ49_BV3-CASSSGTGGYEQYF-BJ2-7,2815.0,1,2,0,7,1,2,2,3,2,169,5,5,0
BL6-BALBc_HTxC,AV16/DV11-CAMREGDTGYQNFYF-AJ49_BV13-2-CASGTGGENTLYF-BJ2-4,17.0,0,0,0,0,0,1,1,53,0,0,6,0,0
BL6-BALBc_HTxC,AV16/DV11-CAIGTGGYKVVF-AJ12_BV3-CASSSDWGDYAEQFF-BJ2-1,491.0,2,1,7,2,0,0,0,78,0,2,3,1,0
BL6-BALBc_HTxC,AV10D-CAAVNNYAQGLTF-AJ26_BV13-1-CASSGTGNTEVFF-BJ1-1,81.0,0,0,0,6,0,0,0,0,0,2,0,0,0
BL6-BALBc_HTxC,AV7D-4-CAASAFDSGYNKLTF-AJ11*p02_BV5-CASSPGQNYAEQFF-BJ2-1,129.0,8,0,0,1,1,0,0,3,1,0,13,0,0
BL6-BALBc_HTxC,AV16D/DV11-CAMREGDSNYQLIW-AJ33_BV13-2-CASGGLVYEQYF-BJ2-7,112.0,0,1,0,14,5,0,0,0,0,0,3,0,0
BL6-BALBc_HTxC,AV9D-1-CAAKPNYNVLYF-AJ21*p03_BV29-CASRIANTEVFF-BJ1-1,76.0,11,0,0,4,2,2,4,3,7,16,49,14,1
BL6-BALBc_HTxC,AV16/DV11-CAMREGASSSFSKLVF-AJ50_BV13-2-CASGDVDTQYF-BJ2-5,49.0,2,0,0,0,6,0,1,18,3,1,10,11,0
BL6-BALBc_HTxC,AV9D-4-CALSANMGYKLTF-AJ9_BV13-1-CASSEGTGGIYEQYF-BJ2-7,38.0,0,0,0,0,2,3,0,0,0,0,2,60,0
BL6-BALBc_HTxC,AV6-6-CALGSNTDKVVF-AJ34*p03_BV14-CASRHRDEQYF-BJ2-7,512.0,0,0,0,10,4,2,94,0,1,1,2,1,0
BL6-BALBc_HTxC,AV7-3-CAVSMGYAQGLTF-AJ26_BV13-1-CASSEAGNYAEQFF-BJ2-1,213.0,1,211,2,1,1,93,2,1,0,0,2,0,0
BL6-BALBc_HTxC,AV4-3-CAAEAAYQNFYF-AJ49_BV4-CASSNRVEQYF-BJ2-7,110.0,23,0,0,3,0,0,0,0,0,0,0,0,0
BL6-BALBc_HTxC,AV13-1-CAMESGGSNYKLTF-AJ53_BV1-CTCSALNYAEQFF-BJ2-1,295.0,0,1,0,84,0,0,0,1,0,3,3,0,0
BL6-BALBc_HTxC,AV4D-3-CAAENMGYKLTF-AJ9_BV31-CAWSSDNNQAPLF-BJ1-5,1681.0,13,1,0,2,3,3,0,1,0,4,2,1,0
BL6-BALBc_HTxC,AV6-7/DV9-CALGDINAYKVIF-AJ30_BV19-CASSAGGAYAEQFF-BJ2-1,1460.0,2,0,1,0,0,2,1,1,0,1,34,1,0
BL6-BALBc_HTxC,AV13-2-CAIDGNTRKLIF-AJ37*p02_BV20-CGAFGTEVFF-BJ1-1,44.0,0,5,0,0,0,1,2,0,0,0,1,0,1
BL6-BALBc_HTxC,AV13D-2-CAIDPNYNVLYF-AJ21*p03_BV13-2-CASGDSYEQYF-BJ2-7,156.0,1,0,3,1,1,20,8,0,0,2,2,0,0
BL6-BALBc_HTxC,AV13-4/DV7-CAMDSNTGYQNFYF-AJ49_BV20-CGARLGESNTLYF-BJ2-4,10.0,1,2,3,4,0,2,0,0,1,3,12,16,0
BL6-BALBc_HTxC,AV12-2-CALSDLYAQGLTF-AJ26_BV1-CTCSAAGDGNTLYF-BJ1-3,90.0,0,1,0,0,0,0,0,0,0,1,29,6,0
BL6-BALBc_HTxC,AV16D/DV11-CAMREGTGGADRLTF-AJ45_BV3-CASSPYWGSQDTQYF-BJ2-5,16.0,0,0,0,0,1,0,0,0,0,12,0,0,0
BL6-BALBc_HTxC,AV8-2-CATDIQGGRALIF-AJ15_BV3-CASSWGGADSDYTF-BJ1-2,305.0,4,0,0,0,0,0,0,0,0,1,0,0,0
BL6-BALBc_HTxC,AV9-1-CAVSAYSNYQLIW-AJ33_BV1-CTCSADRVEQYF-BJ2-7,47.0,1,0,0,1,0,0,0,0,1,0,10,0,0
BL6-BALBc_HTxC,AV16D/DV11-CAMREDTGYQNFYF-AJ49_BV19-CASTGTGSNYAEQFF-BJ2-1,58.0,2,0,1,3,3,2,2,0,0,360,1,1,0
BL6-BALBc_HTxC,AV3D-3-CAVISSGSWQLIF-AJ22_BV13-2-CASGDVGGQNTLYF-BJ2-4,296.0,0,1,0,30,0,1,0,0,0,3,1,0,0
BL6-BALBc_HTxC,AV3-3-CAVGDYANKMIF-AJ47_BV13-2-CASGEGGGYEQYF-BJ2-7,26.0,0,0,1,0,1,0,0,0,2,1,18,0,0
BL6-BALBc_HTxC,AV13D-1-CAMELDYSNNRLTL-AJ7_BV4-CASSYVRGGEVFF-BJ1-1,80.0,1,0,0,0,4,0,0,1,0,0,0,0,0
BL6-BALBc_HTxC,AV6D-7-CALSEGGSALGRLHF-AJ18_BV4-CASSLGPYEQYF-BJ2-7,117.0,0,0,0,1,0,0,0,0,0,0,29,0,0
BL6-BALBc_HTxC,AV8-1-CVSNTGYQNFYF-AJ49_BV29-CASSSQGAEVFF-BJ1-1,46.0,2,2,0,1,4,4,7,3,0,0,10,2,0
BL6-BALBc_HTxC,AV8-1-CAPYQGGRALIF-AJ15_BV13-1-CASSETGLDNQAPLF-BJ1-5,132.0,0,32,0,1,0,1,0,5,0,1,0,1,0
BL6-BALBc_HTxC,AV16D/DV11-CAMREGGTNTGKLTF-AJ27_BV13-1-CASSDAGTHNERLFF-BJ1-4,70.0,0,0,1,0,0,0,1,0,1,2,2,2,0
BL6-BALBc_HTxC,AV3-3-CAVIIFSNTDKVVF-AJ34*p03_BV17-CASSRDRVPETLYF-BJ2-3,39.0,0,0,1,1,1,0,1,0,0,0,0,32,0
BL6-BALBc_HTxC,AV7-3-CADDSGYNKLTF-AJ11*p02_BV13-2-CASGDVGGQNTLYF-BJ2-4,188.0,0,1,0,0,0,10,0,0,0,0,0,0,0
BL6-BALBc_HTxC,AV7D-3-CAVIGSGSWQLIF-AJ22_BV13-2-CASGEPQGANSPLYF-BJ1-6,92.0,0,1,0,1,1,15,1,0,1,0,0,0,0
BL6-BALBc_HTxC,AV7-2-CAVLTGNTRKLIF-AJ37*p02_BV19-CASSIVGIYAEQFF-BJ2-1,73.0,3,0,0,0,0,0,0,0,0,18,2,0,0
BL6-BALBc_HTxC,AV4D-3-CAAENMGYKLTF-AJ9_BV31-CAWSSDNNQAPLF-BJ1-5,265.0,13,0,0,1,0,0,0,3,1,4,3,0,0
BL6-BALBc_HTxC,AV9-3-CAVSENNNAGAKLTF-AJ39_BV1-CTCSAAWGDTQYF-BJ2-5,119.0,0,1,0,2,0,20,2,0,0,0,1,57,0
BL6-BALBc_HTxC,AV16D/DV11-CAMREGAGYQNFYF-AJ49_BV13-2-CASGARDGKNTLYF-BJ2-4,24.0,0,0,2,1,0,0,0,0,0,0,0,0,0
BL6-BALBc_HTxC,AV16/DV11-CAIGTGGYKVVF-AJ12_BV3-CASSSDWGDYAEQFF-BJ2-1,326.0,0,0,0,1,0,1,0,13,0,2,2,1,0
BL6-BALBc_HTxC,AV12-2-CALSGGNYKPTF-AJ6_BV1-CTCSADFGTGDTLYF-BJ2-4,10.0,1,0,0,0,0,0,0,2,0,0,0,10,0
BL6-BALBc_HTxC,AV9-4-CAVSHSNYQLIW-AJ33_BV19-CASTPTGIAEQFF-BJ2-1,55.0,0,1,0,0,3,0,0,1,1,141,6,0,0
BL6-BALBc_HTxC,AV5-1-CSASSFASALTF-AJ35_BV1-CTCSADHERLFF-BJ1-4,198.0,0,0,0,32,0,0,1,0,1,0,7,0,0
BL6-BALBc_HTxC,AV6D-6-CALSDFSNNRLTL-AJ7_BV13-2-CASGDPTGQEQYF-BJ2-7,44.0,0,0,0,36,0,31,0,0,0,0,2,1,0
BL6-BALBc_HTxC,AV16D/DV11-CAMREGESAGNKLTF-AJ17*p02_BV13-2-CASGARLGEAEQFF-BJ2-1,78.0,0,0,0,1,0,0,6,2,0,1,1,0,0
BL6-BALBc_HTxC,AV9-1-CAVSANSGGSNYKLTF-AJ53_BV13-1-CASSDWGGGEQYF-BJ2-7,284.0,0,3,1,3,2,3,1,5,0,4,2,0,0
BL6-BALBc_HTxC,AV16D/DV11-CAMREGDAYKVIF-AJ30_BV13-2-CASGDRNTEVFF-BJ1-1,693.0,0,4,1,6,431,6,1,4,0,4,4,2,0
BL6-BALBc_HTxC,AV16D/DV11-CAMREASSGSWQLIF-AJ22_BV13-2-CASGDPTGQEQYF-BJ2-7,381.0,0,0,0,127,0,0,2,1,0,3,7,3,0
BL6-BALBc_HTxC,AV16D/DV11-CAMREGQTGGYKVVF-AJ12_BV13-2-CASGENRANSDYTF-BJ1-2,53.0,0,2,0,1,0,0,44,1,0,1,1,0,0
BL6-BALBc_HTxC,AV9-4-CAVASMDYANKMIF-AJ47_BV13-2-CASGDRLNTGQLYF-BJ2-2,68.0,0,1,0,0,1,0,0,2,0,0,3,106,0
BL6-BALBc_HTxC,AV6-4-CALVAPRF-AJ13_BV29-CASIGGSSAETLYF-BJ2-3,858.0,10,2,0,2,2,2,4,0,3,2,54,18,0
BL6-BALBc_HTxC,AV5-1-CSRNNYAQGLTF-AJ26_BV2-CASSQDDRPSGNTLYF-BJ1-3,118.0,0,1,1,2,132,2,0,0,2,2,0,1,0
BL6-BALBc_HTxC,AV6-7/DV9-CALGEGNNAPRF-AJ43*p03_BV2-CASSHRDTYNSPLYF-BJ1-6,105.0,3,0,0,1,3,1,0,0,0,0,1,0,0
BL6-BALBc_HTxC,AV8-2-CATDAGNNNAPRF-AJ43*p03_BV14-CASSWGQGSSYEQYF-BJ2-7,66.0,0,0,12,0,0,0,0,1,0,1,1,0,0
BL6-BALBc_HTxC,AV16D/DV11-CAMREAGGYKVVF-AJ12_BV13-2-CASGDAGGKAEVFF-BJ1-1,835.0,0,1,0,2,3,167,0,0,0,9,5,0,0
BL6-BALBc_HTxC,AV16D/DV11-CAMREGVSAGNKLTF-AJ17*p02_BV13-1-CASSDVGAEQFF-BJ2-1,40.0,1,0,2,0,1,28,0,0,0,1,2,4,0
BL6-BALBc_HTxC,AV10D-CAAIMDYANKMIF-AJ47_BV13-1-CASGGAETLYF-BJ2-3,37.0,0,0,0,3,0,0,0,2,0,0,8,0,0
BL6-BALBc_HTxC,AV16/DV11-CAMREGDSNYQLIW-AJ33_BV13-2-CASGVPTGTEVFF-BJ1-1,162.0,0,0,0,7,0,1,0,0,0,0,8,2,0
BL6-BALBc_HTxC,AV16D/DV11-CAMREGYAQGLTF-AJ26_BV13-2-CASWDISGNTLYF-BJ1-3,176.0,0,0,0,89,0,19,0,1,0,1,3,1,0
BL6-BALBc_HTxC,AV8-1-CATGTGGYKVVF-AJ12_BV13-3-CASSDETNERLFF-BJ1-4,72.0,2,0,0,1,0,0,1,1,0,2,2,6,0
BL6-BALBc_HTxC,AV16D/DV11-CAMREVYAQGLTF-AJ26_BV5-CASSQDVDWGAEQYF-BJ2-7,45.0,0,0,0,1,0,0,0,0,0,1,3,1,0
BL6-BALBc_HTxC,AV3-1-CAVSAGTNAYKVIF-AJ30_BV13-2-CASGTGGGNTLYF-BJ1-3,25.0,0,0,0,0,0,0,11,0,0,0,0,1,0
BL6-BALBc_HTxC,AV13D-1-CDMEQDRIFF-AJ31_BV12-2-CASSLGQTGQLYF-BJ2-2,48.0,22,0,0,0,0,0,1,1,0,0,0,0,0
BL6-BALBc_HTxC,AV16/DV11-CAMREDGGSGNKLIF-AJ32_BV13-2-CASGDINTEVFF-BJ1-1,42.0,0,0,0,1,95,2,0,3,0,1,0,1,0
BL6-BALBc_HTxC,AV7D-3-CAVSQGGRALIF-AJ15_BV1-CTCSAGTTEVFF-BJ1-1,389.0,0,0,0,1,5,1,0,0,0,9,1,1,0
BL6-BALBc_HTxC,AV16D/DV11-CAKNSGGSNAKLTF-AJ42_BV1-CTCTGQFYAEQFF-BJ2-1,60.0,1,49,0,5,1,0,0,0,3,3,18,1,0
BL6-BALBc_HTxC,AV6-7/DV9-CALGEGNNAPRF-AJ43*p03_BV2-CASSHRDTYNSPLYF-BJ1-6,17.0,10,0,0,0,0,0,0,1,0,0,1,0,0
BL6-BALBc_HTxC,AV8D-1-CATGPSSSFSKLVF-AJ50_BV1-CTCSATGGDSPLYF-BJ1-6,343.0,0,0,1,4,2,0,0,4,0,3,2,47,0
BL6-BALBc_HTxC,AV9-3-CAVSSDYANKMIF-AJ47_BV3-CASSSGTGGYEQYF-BJ2-7,78.0,1,0,2,1,1,0,0,1,0,148,0,0,0
BL6-BALBc_HTxC,AV16D/DV11-CAMREYRGSALGRLHF-AJ18_BV13-2-CASGDAGANSDYTF-BJ1-2,38.0,0,2,0,2,1,1,0,3,0,8,10,7,1
BL6-BALBc_HTxC,AV12-2-CALSEGSNYQLIW-AJ33_BV1-CTCSAVWGEDTQYF-BJ2-5,113.0,0,0,0,11,0,0,0,1,0,1,1,0,0
BL6-BALBc_HTxC,AV3D-3-CAVPYSNNRLTL-AJ7_BV1-CTCSGGSAETLYF-BJ2-3,1401.0,1,0,0,4,0,1,0,0,0,2,1,1,0
BL6-BALBc_HTxC,AV3-4-CAAGTTGANTGKLTF-AJ52_BV1-CTCSADERAQYF-BJ2-5,137.0,0,0,0,4,0,1,1,0,0,2,1,1,0
BL6-BALBc_HTxC,AV16D/DV11-CAMREGSSGSWQLIF-AJ22_BV1-CTCSADRVAETLYF-BJ2-3,634.0,1,0,1,3,0,2,1,0,0,1,2,1,0
BL6-BALBc_HTxC,AV16/DV11-CAMRSNTGYQNFYF-AJ49_BV13-1-CASSGLREQYF-BJ2-7,439.0,0,0,0,12,3,12,2,0,0,6,1,0,0
BL6-BALBc_HTxC,AV7-4-CAASEYNNNAPRF-AJ43*p03_BV5-CASSQALGGSAETLYF-BJ2-3,31.0,2,0,0,0,2,1,1,4,0,0,2,1,0
BL6-BALBc_HTxC,AV13-1-CAMESGGSNYKLTF-AJ53_BV1-CTCSALNYAEQFF-BJ2-1,13.0,0,1,0,7,0,0,0,0,0,0,0,0,0
BL6-BALBc_HTxC,AV9D-4-CALRATGFASALTF-AJ35_BV13-1-CASSDAGTAPDYTF-BJ1-2,85.0,3,0,1,1,4,1,0,1,2,0,1,3,0
BL6-BALBc_HTxC,AV10D-CAASDSGYNKLTF-AJ11*p02_BV13-1-CASSGGVQNTLYF-BJ2-4,44.0,0,0,0,2,0,0,0,0,0,0,0,0,0
BL6-BALBc_HTxC,AV3-3-CAVSIASSSFSKLVF-AJ50_BV5-CASSPDRGDERLFF-BJ1-4,112.0,1,56,1,0,3,0,0,0,0,0,7,0,0
BL6-BALBc_HTxC,AV13D-1-CAMDPNTGNYKYVF-AJ40_BV5-CASSLGTGGNTLYF-BJ1-3,252.0,3,0,1,5,1,1,0,1,11,38,24,9,0
BL6-BALBc_HTxC,AV8-2-CATEANTGKLTF-AJ52_BV3-CASSPDRDTEVFF-BJ1-1,82.0,2,0,0,0,0,0,0,1,0,0,0,0,0
BL6-BALBc_HTxC,AV7-4-CAATASSGSWQLIF-AJ22_BV13-2-CASGDAQNQAPLF-BJ1-5,142.0,0,0,2,0,0,15,0,1,0,0,1,0,0
BL6-BALBc_HTxC,AV14D-2-CAASEDSGTYQRF-AJ13_BV17-CASSPGQDNSPLYF-BJ1-6,154.0,1,0,1,0,2,0,1,0,0,5,2,0,0
BL6-BALBc_HTxC,AV16D/DV11-CAMREGDNNNRIFF-AJ31_BV13-2-CASVDWGGADTQYF-BJ2-5,60.0,1,4,0,1,0,1,0,0,0,1,2,19,0
BL6-BALBc_HTxC,AV14-3-CAASPNAYKVIF-AJ30_BV16-CASSFSGTGEYEQYF-BJ2-7,1279.0,0,0,0,1,1,2,0,0,2,1,16,2,0
BL6-BALBc_HTxC,AV4D-3-CAAENMGYKLTF-AJ9_BV31-CAWSSDNNQAPLF-BJ1-5,1875.0,19,1,1,1,1,1,0,0,0,3,1,0,1
BL6-BALBc_HTxC,AV7D-2-CAASASSGSWQLIF-AJ22_BV13-2-CASGDPAGSYNSPLYF-BJ1-6,39.0,3,0,0,2,1,114,4,12,1,7,46,3,2
BL6-BALBc_HTxC,AV9D-3-CAVSDNYAQGLTF-AJ26_BV13-1-CASSDARLGQNTLYF-BJ2-4,31.0,0,1,0,0,0,0,0,0,0,0,0,0,0
BL6-BALBc_HTxC,AV12-3-CALSDNSGGSNYKLTF-AJ53_BV13-2-CASGDWYNSPLYF-BJ1-6,65.0,1,0,0,0,0,2,0,4,0,2,0,0,0
BL6-BALBc_HTxC,AV6-3-CAMRDGNEKITF-AJ48_BV1-CTCSAVRVPGNTLYF-BJ1-3,95.0,0,0,0,43,1,0,0,0,1,2,1,0,0
BL6-BALBc_HTxC,AV16/DV11-CAMREDTGYQNFYF-AJ49_BV13-1-CASGGVYEQYF-BJ2-7,94.0,0,2,3,49,3,0,0,1,0,252,1,2,0
BL6-BALBc_HTxC,AV3-3-CAVSVYGGSGNKLIF-AJ32_BV17-CASSRGQFNQDTQYF-BJ2-5,28.0,0,0,0,0,0,0,0,0,0,0,0,31,0
BL6-BALBc_HTxC,AV16D/DV11-CAMREGNTGNYKYVF-AJ40_BV13-2-CASGDLYEQYF-BJ2-7,204.0,0,1,3,0,159,20,0,0,0,0,2,0,0
BL6-BALBc_HTxC,AV6-6-CALGDTSGGSNYKLTF-AJ53_BV1-CTCSAVRANTGQLYF-BJ2-2,91.0,0,0,0,3,1,0,0,0,0,0,1,0,0
BL6-BALBc_HTxC,AV9D-4-CALSHNYAQGLTF-AJ26_BV31-CAWAGLGNQDTQYF-BJ2-5,124.0,0,0,6,0,1,0,53,2,0,1,1,2,0
BL6-BALBc_HTxC,AV16D/DV11-CAMREGDNAGAKLTF-AJ39_BV13-2-CASGDVGYEQYF-BJ2-7,99.0,0,0,0,0,14,4,0,2,0,0,1,1,0
BL6-BALBc_HTxC,AV7D-3-CAVIGSGSWQLIF-AJ22_BV13-2-CASGEPQGANSPLYF-BJ1-6,30.0,0,0,0,0,0,72,2,0,0,0,2,0,0
BL6-BALBc_HTxC,AV8-2-CATEGGGADRLTF-AJ45_BV29-CASSLRGYEQYF-BJ2-7,101.0,2,64,0,0,0,1,0,2,0,3,0,1,0
BL6-BALBc_HTxC,AV16D/DV11-CAMREGVSAGNKLTF-AJ17*p02_BV13-1-CASSDVGAEQFF-BJ2-1,14.0,0,0,2,0,0,24,0,0,0,0,1,0,0
BL6-BALBc_HTxC,AV4D-3-CAADSSGSWQLIF-AJ22_BV13-1-CASSDGGNSPLYF-BJ1-6,582.0,0,0,0,1,3,1,0,2,0,0,15,0,0
BL6-BALBc_HTxC,AV4D-3-CAAENMGYKLTF-AJ9_BV31-CAWSSDNNQAPLF-BJ1-5,492.0,87,0,0,2,0,7,0,0,0,0,0,1,0
BL6-BALBc_HTxC,AV19-CAAGPSNTGYQNFYF-AJ49_BV13-2-CASGDRYNYAEQFF-BJ2-1,502.0,3,1,1,0,0,2,3,0,0,1,6,28,0
BL6-BALBc_HTxC,AV7D-2-CAASMDYANKMIF-AJ47_BV13-3-CASSDRSEQYF-BJ2-7,113.0,0,0,1,9,3,0,0,0,0,1,0,0,0
BL6-BALBc_HTxC,AV9-3-CAVSSDYANKMIF-AJ47_BV3-CASSSGTGGYEQYF-BJ2-7,291.0,1,2,3,2,5,0,0,3,0,350,3,2,0
BL6-BALBc_HTxC,AV6-6-CALGSNTDKVVF-AJ34*p03_BV14-CASRHRDEQYF-BJ2-7,1743.0,1,0,0,1,1,18,117,0,2,4,4,2,0
BL6-BALBc_HTxC,AV13-1-CAATSSGQKLVF-AJ16*p02_BV13-3-CASSDGDTLYEQYF-BJ2-7,75.0,0,0,1,0,1,12,0,2,0,0,0,1,0
BL6-BALBc_HTxC,AV5D-4-CAGGAGNKLTF-AJ17*p02_BV13-1-CASTETGWAEQFF-BJ2-1,884.0,0,0,0,3,1,4,0,2,0,2,3,1,0
BL6-BALBc_HTxC,AV16D/DV11-CAMREGDSNYQ-AJ33_BV13-2-CASGGLVYEQYF-BJ2-7,1325.0,1,1,1,16,5,1,0,1,0,11,3,4,0
BL6-BALBc_HTxC,AV16D/DV11-CAMREGPTGNTRKLIF-AJ37*p02_BV13-2-CASGDAPGLGGDTQYF-BJ2-5,37.0,0,0,11,1,0,0,0,0,0,0,0,0,0
BL6-BALBc_HTxC,AV3-3-CAVVDYANKMIF-AJ47_BV14-CASRDRDRDAEQFF-BJ2-1,62.0,0,0,0,0,0,0,0,0,1,1,19,1,0
BL6-BALBc_HTxC,AV16D/DV11-CAMREGPAGGYKVVF-AJ12_BV13-2-CASGEDKEVFF-BJ1-1,63.0,5,2,4,2,2,0,3,2,4,3,20,7,0
BL6-BALBc_HTxC,AV7D-5-CAATGNTRKLIF-AJ37*p02_BV13-2-CASGDVGDSDYTF-BJ1-2,106.0,0,0,1,0,1,8,1,0,1,0,2,0,0
BL6-BALBc_HTxC,AV8-2-CATDIQGGRALIF-AJ15_BV3-CASSWGGADSDYTF-BJ1-2,42.0,11,0,0,0,0,0,0,0,0,0,0,0,0
BL6-BALBc_HTxC,AV8-2-CATDAPGNYKYVF-AJ40_BV1-CTCSAVPLGQTEVFF-BJ1-1,62.0,26,4,2,7,0,1,2,3,4,7,78,16,0
BL6-BALBc_HTxC,AV12-2-CALSGGNYKPTF-AJ6_BV1-CTCSADFGTGDTLYF-BJ2-4,51.0,0,5,0,0,0,0,0,0,0,0,3,7,0
BL6-BALBc_HTxC,AV6D-6-CALSDFSNNRLTL-AJ7_BV13-3-CASRDRGEQYF-BJ2-7,63.0,0,0,0,23,0,40,0,0,0,2,2,0,0
BL6-BALBc_HTxC,AV16D/DV11-CAMREGNTGNYKYVF-AJ40_BV13-2-CASGDLYEQYF-BJ2-7,95.0,0,3,1,0,284,32,1,1,0,2,3,3,0
BL6-BALBc_HTxC,AV4-3-CAAEDGGNNKLTF-AJ56_BV13-3-CASRDRYEQYF-BJ2-7,294.0,5,0,2,0,3,16,0,0,0,2,0,1,0
BL6-BALBc_HTxC,AV7D-3-CAVDNAGAKLTF-AJ39_BV1-CTCSAVRVSNERLFF-BJ1-4,359.0,0,1,1,28,1,0,0,0,0,4,2,0,0
BL6-BALBc_HTxC,AV6-1-CVLGNDSGYNKLTF-AJ11*p02_BV19-CASSIERVDTEVFF-BJ1-1,78.0,0,0,1,0,3,0,0,0,0,1,1,3,0
BL6-BALBc_HTxC,AV16D/DV11-CAMRELNSAGNKLTF-AJ17*p02_BV13-2-CASGDVGYEQYF-BJ2-7,628.0,0,0,0,1,0,11,1,1,0,3,0,2,0
BL6-BALBc_HTxC,AV3D-3-CAVNSGSWQLIF-AJ22_BV1-CTCSADPGDYAEQFF-BJ2-1,42.0,0,0,0,0,0,0,0,0,1,0,5,0,0
BL6-BALBc_HTxC,AV7-3-CAVKNTGYQNFYF-AJ49_BV2-CASSQGGGANQAPLF-BJ1-5,59.0,3,2,2,1,3,2,1,1,2,4,4,5,0
BL6-BALBc_HTxC,AV9D-4-CALRATGFASALAF-AJ35_BV13-2-CASGDPGTSNTEVFF-BJ1-1,47.0,0,0,5,0,2,0,3,3,0,1,0,1,0
BL6-BALBc_HTxC,AV13-1-CAMAGGSALGRLHF-AJ18_BV17-CASSPGQANTGQLYF-BJ2-2,120.0,1,0,0,5,0,1,0,0,1,1,36,2,0
BL6-BALBc_HTxC,AV6D-6-CALRMDYANKMIF-AJ47_BV13-1-CASSDPVNTLYF-BJ2-4,192.0,0,0,0,6,0,0,0,0,0,2,3,0,0
BL6-BALBc_HTxC,AV16/DV11-CAMREAGYQNFYF-AJ49_BV4-CEGDRNNSPLYF-BJ1-6,68.0,0,0,0,1,0,0,0,0,0,1,1,1,0
BL6-BALBc_HTxC,AV3-1-CAVYTGNYKYVF-AJ40_BV1-CTCSAGTGVGAETLYF-BJ2-3,144.0,2,0,0,0,0,0,0,1,1,1,2,1,0
BL6-BALBc_HTxC,AV16D/DV11-CAMREGQTGGYKVVF-AJ12_BV13-1-CASSPLRAGNTLYF-BJ1-3,1115.0,2,0,1,162,7,19,79,2,1,1,4,5,0
BL6-BALBc_HTxC,AV3-1-CAVRGSSGSWQLIF-AJ22_BV4-CASSQSTQYF-BJ2-5,125.0,1,0,1,0,2,1,0,0,1,0,163,0,0
BL6-BALBc_HTxC,AV15-2/DV6-2-CALSELWGGTGSKLSF-AJ58_BV13-1-CASTGVNTEVFF-BJ1-1,73.0,0,1,0,31,23,12,3,0,0,0,0,1,0
BL6-BALBc_HTxC,AV7-3-CAVSIAGSWQLIF-AJ22_BV13-1-CASSDAGYEQYF-BJ2-7,365.0,0,1,1,2,6,22,0,1,1,3,4,1,0
BL6-BALBc_HTxC,AV9-4-CAVASMDYANKMIF-AJ47_BV13-2-CASGDRLNTGQLYF-BJ2-2,90.0,0,0,2,3,2,1,0,0,0,1,1,146,0
BL6-BALBc_HTxC,AV16/DV11-CAMREDQGGSAKLIF-AJ57_BV13-1-CASSGGNYEQYF-BJ2-7,311.0,0,0,0,1,3,2,0,2,0,1,29,2,0
BL6-BALBc_HTxC,AV10-CAAGQGGRALIF-AJ15_BV31-CAWNWGGSQNTLYF-BJ2-4,780.0,0,0,0,1,1,13,0,0,0,2,1,0,0
BL6-BALBc_HTxC,AV7-5-CAMSVLSSNTDKVVF-AJ34*p03_BV4-CASRWDRNTGQLYF-BJ2-2,209.0,0,0,0,1,1,0,0,1,0,22,1,2,0
BL6-BALBc_HTxC,AV9-1-CAVRTGYQNFYF-AJ49_BV29-CASSSKEVFF-BJ1-1,38.0,0,0,0,5,0,1,4,6,1,0,9,8,0
BL6-BALBc_HTxC,AV12-2-CALSDQAGYQNFYF-AJ49_BV13-1-CASSASGNTLYF-BJ2-4,44.0,1,1,0,0,0,0,2,4,3,1,0,0,0
BL6-BALBc_HTxC,AV12-3-CALSDTNAYKVIF-AJ30_BV3-CASSPDRDTEVFF-BJ1-1,126.0,12,1,0,0,9,0,4,0,0,2,0,6,0
BL6-BALBc_HTxC,AV6-6-CALGDTSGGSNYKLTF-AJ53_BV1-CTCSAVRANTGQLYF-BJ2-2,502.0,0,0,0,5,1,0,0,1,0,1,0,0,0
BL6-BALBc_HTxC,AV5-1-CSASDTGGADRLTF-AJ45_BV29-CASSLTGTSSAETLYF-BJ2-3,20.0,0,0,0,1,0,0,0,0,0,0,0,0,0
BL6-BALBc_HTxC,AV12-2-CALSGGYANKMIF-AJ47_BV14-CASSFSSGNTLYF-BJ1-3,517.0,0,9,1,0,6,3,11,1,0,1,3,3,0
BL6-BALBc_HTxC,AV16/DV11-CAMREDTGYQNFYF-AJ49_BV13-1-CASGGVYEQYF-BJ2-7,53.0,0,1,0,32,3,3,2,1,0,202,3,4,0
BL6-BALBc_HTxC,AV13D-1-CAMEPSSGSWQLIF-AJ22_BV4-CASSSVEQFF-BJ2-1,86.0,0,0,0,1,2,0,0,1,0,1,123,1,0
BL6-BALBc_HTxC,AV16D/DV11-CAMREACTGSWQLIL-AJ22_BV13-2-CASGDPTGQEQYF-BJ2-7,125.0,0,1,3,125,1,0,3,1,1,0,1,5,0
BL6-BALBc_HTxC,AV2-CIVTDRGSALGRLHF-AJ18_BV29-CASSSGTSNSDYTF-BJ1-2,52.0,0,1,0,1,2,0,0,0,0,0,12,0,0
BL6-BALBc_HTxC,AV1-CAVRDPSDTGNYKYVF-AJ40_BV29-CASSFRAPNSDYTF-BJ1-2,951.0,3,1,0,6,3,27,2,1,1,3,5,3,0
BL6-BALBc_HTxC,AV13D-1-CAIMPNYNVLYF-AJ21*p03_BV29-CASSLGGNTLYF-BJ2-4,104.0,1,1,0,0,0,1,1,0,0,2,9,3,0
BL6-BALBc_HTxC,AV13D-2-CAIDPNTGKLTF-AJ27_BV14-CASSSGNTLYF-BJ1-3,177.0,1,0,1,2,5,109,1,10,1,244,5,5,1
BL6-BALBc_HTxC,AV16D/DV11-CAMREVTGANTGKLTF-AJ52_BV1-CTCSVDRIQDTQYF-BJ2-5,195.0,0,0,0,43,1,1,0,0,0,1,1,0,0
BL6-BALBc_HTxC,AV16D/DV11-CAMREASSGSWQLIF-AJ22_BV13-2-CASGDPTGQEQYF-BJ2-7,107.0,0,0,0,78,0,3,0,2,0,1,7,1,0
BL6-BALBc_HTxC,AV16D/DV11-CAMREGYAQGLTF-AJ26_BV13-2-CASWDISGNTLYF-BJ1-3,64.0,0,0,0,55,1,27,0,0,0,0,0,0,0
BL6-BALBc_HTxC,AV16/DV11-CAMREGNNNNAPRF-AJ43*p03_BV13-2-CASGDINTEVFF-BJ1-1,66.0,0,0,0,1,5,49,0,0,0,3,1,0,0
BL6-BALBc_HTxC,AV16/DV11-CAMREAFSGGSNAKLTF-AJ42_BV13-2-CASGDSYEQYF-BJ2-7,59.0,0,0,0,0,74,1,2,0,0,0,0,1,0
BL6-BALBc_HTxC,AV12-3-CALSDTNAYKVIF-AJ30_BV13-1-CASGGVYEQYF-BJ2-7,21.0,2,0,1,1,0,0,0,0,0,0,0,0,0
BL6-BALBc_HTxC,AV16D/DV11-CAMREASSGSWQLIF-AJ22_BV13-2-CASGDPTGQEQYF-BJ2-7,161.0,0,1,0,33,1,1,0,0,0,0,1,0,0
BL6-BALBc_HTxC,AV3D-3-CAVSMYQGGRALIF-AJ15_BV29-CASSPGTTNTEVFF-BJ1-1,28.0,2,0,0,13,4,0,0,0,0,1,1,3,0
BL6-BALBc_HTxC,AV9D-4-CALSLDYSNNRLTL-AJ7_BV19-CASSIGGQGLYSGNTLYF-BJ1-3,27.0,0,0,0,0,0,1,0,1,0,0,4,2,0
BL6-BALBc_HTxC,AV6-6-CALGDRTGGADRLTF-AJ45_BV13-1-CASSDRTGEDEQYF-BJ2-7,118.0,0,0,0,0,1,0,0,0,1,1,0,34,0
BL6-BALBc_HTxC,AV16D/DV11-CAMREGQTGGYKVVF-AJ12_BV13-2-CASGENRANSDYTF-BJ1-2,13.0,0,0,0,0,1,0,7,0,0,0,0,0,0
BL6-BALBc_HTxC,AV13-1-CAMEDGTGYQNFYF-AJ49_BV5-CASSQQGNERLFF-BJ1-4,22.0,0,0,0,0,0,0,0,1,0,0,13,0,0
BL6-BALBc_HTxC,AV8D-2-CATDANSGTYQRF-AJ13_BV29-CASSFRAGEQYF-BJ2-7,55.0,0,0,0,1,1,0,0,0,0,0,0,20,0
BL6-BALBc_HTxC,AV1-CAVRDRYGGSGNKLIF-AJ32_BV31-CAWSPGRNTEVFF-BJ1-1,141.0,7,1,4,9,0,3,5,0,6,2,40,5,0
BL6-BALBc_HTxC,AV3-3-CAVSDANKMIF-AJ47_BV13-1-CASSDTGGPNYAEQFF-BJ2-1,1263.0,0,0,1,1,4,20,13,0,0,5,5,0,0
BL6-BALBc_HTxC,AV5-4-CAATGNYKYVF-AJ40_BV13-1-CASSGGQTEVFF-BJ1-1,53.0,0,0,1,0,1,0,0,1,0,0,38,1,0
BL6-BALBc_HTxC,AV5D-4-CAASDTGGADRLTF-AJ45_BV13-1-CASTGGAYEQYF-BJ2-7,13.0,0,0,0,0,1,0,0,1,1,0,57,1,0
BL6-BALBc_HTxC,AV16D/DV11-CAMREASSGSWQLIF-AJ22_BV13-2-CASGDPTGQEQYF-BJ2-7,176.0,0,0,0,92,3,1,3,4,0,0,0,2,0
BL6-BALBc_HTxC,AV16D/DV11-CAMREGSSGSWQLIF-AJ22_BV1-CTCSADRVAETLYF-BJ2-3,145.0,0,0,0,46,1,0,0,3,0,1,0,1,0
BL6-BALBc_HTxC,AV16/DV11-CAMREGNNNRIFF-AJ31_BV13-1-CASRDNSYEQYF-BJ2-7,259.0,6,2,0,3,0,2,1,1,0,0,0,0,0
BL6-BALBc_HTxC,AV8-2-CATDIQGGRALIF-AJ15_BV3-CASSWGGADSDYTF-BJ1-2,66.0,9,0,3,0,0,0,0,0,0,4,1,0,0
BL6-BALBc_HTxC,AV7D-2-CAASSGNTRKLIF-AJ37*p02_BV13-2-CASGDLVGYAEQFF-BJ2-1,419.0,0,0,11,0,0,0,1,1,0,0,1,0,0
BL6-BALBc_HTxC,AV12-2-CALSEMDSNYQLIW-AJ33_BV13-3-CASSDTGGDEQYF-BJ2-7,76.0,0,0,3,3,5,4,0,1,1,0,3,5,0
BL6-BALBc_HTxC,AV2-CIVTDNRNTNTGKLTF-AJ27_BV1-CTCSAGGDYAEQFF-BJ2-1,115.0,0,0,1,1,2,0,0,3,3,2,10,27,0
BL6-BALBc_HTxC,AV6-1-CVLGDGTNAYKVIF-AJ30_BV19-CASSIQGAYAEQFF-BJ2-1,35.0,0,0,0,11,0,0,0,0,0,0,0,0,0
BL6-BALBc_HTxC,AV9-3-CAVSMNSGGSNYKLTF-AJ53_BV13-1-CASSDWGAEQYF-BJ2-7,5.0,1,1,0,3,0,0,0,0,2,0,27,0,0
BL6-BALBc_HTxC,AV16/DV11-CAMREAFSGGSNAKLTF-AJ42_BV13-2-CASGDSYEQYF-BJ2-7,712.0,3,3,1,3,1115,6,4,10,0,6,5,11,0
BL6-BALBc_HTxC,AV19-CAAGDAGYQNFYF-AJ49_BV17-CASSRTGGSDYTF-BJ1-2,133.0,1,0,0,1,0,27,0,1,0,1,0,1,0
BL6-BALBc_HTxC,AV12-2-CALSEGSNYQLIW-AJ33_BV1-CTCSAVWGEDTQYF-BJ2-5,71.0,0,0,0,47,1,0,1,0,0,0,0,0,0
BL6-BALBc_HTxC,AV4D-3-CAAEDGGYKVVF-AJ12_BV13-1-CASSDAGYEQYF-BJ2-7,32.0,0,0,0,0,0,4,0,0,1,0,0,0,0
BL6-BALBc_HTxC,AV13-4/DV7-CAMDSNTGYQNFYF-AJ49_BV20-CGARLGESNTLYF-BJ2-4,21.0,0,0,0,0,0,0,0,0,2,2,4,0,0
BL6-BALBc_HTxC,AV16D/DV11-CAMREGGAYKVIF-AJ30_BV13-2-CASGDTGVANSDYTF-BJ1-2,206.0,0,0,0,0,1,73,2,0,1,0,2,5,0
BL6-BALBc_HTxC,AV16D/DV11-CAMREGDSNYQLIW-AJ33_BV3-CASSATGANTGQLYF-BJ2-2,5.0,0,0,0,0,28,1,0,0,0,0,1,0,0
BL6-BALBc_HTxC,AV16D/DV11-CAMREDTGYQNFYF-AJ49_BV19-CASTGTGSNYAEQFF-BJ2-1,52.0,1,0,0,0,1,0,1,0,0,48,1,0,0
BL6-BALBc_HTxC,AV8-2-CATDIQGGRALIF-AJ15_BV3-CASSWGGADSDYTF-BJ1-2,326.0,118,0,0,0,3,2,0,3,0,7,10,3,0
BL6-BALBc_HTxC,AV3-4-CAVSVSNTDKVVF-AJ34*p03_BV14-CASSFRVEQYF-BJ2-7,313.0,0,2,0,1,2,36,2,1,0,2,44,4,1
BL6-BALBc_HTxC,AV6-6-CALGDGGNTGGADRLTF-AJ45_BV19-CASSIGRTSLLYF-BJ1-6,45.0,2,0,0,0,1,0,0,0,0,1,4,0,0
BL6-BALBc_HTxC,AV16D/DV11-CAMREASSGSWQLIF-AJ22_BV13-2-CASGDPTGQEQYF-BJ2-7,75.0,0,0,1,47,0,0,1,0,0,0,0,1,0
BL6-BALBc_HTxC,AV12-2-CALSEGSNYQLIW-AJ33_BV1-CTCSAVWGEDTQYF-BJ2-5,160.0,0,0,0,34,1,0,0,1,0,1,0,0,0
BL6-BALBc_HTxC,AV8-1-CATDGSSGSWQLIF-AJ22_BV4-CASTTANTEVFF-BJ1-1,82.0,0,0,0,1,3,1,0,0,0,0,83,1,1
BL6-BALBc_HTxC,AV10D-CAASDSGYNKLTF-AJ11*p02_BV13-1-CASSGGVQNTLYF-BJ2-4,1003.0,0,0,1,8,0,0,0,1,0,0,0,1,0
BL6-BALBc_HTxC,AV6-6-CALGSYGNEKITF-AJ48_BV13-1-CASSDAASNERLFF-BJ1-4,29.0,0,0,0,0,0,0,0,42,0,0,1,0,0
BL6-BALBc_HTxC,AV12D-2-CALSAYQGGRALIF-AJ15_BV19-CASTPGPQNTLYF-BJ2-4,102.0,0,1,0,1,3,2,1,0,0,0,1,43,1
BL6-BALBc_HTxC,AV4D-3-CAAENMGYKLTF-AJ9_BV31-CAWSSDNNQAPLF-BJ1-5,546.0,14,0,0,1,1,0,0,1,0,1,0,1,0
BL6-BALBc_HTxC,AV3D-3-CAVISSGSWQLIF-AJ22_BV13-1-CASSPGTGGEQYF-BJ2-7,285.0,0,0,0,87,2,0,2,2,0,1,3,1,0
BL6-BALBc_HTxC,AV3-3-CAVSANTGNYKYVF-AJ40_BV13-1-CASSADWVYEQYF-BJ2-7,58.0,1,0,0,0,1,0,0,0,2,0,15,0,0
BL6-BALBc_HTxC,AV6-6-CALGSYGNEKITF-AJ48_BV13-1-CASSDAASNERLFF-BJ1-4,8.0,0,0,0,0,1,2,0,2,0,0,1,0,0
BL6-BALBc_HTxC,AV6-6-CALGDTSGGSNYKLTF-AJ53_BV1-CTCSAVRANTGQLYF-BJ2-2,18.0,0,1,0,9,1,0,0,0,0,1,2,2,0
BL6-BALBc_HTxC,AV4D-3-CAAEDGGYKVVF-AJ12_BV13-1-CASSDAGYEQYF-BJ2-7,20.0,0,0,0,0,0,5,1,0,0,0,1,1,0
BL6-BALBc_HTxC,AV8-1-CATAISGSFNKLTF-AJ4_BV4-CASSWTGDSDYTF-BJ1-2,190.0,0,0,0,1,0,1,0,7,0,1,0,0,0
BL6-BALBc_HTxC,AV9D-3-CAVPANSGTYQRF-AJ13_BV1-CTCSAGTVEQYF-BJ2-7,8.0,0,0,1,1,1,0,0,0,0,0,6,0,0
BL6-BALBc_HTxC,AV16D/DV11-CAMREASSGSWQLIF-AJ22_BV13-2-CASGDPTGQEQYF-BJ2-7,45.0,0,0,1,78,0,1,0,1,0,4,1,0,0
BL6-BALBc_HTxC,AV6-6-CALGSNTDKVVF-AJ34*p03_BV14-CASRHRDEQYF-BJ2-7,813.0,0,1,0,4,3,2,48,2,1,5,4,0,0
BL6-BALBc_HTxC,AV16/DV11-CAMREATGYQNFYF-AJ49_BV13-2-CASGTGVGNTLYF-BJ1-3,124.0,5,1,0,15,3,1,1,0,2,2,49,0,0
BL6-BALBc_HTxC,AV19-CAAGPSFQGGSAKLIF-AJ57_BV13-1-CASSGGVQNTLYF-BJ2-4,310.0,0,0,0,108,0,1,2,0,0,1,0,0,0
BL6-BALBc_HTxC,AV14-2-CAANTGNYKYVF-AJ40_BV13-3-CASSDWDWGGAGQNTLYF-BJ2-4,107.0,0,0,0,1,7,3,0,0,2,3,4,1,0
BL6-BALBc_HTxC,AV8-1-CAPYQGGRALIF-AJ15_BV1-CTCSAGGYAEQFF-BJ2-1,106.0,2,19,0,0,2,0,0,0,0,0,22,2,0
BL6-BALBc_HTxC,AV14-2-CAASSYTGNYKYVF-AJ40_BV13-1-CASSEHNSDYTF-BJ1-2,180.0,0,0,1,2,5,1,1,0,0,45,2,2,0
BL6-BALBc_HTxC,AV12-2-CALSEDSAGNKLTF-AJ17*p02_BV16-CASSLDITGGAQEQYF-BJ2-7,582.0,5,0,0,0,0,0,0,0,0,0,1,1,0
BL6-BALBc_HTxC,AV4-3-CAADQGGRALIF-AJ15_BV13-2-CASGWAPLGDYEQYF-BJ2-7,43.0,0,0,0,0,1,0,1,0,0,2,1,19,0
BL6-BALBc_HTxC,AV10D-CAAVNNYAQGLTF-AJ26_BV13-1-CASSGTGNTEVFF-BJ1-1,285.0,0,1,3,22,0,0,1,0,0,2,0,2,0
BL6-BALBc_HTxC,AV8-2-CATDIQGGRALIF-AJ15_BV5-CASTQDLTTSDYTF-BJ1-2,32.0,5,0,0,0,0,0,0,0,1,0,0,0,0
BL6-BALBc_HTxC,AV9D-3-CAVSATMGYKLTF-AJ9_BV1-CTCSNRDINQDTQYF-BJ2-5,188.0,0,1,0,6,2,0,1,0,0,2,1,1,0
BL6-BALBc_HTxC,AV16D/DV11-CAMREGDSNYQLIW-AJ33_BV13-2-CASGEWGSSYDQYF-BJ2-7,86.0,0,0,0,3,2,0,2,3,0,1,3,4,0
BL6-BALBc_HTxC,AV7D-3-CAVIGSGSWQLIF-AJ22_BV13-2-CASGEPQGANSPLYF-BJ1-6,107.0,0,0,0,0,1,6,0,0,0,0,0,0,0
BL6-BALBc_HTxC,AV16/DV11-CAMREGSGGSNYKLTF-AJ53_BV3-CASSTDWTYEQYF-BJ2-7,17.0,0,0,0,0,1,0,0,0,0,25,0,0,0
BL6-BALBc_HTxC,AV16D/DV11-CAMREGENAYKVIF-AJ30_BV13-2-CASGGTAYEQYF-BJ2-7,46.0,1,0,0,9,0,0,0,0,0,0,1,0,0
BL6-BALBc_HTxC,AV4D-3-CAAENMGYKLTF-AJ9_BV31-CAWSSDNNQAPLF-BJ1-5,331.0,5,2,0,1,3,0,0,0,0,3,2,1,0
BL6-BALBc_HTxC,AV8D-2-CATDHRALIF-AJ15_BV13-1-CASSDRAPETLYF-BJ2-3,14.0,4,1,1,0,0,0,3,0,0,1,9,2,0
BL6-BALBc_HTxC,AV6-7/DV9-CALGGLYSNYQLIW-AJ33_BV4-CASSSRVPDYTF-BJ1-2,39.0,0,0,0,2,0,0,0,0,0,0,0,0,0
BL6-BALBc_HTxC,AV4-3-CADLPGTGSNRLTF-AJ28_BV1-CTCSAVGGANTEVFF-BJ1-1,102.0,1,1,0,0,1,2,6,7,4,12,6,9,0
BL6-BALBc_HTxC,AV6-6-CALGSNTDKVVF-AJ34*p03_BV14-CASRHRDEQYF-BJ2-7,576.0,0,0,1,1,2,2,57,0,0,4,1,3,0
BL6-BALBc_HTxC,AV8-1-CAPYQGGRALIF-AJ15_BV13-1-CASSETGLDNQAPLF-BJ1-5,47.0,0,115,0,0,0,2,0,1,0,0,1,0,0
BL6-BALBc_HTxC,AV16/DV11-CAMREGLEAGANTGKLTF-AJ52_BV31-CAWSLAGVYAEQFF-BJ2-1,18.0,1,0,0,2,10,0,0,0,0,0,0,0,0
BL6-BALBc_HTxC,AV10-CAAPKTGFASALTF-AJ35_BV4-CASSWDWGDEQYF-BJ2-7,1530.0,0,1,0,4,4,0,0,14,2,5,8,3,0
BL6-BALBc_HTxC,AV8-2-CATDDNNAPRF-AJ43*p03_BV3-CASSLARDYEQYF-BJ2-7,191.0,0,1,0,1,2,2,0,0,0,38,1,1,0
BL6-BALBc_HTxC,AV16D/DV11-CAMREGGNSAGNKLTF-AJ17*p02_BV1-CTCSADRVGNTLYF-BJ1-3,100.0,0,0,0,3,0,1,0,1,0,1,0,0,0
BL6-BALBc_HTxC,AV8-1-CATEPDTGYQNFYF-AJ49_BV3-CASSLAWGLNYAEQFF-BJ2-1,1237.0,0,1,3,107,5,1,0,2,0,9,49,2,1
BL6-BALBc_HTxC,AV12-2-CALSVDSAGNKLTF-AJ17*p02_BV16-CASSLDITGGAQEQYF-BJ2-7,37.0,5,1,0,0,0,1,0,0,0,0,0,2,0
BL6-BALBc_HTxC,AV6-7/DV9-CALGDINAYKVIF-AJ30_BV19-CASSAGGAYAEQFF-BJ2-1,64.0,1,0,0,0,1,2,0,0,0,1,17,0,0
BL6-BALBc_HTxC,AV16D/DV11-CAMREVDAGAKLTF-AJ39_BV1-CTCSADRVGNQAPLF-BJ1-5,471.0,4,2,10,4,7,4,3,1,9,6,75,13,0
BL6-BALBc_HTxC,AV8-1-CAGNYKYVF-AJ40_BV17-CASSPRGGTQYF-BJ2-5,896.0,35,11,8,18,2,5,9,9,39,26,268,82,0
BL6-BALBc_HTxC,AV16D/DV11-CAMREAGGYKVVF-AJ12_BV13-1-CASSEGTGGIYEQYF-BJ2-7,5.0,0,0,0,0,0,2,0,0,0,0,0,0,0
BL6-BALBc_HTxC,AV7D-2-CAASMDYANKMIF-AJ47_BV13-3-CASSDRSEQYF-BJ2-7,67.0,0,0,1,4,0,0,0,0,0,0,0,1,0
BL6-BALBc_HTxC,AV6D-7-CALSAPESDKVVF-AJ34*p03_BV1-CTCSAAGGDAEQFF-BJ2-1,219.0,0,0,0,1,1,1,0,3,1,2,2,68,0
BL6-BALBc_HTxC,AV12D-1-CALSDTNAYKVIF-AJ30_BV29-CASSSGTGKDTQYF-BJ2-5,32.0,0,0,0,4,1,0,0,0,0,0,7,1,0
BL6-BALBc_HTxC,AV13-1-CAMEPASSGSWQLIF-AJ22_BV4-CASSYAEVFF-BJ1-1,1732.0,1,1,4,3,3,1,2,3,1,1,24,3,0
BL6-BALBc_HTxC,AV6-1-CVLVTGFASALTF-AJ35_BV13-2-CASGDAREGGQNTLYF-BJ2-4,68.0,0,0,0,0,1,1,0,1,4,1,0,0,0
BL6-BALBc_HTxC,AV13D-4-CAMEGTNAYKVIF-AJ30_BV29-CASSFDRANSPLYF-BJ1-6,216.0,0,7,0,0,0,1,0,0,0,1,1,35,0
BL6-BALBc_HTxC,AV16D/DV11-CAMREGSSGSWQLIF-AJ22_BV13-1-CASSDVGDEQYF-BJ2-7,143.0,0,0,0,0,0,37,0,0,0,0,3,0,0
BL6-BALBc_HTxC,AV16D/DV11-CAMREDNAGAKLTF-AJ39_BV2-CASSQDHVSNERLFF-BJ1-4,62.0,0,0,0,4,1,1,0,276,0,1,4,0,0
BL6-BALBc_HTxC,AV4-2-CAAEARNVGDNSKLIW-AJ38_BV31-CAWSLWGNYAEQFF-BJ2-1,279.0,0,0,0,0,0,9,0,0,0,0,1,0,0
BL6-BALBc_HTxC,AV4D-4-CAVGTGGYKVVF-AJ12_BV13-1-CASSDEDSQDTQYF-BJ2-5,32.0,1,0,0,9,2,0,0,0,1,0,8,2,0
BL6-BALBc_HTxC,AV9-4-CAVASMDYANKMIF-AJ47_BV13-2-CASGDRLNTGQLYF-BJ2-2,48.0,1,0,0,1,1,1,0,1,0,0,1,32,0
BL6-BALBc_HTxC,AV16/DV11-CAMREGNTGYQNFYF-AJ49_BV1-CTCSAERFNQDTQYF-BJ2-5,225.0,0,0,0,6,0,0,0,0,0,0,0,0,0
BL6-BALBc_HTxC,AV9-1-CAATLYAQGLTF-AJ26_BV13-2-CASGPGGENTLYF-BJ2-4,153.0,1,0,0,0,1,0,30,11,0,1,0,0,0
BL6-BALBc_HTxC,AV3D-3-CAVGAGNTRKLIF-AJ37*p02_BV13-2-CASGPSGGADTQYF-BJ2-5,103.0,0,0,0,0,1,0,0,13,0,0,0,0,0
BL6-BALBc_HTxC,AV14-3-CAASPNAYKVIF-AJ30_BV16-CASSFSGTGEYEQYF-BJ2-7,296.0,11,0,4,4,1,0,1,4,10,8,71,12,0
BL6-BALBc_HTxC,AV7D-3-CAVSIGSNYQLIW-AJ33_BV4-CASSRDNQDTQYF-BJ2-5,38.0,0,0,0,0,1,0,0,0,1,0,1,13,0
BL6-BALBc_HTxC,AV6D-7-CALRDTGYQNFYF-AJ49_BV13-2-CASGAHYEQYF-BJ2-7,52.0,0,0,1,15,2,2,0,0,0,0,3,0,0
BL6-BALBc_HTxC,AV16D/DV11-CAMREDSNYQLIW-AJ33_BV5-CASSQDYWGGGDTQYF-BJ2-5,32.0,0,1,0,0,0,0,0,57,0,0,0,7,0
BL6-BALBc_HTxC,AV3-3-CAVINYAQGLTF-AJ26_BV29-CASSSRDKNYAEQFF-BJ2-1,25.0,0,0,0,8,0,0,0,0,0,0,1,0,0
BL6-BALBc_HTxC,AV3-1-CAVRASSGSWQLIF-AJ22_BV4-CASSSIEQFF-BJ2-1,317.0,1,0,0,0,6,2,0,0,1,0,265,2,0
BL6-BALBc_HTxC,AV8D-2-CATDARTNAYKVIF-AJ30_BV1-CTCSAVGGADSPLYF-BJ1-6,87.0,2,1,0,0,2,0,15,1,3,1,9,0,0
BL6-BALBc_HTxC,AV7D-2-CAASMDYANKMIF-AJ47_BV13-3-CASSDRSEQYF-BJ2-7,280.0,0,0,0,14,3,2,0,0,0,0,0,0,0
BL6-BALBc_HTxC,AV9-3-CAVSENNNAGAKLTF-AJ39_BV1-CTCSAAWGDTQYF-BJ2-5,33.0,0,0,0,1,0,0,0,0,0,1,0,40,0
BL6-BALBc_HTxC,AV16D/DV11-CAMRDMDSNYQLIW-AJ33_BV13-2-CASGDNRGNSDYTF-BJ1-2,55.0,0,0,0,3,20,0,0,0,2,0,0,0,0
BL6-BALBc_HTxC,AV14-1-CAASEAGGNNKLTF-AJ56_BV13-3-CASSDRYEQYF-BJ2-7,93.0,0,0,0,0,1,11,0,0,0,1,1,0,0
BL6-BALBc_HTxC,AV19-CAAGDAGYQNFYF-AJ49_BV17-CASSRTGGSDYTF-BJ1-2,106.0,0,0,0,1,2,131,1,0,0,1,2,0,0
BL6-BALBc_HTxC,AV12-2-CALSEGSNYQLIW-AJ33_BV1-CTCSAVWGEDTQYF-BJ2-5,384.0,1,1,0,53,135,3,2,0,0,2,5,1,0
BL6-BALBc_HTxC,AV16D/DV11-CAMREGDSNYQLIW-AJ33_BV3-CASSATGANTGQLYF-BJ2-2,27.0,0,1,1,2,129,1,0,0,0,2,2,0,0
BL6-BALBc_HTxC,AV6-5-CALSPMDSNYQLIW-AJ33_BV3-CASSYDWGGSAETLYF-BJ2-3,60.0,2,1,3,0,14,0,3,4,6,2,22,21,0
BL6-BALBc_HTxC,AV7D-3-CAVIGSGSWQLIF-AJ22_BV13-2-CASGEPQGANSPLYF-BJ1-6,116.0,0,0,0,1,1,17,0,0,0,5,0,0,0
BL6-BALBc_HTxC,AV7-3-CASPNTGYQNFYF-AJ49_BV13-2-CASGGWGSQNTLYF-BJ2-4,185.0,0,1,0,3,187,4,1,1,0,0,0,1,0
BL6-BALBc_HTxC,AV9D-4-CALSPDTNAYKVIF-AJ30_BV12-1-CASSLWADTQYF-BJ2-5,68.0,0,0,50,1,0,0,0,1,0,1,0,0,0
BL6-BALBc_HTxC,AV16/DV11-CAMRESMATGGNNKLTF-AJ56_BV13-1-CASSDAGGWEQYF-BJ2-7,16.0,0,0,0,0,0,0,0,0,0,0,0,1,0
BL6-BALBc_HTxC,AV9-4-CAGGGGGADRLTF-AJ45_BV17-CASSPGQANTGQLYF-BJ2-2,424.0,0,0,0,1,0,1,0,0,0,0,1,0,0
BL6-BALBc_HTxC,AV7D-2-CAASMDYANKMIF-AJ47_BV13-3-CASSDRSEQYF-BJ2-7,185.0,0,0,0,13,2,0,0,0,0,1,0,1,0
BL6-BALBc_HTxC,AV7D-3-CAVSLNTGNYKYVF-AJ40_BV13-3-CASRDRGEQYF-BJ2-7,61.0,1,0,0,70,0,64,0,1,0,0,0,3,0
BL6-BALBc_HTxC,AV8-2-CATDDNNAPRF-AJ43*p03_BV3-CASSLARDYEQYF-BJ2-7,425.0,0,0,1,0,0,0,0,1,0,36,0,0,0
BL6-BALBc_HTxC,AV6-4-CALVPDYANKMIF-AJ47_BV13-3-CASSDRGQVFF-BJ1-1,208.0,0,0,0,1,14,7,0,1,0,3,0,0,0
BL6-BALBc_HTxC,AV7D-3-CAVIGSGSWQLIF-AJ22_BV13-2-CASGEPQGANSPLYF-BJ1-6,139.0,2,1,0,0,1,14,0,0,0,0,2,0,0
BL6-BALBc_HTxC,AV10D-CAASNSAGNKLTF-AJ17*p02_BV13-1-CASSGTLQNTLYF-BJ2-4,24.0,0,0,0,0,0,0,0,0,0,0,2,0,0
BL6-BALBc_HTxC,AV16D/DV11-CAMREDSNYQLIW-AJ33_BV5-CASSQDYWGGGDTQYF-BJ2-5,97.0,0,0,0,0,0,0,3,49,0,0,1,1,0
BL6-BALBc_HTxC,AV9D-4-CALSANMGYKLTF-AJ9_BV13-1-CASSEGTGGIYEQYF-BJ2-7,1240.0,1,0,1,2,6,0,1,0,0,1,3,35,0
BL6-BALBc_HTxC,AV9D-3-CAVSADMGYKLTF-AJ9_BV13-2-CASGENTGQLYF-BJ2-2,40.0,0,0,0,0,0,0,0,0,0,0,1,0,0
BL6-BALBc_HTxC,AV6-6-CALGSNTDKVVF-AJ34*p03_BV14-CASRHRDEQYF-BJ2-7,2064.0,0,3,1,0,2,33,200,1,0,2,2,3,0
BL6-BALBc_HTxC,AV7D-3-CAVNQGGRALIF-AJ15_BV13-2-CASGDIYEQYF-BJ2-7,260.0,0,0,25,0,2,0,0,2,0,0,1,1,0
BL6-BALBc_HTxC,AV16D/DV11-CAMREDTGYQNFYF-AJ49_BV19-CASTGTGSNYAEQFF-BJ2-1,87.0,0,1,0,1,1,1,0,1,0,238,3,0,0
BL6-BALBc_HTxC,AV3-1-CGMPNYNVLYF-AJ21*p03_BV13-2-CASGDYIQDTQYF-BJ2-5,187.0,0,0,0,0,0,0,3,0,0,6,1,38,0
BL6-BALBc_HTxC,AV7-3-CADDSGYNKLTF-AJ11*p02_BV13-2-CASGDVGGQNTLYF-BJ2-4,289.0,0,0,0,1,1,45,0,0,1,2,2,0,0
BL6-BALBc_HTxC,AV7D-3-CAVQPNSGTYQRF-AJ13_BV5-CASRGTGEYAEQFF-BJ2-1,88.0,0,0,0,0,0,0,0,2,0,6,1,0,0
BL6-BALBc_HTxC,AV19-CAAGAQGGSAKLIF-AJ57_BV13-1-CASSDEYNNQAPLF-BJ1-5,241.0,0,0,2,0,0,1,0,1,1,0,4,104,0
BL6-BALBc_HTxC,AV13D-4-CAMEPGGYKVVF-AJ12_BV13-3-CASSGRDRDEQYF-BJ2-7,206.0,0,1,1,0,2,0,2,1,2,4,17,10,0
BL6-BALBc_HTxC,AV16D/DV11-CAMREASSGSWQLIF-AJ22_BV13-2-CASGDPTGQEQYF-BJ2-7,118.0,0,0,3,114,7,2,0,0,0,3,7,0,0
BL6-BALBc_HTxC,AV13D-1-CAMNQGGSAKLVF-AJ57_BV13-2-CASGDAGGKAEVFF-BJ1-1,226.0,0,0,0,1,1,18,0,0,0,0,1,0,0
BL6-BALBc_HTxC,AV8-1-CATQRSSGSWQLIF-AJ22_BV13-3-CASSDWDNSAETLYF-BJ2-3,99.0,0,1,0,0,1,1,1,0,0,1,133,2,0
BL6-BALBc_HTxC,AV10-CAASMDNYAQGLTF-AJ26_BV13-3-CASSDGIYEQYF-BJ2-7,52.0,0,0,0,1,0,25,0,0,0,0,0,0,0
BL6-BALBc_HTxC,AV14D-2-CAARTGGYKVVF-AJ12_BV5-CASSQVQGNERLFF-BJ1-4,36.0,0,18,0,0,1,2,2,5,1,0,5,1,0
BL6-BALBc_HTxC,AV16D/DV11-CAMREDTNTGKLTF-AJ27_BV13-1-CASSDGANSDYTF-BJ1-2,79.0,0,0,0,0,2,1,1,0,0,1,0,28,0
BL6-BALBc_HTxC,AV16D/DV11-CAMREANSAGNKLTF-AJ17*p02_BV13-1-CASSDVSTEVFF-BJ1-1,67.0,0,0,0,1,1,73,2,0,0,0,1,2,0
BL6-BALBc_HTxC,AV8-2-CATEANTGKLTF-AJ52_BV13-1-CASSGGNYAEQFF-BJ2-1,545.0,0,0,0,16,0,0,0,0,0,1,1,0,0
BL6-BALBc_HTxC,AV7D-2-CAASMDYANKMIF-AJ47_BV13-3-CASSDRSEQYF-BJ2-7,1737.0,0,0,0,15,0,3,0,0,0,2,1,2,0
BL6-BALBc_HTxC,AV3-3-CAVSVNYGGSGNKLIF-AJ32_BV5-CASSQDLWGAGSQNTLYF-BJ2-4,25.0,1,0,0,27,0,0,0,0,0,0,1,0,0
BL6-BALBc_HTxC,AV14-2-CAASPYTGNYKYVF-AJ40_BV13-2-CASGDPTGQEQYF-BJ2-7,179.0,0,0,0,102,3,2,1,0,0,0,1,1,0
BL6-BALBc_HTxC,AV13D-2-CAIVHYSNYQLIW-AJ33_BV29-CASSSGSANSDYTF-BJ1-2,69.0,0,0,0,0,0,1,0,0,0,1,5,0,1
BL6-BALBc_HTxC,AV3-3-CAVSSSGSWQLIF-AJ22_BV13-1-CASSEGGSNSDYTF-BJ1-2,410.0,0,0,0,1,2,0,0,0,0,0,0,2,0
BL6-BALBc_HTxC,AV3-1-CAVRQGGRALIF-AJ15_BV17-CASSRDRGAETLYF-BJ2-3,67.0,0,0,1,2,0,0,2,0,0,0,2,3,0
BL6-BALBc_HTxC,AV8-1-CARGSALGRLHF-AJ18_BV13-2-CASGPDNSGNTLYF-BJ1-3,2259.0,1,14,2,4,0,1,2,1,0,4,5,2,0
BL6-BALBc_HTxC,AV16D/DV11-CAMREASSGSWQLIF-AJ22_BV13-2-CASGDPTGQEQYF-BJ2-7,243.0,0,0,0,29,3,0,2,0,1,1,1,1,0
BL6-BALBc_HTxC,AV8-2-CATDIQGGRALIF-AJ15_BV3-CASSWGGADSDYTF-BJ1-2,1752.0,69,1,1,3,2,3,0,3,2,4,4,1,0
BL6-BALBc_HTxC,AV4D-3-CAAEAGSGSWQLIF-AJ22_BV13-2-CASGDAGERLFF-BJ1-4,1508.0,1,0,0,0,0,12,1,0,0,0,2,0,0
BL6-BALBc_HTxC,AV9D-4-CALSPDTNAYKVIF-AJ30_BV12-1-CASSLWADTQYF-BJ2-5,291.0,1,0,218,4,3,2,0,6,0,4,2,1,0
BL6-BALBc_HTxC,AV14-2-CAASPYTGNYKYVF-AJ40_BV13-2-CASGDQGGDNQAPLF-BJ1-5,106.0,0,0,0,2,2,1,1,0,0,0,66,1,0
BL6-BALBc_HTxC,AV16D/DV11-CAMREGDAYKVIF-AJ30_BV13-2-CASGDRNTEVFF-BJ1-1,326.0,0,0,1,3,286,3,3,1,2,3,7,4,0
BL6-BALBc_HTxC,AV16/DV11-CAMREKNNNNAPRF-AJ43*p03_BV1-CTCSADRVNNQAPLF-BJ1-5,148.0,0,0,2,4,1,1,0,0,0,2,1,0,0
BL6-BALBc_HTxC,AV8D-2-CATVNSGTYQRF-AJ13_BV20-CGAWDWDSYEQYF-BJ2-7,140.0,0,0,0,0,0,0,0,1,0,0,4,0,0
BL6-BALBc_HTxC,AV8-2-CATDIQGGRALIF-AJ15_BV1-CTCSADRVNNQAPLF-BJ1-5,57.0,12,1,0,0,0,0,0,0,0,0,0,0,0
BL6-BALBc_HTxC,AV7-3-CAVSAWGGRALIF-AJ15_BV13-1-CASSDQGYNEQYF-BJ2-7,124.0,3,0,2,1,2,0,0,0,0,0,13,21,0
BL6-BALBc_HTxC,AV8-1-CAPYQGGRALIF-AJ15_BV1-CTCSAGGYAEQFF-BJ2-1,11.0,0,10,1,0,1,0,1,0,0,1,3,2,0
BL6-BALBc_HTxC,AV14-3-CAASPNAYKVIF-AJ30_BV16-CASSFSGTGEYEQYF-BJ2-7,1943.0,0,0,3,2,1,0,0,1,0,3,41,3,0
BL6-BALBc_HTxC,AV14D-3/DV8-CAASGTNAYKVIF-AJ30_BV14-CASPLRSNSDYTF-BJ1-2,52.0,0,4,2,5,2,0,4,4,3,0,29,1,0
BL6-BALBc_HTxC,AV6-6-CALGSNTDKVVF-AJ34*p03_BV14-CASRHRDEQYF-BJ2-7,90.0,1,1,0,0,1,0,10,2,0,1,0,1,0
BL6-BALBc_HTxC,AV9D-1-CAASMEDYANKMIF-AJ47_BV13-1-CASSGVGAEQFF-BJ2-1,250.0,0,0,0,1,0,1,0,0,0,0,0,0,0
BL6-BALBc_HTxC,AV16D/DV11-CAMREGVSAGNKLTF-AJ17*p02_BV13-1-CASSDVGAEQFF-BJ2-1,848.0,1,0,2,6,3,505,34,2,1,3,4,2,0
BL6-BALBc_HTxC,AV16D/DV11-CAMREDGGSGNKP-AJ32_BV1-CTCSADPAGSYNSPLYF-BJ1-6,138.0,3,0,0,9,1,1,6,2,1,8,17,2,0
BL6-BALBc_HTxC,AV7-5-CASSGSFNKLTF-AJ4_BV13-1-CASSGGALEQYF-BJ2-7,29.0,0,0,0,0,0,0,0,0,0,0,30,0,0
BL6-BALBc_HTxC,AV5-1-CSANYGGSGNKLIF-AJ32_BV2-CASSPRASGNTLYF-BJ1-3,65.0,0,34,0,1,2,0,0,3,0,1,0,0,0
BL6-BALBc_HTxC,AV3-1-CAVTLSGSFNKLTF-AJ4_BV13-2-CASGEVGSGQNTLYF-BJ2-4,238.0,0,0,1,2,1,8,0,2,0,2,1,1,0
BL6-BALBc_HTxC,AV6-6-CALGDSNYQLIW-AJ33_BV13-3-CASRDRVSYEQYF-BJ2-7,899.0,0,4,1,0,4,18,2,0,0,2,0,47,0
BL6-BALBc_HTxC,AV12-2-CALSDLASSSFSKLVF-AJ50_BV31-CAWSLRTGYAEQFF-BJ2-1,99.0,0,0,0,1,1,0,1,0,1,3,7,1,0
BL6-BALBc_HTxC,AV13D-2-CAIDPNTGKLTF-AJ27_BV14-CASSSGNTLYF-BJ1-3,37.0,0,0,0,0,1,9,0,2,0,3,0,0,0
BL6-BALBc_HTxC,AV6-7/DV9-CALGDINAYKVIF-AJ30_BV19-CASSAGGAYAEQFF-BJ2-1,247.0,0,3,0,0,7,0,0,0,0,1,18,2,0
BL6-BALBc_HTxC,AV9D-4-CALSATNAYKVIF-AJ30_BV13-2-CASGDAAGKDTQYF-BJ2-5,700.0,0,0,0,0,6,1,1,2,0,3,23,1,1
BL6-BALBc_HTxC,AV4-3-CAADQGGRALIF-AJ15_BV13-2-CASGWAPLGDYEQYF-BJ2-7,29.0,0,0,0,0,0,0,0,0,0,1,0,6,0
BL6-BALBc_HTxC,AV14-2-CAASRNYAQGLTF-AJ26_BV13-1-CASSPGGNERLFF-BJ1-4,35.0,5,6,13,9,1,3,0,3,7,15,54,9,0
BL6-BALBc_HTxC,AV7D-3-CAVEGNAGAKLTF-AJ39_BV13-1-CASRDNYEQYF-BJ2-7,92.0,0,1,1,0,0,0,0,0,0,0,15,0,0
BL6-BALBc_HTxC,AV6-5-CALSEGGTGYQNFYF-AJ49_BV13-1-CASRDNYEQYF-BJ2-7,288.0,1,0,1,5,166,0,8,1,0,6,1,1,0
BL6-BALBc_HTxC,AV16D/DV11-CAMREDTGYQNFYF-AJ49_BV19-CASTGTGSYYAEQ-BJ2-1,235.0,0,2,2,0,0,0,0,4,2,446,3,1,1
BL6-BALBc_HTxC,AV9-1-CAVSLNTGYQNFYF-AJ49_BV19-CASRDWGTETLYF-BJ2-3,193.0,0,1,3,1,15,0,0,2,2,4,10,2,0
BL6-BALBc_HTxC,AV3-1-CAVSAYQGGRALIF-AJ15_BV29-CASSLSGQEQYF-BJ2-7,22.0,0,0,0,0,8,0,2,0,0,2,0,0,0
BL6-BALBc_HTxC,AV14D-2-CAASPNYNVLYF-AJ21*p03_BV13-2-CASGDPQGVNSPLYF-BJ1-6,168.0,6,3,7,9,0,21,3,5,7,5,50,22,0
BL6-BALBc_HTxC,AV16D/DV11-CAMREGDTGNYKYVF-AJ40_BV1-CTCSADRVGTGQLYF-BJ2-2,59.0,0,0,1,7,3,4,0,1,0,0,3,0,0
BL6-BALBc_HTxC,AV16D/DV11-CAMREANSAGNKLTF-AJ17*p02_BV13-1-CASSDVSTEVFF-BJ1-1,47.0,0,0,0,1,1,71,0,0,0,0,1,3,0
BL6-BALBc_HTxC,AV16/DV11-CAMREENTGYQN-AJ49_BV13-1-CASSPGSEVFF-BJ1-1,108.0,0,0,1,7,2,3,2,0,0,1,2,0,1
BL6-BALBc_HTxC,AV8-1-CATPYQGGRALIF-AJ15_BV19-CASSGGGDYEQYF-BJ2-7,811.0,0,0,0,2,1,1,1,1,0,1,1,39,1
BL6-BALBc_HTxC,AV7D-2-CAASMDYANKMIF-AJ47_BV13-3-CASSDRSEQYF-BJ2-7,408.0,0,0,1,24,2,0,0,0,1,2,1,1,0
BL6-BALBc_HTxC,AV8D-2-CATDANSGTYQRF-AJ13_BV29-CASSFRAGEQYF-BJ2-7,54.0,0,0,0,0,0,5,0,0,0,0,0,6,2
BL6-BALBc_HTxC,AV16/DV11-CAMRDNYSNEKISF-AJ48_BV19-CASSILDSQDTQYF-BJ2-5,145.0,0,0,0,1,1,0,0,0,3,0,0,0,0
BL6-BALBc_HTxC,AV7-3-CAVSIAGSWQLIF-AJ22_BV13-1-CASSDAGYEQYF-BJ2-7,895.0,0,3,0,1,3,305,0,1,0,1,5,1,0
BL6-BALBc_HTxC,AV9D-1-CAAGHDSGYNKLTF-AJ11*p02_BV1-CTCSVGQGRNTEVFF-BJ1-1,18.0,11,7,12,9,3,0,8,1,17,7,69,19,1
BL6-BALBc_HTxC,AV12-3-CALSDTNAYKVIF-AJ30_BV3-CASSPDRDTEVFF-BJ1-1,74.0,11,1,0,0,0,0,0,0,0,0,0,1,0
BL6-BALBc_HTxC,AV3-1-CAVRASSGSWQLIF-AJ22_BV4-CASSSIEQFF-BJ2-1,55.0,0,0,0,0,0,0,0,0,0,0,31,0,0
BL6-BALBc_HTxC,AV16D/DV11-CAMREANSAGNKLTF-AJ17*p02_BV13-1-CASSDVSTEVFF-BJ1-1,101.0,0,0,0,0,0,30,0,0,0,0,0,0,0
BL6-BALBc_HTxC,AV10D-CAAVNNYAQGLTF-AJ26_BV13-1-CASSGTGNTEVFF-BJ1-1,15.0,0,0,0,13,2,0,0,1,0,0,0,0,0
BL6-BALBc_HTxC,AV16D/DV11-CAMRGHQGGRALIF-AJ15_BV13-2-CASGDAQNQNTLYF-BJ2-4,40.0,0,0,1,0,1,0,0,0,0,5,0,0,0
BL6-BALBc_HTxC,AV16/DV11-CAMREDTGYQNFYF-AJ49_BV13-1-CASGGVYEQYF-BJ2-7,190.0,0,1,0,33,3,2,0,1,0,318,4,3,1
BL6-BALBc_HTxC,AV16D/DV11-CAMRESNNYAQGLTF-AJ26_BV5-CASSTRTGGENYAEQFF-BJ2-1,62.0,29,19,4,16,6,6,6,15,17,10,133,34,1
BL6-BALBc_HTxC,AV4D-3-CAAEGPASGSWQLIF-AJ22_BV12-2-CASSLEQGEDTQYF-BJ2-5,577.0,70,0,1,1,1,0,0,1,0,0,1,0,0
BL6-BALBc_HTxC,AV1-CAVRAPNYNVLYF-AJ21*p03_BV13-3-CASSDAETGGYEQYF-BJ2-7,186.0,1,3,1,4,0,0,4,1,4,1,3,2,0
BL6-BALBc_HTxC,AV4D-3-CAAEDGGYKVVF-AJ12_BV13-1-CASSDAGYEQYF-BJ2-7,1127.0,1,0,1,1,5,157,0,2,1,0,3,2,0
BL6-BALBc_HTxC,AV14D-1-CAASETGGYKVVF-AJ12_BV13-3-CASSEVSANTGQLYF-BJ2-2,92.0,0,3,2,1,1,0,0,2,1,1,6,6,0
BL6-BALBc_HTxC,AV5-1-CSATYATSSGQKLVF-AJ16*p02_BV13-1-CASSPGTGGEQYF-BJ2-7,354.0,1,1,0,36,1,0,0,1,0,4,6,3,0
BL6-BALBc_HTxC,AV9-3-CAVSENNNAGAKLTF-AJ39_BV12-1-CASSLWADTQYF-BJ2-5,313.0,0,0,102,0,1,0,0,0,1,2,2,0,0
BL6-BALBc_HTxC,AV6D-4-CALVDRGSALGRLHF-AJ18_BV29-CASRQGNSPLYF-BJ1-6,230.0,0,0,3,3,4,2,3,1,0,353,13,1,0
BL6-BALBc_HTxC,AV7-5-CASSGSFNKLTF-AJ4_BV13-1-CASSGGALEQYF-BJ2-7,2373.0,0,0,0,2,1,0,1,0,0,3,55,1,0
BL6-BALBc_HTxC,AV8-1-CATDGSSGSWQLIF-AJ22_BV4-CASTTANTEVFF-BJ1-1,394.0,0,0,0,0,3,2,2,1,0,2,185,1,1
BL6-BALBc_HTxC,AV16D/DV11-CAMREDTGYQNFYF-AJ49_BV19-CASTGTGSNYPEQFF-BJ2-1,323.0,1,2,2,5,1,3,2,3,1,685,7,2,0
BL6-BALBc_HTxC,AV14-2-CAASPYTGNYKYVF-AJ40_BV13-2-CASGDQGGDNQAPLF-BJ1-5,62.0,2,0,0,1,0,0,1,0,0,1,79,2,0
BL6-BALBc_HTxC,AV4D-3-CAAEGPASGSWQLIF-AJ22_BV12-2-CASSLEQGEDTQYF-BJ2-5,101.0,31,0,0,0,0,0,0,1,0,1,1,0,0
BL6-BALBc_HTxC,AV15-1/DV6-1-CALWELAGATGGNNKLTF-AJ56_BV13-2-CASGTGGENTLYF-BJ2-4,894.0,3,0,2,9,221,3,1,125,4,7,20,5,0
BL6-BALBc_HTxC,AV6-6-CALGSYGNEKITF-AJ48_BV13-1-CASSDAASNERLFF-BJ1-4,139.0,0,1,1,0,4,0,2,25,0,1,0,0,0
BL6-BALBc_HTxC,AV13-1-CAMESGFASALTF-AJ35_BV13-1-CASSPLRAGNTLYF-BJ1-3,28.0,0,0,0,22,0,0,0,0,0,0,0,0,0
BL6-BALBc_HTxC,AV16D/DV11-CAMREADYANKMIF-AJ47_BV13-2-CASGDARGNSDYTF-BJ1-2,131.0,0,0,263,0,10,3,1,0,10,3,0,1,0
BL6-BALBc_HTxC,AV16/DV11-CAIREAGYQNFYF-AJ49_BV13-2-CASGENRANSDYTF-BJ1-2,1.0,0,0,0,0,0,3,1,0,0,0,0,0,0
BL6-BALBc_HTxC,AV19-CAAGGTSSSFSKLVF-AJ50_BV13-1-CASSDDGGDTLYF-BJ2-4,773.0,1,0,1,0,1,1,0,0,0,3,46,0,0
BL6-BALBc_HTxC,AV16/DV11-CAMREGTGANTGKLTF-AJ52_BV13-3-CASSPGTTYAEQFF-BJ2-1,2142.0,0,0,0,1,4,0,0,0,0,0,0,0,0
BL6-BALBc_HTxC,AV6-6-CALGSNTDKVVF-AJ34*p03_BV14-CASRHRDEQYF-BJ2-7,79.0,0,0,2,0,0,1,46,0,0,0,1,1,0
BL6-BALBc_HTxC,AV9D-1-CAATPYANKMIF-AJ47_BV14-CASSFWGLAETLYF-BJ2-3,359.0,1,0,1,0,0,0,1,0,0,3,38,1,0
BL6-BALBc_HTxC,AV4D-3-CAAENMGYKLTF-AJ9_BV31-CAWSSDNNQAPLF-BJ1-5,72.0,31,1,1,0,1,0,0,1,0,1,6,0,0
BL6-BALBc_HTxC,AV3-1-CAVSDQGGRALIF-AJ15_BV13-1-CASSDAGAISNERLFF-BJ1-4,154.0,0,0,0,2,1,0,0,1,0,1,0,51,0
BL6-BALBc_HTxC,AV13D-1-CAMEPPSGSWQLIF-AJ22_BV4-CASSYERLFF-BJ1-4,75.0,0,0,0,0,1,1,1,1,0,2,61,1,0
BL6-BALBc_HTxC,AV4D-3-CAAEGPASGSWQLIF-AJ22_BV12-2-CASSLEQGEDTQYF-BJ2-5,40.0,10,0,0,0,0,0,0,0,0,0,0,0,0
BL6-BALBc_HTxC,AV16D/DV11-CAMREDTGYQNFYF-AJ49_BV13-1-CASSQSSYEQYF-BJ2-7,128.0,2,0,1,3,0,0,0,3,0,2,99,2,0
BL6-BALBc_HTxC,AV16/DV11-CARREGGGGSNAKLTV-AJ42_BV12-2-CASSLEQGEDTQYF-BJ2-5,109.0,26,0,0,0,0,0,1,0,0,1,0,0,0
BL6-BALBc_HTxC,AV6D-6-CALKKDTNTGKLTF-AJ27_BV12-2-CASSLDWGDEQYF-BJ2-7,362.0,0,0,1,0,0,1,0,0,0,0,1,0,0
BL6-BALBc_HTxC,AV6-6-CALGETQVVGQLTF-AJ5*p02_BV13-2-CASGDAGSAETLYF-BJ2-3,19.0,1,0,0,7,0,6,0,0,1,0,0,0,0
BL6-BALBc_HTxC,AV16D/DV11-CAMREASSGSWQLIF-AJ22_BV13-2-CASGDPTGQEQYF-BJ2-7,19.0,0,0,1,27,0,0,0,0,0,0,0,1,0
BL6-BALBc_HTxC,AV16/DV11-CAMREGDSNYQLIW-AJ33_BV13-2-CASGVPTGTEVFF-BJ1-1,1228.0,2,0,0,15,9,0,1,0,0,2,2,1,0
BL6-BALBc_HTxC,AV8-2-CATDIQGGRALIF-AJ15_BV3-CASSWGGADSDYTF-BJ1-2,7.0,1,0,0,0,0,0,0,0,0,0,0,0,0
BL6-BALBc_HTxC,AV9-3-CAVSENNNAGAKLTF-AJ39_BV1-CNCSADRVRDTQYF-BJ2-5,101.0,0,0,0,0,4,2,0,1,0,2,10,171,0
BL6-BALBc_HTxC,AV7D-4-CAASGGYQNFYF-AJ49_BV2-CASSPRDTNNQAPLF-BJ1-5,1170.0,0,1,4,3,5,2,2,2,0,2,2,3,0
BL6-BALBc_HTxC,AV12D-1-CALSDTNAYKVIF-AJ30_BV29-CASSSGTGKDTQYF-BJ2-5,31.0,0,0,0,0,2,2,0,0,1,1,12,2,0
BL6-BALBc_HTxC,AV10D-CAASDSGYNKLTF-AJ11*p02_BV13-1-CASSGGVQNTLYF-BJ2-4,166.0,0,0,0,5,1,0,0,0,0,0,0,0,0
BL6-BALBc_HTxC,AV3-4-CAVSGDYANKMIF-AJ47_BV14-CASSTGTGDTGQLYF-BJ2-2,39.0,0,0,0,0,0,0,0,0,0,23,7,2,0
BL6-BALBc_HTxC,AV16D/DV11-CAMREGGGYKVVF-AJ12_BV13-2-CASGASPNTEVFF-BJ1-1,56.0,0,0,1,12,2,0,0,0,0,0,0,1,0
BL6-BALBc_HTxC,AV8-2-CATDDNNAPRF-AJ43*p03_BV3-CASSLARDYEQYF-BJ2-7,2443.0,8,1,2,4,1,3,0,2,1,206,7,3,0
BL6-BALBc_HTxC,AV7D-3-CAVSPETGSWQLIF-AJ22_BV13-2-CASGRQITEVFF-BJ1-1,2847.0,2,0,2,3,1,0,1,0,0,16,18,1,0
BL6-BALBc_HTxC,AV9-3-CAVSSDYANKMIF-AJ47_BV3-CASSSGTGGYEQYF-BJ2-7,117.0,0,3,2,1,3,1,0,0,2,118,1,0,0
BL6-BALBc_HTxC,AV6-7/DV9-CALGDSNTDKVVF-AJ34*p03_BV13-2-CASGGWGSQNTLYL-BJ2-4,37.0,0,0,0,0,0,0,0,0,0,3,24,0,0
BL6-BALBc_HTxC,AV9D-4-CALSATNAYKVIF-AJ30_BV13-2-CASGDAAGKDTQYF-BJ2-5,26.0,0,0,0,0,0,0,0,0,0,0,2,0,0
BL6-BALBc_HTxC,AV7D-3-CAVSIGSNYQLIW-AJ33_BV4-CASSRDNQDTQYF-BJ2-5,26.0,1,0,0,0,0,2,0,0,0,0,1,45,0
BL6-BALBc_HTxC,AV5-1-CSAGGGSNAKLTF-AJ42_BV13-1-CASSDVGGEYEQYF-BJ2-7,455.0,1,3,3,4,8,6,1,3,1,15,611,5,0
BL6-BALBc_HTxC,AV12D-1-CALSDTNAYKVIF-AJ30_BV13-1-CASSDVGAEQFF-BJ2-1,282.0,3,5,2,1,3,165,8,5,3,8,21,15,0
BL6-BALBc_HTxC,AV7D-3-CAVIGSGSWQLIF-AJ22_BV13-2-CASGEPQGANSPLYF-BJ1-6,19.0,0,0,0,0,0,3,0,0,0,0,0,0,0
BL6-BALBc_HTxC,AV7-3-CAVSIAGSWQLIF-AJ22_BV13-1-CASSDAGYEQYL-BJ2-7,197.0,0,0,0,1,0,167,1,0,0,0,2,0,0
BL6-BALBc_HTxC,AV9-3-CAVSENNNAGAKLTF-AJ39_BV1-CTCSAAWGDTQYF-BJ2-5,44.0,0,0,0,1,3,1,0,0,0,1,1,2,0
BL6-BALBc_HTxC,AV16D/DV11-CAMREGYAQGLTF-AJ26_BV13-2-CASWDISGNTLYF-BJ1-3,8.0,0,0,0,8,0,1,0,0,0,0,0,0,0
BL6-BALBc_HTxC,AV6-6-CALASFSNTDKVVF-AJ34*p03_BV13-3-CASSDVRDGNTLYF-BJ1-3,96.0,1,0,0,132,2,0,0,0,0,4,0,1,0
BL6-BALBc_HTxC,AV14-1-CAASENTGGADRLTF-AJ45_BV13-1-CASGTGIYEQYF-BJ2-7,175.0,1,0,0,2,1,1,1,1,0,1,63,0,0
BL6-BALBc_HTxC,AV7-3-CASPNTGYQNFYF-AJ49_BV13-2-CASGGWGSQNTLYF-BJ2-4,45.0,0,0,2,4,105,1,0,0,0,1,3,0,0
BL6-BALBc_HTxC,AV9-1-CAVSAYSNYQLIW-AJ33_BV1-CTCSADRVEQYF-BJ2-7,16.0,0,1,0,4,0,0,1,0,0,0,2,0,1
BL6-BALBc_HTxC,AV7-3-CASPNTGYQNFYF-AJ49_BV13-2-CASGGWGSQNTLYF-BJ2-4,58.0,0,1,2,7,240,1,0,0,3,0,1,0,0
BL6-BALBc_HTxC,AV13-1-CAMEDGTGYQNFYF-AJ49_BV5-CASSQQGNERLFF-BJ1-4,22.0,0,0,1,0,1,1,0,0,0,0,27,0,0
BL6-BALBc_HTxC,AV6-6-CALGDGYNVLYF-AJ21*p03_BV13-3-CASRDRGEQYF-BJ2-7,120.0,3,0,2,6,3,54,0,4,0,0,0,0,0
BL6-BALBc_HTxC,AV9-3-CAVSENNNAGAKLTF-AJ39_BV1-CTCSAAWGDTQYF-BJ2-5,352.0,0,2,0,1,2,0,0,0,0,0,2,31,0
BL6-BALBc_HTxC,AV16/DV11-CAMREDPGYQNFYF-AJ49_BV3-CASSSQGVYEQYF-BJ2-7,13.0,0,0,0,0,1,0,0,4,0,0,0,0,0
BL6-BALBc_HTxC,AV12-3-CALSDTNAYKVIF-AJ30_BV3-CASSPDRDTEVFF-BJ1-1,54.0,2,0,0,0,2,0,0,0,0,0,1,0,0
BL6-BALBc_HTxC,AV16D/DV11-CAMREDSNYQLIW-AJ33_BV31-CAWSLRGGNSDYTF-BJ1-2,560.0,1,0,1,104,3,0,0,0,0,4,1,0,0
BL6-BALBc_HTxC,AV16/DV11-CAMREDSNYQLIW-AJ33_BV13-2-CASGETVNERLFF-BJ1-4,98.0,2,0,1,77,1,2,0,0,0,6,12,0,0
BL6-BALBc_HTxC,AV12D-1-CALNNRIFF-AJ31_BV13-2-CASGDAGVNQDTQYF-BJ2-5,21.0,0,1,0,1,94,0,0,0,0,1,3,1,0
BL6-BALBc_HTxC,AV12-2-CALSDPSSFSKLVF-AJ50_BV1-CTCSVLRDSPLYF-BJ1-6,86.0,0,0,0,1,0,0,0,0,0,1,4,0,0
BL6-BALBc_HTxC,AV16/DV11-CAMREAYTGGNNKLTF-AJ56_BV13-2-CASGETWGGEQYF-BJ2-7,309.0,1,1,1,1,2,0,2,0,1,0,0,2,0
BL6-BALBc_HTxC,AV13-1-CAMNTGYQNFYF-AJ49_BV13-2-CASGENRANSDYTF-BJ1-2,33.0,0,0,0,0,9,0,0,1,1,1,0,2,0
BL6-BALBc_HTxC,AV9-4-CAVSSDYANKMIF-AJ47_BV3-CASSSGTGGYEQYF-BJ2-7,285.0,0,0,1,3,0,3,0,0,0,182,1,0,1
BL6-BALBc_HTxC,AV14-2-CAASSYTGNYKYVF-AJ40_BV13-1-CASSEHNSDYTF-BJ1-2,790.0,2,2,2,4,3,2,0,0,1,186,2,0,0
BL6-BALBc_HTxC,AV19-CAANNAGAKLTF-AJ39_BV16-CASSLGWGRDAETLYF-BJ2-3,139.0,0,0,0,0,1,1,10,2,0,1,1,1,0
BL6-BALBc_HTxC,AV14-2-CAASSYTGNYKYVF-AJ40_BV13-1-CASSEHNSDYTF-BJ1-2,503.0,2,1,0,1,1,2,0,0,1,155,1,2,1
BL6-BALBc_HTxC,AV19-CAAGATGGADRLTF-AJ45_BV4-CASSLWVNQDTQYF-BJ2-5,12.0,0,1,1,0,4,2,2,1,0,3,30,0,0
BL6-BALBc_HTxC,AV3-1-CAVLNVGDNSKLIW-AJ38_BV13-2-CASGDATIYEQYF-BJ2-7,36.0,0,2,3,1,8,3,0,4,0,2,5,1,0
BL6-BALBc_HTxC,AV3-1-CAVSAGNYKYVF-AJ40_BV13-2-CASGGGQGQLYF-BJ2-2,11.0,8,5,7,3,2,0,1,5,2,6,39,12,0
BL6-BALBc_HTxC,AV13D-1-CAIMPNYNVLYF-AJ21*p03_BV29-CASSLGGNTLYF-BJ2-4,186.0,1,0,0,0,3,0,0,0,2,0,0,0,0
BL6-BALBc_HTxC,AV7-1-CAVNSGGSNAKLTF-AJ42_BV13-1-CASSDAGAANTEVFF-BJ1-1,110.0,1,0,0,0,4,2,0,2,0,1,2,0,0
BL6-BALBc_HTxC,AV6-6-CALGAYTGGADRLTF-AJ45_BV1-CTCSGTASQNTLYF-BJ2-4,130.0,0,0,1,35,1,2,1,2,0,1,3,2,0
BL6-BALBc_HTxC,AV7-3-CADDSGYNKLTF-AJ11*p02_BV13-2-CASGDVGGQNTLYF-BJ2-4,1000.0,0,0,0,0,3,2,0,1,1,2,1,1,0
BL6-BALBc_HTxC,AV16D/DV11-CAMREASSGSWQLIF-AJ22_BV13-2-CASGDPTGQEQYF-BJ2-7,62.0,0,0,0,15,0,1,1,3,0,0,2,0,0
BL6-BALBc_HTxC,AV6-7/DV9-CALGDPNNRIFF-AJ31_BV29-CASSWDRGFYAEQFF-BJ2-1,255.0,0,2,0,1,1,0,6,0,0,0,1,0,0
BL6-BALBc_HTxC,AV6-6-CALGDTSGGSNYKLTF-AJ53_BV1-CTCSAVRANTGQLYF-BJ2-2,158.0,0,0,0,14,1,0,0,0,0,0,0,1,0
BL6-BALBc_HTxC,AV16D/DV11-CAMREAGGYKVVF-AJ12_BV13-2-CASGGIYEQYF-BJ2-7,237.0,0,0,0,5,4,26,0,1,0,0,1,1,0
BL6-BALBc_HTxC,AV10-CAASTDYAQGLTF-AJ26_BV3-CASSPGVSYEQYF-BJ2-7,92.0,1,0,0,0,0,0,0,2,0,224,4,0,0
BL6-BALBc_HTxC,AV7D-2-CAATGNTRKLIF-AJ37*p02_BV13-2-CASGDAGGKAEVFF-BJ1-1,93.0,0,0,0,0,0,32,0,1,0,0,0,0,0
BL6-BALBc_HTxC,AV16D/DV11-CAMREGDSNYQLIW-AJ33_BV13-2-CASGGLVYEQYF-BJ2-7,85.0,1,0,0,3,2,2,0,0,0,0,1,21,0
BL6-BALBc_HTxC,AV7-3-CAVYQGGSAKLIF-AJ57_BV31-CAWSLRGPYNSPLYF-BJ1-6,38.0,3,1,0,0,0,1,0,0,0,2,11,0,0
BL6-BALBc_HTxC,AV6-7/DV9-CALVNYAQGLTF-AJ26_BV19-CASSIRRESYNSPLYF-BJ1-6,360.0,2,0,0,7,1,0,0,0,0,0,1,0,0
BL6-BALBc_HTxC,AV8-1-CATPYQGGRALIF-AJ15_BV14-CASRHRDEQYF-BJ2-7,323.0,0,0,0,2,4,4,41,5,1,1,1,5,0
BL6-BALBc_HTxC,AV3-1-CAVSDQGGRALIF-AJ15_BV13-1-CASSDAGAISNERLFF-BJ1-4,1422.0,0,0,2,3,3,2,1,0,1,0,3,11,0
BL6-BALBc_HTxC,AV6-6-CALGDTSGGSNYKLTF-AJ53_BV1-CTCSAVRANTGQLYF-BJ2-2,367.0,0,0,0,48,1,0,1,0,0,0,1,1,0
BL6-BALBc_HTxC,AV16D/DV11-CAMREASSGSWQLIF-AJ22_BV13-2-CASGDPTGQEQYF-BJ2-7,560.0,0,0,1,81,0,2,0,1,0,1,3,0,0
BL6-BALBc_HTxC,AV6-4-CALVEGGRALIF-AJ15_BV14-CASRDRDEQYF-BJ2-7,80.0,0,0,0,3,0,1,0,0,10,1,1,0,0
BL6-BALBc_HTxC,AV1-CAVRDYGGSGNKLIF-AJ32_BV13-1-CASSDVGAEQFF-BJ2-1,51.0,0,0,0,0,2,16,0,2,0,1,1,0,0
BL6-BALBc_HTxC,AV12D-2-CALSDRGSFNKLTF-AJ4_BV13-3-CASSGTGGEGEQFF-BJ2-1,183.0,0,0,0,0,0,1,0,0,0,2,13,0,0
BL6-BALBc_HTxC,AV16D/DV11-CAMREGVSAGNKLTF-AJ17*p02_BV13-1-CASSDVGAEQFF-BJ2-1,43.0,1,0,1,1,0,101,4,0,0,1,2,1,0
BL6-BALBc_HTxC,AV9-4-CAVASMDYANKMIF-AJ47_BV13-2-CASGDRLNTGQLYF-BJ2-2,6.0,0,0,0,0,0,0,0,0,0,0,0,36,0
BL6-BALBc_HTxC,AV9-3-CAVSMDTGNYKYDF-AJ40_BV29-CASSLRGYEQYF-BJ2-7,91.0,0,138,0,0,1,1,0,1,1,1,2,0,0
BL6-BALBc_HTxC,AV16D/DV11-CAMREDSNYQLIW-AJ33_BV5-CASSQDYWGGGDTQYF-BJ2-5,60.0,0,0,0,1,1,0,0,42,0,0,1,0,0
BL6-BALBc_HTxC,AV6D-5-CALGDQGGSAKLIF-AJ57_BV13-2-CASGDWGWEQYF-BJ2-7,58.0,0,1,0,1,2,0,0,14,0,2,2,24,0
BL6-BALBc_HTxC,AV4D-3-CAAEDGGYKVVF-AJ12_BV13-1-CASSDAGYEQYF-BJ2-7,99.0,0,0,0,1,2,38,1,1,1,0,3,2,0
BL6-BALBc_HTxC,AV7-3-CAVSMDYAQGLTF-AJ26_BV3-CASSLDKKYEQYF-BJ2-7,268.0,127,2,1,1,4,4,0,3,0,0,4,1,0
BL6-BALBc_HTxC,AV7-3-CASPNTGYQNFYF-AJ49_BV13-2-CASGGWGSQNTLYF-BJ2-4,41.0,0,0,1,0,92,1,1,1,0,1,5,2,0
BL6-BALBc_HTxC,AV16D/DV11-CAMREGDAYKVIF-AJ30_BV13-2-CASGDRNTEVFF-BJ1-1,421.0,0,0,1,2,76,0,0,2,0,1,0,1,0
BL6-BALBc_HTxC,AV7-3-CAVSIGYNVLYF-AJ21*p03_BV13-2-CASGDAGAGISGNTLYF-BJ1-3,177.0,0,3,0,1,3,5,1,1,0,0,6,0,0
BL6-BALBc_HTxC,AV4D-3-CAAEGPASGSWQLIF-AJ22_BV12-2-CASSLEQGEDTQYF-BJ2-5,119.0,63,0,0,2,0,0,0,0,0,0,2,0,0
BL6-BALBc_HTxC,AV16D/DV11-CAMREEIAGNTRKLIF-AJ37*p02_BV13-1-CASSTGAYTGQLYF-BJ2-2,106.0,1,0,2,3,555,1,2,4,0,3,4,1,1
BL6-BALBc_HTxC,AV19-CAASSGSWQLIF-AJ22_BV1-CTCSAWGGAGAETLYF-BJ2-3,171.0,0,2,0,2,1,0,0,3,0,6,4,1,0
BL6-BALBc_HTxC,AV14D-2-CAARTGGYKVVF-AJ12_BV5-CASSPQQGNTEVFF-BJ1-1,16.0,0,6,0,0,1,1,0,0,0,0,0,0,0
BL6-BALBc_HTxC,AV8-1-CAPYQGGRALIF-AJ15_BV1-CTCSAGGYAEQFF-BJ2-1,32.0,0,3,0,2,2,1,0,0,0,0,3,1,0
BL6-BALBc_HTxC,AV16D/DV11-CAMREDTNTGKLTF-AJ27_BV13-1-CASSDGANSDYTF-BJ1-2,79.0,0,0,0,0,0,1,0,1,0,0,1,23,0
BL6-BALBc_HTxC,AV16D/DV11-CAMREGYAQGLTF-AJ26_BV13-2-CASWDISGNTLYF-BJ1-3,86.0,0,3,0,62,0,15,1,0,0,0,2,0,0
BL6-BALBc_HTxC,AV12D-3-CALKLSGSFNKLTF-AJ4_BV5-CASSHDWGGDAEQFF-BJ2-1,33.0,2,5,2,5,0,7,0,5,0,1,12,1,0
BL6-BALBc_HTxC,AV9-3-CAVSRGNYAQGLTF-AJ26_BV5-CASSQDDWGGNTQYF-BJ2-5,24.0,0,2,0,2,0,1,5,0,0,3,8,1,0
BL6-BALBc_HTxC,AV7-3-CAVSIAGSWQLIF-AJ22_BV13-1-CASSDAGYEQYF-BJ2-7,44.0,0,3,3,1,0,29,1,0,0,1,1,1,0
BL6-BALBc_HTxC,AV8-2-CATGNYKYVF-AJ40_BV29-CASSPGTTNTEVFF-BJ1-1,75.0,0,0,0,20,0,0,0,0,0,0,0,2,0
BL6-BALBc_HTxC,AV12-3-CALSDTNAYKVIF-AJ30_BV3-CASSPDRDTEVFF-BJ1-1,130.0,3,0,0,3,3,2,1,1,0,4,0,0,0
BL6-BALBc_HTxC,AV10D-CAADYANKMIF-AJ47_BV13-1-CASSDAASNERLFF-BJ1-4,76.0,2,1,0,4,0,0,0,10,0,0,0,0,0
BL6-BALBc_HTxC,AV16D/DV11-CAMREANSGTYQRF-AJ13_BV13-2-CASGPDNSGNTLYF-BJ1-3,1030.0,1,0,1,5,7,2,3,142,0,1,2,5,2
BL6-BALBc_HTxC,AV3-4-CAVSGDYANKMIF-AJ47_BV14-CASSTGTGDTGQLYF-BJ2-2,50.0,0,0,0,1,0,0,0,0,0,67,1,0,0
BL6-BALBc_HTxC,AV16D/DV11-CAMREGGAYKVIF-AJ30_BV13-2-CASGDTGVANSDYTF-BJ1-2,726.0,0,0,0,1,3,27,0,0,1,0,0,3,0
BL6-BALBc_HTxC,AV3D-3-CAVISSGSWQLIF-AJ22_BV13-1-CASSPGTGGEQYF-BJ2-7,225.0,2,1,0,69,0,1,0,0,1,1,2,0,2
BL6-BALBc_HTxC,AV7D-2-CAASSGNTRKLIF-AJ37*p02_BV13-2-CASGDLVGYAEQFF-BJ2-1,8.0,0,0,24,0,1,0,0,0,0,1,2,3,0
BL6-BALBc_HTxC,AV16D/DV11-CAMREANSGTYQRF-AJ13_BV13-2-CASGPDNSGNTLYF-BJ1-3,30.0,0,0,0,0,0,0,0,27,0,1,1,3,0
BL6-BALBc_HTxC,AV8-1-CATSLSSGSWQLIF-AJ22_BV4-CASSYTGASAETLYF-BJ2-3,99.0,0,1,0,2,0,2,0,0,0,2,43,1,0
BL6-BALBc_HTxC,AV7-3-CAVSAWGGRALIF-AJ15_BV13-1-CASSDHRGDQNTLYF-BJ2-4,61.0,27,0,0,0,0,0,0,1,0,0,0,1,0
BL6-BALBc_HTxC,AV9-3-CAVSENNNAGAKLTF-AJ39_BV1-CTCSAAWGDTQYF-BJ2-5,32.0,0,0,0,0,0,1,0,0,0,1,0,2,0
BL6-BALBc_HTxC,AV3D-3-CAVNSGSWQLIF-AJ22_BV1-CTCSADPGDYAEQFF-BJ2-1,25.0,0,0,0,0,0,0,0,0,0,0,4,6,0
BL6-BALBc_HTxC,AV9D-1-CAASNMGYKLTF-AJ9_BV13-2-CASGDPGTSNTEVFF-BJ1-1,41.0,0,0,0,0,0,0,3,0,2,0,0,0,0
BL6-BALBc_HTxC,AV16/DV11-CAMREAGYQNFYF-AJ49_BV4-CEGDRNNSPLYF-BJ1-6,24.0,0,0,0,5,0,0,0,0,0,0,1,0,0
BL6-BALBc_HTxC,AV16/DV11-CAMREGDGGSGNKLIF-AJ32_BV1-CTCSADRVYAEQFF-BJ2-1,30.0,0,0,2,34,0,0,0,1,0,0,0,0,0
BL6-BALBc_HTxC,AV16D/DV11-CAIIGDSNYQLIW-AJ33_BV1-CTCSADLQIYNSPLYF-BJ1-6,339.0,0,0,0,11,3,1,0,1,2,0,2,1,0
BL6-BALBc_HTxC,AV9-3-CAVSSLTSGGNYKPTF-AJ6_BV1-CTCSAARVDTQYF-BJ2-5,30.0,0,0,0,11,1,1,1,0,0,8,0,0,0
BL6-BALBc_HTxC,AV16/DV11-CAMREGSGGSNYKLTF-AJ53_BV3-CASSLDWTYEQYF-BJ2-7,13.0,0,0,1,1,0,2,0,0,0,100,1,1,0
BL6-BALBc_HTxC,AV3-3-CAVSGGYKVVF-AJ12_BV14-CASRTGGYAEQFF-BJ2-1,25.0,0,0,0,0,0,0,0,0,1,0,10,0,0
BL6-BALBc_HTxC,AV7D-2-CAASKNYGNEKITF-AJ48_BV31-CAWNSLFSNERLFF-BJ1-4,15.0,0,0,0,0,0,0,0,1,0,3,3,1,0
BL6-BALBc_HTxC,AV14-2-CAANTGNYKYVF-AJ40_BV13-3-CASSDWDWGGAGQNTLYF-BJ2-4,112.0,0,0,1,2,0,31,0,0,0,0,4,0,0
BL6-BALBc_HTxC,AV19-CAAVDAGYQNFYF-AJ49_BV17-CASSRTGGSDYTF-BJ1-2,32.0,0,0,0,2,2,11,0,0,0,0,1,0,0
BL6-BALBc_HTxC,AV8-2-CATDDNNAPRF-AJ43*p03_BV3-CASSLARDYEQYF-BJ2-7,467.0,1,0,0,4,0,0,0,2,0,89,0,1,0
BL6-BALBc_HTxC,AV6D-6-CALSDFSNNRLTL-AJ7_BV13-3-CASRDRGEQYF-BJ2-7,65.0,0,0,0,43,0,78,1,0,0,0,0,1,0
BL6-BALBc_HTxC,AV7-3-CADDSGYNKLTF-AJ11*p02_BV13-2-CASGDVGGQNTLYF-BJ2-4,523.0,1,4,0,5,2,18,1,0,5,1,65,11,0
BL6-BALBc_HTxC,AV10-CAAAPYTGNYKYVF-AJ40_BV13-2-CASAQTGEVFF-BJ1-1,76.0,1,0,1,0,2,1,1,1,0,194,9,0,0
BL6-BALBc_HTxC,AV6-6-CALGDRGNTDKVVF-AJ34*p03_BV17-CASSNRNSPLYF-BJ1-6,675.0,6,7,5,2,2,13,2,2,4,0,59,5,0
BL6-BALBc_HTxC,AV10D-CAASIGSNYQLIW-AJ33_BV1-CTCSADPANSDYTF-BJ1-2,87.0,0,0,0,0,0,1,0,26,0,0,0,0,0
BL6-BALBc_HTxC,AV16D/DV11-CAMREGQTGGYKVVF-AJ12_BV13-2-CASGENRANSDYTF-BJ1-2,20.0,0,0,0,0,0,1,6,0,0,0,0,0,0
BL6-BALBc_HTxC,AV1-CAVRDEGGRALIF-AJ15_BV13-2-CASGDGTISGNTLYF-BJ1-3,100.0,0,1,0,0,14,0,2,0,0,0,0,0,0
BL6-BALBc_HTxC,AV1-CAVMDSNYQLIW-AJ33_BV5-CASSQGDWGYAEQFF-BJ2-1,786.0,0,0,0,52,1,2,1,1,0,2,1,6,0
BL6-BALBc_HTxC,AV19-CAAGDAGYQNFYF-AJ49_BV17-CASSRTGGSDYTF-BJ1-2,57.0,0,0,0,0,1,46,0,0,0,4,1,0,0
BL6-BALBc_HTxC,AV12D-3-CALSDLPGYNKLTF-AJ11*p02_BV13-2-CASGDGPVNQDTQYF-BJ2-5,180.0,0,1,0,56,0,0,0,0,0,0,2,0,0
BL6-BALBc_HTxC,AV16/DV11-CAMREGNTGYQNF-AJ49_BV13-2-CASGQGAGNTLYF-BJ1-3,108.0,0,0,0,0,0,13,1,18,0,1,2,0,0
BL6-BALBc_HTxC,AV7D-2-CAASSGNTRKLIF-AJ37*p02_BV13-2-CASGDPQGVNSPLYF-BJ1-6,13.0,0,0,0,3,0,4,0,4,5,0,7,5,0
BL6-BALBc_HTxC,AV14-3-CAASPHYGNEKITF-AJ48_BV1-CTCSADWGQDTQYF-BJ2-5,43.0,1,0,1,5,0,0,0,0,0,4,8,1,0
BL6-BALBc_HTxC,AV8-2-CATDDNNAPRF-AJ43*p03_BV3-CASSLARDYEQYF-BJ2-7,414.0,0,2,0,1,1,1,0,1,0,31,2,0,0
BL6-BALBc_HTxC,AV12D-1-CAQTGNYKYVF-AJ40_BV29-CASSFGNTGQLYF-BJ2-2,123.0,0,1,0,0,4,0,1,0,12,1,19,4,0
BL6-BALBc_HTxC,AV10-CAASMDNYAQGLTF-AJ26_BV13-3-CASSDGIYEQYF-BJ2-7,66.0,0,0,0,1,0,25,0,0,0,0,1,1,0
BL6-BALBc_HTxC,AV16D/DV11-CAMREGSSGSWQLIF-AJ22_BV19-CASSITENTEVFF-BJ1-1,64.0,0,0,0,0,0,0,0,0,0,0,6,0,0
BL6-BALBc_HTxC,AV14-2-CAASEDYANKMIF-AJ47_BV3-CASSFGNSYEQYF-BJ2-7,127.0,0,0,0,1,0,0,0,0,0,43,0,1,0
BL6-BALBc_HTxC,AV19-CAAGDAGYQNFYF-AJ49_BV17-CASSRTGGSDYTF-BJ1-2,63.0,0,0,0,4,0,18,0,0,0,1,0,0,0
BL6-BALBc_HTxC,AV10D-CAASDSGYNKLTF-AJ11*p02_BV13-1-CASSGGVQNTLYF-BJ2-4,38.0,0,0,0,2,0,0,0,0,0,0,1,0,0
BL6-BALBc_HTxC,AV16D/DV11-CAMREANYNVLLL-AJ21*p03_BV13-2-CASGDNYEQYF-BJ2-7,102.0,0,0,0,1,95,1,0,0,1,3,1,1,0
BL6-BALBc_HTxC,AV4D-3-CAAEDGGYKVVF-AJ12_BV13-1-CASSDAGYEQYF-BJ2-7,50.0,0,0,0,0,0,4,0,0,1,0,0,0,0
BL6-BALBc_HTxC,AV9D-4-CALSANMGYKLTF-AJ9_BV13-1-CASSEGTGGIYEQYF-BJ2-7,54.0,0,0,0,0,1,0,0,0,0,1,0,73,0
BL6-BALBc_HTxC,AV8D-2-CATDHNYAQGLTF-AJ26_BV13-1-CASSDLGSQNTLYF-BJ2-4,62.0,0,0,0,1,4,6,0,18,0,1,0,0,0
BL6-BALBc_HTxC,AV7-5-CAMRGGTGFASALTF-AJ35_BV5-CASSPDWGDYEQYF-BJ2-7,37.0,0,0,3,1,1,0,0,1,0,1,70,2,0
BL6-BALBc_HTxC,AV16D/DV11-CAMREGQTGGYKVVF-AJ12_BV13-2-CASGENRANSDYTF-BJ1-2,35.0,0,0,0,0,0,0,11,0,0,0,0,0,0
BL6-BALBc_HTxC,AV13-1-CAMERGYQNFYF-AJ49_BV17-CASSDRYEQYF-BJ2-7,63.0,0,0,0,0,0,4,7,19,0,0,0,1,0
BL6-BALBc_HTxC,AV8-2-CATDGGTGSKLSF-AJ58_BV13-1-CASSGGNYAEQFF-BJ2-1,101.0,0,0,0,0,5,2,0,0,0,7,3,6,0
BL6-BALBc_HTxC,AV3D-3-CAVSASSGSWQLIF-AJ22_BV17-CASSSGQGRTLYF-BJ2-4,120.0,1,0,4,1,0,1,1,2,0,1,31,2,0
BL6-BALBc_HTxC,AV12-3-CALNSGTYQRF-AJ13_BV4-CGCSFDWGGCAETLYV-BJ2-3,165.0,1,0,0,2,2,0,0,0,3,2,27,2,0
BL6-BALBc_HTxC,AV4D-3-CAAEYSNYQLIW-AJ33_BV31-CAWRGSSYEQYF-BJ2-7,124.0,56,0,0,1,2,1,1,1,0,1,0,0,0
BL6-BALBc_HTxC,AV16D/DV11-CAMREASSGSWQLIF-AJ22_BV13-2-CASGDPTGQEQYF-BJ2-7,91.0,0,0,0,91,1,0,0,0,3,1,0,0,0
BL6-BALBc_HTxC,AV7D-3-CAVIGSGSWQLIF-AJ22_BV13-2-CASGEPQGANSPLYF-BJ1-6,137.0,0,0,1,1,1,67,0,4,0,1,1,2,0
BL6-BALBc_HTxC,AV16/DV11-CAMREDSGGSNYKLTF-AJ53_BV4-CASSLDWGGNYAEQFF-BJ2-1,389.0,0,1,0,2,1,10,0,0,0,0,1,0,0
BL6-BALBc_HTxC,AV3-3-CAVSFNNAGAKLTF-AJ39_BV1-CTCSADRVYAEQFF-BJ2-1,195.0,0,1,1,70,3,0,0,1,0,1,6,0,0
BL6-BALBc_HTxC,AV13-1-CAMESGFASALTF-AJ35_BV13-1-CASSPLRAGNTLYF-BJ1-3,71.0,0,0,0,53,0,0,0,0,0,1,0,0,0
BL6-BALBc_HTxC,AV13D-1-CAMERPSGSWQLIF-AJ22_BV4-CASSYAEQFF-BJ2-1,119.0,0,0,0,0,0,0,1,2,0,0,42,0,0
BL6-BALBc_HTxC,AV5-4-CAASPDSNYQLIW-AJ33_BV13-1-CASSDAGSQNTLYF-BJ2-4,25.0,6,4,9,9,0,8,1,28,6,5,22,3,0
BL6-BALBc_HTxC,AV16D/DV11-CAMREDTGYQNFYF-AJ49_BV19-CASTGTGSNYAEQFF-BJ2-1,1088.0,1,0,1,3,1,2,1,2,0,128,2,1,1
BL6-BALBc_HTxC,AV7D-2-CAASSGNTRKLIF-AJ37*p02_BV13-2-CASGDLVGYAEQFS-BJ2-1,170.0,0,1,2,0,0,0,1,0,0,1,1,0,0
BL6-BALBc_HTxC,AV10D-CAASLASSSFSKLVF-AJ50_BV29-CASSRDRGTEVFF-BJ1-1,59.0,0,0,1,0,0,0,0,0,0,1,0,2,0
BL6-BALBc_HTxC,AV3D-3-CAVSGDMGYKLTF-AJ9_BV5-CASSQGDWGYAEQFF-BJ2-1,463.0,0,0,0,30,0,0,0,0,0,1,0,0,0
BL6-BALBc_HTxC,AV8-1-CATDQDTGYQNFYF-AJ49_BV3-CASSLEGGRYEQYF-BJ2-7,734.0,0,0,0,1,0,1,0,0,0,3,16,0,2
BL6-BALBc_HTxC,AV16D/DV11-CAMREDSNYQLIW-AJ33_BV13-1-CASSDAGYEQYF-BJ2-7,23.0,0,0,1,52,0,0,0,1,0,0,0,0,0
BL6-BALBc_HTxC,AV5-1-CSANSGTYQRF-AJ13_BV13-2-CASGDAQGNTEVFF-BJ1-1,57.0,7,4,1,4,6,9,12,15,3,1,70,20,0
BL6-BALBc_HTxC,AV16/DV11-CAMREGNTGYQNFYF-AJ49_BV13-2-CASGQGAGNTLYF-BJ1-3,95.0,0,0,0,0,1,18,2,49,0,0,0,0,0
BL6-BALBc_HTxC,AV19-CAAGPSNTGYQNFYF-AJ49_BV13-2-CASGDRYNYAEQFF-BJ2-1,289.0,0,0,1,0,2,2,0,1,1,0,2,88,0
BL6-BALBc_HTxC,AV13D-1-CAMERDYAQGLTF-AJ26_BV19-CASSLTGTSEVFF-BJ1-1,52.0,0,0,0,0,0,0,0,0,0,0,5,0,0
BL6-BALBc_HTxC,AV8-1-CVLNMGYKLTF-AJ9_BV13-3-CASSDDRVDTEVFF-BJ1-1,38.0,0,0,0,0,0,1,2,1,0,0,3,1,1
BL6-BALBc_HTxC,AV8-2-CATDADNNNAPRF-AJ43*p03_BV14-CASSNRETLYF-BJ2-3,36.0,0,0,64,0,0,0,2,0,7,1,1,1,0
BL6-BALBc_HTxC,AV8-2-CATDIQGGRALIF-AJ15_BV3-CASSWGGADSDYTF-BJ1-2,34.0,11,0,0,0,1,0,0,0,0,1,0,0,0
BL6-BALBc_HTxC,AV21/DV12-CILRGMPNYNVLYF-AJ21*p03_BV13-3-CASSAGTGGNTLYF-BJ1-3,118.0,0,0,0,1,0,1,0,1,0,4,34,3,0
BL6-BALBc_HTxC,AV3D-3-CAVNSGSWQLIF-AJ22_BV1-CTCSADPGDYAEQFF-BJ2-1,39.0,0,0,0,3,0,1,0,0,0,11,22,6,0
BL6-BALBc_HTxC,AV7D-2-CAASSGNTRKLIF-AJ37*p02_BV13-2-CASGDLVGYAEQFF-BJ2-1,26.0,0,0,20,0,0,0,0,0,0,0,0,0,0
BL6-BALBc_HTxC,AV7-3-CAVSIAGSWQLIF-AJ22_BV13-1-CASSDAGYEQYF-BJ2-7,710.0,0,1,1,1,1,185,0,0,0,2,5,0,0
BL6-BALBc_HTxC,AV7-3-CAVSAWGGRALIF-AJ15_BV13-1-CASSDQGYNEQYF-BJ2-7,66.0,0,0,0,0,0,0,0,0,0,0,0,19,0
BL6-BALBc_HTxC,AV10-CAASPYTGYQNFYF-AJ49_BV13-2-CASGDIERLFF-BJ1-4,1229.0,1,0,0,1,1,1,1,0,0,52,24,0,0
BL6-BALBc_HTxC,AV8-2-CATDGGTGSKLSF-AJ58_BV3-CASPSQANSDYTF-BJ1-2,63.0,0,1,0,0,3,0,0,0,0,0,0,0,0
BL6-BALBc_HTxC,AV16/DV11-CAMREDGGSGNKLIF-AJ32_BV13-2-CASGDINTEVFF-BJ1-1,38.0,0,0,0,1,31,0,0,0,0,0,3,0,0
BL6-BALBc_HTxC,AV8-2-CATEANTGKLTF-AJ52_BV13-1-CASSGGNYAEQFF-BJ2-1,116.0,0,0,1,6,1,0,1,0,0,1,26,2,0
BL6-BALBc_HTxC,AV16D/DV11-CAMREGYAQGLTF-AJ26_BV13-2-CASWDISGNTLYF-BJ1-3,100.0,0,0,6,83,0,16,0,0,0,0,1,0,0
BL6-BALBc_HTxC,AV13-4/DV7-CAMDSNTGYQNFYF-AJ49_BV20-CGARLGESNTLYF-BJ2-4,21.0,5,0,6,3,1,1,5,4,4,12,49,12,0
BL6-BALBc_HTxC,AV3-1-CAVRASSGSWQLIF-AJ22_BV4-CASSSIEQFF-BJ2-1,634.0,0,0,0,1,1,1,0,1,0,1,137,1,0
BL6-BALBc_HTxC,AV7-3-CAVNGNTRKLIF-AJ37*p02_BV19-CASSMTVYAEQFF-BJ2-1,61.0,0,0,0,0,0,1,0,2,1,0,0,2,0
BL6-BALBc_HTxC,AV16D/DV11-CAMREGESAGNKLTF-AJ17*p02_BV13-2-CASGARLGEAEQFF-BJ2-1,355.0,1,1,0,3,5,4,0,0,0,3,2,1,0
BL6-BALBc_HTxC,AV13D-1-CAMNQGGSAKLIF-AJ57_BV1-CTCSALNYAEQFF-BJ2-1,26.0,0,0,0,1,0,0,1,0,0,0,1,0,0
BL6-BALBc_HTxC,AV12-2-CALTGGNNKLTF-AJ56_BV1-CTCSAGTGVGAETLYF-BJ2-3,43.0,0,0,0,1,2,0,0,0,0,1,0,12,0
BL6-BALBc_HTxC,AV3-4-CAVSGDYANKMIF-AJ47_BV3-CASSLGTGGYEQYF-BJ2-7,152.0,1,0,0,1,2,2,0,0,1,71,22,1,0
BL6-BALBc_HTxC,AV3D-3-CAVNSGSWQLIF-AJ22_BV1-CTCSADPGDYAEQFF-BJ2-1,27.0,3,0,2,7,2,0,0,0,2,8,25,24,0
BL6-BALBc_HTxC,AV10-CAASMNYANKMIF-AJ47_BV1-CTCSGTPNSDYTF-BJ1-2,66.0,0,0,0,10,1,0,0,0,0,0,0,0,0
BL6-BALBc_HTxC,AV16D/DV11-CAMRESNSGGSNAKLTF-AJ42_BV13-1-CASSGQGTETLYF-BJ2-3,79.0,0,0,2,0,19,1,0,0,0,0,2,0,0
BL6-BALBc_HTxC,AV7-4-CAARRTGNYKYVF-AJ40_BV1-CTCQGAAYNSPLYF-BJ1-6,125.0,2,9,2,13,0,0,1,2,2,8,45,12,0
BL6-BALBc_HTxC,AV14-1-CAASPGTGGYKVVF-AJ12_BV1-CTCSALRVSGNTLYF-BJ1-3,34.0,0,0,0,6,0,1,0,0,0,0,0,1,0
BL6-BALBc_HTxC,AV9-4-CAVSPGTGGYKVVF-AJ12_BV14-CASSFLGGRDTGQLYF-BJ2-2,87.0,3,0,0,0,2,1,0,1,1,2,11,0,0
BL6-BALBc_HTxC,AV6D-6-CALSDFSNNRLTL-AJ7_BV13-3-CASRDRGEQYF-BJ2-7,15.0,0,0,0,23,0,5,0,2,0,0,0,0,0
BL6-BALBc_HTxC,AV8-2-CATEANTGKLTF-AJ52_BV1-CTCSAAWGDTQYF-BJ2-5,89.0,1,0,0,18,0,1,0,0,0,0,0,0,0
BL6-BALBc_HTxC,AV6-5-CALSEGGTGYQNFYF-AJ49_BV13-1-CASRDNYEQYF-BJ2-7,439.0,2,1,1,0,415,3,13,2,0,5,3,4,0
BL6-BALBc_HTxC,AV5-4-CAATGNYKYVF-AJ40_BV13-1-CASSGGQTEVFF-BJ1-1,37.0,0,0,0,0,0,0,0,0,0,0,4,0,0
BL6-BALBc_HTxC,AV9D-3-CAVPANSGTYQRF-AJ13_BV13-1-CASSDLLGGREQYF-BJ2-7,85.0,1,0,0,0,0,0,0,0,0,0,0,0,0
BL6-BALBc_HTxC,AV13-2-CAIEAGANTGKLTF-AJ52_BV17-CASSPGQANTGQLYF-BJ2-2,112.0,10,4,8,11,0,3,4,9,3,5,51,12,0
BL6-BALBc_HTxC,AV6-4-CALVGGANTGKLTF-AJ52_BV29-CASSFGRNTGQLYF-BJ2-2,63.0,0,0,0,0,0,0,0,1,0,1,7,2,0
BL6-BALBc_HTxC,AV13D-1-CAMERNAGAKLTF-AJ39_BV13-1-CASSGVYEQYF-BJ2-7,52.0,0,0,0,10,1,0,0,0,0,0,0,0,0
BL6-BALBc_HTxC,AV4D-3-CAAYPNMGYKLTF-AJ9_BV29-CASKQGSNERLFF-BJ1-4,130.0,1,5,9,0,0,1,4,1,3,0,20,6,2
BL6-BALBc_HTxC,AV8-2-CATDDNNAPRF-AJ43*p03_BV3-CASSLARDYEQYF-BJ2-7,186.0,0,1,1,0,1,1,1,0,0,51,1,0,0
BL6-BALBc_HTxC,AV16D/DV11-CAMREGDSAGNKLTF-AJ17*p02_BV13-1-CASSEDSYNSPLYF-BJ1-6,15.0,0,0,0,0,0,0,0,0,0,0,0,7,0
BL6-BALBc_HTxC,AV13-1-CAMESGFASALTF-AJ35_BV13-1-CASSDVGAEQFF-BJ2-1,22.0,0,2,0,104,2,5,1,0,0,0,3,0,0
BL6-BALBc_HTxC,AV3-4-CAVNQGNYKYVF-AJ40_BV13-2-CASGAYEQYF-BJ2-7,35.0,0,1,0,1,0,0,0,0,0,2,2,0,0
BL6-BALBc_HTxC,AV3-3-CAVSVNYGGSGNKLIF-AJ32_BV5-CASSQDLWGAGSQNTLYF-BJ2-4,265.0,0,0,1,5,0,0,0,0,0,1,0,0,0
BL6-BALBc_HTxC,AV16D/DV11-CAMREGDAYKVIF-AJ30_BV13-2-CASGDRNTEVFF-BJ1-1,630.0,0,8,0,3,395,3,1,3,0,7,4,3,0
BL6-BALBc_HTxC,AV14D-2-CAARTGGYKVVF-AJ12_BV5-CASSPQQGNTEVFF-BJ1-1,29.0,0,9,0,0,0,1,0,1,0,0,1,0,0
BL6-BALBc_HTxC,AV8-1-CAPYQGGRALIF-AJ15_BV13-1-CASSETGLDNQAPLF-BJ1-5,92.0,0,16,8,0,0,1,2,1,0,0,8,5,0
BL6-BALBc_HTxC,AV16/DV11-CAMREAGYQNFYF-AJ49_BV4-CEGDRNNSPLYF-BJ1-6,86.0,0,0,0,12,0,0,0,2,3,0,0,0,0
BL6-BALBc_HTxC,AV4D-3-CAAEYSNYQLIW-AJ33_BV31-CAWRGSSYEQYF-BJ2-7,101.0,29,2,5,0,0,5,0,0,0,2,1,3,1
BL6-BALBc_HTxC,AV6-5-CALSEGGTGYQNFYF-AJ49_BV13-1-CASRDNYEQYF-BJ2-7,40.0,1,0,0,1,21,0,0,0,0,1,1,1,0
BL6-BALBc_HTxC,AV16D/DV11-CAMREDGGSGNKLIF-AJ32_BV13-2-CASGDVNTEVFF-BJ1-1,27.0,0,1,0,0,72,3,1,0,0,1,0,1,0
BL6-BALBc_HTxC,AV16/DV11-CAMRGDTGYQNFYF-AJ49_BV13-2-CASGDWGGAGTLYF-BJ2-4,1.0,0,0,0,0,0,0,0,0,0,0,5,0,0
BL6-BALBc_HTxC,AV6-6-CALGDSNYQLIW-AJ33_BV13-3-CASRDRVSYEQYF-BJ2-7,36.0,0,0,0,0,0,5,1,0,0,0,0,13,0
BL6-BALBc_HTxC,AV8-2-CATDIQGGRALIF-AJ15_BV3-CASSWGGADSDYTF-BJ1-2,501.0,29,0,0,0,1,4,0,0,1,1,4,0,0
BL6-BALBc_HTxC,AV6D-6-CALSAGNKLTF-AJ17*p02_BV29-CASSPGLGSETLYF-BJ2-3,71.0,0,0,0,0,4,2,1,0,1,1,9,0,0
BL6-BALBc_HTxC,AV16D/DV11-CAMREGDAYKVIF-AJ30_BV13-2-CASGDRNTEVFF-BJ1-1,426.0,1,0,0,0,311,3,2,2,0,1,2,1,0
BL6-BALBc_HTxC,AV9D-3-CAVSSLGAQGLTF-AJ26_BV13-2-CASGDGDKEQYF-BJ2-7,154.0,0,0,3,0,0,0,0,19,0,0,0,0,0
BL6-BALBc_HTxC,AV16/DV11-CAMREGNSGGSNYKLTF-AJ53_BV13-1-CASSDPGSTEVFF-BJ1-1,16.0,0,0,0,1,0,9,0,1,0,0,2,0,0
BL6-BALBc_HTxC,AV3-4-CAVSGTGGNNKLTF-AJ56_BV29-CASRTGWDTQYF-BJ2-5,163.0,3,4,0,2,2,0,6,2,2,5,11,0,2
BL6-BALBc_HTxC,AV16D/DV11-CAMREGNTGNYKYVF-AJ40_BV13-2-CASGDLYEQYF-BJ2-7,126.0,0,1,0,0,16,0,0,1,0,3,1,2,0
BL6-BALBc_HTxC,AV16D/DV11-CAMREDTNTGKLTF-AJ27_BV13-1-CASSDGANSDYTF-BJ1-2,88.0,1,0,1,1,2,2,0,2,0,0,0,43,0
BL6-BALBc_HTxC,AV16/DV11-CAMREDNNNRIFF-AJ31_BV13-2-CASGPGLGGREQYF-BJ2-7,46.0,0,0,0,28,0,0,0,0,0,1,0,0,0
BL6-BALBc_HTxC,AV16D/DV11-CAMREGGGYKVVF-AJ12_BV13-2-CASGASPNTEVFF-BJ1-1,41.0,0,0,0,16,0,0,0,0,0,0,0,0,0
BL6-BALBc_HTxC,AV16D/DV11-CAMREAGGYKVVF-AJ12_BV13-2-CASGDAGGKAEVFF-BJ1-1,40.0,4,0,1,0,0,42,0,0,0,1,0,0,0
BL6-BALBc_HTxC,AV16D/DV11-CAMREASSGSWQLIF-AJ22_BV13-2-CASGDPTGQEQYF-BJ2-7,709.0,0,0,0,108,1,1,0,1,0,0,0,6,0
BL6-BALBc_HTxC,AV6-3-CAPPGGADRLTF-AJ45_BV13-2-CASGDLYEQYF-BJ2-7,34.0,0,2,0,0,44,0,0,0,0,0,1,0,0
BL6-BALBc_HTxC,AV14D-2-CAASGASSSFSKLVF-AJ50_BV3-CASSLEGATSAETLYF-BJ2-3,2778.0,4,0,1,5,2,1,0,0,15,3,36,7,0
BL6-BALBc_HTxC,AV8-2-CATDAGNNNAPRF-AJ43*p03_BV13-2-CASGDVGDSDYTF-BJ1-2,514.0,0,0,7,5,4,15,1,0,0,1,3,5,0
BL6-BALBc_HTxC,AV6-4-CALVPDYANKMIF-AJ47_BV13-3-CASSDRGQVFF-BJ1-1,25.0,0,0,0,0,1,9,0,0,0,1,1,0,0
BL6-BALBc_HTxC,AV3-3-CAVIIFSNTDKVVF-AJ34*p03_BV17-CASSRDRVPETLYF-BJ2-3,582.0,1,0,1,4,5,5,1,1,0,3,4,346,0
BL6-BALBc_HTxC,AV6-5-CALSDLGYQNFYF-AJ49_BV1-CTCSVDWGSAETLYF-BJ2-3,129.0,0,0,0,0,1,0,0,0,0,1,1,0,0
BL6-BALBc_HTxC,AV16/DV11-CAMREGASSSFSKLVF-AJ50_BV13-2-CASGDVDTQYF-BJ2-5,164.0,0,0,0,1,1,0,2,7,0,1,2,0,0
BL6-BALBc_HTxC,AV9D-3-CAVSADMGYKLTF-AJ9_BV13-2-CASGENTGQLYF-BJ2-2,273.0,1,1,0,2,8,4,2,1,0,2,308,3,0
BL6-BALBc_HTxC,AV7-5-CASSGSFNKLTF-AJ4_BV13-1-CASSGGALEQYF-BJ2-7,514.0,0,0,2,6,2,1,5,2,0,1,86,0,0
BL6-BALBc_HTxC,AV16D/DV11-CAMREDTGYQNFYF-AJ49_BV19-CASTGTGSNYAEQFF-BJ2-1,22.0,0,0,0,1,1,0,0,0,1,24,1,0,0
BL6-BALBc_HTxC,AV16D/DV11-CAMREDNAGAKLTF-AJ39_BV2-CASSQDHVSNERLFF-BJ1-4,127.0,0,0,0,3,1,1,0,101,0,3,3,1,0
BL6-BALBc_HTxC,AV12D-1-CALSDTNAYKVIF-AJ30_BV29-CASSSGTGKDTQYF-BJ2-5,994.0,13,5,22,5,9,4,8,7,30,22,176,46,1
BL6-BALBc_HTxC,AV7-2-CAVLTGNTRKLIF-AJ37*p02_BV19-CASSIVGIYAEQFF-BJ2-1,145.0,0,0,1,4,2,3,0,0,0,56,2,3,0
BL6-BALBc_HTxC,AV16/DV11-CAMREDTGGADRLTF-AJ45_BV13-1-CASSDGGVEQYF-BJ2-7,16.0,0,3,3,0,1,0,2,0,0,0,3,0,0
BL6-BALBc_HTxC,AV12-2-CALSNMDSNYQLIW-AJ33_BV31-CAWSPGQGYEQYF-BJ2-7,58.0,0,1,0,1,2,3,0,5,3,8,7,1,0
BL6-BALBc_HTxC,AV9D-1-CAAKPNYNVLYF-AJ21*p03_BV29-CASRIANTEVFF-BJ1-1,83.0,3,3,2,0,2,0,2,2,4,3,63,10,0
BL6-BALBc_HTxC,AV16/DV11-CAMREGASSSFSKLVF-AJ50_BV2-CASSQERDANERLFF-BJ1-4,175.0,0,0,0,1,0,0,0,2,0,0,1,0,0
BL6-BALBc_HTxC,AV4-3-CAADNYAQGLTF-AJ26_BV19-CASSIGTYAEQFF-BJ2-1,270.0,4,0,1,16,2,1,1,2,2,3,61,7,0
BL6-BALBc_HTxC,AV16/DV11-CAMREDTGYQNFYF-AJ49_BV13-1-CASGGVYEQYF-BJ2-7,30.0,0,0,0,4,1,0,0,1,0,46,1,1,0
BL6-BALBc_HTxC,AV16D/DV11-CAMREASSGSWQLIF-AJ22_BV13-2-CASGDPTGQEQYF-BJ2-7,164.0,4,3,0,200,4,0,1,3,1,3,1,1,0
BL6-BALBc_HTxC,AV14D-2-CAASGASSSFSKLVF-AJ50_BV3-CASSLEGATSAETLYF-BJ2-3,139.0,3,1,1,4,1,1,2,1,1,0,13,4,0
BL6-BALBc_HTxC,AV3-3-CAVSMYQGGRALIF-AJ15_BV29-CASSPGTTNTEVFF-BJ1-1,44.0,0,0,0,14,0,0,0,0,0,0,0,0,0
BL6-BALBc_HTxC,AV16D/DV11-CAMREGWDTNAYKVIF-AJ30_BV13-2-CASGGGTEVFF-BJ1-1,112.0,2,0,0,1,0,2,1,1,0,1,1,0,0
BL6-BALBc_HTxC,AV16D/DV11-CAMREASSGSWQLIF-AJ22_BV13-2-CASGDPTGQEQYF-BJ2-7,419.0,0,1,0,131,1,0,0,0,1,0,1,2,0
BL6-BALBc_HTxC,AV3-3-CAVKNTGNYKYVF-AJ40_BV13-3-CASSDRGRQNTLYF-BJ2-4,47.0,1,0,0,1,1,0,0,0,0,0,12,1,0
BL6-BALBc_HTxC,AV3-3-CAVSANTGNYKYVF-AJ40_BV13-1-CASSADWVYEQYF-BJ2-7,21.0,0,0,0,0,0,2,0,0,0,0,5,1,0
BL6-BALBc_HTxC,AV8-2-CATDRGYQNFYF-AJ49_BV13-2-CASGDANSPLYF-BJ1-6,107.0,1,2,0,2,92,1,0,1,0,1,0,0,0
BL6-BALBc_HTxC,AV3-3-CAVINYAQGLTF-AJ26_BV29-CASSSRDKNYAEQFF-BJ2-1,142.0,0,5,0,47,2,0,0,1,0,1,3,0,0
BL6-BALBc_HTxC,AV14-1-CAASPGTGGYKVVF-AJ12_BV1-CTCSALRVSGNTLYF-BJ1-3,116.0,0,0,1,101,0,2,0,0,1,3,1,0,0
BL6-BALBc_HTxC,AV9-3-CAVSSDYANKMIF-AJ47_BV3-CASSSGTGGYEQYF-BJ2-7,1111.0,0,1,1,2,1,1,0,1,1,186,1,1,0
BL6-BALBc_HTxC,AV4D-3-CAAENMGYKLTF-AJ9_BV31-CAWSQDNNQAPLF-BJ1-5,196.0,15,0,0,0,0,0,0,1,0,2,1,1,0
BL6-BALBc_HTxC,AV16/DV11-CAMREGRGGSAKLIF-AJ57_BV13-3-CASSWTGSYNSPLYF-BJ1-6,74.0,0,0,39,1,0,0,0,0,0,0,0,1,0
BL6-BALBc_HTxC,AV6-4-CALVEGGRALIF-AJ15_BV14-CASRDRDEQYF-BJ2-7,100.0,0,0,0,0,0,0,5,0,51,0,0,2,0
BL6-BALBc_HTxC,AV14D-2-CAASGASSSFSKLVF-AJ50_BV26-CAATEQYF-BJ2-7,37.0,0,0,0,0,0,0,0,1,0,0,10,4,0
BL6-BALBc_HTxC,AV3-3-CAVSMYQGGRALIF-AJ15_BV29-CASSPGTTNTEVFF-BJ1-1,72.0,0,0,0,8,0,0,0,0,0,1,0,0,0
BL6-BALBc_HTxC,AV16/DV11-CAMRESMATGGNNKLIF-AJ56_BV13-1-CASSDAGGWEQYF-BJ2-7,216.0,0,1,5,2,4,2,2,1,0,2,35,121,0
BL6-BALBc_HTxC,AV9D-4-CALSANMGYKLTF-AJ9_BV13-1-CASSEGTGGIYEQYF-BJ2-7,850.0,0,0,0,1,5,1,0,0,0,1,1,32,0
BL6-BALBc_HTxC,AV6-7/DV9-CALGEKGGADRLTF-AJ45_BV13-1-CASSDVSTEVFF-BJ1-1,645.0,1,2,1,5,10,181,2,0,0,2,3,0,1
BL6-BALBc_HTxC,AV3-1-CAVRASSGSWQLIF-AJ22_BV4-CASSSIEQFF-BJ2-1,967.0,1,3,2,2,0,2,0,0,0,1,113,2,0
BL6-BALBc_HTxC,AV7D-2-CAASMDYANKMIF-AJ47_BV13-3-CASSDRSEQYF-BJ2-7,97.0,1,0,0,3,0,0,0,0,0,1,1,0,0
BL6-BALBc_HTxC,AV3-3-CAVSAPNTDKVVF-AJ34*p03_BV5-CASSQEPPGVQDTQYF-BJ2-5,28.0,0,0,0,0,0,0,0,0,0,0,1,40,0
BL6-BALBc_HTxC,AV10-CAASTDYAQGLTF-AJ26_BV3-CASSPGVSYEQYF-BJ2-7,6.0,0,0,0,0,2,0,0,0,0,47,0,0,0
BL6-BALBc_HTxC,AV16D/DV11-CAMREGYAQGLTF-AJ26_BV13-2-CASWDISGNTLYF-BJ1-3,216.0,0,0,1,51,1,5,0,0,0,3,2,1,0
BL6-BALBc_HTxC,AV16D/DV11-CAMREGNNNNRIFF-AJ31_BV13-2-CATRDNYEQYF-BJ2-7,85.0,2,1,1,0,105,2,0,3,0,1,2,2,0
BL6-BALBc_HTxC,AV1-CAVRDYGGSGNKLIF-AJ32_BV19-CASSIGDSGTEVFF-BJ1-1,220.0,2,0,0,0,2,2,0,0,0,4,293,1,0
BL6-BALBc_HTxC,AV4D-3-CAADSSGSWQLIF-AJ22_BV13-1-CASSDGGNSPLYF-BJ1-6,76.0,0,0,0,0,1,0,0,0,0,2,42,1,0
BL6-BALBc_HTxC,AV5D-4-CAASEDTDKVVF-AJ34*p03_BV2-CASSQNWGGNQDTQYF-BJ2-5,439.0,2,1,1,1,4,3,0,288,0,5,4,1,0
BL6-BALBc_HTxC,AV10D-CAARGSALGRLHF-AJ18_BV17-CASSSGTANTEVFF-BJ1-1,13.0,0,0,0,0,0,0,0,0,3,0,4,1,0
BL6-BALBc_HTxC,AV16/DV11-CAMREDTGANTGKLTF-AJ52_BV13-1-CASSDGTVIAEQFF-BJ2-1,5.0,0,0,0,0,1,0,0,0,0,0,0,0,0
BL6-BALBc_HTxC,AV13-1-CAMESGFASALTF-AJ35_BV13-1-CASSPLRAGNTLYF-BJ1-3,86.0,0,0,0,60,0,0,1,0,0,0,0,0,0
BL6-BALBc_HTxC,AV6D-7-CALSAPESDKVVF-AJ34*p03_BV13-1-CASRGGFYAEQFF-BJ2-1,33.0,0,0,1,0,1,0,2,0,0,1,22,0,0
BL6-BALBc_HTxC,AV9-1-CAVSARMDYANKMIF-AJ47_BV4-CASSFSYTGQLYF-BJ2-2,58.0,0,0,0,0,0,23,0,0,0,0,0,0,0
BL6-BALBc_HTxC,AV9-3-CAVSSDYANKMIF-AJ47_BV3-CASSSGTGGYEQYF-BJ2-7,613.0,0,1,0,1,2,0,0,0,0,86,4,0,0
BL6-BALBc_HTxC,AV12-3-CALSDLPGYNKLTF-AJ11*p02_BV13-2-CASGDGPVNQDTQYF-BJ2-5,694.0,0,0,0,30,2,0,1,0,0,10,1,0,0
BL6-BALBc_HTxC,AV16D/DV11-CAMREASSGSWQLIF-AJ22_BV13-2-CASGDPTGQEQYF-BJ2-7,51.0,0,0,5,50,0,1,0,2,0,1,0,1,0
BL6-BALBc_HTxC,AV8-1-CATGAGNTRKLIF-AJ37*p02_BV4-CASSQDWGGQDTQYF-BJ2-5,263.0,0,1,0,1,0,0,0,0,0,0,8,0,0
BL6-BALBc_HTxC,AV16/DV11-CAMREAFSGGSNAKLTF-AJ42_BV13-2-CASGDSYEQYF-BJ2-7,290.0,0,0,0,2,406,0,0,0,1,5,2,2,0
BL6-BALBc_HTxC,AV9-3-CAVISNTGNYKYVF-AJ40_BV17-CASSRDRGANTEVFF-BJ1-1,7.0,0,0,0,0,0,0,0,0,0,0,6,2,0
BL6-BALBc_HTxC,AV10-CAASTDYAQGLTF-AJ26_BV3-CASSPGVSYEQYF-BJ2-7,163.0,0,0,0,1,2,2,0,0,0,54,2,4,0
BL6-BALBc_HTxC,AV16/DV11-CAMREGSSGSWQLIF-AJ22_BV16-CASSPGQPNTEVFF-BJ1-1,41.0,0,0,0,8,0,0,0,1,0,0,0,0,0
BL6-BALBc_HTxC,AV8-1-CATDQDTGYQNFYF-AJ49_BV3-CASSLEGGRYEQYF-BJ2-7,105.0,0,0,1,1,1,1,0,0,0,0,24,0,0
BL6-BALBc_HTxC,AV16D/DV11-CAMREGVSAGNKLTF-AJ17*p02_BV13-1-CASSDVGAEQFF-BJ2-1,71.0,0,1,2,2,1,22,0,1,0,0,0,0,0
BL6-BALBc_HTxC,AV16D/DV11-CAMREDSNYQLIW-AJ33_BV5-CASSQDYWGGGDTQYF-BJ2-5,90.0,0,0,0,0,1,2,0,20,2,0,2,0,0
BL6-BALBc_HTxC,AV13D-1-CAMNQGGSAKLIF-AJ57_BV1-CTCSALNYAEQFF-BJ2-1,89.0,0,0,1,17,2,0,0,0,0,0,1,1,0
BL6-BALBc_HTxC,AV8-2-CATDIQGGRALIF-AJ15_BV3-CASSWGGADSDYTF-BJ1-2,105.0,40,1,0,0,1,0,0,0,0,4,1,0,0
BL6-BALBc_HTxC,AV8-2-CATEGGGADRLTF-AJ45_BV29-CASSLRGYEQYF-BJ2-7,264.0,0,88,0,2,5,0,0,10,2,2,5,0,0
BL6-BALBc_HTxC,AV9-1-CAVSAMDSNYQLIW-AJ33_BV29-CASRQGYEQYF-BJ2-7,169.0,1,0,0,2,5,0,1,0,0,10,0,0,0
BL6-BALBc_HTxC,AV13-4/DV7-CAMESTGSKLSF-AJ58_BV13-1-CASLGAQQYF-BJ2-7,68.0,0,0,2,0,1,0,1,1,0,2,44,0,0
BL6-BALBc_HTxC,AV16/DV11-CAMREDGGSGNKLIF-AJ32_BV13-2-CASGDINTEVFF-BJ1-1,19.0,0,0,0,0,36,0,0,0,0,0,0,0,0
BL6-BALBc_HTxC,AV9D-1-CAASSNTGYQNFYF-AJ49_BV1-CTCSAVWGEDTQYF-BJ2-5,326.0,0,0,0,11,0,1,0,0,0,0,0,0,0
BL6-BALBc_HTxC,AV12-2-CALTGGNNKLTF-AJ56_BV1-CTCSAGTGVGAETLYF-BJ2-3,448.0,0,0,1,1,1,2,2,1,0,3,0,7,0
BL6-BALBc_HTxC,AV16D/DV11-CAMREGDSNYQLIW-AJ33_BV3-CASSATGANTGQLYF-BJ2-2,103.0,0,0,0,0,73,1,0,0,0,0,2,0,0
BL6-BALBc_HTxC,AV10D-CAAVNNYAQGLTF-AJ26_BV13-1-CASSGTGNTEVFF-BJ1-1,8.0,0,0,0,4,0,0,0,0,0,0,0,0,0
BL6-BALBc_HTxC,AV7-3-CASPNTGYQNFYF-AJ49_BV1-CTCSAGGDYAEQFF-BJ2-1,11.0,0,0,0,0,0,0,2,1,0,2,2,0,1
BL6-BALBc_HTxC,AV6-5-CALSEGGTGYQNFYF-AJ49_BV13-1-CASRDNYEQYF-BJ2-7,2.0,0,0,0,0,4,0,0,0,0,0,0,0,0
BL6-BALBc_HTxC,AV9-2-CAASGIYAQGLTF-AJ26_BV17-CASSPGQGATGQLYF-BJ2-2,15.0,2,0,0,0,0,0,1,0,0,0,7,1,0
BL6-BALBc_HTxC,AV9-1-CAVSAYSNYQLIW-AJ33_BV1-CTCSADRVEQYF-BJ2-7,39.0,1,0,0,0,1,1,0,0,2,0,12,0,0
BL6-BALBc_HTxC,AV3D-3-CAVSMYQGGRALIF-AJ15_BV29-CASSPGTTNTEVFF-BJ1-1,57.0,0,0,0,67,0,0,0,0,0,0,1,0,0
BL6-BALBc_HTxC,AV3D-3-CAVNSGSWQLIF-AJ22_BV1-CTCSADPGDYAEQFF-BJ2-1,98.0,0,0,0,1,0,1,0,0,0,0,6,3,0
BL6-BALBc_HTxC,AV10-CAAALDYANKMIF-AJ47_BV13-3-CASSERAEQFF-BJ2-1,754.0,1,0,0,15,3,2,2,1,0,2,3,1,0
BL6-BALBc_HTxC,AV13D-1-CAMEPPSGSWQLIF-AJ22_BV4-CASSYERLFF-BJ1-4,30.0,0,0,0,0,0,0,0,0,0,2,28,1,0
BL6-BALBc_HTxC,AV4-3-CAAEAGTGGYKVVF-AJ12_BV13-1-CASSQDNNQAPLF-BJ1-5,86.0,12,0,0,0,2,1,0,0,0,1,1,0,0
BL6-BALBc_HTxC,AV6-6-CALGSNTDKVVF-AJ34*p03_BV14-CASRHRDEQYF-BJ2-7,105.0,0,0,0,0,0,3,31,0,0,0,0,1,0
BL6-BALBc_HTxC,AV3-3-CAVSHNNRIFF-AJ31_BV13-3-CASRSNTEVFF-BJ1-1,92.0,0,0,0,0,0,2,0,0,0,1,1,3,0
BL6-BALBc_HTxC,AV6D-5-CALGDQGGSAKLIF-AJ57_BV13-2-CASGDWGWEQYF-BJ2-7,28.0,0,0,5,0,0,3,0,0,0,0,2,9,0
BL6-BALBc_HTxC,AV10-CAASSAAKLTF-AJ39_BV29-CASSPGQGYAEQFF-BJ2-1,16.0,0,0,0,1,0,0,0,0,0,0,0,0,0
BL6-BALBc_HTxC,AV16D/DV11-CAMREGDAYKVIF-AJ30_BV13-2-CASGDRNTEVFF-BJ1-1,144.0,1,1,1,2,389,5,0,2,0,0,5,1,0
BL6-BALBc_HTxC,AV7-3-CAPGYQNFYF-AJ49_BV13-3-CASSDRTNTEVFF-BJ1-1,157.0,0,0,0,40,0,3,0,0,0,0,0,0,0
BL6-BALBc_HTxC,AV4-3-CAAEAGTGGYKVVF-AJ12_BV13-1-CASSQDNNQAPLF-BJ1-5,128.0,30,2,0,1,0,1,0,0,0,2,4,0,0
BL6-BALBc_HTxC,AV13D-1-CAMENAGAKLTF-AJ39_BV13-2-CASGGVYEQYF-BJ2-7,278.0,0,0,1,14,0,3,0,0,0,2,1,1,0
BL6-BALBc_HTxC,AV4D-3-CAAEGPASGSWQLIF-AJ22_BV12-2-CASSLEQGEDTQYF-BJ2-5,336.0,9,0,0,0,0,1,0,1,0,0,0,1,0
BL6-BALBc_HTxC,AV19-CAAGDAGYQNFYF-AJ49_BV17-CASSRTGGSDYTF-BJ1-2,44.0,1,0,1,1,1,27,0,0,0,1,1,0,1
BL6-BALBc_HTxC,AV3-3-CAVPNYAQGLTF-AJ26_BV1-CTCSAGGGALEQYF-BJ2-7,108.0,14,6,4,5,1,0,9,1,4,11,49,8,0
BL6-BALBc_HTxC,AV3-4-CAAYSGGSNYKLTF-AJ53_BV13-3-CASRDRGSGNTLYF-BJ1-3,182.0,0,63,0,0,1,5,1,0,0,2,1,0,0
BL6-BALBc_HTxC,AV8-1-CAPYQGGRALIF-AJ15_BV1-CTCSAGGYAEQFF-BJ2-1,173.0,0,5,0,2,0,1,0,0,0,0,2,0,0
BL6-BALBc_HTxC,AV16/DV11-CAMREDNAGAKLTF-AJ39_BV2-CASSQDHISNERLFF-BJ1-4,64.0,0,1,0,1,0,7,0,76,0,3,2,0,0
BL6-BALBc_HTxC,AV16/DV11-CAMREGPSGSWQLIF-AJ22_BV1-CTCSAGTDLSNERLFF-BJ1-4,5.0,1,0,0,0,0,0,2,1,0,0,41,0,2
BL6-BALBc_HTxC,AV6D-6-CALSDPMGYKLTF-AJ9_BV13-3-CASKDRVEQYF-BJ2-7,141.0,0,0,0,1,1,16,1,0,0,2,0,0,0
BL6-BALBc_HTxC,AV4D-3-CAAWTGGYKVVF-AJ12_BV4-CEGDRNNSPLYF-BJ1-6,278.0,0,0,0,16,0,0,2,0,1,2,4,0,0
BL6-BALBc_HTxC,AV16/DV11-CAMREDTGYQNFYF-AJ49_BV13-1-CASGGVYEQYF-BJ2-7,38.0,0,0,0,3,1,0,0,0,0,39,0,1,0
BL6-BALBc_HTxC,AV7D-4-CAASDPATSSGQKLVF-AJ16*p02_BV13-1-CASSGLRVDTQYF-BJ2-5,130.0,0,0,0,11,1,0,0,1,0,1,0,1,0
BL6-BALBc_HTxC,AV7-5-CAMNTGYQNFYF-AJ49_BV13-2-CASGDAGSDYTF-BJ1-2,48.0,0,0,2,0,1,33,8,0,0,0,2,3,0
BL6-BALBc_HTxC,AV7-3-CASPNTGYQNFYF-AJ49_BV13-2-CASGGWGSQNTLYF-BJ2-4,331.0,0,1,0,1,233,2,1,2,0,2,2,2,0
BL6-BALBc_HTxC,AV16/DV11-CAMRAMDSNYQLIW-AJ33_BV13-2-CASGDNYEQYF-BJ2-7,122.0,5,0,2,1,153,3,0,2,0,1,2,4,0
BL6-BALBc_HTxC,AV16D/DV11-CAMREGVSAGNKLTF-AJ17*p02_BV13-1-CASSDVGAEQFF-BJ2-1,163.0,2,0,2,4,2,252,4,1,0,2,5,2,0
BL6-BALBc_HTxC,AV13D-1-CAMDASSGSWQLIF-AJ22_BV13-2-CASWDISGNTLYF-BJ1-3,60.0,17,0,0,0,0,0,0,0,0,0,0,0,0
BL6-BALBc_HTxC,AV16D/DV11-CAMREDSNYQLIW-AJ33_BV13-2-CASGDAVNTEVFF-BJ1-1,122.0,0,0,1,64,1,4,0,0,0,1,0,1,0
BL6-BALBc_HTxC,AV6-6-CALGSNTDKVVF-AJ34*p03_BV14-CASRHRDEQYF-BJ2-7,94.0,1,2,0,1,0,4,63,0,1,0,1,1,0
BL6-BALBc_HTxC,AV16D/DV11-CAMREDGNEKITF-AJ48_BV16-CASSLDRDWEEQYF-BJ2-7,56.0,2,0,4,8,5,3,3,3,0,10,5,6,0
BL6-BALBc_HTxC,AV6-6-CALGPNYGGSGNKLIF-AJ32_BV13-2-CASGPSGGADTQYF-BJ2-5,69.0,1,0,0,2,0,0,0,63,0,1,0,0,0
BL6-BALBc_HTxC,AV6-5-CALSEGGTGYQNFYF-AJ49_BV13-1-CASRDNYEQYF-BJ2-7,117.0,0,0,0,1,73,2,0,0,1,0,11,2,1
BL6-BALBc_HTxC,AV9-3-CAVSENNNAGAKLTF-AJ39_BV1-CTCSAAWGDTQYF-BJ2-5,52.0,0,5,0,0,0,0,0,0,0,0,0,12,0
BL6-BALBc_HTxC,AV16/DV11-CAMRESYNAGAKLTF-AJ39_BV20-CGAGDTSYEQYF-BJ2-7,855.0,1,4,0,5,10,1,2,19,1,2,2,73,0
BL6-BALBc_HTxC,AV8-2-CATDIQGGRALIF-AJ15_BV3-CASSWGGADSDYTF-BJ1-2,130.0,65,2,0,0,2,0,1,0,1,0,0,0,0
BL6-BALBc_HTxC,AV3-3-CAVSGGYKVVF-AJ12_BV14-CASRTGGYAEQFF-BJ2-1,27.0,5,1,0,1,0,3,4,6,5,5,32,8,0
BL6-BALBc_HTxC,AV16/DV11-CAMRETDTNAYKVIF-AJ30_BV13-2-CASGDVNSPLYF-BJ1-6,24.0,0,0,0,0,23,0,0,0,0,1,0,0,0
BL6-BALBc_HTxC,AV16/DV11-CAMREDTGYQNFYF-AJ49_BV13-1-CASGGVYEQYF-BJ2-7,187.0,0,2,2,1,0,1,0,2,0,60,3,2,0
BL6-BALBc_HTxC,AV12-2-CALSDLDSNYQLIW-AJ33_BV4-CASSYVRGGEVFF-BJ1-1,47.0,0,0,0,0,0,16,0,0,0,0,1,0,0
BL6-BALBc_HTxC,AV21/DV12-CILRVARDTGYQNFYF-AJ49_BV13-2-CASGDRNTEVFF-BJ1-1,30.0,7,0,0,0,0,0,0,0,0,1,0,0,0
BL6-BALBc_HTxC,AV8D-2-CATDANQGGRALIF-AJ15_BV4-CASSPLGGQYEQYF-BJ2-7,18.0,0,0,0,0,0,0,0,0,0,0,6,0,0
BL6-BALBc_HTxC,AV9D-4-CALSANMGYKLTF-AJ9_BV13-1-CASSEGTGGIYEQYF-BJ2-7,31.0,0,0,0,0,1,0,0,0,0,0,2,39,0
BL6-BALBc_HTxC,AV8D-2-CASANSGTYQRF-AJ13_BV13-1-CASSDLGLGGLEQYF-BJ2-7,85.0,0,0,0,0,1,0,0,0,0,0,1,0,0
BL6-BALBc_HTxC,AV10D-CAASMTSGSWQLIF-AJ22_BV13-1-CASSGGREQYF-BJ2-7,157.0,0,0,2,2,3,5,7,0,0,4,204,1,0
BL6-BALBc_HTxC,AV7-3-CAVKNTGYQNFYF-AJ49_BV2-CASSQGGGANQAPLF-BJ1-5,19.0,0,1,0,2,0,0,0,0,2,0,1,0,0
BL6-BALBc_HTxC,AV16D/DV11-CAMREGDSNYQLIW-AJ33_BV13-2-CASGGLVYEQYF-BJ2-7,589.0,0,1,0,4,5,3,0,0,0,0,1,0,1
BL6-BALBc_HTxC,AV3-3-CAVSETSSSFSKLVF-AJ50_BV5-CASSQGLGNYAEQFF-BJ2-1,450.0,5,2,1,3,1,3,2,7,3,1,30,13,0
BL6-BALBc_HTxC,AV7-5-CASSGSFNKLTF-AJ4_BV13-1-CASSGGALEQYF-BJ2-7,76.0,2,0,0,0,2,0,0,0,0,1,106,0,0
BL6-BALBc_HTxC,AV16D/DV11-CAMREGDNAGAKLTF-AJ39_BV13-2-CASGDVGYEQYF-BJ2-7,116.0,1,0,0,2,12,2,1,0,0,1,1,0,0
BL6-BALBc_HTxC,AV16D/DV11-CAMREGSSGSWQLIF-AJ22_BV13-1-CASSDVGDEQYF-BJ2-7,38.0,1,0,1,0,0,16,0,0,0,0,0,0,0
BL6-BALBc_HTxC,AV16/DV11-CAMRESYNAGAKLTF-AJ39_BV20-CGAGDTSYEQYF-BJ2-7,341.0,0,0,0,1,2,1,2,5,0,1,1,8,0
BL6-BALBc_HTxC,AV16D/DV11-CAMREASSGSWQLIF-AJ22_BV13-2-CASGDPTGQEQYF-BJ2-7,12.0,0,0,0,2,0,0,0,0,0,0,0,0,0
BL6-BALBc_HTxC,AV16/DV11-CAMREGASSSFSKLVF-AJ50_BV13-2-CASGDVDTQYF-BJ2-5,81.0,0,0,0,0,0,0,0,16,0,0,0,0,0
BL6-BALBc_HTxC,AV10D-CAAVNNYAQGLTF-AJ26_BV13-2-CASGTGGGNTLYF-BJ1-3,229.0,1,0,2,17,0,2,9,0,0,3,6,1,0
BL6-BALBc_HTxC,AV10-CAPDSGYNKLTF-AJ11*p02_BV13-2-CASGVQNYEQYF-BJ2-7,80.0,11,0,2,4,0,0,1,0,0,0,6,4,0
BL6-BALBc_HTxC,AV3-1-CAVSAGTNAYKVIF-AJ30_BV13-2-CASGPGGENTLYF-BJ2-4,55.0,0,0,0,0,0,0,23,12,0,1,2,0,0
BL6-BALBc_HTxC,AV7-3-CAVIGSGSWQLIF-AJ22_BV13-2-CASGEPQGANSPLYF-BJ1-6,40.0,0,1,0,0,0,19,0,0,0,0,0,1,0
BL6-BALBc_HTxC,AV6-7/DV9-CALGEGNNAPRF-AJ43*p03_BV2-CASSHRDTYNSPLYF-BJ1-6,208.0,15,0,1,1,0,0,0,0,0,1,0,0,0
BL6-BALBc_HTxC,AV9-4-CAVASMDYANKMIF-AJ47_BV13-2-CASGDRLNTGQLYF-BJ2-2,56.0,0,0,0,2,0,0,0,0,0,0,0,85,0
BL6-BALBc_HTxC,AV16D/DV11-CAMREASSGSWQLIF-AJ22_BV13-2-CASGDPTGQEQYF-BJ2-7,85.0,0,0,0,47,0,5,0,0,0,0,0,0,2
BL6-BALBc_HTxC,AV16D/DV11-CAMREAETGGYKVVF-AJ12_BV13-2-CASGDSTGNSDYTF-BJ1-2,49.0,1,0,2,1,57,1,4,12,0,7,2,0,0
BL6-BALBc_HTxC,AV7-3-CAVSMGYAQGLTF-AJ26_BV13-1-CASSEAGNYAEQFF-BJ2-1,298.0,1,189,0,0,4,1,2,0,1,1,1,0,0
BL6-BALBc_HTxC,AV7D-2-CAASSGNTRKLIF-AJ37*p02_BV13-2-CASGDLVGYAEQFF-BJ2-1,379.0,3,0,15,1,1,3,0,2,0,0,0,1,0
BL6-BALBc_HTxC,AV16D/DV11-CAMREGNSGTYQRF-AJ13_BV13-2-CASGVDNSGNTLYF-BJ1-3,817.0,0,1,1,5,19,1,0,204,0,4,1,1,0
BL6-BALBc_HTxC,AV12-2-CALSEGSNYQLIW-AJ33_BV1-CTCSAVWGEDTQYF-BJ2-5,55.0,0,1,0,46,0,0,0,6,0,1,1,2,0
BL6-BALBc_HTxC,AV16D/DV11-CAMREDSNYQLIW-AJ33_BV5-CASSQDYWGGGDTQYF-BJ2-5,61.0,0,0,0,1,0,1,0,28,0,0,1,0,0
BL6-BALBc_HTxC,AV7-4-CAASDPGYQNFYF-AJ49_BV1-CTCSAGTDLSNERLFF-BJ1-4,37.0,0,0,0,0,2,2,0,0,0,3,53,1,0
BL6-BALBc_HTxC,AV13D-2-CAIDRAGGYKVVF-AJ12_BV13-2-CASGGGEQYF-BJ2-7,54.0,3,0,0,2,1,1,0,0,5,1,14,6,0
BL6-BALBc_HTxC,AV16D/DV11-CAMREGNSGTYQRF-AJ13_BV13-2-CASGVDNSGNTLYF-BJ1-3,479.0,0,0,1,2,0,0,0,25,0,1,0,0,0
BL6-BALBc_HTxC,AV16/DV11-CAMREENTGYQNFYF-AJ49_BV13-2-CASGQGAGNTLYF-BJ1-3,97.0,0,0,0,4,1,2,0,19,0,6,0,2,0
BL6-BALBc_HTxC,AV14-1-CAASGWDTGYQNFYF-AJ49_BV19-CASSITGGAREQYF-BJ2-7,167.0,4,8,2,3,2,1,2,3,7,4,40,9,2
BL6-BALBc_HTxC,AV7D-2-CAALNYGGSGNKLIF-AJ32_BV4-CASSLTVNSDYTF-BJ1-2,576.0,0,0,0,4,2,2,1,0,0,0,4,1,0
BL6-BALBc_HTxC,AV13D-2-CAIDTNTGKLTF-AJ27_BV19-CATDNSGNTLYF-BJ1-3,54.0,0,1,0,0,0,1,0,0,0,0,0,0,0
BL6-BALBc_HTxC,AV9-3-CAVRNNAGAKLTF-AJ39_BV2-CASSQDWGGKYAEQFF-BJ2-1,104.0,0,0,0,0,1,0,0,2,0,0,10,0,0
BL6-BALBc_HTxC,AV8-1-CATDGSALGRLHF-AJ18_BV1-CTCSATAGDTEVFF-BJ1-1,53.0,0,0,0,2,0,0,0,1,0,0,0,18,0
BL6-BALBc_HTxC,AV5D-4-CAAGDSNYQLIW-AJ33_BV13-3-CASSDTANTEVFF-BJ1-1,292.0,1,1,0,2,0,1,0,0,1,2,22,4,0
BL6-BALBc_HTxC,AV16D/DV11-CAMREDNAGAKLTF-AJ39_BV13-1-CASRDNYEQYF-BJ2-7,69.0,0,0,1,0,37,3,0,0,0,1,1,0,0
BL6-BALBc_HTxC,AV7-3-CAVSPSSGSWQLIF-AJ22_BV13-1-CASSDVGYEQYF-BJ2-7,58.0,0,0,1,1,1,66,1,0,0,0,1,1,1
BL6-BALBc_HTxC,AV8D-2-CATDANQGGRALIF-AJ15_BV4-CASSPLGGQYEQYF-BJ2-7,52.0,0,0,0,0,1,0,0,0,0,0,1,0,0
BL6-BALBc_HTxC,AV7-5-CASIASSSFSKLVF-AJ50_BV19-CASSILLNYAEQFF-BJ2-1,68.0,0,1,0,1,9,0,0,0,0,0,0,0,0
BL6-BALBc_HTxC,AV6D-5-CALGDQGGSAKLIF-AJ57_BV13-2-CASGDWGWEQYF-BJ2-7,535.0,0,0,1,2,2,1,0,17,0,7,0,46,0
BL6-BALBc_HTxC,AV16D/DV11-CAMREDTNTGKLTF-AJ27_BV4-CASSYGVQYF-BJ2-7,125.0,0,0,0,3,2,0,1,0,0,6,36,2,0
BL6-BALBc_HTxC,AV12-2-CALSEGSNYQLIW-AJ33_BV1-CTCSAVWGEDTQYF-BJ2-5,192.0,0,2,0,43,4,2,2,1,0,3,4,1,0
BL6-BALBc_HTxC,AV16D/DV11-CAMREGSSGSWQLIF-AJ22_BV19-CASSITENTEVFF-BJ1-1,793.0,1,2,1,0,1,1,0,0,0,4,57,1,0
BL6-BALBc_HTxC,AV7-4-CAAIASSGSWQLIF-AJ22_BV13-1-CASSDAGEEVFF-BJ1-1,70.0,0,1,0,2,0,85,0,1,0,0,7,1,0
BL6-BALBc_HTxC,AV16D/DV11-CAMREDTGYQNFYF-AJ49_BV19-CASTGTGSNYAEQFF-BJ2-1,69.0,0,0,0,5,2,0,3,2,0,127,7,0,1
BL6-BALBc_HTxC,AV7D-2-CAANTNTGKLTF-AJ27_BV1-CTCSADRVNNQAPLF-BJ1-5,76.0,0,0,0,18,0,0,0,0,0,0,3,0,0
BL6-BALBc_HTxC,AV16D/DV11-CAMREDGGSGNKLIF-AJ32_BV13-2-CASGDVNTEVFF-BJ1-1,15.0,0,1,1,1,84,0,1,0,0,1,3,1,0
BL6-BALBc_HTxC,AV10D-CAASLDTGYQNFYF-AJ49_BV4-CASSFQDTQYF-BJ2-5,87.0,0,0,0,0,1,1,0,0,0,0,54,0,0
BL6-BALBc_HTxC,AV13D-1-CAMEHTNTGKLTF-AJ27_BV13-1-CASSDALQDTQYF-BJ2-5,435.0,0,2,4,0,2,1,1,1,0,4,3,3,0
BL6-BALBc_HTxC,AV4-3-CAADQGGRALIF-AJ15_BV13-2-CASGWAPLGDYEQYF-BJ2-7,45.0,0,0,0,0,0,0,0,0,0,1,0,0,0
BL6-BALBc_HTxC,AV3D-3-CAVAYYGGSGNKLIF-AJ32_BV13-2-CASGDSTGNSDYTF-BJ1-2,84.0,0,0,0,0,1,0,1,0,6,0,1,2,0
BL6-BALBc_HTxC,AV12-2-CALSDLRTGGADRLTF-AJ45_BV13-1-CASSDVGAEQFF-BJ2-1,11.0,0,0,0,0,0,0,0,0,0,0,4,1,0
BL6-BALBc_HTxC,AV12-3-CALSDTNAYKVIF-AJ30_BV2-CASRQERDANDGLFF-BJ1-4,94.0,0,0,0,0,1,1,0,2,0,0,2,0,0
BL6-BALBc_HTxC,AV8-2-CATGGGSAKL-AJ57_BV13-1-CASSGGNYAEQFF-BJ2-1,24.0,5,0,0,0,2,1,0,1,6,0,11,5,0
BL6-BALBc_HTxC,AV16D/DV11-CAMREDGGSGNKLIF-AJ32_BV13-2-CASGDVNTEVFF-BJ1-1,23.0,0,0,0,0,87,0,0,0,0,0,1,0,0
BL6-BALBc_HTxC,AV1-CAVRDRYGGSGNKLIF-AJ32_BV31-CAWSPGRNTEVFF-BJ1-1,319.0,13,3,1,1,0,2,3,4,11,3,54,4,0
BL6-BALBc_HTxC,AV10-CAATNTGNYKYVF-AJ40_BV13-2-CASGELGGYAEQFF-BJ2-1,26.0,0,0,0,0,0,0,4,6,0,0,0,0,0
BL6-BALBc_HTxC,AV7-3-CAVASSSFSKLVF-AJ50_BV13-3-CASSDFREQYF-BJ2-7,993.0,1,0,3,1,2,1,0,1,5,4,50,5,0
BL6-BALBc_HTxC,AV9D-4-CALSPDTNAYKVIF-AJ30_BV12-1-CASSLWADTQYF-BJ2-5,82.0,0,1,157,0,1,0,0,2,0,7,2,0,0
BL6-BALBc_HTxC,AV16D/DV11-CAMREDSNYQLIW-AJ33_BV13-2-CASVLGGNTEVFF-BJ1-1,46.0,0,0,0,70,0,1,0,0,0,1,0,0,0
BL6-BALBc_HTxC,AV3-3-CAVSFNNAGAKLTF-AJ39_BV1-CTCSADRVYAEQFF-BJ2-1,30.0,0,0,0,19,1,0,0,0,0,0,1,0,0
BL6-BALBc_HTxC,AV3D-3-CAVNSGSWQLIF-AJ22_BV1-CTCSADPGDYAEQFF-BJ2-1,50.0,0,0,0,0,2,1,0,4,5,0,16,2,0
BL6-BALBc_HTxC,AV16D/DV11-CAMRELNSAGNKLTF-AJ17*p02_BV13-2-CASGDVGYEQYF-BJ2-7,257.0,0,0,0,0,0,1,0,3,0,2,2,0,0
BL6-BALBc_HTxC,AV16D/DV11-CAMREGVSAGNKLTF-AJ17*p02_BV13-1-CASSDVGAEQFF-BJ2-1,30.0,0,0,0,0,3,58,0,1,0,2,1,1,0
BL6-BALBc_HTxC,AV6-7/DV9-CALGDPYTGGADRLTF-AJ45_BV19-CASSMDRDGNTLYF-BJ1-3,547.0,2,0,1,0,2,1,0,2,4,1,7,5,0
BL6-BALBc_HTxC,AV7D-2-CAASTGYQNFYF-AJ49_BV29-CASSFHRVYEQYF-BJ2-7,12.0,1,1,3,4,0,0,3,1,6,4,19,9,0
BL6-BALBc_HTxC,AV16D/DV11-CAMREGVSAGNKLTF-AJ17*p02_BV13-1-CASSDVGAEQFF-BJ2-1,63.0,0,0,0,1,0,75,2,1,0,3,0,0,0
BL6-BALBc_HTxC,AV16D/DV11-CAMREDTGYQNFYF-AJ49_BV19-CASTGTGSNYAEQFF-BJ2-1,156.0,0,1,0,2,5,2,0,1,0,169,0,2,0
BL6-BALBc_HTxC,AV4-3-CAAEPNYNVLYF-AJ21*p03_BV29-CASSTGTSSSYEQYF-BJ2-7,10.0,4,0,0,0,0,0,0,1,0,5,0,0,0
BL6-BALBc_HTxC,AV6-6-CALGSNTDKVVF-AJ34*p03_BV14-CASRHRDEQYF-BJ2-7,27.0,0,0,0,0,0,1,13,0,0,0,0,1,0
BL6-BALBc_HTxC,AV16D/DV11-CAMREGDSNYQLIW-AJ33_BV13-2-CASGGLVYEQYF-BJ2-7,160.0,0,0,1,6,2,0,0,0,0,0,2,2,0
BL6-BALBc_HTxC,AV12-2-CALSLSSGSWPLIC-AJ22_BV13-2-CASGDAGNQAPLF-BJ1-5,288.0,0,0,0,1,0,10,0,1,0,0,1,0,0
BL6-BALBc_HTxC,AV3-4-CADSGGSNYKLTF-AJ53_BV13-1-CASSETPNTEVFF-BJ1-1,114.0,0,1,0,0,0,0,2,1,0,0,1,33,0
BL6-BALBc_HTxC,AV16D/DV11-CAMREAGGYKVVF-AJ12_BV13-2-CASGDAGGKAEVFF-BJ1-1,65.0,0,0,2,1,2,27,0,1,0,1,1,5,0
BL6-BALBc_HTxC,AV16/DV11-CAMRSNTGYQNFYF-AJ49_BV13-1-CASSGLREQYF-BJ2-7,920.0,0,1,0,16,1,2,1,6,0,0,1,0,0
BL6-BALBc_HTxC,AV16/DV11-CAMREAFSGGSNAKLTF-AJ42_BV13-2-CASGDSYEQYF-BJ2-7,114.0,0,0,0,1,77,0,1,1,1,0,1,0,0
BL6-BALBc_HTxC,AV10-CAASTDYAQGLTF-AJ26_BV3-CASSPGVSYEQYF-BJ2-7,79.0,1,0,0,1,1,2,0,0,2,114,0,3,0
BL6-BALBc_HTxC,AV8-1-CATERDTNTGKLTF-AJ27_BV12-1-CASSLGTGGYEQYF-BJ2-7,40.0,0,1,2,0,0,0,0,2,0,2,1,0,0
BL6-BALBc_HTxC,AV8-1-CATERDTNTGKLTF-AJ27_BV12-1-CASSLGTGGYEQYF-BJ2-7,225.0,1,0,26,1,0,1,0,0,0,0,1,0,0
BL6-BALBc_HTxC,AV16D/DV11-CAMRGFASALTF-AJ35_BV4-CASSLTGGRQNTLYF-BJ2-4,61.0,0,0,1,0,2,3,0,0,0,3,0,4,0
BL6-BALBc_HTxC,AV6D-4-CALVDRGSALGRLHF-AJ18_BV29-CASRQGNSPLYF-BJ1-6,38.0,1,0,0,2,2,0,3,0,0,40,7,1,0
BL6-BALBc_HTxC,AV3D-3-CAVNSGSWQLIF-AJ22_BV1-CTCSADPGDYAEQFF-BJ2-1,161.0,7,2,4,6,6,2,0,0,7,9,45,37,0
BL6-BALBc_HTxC,AV7-3-CASPNTGYQNFYF-AJ49_BV13-2-CASGGWGSQNTLYF-BJ2-4,71.0,0,0,4,2,75,2,0,0,0,1,2,0,0
BL6-BALBc_HTxC,AV9-3-CAVSMDAGAKLTF-AJ39_BV19-CASSINSYEQYF-BJ2-7,985.0,11,0,4,5,2,2,2,1,16,6,63,3,0
BL6-BALBc_HTxC,AV16D/DV11-CAMREDTGYQNFYF-AJ49_BV19-CASTGTGSNYAEQFF-BJ2-1,52.0,1,0,0,0,0,1,1,3,0,90,3,1,0
BL6-BALBc_HTxC,AV7D-2-CAASSGNTRKLIF-AJ37*p02_BV13-2-CASGDLVGYAEQFF-BJ2-1,259.0,0,0,28,0,0,2,0,1,1,1,1,1,0
BL6-BALBc_HTxC,AV16/DV11-CAMREGNNNNAPRF-AJ43*p03_BV13-3-CASRDRGEQYF-BJ2-7,68.0,0,0,0,7,0,9,0,1,0,0,0,0,0
BL6-BALBc_HTxC,AV6-5-CALSDLGYQNFYF-AJ49_BV1-CTCSVDWGSAETLYF-BJ2-3,99.0,0,0,0,0,1,0,0,1,0,3,13,8,0
BL6-BALBc_HTxC,AV12-3-CALSDNSGGSNYKLTF-AJ53_BV13-2-CASGDWYNSPLYF-BJ1-6,38.0,2,7,13,8,0,2,2,14,9,16,42,14,0
BL6-BALBc_HTxC,AV10D-CAAVNNYAQGLTF-AJ26_BV13-1-CASSGTGNTEVFF-BJ1-1,73.0,0,0,0,4,0,0,0,0,0,0,0,0,0
BL6-BALBc_HTxC,AV16D/DV11-CAMREADTNAYKVIF-AJ30_BV29-CASSLRVANTEVFF-BJ1-1,115.0,1,0,0,0,3,2,0,0,0,2,12,0,0
BL6-BALBc_HTxC,AV9-3-CAVSENNNAGAKLTF-AJ39_BV1-CTCSAAWGDTQYF-BJ2-5,70.0,0,1,0,1,2,0,1,0,0,2,4,97,0
BL6-BALBc_HTxC,AV16/DV11-CAMREGNTGYQNFYF-AJ49_BV13-2-CASGQGAGNTLYF-BJ1-3,578.0,0,0,1,3,2,5,0,4,0,3,2,1,0
BL6-BALBc_HTxC,AV16D/DV11-CAMREGVSAGNKLTF-AJ17*p02_BV19-CASSIERVDTEVFF-BJ1-1,135.0,1,0,0,10,1,83,0,0,0,4,17,7,1
BL6-BALBc_HTxC,AV16D/DV11-CAMREGSAQVVGQLTF-AJ5*p02_BV5-CASSPGDSGNTLYF-BJ1-3,9.0,0,0,0,0,0,0,0,0,0,0,0,1,0
BL6-BALBc_HTxC,AV4-3-CAASYQGGRALIF-AJ15_BV1-CTCSGTGGDTEVFF-BJ1-1,24.0,4,1,0,0,0,0,0,0,3,0,8,0,0
BL6-BALBc_HTxC,AV4D-3-CAAENMGYKLTF-AJ9_BV31-CAWSSDNNQAPLF-BJ1-5,138.0,56,1,0,1,0,2,0,3,0,1,2,2,0
BL6-BALBc_HTxC,AV16D/DV11-CAMREANSAGNKLTF-AJ17*p02_BV13-1-CASSDVSTEVFF-BJ1-1,460.0,1,0,0,2,2,105,0,1,0,1,4,0,0
BL6-BALBc_HTxC,AV10-CAASMDYANKMIF-AJ47_BV3-CASSFTGGVYEQYF-BJ2-7,38.0,0,0,0,0,4,0,1,0,0,16,1,26,0
BL6-BALBc_HTxC,AV16D/DV11-CAMREGSSGSWQLIF-AJ22_BV19-CASSITENTEVFF-BJ1-1,1612.0,0,1,2,5,2,5,0,1,1,3,192,2,0
BL6-BALBc_HTxC,AV16/DV11-CAMREGSSGSWQLIF-AJ22_BV16-CASSPGQPNTEVFF-BJ1-1,111.0,3,1,0,13,0,0,1,0,1,1,1,0,0
BL6-BALBc_HTxC,AV16D/DV11-CAMSSNYQLIW-AJ33_BV13-2-CASGVPGQGGQAPLF-BJ1-5,11.0,1,1,2,7,7,0,0,0,0,0,10,3,0
BL6-BALBc_HTxC,AV12-2-CALRSGSWQLIF-AJ22_BV19-CASSPRLGQDTQYF-BJ2-5,255.0,0,1,2,0,1,0,1,1,0,7,2,1,0
BL6-BALBc_HTxC,AV7-3-CAVSIAGSWQLIF-AJ22_BV13-1-CASSDAGYEQYF-BJ2-7,152.0,1,0,0,3,0,26,1,3,0,0,3,0,0
BL6-BALBc_HTxC,AV9D-4-CALSATNAYKVIF-AJ30_BV13-2-CASGDAAGKDTQYF-BJ2-5,915.0,1,0,1,1,3,1,0,0,0,1,25,0,0
BL6-BALBc_HTxC,AV16D/DV11-CAMREGWNAGAKLTF-AJ39_BV16-CASSLGGISNERLFF-BJ1-4,56.0,0,0,0,1,3,2,0,0,0,0,13,0,0
BL6-BALBc_HTxC,AV16D/DV11-CAMREGDNAGAKLTF-AJ39_BV13-2-CASGDVGYEQYF-BJ2-7,84.0,0,0,0,0,35,6,0,1,0,0,1,0,0
BL6-BALBc_HTxC,AV6D-6-CALRWDTNAYKVIF-AJ30_BV19-CASRGGVTYEQYF-BJ2-7,3.0,0,0,0,1,0,0,0,0,0,0,0,0,0
BL6-BALBc_HTxC,AV6D-6-CALSDFSNNRLTL-AJ7_BV13-3-CASRDRGEQYF-BJ2-7,0.0,0,0,0,0,0,6,0,3,0,0,0,0,0
BL6-BALBc_HTxC,AV13-4/DV7-CAMEHSSGSWQLIF-AJ22_BV4-CASSYGVQYF-BJ2-7,410.0,0,0,0,2,0,1,0,0,0,2,117,2,1
BL6-BALBc_HTxC,AV16D/DV11-CAMRGDSNYQLIW-AJ33_BV13-1-CASSDVNSPLYF-BJ1-6,9.0,0,0,0,2,15,11,0,0,2,2,3,1,0
BL6-BALBc_HTxC,AV7D-4-CAASDLTNSAGNKLTF-AJ17*p02_BV13-1-CASSLQLSNERLFF-BJ1-4,34.0,0,0,0,0,0,0,4,0,0,5,0,0,0
BL6-BALBc_HTxC,AV6D-6-CALSENNYAQGLTF-AJ26_BV14-CASRPGTDERLFF-BJ1-4,82.0,0,1,0,1,2,3,0,0,0,4,0,0,0
BL6-BALBc_HTxC,AV4-4/DV10-CAGHYANKMIF-AJ47_BV29-CASSRRTEVFF-BJ1-1,17.0,0,0,0,0,1,0,0,3,0,1,5,0,0
BL6-BALBc_HTxC,AV13-1-CAMDNYAQGLTF-AJ26_BV13-2-CASGDPYEQYF-BJ2-7,281.0,0,1,0,1,3,1,0,1,0,1,11,1,0
BL6-BALBc_HTxC,AV14-2-CAAHTGYQNFYF-AJ49_BV17-CASSKTWGVNYAEQFF-BJ2-1,46.0,0,1,1,1,2,0,3,1,0,0,0,1,0
BL6-BALBc_HTxC,AV7D-2-CAASSGNTRKLIF-AJ37*p02_BV13-2-CASGDLVGYAEQFF-BJ2-1,309.0,0,0,4,0,0,0,0,0,0,2,1,11,2
BL6-BALBc_HTxC,AV6-6-CALGSNTDKVVF-AJ34*p03_BV14-CASRHRDEQYF-BJ2-7,265.0,0,0,0,1,2,7,34,0,0,3,3,0,0
BL6-BALBc_HTxC,AV12-3-CALSDTNAYKVIF-AJ30_BV3-CASSPDRDTEVFF-BJ1-1,202.0,4,0,0,1,0,1,0,0,0,1,1,0,0
BL6-BALBc_HTxC,AV16D/DV11-CAMREANSAGNKLTF-AJ17*p02_BV13-1-CASSDVSTEVFF-BJ1-1,364.0,1,0,1,3,11,277,0,0,1,0,5,1,0
BL6-BALBc_HTxC,AV9D-1-CAASSNTGYQNFYF-AJ49_BV1-CTCSAVWGEDTQYF-BJ2-5,43.0,0,0,0,27,0,0,0,0,0,1,0,0,0
BL6-BALBc_HTxC,AV6-7/DV9-CALGEGNNAPRF-AJ43*p03_BV2-CASSHRDTYNSPLYF-BJ1-6,31.0,1,0,1,0,1,0,0,0,0,0,0,0,0
BL6-BALBc_HTxC,AV4D-3-CAAENMGYKLTF-AJ9_BV31-CAWSQDNNQAPLF-BJ1-5,143.0,3,0,0,0,1,2,1,0,0,1,2,0,0
BL6-BALBc_HTxC,AV14-3-CAVYGGSGNKLIF-AJ32_BV15-CASSLALNSDYTF-BJ1-2,14.0,3,0,1,0,2,1,2,2,0,1,12,9,0
BL6-BALBc_HTxC,AV8-2-CATDIQGGRALIF-AJ15_BV3-CASSWGGADSDYTF-BJ1-2,89.0,13,0,0,1,2,0,3,0,1,2,4,0,0
BL6-BALBc_HTxC,AV8-2-CATDDNNAPRF-AJ43*p03_BV13-2-CASGEAGGTYEQYF-BJ2-7,64.0,2,4,0,0,0,1,2,0,0,8,0,0,0
BL6-BALBc_HTxC,AV14-3-CAASPNAYKVIF-AJ30_BV16-CASSFSGTGEYEQYF-BJ2-7,67.0,1,0,2,3,1,0,0,2,5,2,24,9,0
BL6-BALBc_HTxC,AV9-4-CAVSHSNYQLIW-AJ33_BV19-CASTPTGIAEQFF-BJ2-1,37.0,0,0,1,2,2,3,0,0,0,37,1,3,0
BL6-BALBc_HTxC,AV2-CIVTDVDYSNNRLTL-AJ7_BV2-CASSQGQGDAEQFF-BJ2-1,97.0,7,0,0,0,0,0,0,0,0,7,0,0,0
BL6-BALBc_HTxC,AV16D/DV11-CAMREGDSAGNKLTF-AJ17*p02_BV13-1-CASSEDSYNSPLYF-BJ1-6,140.0,2,4,6,0,1,10,1,4,1,10,6,5,0
BL6-BALBc_HTxC,AV16/DV11-CAMREDGGSGNKLIF-AJ32_BV13-2-CASGDINTEVFF-BJ1-1,36.0,0,0,0,0,24,1,1,3,0,1,0,0,0
BL6-BALBc_HTxC,AV8-2-CATETGYQNFYF-AJ49_BV31-CAWGHLNTGQLYF-BJ2-2,107.0,0,0,0,0,15,0,0,0,0,0,0,0,0
BL6-BALBc_HTxC,AV9D-4-CALSLDYSNNRLTL-AJ7_BV19-CASSIGGQGLYSGNTLYF-BJ1-3,74.0,5,3,0,4,5,1,0,2,3,4,20,3,0
BL6-BALBc_HTxC,AV9-3-CAVSSDYANKMIF-AJ47_BV3-CASSSGTGGYEQYF-BJ2-7,62.0,0,0,0,0,0,2,1,0,0,34,0,0,0
BL6-BALBc_HTxC,AV9-3-CAVSSDYANKMIF-AJ47_BV3-CASSSGTGGYEQYF-BJ2-7,1164.0,1,2,0,2,3,2,0,1,1,81,2,0,0
BL6-BALBc_HTxC,AV3-3-CAVPLATNAYKVIF-AJ30_BV13-2-CASGTGGAGEQYF-BJ2-7,303.0,1,0,3,16,1,1,2,1,4,1,47,3,0
BL6-BALBc_HTxC,AV3D-3-CAVTSSSGSWQLIF-AJ22_BV13-1-CASSERRGDSDYTF-BJ1-2,63.0,0,0,0,12,2,2,1,0,0,1,0,0,0
BL6-BALBc_HTxC,AV16D/DV11-CAMREVDAGAKLTF-AJ39_BV1-CTCSADRVGNQAPLF-BJ1-5,267.0,3,1,0,2,2,0,0,1,4,5,24,8,0
BL6-BALBc_HTxC,AV8-2-CATDIQGGRALIF-AJ15_BV3-CASSWGGADSDYTF-BJ1-2,111.0,33,0,0,0,1,0,0,3,0,1,0,0,0
BL6-BALBc_HTxC,AV2-CIVTASTGGYKVVF-AJ12_BV16-CASSGGGTEVFF-BJ1-1,471.0,8,8,1,4,3,0,1,1,5,6,93,3,0
BL6-BALBc_HTxC,AV8-2-CATDIQGGRALIF-AJ15_BV3-CASSWGGADSDYTF-BJ1-2,125.0,0,0,0,0,2,1,0,0,0,1,3,0,0
BL6-BALBc_HTxC,AV13-4/DV7-CAMDNAGAKLTF-AJ39_BV16-CASSLGNEQYF-BJ2-7,22.0,0,0,0,0,0,0,0,0,2,0,8,2,0
BL6-BALBc_HTxC,AV16/DV11-CAMREDNNNRIFF-AJ31_BV13-2-CASGPGLGGREQYF-BJ2-7,46.0,0,0,0,9,0,0,0,0,0,0,0,2,0
BL6-BALBc_HTxC,AV10-CAAALDYANKMIF-AJ47_BV13-3-CASSERAEQFF-BJ2-1,257.0,1,0,2,88,1,2,1,0,0,1,0,0,0
BL6-BALBc_HTxC,AV3-1-CAVSHQGGRALIF-AJ15_BV13-2-CASGDAPSNSDYTF-BJ1-2,87.0,0,0,0,0,2,2,0,187,0,1,3,1,0
BL6-BALBc_HTxC,AV5-4-CAATGNYKYVF-AJ40_BV13-2-CASGDPTGQEQYF-BJ2-7,148.0,0,2,0,87,1,1,0,0,0,3,2,0,0
BL6-BALBc_HTxC,AV5-1-CSASMDYAQGLTF-AJ26_BV1-CTCSGQGAGNTLYF-BJ1-3,359.0,2,0,0,1,0,1,0,2,2,0,1,1,0
BL6-BALBc_HTxC,AV8-2-CATDSGGNEKITF-AJ48_BV29-CASSLGDTGFF-BJ1-4,32.0,0,0,0,0,0,3,0,0,0,0,10,0,0
BL6-BALBc_HTxC,AV16D/DV11-CAMREAGGYKVVF-AJ12_BV13-2-CASGDAGGKAEVFF-BJ1-1,25.0,0,0,0,0,1,15,0,0,0,1,1,1,0
BL6-BALBc_HTxC,AV7D-2-CAASSGNTRKLIF-AJ37*p02_BV13-2-CASGDLVGYAEQFF-BJ2-1,161.0,0,0,33,3,0,1,0,0,0,0,2,0,0
BL6-BALBc_HTxC,AV3-3-CAVSMYQGGRALIF-AJ15_BV29-CASSPGTTNTEVFF-BJ1-1,28.0,1,0,0,16,1,2,0,0,0,0,1,0,0
BL6-BALBc_HTxC,AV12-2-CALSAMDSNYQLIW-AJ33_BV4-CASHSSGNTLYF-BJ1-3,13.0,0,0,0,0,0,0,0,0,0,0,27,0,0
BL6-BALBc_HTxC,AV16/DV11-CAMREGTGANTGKLTF-AJ52_BV13-3-CASSPGTTYAEQFF-BJ2-1,1258.0,3,1,0,2,130,5,1,1,2,1,3,1,0
BL6-BALBc_HTxC,AV16D/DV11-CAMREGVSAGNKLTF-AJ17*p02_BV13-1-CASSDVGAEQFF-BJ2-1,212.0,0,0,0,1,1,91,0,0,0,0,3,4,0
BL6-BALBc_HTxC,AV6D-5-CALGDQGGSAKLIF-AJ57_BV13-2-CASGDWGWEQYF-BJ2-7,9.0,0,0,0,1,1,0,0,7,0,0,1,8,0
BL6-BALBc_HTxC,AV16/DV11-CAMKATGNTRKLIF-AJ37*p02_BV13-2-CASGDVGENTLYF-BJ2-4,17.0,0,0,0,1,3,0,0,0,8,3,0,0,0
BL6-BALBc_HTxC,AV16D/DV11-CAMREDNAGAKLTF-AJ39_BV2-CASSQDHVSNERLFF-BJ1-4,81.0,0,0,0,0,0,0,0,3,0,0,0,0,0
BL6-BALBc_HTxC,AV16/DV11-CAMREGDSNYQLIW-AJ33_BV13-2-CASGVPTGTEVFF-BJ1-1,135.0,1,0,0,2,4,0,0,1,0,1,1,0,0
BL6-BALBc_HTxC,AV6D-5-CALGDQGGSAKLIF-AJ57_BV13-1-CASSPGGNERLFF-BJ1-4,23.0,0,0,0,1,0,0,0,0,0,0,0,4,0
BL6-BALBc_HTxC,AV7D-3-CAVIGSGSWQLIF-AJ22_BV13-2-CASGEPQGANSPLYF-BJ1-6,1687.0,0,0,1,6,1,47,1,0,0,1,4,0,0
BL6-BALBc_HTxC,AV6-6-CALGSNTDKVVF-AJ34*p03_BV14-CASRHRDEQYF-BJ2-7,92.0,0,3,1,2,0,10,89,0,0,2,0,0,0
BL6-BALBc_HTxC,AV16D/DV11-CAMREDNAGAKLTF-AJ39_BV13-1-CASRDNYEQYF-BJ2-7,80.0,0,0,0,0,165,0,4,2,0,1,1,1,0
BL6-BALBc_HTxC,AV6-6-CALGDTNAYKVIF-AJ30_BV29-CASSFGGTEVFF-BJ1-1,155.0,1,3,0,0,5,6,1,2,1,4,3,0,0
BL6-BALBc_HTxC,AV16D/DV11-CAMREDNAGAKLTF-AJ39_BV2-CASSQDHVSNERLFF-BJ1-4,119.0,0,0,0,3,0,0,0,19,0,3,0,1,0
BL6-BALBc_HTxC,AV16/DV11-CAMREAFSGGSNAKLTF-AJ42_BV13-2-CASGDSYEQYF-BJ2-7,132.0,0,2,0,2,83,0,0,3,1,0,1,1,0
BL6-BALBc_HTxC,AV19-CAAGDAGYQNFYF-AJ49_BV17-CASSRTGGSDYTF-BJ1-2,77.0,0,0,0,0,0,23,0,0,0,1,0,8,0
BL6-BALBc_HTxC,AV3-4-CAVSESSGSWQLIF-AJ22_BV4-CASSLGPYEQYF-BJ2-7,14.0,0,1,0,0,0,0,0,0,1,2,5,0,1
BL6-BALBc_HTxC,AV6-6-CALGSNTDKVVF-AJ34*p03_BV14-CASRHRDEQYF-BJ2-7,327.0,0,1,0,0,1,13,117,2,0,1,1,4,0
BL6-BALBc_HTxC,AV6-6-CALGDRTGGADRLTF-AJ45_BV13-1-CASSDRTGEDEQYF-BJ2-7,102.0,0,1,1,1,0,0,2,1,0,3,0,13,0
BL6-BALBc_HTxC,AV9D-4-CALSFLSGSWQLIF-AJ22_BV13-3-CASSTGKTYEQYF-BJ2-7,47.0,2,0,0,1,0,0,1,0,0,1,6,1,0
BL6-BALBc_HTxC,AV9D-4-CALSEASGSWQLIF-AJ22_BV31-CAWSRWGAGAEQFF-BJ2-1,221.0,4,1,0,2,5,11,0,2,9,8,53,24,0
BL6-BALBc_HTxC,AV13D-1-CAMENAGAKLTF-AJ39_BV13-2-CASGGVYEQYF-BJ2-7,110.0,0,0,0,1,0,0,0,0,0,4,1,0,0
BL6-BALBc_HTxC,AV8-2-CATGNYKYVF-AJ40_BV19-CASSIGGQTNERLFF-BJ1-4,361.0,1,3,2,1,4,1,2,1,0,5,12,6,0
BL6-BALBc_HTxC,AV9-2-CAASMDYANKMIF-AJ47_BV3-CASSLGAGYEQYF-BJ2-7,81.0,1,0,1,2,3,2,1,3,0,310,3,0,0
BL6-BALBc_HTxC,AV7D-2-CAANTNTGKLTF-AJ27_BV1-CTCSADRVNNQAPLF-BJ1-5,32.0,0,0,0,4,0,0,0,0,0,1,0,0,0
BL6-BALBc_HTxC,AV8-2-CATDADNNNAPRF-AJ43*p03_BV14-CASSNRETLYF-BJ2-3,104.0,0,2,23,1,2,0,4,0,8,1,0,0,0
BL6-BALBc_HTxC,AV16D/DV11-CAMRESNNYAQGLTF-AJ26_BV5-CASSTRTGGENYAEQFF-BJ2-1,51.0,1,0,1,1,1,0,0,0,0,0,20,3,0
BL6-BALBc_HTxC,AV12-3-CALSDTNAYKVIF-AJ30_BV3-CASSPDRDTEVFF-BJ1-1,59.0,4,0,0,0,0,0,0,0,0,1,0,1,0
BL6-BALBc_HTxC,AV8-1-CAPYQGGRALIF-AJ15_BV1-CTCSAGGYAEQFF-BJ2-1,229.0,3,7,10,3,1,7,0,1,0,5,8,3,0
BL6-BALBc_HTxC,AV7D-3-CAVIGSGSWQLIF-AJ22_BV13-2-CASGEPQGANSPLYF-BJ1-6,35.0,0,1,0,0,1,8,0,0,0,0,1,0,0
BL6-BALBc_HTxC,AV16/DV11-CAMREPYGGSGNKLIF-AJ32_BV20-CGARDWGEDTQYF-BJ2-5,565.0,0,0,1,4,7,1,0,1,0,1,0,5,0
BL6-BALBc_HTxC,AV16D/DV11-CAMREGVSAGNKLTF-AJ17*p02_BV13-1-CASSDVGAEQFF-BJ2-1,7.0,0,0,0,0,1,14,0,0,0,0,0,1,0
BL6-BALBc_HTxC,AV16/DV11-CAMREGDTGYQNFYF-AJ49_BV13-2-CASGTGGENTLYF-BJ2-4,31.0,0,0,0,0,0,3,0,51,0,0,1,0,0
BL6-BALBc_HTxC,AV7D-3-CAVIGSGSWQLIF-AJ22_BV13-2-CASGEPQGANSPLYF-BJ1-6,115.0,1,0,1,0,0,16,0,0,0,0,1,0,0
BL6-BALBc_HTxC,AV6-2-CVLAPDYSNNRLTL-AJ7_BV5-CASSPILGDSPLYF-BJ1-6,31.0,0,0,0,0,0,0,0,28,0,0,0,0,0
BL6-BALBc_HTxC,AV9-3-CAVSENNNAGAKLTF-AJ39_BV1-CTCSAAWGDTQYF-BJ2-5,42.0,0,0,0,0,0,0,0,0,0,0,0,10,0
BL6-BALBc_HTxC,AV4D-4-CAAEGGSSNTDKVVF-AJ34*p03_BV13-3-CASSATGGSSDYTF-BJ1-2,344.0,0,1,0,0,0,3,0,2,0,2,2,0,0
BL6-BALBc_HTxC,AV12-2-CALRDTNAYKVIF-AJ30_BV5-CASSRDLDTQYF-BJ2-5,128.0,0,0,0,0,0,0,0,0,0,1,6,0,0
BL6-BALBc_HTxC,AV12-2-CALSEGSNYQLIW-AJ33_BV1-CTCSAVWGEDTQYF-BJ2-5,87.0,1,0,0,25,0,0,1,0,0,1,6,3,0
BL6-BALBc_HTxC,AV6-6-CALGAPNYNVLYF-AJ21*p03_BV13-1-CASSDVNSPLYF-BJ1-6,303.0,8,1,0,0,1,7,0,1,0,8,0,0,0
BL6-BALBc_HTxC,AV1-CAVRDGNYAQGLTF-AJ26_BV3-CASSLLGGEYEQYF-BJ2-7,566.0,9,0,0,0,2,2,0,0,0,0,5,0,0
BL6-BALBc_HTxC,AV13D-2-CAIEDKGYQNFYF-AJ49_BV16-CASSSDWGAEQYF-BJ2-7,42.0,0,0,0,8,0,1,0,0,0,1,0,0,0
BL6-BALBc_HTxC,AV3-4-CAVSGGNNKLTF-AJ56_BV13-2-CASGDAGGQNTLYF-BJ2-4,73.0,0,1,9,0,0,0,0,1,15,2,2,1,0
BL6-BALBc_HTxC,AV16D/DV11-CAMREADYANKMIF-AJ47_BV13-2-CASGDARGNSDYTF-BJ1-2,171.0,0,2,0,2,38,1,0,0,0,2,0,1,0
BL6-BALBc_HTxC,AV19-CAAENTGYQNFYF-AJ49_BV17-CASRIQGSEVFF-BJ1-1,40.0,1,1,0,4,0,18,1,0,0,0,2,2,0
BL6-BALBc_HTxC,AV16/DV11-CAMREAFSGGSNAKLTF-AJ42_BV13-2-CASGDSYEQYF-BJ2-7,57.0,0,0,0,0,55,0,1,0,0,0,1,1,0
BL6-BALBc_HTxC,AV14-1-CAASGSWQLIF-AJ22_BV13-3-CASSEGQGYAEQFF-BJ2-1,48.0,0,1,0,0,0,4,2,0,0,0,0,0,0
BL6-BALBc_HTxC,AV6-6-CALGPNYGGSGNKLIF-AJ32_BV13-2-CASGPSGGADTQYF-BJ2-5,40.0,0,0,0,2,0,0,0,102,0,2,2,1,0
BL6-BALBc_HTxC,AV9D-4-CALSANMGYKLTF-AJ9_BV13-1-CASSEGTGGIYEQYF-BJ2-7,1704.0,0,1,0,2,2,1,0,1,1,6,2,112,0
BL6-BALBc_HTxC,AV9-3-CAVSENNNAGAKLTF-AJ39_BV1-CTCSAAWGDTQYF-BJ2-5,213.0,0,1,1,2,0,2,0,0,0,3,4,120,0
BL6-BALBc_HTxC,AV13-4/DV7-CAMEHSSGSWQLIF-AJ22_BV4-CASSYGVQYF-BJ2-7,37.0,0,0,0,0,0,0,1,0,0,1,33,0,0
BL6-BALBc_HTxC,AV14-1-CAASPGTGGYKVVF-AJ12_BV1-CTCSALRVSGNTLYF-BJ1-3,373.0,2,0,1,64,2,0,2,2,1,1,1,7,0
BL6-BALBc_HTxC,AV16D/DV11-CAMREDTNAYKVIF-AJ30_BV13-2-CASGETGANSDYTF-BJ1-2,171.0,0,0,0,1,2,15,0,14,0,0,0,2,0
BL6-BALBc_HTxC,AV13-4/DV7-CAMEHSSGSWQLIF-AJ22_BV4-CASSYGVQYF-BJ2-7,109.0,0,0,0,1,1,0,0,1,0,3,58,1,0
BL6-BALBc_HTxC,AV8-2-CATDANNNNAPRF-AJ43*p03_BV3-CASSWTVDTQYF-BJ2-5,99.0,0,0,0,0,0,0,0,0,0,0,3,0,0
BL6-BALBc_HTxC,AV14-2-CAASSYTGNYKYVF-AJ40_BV13-1-CASSEHNSDYTF-BJ1-2,37.0,0,1,0,0,1,1,0,2,1,4,0,0,0
BL6-BALBc_HTxC,AV7D-3-CAVIGSGSWQLIF-AJ22_BV13-2-CASGEPQGANSPLYF-BJ1-6,195.0,0,0,0,0,0,7,0,0,0,0,1,0,0
BL6-BALBc_HTxC,AV6-4-CALVEGGRALIF-AJ15_BV14-CASRDRDEQYF-BJ2-7,226.0,0,0,0,1,2,4,13,6,121,0,5,1,0
BL6-BALBc_HTxC,AV10D-CAADTGYQNFYF-AJ49_BV13-1-CASSDVGGGDTLYF-BJ2-4,7.0,0,0,0,1,0,2,0,77,0,2,0,0,0
BL6-BALBc_HTxC,AV21/DV12-CILRVAPGNTRKLIF-AJ37*p02_BV13-1-CASSDAGGTLYF-BJ1-3,74.0,0,0,0,5,0,1,0,30,0,0,1,0,0
BL6-BALBc_HTxC,AV9D-2-CAGNYAQGLTF-AJ26_BV13-2-CASGDRNTEVFF-BJ1-1,406.0,0,1,3,0,299,1,0,1,3,2,4,1,0
BL6-BALBc_HTxC,AV10-CAANSGTYQRF-AJ13_BV13-2-CASGDVAGEDTQYF-BJ2-5,862.0,0,1,3,2,3,1,2,91,0,3,5,1,0
BL6-BALBc_HTxC,AV6D-7-CALSAPESDKVVF-AJ34*p03_BV13-1-CASRGGFYAEQFF-BJ2-1,39.0,0,1,0,0,9,0,0,2,0,0,39,1,0
BL6-BALBc_HTxC,AV6-6-CALGENYAQGLTF-AJ26_BV13-3-CASSDLGFNQDTQYF-BJ2-5,42.0,3,0,0,1,0,0,0,1,1,2,31,14,0
BL6-BALBc_HTxC,AV3D-3-CAVINYAQGLTF-AJ26_BV29-CASSSRDKNYAEQFF-BJ2-1,56.0,0,0,0,31,0,0,1,0,0,0,0,0,0
BL6-BALBc_HTxC,AV10-CAASVDYANKMIF-AJ47_BV3-CASSWTVQDTQYF-BJ2-5,212.0,0,0,0,0,1,2,1,0,0,84,2,0,0
BL6-BALBc_HTxC,AV6D-7-CALSAPESDKVVF-AJ34*p03_BV4-CASIQANTEVFF-BJ1-1,16.0,0,0,0,0,0,0,0,0,0,0,18,1,0
BL6-BALBc_HTxC,AV6-6-CALGDTSGGSNYKLTF-AJ53_BV1-CTCSAVRANTGQLYF-BJ2-2,146.0,0,0,0,10,1,2,0,1,0,1,0,1,0
BL6-BALBc_HTxC,AV3-3-CAVINYAQGLTF-AJ26_BV29-CASSSRDKNYAEQFF-BJ2-1,735.0,1,0,1,16,2,2,0,0,0,1,0,0,0
BL6-BALBc_HTxC,AV3-1-CAVPGSWQLIF-AJ22_BV4-CASSPRGPNTEVFF-BJ1-1,29.0,0,0,0,0,2,0,6,1,1,2,2,0,0
BL6-BALBc_HTxC,AV4-3-CAAEAGTGGYKVVF-AJ12_BV13-1-CASSQDNNQAPLF-BJ1-5,612.0,15,1,2,7,1,0,0,0,0,45,1,0,0
BL6-BALBc_HTxC,AV16D/DV11-CAFASSGSWQLIF-AJ22_BV2-CASSQDEGIGNTLYF-BJ1-3,133.0,0,0,0,2,2,1,0,0,0,1,90,1,0
BL6-BALBc_HTxC,AV19-CAAGAQGGSAKLIF-AJ57_BV13-1-CASSDEYNNQAPLF-BJ1-5,40.0,0,1,0,0,0,0,0,0,0,0,0,14,0
BL6-BALBc_HTxC,AV7D-3-CAVSLNTGNYKYVF-AJ40_BV13-3-CASSEDTGASGNTLYF-BJ1-3,592.0,1,0,0,0,8,0,1,2,1,2,0,0,0
BL6-BALBc_HTxC,AV16D/DV11-CAMREDGGSGNKLIF-AJ32_BV13-2-CASGDVNTEVFF-BJ1-1,323.0,0,0,2,1,294,3,0,1,0,0,3,1,0
BL6-BALBc_HTxC,AV7D-2-CAASMDYANKMIF-AJ47_BV13-3-CASSDRSEQYF-BJ2-7,125.0,0,0,1,3,0,0,1,1,0,0,0,0,0
BL6-BALBc_HTxC,AV13-4/DV7-CAMESTGSKLSF-AJ58_BV13-1-CASLGAQQYF-BJ2-7,85.0,0,0,0,0,0,2,0,0,0,1,19,0,0
BL6-BALBc_HTxC,AV7-3-CASPNTGYQNFYF-AJ49_BV13-2-CASGGWGSQNTLYF-BJ2-4,44.0,0,0,1,1,104,0,3,0,0,2,1,1,0
BL6-BALBc_HTxC,AV14-2-CAANTGNYKYVL-AJ40_BV13-2-CASGDAGGKAEVFF-BJ1-1,29.0,0,0,0,1,0,22,0,0,0,0,0,0,0
BL6-BALBc_HTxC,AV16D/DV11-CAMREGSSGSWQLIF-AJ22_BV13-1-CASSDVGDEQYF-BJ2-7,83.0,0,0,0,0,1,58,0,0,0,0,0,1,0
BL6-BALBc_HTxC,AV3-1-CAVSAGTNAYKVIF-AJ30_BV13-2-CASGTGGGNTLYF-BJ1-3,109.0,0,0,0,1,1,6,10,0,0,0,1,1,0
BL6-BALBc_HTxC,AV16D/DV11-CAMREGSSGSWQLIF-AJ22_BV13-1-CASSDVGDEQYF-BJ2-7,94.0,0,1,0,1,0,61,0,0,0,0,0,2,0
BL6-BALBc_HTxC,AV16/DV11-CAMREGRGGSAKLIF-AJ57_BV13-2-CASGENRANSDYTF-BJ1-2,66.0,0,0,0,1,1,10,42,1,0,0,0,0,0
BL6-BALBc_HTxC,AV6-6-CALGDTSGGSNYKLTF-AJ53_BV4-CASSSTGGGSYEQYF-BJ2-7,1016.0,2,2,0,6,5,4,1,6,8,11,29,4,0
BL6-BALBc_HTxC,AV16D/DV11-CAMREDTGYQNFYF-AJ49_BV19-CASTGTGSNYAEQFF-BJ2-1,618.0,0,2,0,2,2,0,0,2,1,184,5,0,1
BL6-BALBc_HTxC,AV16/DV11-CAMRAMDSNYQLIW-AJ33_BV13-2-CASGDNYEQYF-BJ2-7,19.0,0,0,0,1,14,0,0,1,0,0,0,0,0
BL6-BALBc_HTxC,AV6D-4-CAPSNYGNEKITF-AJ48_BV29-CASSSGTANSDYTF-BJ1-2,113.0,0,0,4,0,2,0,0,0,3,0,21,4,0
BL6-BALBc_HTxC,AV6D-6-CALSDFSNNRLTL-AJ7_BV13-3-CASRDRGEQYF-BJ2-7,33.0,0,0,0,24,5,24,0,2,1,2,1,0,0
BL6-BALBc_HTxC,AV13D-1-CAMNQGGSAKLIF-AJ57_BV13-2-CASGDWGWEQYF-BJ2-7,50.0,0,0,0,15,0,0,0,12,0,0,0,22,0
BL6-BALBc_HTxC,AV8-2-CATDIQGGRAL-AJ15_BV3-CASSLGSYEQYF-BJ2-7,20.0,0,0,0,0,0,0,0,0,0,0,10,0,0
BL6-BALBc_HTxC,AV7-3-CASPNTGYQNFYF-AJ49_BV13-1-CASRDNYEQYF-BJ2-7,451.0,0,0,2,1,375,6,3,0,0,4,8,0,0
BL6-BALBc_HTxC,AV8-2-CATDDNNAPRF-AJ43*p03_BV3-CASSLARDYEQYF-BJ2-7,1566.0,1,1,0,3,2,1,1,0,0,37,1,1,0
BL6-BALBc_HTxC,AV3D-3-CAVGAGNTRKLIF-AJ37*p02_BV13-2-CASGPSGGADTQYF-BJ2-5,306.0,0,1,0,0,1,0,2,6,0,0,0,1,0
BL6-BALBc_HTxC,AV5D-4-CAASDTGGADRLTF-AJ45_BV13-1-CASTGGAYEQYF-BJ2-7,271.0,0,3,0,1,1,2,0,1,0,0,49,1,0
BL6-BALBc_HTxC,AV8-2-CATDIQGGRALIF-AJ15_BV3-CASSWGGADSDYTF-BJ1-2,25.0,23,0,0,0,0,0,0,0,0,0,0,1,0
BL6-BALBc_HTxC,AV13-4/DV7-CAMEHSSGSWQLIF-AJ22_BV4-CASSYGVQYF-BJ2-7,306.0,1,2,0,0,2,3,0,0,2,1,225,1,0
BL6-BALBc_HTxC,AV3-4-CAVSANSGTYQRF-AJ13_BV17-CASSRDQRGTGQLYF-BJ2-2,197.0,0,1,3,0,0,1,5,3,0,0,4,0,0
BL6-BALBc_HTxC,AV12-2-CALSDLRTGGADRLTF-AJ45_BV13-1-CASSDVGAEQFF-BJ2-1,14.0,0,0,0,0,0,0,0,1,0,0,15,0,0
BL6-BALBc_HTxC,AV13D-1-CAIMPNYNVLYF-AJ21*p03_BV13-1-CASSDQGTSQNTLYF-BJ2-4,58.0,0,1,0,14,12,0,0,0,13,1,0,0,0
BL6-BALBc_HTxC,AV16/DV11-CAMRESMATGGNNKLTF-AJ56_BV13-1-CASSDAGGWEQYF-BJ2-7,446.0,0,1,0,1,2,0,0,0,0,0,0,27,0
BL6-BALBc_HTxC,AV12-2-CALSDLDSNYQLIW-AJ33_BV13-1-CASSGGQTEVFF-BJ1-1,15.0,0,0,5,0,3,24,0,0,0,2,6,0,0
BL6-BALBc_HTxC,AV6-5-CALSEGGTGYQNFYF-AJ49_BV13-1-CASRDNYEQYF-BJ2-7,371.0,0,0,3,4,73,4,0,3,0,6,7,5,0
BL6-BALBc_HTxC,AV9D-4-CALSPDTNAYKVIF-AJ30_BV12-1-CASSLWADTQYF-BJ2-5,152.0,1,2,82,2,3,1,0,0,1,5,0,2,0
BL6-BALBc_HTxC,AV7-5-CASSSSFNKLTF-AJ4_BV13-1-CASSGGALEQYF-BJ2-7,90.0,0,0,0,0,0,0,0,2,0,0,32,1,0
BL6-BALBc_HTxC,AV16D/DV11-CAMREPMPNYNVLYF-AJ21*p03_BV4-CASSQGPISNERLFF-BJ1-4,114.0,0,0,1,0,0,2,0,1,0,63,16,0,0
BL6-BALBc_HTxC,AV9-4-CAVASMDYANKMIF-AJ47_BV13-2-CASGDRLNTGQLYF-BJ2-2,38.0,0,0,0,0,2,1,0,0,0,1,0,27,0
BL6-BALBc_HTxC,AV6-7/DV9-CALGDINAYKVIF-AJ30_BV19-CASSAGGAYAEQFF-BJ2-1,436.0,0,1,0,1,4,1,0,2,0,3,68,1,1
BL6-BALBc_HTxC,AV6-6-CALGAYTGGADRLTF-AJ45_BV13-2-CASWDISGNTLYF-BJ1-3,170.0,0,1,0,71,1,11,0,0,0,0,0,0,0
BL6-BALBc_HTxC,AV8-1-CATDGSSGSWQLIF-AJ22_BV4-CASTTANTEVFF-BJ1-1,508.0,1,8,2,4,5,2,2,2,0,6,523,2,2
BL6-BALBc_HTxC,AV6-5-CALSDTNAYKVIF-AJ30_BV29-CASIPGQGDTQYF-BJ2-5,18.0,0,0,10,1,3,0,0,4,0,1,5,1,0
BL6-BALBc_HTxC,AV5-1-CSASSGSWQLIF-AJ22_BV13-2-CASGEVGSNTEVFF-BJ1-1,895.0,2,4,1,4,2,9,0,10,2,1,36,4,1
BL6-BALBc_HTxC,AV8D-2-CATDANSGTYQRF-AJ13_BV29-CASSFRAGEQYF-BJ2-7,108.0,2,0,0,0,0,0,2,0,0,5,7,17,0
BL6-BALBc_HTxC,AV16D/DV11-CAMREGDSNYQLIW-AJ33_BV13-2-CASGGLVYEQYF-BJ2-7,175.0,0,0,0,13,4,0,0,0,0,0,5,0,0
BL6-BALBc_HTxC,AV16/DV11-CAMRGYGGSGNKLIF-AJ32_BV1-CTCSGGLGTSAETLYF-BJ2-3,84.0,0,158,0,1,2,0,1,0,0,1,0,0,0
BL6-BALBc_HTxC,AV10-CAAVMDYANKMIF-AJ47_BV3-CASSSGQQDTQYF-BJ2-5,262.0,0,0,0,5,2,0,1,0,0,1,2,1,0
BL6-BALBc_HTxC,AV16D/DV11-CAMREGGRALIF-AJ15_BV1-CTCSADRVQNTLYF-BJ2-4,1047.0,2,0,0,23,0,2,0,0,0,0,6,0,0
BL6-BALBc_HTxC,AV7D-2-CAATGNTRKLIF-AJ37*p02_BV13-2-CASGTGDYAEQFL-BJ2-1,409.0,0,1,0,0,36,2,1,1,0,2,1,1,0
BL6-BALBc_HTxC,AV19-CAAVTGFASALTF-AJ35_BV13-2-CASGYRGTNQAPLF-BJ1-5,116.0,0,0,4,0,5,0,6,0,0,3,5,1,0
BL6-BALBc_HTxC,AV4D-3-CAAENMGYKLTF-AJ9_BV31-CAWSQDNNQAPLF-BJ1-5,49.0,19,0,0,0,0,3,3,0,0,2,1,0,0
BL6-BALBc_HTxC,AV14D-2-CAARTGGYKVVF-AJ12_BV5-CASSPQQGNTEVFF-BJ1-1,42.0,1,78,1,0,1,1,0,1,0,0,0,0,0
BL6-BALBc_HTxC,AV14-2-CAANTGNYKYVF-AJ40_BV13-3-CASSDWDWGGAGQNTLYF-BJ2-4,933.0,0,0,0,2,0,10,1,2,0,0,5,0,0
BL6-BALBc_HTxC,AV16/DV11-CAMRGYGGSGNKLIF-AJ32_BV1-CTCSGGLGTSAETLYF-BJ2-3,36.0,0,76,1,0,7,1,0,1,0,0,1,0,0
BL6-BALBc_HTxC,AV6-7/DV9-CALGDINAYKVIF-AJ30_BV19-CASSAGGAYAEQFF-BJ2-1,689.0,0,0,0,1,1,1,0,1,0,1,21,1,0
BL6-BALBc_HTxC,AV13D-1-CAMELDYSNNRLTL-AJ7_BV12-2-CASSLSEYAEQFF-BJ2-1,21.0,2,0,3,0,3,1,0,0,0,3,9,2,0
BL6-BALBc_HTxC,AV16D/DV11-CAMREDTNTGKLTF-AJ27_BV13-1-CASSDGANSDYTF-BJ1-2,54.0,0,0,0,0,0,0,0,2,0,0,0,6,0
BL6-BALBc_HTxC,AV6-5-CALSEGGTGYQNFYF-AJ49_BV13-1-CASRDNYEQYF-BJ2-7,59.0,0,0,0,0,10,0,0,0,0,0,0,0,0
BL6-BALBc_HTxC,AV9-3-CAVSSDYANKMIF-AJ47_BV3-CASSSGTGGYEQYF-BJ2-7,148.0,0,0,1,0,1,1,2,0,0,200,0,1,1
BL6-BALBc_HTxC,AV8-1-CAPYQGGRALIF-AJ15_BV1-CTCSAGGYAEQFF-BJ2-1,196.0,2,6,1,0,0,0,1,0,0,1,1,1,0
BL6-BALBc_HTxC,AV10D-CAAVNNYAQGLTF-AJ26_BV13-1-CASSGTGNTEVFF-BJ1-1,111.0,0,2,0,14,1,0,1,1,0,1,2,1,0
BL6-BALBc_HTxC,AV12-2-CALTGGNNKLTF-AJ56_BV1-CTCSAGTGVGAETLYF-BJ2-3,166.0,0,0,0,0,0,1,0,0,0,1,1,9,0
BL6-BALBc_HTxC,AV3-4-CADSGGSNAKLTF-AJ42_BV13-1-CASSETANSDYTF-BJ1-2,27.0,0,0,0,0,0,0,0,14,0,0,0,0,0
BL6-BALBc_HTxC,AV6-6-CALGGDYGNEKITF-AJ48_BV19-CASSMRVSTEVFF-BJ1-1,168.0,1,0,0,4,0,1,1,1,7,0,44,7,0
BL6-BALBc_HTxC,AV7D-2-CAASGNNNNRIFF-AJ31_BV13-1-CASSDAGFEQYF-BJ2-7,718.0,6,2,6,6,2,2,1,6,2,3,9,2,0
BL6-BALBc_HTxC,AV13-1-CAMDNYAQGLTF-AJ26_BV13-2-CASGDPYEQYF-BJ2-7,1143.0,6,1,1,6,6,1,5,6,9,6,109,20,0
BL6-BALBc_HTxC,AV16D/DV11-CAMREGLGYKLTF-AJ9_BV13-2-CASGDGPVNQDTQYF-BJ2-5,217.0,0,0,0,19,0,2,0,0,0,0,0,2,0
BL6-BALBc_HTxC,AV16/DV11-CAMREFNNYAQGLTF-AJ26_BV4-CASSRTGGSQDTQYF-BJ2-5,17.0,0,0,0,0,0,0,0,2,0,0,0,0,0
BL6-BALBc_HTxC,AV16D/DV11-CAMREASSGSWQLIF-AJ22_BV13-2-CASGDPTGQEQYF-BJ2-7,56.0,0,0,0,29,0,0,0,0,0,2,0,0,0
BL6-BALBc_HTxC,AV16D/DV11-CAMREGSSGSWQLIF-AJ22_BV13-1-CASSDVGDEQYF-BJ2-7,31.0,0,0,0,0,1,22,0,0,0,0,0,2,0
BL6-BALBc_HTxC,AV7D-2-CAASMDYANKMIF-AJ47_BV13-3-CASSDRSEQYF-BJ2-7,765.0,0,0,0,12,0,1,1,0,0,1,1,1,0
BL6-BALBc_HTxC,AV16D/DV11-CAMREAETGGYKVVF-AJ12_BV13-2-CASGDSTGNSDYTF-BJ1-2,53.0,0,0,0,0,17,4,0,7,0,1,1,0,0
BL6-BALBc_HTxC,AV13D-3-CATYNRIFF-AJ31_BV13-1-CASSGDRGFAEQFF-BJ2-1,80.0,0,0,0,25,0,2,0,1,1,0,0,1,0
BL6-BALBc_HTxC,AV5-4-CAASDTGGADRLTF-AJ45_BV13-1-CASSLGQSNTEVFF-BJ1-1,33.0,0,0,0,0,1,0,2,1,0,0,11,0,0
BL6-BALBc_HTxC,AV6D-7-CALSDSSGYNKLTF-AJ11*p02_BV13-2-CASGDAWSSAETLYF-BJ2-3,183.0,0,0,2,1,4,1,0,0,0,5,2,2,1
BL6-BALBc_HTxC,AV16D/DV11-CAMREGNTGNYKYVF-AJ40_BV13-2-CASGDLYEQYF-BJ2-7,70.0,0,0,0,1,69,3,0,0,0,0,1,1,0
BL6-BALBc_HTxC,AV13-4/DV7-CAMEHSSGSWQLL-AJ22_BV4-CASSYGVQYF-BJ2-7,421.0,0,0,0,2,1,0,0,0,0,0,80,0,0
BL6-BALBc_HTxC,AV6-7/DV9-CALGDINAYKVIF-AJ30_BV19-CASSAGGAYAEQFF-BJ2-1,152.0,1,0,0,0,3,0,0,0,0,1,19,0,0
BL6-BALBc_HTxC,AV12D-2-CALSDRGSFNKLTF-AJ4_BV13-3-CASSGTGGEGEQFF-BJ2-1,79.0,0,0,0,0,0,0,0,0,0,0,2,0,0
BL6-BALBc_HTxC,AV16D/DV11-CAMRELTGNTRKLIF-AJ37*p02_BV13-3-CASSWTGSYNSPLYF-BJ1-6,67.0,0,0,23,0,0,0,0,0,0,0,2,1,0
BL6-BALBc_HTxC,AV4-3-CAASYQGGRALIF-AJ15_BV1-CTCSGTGGDTEVFF-BJ1-1,48.0,6,3,3,0,0,1,3,0,3,2,43,8,0
BL6-BALBc_HTxC,AV4-3-CADDSGYNKLTF-AJ11*p02_BV13-1-CASSRDNNQAPLF-BJ1-5,113.0,11,0,2,1,0,0,0,0,0,0,1,1,0
BL6-BALBc_HTxC,AV16D/DV11-CAMREASSGSWQLIF-AJ22_BV13-2-CASGDPTGQEQYF-BJ2-7,46.0,0,0,0,39,0,0,4,0,0,1,2,1,0
BL6-BALBc_HTxC,AV16D/DV11-CAMRADSGYNKLTF-AJ11*p02_BV16-CASSLDQGAITEVFF-BJ1-1,69.0,1,0,0,1,1,0,0,1,0,38,1,0,0
BL6-BALBc_HTxC,AV9-3-CAVPNYNVLYF-AJ21*p03_BV16-CASSLDLGGYEQYF-BJ2-7,90.0,1,0,105,1,1,0,0,0,0,2,1,1,0
BL6-BALBc_HTxC,AV7-3-CYTNTGKLTF-AJ27_BV13-2-CASGAGLGGREQYF-BJ2-7,370.0,3,0,5,2,1,0,0,0,0,0,1,1,0
BL6-BALBc_HTxC,AV3-1-CAVRGSSGSWQLIF-AJ22_BV4-CASSQSTQYF-BJ2-5,277.0,0,2,0,0,0,4,2,0,0,1,72,1,0
BL6-BALBc_HTxC,AV16D/DV11-CAMREGDSNYQLIW-AJ33_BV13-2-CASGGLVYEQYF-BJ2-7,324.0,1,0,1,11,9,1,1,2,0,0,0,0,1
BL6-BALBc_HTxC,AV8-2-CATDDNNAPRF-AJ43*p03_BV3-CASSLARDYEQYF-BJ2-7,122.0,2,1,1,0,1,3,0,0,0,78,2,0,0
BL6-BALBc_HTxC,AV19-CAANNAGAKLTF-AJ39_BV16-CASSLGWGRDAETLYF-BJ2-3,270.0,0,0,1,1,1,1,56,0,0,1,2,0,0
BL6-BALBc_HTxC,AV8-2-CATDLNNNNAPRF-AJ43*p03_BV1-CTCSATGEEVFF-BJ1-1,65.0,0,0,0,1,1,0,0,12,0,0,0,21,0
BL6-BALBc_HTxC,AV16D/DV11-CAMREGDSNYQLIW-AJ33_BV13-2-CASGEAGGTYEQYF-BJ2-7,87.0,0,0,3,18,23,0,0,0,1,2,4,0,0
BL6-BALBc_HTxC,AV7D-3-CAVSPSGSFNKLTF-AJ4_BV19-CASSIYRVNERLFF-BJ1-4,184.0,0,0,0,1,0,0,0,0,1,3,14,2,0
BL6-BALBc_HTxC,AV13D-4-CAMERDTNAYKVIF-AJ30_BV29-CASSLGTEYEQYF-BJ2-7,121.0,5,7,0,0,0,0,0,0,0,0,2,1,0
BL6-BALBc_HTxC,AV8-2-CATDIQGGRALIF-AJ15_BV3-CASSWGGADSDYTF-BJ1-2,106.0,30,0,0,0,3,0,0,0,0,1,2,1,0
BL6-BALBc_HTxC,AV10-CAASGGYQNFYF-AJ49_BV17-CASSRGGIGDTQYF-BJ2-5,375.0,0,0,0,7,9,1,1,3,1,4,6,2,0
BL6-BALBc_HTxC,AV6-6-CALGSNTDKVVF-AJ34*p03_BV14-CASRHRDEQYF-BJ2-7,105.0,0,0,0,0,2,7,53,0,0,0,0,0,0
BL6-BALBc_HTxC,AV12-3-CALSDTNAYKVIF-AJ30_BV3-CASSPDRDTEVFF-BJ1-1,251.0,14,0,0,0,0,0,0,0,0,0,1,0,0
BL6-BALBc_HTxC,AV8-1-CAGNYKYVF-AJ40_BV17-CASSPRGGTQYF-BJ2-5,67.0,4,3,0,2,1,2,2,3,0,2,17,3,0
BL6-BALBc_HTxC,AV13-1-CAMERGYQNFYF-AJ49_BV17-CASSDRYEQYF-BJ2-7,15.0,0,1,0,0,0,0,2,1,0,0,0,2,0
BL6-BALBc_HTxC,AV8-1-CAPYQGGRALIF-AJ15_BV1-CTCSAGGYAEQFF-BJ2-1,76.0,0,36,0,0,1,0,0,0,0,2,1,1,0
BL6-BALBc_HTxC,AV9-1-CAVSAYSNYQLIW-AJ33_BV1-CTCSADRVEQYF-BJ2-7,20.0,0,1,2,6,0,0,0,2,1,4,14,3,0
BL6-BALBc_HTxC,AV13-1-CAMEPGGNNKLTF-AJ56_BV13-3-CASSDRYEQYF-BJ2-7,61.0,0,0,0,0,0,14,0,0,0,5,44,0,0
BL6-BALBc_HTxC,AV8-2-CATEANTGKLTF-AJ52_BV13-1-CASSGGNYAEQFF-BJ2-1,1208.0,0,0,0,5,0,0,0,1,0,1,2,0,0
BL6-BALBc_HTxC,AV9D-2-CAGNYAQGLTF-AJ26_BV13-2-CASGDRNTEVFF-BJ1-1,41.0,0,0,0,0,57,0,0,0,0,0,0,1,0
BL6-BALBc_HTxC,AV6-5-CALSDLGYQNFYF-AJ49_BV1-CTCSVDWGSAETLYF-BJ2-3,141.0,0,0,0,4,1,0,0,0,0,5,0,6,0
BL6-BALBc_HTxC,AV6D-6-CALSRTGFASALTF-AJ35_BV29-CASSLGGSNERLFF-BJ1-4,82.0,1,0,0,3,0,0,1,0,0,0,11,0,0
BL6-BALBc_HTxC,AV9D-4-CALSDDYAQGLTF-AJ26_BV3-CASSLALSEQYF-BJ2-7,102.0,0,1,2,3,2,0,1,2,0,233,5,2,0
BL6-BALBc_HTxC,AV13-4/DV7-CAMEHSSGSWQLIF-AJ22_BV4-CASSYGVQYF-BJ2-7,20.0,0,0,0,0,0,0,0,0,0,1,24,1,0
BL6-BALBc_HTxC,AV16D/DV11-CAMREGVSAGNKLTF-AJ17*p02_BV13-1-CASSDVGAEQFF-BJ2-1,184.0,0,2,0,0,4,103,0,0,0,5,3,1,0
BL6-BALBc_HTxC,AV7-4-CAASEYGGSGNKLIF-AJ32_BV5-CASSPHWGQDTQYF-BJ2-5,276.0,2,0,1,1,3,2,0,0,0,2,1,200,0
BL6-BALBc_HTxC,AV7-5-CAMNTGYQNFYF-AJ49_BV13-2-CASGDVGDSDYTF-BJ1-2,37.0,0,0,0,0,1,0,0,0,0,0,0,0,0
BL6-BALBc_HTxC,AV16D/DV11-CAMREGTNTDKVVF-AJ34*p03_BV13-1-CASSPGHYEQYF-BJ2-7,544.0,0,0,0,1,2,1,0,0,0,1,70,1,0
BL6-BALBc_HTxC,AV16D/DV11-CAMREGYAQGLTF-AJ26_BV13-2-CASWDISGNTLYF-BJ1-3,25.0,1,0,1,6,0,3,0,0,0,0,4,3,0
BL6-BALBc_HTxC,AV6-6-CALGSNTDKVVF-AJ34*p03_BV14-CASRHRDEQYF-BJ2-7,465.0,1,1,0,0,2,6,92,0,0,2,3,2,0
BL6-BALBc_HTxC,AV4D-3-CAAENMGYKLTF-AJ9_BV31-CAWSQDNNQAPLF-BJ1-5,65.0,10,0,0,0,0,0,0,1,0,0,0,0,0
BL6-BALBc_HTxC,AV16D/DV11-CAMREASSGSWQLIF-AJ22_BV13-2-CASGDPTGQEQYF-BJ2-7,190.0,0,0,0,58,1,1,1,6,0,4,0,2,0
BL6-BALBc_HTxC,AV3D-3-CAVGAGNTRKLIF-AJ37*p02_BV13-2-CASGPSGGADTQYF-BJ2-5,61.0,0,0,0,0,0,0,0,8,0,1,0,0,0
BL6-BALBc_HTxC,AV12-2-CALSDLGSWQLIF-AJ22_BV16-CASSLGDREEVFF-BJ1-1,14.0,0,0,4,0,0,0,0,0,0,5,11,2,0
BL6-BALBc_HTxC,AV16D/DV11-CAMREGDVYKVIF-AJ30_BV13-1-CASSDVGAEQFF-BJ2-1,30.0,0,2,3,0,1,0,1,0,0,1,49,3,0
BL6-BALBc_HTxC,AV14D-3/DV8-CAASSSSGSWQLIF-AJ22_BV16-CASNWDPSYEQYF-BJ2-7,17.0,0,4,0,2,2,0,0,3,0,0,20,9,0
BL6-BALBc_HTxC,AV7-4-CAASEPNTDKVVF-AJ34*p03_BV17-CASSDRYEQYF-BJ2-7,17.0,0,1,0,0,0,1,0,0,0,1,0,1,0
BL6-BALBc_HTxC,AV14-1-CAASPGTGGYKVVF-AJ12_BV1-CTCSALRVSGNTLYF-BJ1-3,32.0,0,0,0,22,4,1,0,0,0,0,1,0,0
BL6-BALBc_HTxC,AV13D-1-CAMNQGGSAKLIF-AJ57_BV1-CTCSALNYAEQLF-BJ2-1,74.0,0,0,0,15,1,0,0,0,0,1,0,0,0
BL6-BALBc_HTxC,AV7D-3-CAVIGSGSWQLIF-AJ22_BV13-2-CASGEPQGANSPLYF-BJ1-6,917.0,0,0,1,0,2,23,2,0,0,3,5,0,0
BL6-BALBc_HTxC,AV6-6-CALGDTSGGSNYKLTF-AJ53_BV1-CTCSAVRANTGQLYF-BJ2-2,568.0,0,0,0,5,0,1,0,0,0,2,0,0,0
BL6-BALBc_HTxC,AV8D-1-CATDHRGSALGRLHF-AJ18_BV1-CTCSPTGGDTEVFF-BJ1-1,32.0,0,0,0,0,0,0,0,0,0,0,1,2,0
BL6-BALBc_HTxC,AV16D/DV11-CAMREVTGANTGKLTF-AJ52_BV1-CTCSVDRIQDTQYF-BJ2-5,116.0,0,0,0,2,0,1,0,0,0,0,1,0,0
BL6-BALBc_HTxC,AV7D-3-CADDSGYNKLTF-AJ11*p02_BV13-2-CASGDVGGPETLYF-BJ2-3,50.0,0,4,0,1,0,9,0,2,0,0,0,2,0
BL6-BALBc_HTxC,AV16D/DV11-CAMREGDSAGNKLTF-AJ17*p02_BV31-CAWRNQGARAEQFF-BJ2-1,44.0,0,0,0,1,45,0,0,2,0,1,1,1,0
BL6-BALBc_HTxC,AV3-3-CAVIPMNQGGSAKLIF-AJ57_BV13-1-CASSDRRGGGNTLYF-BJ1-3,69.0,1,0,0,0,0,0,0,0,1,0,19,1,0
BL6-BALBc_HTxC,AV16D/DV11-CAMREGETNAYKVIF-AJ30_BV2-CASSQDDRPSGNTLYF-BJ1-3,7.0,0,0,2,0,87,0,0,0,0,0,0,1,0
BL6-BALBc_HTxC,AV7-5-CAMSIPASSGSWQLIF-AJ22_BV5-CASSQEWGAPEQYF-BJ2-7,91.0,0,0,0,0,0,0,0,2,0,0,1,0,0
BL6-BALBc_HTxC,AV7D-3-CAVIGSGSWQLIF-AJ22_BV13-2-CASGEPQGANSPLYF-BJ1-6,799.0,0,0,1,1,2,33,0,1,0,2,1,1,0
BL6-BALBc_HTxC,AV16/DV11-CAMREGDSNYQLIW-AJ33_BV13-2-CASGVPTGTEVFF-BJ1-1,56.0,0,4,0,9,3,0,0,0,0,0,0,0,0
BL6-BALBc_HTxC,AV7-5-CAMRDYAQGLTF-AJ26_BV29-CASSLRDRAGNTLYF-BJ1-3,71.0,0,0,0,4,0,0,0,0,0,0,0,0,0
BL6-BALBc_HTxC,AV13-4/DV7-CAMESTGSKLSF-AJ58_BV13-1-CASLGAQQYF-BJ2-7,57.0,0,0,1,0,0,0,0,0,0,0,47,0,0
BL6-BALBc_HTxC,AV3-3-CAVSANTGNYKYVF-AJ40_BV13-1-CASSADWVYEQYF-BJ2-7,20.0,5,3,2,3,0,0,0,0,2,1,26,8,0
BL6-BALBc_HTxC,AV9-2-CAARGGSALGRLHF-AJ18_BV13-1-CASSDATRLGVNQDTQYF-BJ2-5,2.0,0,0,0,1,0,0,0,0,0,0,4,0,0
BL6-BALBc_HTxC,AV7D-2-CAASSGNTRKLIF-AJ37*p02_BV4-CASTTANTEVFF-BJ1-1,483.0,0,0,0,0,1,1,0,0,0,2,19,0,0
BL6-BALBc_HTxC,AV16D/DV11-CAIGTGGYKVVF-AJ12_BV13-2-CASGGAGNSDYTF-BJ1-2,141.0,0,0,0,43,0,1,1,0,0,4,0,0,0
BL6-BALBc_HTxC,AV14-1-CADNTGNYKYVF-AJ40_BV19-CASSISGTGGTNTGQLYF-BJ2-2,721.0,0,0,0,0,3,1,1,0,0,0,36,2,0
BL6-BALBc_HTxC,AV6D-6-CALSRTGFASALTF-AJ35_BV29-CASSLGGSNERLFF-BJ1-4,43.0,1,0,0,0,3,0,0,0,0,1,16,3,0
BL6-BALBc_HTxC,AV16D/DV11-CAMREGDAYKVIF-AJ30_BV13-2-CASGDRNTEVFF-BJ1-1,423.0,2,2,3,2,295,2,1,0,0,1,4,1,0
BL6-BALBc_HTxC,AV12D-1-CALRTGNTRKLIF-AJ37*p02_BV13-1-CASSDGTGVNSPLYF-BJ1-6,28.0,0,3,0,2,0,0,0,0,1,0,5,0,0
BL6-BALBc_HTxC,AV9-3-CAVSSDYANKMIF-AJ47_BV3-CASSSGTGGYEQYF-BJ2-7,97.0,1,0,0,0,1,0,0,0,0,14,1,1,0
BL6-BALBc_HTxC,AV5-1-CSASHTGGADRLTF-AJ45_BV19-CASSITRTGDGNTLYF-BJ1-3,41.0,0,1,1,0,0,0,2,0,1,0,11,0,0
BL6-BALBc_HTxC,AV19-CAAGDAGYQNFYF-AJ49_BV17-CASSRTGGSDYTF-BJ1-2,64.0,3,0,0,2,1,115,1,0,0,0,0,0,1
BL6-BALBc_HTxC,AV6D-7-CALSERAGNTRKLIF-AJ37*p02_BV13-2-CASGDINTEVFF-BJ1-1,237.0,0,0,0,2,3,3,0,4,0,2,166,1,0
BL6-BALBc_HTxC,AV13-2-CASRTGGNNKLTF-AJ56_BV13-1-CASSGLGDSYEQYF-BJ2-7,26.0,0,0,0,0,0,0,0,1,0,5,5,0,0
BL6-BALBc_HTxC,AV3-4-CADSGGSNAKLTF-AJ42_BV13-1-CASSETANSDYTF-BJ1-2,51.0,5,0,0,0,1,1,1,11,0,0,34,9,0
BL6-BALBc_HTxC,AV12D-3-CALSHSGYNKLTF-AJ11*p02_BV13-1-CASSGGALEQYF-BJ2-7,454.0,0,1,0,1,0,0,1,0,0,1,11,0,0
BL6-BALBc_HTxC,AV16D/DV11-CAMREASSGSWQLIF-AJ22_BV13-2-CASGDPTGQEQYF-BJ2-7,146.0,0,0,0,55,2,0,0,0,0,4,4,1,0
BL6-BALBc_HTxC,AV16D/DV11-CAMREGTYGNEKITF-AJ48_BV13-1-CASGGGLYAEQFF-BJ2-1,51.0,0,0,0,0,1,0,0,0,0,0,1,0,0
BL6-BALBc_HTxC,AV12D-1-CALSHNYAQGLTF-AJ26_BV1-CTCSAGGDYAEQFF-BJ2-1,48.0,1,0,0,0,0,6,6,0,0,1,1,0,0
BL6-BALBc_HTxC,AV16D/DV11-CAMREDTGYQNFYF-AJ49_BV19-CASTGTGSNYAEQFF-BJ2-1,1091.0,3,2,7,6,8,5,3,3,2,932,12,4,0
BL6-BALBc_HTxC,AV16D/DV11-CAMREDNAGAKLTF-AJ39_BV13-1-CASRDNYEQYF-BJ2-7,94.0,0,0,0,1,198,5,2,0,0,11,3,0,0
BL6-BALBc_HTxC,AV6D-6-CALSDFSNNRLTL-AJ7_BV13-3-CASRDRGEQYF-BJ2-7,58.0,0,0,0,20,0,26,0,2,0,1,1,0,0
BL6-BALBc_HTxC,AV8D-2-CATDDNNNAPRF-AJ43*p03_BV13-1-CASSDAGTDTEVFF-BJ1-1,15.0,0,0,0,1,0,0,0,5,0,1,3,0,0
BL6-BALBc_HTxC,AV10-CAASVDYANKMIF-AJ47_BV3-CASSWTVQDTQYF-BJ2-5,2758.0,2,1,2,0,1,3,1,1,2,239,2,4,0
BL6-BALBc_HTxC,AV6D-6-CALSDRENNNRIFF-AJ31_BV13-1-CASSDAGGQGQLYF-BJ2-2,132.0,1,0,0,0,0,0,0,7,0,2,0,1,0
BL6-BALBc_HTxC,AV16/DV11-CAMREGSSNTDKVVF-AJ34*p03_BV5-CASSQDLTNSDYTF-BJ1-2,90.0,0,0,0,3,0,0,0,0,0,1,62,0,0
BL6-BALBc_HTxC,AV7D-3-CADDSGYNKLTF-AJ11*p02_BV13-2-CASAGANSDYTF-BJ1-2,88.0,0,0,0,9,0,0,0,0,0,3,0,1,0
BL6-BALBc_HTxC,AV16D/DV11-CAMREGDSNYQLIW-AJ33_BV13-1-CASREINTEVFF-BJ1-1,31.0,0,0,0,0,69,0,1,1,3,0,3,0,0
BL6-BALBc_HTxC,AV7D-2-CAASMDYANKMIF-AJ47_BV13-1-CASSDAGYEQYF-BJ2-7,671.0,0,0,0,2,4,25,0,0,0,0,3,0,0
BL6-BALBc_HTxC,AV5D-4-CAASRGDYANKMIF-AJ47_BV13-1-CASSETANTEVFF-BJ1-1,208.0,0,9,0,0,0,0,8,1,1,4,3,3,0
BL6-BALBc_HTxC,AV16/DV11-CAMREDTGGADRLTF-AJ45_BV13-2-CASGDRGANSDYTF-BJ1-2,199.0,0,1,0,1,2,0,2,2,0,2,5,2,0
BL6-BALBc_HTxC,AV6-6-CALGSYGNEKITF-AJ48_BV13-1-CASSDAASNERLFF-BJ1-4,216.0,0,0,0,1,1,2,0,10,0,0,1,1,0
BL6-BALBc_HTxC,AV8D-2-CATSGSWQLIF-AJ22_BV1-CTCSAVGGEDERLFF-BJ1-4,114.0,0,4,0,0,1,1,1,4,1,2,30,6,0
BL6-BALBc_HTxC,AV13-1-CAMEDGTGYQNFYF-AJ49_BV5-CASSQQGNERLFF-BJ1-4,14.0,2,0,0,0,0,1,0,0,0,6,30,0,0
BL6-BALBc_HTxC,AV8-1-CATGANTGKLTF-AJ52_BV3-CASSPDWGTSAETLYF-BJ2-3,13.0,2,0,0,0,0,0,0,1,0,1,5,3,0
BL6-BALBc_HTxC,AV6-6-CALGDRGNTDKVVF-AJ34*p03_BV5-CASSPDWGDYEQYF-BJ2-7,83.0,0,0,0,0,3,1,0,0,0,0,20,1,0
BL6-BALBc_HTxC,AV5-1-CSASSGSWQLIF-AJ22_BV13-2-CASGEVGSNTEVFF-BJ1-1,106.0,0,0,1,0,0,1,0,1,0,0,10,1,0
BL6-BALBc_HTxC,AV16D/DV11-CAMREAGGYKVVF-AJ12_BV13-2-CASGDAGGKAEVFF-BJ1-1,1066.0,1,0,0,1,4,23,0,0,3,1,2,1,0
BL6-BALBc_HTxC,AV10D-CAASDSGYNKLTF-AJ11*p02_BV13-1-CASSGGVQNTLYF-BJ2-4,57.0,0,0,0,3,0,0,0,0,0,0,0,0,0
BL6-BALBc_HTxC,AV7-4-CAAPAQGGRALIF-AJ15_BV13-2-CASGAGLGGMEQYF-BJ2-7,97.0,0,1,0,0,0,1,23,1,0,0,0,1,0
BL6-BALBc_HTxC,AV7-4-CAASEYGGSGNKLIF-AJ32_BV5-CASSPHWGQDTQYF-BJ2-5,67.0,0,0,0,0,0,0,0,1,0,0,2,38,0
BL6-BALBc_HTxC,AV6-1-CVLGDDGGSGNKLIF-AJ32_BV5-CASSQDGGGRAETLYF-BJ2-3,17.0,3,0,0,3,0,2,0,1,6,1,23,2,0
BL6-BALBc_HTxC,AV16D/DV11-CAMREGQTGGYKVVF-AJ12_BV13-2-CASGENRANSDYTF-BJ1-2,76.0,0,0,1,0,0,17,119,0,0,0,0,1,0
BL6-BALBc_HTxC,AV4D-3-CAAENMGYKLTF-AJ9_BV31-CAWSSDNNQAPLF-BJ1-5,42.0,18,1,1,0,0,0,0,0,0,0,3,1,0
BL6-BALBc_HTxC,AV3-3-CAVSAPSSNTDKVVF-AJ34*p03_BV5-CASSPPQWNTEDFF-BJ1-1,22.0,0,0,0,1,1,1,0,0,0,0,0,35,2
BL6-BALBc_HTxC,AV16D/DV11-CAMREASSGSWQLIF-AJ22_BV13-2-CASGDPTGQEQYF-BJ2-7,103.0,4,0,0,152,2,0,1,0,0,9,1,2,1
BL6-BALBc_HTxC,AV3-4-CAVNTGYQNFYF-AJ49_BV13-3-CASSDVGQGDTQYF-BJ2-5,273.0,0,3,1,2,0,2,2,0,4,2,29,14,0
BL6-BALBc_HTxC,AV9D-4-CALSHNYAQGLTF-AJ26_BV31-CAWAGLGNQDTQYF-BJ2-5,87.0,0,0,0,2,1,1,21,0,0,0,3,0,0
BL6-BALBc_HTxC,AV5-1-CSANYGGSGNKLIF-AJ32_BV2-CASSPRASGNTLYF-BJ1-3,36.0,0,55,0,0,1,1,0,0,0,0,0,1,0
BL6-BALBc_HTxC,AV12-2-CALRGGSALGRLHF-AJ18_BV13-1-CASSDRDTEVFF-BJ1-1,84.0,2,2,0,3,1,1,0,0,1,3,13,0,0
BL6-BALBc_HTxC,AV14-2-CAAHTGYQNFYF-AJ49_BV17-CASSKTWGVNYAEQFF-BJ2-1,6.0,0,0,0,0,0,1,6,0,0,0,0,0,0
BL6-BALBc_HTxC,AV13-2-CAVGGLSGKLTF-AJ2_BV17-CASSRLGGDYAEQFF-BJ2-1,49.0,1,1,1,3,2,0,0,0,3,1,30,12,0
BL6-BALBc_HTxC,AV6-5-CALSDRGYQNFYF-AJ49_BV13-2-CASGDLGGLYEQYF-BJ2-7,143.0,0,0,0,1,7,0,1,0,0,1,0,0,0
BL6-BALBc_HTxC,AV12-3-CALSDTNAYKVIF-AJ30_BV3-CASSPDRDTEVFF-BJ1-1,140.0,2,0,0,0,0,0,0,1,0,0,0,0,0
BL6-BALBc_HTxC,AV9-3-CAVSENNNAGAKLTF-AJ39_BV1-CTCSAAWGDTQYF-BJ2-5,612.0,1,0,0,2,4,1,0,0,0,0,2,188,0
BL6-BALBc_HTxC,AV16D/DV11-CAMREGDSAGNKLTF-AJ17*p02_BV31-CAWRNQGARAEQFF-BJ2-1,17.0,0,0,0,5,25,0,0,0,0,0,2,2,0
BL6-BALBc_HTxC,AV16/DV11-CAMRSNTGYQNFYF-AJ49_BV13-1-CASSGLREQYF-BJ2-7,77.0,0,1,0,1,2,0,0,1,0,0,1,0,0
BL6-BALBc_HTxC,AV8-1-CATDGSSGSWQLIF-AJ22_BV4-CASTTANTEVFF-BJ1-1,627.0,0,0,0,2,5,0,1,2,1,1,408,2,0
BL6-BALBc_HTxC,AV3D-3-CAVGAGNTRKLIF-AJ37*p02_BV13-2-CASGPSGGADTQYF-BJ2-5,39.0,0,0,0,0,1,0,0,43,0,0,1,0,0
BL6-BALBc_HTxC,AV14-2-CAASSYTGNYKYVF-AJ40_BV13-1-CASSEHNSDYTF-BJ1-2,87.0,0,0,0,2,2,0,2,0,0,184,5,0,0
BL6-BALBc_HTxC,AV13D-2-CAIDANTGKLTF-AJ27_BV31-CAWSLWGNYAEQFF-BJ2-1,1077.0,0,0,0,0,1,6,0,0,0,0,2,0,0
BL6-BALBc_HTxC,AV6-6-CALGSNTDKVVF-AJ34*p03_BV14-CASRHRDEQYF-BJ2-7,71.0,0,0,0,0,2,3,53,0,0,1,0,0,0
BL6-BALBc_HTxC,AV16D/DV11-CAMRESNSGGSNAKLTF-AJ42_BV13-1-CASSGQGTETLYF-BJ2-3,62.0,0,0,1,1,26,0,0,0,1,0,0,2,0
BL6-BALBc_HTxC,AV16D/DV11-CAMREGDSNYQLIW-AJ33_BV13-2-CASGGLVYEQYF-BJ2-7,28.0,0,0,0,4,17,0,1,0,0,1,1,0,0
BL6-BALBc_HTxC,AV7D-3-CAVIGSGSWQLIF-AJ22_BV13-2-CASGEPQGANSPLYF-BJ1-6,41.0,0,0,0,1,0,25,0,0,0,0,2,0,0
BL6-BALBc_HTxC,AV7D-5-CAVSMPGANTGKLTF-AJ52_BV29-CASSSGRNSPLYF-BJ1-6,77.0,0,7,0,0,0,0,0,1,0,0,0,0,0
BL6-BALBc_HTxC,AV3-4-CADSGGSNAKLTF-AJ42_BV13-1-CASSETANSDYTF-BJ1-2,105.0,0,0,0,2,0,1,0,3,1,1,3,0,0
BL6-BALBc_HTxC,AV2-CIVTESSGSWQLIF-AJ22_BV16-CASSSGGTEVFF-BJ1-1,594.0,1,0,0,0,1,1,1,1,0,4,3,2,0
BL6-BALBc_HTxC,AV3-3-CAVKNTGNYKYVF-AJ40_BV13-3-CASSDRGRQNTLYF-BJ2-4,48.0,0,0,0,0,0,0,0,2,2,2,10,2,0
BL6-BALBc_HTxC,AV5-1-CSASLDYSNNRLTL-AJ7_BV1-CTCSAVRVSNERLFF-BJ1-4,384.0,0,0,0,6,1,0,0,2,0,0,2,0,0
BL6-BALBc_HTxC,AV6D-6-CALSDFSNNRLTL-AJ7_BV13-3-CASRDRGEQYF-BJ2-7,36.0,0,0,0,8,0,11,0,0,0,3,0,0,0
BL6-BALBc_HTxC,AV9-4-CAVASMDYANKMIF-AJ47_BV13-2-CASGDRLNTGQLYF-BJ2-2,107.0,0,0,0,0,0,0,0,1,0,0,0,94,0
BL6-BALBc_HTxC,AV4-3-CAADNNRIFF-AJ31_BV3-CASSPLDNANSDYTF-BJ1-2,45.0,0,2,0,0,1,0,0,3,0,3,3,0,0
BL6-BALBc_HTxC,AV16D/DV11-CAMREDSNYQLIW-AJ33_BV13-2-CASGDNYEQYF-BJ2-7,39.0,0,1,0,0,79,0,0,0,0,0,0,0,0
BL6-BALBc_HTxC,AV9-3-CAVSENNNAGAKLTF-AJ39_BV1-CTCSAAWGDTQYF-BJ2-5,67.0,0,0,0,0,0,2,0,0,0,2,1,27,0
BL6-BALBc_HTxC,AV16/DV11-CAMREGNSGGSNYKLTF-AJ53_BV13-1-CASTGVNTEVFF-BJ1-1,90.0,0,0,0,3,0,1,1,0,0,0,1,0,0
BL6-BALBc_HTxC,AV19-CAAALTGYQNFYF-AJ49_BV4-CASSRDWGGAAETLYF-BJ2-3,279.0,0,0,0,3,0,6,0,4,1,2,1,2,0
BL6-BALBc_HTxC,AV5-1-CSASTDYAQGLTF-AJ26_BV1-CTCSATGGQNTLYF-BJ2-4,58.0,0,0,0,25,0,0,0,1,0,1,0,0,0
BL6-BALBc_HTxC,AV16D/DV11-CAMREANSAGNKLTF-AJ17*p02_BV13-1-CASSDVSTEVFF-BJ1-1,645.0,1,0,0,1,0,58,0,0,0,2,4,2,0
BL6-BALBc_HTxC,AV6D-6-CALSEGMGYKLTF-AJ9_BV29-CASSTTVNYAEQFF-BJ2-1,76.0,2,0,0,1,4,12,3,3,0,0,1,0,0
BL6-BALBc_HTxC,AV4D-3-CAAENMGYKLTF-AJ9_BV31-CAWSQDNNQAPLF-BJ1-5,105.0,16,2,0,1,0,0,0,2,0,0,0,1,0
BL6-BALBc_HTxC,AV16D/DV11-CAMREGDSAGNKLTF-AJ17*p02_BV31-CAWRNQGARAEQFF-BJ2-1,26.0,0,0,0,4,9,0,0,0,0,4,18,0,0
BL6-BALBc_HTxC,AV7-3-CAAHGGSG-AJ32_BV17-CASSSGPYEQYF-BJ2-7,30.0,3,0,1,2,0,0,0,2,2,0,38,3,1
BL6-BALBc_HTxC,AV19-CAAGDAGYQNFYF-AJ49_BV17-CASSRTGGSDYTF-BJ1-2,12.0,0,0,0,0,0,3,0,1,0,0,0,0,0
BL6-BALBc_HTxC,AV7D-2-CAASSGNTRKLIF-AJ37*p02_BV13-2-CASGDLVGYAEQFF-BJ2-1,24.0,0,0,25,0,0,0,0,1,0,0,3,0,0
BL6-BALBc_HTxC,AV5-1-CSASSFASALTF-AJ35_BV1-CTCSADHERLFF-BJ1-4,84.0,0,0,2,20,3,3,0,0,0,2,1,10,0
BL6-BALBc_HTxC,AV16D/DV11-CAMREGSSGSWQLIF-AJ22_BV19-CASSITENTEVFF-BJ1-1,93.0,1,0,0,0,3,1,0,0,0,0,36,0,0
BL6-BALBc_HTxC,AV4-3-CAADQGGRALIF-AJ15_BV13-2-CASGWAPLGDYEQYF-BJ2-7,13.0,0,0,0,0,0,0,0,0,0,1,0,4,0
BL6-BALBc_HTxC,AV7-3-CADDSGYNKLTF-AJ11*p02_BV13-2-CASGDVGGQNTLYF-BJ2-4,463.0,0,0,0,0,0,99,0,0,0,3,3,1,0
BL6-BALBc_HTxC,AV7D-2-CAASKNYGNEKITF-AJ48_BV1-CTCSATDNSPLYF-BJ1-6,24.0,0,0,2,1,1,0,0,0,0,0,1,17,0
BL6-BALBc_HTxC,AV13-1-CAMESGGSNYKLTF-AJ53_BV1-CTCSALNYAEQFF-BJ2-1,50.0,0,1,0,21,1,1,0,0,0,1,0,1,0
BL6-BALBc_HTxC,AV16D/DV11-CAMRVNYGGSGNKLIF-AJ32_BV31-CAWRGQGGGNTEVFF-BJ1-1,25.0,1,7,0,1,1,0,0,0,2,0,5,1,0
BL6-BALBc_HTxC,AV6-6-CALGEKGGADRLTF-AJ45_BV3-CASSLARDYEQYF-BJ2-7,603.0,3,0,0,1,0,0,0,0,0,41,0,0,0
BL6-BALBc_HTxC,AV7-1-CAVINVGDNSKLIW-AJ38_BV1-CTCSATGTGDTEVFF-BJ1-1,171.0,0,0,0,0,0,0,0,0,0,0,1,11,0
BL6-BALBc_HTxC,AV13D-2-CAIDPNTGKLTF-AJ27_BV14-CASSSGNTLYF-BJ1-3,25.0,0,0,0,0,0,3,0,0,0,0,0,0,0
BL6-BALBc_HTxC,AV7D-2-CAASSGNTRKLIF-AJ37*p02_BV13-2-CASGDLVGYAEQFF-BJ2-1,110.0,0,0,38,0,0,1,0,0,0,0,0,0,0
BL6-BALBc_HTxC,AV16D/DV11-CAMREGTGYQNFYF-AJ49_BV13-1-CASSDHRGDQNTLYF-BJ2-4,278.0,19,1,0,1,8,3,1,7,2,6,2,4,0
BL6-BALBc_HTxC,AV10D-CAADTGYQNFYF-AJ49_BV13-1-CASSDVGGGDTLYF-BJ2-4,120.0,0,0,0,2,0,0,0,67,0,0,4,0,0
BL6-BALBc_HTxC,AV12-2-CALSDPPNYNVLYF-AJ21*p03_BV2-CASSQDAGRDERLFF-BJ1-4,27.0,0,0,0,0,0,0,0,0,1,1,15,0,0
BL6-BALBc_HTxC,AV19-CAAGDAGYQNFYF-AJ49_BV17-CASSRTGGSDYTF-BJ1-2,71.0,0,0,1,0,0,15,2,1,0,7,1,0,0
BL6-BALBc_HTxC,AV9D-4-CALSATNAYKVIF-AJ30_BV13-2-CASGDAAGKDTQYF-BJ2-5,144.0,0,0,1,0,0,1,1,0,0,1,9,1,0
BL6-BALBc_HTxC,AV8-1-CATDGSSGSWQLIF-AJ22_BV4-CASTTANTEVFF-BJ1-1,750.0,0,0,0,0,2,0,3,1,1,1,35,2,0
BL6-BALBc_HTxC,AV16D/DV11-CAMREGDSNYQLIW-AJ33_BV13-1-CASSEHNSDYTF-BJ1-2,55.0,0,0,0,11,3,7,0,0,0,0,1,0,0
BL6-BALBc_HTxC,AV6-7/DV9-CALGEGNNAPRF-AJ43*p03_BV2-CASSHRDTYNSPLYF-BJ1-6,220.0,2,0,0,0,0,2,0,0,0,1,3,0,0
BL6-BALBc_HTxC,AV6D-7-CALTHDTNAYKVIF-AJ30_BV3-CASSRDREISNERLFF-BJ1-4,221.0,0,0,0,9,5,2,0,0,2,2,0,3,0
BL6-BALBc_HTxC,AV5D-4-CAADYAQGLTF-AJ26_BV14-CASSFGTYEQYF-BJ2-7,42.0,0,10,0,0,0,0,3,3,0,0,1,2,0
BL6-BALBc_HTxC,AV9-4-CAVASMDYANKMIF-AJ47_BV13-2-CASGDRLNTGQLYF-BJ2-2,247.0,1,0,1,3,0,2,1,0,0,2,2,261,0
BL6-BALBc_HTxC,AV6-5-CALSDLGYQNFYF-AJ49_BV1-CTCSVDWGSAETLYF-BJ2-3,54.0,0,0,0,0,0,0,1,0,0,3,3,3,0
BL6-BALBc_HTxC,AV16D/DV11-CAMREGSSGSWQLIF-AJ22_BV13-1-CASSDVGDEQYF-BJ2-7,211.0,0,1,0,4,3,21,0,2,0,2,1,0,0
BL6-BALBc_HTxC,AV8-2-CATDDNNAPRF-AJ43*p03_BV3-CASSLARDYEQYF-BJ2-7,640.0,1,0,0,3,4,2,2,0,0,100,1,1,0
BL6-BALBc_HTxC,AV7D-3-CAVIGSGSWQLIF-AJ22_BV13-2-CASGEPQGANSPLYF-BJ1-6,57.0,0,0,0,1,0,42,2,1,0,0,1,1,0
BL6-BALBc_HTxC,AV4-3-CAADQGGRALIF-AJ15_BV13-2-CASGWAPLGDYEQYF-BJ2-7,129.0,0,1,0,0,0,0,2,0,3,0,1,1,0
BL6-BALBc_HTxC,AV16D/DV11-CAMREASSGSWQLIF-AJ22_BV4-CASSYGVQYF-BJ2-7,121.0,0,0,0,0,2,1,0,0,0,4,71,1,0
BL6-BALBc_HTxC,AV10D-CAAVNNYAQGLTF-AJ26_BV13-1-CASSGTGNTEVFF-BJ1-1,31.0,0,0,0,10,0,0,0,0,1,0,2,1,0
BL6-BALBc_HTxC,AV19-CAAVTGFASALTF-AJ35_BV13-2-CASGYRGTNQAPLF-BJ1-5,81.0,11,32,10,5,6,0,6,4,4,5,13,12,0
BL6-BALBc_HTxC,AV3-1-CAATYQGGRALIF-AJ15_BV13-1-CASSDGVTEVFF-BJ1-1,106.0,0,0,0,2,1,0,0,2,1,1,141,0,0
BL6-BALBc_HTxC,AV8-1-CATGANTGKLTF-AJ52_BV3-CASSPDWGTSAETLYF-BJ2-3,167.0,1,2,0,0,1,2,2,0,0,1,10,0,0
BL6-BALBc_HTxC,AV19-CAAGDAGYQNFYF-AJ49_BV17-CASSRTGGSDYTF-BJ1-2,1091.0,0,1,1,5,2,267,0,1,0,8,7,3,0
BL6-BALBc_HTxC,AV6-2-CVLGDPYAQGLTF-AJ26_BV29-CASSSGLNTEVFF-BJ1-1,176.0,0,0,0,1,1,0,1,1,0,0,11,0,0
BL6-BALBc_HTxC,AV19-CAANNAGAKLTF-AJ39_BV16-CASSLGWGRDAETLYF-BJ2-3,28.0,0,2,0,0,1,0,14,0,0,1,1,0,0
BL6-BALBc_HTxC,AV6-6-CALGENYAQGLTF-AJ26_BV13-3-CASSDLGFNQDTQYF-BJ2-5,32.0,0,0,0,0,0,0,0,2,0,0,13,2,0
BL6-BALBc_HTxC,AV6-1-CVLVTGFASALTF-AJ35_BV13-2-CASGDAREGGQNTLYF-BJ2-4,264.0,0,0,0,0,1,3,0,0,27,2,1,1,0
BL6-BALBc_HTxC,AV10D-CAAVNNYAQGLTF-AJ26_BV13-1-CASSGTGNTEVFF-BJ1-1,79.0,0,0,0,4,0,1,1,0,0,0,0,4,0
BL6-BALBc_HTxC,AV16D/DV11-CAMREANTGNYKYVF-AJ40_BV13-2-CASGDAVYEQYF-BJ2-7,432.0,0,3,2,0,2,9,1,182,1,2,1,1,0
BL6-BALBc_HTxC,AV8D-2-CATHNQGGRALIF-AJ15_BV13-3-CASSDAPGGSAEQFF-BJ2-1,20.0,2,0,0,0,0,0,0,0,1,0,1,14,0
BL6-BALBc_HTxC,AV8-1-CAPYQGGRALIF-AJ15_BV1-CTCSAGGYAEQFF-BJ2-1,54.0,0,57,0,1,1,0,0,0,0,0,0,0,0
BL6-BALBc_HTxC,AV6-6-CALGDTSGGSNYKLTF-AJ53_BV20-CGGLTGNEQYF-BJ2-7,922.0,0,1,2,28,1,0,1,1,0,3,1,0,0
BL6-BALBc_HTxC,AV19-CAAGDAGYQNFYF-AJ49_BV17-CASSRTGGSDYTF-BJ1-2,24.0,0,0,0,0,0,19,0,0,0,1,0,0,0
BL6-BALBc_HTxC,AV13D-1-CAMNQGGSAKLIF-AJ57_BV1-CTCSALNYAEQFF-BJ2-1,23.0,0,1,0,10,1,0,0,0,0,0,4,0,0
BL6-BALBc_HTxC,AV16D/DV11-CAMREANSAGNKLTF-AJ17*p02_BV13-1-CASSDVSTEVFF-BJ1-1,66.0,0,0,0,0,2,33,0,1,0,0,1,0,0
BL6-BALBc_HTxC,AV16D/DV11-CAMREEDSGTYQRF-AJ13_BV13-1-CASSERLGVSQNTLYF-BJ2-4,28.0,0,1,2,0,0,0,1,2,0,1,3,1,0
BL6-BALBc_HTxC,AV16D/DV11-CAMREANSAGNKLTF-AJ17*p02_BV13-1-CASSDVSTEVFF-BJ1-1,212.0,1,1,2,2,1,69,0,1,0,2,2,6,0
BL6-BALBc_HTxC,AV12D-1-CALSEKITF-AJ48_BV29-CASTSGLGDTQYF-BJ2-5,48.0,2,0,0,2,0,0,1,0,0,0,8,4,0
BL6-BALBc_HTxC,AV16D/DV11-CAMREASSGSWQLIF-AJ22_BV13-2-CASGDPTGQEQYF-BJ2-7,303.0,0,1,0,180,5,1,0,2,0,2,9,3,0
BL6-BALBc_HTxC,AV3-4-CAVRQGTGSKLSF-AJ58_BV14-CASSLGGYEQYF-BJ2-7,370.0,3,6,1,2,4,2,9,11,0,16,4,2,1
BL6-BALBc_HTxC,AV19-CAAGAQGGSAKLIF-AJ57_BV13-1-CASSDEYNNQAPLF-BJ1-5,119.0,0,0,0,0,3,1,1,0,0,4,2,127,0
BL6-BALBc_HTxC,AV13-1-CAMESGGSNYKLTF-AJ53_BV1-CTCSALNYAEQFF-BJ2-1,47.0,0,0,0,1,0,0,0,1,0,1,0,0,0
BL6-BALBc_HTxC,AV7D-2-CAATGNTRKLIF-AJ37*p02_BV13-2-CASGTGDYDEQFF-BJ2-1,39.0,0,0,0,0,28,0,0,0,0,0,1,0,0
BL6-BALBc_HTxC,AV6-1-CVLGDGTGGYKVVF-AJ12_BV1-CTCSADQSRENSPLYF-BJ1-6,203.0,0,0,1,0,0,2,0,0,0,4,7,3,0
BL6-BALBc_HTxC,AV16/DV11-CAMREGDQNFYF-AJ49_BV13-2-CASGDNYEQYF-BJ2-7,68.0,0,0,0,0,20,0,0,0,0,1,0,0,0
BL6-BALBc_HTxC,AV16D/DV11-CAMREASSGSWQLIF-AJ22_BV13-2-CASGDPTGQEQYF-BJ2-7,591.0,0,1,1,126,4,2,1,3,1,5,0,4,0
BL6-BALBc_HTxC,AV8-1-CAPDRGSALGRLHF-AJ18_BV1-CTCSATGTGDTEVFF-BJ1-1,46.0,0,0,0,0,1,0,1,0,0,1,0,10,0
BL6-BALBc_HTxC,AV16/DV11-CAMREANTGYQNFYF-AJ49_BV13-2-CASGDAPGNTLYF-BJ2-4,30.0,0,2,2,2,2,5,1,0,0,9,0,3,0
BL6-BALBc_HTxC,AV3D-3-CAVSRGGSGNKLIF-AJ32_BV13-1-CASSDSGENTLYF-BJ2-4,212.0,0,2,7,7,5,5,1,9,4,5,112,10,2
BL6-BALBc_HTxC,AV16/DV11-CAMKATGNTRKLIF-AJ37*p02_BV13-2-CASGDVGENTLYF-BJ2-4,58.0,0,0,0,0,0,0,0,0,14,1,1,1,0
BL6-BALBc_HTxC,AV14-1-CAASADNVLYF-AJ21*p03_BV13-3-CASRDRGEQYF-BJ2-7,179.0,1,0,1,1,1,0,1,0,0,4,1,3,0
BL6-BALBc_HTxC,AV6-6-CALGSYGNEKITF-AJ48_BV13-1-CASSDAASNERLFF-BJ1-4,95.0,0,0,1,0,0,0,0,6,0,1,0,1,0
BL6-BALBc_HTxC,AV3-4-CAVSGDYANKMIF-AJ47_BV14-CASSTGTGDTGQLYF-BJ2-2,78.0,0,0,0,0,0,10,0,0,0,24,2,0,0
BL6-BALBc_HTxC,AV16/DV11-CAMKATGNTRKLIF-AJ37*p02_BV13-2-CASGDVGENTLYF-BJ2-4,60.0,0,0,0,0,1,0,0,0,11,1,1,0,0
BL6-BALBc_HTxC,AV9-3-CAVSENNNAGAKLTF-AJ39_BV1-CTCSAAWGDTQYF-BJ2-5,162.0,0,0,0,1,4,1,0,1,0,4,4,177,0
BL6-BALBc_HTxC,AV16D/DV11-CAMREAGGYKVVF-AJ12_BV13-2-CASGDAGGKAEVFF-BJ1-1,162.0,0,0,0,0,3,42,1,0,0,0,1,1,0
BL6-BALBc_HTxC,AV7-3-CASPNTGYQNFYF-AJ49_BV1-CTCSAGGDYAEQFF-BJ2-1,44.0,0,0,0,0,1,6,11,0,0,0,0,0,0
BL6-BALBc_HTxC,AV8-1-CATERDTNTGKLTF-AJ27_BV12-1-CASSLGTGGYEQYF-BJ2-7,68.0,0,2,67,1,0,0,0,1,0,0,0,1,0
BL6-BALBc_HTxC,AV14-1-CAASPGTGGYKVVF-AJ12_BV1-CTCSALRVSGNTLYF-BJ1-3,162.0,0,0,0,33,0,0,0,0,1,3,1,0,0
BL6-BALBc_HTxC,AV19-CAAGFGDNSKLIW-AJ38_BV14-CASRDRVEQYF-BJ2-7,412.0,0,0,5,4,0,8,0,1,3,0,2,0,0
BL6-BALBc_HTxC,AV19-CAAGTGYQNFYF-AJ49_BV13-3-CASSDRQGEQYF-BJ2-7,16.0,0,0,0,22,0,0,0,0,0,0,0,0,0
BL6-BALBc_HTxC,AV6-1-CVLGDDGGSGNKLIF-AJ32_BV5-CASSQDGGGRAETLYF-BJ2-3,47.0,0,1,1,0,1,0,0,1,0,1,18,1,0
BL6-BALBc_HTxC,AV3-4-CAVSAGTGGADRLTF-AJ45_BV17-CASSPGQANTGQLYF-BJ2-2,1273.0,9,1,1,2,6,0,0,0,3,5,21,4,0
BL6-BALBc_HTxC,AV16D/DV11-CAMREGQTGGYKVVF-AJ12_BV13-2-CASGENRANSDYTF-BJ1-2,45.0,0,0,0,1,2,10,29,1,0,1,3,0,0
BL6-BALBc_HTxC,AV13D-2-CAIEDKGYQNFYF-AJ49_BV16-CASSSDWGAEQYF-BJ2-7,29.0,0,0,0,10,1,1,1,3,0,0,0,2,0
BL6-BALBc_HTxC,AV3-3-CAVSVYGGSGNKLIF-AJ32_BV17-CASSRGQFNQDTQYF-BJ2-5,194.0,1,0,0,2,2,3,0,4,0,0,1,57,0
BL6-BALBc_HTxC,AV16D/DV11-CAMREVTGANTGKLTF-AJ52_BV1-CTCSVDRIQDTQYF-BJ2-5,44.0,0,0,0,10,0,0,0,0,0,1,1,0,0
BL6-BALBc_HTxC,AV6-1-CVLGDTNAYKVIF-AJ30_BV14-CASTPTGGNYAEQFF-BJ2-1,40.0,2,1,3,7,4,3,14,5,1,3,17,2,0
BL6-BALBc_HTxC,AV12-2-CALSDRGNTDKVVF-AJ34*p03_BV5-CASSQGWADTEVFF-BJ1-1,48.0,3,1,0,6,0,0,0,0,2,1,41,6,0
BL6-BALBc_HTxC,AV8-2-CATDIQGGRALIF-AJ15_BV3-CASSWGGADSDYTF-BJ1-2,51.0,22,0,0,0,0,0,0,0,0,2,1,0,0
BL6-BALBc_HTxC,AV10D-CAAVNNYAQGLTF-AJ26_BV13-1-CASSGTGNTEVFF-BJ1-1,45.0,0,0,0,11,0,0,1,0,0,0,0,0,0
BL6-BALBc_HTxC,AV16D/DV11-CAMREAGGYKVVF-AJ12_BV13-1-CASSDAGYEQYF-BJ2-7,635.0,0,0,0,0,2,31,1,2,0,0,0,0,0
BL6-BALBc_HTxC,AV7D-4-CAASDRSGSWQLIF-AJ22_BV13-1-CASSDVGYEQYF-BJ2-7,113.0,1,0,0,2,1,53,1,0,0,1,4,0,0
BL6-BALBc_HTxC,AV13-1-CAMESGFASALTF-AJ35_BV13-1-CASSPLRAGNTLYF-BJ1-3,71.0,0,0,0,32,1,0,0,1,0,2,7,1,0
BL6-BALBc_HTxC,AV10-CAAALDYANKMIF-AJ47_BV13-3-CASSERAEQFF-BJ2-1,1197.0,1,0,0,23,1,1,1,0,0,1,0,2,0
BL6-BALBc_HTxC,AV6-6-CALGDSNYQLIW-AJ33_BV13-3-CASRDRVSYEQYF-BJ2-7,87.0,0,0,0,0,0,6,0,0,0,0,0,13,0
BL6-BALBc_HTxC,AV16D/DV11-CAMREDTGYQNFYF-AJ49_BV13-2-CASGDLPGQDTQYF-BJ2-5,165.0,1,0,2,1,3,0,2,1,0,28,14,3,0
BL6-BALBc_HTxC,AV16/DV11-CAMREGGGGSNAKLTF-AJ42_BV19-CASSIDRVGDTQYF-BJ2-5,275.0,0,0,2,3,0,1,2,0,1,1,0,1,0
BL6-BALBc_HTxC,AV7-4-CAARDSNYQLIW-AJ33_BV17-CASSSPRNYYAEQFF-BJ2-1,26.0,0,0,0,11,0,0,0,0,0,0,0,0,0
BL6-BALBc_HTxC,AV9-2-CAASLWDTNAYKVIF-AJ30_BV13-2-CASSGGGQNTLYF-BJ2-4,212.0,0,0,0,1,0,2,0,2,5,1,7,1,0
BL6-BALBc_HTxC,AV16/DV11-CAMREDTGYQNFYF-AJ49_BV13-1-CASGGVYEQYF-BJ2-7,142.0,0,0,1,11,1,1,1,1,0,145,2,0,0
BL6-BALBc_HTxC,AV13-4/DV7-CVRATGGNNKLTF-AJ56_BV29-CASSTTVNYAEQFF-BJ2-1,135.0,0,0,0,2,1,13,0,1,0,1,0,0,0
BL6-BALBc_HTxC,AV19-CAAGDAGYQNFYF-AJ49_BV17-CASSRTGGSDYTF-BJ1-2,56.0,0,0,0,1,4,25,0,2,0,2,4,0,1
BL6-BALBc_HTxC,AV8D-1-CATDGSALGRLHF-AJ18_BV1-CTCSATAGDTEVFF-BJ1-1,98.0,0,1,0,0,2,1,1,0,0,1,1,33,0
BL6-BALBc_HTxC,AV16/DV11-CAMREFNNYAQGLTF-AJ26_BV4-CASSRTGGSQDTQYF-BJ2-5,219.0,1,0,0,0,0,1,0,18,1,1,1,0,0
BL6-BALBc_HTxC,AV8D-2-CATDADSGTYQRF-AJ13_BV13-2-CASGDAQGNTEVFF-BJ1-1,56.0,0,0,1,1,1,1,2,3,5,1,18,3,0
BL6-BALBc_HTxC,AV16D/DV11-CAMREDTGYQNFYF-AJ49_BV19-CSSTGTGPNYAEQLF-BJ2-1,43.0,0,0,0,5,5,1,0,1,0,134,0,0,0
BL6-BALBc_HTxC,AV3-1-CAVSHQGGRALIF-AJ15_BV13-3-CASTGGPENTLYF-BJ2-4,1361.0,0,0,0,3,1,0,0,1,0,3,1,4,0
BL6-BALBc_HTxC,AV8-2-CATEANTGKLTF-AJ52_BV13-1-CASSGGNYAEQFF-BJ2-1,332.0,1,0,1,5,3,3,1,3,1,2,1,2,1
BL6-BALBc_HTxC,AV6-6-CALGDSNYQLIW-AJ33_BV14-CASSPLGGRNYAEQFF-BJ2-1,98.0,0,0,0,0,5,130,0,0,0,0,1,0,0
BL6-BALBc_HTxC,AV8-2-CATDLNNNNAPRF-AJ43*p03_BV1-CTCSATGEEVFF-BJ1-1,24.0,0,0,0,0,0,7,0,5,1,0,3,10,0
BL6-BALBc_HTxC,AV3-3-CAVSMYQGGRALIF-AJ15_BV29-CASSPGTTNTEVFF-BJ1-1,25.0,1,0,0,20,0,1,0,1,1,0,1,0,0
BL6-BALBc_HTxC,AV16D/DV11-CAMREDTNTGKLTF-AJ27_BV13-1-CASSDGANSDYTF-BJ1-2,96.0,0,0,0,0,2,0,0,0,0,1,1,44,0
BL6-BALBc_HTxC,AV8D-2-CATDANSGTYQRF-AJ13_BV29-CASSFRAGEQYF-BJ2-7,46.0,0,0,0,0,0,1,0,0,2,0,0,2,0
BL6-BALBc_HTxC,AV13D-1-CAMNQGGSAKLIF-AJ57_BV1-CTCSALNYAEQFF-BJ2-1,218.0,1,0,0,26,0,1,0,1,0,3,0,0,0
BL6-BALBc_HTxC,AV3D-3-CAVGAGNTRKLIF-AJ37*p02_BV13-2-CASGPSGGADTQYF-BJ2-5,4.0,0,0,0,0,0,2,0,3,0,0,0,0,0
BL6-BALBc_HTxC,AV9-3-CAVSSDYANKMIF-AJ47_BV3-CASSSGTGGYEQYF-BJ2-7,547.0,0,0,1,1,2,1,0,2,0,19,2,3,0
BL6-BALBc_HTxC,AV4D-4-CAVGTGGYKVVF-AJ12_BV13-1-CASSDEDSQDTQYF-BJ2-5,271.0,0,1,0,4,0,0,0,0,0,1,0,3,0
BL6-BALBc_HTxC,AV7-3-CASPNTGYQNFYF-AJ49_BV13-2-CASGGWGSQNTLYF-BJ2-4,21.0,0,0,0,0,27,0,0,0,0,0,0,0,0
BL6-BALBc_HTxC,AV3-3-CAVSMYQGGRALIF-AJ15_BV29-CASSPGTTNTEVFF-BJ1-1,858.0,4,6,2,138,5,1,2,2,0,3,5,5,0
BL6-BALBc_HTxC,AV4D-3-CAAENMGYKLTF-AJ9_BV31-CAWSSDNNQAPLF-BJ1-5,68.0,22,0,1,0,1,0,0,1,0,0,1,0,0
BL6-BALBc_HTxC,AV9-3-CAVSENNNAGAKLTF-AJ39_BV1-CTCSAAWGDTQYF-BJ2-5,162.0,0,1,0,0,0,0,0,1,0,2,2,207,1
BL6-BALBc_HTxC,AV5-1-CSATYATSSGQKLVF-AJ16*p02_BV13-1-CASSPGTGGEQYF-BJ2-7,331.0,1,0,2,92,3,3,0,2,0,4,1,3,0
BL6-BALBc_HTxC,AV3-1-CAVSADNVLYF-AJ21*p03_BV1-CTCSAVRVPGNTLYF-BJ1-3,39.0,0,0,0,8,1,0,1,0,0,0,0,1,0
BL6-BALBc_HTxC,AV14-1-CAASPGTGGYKVVF-AJ12_BV1-CTCSALRVSGNTLYF-BJ1-3,1.0,0,0,0,2,0,0,0,0,0,0,0,0,0
BL6-BALBc_HTxC,AV4-4/DV10-CAAEDTGGADRLTF-AJ45_BV1-CTCSAVGTANSDYTF-BJ1-2,83.0,0,0,0,8,0,0,0,0,0,1,0,1,0
BL6-BALBc_HTxC,AV7D-3-CAVEGNAGAKLTF-AJ39_BV13-1-CASSDDGGREQYF-BJ2-7,102.0,0,0,0,1,1,0,0,0,0,3,23,4,0
BL6-BALBc_HTxC,AV16D/DV11-CAMREGVSAGNKLTF-AJ17*p02_BV13-1-CASSDVGAEQFF-BJ2-1,40.0,3,12,5,4,0,51,0,2,12,7,22,14,0
BL6-BALBc_HTxC,AV7-3-CAVNYAQGLTF-AJ26_BV13-1-CASSDLLGGREQYF-BJ2-7,35.0,1,0,1,0,1,0,1,0,4,1,12,4,0
BL6-BALBc_HTxC,AV12-3-CALRSASSSFSKLVF-AJ50_BV17-CASSDRYEQYF-BJ2-7,96.0,0,0,0,0,0,1,8,0,0,0,0,0,0
BL6-BALBc_HTxC,AV7-3-CAVSIAGSWQLIF-AJ22_BV13-1-CASSDAGYEQYF-BJ2-7,62.0,0,1,0,2,1,101,1,1,2,5,1,2,0
BL6-BALBc_HTxC,AV9D-3-CAVSADMGYKLTF-AJ9_BV13-2-CASGENTGQLYF-BJ2-2,466.0,0,0,0,0,1,0,0,2,0,2,101,0,2
BL6-BALBc_HTxC,AV16D/DV11-CAMREMDSNYQ-AJ33_BV13-1-CASSDNYEQYF-BJ2-7,102.0,0,5,0,2,162,5,0,2,0,2,4,3,0
BL6-BALBc_HTxC,AV8-2-CATDDNNAPRF-AJ43*p03_BV3-CASSLARDYEQYF-BJ2-7,729.0,4,3,0,1,0,2,0,2,0,235,2,2,0
BL6-BALBc_HTxC,AV1-CAVRDEGGRALIF-AJ15_BV13-2-CASGDGTISGNTLYF-BJ1-3,85.0,0,0,0,1,35,0,2,0,0,0,2,0,0
BL6-BALBc_HTxC,AV9-1-CAVSAYSNYQLTW-AJ33_BV1-CTCSADRVEQYF-BJ2-7,42.0,2,2,3,5,2,1,3,4,6,5,45,19,0
BL6-BALBc_HTxC,AV4-2-CAAEARNVGDNSKLIW-AJ38_BV14-CASSFGGTGVYEQYF-BJ2-7,46.0,2,0,0,3,0,0,2,1,0,0,6,1,0
BL6-BALBc_HTxC,AV6D-6-CALSDFSNNRLTL-AJ7_BV13-3-CASRDRGEQYF-BJ2-7,113.0,0,2,1,39,2,102,1,0,1,1,2,0,0
BL6-BALBc_HTxC,AV7-5-CAMSIPASSGSWQLIF-AJ22_BV5-CASSQEWGAPEQYF-BJ2-7,796.0,1,0,0,0,1,1,0,28,0,0,0,0,0
BL6-BALBc_HTxC,AV7-3-CAVSIAGSWQLIF-AJ22_BV13-1-CASSDAGYEQYF-BJ2-7,492.0,0,0,0,0,2,92,2,1,0,5,4,2,0
BL6-BALBc_HTxC,AV6D-5-CALGGNNYAQGLTF-AJ26_BV5-CASSQVGTANTEVFF-BJ1-1,54.0,0,0,0,1,0,0,0,0,0,0,1,1,0
BL6-BALBc_HTxC,AV9D-4-CALSANMGYKLTF-AJ9_BV13-1-CASSEGTGGIYEQYF-BJ2-7,61.0,1,0,0,0,0,0,0,0,0,1,0,7,0
BL6-BALBc_HTxC,AV16D/DV11-CAMREDSNYQLIW-AJ33_BV5-CASSQDYWGGGDTQYF-BJ2-5,229.0,0,0,3,1,4,0,0,33,0,0,5,0,0
BL6-BALBc_HTxC,AV8D-1-CATDGSALGRLHF-AJ18_BV1-CTCSATAGDTEVFF-BJ1-1,5.0,0,0,0,1,0,0,0,0,0,1,0,4,0
BL6-BALBc_HTxC,AV16/DV11-CAMKATGNTRKLIF-AJ37*p02_BV17-CASSRTGGSDYTF-BJ1-2,234.0,1,0,0,1,0,0,0,0,14,1,1,4,0
BL6-BALBc_HTxC,AV16/DV11-CAMREGHYNVLLL-AJ21*p03_BV13-2-CASGDGGGPYEQYF-BJ2-7,91.0,8,2,0,0,1,0,2,0,1,4,33,5,0
BL6-BALBc_HTxC,AV7D-2-CAASRDMGYKLTF-AJ9_BV13-2-CASGDVGGQNTLYF-BJ2-4,121.0,0,0,0,1,0,2,0,1,0,1,0,0,0
BL6-BALBc_HTxC,AV3-1-CAVSDQGGRALIF-AJ15_BV13-2-CASGTGGENTLYF-BJ2-4,51.0,0,0,0,1,0,0,0,0,0,0,1,6,0
BL6-BALBc_HTxC,AV13-1-CAMESSNTDKVVF-AJ34*p03_BV31-CAWSLWGNYAEQFF-BJ2-1,17.0,0,0,3,5,1,0,0,0,0,0,3,6,0
BL6-BALBc_HTxC,AV3-1-CAVIASSGSWQLIF-AJ22_BV4-CTSSSLYEQYF-BJ2-7,112.0,0,0,1,0,1,0,0,0,0,1,150,3,0
BL6-BALBc_HTxC,AV16D/DV11-CAMREGMGYKLTF-AJ9_BV13-2-CASGDPGGNQAPLF-BJ1-5,526.0,0,0,0,34,9,4,0,0,0,0,0,2,2
BL6-BALBc_HTxC,AV14-2-CAASLDYANKMIF-AJ47_BV13-1-CASSGGQDYEQYF-BJ2-7,18.0,0,0,1,0,0,0,0,0,0,0,0,0,0
BL6-BALBc_HTxC,AV8D-1-CADQGGRALIF-AJ15_BV1-CTCSADTKETLYF-BJ2-3,42.0,0,0,0,1,0,0,0,0,0,0,0,0,1
BL6-BALBc_HTxC,AV6-6-CALASFSNTDKVVF-AJ34*p03_BV13-3-CASSDVRDGNTLYF-BJ1-3,38.0,1,0,0,25,1,0,0,0,0,1,5,0,0
BL6-BALBc_HTxC,AV4-3-CAAESMQQGTGSKLSF-AJ58_BV17-CASSPGTANTEVFF-BJ1-1,42.0,1,0,2,3,7,4,4,4,0,3,8,4,0
BL6-BALBc_HTxC,AV8-1-CAPYQGGRALIF-AJ15_BV1-CTCSAGGYAEQFF-BJ2-1,72.0,0,3,0,0,0,0,0,0,0,0,0,0,0
BL6-BALBc_HTxC,AV2-CIVTDRGSALGRLHF-AJ18_BV29-CASSSGTSNSDYTF-BJ1-2,35.0,0,1,3,1,0,1,5,0,9,2,62,18,0
BL6-BALBc_HTxC,AV16D/DV11-CAMREGSSGSWQLIF-AJ22_BV13-1-CASSDVGDEQYF-BJ2-7,210.0,0,0,0,0,2,121,0,0,0,1,2,1,0
BL6-BALBc_HTxC,AV7D-4-CAASSNTDKVVF-AJ34*p03_BV13-1-CASSDVGAEQFF-BJ2-1,104.0,3,1,5,3,0,2,4,0,6,0,26,12,0
BL6-BALBc_HTxC,AV13-1-CAMESGFASALTF-AJ35_BV13-1-CASSPLRAGNTLYF-BJ1-3,22.0,0,0,0,5,0,0,0,0,0,1,0,0,0
BL6-BALBc_HTxC,AV10D-CAAVNNYAQGLTF-AJ26_BV13-1-CASSGTGNTEVFF-BJ1-1,186.0,0,0,0,4,0,1,0,0,0,0,2,0,0
BL6-BALBc_HTxC,AV8-2-CATEANTGKLTF-AJ52_BV13-1-CASSGGNYAEQFF-BJ2-1,1702.0,1,0,1,8,4,1,0,0,0,2,1,0,0
BL6-BALBc_HTxC,AV8D-2-CATSGSWQLIF-AJ22_BV1-CTCSAVGGEDERLFF-BJ1-4,52.0,1,1,0,3,1,0,0,1,1,1,4,1,0
BL6-BALBc_HTxC,AV8-2-CATDIQGGRALIF-AJ15_BV3-CASSWGGADSDYTF-BJ1-2,16.0,7,0,1,0,1,0,0,0,0,0,0,1,0
BL6-BALBc_HTxC,AV10-CAATNTGNYKYVF-AJ40_BV13-2-CASGELGGYAEQFF-BJ2-1,348.0,0,0,0,0,0,1,0,16,0,0,0,0,0
BL6-BALBc_HTxC,AV5-4-CAATGNYKYVF-AJ40_BV13-1-CASSGGQTEVFF-BJ1-1,67.0,3,0,0,2,0,0,0,1,0,0,89,1,0
BL6-BALBc_HTxC,AV16D/DV11-CAMREGDSNYQLIW-AJ33_BV13-2-CASGEAGGTYEQYF-BJ2-7,58.0,0,1,3,1,9,1,0,2,0,2,0,0,0
BL6-BALBc_HTxC,AV10D-CAADYANKMIF-AJ47_BV13-2-CASGDRANTGQLYF-BJ2-2,163.0,0,0,0,0,0,0,0,0,0,0,1,62,0
BL6-BALBc_HTxC,AV9-1-CAVSAYSNYQLIW-AJ33_BV1-CTCSADRVEQYF-BJ2-7,113.0,3,0,0,0,1,0,1,1,1,2,16,0,0
BL6-BALBc_HTxC,AV7D-3-CAVSLNTGNYKYVF-AJ40_BV2-CASSPRWASAEQFF-BJ2-1,24.0,3,1,0,4,0,1,0,0,0,0,15,0,0
BL6-BALBc_HTxC,AV16D/DV11-CAMREDNAGAKLTF-AJ39_BV2-CASSQDHVSNERLFF-BJ1-4,135.0,0,0,0,3,2,1,1,298,0,5,1,1,0
BL6-BALBc_HTxC,AV9-3-CAVSENNNAGAKLTF-AJ39_BV1-CTCSAAWGDTQYF-BJ2-5,226.0,2,0,0,0,1,1,0,0,0,0,4,65,0
BL6-BALBc_HTxC,AV8-2-CATEANTGKLTF-AJ52_BV13-1-CASSGGNYAEQFF-BJ2-1,464.0,0,1,1,5,1,0,0,0,0,0,2,0,0
BL6-BALBc_HTxC,AV5-4-CAATGNYKYVF-AJ40_BV13-2-CASGGRTGASYEQYF-BJ2-7,60.0,2,0,0,69,2,0,1,1,0,0,0,1,0
BL6-BALBc_HTxC,AV14-2-CAATSSGQKLVF-AJ16*p02_BV13-3-CASSEAGVTEVFF-BJ1-1,110.0,0,0,0,0,1,48,0,0,0,0,1,0,0
BL6-BALBc_HTxC,AV16/DV11-CAMREAFSGGSNAKLTF-AJ42_BV13-2-CASGDSYEQYF-BJ2-7,24.0,0,0,0,0,80,1,0,1,0,1,1,0,0
BL6-BALBc_HTxC,AV7D-2-CAASSGNTRKLIF-AJ37*p02_BV13-2-CASGDLVGYAEQFF-BJ2-1,370.0,0,1,35,1,1,2,1,0,0,1,2,0,0
BL6-BALBc_HTxC,AV3-4-CADHTGGADRLTF-AJ45_BV16-CASSLTGGAGYEQYF-BJ2-7,43.0,2,0,0,0,0,1,0,1,0,0,5,0,0
BL6-BALBc_HTxC,AV9-4-CAVASMDYANKMIF-AJ47_BV13-2-CASGDRLNTGQLYF-BJ2-2,33.0,0,0,0,0,0,0,4,0,0,0,0,51,0
BL6-BALBc_HTxC,AV7-1-CLDTNAYKVIF-AJ30_BV13-2-CASGEGLGGYAEQFF-BJ2-1,28.0,1,2,0,0,0,0,0,19,0,2,0,0,1
BL6-BALBc_HTxC,AV14-2-CAASSNTGYQNFYF-AJ49_BV14-CASSFNLGGYEQYF-BJ2-7,376.0,0,0,0,1,2,13,0,2,0,4,1,0,0
BL6-BALBc_HTxC,AV6-4-CALVESNNRLTL-AJ7_BV13-1-CASSDAGYEQYF-BJ2-7,485.0,0,1,0,1,1,59,1,0,0,2,2,3,0
BL6-BALBc_HTxC,AV16D/DV11-CAMREGETNAYKVIF-AJ30_BV2-CASSQDDRPSGNTLYF-BJ1-3,18.0,0,0,0,0,24,0,0,1,0,1,1,0,0
BL6-BALBc_HTxC,AV10-CAATGGGSAKLIF-AJ57_BV17-CASSPGSYNSPLYF-BJ1-6,26.0,2,2,0,0,0,0,1,0,0,1,12,5,0
BL6-BALBc_HTxC,AV16/DV11-CAMREANTGYQNFYF-AJ49_BV13-2-CASGDGGSGNTLYF-BJ1-3,89.0,0,0,0,0,0,15,0,1,0,0,0,0,0
BL6-BALBc_HTxC,AV16/DV11-CAMREDQGGSAKLIF-AJ57_BV31-CAWGGNTGQLYF-BJ2-2,181.0,0,0,2,0,49,0,0,2,0,6,1,0,0
BL6-BALBc_HTxC,AV13-1-CAMERGYQNFYF-AJ49_BV17-CASSDRYEQYF-BJ2-7,18.0,0,0,0,0,0,1,1,0,0,0,0,0,0
BL6-BALBc_HTxC,AV4D-3-CAAEYSNYQLIW-AJ33_BV31-CAWRGSSYEQYF-BJ2-7,95.0,5,0,0,1,0,1,0,1,0,5,0,0,0
BL6-BALBc_HTxC,AV5-1-CSASSGSWQLIF-AJ22_BV13-2-CASGEVGSNTEVFF-BJ1-1,37.0,7,3,2,4,0,0,3,1,7,6,22,7,0
BL6-BALBc_HTxC,AV13-1-CAMESGFASALTF-AJ35_BV13-1-CASSPLRAGNTLYF-BJ1-3,218.0,0,0,0,70,0,4,0,0,0,0,9,0,0
BL6-BALBc_HTxC,AV16/DV11-CAMRDYNTNTGKLTF-AJ27_BV2-CASSQEYNSAETLYF-BJ2-3,343.0,0,0,0,1,0,2,0,29,1,2,1,0,0
BL6-BALBc_HTxC,AV16/DV11-CAMREDNNRIFF-AJ31_BV1-CTCSADRLGLSAETLYF-BJ2-3,28.0,0,0,0,1,1,0,0,1,0,0,8,0,0
BL6-BALBc_HTxC,AV3-1-CAVSDQGGRALIF-AJ15_BV13-2-CASGDRGVQDTQYF-BJ2-5,112.0,1,0,0,8,0,1,0,1,1,1,1,2,0
BL6-BALBc_HTxC,AV5-1-CSEDTNAYKVIF-AJ30_BV5-CASRRRLGIENTLYF-BJ2-4,122.0,0,0,0,0,1,0,0,2,0,0,0,1,0
BL6-BALBc_HTxC,AV16D/DV11-CAMREANSAGNKLTF-AJ17*p02_BV13-1-CASSDVSTEVFF-BJ1-1,31.0,1,0,0,1,0,38,0,2,0,2,1,3,0
BL6-BALBc_HTxC,AV14-1-CAASPGTGGYKVVF-AJ12_BV1-CTCSALRVSGNTLYF-BJ1-3,35.0,0,0,0,29,0,0,0,0,0,1,1,1,0
BL6-BALBc_HTxC,AV16/DV11-CAMRAMDSNYQLIW-AJ33_BV13-1-CASSEHNSDYTF-BJ1-2,27.0,0,0,0,0,28,1,0,0,0,0,0,1,0
BL6-BALBc_HTxC,AV6-4-CALVAPRF-AJ13_BV29-CASIGGSSAETLYF-BJ2-3,62.0,0,0,0,1,0,0,0,1,0,1,17,0,0
BL6-BALBc_HTxC,AV10-CAAAPYTGNYKYVF-AJ40_BV13-2-CASAQTGEDFF-BJ1-1,71.0,0,0,0,0,0,0,0,0,1,14,0,1,0
BL6-BALBc_HTxC,AV16/DV11-CAMREGYEGYQNFYF-AJ49_BV3-CASSATGANTGQLYF-BJ2-2,58.0,0,0,0,27,100,1,0,0,0,3,2,0,0
BL6-BALBc_HTxC,AV8-1-CATDGSSGSWQLIF-AJ22_BV4-CASTTANTEVFF-BJ1-1,27.0,0,0,0,2,2,3,1,1,0,0,49,0,0
BL6-BALBc_HTxC,AV16D/DV11-CAMREGDAYKVIF-AJ30_BV13-2-CASGDRNTEVFF-BJ1-1,711.0,1,1,1,5,506,8,2,5,0,4,7,6,0
BL6-BALBc_HTxC,AV6-6-CALGSNTDKVVF-AJ34*p03_BV14-CASRHRDEQYF-BJ2-7,102.0,0,0,0,0,0,2,9,0,0,1,1,0,0
BL6-BALBc_HTxC,AV3-1-CAVRASSGSWQLIF-AJ22_BV4-CASSSIEQFF-BJ2-1,1149.0,1,1,1,8,4,3,3,1,0,9,361,3,0
BL6-BALBc_HTxC,AV16D/DV11-CGLREANTGNFKYVY-AJ40_BV13-2-CASGDDWGDAETLYF-BJ2-3,1293.0,0,0,1,5,3,4,0,9,2,4,1,0,0
BL6-BALBc_HTxC,AV3-1-CAVIASSGSWQLIF-AJ22_BV4-CASSSLYEQYF-BJ2-7,247.0,0,0,2,1,1,1,0,0,0,1,156,1,0
BL6-BALBc_HTxC,AV8-2-CATDSGGADRLTF-AJ45_BV3-CASSLVRVEDTQYF-BJ2-5,202.0,0,0,0,3,0,0,0,0,0,22,3,1,0
BL6-BALBc_HTxC,AV16/DV11-CAMREGWSSSFSKLVF-AJ50_BV13-1-CASSDVNTEVFF-BJ1-1,73.0,1,1,1,4,270,2,1,2,0,3,3,1,0
BL6-BALBc_HTxC,AV14-2-CAANTGNYKYVF-AJ40_BV13-3-CASSDWDWGGAGQNTLYF-BJ2-4,183.0,0,0,0,0,0,13,0,0,0,2,1,0,0
BL6-BALBc_HTxC,AV16/DV11-CAMREGGGASSSFSKLVF-AJ50_BV13-2-CASGGYAEQFF-BJ2-1,64.0,0,1,3,2,0,0,1,1,0,4,5,0,0
BL6-BALBc_HTxC,AV12-2-CALSEDSAGNKLTF-AJ17*p02_BV16-CASSLDITGGAQEQYF-BJ2-7,268.0,41,0,1,1,1,1,2,0,0,0,2,2,0
BL6-BALBc_HTxC,AV9-3-CAVSENNNAGAKLTF-AJ39_BV1-CTCSAAWGDTQYF-BJ2-5,95.0,0,0,1,0,0,1,1,1,1,0,0,67,0
BL6-BALBc_HTxC,AV6-7/DV9-CALGERRDDTNAYKVIF-AJ30_BV13-2-CASGGIYEQYF-BJ2-7,40.0,0,0,0,0,19,0,0,0,0,0,0,0,0
BL6-BALBc_HTxC,AV16D/DV11-CAMREGGRALIF-AJ15_BV1-CTCSADRVQNTLYF-BJ2-4,129.0,1,0,0,27,0,0,1,0,0,1,3,0,1
BL6-BALBc_HTxC,AV16D/DV11-CAMREGNMGYKLTF-AJ9_BV30-CSSRGDWGYEQYF-BJ2-7,81.0,4,1,1,9,5,4,1,2,0,1,1,0,0
BL6-BALBc_HTxC,AV8-1-CATDGSSGSWQLIF-AJ22_BV4-CASTTANTEVFF-BJ1-1,274.0,0,2,0,0,4,1,2,1,0,4,189,3,0
BL6-BALBc_HTxC,AV8-1-CATDGSSGSWQLIF-AJ22_BV4-CASTTANTEVFF-BJ1-1,885.0,0,1,1,2,4,3,1,3,1,0,233,1,0
BL6-BALBc_HTxC,AV9-3-CAVSENNNAGAKLTF-AJ39_BV1-CTCSAAWGDTQYF-BJ2-5,84.0,2,1,2,0,1,2,0,0,0,2,4,33,2
BL6-BALBc_HTxC,AV7D-2-CAASSGNTRKLIF-AJ37*p02_BV13-2-CASGDLVGYAEQFF-BJ2-1,136.0,0,1,74,1,1,6,0,1,0,0,2,1,0
BL6-BALBc_HTxC,AV10-CAASTDYAQGLTF-AJ26_BV3-CASSPGVSYEQYF-BJ2-7,77.0,0,0,1,3,1,0,0,0,0,53,0,0,0
BL6-BALBc_HTxC,AV14-1-CAARGSWQLIF-AJ22_BV13-3-CASSEADYAEQFF-BJ2-1,183.0,0,0,0,4,2,1,144,0,0,1,0,0,0
BL6-BALBc_HTxC,AV3-3-CAVSASYANKMIF-AJ47_BV13-2-CASGDAGLQDTQYF-BJ2-5,79.0,0,0,0,1,0,0,0,0,0,0,0,0,0
BL6-BALBc_HTxC,AV12-3-CALRSASSSFSKLVF-AJ50_BV17-CASSDRYEQYF-BJ2-7,64.0,0,0,0,2,1,2,14,0,2,1,1,0,0
BL6-BALBc_HTxC,AV16/DV11-CAMREAFSGGSNAKLTF-AJ42_BV13-2-CASGDSYEQYF-BJ2-7,76.0,0,0,0,0,88,1,0,0,0,0,0,0,0
BL6-BALBc_HTxC,AV16D/DV11-CAMRESNSGGSNAKLTF-AJ42_BV13-1-CASSGQGTETLYF-BJ2-3,17.0,2,0,1,2,29,0,4,1,3,6,27,1,0
BL6-BALBc_HTxC,AV7-3-CAVDPGYNKLTF-AJ11*p02_BV14-CASSRDRGDYAEQFF-BJ2-1,31.0,1,0,64,1,0,0,0,0,0,0,0,0,0
BL6-BALBc_HTxC,AV7-5-CAMNTGYQNFYF-AJ49_BV13-2-CASGDVGDSDYTF-BJ1-2,323.0,0,0,0,0,2,7,0,0,0,2,0,0,0
BL6-BALBc_HTxC,AV7D-3-CAVNNNAGAKLTF-AJ39_BV13-1-CASSGPPGNTGQLYF-BJ2-2,72.0,7,0,2,0,2,0,0,2,3,0,26,5,0
BL6-BALBc_HTxC,AV12D-1-CALSDRDYANKMIF-AJ47_BV16-CASSLGTEDTQYF-BJ2-5,354.0,1,1,0,0,1,0,0,1,0,3,1,27,0
BL6-BALBc_HTxC,AV3-1-CAVSAGTNAYKVIF-AJ30_BV13-2-CASGTGGGNTLYF-BJ1-3,129.0,0,0,0,0,2,1,8,0,1,0,2,0,0
BL6-BALBc_HTxC,AV6-2-CVPPRGSALGRLHF-AJ18_BV3-CASSEPPGQGIDERLFF-BJ1-4,325.0,3,1,0,2,0,1,0,1,1,2,39,12,2
BL6-BALBc_HTxC,AV16D/DV11-CAMREASSGSWQLIF-AJ22_BV13-2-CASGDPTGQEQYF-BJ2-7,102.0,2,1,0,178,0,1,0,1,0,2,2,3,0
BL6-BALBc_HTxC,AV3-3-CAVSMYQGGRALIF-AJ15_BV29-CASSPGTTNTEVFF-BJ1-1,93.0,0,0,1,81,3,1,0,0,0,1,0,6,0
BL6-BALBc_HTxC,AV5-1-CSATYATSSGQKLVF-AJ16*p02_BV13-1-CASSPGTGGEQYF-BJ2-7,90.0,0,1,0,41,2,0,0,5,0,0,2,0,0
BL6-BALBc_HTxC,AV16/DV11-CAMREGDGGSGNKLIF-AJ32_BV19-CASSTKGGSSDYTF-BJ1-2,29.0,3,11,0,1,1,0,0,0,3,8,9,4,0
BL6-BALBc_HTxC,AV7-3-CAPGYQNFYF-AJ49_BV13-3-CASSDRTNTEVFF-BJ1-1,56.0,0,0,0,20,0,0,0,0,0,0,0,0,0
BL6-BALBc_HTxC,AV16D/DV11-CAMREGDNNNRIFF-AJ31_BV13-1-CASRDLNTEVFF-BJ1-1,52.0,0,0,0,1,56,1,0,0,0,1,0,1,0
BL6-BALBc_HTxC,AV4-4/DV10-CAAEDTGGADRLTF-AJ45_BV1-CTCSAVGTANSDYTF-BJ1-2,57.0,0,0,0,6,0,0,0,0,0,1,1,0,0
BL6-BALBc_HTxC,AV16D/DV11-CAMREDTGYQNFYF-AJ49_BV13-3-CASSPGTTYAEQFF-BJ2-1,280.0,0,1,1,0,64,0,0,0,2,2,1,0,0
BL6-BALBc_HTxC,AV13-4/DV7-CAMDNAGAKLTF-AJ39_BV16-CASSLGNEQYF-BJ2-7,35.0,0,0,0,0,0,0,0,0,0,12,3,0,0
BL6-BALBc_HTxC,AV9-1-CAVSAYSNYQLIW-AJ33_BV1-CTCSADRVEQYF-BJ2-7,63.0,0,0,1,3,0,2,1,4,0,0,21,6,0
BL6-BALBc_HTxC,AV10-CAASSGSWQLIF-AJ22_BV19-CASSLGASQNTLYF-BJ2-4,700.0,5,2,0,6,2,3,8,1,10,1,54,11,0
BL6-BALBc_HTxC,AV7D-3-CAVSLNTGNYKYVF-AJ40_BV19-CASNGGAYEQYF-BJ2-7,113.0,3,0,1,3,0,0,1,0,1,6,26,5,0
BL6-BALBc_HTxC,AV7D-2-CAASRDNYAQGLTF-AJ26_BV31-CAWSPGNYAEQFF-BJ2-1,39.0,0,1,0,1,0,2,0,1,0,0,0,0,1
BL6-BALBc_HTxC,AV3-3-CAVGDYANKMIF-AJ47_BV13-2-CASGEGGGYEQYF-BJ2-7,38.0,0,0,3,4,0,1,1,0,2,0,21,0,0
BL6-BALBc_HTxC,AV7-3-CASPNTGYQNFYF-AJ49_BV13-2-CASGGWGSQNTLYF-BJ2-4,82.0,0,0,1,2,350,1,0,0,1,1,3,1,0
BL6-BALBc_HTxC,AV19-CAAGTGGNNKLTF-AJ56_BV14-CASRDRYEQYF-BJ2-7,58.0,0,0,8,1,0,0,0,0,1,0,0,0,0
BL6-BALBc_HTxC,AV3-1-CAVSAGTNAYKVIF-AJ30_BV13-2-CASGTGGGNTLYF-BJ1-3,91.0,0,0,0,0,6,3,5,2,1,1,0,0,0
BL6-BALBc_HTxC,AV7D-3-CADDSGYNKLTF-AJ11*p02_BV13-2-CASAGANSDYTF-BJ1-2,32.0,0,0,0,18,0,0,0,0,0,0,1,0,0
BL6-BALBc_HTxC,AV9D-4-CALSPDTNAYKVIF-AJ30_BV12-1-CASSLWADTQYF-BJ2-5,314.0,1,1,697,3,3,10,1,1,1,3,4,2,0
BL6-BALBc_HTxC,AV7-3-CAVKNTGYQNFYF-AJ49_BV2-CASSQGGGANQAPLF-BJ1-5,154.0,0,3,0,4,0,0,0,0,0,0,2,5,0
BL6-BALBc_HTxC,AV7D-2-CAALDYANKMIF-AJ47_BV1-CTCSATGVNNQAPLF-BJ1-5,57.0,2,0,2,0,0,0,0,2,0,1,6,0,0
BL6-BALBc_HTxC,AV16D/DV11-CAMREDNAGAKLTF-AJ39_BV2-CASSQDHVSNERLFF-BJ1-4,67.0,0,0,0,1,0,0,0,71,0,0,3,0,1
BL6-BALBc_HTxC,AV9-3-CAVTGGNNKLTF-AJ56_BV13-3-CASSEGWGYEQYF-BJ2-7,1206.0,0,1,0,0,4,0,2,2,0,2,20,4,0
BL6-BALBc_HTxC,AV6-6-CALGDGYNVLYF-AJ21*p03_BV13-3-CASRDRGEQYF-BJ2-7,290.0,0,0,0,1,0,14,0,1,0,0,1,0,0
BL6-BALBc_HTxC,AV7D-2-CAAATGYQNFYF-AJ49_BV31-CAWSSFPTSGNTLYF-BJ1-3,44.0,0,1,0,7,0,0,0,0,1,1,8,3,0
BL6-BALBc_HTxC,AV6D-5-CALGDQGGSAKLIF-AJ57_BV13-2-CASGDWGWEQYF-BJ2-7,11.0,0,0,0,0,0,0,0,3,0,0,0,7,0
BL6-BALBc_HTxC,AV16D/DV11-CAMREGDNNRIFF-AJ31_BV13-2-CASGDNYEQYF-BJ2-7,36.0,0,0,1,0,195,0,0,0,0,0,0,0,0
BL6-BALBc_HTxC,AV3-1-CAVRASSGSWQLIF-AJ22_BV4-CASSSIEQFF-BJ2-1,59.0,1,3,0,1,0,1,1,0,0,1,91,0,0
BL6-BALBc_HTxC,AV7-1-CAFMDSNYQLIW-AJ33_BV13-2-CASGDWGDNYAEQFF-BJ2-1,15.0,0,0,0,0,0,0,0,0,2,0,4,0,0
BL6-BALBc_HTxC,AV6-6-CALGSNTDKVVF-AJ34*p03_BV14-CASRHRDEQYF-BJ2-7,705.0,0,1,0,1,1,7,97,1,0,2,1,0,0
BL6-BALBc_HTxC,AV16/DV11-CAMREAFSGGSNAKLTF-AJ42_BV13-2-CASGDSYEQYF-BJ2-7,272.0,0,0,1,1,81,0,0,2,0,3,2,2,0
BL6-BALBc_HTxC,AV10D-CAADTGNYKYVF-AJ40_BV13-1-CASSPGQTEQYF-BJ2-7,33.0,0,0,0,0,1,0,0,0,0,0,42,0,0
BL6-BALBc_HTxC,AV4-3-CAADQGGRALIF-AJ15_BV13-2-CASGWAPLGDYEQYF-BJ2-7,47.0,0,0,0,0,3,0,3,0,0,0,0,2,0
BL6-BALBc_HTxC,AV16D/DV11-CAMREDSNYQLIW-AJ33_BV13-2-CASGGRTGASYEQYF-BJ2-7,92.0,0,0,1,129,1,0,3,3,0,3,2,3,0
BL6-BALBc_HTxC,AV3D-3-CAVTSSSGSWQLIF-AJ22_BV17-CASSAGQANTGQLYF-BJ2-2,356.0,0,0,0,1,0,1,1,3,0,0,5,0,0
BL6-BALBc_HTxC,AV16D/DV11-CAMREAGGYKVVF-AJ12_BV13-2-CASGDAGGKAEVFF-BJ1-1,1621.0,1,0,0,0,3,57,1,0,0,0,2,0,0
BL6-BALBc_HTxC,AV12-2-CALSDLRTGGADRLTF-AJ45_BV13-1-CASSDVGAEQFF-BJ2-1,240.0,2,0,1,2,0,1,1,0,0,0,21,0,0
BL6-BALBc_HTxC,AV7-3-CAPGYQNFYF-AJ49_BV13-3-CASSDRTNTEVIF-BJ1-1,264.0,1,0,0,46,0,0,2,0,0,0,4,0,0
BL6-BALBc_HTxC,AV13-1-CAMESGFASALTF-AJ35_BV13-1-CASSPLRAGNTLYF-BJ1-3,61.0,0,0,0,40,0,1,0,0,0,0,0,0,0
BL6-BALBc_HTxC,AV3D-3-CAVNSGSWQLIF-AJ22_BV1-CTCSADPGDYAEQFF-BJ2-1,37.0,2,1,1,3,1,3,3,2,2,7,14,20,0
BL6-BALBc_HTxC,AV7-3-CADDSGYNKLTF-AJ11*p02_BV13-2-CASGDVGGQNTLYF-BJ2-4,23.0,0,0,0,0,0,20,0,0,0,0,0,0,0
BL6-BALBc_HTxC,AV16/DV11-CAMREGNSGGSNAKLTF-AJ42_BV13-1-CASSSLYEQYF-BJ2-7,68.0,7,0,0,1,2,0,0,0,0,0,1,0,0
BL6-BALBc_HTxC,AV16D/DV11-CAMREASSGSWQLIF-AJ22_BV13-2-CASGDPTGQEQYF-BJ2-7,151.0,0,1,0,156,1,1,0,2,0,2,4,0,0
BL6-BALBc_HTxC,AV16/DV11-CAMREGRGGSAKLIF-AJ57_BV13-3-CASSWTGSYNSPLYF-BJ1-6,76.0,0,0,52,0,1,0,0,1,1,0,1,1,0
BL6-BALBc_HTxC,AV9-4-CAVASMDYANKMIF-AJ47_BV13-2-CASGDRLNTGQLYF-BJ2-2,53.0,1,0,0,1,1,0,0,0,0,0,0,74,0
BL6-BALBc_HTxC,AV16D/DV11-CAMREDTGYQNFYF-AJ49_BV19-CASSAGGAYAEQFF-BJ2-1,312.0,0,0,0,2,2,0,0,2,0,1,161,1,0
BL6-BALBc_HTxC,AV3-3-CAVSMYQGGRALIF-AJ15_BV29-CASSPGTTNTEVFF-BJ1-1,85.0,0,1,0,31,0,1,0,2,0,0,0,1,0
BL6-BALBc_HTxC,AV12-2-CALSDNNNRIFF-AJ31_BV17-CASSRDGGGYAEQFF-BJ2-1,396.0,2,3,3,3,6,5,2,4,0,5,9,3,0
BL6-BALBc_HTxC,AV9-3-CAVSMDTGNYKYVF-AJ40_BV12-2-CASSPGDEQYF-BJ2-7,30.0,15,0,0,2,0,3,0,0,0,1,19,3,0
BL6-BALBc_HTxC,AV6-2-CVLGDPYAQGLTF-AJ26_BV29-CASSSGLNTEVFF-BJ1-1,134.0,0,0,0,1,0,0,0,0,0,0,0,0,0
BL6-BALBc_HTxC,AV7D-3-CAVIGSGSWQLIF-AJ22_BV13-2-CASGEPQGANSPLYF-BJ1-6,34.0,0,1,0,0,0,19,0,0,0,0,0,0,0
BL6-BALBc_HTxC,AV16D/DV11-CAMKDSGYNKLTF-AJ11*p02_BV13-2-CASGGQYEQYF-BJ2-7,64.0,0,0,0,2,62,1,0,0,0,1,1,1,0
BL6-BALBc_HTxC,AV7D-3-CAVIGSGSWQLIF-AJ22_BV13-2-CASGEPQGANSPLYF-BJ1-6,91.0,0,0,0,2,0,20,0,1,0,0,0,0,0
BL6-BALBc_HTxC,AV3-1-CAVSAGTNAYKVIF-AJ30_BV13-2-CASGPGGENTLYF-BJ2-4,53.0,1,1,0,0,2,0,8,2,0,1,0,0,0
BL6-BALBc_HTxC,AV16D/DV11-CAMREASSGSWQLIF-AJ22_BV13-2-CASGDPTGQEQYF-BJ2-7,180.0,0,0,0,80,1,3,0,2,0,2,1,0,0
BL6-BALBc_HTxC,AV3-3-CAVSDTNTDKVVF-AJ34*p03_BV16-CASSWDRVEDTQYF-BJ2-5,101.0,0,0,0,26,4,1,0,0,0,3,3,0,0
BL6-BALBc_HTxC,AV5-1-CSASSGSWQLIF-AJ22_BV13-2-CASGEVGSNTEVFF-BJ1-1,41.0,12,19,11,27,9,7,18,16,13,25,85,24,0
BL6-BALBc_HTxC,AV16D/DV11-CAMREGPGNNNRIFF-AJ31_BV13-2-CASGAVYEQYF-BJ2-7,562.0,0,1,0,1,106,2,3,2,0,1,0,3,0
BL6-BALBc_HTxC,AV6-6-CALGSYGNEKITF-AJ48_BV13-1-CASSDAASNERLFF-BJ1-4,196.0,0,0,2,0,1,0,0,12,0,1,2,3,0
BL6-BALBc_HTxC,AV14-2-CAASSYTGNYKYVF-AJ40_BV13-1-CASGGVYEQYF-BJ2-7,675.0,0,0,0,1,6,0,1,6,1,2,6,1,0
BL6-BALBc_HTxC,AV7-3-CAVNGNTRKLIF-AJ37*p02_BV19-CASSMTVYAEQFF-BJ2-1,47.0,0,0,0,2,0,0,1,1,0,2,0,2,0
BL6-BALBc_HTxC,AV6D-6-CALSENSGGSNYKLAF-AJ53_BV17-CASSRTGGSDYTF-BJ1-2,29.0,0,0,0,0,0,50,0,1,0,1,1,0,0
BL6-BALBc_HTxC,AV13D-1-CAMDSNYQLIW-AJ33_BV19-CASSPRLGVYEQYF-BJ2-7,130.0,1,0,0,3,0,0,2,0,1,1,13,5,0
BL6-BALBc_HTxC,AV16D/DV11-CAMREDTNAYKVIF-AJ30_BV13-3-CASSDRGQVFF-BJ1-1,57.0,0,0,0,26,1,17,0,8,0,0,1,0,0
BL6-BALBc_HTxC,AV7D-3-CAVNQGGRALIF-AJ15_BV13-2-CASGDIYEQYF-BJ2-7,68.0,1,0,67,0,0,0,1,0,5,1,4,1,0
BL6-BALBc_HTxC,AV9-2-CAASMDYANKMIF-AJ47_BV3-CASSLGAGYEQYF-BJ2-7,1123.0,0,0,1,3,3,5,1,3,1,206,30,3,0
BL6-BALBc_HTxC,AV16/DV11-CAMREGPSGSWQLIF-AJ22_BV1-CTCSAGTDLSNERLFF-BJ1-4,71.0,0,0,0,1,3,0,1,1,0,0,160,0,0
BL6-BALBc_HTxC,AV12D-1-CASGSWQLIF-AJ22_BV16-CASSLGLSAETLYF-BJ2-3,85.0,5,0,0,0,1,2,1,8,1,4,52,8,0
BL6-BALBc_HTxC,AV7-1-CAPVTGNTRKLIF-AJ37*p02_BV5-CASSQDLTNSDYTF-BJ1-2,593.0,1,1,0,0,2,0,0,1,0,2,59,1,0
BL6-BALBc_HTxC,AV16/DV11-CAMREGSSGSWQLIF-AJ22_BV16-CASSPGQPNTEVFF-BJ1-1,32.0,0,0,0,11,0,0,0,0,1,0,0,0,0
BL6-BALBc_HTxC,AV16D/DV11-CAMREDSNYQLIW-AJ33_BV5-CASSQDYWGGGDTQYF-BJ2-5,48.0,1,0,0,2,0,0,0,40,0,0,0,0,0
BL6-BALBc_HTxC,AV6-2-CVLGRNNNNRIFF-AJ31_BV13-1-CASSHRENTGQLYF-BJ2-2,587.0,3,0,4,2,6,0,0,1,3,0,8,6,0
BL6-BALBc_HTxC,AV16/DV11-CAMREAGYQNFYF-AJ49_BV4-CEGDRNNSPLYF-BJ1-6,19.0,0,0,0,0,1,0,0,0,0,0,0,2,0
BL6-BALBc_HTxC,AV5-4-CAATGNYKYVF-AJ40_BV13-1-CASSGGQTEVFF-BJ1-1,305.0,0,0,1,2,2,0,1,0,1,3,37,1,0
BL6-BALBc_HTxC,AV3D-3-CAVSMYQGGRALIF-AJ15_BV29-CASSPGTTNTEVFF-BJ1-1,19.0,0,0,1,13,2,0,0,0,0,0,2,1,0
BL6-BALBc_HTxC,AV6-6-CALGSNTDKVVF-AJ34*p03_BV14-CASRHRDEQYF-BJ2-7,146.0,0,0,0,0,0,9,120,0,0,2,6,1,0
BL6-BALBc_HTxC,AV16D/DV11-CAMREANYNVLYF-AJ21*p03_BV13-2-CASGDNYEQYF-BJ2-7,32.0,2,1,0,3,72,0,0,1,0,1,2,2,0
BL6-BALBc_HTxC,AV9D-1-CAASSNTGYQNFYF-AJ49_BV1-CTCSAVWGEDTQYF-BJ2-5,69.0,0,0,0,16,1,0,0,0,0,3,0,1,0
BL6-BALBc_HTxC,AV12-3-CALSHSGYNKLTF-AJ11*p02_BV13-1-CASSGGALEQYF-BJ2-7,449.0,0,0,0,2,2,2,1,1,0,2,38,3,0
BL6-BALBc_HTxC,AV6D-6-CALRWDTNAYKVIF-AJ30_BV19-CASRGGVTYEQYF-BJ2-7,199.0,0,0,0,32,0,1,0,1,0,1,3,0,0
BL6-BALBc_HTxC,AV9-3-CAVSMHTNTGKLTF-AJ27_BV26-CAIPGQANTEVFF-BJ1-1,635.0,0,2,1,1,4,0,4,5,0,6,12,1,0
BL6-BALBc_HTxC,AV8-1-CATDGSSGSWQLIF-AJ22_BV4-CASTTANTEVFF-BJ1-1,148.0,0,0,0,0,7,0,0,6,0,0,51,1,0
BL6-BALBc_HTxC,AV16D/DV11-CAMRADSGYNKLTF-AJ11*p02_BV16-CASSLDQGAITEVFF-BJ1-1,120.0,0,0,0,2,2,1,0,1,0,109,0,0,0
BL6-BALBc_HTxC,AV7D-3-CAVIGSGSWQLIF-AJ22_BV13-2-CASGEPQGANSPLYF-BJ1-6,103.0,0,0,0,0,0,35,0,0,0,0,0,1,0
BL6-BALBc_HTxC,AV4D-3-CAAEYSNYQLIW-AJ33_BV31-CAWRGSSYEQYF-BJ2-7,109.0,69,0,4,1,1,1,0,0,0,2,0,0,0
BL6-BALBc_HTxC,AV16D/DV11-CAMREDTGYQNFYF-AJ49_BV19-CASTGTGSNYAEQFF-BJ2-1,82.0,2,3,0,0,1,1,1,0,0,53,5,0,0
BL6-BALBc_HTxC,AV5-1-CSAGGGSALGRLHF-AJ18_BV1-CTCSAAGGDAEQFF-BJ2-1,610.0,0,0,5,5,2,2,1,2,0,2,4,29,0
BL6-BALBc_HTxC,AV19-CAAGDAGYQNFYF-AJ49_BV17-CASSRTGGSDYTF-BJ1-2,263.0,0,0,2,0,0,50,0,0,0,1,4,0,0
BL6-BALBc_HTxC,AV16D/DV11-CAMREDGGSGNKLIF-AJ32_BV13-1-CASSDVGGEYEQYF-BJ2-7,89.0,0,2,0,2,2,3,0,1,0,1,172,1,0
BL6-BALBc_HTxC,AV13-4/DV7-CAMEHSSGSWQLIF-AJ22_BV4-CASSYGVQYF-BJ2-7,81.0,0,0,0,0,0,1,2,1,0,0,88,0,0
BL6-BALBc_HTxC,AV9-2-CAASMDYANKMIF-AJ47_BV13-2-CACGAVVGGREQYF-BJ2-7,32.0,0,0,0,2,0,2,0,0,0,0,0,0,0
BL6-BALBc_HTxC,AV16D/DV11-CAMREDTGYQNFYF-AJ49_BV19-CASTGTGSNYAEQFF-BJ2-1,457.0,3,0,2,1,3,2,1,2,0,296,0,1,0
BL6-BALBc_HTxC,AV16D/DV11-CAMREGNSGTYQRF-AJ13_BV13-2-CASGVDNSGNTLYF-BJ1-3,1444.0,0,1,2,2,3,4,4,134,0,2,7,4,0
BL6-BALBc_HTxC,AV3-1-CAVRASSGSWQLIF-AJ22_BV4-CASSSIEQFF-BJ2-1,118.0,3,0,0,1,2,1,1,1,0,2,104,1,0
BL6-BALBc_HTxC,AV16D/DV11-CAMREDSNYQLIW-AJ33_BV13-2-CASGDPQGVNSPLYF-BJ1-6,34.0,0,0,1,0,4,0,0,9,0,4,0,0,0
BL6-BALBc_HTxC,AV16D/DV11-CAMREGVSAGNKLTF-AJ17*p02_BV13-1-CASSDVGAEQFF-BJ2-1,196.0,0,2,0,1,1,64,0,1,0,1,1,1,0
BL6-BALBc_HTxC,AV19-CAAGDAGYQNFYF-AJ49_BV17-CASSRTGGSDYTF-BJ1-2,193.0,0,0,0,1,0,61,0,3,0,0,2,0,0
BL6-BALBc_HTxC,AV16/DV11-CAMRESMATGGNNKLTF-AJ56_BV13-1-CASSDAGGWEQYF-BJ2-7,169.0,0,0,1,1,0,0,0,0,0,1,0,39,0
BL6-BALBc_HTxC,AV9-3-CAVSENNNAGAKLTF-AJ39_BV1-CTCSAAWGDTQYF-BJ2-5,3.0,0,0,0,1,0,0,0,0,0,0,0,0,0
BL6-BALBc_HTxC,AV9D-3-CAVSADMGYKLTF-AJ9_BV13-2-CASGENTGQLYF-BJ2-2,195.0,0,0,0,2,1,5,0,3,0,3,219,0,0
BL6-BALBc_HTxC,AV7D-2-CAASGYGGSGNKLIF-AJ32_BV13-3-CASSDLGGYAEQFF-BJ2-1,182.0,0,0,0,0,0,8,0,3,0,0,0,0,1
BL6-BALBc_HTxC,AV8-2-CATDDNNAPRF-AJ43*p03_BV3-CASSLARDYEQYF-BJ2-7,327.0,0,0,0,0,0,1,0,0,0,38,0,1,0
BL6-BALBc_HTxC,AV8-1-CSQGGRALIF-AJ15_BV1-CTCSAGLGTSAETLYF-BJ2-3,20.0,0,0,0,0,1,0,0,0,0,0,0,0,1
BL6-BALBc_HTxC,AV16D/DV11-CAMREGVSAGNKLTF-AJ17*p02_BV13-1-CASSDVGAEQFF-BJ2-1,511.0,2,1,1,4,0,153,3,2,0,1,2,2,0
BL6-BALBc_HTxC,AV7D-2-CAANTNTGKLTF-AJ27_BV1-CTCSADRVNNQAPLF-BJ1-5,70.0,0,2,0,4,0,0,0,0,0,0,2,0,0
BL6-BALBc_HTxC,AV16D/DV11-CAMREGNTGNYKYVF-AJ40_BV13-2-CASGDLYEQYF-BJ2-7,83.0,0,0,0,1,76,1,0,0,0,0,1,0,0
BL6-BALBc_HTxC,AV13-1-CAMESSNTDKVVF-AJ34*p03_BV5-CASSHGTGGGTEVFF-BJ1-1,458.0,0,1,0,3,2,0,2,0,1,0,1,0,0
BL6-BALBc_HTxC,AV16/DV11-CAMRGYGGSGNKLIF-AJ32_BV1-CTCSGGLGTSAETLYF-BJ2-3,27.0,0,33,0,0,0,0,0,0,0,0,0,0,0
BL6-BALBc_HTxC,AV7D-2-CAAINYGGSGNKLIF-AJ32_BV13-1-CASSAGQPNTGQLYF-BJ2-2,85.0,0,0,1,18,0,0,0,0,0,1,1,1,0
BL6-BALBc_HTxC,AV6-4-CALVAPGYQNFYF-AJ49_BV29-CASSQGGEDEQYF-BJ2-7,49.0,0,0,0,0,2,5,0,3,0,4,2,0,0
BL6-BALBc_HTxC,AV16D/DV11-CAMREDNAGAKLTF-AJ39_BV13-1-CASRDNYEQYF-BJ2-7,188.0,0,0,1,0,50,2,4,1,0,0,1,2,0
BL6-BALBc_HTxC,AV3-4-CAAYSGGSNYKLTF-AJ53_BV13-3-CASRDRGSGNTLYF-BJ1-3,207.0,0,15,0,1,1,1,0,1,0,0,1,0,0
BL6-BALBc_HTxC,AV3-1-CAVRASSGSWQLIF-AJ22_BV4-CASSSIEQFF-BJ2-1,299.0,0,0,0,0,0,1,0,0,0,1,74,0,0
BL6-BALBc_HTxC,AV7-5-CASIASSSFSKLVF-AJ50_BV19-CASSILLNYAEQFF-BJ2-1,264.0,1,0,0,2,3,2,1,0,0,4,0,4,0
BL6-BALBc_HTxC,AV16D/DV11-CAMREGDSNYQLIW-AJ33_BV13-2-CASGGLVYEQYF-BJ2-7,328.0,0,0,0,49,26,1,0,1,1,1,0,2,0
BL6-BALBc_HTxC,AV9-4-CAVSVDYANKMIF-AJ47_BV29-CASSYEQYF-BJ2-7,56.0,0,0,0,0,1,0,0,0,2,0,13,2,0
BL6-BALBc_HTxC,AV10-CAASTDYAQGLTF-AJ26_BV3-CASSPGVSYEQYF-BJ2-7,2330.0,0,1,2,5,2,3,0,4,0,320,3,1,0
BL6-BALBc_HTxC,AV16/DV11-CAMREGHYGNEKITF-AJ48_BV20-CGARAGGSAETLYF-BJ2-3,751.0,0,0,1,0,2,0,1,0,0,4,17,0,0
BL6-BALBc_HTxC,AV12-2-CALSEGSNYQLIW-AJ33_BV1-CTCSAVWGEDTQYF-BJ2-5,1136.0,0,3,0,32,0,1,1,1,0,2,3,0,0
BL6-BALBc_HTxC,AV13D-1-CAMERDYAQGLTF-AJ26_BV19-CASSLTGTSEVFF-BJ1-1,39.0,0,0,0,0,0,0,0,1,0,1,5,0,0
BL6-BALBc_HTxC,AV13-1-CAMESGFASALTF-AJ35_BV13-1-CASSPLRAGNTLYF-BJ1-3,27.0,0,0,0,31,0,0,0,0,0,0,0,0,0
BL6-BALBc_HTxC,AV16D/DV11-CAMREDTGYQNFYF-AJ49_BV19-CASTGTGSNYAEQFF-BJ2-1,40.0,1,1,0,1,1,0,1,3,2,108,3,20,0
BL6-BALBc_HTxC,AV6-6-CALGSNTDKVVF-AJ34*p03_BV14-CASRHRDEQYF-BJ2-7,317.0,0,0,0,1,2,17,120,1,0,3,3,2,0
BL6-BALBc_HTxC,AV4D-3-CAAENMGYKLTF-AJ9_BV26-CAATVQFF-BJ2-7,166.0,2,2,0,1,3,2,1,1,1,2,2,3,1
BL6-BALBc_HTxC,AV6D-6-CALSDFSNNRLTL-AJ7_BV13-3-CASRDRGEQYF-BJ2-7,29.0,0,0,0,16,0,15,0,0,0,0,0,2,0
BL6-BALBc_HTxC,AV8-1-CAGNYKYVF-AJ40_BV17-CASSPRGGTQYF-BJ2-5,13.0,0,0,0,0,0,0,0,0,0,0,6,0,0
