rank,clonotype,n_cells,classification,above_background_peptides,n_above_background,above_background_proportions,dominant_peptide,dominant_proportion,median_dominant_peptide,median_dominant_proportion,dominant_peptide_agrees,candidate_peptides,n_candidates,background_peptides,background_threshold_count,control_mean_count,mean_counts,tcrbeta_r,tcrbeta_p_r,coherence_full,coh_without_ATLVFHNL,delta_coh_ATLVFHNL,prop_ATLVFHNL,coh_without_HIYEFPQL,delta_coh_HIYEFPQL,prop_HIYEFPQL,coh_without_INFDFPKL,delta_coh_INFDFPKL,prop_INFDFPKL,coh_without_RAYLFNSV,delta_coh_RAYLFNSV,prop_RAYLFNSV,coh_without_RTYTYEKL,delta_coh_RTYTYEKL,prop_RTYTYEKL,coh_without_SNYLFTKL,delta_coh_SNYLFTKL,prop_SNYLFTKL,coh_without_SSYTFPKM,delta_coh_SSYTFPKM,prop_SSYTFPKM,coh_without_SVYVYKVL,delta_coh_SVYVYKVL,prop_SVYVYKVL,coh_without_VAFDFTKV,delta_coh_VAFDFTKV,prop_VAFDFTKV,coh_without_VGPRYTNL,delta_coh_VGPRYTNL,prop_VGPRYTNL,coh_without_VIVRFLTV,delta_coh_VIVRFLTV,prop_VIVRFLTV,coh_without_VSFTYRYL,delta_coh_VSFTYRYL,prop_VSFTYRYL,coh_without_SYFPEITHI,delta_coh_SYFPEITHI,prop_SYFPEITHI,most_disruptive_peptide,most_disruptive_delta,most_stabilizing_peptide,most_stabilizing_delta
1,AV16D/DV11-CAMREGDAYKVIF-AJ30_BV13-2-CASGDRNTEVFF-BJ1-1,11,single,['RTYTYEKL'],1,[0.9344364658133001],RTYTYEKL,0.9344364658133001,RTYTYEKL,0.9485530546623794,True,['RTYTYEKL'],1,"['ATLVFHNL', 'HIYEFPQL', 'INFDFPKL', 'RAYLFNSV', 'SNYLFTKL', 'SSYTFPKM', 'SVYVYKVL', 'VAFDFTKV', 'VGPRYTNL', 'VIVRFLTV', 'VSFTYRYL', 'SYFPEITHI']",6.0,0.0,"[5.45454545e-01 1.63636364e+00 7.27272727e-01 2.09090909e+00
 2.72090909e+02 3.09090909e+00 1.09090909e+00 2.00000000e+00
 1.81818182e-01 2.27272727e+00 3.54545455e+00 1.90909091e+00
 0.00000000e+00]",0.8136774467232551,0.002309617224769033,0.999521092334606,0.9995267182276298,5.625893023886164e-06,0.0018732438339057135,0.9995611059648378,4.00136302318721e-05,0.005619731501717141,0.9995411963324594,2.0103997853460065e-05,0.0024976584452076184,0.9995849853696542,6.389303504827915e-05,0.007180768029971902,0.65480918280521,-0.3447119095293959,0.9344364658133001,0.9995987542895719,7.76619549659463e-05,0.010615048392132377,0.9995358769116165,1.4784577010540367e-05,0.003746487667811427,0.999571915015865,5.082268125899958e-05,0.0068685607243209506,0.9995255303357338,4.438001127815561e-06,0.0006244146113019046,0.9996073428087741,8.625047416810361e-05,0.007805182641273808,0.9996130239075571,9.193157295117604e-05,0.012176084920387138,0.999544001390402,2.290905579604985e-05,0.006556353418669998,0.999521092334606,0.0,0.0,RTYTYEKL,-0.3447119095293959,RTYTYEKL,-0.3447119095293959
2,AV16D/DV11-CAMREGDSNYQLIW-AJ33_BV3-CASSATGANTGQLYF-BJ2-2,5,single,['RTYTYEKL'],1,[0.9442622950819672],RTYTYEKL,0.9442622950819672,RTYTYEKL,0.9333333333333333,True,['RTYTYEKL'],1,"['ATLVFHNL', 'HIYEFPQL', 'INFDFPKL', 'RAYLFNSV', 'SNYLFTKL', 'SSYTFPKM', 'SVYVYKVL', 'VAFDFTKV', 'VGPRYTNL', 'VIVRFLTV', 'VSFTYRYL', 'SYFPEITHI']",2.0,0.0,[ 0.   0.2  0.2  0.4 57.6  0.6  0.   0.   0.   0.4  1.4  0.2  0. ],0.5441159372549818,0.3431014744753853,0.999213845438527,0.999213845438527,0.0,0.0,0.9992258450790727,1.1999640545767853e-05,0.003278688524590164,0.9992258450790727,1.1999640545767853e-05,0.003278688524590164,0.9992618504859963,4.800504746926837e-05,0.006557377049180328,0.6613486453551136,-0.33786520008341336,0.9442622950819672,0.9994306741520372,0.00021682871351025312,0.009836065573770491,0.999213845438527,0.0,0.0,0.999213845438527,0.0,0.0,0.999213845438527,0.0,0.0,0.9992618504859963,4.800504746926837e-05,0.006557377049180328,0.9995493693533366,0.0003355239148096212,0.022950819672131147,0.9993268353776023,0.00011298993907526977,0.003278688524590164,0.999213845438527,0.0,0.0,RTYTYEKL,-0.33786520008341336,RTYTYEKL,-0.33786520008341336
3,AV16D/DV11-CAMREDGGSGNKLIF-AJ32_BV13-2-CASGDVNTEVFF-BJ1-1,5,single,['RTYTYEKL'],1,[0.942105263157895],RTYTYEKL,0.942105263157895,RTYTYEKL,0.9354838709677419,True,['RTYTYEKL'],1,"['ATLVFHNL', 'HIYEFPQL', 'INFDFPKL', 'RAYLFNSV', 'SNYLFTKL', 'SSYTFPKM', 'SVYVYKVL', 'VAFDFTKV', 'VGPRYTNL', 'VIVRFLTV', 'VSFTYRYL', 'SYFPEITHI']",3.049999999999997,0.0,"[  0.    0.4   0.8   0.4 143.2   1.2   0.4   1.    0.    1.2   2.2   1.2
   0. ]",0.9411722266196187,0.016976088626193885,0.9991004556480523,0.9991004556480523,0.0,0.0,0.9991506552008648,5.0199552812491e-05,0.0026315789473684223,0.9991256660470293,2.5210398977071335e-05,0.005263157894736845,0.9991269843485096,2.6528700457273402e-05,0.0026315789473684223,0.4896761145750871,-0.5094243410729652,0.942105263157895,0.9994250983601217,0.00032464271206944506,0.007894736842105265,0.9991506552008648,5.0199552812491e-05,0.0026315789473684223,0.9991948116749831,9.435602693086409e-05,0.006578947368421055,0.9991004556480523,0.0,0.0,0.9991927586399555,9.230299190321478e-05,0.007894736842105265,0.9992845406472947,0.0001840849992423843,0.014473684210526323,0.9991513991580281,5.094350997580932e-05,0.007894736842105265,0.9991004556480523,0.0,0.0,RTYTYEKL,-0.5094243410729652,RTYTYEKL,-0.5094243410729652
4,AV3-1-CAVRASSGSWQLIF-AJ22_BV4-CASSSIEQFF-BJ2-1,16,single,['VIVRFLTV'],1,[0.9254994920419912],VIVRFLTV,0.9254994920419912,VIVRFLTV,0.948905109489051,True,['VIVRFLTV'],1,"['ATLVFHNL', 'HIYEFPQL', 'INFDFPKL', 'RAYLFNSV', 'RTYTYEKL', 'SNYLFTKL', 'SSYTFPKM', 'SVYVYKVL', 'VAFDFTKV', 'VGPRYTNL', 'VSFTYRYL', 'SYFPEITHI']",5.0,0.125,"[8.125000e-01 1.187500e+00 5.000000e-01 1.375000e+00 2.500000e+00
 1.812500e+00 5.625000e-01 7.500000e-01 1.250000e-01 2.625000e+00
 1.708125e+02 1.375000e+00 1.250000e-01]",0.7498667648536329,0.000822507734047525,0.9990228023612444,0.9990878564970654,6.505413582102992e-05,0.0044023027429732475,0.9991692178283534,0.00014641546710902897,0.006434134778191669,0.9990453419011958,2.2539539951349497e-05,0.0027091093802912294,0.9991132402136553,9.04378524109184e-05,0.007450050795800881,0.9991143514461146,9.154908487019053e-05,0.013545546901456146,0.9991130413005733,9.023893932891269e-05,0.009820521503555706,0.999038861857532,1.60594962875793e-05,0.0030477480528276328,0.9990496174603073,2.6815099062882375e-05,0.004063664070436844,0.9990267500470825,3.947685838112669e-06,0.0006772773450728074,0.9993935339263368,0.0003707315650923748,0.014222824246528954,0.5471345478260322,-0.4518882545352122,0.9254994920419912,0.9990608465044716,3.8044143227167204e-05,0.007450050795800881,0.9990359532799707,1.315091872633456e-05,0.0006772773450728074,VIVRFLTV,-0.4518882545352122,VIVRFLTV,-0.4518882545352122
5,AV16D/DV11-CAMREAFSGGSNAKLTF-AJ42_BV13-2-CASGDSYEQYF-BJ2-7,5,single,['RTYTYEKL'],1,[0.8674181427804614],RTYTYEKL,0.8674181427804614,RTYTYEKL,0.8875,True,['RTYTYEKL'],1,"['ATLVFHNL', 'HIYEFPQL', 'INFDFPKL', 'RAYLFNSV', 'SNYLFTKL', 'SSYTFPKM', 'SVYVYKVL', 'VAFDFTKV', 'VGPRYTNL', 'VIVRFLTV', 'VSFTYRYL', 'SYFPEITHI']",15.0,0.0,"[  0.8   4.6   3.4   7.  323.2   6.6   1.2   1.    0.6   4.8  15.8   3.6
   0. ]",0.9590482760013539,0.00988681150592792,0.9988594348839147,0.998863300509545,3.865625630261604e-06,0.0021470746108427263,0.999171731879674,0.00031229699575929804,0.012345679012345675,0.9989206839537792,6.124906986448853e-05,0.009125067096081586,0.9989893556861867,0.00012992080227203218,0.018786902844873856,0.7988390300265031,-0.20002040485741157,0.8674181427804614,0.9991783582208906,0.0003189233369759181,0.01771336553945249,0.9988666048904346,7.17000651984101e-06,0.0032206119162640893,0.9988677137988681,8.278914953363525e-06,0.002683843263553408,0.9988709431553258,1.1508271411053705e-05,0.0016103059581320447,0.99901448192545,0.00015504704153523896,0.012882447665056357,0.9989525260854221,9.309120150735595e-05,0.04240472356414385,0.9988940531601523,3.461827623763014e-05,0.009661835748792268,0.998859434883915,3.3306690738754696e-16,0.0,RTYTYEKL,-0.20002040485741157,RTYTYEKL,-0.20002040485741157
6,AV13-4/DV7-CAMEHSSGSWQLIF-AJ22_BV4-CASSYGVQYF-BJ2-7,9,single,['VIVRFLTV'],1,[0.9235447437011294],VIVRFLTV,0.9235447437011294,VIVRFLTV,0.967032967032967,True,['VIVRFLTV'],1,"['ATLVFHNL', 'HIYEFPQL', 'INFDFPKL', 'RAYLFNSV', 'RTYTYEKL', 'SNYLFTKL', 'SSYTFPKM', 'SVYVYKVL', 'VAFDFTKV', 'VGPRYTNL', 'VSFTYRYL', 'SYFPEITHI']",3.0,0.1111111111111111,"[3.33333333e-01 3.33333333e-01 1.11111111e-01 7.77777778e-01
 7.77777778e-01 1.77777778e+00 5.55555556e-01 1.00000000e+00
 2.22222222e-01 1.77777778e+00 1.18111111e+02 2.00000000e+00
 1.11111111e-01]",0.6126053621383696,0.07945555849968716,0.9986073705036667,0.9986122268882709,4.856384604234876e-06,0.0026064291920069502,0.998616788697033,9.418193366306227e-06,0.0026064291920069502,0.998608955556104,1.5850524373028918e-06,0.0008688097306689833,0.998794114263843,0.00018674376017635552,0.006081668114682884,0.9987854202380687,0.00017804973440205263,0.006081668114682884,0.9986952708611372,8.790035747052727e-05,0.013900955690703733,0.998742533133598,0.0001351626299312958,0.004344048653344917,0.9986714934576645,6.412295399782497e-05,0.00781928757602085,0.99861613677808,8.766274413374298e-06,0.0017376194613379667,0.9989974964266887,0.0003901259230220111,0.013900955690703733,0.39764814607510324,-0.6009592244285634,0.9235447437011294,0.9989226202670047,0.00031524976333807686,0.0156385751520417,0.9986154724568546,8.10195318790008e-06,0.0008688097306689833,VIVRFLTV,-0.6009592244285634,VIVRFLTV,-0.6009592244285634
7,AV10-CAASTDYAQGLTF-AJ26_BV3-CASSPGVSYEQYF-BJ2-7,9,single,['VGPRYTNL'],1,[0.9382806759735488],VGPRYTNL,0.9382806759735488,VGPRYTNL,0.963963963963964,True,['VGPRYTNL'],1,"['ATLVFHNL', 'HIYEFPQL', 'INFDFPKL', 'RAYLFNSV', 'RTYTYEKL', 'SNYLFTKL', 'SSYTFPKM', 'SVYVYKVL', 'VAFDFTKV', 'VIVRFLTV', 'VSFTYRYL', 'SYFPEITHI']",3.0,0.1111111111111111,"[3.33333333e-01 1.11111111e-01 5.55555556e-01 1.66666667e+00
 1.44444444e+00 1.00000000e+00 2.22222222e-01 1.00000000e+00
 4.44444444e-01 1.41888889e+02 1.33333333e+00 1.11111111e+00
 1.11111111e-01]",0.6725435435452767,0.04716138770381034,0.9983629845203268,0.9983726349859362,9.650465609412073e-06,0.0022042615723732546,0.9983640678021727,1.0832818458927918e-06,0.0007347538574577516,0.9984235671390415,6.05826187146663e-05,0.0036737692872887582,0.9986697342296799,0.00030674970935307133,0.011021307861866276,0.998593289872962,0.00023030535263524055,0.00955180014695077,0.9985183022765369,0.00015531775621013821,0.006612784717119765,0.9983678505790432,4.86605871641288e-06,0.0014695077149155032,0.9983911022657512,2.8117745424438567e-05,0.006612784717119765,0.998421723736748,5.873921642118862e-05,0.0029390154298310064,0.37972074906797915,-0.6186422354523476,0.9382806759735488,0.9985251012921513,0.00016211677182453865,0.008817046289493018,0.9989676500820885,0.0006046655617617525,0.0073475385745775165,0.9983726709666095,9.686446282741734e-06,0.0007347538574577516,VGPRYTNL,-0.6186422354523476,VGPRYTNL,-0.6186422354523476
8,AV7D-5-CAVSSGGNYKPTF-AJ6_BV3-CASSQDRTGTSAETLYF-BJ2-3,9,single,['RTYTYEKL'],1,[0.8198915009041591],RTYTYEKL,0.8198915009041591,RTYTYEKL,0.8295081967213115,True,['RTYTYEKL'],1,"['ATLVFHNL', 'HIYEFPQL', 'INFDFPKL', 'RAYLFNSV', 'SNYLFTKL', 'SSYTFPKM', 'SVYVYKVL', 'VAFDFTKV', 'VGPRYTNL', 'VIVRFLTV', 'VSFTYRYL', 'SYFPEITHI']",16.64999999999999,0.6666666666666666,"[1.00000000e+00 1.00000000e+00 2.66666667e+00 9.11111111e+00
 2.51888889e+02 7.33333333e+00 2.11111111e+00 6.00000000e+00
 2.22222222e-01 6.77777778e+00 1.46666667e+01 3.77777778e+00
 6.66666667e-01]",0.743727354666499,0.021603766185456275,0.997836663455472,0.9978654486440394,2.8785188567415076e-05,0.0032549728752260397,0.997846395767853,9.732312380994479e-06,0.0032549728752260397,0.9978591484681646,2.248501269264125e-05,0.008679927667269438,0.9981715535963906,0.00033489014091869773,0.02965641952983725,0.8845987162386619,-0.11323794721681002,0.8198915009041591,0.9980023094214049,0.0001656459659329368,0.023869801084990958,0.9978895719876344,5.29085321624434e-05,0.006871609403254973,0.9980944165549422,0.00025775309947029257,0.01952983725135624,0.9978430167376862,6.353282214210942e-06,0.0007233273056057866,0.9979794177394725,0.000142754284000568,0.022061482820976492,0.9988320014975497,0.0009953380420777425,0.047739602169981916,0.9979557463144704,0.00011908285899842053,0.012296564195298372,0.997841659479288,4.9960238160950965e-06,0.0021699819168173595,RTYTYEKL,-0.11323794721681002,RTYTYEKL,-0.11323794721681002
9,AV16D/DV11-CAMREDSGYNKLTF-AJ11*p02_BV13-2-CASGTTYEQYF-BJ2-7,12,single,['VGPRYTNL'],1,[0.8315719947159842],VGPRYTNL,0.8315719947159842,VGPRYTNL,0.8353552859618717,True,['VGPRYTNL'],1,"['ATLVFHNL', 'HIYEFPQL', 'INFDFPKL', 'RAYLFNSV', 'RTYTYEKL', 'SNYLFTKL', 'SSYTFPKM', 'SVYVYKVL', 'VAFDFTKV', 'VIVRFLTV', 'VSFTYRYL', 'SYFPEITHI']",22.099999999999966,0.08333333333333333,"[5.00000000e-01 2.08333333e+00 4.00000000e+00 1.55000000e+01
 9.16666667e+00 7.16666667e+00 2.50000000e+00 5.00000000e+00
 7.50000000e-01 3.14750000e+02 1.33333333e+01 3.66666667e+00
 8.33333333e-02]",0.5373192921106914,0.07161135561765121,0.9978117406063012,0.9978205610585966,8.820452295443815e-06,0.001321003963011889,0.9978708407325348,5.910012623366878e-05,0.0055041831792162045,0.9979094291058287,9.768849952751513e-05,0.010568031704095112,0.998328323144571,0.0005165825382698053,0.04095112285336856,0.9981647270481825,0.0003529864418813089,0.024218405988551298,0.998278975618201,0.00046723501189982475,0.018934390136503745,0.9978957363243642,8.399571806305683e-05,0.0066050198150594455,0.9979391941787953,0.00012745357249410727,0.013210039630118891,0.9978228879841997,1.1147377898534927e-05,0.0019815059445178335,0.8366263126142518,-0.16118542799204938,0.8315719947159842,0.9981676825565136,0.0003559419502123795,0.03522677234698371,0.9978924984807933,8.075787449213223e-05,0.009687362395420519,0.9978123805064191,6.399001178936103e-07,0.00022016732716864817,VGPRYTNL,-0.16118542799204938,VGPRYTNL,-0.16118542799204938
10,AV16/DV11-CAMREAFSGGSNAKLTF-AJ42_BV13-2-CASGDSYEQYF-BJ2-7,17,single,['RTYTYEKL'],1,[0.9420823568798126],RTYTYEKL,0.9420823568798126,RTYTYEKL,0.963855421686747,True,['RTYTYEKL'],1,"['ATLVFHNL', 'HIYEFPQL', 'INFDFPKL', 'RAYLFNSV', 'SNYLFTKL', 'SSYTFPKM', 'SVYVYKVL', 'VAFDFTKV', 'VGPRYTNL', 'VIVRFLTV', 'VSFTYRYL', 'SYFPEITHI']",3.0,0.0,"[  0.23529412   0.47058824   0.17647059   0.94117647 165.52941176
   0.76470588   0.70588235   1.41176471   0.29411765   2.23529412
   1.76470588   1.17647059   0.        ]",0.7257662156741799,0.0009736455666072493,0.9977794971047541,0.9979377511461057,0.00015825404135161314,0.0013391362571141614,0.9978156058432878,3.6108738533657814e-05,0.002678272514228323,0.9977890851394546,9.58803470052505e-06,0.0010043521928356212,0.9978577159845429,7.821887978876063e-05,0.005356545028456646,0.4560306455314682,-0.5417488515732859,0.9420823568798126,0.9978116329212402,3.213581648608965e-05,0.004352192835621024,0.9978519057736907,7.240866893654108e-05,0.004017408771342485,0.9979184622221998,0.00013896511744571072,0.00803481754268497,0.9979437616639885,0.00016426455923435057,0.001673920321392702,0.9990150454080817,0.001235548303327616,0.012721794442584535,0.998002393152999,0.00022289604824488052,0.010043521928356211,0.99783976706395,6.0269959195835554e-05,0.006695681285570808,0.9977794971047541,0.0,0.0,RTYTYEKL,-0.5417488515732859,RTYTYEKL,-0.5417488515732859
11,AV9-4-CAVASMDYANKMIF-AJ47_BV13-2-CASGDRLNTGQLYF-BJ2-2,13,single,['VSFTYRYL'],1,[0.9459915611814347],VSFTYRYL,0.9459915611814347,VSFTYRYL,0.9866666666666667,True,['VSFTYRYL'],1,"['ATLVFHNL', 'HIYEFPQL', 'INFDFPKL', 'RAYLFNSV', 'RTYTYEKL', 'SNYLFTKL', 'SSYTFPKM', 'SVYVYKVL', 'VAFDFTKV', 'VGPRYTNL', 'VIVRFLTV', 'SYFPEITHI']",2.0,0.0,"[3.84615385e-01 1.53846154e-01 2.30769231e-01 8.46153846e-01
 6.92307692e-01 5.38461538e-01 5.38461538e-01 3.07692308e-01
 7.69230769e-02 4.61538462e-01 6.92307692e-01 8.62307692e+01
 0.00000000e+00]",0.7864672907213518,0.001428534222247261,0.9977172502245606,0.9979651891979164,0.00024793897335584347,0.0042194092827004225,0.9977548299624223,3.757973786167046e-05,0.001687763713080169,0.9977321075377603,1.4857313199723166e-05,0.0025316455696202536,0.9978474700248497,0.00013021980028915525,0.00928270042194093,0.998145462495658,0.0004282122710974612,0.00759493670886076,0.9978765353751768,0.0001592851506162507,0.005907172995780591,0.9983205256837225,0.0006032754591619449,0.005907172995780591,0.9978134147313776,9.616450681704247e-05,0.003375527426160338,0.9979070509027087,0.00018980067814811097,0.0008438818565400845,0.9978282259654978,0.00011097574093721363,0.005063291139240507,0.997973491217358,0.0002562409927974185,0.00759493670886076,0.30778526021303715,-0.6899319900115235,0.9459915611814347,0.9977172502245606,0.0,0.0,VSFTYRYL,-0.6899319900115235,VSFTYRYL,-0.6899319900115235
12,AV10D-CAASPSSGSWQLIF-AJ22_BV4-CASSYDERLFF-BJ1-4,5,single,['VIVRFLTV'],1,[0.8179937952430195],VIVRFLTV,0.8179937952430195,VIVRFLTV,0.8273381294964028,True,['VIVRFLTV'],1,"['ATLVFHNL', 'HIYEFPQL', 'INFDFPKL', 'RAYLFNSV', 'RTYTYEKL', 'SNYLFTKL', 'SSYTFPKM', 'SVYVYKVL', 'VAFDFTKV', 'VGPRYTNL', 'VSFTYRYL', 'SYFPEITHI']",14.099999999999994,0.0,"[  0.2   1.4   1.6   6.2   5.4   7.4   1.2   2.8   0.2   5.4 158.2   3.4
   0. ]",0.6463509661696438,0.23861276752201296,0.9974349180018984,0.9974362599838861,1.3419819876459016e-06,0.001034126163391934,0.9975072626981577,7.234469625927442e-05,0.007238883143743536,0.9974781672877906,4.3249285892166256e-05,0.008273009307135471,0.9979242406145372,0.0004893226126387873,0.03205791106514995,0.9980316001279481,0.0005966821260496857,0.027921406411582216,0.9977683821740968,0.0003334641721983722,0.038262668045501554,0.9974726986588254,3.7780656926944545e-05,0.0062047569803516025,0.9977743749062562,0.0003394569043577711,0.014477766287487072,0.9974362599838861,1.3419819876459016e-06,0.001034126163391934,0.9977104839691512,0.0002755659672527555,0.027921406411582216,0.772974697814891,-0.2244602201870074,0.8179937952430195,0.9977839019624618,0.000348983960563376,0.017580144777662874,0.9974349180018984,0.0,0.0,VIVRFLTV,-0.2244602201870074,VIVRFLTV,-0.2244602201870074
13,AV16D/DV11-CAMREANSGTYQRF-AJ13_BV13-2-CASGPDNSGNTLYF-BJ1-3,6,single,['SVYVYKVL'],1,[0.8857142857142857],SVYVYKVL,0.8857142857142857,SVYVYKVL,0.9386792452830188,True,['SVYVYKVL'],1,"['ATLVFHNL', 'HIYEFPQL', 'INFDFPKL', 'RAYLFNSV', 'RTYTYEKL', 'SNYLFTKL', 'SSYTFPKM', 'VAFDFTKV', 'VGPRYTNL', 'VIVRFLTV', 'VSFTYRYL', 'SYFPEITHI']",3.9000000000000057,0.6666666666666666,"[ 0.5         0.16666667  0.33333333  1.          1.83333333  0.66666667
  0.5        87.83333333  0.          1.5         1.66666667  2.5
  0.66666667]",0.6806306297023341,0.13670786598113444,0.9972061082796676,0.9972310691807617,2.4960901094051025e-05,0.0050420168067226885,0.9972182223217004,1.2114042032829175e-05,0.001680672268907563,0.9972224194462117,1.6311166544102917e-05,0.003361344537815126,0.9974032186897214,0.00019711041005376906,0.010084033613445377,0.9976174826221264,0.00041137434245874793,0.01848739495798319,0.9973013198281232,9.52115484555982e-05,0.006722689075630252,0.9972798578578688,7.374957820116546e-05,0.0050420168067226885,0.5281221753079631,-0.4690839329717045,0.8857142857142857,0.9972061082796676,0.0,0.0,0.997355316123506,0.0001492078438384281,0.015126050420168067,0.9974886383216045,0.00028253004193690145,0.01680672268907563,0.9986348176001665,0.0014287093204988777,0.025210084033613443,0.9972984853171412,9.237703747355663e-05,0.006722689075630252,SVYVYKVL,-0.4690839329717045,SVYVYKVL,-0.4690839329717045
14,AV16/DV11-CAMREANTGNYKYVF-AJ40_BV13-2-CASGDNYEQYF-BJ2-7,6,single,['RTYTYEKL'],1,[0.8531938737392604],RTYTYEKL,0.8531938737392604,RTYTYEKL,0.8179271708683473,True,['RTYTYEKL'],1,"['ATLVFHNL', 'HIYEFPQL', 'INFDFPKL', 'RAYLFNSV', 'SNYLFTKL', 'SSYTFPKM', 'SVYVYKVL', 'VAFDFTKV', 'VGPRYTNL', 'VIVRFLTV', 'VSFTYRYL', 'SYFPEITHI']",17.450000000000003,0.5,"[1.66666667e+00 2.50000000e+00 2.33333333e+00 9.33333333e+00
 3.80666667e+02 1.26666667e+01 2.00000000e+00 5.16666667e+00
 3.33333333e-01 9.33333333e+00 1.50000000e+01 4.66666667e+00
 5.00000000e-01]",0.46229053883723,0.3559628349118595,0.9971464660809689,0.9971896775244136,4.321144344465733e-05,0.0037355248412401943,0.9971735251690238,2.7059088054892655e-05,0.0056032872618602915,0.9972205804447273,7.411436375837077e-05,0.005229734777736272,0.9975678003376984,0.00042133425672952196,0.020918939110945087,0.8890723455393849,-0.10807412054158405,0.8531938737392604,0.9977051941864893,0.0005587281055203785,0.028389988793425473,0.9971795100973679,3.304401639903087e-05,0.004482629809488233,0.9973104407462318,0.00016397466526285598,0.011580127007844603,0.9971477884825504,1.322401581460575e-06,0.0007471049682480388,0.9974399973551148,0.0002935312741458862,0.020918939110945087,0.998066368277559,0.0009199021965901055,0.03361972357116175,0.9974137921734259,0.00026732609245694317,0.010459469555472544,0.9971496860562133,3.2199752444395102e-06,0.0011206574523720582,RTYTYEKL,-0.10807412054158405,RTYTYEKL,-0.10807412054158405
15,AV16D/DV11-CAMREANSAGNKLTF-AJ17*p02_BV13-1-CASSDVSTEVFF-BJ1-1,11,single,['SNYLFTKL'],1,[0.8872691933916423],SNYLFTKL,0.8872691933916423,SNYLFTKL,0.8987341772151899,True,['SNYLFTKL'],1,"['ATLVFHNL', 'HIYEFPQL', 'INFDFPKL', 'RAYLFNSV', 'RTYTYEKL', 'SSYTFPKM', 'SVYVYKVL', 'VAFDFTKV', 'VGPRYTNL', 'VIVRFLTV', 'VSFTYRYL', 'SYFPEITHI']",3.4499999999999886,0.09090909090909091,"[ 0.45454545  0.09090909  0.27272727  1.36363636  1.81818182 83.
  0.27272727  0.90909091  0.09090909  1.09090909  2.27272727  1.81818182
  0.09090909]",0.536831458250129,0.08862158691348514,0.9970834518449463,0.9971663140831153,8.28622381690014e-05,0.004859086491739553,0.9971022520637663,1.8800218820058667e-05,0.0009718172983479106,0.9971579770549586,7.45252100122773e-05,0.0029154518950437317,0.997223120844502,0.00013966899955575318,0.014577259475218658,0.997445700085729,0.00036224824078268103,0.019436345966958212,0.5673387937690059,-0.4297446580759404,0.8872691933916423,0.9971608146854971,7.736284055082088e-05,0.0029154518950437317,0.9975055193774197,0.00042206753247342466,0.009718172983479106,0.9970846312893648,1.1794444184642927e-06,0.0009718172983479106,0.9974441547861403,0.00036070294119405766,0.011661807580174927,0.9974243814237158,0.0003409295787695221,0.024295432458697766,0.9980884635969981,0.0010050117520518098,0.019436345966958212,0.9970994424595002,1.5990614553929028e-05,0.0009718172983479106,SNYLFTKL,-0.4297446580759404,SNYLFTKL,-0.4297446580759404
16,AV5-4-CAATGNYKYVF-AJ40_BV13-1-CASSGGQTEVFF-BJ1-1,6,single,['VIVRFLTV'],1,[0.9050445103857567],VIVRFLTV,0.9050445103857567,VIVRFLTV,0.9404761904761905,True,['VIVRFLTV'],1,"['ATLVFHNL', 'HIYEFPQL', 'INFDFPKL', 'RAYLFNSV', 'RTYTYEKL', 'SNYLFTKL', 'SSYTFPKM', 'SVYVYKVL', 'VAFDFTKV', 'VGPRYTNL', 'VSFTYRYL', 'SYFPEITHI']",2.0,0.0,"[ 1.          0.          0.33333333  0.66666667  0.5         0.16666667
  0.16666667  0.5         0.33333333  1.         50.83333333  0.66666667
  0.        ]",0.20352267116211742,0.6989310981469726,0.9968089355539277,0.9970330322202176,0.00022409666628986358,0.017804154302670624,0.9968089355539277,0.0,0.0,0.9969959451220973,0.0001870095681696382,0.005934718100890208,0.9972898798346537,0.00048094428072598117,0.011869436201780416,0.9973071737375674,0.0004982381836396987,0.008902077151335312,0.9969074342304597,9.849867653199951e-05,0.002967359050445104,0.9969281210136719,0.0001191854597442088,0.002967359050445104,0.9969170479415707,0.00010811238764296682,0.008902077151335312,0.9969830755693835,0.0001741400154557926,0.005934718100890208,0.9979469151714926,0.0011379796175648993,0.017804154302670624,0.3906500588536391,-0.6061588767002886,0.9050445103857567,0.9969505119861434,0.00014157643221568428,0.011869436201780416,0.9968089355539277,0.0,0.0,VIVRFLTV,-0.6061588767002886,VIVRFLTV,-0.6061588767002886
17,AV13D-1-CAMELSSGSWQLIF-AJ22_BV4-CASSYGAQYF-BJ2-7,6,single,['VIVRFLTV'],1,[0.7523849025300704],VIVRFLTV,0.7523849025300704,VIVRFLTV,0.6977848101265823,True,['VIVRFLTV'],1,"['ATLVFHNL', 'HIYEFPQL', 'INFDFPKL', 'RAYLFNSV', 'RTYTYEKL', 'SNYLFTKL', 'SSYTFPKM', 'SVYVYKVL', 'VAFDFTKV', 'VGPRYTNL', 'VSFTYRYL', 'SYFPEITHI']",27.0,0.16666666666666666,"[2.16666667e+00 3.33333333e+00 5.33333333e+00 1.96666667e+01
 1.51666667e+01 1.85000000e+01 3.83333333e+00 7.66666667e+00
 2.00000000e+00 1.45000000e+01 3.02333333e+02 7.16666667e+00
 1.66666667e-01]",0.9300025703526519,0.00717797912725147,0.9965754385357589,0.9966622774295774,8.683889381844168e-05,0.00539195354624637,0.9966279143862468,5.247585048784309e-05,0.008295313148071339,0.9966728176311783,9.737909541940315e-05,0.013272501036914141,0.9975215548634523,0.0009461163276933693,0.048942347573620905,0.9969715748312353,0.0003961362954764125,0.03774367482372459,0.9976230125151986,0.0010475739794396643,0.04603898797179593,0.9967124850595901,0.00013704652383117466,0.00953961012028204,0.9966104163100524,3.497777429350979e-05,0.01907922024056408,0.9966152789544789,3.98404187199608e-05,0.004977187888842803,0.9968565505514934,0.00028111201573444156,0.03608461219411033,0.8454780423813744,-0.15109739615438456,0.7523849025300704,0.9968150319071072,0.00023959337134826786,0.01783492326835338,0.9965784141909388,2.975655179926484e-06,0.0004147656574035669,VIVRFLTV,-0.15109739615438456,VIVRFLTV,-0.15109739615438456
18,AV16D/DV11-CAMREGSSGSWQLIF-AJ22_BV19-CASSITENTEVFF-BJ1-1,7,single,['VIVRFLTV'],1,[0.8925925925925925],VIVRFLTV,0.8925925925925925,VIVRFLTV,0.9344262295081968,True,['VIVRFLTV'],1,"['ATLVFHNL', 'HIYEFPQL', 'INFDFPKL', 'RAYLFNSV', 'RTYTYEKL', 'SNYLFTKL', 'SSYTFPKM', 'SVYVYKVL', 'VAFDFTKV', 'VGPRYTNL', 'VSFTYRYL', 'SYFPEITHI']",3.0,0.0,"[ 0.28571429  0.42857143  1.          1.14285714  1.14285714  1.42857143
  0.28571429  0.28571429  0.28571429  1.14285714 68.85714286  0.85714286
  0.        ]",0.7196443449354621,0.06826175624963661,0.996525690294693,0.996654991612109,0.000129301317416064,0.003703703703703703,0.996694854377434,0.00016916408274103567,0.005555555555555555,0.996813957339928,0.00028826704523499114,0.01296296296296296,0.9967048615124771,0.00017917121778410205,0.014814814814814812,0.9977261380687404,0.0012004477740474861,0.014814814814814812,0.9967431462204718,0.00021745592577882,0.018518518518518517,0.9966877354484674,0.0001620451537744927,0.003703703703703703,0.9965447289948024,1.9038700109441642e-05,0.003703703703703703,0.9966779195968549,0.00015222930216196584,0.003703703703703703,0.9972273943007968,0.0007017040061038093,0.014814814814814812,0.35731563109201653,-0.6392100592026764,0.8925925925925925,0.9967671814190152,0.00024149112432225728,0.01111111111111111,0.996525690294693,0.0,0.0,VIVRFLTV,-0.6392100592026764,VIVRFLTV,-0.6392100592026764
19,AV12-1-CALSDPSNTDKVVF-AJ34*p03_BV13-1-CASSPHYNYAEQFF-BJ2-1,10,single,['VIVRFLTV'],1,[0.8357972544878565],VIVRFLTV,0.8357972544878565,VIVRFLTV,0.8234349919743178,True,['VIVRFLTV'],1,"['ATLVFHNL', 'HIYEFPQL', 'INFDFPKL', 'RAYLFNSV', 'RTYTYEKL', 'SNYLFTKL', 'SSYTFPKM', 'SVYVYKVL', 'VAFDFTKV', 'VGPRYTNL', 'VSFTYRYL', 'SYFPEITHI']",17.049999999999997,0.2,"[1.500e+00 2.800e+00 4.700e+00 1.020e+01 1.100e+01 1.130e+01 2.200e+00
 3.400e+00 7.000e-01 8.400e+00 3.166e+02 5.800e+00 2.000e-01]",0.5317550206931335,0.11365421513688145,0.9963836882631418,0.9964056522698812,2.1964006739372266e-05,0.00395987328405491,0.9964159342134448,3.224595030293376e-05,0.007391763463569165,0.9965447041245382,0.00016101586139638524,0.012407602956705385,0.9967162307116292,0.0003325424484873496,0.026927138331573387,0.9969076821722642,0.0005239939091223889,0.029039070749736006,0.9966886554477138,0.00030496718457195815,0.02983104540654699,0.9964050927211591,2.1404458017237893e-05,0.005807814149947202,0.9964093813269983,2.5693063856468967e-05,0.00897571277719113,0.9963950799678106,1.1391704668795022e-05,0.0018479408658922912,0.9970196100850999,0.0006359218219580409,0.022175290390707498,0.8098419117667165,-0.18654177649642534,0.8357972544878565,0.9978619358505859,0.0014782475874440815,0.015311510031678984,0.996385864722577,2.1764594351214583e-06,0.0005279831045406547,VIVRFLTV,-0.18654177649642534,VIVRFLTV,-0.18654177649642534
20,AV4-3-CAAEANSAGNKLTF-AJ17*p02_BV13-3-CASSQLAEQFF-BJ2-1,6,single,['VIVRFLTV'],1,[0.868421052631579],VIVRFLTV,0.868421052631579,VIVRFLTV,0.8813559322033898,True,['VIVRFLTV'],1,"['ATLVFHNL', 'HIYEFPQL', 'INFDFPKL', 'RAYLFNSV', 'RTYTYEKL', 'SNYLFTKL', 'SSYTFPKM', 'SVYVYKVL', 'VAFDFTKV', 'VGPRYTNL', 'VSFTYRYL', 'SYFPEITHI']",6.450000000000003,0.16666666666666666,"[  1.           1.33333333   1.83333333   4.           3.83333333
   2.83333333   1.           0.66666667   0.           4.33333333
 148.5          1.5          0.16666667]",0.3338923313754519,0.517773344122437,0.9960737994768661,0.9966301582112853,0.0005563587344191712,0.005847953216374269,0.9961239584704363,5.0158993570192933e-05,0.007797270955165692,0.9962276527692374,0.00015385329237127543,0.010721247563352826,0.99635017221711,0.0002763727402438354,0.023391812865497075,0.9963881898109084,0.00031439033404223604,0.022417153996101367,0.9963620710433037,0.0002882715664375146,0.016569200779727098,0.9960917683770802,1.79689002141048e-05,0.005847953216374269,0.9961114556315943,3.765615472817174e-05,0.003898635477582846,0.9960737994768661,0.0,0.0,0.997708451439215,0.0016346519623489097,0.025341130604288498,0.7031519806899741,-0.29292181878689205,0.868421052631579,0.9966274395586836,0.0005536400818174636,0.008771929824561403,0.9960812749130016,7.4754361354401055e-06,0.0009746588693957114,VIVRFLTV,-0.29292181878689205,VIVRFLTV,-0.29292181878689205
21,AV16/DV11-CAMREDSSNTDKVVF-AJ34*p03_BV5-CASSQDLGGQNTLYF-BJ2-4,28,single,['VIVRFLTV'],1,[0.8376497005988025],VIVRFLTV,0.8376497005988025,VIVRFLTV,0.8552036199095022,True,['VIVRFLTV'],1,"['ATLVFHNL', 'HIYEFPQL', 'INFDFPKL', 'RAYLFNSV', 'RTYTYEKL', 'SNYLFTKL', 'SSYTFPKM', 'SVYVYKVL', 'VAFDFTKV', 'VGPRYTNL', 'VSFTYRYL', 'SYFPEITHI']",21.0,0.6071428571428571,"[  1.32142857   3.71428571   4.85714286  10.85714286  12.14285714
  12.39285714   2.35714286   4.96428571   0.82142857  17.42857143
 399.67857143   6.           0.60714286]",0.5093875380211758,0.005629161397757989,0.9952747713442934,0.9953374971741538,6.272582986033282e-05,0.0027694610778443117,0.9954100633477876,0.00013529200349415849,0.007784431137724552,0.9953675518449793,9.278050068584065e-05,0.010179640718562874,0.9965392342246896,0.0012644628803961666,0.022754491017964073,0.9960493966883351,0.0007746253440417128,0.025449101796407185,0.996039004567352,0.0007642332230585192,0.025973053892215568,0.9953699451448692,9.517380057577629e-05,0.004940119760479042,0.9955490014168421,0.0002742300725486757,0.010404191616766468,0.995280240562046,5.469217752573918e-06,0.0017215568862275449,0.9959419747941616,0.0006672034498681478,0.03652694610778443,0.8526350686276338,-0.1426397027166596,0.8376497005988025,0.9955926568439522,0.00031788549965872104,0.012574850299401199,0.9952840091578927,9.23781359929432e-06,0.0012724550898203593,VIVRFLTV,-0.1426397027166596,VIVRFLTV,-0.1426397027166596
22,AV9D-4-CALSPDTNAYKVIF-AJ30_BV12-1-CASSLWADTQYF-BJ2-5,9,single,['INFDFPKL'],1,[0.9176980198019801],INFDFPKL,0.9176980198019801,INFDFPKL,0.8631578947368421,True,['INFDFPKL'],1,"['ATLVFHNL', 'HIYEFPQL', 'RAYLFNSV', 'RTYTYEKL', 'SNYLFTKL', 'SSYTFPKM', 'SVYVYKVL', 'VAFDFTKV', 'VGPRYTNL', 'VIVRFLTV', 'VSFTYRYL', 'SYFPEITHI']",4.0,0.0,"[  0.44444444   0.77777778 164.77777778   1.77777778   1.77777778
   2.11111111   0.33333333   1.77777778   0.22222222   3.44444444
   1.11111111   1.           0.        ]",0.5004881517729329,0.16998661699903495,0.995155853589804,0.9954387002303751,0.00028284664057109943,0.002475247524752475,0.9953129426033951,0.00015708901359112737,0.004331683168316831,0.6004500709847647,-0.3947057826050393,0.9176980198019801,0.9961556217281741,0.0009997681383701051,0.0099009900990099,0.9956516294538476,0.0004957758640435905,0.0099009900990099,0.9961939557838357,0.0010381021940317758,0.011757425742574257,0.9951957121362714,3.98585464674861e-05,0.0018564356435643561,0.9961625052667996,0.0010066516769956513,0.0099009900990099,0.9951719419319374,1.6088342133402378e-05,0.0012376237623762374,0.9957365497078791,0.0005806961180750969,0.019183168316831683,0.995201070256273,4.5216666469061195e-05,0.0061881188118811875,0.9952540241980609,9.817060825689783e-05,0.005569306930693069,0.995155853589804,0.0,0.0,INFDFPKL,-0.3947057826050393,INFDFPKL,-0.3947057826050393
23,AV16/DV11-CAMREDGGSGNKLIF-AJ32_BV13-2-CASGDINTEVFF-BJ1-1,7,single,['RTYTYEKL'],1,[0.9290187891440502],RTYTYEKL,0.9290187891440502,RTYTYEKL,0.9347826086956522,True,['RTYTYEKL'],1,"['ATLVFHNL', 'HIYEFPQL', 'INFDFPKL', 'RAYLFNSV', 'SNYLFTKL', 'SSYTFPKM', 'SVYVYKVL', 'VAFDFTKV', 'VGPRYTNL', 'VIVRFLTV', 'VSFTYRYL', 'SYFPEITHI']",3.0,0.0,"[ 0.          0.          0.          0.28571429 63.57142857  0.57142857
  0.14285714  1.42857143  0.          0.71428571  1.57142857  0.14285714
  0.        ]",0.5207333895595592,0.2307864562565861,0.99506324181253,0.99506324181253,0.0,0.0,0.99506324181253,0.0,0.0,0.99506324181253,0.0,0.0,0.9952092838607446,0.00014604204821455635,0.004175365344467641,0.5256650358318381,-0.46939820598069193,0.9290187891440502,0.9953254224824521,0.0002621806699221185,0.008350730688935283,0.9953041723365414,0.0002409305240114179,0.0020876826722338207,0.9971323803108815,0.0020691384983514416,0.020876826722338208,0.99506324181253,0.0,0.0,0.9952836378501847,0.00022039603765466875,0.010438413361169104,0.997017538014037,0.001954296201507,0.02296450939457203,0.9950789906382459,1.5748825715866666e-05,0.0020876826722338207,0.99506324181253,0.0,0.0,RTYTYEKL,-0.46939820598069193,RTYTYEKL,-0.46939820598069193
24,AV6D-6-CALRWDTNAYKVIF-AJ30_BV19-CASRGGVTYEQYF-BJ2-7,5,single,['RAYLFNSV'],1,[0.8186528497409328],RAYLFNSV,0.8186528497409328,RAYLFNSV,0.90625,True,"['RAYLFNSV', 'VIVRFLTV']",2,"['ATLVFHNL', 'HIYEFPQL', 'INFDFPKL', 'RTYTYEKL', 'SNYLFTKL', 'SSYTFPKM', 'SVYVYKVL', 'VAFDFTKV', 'VGPRYTNL', 'VSFTYRYL', 'SYFPEITHI']",2.5999999999999943,0.0,[ 0.2  0.   0.8 31.6  1.2  0.4  0.   0.2  0.8  1.   2.   0.4  0. ],0.8689703216372893,0.055803699227701,0.9949048059908977,0.995177286522343,0.00027248053144535156,0.005181347150259068,0.9949048059908977,0.0,0.0,0.9955600047210356,0.0006551987301378626,0.020725388601036274,0.6028203674839782,-0.39208443850691954,0.8186528497409328,0.9963835883540458,0.0014787823631481345,0.031088082901554407,0.995093317553923,0.00018851156302535088,0.010362694300518137,0.9949048059908977,0.0,0.0,0.9950970771497643,0.00019227115886655266,0.005181347150259068,0.9955600047210356,0.0006551987301378626,0.020725388601036274,0.9951256586945817,0.00022085270368399357,0.025906735751295342,0.9961278234195555,0.0012230174286578244,0.051813471502590684,0.9950683016733782,0.00016349568248053004,0.010362694300518137,0.9949048059908971,-5.551115123125783e-16,0.0,VIVRFLTV,0.0012230174286578244,RAYLFNSV,-0.39208443850691954
25,AV16D/DV11-CAMREANSAGNKLTF-AJ17*p02_BV13-1-CASSDVGGEQYF-BJ2-7,5,single,['SNYLFTKL'],1,[0.7419980601357905],SNYLFTKL,0.7419980601357905,SNYLFTKL,0.8061674008810573,True,"['SNYLFTKL', 'VIVRFLTV']",2,"['ATLVFHNL', 'HIYEFPQL', 'INFDFPKL', 'RAYLFNSV', 'RTYTYEKL', 'SSYTFPKM', 'SVYVYKVL', 'VAFDFTKV', 'VGPRYTNL', 'VSFTYRYL', 'SYFPEITHI']",13.0,0.2,"[  1.    3.8   3.6   5.8   7.8 153.    0.6   6.6   0.4   9.8  11.    2.6
   0.2]",0.95243832153696,0.012362228557007124,0.9948591390141921,0.9949122753892882,5.3136375096074495e-05,0.004849660523763337,0.9951470344926683,0.0002878954784761856,0.01842870999030068,0.9962431681656232,0.0013840291514310987,0.01745877788554801,0.9949808373236643,0.00012169830947217353,0.028128031037827354,0.9956237045132866,0.0007645654990945383,0.037827352085354024,0.7632812356126009,-0.23157790340159123,0.7419980601357905,0.9948804366598146,2.1297645622531114e-05,0.002909796314258002,0.995070389574663,0.00021125056047088808,0.03200775945683802,0.9949266990970271,6.756008283503867e-05,0.0019398642095053349,0.9960938103974561,0.0012346713832640521,0.047526673132880705,0.9956575205548143,0.0007983815406221728,0.053346265761396706,0.9949707557071811,0.00011161669298898058,0.012609117361784676,0.9948623158554133,3.176841221197435e-06,0.0009699321047526674,VIVRFLTV,0.0007983815406221728,SNYLFTKL,-0.23157790340159123
26,AV16D/DV11-CAMREDTGYQNFYF-AJ49_BV19-CASTGTGSNYAEQFF-BJ2-1,15,single,['VGPRYTNL'],1,[0.9171048561707393],VGPRYTNL,0.9171048561707393,VGPRYTNL,0.920863309352518,True,['VGPRYTNL'],1,"['ATLVFHNL', 'HIYEFPQL', 'INFDFPKL', 'RAYLFNSV', 'RTYTYEKL', 'SNYLFTKL', 'SSYTFPKM', 'SVYVYKVL', 'VAFDFTKV', 'VIVRFLTV', 'VSFTYRYL', 'SYFPEITHI']",5.0,0.2,"[  1.           0.66666667   0.8          3.53333333   2.2
   1.33333333   1.06666667   1.4          0.46666667 197.66666667
   3.06666667   2.13333333   0.2       ]",0.6881100343901007,0.0045703168866534985,0.9948064074276018,0.9949098492672848,0.0001034418396829162,0.004639653572533251,0.9950119100566952,0.00020550262909335704,0.003093102381688834,0.9948163226075343,9.915179932429297e-06,0.0037117228580266014,0.9963565620581158,0.0015501546305140002,0.01639344262295082,0.9949398391266592,0.0001334316990573292,0.010207237859573155,0.9948993136954342,9.290626783231559e-05,0.006186204763377668,0.9948707265691102,6.431914150839546e-05,0.0049489638107021346,0.9949119648816126,0.00010555745401075178,0.006495515001546551,0.9949317733465826,0.00012536591898071325,0.002165171667182184,0.5108243317624117,-0.48398207566519014,0.9171048561707393,0.9954303579537529,0.0006239505261510514,0.014228270955768639,0.9969570003074048,0.002150592879802904,0.009897927621404269,0.9948151204842755,8.71305667360378e-06,0.0009279307145066503,VGPRYTNL,-0.48398207566519014,VGPRYTNL,-0.48398207566519014
27,AV10D-CAASMDYANKMIF-AJ47_BV3-CASSTTGGQDTQYF-BJ2-5,6,single,['VGPRYTNL'],1,[0.7801227935533385],VGPRYTNL,0.7801227935533385,VGPRYTNL,0.835742444152431,True,"['VGPRYTNL', 'VIVRFLTV']",2,"['ATLVFHNL', 'HIYEFPQL', 'INFDFPKL', 'RAYLFNSV', 'RTYTYEKL', 'SNYLFTKL', 'SSYTFPKM', 'SVYVYKVL', 'VAFDFTKV', 'VSFTYRYL', 'SYFPEITHI']",28.0,0.3333333333333333,"[3.33333333e+00 2.16666667e+00 9.33333333e+00 1.41666667e+01
 1.25000000e+01 1.25000000e+01 1.66666667e+00 6.00000000e+00
 2.33333333e+00 3.38833333e+02 2.55000000e+01 5.66666667e+00
 3.33333333e-01]",0.5588391286661438,0.24900436434582332,0.9940277787490714,0.9941108330725261,8.305432345467878e-05,0.007674597083653109,0.9940546294890216,2.685073995012388e-05,0.0049884881043745204,0.994423133033681,0.00039535428460957256,0.021488871834228707,0.9948550386282988,0.0008272598792273822,0.03261703760552571,0.9946105391799451,0.0005827604308736856,0.028779739063699156,0.9943563950962759,0.0003286163472044912,0.028779739063699156,0.9940609526993337,3.3173950262255225e-05,0.0038372985418265544,0.9942297580229542,0.0002019792738827686,0.013814274750575596,0.9940618899224037,3.4111173332296296e-05,0.005372217958557177,0.905342343360045,-0.0886854353890264,0.7801227935533385,0.9971178542504757,0.003090075501404277,0.05871066768994628,0.9942623397483755,0.0002345609993040787,0.013046815042210285,0.9940312051988971,3.426449825649769e-06,0.0007674597083653108,VIVRFLTV,0.003090075501404277,VGPRYTNL,-0.0886854353890264
28,AV8-1-CATDGSSGSWQLIF-AJ22_BV4-CASTTANTEVFF-BJ1-1,11,single,['VIVRFLTV'],1,[0.9265390584583547],VIVRFLTV,0.9265390584583547,VIVRFLTV,0.9120879120879121,True,['VIVRFLTV'],1,"['ATLVFHNL', 'HIYEFPQL', 'INFDFPKL', 'RAYLFNSV', 'RTYTYEKL', 'SNYLFTKL', 'SSYTFPKM', 'SVYVYKVL', 'VAFDFTKV', 'VGPRYTNL', 'VSFTYRYL', 'SYFPEITHI']",4.0,0.36363636363636365,"[9.09090909e-02 1.00000000e+00 2.72727273e-01 1.27272727e+00
 3.27272727e+00 1.27272727e+00 1.09090909e+00 1.54545455e+00
 2.72727273e-01 1.27272727e+00 1.62818182e+02 1.18181818e+00
 3.63636364e-01]",0.618353073873744,0.042571694326213494,0.9930209164857724,0.9930212471608312,3.306750587794838e-07,0.0005173305742369374,0.9930489144529087,2.7997967136261792e-05,0.00569063631660631,0.9930236076180269,2.691132254484252e-06,0.001551991722710812,0.9956716255672281,0.0026507090814557044,0.0072426280393171226,0.9944299459225681,0.0014090294367956613,0.018623900672529746,0.9936377699207576,0.0006168534349851873,0.0072426280393171226,0.993637667933319,0.0006167514475465818,0.006207966890843248,0.9941489066993967,0.001127990213624308,0.008794619762027934,0.9930918723171428,7.095583137040062e-05,0.001551991722710812,0.9931204463394321,9.952985365968559e-05,0.0072426280393171226,0.5443176266748467,-0.44870328981092567,0.9265390584583547,0.9932890533101103,0.00026813682433790564,0.006725297465080186,0.9930356084431332,1.4691957360812857e-05,0.0020693222969477496,VIVRFLTV,-0.44870328981092567,VIVRFLTV,-0.44870328981092567
29,AV6-5-CALSDLYANKMIF-AJ47_BV3-CASSFGTGGYEQYF-BJ2-7,19,single,['VGPRYTNL'],1,[0.8099114538703227],VGPRYTNL,0.8099114538703227,VGPRYTNL,0.7847222222222222,True,['VGPRYTNL'],1,"['ATLVFHNL', 'HIYEFPQL', 'INFDFPKL', 'RAYLFNSV', 'RTYTYEKL', 'SNYLFTKL', 'SSYTFPKM', 'SVYVYKVL', 'VAFDFTKV', 'VIVRFLTV', 'VSFTYRYL', 'SYFPEITHI']",18.649999999999977,0.42105263157894735,"[  1.63157895   1.89473684   5.94736842  12.15789474  10.26315789
   9.36842105   2.26315789   4.94736842   0.94736842 298.47368421
  15.47368421   4.73684211   0.42105263]",0.3552980946708683,0.13549557699527986,0.9926826831036213,0.9927763937197339,9.371061611262999e-05,0.004427306483861753,0.9927334379278598,5.075482423855249e-05,0.005141388174807198,0.9928271887692627,0.00014450566564139233,0.01613824621536704,0.994471032458396,0.0017883493547746765,0.032990574121679515,0.9940306189406792,0.0013479358370579453,0.027849185946872322,0.9935293178812508,0.0008466347776294736,0.02542130819765781,0.9927517437276134,6.906062399214541e-05,0.006141102542130819,0.9928224851301216,0.00013980202650032414,0.01342473578977435,0.9927129746587652,3.0291555143890925e-05,0.002570694087403599,0.8524747039948881,-0.14020797910873317,0.8099114538703227,0.9941283017006429,0.0014456185970216362,0.04198800342759211,0.9936909868483674,0.0010083037447461418,0.012853470437017993,0.9926888826028599,6.199499238634942e-06,0.0011425307055127106,VGPRYTNL,-0.14020797910873317,VGPRYTNL,-0.14020797910873317
30,AV16D/DV11-CAMREDSNYQLIW-AJ33_BV13-2-CASGDVINTEVFF-BJ1-1,8,single,['RAYLFNSV'],1,[0.8133567662565905],RAYLFNSV,0.8133567662565905,RAYLFNSV,0.8326180257510729,True,['RAYLFNSV'],1,"['ATLVFHNL', 'HIYEFPQL', 'INFDFPKL', 'RTYTYEKL', 'SNYLFTKL', 'SSYTFPKM', 'SVYVYKVL', 'VAFDFTKV', 'VGPRYTNL', 'VIVRFLTV', 'VSFTYRYL', 'SYFPEITHI']",19.5,0.875,"[  0.75    1.375   5.375 289.25    9.75    9.      2.125   5.125   0.625
   9.25   17.      5.125   0.875]",0.7200199174555318,0.04399192751717253,0.9924861233473663,0.9924961627957983,1.0039448432030973e-05,0.00210896309314587,0.9926112934768951,0.00012517012952883988,0.003866432337434095,0.9928136473757577,0.0003275240283914238,0.015114235500878734,0.8534104912002224,-0.1390756321471439,0.8133567662565905,0.9931768679670798,0.0006907446197135236,0.02741652021089631,0.992814639365191,0.0003285160178246871,0.02530755711775044,0.9926044930640812,0.00011836971671486118,0.005975395430579965,0.9934224171359932,0.0009362937886269185,0.014411247803163444,0.9924976645398186,1.1541192452280136e-05,0.0017574692442882249,0.993287657109334,0.0008015337619676766,0.02601054481546573,0.9961770845173827,0.003690961170016438,0.04780316344463972,0.9926214025143452,0.00013527916697886333,0.014411247803163444,0.9924965624301155,1.0439082749225115e-05,0.002460456942003515,RAYLFNSV,-0.1390756321471439,RAYLFNSV,-0.1390756321471439
31,AV6-5-CALSEGGTGYQNFYF-AJ49_BV13-1-CASRDNYEQYF-BJ2-7,11,single,['RTYTYEKL'],1,[0.8851674641148326],RTYTYEKL,0.8851674641148326,RTYTYEKL,0.9012345679012346,True,['RTYTYEKL'],1,"['ATLVFHNL', 'HIYEFPQL', 'INFDFPKL', 'RAYLFNSV', 'SNYLFTKL', 'SSYTFPKM', 'SVYVYKVL', 'VAFDFTKV', 'VGPRYTNL', 'VIVRFLTV', 'VSFTYRYL', 'SYFPEITHI']",5.449999999999989,0.09090909090909091,"[3.63636364e-01 1.81818182e-01 4.54545455e-01 1.45454545e+00
 1.17727273e+02 1.54545455e+00 3.00000000e+00 8.18181818e-01
 2.72727273e-01 1.90909091e+00 3.18181818e+00 2.00000000e+00
 9.09090909e-02]",0.8770077686147828,0.0003922616988802289,0.9922217535690073,0.9924200885170142,0.00019833494800691742,0.002734107997265892,0.9922615339435046,3.97803744972558e-05,0.001367053998632946,0.9923667189515892,0.0001449653825819075,0.003417634996582365,0.9928238393232879,0.0006020857542805569,0.010936431989063569,0.5319505014026422,-0.4602712521663651,0.8851674641148326,0.9939042295293246,0.0016824759603172312,0.01161995898838004,0.9925990454638597,0.0003772918948523607,0.022556390977443608,0.9923827671172171,0.000161013548209743,0.006151742993848257,0.9922723843875382,5.0630818530850163e-05,0.002050580997949419,0.9929017464730936,0.0006799929040862684,0.014354066985645933,0.9953000515254874,0.0030782979564800694,0.023923444976076555,0.9928630096217663,0.0006412560527589983,0.015037593984962405,0.9922382393548469,1.648578583957061e-05,0.000683526999316473,RTYTYEKL,-0.4602712521663651,RTYTYEKL,-0.4602712521663651
32,AV16D/DV11-CAMREDNAGAKLTF-AJ39_BV2-CASSQDHVSNERLFF-BJ1-4,6,single,['SVYVYKVL'],1,[0.9400244798041616],SVYVYKVL,0.9400244798041616,SVYVYKVL,0.91005291005291,True,['SVYVYKVL'],1,"['ATLVFHNL', 'HIYEFPQL', 'INFDFPKL', 'RAYLFNSV', 'RTYTYEKL', 'SNYLFTKL', 'SSYTFPKM', 'VAFDFTKV', 'VGPRYTNL', 'VIVRFLTV', 'VSFTYRYL', 'SYFPEITHI']",3.0,0.16666666666666666,"[  0.           0.           0.           2.33333333   0.66666667
   0.5          0.16666667 128.           0.           2.
   1.83333333   0.5          0.16666667]",0.06650031920563644,0.9003965631214662,0.9921587584482083,0.992158758448208,-3.3306690738754696e-16,0.0,0.992158758448208,-3.3306690738754696e-16,0.0,0.992158758448208,-3.3306690738754696e-16,0.0,0.9955014613741103,0.003342702925901997,0.017135862913096697,0.9921761966503136,1.7438202105313216e-05,0.004895960832313342,0.9921736165725489,1.4858124340544343e-05,0.0036719706242350062,0.9921606255987327,1.8671505244149955e-06,0.0012239902080783355,0.6619415381061058,-0.33021722034210255,0.9400244798041616,0.9921587584482083,0.0,0.0,0.9957198219763834,0.00356106352817509,0.014687882496940025,0.9924648762370041,0.0003061177887957456,0.01346389228886169,0.9925590348412179,0.00040027639300954654,0.0036719706242350062,0.9921915705407749,3.2812092566558704e-05,0.0012239902080783355,SVYVYKVL,-0.33021722034210255,SVYVYKVL,-0.33021722034210255
33,AV9-3-CAVSSDYANKMIF-AJ47_BV3-CASSSGTGGYEQYF-BJ2-7,14,single,['VGPRYTNL'],1,[0.9146968139773894],VGPRYTNL,0.9146968139773894,VGPRYTNL,0.9175824175824175,True,['VGPRYTNL'],1,"['ATLVFHNL', 'HIYEFPQL', 'INFDFPKL', 'RAYLFNSV', 'RTYTYEKL', 'SNYLFTKL', 'SSYTFPKM', 'SVYVYKVL', 'VAFDFTKV', 'VIVRFLTV', 'VSFTYRYL', 'SYFPEITHI']",3.0,0.2857142857142857,"[  0.5          0.78571429   1.           1.57142857   2.
   1.14285714   0.28571429   1.07142857   0.5        127.14285714
   1.5          1.21428571   0.28571429]",0.3716586723003196,0.1907244412850115,0.9916679324700269,0.9920203992139961,0.0003524667439691598,0.0035971223021582736,0.9917476302544124,7.969778438543518e-05,0.005652620760534429,0.9919057295597823,0.00023779708975535385,0.007194244604316547,0.9924860756417709,0.0008181431717440013,0.011305241521068859,0.9926527265957594,0.000984794125732491,0.014388489208633094,0.9921779908227071,0.0005100583526801428,0.008221993833504625,0.991749437190258,8.150472023105149e-05,0.0020554984583761563,0.9925623312761856,0.0008943988061587138,0.007708119218910585,0.9920388081403259,0.0003708756702989202,0.0035971223021582736,0.500878190580871,-0.4907897418891559,0.9146968139773894,0.9928509122137287,0.0011829797437017397,0.01079136690647482,0.9941098012523866,0.0024418687823596352,0.008735868448098663,0.991850537555754,0.00018260508572709444,0.0020554984583761563,VGPRYTNL,-0.4907897418891559,VGPRYTNL,-0.4907897418891559
34,AV16D/DV11-CAMRDITGNTRKLIF-AJ37*p02_BV4-CASSYGAQYF-BJ2-7,8,single,['VIVRFLTV'],1,[0.8225806451612904],VIVRFLTV,0.8225806451612904,VIVRFLTV,0.8309352517985612,True,['VIVRFLTV'],1,"['ATLVFHNL', 'HIYEFPQL', 'INFDFPKL', 'RAYLFNSV', 'RTYTYEKL', 'SNYLFTKL', 'SSYTFPKM', 'SVYVYKVL', 'VAFDFTKV', 'VGPRYTNL', 'VSFTYRYL', 'SYFPEITHI']",18.5,0.375,"[  1.875   2.625   3.75    9.     13.625  12.875   2.375   4.75    1.
  11.25  318.75    5.25    0.375]",0.8302678184052156,0.010721194705461939,0.9915722195966011,0.9917573299911897,0.00018511039458857237,0.004838709677419355,0.9917477327395349,0.00017551314293373643,0.0067741935483870966,0.9918332188665963,0.00026099926999512135,0.00967741935483871,0.9917695343316658,0.00019731473506467978,0.023225806451612905,0.9974160401705082,0.005843820573907088,0.03516129032258065,0.9920320286115555,0.0004598090149543488,0.0332258064516129,0.9917886903531629,0.00021647075656172632,0.006129032258064516,0.9916893141806563,0.00011709458405517736,0.012258064516129033,0.9915789417920486,6.722195447506074e-06,0.0025806451612903226,0.9922190277154217,0.0006468081188205632,0.02903225806451613,0.8434612350237417,-0.14811098457285943,0.8225806451612904,0.9916552982975899,8.307870098878123e-05,0.013548387096774193,0.9916359643849729,6.374478837178899e-05,0.000967741935483871,VIVRFLTV,-0.14811098457285943,VIVRFLTV,-0.14811098457285943
35,AV16D/DV11-CAMREASSGSWQLIF-AJ22_BV13-2-CASGDPTGQEQYF-BJ2-7,44,single,['RAYLFNSV'],1,[0.8947368421052632],RAYLFNSV,0.8947368421052632,RAYLFNSV,0.9285714285714286,True,['RAYLFNSV'],1,"['ATLVFHNL', 'HIYEFPQL', 'INFDFPKL', 'RTYTYEKL', 'SNYLFTKL', 'SSYTFPKM', 'SVYVYKVL', 'VAFDFTKV', 'VGPRYTNL', 'VIVRFLTV', 'VSFTYRYL', 'SYFPEITHI']",4.0,0.06818181818181818,"[4.09090909e-01 4.09090909e-01 4.77272727e-01 9.42727273e+01
 1.34090909e+00 1.04545455e+00 5.22727273e-01 1.36363636e+00
 2.27272727e-01 2.00000000e+00 1.88636364e+00 1.34090909e+00
 6.81818182e-02]",0.6701428403374188,6.498896357493026e-07,0.9915629512378196,0.991630530065128,6.757882730845655e-05,0.0038826574633304576,0.9917920566011348,0.00022910536331521847,0.0038826574633304576,0.9918552479115401,0.000292296673720549,0.0045297670405522,0.4209729946919135,-0.570589956545906,0.8947368421052632,0.99305811080592,0.0014951595681004237,0.01272648835202761,0.9920549552362713,0.0004920039984517288,0.00992234685073339,0.992030811870769,0.00046786063294945723,0.004961173425366695,0.9933215641019026,0.0017586128640830756,0.012942191544434857,0.9916439141015981,8.096286377856643e-05,0.0021570319240724763,0.9930871774781205,0.0015242262403009077,0.01898188093183779,0.99241526283322,0.0008523115954004457,0.017903364969801553,0.992428324075581,0.0008653728377614467,0.01272648835202761,0.9916038687724447,4.091753462509562e-05,0.0006471095772217428,RAYLFNSV,-0.570589956545906,RAYLFNSV,-0.570589956545906
36,AV9D-4-CALSANMGYKLTF-AJ9_BV13-1-CASSEGTGGIYEQYF-BJ2-7,10,single,['VSFTYRYL'],1,[0.8829787234042554],VSFTYRYL,0.8829787234042554,VSFTYRYL,0.891566265060241,True,['VSFTYRYL'],1,"['ATLVFHNL', 'HIYEFPQL', 'INFDFPKL', 'RAYLFNSV', 'RTYTYEKL', 'SNYLFTKL', 'SSYTFPKM', 'SVYVYKVL', 'VAFDFTKV', 'VGPRYTNL', 'VIVRFLTV', 'SYFPEITHI']",3.0,0.0,[ 0.2  0.3  0.1  1.   2.2  0.8  0.1  0.3  0.1  1.2  1.4 58.1  0. ],0.39076514054607653,0.26420302174636223,0.9894002153610002,0.9913345139122587,0.0019342985512584843,0.0030395136778115506,0.9894190775400673,1.8862179067102858e-05,0.004559270516717325,0.989477192104594,7.697674359374851e-05,0.0015197568389057753,0.9911350303524505,0.0017348149914503397,0.015197568389057751,0.9931778523778548,0.003777637016854629,0.033434650455927056,0.9896945521648293,0.000294336803829065,0.012158054711246202,0.989477192104594,7.697674359374851e-05,0.0015197568389057753,0.9894818572082845,8.164184728431945e-05,0.004559270516717325,0.9894081041617404,7.888800740207813e-06,0.0015197568389057753,0.9911772586514994,0.001777043290499214,0.0182370820668693,0.9900800663552205,0.000679850994220299,0.02127659574468085,0.4596904651317541,-0.529709750229246,0.8829787234042554,0.9894002153610002,0.0,0.0,VSFTYRYL,-0.529709750229246,VSFTYRYL,-0.529709750229246
37,AV4D-3-CAAEGPASGSWQLIF-AJ22_BV12-2-CASSLEQGEDTQYF-BJ2-5,7,single,['ATLVFHNL'],1,[0.9103942652329748],ATLVFHNL,0.9103942652329748,ATLVFHNL,0.9393939393939394,True,['ATLVFHNL'],1,"['HIYEFPQL', 'INFDFPKL', 'RAYLFNSV', 'RTYTYEKL', 'SNYLFTKL', 'SSYTFPKM', 'SVYVYKVL', 'VAFDFTKV', 'VGPRYTNL', 'VIVRFLTV', 'VSFTYRYL', 'SYFPEITHI']",1.0,0.2857142857142857,"[36.28571429  0.          0.28571429  0.42857143  0.28571429  0.28571429
  0.14285714  0.71428571  0.          0.28571429  0.71428571  0.14285714
  0.28571429]",0.6393932565602024,0.12205027666338392,0.9889911472325126,0.3062421204186207,-0.6827490268138918,0.9103942652329748,0.9889911472325126,0.0,0.0,0.991703275316808,0.00271212808429544,0.007168458781362006,0.9891412303346355,0.0001500831021229443,0.01075268817204301,0.9890440194525001,5.2872219987509794e-05,0.007168458781362006,0.9906253327339821,0.0016341855014695428,0.007168458781362006,0.9890256877440959,3.454051158335858e-05,0.003584229390681003,0.990489878919641,0.0014987316871284406,0.017921146953405017,0.9889911472325126,0.0,0.0,0.9917010354102012,0.0027098881776885797,0.007168458781362006,0.9891944109027809,0.0002032636702683499,0.017921146953405017,0.9906723182977147,0.0016811710652021583,0.003584229390681003,0.9891293850148185,0.00013823778230592776,0.007168458781362006,ATLVFHNL,-0.6827490268138918,ATLVFHNL,-0.6827490268138918
38,AV16D/DV11-CAMREDSNYQLIW-AJ33_BV5-CASSQDYWGGGDTQYF-BJ2-5,7,single,['SVYVYKVL'],1,[0.8649517684887459],SVYVYKVL,0.8649517684887459,SVYVYKVL,0.9523809523809523,True,['SVYVYKVL'],1,"['ATLVFHNL', 'HIYEFPQL', 'INFDFPKL', 'RAYLFNSV', 'RTYTYEKL', 'SNYLFTKL', 'SSYTFPKM', 'VAFDFTKV', 'VGPRYTNL', 'VIVRFLTV', 'VSFTYRYL', 'SYFPEITHI']",2.8499999999999943,0.0,"[ 0.14285714  0.14285714  0.42857143  0.71428571  0.85714286  0.42857143
  0.42857143 38.42857143  0.28571429  0.          1.42857143  1.14285714
  0.        ]",-0.4068098871792254,0.3650770526332529,0.9878080497408209,0.9878962683399318,8.82185991109008e-05,0.0032154340836012853,0.9878507281825429,4.267844172201052e-05,0.0032154340836012853,0.9889186037072777,0.001110553966456762,0.009646302250803856,0.9882085317625323,0.00040048202171139025,0.016077170418006426,0.9897423052074652,0.0019342554666442746,0.01929260450160771,0.9891914244638975,0.0013833747230765914,0.009646302250803856,0.9883376699775581,0.0005296202367371938,0.009646302250803856,0.2765632058320255,-0.7112448439087955,0.8649517684887459,0.9891789064782573,0.0013708567374364211,0.0064308681672025705,0.9878080497408209,0.0,0.0,0.990871230640589,0.003063180899768092,0.03215434083601285,0.989862094559119,0.002054044818298073,0.025723472668810282,0.9878080497408209,0.0,0.0,SVYVYKVL,-0.7112448439087955,SVYVYKVL,-0.7112448439087955
39,AV13D-1-CAMANTGNYKYVF-AJ40_BV13-2-CASGGIYEQYF-BJ2-7,10,single,['RTYTYEKL'],1,[0.7478864734299517],RTYTYEKL,0.7478864734299517,RTYTYEKL,0.7940340909090909,True,"['RTYTYEKL', 'VIVRFLTV']",2,"['ATLVFHNL', 'HIYEFPQL', 'INFDFPKL', 'RAYLFNSV', 'SNYLFTKL', 'SSYTFPKM', 'SVYVYKVL', 'VAFDFTKV', 'VGPRYTNL', 'VSFTYRYL', 'SYFPEITHI']",25.549999999999997,1.1,"[  0.9   1.9   4.6  15.7 247.7  10.    2.7   5.1   0.4  14.7  19.9   6.5
   1.1]",0.48717313524471406,0.1532550577884499,0.9872092764020663,0.9873193480414731,0.00011007163940679465,0.0027173913043478264,0.9872501797448116,4.090334274520213e-05,0.005736714975845411,0.987608628798033,0.00039935239596666783,0.013888888888888888,0.9891575727107773,0.0019482963087109617,0.04740338164251208,0.8718896152435415,-0.11531966115852488,0.7478864734299517,0.9882271511979658,0.0010178747958994316,0.030193236714975848,0.9878966442355476,0.0006873678334812228,0.00815217391304348,0.9879746374171684,0.0007653610151020507,0.01539855072463768,0.9872155649129825,6.288510916108159e-06,0.001207729468599034,0.9904985161797585,0.0032892397776921323,0.044384057971014496,0.9898180984106028,0.0026088220085364044,0.06008454106280193,0.9882804633962731,0.0010711869942067187,0.0196256038647343,0.9872366916883787,2.7415286312337805e-05,0.0033212560386473434,VIVRFLTV,0.0026088220085364044,RTYTYEKL,-0.11531966115852488
40,AV14-1-CAASPGTGGYKVVF-AJ12_BV1-CTCSALRVSGNTLYF-BJ1-3,8,single,['RAYLFNSV'],1,[0.850609756097561],RAYLFNSV,0.850609756097561,RAYLFNSV,0.9107142857142857,True,['RAYLFNSV'],1,"['ATLVFHNL', 'HIYEFPQL', 'INFDFPKL', 'RTYTYEKL', 'SNYLFTKL', 'SSYTFPKM', 'SVYVYKVL', 'VAFDFTKV', 'VGPRYTNL', 'VIVRFLTV', 'VSFTYRYL', 'SYFPEITHI']",2.0,0.0,"[ 0.25   0.125  0.25  34.875  0.875  0.625  0.25   0.375  0.375  1.25
  0.625  1.125  0.   ]",0.856131889397166,0.006664314128336405,0.9863333857421871,0.9864521103208587,0.0001187245786715696,0.006097560975609756,0.9865848975797966,0.00025151183760951934,0.003048780487804878,0.9863697061575529,3.6320415365831415e-05,0.006097560975609756,0.37767046209008803,-0.6086629236520991,0.850609756097561,0.9901563436928604,0.0038229579506733335,0.021341463414634148,0.989365930391724,0.00303254464953695,0.01524390243902439,0.9864521103208587,0.0001187245786715696,0.006097560975609756,0.9866536667650364,0.00032028102284931137,0.009146341463414634,0.98645478077417,0.00012139503198294044,0.009146341463414634,0.9877668131017409,0.0014334273595537628,0.03048780487804878,0.986633968681785,0.00030058293959789317,0.01524390243902439,0.9902391102628847,0.0039057245206975955,0.027439024390243903,0.9863333857421871,0.0,0.0,RAYLFNSV,-0.6086629236520991,RAYLFNSV,-0.6086629236520991
41,AV16D/DV11-CAMREAGGYKVVF-AJ12_BV13-2-CASGDAGGKAEVFF-BJ1-1,13,single,['SNYLFTKL'],1,[0.8376184032476318],SNYLFTKL,0.8376184032476318,SNYLFTKL,0.9130434782608695,True,['SNYLFTKL'],1,"['ATLVFHNL', 'HIYEFPQL', 'INFDFPKL', 'RAYLFNSV', 'RTYTYEKL', 'SSYTFPKM', 'SVYVYKVL', 'VAFDFTKV', 'VGPRYTNL', 'VIVRFLTV', 'VSFTYRYL', 'SYFPEITHI']",3.25,0.0,"[ 0.84615385  0.23076923  0.23076923  0.53846154  1.84615385 47.61538462
  0.15384615  0.07692308  0.46153846  1.07692308  2.53846154  1.23076923
  0.        ]",0.5586568565661927,0.047196843524663794,0.9862526952665042,0.9875207400876661,0.00126804482116194,0.014884979702300403,0.9863003292449934,4.763397848928097e-05,0.0040595399188092015,0.9866673328559659,0.00041463758946169715,0.0040595399188092015,0.9866659291499962,0.0004132338834920146,0.009472259810554802,0.98964242513073,0.00338972986422581,0.03247631935047361,0.4530097418937826,-0.5332429533727215,0.8376184032476318,0.98631369420038,6.099893387578881e-05,0.002706359945872801,0.9863509203229802,9.82250564760534e-05,0.0013531799729364004,0.9881884173881608,0.0019357221216566023,0.008119079837618403,0.9868123222884692,0.0005596270219649924,0.018944519621109605,0.9887353843248718,0.002482689058367682,0.04465493910690121,0.9890422444940296,0.0027895492275253897,0.021650879566982407,0.9862526952665042,0.0,0.0,SNYLFTKL,-0.5332429533727215,SNYLFTKL,-0.5332429533727215
42,AV7-3-CAVSIAGSWQLIF-AJ22_BV13-1-CASSDAGYEQYF-BJ2-7,11,single,['SNYLFTKL'],1,[0.8791357191087101],SNYLFTKL,0.8791357191087101,SNYLFTKL,0.8859649122807017,True,['SNYLFTKL'],1,"['ATLVFHNL', 'HIYEFPQL', 'INFDFPKL', 'RAYLFNSV', 'RTYTYEKL', 'SSYTFPKM', 'SVYVYKVL', 'VAFDFTKV', 'VGPRYTNL', 'VIVRFLTV', 'VSFTYRYL', 'SYFPEITHI']",5.0,0.09090909090909091,"[4.54545455e-01 1.54545455e+00 1.09090909e+00 1.45454545e+00
 2.18181818e+00 1.18363636e+02 5.45454545e-01 1.18181818e+00
 5.45454545e-01 2.27272727e+00 3.18181818e+00 1.72727273e+00
 9.09090909e-02]",0.49096192117695414,0.1251575564813362,0.9847189511736467,0.9848789970254139,0.00016004585176720987,0.0033760972316002696,0.985876069534077,0.0011571183604303092,0.011478730587440917,0.985648552475566,0.000929601301919325,0.008102633355840647,0.9860261638482744,0.0013072126746276336,0.010803511141120863,0.9900964078652684,0.005377456691621707,0.016205266711681293,0.6029096150086725,-0.38180933616497426,0.8791357191087101,0.9849227131970935,0.00020376202344674077,0.004051316677920323,0.9858869969570284,0.0011680457833816993,0.008777852802160702,0.9848837122582352,0.00016476108458851613,0.004051316677920323,0.9859954233554581,0.0012764721818113722,0.016880486158001348,0.9871192181254683,0.0024002669518216058,0.023632680621201885,0.9850777619777348,0.0003588108040880611,0.012829169480081025,0.9847321269821584,1.3175808511678433e-05,0.000675219446320054,SNYLFTKL,-0.38180933616497426,SNYLFTKL,-0.38180933616497426
43,AV6D-6-CALSDNRIFF-AJ31_BV13-1-CASSDPTGAYEQYF-BJ2-7,9,single,['VIVRFLTV'],1,[0.6914805624483045],VIVRFLTV,0.6914805624483045,VIVRFLTV,0.751937984496124,True,"['VGPRYTNL', 'VIVRFLTV']",2,"['ATLVFHNL', 'HIYEFPQL', 'INFDFPKL', 'RAYLFNSV', 'RTYTYEKL', 'SNYLFTKL', 'SSYTFPKM', 'SVYVYKVL', 'VAFDFTKV', 'VSFTYRYL', 'SYFPEITHI']",8.199999999999989,0.2222222222222222,"[ 1.22222222  1.11111111  4.88888889  5.22222222  6.55555556  5.44444444
  1.22222222  3.22222222  1.44444444  8.11111111 92.88888889  2.77777778
  0.22222222]",0.15280250038144297,0.6947066003023892,0.9841514678317758,0.9844709503322966,0.00031948250052082905,0.009098428453267166,0.9843450535109493,0.00019358567917349134,0.00827129859387924,0.9892673243264442,0.0051158564946683915,0.03639371381306866,0.9852622455908566,0.001110777759080861,0.03887510339123243,0.9860077442641314,0.0018562764323556413,0.04880066170388751,0.9853475271144065,0.0011960592826307792,0.04052936311000828,0.9844760228156937,0.00032455498391792403,0.009098428453267166,0.9846312687002805,0.0004798008685047428,0.023986765922249798,0.9847005699766237,0.000549102144847935,0.010752688172043012,0.9873771127210718,0.0032256448892959977,0.06038047973531845,0.825014985382275,-0.15913648244950074,0.6914805624483045,0.9844774389954734,0.0003259711636975915,0.0206782464846981,0.9841641786707468,1.2710838971030647e-05,0.001654259718775848,VGPRYTNL,0.0032256448892959977,VIVRFLTV,-0.15913648244950074
44,AV13-1-CAMELSSGSWQLIF-AJ22_BV4-CASSYGEQYF-BJ2-7,38,single,['VIVRFLTV'],1,[0.7974499400992641],VIVRFLTV,0.7974499400992641,VIVRFLTV,0.8409090909090909,True,['VIVRFLTV'],1,"['ATLVFHNL', 'HIYEFPQL', 'INFDFPKL', 'RAYLFNSV', 'RTYTYEKL', 'SNYLFTKL', 'SSYTFPKM', 'SVYVYKVL', 'VAFDFTKV', 'VGPRYTNL', 'VSFTYRYL', 'SYFPEITHI']",19.0,0.42105263157894735,"[  1.81578947   2.65789474   4.07894737  10.65789474  11.55263158
   9.63157895   2.44736842   3.97368421   0.81578947  10.05263158
 245.23684211   4.18421053   0.42105263]",0.5634190575663853,0.0002304321233756163,0.9836958290643989,0.9838453441714274,0.00014951510702854165,0.005904501112442238,0.9844376483297562,0.0007418192653573241,0.00864282046893719,0.9866795153723938,0.0029836863079949483,0.013263734383022419,0.9858672165915795,0.0021713875271806016,0.03465685435563922,0.9854520981722142,0.0017562691078153447,0.03756631867191511,0.9858727811358826,0.0021769520714837176,0.031319527639911006,0.9838991271196726,0.00020329805527374845,0.007958240629813451,0.98459332422448,0.0008974951600810854,0.01292144446346055,0.9839485453565393,0.00025271629214040914,0.002652746876604484,0.9859967181905805,0.002300889126181649,0.03268868731815848,0.8507658335184832,-0.13292999554591567,0.7974499400992641,0.9844163104802995,0.0007204814159006423,0.013606024302584289,0.9837088385131275,1.300944872861809e-05,0.0013691596782474755,VIVRFLTV,-0.13292999554591567,VIVRFLTV,-0.13292999554591567
45,AV13D-3-CAMRTNSAGNKLTF-AJ17*p02_BV13-2-CASGTTYEQYF-BJ2-7,11,single,['VGPRYTNL'],1,[0.7787322274881514],VGPRYTNL,0.7787322274881514,VGPRYTNL,0.8248175182481752,True,['VGPRYTNL'],1,"['ATLVFHNL', 'HIYEFPQL', 'INFDFPKL', 'RAYLFNSV', 'RTYTYEKL', 'SNYLFTKL', 'SSYTFPKM', 'SVYVYKVL', 'VAFDFTKV', 'VIVRFLTV', 'VSFTYRYL', 'SYFPEITHI']",24.349999999999966,0.7272727272727273,"[  0.90909091   3.45454545   5.72727273  15.09090909   9.36363636
   6.90909091   1.72727273   6.09090909   0.63636364 239.
  13.36363636   3.90909091   0.72727273]",0.2576708908602458,0.44429791360540566,0.9836868737679244,0.9837036900799915,1.681631206706946e-05,0.002962085308056871,0.9838172139825451,0.00013034021462066114,0.01125592417061611,0.9844227821261557,0.0007359083582313408,0.01866113744075829,0.9863252094061645,0.002638335638240119,0.04917061611374406,0.9867712886012806,0.003084414833356197,0.030509478672985774,0.9845592808020102,0.0008724070340857537,0.02251184834123222,0.9838578524737236,0.00017097870579918517,0.005627962085308055,0.9849500544985346,0.0012631807306101583,0.019845971563981036,0.9838037128109159,0.00011683904299153447,0.0020734597156398097,0.8092840033448094,-0.17440287042311498,0.7787322274881514,0.9872596559650892,0.0035727821971648366,0.043542654028436004,0.985844770373909,0.002157896605984644,0.012736966824644546,0.9837052226394895,1.8348871565043723e-05,0.002369668246445497,VGPRYTNL,-0.17440287042311498,VGPRYTNL,-0.17440287042311498
46,AV8-2-CATDDNNAPRF-AJ43*p03_BV3-CASSLARDYEQYF-BJ2-7,14,single,['VGPRYTNL'],1,[0.8806104129263912],VGPRYTNL,0.8806104129263912,VGPRYTNL,0.8636363636363636,True,['VGPRYTNL'],1,"['ATLVFHNL', 'HIYEFPQL', 'INFDFPKL', 'RAYLFNSV', 'RTYTYEKL', 'SNYLFTKL', 'SSYTFPKM', 'SVYVYKVL', 'VAFDFTKV', 'VIVRFLTV', 'VSFTYRYL', 'SYFPEITHI']",3.0,0.0,"[ 1.21428571  1.          0.35714286  1.35714286  1.07142857  1.35714286
  0.28571429  0.57142857  0.07142857 70.07142857  1.28571429  0.92857143
  0.        ]",0.72493640298736,0.003352527313377114,0.9836306123891532,0.9837973263489427,0.00016671395978951065,0.015260323159784556,0.9917210460764138,0.00809043368726059,0.012567324955116695,0.983711390834205,8.077844505183229e-05,0.004488330341113105,0.9848658124706143,0.001235200081461163,0.0170556552962298,0.9849141918013641,0.0012835794122109112,0.013464991023339316,0.9856641040152867,0.0020334916261335323,0.0170556552962298,0.9837209435825535,9.033119340029483e-05,0.003590664272890484,0.9837632245482227,0.00013261215906956725,0.007181328545780968,0.98363227285877,1.6604696168043276e-06,0.000897666068222621,0.44518558188252544,-0.5384450305066277,0.8806104129263912,0.9842609692202355,0.0006303568310823682,0.01615798922800718,0.9857315539065225,0.0021009415173692814,0.011669658886894073,0.9836306123891532,0.0,0.0,VGPRYTNL,-0.5384450305066277,VGPRYTNL,-0.5384450305066277
47,AV5D-4-CAASGGSGNKLIF-AJ32_BV13-1-CASSAGYAEQFF-BJ2-1,6,single,['VIVRFLTV'],1,[0.7978468899521531],VIVRFLTV,0.7978468899521531,VIVRFLTV,0.8296529968454258,True,['VIVRFLTV'],1,"['ATLVFHNL', 'HIYEFPQL', 'INFDFPKL', 'RAYLFNSV', 'RTYTYEKL', 'SNYLFTKL', 'SSYTFPKM', 'SVYVYKVL', 'VAFDFTKV', 'VGPRYTNL', 'VSFTYRYL', 'SYFPEITHI']",7.450000000000003,0.0,"[  1.16666667   0.83333333   1.           5.           5.83333333
   5.16666667   0.5          1.           1.           4.5
 111.16666667   2.16666667   0.        ]",-0.21135834264618406,0.6876834228547489,0.9836061025873853,0.9843168144683829,0.0007107118809975832,0.008373205741626795,0.9837499636486204,0.00014386106123509546,0.005980861244019139,0.9838314314265766,0.00022532883919124114,0.007177033492822966,0.9866009284012844,0.0029948258138990935,0.03588516746411483,0.9889032838857943,0.005297181298408948,0.04186602870813397,0.9840628163017312,0.0004567137143458577,0.03708133971291866,0.9837097562349565,0.0001036536475711447,0.003588516746411483,0.9836676869288302,6.158434144487579e-05,0.007177033492822966,0.9849924322764377,0.0013863296890523902,0.007177033492822966,0.9869807784547734,0.003374675867388044,0.032296650717703344,0.7480449080494921,-0.23556119453789326,0.7978468899521531,0.9840802209647528,0.00047411837736743845,0.015550239234449759,0.9836061025873853,0.0,0.0,VIVRFLTV,-0.23556119453789326,VIVRFLTV,-0.23556119453789326
48,AV16D/DV11-CAMREGSSGSWQLIF-AJ22_BV13-1-CASSDVGDEQYF-BJ2-7,8,single,['SNYLFTKL'],1,[0.8979591836734694],SNYLFTKL,0.8979591836734694,SNYLFTKL,0.9516129032258065,True,['SNYLFTKL'],1,"['ATLVFHNL', 'HIYEFPQL', 'INFDFPKL', 'RAYLFNSV', 'RTYTYEKL', 'SSYTFPKM', 'SVYVYKVL', 'VAFDFTKV', 'VGPRYTNL', 'VIVRFLTV', 'VSFTYRYL', 'SYFPEITHI']",2.0,0.0,"[ 0.125  0.25   0.125  1.     0.875 44.     0.125  0.25   0.     0.625
  0.875  0.75   0.   ]",0.4370897111326369,0.2788553458740211,0.9833450962427268,0.9838239063621079,0.0004788101193811123,0.002551020408163265,0.9836056263658817,0.00026053012315485624,0.00510204081632653,0.9838239063621079,0.0004788101193811123,0.002551020408163265,0.9902451152472926,0.006900019004565827,0.02040816326530612,0.9855288468216044,0.0021837505788775413,0.017857142857142856,0.27358535880519347,-0.7097597374375333,0.8979591836734694,0.9837951426405767,0.0004500463978498459,0.002551020408163265,0.9843666460298585,0.0010215497871316481,0.00510204081632653,0.9833450962427268,0.0,0.0,0.9857258396123704,0.0023807433696435565,0.012755102040816327,0.9843738827318308,0.0010287864891039833,0.017857142857142856,0.9843138990351579,0.000968802792431056,0.015306122448979591,0.9833450962427268,0.0,0.0,SNYLFTKL,-0.7097597374375333,SNYLFTKL,-0.7097597374375333
49,AV16D/DV11-CAMREDTNTGKLTF-AJ27_BV13-1-CASSDGANSDYTF-BJ1-2,6,single,['VSFTYRYL'],1,[0.855072463768116],VSFTYRYL,0.855072463768116,VSFTYRYL,0.9104477611940298,True,['VSFTYRYL'],1,"['ATLVFHNL', 'HIYEFPQL', 'INFDFPKL', 'RAYLFNSV', 'RTYTYEKL', 'SNYLFTKL', 'SSYTFPKM', 'SVYVYKVL', 'VAFDFTKV', 'VGPRYTNL', 'VIVRFLTV', 'SYFPEITHI']",2.0,0.0,"[ 0.16666667  0.          0.33333333  0.33333333  1.16666667  0.66666667
  0.33333333  0.83333333  0.          0.33333333  0.83333333 29.5
  0.        ]",0.6298880126539946,0.18012482120326298,0.9806716386932695,0.9807600607393916,8.842204612213855e-05,0.004830917874396135,0.9806716386932695,0.0,0.0,0.9808624413021375,0.000190802608868057,0.00966183574879227,0.9808624413021375,0.000190802608868057,0.00966183574879227,0.9814436173532058,0.0007719786599363898,0.03381642512077295,0.9811967578045795,0.0005251191113100351,0.01932367149758454,0.9809568876405599,0.0002852489472904285,0.00966183574879227,0.9963575733336408,0.01568593464037138,0.024154589371980676,0.9806716386932695,0.0,0.0,0.98091033252653,0.0002386938332605837,0.00966183574879227,0.9819489941750713,0.0012773554818018562,0.024154589371980676,0.37134007915804484,-0.6093315595352247,0.855072463768116,0.9806716386932695,0.0,0.0,VSFTYRYL,-0.6093315595352247,VSFTYRYL,-0.6093315595352247
50,AV10-CAASMDNYNVLYF-AJ21*p03_BV31-CAWSLSSDYTF-BJ1-2,7,single,['VIVRFLTV'],1,[0.6804733727810652],VIVRFLTV,0.6804733727810652,VIVRFLTV,0.75177304964539,True,"['INFDFPKL', 'RTYTYEKL', 'VIVRFLTV']",3,"['ATLVFHNL', 'HIYEFPQL', 'RAYLFNSV', 'SNYLFTKL', 'SSYTFPKM', 'SVYVYKVL', 'VAFDFTKV', 'VGPRYTNL', 'VSFTYRYL', 'SYFPEITHI']",12.0,0.2857142857142857,"[  0.85714286   1.28571429   9.71428571   6.71428571   9.28571429
   8.42857143   1.42857143   4.           0.28571429   7.57142857
 115.           4.14285714   0.28571429]",0.5735246137887213,0.17824059483415539,0.9791296918982285,0.9792173528599429,8.766096171441973e-05,0.0050718512256973805,0.9792367865438868,0.00010709464565827886,0.007607776838546071,0.9894986006119074,0.010368908713678904,0.05748098055790364,0.9814677848975131,0.002338092999284558,0.03972950126796281,0.9804168081024204,0.0012871162041918627,0.05494505494505496,0.9807978475636668,0.00166815566543832,0.04987320371935758,0.9793244776932665,0.000194785795037955,0.0084530853761623,0.9794835524433112,0.00035386054508268483,0.02366863905325444,0.9791440378681467,1.4345969918228008e-05,0.00169061707523246,0.9823144526719284,0.0031847607736998906,0.04480135249366019,0.6459092251025218,-0.3332204667957067,0.6804733727810652,0.9797382194973894,0.0006085275991608574,0.024513947590870673,0.9791440378681467,1.4345969918228008e-05,0.00169061707523246,INFDFPKL,0.010368908713678904,VIVRFLTV,-0.3332204667957067
51,AV16/DV11-CAMREGRGGSAKLIF-AJ57_BV13-3-CASSWTGSYNSPLYF-BJ1-6,5,single,['INFDFPKL'],1,[0.9120000000000001],INFDFPKL,0.9120000000000001,INFDFPKL,0.896551724137931,True,['INFDFPKL'],1,"['ATLVFHNL', 'HIYEFPQL', 'RAYLFNSV', 'RTYTYEKL', 'SNYLFTKL', 'SSYTFPKM', 'SVYVYKVL', 'VAFDFTKV', 'VGPRYTNL', 'VIVRFLTV', 'VSFTYRYL', 'SYFPEITHI']",3.0,0.2,[ 0.4  0.2 91.2  0.6  1.4  0.6  0.2  0.4  0.2  1.6  2.2  0.8  0.2],0.7848882347383771,0.11582311148484929,0.9770529499814842,0.9773785678525344,0.0003256178710502322,0.004000000000000001,0.9770591689556001,6.218974115901332e-06,0.0020000000000000005,0.43784882788144613,-0.5392041221000381,0.9120000000000001,0.9771783146022444,0.00012536462076018218,0.006000000000000001,0.9798166718035551,0.0027637218220709636,0.014,0.9773573942137856,0.00030444423230147066,0.006000000000000001,0.977060187775194,7.237793709813367e-06,0.0020000000000000005,0.9773879461821833,0.0003349962006991003,0.004000000000000001,0.9771257588133706,7.28088318864284e-05,0.0020000000000000005,0.9823259638181083,0.005273013836624152,0.016000000000000004,0.9890149181058112,0.011961968124327038,0.022000000000000006,0.9771634799155278,0.00011052993404359057,0.008000000000000002,0.9773972104980961,0.00034426051661196055,0.0020000000000000005,INFDFPKL,-0.5392041221000381,INFDFPKL,-0.5392041221000381
52,AV7-3-CASPNTGYQNFYF-AJ49_BV13-2-CASGGWGSQNTLYF-BJ2-4,14,single,['RTYTYEKL'],1,[0.9148494288681204],RTYTYEKL,0.9148494288681204,RTYTYEKL,0.937799043062201,True,['RTYTYEKL'],1,"['ATLVFHNL', 'HIYEFPQL', 'INFDFPKL', 'RAYLFNSV', 'SNYLFTKL', 'SSYTFPKM', 'SVYVYKVL', 'VAFDFTKV', 'VGPRYTNL', 'VIVRFLTV', 'VSFTYRYL', 'SYFPEITHI']",4.0,0.0,"[  0.21428571   0.35714286   0.85714286   1.64285714 125.85714286
   1.14285714   0.57142857   0.42857143   0.42857143   1.71428571
   3.21428571   1.14285714   0.        ]",0.32361961965963054,0.2590278595845766,0.9753156988685251,0.9755758598348909,0.00026016096636582997,0.0015576323987538938,0.9754253135798056,0.00010961471128045908,0.0025960539979231565,0.9757067277936788,0.0003910289251537469,0.006230529595015575,0.975533413920661,0.0002177150521358584,0.01194184839044652,0.504374097092464,-0.47094160177606115,0.9148494288681204,0.975580233302396,0.0002645344338708666,0.0083073727933541,0.9754607803269012,0.0001450814583761062,0.00415368639667705,0.9754238528209772,0.0001081539524521169,0.0031152647975077876,0.9755826239406643,0.00026692507213921246,0.0031152647975077876,0.978819913389507,0.0035042145209819298,0.01246105919003115,0.9934336667896159,0.018117967921090772,0.02336448598130841,0.9760494460436424,0.0007337471751173164,0.0083073727933541,0.9753156988685251,0.0,0.0,RTYTYEKL,-0.47094160177606115,RTYTYEKL,-0.47094160177606115
53,AV12-2-CALSDLRTGGADRLTF-AJ45_BV13-1-CASSDVGAEQFF-BJ2-1,8,single,['VIVRFLTV'],1,[0.8836565096952909],VIVRFLTV,0.8836565096952909,VIVRFLTV,0.8125,True,['VIVRFLTV'],1,"['ATLVFHNL', 'HIYEFPQL', 'INFDFPKL', 'RAYLFNSV', 'RTYTYEKL', 'SNYLFTKL', 'SSYTFPKM', 'SVYVYKVL', 'VAFDFTKV', 'VGPRYTNL', 'VSFTYRYL', 'SYFPEITHI']",4.0,0.125,"[ 0.25   0.125  0.375  1.5    1.25   1.125  1.625  1.     0.125  1.875
 79.75   1.125  0.125]",0.8313798448090348,0.010521167598646974,0.9734147901095147,0.974501256197292,0.0010864660877772936,0.002770083102493075,0.9734154187572425,6.286477277628322e-07,0.0013850415512465374,0.9737294491469466,0.00031465903743188584,0.004155124653739612,0.9745292904262247,0.0011145003167100098,0.01662049861495845,0.9742662103045815,0.0008514201950667877,0.013850415512465374,0.9739437827394237,0.0005289926299090197,0.012465373961218837,0.9813157633628119,0.007900973253297194,0.018005540166204988,0.9741376148722496,0.000722824762734886,0.0110803324099723,0.9734154187572425,6.286477277628322e-07,0.0013850415512465374,0.9760684727699446,0.002653682660429868,0.02077562326869806,0.3369787955575834,-0.6364359945519313,0.8836565096952909,0.9839925753678767,0.01057778525836195,0.012465373961218837,0.9735130576418574,9.826753234265517e-05,0.0013850415512465374,VIVRFLTV,-0.6364359945519313,VIVRFLTV,-0.6364359945519313
54,AV13-1-CAMESGFASALTF-AJ35_BV13-1-CASSPLRAGNTLYF-BJ1-3,14,single,['RAYLFNSV'],1,[0.8943396226415095],RAYLFNSV,0.8943396226415095,RAYLFNSV,1.0,True,['RAYLFNSV'],1,"['ATLVFHNL', 'HIYEFPQL', 'INFDFPKL', 'RTYTYEKL', 'SNYLFTKL', 'SSYTFPKM', 'SVYVYKVL', 'VAFDFTKV', 'VGPRYTNL', 'VIVRFLTV', 'VSFTYRYL', 'SYFPEITHI']",1.6500000000000057,0.0,"[ 0.28571429  0.          0.07142857 33.85714286  0.14285714  0.57142857
  0.14285714  0.28571429  0.07142857  0.28571429  1.42857143  0.71428571
  0.        ]",0.8263654334364221,0.0002691438187541107,0.9733850309922661,0.9736341440352052,0.0002491130429390642,0.007547169811320755,0.9733850309922661,0.0,0.0,0.9734096907507112,2.4659758445011448e-05,0.0018867924528301887,0.20247238049797628,-0.7709126504942898,0.8943396226415095,0.9734726724346665,8.764144240036575e-05,0.0037735849056603774,0.9738098797537313,0.0004248487614652019,0.01509433962264151,0.973425770335586,4.073934331982887e-05,0.0037735849056603774,0.9771995588680323,0.003814527875766194,0.007547169811320755,0.9734154715047141,3.0440512447937884e-05,0.0018867924528301887,0.976215860769715,0.002830829777448862,0.007547169811320755,0.9792334599522629,0.00584842895999671,0.03773584905660378,0.9861483531087024,0.012763322116436271,0.01886792452830189,0.9733850309922661,0.0,0.0,RAYLFNSV,-0.7709126504942898,RAYLFNSV,-0.7709126504942898
55,AV7D-3-CAVIGSGSWQLIF-AJ22_BV13-2-CASGEPQGANSPLYF-BJ1-6,25,single,['SNYLFTKL'],1,[0.8067885117493472],SNYLFTKL,0.8067885117493472,SNYLFTKL,0.9090909090909091,True,['SNYLFTKL'],1,"['ATLVFHNL', 'HIYEFPQL', 'INFDFPKL', 'RAYLFNSV', 'RTYTYEKL', 'SSYTFPKM', 'SVYVYKVL', 'VAFDFTKV', 'VGPRYTNL', 'VIVRFLTV', 'VSFTYRYL', 'SYFPEITHI']",2.0,0.0,"[ 0.36  0.44  0.32  0.72  0.72 24.72  0.4   0.52  0.16  0.8   1.16  0.32
  0.  ]",0.21759549284968285,0.2960863440274044,0.971322933843814,0.9725743100562704,0.001251376212456412,0.01174934725848564,0.973478044093849,0.0021551102500350083,0.014360313315926894,0.9718724425317803,0.0005495086879663269,0.010443864229765013,0.9727738617283419,0.0014509278845279416,0.02349869451697128,0.973973386745958,0.0026504529021440515,0.02349869451697128,0.32012787232674,-0.651195061517074,0.8067885117493472,0.9720942064130499,0.0007712725692359257,0.013054830287206267,0.9746276889735911,0.003304755129777126,0.016971279373368148,0.9719677591387285,0.0006448252949144972,0.005221932114882507,0.9786648754461326,0.007341941602318602,0.026109660574412535,0.9776352251295015,0.006312291285687555,0.03785900783289817,0.9720321674081766,0.000709233564362588,0.010443864229765013,0.971322933843814,0.0,0.0,SNYLFTKL,-0.651195061517074,SNYLFTKL,-0.651195061517074
56,AV4D-3-CAAEDGGYKVVF-AJ12_BV13-1-CASSDAGYEQYF-BJ2-7,7,single,['SNYLFTKL'],1,[0.8698884758364314],SNYLFTKL,0.8698884758364314,SNYLFTKL,0.8125,True,['SNYLFTKL'],1,"['ATLVFHNL', 'HIYEFPQL', 'INFDFPKL', 'RAYLFNSV', 'RTYTYEKL', 'SSYTFPKM', 'SVYVYKVL', 'VAFDFTKV', 'VGPRYTNL', 'VIVRFLTV', 'VSFTYRYL', 'SYFPEITHI']",2.0,0.0,"[ 0.14285714  0.          0.14285714  0.28571429  1.         33.42857143
  0.57142857  0.42857143  0.57142857  0.          1.          0.85714286
  0.        ]",0.9208410262245256,0.003243651394602395,0.9708918364109432,0.9708975040937117,5.6676827684398745e-06,0.003717472118959108,0.9708918364109432,0.0,0.0,0.9708975040937117,5.6676827684398745e-06,0.003717472118959108,0.9709853263925652,9.348998162195254e-05,0.007434944237918216,0.9713379035083753,0.00044606709743211237,0.02602230483271376,0.32248493571339815,-0.648406900697545,0.8698884758364314,0.975482900908843,0.0045910644978998105,0.014869888475836432,0.9709944117245252,0.00010257531358193184,0.011152416356877325,0.9842487151982641,0.013356878787320836,0.014869888475836432,0.9708918364109432,0.0,0.0,0.9758037418206326,0.004911905409689332,0.02602230483271376,0.9755160219024619,0.004624185491518662,0.02230483271375465,0.9708918364109432,0.0,0.0,SNYLFTKL,-0.648406900697545,SNYLFTKL,-0.648406900697545
57,AV16D/DV11-CAMREGVSAGNKLTF-AJ17*p02_BV13-1-CASSDVGAEQFF-BJ2-1,25,single,['SNYLFTKL'],1,[0.8666921313980138],SNYLFTKL,0.8666921313980138,SNYLFTKL,0.90625,True,['SNYLFTKL'],1,"['ATLVFHNL', 'HIYEFPQL', 'INFDFPKL', 'RAYLFNSV', 'RTYTYEKL', 'SSYTFPKM', 'SVYVYKVL', 'VAFDFTKV', 'VGPRYTNL', 'VIVRFLTV', 'VSFTYRYL', 'SYFPEITHI']",4.0,0.0,"[ 0.56  0.84  0.68  1.28  1.2  90.76  2.16  0.76  0.6   1.64  2.64  1.6
  0.  ]",0.6432780827059748,0.0005229007552325955,0.9695493213382063,0.9698337596433557,0.0002844383051494592,0.005347593582887701,0.9710837234225825,0.001534402084376274,0.00802139037433155,0.9704091441308696,0.0008598227926633895,0.006493506493506494,0.9714281328790192,0.0018788115408129302,0.012223071046600458,0.9702513735367567,0.0007020521985504624,0.01145912910618793,0.42750052379791886,-0.5420487975402875,0.8666921313980138,0.9702177375508664,0.0006684162126601167,0.020626432391138275,0.970769323763469,0.0012200024252627673,0.007257448433919022,0.9709279056882368,0.0013785843500305761,0.005729564553093965,0.9811292112616631,0.011579889923456821,0.015660809778456835,0.9743223259000987,0.004773004561892447,0.025210084033613446,0.9722424400657039,0.0026931187274976676,0.015278838808250574,0.9695493213382063,0.0,0.0,SNYLFTKL,-0.5420487975402875,SNYLFTKL,-0.5420487975402875
58,AV6D-7-CALSDVGDNSKLIW-AJ38_BV13-1-CASSGGGWAEQFF-BJ2-1,7,single,['VIVRFLTV'],1,[0.8310810810810811],VIVRFLTV,0.8310810810810811,VIVRFLTV,0.7538461538461538,True,['VIVRFLTV'],1,"['ATLVFHNL', 'HIYEFPQL', 'INFDFPKL', 'RAYLFNSV', 'RTYTYEKL', 'SNYLFTKL', 'SSYTFPKM', 'SVYVYKVL', 'VAFDFTKV', 'VGPRYTNL', 'VSFTYRYL', 'SYFPEITHI']",10.0,0.42857142857142855,"[  1.42857143   1.85714286   2.14285714   7.28571429   6.42857143
   6.57142857   2.28571429   2.28571429   0.42857143   6.
 193.28571429   2.14285714   0.42857143]",-0.22653600345180167,0.6252121352859132,0.9684646712248001,0.9685453911630043,8.071993820424339e-05,0.006142506142506143,0.968627306398824,0.00016263517402392846,0.007985257985257985,0.9700468703492242,0.001582199124424144,0.009213759213759214,0.9786913205258232,0.010226649301023127,0.03132678132678133,0.9716294329145553,0.0031647616897552133,0.027641277641277644,0.9710677944169578,0.002603123192157719,0.028255528255528257,0.9688277123217945,0.0003630410969944764,0.009828009828009828,0.9699924737023151,0.00152780247751505,0.009828009828009828,0.968570084608424,0.00010541338362390906,0.0018427518427518428,0.9761330445132795,0.007668373288479469,0.0257985257985258,0.8445371324137051,-0.12392753881109497,0.8310810810810811,0.9693138325503715,0.0008491613255714459,0.009213759213759214,0.9684822502649227,1.757904012267275e-05,0.0018427518427518428,VIVRFLTV,-0.12392753881109497,VIVRFLTV,-0.12392753881109497
59,AV19-CAAGDAGYQNFYF-AJ49_BV17-CASSRTGGSDYTF-BJ1-2,25,single,['SNYLFTKL'],1,[0.8624678663239076],SNYLFTKL,0.8624678663239076,SNYLFTKL,0.8888888888888888,True,['SNYLFTKL'],1,"['ATLVFHNL', 'HIYEFPQL', 'INFDFPKL', 'RAYLFNSV', 'RTYTYEKL', 'SSYTFPKM', 'SVYVYKVL', 'VAFDFTKV', 'VGPRYTNL', 'VIVRFLTV', 'VSFTYRYL', 'SYFPEITHI']",4.0,0.16,"[ 0.56  0.4   0.44  0.92  0.8  53.68  0.8   0.52  0.    1.48  1.72  0.76
  0.16]",0.6913481758369706,0.00012967834171947885,0.9680793200381149,0.969765686168076,0.0016863661299610921,0.008997429305912599,0.9697227404416573,0.0016434204035423727,0.006426735218508999,0.9689175708147667,0.0008382507766517833,0.0070694087403598985,0.9699855417930064,0.001906221754891524,0.014781491002570698,0.9698319284528755,0.001752608414760548,0.012853470437017999,0.35484837608896896,-0.6132309439491459,0.8624678663239076,0.9707491778996037,0.002669857861488767,0.012853470437017999,0.972319399402728,0.004240079364613125,0.0083547557840617,0.9680793200381149,0.0,0.0,0.9753012012511328,0.007221881213017922,0.023778920308483296,0.9715534336782791,0.003474113640164145,0.027634961439588695,0.9731379543266043,0.005058634288489405,0.012210796915167098,0.9682108614685452,0.0001315414304302598,0.0025706940874035997,SNYLFTKL,-0.6132309439491459,SNYLFTKL,-0.6132309439491459
60,AV9D-4-CALSATNAYKVIF-AJ30_BV13-2-CASGDAAGKDTQYF-BJ2-5,7,single,['VIVRFLTV'],1,[0.6692913385826772],VIVRFLTV,0.6692913385826772,VIVRFLTV,0.8518518518518519,True,"['RTYTYEKL', 'VIVRFLTV']",2,"['ATLVFHNL', 'HIYEFPQL', 'INFDFPKL', 'RAYLFNSV', 'SNYLFTKL', 'SSYTFPKM', 'SVYVYKVL', 'VAFDFTKV', 'VGPRYTNL', 'VSFTYRYL', 'SYFPEITHI']",4.0,0.14285714285714285,"[ 0.57142857  1.42857143  1.57142857  0.71428571  3.          1.
  0.28571429  0.57142857  0.28571429  1.42857143 24.28571429  1.
  0.14285714]",0.47193215679384487,0.28497681371950906,0.9598203563569815,0.9605902453481779,0.0007698889911964546,0.015748031496062992,0.9660629909546032,0.0062426345976217545,0.03937007874015748,0.9648115859843142,0.004991229627332672,0.04330708661417323,0.9610832290628395,0.0012628727058580091,0.01968503937007874,0.9729746239676862,0.013154267610704706,0.08267716535433071,0.9612315168614283,0.0014111605044467845,0.027559055118110236,0.9614500885443572,0.001629732187375721,0.007874015748031496,0.960879267197689,0.0010589108407075276,0.015748031496062992,0.9601254710523629,0.00030511469538141434,0.007874015748031496,0.9623821382594473,0.0025617819024658095,0.03937007874015748,0.5110463459491313,-0.44877401040785014,0.6692913385826772,0.9625092153125666,0.0026888589555851272,0.027559055118110236,0.9600556873317562,0.00023533097477468345,0.003937007874015748,RTYTYEKL,0.013154267610704706,VIVRFLTV,-0.44877401040785014
61,AV9D-1-CAASSNTGYQNFYF-AJ49_BV1-CTCSAVWGEDTQYF-BJ2-5,7,single,['RAYLFNSV'],1,[0.864754098360656],RAYLFNSV,0.864754098360656,RAYLFNSV,0.8421052631578947,True,['RAYLFNSV'],1,"['ATLVFHNL', 'HIYEFPQL', 'INFDFPKL', 'RTYTYEKL', 'SNYLFTKL', 'SSYTFPKM', 'SVYVYKVL', 'VAFDFTKV', 'VGPRYTNL', 'VIVRFLTV', 'VSFTYRYL', 'SYFPEITHI']",2.8499999999999943,0.0,"[ 0.14285714  0.          0.         30.14285714  0.42857143  0.85714286
  0.14285714  0.42857143  0.          0.85714286  0.85714286  1.
  0.        ]",-0.7702038710292772,0.042770100225578554,0.9572542821684478,0.9574160727340347,0.00016179056558696114,0.004098360655737706,0.9572542821684478,0.0,0.0,0.9572542821684478,0.0,0.0,0.30025177821678817,-0.6570025039516596,0.864754098360656,0.9585296852652805,0.0012754030968327168,0.012295081967213118,0.9705953127314642,0.013341030563016387,0.024590163934426236,0.9583348322568292,0.0010805500883814823,0.004098360655737706,0.9587206949362341,0.0014664127677863625,0.012295081967213118,0.9572542821684478,0.0,0.0,0.961852606528462,0.004598324360014283,0.024590163934426236,0.9666793192342157,0.009425037065767916,0.024590163934426236,0.9660102940465384,0.008756011878090608,0.028688524590163942,0.9572542821684478,0.0,0.0,RAYLFNSV,-0.6570025039516596,RAYLFNSV,-0.6570025039516596
62,AV9-4-CAVRDYGNEKITF-AJ48_BV1-CTCSAVRAEVFF-BJ1-1,9,single,['VSFTYRYL'],1,[0.6102719033232629],VSFTYRYL,0.6102719033232629,VSFTYRYL,0.6935483870967742,True,"['RTYTYEKL', 'SNYLFTKL', 'VIVRFLTV', 'VSFTYRYL']",4,"['ATLVFHNL', 'HIYEFPQL', 'INFDFPKL', 'RAYLFNSV', 'SSYTFPKM', 'SVYVYKVL', 'VAFDFTKV', 'VGPRYTNL', 'SYFPEITHI']",6.0,0.0,"[ 0.55555556  1.88888889  1.55555556  3.66666667  5.33333333  4.11111111
  0.88888889  2.          0.44444444  2.88888889  5.33333333 44.88888889
  0.        ]",0.5105619277039738,0.16017357913871186,0.9560614056471552,0.9563702302458346,0.00030882459867931367,0.007552870090634442,0.9584169377437993,0.002355532096644075,0.025679758308157104,0.957049018148979,0.0009876125018237758,0.02114803625377644,0.9613098745788293,0.005248468931674077,0.04984894259818732,0.9587480314788485,0.0026866258316932123,0.07250755287009064,0.9643122975885928,0.008250891941437577,0.05589123867069487,0.9596987857474026,0.0036373801002473893,0.012084592145015107,0.9594435272081784,0.0033821215610231325,0.027190332326283994,0.9561910720008131,0.0001296663536578535,0.006042296072507554,0.9609200633201058,0.004858657672950573,0.0392749244712991,0.9635740969169984,0.007512691269843108,0.07250755287009064,0.6382408880329167,-0.3178205176142386,0.6102719033232629,0.9560614056471552,0.0,0.0,SNYLFTKL,0.008250891941437577,VSFTYRYL,-0.3178205176142386
63,AV3D-3-CAVSMYQGGRALIF-AJ15_BV29-CASSPGTTNTEVFF-BJ1-1,5,single,['RAYLFNSV'],1,[0.7880794701986755],RAYLFNSV,0.7880794701986755,RAYLFNSV,0.8125,True,"['RAYLFNSV', 'RTYTYEKL']",2,"['ATLVFHNL', 'HIYEFPQL', 'INFDFPKL', 'SNYLFTKL', 'SSYTFPKM', 'SVYVYKVL', 'VAFDFTKV', 'VGPRYTNL', 'VIVRFLTV', 'VSFTYRYL', 'SYFPEITHI']",2.0,0.0,[ 0.6  0.4  0.2 23.8  2.   0.4  0.   0.4  0.   0.4  1.2  0.8  0. ],0.31047472043441093,0.6111373898846568,0.9553935721018588,0.9591151632896938,0.003721591187834994,0.019867549668874173,0.9588959575690754,0.0035023854672165955,0.013245033112582783,0.9564805457385589,0.0010869736367000726,0.006622516556291392,0.44938919305689645,-0.5060043790449624,0.7880794701986755,0.9737408812222419,0.01834730912038307,0.06622516556291391,0.9570121246491962,0.0016185525473373374,0.013245033112582783,0.9553935721018588,0.0,0.0,0.9570121246491962,0.0016185525473373374,0.013245033112582783,0.9553935721018588,0.0,0.0,0.9567260023144198,0.00133243021256102,0.013245033112582783,0.9574496521733347,0.002056080071475841,0.039735099337748346,0.9636130984299426,0.00821952632808376,0.026490066225165566,0.9553935721018588,0.0,0.0,RTYTYEKL,0.01834730912038307,RAYLFNSV,-0.5060043790449624
64,AV6-4-CALVEGGRALIF-AJ15_BV14-CASRDRDEQYF-BJ2-7,7,single,['VAFDFTKV'],1,[0.771830985915493],VAFDFTKV,0.771830985915493,VAFDFTKV,0.7647058823529411,True,"['SSYTFPKM', 'VAFDFTKV']",2,"['ATLVFHNL', 'HIYEFPQL', 'INFDFPKL', 'RAYLFNSV', 'RTYTYEKL', 'SNYLFTKL', 'SVYVYKVL', 'VGPRYTNL', 'VIVRFLTV', 'VSFTYRYL', 'SYFPEITHI']",3.200000000000003,0.0,"[ 0.14285714  0.28571429  0.42857143  1.42857143  0.57142857  1.14285714
  3.14285714  1.57142857 39.14285714  0.71428571  1.57142857  0.57142857
  0.        ]",0.8897887199452946,0.00729261739761157,0.9539225951074035,0.9539558420372574,3.324692985384736e-05,0.002816901408450704,0.9546580174532971,0.0007354223458936326,0.005633802816901408,0.9569215439736264,0.0029989488662228725,0.008450704225352112,0.9726002038587938,0.01867760875139024,0.028169014084507043,0.9546247934313524,0.0007021983239489105,0.011267605633802816,0.9552924823585219,0.001369887251118418,0.02253521126760563,0.9560209033881195,0.002098308280715999,0.061971830985915494,0.9568253622115164,0.0029027671041128578,0.030985915492957747,0.3944310795306013,-0.5594915155768022,0.771830985915493,0.9554882046788946,0.0015656095714911,0.014084507042253521,0.9653193569398116,0.01139676183240812,0.030985915492957747,0.9547153795053437,0.0007927843979401716,0.011267605633802816,0.9539225951074035,0.0,0.0,SSYTFPKM,0.002098308280715999,VAFDFTKV,-0.5594915155768022
65,AV9-2-CAASMDYANKMIF-AJ47_BV3-CASSLGAGYEQYF-BJ2-7,6,single,['VGPRYTNL'],1,[0.735763097949886],VGPRYTNL,0.735763097949886,VGPRYTNL,0.9004329004329005,True,"['VGPRYTNL', 'VIVRFLTV']",2,"['ATLVFHNL', 'HIYEFPQL', 'INFDFPKL', 'RAYLFNSV', 'RTYTYEKL', 'SNYLFTKL', 'SSYTFPKM', 'SVYVYKVL', 'VAFDFTKV', 'VSFTYRYL', 'SYFPEITHI']",28.25,0.16666666666666666,"[4.83333333e+00 5.66666667e+00 4.66666667e+00 5.33333333e+00
 3.16666667e+00 4.83333333e+00 6.50000000e+00 2.66666667e+00
 5.00000000e+00 2.15333333e+02 2.51666667e+01 9.33333333e+00
 1.66666667e-01]",0.04511900075804827,0.9323674237844525,0.9511049055705368,0.9526142551717299,0.0015093496011930885,0.016514806378132116,0.9533935161921062,0.0022886106215693758,0.0193621867881549,0.9522360217070902,0.0011311161365533673,0.015945330296127564,0.95160206751564,0.0004971619451031861,0.018223234624145785,0.9512475803099721,0.00014267473943530007,0.01082004555808656,0.9513610529289854,0.0002561473584485885,0.016514806378132116,0.952931844981012,0.0018269394104751813,0.022209567198177675,0.9511789909890366,7.408541849973638e-05,0.009111617312072893,0.9530299030378202,0.0019249974672833625,0.017084282460136675,0.5301073993035051,-0.4209975062670317,0.735763097949886,0.9783338184045678,0.02722891283403095,0.08599088838268792,0.9561741277988968,0.005069222228359926,0.03189066059225513,0.9511067308332379,1.8252627010939548e-06,0.0005694760820045558,VIVRFLTV,0.02722891283403095,VGPRYTNL,-0.4209975062670317
66,AV14-2-CAASSYTGNYKYVF-AJ40_BV13-1-CASSEHNSDYTF-BJ1-2,7,single,['VGPRYTNL'],1,[0.9001264222503162],VGPRYTNL,0.9001264222503162,VGPRYTNL,0.9313725490196079,True,['VGPRYTNL'],1,"['ATLVFHNL', 'HIYEFPQL', 'INFDFPKL', 'RAYLFNSV', 'RTYTYEKL', 'SNYLFTKL', 'SSYTFPKM', 'SVYVYKVL', 'VAFDFTKV', 'VIVRFLTV', 'VSFTYRYL', 'SYFPEITHI']",3.0,0.14285714285714285,"[  0.57142857   0.71428571   0.42857143   1.85714286   2.14285714
   1.14285714   0.42857143   1.           0.42857143 101.71428571
   1.71428571   0.71428571   0.14285714]",0.6369239499695584,0.12396336486457352,0.9489976729253028,0.9490300509822445,3.237805694167317e-05,0.005056890012642226,0.9537874445822035,0.004789771656900754,0.006321112515802783,0.9490692669450919,7.159401978906743e-05,0.0037926675094816695,0.9492105175188369,0.00021284459353410057,0.016434892541087237,0.9537457909815653,0.004748118056262518,0.018963337547408348,0.9534063397757263,0.004408666850423515,0.010113780025284453,0.9490694739767982,7.18010514954015e-05,0.0037926675094816695,0.9706799426056925,0.021682269680389665,0.008849557522123895,0.9540042272597281,0.005006554334425317,0.0037926675094816695,0.49977475324424636,-0.44922291968105643,0.9001264222503162,0.9492069152860745,0.00020924236077168867,0.015170670037926678,0.9492482058120099,0.00025053288670706664,0.006321112515802783,0.9490034230858454,5.750160542605798e-06,0.0012642225031605566,VGPRYTNL,-0.44922291968105643,VGPRYTNL,-0.44922291968105643
67,AV16/DV11-CAMREGDTGYQNFYF-AJ49_BV13-2-CASGTGGENTLYF-BJ2-4,5,single,['SVYVYKVL'],1,[0.920754716981132],SVYVYKVL,0.920754716981132,SVYVYKVL,0.9622641509433962,True,['SVYVYKVL'],1,"['ATLVFHNL', 'HIYEFPQL', 'INFDFPKL', 'RAYLFNSV', 'RTYTYEKL', 'SNYLFTKL', 'SSYTFPKM', 'VAFDFTKV', 'VGPRYTNL', 'VIVRFLTV', 'VSFTYRYL', 'SYFPEITHI']",4.0,0.0,[ 0.   0.4  0.2  0.4  1.   1.8  0.2 97.6  0.   1.2  1.8  1.4  0. ],0.37107777803020775,0.5386079823295908,0.9458782840162356,0.9458782840162356,0.0,0.0,0.9458846280463502,6.344030114568966e-06,0.0037735849056603774,0.9458798699944829,1.5859782472871231e-06,0.0018867924528301887,0.9461336190117443,0.00025533499550867145,0.0037735849056603774,0.9459179393295761,3.965531334049199e-05,0.009433962264150943,0.9471203824504068,0.0012420984341711128,0.016981132075471698,0.9459458309722988,6.754695606314698e-05,0.0018867924528301887,0.33003620488476926,-0.6158420791314664,0.920754716981132,0.9458782840162356,0.0,0.0,0.9541419678655659,0.008263683849330294,0.011320754716981131,0.9481155724247833,0.002237288408547644,0.016981132075471698,0.983742142451197,0.03786385843496132,0.01320754716981132,0.9458782840162356,0.0,0.0,SVYVYKVL,-0.6158420791314664,SVYVYKVL,-0.6158420791314664
68,AV3-4-CAVSGDYANKMIF-AJ47_BV14-CASSTGTGDTGQLYF-BJ2-2,5,single,['VGPRYTNL'],1,[0.852409638554217],VGPRYTNL,0.852409638554217,VGPRYTNL,0.8888888888888888,True,['VGPRYTNL'],1,"['ATLVFHNL', 'HIYEFPQL', 'INFDFPKL', 'RAYLFNSV', 'RTYTYEKL', 'SNYLFTKL', 'SSYTFPKM', 'SVYVYKVL', 'VAFDFTKV', 'VIVRFLTV', 'VSFTYRYL', 'SYFPEITHI']",3.0,0.0,[ 0.4  0.   0.4  1.4  1.   2.4  0.2  0.8  0.  56.6  2.6  0.6  0. ],0.3027369413468847,0.6205148994066135,0.9453514893785048,0.9456624121571655,0.00031092277866073825,0.00602409638554217,0.9453514893785048,0.0,0.0,0.9466786143804151,0.0013271250019103453,0.00602409638554217,0.948003669996826,0.002652180618321176,0.021084337349397592,0.9482207321463345,0.0028692427678297383,0.015060240963855423,0.9735686936200197,0.02821720424151497,0.03614457831325302,0.945681971976326,0.00033048259782120226,0.003012048192771085,0.9482799744721803,0.0029284850936754925,0.01204819277108434,0.9453514893785048,0.0,0.0,0.3722016678044836,-0.5731498215740212,0.852409638554217,0.9585740497927489,0.013222560414244078,0.039156626506024104,0.9466353847215514,0.001283895343046626,0.009036144578313254,0.9453514893785048,0.0,0.0,VGPRYTNL,-0.5731498215740212,VGPRYTNL,-0.5731498215740212
69,AV16/DV11-CAMRENTGANTGKLTF-AJ52_BV13-3-CASSSGGVKAEQFF-BJ2-1,13,single,['RTYTYEKL'],1,[0.7382585751978892],RTYTYEKL,0.7382585751978892,RTYTYEKL,0.6081081081081081,True,"['RTYTYEKL', 'VIVRFLTV']",2,"['ATLVFHNL', 'HIYEFPQL', 'INFDFPKL', 'RAYLFNSV', 'SNYLFTKL', 'SSYTFPKM', 'SVYVYKVL', 'VAFDFTKV', 'VGPRYTNL', 'VSFTYRYL', 'SYFPEITHI']",11.0,0.46153846153846156,"[  1.           1.15384615   1.46153846   5.46153846 107.61538462
   5.92307692   1.69230769   2.61538462   0.23076923   6.23076923
   8.15384615   3.76923077   0.46153846]",0.06486763464181168,0.8332484314846185,0.9416580436415481,0.9420975811847027,0.0004395375431545112,0.006860158311345646,0.9424697941556593,0.000811750514111198,0.007915567282321899,0.9426542997391305,0.0009962560975823598,0.010026385224274405,0.9499734080174884,0.00831536437594027,0.03746701846965699,0.6812954423567882,-0.26036260128475996,0.7382585751978892,0.953509080783332,0.011851037141783816,0.04063324538258575,0.9434874082064246,0.001829364564876479,0.011609498680738786,0.9439316761161433,0.002273632474595111,0.017941952506596307,0.9418290032228597,0.000170959581311525,0.0015831134564643799,0.9465295419496425,0.004871498308094302,0.042744063324538256,0.9552380857215189,0.013580042079970767,0.05593667546174142,0.9451989605730758,0.0035409169315276934,0.025857519788918204,0.9419340974538303,0.0002760538122821288,0.0031662269129287598,VIVRFLTV,0.013580042079970767,RTYTYEKL,-0.26036260128475996
70,AV12-2-CALTGGNNKLTF-AJ56_BV1-CTCSAGTGVGAETLYF-BJ2-3,9,single,['VSFTYRYL'],1,[0.7424242424242424],VSFTYRYL,0.7424242424242424,VSFTYRYL,0.8181818181818182,True,"['RTYTYEKL', 'VGPRYTNL', 'VSFTYRYL']",3,"['ATLVFHNL', 'HIYEFPQL', 'INFDFPKL', 'RAYLFNSV', 'SNYLFTKL', 'SSYTFPKM', 'SVYVYKVL', 'VAFDFTKV', 'VIVRFLTV', 'SYFPEITHI']",1.0,0.0,"[ 0.          0.          0.22222222  0.55555556  0.77777778  0.44444444
  0.33333333  0.22222222  0.11111111  0.77777778  0.33333333 10.88888889
  0.        ]",-0.0024170029388690638,0.9950761460162042,0.938848852952293,0.938848852952293,0.0,0.0,0.938848852952293,0.0,0.0,0.9412522104504468,0.002403357498153791,0.01515151515151515,0.9410825274397348,0.002233674487441717,0.03787878787878788,0.9461935038152421,0.007344650862949109,0.053030303030303025,0.9486175674984574,0.009768714546164348,0.0303030303030303,0.9447118092406139,0.0058629562883208974,0.022727272727272724,0.9403416396932399,0.0014927867409468831,0.01515151515151515,0.9447641605970934,0.005915307644800416,0.007575757575757575,0.9510195374402216,0.012170684487928574,0.053030303030303025,0.945258341005165,0.006409488052872003,0.022727272727272724,0.3034356809165336,-0.6354131720357594,0.7424242424242424,0.938848852952293,0.0,0.0,VGPRYTNL,0.012170684487928574,VSFTYRYL,-0.6354131720357594
71,AV6-6-CALGDTSGGSNYKLTF-AJ53_BV1-CTCSAVRANTGQLYF-BJ2-2,8,single,['RAYLFNSV'],1,[0.7633587786259542],RAYLFNSV,0.7633587786259542,RAYLFNSV,0.6818181818181818,True,['RAYLFNSV'],1,"['ATLVFHNL', 'HIYEFPQL', 'INFDFPKL', 'RTYTYEKL', 'SNYLFTKL', 'SSYTFPKM', 'SVYVYKVL', 'VAFDFTKV', 'VGPRYTNL', 'VIVRFLTV', 'VSFTYRYL', 'SYFPEITHI']",1.0,0.0,"[ 0.     0.125  0.125 12.5    0.75   0.375  0.125  0.25   0.     0.75
  0.625  0.75   0.   ]",0.05989055838810112,0.8879734393035882,0.934505225090322,0.934505225090322,0.0,0.0,0.9357935818535564,0.0012883567632344661,0.007633587786259542,0.9374995668787898,0.0029943417884678025,0.007633587786259542,0.4289896795792031,-0.5055155455111189,0.7633587786259542,0.9443507355052915,0.009845510414969505,0.04580152671755725,0.9416031462493025,0.007097921158980558,0.022900763358778626,0.9345566287208571,5.140363053512953e-05,0.007633587786259542,0.9392482157360194,0.004742990645697387,0.015267175572519083,0.934505225090322,0.0,0.0,0.9493585114375079,0.014853286347185968,0.04580152671755725,0.947977245242639,0.013472020152317077,0.03816793893129771,0.9404557338599487,0.005950508769626772,0.04580152671755725,0.934505225090322,0.0,0.0,RAYLFNSV,-0.5055155455111189,RAYLFNSV,-0.5055155455111189
72,AV4D-3-CAAENMGYKLTF-AJ9_BV31-CAWSSDNNQAPLF-BJ1-5,12,single,['ATLVFHNL'],1,[0.7088305489260143],ATLVFHNL,0.7088305489260143,ATLVFHNL,0.6666666666666666,True,"['ATLVFHNL', 'VIVRFLTV']",2,"['HIYEFPQL', 'INFDFPKL', 'RAYLFNSV', 'RTYTYEKL', 'SNYLFTKL', 'SSYTFPKM', 'SVYVYKVL', 'VAFDFTKV', 'VGPRYTNL', 'VSFTYRYL', 'SYFPEITHI']",3.0,0.08333333333333333,"[24.75        0.66666667  0.33333333  0.83333333  1.16666667  1.25
  0.          0.91666667  0.08333333  1.66666667  2.41666667  0.75
  0.08333333]",-0.13309539154029082,0.6800744709288172,0.9154253079235688,0.5268033225633446,-0.3886219853602242,0.7088305489260143,0.9201147904035291,0.004689482479960261,0.019093078758949878,0.9159175235989475,0.0004922156753787155,0.009546539379474939,0.9174200218130174,0.001994713889448607,0.02386634844868735,0.9295263227544606,0.014101014830891767,0.03341288782816229,0.9196131000515045,0.004187792127935741,0.03579952267303102,0.9154253079235688,0.0,0.0,0.9186593237061621,0.0032340157825933025,0.026252983293556083,0.915799510186039,0.0003742022624702024,0.0023866348448687348,0.9304477588614042,0.015022450937835385,0.0477326968973747,0.9335411262653629,0.0181158183417941,0.0692124105011933,0.9176385491668395,0.002213241243270714,0.021479713603818614,0.9156343937846791,0.00020908586111034744,0.0023866348448687348,VIVRFLTV,0.0181158183417941,ATLVFHNL,-0.3886219853602242
73,AV6D-6-CALSLNNYAQGLTF-AJ26_BV1-CTCSAEYISNERLFF-BJ1-4,12,single,['VIVRFLTV'],1,[0.4118959107806691],VIVRFLTV,0.4118959107806691,VIVRFLTV,0.41899441340782123,True,"['INFDFPKL', 'RAYLFNSV', 'RTYTYEKL', 'SNYLFTKL', 'VGPRYTNL', 'VIVRFLTV', 'VSFTYRYL']",7,"['ATLVFHNL', 'HIYEFPQL', 'SSYTFPKM', 'SVYVYKVL', 'VAFDFTKV', 'SYFPEITHI']",14.450000000000003,0.16666666666666666,"[ 5.25        4.41666667  5.83333333  8.5         5.91666667  6.16666667
  1.83333333  2.33333333  5.58333333  9.08333333 46.16666667 10.83333333
  0.16666667]",0.2084985267858435,0.5154989605984395,0.9122740999521951,0.9140561270461841,0.0017820270939890026,0.046840148698884754,0.917354183310487,0.005080083358291909,0.03940520446096654,0.9185398549270547,0.006265754974859594,0.0520446096654275,0.9143355145254062,0.0020614145732110734,0.0758364312267658,0.9143138888457868,0.0020397888935916875,0.05278810408921933,0.925042929630072,0.012768829677876847,0.05501858736059479,0.9139670368021424,0.001692936849947313,0.01635687732342007,0.916191502337628,0.003917402385432922,0.020817843866171002,0.9217584865522609,0.009484386600065786,0.049814126394052034,0.9197809994292347,0.007506899477039641,0.08104089219330855,0.7425018735284331,-0.169772226423762,0.4118959107806691,0.9208171550724422,0.008543055120247112,0.0966542750929368,0.9123880422983653,0.00011394234617023713,0.0014869888475836429,SNYLFTKL,0.012768829677876847,VIVRFLTV,-0.169772226423762
74,AV4D-3-CAAENMGYKLTF-AJ9_BV31-CAWSQDNNQAPLF-BJ1-5,8,single,['ATLVFHNL'],1,[0.7315436241610739],ATLVFHNL,0.7315436241610739,ATLVFHNL,0.8857142857142857,True,"['ATLVFHNL', 'VGPRYTNL']",2,"['HIYEFPQL', 'INFDFPKL', 'RAYLFNSV', 'RTYTYEKL', 'SNYLFTKL', 'SSYTFPKM', 'SVYVYKVL', 'VAFDFTKV', 'VIVRFLTV', 'VSFTYRYL', 'SYFPEITHI']",2.0,0.0,"[13.625  0.25   0.125  0.125  0.375  0.75   0.5    0.625  0.     1.125
  0.875  0.25   0.   ]",0.03320087826548736,0.937794084714613,0.9112706925880701,0.3298760884962471,-0.581394604091823,0.7315436241610739,0.9130334180306295,0.0017627254425593986,0.013422818791946308,0.9117275897178961,0.00045689712982599495,0.006711409395973154,0.9117076299356064,0.00043693734753624813,0.006711409395973154,0.9163070588865928,0.005036366298522665,0.020134228187919462,0.9315282797011806,0.02025758711311043,0.040268456375838924,0.9174550112026686,0.00618431861459845,0.026845637583892617,0.9135299259592716,0.0022592333712014856,0.03355704697986577,0.9112706925880701,0.0,0.0,0.916147901942687,0.004877209354616885,0.06040268456375839,0.9303930168638507,0.019122324275780533,0.04697986577181208,0.9120743579510294,0.0008036653629592827,0.013422818791946308,0.9112706925880701,0.0,0.0,VGPRYTNL,0.004877209354616885,ATLVFHNL,-0.581394604091823
75,AV8-1-CATDASSGSWQLIF-AJ22_BV4-CASTAANTEVFF-BJ1-1,21,single,['VIVRFLTV'],1,[0.8100096511788225],VIVRFLTV,0.8100096511788225,VIVRFLTV,0.8364197530864198,True,['VIVRFLTV'],1,"['ATLVFHNL', 'HIYEFPQL', 'INFDFPKL', 'RAYLFNSV', 'RTYTYEKL', 'SNYLFTKL', 'SSYTFPKM', 'SVYVYKVL', 'VAFDFTKV', 'VGPRYTNL', 'VSFTYRYL', 'SYFPEITHI']",18.0,0.38095238095238093,"[  1.0952381    2.33333333   4.28571429   9.          14.0952381
  10.19047619   2.0952381    6.           0.66666667  10.76190476
 279.76190476   4.71428571   0.38095238]",0.6012739628888979,0.003938442548702416,0.9064481080802212,0.906481140233142,3.303215292072004e-05,0.003171101613125603,0.9065081625465354,6.005446631418554e-05,0.006755825175789328,0.9066140727800316,0.00016596469981033923,0.012408658486143663,0.906904268498551,0.00045616041832974297,0.026058182820901693,0.9061748806830887,-0.0002732273971325361,0.040810699021094715,0.9069830998617044,0.0005349917814831961,0.029505032400386044,0.9064759300018472,2.7821921625981183e-05,0.006066455259892458,0.9068815973953048,0.00043348931508357946,0.017372121880601128,0.9064721351609049,2.402708068360848e-05,0.0019302357645112364,0.9057670173696107,-0.0006810907106105102,0.031159520198538536,0.8094647717257896,-0.09698333635443168,0.8100096511788225,0.9065939692633985,0.00014586118317727603,0.01364952433475803,0.9064521676379401,4.059557718871787e-06,0.0011029918654349923,VIVRFLTV,-0.09698333635443168,VIVRFLTV,-0.09698333635443168
76,AV7D-2-CAASSGNTRKLIF-AJ37*p02_BV13-2-CASGDLVGYAEQFF-BJ2-1,16,single,['INFDFPKL'],1,[0.8176972281449894],INFDFPKL,0.8176972281449894,INFDFPKL,0.85,True,['INFDFPKL'],1,"['ATLVFHNL', 'HIYEFPQL', 'RAYLFNSV', 'RTYTYEKL', 'SNYLFTKL', 'SSYTFPKM', 'SVYVYKVL', 'VAFDFTKV', 'VGPRYTNL', 'VIVRFLTV', 'VSFTYRYL', 'SYFPEITHI']",3.0,0.3125,"[ 0.375   0.375  47.9375  0.875   0.9375  1.25    0.875   0.9375  0.0625
  1.25    2.0625  1.375   0.3125]",0.19484610295721924,0.46959465751846696,0.9057911958079724,0.9079052766005089,0.002114080792536499,0.006396588486140725,0.9058694446361906,7.82488282181637e-05,0.006396588486140725,0.41252478004214754,-0.49326641576582486,0.8176972281449894,0.9064254801584941,0.0006342843505217077,0.014925373134328358,0.9062226425707319,0.0004314467627595242,0.015991471215351813,0.9080847211259188,0.0022935253179463544,0.021321961620469083,0.9064907198749786,0.0006995240670062408,0.014925373134328358,0.9076076411825392,0.0018164453745668219,0.015991471215351813,0.9058660356236832,7.483981571076992e-05,0.0010660980810234541,0.907395570802549,0.0016043749945765517,0.021321961620469083,0.9080293679713517,0.002238172163379293,0.035181236673773986,0.9640853521728885,0.05829415636491608,0.023454157782515993,0.9064195812484654,0.00062838544049304,0.005330490405117271,INFDFPKL,-0.49326641576582486,INFDFPKL,-0.49326641576582486
77,AV10D-CAAVNNYAQGLTF-AJ26_BV13-1-CASSGTGNTEVFF-BJ1-1,13,single,['RAYLFNSV'],1,[0.6634615384615385],RAYLFNSV,0.6634615384615385,RAYLFNSV,0.9,True,"['RAYLFNSV', 'VGPRYTNL', 'VIVRFLTV', 'VSFTYRYL']",4,"['ATLVFHNL', 'HIYEFPQL', 'INFDFPKL', 'RTYTYEKL', 'SNYLFTKL', 'SSYTFPKM', 'SVYVYKVL', 'VAFDFTKV', 'SYFPEITHI']",1.1999999999999886,0.0,"[ 0.07692308  0.61538462  0.23076923 10.61538462  0.38461538  0.46153846
  0.38461538  0.15384615  0.15384615  0.92307692  0.84615385  1.15384615
  0.        ]",0.43904515928171317,0.13336815280368303,0.9039084584897507,0.9039931749214583,8.47164317075988e-05,0.004807692307692309,0.9066240729622609,0.0027156144725102305,0.03846153846153847,0.9052133666937032,0.0013049082039525706,0.014423076923076926,0.3072142495690189,-0.5966942089207318,0.6634615384615385,0.9060511277227152,0.002142669232964578,0.024038461538461543,0.9095887190940568,0.005680260604306153,0.02884615384615385,0.9059102654626668,0.002001806972916187,0.024038461538461543,0.9045981585290814,0.0006897000393307762,0.009615384615384618,0.9046347661681574,0.0007263076784067568,0.009615384615384618,0.915406386424265,0.011497927934514318,0.0576923076923077,0.9260320397535867,0.022123581263836067,0.05288461538461539,0.9400876470678166,0.0361791885780659,0.07211538461538462,0.9039084584897507,0.0,0.0,VSFTYRYL,0.0361791885780659,RAYLFNSV,-0.5966942089207318
78,AV16/DV11-CAMRESMATGGNNKLTF-AJ56_BV13-1-CASSDAGGWEQYF-BJ2-7,7,single,['VSFTYRYL'],1,[0.8354838709677419],VSFTYRYL,0.8354838709677419,VSFTYRYL,0.8709677419354839,True,['VSFTYRYL'],1,"['ATLVFHNL', 'HIYEFPQL', 'INFDFPKL', 'RAYLFNSV', 'RTYTYEKL', 'SNYLFTKL', 'SSYTFPKM', 'SVYVYKVL', 'VAFDFTKV', 'VGPRYTNL', 'VIVRFLTV', 'SYFPEITHI']",3.0,0.0,"[ 0.          0.42857143  0.28571429  1.14285714  1.42857143  0.42857143
  0.28571429  0.          0.14285714  1.42857143  1.71428571 37.
  0.        ]",0.6885399789240184,0.08716963474452025,0.8990424224178785,0.8990424224178785,0.0,0.0,0.9029593652659896,0.003916942848111171,0.00967741935483871,0.9030968503334698,0.0040544279155912966,0.0064516129032258064,0.9022786050914998,0.0032361826736213573,0.025806451612903226,0.9021545809459978,0.003112158528119302,0.03225806451612903,0.8991426668332425,0.00010024441536404805,0.00967741935483871,0.8991116250499677,6.920263208920474e-05,0.0064516129032258064,0.8990424224178785,0.0,0.0,0.8992238065076299,0.00018138408975143516,0.0032258064516129032,0.9026823224309933,0.0036399000131148718,0.03225806451612903,0.9475703942462824,0.04852797182840396,0.03870967741935484,0.5372839294296881,-0.3617584929881904,0.8354838709677419,0.8990424224178785,0.0,0.0,VSFTYRYL,-0.3617584929881904,VSFTYRYL,-0.3617584929881904
79,AV3D-3-CAVGAGNTRKLIF-AJ37*p02_BV13-2-CASGPSGGADTQYF-BJ2-5,5,single,['SVYVYKVL'],1,[0.8690476190476192],SVYVYKVL,0.8690476190476192,SVYVYKVL,0.8888888888888888,True,['SVYVYKVL'],1,"['ATLVFHNL', 'HIYEFPQL', 'INFDFPKL', 'RAYLFNSV', 'RTYTYEKL', 'SNYLFTKL', 'SSYTFPKM', 'VAFDFTKV', 'VGPRYTNL', 'VIVRFLTV', 'VSFTYRYL', 'SYFPEITHI']",1.0,0.0,[ 0.   0.2  0.   0.   0.6  0.4  0.4 14.6  0.   0.2  0.2  0.2  0. ],0.24398957657983364,0.6924532332498625,0.8977498920667543,0.8977498920667543,0.0,0.0,0.9019053959576366,0.004155503890882373,0.011904761904761908,0.8977498920667543,0.0,0.0,0.8977498920667543,0.0,0.0,0.9013907639783012,0.003640871911546939,0.03571428571428572,0.9633138191933692,0.06556392712661496,0.023809523809523815,0.9153170029138116,0.01756711084705731,0.023809523809523815,0.1352332496108199,-0.7625166424559344,0.8690476190476192,0.8977498920667543,0.0,0.0,0.9006407120140839,0.002890819947329648,0.011904761904761908,0.8978509509038908,0.00010105883713651398,0.011904761904761908,0.9019053959576364,0.004155503890882151,0.011904761904761908,0.8977498920667543,0.0,0.0,SVYVYKVL,-0.7625166424559344,SVYVYKVL,-0.7625166424559344
80,AV19-CAANNAGAKLTF-AJ39_BV16-CASSLGWGRDAETLYF-BJ2-3,7,single,['SSYTFPKM'],1,[0.8188405797101449],SSYTFPKM,0.8188405797101449,SSYTFPKM,0.84375,True,['SSYTFPKM'],1,"['ATLVFHNL', 'HIYEFPQL', 'INFDFPKL', 'RAYLFNSV', 'RTYTYEKL', 'SNYLFTKL', 'SVYVYKVL', 'VAFDFTKV', 'VGPRYTNL', 'VIVRFLTV', 'VSFTYRYL', 'SYFPEITHI']",2.0,0.0,"[ 0.28571429  0.71428571  0.42857143  0.57142857  0.71428571  1.
 32.28571429  0.71428571  0.          1.14285714  1.28571429  0.28571429
  0.        ]",-0.01738279746035293,0.9704945046864795,0.8882810747186902,0.8884581409764853,0.00017706625779512208,0.007246376811594202,0.891069743266482,0.002788668547791806,0.018115942028985508,0.8938755323159084,0.0055944575972182164,0.010869565217391304,0.8897120787857191,0.001431004067028896,0.014492753623188404,0.8896017235431031,0.0013206488244128511,0.018115942028985508,0.8903883828081505,0.002107308089460247,0.02536231884057971,0.4065418354884077,-0.4817392392302825,0.8188405797101449,0.8961975871388138,0.00791651242012359,0.018115942028985508,0.8882810747186902,0.0,0.0,0.9106749038256022,0.02239382910691201,0.02898550724637681,0.9103104957230567,0.022029421004366445,0.03260869565217391,0.8894876246056469,0.001206549886956676,0.007246376811594202,0.8882810747186902,0.0,0.0,SSYTFPKM,-0.4817392392302825,SSYTFPKM,-0.4817392392302825
81,AV6-6-CALGSYGNEKITF-AJ48_BV13-1-CASSDAASNERLFF-BJ1-4,7,single,['SVYVYKVL'],1,[0.7597402597402598],SVYVYKVL,0.7597402597402598,SVYVYKVL,0.8,True,"['RTYTYEKL', 'SVYVYKVL']",2,"['ATLVFHNL', 'HIYEFPQL', 'INFDFPKL', 'RAYLFNSV', 'SNYLFTKL', 'SSYTFPKM', 'VAFDFTKV', 'VGPRYTNL', 'VIVRFLTV', 'VSFTYRYL', 'SYFPEITHI']",2.0,0.0,"[ 0.          0.14285714  0.71428571  0.14285714  1.14285714  0.71428571
  0.42857143 16.71428571  0.          0.42857143  0.85714286  0.71428571
  0.        ]",0.3956075879733898,0.3796926610422076,0.8821152334977665,0.8821152334977665,0.0,0.0,0.8823176729726283,0.00020243947486175973,0.006493506493506493,0.8865784276041042,0.0044631941063376646,0.03246753246753247,0.8833541217909711,0.0012388882932045098,0.006493506493506493,0.8897256274175915,0.007610393919824987,0.051948051948051945,0.9340945411554523,0.05197930765768577,0.03246753246753247,0.8830692009824792,0.0009539674847126589,0.01948051948051948,0.3951458601619787,-0.4869693733357878,0.7597402597402598,0.8821152334977665,0.0,0.0,0.8854252226699745,0.0033099891722079278,0.01948051948051948,0.8906127583816066,0.008497524883840035,0.03896103896103896,0.8904778029335925,0.008362569435825917,0.03246753246753247,0.8821152334977665,0.0,0.0,RTYTYEKL,0.007610393919824987,SVYVYKVL,-0.4869693733357878
82,AV3-3-CAVSMYQGGRALIF-AJ15_BV29-CASSPGTTNTEVFF-BJ1-1,14,single,['RAYLFNSV'],1,[0.8202531645569621],RAYLFNSV,0.8202531645569621,RAYLFNSV,0.8611111111111112,True,['RAYLFNSV'],1,"['ATLVFHNL', 'HIYEFPQL', 'INFDFPKL', 'RTYTYEKL', 'SNYLFTKL', 'SSYTFPKM', 'SVYVYKVL', 'VAFDFTKV', 'VGPRYTNL', 'VIVRFLTV', 'VSFTYRYL', 'SYFPEITHI']",3.6500000000000057,0.0,"[ 0.64285714  1.85714286  0.71428571 46.28571429  1.42857143  0.57142857
  0.28571429  0.78571429  0.21428571  1.          1.35714286  1.28571429
  0.        ]",0.31812572351822904,0.26766627382228675,0.881032422840583,0.8814497511168445,0.00041732827626150826,0.011392405063291141,0.9271363093724831,0.04610388653190012,0.03291139240506329,0.8813739625939471,0.00034153975336403963,0.012658227848101267,0.36986899043561633,-0.5111634324049668,0.8202531645569621,0.8820238369357537,0.000991414095170673,0.025316455696202535,0.8820874490920337,0.001055026251450708,0.010126582278481013,0.8810584075366713,2.5984696088277026e-05,0.005063291139240506,0.881379651207795,0.0003472283672120158,0.013924050632911394,0.881216898424656,0.00018447558407297393,0.00379746835443038,0.8819321157944056,0.0008996929538225285,0.017721518987341773,0.8819699067596807,0.0009374839190976481,0.02405063291139241,0.8815063647123289,0.00047394187174587543,0.022784810126582282,0.881032422840583,0.0,0.0,RAYLFNSV,-0.5111634324049668,RAYLFNSV,-0.5111634324049668
83,AV7D-2-CAASMDYANKMIF-AJ47_BV13-3-CASSDRSEQYF-BJ2-7,13,single,['RAYLFNSV'],1,[0.6534653465346536],RAYLFNSV,0.6534653465346536,RAYLFNSV,0.8,True,"['RAYLFNSV', 'RTYTYEKL', 'VGPRYTNL']",3,"['ATLVFHNL', 'HIYEFPQL', 'INFDFPKL', 'SNYLFTKL', 'SSYTFPKM', 'SVYVYKVL', 'VAFDFTKV', 'VIVRFLTV', 'VSFTYRYL', 'SYFPEITHI']",1.5499999999999972,0.0,"[ 0.23076923  0.          0.46153846 10.15384615  0.92307692  0.76923077
  0.23076923  0.15384615  0.23076923  1.07692308  0.69230769  0.61538462
  0.        ]",0.6608179476541225,0.013934488991721635,0.8809756692580777,0.9063845009358914,0.025408831677813715,0.014851485148514856,0.8809756692580777,0.0,0.0,0.8906861835895694,0.009710514331491726,0.029702970297029712,0.3629266670228547,-0.518049002235223,0.6534653465346536,0.8900790994832178,0.009103430225140152,0.059405940594059424,0.889500986762305,0.008525317504227359,0.04950495049504952,0.8868286455242228,0.005852976266145116,0.014851485148514856,0.8867475428074036,0.0057718735493259565,0.009900990099009905,0.8821339698153727,0.0011583005572950444,0.014851485148514856,0.8887870697257154,0.00781140046763773,0.06930693069306933,0.8894521467369364,0.008476477478858713,0.044554455445544566,0.8852365443568524,0.004260875098774708,0.03960396039603962,0.8809756692580777,0.0,0.0,RTYTYEKL,0.009103430225140152,RAYLFNSV,-0.518049002235223
84,AV3-4-CAVSAEDYANKMIF-AJ47_BV13-1-CASSDVGGLNTGQLYF-BJ2-2,10,single,['SNYLFTKL'],1,[0.6816955684007708],SNYLFTKL,0.6816955684007708,SNYLFTKL,0.7239382239382239,True,"['SNYLFTKL', 'VIVRFLTV']",2,"['ATLVFHNL', 'HIYEFPQL', 'INFDFPKL', 'RAYLFNSV', 'RTYTYEKL', 'SSYTFPKM', 'SVYVYKVL', 'VAFDFTKV', 'VGPRYTNL', 'VSFTYRYL', 'SYFPEITHI']",19.0,0.4,"[  6.7   2.2   7.4  10.1  11.7 176.9   2.9   4.3   1.4  12.2  18.7   4.6
   0.4]",0.6237915774167476,0.05394228640961096,0.869023526901216,0.9648872645441439,0.09586373764292788,0.025818882466281317,0.8691102102523444,8.668335112838044e-05,0.008477842003853568,0.8720040864241808,0.002980559522964832,0.028516377649325634,0.8698026421838454,0.0007791152826294168,0.03892100192678228,0.8718705432561638,0.0028470163549477734,0.045086705202312144,0.7295022894805435,-0.13952123742067246,0.6816955684007708,0.869317352413714,0.0002938255124980138,0.011175337186897883,0.8700008919759566,0.000977365074740666,0.016570327552986517,0.8690708360136548,4.730911243877589e-05,0.005394990366088633,0.8700396762848833,0.0010161493836673419,0.04701348747591523,0.8710879810818352,0.0020644541806191796,0.07206165703275531,0.8696096213524369,0.000586094451220931,0.017726396917148366,0.8690291573531804,5.6304519644445605e-06,0.0015414258188824667,VIVRFLTV,0.0020644541806191796,SNYLFTKL,-0.13952123742067246
85,AV13-1-CAMESGGSNYKLTF-AJ53_BV1-CTCSALNYAEQFF-BJ2-1,7,single,['RAYLFNSV'],1,[0.8296703296703297],RAYLFNSV,0.8296703296703297,RAYLFNSV,0.9230769230769231,True,['RAYLFNSV'],1,"['ATLVFHNL', 'HIYEFPQL', 'INFDFPKL', 'RTYTYEKL', 'SNYLFTKL', 'SSYTFPKM', 'SVYVYKVL', 'VAFDFTKV', 'VGPRYTNL', 'VIVRFLTV', 'VSFTYRYL', 'SYFPEITHI']",2.0,0.0,"[ 0.42857143  0.42857143  0.28571429 21.57142857  0.14285714  0.42857143
  0.          0.57142857  0.14285714  1.28571429  0.57142857  0.14285714
  0.        ]",0.6742487552995182,0.09668225301525221,0.8658768381072778,0.8726703503909955,0.0067935122837177175,0.016483516483516484,0.8683819481588858,0.0025051100516080282,0.016483516483516484,0.8667072435305417,0.0008304054232639579,0.010989010989010988,0.28160003624070024,-0.5842768018665776,0.8296703296703297,0.8661704673096923,0.00029362920241449153,0.005494505494505494,0.8670300409965455,0.0011532028892676793,0.016483516483516484,0.8658768381072778,0.0,0.0,0.9030546247009358,0.037177786593658,0.021978021978021976,0.8661416504697724,0.00026481236249464857,0.005494505494505494,0.9041665616249466,0.038289723517668794,0.049450549450549455,0.8666435727305035,0.0007667346232257399,0.021978021978021976,0.8661704673096923,0.00029362920241449153,0.005494505494505494,0.8658768381072778,0.0,0.0,RAYLFNSV,-0.5842768018665776,RAYLFNSV,-0.5842768018665776
86,AV10D-CAASDSGYNKLTF-AJ11*p02_BV13-1-CASSGGVQNTLYF-BJ2-4,8,single,['RAYLFNSV'],1,[0.6533333333333333],RAYLFNSV,0.6533333333333333,RAYLFNSV,0.9090909090909091,True,"['RAYLFNSV', 'RTYTYEKL', 'SSYTFPKM', 'VIVRFLTV']",4,"['ATLVFHNL', 'HIYEFPQL', 'INFDFPKL', 'SNYLFTKL', 'SVYVYKVL', 'VAFDFTKV', 'VGPRYTNL', 'VSFTYRYL', 'SYFPEITHI']",1.0,0.0,"[0.    0.    0.125 6.125 0.75  0.375 0.625 0.125 0.    0.125 0.75  0.375
 0.   ]",0.6295458822794658,0.09440237860615992,0.8626005381592327,0.8626005381592327,0.0,0.0,0.8626005381592327,0.0,0.0,0.8642872561455881,0.001686717986355446,0.013333333333333334,0.2278725569268723,-0.6347279812323603,0.6533333333333333,0.9286505674887664,0.06605002932953374,0.08,0.8729485243152358,0.010347986156003186,0.04,0.8816794352763521,0.01907889711711941,0.06666666666666667,0.8642872561455881,0.001686717986355446,0.013333333333333334,0.8626005381592327,0.0,0.0,0.8630386318759667,0.00043809371673408926,0.013333333333333334,0.8847943366129307,0.022193798453698066,0.08,0.8648452475371461,0.002244709377913434,0.04,0.8626005381592327,0.0,0.0,RTYTYEKL,0.06605002932953374,RAYLFNSV,-0.6347279812323603
87,AV7-4-CADNTNTGKLTF-AJ27_BV12-2-CASSLEQGEDTQYF-BJ2-5,18,single,['ATLVFHNL'],1,[0.5142683667273832],ATLVFHNL,0.5142683667273832,ATLVFHNL,0.5036496350364964,True,"['ATLVFHNL', 'RAYLFNSV', 'RTYTYEKL', 'VGPRYTNL', 'VIVRFLTV']",5,"['HIYEFPQL', 'INFDFPKL', 'SNYLFTKL', 'SSYTFPKM', 'SVYVYKVL', 'VAFDFTKV', 'VSFTYRYL', 'SYFPEITHI']",8.0,0.16666666666666666,"[47.05555556  1.83333333  3.          5.11111111  6.72222222  4.
  2.05555556  2.83333333  1.33333333  6.          7.44444444  3.94444444
  0.16666667]",0.7298118846782011,0.0005860806108233243,0.8301257542559426,0.7313712348367093,-0.0987545194192333,0.5142683667273832,0.8319407821955663,0.0018150279396237368,0.020036429872495445,0.8351487988203615,0.0050230445644189325,0.03278688524590164,0.8361080404660394,0.005982286210096777,0.055859137826350935,0.8489878441956387,0.01886208993969607,0.0734669095324833,0.8398086282552771,0.00968287399933454,0.04371584699453552,0.8320131422505751,0.0018873879946325056,0.02246508803885853,0.8323509334604869,0.0022251792045443475,0.030965391621129327,0.8334139353053222,0.003288181049379557,0.014571948998178506,0.8387484735532176,0.008622719297274983,0.06557377049180328,0.8517805202281172,0.02165476597217464,0.08136004857316333,0.8372681495715294,0.0071423953155868025,0.043108682452944753,0.8302417523957372,0.00011599813979457085,0.0018214936247723133,VIVRFLTV,0.02165476597217464,ATLVFHNL,-0.0987545194192333
88,AV16/DV11-CAMREGSSGSWQLIF-AJ22_BV16-CASSPGQPNTEVFF-BJ1-1,9,single,['RAYLFNSV'],1,[0.7317073170731708],RAYLFNSV,0.7317073170731708,RAYLFNSV,0.9166666666666666,True,['RAYLFNSV'],1,"['ATLVFHNL', 'HIYEFPQL', 'INFDFPKL', 'RTYTYEKL', 'SNYLFTKL', 'SSYTFPKM', 'SVYVYKVL', 'VAFDFTKV', 'VGPRYTNL', 'VIVRFLTV', 'VSFTYRYL', 'SYFPEITHI']",3.0,0.0,"[ 0.77777778  0.66666667  0.11111111 16.66666667  0.66666667  0.66666667
  0.44444444  0.66666667  0.33333333  0.66666667  0.33333333  0.77777778
  0.        ]",-0.028703131181597855,0.9415665919154345,0.8234930713308493,0.8295663863682409,0.006073315037391613,0.03414634146341464,0.8301621323149472,0.006669060984097919,0.02926829268292683,0.8242475940720708,0.0007545227412215638,0.004878048780487805,0.187789874325976,-0.6357031970048732,0.7317073170731708,0.8267693987478828,0.003276327417033542,0.02926829268292683,0.8304598164512004,0.006966745120351114,0.02926829268292683,0.8257105375653112,0.002217466234461951,0.01951219512195122,0.8359925520511169,0.01249948072026763,0.02926829268292683,0.8245961081809126,0.0011030368500632992,0.014634146341463415,0.8296544500303925,0.006161378699543252,0.02926829268292683,0.8241290507013547,0.0006359793705054129,0.014634146341463415,0.8542980515769228,0.030804980246073588,0.03414634146341464,0.8234930713308489,-3.3306690738754696e-16,0.0,RAYLFNSV,-0.6357031970048732,RAYLFNSV,-0.6357031970048732
89,AV13D-1-CAMNQGGSAKLIF-AJ57_BV1-CTCSALNYAEQFF-BJ2-1,5,single,['RAYLFNSV'],1,[0.7762237762237761],RAYLFNSV,0.7762237762237761,RAYLFNSV,0.8947368421052632,True,"['RAYLFNSV', 'RTYTYEKL']",2,"['ATLVFHNL', 'HIYEFPQL', 'INFDFPKL', 'SNYLFTKL', 'SSYTFPKM', 'SVYVYKVL', 'VAFDFTKV', 'VGPRYTNL', 'VIVRFLTV', 'VSFTYRYL', 'SYFPEITHI']",2.299999999999997,0.0,[ 0.6  0.2  0.2 22.2  1.8  0.4  0.2  1.   0.   0.6  1.2  0.2  0. ],0.8379023620881161,0.07640941087364696,0.8227656874363177,0.8230943815858065,0.00032869414948877296,0.020979020979020976,0.8242669914026204,0.0015013039663026584,0.006993006993006993,0.8233612677746225,0.0005955803383047575,0.006993006993006993,0.2524170653422044,-0.5703486220941133,0.7762237762237761,0.8253029332419318,0.0025372458056140967,0.06293706293706293,0.823002993061689,0.00023730562537127575,0.013986013986013986,0.8787895634134136,0.056023875977095905,0.006993006993006993,0.8235945187178382,0.0008288312815204479,0.03496503496503496,0.8227656874363177,0.0,0.0,0.8250456376472712,0.0022799502109535075,0.020979020979020976,0.8728622461801153,0.05009655874379759,0.04195804195804195,0.8233612677746225,0.0005955803383047575,0.006993006993006993,0.8227656874363177,0.0,0.0,RTYTYEKL,0.0025372458056140967,RAYLFNSV,-0.5703486220941133
90,AV5-1-CSASSGSWQLIF-AJ22_BV13-2-CASGEVGSNTEVFF-BJ1-1,9,single,['VIVRFLTV'],1,[0.35985533453887886],VIVRFLTV,0.35985533453887886,VIVRFLTV,0.40625,True,"['HIYEFPQL', 'RAYLFNSV', 'SVYVYKVL', 'VAFDFTKV', 'VGPRYTNL', 'VIVRFLTV', 'VSFTYRYL']",7,"['ATLVFHNL', 'INFDFPKL', 'RTYTYEKL', 'SNYLFTKL', 'SSYTFPKM', 'SYFPEITHI']",9.699999999999989,0.3333333333333333,"[ 2.66666667  3.66666667  2.44444444  5.22222222  2.11111111  2.22222222
  2.33333333  3.33333333  3.33333333  6.         22.11111111  5.66666667
  0.33333333]",0.09612866882591356,0.8056700418803957,0.7823914762254893,0.7889994106298056,0.006607934404316285,0.0433996383363472,0.7863364371115371,0.003944960886047788,0.059674502712477394,0.7894064048781365,0.00701492865264719,0.039783001808318265,0.7886124453722996,0.006220969146810251,0.08499095840867993,0.7876834384543794,0.005291962228890057,0.034358047016274866,0.7864534369520771,0.004061960726587821,0.03616636528028933,0.7860250807263512,0.00363360450086192,0.0379746835443038,0.7876910200706918,0.005299543845202481,0.054249547920434,0.7929181155696637,0.010526639344174415,0.054249547920434,0.826773441566336,0.04438196534084671,0.09764918625678119,0.4892014608769499,-0.29319001534853945,0.35985533453887886,0.8068318353375545,0.024440359112065213,0.09222423146473781,0.7833606319624029,0.000969155736913585,0.0054249547920434,VGPRYTNL,0.04438196534084671,VIVRFLTV,-0.29319001534853945
91,AV9D-4-CALSHNYAQGLTF-AJ26_BV31-CAWAGLGNQDTQYF-BJ2-5,5,single,['SSYTFPKM'],1,[0.7518248175182481],SSYTFPKM,0.7518248175182481,SSYTFPKM,0.8888888888888888,True,"['INFDFPKL', 'SSYTFPKM', 'VGPRYTNL']",3,"['ATLVFHNL', 'HIYEFPQL', 'RAYLFNSV', 'RTYTYEKL', 'SNYLFTKL', 'SVYVYKVL', 'VAFDFTKV', 'VIVRFLTV', 'VSFTYRYL', 'SYFPEITHI']",2.0,0.0,[ 0.   0.4  1.4  0.4  0.6  0.4 20.6  0.8  0.   1.4  0.8  0.6  0. ],-0.05328309377510524,0.9321899732606571,0.761206663533436,0.7612066635334356,-4.440892098500626e-16,0.0,0.7676727051607501,0.006466041627314123,0.014598540145985401,0.7633244758579953,0.0021178123245593206,0.0510948905109489,0.7626878281919239,0.0014811646584879101,0.014598540145985401,0.7624530563567757,0.0012463928233397148,0.0218978102189781,0.7627541456581935,0.0015474821247575266,0.014598540145985401,0.16223108923341814,-0.5989755743000179,0.7518248175182481,0.762556754662203,0.0013500911287669393,0.029197080291970802,0.761206663533436,0.0,0.0,0.9340185756001205,0.17281191206668445,0.0510948905109489,0.7643613176596562,0.00315465412622018,0.029197080291970802,0.7626616607304572,0.001454997197021135,0.0218978102189781,0.761206663533436,0.0,0.0,VGPRYTNL,0.17281191206668445,SSYTFPKM,-0.5989755743000179
92,AV8-2-CATDIQGGRALIF-AJ15_BV3-CASSWGGADSDYTF-BJ1-2,27,single,['ATLVFHNL'],1,[0.715319662243667],ATLVFHNL,0.715319662243667,ATLVFHNL,0.9166666666666666,True,"['ATLVFHNL', 'RAYLFNSV']",2,"['HIYEFPQL', 'INFDFPKL', 'RTYTYEKL', 'SNYLFTKL', 'SSYTFPKM', 'SVYVYKVL', 'VAFDFTKV', 'VGPRYTNL', 'VIVRFLTV', 'VSFTYRYL', 'SYFPEITHI']",3.0,0.0,"[21.96296296  0.33333333  0.18518519  2.11111111  0.81481481  0.96296296
  0.48148148  0.40740741  0.22222222  1.44444444  1.2962963   0.48148148
  0.        ]",0.386706254790921,0.04630606334238054,0.7520689240179215,0.28586505476281265,-0.4662038692551088,0.715319662243667,0.7524432187107354,0.0003742946928139146,0.010856453558504222,0.7551464036063883,0.003077479588466825,0.006031363088057901,0.7671317826812841,0.015062858663362655,0.06875753920386007,0.7533102554944495,0.0012413314765280514,0.026537997587454766,0.7527516310944693,0.0006827070765478283,0.031363088057901084,0.7559148009292382,0.00384587691131677,0.015681544028950542,0.7525894298495879,0.0005205058316664068,0.013268998793727383,0.7522974664263472,0.00022854240842573592,0.007237635705669481,0.7598889574707104,0.007820033452788921,0.04704463208685163,0.7551781794052259,0.0031092553873044437,0.04221954161640531,0.8119890370227228,0.05992011300480138,0.015681544028950542,0.7520689240179215,0.0,0.0,RAYLFNSV,0.015062858663362655,ATLVFHNL,-0.4662038692551088
93,AV3-3-CAVSVNYGGSGNKLIF-AJ32_BV5-CASSQDLWGAGSQNTLYF-BJ2-4,5,single,['RAYLFNSV'],1,[0.7012987012987013],RAYLFNSV,0.7012987012987013,RAYLFNSV,0.625,True,"['ATLVFHNL', 'RAYLFNSV', 'VGPRYTNL']",3,"['HIYEFPQL', 'INFDFPKL', 'RTYTYEKL', 'SNYLFTKL', 'SSYTFPKM', 'SVYVYKVL', 'VAFDFTKV', 'VIVRFLTV', 'VSFTYRYL', 'SYFPEITHI']",1.0,0.0,[ 0.8  0.2  0.2 10.8  0.4  0.2  0.4  0.6  0.   0.8  0.6  0.4  0. ],-0.3788002918124413,0.5294926971685152,0.6257330553321513,0.6456625389944988,0.01992948366234748,0.05194805194805195,0.6294521718244951,0.003719116492343799,0.012987012987012988,0.6311945469584019,0.0054614916262506474,0.012987012987012988,0.2811850657498859,-0.3445479895822654,0.7012987012987013,0.6287830661899916,0.0030500108578402907,0.025974025974025976,0.6294521718244951,0.003719116492343799,0.012987012987012988,0.6493655625968607,0.023632507264709446,0.025974025974025976,0.6708225985367431,0.0450895432045918,0.03896103896103896,0.6257330553321511,-2.220446049250313e-16,0.0,0.6362453276531331,0.010512272320981841,0.05194805194805195,0.6525389441116625,0.026805888779511178,0.03896103896103896,0.627323666185541,0.00159061085338974,0.025974025974025976,0.6257330553321511,-2.220446049250313e-16,0.0,ATLVFHNL,0.01992948366234748,RAYLFNSV,-0.3445479895822654
94,AV7-3-CAVNAYKVIF-AJ30_BV13-2-CASGDLGGRDAETLYF-BJ2-3,5,dual,"['SNYLFTKL', 'VIVRFLTV']",2,"[0.7950928381962864, 0.05769230769230768]",SNYLFTKL,0.7950928381962864,SNYLFTKL,0.8292682926829268,True,"['SNYLFTKL', 'VIVRFLTV']",2,"['ATLVFHNL', 'HIYEFPQL', 'INFDFPKL', 'RAYLFNSV', 'RTYTYEKL', 'SSYTFPKM', 'SVYVYKVL', 'VAFDFTKV', 'VGPRYTNL', 'VSFTYRYL', 'SYFPEITHI']",15.299999999999997,0.4,"[  0.6   1.6   3.6  10.    9.6 239.8   2.6   3.8   0.6   8.6  17.4   3.
   0.4]",0.7842267371426248,0.11634535049612739,0.9967083406950037,0.9967141532579362,5.812562932527854e-06,0.0019893899204244028,0.9967298971478543,2.155645285062402e-05,0.005305039787798408,0.9967861291293193,7.778843431560656e-05,0.011936339522546418,0.9972143524504432,0.0005060117554395172,0.03315649867374005,0.9969552079150329,0.00024686722002920103,0.031830238726790444,0.7843635417990606,-0.21234479889594304,0.7950928381962864,0.9967444008940417,3.606019903801272e-05,0.008620689655172414,0.9967776109357616,6.927024075786825e-05,0.01259946949602122,0.9967268592625427,1.8518567538983177e-05,0.0019893899204244028,0.9971951631713033,0.00048682247629960873,0.02851458885941644,0.9983908491940701,0.0016825084990663708,0.05769230769230768,0.9968053371300478,9.69964350441277e-05,0.009946949602122016,0.9967221858674247,1.3845172420978713e-05,0.001326259946949602,VIVRFLTV,0.0016825084990663708,SNYLFTKL,-0.21234479889594304
95,AV16/DV11-CAMREDTGYQNFYF-AJ49_BV13-1-CASGGVYEQYF-BJ2-7,12,dual,"['RAYLFNSV', 'VGPRYTNL']",2,"[0.09468822170900693, 0.8517321016166282]",VGPRYTNL,0.8517321016166282,VGPRYTNL,0.8900709219858156,True,"['RAYLFNSV', 'VGPRYTNL']",2,"['ATLVFHNL', 'HIYEFPQL', 'INFDFPKL', 'RTYTYEKL', 'SNYLFTKL', 'SSYTFPKM', 'SVYVYKVL', 'VAFDFTKV', 'VIVRFLTV', 'VSFTYRYL', 'SYFPEITHI']",3.0,0.3333333333333333,"[8.33333333e-02 7.50000000e-01 7.50000000e-01 1.70833333e+01
 1.33333333e+00 1.25000000e+00 3.33333333e-01 9.16666667e-01
 1.66666667e-01 1.53666667e+02 2.50000000e+00 1.25000000e+00
 3.33333333e-01]",0.6182791470343661,0.03212059772181206,0.9964782128616874,0.9964813249657808,3.112104093427881e-06,0.00046189376443418013,0.9965711352673727,9.292240568536947e-05,0.004157043879907622,0.9965740847441249,9.587188243753708e-05,0.004157043879907622,0.9989040646865432,0.0024258518248558847,0.09468822170900693,0.996581088128723,0.00010287526703567362,0.007390300230946882,0.9967374183972812,0.00025920553559388715,0.006928406466512702,0.9964906241453119,1.2411283624502722e-05,0.0018475750577367205,0.9965915696120696,0.00011335675038226523,0.005080831408775982,0.9964878181632767,9.605301589332704e-06,0.0009237875288683603,0.8237315117695981,-0.17274670109208923,0.8517321016166282,0.9967027452801908,0.0002245324185033981,0.013856812933025405,0.9966119217181288,0.00013370885644148345,0.006928406466512702,0.9965086809225014,3.046806081408171e-05,0.0018475750577367205,RAYLFNSV,0.0024258518248558847,VGPRYTNL,-0.17274670109208923
96,AV4D-3-CAADLTSGGNYKPTF-AJ6_BV13-1-CASSDAGFSDYTF-BJ1-2,5,dual,"['INFDFPKL', 'VGPRYTNL']",2,"[0.7125193199381762, 0.0571870170015456]",INFDFPKL,0.7125193199381762,INFDFPKL,0.6788990825688074,True,"['INFDFPKL', 'VGPRYTNL']",2,"['ATLVFHNL', 'HIYEFPQL', 'RAYLFNSV', 'RTYTYEKL', 'SNYLFTKL', 'SSYTFPKM', 'SVYVYKVL', 'VAFDFTKV', 'VIVRFLTV', 'VSFTYRYL', 'SYFPEITHI']",7.0,0.4,[ 0.4  1.2 92.2  4.4  5.   4.   0.4  3.4  1.6  7.4  6.4  2.6  0.4],0.8794963464193476,0.04929741528522542,0.993161539399688,0.9932206566240795,5.911722439155831e-05,0.0030911901081916537,0.9933282387219731,0.0001666993222850799,0.00927357032457496,0.814695430009367,-0.17846610939032104,0.7125193199381762,0.9932798074926156,0.000118268092927587,0.03400309119010819,0.9942267028552193,0.001065163455531315,0.03863987635239567,0.9945307979298865,0.001369258530198536,0.030911901081916538,0.9933019284227618,0.00014038902307378365,0.0030911901081916537,0.9943992852792913,0.001237745879603347,0.026275115919629055,0.9936142383477874,0.0004526989480994059,0.012364760432766615,0.9936683379833564,0.0005067985836684219,0.0571870170015456,0.9940546595846914,0.0008931201850034265,0.04945904173106646,0.9937683527447216,0.0006068133450336521,0.02009273570324575,0.9932040073549381,4.246795525009173e-05,0.0030911901081916537,VGPRYTNL,0.0005067985836684219,INFDFPKL,-0.17846610939032104
97,AV6D-7-CALSAPESDKVVF-AJ34*p03_BV13-1-CASRGGFYAEQFF-BJ2-1,5,dual,"['RTYTYEKL', 'VIVRFLTV']",2,"[0.0641711229946524, 0.8181818181818181]",VIVRFLTV,0.8181818181818181,VIVRFLTV,0.9,True,"['RTYTYEKL', 'VIVRFLTV']",2,"['ATLVFHNL', 'HIYEFPQL', 'INFDFPKL', 'RAYLFNSV', 'SNYLFTKL', 'SSYTFPKM', 'SVYVYKVL', 'VAFDFTKV', 'VGPRYTNL', 'VSFTYRYL', 'SYFPEITHI']",2.0,0.0,[ 0.   0.2  1.   0.2  2.4  0.2  0.4  0.6  0.   0.6 30.6  1.2  0. ],-0.26560268814969634,0.6658434166063331,0.9841037228186608,0.9841037228186608,0.0,0.0,0.9842249587615821,0.00012123594292134943,0.0053475935828877,0.9857526951177734,0.0016489722991126499,0.0267379679144385,0.9843742262901316,0.00027050347147083986,0.0053475935828877,0.9921731612864114,0.008069438467750656,0.0641711229946524,0.9845883449522932,0.00048462213363242856,0.0053475935828877,0.9857222638180602,0.0016185409993993982,0.0106951871657754,0.9848265865569727,0.0007228637383119851,0.0160427807486631,0.9841037228186608,0.0,0.0,0.9846543044780139,0.0005505816593531776,0.0160427807486631,0.2238292820304295,-0.7602744407882313,0.8181818181818181,0.9863678324307686,0.0022641096121078785,0.0320855614973262,0.9841037228186608,0.0,0.0,RTYTYEKL,0.008069438467750656,VIVRFLTV,-0.7602744407882313
98,AV16/DV11-CAMREGNNNNAPRF-AJ43*p03_BV13-2-CASGENTGQLYF-BJ2-2,6,dual,"['SNYLFTKL', 'SVYVYKVL']",2,"[0.5972222222222221, 0.1174242424242424]",SNYLFTKL,0.5972222222222221,SNYLFTKL,0.5734597156398105,True,"['RTYTYEKL', 'SNYLFTKL', 'SVYVYKVL', 'VIVRFLTV']",4,"['ATLVFHNL', 'HIYEFPQL', 'INFDFPKL', 'RAYLFNSV', 'SSYTFPKM', 'VAFDFTKV', 'VGPRYTNL', 'VSFTYRYL', 'SYFPEITHI']",9.699999999999989,0.3333333333333333,"[ 1.33333333  1.16666667  3.33333333  5.83333333  8.16666667 78.83333333
  0.5        15.5         0.5         3.5         9.66666667  3.33333333
  0.33333333]",0.8642309535554158,0.026398519659041293,0.9703486785503105,0.9710892813064973,0.0007406027561868145,0.010101010101010098,0.9705960426943678,0.0002473641440573493,0.008838383838383836,0.9750110518721812,0.004662373321870694,0.02525252525252525,0.9773240325053607,0.006975353955050223,0.04419191919191918,0.9726670537146639,0.0023183751643534034,0.06186868686868685,0.7678009267734514,-0.20254775177685913,0.5972222222222221,0.9704754535688849,0.00012677501857438767,0.003787878787878787,0.9765922192801673,0.006243540729856778,0.1174242424242424,0.970410904075225,6.22255249145276e-05,0.003787878787878787,0.9719248964864426,0.0015762179361321627,0.02651515151515151,0.9744123974322492,0.004063718881938683,0.07323232323232322,0.9706800107805866,0.000331332230276149,0.02525252525252525,0.9704175612622462,6.888271193572493e-05,0.0025252525252525246,SVYVYKVL,0.006243540729856778,SNYLFTKL,-0.20254775177685913
99,AV14-3-CAASPNAYKVIF-AJ30_BV16-CASSFSGTGEYEQYF-BJ2-7,5,dual,"['VIVRFLTV', 'VSFTYRYL']",2,"[0.6026936026936027, 0.09764309764309766]",VIVRFLTV,0.6026936026936027,VIVRFLTV,0.6428571428571429,True,"['VAFDFTKV', 'VGPRYTNL', 'VIVRFLTV', 'VSFTYRYL']",4,"['ATLVFHNL', 'HIYEFPQL', 'INFDFPKL', 'RAYLFNSV', 'RTYTYEKL', 'SNYLFTKL', 'SSYTFPKM', 'SVYVYKVL', 'SYFPEITHI']",4.0,0.0,[ 2.4  0.2  1.8  2.8  1.   0.4  0.6  1.8  3.6  3.2 35.8  5.8  0. ],-0.11484224163440246,0.8541003687204838,0.9688684756102812,0.9729170278495649,0.004048552239283687,0.04040404040404041,0.9691217615152766,0.00025328590499540393,0.0033670033670033677,0.9701987220890074,0.0013302464787261492,0.030303030303030307,0.9704225934978578,0.0015541178875765338,0.04713804713804714,0.9691377516215312,0.0002692760112499304,0.016835016835016838,0.9717722652124964,0.0029037896022151566,0.0067340067340067354,0.9698225733949899,0.000954097784708674,0.010101010101010102,0.9698225679864583,0.0009540923761770514,0.030303030303030307,0.9743608256817102,0.0054923500714290086,0.060606060606060615,0.9689928544049596,0.00012437879467841473,0.053872053872053884,0.6966182930905462,-0.272250182519735,0.6026936026936027,0.9796842248601523,0.010815749249871054,0.09764309764309766,0.9688684756102812,0.0,0.0,VSFTYRYL,0.010815749249871054,VIVRFLTV,-0.272250182519735
100,AV13-4/DV7-CAMEPSNYQLIW-AJ33_BV29-CASGQGGTGQLYF-BJ2-2,5,dual,"['SVYVYKVL', 'VGPRYTNL']",2,"[0.6613588110403398, 0.0753715498938429]",SVYVYKVL,0.6613588110403398,SVYVYKVL,0.8165938864628821,True,"['RAYLFNSV', 'SVYVYKVL', 'VGPRYTNL', 'VIVRFLTV']",4,"['ATLVFHNL', 'HIYEFPQL', 'INFDFPKL', 'RTYTYEKL', 'SNYLFTKL', 'SSYTFPKM', 'VAFDFTKV', 'VSFTYRYL', 'SYFPEITHI']",12.59999999999998,0.0,"[  0.4   1.    3.4  11.2   7.6   9.    1.6 124.6   0.4  14.2  12.2   2.8
   0. ]",0.8531467443533334,0.06604707112219176,0.9590603239338984,0.959078700371015,1.837643711655179e-05,0.002123142250530786,0.9591300943823485,6.977044845013491e-05,0.0053078556263269645,0.9594939312331652,0.00043360729926678054,0.01804670912951168,0.9632987832825645,0.004238459348666068,0.059447983014861996,0.9618704920296045,0.0028101680957061115,0.04033970276008493,0.9608638436772834,0.0018035197433849959,0.04777070063694268,0.9592816972774838,0.00022137334358540706,0.008492569002123144,0.8184437363226306,-0.14061658761126783,0.6613588110403398,0.959078700371015,1.837643711655179e-05,0.002123142250530786,0.9837514715399476,0.02469114760604918,0.0753715498938429,0.9622837983652393,0.003223474431340856,0.06475583864118896,0.9595489319959576,0.0004886080620591926,0.014861995753715499,0.9590603239338984,0.0,0.0,VGPRYTNL,0.02469114760604918,SVYVYKVL,-0.14061658761126783
101,AV16D/DV11-CAMRDPYGGSGNKLIF-AJ32_BV1-CTCSAVREDTQYF-BJ2-5,6,dual,"['RAYLFNSV', 'VIVRFLTV']",2,"[0.678916827852998, 0.08897485493230174]",RAYLFNSV,0.678916827852998,RAYLFNSV,0.7041420118343196,True,"['RAYLFNSV', 'RTYTYEKL', 'VIVRFLTV']",3,"['ATLVFHNL', 'HIYEFPQL', 'INFDFPKL', 'SNYLFTKL', 'SSYTFPKM', 'SVYVYKVL', 'VAFDFTKV', 'VGPRYTNL', 'VSFTYRYL', 'SYFPEITHI']",6.0,0.5,"[ 0.5         1.5         0.66666667 58.5         4.83333333  3.5
  0.33333333  2.16666667  0.          3.83333333  7.66666667  2.16666667
  0.5       ]",0.6793248375442024,0.13776091581169925,0.9579748138787653,0.9583002970723482,0.00032548319358294275,0.005802707930367504,0.959454609253132,0.0014797953743667103,0.017408123791102514,0.9581805911060016,0.00020577722723635894,0.007736943907156672,0.6904001772806332,-0.2675746365981321,0.678916827852998,0.9643750151464052,0.00640020126763996,0.056092843326885876,0.9598247102522535,0.0018498963734882024,0.04061895551257253,0.9580295200520086,5.470617324332405e-05,0.003868471953578336,0.959180867386313,0.0012060535075477663,0.025145067698259183,0.9579748138787655,2.220446049250313e-16,0.0,0.960886073893027,0.002911260014261785,0.04448742746615087,0.9791320979390018,0.021157284060236536,0.08897485493230174,0.9591290726011545,0.0011542587223892786,0.025145067698259183,0.958544565065292,0.0005697511865266902,0.005802707930367504,VIVRFLTV,0.021157284060236536,RAYLFNSV,-0.2675746365981321
102,AV6-6-CALGSNTDKVVF-AJ34*p03_BV14-CASRHRDEQYF-BJ2-7,34,dual,"['SNYLFTKL', 'SSYTFPKM']",2,"[0.07997334221926022, 0.8100633122292568]",SSYTFPKM,0.8100633122292568,SSYTFPKM,0.8759124087591241,True,"['SNYLFTKL', 'SSYTFPKM']",2,"['ATLVFHNL', 'HIYEFPQL', 'INFDFPKL', 'RAYLFNSV', 'RTYTYEKL', 'SVYVYKVL', 'VAFDFTKV', 'VGPRYTNL', 'VIVRFLTV', 'VSFTYRYL', 'SYFPEITHI']",4.0,0.029411764705882353,"[2.64705882e-01 8.23529412e-01 3.82352941e-01 9.70588235e-01
 1.14705882e+00 7.05882353e+00 7.15000000e+01 5.58823529e-01
 3.52941176e-01 1.82352941e+00 2.08823529e+00 1.26470588e+00
 2.94117647e-02]",0.6635578116273432,1.8891103535221594e-05,0.9558388966570294,0.9561038049672745,0.00026490831024517103,0.0029990003332222587,0.9624533393388045,0.0066144426817751345,0.009330223258913693,0.955999267215479,0.00016037055844964065,0.004331889370209929,0.9563619420080907,0.0005230453510612909,0.010996334555148281,0.956935263203976,0.00109636654694667,0.012995668110629787,0.9583489052667645,0.0025100086097351593,0.07997334221926022,0.6602961604291029,-0.2955427362279265,0.8100633122292568,0.9570159045452522,0.0011770078882228363,0.006331222925691435,0.9559688329503694,0.0001299362933400161,0.003998667110963012,0.9602422142886865,0.004403317631657133,0.020659780073308893,0.9571718251540758,0.0013329284970464705,0.023658780406531153,0.9570322647102623,0.0011933680532328905,0.014328557147617459,0.955839588939635,6.922826056854348e-07,0.00033322225924691765,SNYLFTKL,0.0025100086097351593,SSYTFPKM,-0.2955427362279265
103,AV16D/DV11-CAMREGYAQGLTF-AJ26_BV13-2-CASWDISGNTLYF-BJ1-3,13,dual,"['RAYLFNSV', 'SNYLFTKL']",2,"[0.756198347107438, 0.1735537190082645]",RAYLFNSV,0.756198347107438,RAYLFNSV,0.7857142857142857,True,"['RAYLFNSV', 'SNYLFTKL']",2,"['ATLVFHNL', 'HIYEFPQL', 'INFDFPKL', 'RTYTYEKL', 'SSYTFPKM', 'SVYVYKVL', 'VAFDFTKV', 'VGPRYTNL', 'VIVRFLTV', 'VSFTYRYL', 'SYFPEITHI']",2.9000000000000057,0.0,"[ 0.23076923  0.23076923  1.         56.30769231  0.53846154 12.92307692
  0.07692308  0.15384615  0.          0.76923077  1.30769231  0.92307692
  0.        ]",0.6789144953757178,0.010720814716180808,0.9548706434609066,0.9557635549976238,0.0008929115367172225,0.003099173553719009,0.9550361295179189,0.00016548605701238728,0.003099173553719009,0.9561705494945439,0.001299906033637388,0.013429752066115705,0.8425529179259703,-0.11231772553493624,0.756198347107438,0.9554501942259481,0.0005795507650415699,0.007231404958677686,0.9621373487391764,0.0072667052782698915,0.1735537190082645,0.9548890037697513,1.8360308844722617e-05,0.0010330578512396697,0.954884224479951,1.3581019044472953e-05,0.0020661157024793393,0.9548706434609066,0.0,0.0,0.9553792142775469,0.0005085708166403524,0.010330578512396696,0.9697187113306587,0.014848067869752124,0.017561983471074384,0.9625833331671859,0.007712689706279363,0.012396694214876035,0.9548706434609066,0.0,0.0,SNYLFTKL,0.0072667052782698915,RAYLFNSV,-0.11231772553493624
104,AV16D/DV11-CAMRAHYSNNRLTL-AJ7_BV13-2-CASGEQYEQYF-BJ2-7,49,dual,"['SNYLFTKL', 'VIVRFLTV']",2,"[0.7419239052404881, 0.07779971284996409]",SNYLFTKL,0.7419239052404881,SNYLFTKL,0.7772020725388601,True,"['SNYLFTKL', 'VIVRFLTV']",2,"['ATLVFHNL', 'HIYEFPQL', 'INFDFPKL', 'RAYLFNSV', 'RTYTYEKL', 'SSYTFPKM', 'SVYVYKVL', 'VAFDFTKV', 'VGPRYTNL', 'VSFTYRYL', 'SYFPEITHI']",12.099999999999966,0.3469387755102041,"[  1.02040816   2.           3.14285714   8.24489796   8.12244898
 168.73469388   2.36734694   3.89795918   0.91836735   7.36734694
  17.69387755   3.57142857   0.34693878]",0.3672856257097204,0.009430006526560323,0.9527199591510018,0.9528304318225723,0.00011047267157049401,0.004486719310839914,0.9529805655785826,0.00026060642758074515,0.008793969849246231,0.9531289830858348,0.00040902393483299715,0.013819095477386934,0.961283080612173,0.00856312146117122,0.0362526920315865,0.9630056905869796,0.010285731435977774,0.03571428571428571,0.8231422552798856,-0.12957770387111622,0.7419239052404881,0.9531047865854265,0.0003848274344246949,0.010409188801148599,0.9536755476135482,0.0009555884625463973,0.01713926776740847,0.9527968204468994,7.686129589756785e-05,0.004038047379755922,0.9552236504485871,0.00250369129758532,0.032394113424264175,0.9634984275158147,0.010778468364812888,0.07779971284996409,0.9535454366330939,0.0008254774820920519,0.015703517587939697,0.9527529016465623,3.2942495560517315e-05,0.0015254845656855706,VIVRFLTV,0.010778468364812888,SNYLFTKL,-0.12957770387111622
105,AV16/DV11-CAMREDTGYQNFYF-AJ49_BV31-CAWSLGVYAEQFF-BJ2-1,5,dual,"['RTYTYEKL', 'VIVRFLTV']",2,"[0.7652232746955344, 0.05683355886332882]",RTYTYEKL,0.7652232746955344,RTYTYEKL,0.7302904564315352,True,"['RTYTYEKL', 'VIVRFLTV']",2,"['ATLVFHNL', 'HIYEFPQL', 'INFDFPKL', 'RAYLFNSV', 'SNYLFTKL', 'SSYTFPKM', 'SVYVYKVL', 'VAFDFTKV', 'VGPRYTNL', 'VSFTYRYL', 'SYFPEITHI']",14.599999999999994,0.6,"[  1.4   3.6   4.6  12.2 226.2   9.2   2.2   5.8   1.    8.2  16.8   3.8
   0.6]",0.7067608738981531,0.18200161593973063,0.9494888850779917,0.9495589707758137,7.008569782207541e-05,0.004736129905277401,0.949892698592433,0.000403813514441298,0.012178619756427604,0.9503154599631187,0.0008265748851270516,0.015561569688768604,0.9602814964575259,0.010792611379534245,0.04127198917456021,0.8804718202353913,-0.0690170648426004,0.7652232746955344,0.9506659179982149,0.0011770329202231977,0.031123139377537207,0.9512981209804472,0.0018092359024555194,0.007442489851150203,0.9512663886729074,0.0017775035949156859,0.019621109607577805,0.9497813207947463,0.0002924357167546354,0.003382949932341001,0.9611431522764933,0.0116542671985016,0.027740189445196208,0.9609286489588051,0.01143976388081347,0.05683355886332882,0.9504729259645238,0.0009840408865321448,0.012855209742895803,0.9495439305008138,5.5045422822086465e-05,0.0020297699594046007,VIVRFLTV,0.01143976388081347,RTYTYEKL,-0.0690170648426004
106,AV16D/DV11-CAMREDTNAYKVIF-AJ30_BV13-2-CASGETGANSDYTF-BJ1-2,12,dual,"['SNYLFTKL', 'SVYVYKVL']",2,"[0.390549662487946, 0.3529411764705882]",SNYLFTKL,0.390549662487946,SNYLFTKL,0.42955326460481097,True,"['RTYTYEKL', 'SNYLFTKL', 'SVYVYKVL', 'VIVRFLTV']",4,"['ATLVFHNL', 'HIYEFPQL', 'INFDFPKL', 'RAYLFNSV', 'SSYTFPKM', 'VAFDFTKV', 'VGPRYTNL', 'VSFTYRYL', 'SYFPEITHI']",11.649999999999991,0.3333333333333333,"[ 0.91666667  1.91666667  3.          7.16666667  8.66666667 67.5
  1.58333333 61.          0.75        6.66666667  9.58333333  3.75
  0.33333333]",0.298982488251301,0.34515801353398096,0.9479263954129347,0.9480014737160101,7.507830307540431e-05,0.005303760848601735,0.9483066529076561,0.00038025749472148096,0.011089681774349084,0.9493178681095223,0.0013914726965876811,0.017357762777242044,0.9537654546738311,0.005839059260896451,0.04146576663452266,0.9518120569619128,0.003885661548978181,0.050144648023143674,0.9407972552840574,-0.0071291401288772205,0.390549662487946,0.9485498419927931,0.0006234465798584665,0.009161041465766634,0.9585758713251165,0.010649475912181794,0.3529411764705882,0.9482447165317845,0.0003183211188498847,0.004339440694310511,0.9505542265623653,0.0026278311494306594,0.03857280617164899,0.9522532240414221,0.0043268286284874335,0.05544840887174542,0.9494584184589435,0.0015320230460088569,0.021697203471552556,0.9479485185386624,2.212312572769104e-05,0.0019286403085824492,SVYVYKVL,0.010649475912181794,SNYLFTKL,-0.0071291401288772205
107,AV16D/DV11-CAMREGQTGGYKVVF-AJ12_BV13-2-CASGENRANSDYTF-BJ1-2,17,dual,"['SNYLFTKL', 'SSYTFPKM']",2,"[0.10233592880978866, 0.7708565072302559]",SSYTFPKM,0.7708565072302559,SSYTFPKM,0.8620689655172413,True,"['SNYLFTKL', 'SSYTFPKM']",2,"['ATLVFHNL', 'HIYEFPQL', 'INFDFPKL', 'RAYLFNSV', 'RTYTYEKL', 'SVYVYKVL', 'VAFDFTKV', 'VGPRYTNL', 'VIVRFLTV', 'VSFTYRYL', 'SYFPEITHI']",3.0,0.11764705882352941,"[ 0.47058824  0.17647059  0.41176471  0.47058824  0.94117647  5.41176471
 40.76470588  0.47058824  0.17647059  0.70588235  2.05882353  0.70588235
  0.11764706]",0.6139089970328941,0.008754830072370878,0.9465216272892467,0.9471086134666933,0.000586986177446569,0.008898776418242492,0.9466382802144243,0.00011665292517759607,0.0033370411568409346,0.9476678363661916,0.0011462090769448485,0.00778642936596218,0.9471430304871185,0.0006214031978717394,0.008898776418242492,0.9485987275899241,0.002077100300677426,0.017797552836484983,0.9547034836929614,0.008181856403714716,0.10233592880978866,0.37680928346710785,-0.5697123438221389,0.7708565072302559,0.9474998778095362,0.0009782505202894365,0.008898776418242492,0.9543127205502919,0.007791093261045212,0.0033370411568409346,0.9476234993836731,0.0011018720944263594,0.013348164627363738,0.9605494455538481,0.014027818264601422,0.038932146829810894,0.9539992813827226,0.007477654093475894,0.013348164627363738,0.9467344507493546,0.00021282346010786934,0.002224694104560623,SNYLFTKL,0.008181856403714716,SSYTFPKM,-0.5697123438221389
108,AV12-2-CALSDSGGSNAKLTF-AJ42_BV14-CASSFWTGGARDTQYF-BJ2-5,5,dual,"['RTYTYEKL', 'VIVRFLTV']",2,"[0.6775178026449644, 0.10274669379450663]",RTYTYEKL,0.6775178026449644,RTYTYEKL,0.6787564766839378,True,"['RAYLFNSV', 'RTYTYEKL', 'VIVRFLTV']",3,"['ATLVFHNL', 'HIYEFPQL', 'INFDFPKL', 'SNYLFTKL', 'SSYTFPKM', 'SVYVYKVL', 'VAFDFTKV', 'VGPRYTNL', 'VSFTYRYL', 'SYFPEITHI']",12.0,0.2,"[  1.6   1.4   3.4  11.  133.2   8.2   2.2   2.8   1.2   7.4  20.2   3.8
   0.2]",0.9085584589777479,0.03273413253505407,0.9445092736326037,0.9447719006920359,0.00026262705943214115,0.008138351983723298,0.9446533356564764,0.00014406202387262645,0.007121057985757885,0.9450199811890604,0.0005107075564566577,0.017293997965412006,0.9543289329497421,0.009819659317138352,0.05595116988809767,0.8156522882247617,-0.12885698540784207,0.6775178026449644,0.9576062664956677,0.013096992863063983,0.0417090539165819,0.9446224158288052,0.00011314219620151,0.011190233977619535,0.9451287697625501,0.0006194961299463841,0.01424211597151577,0.9445696631976401,6.038956503640058e-05,0.006103763987792473,0.9487553313121497,0.004246057679546,0.037639877924720254,0.9513953409037871,0.006886067271183349,0.10274669379450663,0.9493109982883304,0.004801724655726702,0.01932858596134283,0.9445122117805382,2.9381479345058636e-06,0.0010172939979654122,RAYLFNSV,0.009819659317138352,RTYTYEKL,-0.12885698540784207
109,AV3-3-CAVMPNYNVLYF-AJ21*p03_BV13-2-CASGDLGTDNNQAPLF-BJ1-5,8,dual,"['VGPRYTNL', 'VIVRFLTV']",2,"[0.08813783962889331, 0.6467859509609013]",VIVRFLTV,0.6467859509609013,VIVRFLTV,0.625,True,"['RTYTYEKL', 'VGPRYTNL', 'VIVRFLTV']",3,"['ATLVFHNL', 'HIYEFPQL', 'INFDFPKL', 'RAYLFNSV', 'SNYLFTKL', 'SSYTFPKM', 'SVYVYKVL', 'VAFDFTKV', 'VSFTYRYL', 'SYFPEITHI']",14.149999999999991,0.5,"[  1.75    2.625   4.5     8.75   10.75    8.375   2.25    5.375   1.375
  16.625 122.      3.75    0.5  ]",0.3051046506166803,0.46243962011039924,0.939340857049402,0.9398178303123869,0.0004769732629849033,0.00927766732935719,0.9399366700726214,0.000595813023219427,0.013916500994035786,0.943398866356376,0.004058009306974086,0.02385685884691849,0.9562845021518275,0.01694364510242552,0.04638833664678595,0.9463501900112846,0.007009332961882664,0.05699138502319417,0.9429719888922562,0.0036311318428542405,0.04440026507620941,0.9420296093977454,0.002688752348343426,0.011928429423459244,0.9402273882880868,0.0008865312386848734,0.028495692511597084,0.9394152283082569,7.437125885489948e-05,0.00728959575878065,0.9434971406157863,0.004156283566384311,0.08813783962889331,0.7850565482532563,-0.15428430879614563,0.6467859509609013,0.940678521655615,0.001337664606213096,0.019880715705765408,0.9393872553467572,4.639829735519907e-05,0.0026507620941020544,RTYTYEKL,0.007009332961882664,VIVRFLTV,-0.15428430879614563
110,AV9D-3-CAVSPDTNAYKVIF-AJ30_BV13-2-CASGDWGRGEQYF-BJ2-7,53,dual,"['INFDFPKL', 'VIVRFLTV']",2,"[0.634242472016396, 0.08056124862052658]",INFDFPKL,0.634242472016396,INFDFPKL,0.6631578947368421,True,"['INFDFPKL', 'VGPRYTNL', 'VIVRFLTV', 'VSFTYRYL']",4,"['ATLVFHNL', 'HIYEFPQL', 'RAYLFNSV', 'RTYTYEKL', 'SNYLFTKL', 'SSYTFPKM', 'SVYVYKVL', 'VAFDFTKV', 'SYFPEITHI']",9.0,0.1509433962264151,"[ 0.60377358  1.26415094 75.90566038  5.          5.45283019  4.49056604
  1.56603774  2.60377358  0.62264151  6.09433962  9.64150943  6.28301887
  0.1509434 ]",0.6051975593958019,1.5833706419721106e-06,0.9276108808705347,0.9279672544897541,0.0003563736192194744,0.005044931420463503,0.9279039046338523,0.0002930237633176347,0.01056282516159546,0.7677801589683849,-0.15983072190214975,0.634242472016396,0.934299496996429,0.006688616125894331,0.041778338325713385,0.9339392748322429,0.006328393961708256,0.04556203689106102,0.9309082384947576,0.0032973576242228964,0.03752167743969731,0.9282840576182474,0.0006731767477127226,0.013085290871827212,0.9291233230841224,0.0015124422135877058,0.02175626675074886,0.9279058825287538,0.0002950016582191628,0.005202585527352988,0.9308974219514498,0.003286541080915084,0.05092227652530349,0.9356897764805916,0.008078895610056924,0.08056124862052658,0.9377462660376459,0.01013538516711121,0.05249881759419833,0.9276522579859171,4.137711538243494e-05,0.0012612328551158758,VSFTYRYL,0.01013538516711121,INFDFPKL,-0.15983072190214975
111,AV16/DV11-CAMREDNAGAKLTF-AJ39_BV13-2-CASGDQGASGNTLYF-BJ1-3,7,dual,"['RAYLFNSV', 'RTYTYEKL']",2,"[0.09924272618573135, 0.753686727779992]",RTYTYEKL,0.753686727779992,RTYTYEKL,0.873015873015873,True,"['RAYLFNSV', 'RTYTYEKL']",2,"['ATLVFHNL', 'HIYEFPQL', 'INFDFPKL', 'SNYLFTKL', 'SSYTFPKM', 'SVYVYKVL', 'VAFDFTKV', 'VGPRYTNL', 'VIVRFLTV', 'VSFTYRYL', 'SYFPEITHI']",27.200000000000003,0.2857142857142857,"[  1.           2.71428571   2.71428571  35.57142857 270.14285714
  13.28571429   1.85714286   3.14285714   1.28571429   8.71428571
  13.57142857   4.14285714   0.28571429]",0.6771165239069742,0.09473179870796257,0.92258494345799,0.9226696708345324,8.472737654241502e-05,0.0027899561578318055,0.9226984417707856,0.0001134983127956124,0.00757273814268633,0.9226093038807521,2.436042276210415e-05,0.00757273814268633,0.995080775317375,0.07249583185938502,0.09924272618573135,0.6149269043123372,-0.3076580391456528,0.753686727779992,0.9230791037351095,0.0004941602771194598,0.03706656038262256,0.9226416520980746,5.670864008455734e-05,0.0051813471502590676,0.922676559454249,9.161599625895356e-05,0.00876843363889996,0.9226123034801268,2.736002213676869e-05,0.0035870864886408927,0.9226652214347995,8.027797680942861e-05,0.024312475089677158,0.9231324684450181,0.0005475249870280363,0.037863690713431646,0.9229283231379604,0.0003433796799703348,0.011558389796731766,0.9225969441207356,1.2000662745537127e-05,0.0007971303308090872,RAYLFNSV,0.07249583185938502,RTYTYEKL,-0.3076580391456528
112,AV6D-7-CALRYGGSGNKLIF-AJ32_BV3-CASSLGTGDTQYF-BJ2-5,9,dual,"['SSYTFPKM', 'VGPRYTNL']",2,"[0.06133014735165273, 0.7343687773795301]",VGPRYTNL,0.7343687773795301,VGPRYTNL,0.7911111111111111,True,"['SSYTFPKM', 'VGPRYTNL']",2,"['ATLVFHNL', 'HIYEFPQL', 'INFDFPKL', 'RAYLFNSV', 'RTYTYEKL', 'SNYLFTKL', 'SVYVYKVL', 'VAFDFTKV', 'VIVRFLTV', 'VSFTYRYL', 'SYFPEITHI']",17.0,0.1111111111111111,"[1.44444444e+00 2.11111111e+00 3.22222222e+00 1.17777778e+01
 6.88888889e+00 1.24444444e+01 1.71111111e+01 2.88888889e+00
 7.77777778e-01 2.04888889e+02 1.24444444e+01 2.88888889e+00
 1.11111111e-01]",0.08779648704526186,0.8222873785988231,0.9158565091419653,0.9159717438647819,0.00011523472281660396,0.005177220230983672,0.9160488590743048,0.00019234993233951947,0.007566706491437675,0.9159562457932489,9.973665128359954e-05,0.011549183592194345,0.9390656458015609,0.023209136659595675,0.042214257268020715,0.9173581056185479,0.0015015964765826562,0.02469135802469136,0.919746230443958,0.0038897213019927213,0.04460374352847471,0.9543758586424771,0.038519349500511835,0.06133014735165273,0.9161549275700013,0.00029841842803601804,0.010354440461967344,0.9159808844246419,0.00012437528267661424,0.0027877339705296694,0.7203623783952393,-0.19549413074672595,0.7343687773795301,0.9227748173033911,0.006918308161425801,0.04460374352847471,0.9175550756507344,0.0016985665087690949,0.010354440461967344,0.9158567473082491,2.381662838057963e-07,0.00039824771007566706,SSYTFPKM,0.038519349500511835,VGPRYTNL,-0.19549413074672595
113,AV6-6-CALGTFSNTDKVVF-AJ34*p03_BV13-1-CASSDVRDSGNTLYF-BJ1-3,17,dual,"['RAYLFNSV', 'VIVRFLTV']",2,"[0.6801242236024845, 0.11716544325239976]",RAYLFNSV,0.6801242236024845,RAYLFNSV,0.722972972972973,True,"['RAYLFNSV', 'VIVRFLTV']",2,"['ATLVFHNL', 'HIYEFPQL', 'INFDFPKL', 'RTYTYEKL', 'SNYLFTKL', 'SSYTFPKM', 'SVYVYKVL', 'VAFDFTKV', 'VGPRYTNL', 'VSFTYRYL', 'SYFPEITHI']",14.399999999999977,0.5294117647058824,"[  1.05882353   2.47058824   3.11764706 141.70588235   7.23529412
   7.52941176   2.05882353   4.17647059   0.94117647   9.52941176
  24.41176471   3.58823529   0.52941176]",0.6616576765819016,0.003816855415401731,0.9079768833487397,0.9080917408633792,0.00011485751463946592,0.005081874647092038,0.9084534663232098,0.00047658297447006337,0.011857707509881422,0.9081299637043528,0.00015308035561312217,0.014963297571993222,0.7694939005205905,-0.1384829828281492,0.6801242236024845,0.9106499016960378,0.0026730183472980507,0.03472614342179559,0.9094140304319072,0.0014371470831674449,0.03613777526821005,0.9081677680001891,0.0001908846514493412,0.009881422924901184,0.9085401125938882,0.000563229245148511,0.02004517221908526,0.9082919406127331,0.0003150572639933902,0.004517221908526256,0.9084936872839352,0.0005168039351954867,0.04573687182382834,0.9793751151645655,0.07139823181582583,0.11716544325239976,0.9082572645934879,0.0002803812447481624,0.017221908526256352,0.9080623576053194,8.547425657967622e-05,0.002540937323546019,VIVRFLTV,0.07139823181582583,RAYLFNSV,-0.1384829828281492
114,AV16D/DV11-CAMRESNSGGSNAKLTF-AJ42_BV13-1-CASSGQGTETLYF-BJ2-3,5,dual,"['RTYTYEKL', 'VIVRFLTV']",2,"[0.5960264900662251, 0.2119205298013245]",RTYTYEKL,0.5960264900662251,RTYTYEKL,0.8260869565217391,True,"['RTYTYEKL', 'VIVRFLTV']",2,"['ATLVFHNL', 'HIYEFPQL', 'INFDFPKL', 'RAYLFNSV', 'SNYLFTKL', 'SSYTFPKM', 'SVYVYKVL', 'VAFDFTKV', 'VGPRYTNL', 'VSFTYRYL', 'SYFPEITHI']",2.299999999999997,0.0,[ 0.4  0.   0.8  0.8 18.   0.2  0.8  0.2  0.8  1.2  6.4  0.6  0. ],-0.3297626675993103,0.5878719745727345,0.90373988419845,0.9041239036458689,0.00038401944741894845,0.013245033112582781,0.90373988419845,0.0,0.0,0.905386415438685,0.0016465312402350607,0.026490066225165563,0.9059880449619673,0.002248160763517304,0.026490066225165563,0.48093528977416133,-0.42280459442428864,0.5960264900662251,0.9042455568831078,0.000505672684657843,0.006622516556291391,0.9052844521033725,0.0015445679049225225,0.026490066225165563,0.9038357574131892,9.587321473925048e-05,0.006622516556291391,0.9045897014866944,0.0008498172882444033,0.026490066225165563,0.907247527366876,0.003507643168426,0.03973509933774834,0.9791652099797569,0.0754253257813069,0.2119205298013245,0.9047215754476688,0.0009816912492188745,0.01986754966887417,0.90373988419845,0.0,0.0,VIVRFLTV,0.0754253257813069,RTYTYEKL,-0.42280459442428864
115,AV4-3-CAAEADTGNYKYVF-AJ40_BV31-CAWSLWTGVEQYF-BJ2-7,28,dual,"['INFDFPKL', 'VIVRFLTV']",2,"[0.4996245306633291, 0.1178973717146433]",INFDFPKL,0.4996245306633291,INFDFPKL,0.5980861244019139,True,"['INFDFPKL', 'RAYLFNSV', 'RTYTYEKL', 'SNYLFTKL', 'VGPRYTNL', 'VIVRFLTV']",6,"['ATLVFHNL', 'HIYEFPQL', 'SSYTFPKM', 'SVYVYKVL', 'VAFDFTKV', 'VSFTYRYL', 'SYFPEITHI']",12.0,0.5714285714285714,"[ 1.25        2.89285714 71.28571429  8.96428571 10.96428571  7.25
  4.42857143  4.96428571  1.03571429  7.25       16.82142857  5.
  0.57142857]",0.5459927407655332,0.002651018206726923,0.8994776557120939,0.9002755635967137,0.0007979078846197529,0.008760951188986232,0.9002653396899261,0.0007876839778321321,0.02027534418022528,0.7397441497202718,-0.15973350599182212,0.4996245306633291,0.9018296267512161,0.0023519710391222137,0.06282853566958697,0.9158546632061292,0.016377007494035256,0.07684605757196494,0.9033593461190685,0.003881690406974614,0.050813516896120146,0.90148284199539,0.0020051862832960454,0.03103879849812265,0.9011248915676372,0.001647235855543272,0.034793491864831036,0.9001874673494387,0.0007098116373447372,0.007259073842302878,0.9082862860141283,0.008808630302034381,0.050813516896120146,0.9308951449883364,0.03141748927624244,0.1178973717146433,0.9061900607431739,0.006712405031079949,0.03504380475594493,0.8996437846746946,0.00016612896260070897,0.004005006257822277,VIVRFLTV,0.03141748927624244,INFDFPKL,-0.15973350599182212
116,AV16/DV11-CAMREGDTNAYKVIF-AJ30_BV13-2-CASGEINSPLYF-BJ1-6,5,dual,"['RTYTYEKL', 'SNYLFTKL']",2,"[0.7916666666666666, 0.08415032679738563]",RTYTYEKL,0.7916666666666666,RTYTYEKL,0.8027210884353742,True,"['RTYTYEKL', 'SNYLFTKL']",2,"['ATLVFHNL', 'HIYEFPQL', 'INFDFPKL', 'RAYLFNSV', 'SSYTFPKM', 'SVYVYKVL', 'VAFDFTKV', 'VGPRYTNL', 'VIVRFLTV', 'VSFTYRYL', 'SYFPEITHI']",13.0,0.0,"[  0.6   1.2   1.4   4.8 193.8  20.6   0.4   1.6   0.4   7.2  10.8   2.
   0. ]",0.6009595577750358,0.28378002233429894,0.8993318056576489,0.8996467958792215,0.0003149902215725531,0.0024509803921568627,0.8993458980085072,1.4092350858252445e-05,0.004901960784313725,0.900023255376379,0.0006914497187300306,0.005718954248366013,0.9005475324719404,0.0012157268142914956,0.0196078431372549,0.6478775791864461,-0.25145422647120286,0.7916666666666666,0.9021092968064399,0.0027774911487910003,0.08415032679738563,0.899344103995362,1.2298337713101404e-05,0.0016339869281045752,0.8994883440455181,0.00015653838786922059,0.006535947712418301,0.8996458064779544,0.0003140008203055267,0.0016339869281045752,0.9648024750532448,0.06547066939559587,0.029411764705882353,0.9170879612019458,0.01775615554429688,0.04411764705882353,0.9002563270658259,0.0009245214081770037,0.008169934640522876,0.8993318056576489,0.0,0.0,SNYLFTKL,0.0027774911487910003,RTYTYEKL,-0.25145422647120286
117,AV7D-3-CADDSGYNKLTF-AJ11*p02_BV13-2-CASAGANSDYTF-BJ1-2,5,dual,"['RAYLFNSV', 'SNYLFTKL']",2,"[0.5564516129032259, 0.12096774193548389]",RAYLFNSV,0.5564516129032259,RAYLFNSV,0.7777777777777778,True,"['RAYLFNSV', 'RTYTYEKL', 'SNYLFTKL', 'VGPRYTNL']",4,"['ATLVFHNL', 'HIYEFPQL', 'INFDFPKL', 'SSYTFPKM', 'SVYVYKVL', 'VAFDFTKV', 'VIVRFLTV', 'VSFTYRYL', 'SYFPEITHI']",2.0,0.0,[ 0.2  0.   0.4 13.8  1.6  3.   1.   1.2  0.2  1.8  1.2  0.4  0. ],-0.4895532613291429,0.4025611387923093,0.8814877566911579,0.8854054236509231,0.003917666959765254,0.00806451612903226,0.8814877566911579,0.0,0.0,0.8851459261863811,0.00365816949522324,0.01612903225806452,0.3129698567943849,-0.568517899896773,0.5564516129032259,0.8964212009547081,0.014933444263550255,0.06451612903225808,0.9113300294540574,0.029842272762899524,0.12096774193548389,0.8988990136616039,0.017411256970445987,0.040322580645161296,0.8914443660642524,0.009956609373094505,0.048387096774193554,0.8854054236509231,0.003917666959765254,0.00806451612903226,0.8957928091924868,0.014305052501328963,0.07258064516129033,0.8837460096748962,0.0022582529837383847,0.048387096774193554,0.8834580880251865,0.0019703313340286854,0.01612903225806452,0.8814877566911579,0.0,0.0,SNYLFTKL,0.029842272762899524,RAYLFNSV,-0.568517899896773
118,AV8-1-CATDGGSALGRLHF-AJ18_BV1-CTCSADPETETLYF-BJ2-3,8,dual,"['VIVRFLTV', 'VSFTYRYL']",2,"[0.06847697756788666, 0.6528925619834711]",VSFTYRYL,0.6528925619834711,VSFTYRYL,0.6102941176470589,True,"['RTYTYEKL', 'VIVRFLTV', 'VSFTYRYL']",3,"['ATLVFHNL', 'HIYEFPQL', 'INFDFPKL', 'RAYLFNSV', 'SNYLFTKL', 'SSYTFPKM', 'SVYVYKVL', 'VAFDFTKV', 'VGPRYTNL', 'SYFPEITHI']",7.049999999999997,0.5,"[ 0.875  1.25   1.5    5.     6.875  4.25   1.75   3.125  0.125  4.25
  7.25  69.125  0.5  ]",0.7802443722019059,0.022350764686200477,0.8814195409626038,0.8824922299719774,0.0010726890093736285,0.008264462809917356,0.8822553403738571,0.0008357994112533351,0.011806375442739079,0.8817966277491353,0.00037708678653147754,0.014167650531286895,0.8898250492856762,0.008405508323072408,0.047225501770956316,0.9309798824930818,0.04956034153047806,0.06493506493506493,0.8830776161192694,0.001658075156665606,0.04014167650531287,0.8823861897696968,0.0009666488070930734,0.01652892561983471,0.8848453433844214,0.0034258024218176697,0.0295159386068477,0.8814931072730182,7.356631041444128e-05,0.0011806375442739079,0.8996027042019493,0.018183163239345546,0.04014167650531287,0.8838103691612892,0.002390828198685413,0.06847697756788666,0.6308104462760894,-0.2506090946865144,0.6528925619834711,0.8815408105594245,0.00012126959682068339,0.004722550177095631,RTYTYEKL,0.04956034153047806,VSFTYRYL,-0.2506090946865144
119,AV6D-5-CALGDQGGSAKLIF-AJ57_BV13-2-CASGDWGWEQYF-BJ2-7,7,dual,"['SVYVYKVL', 'VSFTYRYL']",2,"[0.26208651399491095, 0.623409669211196]",VSFTYRYL,0.623409669211196,VSFTYRYL,0.6857142857142857,True,"['SVYVYKVL', 'VSFTYRYL']",2,"['ATLVFHNL', 'HIYEFPQL', 'INFDFPKL', 'RAYLFNSV', 'RTYTYEKL', 'SNYLFTKL', 'SSYTFPKM', 'VAFDFTKV', 'VGPRYTNL', 'VIVRFLTV', 'SYFPEITHI']",2.200000000000003,0.0,"[ 0.14285714  0.14285714  1.          0.71428571  0.71428571  1.
  0.         14.71428571  0.          1.85714286  0.85714286 35.
  0.        ]",0.6930487936223573,0.08427616923923177,0.8810832002412761,0.8810907283605648,7.528119288724433e-06,0.002544529262086514,0.8812502603507317,0.0001670601094556634,0.002544529262086514,0.9070242605722453,0.025941060330969212,0.017811704834605598,0.8820745419514529,0.0009913417101767852,0.012722646310432571,0.8824035352912832,0.0013203350500071709,0.012722646310432571,0.888844539307092,0.0077613390658158865,0.017811704834605598,0.8810832002412761,0.0,0.0,0.9429556202137003,0.06187241997242421,0.26208651399491095,0.8810832002412761,0.0,0.0,0.8839083654040717,0.0028251651627956287,0.033078880407124686,0.8843204528461063,0.0032372526048302097,0.015267175572519083,0.5039680258553637,-0.37711517438591236,0.623409669211196,0.8810832002412761,0.0,0.0,SVYVYKVL,0.06187241997242421,VSFTYRYL,-0.37711517438591236
120,AV6D-6-CALSDFSNNRLTL-AJ7_BV13-3-CASRDRGEQYF-BJ2-7,17,dual,"['RAYLFNSV', 'SNYLFTKL']",2,"[0.37133891213389125, 0.5502092050209206]",SNYLFTKL,0.5502092050209206,SNYLFTKL,0.5454545454545454,True,"['RAYLFNSV', 'SNYLFTKL']",2,"['ATLVFHNL', 'HIYEFPQL', 'INFDFPKL', 'RTYTYEKL', 'SSYTFPKM', 'SVYVYKVL', 'VAFDFTKV', 'VGPRYTNL', 'VIVRFLTV', 'VSFTYRYL', 'SYFPEITHI']",2.0,0.11764705882352941,"[ 0.          0.17647059  0.41176471 20.88235294  0.94117647 30.94117647
  0.23529412  0.52941176  0.11764706  0.70588235  0.70588235  0.47058824
  0.11764706]",0.7952673659878596,0.0001355676139679738,0.8587122453397945,0.8587122453397945,0.0,0.0,0.858874033540907,0.00016178820111245606,0.003138075313807532,0.8601211506848766,0.0014089053450820899,0.007322175732217574,0.9658003593315109,0.10708811399171636,0.37133891213389125,0.8603979109092519,0.001685665569457373,0.01673640167364017,0.858590453448205,-0.00012179189158956216,0.5502092050209206,0.858875878032111,0.00016363269231645106,0.004184100418410042,0.8676991155700453,0.008986870230250799,0.009414225941422596,0.8587597331777233,4.748783792873912e-05,0.002092050209205021,0.8612392241849416,0.0025269788451470765,0.012552301255230129,0.8591260846170069,0.0004138392772123911,0.012552301255230129,0.8598313022673413,0.0011190569275467688,0.008368200836820085,0.8587878148174414,7.556947764686406e-05,0.002092050209205021,RAYLFNSV,0.10708811399171636,SNYLFTKL,-0.00012179189158956216
121,AV10-CAASMNQGGSAKLIF-AJ57_BV3-CASSLGRGLEQYF-BJ2-7,14,dual,"['VGPRYTNL', 'VIVRFLTV']",2,"[0.5791993037423846, 0.1362053959965187]",VGPRYTNL,0.5791993037423846,VGPRYTNL,0.45226130653266333,True,"['RTYTYEKL', 'VGPRYTNL', 'VIVRFLTV']",3,"['ATLVFHNL', 'HIYEFPQL', 'INFDFPKL', 'RAYLFNSV', 'SNYLFTKL', 'SSYTFPKM', 'SVYVYKVL', 'VAFDFTKV', 'VSFTYRYL', 'SYFPEITHI']",15.0,0.07142857142857142,"[1.50000000e+00 3.28571429e+00 3.50000000e+00 8.00000000e+00
 8.78571429e+00 7.21428571e+00 2.85714286e+00 4.71428571e+00
 1.07142857e+00 9.50714286e+01 2.23571429e+01 5.71428571e+00
 7.14285714e-02]",0.646296561215603,0.012512439660776817,0.850722381948968,0.8513255897606488,0.0006032078116807726,0.009138381201044385,0.8592340626006578,0.008511680651689835,0.020017406440382936,0.8547575988797876,0.004035216930819652,0.021322889469103566,0.8553079046912305,0.004585522742262538,0.048738033072236724,0.8566463283604991,0.005923946411531156,0.05352480417754569,0.8607840951332526,0.010061713184284615,0.04395126196692776,0.8526138559171227,0.0018914739681547,0.017406440382941687,0.8529451490820048,0.002222767133036818,0.028720626631853784,0.8509762117897532,0.00025382984078525794,0.006527415143603132,0.8156078142007865,-0.03511456774818145,0.5791993037423846,0.8623479065717833,0.011625524622815298,0.1362053959965187,0.8515501998390157,0.0008278178900477107,0.034812880765883375,0.8507517587453153,2.937679634729129e-05,0.00043516100957354214,VIVRFLTV,0.011625524622815298,VGPRYTNL,-0.03511456774818145
122,AV16/DV11-CAMREGNTGYQNFYF-AJ49_BV13-2-CASGQGAGNTLYF-BJ1-3,5,dual,"['SNYLFTKL', 'SVYVYKVL']",2,"[0.2597402597402597, 0.5584415584415583]",SVYVYKVL,0.5584415584415583,SVYVYKVL,0.5384615384615384,True,"['SNYLFTKL', 'SVYVYKVL']",2,"['ATLVFHNL', 'HIYEFPQL', 'INFDFPKL', 'RAYLFNSV', 'RTYTYEKL', 'SSYTFPKM', 'VAFDFTKV', 'VGPRYTNL', 'VIVRFLTV', 'VSFTYRYL', 'SYFPEITHI']",3.0,0.0,[ 0.2  0.   0.4  1.   1.2  8.   0.6 17.2  0.   0.8  0.6  0.8  0. ],0.03779842519789428,0.951885012644326,0.8417965848767297,0.8420842836398904,0.0002876987631607042,0.006493506493506493,0.8417965848767297,0.0,0.0,0.8435697324282179,0.0017731475514881634,0.012987012987012986,0.8593325596282091,0.01753597475147939,0.032467532467532464,0.8489409818299498,0.007144396953220111,0.03896103896103895,0.8456892520950248,0.003892667218295065,0.2597402597402597,0.8421940496117213,0.00039746473499158164,0.019480519480519477,0.8715945311267654,0.029797946250035734,0.5584415584415583,0.8417965848767297,0.0,0.0,0.860011266115851,0.01821468123912129,0.025974025974025972,0.8492469720611646,0.0074503871844349145,0.019480519480519477,0.844918542146598,0.003121957269868303,0.025974025974025972,0.8417965848767297,0.0,0.0,SVYVYKVL,0.029797946250035734,SNYLFTKL,0.003892667218295065
123,AV5D-4-CAASDMGYKLTF-AJ9_BV13-2-CASGDALGGFSYEQYF-BJ2-7,15,dual,"['VIVRFLTV', 'VSFTYRYL']",2,"[0.08230256898192197, 0.6317792578496669]",VSFTYRYL,0.6317792578496669,VSFTYRYL,0.7101449275362319,True,"['RAYLFNSV', 'RTYTYEKL', 'VIVRFLTV', 'VSFTYRYL']",4,"['ATLVFHNL', 'HIYEFPQL', 'INFDFPKL', 'SNYLFTKL', 'SSYTFPKM', 'SVYVYKVL', 'VAFDFTKV', 'VGPRYTNL', 'SYFPEITHI']",9.0,0.4,"[ 1.33333333  2.4         3.13333333  8.93333333  8.          5.33333333
  1.4         2.6         0.2         6.33333333 11.53333333 88.53333333
  0.4       ]",0.7878623775223778,0.0004864274530219417,0.8354857274225721,0.8360048499842088,0.0005191225616366646,0.00951474785918173,0.8357982783980867,0.00031255097551463606,0.017126546146527113,0.837347986307309,0.0018622588847369004,0.022359657469077067,0.8318866473120602,-0.0035990801105119097,0.0637488106565176,0.8420472412560668,0.006561513833494681,0.05708848715509038,0.8370367537223936,0.0015510262998215119,0.03805899143672692,0.8356622481669499,0.00017652074437779497,0.009990485252140816,0.8357513783761592,0.00026565095358710433,0.018553758325404374,0.8356049560183414,0.00011922859576929401,0.0014272121788772595,0.8419763516857419,0.00649062426316982,0.04519505233111322,0.84514515966395,0.009659432241377885,0.08230256898192197,0.751168461156229,-0.08431726626634306,0.6317792578496669,0.8357349311769812,0.0002492037544090664,0.002854424357754519,VIVRFLTV,0.009659432241377885,VSFTYRYL,-0.08431726626634306
124,AV6-4-CALVPDYANKMIF-AJ47_BV13-3-CASSDRGQVFF-BJ1-1,6,dual,"['RTYTYEKL', 'SNYLFTKL']",2,"[0.11650485436893206, 0.7330097087378642]",SNYLFTKL,0.7330097087378642,SNYLFTKL,0.803921568627451,True,"['RTYTYEKL', 'SNYLFTKL']",2,"['ATLVFHNL', 'HIYEFPQL', 'INFDFPKL', 'RAYLFNSV', 'SSYTFPKM', 'SVYVYKVL', 'VAFDFTKV', 'VGPRYTNL', 'VIVRFLTV', 'VSFTYRYL', 'SYFPEITHI']",2.0,0.0,"[ 0.5         0.          0.          0.83333333  4.         25.16666667
  0.33333333  0.66666667  0.33333333  1.          1.          0.5
  0.        ]",0.5799929580142227,0.2275630096357854,0.8295045251265681,0.8304770182852494,0.000972493158681309,0.014563106796116507,0.8295045251265681,0.0,0.0,0.8295045251265681,0.0,0.0,0.8301904853067487,0.0006859601801805226,0.024271844660194178,0.9669427093854867,0.13743818425891852,0.11650485436893206,0.5698885742336764,-0.2596159508928917,0.7330097087378642,0.8299881116678752,0.00048358654130709056,0.00970873786407767,0.8298421260007031,0.00033760087413492457,0.01941747572815534,0.829750565447043,0.0002460403204748163,0.00970873786407767,0.8320830328313092,0.0025785077047411065,0.029126213592233014,0.830852919459187,0.0013483943326189074,0.029126213592233014,0.8297924891176351,0.00028796399106700843,0.014563106796116507,0.8295045251265681,0.0,0.0,RTYTYEKL,0.13743818425891852,SNYLFTKL,-0.2596159508928917
125,AV9-3-CAVSENNNAGAKLTF-AJ39_BV1-CTCSAAWGDTQYF-BJ2-5,25,dual,"['RTYTYEKL', 'VSFTYRYL']",2,"[0.05715705765407554, 0.8325049701789264]",VSFTYRYL,0.8325049701789264,VSFTYRYL,0.9137931034482759,True,"['RTYTYEKL', 'VSFTYRYL']",2,"['ATLVFHNL', 'HIYEFPQL', 'INFDFPKL', 'RAYLFNSV', 'SNYLFTKL', 'SSYTFPKM', 'SVYVYKVL', 'VAFDFTKV', 'VGPRYTNL', 'VIVRFLTV', 'SYFPEITHI']",4.0,0.12,"[ 0.52  0.72  0.24  0.92  4.6   1.84  0.28  1.04  0.12  1.08  2.   67.
  0.12]",0.6782232862872192,0.00019457206205825462,0.8286555843894159,0.828875498481168,0.00021991409175214915,0.0064612326043737576,0.8343840390904017,0.005728454700985819,0.008946322067594433,0.8287971013310874,0.00014151694167152673,0.002982107355864811,0.90019714770343,0.07154156331401407,0.01143141153081511,0.8692032271320386,0.04054764274262268,0.05715705765407554,0.8377050937378414,0.009049509348425522,0.02286282306163022,0.828706867157366,5.1282767950078245e-05,0.0034791252485089465,0.8293253955671148,0.0006698111776989313,0.012922465208747515,0.8286696812374267,1.4096848010791696e-05,0.0014910536779324055,0.8349572070619135,0.006301622672497564,0.01341948310139165,0.8372383519584075,0.008582767568991567,0.024850894632206758,0.4042761835859004,-0.4243794008035155,0.8325049701789264,0.828783704865309,0.00012812047589305653,0.0014910536779324055,RTYTYEKL,0.04054764274262268,VSFTYRYL,-0.4243794008035155
126,AV3D-3-CAVNSGSWQLIF-AJ22_BV1-CTCSADPGDYAEQFF-BJ2-1,9,dual,"['VIVRFLTV', 'VSFTYRYL']",2,"[0.38481675392670156, 0.28534031413612565]",VIVRFLTV,0.38481675392670156,VIVRFLTV,0.6086956521739131,True,"['RAYLFNSV', 'VGPRYTNL', 'VIVRFLTV', 'VSFTYRYL']",4,"['ATLVFHNL', 'HIYEFPQL', 'INFDFPKL', 'RTYTYEKL', 'SNYLFTKL', 'SSYTFPKM', 'SVYVYKVL', 'VAFDFTKV', 'SYFPEITHI']",4.0,0.0,"[ 1.55555556  0.44444444  0.77777778  2.22222222  1.22222222  0.88888889
  0.44444444  0.66666667  1.88888889  3.88888889 16.33333333 12.11111111
  0.        ]",0.3674800709119941,0.33058581824730515,0.8234322924715476,0.8259387797193499,0.002506487247802336,0.03664921465968587,0.823923569069454,0.000491276597906376,0.010471204188481676,0.8240621098819945,0.0006298174104468757,0.018324607329842934,0.8276762059001049,0.004243913428557344,0.052356020942408384,0.8250211321403069,0.0015888396687593342,0.02879581151832461,0.8257036655548526,0.0022713730833050505,0.020942408376963352,0.8248386881150402,0.0014063956434926528,0.010471204188481676,0.8280522259127174,0.004619933441169843,0.015706806282722512,0.83054710692866,0.007114814457112373,0.04450261780104712,0.844520469567693,0.02108817709614541,0.09162303664921466,0.5709922838699087,-0.25244000860163884,0.38481675392670156,0.9135762999309384,0.09014400745939077,0.28534031413612565,0.8234322924715476,0.0,0.0,VSFTYRYL,0.09014400745939077,VIVRFLTV,-0.25244000860163884
127,AV19-CAAANTGYQNFYF-AJ49_BV17-CASSRDPWGGSAETLYF-BJ2-3,37,dual,"['SNYLFTKL', 'VIVRFLTV']",2,"[0.2883116883116883, 0.17864357864357866]",SNYLFTKL,0.2883116883116883,SNYLFTKL,0.3181818181818182,True,"['RAYLFNSV', 'RTYTYEKL', 'SNYLFTKL', 'SSYTFPKM', 'VGPRYTNL', 'VIVRFLTV', 'VSFTYRYL']",7,"['ATLVFHNL', 'HIYEFPQL', 'INFDFPKL', 'SVYVYKVL', 'VAFDFTKV', 'SYFPEITHI']",10.0,0.24324324324324326,"[ 2.02702703  2.35135135  4.16216216  7.27027027  8.21621622 27.
  6.35135135  3.86486486  1.56756757  7.91891892 16.72972973  5.94594595
  0.24324324]",0.36426897104908407,0.02665818839437477,0.8196510319332835,0.8216168317358841,0.0019657998026005874,0.021645021645021648,0.8233666808267741,0.0037156488934906307,0.025108225108225107,0.824386144337226,0.004735112403942532,0.044444444444444446,0.8273604569487005,0.0077094250154170485,0.07763347763347764,0.8257075201308263,0.0060564881975427864,0.08773448773448773,0.749405003178587,-0.07024602875469643,0.2883116883116883,0.8252115709221122,0.005560538988828689,0.06782106782106782,0.8239877936476188,0.00433676171433528,0.04126984126984127,0.8216339246676286,0.001982892734345154,0.01673881673881674,0.8278871926618687,0.00823616072858524,0.08455988455988457,0.826863477919149,0.007212445985865568,0.17864357864357866,0.8292322420660106,0.00958121013272717,0.06349206349206349,0.8198338465094022,0.0001828145761186839,0.002597402597402598,VSFTYRYL,0.00958121013272717,SNYLFTKL,-0.07024602875469643
128,AV8D-2-CATDNNNAPRF-AJ43*p03_BV1-CTCSAGQPNTGQLYF-BJ2-2,6,dual,"['RAYLFNSV', 'VIVRFLTV']",2,"[0.267022696929239, 0.22696929238985314]",RAYLFNSV,0.267022696929239,RAYLFNSV,0.30434782608695654,True,"['RAYLFNSV', 'RTYTYEKL', 'SNYLFTKL', 'VGPRYTNL', 'VIVRFLTV']",5,"['ATLVFHNL', 'HIYEFPQL', 'INFDFPKL', 'SSYTFPKM', 'SVYVYKVL', 'VAFDFTKV', 'VSFTYRYL', 'SYFPEITHI']",13.599999999999994,0.8333333333333334,"[ 4.33333333  3.66666667  4.5        33.33333333 10.         10.83333333
  3.5         6.16666667  0.83333333 12.83333333 28.33333333  5.66666667
  0.83333333]",0.7426040545401904,0.09085242443925753,0.8085047508436135,0.8105211900168775,0.0020164391732639952,0.03471295060080107,0.8100422983010358,0.0015375474574222947,0.029372496662216287,0.8199393998588876,0.011434649015274134,0.036048064085447265,0.8345707690405079,0.02606601819689436,0.267022696929239,0.8125452185344599,0.004040467690846428,0.0801068090787717,0.8211645374128115,0.012659786569197973,0.08678237650200268,0.8113751133439763,0.0028703625003627664,0.028037383177570093,0.812877129155005,0.004372378311391478,0.049399198931909215,0.8092263171368141,0.0007215662932006373,0.006675567423230975,0.8210973397028289,0.012592588859215437,0.10280373831775702,0.7740730635433074,-0.0344316873003061,0.22696929238985314,0.8106873547840897,0.002182603940476202,0.04539385847797063,0.8087713736464399,0.0002666228028264106,0.006675567423230975,RAYLFNSV,0.02606601819689436,VIVRFLTV,-0.0344316873003061
129,AV12D-1-CALSDQNKLTF-AJ56_BV14-CASRSDWVNQDTQYF-BJ2-5,23,dual,"['SSYTFPKM', 'VIVRFLTV']",2,"[0.43795002117746723, 0.1876323591698433]",SSYTFPKM,0.43795002117746723,SSYTFPKM,0.36363636363636365,True,"['RAYLFNSV', 'RTYTYEKL', 'SNYLFTKL', 'SSYTFPKM', 'VGPRYTNL', 'VIVRFLTV']",6,"['ATLVFHNL', 'HIYEFPQL', 'INFDFPKL', 'SVYVYKVL', 'VAFDFTKV', 'VSFTYRYL', 'SYFPEITHI']",7.0,0.17391304347826086,"[ 0.86956522  1.73913043  2.65217391  5.7826087   7.          5.91304348
 44.95652174  4.17391304  0.56521739  6.13043478 19.26086957  3.43478261
  0.17391304]",0.5973988953141708,0.002612419587808721,0.7941605976440862,0.7947030542853107,0.0005424566412245424,0.008470986869970352,0.796856844415883,0.0026962467717968064,0.016941973739940705,0.8005551419074447,0.006394544263358504,0.02583650995340957,0.8013524455240191,0.007191847879932878,0.056332062685302844,0.7988207377792315,0.004660140135145263,0.06819144430326134,0.8040603772697759,0.009899779625689664,0.057602710715798394,0.8175190110321513,0.023358413388065102,0.43795002117746723,0.8000562532599805,0.005895655615894335,0.04066073697585769,0.7948322598396754,0.0006716621955892288,0.005506141465480729,0.8018696766378217,0.007709078993735519,0.05972045743329098,0.8318270000965279,0.03766640245244168,0.1876323591698433,0.7970552093473522,0.0028946117032659924,0.03346039813638289,0.794267366753138,0.00010676910905182968,0.0016941973739940705,VIVRFLTV,0.03766640245244168,RTYTYEKL,0.004660140135145263
130,AV6-1-CVLAPSSGSWQLIF-AJ22_BV19-CASSIVRVAETLYF-BJ2-3,7,dual,"['RAYLFNSV', 'VIVRFLTV']",2,"[0.16265912305516264, 0.3776520509193777]",VIVRFLTV,0.3776520509193777,VIVRFLTV,0.375,True,"['RAYLFNSV', 'SNYLFTKL', 'VGPRYTNL', 'VIVRFLTV', 'VSFTYRYL']",5,"['ATLVFHNL', 'HIYEFPQL', 'INFDFPKL', 'RTYTYEKL', 'SSYTFPKM', 'SVYVYKVL', 'VAFDFTKV', 'SYFPEITHI']",10.0,0.14285714285714285,"[ 3.85714286  3.42857143  5.         16.42857143  4.          6.14285714
  2.14285714  1.85714286  3.85714286 10.         38.14285714  6.
  0.14285714]",-0.030611548095891256,0.9480565671372553,0.7823067511270926,0.7876558540410821,0.00534910291398949,0.03818953323903819,0.7845679592203237,0.0022612080932311596,0.033946251768033946,0.7853509843889819,0.0030442332618892953,0.04950495049504951,0.7452306648959929,-0.0370760862310997,0.16265912305516264,0.7857409623703576,0.0034342112432650396,0.039603960396039604,0.7872677378889595,0.004960986761866959,0.060820367751060825,0.783967249473999,0.0016604983469064027,0.021216407355021217,0.7828952032667276,0.0005884521396349873,0.018387553041018388,0.7846758480072629,0.002369096880170285,0.03818953323903819,0.7984512460393564,0.016144494912263774,0.09900990099009901,0.778448295927217,-0.003858455199875599,0.3776520509193777,0.7862491165184308,0.003942365391338187,0.0594059405940594,0.7823166500864254,9.89895933278806e-06,0.0014144271570014143,VGPRYTNL,0.016144494912263774,RAYLFNSV,-0.0370760862310997
131,AV8-2-CATEANTGKLTF-AJ52_BV13-1-CASSGGNYAEQFF-BJ2-1,9,dual,"['RAYLFNSV', 'VIVRFLTV']",2,"[0.5416666666666666, 0.15416666666666665]",RAYLFNSV,0.5416666666666666,RAYLFNSV,0.5384615384615384,True,"['RAYLFNSV', 'RTYTYEKL', 'VGPRYTNL', 'VIVRFLTV']",4,"['ATLVFHNL', 'HIYEFPQL', 'INFDFPKL', 'SNYLFTKL', 'SSYTFPKM', 'SVYVYKVL', 'VAFDFTKV', 'VSFTYRYL', 'SYFPEITHI']",2.0,0.1111111111111111,"[ 0.44444444  0.33333333  0.66666667 14.44444444  1.77777778  1.11111111
  0.33333333  0.88888889  0.33333333  1.55555556  4.11111111  0.55555556
  0.11111111]",0.43354616876217683,0.2436947219565833,0.761069047512634,0.7627974435410622,0.0017283960284281141,0.016666666666666666,0.7647561430684482,0.003687095555814146,0.012499999999999999,0.7640351719609699,0.002966124448335883,0.024999999999999998,0.5567375341506672,-0.20433151336196687,0.5416666666666666,0.7773745427308955,0.016305495218261412,0.06666666666666667,0.7730934603950015,0.012024412882367441,0.041666666666666664,0.7621025190099842,0.0010334714973501136,0.012499999999999999,0.771540436389844,0.010471388877209997,0.03333333333333333,0.7624016301377182,0.0013325826250841777,0.012499999999999999,0.7638610056756144,0.0027919581629803902,0.058333333333333334,0.8866827606606333,0.1256137131479993,0.15416666666666665,0.7654277904942764,0.004358742981642405,0.020833333333333332,0.7622185377364142,0.0011494902237801918,0.004166666666666667,VIVRFLTV,0.1256137131479993,RAYLFNSV,-0.20433151336196687
132,AV16D/DV11-CAMRDTNAYKVIF-AJ30_BV13-2-CASGDVGGGQNTLYF-BJ2-4,8,dual,"['SNYLFTKL', 'VIVRFLTV']",2,"[0.37822878228782286, 0.18450184501845018]",SNYLFTKL,0.37822878228782286,SNYLFTKL,0.45,True,"['RAYLFNSV', 'RTYTYEKL', 'SNYLFTKL', 'VGPRYTNL', 'VIVRFLTV', 'VSFTYRYL']",6,"['ATLVFHNL', 'HIYEFPQL', 'INFDFPKL', 'SSYTFPKM', 'SVYVYKVL', 'VAFDFTKV', 'SYFPEITHI']",8.0,0.0,"[ 1.375  2.     2.125  3.625  6.25  25.625  1.875  2.5    1.25   5.
 12.5    3.625  0.   ]",0.4569196106301758,0.2550493265265796,0.7608380947487597,0.7621723845637017,0.0013342898149419913,0.02029520295202952,0.7653696520942707,0.004531557345510917,0.02952029520295203,0.7634253148943186,0.0025872201455588995,0.03136531365313653,0.7645042162840043,0.003666121535244593,0.05350553505535055,0.7702592853518374,0.009421190603077667,0.09225092250922509,0.8239611384175571,0.0631230436687974,0.37822878228782286,0.7730912398951567,0.012253145146396971,0.027675276752767528,0.7627746392621445,0.0019365445133847636,0.03690036900369004,0.7632826162998477,0.002444521551087986,0.01845018450184502,0.765196929083133,0.004358834334373229,0.07380073800738007,0.7385736378115365,-0.02226445693722323,0.18450184501845018,0.7664937611712187,0.00565566642245896,0.05350553505535055,0.7608380947487597,0.0,0.0,SNYLFTKL,0.0631230436687974,VIVRFLTV,-0.02226445693722323
133,AV12-3-CALSDTNAYKVIF-AJ30_BV3-CASSPDRDTEVFF-BJ1-1,13,dual,"['ATLVFHNL', 'RTYTYEKL']",2,"[0.49374999999999997, 0.11249999999999999]",ATLVFHNL,0.49374999999999997,ATLVFHNL,1.0,True,"['ATLVFHNL', 'RTYTYEKL', 'SNYLFTKL', 'VGPRYTNL', 'VIVRFLTV', 'VSFTYRYL']",6,"['HIYEFPQL', 'INFDFPKL', 'RAYLFNSV', 'SSYTFPKM', 'SVYVYKVL', 'VAFDFTKV', 'SYFPEITHI']",1.0,0.0,"[6.07692308 0.30769231 0.07692308 0.46153846 1.38461538 0.76923077
 0.46153846 0.23076923 0.07692308 0.92307692 0.76923077 0.76923077
 0.        ]",0.29756803378818897,0.32344581513901716,0.7580972566637626,0.24278774720192856,-0.5153095094618341,0.49374999999999997,0.7628542901759001,0.004757033512137521,0.025,0.7585396086194547,0.0004423519556920885,0.00625,0.7737668549015649,0.01566959823780234,0.0375,0.800987850859645,0.04289059419588237,0.11249999999999999,0.7789829809013574,0.020885724237594827,0.0625,0.7618389049050964,0.003741648241333828,0.0375,0.7716988851132243,0.013601628449461667,0.01875,0.76455533162971,0.0064580749659474135,0.00625,0.7759476982729189,0.017850441609156276,0.075,0.7735492867136995,0.015452030049936893,0.0625,0.7729279327889816,0.014830676125219044,0.0625,0.7580972566637626,0.0,0.0,RTYTYEKL,0.04289059419588237,ATLVFHNL,-0.5153095094618341
134,AV12-2-CALSEGSNYQLIW-AJ33_BV1-CTCSAVWGEDTQYF-BJ2-5,16,dual,"['RAYLFNSV', 'RTYTYEKL']",2,"[0.6532593619972261, 0.19694868238557559]",RAYLFNSV,0.6532593619972261,RAYLFNSV,0.9253731343283582,True,"['RAYLFNSV', 'RTYTYEKL']",2,"['ATLVFHNL', 'HIYEFPQL', 'INFDFPKL', 'SNYLFTKL', 'SSYTFPKM', 'SVYVYKVL', 'VAFDFTKV', 'VGPRYTNL', 'VIVRFLTV', 'VSFTYRYL', 'SYFPEITHI']",3.0,0.0,"[ 0.375   0.5     0.25   29.4375  8.875   0.75    0.5     0.9375  0.0625
  1.      1.4375  0.9375  0.    ]",0.45198360455192,0.07880920247614302,0.7566640343393242,0.7627528758774903,0.006088841538166134,0.008321775312066574,0.7572148853081726,0.0005508509688484375,0.011095700416088766,0.8645103537778799,0.10784631943855572,0.005547850208044383,0.26216976585450935,-0.4944942684848148,0.6532593619972261,0.8271853984954579,0.07052136415613375,0.19694868238557559,0.7576947548552329,0.0010307205159086896,0.016643550624133148,0.7568812252917301,0.00021719095240591013,0.011095700416088766,0.7583031892400647,0.0016391549007405137,0.020804438280166437,0.7567315025484074,6.746820908321016e-05,0.0013869625520110957,0.7574402351275942,0.0007762007882700095,0.022191400832177532,0.7598108954632159,0.003146861123891731,0.0319001386962552,0.7780696241951905,0.02140558985586638,0.020804438280166437,0.7566640343393242,0.0,0.0,RTYTYEKL,0.07052136415613375,RAYLFNSV,-0.4944942684848148
135,AV7-3-CADDSGYNKLTF-AJ11*p02_BV13-2-CASGDVGGQNTLYF-BJ2-4,10,dual,"['SNYLFTKL', 'VIVRFLTV']",2,"[0.6270270270270271, 0.2]",SNYLFTKL,0.6270270270270271,SNYLFTKL,0.875,True,"['SNYLFTKL', 'VIVRFLTV']",2,"['ATLVFHNL', 'HIYEFPQL', 'INFDFPKL', 'RAYLFNSV', 'RTYTYEKL', 'SSYTFPKM', 'SVYVYKVL', 'VAFDFTKV', 'VGPRYTNL', 'VSFTYRYL', 'SYFPEITHI']",3.0,0.0,[ 0.1  0.6  0.   1.   0.8 23.2  0.4  0.3  0.7  1.1  7.4  1.4  0. ],-0.19572423617140577,0.5878811246457459,0.7387034049420634,0.7387101858892224,6.780947159001904e-06,0.002702702702702703,0.7411177061479146,0.002414301205851177,0.016216216216216217,0.7387034049420634,0.0,0.0,0.7494156636912102,0.01071225874914672,0.02702702702702703,0.7674313495295738,0.02872794458751038,0.021621621621621623,0.3776768614614852,-0.3610265434805782,0.6270270270270271,0.7447074832465134,0.0060040783044499335,0.010810810810810811,0.7422897735227337,0.003586368580670296,0.008108108108108109,0.740759416807582,0.0020560118655185144,0.018918918918918916,0.7487671295542796,0.010063724612216163,0.02972972972972973,0.8330608758002842,0.09435747085822077,0.2,0.7408509196178885,0.0021475146758250796,0.03783783783783783,0.7387034049420634,0.0,0.0,VIVRFLTV,0.09435747085822077,SNYLFTKL,-0.3610265434805782
136,AV16D/DV11-CAMREGDSNYQLIW-AJ33_BV13-2-CASGGLVYEQYF-BJ2-7,14,dual,"['RAYLFNSV', 'RTYTYEKL']",2,"[0.4288939051918736, 0.3589164785553048]",RAYLFNSV,0.4288939051918736,RAYLFNSV,0.45714285714285713,True,"['RAYLFNSV', 'RTYTYEKL', 'VIVRFLTV', 'VSFTYRYL']",4,"['ATLVFHNL', 'HIYEFPQL', 'INFDFPKL', 'SNYLFTKL', 'SSYTFPKM', 'SVYVYKVL', 'VAFDFTKV', 'VGPRYTNL', 'SYFPEITHI']",2.0,0.14285714285714285,"[ 0.21428571  0.21428571  0.14285714 13.57142857 11.35714286  0.92857143
  0.28571429  0.35714286  0.07142857  0.64285714  1.71428571  2.
  0.14285714]",0.2899945439015548,0.3145474693680969,0.7375355355986132,0.7391202379929241,0.0015847023943109662,0.006772009029345372,0.7387173761821979,0.0011818405835847257,0.006772009029345372,0.7388290275399676,0.0012934919413544188,0.004514672686230248,0.7394899825259944,0.001954446927381226,0.4288939051918736,0.7987568402764402,0.06122130467782705,0.3589164785553048,0.7474010639669393,0.009865528368326104,0.029345372460496615,0.7382230513144526,0.0006875157158394707,0.009029345372460496,0.7388662029087332,0.0013306673101199928,0.011286681715575621,0.7375545153623458,1.8979763732662747e-05,0.002257336343115124,0.7384190254107204,0.0008834898121071744,0.02031602708803612,0.7468992620681828,0.009363726469569622,0.05417607223476298,0.8291393520566758,0.09160381645806259,0.06320541760722348,0.7387609408687077,0.001225405270094515,0.004514672686230248,VSFTYRYL,0.09160381645806259,RAYLFNSV,0.001954446927381226
137,AV3-3-CAVDTNAYKVIF-AJ30_BV13-2-CASGDGGREQYF-BJ2-7,14,dual,"['VGPRYTNL', 'VIVRFLTV']",2,"[0.11534795042897997, 0.30314585319351767]",VIVRFLTV,0.30314585319351767,VIVRFLTV,0.2786885245901639,True,"['INFDFPKL', 'RAYLFNSV', 'RTYTYEKL', 'SNYLFTKL', 'SSYTFPKM', 'VGPRYTNL', 'VIVRFLTV', 'VSFTYRYL']",8,"['ATLVFHNL', 'HIYEFPQL', 'SVYVYKVL', 'VAFDFTKV', 'SYFPEITHI']",8.0,0.21428571428571427,"[ 3.07142857  1.78571429  4.42857143  5.28571429  5.92857143  5.07142857
  3.92857143  3.5         2.35714286  8.64285714 22.71428571  8.
  0.21428571]",-0.08784552588508399,0.7652296970650255,0.7325193174812282,0.7406514847898408,0.008132167308612548,0.04099142040038132,0.7359301583729333,0.003410840891705069,0.023832221163012392,0.7463136080579077,0.013794290576679469,0.05910390848427074,0.7483893715306803,0.015870054049452076,0.07054337464251668,0.7392196266034581,0.006700309122229853,0.07912297426120114,0.7295685430439443,-0.002950774437283976,0.06768350810295519,0.7455553727542751,0.013036055273046854,0.05243088655862726,0.7340188740555957,0.001499556574367511,0.04671115347950429,0.7338726218294868,0.0013533043482585327,0.03145853193517636,0.7564777659843052,0.023958448503076935,0.11534795042897997,0.6642904299516272,-0.06822888752960099,0.30314585319351767,0.7421445188997798,0.00962520141855161,0.10676835081029552,0.7326214002529206,0.00010208277169232449,0.002859866539561487,VGPRYTNL,0.023958448503076935,VIVRFLTV,-0.06822888752960099
138,AV8-1-CATEPDTGYQNFYF-AJ49_BV3-CASSLAWGLNYAEQFF-BJ2-1,5,dual,"['RAYLFNSV', 'VIVRFLTV']",2,"[0.27638190954773867, 0.6105527638190954]",VIVRFLTV,0.6105527638190954,VIVRFLTV,0.8611111111111112,True,"['RAYLFNSV', 'VIVRFLTV']",2,"['ATLVFHNL', 'HIYEFPQL', 'INFDFPKL', 'RTYTYEKL', 'SNYLFTKL', 'SSYTFPKM', 'SVYVYKVL', 'VAFDFTKV', 'VGPRYTNL', 'VSFTYRYL', 'SYFPEITHI']",3.5999999999999943,0.2,[ 0.   0.6  0.6 22.   1.2  0.8  0.   0.8  0.   2.4 48.6  2.4  0.2],0.14733183435627087,0.8130921636918125,0.727043315778894,0.727043315778894,0.0,0.0,0.7292122935012069,0.002168977722312837,0.007537688442211054,0.7270977689249347,5.4453146040689404e-05,0.007537688442211054,0.9397521847264981,0.2127088689476041,0.27638190954773867,0.7272279468801038,0.00018463110120980897,0.015075376884422108,0.7272599998140231,0.00021668403512908885,0.010050251256281407,0.727043315778894,0.0,0.0,0.7272447085453008,0.0002013927664067383,0.010050251256281407,0.727043315778894,0.0,0.0,0.7283216003015889,0.0012782845226948503,0.030150753768844216,0.25015205522569317,-0.47689126055320086,0.6105527638190954,0.767412204466083,0.04036888868718902,0.030150753768844216,0.7270493635307,6.047751806015356e-06,0.002512562814070352,RAYLFNSV,0.2127088689476041,VIVRFLTV,-0.47689126055320086
139,AV6-6-CALGSYTGGADRLTF-AJ45_BV13-1-CASSDRGANTGQLYF-BJ2-2,5,dual,"['HIYEFPQL', 'VIVRFLTV']",2,"[0.47745901639344257, 0.11680327868852458]",HIYEFPQL,0.47745901639344257,HIYEFPQL,0.3709677419354839,True,"['HIYEFPQL', 'RTYTYEKL', 'VGPRYTNL', 'VIVRFLTV']",4,"['ATLVFHNL', 'INFDFPKL', 'RAYLFNSV', 'SNYLFTKL', 'SSYTFPKM', 'SVYVYKVL', 'VAFDFTKV', 'VSFTYRYL', 'SYFPEITHI']",9.799999999999997,0.4,[ 2.4 46.6  4.6  4.8  7.8  3.8  3.   2.   0.8  6.4 11.4  3.6  0.4],0.32745101324730835,0.5906518132447555,0.6493184999094508,0.6509219783047884,0.0016034783953375875,0.024590163934426226,0.7781457102107433,0.12882721030129252,0.47745901639344257,0.6871422722608654,0.03782377235141465,0.047131147540983596,0.6512937035419128,0.0019752036324620637,0.04918032786885245,0.6502032310659193,0.0008847311564684768,0.07991803278688524,0.6484064453087557,-0.0009120546006951002,0.03893442622950819,0.6493498169510692,3.1317041618406094e-05,0.030737704918032783,0.6502814200681964,0.0009629201587456615,0.020491803278688523,0.6505405051190001,0.0012220052095492928,0.00819672131147541,0.6445585256228779,-0.004759974286572932,0.06557377049180328,0.6188307106038836,-0.03048778930556717,0.11680327868852458,0.6480715743134953,-0.001246925595955517,0.036885245901639344,0.6496825096788266,0.0003640097693757838,0.004098360655737705,HIYEFPQL,0.12882721030129252,VIVRFLTV,-0.03048778930556717
140,AV16/DV11-CAMREGGNNRIFF-AJ31_BV13-2-CASGDNYEQYF-BJ2-7,5,dual,"['RTYTYEKL', 'VIVRFLTV']",2,"[0.7433380084151472, 0.08625525946704067]",RTYTYEKL,0.7433380084151472,RTYTYEKL,0.7939914163090128,True,"['RTYTYEKL', 'VIVRFLTV']",2,"['ATLVFHNL', 'HIYEFPQL', 'INFDFPKL', 'RAYLFNSV', 'SNYLFTKL', 'SSYTFPKM', 'SVYVYKVL', 'VAFDFTKV', 'VGPRYTNL', 'VSFTYRYL', 'SYFPEITHI']",18.599999999999994,0.6,"[  1.2   3.    5.6   6.8 212.    9.8   2.6   6.    0.4  10.   24.6   2.6
   0.6]",0.9287364224964,0.022591112079979134,0.6046752461380368,0.6069783608168453,0.0023031146788085044,0.0042075736325385684,0.6047383873333564,6.314119531958262e-05,0.010518934081346422,0.6048628619723451,0.00018761583430826345,0.01963534361851332,0.597496864897689,-0.007178381240347753,0.02384291725105189,0.5860192454334523,-0.018656000704584508,0.7433380084151472,0.6046876175080115,1.237136997467303e-05,0.034361851332398316,0.6046969490152847,2.1702877247897767e-05,0.009116409537166898,0.6047993904023027,0.00012414426426587966,0.021037868162692843,0.6046770045078714,1.7583698346257393e-06,0.001402524544179523,0.6047712995978312,9.605345979435409e-05,0.03506311360448807,0.6078531550918816,0.0031779089538448435,0.08625525946704067,0.6047492938117871,7.40476737502993e-05,0.009116409537166898,0.6046800645306192,4.818392582373043e-06,0.0021037868162692842,VIVRFLTV,0.0031779089538448435,RTYTYEKL,-0.018656000704584508
141,AV8-1-CAPYQGGRALIF-AJ15_BV1-CTCSAGGYAEQFF-BJ2-1,16,dual,"['HIYEFPQL', 'VIVRFLTV']",2,"[0.5647382920110193, 0.18181818181818182]",HIYEFPQL,0.5647382920110193,HIYEFPQL,0.7222222222222222,True,"['HIYEFPQL', 'VIVRFLTV']",2,"['ATLVFHNL', 'INFDFPKL', 'RAYLFNSV', 'RTYTYEKL', 'SNYLFTKL', 'SSYTFPKM', 'SVYVYKVL', 'VAFDFTKV', 'VGPRYTNL', 'VSFTYRYL', 'SYFPEITHI']",2.0,0.0,"[ 0.625  12.8125  0.875   0.5625  0.6875  0.8125  0.1875  0.1875  0.
  1.0625  4.125   0.75    0.    ]",0.42812324381827105,0.09805333357503922,0.5896508354416732,0.5955934708776115,0.005942635435938315,0.027548209366391185,0.38971010619802987,-0.1999407292436433,0.5647382920110193,0.6035892369879746,0.013938401546301438,0.03856749311294766,0.5998992922115548,0.01024845676988162,0.024793388429752067,0.5977665226718362,0.008115687230162982,0.030303030303030304,0.6714824656070364,0.08183163016536321,0.03581267217630854,0.590913384531535,0.0012625490898617864,0.008264462809917356,0.5900274996761135,0.00037666423444027153,0.008264462809917356,0.5896508354416732,0.0,0.0,0.6072704966051291,0.017619661163455924,0.046831955922865015,0.6397202776923601,0.05006944225068688,0.18181818181818182,0.5927456451979661,0.003094809756292949,0.03305785123966942,0.5896508354416732,0.0,0.0,VIVRFLTV,0.05006944225068688,HIYEFPQL,-0.1999407292436433
142,AV16D/DV11-CAMREDGNEKITF-AJ48_BV20-CGAGGFSYEQYF-BJ2-7,9,multi-specific,"['RAYLFNSV', 'RTYTYEKL', 'VIVRFLTV']",3,"[0.05563689604685214, 0.7367496339677894, 0.0594436310395315]",RTYTYEKL,0.7367496339677894,RTYTYEKL,0.7446808510638298,True,"['RAYLFNSV', 'RTYTYEKL', 'VIVRFLTV']",3,"['ATLVFHNL', 'HIYEFPQL', 'INFDFPKL', 'SNYLFTKL', 'SSYTFPKM', 'SVYVYKVL', 'VAFDFTKV', 'VGPRYTNL', 'VSFTYRYL', 'SYFPEITHI']",18.749999999999986,0.5555555555555556,"[  3.11111111   3.66666667   5.66666667  21.11111111 279.55555556
  11.77777778   2.55555556   7.           1.          11.55555556
  22.55555556   9.33333333   0.55555556]",0.31079441895829946,0.41562983856117197,0.9945461152540371,0.9946882623814799,0.00014214712744275992,0.008199121522694,0.9946755832880699,0.00012946803403279805,0.009663250366032213,0.9948237301483354,0.00027761489429822817,0.014934114202049785,0.9954016148544906,0.000855499600453502,0.05563689604685214,0.9097301318390593,-0.08481598341497787,0.7367496339677894,0.9948780013376908,0.000331886083653643,0.031039531478770144,0.9946187331168646,7.261786282741767e-05,0.006734992679355785,0.9947010066909954,0.0001548914369582377,0.0184480234260615,0.994556940886313,1.0825632275834884e-05,0.0026354319180087855,0.9952965928687164,0.0007504776146792791,0.030453879941434853,0.9963541871652217,0.0018080719111845944,0.0594436310395315,0.9952860588970248,0.0007399436429876838,0.024597364568081998,0.9945515296196535,5.414365616407402e-06,0.0014641288433382142,VIVRFLTV,0.0018080719111845944,RTYTYEKL,-0.08481598341497787
143,AV3-3-CAVSAVDSNYQLIW-AJ33_BV19-CASTPPLGGYAEQFF-BJ2-1,11,multi-specific,"['RAYLFNSV', 'RTYTYEKL', 'VIVRFLTV']",3,"[0.7834696513129573, 0.052518295307791646, 0.05122686181661644]",RAYLFNSV,0.7834696513129573,RAYLFNSV,0.7988826815642458,True,"['RAYLFNSV', 'RTYTYEKL', 'VIVRFLTV']",3,"['ATLVFHNL', 'HIYEFPQL', 'INFDFPKL', 'SNYLFTKL', 'SSYTFPKM', 'SVYVYKVL', 'VAFDFTKV', 'VGPRYTNL', 'VSFTYRYL', 'SYFPEITHI']",8.0,0.5454545454545454,"[  1.           1.45454545   2.09090909 165.45454545  11.09090909
   5.09090909   1.27272727   2.36363636   0.18181818   7.45454545
  10.81818182   2.36363636   0.54545455]",0.7978096350246036,0.0032556348427782277,0.988496091342489,0.9885328846300143,3.679328752537181e-05,0.004735256134309082,0.9886061667200002,0.00011007537751128726,0.006887645286267756,0.9885203568804469,2.4265537957979255e-05,0.0099009900990099,0.7658919576239941,-0.22260413371849486,0.7834696513129573,0.9955059214315708,0.007009830089081848,0.052518295307791646,0.9891312118931905,0.0006351205507015845,0.024106758501937147,0.9885555943846868,5.95030421978171e-05,0.006026689625484287,0.9885688039738311,7.271263134212003e-05,0.011192423590185104,0.9885105207376155,1.442939512652508e-05,0.0008609556607834696,0.9913997578292773,0.0029036664867883033,0.035299182092122246,0.9888154605313118,0.0003193691888228045,0.05122686181661644,0.9886519547330216,0.0001558633905326401,0.011192423590185104,0.9885146595023013,1.8568159812382135e-05,0.0025828669823504086,RTYTYEKL,0.007009830089081848,RAYLFNSV,-0.22260413371849486
144,AV6D-4-CALVDDSGYNKLTF-AJ11*p02_BV4-CASSLTDEQYF-BJ2-7,7,multi-specific,"['RAYLFNSV', 'RTYTYEKL', 'SNYLFTKL', 'VGPRYTNL', 'VIVRFLTV']",5,"[0.06999351911860012, 0.06286454957874271, 0.06092028515878159, 0.05767984445884639, 0.6228127025275436]",VIVRFLTV,0.6228127025275436,VIVRFLTV,0.6509433962264151,True,"['RAYLFNSV', 'RTYTYEKL', 'SNYLFTKL', 'VGPRYTNL', 'VIVRFLTV']",5,"['ATLVFHNL', 'HIYEFPQL', 'INFDFPKL', 'SSYTFPKM', 'SVYVYKVL', 'VAFDFTKV', 'VSFTYRYL', 'SYFPEITHI']",8.0,0.7142857142857143,"[  2.28571429   2.71428571   4.42857143  15.42857143  13.85714286
  13.42857143   3.14285714   8.           1.42857143  12.71428571
 137.28571429   5.           0.71428571]",0.24417330621412936,0.5977242231668604,0.9862723572896807,0.9864161899536835,0.0001438326640028631,0.01036941023979261,0.9865388041618292,0.00026644687214849583,0.012313674659753726,0.9865863444519967,0.00031398716231600954,0.020090732339598186,0.9906122713923482,0.004339914102667541,0.06999351911860012,0.988036615583411,0.0017642582937303919,0.06286454957874271,0.9882363442550461,0.001963986965365483,0.06092028515878159,0.9871831820130749,0.0009108247233942102,0.01425793907971484,0.9866378158523358,0.0003654585626551299,0.03629293583927414,0.9863723940209853,0.00010003673130465351,0.0064808813998703824,0.9886043379421801,0.002331980652499399,0.05767984445884639,0.8614897671264555,-0.12478259016322513,0.6228127025275436,0.9864173721676943,0.00014501487801366064,0.022683084899546336,0.986294832177374,2.2474887693357815e-05,0.0032404406999351912,RAYLFNSV,0.004339914102667541,VIVRFLTV,-0.12478259016322513
145,AV19-CAADSNTDKVVF-AJ34*p03_BV13-2-CASGERDIYAEQFF-BJ2-1,5,multi-specific,"['SNYLFTKL', 'SSYTFPKM', 'VIVRFLTV']",3,"[0.6595310907237513, 0.10601427115188583, 0.05810397553516819]",SNYLFTKL,0.6595310907237513,SNYLFTKL,0.7268292682926829,True,"['SNYLFTKL', 'SSYTFPKM', 'VIVRFLTV']",3,"['ATLVFHNL', 'HIYEFPQL', 'INFDFPKL', 'RAYLFNSV', 'RTYTYEKL', 'SVYVYKVL', 'VAFDFTKV', 'VGPRYTNL', 'VSFTYRYL', 'SYFPEITHI']",10.549999999999997,0.2,"[  1.6   2.    3.    6.8   8.  129.4  20.8   2.    0.6   5.6  11.4   4.8
   0.2]",0.11620587421049192,0.8523757625548484,0.9862338674416637,0.9864888655642619,0.0002549981225981046,0.008154943934760447,0.9863165730382502,8.270559658640764e-05,0.01019367991845056,0.9863173975527904,8.353011112660624e-05,0.015290519877675839,0.9867347179783662,0.0005008505367024574,0.034658511722731905,0.9889286448129161,0.0026947773712523437,0.04077471967380224,0.8041323938037811,-0.18210147363788265,0.6595310907237513,0.9917595244927945,0.005525657051130728,0.10601427115188583,0.9862710464663775,3.717902471378487e-05,0.01019367991845056,0.9863653907685521,0.00013152332688837198,0.003058103975535168,0.9874201737857767,0.0011863063441129862,0.028542303771661566,0.9877860211943291,0.001552153752665375,0.05810397553516819,0.9874213320252885,0.001187464583624731,0.024464831804281342,0.9862413518995172,7.484457853479398e-06,0.001019367991845056,SSYTFPKM,0.005525657051130728,SNYLFTKL,-0.18210147363788265
146,AV19-CAANGGSNYKLTF-AJ53_BV5-CASSQAWGDGEQYF-BJ2-7,7,multi-specific,"['RAYLFNSV', 'RTYTYEKL', 'SNYLFTKL', 'VGPRYTNL', 'VIVRFLTV']",5,"[0.06680299931833675, 0.081799591002045, 0.059986366734833, 0.059304703476482624, 0.580095432856169]",VIVRFLTV,0.580095432856169,VIVRFLTV,0.6206896551724138,True,"['RAYLFNSV', 'RTYTYEKL', 'SNYLFTKL', 'VGPRYTNL', 'VIVRFLTV']",5,"['ATLVFHNL', 'HIYEFPQL', 'INFDFPKL', 'SSYTFPKM', 'SVYVYKVL', 'VAFDFTKV', 'VSFTYRYL', 'SYFPEITHI']",10.25,1.1428571428571428,"[  2.57142857   3.42857143   5.28571429  14.          17.14285714
  12.57142857   3.85714286   7.           1.42857143  12.42857143
 121.57142857   7.14285714   1.14285714]",0.042952045800903636,0.9271495858276076,0.9854297894588491,0.9856956538209641,0.0002658643621150647,0.01226993865030675,0.9861434347870477,0.0007136453281986199,0.016359918200409,0.9864840790965381,0.0010542896376890543,0.025221540558963872,0.986967069491118,0.0015372800322689395,0.06680299931833675,0.9878784474125164,0.0024486579536673325,0.081799591002045,0.9876628215254607,0.002233032066611629,0.059986366734833,0.9855163240414273,8.653458257823488e-05,0.018404907975460124,0.9859644222162662,0.0005346327574171639,0.033401499659168374,0.9855740840129321,0.00014429455408304648,0.00681663258350375,0.9875929686676252,0.002163179208776178,0.059304703476482624,0.8710925933756946,-0.11433719608315451,0.580095432856169,0.9875343575121454,0.002104568053296285,0.03408316291751875,0.9854611013763436,3.131191749450313e-05,0.0054533060668029995,RTYTYEKL,0.0024486579536673325,VIVRFLTV,-0.11433719608315451
147,AV16/DV11-CAMREGNTGNYKYVF-AJ40_BV13-2-CASGGIYEQYF-BJ2-7,11,multi-specific,"['RAYLFNSV', 'RTYTYEKL', 'VIVRFLTV']",3,"[0.05720164609053498, 0.6530864197530863, 0.08106995884773661]",RTYTYEKL,0.6530864197530863,RTYTYEKL,0.5947712418300654,True,"['RAYLFNSV', 'RTYTYEKL', 'VGPRYTNL', 'VIVRFLTV']",4,"['ATLVFHNL', 'HIYEFPQL', 'INFDFPKL', 'SNYLFTKL', 'SSYTFPKM', 'SVYVYKVL', 'VAFDFTKV', 'VSFTYRYL', 'SYFPEITHI']",12.099999999999994,0.8181818181818182,"[  1.81818182   2.90909091   3.18181818  12.63636364 144.27272727
  10.           2.81818182   6.27272727   1.27272727  11.18181818
  17.90909091   5.81818182   0.81818182]",0.25447445389975143,0.4501673414943833,0.9853641603911267,0.9855130764042614,0.00014891601313471448,0.008230452674897118,0.9856127278914371,0.00024856750031032604,0.013168724279835389,0.9857112546433029,0.0003470942521761611,0.014403292181069956,0.9871539047526843,0.0017897443615575437,0.05720164609053498,0.8626486286816031,-0.12271553170952365,0.6530864197530863,0.987570265860759,0.0022061054696322913,0.04526748971193415,0.9857223924548792,0.00035823206375251715,0.012757201646090535,0.9860424930925742,0.0006783327014474594,0.02839506172839506,0.9854192755133336,5.511512220690573e-05,0.005761316872427983,0.987592529152259,0.0022283687611323044,0.05061728395061728,0.9903278656025702,0.004963705211443514,0.08106995884773661,0.9857558448241708,0.0003916844330440483,0.026337448559670778,0.9854164082772375,5.224788611080111e-05,0.0037037037037037034,VIVRFLTV,0.004963705211443514,RTYTYEKL,-0.12271553170952365
148,AV16/DV11-CAMRESGNYKYVF-AJ40_BV13-2-CASGGQGAQNTLYF-BJ2-4,5,multi-specific,"['RAYLFNSV', 'RTYTYEKL', 'VGPRYTNL', 'VIVRFLTV']",4,"[0.6171284634760706, 0.05541561712846348, 0.05793450881612091, 0.1057934508816121]",RAYLFNSV,0.6171284634760706,RAYLFNSV,0.6071428571428571,True,"['RAYLFNSV', 'RTYTYEKL', 'VGPRYTNL', 'VIVRFLTV']",4,"['ATLVFHNL', 'HIYEFPQL', 'INFDFPKL', 'SNYLFTKL', 'SSYTFPKM', 'SVYVYKVL', 'VAFDFTKV', 'VSFTYRYL', 'SYFPEITHI']",8.799999999999997,0.6,[ 0.8  3.4  2.4 98.   8.8  6.8  3.2  4.2  0.4  9.2 16.8  4.2  0.6],0.34812436753925907,0.565877396784701,0.9850167525236314,0.9850855907803011,6.8838256669701e-05,0.005037783375314862,0.9856772283803211,0.0006604758566897129,0.021410579345088162,0.9854955001864173,0.0004787476627858833,0.015113350125944586,0.8642057620039226,-0.12081099051970878,0.6171284634760706,0.9859041860641863,0.0008874335405548717,0.05541561712846348,0.9856073605136768,0.0005906079900453998,0.042821158690176324,0.9853357674609647,0.0003190149373333284,0.02015113350125945,0.9853259428363353,0.00030919031270393305,0.026448362720403025,0.9850798625372554,6.311001362402369e-05,0.002518891687657431,0.9851954551824574,0.00017870265882602432,0.05793450881612091,0.9940771620468155,0.009060409523184099,0.1057934508816121,0.9864770842929822,0.0014603317693507867,0.026448362720403025,0.9850508577612578,3.410523762636952e-05,0.0037783375314861464,VIVRFLTV,0.009060409523184099,RAYLFNSV,-0.12081099051970878
149,AV10-CAAGQGGRALIF-AJ15_BV31-CAWNWGGSQNTLYF-BJ2-4,5,multi-specific,"['RAYLFNSV', 'RTYTYEKL', 'SNYLFTKL', 'VGPRYTNL', 'VIVRFLTV']",5,"[0.05, 0.05, 0.6833333333333333, 0.05833333333333334, 0.07500000000000001]",SNYLFTKL,0.6833333333333333,SNYLFTKL,0.7391304347826086,True,"['RAYLFNSV', 'RTYTYEKL', 'SNYLFTKL', 'VGPRYTNL', 'VIVRFLTV']",5,"['ATLVFHNL', 'HIYEFPQL', 'INFDFPKL', 'SSYTFPKM', 'SVYVYKVL', 'VAFDFTKV', 'VSFTYRYL', 'SYFPEITHI']",1.0499999999999972,0.0,[ 0.4  0.6  0.4  1.2  1.2 16.4  0.   0.4  0.   1.4  1.8  0.2  0. ],-0.7241803560371706,0.16650711790516748,0.974127252498746,0.9766123773024956,0.0024851248037496276,0.01666666666666667,0.9776226577110663,0.0034954052123202795,0.025,0.9752822371005994,0.0011549846018533705,0.01666666666666667,0.9778449864032515,0.0037177339045054714,0.05,0.9767099621277564,0.0025827096290104157,0.05,0.5771383011121995,-0.39698895138654644,0.6833333333333333,0.9741272524987453,-6.661338147750939e-16,0.0,0.9749367653426834,0.0008095128439373767,0.01666666666666667,0.9741272524987453,-6.661338147750939e-16,0.0,0.9776077130534109,0.003480460554664888,0.05833333333333334,0.9803278122203671,0.006200559721621146,0.07500000000000001,0.9747440936072819,0.0006168411085358816,0.008333333333333335,0.9741272524987453,-6.661338147750939e-16,0.0,VIVRFLTV,0.006200559721621146,SNYLFTKL,-0.39698895138654644
150,AV2-CIVTDSYSNNRLTL-AJ7_BV1-CTCSAGRGDAEQFF-BJ2-1,28,multi-specific,"['RAYLFNSV', 'VGPRYTNL', 'VIVRFLTV']",3,"[0.7295319618942427, 0.06406185282341571, 0.060334115697915226]",RAYLFNSV,0.7295319618942427,RAYLFNSV,0.7741228070175439,True,"['RAYLFNSV', 'VGPRYTNL', 'VIVRFLTV']",3,"['ATLVFHNL', 'HIYEFPQL', 'INFDFPKL', 'RTYTYEKL', 'SNYLFTKL', 'SSYTFPKM', 'SVYVYKVL', 'VAFDFTKV', 'VSFTYRYL', 'SYFPEITHI']",13.0,0.5,"[  1.60714286   3.10714286   3.75       188.71428571   8.82142857
   7.42857143   1.82142857   4.14285714   1.17857143  16.57142857
  15.60714286   5.42857143   0.5       ]",0.7598115646548547,2.735713452844548e-06,0.9707637852363248,0.9708763587942005,0.0001125735578757503,0.006212895209167472,0.9714088377160434,0.0006450524797185775,0.012011597404390445,0.9711733639069912,0.0004095786706663773,0.014496755488057433,0.7740645103709504,-0.19669927486537442,0.7295319618942427,0.9722466409877449,0.0014828557514201535,0.03410189148143034,0.9714737019922933,0.0007099167559685426,0.02871738230015187,0.970855635203994,9.184996766919973e-05,0.007041281237056468,0.9709274056594219,0.00016362042309714386,0.01601546320585393,0.9709453192310846,0.00018153399475984155,0.0045561231533894795,0.9840635747352511,0.013299789498926295,0.06406185282341571,0.9793148007062947,0.008551015469969947,0.060334115697915226,0.9727086246031158,0.001944839366791018,0.020985779373187904,0.970834626145407,7.084090908227036e-05,0.0019329007317409911,VGPRYTNL,0.013299789498926295,RAYLFNSV,-0.19669927486537442
151,AV16/DV11-CAMREDTNAYKVIF-AJ30_BV13-2-CASGDVQNPYF-BJ2-5,5,multi-specific,"['RAYLFNSV', 'SNYLFTKL', 'SVYVYKVL', 'VGPRYTNL', 'VIVRFLTV']",5,"[0.16111111111111115, 0.054444444444444455, 0.0688888888888889, 0.3155555555555556, 0.3055555555555556]",VGPRYTNL,0.3155555555555556,VIVRFLTV,0.34782608695652173,False,"['RAYLFNSV', 'SNYLFTKL', 'SVYVYKVL', 'VGPRYTNL', 'VIVRFLTV']",5,"['ATLVFHNL', 'HIYEFPQL', 'INFDFPKL', 'RTYTYEKL', 'SSYTFPKM', 'VAFDFTKV', 'VSFTYRYL', 'SYFPEITHI']",8.0,0.4,[ 1.   2.4  2.8 29.   6.8  9.8  0.8 12.4  0.6 56.8 55.   2.2  0.4],0.6768296149504868,0.20951658426305403,0.9697925118914,0.9699438099225034,0.00015129803110336404,0.005555555555555557,0.9709457443472488,0.0011532324558487517,0.013333333333333334,0.9713666574491185,0.0015741455577185093,0.015555555555555557,0.970052645371178,0.00026013347977793533,0.16111111111111115,0.9702150861116291,0.0004225742202290661,0.037777777777777785,0.9735113867787815,0.0037188748873814292,0.054444444444444455,0.9699698243056144,0.00017731241421437005,0.004444444444444445,0.9779058482586238,0.008113336367223778,0.0688888888888889,0.9702332407039499,0.00044072881254986207,0.0033333333333333335,0.9681264450892149,-0.0016660668021851732,0.3155555555555556,0.9557466585040032,-0.014045853387396834,0.3055555555555556,0.9700344497770843,0.00024193788568427355,0.012222222222222225,0.9698624040137103,6.989212231023334e-05,0.0022222222222222227,SVYVYKVL,0.008113336367223778,VIVRFLTV,-0.014045853387396834
152,AV6-6-CALGDLGSWQLIF-AJ22_BV4-CASSYAEQFF-BJ2-1,7,multi-specific,"['RAYLFNSV', 'RTYTYEKL', 'SNYLFTKL', 'VGPRYTNL', 'VIVRFLTV']",5,"[0.07540173053152038, 0.08158220024721878, 0.061804697156983925, 0.07045735475896167, 0.561186650185414]",VIVRFLTV,0.561186650185414,VIVRFLTV,0.6153846153846154,True,"['RAYLFNSV', 'RTYTYEKL', 'SNYLFTKL', 'VGPRYTNL', 'VIVRFLTV']",5,"['ATLVFHNL', 'HIYEFPQL', 'INFDFPKL', 'SSYTFPKM', 'SVYVYKVL', 'VAFDFTKV', 'VSFTYRYL', 'SYFPEITHI']",6.0,0.2857142857142857,"[ 1.57142857  2.14285714  3.71428571  8.71428571  9.42857143  7.14285714
  1.71428571  3.14285714  1.42857143  8.14285714 64.85714286  3.28571429
  0.28571429]",0.5713692953187347,0.18025760982300104,0.9689752062719528,0.9691879042134643,0.00021269794151157484,0.013597033374536462,0.9696121643033896,0.0006369580314368184,0.018541409147095178,0.9713543862404098,0.002379179968457046,0.032138442521631644,0.9733148684664528,0.004339662194499994,0.07540173053152038,0.9701866053559675,0.001211399084014686,0.08158220024721878,0.9797123025207694,0.01073709624881658,0.061804697156983925,0.9692049458838405,0.00022973961188776926,0.01483312731767614,0.9703605332855606,0.0013853270136078288,0.027194066749072925,0.9691950755802691,0.00021986930831630058,0.012360939431396786,0.9740435006840351,0.0050682944120823414,0.07045735475896167,0.8237423900733782,-0.14523281619857453,0.561186650185414,0.9694871459208192,0.0005119396488664218,0.028430160692212603,0.9690654819554909,9.027568353814353e-05,0.002472187886279357,SNYLFTKL,0.01073709624881658,VIVRFLTV,-0.14523281619857453
153,AV9-1-CAVREDMGYKLTF-AJ9_BV13-2-CASGDGGALEQYF-BJ2-7,8,multi-specific,"['RAYLFNSV', 'RTYTYEKL', 'VGPRYTNL', 'VIVRFLTV']",4,"[0.4411487758945386, 0.06261770244821092, 0.059792843691148775, 0.2650659133709981]",RAYLFNSV,0.4411487758945386,RAYLFNSV,0.4672686230248307,True,"['RAYLFNSV', 'RTYTYEKL', 'VGPRYTNL', 'VIVRFLTV']",4,"['ATLVFHNL', 'HIYEFPQL', 'INFDFPKL', 'SNYLFTKL', 'SSYTFPKM', 'SVYVYKVL', 'VAFDFTKV', 'VSFTYRYL', 'SYFPEITHI']",15.450000000000003,0.625,"[  1.875   3.75    6.125 117.125  16.625  12.625   5.625   6.25    1.125
  15.875  70.375   7.5     0.625]",0.3004210711965815,0.46968513959641406,0.959479167866821,0.9596668203236234,0.00018765245680241183,0.007062146892655367,0.9602223925397197,0.000743224672898779,0.014124293785310734,0.9602813729198629,0.00080220505304196,0.023069679849340868,0.9373167952551079,-0.022162372611713055,0.4411487758945386,0.9658451674043692,0.006365999537548239,0.06261770244821092,0.9624635553008482,0.0029843874340271803,0.0475517890772128,0.9601571297893667,0.0006779619225457667,0.0211864406779661,0.9611014156150465,0.0016222477482255027,0.023540489642184557,0.9595748256365291,9.56577697081018e-05,0.00423728813559322,0.9655070811194282,0.006027913252607209,0.059792843691148775,0.962460074388628,0.0029809065218070474,0.2650659133709981,0.9630550435367911,0.0035758756699700855,0.02824858757062147,0.9594928851512138,1.371728439281128e-05,0.0023540489642184556,RTYTYEKL,0.006365999537548239,RAYLFNSV,-0.022162372611713055
154,AV15-1/DV6-1-CALWELASSNTDKVVF-AJ34*p03_BV3-CASSFGTGGYYEQYF-BJ2-7,10,multi-specific,"['RAYLFNSV', 'RTYTYEKL', 'SNYLFTKL', 'VGPRYTNL', 'VIVRFLTV']",5,"[0.07647814910025708, 0.062339331619537273, 0.053984575835475584, 0.5694087403598972, 0.10282776349614396]",VGPRYTNL,0.5694087403598972,VGPRYTNL,0.5785714285714286,True,"['RAYLFNSV', 'RTYTYEKL', 'SNYLFTKL', 'VGPRYTNL', 'VIVRFLTV']",5,"['ATLVFHNL', 'HIYEFPQL', 'INFDFPKL', 'SSYTFPKM', 'SVYVYKVL', 'VAFDFTKV', 'VSFTYRYL', 'SYFPEITHI']",8.099999999999994,0.2,[ 1.6  2.   4.2 11.9  9.7  8.4  2.8  5.3  0.3 88.6 16.   4.6  0.2],0.04957342003127299,0.8918242494173474,0.9554482974411657,0.9558794344524334,0.00043113701126773485,0.010282776349614397,0.9555736382608084,0.00012534081964277188,0.012853470437017995,0.9566228200657179,0.001174522624552199,0.026992287917737792,0.9628430834374805,0.007394785996314823,0.07647814910025708,0.9597783751266283,0.004330077685462674,0.062339331619537273,0.9581302391396637,0.0026819416984980027,0.053984575835475584,0.9559437137526154,0.0004954163114497812,0.017994858611825194,0.9569561094478569,0.001507812006691256,0.03406169665809769,0.9560127900237114,0.0005644925825457614,0.0019280205655526992,0.8935641318432407,-0.06188416559792498,0.5694087403598972,0.9668972333109103,0.011448935869744603,0.10282776349614396,0.9582299573259805,0.0027816598848148244,0.029562982005141385,0.955457579920962,9.282479796368648e-06,0.0012853470437017996,VIVRFLTV,0.011448935869744603,VGPRYTNL,-0.06188416559792498
155,AV16D/DV11-CAMREANSGTYQRF-AJ13_BV1-CTCSADKVYAEQFF-BJ2-1,12,multi-specific,"['RAYLFNSV', 'RTYTYEKL', 'VGPRYTNL', 'VIVRFLTV']",4,"[0.4448648648648649, 0.08324324324324325, 0.08810810810810812, 0.13891891891891894]",RAYLFNSV,0.4448648648648649,RAYLFNSV,0.3971631205673759,True,"['RAYLFNSV', 'RTYTYEKL', 'SNYLFTKL', 'VGPRYTNL', 'VIVRFLTV']",5,"['ATLVFHNL', 'HIYEFPQL', 'INFDFPKL', 'SSYTFPKM', 'SVYVYKVL', 'VAFDFTKV', 'VSFTYRYL', 'SYFPEITHI']",11.0,0.5833333333333334,"[ 1.16666667  2.91666667  5.66666667 68.58333333 12.83333333  9.41666667
  3.58333333  5.58333333  1.66666667 13.58333333 21.41666667  7.16666667
  0.58333333]",0.6299272734804985,0.028137906831285545,0.954776200427288,0.955100863686975,0.00032466325968705245,0.007567567567567568,0.9552072871327958,0.0004310867055078438,0.01891891891891892,0.9564965006537681,0.0017203002264801759,0.03675675675675676,0.8939951090768623,-0.06078109135042564,0.4448648648648649,0.9601912464446523,0.005415046017364311,0.08324324324324325,0.9595174437711288,0.004741243343840851,0.06108108108108108,0.9557125498111266,0.000936349383838686,0.023243243243243245,0.9557700785776536,0.000993878150365668,0.036216216216216214,0.9554557446109676,0.000679544183679659,0.010810810810810811,0.9623275715993408,0.007551371172052845,0.08810810810810812,0.9606428499905992,0.005866649563311288,0.13891891891891894,0.958754153754876,0.003977953327588102,0.04648648648648649,0.9548873798299246,0.00011117940263660753,0.003783783783783784,VGPRYTNL,0.007551371172052845,RAYLFNSV,-0.06078109135042564
156,AV16/DV11-CAMREGLANKMIF-AJ47_BV13-2-CASGETGGAYEQYF-BJ2-7,5,multi-specific,"['RAYLFNSV', 'RTYTYEKL', 'SNYLFTKL', 'VGPRYTNL', 'VIVRFLTV']",5,"[0.5093333333333334, 0.06799999999999999, 0.08266666666666667, 0.108, 0.09466666666666666]",RAYLFNSV,0.5093333333333334,RAYLFNSV,0.4647887323943662,True,"['RAYLFNSV', 'RTYTYEKL', 'SNYLFTKL', 'VGPRYTNL', 'VIVRFLTV']",5,"['ATLVFHNL', 'HIYEFPQL', 'INFDFPKL', 'SSYTFPKM', 'SVYVYKVL', 'VAFDFTKV', 'VSFTYRYL', 'SYFPEITHI']",8.0,0.8,[ 1.4  1.6  3.4 76.4 10.2 12.4  4.8  4.2  0.  16.2 14.2  4.4  0.8],0.7985402558221479,0.10520500674508255,0.9530321277988258,0.9530578795261897,2.5751727363854116e-05,0.009333333333333332,0.9532552749821657,0.00022314718333982242,0.010666666666666668,0.9539733080474331,0.0009411802486072318,0.022666666666666665,0.7822992581994941,-0.17073286959933176,0.5093333333333334,0.9581013611784261,0.005069233379600302,0.06799999999999999,0.9634055596152864,0.010373431816460554,0.08266666666666667,0.9545024983108176,0.0014703705119917254,0.032,0.9535084082532078,0.0004762804543819721,0.028,0.9530321277988258,0.0,0.0,0.9651123608871182,0.012080233088292314,0.108,0.9589662830771595,0.0059341552783336304,0.09466666666666666,0.9566749213389351,0.0036427935401092126,0.029333333333333336,0.9533068522631545,0.00027472446432863507,0.005333333333333334,VGPRYTNL,0.012080233088292314,RAYLFNSV,-0.17073286959933176
157,AV6-6-CALGDSNYQLIW-AJ33_BV13-3-CASRDRVSYEQYF-BJ2-7,5,multi-specific,"['RTYTYEKL', 'SNYLFTKL', 'VSFTYRYL']",3,"[0.07798165137614678, 0.19724770642201833, 0.6376146788990825]",VSFTYRYL,0.6376146788990825,VSFTYRYL,0.65,True,"['RTYTYEKL', 'SNYLFTKL', 'VSFTYRYL']",3,"['ATLVFHNL', 'HIYEFPQL', 'INFDFPKL', 'RAYLFNSV', 'SSYTFPKM', 'SVYVYKVL', 'VAFDFTKV', 'VGPRYTNL', 'VIVRFLTV', 'SYFPEITHI']",2.0,0.0,[ 0.2  1.   0.2  0.8  3.4  8.6  0.6  0.   0.   0.4  0.6 27.8  0. ],0.6364704110468868,0.24826424192707336,0.9508610295496952,0.9509219735683662,6.094401867096089e-05,0.0045871559633027525,0.9519884768278409,0.0011274472781457323,0.02293577981651376,0.9509361530624563,7.51235127610661e-05,0.0045871559633027525,0.959923403011766,0.009062373462070838,0.01834862385321101,0.958224121150066,0.007363091600370852,0.07798165137614678,0.9778570368563333,0.026996007306638092,0.19724770642201833,0.9518715747850008,0.0010105452353056377,0.013761467889908256,0.9508610295496952,0.0,0.0,0.9508610295496952,0.0,0.0,0.9511617866195078,0.000300757069812585,0.009174311926605505,0.9518492182711322,0.0009881887214370222,0.013761467889908256,0.5548159492355301,-0.3960450803141651,0.6376146788990825,0.9508610295496952,0.0,0.0,SNYLFTKL,0.026996007306638092,VSFTYRYL,-0.3960450803141651
158,AV1-CAVRDSYAQGLTF-AJ26_BV13-1-CASSDDRVGNTLYF-BJ1-3,43,multi-specific,"['RAYLFNSV', 'VGPRYTNL', 'VIVRFLTV']",3,"[0.6420533569351371, 0.06309267922619799, 0.08547224680743455]",RAYLFNSV,0.6420533569351371,RAYLFNSV,0.7006369426751592,True,"['RAYLFNSV', 'SNYLFTKL', 'VGPRYTNL', 'VIVRFLTV']",4,"['ATLVFHNL', 'HIYEFPQL', 'INFDFPKL', 'RTYTYEKL', 'SSYTFPKM', 'SVYVYKVL', 'VAFDFTKV', 'VSFTYRYL', 'SYFPEITHI']",11.0,0.5348837209302325,"[  1.55813953   2.53488372   3.97674419 118.09302326   8.95348837
  10.60465116   2.37209302   4.11627907   0.72093023  11.60465116
  15.72093023   3.13953488   0.53488372]",0.698225840525593,1.937455524024642e-07,0.9462753136876952,0.9466528868370563,0.00037757314936104347,0.008471361739790113,0.9482298544789616,0.001954540791266335,0.013781767606524211,0.9471192564955694,0.0008439428078741429,0.02162093817170312,0.7736788255922964,-0.17259648809539885,0.6420533569351371,0.9492564325120585,0.002981118824363249,0.048678720445062586,0.9634410518950807,0.017165738207385428,0.05765583512454165,0.9466606611914423,0.00038534750374707993,0.01289669996206853,0.9475017849457897,0.001226471258094497,0.022379567581236565,0.9463571947734785,8.188108578321973e-05,0.003919585282589454,0.9576323268742262,0.011357013186530929,0.06309267922619799,0.9569895304839469,0.010714216796251619,0.08547224680743455,0.9465042961989536,0.00022898251125835767,0.017069161714502464,0.9463333884481266,5.807476043140358e-05,0.0029080794032115306,SNYLFTKL,0.017165738207385428,RAYLFNSV,-0.17259648809539885
159,AV10-CAAIMDYANKMIF-AJ47_BV3-CASSAGPQDTQYF-BJ2-5,6,multi-specific,"['RAYLFNSV', 'VGPRYTNL', 'VIVRFLTV']",3,"[0.593144560357675, 0.0789865871833085, 0.0789865871833085]",RAYLFNSV,0.593144560357675,RAYLFNSV,0.5375722543352601,True,"['RAYLFNSV', 'RTYTYEKL', 'VGPRYTNL', 'VIVRFLTV']",4,"['ATLVFHNL', 'HIYEFPQL', 'INFDFPKL', 'SNYLFTKL', 'SSYTFPKM', 'SVYVYKVL', 'VAFDFTKV', 'VSFTYRYL', 'SYFPEITHI']",7.349999999999994,0.5,"[ 1.66666667  2.5         2.66666667 66.33333333  6.66666667  5.16666667
  1.66666667  2.5         1.16666667  8.83333333  8.83333333  3.33333333
  0.5       ]",-0.15583608499013052,0.7681381032462244,0.9426302723125822,0.9455384790283643,0.002908206715782069,0.01490312965722802,0.9445284564754121,0.0018981841628298302,0.022354694485842028,0.9463712984464846,0.00374102613390237,0.02384500745156483,0.8218355601666585,-0.12079471214592374,0.593144560357675,0.9489239099981986,0.006293637685616416,0.05961251862891208,0.9477546727231609,0.005124400410578711,0.04619970193740686,0.9442058779209865,0.0015756056084043069,0.01490312965722802,0.9443860382011446,0.0017557658885624106,0.022354694485842028,0.9430793199539482,0.00044904764136599606,0.010432190760059613,0.9491211731854285,0.006490900872846317,0.0789865871833085,0.9570291200447715,0.014398847732189246,0.0789865871833085,0.9449978376441233,0.0023675653315410328,0.02980625931445604,0.9427694978864288,0.00013922557384660195,0.004470938897168405,VIVRFLTV,0.014398847732189246,RAYLFNSV,-0.12079471214592374
160,AV13-2-CAIGYAQGLTF-AJ26_BV13-3-CASSDGWGGYEQYF-BJ2-7,11,multi-specific,"['INFDFPKL', 'RAYLFNSV', 'RTYTYEKL', 'SNYLFTKL', 'VGPRYTNL', 'VIVRFLTV']",6,"[0.5438324282389451, 0.07292474786656324, 0.0535298681148177, 0.058184639255236634, 0.05896043444530645, 0.10550814584949575]",INFDFPKL,0.5438324282389451,INFDFPKL,0.6491228070175439,True,"['INFDFPKL', 'RAYLFNSV', 'RTYTYEKL', 'SNYLFTKL', 'VGPRYTNL', 'VIVRFLTV']",6,"['ATLVFHNL', 'HIYEFPQL', 'SSYTFPKM', 'SVYVYKVL', 'VAFDFTKV', 'VSFTYRYL', 'SYFPEITHI']",6.200000000000003,0.18181818181818182,"[ 1.63636364  1.36363636 63.72727273  8.54545455  6.27272727  6.81818182
  1.90909091  2.81818182  0.36363636  6.90909091 12.36363636  4.27272727
  0.18181818]",0.512899087082134,0.10666284660674265,0.9419691988742737,0.9423246716634547,0.00035547278918102165,0.013964313421256792,0.9427992331373618,0.0008300342630881419,0.011636927851047325,0.81451438101873,-0.1274548178555437,0.5438324282389451,0.953870122412235,0.01190092353796135,0.07292474786656324,0.9444124937223785,0.0024432948481047934,0.0535298681148177,0.9441321558693602,0.002162956995086507,0.058184639255236634,0.9432189901829762,0.001249791308702508,0.016291698991466257,0.9427734379224817,0.000804239048208033,0.024049650892164473,0.9420236809820811,5.4482107807451996e-05,0.003103180760279287,0.9460589941031307,0.004089795228856996,0.05896043444530645,0.962124552815301,0.0201553539410273,0.10550814584949575,0.945678394922329,0.0037091960480553077,0.03646237393328162,0.9419871396151663,1.794074089267461e-05,0.0015515903801396435,VIVRFLTV,0.0201553539410273,INFDFPKL,-0.1274548178555437
161,AV16D/DV11-CAMREDNNRIFF-AJ31_BV13-2-CASGEIATNTGQLYF-BJ2-2,15,multi-specific,"['RAYLFNSV', 'SNYLFTKL', 'VIVRFLTV']",3,"[0.5835526315789473, 0.13552631578947366, 0.08026315789473683]",RAYLFNSV,0.5835526315789473,RAYLFNSV,0.5918367346938775,True,"['RAYLFNSV', 'SNYLFTKL', 'VIVRFLTV']",3,"['ATLVFHNL', 'HIYEFPQL', 'INFDFPKL', 'RTYTYEKL', 'SSYTFPKM', 'SVYVYKVL', 'VAFDFTKV', 'VGPRYTNL', 'VSFTYRYL', 'SYFPEITHI']",7.0,0.2,"[ 0.86666667  1.          2.2        59.13333333  5.06666667 13.73333333
  1.6         1.66666667  0.46666667  3.46666667  8.13333333  3.8
  0.2       ]",0.24097941673603251,0.38693154706676247,0.9416331396362434,0.9418615187600753,0.00022837912383188996,0.008552631578947367,0.9420718957340714,0.00043875609782795255,0.009868421052631578,0.9429247298424354,0.0012915902061919615,0.021710526315789472,0.8391142145359908,-0.10251892510025262,0.5835526315789473,0.9443099583360016,0.002676818699758221,0.049999999999999996,0.9588739209835062,0.017240781347262812,0.13552631578947366,0.9433833139780108,0.0017501743417673854,0.015789473684210527,0.9421605086454506,0.0005273690092072458,0.01644736842105263,0.9420860704793498,0.00045293084310638054,0.004605263157894736,0.944176853890588,0.002543714254344631,0.03421052631578947,0.9527205462919199,0.011087406655676535,0.08026315789473683,0.9444524556581567,0.0028193160219133206,0.03749999999999999,0.9416698365945504,3.6696958306992045e-05,0.001973684210526316,SNYLFTKL,0.017240781347262812,RAYLFNSV,-0.10251892510025262
162,AV5-1-CSASTGGFASALTF-AJ35_BV2-CASSQDGAGANSDYTF-BJ1-2,5,multi-specific,"['RAYLFNSV', 'VIVRFLTV', 'VSFTYRYL']",3,"[0.09691629955947136, 0.4493392070484581, 0.09030837004405284]",VIVRFLTV,0.4493392070484581,VIVRFLTV,0.4444444444444444,True,"['RAYLFNSV', 'RTYTYEKL', 'SVYVYKVL', 'VGPRYTNL', 'VIVRFLTV', 'VSFTYRYL']",6,"['ATLVFHNL', 'HIYEFPQL', 'INFDFPKL', 'SNYLFTKL', 'SSYTFPKM', 'VAFDFTKV', 'SYFPEITHI']",7.299999999999997,0.2,[ 0.6  2.6  2.8  8.8  6.8  4.4  1.8  4.6  2.   7.2 40.8  8.2  0.2],0.6119118433359643,0.27269213080775284,0.9382681686357784,0.9384482548802188,0.00018008624444032506,0.0066079295154185015,0.9406132931126784,0.00234512447689994,0.028634361233480173,0.9403663796340455,0.002098210998267014,0.030837004405286337,0.9407810993289145,0.002512930693136073,0.09691629955947136,0.9430669697143104,0.004798801078531922,0.07488986784140968,0.9402618698830827,0.001993701247304247,0.04845814977973568,0.9411288248412261,0.0028606562054476203,0.019823788546255505,0.9506433431517314,0.012375174515952936,0.05066079295154184,0.9396125654187829,0.0013443967830044645,0.02202643171806167,0.9510146792959235,0.012746510660145094,0.07929515418502202,0.7641561686043957,-0.17411200003138272,0.4493392070484581,0.9438704446567581,0.005602276020979624,0.09030837004405284,0.9383154568516898,4.728821591137855e-05,0.002202643171806167,VGPRYTNL,0.012746510660145094,VIVRFLTV,-0.17411200003138272
163,AV16D/DV11-CAMREGSSGSWQLIF-AJ22_BV1-CTCSADRVYAEQFF-BJ2-1,6,multi-specific,"['RAYLFNSV', 'RTYTYEKL', 'VGPRYTNL', 'VIVRFLTV', 'VSFTYRYL']",5,"[0.5672877846790891, 0.06418219461697725, 0.07660455486542445, 0.09109730848861285, 0.07246376811594203]",RAYLFNSV,0.5672877846790891,RAYLFNSV,0.5789473684210527,True,"['RAYLFNSV', 'RTYTYEKL', 'VGPRYTNL', 'VIVRFLTV', 'VSFTYRYL']",5,"['ATLVFHNL', 'HIYEFPQL', 'INFDFPKL', 'SNYLFTKL', 'SSYTFPKM', 'SVYVYKVL', 'VAFDFTKV', 'SYFPEITHI']",4.0,0.3333333333333333,"[ 0.66666667  1.16666667  1.83333333 45.66666667  5.16666667  2.66666667
  0.83333333  2.16666667  0.66666667  6.16666667  7.33333333  5.83333333
  0.33333333]",0.679290639797985,0.13778854114416683,0.9309715764365168,0.9313050086000264,0.0003334321635095616,0.008281573498964804,0.9312867301911408,0.00031515375462398687,0.01449275362318841,0.9322244433200356,0.0012528668835187773,0.02277432712215321,0.7471541127637689,-0.18381746367274798,0.5672877846790891,0.944725314470232,0.013753738033715157,0.06418219461697725,0.9332286729015479,0.0022570964650310277,0.033126293995859216,0.9314166205797333,0.00044504414321644425,0.010351966873706006,0.9328828270207796,0.0019112505842627803,0.026915113871635615,0.9319200156800266,0.0009484392435097355,0.008281573498964804,0.9319338400801098,0.0009622636435929754,0.07660455486542445,0.9356138882964286,0.0046423118599117075,0.09109730848861285,0.9587136658537477,0.027742089417230886,0.07246376811594203,0.9312521350732,0.0002805586366831925,0.004140786749482402,VSFTYRYL,0.027742089417230886,RAYLFNSV,-0.18381746367274798
164,AV6-6-CALGDQANTDKVVF-AJ34*p03_BV14-CASSLGVNTEVFF-BJ1-1,17,multi-specific,"['RTYTYEKL', 'SNYLFTKL', 'SSYTFPKM', 'VGPRYTNL', 'VIVRFLTV']",5,"[0.07686395080707148, 0.07071483474250576, 0.4965411222136817, 0.06994619523443503, 0.12067640276710219]",SSYTFPKM,0.4965411222136817,SSYTFPKM,0.6206896551724138,True,"['RAYLFNSV', 'RTYTYEKL', 'SNYLFTKL', 'SSYTFPKM', 'VGPRYTNL', 'VIVRFLTV']",6,"['ATLVFHNL', 'HIYEFPQL', 'INFDFPKL', 'SVYVYKVL', 'VAFDFTKV', 'VSFTYRYL', 'SYFPEITHI']",5.0,0.11764705882352941,"[ 0.88235294  1.23529412  2.05882353  4.58823529  5.88235294  5.41176471
 38.          2.          0.17647059  5.35294118  9.23529412  1.58823529
  0.11764706]",0.5601591433773155,0.019354951941193736,0.9260940605911356,0.9265712250572202,0.00047716446608458973,0.01152959262106072,0.9274246791744339,0.0013306185832983042,0.016141429669485008,0.9276824416346646,0.0015883810435289858,0.02690238278247501,0.9361717925058075,0.010077731914671872,0.05995388162951574,0.936525695095707,0.010431634504571408,0.07686395080707148,0.9302200566452979,0.004125996054162306,0.07071483474250576,0.7335881361649278,-0.19250592442620784,0.4965411222136817,0.9275990068732182,0.001504946282082531,0.0261337432744043,0.9262670115483415,0.00017295095720581966,0.0023059185242121443,0.931658978368881,0.005564917777745371,0.06994619523443503,0.948015020861785,0.02192096027064938,0.12067640276710219,0.9273766185297222,0.0012825579385865593,0.020753266717909294,0.9262009863693346,0.00010692577819892968,0.0015372790161414292,VIVRFLTV,0.02192096027064938,SSYTFPKM,-0.19250592442620784
165,AV4-3-CAADNNAGAKLTF-AJ39_BV13-1-CASSDARYAEQFF-BJ2-1,6,multi-specific,"['RAYLFNSV', 'RTYTYEKL', 'SNYLFTKL', 'VGPRYTNL', 'VIVRFLTV']",5,"[0.46577946768060835, 0.10076045627376426, 0.07034220532319392, 0.06844106463878327, 0.10836501901140684]",RAYLFNSV,0.46577946768060835,RAYLFNSV,0.4230769230769231,True,"['RAYLFNSV', 'RTYTYEKL', 'SNYLFTKL', 'VGPRYTNL', 'VIVRFLTV', 'VSFTYRYL']",6,"['ATLVFHNL', 'HIYEFPQL', 'INFDFPKL', 'SSYTFPKM', 'SVYVYKVL', 'VAFDFTKV', 'SYFPEITHI']",5.0,0.5,"[ 0.5         1.          4.         40.83333333  8.83333333  6.16666667
  2.16666667  3.66666667  0.          6.          9.5         4.5
  0.5       ]",0.4082274890736999,0.4216742571788657,0.9252121128040476,0.9253511973194247,0.0001390845153771414,0.0057034220532319385,0.9262965219396015,0.0010844091355539653,0.011406844106463877,0.9351333482935076,0.00992123548946,0.04562737642585551,0.7913915896593717,-0.13382052314467585,0.46577946768060835,0.9326336501550585,0.007421537351010921,0.10076045627376426,0.9301004745751194,0.00488836177107177,0.07034220532319392,0.9291683116117772,0.003956198807729572,0.0247148288973384,0.9278979116303877,0.0026857988263401245,0.04182509505703422,0.9252121128040476,0.0,0.0,0.9298885870992338,0.00467647429518625,0.06844106463878327,0.9392114859215257,0.01399937311747812,0.10836501901140684,0.9284663624302716,0.003254249626224004,0.05133079847908745,0.9260377624732935,0.0008256496692459203,0.0057034220532319385,VIVRFLTV,0.01399937311747812,RAYLFNSV,-0.13382052314467585
166,AV12-2-CALSDRYGNEKITF-AJ48_BV29-CASSPLKGANSDYTF-BJ1-2,5,multi-specific,"['RAYLFNSV', 'RTYTYEKL', 'SNYLFTKL', 'SVYVYKVL', 'VGPRYTNL', 'VIVRFLTV']",6,"[0.07725947521865886, 0.45335276967930016, 0.05830903790087462, 0.05685131195335275, 0.08746355685131192, 0.14868804664723026]",RTYTYEKL,0.45335276967930016,RTYTYEKL,0.422680412371134,True,"['RAYLFNSV', 'RTYTYEKL', 'SNYLFTKL', 'SVYVYKVL', 'VGPRYTNL', 'VIVRFLTV']",6,"['ATLVFHNL', 'HIYEFPQL', 'INFDFPKL', 'SSYTFPKM', 'VAFDFTKV', 'VSFTYRYL', 'SYFPEITHI']",6.599999999999994,0.8,[ 1.4  1.8  4.6 10.6 62.2  8.   1.4  7.8  0.4 12.  20.4  5.8  0.8],0.26256845634538595,0.6695695687036437,0.9230562712373669,0.9236773162147005,0.000621044977333618,0.010204081632653057,0.9248676199811671,0.0018113487438001785,0.013119533527696788,0.9239095844432221,0.000853313205855244,0.0335276967930029,0.9292930455848436,0.0062367743474767146,0.07725947521865886,0.9248327949690541,0.0017765237316872406,0.45335276967930016,0.9303602795415152,0.007304008304148346,0.05830903790087462,0.923476737714177,0.00042046647681015514,0.010204081632653057,0.9330089644498564,0.009952693212489483,0.05685131195335275,0.923143280947242,8.700970987507439e-05,0.002915451895043731,0.9309833737493622,0.007927102511995354,0.08746355685131192,0.9358224011745582,0.012766129937191284,0.14868804664723026,0.9256442798809278,0.0025880086435609018,0.042274052478134094,0.9232800810050191,0.0002238097676522388,0.005830903790087462,VIVRFLTV,0.012766129937191284,RTYTYEKL,0.0017765237316872406
167,AV7D-2-CAAHTGNYKYVF-AJ40_BV1-CTCSAVRVSNSDYTF-BJ1-2,7,multi-specific,"['RAYLFNSV', 'RTYTYEKL', 'VGPRYTNL', 'VIVRFLTV']",4,"[0.5153733528550511, 0.07467057101024889, 0.0966325036603221, 0.10102489019033674]",RAYLFNSV,0.5153733528550511,RAYLFNSV,0.46153846153846156,True,"['RAYLFNSV', 'RTYTYEKL', 'SNYLFTKL', 'VGPRYTNL', 'VIVRFLTV']",5,"['ATLVFHNL', 'HIYEFPQL', 'INFDFPKL', 'SSYTFPKM', 'SVYVYKVL', 'VAFDFTKV', 'VSFTYRYL', 'SYFPEITHI']",7.0,0.0,"[ 1.71428571  1.28571429  3.85714286 50.28571429  7.28571429  6.42857143
  1.85714286  2.14285714  0.28571429  9.42857143  9.85714286  3.14285714
  0.        ]",0.9681071126614813,0.00034294750500529477,0.9226341466738485,0.9239998635347698,0.001365716860921351,0.017569546120058562,0.9248711861051531,0.0022370394313045994,0.013177159590043922,0.9236803863801952,0.0010462397063467632,0.039531478770131766,0.7466355769663258,-0.1759985697075227,0.5153733528550511,0.9302610900494551,0.007626943375606654,0.07467057101024889,0.9267490033036391,0.004114856629790609,0.06588579795021961,0.9238050395805966,0.0011708929067481,0.019033674963396776,0.9262799623245025,0.0036458156506540274,0.021961932650073204,0.9227191255492609,8.497887541247806e-05,0.002928257686676427,0.9432624192685292,0.020628272594680697,0.0966325036603221,0.9407123971716883,0.018078250497839843,0.10102489019033674,0.9268443581168184,0.004210211442969958,0.0322108345534407,0.9226341466738485,0.0,0.0,VGPRYTNL,0.020628272594680697,RAYLFNSV,-0.1759985697075227
168,AV6-7/DV9-CALGDQGGGADRLTF-AJ45_BV3-CASSFGTGGYYEQYF-BJ2-7,22,multi-specific,"['RAYLFNSV', 'RTYTYEKL', 'SNYLFTKL', 'VGPRYTNL', 'VIVRFLTV']",5,"[0.07255172413793105, 0.07062068965517243, 0.062068965517241385, 0.4979310344827587, 0.17241379310344832]",VGPRYTNL,0.4979310344827587,VGPRYTNL,0.552,True,"['RAYLFNSV', 'RTYTYEKL', 'SNYLFTKL', 'VGPRYTNL', 'VIVRFLTV']",5,"['ATLVFHNL', 'HIYEFPQL', 'INFDFPKL', 'SSYTFPKM', 'SVYVYKVL', 'VAFDFTKV', 'VSFTYRYL', 'SYFPEITHI']",9.0,0.22727272727272727,"[ 0.90909091  3.09090909  4.54545455 11.95454545 11.63636364 10.22727273
  2.31818182  4.22727273  1.18181818 82.04545455 28.40909091  4.
  0.22727273]",0.2647085772914112,0.23384929086279485,0.9143536909703449,0.9146487703547131,0.00029507938436823533,0.005517241379310345,0.9149581982606466,0.0006045072903017035,0.018758620689655173,0.9162512597760429,0.0018975688056980244,0.02758620689655173,0.9220668244591671,0.007713133488822188,0.07255172413793105,0.9193453509414569,0.00499165997111195,0.07062068965517243,0.9172367346278126,0.002883043657467721,0.062068965517241385,0.9147534526289307,0.0003997616585857955,0.014068965517241383,0.9147825432244558,0.0004288522541109341,0.025655172413793108,0.9147090889401277,0.00035539796978278915,0.007172413793103449,0.848189639096413,-0.06616405187393193,0.4979310344827587,0.9675231156726057,0.053169424702260826,0.17241379310344832,0.9153050092800632,0.0009513183097182853,0.02427586206896552,0.9143755417365867,2.1850766241837682e-05,0.0013793103448275863,VIVRFLTV,0.053169424702260826,VGPRYTNL,-0.06616405187393193
169,AV16D/DV11-CAMREGNTGNYKYVF-AJ40_BV13-2-CASGDLYEQYF-BJ2-7,21,multi-specific,"['RAYLFNSV', 'RTYTYEKL', 'SNYLFTKL', 'VIVRFLTV']",4,"[0.06011246848943185, 0.6414582121388405, 0.09695559433779331, 0.07504363001745201]",RTYTYEKL,0.6414582121388405,RTYTYEKL,0.5672514619883041,True,"['RAYLFNSV', 'RTYTYEKL', 'SNYLFTKL', 'VIVRFLTV']",4,"['ATLVFHNL', 'HIYEFPQL', 'INFDFPKL', 'SSYTFPKM', 'SVYVYKVL', 'VAFDFTKV', 'VGPRYTNL', 'VSFTYRYL', 'SYFPEITHI']",12.0,0.38095238095238093,"[  1.0952381    3.           3.95238095  14.76190476 157.52380952
  23.80952381   2.80952381   4.19047619   0.61904762  10.38095238
  18.42857143   4.61904762   0.38095238]",0.38987231988998156,0.08061630255598336,0.9102812227658545,0.9104370902871176,0.00015586752126306447,0.0044599573395384924,0.9107817313241948,0.0005005085583402735,0.012216404886561958,0.9120386255868199,0.0017574028209653703,0.01609462866007369,0.9440299021763013,0.03374867941044679,0.06011246848943185,0.6855662697122802,-0.22471495305357436,0.6414582121388405,0.9179834784015631,0.007702255635708588,0.09695559433779331,0.9107943434546466,0.000513120688792057,0.01144076013185961,0.9111938290840241,0.0009126063181695843,0.01706418460345162,0.9103559374851835,7.471471932896101e-05,0.002520845452782626,0.9202261890126573,0.009944966246802744,0.042272639131277885,0.9246114855677408,0.014330262801886207,0.07504363001745201,0.9115273159956473,0.001246093229792744,0.0188093853015319,0.9103092362433168,2.801347746228533e-05,0.0015512895094046929,RAYLFNSV,0.03374867941044679,RTYTYEKL,-0.22471495305357436
170,AV6-7/DV9-CALGDINAYKVIF-AJ30_BV19-CASSAGGAYAEQFF-BJ2-1,11,multi-specific,"['RTYTYEKL', 'SVYVYKVL', 'VIVRFLTV']",3,"[0.052391799544419124, 0.12300683371298404, 0.715261958997722]",VIVRFLTV,0.715261958997722,VIVRFLTV,0.9259259259259259,True,"['RTYTYEKL', 'SVYVYKVL', 'VIVRFLTV']",3,"['ATLVFHNL', 'HIYEFPQL', 'INFDFPKL', 'RAYLFNSV', 'SNYLFTKL', 'SSYTFPKM', 'VAFDFTKV', 'VGPRYTNL', 'VSFTYRYL', 'SYFPEITHI']",2.0,0.09090909090909091,"[ 0.54545455  0.45454545  0.18181818  0.27272727  2.09090909  0.63636364
  0.27272727  4.90909091  0.09090909  1.18181818 28.54545455  0.63636364
  0.09090909]",0.4565701868152623,0.15805698694882805,0.9083544133078381,0.9089556286610473,0.0006012153532092279,0.013667425968109336,0.9103295749891607,0.0019751616813226125,0.011389521640091115,0.9085419602315992,0.00018754692376110604,0.004555808656036446,0.9085498401397769,0.0001954268319388497,0.006833712984054668,0.9184050656250203,0.010050652317182274,0.052391799544419124,0.9096600562697238,0.0013056429618857335,0.01594533029612756,0.9089280296627013,0.0005736163548631934,0.006833712984054668,0.9812121833059596,0.07285776999812155,0.12300683371298404,0.9083691290611823,1.4715753344218818e-05,0.002277904328018223,0.9086825081086163,0.0003280948007782225,0.0296127562642369,0.40444229980274204,-0.503912113505096,0.715261958997722,0.9098444481983882,0.001490034890550107,0.01594533029612756,0.9083729604533535,1.854714551541292e-05,0.002277904328018223,SVYVYKVL,0.07285776999812155,VIVRFLTV,-0.503912113505096
171,AV4-3-CAAHVNTGNYKYVF-AJ40_BV29-CASSLIRYAEQFF-BJ2-1,5,multi-specific,"['RAYLFNSV', 'VGPRYTNL', 'VIVRFLTV']",3,"[0.4019370460048427, 0.13559322033898305, 0.12832929782082325]",RAYLFNSV,0.4019370460048427,RAYLFNSV,0.2857142857142857,True,"['RAYLFNSV', 'RTYTYEKL', 'SNYLFTKL', 'VGPRYTNL', 'VIVRFLTV']",5,"['ATLVFHNL', 'HIYEFPQL', 'INFDFPKL', 'SSYTFPKM', 'SVYVYKVL', 'VAFDFTKV', 'VSFTYRYL', 'SYFPEITHI']",7.0,0.2,[ 2.8  2.   2.4 33.2  4.8  6.6  2.2  4.   0.4 11.2 10.6  2.2  0.2],0.000706562604800889,0.9991003766255897,0.8964775474703407,0.8998862479974525,0.003408700527111841,0.03389830508474576,0.9015638878426684,0.005086340372327691,0.02421307506053269,0.9013634564616142,0.004885908991273502,0.029055690072639227,0.8335677030172375,-0.06290984445310321,0.4019370460048427,0.9002139154351083,0.0037363679647676173,0.05811138014527845,0.8981545105226646,0.0016769630523238988,0.07990314769975787,0.8982384339423,0.0017608864719592665,0.02663438256658596,0.8997662412296702,0.0032886937593294974,0.04842615012106538,0.8972072003949831,0.0007296529246424432,0.004842615012106538,0.9010111699694552,0.004533622499114487,0.13559322033898305,0.9218782718452493,0.02540072437490859,0.12832929782082325,0.8986610186099371,0.0021834711395963824,0.02663438256658596,0.896596256912091,0.00011870944175029763,0.002421307506053269,VIVRFLTV,0.02540072437490859,RAYLFNSV,-0.06290984445310321
172,AV16/DV11-CAMREGYQNFYF-AJ49_BV13-1-CASSGRNTEVFF-BJ1-1,7,multi-specific,"['HIYEFPQL', 'RAYLFNSV', 'RTYTYEKL', 'SNYLFTKL', 'VGPRYTNL', 'VIVRFLTV']",6,"[0.39089184060721055, 0.07210626185958253, 0.10056925996204932, 0.06641366223908918, 0.07590132827324478, 0.16129032258064513]",HIYEFPQL,0.39089184060721055,HIYEFPQL,0.38666666666666666,True,"['HIYEFPQL', 'RAYLFNSV', 'RTYTYEKL', 'SNYLFTKL', 'VGPRYTNL', 'VIVRFLTV']",6,"['ATLVFHNL', 'INFDFPKL', 'SSYTFPKM', 'SVYVYKVL', 'VAFDFTKV', 'VSFTYRYL', 'SYFPEITHI']",4.0,0.2857142857142857,"[ 0.85714286 29.42857143  1.85714286  5.42857143  7.57142857  5.
  2.          2.85714286  0.14285714  5.71428571 12.14285714  2.
  0.28571429]",-0.23002982384907697,0.6197384029056973,0.8901400401761606,0.8905903901647075,0.00045034998854698305,0.011385199240986715,0.8499825651608839,-0.04015747501527667,0.39089184060721055,0.8908704726480821,0.000730432471921505,0.024667931688804552,0.8959708861640094,0.005830845987848887,0.07210626185958253,0.9009756306924718,0.010835590516311222,0.10056925996204932,0.8952416037834238,0.005101563607263215,0.06641366223908918,0.8916073825009789,0.001467342324818377,0.02656546489563567,0.8945806039992578,0.00444056382309721,0.03795066413662239,0.890250682141252,0.00011064196509147362,0.0018975332068311194,0.8991462331898967,0.009006193013736175,0.07590132827324478,0.8883248526375968,-0.0018151875385638006,0.16129032258064513,0.8912574899371621,0.0011174497610015877,0.02656546489563567,0.8902653952112888,0.00012535503512822732,0.0037950664136622387,RTYTYEKL,0.010835590516311222,HIYEFPQL,-0.04015747501527667
173,AV16/DV11-CAMREGNYANKMIF-AJ47_BV13-2-CASGDFQYEQYF-BJ2-7,5,multi-specific,"['SNYLFTKL', 'SSYTFPKM', 'VIVRFLTV']",3,"[0.2867036011080332, 0.1772853185595568, 0.3310249307479224]",VIVRFLTV,0.3310249307479224,SNYLFTKL,0.33098591549295775,False,"['SNYLFTKL', 'SSYTFPKM', 'VIVRFLTV']",3,"['ATLVFHNL', 'HIYEFPQL', 'INFDFPKL', 'RAYLFNSV', 'RTYTYEKL', 'SVYVYKVL', 'VAFDFTKV', 'VGPRYTNL', 'VSFTYRYL', 'SYFPEITHI']",8.0,0.0,[ 0.6  1.2  2.4  6.4  5.4 41.4 25.6  2.4  0.6  6.8 47.8  3.8  0. ],0.9895032426649575,0.0012889367566257903,0.8874891463026771,0.8880734312880711,0.0005842849853940901,0.0041551246537396115,0.8875782638595033,8.91175568262792e-05,0.008310249307479223,0.889384614275523,0.001895467972845899,0.016620498614958446,0.8889180945222245,0.0014289482195474212,0.0443213296398892,0.8882824990850102,0.0007933527823331676,0.03739612188365651,0.921540194258824,0.034051047956146996,0.2867036011080332,0.9007823748565726,0.013293228553895586,0.1772853185595568,0.8874927105423481,3.5642396710722224e-06,0.016620498614958446,0.8875293268689642,4.018056628718458e-05,0.0041551246537396115,0.8881841410396666,0.0006949947369895293,0.047091412742382266,0.9200071372823413,0.032517990979664235,0.3310249307479224,0.8883070487111727,0.0008179024084956632,0.02631578947368421,0.8874891463026773,2.220446049250313e-16,0.0,SNYLFTKL,0.034051047956146996,SSYTFPKM,0.013293228553895586
174,AV16D/DV11-CAMRNYAQGLTF-AJ26_BV13-2-CASGGGGGEQYF-BJ2-7,5,multi-specific,"['RAYLFNSV', 'RTYTYEKL', 'SNYLFTKL', 'VGPRYTNL', 'VIVRFLTV']",5,"[0.11755725190839694, 0.11755725190839694, 0.13129770992366413, 0.17557251908396945, 0.15267175572519084]",VGPRYTNL,0.17557251908396945,VIVRFLTV,0.16393442622950818,False,"['INFDFPKL', 'RAYLFNSV', 'RTYTYEKL', 'SNYLFTKL', 'SVYVYKVL', 'VGPRYTNL', 'VIVRFLTV', 'VSFTYRYL']",8,"['ATLVFHNL', 'HIYEFPQL', 'SSYTFPKM', 'VAFDFTKV', 'SYFPEITHI']",13.399999999999977,1.0,[ 2.6  5.   8.2 15.4 15.4 17.2  5.6  8.   2.  23.  20.   7.6  1. ],0.9821237086506626,0.00286142273327672,0.8717884165125322,0.8721088432134689,0.00032042670093668235,0.01984732824427481,0.8765487939497059,0.004760377437173613,0.03816793893129771,0.8802636159221475,0.008475199409615275,0.06259541984732823,0.9015174441580275,0.029729027645495232,0.11755725190839694,0.8621043042192943,-0.009684112293237956,0.11755725190839694,0.8779266922009408,0.006138275688408523,0.13129770992366413,0.8751872728355827,0.003398856323050481,0.042748091603053436,0.8744340071679652,0.0026455906554329056,0.061068702290076333,0.8724764941744251,0.0006880776618928275,0.015267175572519083,0.8552305828328693,-0.016557833679662903,0.17557251908396945,0.8432749151365396,-0.028513501375992623,0.15267175572519084,0.8774676672334474,0.00567925072091513,0.05801526717557252,0.8718994663927416,0.00011104988020937956,0.007633587786259542,RAYLFNSV,0.029729027645495232,VIVRFLTV,-0.028513501375992623
175,AV6-1-CVLVPSSGSWQLIF-AJ22_BV13-3-CASSDQNSDYTF-BJ1-2,7,multi-specific,"['RAYLFNSV', 'VGPRYTNL', 'VIVRFLTV']",3,"[0.08067729083665337, 0.5916334661354581, 0.08864541832669322]",VGPRYTNL,0.5916334661354581,VGPRYTNL,0.4895833333333333,True,"['RAYLFNSV', 'RTYTYEKL', 'VGPRYTNL', 'VIVRFLTV']",4,"['ATLVFHNL', 'HIYEFPQL', 'INFDFPKL', 'SNYLFTKL', 'SSYTFPKM', 'SVYVYKVL', 'VAFDFTKV', 'VSFTYRYL', 'SYFPEITHI']",9.0,0.7142857142857143,"[ 1.85714286  1.42857143  2.57142857 11.57142857  7.28571429  6.71428571
  3.28571429  2.85714286  0.42857143 84.85714286 12.71428571  7.14285714
  0.71428571]",-0.21037963888093197,0.6506993716695145,0.8709789653942833,0.8713185445365068,0.0003395791422234895,0.01294820717131474,0.8713715248012587,0.00039255940697535685,0.0099601593625498,0.8715765889055819,0.0005976235112985506,0.01792828685258964,0.9110067500922399,0.04002778469795654,0.08067729083665337,0.8742011312387377,0.003222165844454339,0.05079681274900398,0.8821302396339781,0.011151274239694753,0.04681274900398406,0.8723503293396352,0.0013713639453518667,0.02290836653386454,0.8736158687645028,0.00263690337021949,0.0199203187250996,0.8715815071839701,0.0006025417896867724,0.0029880478087649398,0.7860045723200608,-0.0849743930742225,0.5916334661354581,0.885799137846111,0.014820172451827651,0.08864541832669322,0.8882293719828824,0.01725040658859911,0.049800796812749,0.8710417596455594,6.279425127608818e-05,0.0049800796812749,RAYLFNSV,0.04002778469795654,VGPRYTNL,-0.0849743930742225
176,AV6-6-CALAGNQGGSAKLIF-AJ57_BV19-CASRIFSGGGNERLFF-BJ1-4,5,multi-specific,"['INFDFPKL', 'RAYLFNSV', 'RTYTYEKL', 'SNYLFTKL', 'VGPRYTNL', 'VIVRFLTV']",6,"[0.08453237410071944, 0.14568345323741008, 0.11510791366906477, 0.1169064748201439, 0.16726618705035975, 0.16726618705035975]",VGPRYTNL,0.16726618705035975,VGPRYTNL,0.21978021978021978,True,"['INFDFPKL', 'RAYLFNSV', 'RTYTYEKL', 'SNYLFTKL', 'SVYVYKVL', 'VGPRYTNL', 'VIVRFLTV', 'VSFTYRYL']",8,"['ATLVFHNL', 'HIYEFPQL', 'SSYTFPKM', 'VAFDFTKV', 'SYFPEITHI']",6.799999999999997,0.4,[ 3.2  3.8  9.4 16.2 12.8 13.   2.6  5.6  1.  18.6 18.6  6.   0.4],0.7071353325181903,0.18166440910545614,0.858318228798723,0.8618044351054766,0.0034862063067535587,0.028776978417266192,0.8623910309953621,0.00407280219663908,0.0341726618705036,0.9065259254422735,0.04820769664355051,0.08453237410071944,0.8537314699942714,-0.004586758804451585,0.14568345323741008,0.8644759684666292,0.006157739667906226,0.11510791366906477,0.8531201839375273,-0.005198044861195683,0.1169064748201439,0.8595772672672062,0.0012590384684831868,0.02338129496402878,0.8651375841508214,0.006819355352098433,0.050359712230215826,0.85898366885312,0.0006654400543970596,0.008992805755395685,0.839503299837061,-0.018814928961662036,0.16726618705035975,0.8318438629911474,-0.02647436580757556,0.16726618705035975,0.8574948472729108,-0.0008233815258121835,0.053956834532374105,0.8588232202339663,0.000504991435243296,0.003597122302158274,INFDFPKL,0.04820769664355051,VIVRFLTV,-0.02647436580757556
177,AV16D/DV11-CAMREGNYGNEKITF-AJ48_BV1-CTCSRDRANSDYTF-BJ1-2,5,multi-specific,"['RAYLFNSV', 'RTYTYEKL', 'SNYLFTKL', 'VGPRYTNL', 'VIVRFLTV']",5,"[0.450199203187251, 0.08764940239043825, 0.0796812749003984, 0.08764940239043825, 0.11155378486055775]",RAYLFNSV,0.450199203187251,RAYLFNSV,0.358974358974359,True,"['RAYLFNSV', 'RTYTYEKL', 'SNYLFTKL', 'VGPRYTNL', 'VIVRFLTV', 'VSFTYRYL']",6,"['ATLVFHNL', 'HIYEFPQL', 'INFDFPKL', 'SSYTFPKM', 'SVYVYKVL', 'VAFDFTKV', 'SYFPEITHI']",3.0,0.6,[ 0.4  1.2  1.4 22.6  4.4  4.   0.8  1.8  0.2  4.4  5.6  2.8  0.6],0.4439937735062003,0.4538549437717202,0.8565216084243857,0.8570124459196796,0.0004908374952938832,0.00796812749003984,0.8655185866929248,0.008996978268539069,0.023904382470119518,0.8584553995545031,0.0019337911301173794,0.02788844621513944,0.7671183367647864,-0.08940327165959938,0.450199203187251,0.8643696904230012,0.00784808199861542,0.08764940239043825,0.8760127513706996,0.019491142946313822,0.0796812749003984,0.8582943867704905,0.0017727783461047864,0.01593625498007968,0.8610053096043904,0.004483701180004629,0.03585657370517928,0.857100560893817,0.0005789524694312931,0.00398406374501992,0.8589154896445649,0.0023938812201791393,0.08764940239043825,0.8711982960999439,0.014676687675558187,0.11155378486055775,0.8798617341093495,0.023340125684963797,0.05577689243027888,0.8569148932691677,0.00039328484478196035,0.011952191235059759,VSFTYRYL,0.023340125684963797,RAYLFNSV,-0.08940327165959938
178,AV14-1-CAARGDNNRIFF-AJ31_BV1-CTCSANRVDNQAPLF-BJ1-5,5,multi-specific,"['RAYLFNSV', 'RTYTYEKL', 'SNYLFTKL', 'VGPRYTNL', 'VIVRFLTV', 'VSFTYRYL']",6,"[0.39316239316239326, 0.09615384615384619, 0.0790598290598291, 0.09401709401709406, 0.11324786324786329, 0.059829059829059845]",RAYLFNSV,0.39316239316239326,RAYLFNSV,0.4430379746835443,True,"['RAYLFNSV', 'RTYTYEKL', 'SNYLFTKL', 'SVYVYKVL', 'VGPRYTNL', 'VIVRFLTV', 'VSFTYRYL']",7,"['ATLVFHNL', 'HIYEFPQL', 'INFDFPKL', 'SSYTFPKM', 'VAFDFTKV', 'SYFPEITHI']",5.0,0.6,[ 1.   3.4  2.8 36.8  9.   7.4  1.6  4.8  1.2  8.8 10.6  5.6  0.6],-0.11457800099726767,0.854434589499339,0.8541814189207206,0.8546182711778247,0.00043685225710410336,0.010683760683760687,0.8621452057013574,0.007963786780636806,0.036324786324786335,0.8578084510634485,0.0036270321427278596,0.029914529914529923,0.7132436989181892,-0.14093772000253146,0.39316239316239326,0.8714598483486176,0.017278429427896924,0.09615384615384619,0.8639647249168169,0.009783305996096225,0.0790598290598291,0.8595624462645073,0.0053810273437866485,0.017094017094017103,0.854838301664113,0.000656882743392373,0.0512820512820513,0.8548086358825151,0.0006272169617944634,0.012820512820512825,0.8734328861692704,0.01925146724854976,0.09401709401709406,0.8696497865799371,0.015468367659216442,0.11324786324786329,0.8623328586837612,0.008151439763040558,0.059829059829059845,0.8548300967463074,0.000648677825586752,0.006410256410256413,VGPRYTNL,0.01925146724854976,RAYLFNSV,-0.14093772000253146
179,AV5-1-CSASVDYAQGLTF-AJ26_BV31-CAWSPGTQNTLYF-BJ2-4,30,multi-specific,"['RAYLFNSV', 'RTYTYEKL', 'SNYLFTKL', 'VGPRYTNL', 'VIVRFLTV']",5,"[0.1014367816091954, 0.08304597701149424, 0.31551724137931036, 0.15287356321839082, 0.17413793103448275]",SNYLFTKL,0.31551724137931036,SNYLFTKL,0.3492063492063492,True,"['RAYLFNSV', 'RTYTYEKL', 'SNYLFTKL', 'VGPRYTNL', 'VIVRFLTV']",5,"['ATLVFHNL', 'HIYEFPQL', 'INFDFPKL', 'SSYTFPKM', 'SVYVYKVL', 'VAFDFTKV', 'VSFTYRYL', 'SYFPEITHI']",8.0,0.36666666666666664,"[ 1.53333333  1.96666667  3.86666667 11.76666667  9.63333333 36.6
  2.06666667  4.4         1.3        17.73333333 20.2         4.56666667
  0.36666667]",0.408505603213368,0.02501286296374018,0.8540298569673781,0.8553002140393967,0.001270357072018613,0.013218390804597703,0.8544969177849979,0.0004670608176198243,0.016954022988505745,0.857576654526803,0.0035467975594248857,0.03333333333333333,0.8566567311880204,0.002626874220642339,0.1014367816091954,0.8671028180153108,0.013072961047932652,0.08304597701149424,0.8204471895890333,-0.03358266737834481,0.31551724137931036,0.8544151546590495,0.0003852976916713935,0.01781609195402299,0.8567503013810337,0.0027204444136555983,0.03793103448275863,0.8550291015675123,0.0009992446001342303,0.011206896551724138,0.8981702724060635,0.04414041543868541,0.15287356321839082,0.8703567901892358,0.016326933221857742,0.17413793103448275,0.8563646910200302,0.0023348340526521127,0.03936781609195402,0.8545749117476586,0.0005450547802805517,0.003160919540229885,VGPRYTNL,0.04414041543868541,SNYLFTKL,-0.03358266737834481
180,AV13D-1-CAMEGSGTYQRF-AJ13_BV13-2-CASGDRDREDTQYF-BJ2-5,5,multi-specific,"['VGPRYTNL', 'VIVRFLTV', 'VSFTYRYL']",3,"[0.11386861313868613, 0.32116788321167883, 0.10656934306569343]",VIVRFLTV,0.32116788321167883,VIVRFLTV,0.33620689655172414,True,"['RAYLFNSV', 'RTYTYEKL', 'SNYLFTKL', 'VGPRYTNL', 'VIVRFLTV', 'VSFTYRYL']",6,"['ATLVFHNL', 'HIYEFPQL', 'INFDFPKL', 'SSYTFPKM', 'SVYVYKVL', 'VAFDFTKV', 'SYFPEITHI']",13.0,0.2,[ 5.8  3.2  5.8 13.   9.8  7.   5.4  6.   6.6 15.6 44.  14.6  0.2],0.7639278818575974,0.13270603351519344,0.8532484927990932,0.8566489789805237,0.0034004861814305176,0.042335766423357665,0.8537131545109151,0.00046466171182191207,0.023357664233576644,0.8605024449710363,0.007253952171943134,0.042335766423357665,0.8649027221945987,0.011654229395505533,0.0948905109489051,0.8543418479595237,0.0010933551604305203,0.07153284671532847,0.8585338863874356,0.005285393588342346,0.051094890510948905,0.8545511074695581,0.0013026146704648855,0.03941605839416059,0.8529617332245965,-0.00028675957449675327,0.043795620437956206,0.8555526664656272,0.002304173666534015,0.04817518248175182,0.843888643817633,-0.00935984898146025,0.11386861313868613,0.8533628073745737,0.00011431457548050084,0.32116788321167883,0.8590447717439792,0.005796278944885991,0.10656934306569343,0.8535164787249837,0.0002679859258905015,0.0014598540145985403,RAYLFNSV,0.011654229395505533,VGPRYTNL,-0.00935984898146025
181,AV3-4-CAVSESGFASALTF-AJ35_BV19-CASSMTLSGNTLYF-BJ1-3,5,multi-specific,"['INFDFPKL', 'RAYLFNSV', 'RTYTYEKL', 'SNYLFTKL', 'VGPRYTNL', 'VIVRFLTV']",6,"[0.08563535911602209, 0.08701657458563535, 0.1464088397790055, 0.10359116022099446, 0.14502762430939226, 0.20441988950276244]",VIVRFLTV,0.20441988950276244,VIVRFLTV,0.2,True,"['INFDFPKL', 'RAYLFNSV', 'RTYTYEKL', 'SNYLFTKL', 'VGPRYTNL', 'VIVRFLTV', 'VSFTYRYL']",7,"['ATLVFHNL', 'HIYEFPQL', 'SSYTFPKM', 'SVYVYKVL', 'VAFDFTKV', 'SYFPEITHI']",11.749999999999986,0.8,[ 2.4  5.8 12.4 12.6 21.2 15.   3.6  6.8  2.4 21.  29.6 11.2  0.8],0.7427728459322933,0.15041752615348858,0.8488699043406649,0.8488850918053389,1.5187464673993567e-05,0.016574585635359115,0.8538336342165331,0.004963729875868239,0.040055248618784525,0.8851421762602936,0.036272271919628674,0.08563535911602209,0.8481290468213828,-0.000740857519282101,0.08701657458563535,0.8553376466365842,0.006467742295919288,0.1464088397790055,0.868178043274988,0.01930813893432315,0.10359116022099446,0.8511624927410993,0.0022925884004344477,0.024861878453038673,0.8505320586946702,0.0016621543540052963,0.04696132596685083,0.8505326806086557,0.0016627762679908287,0.016574585635359115,0.8388568958370286,-0.01001300850363629,0.14502762430939226,0.7818488277626481,-0.06702107657801681,0.20441988950276244,0.8510306295572198,0.0021607252165548596,0.07734806629834252,0.8489665552393963,9.665089873145405e-05,0.0055248618784530384,INFDFPKL,0.036272271919628674,VIVRFLTV,-0.06702107657801681
182,AV8D-2-CATVGNRIFF-AJ31_BV1-CTCSAVRISNERLFF-BJ1-4,21,multi-specific,"['RAYLFNSV', 'RTYTYEKL', 'SNYLFTKL', 'VGPRYTNL', 'VIVRFLTV']",5,"[0.5022143489813995, 0.10806023029229406, 0.05550634780041335, 0.07204015352819604, 0.13020372010628875]",RAYLFNSV,0.5022143489813995,RAYLFNSV,0.5396825396825397,True,"['RAYLFNSV', 'RTYTYEKL', 'SNYLFTKL', 'VGPRYTNL', 'VIVRFLTV']",5,"['ATLVFHNL', 'HIYEFPQL', 'INFDFPKL', 'SSYTFPKM', 'SVYVYKVL', 'VAFDFTKV', 'VSFTYRYL', 'SYFPEITHI']",8.0,0.6190476190476191,"[ 0.85714286  2.14285714  4.76190476 81.         17.42857143  8.95238095
  3.19047619  4.66666667  0.95238095 11.61904762 21.          4.0952381
  0.61904762]",0.2386863844499457,0.29742144775424517,0.8447263561271233,0.8452369101024994,0.0005105539753760269,0.005314437555358724,0.8452163444954723,0.0004899883683490147,0.013286093888396812,0.8450529471939234,0.0003265910668001082,0.029524653085326247,0.8137563612279488,-0.030969994899174513,0.5022143489813995,0.8984992691675463,0.053772913040422976,0.10806023029229406,0.846562903595052,0.0018365474679287175,0.05550634780041335,0.8462133844704579,0.0014870283433345843,0.01978151756716859,0.8478152327054436,0.003088876578320243,0.028934160023619725,0.8451102022077077,0.0003838460805843935,0.00590493061706525,0.856265421367386,0.011539065240262714,0.07204015352819604,0.8857776911690698,0.04105133504194647,0.13020372010628875,0.8468424310190809,0.002116074891957531,0.02539120165338057,0.8449805340217168,0.00025417789459347695,0.0038382049010924125,RTYTYEKL,0.053772913040422976,RAYLFNSV,-0.030969994899174513
183,AV7-5-CAMSLFNNYAQGLTF-AJ26_BV5-CASSQDGTEEVFF-BJ1-1,15,multi-specific,"['ATLVFHNL', 'RAYLFNSV', 'VIVRFLTV']",3,"[0.11131725417439703, 0.08534322820037105, 0.35745207173778604]",VIVRFLTV,0.35745207173778604,VIVRFLTV,0.38461538461538464,True,"['ATLVFHNL', 'RAYLFNSV', 'RTYTYEKL', 'SNYLFTKL', 'VGPRYTNL', 'VIVRFLTV', 'VSFTYRYL']",7,"['HIYEFPQL', 'INFDFPKL', 'SSYTFPKM', 'SVYVYKVL', 'VAFDFTKV', 'SYFPEITHI']",9.0,0.2,"[12.          3.06666667  4.26666667  9.2         8.53333333  6.26666667
  2.26666667  3.33333333  4.46666667  7.26666667 38.53333333  8.4
  0.2       ]",-0.1317595988947445,0.6397262035716725,0.8420843721372051,0.8448195262607914,0.0027351541235862697,0.11131725417439703,0.844927439862677,0.002843067725471937,0.028447742733457022,0.8447327528394063,0.002648380702201192,0.039579468150896725,0.8511517554873723,0.009067383350167213,0.08534322820037105,0.8591176898072607,0.01703331767005556,0.07915893630179345,0.85111949067862,0.009035118541414922,0.05813234384662956,0.8436144310688575,0.0015300589316523672,0.021026592455163882,0.8446400052408958,0.0025556331036906688,0.030921459492888066,0.8451608164194999,0.00307644428229481,0.04143475572047001,0.8584155779762858,0.016331205839080654,0.06740878169449598,0.7185330016720347,-0.1235513704651704,0.35745207173778604,0.8505390867107219,0.008454714573516764,0.07792207792207793,0.8423064991949542,0.00022212705774904418,0.001855287569573284,RTYTYEKL,0.01703331767005556,VIVRFLTV,-0.1235513704651704
184,AV15-2/DV6-2-CALSELPGSNAKLTF-AJ42_BV13-2-CASGRGAGNTLYF-BJ1-3,8,multi-specific,"['RAYLFNSV', 'RTYTYEKL', 'SNYLFTKL', 'SVYVYKVL', 'VGPRYTNL', 'VIVRFLTV']",6,"[0.06621621621621622, 0.07432432432432433, 0.3810810810810811, 0.22567567567567567, 0.05810810810810811, 0.08648648648648649]",SNYLFTKL,0.3810810810810811,SNYLFTKL,0.4050632911392405,True,"['RAYLFNSV', 'RTYTYEKL', 'SNYLFTKL', 'SVYVYKVL', 'VGPRYTNL', 'VIVRFLTV']",6,"['ATLVFHNL', 'HIYEFPQL', 'INFDFPKL', 'SSYTFPKM', 'VAFDFTKV', 'VSFTYRYL', 'SYFPEITHI']",5.25,0.25,"[ 1.75   2.375  2.     6.125  6.875 35.25   1.375 20.875  0.125  5.375
  8.     2.125  0.25 ]",0.6426139931651477,0.08571592363484606,0.8371884913280676,0.8383987383654069,0.001210247037339296,0.01891891891891892,0.8644260281509076,0.027237536822840025,0.025675675675675677,0.8374469079228772,0.00025841659480962953,0.021621621621621623,0.8364607346898649,-0.0007277566382026812,0.06621621621621622,0.8426552209220146,0.005466729593947006,0.07432432432432433,0.7925301146538792,-0.04465837667418837,0.3810810810810811,0.8383993395446494,0.0012108482165817946,0.014864864864864866,0.8534642574748746,0.016275766146807036,0.22567567567567567,0.837296443401495,0.00010795207342739754,0.0013513513513513514,0.8432679335029658,0.0060794421748981975,0.05810810810810811,0.8448331393347568,0.007644648006689181,0.08648648648648649,0.8406964105328097,0.003507919204742138,0.022972972972972974,0.8373385198938142,0.00015002856574664047,0.002702702702702703,SVYVYKVL,0.016275766146807036,SNYLFTKL,-0.04465837667418837
185,AV3-1-CAVSAGTNAYKVIF-AJ30_BV13-2-CASGTGGGNTLYF-BJ1-3,6,multi-specific,"['RTYTYEKL', 'SNYLFTKL', 'SSYTFPKM']",3,"[0.15625, 0.10416666666666667, 0.5625]",SSYTFPKM,0.5625,SSYTFPKM,0.76,True,"['RTYTYEKL', 'SNYLFTKL', 'SSYTFPKM']",3,"['ATLVFHNL', 'HIYEFPQL', 'INFDFPKL', 'RAYLFNSV', 'SVYVYKVL', 'VAFDFTKV', 'VGPRYTNL', 'VIVRFLTV', 'VSFTYRYL', 'SYFPEITHI']",1.0,0.0,"[0.         0.33333333 0.16666667 0.16666667 2.5        1.66666667
 9.         0.5        0.33333333 0.33333333 0.66666667 0.33333333
 0.        ]",-0.3859868861545592,0.44977296800195943,0.8366193014337855,0.8366193014337856,1.1102230246251565e-16,0.0,0.838652295860616,0.00203299442683047,0.020833333333333332,0.8380767038681387,0.0014574024343532166,0.010416666666666666,0.8375980977156715,0.0009787962818860185,0.010416666666666666,0.890203939599007,0.05358463816522152,0.15625,0.8764318474955576,0.03981254606177209,0.10416666666666667,0.39508722068637947,-0.441532080747406,0.5625,0.8429781232515301,0.006358821817744609,0.03125,0.8393143133803703,0.0026950119465848354,0.020833333333333332,0.838876437594786,0.002257136161000539,0.020833333333333332,0.8438675780584932,0.007248276624707728,0.041666666666666664,0.8382424459245649,0.0016231444907793824,0.020833333333333332,0.8366193014337855,0.0,0.0,RTYTYEKL,0.05358463816522152,SSYTFPKM,-0.441532080747406
186,AV6D-7-CALSDMGYKLTF-AJ9_BV13-2-CASGDVDSYNSPLYF-BJ1-6,5,multi-specific,"['RAYLFNSV', 'RTYTYEKL', 'SNYLFTKL', 'SVYVYKVL', 'VGPRYTNL', 'VIVRFLTV']",6,"[0.11960784313725491, 0.11960784313725491, 0.10980392156862746, 0.14117647058823532, 0.1235294117647059, 0.15490196078431376]",VIVRFLTV,0.15490196078431376,RAYLFNSV,0.16666666666666666,False,"['RAYLFNSV', 'RTYTYEKL', 'SNYLFTKL', 'SVYVYKVL', 'VGPRYTNL', 'VIVRFLTV', 'VSFTYRYL']",7,"['ATLVFHNL', 'HIYEFPQL', 'INFDFPKL', 'SSYTFPKM', 'VAFDFTKV', 'SYFPEITHI']",8.099999999999994,0.4,[ 3.6  3.6  3.6 12.2 12.2 11.2  5.  14.4  0.8 12.6 15.8  6.6  0.4],0.9339325615948331,0.020181976923694177,0.8346000554223248,0.8378211441563301,0.003221088734005284,0.03529411764705883,0.8529399615134979,0.018339906091173086,0.03529411764705883,0.8351639969537711,0.0005639415314462326,0.03529411764705883,0.8561263670365411,0.021526311614216254,0.11960784313725491,0.8395625597326271,0.004962504310302207,0.11960784313725491,0.8303996859810645,-0.004200369441260343,0.10980392156862746,0.8342169385785854,-0.00038311684373948385,0.04901960784313726,0.8071466249597832,-0.027453430462541673,0.14117647058823532,0.8347779183831483,0.00017786296082344943,0.007843137254901962,0.8320174934741026,-0.0025825619482222617,0.1235294117647059,0.8084156359971237,-0.02618441942520111,0.15490196078431376,0.8485834885365945,0.013983433114269639,0.06470588235294118,0.8352580412347891,0.0006579858124642346,0.003921568627450981,RAYLFNSV,0.021526311614216254,SVYVYKVL,-0.027453430462541673
187,AV16/DV11-CAMREGNTGYQNFYF-AJ49_BV13-2-CASGRGAGNTLYF-BJ1-3,10,multi-specific,"['RAYLFNSV', 'RTYTYEKL', 'SNYLFTKL', 'SVYVYKVL', 'VIVRFLTV']",5,"[0.07155025553662692, 0.08347529812606473, 0.3424190800681431, 0.20442930153321975, 0.13287904599659284]",SNYLFTKL,0.3424190800681431,SNYLFTKL,0.3595505617977528,True,"['RAYLFNSV', 'RTYTYEKL', 'SNYLFTKL', 'SVYVYKVL', 'VGPRYTNL', 'VIVRFLTV']",6,"['ATLVFHNL', 'HIYEFPQL', 'INFDFPKL', 'SSYTFPKM', 'VAFDFTKV', 'VSFTYRYL', 'SYFPEITHI']",4.0,0.2,[ 1.   0.9  1.9  4.2  4.9 20.1  0.4 12.   0.2  3.5  7.8  1.6  0.2],0.15890567041072948,0.6610390696382,0.8341423225243263,0.8351013618750197,0.0009590393506934136,0.017035775127768313,0.835053689351113,0.0009113668267867192,0.015332197614991482,0.8347712760780845,0.0006289535537582491,0.03236797274275979,0.8499955635730413,0.015853241048714994,0.07155025553662692,0.8361586582753704,0.002016335751044096,0.08347529812606473,0.7850203015509142,-0.04912202097341212,0.3424190800681431,0.8348741844297383,0.0007318619054119679,0.0068143100511073255,0.8230199473250763,-0.011122375199249968,0.20442930153321975,0.8342094175292952,6.709500496893117e-05,0.0034071550255536627,0.8369477205312718,0.0028053980069454587,0.059625212947189095,0.8741056919447462,0.03996336942041989,0.13287904599659284,0.8431806887244261,0.00903836620009979,0.027257240204429302,0.8343265296065913,0.0001842070822649644,0.0034071550255536627,VIVRFLTV,0.03996336942041989,SNYLFTKL,-0.04912202097341212
188,AV4-3-CAADYQGGSAKLIF-AJ57_BV2-CASSQERLLGGAETLYF-BJ2-3,7,multi-specific,"['RAYLFNSV', 'RTYTYEKL', 'VIVRFLTV', 'VSFTYRYL']",4,"[0.08113207547169812, 0.0849056603773585, 0.13018867924528305, 0.41509433962264153]",VSFTYRYL,0.41509433962264153,VSFTYRYL,0.36507936507936506,True,"['RAYLFNSV', 'RTYTYEKL', 'SNYLFTKL', 'VGPRYTNL', 'VIVRFLTV', 'VSFTYRYL']",6,"['ATLVFHNL', 'HIYEFPQL', 'INFDFPKL', 'SSYTFPKM', 'SVYVYKVL', 'VAFDFTKV', 'SYFPEITHI']",5.599999999999994,0.7142857142857143,"[ 1.57142857  2.85714286  3.42857143  6.14285714  6.42857143  4.85714286
  1.          2.28571429  0.71428571  4.42857143  9.85714286 31.42857143
  0.71428571]",0.018039455482434234,0.9693802519556558,0.833159591560102,0.8347514900069873,0.0015918984468853425,0.020754716981132078,0.8351953914013107,0.0020357998412087186,0.03773584905660378,0.8365024577193748,0.003342866159272817,0.04528301886792453,0.8357852621782003,0.0026256706180982636,0.08113207547169812,0.8416932328293149,0.008533641269212855,0.0849056603773585,0.8379388685437945,0.004779276983692515,0.06415094339622641,0.833482252341683,0.00032266078158105227,0.013207547169811321,0.8327368150427263,-0.0004227765173756559,0.03018867924528302,0.8345223232449093,0.0013627316848072724,0.009433962264150945,0.8374566364799423,0.004297044919840287,0.05849056603773586,0.8573445814095626,0.024184989849460603,0.13018867924528305,0.7549403693814107,-0.07821922217869126,0.41509433962264153,0.8338881236421888,0.0007285320820867858,0.009433962264150945,VIVRFLTV,0.024184989849460603,VSFTYRYL,-0.07821922217869126
189,AV12-2-CALNTGYQNFYF-AJ49_BV13-1-CASSDAGGYEQYF-BJ2-7,13,multi-specific,"['RAYLFNSV', 'RTYTYEKL', 'SNYLFTKL', 'VGPRYTNL', 'VIVRFLTV']",5,"[0.1150997150997151, 0.15555555555555556, 0.24444444444444444, 0.10028490028490028, 0.1772079772079772]",SNYLFTKL,0.24444444444444444,SNYLFTKL,0.3142857142857143,True,"['RAYLFNSV', 'RTYTYEKL', 'SNYLFTKL', 'VGPRYTNL', 'VIVRFLTV']",5,"['ATLVFHNL', 'HIYEFPQL', 'INFDFPKL', 'SSYTFPKM', 'SVYVYKVL', 'VAFDFTKV', 'VSFTYRYL', 'SYFPEITHI']",12.699999999999989,0.6923076923076923,"[ 1.61538462  2.69230769  5.69230769 15.53846154 21.         33.
  3.          6.53846154  1.76923077 13.53846154 23.92307692  6.
  0.69230769]",0.6594237028502028,0.014209095093195333,0.8282122137130088,0.8284017634589873,0.00018954974597851226,0.011965811965811967,0.8302410439268119,0.002028830213803068,0.019943019943019946,0.8295033254543588,0.0012911117413499928,0.042165242165242166,0.8284879648868341,0.00027575117382527825,0.1150997150997151,0.8541688333731806,0.02595661966017182,0.15555555555555556,0.8640127823499387,0.03580056863692993,0.24444444444444444,0.8301585494727818,0.001946335759772988,0.022222222222222223,0.8347747513472807,0.006562537634271948,0.04843304843304843,0.8288244370772878,0.0006122233642790187,0.013105413105413105,0.8305607091296409,0.002348495416632068,0.10028490028490028,0.846280330834521,0.01806811712151224,0.1772079772079772,0.83012041406687,0.0019082003538611891,0.044444444444444446,0.8282818683845343,6.965467152553195e-05,0.005128205128205128,SNYLFTKL,0.03580056863692993,RAYLFNSV,0.00027575117382527825
190,AV6D-6-CALSDRGTNTGKLTF-AJ27_BV29-CASTPGLQDTQYF-BJ2-5,6,multi-specific,"['RAYLFNSV', 'RTYTYEKL', 'VGPRYTNL', 'VIVRFLTV', 'VSFTYRYL']",5,"[0.08127721335268506, 0.10449927431059507, 0.10159651669085631, 0.22496371552975328, 0.14078374455732948]",VIVRFLTV,0.22496371552975328,VIVRFLTV,0.295,True,"['INFDFPKL', 'RAYLFNSV', 'RTYTYEKL', 'SNYLFTKL', 'SVYVYKVL', 'VGPRYTNL', 'VIVRFLTV', 'VSFTYRYL']",8,"['ATLVFHNL', 'HIYEFPQL', 'SSYTFPKM', 'VAFDFTKV', 'SYFPEITHI']",8.549999999999997,0.0,"[ 2.66666667  5.33333333  8.33333333  9.33333333 12.          7.5
  4.33333333  7.83333333  3.83333333 11.66666667 25.83333333 16.16666667
  0.        ]",0.6751253614616869,0.1411710879443661,0.827873116176208,0.8286990211413013,0.0008259049650933825,0.023222060957910014,0.8363731131137655,0.008499996937557541,0.04644412191582003,0.8374640451102793,0.009590928934071319,0.0725689404934688,0.8324079348153538,0.004534818639145843,0.08127721335268506,0.8448298644958936,0.016956748319685633,0.10449927431059507,0.8308579455723718,0.002984829396163846,0.06531204644412192,0.8349562143184065,0.007083098142198541,0.03773584905660377,0.8313143294772221,0.003441213301014101,0.06821480406386067,0.8319137175049643,0.004040601328756388,0.03338171262699565,0.8308041570174861,0.002931040841278154,0.10159651669085631,0.7548811328522425,-0.0729919833239655,0.22496371552975328,0.8271565970815448,-0.0007165190946631927,0.14078374455732948,0.827873116176208,0.0,0.0,RTYTYEKL,0.016956748319685633,VIVRFLTV,-0.0729919833239655
191,AV16D/DV11-CAMRESSNTDKVVF-AJ34*p03_BV13-1-CASSDAPGREQYF-BJ2-7,8,multi-specific,"['RAYLFNSV', 'RTYTYEKL', 'VIVRFLTV']",3,"[0.2681660899653979, 0.0986159169550173, 0.3754325259515571]",VIVRFLTV,0.3754325259515571,VIVRFLTV,0.3,True,"['RAYLFNSV', 'RTYTYEKL', 'SNYLFTKL', 'SVYVYKVL', 'VIVRFLTV']",5,"['ATLVFHNL', 'HIYEFPQL', 'INFDFPKL', 'SSYTFPKM', 'VAFDFTKV', 'VGPRYTNL', 'VSFTYRYL', 'SYFPEITHI']",5.0,0.0,"[ 0.625  1.625  2.625 19.375  7.125  3.875  0.875  3.625  0.25   3.5
 27.125  1.625  0.   ]",0.5482020912355319,0.159490286444749,0.8271746260055194,0.8276094481969289,0.00043482219140955625,0.00865051903114187,0.8373824982046526,0.010207872199133217,0.02249134948096886,0.8392760549978899,0.012101428992370544,0.03633217993079585,0.8320113643764184,0.004836738370899041,0.2681660899653979,0.8396341778064472,0.012459551800927837,0.0986159169550173,0.8350275847182541,0.007852958712734726,0.05363321799307959,0.8276585253826937,0.00048389937717430165,0.012110726643598616,0.836328972882839,0.009154346877319641,0.050173010380622836,0.8284353104767604,0.001260684471241058,0.0034602076124567475,0.8403856303539269,0.013211004348407496,0.04844290657439446,0.7602008386450931,-0.06697378736042625,0.3754325259515571,0.8328433257725444,0.005668699767024998,0.02249134948096886,0.8271746260055192,-2.220446049250313e-16,0.0,RTYTYEKL,0.012459551800927837,VIVRFLTV,-0.06697378736042625
192,AV5-1-CSASNGAKLTF-AJ39_BV13-2-CASGDVTGGDSPLYF-BJ1-6,5,multi-specific,"['RAYLFNSV', 'RTYTYEKL', 'SNYLFTKL', 'SVYVYKVL', 'VGPRYTNL', 'VIVRFLTV', 'VSFTYRYL']",7,"[0.09064327485380118, 0.08479532163742691, 0.08479532163742691, 0.2923976608187135, 0.08187134502923978, 0.16081871345029242, 0.09649122807017545]",SVYVYKVL,0.2923976608187135,SVYVYKVL,0.2909090909090909,True,"['RAYLFNSV', 'RTYTYEKL', 'SNYLFTKL', 'SVYVYKVL', 'VGPRYTNL', 'VIVRFLTV', 'VSFTYRYL']",7,"['ATLVFHNL', 'HIYEFPQL', 'INFDFPKL', 'SSYTFPKM', 'VAFDFTKV', 'SYFPEITHI']",3.549999999999997,0.6,[ 1.6  2.2  1.2  6.2  5.8  5.8  1.4 20.   0.4  5.6 11.   6.6  0.6],-0.19857539442439134,0.748837557841618,0.8249959842033874,0.825033731257105,3.774705371761833e-05,0.02339181286549708,0.8318535205398643,0.006857536336476899,0.032163742690058485,0.8280611979738106,0.0030652137704232363,0.01754385964912281,0.8557254626583173,0.030729478454929904,0.09064327485380118,0.8205922404175464,-0.004403743785840963,0.08479532163742691,0.8433141449239597,0.018318160720572352,0.08479532163742691,0.8270102389724686,0.0020142547690812362,0.020467836257309944,0.7361261675806583,-0.08886981662272908,0.2923976608187135,0.8252073347124022,0.0002113505090147738,0.00584795321637427,0.832736785956809,0.007740801753421622,0.08187134502923978,0.7983792833464249,-0.02661670085696244,0.16081871345029242,0.870491017619918,0.045495033416530606,0.09649122807017545,0.8270988529094343,0.002102868706046923,0.008771929824561405,VSFTYRYL,0.045495033416530606,SVYVYKVL,-0.08886981662272908
193,AV16D/DV11-CAMREDQGGRALIF-AJ15_BV1-CTCSGQGALYEQYF-BJ2-7,9,multi-specific,"['RAYLFNSV', 'RTYTYEKL', 'VGPRYTNL', 'VIVRFLTV']",4,"[0.5657657657657658, 0.0810810810810811, 0.06666666666666667, 0.13513513513513517]",RAYLFNSV,0.5657657657657658,RAYLFNSV,0.5652173913043478,True,"['RAYLFNSV', 'RTYTYEKL', 'VGPRYTNL', 'VIVRFLTV']",4,"['ATLVFHNL', 'HIYEFPQL', 'INFDFPKL', 'SNYLFTKL', 'SSYTFPKM', 'SVYVYKVL', 'VAFDFTKV', 'VSFTYRYL', 'SYFPEITHI']",4.0,0.2222222222222222,"[ 0.11111111  0.55555556  1.33333333 34.88888889  5.          2.11111111
  0.66666667  2.44444444  0.          4.11111111  8.33333333  1.88888889
  0.22222222]",0.3220408772240088,0.3980304025969752,0.8239459852795351,0.8246775324243036,0.0007315471447685296,0.001801801801801802,0.8249629793964627,0.001016994116927572,0.00900900900900901,0.8250531183508324,0.0011071330712972838,0.021621621621621623,0.7415755208884625,-0.08237046439107265,0.5657657657657658,0.8325780308718304,0.008632045592295245,0.0810810810810811,0.8269394968595911,0.0029935115800560075,0.03423423423423424,0.8266787687535477,0.0027327834740126233,0.010810810810810811,0.8244783943551993,0.0005324090756642086,0.03963963963963965,0.8239459852795351,0.0,0.0,0.8353447526861577,0.0113987674066226,0.06666666666666667,0.8644823982015912,0.04053641292205612,0.13513513513513517,0.844599587911902,0.02065360263236693,0.030630630630630633,0.8241009577067009,0.0001549724271657782,0.003603603603603604,VIVRFLTV,0.04053641292205612,RAYLFNSV,-0.08237046439107265
194,AV16D/DV11-CAMREGDSNYQLIW-AJ33_BV13-2-CASGYRAPNSDYTF-BJ1-2,8,multi-specific,"['RAYLFNSV', 'VGPRYTNL', 'VIVRFLTV']",3,"[0.4403409090909091, 0.17897727272727273, 0.12642045454545456]",RAYLFNSV,0.4403409090909091,RAYLFNSV,0.47794117647058826,True,"['RAYLFNSV', 'RTYTYEKL', 'VGPRYTNL', 'VIVRFLTV']",4,"['ATLVFHNL', 'HIYEFPQL', 'INFDFPKL', 'SNYLFTKL', 'SSYTFPKM', 'SVYVYKVL', 'VAFDFTKV', 'VSFTYRYL', 'SYFPEITHI']",7.0,0.375,"[ 1.25   0.875  2.375 38.75   5.25   4.375  1.625  3.     0.375 15.75
 11.125  2.875  0.375]",0.7847002969861234,0.021094671914938898,0.8200416117258571,0.8203974385159511,0.00035582679009404927,0.014204545454545454,0.8202808889207386,0.00023927719488148202,0.009943181818181818,0.8219065844426506,0.0018649727167935337,0.026988636363636364,0.7463730651809667,-0.07366854654489041,0.4403409090909091,0.8212305583168432,0.0011889465909861174,0.05965909090909091,0.8258420910810068,0.0058004793551497125,0.04971590909090909,0.8211990855817376,0.0011574738558804976,0.018465909090909092,0.821470088973835,0.0014284772479778995,0.03409090909090909,0.8202045648288108,0.00016295310295366683,0.004261363636363636,0.9149494798218729,0.09490786809601581,0.17897727272727273,0.8287829339615689,0.00874132223571178,0.12642045454545456,0.8210774047936622,0.001035793067805102,0.032670454545454544,0.8200914926376948,4.988091183766308e-05,0.004261363636363636,VGPRYTNL,0.09490786809601581,RAYLFNSV,-0.07366854654489041
195,AV12-2-CALSDQPYANKMIF-AJ47_BV5-CASSQAGQNTEVFF-BJ1-1,5,multi-specific,"['INFDFPKL', 'RAYLFNSV', 'RTYTYEKL', 'SNYLFTKL', 'VGPRYTNL', 'VIVRFLTV', 'VSFTYRYL']",7,"[0.11384615384615385, 0.08923076923076922, 0.2676923076923077, 0.06461538461538462, 0.14461538461538462, 0.16923076923076924, 0.06461538461538462]",RTYTYEKL,0.2676923076923077,RTYTYEKL,0.2833333333333333,True,"['INFDFPKL', 'RAYLFNSV', 'RTYTYEKL', 'SNYLFTKL', 'VGPRYTNL', 'VIVRFLTV', 'VSFTYRYL']",7,"['ATLVFHNL', 'HIYEFPQL', 'SSYTFPKM', 'SVYVYKVL', 'VAFDFTKV', 'SYFPEITHI']",3.0,0.0,[ 0.2  1.6  7.4  5.8 17.4  4.2  1.   1.4  1.4  9.4 11.   4.2  0. ],-0.7195782059176455,0.1705620842154269,0.8139840953809909,0.8141097106648771,0.00012561528388621568,0.003076923076923077,0.8138928667543632,-9.122862662769293e-05,0.024615384615384615,0.8403751631186515,0.026391067737660534,0.11384615384615385,0.8133372996476836,-0.0006467957333072816,0.08923076923076922,0.8453074895724975,0.03132339419150654,0.2676923076923077,0.8165239234005908,0.0025398280195998435,0.06461538461538462,0.8148895295149166,0.0009054341339256311,0.015384615384615385,0.8150524929599887,0.0010683975789977929,0.021538461538461538,0.8154785111611836,0.001494415780192715,0.021538461538461538,0.810374464557437,-0.003609630823553922,0.14461538461538462,0.8080630697940985,-0.005921025586892448,0.16923076923076924,0.8220371675410503,0.008053072160059349,0.06461538461538462,0.8139840953809909,0.0,0.0,RTYTYEKL,0.03132339419150654,VIVRFLTV,-0.005921025586892448
196,AV16/DV11-CAMREGDTGYQNFYF-AJ49_BV1-CTCSADRAQDTQYF-BJ2-5,5,multi-specific,"['RAYLFNSV', 'SNYLFTKL', 'SVYVYKVL', 'VGPRYTNL', 'VIVRFLTV']",5,"[0.4254742547425474, 0.07046070460704608, 0.059620596205962065, 0.15176151761517614, 0.12466124661246612]",RAYLFNSV,0.4254742547425474,RAYLFNSV,0.25862068965517243,True,"['RAYLFNSV', 'RTYTYEKL', 'SNYLFTKL', 'SVYVYKVL', 'VGPRYTNL', 'VIVRFLTV']",6,"['ATLVFHNL', 'HIYEFPQL', 'INFDFPKL', 'SSYTFPKM', 'VAFDFTKV', 'VSFTYRYL', 'SYFPEITHI']",4.299999999999997,0.0,[ 0.6  3.4  2.2 31.4  3.8  5.2  0.6  4.4  0.2 11.2  9.2  1.6  0. ],0.08594247095940352,0.8907095016231765,0.809712631428669,0.8100090757021199,0.00029644427345087987,0.008130081300813009,0.8135556882751842,0.0038430568465152026,0.04607046070460705,0.8120082735597955,0.0022956421311265407,0.029810298102981032,0.7867129534148253,-0.022999678013843727,0.4254742547425474,0.8168037827568495,0.0070911513281805005,0.051490514905149054,0.8190003121361883,0.009287680707519286,0.07046070460704608,0.8105407307529839,0.0008280993243149348,0.008130081300813009,0.8075204759669597,-0.0021921554617092553,0.059620596205962065,0.8097295242270987,1.6892798429646305e-05,0.002710027100271003,0.8332895310653287,0.023576899636659654,0.15176151761517614,0.8568906556496554,0.04717802422098638,0.12466124661246612,0.8140138648744282,0.004301233445759167,0.021680216802168025,0.809712631428669,0.0,0.0,VIVRFLTV,0.04717802422098638,RAYLFNSV,-0.022999678013843727
197,AV19-CAADQGGSAKLIF-AJ57_BV20-CGARYTSANTEVFF-BJ1-1,8,multi-specific,"['RAYLFNSV', 'SVYVYKVL', 'VIVRFLTV', 'VSFTYRYL']",4,"[0.4347048300536673, 0.08586762075134168, 0.11985688729874776, 0.08228980322003578]",RAYLFNSV,0.4347048300536673,RAYLFNSV,0.34579439252336447,True,"['RAYLFNSV', 'RTYTYEKL', 'SNYLFTKL', 'SVYVYKVL', 'VGPRYTNL', 'VIVRFLTV', 'VSFTYRYL']",7,"['ATLVFHNL', 'HIYEFPQL', 'INFDFPKL', 'SSYTFPKM', 'VAFDFTKV', 'SYFPEITHI']",4.649999999999999,0.375,"[ 0.625  1.75   3.375 30.375  4.125  4.     1.25   6.     0.375  3.5
  8.375  5.75   0.375]",0.3242746755927553,0.43326387344586276,0.809413167410483,0.812511206658763,0.0030980392482800045,0.008944543828264758,0.8178168198433529,0.00840365243286989,0.025044722719141325,0.8250351632538033,0.015621995843320358,0.04830053667262969,0.7486154331191309,-0.060797734291352046,0.4347048300536673,0.8115166950726665,0.0021035276621835797,0.059033989266547404,0.820631492191289,0.011218324780805977,0.057245080500894455,0.8114981035287075,0.0020849361182245785,0.017889087656529516,0.816216630419753,0.006803463009270039,0.08586762075134168,0.8096637444518607,0.00025057704137776415,0.005366726296958855,0.8099520153800075,0.0005388479695245252,0.05008944543828265,0.8058774164399435,-0.0035357509705394863,0.11985688729874776,0.8471848466485872,0.037771679238104205,0.08228980322003578,0.8101662037585216,0.0007530363480385827,0.005366726296958855,VSFTYRYL,0.037771679238104205,RAYLFNSV,-0.060797734291352046
198,AV6-6-CALGDDTGANTGKLTF-AJ52_BV13-2-CASGDWGGDTQYF-BJ2-5,6,multi-specific,"['RAYLFNSV', 'RTYTYEKL', 'SNYLFTKL', 'VGPRYTNL', 'VIVRFLTV', 'VSFTYRYL']",6,"[0.2612732095490717, 0.12334217506631301, 0.09946949602122017, 0.10610079575596819, 0.14190981432360744, 0.07427055702917773]",RAYLFNSV,0.2612732095490717,RAYLFNSV,0.255,True,"['INFDFPKL', 'RAYLFNSV', 'RTYTYEKL', 'SNYLFTKL', 'VGPRYTNL', 'VIVRFLTV', 'VSFTYRYL']",7,"['ATLVFHNL', 'HIYEFPQL', 'SSYTFPKM', 'SVYVYKVL', 'VAFDFTKV', 'SYFPEITHI']",8.5,0.5,"[ 2.83333333  4.          7.         32.83333333 15.5        12.5
  2.66666667  5.33333333  2.         13.33333333 17.83333333  9.33333333
  0.5       ]",0.8566817342149398,0.02933830039240655,0.7996706886596784,0.8011397102822767,0.001469021622598321,0.022546419098143238,0.8020334069762659,0.00236271831658752,0.03183023872679045,0.811720195448596,0.012049506788917586,0.05570291777188329,0.8072581083261497,0.007587419666471362,0.2612732095490717,0.8181385119133959,0.01846782325371754,0.12334217506631301,0.7866211362736145,-0.013049552386063867,0.09946949602122017,0.8006872381842841,0.0010165495246057255,0.021220159151193633,0.798563534638148,-0.0011071540215303877,0.042440318302387266,0.8063814012298495,0.006710712570171085,0.015915119363395226,0.8045517171621808,0.0048810285025023825,0.10610079575596819,0.7777802904103546,-0.021890398249323817,0.14190981432360744,0.8448986543822754,0.04522796572259702,0.07427055702917773,0.7998768030522752,0.0002061143925967679,0.003978779840848806,VSFTYRYL,0.04522796572259702,VIVRFLTV,-0.021890398249323817
199,AV16/DV11-CAMREDNNNAPRF-AJ43*p03_BV13-3-CASSDWGGAETLYF-BJ2-3,6,multi-specific,"['RTYTYEKL', 'SVYVYKVL', 'VGPRYTNL', 'VIVRFLTV']",4,"[0.1536643026004728, 0.1252955082742317, 0.1678486997635934, 0.18912529550827423]",VIVRFLTV,0.18912529550827423,VIVRFLTV,0.21739130434782608,True,"['RAYLFNSV', 'RTYTYEKL', 'SNYLFTKL', 'SVYVYKVL', 'VGPRYTNL', 'VIVRFLTV', 'VSFTYRYL']",7,"['ATLVFHNL', 'HIYEFPQL', 'INFDFPKL', 'SSYTFPKM', 'VAFDFTKV', 'SYFPEITHI']",6.5,0.5,"[ 1.16666667  2.83333333  3.16666667  4.         10.83333333  4.5
  3.16666667  8.83333333  0.33333333 11.83333333 13.33333333  6.
  0.5       ]",0.46939929075676917,0.34761377314909225,0.7988192155221092,0.7991018736912029,0.0002826581690936747,0.016548463356973995,0.8096931826305358,0.010873967108426585,0.04018912529550828,0.8028257978654474,0.004006582343338172,0.044917257683215125,0.7985548888424344,-0.00026432667967479784,0.05673758865248227,0.8172274693817817,0.018408253859672485,0.1536643026004728,0.7988909027869624,7.168726485318189e-05,0.06382978723404255,0.8032832737194108,0.004464058197301557,0.044917257683215125,0.7998101591537008,0.0009909436315915787,0.1252955082742317,0.7996653986590302,0.0008461831369209749,0.004728132387706856,0.8185681949792525,0.019748979457143268,0.1678486997635934,0.7667479822990686,-0.03207123322304062,0.18912529550827423,0.7997341807233359,0.0009149652012266918,0.0851063829787234,0.7990368850478027,0.00021766952569346465,0.0070921985815602835,VGPRYTNL,0.019748979457143268,VIVRFLTV,-0.03207123322304062
200,AV16D/DV11-CAMREGNTNTGKLTF-AJ27_BV1-CTCSADGVYAEQFF-BJ2-1,12,multi-specific,"['RAYLFNSV', 'VIVRFLTV', 'VSFTYRYL']",3,"[0.11628746840014446, 0.1856265799927772, 0.44059227157818714]",VSFTYRYL,0.44059227157818714,VSFTYRYL,0.5483870967741935,True,"['RAYLFNSV', 'RTYTYEKL', 'VIVRFLTV', 'VSFTYRYL']",4,"['ATLVFHNL', 'HIYEFPQL', 'INFDFPKL', 'SNYLFTKL', 'SSYTFPKM', 'SVYVYKVL', 'VAFDFTKV', 'VGPRYTNL', 'SYFPEITHI']",17.0,0.16666666666666666,"[  2.08333333   4.41666667   6.          26.83333333  15.
  11.           3.           6.58333333   0.83333333  10.33333333
  42.83333333 101.66666667   0.16666667]",0.5485098386002218,0.06479820990195848,0.7984135624850602,0.7985629649556478,0.0001494024705875896,0.009028530155290721,0.7998611140488416,0.0014475515637814018,0.01914048392921633,0.7999080412903102,0.001494478805249999,0.026002166847237274,0.8452250132067335,0.04681145072167325,0.11628746840014446,0.8032242406567117,0.0048106781716514835,0.06500541711809318,0.7989408584649543,0.0005272959798940935,0.047670639219935,0.7989694179591544,0.0005558554740942023,0.013001083423618637,0.8029841379650143,0.004570575479954098,0.028530155290718673,0.7993240593262623,0.0009104968412020353,0.0036114120621162883,0.7992099980512908,0.0007964355662305467,0.044781509570241976,0.8960871572540925,0.09767359476903226,0.1856265799927772,0.7887553455244162,-0.009658216960644062,0.44059227157818714,0.7984161812236141,2.618738553894495e-06,0.0007222824124232575,VIVRFLTV,0.09767359476903226,VSFTYRYL,-0.009658216960644062
201,AV16D/DV11-CAMREVTGANTGKLTF-AJ52_BV1-CTCSVDRIQDTQYF-BJ2-5,6,multi-specific,"['RAYLFNSV', 'VGPRYTNL', 'VIVRFLTV']",3,"[0.7203389830508475, 0.05932203389830509, 0.07627118644067797]",RAYLFNSV,0.7203389830508475,RAYLFNSV,0.8,True,"['RAYLFNSV', 'VGPRYTNL', 'VIVRFLTV']",3,"['ATLVFHNL', 'HIYEFPQL', 'INFDFPKL', 'RTYTYEKL', 'SNYLFTKL', 'SSYTFPKM', 'SVYVYKVL', 'VAFDFTKV', 'VSFTYRYL', 'SYFPEITHI']",1.0499999999999972,0.0,"[ 0.16666667  0.          0.         14.16666667  0.83333333  0.66666667
  0.5         0.33333333  0.          1.16666667  1.5         0.33333333
  0.        ]",0.30984088743189714,0.5501112445457647,0.7937241114791974,0.7942068791012482,0.0004827676220507948,0.00847457627118644,0.7937241114791974,0.0,0.0,0.7937241114791974,0.0,0.0,0.48574173622854483,-0.3079823752506526,0.7203389830508475,0.7977355503822635,0.0040114389030661,0.04237288135593221,0.8160788277441419,0.022354716264944452,0.03389830508474576,0.7981610057320211,0.0044368942528236754,0.025423728813559324,0.8329285337971039,0.03920442231790644,0.01694915254237288,0.7937241114791974,0.0,0.0,0.800155655385749,0.00643154390655154,0.05932203389830509,0.8142237470309214,0.02049963555172396,0.07627118644067797,0.8329285337971039,0.03920442231790644,0.01694915254237288,0.7937241114791974,0.0,0.0,VIVRFLTV,0.02049963555172396,RAYLFNSV,-0.3079823752506526
202,AV16D/DV11-CAMRENSGYNKLTF-AJ11*p02_BV13-2-CASGETGGREQYF-BJ2-7,6,multi-specific,"['RAYLFNSV', 'RTYTYEKL', 'VGPRYTNL', 'VIVRFLTV']",4,"[0.2451298701298701, 0.12012987012987011, 0.12337662337662335, 0.19480519480519476]",RAYLFNSV,0.2451298701298701,RAYLFNSV,0.33587786259541985,True,"['RAYLFNSV', 'RTYTYEKL', 'SNYLFTKL', 'SVYVYKVL', 'VGPRYTNL', 'VIVRFLTV']",6,"['ATLVFHNL', 'HIYEFPQL', 'INFDFPKL', 'SSYTFPKM', 'VAFDFTKV', 'VSFTYRYL', 'SYFPEITHI']",10.699999999999974,0.6666666666666666,"[ 2.          2.16666667  4.16666667 25.16666667 12.33333333  8.5
  2.66666667  8.16666667  0.5        12.66666667 20.          3.66666667
  0.66666667]",0.8305571835365745,0.040633876903746605,0.7937004274475858,0.7945353360028392,0.0008349085552533664,0.019480519480519477,0.7946978915597307,0.0009974641121448524,0.021103896103896097,0.7943954623308537,0.000695034883267831,0.04058441558441558,0.8143705279373787,0.020670100489792897,0.2451298701298701,0.8027621970964749,0.009061769648889051,0.12012987012987011,0.7902248164856617,-0.0034756109619241693,0.08279220779220778,0.7958693526499694,0.0021689252023835426,0.02597402597402597,0.790396803688735,-0.003303623758850849,0.07954545454545453,0.7939791105906097,0.0002786831430238168,0.004870129870129869,0.8049624874067605,0.01126205995917462,0.12337662337662335,0.7996983176212142,0.005997890173628395,0.19480519480519476,0.7943673486311104,0.0006669211835245159,0.035714285714285705,0.7968481155152015,0.0031476880676156727,0.006493506493506492,RAYLFNSV,0.020670100489792897,SNYLFTKL,-0.0034756109619241693
203,AV9-3-CAVSTDTGYQNFYF-AJ49_BV17-CASSSGNTLYF-BJ1-3,5,multi-specific,"['VGPRYTNL', 'VIVRFLTV', 'VSFTYRYL']",3,"[0.1245791245791246, 0.18855218855218855, 0.14141414141414144]",VIVRFLTV,0.18855218855218855,VIVRFLTV,0.20833333333333334,True,"['HIYEFPQL', 'RAYLFNSV', 'RTYTYEKL', 'SNYLFTKL', 'SVYVYKVL', 'VGPRYTNL', 'VIVRFLTV', 'VSFTYRYL']",8,"['ATLVFHNL', 'INFDFPKL', 'SSYTFPKM', 'VAFDFTKV', 'SYFPEITHI']",6.799999999999997,0.0,[ 2.   4.   2.8  5.2  5.8  4.4  2.   5.   1.2  7.4 11.2  8.4  0. ],0.05795018723129517,0.926256848285684,0.7864656126191264,0.794110981730395,0.007645369111268563,0.03367003367003367,0.793930445841554,0.007464833222427636,0.06734006734006734,0.784408906744393,-0.002056705874733389,0.04713804713804714,0.8153378871497635,0.02887227453063712,0.08754208754208755,0.784105492769263,-0.0023601198498633957,0.09764309764309764,0.796400997761228,0.009935385142101572,0.07407407407407408,0.7911929188460993,0.004727306226972927,0.03367003367003367,0.7908516410715523,0.004386028452425861,0.08417508417508418,0.7911778385394743,0.004712225920347923,0.0202020202020202,0.7714384846417948,-0.015027127977331634,0.1245791245791246,0.7393942760425519,-0.047071336576574474,0.18855218855218855,0.7912683633197224,0.004802750700595992,0.14141414141414144,0.7864656126191264,0.0,0.0,RAYLFNSV,0.02887227453063712,VIVRFLTV,-0.047071336576574474
204,AV16/DV11-CAMREGLGGNNKLTF-AJ56_BV1-CTCSAAGTGNTEVFF-BJ1-1,5,multi-specific,"['RAYLFNSV', 'RTYTYEKL', 'VGPRYTNL', 'VIVRFLTV']",4,"[0.28676470588235287, 0.1176470588235294, 0.12745098039215685, 0.17156862745098037]",RAYLFNSV,0.28676470588235287,RAYLFNSV,0.40476190476190477,True,"['RAYLFNSV', 'RTYTYEKL', 'SNYLFTKL', 'VGPRYTNL', 'VIVRFLTV']",5,"['ATLVFHNL', 'HIYEFPQL', 'INFDFPKL', 'SSYTFPKM', 'SVYVYKVL', 'VAFDFTKV', 'VSFTYRYL', 'SYFPEITHI']",8.149999999999991,0.2,[ 1.8  1.6  3.8 23.4  9.6  8.   2.2  3.4  1.  10.4 14.   2.2  0.2],0.6450669060453722,0.2398611624720464,0.7807398780391767,0.7838156105493056,0.0030757325101289368,0.022058823529411763,0.7824401095948545,0.001700231555677889,0.0196078431372549,0.7816200671928124,0.0008801891536357465,0.046568627450980386,0.7436168061070724,-0.03712307193210429,0.28676470588235287,0.7720338564980913,-0.008706021541085351,0.1176470588235294,0.7853920387324684,0.004652160693291774,0.0980392156862745,0.7828367166126424,0.0020968385734657646,0.026960784313725488,0.7834936154341262,0.0027537373949495514,0.041666666666666664,0.7810896287846225,0.0003497507454458537,0.012254901960784312,0.7957130624822819,0.014973184443105247,0.12745098039215685,0.8512132773317319,0.07047339929255525,0.17156862745098037,0.7816993852955099,0.000959507256333203,0.026960784313725488,0.7807557934023641,1.5915363187457565e-05,0.0024509803921568627,VIVRFLTV,0.07047339929255525,RAYLFNSV,-0.03712307193210429
205,AV8-1-CADQGGRALIF-AJ15_BV1-CTCSADPGNERLFF-BJ1-4,5,multi-specific,"['RAYLFNSV', 'VGPRYTNL', 'VIVRFLTV']",3,"[0.4153005464480875, 0.09289617486338798, 0.1639344262295082]",RAYLFNSV,0.4153005464480875,RAYLFNSV,0.4642857142857143,True,"['RAYLFNSV', 'RTYTYEKL', 'VGPRYTNL', 'VIVRFLTV', 'VSFTYRYL']",5,"['ATLVFHNL', 'HIYEFPQL', 'INFDFPKL', 'SNYLFTKL', 'SSYTFPKM', 'SVYVYKVL', 'VAFDFTKV', 'SYFPEITHI']",3.0,0.0,[ 0.4  0.8  1.  15.2  2.8  1.6  0.6  1.4  0.4  3.4  6.   3.   0. ],0.770881103639092,0.12702980773711814,0.7774286228700017,0.7808906554206022,0.0034620325506005134,0.010928961748633882,0.778234608472822,0.0008059856028203027,0.021857923497267763,0.7799290982015632,0.0025004753315615025,0.027322404371584702,0.6515027385693518,-0.12592588430064988,0.4153005464480875,0.7795817313303054,0.0021531084603036987,0.07650273224043716,0.7872160473994851,0.009787424529483446,0.043715846994535526,0.7778539626893594,0.00042533981935766185,0.01639344262295082,0.7820390341516721,0.00461041128167039,0.03825136612021858,0.7781069591883603,0.0006783363183585633,0.010928961748633882,0.7850832426954468,0.00765461982544513,0.09289617486338798,0.7812120841831094,0.0037834613131076944,0.1639344262295082,0.8870909011228637,0.10966227825286201,0.0819672131147541,0.7774286228700017,0.0,0.0,VSFTYRYL,0.10966227825286201,RAYLFNSV,-0.12592588430064988
206,AV12-2-CALSDTGANTGKLTF-AJ52_BV1-CTCSADPSYEQYF-BJ2-7,6,multi-specific,"['RTYTYEKL', 'VGPRYTNL', 'VIVRFLTV', 'VSFTYRYL']",4,"[0.09141274238227147, 0.10526315789473684, 0.11911357340720223, 0.4016620498614959]",VSFTYRYL,0.4016620498614959,VSFTYRYL,0.3684210526315789,True,"['RAYLFNSV', 'RTYTYEKL', 'SVYVYKVL', 'VGPRYTNL', 'VIVRFLTV', 'VSFTYRYL']",6,"['ATLVFHNL', 'HIYEFPQL', 'INFDFPKL', 'SNYLFTKL', 'SSYTFPKM', 'VAFDFTKV', 'SYFPEITHI']",4.949999999999996,0.16666666666666666,"[ 0.66666667  1.33333333  2.          4.16666667  5.5         2.33333333
  2.5         3.33333333  0.5         6.33333333  7.16666667 24.16666667
  0.16666667]",0.7125908007404878,0.11203549010886521,0.757855134439677,0.7580575375834299,0.00020240314375286061,0.0110803324099723,0.75987886005237,0.002023725612693039,0.0221606648199446,0.7613073022986593,0.00345216785898228,0.0332409972299169,0.7627685191804562,0.004913384740779181,0.06925207756232687,0.7747633722291795,0.016908237789502456,0.09141274238227147,0.7587404265865432,0.0008852921468661679,0.03878116343490305,0.7621737356557411,0.0043186012160640885,0.04155124653739612,0.7594518327151142,0.0015966982754371806,0.0554016620498615,0.7586152516509082,0.0007601172112311483,0.008310249307479225,0.762432699963922,0.004577565524245042,0.10526315789473684,0.8076353232137861,0.04978018877410906,0.11911357340720223,0.6369598986961496,-0.12089523574352745,0.4016620498614959,0.7580619057307382,0.00020677129106116965,0.002770083102493075,VIVRFLTV,0.04978018877410906,VSFTYRYL,-0.12089523574352745
207,AV9-4-CAVSSPDTNAYKVIF-AJ30_BV13-2-CASGASGGNTLYF-BJ1-3,18,multi-specific,"['RAYLFNSV', 'SVYVYKVL', 'VIVRFLTV', 'VSFTYRYL']",4,"[0.14313725490196078, 0.18921568627450977, 0.15196078431372548, 0.10490196078431371]",SVYVYKVL,0.18921568627450977,SVYVYKVL,0.18478260869565216,True,"['RAYLFNSV', 'RTYTYEKL', 'SNYLFTKL', 'SVYVYKVL', 'VGPRYTNL', 'VIVRFLTV', 'VSFTYRYL']",7,"['ATLVFHNL', 'HIYEFPQL', 'INFDFPKL', 'SSYTFPKM', 'VAFDFTKV', 'SYFPEITHI']",5.0,0.1111111111111111,"[ 1.11111111  1.94444444  1.88888889  8.11111111  5.          4.88888889
  2.5        10.72222222  0.83333333  5.          8.61111111  5.94444444
  0.11111111]",0.16035865644741046,0.5250137242597038,0.7533890651575026,0.7553916149824389,0.002002549824936306,0.0196078431372549,0.7619171800787702,0.008528114921267593,0.034313725490196074,0.7557006628249799,0.0023115976674773497,0.03333333333333333,0.7543220134182456,0.0009329482607429718,0.14313725490196078,0.7603574004260886,0.006968335268585979,0.08823529411764705,0.7607033778644332,0.007314312706930615,0.08627450980392157,0.7586275978054077,0.005238532647905081,0.044117647058823525,0.7441124497555321,-0.009276615401970445,0.18921568627450977,0.7643654617859754,0.010976396628472829,0.014705882352941176,0.7549206269146159,0.001531561757113331,0.08823529411764705,0.7421835483844612,-0.01120551677304138,0.15196078431372548,0.7595896703700287,0.006200605212526078,0.10490196078431371,0.7535375784372774,0.0001485132797748312,0.0019607843137254897,SNYLFTKL,0.007314312706930615,VIVRFLTV,-0.01120551677304138
208,AV9-3-CAVSIHYGNEKITF-AJ48_BV13-1-CASSGDRGYNSPLYF-BJ1-6,6,multi-specific,"['HIYEFPQL', 'RAYLFNSV', 'RTYTYEKL', 'SNYLFTKL', 'VIVRFLTV']",5,"[0.08314855875831485, 0.07427937915742792, 0.08980044345898004, 0.08203991130820398, 0.41574279379157425]",VIVRFLTV,0.41574279379157425,VIVRFLTV,0.1990521327014218,True,"['HIYEFPQL', 'RAYLFNSV', 'RTYTYEKL', 'SNYLFTKL', 'SVYVYKVL', 'VGPRYTNL', 'VIVRFLTV']",7,"['ATLVFHNL', 'INFDFPKL', 'SSYTFPKM', 'VAFDFTKV', 'VSFTYRYL', 'SYFPEITHI']",10.5,0.5,"[ 2.5        12.5         4.66666667 11.16666667 13.5        12.33333333
  4.5        10.          0.66666667  9.66666667 62.5         5.83333333
  0.5       ]",0.47661806796675554,0.33920831797309364,0.7462090272443007,0.7458955964128704,-0.0003134308314303169,0.01662971175166297,0.7984820595924412,0.052273032348140513,0.08314855875831485,0.7512516157932609,0.005042588548960225,0.031042128603104215,0.7503370035354813,0.004127976291180557,0.07427937915742792,0.7502561089273098,0.004047081683009046,0.08980044345898004,0.7426764492000824,-0.0035325780442183596,0.08203991130820398,0.7545824589039355,0.008373431659634778,0.029933481152993345,0.7791346760211589,0.03292564877685822,0.06651884700665188,0.7465197852596369,0.00031075801533619885,0.004434589800443458,0.7517893173032242,0.005580290058923465,0.06430155210643014,0.7838762492543889,0.03766722201008821,0.41574279379157425,0.7472243865306235,0.0010153592863227923,0.03880266075388026,0.7465333380002142,0.0003243107559134373,0.0033259423503325942,HIYEFPQL,0.052273032348140513,SNYLFTKL,-0.0035325780442183596
209,AV6-6-CALGDLGTGSKLSF-AJ58_BV13-2-CASGPGTSEVFF-BJ1-1,6,multi-specific,"['RAYLFNSV', 'VGPRYTNL', 'VIVRFLTV']",3,"[0.1640530759951749, 0.218335343787696, 0.27985524728588657]",VIVRFLTV,0.27985524728588657,VIVRFLTV,0.35609756097560974,True,"['RAYLFNSV', 'RTYTYEKL', 'SNYLFTKL', 'VGPRYTNL', 'VIVRFLTV']",5,"['ATLVFHNL', 'HIYEFPQL', 'INFDFPKL', 'SSYTFPKM', 'SVYVYKVL', 'VAFDFTKV', 'VSFTYRYL', 'SYFPEITHI']",12.0,0.8333333333333334,"[ 2.16666667  4.16666667  6.         22.66666667 11.33333333  8.66666667
  3.5         4.66666667  0.33333333 30.16666667 38.66666667  5.
  0.83333333]",0.6433599911746238,0.1681072487411974,0.742269268541038,0.7425331305450008,0.00026386200396277815,0.01568154402895054,0.7443446608215251,0.0020753922804870317,0.030156815440289503,0.7413349887157973,-0.0009342798252407469,0.04342581423401688,0.7679686732305486,0.025699404689510597,0.1640530759951749,0.7367519803904439,-0.005517288150594157,0.08202653799758745,0.7810811671125543,0.038811898571516235,0.06272617611580215,0.7438205633282007,0.0015512947871626492,0.02533172496984318,0.7437437892679498,0.0014745207269117877,0.033775633293124246,0.7433385678664349,0.0010692993253968996,0.00241254523522316,0.8232754984165428,0.08100622987550476,0.218335343787696,0.7396942990202828,-0.0025749695207551992,0.27985524728588657,0.7417451342163797,-0.0005241343246583652,0.0361881785283474,0.7429684283344237,0.0006991597933856397,0.006031363088057901,VGPRYTNL,0.08100622987550476,RTYTYEKL,-0.005517288150594157
210,AV16/DV11-CAMREEQQGTGSKLSF-AJ58_BV31-CAWRRQGAYAEQFF-BJ2-1,6,multi-specific,"['INFDFPKL', 'RTYTYEKL', 'SNYLFTKL', 'VGPRYTNL', 'VIVRFLTV', 'VSFTYRYL']",6,"[0.10743801652892561, 0.1652892561983471, 0.06611570247933883, 0.15289256198347106, 0.1446280991735537, 0.13016528925619833]",RTYTYEKL,0.1652892561983471,VGPRYTNL,0.2,False,"['HIYEFPQL', 'INFDFPKL', 'RAYLFNSV', 'RTYTYEKL', 'SNYLFTKL', 'SVYVYKVL', 'VGPRYTNL', 'VIVRFLTV', 'VSFTYRYL']",9,"['ATLVFHNL', 'SSYTFPKM', 'VAFDFTKV', 'SYFPEITHI']",5.0,0.16666666666666666,"[ 1.5         4.33333333  8.66666667  4.83333333 13.33333333  5.33333333
  2.66666667  4.83333333  0.5        12.33333333 11.66666667 10.5
  0.16666667]",0.0388537578129515,0.9417486903785856,0.7372018000126721,0.7392933944867168,0.0020915944740447223,0.01859504132231405,0.748131946444013,0.010930146431340937,0.053719008264462804,0.7480331141477328,0.010831314135060666,0.10743801652892561,0.7324500720413225,-0.004751727971349595,0.05991735537190082,0.7399450417921628,0.0027432417794907016,0.1652892561983471,0.74277406047584,0.005572260463167944,0.06611570247933883,0.739668568241946,0.0024667682292739412,0.033057851239669415,0.7334442569825065,-0.003757543030165622,0.05991735537190082,0.7375340624631346,0.0003322624504624727,0.006198347107438016,0.7411680618610776,0.003966261848405539,0.15289256198347106,0.7345405946036203,-0.0026612054090517923,0.1446280991735537,0.7399205115427312,0.0027187115300590925,0.13016528925619833,0.73727112282074,6.932280806792868e-05,0.0020661157024793385,HIYEFPQL,0.010930146431340937,RAYLFNSV,-0.004751727971349595
211,AV7D-3-CAVYQGGRALIF-AJ15_BV13-2-CASGDVLGGYEQYF-BJ2-7,5,multi-specific,"['INFDFPKL', 'RTYTYEKL', 'SNYLFTKL', 'VGPRYTNL', 'VIVRFLTV']",5,"[0.5059523809523809, 0.08035714285714286, 0.0625, 0.09226190476190477, 0.11607142857142856]",INFDFPKL,0.5059523809523809,INFDFPKL,0.5606060606060606,True,"['INFDFPKL', 'RTYTYEKL', 'SNYLFTKL', 'VGPRYTNL', 'VIVRFLTV']",5,"['ATLVFHNL', 'HIYEFPQL', 'RAYLFNSV', 'SSYTFPKM', 'SVYVYKVL', 'VAFDFTKV', 'VSFTYRYL', 'SYFPEITHI']",4.099999999999994,0.6,[ 0.   0.2 34.   2.4  5.4  4.2  1.8  2.4  0.2  6.2  7.8  2.   0.6],0.4667053645077722,0.4281103877281817,0.7342910126955129,0.7342910126955129,0.0,0.0,0.7346209615959174,0.00032994890040449754,0.002976190476190476,0.7044004554858807,-0.029890557209632185,0.5059523809523809,0.7357724447662249,0.001481432070712052,0.03571428571428571,0.8118743198583112,0.07758330716279827,0.08035714285714286,0.7387471752467691,0.004456162551256249,0.0625,0.7457934232368675,0.01150241054135459,0.026785714285714284,0.7440029756873091,0.00971196299179622,0.03571428571428571,0.7348340331520417,0.0005430204565287644,0.002976190476190476,0.7472796803337545,0.01298866763824158,0.09226190476190477,0.7244230236944758,-0.009867989001037136,0.11607142857142856,0.7352256637778861,0.0009346510823732279,0.02976190476190476,0.735499640527442,0.0012086278319290988,0.008928571428571428,RTYTYEKL,0.07758330716279827,INFDFPKL,-0.029890557209632185
212,AV13-1-CAANTGANTGKLTF-AJ52_BV17-CASSPGQGHTGQLYF-BJ2-2,11,multi-specific,"['RAYLFNSV', 'RTYTYEKL', 'VGPRYTNL', 'VIVRFLTV']",4,"[0.12129380053908356, 0.11590296495956874, 0.10512129380053908, 0.2115902964959569]",VIVRFLTV,0.2115902964959569,VIVRFLTV,0.16923076923076924,True,"['HIYEFPQL', 'INFDFPKL', 'RAYLFNSV', 'RTYTYEKL', 'SNYLFTKL', 'VGPRYTNL', 'VIVRFLTV', 'VSFTYRYL']",8,"['ATLVFHNL', 'SSYTFPKM', 'SVYVYKVL', 'VAFDFTKV', 'SYFPEITHI']",6.299999999999997,0.2727272727272727,"[ 1.45454545  4.          6.          8.18181818  7.81818182  4.72727273
  3.          3.36363636  1.18181818  7.09090909 14.27272727  6.09090909
  0.27272727]",0.6816631791058307,0.020883334675378534,0.7297559331341378,0.7315487297919827,0.0017927966578449306,0.0215633423180593,0.7480779057513616,0.018321972617223792,0.05929919137466307,0.7285334908778964,-0.0012224422562413517,0.0889487870619946,0.7250458148808333,-0.004710118253304474,0.12129380053908356,0.7294778116060688,-0.00027812152806894197,0.11590296495956874,0.7263628769342871,-0.0033930561998506414,0.07008086253369272,0.7351707464919819,0.005414813357844106,0.0444743935309973,0.7385508029727588,0.008794869838620989,0.04986522911051213,0.7325167769788381,0.0027608438447003225,0.01752021563342318,0.7469000308694145,0.017144097735276698,0.10512129380053908,0.7122757119902754,-0.017480221143862384,0.2115902964959569,0.7262647415006869,-0.0034911916334509074,0.09029649595687332,0.7299407249614499,0.00018479182731212518,0.004043126684636118,HIYEFPQL,0.018321972617223792,VIVRFLTV,-0.017480221143862384
213,AV3-4-CAVNNAGAKLTF-AJ39_BV1-CTCSADRVAEQFF-BJ2-1,5,multi-specific,"['INFDFPKL', 'RAYLFNSV', 'RTYTYEKL', 'SNYLFTKL', 'SVYVYKVL', 'VGPRYTNL', 'VIVRFLTV', 'VSFTYRYL']",8,"[0.07194244604316545, 0.197841726618705, 0.09712230215827337, 0.09712230215827337, 0.08992805755395682, 0.11151079136690646, 0.13669064748201437, 0.1043165467625899]",RAYLFNSV,0.197841726618705,RAYLFNSV,0.24444444444444444,True,"['INFDFPKL', 'RAYLFNSV', 'RTYTYEKL', 'SNYLFTKL', 'SVYVYKVL', 'VGPRYTNL', 'VIVRFLTV', 'VSFTYRYL']",8,"['ATLVFHNL', 'HIYEFPQL', 'SSYTFPKM', 'VAFDFTKV', 'SYFPEITHI']",3.799999999999997,0.2,[ 1.4  2.6  4.  11.   5.4  5.4  0.8  5.   0.2  6.2  7.6  5.8  0.2],0.6721456834464516,0.21391953704353697,0.7263176073934776,0.7279597653590584,0.0016421579655807594,0.02517985611510791,0.7375044444483356,0.011186837054858012,0.04676258992805755,0.7514829263974363,0.025165319003958686,0.07194244604316545,0.703588160522721,-0.02272944687075662,0.197841726618705,0.7379395159434621,0.011621908549984461,0.09712230215827337,0.7376346807425209,0.011317073349043305,0.09712230215827337,0.7300977514854109,0.0037801440919332796,0.014388489208633093,0.7431732317918142,0.016855624398336544,0.08992805755395682,0.7264238682800306,0.00010626088655296684,0.003597122302158273,0.7036152101429058,-0.02270239725057177,0.11151079136690646,0.7185851541152972,-0.007732453278180396,0.13669064748201437,0.7228941665237052,-0.0034234408697724206,0.1043165467625899,0.7264238682800304,0.00010626088655274479,0.003597122302158273,INFDFPKL,0.025165319003958686,RAYLFNSV,-0.02272944687075662
214,AV9-1-CAVSAYSNYQLIW-AJ33_BV1-CTCSADRVEQYF-BJ2-7,9,multi-specific,"['RTYTYEKL', 'VIVRFLTV', 'VSFTYRYL']",3,"[0.14052953156822812, 0.4276985743380855, 0.12016293279022403]",VIVRFLTV,0.4276985743380855,VIVRFLTV,0.5517241379310345,True,"['ATLVFHNL', 'RAYLFNSV', 'RTYTYEKL', 'VAFDFTKV', 'VIVRFLTV', 'VSFTYRYL']",6,"['HIYEFPQL', 'INFDFPKL', 'SNYLFTKL', 'SSYTFPKM', 'SVYVYKVL', 'VGPRYTNL', 'SYFPEITHI']",5.0,0.1111111111111111,"[ 2.77777778  1.22222222  1.11111111  3.33333333  7.66666667  0.77777778
  0.88888889  1.88888889  3.22222222  1.66666667 23.33333333  6.55555556
  0.11111111]",0.8004170080783071,0.009562018827878525,0.7225658190200578,0.7259324070725612,0.0033665880525034497,0.05091649694501018,0.7245807033813858,0.0020148843613280176,0.022403258655804482,0.7241109421561452,0.0015451231360874562,0.020366598778004074,0.7796939274036093,0.057128108383551535,0.06109979633401222,0.8314851033133142,0.10891928429325637,0.14052953156822812,0.7234318743399454,0.0008660553198875931,0.01425661914460285,0.7245985507989415,0.002032731778883745,0.016293279022403257,0.7251196709123987,0.0025538518923409192,0.034623217922606926,0.7260106627947144,0.003444843774656592,0.059063136456211814,0.7275692774303608,0.00500345841030303,0.03054989816700611,0.3824743010967003,-0.3400915179233575,0.4276985743380855,0.7401706635164478,0.017604844496389993,0.12016293279022403,0.7248529684968199,0.002287149476762118,0.002036659877800407,RTYTYEKL,0.10891928429325637,VIVRFLTV,-0.3400915179233575
215,AV8D-2-CATASSGSWQLIF-AJ22_BV29-CASSSTGTANERLFF-BJ1-4,5,multi-specific,"['RTYTYEKL', 'SNYLFTKL', 'VGPRYTNL', 'VIVRFLTV', 'VSFTYRYL']",5,"[0.12040816326530615, 0.11224489795918369, 0.1142857142857143, 0.25918367346938775, 0.10000000000000002]",VIVRFLTV,0.25918367346938775,VSFTYRYL,0.21875,False,"['INFDFPKL', 'RAYLFNSV', 'RTYTYEKL', 'SNYLFTKL', 'SSYTFPKM', 'SVYVYKVL', 'VGPRYTNL', 'VIVRFLTV', 'VSFTYRYL']",9,"['ATLVFHNL', 'HIYEFPQL', 'VAFDFTKV', 'SYFPEITHI']",7.0,0.6,[ 2.   3.2  5.   5.6 11.8 11.   5.2  6.   1.2 11.2 25.4  9.8  0.6],0.7478599205888674,0.14609921982399826,0.7210398987446203,0.7230182831886625,0.0019783844440421916,0.020408163265306124,0.7214494759250514,0.0004095771804311088,0.032653061224489806,0.7199314973581779,-0.0011084013864424147,0.051020408163265314,0.7200252164532301,-0.0010146822913901232,0.05714285714285715,0.7103841711654015,-0.010655727579218732,0.12040816326530615,0.7194647665237879,-0.001575132220832387,0.11224489795918369,0.7227162712885604,0.0016763725439401522,0.05306122448979593,0.7234775165843553,0.0024376178397350623,0.06122448979591837,0.7228692543357564,0.0018293555911361725,0.012244897959183675,0.7231429062151257,0.0021030074705054025,0.1142857142857143,0.6479028259051498,-0.07313707283947046,0.25918367346938775,0.7904547425537896,0.06941484380916929,0.10000000000000002,0.721175773345383,0.00013587460076269764,0.006122448979591837,VSFTYRYL,0.06941484380916929,VIVRFLTV,-0.07313707283947046
216,AV16D/DV11-CAMRVSNTGYQNFYF-AJ49_BV1-CTCSEDRVYAEQFF-BJ2-1,8,multi-specific,"['HIYEFPQL', 'RAYLFNSV', 'RTYTYEKL', 'SNYLFTKL', 'VGPRYTNL', 'VIVRFLTV', 'VSFTYRYL']",7,"[0.24593128390596744, 0.12115732368896925, 0.11211573236889692, 0.09584086799276673, 0.10849909584086799, 0.10849909584086799, 0.081374321880651]",HIYEFPQL,0.24593128390596744,HIYEFPQL,0.24761904761904763,True,"['HIYEFPQL', 'RAYLFNSV', 'RTYTYEKL', 'SNYLFTKL', 'VGPRYTNL', 'VIVRFLTV', 'VSFTYRYL']",7,"['ATLVFHNL', 'INFDFPKL', 'SSYTFPKM', 'SVYVYKVL', 'VAFDFTKV', 'SYFPEITHI']",4.649999999999999,1.0,"[ 0.75  17.     3.125  8.375  7.75   6.625  1.     2.25   0.625  7.5
  7.5    5.625  1.   ]",0.40898200335678725,0.3143789279128685,0.7160999537766033,0.7186055497500538,0.0025055959734504585,0.0108499095840868,0.7354105376503005,0.019310583873697218,0.24593128390596744,0.7201303728293246,0.004030419052721279,0.045207956600361664,0.7328216216684925,0.016721667891889225,0.12115732368896925,0.7083707770021361,-0.007729176774467161,0.11211573236889692,0.7053594717822319,-0.010740481994371387,0.09584086799276673,0.7165171784891203,0.0004172247125170392,0.014466546112115732,0.7188429686063813,0.002743014829778012,0.0325497287522604,0.7179035310413463,0.001803577264743006,0.009041591320072333,0.7018586250802878,-0.014241328696315447,0.10849909584086799,0.7130523744163001,-0.0030475793603031986,0.10849909584086799,0.7853769049480291,0.06927695117142585,0.081374321880651,0.7163825618561616,0.0002826080795582664,0.014466546112115732,VSFTYRYL,0.06927695117142585,VGPRYTNL,-0.014241328696315447
217,AV4-3-CAAEDNNRIFF-AJ31_BV12-2-CASSPDWGQDTQYF-BJ2-5,9,multi-specific,"['ATLVFHNL', 'RTYTYEKL', 'VIVRFLTV']",3,"[0.3684627575277337, 0.08557844690966719, 0.18304278922345482]",ATLVFHNL,0.3684627575277337,ATLVFHNL,0.35714285714285715,True,"['ATLVFHNL', 'RAYLFNSV', 'RTYTYEKL', 'SNYLFTKL', 'VGPRYTNL', 'VIVRFLTV']",6,"['HIYEFPQL', 'INFDFPKL', 'SSYTFPKM', 'SVYVYKVL', 'VAFDFTKV', 'VSFTYRYL', 'SYFPEITHI']",11.899999999999999,0.2222222222222222,"[51.66666667  1.77777778  4.33333333 11.22222222 12.          8.33333333
  2.77777778  4.44444444  1.88888889  9.66666667 25.66666667  6.22222222
  0.22222222]",0.9562109377169752,5.542187094448162e-05,0.710768867604405,0.7291387178106455,0.01836985020624049,0.3684627575277337,0.7114496450469648,0.0006807774425597879,0.012678288431061805,0.7125220755884242,0.0017532079840191228,0.03090332805071315,0.7158679195204409,0.005099051916035879,0.08003169572107764,0.7177880227356892,0.007019155131284149,0.08557844690966719,0.7159837391932373,0.0052148715888322705,0.05942947702060222,0.711239060772544,0.00047019316813889933,0.019809825673534072,0.7112035960170319,0.00043472841262681694,0.03169572107765452,0.7115577794152883,0.0007889118108832527,0.013470681458003168,0.8771821569100539,0.1664132893056488,0.06893819334389857,0.7586642988694927,0.04789543126508766,0.18304278922345482,0.7154105840010087,0.004641716396603601,0.044374009508716325,0.7108129703491888,4.4102744783725e-05,0.0015847860538827257,VGPRYTNL,0.1664132893056488,RAYLFNSV,0.005099051916035879
218,AV13D-4-CAMDTGYQNFYF-AJ49_BV5-CASSQDSNTEVFF-BJ1-1,6,multi-specific,"['RTYTYEKL', 'VGPRYTNL', 'VIVRFLTV', 'VSFTYRYL']",4,"[0.13432835820895522, 0.17611940298507464, 0.208955223880597, 0.11343283582089551]",VIVRFLTV,0.208955223880597,VIVRFLTV,0.2631578947368421,True,"['RAYLFNSV', 'RTYTYEKL', 'SNYLFTKL', 'VGPRYTNL', 'VIVRFLTV', 'VSFTYRYL']",6,"['ATLVFHNL', 'HIYEFPQL', 'INFDFPKL', 'SSYTFPKM', 'SVYVYKVL', 'VAFDFTKV', 'SYFPEITHI']",5.0,0.8333333333333334,"[ 2.          2.          2.33333333  3.83333333  7.5         5.
  1.5         2.33333333  0.66666667  9.83333333 11.66666667  6.33333333
  0.83333333]",-0.0595293699116016,0.9108114236123409,0.7086906434362117,0.7092152801020783,0.0005246366658666624,0.035820895522388055,0.7101870157751378,0.0014963723389260775,0.035820895522388055,0.7108641258331186,0.002173482396906956,0.041791044776119404,0.7150471154613006,0.006356472025088933,0.06865671641791045,0.7349426195145897,0.026251976078378036,0.13432835820895522,0.7117164762901906,0.003025832853978949,0.08955223880597014,0.7144602461921233,0.005769602755911651,0.026865671641791045,0.7156967257634127,0.007006082327201013,0.041791044776119404,0.7103621674557155,0.0016715240195037673,0.011940298507462685,0.6888912925457695,-0.019799350890442158,0.17611940298507464,0.6912361085421861,-0.017454534894025597,0.208955223880597,0.733850658521617,0.02516001508540533,0.11343283582089551,0.7094243399290588,0.0007336964928471579,0.014925373134328358,RTYTYEKL,0.026251976078378036,VGPRYTNL,-0.019799350890442158
219,AV10D-CAASHMGYKLTF-AJ9_BV13-2-CASGTGDERLFF-BJ1-4,5,multi-specific,"['ATLVFHNL', 'RAYLFNSV', 'VIVRFLTV']",3,"[0.44695259593679465, 0.0835214446952596, 0.1309255079006772]",ATLVFHNL,0.44695259593679465,ATLVFHNL,0.5054945054945055,True,"['ATLVFHNL', 'RAYLFNSV', 'RTYTYEKL', 'SNYLFTKL', 'VGPRYTNL', 'VIVRFLTV']",6,"['HIYEFPQL', 'INFDFPKL', 'SSYTFPKM', 'SVYVYKVL', 'VAFDFTKV', 'VSFTYRYL', 'SYFPEITHI']",7.199999999999989,0.2,[39.6  1.6  3.8  7.4  6.2  5.6  1.   2.4  0.   5.6 11.6  3.6  0.2],0.35661393327375585,0.555761479129476,0.7027738854254999,0.6971154232130854,-0.005658462212414506,0.44695259593679465,0.7039875863247502,0.001213700899250325,0.018058690744920995,0.7059689847662265,0.0031950993407265926,0.04288939051918736,0.7183889857072023,0.015615100281702432,0.0835214446952596,0.711376930596612,0.0086030451711121,0.06997742663656885,0.700351642377206,-0.0024222430482938595,0.06320541760722348,0.7029037225486812,0.0001298371231812645,0.011286681715575621,0.7064288545478599,0.0036549691223599634,0.02708803611738149,0.7027738854255,1.1102230246251565e-16,0.0,0.7168700847741853,0.014096199348685445,0.06320541760722348,0.7293139454883786,0.02654006006287868,0.1309255079006772,0.7090779392295057,0.0063040538040057825,0.04063205417607224,0.7028142800558108,4.0394630310913726e-05,0.0022573363431151244,VIVRFLTV,0.02654006006287868,ATLVFHNL,-0.005658462212414506
220,AV16/DV11-CAMREGDSNYQLIW-AJ33_BV13-2-CASGVPTGTEVFF-BJ1-1,5,multi-specific,"['RAYLFNSV', 'RTYTYEKL', 'VIVRFLTV']",3,"[0.47727272727272724, 0.18181818181818182, 0.125]",RAYLFNSV,0.47727272727272724,RAYLFNSV,0.6428571428571429,True,"['RAYLFNSV', 'RTYTYEKL', 'VIVRFLTV']",3,"['ATLVFHNL', 'HIYEFPQL', 'INFDFPKL', 'SNYLFTKL', 'SSYTFPKM', 'SVYVYKVL', 'VAFDFTKV', 'VGPRYTNL', 'VSFTYRYL', 'SYFPEITHI']",2.0,0.0,[0.6 0.8 0.  8.4 3.2 0.4 0.2 0.2 0.2 0.8 2.2 0.6 0. ],0.44927617956763893,0.4478373003962257,0.6665687463557504,0.6710793959175223,0.00451064956177194,0.03409090909090909,0.6912594197284548,0.024690673372704475,0.045454545454545456,0.6665687463557504,0.0,0.0,0.28089813954105924,-0.3856706068146911,0.47727272727272724,0.7633457772555993,0.0967770308998489,0.18181818181818182,0.6681738758822029,0.0016051295264525312,0.022727272727272728,0.6670651884450927,0.0004964420893422972,0.011363636363636364,0.6714143361348676,0.004845589779117199,0.011363636363636364,0.668226429847444,0.0016576834916935956,0.011363636363636364,0.6692220247164566,0.0026532783607062793,0.045454545454545456,0.7444712771776085,0.07790253082185816,0.125,0.6699358710373524,0.0033671246816020517,0.03409090909090909,0.6665687463557504,0.0,0.0,RTYTYEKL,0.0967770308998489,RAYLFNSV,-0.3856706068146911
221,AV16/DV11-CAMRSNTGYQNFYF-AJ49_BV13-1-CASSGLREQYF-BJ2-7,5,multi-specific,"['RAYLFNSV', 'RTYTYEKL', 'SNYLFTKL', 'SVYVYKVL', 'VGPRYTNL']",5,"[0.36, 0.13, 0.16, 0.1, 0.08]",RAYLFNSV,0.36,RAYLFNSV,0.3333333333333333,True,"['RAYLFNSV', 'RTYTYEKL', 'SNYLFTKL', 'SVYVYKVL', 'VGPRYTNL', 'VIVRFLTV']",6,"['ATLVFHNL', 'HIYEFPQL', 'INFDFPKL', 'SSYTFPKM', 'VAFDFTKV', 'VSFTYRYL', 'SYFPEITHI']",1.2999999999999972,0.0,[0.2 0.8 0.2 7.2 2.6 3.2 0.6 2.  0.2 1.6 1.  0.4 0. ],0.765381782578294,0.13151306995978101,0.6560811933276666,0.6593036729098289,0.003222479582162374,0.01,0.6755972622560039,0.01951606892833735,0.04,0.6607210755534612,0.004639882225794589,0.01,0.5098180862920739,-0.14626310703559264,0.36,0.665139603017795,0.009058409690128388,0.13,0.7071633111831124,0.05108211785544581,0.16,0.6572750960045741,0.0011939026769075545,0.03,0.655523348423006,-0.0005578449046605982,0.1,0.6593036729098289,0.003222479582162374,0.01,0.6724521838013178,0.016370990473651204,0.08,0.6680082024500453,0.011927009122378762,0.05,0.6612179108847676,0.005136717557100989,0.02,0.6560811933276666,0.0,0.0,SNYLFTKL,0.05108211785544581,RAYLFNSV,-0.14626310703559264
222,AV7D-2-CAANTNTGKLTF-AJ27_BV1-CTCSADRVNNQAPLF-BJ1-5,5,multi-specific,"['RAYLFNSV', 'VIVRFLTV', 'VSFTYRYL']",3,"[0.6382978723404255, 0.10638297872340426, 0.10638297872340426]",RAYLFNSV,0.6382978723404255,RAYLFNSV,1.0,True,"['HIYEFPQL', 'RAYLFNSV', 'VIVRFLTV', 'VSFTYRYL']",4,"['ATLVFHNL', 'INFDFPKL', 'RTYTYEKL', 'SNYLFTKL', 'SSYTFPKM', 'SVYVYKVL', 'VAFDFTKV', 'VGPRYTNL', 'SYFPEITHI']",0.7999999999999972,0.4,[0.  0.6 0.  6.  0.  0.  0.2 0.  0.  0.2 1.  1.  0.4],0.09486570460425787,0.8793946489370424,0.6505328259444377,0.6505328259444377,0.0,0.0,0.6721869020530725,0.02165407610863479,0.06382978723404255,0.6505328259444377,0.0,0.0,0.15599096466089887,-0.49454186128353883,0.6382978723404255,0.6505328259444377,0.0,0.0,0.6505328259444377,0.0,0.0,0.6585449109846655,0.008012085040227768,0.02127659574468085,0.6505328259444377,0.0,0.0,0.6505328259444377,0.0,0.0,0.6591814644632853,0.008648638518847562,0.02127659574468085,0.6726235078767022,0.02209068193226449,0.10638297872340426,0.7590582918937958,0.10852546594935808,0.10638297872340426,0.7032662286488567,0.05273340270441895,0.0425531914893617,VSFTYRYL,0.10852546594935808,RAYLFNSV,-0.49454186128353883
223,AV6-4-CALVEGGGSGNKLIF-AJ32_BV5-CASSPHWDYAEQFF-BJ2-1,5,multi-specific,"['RTYTYEKL', 'SNYLFTKL', 'VGPRYTNL', 'VIVRFLTV', 'VSFTYRYL']",5,"[0.057815845824411134, 0.49250535331905776, 0.0728051391862955, 0.09207708779443254, 0.16059957173447537]",SNYLFTKL,0.49250535331905776,VSFTYRYL,0.2619047619047619,False,"['RTYTYEKL', 'SNYLFTKL', 'VGPRYTNL', 'VIVRFLTV', 'VSFTYRYL']",5,"['ATLVFHNL', 'HIYEFPQL', 'INFDFPKL', 'RAYLFNSV', 'SSYTFPKM', 'SVYVYKVL', 'VAFDFTKV', 'SYFPEITHI']",4.049999999999997,0.4,[ 0.   1.4  2.   4.   5.4 46.   1.2  2.4  0.2  6.8  8.6 15.   0.4],0.4547618162945605,0.4416070542810472,0.6292584366489065,0.6292584366489065,0.0,0.0,0.632694865059267,0.0034364284103605147,0.014989293361884367,0.6297958644731821,0.0005374278242756825,0.021413276231263382,0.6262312097007354,-0.0030272269481710357,0.042826552462526764,0.628477366598695,-0.0007810700502114409,0.057815845824411134,0.8028730828286893,0.17361464617978284,0.49250535331905776,0.6333878068194281,0.004129370170521618,0.012847965738758028,0.647144769084648,0.01788633243574156,0.025695931477516056,0.6292602699317387,1.833282832208738e-06,0.0021413276231263384,0.6414277426011983,0.01216930595229182,0.0728051391862955,0.6175717275897208,-0.011686709059185674,0.09207708779443254,0.692753102131344,0.06349466548243754,0.16059957173447537,0.6306172263794225,0.0013587897305160634,0.004282655246252677,SNYLFTKL,0.17361464617978284,VIVRFLTV,-0.011686709059185674
224,AV6-5-CALSDGGTGSKLSF-AJ58_BV17-CASSPGLGGRFNEQYF-BJ2-7,6,multi-specific,"['RAYLFNSV', 'RTYTYEKL', 'VGPRYTNL', 'VIVRFLTV']",4,"[0.10683760683760682, 0.13461538461538458, 0.12179487179487178, 0.19871794871794868]",VIVRFLTV,0.19871794871794868,VIVRFLTV,0.20952380952380953,True,"['HIYEFPQL', 'INFDFPKL', 'RAYLFNSV', 'RTYTYEKL', 'SNYLFTKL', 'SVYVYKVL', 'VGPRYTNL', 'VIVRFLTV', 'VSFTYRYL']",9,"['ATLVFHNL', 'SSYTFPKM', 'VAFDFTKV', 'SYFPEITHI']",7.849999999999998,0.5,"[ 1.5         4.          4.83333333  8.33333333 10.5         5.66666667
  3.5         7.          0.          9.5        15.5         7.16666667
  0.5       ]",0.746450574699081,0.0882809612176154,0.6246649499293377,0.625824250678118,0.0011593007487802343,0.01923076923076923,0.6814389447895838,0.056773994860246035,0.05128205128205127,0.6294609220934348,0.0047959721640971065,0.061965811965811954,0.6087851045717521,-0.015879845357585687,0.10683760683760682,0.6388021383984482,0.014137188469110495,0.13461538461538458,0.622728526374175,-0.0019364235551627695,0.07264957264957264,0.625337712373356,0.00067276244401826,0.044871794871794865,0.6296835989111365,0.005018648981798712,0.08974358974358973,0.6246649499293377,0.0,0.0,0.6359445326529196,0.011279582723581871,0.12179487179487178,0.5720391114775328,-0.05262583845180491,0.19871794871794868,0.6547498634688497,0.030084913539511926,0.09188034188034187,0.6251176963249885,0.00045274639565073826,0.006410256410256409,HIYEFPQL,0.056773994860246035,VIVRFLTV,-0.05262583845180491
225,AV6-7/DV9-CALGEGNNAPRF-AJ43*p03_BV2-CASSHRDTYNSPLYF-BJ1-6,6,multi-specific,"['ATLVFHNL', 'VIVRFLTV', 'VSFTYRYL']",3,"[0.48684210526315785, 0.10526315789473682, 0.10526315789473682]",ATLVFHNL,0.48684210526315785,ATLVFHNL,0.6,True,"['ATLVFHNL', 'RTYTYEKL', 'SNYLFTKL', 'VGPRYTNL', 'VIVRFLTV', 'VSFTYRYL']",6,"['HIYEFPQL', 'INFDFPKL', 'RAYLFNSV', 'SSYTFPKM', 'SVYVYKVL', 'VAFDFTKV', 'SYFPEITHI']",1.0,0.16666666666666666,"[6.16666667 0.16666667 0.5        0.33333333 0.83333333 0.83333333
 0.         0.16666667 0.         0.83333333 1.33333333 1.33333333
 0.16666667]",0.01179130199297298,0.9823138667112136,0.5820918368150798,0.2539140933403159,-0.3281777434747639,0.48684210526315785,0.582787829873464,0.0006959930583841922,0.013157894736842103,0.6148763234592838,0.03278448664420397,0.039473684210526314,0.5867939936760275,0.004702156860947659,0.026315789473684206,0.6436649786682248,0.061573141853145,0.06578947368421052,0.5950745225939088,0.012982685778828995,0.06578947368421052,0.5820918368150798,0.0,0.0,0.5831840499666614,0.0010922131515815892,0.013157894736842103,0.5820918368150798,0.0,0.0,0.5871488496936575,0.005057012878577738,0.06578947368421052,0.6161581269353007,0.03406629012022089,0.10526315789473682,0.656288583994538,0.07419674717945823,0.10526315789473682,0.582787829873464,0.0006959930583841922,0.013157894736842103,VSFTYRYL,0.07419674717945823,ATLVFHNL,-0.3281777434747639
226,AV16/DV11-CAMREAGYQNFYF-AJ49_BV4-CEGDRNNSPLYF-BJ1-6,7,multi-specific,"['RAYLFNSV', 'SVYVYKVL', 'VAFDFTKV', 'VIVRFLTV', 'VSFTYRYL']",5,"[0.7457627118644068, 0.05084745762711864, 0.05084745762711864, 0.05084745762711864, 0.05084745762711864]",RAYLFNSV,0.7457627118644068,RAYLFNSV,1.0,True,"['RAYLFNSV', 'SVYVYKVL', 'VAFDFTKV', 'VIVRFLTV', 'VSFTYRYL']",5,"['ATLVFHNL', 'HIYEFPQL', 'INFDFPKL', 'RTYTYEKL', 'SNYLFTKL', 'SSYTFPKM', 'VGPRYTNL', 'SYFPEITHI']",0.25,0.0,"[0.         0.         0.         6.28571429 0.14285714 0.
 0.14285714 0.42857143 0.42857143 0.14285714 0.42857143 0.42857143
 0.        ]",0.3479405277443922,0.44441358803931635,0.5740942658119063,0.5740942658119063,0.0,0.0,0.5740942658119063,0.0,0.0,0.5740942658119063,0.0,0.0,0.20422203920999607,-0.3698722266019102,0.7457627118644068,0.5766079041214321,0.0025136383095258896,0.01694915254237288,0.5740942658119063,0.0,0.0,0.5908526081261419,0.016758342314235675,0.01694915254237288,0.5900434073055856,0.01594914149367932,0.05084745762711864,0.580054753302714,0.005960487490807798,0.05084745762711864,0.5958614750941713,0.021767209282265054,0.01694915254237288,0.5925005820956266,0.01840631628372036,0.05084745762711864,0.5712711046420608,-0.0028231611698454895,0.05084745762711864,0.5740942658119063,0.0,0.0,VIVRFLTV,0.01840631628372036,RAYLFNSV,-0.3698722266019102
227,AV14-2-CAAHTGYQNFYF-AJ49_BV17-CASSKTWGVNYAEQFF-BJ2-1,6,multi-specific,"['HIYEFPQL', 'RTYTYEKL', 'SNYLFTKL', 'SSYTFPKM', 'VIVRFLTV']",5,"[0.11842105263157897, 0.09210526315789476, 0.1710526315789474, 0.3421052631578948, 0.10526315789473685]",SSYTFPKM,0.3421052631578948,SSYTFPKM,0.46153846153846156,True,"['HIYEFPQL', 'RTYTYEKL', 'SNYLFTKL', 'SSYTFPKM', 'SVYVYKVL', 'VIVRFLTV']",6,"['ATLVFHNL', 'INFDFPKL', 'RAYLFNSV', 'VAFDFTKV', 'VGPRYTNL', 'VSFTYRYL', 'SYFPEITHI']",1.0,0.16666666666666666,"[0.         1.5        0.16666667 0.5        1.16666667 2.16666667
 4.33333333 0.66666667 0.16666667 0.         1.33333333 0.5
 0.16666667]",-0.034527048320249734,0.948230007661391,0.540980172170786,0.540980172170786,0.0,0.0,0.5551413385954426,0.01416116642465659,0.11842105263157897,0.5468330061457461,0.00585283397496017,0.013157894736842106,0.5462577006272411,0.005277528456455127,0.03947368421052632,0.5521692925537722,0.01118912038298625,0.09210526315789476,0.5574518789117431,0.016471706740957104,0.1710526315789474,0.37339828326517144,-0.16758188890561454,0.3421052631578948,0.5473570358482207,0.00637686367743473,0.052631578947368425,0.5412987678638845,0.0003185956930985556,0.013157894736842106,0.540980172170786,0.0,0.0,0.5652231308322461,0.02424295866146009,0.10526315789473685,0.5511903540961408,0.010210181925354833,0.03947368421052632,0.5412987678638845,0.0003185956930985556,0.013157894736842106,VIVRFLTV,0.02424295866146009,SSYTFPKM,-0.16758188890561454
228,AV4-3-CAADQGGRALIF-AJ15_BV13-2-CASGWAPLGDYEQYF-BJ2-7,11,multi-specific,"['RTYTYEKL', 'SSYTFPKM', 'VGPRYTNL', 'VIVRFLTV', 'VSFTYRYL']",5,"[0.10084033613445377, 0.06722689075630252, 0.050420168067226885, 0.07563025210084034, 0.6470588235294118]",VSFTYRYL,0.6470588235294118,VSFTYRYL,0.8571428571428571,True,"['RTYTYEKL', 'SSYTFPKM', 'VGPRYTNL', 'VIVRFLTV', 'VSFTYRYL']",5,"['ATLVFHNL', 'HIYEFPQL', 'INFDFPKL', 'RAYLFNSV', 'SNYLFTKL', 'SVYVYKVL', 'VAFDFTKV', 'SYFPEITHI']",0.0,0.0,"[0.         0.09090909 0.         0.18181818 1.09090909 0.09090909
 0.72727273 0.         0.27272727 0.54545455 0.81818182 7.
 0.        ]",-0.2296879181179863,0.49687469899948467,0.5002490998731293,0.5002490998731293,0.0,0.0,0.5018946827125368,0.0016455828394075223,0.008403361344537815,0.5002490998731293,0.0,0.0,0.5011704834317124,0.0009213835585831776,0.01680672268907563,0.5259289344431926,0.025679834570063287,0.10084033613445377,0.5005971231905115,0.0003480233173822622,0.008403361344537815,0.5074760182060387,0.007226918332909449,0.06722689075630252,0.5002490998731293,0.0,0.0,0.5259325945085749,0.025683494635445614,0.025210084033613443,0.6022652353367376,0.10201613546360833,0.050420168067226885,0.5039186216274407,0.0036695217543114556,0.07563025210084034,0.3286031725797076,-0.17164592729342165,0.6470588235294118,0.5002490998731293,0.0,0.0,VGPRYTNL,0.10201613546360833,VSFTYRYL,-0.17164592729342165
