,sample,percentile,thresh_ly49c,clonotype,mean_coherence,n_cells
0,D7A,1.0,38.0,AV14-2-CAASASSGSWQLIF-AJ22_BV31-CAWSLAGSGNTLYF-BJ1-3,0.18697872929147571,72
1,D7A,1.0,38.0,AV14D-1-CAASSAGNTGKLIF-AJ37_BV31-CAWSARGSGNTLYF-BJ1-3,0.12864110909701276,15
2,D7A,1.0,38.0,AV8D-2-CATDTGGLSGKLTF-AJ2_BV13-1-CASSPGQYAEQFF-BJ2-1,0.16185625627444744,11
3,D7A,1.0,38.0,AV8D-2-CATDGQGGRALIF-AJ15_BV3-CASSPQGHSDYTF-BJ1-2,0.1723850174432701,10
4,D7A,1.0,38.0,AV13N-3-CASSGSWQLIF-AJ22_BV31-CAWSLAGSGNTLYF-BJ1-3,0.16236056684892894,22
5,D7A,1.0,38.0,AV15-1/DV6-1-CALWEPPHNNNAPRF-AJ43_BV16-CASSLRTGVYEQYF-BJ2-7,0.13309057916483222,14
6,D7A,1.0,38.0,AV14-2-CAASGAGYQNFYF-AJ49_BV16-CASSATGGFEQYF-BJ2-7,0.38622901710814794,5
7,D7A,0.995,32.819999999999936,AV14-2-CAASASSGSWQLIF-AJ22_BV31-CAWSLAGSGNTLYF-BJ1-3,0.18697872929147571,72
8,D7A,0.995,32.819999999999936,AV14D-1-CAASSAGNTGKLIF-AJ37_BV31-CAWSARGSGNTLYF-BJ1-3,0.12864110909701276,15
9,D7A,0.995,32.819999999999936,AV8D-2-CATDTGGLSGKLTF-AJ2_BV13-1-CASSPGQYAEQFF-BJ2-1,0.17298773094997014,10
10,D7A,0.995,32.819999999999936,AV8D-2-CATDGQGGRALIF-AJ15_BV3-CASSPQGHSDYTF-BJ1-2,0.1723850174432701,10
11,D7A,0.995,32.819999999999936,AV13N-3-CASSGSWQLIF-AJ22_BV31-CAWSLAGSGNTLYF-BJ1-3,0.16236056684892894,22
12,D7A,0.995,32.819999999999936,AV15-1/DV6-1-CALWEPPHNNNAPRF-AJ43_BV16-CASSLRTGVYEQYF-BJ2-7,0.13309057916483222,14
13,D7A,0.995,32.819999999999936,AV14-2-CAASGAGYQNFYF-AJ49_BV16-CASSATGGFEQYF-BJ2-7,0.38622901710814794,5
14,D7A,0.99,25.720000000000113,AV14-2-CAASASSGSWQLIF-AJ22_BV31-CAWSLAGSGNTLYF-BJ1-3,0.1854507841027534,71
15,D7A,0.99,25.720000000000113,AV14D-1-CAASSAGNTGKLIF-AJ37_BV31-CAWSARGSGNTLYF-BJ1-3,0.12864110909701276,15
16,D7A,0.99,25.720000000000113,AV8D-2-CATDTGGLSGKLTF-AJ2_BV13-1-CASSPGQYAEQFF-BJ2-1,0.17298773094997014,10
17,D7A,0.99,25.720000000000113,AV8D-2-CATDGQGGRALIF-AJ15_BV3-CASSPQGHSDYTF-BJ1-2,0.1723850174432701,10
18,D7A,0.99,25.720000000000113,AV13N-3-CASSGSWQLIF-AJ22_BV31-CAWSLAGSGNTLYF-BJ1-3,0.16236056684892894,22
19,D7A,0.99,25.720000000000113,AV15-1/DV6-1-CALWEPPHNNNAPRF-AJ43_BV16-CASSLRTGVYEQYF-BJ2-7,0.13309057916483222,14
20,D7A,0.99,25.720000000000113,AV14-2-CAASGAGYQNFYF-AJ49_BV16-CASSATGGFEQYF-BJ2-7,0.38622901710814794,5
21,D7A,0.985,19.120000000000005,AV14-2-CAASASSGSWQLIF-AJ22_BV31-CAWSLAGSGNTLYF-BJ1-3,0.18608691355531054,70
22,D7A,0.985,19.120000000000005,AV14D-1-CAASSAGNTGKLIF-AJ37_BV31-CAWSARGSGNTLYF-BJ1-3,0.12864110909701276,15
23,D7A,0.985,19.120000000000005,AV8D-2-CATDTGGLSGKLTF-AJ2_BV13-1-CASSPGQYAEQFF-BJ2-1,0.17298773094997014,10
24,D7A,0.985,19.120000000000005,AV8D-2-CATDGQGGRALIF-AJ15_BV3-CASSPQGHSDYTF-BJ1-2,0.1723850174432701,10
25,D7A,0.985,19.120000000000005,AV13N-3-CASSGSWQLIF-AJ22_BV31-CAWSLAGSGNTLYF-BJ1-3,0.16236056684892894,22
26,D7A,0.985,19.120000000000005,AV15-1/DV6-1-CALWEPPHNNNAPRF-AJ43_BV16-CASSLRTGVYEQYF-BJ2-7,0.13309057916483222,14
27,D7A,0.985,19.120000000000005,AV14-2-CAASGAGYQNFYF-AJ49_BV16-CASSATGGFEQYF-BJ2-7,0.38622901710814794,5
28,D7A,0.98,16.159999999999968,AV14-2-CAASASSGSWQLIF-AJ22_BV31-CAWSLAGSGNTLYF-BJ1-3,0.18608691355531054,70
29,D7A,0.98,16.159999999999968,AV14D-1-CAASSAGNTGKLIF-AJ37_BV31-CAWSARGSGNTLYF-BJ1-3,0.12864110909701276,15
30,D7A,0.98,16.159999999999968,AV8D-2-CATDTGGLSGKLTF-AJ2_BV13-1-CASSPGQYAEQFF-BJ2-1,0.17298773094997014,10
31,D7A,0.98,16.159999999999968,AV8D-2-CATDGQGGRALIF-AJ15_BV3-CASSPQGHSDYTF-BJ1-2,0.1723850174432701,10
32,D7A,0.98,16.159999999999968,AV13N-3-CASSGSWQLIF-AJ22_BV31-CAWSLAGSGNTLYF-BJ1-3,0.16236056684892894,22
33,D7A,0.98,16.159999999999968,AV15-1/DV6-1-CALWEPPHNNNAPRF-AJ43_BV16-CASSLRTGVYEQYF-BJ2-7,0.13309057916483222,14
34,D7A,0.98,16.159999999999968,AV14-2-CAASGAGYQNFYF-AJ49_BV16-CASSATGGFEQYF-BJ2-7,0.38622901710814794,5
35,D7A,0.975,11.09999999999988,AV14-2-CAASASSGSWQLIF-AJ22_BV31-CAWSLAGSGNTLYF-BJ1-3,0.18608691355531054,70
36,D7A,0.975,11.09999999999988,AV14D-1-CAASSAGNTGKLIF-AJ37_BV31-CAWSARGSGNTLYF-BJ1-3,0.12491011645451221,14
37,D7A,0.975,11.09999999999988,AV8D-2-CATDTGGLSGKLTF-AJ2_BV13-1-CASSPGQYAEQFF-BJ2-1,0.17298773094997014,10
38,D7A,0.975,11.09999999999988,AV8D-2-CATDGQGGRALIF-AJ15_BV3-CASSPQGHSDYTF-BJ1-2,0.1723850174432701,10
39,D7A,0.975,11.09999999999988,AV13N-3-CASSGSWQLIF-AJ22_BV31-CAWSLAGSGNTLYF-BJ1-3,0.16236056684892894,22
40,D7A,0.975,11.09999999999988,AV15-1/DV6-1-CALWEPPHNNNAPRF-AJ43_BV16-CASSLRTGVYEQYF-BJ2-7,0.13309057916483222,14
41,D7A,0.975,11.09999999999988,AV14-2-CAASGAGYQNFYF-AJ49_BV16-CASSATGGFEQYF-BJ2-7,0.38622901710814794,5
42,D7A,0.97,9.0,AV14-2-CAASASSGSWQLIF-AJ22_BV31-CAWSLAGSGNTLYF-BJ1-3,0.18608691355531054,70
43,D7A,0.97,9.0,AV14D-1-CAASSAGNTGKLIF-AJ37_BV31-CAWSARGSGNTLYF-BJ1-3,0.12491011645451221,14
44,D7A,0.97,9.0,AV8D-2-CATDTGGLSGKLTF-AJ2_BV13-1-CASSPGQYAEQFF-BJ2-1,0.17298773094997014,10
45,D7A,0.97,9.0,AV8D-2-CATDGQGGRALIF-AJ15_BV3-CASSPQGHSDYTF-BJ1-2,0.1723850174432701,10
46,D7A,0.97,9.0,AV13N-3-CASSGSWQLIF-AJ22_BV31-CAWSLAGSGNTLYF-BJ1-3,0.16236056684892894,22
47,D7A,0.97,9.0,AV15-1/DV6-1-CALWEPPHNNNAPRF-AJ43_BV16-CASSLRTGVYEQYF-BJ2-7,0.13309057916483222,14
48,D7A,0.97,9.0,AV14-2-CAASGAGYQNFYF-AJ49_BV16-CASSATGGFEQYF-BJ2-7,0.38622901710814794,5
49,D7A,0.965,8.639999999999986,AV14-2-CAASASSGSWQLIF-AJ22_BV31-CAWSLAGSGNTLYF-BJ1-3,0.18512869901518297,69
50,D7A,0.965,8.639999999999986,AV14D-1-CAASSAGNTGKLIF-AJ37_BV31-CAWSARGSGNTLYF-BJ1-3,0.12491011645451221,14
51,D7A,0.965,8.639999999999986,AV8D-2-CATDTGGLSGKLTF-AJ2_BV13-1-CASSPGQYAEQFF-BJ2-1,0.17298773094997014,10
52,D7A,0.965,8.639999999999986,AV8D-2-CATDGQGGRALIF-AJ15_BV3-CASSPQGHSDYTF-BJ1-2,0.1723850174432701,10
53,D7A,0.965,8.639999999999986,AV13N-3-CASSGSWQLIF-AJ22_BV31-CAWSLAGSGNTLYF-BJ1-3,0.16236056684892894,22
54,D7A,0.965,8.639999999999986,AV15-1/DV6-1-CALWEPPHNNNAPRF-AJ43_BV16-CASSLRTGVYEQYF-BJ2-7,0.12001319734368487,13
55,D7A,0.965,8.639999999999986,AV14-2-CAASGAGYQNFYF-AJ49_BV16-CASSATGGFEQYF-BJ2-7,0.38622901710814794,5
56,D7A,0.96,7.159999999999968,AV14-2-CAASASSGSWQLIF-AJ22_BV31-CAWSLAGSGNTLYF-BJ1-3,0.18512869901518297,69
57,D7A,0.96,7.159999999999968,AV14D-1-CAASSAGNTGKLIF-AJ37_BV31-CAWSARGSGNTLYF-BJ1-3,0.12491011645451221,14
58,D7A,0.96,7.159999999999968,AV8D-2-CATDTGGLSGKLTF-AJ2_BV13-1-CASSPGQYAEQFF-BJ2-1,0.17298773094997014,10
59,D7A,0.96,7.159999999999968,AV8D-2-CATDGQGGRALIF-AJ15_BV3-CASSPQGHSDYTF-BJ1-2,0.1723850174432701,10
60,D7A,0.96,7.159999999999968,AV13N-3-CASSGSWQLIF-AJ22_BV31-CAWSLAGSGNTLYF-BJ1-3,0.16236056684892894,22
61,D7A,0.96,7.159999999999968,AV15-1/DV6-1-CALWEPPHNNNAPRF-AJ43_BV16-CASSLRTGVYEQYF-BJ2-7,0.12001319734368487,13
62,D7A,0.96,7.159999999999968,AV14-2-CAASGAGYQNFYF-AJ49_BV16-CASSATGGFEQYF-BJ2-7,0.38622901710814794,5
63,D7A,0.955,6.340000000000003,AV14-2-CAASASSGSWQLIF-AJ22_BV31-CAWSLAGSGNTLYF-BJ1-3,0.18512869901518297,69
64,D7A,0.955,6.340000000000003,AV14D-1-CAASSAGNTGKLIF-AJ37_BV31-CAWSARGSGNTLYF-BJ1-3,0.12491011645451221,14
65,D7A,0.955,6.340000000000003,AV8D-2-CATDTGGLSGKLTF-AJ2_BV13-1-CASSPGQYAEQFF-BJ2-1,0.17298773094997014,10
66,D7A,0.955,6.340000000000003,AV8D-2-CATDGQGGRALIF-AJ15_BV3-CASSPQGHSDYTF-BJ1-2,0.1723850174432701,10
67,D7A,0.955,6.340000000000003,AV13N-3-CASSGSWQLIF-AJ22_BV31-CAWSLAGSGNTLYF-BJ1-3,0.16236056684892894,22
68,D7A,0.955,6.340000000000003,AV15-1/DV6-1-CALWEPPHNNNAPRF-AJ43_BV16-CASSLRTGVYEQYF-BJ2-7,0.12001319734368487,13
69,D7A,0.95,5.599999999999994,AV14-2-CAASASSGSWQLIF-AJ22_BV31-CAWSLAGSGNTLYF-BJ1-3,0.18267812805512998,68
70,D7A,0.95,5.599999999999994,AV14D-1-CAASSAGNTGKLIF-AJ37_BV31-CAWSARGSGNTLYF-BJ1-3,0.12491011645451221,14
71,D7A,0.95,5.599999999999994,AV8D-2-CATDTGGLSGKLTF-AJ2_BV13-1-CASSPGQYAEQFF-BJ2-1,0.17298773094997014,10
72,D7A,0.95,5.599999999999994,AV8D-2-CATDGQGGRALIF-AJ15_BV3-CASSPQGHSDYTF-BJ1-2,0.1723850174432701,10
73,D7A,0.95,5.599999999999994,AV13N-3-CASSGSWQLIF-AJ22_BV31-CAWSLAGSGNTLYF-BJ1-3,0.16236056684892894,22
74,D7A,0.95,5.599999999999994,AV15-1/DV6-1-CALWEPPHNNNAPRF-AJ43_BV16-CASSLRTGVYEQYF-BJ2-7,0.12001319734368487,13
75,D7A,0.945,5.0,AV14-2-CAASASSGSWQLIF-AJ22_BV31-CAWSLAGSGNTLYF-BJ1-3,0.18267812805512998,68
76,D7A,0.945,5.0,AV14D-1-CAASSAGNTGKLIF-AJ37_BV31-CAWSARGSGNTLYF-BJ1-3,0.12491011645451221,14
77,D7A,0.945,5.0,AV8D-2-CATDTGGLSGKLTF-AJ2_BV13-1-CASSPGQYAEQFF-BJ2-1,0.17298773094997014,10
78,D7A,0.945,5.0,AV8D-2-CATDGQGGRALIF-AJ15_BV3-CASSPQGHSDYTF-BJ1-2,0.1723850174432701,10
79,D7A,0.945,5.0,AV13N-3-CASSGSWQLIF-AJ22_BV31-CAWSLAGSGNTLYF-BJ1-3,0.16236056684892894,22
80,D7A,0.945,5.0,AV15-1/DV6-1-CALWEPPHNNNAPRF-AJ43_BV16-CASSLRTGVYEQYF-BJ2-7,0.12001319734368487,13
81,D7A,0.94,5.0,AV14-2-CAASASSGSWQLIF-AJ22_BV31-CAWSLAGSGNTLYF-BJ1-3,0.18267812805512998,68
82,D7A,0.94,5.0,AV14D-1-CAASSAGNTGKLIF-AJ37_BV31-CAWSARGSGNTLYF-BJ1-3,0.12491011645451221,14
83,D7A,0.94,5.0,AV8D-2-CATDTGGLSGKLTF-AJ2_BV13-1-CASSPGQYAEQFF-BJ2-1,0.17298773094997014,10
84,D7A,0.94,5.0,AV8D-2-CATDGQGGRALIF-AJ15_BV3-CASSPQGHSDYTF-BJ1-2,0.1723850174432701,10
85,D7A,0.94,5.0,AV13N-3-CASSGSWQLIF-AJ22_BV31-CAWSLAGSGNTLYF-BJ1-3,0.16236056684892894,22
86,D7A,0.94,5.0,AV15-1/DV6-1-CALWEPPHNNNAPRF-AJ43_BV16-CASSLRTGVYEQYF-BJ2-7,0.12001319734368487,13
87,D7A,0.935,5.0,AV14-2-CAASASSGSWQLIF-AJ22_BV31-CAWSLAGSGNTLYF-BJ1-3,0.18267812805512998,68
88,D7A,0.935,5.0,AV14D-1-CAASSAGNTGKLIF-AJ37_BV31-CAWSARGSGNTLYF-BJ1-3,0.12491011645451221,14
89,D7A,0.935,5.0,AV8D-2-CATDTGGLSGKLTF-AJ2_BV13-1-CASSPGQYAEQFF-BJ2-1,0.17298773094997014,10
90,D7A,0.935,5.0,AV8D-2-CATDGQGGRALIF-AJ15_BV3-CASSPQGHSDYTF-BJ1-2,0.1723850174432701,10
91,D7A,0.935,5.0,AV13N-3-CASSGSWQLIF-AJ22_BV31-CAWSLAGSGNTLYF-BJ1-3,0.16236056684892894,22
92,D7A,0.935,5.0,AV15-1/DV6-1-CALWEPPHNNNAPRF-AJ43_BV16-CASSLRTGVYEQYF-BJ2-7,0.12001319734368487,13
93,D7A,0.9299999999999999,4.639999999999986,AV14-2-CAASASSGSWQLIF-AJ22_BV31-CAWSLAGSGNTLYF-BJ1-3,0.18079237935806222,67
94,D7A,0.9299999999999999,4.639999999999986,AV14D-1-CAASSAGNTGKLIF-AJ37_BV31-CAWSARGSGNTLYF-BJ1-3,0.12491011645451221,14
95,D7A,0.9299999999999999,4.639999999999986,AV8D-2-CATDTGGLSGKLTF-AJ2_BV13-1-CASSPGQYAEQFF-BJ2-1,0.17298773094997014,10
96,D7A,0.9299999999999999,4.639999999999986,AV8D-2-CATDGQGGRALIF-AJ15_BV3-CASSPQGHSDYTF-BJ1-2,0.1723850174432701,10
97,D7A,0.9299999999999999,4.639999999999986,AV13N-3-CASSGSWQLIF-AJ22_BV31-CAWSLAGSGNTLYF-BJ1-3,0.1674221218856444,20
98,D7A,0.9299999999999999,4.639999999999986,AV15-1/DV6-1-CALWEPPHNNNAPRF-AJ43_BV16-CASSLRTGVYEQYF-BJ2-7,0.12001319734368487,13
99,D7A,0.925,3.9000000000000057,AV14-2-CAASASSGSWQLIF-AJ22_BV31-CAWSLAGSGNTLYF-BJ1-3,0.18079237935806222,67
100,D7A,0.925,3.9000000000000057,AV14D-1-CAASSAGNTGKLIF-AJ37_BV31-CAWSARGSGNTLYF-BJ1-3,0.12491011645451221,14
101,D7A,0.925,3.9000000000000057,AV8D-2-CATDTGGLSGKLTF-AJ2_BV13-1-CASSPGQYAEQFF-BJ2-1,0.17298773094997014,10
102,D7A,0.925,3.9000000000000057,AV8D-2-CATDGQGGRALIF-AJ15_BV3-CASSPQGHSDYTF-BJ1-2,0.1723850174432701,10
103,D7A,0.925,3.9000000000000057,AV13N-3-CASSGSWQLIF-AJ22_BV31-CAWSLAGSGNTLYF-BJ1-3,0.16307350001787388,19
104,D7A,0.925,3.9000000000000057,AV15-1/DV6-1-CALWEPPHNNNAPRF-AJ43_BV16-CASSLRTGVYEQYF-BJ2-7,0.12001319734368487,13
105,D7A,0.92,3.1599999999999966,AV14-2-CAASASSGSWQLIF-AJ22_BV31-CAWSLAGSGNTLYF-BJ1-3,0.18079237935806222,67
106,D7A,0.92,3.1599999999999966,AV14D-1-CAASSAGNTGKLIF-AJ37_BV31-CAWSARGSGNTLYF-BJ1-3,0.12491011645451221,14
107,D7A,0.92,3.1599999999999966,AV8D-2-CATDTGGLSGKLTF-AJ2_BV13-1-CASSPGQYAEQFF-BJ2-1,0.17298773094997014,10
108,D7A,0.92,3.1599999999999966,AV8D-2-CATDGQGGRALIF-AJ15_BV3-CASSPQGHSDYTF-BJ1-2,0.1723850174432701,10
109,D7A,0.92,3.1599999999999966,AV13N-3-CASSGSWQLIF-AJ22_BV31-CAWSLAGSGNTLYF-BJ1-3,0.16307350001787388,19
110,D7A,0.92,3.1599999999999966,AV15-1/DV6-1-CALWEPPHNNNAPRF-AJ43_BV16-CASSLRTGVYEQYF-BJ2-7,0.12001319734368487,13
111,D7A,0.915,3.0,AV14-2-CAASASSGSWQLIF-AJ22_BV31-CAWSLAGSGNTLYF-BJ1-3,0.18079237935806222,67
112,D7A,0.915,3.0,AV14D-1-CAASSAGNTGKLIF-AJ37_BV31-CAWSARGSGNTLYF-BJ1-3,0.12491011645451221,14
113,D7A,0.915,3.0,AV8D-2-CATDTGGLSGKLTF-AJ2_BV13-1-CASSPGQYAEQFF-BJ2-1,0.17298773094997014,10
114,D7A,0.915,3.0,AV8D-2-CATDGQGGRALIF-AJ15_BV3-CASSPQGHSDYTF-BJ1-2,0.1723850174432701,10
115,D7A,0.915,3.0,AV13N-3-CASSGSWQLIF-AJ22_BV31-CAWSLAGSGNTLYF-BJ1-3,0.16307350001787388,19
116,D7A,0.915,3.0,AV15-1/DV6-1-CALWEPPHNNNAPRF-AJ43_BV16-CASSLRTGVYEQYF-BJ2-7,0.12001319734368487,13
117,D7A,0.91,3.0,AV14-2-CAASASSGSWQLIF-AJ22_BV31-CAWSLAGSGNTLYF-BJ1-3,0.18079237935806222,67
118,D7A,0.91,3.0,AV14D-1-CAASSAGNTGKLIF-AJ37_BV31-CAWSARGSGNTLYF-BJ1-3,0.12491011645451221,14
119,D7A,0.91,3.0,AV8D-2-CATDTGGLSGKLTF-AJ2_BV13-1-CASSPGQYAEQFF-BJ2-1,0.17298773094997014,10
120,D7A,0.91,3.0,AV8D-2-CATDGQGGRALIF-AJ15_BV3-CASSPQGHSDYTF-BJ1-2,0.1723850174432701,10
121,D7A,0.91,3.0,AV13N-3-CASSGSWQLIF-AJ22_BV31-CAWSLAGSGNTLYF-BJ1-3,0.16307350001787388,19
122,D7A,0.91,3.0,AV15-1/DV6-1-CALWEPPHNNNAPRF-AJ43_BV16-CASSLRTGVYEQYF-BJ2-7,0.12001319734368487,13
123,D7A,0.905,3.0,AV14-2-CAASASSGSWQLIF-AJ22_BV31-CAWSLAGSGNTLYF-BJ1-3,0.18079237935806222,67
124,D7A,0.905,3.0,AV14D-1-CAASSAGNTGKLIF-AJ37_BV31-CAWSARGSGNTLYF-BJ1-3,0.12491011645451221,14
125,D7A,0.905,3.0,AV8D-2-CATDTGGLSGKLTF-AJ2_BV13-1-CASSPGQYAEQFF-BJ2-1,0.17298773094997014,10
126,D7A,0.905,3.0,AV8D-2-CATDGQGGRALIF-AJ15_BV3-CASSPQGHSDYTF-BJ1-2,0.1723850174432701,10
127,D7A,0.905,3.0,AV13N-3-CASSGSWQLIF-AJ22_BV31-CAWSLAGSGNTLYF-BJ1-3,0.16307350001787388,19
128,D7A,0.905,3.0,AV15-1/DV6-1-CALWEPPHNNNAPRF-AJ43_BV16-CASSLRTGVYEQYF-BJ2-7,0.12001319734368487,13
129,D7A,0.9,3.0,AV14-2-CAASASSGSWQLIF-AJ22_BV31-CAWSLAGSGNTLYF-BJ1-3,0.18079237935806222,67
130,D7A,0.9,3.0,AV14D-1-CAASSAGNTGKLIF-AJ37_BV31-CAWSARGSGNTLYF-BJ1-3,0.12491011645451221,14
131,D7A,0.9,3.0,AV8D-2-CATDTGGLSGKLTF-AJ2_BV13-1-CASSPGQYAEQFF-BJ2-1,0.17298773094997014,10
132,D7A,0.9,3.0,AV8D-2-CATDGQGGRALIF-AJ15_BV3-CASSPQGHSDYTF-BJ1-2,0.1723850174432701,10
133,D7A,0.9,3.0,AV13N-3-CASSGSWQLIF-AJ22_BV31-CAWSLAGSGNTLYF-BJ1-3,0.16307350001787388,19
134,D7A,0.9,3.0,AV15-1/DV6-1-CALWEPPHNNNAPRF-AJ43_BV16-CASSLRTGVYEQYF-BJ2-7,0.12001319734368487,13
135,D7A,0.895,3.0,AV14-2-CAASASSGSWQLIF-AJ22_BV31-CAWSLAGSGNTLYF-BJ1-3,0.18079237935806222,67
136,D7A,0.895,3.0,AV14D-1-CAASSAGNTGKLIF-AJ37_BV31-CAWSARGSGNTLYF-BJ1-3,0.12491011645451221,14
137,D7A,0.895,3.0,AV8D-2-CATDTGGLSGKLTF-AJ2_BV13-1-CASSPGQYAEQFF-BJ2-1,0.17298773094997014,10
138,D7A,0.895,3.0,AV8D-2-CATDGQGGRALIF-AJ15_BV3-CASSPQGHSDYTF-BJ1-2,0.1723850174432701,10
139,D7A,0.895,3.0,AV13N-3-CASSGSWQLIF-AJ22_BV31-CAWSLAGSGNTLYF-BJ1-3,0.16307350001787388,19
140,D7A,0.895,3.0,AV15-1/DV6-1-CALWEPPHNNNAPRF-AJ43_BV16-CASSLRTGVYEQYF-BJ2-7,0.12001319734368487,13
141,D7A,0.89,3.0,AV14-2-CAASASSGSWQLIF-AJ22_BV31-CAWSLAGSGNTLYF-BJ1-3,0.18079237935806222,67
142,D7A,0.89,3.0,AV14D-1-CAASSAGNTGKLIF-AJ37_BV31-CAWSARGSGNTLYF-BJ1-3,0.12491011645451221,14
143,D7A,0.89,3.0,AV8D-2-CATDTGGLSGKLTF-AJ2_BV13-1-CASSPGQYAEQFF-BJ2-1,0.17298773094997014,10
144,D7A,0.89,3.0,AV8D-2-CATDGQGGRALIF-AJ15_BV3-CASSPQGHSDYTF-BJ1-2,0.1723850174432701,10
145,D7A,0.89,3.0,AV13N-3-CASSGSWQLIF-AJ22_BV31-CAWSLAGSGNTLYF-BJ1-3,0.16307350001787388,19
146,D7A,0.89,3.0,AV15-1/DV6-1-CALWEPPHNNNAPRF-AJ43_BV16-CASSLRTGVYEQYF-BJ2-7,0.12001319734368487,13
147,D7A,0.885,3.0,AV14-2-CAASASSGSWQLIF-AJ22_BV31-CAWSLAGSGNTLYF-BJ1-3,0.18079237935806222,67
148,D7A,0.885,3.0,AV14D-1-CAASSAGNTGKLIF-AJ37_BV31-CAWSARGSGNTLYF-BJ1-3,0.12491011645451221,14
149,D7A,0.885,3.0,AV8D-2-CATDTGGLSGKLTF-AJ2_BV13-1-CASSPGQYAEQFF-BJ2-1,0.17298773094997014,10
150,D7A,0.885,3.0,AV8D-2-CATDGQGGRALIF-AJ15_BV3-CASSPQGHSDYTF-BJ1-2,0.1723850174432701,10
151,D7A,0.885,3.0,AV13N-3-CASSGSWQLIF-AJ22_BV31-CAWSLAGSGNTLYF-BJ1-3,0.16307350001787388,19
152,D7A,0.885,3.0,AV15-1/DV6-1-CALWEPPHNNNAPRF-AJ43_BV16-CASSLRTGVYEQYF-BJ2-7,0.12001319734368487,13
153,D7A,0.88,3.0,AV14-2-CAASASSGSWQLIF-AJ22_BV31-CAWSLAGSGNTLYF-BJ1-3,0.18079237935806222,67
154,D7A,0.88,3.0,AV14D-1-CAASSAGNTGKLIF-AJ37_BV31-CAWSARGSGNTLYF-BJ1-3,0.12491011645451221,14
155,D7A,0.88,3.0,AV8D-2-CATDTGGLSGKLTF-AJ2_BV13-1-CASSPGQYAEQFF-BJ2-1,0.17298773094997014,10
156,D7A,0.88,3.0,AV8D-2-CATDGQGGRALIF-AJ15_BV3-CASSPQGHSDYTF-BJ1-2,0.1723850174432701,10
157,D7A,0.88,3.0,AV13N-3-CASSGSWQLIF-AJ22_BV31-CAWSLAGSGNTLYF-BJ1-3,0.16307350001787388,19
158,D7A,0.88,3.0,AV15-1/DV6-1-CALWEPPHNNNAPRF-AJ43_BV16-CASSLRTGVYEQYF-BJ2-7,0.12001319734368487,13
159,D7A,0.875,3.0,AV14-2-CAASASSGSWQLIF-AJ22_BV31-CAWSLAGSGNTLYF-BJ1-3,0.18079237935806222,67
160,D7A,0.875,3.0,AV14D-1-CAASSAGNTGKLIF-AJ37_BV31-CAWSARGSGNTLYF-BJ1-3,0.12491011645451221,14
161,D7A,0.875,3.0,AV8D-2-CATDTGGLSGKLTF-AJ2_BV13-1-CASSPGQYAEQFF-BJ2-1,0.17298773094997014,10
162,D7A,0.875,3.0,AV8D-2-CATDGQGGRALIF-AJ15_BV3-CASSPQGHSDYTF-BJ1-2,0.1723850174432701,10
163,D7A,0.875,3.0,AV13N-3-CASSGSWQLIF-AJ22_BV31-CAWSLAGSGNTLYF-BJ1-3,0.16307350001787388,19
164,D7A,0.875,3.0,AV15-1/DV6-1-CALWEPPHNNNAPRF-AJ43_BV16-CASSLRTGVYEQYF-BJ2-7,0.12001319734368487,13
165,D7A,0.87,3.0,AV14-2-CAASASSGSWQLIF-AJ22_BV31-CAWSLAGSGNTLYF-BJ1-3,0.18079237935806222,67
166,D7A,0.87,3.0,AV14D-1-CAASSAGNTGKLIF-AJ37_BV31-CAWSARGSGNTLYF-BJ1-3,0.12491011645451221,14
167,D7A,0.87,3.0,AV8D-2-CATDTGGLSGKLTF-AJ2_BV13-1-CASSPGQYAEQFF-BJ2-1,0.17298773094997014,10
168,D7A,0.87,3.0,AV8D-2-CATDGQGGRALIF-AJ15_BV3-CASSPQGHSDYTF-BJ1-2,0.1723850174432701,10
169,D7A,0.87,3.0,AV13N-3-CASSGSWQLIF-AJ22_BV31-CAWSLAGSGNTLYF-BJ1-3,0.16307350001787388,19
170,D7A,0.87,3.0,AV15-1/DV6-1-CALWEPPHNNNAPRF-AJ43_BV16-CASSLRTGVYEQYF-BJ2-7,0.12001319734368487,13
171,D7A,0.865,3.0,AV14-2-CAASASSGSWQLIF-AJ22_BV31-CAWSLAGSGNTLYF-BJ1-3,0.18079237935806222,67
172,D7A,0.865,3.0,AV14D-1-CAASSAGNTGKLIF-AJ37_BV31-CAWSARGSGNTLYF-BJ1-3,0.12491011645451221,14
173,D7A,0.865,3.0,AV8D-2-CATDTGGLSGKLTF-AJ2_BV13-1-CASSPGQYAEQFF-BJ2-1,0.17298773094997014,10
174,D7A,0.865,3.0,AV8D-2-CATDGQGGRALIF-AJ15_BV3-CASSPQGHSDYTF-BJ1-2,0.1723850174432701,10
175,D7A,0.865,3.0,AV13N-3-CASSGSWQLIF-AJ22_BV31-CAWSLAGSGNTLYF-BJ1-3,0.16307350001787388,19
176,D7A,0.865,3.0,AV15-1/DV6-1-CALWEPPHNNNAPRF-AJ43_BV16-CASSLRTGVYEQYF-BJ2-7,0.12001319734368487,13
177,D7A,0.86,3.0,AV14-2-CAASASSGSWQLIF-AJ22_BV31-CAWSLAGSGNTLYF-BJ1-3,0.18079237935806222,67
178,D7A,0.86,3.0,AV14D-1-CAASSAGNTGKLIF-AJ37_BV31-CAWSARGSGNTLYF-BJ1-3,0.12491011645451221,14
179,D7A,0.86,3.0,AV8D-2-CATDTGGLSGKLTF-AJ2_BV13-1-CASSPGQYAEQFF-BJ2-1,0.17298773094997014,10
180,D7A,0.86,3.0,AV8D-2-CATDGQGGRALIF-AJ15_BV3-CASSPQGHSDYTF-BJ1-2,0.1723850174432701,10
181,D7A,0.86,3.0,AV13N-3-CASSGSWQLIF-AJ22_BV31-CAWSLAGSGNTLYF-BJ1-3,0.16307350001787388,19
182,D7A,0.86,3.0,AV15-1/DV6-1-CALWEPPHNNNAPRF-AJ43_BV16-CASSLRTGVYEQYF-BJ2-7,0.12001319734368487,13
183,D7A,0.855,2.539999999999992,AV14-2-CAASASSGSWQLIF-AJ22_BV31-CAWSLAGSGNTLYF-BJ1-3,0.1778844709592119,61
184,D7A,0.855,2.539999999999992,AV14D-1-CAASSAGNTGKLIF-AJ37_BV31-CAWSARGSGNTLYF-BJ1-3,0.12491011645451221,14
185,D7A,0.855,2.539999999999992,AV8D-2-CATDTGGLSGKLTF-AJ2_BV13-1-CASSPGQYAEQFF-BJ2-1,0.17298773094997014,10
186,D7A,0.855,2.539999999999992,AV8D-2-CATDGQGGRALIF-AJ15_BV3-CASSPQGHSDYTF-BJ1-2,0.17792322375777653,9
187,D7A,0.855,2.539999999999992,AV13N-3-CASSGSWQLIF-AJ22_BV31-CAWSLAGSGNTLYF-BJ1-3,0.15747545153205933,17
188,D7A,0.855,2.539999999999992,AV15-1/DV6-1-CALWEPPHNNNAPRF-AJ43_BV16-CASSLRTGVYEQYF-BJ2-7,0.12001319734368487,13
189,D7A,0.85,2.0,AV14-2-CAASASSGSWQLIF-AJ22_BV31-CAWSLAGSGNTLYF-BJ1-3,0.1778844709592119,61
190,D7A,0.85,2.0,AV14D-1-CAASSAGNTGKLIF-AJ37_BV31-CAWSARGSGNTLYF-BJ1-3,0.12491011645451221,14
191,D7A,0.85,2.0,AV8D-2-CATDTGGLSGKLTF-AJ2_BV13-1-CASSPGQYAEQFF-BJ2-1,0.17298773094997014,10
192,D7A,0.85,2.0,AV8D-2-CATDGQGGRALIF-AJ15_BV3-CASSPQGHSDYTF-BJ1-2,0.17792322375777653,9
193,D7A,0.85,2.0,AV13N-3-CASSGSWQLIF-AJ22_BV31-CAWSLAGSGNTLYF-BJ1-3,0.15747545153205933,17
194,D7A,0.85,2.0,AV15-1/DV6-1-CALWEPPHNNNAPRF-AJ43_BV16-CASSLRTGVYEQYF-BJ2-7,0.12001319734368487,13
195,D7A,0.845,2.0,AV14-2-CAASASSGSWQLIF-AJ22_BV31-CAWSLAGSGNTLYF-BJ1-3,0.1778844709592119,61
196,D7A,0.845,2.0,AV14D-1-CAASSAGNTGKLIF-AJ37_BV31-CAWSARGSGNTLYF-BJ1-3,0.12491011645451221,14
197,D7A,0.845,2.0,AV8D-2-CATDTGGLSGKLTF-AJ2_BV13-1-CASSPGQYAEQFF-BJ2-1,0.17298773094997014,10
198,D7A,0.845,2.0,AV8D-2-CATDGQGGRALIF-AJ15_BV3-CASSPQGHSDYTF-BJ1-2,0.17792322375777653,9
199,D7A,0.845,2.0,AV13N-3-CASSGSWQLIF-AJ22_BV31-CAWSLAGSGNTLYF-BJ1-3,0.15747545153205933,17
200,D7A,0.845,2.0,AV15-1/DV6-1-CALWEPPHNNNAPRF-AJ43_BV16-CASSLRTGVYEQYF-BJ2-7,0.12001319734368487,13
201,D7A,0.84,2.0,AV14-2-CAASASSGSWQLIF-AJ22_BV31-CAWSLAGSGNTLYF-BJ1-3,0.1778844709592119,61
202,D7A,0.84,2.0,AV14D-1-CAASSAGNTGKLIF-AJ37_BV31-CAWSARGSGNTLYF-BJ1-3,0.12491011645451221,14
203,D7A,0.84,2.0,AV8D-2-CATDTGGLSGKLTF-AJ2_BV13-1-CASSPGQYAEQFF-BJ2-1,0.17298773094997014,10
204,D7A,0.84,2.0,AV8D-2-CATDGQGGRALIF-AJ15_BV3-CASSPQGHSDYTF-BJ1-2,0.17792322375777653,9
205,D7A,0.84,2.0,AV13N-3-CASSGSWQLIF-AJ22_BV31-CAWSLAGSGNTLYF-BJ1-3,0.15747545153205933,17
206,D7A,0.84,2.0,AV15-1/DV6-1-CALWEPPHNNNAPRF-AJ43_BV16-CASSLRTGVYEQYF-BJ2-7,0.12001319734368487,13
207,D7A,0.835,2.0,AV14-2-CAASASSGSWQLIF-AJ22_BV31-CAWSLAGSGNTLYF-BJ1-3,0.1778844709592119,61
208,D7A,0.835,2.0,AV14D-1-CAASSAGNTGKLIF-AJ37_BV31-CAWSARGSGNTLYF-BJ1-3,0.12491011645451221,14
209,D7A,0.835,2.0,AV8D-2-CATDTGGLSGKLTF-AJ2_BV13-1-CASSPGQYAEQFF-BJ2-1,0.17298773094997014,10
210,D7A,0.835,2.0,AV8D-2-CATDGQGGRALIF-AJ15_BV3-CASSPQGHSDYTF-BJ1-2,0.17792322375777653,9
211,D7A,0.835,2.0,AV13N-3-CASSGSWQLIF-AJ22_BV31-CAWSLAGSGNTLYF-BJ1-3,0.15747545153205933,17
212,D7A,0.835,2.0,AV15-1/DV6-1-CALWEPPHNNNAPRF-AJ43_BV16-CASSLRTGVYEQYF-BJ2-7,0.12001319734368487,13
213,D7A,0.83,2.0,AV14-2-CAASASSGSWQLIF-AJ22_BV31-CAWSLAGSGNTLYF-BJ1-3,0.1778844709592119,61
214,D7A,0.83,2.0,AV14D-1-CAASSAGNTGKLIF-AJ37_BV31-CAWSARGSGNTLYF-BJ1-3,0.12491011645451221,14
215,D7A,0.83,2.0,AV8D-2-CATDTGGLSGKLTF-AJ2_BV13-1-CASSPGQYAEQFF-BJ2-1,0.17298773094997014,10
216,D7A,0.83,2.0,AV8D-2-CATDGQGGRALIF-AJ15_BV3-CASSPQGHSDYTF-BJ1-2,0.17792322375777653,9
217,D7A,0.83,2.0,AV13N-3-CASSGSWQLIF-AJ22_BV31-CAWSLAGSGNTLYF-BJ1-3,0.15747545153205933,17
218,D7A,0.83,2.0,AV15-1/DV6-1-CALWEPPHNNNAPRF-AJ43_BV16-CASSLRTGVYEQYF-BJ2-7,0.12001319734368487,13
219,D7A,0.825,2.0,AV14-2-CAASASSGSWQLIF-AJ22_BV31-CAWSLAGSGNTLYF-BJ1-3,0.1778844709592119,61
220,D7A,0.825,2.0,AV14D-1-CAASSAGNTGKLIF-AJ37_BV31-CAWSARGSGNTLYF-BJ1-3,0.12491011645451221,14
221,D7A,0.825,2.0,AV8D-2-CATDTGGLSGKLTF-AJ2_BV13-1-CASSPGQYAEQFF-BJ2-1,0.17298773094997014,10
222,D7A,0.825,2.0,AV8D-2-CATDGQGGRALIF-AJ15_BV3-CASSPQGHSDYTF-BJ1-2,0.17792322375777653,9
223,D7A,0.825,2.0,AV13N-3-CASSGSWQLIF-AJ22_BV31-CAWSLAGSGNTLYF-BJ1-3,0.15747545153205933,17
224,D7A,0.825,2.0,AV15-1/DV6-1-CALWEPPHNNNAPRF-AJ43_BV16-CASSLRTGVYEQYF-BJ2-7,0.12001319734368487,13
225,D7A,0.8200000000000001,2.0,AV14-2-CAASASSGSWQLIF-AJ22_BV31-CAWSLAGSGNTLYF-BJ1-3,0.1778844709592119,61
226,D7A,0.8200000000000001,2.0,AV14D-1-CAASSAGNTGKLIF-AJ37_BV31-CAWSARGSGNTLYF-BJ1-3,0.12491011645451221,14
227,D7A,0.8200000000000001,2.0,AV8D-2-CATDTGGLSGKLTF-AJ2_BV13-1-CASSPGQYAEQFF-BJ2-1,0.17298773094997014,10
228,D7A,0.8200000000000001,2.0,AV8D-2-CATDGQGGRALIF-AJ15_BV3-CASSPQGHSDYTF-BJ1-2,0.17792322375777653,9
229,D7A,0.8200000000000001,2.0,AV13N-3-CASSGSWQLIF-AJ22_BV31-CAWSLAGSGNTLYF-BJ1-3,0.15747545153205933,17
230,D7A,0.8200000000000001,2.0,AV15-1/DV6-1-CALWEPPHNNNAPRF-AJ43_BV16-CASSLRTGVYEQYF-BJ2-7,0.12001319734368487,13
231,D7A,0.815,2.0,AV14-2-CAASASSGSWQLIF-AJ22_BV31-CAWSLAGSGNTLYF-BJ1-3,0.1778844709592119,61
232,D7A,0.815,2.0,AV14D-1-CAASSAGNTGKLIF-AJ37_BV31-CAWSARGSGNTLYF-BJ1-3,0.12491011645451221,14
233,D7A,0.815,2.0,AV8D-2-CATDTGGLSGKLTF-AJ2_BV13-1-CASSPGQYAEQFF-BJ2-1,0.17298773094997014,10
234,D7A,0.815,2.0,AV8D-2-CATDGQGGRALIF-AJ15_BV3-CASSPQGHSDYTF-BJ1-2,0.17792322375777653,9
235,D7A,0.815,2.0,AV13N-3-CASSGSWQLIF-AJ22_BV31-CAWSLAGSGNTLYF-BJ1-3,0.15747545153205933,17
236,D7A,0.815,2.0,AV15-1/DV6-1-CALWEPPHNNNAPRF-AJ43_BV16-CASSLRTGVYEQYF-BJ2-7,0.12001319734368487,13
237,D7A,0.81,2.0,AV14-2-CAASASSGSWQLIF-AJ22_BV31-CAWSLAGSGNTLYF-BJ1-3,0.1778844709592119,61
238,D7A,0.81,2.0,AV14D-1-CAASSAGNTGKLIF-AJ37_BV31-CAWSARGSGNTLYF-BJ1-3,0.12491011645451221,14
239,D7A,0.81,2.0,AV8D-2-CATDTGGLSGKLTF-AJ2_BV13-1-CASSPGQYAEQFF-BJ2-1,0.17298773094997014,10
240,D7A,0.81,2.0,AV8D-2-CATDGQGGRALIF-AJ15_BV3-CASSPQGHSDYTF-BJ1-2,0.17792322375777653,9
241,D7A,0.81,2.0,AV13N-3-CASSGSWQLIF-AJ22_BV31-CAWSLAGSGNTLYF-BJ1-3,0.15747545153205933,17
242,D7A,0.81,2.0,AV15-1/DV6-1-CALWEPPHNNNAPRF-AJ43_BV16-CASSLRTGVYEQYF-BJ2-7,0.12001319734368487,13
243,D7A,0.8049999999999999,2.0,AV14-2-CAASASSGSWQLIF-AJ22_BV31-CAWSLAGSGNTLYF-BJ1-3,0.1778844709592119,61
244,D7A,0.8049999999999999,2.0,AV14D-1-CAASSAGNTGKLIF-AJ37_BV31-CAWSARGSGNTLYF-BJ1-3,0.12491011645451221,14
245,D7A,0.8049999999999999,2.0,AV8D-2-CATDTGGLSGKLTF-AJ2_BV13-1-CASSPGQYAEQFF-BJ2-1,0.17298773094997014,10
246,D7A,0.8049999999999999,2.0,AV8D-2-CATDGQGGRALIF-AJ15_BV3-CASSPQGHSDYTF-BJ1-2,0.17792322375777653,9
247,D7A,0.8049999999999999,2.0,AV13N-3-CASSGSWQLIF-AJ22_BV31-CAWSLAGSGNTLYF-BJ1-3,0.15747545153205933,17
248,D7A,0.8049999999999999,2.0,AV15-1/DV6-1-CALWEPPHNNNAPRF-AJ43_BV16-CASSLRTGVYEQYF-BJ2-7,0.12001319734368487,13
249,D7A,0.8,2.0,AV14-2-CAASASSGSWQLIF-AJ22_BV31-CAWSLAGSGNTLYF-BJ1-3,0.1778844709592119,61
250,D7A,0.8,2.0,AV14D-1-CAASSAGNTGKLIF-AJ37_BV31-CAWSARGSGNTLYF-BJ1-3,0.12491011645451221,14
251,D7A,0.8,2.0,AV8D-2-CATDTGGLSGKLTF-AJ2_BV13-1-CASSPGQYAEQFF-BJ2-1,0.17298773094997014,10
252,D7A,0.8,2.0,AV8D-2-CATDGQGGRALIF-AJ15_BV3-CASSPQGHSDYTF-BJ1-2,0.17792322375777653,9
253,D7A,0.8,2.0,AV13N-3-CASSGSWQLIF-AJ22_BV31-CAWSLAGSGNTLYF-BJ1-3,0.15747545153205933,17
254,D7A,0.8,2.0,AV15-1/DV6-1-CALWEPPHNNNAPRF-AJ43_BV16-CASSLRTGVYEQYF-BJ2-7,0.12001319734368487,13
255,D7A,0.7949999999999999,2.0,AV14-2-CAASASSGSWQLIF-AJ22_BV31-CAWSLAGSGNTLYF-BJ1-3,0.1778844709592119,61
256,D7A,0.7949999999999999,2.0,AV14D-1-CAASSAGNTGKLIF-AJ37_BV31-CAWSARGSGNTLYF-BJ1-3,0.12491011645451221,14
257,D7A,0.7949999999999999,2.0,AV8D-2-CATDTGGLSGKLTF-AJ2_BV13-1-CASSPGQYAEQFF-BJ2-1,0.17298773094997014,10
258,D7A,0.7949999999999999,2.0,AV8D-2-CATDGQGGRALIF-AJ15_BV3-CASSPQGHSDYTF-BJ1-2,0.17792322375777653,9
259,D7A,0.7949999999999999,2.0,AV13N-3-CASSGSWQLIF-AJ22_BV31-CAWSLAGSGNTLYF-BJ1-3,0.15747545153205933,17
260,D7A,0.7949999999999999,2.0,AV15-1/DV6-1-CALWEPPHNNNAPRF-AJ43_BV16-CASSLRTGVYEQYF-BJ2-7,0.12001319734368487,13
261,D7A,0.79,2.0,AV14-2-CAASASSGSWQLIF-AJ22_BV31-CAWSLAGSGNTLYF-BJ1-3,0.1778844709592119,61
262,D7A,0.79,2.0,AV14D-1-CAASSAGNTGKLIF-AJ37_BV31-CAWSARGSGNTLYF-BJ1-3,0.12491011645451221,14
263,D7A,0.79,2.0,AV8D-2-CATDTGGLSGKLTF-AJ2_BV13-1-CASSPGQYAEQFF-BJ2-1,0.17298773094997014,10
264,D7A,0.79,2.0,AV8D-2-CATDGQGGRALIF-AJ15_BV3-CASSPQGHSDYTF-BJ1-2,0.17792322375777653,9
265,D7A,0.79,2.0,AV13N-3-CASSGSWQLIF-AJ22_BV31-CAWSLAGSGNTLYF-BJ1-3,0.15747545153205933,17
266,D7A,0.79,2.0,AV15-1/DV6-1-CALWEPPHNNNAPRF-AJ43_BV16-CASSLRTGVYEQYF-BJ2-7,0.12001319734368487,13
267,D7A,0.785,2.0,AV14-2-CAASASSGSWQLIF-AJ22_BV31-CAWSLAGSGNTLYF-BJ1-3,0.1778844709592119,61
268,D7A,0.785,2.0,AV14D-1-CAASSAGNTGKLIF-AJ37_BV31-CAWSARGSGNTLYF-BJ1-3,0.12491011645451221,14
269,D7A,0.785,2.0,AV8D-2-CATDTGGLSGKLTF-AJ2_BV13-1-CASSPGQYAEQFF-BJ2-1,0.17298773094997014,10
270,D7A,0.785,2.0,AV8D-2-CATDGQGGRALIF-AJ15_BV3-CASSPQGHSDYTF-BJ1-2,0.17792322375777653,9
271,D7A,0.785,2.0,AV13N-3-CASSGSWQLIF-AJ22_BV31-CAWSLAGSGNTLYF-BJ1-3,0.15747545153205933,17
272,D7A,0.785,2.0,AV15-1/DV6-1-CALWEPPHNNNAPRF-AJ43_BV16-CASSLRTGVYEQYF-BJ2-7,0.12001319734368487,13
273,D7A,0.78,2.0,AV14-2-CAASASSGSWQLIF-AJ22_BV31-CAWSLAGSGNTLYF-BJ1-3,0.1778844709592119,61
274,D7A,0.78,2.0,AV14D-1-CAASSAGNTGKLIF-AJ37_BV31-CAWSARGSGNTLYF-BJ1-3,0.12491011645451221,14
275,D7A,0.78,2.0,AV8D-2-CATDTGGLSGKLTF-AJ2_BV13-1-CASSPGQYAEQFF-BJ2-1,0.17298773094997014,10
276,D7A,0.78,2.0,AV8D-2-CATDGQGGRALIF-AJ15_BV3-CASSPQGHSDYTF-BJ1-2,0.17792322375777653,9
277,D7A,0.78,2.0,AV13N-3-CASSGSWQLIF-AJ22_BV31-CAWSLAGSGNTLYF-BJ1-3,0.15747545153205933,17
278,D7A,0.78,2.0,AV15-1/DV6-1-CALWEPPHNNNAPRF-AJ43_BV16-CASSLRTGVYEQYF-BJ2-7,0.12001319734368487,13
279,D7A,0.775,2.0,AV14-2-CAASASSGSWQLIF-AJ22_BV31-CAWSLAGSGNTLYF-BJ1-3,0.1778844709592119,61
280,D7A,0.775,2.0,AV14D-1-CAASSAGNTGKLIF-AJ37_BV31-CAWSARGSGNTLYF-BJ1-3,0.12491011645451221,14
281,D7A,0.775,2.0,AV8D-2-CATDTGGLSGKLTF-AJ2_BV13-1-CASSPGQYAEQFF-BJ2-1,0.17298773094997014,10
282,D7A,0.775,2.0,AV8D-2-CATDGQGGRALIF-AJ15_BV3-CASSPQGHSDYTF-BJ1-2,0.17792322375777653,9
283,D7A,0.775,2.0,AV13N-3-CASSGSWQLIF-AJ22_BV31-CAWSLAGSGNTLYF-BJ1-3,0.15747545153205933,17
284,D7A,0.775,2.0,AV15-1/DV6-1-CALWEPPHNNNAPRF-AJ43_BV16-CASSLRTGVYEQYF-BJ2-7,0.12001319734368487,13
285,D7A,0.77,2.0,AV14-2-CAASASSGSWQLIF-AJ22_BV31-CAWSLAGSGNTLYF-BJ1-3,0.1778844709592119,61
286,D7A,0.77,2.0,AV14D-1-CAASSAGNTGKLIF-AJ37_BV31-CAWSARGSGNTLYF-BJ1-3,0.12491011645451221,14
287,D7A,0.77,2.0,AV8D-2-CATDTGGLSGKLTF-AJ2_BV13-1-CASSPGQYAEQFF-BJ2-1,0.17298773094997014,10
288,D7A,0.77,2.0,AV8D-2-CATDGQGGRALIF-AJ15_BV3-CASSPQGHSDYTF-BJ1-2,0.17792322375777653,9
289,D7A,0.77,2.0,AV13N-3-CASSGSWQLIF-AJ22_BV31-CAWSLAGSGNTLYF-BJ1-3,0.15747545153205933,17
290,D7A,0.77,2.0,AV15-1/DV6-1-CALWEPPHNNNAPRF-AJ43_BV16-CASSLRTGVYEQYF-BJ2-7,0.12001319734368487,13
291,D7A,0.765,2.0,AV14-2-CAASASSGSWQLIF-AJ22_BV31-CAWSLAGSGNTLYF-BJ1-3,0.1778844709592119,61
292,D7A,0.765,2.0,AV14D-1-CAASSAGNTGKLIF-AJ37_BV31-CAWSARGSGNTLYF-BJ1-3,0.12491011645451221,14
293,D7A,0.765,2.0,AV8D-2-CATDTGGLSGKLTF-AJ2_BV13-1-CASSPGQYAEQFF-BJ2-1,0.17298773094997014,10
294,D7A,0.765,2.0,AV8D-2-CATDGQGGRALIF-AJ15_BV3-CASSPQGHSDYTF-BJ1-2,0.17792322375777653,9
295,D7A,0.765,2.0,AV13N-3-CASSGSWQLIF-AJ22_BV31-CAWSLAGSGNTLYF-BJ1-3,0.15747545153205933,17
296,D7A,0.765,2.0,AV15-1/DV6-1-CALWEPPHNNNAPRF-AJ43_BV16-CASSLRTGVYEQYF-BJ2-7,0.12001319734368487,13
297,D7A,0.76,2.0,AV14-2-CAASASSGSWQLIF-AJ22_BV31-CAWSLAGSGNTLYF-BJ1-3,0.1778844709592119,61
298,D7A,0.76,2.0,AV14D-1-CAASSAGNTGKLIF-AJ37_BV31-CAWSARGSGNTLYF-BJ1-3,0.12491011645451221,14
299,D7A,0.76,2.0,AV8D-2-CATDTGGLSGKLTF-AJ2_BV13-1-CASSPGQYAEQFF-BJ2-1,0.17298773094997014,10
300,D7A,0.76,2.0,AV8D-2-CATDGQGGRALIF-AJ15_BV3-CASSPQGHSDYTF-BJ1-2,0.17792322375777653,9
301,D7A,0.76,2.0,AV13N-3-CASSGSWQLIF-AJ22_BV31-CAWSLAGSGNTLYF-BJ1-3,0.15747545153205933,17
302,D7A,0.76,2.0,AV15-1/DV6-1-CALWEPPHNNNAPRF-AJ43_BV16-CASSLRTGVYEQYF-BJ2-7,0.12001319734368487,13
303,D7A,0.755,1.7399999999999949,AV14-2-CAASASSGSWQLIF-AJ22_BV31-CAWSLAGSGNTLYF-BJ1-3,0.17572179941184954,54
304,D7A,0.755,1.7399999999999949,AV14D-1-CAASSAGNTGKLIF-AJ37_BV31-CAWSARGSGNTLYF-BJ1-3,0.12268537131854967,12
305,D7A,0.755,1.7399999999999949,AV8D-2-CATDTGGLSGKLTF-AJ2_BV13-1-CASSPGQYAEQFF-BJ2-1,0.17298773094997014,10
306,D7A,0.755,1.7399999999999949,AV8D-2-CATDGQGGRALIF-AJ15_BV3-CASSPQGHSDYTF-BJ1-2,0.20188069144903847,8
307,D7A,0.755,1.7399999999999949,AV13N-3-CASSGSWQLIF-AJ22_BV31-CAWSLAGSGNTLYF-BJ1-3,0.12290882972740477,13
308,D7A,0.755,1.7399999999999949,AV15-1/DV6-1-CALWEPPHNNNAPRF-AJ43_BV16-CASSLRTGVYEQYF-BJ2-7,0.12001319734368487,13
309,D7A,0.75,1.0,AV14-2-CAASASSGSWQLIF-AJ22_BV31-CAWSLAGSGNTLYF-BJ1-3,0.17572179941184954,54
310,D7A,0.75,1.0,AV14D-1-CAASSAGNTGKLIF-AJ37_BV31-CAWSARGSGNTLYF-BJ1-3,0.12268537131854967,12
311,D7A,0.75,1.0,AV8D-2-CATDTGGLSGKLTF-AJ2_BV13-1-CASSPGQYAEQFF-BJ2-1,0.17298773094997014,10
312,D7A,0.75,1.0,AV8D-2-CATDGQGGRALIF-AJ15_BV3-CASSPQGHSDYTF-BJ1-2,0.20188069144903847,8
313,D7A,0.75,1.0,AV13N-3-CASSGSWQLIF-AJ22_BV31-CAWSLAGSGNTLYF-BJ1-3,0.12290882972740477,13
314,D7A,0.75,1.0,AV15-1/DV6-1-CALWEPPHNNNAPRF-AJ43_BV16-CASSLRTGVYEQYF-BJ2-7,0.12001319734368487,13
315,D7A,0.745,1.0,AV14-2-CAASASSGSWQLIF-AJ22_BV31-CAWSLAGSGNTLYF-BJ1-3,0.17572179941184954,54
316,D7A,0.745,1.0,AV14D-1-CAASSAGNTGKLIF-AJ37_BV31-CAWSARGSGNTLYF-BJ1-3,0.12268537131854967,12
317,D7A,0.745,1.0,AV8D-2-CATDTGGLSGKLTF-AJ2_BV13-1-CASSPGQYAEQFF-BJ2-1,0.17298773094997014,10
318,D7A,0.745,1.0,AV8D-2-CATDGQGGRALIF-AJ15_BV3-CASSPQGHSDYTF-BJ1-2,0.20188069144903847,8
319,D7A,0.745,1.0,AV13N-3-CASSGSWQLIF-AJ22_BV31-CAWSLAGSGNTLYF-BJ1-3,0.12290882972740477,13
320,D7A,0.745,1.0,AV15-1/DV6-1-CALWEPPHNNNAPRF-AJ43_BV16-CASSLRTGVYEQYF-BJ2-7,0.12001319734368487,13
321,D7A,0.74,1.0,AV14-2-CAASASSGSWQLIF-AJ22_BV31-CAWSLAGSGNTLYF-BJ1-3,0.17572179941184954,54
322,D7A,0.74,1.0,AV14D-1-CAASSAGNTGKLIF-AJ37_BV31-CAWSARGSGNTLYF-BJ1-3,0.12268537131854967,12
323,D7A,0.74,1.0,AV8D-2-CATDTGGLSGKLTF-AJ2_BV13-1-CASSPGQYAEQFF-BJ2-1,0.17298773094997014,10
324,D7A,0.74,1.0,AV8D-2-CATDGQGGRALIF-AJ15_BV3-CASSPQGHSDYTF-BJ1-2,0.20188069144903847,8
325,D7A,0.74,1.0,AV13N-3-CASSGSWQLIF-AJ22_BV31-CAWSLAGSGNTLYF-BJ1-3,0.12290882972740477,13
326,D7A,0.74,1.0,AV15-1/DV6-1-CALWEPPHNNNAPRF-AJ43_BV16-CASSLRTGVYEQYF-BJ2-7,0.12001319734368487,13
327,D7A,0.735,1.0,AV14-2-CAASASSGSWQLIF-AJ22_BV31-CAWSLAGSGNTLYF-BJ1-3,0.17572179941184954,54
328,D7A,0.735,1.0,AV14D-1-CAASSAGNTGKLIF-AJ37_BV31-CAWSARGSGNTLYF-BJ1-3,0.12268537131854967,12
329,D7A,0.735,1.0,AV8D-2-CATDTGGLSGKLTF-AJ2_BV13-1-CASSPGQYAEQFF-BJ2-1,0.17298773094997014,10
330,D7A,0.735,1.0,AV8D-2-CATDGQGGRALIF-AJ15_BV3-CASSPQGHSDYTF-BJ1-2,0.20188069144903847,8
331,D7A,0.735,1.0,AV13N-3-CASSGSWQLIF-AJ22_BV31-CAWSLAGSGNTLYF-BJ1-3,0.12290882972740477,13
332,D7A,0.735,1.0,AV15-1/DV6-1-CALWEPPHNNNAPRF-AJ43_BV16-CASSLRTGVYEQYF-BJ2-7,0.12001319734368487,13
333,D7A,0.73,1.0,AV14-2-CAASASSGSWQLIF-AJ22_BV31-CAWSLAGSGNTLYF-BJ1-3,0.17572179941184954,54
334,D7A,0.73,1.0,AV14D-1-CAASSAGNTGKLIF-AJ37_BV31-CAWSARGSGNTLYF-BJ1-3,0.12268537131854967,12
335,D7A,0.73,1.0,AV8D-2-CATDTGGLSGKLTF-AJ2_BV13-1-CASSPGQYAEQFF-BJ2-1,0.17298773094997014,10
336,D7A,0.73,1.0,AV8D-2-CATDGQGGRALIF-AJ15_BV3-CASSPQGHSDYTF-BJ1-2,0.20188069144903847,8
337,D7A,0.73,1.0,AV13N-3-CASSGSWQLIF-AJ22_BV31-CAWSLAGSGNTLYF-BJ1-3,0.12290882972740477,13
338,D7A,0.73,1.0,AV15-1/DV6-1-CALWEPPHNNNAPRF-AJ43_BV16-CASSLRTGVYEQYF-BJ2-7,0.12001319734368487,13
339,D7A,0.725,1.0,AV14-2-CAASASSGSWQLIF-AJ22_BV31-CAWSLAGSGNTLYF-BJ1-3,0.17572179941184954,54
340,D7A,0.725,1.0,AV14D-1-CAASSAGNTGKLIF-AJ37_BV31-CAWSARGSGNTLYF-BJ1-3,0.12268537131854967,12
341,D7A,0.725,1.0,AV8D-2-CATDTGGLSGKLTF-AJ2_BV13-1-CASSPGQYAEQFF-BJ2-1,0.17298773094997014,10
342,D7A,0.725,1.0,AV8D-2-CATDGQGGRALIF-AJ15_BV3-CASSPQGHSDYTF-BJ1-2,0.20188069144903847,8
343,D7A,0.725,1.0,AV13N-3-CASSGSWQLIF-AJ22_BV31-CAWSLAGSGNTLYF-BJ1-3,0.12290882972740477,13
344,D7A,0.725,1.0,AV15-1/DV6-1-CALWEPPHNNNAPRF-AJ43_BV16-CASSLRTGVYEQYF-BJ2-7,0.12001319734368487,13
345,D7A,0.72,1.0,AV14-2-CAASASSGSWQLIF-AJ22_BV31-CAWSLAGSGNTLYF-BJ1-3,0.17572179941184954,54
346,D7A,0.72,1.0,AV14D-1-CAASSAGNTGKLIF-AJ37_BV31-CAWSARGSGNTLYF-BJ1-3,0.12268537131854967,12
347,D7A,0.72,1.0,AV8D-2-CATDTGGLSGKLTF-AJ2_BV13-1-CASSPGQYAEQFF-BJ2-1,0.17298773094997014,10
348,D7A,0.72,1.0,AV8D-2-CATDGQGGRALIF-AJ15_BV3-CASSPQGHSDYTF-BJ1-2,0.20188069144903847,8
349,D7A,0.72,1.0,AV13N-3-CASSGSWQLIF-AJ22_BV31-CAWSLAGSGNTLYF-BJ1-3,0.12290882972740477,13
350,D7A,0.72,1.0,AV15-1/DV6-1-CALWEPPHNNNAPRF-AJ43_BV16-CASSLRTGVYEQYF-BJ2-7,0.12001319734368487,13
351,D7A,0.715,1.0,AV14-2-CAASASSGSWQLIF-AJ22_BV31-CAWSLAGSGNTLYF-BJ1-3,0.17572179941184954,54
352,D7A,0.715,1.0,AV14D-1-CAASSAGNTGKLIF-AJ37_BV31-CAWSARGSGNTLYF-BJ1-3,0.12268537131854967,12
353,D7A,0.715,1.0,AV8D-2-CATDTGGLSGKLTF-AJ2_BV13-1-CASSPGQYAEQFF-BJ2-1,0.17298773094997014,10
354,D7A,0.715,1.0,AV8D-2-CATDGQGGRALIF-AJ15_BV3-CASSPQGHSDYTF-BJ1-2,0.20188069144903847,8
355,D7A,0.715,1.0,AV13N-3-CASSGSWQLIF-AJ22_BV31-CAWSLAGSGNTLYF-BJ1-3,0.12290882972740477,13
356,D7A,0.715,1.0,AV15-1/DV6-1-CALWEPPHNNNAPRF-AJ43_BV16-CASSLRTGVYEQYF-BJ2-7,0.12001319734368487,13
357,D7A,0.71,1.0,AV14-2-CAASASSGSWQLIF-AJ22_BV31-CAWSLAGSGNTLYF-BJ1-3,0.17572179941184954,54
358,D7A,0.71,1.0,AV14D-1-CAASSAGNTGKLIF-AJ37_BV31-CAWSARGSGNTLYF-BJ1-3,0.12268537131854967,12
359,D7A,0.71,1.0,AV8D-2-CATDTGGLSGKLTF-AJ2_BV13-1-CASSPGQYAEQFF-BJ2-1,0.17298773094997014,10
360,D7A,0.71,1.0,AV8D-2-CATDGQGGRALIF-AJ15_BV3-CASSPQGHSDYTF-BJ1-2,0.20188069144903847,8
361,D7A,0.71,1.0,AV13N-3-CASSGSWQLIF-AJ22_BV31-CAWSLAGSGNTLYF-BJ1-3,0.12290882972740477,13
362,D7A,0.71,1.0,AV15-1/DV6-1-CALWEPPHNNNAPRF-AJ43_BV16-CASSLRTGVYEQYF-BJ2-7,0.12001319734368487,13
363,D7A,0.7050000000000001,1.0,AV14-2-CAASASSGSWQLIF-AJ22_BV31-CAWSLAGSGNTLYF-BJ1-3,0.17572179941184954,54
364,D7A,0.7050000000000001,1.0,AV14D-1-CAASSAGNTGKLIF-AJ37_BV31-CAWSARGSGNTLYF-BJ1-3,0.12268537131854967,12
365,D7A,0.7050000000000001,1.0,AV8D-2-CATDTGGLSGKLTF-AJ2_BV13-1-CASSPGQYAEQFF-BJ2-1,0.17298773094997014,10
366,D7A,0.7050000000000001,1.0,AV8D-2-CATDGQGGRALIF-AJ15_BV3-CASSPQGHSDYTF-BJ1-2,0.20188069144903847,8
367,D7A,0.7050000000000001,1.0,AV13N-3-CASSGSWQLIF-AJ22_BV31-CAWSLAGSGNTLYF-BJ1-3,0.12290882972740477,13
368,D7A,0.7050000000000001,1.0,AV15-1/DV6-1-CALWEPPHNNNAPRF-AJ43_BV16-CASSLRTGVYEQYF-BJ2-7,0.12001319734368487,13
369,D7A,0.7,1.0,AV14-2-CAASASSGSWQLIF-AJ22_BV31-CAWSLAGSGNTLYF-BJ1-3,0.17572179941184954,54
370,D7A,0.7,1.0,AV14D-1-CAASSAGNTGKLIF-AJ37_BV31-CAWSARGSGNTLYF-BJ1-3,0.12268537131854967,12
371,D7A,0.7,1.0,AV8D-2-CATDTGGLSGKLTF-AJ2_BV13-1-CASSPGQYAEQFF-BJ2-1,0.17298773094997014,10
372,D7A,0.7,1.0,AV8D-2-CATDGQGGRALIF-AJ15_BV3-CASSPQGHSDYTF-BJ1-2,0.20188069144903847,8
373,D7A,0.7,1.0,AV13N-3-CASSGSWQLIF-AJ22_BV31-CAWSLAGSGNTLYF-BJ1-3,0.12290882972740477,13
374,D7A,0.7,1.0,AV15-1/DV6-1-CALWEPPHNNNAPRF-AJ43_BV16-CASSLRTGVYEQYF-BJ2-7,0.12001319734368487,13
375,D7A,0.6950000000000001,1.0,AV14-2-CAASASSGSWQLIF-AJ22_BV31-CAWSLAGSGNTLYF-BJ1-3,0.17572179941184954,54
376,D7A,0.6950000000000001,1.0,AV14D-1-CAASSAGNTGKLIF-AJ37_BV31-CAWSARGSGNTLYF-BJ1-3,0.12268537131854967,12
377,D7A,0.6950000000000001,1.0,AV8D-2-CATDTGGLSGKLTF-AJ2_BV13-1-CASSPGQYAEQFF-BJ2-1,0.17298773094997014,10
378,D7A,0.6950000000000001,1.0,AV8D-2-CATDGQGGRALIF-AJ15_BV3-CASSPQGHSDYTF-BJ1-2,0.20188069144903847,8
379,D7A,0.6950000000000001,1.0,AV13N-3-CASSGSWQLIF-AJ22_BV31-CAWSLAGSGNTLYF-BJ1-3,0.12290882972740477,13
380,D7A,0.6950000000000001,1.0,AV15-1/DV6-1-CALWEPPHNNNAPRF-AJ43_BV16-CASSLRTGVYEQYF-BJ2-7,0.12001319734368487,13
381,D7A,0.69,1.0,AV14-2-CAASASSGSWQLIF-AJ22_BV31-CAWSLAGSGNTLYF-BJ1-3,0.17572179941184954,54
382,D7A,0.69,1.0,AV14D-1-CAASSAGNTGKLIF-AJ37_BV31-CAWSARGSGNTLYF-BJ1-3,0.12268537131854967,12
383,D7A,0.69,1.0,AV8D-2-CATDTGGLSGKLTF-AJ2_BV13-1-CASSPGQYAEQFF-BJ2-1,0.17298773094997014,10
384,D7A,0.69,1.0,AV8D-2-CATDGQGGRALIF-AJ15_BV3-CASSPQGHSDYTF-BJ1-2,0.20188069144903847,8
385,D7A,0.69,1.0,AV13N-3-CASSGSWQLIF-AJ22_BV31-CAWSLAGSGNTLYF-BJ1-3,0.12290882972740477,13
386,D7A,0.69,1.0,AV15-1/DV6-1-CALWEPPHNNNAPRF-AJ43_BV16-CASSLRTGVYEQYF-BJ2-7,0.12001319734368487,13
387,D7A,0.685,1.0,AV14-2-CAASASSGSWQLIF-AJ22_BV31-CAWSLAGSGNTLYF-BJ1-3,0.17572179941184954,54
388,D7A,0.685,1.0,AV14D-1-CAASSAGNTGKLIF-AJ37_BV31-CAWSARGSGNTLYF-BJ1-3,0.12268537131854967,12
389,D7A,0.685,1.0,AV8D-2-CATDTGGLSGKLTF-AJ2_BV13-1-CASSPGQYAEQFF-BJ2-1,0.17298773094997014,10
390,D7A,0.685,1.0,AV8D-2-CATDGQGGRALIF-AJ15_BV3-CASSPQGHSDYTF-BJ1-2,0.20188069144903847,8
391,D7A,0.685,1.0,AV13N-3-CASSGSWQLIF-AJ22_BV31-CAWSLAGSGNTLYF-BJ1-3,0.12290882972740477,13
392,D7A,0.685,1.0,AV15-1/DV6-1-CALWEPPHNNNAPRF-AJ43_BV16-CASSLRTGVYEQYF-BJ2-7,0.12001319734368487,13
393,D7A,0.6799999999999999,1.0,AV14-2-CAASASSGSWQLIF-AJ22_BV31-CAWSLAGSGNTLYF-BJ1-3,0.17572179941184954,54
394,D7A,0.6799999999999999,1.0,AV14D-1-CAASSAGNTGKLIF-AJ37_BV31-CAWSARGSGNTLYF-BJ1-3,0.12268537131854967,12
395,D7A,0.6799999999999999,1.0,AV8D-2-CATDTGGLSGKLTF-AJ2_BV13-1-CASSPGQYAEQFF-BJ2-1,0.17298773094997014,10
396,D7A,0.6799999999999999,1.0,AV8D-2-CATDGQGGRALIF-AJ15_BV3-CASSPQGHSDYTF-BJ1-2,0.20188069144903847,8
397,D7A,0.6799999999999999,1.0,AV13N-3-CASSGSWQLIF-AJ22_BV31-CAWSLAGSGNTLYF-BJ1-3,0.12290882972740477,13
398,D7A,0.6799999999999999,1.0,AV15-1/DV6-1-CALWEPPHNNNAPRF-AJ43_BV16-CASSLRTGVYEQYF-BJ2-7,0.12001319734368487,13
399,D7A,0.675,1.0,AV14-2-CAASASSGSWQLIF-AJ22_BV31-CAWSLAGSGNTLYF-BJ1-3,0.17572179941184954,54
400,D7A,0.675,1.0,AV14D-1-CAASSAGNTGKLIF-AJ37_BV31-CAWSARGSGNTLYF-BJ1-3,0.12268537131854967,12
401,D7A,0.675,1.0,AV8D-2-CATDTGGLSGKLTF-AJ2_BV13-1-CASSPGQYAEQFF-BJ2-1,0.17298773094997014,10
402,D7A,0.675,1.0,AV8D-2-CATDGQGGRALIF-AJ15_BV3-CASSPQGHSDYTF-BJ1-2,0.20188069144903847,8
403,D7A,0.675,1.0,AV13N-3-CASSGSWQLIF-AJ22_BV31-CAWSLAGSGNTLYF-BJ1-3,0.12290882972740477,13
404,D7A,0.675,1.0,AV15-1/DV6-1-CALWEPPHNNNAPRF-AJ43_BV16-CASSLRTGVYEQYF-BJ2-7,0.12001319734368487,13
405,D7A,0.6699999999999999,1.0,AV14-2-CAASASSGSWQLIF-AJ22_BV31-CAWSLAGSGNTLYF-BJ1-3,0.17572179941184954,54
406,D7A,0.6699999999999999,1.0,AV14D-1-CAASSAGNTGKLIF-AJ37_BV31-CAWSARGSGNTLYF-BJ1-3,0.12268537131854967,12
407,D7A,0.6699999999999999,1.0,AV8D-2-CATDTGGLSGKLTF-AJ2_BV13-1-CASSPGQYAEQFF-BJ2-1,0.17298773094997014,10
408,D7A,0.6699999999999999,1.0,AV8D-2-CATDGQGGRALIF-AJ15_BV3-CASSPQGHSDYTF-BJ1-2,0.20188069144903847,8
409,D7A,0.6699999999999999,1.0,AV13N-3-CASSGSWQLIF-AJ22_BV31-CAWSLAGSGNTLYF-BJ1-3,0.12290882972740477,13
410,D7A,0.6699999999999999,1.0,AV15-1/DV6-1-CALWEPPHNNNAPRF-AJ43_BV16-CASSLRTGVYEQYF-BJ2-7,0.12001319734368487,13
411,D7A,0.665,1.0,AV14-2-CAASASSGSWQLIF-AJ22_BV31-CAWSLAGSGNTLYF-BJ1-3,0.17572179941184954,54
412,D7A,0.665,1.0,AV14D-1-CAASSAGNTGKLIF-AJ37_BV31-CAWSARGSGNTLYF-BJ1-3,0.12268537131854967,12
413,D7A,0.665,1.0,AV8D-2-CATDTGGLSGKLTF-AJ2_BV13-1-CASSPGQYAEQFF-BJ2-1,0.17298773094997014,10
414,D7A,0.665,1.0,AV8D-2-CATDGQGGRALIF-AJ15_BV3-CASSPQGHSDYTF-BJ1-2,0.20188069144903847,8
415,D7A,0.665,1.0,AV13N-3-CASSGSWQLIF-AJ22_BV31-CAWSLAGSGNTLYF-BJ1-3,0.12290882972740477,13
416,D7A,0.665,1.0,AV15-1/DV6-1-CALWEPPHNNNAPRF-AJ43_BV16-CASSLRTGVYEQYF-BJ2-7,0.12001319734368487,13
417,D7A,0.6599999999999999,1.0,AV14-2-CAASASSGSWQLIF-AJ22_BV31-CAWSLAGSGNTLYF-BJ1-3,0.17572179941184954,54
418,D7A,0.6599999999999999,1.0,AV14D-1-CAASSAGNTGKLIF-AJ37_BV31-CAWSARGSGNTLYF-BJ1-3,0.12268537131854967,12
419,D7A,0.6599999999999999,1.0,AV8D-2-CATDTGGLSGKLTF-AJ2_BV13-1-CASSPGQYAEQFF-BJ2-1,0.17298773094997014,10
420,D7A,0.6599999999999999,1.0,AV8D-2-CATDGQGGRALIF-AJ15_BV3-CASSPQGHSDYTF-BJ1-2,0.20188069144903847,8
421,D7A,0.6599999999999999,1.0,AV13N-3-CASSGSWQLIF-AJ22_BV31-CAWSLAGSGNTLYF-BJ1-3,0.12290882972740477,13
422,D7A,0.6599999999999999,1.0,AV15-1/DV6-1-CALWEPPHNNNAPRF-AJ43_BV16-CASSLRTGVYEQYF-BJ2-7,0.12001319734368487,13
423,D7A,0.655,1.0,AV14-2-CAASASSGSWQLIF-AJ22_BV31-CAWSLAGSGNTLYF-BJ1-3,0.17572179941184954,54
424,D7A,0.655,1.0,AV14D-1-CAASSAGNTGKLIF-AJ37_BV31-CAWSARGSGNTLYF-BJ1-3,0.12268537131854967,12
425,D7A,0.655,1.0,AV8D-2-CATDTGGLSGKLTF-AJ2_BV13-1-CASSPGQYAEQFF-BJ2-1,0.17298773094997014,10
426,D7A,0.655,1.0,AV8D-2-CATDGQGGRALIF-AJ15_BV3-CASSPQGHSDYTF-BJ1-2,0.20188069144903847,8
427,D7A,0.655,1.0,AV13N-3-CASSGSWQLIF-AJ22_BV31-CAWSLAGSGNTLYF-BJ1-3,0.12290882972740477,13
428,D7A,0.655,1.0,AV15-1/DV6-1-CALWEPPHNNNAPRF-AJ43_BV16-CASSLRTGVYEQYF-BJ2-7,0.12001319734368487,13
429,D7A,0.6499999999999999,1.0,AV14-2-CAASASSGSWQLIF-AJ22_BV31-CAWSLAGSGNTLYF-BJ1-3,0.17572179941184954,54
430,D7A,0.6499999999999999,1.0,AV14D-1-CAASSAGNTGKLIF-AJ37_BV31-CAWSARGSGNTLYF-BJ1-3,0.12268537131854967,12
431,D7A,0.6499999999999999,1.0,AV8D-2-CATDTGGLSGKLTF-AJ2_BV13-1-CASSPGQYAEQFF-BJ2-1,0.17298773094997014,10
432,D7A,0.6499999999999999,1.0,AV8D-2-CATDGQGGRALIF-AJ15_BV3-CASSPQGHSDYTF-BJ1-2,0.20188069144903847,8
433,D7A,0.6499999999999999,1.0,AV13N-3-CASSGSWQLIF-AJ22_BV31-CAWSLAGSGNTLYF-BJ1-3,0.12290882972740477,13
434,D7A,0.6499999999999999,1.0,AV15-1/DV6-1-CALWEPPHNNNAPRF-AJ43_BV16-CASSLRTGVYEQYF-BJ2-7,0.12001319734368487,13
435,D7A,0.645,1.0,AV14-2-CAASASSGSWQLIF-AJ22_BV31-CAWSLAGSGNTLYF-BJ1-3,0.17572179941184954,54
436,D7A,0.645,1.0,AV14D-1-CAASSAGNTGKLIF-AJ37_BV31-CAWSARGSGNTLYF-BJ1-3,0.12268537131854967,12
437,D7A,0.645,1.0,AV8D-2-CATDTGGLSGKLTF-AJ2_BV13-1-CASSPGQYAEQFF-BJ2-1,0.17298773094997014,10
438,D7A,0.645,1.0,AV8D-2-CATDGQGGRALIF-AJ15_BV3-CASSPQGHSDYTF-BJ1-2,0.20188069144903847,8
439,D7A,0.645,1.0,AV13N-3-CASSGSWQLIF-AJ22_BV31-CAWSLAGSGNTLYF-BJ1-3,0.12290882972740477,13
440,D7A,0.645,1.0,AV15-1/DV6-1-CALWEPPHNNNAPRF-AJ43_BV16-CASSLRTGVYEQYF-BJ2-7,0.12001319734368487,13
441,D7A,0.64,1.0,AV14-2-CAASASSGSWQLIF-AJ22_BV31-CAWSLAGSGNTLYF-BJ1-3,0.17572179941184954,54
442,D7A,0.64,1.0,AV14D-1-CAASSAGNTGKLIF-AJ37_BV31-CAWSARGSGNTLYF-BJ1-3,0.12268537131854967,12
443,D7A,0.64,1.0,AV8D-2-CATDTGGLSGKLTF-AJ2_BV13-1-CASSPGQYAEQFF-BJ2-1,0.17298773094997014,10
444,D7A,0.64,1.0,AV8D-2-CATDGQGGRALIF-AJ15_BV3-CASSPQGHSDYTF-BJ1-2,0.20188069144903847,8
445,D7A,0.64,1.0,AV13N-3-CASSGSWQLIF-AJ22_BV31-CAWSLAGSGNTLYF-BJ1-3,0.12290882972740477,13
446,D7A,0.64,1.0,AV15-1/DV6-1-CALWEPPHNNNAPRF-AJ43_BV16-CASSLRTGVYEQYF-BJ2-7,0.12001319734368487,13
447,D7A,0.635,1.0,AV14-2-CAASASSGSWQLIF-AJ22_BV31-CAWSLAGSGNTLYF-BJ1-3,0.17572179941184954,54
448,D7A,0.635,1.0,AV14D-1-CAASSAGNTGKLIF-AJ37_BV31-CAWSARGSGNTLYF-BJ1-3,0.12268537131854967,12
449,D7A,0.635,1.0,AV8D-2-CATDTGGLSGKLTF-AJ2_BV13-1-CASSPGQYAEQFF-BJ2-1,0.17298773094997014,10
450,D7A,0.635,1.0,AV8D-2-CATDGQGGRALIF-AJ15_BV3-CASSPQGHSDYTF-BJ1-2,0.20188069144903847,8
451,D7A,0.635,1.0,AV13N-3-CASSGSWQLIF-AJ22_BV31-CAWSLAGSGNTLYF-BJ1-3,0.12290882972740477,13
452,D7A,0.635,1.0,AV15-1/DV6-1-CALWEPPHNNNAPRF-AJ43_BV16-CASSLRTGVYEQYF-BJ2-7,0.12001319734368487,13
453,D7A,0.63,1.0,AV14-2-CAASASSGSWQLIF-AJ22_BV31-CAWSLAGSGNTLYF-BJ1-3,0.17572179941184954,54
454,D7A,0.63,1.0,AV14D-1-CAASSAGNTGKLIF-AJ37_BV31-CAWSARGSGNTLYF-BJ1-3,0.12268537131854967,12
455,D7A,0.63,1.0,AV8D-2-CATDTGGLSGKLTF-AJ2_BV13-1-CASSPGQYAEQFF-BJ2-1,0.17298773094997014,10
456,D7A,0.63,1.0,AV8D-2-CATDGQGGRALIF-AJ15_BV3-CASSPQGHSDYTF-BJ1-2,0.20188069144903847,8
457,D7A,0.63,1.0,AV13N-3-CASSGSWQLIF-AJ22_BV31-CAWSLAGSGNTLYF-BJ1-3,0.12290882972740477,13
458,D7A,0.63,1.0,AV15-1/DV6-1-CALWEPPHNNNAPRF-AJ43_BV16-CASSLRTGVYEQYF-BJ2-7,0.12001319734368487,13
459,D7A,0.625,1.0,AV14-2-CAASASSGSWQLIF-AJ22_BV31-CAWSLAGSGNTLYF-BJ1-3,0.17572179941184954,54
460,D7A,0.625,1.0,AV14D-1-CAASSAGNTGKLIF-AJ37_BV31-CAWSARGSGNTLYF-BJ1-3,0.12268537131854967,12
461,D7A,0.625,1.0,AV8D-2-CATDTGGLSGKLTF-AJ2_BV13-1-CASSPGQYAEQFF-BJ2-1,0.17298773094997014,10
462,D7A,0.625,1.0,AV8D-2-CATDGQGGRALIF-AJ15_BV3-CASSPQGHSDYTF-BJ1-2,0.20188069144903847,8
463,D7A,0.625,1.0,AV13N-3-CASSGSWQLIF-AJ22_BV31-CAWSLAGSGNTLYF-BJ1-3,0.12290882972740477,13
464,D7A,0.625,1.0,AV15-1/DV6-1-CALWEPPHNNNAPRF-AJ43_BV16-CASSLRTGVYEQYF-BJ2-7,0.12001319734368487,13
465,D7A,0.62,1.0,AV14-2-CAASASSGSWQLIF-AJ22_BV31-CAWSLAGSGNTLYF-BJ1-3,0.17572179941184954,54
466,D7A,0.62,1.0,AV14D-1-CAASSAGNTGKLIF-AJ37_BV31-CAWSARGSGNTLYF-BJ1-3,0.12268537131854967,12
467,D7A,0.62,1.0,AV8D-2-CATDTGGLSGKLTF-AJ2_BV13-1-CASSPGQYAEQFF-BJ2-1,0.17298773094997014,10
468,D7A,0.62,1.0,AV8D-2-CATDGQGGRALIF-AJ15_BV3-CASSPQGHSDYTF-BJ1-2,0.20188069144903847,8
469,D7A,0.62,1.0,AV13N-3-CASSGSWQLIF-AJ22_BV31-CAWSLAGSGNTLYF-BJ1-3,0.12290882972740477,13
470,D7A,0.62,1.0,AV15-1/DV6-1-CALWEPPHNNNAPRF-AJ43_BV16-CASSLRTGVYEQYF-BJ2-7,0.12001319734368487,13
471,D7A,0.615,1.0,AV14-2-CAASASSGSWQLIF-AJ22_BV31-CAWSLAGSGNTLYF-BJ1-3,0.17572179941184954,54
472,D7A,0.615,1.0,AV14D-1-CAASSAGNTGKLIF-AJ37_BV31-CAWSARGSGNTLYF-BJ1-3,0.12268537131854967,12
473,D7A,0.615,1.0,AV8D-2-CATDTGGLSGKLTF-AJ2_BV13-1-CASSPGQYAEQFF-BJ2-1,0.17298773094997014,10
474,D7A,0.615,1.0,AV8D-2-CATDGQGGRALIF-AJ15_BV3-CASSPQGHSDYTF-BJ1-2,0.20188069144903847,8
475,D7A,0.615,1.0,AV13N-3-CASSGSWQLIF-AJ22_BV31-CAWSLAGSGNTLYF-BJ1-3,0.12290882972740477,13
476,D7A,0.615,1.0,AV15-1/DV6-1-CALWEPPHNNNAPRF-AJ43_BV16-CASSLRTGVYEQYF-BJ2-7,0.12001319734368487,13
477,D7A,0.61,1.0,AV14-2-CAASASSGSWQLIF-AJ22_BV31-CAWSLAGSGNTLYF-BJ1-3,0.17572179941184954,54
478,D7A,0.61,1.0,AV14D-1-CAASSAGNTGKLIF-AJ37_BV31-CAWSARGSGNTLYF-BJ1-3,0.12268537131854967,12
479,D7A,0.61,1.0,AV8D-2-CATDTGGLSGKLTF-AJ2_BV13-1-CASSPGQYAEQFF-BJ2-1,0.17298773094997014,10
480,D7A,0.61,1.0,AV8D-2-CATDGQGGRALIF-AJ15_BV3-CASSPQGHSDYTF-BJ1-2,0.20188069144903847,8
481,D7A,0.61,1.0,AV13N-3-CASSGSWQLIF-AJ22_BV31-CAWSLAGSGNTLYF-BJ1-3,0.12290882972740477,13
482,D7A,0.61,1.0,AV15-1/DV6-1-CALWEPPHNNNAPRF-AJ43_BV16-CASSLRTGVYEQYF-BJ2-7,0.12001319734368487,13
483,D7A,0.605,1.0,AV14-2-CAASASSGSWQLIF-AJ22_BV31-CAWSLAGSGNTLYF-BJ1-3,0.17572179941184954,54
484,D7A,0.605,1.0,AV14D-1-CAASSAGNTGKLIF-AJ37_BV31-CAWSARGSGNTLYF-BJ1-3,0.12268537131854967,12
485,D7A,0.605,1.0,AV8D-2-CATDTGGLSGKLTF-AJ2_BV13-1-CASSPGQYAEQFF-BJ2-1,0.17298773094997014,10
486,D7A,0.605,1.0,AV8D-2-CATDGQGGRALIF-AJ15_BV3-CASSPQGHSDYTF-BJ1-2,0.20188069144903847,8
487,D7A,0.605,1.0,AV13N-3-CASSGSWQLIF-AJ22_BV31-CAWSLAGSGNTLYF-BJ1-3,0.12290882972740477,13
488,D7A,0.605,1.0,AV15-1/DV6-1-CALWEPPHNNNAPRF-AJ43_BV16-CASSLRTGVYEQYF-BJ2-7,0.12001319734368487,13
489,D7A,0.6,1.0,AV14-2-CAASASSGSWQLIF-AJ22_BV31-CAWSLAGSGNTLYF-BJ1-3,0.17572179941184954,54
490,D7A,0.6,1.0,AV14D-1-CAASSAGNTGKLIF-AJ37_BV31-CAWSARGSGNTLYF-BJ1-3,0.12268537131854967,12
491,D7A,0.6,1.0,AV8D-2-CATDTGGLSGKLTF-AJ2_BV13-1-CASSPGQYAEQFF-BJ2-1,0.17298773094997014,10
492,D7A,0.6,1.0,AV8D-2-CATDGQGGRALIF-AJ15_BV3-CASSPQGHSDYTF-BJ1-2,0.20188069144903847,8
493,D7A,0.6,1.0,AV13N-3-CASSGSWQLIF-AJ22_BV31-CAWSLAGSGNTLYF-BJ1-3,0.12290882972740477,13
494,D7A,0.6,1.0,AV15-1/DV6-1-CALWEPPHNNNAPRF-AJ43_BV16-CASSLRTGVYEQYF-BJ2-7,0.12001319734368487,13
495,D7A,0.595,1.0,AV14-2-CAASASSGSWQLIF-AJ22_BV31-CAWSLAGSGNTLYF-BJ1-3,0.17572179941184954,54
496,D7A,0.595,1.0,AV14D-1-CAASSAGNTGKLIF-AJ37_BV31-CAWSARGSGNTLYF-BJ1-3,0.12268537131854967,12
497,D7A,0.595,1.0,AV8D-2-CATDTGGLSGKLTF-AJ2_BV13-1-CASSPGQYAEQFF-BJ2-1,0.17298773094997014,10
498,D7A,0.595,1.0,AV8D-2-CATDGQGGRALIF-AJ15_BV3-CASSPQGHSDYTF-BJ1-2,0.20188069144903847,8
499,D7A,0.595,1.0,AV13N-3-CASSGSWQLIF-AJ22_BV31-CAWSLAGSGNTLYF-BJ1-3,0.12290882972740477,13
500,D7A,0.595,1.0,AV15-1/DV6-1-CALWEPPHNNNAPRF-AJ43_BV16-CASSLRTGVYEQYF-BJ2-7,0.12001319734368487,13
501,D7A,0.59,1.0,AV14-2-CAASASSGSWQLIF-AJ22_BV31-CAWSLAGSGNTLYF-BJ1-3,0.17572179941184954,54
502,D7A,0.59,1.0,AV14D-1-CAASSAGNTGKLIF-AJ37_BV31-CAWSARGSGNTLYF-BJ1-3,0.12268537131854967,12
503,D7A,0.59,1.0,AV8D-2-CATDTGGLSGKLTF-AJ2_BV13-1-CASSPGQYAEQFF-BJ2-1,0.17298773094997014,10
504,D7A,0.59,1.0,AV8D-2-CATDGQGGRALIF-AJ15_BV3-CASSPQGHSDYTF-BJ1-2,0.20188069144903847,8
505,D7A,0.59,1.0,AV13N-3-CASSGSWQLIF-AJ22_BV31-CAWSLAGSGNTLYF-BJ1-3,0.12290882972740477,13
506,D7A,0.59,1.0,AV15-1/DV6-1-CALWEPPHNNNAPRF-AJ43_BV16-CASSLRTGVYEQYF-BJ2-7,0.12001319734368487,13
507,D7A,0.585,1.0,AV14-2-CAASASSGSWQLIF-AJ22_BV31-CAWSLAGSGNTLYF-BJ1-3,0.17572179941184954,54
508,D7A,0.585,1.0,AV14D-1-CAASSAGNTGKLIF-AJ37_BV31-CAWSARGSGNTLYF-BJ1-3,0.12268537131854967,12
509,D7A,0.585,1.0,AV8D-2-CATDTGGLSGKLTF-AJ2_BV13-1-CASSPGQYAEQFF-BJ2-1,0.17298773094997014,10
510,D7A,0.585,1.0,AV8D-2-CATDGQGGRALIF-AJ15_BV3-CASSPQGHSDYTF-BJ1-2,0.20188069144903847,8
511,D7A,0.585,1.0,AV13N-3-CASSGSWQLIF-AJ22_BV31-CAWSLAGSGNTLYF-BJ1-3,0.12290882972740477,13
512,D7A,0.585,1.0,AV15-1/DV6-1-CALWEPPHNNNAPRF-AJ43_BV16-CASSLRTGVYEQYF-BJ2-7,0.12001319734368487,13
513,D7A,0.5800000000000001,1.0,AV14-2-CAASASSGSWQLIF-AJ22_BV31-CAWSLAGSGNTLYF-BJ1-3,0.17572179941184954,54
514,D7A,0.5800000000000001,1.0,AV14D-1-CAASSAGNTGKLIF-AJ37_BV31-CAWSARGSGNTLYF-BJ1-3,0.12268537131854967,12
515,D7A,0.5800000000000001,1.0,AV8D-2-CATDTGGLSGKLTF-AJ2_BV13-1-CASSPGQYAEQFF-BJ2-1,0.17298773094997014,10
516,D7A,0.5800000000000001,1.0,AV8D-2-CATDGQGGRALIF-AJ15_BV3-CASSPQGHSDYTF-BJ1-2,0.20188069144903847,8
517,D7A,0.5800000000000001,1.0,AV13N-3-CASSGSWQLIF-AJ22_BV31-CAWSLAGSGNTLYF-BJ1-3,0.12290882972740477,13
518,D7A,0.5800000000000001,1.0,AV15-1/DV6-1-CALWEPPHNNNAPRF-AJ43_BV16-CASSLRTGVYEQYF-BJ2-7,0.12001319734368487,13
519,D7A,0.575,1.0,AV14-2-CAASASSGSWQLIF-AJ22_BV31-CAWSLAGSGNTLYF-BJ1-3,0.17572179941184954,54
520,D7A,0.575,1.0,AV14D-1-CAASSAGNTGKLIF-AJ37_BV31-CAWSARGSGNTLYF-BJ1-3,0.12268537131854967,12
521,D7A,0.575,1.0,AV8D-2-CATDTGGLSGKLTF-AJ2_BV13-1-CASSPGQYAEQFF-BJ2-1,0.17298773094997014,10
522,D7A,0.575,1.0,AV8D-2-CATDGQGGRALIF-AJ15_BV3-CASSPQGHSDYTF-BJ1-2,0.20188069144903847,8
523,D7A,0.575,1.0,AV13N-3-CASSGSWQLIF-AJ22_BV31-CAWSLAGSGNTLYF-BJ1-3,0.12290882972740477,13
524,D7A,0.575,1.0,AV15-1/DV6-1-CALWEPPHNNNAPRF-AJ43_BV16-CASSLRTGVYEQYF-BJ2-7,0.12001319734368487,13
525,D7A,0.5700000000000001,1.0,AV14-2-CAASASSGSWQLIF-AJ22_BV31-CAWSLAGSGNTLYF-BJ1-3,0.17572179941184954,54
526,D7A,0.5700000000000001,1.0,AV14D-1-CAASSAGNTGKLIF-AJ37_BV31-CAWSARGSGNTLYF-BJ1-3,0.12268537131854967,12
527,D7A,0.5700000000000001,1.0,AV8D-2-CATDTGGLSGKLTF-AJ2_BV13-1-CASSPGQYAEQFF-BJ2-1,0.17298773094997014,10
528,D7A,0.5700000000000001,1.0,AV8D-2-CATDGQGGRALIF-AJ15_BV3-CASSPQGHSDYTF-BJ1-2,0.20188069144903847,8
529,D7A,0.5700000000000001,1.0,AV13N-3-CASSGSWQLIF-AJ22_BV31-CAWSLAGSGNTLYF-BJ1-3,0.12290882972740477,13
530,D7A,0.5700000000000001,1.0,AV15-1/DV6-1-CALWEPPHNNNAPRF-AJ43_BV16-CASSLRTGVYEQYF-BJ2-7,0.12001319734368487,13
531,D7A,0.565,1.0,AV14-2-CAASASSGSWQLIF-AJ22_BV31-CAWSLAGSGNTLYF-BJ1-3,0.17572179941184954,54
532,D7A,0.565,1.0,AV14D-1-CAASSAGNTGKLIF-AJ37_BV31-CAWSARGSGNTLYF-BJ1-3,0.12268537131854967,12
533,D7A,0.565,1.0,AV8D-2-CATDTGGLSGKLTF-AJ2_BV13-1-CASSPGQYAEQFF-BJ2-1,0.17298773094997014,10
534,D7A,0.565,1.0,AV8D-2-CATDGQGGRALIF-AJ15_BV3-CASSPQGHSDYTF-BJ1-2,0.20188069144903847,8
535,D7A,0.565,1.0,AV13N-3-CASSGSWQLIF-AJ22_BV31-CAWSLAGSGNTLYF-BJ1-3,0.12290882972740477,13
536,D7A,0.565,1.0,AV15-1/DV6-1-CALWEPPHNNNAPRF-AJ43_BV16-CASSLRTGVYEQYF-BJ2-7,0.12001319734368487,13
537,D7A,0.56,1.0,AV14-2-CAASASSGSWQLIF-AJ22_BV31-CAWSLAGSGNTLYF-BJ1-3,0.17572179941184954,54
538,D7A,0.56,1.0,AV14D-1-CAASSAGNTGKLIF-AJ37_BV31-CAWSARGSGNTLYF-BJ1-3,0.12268537131854967,12
539,D7A,0.56,1.0,AV8D-2-CATDTGGLSGKLTF-AJ2_BV13-1-CASSPGQYAEQFF-BJ2-1,0.17298773094997014,10
540,D7A,0.56,1.0,AV8D-2-CATDGQGGRALIF-AJ15_BV3-CASSPQGHSDYTF-BJ1-2,0.20188069144903847,8
541,D7A,0.56,1.0,AV13N-3-CASSGSWQLIF-AJ22_BV31-CAWSLAGSGNTLYF-BJ1-3,0.12290882972740477,13
542,D7A,0.56,1.0,AV15-1/DV6-1-CALWEPPHNNNAPRF-AJ43_BV16-CASSLRTGVYEQYF-BJ2-7,0.12001319734368487,13
543,D7A,0.5549999999999999,1.0,AV14-2-CAASASSGSWQLIF-AJ22_BV31-CAWSLAGSGNTLYF-BJ1-3,0.17572179941184954,54
544,D7A,0.5549999999999999,1.0,AV14D-1-CAASSAGNTGKLIF-AJ37_BV31-CAWSARGSGNTLYF-BJ1-3,0.12268537131854967,12
545,D7A,0.5549999999999999,1.0,AV8D-2-CATDTGGLSGKLTF-AJ2_BV13-1-CASSPGQYAEQFF-BJ2-1,0.17298773094997014,10
546,D7A,0.5549999999999999,1.0,AV8D-2-CATDGQGGRALIF-AJ15_BV3-CASSPQGHSDYTF-BJ1-2,0.20188069144903847,8
547,D7A,0.5549999999999999,1.0,AV13N-3-CASSGSWQLIF-AJ22_BV31-CAWSLAGSGNTLYF-BJ1-3,0.12290882972740477,13
548,D7A,0.5549999999999999,1.0,AV15-1/DV6-1-CALWEPPHNNNAPRF-AJ43_BV16-CASSLRTGVYEQYF-BJ2-7,0.12001319734368487,13
549,D7A,0.55,1.0,AV14-2-CAASASSGSWQLIF-AJ22_BV31-CAWSLAGSGNTLYF-BJ1-3,0.17572179941184954,54
550,D7A,0.55,1.0,AV14D-1-CAASSAGNTGKLIF-AJ37_BV31-CAWSARGSGNTLYF-BJ1-3,0.12268537131854967,12
551,D7A,0.55,1.0,AV8D-2-CATDTGGLSGKLTF-AJ2_BV13-1-CASSPGQYAEQFF-BJ2-1,0.17298773094997014,10
552,D7A,0.55,1.0,AV8D-2-CATDGQGGRALIF-AJ15_BV3-CASSPQGHSDYTF-BJ1-2,0.20188069144903847,8
553,D7A,0.55,1.0,AV13N-3-CASSGSWQLIF-AJ22_BV31-CAWSLAGSGNTLYF-BJ1-3,0.12290882972740477,13
554,D7A,0.55,1.0,AV15-1/DV6-1-CALWEPPHNNNAPRF-AJ43_BV16-CASSLRTGVYEQYF-BJ2-7,0.12001319734368487,13
555,D7A,0.5449999999999999,1.0,AV14-2-CAASASSGSWQLIF-AJ22_BV31-CAWSLAGSGNTLYF-BJ1-3,0.17572179941184954,54
556,D7A,0.5449999999999999,1.0,AV14D-1-CAASSAGNTGKLIF-AJ37_BV31-CAWSARGSGNTLYF-BJ1-3,0.12268537131854967,12
557,D7A,0.5449999999999999,1.0,AV8D-2-CATDTGGLSGKLTF-AJ2_BV13-1-CASSPGQYAEQFF-BJ2-1,0.17298773094997014,10
558,D7A,0.5449999999999999,1.0,AV8D-2-CATDGQGGRALIF-AJ15_BV3-CASSPQGHSDYTF-BJ1-2,0.20188069144903847,8
559,D7A,0.5449999999999999,1.0,AV13N-3-CASSGSWQLIF-AJ22_BV31-CAWSLAGSGNTLYF-BJ1-3,0.12290882972740477,13
560,D7A,0.5449999999999999,1.0,AV15-1/DV6-1-CALWEPPHNNNAPRF-AJ43_BV16-CASSLRTGVYEQYF-BJ2-7,0.12001319734368487,13
561,D7A,0.54,1.0,AV14-2-CAASASSGSWQLIF-AJ22_BV31-CAWSLAGSGNTLYF-BJ1-3,0.17572179941184954,54
562,D7A,0.54,1.0,AV14D-1-CAASSAGNTGKLIF-AJ37_BV31-CAWSARGSGNTLYF-BJ1-3,0.12268537131854967,12
563,D7A,0.54,1.0,AV8D-2-CATDTGGLSGKLTF-AJ2_BV13-1-CASSPGQYAEQFF-BJ2-1,0.17298773094997014,10
564,D7A,0.54,1.0,AV8D-2-CATDGQGGRALIF-AJ15_BV3-CASSPQGHSDYTF-BJ1-2,0.20188069144903847,8
565,D7A,0.54,1.0,AV13N-3-CASSGSWQLIF-AJ22_BV31-CAWSLAGSGNTLYF-BJ1-3,0.12290882972740477,13
566,D7A,0.54,1.0,AV15-1/DV6-1-CALWEPPHNNNAPRF-AJ43_BV16-CASSLRTGVYEQYF-BJ2-7,0.12001319734368487,13
567,D7A,0.5349999999999999,1.0,AV14-2-CAASASSGSWQLIF-AJ22_BV31-CAWSLAGSGNTLYF-BJ1-3,0.17572179941184954,54
568,D7A,0.5349999999999999,1.0,AV14D-1-CAASSAGNTGKLIF-AJ37_BV31-CAWSARGSGNTLYF-BJ1-3,0.12268537131854967,12
569,D7A,0.5349999999999999,1.0,AV8D-2-CATDTGGLSGKLTF-AJ2_BV13-1-CASSPGQYAEQFF-BJ2-1,0.17298773094997014,10
570,D7A,0.5349999999999999,1.0,AV8D-2-CATDGQGGRALIF-AJ15_BV3-CASSPQGHSDYTF-BJ1-2,0.20188069144903847,8
571,D7A,0.5349999999999999,1.0,AV13N-3-CASSGSWQLIF-AJ22_BV31-CAWSLAGSGNTLYF-BJ1-3,0.12290882972740477,13
572,D7A,0.5349999999999999,1.0,AV15-1/DV6-1-CALWEPPHNNNAPRF-AJ43_BV16-CASSLRTGVYEQYF-BJ2-7,0.12001319734368487,13
573,D7A,0.53,1.0,AV14-2-CAASASSGSWQLIF-AJ22_BV31-CAWSLAGSGNTLYF-BJ1-3,0.17572179941184954,54
574,D7A,0.53,1.0,AV14D-1-CAASSAGNTGKLIF-AJ37_BV31-CAWSARGSGNTLYF-BJ1-3,0.12268537131854967,12
575,D7A,0.53,1.0,AV8D-2-CATDTGGLSGKLTF-AJ2_BV13-1-CASSPGQYAEQFF-BJ2-1,0.17298773094997014,10
576,D7A,0.53,1.0,AV8D-2-CATDGQGGRALIF-AJ15_BV3-CASSPQGHSDYTF-BJ1-2,0.20188069144903847,8
577,D7A,0.53,1.0,AV13N-3-CASSGSWQLIF-AJ22_BV31-CAWSLAGSGNTLYF-BJ1-3,0.12290882972740477,13
578,D7A,0.53,1.0,AV15-1/DV6-1-CALWEPPHNNNAPRF-AJ43_BV16-CASSLRTGVYEQYF-BJ2-7,0.12001319734368487,13
579,D7A,0.5249999999999999,1.0,AV14-2-CAASASSGSWQLIF-AJ22_BV31-CAWSLAGSGNTLYF-BJ1-3,0.17572179941184954,54
580,D7A,0.5249999999999999,1.0,AV14D-1-CAASSAGNTGKLIF-AJ37_BV31-CAWSARGSGNTLYF-BJ1-3,0.12268537131854967,12
581,D7A,0.5249999999999999,1.0,AV8D-2-CATDTGGLSGKLTF-AJ2_BV13-1-CASSPGQYAEQFF-BJ2-1,0.17298773094997014,10
582,D7A,0.5249999999999999,1.0,AV8D-2-CATDGQGGRALIF-AJ15_BV3-CASSPQGHSDYTF-BJ1-2,0.20188069144903847,8
583,D7A,0.5249999999999999,1.0,AV13N-3-CASSGSWQLIF-AJ22_BV31-CAWSLAGSGNTLYF-BJ1-3,0.12290882972740477,13
584,D7A,0.5249999999999999,1.0,AV15-1/DV6-1-CALWEPPHNNNAPRF-AJ43_BV16-CASSLRTGVYEQYF-BJ2-7,0.12001319734368487,13
585,D7A,0.52,1.0,AV14-2-CAASASSGSWQLIF-AJ22_BV31-CAWSLAGSGNTLYF-BJ1-3,0.17572179941184954,54
586,D7A,0.52,1.0,AV14D-1-CAASSAGNTGKLIF-AJ37_BV31-CAWSARGSGNTLYF-BJ1-3,0.12268537131854967,12
587,D7A,0.52,1.0,AV8D-2-CATDTGGLSGKLTF-AJ2_BV13-1-CASSPGQYAEQFF-BJ2-1,0.17298773094997014,10
588,D7A,0.52,1.0,AV8D-2-CATDGQGGRALIF-AJ15_BV3-CASSPQGHSDYTF-BJ1-2,0.20188069144903847,8
589,D7A,0.52,1.0,AV13N-3-CASSGSWQLIF-AJ22_BV31-CAWSLAGSGNTLYF-BJ1-3,0.12290882972740477,13
590,D7A,0.52,1.0,AV15-1/DV6-1-CALWEPPHNNNAPRF-AJ43_BV16-CASSLRTGVYEQYF-BJ2-7,0.12001319734368487,13
591,D7A,0.515,1.0,AV14-2-CAASASSGSWQLIF-AJ22_BV31-CAWSLAGSGNTLYF-BJ1-3,0.17572179941184954,54
592,D7A,0.515,1.0,AV14D-1-CAASSAGNTGKLIF-AJ37_BV31-CAWSARGSGNTLYF-BJ1-3,0.12268537131854967,12
593,D7A,0.515,1.0,AV8D-2-CATDTGGLSGKLTF-AJ2_BV13-1-CASSPGQYAEQFF-BJ2-1,0.17298773094997014,10
594,D7A,0.515,1.0,AV8D-2-CATDGQGGRALIF-AJ15_BV3-CASSPQGHSDYTF-BJ1-2,0.20188069144903847,8
595,D7A,0.515,1.0,AV13N-3-CASSGSWQLIF-AJ22_BV31-CAWSLAGSGNTLYF-BJ1-3,0.12290882972740477,13
596,D7A,0.515,1.0,AV15-1/DV6-1-CALWEPPHNNNAPRF-AJ43_BV16-CASSLRTGVYEQYF-BJ2-7,0.12001319734368487,13
597,D7A,0.51,0.480000000000004,AV14-2-CAASASSGSWQLIF-AJ22_BV31-CAWSLAGSGNTLYF-BJ1-3,0.19471152651511614,35
598,D7A,0.51,0.480000000000004,AV14D-1-CAASSAGNTGKLIF-AJ37_BV31-CAWSARGSGNTLYF-BJ1-3,0.16460946922087036,8
599,D7A,0.51,0.480000000000004,AV8D-2-CATDTGGLSGKLTF-AJ2_BV13-1-CASSPGQYAEQFF-BJ2-1,0.23757119453636044,6
600,D7A,0.51,0.480000000000004,AV8D-2-CATDGQGGRALIF-AJ15_BV3-CASSPQGHSDYTF-BJ1-2,0.18594655005295446,7
601,D7A,0.51,0.480000000000004,AV13N-3-CASSGSWQLIF-AJ22_BV31-CAWSLAGSGNTLYF-BJ1-3,0.12257716043759058,9
602,D7A,0.51,0.480000000000004,AV15-1/DV6-1-CALWEPPHNNNAPRF-AJ43_BV16-CASSLRTGVYEQYF-BJ2-7,0.07739590411196959,9
603,D7A,0.505,0.0,AV14-2-CAASASSGSWQLIF-AJ22_BV31-CAWSLAGSGNTLYF-BJ1-3,0.19471152651511614,35
604,D7A,0.505,0.0,AV14D-1-CAASSAGNTGKLIF-AJ37_BV31-CAWSARGSGNTLYF-BJ1-3,0.16460946922087036,8
605,D7A,0.505,0.0,AV8D-2-CATDTGGLSGKLTF-AJ2_BV13-1-CASSPGQYAEQFF-BJ2-1,0.23757119453636044,6
606,D7A,0.505,0.0,AV8D-2-CATDGQGGRALIF-AJ15_BV3-CASSPQGHSDYTF-BJ1-2,0.18594655005295446,7
607,D7A,0.505,0.0,AV13N-3-CASSGSWQLIF-AJ22_BV31-CAWSLAGSGNTLYF-BJ1-3,0.12257716043759058,9
608,D7A,0.505,0.0,AV15-1/DV6-1-CALWEPPHNNNAPRF-AJ43_BV16-CASSLRTGVYEQYF-BJ2-7,0.07739590411196959,9
609,D7A,0.5,0.0,AV14-2-CAASASSGSWQLIF-AJ22_BV31-CAWSLAGSGNTLYF-BJ1-3,0.19471152651511614,35
610,D7A,0.5,0.0,AV14D-1-CAASSAGNTGKLIF-AJ37_BV31-CAWSARGSGNTLYF-BJ1-3,0.16460946922087036,8
611,D7A,0.5,0.0,AV8D-2-CATDTGGLSGKLTF-AJ2_BV13-1-CASSPGQYAEQFF-BJ2-1,0.23757119453636044,6
612,D7A,0.5,0.0,AV8D-2-CATDGQGGRALIF-AJ15_BV3-CASSPQGHSDYTF-BJ1-2,0.18594655005295446,7
613,D7A,0.5,0.0,AV13N-3-CASSGSWQLIF-AJ22_BV31-CAWSLAGSGNTLYF-BJ1-3,0.12257716043759058,9
614,D7A,0.5,0.0,AV15-1/DV6-1-CALWEPPHNNNAPRF-AJ43_BV16-CASSLRTGVYEQYF-BJ2-7,0.07739590411196959,9
615,D7A,0.495,0.0,AV14-2-CAASASSGSWQLIF-AJ22_BV31-CAWSLAGSGNTLYF-BJ1-3,0.19471152651511614,35
616,D7A,0.495,0.0,AV14D-1-CAASSAGNTGKLIF-AJ37_BV31-CAWSARGSGNTLYF-BJ1-3,0.16460946922087036,8
617,D7A,0.495,0.0,AV8D-2-CATDTGGLSGKLTF-AJ2_BV13-1-CASSPGQYAEQFF-BJ2-1,0.23757119453636044,6
618,D7A,0.495,0.0,AV8D-2-CATDGQGGRALIF-AJ15_BV3-CASSPQGHSDYTF-BJ1-2,0.18594655005295446,7
619,D7A,0.495,0.0,AV13N-3-CASSGSWQLIF-AJ22_BV31-CAWSLAGSGNTLYF-BJ1-3,0.12257716043759058,9
620,D7A,0.495,0.0,AV15-1/DV6-1-CALWEPPHNNNAPRF-AJ43_BV16-CASSLRTGVYEQYF-BJ2-7,0.07739590411196959,9
621,D7A,0.49,0.0,AV14-2-CAASASSGSWQLIF-AJ22_BV31-CAWSLAGSGNTLYF-BJ1-3,0.19471152651511614,35
622,D7A,0.49,0.0,AV14D-1-CAASSAGNTGKLIF-AJ37_BV31-CAWSARGSGNTLYF-BJ1-3,0.16460946922087036,8
623,D7A,0.49,0.0,AV8D-2-CATDTGGLSGKLTF-AJ2_BV13-1-CASSPGQYAEQFF-BJ2-1,0.23757119453636044,6
624,D7A,0.49,0.0,AV8D-2-CATDGQGGRALIF-AJ15_BV3-CASSPQGHSDYTF-BJ1-2,0.18594655005295446,7
625,D7A,0.49,0.0,AV13N-3-CASSGSWQLIF-AJ22_BV31-CAWSLAGSGNTLYF-BJ1-3,0.12257716043759058,9
626,D7A,0.49,0.0,AV15-1/DV6-1-CALWEPPHNNNAPRF-AJ43_BV16-CASSLRTGVYEQYF-BJ2-7,0.07739590411196959,9
627,D7A,0.485,0.0,AV14-2-CAASASSGSWQLIF-AJ22_BV31-CAWSLAGSGNTLYF-BJ1-3,0.19471152651511614,35
628,D7A,0.485,0.0,AV14D-1-CAASSAGNTGKLIF-AJ37_BV31-CAWSARGSGNTLYF-BJ1-3,0.16460946922087036,8
629,D7A,0.485,0.0,AV8D-2-CATDTGGLSGKLTF-AJ2_BV13-1-CASSPGQYAEQFF-BJ2-1,0.23757119453636044,6
630,D7A,0.485,0.0,AV8D-2-CATDGQGGRALIF-AJ15_BV3-CASSPQGHSDYTF-BJ1-2,0.18594655005295446,7
631,D7A,0.485,0.0,AV13N-3-CASSGSWQLIF-AJ22_BV31-CAWSLAGSGNTLYF-BJ1-3,0.12257716043759058,9
632,D7A,0.485,0.0,AV15-1/DV6-1-CALWEPPHNNNAPRF-AJ43_BV16-CASSLRTGVYEQYF-BJ2-7,0.07739590411196959,9
633,D7A,0.48,0.0,AV14-2-CAASASSGSWQLIF-AJ22_BV31-CAWSLAGSGNTLYF-BJ1-3,0.19471152651511614,35
634,D7A,0.48,0.0,AV14D-1-CAASSAGNTGKLIF-AJ37_BV31-CAWSARGSGNTLYF-BJ1-3,0.16460946922087036,8
635,D7A,0.48,0.0,AV8D-2-CATDTGGLSGKLTF-AJ2_BV13-1-CASSPGQYAEQFF-BJ2-1,0.23757119453636044,6
636,D7A,0.48,0.0,AV8D-2-CATDGQGGRALIF-AJ15_BV3-CASSPQGHSDYTF-BJ1-2,0.18594655005295446,7
637,D7A,0.48,0.0,AV13N-3-CASSGSWQLIF-AJ22_BV31-CAWSLAGSGNTLYF-BJ1-3,0.12257716043759058,9
638,D7A,0.48,0.0,AV15-1/DV6-1-CALWEPPHNNNAPRF-AJ43_BV16-CASSLRTGVYEQYF-BJ2-7,0.07739590411196959,9
639,D7A,0.475,0.0,AV14-2-CAASASSGSWQLIF-AJ22_BV31-CAWSLAGSGNTLYF-BJ1-3,0.19471152651511614,35
640,D7A,0.475,0.0,AV14D-1-CAASSAGNTGKLIF-AJ37_BV31-CAWSARGSGNTLYF-BJ1-3,0.16460946922087036,8
641,D7A,0.475,0.0,AV8D-2-CATDTGGLSGKLTF-AJ2_BV13-1-CASSPGQYAEQFF-BJ2-1,0.23757119453636044,6
642,D7A,0.475,0.0,AV8D-2-CATDGQGGRALIF-AJ15_BV3-CASSPQGHSDYTF-BJ1-2,0.18594655005295446,7
643,D7A,0.475,0.0,AV13N-3-CASSGSWQLIF-AJ22_BV31-CAWSLAGSGNTLYF-BJ1-3,0.12257716043759058,9
644,D7A,0.475,0.0,AV15-1/DV6-1-CALWEPPHNNNAPRF-AJ43_BV16-CASSLRTGVYEQYF-BJ2-7,0.07739590411196959,9
645,D7A,0.47,0.0,AV14-2-CAASASSGSWQLIF-AJ22_BV31-CAWSLAGSGNTLYF-BJ1-3,0.19471152651511614,35
646,D7A,0.47,0.0,AV14D-1-CAASSAGNTGKLIF-AJ37_BV31-CAWSARGSGNTLYF-BJ1-3,0.16460946922087036,8
647,D7A,0.47,0.0,AV8D-2-CATDTGGLSGKLTF-AJ2_BV13-1-CASSPGQYAEQFF-BJ2-1,0.23757119453636044,6
648,D7A,0.47,0.0,AV8D-2-CATDGQGGRALIF-AJ15_BV3-CASSPQGHSDYTF-BJ1-2,0.18594655005295446,7
649,D7A,0.47,0.0,AV13N-3-CASSGSWQLIF-AJ22_BV31-CAWSLAGSGNTLYF-BJ1-3,0.12257716043759058,9
650,D7A,0.47,0.0,AV15-1/DV6-1-CALWEPPHNNNAPRF-AJ43_BV16-CASSLRTGVYEQYF-BJ2-7,0.07739590411196959,9
651,D7A,0.46499999999999997,0.0,AV14-2-CAASASSGSWQLIF-AJ22_BV31-CAWSLAGSGNTLYF-BJ1-3,0.19471152651511614,35
652,D7A,0.46499999999999997,0.0,AV14D-1-CAASSAGNTGKLIF-AJ37_BV31-CAWSARGSGNTLYF-BJ1-3,0.16460946922087036,8
653,D7A,0.46499999999999997,0.0,AV8D-2-CATDTGGLSGKLTF-AJ2_BV13-1-CASSPGQYAEQFF-BJ2-1,0.23757119453636044,6
654,D7A,0.46499999999999997,0.0,AV8D-2-CATDGQGGRALIF-AJ15_BV3-CASSPQGHSDYTF-BJ1-2,0.18594655005295446,7
655,D7A,0.46499999999999997,0.0,AV13N-3-CASSGSWQLIF-AJ22_BV31-CAWSLAGSGNTLYF-BJ1-3,0.12257716043759058,9
656,D7A,0.46499999999999997,0.0,AV15-1/DV6-1-CALWEPPHNNNAPRF-AJ43_BV16-CASSLRTGVYEQYF-BJ2-7,0.07739590411196959,9
657,D7A,0.45999999999999996,0.0,AV14-2-CAASASSGSWQLIF-AJ22_BV31-CAWSLAGSGNTLYF-BJ1-3,0.19471152651511614,35
658,D7A,0.45999999999999996,0.0,AV14D-1-CAASSAGNTGKLIF-AJ37_BV31-CAWSARGSGNTLYF-BJ1-3,0.16460946922087036,8
659,D7A,0.45999999999999996,0.0,AV8D-2-CATDTGGLSGKLTF-AJ2_BV13-1-CASSPGQYAEQFF-BJ2-1,0.23757119453636044,6
660,D7A,0.45999999999999996,0.0,AV8D-2-CATDGQGGRALIF-AJ15_BV3-CASSPQGHSDYTF-BJ1-2,0.18594655005295446,7
661,D7A,0.45999999999999996,0.0,AV13N-3-CASSGSWQLIF-AJ22_BV31-CAWSLAGSGNTLYF-BJ1-3,0.12257716043759058,9
662,D7A,0.45999999999999996,0.0,AV15-1/DV6-1-CALWEPPHNNNAPRF-AJ43_BV16-CASSLRTGVYEQYF-BJ2-7,0.07739590411196959,9
663,D7A,0.45499999999999996,0.0,AV14-2-CAASASSGSWQLIF-AJ22_BV31-CAWSLAGSGNTLYF-BJ1-3,0.19471152651511614,35
664,D7A,0.45499999999999996,0.0,AV14D-1-CAASSAGNTGKLIF-AJ37_BV31-CAWSARGSGNTLYF-BJ1-3,0.16460946922087036,8
665,D7A,0.45499999999999996,0.0,AV8D-2-CATDTGGLSGKLTF-AJ2_BV13-1-CASSPGQYAEQFF-BJ2-1,0.23757119453636044,6
666,D7A,0.45499999999999996,0.0,AV8D-2-CATDGQGGRALIF-AJ15_BV3-CASSPQGHSDYTF-BJ1-2,0.18594655005295446,7
667,D7A,0.45499999999999996,0.0,AV13N-3-CASSGSWQLIF-AJ22_BV31-CAWSLAGSGNTLYF-BJ1-3,0.12257716043759058,9
668,D7A,0.45499999999999996,0.0,AV15-1/DV6-1-CALWEPPHNNNAPRF-AJ43_BV16-CASSLRTGVYEQYF-BJ2-7,0.07739590411196959,9
669,D7A,0.44999999999999996,0.0,AV14-2-CAASASSGSWQLIF-AJ22_BV31-CAWSLAGSGNTLYF-BJ1-3,0.19471152651511614,35
670,D7A,0.44999999999999996,0.0,AV14D-1-CAASSAGNTGKLIF-AJ37_BV31-CAWSARGSGNTLYF-BJ1-3,0.16460946922087036,8
671,D7A,0.44999999999999996,0.0,AV8D-2-CATDTGGLSGKLTF-AJ2_BV13-1-CASSPGQYAEQFF-BJ2-1,0.23757119453636044,6
672,D7A,0.44999999999999996,0.0,AV8D-2-CATDGQGGRALIF-AJ15_BV3-CASSPQGHSDYTF-BJ1-2,0.18594655005295446,7
673,D7A,0.44999999999999996,0.0,AV13N-3-CASSGSWQLIF-AJ22_BV31-CAWSLAGSGNTLYF-BJ1-3,0.12257716043759058,9
674,D7A,0.44999999999999996,0.0,AV15-1/DV6-1-CALWEPPHNNNAPRF-AJ43_BV16-CASSLRTGVYEQYF-BJ2-7,0.07739590411196959,9
675,D7A,0.44499999999999995,0.0,AV14-2-CAASASSGSWQLIF-AJ22_BV31-CAWSLAGSGNTLYF-BJ1-3,0.19471152651511614,35
676,D7A,0.44499999999999995,0.0,AV14D-1-CAASSAGNTGKLIF-AJ37_BV31-CAWSARGSGNTLYF-BJ1-3,0.16460946922087036,8
677,D7A,0.44499999999999995,0.0,AV8D-2-CATDTGGLSGKLTF-AJ2_BV13-1-CASSPGQYAEQFF-BJ2-1,0.23757119453636044,6
678,D7A,0.44499999999999995,0.0,AV8D-2-CATDGQGGRALIF-AJ15_BV3-CASSPQGHSDYTF-BJ1-2,0.18594655005295446,7
679,D7A,0.44499999999999995,0.0,AV13N-3-CASSGSWQLIF-AJ22_BV31-CAWSLAGSGNTLYF-BJ1-3,0.12257716043759058,9
680,D7A,0.44499999999999995,0.0,AV15-1/DV6-1-CALWEPPHNNNAPRF-AJ43_BV16-CASSLRTGVYEQYF-BJ2-7,0.07739590411196959,9
681,D7A,0.43999999999999995,0.0,AV14-2-CAASASSGSWQLIF-AJ22_BV31-CAWSLAGSGNTLYF-BJ1-3,0.19471152651511614,35
682,D7A,0.43999999999999995,0.0,AV14D-1-CAASSAGNTGKLIF-AJ37_BV31-CAWSARGSGNTLYF-BJ1-3,0.16460946922087036,8
683,D7A,0.43999999999999995,0.0,AV8D-2-CATDTGGLSGKLTF-AJ2_BV13-1-CASSPGQYAEQFF-BJ2-1,0.23757119453636044,6
684,D7A,0.43999999999999995,0.0,AV8D-2-CATDGQGGRALIF-AJ15_BV3-CASSPQGHSDYTF-BJ1-2,0.18594655005295446,7
685,D7A,0.43999999999999995,0.0,AV13N-3-CASSGSWQLIF-AJ22_BV31-CAWSLAGSGNTLYF-BJ1-3,0.12257716043759058,9
686,D7A,0.43999999999999995,0.0,AV15-1/DV6-1-CALWEPPHNNNAPRF-AJ43_BV16-CASSLRTGVYEQYF-BJ2-7,0.07739590411196959,9
687,D7A,0.43499999999999994,0.0,AV14-2-CAASASSGSWQLIF-AJ22_BV31-CAWSLAGSGNTLYF-BJ1-3,0.19471152651511614,35
688,D7A,0.43499999999999994,0.0,AV14D-1-CAASSAGNTGKLIF-AJ37_BV31-CAWSARGSGNTLYF-BJ1-3,0.16460946922087036,8
689,D7A,0.43499999999999994,0.0,AV8D-2-CATDTGGLSGKLTF-AJ2_BV13-1-CASSPGQYAEQFF-BJ2-1,0.23757119453636044,6
690,D7A,0.43499999999999994,0.0,AV8D-2-CATDGQGGRALIF-AJ15_BV3-CASSPQGHSDYTF-BJ1-2,0.18594655005295446,7
691,D7A,0.43499999999999994,0.0,AV13N-3-CASSGSWQLIF-AJ22_BV31-CAWSLAGSGNTLYF-BJ1-3,0.12257716043759058,9
692,D7A,0.43499999999999994,0.0,AV15-1/DV6-1-CALWEPPHNNNAPRF-AJ43_BV16-CASSLRTGVYEQYF-BJ2-7,0.07739590411196959,9
693,D7A,0.42999999999999994,0.0,AV14-2-CAASASSGSWQLIF-AJ22_BV31-CAWSLAGSGNTLYF-BJ1-3,0.19471152651511614,35
694,D7A,0.42999999999999994,0.0,AV14D-1-CAASSAGNTGKLIF-AJ37_BV31-CAWSARGSGNTLYF-BJ1-3,0.16460946922087036,8
695,D7A,0.42999999999999994,0.0,AV8D-2-CATDTGGLSGKLTF-AJ2_BV13-1-CASSPGQYAEQFF-BJ2-1,0.23757119453636044,6
696,D7A,0.42999999999999994,0.0,AV8D-2-CATDGQGGRALIF-AJ15_BV3-CASSPQGHSDYTF-BJ1-2,0.18594655005295446,7
697,D7A,0.42999999999999994,0.0,AV13N-3-CASSGSWQLIF-AJ22_BV31-CAWSLAGSGNTLYF-BJ1-3,0.12257716043759058,9
698,D7A,0.42999999999999994,0.0,AV15-1/DV6-1-CALWEPPHNNNAPRF-AJ43_BV16-CASSLRTGVYEQYF-BJ2-7,0.07739590411196959,9
699,D7A,0.42499999999999993,0.0,AV14-2-CAASASSGSWQLIF-AJ22_BV31-CAWSLAGSGNTLYF-BJ1-3,0.19471152651511614,35
700,D7A,0.42499999999999993,0.0,AV14D-1-CAASSAGNTGKLIF-AJ37_BV31-CAWSARGSGNTLYF-BJ1-3,0.16460946922087036,8
701,D7A,0.42499999999999993,0.0,AV8D-2-CATDTGGLSGKLTF-AJ2_BV13-1-CASSPGQYAEQFF-BJ2-1,0.23757119453636044,6
702,D7A,0.42499999999999993,0.0,AV8D-2-CATDGQGGRALIF-AJ15_BV3-CASSPQGHSDYTF-BJ1-2,0.18594655005295446,7
703,D7A,0.42499999999999993,0.0,AV13N-3-CASSGSWQLIF-AJ22_BV31-CAWSLAGSGNTLYF-BJ1-3,0.12257716043759058,9
704,D7A,0.42499999999999993,0.0,AV15-1/DV6-1-CALWEPPHNNNAPRF-AJ43_BV16-CASSLRTGVYEQYF-BJ2-7,0.07739590411196959,9
705,D7A,0.42000000000000004,0.0,AV14-2-CAASASSGSWQLIF-AJ22_BV31-CAWSLAGSGNTLYF-BJ1-3,0.19471152651511614,35
706,D7A,0.42000000000000004,0.0,AV14D-1-CAASSAGNTGKLIF-AJ37_BV31-CAWSARGSGNTLYF-BJ1-3,0.16460946922087036,8
707,D7A,0.42000000000000004,0.0,AV8D-2-CATDTGGLSGKLTF-AJ2_BV13-1-CASSPGQYAEQFF-BJ2-1,0.23757119453636044,6
708,D7A,0.42000000000000004,0.0,AV8D-2-CATDGQGGRALIF-AJ15_BV3-CASSPQGHSDYTF-BJ1-2,0.18594655005295446,7
709,D7A,0.42000000000000004,0.0,AV13N-3-CASSGSWQLIF-AJ22_BV31-CAWSLAGSGNTLYF-BJ1-3,0.12257716043759058,9
710,D7A,0.42000000000000004,0.0,AV15-1/DV6-1-CALWEPPHNNNAPRF-AJ43_BV16-CASSLRTGVYEQYF-BJ2-7,0.07739590411196959,9
711,D7A,0.41500000000000004,0.0,AV14-2-CAASASSGSWQLIF-AJ22_BV31-CAWSLAGSGNTLYF-BJ1-3,0.19471152651511614,35
712,D7A,0.41500000000000004,0.0,AV14D-1-CAASSAGNTGKLIF-AJ37_BV31-CAWSARGSGNTLYF-BJ1-3,0.16460946922087036,8
713,D7A,0.41500000000000004,0.0,AV8D-2-CATDTGGLSGKLTF-AJ2_BV13-1-CASSPGQYAEQFF-BJ2-1,0.23757119453636044,6
714,D7A,0.41500000000000004,0.0,AV8D-2-CATDGQGGRALIF-AJ15_BV3-CASSPQGHSDYTF-BJ1-2,0.18594655005295446,7
715,D7A,0.41500000000000004,0.0,AV13N-3-CASSGSWQLIF-AJ22_BV31-CAWSLAGSGNTLYF-BJ1-3,0.12257716043759058,9
716,D7A,0.41500000000000004,0.0,AV15-1/DV6-1-CALWEPPHNNNAPRF-AJ43_BV16-CASSLRTGVYEQYF-BJ2-7,0.07739590411196959,9
717,D7A,0.41000000000000003,0.0,AV14-2-CAASASSGSWQLIF-AJ22_BV31-CAWSLAGSGNTLYF-BJ1-3,0.19471152651511614,35
718,D7A,0.41000000000000003,0.0,AV14D-1-CAASSAGNTGKLIF-AJ37_BV31-CAWSARGSGNTLYF-BJ1-3,0.16460946922087036,8
719,D7A,0.41000000000000003,0.0,AV8D-2-CATDTGGLSGKLTF-AJ2_BV13-1-CASSPGQYAEQFF-BJ2-1,0.23757119453636044,6
720,D7A,0.41000000000000003,0.0,AV8D-2-CATDGQGGRALIF-AJ15_BV3-CASSPQGHSDYTF-BJ1-2,0.18594655005295446,7
721,D7A,0.41000000000000003,0.0,AV13N-3-CASSGSWQLIF-AJ22_BV31-CAWSLAGSGNTLYF-BJ1-3,0.12257716043759058,9
722,D7A,0.41000000000000003,0.0,AV15-1/DV6-1-CALWEPPHNNNAPRF-AJ43_BV16-CASSLRTGVYEQYF-BJ2-7,0.07739590411196959,9
723,D7A,0.405,0.0,AV14-2-CAASASSGSWQLIF-AJ22_BV31-CAWSLAGSGNTLYF-BJ1-3,0.19471152651511614,35
724,D7A,0.405,0.0,AV14D-1-CAASSAGNTGKLIF-AJ37_BV31-CAWSARGSGNTLYF-BJ1-3,0.16460946922087036,8
725,D7A,0.405,0.0,AV8D-2-CATDTGGLSGKLTF-AJ2_BV13-1-CASSPGQYAEQFF-BJ2-1,0.23757119453636044,6
726,D7A,0.405,0.0,AV8D-2-CATDGQGGRALIF-AJ15_BV3-CASSPQGHSDYTF-BJ1-2,0.18594655005295446,7
727,D7A,0.405,0.0,AV13N-3-CASSGSWQLIF-AJ22_BV31-CAWSLAGSGNTLYF-BJ1-3,0.12257716043759058,9
728,D7A,0.405,0.0,AV15-1/DV6-1-CALWEPPHNNNAPRF-AJ43_BV16-CASSLRTGVYEQYF-BJ2-7,0.07739590411196959,9
729,D7A,0.4,0.0,AV14-2-CAASASSGSWQLIF-AJ22_BV31-CAWSLAGSGNTLYF-BJ1-3,0.19471152651511614,35
730,D7A,0.4,0.0,AV14D-1-CAASSAGNTGKLIF-AJ37_BV31-CAWSARGSGNTLYF-BJ1-3,0.16460946922087036,8
731,D7A,0.4,0.0,AV8D-2-CATDTGGLSGKLTF-AJ2_BV13-1-CASSPGQYAEQFF-BJ2-1,0.23757119453636044,6
732,D7A,0.4,0.0,AV8D-2-CATDGQGGRALIF-AJ15_BV3-CASSPQGHSDYTF-BJ1-2,0.18594655005295446,7
733,D7A,0.4,0.0,AV13N-3-CASSGSWQLIF-AJ22_BV31-CAWSLAGSGNTLYF-BJ1-3,0.12257716043759058,9
734,D7A,0.4,0.0,AV15-1/DV6-1-CALWEPPHNNNAPRF-AJ43_BV16-CASSLRTGVYEQYF-BJ2-7,0.07739590411196959,9
735,D7A,0.395,0.0,AV14-2-CAASASSGSWQLIF-AJ22_BV31-CAWSLAGSGNTLYF-BJ1-3,0.19471152651511614,35
736,D7A,0.395,0.0,AV14D-1-CAASSAGNTGKLIF-AJ37_BV31-CAWSARGSGNTLYF-BJ1-3,0.16460946922087036,8
737,D7A,0.395,0.0,AV8D-2-CATDTGGLSGKLTF-AJ2_BV13-1-CASSPGQYAEQFF-BJ2-1,0.23757119453636044,6
738,D7A,0.395,0.0,AV8D-2-CATDGQGGRALIF-AJ15_BV3-CASSPQGHSDYTF-BJ1-2,0.18594655005295446,7
739,D7A,0.395,0.0,AV13N-3-CASSGSWQLIF-AJ22_BV31-CAWSLAGSGNTLYF-BJ1-3,0.12257716043759058,9
740,D7A,0.395,0.0,AV15-1/DV6-1-CALWEPPHNNNAPRF-AJ43_BV16-CASSLRTGVYEQYF-BJ2-7,0.07739590411196959,9
741,D7A,0.39,0.0,AV14-2-CAASASSGSWQLIF-AJ22_BV31-CAWSLAGSGNTLYF-BJ1-3,0.19471152651511614,35
742,D7A,0.39,0.0,AV14D-1-CAASSAGNTGKLIF-AJ37_BV31-CAWSARGSGNTLYF-BJ1-3,0.16460946922087036,8
743,D7A,0.39,0.0,AV8D-2-CATDTGGLSGKLTF-AJ2_BV13-1-CASSPGQYAEQFF-BJ2-1,0.23757119453636044,6
744,D7A,0.39,0.0,AV8D-2-CATDGQGGRALIF-AJ15_BV3-CASSPQGHSDYTF-BJ1-2,0.18594655005295446,7
745,D7A,0.39,0.0,AV13N-3-CASSGSWQLIF-AJ22_BV31-CAWSLAGSGNTLYF-BJ1-3,0.12257716043759058,9
746,D7A,0.39,0.0,AV15-1/DV6-1-CALWEPPHNNNAPRF-AJ43_BV16-CASSLRTGVYEQYF-BJ2-7,0.07739590411196959,9
747,D7A,0.385,0.0,AV14-2-CAASASSGSWQLIF-AJ22_BV31-CAWSLAGSGNTLYF-BJ1-3,0.19471152651511614,35
748,D7A,0.385,0.0,AV14D-1-CAASSAGNTGKLIF-AJ37_BV31-CAWSARGSGNTLYF-BJ1-3,0.16460946922087036,8
749,D7A,0.385,0.0,AV8D-2-CATDTGGLSGKLTF-AJ2_BV13-1-CASSPGQYAEQFF-BJ2-1,0.23757119453636044,6
750,D7A,0.385,0.0,AV8D-2-CATDGQGGRALIF-AJ15_BV3-CASSPQGHSDYTF-BJ1-2,0.18594655005295446,7
751,D7A,0.385,0.0,AV13N-3-CASSGSWQLIF-AJ22_BV31-CAWSLAGSGNTLYF-BJ1-3,0.12257716043759058,9
752,D7A,0.385,0.0,AV15-1/DV6-1-CALWEPPHNNNAPRF-AJ43_BV16-CASSLRTGVYEQYF-BJ2-7,0.07739590411196959,9
753,D7A,0.38,0.0,AV14-2-CAASASSGSWQLIF-AJ22_BV31-CAWSLAGSGNTLYF-BJ1-3,0.19471152651511614,35
754,D7A,0.38,0.0,AV14D-1-CAASSAGNTGKLIF-AJ37_BV31-CAWSARGSGNTLYF-BJ1-3,0.16460946922087036,8
755,D7A,0.38,0.0,AV8D-2-CATDTGGLSGKLTF-AJ2_BV13-1-CASSPGQYAEQFF-BJ2-1,0.23757119453636044,6
756,D7A,0.38,0.0,AV8D-2-CATDGQGGRALIF-AJ15_BV3-CASSPQGHSDYTF-BJ1-2,0.18594655005295446,7
757,D7A,0.38,0.0,AV13N-3-CASSGSWQLIF-AJ22_BV31-CAWSLAGSGNTLYF-BJ1-3,0.12257716043759058,9
758,D7A,0.38,0.0,AV15-1/DV6-1-CALWEPPHNNNAPRF-AJ43_BV16-CASSLRTGVYEQYF-BJ2-7,0.07739590411196959,9
759,D7A,0.375,0.0,AV14-2-CAASASSGSWQLIF-AJ22_BV31-CAWSLAGSGNTLYF-BJ1-3,0.19471152651511614,35
760,D7A,0.375,0.0,AV14D-1-CAASSAGNTGKLIF-AJ37_BV31-CAWSARGSGNTLYF-BJ1-3,0.16460946922087036,8
761,D7A,0.375,0.0,AV8D-2-CATDTGGLSGKLTF-AJ2_BV13-1-CASSPGQYAEQFF-BJ2-1,0.23757119453636044,6
762,D7A,0.375,0.0,AV8D-2-CATDGQGGRALIF-AJ15_BV3-CASSPQGHSDYTF-BJ1-2,0.18594655005295446,7
763,D7A,0.375,0.0,AV13N-3-CASSGSWQLIF-AJ22_BV31-CAWSLAGSGNTLYF-BJ1-3,0.12257716043759058,9
764,D7A,0.375,0.0,AV15-1/DV6-1-CALWEPPHNNNAPRF-AJ43_BV16-CASSLRTGVYEQYF-BJ2-7,0.07739590411196959,9
765,D7A,0.37,0.0,AV14-2-CAASASSGSWQLIF-AJ22_BV31-CAWSLAGSGNTLYF-BJ1-3,0.19471152651511614,35
766,D7A,0.37,0.0,AV14D-1-CAASSAGNTGKLIF-AJ37_BV31-CAWSARGSGNTLYF-BJ1-3,0.16460946922087036,8
767,D7A,0.37,0.0,AV8D-2-CATDTGGLSGKLTF-AJ2_BV13-1-CASSPGQYAEQFF-BJ2-1,0.23757119453636044,6
768,D7A,0.37,0.0,AV8D-2-CATDGQGGRALIF-AJ15_BV3-CASSPQGHSDYTF-BJ1-2,0.18594655005295446,7
769,D7A,0.37,0.0,AV13N-3-CASSGSWQLIF-AJ22_BV31-CAWSLAGSGNTLYF-BJ1-3,0.12257716043759058,9
770,D7A,0.37,0.0,AV15-1/DV6-1-CALWEPPHNNNAPRF-AJ43_BV16-CASSLRTGVYEQYF-BJ2-7,0.07739590411196959,9
771,D7A,0.365,0.0,AV14-2-CAASASSGSWQLIF-AJ22_BV31-CAWSLAGSGNTLYF-BJ1-3,0.19471152651511614,35
772,D7A,0.365,0.0,AV14D-1-CAASSAGNTGKLIF-AJ37_BV31-CAWSARGSGNTLYF-BJ1-3,0.16460946922087036,8
773,D7A,0.365,0.0,AV8D-2-CATDTGGLSGKLTF-AJ2_BV13-1-CASSPGQYAEQFF-BJ2-1,0.23757119453636044,6
774,D7A,0.365,0.0,AV8D-2-CATDGQGGRALIF-AJ15_BV3-CASSPQGHSDYTF-BJ1-2,0.18594655005295446,7
775,D7A,0.365,0.0,AV13N-3-CASSGSWQLIF-AJ22_BV31-CAWSLAGSGNTLYF-BJ1-3,0.12257716043759058,9
776,D7A,0.365,0.0,AV15-1/DV6-1-CALWEPPHNNNAPRF-AJ43_BV16-CASSLRTGVYEQYF-BJ2-7,0.07739590411196959,9
777,D7A,0.36,0.0,AV14-2-CAASASSGSWQLIF-AJ22_BV31-CAWSLAGSGNTLYF-BJ1-3,0.19471152651511614,35
778,D7A,0.36,0.0,AV14D-1-CAASSAGNTGKLIF-AJ37_BV31-CAWSARGSGNTLYF-BJ1-3,0.16460946922087036,8
779,D7A,0.36,0.0,AV8D-2-CATDTGGLSGKLTF-AJ2_BV13-1-CASSPGQYAEQFF-BJ2-1,0.23757119453636044,6
780,D7A,0.36,0.0,AV8D-2-CATDGQGGRALIF-AJ15_BV3-CASSPQGHSDYTF-BJ1-2,0.18594655005295446,7
781,D7A,0.36,0.0,AV13N-3-CASSGSWQLIF-AJ22_BV31-CAWSLAGSGNTLYF-BJ1-3,0.12257716043759058,9
782,D7A,0.36,0.0,AV15-1/DV6-1-CALWEPPHNNNAPRF-AJ43_BV16-CASSLRTGVYEQYF-BJ2-7,0.07739590411196959,9
783,D7A,0.355,0.0,AV14-2-CAASASSGSWQLIF-AJ22_BV31-CAWSLAGSGNTLYF-BJ1-3,0.19471152651511614,35
784,D7A,0.355,0.0,AV14D-1-CAASSAGNTGKLIF-AJ37_BV31-CAWSARGSGNTLYF-BJ1-3,0.16460946922087036,8
785,D7A,0.355,0.0,AV8D-2-CATDTGGLSGKLTF-AJ2_BV13-1-CASSPGQYAEQFF-BJ2-1,0.23757119453636044,6
786,D7A,0.355,0.0,AV8D-2-CATDGQGGRALIF-AJ15_BV3-CASSPQGHSDYTF-BJ1-2,0.18594655005295446,7
787,D7A,0.355,0.0,AV13N-3-CASSGSWQLIF-AJ22_BV31-CAWSLAGSGNTLYF-BJ1-3,0.12257716043759058,9
788,D7A,0.355,0.0,AV15-1/DV6-1-CALWEPPHNNNAPRF-AJ43_BV16-CASSLRTGVYEQYF-BJ2-7,0.07739590411196959,9
789,D7A,0.35,0.0,AV14-2-CAASASSGSWQLIF-AJ22_BV31-CAWSLAGSGNTLYF-BJ1-3,0.19471152651511614,35
790,D7A,0.35,0.0,AV14D-1-CAASSAGNTGKLIF-AJ37_BV31-CAWSARGSGNTLYF-BJ1-3,0.16460946922087036,8
791,D7A,0.35,0.0,AV8D-2-CATDTGGLSGKLTF-AJ2_BV13-1-CASSPGQYAEQFF-BJ2-1,0.23757119453636044,6
792,D7A,0.35,0.0,AV8D-2-CATDGQGGRALIF-AJ15_BV3-CASSPQGHSDYTF-BJ1-2,0.18594655005295446,7
793,D7A,0.35,0.0,AV13N-3-CASSGSWQLIF-AJ22_BV31-CAWSLAGSGNTLYF-BJ1-3,0.12257716043759058,9
794,D7A,0.35,0.0,AV15-1/DV6-1-CALWEPPHNNNAPRF-AJ43_BV16-CASSLRTGVYEQYF-BJ2-7,0.07739590411196959,9
795,D7A,0.345,0.0,AV14-2-CAASASSGSWQLIF-AJ22_BV31-CAWSLAGSGNTLYF-BJ1-3,0.19471152651511614,35
796,D7A,0.345,0.0,AV14D-1-CAASSAGNTGKLIF-AJ37_BV31-CAWSARGSGNTLYF-BJ1-3,0.16460946922087036,8
797,D7A,0.345,0.0,AV8D-2-CATDTGGLSGKLTF-AJ2_BV13-1-CASSPGQYAEQFF-BJ2-1,0.23757119453636044,6
798,D7A,0.345,0.0,AV8D-2-CATDGQGGRALIF-AJ15_BV3-CASSPQGHSDYTF-BJ1-2,0.18594655005295446,7
799,D7A,0.345,0.0,AV13N-3-CASSGSWQLIF-AJ22_BV31-CAWSLAGSGNTLYF-BJ1-3,0.12257716043759058,9
800,D7A,0.345,0.0,AV15-1/DV6-1-CALWEPPHNNNAPRF-AJ43_BV16-CASSLRTGVYEQYF-BJ2-7,0.07739590411196959,9
801,D7A,0.33999999999999997,0.0,AV14-2-CAASASSGSWQLIF-AJ22_BV31-CAWSLAGSGNTLYF-BJ1-3,0.19471152651511614,35
802,D7A,0.33999999999999997,0.0,AV14D-1-CAASSAGNTGKLIF-AJ37_BV31-CAWSARGSGNTLYF-BJ1-3,0.16460946922087036,8
803,D7A,0.33999999999999997,0.0,AV8D-2-CATDTGGLSGKLTF-AJ2_BV13-1-CASSPGQYAEQFF-BJ2-1,0.23757119453636044,6
804,D7A,0.33999999999999997,0.0,AV8D-2-CATDGQGGRALIF-AJ15_BV3-CASSPQGHSDYTF-BJ1-2,0.18594655005295446,7
805,D7A,0.33999999999999997,0.0,AV13N-3-CASSGSWQLIF-AJ22_BV31-CAWSLAGSGNTLYF-BJ1-3,0.12257716043759058,9
806,D7A,0.33999999999999997,0.0,AV15-1/DV6-1-CALWEPPHNNNAPRF-AJ43_BV16-CASSLRTGVYEQYF-BJ2-7,0.07739590411196959,9
807,D7A,0.33499999999999996,0.0,AV14-2-CAASASSGSWQLIF-AJ22_BV31-CAWSLAGSGNTLYF-BJ1-3,0.19471152651511614,35
808,D7A,0.33499999999999996,0.0,AV14D-1-CAASSAGNTGKLIF-AJ37_BV31-CAWSARGSGNTLYF-BJ1-3,0.16460946922087036,8
809,D7A,0.33499999999999996,0.0,AV8D-2-CATDTGGLSGKLTF-AJ2_BV13-1-CASSPGQYAEQFF-BJ2-1,0.23757119453636044,6
810,D7A,0.33499999999999996,0.0,AV8D-2-CATDGQGGRALIF-AJ15_BV3-CASSPQGHSDYTF-BJ1-2,0.18594655005295446,7
811,D7A,0.33499999999999996,0.0,AV13N-3-CASSGSWQLIF-AJ22_BV31-CAWSLAGSGNTLYF-BJ1-3,0.12257716043759058,9
812,D7A,0.33499999999999996,0.0,AV15-1/DV6-1-CALWEPPHNNNAPRF-AJ43_BV16-CASSLRTGVYEQYF-BJ2-7,0.07739590411196959,9
813,D7A,0.32999999999999996,0.0,AV14-2-CAASASSGSWQLIF-AJ22_BV31-CAWSLAGSGNTLYF-BJ1-3,0.19471152651511614,35
814,D7A,0.32999999999999996,0.0,AV14D-1-CAASSAGNTGKLIF-AJ37_BV31-CAWSARGSGNTLYF-BJ1-3,0.16460946922087036,8
815,D7A,0.32999999999999996,0.0,AV8D-2-CATDTGGLSGKLTF-AJ2_BV13-1-CASSPGQYAEQFF-BJ2-1,0.23757119453636044,6
816,D7A,0.32999999999999996,0.0,AV8D-2-CATDGQGGRALIF-AJ15_BV3-CASSPQGHSDYTF-BJ1-2,0.18594655005295446,7
817,D7A,0.32999999999999996,0.0,AV13N-3-CASSGSWQLIF-AJ22_BV31-CAWSLAGSGNTLYF-BJ1-3,0.12257716043759058,9
818,D7A,0.32999999999999996,0.0,AV15-1/DV6-1-CALWEPPHNNNAPRF-AJ43_BV16-CASSLRTGVYEQYF-BJ2-7,0.07739590411196959,9
819,D7A,0.32499999999999996,0.0,AV14-2-CAASASSGSWQLIF-AJ22_BV31-CAWSLAGSGNTLYF-BJ1-3,0.19471152651511614,35
820,D7A,0.32499999999999996,0.0,AV14D-1-CAASSAGNTGKLIF-AJ37_BV31-CAWSARGSGNTLYF-BJ1-3,0.16460946922087036,8
821,D7A,0.32499999999999996,0.0,AV8D-2-CATDTGGLSGKLTF-AJ2_BV13-1-CASSPGQYAEQFF-BJ2-1,0.23757119453636044,6
822,D7A,0.32499999999999996,0.0,AV8D-2-CATDGQGGRALIF-AJ15_BV3-CASSPQGHSDYTF-BJ1-2,0.18594655005295446,7
823,D7A,0.32499999999999996,0.0,AV13N-3-CASSGSWQLIF-AJ22_BV31-CAWSLAGSGNTLYF-BJ1-3,0.12257716043759058,9
824,D7A,0.32499999999999996,0.0,AV15-1/DV6-1-CALWEPPHNNNAPRF-AJ43_BV16-CASSLRTGVYEQYF-BJ2-7,0.07739590411196959,9
825,D7A,0.31999999999999995,0.0,AV14-2-CAASASSGSWQLIF-AJ22_BV31-CAWSLAGSGNTLYF-BJ1-3,0.19471152651511614,35
826,D7A,0.31999999999999995,0.0,AV14D-1-CAASSAGNTGKLIF-AJ37_BV31-CAWSARGSGNTLYF-BJ1-3,0.16460946922087036,8
827,D7A,0.31999999999999995,0.0,AV8D-2-CATDTGGLSGKLTF-AJ2_BV13-1-CASSPGQYAEQFF-BJ2-1,0.23757119453636044,6
828,D7A,0.31999999999999995,0.0,AV8D-2-CATDGQGGRALIF-AJ15_BV3-CASSPQGHSDYTF-BJ1-2,0.18594655005295446,7
829,D7A,0.31999999999999995,0.0,AV13N-3-CASSGSWQLIF-AJ22_BV31-CAWSLAGSGNTLYF-BJ1-3,0.12257716043759058,9
830,D7A,0.31999999999999995,0.0,AV15-1/DV6-1-CALWEPPHNNNAPRF-AJ43_BV16-CASSLRTGVYEQYF-BJ2-7,0.07739590411196959,9
831,D7A,0.31499999999999995,0.0,AV14-2-CAASASSGSWQLIF-AJ22_BV31-CAWSLAGSGNTLYF-BJ1-3,0.19471152651511614,35
832,D7A,0.31499999999999995,0.0,AV14D-1-CAASSAGNTGKLIF-AJ37_BV31-CAWSARGSGNTLYF-BJ1-3,0.16460946922087036,8
833,D7A,0.31499999999999995,0.0,AV8D-2-CATDTGGLSGKLTF-AJ2_BV13-1-CASSPGQYAEQFF-BJ2-1,0.23757119453636044,6
834,D7A,0.31499999999999995,0.0,AV8D-2-CATDGQGGRALIF-AJ15_BV3-CASSPQGHSDYTF-BJ1-2,0.18594655005295446,7
835,D7A,0.31499999999999995,0.0,AV13N-3-CASSGSWQLIF-AJ22_BV31-CAWSLAGSGNTLYF-BJ1-3,0.12257716043759058,9
836,D7A,0.31499999999999995,0.0,AV15-1/DV6-1-CALWEPPHNNNAPRF-AJ43_BV16-CASSLRTGVYEQYF-BJ2-7,0.07739590411196959,9
837,D7A,0.30999999999999994,0.0,AV14-2-CAASASSGSWQLIF-AJ22_BV31-CAWSLAGSGNTLYF-BJ1-3,0.19471152651511614,35
838,D7A,0.30999999999999994,0.0,AV14D-1-CAASSAGNTGKLIF-AJ37_BV31-CAWSARGSGNTLYF-BJ1-3,0.16460946922087036,8
839,D7A,0.30999999999999994,0.0,AV8D-2-CATDTGGLSGKLTF-AJ2_BV13-1-CASSPGQYAEQFF-BJ2-1,0.23757119453636044,6
840,D7A,0.30999999999999994,0.0,AV8D-2-CATDGQGGRALIF-AJ15_BV3-CASSPQGHSDYTF-BJ1-2,0.18594655005295446,7
841,D7A,0.30999999999999994,0.0,AV13N-3-CASSGSWQLIF-AJ22_BV31-CAWSLAGSGNTLYF-BJ1-3,0.12257716043759058,9
842,D7A,0.30999999999999994,0.0,AV15-1/DV6-1-CALWEPPHNNNAPRF-AJ43_BV16-CASSLRTGVYEQYF-BJ2-7,0.07739590411196959,9
843,D7A,0.30499999999999994,0.0,AV14-2-CAASASSGSWQLIF-AJ22_BV31-CAWSLAGSGNTLYF-BJ1-3,0.19471152651511614,35
844,D7A,0.30499999999999994,0.0,AV14D-1-CAASSAGNTGKLIF-AJ37_BV31-CAWSARGSGNTLYF-BJ1-3,0.16460946922087036,8
845,D7A,0.30499999999999994,0.0,AV8D-2-CATDTGGLSGKLTF-AJ2_BV13-1-CASSPGQYAEQFF-BJ2-1,0.23757119453636044,6
846,D7A,0.30499999999999994,0.0,AV8D-2-CATDGQGGRALIF-AJ15_BV3-CASSPQGHSDYTF-BJ1-2,0.18594655005295446,7
847,D7A,0.30499999999999994,0.0,AV13N-3-CASSGSWQLIF-AJ22_BV31-CAWSLAGSGNTLYF-BJ1-3,0.12257716043759058,9
848,D7A,0.30499999999999994,0.0,AV15-1/DV6-1-CALWEPPHNNNAPRF-AJ43_BV16-CASSLRTGVYEQYF-BJ2-7,0.07739590411196959,9
849,D7A,0.29999999999999993,0.0,AV14-2-CAASASSGSWQLIF-AJ22_BV31-CAWSLAGSGNTLYF-BJ1-3,0.19471152651511614,35
850,D7A,0.29999999999999993,0.0,AV14D-1-CAASSAGNTGKLIF-AJ37_BV31-CAWSARGSGNTLYF-BJ1-3,0.16460946922087036,8
851,D7A,0.29999999999999993,0.0,AV8D-2-CATDTGGLSGKLTF-AJ2_BV13-1-CASSPGQYAEQFF-BJ2-1,0.23757119453636044,6
852,D7A,0.29999999999999993,0.0,AV8D-2-CATDGQGGRALIF-AJ15_BV3-CASSPQGHSDYTF-BJ1-2,0.18594655005295446,7
853,D7A,0.29999999999999993,0.0,AV13N-3-CASSGSWQLIF-AJ22_BV31-CAWSLAGSGNTLYF-BJ1-3,0.12257716043759058,9
854,D7A,0.29999999999999993,0.0,AV15-1/DV6-1-CALWEPPHNNNAPRF-AJ43_BV16-CASSLRTGVYEQYF-BJ2-7,0.07739590411196959,9
855,D7A,0.29500000000000004,0.0,AV14-2-CAASASSGSWQLIF-AJ22_BV31-CAWSLAGSGNTLYF-BJ1-3,0.19471152651511614,35
856,D7A,0.29500000000000004,0.0,AV14D-1-CAASSAGNTGKLIF-AJ37_BV31-CAWSARGSGNTLYF-BJ1-3,0.16460946922087036,8
857,D7A,0.29500000000000004,0.0,AV8D-2-CATDTGGLSGKLTF-AJ2_BV13-1-CASSPGQYAEQFF-BJ2-1,0.23757119453636044,6
858,D7A,0.29500000000000004,0.0,AV8D-2-CATDGQGGRALIF-AJ15_BV3-CASSPQGHSDYTF-BJ1-2,0.18594655005295446,7
859,D7A,0.29500000000000004,0.0,AV13N-3-CASSGSWQLIF-AJ22_BV31-CAWSLAGSGNTLYF-BJ1-3,0.12257716043759058,9
860,D7A,0.29500000000000004,0.0,AV15-1/DV6-1-CALWEPPHNNNAPRF-AJ43_BV16-CASSLRTGVYEQYF-BJ2-7,0.07739590411196959,9
861,D7A,0.29000000000000004,0.0,AV14-2-CAASASSGSWQLIF-AJ22_BV31-CAWSLAGSGNTLYF-BJ1-3,0.19471152651511614,35
862,D7A,0.29000000000000004,0.0,AV14D-1-CAASSAGNTGKLIF-AJ37_BV31-CAWSARGSGNTLYF-BJ1-3,0.16460946922087036,8
863,D7A,0.29000000000000004,0.0,AV8D-2-CATDTGGLSGKLTF-AJ2_BV13-1-CASSPGQYAEQFF-BJ2-1,0.23757119453636044,6
864,D7A,0.29000000000000004,0.0,AV8D-2-CATDGQGGRALIF-AJ15_BV3-CASSPQGHSDYTF-BJ1-2,0.18594655005295446,7
865,D7A,0.29000000000000004,0.0,AV13N-3-CASSGSWQLIF-AJ22_BV31-CAWSLAGSGNTLYF-BJ1-3,0.12257716043759058,9
866,D7A,0.29000000000000004,0.0,AV15-1/DV6-1-CALWEPPHNNNAPRF-AJ43_BV16-CASSLRTGVYEQYF-BJ2-7,0.07739590411196959,9
867,D7A,0.28500000000000003,0.0,AV14-2-CAASASSGSWQLIF-AJ22_BV31-CAWSLAGSGNTLYF-BJ1-3,0.19471152651511614,35
868,D7A,0.28500000000000003,0.0,AV14D-1-CAASSAGNTGKLIF-AJ37_BV31-CAWSARGSGNTLYF-BJ1-3,0.16460946922087036,8
869,D7A,0.28500000000000003,0.0,AV8D-2-CATDTGGLSGKLTF-AJ2_BV13-1-CASSPGQYAEQFF-BJ2-1,0.23757119453636044,6
870,D7A,0.28500000000000003,0.0,AV8D-2-CATDGQGGRALIF-AJ15_BV3-CASSPQGHSDYTF-BJ1-2,0.18594655005295446,7
871,D7A,0.28500000000000003,0.0,AV13N-3-CASSGSWQLIF-AJ22_BV31-CAWSLAGSGNTLYF-BJ1-3,0.12257716043759058,9
872,D7A,0.28500000000000003,0.0,AV15-1/DV6-1-CALWEPPHNNNAPRF-AJ43_BV16-CASSLRTGVYEQYF-BJ2-7,0.07739590411196959,9
873,D7A,0.28,0.0,AV14-2-CAASASSGSWQLIF-AJ22_BV31-CAWSLAGSGNTLYF-BJ1-3,0.19471152651511614,35
874,D7A,0.28,0.0,AV14D-1-CAASSAGNTGKLIF-AJ37_BV31-CAWSARGSGNTLYF-BJ1-3,0.16460946922087036,8
875,D7A,0.28,0.0,AV8D-2-CATDTGGLSGKLTF-AJ2_BV13-1-CASSPGQYAEQFF-BJ2-1,0.23757119453636044,6
876,D7A,0.28,0.0,AV8D-2-CATDGQGGRALIF-AJ15_BV3-CASSPQGHSDYTF-BJ1-2,0.18594655005295446,7
877,D7A,0.28,0.0,AV13N-3-CASSGSWQLIF-AJ22_BV31-CAWSLAGSGNTLYF-BJ1-3,0.12257716043759058,9
878,D7A,0.28,0.0,AV15-1/DV6-1-CALWEPPHNNNAPRF-AJ43_BV16-CASSLRTGVYEQYF-BJ2-7,0.07739590411196959,9
879,D7A,0.275,0.0,AV14-2-CAASASSGSWQLIF-AJ22_BV31-CAWSLAGSGNTLYF-BJ1-3,0.19471152651511614,35
880,D7A,0.275,0.0,AV14D-1-CAASSAGNTGKLIF-AJ37_BV31-CAWSARGSGNTLYF-BJ1-3,0.16460946922087036,8
881,D7A,0.275,0.0,AV8D-2-CATDTGGLSGKLTF-AJ2_BV13-1-CASSPGQYAEQFF-BJ2-1,0.23757119453636044,6
882,D7A,0.275,0.0,AV8D-2-CATDGQGGRALIF-AJ15_BV3-CASSPQGHSDYTF-BJ1-2,0.18594655005295446,7
883,D7A,0.275,0.0,AV13N-3-CASSGSWQLIF-AJ22_BV31-CAWSLAGSGNTLYF-BJ1-3,0.12257716043759058,9
884,D7A,0.275,0.0,AV15-1/DV6-1-CALWEPPHNNNAPRF-AJ43_BV16-CASSLRTGVYEQYF-BJ2-7,0.07739590411196959,9
885,D7A,0.27,0.0,AV14-2-CAASASSGSWQLIF-AJ22_BV31-CAWSLAGSGNTLYF-BJ1-3,0.19471152651511614,35
886,D7A,0.27,0.0,AV14D-1-CAASSAGNTGKLIF-AJ37_BV31-CAWSARGSGNTLYF-BJ1-3,0.16460946922087036,8
887,D7A,0.27,0.0,AV8D-2-CATDTGGLSGKLTF-AJ2_BV13-1-CASSPGQYAEQFF-BJ2-1,0.23757119453636044,6
888,D7A,0.27,0.0,AV8D-2-CATDGQGGRALIF-AJ15_BV3-CASSPQGHSDYTF-BJ1-2,0.18594655005295446,7
889,D7A,0.27,0.0,AV13N-3-CASSGSWQLIF-AJ22_BV31-CAWSLAGSGNTLYF-BJ1-3,0.12257716043759058,9
890,D7A,0.27,0.0,AV15-1/DV6-1-CALWEPPHNNNAPRF-AJ43_BV16-CASSLRTGVYEQYF-BJ2-7,0.07739590411196959,9
891,D7A,0.265,0.0,AV14-2-CAASASSGSWQLIF-AJ22_BV31-CAWSLAGSGNTLYF-BJ1-3,0.19471152651511614,35
892,D7A,0.265,0.0,AV14D-1-CAASSAGNTGKLIF-AJ37_BV31-CAWSARGSGNTLYF-BJ1-3,0.16460946922087036,8
893,D7A,0.265,0.0,AV8D-2-CATDTGGLSGKLTF-AJ2_BV13-1-CASSPGQYAEQFF-BJ2-1,0.23757119453636044,6
894,D7A,0.265,0.0,AV8D-2-CATDGQGGRALIF-AJ15_BV3-CASSPQGHSDYTF-BJ1-2,0.18594655005295446,7
895,D7A,0.265,0.0,AV13N-3-CASSGSWQLIF-AJ22_BV31-CAWSLAGSGNTLYF-BJ1-3,0.12257716043759058,9
896,D7A,0.265,0.0,AV15-1/DV6-1-CALWEPPHNNNAPRF-AJ43_BV16-CASSLRTGVYEQYF-BJ2-7,0.07739590411196959,9
897,D7A,0.26,0.0,AV14-2-CAASASSGSWQLIF-AJ22_BV31-CAWSLAGSGNTLYF-BJ1-3,0.19471152651511614,35
898,D7A,0.26,0.0,AV14D-1-CAASSAGNTGKLIF-AJ37_BV31-CAWSARGSGNTLYF-BJ1-3,0.16460946922087036,8
899,D7A,0.26,0.0,AV8D-2-CATDTGGLSGKLTF-AJ2_BV13-1-CASSPGQYAEQFF-BJ2-1,0.23757119453636044,6
900,D7A,0.26,0.0,AV8D-2-CATDGQGGRALIF-AJ15_BV3-CASSPQGHSDYTF-BJ1-2,0.18594655005295446,7
901,D7A,0.26,0.0,AV13N-3-CASSGSWQLIF-AJ22_BV31-CAWSLAGSGNTLYF-BJ1-3,0.12257716043759058,9
902,D7A,0.26,0.0,AV15-1/DV6-1-CALWEPPHNNNAPRF-AJ43_BV16-CASSLRTGVYEQYF-BJ2-7,0.07739590411196959,9
903,D7A,0.255,0.0,AV14-2-CAASASSGSWQLIF-AJ22_BV31-CAWSLAGSGNTLYF-BJ1-3,0.19471152651511614,35
904,D7A,0.255,0.0,AV14D-1-CAASSAGNTGKLIF-AJ37_BV31-CAWSARGSGNTLYF-BJ1-3,0.16460946922087036,8
905,D7A,0.255,0.0,AV8D-2-CATDTGGLSGKLTF-AJ2_BV13-1-CASSPGQYAEQFF-BJ2-1,0.23757119453636044,6
906,D7A,0.255,0.0,AV8D-2-CATDGQGGRALIF-AJ15_BV3-CASSPQGHSDYTF-BJ1-2,0.18594655005295446,7
907,D7A,0.255,0.0,AV13N-3-CASSGSWQLIF-AJ22_BV31-CAWSLAGSGNTLYF-BJ1-3,0.12257716043759058,9
908,D7A,0.255,0.0,AV15-1/DV6-1-CALWEPPHNNNAPRF-AJ43_BV16-CASSLRTGVYEQYF-BJ2-7,0.07739590411196959,9
909,D7A,0.25,0.0,AV14-2-CAASASSGSWQLIF-AJ22_BV31-CAWSLAGSGNTLYF-BJ1-3,0.19471152651511614,35
910,D7A,0.25,0.0,AV14D-1-CAASSAGNTGKLIF-AJ37_BV31-CAWSARGSGNTLYF-BJ1-3,0.16460946922087036,8
911,D7A,0.25,0.0,AV8D-2-CATDTGGLSGKLTF-AJ2_BV13-1-CASSPGQYAEQFF-BJ2-1,0.23757119453636044,6
912,D7A,0.25,0.0,AV8D-2-CATDGQGGRALIF-AJ15_BV3-CASSPQGHSDYTF-BJ1-2,0.18594655005295446,7
913,D7A,0.25,0.0,AV13N-3-CASSGSWQLIF-AJ22_BV31-CAWSLAGSGNTLYF-BJ1-3,0.12257716043759058,9
914,D7A,0.25,0.0,AV15-1/DV6-1-CALWEPPHNNNAPRF-AJ43_BV16-CASSLRTGVYEQYF-BJ2-7,0.07739590411196959,9
915,D7A,0.245,0.0,AV14-2-CAASASSGSWQLIF-AJ22_BV31-CAWSLAGSGNTLYF-BJ1-3,0.19471152651511614,35
916,D7A,0.245,0.0,AV14D-1-CAASSAGNTGKLIF-AJ37_BV31-CAWSARGSGNTLYF-BJ1-3,0.16460946922087036,8
917,D7A,0.245,0.0,AV8D-2-CATDTGGLSGKLTF-AJ2_BV13-1-CASSPGQYAEQFF-BJ2-1,0.23757119453636044,6
918,D7A,0.245,0.0,AV8D-2-CATDGQGGRALIF-AJ15_BV3-CASSPQGHSDYTF-BJ1-2,0.18594655005295446,7
919,D7A,0.245,0.0,AV13N-3-CASSGSWQLIF-AJ22_BV31-CAWSLAGSGNTLYF-BJ1-3,0.12257716043759058,9
920,D7A,0.245,0.0,AV15-1/DV6-1-CALWEPPHNNNAPRF-AJ43_BV16-CASSLRTGVYEQYF-BJ2-7,0.07739590411196959,9
921,D7A,0.24,0.0,AV14-2-CAASASSGSWQLIF-AJ22_BV31-CAWSLAGSGNTLYF-BJ1-3,0.19471152651511614,35
922,D7A,0.24,0.0,AV14D-1-CAASSAGNTGKLIF-AJ37_BV31-CAWSARGSGNTLYF-BJ1-3,0.16460946922087036,8
923,D7A,0.24,0.0,AV8D-2-CATDTGGLSGKLTF-AJ2_BV13-1-CASSPGQYAEQFF-BJ2-1,0.23757119453636044,6
924,D7A,0.24,0.0,AV8D-2-CATDGQGGRALIF-AJ15_BV3-CASSPQGHSDYTF-BJ1-2,0.18594655005295446,7
925,D7A,0.24,0.0,AV13N-3-CASSGSWQLIF-AJ22_BV31-CAWSLAGSGNTLYF-BJ1-3,0.12257716043759058,9
926,D7A,0.24,0.0,AV15-1/DV6-1-CALWEPPHNNNAPRF-AJ43_BV16-CASSLRTGVYEQYF-BJ2-7,0.07739590411196959,9
927,D7A,0.235,0.0,AV14-2-CAASASSGSWQLIF-AJ22_BV31-CAWSLAGSGNTLYF-BJ1-3,0.19471152651511614,35
928,D7A,0.235,0.0,AV14D-1-CAASSAGNTGKLIF-AJ37_BV31-CAWSARGSGNTLYF-BJ1-3,0.16460946922087036,8
929,D7A,0.235,0.0,AV8D-2-CATDTGGLSGKLTF-AJ2_BV13-1-CASSPGQYAEQFF-BJ2-1,0.23757119453636044,6
930,D7A,0.235,0.0,AV8D-2-CATDGQGGRALIF-AJ15_BV3-CASSPQGHSDYTF-BJ1-2,0.18594655005295446,7
931,D7A,0.235,0.0,AV13N-3-CASSGSWQLIF-AJ22_BV31-CAWSLAGSGNTLYF-BJ1-3,0.12257716043759058,9
932,D7A,0.235,0.0,AV15-1/DV6-1-CALWEPPHNNNAPRF-AJ43_BV16-CASSLRTGVYEQYF-BJ2-7,0.07739590411196959,9
933,D7A,0.22999999999999998,0.0,AV14-2-CAASASSGSWQLIF-AJ22_BV31-CAWSLAGSGNTLYF-BJ1-3,0.19471152651511614,35
934,D7A,0.22999999999999998,0.0,AV14D-1-CAASSAGNTGKLIF-AJ37_BV31-CAWSARGSGNTLYF-BJ1-3,0.16460946922087036,8
935,D7A,0.22999999999999998,0.0,AV8D-2-CATDTGGLSGKLTF-AJ2_BV13-1-CASSPGQYAEQFF-BJ2-1,0.23757119453636044,6
936,D7A,0.22999999999999998,0.0,AV8D-2-CATDGQGGRALIF-AJ15_BV3-CASSPQGHSDYTF-BJ1-2,0.18594655005295446,7
937,D7A,0.22999999999999998,0.0,AV13N-3-CASSGSWQLIF-AJ22_BV31-CAWSLAGSGNTLYF-BJ1-3,0.12257716043759058,9
938,D7A,0.22999999999999998,0.0,AV15-1/DV6-1-CALWEPPHNNNAPRF-AJ43_BV16-CASSLRTGVYEQYF-BJ2-7,0.07739590411196959,9
939,D7A,0.22499999999999998,0.0,AV14-2-CAASASSGSWQLIF-AJ22_BV31-CAWSLAGSGNTLYF-BJ1-3,0.19471152651511614,35
940,D7A,0.22499999999999998,0.0,AV14D-1-CAASSAGNTGKLIF-AJ37_BV31-CAWSARGSGNTLYF-BJ1-3,0.16460946922087036,8
941,D7A,0.22499999999999998,0.0,AV8D-2-CATDTGGLSGKLTF-AJ2_BV13-1-CASSPGQYAEQFF-BJ2-1,0.23757119453636044,6
942,D7A,0.22499999999999998,0.0,AV8D-2-CATDGQGGRALIF-AJ15_BV3-CASSPQGHSDYTF-BJ1-2,0.18594655005295446,7
943,D7A,0.22499999999999998,0.0,AV13N-3-CASSGSWQLIF-AJ22_BV31-CAWSLAGSGNTLYF-BJ1-3,0.12257716043759058,9
944,D7A,0.22499999999999998,0.0,AV15-1/DV6-1-CALWEPPHNNNAPRF-AJ43_BV16-CASSLRTGVYEQYF-BJ2-7,0.07739590411196959,9
945,D7A,0.21999999999999997,0.0,AV14-2-CAASASSGSWQLIF-AJ22_BV31-CAWSLAGSGNTLYF-BJ1-3,0.19471152651511614,35
946,D7A,0.21999999999999997,0.0,AV14D-1-CAASSAGNTGKLIF-AJ37_BV31-CAWSARGSGNTLYF-BJ1-3,0.16460946922087036,8
947,D7A,0.21999999999999997,0.0,AV8D-2-CATDTGGLSGKLTF-AJ2_BV13-1-CASSPGQYAEQFF-BJ2-1,0.23757119453636044,6
948,D7A,0.21999999999999997,0.0,AV8D-2-CATDGQGGRALIF-AJ15_BV3-CASSPQGHSDYTF-BJ1-2,0.18594655005295446,7
949,D7A,0.21999999999999997,0.0,AV13N-3-CASSGSWQLIF-AJ22_BV31-CAWSLAGSGNTLYF-BJ1-3,0.12257716043759058,9
950,D7A,0.21999999999999997,0.0,AV15-1/DV6-1-CALWEPPHNNNAPRF-AJ43_BV16-CASSLRTGVYEQYF-BJ2-7,0.07739590411196959,9
951,D7A,0.21499999999999997,0.0,AV14-2-CAASASSGSWQLIF-AJ22_BV31-CAWSLAGSGNTLYF-BJ1-3,0.19471152651511614,35
952,D7A,0.21499999999999997,0.0,AV14D-1-CAASSAGNTGKLIF-AJ37_BV31-CAWSARGSGNTLYF-BJ1-3,0.16460946922087036,8
953,D7A,0.21499999999999997,0.0,AV8D-2-CATDTGGLSGKLTF-AJ2_BV13-1-CASSPGQYAEQFF-BJ2-1,0.23757119453636044,6
954,D7A,0.21499999999999997,0.0,AV8D-2-CATDGQGGRALIF-AJ15_BV3-CASSPQGHSDYTF-BJ1-2,0.18594655005295446,7
955,D7A,0.21499999999999997,0.0,AV13N-3-CASSGSWQLIF-AJ22_BV31-CAWSLAGSGNTLYF-BJ1-3,0.12257716043759058,9
956,D7A,0.21499999999999997,0.0,AV15-1/DV6-1-CALWEPPHNNNAPRF-AJ43_BV16-CASSLRTGVYEQYF-BJ2-7,0.07739590411196959,9
957,D7A,0.20999999999999996,0.0,AV14-2-CAASASSGSWQLIF-AJ22_BV31-CAWSLAGSGNTLYF-BJ1-3,0.19471152651511614,35
958,D7A,0.20999999999999996,0.0,AV14D-1-CAASSAGNTGKLIF-AJ37_BV31-CAWSARGSGNTLYF-BJ1-3,0.16460946922087036,8
959,D7A,0.20999999999999996,0.0,AV8D-2-CATDTGGLSGKLTF-AJ2_BV13-1-CASSPGQYAEQFF-BJ2-1,0.23757119453636044,6
960,D7A,0.20999999999999996,0.0,AV8D-2-CATDGQGGRALIF-AJ15_BV3-CASSPQGHSDYTF-BJ1-2,0.18594655005295446,7
961,D7A,0.20999999999999996,0.0,AV13N-3-CASSGSWQLIF-AJ22_BV31-CAWSLAGSGNTLYF-BJ1-3,0.12257716043759058,9
962,D7A,0.20999999999999996,0.0,AV15-1/DV6-1-CALWEPPHNNNAPRF-AJ43_BV16-CASSLRTGVYEQYF-BJ2-7,0.07739590411196959,9
963,D7A,0.20499999999999996,0.0,AV14-2-CAASASSGSWQLIF-AJ22_BV31-CAWSLAGSGNTLYF-BJ1-3,0.19471152651511614,35
964,D7A,0.20499999999999996,0.0,AV14D-1-CAASSAGNTGKLIF-AJ37_BV31-CAWSARGSGNTLYF-BJ1-3,0.16460946922087036,8
965,D7A,0.20499999999999996,0.0,AV8D-2-CATDTGGLSGKLTF-AJ2_BV13-1-CASSPGQYAEQFF-BJ2-1,0.23757119453636044,6
966,D7A,0.20499999999999996,0.0,AV8D-2-CATDGQGGRALIF-AJ15_BV3-CASSPQGHSDYTF-BJ1-2,0.18594655005295446,7
967,D7A,0.20499999999999996,0.0,AV13N-3-CASSGSWQLIF-AJ22_BV31-CAWSLAGSGNTLYF-BJ1-3,0.12257716043759058,9
968,D7A,0.20499999999999996,0.0,AV15-1/DV6-1-CALWEPPHNNNAPRF-AJ43_BV16-CASSLRTGVYEQYF-BJ2-7,0.07739590411196959,9
969,D7A,0.19999999999999996,0.0,AV14-2-CAASASSGSWQLIF-AJ22_BV31-CAWSLAGSGNTLYF-BJ1-3,0.19471152651511614,35
970,D7A,0.19999999999999996,0.0,AV14D-1-CAASSAGNTGKLIF-AJ37_BV31-CAWSARGSGNTLYF-BJ1-3,0.16460946922087036,8
971,D7A,0.19999999999999996,0.0,AV8D-2-CATDTGGLSGKLTF-AJ2_BV13-1-CASSPGQYAEQFF-BJ2-1,0.23757119453636044,6
972,D7A,0.19999999999999996,0.0,AV8D-2-CATDGQGGRALIF-AJ15_BV3-CASSPQGHSDYTF-BJ1-2,0.18594655005295446,7
973,D7A,0.19999999999999996,0.0,AV13N-3-CASSGSWQLIF-AJ22_BV31-CAWSLAGSGNTLYF-BJ1-3,0.12257716043759058,9
974,D7A,0.19999999999999996,0.0,AV15-1/DV6-1-CALWEPPHNNNAPRF-AJ43_BV16-CASSLRTGVYEQYF-BJ2-7,0.07739590411196959,9
975,D7A,0.19499999999999995,0.0,AV14-2-CAASASSGSWQLIF-AJ22_BV31-CAWSLAGSGNTLYF-BJ1-3,0.19471152651511614,35
976,D7A,0.19499999999999995,0.0,AV14D-1-CAASSAGNTGKLIF-AJ37_BV31-CAWSARGSGNTLYF-BJ1-3,0.16460946922087036,8
977,D7A,0.19499999999999995,0.0,AV8D-2-CATDTGGLSGKLTF-AJ2_BV13-1-CASSPGQYAEQFF-BJ2-1,0.23757119453636044,6
978,D7A,0.19499999999999995,0.0,AV8D-2-CATDGQGGRALIF-AJ15_BV3-CASSPQGHSDYTF-BJ1-2,0.18594655005295446,7
979,D7A,0.19499999999999995,0.0,AV13N-3-CASSGSWQLIF-AJ22_BV31-CAWSLAGSGNTLYF-BJ1-3,0.12257716043759058,9
980,D7A,0.19499999999999995,0.0,AV15-1/DV6-1-CALWEPPHNNNAPRF-AJ43_BV16-CASSLRTGVYEQYF-BJ2-7,0.07739590411196959,9
981,D7A,0.18999999999999995,0.0,AV14-2-CAASASSGSWQLIF-AJ22_BV31-CAWSLAGSGNTLYF-BJ1-3,0.19471152651511614,35
982,D7A,0.18999999999999995,0.0,AV14D-1-CAASSAGNTGKLIF-AJ37_BV31-CAWSARGSGNTLYF-BJ1-3,0.16460946922087036,8
983,D7A,0.18999999999999995,0.0,AV8D-2-CATDTGGLSGKLTF-AJ2_BV13-1-CASSPGQYAEQFF-BJ2-1,0.23757119453636044,6
984,D7A,0.18999999999999995,0.0,AV8D-2-CATDGQGGRALIF-AJ15_BV3-CASSPQGHSDYTF-BJ1-2,0.18594655005295446,7
985,D7A,0.18999999999999995,0.0,AV13N-3-CASSGSWQLIF-AJ22_BV31-CAWSLAGSGNTLYF-BJ1-3,0.12257716043759058,9
986,D7A,0.18999999999999995,0.0,AV15-1/DV6-1-CALWEPPHNNNAPRF-AJ43_BV16-CASSLRTGVYEQYF-BJ2-7,0.07739590411196959,9
987,D7A,0.18499999999999994,0.0,AV14-2-CAASASSGSWQLIF-AJ22_BV31-CAWSLAGSGNTLYF-BJ1-3,0.19471152651511614,35
988,D7A,0.18499999999999994,0.0,AV14D-1-CAASSAGNTGKLIF-AJ37_BV31-CAWSARGSGNTLYF-BJ1-3,0.16460946922087036,8
989,D7A,0.18499999999999994,0.0,AV8D-2-CATDTGGLSGKLTF-AJ2_BV13-1-CASSPGQYAEQFF-BJ2-1,0.23757119453636044,6
990,D7A,0.18499999999999994,0.0,AV8D-2-CATDGQGGRALIF-AJ15_BV3-CASSPQGHSDYTF-BJ1-2,0.18594655005295446,7
991,D7A,0.18499999999999994,0.0,AV13N-3-CASSGSWQLIF-AJ22_BV31-CAWSLAGSGNTLYF-BJ1-3,0.12257716043759058,9
992,D7A,0.18499999999999994,0.0,AV15-1/DV6-1-CALWEPPHNNNAPRF-AJ43_BV16-CASSLRTGVYEQYF-BJ2-7,0.07739590411196959,9
993,D7A,0.17999999999999994,0.0,AV14-2-CAASASSGSWQLIF-AJ22_BV31-CAWSLAGSGNTLYF-BJ1-3,0.19471152651511614,35
994,D7A,0.17999999999999994,0.0,AV14D-1-CAASSAGNTGKLIF-AJ37_BV31-CAWSARGSGNTLYF-BJ1-3,0.16460946922087036,8
995,D7A,0.17999999999999994,0.0,AV8D-2-CATDTGGLSGKLTF-AJ2_BV13-1-CASSPGQYAEQFF-BJ2-1,0.23757119453636044,6
996,D7A,0.17999999999999994,0.0,AV8D-2-CATDGQGGRALIF-AJ15_BV3-CASSPQGHSDYTF-BJ1-2,0.18594655005295446,7
997,D7A,0.17999999999999994,0.0,AV13N-3-CASSGSWQLIF-AJ22_BV31-CAWSLAGSGNTLYF-BJ1-3,0.12257716043759058,9
998,D7A,0.17999999999999994,0.0,AV15-1/DV6-1-CALWEPPHNNNAPRF-AJ43_BV16-CASSLRTGVYEQYF-BJ2-7,0.07739590411196959,9
999,D7A,0.17499999999999993,0.0,AV14-2-CAASASSGSWQLIF-AJ22_BV31-CAWSLAGSGNTLYF-BJ1-3,0.19471152651511614,35
1000,D7A,0.17499999999999993,0.0,AV14D-1-CAASSAGNTGKLIF-AJ37_BV31-CAWSARGSGNTLYF-BJ1-3,0.16460946922087036,8
1001,D7A,0.17499999999999993,0.0,AV8D-2-CATDTGGLSGKLTF-AJ2_BV13-1-CASSPGQYAEQFF-BJ2-1,0.23757119453636044,6
1002,D7A,0.17499999999999993,0.0,AV8D-2-CATDGQGGRALIF-AJ15_BV3-CASSPQGHSDYTF-BJ1-2,0.18594655005295446,7
1003,D7A,0.17499999999999993,0.0,AV13N-3-CASSGSWQLIF-AJ22_BV31-CAWSLAGSGNTLYF-BJ1-3,0.12257716043759058,9
1004,D7A,0.17499999999999993,0.0,AV15-1/DV6-1-CALWEPPHNNNAPRF-AJ43_BV16-CASSLRTGVYEQYF-BJ2-7,0.07739590411196959,9
1005,D7A,0.16999999999999993,0.0,AV14-2-CAASASSGSWQLIF-AJ22_BV31-CAWSLAGSGNTLYF-BJ1-3,0.19471152651511614,35
1006,D7A,0.16999999999999993,0.0,AV14D-1-CAASSAGNTGKLIF-AJ37_BV31-CAWSARGSGNTLYF-BJ1-3,0.16460946922087036,8
1007,D7A,0.16999999999999993,0.0,AV8D-2-CATDTGGLSGKLTF-AJ2_BV13-1-CASSPGQYAEQFF-BJ2-1,0.23757119453636044,6
1008,D7A,0.16999999999999993,0.0,AV8D-2-CATDGQGGRALIF-AJ15_BV3-CASSPQGHSDYTF-BJ1-2,0.18594655005295446,7
1009,D7A,0.16999999999999993,0.0,AV13N-3-CASSGSWQLIF-AJ22_BV31-CAWSLAGSGNTLYF-BJ1-3,0.12257716043759058,9
1010,D7A,0.16999999999999993,0.0,AV15-1/DV6-1-CALWEPPHNNNAPRF-AJ43_BV16-CASSLRTGVYEQYF-BJ2-7,0.07739590411196959,9
1011,D7A,0.16500000000000004,0.0,AV14-2-CAASASSGSWQLIF-AJ22_BV31-CAWSLAGSGNTLYF-BJ1-3,0.19471152651511614,35
1012,D7A,0.16500000000000004,0.0,AV14D-1-CAASSAGNTGKLIF-AJ37_BV31-CAWSARGSGNTLYF-BJ1-3,0.16460946922087036,8
1013,D7A,0.16500000000000004,0.0,AV8D-2-CATDTGGLSGKLTF-AJ2_BV13-1-CASSPGQYAEQFF-BJ2-1,0.23757119453636044,6
1014,D7A,0.16500000000000004,0.0,AV8D-2-CATDGQGGRALIF-AJ15_BV3-CASSPQGHSDYTF-BJ1-2,0.18594655005295446,7
1015,D7A,0.16500000000000004,0.0,AV13N-3-CASSGSWQLIF-AJ22_BV31-CAWSLAGSGNTLYF-BJ1-3,0.12257716043759058,9
1016,D7A,0.16500000000000004,0.0,AV15-1/DV6-1-CALWEPPHNNNAPRF-AJ43_BV16-CASSLRTGVYEQYF-BJ2-7,0.07739590411196959,9
1017,D7A,0.16000000000000003,0.0,AV14-2-CAASASSGSWQLIF-AJ22_BV31-CAWSLAGSGNTLYF-BJ1-3,0.19471152651511614,35
1018,D7A,0.16000000000000003,0.0,AV14D-1-CAASSAGNTGKLIF-AJ37_BV31-CAWSARGSGNTLYF-BJ1-3,0.16460946922087036,8
1019,D7A,0.16000000000000003,0.0,AV8D-2-CATDTGGLSGKLTF-AJ2_BV13-1-CASSPGQYAEQFF-BJ2-1,0.23757119453636044,6
1020,D7A,0.16000000000000003,0.0,AV8D-2-CATDGQGGRALIF-AJ15_BV3-CASSPQGHSDYTF-BJ1-2,0.18594655005295446,7
1021,D7A,0.16000000000000003,0.0,AV13N-3-CASSGSWQLIF-AJ22_BV31-CAWSLAGSGNTLYF-BJ1-3,0.12257716043759058,9
1022,D7A,0.16000000000000003,0.0,AV15-1/DV6-1-CALWEPPHNNNAPRF-AJ43_BV16-CASSLRTGVYEQYF-BJ2-7,0.07739590411196959,9
1023,D7A,0.15500000000000003,0.0,AV14-2-CAASASSGSWQLIF-AJ22_BV31-CAWSLAGSGNTLYF-BJ1-3,0.19471152651511614,35
1024,D7A,0.15500000000000003,0.0,AV14D-1-CAASSAGNTGKLIF-AJ37_BV31-CAWSARGSGNTLYF-BJ1-3,0.16460946922087036,8
1025,D7A,0.15500000000000003,0.0,AV8D-2-CATDTGGLSGKLTF-AJ2_BV13-1-CASSPGQYAEQFF-BJ2-1,0.23757119453636044,6
1026,D7A,0.15500000000000003,0.0,AV8D-2-CATDGQGGRALIF-AJ15_BV3-CASSPQGHSDYTF-BJ1-2,0.18594655005295446,7
1027,D7A,0.15500000000000003,0.0,AV13N-3-CASSGSWQLIF-AJ22_BV31-CAWSLAGSGNTLYF-BJ1-3,0.12257716043759058,9
1028,D7A,0.15500000000000003,0.0,AV15-1/DV6-1-CALWEPPHNNNAPRF-AJ43_BV16-CASSLRTGVYEQYF-BJ2-7,0.07739590411196959,9
1029,D7A,0.15000000000000002,0.0,AV14-2-CAASASSGSWQLIF-AJ22_BV31-CAWSLAGSGNTLYF-BJ1-3,0.19471152651511614,35
1030,D7A,0.15000000000000002,0.0,AV14D-1-CAASSAGNTGKLIF-AJ37_BV31-CAWSARGSGNTLYF-BJ1-3,0.16460946922087036,8
1031,D7A,0.15000000000000002,0.0,AV8D-2-CATDTGGLSGKLTF-AJ2_BV13-1-CASSPGQYAEQFF-BJ2-1,0.23757119453636044,6
1032,D7A,0.15000000000000002,0.0,AV8D-2-CATDGQGGRALIF-AJ15_BV3-CASSPQGHSDYTF-BJ1-2,0.18594655005295446,7
1033,D7A,0.15000000000000002,0.0,AV13N-3-CASSGSWQLIF-AJ22_BV31-CAWSLAGSGNTLYF-BJ1-3,0.12257716043759058,9
1034,D7A,0.15000000000000002,0.0,AV15-1/DV6-1-CALWEPPHNNNAPRF-AJ43_BV16-CASSLRTGVYEQYF-BJ2-7,0.07739590411196959,9
1035,D7A,0.14500000000000002,0.0,AV14-2-CAASASSGSWQLIF-AJ22_BV31-CAWSLAGSGNTLYF-BJ1-3,0.19471152651511614,35
1036,D7A,0.14500000000000002,0.0,AV14D-1-CAASSAGNTGKLIF-AJ37_BV31-CAWSARGSGNTLYF-BJ1-3,0.16460946922087036,8
1037,D7A,0.14500000000000002,0.0,AV8D-2-CATDTGGLSGKLTF-AJ2_BV13-1-CASSPGQYAEQFF-BJ2-1,0.23757119453636044,6
1038,D7A,0.14500000000000002,0.0,AV8D-2-CATDGQGGRALIF-AJ15_BV3-CASSPQGHSDYTF-BJ1-2,0.18594655005295446,7
1039,D7A,0.14500000000000002,0.0,AV13N-3-CASSGSWQLIF-AJ22_BV31-CAWSLAGSGNTLYF-BJ1-3,0.12257716043759058,9
1040,D7A,0.14500000000000002,0.0,AV15-1/DV6-1-CALWEPPHNNNAPRF-AJ43_BV16-CASSLRTGVYEQYF-BJ2-7,0.07739590411196959,9
1041,D7A,0.14,0.0,AV14-2-CAASASSGSWQLIF-AJ22_BV31-CAWSLAGSGNTLYF-BJ1-3,0.19471152651511614,35
1042,D7A,0.14,0.0,AV14D-1-CAASSAGNTGKLIF-AJ37_BV31-CAWSARGSGNTLYF-BJ1-3,0.16460946922087036,8
1043,D7A,0.14,0.0,AV8D-2-CATDTGGLSGKLTF-AJ2_BV13-1-CASSPGQYAEQFF-BJ2-1,0.23757119453636044,6
1044,D7A,0.14,0.0,AV8D-2-CATDGQGGRALIF-AJ15_BV3-CASSPQGHSDYTF-BJ1-2,0.18594655005295446,7
1045,D7A,0.14,0.0,AV13N-3-CASSGSWQLIF-AJ22_BV31-CAWSLAGSGNTLYF-BJ1-3,0.12257716043759058,9
1046,D7A,0.14,0.0,AV15-1/DV6-1-CALWEPPHNNNAPRF-AJ43_BV16-CASSLRTGVYEQYF-BJ2-7,0.07739590411196959,9
1047,D7A,0.135,0.0,AV14-2-CAASASSGSWQLIF-AJ22_BV31-CAWSLAGSGNTLYF-BJ1-3,0.19471152651511614,35
1048,D7A,0.135,0.0,AV14D-1-CAASSAGNTGKLIF-AJ37_BV31-CAWSARGSGNTLYF-BJ1-3,0.16460946922087036,8
1049,D7A,0.135,0.0,AV8D-2-CATDTGGLSGKLTF-AJ2_BV13-1-CASSPGQYAEQFF-BJ2-1,0.23757119453636044,6
1050,D7A,0.135,0.0,AV8D-2-CATDGQGGRALIF-AJ15_BV3-CASSPQGHSDYTF-BJ1-2,0.18594655005295446,7
1051,D7A,0.135,0.0,AV13N-3-CASSGSWQLIF-AJ22_BV31-CAWSLAGSGNTLYF-BJ1-3,0.12257716043759058,9
1052,D7A,0.135,0.0,AV15-1/DV6-1-CALWEPPHNNNAPRF-AJ43_BV16-CASSLRTGVYEQYF-BJ2-7,0.07739590411196959,9
1053,D7A,0.13,0.0,AV14-2-CAASASSGSWQLIF-AJ22_BV31-CAWSLAGSGNTLYF-BJ1-3,0.19471152651511614,35
1054,D7A,0.13,0.0,AV14D-1-CAASSAGNTGKLIF-AJ37_BV31-CAWSARGSGNTLYF-BJ1-3,0.16460946922087036,8
1055,D7A,0.13,0.0,AV8D-2-CATDTGGLSGKLTF-AJ2_BV13-1-CASSPGQYAEQFF-BJ2-1,0.23757119453636044,6
1056,D7A,0.13,0.0,AV8D-2-CATDGQGGRALIF-AJ15_BV3-CASSPQGHSDYTF-BJ1-2,0.18594655005295446,7
1057,D7A,0.13,0.0,AV13N-3-CASSGSWQLIF-AJ22_BV31-CAWSLAGSGNTLYF-BJ1-3,0.12257716043759058,9
1058,D7A,0.13,0.0,AV15-1/DV6-1-CALWEPPHNNNAPRF-AJ43_BV16-CASSLRTGVYEQYF-BJ2-7,0.07739590411196959,9
1059,D7A,0.125,0.0,AV14-2-CAASASSGSWQLIF-AJ22_BV31-CAWSLAGSGNTLYF-BJ1-3,0.19471152651511614,35
1060,D7A,0.125,0.0,AV14D-1-CAASSAGNTGKLIF-AJ37_BV31-CAWSARGSGNTLYF-BJ1-3,0.16460946922087036,8
1061,D7A,0.125,0.0,AV8D-2-CATDTGGLSGKLTF-AJ2_BV13-1-CASSPGQYAEQFF-BJ2-1,0.23757119453636044,6
1062,D7A,0.125,0.0,AV8D-2-CATDGQGGRALIF-AJ15_BV3-CASSPQGHSDYTF-BJ1-2,0.18594655005295446,7
1063,D7A,0.125,0.0,AV13N-3-CASSGSWQLIF-AJ22_BV31-CAWSLAGSGNTLYF-BJ1-3,0.12257716043759058,9
1064,D7A,0.125,0.0,AV15-1/DV6-1-CALWEPPHNNNAPRF-AJ43_BV16-CASSLRTGVYEQYF-BJ2-7,0.07739590411196959,9
1065,D7A,0.12,0.0,AV14-2-CAASASSGSWQLIF-AJ22_BV31-CAWSLAGSGNTLYF-BJ1-3,0.19471152651511614,35
1066,D7A,0.12,0.0,AV14D-1-CAASSAGNTGKLIF-AJ37_BV31-CAWSARGSGNTLYF-BJ1-3,0.16460946922087036,8
1067,D7A,0.12,0.0,AV8D-2-CATDTGGLSGKLTF-AJ2_BV13-1-CASSPGQYAEQFF-BJ2-1,0.23757119453636044,6
1068,D7A,0.12,0.0,AV8D-2-CATDGQGGRALIF-AJ15_BV3-CASSPQGHSDYTF-BJ1-2,0.18594655005295446,7
1069,D7A,0.12,0.0,AV13N-3-CASSGSWQLIF-AJ22_BV31-CAWSLAGSGNTLYF-BJ1-3,0.12257716043759058,9
1070,D7A,0.12,0.0,AV15-1/DV6-1-CALWEPPHNNNAPRF-AJ43_BV16-CASSLRTGVYEQYF-BJ2-7,0.07739590411196959,9
1071,D7A,0.11499999999999999,0.0,AV14-2-CAASASSGSWQLIF-AJ22_BV31-CAWSLAGSGNTLYF-BJ1-3,0.19471152651511614,35
1072,D7A,0.11499999999999999,0.0,AV14D-1-CAASSAGNTGKLIF-AJ37_BV31-CAWSARGSGNTLYF-BJ1-3,0.16460946922087036,8
1073,D7A,0.11499999999999999,0.0,AV8D-2-CATDTGGLSGKLTF-AJ2_BV13-1-CASSPGQYAEQFF-BJ2-1,0.23757119453636044,6
1074,D7A,0.11499999999999999,0.0,AV8D-2-CATDGQGGRALIF-AJ15_BV3-CASSPQGHSDYTF-BJ1-2,0.18594655005295446,7
1075,D7A,0.11499999999999999,0.0,AV13N-3-CASSGSWQLIF-AJ22_BV31-CAWSLAGSGNTLYF-BJ1-3,0.12257716043759058,9
1076,D7A,0.11499999999999999,0.0,AV15-1/DV6-1-CALWEPPHNNNAPRF-AJ43_BV16-CASSLRTGVYEQYF-BJ2-7,0.07739590411196959,9
1077,D7A,0.10999999999999999,0.0,AV14-2-CAASASSGSWQLIF-AJ22_BV31-CAWSLAGSGNTLYF-BJ1-3,0.19471152651511614,35
1078,D7A,0.10999999999999999,0.0,AV14D-1-CAASSAGNTGKLIF-AJ37_BV31-CAWSARGSGNTLYF-BJ1-3,0.16460946922087036,8
1079,D7A,0.10999999999999999,0.0,AV8D-2-CATDTGGLSGKLTF-AJ2_BV13-1-CASSPGQYAEQFF-BJ2-1,0.23757119453636044,6
1080,D7A,0.10999999999999999,0.0,AV8D-2-CATDGQGGRALIF-AJ15_BV3-CASSPQGHSDYTF-BJ1-2,0.18594655005295446,7
1081,D7A,0.10999999999999999,0.0,AV13N-3-CASSGSWQLIF-AJ22_BV31-CAWSLAGSGNTLYF-BJ1-3,0.12257716043759058,9
1082,D7A,0.10999999999999999,0.0,AV15-1/DV6-1-CALWEPPHNNNAPRF-AJ43_BV16-CASSLRTGVYEQYF-BJ2-7,0.07739590411196959,9
1083,D7A,0.10499999999999998,0.0,AV14-2-CAASASSGSWQLIF-AJ22_BV31-CAWSLAGSGNTLYF-BJ1-3,0.19471152651511614,35
1084,D7A,0.10499999999999998,0.0,AV14D-1-CAASSAGNTGKLIF-AJ37_BV31-CAWSARGSGNTLYF-BJ1-3,0.16460946922087036,8
1085,D7A,0.10499999999999998,0.0,AV8D-2-CATDTGGLSGKLTF-AJ2_BV13-1-CASSPGQYAEQFF-BJ2-1,0.23757119453636044,6
1086,D7A,0.10499999999999998,0.0,AV8D-2-CATDGQGGRALIF-AJ15_BV3-CASSPQGHSDYTF-BJ1-2,0.18594655005295446,7
1087,D7A,0.10499999999999998,0.0,AV13N-3-CASSGSWQLIF-AJ22_BV31-CAWSLAGSGNTLYF-BJ1-3,0.12257716043759058,9
1088,D7A,0.10499999999999998,0.0,AV15-1/DV6-1-CALWEPPHNNNAPRF-AJ43_BV16-CASSLRTGVYEQYF-BJ2-7,0.07739590411196959,9
1089,D7A,0.09999999999999998,0.0,AV14-2-CAASASSGSWQLIF-AJ22_BV31-CAWSLAGSGNTLYF-BJ1-3,0.19471152651511614,35
1090,D7A,0.09999999999999998,0.0,AV14D-1-CAASSAGNTGKLIF-AJ37_BV31-CAWSARGSGNTLYF-BJ1-3,0.16460946922087036,8
1091,D7A,0.09999999999999998,0.0,AV8D-2-CATDTGGLSGKLTF-AJ2_BV13-1-CASSPGQYAEQFF-BJ2-1,0.23757119453636044,6
1092,D7A,0.09999999999999998,0.0,AV8D-2-CATDGQGGRALIF-AJ15_BV3-CASSPQGHSDYTF-BJ1-2,0.18594655005295446,7
1093,D7A,0.09999999999999998,0.0,AV13N-3-CASSGSWQLIF-AJ22_BV31-CAWSLAGSGNTLYF-BJ1-3,0.12257716043759058,9
1094,D7A,0.09999999999999998,0.0,AV15-1/DV6-1-CALWEPPHNNNAPRF-AJ43_BV16-CASSLRTGVYEQYF-BJ2-7,0.07739590411196959,9
1095,D7A,0.09499999999999997,0.0,AV14-2-CAASASSGSWQLIF-AJ22_BV31-CAWSLAGSGNTLYF-BJ1-3,0.19471152651511614,35
1096,D7A,0.09499999999999997,0.0,AV14D-1-CAASSAGNTGKLIF-AJ37_BV31-CAWSARGSGNTLYF-BJ1-3,0.16460946922087036,8
1097,D7A,0.09499999999999997,0.0,AV8D-2-CATDTGGLSGKLTF-AJ2_BV13-1-CASSPGQYAEQFF-BJ2-1,0.23757119453636044,6
1098,D7A,0.09499999999999997,0.0,AV8D-2-CATDGQGGRALIF-AJ15_BV3-CASSPQGHSDYTF-BJ1-2,0.18594655005295446,7
1099,D7A,0.09499999999999997,0.0,AV13N-3-CASSGSWQLIF-AJ22_BV31-CAWSLAGSGNTLYF-BJ1-3,0.12257716043759058,9
1100,D7A,0.09499999999999997,0.0,AV15-1/DV6-1-CALWEPPHNNNAPRF-AJ43_BV16-CASSLRTGVYEQYF-BJ2-7,0.07739590411196959,9
1101,D7A,0.08999999999999997,0.0,AV14-2-CAASASSGSWQLIF-AJ22_BV31-CAWSLAGSGNTLYF-BJ1-3,0.19471152651511614,35
1102,D7A,0.08999999999999997,0.0,AV14D-1-CAASSAGNTGKLIF-AJ37_BV31-CAWSARGSGNTLYF-BJ1-3,0.16460946922087036,8
1103,D7A,0.08999999999999997,0.0,AV8D-2-CATDTGGLSGKLTF-AJ2_BV13-1-CASSPGQYAEQFF-BJ2-1,0.23757119453636044,6
1104,D7A,0.08999999999999997,0.0,AV8D-2-CATDGQGGRALIF-AJ15_BV3-CASSPQGHSDYTF-BJ1-2,0.18594655005295446,7
1105,D7A,0.08999999999999997,0.0,AV13N-3-CASSGSWQLIF-AJ22_BV31-CAWSLAGSGNTLYF-BJ1-3,0.12257716043759058,9
1106,D7A,0.08999999999999997,0.0,AV15-1/DV6-1-CALWEPPHNNNAPRF-AJ43_BV16-CASSLRTGVYEQYF-BJ2-7,0.07739590411196959,9
1107,D7A,0.08499999999999996,0.0,AV14-2-CAASASSGSWQLIF-AJ22_BV31-CAWSLAGSGNTLYF-BJ1-3,0.19471152651511614,35
1108,D7A,0.08499999999999996,0.0,AV14D-1-CAASSAGNTGKLIF-AJ37_BV31-CAWSARGSGNTLYF-BJ1-3,0.16460946922087036,8
1109,D7A,0.08499999999999996,0.0,AV8D-2-CATDTGGLSGKLTF-AJ2_BV13-1-CASSPGQYAEQFF-BJ2-1,0.23757119453636044,6
1110,D7A,0.08499999999999996,0.0,AV8D-2-CATDGQGGRALIF-AJ15_BV3-CASSPQGHSDYTF-BJ1-2,0.18594655005295446,7
1111,D7A,0.08499999999999996,0.0,AV13N-3-CASSGSWQLIF-AJ22_BV31-CAWSLAGSGNTLYF-BJ1-3,0.12257716043759058,9
1112,D7A,0.08499999999999996,0.0,AV15-1/DV6-1-CALWEPPHNNNAPRF-AJ43_BV16-CASSLRTGVYEQYF-BJ2-7,0.07739590411196959,9
1113,D7A,0.07999999999999996,0.0,AV14-2-CAASASSGSWQLIF-AJ22_BV31-CAWSLAGSGNTLYF-BJ1-3,0.19471152651511614,35
1114,D7A,0.07999999999999996,0.0,AV14D-1-CAASSAGNTGKLIF-AJ37_BV31-CAWSARGSGNTLYF-BJ1-3,0.16460946922087036,8
1115,D7A,0.07999999999999996,0.0,AV8D-2-CATDTGGLSGKLTF-AJ2_BV13-1-CASSPGQYAEQFF-BJ2-1,0.23757119453636044,6
1116,D7A,0.07999999999999996,0.0,AV8D-2-CATDGQGGRALIF-AJ15_BV3-CASSPQGHSDYTF-BJ1-2,0.18594655005295446,7
1117,D7A,0.07999999999999996,0.0,AV13N-3-CASSGSWQLIF-AJ22_BV31-CAWSLAGSGNTLYF-BJ1-3,0.12257716043759058,9
1118,D7A,0.07999999999999996,0.0,AV15-1/DV6-1-CALWEPPHNNNAPRF-AJ43_BV16-CASSLRTGVYEQYF-BJ2-7,0.07739590411196959,9
1119,D7A,0.07499999999999996,0.0,AV14-2-CAASASSGSWQLIF-AJ22_BV31-CAWSLAGSGNTLYF-BJ1-3,0.19471152651511614,35
1120,D7A,0.07499999999999996,0.0,AV14D-1-CAASSAGNTGKLIF-AJ37_BV31-CAWSARGSGNTLYF-BJ1-3,0.16460946922087036,8
1121,D7A,0.07499999999999996,0.0,AV8D-2-CATDTGGLSGKLTF-AJ2_BV13-1-CASSPGQYAEQFF-BJ2-1,0.23757119453636044,6
1122,D7A,0.07499999999999996,0.0,AV8D-2-CATDGQGGRALIF-AJ15_BV3-CASSPQGHSDYTF-BJ1-2,0.18594655005295446,7
1123,D7A,0.07499999999999996,0.0,AV13N-3-CASSGSWQLIF-AJ22_BV31-CAWSLAGSGNTLYF-BJ1-3,0.12257716043759058,9
1124,D7A,0.07499999999999996,0.0,AV15-1/DV6-1-CALWEPPHNNNAPRF-AJ43_BV16-CASSLRTGVYEQYF-BJ2-7,0.07739590411196959,9
1125,D7A,0.06999999999999995,0.0,AV14-2-CAASASSGSWQLIF-AJ22_BV31-CAWSLAGSGNTLYF-BJ1-3,0.19471152651511614,35
1126,D7A,0.06999999999999995,0.0,AV14D-1-CAASSAGNTGKLIF-AJ37_BV31-CAWSARGSGNTLYF-BJ1-3,0.16460946922087036,8
1127,D7A,0.06999999999999995,0.0,AV8D-2-CATDTGGLSGKLTF-AJ2_BV13-1-CASSPGQYAEQFF-BJ2-1,0.23757119453636044,6
1128,D7A,0.06999999999999995,0.0,AV8D-2-CATDGQGGRALIF-AJ15_BV3-CASSPQGHSDYTF-BJ1-2,0.18594655005295446,7
1129,D7A,0.06999999999999995,0.0,AV13N-3-CASSGSWQLIF-AJ22_BV31-CAWSLAGSGNTLYF-BJ1-3,0.12257716043759058,9
1130,D7A,0.06999999999999995,0.0,AV15-1/DV6-1-CALWEPPHNNNAPRF-AJ43_BV16-CASSLRTGVYEQYF-BJ2-7,0.07739590411196959,9
1131,D7A,0.06499999999999995,0.0,AV14-2-CAASASSGSWQLIF-AJ22_BV31-CAWSLAGSGNTLYF-BJ1-3,0.19471152651511614,35
1132,D7A,0.06499999999999995,0.0,AV14D-1-CAASSAGNTGKLIF-AJ37_BV31-CAWSARGSGNTLYF-BJ1-3,0.16460946922087036,8
1133,D7A,0.06499999999999995,0.0,AV8D-2-CATDTGGLSGKLTF-AJ2_BV13-1-CASSPGQYAEQFF-BJ2-1,0.23757119453636044,6
1134,D7A,0.06499999999999995,0.0,AV8D-2-CATDGQGGRALIF-AJ15_BV3-CASSPQGHSDYTF-BJ1-2,0.18594655005295446,7
1135,D7A,0.06499999999999995,0.0,AV13N-3-CASSGSWQLIF-AJ22_BV31-CAWSLAGSGNTLYF-BJ1-3,0.12257716043759058,9
1136,D7A,0.06499999999999995,0.0,AV15-1/DV6-1-CALWEPPHNNNAPRF-AJ43_BV16-CASSLRTGVYEQYF-BJ2-7,0.07739590411196959,9
1137,D7A,0.05999999999999994,0.0,AV14-2-CAASASSGSWQLIF-AJ22_BV31-CAWSLAGSGNTLYF-BJ1-3,0.19471152651511614,35
1138,D7A,0.05999999999999994,0.0,AV14D-1-CAASSAGNTGKLIF-AJ37_BV31-CAWSARGSGNTLYF-BJ1-3,0.16460946922087036,8
1139,D7A,0.05999999999999994,0.0,AV8D-2-CATDTGGLSGKLTF-AJ2_BV13-1-CASSPGQYAEQFF-BJ2-1,0.23757119453636044,6
1140,D7A,0.05999999999999994,0.0,AV8D-2-CATDGQGGRALIF-AJ15_BV3-CASSPQGHSDYTF-BJ1-2,0.18594655005295446,7
1141,D7A,0.05999999999999994,0.0,AV13N-3-CASSGSWQLIF-AJ22_BV31-CAWSLAGSGNTLYF-BJ1-3,0.12257716043759058,9
1142,D7A,0.05999999999999994,0.0,AV15-1/DV6-1-CALWEPPHNNNAPRF-AJ43_BV16-CASSLRTGVYEQYF-BJ2-7,0.07739590411196959,9
1143,D7A,0.05499999999999994,0.0,AV14-2-CAASASSGSWQLIF-AJ22_BV31-CAWSLAGSGNTLYF-BJ1-3,0.19471152651511614,35
1144,D7A,0.05499999999999994,0.0,AV14D-1-CAASSAGNTGKLIF-AJ37_BV31-CAWSARGSGNTLYF-BJ1-3,0.16460946922087036,8
1145,D7A,0.05499999999999994,0.0,AV8D-2-CATDTGGLSGKLTF-AJ2_BV13-1-CASSPGQYAEQFF-BJ2-1,0.23757119453636044,6
1146,D7A,0.05499999999999994,0.0,AV8D-2-CATDGQGGRALIF-AJ15_BV3-CASSPQGHSDYTF-BJ1-2,0.18594655005295446,7
1147,D7A,0.05499999999999994,0.0,AV13N-3-CASSGSWQLIF-AJ22_BV31-CAWSLAGSGNTLYF-BJ1-3,0.12257716043759058,9
1148,D7A,0.05499999999999994,0.0,AV15-1/DV6-1-CALWEPPHNNNAPRF-AJ43_BV16-CASSLRTGVYEQYF-BJ2-7,0.07739590411196959,9
1149,D7A,0.04999999999999993,0.0,AV14-2-CAASASSGSWQLIF-AJ22_BV31-CAWSLAGSGNTLYF-BJ1-3,0.19471152651511614,35
1150,D7A,0.04999999999999993,0.0,AV14D-1-CAASSAGNTGKLIF-AJ37_BV31-CAWSARGSGNTLYF-BJ1-3,0.16460946922087036,8
1151,D7A,0.04999999999999993,0.0,AV8D-2-CATDTGGLSGKLTF-AJ2_BV13-1-CASSPGQYAEQFF-BJ2-1,0.23757119453636044,6
1152,D7A,0.04999999999999993,0.0,AV8D-2-CATDGQGGRALIF-AJ15_BV3-CASSPQGHSDYTF-BJ1-2,0.18594655005295446,7
1153,D7A,0.04999999999999993,0.0,AV13N-3-CASSGSWQLIF-AJ22_BV31-CAWSLAGSGNTLYF-BJ1-3,0.12257716043759058,9
1154,D7A,0.04999999999999993,0.0,AV15-1/DV6-1-CALWEPPHNNNAPRF-AJ43_BV16-CASSLRTGVYEQYF-BJ2-7,0.07739590411196959,9
1155,D7A,0.04499999999999993,0.0,AV14-2-CAASASSGSWQLIF-AJ22_BV31-CAWSLAGSGNTLYF-BJ1-3,0.19471152651511614,35
1156,D7A,0.04499999999999993,0.0,AV14D-1-CAASSAGNTGKLIF-AJ37_BV31-CAWSARGSGNTLYF-BJ1-3,0.16460946922087036,8
1157,D7A,0.04499999999999993,0.0,AV8D-2-CATDTGGLSGKLTF-AJ2_BV13-1-CASSPGQYAEQFF-BJ2-1,0.23757119453636044,6
1158,D7A,0.04499999999999993,0.0,AV8D-2-CATDGQGGRALIF-AJ15_BV3-CASSPQGHSDYTF-BJ1-2,0.18594655005295446,7
1159,D7A,0.04499999999999993,0.0,AV13N-3-CASSGSWQLIF-AJ22_BV31-CAWSLAGSGNTLYF-BJ1-3,0.12257716043759058,9
1160,D7A,0.04499999999999993,0.0,AV15-1/DV6-1-CALWEPPHNNNAPRF-AJ43_BV16-CASSLRTGVYEQYF-BJ2-7,0.07739590411196959,9
1161,D7A,0.040000000000000036,0.0,AV14-2-CAASASSGSWQLIF-AJ22_BV31-CAWSLAGSGNTLYF-BJ1-3,0.19471152651511614,35
1162,D7A,0.040000000000000036,0.0,AV14D-1-CAASSAGNTGKLIF-AJ37_BV31-CAWSARGSGNTLYF-BJ1-3,0.16460946922087036,8
1163,D7A,0.040000000000000036,0.0,AV8D-2-CATDTGGLSGKLTF-AJ2_BV13-1-CASSPGQYAEQFF-BJ2-1,0.23757119453636044,6
1164,D7A,0.040000000000000036,0.0,AV8D-2-CATDGQGGRALIF-AJ15_BV3-CASSPQGHSDYTF-BJ1-2,0.18594655005295446,7
1165,D7A,0.040000000000000036,0.0,AV13N-3-CASSGSWQLIF-AJ22_BV31-CAWSLAGSGNTLYF-BJ1-3,0.12257716043759058,9
1166,D7A,0.040000000000000036,0.0,AV15-1/DV6-1-CALWEPPHNNNAPRF-AJ43_BV16-CASSLRTGVYEQYF-BJ2-7,0.07739590411196959,9
1167,D7A,0.03500000000000003,0.0,AV14-2-CAASASSGSWQLIF-AJ22_BV31-CAWSLAGSGNTLYF-BJ1-3,0.19471152651511614,35
1168,D7A,0.03500000000000003,0.0,AV14D-1-CAASSAGNTGKLIF-AJ37_BV31-CAWSARGSGNTLYF-BJ1-3,0.16460946922087036,8
1169,D7A,0.03500000000000003,0.0,AV8D-2-CATDTGGLSGKLTF-AJ2_BV13-1-CASSPGQYAEQFF-BJ2-1,0.23757119453636044,6
1170,D7A,0.03500000000000003,0.0,AV8D-2-CATDGQGGRALIF-AJ15_BV3-CASSPQGHSDYTF-BJ1-2,0.18594655005295446,7
1171,D7A,0.03500000000000003,0.0,AV13N-3-CASSGSWQLIF-AJ22_BV31-CAWSLAGSGNTLYF-BJ1-3,0.12257716043759058,9
1172,D7A,0.03500000000000003,0.0,AV15-1/DV6-1-CALWEPPHNNNAPRF-AJ43_BV16-CASSLRTGVYEQYF-BJ2-7,0.07739590411196959,9
1173,D7A,0.030000000000000027,0.0,AV14-2-CAASASSGSWQLIF-AJ22_BV31-CAWSLAGSGNTLYF-BJ1-3,0.19471152651511614,35
1174,D7A,0.030000000000000027,0.0,AV14D-1-CAASSAGNTGKLIF-AJ37_BV31-CAWSARGSGNTLYF-BJ1-3,0.16460946922087036,8
1175,D7A,0.030000000000000027,0.0,AV8D-2-CATDTGGLSGKLTF-AJ2_BV13-1-CASSPGQYAEQFF-BJ2-1,0.23757119453636044,6
1176,D7A,0.030000000000000027,0.0,AV8D-2-CATDGQGGRALIF-AJ15_BV3-CASSPQGHSDYTF-BJ1-2,0.18594655005295446,7
1177,D7A,0.030000000000000027,0.0,AV13N-3-CASSGSWQLIF-AJ22_BV31-CAWSLAGSGNTLYF-BJ1-3,0.12257716043759058,9
1178,D7A,0.030000000000000027,0.0,AV15-1/DV6-1-CALWEPPHNNNAPRF-AJ43_BV16-CASSLRTGVYEQYF-BJ2-7,0.07739590411196959,9
1179,D7A,0.025000000000000022,0.0,AV14-2-CAASASSGSWQLIF-AJ22_BV31-CAWSLAGSGNTLYF-BJ1-3,0.19471152651511614,35
1180,D7A,0.025000000000000022,0.0,AV14D-1-CAASSAGNTGKLIF-AJ37_BV31-CAWSARGSGNTLYF-BJ1-3,0.16460946922087036,8
1181,D7A,0.025000000000000022,0.0,AV8D-2-CATDTGGLSGKLTF-AJ2_BV13-1-CASSPGQYAEQFF-BJ2-1,0.23757119453636044,6
1182,D7A,0.025000000000000022,0.0,AV8D-2-CATDGQGGRALIF-AJ15_BV3-CASSPQGHSDYTF-BJ1-2,0.18594655005295446,7
1183,D7A,0.025000000000000022,0.0,AV13N-3-CASSGSWQLIF-AJ22_BV31-CAWSLAGSGNTLYF-BJ1-3,0.12257716043759058,9
1184,D7A,0.025000000000000022,0.0,AV15-1/DV6-1-CALWEPPHNNNAPRF-AJ43_BV16-CASSLRTGVYEQYF-BJ2-7,0.07739590411196959,9
1185,D7A,0.020000000000000018,0.0,AV14-2-CAASASSGSWQLIF-AJ22_BV31-CAWSLAGSGNTLYF-BJ1-3,0.19471152651511614,35
1186,D7A,0.020000000000000018,0.0,AV14D-1-CAASSAGNTGKLIF-AJ37_BV31-CAWSARGSGNTLYF-BJ1-3,0.16460946922087036,8
1187,D7A,0.020000000000000018,0.0,AV8D-2-CATDTGGLSGKLTF-AJ2_BV13-1-CASSPGQYAEQFF-BJ2-1,0.23757119453636044,6
1188,D7A,0.020000000000000018,0.0,AV8D-2-CATDGQGGRALIF-AJ15_BV3-CASSPQGHSDYTF-BJ1-2,0.18594655005295446,7
1189,D7A,0.020000000000000018,0.0,AV13N-3-CASSGSWQLIF-AJ22_BV31-CAWSLAGSGNTLYF-BJ1-3,0.12257716043759058,9
1190,D7A,0.020000000000000018,0.0,AV15-1/DV6-1-CALWEPPHNNNAPRF-AJ43_BV16-CASSLRTGVYEQYF-BJ2-7,0.07739590411196959,9
1191,D7A,0.015000000000000013,0.0,AV14-2-CAASASSGSWQLIF-AJ22_BV31-CAWSLAGSGNTLYF-BJ1-3,0.19471152651511614,35
1192,D7A,0.015000000000000013,0.0,AV14D-1-CAASSAGNTGKLIF-AJ37_BV31-CAWSARGSGNTLYF-BJ1-3,0.16460946922087036,8
1193,D7A,0.015000000000000013,0.0,AV8D-2-CATDTGGLSGKLTF-AJ2_BV13-1-CASSPGQYAEQFF-BJ2-1,0.23757119453636044,6
1194,D7A,0.015000000000000013,0.0,AV8D-2-CATDGQGGRALIF-AJ15_BV3-CASSPQGHSDYTF-BJ1-2,0.18594655005295446,7
1195,D7A,0.015000000000000013,0.0,AV13N-3-CASSGSWQLIF-AJ22_BV31-CAWSLAGSGNTLYF-BJ1-3,0.12257716043759058,9
1196,D7A,0.015000000000000013,0.0,AV15-1/DV6-1-CALWEPPHNNNAPRF-AJ43_BV16-CASSLRTGVYEQYF-BJ2-7,0.07739590411196959,9
1197,D7A,0.010000000000000009,0.0,AV14-2-CAASASSGSWQLIF-AJ22_BV31-CAWSLAGSGNTLYF-BJ1-3,0.19471152651511614,35
1198,D7A,0.010000000000000009,0.0,AV14D-1-CAASSAGNTGKLIF-AJ37_BV31-CAWSARGSGNTLYF-BJ1-3,0.16460946922087036,8
1199,D7A,0.010000000000000009,0.0,AV8D-2-CATDTGGLSGKLTF-AJ2_BV13-1-CASSPGQYAEQFF-BJ2-1,0.23757119453636044,6
1200,D7A,0.010000000000000009,0.0,AV8D-2-CATDGQGGRALIF-AJ15_BV3-CASSPQGHSDYTF-BJ1-2,0.18594655005295446,7
1201,D7A,0.010000000000000009,0.0,AV13N-3-CASSGSWQLIF-AJ22_BV31-CAWSLAGSGNTLYF-BJ1-3,0.12257716043759058,9
1202,D7A,0.010000000000000009,0.0,AV15-1/DV6-1-CALWEPPHNNNAPRF-AJ43_BV16-CASSLRTGVYEQYF-BJ2-7,0.07739590411196959,9
1203,D7A,0.0050000000000000044,0.0,AV14-2-CAASASSGSWQLIF-AJ22_BV31-CAWSLAGSGNTLYF-BJ1-3,0.19471152651511614,35
1204,D7A,0.0050000000000000044,0.0,AV14D-1-CAASSAGNTGKLIF-AJ37_BV31-CAWSARGSGNTLYF-BJ1-3,0.16460946922087036,8
1205,D7A,0.0050000000000000044,0.0,AV8D-2-CATDTGGLSGKLTF-AJ2_BV13-1-CASSPGQYAEQFF-BJ2-1,0.23757119453636044,6
1206,D7A,0.0050000000000000044,0.0,AV8D-2-CATDGQGGRALIF-AJ15_BV3-CASSPQGHSDYTF-BJ1-2,0.18594655005295446,7
1207,D7A,0.0050000000000000044,0.0,AV13N-3-CASSGSWQLIF-AJ22_BV31-CAWSLAGSGNTLYF-BJ1-3,0.12257716043759058,9
1208,D7A,0.0050000000000000044,0.0,AV15-1/DV6-1-CALWEPPHNNNAPRF-AJ43_BV16-CASSLRTGVYEQYF-BJ2-7,0.07739590411196959,9
1209,D7A,0.0,0.0,AV14-2-CAASASSGSWQLIF-AJ22_BV31-CAWSLAGSGNTLYF-BJ1-3,0.19471152651511614,35
1210,D7A,0.0,0.0,AV14D-1-CAASSAGNTGKLIF-AJ37_BV31-CAWSARGSGNTLYF-BJ1-3,0.16460946922087036,8
1211,D7A,0.0,0.0,AV8D-2-CATDTGGLSGKLTF-AJ2_BV13-1-CASSPGQYAEQFF-BJ2-1,0.23757119453636044,6
1212,D7A,0.0,0.0,AV8D-2-CATDGQGGRALIF-AJ15_BV3-CASSPQGHSDYTF-BJ1-2,0.18594655005295446,7
1213,D7A,0.0,0.0,AV13N-3-CASSGSWQLIF-AJ22_BV31-CAWSLAGSGNTLYF-BJ1-3,0.12257716043759058,9
1214,D7A,0.0,0.0,AV15-1/DV6-1-CALWEPPHNNNAPRF-AJ43_BV16-CASSLRTGVYEQYF-BJ2-7,0.07739590411196959,9
