sample,percentile,thresh_tcrbeta,clonotype,mean_coherence,n_cells
D7C,1.0,0.0,AV9-2-CVLSARSGGSNAKLTF-AJ42_BV1-CTCSSQNTLYF-BJ2-4,0.26963588480450573,5
D7C,1.0,0.0,AV12D-2-CALDYANKMIF-AJ47_BV14-CASSFRAEQFF-BJ2-1,0.2720574705973434,13
D7C,1.0,0.0,AV10-CAASIASSSFSKLVF-AJ50_BV1-CTCSATNNQAPLF-BJ1-5,0.18166259047724673,9
D7C,1.0,0.0,AV8N-2-CATESQGGRALIF-AJ15_BV3-CASSDRAGQDTQYF-BJ2-5,0.24665092693907165,11
D7C,1.0,0.0,AV3D-3-CAVSDYNVLYF-AJ21_BV3-CASSQYLRDNQDTQYF-BJ2-5,0.32103198643045733,39
D7C,1.0,0.0,AV6-6-CALGEEEWATGGNNKLTF-AJ56_BV1-CTCSTRGANERLFF-BJ1-4,0.19693302619978148,62
D7C,1.0,0.0,AV7-4-CAASERGASSSFSKLVF-AJ50_BV1-CTCSATNNQAPLF-BJ1-5,0.23843155329796042,11
D7C,1.0,0.0,AV10N-CAASMDTGGLSGKLTF-AJ2_BV16-CASSLNWGANYAEQFF-BJ2-1,0.3862799600838669,13
D7C,1.0,0.0,AV3-3-CAVSMDNNAPRF-AJ43_BV1-CTCSAVGGDTQYF-BJ2-5,0.5822015803269407,5
D7C,1.0,0.0,AV12-3-CALSDDTNKVVF-AJ34_BV13-2-CASGDKISYNSPLYF-BJ1-6,0.2570117750533819,11
D7C,1.0,0.0,AV8D-2-CATDGQGGRALIF-AJ15_BV29-CASSLGTSGNTLYF-BJ1-3,0.5076905528695296,5
D7C,1.0,0.0,AV16/DV11-CAMREVDTNAYKVIF-AJ30_BV13-1-CASSDGLNSDYTF-BJ1-2,0.3126198829089291,5
D7C,1.0,0.0,AV1-CAVRPNNNNAPRF-AJ43_BV13-2-CASGARTYNYAEQFF-BJ2-1,0.515995076940996,16
D7C,1.0,0.0,AV14-2-CAANYGSSGNKLIF-AJ32_BV1-CTCSAVRVQNTLYF-BJ2-4,0.23159289933162422,5
D7C,1.0,0.0,AV9D-3-CAVSMLSGSFNKLTF-AJ4_BV3-CASSQYLRDNQDTQYF-BJ2-5,0.17997610340713935,32
D7C,1.0,0.0,AV16/DV11-CAMREGGGYKVVF-AJ12_BV13-2-CASGARTYNYAEQFF-BJ2-1,0.3754066479614433,12
D7C,1.0,0.0,AV11-CVVGRRYGSSGNKLIF-AJ32_BV19-CASSTDRGLNSPLYF-BJ1-6,0.15490659913650914,8
D7C,1.0,0.0,AV7-5-CAVRPGTGSNRLTF-AJ28_BV14-CASRYRGEQYF-BJ2-7,0.38735058909274483,20
D7C,1.0,0.0,AV5D-4-CAASENSNYQLIW-AJ33_BV4-CASSQNTLYF-BJ2-4,0.259026175385782,7
D7C,1.0,0.0,AV13-2-CAIDPNYNVLYF-AJ21_BV13-3-CASSDWGNYAEQFF-BJ2-1,0.27288432559517445,5
D7C,0.995,0.0,AV9-2-CVLSARSGGSNAKLTF-AJ42_BV1-CTCSSQNTLYF-BJ2-4,0.26963588480450573,5
D7C,0.995,0.0,AV12D-2-CALDYANKMIF-AJ47_BV14-CASSFRAEQFF-BJ2-1,0.2720574705973434,13
D7C,0.995,0.0,AV10-CAASIASSSFSKLVF-AJ50_BV1-CTCSATNNQAPLF-BJ1-5,0.18166259047724673,9
D7C,0.995,0.0,AV8N-2-CATESQGGRALIF-AJ15_BV3-CASSDRAGQDTQYF-BJ2-5,0.24665092693907165,11
D7C,0.995,0.0,AV3D-3-CAVSDYNVLYF-AJ21_BV3-CASSQYLRDNQDTQYF-BJ2-5,0.32103198643045733,39
D7C,0.995,0.0,AV6-6-CALGEEEWATGGNNKLTF-AJ56_BV1-CTCSTRGANERLFF-BJ1-4,0.19693302619978148,62
D7C,0.995,0.0,AV7-4-CAASERGASSSFSKLVF-AJ50_BV1-CTCSATNNQAPLF-BJ1-5,0.23843155329796042,11
D7C,0.995,0.0,AV10N-CAASMDTGGLSGKLTF-AJ2_BV16-CASSLNWGANYAEQFF-BJ2-1,0.3862799600838669,13
D7C,0.995,0.0,AV3-3-CAVSMDNNAPRF-AJ43_BV1-CTCSAVGGDTQYF-BJ2-5,0.5822015803269407,5
D7C,0.995,0.0,AV12-3-CALSDDTNKVVF-AJ34_BV13-2-CASGDKISYNSPLYF-BJ1-6,0.2570117750533819,11
D7C,0.995,0.0,AV8D-2-CATDGQGGRALIF-AJ15_BV29-CASSLGTSGNTLYF-BJ1-3,0.5076905528695296,5
D7C,0.995,0.0,AV16/DV11-CAMREVDTNAYKVIF-AJ30_BV13-1-CASSDGLNSDYTF-BJ1-2,0.3126198829089291,5
D7C,0.995,0.0,AV1-CAVRPNNNNAPRF-AJ43_BV13-2-CASGARTYNYAEQFF-BJ2-1,0.515995076940996,16
D7C,0.995,0.0,AV14-2-CAANYGSSGNKLIF-AJ32_BV1-CTCSAVRVQNTLYF-BJ2-4,0.23159289933162422,5
D7C,0.995,0.0,AV9D-3-CAVSMLSGSFNKLTF-AJ4_BV3-CASSQYLRDNQDTQYF-BJ2-5,0.17997610340713935,32
D7C,0.995,0.0,AV16/DV11-CAMREGGGYKVVF-AJ12_BV13-2-CASGARTYNYAEQFF-BJ2-1,0.3754066479614433,12
D7C,0.995,0.0,AV11-CVVGRRYGSSGNKLIF-AJ32_BV19-CASSTDRGLNSPLYF-BJ1-6,0.15490659913650914,8
D7C,0.995,0.0,AV7-5-CAVRPGTGSNRLTF-AJ28_BV14-CASRYRGEQYF-BJ2-7,0.38735058909274483,20
D7C,0.995,0.0,AV5D-4-CAASENSNYQLIW-AJ33_BV4-CASSQNTLYF-BJ2-4,0.259026175385782,7
D7C,0.995,0.0,AV13-2-CAIDPNYNVLYF-AJ21_BV13-3-CASSDWGNYAEQFF-BJ2-1,0.27288432559517445,5
D7C,0.99,0.0,AV9-2-CVLSARSGGSNAKLTF-AJ42_BV1-CTCSSQNTLYF-BJ2-4,0.26963588480450573,5
D7C,0.99,0.0,AV12D-2-CALDYANKMIF-AJ47_BV14-CASSFRAEQFF-BJ2-1,0.2720574705973434,13
D7C,0.99,0.0,AV10-CAASIASSSFSKLVF-AJ50_BV1-CTCSATNNQAPLF-BJ1-5,0.18166259047724673,9
D7C,0.99,0.0,AV8N-2-CATESQGGRALIF-AJ15_BV3-CASSDRAGQDTQYF-BJ2-5,0.24665092693907165,11
D7C,0.99,0.0,AV3D-3-CAVSDYNVLYF-AJ21_BV3-CASSQYLRDNQDTQYF-BJ2-5,0.32103198643045733,39
D7C,0.99,0.0,AV6-6-CALGEEEWATGGNNKLTF-AJ56_BV1-CTCSTRGANERLFF-BJ1-4,0.19693302619978148,62
D7C,0.99,0.0,AV7-4-CAASERGASSSFSKLVF-AJ50_BV1-CTCSATNNQAPLF-BJ1-5,0.23843155329796042,11
D7C,0.99,0.0,AV10N-CAASMDTGGLSGKLTF-AJ2_BV16-CASSLNWGANYAEQFF-BJ2-1,0.3862799600838669,13
D7C,0.99,0.0,AV3-3-CAVSMDNNAPRF-AJ43_BV1-CTCSAVGGDTQYF-BJ2-5,0.5822015803269407,5
D7C,0.99,0.0,AV12-3-CALSDDTNKVVF-AJ34_BV13-2-CASGDKISYNSPLYF-BJ1-6,0.2570117750533819,11
D7C,0.99,0.0,AV8D-2-CATDGQGGRALIF-AJ15_BV29-CASSLGTSGNTLYF-BJ1-3,0.5076905528695296,5
D7C,0.99,0.0,AV16/DV11-CAMREVDTNAYKVIF-AJ30_BV13-1-CASSDGLNSDYTF-BJ1-2,0.3126198829089291,5
D7C,0.99,0.0,AV1-CAVRPNNNNAPRF-AJ43_BV13-2-CASGARTYNYAEQFF-BJ2-1,0.515995076940996,16
D7C,0.99,0.0,AV14-2-CAANYGSSGNKLIF-AJ32_BV1-CTCSAVRVQNTLYF-BJ2-4,0.23159289933162422,5
D7C,0.99,0.0,AV9D-3-CAVSMLSGSFNKLTF-AJ4_BV3-CASSQYLRDNQDTQYF-BJ2-5,0.17997610340713935,32
D7C,0.99,0.0,AV16/DV11-CAMREGGGYKVVF-AJ12_BV13-2-CASGARTYNYAEQFF-BJ2-1,0.3754066479614433,12
D7C,0.99,0.0,AV11-CVVGRRYGSSGNKLIF-AJ32_BV19-CASSTDRGLNSPLYF-BJ1-6,0.15490659913650914,8
D7C,0.99,0.0,AV7-5-CAVRPGTGSNRLTF-AJ28_BV14-CASRYRGEQYF-BJ2-7,0.38735058909274483,20
D7C,0.99,0.0,AV5D-4-CAASENSNYQLIW-AJ33_BV4-CASSQNTLYF-BJ2-4,0.259026175385782,7
D7C,0.99,0.0,AV13-2-CAIDPNYNVLYF-AJ21_BV13-3-CASSDWGNYAEQFF-BJ2-1,0.27288432559517445,5
D7C,0.985,0.6950000000000038,AV9-2-CVLSARSGGSNAKLTF-AJ42_BV1-CTCSSQNTLYF-BJ2-4,0.26963588480450573,5
D7C,0.985,0.6950000000000038,AV12D-2-CALDYANKMIF-AJ47_BV14-CASSFRAEQFF-BJ2-1,0.2720574705973434,13
D7C,0.985,0.6950000000000038,AV10-CAASIASSSFSKLVF-AJ50_BV1-CTCSATNNQAPLF-BJ1-5,0.18166259047724673,9
D7C,0.985,0.6950000000000038,AV8N-2-CATESQGGRALIF-AJ15_BV3-CASSDRAGQDTQYF-BJ2-5,0.24665092693907165,11
D7C,0.985,0.6950000000000038,AV3D-3-CAVSDYNVLYF-AJ21_BV3-CASSQYLRDNQDTQYF-BJ2-5,0.32103198643045733,39
D7C,0.985,0.6950000000000038,AV6-6-CALGEEEWATGGNNKLTF-AJ56_BV1-CTCSTRGANERLFF-BJ1-4,0.20097377775853897,59
D7C,0.985,0.6950000000000038,AV7-4-CAASERGASSSFSKLVF-AJ50_BV1-CTCSATNNQAPLF-BJ1-5,0.23843155329796042,11
D7C,0.985,0.6950000000000038,AV10N-CAASMDTGGLSGKLTF-AJ2_BV16-CASSLNWGANYAEQFF-BJ2-1,0.3862799600838669,13
D7C,0.985,0.6950000000000038,AV3-3-CAVSMDNNAPRF-AJ43_BV1-CTCSAVGGDTQYF-BJ2-5,0.5822015803269407,5
D7C,0.985,0.6950000000000038,AV12-3-CALSDDTNKVVF-AJ34_BV13-2-CASGDKISYNSPLYF-BJ1-6,0.256728611627097,10
D7C,0.985,0.6950000000000038,AV8D-2-CATDGQGGRALIF-AJ15_BV29-CASSLGTSGNTLYF-BJ1-3,0.5076905528695296,5
D7C,0.985,0.6950000000000038,AV16/DV11-CAMREVDTNAYKVIF-AJ30_BV13-1-CASSDGLNSDYTF-BJ1-2,0.3126198829089291,5
D7C,0.985,0.6950000000000038,AV1-CAVRPNNNNAPRF-AJ43_BV13-2-CASGARTYNYAEQFF-BJ2-1,0.515995076940996,16
D7C,0.985,0.6950000000000038,AV14-2-CAANYGSSGNKLIF-AJ32_BV1-CTCSAVRVQNTLYF-BJ2-4,0.23159289933162422,5
D7C,0.985,0.6950000000000038,AV9D-3-CAVSMLSGSFNKLTF-AJ4_BV3-CASSQYLRDNQDTQYF-BJ2-5,0.17997610340713935,32
D7C,0.985,0.6950000000000038,AV16/DV11-CAMREGGGYKVVF-AJ12_BV13-2-CASGARTYNYAEQFF-BJ2-1,0.3754066479614433,12
D7C,0.985,0.6950000000000038,AV11-CVVGRRYGSSGNKLIF-AJ32_BV19-CASSTDRGLNSPLYF-BJ1-6,0.15490659913650914,8
D7C,0.985,0.6950000000000038,AV7-5-CAVRPGTGSNRLTF-AJ28_BV14-CASRYRGEQYF-BJ2-7,0.40332611358618115,19
D7C,0.985,0.6950000000000038,AV5D-4-CAASENSNYQLIW-AJ33_BV4-CASSQNTLYF-BJ2-4,0.259026175385782,7
D7C,0.985,0.6950000000000038,AV13-2-CAIDPNYNVLYF-AJ21_BV13-3-CASSDWGNYAEQFF-BJ2-1,0.27288432559517445,5
D7C,0.98,1.0,AV9-2-CVLSARSGGSNAKLTF-AJ42_BV1-CTCSSQNTLYF-BJ2-4,0.26963588480450573,5
D7C,0.98,1.0,AV12D-2-CALDYANKMIF-AJ47_BV14-CASSFRAEQFF-BJ2-1,0.2720574705973434,13
D7C,0.98,1.0,AV10-CAASIASSSFSKLVF-AJ50_BV1-CTCSATNNQAPLF-BJ1-5,0.18166259047724673,9
D7C,0.98,1.0,AV8N-2-CATESQGGRALIF-AJ15_BV3-CASSDRAGQDTQYF-BJ2-5,0.24665092693907165,11
D7C,0.98,1.0,AV3D-3-CAVSDYNVLYF-AJ21_BV3-CASSQYLRDNQDTQYF-BJ2-5,0.32103198643045733,39
D7C,0.98,1.0,AV6-6-CALGEEEWATGGNNKLTF-AJ56_BV1-CTCSTRGANERLFF-BJ1-4,0.20097377775853897,59
D7C,0.98,1.0,AV7-4-CAASERGASSSFSKLVF-AJ50_BV1-CTCSATNNQAPLF-BJ1-5,0.23843155329796042,11
D7C,0.98,1.0,AV10N-CAASMDTGGLSGKLTF-AJ2_BV16-CASSLNWGANYAEQFF-BJ2-1,0.3862799600838669,13
D7C,0.98,1.0,AV3-3-CAVSMDNNAPRF-AJ43_BV1-CTCSAVGGDTQYF-BJ2-5,0.5822015803269407,5
D7C,0.98,1.0,AV12-3-CALSDDTNKVVF-AJ34_BV13-2-CASGDKISYNSPLYF-BJ1-6,0.256728611627097,10
D7C,0.98,1.0,AV8D-2-CATDGQGGRALIF-AJ15_BV29-CASSLGTSGNTLYF-BJ1-3,0.5076905528695296,5
D7C,0.98,1.0,AV16/DV11-CAMREVDTNAYKVIF-AJ30_BV13-1-CASSDGLNSDYTF-BJ1-2,0.3126198829089291,5
D7C,0.98,1.0,AV1-CAVRPNNNNAPRF-AJ43_BV13-2-CASGARTYNYAEQFF-BJ2-1,0.515995076940996,16
D7C,0.98,1.0,AV14-2-CAANYGSSGNKLIF-AJ32_BV1-CTCSAVRVQNTLYF-BJ2-4,0.23159289933162422,5
D7C,0.98,1.0,AV9D-3-CAVSMLSGSFNKLTF-AJ4_BV3-CASSQYLRDNQDTQYF-BJ2-5,0.17997610340713935,32
D7C,0.98,1.0,AV16/DV11-CAMREGGGYKVVF-AJ12_BV13-2-CASGARTYNYAEQFF-BJ2-1,0.3754066479614433,12
D7C,0.98,1.0,AV11-CVVGRRYGSSGNKLIF-AJ32_BV19-CASSTDRGLNSPLYF-BJ1-6,0.15490659913650914,8
D7C,0.98,1.0,AV7-5-CAVRPGTGSNRLTF-AJ28_BV14-CASRYRGEQYF-BJ2-7,0.40332611358618115,19
D7C,0.98,1.0,AV5D-4-CAASENSNYQLIW-AJ33_BV4-CASSQNTLYF-BJ2-4,0.259026175385782,7
D7C,0.98,1.0,AV13-2-CAIDPNYNVLYF-AJ21_BV13-3-CASSDWGNYAEQFF-BJ2-1,0.27288432559517445,5
D7C,0.975,1.0,AV9-2-CVLSARSGGSNAKLTF-AJ42_BV1-CTCSSQNTLYF-BJ2-4,0.26963588480450573,5
D7C,0.975,1.0,AV12D-2-CALDYANKMIF-AJ47_BV14-CASSFRAEQFF-BJ2-1,0.2720574705973434,13
D7C,0.975,1.0,AV10-CAASIASSSFSKLVF-AJ50_BV1-CTCSATNNQAPLF-BJ1-5,0.18166259047724673,9
D7C,0.975,1.0,AV8N-2-CATESQGGRALIF-AJ15_BV3-CASSDRAGQDTQYF-BJ2-5,0.24665092693907165,11
D7C,0.975,1.0,AV3D-3-CAVSDYNVLYF-AJ21_BV3-CASSQYLRDNQDTQYF-BJ2-5,0.32103198643045733,39
D7C,0.975,1.0,AV6-6-CALGEEEWATGGNNKLTF-AJ56_BV1-CTCSTRGANERLFF-BJ1-4,0.20097377775853897,59
D7C,0.975,1.0,AV7-4-CAASERGASSSFSKLVF-AJ50_BV1-CTCSATNNQAPLF-BJ1-5,0.23843155329796042,11
D7C,0.975,1.0,AV10N-CAASMDTGGLSGKLTF-AJ2_BV16-CASSLNWGANYAEQFF-BJ2-1,0.3862799600838669,13
D7C,0.975,1.0,AV3-3-CAVSMDNNAPRF-AJ43_BV1-CTCSAVGGDTQYF-BJ2-5,0.5822015803269407,5
D7C,0.975,1.0,AV12-3-CALSDDTNKVVF-AJ34_BV13-2-CASGDKISYNSPLYF-BJ1-6,0.256728611627097,10
D7C,0.975,1.0,AV8D-2-CATDGQGGRALIF-AJ15_BV29-CASSLGTSGNTLYF-BJ1-3,0.5076905528695296,5
D7C,0.975,1.0,AV16/DV11-CAMREVDTNAYKVIF-AJ30_BV13-1-CASSDGLNSDYTF-BJ1-2,0.3126198829089291,5
D7C,0.975,1.0,AV1-CAVRPNNNNAPRF-AJ43_BV13-2-CASGARTYNYAEQFF-BJ2-1,0.515995076940996,16
D7C,0.975,1.0,AV14-2-CAANYGSSGNKLIF-AJ32_BV1-CTCSAVRVQNTLYF-BJ2-4,0.23159289933162422,5
D7C,0.975,1.0,AV9D-3-CAVSMLSGSFNKLTF-AJ4_BV3-CASSQYLRDNQDTQYF-BJ2-5,0.17997610340713935,32
D7C,0.975,1.0,AV16/DV11-CAMREGGGYKVVF-AJ12_BV13-2-CASGARTYNYAEQFF-BJ2-1,0.3754066479614433,12
D7C,0.975,1.0,AV11-CVVGRRYGSSGNKLIF-AJ32_BV19-CASSTDRGLNSPLYF-BJ1-6,0.15490659913650914,8
D7C,0.975,1.0,AV7-5-CAVRPGTGSNRLTF-AJ28_BV14-CASRYRGEQYF-BJ2-7,0.40332611358618115,19
D7C,0.975,1.0,AV5D-4-CAASENSNYQLIW-AJ33_BV4-CASSQNTLYF-BJ2-4,0.259026175385782,7
D7C,0.975,1.0,AV13-2-CAIDPNYNVLYF-AJ21_BV13-3-CASSDWGNYAEQFF-BJ2-1,0.27288432559517445,5
D7C,0.97,1.0,AV9-2-CVLSARSGGSNAKLTF-AJ42_BV1-CTCSSQNTLYF-BJ2-4,0.26963588480450573,5
D7C,0.97,1.0,AV12D-2-CALDYANKMIF-AJ47_BV14-CASSFRAEQFF-BJ2-1,0.2720574705973434,13
D7C,0.97,1.0,AV10-CAASIASSSFSKLVF-AJ50_BV1-CTCSATNNQAPLF-BJ1-5,0.18166259047724673,9
D7C,0.97,1.0,AV8N-2-CATESQGGRALIF-AJ15_BV3-CASSDRAGQDTQYF-BJ2-5,0.24665092693907165,11
D7C,0.97,1.0,AV3D-3-CAVSDYNVLYF-AJ21_BV3-CASSQYLRDNQDTQYF-BJ2-5,0.32103198643045733,39
D7C,0.97,1.0,AV6-6-CALGEEEWATGGNNKLTF-AJ56_BV1-CTCSTRGANERLFF-BJ1-4,0.20097377775853897,59
D7C,0.97,1.0,AV7-4-CAASERGASSSFSKLVF-AJ50_BV1-CTCSATNNQAPLF-BJ1-5,0.23843155329796042,11
D7C,0.97,1.0,AV10N-CAASMDTGGLSGKLTF-AJ2_BV16-CASSLNWGANYAEQFF-BJ2-1,0.3862799600838669,13
D7C,0.97,1.0,AV3-3-CAVSMDNNAPRF-AJ43_BV1-CTCSAVGGDTQYF-BJ2-5,0.5822015803269407,5
D7C,0.97,1.0,AV12-3-CALSDDTNKVVF-AJ34_BV13-2-CASGDKISYNSPLYF-BJ1-6,0.256728611627097,10
D7C,0.97,1.0,AV8D-2-CATDGQGGRALIF-AJ15_BV29-CASSLGTSGNTLYF-BJ1-3,0.5076905528695296,5
D7C,0.97,1.0,AV16/DV11-CAMREVDTNAYKVIF-AJ30_BV13-1-CASSDGLNSDYTF-BJ1-2,0.3126198829089291,5
D7C,0.97,1.0,AV1-CAVRPNNNNAPRF-AJ43_BV13-2-CASGARTYNYAEQFF-BJ2-1,0.515995076940996,16
D7C,0.97,1.0,AV14-2-CAANYGSSGNKLIF-AJ32_BV1-CTCSAVRVQNTLYF-BJ2-4,0.23159289933162422,5
D7C,0.97,1.0,AV9D-3-CAVSMLSGSFNKLTF-AJ4_BV3-CASSQYLRDNQDTQYF-BJ2-5,0.17997610340713935,32
D7C,0.97,1.0,AV16/DV11-CAMREGGGYKVVF-AJ12_BV13-2-CASGARTYNYAEQFF-BJ2-1,0.3754066479614433,12
D7C,0.97,1.0,AV11-CVVGRRYGSSGNKLIF-AJ32_BV19-CASSTDRGLNSPLYF-BJ1-6,0.15490659913650914,8
D7C,0.97,1.0,AV7-5-CAVRPGTGSNRLTF-AJ28_BV14-CASRYRGEQYF-BJ2-7,0.40332611358618115,19
D7C,0.97,1.0,AV5D-4-CAASENSNYQLIW-AJ33_BV4-CASSQNTLYF-BJ2-4,0.259026175385782,7
D7C,0.97,1.0,AV13-2-CAIDPNYNVLYF-AJ21_BV13-3-CASSDWGNYAEQFF-BJ2-1,0.27288432559517445,5
D7C,0.965,1.0,AV9-2-CVLSARSGGSNAKLTF-AJ42_BV1-CTCSSQNTLYF-BJ2-4,0.26963588480450573,5
D7C,0.965,1.0,AV12D-2-CALDYANKMIF-AJ47_BV14-CASSFRAEQFF-BJ2-1,0.2720574705973434,13
D7C,0.965,1.0,AV10-CAASIASSSFSKLVF-AJ50_BV1-CTCSATNNQAPLF-BJ1-5,0.18166259047724673,9
D7C,0.965,1.0,AV8N-2-CATESQGGRALIF-AJ15_BV3-CASSDRAGQDTQYF-BJ2-5,0.24665092693907165,11
D7C,0.965,1.0,AV3D-3-CAVSDYNVLYF-AJ21_BV3-CASSQYLRDNQDTQYF-BJ2-5,0.32103198643045733,39
D7C,0.965,1.0,AV6-6-CALGEEEWATGGNNKLTF-AJ56_BV1-CTCSTRGANERLFF-BJ1-4,0.20097377775853897,59
D7C,0.965,1.0,AV7-4-CAASERGASSSFSKLVF-AJ50_BV1-CTCSATNNQAPLF-BJ1-5,0.23843155329796042,11
D7C,0.965,1.0,AV10N-CAASMDTGGLSGKLTF-AJ2_BV16-CASSLNWGANYAEQFF-BJ2-1,0.3862799600838669,13
D7C,0.965,1.0,AV3-3-CAVSMDNNAPRF-AJ43_BV1-CTCSAVGGDTQYF-BJ2-5,0.5822015803269407,5
D7C,0.965,1.0,AV12-3-CALSDDTNKVVF-AJ34_BV13-2-CASGDKISYNSPLYF-BJ1-6,0.256728611627097,10
D7C,0.965,1.0,AV8D-2-CATDGQGGRALIF-AJ15_BV29-CASSLGTSGNTLYF-BJ1-3,0.5076905528695296,5
D7C,0.965,1.0,AV16/DV11-CAMREVDTNAYKVIF-AJ30_BV13-1-CASSDGLNSDYTF-BJ1-2,0.3126198829089291,5
D7C,0.965,1.0,AV1-CAVRPNNNNAPRF-AJ43_BV13-2-CASGARTYNYAEQFF-BJ2-1,0.515995076940996,16
D7C,0.965,1.0,AV14-2-CAANYGSSGNKLIF-AJ32_BV1-CTCSAVRVQNTLYF-BJ2-4,0.23159289933162422,5
D7C,0.965,1.0,AV9D-3-CAVSMLSGSFNKLTF-AJ4_BV3-CASSQYLRDNQDTQYF-BJ2-5,0.17997610340713935,32
D7C,0.965,1.0,AV16/DV11-CAMREGGGYKVVF-AJ12_BV13-2-CASGARTYNYAEQFF-BJ2-1,0.3754066479614433,12
D7C,0.965,1.0,AV11-CVVGRRYGSSGNKLIF-AJ32_BV19-CASSTDRGLNSPLYF-BJ1-6,0.15490659913650914,8
D7C,0.965,1.0,AV7-5-CAVRPGTGSNRLTF-AJ28_BV14-CASRYRGEQYF-BJ2-7,0.40332611358618115,19
D7C,0.965,1.0,AV5D-4-CAASENSNYQLIW-AJ33_BV4-CASSQNTLYF-BJ2-4,0.259026175385782,7
D7C,0.965,1.0,AV13-2-CAIDPNYNVLYF-AJ21_BV13-3-CASSDWGNYAEQFF-BJ2-1,0.27288432559517445,5
D7C,0.96,1.0,AV9-2-CVLSARSGGSNAKLTF-AJ42_BV1-CTCSSQNTLYF-BJ2-4,0.26963588480450573,5
D7C,0.96,1.0,AV12D-2-CALDYANKMIF-AJ47_BV14-CASSFRAEQFF-BJ2-1,0.2720574705973434,13
D7C,0.96,1.0,AV10-CAASIASSSFSKLVF-AJ50_BV1-CTCSATNNQAPLF-BJ1-5,0.18166259047724673,9
D7C,0.96,1.0,AV8N-2-CATESQGGRALIF-AJ15_BV3-CASSDRAGQDTQYF-BJ2-5,0.24665092693907165,11
D7C,0.96,1.0,AV3D-3-CAVSDYNVLYF-AJ21_BV3-CASSQYLRDNQDTQYF-BJ2-5,0.32103198643045733,39
D7C,0.96,1.0,AV6-6-CALGEEEWATGGNNKLTF-AJ56_BV1-CTCSTRGANERLFF-BJ1-4,0.20097377775853897,59
D7C,0.96,1.0,AV7-4-CAASERGASSSFSKLVF-AJ50_BV1-CTCSATNNQAPLF-BJ1-5,0.23843155329796042,11
D7C,0.96,1.0,AV10N-CAASMDTGGLSGKLTF-AJ2_BV16-CASSLNWGANYAEQFF-BJ2-1,0.3862799600838669,13
D7C,0.96,1.0,AV3-3-CAVSMDNNAPRF-AJ43_BV1-CTCSAVGGDTQYF-BJ2-5,0.5822015803269407,5
D7C,0.96,1.0,AV12-3-CALSDDTNKVVF-AJ34_BV13-2-CASGDKISYNSPLYF-BJ1-6,0.256728611627097,10
D7C,0.96,1.0,AV8D-2-CATDGQGGRALIF-AJ15_BV29-CASSLGTSGNTLYF-BJ1-3,0.5076905528695296,5
D7C,0.96,1.0,AV16/DV11-CAMREVDTNAYKVIF-AJ30_BV13-1-CASSDGLNSDYTF-BJ1-2,0.3126198829089291,5
D7C,0.96,1.0,AV1-CAVRPNNNNAPRF-AJ43_BV13-2-CASGARTYNYAEQFF-BJ2-1,0.515995076940996,16
D7C,0.96,1.0,AV14-2-CAANYGSSGNKLIF-AJ32_BV1-CTCSAVRVQNTLYF-BJ2-4,0.23159289933162422,5
D7C,0.96,1.0,AV9D-3-CAVSMLSGSFNKLTF-AJ4_BV3-CASSQYLRDNQDTQYF-BJ2-5,0.17997610340713935,32
D7C,0.96,1.0,AV16/DV11-CAMREGGGYKVVF-AJ12_BV13-2-CASGARTYNYAEQFF-BJ2-1,0.3754066479614433,12
D7C,0.96,1.0,AV11-CVVGRRYGSSGNKLIF-AJ32_BV19-CASSTDRGLNSPLYF-BJ1-6,0.15490659913650914,8
D7C,0.96,1.0,AV7-5-CAVRPGTGSNRLTF-AJ28_BV14-CASRYRGEQYF-BJ2-7,0.40332611358618115,19
D7C,0.96,1.0,AV5D-4-CAASENSNYQLIW-AJ33_BV4-CASSQNTLYF-BJ2-4,0.259026175385782,7
D7C,0.96,1.0,AV13-2-CAIDPNYNVLYF-AJ21_BV13-3-CASSDWGNYAEQFF-BJ2-1,0.27288432559517445,5
D7C,0.955,1.0850000000000133,AV9-2-CVLSARSGGSNAKLTF-AJ42_BV1-CTCSSQNTLYF-BJ2-4,0.26963588480450573,5
D7C,0.955,1.0850000000000133,AV12D-2-CALDYANKMIF-AJ47_BV14-CASSFRAEQFF-BJ2-1,0.2720574705973434,13
D7C,0.955,1.0850000000000133,AV10-CAASIASSSFSKLVF-AJ50_BV1-CTCSATNNQAPLF-BJ1-5,0.18166259047724673,9
D7C,0.955,1.0850000000000133,AV8N-2-CATESQGGRALIF-AJ15_BV3-CASSDRAGQDTQYF-BJ2-5,0.2736731474405634,10
D7C,0.955,1.0850000000000133,AV3D-3-CAVSDYNVLYF-AJ21_BV3-CASSQYLRDNQDTQYF-BJ2-5,0.32103198643045733,39
D7C,0.955,1.0850000000000133,AV6-6-CALGEEEWATGGNNKLTF-AJ56_BV1-CTCSTRGANERLFF-BJ1-4,0.1953823182503918,55
D7C,0.955,1.0850000000000133,AV7-4-CAASERGASSSFSKLVF-AJ50_BV1-CTCSATNNQAPLF-BJ1-5,0.24297968791158778,10
D7C,0.955,1.0850000000000133,AV10N-CAASMDTGGLSGKLTF-AJ2_BV16-CASSLNWGANYAEQFF-BJ2-1,0.3862799600838669,13
D7C,0.955,1.0850000000000133,AV3-3-CAVSMDNNAPRF-AJ43_BV1-CTCSAVGGDTQYF-BJ2-5,0.5822015803269407,5
D7C,0.955,1.0850000000000133,AV12-3-CALSDDTNKVVF-AJ34_BV13-2-CASGDKISYNSPLYF-BJ1-6,0.256728611627097,10
D7C,0.955,1.0850000000000133,AV8D-2-CATDGQGGRALIF-AJ15_BV29-CASSLGTSGNTLYF-BJ1-3,0.5076905528695296,5
D7C,0.955,1.0850000000000133,AV16/DV11-CAMREVDTNAYKVIF-AJ30_BV13-1-CASSDGLNSDYTF-BJ1-2,0.3126198829089291,5
D7C,0.955,1.0850000000000133,AV1-CAVRPNNNNAPRF-AJ43_BV13-2-CASGARTYNYAEQFF-BJ2-1,0.5574350480984086,15
D7C,0.955,1.0850000000000133,AV9D-3-CAVSMLSGSFNKLTF-AJ4_BV3-CASSQYLRDNQDTQYF-BJ2-5,0.17973523817543816,31
D7C,0.955,1.0850000000000133,AV16/DV11-CAMREGGGYKVVF-AJ12_BV13-2-CASGARTYNYAEQFF-BJ2-1,0.4005091957805857,11
D7C,0.955,1.0850000000000133,AV11-CVVGRRYGSSGNKLIF-AJ32_BV19-CASSTDRGLNSPLYF-BJ1-6,0.15490659913650914,8
D7C,0.955,1.0850000000000133,AV7-5-CAVRPGTGSNRLTF-AJ28_BV14-CASRYRGEQYF-BJ2-7,0.40332611358618115,19
D7C,0.955,1.0850000000000133,AV5D-4-CAASENSNYQLIW-AJ33_BV4-CASSQNTLYF-BJ2-4,0.259026175385782,7
D7C,0.955,1.0850000000000133,AV13-2-CAIDPNYNVLYF-AJ21_BV13-3-CASSDWGNYAEQFF-BJ2-1,0.27288432559517445,5
D7C,0.95,2.0,AV9-2-CVLSARSGGSNAKLTF-AJ42_BV1-CTCSSQNTLYF-BJ2-4,0.26963588480450573,5
D7C,0.95,2.0,AV12D-2-CALDYANKMIF-AJ47_BV14-CASSFRAEQFF-BJ2-1,0.2720574705973434,13
D7C,0.95,2.0,AV10-CAASIASSSFSKLVF-AJ50_BV1-CTCSATNNQAPLF-BJ1-5,0.18166259047724673,9
D7C,0.95,2.0,AV8N-2-CATESQGGRALIF-AJ15_BV3-CASSDRAGQDTQYF-BJ2-5,0.2736731474405634,10
D7C,0.95,2.0,AV3D-3-CAVSDYNVLYF-AJ21_BV3-CASSQYLRDNQDTQYF-BJ2-5,0.32103198643045733,39
D7C,0.95,2.0,AV6-6-CALGEEEWATGGNNKLTF-AJ56_BV1-CTCSTRGANERLFF-BJ1-4,0.1953823182503918,55
D7C,0.95,2.0,AV7-4-CAASERGASSSFSKLVF-AJ50_BV1-CTCSATNNQAPLF-BJ1-5,0.24297968791158778,10
D7C,0.95,2.0,AV10N-CAASMDTGGLSGKLTF-AJ2_BV16-CASSLNWGANYAEQFF-BJ2-1,0.3862799600838669,13
D7C,0.95,2.0,AV3-3-CAVSMDNNAPRF-AJ43_BV1-CTCSAVGGDTQYF-BJ2-5,0.5822015803269407,5
D7C,0.95,2.0,AV12-3-CALSDDTNKVVF-AJ34_BV13-2-CASGDKISYNSPLYF-BJ1-6,0.256728611627097,10
D7C,0.95,2.0,AV8D-2-CATDGQGGRALIF-AJ15_BV29-CASSLGTSGNTLYF-BJ1-3,0.5076905528695296,5
D7C,0.95,2.0,AV16/DV11-CAMREVDTNAYKVIF-AJ30_BV13-1-CASSDGLNSDYTF-BJ1-2,0.3126198829089291,5
D7C,0.95,2.0,AV1-CAVRPNNNNAPRF-AJ43_BV13-2-CASGARTYNYAEQFF-BJ2-1,0.5574350480984086,15
D7C,0.95,2.0,AV9D-3-CAVSMLSGSFNKLTF-AJ4_BV3-CASSQYLRDNQDTQYF-BJ2-5,0.17973523817543816,31
D7C,0.95,2.0,AV16/DV11-CAMREGGGYKVVF-AJ12_BV13-2-CASGARTYNYAEQFF-BJ2-1,0.4005091957805857,11
D7C,0.95,2.0,AV11-CVVGRRYGSSGNKLIF-AJ32_BV19-CASSTDRGLNSPLYF-BJ1-6,0.15490659913650914,8
D7C,0.95,2.0,AV7-5-CAVRPGTGSNRLTF-AJ28_BV14-CASRYRGEQYF-BJ2-7,0.40332611358618115,19
D7C,0.95,2.0,AV5D-4-CAASENSNYQLIW-AJ33_BV4-CASSQNTLYF-BJ2-4,0.259026175385782,7
D7C,0.95,2.0,AV13-2-CAIDPNYNVLYF-AJ21_BV13-3-CASSDWGNYAEQFF-BJ2-1,0.27288432559517445,5
D7C,0.945,2.0,AV9-2-CVLSARSGGSNAKLTF-AJ42_BV1-CTCSSQNTLYF-BJ2-4,0.26963588480450573,5
D7C,0.945,2.0,AV12D-2-CALDYANKMIF-AJ47_BV14-CASSFRAEQFF-BJ2-1,0.2720574705973434,13
D7C,0.945,2.0,AV10-CAASIASSSFSKLVF-AJ50_BV1-CTCSATNNQAPLF-BJ1-5,0.18166259047724673,9
D7C,0.945,2.0,AV8N-2-CATESQGGRALIF-AJ15_BV3-CASSDRAGQDTQYF-BJ2-5,0.2736731474405634,10
D7C,0.945,2.0,AV3D-3-CAVSDYNVLYF-AJ21_BV3-CASSQYLRDNQDTQYF-BJ2-5,0.32103198643045733,39
D7C,0.945,2.0,AV6-6-CALGEEEWATGGNNKLTF-AJ56_BV1-CTCSTRGANERLFF-BJ1-4,0.1953823182503918,55
D7C,0.945,2.0,AV7-4-CAASERGASSSFSKLVF-AJ50_BV1-CTCSATNNQAPLF-BJ1-5,0.24297968791158778,10
D7C,0.945,2.0,AV10N-CAASMDTGGLSGKLTF-AJ2_BV16-CASSLNWGANYAEQFF-BJ2-1,0.3862799600838669,13
D7C,0.945,2.0,AV3-3-CAVSMDNNAPRF-AJ43_BV1-CTCSAVGGDTQYF-BJ2-5,0.5822015803269407,5
D7C,0.945,2.0,AV12-3-CALSDDTNKVVF-AJ34_BV13-2-CASGDKISYNSPLYF-BJ1-6,0.256728611627097,10
D7C,0.945,2.0,AV8D-2-CATDGQGGRALIF-AJ15_BV29-CASSLGTSGNTLYF-BJ1-3,0.5076905528695296,5
D7C,0.945,2.0,AV16/DV11-CAMREVDTNAYKVIF-AJ30_BV13-1-CASSDGLNSDYTF-BJ1-2,0.3126198829089291,5
D7C,0.945,2.0,AV1-CAVRPNNNNAPRF-AJ43_BV13-2-CASGARTYNYAEQFF-BJ2-1,0.5574350480984086,15
D7C,0.945,2.0,AV9D-3-CAVSMLSGSFNKLTF-AJ4_BV3-CASSQYLRDNQDTQYF-BJ2-5,0.17973523817543816,31
D7C,0.945,2.0,AV16/DV11-CAMREGGGYKVVF-AJ12_BV13-2-CASGARTYNYAEQFF-BJ2-1,0.4005091957805857,11
D7C,0.945,2.0,AV11-CVVGRRYGSSGNKLIF-AJ32_BV19-CASSTDRGLNSPLYF-BJ1-6,0.15490659913650914,8
D7C,0.945,2.0,AV7-5-CAVRPGTGSNRLTF-AJ28_BV14-CASRYRGEQYF-BJ2-7,0.40332611358618115,19
D7C,0.945,2.0,AV5D-4-CAASENSNYQLIW-AJ33_BV4-CASSQNTLYF-BJ2-4,0.259026175385782,7
D7C,0.945,2.0,AV13-2-CAIDPNYNVLYF-AJ21_BV13-3-CASSDWGNYAEQFF-BJ2-1,0.27288432559517445,5
D7C,0.94,2.0,AV9-2-CVLSARSGGSNAKLTF-AJ42_BV1-CTCSSQNTLYF-BJ2-4,0.26963588480450573,5
D7C,0.94,2.0,AV12D-2-CALDYANKMIF-AJ47_BV14-CASSFRAEQFF-BJ2-1,0.2720574705973434,13
D7C,0.94,2.0,AV10-CAASIASSSFSKLVF-AJ50_BV1-CTCSATNNQAPLF-BJ1-5,0.18166259047724673,9
D7C,0.94,2.0,AV8N-2-CATESQGGRALIF-AJ15_BV3-CASSDRAGQDTQYF-BJ2-5,0.2736731474405634,10
D7C,0.94,2.0,AV3D-3-CAVSDYNVLYF-AJ21_BV3-CASSQYLRDNQDTQYF-BJ2-5,0.32103198643045733,39
D7C,0.94,2.0,AV6-6-CALGEEEWATGGNNKLTF-AJ56_BV1-CTCSTRGANERLFF-BJ1-4,0.1953823182503918,55
D7C,0.94,2.0,AV7-4-CAASERGASSSFSKLVF-AJ50_BV1-CTCSATNNQAPLF-BJ1-5,0.24297968791158778,10
D7C,0.94,2.0,AV10N-CAASMDTGGLSGKLTF-AJ2_BV16-CASSLNWGANYAEQFF-BJ2-1,0.3862799600838669,13
D7C,0.94,2.0,AV3-3-CAVSMDNNAPRF-AJ43_BV1-CTCSAVGGDTQYF-BJ2-5,0.5822015803269407,5
D7C,0.94,2.0,AV12-3-CALSDDTNKVVF-AJ34_BV13-2-CASGDKISYNSPLYF-BJ1-6,0.256728611627097,10
D7C,0.94,2.0,AV8D-2-CATDGQGGRALIF-AJ15_BV29-CASSLGTSGNTLYF-BJ1-3,0.5076905528695296,5
D7C,0.94,2.0,AV16/DV11-CAMREVDTNAYKVIF-AJ30_BV13-1-CASSDGLNSDYTF-BJ1-2,0.3126198829089291,5
D7C,0.94,2.0,AV1-CAVRPNNNNAPRF-AJ43_BV13-2-CASGARTYNYAEQFF-BJ2-1,0.5574350480984086,15
D7C,0.94,2.0,AV9D-3-CAVSMLSGSFNKLTF-AJ4_BV3-CASSQYLRDNQDTQYF-BJ2-5,0.17973523817543816,31
D7C,0.94,2.0,AV16/DV11-CAMREGGGYKVVF-AJ12_BV13-2-CASGARTYNYAEQFF-BJ2-1,0.4005091957805857,11
D7C,0.94,2.0,AV11-CVVGRRYGSSGNKLIF-AJ32_BV19-CASSTDRGLNSPLYF-BJ1-6,0.15490659913650914,8
D7C,0.94,2.0,AV7-5-CAVRPGTGSNRLTF-AJ28_BV14-CASRYRGEQYF-BJ2-7,0.40332611358618115,19
D7C,0.94,2.0,AV5D-4-CAASENSNYQLIW-AJ33_BV4-CASSQNTLYF-BJ2-4,0.259026175385782,7
D7C,0.94,2.0,AV13-2-CAIDPNYNVLYF-AJ21_BV13-3-CASSDWGNYAEQFF-BJ2-1,0.27288432559517445,5
D7C,0.935,2.0,AV9-2-CVLSARSGGSNAKLTF-AJ42_BV1-CTCSSQNTLYF-BJ2-4,0.26963588480450573,5
D7C,0.935,2.0,AV12D-2-CALDYANKMIF-AJ47_BV14-CASSFRAEQFF-BJ2-1,0.2720574705973434,13
D7C,0.935,2.0,AV10-CAASIASSSFSKLVF-AJ50_BV1-CTCSATNNQAPLF-BJ1-5,0.18166259047724673,9
D7C,0.935,2.0,AV8N-2-CATESQGGRALIF-AJ15_BV3-CASSDRAGQDTQYF-BJ2-5,0.2736731474405634,10
D7C,0.935,2.0,AV3D-3-CAVSDYNVLYF-AJ21_BV3-CASSQYLRDNQDTQYF-BJ2-5,0.32103198643045733,39
D7C,0.935,2.0,AV6-6-CALGEEEWATGGNNKLTF-AJ56_BV1-CTCSTRGANERLFF-BJ1-4,0.1953823182503918,55
D7C,0.935,2.0,AV7-4-CAASERGASSSFSKLVF-AJ50_BV1-CTCSATNNQAPLF-BJ1-5,0.24297968791158778,10
D7C,0.935,2.0,AV10N-CAASMDTGGLSGKLTF-AJ2_BV16-CASSLNWGANYAEQFF-BJ2-1,0.3862799600838669,13
D7C,0.935,2.0,AV3-3-CAVSMDNNAPRF-AJ43_BV1-CTCSAVGGDTQYF-BJ2-5,0.5822015803269407,5
D7C,0.935,2.0,AV12-3-CALSDDTNKVVF-AJ34_BV13-2-CASGDKISYNSPLYF-BJ1-6,0.256728611627097,10
D7C,0.935,2.0,AV8D-2-CATDGQGGRALIF-AJ15_BV29-CASSLGTSGNTLYF-BJ1-3,0.5076905528695296,5
D7C,0.935,2.0,AV16/DV11-CAMREVDTNAYKVIF-AJ30_BV13-1-CASSDGLNSDYTF-BJ1-2,0.3126198829089291,5
D7C,0.935,2.0,AV1-CAVRPNNNNAPRF-AJ43_BV13-2-CASGARTYNYAEQFF-BJ2-1,0.5574350480984086,15
D7C,0.935,2.0,AV9D-3-CAVSMLSGSFNKLTF-AJ4_BV3-CASSQYLRDNQDTQYF-BJ2-5,0.17973523817543816,31
D7C,0.935,2.0,AV16/DV11-CAMREGGGYKVVF-AJ12_BV13-2-CASGARTYNYAEQFF-BJ2-1,0.4005091957805857,11
D7C,0.935,2.0,AV11-CVVGRRYGSSGNKLIF-AJ32_BV19-CASSTDRGLNSPLYF-BJ1-6,0.15490659913650914,8
D7C,0.935,2.0,AV7-5-CAVRPGTGSNRLTF-AJ28_BV14-CASRYRGEQYF-BJ2-7,0.40332611358618115,19
D7C,0.935,2.0,AV5D-4-CAASENSNYQLIW-AJ33_BV4-CASSQNTLYF-BJ2-4,0.259026175385782,7
D7C,0.935,2.0,AV13-2-CAIDPNYNVLYF-AJ21_BV13-3-CASSDWGNYAEQFF-BJ2-1,0.27288432559517445,5
D7C,0.9299999999999999,2.0,AV9-2-CVLSARSGGSNAKLTF-AJ42_BV1-CTCSSQNTLYF-BJ2-4,0.26963588480450573,5
D7C,0.9299999999999999,2.0,AV12D-2-CALDYANKMIF-AJ47_BV14-CASSFRAEQFF-BJ2-1,0.2720574705973434,13
D7C,0.9299999999999999,2.0,AV10-CAASIASSSFSKLVF-AJ50_BV1-CTCSATNNQAPLF-BJ1-5,0.18166259047724673,9
D7C,0.9299999999999999,2.0,AV8N-2-CATESQGGRALIF-AJ15_BV3-CASSDRAGQDTQYF-BJ2-5,0.2736731474405634,10
D7C,0.9299999999999999,2.0,AV3D-3-CAVSDYNVLYF-AJ21_BV3-CASSQYLRDNQDTQYF-BJ2-5,0.32103198643045733,39
D7C,0.9299999999999999,2.0,AV6-6-CALGEEEWATGGNNKLTF-AJ56_BV1-CTCSTRGANERLFF-BJ1-4,0.1953823182503918,55
D7C,0.9299999999999999,2.0,AV7-4-CAASERGASSSFSKLVF-AJ50_BV1-CTCSATNNQAPLF-BJ1-5,0.24297968791158778,10
D7C,0.9299999999999999,2.0,AV10N-CAASMDTGGLSGKLTF-AJ2_BV16-CASSLNWGANYAEQFF-BJ2-1,0.3862799600838669,13
D7C,0.9299999999999999,2.0,AV3-3-CAVSMDNNAPRF-AJ43_BV1-CTCSAVGGDTQYF-BJ2-5,0.5822015803269407,5
D7C,0.9299999999999999,2.0,AV12-3-CALSDDTNKVVF-AJ34_BV13-2-CASGDKISYNSPLYF-BJ1-6,0.256728611627097,10
D7C,0.9299999999999999,2.0,AV8D-2-CATDGQGGRALIF-AJ15_BV29-CASSLGTSGNTLYF-BJ1-3,0.5076905528695296,5
D7C,0.9299999999999999,2.0,AV16/DV11-CAMREVDTNAYKVIF-AJ30_BV13-1-CASSDGLNSDYTF-BJ1-2,0.3126198829089291,5
D7C,0.9299999999999999,2.0,AV1-CAVRPNNNNAPRF-AJ43_BV13-2-CASGARTYNYAEQFF-BJ2-1,0.5574350480984086,15
D7C,0.9299999999999999,2.0,AV9D-3-CAVSMLSGSFNKLTF-AJ4_BV3-CASSQYLRDNQDTQYF-BJ2-5,0.17973523817543816,31
D7C,0.9299999999999999,2.0,AV16/DV11-CAMREGGGYKVVF-AJ12_BV13-2-CASGARTYNYAEQFF-BJ2-1,0.4005091957805857,11
D7C,0.9299999999999999,2.0,AV11-CVVGRRYGSSGNKLIF-AJ32_BV19-CASSTDRGLNSPLYF-BJ1-6,0.15490659913650914,8
D7C,0.9299999999999999,2.0,AV7-5-CAVRPGTGSNRLTF-AJ28_BV14-CASRYRGEQYF-BJ2-7,0.40332611358618115,19
D7C,0.9299999999999999,2.0,AV5D-4-CAASENSNYQLIW-AJ33_BV4-CASSQNTLYF-BJ2-4,0.259026175385782,7
D7C,0.9299999999999999,2.0,AV13-2-CAIDPNYNVLYF-AJ21_BV13-3-CASSDWGNYAEQFF-BJ2-1,0.27288432559517445,5
D7C,0.925,2.0,AV9-2-CVLSARSGGSNAKLTF-AJ42_BV1-CTCSSQNTLYF-BJ2-4,0.26963588480450573,5
D7C,0.925,2.0,AV12D-2-CALDYANKMIF-AJ47_BV14-CASSFRAEQFF-BJ2-1,0.2720574705973434,13
D7C,0.925,2.0,AV10-CAASIASSSFSKLVF-AJ50_BV1-CTCSATNNQAPLF-BJ1-5,0.18166259047724673,9
D7C,0.925,2.0,AV8N-2-CATESQGGRALIF-AJ15_BV3-CASSDRAGQDTQYF-BJ2-5,0.2736731474405634,10
D7C,0.925,2.0,AV3D-3-CAVSDYNVLYF-AJ21_BV3-CASSQYLRDNQDTQYF-BJ2-5,0.32103198643045733,39
D7C,0.925,2.0,AV6-6-CALGEEEWATGGNNKLTF-AJ56_BV1-CTCSTRGANERLFF-BJ1-4,0.1953823182503918,55
D7C,0.925,2.0,AV7-4-CAASERGASSSFSKLVF-AJ50_BV1-CTCSATNNQAPLF-BJ1-5,0.24297968791158778,10
D7C,0.925,2.0,AV10N-CAASMDTGGLSGKLTF-AJ2_BV16-CASSLNWGANYAEQFF-BJ2-1,0.3862799600838669,13
D7C,0.925,2.0,AV3-3-CAVSMDNNAPRF-AJ43_BV1-CTCSAVGGDTQYF-BJ2-5,0.5822015803269407,5
D7C,0.925,2.0,AV12-3-CALSDDTNKVVF-AJ34_BV13-2-CASGDKISYNSPLYF-BJ1-6,0.256728611627097,10
D7C,0.925,2.0,AV8D-2-CATDGQGGRALIF-AJ15_BV29-CASSLGTSGNTLYF-BJ1-3,0.5076905528695296,5
D7C,0.925,2.0,AV16/DV11-CAMREVDTNAYKVIF-AJ30_BV13-1-CASSDGLNSDYTF-BJ1-2,0.3126198829089291,5
D7C,0.925,2.0,AV1-CAVRPNNNNAPRF-AJ43_BV13-2-CASGARTYNYAEQFF-BJ2-1,0.5574350480984086,15
D7C,0.925,2.0,AV9D-3-CAVSMLSGSFNKLTF-AJ4_BV3-CASSQYLRDNQDTQYF-BJ2-5,0.17973523817543816,31
D7C,0.925,2.0,AV16/DV11-CAMREGGGYKVVF-AJ12_BV13-2-CASGARTYNYAEQFF-BJ2-1,0.4005091957805857,11
D7C,0.925,2.0,AV11-CVVGRRYGSSGNKLIF-AJ32_BV19-CASSTDRGLNSPLYF-BJ1-6,0.15490659913650914,8
D7C,0.925,2.0,AV7-5-CAVRPGTGSNRLTF-AJ28_BV14-CASRYRGEQYF-BJ2-7,0.40332611358618115,19
D7C,0.925,2.0,AV5D-4-CAASENSNYQLIW-AJ33_BV4-CASSQNTLYF-BJ2-4,0.259026175385782,7
D7C,0.925,2.0,AV13-2-CAIDPNYNVLYF-AJ21_BV13-3-CASSDWGNYAEQFF-BJ2-1,0.27288432559517445,5
D7C,0.92,2.0,AV9-2-CVLSARSGGSNAKLTF-AJ42_BV1-CTCSSQNTLYF-BJ2-4,0.26963588480450573,5
D7C,0.92,2.0,AV12D-2-CALDYANKMIF-AJ47_BV14-CASSFRAEQFF-BJ2-1,0.2720574705973434,13
D7C,0.92,2.0,AV10-CAASIASSSFSKLVF-AJ50_BV1-CTCSATNNQAPLF-BJ1-5,0.18166259047724673,9
D7C,0.92,2.0,AV8N-2-CATESQGGRALIF-AJ15_BV3-CASSDRAGQDTQYF-BJ2-5,0.2736731474405634,10
D7C,0.92,2.0,AV3D-3-CAVSDYNVLYF-AJ21_BV3-CASSQYLRDNQDTQYF-BJ2-5,0.32103198643045733,39
D7C,0.92,2.0,AV6-6-CALGEEEWATGGNNKLTF-AJ56_BV1-CTCSTRGANERLFF-BJ1-4,0.1953823182503918,55
D7C,0.92,2.0,AV7-4-CAASERGASSSFSKLVF-AJ50_BV1-CTCSATNNQAPLF-BJ1-5,0.24297968791158778,10
D7C,0.92,2.0,AV10N-CAASMDTGGLSGKLTF-AJ2_BV16-CASSLNWGANYAEQFF-BJ2-1,0.3862799600838669,13
D7C,0.92,2.0,AV3-3-CAVSMDNNAPRF-AJ43_BV1-CTCSAVGGDTQYF-BJ2-5,0.5822015803269407,5
D7C,0.92,2.0,AV12-3-CALSDDTNKVVF-AJ34_BV13-2-CASGDKISYNSPLYF-BJ1-6,0.256728611627097,10
D7C,0.92,2.0,AV8D-2-CATDGQGGRALIF-AJ15_BV29-CASSLGTSGNTLYF-BJ1-3,0.5076905528695296,5
D7C,0.92,2.0,AV16/DV11-CAMREVDTNAYKVIF-AJ30_BV13-1-CASSDGLNSDYTF-BJ1-2,0.3126198829089291,5
D7C,0.92,2.0,AV1-CAVRPNNNNAPRF-AJ43_BV13-2-CASGARTYNYAEQFF-BJ2-1,0.5574350480984086,15
D7C,0.92,2.0,AV9D-3-CAVSMLSGSFNKLTF-AJ4_BV3-CASSQYLRDNQDTQYF-BJ2-5,0.17973523817543816,31
D7C,0.92,2.0,AV16/DV11-CAMREGGGYKVVF-AJ12_BV13-2-CASGARTYNYAEQFF-BJ2-1,0.4005091957805857,11
D7C,0.92,2.0,AV11-CVVGRRYGSSGNKLIF-AJ32_BV19-CASSTDRGLNSPLYF-BJ1-6,0.15490659913650914,8
D7C,0.92,2.0,AV7-5-CAVRPGTGSNRLTF-AJ28_BV14-CASRYRGEQYF-BJ2-7,0.40332611358618115,19
D7C,0.92,2.0,AV5D-4-CAASENSNYQLIW-AJ33_BV4-CASSQNTLYF-BJ2-4,0.259026175385782,7
D7C,0.92,2.0,AV13-2-CAIDPNYNVLYF-AJ21_BV13-3-CASSDWGNYAEQFF-BJ2-1,0.27288432559517445,5
D7C,0.915,2.6049999999999898,AV9-2-CVLSARSGGSNAKLTF-AJ42_BV1-CTCSSQNTLYF-BJ2-4,0.26963588480450573,5
D7C,0.915,2.6049999999999898,AV12D-2-CALDYANKMIF-AJ47_BV14-CASSFRAEQFF-BJ2-1,0.2720574705973434,13
D7C,0.915,2.6049999999999898,AV10-CAASIASSSFSKLVF-AJ50_BV1-CTCSATNNQAPLF-BJ1-5,0.159657366890584,8
D7C,0.915,2.6049999999999898,AV8N-2-CATESQGGRALIF-AJ15_BV3-CASSDRAGQDTQYF-BJ2-5,0.27969980418455226,8
D7C,0.915,2.6049999999999898,AV3D-3-CAVSDYNVLYF-AJ21_BV3-CASSQYLRDNQDTQYF-BJ2-5,0.32554167424482566,38
D7C,0.915,2.6049999999999898,AV6-6-CALGEEEWATGGNNKLTF-AJ56_BV1-CTCSTRGANERLFF-BJ1-4,0.2059809704119003,52
D7C,0.915,2.6049999999999898,AV7-4-CAASERGASSSFSKLVF-AJ50_BV1-CTCSATNNQAPLF-BJ1-5,0.24297968791158778,10
D7C,0.915,2.6049999999999898,AV10N-CAASMDTGGLSGKLTF-AJ2_BV16-CASSLNWGANYAEQFF-BJ2-1,0.3862799600838669,13
D7C,0.915,2.6049999999999898,AV3-3-CAVSMDNNAPRF-AJ43_BV1-CTCSAVGGDTQYF-BJ2-5,0.5822015803269407,5
D7C,0.915,2.6049999999999898,AV12-3-CALSDDTNKVVF-AJ34_BV13-2-CASGDKISYNSPLYF-BJ1-6,0.26134319908481163,9
D7C,0.915,2.6049999999999898,AV8D-2-CATDGQGGRALIF-AJ15_BV29-CASSLGTSGNTLYF-BJ1-3,0.5076905528695296,5
D7C,0.915,2.6049999999999898,AV16/DV11-CAMREVDTNAYKVIF-AJ30_BV13-1-CASSDGLNSDYTF-BJ1-2,0.3126198829089291,5
D7C,0.915,2.6049999999999898,AV1-CAVRPNNNNAPRF-AJ43_BV13-2-CASGARTYNYAEQFF-BJ2-1,0.6187008758054371,13
D7C,0.915,2.6049999999999898,AV9D-3-CAVSMLSGSFNKLTF-AJ4_BV3-CASSQYLRDNQDTQYF-BJ2-5,0.18892255841357192,30
D7C,0.915,2.6049999999999898,AV16/DV11-CAMREGGGYKVVF-AJ12_BV13-2-CASGARTYNYAEQFF-BJ2-1,0.4005091957805857,11
D7C,0.915,2.6049999999999898,AV11-CVVGRRYGSSGNKLIF-AJ32_BV19-CASSTDRGLNSPLYF-BJ1-6,0.1546627827707035,7
D7C,0.915,2.6049999999999898,AV7-5-CAVRPGTGSNRLTF-AJ28_BV14-CASRYRGEQYF-BJ2-7,0.40332611358618115,19
D7C,0.915,2.6049999999999898,AV5D-4-CAASENSNYQLIW-AJ33_BV4-CASSQNTLYF-BJ2-4,0.259026175385782,7
D7C,0.915,2.6049999999999898,AV13-2-CAIDPNYNVLYF-AJ21_BV13-3-CASSDWGNYAEQFF-BJ2-1,0.27288432559517445,5
D7C,0.91,3.0,AV9-2-CVLSARSGGSNAKLTF-AJ42_BV1-CTCSSQNTLYF-BJ2-4,0.26963588480450573,5
D7C,0.91,3.0,AV12D-2-CALDYANKMIF-AJ47_BV14-CASSFRAEQFF-BJ2-1,0.2720574705973434,13
D7C,0.91,3.0,AV10-CAASIASSSFSKLVF-AJ50_BV1-CTCSATNNQAPLF-BJ1-5,0.159657366890584,8
D7C,0.91,3.0,AV8N-2-CATESQGGRALIF-AJ15_BV3-CASSDRAGQDTQYF-BJ2-5,0.27969980418455226,8
D7C,0.91,3.0,AV3D-3-CAVSDYNVLYF-AJ21_BV3-CASSQYLRDNQDTQYF-BJ2-5,0.32554167424482566,38
D7C,0.91,3.0,AV6-6-CALGEEEWATGGNNKLTF-AJ56_BV1-CTCSTRGANERLFF-BJ1-4,0.2059809704119003,52
D7C,0.91,3.0,AV7-4-CAASERGASSSFSKLVF-AJ50_BV1-CTCSATNNQAPLF-BJ1-5,0.24297968791158778,10
D7C,0.91,3.0,AV10N-CAASMDTGGLSGKLTF-AJ2_BV16-CASSLNWGANYAEQFF-BJ2-1,0.3862799600838669,13
D7C,0.91,3.0,AV3-3-CAVSMDNNAPRF-AJ43_BV1-CTCSAVGGDTQYF-BJ2-5,0.5822015803269407,5
D7C,0.91,3.0,AV12-3-CALSDDTNKVVF-AJ34_BV13-2-CASGDKISYNSPLYF-BJ1-6,0.26134319908481163,9
D7C,0.91,3.0,AV8D-2-CATDGQGGRALIF-AJ15_BV29-CASSLGTSGNTLYF-BJ1-3,0.5076905528695296,5
D7C,0.91,3.0,AV16/DV11-CAMREVDTNAYKVIF-AJ30_BV13-1-CASSDGLNSDYTF-BJ1-2,0.3126198829089291,5
D7C,0.91,3.0,AV1-CAVRPNNNNAPRF-AJ43_BV13-2-CASGARTYNYAEQFF-BJ2-1,0.6187008758054371,13
D7C,0.91,3.0,AV9D-3-CAVSMLSGSFNKLTF-AJ4_BV3-CASSQYLRDNQDTQYF-BJ2-5,0.18892255841357192,30
D7C,0.91,3.0,AV16/DV11-CAMREGGGYKVVF-AJ12_BV13-2-CASGARTYNYAEQFF-BJ2-1,0.4005091957805857,11
D7C,0.91,3.0,AV11-CVVGRRYGSSGNKLIF-AJ32_BV19-CASSTDRGLNSPLYF-BJ1-6,0.1546627827707035,7
D7C,0.91,3.0,AV7-5-CAVRPGTGSNRLTF-AJ28_BV14-CASRYRGEQYF-BJ2-7,0.40332611358618115,19
D7C,0.91,3.0,AV5D-4-CAASENSNYQLIW-AJ33_BV4-CASSQNTLYF-BJ2-4,0.259026175385782,7
D7C,0.91,3.0,AV13-2-CAIDPNYNVLYF-AJ21_BV13-3-CASSDWGNYAEQFF-BJ2-1,0.27288432559517445,5
D7C,0.905,3.0,AV9-2-CVLSARSGGSNAKLTF-AJ42_BV1-CTCSSQNTLYF-BJ2-4,0.26963588480450573,5
D7C,0.905,3.0,AV12D-2-CALDYANKMIF-AJ47_BV14-CASSFRAEQFF-BJ2-1,0.2720574705973434,13
D7C,0.905,3.0,AV10-CAASIASSSFSKLVF-AJ50_BV1-CTCSATNNQAPLF-BJ1-5,0.159657366890584,8
D7C,0.905,3.0,AV8N-2-CATESQGGRALIF-AJ15_BV3-CASSDRAGQDTQYF-BJ2-5,0.27969980418455226,8
D7C,0.905,3.0,AV3D-3-CAVSDYNVLYF-AJ21_BV3-CASSQYLRDNQDTQYF-BJ2-5,0.32554167424482566,38
D7C,0.905,3.0,AV6-6-CALGEEEWATGGNNKLTF-AJ56_BV1-CTCSTRGANERLFF-BJ1-4,0.2059809704119003,52
D7C,0.905,3.0,AV7-4-CAASERGASSSFSKLVF-AJ50_BV1-CTCSATNNQAPLF-BJ1-5,0.24297968791158778,10
D7C,0.905,3.0,AV10N-CAASMDTGGLSGKLTF-AJ2_BV16-CASSLNWGANYAEQFF-BJ2-1,0.3862799600838669,13
D7C,0.905,3.0,AV3-3-CAVSMDNNAPRF-AJ43_BV1-CTCSAVGGDTQYF-BJ2-5,0.5822015803269407,5
D7C,0.905,3.0,AV12-3-CALSDDTNKVVF-AJ34_BV13-2-CASGDKISYNSPLYF-BJ1-6,0.26134319908481163,9
D7C,0.905,3.0,AV8D-2-CATDGQGGRALIF-AJ15_BV29-CASSLGTSGNTLYF-BJ1-3,0.5076905528695296,5
D7C,0.905,3.0,AV16/DV11-CAMREVDTNAYKVIF-AJ30_BV13-1-CASSDGLNSDYTF-BJ1-2,0.3126198829089291,5
D7C,0.905,3.0,AV1-CAVRPNNNNAPRF-AJ43_BV13-2-CASGARTYNYAEQFF-BJ2-1,0.6187008758054371,13
D7C,0.905,3.0,AV9D-3-CAVSMLSGSFNKLTF-AJ4_BV3-CASSQYLRDNQDTQYF-BJ2-5,0.18892255841357192,30
D7C,0.905,3.0,AV16/DV11-CAMREGGGYKVVF-AJ12_BV13-2-CASGARTYNYAEQFF-BJ2-1,0.4005091957805857,11
D7C,0.905,3.0,AV11-CVVGRRYGSSGNKLIF-AJ32_BV19-CASSTDRGLNSPLYF-BJ1-6,0.1546627827707035,7
D7C,0.905,3.0,AV7-5-CAVRPGTGSNRLTF-AJ28_BV14-CASRYRGEQYF-BJ2-7,0.40332611358618115,19
D7C,0.905,3.0,AV5D-4-CAASENSNYQLIW-AJ33_BV4-CASSQNTLYF-BJ2-4,0.259026175385782,7
D7C,0.905,3.0,AV13-2-CAIDPNYNVLYF-AJ21_BV13-3-CASSDWGNYAEQFF-BJ2-1,0.27288432559517445,5
D7C,0.9,3.0,AV9-2-CVLSARSGGSNAKLTF-AJ42_BV1-CTCSSQNTLYF-BJ2-4,0.26963588480450573,5
D7C,0.9,3.0,AV12D-2-CALDYANKMIF-AJ47_BV14-CASSFRAEQFF-BJ2-1,0.2720574705973434,13
D7C,0.9,3.0,AV10-CAASIASSSFSKLVF-AJ50_BV1-CTCSATNNQAPLF-BJ1-5,0.159657366890584,8
D7C,0.9,3.0,AV8N-2-CATESQGGRALIF-AJ15_BV3-CASSDRAGQDTQYF-BJ2-5,0.27969980418455226,8
D7C,0.9,3.0,AV3D-3-CAVSDYNVLYF-AJ21_BV3-CASSQYLRDNQDTQYF-BJ2-5,0.32554167424482566,38
D7C,0.9,3.0,AV6-6-CALGEEEWATGGNNKLTF-AJ56_BV1-CTCSTRGANERLFF-BJ1-4,0.2059809704119003,52
D7C,0.9,3.0,AV7-4-CAASERGASSSFSKLVF-AJ50_BV1-CTCSATNNQAPLF-BJ1-5,0.24297968791158778,10
D7C,0.9,3.0,AV10N-CAASMDTGGLSGKLTF-AJ2_BV16-CASSLNWGANYAEQFF-BJ2-1,0.3862799600838669,13
D7C,0.9,3.0,AV3-3-CAVSMDNNAPRF-AJ43_BV1-CTCSAVGGDTQYF-BJ2-5,0.5822015803269407,5
D7C,0.9,3.0,AV12-3-CALSDDTNKVVF-AJ34_BV13-2-CASGDKISYNSPLYF-BJ1-6,0.26134319908481163,9
D7C,0.9,3.0,AV8D-2-CATDGQGGRALIF-AJ15_BV29-CASSLGTSGNTLYF-BJ1-3,0.5076905528695296,5
D7C,0.9,3.0,AV16/DV11-CAMREVDTNAYKVIF-AJ30_BV13-1-CASSDGLNSDYTF-BJ1-2,0.3126198829089291,5
D7C,0.9,3.0,AV1-CAVRPNNNNAPRF-AJ43_BV13-2-CASGARTYNYAEQFF-BJ2-1,0.6187008758054371,13
D7C,0.9,3.0,AV9D-3-CAVSMLSGSFNKLTF-AJ4_BV3-CASSQYLRDNQDTQYF-BJ2-5,0.18892255841357192,30
D7C,0.9,3.0,AV16/DV11-CAMREGGGYKVVF-AJ12_BV13-2-CASGARTYNYAEQFF-BJ2-1,0.4005091957805857,11
D7C,0.9,3.0,AV11-CVVGRRYGSSGNKLIF-AJ32_BV19-CASSTDRGLNSPLYF-BJ1-6,0.1546627827707035,7
D7C,0.9,3.0,AV7-5-CAVRPGTGSNRLTF-AJ28_BV14-CASRYRGEQYF-BJ2-7,0.40332611358618115,19
D7C,0.9,3.0,AV5D-4-CAASENSNYQLIW-AJ33_BV4-CASSQNTLYF-BJ2-4,0.259026175385782,7
D7C,0.9,3.0,AV13-2-CAIDPNYNVLYF-AJ21_BV13-3-CASSDWGNYAEQFF-BJ2-1,0.27288432559517445,5
D7C,0.895,3.0,AV9-2-CVLSARSGGSNAKLTF-AJ42_BV1-CTCSSQNTLYF-BJ2-4,0.26963588480450573,5
D7C,0.895,3.0,AV12D-2-CALDYANKMIF-AJ47_BV14-CASSFRAEQFF-BJ2-1,0.2720574705973434,13
D7C,0.895,3.0,AV10-CAASIASSSFSKLVF-AJ50_BV1-CTCSATNNQAPLF-BJ1-5,0.159657366890584,8
D7C,0.895,3.0,AV8N-2-CATESQGGRALIF-AJ15_BV3-CASSDRAGQDTQYF-BJ2-5,0.27969980418455226,8
D7C,0.895,3.0,AV3D-3-CAVSDYNVLYF-AJ21_BV3-CASSQYLRDNQDTQYF-BJ2-5,0.32554167424482566,38
D7C,0.895,3.0,AV6-6-CALGEEEWATGGNNKLTF-AJ56_BV1-CTCSTRGANERLFF-BJ1-4,0.2059809704119003,52
D7C,0.895,3.0,AV7-4-CAASERGASSSFSKLVF-AJ50_BV1-CTCSATNNQAPLF-BJ1-5,0.24297968791158778,10
D7C,0.895,3.0,AV10N-CAASMDTGGLSGKLTF-AJ2_BV16-CASSLNWGANYAEQFF-BJ2-1,0.3862799600838669,13
D7C,0.895,3.0,AV3-3-CAVSMDNNAPRF-AJ43_BV1-CTCSAVGGDTQYF-BJ2-5,0.5822015803269407,5
D7C,0.895,3.0,AV12-3-CALSDDTNKVVF-AJ34_BV13-2-CASGDKISYNSPLYF-BJ1-6,0.26134319908481163,9
D7C,0.895,3.0,AV8D-2-CATDGQGGRALIF-AJ15_BV29-CASSLGTSGNTLYF-BJ1-3,0.5076905528695296,5
D7C,0.895,3.0,AV16/DV11-CAMREVDTNAYKVIF-AJ30_BV13-1-CASSDGLNSDYTF-BJ1-2,0.3126198829089291,5
D7C,0.895,3.0,AV1-CAVRPNNNNAPRF-AJ43_BV13-2-CASGARTYNYAEQFF-BJ2-1,0.6187008758054371,13
D7C,0.895,3.0,AV9D-3-CAVSMLSGSFNKLTF-AJ4_BV3-CASSQYLRDNQDTQYF-BJ2-5,0.18892255841357192,30
D7C,0.895,3.0,AV16/DV11-CAMREGGGYKVVF-AJ12_BV13-2-CASGARTYNYAEQFF-BJ2-1,0.4005091957805857,11
D7C,0.895,3.0,AV11-CVVGRRYGSSGNKLIF-AJ32_BV19-CASSTDRGLNSPLYF-BJ1-6,0.1546627827707035,7
D7C,0.895,3.0,AV7-5-CAVRPGTGSNRLTF-AJ28_BV14-CASRYRGEQYF-BJ2-7,0.40332611358618115,19
D7C,0.895,3.0,AV5D-4-CAASENSNYQLIW-AJ33_BV4-CASSQNTLYF-BJ2-4,0.259026175385782,7
D7C,0.895,3.0,AV13-2-CAIDPNYNVLYF-AJ21_BV13-3-CASSDWGNYAEQFF-BJ2-1,0.27288432559517445,5
D7C,0.89,3.0,AV9-2-CVLSARSGGSNAKLTF-AJ42_BV1-CTCSSQNTLYF-BJ2-4,0.26963588480450573,5
D7C,0.89,3.0,AV12D-2-CALDYANKMIF-AJ47_BV14-CASSFRAEQFF-BJ2-1,0.2720574705973434,13
D7C,0.89,3.0,AV10-CAASIASSSFSKLVF-AJ50_BV1-CTCSATNNQAPLF-BJ1-5,0.159657366890584,8
D7C,0.89,3.0,AV8N-2-CATESQGGRALIF-AJ15_BV3-CASSDRAGQDTQYF-BJ2-5,0.27969980418455226,8
D7C,0.89,3.0,AV3D-3-CAVSDYNVLYF-AJ21_BV3-CASSQYLRDNQDTQYF-BJ2-5,0.32554167424482566,38
D7C,0.89,3.0,AV6-6-CALGEEEWATGGNNKLTF-AJ56_BV1-CTCSTRGANERLFF-BJ1-4,0.2059809704119003,52
D7C,0.89,3.0,AV7-4-CAASERGASSSFSKLVF-AJ50_BV1-CTCSATNNQAPLF-BJ1-5,0.24297968791158778,10
D7C,0.89,3.0,AV10N-CAASMDTGGLSGKLTF-AJ2_BV16-CASSLNWGANYAEQFF-BJ2-1,0.3862799600838669,13
D7C,0.89,3.0,AV3-3-CAVSMDNNAPRF-AJ43_BV1-CTCSAVGGDTQYF-BJ2-5,0.5822015803269407,5
D7C,0.89,3.0,AV12-3-CALSDDTNKVVF-AJ34_BV13-2-CASGDKISYNSPLYF-BJ1-6,0.26134319908481163,9
D7C,0.89,3.0,AV8D-2-CATDGQGGRALIF-AJ15_BV29-CASSLGTSGNTLYF-BJ1-3,0.5076905528695296,5
D7C,0.89,3.0,AV16/DV11-CAMREVDTNAYKVIF-AJ30_BV13-1-CASSDGLNSDYTF-BJ1-2,0.3126198829089291,5
D7C,0.89,3.0,AV1-CAVRPNNNNAPRF-AJ43_BV13-2-CASGARTYNYAEQFF-BJ2-1,0.6187008758054371,13
D7C,0.89,3.0,AV9D-3-CAVSMLSGSFNKLTF-AJ4_BV3-CASSQYLRDNQDTQYF-BJ2-5,0.18892255841357192,30
D7C,0.89,3.0,AV16/DV11-CAMREGGGYKVVF-AJ12_BV13-2-CASGARTYNYAEQFF-BJ2-1,0.4005091957805857,11
D7C,0.89,3.0,AV11-CVVGRRYGSSGNKLIF-AJ32_BV19-CASSTDRGLNSPLYF-BJ1-6,0.1546627827707035,7
D7C,0.89,3.0,AV7-5-CAVRPGTGSNRLTF-AJ28_BV14-CASRYRGEQYF-BJ2-7,0.40332611358618115,19
D7C,0.89,3.0,AV5D-4-CAASENSNYQLIW-AJ33_BV4-CASSQNTLYF-BJ2-4,0.259026175385782,7
D7C,0.89,3.0,AV13-2-CAIDPNYNVLYF-AJ21_BV13-3-CASSDWGNYAEQFF-BJ2-1,0.27288432559517445,5
D7C,0.885,3.0,AV9-2-CVLSARSGGSNAKLTF-AJ42_BV1-CTCSSQNTLYF-BJ2-4,0.26963588480450573,5
D7C,0.885,3.0,AV12D-2-CALDYANKMIF-AJ47_BV14-CASSFRAEQFF-BJ2-1,0.2720574705973434,13
D7C,0.885,3.0,AV10-CAASIASSSFSKLVF-AJ50_BV1-CTCSATNNQAPLF-BJ1-5,0.159657366890584,8
D7C,0.885,3.0,AV8N-2-CATESQGGRALIF-AJ15_BV3-CASSDRAGQDTQYF-BJ2-5,0.27969980418455226,8
D7C,0.885,3.0,AV3D-3-CAVSDYNVLYF-AJ21_BV3-CASSQYLRDNQDTQYF-BJ2-5,0.32554167424482566,38
D7C,0.885,3.0,AV6-6-CALGEEEWATGGNNKLTF-AJ56_BV1-CTCSTRGANERLFF-BJ1-4,0.2059809704119003,52
D7C,0.885,3.0,AV7-4-CAASERGASSSFSKLVF-AJ50_BV1-CTCSATNNQAPLF-BJ1-5,0.24297968791158778,10
D7C,0.885,3.0,AV10N-CAASMDTGGLSGKLTF-AJ2_BV16-CASSLNWGANYAEQFF-BJ2-1,0.3862799600838669,13
D7C,0.885,3.0,AV3-3-CAVSMDNNAPRF-AJ43_BV1-CTCSAVGGDTQYF-BJ2-5,0.5822015803269407,5
D7C,0.885,3.0,AV12-3-CALSDDTNKVVF-AJ34_BV13-2-CASGDKISYNSPLYF-BJ1-6,0.26134319908481163,9
D7C,0.885,3.0,AV8D-2-CATDGQGGRALIF-AJ15_BV29-CASSLGTSGNTLYF-BJ1-3,0.5076905528695296,5
D7C,0.885,3.0,AV16/DV11-CAMREVDTNAYKVIF-AJ30_BV13-1-CASSDGLNSDYTF-BJ1-2,0.3126198829089291,5
D7C,0.885,3.0,AV1-CAVRPNNNNAPRF-AJ43_BV13-2-CASGARTYNYAEQFF-BJ2-1,0.6187008758054371,13
D7C,0.885,3.0,AV9D-3-CAVSMLSGSFNKLTF-AJ4_BV3-CASSQYLRDNQDTQYF-BJ2-5,0.18892255841357192,30
D7C,0.885,3.0,AV16/DV11-CAMREGGGYKVVF-AJ12_BV13-2-CASGARTYNYAEQFF-BJ2-1,0.4005091957805857,11
D7C,0.885,3.0,AV11-CVVGRRYGSSGNKLIF-AJ32_BV19-CASSTDRGLNSPLYF-BJ1-6,0.1546627827707035,7
D7C,0.885,3.0,AV7-5-CAVRPGTGSNRLTF-AJ28_BV14-CASRYRGEQYF-BJ2-7,0.40332611358618115,19
D7C,0.885,3.0,AV5D-4-CAASENSNYQLIW-AJ33_BV4-CASSQNTLYF-BJ2-4,0.259026175385782,7
D7C,0.885,3.0,AV13-2-CAIDPNYNVLYF-AJ21_BV13-3-CASSDWGNYAEQFF-BJ2-1,0.27288432559517445,5
D7C,0.88,4.0,AV9-2-CVLSARSGGSNAKLTF-AJ42_BV1-CTCSSQNTLYF-BJ2-4,0.26963588480450573,5
D7C,0.88,4.0,AV12D-2-CALDYANKMIF-AJ47_BV14-CASSFRAEQFF-BJ2-1,0.29449316903382194,12
D7C,0.88,4.0,AV10-CAASIASSSFSKLVF-AJ50_BV1-CTCSATNNQAPLF-BJ1-5,0.19350321730053685,7
D7C,0.88,4.0,AV8N-2-CATESQGGRALIF-AJ15_BV3-CASSDRAGQDTQYF-BJ2-5,0.27969980418455226,8
D7C,0.88,4.0,AV3D-3-CAVSDYNVLYF-AJ21_BV3-CASSQYLRDNQDTQYF-BJ2-5,0.32554167424482566,38
D7C,0.88,4.0,AV6-6-CALGEEEWATGGNNKLTF-AJ56_BV1-CTCSTRGANERLFF-BJ1-4,0.21168340000646946,50
D7C,0.88,4.0,AV7-4-CAASERGASSSFSKLVF-AJ50_BV1-CTCSATNNQAPLF-BJ1-5,0.24297968791158778,10
D7C,0.88,4.0,AV10N-CAASMDTGGLSGKLTF-AJ2_BV16-CASSLNWGANYAEQFF-BJ2-1,0.3862799600838669,13
D7C,0.88,4.0,AV3-3-CAVSMDNNAPRF-AJ43_BV1-CTCSAVGGDTQYF-BJ2-5,0.5822015803269407,5
D7C,0.88,4.0,AV12-3-CALSDDTNKVVF-AJ34_BV13-2-CASGDKISYNSPLYF-BJ1-6,0.26134319908481163,9
D7C,0.88,4.0,AV8D-2-CATDGQGGRALIF-AJ15_BV29-CASSLGTSGNTLYF-BJ1-3,0.5076905528695296,5
D7C,0.88,4.0,AV16/DV11-CAMREVDTNAYKVIF-AJ30_BV13-1-CASSDGLNSDYTF-BJ1-2,0.3126198829089291,5
D7C,0.88,4.0,AV1-CAVRPNNNNAPRF-AJ43_BV13-2-CASGARTYNYAEQFF-BJ2-1,0.6187008758054371,13
D7C,0.88,4.0,AV9D-3-CAVSMLSGSFNKLTF-AJ4_BV3-CASSQYLRDNQDTQYF-BJ2-5,0.18929221602509896,29
D7C,0.88,4.0,AV16/DV11-CAMREGGGYKVVF-AJ12_BV13-2-CASGARTYNYAEQFF-BJ2-1,0.44104223760456174,10
D7C,0.88,4.0,AV11-CVVGRRYGSSGNKLIF-AJ32_BV19-CASSTDRGLNSPLYF-BJ1-6,0.1546627827707035,7
D7C,0.88,4.0,AV7-5-CAVRPGTGSNRLTF-AJ28_BV14-CASRYRGEQYF-BJ2-7,0.41694197664688987,17
D7C,0.88,4.0,AV5D-4-CAASENSNYQLIW-AJ33_BV4-CASSQNTLYF-BJ2-4,0.259026175385782,7
D7C,0.875,4.0,AV9-2-CVLSARSGGSNAKLTF-AJ42_BV1-CTCSSQNTLYF-BJ2-4,0.26963588480450573,5
D7C,0.875,4.0,AV12D-2-CALDYANKMIF-AJ47_BV14-CASSFRAEQFF-BJ2-1,0.29449316903382194,12
D7C,0.875,4.0,AV10-CAASIASSSFSKLVF-AJ50_BV1-CTCSATNNQAPLF-BJ1-5,0.19350321730053685,7
D7C,0.875,4.0,AV8N-2-CATESQGGRALIF-AJ15_BV3-CASSDRAGQDTQYF-BJ2-5,0.27969980418455226,8
D7C,0.875,4.0,AV3D-3-CAVSDYNVLYF-AJ21_BV3-CASSQYLRDNQDTQYF-BJ2-5,0.32554167424482566,38
D7C,0.875,4.0,AV6-6-CALGEEEWATGGNNKLTF-AJ56_BV1-CTCSTRGANERLFF-BJ1-4,0.21168340000646946,50
D7C,0.875,4.0,AV7-4-CAASERGASSSFSKLVF-AJ50_BV1-CTCSATNNQAPLF-BJ1-5,0.24297968791158778,10
D7C,0.875,4.0,AV10N-CAASMDTGGLSGKLTF-AJ2_BV16-CASSLNWGANYAEQFF-BJ2-1,0.3862799600838669,13
D7C,0.875,4.0,AV3-3-CAVSMDNNAPRF-AJ43_BV1-CTCSAVGGDTQYF-BJ2-5,0.5822015803269407,5
D7C,0.875,4.0,AV12-3-CALSDDTNKVVF-AJ34_BV13-2-CASGDKISYNSPLYF-BJ1-6,0.26134319908481163,9
D7C,0.875,4.0,AV8D-2-CATDGQGGRALIF-AJ15_BV29-CASSLGTSGNTLYF-BJ1-3,0.5076905528695296,5
D7C,0.875,4.0,AV16/DV11-CAMREVDTNAYKVIF-AJ30_BV13-1-CASSDGLNSDYTF-BJ1-2,0.3126198829089291,5
D7C,0.875,4.0,AV1-CAVRPNNNNAPRF-AJ43_BV13-2-CASGARTYNYAEQFF-BJ2-1,0.6187008758054371,13
D7C,0.875,4.0,AV9D-3-CAVSMLSGSFNKLTF-AJ4_BV3-CASSQYLRDNQDTQYF-BJ2-5,0.18929221602509896,29
D7C,0.875,4.0,AV16/DV11-CAMREGGGYKVVF-AJ12_BV13-2-CASGARTYNYAEQFF-BJ2-1,0.44104223760456174,10
D7C,0.875,4.0,AV11-CVVGRRYGSSGNKLIF-AJ32_BV19-CASSTDRGLNSPLYF-BJ1-6,0.1546627827707035,7
D7C,0.875,4.0,AV7-5-CAVRPGTGSNRLTF-AJ28_BV14-CASRYRGEQYF-BJ2-7,0.41694197664688987,17
D7C,0.875,4.0,AV5D-4-CAASENSNYQLIW-AJ33_BV4-CASSQNTLYF-BJ2-4,0.259026175385782,7
D7C,0.87,4.0,AV9-2-CVLSARSGGSNAKLTF-AJ42_BV1-CTCSSQNTLYF-BJ2-4,0.26963588480450573,5
D7C,0.87,4.0,AV12D-2-CALDYANKMIF-AJ47_BV14-CASSFRAEQFF-BJ2-1,0.29449316903382194,12
D7C,0.87,4.0,AV10-CAASIASSSFSKLVF-AJ50_BV1-CTCSATNNQAPLF-BJ1-5,0.19350321730053685,7
D7C,0.87,4.0,AV8N-2-CATESQGGRALIF-AJ15_BV3-CASSDRAGQDTQYF-BJ2-5,0.27969980418455226,8
D7C,0.87,4.0,AV3D-3-CAVSDYNVLYF-AJ21_BV3-CASSQYLRDNQDTQYF-BJ2-5,0.32554167424482566,38
D7C,0.87,4.0,AV6-6-CALGEEEWATGGNNKLTF-AJ56_BV1-CTCSTRGANERLFF-BJ1-4,0.21168340000646946,50
D7C,0.87,4.0,AV7-4-CAASERGASSSFSKLVF-AJ50_BV1-CTCSATNNQAPLF-BJ1-5,0.24297968791158778,10
D7C,0.87,4.0,AV10N-CAASMDTGGLSGKLTF-AJ2_BV16-CASSLNWGANYAEQFF-BJ2-1,0.3862799600838669,13
D7C,0.87,4.0,AV3-3-CAVSMDNNAPRF-AJ43_BV1-CTCSAVGGDTQYF-BJ2-5,0.5822015803269407,5
D7C,0.87,4.0,AV12-3-CALSDDTNKVVF-AJ34_BV13-2-CASGDKISYNSPLYF-BJ1-6,0.26134319908481163,9
D7C,0.87,4.0,AV8D-2-CATDGQGGRALIF-AJ15_BV29-CASSLGTSGNTLYF-BJ1-3,0.5076905528695296,5
D7C,0.87,4.0,AV16/DV11-CAMREVDTNAYKVIF-AJ30_BV13-1-CASSDGLNSDYTF-BJ1-2,0.3126198829089291,5
D7C,0.87,4.0,AV1-CAVRPNNNNAPRF-AJ43_BV13-2-CASGARTYNYAEQFF-BJ2-1,0.6187008758054371,13
D7C,0.87,4.0,AV9D-3-CAVSMLSGSFNKLTF-AJ4_BV3-CASSQYLRDNQDTQYF-BJ2-5,0.18929221602509896,29
D7C,0.87,4.0,AV16/DV11-CAMREGGGYKVVF-AJ12_BV13-2-CASGARTYNYAEQFF-BJ2-1,0.44104223760456174,10
D7C,0.87,4.0,AV11-CVVGRRYGSSGNKLIF-AJ32_BV19-CASSTDRGLNSPLYF-BJ1-6,0.1546627827707035,7
D7C,0.87,4.0,AV7-5-CAVRPGTGSNRLTF-AJ28_BV14-CASRYRGEQYF-BJ2-7,0.41694197664688987,17
D7C,0.87,4.0,AV5D-4-CAASENSNYQLIW-AJ33_BV4-CASSQNTLYF-BJ2-4,0.259026175385782,7
D7C,0.865,4.0,AV9-2-CVLSARSGGSNAKLTF-AJ42_BV1-CTCSSQNTLYF-BJ2-4,0.26963588480450573,5
D7C,0.865,4.0,AV12D-2-CALDYANKMIF-AJ47_BV14-CASSFRAEQFF-BJ2-1,0.29449316903382194,12
D7C,0.865,4.0,AV10-CAASIASSSFSKLVF-AJ50_BV1-CTCSATNNQAPLF-BJ1-5,0.19350321730053685,7
D7C,0.865,4.0,AV8N-2-CATESQGGRALIF-AJ15_BV3-CASSDRAGQDTQYF-BJ2-5,0.27969980418455226,8
D7C,0.865,4.0,AV3D-3-CAVSDYNVLYF-AJ21_BV3-CASSQYLRDNQDTQYF-BJ2-5,0.32554167424482566,38
D7C,0.865,4.0,AV6-6-CALGEEEWATGGNNKLTF-AJ56_BV1-CTCSTRGANERLFF-BJ1-4,0.21168340000646946,50
D7C,0.865,4.0,AV7-4-CAASERGASSSFSKLVF-AJ50_BV1-CTCSATNNQAPLF-BJ1-5,0.24297968791158778,10
D7C,0.865,4.0,AV10N-CAASMDTGGLSGKLTF-AJ2_BV16-CASSLNWGANYAEQFF-BJ2-1,0.3862799600838669,13
D7C,0.865,4.0,AV3-3-CAVSMDNNAPRF-AJ43_BV1-CTCSAVGGDTQYF-BJ2-5,0.5822015803269407,5
D7C,0.865,4.0,AV12-3-CALSDDTNKVVF-AJ34_BV13-2-CASGDKISYNSPLYF-BJ1-6,0.26134319908481163,9
D7C,0.865,4.0,AV8D-2-CATDGQGGRALIF-AJ15_BV29-CASSLGTSGNTLYF-BJ1-3,0.5076905528695296,5
D7C,0.865,4.0,AV16/DV11-CAMREVDTNAYKVIF-AJ30_BV13-1-CASSDGLNSDYTF-BJ1-2,0.3126198829089291,5
D7C,0.865,4.0,AV1-CAVRPNNNNAPRF-AJ43_BV13-2-CASGARTYNYAEQFF-BJ2-1,0.6187008758054371,13
D7C,0.865,4.0,AV9D-3-CAVSMLSGSFNKLTF-AJ4_BV3-CASSQYLRDNQDTQYF-BJ2-5,0.18929221602509896,29
D7C,0.865,4.0,AV16/DV11-CAMREGGGYKVVF-AJ12_BV13-2-CASGARTYNYAEQFF-BJ2-1,0.44104223760456174,10
D7C,0.865,4.0,AV11-CVVGRRYGSSGNKLIF-AJ32_BV19-CASSTDRGLNSPLYF-BJ1-6,0.1546627827707035,7
D7C,0.865,4.0,AV7-5-CAVRPGTGSNRLTF-AJ28_BV14-CASRYRGEQYF-BJ2-7,0.41694197664688987,17
D7C,0.865,4.0,AV5D-4-CAASENSNYQLIW-AJ33_BV4-CASSQNTLYF-BJ2-4,0.259026175385782,7
D7C,0.86,4.0,AV9-2-CVLSARSGGSNAKLTF-AJ42_BV1-CTCSSQNTLYF-BJ2-4,0.26963588480450573,5
D7C,0.86,4.0,AV12D-2-CALDYANKMIF-AJ47_BV14-CASSFRAEQFF-BJ2-1,0.29449316903382194,12
D7C,0.86,4.0,AV10-CAASIASSSFSKLVF-AJ50_BV1-CTCSATNNQAPLF-BJ1-5,0.19350321730053685,7
D7C,0.86,4.0,AV8N-2-CATESQGGRALIF-AJ15_BV3-CASSDRAGQDTQYF-BJ2-5,0.27969980418455226,8
D7C,0.86,4.0,AV3D-3-CAVSDYNVLYF-AJ21_BV3-CASSQYLRDNQDTQYF-BJ2-5,0.32554167424482566,38
D7C,0.86,4.0,AV6-6-CALGEEEWATGGNNKLTF-AJ56_BV1-CTCSTRGANERLFF-BJ1-4,0.21168340000646946,50
D7C,0.86,4.0,AV7-4-CAASERGASSSFSKLVF-AJ50_BV1-CTCSATNNQAPLF-BJ1-5,0.24297968791158778,10
D7C,0.86,4.0,AV10N-CAASMDTGGLSGKLTF-AJ2_BV16-CASSLNWGANYAEQFF-BJ2-1,0.3862799600838669,13
D7C,0.86,4.0,AV3-3-CAVSMDNNAPRF-AJ43_BV1-CTCSAVGGDTQYF-BJ2-5,0.5822015803269407,5
D7C,0.86,4.0,AV12-3-CALSDDTNKVVF-AJ34_BV13-2-CASGDKISYNSPLYF-BJ1-6,0.26134319908481163,9
D7C,0.86,4.0,AV8D-2-CATDGQGGRALIF-AJ15_BV29-CASSLGTSGNTLYF-BJ1-3,0.5076905528695296,5
D7C,0.86,4.0,AV16/DV11-CAMREVDTNAYKVIF-AJ30_BV13-1-CASSDGLNSDYTF-BJ1-2,0.3126198829089291,5
D7C,0.86,4.0,AV1-CAVRPNNNNAPRF-AJ43_BV13-2-CASGARTYNYAEQFF-BJ2-1,0.6187008758054371,13
D7C,0.86,4.0,AV9D-3-CAVSMLSGSFNKLTF-AJ4_BV3-CASSQYLRDNQDTQYF-BJ2-5,0.18929221602509896,29
D7C,0.86,4.0,AV16/DV11-CAMREGGGYKVVF-AJ12_BV13-2-CASGARTYNYAEQFF-BJ2-1,0.44104223760456174,10
D7C,0.86,4.0,AV11-CVVGRRYGSSGNKLIF-AJ32_BV19-CASSTDRGLNSPLYF-BJ1-6,0.1546627827707035,7
D7C,0.86,4.0,AV7-5-CAVRPGTGSNRLTF-AJ28_BV14-CASRYRGEQYF-BJ2-7,0.41694197664688987,17
D7C,0.86,4.0,AV5D-4-CAASENSNYQLIW-AJ33_BV4-CASSQNTLYF-BJ2-4,0.259026175385782,7
D7C,0.855,4.0,AV9-2-CVLSARSGGSNAKLTF-AJ42_BV1-CTCSSQNTLYF-BJ2-4,0.26963588480450573,5
D7C,0.855,4.0,AV12D-2-CALDYANKMIF-AJ47_BV14-CASSFRAEQFF-BJ2-1,0.29449316903382194,12
D7C,0.855,4.0,AV10-CAASIASSSFSKLVF-AJ50_BV1-CTCSATNNQAPLF-BJ1-5,0.19350321730053685,7
D7C,0.855,4.0,AV8N-2-CATESQGGRALIF-AJ15_BV3-CASSDRAGQDTQYF-BJ2-5,0.27969980418455226,8
D7C,0.855,4.0,AV3D-3-CAVSDYNVLYF-AJ21_BV3-CASSQYLRDNQDTQYF-BJ2-5,0.32554167424482566,38
D7C,0.855,4.0,AV6-6-CALGEEEWATGGNNKLTF-AJ56_BV1-CTCSTRGANERLFF-BJ1-4,0.21168340000646946,50
D7C,0.855,4.0,AV7-4-CAASERGASSSFSKLVF-AJ50_BV1-CTCSATNNQAPLF-BJ1-5,0.24297968791158778,10
D7C,0.855,4.0,AV10N-CAASMDTGGLSGKLTF-AJ2_BV16-CASSLNWGANYAEQFF-BJ2-1,0.3862799600838669,13
D7C,0.855,4.0,AV3-3-CAVSMDNNAPRF-AJ43_BV1-CTCSAVGGDTQYF-BJ2-5,0.5822015803269407,5
D7C,0.855,4.0,AV12-3-CALSDDTNKVVF-AJ34_BV13-2-CASGDKISYNSPLYF-BJ1-6,0.26134319908481163,9
D7C,0.855,4.0,AV8D-2-CATDGQGGRALIF-AJ15_BV29-CASSLGTSGNTLYF-BJ1-3,0.5076905528695296,5
D7C,0.855,4.0,AV16/DV11-CAMREVDTNAYKVIF-AJ30_BV13-1-CASSDGLNSDYTF-BJ1-2,0.3126198829089291,5
D7C,0.855,4.0,AV1-CAVRPNNNNAPRF-AJ43_BV13-2-CASGARTYNYAEQFF-BJ2-1,0.6187008758054371,13
D7C,0.855,4.0,AV9D-3-CAVSMLSGSFNKLTF-AJ4_BV3-CASSQYLRDNQDTQYF-BJ2-5,0.18929221602509896,29
D7C,0.855,4.0,AV16/DV11-CAMREGGGYKVVF-AJ12_BV13-2-CASGARTYNYAEQFF-BJ2-1,0.44104223760456174,10
D7C,0.855,4.0,AV11-CVVGRRYGSSGNKLIF-AJ32_BV19-CASSTDRGLNSPLYF-BJ1-6,0.1546627827707035,7
D7C,0.855,4.0,AV7-5-CAVRPGTGSNRLTF-AJ28_BV14-CASRYRGEQYF-BJ2-7,0.41694197664688987,17
D7C,0.855,4.0,AV5D-4-CAASENSNYQLIW-AJ33_BV4-CASSQNTLYF-BJ2-4,0.259026175385782,7
D7C,0.85,4.0,AV9-2-CVLSARSGGSNAKLTF-AJ42_BV1-CTCSSQNTLYF-BJ2-4,0.26963588480450573,5
D7C,0.85,4.0,AV12D-2-CALDYANKMIF-AJ47_BV14-CASSFRAEQFF-BJ2-1,0.29449316903382194,12
D7C,0.85,4.0,AV10-CAASIASSSFSKLVF-AJ50_BV1-CTCSATNNQAPLF-BJ1-5,0.19350321730053685,7
D7C,0.85,4.0,AV8N-2-CATESQGGRALIF-AJ15_BV3-CASSDRAGQDTQYF-BJ2-5,0.27969980418455226,8
D7C,0.85,4.0,AV3D-3-CAVSDYNVLYF-AJ21_BV3-CASSQYLRDNQDTQYF-BJ2-5,0.32554167424482566,38
D7C,0.85,4.0,AV6-6-CALGEEEWATGGNNKLTF-AJ56_BV1-CTCSTRGANERLFF-BJ1-4,0.21168340000646946,50
D7C,0.85,4.0,AV7-4-CAASERGASSSFSKLVF-AJ50_BV1-CTCSATNNQAPLF-BJ1-5,0.24297968791158778,10
D7C,0.85,4.0,AV10N-CAASMDTGGLSGKLTF-AJ2_BV16-CASSLNWGANYAEQFF-BJ2-1,0.3862799600838669,13
D7C,0.85,4.0,AV3-3-CAVSMDNNAPRF-AJ43_BV1-CTCSAVGGDTQYF-BJ2-5,0.5822015803269407,5
D7C,0.85,4.0,AV12-3-CALSDDTNKVVF-AJ34_BV13-2-CASGDKISYNSPLYF-BJ1-6,0.26134319908481163,9
D7C,0.85,4.0,AV8D-2-CATDGQGGRALIF-AJ15_BV29-CASSLGTSGNTLYF-BJ1-3,0.5076905528695296,5
D7C,0.85,4.0,AV16/DV11-CAMREVDTNAYKVIF-AJ30_BV13-1-CASSDGLNSDYTF-BJ1-2,0.3126198829089291,5
D7C,0.85,4.0,AV1-CAVRPNNNNAPRF-AJ43_BV13-2-CASGARTYNYAEQFF-BJ2-1,0.6187008758054371,13
D7C,0.85,4.0,AV9D-3-CAVSMLSGSFNKLTF-AJ4_BV3-CASSQYLRDNQDTQYF-BJ2-5,0.18929221602509896,29
D7C,0.85,4.0,AV16/DV11-CAMREGGGYKVVF-AJ12_BV13-2-CASGARTYNYAEQFF-BJ2-1,0.44104223760456174,10
D7C,0.85,4.0,AV11-CVVGRRYGSSGNKLIF-AJ32_BV19-CASSTDRGLNSPLYF-BJ1-6,0.1546627827707035,7
D7C,0.85,4.0,AV7-5-CAVRPGTGSNRLTF-AJ28_BV14-CASRYRGEQYF-BJ2-7,0.41694197664688987,17
D7C,0.85,4.0,AV5D-4-CAASENSNYQLIW-AJ33_BV4-CASSQNTLYF-BJ2-4,0.259026175385782,7
D7C,0.845,4.515000000000008,AV9-2-CVLSARSGGSNAKLTF-AJ42_BV1-CTCSSQNTLYF-BJ2-4,0.26963588480450573,5
D7C,0.845,4.515000000000008,AV12D-2-CALDYANKMIF-AJ47_BV14-CASSFRAEQFF-BJ2-1,0.29449316903382194,12
D7C,0.845,4.515000000000008,AV10-CAASIASSSFSKLVF-AJ50_BV1-CTCSATNNQAPLF-BJ1-5,0.19350321730053685,7
D7C,0.845,4.515000000000008,AV8N-2-CATESQGGRALIF-AJ15_BV3-CASSDRAGQDTQYF-BJ2-5,0.2607709809764075,6
D7C,0.845,4.515000000000008,AV3D-3-CAVSDYNVLYF-AJ21_BV3-CASSQYLRDNQDTQYF-BJ2-5,0.32554167424482566,38
D7C,0.845,4.515000000000008,AV6-6-CALGEEEWATGGNNKLTF-AJ56_BV1-CTCSTRGANERLFF-BJ1-4,0.22522948278490293,44
D7C,0.845,4.515000000000008,AV7-4-CAASERGASSSFSKLVF-AJ50_BV1-CTCSATNNQAPLF-BJ1-5,0.24297968791158778,10
D7C,0.845,4.515000000000008,AV10N-CAASMDTGGLSGKLTF-AJ2_BV16-CASSLNWGANYAEQFF-BJ2-1,0.3862799600838669,13
D7C,0.845,4.515000000000008,AV3-3-CAVSMDNNAPRF-AJ43_BV1-CTCSAVGGDTQYF-BJ2-5,0.5822015803269407,5
D7C,0.845,4.515000000000008,AV12-3-CALSDDTNKVVF-AJ34_BV13-2-CASGDKISYNSPLYF-BJ1-6,0.2420909550889911,8
D7C,0.845,4.515000000000008,AV8D-2-CATDGQGGRALIF-AJ15_BV29-CASSLGTSGNTLYF-BJ1-3,0.5076905528695296,5
D7C,0.845,4.515000000000008,AV16/DV11-CAMREVDTNAYKVIF-AJ30_BV13-1-CASSDGLNSDYTF-BJ1-2,0.3126198829089291,5
D7C,0.845,4.515000000000008,AV1-CAVRPNNNNAPRF-AJ43_BV13-2-CASGARTYNYAEQFF-BJ2-1,0.6182571053113985,12
D7C,0.845,4.515000000000008,AV9D-3-CAVSMLSGSFNKLTF-AJ4_BV3-CASSQYLRDNQDTQYF-BJ2-5,0.19457824540918545,28
D7C,0.845,4.515000000000008,AV16/DV11-CAMREGGGYKVVF-AJ12_BV13-2-CASGARTYNYAEQFF-BJ2-1,0.44104223760456174,10
D7C,0.845,4.515000000000008,AV11-CVVGRRYGSSGNKLIF-AJ32_BV19-CASSTDRGLNSPLYF-BJ1-6,0.1546627827707035,7
D7C,0.845,4.515000000000008,AV7-5-CAVRPGTGSNRLTF-AJ28_BV14-CASRYRGEQYF-BJ2-7,0.42780595652555087,16
D7C,0.845,4.515000000000008,AV5D-4-CAASENSNYQLIW-AJ33_BV4-CASSQNTLYF-BJ2-4,0.259026175385782,7
D7C,0.84,5.0,AV9-2-CVLSARSGGSNAKLTF-AJ42_BV1-CTCSSQNTLYF-BJ2-4,0.26963588480450573,5
D7C,0.84,5.0,AV12D-2-CALDYANKMIF-AJ47_BV14-CASSFRAEQFF-BJ2-1,0.29449316903382194,12
D7C,0.84,5.0,AV10-CAASIASSSFSKLVF-AJ50_BV1-CTCSATNNQAPLF-BJ1-5,0.19350321730053685,7
D7C,0.84,5.0,AV8N-2-CATESQGGRALIF-AJ15_BV3-CASSDRAGQDTQYF-BJ2-5,0.2607709809764075,6
D7C,0.84,5.0,AV3D-3-CAVSDYNVLYF-AJ21_BV3-CASSQYLRDNQDTQYF-BJ2-5,0.32554167424482566,38
D7C,0.84,5.0,AV6-6-CALGEEEWATGGNNKLTF-AJ56_BV1-CTCSTRGANERLFF-BJ1-4,0.22522948278490293,44
D7C,0.84,5.0,AV7-4-CAASERGASSSFSKLVF-AJ50_BV1-CTCSATNNQAPLF-BJ1-5,0.24297968791158778,10
D7C,0.84,5.0,AV10N-CAASMDTGGLSGKLTF-AJ2_BV16-CASSLNWGANYAEQFF-BJ2-1,0.3862799600838669,13
D7C,0.84,5.0,AV3-3-CAVSMDNNAPRF-AJ43_BV1-CTCSAVGGDTQYF-BJ2-5,0.5822015803269407,5
D7C,0.84,5.0,AV12-3-CALSDDTNKVVF-AJ34_BV13-2-CASGDKISYNSPLYF-BJ1-6,0.2420909550889911,8
D7C,0.84,5.0,AV8D-2-CATDGQGGRALIF-AJ15_BV29-CASSLGTSGNTLYF-BJ1-3,0.5076905528695296,5
D7C,0.84,5.0,AV16/DV11-CAMREVDTNAYKVIF-AJ30_BV13-1-CASSDGLNSDYTF-BJ1-2,0.3126198829089291,5
D7C,0.84,5.0,AV1-CAVRPNNNNAPRF-AJ43_BV13-2-CASGARTYNYAEQFF-BJ2-1,0.6182571053113985,12
D7C,0.84,5.0,AV9D-3-CAVSMLSGSFNKLTF-AJ4_BV3-CASSQYLRDNQDTQYF-BJ2-5,0.19457824540918545,28
D7C,0.84,5.0,AV16/DV11-CAMREGGGYKVVF-AJ12_BV13-2-CASGARTYNYAEQFF-BJ2-1,0.44104223760456174,10
D7C,0.84,5.0,AV11-CVVGRRYGSSGNKLIF-AJ32_BV19-CASSTDRGLNSPLYF-BJ1-6,0.1546627827707035,7
D7C,0.84,5.0,AV7-5-CAVRPGTGSNRLTF-AJ28_BV14-CASRYRGEQYF-BJ2-7,0.42780595652555087,16
D7C,0.84,5.0,AV5D-4-CAASENSNYQLIW-AJ33_BV4-CASSQNTLYF-BJ2-4,0.259026175385782,7
D7C,0.835,5.0,AV9-2-CVLSARSGGSNAKLTF-AJ42_BV1-CTCSSQNTLYF-BJ2-4,0.26963588480450573,5
D7C,0.835,5.0,AV12D-2-CALDYANKMIF-AJ47_BV14-CASSFRAEQFF-BJ2-1,0.29449316903382194,12
D7C,0.835,5.0,AV10-CAASIASSSFSKLVF-AJ50_BV1-CTCSATNNQAPLF-BJ1-5,0.19350321730053685,7
D7C,0.835,5.0,AV8N-2-CATESQGGRALIF-AJ15_BV3-CASSDRAGQDTQYF-BJ2-5,0.2607709809764075,6
D7C,0.835,5.0,AV3D-3-CAVSDYNVLYF-AJ21_BV3-CASSQYLRDNQDTQYF-BJ2-5,0.32554167424482566,38
D7C,0.835,5.0,AV6-6-CALGEEEWATGGNNKLTF-AJ56_BV1-CTCSTRGANERLFF-BJ1-4,0.22522948278490293,44
D7C,0.835,5.0,AV7-4-CAASERGASSSFSKLVF-AJ50_BV1-CTCSATNNQAPLF-BJ1-5,0.24297968791158778,10
D7C,0.835,5.0,AV10N-CAASMDTGGLSGKLTF-AJ2_BV16-CASSLNWGANYAEQFF-BJ2-1,0.3862799600838669,13
D7C,0.835,5.0,AV3-3-CAVSMDNNAPRF-AJ43_BV1-CTCSAVGGDTQYF-BJ2-5,0.5822015803269407,5
D7C,0.835,5.0,AV12-3-CALSDDTNKVVF-AJ34_BV13-2-CASGDKISYNSPLYF-BJ1-6,0.2420909550889911,8
D7C,0.835,5.0,AV8D-2-CATDGQGGRALIF-AJ15_BV29-CASSLGTSGNTLYF-BJ1-3,0.5076905528695296,5
D7C,0.835,5.0,AV16/DV11-CAMREVDTNAYKVIF-AJ30_BV13-1-CASSDGLNSDYTF-BJ1-2,0.3126198829089291,5
D7C,0.835,5.0,AV1-CAVRPNNNNAPRF-AJ43_BV13-2-CASGARTYNYAEQFF-BJ2-1,0.6182571053113985,12
D7C,0.835,5.0,AV9D-3-CAVSMLSGSFNKLTF-AJ4_BV3-CASSQYLRDNQDTQYF-BJ2-5,0.19457824540918545,28
D7C,0.835,5.0,AV16/DV11-CAMREGGGYKVVF-AJ12_BV13-2-CASGARTYNYAEQFF-BJ2-1,0.44104223760456174,10
D7C,0.835,5.0,AV11-CVVGRRYGSSGNKLIF-AJ32_BV19-CASSTDRGLNSPLYF-BJ1-6,0.1546627827707035,7
D7C,0.835,5.0,AV7-5-CAVRPGTGSNRLTF-AJ28_BV14-CASRYRGEQYF-BJ2-7,0.42780595652555087,16
D7C,0.835,5.0,AV5D-4-CAASENSNYQLIW-AJ33_BV4-CASSQNTLYF-BJ2-4,0.259026175385782,7
D7C,0.83,5.0,AV9-2-CVLSARSGGSNAKLTF-AJ42_BV1-CTCSSQNTLYF-BJ2-4,0.26963588480450573,5
D7C,0.83,5.0,AV12D-2-CALDYANKMIF-AJ47_BV14-CASSFRAEQFF-BJ2-1,0.29449316903382194,12
D7C,0.83,5.0,AV10-CAASIASSSFSKLVF-AJ50_BV1-CTCSATNNQAPLF-BJ1-5,0.19350321730053685,7
D7C,0.83,5.0,AV8N-2-CATESQGGRALIF-AJ15_BV3-CASSDRAGQDTQYF-BJ2-5,0.2607709809764075,6
D7C,0.83,5.0,AV3D-3-CAVSDYNVLYF-AJ21_BV3-CASSQYLRDNQDTQYF-BJ2-5,0.32554167424482566,38
D7C,0.83,5.0,AV6-6-CALGEEEWATGGNNKLTF-AJ56_BV1-CTCSTRGANERLFF-BJ1-4,0.22522948278490293,44
D7C,0.83,5.0,AV7-4-CAASERGASSSFSKLVF-AJ50_BV1-CTCSATNNQAPLF-BJ1-5,0.24297968791158778,10
D7C,0.83,5.0,AV10N-CAASMDTGGLSGKLTF-AJ2_BV16-CASSLNWGANYAEQFF-BJ2-1,0.3862799600838669,13
D7C,0.83,5.0,AV3-3-CAVSMDNNAPRF-AJ43_BV1-CTCSAVGGDTQYF-BJ2-5,0.5822015803269407,5
D7C,0.83,5.0,AV12-3-CALSDDTNKVVF-AJ34_BV13-2-CASGDKISYNSPLYF-BJ1-6,0.2420909550889911,8
D7C,0.83,5.0,AV8D-2-CATDGQGGRALIF-AJ15_BV29-CASSLGTSGNTLYF-BJ1-3,0.5076905528695296,5
D7C,0.83,5.0,AV16/DV11-CAMREVDTNAYKVIF-AJ30_BV13-1-CASSDGLNSDYTF-BJ1-2,0.3126198829089291,5
D7C,0.83,5.0,AV1-CAVRPNNNNAPRF-AJ43_BV13-2-CASGARTYNYAEQFF-BJ2-1,0.6182571053113985,12
D7C,0.83,5.0,AV9D-3-CAVSMLSGSFNKLTF-AJ4_BV3-CASSQYLRDNQDTQYF-BJ2-5,0.19457824540918545,28
D7C,0.83,5.0,AV16/DV11-CAMREGGGYKVVF-AJ12_BV13-2-CASGARTYNYAEQFF-BJ2-1,0.44104223760456174,10
D7C,0.83,5.0,AV11-CVVGRRYGSSGNKLIF-AJ32_BV19-CASSTDRGLNSPLYF-BJ1-6,0.1546627827707035,7
D7C,0.83,5.0,AV7-5-CAVRPGTGSNRLTF-AJ28_BV14-CASRYRGEQYF-BJ2-7,0.42780595652555087,16
D7C,0.83,5.0,AV5D-4-CAASENSNYQLIW-AJ33_BV4-CASSQNTLYF-BJ2-4,0.259026175385782,7
D7C,0.825,5.0,AV9-2-CVLSARSGGSNAKLTF-AJ42_BV1-CTCSSQNTLYF-BJ2-4,0.26963588480450573,5
D7C,0.825,5.0,AV12D-2-CALDYANKMIF-AJ47_BV14-CASSFRAEQFF-BJ2-1,0.29449316903382194,12
D7C,0.825,5.0,AV10-CAASIASSSFSKLVF-AJ50_BV1-CTCSATNNQAPLF-BJ1-5,0.19350321730053685,7
D7C,0.825,5.0,AV8N-2-CATESQGGRALIF-AJ15_BV3-CASSDRAGQDTQYF-BJ2-5,0.2607709809764075,6
D7C,0.825,5.0,AV3D-3-CAVSDYNVLYF-AJ21_BV3-CASSQYLRDNQDTQYF-BJ2-5,0.32554167424482566,38
D7C,0.825,5.0,AV6-6-CALGEEEWATGGNNKLTF-AJ56_BV1-CTCSTRGANERLFF-BJ1-4,0.22522948278490293,44
D7C,0.825,5.0,AV7-4-CAASERGASSSFSKLVF-AJ50_BV1-CTCSATNNQAPLF-BJ1-5,0.24297968791158778,10
D7C,0.825,5.0,AV10N-CAASMDTGGLSGKLTF-AJ2_BV16-CASSLNWGANYAEQFF-BJ2-1,0.3862799600838669,13
D7C,0.825,5.0,AV3-3-CAVSMDNNAPRF-AJ43_BV1-CTCSAVGGDTQYF-BJ2-5,0.5822015803269407,5
D7C,0.825,5.0,AV12-3-CALSDDTNKVVF-AJ34_BV13-2-CASGDKISYNSPLYF-BJ1-6,0.2420909550889911,8
D7C,0.825,5.0,AV8D-2-CATDGQGGRALIF-AJ15_BV29-CASSLGTSGNTLYF-BJ1-3,0.5076905528695296,5
D7C,0.825,5.0,AV16/DV11-CAMREVDTNAYKVIF-AJ30_BV13-1-CASSDGLNSDYTF-BJ1-2,0.3126198829089291,5
D7C,0.825,5.0,AV1-CAVRPNNNNAPRF-AJ43_BV13-2-CASGARTYNYAEQFF-BJ2-1,0.6182571053113985,12
D7C,0.825,5.0,AV9D-3-CAVSMLSGSFNKLTF-AJ4_BV3-CASSQYLRDNQDTQYF-BJ2-5,0.19457824540918545,28
D7C,0.825,5.0,AV16/DV11-CAMREGGGYKVVF-AJ12_BV13-2-CASGARTYNYAEQFF-BJ2-1,0.44104223760456174,10
D7C,0.825,5.0,AV11-CVVGRRYGSSGNKLIF-AJ32_BV19-CASSTDRGLNSPLYF-BJ1-6,0.1546627827707035,7
D7C,0.825,5.0,AV7-5-CAVRPGTGSNRLTF-AJ28_BV14-CASRYRGEQYF-BJ2-7,0.42780595652555087,16
D7C,0.825,5.0,AV5D-4-CAASENSNYQLIW-AJ33_BV4-CASSQNTLYF-BJ2-4,0.259026175385782,7
D7C,0.8200000000000001,5.0,AV9-2-CVLSARSGGSNAKLTF-AJ42_BV1-CTCSSQNTLYF-BJ2-4,0.26963588480450573,5
D7C,0.8200000000000001,5.0,AV12D-2-CALDYANKMIF-AJ47_BV14-CASSFRAEQFF-BJ2-1,0.29449316903382194,12
D7C,0.8200000000000001,5.0,AV10-CAASIASSSFSKLVF-AJ50_BV1-CTCSATNNQAPLF-BJ1-5,0.19350321730053685,7
D7C,0.8200000000000001,5.0,AV8N-2-CATESQGGRALIF-AJ15_BV3-CASSDRAGQDTQYF-BJ2-5,0.2607709809764075,6
D7C,0.8200000000000001,5.0,AV3D-3-CAVSDYNVLYF-AJ21_BV3-CASSQYLRDNQDTQYF-BJ2-5,0.32554167424482566,38
D7C,0.8200000000000001,5.0,AV6-6-CALGEEEWATGGNNKLTF-AJ56_BV1-CTCSTRGANERLFF-BJ1-4,0.22522948278490293,44
D7C,0.8200000000000001,5.0,AV7-4-CAASERGASSSFSKLVF-AJ50_BV1-CTCSATNNQAPLF-BJ1-5,0.24297968791158778,10
D7C,0.8200000000000001,5.0,AV10N-CAASMDTGGLSGKLTF-AJ2_BV16-CASSLNWGANYAEQFF-BJ2-1,0.3862799600838669,13
D7C,0.8200000000000001,5.0,AV3-3-CAVSMDNNAPRF-AJ43_BV1-CTCSAVGGDTQYF-BJ2-5,0.5822015803269407,5
D7C,0.8200000000000001,5.0,AV12-3-CALSDDTNKVVF-AJ34_BV13-2-CASGDKISYNSPLYF-BJ1-6,0.2420909550889911,8
D7C,0.8200000000000001,5.0,AV8D-2-CATDGQGGRALIF-AJ15_BV29-CASSLGTSGNTLYF-BJ1-3,0.5076905528695296,5
D7C,0.8200000000000001,5.0,AV16/DV11-CAMREVDTNAYKVIF-AJ30_BV13-1-CASSDGLNSDYTF-BJ1-2,0.3126198829089291,5
D7C,0.8200000000000001,5.0,AV1-CAVRPNNNNAPRF-AJ43_BV13-2-CASGARTYNYAEQFF-BJ2-1,0.6182571053113985,12
D7C,0.8200000000000001,5.0,AV9D-3-CAVSMLSGSFNKLTF-AJ4_BV3-CASSQYLRDNQDTQYF-BJ2-5,0.19457824540918545,28
D7C,0.8200000000000001,5.0,AV16/DV11-CAMREGGGYKVVF-AJ12_BV13-2-CASGARTYNYAEQFF-BJ2-1,0.44104223760456174,10
D7C,0.8200000000000001,5.0,AV11-CVVGRRYGSSGNKLIF-AJ32_BV19-CASSTDRGLNSPLYF-BJ1-6,0.1546627827707035,7
D7C,0.8200000000000001,5.0,AV7-5-CAVRPGTGSNRLTF-AJ28_BV14-CASRYRGEQYF-BJ2-7,0.42780595652555087,16
D7C,0.8200000000000001,5.0,AV5D-4-CAASENSNYQLIW-AJ33_BV4-CASSQNTLYF-BJ2-4,0.259026175385782,7
D7C,0.815,5.0,AV9-2-CVLSARSGGSNAKLTF-AJ42_BV1-CTCSSQNTLYF-BJ2-4,0.26963588480450573,5
D7C,0.815,5.0,AV12D-2-CALDYANKMIF-AJ47_BV14-CASSFRAEQFF-BJ2-1,0.29449316903382194,12
D7C,0.815,5.0,AV10-CAASIASSSFSKLVF-AJ50_BV1-CTCSATNNQAPLF-BJ1-5,0.19350321730053685,7
D7C,0.815,5.0,AV8N-2-CATESQGGRALIF-AJ15_BV3-CASSDRAGQDTQYF-BJ2-5,0.2607709809764075,6
D7C,0.815,5.0,AV3D-3-CAVSDYNVLYF-AJ21_BV3-CASSQYLRDNQDTQYF-BJ2-5,0.32554167424482566,38
D7C,0.815,5.0,AV6-6-CALGEEEWATGGNNKLTF-AJ56_BV1-CTCSTRGANERLFF-BJ1-4,0.22522948278490293,44
D7C,0.815,5.0,AV7-4-CAASERGASSSFSKLVF-AJ50_BV1-CTCSATNNQAPLF-BJ1-5,0.24297968791158778,10
D7C,0.815,5.0,AV10N-CAASMDTGGLSGKLTF-AJ2_BV16-CASSLNWGANYAEQFF-BJ2-1,0.3862799600838669,13
D7C,0.815,5.0,AV3-3-CAVSMDNNAPRF-AJ43_BV1-CTCSAVGGDTQYF-BJ2-5,0.5822015803269407,5
D7C,0.815,5.0,AV12-3-CALSDDTNKVVF-AJ34_BV13-2-CASGDKISYNSPLYF-BJ1-6,0.2420909550889911,8
D7C,0.815,5.0,AV8D-2-CATDGQGGRALIF-AJ15_BV29-CASSLGTSGNTLYF-BJ1-3,0.5076905528695296,5
D7C,0.815,5.0,AV16/DV11-CAMREVDTNAYKVIF-AJ30_BV13-1-CASSDGLNSDYTF-BJ1-2,0.3126198829089291,5
D7C,0.815,5.0,AV1-CAVRPNNNNAPRF-AJ43_BV13-2-CASGARTYNYAEQFF-BJ2-1,0.6182571053113985,12
D7C,0.815,5.0,AV9D-3-CAVSMLSGSFNKLTF-AJ4_BV3-CASSQYLRDNQDTQYF-BJ2-5,0.19457824540918545,28
D7C,0.815,5.0,AV16/DV11-CAMREGGGYKVVF-AJ12_BV13-2-CASGARTYNYAEQFF-BJ2-1,0.44104223760456174,10
D7C,0.815,5.0,AV11-CVVGRRYGSSGNKLIF-AJ32_BV19-CASSTDRGLNSPLYF-BJ1-6,0.1546627827707035,7
D7C,0.815,5.0,AV7-5-CAVRPGTGSNRLTF-AJ28_BV14-CASRYRGEQYF-BJ2-7,0.42780595652555087,16
D7C,0.815,5.0,AV5D-4-CAASENSNYQLIW-AJ33_BV4-CASSQNTLYF-BJ2-4,0.259026175385782,7
D7C,0.81,5.0,AV9-2-CVLSARSGGSNAKLTF-AJ42_BV1-CTCSSQNTLYF-BJ2-4,0.26963588480450573,5
D7C,0.81,5.0,AV12D-2-CALDYANKMIF-AJ47_BV14-CASSFRAEQFF-BJ2-1,0.29449316903382194,12
D7C,0.81,5.0,AV10-CAASIASSSFSKLVF-AJ50_BV1-CTCSATNNQAPLF-BJ1-5,0.19350321730053685,7
D7C,0.81,5.0,AV8N-2-CATESQGGRALIF-AJ15_BV3-CASSDRAGQDTQYF-BJ2-5,0.2607709809764075,6
D7C,0.81,5.0,AV3D-3-CAVSDYNVLYF-AJ21_BV3-CASSQYLRDNQDTQYF-BJ2-5,0.32554167424482566,38
D7C,0.81,5.0,AV6-6-CALGEEEWATGGNNKLTF-AJ56_BV1-CTCSTRGANERLFF-BJ1-4,0.22522948278490293,44
D7C,0.81,5.0,AV7-4-CAASERGASSSFSKLVF-AJ50_BV1-CTCSATNNQAPLF-BJ1-5,0.24297968791158778,10
D7C,0.81,5.0,AV10N-CAASMDTGGLSGKLTF-AJ2_BV16-CASSLNWGANYAEQFF-BJ2-1,0.3862799600838669,13
D7C,0.81,5.0,AV3-3-CAVSMDNNAPRF-AJ43_BV1-CTCSAVGGDTQYF-BJ2-5,0.5822015803269407,5
D7C,0.81,5.0,AV12-3-CALSDDTNKVVF-AJ34_BV13-2-CASGDKISYNSPLYF-BJ1-6,0.2420909550889911,8
D7C,0.81,5.0,AV8D-2-CATDGQGGRALIF-AJ15_BV29-CASSLGTSGNTLYF-BJ1-3,0.5076905528695296,5
D7C,0.81,5.0,AV16/DV11-CAMREVDTNAYKVIF-AJ30_BV13-1-CASSDGLNSDYTF-BJ1-2,0.3126198829089291,5
D7C,0.81,5.0,AV1-CAVRPNNNNAPRF-AJ43_BV13-2-CASGARTYNYAEQFF-BJ2-1,0.6182571053113985,12
D7C,0.81,5.0,AV9D-3-CAVSMLSGSFNKLTF-AJ4_BV3-CASSQYLRDNQDTQYF-BJ2-5,0.19457824540918545,28
D7C,0.81,5.0,AV16/DV11-CAMREGGGYKVVF-AJ12_BV13-2-CASGARTYNYAEQFF-BJ2-1,0.44104223760456174,10
D7C,0.81,5.0,AV11-CVVGRRYGSSGNKLIF-AJ32_BV19-CASSTDRGLNSPLYF-BJ1-6,0.1546627827707035,7
D7C,0.81,5.0,AV7-5-CAVRPGTGSNRLTF-AJ28_BV14-CASRYRGEQYF-BJ2-7,0.42780595652555087,16
D7C,0.81,5.0,AV5D-4-CAASENSNYQLIW-AJ33_BV4-CASSQNTLYF-BJ2-4,0.259026175385782,7
D7C,0.8049999999999999,5.0,AV9-2-CVLSARSGGSNAKLTF-AJ42_BV1-CTCSSQNTLYF-BJ2-4,0.26963588480450573,5
D7C,0.8049999999999999,5.0,AV12D-2-CALDYANKMIF-AJ47_BV14-CASSFRAEQFF-BJ2-1,0.29449316903382194,12
D7C,0.8049999999999999,5.0,AV10-CAASIASSSFSKLVF-AJ50_BV1-CTCSATNNQAPLF-BJ1-5,0.19350321730053685,7
D7C,0.8049999999999999,5.0,AV8N-2-CATESQGGRALIF-AJ15_BV3-CASSDRAGQDTQYF-BJ2-5,0.2607709809764075,6
D7C,0.8049999999999999,5.0,AV3D-3-CAVSDYNVLYF-AJ21_BV3-CASSQYLRDNQDTQYF-BJ2-5,0.32554167424482566,38
D7C,0.8049999999999999,5.0,AV6-6-CALGEEEWATGGNNKLTF-AJ56_BV1-CTCSTRGANERLFF-BJ1-4,0.22522948278490293,44
D7C,0.8049999999999999,5.0,AV7-4-CAASERGASSSFSKLVF-AJ50_BV1-CTCSATNNQAPLF-BJ1-5,0.24297968791158778,10
D7C,0.8049999999999999,5.0,AV10N-CAASMDTGGLSGKLTF-AJ2_BV16-CASSLNWGANYAEQFF-BJ2-1,0.3862799600838669,13
D7C,0.8049999999999999,5.0,AV3-3-CAVSMDNNAPRF-AJ43_BV1-CTCSAVGGDTQYF-BJ2-5,0.5822015803269407,5
D7C,0.8049999999999999,5.0,AV12-3-CALSDDTNKVVF-AJ34_BV13-2-CASGDKISYNSPLYF-BJ1-6,0.2420909550889911,8
D7C,0.8049999999999999,5.0,AV8D-2-CATDGQGGRALIF-AJ15_BV29-CASSLGTSGNTLYF-BJ1-3,0.5076905528695296,5
D7C,0.8049999999999999,5.0,AV16/DV11-CAMREVDTNAYKVIF-AJ30_BV13-1-CASSDGLNSDYTF-BJ1-2,0.3126198829089291,5
D7C,0.8049999999999999,5.0,AV1-CAVRPNNNNAPRF-AJ43_BV13-2-CASGARTYNYAEQFF-BJ2-1,0.6182571053113985,12
D7C,0.8049999999999999,5.0,AV9D-3-CAVSMLSGSFNKLTF-AJ4_BV3-CASSQYLRDNQDTQYF-BJ2-5,0.19457824540918545,28
D7C,0.8049999999999999,5.0,AV16/DV11-CAMREGGGYKVVF-AJ12_BV13-2-CASGARTYNYAEQFF-BJ2-1,0.44104223760456174,10
D7C,0.8049999999999999,5.0,AV11-CVVGRRYGSSGNKLIF-AJ32_BV19-CASSTDRGLNSPLYF-BJ1-6,0.1546627827707035,7
D7C,0.8049999999999999,5.0,AV7-5-CAVRPGTGSNRLTF-AJ28_BV14-CASRYRGEQYF-BJ2-7,0.42780595652555087,16
D7C,0.8049999999999999,5.0,AV5D-4-CAASENSNYQLIW-AJ33_BV4-CASSQNTLYF-BJ2-4,0.259026175385782,7
D7C,0.8,5.0,AV9-2-CVLSARSGGSNAKLTF-AJ42_BV1-CTCSSQNTLYF-BJ2-4,0.26963588480450573,5
D7C,0.8,5.0,AV12D-2-CALDYANKMIF-AJ47_BV14-CASSFRAEQFF-BJ2-1,0.29449316903382194,12
D7C,0.8,5.0,AV10-CAASIASSSFSKLVF-AJ50_BV1-CTCSATNNQAPLF-BJ1-5,0.19350321730053685,7
D7C,0.8,5.0,AV8N-2-CATESQGGRALIF-AJ15_BV3-CASSDRAGQDTQYF-BJ2-5,0.2607709809764075,6
D7C,0.8,5.0,AV3D-3-CAVSDYNVLYF-AJ21_BV3-CASSQYLRDNQDTQYF-BJ2-5,0.32554167424482566,38
D7C,0.8,5.0,AV6-6-CALGEEEWATGGNNKLTF-AJ56_BV1-CTCSTRGANERLFF-BJ1-4,0.22522948278490293,44
D7C,0.8,5.0,AV7-4-CAASERGASSSFSKLVF-AJ50_BV1-CTCSATNNQAPLF-BJ1-5,0.24297968791158778,10
D7C,0.8,5.0,AV10N-CAASMDTGGLSGKLTF-AJ2_BV16-CASSLNWGANYAEQFF-BJ2-1,0.3862799600838669,13
D7C,0.8,5.0,AV3-3-CAVSMDNNAPRF-AJ43_BV1-CTCSAVGGDTQYF-BJ2-5,0.5822015803269407,5
D7C,0.8,5.0,AV12-3-CALSDDTNKVVF-AJ34_BV13-2-CASGDKISYNSPLYF-BJ1-6,0.2420909550889911,8
D7C,0.8,5.0,AV8D-2-CATDGQGGRALIF-AJ15_BV29-CASSLGTSGNTLYF-BJ1-3,0.5076905528695296,5
D7C,0.8,5.0,AV16/DV11-CAMREVDTNAYKVIF-AJ30_BV13-1-CASSDGLNSDYTF-BJ1-2,0.3126198829089291,5
D7C,0.8,5.0,AV1-CAVRPNNNNAPRF-AJ43_BV13-2-CASGARTYNYAEQFF-BJ2-1,0.6182571053113985,12
D7C,0.8,5.0,AV9D-3-CAVSMLSGSFNKLTF-AJ4_BV3-CASSQYLRDNQDTQYF-BJ2-5,0.19457824540918545,28
D7C,0.8,5.0,AV16/DV11-CAMREGGGYKVVF-AJ12_BV13-2-CASGARTYNYAEQFF-BJ2-1,0.44104223760456174,10
D7C,0.8,5.0,AV11-CVVGRRYGSSGNKLIF-AJ32_BV19-CASSTDRGLNSPLYF-BJ1-6,0.1546627827707035,7
D7C,0.8,5.0,AV7-5-CAVRPGTGSNRLTF-AJ28_BV14-CASRYRGEQYF-BJ2-7,0.42780595652555087,16
D7C,0.8,5.0,AV5D-4-CAASENSNYQLIW-AJ33_BV4-CASSQNTLYF-BJ2-4,0.259026175385782,7
D7C,0.7949999999999999,5.1650000000000205,AV9-2-CVLSARSGGSNAKLTF-AJ42_BV1-CTCSSQNTLYF-BJ2-4,0.26963588480450573,5
D7C,0.7949999999999999,5.1650000000000205,AV12D-2-CALDYANKMIF-AJ47_BV14-CASSFRAEQFF-BJ2-1,0.29449316903382194,12
D7C,0.7949999999999999,5.1650000000000205,AV10-CAASIASSSFSKLVF-AJ50_BV1-CTCSATNNQAPLF-BJ1-5,0.19350321730053685,7
D7C,0.7949999999999999,5.1650000000000205,AV8N-2-CATESQGGRALIF-AJ15_BV3-CASSDRAGQDTQYF-BJ2-5,0.2607709809764075,6
D7C,0.7949999999999999,5.1650000000000205,AV3D-3-CAVSDYNVLYF-AJ21_BV3-CASSQYLRDNQDTQYF-BJ2-5,0.3326297881091762,35
D7C,0.7949999999999999,5.1650000000000205,AV6-6-CALGEEEWATGGNNKLTF-AJ56_BV1-CTCSTRGANERLFF-BJ1-4,0.21816265333995852,40
D7C,0.7949999999999999,5.1650000000000205,AV7-4-CAASERGASSSFSKLVF-AJ50_BV1-CTCSATNNQAPLF-BJ1-5,0.2694545949399435,9
D7C,0.7949999999999999,5.1650000000000205,AV10N-CAASMDTGGLSGKLTF-AJ2_BV16-CASSLNWGANYAEQFF-BJ2-1,0.3862799600838669,13
D7C,0.7949999999999999,5.1650000000000205,AV3-3-CAVSMDNNAPRF-AJ43_BV1-CTCSAVGGDTQYF-BJ2-5,0.5822015803269407,5
D7C,0.7949999999999999,5.1650000000000205,AV12-3-CALSDDTNKVVF-AJ34_BV13-2-CASGDKISYNSPLYF-BJ1-6,0.2602397097859243,7
D7C,0.7949999999999999,5.1650000000000205,AV8D-2-CATDGQGGRALIF-AJ15_BV29-CASSLGTSGNTLYF-BJ1-3,0.5076905528695296,5
D7C,0.7949999999999999,5.1650000000000205,AV1-CAVRPNNNNAPRF-AJ43_BV13-2-CASGARTYNYAEQFF-BJ2-1,0.5899884989442662,11
D7C,0.7949999999999999,5.1650000000000205,AV9D-3-CAVSMLSGSFNKLTF-AJ4_BV3-CASSQYLRDNQDTQYF-BJ2-5,0.21248473534930082,26
D7C,0.7949999999999999,5.1650000000000205,AV16/DV11-CAMREGGGYKVVF-AJ12_BV13-2-CASGARTYNYAEQFF-BJ2-1,0.4134077284845667,9
D7C,0.7949999999999999,5.1650000000000205,AV11-CVVGRRYGSSGNKLIF-AJ32_BV19-CASSTDRGLNSPLYF-BJ1-6,0.1546627827707035,7
D7C,0.7949999999999999,5.1650000000000205,AV7-5-CAVRPGTGSNRLTF-AJ28_BV14-CASRYRGEQYF-BJ2-7,0.4297797052199764,15
D7C,0.7949999999999999,5.1650000000000205,AV5D-4-CAASENSNYQLIW-AJ33_BV4-CASSQNTLYF-BJ2-4,0.259026175385782,7
D7C,0.79,6.0,AV9-2-CVLSARSGGSNAKLTF-AJ42_BV1-CTCSSQNTLYF-BJ2-4,0.26963588480450573,5
D7C,0.79,6.0,AV12D-2-CALDYANKMIF-AJ47_BV14-CASSFRAEQFF-BJ2-1,0.29449316903382194,12
D7C,0.79,6.0,AV10-CAASIASSSFSKLVF-AJ50_BV1-CTCSATNNQAPLF-BJ1-5,0.19350321730053685,7
D7C,0.79,6.0,AV8N-2-CATESQGGRALIF-AJ15_BV3-CASSDRAGQDTQYF-BJ2-5,0.2607709809764075,6
D7C,0.79,6.0,AV3D-3-CAVSDYNVLYF-AJ21_BV3-CASSQYLRDNQDTQYF-BJ2-5,0.3326297881091762,35
D7C,0.79,6.0,AV6-6-CALGEEEWATGGNNKLTF-AJ56_BV1-CTCSTRGANERLFF-BJ1-4,0.21816265333995852,40
D7C,0.79,6.0,AV7-4-CAASERGASSSFSKLVF-AJ50_BV1-CTCSATNNQAPLF-BJ1-5,0.2694545949399435,9
D7C,0.79,6.0,AV10N-CAASMDTGGLSGKLTF-AJ2_BV16-CASSLNWGANYAEQFF-BJ2-1,0.3862799600838669,13
D7C,0.79,6.0,AV3-3-CAVSMDNNAPRF-AJ43_BV1-CTCSAVGGDTQYF-BJ2-5,0.5822015803269407,5
D7C,0.79,6.0,AV12-3-CALSDDTNKVVF-AJ34_BV13-2-CASGDKISYNSPLYF-BJ1-6,0.2602397097859243,7
D7C,0.79,6.0,AV8D-2-CATDGQGGRALIF-AJ15_BV29-CASSLGTSGNTLYF-BJ1-3,0.5076905528695296,5
D7C,0.79,6.0,AV1-CAVRPNNNNAPRF-AJ43_BV13-2-CASGARTYNYAEQFF-BJ2-1,0.5899884989442662,11
D7C,0.79,6.0,AV9D-3-CAVSMLSGSFNKLTF-AJ4_BV3-CASSQYLRDNQDTQYF-BJ2-5,0.21248473534930082,26
D7C,0.79,6.0,AV16/DV11-CAMREGGGYKVVF-AJ12_BV13-2-CASGARTYNYAEQFF-BJ2-1,0.4134077284845667,9
D7C,0.79,6.0,AV11-CVVGRRYGSSGNKLIF-AJ32_BV19-CASSTDRGLNSPLYF-BJ1-6,0.1546627827707035,7
D7C,0.79,6.0,AV7-5-CAVRPGTGSNRLTF-AJ28_BV14-CASRYRGEQYF-BJ2-7,0.4297797052199764,15
D7C,0.79,6.0,AV5D-4-CAASENSNYQLIW-AJ33_BV4-CASSQNTLYF-BJ2-4,0.259026175385782,7
D7C,0.785,6.0,AV9-2-CVLSARSGGSNAKLTF-AJ42_BV1-CTCSSQNTLYF-BJ2-4,0.26963588480450573,5
D7C,0.785,6.0,AV12D-2-CALDYANKMIF-AJ47_BV14-CASSFRAEQFF-BJ2-1,0.29449316903382194,12
D7C,0.785,6.0,AV10-CAASIASSSFSKLVF-AJ50_BV1-CTCSATNNQAPLF-BJ1-5,0.19350321730053685,7
D7C,0.785,6.0,AV8N-2-CATESQGGRALIF-AJ15_BV3-CASSDRAGQDTQYF-BJ2-5,0.2607709809764075,6
D7C,0.785,6.0,AV3D-3-CAVSDYNVLYF-AJ21_BV3-CASSQYLRDNQDTQYF-BJ2-5,0.3326297881091762,35
D7C,0.785,6.0,AV6-6-CALGEEEWATGGNNKLTF-AJ56_BV1-CTCSTRGANERLFF-BJ1-4,0.21816265333995852,40
D7C,0.785,6.0,AV7-4-CAASERGASSSFSKLVF-AJ50_BV1-CTCSATNNQAPLF-BJ1-5,0.2694545949399435,9
D7C,0.785,6.0,AV10N-CAASMDTGGLSGKLTF-AJ2_BV16-CASSLNWGANYAEQFF-BJ2-1,0.3862799600838669,13
D7C,0.785,6.0,AV3-3-CAVSMDNNAPRF-AJ43_BV1-CTCSAVGGDTQYF-BJ2-5,0.5822015803269407,5
D7C,0.785,6.0,AV12-3-CALSDDTNKVVF-AJ34_BV13-2-CASGDKISYNSPLYF-BJ1-6,0.2602397097859243,7
D7C,0.785,6.0,AV8D-2-CATDGQGGRALIF-AJ15_BV29-CASSLGTSGNTLYF-BJ1-3,0.5076905528695296,5
D7C,0.785,6.0,AV1-CAVRPNNNNAPRF-AJ43_BV13-2-CASGARTYNYAEQFF-BJ2-1,0.5899884989442662,11
D7C,0.785,6.0,AV9D-3-CAVSMLSGSFNKLTF-AJ4_BV3-CASSQYLRDNQDTQYF-BJ2-5,0.21248473534930082,26
D7C,0.785,6.0,AV16/DV11-CAMREGGGYKVVF-AJ12_BV13-2-CASGARTYNYAEQFF-BJ2-1,0.4134077284845667,9
D7C,0.785,6.0,AV11-CVVGRRYGSSGNKLIF-AJ32_BV19-CASSTDRGLNSPLYF-BJ1-6,0.1546627827707035,7
D7C,0.785,6.0,AV7-5-CAVRPGTGSNRLTF-AJ28_BV14-CASRYRGEQYF-BJ2-7,0.4297797052199764,15
D7C,0.785,6.0,AV5D-4-CAASENSNYQLIW-AJ33_BV4-CASSQNTLYF-BJ2-4,0.259026175385782,7
D7C,0.78,6.0,AV9-2-CVLSARSGGSNAKLTF-AJ42_BV1-CTCSSQNTLYF-BJ2-4,0.26963588480450573,5
D7C,0.78,6.0,AV12D-2-CALDYANKMIF-AJ47_BV14-CASSFRAEQFF-BJ2-1,0.29449316903382194,12
D7C,0.78,6.0,AV10-CAASIASSSFSKLVF-AJ50_BV1-CTCSATNNQAPLF-BJ1-5,0.19350321730053685,7
D7C,0.78,6.0,AV8N-2-CATESQGGRALIF-AJ15_BV3-CASSDRAGQDTQYF-BJ2-5,0.2607709809764075,6
D7C,0.78,6.0,AV3D-3-CAVSDYNVLYF-AJ21_BV3-CASSQYLRDNQDTQYF-BJ2-5,0.3326297881091762,35
D7C,0.78,6.0,AV6-6-CALGEEEWATGGNNKLTF-AJ56_BV1-CTCSTRGANERLFF-BJ1-4,0.21816265333995852,40
D7C,0.78,6.0,AV7-4-CAASERGASSSFSKLVF-AJ50_BV1-CTCSATNNQAPLF-BJ1-5,0.2694545949399435,9
D7C,0.78,6.0,AV10N-CAASMDTGGLSGKLTF-AJ2_BV16-CASSLNWGANYAEQFF-BJ2-1,0.3862799600838669,13
D7C,0.78,6.0,AV3-3-CAVSMDNNAPRF-AJ43_BV1-CTCSAVGGDTQYF-BJ2-5,0.5822015803269407,5
D7C,0.78,6.0,AV12-3-CALSDDTNKVVF-AJ34_BV13-2-CASGDKISYNSPLYF-BJ1-6,0.2602397097859243,7
D7C,0.78,6.0,AV8D-2-CATDGQGGRALIF-AJ15_BV29-CASSLGTSGNTLYF-BJ1-3,0.5076905528695296,5
D7C,0.78,6.0,AV1-CAVRPNNNNAPRF-AJ43_BV13-2-CASGARTYNYAEQFF-BJ2-1,0.5899884989442662,11
D7C,0.78,6.0,AV9D-3-CAVSMLSGSFNKLTF-AJ4_BV3-CASSQYLRDNQDTQYF-BJ2-5,0.21248473534930082,26
D7C,0.78,6.0,AV16/DV11-CAMREGGGYKVVF-AJ12_BV13-2-CASGARTYNYAEQFF-BJ2-1,0.4134077284845667,9
D7C,0.78,6.0,AV11-CVVGRRYGSSGNKLIF-AJ32_BV19-CASSTDRGLNSPLYF-BJ1-6,0.1546627827707035,7
D7C,0.78,6.0,AV7-5-CAVRPGTGSNRLTF-AJ28_BV14-CASRYRGEQYF-BJ2-7,0.4297797052199764,15
D7C,0.78,6.0,AV5D-4-CAASENSNYQLIW-AJ33_BV4-CASSQNTLYF-BJ2-4,0.259026175385782,7
D7C,0.775,6.0,AV9-2-CVLSARSGGSNAKLTF-AJ42_BV1-CTCSSQNTLYF-BJ2-4,0.26963588480450573,5
D7C,0.775,6.0,AV12D-2-CALDYANKMIF-AJ47_BV14-CASSFRAEQFF-BJ2-1,0.29449316903382194,12
D7C,0.775,6.0,AV10-CAASIASSSFSKLVF-AJ50_BV1-CTCSATNNQAPLF-BJ1-5,0.19350321730053685,7
D7C,0.775,6.0,AV8N-2-CATESQGGRALIF-AJ15_BV3-CASSDRAGQDTQYF-BJ2-5,0.2607709809764075,6
D7C,0.775,6.0,AV3D-3-CAVSDYNVLYF-AJ21_BV3-CASSQYLRDNQDTQYF-BJ2-5,0.3326297881091762,35
D7C,0.775,6.0,AV6-6-CALGEEEWATGGNNKLTF-AJ56_BV1-CTCSTRGANERLFF-BJ1-4,0.21816265333995852,40
D7C,0.775,6.0,AV7-4-CAASERGASSSFSKLVF-AJ50_BV1-CTCSATNNQAPLF-BJ1-5,0.2694545949399435,9
D7C,0.775,6.0,AV10N-CAASMDTGGLSGKLTF-AJ2_BV16-CASSLNWGANYAEQFF-BJ2-1,0.3862799600838669,13
D7C,0.775,6.0,AV3-3-CAVSMDNNAPRF-AJ43_BV1-CTCSAVGGDTQYF-BJ2-5,0.5822015803269407,5
D7C,0.775,6.0,AV12-3-CALSDDTNKVVF-AJ34_BV13-2-CASGDKISYNSPLYF-BJ1-6,0.2602397097859243,7
D7C,0.775,6.0,AV8D-2-CATDGQGGRALIF-AJ15_BV29-CASSLGTSGNTLYF-BJ1-3,0.5076905528695296,5
D7C,0.775,6.0,AV1-CAVRPNNNNAPRF-AJ43_BV13-2-CASGARTYNYAEQFF-BJ2-1,0.5899884989442662,11
D7C,0.775,6.0,AV9D-3-CAVSMLSGSFNKLTF-AJ4_BV3-CASSQYLRDNQDTQYF-BJ2-5,0.21248473534930082,26
D7C,0.775,6.0,AV16/DV11-CAMREGGGYKVVF-AJ12_BV13-2-CASGARTYNYAEQFF-BJ2-1,0.4134077284845667,9
D7C,0.775,6.0,AV11-CVVGRRYGSSGNKLIF-AJ32_BV19-CASSTDRGLNSPLYF-BJ1-6,0.1546627827707035,7
D7C,0.775,6.0,AV7-5-CAVRPGTGSNRLTF-AJ28_BV14-CASRYRGEQYF-BJ2-7,0.4297797052199764,15
D7C,0.775,6.0,AV5D-4-CAASENSNYQLIW-AJ33_BV4-CASSQNTLYF-BJ2-4,0.259026175385782,7
D7C,0.77,6.0,AV9-2-CVLSARSGGSNAKLTF-AJ42_BV1-CTCSSQNTLYF-BJ2-4,0.26963588480450573,5
D7C,0.77,6.0,AV12D-2-CALDYANKMIF-AJ47_BV14-CASSFRAEQFF-BJ2-1,0.29449316903382194,12
D7C,0.77,6.0,AV10-CAASIASSSFSKLVF-AJ50_BV1-CTCSATNNQAPLF-BJ1-5,0.19350321730053685,7
D7C,0.77,6.0,AV8N-2-CATESQGGRALIF-AJ15_BV3-CASSDRAGQDTQYF-BJ2-5,0.2607709809764075,6
D7C,0.77,6.0,AV3D-3-CAVSDYNVLYF-AJ21_BV3-CASSQYLRDNQDTQYF-BJ2-5,0.3326297881091762,35
D7C,0.77,6.0,AV6-6-CALGEEEWATGGNNKLTF-AJ56_BV1-CTCSTRGANERLFF-BJ1-4,0.21816265333995852,40
D7C,0.77,6.0,AV7-4-CAASERGASSSFSKLVF-AJ50_BV1-CTCSATNNQAPLF-BJ1-5,0.2694545949399435,9
D7C,0.77,6.0,AV10N-CAASMDTGGLSGKLTF-AJ2_BV16-CASSLNWGANYAEQFF-BJ2-1,0.3862799600838669,13
D7C,0.77,6.0,AV3-3-CAVSMDNNAPRF-AJ43_BV1-CTCSAVGGDTQYF-BJ2-5,0.5822015803269407,5
D7C,0.77,6.0,AV12-3-CALSDDTNKVVF-AJ34_BV13-2-CASGDKISYNSPLYF-BJ1-6,0.2602397097859243,7
D7C,0.77,6.0,AV8D-2-CATDGQGGRALIF-AJ15_BV29-CASSLGTSGNTLYF-BJ1-3,0.5076905528695296,5
D7C,0.77,6.0,AV1-CAVRPNNNNAPRF-AJ43_BV13-2-CASGARTYNYAEQFF-BJ2-1,0.5899884989442662,11
D7C,0.77,6.0,AV9D-3-CAVSMLSGSFNKLTF-AJ4_BV3-CASSQYLRDNQDTQYF-BJ2-5,0.21248473534930082,26
D7C,0.77,6.0,AV16/DV11-CAMREGGGYKVVF-AJ12_BV13-2-CASGARTYNYAEQFF-BJ2-1,0.4134077284845667,9
D7C,0.77,6.0,AV11-CVVGRRYGSSGNKLIF-AJ32_BV19-CASSTDRGLNSPLYF-BJ1-6,0.1546627827707035,7
D7C,0.77,6.0,AV7-5-CAVRPGTGSNRLTF-AJ28_BV14-CASRYRGEQYF-BJ2-7,0.4297797052199764,15
D7C,0.77,6.0,AV5D-4-CAASENSNYQLIW-AJ33_BV4-CASSQNTLYF-BJ2-4,0.259026175385782,7
D7C,0.765,6.0,AV9-2-CVLSARSGGSNAKLTF-AJ42_BV1-CTCSSQNTLYF-BJ2-4,0.26963588480450573,5
D7C,0.765,6.0,AV12D-2-CALDYANKMIF-AJ47_BV14-CASSFRAEQFF-BJ2-1,0.29449316903382194,12
D7C,0.765,6.0,AV10-CAASIASSSFSKLVF-AJ50_BV1-CTCSATNNQAPLF-BJ1-5,0.19350321730053685,7
D7C,0.765,6.0,AV8N-2-CATESQGGRALIF-AJ15_BV3-CASSDRAGQDTQYF-BJ2-5,0.2607709809764075,6
D7C,0.765,6.0,AV3D-3-CAVSDYNVLYF-AJ21_BV3-CASSQYLRDNQDTQYF-BJ2-5,0.3326297881091762,35
D7C,0.765,6.0,AV6-6-CALGEEEWATGGNNKLTF-AJ56_BV1-CTCSTRGANERLFF-BJ1-4,0.21816265333995852,40
D7C,0.765,6.0,AV7-4-CAASERGASSSFSKLVF-AJ50_BV1-CTCSATNNQAPLF-BJ1-5,0.2694545949399435,9
D7C,0.765,6.0,AV10N-CAASMDTGGLSGKLTF-AJ2_BV16-CASSLNWGANYAEQFF-BJ2-1,0.3862799600838669,13
D7C,0.765,6.0,AV3-3-CAVSMDNNAPRF-AJ43_BV1-CTCSAVGGDTQYF-BJ2-5,0.5822015803269407,5
D7C,0.765,6.0,AV12-3-CALSDDTNKVVF-AJ34_BV13-2-CASGDKISYNSPLYF-BJ1-6,0.2602397097859243,7
D7C,0.765,6.0,AV8D-2-CATDGQGGRALIF-AJ15_BV29-CASSLGTSGNTLYF-BJ1-3,0.5076905528695296,5
D7C,0.765,6.0,AV1-CAVRPNNNNAPRF-AJ43_BV13-2-CASGARTYNYAEQFF-BJ2-1,0.5899884989442662,11
D7C,0.765,6.0,AV9D-3-CAVSMLSGSFNKLTF-AJ4_BV3-CASSQYLRDNQDTQYF-BJ2-5,0.21248473534930082,26
D7C,0.765,6.0,AV16/DV11-CAMREGGGYKVVF-AJ12_BV13-2-CASGARTYNYAEQFF-BJ2-1,0.4134077284845667,9
D7C,0.765,6.0,AV11-CVVGRRYGSSGNKLIF-AJ32_BV19-CASSTDRGLNSPLYF-BJ1-6,0.1546627827707035,7
D7C,0.765,6.0,AV7-5-CAVRPGTGSNRLTF-AJ28_BV14-CASRYRGEQYF-BJ2-7,0.4297797052199764,15
D7C,0.765,6.0,AV5D-4-CAASENSNYQLIW-AJ33_BV4-CASSQNTLYF-BJ2-4,0.259026175385782,7
D7C,0.76,6.0,AV9-2-CVLSARSGGSNAKLTF-AJ42_BV1-CTCSSQNTLYF-BJ2-4,0.26963588480450573,5
D7C,0.76,6.0,AV12D-2-CALDYANKMIF-AJ47_BV14-CASSFRAEQFF-BJ2-1,0.29449316903382194,12
D7C,0.76,6.0,AV10-CAASIASSSFSKLVF-AJ50_BV1-CTCSATNNQAPLF-BJ1-5,0.19350321730053685,7
D7C,0.76,6.0,AV8N-2-CATESQGGRALIF-AJ15_BV3-CASSDRAGQDTQYF-BJ2-5,0.2607709809764075,6
D7C,0.76,6.0,AV3D-3-CAVSDYNVLYF-AJ21_BV3-CASSQYLRDNQDTQYF-BJ2-5,0.3326297881091762,35
D7C,0.76,6.0,AV6-6-CALGEEEWATGGNNKLTF-AJ56_BV1-CTCSTRGANERLFF-BJ1-4,0.21816265333995852,40
D7C,0.76,6.0,AV7-4-CAASERGASSSFSKLVF-AJ50_BV1-CTCSATNNQAPLF-BJ1-5,0.2694545949399435,9
D7C,0.76,6.0,AV10N-CAASMDTGGLSGKLTF-AJ2_BV16-CASSLNWGANYAEQFF-BJ2-1,0.3862799600838669,13
D7C,0.76,6.0,AV3-3-CAVSMDNNAPRF-AJ43_BV1-CTCSAVGGDTQYF-BJ2-5,0.5822015803269407,5
D7C,0.76,6.0,AV12-3-CALSDDTNKVVF-AJ34_BV13-2-CASGDKISYNSPLYF-BJ1-6,0.2602397097859243,7
D7C,0.76,6.0,AV8D-2-CATDGQGGRALIF-AJ15_BV29-CASSLGTSGNTLYF-BJ1-3,0.5076905528695296,5
D7C,0.76,6.0,AV1-CAVRPNNNNAPRF-AJ43_BV13-2-CASGARTYNYAEQFF-BJ2-1,0.5899884989442662,11
D7C,0.76,6.0,AV9D-3-CAVSMLSGSFNKLTF-AJ4_BV3-CASSQYLRDNQDTQYF-BJ2-5,0.21248473534930082,26
D7C,0.76,6.0,AV16/DV11-CAMREGGGYKVVF-AJ12_BV13-2-CASGARTYNYAEQFF-BJ2-1,0.4134077284845667,9
D7C,0.76,6.0,AV11-CVVGRRYGSSGNKLIF-AJ32_BV19-CASSTDRGLNSPLYF-BJ1-6,0.1546627827707035,7
D7C,0.76,6.0,AV7-5-CAVRPGTGSNRLTF-AJ28_BV14-CASRYRGEQYF-BJ2-7,0.4297797052199764,15
D7C,0.76,6.0,AV5D-4-CAASENSNYQLIW-AJ33_BV4-CASSQNTLYF-BJ2-4,0.259026175385782,7
D7C,0.755,6.0,AV9-2-CVLSARSGGSNAKLTF-AJ42_BV1-CTCSSQNTLYF-BJ2-4,0.26963588480450573,5
D7C,0.755,6.0,AV12D-2-CALDYANKMIF-AJ47_BV14-CASSFRAEQFF-BJ2-1,0.29449316903382194,12
D7C,0.755,6.0,AV10-CAASIASSSFSKLVF-AJ50_BV1-CTCSATNNQAPLF-BJ1-5,0.19350321730053685,7
D7C,0.755,6.0,AV8N-2-CATESQGGRALIF-AJ15_BV3-CASSDRAGQDTQYF-BJ2-5,0.2607709809764075,6
D7C,0.755,6.0,AV3D-3-CAVSDYNVLYF-AJ21_BV3-CASSQYLRDNQDTQYF-BJ2-5,0.3326297881091762,35
D7C,0.755,6.0,AV6-6-CALGEEEWATGGNNKLTF-AJ56_BV1-CTCSTRGANERLFF-BJ1-4,0.21816265333995852,40
D7C,0.755,6.0,AV7-4-CAASERGASSSFSKLVF-AJ50_BV1-CTCSATNNQAPLF-BJ1-5,0.2694545949399435,9
D7C,0.755,6.0,AV10N-CAASMDTGGLSGKLTF-AJ2_BV16-CASSLNWGANYAEQFF-BJ2-1,0.3862799600838669,13
D7C,0.755,6.0,AV3-3-CAVSMDNNAPRF-AJ43_BV1-CTCSAVGGDTQYF-BJ2-5,0.5822015803269407,5
D7C,0.755,6.0,AV12-3-CALSDDTNKVVF-AJ34_BV13-2-CASGDKISYNSPLYF-BJ1-6,0.2602397097859243,7
D7C,0.755,6.0,AV8D-2-CATDGQGGRALIF-AJ15_BV29-CASSLGTSGNTLYF-BJ1-3,0.5076905528695296,5
D7C,0.755,6.0,AV1-CAVRPNNNNAPRF-AJ43_BV13-2-CASGARTYNYAEQFF-BJ2-1,0.5899884989442662,11
D7C,0.755,6.0,AV9D-3-CAVSMLSGSFNKLTF-AJ4_BV3-CASSQYLRDNQDTQYF-BJ2-5,0.21248473534930082,26
D7C,0.755,6.0,AV16/DV11-CAMREGGGYKVVF-AJ12_BV13-2-CASGARTYNYAEQFF-BJ2-1,0.4134077284845667,9
D7C,0.755,6.0,AV11-CVVGRRYGSSGNKLIF-AJ32_BV19-CASSTDRGLNSPLYF-BJ1-6,0.1546627827707035,7
D7C,0.755,6.0,AV7-5-CAVRPGTGSNRLTF-AJ28_BV14-CASRYRGEQYF-BJ2-7,0.4297797052199764,15
D7C,0.755,6.0,AV5D-4-CAASENSNYQLIW-AJ33_BV4-CASSQNTLYF-BJ2-4,0.259026175385782,7
D7C,0.75,6.0,AV9-2-CVLSARSGGSNAKLTF-AJ42_BV1-CTCSSQNTLYF-BJ2-4,0.26963588480450573,5
D7C,0.75,6.0,AV12D-2-CALDYANKMIF-AJ47_BV14-CASSFRAEQFF-BJ2-1,0.29449316903382194,12
D7C,0.75,6.0,AV10-CAASIASSSFSKLVF-AJ50_BV1-CTCSATNNQAPLF-BJ1-5,0.19350321730053685,7
D7C,0.75,6.0,AV8N-2-CATESQGGRALIF-AJ15_BV3-CASSDRAGQDTQYF-BJ2-5,0.2607709809764075,6
D7C,0.75,6.0,AV3D-3-CAVSDYNVLYF-AJ21_BV3-CASSQYLRDNQDTQYF-BJ2-5,0.3326297881091762,35
D7C,0.75,6.0,AV6-6-CALGEEEWATGGNNKLTF-AJ56_BV1-CTCSTRGANERLFF-BJ1-4,0.21816265333995852,40
D7C,0.75,6.0,AV7-4-CAASERGASSSFSKLVF-AJ50_BV1-CTCSATNNQAPLF-BJ1-5,0.2694545949399435,9
D7C,0.75,6.0,AV10N-CAASMDTGGLSGKLTF-AJ2_BV16-CASSLNWGANYAEQFF-BJ2-1,0.3862799600838669,13
D7C,0.75,6.0,AV3-3-CAVSMDNNAPRF-AJ43_BV1-CTCSAVGGDTQYF-BJ2-5,0.5822015803269407,5
D7C,0.75,6.0,AV12-3-CALSDDTNKVVF-AJ34_BV13-2-CASGDKISYNSPLYF-BJ1-6,0.2602397097859243,7
D7C,0.75,6.0,AV8D-2-CATDGQGGRALIF-AJ15_BV29-CASSLGTSGNTLYF-BJ1-3,0.5076905528695296,5
D7C,0.75,6.0,AV1-CAVRPNNNNAPRF-AJ43_BV13-2-CASGARTYNYAEQFF-BJ2-1,0.5899884989442662,11
D7C,0.75,6.0,AV9D-3-CAVSMLSGSFNKLTF-AJ4_BV3-CASSQYLRDNQDTQYF-BJ2-5,0.21248473534930082,26
D7C,0.75,6.0,AV16/DV11-CAMREGGGYKVVF-AJ12_BV13-2-CASGARTYNYAEQFF-BJ2-1,0.4134077284845667,9
D7C,0.75,6.0,AV11-CVVGRRYGSSGNKLIF-AJ32_BV19-CASSTDRGLNSPLYF-BJ1-6,0.1546627827707035,7
D7C,0.75,6.0,AV7-5-CAVRPGTGSNRLTF-AJ28_BV14-CASRYRGEQYF-BJ2-7,0.4297797052199764,15
D7C,0.75,6.0,AV5D-4-CAASENSNYQLIW-AJ33_BV4-CASSQNTLYF-BJ2-4,0.259026175385782,7
D7C,0.745,6.0,AV9-2-CVLSARSGGSNAKLTF-AJ42_BV1-CTCSSQNTLYF-BJ2-4,0.26963588480450573,5
D7C,0.745,6.0,AV12D-2-CALDYANKMIF-AJ47_BV14-CASSFRAEQFF-BJ2-1,0.29449316903382194,12
D7C,0.745,6.0,AV10-CAASIASSSFSKLVF-AJ50_BV1-CTCSATNNQAPLF-BJ1-5,0.19350321730053685,7
D7C,0.745,6.0,AV8N-2-CATESQGGRALIF-AJ15_BV3-CASSDRAGQDTQYF-BJ2-5,0.2607709809764075,6
D7C,0.745,6.0,AV3D-3-CAVSDYNVLYF-AJ21_BV3-CASSQYLRDNQDTQYF-BJ2-5,0.3326297881091762,35
D7C,0.745,6.0,AV6-6-CALGEEEWATGGNNKLTF-AJ56_BV1-CTCSTRGANERLFF-BJ1-4,0.21816265333995852,40
D7C,0.745,6.0,AV7-4-CAASERGASSSFSKLVF-AJ50_BV1-CTCSATNNQAPLF-BJ1-5,0.2694545949399435,9
D7C,0.745,6.0,AV10N-CAASMDTGGLSGKLTF-AJ2_BV16-CASSLNWGANYAEQFF-BJ2-1,0.3862799600838669,13
D7C,0.745,6.0,AV3-3-CAVSMDNNAPRF-AJ43_BV1-CTCSAVGGDTQYF-BJ2-5,0.5822015803269407,5
D7C,0.745,6.0,AV12-3-CALSDDTNKVVF-AJ34_BV13-2-CASGDKISYNSPLYF-BJ1-6,0.2602397097859243,7
D7C,0.745,6.0,AV8D-2-CATDGQGGRALIF-AJ15_BV29-CASSLGTSGNTLYF-BJ1-3,0.5076905528695296,5
D7C,0.745,6.0,AV1-CAVRPNNNNAPRF-AJ43_BV13-2-CASGARTYNYAEQFF-BJ2-1,0.5899884989442662,11
D7C,0.745,6.0,AV9D-3-CAVSMLSGSFNKLTF-AJ4_BV3-CASSQYLRDNQDTQYF-BJ2-5,0.21248473534930082,26
D7C,0.745,6.0,AV16/DV11-CAMREGGGYKVVF-AJ12_BV13-2-CASGARTYNYAEQFF-BJ2-1,0.4134077284845667,9
D7C,0.745,6.0,AV11-CVVGRRYGSSGNKLIF-AJ32_BV19-CASSTDRGLNSPLYF-BJ1-6,0.1546627827707035,7
D7C,0.745,6.0,AV7-5-CAVRPGTGSNRLTF-AJ28_BV14-CASRYRGEQYF-BJ2-7,0.4297797052199764,15
D7C,0.745,6.0,AV5D-4-CAASENSNYQLIW-AJ33_BV4-CASSQNTLYF-BJ2-4,0.259026175385782,7
D7C,0.74,6.38000000000001,AV9-2-CVLSARSGGSNAKLTF-AJ42_BV1-CTCSSQNTLYF-BJ2-4,0.26963588480450573,5
D7C,0.74,6.38000000000001,AV12D-2-CALDYANKMIF-AJ47_BV14-CASSFRAEQFF-BJ2-1,0.29449316903382194,12
D7C,0.74,6.38000000000001,AV10-CAASIASSSFSKLVF-AJ50_BV1-CTCSATNNQAPLF-BJ1-5,0.19350321730053685,7
D7C,0.74,6.38000000000001,AV8N-2-CATESQGGRALIF-AJ15_BV3-CASSDRAGQDTQYF-BJ2-5,0.2607709809764075,6
D7C,0.74,6.38000000000001,AV3D-3-CAVSDYNVLYF-AJ21_BV3-CASSQYLRDNQDTQYF-BJ2-5,0.34151689525315804,33
D7C,0.74,6.38000000000001,AV6-6-CALGEEEWATGGNNKLTF-AJ56_BV1-CTCSTRGANERLFF-BJ1-4,0.24513651540621137,35
D7C,0.74,6.38000000000001,AV7-4-CAASERGASSSFSKLVF-AJ50_BV1-CTCSATNNQAPLF-BJ1-5,0.29627922184286615,8
D7C,0.74,6.38000000000001,AV10N-CAASMDTGGLSGKLTF-AJ2_BV16-CASSLNWGANYAEQFF-BJ2-1,0.40236535714655813,11
D7C,0.74,6.38000000000001,AV12-3-CALSDDTNKVVF-AJ34_BV13-2-CASGDKISYNSPLYF-BJ1-6,0.2602397097859243,7
D7C,0.74,6.38000000000001,AV8D-2-CATDGQGGRALIF-AJ15_BV29-CASSLGTSGNTLYF-BJ1-3,0.5076905528695296,5
D7C,0.74,6.38000000000001,AV1-CAVRPNNNNAPRF-AJ43_BV13-2-CASGARTYNYAEQFF-BJ2-1,0.5899884989442662,11
D7C,0.74,6.38000000000001,AV9D-3-CAVSMLSGSFNKLTF-AJ4_BV3-CASSQYLRDNQDTQYF-BJ2-5,0.21248473534930082,26
D7C,0.74,6.38000000000001,AV16/DV11-CAMREGGGYKVVF-AJ12_BV13-2-CASGARTYNYAEQFF-BJ2-1,0.4134077284845667,9
D7C,0.74,6.38000000000001,AV11-CVVGRRYGSSGNKLIF-AJ32_BV19-CASSTDRGLNSPLYF-BJ1-6,0.1295430967165677,5
D7C,0.74,6.38000000000001,AV7-5-CAVRPGTGSNRLTF-AJ28_BV14-CASRYRGEQYF-BJ2-7,0.39940803440027706,12
D7C,0.74,6.38000000000001,AV5D-4-CAASENSNYQLIW-AJ33_BV4-CASSQNTLYF-BJ2-4,0.259026175385782,7
D7C,0.735,7.0,AV9-2-CVLSARSGGSNAKLTF-AJ42_BV1-CTCSSQNTLYF-BJ2-4,0.26963588480450573,5
D7C,0.735,7.0,AV12D-2-CALDYANKMIF-AJ47_BV14-CASSFRAEQFF-BJ2-1,0.29449316903382194,12
D7C,0.735,7.0,AV10-CAASIASSSFSKLVF-AJ50_BV1-CTCSATNNQAPLF-BJ1-5,0.19350321730053685,7
D7C,0.735,7.0,AV8N-2-CATESQGGRALIF-AJ15_BV3-CASSDRAGQDTQYF-BJ2-5,0.2607709809764075,6
D7C,0.735,7.0,AV3D-3-CAVSDYNVLYF-AJ21_BV3-CASSQYLRDNQDTQYF-BJ2-5,0.34151689525315804,33
D7C,0.735,7.0,AV6-6-CALGEEEWATGGNNKLTF-AJ56_BV1-CTCSTRGANERLFF-BJ1-4,0.24513651540621137,35
D7C,0.735,7.0,AV7-4-CAASERGASSSFSKLVF-AJ50_BV1-CTCSATNNQAPLF-BJ1-5,0.29627922184286615,8
D7C,0.735,7.0,AV10N-CAASMDTGGLSGKLTF-AJ2_BV16-CASSLNWGANYAEQFF-BJ2-1,0.40236535714655813,11
D7C,0.735,7.0,AV12-3-CALSDDTNKVVF-AJ34_BV13-2-CASGDKISYNSPLYF-BJ1-6,0.2602397097859243,7
D7C,0.735,7.0,AV8D-2-CATDGQGGRALIF-AJ15_BV29-CASSLGTSGNTLYF-BJ1-3,0.5076905528695296,5
D7C,0.735,7.0,AV1-CAVRPNNNNAPRF-AJ43_BV13-2-CASGARTYNYAEQFF-BJ2-1,0.5899884989442662,11
D7C,0.735,7.0,AV9D-3-CAVSMLSGSFNKLTF-AJ4_BV3-CASSQYLRDNQDTQYF-BJ2-5,0.21248473534930082,26
D7C,0.735,7.0,AV16/DV11-CAMREGGGYKVVF-AJ12_BV13-2-CASGARTYNYAEQFF-BJ2-1,0.4134077284845667,9
D7C,0.735,7.0,AV11-CVVGRRYGSSGNKLIF-AJ32_BV19-CASSTDRGLNSPLYF-BJ1-6,0.1295430967165677,5
D7C,0.735,7.0,AV7-5-CAVRPGTGSNRLTF-AJ28_BV14-CASRYRGEQYF-BJ2-7,0.39940803440027706,12
D7C,0.735,7.0,AV5D-4-CAASENSNYQLIW-AJ33_BV4-CASSQNTLYF-BJ2-4,0.259026175385782,7
D7C,0.73,7.0,AV9-2-CVLSARSGGSNAKLTF-AJ42_BV1-CTCSSQNTLYF-BJ2-4,0.26963588480450573,5
D7C,0.73,7.0,AV12D-2-CALDYANKMIF-AJ47_BV14-CASSFRAEQFF-BJ2-1,0.29449316903382194,12
D7C,0.73,7.0,AV10-CAASIASSSFSKLVF-AJ50_BV1-CTCSATNNQAPLF-BJ1-5,0.19350321730053685,7
D7C,0.73,7.0,AV8N-2-CATESQGGRALIF-AJ15_BV3-CASSDRAGQDTQYF-BJ2-5,0.2607709809764075,6
D7C,0.73,7.0,AV3D-3-CAVSDYNVLYF-AJ21_BV3-CASSQYLRDNQDTQYF-BJ2-5,0.34151689525315804,33
D7C,0.73,7.0,AV6-6-CALGEEEWATGGNNKLTF-AJ56_BV1-CTCSTRGANERLFF-BJ1-4,0.24513651540621137,35
D7C,0.73,7.0,AV7-4-CAASERGASSSFSKLVF-AJ50_BV1-CTCSATNNQAPLF-BJ1-5,0.29627922184286615,8
D7C,0.73,7.0,AV10N-CAASMDTGGLSGKLTF-AJ2_BV16-CASSLNWGANYAEQFF-BJ2-1,0.40236535714655813,11
D7C,0.73,7.0,AV12-3-CALSDDTNKVVF-AJ34_BV13-2-CASGDKISYNSPLYF-BJ1-6,0.2602397097859243,7
D7C,0.73,7.0,AV8D-2-CATDGQGGRALIF-AJ15_BV29-CASSLGTSGNTLYF-BJ1-3,0.5076905528695296,5
D7C,0.73,7.0,AV1-CAVRPNNNNAPRF-AJ43_BV13-2-CASGARTYNYAEQFF-BJ2-1,0.5899884989442662,11
D7C,0.73,7.0,AV9D-3-CAVSMLSGSFNKLTF-AJ4_BV3-CASSQYLRDNQDTQYF-BJ2-5,0.21248473534930082,26
D7C,0.73,7.0,AV16/DV11-CAMREGGGYKVVF-AJ12_BV13-2-CASGARTYNYAEQFF-BJ2-1,0.4134077284845667,9
D7C,0.73,7.0,AV11-CVVGRRYGSSGNKLIF-AJ32_BV19-CASSTDRGLNSPLYF-BJ1-6,0.1295430967165677,5
D7C,0.73,7.0,AV7-5-CAVRPGTGSNRLTF-AJ28_BV14-CASRYRGEQYF-BJ2-7,0.39940803440027706,12
D7C,0.73,7.0,AV5D-4-CAASENSNYQLIW-AJ33_BV4-CASSQNTLYF-BJ2-4,0.259026175385782,7
D7C,0.725,7.0,AV9-2-CVLSARSGGSNAKLTF-AJ42_BV1-CTCSSQNTLYF-BJ2-4,0.26963588480450573,5
D7C,0.725,7.0,AV12D-2-CALDYANKMIF-AJ47_BV14-CASSFRAEQFF-BJ2-1,0.29449316903382194,12
D7C,0.725,7.0,AV10-CAASIASSSFSKLVF-AJ50_BV1-CTCSATNNQAPLF-BJ1-5,0.19350321730053685,7
D7C,0.725,7.0,AV8N-2-CATESQGGRALIF-AJ15_BV3-CASSDRAGQDTQYF-BJ2-5,0.2607709809764075,6
D7C,0.725,7.0,AV3D-3-CAVSDYNVLYF-AJ21_BV3-CASSQYLRDNQDTQYF-BJ2-5,0.34151689525315804,33
D7C,0.725,7.0,AV6-6-CALGEEEWATGGNNKLTF-AJ56_BV1-CTCSTRGANERLFF-BJ1-4,0.24513651540621137,35
D7C,0.725,7.0,AV7-4-CAASERGASSSFSKLVF-AJ50_BV1-CTCSATNNQAPLF-BJ1-5,0.29627922184286615,8
D7C,0.725,7.0,AV10N-CAASMDTGGLSGKLTF-AJ2_BV16-CASSLNWGANYAEQFF-BJ2-1,0.40236535714655813,11
D7C,0.725,7.0,AV12-3-CALSDDTNKVVF-AJ34_BV13-2-CASGDKISYNSPLYF-BJ1-6,0.2602397097859243,7
D7C,0.725,7.0,AV8D-2-CATDGQGGRALIF-AJ15_BV29-CASSLGTSGNTLYF-BJ1-3,0.5076905528695296,5
D7C,0.725,7.0,AV1-CAVRPNNNNAPRF-AJ43_BV13-2-CASGARTYNYAEQFF-BJ2-1,0.5899884989442662,11
D7C,0.725,7.0,AV9D-3-CAVSMLSGSFNKLTF-AJ4_BV3-CASSQYLRDNQDTQYF-BJ2-5,0.21248473534930082,26
D7C,0.725,7.0,AV16/DV11-CAMREGGGYKVVF-AJ12_BV13-2-CASGARTYNYAEQFF-BJ2-1,0.4134077284845667,9
D7C,0.725,7.0,AV11-CVVGRRYGSSGNKLIF-AJ32_BV19-CASSTDRGLNSPLYF-BJ1-6,0.1295430967165677,5
D7C,0.725,7.0,AV7-5-CAVRPGTGSNRLTF-AJ28_BV14-CASRYRGEQYF-BJ2-7,0.39940803440027706,12
D7C,0.725,7.0,AV5D-4-CAASENSNYQLIW-AJ33_BV4-CASSQNTLYF-BJ2-4,0.259026175385782,7
D7C,0.72,7.0,AV9-2-CVLSARSGGSNAKLTF-AJ42_BV1-CTCSSQNTLYF-BJ2-4,0.26963588480450573,5
D7C,0.72,7.0,AV12D-2-CALDYANKMIF-AJ47_BV14-CASSFRAEQFF-BJ2-1,0.29449316903382194,12
D7C,0.72,7.0,AV10-CAASIASSSFSKLVF-AJ50_BV1-CTCSATNNQAPLF-BJ1-5,0.19350321730053685,7
D7C,0.72,7.0,AV8N-2-CATESQGGRALIF-AJ15_BV3-CASSDRAGQDTQYF-BJ2-5,0.2607709809764075,6
D7C,0.72,7.0,AV3D-3-CAVSDYNVLYF-AJ21_BV3-CASSQYLRDNQDTQYF-BJ2-5,0.34151689525315804,33
D7C,0.72,7.0,AV6-6-CALGEEEWATGGNNKLTF-AJ56_BV1-CTCSTRGANERLFF-BJ1-4,0.24513651540621137,35
D7C,0.72,7.0,AV7-4-CAASERGASSSFSKLVF-AJ50_BV1-CTCSATNNQAPLF-BJ1-5,0.29627922184286615,8
D7C,0.72,7.0,AV10N-CAASMDTGGLSGKLTF-AJ2_BV16-CASSLNWGANYAEQFF-BJ2-1,0.40236535714655813,11
D7C,0.72,7.0,AV12-3-CALSDDTNKVVF-AJ34_BV13-2-CASGDKISYNSPLYF-BJ1-6,0.2602397097859243,7
D7C,0.72,7.0,AV8D-2-CATDGQGGRALIF-AJ15_BV29-CASSLGTSGNTLYF-BJ1-3,0.5076905528695296,5
D7C,0.72,7.0,AV1-CAVRPNNNNAPRF-AJ43_BV13-2-CASGARTYNYAEQFF-BJ2-1,0.5899884989442662,11
D7C,0.72,7.0,AV9D-3-CAVSMLSGSFNKLTF-AJ4_BV3-CASSQYLRDNQDTQYF-BJ2-5,0.21248473534930082,26
D7C,0.72,7.0,AV16/DV11-CAMREGGGYKVVF-AJ12_BV13-2-CASGARTYNYAEQFF-BJ2-1,0.4134077284845667,9
D7C,0.72,7.0,AV11-CVVGRRYGSSGNKLIF-AJ32_BV19-CASSTDRGLNSPLYF-BJ1-6,0.1295430967165677,5
D7C,0.72,7.0,AV7-5-CAVRPGTGSNRLTF-AJ28_BV14-CASRYRGEQYF-BJ2-7,0.39940803440027706,12
D7C,0.72,7.0,AV5D-4-CAASENSNYQLIW-AJ33_BV4-CASSQNTLYF-BJ2-4,0.259026175385782,7
D7C,0.715,8.0,AV9-2-CVLSARSGGSNAKLTF-AJ42_BV1-CTCSSQNTLYF-BJ2-4,0.26963588480450573,5
D7C,0.715,8.0,AV12D-2-CALDYANKMIF-AJ47_BV14-CASSFRAEQFF-BJ2-1,0.326576014208512,11
D7C,0.715,8.0,AV10-CAASIASSSFSKLVF-AJ50_BV1-CTCSATNNQAPLF-BJ1-5,0.19350321730053685,7
D7C,0.715,8.0,AV8N-2-CATESQGGRALIF-AJ15_BV3-CASSDRAGQDTQYF-BJ2-5,0.2607709809764075,6
D7C,0.715,8.0,AV3D-3-CAVSDYNVLYF-AJ21_BV3-CASSQYLRDNQDTQYF-BJ2-5,0.35911435273203834,32
D7C,0.715,8.0,AV6-6-CALGEEEWATGGNNKLTF-AJ56_BV1-CTCSTRGANERLFF-BJ1-4,0.2529262121226462,34
D7C,0.715,8.0,AV7-4-CAASERGASSSFSKLVF-AJ50_BV1-CTCSATNNQAPLF-BJ1-5,0.29627922184286615,8
D7C,0.715,8.0,AV10N-CAASMDTGGLSGKLTF-AJ2_BV16-CASSLNWGANYAEQFF-BJ2-1,0.40236535714655813,11
D7C,0.715,8.0,AV12-3-CALSDDTNKVVF-AJ34_BV13-2-CASGDKISYNSPLYF-BJ1-6,0.2602397097859243,7
D7C,0.715,8.0,AV8D-2-CATDGQGGRALIF-AJ15_BV29-CASSLGTSGNTLYF-BJ1-3,0.5076905528695296,5
D7C,0.715,8.0,AV1-CAVRPNNNNAPRF-AJ43_BV13-2-CASGARTYNYAEQFF-BJ2-1,0.6990895255766654,10
D7C,0.715,8.0,AV9D-3-CAVSMLSGSFNKLTF-AJ4_BV3-CASSQYLRDNQDTQYF-BJ2-5,0.21248473534930082,26
D7C,0.715,8.0,AV16/DV11-CAMREGGGYKVVF-AJ12_BV13-2-CASGARTYNYAEQFF-BJ2-1,0.4134077284845667,9
D7C,0.715,8.0,AV7-5-CAVRPGTGSNRLTF-AJ28_BV14-CASRYRGEQYF-BJ2-7,0.39940803440027706,12
D7C,0.715,8.0,AV5D-4-CAASENSNYQLIW-AJ33_BV4-CASSQNTLYF-BJ2-4,0.259026175385782,7
D7C,0.71,8.0,AV9-2-CVLSARSGGSNAKLTF-AJ42_BV1-CTCSSQNTLYF-BJ2-4,0.26963588480450573,5
D7C,0.71,8.0,AV12D-2-CALDYANKMIF-AJ47_BV14-CASSFRAEQFF-BJ2-1,0.326576014208512,11
D7C,0.71,8.0,AV10-CAASIASSSFSKLVF-AJ50_BV1-CTCSATNNQAPLF-BJ1-5,0.19350321730053685,7
D7C,0.71,8.0,AV8N-2-CATESQGGRALIF-AJ15_BV3-CASSDRAGQDTQYF-BJ2-5,0.2607709809764075,6
D7C,0.71,8.0,AV3D-3-CAVSDYNVLYF-AJ21_BV3-CASSQYLRDNQDTQYF-BJ2-5,0.35911435273203834,32
D7C,0.71,8.0,AV6-6-CALGEEEWATGGNNKLTF-AJ56_BV1-CTCSTRGANERLFF-BJ1-4,0.2529262121226462,34
D7C,0.71,8.0,AV7-4-CAASERGASSSFSKLVF-AJ50_BV1-CTCSATNNQAPLF-BJ1-5,0.29627922184286615,8
D7C,0.71,8.0,AV10N-CAASMDTGGLSGKLTF-AJ2_BV16-CASSLNWGANYAEQFF-BJ2-1,0.40236535714655813,11
D7C,0.71,8.0,AV12-3-CALSDDTNKVVF-AJ34_BV13-2-CASGDKISYNSPLYF-BJ1-6,0.2602397097859243,7
D7C,0.71,8.0,AV8D-2-CATDGQGGRALIF-AJ15_BV29-CASSLGTSGNTLYF-BJ1-3,0.5076905528695296,5
D7C,0.71,8.0,AV1-CAVRPNNNNAPRF-AJ43_BV13-2-CASGARTYNYAEQFF-BJ2-1,0.6990895255766654,10
D7C,0.71,8.0,AV9D-3-CAVSMLSGSFNKLTF-AJ4_BV3-CASSQYLRDNQDTQYF-BJ2-5,0.21248473534930082,26
D7C,0.71,8.0,AV16/DV11-CAMREGGGYKVVF-AJ12_BV13-2-CASGARTYNYAEQFF-BJ2-1,0.4134077284845667,9
D7C,0.71,8.0,AV7-5-CAVRPGTGSNRLTF-AJ28_BV14-CASRYRGEQYF-BJ2-7,0.39940803440027706,12
D7C,0.71,8.0,AV5D-4-CAASENSNYQLIW-AJ33_BV4-CASSQNTLYF-BJ2-4,0.259026175385782,7
D7C,0.7050000000000001,8.0,AV9-2-CVLSARSGGSNAKLTF-AJ42_BV1-CTCSSQNTLYF-BJ2-4,0.26963588480450573,5
D7C,0.7050000000000001,8.0,AV12D-2-CALDYANKMIF-AJ47_BV14-CASSFRAEQFF-BJ2-1,0.326576014208512,11
D7C,0.7050000000000001,8.0,AV10-CAASIASSSFSKLVF-AJ50_BV1-CTCSATNNQAPLF-BJ1-5,0.19350321730053685,7
D7C,0.7050000000000001,8.0,AV8N-2-CATESQGGRALIF-AJ15_BV3-CASSDRAGQDTQYF-BJ2-5,0.2607709809764075,6
D7C,0.7050000000000001,8.0,AV3D-3-CAVSDYNVLYF-AJ21_BV3-CASSQYLRDNQDTQYF-BJ2-5,0.35911435273203834,32
D7C,0.7050000000000001,8.0,AV6-6-CALGEEEWATGGNNKLTF-AJ56_BV1-CTCSTRGANERLFF-BJ1-4,0.2529262121226462,34
D7C,0.7050000000000001,8.0,AV7-4-CAASERGASSSFSKLVF-AJ50_BV1-CTCSATNNQAPLF-BJ1-5,0.29627922184286615,8
D7C,0.7050000000000001,8.0,AV10N-CAASMDTGGLSGKLTF-AJ2_BV16-CASSLNWGANYAEQFF-BJ2-1,0.40236535714655813,11
D7C,0.7050000000000001,8.0,AV12-3-CALSDDTNKVVF-AJ34_BV13-2-CASGDKISYNSPLYF-BJ1-6,0.2602397097859243,7
D7C,0.7050000000000001,8.0,AV8D-2-CATDGQGGRALIF-AJ15_BV29-CASSLGTSGNTLYF-BJ1-3,0.5076905528695296,5
D7C,0.7050000000000001,8.0,AV1-CAVRPNNNNAPRF-AJ43_BV13-2-CASGARTYNYAEQFF-BJ2-1,0.6990895255766654,10
D7C,0.7050000000000001,8.0,AV9D-3-CAVSMLSGSFNKLTF-AJ4_BV3-CASSQYLRDNQDTQYF-BJ2-5,0.21248473534930082,26
D7C,0.7050000000000001,8.0,AV16/DV11-CAMREGGGYKVVF-AJ12_BV13-2-CASGARTYNYAEQFF-BJ2-1,0.4134077284845667,9
D7C,0.7050000000000001,8.0,AV7-5-CAVRPGTGSNRLTF-AJ28_BV14-CASRYRGEQYF-BJ2-7,0.39940803440027706,12
D7C,0.7050000000000001,8.0,AV5D-4-CAASENSNYQLIW-AJ33_BV4-CASSQNTLYF-BJ2-4,0.259026175385782,7
D7C,0.7,8.0,AV9-2-CVLSARSGGSNAKLTF-AJ42_BV1-CTCSSQNTLYF-BJ2-4,0.26963588480450573,5
D7C,0.7,8.0,AV12D-2-CALDYANKMIF-AJ47_BV14-CASSFRAEQFF-BJ2-1,0.326576014208512,11
D7C,0.7,8.0,AV10-CAASIASSSFSKLVF-AJ50_BV1-CTCSATNNQAPLF-BJ1-5,0.19350321730053685,7
D7C,0.7,8.0,AV8N-2-CATESQGGRALIF-AJ15_BV3-CASSDRAGQDTQYF-BJ2-5,0.2607709809764075,6
D7C,0.7,8.0,AV3D-3-CAVSDYNVLYF-AJ21_BV3-CASSQYLRDNQDTQYF-BJ2-5,0.35911435273203834,32
D7C,0.7,8.0,AV6-6-CALGEEEWATGGNNKLTF-AJ56_BV1-CTCSTRGANERLFF-BJ1-4,0.2529262121226462,34
D7C,0.7,8.0,AV7-4-CAASERGASSSFSKLVF-AJ50_BV1-CTCSATNNQAPLF-BJ1-5,0.29627922184286615,8
D7C,0.7,8.0,AV10N-CAASMDTGGLSGKLTF-AJ2_BV16-CASSLNWGANYAEQFF-BJ2-1,0.40236535714655813,11
D7C,0.7,8.0,AV12-3-CALSDDTNKVVF-AJ34_BV13-2-CASGDKISYNSPLYF-BJ1-6,0.2602397097859243,7
D7C,0.7,8.0,AV8D-2-CATDGQGGRALIF-AJ15_BV29-CASSLGTSGNTLYF-BJ1-3,0.5076905528695296,5
D7C,0.7,8.0,AV1-CAVRPNNNNAPRF-AJ43_BV13-2-CASGARTYNYAEQFF-BJ2-1,0.6990895255766654,10
D7C,0.7,8.0,AV9D-3-CAVSMLSGSFNKLTF-AJ4_BV3-CASSQYLRDNQDTQYF-BJ2-5,0.21248473534930082,26
D7C,0.7,8.0,AV16/DV11-CAMREGGGYKVVF-AJ12_BV13-2-CASGARTYNYAEQFF-BJ2-1,0.4134077284845667,9
D7C,0.7,8.0,AV7-5-CAVRPGTGSNRLTF-AJ28_BV14-CASRYRGEQYF-BJ2-7,0.39940803440027706,12
D7C,0.7,8.0,AV5D-4-CAASENSNYQLIW-AJ33_BV4-CASSQNTLYF-BJ2-4,0.259026175385782,7
D7C,0.6950000000000001,8.0,AV9-2-CVLSARSGGSNAKLTF-AJ42_BV1-CTCSSQNTLYF-BJ2-4,0.26963588480450573,5
D7C,0.6950000000000001,8.0,AV12D-2-CALDYANKMIF-AJ47_BV14-CASSFRAEQFF-BJ2-1,0.326576014208512,11
D7C,0.6950000000000001,8.0,AV10-CAASIASSSFSKLVF-AJ50_BV1-CTCSATNNQAPLF-BJ1-5,0.19350321730053685,7
D7C,0.6950000000000001,8.0,AV8N-2-CATESQGGRALIF-AJ15_BV3-CASSDRAGQDTQYF-BJ2-5,0.2607709809764075,6
D7C,0.6950000000000001,8.0,AV3D-3-CAVSDYNVLYF-AJ21_BV3-CASSQYLRDNQDTQYF-BJ2-5,0.35911435273203834,32
D7C,0.6950000000000001,8.0,AV6-6-CALGEEEWATGGNNKLTF-AJ56_BV1-CTCSTRGANERLFF-BJ1-4,0.2529262121226462,34
D7C,0.6950000000000001,8.0,AV7-4-CAASERGASSSFSKLVF-AJ50_BV1-CTCSATNNQAPLF-BJ1-5,0.29627922184286615,8
D7C,0.6950000000000001,8.0,AV10N-CAASMDTGGLSGKLTF-AJ2_BV16-CASSLNWGANYAEQFF-BJ2-1,0.40236535714655813,11
D7C,0.6950000000000001,8.0,AV12-3-CALSDDTNKVVF-AJ34_BV13-2-CASGDKISYNSPLYF-BJ1-6,0.2602397097859243,7
D7C,0.6950000000000001,8.0,AV8D-2-CATDGQGGRALIF-AJ15_BV29-CASSLGTSGNTLYF-BJ1-3,0.5076905528695296,5
D7C,0.6950000000000001,8.0,AV1-CAVRPNNNNAPRF-AJ43_BV13-2-CASGARTYNYAEQFF-BJ2-1,0.6990895255766654,10
D7C,0.6950000000000001,8.0,AV9D-3-CAVSMLSGSFNKLTF-AJ4_BV3-CASSQYLRDNQDTQYF-BJ2-5,0.21248473534930082,26
D7C,0.6950000000000001,8.0,AV16/DV11-CAMREGGGYKVVF-AJ12_BV13-2-CASGARTYNYAEQFF-BJ2-1,0.4134077284845667,9
D7C,0.6950000000000001,8.0,AV7-5-CAVRPGTGSNRLTF-AJ28_BV14-CASRYRGEQYF-BJ2-7,0.39940803440027706,12
D7C,0.6950000000000001,8.0,AV5D-4-CAASENSNYQLIW-AJ33_BV4-CASSQNTLYF-BJ2-4,0.259026175385782,7
D7C,0.69,8.0,AV9-2-CVLSARSGGSNAKLTF-AJ42_BV1-CTCSSQNTLYF-BJ2-4,0.26963588480450573,5
D7C,0.69,8.0,AV12D-2-CALDYANKMIF-AJ47_BV14-CASSFRAEQFF-BJ2-1,0.326576014208512,11
D7C,0.69,8.0,AV10-CAASIASSSFSKLVF-AJ50_BV1-CTCSATNNQAPLF-BJ1-5,0.19350321730053685,7
D7C,0.69,8.0,AV8N-2-CATESQGGRALIF-AJ15_BV3-CASSDRAGQDTQYF-BJ2-5,0.2607709809764075,6
D7C,0.69,8.0,AV3D-3-CAVSDYNVLYF-AJ21_BV3-CASSQYLRDNQDTQYF-BJ2-5,0.35911435273203834,32
D7C,0.69,8.0,AV6-6-CALGEEEWATGGNNKLTF-AJ56_BV1-CTCSTRGANERLFF-BJ1-4,0.2529262121226462,34
D7C,0.69,8.0,AV7-4-CAASERGASSSFSKLVF-AJ50_BV1-CTCSATNNQAPLF-BJ1-5,0.29627922184286615,8
D7C,0.69,8.0,AV10N-CAASMDTGGLSGKLTF-AJ2_BV16-CASSLNWGANYAEQFF-BJ2-1,0.40236535714655813,11
D7C,0.69,8.0,AV12-3-CALSDDTNKVVF-AJ34_BV13-2-CASGDKISYNSPLYF-BJ1-6,0.2602397097859243,7
D7C,0.69,8.0,AV8D-2-CATDGQGGRALIF-AJ15_BV29-CASSLGTSGNTLYF-BJ1-3,0.5076905528695296,5
D7C,0.69,8.0,AV1-CAVRPNNNNAPRF-AJ43_BV13-2-CASGARTYNYAEQFF-BJ2-1,0.6990895255766654,10
D7C,0.69,8.0,AV9D-3-CAVSMLSGSFNKLTF-AJ4_BV3-CASSQYLRDNQDTQYF-BJ2-5,0.21248473534930082,26
D7C,0.69,8.0,AV16/DV11-CAMREGGGYKVVF-AJ12_BV13-2-CASGARTYNYAEQFF-BJ2-1,0.4134077284845667,9
D7C,0.69,8.0,AV7-5-CAVRPGTGSNRLTF-AJ28_BV14-CASRYRGEQYF-BJ2-7,0.39940803440027706,12
D7C,0.69,8.0,AV5D-4-CAASENSNYQLIW-AJ33_BV4-CASSQNTLYF-BJ2-4,0.259026175385782,7
D7C,0.685,8.0,AV9-2-CVLSARSGGSNAKLTF-AJ42_BV1-CTCSSQNTLYF-BJ2-4,0.26963588480450573,5
D7C,0.685,8.0,AV12D-2-CALDYANKMIF-AJ47_BV14-CASSFRAEQFF-BJ2-1,0.326576014208512,11
D7C,0.685,8.0,AV10-CAASIASSSFSKLVF-AJ50_BV1-CTCSATNNQAPLF-BJ1-5,0.19350321730053685,7
D7C,0.685,8.0,AV8N-2-CATESQGGRALIF-AJ15_BV3-CASSDRAGQDTQYF-BJ2-5,0.2607709809764075,6
D7C,0.685,8.0,AV3D-3-CAVSDYNVLYF-AJ21_BV3-CASSQYLRDNQDTQYF-BJ2-5,0.35911435273203834,32
D7C,0.685,8.0,AV6-6-CALGEEEWATGGNNKLTF-AJ56_BV1-CTCSTRGANERLFF-BJ1-4,0.2529262121226462,34
D7C,0.685,8.0,AV7-4-CAASERGASSSFSKLVF-AJ50_BV1-CTCSATNNQAPLF-BJ1-5,0.29627922184286615,8
D7C,0.685,8.0,AV10N-CAASMDTGGLSGKLTF-AJ2_BV16-CASSLNWGANYAEQFF-BJ2-1,0.40236535714655813,11
D7C,0.685,8.0,AV12-3-CALSDDTNKVVF-AJ34_BV13-2-CASGDKISYNSPLYF-BJ1-6,0.2602397097859243,7
D7C,0.685,8.0,AV8D-2-CATDGQGGRALIF-AJ15_BV29-CASSLGTSGNTLYF-BJ1-3,0.5076905528695296,5
D7C,0.685,8.0,AV1-CAVRPNNNNAPRF-AJ43_BV13-2-CASGARTYNYAEQFF-BJ2-1,0.6990895255766654,10
D7C,0.685,8.0,AV9D-3-CAVSMLSGSFNKLTF-AJ4_BV3-CASSQYLRDNQDTQYF-BJ2-5,0.21248473534930082,26
D7C,0.685,8.0,AV16/DV11-CAMREGGGYKVVF-AJ12_BV13-2-CASGARTYNYAEQFF-BJ2-1,0.4134077284845667,9
D7C,0.685,8.0,AV7-5-CAVRPGTGSNRLTF-AJ28_BV14-CASRYRGEQYF-BJ2-7,0.39940803440027706,12
D7C,0.685,8.0,AV5D-4-CAASENSNYQLIW-AJ33_BV4-CASSQNTLYF-BJ2-4,0.259026175385782,7
D7C,0.6799999999999999,8.0,AV9-2-CVLSARSGGSNAKLTF-AJ42_BV1-CTCSSQNTLYF-BJ2-4,0.26963588480450573,5
D7C,0.6799999999999999,8.0,AV12D-2-CALDYANKMIF-AJ47_BV14-CASSFRAEQFF-BJ2-1,0.326576014208512,11
D7C,0.6799999999999999,8.0,AV10-CAASIASSSFSKLVF-AJ50_BV1-CTCSATNNQAPLF-BJ1-5,0.19350321730053685,7
D7C,0.6799999999999999,8.0,AV8N-2-CATESQGGRALIF-AJ15_BV3-CASSDRAGQDTQYF-BJ2-5,0.2607709809764075,6
D7C,0.6799999999999999,8.0,AV3D-3-CAVSDYNVLYF-AJ21_BV3-CASSQYLRDNQDTQYF-BJ2-5,0.35911435273203834,32
D7C,0.6799999999999999,8.0,AV6-6-CALGEEEWATGGNNKLTF-AJ56_BV1-CTCSTRGANERLFF-BJ1-4,0.2529262121226462,34
D7C,0.6799999999999999,8.0,AV7-4-CAASERGASSSFSKLVF-AJ50_BV1-CTCSATNNQAPLF-BJ1-5,0.29627922184286615,8
D7C,0.6799999999999999,8.0,AV10N-CAASMDTGGLSGKLTF-AJ2_BV16-CASSLNWGANYAEQFF-BJ2-1,0.40236535714655813,11
D7C,0.6799999999999999,8.0,AV12-3-CALSDDTNKVVF-AJ34_BV13-2-CASGDKISYNSPLYF-BJ1-6,0.2602397097859243,7
D7C,0.6799999999999999,8.0,AV8D-2-CATDGQGGRALIF-AJ15_BV29-CASSLGTSGNTLYF-BJ1-3,0.5076905528695296,5
D7C,0.6799999999999999,8.0,AV1-CAVRPNNNNAPRF-AJ43_BV13-2-CASGARTYNYAEQFF-BJ2-1,0.6990895255766654,10
D7C,0.6799999999999999,8.0,AV9D-3-CAVSMLSGSFNKLTF-AJ4_BV3-CASSQYLRDNQDTQYF-BJ2-5,0.21248473534930082,26
D7C,0.6799999999999999,8.0,AV16/DV11-CAMREGGGYKVVF-AJ12_BV13-2-CASGARTYNYAEQFF-BJ2-1,0.4134077284845667,9
D7C,0.6799999999999999,8.0,AV7-5-CAVRPGTGSNRLTF-AJ28_BV14-CASRYRGEQYF-BJ2-7,0.39940803440027706,12
D7C,0.6799999999999999,8.0,AV5D-4-CAASENSNYQLIW-AJ33_BV4-CASSQNTLYF-BJ2-4,0.259026175385782,7
D7C,0.675,8.0,AV9-2-CVLSARSGGSNAKLTF-AJ42_BV1-CTCSSQNTLYF-BJ2-4,0.26963588480450573,5
D7C,0.675,8.0,AV12D-2-CALDYANKMIF-AJ47_BV14-CASSFRAEQFF-BJ2-1,0.326576014208512,11
D7C,0.675,8.0,AV10-CAASIASSSFSKLVF-AJ50_BV1-CTCSATNNQAPLF-BJ1-5,0.19350321730053685,7
D7C,0.675,8.0,AV8N-2-CATESQGGRALIF-AJ15_BV3-CASSDRAGQDTQYF-BJ2-5,0.2607709809764075,6
D7C,0.675,8.0,AV3D-3-CAVSDYNVLYF-AJ21_BV3-CASSQYLRDNQDTQYF-BJ2-5,0.35911435273203834,32
D7C,0.675,8.0,AV6-6-CALGEEEWATGGNNKLTF-AJ56_BV1-CTCSTRGANERLFF-BJ1-4,0.2529262121226462,34
D7C,0.675,8.0,AV7-4-CAASERGASSSFSKLVF-AJ50_BV1-CTCSATNNQAPLF-BJ1-5,0.29627922184286615,8
D7C,0.675,8.0,AV10N-CAASMDTGGLSGKLTF-AJ2_BV16-CASSLNWGANYAEQFF-BJ2-1,0.40236535714655813,11
D7C,0.675,8.0,AV12-3-CALSDDTNKVVF-AJ34_BV13-2-CASGDKISYNSPLYF-BJ1-6,0.2602397097859243,7
D7C,0.675,8.0,AV8D-2-CATDGQGGRALIF-AJ15_BV29-CASSLGTSGNTLYF-BJ1-3,0.5076905528695296,5
D7C,0.675,8.0,AV1-CAVRPNNNNAPRF-AJ43_BV13-2-CASGARTYNYAEQFF-BJ2-1,0.6990895255766654,10
D7C,0.675,8.0,AV9D-3-CAVSMLSGSFNKLTF-AJ4_BV3-CASSQYLRDNQDTQYF-BJ2-5,0.21248473534930082,26
D7C,0.675,8.0,AV16/DV11-CAMREGGGYKVVF-AJ12_BV13-2-CASGARTYNYAEQFF-BJ2-1,0.4134077284845667,9
D7C,0.675,8.0,AV7-5-CAVRPGTGSNRLTF-AJ28_BV14-CASRYRGEQYF-BJ2-7,0.39940803440027706,12
D7C,0.675,8.0,AV5D-4-CAASENSNYQLIW-AJ33_BV4-CASSQNTLYF-BJ2-4,0.259026175385782,7
D7C,0.6699999999999999,9.0,AV9-2-CVLSARSGGSNAKLTF-AJ42_BV1-CTCSSQNTLYF-BJ2-4,0.26963588480450573,5
D7C,0.6699999999999999,9.0,AV12D-2-CALDYANKMIF-AJ47_BV14-CASSFRAEQFF-BJ2-1,0.323136851025478,10
D7C,0.6699999999999999,9.0,AV10-CAASIASSSFSKLVF-AJ50_BV1-CTCSATNNQAPLF-BJ1-5,0.19350321730053685,7
D7C,0.6699999999999999,9.0,AV8N-2-CATESQGGRALIF-AJ15_BV3-CASSDRAGQDTQYF-BJ2-5,0.2607709809764075,6
D7C,0.6699999999999999,9.0,AV3D-3-CAVSDYNVLYF-AJ21_BV3-CASSQYLRDNQDTQYF-BJ2-5,0.3548321384975861,29
D7C,0.6699999999999999,9.0,AV6-6-CALGEEEWATGGNNKLTF-AJ56_BV1-CTCSTRGANERLFF-BJ1-4,0.24463946264407327,32
D7C,0.6699999999999999,9.0,AV7-4-CAASERGASSSFSKLVF-AJ50_BV1-CTCSATNNQAPLF-BJ1-5,0.29627922184286615,8
D7C,0.6699999999999999,9.0,AV10N-CAASMDTGGLSGKLTF-AJ2_BV16-CASSLNWGANYAEQFF-BJ2-1,0.4539691277904095,10
D7C,0.6699999999999999,9.0,AV12-3-CALSDDTNKVVF-AJ34_BV13-2-CASGDKISYNSPLYF-BJ1-6,0.2602397097859243,7
D7C,0.6699999999999999,9.0,AV8D-2-CATDGQGGRALIF-AJ15_BV29-CASSLGTSGNTLYF-BJ1-3,0.5076905528695296,5
D7C,0.6699999999999999,9.0,AV1-CAVRPNNNNAPRF-AJ43_BV13-2-CASGARTYNYAEQFF-BJ2-1,0.6990895255766654,10
D7C,0.6699999999999999,9.0,AV9D-3-CAVSMLSGSFNKLTF-AJ4_BV3-CASSQYLRDNQDTQYF-BJ2-5,0.21248429512369946,23
D7C,0.6699999999999999,9.0,AV16/DV11-CAMREGGGYKVVF-AJ12_BV13-2-CASGARTYNYAEQFF-BJ2-1,0.4404546808880297,8
D7C,0.6699999999999999,9.0,AV7-5-CAVRPGTGSNRLTF-AJ28_BV14-CASRYRGEQYF-BJ2-7,0.3970163348383602,11
D7C,0.6699999999999999,9.0,AV5D-4-CAASENSNYQLIW-AJ33_BV4-CASSQNTLYF-BJ2-4,0.259026175385782,7
D7C,0.665,9.0,AV9-2-CVLSARSGGSNAKLTF-AJ42_BV1-CTCSSQNTLYF-BJ2-4,0.26963588480450573,5
D7C,0.665,9.0,AV12D-2-CALDYANKMIF-AJ47_BV14-CASSFRAEQFF-BJ2-1,0.323136851025478,10
D7C,0.665,9.0,AV10-CAASIASSSFSKLVF-AJ50_BV1-CTCSATNNQAPLF-BJ1-5,0.19350321730053685,7
D7C,0.665,9.0,AV8N-2-CATESQGGRALIF-AJ15_BV3-CASSDRAGQDTQYF-BJ2-5,0.2607709809764075,6
D7C,0.665,9.0,AV3D-3-CAVSDYNVLYF-AJ21_BV3-CASSQYLRDNQDTQYF-BJ2-5,0.3548321384975861,29
D7C,0.665,9.0,AV6-6-CALGEEEWATGGNNKLTF-AJ56_BV1-CTCSTRGANERLFF-BJ1-4,0.24463946264407327,32
D7C,0.665,9.0,AV7-4-CAASERGASSSFSKLVF-AJ50_BV1-CTCSATNNQAPLF-BJ1-5,0.29627922184286615,8
D7C,0.665,9.0,AV10N-CAASMDTGGLSGKLTF-AJ2_BV16-CASSLNWGANYAEQFF-BJ2-1,0.4539691277904095,10
D7C,0.665,9.0,AV12-3-CALSDDTNKVVF-AJ34_BV13-2-CASGDKISYNSPLYF-BJ1-6,0.2602397097859243,7
D7C,0.665,9.0,AV8D-2-CATDGQGGRALIF-AJ15_BV29-CASSLGTSGNTLYF-BJ1-3,0.5076905528695296,5
D7C,0.665,9.0,AV1-CAVRPNNNNAPRF-AJ43_BV13-2-CASGARTYNYAEQFF-BJ2-1,0.6990895255766654,10
D7C,0.665,9.0,AV9D-3-CAVSMLSGSFNKLTF-AJ4_BV3-CASSQYLRDNQDTQYF-BJ2-5,0.21248429512369946,23
D7C,0.665,9.0,AV16/DV11-CAMREGGGYKVVF-AJ12_BV13-2-CASGARTYNYAEQFF-BJ2-1,0.4404546808880297,8
D7C,0.665,9.0,AV7-5-CAVRPGTGSNRLTF-AJ28_BV14-CASRYRGEQYF-BJ2-7,0.3970163348383602,11
D7C,0.665,9.0,AV5D-4-CAASENSNYQLIW-AJ33_BV4-CASSQNTLYF-BJ2-4,0.259026175385782,7
D7C,0.6599999999999999,9.0,AV9-2-CVLSARSGGSNAKLTF-AJ42_BV1-CTCSSQNTLYF-BJ2-4,0.26963588480450573,5
D7C,0.6599999999999999,9.0,AV12D-2-CALDYANKMIF-AJ47_BV14-CASSFRAEQFF-BJ2-1,0.323136851025478,10
D7C,0.6599999999999999,9.0,AV10-CAASIASSSFSKLVF-AJ50_BV1-CTCSATNNQAPLF-BJ1-5,0.19350321730053685,7
D7C,0.6599999999999999,9.0,AV8N-2-CATESQGGRALIF-AJ15_BV3-CASSDRAGQDTQYF-BJ2-5,0.2607709809764075,6
D7C,0.6599999999999999,9.0,AV3D-3-CAVSDYNVLYF-AJ21_BV3-CASSQYLRDNQDTQYF-BJ2-5,0.3548321384975861,29
D7C,0.6599999999999999,9.0,AV6-6-CALGEEEWATGGNNKLTF-AJ56_BV1-CTCSTRGANERLFF-BJ1-4,0.24463946264407327,32
D7C,0.6599999999999999,9.0,AV7-4-CAASERGASSSFSKLVF-AJ50_BV1-CTCSATNNQAPLF-BJ1-5,0.29627922184286615,8
D7C,0.6599999999999999,9.0,AV10N-CAASMDTGGLSGKLTF-AJ2_BV16-CASSLNWGANYAEQFF-BJ2-1,0.4539691277904095,10
D7C,0.6599999999999999,9.0,AV12-3-CALSDDTNKVVF-AJ34_BV13-2-CASGDKISYNSPLYF-BJ1-6,0.2602397097859243,7
D7C,0.6599999999999999,9.0,AV8D-2-CATDGQGGRALIF-AJ15_BV29-CASSLGTSGNTLYF-BJ1-3,0.5076905528695296,5
D7C,0.6599999999999999,9.0,AV1-CAVRPNNNNAPRF-AJ43_BV13-2-CASGARTYNYAEQFF-BJ2-1,0.6990895255766654,10
D7C,0.6599999999999999,9.0,AV9D-3-CAVSMLSGSFNKLTF-AJ4_BV3-CASSQYLRDNQDTQYF-BJ2-5,0.21248429512369946,23
D7C,0.6599999999999999,9.0,AV16/DV11-CAMREGGGYKVVF-AJ12_BV13-2-CASGARTYNYAEQFF-BJ2-1,0.4404546808880297,8
D7C,0.6599999999999999,9.0,AV7-5-CAVRPGTGSNRLTF-AJ28_BV14-CASRYRGEQYF-BJ2-7,0.3970163348383602,11
D7C,0.6599999999999999,9.0,AV5D-4-CAASENSNYQLIW-AJ33_BV4-CASSQNTLYF-BJ2-4,0.259026175385782,7
D7C,0.655,9.0,AV9-2-CVLSARSGGSNAKLTF-AJ42_BV1-CTCSSQNTLYF-BJ2-4,0.26963588480450573,5
D7C,0.655,9.0,AV12D-2-CALDYANKMIF-AJ47_BV14-CASSFRAEQFF-BJ2-1,0.323136851025478,10
D7C,0.655,9.0,AV10-CAASIASSSFSKLVF-AJ50_BV1-CTCSATNNQAPLF-BJ1-5,0.19350321730053685,7
D7C,0.655,9.0,AV8N-2-CATESQGGRALIF-AJ15_BV3-CASSDRAGQDTQYF-BJ2-5,0.2607709809764075,6
D7C,0.655,9.0,AV3D-3-CAVSDYNVLYF-AJ21_BV3-CASSQYLRDNQDTQYF-BJ2-5,0.3548321384975861,29
D7C,0.655,9.0,AV6-6-CALGEEEWATGGNNKLTF-AJ56_BV1-CTCSTRGANERLFF-BJ1-4,0.24463946264407327,32
D7C,0.655,9.0,AV7-4-CAASERGASSSFSKLVF-AJ50_BV1-CTCSATNNQAPLF-BJ1-5,0.29627922184286615,8
D7C,0.655,9.0,AV10N-CAASMDTGGLSGKLTF-AJ2_BV16-CASSLNWGANYAEQFF-BJ2-1,0.4539691277904095,10
D7C,0.655,9.0,AV12-3-CALSDDTNKVVF-AJ34_BV13-2-CASGDKISYNSPLYF-BJ1-6,0.2602397097859243,7
D7C,0.655,9.0,AV8D-2-CATDGQGGRALIF-AJ15_BV29-CASSLGTSGNTLYF-BJ1-3,0.5076905528695296,5
D7C,0.655,9.0,AV1-CAVRPNNNNAPRF-AJ43_BV13-2-CASGARTYNYAEQFF-BJ2-1,0.6990895255766654,10
D7C,0.655,9.0,AV9D-3-CAVSMLSGSFNKLTF-AJ4_BV3-CASSQYLRDNQDTQYF-BJ2-5,0.21248429512369946,23
D7C,0.655,9.0,AV16/DV11-CAMREGGGYKVVF-AJ12_BV13-2-CASGARTYNYAEQFF-BJ2-1,0.4404546808880297,8
D7C,0.655,9.0,AV7-5-CAVRPGTGSNRLTF-AJ28_BV14-CASRYRGEQYF-BJ2-7,0.3970163348383602,11
D7C,0.655,9.0,AV5D-4-CAASENSNYQLIW-AJ33_BV4-CASSQNTLYF-BJ2-4,0.259026175385782,7
D7C,0.6499999999999999,9.0,AV9-2-CVLSARSGGSNAKLTF-AJ42_BV1-CTCSSQNTLYF-BJ2-4,0.26963588480450573,5
D7C,0.6499999999999999,9.0,AV12D-2-CALDYANKMIF-AJ47_BV14-CASSFRAEQFF-BJ2-1,0.323136851025478,10
D7C,0.6499999999999999,9.0,AV10-CAASIASSSFSKLVF-AJ50_BV1-CTCSATNNQAPLF-BJ1-5,0.19350321730053685,7
D7C,0.6499999999999999,9.0,AV8N-2-CATESQGGRALIF-AJ15_BV3-CASSDRAGQDTQYF-BJ2-5,0.2607709809764075,6
D7C,0.6499999999999999,9.0,AV3D-3-CAVSDYNVLYF-AJ21_BV3-CASSQYLRDNQDTQYF-BJ2-5,0.3548321384975861,29
D7C,0.6499999999999999,9.0,AV6-6-CALGEEEWATGGNNKLTF-AJ56_BV1-CTCSTRGANERLFF-BJ1-4,0.24463946264407327,32
D7C,0.6499999999999999,9.0,AV7-4-CAASERGASSSFSKLVF-AJ50_BV1-CTCSATNNQAPLF-BJ1-5,0.29627922184286615,8
D7C,0.6499999999999999,9.0,AV10N-CAASMDTGGLSGKLTF-AJ2_BV16-CASSLNWGANYAEQFF-BJ2-1,0.4539691277904095,10
D7C,0.6499999999999999,9.0,AV12-3-CALSDDTNKVVF-AJ34_BV13-2-CASGDKISYNSPLYF-BJ1-6,0.2602397097859243,7
D7C,0.6499999999999999,9.0,AV8D-2-CATDGQGGRALIF-AJ15_BV29-CASSLGTSGNTLYF-BJ1-3,0.5076905528695296,5
D7C,0.6499999999999999,9.0,AV1-CAVRPNNNNAPRF-AJ43_BV13-2-CASGARTYNYAEQFF-BJ2-1,0.6990895255766654,10
D7C,0.6499999999999999,9.0,AV9D-3-CAVSMLSGSFNKLTF-AJ4_BV3-CASSQYLRDNQDTQYF-BJ2-5,0.21248429512369946,23
D7C,0.6499999999999999,9.0,AV16/DV11-CAMREGGGYKVVF-AJ12_BV13-2-CASGARTYNYAEQFF-BJ2-1,0.4404546808880297,8
D7C,0.6499999999999999,9.0,AV7-5-CAVRPGTGSNRLTF-AJ28_BV14-CASRYRGEQYF-BJ2-7,0.3970163348383602,11
D7C,0.6499999999999999,9.0,AV5D-4-CAASENSNYQLIW-AJ33_BV4-CASSQNTLYF-BJ2-4,0.259026175385782,7
D7C,0.645,9.0,AV9-2-CVLSARSGGSNAKLTF-AJ42_BV1-CTCSSQNTLYF-BJ2-4,0.26963588480450573,5
D7C,0.645,9.0,AV12D-2-CALDYANKMIF-AJ47_BV14-CASSFRAEQFF-BJ2-1,0.323136851025478,10
D7C,0.645,9.0,AV10-CAASIASSSFSKLVF-AJ50_BV1-CTCSATNNQAPLF-BJ1-5,0.19350321730053685,7
D7C,0.645,9.0,AV8N-2-CATESQGGRALIF-AJ15_BV3-CASSDRAGQDTQYF-BJ2-5,0.2607709809764075,6
D7C,0.645,9.0,AV3D-3-CAVSDYNVLYF-AJ21_BV3-CASSQYLRDNQDTQYF-BJ2-5,0.3548321384975861,29
D7C,0.645,9.0,AV6-6-CALGEEEWATGGNNKLTF-AJ56_BV1-CTCSTRGANERLFF-BJ1-4,0.24463946264407327,32
D7C,0.645,9.0,AV7-4-CAASERGASSSFSKLVF-AJ50_BV1-CTCSATNNQAPLF-BJ1-5,0.29627922184286615,8
D7C,0.645,9.0,AV10N-CAASMDTGGLSGKLTF-AJ2_BV16-CASSLNWGANYAEQFF-BJ2-1,0.4539691277904095,10
D7C,0.645,9.0,AV12-3-CALSDDTNKVVF-AJ34_BV13-2-CASGDKISYNSPLYF-BJ1-6,0.2602397097859243,7
D7C,0.645,9.0,AV8D-2-CATDGQGGRALIF-AJ15_BV29-CASSLGTSGNTLYF-BJ1-3,0.5076905528695296,5
D7C,0.645,9.0,AV1-CAVRPNNNNAPRF-AJ43_BV13-2-CASGARTYNYAEQFF-BJ2-1,0.6990895255766654,10
D7C,0.645,9.0,AV9D-3-CAVSMLSGSFNKLTF-AJ4_BV3-CASSQYLRDNQDTQYF-BJ2-5,0.21248429512369946,23
D7C,0.645,9.0,AV16/DV11-CAMREGGGYKVVF-AJ12_BV13-2-CASGARTYNYAEQFF-BJ2-1,0.4404546808880297,8
D7C,0.645,9.0,AV7-5-CAVRPGTGSNRLTF-AJ28_BV14-CASRYRGEQYF-BJ2-7,0.3970163348383602,11
D7C,0.645,9.0,AV5D-4-CAASENSNYQLIW-AJ33_BV4-CASSQNTLYF-BJ2-4,0.259026175385782,7
D7C,0.64,9.0,AV9-2-CVLSARSGGSNAKLTF-AJ42_BV1-CTCSSQNTLYF-BJ2-4,0.26963588480450573,5
D7C,0.64,9.0,AV12D-2-CALDYANKMIF-AJ47_BV14-CASSFRAEQFF-BJ2-1,0.323136851025478,10
D7C,0.64,9.0,AV10-CAASIASSSFSKLVF-AJ50_BV1-CTCSATNNQAPLF-BJ1-5,0.19350321730053685,7
D7C,0.64,9.0,AV8N-2-CATESQGGRALIF-AJ15_BV3-CASSDRAGQDTQYF-BJ2-5,0.2607709809764075,6
D7C,0.64,9.0,AV3D-3-CAVSDYNVLYF-AJ21_BV3-CASSQYLRDNQDTQYF-BJ2-5,0.3548321384975861,29
D7C,0.64,9.0,AV6-6-CALGEEEWATGGNNKLTF-AJ56_BV1-CTCSTRGANERLFF-BJ1-4,0.24463946264407327,32
D7C,0.64,9.0,AV7-4-CAASERGASSSFSKLVF-AJ50_BV1-CTCSATNNQAPLF-BJ1-5,0.29627922184286615,8
D7C,0.64,9.0,AV10N-CAASMDTGGLSGKLTF-AJ2_BV16-CASSLNWGANYAEQFF-BJ2-1,0.4539691277904095,10
D7C,0.64,9.0,AV12-3-CALSDDTNKVVF-AJ34_BV13-2-CASGDKISYNSPLYF-BJ1-6,0.2602397097859243,7
D7C,0.64,9.0,AV8D-2-CATDGQGGRALIF-AJ15_BV29-CASSLGTSGNTLYF-BJ1-3,0.5076905528695296,5
D7C,0.64,9.0,AV1-CAVRPNNNNAPRF-AJ43_BV13-2-CASGARTYNYAEQFF-BJ2-1,0.6990895255766654,10
D7C,0.64,9.0,AV9D-3-CAVSMLSGSFNKLTF-AJ4_BV3-CASSQYLRDNQDTQYF-BJ2-5,0.21248429512369946,23
D7C,0.64,9.0,AV16/DV11-CAMREGGGYKVVF-AJ12_BV13-2-CASGARTYNYAEQFF-BJ2-1,0.4404546808880297,8
D7C,0.64,9.0,AV7-5-CAVRPGTGSNRLTF-AJ28_BV14-CASRYRGEQYF-BJ2-7,0.3970163348383602,11
D7C,0.64,9.0,AV5D-4-CAASENSNYQLIW-AJ33_BV4-CASSQNTLYF-BJ2-4,0.259026175385782,7
D7C,0.635,9.0,AV9-2-CVLSARSGGSNAKLTF-AJ42_BV1-CTCSSQNTLYF-BJ2-4,0.26963588480450573,5
D7C,0.635,9.0,AV12D-2-CALDYANKMIF-AJ47_BV14-CASSFRAEQFF-BJ2-1,0.323136851025478,10
D7C,0.635,9.0,AV10-CAASIASSSFSKLVF-AJ50_BV1-CTCSATNNQAPLF-BJ1-5,0.19350321730053685,7
D7C,0.635,9.0,AV8N-2-CATESQGGRALIF-AJ15_BV3-CASSDRAGQDTQYF-BJ2-5,0.2607709809764075,6
D7C,0.635,9.0,AV3D-3-CAVSDYNVLYF-AJ21_BV3-CASSQYLRDNQDTQYF-BJ2-5,0.3548321384975861,29
D7C,0.635,9.0,AV6-6-CALGEEEWATGGNNKLTF-AJ56_BV1-CTCSTRGANERLFF-BJ1-4,0.24463946264407327,32
D7C,0.635,9.0,AV7-4-CAASERGASSSFSKLVF-AJ50_BV1-CTCSATNNQAPLF-BJ1-5,0.29627922184286615,8
D7C,0.635,9.0,AV10N-CAASMDTGGLSGKLTF-AJ2_BV16-CASSLNWGANYAEQFF-BJ2-1,0.4539691277904095,10
D7C,0.635,9.0,AV12-3-CALSDDTNKVVF-AJ34_BV13-2-CASGDKISYNSPLYF-BJ1-6,0.2602397097859243,7
D7C,0.635,9.0,AV8D-2-CATDGQGGRALIF-AJ15_BV29-CASSLGTSGNTLYF-BJ1-3,0.5076905528695296,5
D7C,0.635,9.0,AV1-CAVRPNNNNAPRF-AJ43_BV13-2-CASGARTYNYAEQFF-BJ2-1,0.6990895255766654,10
D7C,0.635,9.0,AV9D-3-CAVSMLSGSFNKLTF-AJ4_BV3-CASSQYLRDNQDTQYF-BJ2-5,0.21248429512369946,23
D7C,0.635,9.0,AV16/DV11-CAMREGGGYKVVF-AJ12_BV13-2-CASGARTYNYAEQFF-BJ2-1,0.4404546808880297,8
D7C,0.635,9.0,AV7-5-CAVRPGTGSNRLTF-AJ28_BV14-CASRYRGEQYF-BJ2-7,0.3970163348383602,11
D7C,0.635,9.0,AV5D-4-CAASENSNYQLIW-AJ33_BV4-CASSQNTLYF-BJ2-4,0.259026175385782,7
D7C,0.63,9.0,AV9-2-CVLSARSGGSNAKLTF-AJ42_BV1-CTCSSQNTLYF-BJ2-4,0.26963588480450573,5
D7C,0.63,9.0,AV12D-2-CALDYANKMIF-AJ47_BV14-CASSFRAEQFF-BJ2-1,0.323136851025478,10
D7C,0.63,9.0,AV10-CAASIASSSFSKLVF-AJ50_BV1-CTCSATNNQAPLF-BJ1-5,0.19350321730053685,7
D7C,0.63,9.0,AV8N-2-CATESQGGRALIF-AJ15_BV3-CASSDRAGQDTQYF-BJ2-5,0.2607709809764075,6
D7C,0.63,9.0,AV3D-3-CAVSDYNVLYF-AJ21_BV3-CASSQYLRDNQDTQYF-BJ2-5,0.3548321384975861,29
D7C,0.63,9.0,AV6-6-CALGEEEWATGGNNKLTF-AJ56_BV1-CTCSTRGANERLFF-BJ1-4,0.24463946264407327,32
D7C,0.63,9.0,AV7-4-CAASERGASSSFSKLVF-AJ50_BV1-CTCSATNNQAPLF-BJ1-5,0.29627922184286615,8
D7C,0.63,9.0,AV10N-CAASMDTGGLSGKLTF-AJ2_BV16-CASSLNWGANYAEQFF-BJ2-1,0.4539691277904095,10
D7C,0.63,9.0,AV12-3-CALSDDTNKVVF-AJ34_BV13-2-CASGDKISYNSPLYF-BJ1-6,0.2602397097859243,7
D7C,0.63,9.0,AV8D-2-CATDGQGGRALIF-AJ15_BV29-CASSLGTSGNTLYF-BJ1-3,0.5076905528695296,5
D7C,0.63,9.0,AV1-CAVRPNNNNAPRF-AJ43_BV13-2-CASGARTYNYAEQFF-BJ2-1,0.6990895255766654,10
D7C,0.63,9.0,AV9D-3-CAVSMLSGSFNKLTF-AJ4_BV3-CASSQYLRDNQDTQYF-BJ2-5,0.21248429512369946,23
D7C,0.63,9.0,AV16/DV11-CAMREGGGYKVVF-AJ12_BV13-2-CASGARTYNYAEQFF-BJ2-1,0.4404546808880297,8
D7C,0.63,9.0,AV7-5-CAVRPGTGSNRLTF-AJ28_BV14-CASRYRGEQYF-BJ2-7,0.3970163348383602,11
D7C,0.63,9.0,AV5D-4-CAASENSNYQLIW-AJ33_BV4-CASSQNTLYF-BJ2-4,0.259026175385782,7
D7C,0.625,9.0,AV9-2-CVLSARSGGSNAKLTF-AJ42_BV1-CTCSSQNTLYF-BJ2-4,0.26963588480450573,5
D7C,0.625,9.0,AV12D-2-CALDYANKMIF-AJ47_BV14-CASSFRAEQFF-BJ2-1,0.323136851025478,10
D7C,0.625,9.0,AV10-CAASIASSSFSKLVF-AJ50_BV1-CTCSATNNQAPLF-BJ1-5,0.19350321730053685,7
D7C,0.625,9.0,AV8N-2-CATESQGGRALIF-AJ15_BV3-CASSDRAGQDTQYF-BJ2-5,0.2607709809764075,6
D7C,0.625,9.0,AV3D-3-CAVSDYNVLYF-AJ21_BV3-CASSQYLRDNQDTQYF-BJ2-5,0.3548321384975861,29
D7C,0.625,9.0,AV6-6-CALGEEEWATGGNNKLTF-AJ56_BV1-CTCSTRGANERLFF-BJ1-4,0.24463946264407327,32
D7C,0.625,9.0,AV7-4-CAASERGASSSFSKLVF-AJ50_BV1-CTCSATNNQAPLF-BJ1-5,0.29627922184286615,8
D7C,0.625,9.0,AV10N-CAASMDTGGLSGKLTF-AJ2_BV16-CASSLNWGANYAEQFF-BJ2-1,0.4539691277904095,10
D7C,0.625,9.0,AV12-3-CALSDDTNKVVF-AJ34_BV13-2-CASGDKISYNSPLYF-BJ1-6,0.2602397097859243,7
D7C,0.625,9.0,AV8D-2-CATDGQGGRALIF-AJ15_BV29-CASSLGTSGNTLYF-BJ1-3,0.5076905528695296,5
D7C,0.625,9.0,AV1-CAVRPNNNNAPRF-AJ43_BV13-2-CASGARTYNYAEQFF-BJ2-1,0.6990895255766654,10
D7C,0.625,9.0,AV9D-3-CAVSMLSGSFNKLTF-AJ4_BV3-CASSQYLRDNQDTQYF-BJ2-5,0.21248429512369946,23
D7C,0.625,9.0,AV16/DV11-CAMREGGGYKVVF-AJ12_BV13-2-CASGARTYNYAEQFF-BJ2-1,0.4404546808880297,8
D7C,0.625,9.0,AV7-5-CAVRPGTGSNRLTF-AJ28_BV14-CASRYRGEQYF-BJ2-7,0.3970163348383602,11
D7C,0.625,9.0,AV5D-4-CAASENSNYQLIW-AJ33_BV4-CASSQNTLYF-BJ2-4,0.259026175385782,7
D7C,0.62,9.0,AV9-2-CVLSARSGGSNAKLTF-AJ42_BV1-CTCSSQNTLYF-BJ2-4,0.26963588480450573,5
D7C,0.62,9.0,AV12D-2-CALDYANKMIF-AJ47_BV14-CASSFRAEQFF-BJ2-1,0.323136851025478,10
D7C,0.62,9.0,AV10-CAASIASSSFSKLVF-AJ50_BV1-CTCSATNNQAPLF-BJ1-5,0.19350321730053685,7
D7C,0.62,9.0,AV8N-2-CATESQGGRALIF-AJ15_BV3-CASSDRAGQDTQYF-BJ2-5,0.2607709809764075,6
D7C,0.62,9.0,AV3D-3-CAVSDYNVLYF-AJ21_BV3-CASSQYLRDNQDTQYF-BJ2-5,0.3548321384975861,29
D7C,0.62,9.0,AV6-6-CALGEEEWATGGNNKLTF-AJ56_BV1-CTCSTRGANERLFF-BJ1-4,0.24463946264407327,32
D7C,0.62,9.0,AV7-4-CAASERGASSSFSKLVF-AJ50_BV1-CTCSATNNQAPLF-BJ1-5,0.29627922184286615,8
D7C,0.62,9.0,AV10N-CAASMDTGGLSGKLTF-AJ2_BV16-CASSLNWGANYAEQFF-BJ2-1,0.4539691277904095,10
D7C,0.62,9.0,AV12-3-CALSDDTNKVVF-AJ34_BV13-2-CASGDKISYNSPLYF-BJ1-6,0.2602397097859243,7
D7C,0.62,9.0,AV8D-2-CATDGQGGRALIF-AJ15_BV29-CASSLGTSGNTLYF-BJ1-3,0.5076905528695296,5
D7C,0.62,9.0,AV1-CAVRPNNNNAPRF-AJ43_BV13-2-CASGARTYNYAEQFF-BJ2-1,0.6990895255766654,10
D7C,0.62,9.0,AV9D-3-CAVSMLSGSFNKLTF-AJ4_BV3-CASSQYLRDNQDTQYF-BJ2-5,0.21248429512369946,23
D7C,0.62,9.0,AV16/DV11-CAMREGGGYKVVF-AJ12_BV13-2-CASGARTYNYAEQFF-BJ2-1,0.4404546808880297,8
D7C,0.62,9.0,AV7-5-CAVRPGTGSNRLTF-AJ28_BV14-CASRYRGEQYF-BJ2-7,0.3970163348383602,11
D7C,0.62,9.0,AV5D-4-CAASENSNYQLIW-AJ33_BV4-CASSQNTLYF-BJ2-4,0.259026175385782,7
D7C,0.615,10.0,AV12D-2-CALDYANKMIF-AJ47_BV14-CASSFRAEQFF-BJ2-1,0.323136851025478,10
D7C,0.615,10.0,AV10-CAASIASSSFSKLVF-AJ50_BV1-CTCSATNNQAPLF-BJ1-5,0.19350321730053685,7
D7C,0.615,10.0,AV8N-2-CATESQGGRALIF-AJ15_BV3-CASSDRAGQDTQYF-BJ2-5,0.23965315445149962,5
D7C,0.615,10.0,AV3D-3-CAVSDYNVLYF-AJ21_BV3-CASSQYLRDNQDTQYF-BJ2-5,0.3713858875789367,25
D7C,0.615,10.0,AV6-6-CALGEEEWATGGNNKLTF-AJ56_BV1-CTCSTRGANERLFF-BJ1-4,0.2442283891369284,31
D7C,0.615,10.0,AV7-4-CAASERGASSSFSKLVF-AJ50_BV1-CTCSATNNQAPLF-BJ1-5,0.30999991581006336,7
D7C,0.615,10.0,AV10N-CAASMDTGGLSGKLTF-AJ2_BV16-CASSLNWGANYAEQFF-BJ2-1,0.4539691277904095,10
D7C,0.615,10.0,AV12-3-CALSDDTNKVVF-AJ34_BV13-2-CASGDKISYNSPLYF-BJ1-6,0.2602397097859243,7
D7C,0.615,10.0,AV8D-2-CATDGQGGRALIF-AJ15_BV29-CASSLGTSGNTLYF-BJ1-3,0.5076905528695296,5
D7C,0.615,10.0,AV1-CAVRPNNNNAPRF-AJ43_BV13-2-CASGARTYNYAEQFF-BJ2-1,0.6990895255766654,10
D7C,0.615,10.0,AV9D-3-CAVSMLSGSFNKLTF-AJ4_BV3-CASSQYLRDNQDTQYF-BJ2-5,0.20674980204006133,20
D7C,0.615,10.0,AV16/DV11-CAMREGGGYKVVF-AJ12_BV13-2-CASGARTYNYAEQFF-BJ2-1,0.4404546808880297,8
D7C,0.615,10.0,AV7-5-CAVRPGTGSNRLTF-AJ28_BV14-CASRYRGEQYF-BJ2-7,0.3970163348383602,11
D7C,0.615,10.0,AV5D-4-CAASENSNYQLIW-AJ33_BV4-CASSQNTLYF-BJ2-4,0.259026175385782,7
D7C,0.61,10.0,AV12D-2-CALDYANKMIF-AJ47_BV14-CASSFRAEQFF-BJ2-1,0.323136851025478,10
D7C,0.61,10.0,AV10-CAASIASSSFSKLVF-AJ50_BV1-CTCSATNNQAPLF-BJ1-5,0.19350321730053685,7
D7C,0.61,10.0,AV8N-2-CATESQGGRALIF-AJ15_BV3-CASSDRAGQDTQYF-BJ2-5,0.23965315445149962,5
D7C,0.61,10.0,AV3D-3-CAVSDYNVLYF-AJ21_BV3-CASSQYLRDNQDTQYF-BJ2-5,0.3713858875789367,25
D7C,0.61,10.0,AV6-6-CALGEEEWATGGNNKLTF-AJ56_BV1-CTCSTRGANERLFF-BJ1-4,0.2442283891369284,31
D7C,0.61,10.0,AV7-4-CAASERGASSSFSKLVF-AJ50_BV1-CTCSATNNQAPLF-BJ1-5,0.30999991581006336,7
D7C,0.61,10.0,AV10N-CAASMDTGGLSGKLTF-AJ2_BV16-CASSLNWGANYAEQFF-BJ2-1,0.4539691277904095,10
D7C,0.61,10.0,AV12-3-CALSDDTNKVVF-AJ34_BV13-2-CASGDKISYNSPLYF-BJ1-6,0.2602397097859243,7
D7C,0.61,10.0,AV8D-2-CATDGQGGRALIF-AJ15_BV29-CASSLGTSGNTLYF-BJ1-3,0.5076905528695296,5
D7C,0.61,10.0,AV1-CAVRPNNNNAPRF-AJ43_BV13-2-CASGARTYNYAEQFF-BJ2-1,0.6990895255766654,10
D7C,0.61,10.0,AV9D-3-CAVSMLSGSFNKLTF-AJ4_BV3-CASSQYLRDNQDTQYF-BJ2-5,0.20674980204006133,20
D7C,0.61,10.0,AV16/DV11-CAMREGGGYKVVF-AJ12_BV13-2-CASGARTYNYAEQFF-BJ2-1,0.4404546808880297,8
D7C,0.61,10.0,AV7-5-CAVRPGTGSNRLTF-AJ28_BV14-CASRYRGEQYF-BJ2-7,0.3970163348383602,11
D7C,0.61,10.0,AV5D-4-CAASENSNYQLIW-AJ33_BV4-CASSQNTLYF-BJ2-4,0.259026175385782,7
D7C,0.605,10.0,AV12D-2-CALDYANKMIF-AJ47_BV14-CASSFRAEQFF-BJ2-1,0.323136851025478,10
D7C,0.605,10.0,AV10-CAASIASSSFSKLVF-AJ50_BV1-CTCSATNNQAPLF-BJ1-5,0.19350321730053685,7
D7C,0.605,10.0,AV8N-2-CATESQGGRALIF-AJ15_BV3-CASSDRAGQDTQYF-BJ2-5,0.23965315445149962,5
D7C,0.605,10.0,AV3D-3-CAVSDYNVLYF-AJ21_BV3-CASSQYLRDNQDTQYF-BJ2-5,0.3713858875789367,25
D7C,0.605,10.0,AV6-6-CALGEEEWATGGNNKLTF-AJ56_BV1-CTCSTRGANERLFF-BJ1-4,0.2442283891369284,31
D7C,0.605,10.0,AV7-4-CAASERGASSSFSKLVF-AJ50_BV1-CTCSATNNQAPLF-BJ1-5,0.30999991581006336,7
D7C,0.605,10.0,AV10N-CAASMDTGGLSGKLTF-AJ2_BV16-CASSLNWGANYAEQFF-BJ2-1,0.4539691277904095,10
D7C,0.605,10.0,AV12-3-CALSDDTNKVVF-AJ34_BV13-2-CASGDKISYNSPLYF-BJ1-6,0.2602397097859243,7
D7C,0.605,10.0,AV8D-2-CATDGQGGRALIF-AJ15_BV29-CASSLGTSGNTLYF-BJ1-3,0.5076905528695296,5
D7C,0.605,10.0,AV1-CAVRPNNNNAPRF-AJ43_BV13-2-CASGARTYNYAEQFF-BJ2-1,0.6990895255766654,10
D7C,0.605,10.0,AV9D-3-CAVSMLSGSFNKLTF-AJ4_BV3-CASSQYLRDNQDTQYF-BJ2-5,0.20674980204006133,20
D7C,0.605,10.0,AV16/DV11-CAMREGGGYKVVF-AJ12_BV13-2-CASGARTYNYAEQFF-BJ2-1,0.4404546808880297,8
D7C,0.605,10.0,AV7-5-CAVRPGTGSNRLTF-AJ28_BV14-CASRYRGEQYF-BJ2-7,0.3970163348383602,11
D7C,0.605,10.0,AV5D-4-CAASENSNYQLIW-AJ33_BV4-CASSQNTLYF-BJ2-4,0.259026175385782,7
D7C,0.6,10.0,AV12D-2-CALDYANKMIF-AJ47_BV14-CASSFRAEQFF-BJ2-1,0.323136851025478,10
D7C,0.6,10.0,AV10-CAASIASSSFSKLVF-AJ50_BV1-CTCSATNNQAPLF-BJ1-5,0.19350321730053685,7
D7C,0.6,10.0,AV8N-2-CATESQGGRALIF-AJ15_BV3-CASSDRAGQDTQYF-BJ2-5,0.23965315445149962,5
D7C,0.6,10.0,AV3D-3-CAVSDYNVLYF-AJ21_BV3-CASSQYLRDNQDTQYF-BJ2-5,0.3713858875789367,25
D7C,0.6,10.0,AV6-6-CALGEEEWATGGNNKLTF-AJ56_BV1-CTCSTRGANERLFF-BJ1-4,0.2442283891369284,31
D7C,0.6,10.0,AV7-4-CAASERGASSSFSKLVF-AJ50_BV1-CTCSATNNQAPLF-BJ1-5,0.30999991581006336,7
D7C,0.6,10.0,AV10N-CAASMDTGGLSGKLTF-AJ2_BV16-CASSLNWGANYAEQFF-BJ2-1,0.4539691277904095,10
D7C,0.6,10.0,AV12-3-CALSDDTNKVVF-AJ34_BV13-2-CASGDKISYNSPLYF-BJ1-6,0.2602397097859243,7
D7C,0.6,10.0,AV8D-2-CATDGQGGRALIF-AJ15_BV29-CASSLGTSGNTLYF-BJ1-3,0.5076905528695296,5
D7C,0.6,10.0,AV1-CAVRPNNNNAPRF-AJ43_BV13-2-CASGARTYNYAEQFF-BJ2-1,0.6990895255766654,10
D7C,0.6,10.0,AV9D-3-CAVSMLSGSFNKLTF-AJ4_BV3-CASSQYLRDNQDTQYF-BJ2-5,0.20674980204006133,20
D7C,0.6,10.0,AV16/DV11-CAMREGGGYKVVF-AJ12_BV13-2-CASGARTYNYAEQFF-BJ2-1,0.4404546808880297,8
D7C,0.6,10.0,AV7-5-CAVRPGTGSNRLTF-AJ28_BV14-CASRYRGEQYF-BJ2-7,0.3970163348383602,11
D7C,0.6,10.0,AV5D-4-CAASENSNYQLIW-AJ33_BV4-CASSQNTLYF-BJ2-4,0.259026175385782,7
D7C,0.595,10.0,AV12D-2-CALDYANKMIF-AJ47_BV14-CASSFRAEQFF-BJ2-1,0.323136851025478,10
D7C,0.595,10.0,AV10-CAASIASSSFSKLVF-AJ50_BV1-CTCSATNNQAPLF-BJ1-5,0.19350321730053685,7
D7C,0.595,10.0,AV8N-2-CATESQGGRALIF-AJ15_BV3-CASSDRAGQDTQYF-BJ2-5,0.23965315445149962,5
D7C,0.595,10.0,AV3D-3-CAVSDYNVLYF-AJ21_BV3-CASSQYLRDNQDTQYF-BJ2-5,0.3713858875789367,25
D7C,0.595,10.0,AV6-6-CALGEEEWATGGNNKLTF-AJ56_BV1-CTCSTRGANERLFF-BJ1-4,0.2442283891369284,31
D7C,0.595,10.0,AV7-4-CAASERGASSSFSKLVF-AJ50_BV1-CTCSATNNQAPLF-BJ1-5,0.30999991581006336,7
D7C,0.595,10.0,AV10N-CAASMDTGGLSGKLTF-AJ2_BV16-CASSLNWGANYAEQFF-BJ2-1,0.4539691277904095,10
D7C,0.595,10.0,AV12-3-CALSDDTNKVVF-AJ34_BV13-2-CASGDKISYNSPLYF-BJ1-6,0.2602397097859243,7
D7C,0.595,10.0,AV8D-2-CATDGQGGRALIF-AJ15_BV29-CASSLGTSGNTLYF-BJ1-3,0.5076905528695296,5
D7C,0.595,10.0,AV1-CAVRPNNNNAPRF-AJ43_BV13-2-CASGARTYNYAEQFF-BJ2-1,0.6990895255766654,10
D7C,0.595,10.0,AV9D-3-CAVSMLSGSFNKLTF-AJ4_BV3-CASSQYLRDNQDTQYF-BJ2-5,0.20674980204006133,20
D7C,0.595,10.0,AV16/DV11-CAMREGGGYKVVF-AJ12_BV13-2-CASGARTYNYAEQFF-BJ2-1,0.4404546808880297,8
D7C,0.595,10.0,AV7-5-CAVRPGTGSNRLTF-AJ28_BV14-CASRYRGEQYF-BJ2-7,0.3970163348383602,11
D7C,0.595,10.0,AV5D-4-CAASENSNYQLIW-AJ33_BV4-CASSQNTLYF-BJ2-4,0.259026175385782,7
D7C,0.59,10.0,AV12D-2-CALDYANKMIF-AJ47_BV14-CASSFRAEQFF-BJ2-1,0.323136851025478,10
D7C,0.59,10.0,AV10-CAASIASSSFSKLVF-AJ50_BV1-CTCSATNNQAPLF-BJ1-5,0.19350321730053685,7
D7C,0.59,10.0,AV8N-2-CATESQGGRALIF-AJ15_BV3-CASSDRAGQDTQYF-BJ2-5,0.23965315445149962,5
D7C,0.59,10.0,AV3D-3-CAVSDYNVLYF-AJ21_BV3-CASSQYLRDNQDTQYF-BJ2-5,0.3713858875789367,25
D7C,0.59,10.0,AV6-6-CALGEEEWATGGNNKLTF-AJ56_BV1-CTCSTRGANERLFF-BJ1-4,0.2442283891369284,31
D7C,0.59,10.0,AV7-4-CAASERGASSSFSKLVF-AJ50_BV1-CTCSATNNQAPLF-BJ1-5,0.30999991581006336,7
D7C,0.59,10.0,AV10N-CAASMDTGGLSGKLTF-AJ2_BV16-CASSLNWGANYAEQFF-BJ2-1,0.4539691277904095,10
D7C,0.59,10.0,AV12-3-CALSDDTNKVVF-AJ34_BV13-2-CASGDKISYNSPLYF-BJ1-6,0.2602397097859243,7
D7C,0.59,10.0,AV8D-2-CATDGQGGRALIF-AJ15_BV29-CASSLGTSGNTLYF-BJ1-3,0.5076905528695296,5
D7C,0.59,10.0,AV1-CAVRPNNNNAPRF-AJ43_BV13-2-CASGARTYNYAEQFF-BJ2-1,0.6990895255766654,10
D7C,0.59,10.0,AV9D-3-CAVSMLSGSFNKLTF-AJ4_BV3-CASSQYLRDNQDTQYF-BJ2-5,0.20674980204006133,20
D7C,0.59,10.0,AV16/DV11-CAMREGGGYKVVF-AJ12_BV13-2-CASGARTYNYAEQFF-BJ2-1,0.4404546808880297,8
D7C,0.59,10.0,AV7-5-CAVRPGTGSNRLTF-AJ28_BV14-CASRYRGEQYF-BJ2-7,0.3970163348383602,11
D7C,0.59,10.0,AV5D-4-CAASENSNYQLIW-AJ33_BV4-CASSQNTLYF-BJ2-4,0.259026175385782,7
D7C,0.585,10.0,AV12D-2-CALDYANKMIF-AJ47_BV14-CASSFRAEQFF-BJ2-1,0.323136851025478,10
D7C,0.585,10.0,AV10-CAASIASSSFSKLVF-AJ50_BV1-CTCSATNNQAPLF-BJ1-5,0.19350321730053685,7
D7C,0.585,10.0,AV8N-2-CATESQGGRALIF-AJ15_BV3-CASSDRAGQDTQYF-BJ2-5,0.23965315445149962,5
D7C,0.585,10.0,AV3D-3-CAVSDYNVLYF-AJ21_BV3-CASSQYLRDNQDTQYF-BJ2-5,0.3713858875789367,25
D7C,0.585,10.0,AV6-6-CALGEEEWATGGNNKLTF-AJ56_BV1-CTCSTRGANERLFF-BJ1-4,0.2442283891369284,31
D7C,0.585,10.0,AV7-4-CAASERGASSSFSKLVF-AJ50_BV1-CTCSATNNQAPLF-BJ1-5,0.30999991581006336,7
D7C,0.585,10.0,AV10N-CAASMDTGGLSGKLTF-AJ2_BV16-CASSLNWGANYAEQFF-BJ2-1,0.4539691277904095,10
D7C,0.585,10.0,AV12-3-CALSDDTNKVVF-AJ34_BV13-2-CASGDKISYNSPLYF-BJ1-6,0.2602397097859243,7
D7C,0.585,10.0,AV8D-2-CATDGQGGRALIF-AJ15_BV29-CASSLGTSGNTLYF-BJ1-3,0.5076905528695296,5
D7C,0.585,10.0,AV1-CAVRPNNNNAPRF-AJ43_BV13-2-CASGARTYNYAEQFF-BJ2-1,0.6990895255766654,10
D7C,0.585,10.0,AV9D-3-CAVSMLSGSFNKLTF-AJ4_BV3-CASSQYLRDNQDTQYF-BJ2-5,0.20674980204006133,20
D7C,0.585,10.0,AV16/DV11-CAMREGGGYKVVF-AJ12_BV13-2-CASGARTYNYAEQFF-BJ2-1,0.4404546808880297,8
D7C,0.585,10.0,AV7-5-CAVRPGTGSNRLTF-AJ28_BV14-CASRYRGEQYF-BJ2-7,0.3970163348383602,11
D7C,0.585,10.0,AV5D-4-CAASENSNYQLIW-AJ33_BV4-CASSQNTLYF-BJ2-4,0.259026175385782,7
D7C,0.5800000000000001,10.0,AV12D-2-CALDYANKMIF-AJ47_BV14-CASSFRAEQFF-BJ2-1,0.323136851025478,10
D7C,0.5800000000000001,10.0,AV10-CAASIASSSFSKLVF-AJ50_BV1-CTCSATNNQAPLF-BJ1-5,0.19350321730053685,7
D7C,0.5800000000000001,10.0,AV8N-2-CATESQGGRALIF-AJ15_BV3-CASSDRAGQDTQYF-BJ2-5,0.23965315445149962,5
D7C,0.5800000000000001,10.0,AV3D-3-CAVSDYNVLYF-AJ21_BV3-CASSQYLRDNQDTQYF-BJ2-5,0.3713858875789367,25
D7C,0.5800000000000001,10.0,AV6-6-CALGEEEWATGGNNKLTF-AJ56_BV1-CTCSTRGANERLFF-BJ1-4,0.2442283891369284,31
D7C,0.5800000000000001,10.0,AV7-4-CAASERGASSSFSKLVF-AJ50_BV1-CTCSATNNQAPLF-BJ1-5,0.30999991581006336,7
D7C,0.5800000000000001,10.0,AV10N-CAASMDTGGLSGKLTF-AJ2_BV16-CASSLNWGANYAEQFF-BJ2-1,0.4539691277904095,10
D7C,0.5800000000000001,10.0,AV12-3-CALSDDTNKVVF-AJ34_BV13-2-CASGDKISYNSPLYF-BJ1-6,0.2602397097859243,7
D7C,0.5800000000000001,10.0,AV8D-2-CATDGQGGRALIF-AJ15_BV29-CASSLGTSGNTLYF-BJ1-3,0.5076905528695296,5
D7C,0.5800000000000001,10.0,AV1-CAVRPNNNNAPRF-AJ43_BV13-2-CASGARTYNYAEQFF-BJ2-1,0.6990895255766654,10
D7C,0.5800000000000001,10.0,AV9D-3-CAVSMLSGSFNKLTF-AJ4_BV3-CASSQYLRDNQDTQYF-BJ2-5,0.20674980204006133,20
D7C,0.5800000000000001,10.0,AV16/DV11-CAMREGGGYKVVF-AJ12_BV13-2-CASGARTYNYAEQFF-BJ2-1,0.4404546808880297,8
D7C,0.5800000000000001,10.0,AV7-5-CAVRPGTGSNRLTF-AJ28_BV14-CASRYRGEQYF-BJ2-7,0.3970163348383602,11
D7C,0.5800000000000001,10.0,AV5D-4-CAASENSNYQLIW-AJ33_BV4-CASSQNTLYF-BJ2-4,0.259026175385782,7
D7C,0.575,10.0,AV12D-2-CALDYANKMIF-AJ47_BV14-CASSFRAEQFF-BJ2-1,0.323136851025478,10
D7C,0.575,10.0,AV10-CAASIASSSFSKLVF-AJ50_BV1-CTCSATNNQAPLF-BJ1-5,0.19350321730053685,7
D7C,0.575,10.0,AV8N-2-CATESQGGRALIF-AJ15_BV3-CASSDRAGQDTQYF-BJ2-5,0.23965315445149962,5
D7C,0.575,10.0,AV3D-3-CAVSDYNVLYF-AJ21_BV3-CASSQYLRDNQDTQYF-BJ2-5,0.3713858875789367,25
D7C,0.575,10.0,AV6-6-CALGEEEWATGGNNKLTF-AJ56_BV1-CTCSTRGANERLFF-BJ1-4,0.2442283891369284,31
D7C,0.575,10.0,AV7-4-CAASERGASSSFSKLVF-AJ50_BV1-CTCSATNNQAPLF-BJ1-5,0.30999991581006336,7
D7C,0.575,10.0,AV10N-CAASMDTGGLSGKLTF-AJ2_BV16-CASSLNWGANYAEQFF-BJ2-1,0.4539691277904095,10
D7C,0.575,10.0,AV12-3-CALSDDTNKVVF-AJ34_BV13-2-CASGDKISYNSPLYF-BJ1-6,0.2602397097859243,7
D7C,0.575,10.0,AV8D-2-CATDGQGGRALIF-AJ15_BV29-CASSLGTSGNTLYF-BJ1-3,0.5076905528695296,5
D7C,0.575,10.0,AV1-CAVRPNNNNAPRF-AJ43_BV13-2-CASGARTYNYAEQFF-BJ2-1,0.6990895255766654,10
D7C,0.575,10.0,AV9D-3-CAVSMLSGSFNKLTF-AJ4_BV3-CASSQYLRDNQDTQYF-BJ2-5,0.20674980204006133,20
D7C,0.575,10.0,AV16/DV11-CAMREGGGYKVVF-AJ12_BV13-2-CASGARTYNYAEQFF-BJ2-1,0.4404546808880297,8
D7C,0.575,10.0,AV7-5-CAVRPGTGSNRLTF-AJ28_BV14-CASRYRGEQYF-BJ2-7,0.3970163348383602,11
D7C,0.575,10.0,AV5D-4-CAASENSNYQLIW-AJ33_BV4-CASSQNTLYF-BJ2-4,0.259026175385782,7
D7C,0.5700000000000001,10.589999999999975,AV12D-2-CALDYANKMIF-AJ47_BV14-CASSFRAEQFF-BJ2-1,0.32540879583546267,9
D7C,0.5700000000000001,10.589999999999975,AV10-CAASIASSSFSKLVF-AJ50_BV1-CTCSATNNQAPLF-BJ1-5,0.19350321730053685,7
D7C,0.5700000000000001,10.589999999999975,AV3D-3-CAVSDYNVLYF-AJ21_BV3-CASSQYLRDNQDTQYF-BJ2-5,0.3713858875789367,25
D7C,0.5700000000000001,10.589999999999975,AV6-6-CALGEEEWATGGNNKLTF-AJ56_BV1-CTCSTRGANERLFF-BJ1-4,0.25710401366429697,29
D7C,0.5700000000000001,10.589999999999975,AV7-4-CAASERGASSSFSKLVF-AJ50_BV1-CTCSATNNQAPLF-BJ1-5,0.30999991581006336,7
D7C,0.5700000000000001,10.589999999999975,AV10N-CAASMDTGGLSGKLTF-AJ2_BV16-CASSLNWGANYAEQFF-BJ2-1,0.45708079434680027,9
D7C,0.5700000000000001,10.589999999999975,AV12-3-CALSDDTNKVVF-AJ34_BV13-2-CASGDKISYNSPLYF-BJ1-6,0.2602397097859243,7
D7C,0.5700000000000001,10.589999999999975,AV1-CAVRPNNNNAPRF-AJ43_BV13-2-CASGARTYNYAEQFF-BJ2-1,0.6990895255766654,10
D7C,0.5700000000000001,10.589999999999975,AV9D-3-CAVSMLSGSFNKLTF-AJ4_BV3-CASSQYLRDNQDTQYF-BJ2-5,0.2572422241679432,17
D7C,0.5700000000000001,10.589999999999975,AV16/DV11-CAMREGGGYKVVF-AJ12_BV13-2-CASGARTYNYAEQFF-BJ2-1,0.4404546808880297,8
D7C,0.5700000000000001,10.589999999999975,AV7-5-CAVRPGTGSNRLTF-AJ28_BV14-CASRYRGEQYF-BJ2-7,0.4083163199505143,9
D7C,0.5700000000000001,10.589999999999975,AV5D-4-CAASENSNYQLIW-AJ33_BV4-CASSQNTLYF-BJ2-4,0.3325654629727957,6
D7C,0.565,11.0,AV12D-2-CALDYANKMIF-AJ47_BV14-CASSFRAEQFF-BJ2-1,0.32540879583546267,9
D7C,0.565,11.0,AV10-CAASIASSSFSKLVF-AJ50_BV1-CTCSATNNQAPLF-BJ1-5,0.19350321730053685,7
D7C,0.565,11.0,AV3D-3-CAVSDYNVLYF-AJ21_BV3-CASSQYLRDNQDTQYF-BJ2-5,0.3713858875789367,25
D7C,0.565,11.0,AV6-6-CALGEEEWATGGNNKLTF-AJ56_BV1-CTCSTRGANERLFF-BJ1-4,0.25710401366429697,29
D7C,0.565,11.0,AV7-4-CAASERGASSSFSKLVF-AJ50_BV1-CTCSATNNQAPLF-BJ1-5,0.30999991581006336,7
D7C,0.565,11.0,AV10N-CAASMDTGGLSGKLTF-AJ2_BV16-CASSLNWGANYAEQFF-BJ2-1,0.45708079434680027,9
D7C,0.565,11.0,AV12-3-CALSDDTNKVVF-AJ34_BV13-2-CASGDKISYNSPLYF-BJ1-6,0.2602397097859243,7
D7C,0.565,11.0,AV1-CAVRPNNNNAPRF-AJ43_BV13-2-CASGARTYNYAEQFF-BJ2-1,0.6990895255766654,10
D7C,0.565,11.0,AV9D-3-CAVSMLSGSFNKLTF-AJ4_BV3-CASSQYLRDNQDTQYF-BJ2-5,0.2572422241679432,17
D7C,0.565,11.0,AV16/DV11-CAMREGGGYKVVF-AJ12_BV13-2-CASGARTYNYAEQFF-BJ2-1,0.4404546808880297,8
D7C,0.565,11.0,AV7-5-CAVRPGTGSNRLTF-AJ28_BV14-CASRYRGEQYF-BJ2-7,0.4083163199505143,9
D7C,0.565,11.0,AV5D-4-CAASENSNYQLIW-AJ33_BV4-CASSQNTLYF-BJ2-4,0.3325654629727957,6
D7C,0.56,11.0,AV12D-2-CALDYANKMIF-AJ47_BV14-CASSFRAEQFF-BJ2-1,0.32540879583546267,9
D7C,0.56,11.0,AV10-CAASIASSSFSKLVF-AJ50_BV1-CTCSATNNQAPLF-BJ1-5,0.19350321730053685,7
D7C,0.56,11.0,AV3D-3-CAVSDYNVLYF-AJ21_BV3-CASSQYLRDNQDTQYF-BJ2-5,0.3713858875789367,25
D7C,0.56,11.0,AV6-6-CALGEEEWATGGNNKLTF-AJ56_BV1-CTCSTRGANERLFF-BJ1-4,0.25710401366429697,29
D7C,0.56,11.0,AV7-4-CAASERGASSSFSKLVF-AJ50_BV1-CTCSATNNQAPLF-BJ1-5,0.30999991581006336,7
D7C,0.56,11.0,AV10N-CAASMDTGGLSGKLTF-AJ2_BV16-CASSLNWGANYAEQFF-BJ2-1,0.45708079434680027,9
D7C,0.56,11.0,AV12-3-CALSDDTNKVVF-AJ34_BV13-2-CASGDKISYNSPLYF-BJ1-6,0.2602397097859243,7
D7C,0.56,11.0,AV1-CAVRPNNNNAPRF-AJ43_BV13-2-CASGARTYNYAEQFF-BJ2-1,0.6990895255766654,10
D7C,0.56,11.0,AV9D-3-CAVSMLSGSFNKLTF-AJ4_BV3-CASSQYLRDNQDTQYF-BJ2-5,0.2572422241679432,17
D7C,0.56,11.0,AV16/DV11-CAMREGGGYKVVF-AJ12_BV13-2-CASGARTYNYAEQFF-BJ2-1,0.4404546808880297,8
D7C,0.56,11.0,AV7-5-CAVRPGTGSNRLTF-AJ28_BV14-CASRYRGEQYF-BJ2-7,0.4083163199505143,9
D7C,0.56,11.0,AV5D-4-CAASENSNYQLIW-AJ33_BV4-CASSQNTLYF-BJ2-4,0.3325654629727957,6
D7C,0.5549999999999999,11.0,AV12D-2-CALDYANKMIF-AJ47_BV14-CASSFRAEQFF-BJ2-1,0.32540879583546267,9
D7C,0.5549999999999999,11.0,AV10-CAASIASSSFSKLVF-AJ50_BV1-CTCSATNNQAPLF-BJ1-5,0.19350321730053685,7
D7C,0.5549999999999999,11.0,AV3D-3-CAVSDYNVLYF-AJ21_BV3-CASSQYLRDNQDTQYF-BJ2-5,0.3713858875789367,25
D7C,0.5549999999999999,11.0,AV6-6-CALGEEEWATGGNNKLTF-AJ56_BV1-CTCSTRGANERLFF-BJ1-4,0.25710401366429697,29
D7C,0.5549999999999999,11.0,AV7-4-CAASERGASSSFSKLVF-AJ50_BV1-CTCSATNNQAPLF-BJ1-5,0.30999991581006336,7
D7C,0.5549999999999999,11.0,AV10N-CAASMDTGGLSGKLTF-AJ2_BV16-CASSLNWGANYAEQFF-BJ2-1,0.45708079434680027,9
D7C,0.5549999999999999,11.0,AV12-3-CALSDDTNKVVF-AJ34_BV13-2-CASGDKISYNSPLYF-BJ1-6,0.2602397097859243,7
D7C,0.5549999999999999,11.0,AV1-CAVRPNNNNAPRF-AJ43_BV13-2-CASGARTYNYAEQFF-BJ2-1,0.6990895255766654,10
D7C,0.5549999999999999,11.0,AV9D-3-CAVSMLSGSFNKLTF-AJ4_BV3-CASSQYLRDNQDTQYF-BJ2-5,0.2572422241679432,17
D7C,0.5549999999999999,11.0,AV16/DV11-CAMREGGGYKVVF-AJ12_BV13-2-CASGARTYNYAEQFF-BJ2-1,0.4404546808880297,8
D7C,0.5549999999999999,11.0,AV7-5-CAVRPGTGSNRLTF-AJ28_BV14-CASRYRGEQYF-BJ2-7,0.4083163199505143,9
D7C,0.5549999999999999,11.0,AV5D-4-CAASENSNYQLIW-AJ33_BV4-CASSQNTLYF-BJ2-4,0.3325654629727957,6
D7C,0.55,11.0,AV12D-2-CALDYANKMIF-AJ47_BV14-CASSFRAEQFF-BJ2-1,0.32540879583546267,9
D7C,0.55,11.0,AV10-CAASIASSSFSKLVF-AJ50_BV1-CTCSATNNQAPLF-BJ1-5,0.19350321730053685,7
D7C,0.55,11.0,AV3D-3-CAVSDYNVLYF-AJ21_BV3-CASSQYLRDNQDTQYF-BJ2-5,0.3713858875789367,25
D7C,0.55,11.0,AV6-6-CALGEEEWATGGNNKLTF-AJ56_BV1-CTCSTRGANERLFF-BJ1-4,0.25710401366429697,29
D7C,0.55,11.0,AV7-4-CAASERGASSSFSKLVF-AJ50_BV1-CTCSATNNQAPLF-BJ1-5,0.30999991581006336,7
D7C,0.55,11.0,AV10N-CAASMDTGGLSGKLTF-AJ2_BV16-CASSLNWGANYAEQFF-BJ2-1,0.45708079434680027,9
D7C,0.55,11.0,AV12-3-CALSDDTNKVVF-AJ34_BV13-2-CASGDKISYNSPLYF-BJ1-6,0.2602397097859243,7
D7C,0.55,11.0,AV1-CAVRPNNNNAPRF-AJ43_BV13-2-CASGARTYNYAEQFF-BJ2-1,0.6990895255766654,10
D7C,0.55,11.0,AV9D-3-CAVSMLSGSFNKLTF-AJ4_BV3-CASSQYLRDNQDTQYF-BJ2-5,0.2572422241679432,17
D7C,0.55,11.0,AV16/DV11-CAMREGGGYKVVF-AJ12_BV13-2-CASGARTYNYAEQFF-BJ2-1,0.4404546808880297,8
D7C,0.55,11.0,AV7-5-CAVRPGTGSNRLTF-AJ28_BV14-CASRYRGEQYF-BJ2-7,0.4083163199505143,9
D7C,0.55,11.0,AV5D-4-CAASENSNYQLIW-AJ33_BV4-CASSQNTLYF-BJ2-4,0.3325654629727957,6
D7C,0.5449999999999999,11.0,AV12D-2-CALDYANKMIF-AJ47_BV14-CASSFRAEQFF-BJ2-1,0.32540879583546267,9
D7C,0.5449999999999999,11.0,AV10-CAASIASSSFSKLVF-AJ50_BV1-CTCSATNNQAPLF-BJ1-5,0.19350321730053685,7
D7C,0.5449999999999999,11.0,AV3D-3-CAVSDYNVLYF-AJ21_BV3-CASSQYLRDNQDTQYF-BJ2-5,0.3713858875789367,25
D7C,0.5449999999999999,11.0,AV6-6-CALGEEEWATGGNNKLTF-AJ56_BV1-CTCSTRGANERLFF-BJ1-4,0.25710401366429697,29
D7C,0.5449999999999999,11.0,AV7-4-CAASERGASSSFSKLVF-AJ50_BV1-CTCSATNNQAPLF-BJ1-5,0.30999991581006336,7
D7C,0.5449999999999999,11.0,AV10N-CAASMDTGGLSGKLTF-AJ2_BV16-CASSLNWGANYAEQFF-BJ2-1,0.45708079434680027,9
D7C,0.5449999999999999,11.0,AV12-3-CALSDDTNKVVF-AJ34_BV13-2-CASGDKISYNSPLYF-BJ1-6,0.2602397097859243,7
D7C,0.5449999999999999,11.0,AV1-CAVRPNNNNAPRF-AJ43_BV13-2-CASGARTYNYAEQFF-BJ2-1,0.6990895255766654,10
D7C,0.5449999999999999,11.0,AV9D-3-CAVSMLSGSFNKLTF-AJ4_BV3-CASSQYLRDNQDTQYF-BJ2-5,0.2572422241679432,17
D7C,0.5449999999999999,11.0,AV16/DV11-CAMREGGGYKVVF-AJ12_BV13-2-CASGARTYNYAEQFF-BJ2-1,0.4404546808880297,8
D7C,0.5449999999999999,11.0,AV7-5-CAVRPGTGSNRLTF-AJ28_BV14-CASRYRGEQYF-BJ2-7,0.4083163199505143,9
D7C,0.5449999999999999,11.0,AV5D-4-CAASENSNYQLIW-AJ33_BV4-CASSQNTLYF-BJ2-4,0.3325654629727957,6
D7C,0.54,11.0,AV12D-2-CALDYANKMIF-AJ47_BV14-CASSFRAEQFF-BJ2-1,0.32540879583546267,9
D7C,0.54,11.0,AV10-CAASIASSSFSKLVF-AJ50_BV1-CTCSATNNQAPLF-BJ1-5,0.19350321730053685,7
D7C,0.54,11.0,AV3D-3-CAVSDYNVLYF-AJ21_BV3-CASSQYLRDNQDTQYF-BJ2-5,0.3713858875789367,25
D7C,0.54,11.0,AV6-6-CALGEEEWATGGNNKLTF-AJ56_BV1-CTCSTRGANERLFF-BJ1-4,0.25710401366429697,29
D7C,0.54,11.0,AV7-4-CAASERGASSSFSKLVF-AJ50_BV1-CTCSATNNQAPLF-BJ1-5,0.30999991581006336,7
D7C,0.54,11.0,AV10N-CAASMDTGGLSGKLTF-AJ2_BV16-CASSLNWGANYAEQFF-BJ2-1,0.45708079434680027,9
D7C,0.54,11.0,AV12-3-CALSDDTNKVVF-AJ34_BV13-2-CASGDKISYNSPLYF-BJ1-6,0.2602397097859243,7
D7C,0.54,11.0,AV1-CAVRPNNNNAPRF-AJ43_BV13-2-CASGARTYNYAEQFF-BJ2-1,0.6990895255766654,10
D7C,0.54,11.0,AV9D-3-CAVSMLSGSFNKLTF-AJ4_BV3-CASSQYLRDNQDTQYF-BJ2-5,0.2572422241679432,17
D7C,0.54,11.0,AV16/DV11-CAMREGGGYKVVF-AJ12_BV13-2-CASGARTYNYAEQFF-BJ2-1,0.4404546808880297,8
D7C,0.54,11.0,AV7-5-CAVRPGTGSNRLTF-AJ28_BV14-CASRYRGEQYF-BJ2-7,0.4083163199505143,9
D7C,0.54,11.0,AV5D-4-CAASENSNYQLIW-AJ33_BV4-CASSQNTLYF-BJ2-4,0.3325654629727957,6
D7C,0.5349999999999999,11.545000000000016,AV12D-2-CALDYANKMIF-AJ47_BV14-CASSFRAEQFF-BJ2-1,0.31282340798359193,8
D7C,0.5349999999999999,11.545000000000016,AV10-CAASIASSSFSKLVF-AJ50_BV1-CTCSATNNQAPLF-BJ1-5,0.19350321730053685,7
D7C,0.5349999999999999,11.545000000000016,AV3D-3-CAVSDYNVLYF-AJ21_BV3-CASSQYLRDNQDTQYF-BJ2-5,0.3707608275623991,24
D7C,0.5349999999999999,11.545000000000016,AV6-6-CALGEEEWATGGNNKLTF-AJ56_BV1-CTCSTRGANERLFF-BJ1-4,0.253465211856655,27
D7C,0.5349999999999999,11.545000000000016,AV7-4-CAASERGASSSFSKLVF-AJ50_BV1-CTCSATNNQAPLF-BJ1-5,0.30999991581006336,7
D7C,0.5349999999999999,11.545000000000016,AV10N-CAASMDTGGLSGKLTF-AJ2_BV16-CASSLNWGANYAEQFF-BJ2-1,0.46229551455568985,8
D7C,0.5349999999999999,11.545000000000016,AV12-3-CALSDDTNKVVF-AJ34_BV13-2-CASGDKISYNSPLYF-BJ1-6,0.2611765604577171,6
D7C,0.5349999999999999,11.545000000000016,AV1-CAVRPNNNNAPRF-AJ43_BV13-2-CASGARTYNYAEQFF-BJ2-1,0.6990895255766654,10
D7C,0.5349999999999999,11.545000000000016,AV9D-3-CAVSMLSGSFNKLTF-AJ4_BV3-CASSQYLRDNQDTQYF-BJ2-5,0.2572422241679432,17
D7C,0.5349999999999999,11.545000000000016,AV16/DV11-CAMREGGGYKVVF-AJ12_BV13-2-CASGARTYNYAEQFF-BJ2-1,0.5820320843881129,6
D7C,0.5349999999999999,11.545000000000016,AV7-5-CAVRPGTGSNRLTF-AJ28_BV14-CASRYRGEQYF-BJ2-7,0.4145963239119473,8
D7C,0.5349999999999999,11.545000000000016,AV5D-4-CAASENSNYQLIW-AJ33_BV4-CASSQNTLYF-BJ2-4,0.3325654629727957,6
D7C,0.53,12.0,AV12D-2-CALDYANKMIF-AJ47_BV14-CASSFRAEQFF-BJ2-1,0.31282340798359193,8
D7C,0.53,12.0,AV10-CAASIASSSFSKLVF-AJ50_BV1-CTCSATNNQAPLF-BJ1-5,0.19350321730053685,7
D7C,0.53,12.0,AV3D-3-CAVSDYNVLYF-AJ21_BV3-CASSQYLRDNQDTQYF-BJ2-5,0.3707608275623991,24
D7C,0.53,12.0,AV6-6-CALGEEEWATGGNNKLTF-AJ56_BV1-CTCSTRGANERLFF-BJ1-4,0.253465211856655,27
D7C,0.53,12.0,AV7-4-CAASERGASSSFSKLVF-AJ50_BV1-CTCSATNNQAPLF-BJ1-5,0.30999991581006336,7
D7C,0.53,12.0,AV10N-CAASMDTGGLSGKLTF-AJ2_BV16-CASSLNWGANYAEQFF-BJ2-1,0.46229551455568985,8
D7C,0.53,12.0,AV12-3-CALSDDTNKVVF-AJ34_BV13-2-CASGDKISYNSPLYF-BJ1-6,0.2611765604577171,6
D7C,0.53,12.0,AV1-CAVRPNNNNAPRF-AJ43_BV13-2-CASGARTYNYAEQFF-BJ2-1,0.6990895255766654,10
D7C,0.53,12.0,AV9D-3-CAVSMLSGSFNKLTF-AJ4_BV3-CASSQYLRDNQDTQYF-BJ2-5,0.2572422241679432,17
D7C,0.53,12.0,AV16/DV11-CAMREGGGYKVVF-AJ12_BV13-2-CASGARTYNYAEQFF-BJ2-1,0.5820320843881129,6
D7C,0.53,12.0,AV7-5-CAVRPGTGSNRLTF-AJ28_BV14-CASRYRGEQYF-BJ2-7,0.4145963239119473,8
D7C,0.53,12.0,AV5D-4-CAASENSNYQLIW-AJ33_BV4-CASSQNTLYF-BJ2-4,0.3325654629727957,6
D7C,0.5249999999999999,12.0,AV12D-2-CALDYANKMIF-AJ47_BV14-CASSFRAEQFF-BJ2-1,0.31282340798359193,8
D7C,0.5249999999999999,12.0,AV10-CAASIASSSFSKLVF-AJ50_BV1-CTCSATNNQAPLF-BJ1-5,0.19350321730053685,7
D7C,0.5249999999999999,12.0,AV3D-3-CAVSDYNVLYF-AJ21_BV3-CASSQYLRDNQDTQYF-BJ2-5,0.3707608275623991,24
D7C,0.5249999999999999,12.0,AV6-6-CALGEEEWATGGNNKLTF-AJ56_BV1-CTCSTRGANERLFF-BJ1-4,0.253465211856655,27
D7C,0.5249999999999999,12.0,AV7-4-CAASERGASSSFSKLVF-AJ50_BV1-CTCSATNNQAPLF-BJ1-5,0.30999991581006336,7
D7C,0.5249999999999999,12.0,AV10N-CAASMDTGGLSGKLTF-AJ2_BV16-CASSLNWGANYAEQFF-BJ2-1,0.46229551455568985,8
D7C,0.5249999999999999,12.0,AV12-3-CALSDDTNKVVF-AJ34_BV13-2-CASGDKISYNSPLYF-BJ1-6,0.2611765604577171,6
D7C,0.5249999999999999,12.0,AV1-CAVRPNNNNAPRF-AJ43_BV13-2-CASGARTYNYAEQFF-BJ2-1,0.6990895255766654,10
D7C,0.5249999999999999,12.0,AV9D-3-CAVSMLSGSFNKLTF-AJ4_BV3-CASSQYLRDNQDTQYF-BJ2-5,0.2572422241679432,17
D7C,0.5249999999999999,12.0,AV16/DV11-CAMREGGGYKVVF-AJ12_BV13-2-CASGARTYNYAEQFF-BJ2-1,0.5820320843881129,6
D7C,0.5249999999999999,12.0,AV7-5-CAVRPGTGSNRLTF-AJ28_BV14-CASRYRGEQYF-BJ2-7,0.4145963239119473,8
D7C,0.5249999999999999,12.0,AV5D-4-CAASENSNYQLIW-AJ33_BV4-CASSQNTLYF-BJ2-4,0.3325654629727957,6
D7C,0.52,12.0,AV12D-2-CALDYANKMIF-AJ47_BV14-CASSFRAEQFF-BJ2-1,0.31282340798359193,8
D7C,0.52,12.0,AV10-CAASIASSSFSKLVF-AJ50_BV1-CTCSATNNQAPLF-BJ1-5,0.19350321730053685,7
D7C,0.52,12.0,AV3D-3-CAVSDYNVLYF-AJ21_BV3-CASSQYLRDNQDTQYF-BJ2-5,0.3707608275623991,24
D7C,0.52,12.0,AV6-6-CALGEEEWATGGNNKLTF-AJ56_BV1-CTCSTRGANERLFF-BJ1-4,0.253465211856655,27
D7C,0.52,12.0,AV7-4-CAASERGASSSFSKLVF-AJ50_BV1-CTCSATNNQAPLF-BJ1-5,0.30999991581006336,7
D7C,0.52,12.0,AV10N-CAASMDTGGLSGKLTF-AJ2_BV16-CASSLNWGANYAEQFF-BJ2-1,0.46229551455568985,8
D7C,0.52,12.0,AV12-3-CALSDDTNKVVF-AJ34_BV13-2-CASGDKISYNSPLYF-BJ1-6,0.2611765604577171,6
D7C,0.52,12.0,AV1-CAVRPNNNNAPRF-AJ43_BV13-2-CASGARTYNYAEQFF-BJ2-1,0.6990895255766654,10
D7C,0.52,12.0,AV9D-3-CAVSMLSGSFNKLTF-AJ4_BV3-CASSQYLRDNQDTQYF-BJ2-5,0.2572422241679432,17
D7C,0.52,12.0,AV16/DV11-CAMREGGGYKVVF-AJ12_BV13-2-CASGARTYNYAEQFF-BJ2-1,0.5820320843881129,6
D7C,0.52,12.0,AV7-5-CAVRPGTGSNRLTF-AJ28_BV14-CASRYRGEQYF-BJ2-7,0.4145963239119473,8
D7C,0.52,12.0,AV5D-4-CAASENSNYQLIW-AJ33_BV4-CASSQNTLYF-BJ2-4,0.3325654629727957,6
D7C,0.515,12.0,AV12D-2-CALDYANKMIF-AJ47_BV14-CASSFRAEQFF-BJ2-1,0.31282340798359193,8
D7C,0.515,12.0,AV10-CAASIASSSFSKLVF-AJ50_BV1-CTCSATNNQAPLF-BJ1-5,0.19350321730053685,7
D7C,0.515,12.0,AV3D-3-CAVSDYNVLYF-AJ21_BV3-CASSQYLRDNQDTQYF-BJ2-5,0.3707608275623991,24
D7C,0.515,12.0,AV6-6-CALGEEEWATGGNNKLTF-AJ56_BV1-CTCSTRGANERLFF-BJ1-4,0.253465211856655,27
D7C,0.515,12.0,AV7-4-CAASERGASSSFSKLVF-AJ50_BV1-CTCSATNNQAPLF-BJ1-5,0.30999991581006336,7
D7C,0.515,12.0,AV10N-CAASMDTGGLSGKLTF-AJ2_BV16-CASSLNWGANYAEQFF-BJ2-1,0.46229551455568985,8
D7C,0.515,12.0,AV12-3-CALSDDTNKVVF-AJ34_BV13-2-CASGDKISYNSPLYF-BJ1-6,0.2611765604577171,6
D7C,0.515,12.0,AV1-CAVRPNNNNAPRF-AJ43_BV13-2-CASGARTYNYAEQFF-BJ2-1,0.6990895255766654,10
D7C,0.515,12.0,AV9D-3-CAVSMLSGSFNKLTF-AJ4_BV3-CASSQYLRDNQDTQYF-BJ2-5,0.2572422241679432,17
D7C,0.515,12.0,AV16/DV11-CAMREGGGYKVVF-AJ12_BV13-2-CASGARTYNYAEQFF-BJ2-1,0.5820320843881129,6
D7C,0.515,12.0,AV7-5-CAVRPGTGSNRLTF-AJ28_BV14-CASRYRGEQYF-BJ2-7,0.4145963239119473,8
D7C,0.515,12.0,AV5D-4-CAASENSNYQLIW-AJ33_BV4-CASSQNTLYF-BJ2-4,0.3325654629727957,6
D7C,0.51,12.0,AV12D-2-CALDYANKMIF-AJ47_BV14-CASSFRAEQFF-BJ2-1,0.31282340798359193,8
D7C,0.51,12.0,AV10-CAASIASSSFSKLVF-AJ50_BV1-CTCSATNNQAPLF-BJ1-5,0.19350321730053685,7
D7C,0.51,12.0,AV3D-3-CAVSDYNVLYF-AJ21_BV3-CASSQYLRDNQDTQYF-BJ2-5,0.3707608275623991,24
D7C,0.51,12.0,AV6-6-CALGEEEWATGGNNKLTF-AJ56_BV1-CTCSTRGANERLFF-BJ1-4,0.253465211856655,27
D7C,0.51,12.0,AV7-4-CAASERGASSSFSKLVF-AJ50_BV1-CTCSATNNQAPLF-BJ1-5,0.30999991581006336,7
D7C,0.51,12.0,AV10N-CAASMDTGGLSGKLTF-AJ2_BV16-CASSLNWGANYAEQFF-BJ2-1,0.46229551455568985,8
D7C,0.51,12.0,AV12-3-CALSDDTNKVVF-AJ34_BV13-2-CASGDKISYNSPLYF-BJ1-6,0.2611765604577171,6
D7C,0.51,12.0,AV1-CAVRPNNNNAPRF-AJ43_BV13-2-CASGARTYNYAEQFF-BJ2-1,0.6990895255766654,10
D7C,0.51,12.0,AV9D-3-CAVSMLSGSFNKLTF-AJ4_BV3-CASSQYLRDNQDTQYF-BJ2-5,0.2572422241679432,17
D7C,0.51,12.0,AV16/DV11-CAMREGGGYKVVF-AJ12_BV13-2-CASGARTYNYAEQFF-BJ2-1,0.5820320843881129,6
D7C,0.51,12.0,AV7-5-CAVRPGTGSNRLTF-AJ28_BV14-CASRYRGEQYF-BJ2-7,0.4145963239119473,8
D7C,0.51,12.0,AV5D-4-CAASENSNYQLIW-AJ33_BV4-CASSQNTLYF-BJ2-4,0.3325654629727957,6
D7C,0.505,12.0,AV12D-2-CALDYANKMIF-AJ47_BV14-CASSFRAEQFF-BJ2-1,0.31282340798359193,8
D7C,0.505,12.0,AV10-CAASIASSSFSKLVF-AJ50_BV1-CTCSATNNQAPLF-BJ1-5,0.19350321730053685,7
D7C,0.505,12.0,AV3D-3-CAVSDYNVLYF-AJ21_BV3-CASSQYLRDNQDTQYF-BJ2-5,0.3707608275623991,24
D7C,0.505,12.0,AV6-6-CALGEEEWATGGNNKLTF-AJ56_BV1-CTCSTRGANERLFF-BJ1-4,0.253465211856655,27
D7C,0.505,12.0,AV7-4-CAASERGASSSFSKLVF-AJ50_BV1-CTCSATNNQAPLF-BJ1-5,0.30999991581006336,7
D7C,0.505,12.0,AV10N-CAASMDTGGLSGKLTF-AJ2_BV16-CASSLNWGANYAEQFF-BJ2-1,0.46229551455568985,8
D7C,0.505,12.0,AV12-3-CALSDDTNKVVF-AJ34_BV13-2-CASGDKISYNSPLYF-BJ1-6,0.2611765604577171,6
D7C,0.505,12.0,AV1-CAVRPNNNNAPRF-AJ43_BV13-2-CASGARTYNYAEQFF-BJ2-1,0.6990895255766654,10
D7C,0.505,12.0,AV9D-3-CAVSMLSGSFNKLTF-AJ4_BV3-CASSQYLRDNQDTQYF-BJ2-5,0.2572422241679432,17
D7C,0.505,12.0,AV16/DV11-CAMREGGGYKVVF-AJ12_BV13-2-CASGARTYNYAEQFF-BJ2-1,0.5820320843881129,6
D7C,0.505,12.0,AV7-5-CAVRPGTGSNRLTF-AJ28_BV14-CASRYRGEQYF-BJ2-7,0.4145963239119473,8
D7C,0.505,12.0,AV5D-4-CAASENSNYQLIW-AJ33_BV4-CASSQNTLYF-BJ2-4,0.3325654629727957,6
D7C,0.5,12.0,AV12D-2-CALDYANKMIF-AJ47_BV14-CASSFRAEQFF-BJ2-1,0.31282340798359193,8
D7C,0.5,12.0,AV10-CAASIASSSFSKLVF-AJ50_BV1-CTCSATNNQAPLF-BJ1-5,0.19350321730053685,7
D7C,0.5,12.0,AV3D-3-CAVSDYNVLYF-AJ21_BV3-CASSQYLRDNQDTQYF-BJ2-5,0.3707608275623991,24
D7C,0.5,12.0,AV6-6-CALGEEEWATGGNNKLTF-AJ56_BV1-CTCSTRGANERLFF-BJ1-4,0.253465211856655,27
D7C,0.5,12.0,AV7-4-CAASERGASSSFSKLVF-AJ50_BV1-CTCSATNNQAPLF-BJ1-5,0.30999991581006336,7
D7C,0.5,12.0,AV10N-CAASMDTGGLSGKLTF-AJ2_BV16-CASSLNWGANYAEQFF-BJ2-1,0.46229551455568985,8
D7C,0.5,12.0,AV12-3-CALSDDTNKVVF-AJ34_BV13-2-CASGDKISYNSPLYF-BJ1-6,0.2611765604577171,6
D7C,0.5,12.0,AV1-CAVRPNNNNAPRF-AJ43_BV13-2-CASGARTYNYAEQFF-BJ2-1,0.6990895255766654,10
D7C,0.5,12.0,AV9D-3-CAVSMLSGSFNKLTF-AJ4_BV3-CASSQYLRDNQDTQYF-BJ2-5,0.2572422241679432,17
D7C,0.5,12.0,AV16/DV11-CAMREGGGYKVVF-AJ12_BV13-2-CASGARTYNYAEQFF-BJ2-1,0.5820320843881129,6
D7C,0.5,12.0,AV7-5-CAVRPGTGSNRLTF-AJ28_BV14-CASRYRGEQYF-BJ2-7,0.4145963239119473,8
D7C,0.5,12.0,AV5D-4-CAASENSNYQLIW-AJ33_BV4-CASSQNTLYF-BJ2-4,0.3325654629727957,6
D7C,0.495,12.064999999999998,AV12D-2-CALDYANKMIF-AJ47_BV14-CASSFRAEQFF-BJ2-1,0.31433008437860444,7
D7C,0.495,12.064999999999998,AV10-CAASIASSSFSKLVF-AJ50_BV1-CTCSATNNQAPLF-BJ1-5,0.22326938537356533,6
D7C,0.495,12.064999999999998,AV3D-3-CAVSDYNVLYF-AJ21_BV3-CASSQYLRDNQDTQYF-BJ2-5,0.38775190840066187,23
D7C,0.495,12.064999999999998,AV6-6-CALGEEEWATGGNNKLTF-AJ56_BV1-CTCSTRGANERLFF-BJ1-4,0.2832508107685903,24
D7C,0.495,12.064999999999998,AV7-4-CAASERGASSSFSKLVF-AJ50_BV1-CTCSATNNQAPLF-BJ1-5,0.30999991581006336,7
D7C,0.495,12.064999999999998,AV10N-CAASMDTGGLSGKLTF-AJ2_BV16-CASSLNWGANYAEQFF-BJ2-1,0.46229551455568985,8
D7C,0.495,12.064999999999998,AV12-3-CALSDDTNKVVF-AJ34_BV13-2-CASGDKISYNSPLYF-BJ1-6,0.29992040178022145,5
D7C,0.495,12.064999999999998,AV1-CAVRPNNNNAPRF-AJ43_BV13-2-CASGARTYNYAEQFF-BJ2-1,0.7899732426205637,8
D7C,0.495,12.064999999999998,AV9D-3-CAVSMLSGSFNKLTF-AJ4_BV3-CASSQYLRDNQDTQYF-BJ2-5,0.26825214235085415,16
D7C,0.495,12.064999999999998,AV16/DV11-CAMREGGGYKVVF-AJ12_BV13-2-CASGARTYNYAEQFF-BJ2-1,0.6289276957714017,5
D7C,0.495,12.064999999999998,AV7-5-CAVRPGTGSNRLTF-AJ28_BV14-CASRYRGEQYF-BJ2-7,0.4008058728084314,7
D7C,0.495,12.064999999999998,AV5D-4-CAASENSNYQLIW-AJ33_BV4-CASSQNTLYF-BJ2-4,0.3325654629727957,6
D7C,0.49,13.0,AV12D-2-CALDYANKMIF-AJ47_BV14-CASSFRAEQFF-BJ2-1,0.31433008437860444,7
D7C,0.49,13.0,AV10-CAASIASSSFSKLVF-AJ50_BV1-CTCSATNNQAPLF-BJ1-5,0.22326938537356533,6
D7C,0.49,13.0,AV3D-3-CAVSDYNVLYF-AJ21_BV3-CASSQYLRDNQDTQYF-BJ2-5,0.38775190840066187,23
D7C,0.49,13.0,AV6-6-CALGEEEWATGGNNKLTF-AJ56_BV1-CTCSTRGANERLFF-BJ1-4,0.2832508107685903,24
D7C,0.49,13.0,AV7-4-CAASERGASSSFSKLVF-AJ50_BV1-CTCSATNNQAPLF-BJ1-5,0.30999991581006336,7
D7C,0.49,13.0,AV10N-CAASMDTGGLSGKLTF-AJ2_BV16-CASSLNWGANYAEQFF-BJ2-1,0.46229551455568985,8
D7C,0.49,13.0,AV12-3-CALSDDTNKVVF-AJ34_BV13-2-CASGDKISYNSPLYF-BJ1-6,0.29992040178022145,5
D7C,0.49,13.0,AV1-CAVRPNNNNAPRF-AJ43_BV13-2-CASGARTYNYAEQFF-BJ2-1,0.7899732426205637,8
D7C,0.49,13.0,AV9D-3-CAVSMLSGSFNKLTF-AJ4_BV3-CASSQYLRDNQDTQYF-BJ2-5,0.26825214235085415,16
D7C,0.49,13.0,AV16/DV11-CAMREGGGYKVVF-AJ12_BV13-2-CASGARTYNYAEQFF-BJ2-1,0.6289276957714017,5
D7C,0.49,13.0,AV7-5-CAVRPGTGSNRLTF-AJ28_BV14-CASRYRGEQYF-BJ2-7,0.4008058728084314,7
D7C,0.49,13.0,AV5D-4-CAASENSNYQLIW-AJ33_BV4-CASSQNTLYF-BJ2-4,0.3325654629727957,6
D7C,0.485,13.0,AV12D-2-CALDYANKMIF-AJ47_BV14-CASSFRAEQFF-BJ2-1,0.31433008437860444,7
D7C,0.485,13.0,AV10-CAASIASSSFSKLVF-AJ50_BV1-CTCSATNNQAPLF-BJ1-5,0.22326938537356533,6
D7C,0.485,13.0,AV3D-3-CAVSDYNVLYF-AJ21_BV3-CASSQYLRDNQDTQYF-BJ2-5,0.38775190840066187,23
D7C,0.485,13.0,AV6-6-CALGEEEWATGGNNKLTF-AJ56_BV1-CTCSTRGANERLFF-BJ1-4,0.2832508107685903,24
D7C,0.485,13.0,AV7-4-CAASERGASSSFSKLVF-AJ50_BV1-CTCSATNNQAPLF-BJ1-5,0.30999991581006336,7
D7C,0.485,13.0,AV10N-CAASMDTGGLSGKLTF-AJ2_BV16-CASSLNWGANYAEQFF-BJ2-1,0.46229551455568985,8
D7C,0.485,13.0,AV12-3-CALSDDTNKVVF-AJ34_BV13-2-CASGDKISYNSPLYF-BJ1-6,0.29992040178022145,5
D7C,0.485,13.0,AV1-CAVRPNNNNAPRF-AJ43_BV13-2-CASGARTYNYAEQFF-BJ2-1,0.7899732426205637,8
D7C,0.485,13.0,AV9D-3-CAVSMLSGSFNKLTF-AJ4_BV3-CASSQYLRDNQDTQYF-BJ2-5,0.26825214235085415,16
D7C,0.485,13.0,AV16/DV11-CAMREGGGYKVVF-AJ12_BV13-2-CASGARTYNYAEQFF-BJ2-1,0.6289276957714017,5
D7C,0.485,13.0,AV7-5-CAVRPGTGSNRLTF-AJ28_BV14-CASRYRGEQYF-BJ2-7,0.4008058728084314,7
D7C,0.485,13.0,AV5D-4-CAASENSNYQLIW-AJ33_BV4-CASSQNTLYF-BJ2-4,0.3325654629727957,6
D7C,0.48,13.0,AV12D-2-CALDYANKMIF-AJ47_BV14-CASSFRAEQFF-BJ2-1,0.31433008437860444,7
D7C,0.48,13.0,AV10-CAASIASSSFSKLVF-AJ50_BV1-CTCSATNNQAPLF-BJ1-5,0.22326938537356533,6
D7C,0.48,13.0,AV3D-3-CAVSDYNVLYF-AJ21_BV3-CASSQYLRDNQDTQYF-BJ2-5,0.38775190840066187,23
D7C,0.48,13.0,AV6-6-CALGEEEWATGGNNKLTF-AJ56_BV1-CTCSTRGANERLFF-BJ1-4,0.2832508107685903,24
D7C,0.48,13.0,AV7-4-CAASERGASSSFSKLVF-AJ50_BV1-CTCSATNNQAPLF-BJ1-5,0.30999991581006336,7
D7C,0.48,13.0,AV10N-CAASMDTGGLSGKLTF-AJ2_BV16-CASSLNWGANYAEQFF-BJ2-1,0.46229551455568985,8
D7C,0.48,13.0,AV12-3-CALSDDTNKVVF-AJ34_BV13-2-CASGDKISYNSPLYF-BJ1-6,0.29992040178022145,5
D7C,0.48,13.0,AV1-CAVRPNNNNAPRF-AJ43_BV13-2-CASGARTYNYAEQFF-BJ2-1,0.7899732426205637,8
D7C,0.48,13.0,AV9D-3-CAVSMLSGSFNKLTF-AJ4_BV3-CASSQYLRDNQDTQYF-BJ2-5,0.26825214235085415,16
D7C,0.48,13.0,AV16/DV11-CAMREGGGYKVVF-AJ12_BV13-2-CASGARTYNYAEQFF-BJ2-1,0.6289276957714017,5
D7C,0.48,13.0,AV7-5-CAVRPGTGSNRLTF-AJ28_BV14-CASRYRGEQYF-BJ2-7,0.4008058728084314,7
D7C,0.48,13.0,AV5D-4-CAASENSNYQLIW-AJ33_BV4-CASSQNTLYF-BJ2-4,0.3325654629727957,6
D7C,0.475,13.0,AV12D-2-CALDYANKMIF-AJ47_BV14-CASSFRAEQFF-BJ2-1,0.31433008437860444,7
D7C,0.475,13.0,AV10-CAASIASSSFSKLVF-AJ50_BV1-CTCSATNNQAPLF-BJ1-5,0.22326938537356533,6
D7C,0.475,13.0,AV3D-3-CAVSDYNVLYF-AJ21_BV3-CASSQYLRDNQDTQYF-BJ2-5,0.38775190840066187,23
D7C,0.475,13.0,AV6-6-CALGEEEWATGGNNKLTF-AJ56_BV1-CTCSTRGANERLFF-BJ1-4,0.2832508107685903,24
D7C,0.475,13.0,AV7-4-CAASERGASSSFSKLVF-AJ50_BV1-CTCSATNNQAPLF-BJ1-5,0.30999991581006336,7
D7C,0.475,13.0,AV10N-CAASMDTGGLSGKLTF-AJ2_BV16-CASSLNWGANYAEQFF-BJ2-1,0.46229551455568985,8
D7C,0.475,13.0,AV12-3-CALSDDTNKVVF-AJ34_BV13-2-CASGDKISYNSPLYF-BJ1-6,0.29992040178022145,5
D7C,0.475,13.0,AV1-CAVRPNNNNAPRF-AJ43_BV13-2-CASGARTYNYAEQFF-BJ2-1,0.7899732426205637,8
D7C,0.475,13.0,AV9D-3-CAVSMLSGSFNKLTF-AJ4_BV3-CASSQYLRDNQDTQYF-BJ2-5,0.26825214235085415,16
D7C,0.475,13.0,AV16/DV11-CAMREGGGYKVVF-AJ12_BV13-2-CASGARTYNYAEQFF-BJ2-1,0.6289276957714017,5
D7C,0.475,13.0,AV7-5-CAVRPGTGSNRLTF-AJ28_BV14-CASRYRGEQYF-BJ2-7,0.4008058728084314,7
D7C,0.475,13.0,AV5D-4-CAASENSNYQLIW-AJ33_BV4-CASSQNTLYF-BJ2-4,0.3325654629727957,6
D7C,0.47,13.890000000000015,AV12D-2-CALDYANKMIF-AJ47_BV14-CASSFRAEQFF-BJ2-1,0.31433008437860444,7
D7C,0.47,13.890000000000015,AV10-CAASIASSSFSKLVF-AJ50_BV1-CTCSATNNQAPLF-BJ1-5,0.22326938537356533,6
D7C,0.47,13.890000000000015,AV3D-3-CAVSDYNVLYF-AJ21_BV3-CASSQYLRDNQDTQYF-BJ2-5,0.38775190840066187,23
D7C,0.47,13.890000000000015,AV6-6-CALGEEEWATGGNNKLTF-AJ56_BV1-CTCSTRGANERLFF-BJ1-4,0.28874023600740784,21
D7C,0.47,13.890000000000015,AV7-4-CAASERGASSSFSKLVF-AJ50_BV1-CTCSATNNQAPLF-BJ1-5,0.30999991581006336,7
D7C,0.47,13.890000000000015,AV10N-CAASMDTGGLSGKLTF-AJ2_BV16-CASSLNWGANYAEQFF-BJ2-1,0.46229551455568985,8
D7C,0.47,13.890000000000015,AV1-CAVRPNNNNAPRF-AJ43_BV13-2-CASGARTYNYAEQFF-BJ2-1,0.7899732426205637,8
D7C,0.47,13.890000000000015,AV9D-3-CAVSMLSGSFNKLTF-AJ4_BV3-CASSQYLRDNQDTQYF-BJ2-5,0.26825214235085415,16
D7C,0.47,13.890000000000015,AV16/DV11-CAMREGGGYKVVF-AJ12_BV13-2-CASGARTYNYAEQFF-BJ2-1,0.6289276957714017,5
D7C,0.47,13.890000000000015,AV7-5-CAVRPGTGSNRLTF-AJ28_BV14-CASRYRGEQYF-BJ2-7,0.4008058728084314,7
D7C,0.47,13.890000000000015,AV5D-4-CAASENSNYQLIW-AJ33_BV4-CASSQNTLYF-BJ2-4,0.2961061820573465,5
D7C,0.46499999999999997,14.0,AV12D-2-CALDYANKMIF-AJ47_BV14-CASSFRAEQFF-BJ2-1,0.31433008437860444,7
D7C,0.46499999999999997,14.0,AV10-CAASIASSSFSKLVF-AJ50_BV1-CTCSATNNQAPLF-BJ1-5,0.22326938537356533,6
D7C,0.46499999999999997,14.0,AV3D-3-CAVSDYNVLYF-AJ21_BV3-CASSQYLRDNQDTQYF-BJ2-5,0.38775190840066187,23
D7C,0.46499999999999997,14.0,AV6-6-CALGEEEWATGGNNKLTF-AJ56_BV1-CTCSTRGANERLFF-BJ1-4,0.28874023600740784,21
D7C,0.46499999999999997,14.0,AV7-4-CAASERGASSSFSKLVF-AJ50_BV1-CTCSATNNQAPLF-BJ1-5,0.30999991581006336,7
D7C,0.46499999999999997,14.0,AV10N-CAASMDTGGLSGKLTF-AJ2_BV16-CASSLNWGANYAEQFF-BJ2-1,0.46229551455568985,8
D7C,0.46499999999999997,14.0,AV1-CAVRPNNNNAPRF-AJ43_BV13-2-CASGARTYNYAEQFF-BJ2-1,0.7899732426205637,8
D7C,0.46499999999999997,14.0,AV9D-3-CAVSMLSGSFNKLTF-AJ4_BV3-CASSQYLRDNQDTQYF-BJ2-5,0.26825214235085415,16
D7C,0.46499999999999997,14.0,AV16/DV11-CAMREGGGYKVVF-AJ12_BV13-2-CASGARTYNYAEQFF-BJ2-1,0.6289276957714017,5
D7C,0.46499999999999997,14.0,AV7-5-CAVRPGTGSNRLTF-AJ28_BV14-CASRYRGEQYF-BJ2-7,0.4008058728084314,7
D7C,0.46499999999999997,14.0,AV5D-4-CAASENSNYQLIW-AJ33_BV4-CASSQNTLYF-BJ2-4,0.2961061820573465,5
D7C,0.45999999999999996,14.0,AV12D-2-CALDYANKMIF-AJ47_BV14-CASSFRAEQFF-BJ2-1,0.31433008437860444,7
D7C,0.45999999999999996,14.0,AV10-CAASIASSSFSKLVF-AJ50_BV1-CTCSATNNQAPLF-BJ1-5,0.22326938537356533,6
D7C,0.45999999999999996,14.0,AV3D-3-CAVSDYNVLYF-AJ21_BV3-CASSQYLRDNQDTQYF-BJ2-5,0.38775190840066187,23
D7C,0.45999999999999996,14.0,AV6-6-CALGEEEWATGGNNKLTF-AJ56_BV1-CTCSTRGANERLFF-BJ1-4,0.28874023600740784,21
D7C,0.45999999999999996,14.0,AV7-4-CAASERGASSSFSKLVF-AJ50_BV1-CTCSATNNQAPLF-BJ1-5,0.30999991581006336,7
D7C,0.45999999999999996,14.0,AV10N-CAASMDTGGLSGKLTF-AJ2_BV16-CASSLNWGANYAEQFF-BJ2-1,0.46229551455568985,8
D7C,0.45999999999999996,14.0,AV1-CAVRPNNNNAPRF-AJ43_BV13-2-CASGARTYNYAEQFF-BJ2-1,0.7899732426205637,8
D7C,0.45999999999999996,14.0,AV9D-3-CAVSMLSGSFNKLTF-AJ4_BV3-CASSQYLRDNQDTQYF-BJ2-5,0.26825214235085415,16
D7C,0.45999999999999996,14.0,AV16/DV11-CAMREGGGYKVVF-AJ12_BV13-2-CASGARTYNYAEQFF-BJ2-1,0.6289276957714017,5
D7C,0.45999999999999996,14.0,AV7-5-CAVRPGTGSNRLTF-AJ28_BV14-CASRYRGEQYF-BJ2-7,0.4008058728084314,7
D7C,0.45999999999999996,14.0,AV5D-4-CAASENSNYQLIW-AJ33_BV4-CASSQNTLYF-BJ2-4,0.2961061820573465,5
D7C,0.45499999999999996,14.0,AV12D-2-CALDYANKMIF-AJ47_BV14-CASSFRAEQFF-BJ2-1,0.31433008437860444,7
D7C,0.45499999999999996,14.0,AV10-CAASIASSSFSKLVF-AJ50_BV1-CTCSATNNQAPLF-BJ1-5,0.22326938537356533,6
D7C,0.45499999999999996,14.0,AV3D-3-CAVSDYNVLYF-AJ21_BV3-CASSQYLRDNQDTQYF-BJ2-5,0.38775190840066187,23
D7C,0.45499999999999996,14.0,AV6-6-CALGEEEWATGGNNKLTF-AJ56_BV1-CTCSTRGANERLFF-BJ1-4,0.28874023600740784,21
D7C,0.45499999999999996,14.0,AV7-4-CAASERGASSSFSKLVF-AJ50_BV1-CTCSATNNQAPLF-BJ1-5,0.30999991581006336,7
D7C,0.45499999999999996,14.0,AV10N-CAASMDTGGLSGKLTF-AJ2_BV16-CASSLNWGANYAEQFF-BJ2-1,0.46229551455568985,8
D7C,0.45499999999999996,14.0,AV1-CAVRPNNNNAPRF-AJ43_BV13-2-CASGARTYNYAEQFF-BJ2-1,0.7899732426205637,8
D7C,0.45499999999999996,14.0,AV9D-3-CAVSMLSGSFNKLTF-AJ4_BV3-CASSQYLRDNQDTQYF-BJ2-5,0.26825214235085415,16
D7C,0.45499999999999996,14.0,AV16/DV11-CAMREGGGYKVVF-AJ12_BV13-2-CASGARTYNYAEQFF-BJ2-1,0.6289276957714017,5
D7C,0.45499999999999996,14.0,AV7-5-CAVRPGTGSNRLTF-AJ28_BV14-CASRYRGEQYF-BJ2-7,0.4008058728084314,7
D7C,0.45499999999999996,14.0,AV5D-4-CAASENSNYQLIW-AJ33_BV4-CASSQNTLYF-BJ2-4,0.2961061820573465,5
D7C,0.44999999999999996,14.150000000000006,AV12D-2-CALDYANKMIF-AJ47_BV14-CASSFRAEQFF-BJ2-1,0.39612899929758283,5
D7C,0.44999999999999996,14.150000000000006,AV10-CAASIASSSFSKLVF-AJ50_BV1-CTCSATNNQAPLF-BJ1-5,0.22326938537356533,6
D7C,0.44999999999999996,14.150000000000006,AV3D-3-CAVSDYNVLYF-AJ21_BV3-CASSQYLRDNQDTQYF-BJ2-5,0.39820798449776,22
D7C,0.44999999999999996,14.150000000000006,AV6-6-CALGEEEWATGGNNKLTF-AJ56_BV1-CTCSTRGANERLFF-BJ1-4,0.2899698647559503,19
D7C,0.44999999999999996,14.150000000000006,AV7-4-CAASERGASSSFSKLVF-AJ50_BV1-CTCSATNNQAPLF-BJ1-5,0.30999991581006336,7
D7C,0.44999999999999996,14.150000000000006,AV10N-CAASMDTGGLSGKLTF-AJ2_BV16-CASSLNWGANYAEQFF-BJ2-1,0.46229551455568985,8
D7C,0.44999999999999996,14.150000000000006,AV1-CAVRPNNNNAPRF-AJ43_BV13-2-CASGARTYNYAEQFF-BJ2-1,0.7899732426205637,8
D7C,0.44999999999999996,14.150000000000006,AV9D-3-CAVSMLSGSFNKLTF-AJ4_BV3-CASSQYLRDNQDTQYF-BJ2-5,0.26825214235085415,16
D7C,0.44999999999999996,14.150000000000006,AV16/DV11-CAMREGGGYKVVF-AJ12_BV13-2-CASGARTYNYAEQFF-BJ2-1,0.6289276957714017,5
D7C,0.44999999999999996,14.150000000000006,AV7-5-CAVRPGTGSNRLTF-AJ28_BV14-CASRYRGEQYF-BJ2-7,0.4008058728084314,7
D7C,0.44999999999999996,14.150000000000006,AV5D-4-CAASENSNYQLIW-AJ33_BV4-CASSQNTLYF-BJ2-4,0.2961061820573465,5
D7C,0.44499999999999995,15.0,AV12D-2-CALDYANKMIF-AJ47_BV14-CASSFRAEQFF-BJ2-1,0.39612899929758283,5
D7C,0.44499999999999995,15.0,AV10-CAASIASSSFSKLVF-AJ50_BV1-CTCSATNNQAPLF-BJ1-5,0.22326938537356533,6
D7C,0.44499999999999995,15.0,AV3D-3-CAVSDYNVLYF-AJ21_BV3-CASSQYLRDNQDTQYF-BJ2-5,0.39820798449776,22
D7C,0.44499999999999995,15.0,AV6-6-CALGEEEWATGGNNKLTF-AJ56_BV1-CTCSTRGANERLFF-BJ1-4,0.2899698647559503,19
D7C,0.44499999999999995,15.0,AV7-4-CAASERGASSSFSKLVF-AJ50_BV1-CTCSATNNQAPLF-BJ1-5,0.30999991581006336,7
D7C,0.44499999999999995,15.0,AV10N-CAASMDTGGLSGKLTF-AJ2_BV16-CASSLNWGANYAEQFF-BJ2-1,0.46229551455568985,8
D7C,0.44499999999999995,15.0,AV1-CAVRPNNNNAPRF-AJ43_BV13-2-CASGARTYNYAEQFF-BJ2-1,0.7899732426205637,8
D7C,0.44499999999999995,15.0,AV9D-3-CAVSMLSGSFNKLTF-AJ4_BV3-CASSQYLRDNQDTQYF-BJ2-5,0.26825214235085415,16
D7C,0.44499999999999995,15.0,AV16/DV11-CAMREGGGYKVVF-AJ12_BV13-2-CASGARTYNYAEQFF-BJ2-1,0.6289276957714017,5
D7C,0.44499999999999995,15.0,AV7-5-CAVRPGTGSNRLTF-AJ28_BV14-CASRYRGEQYF-BJ2-7,0.4008058728084314,7
D7C,0.44499999999999995,15.0,AV5D-4-CAASENSNYQLIW-AJ33_BV4-CASSQNTLYF-BJ2-4,0.2961061820573465,5
D7C,0.43999999999999995,15.0,AV12D-2-CALDYANKMIF-AJ47_BV14-CASSFRAEQFF-BJ2-1,0.39612899929758283,5
D7C,0.43999999999999995,15.0,AV10-CAASIASSSFSKLVF-AJ50_BV1-CTCSATNNQAPLF-BJ1-5,0.22326938537356533,6
D7C,0.43999999999999995,15.0,AV3D-3-CAVSDYNVLYF-AJ21_BV3-CASSQYLRDNQDTQYF-BJ2-5,0.39820798449776,22
D7C,0.43999999999999995,15.0,AV6-6-CALGEEEWATGGNNKLTF-AJ56_BV1-CTCSTRGANERLFF-BJ1-4,0.2899698647559503,19
D7C,0.43999999999999995,15.0,AV7-4-CAASERGASSSFSKLVF-AJ50_BV1-CTCSATNNQAPLF-BJ1-5,0.30999991581006336,7
D7C,0.43999999999999995,15.0,AV10N-CAASMDTGGLSGKLTF-AJ2_BV16-CASSLNWGANYAEQFF-BJ2-1,0.46229551455568985,8
D7C,0.43999999999999995,15.0,AV1-CAVRPNNNNAPRF-AJ43_BV13-2-CASGARTYNYAEQFF-BJ2-1,0.7899732426205637,8
D7C,0.43999999999999995,15.0,AV9D-3-CAVSMLSGSFNKLTF-AJ4_BV3-CASSQYLRDNQDTQYF-BJ2-5,0.26825214235085415,16
D7C,0.43999999999999995,15.0,AV16/DV11-CAMREGGGYKVVF-AJ12_BV13-2-CASGARTYNYAEQFF-BJ2-1,0.6289276957714017,5
D7C,0.43999999999999995,15.0,AV7-5-CAVRPGTGSNRLTF-AJ28_BV14-CASRYRGEQYF-BJ2-7,0.4008058728084314,7
D7C,0.43999999999999995,15.0,AV5D-4-CAASENSNYQLIW-AJ33_BV4-CASSQNTLYF-BJ2-4,0.2961061820573465,5
D7C,0.43499999999999994,15.845000000000027,AV10-CAASIASSSFSKLVF-AJ50_BV1-CTCSATNNQAPLF-BJ1-5,0.25289820077402503,5
D7C,0.43499999999999994,15.845000000000027,AV3D-3-CAVSDYNVLYF-AJ21_BV3-CASSQYLRDNQDTQYF-BJ2-5,0.39820798449776,22
D7C,0.43499999999999994,15.845000000000027,AV6-6-CALGEEEWATGGNNKLTF-AJ56_BV1-CTCSTRGANERLFF-BJ1-4,0.2899698647559503,19
D7C,0.43499999999999994,15.845000000000027,AV7-4-CAASERGASSSFSKLVF-AJ50_BV1-CTCSATNNQAPLF-BJ1-5,0.30999991581006336,7
D7C,0.43499999999999994,15.845000000000027,AV10N-CAASMDTGGLSGKLTF-AJ2_BV16-CASSLNWGANYAEQFF-BJ2-1,0.46082449859988456,7
D7C,0.43499999999999994,15.845000000000027,AV1-CAVRPNNNNAPRF-AJ43_BV13-2-CASGARTYNYAEQFF-BJ2-1,0.7899732426205637,8
D7C,0.43499999999999994,15.845000000000027,AV9D-3-CAVSMLSGSFNKLTF-AJ4_BV3-CASSQYLRDNQDTQYF-BJ2-5,0.28385907568678176,15
D7C,0.43499999999999994,15.845000000000027,AV16/DV11-CAMREGGGYKVVF-AJ12_BV13-2-CASGARTYNYAEQFF-BJ2-1,0.6289276957714017,5
D7C,0.43499999999999994,15.845000000000027,AV7-5-CAVRPGTGSNRLTF-AJ28_BV14-CASRYRGEQYF-BJ2-7,0.4008058728084314,7
D7C,0.43499999999999994,15.845000000000027,AV5D-4-CAASENSNYQLIW-AJ33_BV4-CASSQNTLYF-BJ2-4,0.2961061820573465,5
D7C,0.42999999999999994,16.0,AV10-CAASIASSSFSKLVF-AJ50_BV1-CTCSATNNQAPLF-BJ1-5,0.25289820077402503,5
D7C,0.42999999999999994,16.0,AV3D-3-CAVSDYNVLYF-AJ21_BV3-CASSQYLRDNQDTQYF-BJ2-5,0.39820798449776,22
D7C,0.42999999999999994,16.0,AV6-6-CALGEEEWATGGNNKLTF-AJ56_BV1-CTCSTRGANERLFF-BJ1-4,0.2899698647559503,19
D7C,0.42999999999999994,16.0,AV7-4-CAASERGASSSFSKLVF-AJ50_BV1-CTCSATNNQAPLF-BJ1-5,0.30999991581006336,7
D7C,0.42999999999999994,16.0,AV10N-CAASMDTGGLSGKLTF-AJ2_BV16-CASSLNWGANYAEQFF-BJ2-1,0.46082449859988456,7
D7C,0.42999999999999994,16.0,AV1-CAVRPNNNNAPRF-AJ43_BV13-2-CASGARTYNYAEQFF-BJ2-1,0.7899732426205637,8
D7C,0.42999999999999994,16.0,AV9D-3-CAVSMLSGSFNKLTF-AJ4_BV3-CASSQYLRDNQDTQYF-BJ2-5,0.28385907568678176,15
D7C,0.42999999999999994,16.0,AV16/DV11-CAMREGGGYKVVF-AJ12_BV13-2-CASGARTYNYAEQFF-BJ2-1,0.6289276957714017,5
D7C,0.42999999999999994,16.0,AV7-5-CAVRPGTGSNRLTF-AJ28_BV14-CASRYRGEQYF-BJ2-7,0.4008058728084314,7
D7C,0.42999999999999994,16.0,AV5D-4-CAASENSNYQLIW-AJ33_BV4-CASSQNTLYF-BJ2-4,0.2961061820573465,5
D7C,0.42499999999999993,16.0,AV10-CAASIASSSFSKLVF-AJ50_BV1-CTCSATNNQAPLF-BJ1-5,0.25289820077402503,5
D7C,0.42499999999999993,16.0,AV3D-3-CAVSDYNVLYF-AJ21_BV3-CASSQYLRDNQDTQYF-BJ2-5,0.39820798449776,22
D7C,0.42499999999999993,16.0,AV6-6-CALGEEEWATGGNNKLTF-AJ56_BV1-CTCSTRGANERLFF-BJ1-4,0.2899698647559503,19
D7C,0.42499999999999993,16.0,AV7-4-CAASERGASSSFSKLVF-AJ50_BV1-CTCSATNNQAPLF-BJ1-5,0.30999991581006336,7
D7C,0.42499999999999993,16.0,AV10N-CAASMDTGGLSGKLTF-AJ2_BV16-CASSLNWGANYAEQFF-BJ2-1,0.46082449859988456,7
D7C,0.42499999999999993,16.0,AV1-CAVRPNNNNAPRF-AJ43_BV13-2-CASGARTYNYAEQFF-BJ2-1,0.7899732426205637,8
D7C,0.42499999999999993,16.0,AV9D-3-CAVSMLSGSFNKLTF-AJ4_BV3-CASSQYLRDNQDTQYF-BJ2-5,0.28385907568678176,15
D7C,0.42499999999999993,16.0,AV16/DV11-CAMREGGGYKVVF-AJ12_BV13-2-CASGARTYNYAEQFF-BJ2-1,0.6289276957714017,5
D7C,0.42499999999999993,16.0,AV7-5-CAVRPGTGSNRLTF-AJ28_BV14-CASRYRGEQYF-BJ2-7,0.4008058728084314,7
D7C,0.42499999999999993,16.0,AV5D-4-CAASENSNYQLIW-AJ33_BV4-CASSQNTLYF-BJ2-4,0.2961061820573465,5
D7C,0.42000000000000004,16.0,AV10-CAASIASSSFSKLVF-AJ50_BV1-CTCSATNNQAPLF-BJ1-5,0.25289820077402503,5
D7C,0.42000000000000004,16.0,AV3D-3-CAVSDYNVLYF-AJ21_BV3-CASSQYLRDNQDTQYF-BJ2-5,0.39820798449776,22
D7C,0.42000000000000004,16.0,AV6-6-CALGEEEWATGGNNKLTF-AJ56_BV1-CTCSTRGANERLFF-BJ1-4,0.2899698647559503,19
D7C,0.42000000000000004,16.0,AV7-4-CAASERGASSSFSKLVF-AJ50_BV1-CTCSATNNQAPLF-BJ1-5,0.30999991581006336,7
D7C,0.42000000000000004,16.0,AV10N-CAASMDTGGLSGKLTF-AJ2_BV16-CASSLNWGANYAEQFF-BJ2-1,0.46082449859988456,7
D7C,0.42000000000000004,16.0,AV1-CAVRPNNNNAPRF-AJ43_BV13-2-CASGARTYNYAEQFF-BJ2-1,0.7899732426205637,8
D7C,0.42000000000000004,16.0,AV9D-3-CAVSMLSGSFNKLTF-AJ4_BV3-CASSQYLRDNQDTQYF-BJ2-5,0.28385907568678176,15
D7C,0.42000000000000004,16.0,AV16/DV11-CAMREGGGYKVVF-AJ12_BV13-2-CASGARTYNYAEQFF-BJ2-1,0.6289276957714017,5
D7C,0.42000000000000004,16.0,AV7-5-CAVRPGTGSNRLTF-AJ28_BV14-CASRYRGEQYF-BJ2-7,0.4008058728084314,7
D7C,0.42000000000000004,16.0,AV5D-4-CAASENSNYQLIW-AJ33_BV4-CASSQNTLYF-BJ2-4,0.2961061820573465,5
D7C,0.41500000000000004,16.0,AV10-CAASIASSSFSKLVF-AJ50_BV1-CTCSATNNQAPLF-BJ1-5,0.25289820077402503,5
D7C,0.41500000000000004,16.0,AV3D-3-CAVSDYNVLYF-AJ21_BV3-CASSQYLRDNQDTQYF-BJ2-5,0.39820798449776,22
D7C,0.41500000000000004,16.0,AV6-6-CALGEEEWATGGNNKLTF-AJ56_BV1-CTCSTRGANERLFF-BJ1-4,0.2899698647559503,19
D7C,0.41500000000000004,16.0,AV7-4-CAASERGASSSFSKLVF-AJ50_BV1-CTCSATNNQAPLF-BJ1-5,0.30999991581006336,7
D7C,0.41500000000000004,16.0,AV10N-CAASMDTGGLSGKLTF-AJ2_BV16-CASSLNWGANYAEQFF-BJ2-1,0.46082449859988456,7
D7C,0.41500000000000004,16.0,AV1-CAVRPNNNNAPRF-AJ43_BV13-2-CASGARTYNYAEQFF-BJ2-1,0.7899732426205637,8
D7C,0.41500000000000004,16.0,AV9D-3-CAVSMLSGSFNKLTF-AJ4_BV3-CASSQYLRDNQDTQYF-BJ2-5,0.28385907568678176,15
D7C,0.41500000000000004,16.0,AV16/DV11-CAMREGGGYKVVF-AJ12_BV13-2-CASGARTYNYAEQFF-BJ2-1,0.6289276957714017,5
D7C,0.41500000000000004,16.0,AV7-5-CAVRPGTGSNRLTF-AJ28_BV14-CASRYRGEQYF-BJ2-7,0.4008058728084314,7
D7C,0.41500000000000004,16.0,AV5D-4-CAASENSNYQLIW-AJ33_BV4-CASSQNTLYF-BJ2-4,0.2961061820573465,5
D7C,0.41000000000000003,16.0,AV10-CAASIASSSFSKLVF-AJ50_BV1-CTCSATNNQAPLF-BJ1-5,0.25289820077402503,5
D7C,0.41000000000000003,16.0,AV3D-3-CAVSDYNVLYF-AJ21_BV3-CASSQYLRDNQDTQYF-BJ2-5,0.39820798449776,22
D7C,0.41000000000000003,16.0,AV6-6-CALGEEEWATGGNNKLTF-AJ56_BV1-CTCSTRGANERLFF-BJ1-4,0.2899698647559503,19
D7C,0.41000000000000003,16.0,AV7-4-CAASERGASSSFSKLVF-AJ50_BV1-CTCSATNNQAPLF-BJ1-5,0.30999991581006336,7
D7C,0.41000000000000003,16.0,AV10N-CAASMDTGGLSGKLTF-AJ2_BV16-CASSLNWGANYAEQFF-BJ2-1,0.46082449859988456,7
D7C,0.41000000000000003,16.0,AV1-CAVRPNNNNAPRF-AJ43_BV13-2-CASGARTYNYAEQFF-BJ2-1,0.7899732426205637,8
D7C,0.41000000000000003,16.0,AV9D-3-CAVSMLSGSFNKLTF-AJ4_BV3-CASSQYLRDNQDTQYF-BJ2-5,0.28385907568678176,15
D7C,0.41000000000000003,16.0,AV16/DV11-CAMREGGGYKVVF-AJ12_BV13-2-CASGARTYNYAEQFF-BJ2-1,0.6289276957714017,5
D7C,0.41000000000000003,16.0,AV7-5-CAVRPGTGSNRLTF-AJ28_BV14-CASRYRGEQYF-BJ2-7,0.4008058728084314,7
D7C,0.41000000000000003,16.0,AV5D-4-CAASENSNYQLIW-AJ33_BV4-CASSQNTLYF-BJ2-4,0.2961061820573465,5
D7C,0.405,17.0,AV3D-3-CAVSDYNVLYF-AJ21_BV3-CASSQYLRDNQDTQYF-BJ2-5,0.39955408706517986,20
D7C,0.405,17.0,AV6-6-CALGEEEWATGGNNKLTF-AJ56_BV1-CTCSTRGANERLFF-BJ1-4,0.2899698647559503,19
D7C,0.405,17.0,AV7-4-CAASERGASSSFSKLVF-AJ50_BV1-CTCSATNNQAPLF-BJ1-5,0.30999991581006336,7
D7C,0.405,17.0,AV10N-CAASMDTGGLSGKLTF-AJ2_BV16-CASSLNWGANYAEQFF-BJ2-1,0.46082449859988456,7
D7C,0.405,17.0,AV1-CAVRPNNNNAPRF-AJ43_BV13-2-CASGARTYNYAEQFF-BJ2-1,0.7787962554508163,7
D7C,0.405,17.0,AV9D-3-CAVSMLSGSFNKLTF-AJ4_BV3-CASSQYLRDNQDTQYF-BJ2-5,0.28385907568678176,15
D7C,0.405,17.0,AV16/DV11-CAMREGGGYKVVF-AJ12_BV13-2-CASGARTYNYAEQFF-BJ2-1,0.6289276957714017,5
D7C,0.405,17.0,AV7-5-CAVRPGTGSNRLTF-AJ28_BV14-CASRYRGEQYF-BJ2-7,0.36488626473174823,6
D7C,0.405,17.0,AV5D-4-CAASENSNYQLIW-AJ33_BV4-CASSQNTLYF-BJ2-4,0.2961061820573465,5
D7C,0.4,17.0,AV3D-3-CAVSDYNVLYF-AJ21_BV3-CASSQYLRDNQDTQYF-BJ2-5,0.39955408706517986,20
D7C,0.4,17.0,AV6-6-CALGEEEWATGGNNKLTF-AJ56_BV1-CTCSTRGANERLFF-BJ1-4,0.2899698647559503,19
D7C,0.4,17.0,AV7-4-CAASERGASSSFSKLVF-AJ50_BV1-CTCSATNNQAPLF-BJ1-5,0.30999991581006336,7
D7C,0.4,17.0,AV10N-CAASMDTGGLSGKLTF-AJ2_BV16-CASSLNWGANYAEQFF-BJ2-1,0.46082449859988456,7
D7C,0.4,17.0,AV1-CAVRPNNNNAPRF-AJ43_BV13-2-CASGARTYNYAEQFF-BJ2-1,0.7787962554508163,7
D7C,0.4,17.0,AV9D-3-CAVSMLSGSFNKLTF-AJ4_BV3-CASSQYLRDNQDTQYF-BJ2-5,0.28385907568678176,15
D7C,0.4,17.0,AV16/DV11-CAMREGGGYKVVF-AJ12_BV13-2-CASGARTYNYAEQFF-BJ2-1,0.6289276957714017,5
D7C,0.4,17.0,AV7-5-CAVRPGTGSNRLTF-AJ28_BV14-CASRYRGEQYF-BJ2-7,0.36488626473174823,6
D7C,0.4,17.0,AV5D-4-CAASENSNYQLIW-AJ33_BV4-CASSQNTLYF-BJ2-4,0.2961061820573465,5
D7C,0.395,17.36499999999998,AV3D-3-CAVSDYNVLYF-AJ21_BV3-CASSQYLRDNQDTQYF-BJ2-5,0.38904891324816815,19
D7C,0.395,17.36499999999998,AV6-6-CALGEEEWATGGNNKLTF-AJ56_BV1-CTCSTRGANERLFF-BJ1-4,0.2922335688025605,17
D7C,0.395,17.36499999999998,AV7-4-CAASERGASSSFSKLVF-AJ50_BV1-CTCSATNNQAPLF-BJ1-5,0.4070300683849078,6
D7C,0.395,17.36499999999998,AV10N-CAASMDTGGLSGKLTF-AJ2_BV16-CASSLNWGANYAEQFF-BJ2-1,0.46082449859988456,7
D7C,0.395,17.36499999999998,AV1-CAVRPNNNNAPRF-AJ43_BV13-2-CASGARTYNYAEQFF-BJ2-1,0.7787962554508163,7
D7C,0.395,17.36499999999998,AV9D-3-CAVSMLSGSFNKLTF-AJ4_BV3-CASSQYLRDNQDTQYF-BJ2-5,0.28385907568678176,15
D7C,0.395,17.36499999999998,AV16/DV11-CAMREGGGYKVVF-AJ12_BV13-2-CASGARTYNYAEQFF-BJ2-1,0.6289276957714017,5
D7C,0.395,17.36499999999998,AV7-5-CAVRPGTGSNRLTF-AJ28_BV14-CASRYRGEQYF-BJ2-7,0.36488626473174823,6
D7C,0.395,17.36499999999998,AV5D-4-CAASENSNYQLIW-AJ33_BV4-CASSQNTLYF-BJ2-4,0.2961061820573465,5
D7C,0.39,18.0,AV3D-3-CAVSDYNVLYF-AJ21_BV3-CASSQYLRDNQDTQYF-BJ2-5,0.38904891324816815,19
D7C,0.39,18.0,AV6-6-CALGEEEWATGGNNKLTF-AJ56_BV1-CTCSTRGANERLFF-BJ1-4,0.2922335688025605,17
D7C,0.39,18.0,AV7-4-CAASERGASSSFSKLVF-AJ50_BV1-CTCSATNNQAPLF-BJ1-5,0.4070300683849078,6
D7C,0.39,18.0,AV10N-CAASMDTGGLSGKLTF-AJ2_BV16-CASSLNWGANYAEQFF-BJ2-1,0.46082449859988456,7
D7C,0.39,18.0,AV1-CAVRPNNNNAPRF-AJ43_BV13-2-CASGARTYNYAEQFF-BJ2-1,0.7787962554508163,7
D7C,0.39,18.0,AV9D-3-CAVSMLSGSFNKLTF-AJ4_BV3-CASSQYLRDNQDTQYF-BJ2-5,0.28385907568678176,15
D7C,0.39,18.0,AV16/DV11-CAMREGGGYKVVF-AJ12_BV13-2-CASGARTYNYAEQFF-BJ2-1,0.6289276957714017,5
D7C,0.39,18.0,AV7-5-CAVRPGTGSNRLTF-AJ28_BV14-CASRYRGEQYF-BJ2-7,0.36488626473174823,6
D7C,0.39,18.0,AV5D-4-CAASENSNYQLIW-AJ33_BV4-CASSQNTLYF-BJ2-4,0.2961061820573465,5
D7C,0.385,18.0,AV3D-3-CAVSDYNVLYF-AJ21_BV3-CASSQYLRDNQDTQYF-BJ2-5,0.38904891324816815,19
D7C,0.385,18.0,AV6-6-CALGEEEWATGGNNKLTF-AJ56_BV1-CTCSTRGANERLFF-BJ1-4,0.2922335688025605,17
D7C,0.385,18.0,AV7-4-CAASERGASSSFSKLVF-AJ50_BV1-CTCSATNNQAPLF-BJ1-5,0.4070300683849078,6
D7C,0.385,18.0,AV10N-CAASMDTGGLSGKLTF-AJ2_BV16-CASSLNWGANYAEQFF-BJ2-1,0.46082449859988456,7
D7C,0.385,18.0,AV1-CAVRPNNNNAPRF-AJ43_BV13-2-CASGARTYNYAEQFF-BJ2-1,0.7787962554508163,7
D7C,0.385,18.0,AV9D-3-CAVSMLSGSFNKLTF-AJ4_BV3-CASSQYLRDNQDTQYF-BJ2-5,0.28385907568678176,15
D7C,0.385,18.0,AV16/DV11-CAMREGGGYKVVF-AJ12_BV13-2-CASGARTYNYAEQFF-BJ2-1,0.6289276957714017,5
D7C,0.385,18.0,AV7-5-CAVRPGTGSNRLTF-AJ28_BV14-CASRYRGEQYF-BJ2-7,0.36488626473174823,6
D7C,0.385,18.0,AV5D-4-CAASENSNYQLIW-AJ33_BV4-CASSQNTLYF-BJ2-4,0.2961061820573465,5
D7C,0.38,19.0,AV3D-3-CAVSDYNVLYF-AJ21_BV3-CASSQYLRDNQDTQYF-BJ2-5,0.38904891324816815,19
D7C,0.38,19.0,AV6-6-CALGEEEWATGGNNKLTF-AJ56_BV1-CTCSTRGANERLFF-BJ1-4,0.3199181232967421,15
D7C,0.38,19.0,AV7-4-CAASERGASSSFSKLVF-AJ50_BV1-CTCSATNNQAPLF-BJ1-5,0.4070300683849078,6
D7C,0.38,19.0,AV10N-CAASMDTGGLSGKLTF-AJ2_BV16-CASSLNWGANYAEQFF-BJ2-1,0.45143402475571764,6
D7C,0.38,19.0,AV1-CAVRPNNNNAPRF-AJ43_BV13-2-CASGARTYNYAEQFF-BJ2-1,0.7787962554508163,7
D7C,0.38,19.0,AV9D-3-CAVSMLSGSFNKLTF-AJ4_BV3-CASSQYLRDNQDTQYF-BJ2-5,0.28385907568678176,15
D7C,0.38,19.0,AV16/DV11-CAMREGGGYKVVF-AJ12_BV13-2-CASGARTYNYAEQFF-BJ2-1,0.6289276957714017,5
D7C,0.38,19.0,AV7-5-CAVRPGTGSNRLTF-AJ28_BV14-CASRYRGEQYF-BJ2-7,0.36488626473174823,6
D7C,0.38,19.0,AV5D-4-CAASENSNYQLIW-AJ33_BV4-CASSQNTLYF-BJ2-4,0.2961061820573465,5
D7C,0.375,19.0,AV3D-3-CAVSDYNVLYF-AJ21_BV3-CASSQYLRDNQDTQYF-BJ2-5,0.38904891324816815,19
D7C,0.375,19.0,AV6-6-CALGEEEWATGGNNKLTF-AJ56_BV1-CTCSTRGANERLFF-BJ1-4,0.3199181232967421,15
D7C,0.375,19.0,AV7-4-CAASERGASSSFSKLVF-AJ50_BV1-CTCSATNNQAPLF-BJ1-5,0.4070300683849078,6
D7C,0.375,19.0,AV10N-CAASMDTGGLSGKLTF-AJ2_BV16-CASSLNWGANYAEQFF-BJ2-1,0.45143402475571764,6
D7C,0.375,19.0,AV1-CAVRPNNNNAPRF-AJ43_BV13-2-CASGARTYNYAEQFF-BJ2-1,0.7787962554508163,7
D7C,0.375,19.0,AV9D-3-CAVSMLSGSFNKLTF-AJ4_BV3-CASSQYLRDNQDTQYF-BJ2-5,0.28385907568678176,15
D7C,0.375,19.0,AV16/DV11-CAMREGGGYKVVF-AJ12_BV13-2-CASGARTYNYAEQFF-BJ2-1,0.6289276957714017,5
D7C,0.375,19.0,AV7-5-CAVRPGTGSNRLTF-AJ28_BV14-CASRYRGEQYF-BJ2-7,0.36488626473174823,6
D7C,0.375,19.0,AV5D-4-CAASENSNYQLIW-AJ33_BV4-CASSQNTLYF-BJ2-4,0.2961061820573465,5
D7C,0.37,19.0,AV3D-3-CAVSDYNVLYF-AJ21_BV3-CASSQYLRDNQDTQYF-BJ2-5,0.38904891324816815,19
D7C,0.37,19.0,AV6-6-CALGEEEWATGGNNKLTF-AJ56_BV1-CTCSTRGANERLFF-BJ1-4,0.3199181232967421,15
D7C,0.37,19.0,AV7-4-CAASERGASSSFSKLVF-AJ50_BV1-CTCSATNNQAPLF-BJ1-5,0.4070300683849078,6
D7C,0.37,19.0,AV10N-CAASMDTGGLSGKLTF-AJ2_BV16-CASSLNWGANYAEQFF-BJ2-1,0.45143402475571764,6
D7C,0.37,19.0,AV1-CAVRPNNNNAPRF-AJ43_BV13-2-CASGARTYNYAEQFF-BJ2-1,0.7787962554508163,7
D7C,0.37,19.0,AV9D-3-CAVSMLSGSFNKLTF-AJ4_BV3-CASSQYLRDNQDTQYF-BJ2-5,0.28385907568678176,15
D7C,0.37,19.0,AV16/DV11-CAMREGGGYKVVF-AJ12_BV13-2-CASGARTYNYAEQFF-BJ2-1,0.6289276957714017,5
D7C,0.37,19.0,AV7-5-CAVRPGTGSNRLTF-AJ28_BV14-CASRYRGEQYF-BJ2-7,0.36488626473174823,6
D7C,0.37,19.0,AV5D-4-CAASENSNYQLIW-AJ33_BV4-CASSQNTLYF-BJ2-4,0.2961061820573465,5
D7C,0.365,19.0,AV3D-3-CAVSDYNVLYF-AJ21_BV3-CASSQYLRDNQDTQYF-BJ2-5,0.38904891324816815,19
D7C,0.365,19.0,AV6-6-CALGEEEWATGGNNKLTF-AJ56_BV1-CTCSTRGANERLFF-BJ1-4,0.3199181232967421,15
D7C,0.365,19.0,AV7-4-CAASERGASSSFSKLVF-AJ50_BV1-CTCSATNNQAPLF-BJ1-5,0.4070300683849078,6
D7C,0.365,19.0,AV10N-CAASMDTGGLSGKLTF-AJ2_BV16-CASSLNWGANYAEQFF-BJ2-1,0.45143402475571764,6
D7C,0.365,19.0,AV1-CAVRPNNNNAPRF-AJ43_BV13-2-CASGARTYNYAEQFF-BJ2-1,0.7787962554508163,7
D7C,0.365,19.0,AV9D-3-CAVSMLSGSFNKLTF-AJ4_BV3-CASSQYLRDNQDTQYF-BJ2-5,0.28385907568678176,15
D7C,0.365,19.0,AV16/DV11-CAMREGGGYKVVF-AJ12_BV13-2-CASGARTYNYAEQFF-BJ2-1,0.6289276957714017,5
D7C,0.365,19.0,AV7-5-CAVRPGTGSNRLTF-AJ28_BV14-CASRYRGEQYF-BJ2-7,0.36488626473174823,6
D7C,0.365,19.0,AV5D-4-CAASENSNYQLIW-AJ33_BV4-CASSQNTLYF-BJ2-4,0.2961061820573465,5
D7C,0.36,19.319999999999993,AV3D-3-CAVSDYNVLYF-AJ21_BV3-CASSQYLRDNQDTQYF-BJ2-5,0.42766718623169775,17
D7C,0.36,19.319999999999993,AV6-6-CALGEEEWATGGNNKLTF-AJ56_BV1-CTCSTRGANERLFF-BJ1-4,0.3199181232967421,15
D7C,0.36,19.319999999999993,AV7-4-CAASERGASSSFSKLVF-AJ50_BV1-CTCSATNNQAPLF-BJ1-5,0.4070300683849078,6
D7C,0.36,19.319999999999993,AV10N-CAASMDTGGLSGKLTF-AJ2_BV16-CASSLNWGANYAEQFF-BJ2-1,0.45143402475571764,6
D7C,0.36,19.319999999999993,AV1-CAVRPNNNNAPRF-AJ43_BV13-2-CASGARTYNYAEQFF-BJ2-1,0.8015579759523526,6
D7C,0.36,19.319999999999993,AV9D-3-CAVSMLSGSFNKLTF-AJ4_BV3-CASSQYLRDNQDTQYF-BJ2-5,0.28385907568678176,15
D7C,0.36,19.319999999999993,AV16/DV11-CAMREGGGYKVVF-AJ12_BV13-2-CASGARTYNYAEQFF-BJ2-1,0.6289276957714017,5
D7C,0.36,19.319999999999993,AV7-5-CAVRPGTGSNRLTF-AJ28_BV14-CASRYRGEQYF-BJ2-7,0.36488626473174823,6
D7C,0.36,19.319999999999993,AV5D-4-CAASENSNYQLIW-AJ33_BV4-CASSQNTLYF-BJ2-4,0.2961061820573465,5
D7C,0.355,20.0,AV3D-3-CAVSDYNVLYF-AJ21_BV3-CASSQYLRDNQDTQYF-BJ2-5,0.42766718623169775,17
D7C,0.355,20.0,AV6-6-CALGEEEWATGGNNKLTF-AJ56_BV1-CTCSTRGANERLFF-BJ1-4,0.3199181232967421,15
D7C,0.355,20.0,AV7-4-CAASERGASSSFSKLVF-AJ50_BV1-CTCSATNNQAPLF-BJ1-5,0.4070300683849078,6
D7C,0.355,20.0,AV10N-CAASMDTGGLSGKLTF-AJ2_BV16-CASSLNWGANYAEQFF-BJ2-1,0.45143402475571764,6
D7C,0.355,20.0,AV1-CAVRPNNNNAPRF-AJ43_BV13-2-CASGARTYNYAEQFF-BJ2-1,0.8015579759523526,6
D7C,0.355,20.0,AV9D-3-CAVSMLSGSFNKLTF-AJ4_BV3-CASSQYLRDNQDTQYF-BJ2-5,0.28385907568678176,15
D7C,0.355,20.0,AV16/DV11-CAMREGGGYKVVF-AJ12_BV13-2-CASGARTYNYAEQFF-BJ2-1,0.6289276957714017,5
D7C,0.355,20.0,AV7-5-CAVRPGTGSNRLTF-AJ28_BV14-CASRYRGEQYF-BJ2-7,0.36488626473174823,6
D7C,0.355,20.0,AV5D-4-CAASENSNYQLIW-AJ33_BV4-CASSQNTLYF-BJ2-4,0.2961061820573465,5
D7C,0.35,20.0,AV3D-3-CAVSDYNVLYF-AJ21_BV3-CASSQYLRDNQDTQYF-BJ2-5,0.42766718623169775,17
D7C,0.35,20.0,AV6-6-CALGEEEWATGGNNKLTF-AJ56_BV1-CTCSTRGANERLFF-BJ1-4,0.3199181232967421,15
D7C,0.35,20.0,AV7-4-CAASERGASSSFSKLVF-AJ50_BV1-CTCSATNNQAPLF-BJ1-5,0.4070300683849078,6
D7C,0.35,20.0,AV10N-CAASMDTGGLSGKLTF-AJ2_BV16-CASSLNWGANYAEQFF-BJ2-1,0.45143402475571764,6
D7C,0.35,20.0,AV1-CAVRPNNNNAPRF-AJ43_BV13-2-CASGARTYNYAEQFF-BJ2-1,0.8015579759523526,6
D7C,0.35,20.0,AV9D-3-CAVSMLSGSFNKLTF-AJ4_BV3-CASSQYLRDNQDTQYF-BJ2-5,0.28385907568678176,15
D7C,0.35,20.0,AV16/DV11-CAMREGGGYKVVF-AJ12_BV13-2-CASGARTYNYAEQFF-BJ2-1,0.6289276957714017,5
D7C,0.35,20.0,AV7-5-CAVRPGTGSNRLTF-AJ28_BV14-CASRYRGEQYF-BJ2-7,0.36488626473174823,6
D7C,0.35,20.0,AV5D-4-CAASENSNYQLIW-AJ33_BV4-CASSQNTLYF-BJ2-4,0.2961061820573465,5
D7C,0.345,20.015000000000015,AV3D-3-CAVSDYNVLYF-AJ21_BV3-CASSQYLRDNQDTQYF-BJ2-5,0.450384875000329,16
D7C,0.345,20.015000000000015,AV6-6-CALGEEEWATGGNNKLTF-AJ56_BV1-CTCSTRGANERLFF-BJ1-4,0.32119184325503736,14
D7C,0.345,20.015000000000015,AV7-4-CAASERGASSSFSKLVF-AJ50_BV1-CTCSATNNQAPLF-BJ1-5,0.4070300683849078,6
D7C,0.345,20.015000000000015,AV10N-CAASMDTGGLSGKLTF-AJ2_BV16-CASSLNWGANYAEQFF-BJ2-1,0.45143402475571764,6
D7C,0.345,20.015000000000015,AV1-CAVRPNNNNAPRF-AJ43_BV13-2-CASGARTYNYAEQFF-BJ2-1,0.8015579759523526,6
D7C,0.345,20.015000000000015,AV9D-3-CAVSMLSGSFNKLTF-AJ4_BV3-CASSQYLRDNQDTQYF-BJ2-5,0.2775099092014664,14
D7C,0.345,20.015000000000015,AV16/DV11-CAMREGGGYKVVF-AJ12_BV13-2-CASGARTYNYAEQFF-BJ2-1,0.6289276957714017,5
D7C,0.345,20.015000000000015,AV7-5-CAVRPGTGSNRLTF-AJ28_BV14-CASRYRGEQYF-BJ2-7,0.36488626473174823,6
D7C,0.345,20.015000000000015,AV5D-4-CAASENSNYQLIW-AJ33_BV4-CASSQNTLYF-BJ2-4,0.2961061820573465,5
D7C,0.33999999999999997,21.0,AV3D-3-CAVSDYNVLYF-AJ21_BV3-CASSQYLRDNQDTQYF-BJ2-5,0.450384875000329,16
D7C,0.33999999999999997,21.0,AV6-6-CALGEEEWATGGNNKLTF-AJ56_BV1-CTCSTRGANERLFF-BJ1-4,0.32119184325503736,14
D7C,0.33999999999999997,21.0,AV7-4-CAASERGASSSFSKLVF-AJ50_BV1-CTCSATNNQAPLF-BJ1-5,0.4070300683849078,6
D7C,0.33999999999999997,21.0,AV10N-CAASMDTGGLSGKLTF-AJ2_BV16-CASSLNWGANYAEQFF-BJ2-1,0.45143402475571764,6
D7C,0.33999999999999997,21.0,AV1-CAVRPNNNNAPRF-AJ43_BV13-2-CASGARTYNYAEQFF-BJ2-1,0.8015579759523526,6
D7C,0.33999999999999997,21.0,AV9D-3-CAVSMLSGSFNKLTF-AJ4_BV3-CASSQYLRDNQDTQYF-BJ2-5,0.2775099092014664,14
D7C,0.33999999999999997,21.0,AV16/DV11-CAMREGGGYKVVF-AJ12_BV13-2-CASGARTYNYAEQFF-BJ2-1,0.6289276957714017,5
D7C,0.33999999999999997,21.0,AV7-5-CAVRPGTGSNRLTF-AJ28_BV14-CASRYRGEQYF-BJ2-7,0.36488626473174823,6
D7C,0.33999999999999997,21.0,AV5D-4-CAASENSNYQLIW-AJ33_BV4-CASSQNTLYF-BJ2-4,0.2961061820573465,5
D7C,0.33499999999999996,21.0,AV3D-3-CAVSDYNVLYF-AJ21_BV3-CASSQYLRDNQDTQYF-BJ2-5,0.450384875000329,16
D7C,0.33499999999999996,21.0,AV6-6-CALGEEEWATGGNNKLTF-AJ56_BV1-CTCSTRGANERLFF-BJ1-4,0.32119184325503736,14
D7C,0.33499999999999996,21.0,AV7-4-CAASERGASSSFSKLVF-AJ50_BV1-CTCSATNNQAPLF-BJ1-5,0.4070300683849078,6
D7C,0.33499999999999996,21.0,AV10N-CAASMDTGGLSGKLTF-AJ2_BV16-CASSLNWGANYAEQFF-BJ2-1,0.45143402475571764,6
D7C,0.33499999999999996,21.0,AV1-CAVRPNNNNAPRF-AJ43_BV13-2-CASGARTYNYAEQFF-BJ2-1,0.8015579759523526,6
D7C,0.33499999999999996,21.0,AV9D-3-CAVSMLSGSFNKLTF-AJ4_BV3-CASSQYLRDNQDTQYF-BJ2-5,0.2775099092014664,14
D7C,0.33499999999999996,21.0,AV16/DV11-CAMREGGGYKVVF-AJ12_BV13-2-CASGARTYNYAEQFF-BJ2-1,0.6289276957714017,5
D7C,0.33499999999999996,21.0,AV7-5-CAVRPGTGSNRLTF-AJ28_BV14-CASRYRGEQYF-BJ2-7,0.36488626473174823,6
D7C,0.33499999999999996,21.0,AV5D-4-CAASENSNYQLIW-AJ33_BV4-CASSQNTLYF-BJ2-4,0.2961061820573465,5
D7C,0.32999999999999996,21.710000000000008,AV3D-3-CAVSDYNVLYF-AJ21_BV3-CASSQYLRDNQDTQYF-BJ2-5,0.450384875000329,16
D7C,0.32999999999999996,21.710000000000008,AV6-6-CALGEEEWATGGNNKLTF-AJ56_BV1-CTCSTRGANERLFF-BJ1-4,0.32119184325503736,14
D7C,0.32999999999999996,21.710000000000008,AV7-4-CAASERGASSSFSKLVF-AJ50_BV1-CTCSATNNQAPLF-BJ1-5,0.4070300683849078,6
D7C,0.32999999999999996,21.710000000000008,AV10N-CAASMDTGGLSGKLTF-AJ2_BV16-CASSLNWGANYAEQFF-BJ2-1,0.5120557610086015,5
D7C,0.32999999999999996,21.710000000000008,AV1-CAVRPNNNNAPRF-AJ43_BV13-2-CASGARTYNYAEQFF-BJ2-1,0.8015579759523526,6
D7C,0.32999999999999996,21.710000000000008,AV9D-3-CAVSMLSGSFNKLTF-AJ4_BV3-CASSQYLRDNQDTQYF-BJ2-5,0.2982235180206499,13
D7C,0.32999999999999996,21.710000000000008,AV7-5-CAVRPGTGSNRLTF-AJ28_BV14-CASRYRGEQYF-BJ2-7,0.36488626473174823,6
D7C,0.32999999999999996,21.710000000000008,AV5D-4-CAASENSNYQLIW-AJ33_BV4-CASSQNTLYF-BJ2-4,0.2961061820573465,5
D7C,0.32499999999999996,22.275000000000006,AV3D-3-CAVSDYNVLYF-AJ21_BV3-CASSQYLRDNQDTQYF-BJ2-5,0.450384875000329,16
D7C,0.32499999999999996,22.275000000000006,AV6-6-CALGEEEWATGGNNKLTF-AJ56_BV1-CTCSTRGANERLFF-BJ1-4,0.32119184325503736,14
D7C,0.32499999999999996,22.275000000000006,AV7-4-CAASERGASSSFSKLVF-AJ50_BV1-CTCSATNNQAPLF-BJ1-5,0.4070300683849078,6
D7C,0.32499999999999996,22.275000000000006,AV10N-CAASMDTGGLSGKLTF-AJ2_BV16-CASSLNWGANYAEQFF-BJ2-1,0.5120557610086015,5
D7C,0.32499999999999996,22.275000000000006,AV1-CAVRPNNNNAPRF-AJ43_BV13-2-CASGARTYNYAEQFF-BJ2-1,0.8015579759523526,6
D7C,0.32499999999999996,22.275000000000006,AV9D-3-CAVSMLSGSFNKLTF-AJ4_BV3-CASSQYLRDNQDTQYF-BJ2-5,0.2982235180206499,13
D7C,0.32499999999999996,22.275000000000006,AV7-5-CAVRPGTGSNRLTF-AJ28_BV14-CASRYRGEQYF-BJ2-7,0.36488626473174823,6
D7C,0.32499999999999996,22.275000000000006,AV5D-4-CAASENSNYQLIW-AJ33_BV4-CASSQNTLYF-BJ2-4,0.2961061820573465,5
D7C,0.31999999999999995,23.0,AV3D-3-CAVSDYNVLYF-AJ21_BV3-CASSQYLRDNQDTQYF-BJ2-5,0.450384875000329,16
D7C,0.31999999999999995,23.0,AV6-6-CALGEEEWATGGNNKLTF-AJ56_BV1-CTCSTRGANERLFF-BJ1-4,0.32119184325503736,14
D7C,0.31999999999999995,23.0,AV7-4-CAASERGASSSFSKLVF-AJ50_BV1-CTCSATNNQAPLF-BJ1-5,0.4070300683849078,6
D7C,0.31999999999999995,23.0,AV10N-CAASMDTGGLSGKLTF-AJ2_BV16-CASSLNWGANYAEQFF-BJ2-1,0.5120557610086015,5
D7C,0.31999999999999995,23.0,AV1-CAVRPNNNNAPRF-AJ43_BV13-2-CASGARTYNYAEQFF-BJ2-1,0.8015579759523526,6
D7C,0.31999999999999995,23.0,AV9D-3-CAVSMLSGSFNKLTF-AJ4_BV3-CASSQYLRDNQDTQYF-BJ2-5,0.2982235180206499,13
D7C,0.31999999999999995,23.0,AV7-5-CAVRPGTGSNRLTF-AJ28_BV14-CASRYRGEQYF-BJ2-7,0.36488626473174823,6
D7C,0.31999999999999995,23.0,AV5D-4-CAASENSNYQLIW-AJ33_BV4-CASSQNTLYF-BJ2-4,0.2961061820573465,5
D7C,0.31499999999999995,23.0,AV3D-3-CAVSDYNVLYF-AJ21_BV3-CASSQYLRDNQDTQYF-BJ2-5,0.450384875000329,16
D7C,0.31499999999999995,23.0,AV6-6-CALGEEEWATGGNNKLTF-AJ56_BV1-CTCSTRGANERLFF-BJ1-4,0.32119184325503736,14
D7C,0.31499999999999995,23.0,AV7-4-CAASERGASSSFSKLVF-AJ50_BV1-CTCSATNNQAPLF-BJ1-5,0.4070300683849078,6
D7C,0.31499999999999995,23.0,AV10N-CAASMDTGGLSGKLTF-AJ2_BV16-CASSLNWGANYAEQFF-BJ2-1,0.5120557610086015,5
D7C,0.31499999999999995,23.0,AV1-CAVRPNNNNAPRF-AJ43_BV13-2-CASGARTYNYAEQFF-BJ2-1,0.8015579759523526,6
D7C,0.31499999999999995,23.0,AV9D-3-CAVSMLSGSFNKLTF-AJ4_BV3-CASSQYLRDNQDTQYF-BJ2-5,0.2982235180206499,13
D7C,0.31499999999999995,23.0,AV7-5-CAVRPGTGSNRLTF-AJ28_BV14-CASRYRGEQYF-BJ2-7,0.36488626473174823,6
D7C,0.31499999999999995,23.0,AV5D-4-CAASENSNYQLIW-AJ33_BV4-CASSQNTLYF-BJ2-4,0.2961061820573465,5
D7C,0.30999999999999994,23.0,AV3D-3-CAVSDYNVLYF-AJ21_BV3-CASSQYLRDNQDTQYF-BJ2-5,0.450384875000329,16
D7C,0.30999999999999994,23.0,AV6-6-CALGEEEWATGGNNKLTF-AJ56_BV1-CTCSTRGANERLFF-BJ1-4,0.32119184325503736,14
D7C,0.30999999999999994,23.0,AV7-4-CAASERGASSSFSKLVF-AJ50_BV1-CTCSATNNQAPLF-BJ1-5,0.4070300683849078,6
D7C,0.30999999999999994,23.0,AV10N-CAASMDTGGLSGKLTF-AJ2_BV16-CASSLNWGANYAEQFF-BJ2-1,0.5120557610086015,5
D7C,0.30999999999999994,23.0,AV1-CAVRPNNNNAPRF-AJ43_BV13-2-CASGARTYNYAEQFF-BJ2-1,0.8015579759523526,6
D7C,0.30999999999999994,23.0,AV9D-3-CAVSMLSGSFNKLTF-AJ4_BV3-CASSQYLRDNQDTQYF-BJ2-5,0.2982235180206499,13
D7C,0.30999999999999994,23.0,AV7-5-CAVRPGTGSNRLTF-AJ28_BV14-CASRYRGEQYF-BJ2-7,0.36488626473174823,6
D7C,0.30999999999999994,23.0,AV5D-4-CAASENSNYQLIW-AJ33_BV4-CASSQNTLYF-BJ2-4,0.2961061820573465,5
D7C,0.30499999999999994,23.535000000000025,AV3D-3-CAVSDYNVLYF-AJ21_BV3-CASSQYLRDNQDTQYF-BJ2-5,0.43924798515552776,13
D7C,0.30499999999999994,23.535000000000025,AV6-6-CALGEEEWATGGNNKLTF-AJ56_BV1-CTCSTRGANERLFF-BJ1-4,0.32119184325503736,14
D7C,0.30499999999999994,23.535000000000025,AV7-4-CAASERGASSSFSKLVF-AJ50_BV1-CTCSATNNQAPLF-BJ1-5,0.4070300683849078,6
D7C,0.30499999999999994,23.535000000000025,AV10N-CAASMDTGGLSGKLTF-AJ2_BV16-CASSLNWGANYAEQFF-BJ2-1,0.5120557610086015,5
D7C,0.30499999999999994,23.535000000000025,AV1-CAVRPNNNNAPRF-AJ43_BV13-2-CASGARTYNYAEQFF-BJ2-1,0.8015579759523526,6
D7C,0.30499999999999994,23.535000000000025,AV9D-3-CAVSMLSGSFNKLTF-AJ4_BV3-CASSQYLRDNQDTQYF-BJ2-5,0.27822012428870035,12
D7C,0.30499999999999994,23.535000000000025,AV7-5-CAVRPGTGSNRLTF-AJ28_BV14-CASRYRGEQYF-BJ2-7,0.3673752949852497,5
D7C,0.30499999999999994,23.535000000000025,AV5D-4-CAASENSNYQLIW-AJ33_BV4-CASSQNTLYF-BJ2-4,0.2961061820573465,5
D7C,0.29999999999999993,24.0,AV3D-3-CAVSDYNVLYF-AJ21_BV3-CASSQYLRDNQDTQYF-BJ2-5,0.43924798515552776,13
D7C,0.29999999999999993,24.0,AV6-6-CALGEEEWATGGNNKLTF-AJ56_BV1-CTCSTRGANERLFF-BJ1-4,0.32119184325503736,14
D7C,0.29999999999999993,24.0,AV7-4-CAASERGASSSFSKLVF-AJ50_BV1-CTCSATNNQAPLF-BJ1-5,0.4070300683849078,6
D7C,0.29999999999999993,24.0,AV10N-CAASMDTGGLSGKLTF-AJ2_BV16-CASSLNWGANYAEQFF-BJ2-1,0.5120557610086015,5
D7C,0.29999999999999993,24.0,AV1-CAVRPNNNNAPRF-AJ43_BV13-2-CASGARTYNYAEQFF-BJ2-1,0.8015579759523526,6
D7C,0.29999999999999993,24.0,AV9D-3-CAVSMLSGSFNKLTF-AJ4_BV3-CASSQYLRDNQDTQYF-BJ2-5,0.27822012428870035,12
D7C,0.29999999999999993,24.0,AV7-5-CAVRPGTGSNRLTF-AJ28_BV14-CASRYRGEQYF-BJ2-7,0.3673752949852497,5
D7C,0.29999999999999993,24.0,AV5D-4-CAASENSNYQLIW-AJ33_BV4-CASSQNTLYF-BJ2-4,0.2961061820573465,5
D7C,0.29500000000000004,24.0,AV3D-3-CAVSDYNVLYF-AJ21_BV3-CASSQYLRDNQDTQYF-BJ2-5,0.43924798515552776,13
D7C,0.29500000000000004,24.0,AV6-6-CALGEEEWATGGNNKLTF-AJ56_BV1-CTCSTRGANERLFF-BJ1-4,0.32119184325503736,14
D7C,0.29500000000000004,24.0,AV7-4-CAASERGASSSFSKLVF-AJ50_BV1-CTCSATNNQAPLF-BJ1-5,0.4070300683849078,6
D7C,0.29500000000000004,24.0,AV10N-CAASMDTGGLSGKLTF-AJ2_BV16-CASSLNWGANYAEQFF-BJ2-1,0.5120557610086015,5
D7C,0.29500000000000004,24.0,AV1-CAVRPNNNNAPRF-AJ43_BV13-2-CASGARTYNYAEQFF-BJ2-1,0.8015579759523526,6
D7C,0.29500000000000004,24.0,AV9D-3-CAVSMLSGSFNKLTF-AJ4_BV3-CASSQYLRDNQDTQYF-BJ2-5,0.27822012428870035,12
D7C,0.29500000000000004,24.0,AV7-5-CAVRPGTGSNRLTF-AJ28_BV14-CASRYRGEQYF-BJ2-7,0.3673752949852497,5
D7C,0.29500000000000004,24.0,AV5D-4-CAASENSNYQLIW-AJ33_BV4-CASSQNTLYF-BJ2-4,0.2961061820573465,5
D7C,0.29000000000000004,24.22999999999999,AV3D-3-CAVSDYNVLYF-AJ21_BV3-CASSQYLRDNQDTQYF-BJ2-5,0.43924798515552776,13
D7C,0.29000000000000004,24.22999999999999,AV6-6-CALGEEEWATGGNNKLTF-AJ56_BV1-CTCSTRGANERLFF-BJ1-4,0.35260791137079406,12
D7C,0.29000000000000004,24.22999999999999,AV7-4-CAASERGASSSFSKLVF-AJ50_BV1-CTCSATNNQAPLF-BJ1-5,0.448377866512658,5
D7C,0.29000000000000004,24.22999999999999,AV1-CAVRPNNNNAPRF-AJ43_BV13-2-CASGARTYNYAEQFF-BJ2-1,0.8015579759523526,6
D7C,0.29000000000000004,24.22999999999999,AV9D-3-CAVSMLSGSFNKLTF-AJ4_BV3-CASSQYLRDNQDTQYF-BJ2-5,0.3020312943239507,11
D7C,0.29000000000000004,24.22999999999999,AV7-5-CAVRPGTGSNRLTF-AJ28_BV14-CASRYRGEQYF-BJ2-7,0.3673752949852497,5
D7C,0.29000000000000004,24.22999999999999,AV5D-4-CAASENSNYQLIW-AJ33_BV4-CASSQNTLYF-BJ2-4,0.2961061820573465,5
D7C,0.28500000000000003,25.0,AV3D-3-CAVSDYNVLYF-AJ21_BV3-CASSQYLRDNQDTQYF-BJ2-5,0.43924798515552776,13
D7C,0.28500000000000003,25.0,AV6-6-CALGEEEWATGGNNKLTF-AJ56_BV1-CTCSTRGANERLFF-BJ1-4,0.35260791137079406,12
D7C,0.28500000000000003,25.0,AV7-4-CAASERGASSSFSKLVF-AJ50_BV1-CTCSATNNQAPLF-BJ1-5,0.448377866512658,5
D7C,0.28500000000000003,25.0,AV1-CAVRPNNNNAPRF-AJ43_BV13-2-CASGARTYNYAEQFF-BJ2-1,0.8015579759523526,6
D7C,0.28500000000000003,25.0,AV9D-3-CAVSMLSGSFNKLTF-AJ4_BV3-CASSQYLRDNQDTQYF-BJ2-5,0.3020312943239507,11
D7C,0.28500000000000003,25.0,AV7-5-CAVRPGTGSNRLTF-AJ28_BV14-CASRYRGEQYF-BJ2-7,0.3673752949852497,5
D7C,0.28500000000000003,25.0,AV5D-4-CAASENSNYQLIW-AJ33_BV4-CASSQNTLYF-BJ2-4,0.2961061820573465,5
D7C,0.28,25.0,AV3D-3-CAVSDYNVLYF-AJ21_BV3-CASSQYLRDNQDTQYF-BJ2-5,0.43924798515552776,13
D7C,0.28,25.0,AV6-6-CALGEEEWATGGNNKLTF-AJ56_BV1-CTCSTRGANERLFF-BJ1-4,0.35260791137079406,12
D7C,0.28,25.0,AV7-4-CAASERGASSSFSKLVF-AJ50_BV1-CTCSATNNQAPLF-BJ1-5,0.448377866512658,5
D7C,0.28,25.0,AV1-CAVRPNNNNAPRF-AJ43_BV13-2-CASGARTYNYAEQFF-BJ2-1,0.8015579759523526,6
D7C,0.28,25.0,AV9D-3-CAVSMLSGSFNKLTF-AJ4_BV3-CASSQYLRDNQDTQYF-BJ2-5,0.3020312943239507,11
D7C,0.28,25.0,AV7-5-CAVRPGTGSNRLTF-AJ28_BV14-CASRYRGEQYF-BJ2-7,0.3673752949852497,5
D7C,0.28,25.0,AV5D-4-CAASENSNYQLIW-AJ33_BV4-CASSQNTLYF-BJ2-4,0.2961061820573465,5
D7C,0.275,25.0,AV3D-3-CAVSDYNVLYF-AJ21_BV3-CASSQYLRDNQDTQYF-BJ2-5,0.43924798515552776,13
D7C,0.275,25.0,AV6-6-CALGEEEWATGGNNKLTF-AJ56_BV1-CTCSTRGANERLFF-BJ1-4,0.35260791137079406,12
D7C,0.275,25.0,AV7-4-CAASERGASSSFSKLVF-AJ50_BV1-CTCSATNNQAPLF-BJ1-5,0.448377866512658,5
D7C,0.275,25.0,AV1-CAVRPNNNNAPRF-AJ43_BV13-2-CASGARTYNYAEQFF-BJ2-1,0.8015579759523526,6
D7C,0.275,25.0,AV9D-3-CAVSMLSGSFNKLTF-AJ4_BV3-CASSQYLRDNQDTQYF-BJ2-5,0.3020312943239507,11
D7C,0.275,25.0,AV7-5-CAVRPGTGSNRLTF-AJ28_BV14-CASRYRGEQYF-BJ2-7,0.3673752949852497,5
D7C,0.275,25.0,AV5D-4-CAASENSNYQLIW-AJ33_BV4-CASSQNTLYF-BJ2-4,0.2961061820573465,5
D7C,0.27,26.0,AV3D-3-CAVSDYNVLYF-AJ21_BV3-CASSQYLRDNQDTQYF-BJ2-5,0.43924798515552776,13
D7C,0.27,26.0,AV6-6-CALGEEEWATGGNNKLTF-AJ56_BV1-CTCSTRGANERLFF-BJ1-4,0.35260791137079406,12
D7C,0.27,26.0,AV7-4-CAASERGASSSFSKLVF-AJ50_BV1-CTCSATNNQAPLF-BJ1-5,0.448377866512658,5
D7C,0.27,26.0,AV1-CAVRPNNNNAPRF-AJ43_BV13-2-CASGARTYNYAEQFF-BJ2-1,0.7912890240799582,5
D7C,0.27,26.0,AV9D-3-CAVSMLSGSFNKLTF-AJ4_BV3-CASSQYLRDNQDTQYF-BJ2-5,0.3020312943239507,11
D7C,0.27,26.0,AV5D-4-CAASENSNYQLIW-AJ33_BV4-CASSQNTLYF-BJ2-4,0.2961061820573465,5
D7C,0.265,27.0,AV3D-3-CAVSDYNVLYF-AJ21_BV3-CASSQYLRDNQDTQYF-BJ2-5,0.43924798515552776,13
D7C,0.265,27.0,AV6-6-CALGEEEWATGGNNKLTF-AJ56_BV1-CTCSTRGANERLFF-BJ1-4,0.35260791137079406,12
D7C,0.265,27.0,AV7-4-CAASERGASSSFSKLVF-AJ50_BV1-CTCSATNNQAPLF-BJ1-5,0.448377866512658,5
D7C,0.265,27.0,AV1-CAVRPNNNNAPRF-AJ43_BV13-2-CASGARTYNYAEQFF-BJ2-1,0.7912890240799582,5
D7C,0.265,27.0,AV9D-3-CAVSMLSGSFNKLTF-AJ4_BV3-CASSQYLRDNQDTQYF-BJ2-5,0.3020312943239507,11
D7C,0.26,27.0,AV3D-3-CAVSDYNVLYF-AJ21_BV3-CASSQYLRDNQDTQYF-BJ2-5,0.43924798515552776,13
D7C,0.26,27.0,AV6-6-CALGEEEWATGGNNKLTF-AJ56_BV1-CTCSTRGANERLFF-BJ1-4,0.35260791137079406,12
D7C,0.26,27.0,AV7-4-CAASERGASSSFSKLVF-AJ50_BV1-CTCSATNNQAPLF-BJ1-5,0.448377866512658,5
D7C,0.26,27.0,AV1-CAVRPNNNNAPRF-AJ43_BV13-2-CASGARTYNYAEQFF-BJ2-1,0.7912890240799582,5
D7C,0.26,27.0,AV9D-3-CAVSMLSGSFNKLTF-AJ4_BV3-CASSQYLRDNQDTQYF-BJ2-5,0.3020312943239507,11
D7C,0.255,27.0,AV3D-3-CAVSDYNVLYF-AJ21_BV3-CASSQYLRDNQDTQYF-BJ2-5,0.43924798515552776,13
D7C,0.255,27.0,AV6-6-CALGEEEWATGGNNKLTF-AJ56_BV1-CTCSTRGANERLFF-BJ1-4,0.35260791137079406,12
D7C,0.255,27.0,AV7-4-CAASERGASSSFSKLVF-AJ50_BV1-CTCSATNNQAPLF-BJ1-5,0.448377866512658,5
D7C,0.255,27.0,AV1-CAVRPNNNNAPRF-AJ43_BV13-2-CASGARTYNYAEQFF-BJ2-1,0.7912890240799582,5
D7C,0.255,27.0,AV9D-3-CAVSMLSGSFNKLTF-AJ4_BV3-CASSQYLRDNQDTQYF-BJ2-5,0.3020312943239507,11
D7C,0.25,27.75,AV3D-3-CAVSDYNVLYF-AJ21_BV3-CASSQYLRDNQDTQYF-BJ2-5,0.46191627496846277,12
D7C,0.25,27.75,AV6-6-CALGEEEWATGGNNKLTF-AJ56_BV1-CTCSTRGANERLFF-BJ1-4,0.35260791137079406,12
D7C,0.25,27.75,AV7-4-CAASERGASSSFSKLVF-AJ50_BV1-CTCSATNNQAPLF-BJ1-5,0.448377866512658,5
D7C,0.25,27.75,AV1-CAVRPNNNNAPRF-AJ43_BV13-2-CASGARTYNYAEQFF-BJ2-1,0.7912890240799582,5
D7C,0.25,27.75,AV9D-3-CAVSMLSGSFNKLTF-AJ4_BV3-CASSQYLRDNQDTQYF-BJ2-5,0.3020312943239507,11
D7C,0.245,28.314999999999998,AV3D-3-CAVSDYNVLYF-AJ21_BV3-CASSQYLRDNQDTQYF-BJ2-5,0.415822981266289,10
D7C,0.245,28.314999999999998,AV6-6-CALGEEEWATGGNNKLTF-AJ56_BV1-CTCSTRGANERLFF-BJ1-4,0.35260791137079406,12
D7C,0.245,28.314999999999998,AV7-4-CAASERGASSSFSKLVF-AJ50_BV1-CTCSATNNQAPLF-BJ1-5,0.448377866512658,5
D7C,0.245,28.314999999999998,AV1-CAVRPNNNNAPRF-AJ43_BV13-2-CASGARTYNYAEQFF-BJ2-1,0.7912890240799582,5
D7C,0.245,28.314999999999998,AV9D-3-CAVSMLSGSFNKLTF-AJ4_BV3-CASSQYLRDNQDTQYF-BJ2-5,0.3020312943239507,11
D7C,0.24,29.0,AV3D-3-CAVSDYNVLYF-AJ21_BV3-CASSQYLRDNQDTQYF-BJ2-5,0.415822981266289,10
D7C,0.24,29.0,AV6-6-CALGEEEWATGGNNKLTF-AJ56_BV1-CTCSTRGANERLFF-BJ1-4,0.35260791137079406,12
D7C,0.24,29.0,AV7-4-CAASERGASSSFSKLVF-AJ50_BV1-CTCSATNNQAPLF-BJ1-5,0.448377866512658,5
D7C,0.24,29.0,AV1-CAVRPNNNNAPRF-AJ43_BV13-2-CASGARTYNYAEQFF-BJ2-1,0.7912890240799582,5
D7C,0.24,29.0,AV9D-3-CAVSMLSGSFNKLTF-AJ4_BV3-CASSQYLRDNQDTQYF-BJ2-5,0.3020312943239507,11
D7C,0.235,29.444999999999993,AV3D-3-CAVSDYNVLYF-AJ21_BV3-CASSQYLRDNQDTQYF-BJ2-5,0.415822981266289,10
D7C,0.235,29.444999999999993,AV6-6-CALGEEEWATGGNNKLTF-AJ56_BV1-CTCSTRGANERLFF-BJ1-4,0.33108528266750326,11
D7C,0.235,29.444999999999993,AV7-4-CAASERGASSSFSKLVF-AJ50_BV1-CTCSATNNQAPLF-BJ1-5,0.448377866512658,5
D7C,0.235,29.444999999999993,AV1-CAVRPNNNNAPRF-AJ43_BV13-2-CASGARTYNYAEQFF-BJ2-1,0.7912890240799582,5
D7C,0.235,29.444999999999993,AV9D-3-CAVSMLSGSFNKLTF-AJ4_BV3-CASSQYLRDNQDTQYF-BJ2-5,0.3020312943239507,11
D7C,0.22999999999999998,31.0,AV3D-3-CAVSDYNVLYF-AJ21_BV3-CASSQYLRDNQDTQYF-BJ2-5,0.415822981266289,10
D7C,0.22999999999999998,31.0,AV6-6-CALGEEEWATGGNNKLTF-AJ56_BV1-CTCSTRGANERLFF-BJ1-4,0.33108528266750326,11
D7C,0.22999999999999998,31.0,AV7-4-CAASERGASSSFSKLVF-AJ50_BV1-CTCSATNNQAPLF-BJ1-5,0.448377866512658,5
D7C,0.22999999999999998,31.0,AV9D-3-CAVSMLSGSFNKLTF-AJ4_BV3-CASSQYLRDNQDTQYF-BJ2-5,0.3020312943239507,11
D7C,0.22499999999999998,31.0,AV3D-3-CAVSDYNVLYF-AJ21_BV3-CASSQYLRDNQDTQYF-BJ2-5,0.415822981266289,10
D7C,0.22499999999999998,31.0,AV6-6-CALGEEEWATGGNNKLTF-AJ56_BV1-CTCSTRGANERLFF-BJ1-4,0.33108528266750326,11
D7C,0.22499999999999998,31.0,AV7-4-CAASERGASSSFSKLVF-AJ50_BV1-CTCSATNNQAPLF-BJ1-5,0.448377866512658,5
D7C,0.22499999999999998,31.0,AV9D-3-CAVSMLSGSFNKLTF-AJ4_BV3-CASSQYLRDNQDTQYF-BJ2-5,0.3020312943239507,11
D7C,0.21999999999999997,31.0,AV3D-3-CAVSDYNVLYF-AJ21_BV3-CASSQYLRDNQDTQYF-BJ2-5,0.415822981266289,10
D7C,0.21999999999999997,31.0,AV6-6-CALGEEEWATGGNNKLTF-AJ56_BV1-CTCSTRGANERLFF-BJ1-4,0.33108528266750326,11
D7C,0.21999999999999997,31.0,AV7-4-CAASERGASSSFSKLVF-AJ50_BV1-CTCSATNNQAPLF-BJ1-5,0.448377866512658,5
D7C,0.21999999999999997,31.0,AV9D-3-CAVSMLSGSFNKLTF-AJ4_BV3-CASSQYLRDNQDTQYF-BJ2-5,0.3020312943239507,11
D7C,0.21499999999999997,31.705000000000013,AV3D-3-CAVSDYNVLYF-AJ21_BV3-CASSQYLRDNQDTQYF-BJ2-5,0.4711189175100308,9
D7C,0.21499999999999997,31.705000000000013,AV6-6-CALGEEEWATGGNNKLTF-AJ56_BV1-CTCSTRGANERLFF-BJ1-4,0.32809472039099885,10
D7C,0.21499999999999997,31.705000000000013,AV7-4-CAASERGASSSFSKLVF-AJ50_BV1-CTCSATNNQAPLF-BJ1-5,0.448377866512658,5
D7C,0.21499999999999997,31.705000000000013,AV9D-3-CAVSMLSGSFNKLTF-AJ4_BV3-CASSQYLRDNQDTQYF-BJ2-5,0.3020312943239507,11
D7C,0.20999999999999996,32.0,AV3D-3-CAVSDYNVLYF-AJ21_BV3-CASSQYLRDNQDTQYF-BJ2-5,0.4711189175100308,9
D7C,0.20999999999999996,32.0,AV6-6-CALGEEEWATGGNNKLTF-AJ56_BV1-CTCSTRGANERLFF-BJ1-4,0.32809472039099885,10
D7C,0.20999999999999996,32.0,AV7-4-CAASERGASSSFSKLVF-AJ50_BV1-CTCSATNNQAPLF-BJ1-5,0.448377866512658,5
D7C,0.20999999999999996,32.0,AV9D-3-CAVSMLSGSFNKLTF-AJ4_BV3-CASSQYLRDNQDTQYF-BJ2-5,0.3020312943239507,11
D7C,0.20499999999999996,32.0,AV3D-3-CAVSDYNVLYF-AJ21_BV3-CASSQYLRDNQDTQYF-BJ2-5,0.4711189175100308,9
D7C,0.20499999999999996,32.0,AV6-6-CALGEEEWATGGNNKLTF-AJ56_BV1-CTCSTRGANERLFF-BJ1-4,0.32809472039099885,10
D7C,0.20499999999999996,32.0,AV7-4-CAASERGASSSFSKLVF-AJ50_BV1-CTCSATNNQAPLF-BJ1-5,0.448377866512658,5
D7C,0.20499999999999996,32.0,AV9D-3-CAVSMLSGSFNKLTF-AJ4_BV3-CASSQYLRDNQDTQYF-BJ2-5,0.3020312943239507,11
D7C,0.19999999999999996,34.400000000000006,AV3D-3-CAVSDYNVLYF-AJ21_BV3-CASSQYLRDNQDTQYF-BJ2-5,0.47572744591414196,8
D7C,0.19999999999999996,34.400000000000006,AV6-6-CALGEEEWATGGNNKLTF-AJ56_BV1-CTCSTRGANERLFF-BJ1-4,0.24654333382481633,8
D7C,0.19999999999999996,34.400000000000006,AV7-4-CAASERGASSSFSKLVF-AJ50_BV1-CTCSATNNQAPLF-BJ1-5,0.448377866512658,5
D7C,0.19999999999999996,34.400000000000006,AV9D-3-CAVSMLSGSFNKLTF-AJ4_BV3-CASSQYLRDNQDTQYF-BJ2-5,0.27249140478471884,10
D7C,0.19499999999999995,35.965,AV3D-3-CAVSDYNVLYF-AJ21_BV3-CASSQYLRDNQDTQYF-BJ2-5,0.47572744591414196,8
D7C,0.19499999999999995,35.965,AV6-6-CALGEEEWATGGNNKLTF-AJ56_BV1-CTCSTRGANERLFF-BJ1-4,0.24654333382481633,8
D7C,0.19499999999999995,35.965,AV7-4-CAASERGASSSFSKLVF-AJ50_BV1-CTCSATNNQAPLF-BJ1-5,0.448377866512658,5
D7C,0.19499999999999995,35.965,AV9D-3-CAVSMLSGSFNKLTF-AJ4_BV3-CASSQYLRDNQDTQYF-BJ2-5,0.27249140478471884,10
D7C,0.18999999999999995,36.53000000000003,AV3D-3-CAVSDYNVLYF-AJ21_BV3-CASSQYLRDNQDTQYF-BJ2-5,0.47572744591414196,8
D7C,0.18999999999999995,36.53000000000003,AV6-6-CALGEEEWATGGNNKLTF-AJ56_BV1-CTCSTRGANERLFF-BJ1-4,0.24654333382481633,8
D7C,0.18999999999999995,36.53000000000003,AV7-4-CAASERGASSSFSKLVF-AJ50_BV1-CTCSATNNQAPLF-BJ1-5,0.448377866512658,5
D7C,0.18999999999999995,36.53000000000003,AV9D-3-CAVSMLSGSFNKLTF-AJ4_BV3-CASSQYLRDNQDTQYF-BJ2-5,0.27249140478471884,10
D7C,0.18499999999999994,38.0,AV3D-3-CAVSDYNVLYF-AJ21_BV3-CASSQYLRDNQDTQYF-BJ2-5,0.47572744591414196,8
D7C,0.18499999999999994,38.0,AV6-6-CALGEEEWATGGNNKLTF-AJ56_BV1-CTCSTRGANERLFF-BJ1-4,0.24654333382481633,8
D7C,0.18499999999999994,38.0,AV7-4-CAASERGASSSFSKLVF-AJ50_BV1-CTCSATNNQAPLF-BJ1-5,0.448377866512658,5
D7C,0.18499999999999994,38.0,AV9D-3-CAVSMLSGSFNKLTF-AJ4_BV3-CASSQYLRDNQDTQYF-BJ2-5,0.3342669125295811,9
D7C,0.17999999999999994,38.660000000000025,AV3D-3-CAVSDYNVLYF-AJ21_BV3-CASSQYLRDNQDTQYF-BJ2-5,0.47572744591414196,8
D7C,0.17999999999999994,38.660000000000025,AV6-6-CALGEEEWATGGNNKLTF-AJ56_BV1-CTCSTRGANERLFF-BJ1-4,0.24654333382481633,8
D7C,0.17999999999999994,38.660000000000025,AV7-4-CAASERGASSSFSKLVF-AJ50_BV1-CTCSATNNQAPLF-BJ1-5,0.448377866512658,5
D7C,0.17999999999999994,38.660000000000025,AV9D-3-CAVSMLSGSFNKLTF-AJ4_BV3-CASSQYLRDNQDTQYF-BJ2-5,0.3342669125295811,9
D7C,0.17499999999999993,39.22500000000002,AV3D-3-CAVSDYNVLYF-AJ21_BV3-CASSQYLRDNQDTQYF-BJ2-5,0.47572744591414196,8
D7C,0.17499999999999993,39.22500000000002,AV6-6-CALGEEEWATGGNNKLTF-AJ56_BV1-CTCSTRGANERLFF-BJ1-4,0.24997168214756668,7
D7C,0.17499999999999993,39.22500000000002,AV7-4-CAASERGASSSFSKLVF-AJ50_BV1-CTCSATNNQAPLF-BJ1-5,0.448377866512658,5
D7C,0.17499999999999993,39.22500000000002,AV9D-3-CAVSMLSGSFNKLTF-AJ4_BV3-CASSQYLRDNQDTQYF-BJ2-5,0.3342669125295811,9
D7C,0.16999999999999993,40.79000000000002,AV3D-3-CAVSDYNVLYF-AJ21_BV3-CASSQYLRDNQDTQYF-BJ2-5,0.47572744591414196,8
D7C,0.16999999999999993,40.79000000000002,AV6-6-CALGEEEWATGGNNKLTF-AJ56_BV1-CTCSTRGANERLFF-BJ1-4,0.24997168214756668,7
D7C,0.16999999999999993,40.79000000000002,AV7-4-CAASERGASSSFSKLVF-AJ50_BV1-CTCSATNNQAPLF-BJ1-5,0.448377866512658,5
D7C,0.16999999999999993,40.79000000000002,AV9D-3-CAVSMLSGSFNKLTF-AJ4_BV3-CASSQYLRDNQDTQYF-BJ2-5,0.3342669125295811,9
D7C,0.16500000000000004,41.35499999999996,AV3D-3-CAVSDYNVLYF-AJ21_BV3-CASSQYLRDNQDTQYF-BJ2-5,0.4568054340220583,7
D7C,0.16500000000000004,41.35499999999996,AV6-6-CALGEEEWATGGNNKLTF-AJ56_BV1-CTCSTRGANERLFF-BJ1-4,0.24997168214756668,7
D7C,0.16500000000000004,41.35499999999996,AV7-4-CAASERGASSSFSKLVF-AJ50_BV1-CTCSATNNQAPLF-BJ1-5,0.448377866512658,5
D7C,0.16500000000000004,41.35499999999996,AV9D-3-CAVSMLSGSFNKLTF-AJ4_BV3-CASSQYLRDNQDTQYF-BJ2-5,0.3342669125295811,9
D7C,0.16000000000000003,42.0,AV3D-3-CAVSDYNVLYF-AJ21_BV3-CASSQYLRDNQDTQYF-BJ2-5,0.4568054340220583,7
D7C,0.16000000000000003,42.0,AV6-6-CALGEEEWATGGNNKLTF-AJ56_BV1-CTCSTRGANERLFF-BJ1-4,0.24997168214756668,7
D7C,0.16000000000000003,42.0,AV7-4-CAASERGASSSFSKLVF-AJ50_BV1-CTCSATNNQAPLF-BJ1-5,0.448377866512658,5
D7C,0.16000000000000003,42.0,AV9D-3-CAVSMLSGSFNKLTF-AJ4_BV3-CASSQYLRDNQDTQYF-BJ2-5,0.3342669125295811,9
D7C,0.15500000000000003,42.485000000000014,AV3D-3-CAVSDYNVLYF-AJ21_BV3-CASSQYLRDNQDTQYF-BJ2-5,0.4568054340220583,7
D7C,0.15500000000000003,42.485000000000014,AV6-6-CALGEEEWATGGNNKLTF-AJ56_BV1-CTCSTRGANERLFF-BJ1-4,0.24997168214756668,7
D7C,0.15500000000000003,42.485000000000014,AV7-4-CAASERGASSSFSKLVF-AJ50_BV1-CTCSATNNQAPLF-BJ1-5,0.448377866512658,5
D7C,0.15500000000000003,42.485000000000014,AV9D-3-CAVSMLSGSFNKLTF-AJ4_BV3-CASSQYLRDNQDTQYF-BJ2-5,0.3733753574488277,8
D7C,0.15000000000000002,43.0,AV3D-3-CAVSDYNVLYF-AJ21_BV3-CASSQYLRDNQDTQYF-BJ2-5,0.4568054340220583,7
D7C,0.15000000000000002,43.0,AV6-6-CALGEEEWATGGNNKLTF-AJ56_BV1-CTCSTRGANERLFF-BJ1-4,0.24997168214756668,7
D7C,0.15000000000000002,43.0,AV7-4-CAASERGASSSFSKLVF-AJ50_BV1-CTCSATNNQAPLF-BJ1-5,0.448377866512658,5
D7C,0.15000000000000002,43.0,AV9D-3-CAVSMLSGSFNKLTF-AJ4_BV3-CASSQYLRDNQDTQYF-BJ2-5,0.3733753574488277,8
D7C,0.14500000000000002,43.61500000000001,AV3D-3-CAVSDYNVLYF-AJ21_BV3-CASSQYLRDNQDTQYF-BJ2-5,0.5075449268164279,6
D7C,0.14500000000000002,43.61500000000001,AV6-6-CALGEEEWATGGNNKLTF-AJ56_BV1-CTCSTRGANERLFF-BJ1-4,0.24997168214756668,7
D7C,0.14500000000000002,43.61500000000001,AV7-4-CAASERGASSSFSKLVF-AJ50_BV1-CTCSATNNQAPLF-BJ1-5,0.448377866512658,5
D7C,0.14500000000000002,43.61500000000001,AV9D-3-CAVSMLSGSFNKLTF-AJ4_BV3-CASSQYLRDNQDTQYF-BJ2-5,0.3733753574488277,8
D7C,0.14,44.0,AV3D-3-CAVSDYNVLYF-AJ21_BV3-CASSQYLRDNQDTQYF-BJ2-5,0.5075449268164279,6
D7C,0.14,44.0,AV6-6-CALGEEEWATGGNNKLTF-AJ56_BV1-CTCSTRGANERLFF-BJ1-4,0.24997168214756668,7
D7C,0.14,44.0,AV7-4-CAASERGASSSFSKLVF-AJ50_BV1-CTCSATNNQAPLF-BJ1-5,0.448377866512658,5
D7C,0.14,44.0,AV9D-3-CAVSMLSGSFNKLTF-AJ4_BV3-CASSQYLRDNQDTQYF-BJ2-5,0.3733753574488277,8
D7C,0.135,44.745000000000005,AV3D-3-CAVSDYNVLYF-AJ21_BV3-CASSQYLRDNQDTQYF-BJ2-5,0.5075449268164279,6
D7C,0.135,44.745000000000005,AV6-6-CALGEEEWATGGNNKLTF-AJ56_BV1-CTCSTRGANERLFF-BJ1-4,0.26227104581878263,6
D7C,0.135,44.745000000000005,AV7-4-CAASERGASSSFSKLVF-AJ50_BV1-CTCSATNNQAPLF-BJ1-5,0.448377866512658,5
D7C,0.135,44.745000000000005,AV9D-3-CAVSMLSGSFNKLTF-AJ4_BV3-CASSQYLRDNQDTQYF-BJ2-5,0.47701156538426936,7
D7C,0.13,45.620000000000005,AV3D-3-CAVSDYNVLYF-AJ21_BV3-CASSQYLRDNQDTQYF-BJ2-5,0.47294760345706727,5
D7C,0.13,45.620000000000005,AV6-6-CALGEEEWATGGNNKLTF-AJ56_BV1-CTCSTRGANERLFF-BJ1-4,0.26227104581878263,6
D7C,0.13,45.620000000000005,AV7-4-CAASERGASSSFSKLVF-AJ50_BV1-CTCSATNNQAPLF-BJ1-5,0.448377866512658,5
D7C,0.13,45.620000000000005,AV9D-3-CAVSMLSGSFNKLTF-AJ4_BV3-CASSQYLRDNQDTQYF-BJ2-5,0.54249837376406,6
D7C,0.125,47.875,AV6-6-CALGEEEWATGGNNKLTF-AJ56_BV1-CTCSTRGANERLFF-BJ1-4,0.26227104581878263,6
D7C,0.125,47.875,AV7-4-CAASERGASSSFSKLVF-AJ50_BV1-CTCSATNNQAPLF-BJ1-5,0.448377866512658,5
D7C,0.125,47.875,AV9D-3-CAVSMLSGSFNKLTF-AJ4_BV3-CASSQYLRDNQDTQYF-BJ2-5,0.54249837376406,6
D7C,0.12,48.44,AV6-6-CALGEEEWATGGNNKLTF-AJ56_BV1-CTCSTRGANERLFF-BJ1-4,0.17938090938092666,5
D7C,0.12,48.44,AV7-4-CAASERGASSSFSKLVF-AJ50_BV1-CTCSATNNQAPLF-BJ1-5,0.448377866512658,5
D7C,0.12,48.44,AV9D-3-CAVSMLSGSFNKLTF-AJ4_BV3-CASSQYLRDNQDTQYF-BJ2-5,0.54249837376406,6
D7C,0.11499999999999999,51.0,AV6-6-CALGEEEWATGGNNKLTF-AJ56_BV1-CTCSTRGANERLFF-BJ1-4,0.17938090938092666,5
D7C,0.11499999999999999,51.0,AV7-4-CAASERGASSSFSKLVF-AJ50_BV1-CTCSATNNQAPLF-BJ1-5,0.448377866512658,5
D7C,0.11499999999999999,51.0,AV9D-3-CAVSMLSGSFNKLTF-AJ4_BV3-CASSQYLRDNQDTQYF-BJ2-5,0.54249837376406,6
D7C,0.10999999999999999,51.56999999999999,AV7-4-CAASERGASSSFSKLVF-AJ50_BV1-CTCSATNNQAPLF-BJ1-5,0.448377866512658,5
D7C,0.10999999999999999,51.56999999999999,AV9D-3-CAVSMLSGSFNKLTF-AJ4_BV3-CASSQYLRDNQDTQYF-BJ2-5,0.54249837376406,6
D7C,0.10499999999999998,56.26999999999998,AV9D-3-CAVSMLSGSFNKLTF-AJ4_BV3-CASSQYLRDNQDTQYF-BJ2-5,0.54249837376406,6
D7C,0.09999999999999998,58.69999999999999,AV9D-3-CAVSMLSGSFNKLTF-AJ4_BV3-CASSQYLRDNQDTQYF-BJ2-5,0.54249837376406,6
D7C,0.09499999999999997,62.264999999999986,AV9D-3-CAVSMLSGSFNKLTF-AJ4_BV3-CASSQYLRDNQDTQYF-BJ2-5,0.667798190532672,5
