,sample,percentile,thresh_ly49c,clonotype,mean_coherence,n_cells
0,D7A,1.0,96.0,AV16N-CAMRDNYAQGLTF-AJ26_BV3-CASSLGPSSYEQYF-BJ2-7,0.4137152161368432,307
1,D7A,1.0,96.0,AV6D-7-CALGEGGYKVVF-AJ12_BV5-CASSQDQVGERLFF-BJ1-4,0.6151644771351771,244
2,D7A,1.0,96.0,AV12-2-CALISQQGTGSKLSF-AJ58_BV1-CTCSAVRVSYEQYF-BJ2-7,0.5467762274216122,13
3,D7A,1.0,96.0,AV13-2-CALNNNAGAKLTF-AJ39_BV14-CASSNREEVFF-BJ1-1,0.7354069692548101,10
4,D7A,1.0,96.0,AV6-6-CALGEGGYKVVF-AJ12_BV5-CASSQDQVGERLFF-BJ1-4,0.5820525331091315,7
5,D7A,1.0,96.0,AV16-CAMREGNNVGDNSKLIW-AJ38_BV13-3-CASSERNQAPLF-BJ1-5,0.8759363349320175,5
6,D7A,1.0,96.0,AV16-CAMREANTGYQNFYF-AJ49_BV13-2-CASGTGGQNTLYF-BJ2-4,0.5046897392300737,43
7,D7A,1.0,96.0,AV16-CAMREANTGYQNFYF-AJ49_BV13-2-CASGDGAQNTLYF-BJ2-4,0.8771349782037791,23
8,D7A,1.0,96.0,AV6-2-CVLGNTEGADRLTF-AJ45_BV1-CTCSAVRVGSDYTF-BJ1-2,0.500680021007628,6
9,D7A,1.0,96.0,AV7-6-CAVGYQNFYF-AJ49_BV4-CASSDRDINYAEQFF-BJ2-1,0.6074197588676415,27
10,D7A,1.0,96.0,AV13-4/DV7-CAMERDTGYQNFYF-AJ49_BV3-CASSLDWGGYEQYF-BJ2-7,0.5117175178498161,5
11,D7A,1.0,96.0,AV16-CAMREGNTGYQNFYF-AJ49_BV13-2-CASGDGAQNTLYF-BJ2-4,0.6492444010893635,5
12,D7A,1.0,96.0,AV16-CAMREANTGYQNFYF-AJ49_BV13-2-CASGGGGQNTLYF-BJ2-4,0.6738265665915364,6
13,D7A,1.0,96.0,AV7-2-CAATGNTGKLIF-AJ37_BV19-CASSIRIAEQFF-BJ2-1,0.47437803226676106,9
14,D7A,1.0,96.0,AV9-4-CAVSADYANKMIF-AJ47_BV13-1-CASRTGGHEQYF-BJ2-7,0.8200259949479369,6
15,D7A,1.0,96.0,AV7-2-CAAASSGSWQLIF-AJ22_BV13-1-CASSDVLYEQYF-BJ2-7,0.5234196987710555,5
16,D7A,1.0,96.0,AV16-CAMRESNTGYQNFYF-AJ49_BV13-2-CASGEGGANTQYF-BJ2-5,0.5763763673789912,5
17,D7A,0.995,40.875,AV16N-CAMRDNYAQGLTF-AJ26_BV3-CASSLGPSSYEQYF-BJ2-7,0.4137152161368432,307
18,D7A,0.995,40.875,AV6D-7-CALGEGGYKVVF-AJ12_BV5-CASSQDQVGERLFF-BJ1-4,0.6163912867652964,242
19,D7A,0.995,40.875,AV12-2-CALISQQGTGSKLSF-AJ58_BV1-CTCSAVRVSYEQYF-BJ2-7,0.5467762274216122,13
20,D7A,0.995,40.875,AV13-2-CALNNNAGAKLTF-AJ39_BV14-CASSNREEVFF-BJ1-1,0.7354069692548101,10
21,D7A,0.995,40.875,AV6-6-CALGEGGYKVVF-AJ12_BV5-CASSQDQVGERLFF-BJ1-4,0.5820525331091315,7
22,D7A,0.995,40.875,AV16-CAMREGNNVGDNSKLIW-AJ38_BV13-3-CASSERNQAPLF-BJ1-5,0.8759363349320175,5
23,D7A,0.995,40.875,AV16-CAMREANTGYQNFYF-AJ49_BV13-2-CASGTGGQNTLYF-BJ2-4,0.49871826155062343,42
24,D7A,0.995,40.875,AV16-CAMREANTGYQNFYF-AJ49_BV13-2-CASGDGAQNTLYF-BJ2-4,0.8771349782037791,23
25,D7A,0.995,40.875,AV6-2-CVLGNTEGADRLTF-AJ45_BV1-CTCSAVRVGSDYTF-BJ1-2,0.500680021007628,6
26,D7A,0.995,40.875,AV7-6-CAVGYQNFYF-AJ49_BV4-CASSDRDINYAEQFF-BJ2-1,0.6074197588676415,27
27,D7A,0.995,40.875,AV13-4/DV7-CAMERDTGYQNFYF-AJ49_BV3-CASSLDWGGYEQYF-BJ2-7,0.5117175178498161,5
28,D7A,0.995,40.875,AV16-CAMREANTGYQNFYF-AJ49_BV13-2-CASGGGGQNTLYF-BJ2-4,0.6738265665915364,6
29,D7A,0.995,40.875,AV7-2-CAATGNTGKLIF-AJ37_BV19-CASSIRIAEQFF-BJ2-1,0.47437803226676106,9
30,D7A,0.995,40.875,AV9-4-CAVSADYANKMIF-AJ47_BV13-1-CASRTGGHEQYF-BJ2-7,0.8200259949479369,6
31,D7A,0.995,40.875,AV7-2-CAAASSGSWQLIF-AJ22_BV13-1-CASSDVLYEQYF-BJ2-7,0.5234196987710555,5
32,D7A,0.995,40.875,AV16-CAMRESNTGYQNFYF-AJ49_BV13-2-CASGEGGANTQYF-BJ2-5,0.5763763673789912,5
33,D7A,0.99,17.25,AV16N-CAMRDNYAQGLTF-AJ26_BV3-CASSLGPSSYEQYF-BJ2-7,0.4137152161368432,307
34,D7A,0.99,17.25,AV6D-7-CALGEGGYKVVF-AJ12_BV5-CASSQDQVGERLFF-BJ1-4,0.6149012270841591,239
35,D7A,0.99,17.25,AV12-2-CALISQQGTGSKLSF-AJ58_BV1-CTCSAVRVSYEQYF-BJ2-7,0.5467762274216122,13
36,D7A,0.99,17.25,AV13-2-CALNNNAGAKLTF-AJ39_BV14-CASSNREEVFF-BJ1-1,0.7354069692548101,10
37,D7A,0.99,17.25,AV6-6-CALGEGGYKVVF-AJ12_BV5-CASSQDQVGERLFF-BJ1-4,0.5820525331091315,7
38,D7A,0.99,17.25,AV16-CAMREGNNVGDNSKLIW-AJ38_BV13-3-CASSERNQAPLF-BJ1-5,0.8759363349320175,5
39,D7A,0.99,17.25,AV16-CAMREANTGYQNFYF-AJ49_BV13-2-CASGTGGQNTLYF-BJ2-4,0.5058815651137315,41
40,D7A,0.99,17.25,AV16-CAMREANTGYQNFYF-AJ49_BV13-2-CASGDGAQNTLYF-BJ2-4,0.8771349782037791,23
41,D7A,0.99,17.25,AV6-2-CVLGNTEGADRLTF-AJ45_BV1-CTCSAVRVGSDYTF-BJ1-2,0.500680021007628,6
42,D7A,0.99,17.25,AV7-6-CAVGYQNFYF-AJ49_BV4-CASSDRDINYAEQFF-BJ2-1,0.6074197588676415,27
43,D7A,0.99,17.25,AV13-4/DV7-CAMERDTGYQNFYF-AJ49_BV3-CASSLDWGGYEQYF-BJ2-7,0.5117175178498161,5
44,D7A,0.99,17.25,AV16-CAMREANTGYQNFYF-AJ49_BV13-2-CASGGGGQNTLYF-BJ2-4,0.6738265665915364,6
45,D7A,0.99,17.25,AV7-2-CAATGNTGKLIF-AJ37_BV19-CASSIRIAEQFF-BJ2-1,0.47437803226676106,9
46,D7A,0.99,17.25,AV9-4-CAVSADYANKMIF-AJ47_BV13-1-CASRTGGHEQYF-BJ2-7,0.8200259949479369,6
47,D7A,0.99,17.25,AV7-2-CAAASSGSWQLIF-AJ22_BV13-1-CASSDVLYEQYF-BJ2-7,0.5234196987710555,5
48,D7A,0.99,17.25,AV16-CAMRESNTGYQNFYF-AJ49_BV13-2-CASGEGGANTQYF-BJ2-5,0.5763763673789912,5
49,D7A,0.985,11.125,AV16N-CAMRDNYAQGLTF-AJ26_BV3-CASSLGPSSYEQYF-BJ2-7,0.41395694366914254,305
50,D7A,0.985,11.125,AV6D-7-CALGEGGYKVVF-AJ12_BV5-CASSQDQVGERLFF-BJ1-4,0.6149012270841591,239
51,D7A,0.985,11.125,AV12-2-CALISQQGTGSKLSF-AJ58_BV1-CTCSAVRVSYEQYF-BJ2-7,0.5467762274216122,13
52,D7A,0.985,11.125,AV13-2-CALNNNAGAKLTF-AJ39_BV14-CASSNREEVFF-BJ1-1,0.7354069692548101,10
53,D7A,0.985,11.125,AV6-6-CALGEGGYKVVF-AJ12_BV5-CASSQDQVGERLFF-BJ1-4,0.5820525331091315,7
54,D7A,0.985,11.125,AV16-CAMREGNNVGDNSKLIW-AJ38_BV13-3-CASSERNQAPLF-BJ1-5,0.8759363349320175,5
55,D7A,0.985,11.125,AV16-CAMREANTGYQNFYF-AJ49_BV13-2-CASGTGGQNTLYF-BJ2-4,0.5058815651137315,41
56,D7A,0.985,11.125,AV16-CAMREANTGYQNFYF-AJ49_BV13-2-CASGDGAQNTLYF-BJ2-4,0.8721314330364727,22
57,D7A,0.985,11.125,AV6-2-CVLGNTEGADRLTF-AJ45_BV1-CTCSAVRVGSDYTF-BJ1-2,0.500680021007628,6
58,D7A,0.985,11.125,AV7-6-CAVGYQNFYF-AJ49_BV4-CASSDRDINYAEQFF-BJ2-1,0.6074197588676415,27
59,D7A,0.985,11.125,AV13-4/DV7-CAMERDTGYQNFYF-AJ49_BV3-CASSLDWGGYEQYF-BJ2-7,0.5117175178498161,5
60,D7A,0.985,11.125,AV16-CAMREANTGYQNFYF-AJ49_BV13-2-CASGGGGQNTLYF-BJ2-4,0.6738265665915364,6
61,D7A,0.985,11.125,AV7-2-CAATGNTGKLIF-AJ37_BV19-CASSIRIAEQFF-BJ2-1,0.47437803226676106,9
62,D7A,0.985,11.125,AV9-4-CAVSADYANKMIF-AJ47_BV13-1-CASRTGGHEQYF-BJ2-7,0.8200259949479369,6
63,D7A,0.985,11.125,AV7-2-CAAASSGSWQLIF-AJ22_BV13-1-CASSDVLYEQYF-BJ2-7,0.5234196987710555,5
64,D7A,0.985,11.125,AV16-CAMRESNTGYQNFYF-AJ49_BV13-2-CASGEGGANTQYF-BJ2-5,0.5763763673789912,5
65,D7A,0.98,9.0,AV16N-CAMRDNYAQGLTF-AJ26_BV3-CASSLGPSSYEQYF-BJ2-7,0.415059385494532,303
66,D7A,0.98,9.0,AV6D-7-CALGEGGYKVVF-AJ12_BV5-CASSQDQVGERLFF-BJ1-4,0.6149012270841591,239
67,D7A,0.98,9.0,AV12-2-CALISQQGTGSKLSF-AJ58_BV1-CTCSAVRVSYEQYF-BJ2-7,0.5467762274216122,13
68,D7A,0.98,9.0,AV13-2-CALNNNAGAKLTF-AJ39_BV14-CASSNREEVFF-BJ1-1,0.7354069692548101,10
69,D7A,0.98,9.0,AV6-6-CALGEGGYKVVF-AJ12_BV5-CASSQDQVGERLFF-BJ1-4,0.5820525331091315,7
70,D7A,0.98,9.0,AV16-CAMREGNNVGDNSKLIW-AJ38_BV13-3-CASSERNQAPLF-BJ1-5,0.8759363349320175,5
71,D7A,0.98,9.0,AV16-CAMREANTGYQNFYF-AJ49_BV13-2-CASGTGGQNTLYF-BJ2-4,0.5058815651137315,41
72,D7A,0.98,9.0,AV16-CAMREANTGYQNFYF-AJ49_BV13-2-CASGDGAQNTLYF-BJ2-4,0.8721314330364727,22
73,D7A,0.98,9.0,AV6-2-CVLGNTEGADRLTF-AJ45_BV1-CTCSAVRVGSDYTF-BJ1-2,0.500680021007628,6
74,D7A,0.98,9.0,AV7-6-CAVGYQNFYF-AJ49_BV4-CASSDRDINYAEQFF-BJ2-1,0.6074197588676415,27
75,D7A,0.98,9.0,AV13-4/DV7-CAMERDTGYQNFYF-AJ49_BV3-CASSLDWGGYEQYF-BJ2-7,0.5117175178498161,5
76,D7A,0.98,9.0,AV16-CAMREANTGYQNFYF-AJ49_BV13-2-CASGGGGQNTLYF-BJ2-4,0.6738265665915364,6
77,D7A,0.98,9.0,AV7-2-CAATGNTGKLIF-AJ37_BV19-CASSIRIAEQFF-BJ2-1,0.47437803226676106,9
78,D7A,0.98,9.0,AV9-4-CAVSADYANKMIF-AJ47_BV13-1-CASRTGGHEQYF-BJ2-7,0.8200259949479369,6
79,D7A,0.98,9.0,AV7-2-CAAASSGSWQLIF-AJ22_BV13-1-CASSDVLYEQYF-BJ2-7,0.5234196987710555,5
80,D7A,0.98,9.0,AV16-CAMRESNTGYQNFYF-AJ49_BV13-2-CASGEGGANTQYF-BJ2-5,0.5763763673789912,5
81,D7A,0.975,8.0,AV16N-CAMRDNYAQGLTF-AJ26_BV3-CASSLGPSSYEQYF-BJ2-7,0.414429749143829,301
82,D7A,0.975,8.0,AV6D-7-CALGEGGYKVVF-AJ12_BV5-CASSQDQVGERLFF-BJ1-4,0.6149012270841591,239
83,D7A,0.975,8.0,AV12-2-CALISQQGTGSKLSF-AJ58_BV1-CTCSAVRVSYEQYF-BJ2-7,0.5467762274216122,13
84,D7A,0.975,8.0,AV13-2-CALNNNAGAKLTF-AJ39_BV14-CASSNREEVFF-BJ1-1,0.7354069692548101,10
85,D7A,0.975,8.0,AV6-6-CALGEGGYKVVF-AJ12_BV5-CASSQDQVGERLFF-BJ1-4,0.5820525331091315,7
86,D7A,0.975,8.0,AV16-CAMREGNNVGDNSKLIW-AJ38_BV13-3-CASSERNQAPLF-BJ1-5,0.8759363349320175,5
87,D7A,0.975,8.0,AV16-CAMREANTGYQNFYF-AJ49_BV13-2-CASGTGGQNTLYF-BJ2-4,0.5058815651137315,41
88,D7A,0.975,8.0,AV16-CAMREANTGYQNFYF-AJ49_BV13-2-CASGDGAQNTLYF-BJ2-4,0.8721314330364727,22
89,D7A,0.975,8.0,AV6-2-CVLGNTEGADRLTF-AJ45_BV1-CTCSAVRVGSDYTF-BJ1-2,0.500680021007628,6
90,D7A,0.975,8.0,AV7-6-CAVGYQNFYF-AJ49_BV4-CASSDRDINYAEQFF-BJ2-1,0.6074197588676415,27
91,D7A,0.975,8.0,AV13-4/DV7-CAMERDTGYQNFYF-AJ49_BV3-CASSLDWGGYEQYF-BJ2-7,0.5117175178498161,5
92,D7A,0.975,8.0,AV16-CAMREANTGYQNFYF-AJ49_BV13-2-CASGGGGQNTLYF-BJ2-4,0.6738265665915364,6
93,D7A,0.975,8.0,AV7-2-CAATGNTGKLIF-AJ37_BV19-CASSIRIAEQFF-BJ2-1,0.4650876530969657,8
94,D7A,0.975,8.0,AV9-4-CAVSADYANKMIF-AJ47_BV13-1-CASRTGGHEQYF-BJ2-7,0.8200259949479369,6
95,D7A,0.975,8.0,AV7-2-CAAASSGSWQLIF-AJ22_BV13-1-CASSDVLYEQYF-BJ2-7,0.5234196987710555,5
96,D7A,0.975,8.0,AV16-CAMRESNTGYQNFYF-AJ49_BV13-2-CASGEGGANTQYF-BJ2-5,0.5763763673789912,5
97,D7A,0.97,7.25,AV16N-CAMRDNYAQGLTF-AJ26_BV3-CASSLGPSSYEQYF-BJ2-7,0.41367859988301037,300
98,D7A,0.97,7.25,AV6D-7-CALGEGGYKVVF-AJ12_BV5-CASSQDQVGERLFF-BJ1-4,0.6177650992653857,235
99,D7A,0.97,7.25,AV12-2-CALISQQGTGSKLSF-AJ58_BV1-CTCSAVRVSYEQYF-BJ2-7,0.5467762274216122,13
100,D7A,0.97,7.25,AV13-2-CALNNNAGAKLTF-AJ39_BV14-CASSNREEVFF-BJ1-1,0.7354069692548101,10
101,D7A,0.97,7.25,AV6-6-CALGEGGYKVVF-AJ12_BV5-CASSQDQVGERLFF-BJ1-4,0.5820525331091315,7
102,D7A,0.97,7.25,AV16-CAMREGNNVGDNSKLIW-AJ38_BV13-3-CASSERNQAPLF-BJ1-5,0.8759363349320175,5
103,D7A,0.97,7.25,AV16-CAMREANTGYQNFYF-AJ49_BV13-2-CASGTGGQNTLYF-BJ2-4,0.5058815651137315,41
104,D7A,0.97,7.25,AV16-CAMREANTGYQNFYF-AJ49_BV13-2-CASGDGAQNTLYF-BJ2-4,0.8721314330364727,22
105,D7A,0.97,7.25,AV6-2-CVLGNTEGADRLTF-AJ45_BV1-CTCSAVRVGSDYTF-BJ1-2,0.500680021007628,6
106,D7A,0.97,7.25,AV7-6-CAVGYQNFYF-AJ49_BV4-CASSDRDINYAEQFF-BJ2-1,0.6074197588676415,27
107,D7A,0.97,7.25,AV13-4/DV7-CAMERDTGYQNFYF-AJ49_BV3-CASSLDWGGYEQYF-BJ2-7,0.5117175178498161,5
108,D7A,0.97,7.25,AV16-CAMREANTGYQNFYF-AJ49_BV13-2-CASGGGGQNTLYF-BJ2-4,0.6738265665915364,6
109,D7A,0.97,7.25,AV7-2-CAATGNTGKLIF-AJ37_BV19-CASSIRIAEQFF-BJ2-1,0.4650876530969657,8
110,D7A,0.97,7.25,AV9-4-CAVSADYANKMIF-AJ47_BV13-1-CASRTGGHEQYF-BJ2-7,0.8313340730500599,5
111,D7A,0.97,7.25,AV7-2-CAAASSGSWQLIF-AJ22_BV13-1-CASSDVLYEQYF-BJ2-7,0.5234196987710555,5
112,D7A,0.97,7.25,AV16-CAMRESNTGYQNFYF-AJ49_BV13-2-CASGEGGANTQYF-BJ2-5,0.5763763673789912,5
113,D7A,0.965,6.625,AV16N-CAMRDNYAQGLTF-AJ26_BV3-CASSLGPSSYEQYF-BJ2-7,0.41332887819153197,298
114,D7A,0.965,6.625,AV6D-7-CALGEGGYKVVF-AJ12_BV5-CASSQDQVGERLFF-BJ1-4,0.6165364446848214,234
115,D7A,0.965,6.625,AV12-2-CALISQQGTGSKLSF-AJ58_BV1-CTCSAVRVSYEQYF-BJ2-7,0.5467762274216122,13
116,D7A,0.965,6.625,AV13-2-CALNNNAGAKLTF-AJ39_BV14-CASSNREEVFF-BJ1-1,0.7354069692548101,10
117,D7A,0.965,6.625,AV6-6-CALGEGGYKVVF-AJ12_BV5-CASSQDQVGERLFF-BJ1-4,0.5820525331091315,7
118,D7A,0.965,6.625,AV16-CAMREGNNVGDNSKLIW-AJ38_BV13-3-CASSERNQAPLF-BJ1-5,0.8759363349320175,5
119,D7A,0.965,6.625,AV16-CAMREANTGYQNFYF-AJ49_BV13-2-CASGTGGQNTLYF-BJ2-4,0.5140244583617346,40
120,D7A,0.965,6.625,AV16-CAMREANTGYQNFYF-AJ49_BV13-2-CASGDGAQNTLYF-BJ2-4,0.8721314330364727,22
121,D7A,0.965,6.625,AV6-2-CVLGNTEGADRLTF-AJ45_BV1-CTCSAVRVGSDYTF-BJ1-2,0.500680021007628,6
122,D7A,0.965,6.625,AV7-6-CAVGYQNFYF-AJ49_BV4-CASSDRDINYAEQFF-BJ2-1,0.6074197588676415,27
123,D7A,0.965,6.625,AV13-4/DV7-CAMERDTGYQNFYF-AJ49_BV3-CASSLDWGGYEQYF-BJ2-7,0.5117175178498161,5
124,D7A,0.965,6.625,AV16-CAMREANTGYQNFYF-AJ49_BV13-2-CASGGGGQNTLYF-BJ2-4,0.6738265665915364,6
125,D7A,0.965,6.625,AV7-2-CAATGNTGKLIF-AJ37_BV19-CASSIRIAEQFF-BJ2-1,0.4650876530969657,8
126,D7A,0.965,6.625,AV9-4-CAVSADYANKMIF-AJ47_BV13-1-CASRTGGHEQYF-BJ2-7,0.8313340730500599,5
127,D7A,0.965,6.625,AV7-2-CAAASSGSWQLIF-AJ22_BV13-1-CASSDVLYEQYF-BJ2-7,0.5234196987710555,5
128,D7A,0.965,6.625,AV16-CAMRESNTGYQNFYF-AJ49_BV13-2-CASGEGGANTQYF-BJ2-5,0.5763763673789912,5
129,D7A,0.96,6.0,AV16N-CAMRDNYAQGLTF-AJ26_BV3-CASSLGPSSYEQYF-BJ2-7,0.41332887819153197,298
130,D7A,0.96,6.0,AV6D-7-CALGEGGYKVVF-AJ12_BV5-CASSQDQVGERLFF-BJ1-4,0.6165364446848214,234
131,D7A,0.96,6.0,AV12-2-CALISQQGTGSKLSF-AJ58_BV1-CTCSAVRVSYEQYF-BJ2-7,0.5467762274216122,13
132,D7A,0.96,6.0,AV13-2-CALNNNAGAKLTF-AJ39_BV14-CASSNREEVFF-BJ1-1,0.7354069692548101,10
133,D7A,0.96,6.0,AV6-6-CALGEGGYKVVF-AJ12_BV5-CASSQDQVGERLFF-BJ1-4,0.5820525331091315,7
134,D7A,0.96,6.0,AV16-CAMREGNNVGDNSKLIW-AJ38_BV13-3-CASSERNQAPLF-BJ1-5,0.8759363349320175,5
135,D7A,0.96,6.0,AV16-CAMREANTGYQNFYF-AJ49_BV13-2-CASGTGGQNTLYF-BJ2-4,0.5140244583617346,40
136,D7A,0.96,6.0,AV16-CAMREANTGYQNFYF-AJ49_BV13-2-CASGDGAQNTLYF-BJ2-4,0.8721314330364727,22
137,D7A,0.96,6.0,AV6-2-CVLGNTEGADRLTF-AJ45_BV1-CTCSAVRVGSDYTF-BJ1-2,0.500680021007628,6
138,D7A,0.96,6.0,AV7-6-CAVGYQNFYF-AJ49_BV4-CASSDRDINYAEQFF-BJ2-1,0.6074197588676415,27
139,D7A,0.96,6.0,AV13-4/DV7-CAMERDTGYQNFYF-AJ49_BV3-CASSLDWGGYEQYF-BJ2-7,0.5117175178498161,5
140,D7A,0.96,6.0,AV16-CAMREANTGYQNFYF-AJ49_BV13-2-CASGGGGQNTLYF-BJ2-4,0.6738265665915364,6
141,D7A,0.96,6.0,AV7-2-CAATGNTGKLIF-AJ37_BV19-CASSIRIAEQFF-BJ2-1,0.4650876530969657,8
142,D7A,0.96,6.0,AV9-4-CAVSADYANKMIF-AJ47_BV13-1-CASRTGGHEQYF-BJ2-7,0.8313340730500599,5
143,D7A,0.96,6.0,AV7-2-CAAASSGSWQLIF-AJ22_BV13-1-CASSDVLYEQYF-BJ2-7,0.5234196987710555,5
144,D7A,0.96,6.0,AV16-CAMRESNTGYQNFYF-AJ49_BV13-2-CASGEGGANTQYF-BJ2-5,0.5763763673789912,5
145,D7A,0.955,6.0,AV16N-CAMRDNYAQGLTF-AJ26_BV3-CASSLGPSSYEQYF-BJ2-7,0.41332887819153197,298
146,D7A,0.955,6.0,AV6D-7-CALGEGGYKVVF-AJ12_BV5-CASSQDQVGERLFF-BJ1-4,0.6165364446848214,234
147,D7A,0.955,6.0,AV12-2-CALISQQGTGSKLSF-AJ58_BV1-CTCSAVRVSYEQYF-BJ2-7,0.5467762274216122,13
148,D7A,0.955,6.0,AV13-2-CALNNNAGAKLTF-AJ39_BV14-CASSNREEVFF-BJ1-1,0.7354069692548101,10
149,D7A,0.955,6.0,AV6-6-CALGEGGYKVVF-AJ12_BV5-CASSQDQVGERLFF-BJ1-4,0.5820525331091315,7
150,D7A,0.955,6.0,AV16-CAMREGNNVGDNSKLIW-AJ38_BV13-3-CASSERNQAPLF-BJ1-5,0.8759363349320175,5
151,D7A,0.955,6.0,AV16-CAMREANTGYQNFYF-AJ49_BV13-2-CASGTGGQNTLYF-BJ2-4,0.5140244583617346,40
152,D7A,0.955,6.0,AV16-CAMREANTGYQNFYF-AJ49_BV13-2-CASGDGAQNTLYF-BJ2-4,0.8721314330364727,22
153,D7A,0.955,6.0,AV6-2-CVLGNTEGADRLTF-AJ45_BV1-CTCSAVRVGSDYTF-BJ1-2,0.500680021007628,6
154,D7A,0.955,6.0,AV7-6-CAVGYQNFYF-AJ49_BV4-CASSDRDINYAEQFF-BJ2-1,0.6074197588676415,27
155,D7A,0.955,6.0,AV13-4/DV7-CAMERDTGYQNFYF-AJ49_BV3-CASSLDWGGYEQYF-BJ2-7,0.5117175178498161,5
156,D7A,0.955,6.0,AV16-CAMREANTGYQNFYF-AJ49_BV13-2-CASGGGGQNTLYF-BJ2-4,0.6738265665915364,6
157,D7A,0.955,6.0,AV7-2-CAATGNTGKLIF-AJ37_BV19-CASSIRIAEQFF-BJ2-1,0.4650876530969657,8
158,D7A,0.955,6.0,AV9-4-CAVSADYANKMIF-AJ47_BV13-1-CASRTGGHEQYF-BJ2-7,0.8313340730500599,5
159,D7A,0.955,6.0,AV7-2-CAAASSGSWQLIF-AJ22_BV13-1-CASSDVLYEQYF-BJ2-7,0.5234196987710555,5
160,D7A,0.955,6.0,AV16-CAMRESNTGYQNFYF-AJ49_BV13-2-CASGEGGANTQYF-BJ2-5,0.5763763673789912,5
161,D7A,0.95,6.0,AV16N-CAMRDNYAQGLTF-AJ26_BV3-CASSLGPSSYEQYF-BJ2-7,0.41332887819153197,298
162,D7A,0.95,6.0,AV6D-7-CALGEGGYKVVF-AJ12_BV5-CASSQDQVGERLFF-BJ1-4,0.6165364446848214,234
163,D7A,0.95,6.0,AV12-2-CALISQQGTGSKLSF-AJ58_BV1-CTCSAVRVSYEQYF-BJ2-7,0.5467762274216122,13
164,D7A,0.95,6.0,AV13-2-CALNNNAGAKLTF-AJ39_BV14-CASSNREEVFF-BJ1-1,0.7354069692548101,10
165,D7A,0.95,6.0,AV6-6-CALGEGGYKVVF-AJ12_BV5-CASSQDQVGERLFF-BJ1-4,0.5820525331091315,7
166,D7A,0.95,6.0,AV16-CAMREGNNVGDNSKLIW-AJ38_BV13-3-CASSERNQAPLF-BJ1-5,0.8759363349320175,5
167,D7A,0.95,6.0,AV16-CAMREANTGYQNFYF-AJ49_BV13-2-CASGTGGQNTLYF-BJ2-4,0.5140244583617346,40
168,D7A,0.95,6.0,AV16-CAMREANTGYQNFYF-AJ49_BV13-2-CASGDGAQNTLYF-BJ2-4,0.8721314330364727,22
169,D7A,0.95,6.0,AV6-2-CVLGNTEGADRLTF-AJ45_BV1-CTCSAVRVGSDYTF-BJ1-2,0.500680021007628,6
170,D7A,0.95,6.0,AV7-6-CAVGYQNFYF-AJ49_BV4-CASSDRDINYAEQFF-BJ2-1,0.6074197588676415,27
171,D7A,0.95,6.0,AV13-4/DV7-CAMERDTGYQNFYF-AJ49_BV3-CASSLDWGGYEQYF-BJ2-7,0.5117175178498161,5
172,D7A,0.95,6.0,AV16-CAMREANTGYQNFYF-AJ49_BV13-2-CASGGGGQNTLYF-BJ2-4,0.6738265665915364,6
173,D7A,0.95,6.0,AV7-2-CAATGNTGKLIF-AJ37_BV19-CASSIRIAEQFF-BJ2-1,0.4650876530969657,8
174,D7A,0.95,6.0,AV9-4-CAVSADYANKMIF-AJ47_BV13-1-CASRTGGHEQYF-BJ2-7,0.8313340730500599,5
175,D7A,0.95,6.0,AV7-2-CAAASSGSWQLIF-AJ22_BV13-1-CASSDVLYEQYF-BJ2-7,0.5234196987710555,5
176,D7A,0.95,6.0,AV16-CAMRESNTGYQNFYF-AJ49_BV13-2-CASGEGGANTQYF-BJ2-5,0.5763763673789912,5
177,D7A,0.945,5.0,AV16N-CAMRDNYAQGLTF-AJ26_BV3-CASSLGPSSYEQYF-BJ2-7,0.4174089478583985,291
178,D7A,0.945,5.0,AV6D-7-CALGEGGYKVVF-AJ12_BV5-CASSQDQVGERLFF-BJ1-4,0.6131489002121515,231
179,D7A,0.945,5.0,AV12-2-CALISQQGTGSKLSF-AJ58_BV1-CTCSAVRVSYEQYF-BJ2-7,0.5467762274216122,13
180,D7A,0.945,5.0,AV13-2-CALNNNAGAKLTF-AJ39_BV14-CASSNREEVFF-BJ1-1,0.7354069692548101,10
181,D7A,0.945,5.0,AV6-6-CALGEGGYKVVF-AJ12_BV5-CASSQDQVGERLFF-BJ1-4,0.5820525331091315,7
182,D7A,0.945,5.0,AV16-CAMREGNNVGDNSKLIW-AJ38_BV13-3-CASSERNQAPLF-BJ1-5,0.8759363349320175,5
183,D7A,0.945,5.0,AV16-CAMREANTGYQNFYF-AJ49_BV13-2-CASGTGGQNTLYF-BJ2-4,0.5079994263162007,38
184,D7A,0.945,5.0,AV16-CAMREANTGYQNFYF-AJ49_BV13-2-CASGDGAQNTLYF-BJ2-4,0.8721314330364727,22
185,D7A,0.945,5.0,AV6-2-CVLGNTEGADRLTF-AJ45_BV1-CTCSAVRVGSDYTF-BJ1-2,0.500680021007628,6
186,D7A,0.945,5.0,AV7-6-CAVGYQNFYF-AJ49_BV4-CASSDRDINYAEQFF-BJ2-1,0.6074197588676415,27
187,D7A,0.945,5.0,AV13-4/DV7-CAMERDTGYQNFYF-AJ49_BV3-CASSLDWGGYEQYF-BJ2-7,0.5117175178498161,5
188,D7A,0.945,5.0,AV16-CAMREANTGYQNFYF-AJ49_BV13-2-CASGGGGQNTLYF-BJ2-4,0.6738265665915364,6
189,D7A,0.945,5.0,AV7-2-CAATGNTGKLIF-AJ37_BV19-CASSIRIAEQFF-BJ2-1,0.4650876530969657,8
190,D7A,0.945,5.0,AV9-4-CAVSADYANKMIF-AJ47_BV13-1-CASRTGGHEQYF-BJ2-7,0.8313340730500599,5
191,D7A,0.945,5.0,AV7-2-CAAASSGSWQLIF-AJ22_BV13-1-CASSDVLYEQYF-BJ2-7,0.5234196987710555,5
192,D7A,0.945,5.0,AV16-CAMRESNTGYQNFYF-AJ49_BV13-2-CASGEGGANTQYF-BJ2-5,0.5763763673789912,5
193,D7A,0.94,5.0,AV16N-CAMRDNYAQGLTF-AJ26_BV3-CASSLGPSSYEQYF-BJ2-7,0.4174089478583985,291
194,D7A,0.94,5.0,AV6D-7-CALGEGGYKVVF-AJ12_BV5-CASSQDQVGERLFF-BJ1-4,0.6131489002121515,231
195,D7A,0.94,5.0,AV12-2-CALISQQGTGSKLSF-AJ58_BV1-CTCSAVRVSYEQYF-BJ2-7,0.5467762274216122,13
196,D7A,0.94,5.0,AV13-2-CALNNNAGAKLTF-AJ39_BV14-CASSNREEVFF-BJ1-1,0.7354069692548101,10
197,D7A,0.94,5.0,AV6-6-CALGEGGYKVVF-AJ12_BV5-CASSQDQVGERLFF-BJ1-4,0.5820525331091315,7
198,D7A,0.94,5.0,AV16-CAMREGNNVGDNSKLIW-AJ38_BV13-3-CASSERNQAPLF-BJ1-5,0.8759363349320175,5
199,D7A,0.94,5.0,AV16-CAMREANTGYQNFYF-AJ49_BV13-2-CASGTGGQNTLYF-BJ2-4,0.5079994263162007,38
200,D7A,0.94,5.0,AV16-CAMREANTGYQNFYF-AJ49_BV13-2-CASGDGAQNTLYF-BJ2-4,0.8721314330364727,22
201,D7A,0.94,5.0,AV6-2-CVLGNTEGADRLTF-AJ45_BV1-CTCSAVRVGSDYTF-BJ1-2,0.500680021007628,6
202,D7A,0.94,5.0,AV7-6-CAVGYQNFYF-AJ49_BV4-CASSDRDINYAEQFF-BJ2-1,0.6074197588676415,27
203,D7A,0.94,5.0,AV13-4/DV7-CAMERDTGYQNFYF-AJ49_BV3-CASSLDWGGYEQYF-BJ2-7,0.5117175178498161,5
204,D7A,0.94,5.0,AV16-CAMREANTGYQNFYF-AJ49_BV13-2-CASGGGGQNTLYF-BJ2-4,0.6738265665915364,6
205,D7A,0.94,5.0,AV7-2-CAATGNTGKLIF-AJ37_BV19-CASSIRIAEQFF-BJ2-1,0.4650876530969657,8
206,D7A,0.94,5.0,AV9-4-CAVSADYANKMIF-AJ47_BV13-1-CASRTGGHEQYF-BJ2-7,0.8313340730500599,5
207,D7A,0.94,5.0,AV7-2-CAAASSGSWQLIF-AJ22_BV13-1-CASSDVLYEQYF-BJ2-7,0.5234196987710555,5
208,D7A,0.94,5.0,AV16-CAMRESNTGYQNFYF-AJ49_BV13-2-CASGEGGANTQYF-BJ2-5,0.5763763673789912,5
209,D7A,0.935,5.0,AV16N-CAMRDNYAQGLTF-AJ26_BV3-CASSLGPSSYEQYF-BJ2-7,0.4174089478583985,291
210,D7A,0.935,5.0,AV6D-7-CALGEGGYKVVF-AJ12_BV5-CASSQDQVGERLFF-BJ1-4,0.6131489002121515,231
211,D7A,0.935,5.0,AV12-2-CALISQQGTGSKLSF-AJ58_BV1-CTCSAVRVSYEQYF-BJ2-7,0.5467762274216122,13
212,D7A,0.935,5.0,AV13-2-CALNNNAGAKLTF-AJ39_BV14-CASSNREEVFF-BJ1-1,0.7354069692548101,10
213,D7A,0.935,5.0,AV6-6-CALGEGGYKVVF-AJ12_BV5-CASSQDQVGERLFF-BJ1-4,0.5820525331091315,7
214,D7A,0.935,5.0,AV16-CAMREGNNVGDNSKLIW-AJ38_BV13-3-CASSERNQAPLF-BJ1-5,0.8759363349320175,5
215,D7A,0.935,5.0,AV16-CAMREANTGYQNFYF-AJ49_BV13-2-CASGTGGQNTLYF-BJ2-4,0.5079994263162007,38
216,D7A,0.935,5.0,AV16-CAMREANTGYQNFYF-AJ49_BV13-2-CASGDGAQNTLYF-BJ2-4,0.8721314330364727,22
217,D7A,0.935,5.0,AV6-2-CVLGNTEGADRLTF-AJ45_BV1-CTCSAVRVGSDYTF-BJ1-2,0.500680021007628,6
218,D7A,0.935,5.0,AV7-6-CAVGYQNFYF-AJ49_BV4-CASSDRDINYAEQFF-BJ2-1,0.6074197588676415,27
219,D7A,0.935,5.0,AV13-4/DV7-CAMERDTGYQNFYF-AJ49_BV3-CASSLDWGGYEQYF-BJ2-7,0.5117175178498161,5
220,D7A,0.935,5.0,AV16-CAMREANTGYQNFYF-AJ49_BV13-2-CASGGGGQNTLYF-BJ2-4,0.6738265665915364,6
221,D7A,0.935,5.0,AV7-2-CAATGNTGKLIF-AJ37_BV19-CASSIRIAEQFF-BJ2-1,0.4650876530969657,8
222,D7A,0.935,5.0,AV9-4-CAVSADYANKMIF-AJ47_BV13-1-CASRTGGHEQYF-BJ2-7,0.8313340730500599,5
223,D7A,0.935,5.0,AV7-2-CAAASSGSWQLIF-AJ22_BV13-1-CASSDVLYEQYF-BJ2-7,0.5234196987710555,5
224,D7A,0.935,5.0,AV16-CAMRESNTGYQNFYF-AJ49_BV13-2-CASGEGGANTQYF-BJ2-5,0.5763763673789912,5
225,D7A,0.9299999999999999,4.0,AV16N-CAMRDNYAQGLTF-AJ26_BV3-CASSLGPSSYEQYF-BJ2-7,0.41281372088197454,286
226,D7A,0.9299999999999999,4.0,AV6D-7-CALGEGGYKVVF-AJ12_BV5-CASSQDQVGERLFF-BJ1-4,0.6165027849404623,225
227,D7A,0.9299999999999999,4.0,AV12-2-CALISQQGTGSKLSF-AJ58_BV1-CTCSAVRVSYEQYF-BJ2-7,0.5467762274216122,13
228,D7A,0.9299999999999999,4.0,AV13-2-CALNNNAGAKLTF-AJ39_BV14-CASSNREEVFF-BJ1-1,0.7354069692548101,10
229,D7A,0.9299999999999999,4.0,AV6-6-CALGEGGYKVVF-AJ12_BV5-CASSQDQVGERLFF-BJ1-4,0.5820525331091315,7
230,D7A,0.9299999999999999,4.0,AV16-CAMREGNNVGDNSKLIW-AJ38_BV13-3-CASSERNQAPLF-BJ1-5,0.8759363349320175,5
231,D7A,0.9299999999999999,4.0,AV16-CAMREANTGYQNFYF-AJ49_BV13-2-CASGTGGQNTLYF-BJ2-4,0.5087566034758729,37
232,D7A,0.9299999999999999,4.0,AV16-CAMREANTGYQNFYF-AJ49_BV13-2-CASGDGAQNTLYF-BJ2-4,0.8721314330364727,22
233,D7A,0.9299999999999999,4.0,AV6-2-CVLGNTEGADRLTF-AJ45_BV1-CTCSAVRVGSDYTF-BJ1-2,0.500680021007628,6
234,D7A,0.9299999999999999,4.0,AV7-6-CAVGYQNFYF-AJ49_BV4-CASSDRDINYAEQFF-BJ2-1,0.6074197588676415,27
235,D7A,0.9299999999999999,4.0,AV13-4/DV7-CAMERDTGYQNFYF-AJ49_BV3-CASSLDWGGYEQYF-BJ2-7,0.5117175178498161,5
236,D7A,0.9299999999999999,4.0,AV16-CAMREANTGYQNFYF-AJ49_BV13-2-CASGGGGQNTLYF-BJ2-4,0.6738265665915364,6
237,D7A,0.9299999999999999,4.0,AV7-2-CAATGNTGKLIF-AJ37_BV19-CASSIRIAEQFF-BJ2-1,0.4650876530969657,8
238,D7A,0.9299999999999999,4.0,AV9-4-CAVSADYANKMIF-AJ47_BV13-1-CASRTGGHEQYF-BJ2-7,0.8313340730500599,5
239,D7A,0.9299999999999999,4.0,AV7-2-CAAASSGSWQLIF-AJ22_BV13-1-CASSDVLYEQYF-BJ2-7,0.5234196987710555,5
240,D7A,0.9299999999999999,4.0,AV16-CAMRESNTGYQNFYF-AJ49_BV13-2-CASGEGGANTQYF-BJ2-5,0.5763763673789912,5
241,D7A,0.925,4.0,AV16N-CAMRDNYAQGLTF-AJ26_BV3-CASSLGPSSYEQYF-BJ2-7,0.41281372088197454,286
242,D7A,0.925,4.0,AV6D-7-CALGEGGYKVVF-AJ12_BV5-CASSQDQVGERLFF-BJ1-4,0.6165027849404623,225
243,D7A,0.925,4.0,AV12-2-CALISQQGTGSKLSF-AJ58_BV1-CTCSAVRVSYEQYF-BJ2-7,0.5467762274216122,13
244,D7A,0.925,4.0,AV13-2-CALNNNAGAKLTF-AJ39_BV14-CASSNREEVFF-BJ1-1,0.7354069692548101,10
245,D7A,0.925,4.0,AV6-6-CALGEGGYKVVF-AJ12_BV5-CASSQDQVGERLFF-BJ1-4,0.5820525331091315,7
246,D7A,0.925,4.0,AV16-CAMREGNNVGDNSKLIW-AJ38_BV13-3-CASSERNQAPLF-BJ1-5,0.8759363349320175,5
247,D7A,0.925,4.0,AV16-CAMREANTGYQNFYF-AJ49_BV13-2-CASGTGGQNTLYF-BJ2-4,0.5087566034758729,37
248,D7A,0.925,4.0,AV16-CAMREANTGYQNFYF-AJ49_BV13-2-CASGDGAQNTLYF-BJ2-4,0.8721314330364727,22
249,D7A,0.925,4.0,AV6-2-CVLGNTEGADRLTF-AJ45_BV1-CTCSAVRVGSDYTF-BJ1-2,0.500680021007628,6
250,D7A,0.925,4.0,AV7-6-CAVGYQNFYF-AJ49_BV4-CASSDRDINYAEQFF-BJ2-1,0.6074197588676415,27
251,D7A,0.925,4.0,AV13-4/DV7-CAMERDTGYQNFYF-AJ49_BV3-CASSLDWGGYEQYF-BJ2-7,0.5117175178498161,5
252,D7A,0.925,4.0,AV16-CAMREANTGYQNFYF-AJ49_BV13-2-CASGGGGQNTLYF-BJ2-4,0.6738265665915364,6
253,D7A,0.925,4.0,AV7-2-CAATGNTGKLIF-AJ37_BV19-CASSIRIAEQFF-BJ2-1,0.4650876530969657,8
254,D7A,0.925,4.0,AV9-4-CAVSADYANKMIF-AJ47_BV13-1-CASRTGGHEQYF-BJ2-7,0.8313340730500599,5
255,D7A,0.925,4.0,AV7-2-CAAASSGSWQLIF-AJ22_BV13-1-CASSDVLYEQYF-BJ2-7,0.5234196987710555,5
256,D7A,0.925,4.0,AV16-CAMRESNTGYQNFYF-AJ49_BV13-2-CASGEGGANTQYF-BJ2-5,0.5763763673789912,5
257,D7A,0.92,4.0,AV16N-CAMRDNYAQGLTF-AJ26_BV3-CASSLGPSSYEQYF-BJ2-7,0.41281372088197454,286
258,D7A,0.92,4.0,AV6D-7-CALGEGGYKVVF-AJ12_BV5-CASSQDQVGERLFF-BJ1-4,0.6165027849404623,225
259,D7A,0.92,4.0,AV12-2-CALISQQGTGSKLSF-AJ58_BV1-CTCSAVRVSYEQYF-BJ2-7,0.5467762274216122,13
260,D7A,0.92,4.0,AV13-2-CALNNNAGAKLTF-AJ39_BV14-CASSNREEVFF-BJ1-1,0.7354069692548101,10
261,D7A,0.92,4.0,AV6-6-CALGEGGYKVVF-AJ12_BV5-CASSQDQVGERLFF-BJ1-4,0.5820525331091315,7
262,D7A,0.92,4.0,AV16-CAMREGNNVGDNSKLIW-AJ38_BV13-3-CASSERNQAPLF-BJ1-5,0.8759363349320175,5
263,D7A,0.92,4.0,AV16-CAMREANTGYQNFYF-AJ49_BV13-2-CASGTGGQNTLYF-BJ2-4,0.5087566034758729,37
264,D7A,0.92,4.0,AV16-CAMREANTGYQNFYF-AJ49_BV13-2-CASGDGAQNTLYF-BJ2-4,0.8721314330364727,22
265,D7A,0.92,4.0,AV6-2-CVLGNTEGADRLTF-AJ45_BV1-CTCSAVRVGSDYTF-BJ1-2,0.500680021007628,6
266,D7A,0.92,4.0,AV7-6-CAVGYQNFYF-AJ49_BV4-CASSDRDINYAEQFF-BJ2-1,0.6074197588676415,27
267,D7A,0.92,4.0,AV13-4/DV7-CAMERDTGYQNFYF-AJ49_BV3-CASSLDWGGYEQYF-BJ2-7,0.5117175178498161,5
268,D7A,0.92,4.0,AV16-CAMREANTGYQNFYF-AJ49_BV13-2-CASGGGGQNTLYF-BJ2-4,0.6738265665915364,6
269,D7A,0.92,4.0,AV7-2-CAATGNTGKLIF-AJ37_BV19-CASSIRIAEQFF-BJ2-1,0.4650876530969657,8
270,D7A,0.92,4.0,AV9-4-CAVSADYANKMIF-AJ47_BV13-1-CASRTGGHEQYF-BJ2-7,0.8313340730500599,5
271,D7A,0.92,4.0,AV7-2-CAAASSGSWQLIF-AJ22_BV13-1-CASSDVLYEQYF-BJ2-7,0.5234196987710555,5
272,D7A,0.92,4.0,AV16-CAMRESNTGYQNFYF-AJ49_BV13-2-CASGEGGANTQYF-BJ2-5,0.5763763673789912,5
273,D7A,0.915,4.0,AV16N-CAMRDNYAQGLTF-AJ26_BV3-CASSLGPSSYEQYF-BJ2-7,0.41281372088197454,286
274,D7A,0.915,4.0,AV6D-7-CALGEGGYKVVF-AJ12_BV5-CASSQDQVGERLFF-BJ1-4,0.6165027849404623,225
275,D7A,0.915,4.0,AV12-2-CALISQQGTGSKLSF-AJ58_BV1-CTCSAVRVSYEQYF-BJ2-7,0.5467762274216122,13
276,D7A,0.915,4.0,AV13-2-CALNNNAGAKLTF-AJ39_BV14-CASSNREEVFF-BJ1-1,0.7354069692548101,10
277,D7A,0.915,4.0,AV6-6-CALGEGGYKVVF-AJ12_BV5-CASSQDQVGERLFF-BJ1-4,0.5820525331091315,7
278,D7A,0.915,4.0,AV16-CAMREGNNVGDNSKLIW-AJ38_BV13-3-CASSERNQAPLF-BJ1-5,0.8759363349320175,5
279,D7A,0.915,4.0,AV16-CAMREANTGYQNFYF-AJ49_BV13-2-CASGTGGQNTLYF-BJ2-4,0.5087566034758729,37
280,D7A,0.915,4.0,AV16-CAMREANTGYQNFYF-AJ49_BV13-2-CASGDGAQNTLYF-BJ2-4,0.8721314330364727,22
281,D7A,0.915,4.0,AV6-2-CVLGNTEGADRLTF-AJ45_BV1-CTCSAVRVGSDYTF-BJ1-2,0.500680021007628,6
282,D7A,0.915,4.0,AV7-6-CAVGYQNFYF-AJ49_BV4-CASSDRDINYAEQFF-BJ2-1,0.6074197588676415,27
283,D7A,0.915,4.0,AV13-4/DV7-CAMERDTGYQNFYF-AJ49_BV3-CASSLDWGGYEQYF-BJ2-7,0.5117175178498161,5
284,D7A,0.915,4.0,AV16-CAMREANTGYQNFYF-AJ49_BV13-2-CASGGGGQNTLYF-BJ2-4,0.6738265665915364,6
285,D7A,0.915,4.0,AV7-2-CAATGNTGKLIF-AJ37_BV19-CASSIRIAEQFF-BJ2-1,0.4650876530969657,8
286,D7A,0.915,4.0,AV9-4-CAVSADYANKMIF-AJ47_BV13-1-CASRTGGHEQYF-BJ2-7,0.8313340730500599,5
287,D7A,0.915,4.0,AV7-2-CAAASSGSWQLIF-AJ22_BV13-1-CASSDVLYEQYF-BJ2-7,0.5234196987710555,5
288,D7A,0.915,4.0,AV16-CAMRESNTGYQNFYF-AJ49_BV13-2-CASGEGGANTQYF-BJ2-5,0.5763763673789912,5
289,D7A,0.91,4.0,AV16N-CAMRDNYAQGLTF-AJ26_BV3-CASSLGPSSYEQYF-BJ2-7,0.41281372088197454,286
290,D7A,0.91,4.0,AV6D-7-CALGEGGYKVVF-AJ12_BV5-CASSQDQVGERLFF-BJ1-4,0.6165027849404623,225
291,D7A,0.91,4.0,AV12-2-CALISQQGTGSKLSF-AJ58_BV1-CTCSAVRVSYEQYF-BJ2-7,0.5467762274216122,13
292,D7A,0.91,4.0,AV13-2-CALNNNAGAKLTF-AJ39_BV14-CASSNREEVFF-BJ1-1,0.7354069692548101,10
293,D7A,0.91,4.0,AV6-6-CALGEGGYKVVF-AJ12_BV5-CASSQDQVGERLFF-BJ1-4,0.5820525331091315,7
294,D7A,0.91,4.0,AV16-CAMREGNNVGDNSKLIW-AJ38_BV13-3-CASSERNQAPLF-BJ1-5,0.8759363349320175,5
295,D7A,0.91,4.0,AV16-CAMREANTGYQNFYF-AJ49_BV13-2-CASGTGGQNTLYF-BJ2-4,0.5087566034758729,37
296,D7A,0.91,4.0,AV16-CAMREANTGYQNFYF-AJ49_BV13-2-CASGDGAQNTLYF-BJ2-4,0.8721314330364727,22
297,D7A,0.91,4.0,AV6-2-CVLGNTEGADRLTF-AJ45_BV1-CTCSAVRVGSDYTF-BJ1-2,0.500680021007628,6
298,D7A,0.91,4.0,AV7-6-CAVGYQNFYF-AJ49_BV4-CASSDRDINYAEQFF-BJ2-1,0.6074197588676415,27
299,D7A,0.91,4.0,AV13-4/DV7-CAMERDTGYQNFYF-AJ49_BV3-CASSLDWGGYEQYF-BJ2-7,0.5117175178498161,5
300,D7A,0.91,4.0,AV16-CAMREANTGYQNFYF-AJ49_BV13-2-CASGGGGQNTLYF-BJ2-4,0.6738265665915364,6
301,D7A,0.91,4.0,AV7-2-CAATGNTGKLIF-AJ37_BV19-CASSIRIAEQFF-BJ2-1,0.4650876530969657,8
302,D7A,0.91,4.0,AV9-4-CAVSADYANKMIF-AJ47_BV13-1-CASRTGGHEQYF-BJ2-7,0.8313340730500599,5
303,D7A,0.91,4.0,AV7-2-CAAASSGSWQLIF-AJ22_BV13-1-CASSDVLYEQYF-BJ2-7,0.5234196987710555,5
304,D7A,0.91,4.0,AV16-CAMRESNTGYQNFYF-AJ49_BV13-2-CASGEGGANTQYF-BJ2-5,0.5763763673789912,5
305,D7A,0.905,4.0,AV16N-CAMRDNYAQGLTF-AJ26_BV3-CASSLGPSSYEQYF-BJ2-7,0.41281372088197454,286
306,D7A,0.905,4.0,AV6D-7-CALGEGGYKVVF-AJ12_BV5-CASSQDQVGERLFF-BJ1-4,0.6165027849404623,225
307,D7A,0.905,4.0,AV12-2-CALISQQGTGSKLSF-AJ58_BV1-CTCSAVRVSYEQYF-BJ2-7,0.5467762274216122,13
308,D7A,0.905,4.0,AV13-2-CALNNNAGAKLTF-AJ39_BV14-CASSNREEVFF-BJ1-1,0.7354069692548101,10
309,D7A,0.905,4.0,AV6-6-CALGEGGYKVVF-AJ12_BV5-CASSQDQVGERLFF-BJ1-4,0.5820525331091315,7
310,D7A,0.905,4.0,AV16-CAMREGNNVGDNSKLIW-AJ38_BV13-3-CASSERNQAPLF-BJ1-5,0.8759363349320175,5
311,D7A,0.905,4.0,AV16-CAMREANTGYQNFYF-AJ49_BV13-2-CASGTGGQNTLYF-BJ2-4,0.5087566034758729,37
312,D7A,0.905,4.0,AV16-CAMREANTGYQNFYF-AJ49_BV13-2-CASGDGAQNTLYF-BJ2-4,0.8721314330364727,22
313,D7A,0.905,4.0,AV6-2-CVLGNTEGADRLTF-AJ45_BV1-CTCSAVRVGSDYTF-BJ1-2,0.500680021007628,6
314,D7A,0.905,4.0,AV7-6-CAVGYQNFYF-AJ49_BV4-CASSDRDINYAEQFF-BJ2-1,0.6074197588676415,27
315,D7A,0.905,4.0,AV13-4/DV7-CAMERDTGYQNFYF-AJ49_BV3-CASSLDWGGYEQYF-BJ2-7,0.5117175178498161,5
316,D7A,0.905,4.0,AV16-CAMREANTGYQNFYF-AJ49_BV13-2-CASGGGGQNTLYF-BJ2-4,0.6738265665915364,6
317,D7A,0.905,4.0,AV7-2-CAATGNTGKLIF-AJ37_BV19-CASSIRIAEQFF-BJ2-1,0.4650876530969657,8
318,D7A,0.905,4.0,AV9-4-CAVSADYANKMIF-AJ47_BV13-1-CASRTGGHEQYF-BJ2-7,0.8313340730500599,5
319,D7A,0.905,4.0,AV7-2-CAAASSGSWQLIF-AJ22_BV13-1-CASSDVLYEQYF-BJ2-7,0.5234196987710555,5
320,D7A,0.905,4.0,AV16-CAMRESNTGYQNFYF-AJ49_BV13-2-CASGEGGANTQYF-BJ2-5,0.5763763673789912,5
321,D7A,0.9,4.0,AV16N-CAMRDNYAQGLTF-AJ26_BV3-CASSLGPSSYEQYF-BJ2-7,0.41281372088197454,286
322,D7A,0.9,4.0,AV6D-7-CALGEGGYKVVF-AJ12_BV5-CASSQDQVGERLFF-BJ1-4,0.6165027849404623,225
323,D7A,0.9,4.0,AV12-2-CALISQQGTGSKLSF-AJ58_BV1-CTCSAVRVSYEQYF-BJ2-7,0.5467762274216122,13
324,D7A,0.9,4.0,AV13-2-CALNNNAGAKLTF-AJ39_BV14-CASSNREEVFF-BJ1-1,0.7354069692548101,10
325,D7A,0.9,4.0,AV6-6-CALGEGGYKVVF-AJ12_BV5-CASSQDQVGERLFF-BJ1-4,0.5820525331091315,7
326,D7A,0.9,4.0,AV16-CAMREGNNVGDNSKLIW-AJ38_BV13-3-CASSERNQAPLF-BJ1-5,0.8759363349320175,5
327,D7A,0.9,4.0,AV16-CAMREANTGYQNFYF-AJ49_BV13-2-CASGTGGQNTLYF-BJ2-4,0.5087566034758729,37
328,D7A,0.9,4.0,AV16-CAMREANTGYQNFYF-AJ49_BV13-2-CASGDGAQNTLYF-BJ2-4,0.8721314330364727,22
329,D7A,0.9,4.0,AV6-2-CVLGNTEGADRLTF-AJ45_BV1-CTCSAVRVGSDYTF-BJ1-2,0.500680021007628,6
330,D7A,0.9,4.0,AV7-6-CAVGYQNFYF-AJ49_BV4-CASSDRDINYAEQFF-BJ2-1,0.6074197588676415,27
331,D7A,0.9,4.0,AV13-4/DV7-CAMERDTGYQNFYF-AJ49_BV3-CASSLDWGGYEQYF-BJ2-7,0.5117175178498161,5
332,D7A,0.9,4.0,AV16-CAMREANTGYQNFYF-AJ49_BV13-2-CASGGGGQNTLYF-BJ2-4,0.6738265665915364,6
333,D7A,0.9,4.0,AV7-2-CAATGNTGKLIF-AJ37_BV19-CASSIRIAEQFF-BJ2-1,0.4650876530969657,8
334,D7A,0.9,4.0,AV9-4-CAVSADYANKMIF-AJ47_BV13-1-CASRTGGHEQYF-BJ2-7,0.8313340730500599,5
335,D7A,0.9,4.0,AV7-2-CAAASSGSWQLIF-AJ22_BV13-1-CASSDVLYEQYF-BJ2-7,0.5234196987710555,5
336,D7A,0.9,4.0,AV16-CAMRESNTGYQNFYF-AJ49_BV13-2-CASGEGGANTQYF-BJ2-5,0.5763763673789912,5
337,D7A,0.895,4.0,AV16N-CAMRDNYAQGLTF-AJ26_BV3-CASSLGPSSYEQYF-BJ2-7,0.41281372088197454,286
338,D7A,0.895,4.0,AV6D-7-CALGEGGYKVVF-AJ12_BV5-CASSQDQVGERLFF-BJ1-4,0.6165027849404623,225
339,D7A,0.895,4.0,AV12-2-CALISQQGTGSKLSF-AJ58_BV1-CTCSAVRVSYEQYF-BJ2-7,0.5467762274216122,13
340,D7A,0.895,4.0,AV13-2-CALNNNAGAKLTF-AJ39_BV14-CASSNREEVFF-BJ1-1,0.7354069692548101,10
341,D7A,0.895,4.0,AV6-6-CALGEGGYKVVF-AJ12_BV5-CASSQDQVGERLFF-BJ1-4,0.5820525331091315,7
342,D7A,0.895,4.0,AV16-CAMREGNNVGDNSKLIW-AJ38_BV13-3-CASSERNQAPLF-BJ1-5,0.8759363349320175,5
343,D7A,0.895,4.0,AV16-CAMREANTGYQNFYF-AJ49_BV13-2-CASGTGGQNTLYF-BJ2-4,0.5087566034758729,37
344,D7A,0.895,4.0,AV16-CAMREANTGYQNFYF-AJ49_BV13-2-CASGDGAQNTLYF-BJ2-4,0.8721314330364727,22
345,D7A,0.895,4.0,AV6-2-CVLGNTEGADRLTF-AJ45_BV1-CTCSAVRVGSDYTF-BJ1-2,0.500680021007628,6
346,D7A,0.895,4.0,AV7-6-CAVGYQNFYF-AJ49_BV4-CASSDRDINYAEQFF-BJ2-1,0.6074197588676415,27
347,D7A,0.895,4.0,AV13-4/DV7-CAMERDTGYQNFYF-AJ49_BV3-CASSLDWGGYEQYF-BJ2-7,0.5117175178498161,5
348,D7A,0.895,4.0,AV16-CAMREANTGYQNFYF-AJ49_BV13-2-CASGGGGQNTLYF-BJ2-4,0.6738265665915364,6
349,D7A,0.895,4.0,AV7-2-CAATGNTGKLIF-AJ37_BV19-CASSIRIAEQFF-BJ2-1,0.4650876530969657,8
350,D7A,0.895,4.0,AV9-4-CAVSADYANKMIF-AJ47_BV13-1-CASRTGGHEQYF-BJ2-7,0.8313340730500599,5
351,D7A,0.895,4.0,AV7-2-CAAASSGSWQLIF-AJ22_BV13-1-CASSDVLYEQYF-BJ2-7,0.5234196987710555,5
352,D7A,0.895,4.0,AV16-CAMRESNTGYQNFYF-AJ49_BV13-2-CASGEGGANTQYF-BJ2-5,0.5763763673789912,5
353,D7A,0.89,4.0,AV16N-CAMRDNYAQGLTF-AJ26_BV3-CASSLGPSSYEQYF-BJ2-7,0.41281372088197454,286
354,D7A,0.89,4.0,AV6D-7-CALGEGGYKVVF-AJ12_BV5-CASSQDQVGERLFF-BJ1-4,0.6165027849404623,225
355,D7A,0.89,4.0,AV12-2-CALISQQGTGSKLSF-AJ58_BV1-CTCSAVRVSYEQYF-BJ2-7,0.5467762274216122,13
356,D7A,0.89,4.0,AV13-2-CALNNNAGAKLTF-AJ39_BV14-CASSNREEVFF-BJ1-1,0.7354069692548101,10
357,D7A,0.89,4.0,AV6-6-CALGEGGYKVVF-AJ12_BV5-CASSQDQVGERLFF-BJ1-4,0.5820525331091315,7
358,D7A,0.89,4.0,AV16-CAMREGNNVGDNSKLIW-AJ38_BV13-3-CASSERNQAPLF-BJ1-5,0.8759363349320175,5
359,D7A,0.89,4.0,AV16-CAMREANTGYQNFYF-AJ49_BV13-2-CASGTGGQNTLYF-BJ2-4,0.5087566034758729,37
360,D7A,0.89,4.0,AV16-CAMREANTGYQNFYF-AJ49_BV13-2-CASGDGAQNTLYF-BJ2-4,0.8721314330364727,22
361,D7A,0.89,4.0,AV6-2-CVLGNTEGADRLTF-AJ45_BV1-CTCSAVRVGSDYTF-BJ1-2,0.500680021007628,6
362,D7A,0.89,4.0,AV7-6-CAVGYQNFYF-AJ49_BV4-CASSDRDINYAEQFF-BJ2-1,0.6074197588676415,27
363,D7A,0.89,4.0,AV13-4/DV7-CAMERDTGYQNFYF-AJ49_BV3-CASSLDWGGYEQYF-BJ2-7,0.5117175178498161,5
364,D7A,0.89,4.0,AV16-CAMREANTGYQNFYF-AJ49_BV13-2-CASGGGGQNTLYF-BJ2-4,0.6738265665915364,6
365,D7A,0.89,4.0,AV7-2-CAATGNTGKLIF-AJ37_BV19-CASSIRIAEQFF-BJ2-1,0.4650876530969657,8
366,D7A,0.89,4.0,AV9-4-CAVSADYANKMIF-AJ47_BV13-1-CASRTGGHEQYF-BJ2-7,0.8313340730500599,5
367,D7A,0.89,4.0,AV7-2-CAAASSGSWQLIF-AJ22_BV13-1-CASSDVLYEQYF-BJ2-7,0.5234196987710555,5
368,D7A,0.89,4.0,AV16-CAMRESNTGYQNFYF-AJ49_BV13-2-CASGEGGANTQYF-BJ2-5,0.5763763673789912,5
369,D7A,0.885,3.625,AV16N-CAMRDNYAQGLTF-AJ26_BV3-CASSLGPSSYEQYF-BJ2-7,0.4106931670360882,274
370,D7A,0.885,3.625,AV6D-7-CALGEGGYKVVF-AJ12_BV5-CASSQDQVGERLFF-BJ1-4,0.6181628223314014,210
371,D7A,0.885,3.625,AV12-2-CALISQQGTGSKLSF-AJ58_BV1-CTCSAVRVSYEQYF-BJ2-7,0.5576830249305317,12
372,D7A,0.885,3.625,AV13-2-CALNNNAGAKLTF-AJ39_BV14-CASSNREEVFF-BJ1-1,0.7354069692548101,10
373,D7A,0.885,3.625,AV6-6-CALGEGGYKVVF-AJ12_BV5-CASSQDQVGERLFF-BJ1-4,0.5815046531282906,6
374,D7A,0.885,3.625,AV16-CAMREGNNVGDNSKLIW-AJ38_BV13-3-CASSERNQAPLF-BJ1-5,0.8759363349320175,5
375,D7A,0.885,3.625,AV16-CAMREANTGYQNFYF-AJ49_BV13-2-CASGTGGQNTLYF-BJ2-4,0.49806357616333086,36
376,D7A,0.885,3.625,AV16-CAMREANTGYQNFYF-AJ49_BV13-2-CASGDGAQNTLYF-BJ2-4,0.8672298807547,21
377,D7A,0.885,3.625,AV6-2-CVLGNTEGADRLTF-AJ45_BV1-CTCSAVRVGSDYTF-BJ1-2,0.500680021007628,6
378,D7A,0.885,3.625,AV7-6-CAVGYQNFYF-AJ49_BV4-CASSDRDINYAEQFF-BJ2-1,0.5870487307027162,25
379,D7A,0.885,3.625,AV13-4/DV7-CAMERDTGYQNFYF-AJ49_BV3-CASSLDWGGYEQYF-BJ2-7,0.5117175178498161,5
380,D7A,0.885,3.625,AV16-CAMREANTGYQNFYF-AJ49_BV13-2-CASGGGGQNTLYF-BJ2-4,0.6738265665915364,6
381,D7A,0.885,3.625,AV7-2-CAATGNTGKLIF-AJ37_BV19-CASSIRIAEQFF-BJ2-1,0.4650876530969657,8
382,D7A,0.885,3.625,AV9-4-CAVSADYANKMIF-AJ47_BV13-1-CASRTGGHEQYF-BJ2-7,0.8313340730500599,5
383,D7A,0.885,3.625,AV7-2-CAAASSGSWQLIF-AJ22_BV13-1-CASSDVLYEQYF-BJ2-7,0.5234196987710555,5
384,D7A,0.885,3.625,AV16-CAMRESNTGYQNFYF-AJ49_BV13-2-CASGEGGANTQYF-BJ2-5,0.5763763673789912,5
385,D7A,0.88,3.0,AV16N-CAMRDNYAQGLTF-AJ26_BV3-CASSLGPSSYEQYF-BJ2-7,0.4106931670360882,274
386,D7A,0.88,3.0,AV6D-7-CALGEGGYKVVF-AJ12_BV5-CASSQDQVGERLFF-BJ1-4,0.6181628223314014,210
387,D7A,0.88,3.0,AV12-2-CALISQQGTGSKLSF-AJ58_BV1-CTCSAVRVSYEQYF-BJ2-7,0.5576830249305317,12
388,D7A,0.88,3.0,AV13-2-CALNNNAGAKLTF-AJ39_BV14-CASSNREEVFF-BJ1-1,0.7354069692548101,10
389,D7A,0.88,3.0,AV6-6-CALGEGGYKVVF-AJ12_BV5-CASSQDQVGERLFF-BJ1-4,0.5815046531282906,6
390,D7A,0.88,3.0,AV16-CAMREGNNVGDNSKLIW-AJ38_BV13-3-CASSERNQAPLF-BJ1-5,0.8759363349320175,5
391,D7A,0.88,3.0,AV16-CAMREANTGYQNFYF-AJ49_BV13-2-CASGTGGQNTLYF-BJ2-4,0.49806357616333086,36
392,D7A,0.88,3.0,AV16-CAMREANTGYQNFYF-AJ49_BV13-2-CASGDGAQNTLYF-BJ2-4,0.8672298807547,21
393,D7A,0.88,3.0,AV6-2-CVLGNTEGADRLTF-AJ45_BV1-CTCSAVRVGSDYTF-BJ1-2,0.500680021007628,6
394,D7A,0.88,3.0,AV7-6-CAVGYQNFYF-AJ49_BV4-CASSDRDINYAEQFF-BJ2-1,0.5870487307027162,25
395,D7A,0.88,3.0,AV13-4/DV7-CAMERDTGYQNFYF-AJ49_BV3-CASSLDWGGYEQYF-BJ2-7,0.5117175178498161,5
396,D7A,0.88,3.0,AV16-CAMREANTGYQNFYF-AJ49_BV13-2-CASGGGGQNTLYF-BJ2-4,0.6738265665915364,6
397,D7A,0.88,3.0,AV7-2-CAATGNTGKLIF-AJ37_BV19-CASSIRIAEQFF-BJ2-1,0.4650876530969657,8
398,D7A,0.88,3.0,AV9-4-CAVSADYANKMIF-AJ47_BV13-1-CASRTGGHEQYF-BJ2-7,0.8313340730500599,5
399,D7A,0.88,3.0,AV7-2-CAAASSGSWQLIF-AJ22_BV13-1-CASSDVLYEQYF-BJ2-7,0.5234196987710555,5
400,D7A,0.88,3.0,AV16-CAMRESNTGYQNFYF-AJ49_BV13-2-CASGEGGANTQYF-BJ2-5,0.5763763673789912,5
401,D7A,0.875,3.0,AV16N-CAMRDNYAQGLTF-AJ26_BV3-CASSLGPSSYEQYF-BJ2-7,0.4106931670360882,274
402,D7A,0.875,3.0,AV6D-7-CALGEGGYKVVF-AJ12_BV5-CASSQDQVGERLFF-BJ1-4,0.6181628223314014,210
403,D7A,0.875,3.0,AV12-2-CALISQQGTGSKLSF-AJ58_BV1-CTCSAVRVSYEQYF-BJ2-7,0.5576830249305317,12
404,D7A,0.875,3.0,AV13-2-CALNNNAGAKLTF-AJ39_BV14-CASSNREEVFF-BJ1-1,0.7354069692548101,10
405,D7A,0.875,3.0,AV6-6-CALGEGGYKVVF-AJ12_BV5-CASSQDQVGERLFF-BJ1-4,0.5815046531282906,6
406,D7A,0.875,3.0,AV16-CAMREGNNVGDNSKLIW-AJ38_BV13-3-CASSERNQAPLF-BJ1-5,0.8759363349320175,5
407,D7A,0.875,3.0,AV16-CAMREANTGYQNFYF-AJ49_BV13-2-CASGTGGQNTLYF-BJ2-4,0.49806357616333086,36
408,D7A,0.875,3.0,AV16-CAMREANTGYQNFYF-AJ49_BV13-2-CASGDGAQNTLYF-BJ2-4,0.8672298807547,21
409,D7A,0.875,3.0,AV6-2-CVLGNTEGADRLTF-AJ45_BV1-CTCSAVRVGSDYTF-BJ1-2,0.500680021007628,6
410,D7A,0.875,3.0,AV7-6-CAVGYQNFYF-AJ49_BV4-CASSDRDINYAEQFF-BJ2-1,0.5870487307027162,25
411,D7A,0.875,3.0,AV13-4/DV7-CAMERDTGYQNFYF-AJ49_BV3-CASSLDWGGYEQYF-BJ2-7,0.5117175178498161,5
412,D7A,0.875,3.0,AV16-CAMREANTGYQNFYF-AJ49_BV13-2-CASGGGGQNTLYF-BJ2-4,0.6738265665915364,6
413,D7A,0.875,3.0,AV7-2-CAATGNTGKLIF-AJ37_BV19-CASSIRIAEQFF-BJ2-1,0.4650876530969657,8
414,D7A,0.875,3.0,AV9-4-CAVSADYANKMIF-AJ47_BV13-1-CASRTGGHEQYF-BJ2-7,0.8313340730500599,5
415,D7A,0.875,3.0,AV7-2-CAAASSGSWQLIF-AJ22_BV13-1-CASSDVLYEQYF-BJ2-7,0.5234196987710555,5
416,D7A,0.875,3.0,AV16-CAMRESNTGYQNFYF-AJ49_BV13-2-CASGEGGANTQYF-BJ2-5,0.5763763673789912,5
417,D7A,0.87,3.0,AV16N-CAMRDNYAQGLTF-AJ26_BV3-CASSLGPSSYEQYF-BJ2-7,0.4106931670360882,274
418,D7A,0.87,3.0,AV6D-7-CALGEGGYKVVF-AJ12_BV5-CASSQDQVGERLFF-BJ1-4,0.6181628223314014,210
419,D7A,0.87,3.0,AV12-2-CALISQQGTGSKLSF-AJ58_BV1-CTCSAVRVSYEQYF-BJ2-7,0.5576830249305317,12
420,D7A,0.87,3.0,AV13-2-CALNNNAGAKLTF-AJ39_BV14-CASSNREEVFF-BJ1-1,0.7354069692548101,10
421,D7A,0.87,3.0,AV6-6-CALGEGGYKVVF-AJ12_BV5-CASSQDQVGERLFF-BJ1-4,0.5815046531282906,6
422,D7A,0.87,3.0,AV16-CAMREGNNVGDNSKLIW-AJ38_BV13-3-CASSERNQAPLF-BJ1-5,0.8759363349320175,5
423,D7A,0.87,3.0,AV16-CAMREANTGYQNFYF-AJ49_BV13-2-CASGTGGQNTLYF-BJ2-4,0.49806357616333086,36
424,D7A,0.87,3.0,AV16-CAMREANTGYQNFYF-AJ49_BV13-2-CASGDGAQNTLYF-BJ2-4,0.8672298807547,21
425,D7A,0.87,3.0,AV6-2-CVLGNTEGADRLTF-AJ45_BV1-CTCSAVRVGSDYTF-BJ1-2,0.500680021007628,6
426,D7A,0.87,3.0,AV7-6-CAVGYQNFYF-AJ49_BV4-CASSDRDINYAEQFF-BJ2-1,0.5870487307027162,25
427,D7A,0.87,3.0,AV13-4/DV7-CAMERDTGYQNFYF-AJ49_BV3-CASSLDWGGYEQYF-BJ2-7,0.5117175178498161,5
428,D7A,0.87,3.0,AV16-CAMREANTGYQNFYF-AJ49_BV13-2-CASGGGGQNTLYF-BJ2-4,0.6738265665915364,6
429,D7A,0.87,3.0,AV7-2-CAATGNTGKLIF-AJ37_BV19-CASSIRIAEQFF-BJ2-1,0.4650876530969657,8
430,D7A,0.87,3.0,AV9-4-CAVSADYANKMIF-AJ47_BV13-1-CASRTGGHEQYF-BJ2-7,0.8313340730500599,5
431,D7A,0.87,3.0,AV7-2-CAAASSGSWQLIF-AJ22_BV13-1-CASSDVLYEQYF-BJ2-7,0.5234196987710555,5
432,D7A,0.87,3.0,AV16-CAMRESNTGYQNFYF-AJ49_BV13-2-CASGEGGANTQYF-BJ2-5,0.5763763673789912,5
433,D7A,0.865,3.0,AV16N-CAMRDNYAQGLTF-AJ26_BV3-CASSLGPSSYEQYF-BJ2-7,0.4106931670360882,274
434,D7A,0.865,3.0,AV6D-7-CALGEGGYKVVF-AJ12_BV5-CASSQDQVGERLFF-BJ1-4,0.6181628223314014,210
435,D7A,0.865,3.0,AV12-2-CALISQQGTGSKLSF-AJ58_BV1-CTCSAVRVSYEQYF-BJ2-7,0.5576830249305317,12
436,D7A,0.865,3.0,AV13-2-CALNNNAGAKLTF-AJ39_BV14-CASSNREEVFF-BJ1-1,0.7354069692548101,10
437,D7A,0.865,3.0,AV6-6-CALGEGGYKVVF-AJ12_BV5-CASSQDQVGERLFF-BJ1-4,0.5815046531282906,6
438,D7A,0.865,3.0,AV16-CAMREGNNVGDNSKLIW-AJ38_BV13-3-CASSERNQAPLF-BJ1-5,0.8759363349320175,5
439,D7A,0.865,3.0,AV16-CAMREANTGYQNFYF-AJ49_BV13-2-CASGTGGQNTLYF-BJ2-4,0.49806357616333086,36
440,D7A,0.865,3.0,AV16-CAMREANTGYQNFYF-AJ49_BV13-2-CASGDGAQNTLYF-BJ2-4,0.8672298807547,21
441,D7A,0.865,3.0,AV6-2-CVLGNTEGADRLTF-AJ45_BV1-CTCSAVRVGSDYTF-BJ1-2,0.500680021007628,6
442,D7A,0.865,3.0,AV7-6-CAVGYQNFYF-AJ49_BV4-CASSDRDINYAEQFF-BJ2-1,0.5870487307027162,25
443,D7A,0.865,3.0,AV13-4/DV7-CAMERDTGYQNFYF-AJ49_BV3-CASSLDWGGYEQYF-BJ2-7,0.5117175178498161,5
444,D7A,0.865,3.0,AV16-CAMREANTGYQNFYF-AJ49_BV13-2-CASGGGGQNTLYF-BJ2-4,0.6738265665915364,6
445,D7A,0.865,3.0,AV7-2-CAATGNTGKLIF-AJ37_BV19-CASSIRIAEQFF-BJ2-1,0.4650876530969657,8
446,D7A,0.865,3.0,AV9-4-CAVSADYANKMIF-AJ47_BV13-1-CASRTGGHEQYF-BJ2-7,0.8313340730500599,5
447,D7A,0.865,3.0,AV7-2-CAAASSGSWQLIF-AJ22_BV13-1-CASSDVLYEQYF-BJ2-7,0.5234196987710555,5
448,D7A,0.865,3.0,AV16-CAMRESNTGYQNFYF-AJ49_BV13-2-CASGEGGANTQYF-BJ2-5,0.5763763673789912,5
449,D7A,0.86,3.0,AV16N-CAMRDNYAQGLTF-AJ26_BV3-CASSLGPSSYEQYF-BJ2-7,0.4106931670360882,274
450,D7A,0.86,3.0,AV6D-7-CALGEGGYKVVF-AJ12_BV5-CASSQDQVGERLFF-BJ1-4,0.6181628223314014,210
451,D7A,0.86,3.0,AV12-2-CALISQQGTGSKLSF-AJ58_BV1-CTCSAVRVSYEQYF-BJ2-7,0.5576830249305317,12
452,D7A,0.86,3.0,AV13-2-CALNNNAGAKLTF-AJ39_BV14-CASSNREEVFF-BJ1-1,0.7354069692548101,10
453,D7A,0.86,3.0,AV6-6-CALGEGGYKVVF-AJ12_BV5-CASSQDQVGERLFF-BJ1-4,0.5815046531282906,6
454,D7A,0.86,3.0,AV16-CAMREGNNVGDNSKLIW-AJ38_BV13-3-CASSERNQAPLF-BJ1-5,0.8759363349320175,5
455,D7A,0.86,3.0,AV16-CAMREANTGYQNFYF-AJ49_BV13-2-CASGTGGQNTLYF-BJ2-4,0.49806357616333086,36
456,D7A,0.86,3.0,AV16-CAMREANTGYQNFYF-AJ49_BV13-2-CASGDGAQNTLYF-BJ2-4,0.8672298807547,21
457,D7A,0.86,3.0,AV6-2-CVLGNTEGADRLTF-AJ45_BV1-CTCSAVRVGSDYTF-BJ1-2,0.500680021007628,6
458,D7A,0.86,3.0,AV7-6-CAVGYQNFYF-AJ49_BV4-CASSDRDINYAEQFF-BJ2-1,0.5870487307027162,25
459,D7A,0.86,3.0,AV13-4/DV7-CAMERDTGYQNFYF-AJ49_BV3-CASSLDWGGYEQYF-BJ2-7,0.5117175178498161,5
460,D7A,0.86,3.0,AV16-CAMREANTGYQNFYF-AJ49_BV13-2-CASGGGGQNTLYF-BJ2-4,0.6738265665915364,6
461,D7A,0.86,3.0,AV7-2-CAATGNTGKLIF-AJ37_BV19-CASSIRIAEQFF-BJ2-1,0.4650876530969657,8
462,D7A,0.86,3.0,AV9-4-CAVSADYANKMIF-AJ47_BV13-1-CASRTGGHEQYF-BJ2-7,0.8313340730500599,5
463,D7A,0.86,3.0,AV7-2-CAAASSGSWQLIF-AJ22_BV13-1-CASSDVLYEQYF-BJ2-7,0.5234196987710555,5
464,D7A,0.86,3.0,AV16-CAMRESNTGYQNFYF-AJ49_BV13-2-CASGEGGANTQYF-BJ2-5,0.5763763673789912,5
465,D7A,0.855,3.0,AV16N-CAMRDNYAQGLTF-AJ26_BV3-CASSLGPSSYEQYF-BJ2-7,0.4106931670360882,274
466,D7A,0.855,3.0,AV6D-7-CALGEGGYKVVF-AJ12_BV5-CASSQDQVGERLFF-BJ1-4,0.6181628223314014,210
467,D7A,0.855,3.0,AV12-2-CALISQQGTGSKLSF-AJ58_BV1-CTCSAVRVSYEQYF-BJ2-7,0.5576830249305317,12
468,D7A,0.855,3.0,AV13-2-CALNNNAGAKLTF-AJ39_BV14-CASSNREEVFF-BJ1-1,0.7354069692548101,10
469,D7A,0.855,3.0,AV6-6-CALGEGGYKVVF-AJ12_BV5-CASSQDQVGERLFF-BJ1-4,0.5815046531282906,6
470,D7A,0.855,3.0,AV16-CAMREGNNVGDNSKLIW-AJ38_BV13-3-CASSERNQAPLF-BJ1-5,0.8759363349320175,5
471,D7A,0.855,3.0,AV16-CAMREANTGYQNFYF-AJ49_BV13-2-CASGTGGQNTLYF-BJ2-4,0.49806357616333086,36
472,D7A,0.855,3.0,AV16-CAMREANTGYQNFYF-AJ49_BV13-2-CASGDGAQNTLYF-BJ2-4,0.8672298807547,21
473,D7A,0.855,3.0,AV6-2-CVLGNTEGADRLTF-AJ45_BV1-CTCSAVRVGSDYTF-BJ1-2,0.500680021007628,6
474,D7A,0.855,3.0,AV7-6-CAVGYQNFYF-AJ49_BV4-CASSDRDINYAEQFF-BJ2-1,0.5870487307027162,25
475,D7A,0.855,3.0,AV13-4/DV7-CAMERDTGYQNFYF-AJ49_BV3-CASSLDWGGYEQYF-BJ2-7,0.5117175178498161,5
476,D7A,0.855,3.0,AV16-CAMREANTGYQNFYF-AJ49_BV13-2-CASGGGGQNTLYF-BJ2-4,0.6738265665915364,6
477,D7A,0.855,3.0,AV7-2-CAATGNTGKLIF-AJ37_BV19-CASSIRIAEQFF-BJ2-1,0.4650876530969657,8
478,D7A,0.855,3.0,AV9-4-CAVSADYANKMIF-AJ47_BV13-1-CASRTGGHEQYF-BJ2-7,0.8313340730500599,5
479,D7A,0.855,3.0,AV7-2-CAAASSGSWQLIF-AJ22_BV13-1-CASSDVLYEQYF-BJ2-7,0.5234196987710555,5
480,D7A,0.855,3.0,AV16-CAMRESNTGYQNFYF-AJ49_BV13-2-CASGEGGANTQYF-BJ2-5,0.5763763673789912,5
481,D7A,0.85,3.0,AV16N-CAMRDNYAQGLTF-AJ26_BV3-CASSLGPSSYEQYF-BJ2-7,0.4106931670360882,274
482,D7A,0.85,3.0,AV6D-7-CALGEGGYKVVF-AJ12_BV5-CASSQDQVGERLFF-BJ1-4,0.6181628223314014,210
483,D7A,0.85,3.0,AV12-2-CALISQQGTGSKLSF-AJ58_BV1-CTCSAVRVSYEQYF-BJ2-7,0.5576830249305317,12
484,D7A,0.85,3.0,AV13-2-CALNNNAGAKLTF-AJ39_BV14-CASSNREEVFF-BJ1-1,0.7354069692548101,10
485,D7A,0.85,3.0,AV6-6-CALGEGGYKVVF-AJ12_BV5-CASSQDQVGERLFF-BJ1-4,0.5815046531282906,6
486,D7A,0.85,3.0,AV16-CAMREGNNVGDNSKLIW-AJ38_BV13-3-CASSERNQAPLF-BJ1-5,0.8759363349320175,5
487,D7A,0.85,3.0,AV16-CAMREANTGYQNFYF-AJ49_BV13-2-CASGTGGQNTLYF-BJ2-4,0.49806357616333086,36
488,D7A,0.85,3.0,AV16-CAMREANTGYQNFYF-AJ49_BV13-2-CASGDGAQNTLYF-BJ2-4,0.8672298807547,21
489,D7A,0.85,3.0,AV6-2-CVLGNTEGADRLTF-AJ45_BV1-CTCSAVRVGSDYTF-BJ1-2,0.500680021007628,6
490,D7A,0.85,3.0,AV7-6-CAVGYQNFYF-AJ49_BV4-CASSDRDINYAEQFF-BJ2-1,0.5870487307027162,25
491,D7A,0.85,3.0,AV13-4/DV7-CAMERDTGYQNFYF-AJ49_BV3-CASSLDWGGYEQYF-BJ2-7,0.5117175178498161,5
492,D7A,0.85,3.0,AV16-CAMREANTGYQNFYF-AJ49_BV13-2-CASGGGGQNTLYF-BJ2-4,0.6738265665915364,6
493,D7A,0.85,3.0,AV7-2-CAATGNTGKLIF-AJ37_BV19-CASSIRIAEQFF-BJ2-1,0.4650876530969657,8
494,D7A,0.85,3.0,AV9-4-CAVSADYANKMIF-AJ47_BV13-1-CASRTGGHEQYF-BJ2-7,0.8313340730500599,5
495,D7A,0.85,3.0,AV7-2-CAAASSGSWQLIF-AJ22_BV13-1-CASSDVLYEQYF-BJ2-7,0.5234196987710555,5
496,D7A,0.85,3.0,AV16-CAMRESNTGYQNFYF-AJ49_BV13-2-CASGEGGANTQYF-BJ2-5,0.5763763673789912,5
497,D7A,0.845,3.0,AV16N-CAMRDNYAQGLTF-AJ26_BV3-CASSLGPSSYEQYF-BJ2-7,0.4106931670360882,274
498,D7A,0.845,3.0,AV6D-7-CALGEGGYKVVF-AJ12_BV5-CASSQDQVGERLFF-BJ1-4,0.6181628223314014,210
499,D7A,0.845,3.0,AV12-2-CALISQQGTGSKLSF-AJ58_BV1-CTCSAVRVSYEQYF-BJ2-7,0.5576830249305317,12
500,D7A,0.845,3.0,AV13-2-CALNNNAGAKLTF-AJ39_BV14-CASSNREEVFF-BJ1-1,0.7354069692548101,10
501,D7A,0.845,3.0,AV6-6-CALGEGGYKVVF-AJ12_BV5-CASSQDQVGERLFF-BJ1-4,0.5815046531282906,6
502,D7A,0.845,3.0,AV16-CAMREGNNVGDNSKLIW-AJ38_BV13-3-CASSERNQAPLF-BJ1-5,0.8759363349320175,5
503,D7A,0.845,3.0,AV16-CAMREANTGYQNFYF-AJ49_BV13-2-CASGTGGQNTLYF-BJ2-4,0.49806357616333086,36
504,D7A,0.845,3.0,AV16-CAMREANTGYQNFYF-AJ49_BV13-2-CASGDGAQNTLYF-BJ2-4,0.8672298807547,21
505,D7A,0.845,3.0,AV6-2-CVLGNTEGADRLTF-AJ45_BV1-CTCSAVRVGSDYTF-BJ1-2,0.500680021007628,6
506,D7A,0.845,3.0,AV7-6-CAVGYQNFYF-AJ49_BV4-CASSDRDINYAEQFF-BJ2-1,0.5870487307027162,25
507,D7A,0.845,3.0,AV13-4/DV7-CAMERDTGYQNFYF-AJ49_BV3-CASSLDWGGYEQYF-BJ2-7,0.5117175178498161,5
508,D7A,0.845,3.0,AV16-CAMREANTGYQNFYF-AJ49_BV13-2-CASGGGGQNTLYF-BJ2-4,0.6738265665915364,6
509,D7A,0.845,3.0,AV7-2-CAATGNTGKLIF-AJ37_BV19-CASSIRIAEQFF-BJ2-1,0.4650876530969657,8
510,D7A,0.845,3.0,AV9-4-CAVSADYANKMIF-AJ47_BV13-1-CASRTGGHEQYF-BJ2-7,0.8313340730500599,5
511,D7A,0.845,3.0,AV7-2-CAAASSGSWQLIF-AJ22_BV13-1-CASSDVLYEQYF-BJ2-7,0.5234196987710555,5
512,D7A,0.845,3.0,AV16-CAMRESNTGYQNFYF-AJ49_BV13-2-CASGEGGANTQYF-BJ2-5,0.5763763673789912,5
513,D7A,0.84,3.0,AV16N-CAMRDNYAQGLTF-AJ26_BV3-CASSLGPSSYEQYF-BJ2-7,0.4106931670360882,274
514,D7A,0.84,3.0,AV6D-7-CALGEGGYKVVF-AJ12_BV5-CASSQDQVGERLFF-BJ1-4,0.6181628223314014,210
515,D7A,0.84,3.0,AV12-2-CALISQQGTGSKLSF-AJ58_BV1-CTCSAVRVSYEQYF-BJ2-7,0.5576830249305317,12
516,D7A,0.84,3.0,AV13-2-CALNNNAGAKLTF-AJ39_BV14-CASSNREEVFF-BJ1-1,0.7354069692548101,10
517,D7A,0.84,3.0,AV6-6-CALGEGGYKVVF-AJ12_BV5-CASSQDQVGERLFF-BJ1-4,0.5815046531282906,6
518,D7A,0.84,3.0,AV16-CAMREGNNVGDNSKLIW-AJ38_BV13-3-CASSERNQAPLF-BJ1-5,0.8759363349320175,5
519,D7A,0.84,3.0,AV16-CAMREANTGYQNFYF-AJ49_BV13-2-CASGTGGQNTLYF-BJ2-4,0.49806357616333086,36
520,D7A,0.84,3.0,AV16-CAMREANTGYQNFYF-AJ49_BV13-2-CASGDGAQNTLYF-BJ2-4,0.8672298807547,21
521,D7A,0.84,3.0,AV6-2-CVLGNTEGADRLTF-AJ45_BV1-CTCSAVRVGSDYTF-BJ1-2,0.500680021007628,6
522,D7A,0.84,3.0,AV7-6-CAVGYQNFYF-AJ49_BV4-CASSDRDINYAEQFF-BJ2-1,0.5870487307027162,25
523,D7A,0.84,3.0,AV13-4/DV7-CAMERDTGYQNFYF-AJ49_BV3-CASSLDWGGYEQYF-BJ2-7,0.5117175178498161,5
524,D7A,0.84,3.0,AV16-CAMREANTGYQNFYF-AJ49_BV13-2-CASGGGGQNTLYF-BJ2-4,0.6738265665915364,6
525,D7A,0.84,3.0,AV7-2-CAATGNTGKLIF-AJ37_BV19-CASSIRIAEQFF-BJ2-1,0.4650876530969657,8
526,D7A,0.84,3.0,AV9-4-CAVSADYANKMIF-AJ47_BV13-1-CASRTGGHEQYF-BJ2-7,0.8313340730500599,5
527,D7A,0.84,3.0,AV7-2-CAAASSGSWQLIF-AJ22_BV13-1-CASSDVLYEQYF-BJ2-7,0.5234196987710555,5
528,D7A,0.84,3.0,AV16-CAMRESNTGYQNFYF-AJ49_BV13-2-CASGEGGANTQYF-BJ2-5,0.5763763673789912,5
529,D7A,0.835,3.0,AV16N-CAMRDNYAQGLTF-AJ26_BV3-CASSLGPSSYEQYF-BJ2-7,0.4106931670360882,274
530,D7A,0.835,3.0,AV6D-7-CALGEGGYKVVF-AJ12_BV5-CASSQDQVGERLFF-BJ1-4,0.6181628223314014,210
531,D7A,0.835,3.0,AV12-2-CALISQQGTGSKLSF-AJ58_BV1-CTCSAVRVSYEQYF-BJ2-7,0.5576830249305317,12
532,D7A,0.835,3.0,AV13-2-CALNNNAGAKLTF-AJ39_BV14-CASSNREEVFF-BJ1-1,0.7354069692548101,10
533,D7A,0.835,3.0,AV6-6-CALGEGGYKVVF-AJ12_BV5-CASSQDQVGERLFF-BJ1-4,0.5815046531282906,6
534,D7A,0.835,3.0,AV16-CAMREGNNVGDNSKLIW-AJ38_BV13-3-CASSERNQAPLF-BJ1-5,0.8759363349320175,5
535,D7A,0.835,3.0,AV16-CAMREANTGYQNFYF-AJ49_BV13-2-CASGTGGQNTLYF-BJ2-4,0.49806357616333086,36
536,D7A,0.835,3.0,AV16-CAMREANTGYQNFYF-AJ49_BV13-2-CASGDGAQNTLYF-BJ2-4,0.8672298807547,21
537,D7A,0.835,3.0,AV6-2-CVLGNTEGADRLTF-AJ45_BV1-CTCSAVRVGSDYTF-BJ1-2,0.500680021007628,6
538,D7A,0.835,3.0,AV7-6-CAVGYQNFYF-AJ49_BV4-CASSDRDINYAEQFF-BJ2-1,0.5870487307027162,25
539,D7A,0.835,3.0,AV13-4/DV7-CAMERDTGYQNFYF-AJ49_BV3-CASSLDWGGYEQYF-BJ2-7,0.5117175178498161,5
540,D7A,0.835,3.0,AV16-CAMREANTGYQNFYF-AJ49_BV13-2-CASGGGGQNTLYF-BJ2-4,0.6738265665915364,6
541,D7A,0.835,3.0,AV7-2-CAATGNTGKLIF-AJ37_BV19-CASSIRIAEQFF-BJ2-1,0.4650876530969657,8
542,D7A,0.835,3.0,AV9-4-CAVSADYANKMIF-AJ47_BV13-1-CASRTGGHEQYF-BJ2-7,0.8313340730500599,5
543,D7A,0.835,3.0,AV7-2-CAAASSGSWQLIF-AJ22_BV13-1-CASSDVLYEQYF-BJ2-7,0.5234196987710555,5
544,D7A,0.835,3.0,AV16-CAMRESNTGYQNFYF-AJ49_BV13-2-CASGEGGANTQYF-BJ2-5,0.5763763673789912,5
545,D7A,0.83,3.0,AV16N-CAMRDNYAQGLTF-AJ26_BV3-CASSLGPSSYEQYF-BJ2-7,0.4106931670360882,274
546,D7A,0.83,3.0,AV6D-7-CALGEGGYKVVF-AJ12_BV5-CASSQDQVGERLFF-BJ1-4,0.6181628223314014,210
547,D7A,0.83,3.0,AV12-2-CALISQQGTGSKLSF-AJ58_BV1-CTCSAVRVSYEQYF-BJ2-7,0.5576830249305317,12
548,D7A,0.83,3.0,AV13-2-CALNNNAGAKLTF-AJ39_BV14-CASSNREEVFF-BJ1-1,0.7354069692548101,10
549,D7A,0.83,3.0,AV6-6-CALGEGGYKVVF-AJ12_BV5-CASSQDQVGERLFF-BJ1-4,0.5815046531282906,6
550,D7A,0.83,3.0,AV16-CAMREGNNVGDNSKLIW-AJ38_BV13-3-CASSERNQAPLF-BJ1-5,0.8759363349320175,5
551,D7A,0.83,3.0,AV16-CAMREANTGYQNFYF-AJ49_BV13-2-CASGTGGQNTLYF-BJ2-4,0.49806357616333086,36
552,D7A,0.83,3.0,AV16-CAMREANTGYQNFYF-AJ49_BV13-2-CASGDGAQNTLYF-BJ2-4,0.8672298807547,21
553,D7A,0.83,3.0,AV6-2-CVLGNTEGADRLTF-AJ45_BV1-CTCSAVRVGSDYTF-BJ1-2,0.500680021007628,6
554,D7A,0.83,3.0,AV7-6-CAVGYQNFYF-AJ49_BV4-CASSDRDINYAEQFF-BJ2-1,0.5870487307027162,25
555,D7A,0.83,3.0,AV13-4/DV7-CAMERDTGYQNFYF-AJ49_BV3-CASSLDWGGYEQYF-BJ2-7,0.5117175178498161,5
556,D7A,0.83,3.0,AV16-CAMREANTGYQNFYF-AJ49_BV13-2-CASGGGGQNTLYF-BJ2-4,0.6738265665915364,6
557,D7A,0.83,3.0,AV7-2-CAATGNTGKLIF-AJ37_BV19-CASSIRIAEQFF-BJ2-1,0.4650876530969657,8
558,D7A,0.83,3.0,AV9-4-CAVSADYANKMIF-AJ47_BV13-1-CASRTGGHEQYF-BJ2-7,0.8313340730500599,5
559,D7A,0.83,3.0,AV7-2-CAAASSGSWQLIF-AJ22_BV13-1-CASSDVLYEQYF-BJ2-7,0.5234196987710555,5
560,D7A,0.83,3.0,AV16-CAMRESNTGYQNFYF-AJ49_BV13-2-CASGEGGANTQYF-BJ2-5,0.5763763673789912,5
561,D7A,0.825,3.0,AV16N-CAMRDNYAQGLTF-AJ26_BV3-CASSLGPSSYEQYF-BJ2-7,0.4106931670360882,274
562,D7A,0.825,3.0,AV6D-7-CALGEGGYKVVF-AJ12_BV5-CASSQDQVGERLFF-BJ1-4,0.6181628223314014,210
563,D7A,0.825,3.0,AV12-2-CALISQQGTGSKLSF-AJ58_BV1-CTCSAVRVSYEQYF-BJ2-7,0.5576830249305317,12
564,D7A,0.825,3.0,AV13-2-CALNNNAGAKLTF-AJ39_BV14-CASSNREEVFF-BJ1-1,0.7354069692548101,10
565,D7A,0.825,3.0,AV6-6-CALGEGGYKVVF-AJ12_BV5-CASSQDQVGERLFF-BJ1-4,0.5815046531282906,6
566,D7A,0.825,3.0,AV16-CAMREGNNVGDNSKLIW-AJ38_BV13-3-CASSERNQAPLF-BJ1-5,0.8759363349320175,5
567,D7A,0.825,3.0,AV16-CAMREANTGYQNFYF-AJ49_BV13-2-CASGTGGQNTLYF-BJ2-4,0.49806357616333086,36
568,D7A,0.825,3.0,AV16-CAMREANTGYQNFYF-AJ49_BV13-2-CASGDGAQNTLYF-BJ2-4,0.8672298807547,21
569,D7A,0.825,3.0,AV6-2-CVLGNTEGADRLTF-AJ45_BV1-CTCSAVRVGSDYTF-BJ1-2,0.500680021007628,6
570,D7A,0.825,3.0,AV7-6-CAVGYQNFYF-AJ49_BV4-CASSDRDINYAEQFF-BJ2-1,0.5870487307027162,25
571,D7A,0.825,3.0,AV13-4/DV7-CAMERDTGYQNFYF-AJ49_BV3-CASSLDWGGYEQYF-BJ2-7,0.5117175178498161,5
572,D7A,0.825,3.0,AV16-CAMREANTGYQNFYF-AJ49_BV13-2-CASGGGGQNTLYF-BJ2-4,0.6738265665915364,6
573,D7A,0.825,3.0,AV7-2-CAATGNTGKLIF-AJ37_BV19-CASSIRIAEQFF-BJ2-1,0.4650876530969657,8
574,D7A,0.825,3.0,AV9-4-CAVSADYANKMIF-AJ47_BV13-1-CASRTGGHEQYF-BJ2-7,0.8313340730500599,5
575,D7A,0.825,3.0,AV7-2-CAAASSGSWQLIF-AJ22_BV13-1-CASSDVLYEQYF-BJ2-7,0.5234196987710555,5
576,D7A,0.825,3.0,AV16-CAMRESNTGYQNFYF-AJ49_BV13-2-CASGEGGANTQYF-BJ2-5,0.5763763673789912,5
577,D7A,0.8200000000000001,2.0,AV16N-CAMRDNYAQGLTF-AJ26_BV3-CASSLGPSSYEQYF-BJ2-7,0.4182884071665828,249
578,D7A,0.8200000000000001,2.0,AV6D-7-CALGEGGYKVVF-AJ12_BV5-CASSQDQVGERLFF-BJ1-4,0.613172382056691,198
579,D7A,0.8200000000000001,2.0,AV12-2-CALISQQGTGSKLSF-AJ58_BV1-CTCSAVRVSYEQYF-BJ2-7,0.526500046338235,11
580,D7A,0.8200000000000001,2.0,AV13-2-CALNNNAGAKLTF-AJ39_BV14-CASSNREEVFF-BJ1-1,0.6890261414825248,8
581,D7A,0.8200000000000001,2.0,AV6-6-CALGEGGYKVVF-AJ12_BV5-CASSQDQVGERLFF-BJ1-4,0.5197361831815217,5
582,D7A,0.8200000000000001,2.0,AV16-CAMREGNNVGDNSKLIW-AJ38_BV13-3-CASSERNQAPLF-BJ1-5,0.8759363349320175,5
583,D7A,0.8200000000000001,2.0,AV16-CAMREANTGYQNFYF-AJ49_BV13-2-CASGTGGQNTLYF-BJ2-4,0.5155832201506886,35
584,D7A,0.8200000000000001,2.0,AV16-CAMREANTGYQNFYF-AJ49_BV13-2-CASGDGAQNTLYF-BJ2-4,0.8672298807547,21
585,D7A,0.8200000000000001,2.0,AV6-2-CVLGNTEGADRLTF-AJ45_BV1-CTCSAVRVGSDYTF-BJ1-2,0.500680021007628,6
586,D7A,0.8200000000000001,2.0,AV7-6-CAVGYQNFYF-AJ49_BV4-CASSDRDINYAEQFF-BJ2-1,0.5607752909750734,23
587,D7A,0.8200000000000001,2.0,AV13-4/DV7-CAMERDTGYQNFYF-AJ49_BV3-CASSLDWGGYEQYF-BJ2-7,0.5117175178498161,5
588,D7A,0.8200000000000001,2.0,AV16-CAMREANTGYQNFYF-AJ49_BV13-2-CASGGGGQNTLYF-BJ2-4,0.6738265665915364,6
589,D7A,0.8200000000000001,2.0,AV7-2-CAATGNTGKLIF-AJ37_BV19-CASSIRIAEQFF-BJ2-1,0.4650876530969657,8
590,D7A,0.8200000000000001,2.0,AV9-4-CAVSADYANKMIF-AJ47_BV13-1-CASRTGGHEQYF-BJ2-7,0.8313340730500599,5
591,D7A,0.8200000000000001,2.0,AV7-2-CAAASSGSWQLIF-AJ22_BV13-1-CASSDVLYEQYF-BJ2-7,0.5234196987710555,5
592,D7A,0.8200000000000001,2.0,AV16-CAMRESNTGYQNFYF-AJ49_BV13-2-CASGEGGANTQYF-BJ2-5,0.5763763673789912,5
593,D7A,0.815,2.0,AV16N-CAMRDNYAQGLTF-AJ26_BV3-CASSLGPSSYEQYF-BJ2-7,0.4182884071665828,249
594,D7A,0.815,2.0,AV6D-7-CALGEGGYKVVF-AJ12_BV5-CASSQDQVGERLFF-BJ1-4,0.613172382056691,198
595,D7A,0.815,2.0,AV12-2-CALISQQGTGSKLSF-AJ58_BV1-CTCSAVRVSYEQYF-BJ2-7,0.526500046338235,11
596,D7A,0.815,2.0,AV13-2-CALNNNAGAKLTF-AJ39_BV14-CASSNREEVFF-BJ1-1,0.6890261414825248,8
597,D7A,0.815,2.0,AV6-6-CALGEGGYKVVF-AJ12_BV5-CASSQDQVGERLFF-BJ1-4,0.5197361831815217,5
598,D7A,0.815,2.0,AV16-CAMREGNNVGDNSKLIW-AJ38_BV13-3-CASSERNQAPLF-BJ1-5,0.8759363349320175,5
599,D7A,0.815,2.0,AV16-CAMREANTGYQNFYF-AJ49_BV13-2-CASGTGGQNTLYF-BJ2-4,0.5155832201506886,35
600,D7A,0.815,2.0,AV16-CAMREANTGYQNFYF-AJ49_BV13-2-CASGDGAQNTLYF-BJ2-4,0.8672298807547,21
601,D7A,0.815,2.0,AV6-2-CVLGNTEGADRLTF-AJ45_BV1-CTCSAVRVGSDYTF-BJ1-2,0.500680021007628,6
602,D7A,0.815,2.0,AV7-6-CAVGYQNFYF-AJ49_BV4-CASSDRDINYAEQFF-BJ2-1,0.5607752909750734,23
603,D7A,0.815,2.0,AV13-4/DV7-CAMERDTGYQNFYF-AJ49_BV3-CASSLDWGGYEQYF-BJ2-7,0.5117175178498161,5
604,D7A,0.815,2.0,AV16-CAMREANTGYQNFYF-AJ49_BV13-2-CASGGGGQNTLYF-BJ2-4,0.6738265665915364,6
605,D7A,0.815,2.0,AV7-2-CAATGNTGKLIF-AJ37_BV19-CASSIRIAEQFF-BJ2-1,0.4650876530969657,8
606,D7A,0.815,2.0,AV9-4-CAVSADYANKMIF-AJ47_BV13-1-CASRTGGHEQYF-BJ2-7,0.8313340730500599,5
607,D7A,0.815,2.0,AV7-2-CAAASSGSWQLIF-AJ22_BV13-1-CASSDVLYEQYF-BJ2-7,0.5234196987710555,5
608,D7A,0.815,2.0,AV16-CAMRESNTGYQNFYF-AJ49_BV13-2-CASGEGGANTQYF-BJ2-5,0.5763763673789912,5
609,D7A,0.81,2.0,AV16N-CAMRDNYAQGLTF-AJ26_BV3-CASSLGPSSYEQYF-BJ2-7,0.4182884071665828,249
610,D7A,0.81,2.0,AV6D-7-CALGEGGYKVVF-AJ12_BV5-CASSQDQVGERLFF-BJ1-4,0.613172382056691,198
611,D7A,0.81,2.0,AV12-2-CALISQQGTGSKLSF-AJ58_BV1-CTCSAVRVSYEQYF-BJ2-7,0.526500046338235,11
612,D7A,0.81,2.0,AV13-2-CALNNNAGAKLTF-AJ39_BV14-CASSNREEVFF-BJ1-1,0.6890261414825248,8
613,D7A,0.81,2.0,AV6-6-CALGEGGYKVVF-AJ12_BV5-CASSQDQVGERLFF-BJ1-4,0.5197361831815217,5
614,D7A,0.81,2.0,AV16-CAMREGNNVGDNSKLIW-AJ38_BV13-3-CASSERNQAPLF-BJ1-5,0.8759363349320175,5
615,D7A,0.81,2.0,AV16-CAMREANTGYQNFYF-AJ49_BV13-2-CASGTGGQNTLYF-BJ2-4,0.5155832201506886,35
616,D7A,0.81,2.0,AV16-CAMREANTGYQNFYF-AJ49_BV13-2-CASGDGAQNTLYF-BJ2-4,0.8672298807547,21
617,D7A,0.81,2.0,AV6-2-CVLGNTEGADRLTF-AJ45_BV1-CTCSAVRVGSDYTF-BJ1-2,0.500680021007628,6
618,D7A,0.81,2.0,AV7-6-CAVGYQNFYF-AJ49_BV4-CASSDRDINYAEQFF-BJ2-1,0.5607752909750734,23
619,D7A,0.81,2.0,AV13-4/DV7-CAMERDTGYQNFYF-AJ49_BV3-CASSLDWGGYEQYF-BJ2-7,0.5117175178498161,5
620,D7A,0.81,2.0,AV16-CAMREANTGYQNFYF-AJ49_BV13-2-CASGGGGQNTLYF-BJ2-4,0.6738265665915364,6
621,D7A,0.81,2.0,AV7-2-CAATGNTGKLIF-AJ37_BV19-CASSIRIAEQFF-BJ2-1,0.4650876530969657,8
622,D7A,0.81,2.0,AV9-4-CAVSADYANKMIF-AJ47_BV13-1-CASRTGGHEQYF-BJ2-7,0.8313340730500599,5
623,D7A,0.81,2.0,AV7-2-CAAASSGSWQLIF-AJ22_BV13-1-CASSDVLYEQYF-BJ2-7,0.5234196987710555,5
624,D7A,0.81,2.0,AV16-CAMRESNTGYQNFYF-AJ49_BV13-2-CASGEGGANTQYF-BJ2-5,0.5763763673789912,5
625,D7A,0.8049999999999999,2.0,AV16N-CAMRDNYAQGLTF-AJ26_BV3-CASSLGPSSYEQYF-BJ2-7,0.4182884071665828,249
626,D7A,0.8049999999999999,2.0,AV6D-7-CALGEGGYKVVF-AJ12_BV5-CASSQDQVGERLFF-BJ1-4,0.613172382056691,198
627,D7A,0.8049999999999999,2.0,AV12-2-CALISQQGTGSKLSF-AJ58_BV1-CTCSAVRVSYEQYF-BJ2-7,0.526500046338235,11
628,D7A,0.8049999999999999,2.0,AV13-2-CALNNNAGAKLTF-AJ39_BV14-CASSNREEVFF-BJ1-1,0.6890261414825248,8
629,D7A,0.8049999999999999,2.0,AV6-6-CALGEGGYKVVF-AJ12_BV5-CASSQDQVGERLFF-BJ1-4,0.5197361831815217,5
630,D7A,0.8049999999999999,2.0,AV16-CAMREGNNVGDNSKLIW-AJ38_BV13-3-CASSERNQAPLF-BJ1-5,0.8759363349320175,5
631,D7A,0.8049999999999999,2.0,AV16-CAMREANTGYQNFYF-AJ49_BV13-2-CASGTGGQNTLYF-BJ2-4,0.5155832201506886,35
632,D7A,0.8049999999999999,2.0,AV16-CAMREANTGYQNFYF-AJ49_BV13-2-CASGDGAQNTLYF-BJ2-4,0.8672298807547,21
633,D7A,0.8049999999999999,2.0,AV6-2-CVLGNTEGADRLTF-AJ45_BV1-CTCSAVRVGSDYTF-BJ1-2,0.500680021007628,6
634,D7A,0.8049999999999999,2.0,AV7-6-CAVGYQNFYF-AJ49_BV4-CASSDRDINYAEQFF-BJ2-1,0.5607752909750734,23
635,D7A,0.8049999999999999,2.0,AV13-4/DV7-CAMERDTGYQNFYF-AJ49_BV3-CASSLDWGGYEQYF-BJ2-7,0.5117175178498161,5
636,D7A,0.8049999999999999,2.0,AV16-CAMREANTGYQNFYF-AJ49_BV13-2-CASGGGGQNTLYF-BJ2-4,0.6738265665915364,6
637,D7A,0.8049999999999999,2.0,AV7-2-CAATGNTGKLIF-AJ37_BV19-CASSIRIAEQFF-BJ2-1,0.4650876530969657,8
638,D7A,0.8049999999999999,2.0,AV9-4-CAVSADYANKMIF-AJ47_BV13-1-CASRTGGHEQYF-BJ2-7,0.8313340730500599,5
639,D7A,0.8049999999999999,2.0,AV7-2-CAAASSGSWQLIF-AJ22_BV13-1-CASSDVLYEQYF-BJ2-7,0.5234196987710555,5
640,D7A,0.8049999999999999,2.0,AV16-CAMRESNTGYQNFYF-AJ49_BV13-2-CASGEGGANTQYF-BJ2-5,0.5763763673789912,5
641,D7A,0.8,2.0,AV16N-CAMRDNYAQGLTF-AJ26_BV3-CASSLGPSSYEQYF-BJ2-7,0.4182884071665828,249
642,D7A,0.8,2.0,AV6D-7-CALGEGGYKVVF-AJ12_BV5-CASSQDQVGERLFF-BJ1-4,0.613172382056691,198
643,D7A,0.8,2.0,AV12-2-CALISQQGTGSKLSF-AJ58_BV1-CTCSAVRVSYEQYF-BJ2-7,0.526500046338235,11
644,D7A,0.8,2.0,AV13-2-CALNNNAGAKLTF-AJ39_BV14-CASSNREEVFF-BJ1-1,0.6890261414825248,8
645,D7A,0.8,2.0,AV6-6-CALGEGGYKVVF-AJ12_BV5-CASSQDQVGERLFF-BJ1-4,0.5197361831815217,5
646,D7A,0.8,2.0,AV16-CAMREGNNVGDNSKLIW-AJ38_BV13-3-CASSERNQAPLF-BJ1-5,0.8759363349320175,5
647,D7A,0.8,2.0,AV16-CAMREANTGYQNFYF-AJ49_BV13-2-CASGTGGQNTLYF-BJ2-4,0.5155832201506886,35
648,D7A,0.8,2.0,AV16-CAMREANTGYQNFYF-AJ49_BV13-2-CASGDGAQNTLYF-BJ2-4,0.8672298807547,21
649,D7A,0.8,2.0,AV6-2-CVLGNTEGADRLTF-AJ45_BV1-CTCSAVRVGSDYTF-BJ1-2,0.500680021007628,6
650,D7A,0.8,2.0,AV7-6-CAVGYQNFYF-AJ49_BV4-CASSDRDINYAEQFF-BJ2-1,0.5607752909750734,23
651,D7A,0.8,2.0,AV13-4/DV7-CAMERDTGYQNFYF-AJ49_BV3-CASSLDWGGYEQYF-BJ2-7,0.5117175178498161,5
652,D7A,0.8,2.0,AV16-CAMREANTGYQNFYF-AJ49_BV13-2-CASGGGGQNTLYF-BJ2-4,0.6738265665915364,6
653,D7A,0.8,2.0,AV7-2-CAATGNTGKLIF-AJ37_BV19-CASSIRIAEQFF-BJ2-1,0.4650876530969657,8
654,D7A,0.8,2.0,AV9-4-CAVSADYANKMIF-AJ47_BV13-1-CASRTGGHEQYF-BJ2-7,0.8313340730500599,5
655,D7A,0.8,2.0,AV7-2-CAAASSGSWQLIF-AJ22_BV13-1-CASSDVLYEQYF-BJ2-7,0.5234196987710555,5
656,D7A,0.8,2.0,AV16-CAMRESNTGYQNFYF-AJ49_BV13-2-CASGEGGANTQYF-BJ2-5,0.5763763673789912,5
657,D7A,0.7949999999999999,2.0,AV16N-CAMRDNYAQGLTF-AJ26_BV3-CASSLGPSSYEQYF-BJ2-7,0.4182884071665828,249
658,D7A,0.7949999999999999,2.0,AV6D-7-CALGEGGYKVVF-AJ12_BV5-CASSQDQVGERLFF-BJ1-4,0.613172382056691,198
659,D7A,0.7949999999999999,2.0,AV12-2-CALISQQGTGSKLSF-AJ58_BV1-CTCSAVRVSYEQYF-BJ2-7,0.526500046338235,11
660,D7A,0.7949999999999999,2.0,AV13-2-CALNNNAGAKLTF-AJ39_BV14-CASSNREEVFF-BJ1-1,0.6890261414825248,8
661,D7A,0.7949999999999999,2.0,AV6-6-CALGEGGYKVVF-AJ12_BV5-CASSQDQVGERLFF-BJ1-4,0.5197361831815217,5
662,D7A,0.7949999999999999,2.0,AV16-CAMREGNNVGDNSKLIW-AJ38_BV13-3-CASSERNQAPLF-BJ1-5,0.8759363349320175,5
663,D7A,0.7949999999999999,2.0,AV16-CAMREANTGYQNFYF-AJ49_BV13-2-CASGTGGQNTLYF-BJ2-4,0.5155832201506886,35
664,D7A,0.7949999999999999,2.0,AV16-CAMREANTGYQNFYF-AJ49_BV13-2-CASGDGAQNTLYF-BJ2-4,0.8672298807547,21
665,D7A,0.7949999999999999,2.0,AV6-2-CVLGNTEGADRLTF-AJ45_BV1-CTCSAVRVGSDYTF-BJ1-2,0.500680021007628,6
666,D7A,0.7949999999999999,2.0,AV7-6-CAVGYQNFYF-AJ49_BV4-CASSDRDINYAEQFF-BJ2-1,0.5607752909750734,23
667,D7A,0.7949999999999999,2.0,AV13-4/DV7-CAMERDTGYQNFYF-AJ49_BV3-CASSLDWGGYEQYF-BJ2-7,0.5117175178498161,5
668,D7A,0.7949999999999999,2.0,AV16-CAMREANTGYQNFYF-AJ49_BV13-2-CASGGGGQNTLYF-BJ2-4,0.6738265665915364,6
669,D7A,0.7949999999999999,2.0,AV7-2-CAATGNTGKLIF-AJ37_BV19-CASSIRIAEQFF-BJ2-1,0.4650876530969657,8
670,D7A,0.7949999999999999,2.0,AV9-4-CAVSADYANKMIF-AJ47_BV13-1-CASRTGGHEQYF-BJ2-7,0.8313340730500599,5
671,D7A,0.7949999999999999,2.0,AV7-2-CAAASSGSWQLIF-AJ22_BV13-1-CASSDVLYEQYF-BJ2-7,0.5234196987710555,5
672,D7A,0.7949999999999999,2.0,AV16-CAMRESNTGYQNFYF-AJ49_BV13-2-CASGEGGANTQYF-BJ2-5,0.5763763673789912,5
673,D7A,0.79,2.0,AV16N-CAMRDNYAQGLTF-AJ26_BV3-CASSLGPSSYEQYF-BJ2-7,0.4182884071665828,249
674,D7A,0.79,2.0,AV6D-7-CALGEGGYKVVF-AJ12_BV5-CASSQDQVGERLFF-BJ1-4,0.613172382056691,198
675,D7A,0.79,2.0,AV12-2-CALISQQGTGSKLSF-AJ58_BV1-CTCSAVRVSYEQYF-BJ2-7,0.526500046338235,11
676,D7A,0.79,2.0,AV13-2-CALNNNAGAKLTF-AJ39_BV14-CASSNREEVFF-BJ1-1,0.6890261414825248,8
677,D7A,0.79,2.0,AV6-6-CALGEGGYKVVF-AJ12_BV5-CASSQDQVGERLFF-BJ1-4,0.5197361831815217,5
678,D7A,0.79,2.0,AV16-CAMREGNNVGDNSKLIW-AJ38_BV13-3-CASSERNQAPLF-BJ1-5,0.8759363349320175,5
679,D7A,0.79,2.0,AV16-CAMREANTGYQNFYF-AJ49_BV13-2-CASGTGGQNTLYF-BJ2-4,0.5155832201506886,35
680,D7A,0.79,2.0,AV16-CAMREANTGYQNFYF-AJ49_BV13-2-CASGDGAQNTLYF-BJ2-4,0.8672298807547,21
681,D7A,0.79,2.0,AV6-2-CVLGNTEGADRLTF-AJ45_BV1-CTCSAVRVGSDYTF-BJ1-2,0.500680021007628,6
682,D7A,0.79,2.0,AV7-6-CAVGYQNFYF-AJ49_BV4-CASSDRDINYAEQFF-BJ2-1,0.5607752909750734,23
683,D7A,0.79,2.0,AV13-4/DV7-CAMERDTGYQNFYF-AJ49_BV3-CASSLDWGGYEQYF-BJ2-7,0.5117175178498161,5
684,D7A,0.79,2.0,AV16-CAMREANTGYQNFYF-AJ49_BV13-2-CASGGGGQNTLYF-BJ2-4,0.6738265665915364,6
685,D7A,0.79,2.0,AV7-2-CAATGNTGKLIF-AJ37_BV19-CASSIRIAEQFF-BJ2-1,0.4650876530969657,8
686,D7A,0.79,2.0,AV9-4-CAVSADYANKMIF-AJ47_BV13-1-CASRTGGHEQYF-BJ2-7,0.8313340730500599,5
687,D7A,0.79,2.0,AV7-2-CAAASSGSWQLIF-AJ22_BV13-1-CASSDVLYEQYF-BJ2-7,0.5234196987710555,5
688,D7A,0.79,2.0,AV16-CAMRESNTGYQNFYF-AJ49_BV13-2-CASGEGGANTQYF-BJ2-5,0.5763763673789912,5
689,D7A,0.785,2.0,AV16N-CAMRDNYAQGLTF-AJ26_BV3-CASSLGPSSYEQYF-BJ2-7,0.4182884071665828,249
690,D7A,0.785,2.0,AV6D-7-CALGEGGYKVVF-AJ12_BV5-CASSQDQVGERLFF-BJ1-4,0.613172382056691,198
691,D7A,0.785,2.0,AV12-2-CALISQQGTGSKLSF-AJ58_BV1-CTCSAVRVSYEQYF-BJ2-7,0.526500046338235,11
692,D7A,0.785,2.0,AV13-2-CALNNNAGAKLTF-AJ39_BV14-CASSNREEVFF-BJ1-1,0.6890261414825248,8
693,D7A,0.785,2.0,AV6-6-CALGEGGYKVVF-AJ12_BV5-CASSQDQVGERLFF-BJ1-4,0.5197361831815217,5
694,D7A,0.785,2.0,AV16-CAMREGNNVGDNSKLIW-AJ38_BV13-3-CASSERNQAPLF-BJ1-5,0.8759363349320175,5
695,D7A,0.785,2.0,AV16-CAMREANTGYQNFYF-AJ49_BV13-2-CASGTGGQNTLYF-BJ2-4,0.5155832201506886,35
696,D7A,0.785,2.0,AV16-CAMREANTGYQNFYF-AJ49_BV13-2-CASGDGAQNTLYF-BJ2-4,0.8672298807547,21
697,D7A,0.785,2.0,AV6-2-CVLGNTEGADRLTF-AJ45_BV1-CTCSAVRVGSDYTF-BJ1-2,0.500680021007628,6
698,D7A,0.785,2.0,AV7-6-CAVGYQNFYF-AJ49_BV4-CASSDRDINYAEQFF-BJ2-1,0.5607752909750734,23
699,D7A,0.785,2.0,AV13-4/DV7-CAMERDTGYQNFYF-AJ49_BV3-CASSLDWGGYEQYF-BJ2-7,0.5117175178498161,5
700,D7A,0.785,2.0,AV16-CAMREANTGYQNFYF-AJ49_BV13-2-CASGGGGQNTLYF-BJ2-4,0.6738265665915364,6
701,D7A,0.785,2.0,AV7-2-CAATGNTGKLIF-AJ37_BV19-CASSIRIAEQFF-BJ2-1,0.4650876530969657,8
702,D7A,0.785,2.0,AV9-4-CAVSADYANKMIF-AJ47_BV13-1-CASRTGGHEQYF-BJ2-7,0.8313340730500599,5
703,D7A,0.785,2.0,AV7-2-CAAASSGSWQLIF-AJ22_BV13-1-CASSDVLYEQYF-BJ2-7,0.5234196987710555,5
704,D7A,0.785,2.0,AV16-CAMRESNTGYQNFYF-AJ49_BV13-2-CASGEGGANTQYF-BJ2-5,0.5763763673789912,5
705,D7A,0.78,2.0,AV16N-CAMRDNYAQGLTF-AJ26_BV3-CASSLGPSSYEQYF-BJ2-7,0.4182884071665828,249
706,D7A,0.78,2.0,AV6D-7-CALGEGGYKVVF-AJ12_BV5-CASSQDQVGERLFF-BJ1-4,0.613172382056691,198
707,D7A,0.78,2.0,AV12-2-CALISQQGTGSKLSF-AJ58_BV1-CTCSAVRVSYEQYF-BJ2-7,0.526500046338235,11
708,D7A,0.78,2.0,AV13-2-CALNNNAGAKLTF-AJ39_BV14-CASSNREEVFF-BJ1-1,0.6890261414825248,8
709,D7A,0.78,2.0,AV6-6-CALGEGGYKVVF-AJ12_BV5-CASSQDQVGERLFF-BJ1-4,0.5197361831815217,5
710,D7A,0.78,2.0,AV16-CAMREGNNVGDNSKLIW-AJ38_BV13-3-CASSERNQAPLF-BJ1-5,0.8759363349320175,5
711,D7A,0.78,2.0,AV16-CAMREANTGYQNFYF-AJ49_BV13-2-CASGTGGQNTLYF-BJ2-4,0.5155832201506886,35
712,D7A,0.78,2.0,AV16-CAMREANTGYQNFYF-AJ49_BV13-2-CASGDGAQNTLYF-BJ2-4,0.8672298807547,21
713,D7A,0.78,2.0,AV6-2-CVLGNTEGADRLTF-AJ45_BV1-CTCSAVRVGSDYTF-BJ1-2,0.500680021007628,6
714,D7A,0.78,2.0,AV7-6-CAVGYQNFYF-AJ49_BV4-CASSDRDINYAEQFF-BJ2-1,0.5607752909750734,23
715,D7A,0.78,2.0,AV13-4/DV7-CAMERDTGYQNFYF-AJ49_BV3-CASSLDWGGYEQYF-BJ2-7,0.5117175178498161,5
716,D7A,0.78,2.0,AV16-CAMREANTGYQNFYF-AJ49_BV13-2-CASGGGGQNTLYF-BJ2-4,0.6738265665915364,6
717,D7A,0.78,2.0,AV7-2-CAATGNTGKLIF-AJ37_BV19-CASSIRIAEQFF-BJ2-1,0.4650876530969657,8
718,D7A,0.78,2.0,AV9-4-CAVSADYANKMIF-AJ47_BV13-1-CASRTGGHEQYF-BJ2-7,0.8313340730500599,5
719,D7A,0.78,2.0,AV7-2-CAAASSGSWQLIF-AJ22_BV13-1-CASSDVLYEQYF-BJ2-7,0.5234196987710555,5
720,D7A,0.78,2.0,AV16-CAMRESNTGYQNFYF-AJ49_BV13-2-CASGEGGANTQYF-BJ2-5,0.5763763673789912,5
721,D7A,0.775,2.0,AV16N-CAMRDNYAQGLTF-AJ26_BV3-CASSLGPSSYEQYF-BJ2-7,0.4182884071665828,249
722,D7A,0.775,2.0,AV6D-7-CALGEGGYKVVF-AJ12_BV5-CASSQDQVGERLFF-BJ1-4,0.613172382056691,198
723,D7A,0.775,2.0,AV12-2-CALISQQGTGSKLSF-AJ58_BV1-CTCSAVRVSYEQYF-BJ2-7,0.526500046338235,11
724,D7A,0.775,2.0,AV13-2-CALNNNAGAKLTF-AJ39_BV14-CASSNREEVFF-BJ1-1,0.6890261414825248,8
725,D7A,0.775,2.0,AV6-6-CALGEGGYKVVF-AJ12_BV5-CASSQDQVGERLFF-BJ1-4,0.5197361831815217,5
726,D7A,0.775,2.0,AV16-CAMREGNNVGDNSKLIW-AJ38_BV13-3-CASSERNQAPLF-BJ1-5,0.8759363349320175,5
727,D7A,0.775,2.0,AV16-CAMREANTGYQNFYF-AJ49_BV13-2-CASGTGGQNTLYF-BJ2-4,0.5155832201506886,35
728,D7A,0.775,2.0,AV16-CAMREANTGYQNFYF-AJ49_BV13-2-CASGDGAQNTLYF-BJ2-4,0.8672298807547,21
729,D7A,0.775,2.0,AV6-2-CVLGNTEGADRLTF-AJ45_BV1-CTCSAVRVGSDYTF-BJ1-2,0.500680021007628,6
730,D7A,0.775,2.0,AV7-6-CAVGYQNFYF-AJ49_BV4-CASSDRDINYAEQFF-BJ2-1,0.5607752909750734,23
731,D7A,0.775,2.0,AV13-4/DV7-CAMERDTGYQNFYF-AJ49_BV3-CASSLDWGGYEQYF-BJ2-7,0.5117175178498161,5
732,D7A,0.775,2.0,AV16-CAMREANTGYQNFYF-AJ49_BV13-2-CASGGGGQNTLYF-BJ2-4,0.6738265665915364,6
733,D7A,0.775,2.0,AV7-2-CAATGNTGKLIF-AJ37_BV19-CASSIRIAEQFF-BJ2-1,0.4650876530969657,8
734,D7A,0.775,2.0,AV9-4-CAVSADYANKMIF-AJ47_BV13-1-CASRTGGHEQYF-BJ2-7,0.8313340730500599,5
735,D7A,0.775,2.0,AV7-2-CAAASSGSWQLIF-AJ22_BV13-1-CASSDVLYEQYF-BJ2-7,0.5234196987710555,5
736,D7A,0.775,2.0,AV16-CAMRESNTGYQNFYF-AJ49_BV13-2-CASGEGGANTQYF-BJ2-5,0.5763763673789912,5
737,D7A,0.77,2.0,AV16N-CAMRDNYAQGLTF-AJ26_BV3-CASSLGPSSYEQYF-BJ2-7,0.4182884071665828,249
738,D7A,0.77,2.0,AV6D-7-CALGEGGYKVVF-AJ12_BV5-CASSQDQVGERLFF-BJ1-4,0.613172382056691,198
739,D7A,0.77,2.0,AV12-2-CALISQQGTGSKLSF-AJ58_BV1-CTCSAVRVSYEQYF-BJ2-7,0.526500046338235,11
740,D7A,0.77,2.0,AV13-2-CALNNNAGAKLTF-AJ39_BV14-CASSNREEVFF-BJ1-1,0.6890261414825248,8
741,D7A,0.77,2.0,AV6-6-CALGEGGYKVVF-AJ12_BV5-CASSQDQVGERLFF-BJ1-4,0.5197361831815217,5
742,D7A,0.77,2.0,AV16-CAMREGNNVGDNSKLIW-AJ38_BV13-3-CASSERNQAPLF-BJ1-5,0.8759363349320175,5
743,D7A,0.77,2.0,AV16-CAMREANTGYQNFYF-AJ49_BV13-2-CASGTGGQNTLYF-BJ2-4,0.5155832201506886,35
744,D7A,0.77,2.0,AV16-CAMREANTGYQNFYF-AJ49_BV13-2-CASGDGAQNTLYF-BJ2-4,0.8672298807547,21
745,D7A,0.77,2.0,AV6-2-CVLGNTEGADRLTF-AJ45_BV1-CTCSAVRVGSDYTF-BJ1-2,0.500680021007628,6
746,D7A,0.77,2.0,AV7-6-CAVGYQNFYF-AJ49_BV4-CASSDRDINYAEQFF-BJ2-1,0.5607752909750734,23
747,D7A,0.77,2.0,AV13-4/DV7-CAMERDTGYQNFYF-AJ49_BV3-CASSLDWGGYEQYF-BJ2-7,0.5117175178498161,5
748,D7A,0.77,2.0,AV16-CAMREANTGYQNFYF-AJ49_BV13-2-CASGGGGQNTLYF-BJ2-4,0.6738265665915364,6
749,D7A,0.77,2.0,AV7-2-CAATGNTGKLIF-AJ37_BV19-CASSIRIAEQFF-BJ2-1,0.4650876530969657,8
750,D7A,0.77,2.0,AV9-4-CAVSADYANKMIF-AJ47_BV13-1-CASRTGGHEQYF-BJ2-7,0.8313340730500599,5
751,D7A,0.77,2.0,AV7-2-CAAASSGSWQLIF-AJ22_BV13-1-CASSDVLYEQYF-BJ2-7,0.5234196987710555,5
752,D7A,0.77,2.0,AV16-CAMRESNTGYQNFYF-AJ49_BV13-2-CASGEGGANTQYF-BJ2-5,0.5763763673789912,5
753,D7A,0.765,2.0,AV16N-CAMRDNYAQGLTF-AJ26_BV3-CASSLGPSSYEQYF-BJ2-7,0.4182884071665828,249
754,D7A,0.765,2.0,AV6D-7-CALGEGGYKVVF-AJ12_BV5-CASSQDQVGERLFF-BJ1-4,0.613172382056691,198
755,D7A,0.765,2.0,AV12-2-CALISQQGTGSKLSF-AJ58_BV1-CTCSAVRVSYEQYF-BJ2-7,0.526500046338235,11
756,D7A,0.765,2.0,AV13-2-CALNNNAGAKLTF-AJ39_BV14-CASSNREEVFF-BJ1-1,0.6890261414825248,8
757,D7A,0.765,2.0,AV6-6-CALGEGGYKVVF-AJ12_BV5-CASSQDQVGERLFF-BJ1-4,0.5197361831815217,5
758,D7A,0.765,2.0,AV16-CAMREGNNVGDNSKLIW-AJ38_BV13-3-CASSERNQAPLF-BJ1-5,0.8759363349320175,5
759,D7A,0.765,2.0,AV16-CAMREANTGYQNFYF-AJ49_BV13-2-CASGTGGQNTLYF-BJ2-4,0.5155832201506886,35
760,D7A,0.765,2.0,AV16-CAMREANTGYQNFYF-AJ49_BV13-2-CASGDGAQNTLYF-BJ2-4,0.8672298807547,21
761,D7A,0.765,2.0,AV6-2-CVLGNTEGADRLTF-AJ45_BV1-CTCSAVRVGSDYTF-BJ1-2,0.500680021007628,6
762,D7A,0.765,2.0,AV7-6-CAVGYQNFYF-AJ49_BV4-CASSDRDINYAEQFF-BJ2-1,0.5607752909750734,23
763,D7A,0.765,2.0,AV13-4/DV7-CAMERDTGYQNFYF-AJ49_BV3-CASSLDWGGYEQYF-BJ2-7,0.5117175178498161,5
764,D7A,0.765,2.0,AV16-CAMREANTGYQNFYF-AJ49_BV13-2-CASGGGGQNTLYF-BJ2-4,0.6738265665915364,6
765,D7A,0.765,2.0,AV7-2-CAATGNTGKLIF-AJ37_BV19-CASSIRIAEQFF-BJ2-1,0.4650876530969657,8
766,D7A,0.765,2.0,AV9-4-CAVSADYANKMIF-AJ47_BV13-1-CASRTGGHEQYF-BJ2-7,0.8313340730500599,5
767,D7A,0.765,2.0,AV7-2-CAAASSGSWQLIF-AJ22_BV13-1-CASSDVLYEQYF-BJ2-7,0.5234196987710555,5
768,D7A,0.765,2.0,AV16-CAMRESNTGYQNFYF-AJ49_BV13-2-CASGEGGANTQYF-BJ2-5,0.5763763673789912,5
769,D7A,0.76,2.0,AV16N-CAMRDNYAQGLTF-AJ26_BV3-CASSLGPSSYEQYF-BJ2-7,0.4182884071665828,249
770,D7A,0.76,2.0,AV6D-7-CALGEGGYKVVF-AJ12_BV5-CASSQDQVGERLFF-BJ1-4,0.613172382056691,198
771,D7A,0.76,2.0,AV12-2-CALISQQGTGSKLSF-AJ58_BV1-CTCSAVRVSYEQYF-BJ2-7,0.526500046338235,11
772,D7A,0.76,2.0,AV13-2-CALNNNAGAKLTF-AJ39_BV14-CASSNREEVFF-BJ1-1,0.6890261414825248,8
773,D7A,0.76,2.0,AV6-6-CALGEGGYKVVF-AJ12_BV5-CASSQDQVGERLFF-BJ1-4,0.5197361831815217,5
774,D7A,0.76,2.0,AV16-CAMREGNNVGDNSKLIW-AJ38_BV13-3-CASSERNQAPLF-BJ1-5,0.8759363349320175,5
775,D7A,0.76,2.0,AV16-CAMREANTGYQNFYF-AJ49_BV13-2-CASGTGGQNTLYF-BJ2-4,0.5155832201506886,35
776,D7A,0.76,2.0,AV16-CAMREANTGYQNFYF-AJ49_BV13-2-CASGDGAQNTLYF-BJ2-4,0.8672298807547,21
777,D7A,0.76,2.0,AV6-2-CVLGNTEGADRLTF-AJ45_BV1-CTCSAVRVGSDYTF-BJ1-2,0.500680021007628,6
778,D7A,0.76,2.0,AV7-6-CAVGYQNFYF-AJ49_BV4-CASSDRDINYAEQFF-BJ2-1,0.5607752909750734,23
779,D7A,0.76,2.0,AV13-4/DV7-CAMERDTGYQNFYF-AJ49_BV3-CASSLDWGGYEQYF-BJ2-7,0.5117175178498161,5
780,D7A,0.76,2.0,AV16-CAMREANTGYQNFYF-AJ49_BV13-2-CASGGGGQNTLYF-BJ2-4,0.6738265665915364,6
781,D7A,0.76,2.0,AV7-2-CAATGNTGKLIF-AJ37_BV19-CASSIRIAEQFF-BJ2-1,0.4650876530969657,8
782,D7A,0.76,2.0,AV9-4-CAVSADYANKMIF-AJ47_BV13-1-CASRTGGHEQYF-BJ2-7,0.8313340730500599,5
783,D7A,0.76,2.0,AV7-2-CAAASSGSWQLIF-AJ22_BV13-1-CASSDVLYEQYF-BJ2-7,0.5234196987710555,5
784,D7A,0.76,2.0,AV16-CAMRESNTGYQNFYF-AJ49_BV13-2-CASGEGGANTQYF-BJ2-5,0.5763763673789912,5
785,D7A,0.755,2.0,AV16N-CAMRDNYAQGLTF-AJ26_BV3-CASSLGPSSYEQYF-BJ2-7,0.4182884071665828,249
786,D7A,0.755,2.0,AV6D-7-CALGEGGYKVVF-AJ12_BV5-CASSQDQVGERLFF-BJ1-4,0.613172382056691,198
787,D7A,0.755,2.0,AV12-2-CALISQQGTGSKLSF-AJ58_BV1-CTCSAVRVSYEQYF-BJ2-7,0.526500046338235,11
788,D7A,0.755,2.0,AV13-2-CALNNNAGAKLTF-AJ39_BV14-CASSNREEVFF-BJ1-1,0.6890261414825248,8
789,D7A,0.755,2.0,AV6-6-CALGEGGYKVVF-AJ12_BV5-CASSQDQVGERLFF-BJ1-4,0.5197361831815217,5
790,D7A,0.755,2.0,AV16-CAMREGNNVGDNSKLIW-AJ38_BV13-3-CASSERNQAPLF-BJ1-5,0.8759363349320175,5
791,D7A,0.755,2.0,AV16-CAMREANTGYQNFYF-AJ49_BV13-2-CASGTGGQNTLYF-BJ2-4,0.5155832201506886,35
792,D7A,0.755,2.0,AV16-CAMREANTGYQNFYF-AJ49_BV13-2-CASGDGAQNTLYF-BJ2-4,0.8672298807547,21
793,D7A,0.755,2.0,AV6-2-CVLGNTEGADRLTF-AJ45_BV1-CTCSAVRVGSDYTF-BJ1-2,0.500680021007628,6
794,D7A,0.755,2.0,AV7-6-CAVGYQNFYF-AJ49_BV4-CASSDRDINYAEQFF-BJ2-1,0.5607752909750734,23
795,D7A,0.755,2.0,AV13-4/DV7-CAMERDTGYQNFYF-AJ49_BV3-CASSLDWGGYEQYF-BJ2-7,0.5117175178498161,5
796,D7A,0.755,2.0,AV16-CAMREANTGYQNFYF-AJ49_BV13-2-CASGGGGQNTLYF-BJ2-4,0.6738265665915364,6
797,D7A,0.755,2.0,AV7-2-CAATGNTGKLIF-AJ37_BV19-CASSIRIAEQFF-BJ2-1,0.4650876530969657,8
798,D7A,0.755,2.0,AV9-4-CAVSADYANKMIF-AJ47_BV13-1-CASRTGGHEQYF-BJ2-7,0.8313340730500599,5
799,D7A,0.755,2.0,AV7-2-CAAASSGSWQLIF-AJ22_BV13-1-CASSDVLYEQYF-BJ2-7,0.5234196987710555,5
800,D7A,0.755,2.0,AV16-CAMRESNTGYQNFYF-AJ49_BV13-2-CASGEGGANTQYF-BJ2-5,0.5763763673789912,5
801,D7A,0.75,2.0,AV16N-CAMRDNYAQGLTF-AJ26_BV3-CASSLGPSSYEQYF-BJ2-7,0.4182884071665828,249
802,D7A,0.75,2.0,AV6D-7-CALGEGGYKVVF-AJ12_BV5-CASSQDQVGERLFF-BJ1-4,0.613172382056691,198
803,D7A,0.75,2.0,AV12-2-CALISQQGTGSKLSF-AJ58_BV1-CTCSAVRVSYEQYF-BJ2-7,0.526500046338235,11
804,D7A,0.75,2.0,AV13-2-CALNNNAGAKLTF-AJ39_BV14-CASSNREEVFF-BJ1-1,0.6890261414825248,8
805,D7A,0.75,2.0,AV6-6-CALGEGGYKVVF-AJ12_BV5-CASSQDQVGERLFF-BJ1-4,0.5197361831815217,5
806,D7A,0.75,2.0,AV16-CAMREGNNVGDNSKLIW-AJ38_BV13-3-CASSERNQAPLF-BJ1-5,0.8759363349320175,5
807,D7A,0.75,2.0,AV16-CAMREANTGYQNFYF-AJ49_BV13-2-CASGTGGQNTLYF-BJ2-4,0.5155832201506886,35
808,D7A,0.75,2.0,AV16-CAMREANTGYQNFYF-AJ49_BV13-2-CASGDGAQNTLYF-BJ2-4,0.8672298807547,21
809,D7A,0.75,2.0,AV6-2-CVLGNTEGADRLTF-AJ45_BV1-CTCSAVRVGSDYTF-BJ1-2,0.500680021007628,6
810,D7A,0.75,2.0,AV7-6-CAVGYQNFYF-AJ49_BV4-CASSDRDINYAEQFF-BJ2-1,0.5607752909750734,23
811,D7A,0.75,2.0,AV13-4/DV7-CAMERDTGYQNFYF-AJ49_BV3-CASSLDWGGYEQYF-BJ2-7,0.5117175178498161,5
812,D7A,0.75,2.0,AV16-CAMREANTGYQNFYF-AJ49_BV13-2-CASGGGGQNTLYF-BJ2-4,0.6738265665915364,6
813,D7A,0.75,2.0,AV7-2-CAATGNTGKLIF-AJ37_BV19-CASSIRIAEQFF-BJ2-1,0.4650876530969657,8
814,D7A,0.75,2.0,AV9-4-CAVSADYANKMIF-AJ47_BV13-1-CASRTGGHEQYF-BJ2-7,0.8313340730500599,5
815,D7A,0.75,2.0,AV7-2-CAAASSGSWQLIF-AJ22_BV13-1-CASSDVLYEQYF-BJ2-7,0.5234196987710555,5
816,D7A,0.75,2.0,AV16-CAMRESNTGYQNFYF-AJ49_BV13-2-CASGEGGANTQYF-BJ2-5,0.5763763673789912,5
817,D7A,0.745,2.0,AV16N-CAMRDNYAQGLTF-AJ26_BV3-CASSLGPSSYEQYF-BJ2-7,0.4182884071665828,249
818,D7A,0.745,2.0,AV6D-7-CALGEGGYKVVF-AJ12_BV5-CASSQDQVGERLFF-BJ1-4,0.613172382056691,198
819,D7A,0.745,2.0,AV12-2-CALISQQGTGSKLSF-AJ58_BV1-CTCSAVRVSYEQYF-BJ2-7,0.526500046338235,11
820,D7A,0.745,2.0,AV13-2-CALNNNAGAKLTF-AJ39_BV14-CASSNREEVFF-BJ1-1,0.6890261414825248,8
821,D7A,0.745,2.0,AV6-6-CALGEGGYKVVF-AJ12_BV5-CASSQDQVGERLFF-BJ1-4,0.5197361831815217,5
822,D7A,0.745,2.0,AV16-CAMREGNNVGDNSKLIW-AJ38_BV13-3-CASSERNQAPLF-BJ1-5,0.8759363349320175,5
823,D7A,0.745,2.0,AV16-CAMREANTGYQNFYF-AJ49_BV13-2-CASGTGGQNTLYF-BJ2-4,0.5155832201506886,35
824,D7A,0.745,2.0,AV16-CAMREANTGYQNFYF-AJ49_BV13-2-CASGDGAQNTLYF-BJ2-4,0.8672298807547,21
825,D7A,0.745,2.0,AV6-2-CVLGNTEGADRLTF-AJ45_BV1-CTCSAVRVGSDYTF-BJ1-2,0.500680021007628,6
826,D7A,0.745,2.0,AV7-6-CAVGYQNFYF-AJ49_BV4-CASSDRDINYAEQFF-BJ2-1,0.5607752909750734,23
827,D7A,0.745,2.0,AV13-4/DV7-CAMERDTGYQNFYF-AJ49_BV3-CASSLDWGGYEQYF-BJ2-7,0.5117175178498161,5
828,D7A,0.745,2.0,AV16-CAMREANTGYQNFYF-AJ49_BV13-2-CASGGGGQNTLYF-BJ2-4,0.6738265665915364,6
829,D7A,0.745,2.0,AV7-2-CAATGNTGKLIF-AJ37_BV19-CASSIRIAEQFF-BJ2-1,0.4650876530969657,8
830,D7A,0.745,2.0,AV9-4-CAVSADYANKMIF-AJ47_BV13-1-CASRTGGHEQYF-BJ2-7,0.8313340730500599,5
831,D7A,0.745,2.0,AV7-2-CAAASSGSWQLIF-AJ22_BV13-1-CASSDVLYEQYF-BJ2-7,0.5234196987710555,5
832,D7A,0.745,2.0,AV16-CAMRESNTGYQNFYF-AJ49_BV13-2-CASGEGGANTQYF-BJ2-5,0.5763763673789912,5
833,D7A,0.74,2.0,AV16N-CAMRDNYAQGLTF-AJ26_BV3-CASSLGPSSYEQYF-BJ2-7,0.4182884071665828,249
834,D7A,0.74,2.0,AV6D-7-CALGEGGYKVVF-AJ12_BV5-CASSQDQVGERLFF-BJ1-4,0.613172382056691,198
835,D7A,0.74,2.0,AV12-2-CALISQQGTGSKLSF-AJ58_BV1-CTCSAVRVSYEQYF-BJ2-7,0.526500046338235,11
836,D7A,0.74,2.0,AV13-2-CALNNNAGAKLTF-AJ39_BV14-CASSNREEVFF-BJ1-1,0.6890261414825248,8
837,D7A,0.74,2.0,AV6-6-CALGEGGYKVVF-AJ12_BV5-CASSQDQVGERLFF-BJ1-4,0.5197361831815217,5
838,D7A,0.74,2.0,AV16-CAMREGNNVGDNSKLIW-AJ38_BV13-3-CASSERNQAPLF-BJ1-5,0.8759363349320175,5
839,D7A,0.74,2.0,AV16-CAMREANTGYQNFYF-AJ49_BV13-2-CASGTGGQNTLYF-BJ2-4,0.5155832201506886,35
840,D7A,0.74,2.0,AV16-CAMREANTGYQNFYF-AJ49_BV13-2-CASGDGAQNTLYF-BJ2-4,0.8672298807547,21
841,D7A,0.74,2.0,AV6-2-CVLGNTEGADRLTF-AJ45_BV1-CTCSAVRVGSDYTF-BJ1-2,0.500680021007628,6
842,D7A,0.74,2.0,AV7-6-CAVGYQNFYF-AJ49_BV4-CASSDRDINYAEQFF-BJ2-1,0.5607752909750734,23
843,D7A,0.74,2.0,AV13-4/DV7-CAMERDTGYQNFYF-AJ49_BV3-CASSLDWGGYEQYF-BJ2-7,0.5117175178498161,5
844,D7A,0.74,2.0,AV16-CAMREANTGYQNFYF-AJ49_BV13-2-CASGGGGQNTLYF-BJ2-4,0.6738265665915364,6
845,D7A,0.74,2.0,AV7-2-CAATGNTGKLIF-AJ37_BV19-CASSIRIAEQFF-BJ2-1,0.4650876530969657,8
846,D7A,0.74,2.0,AV9-4-CAVSADYANKMIF-AJ47_BV13-1-CASRTGGHEQYF-BJ2-7,0.8313340730500599,5
847,D7A,0.74,2.0,AV7-2-CAAASSGSWQLIF-AJ22_BV13-1-CASSDVLYEQYF-BJ2-7,0.5234196987710555,5
848,D7A,0.74,2.0,AV16-CAMRESNTGYQNFYF-AJ49_BV13-2-CASGEGGANTQYF-BJ2-5,0.5763763673789912,5
849,D7A,0.735,2.0,AV16N-CAMRDNYAQGLTF-AJ26_BV3-CASSLGPSSYEQYF-BJ2-7,0.4182884071665828,249
850,D7A,0.735,2.0,AV6D-7-CALGEGGYKVVF-AJ12_BV5-CASSQDQVGERLFF-BJ1-4,0.613172382056691,198
851,D7A,0.735,2.0,AV12-2-CALISQQGTGSKLSF-AJ58_BV1-CTCSAVRVSYEQYF-BJ2-7,0.526500046338235,11
852,D7A,0.735,2.0,AV13-2-CALNNNAGAKLTF-AJ39_BV14-CASSNREEVFF-BJ1-1,0.6890261414825248,8
853,D7A,0.735,2.0,AV6-6-CALGEGGYKVVF-AJ12_BV5-CASSQDQVGERLFF-BJ1-4,0.5197361831815217,5
854,D7A,0.735,2.0,AV16-CAMREGNNVGDNSKLIW-AJ38_BV13-3-CASSERNQAPLF-BJ1-5,0.8759363349320175,5
855,D7A,0.735,2.0,AV16-CAMREANTGYQNFYF-AJ49_BV13-2-CASGTGGQNTLYF-BJ2-4,0.5155832201506886,35
856,D7A,0.735,2.0,AV16-CAMREANTGYQNFYF-AJ49_BV13-2-CASGDGAQNTLYF-BJ2-4,0.8672298807547,21
857,D7A,0.735,2.0,AV6-2-CVLGNTEGADRLTF-AJ45_BV1-CTCSAVRVGSDYTF-BJ1-2,0.500680021007628,6
858,D7A,0.735,2.0,AV7-6-CAVGYQNFYF-AJ49_BV4-CASSDRDINYAEQFF-BJ2-1,0.5607752909750734,23
859,D7A,0.735,2.0,AV13-4/DV7-CAMERDTGYQNFYF-AJ49_BV3-CASSLDWGGYEQYF-BJ2-7,0.5117175178498161,5
860,D7A,0.735,2.0,AV16-CAMREANTGYQNFYF-AJ49_BV13-2-CASGGGGQNTLYF-BJ2-4,0.6738265665915364,6
861,D7A,0.735,2.0,AV7-2-CAATGNTGKLIF-AJ37_BV19-CASSIRIAEQFF-BJ2-1,0.4650876530969657,8
862,D7A,0.735,2.0,AV9-4-CAVSADYANKMIF-AJ47_BV13-1-CASRTGGHEQYF-BJ2-7,0.8313340730500599,5
863,D7A,0.735,2.0,AV7-2-CAAASSGSWQLIF-AJ22_BV13-1-CASSDVLYEQYF-BJ2-7,0.5234196987710555,5
864,D7A,0.735,2.0,AV16-CAMRESNTGYQNFYF-AJ49_BV13-2-CASGEGGANTQYF-BJ2-5,0.5763763673789912,5
865,D7A,0.73,2.0,AV16N-CAMRDNYAQGLTF-AJ26_BV3-CASSLGPSSYEQYF-BJ2-7,0.4182884071665828,249
866,D7A,0.73,2.0,AV6D-7-CALGEGGYKVVF-AJ12_BV5-CASSQDQVGERLFF-BJ1-4,0.613172382056691,198
867,D7A,0.73,2.0,AV12-2-CALISQQGTGSKLSF-AJ58_BV1-CTCSAVRVSYEQYF-BJ2-7,0.526500046338235,11
868,D7A,0.73,2.0,AV13-2-CALNNNAGAKLTF-AJ39_BV14-CASSNREEVFF-BJ1-1,0.6890261414825248,8
869,D7A,0.73,2.0,AV6-6-CALGEGGYKVVF-AJ12_BV5-CASSQDQVGERLFF-BJ1-4,0.5197361831815217,5
870,D7A,0.73,2.0,AV16-CAMREGNNVGDNSKLIW-AJ38_BV13-3-CASSERNQAPLF-BJ1-5,0.8759363349320175,5
871,D7A,0.73,2.0,AV16-CAMREANTGYQNFYF-AJ49_BV13-2-CASGTGGQNTLYF-BJ2-4,0.5155832201506886,35
872,D7A,0.73,2.0,AV16-CAMREANTGYQNFYF-AJ49_BV13-2-CASGDGAQNTLYF-BJ2-4,0.8672298807547,21
873,D7A,0.73,2.0,AV6-2-CVLGNTEGADRLTF-AJ45_BV1-CTCSAVRVGSDYTF-BJ1-2,0.500680021007628,6
874,D7A,0.73,2.0,AV7-6-CAVGYQNFYF-AJ49_BV4-CASSDRDINYAEQFF-BJ2-1,0.5607752909750734,23
875,D7A,0.73,2.0,AV13-4/DV7-CAMERDTGYQNFYF-AJ49_BV3-CASSLDWGGYEQYF-BJ2-7,0.5117175178498161,5
876,D7A,0.73,2.0,AV16-CAMREANTGYQNFYF-AJ49_BV13-2-CASGGGGQNTLYF-BJ2-4,0.6738265665915364,6
877,D7A,0.73,2.0,AV7-2-CAATGNTGKLIF-AJ37_BV19-CASSIRIAEQFF-BJ2-1,0.4650876530969657,8
878,D7A,0.73,2.0,AV9-4-CAVSADYANKMIF-AJ47_BV13-1-CASRTGGHEQYF-BJ2-7,0.8313340730500599,5
879,D7A,0.73,2.0,AV7-2-CAAASSGSWQLIF-AJ22_BV13-1-CASSDVLYEQYF-BJ2-7,0.5234196987710555,5
880,D7A,0.73,2.0,AV16-CAMRESNTGYQNFYF-AJ49_BV13-2-CASGEGGANTQYF-BJ2-5,0.5763763673789912,5
881,D7A,0.725,2.0,AV16N-CAMRDNYAQGLTF-AJ26_BV3-CASSLGPSSYEQYF-BJ2-7,0.4182884071665828,249
882,D7A,0.725,2.0,AV6D-7-CALGEGGYKVVF-AJ12_BV5-CASSQDQVGERLFF-BJ1-4,0.613172382056691,198
883,D7A,0.725,2.0,AV12-2-CALISQQGTGSKLSF-AJ58_BV1-CTCSAVRVSYEQYF-BJ2-7,0.526500046338235,11
884,D7A,0.725,2.0,AV13-2-CALNNNAGAKLTF-AJ39_BV14-CASSNREEVFF-BJ1-1,0.6890261414825248,8
885,D7A,0.725,2.0,AV6-6-CALGEGGYKVVF-AJ12_BV5-CASSQDQVGERLFF-BJ1-4,0.5197361831815217,5
886,D7A,0.725,2.0,AV16-CAMREGNNVGDNSKLIW-AJ38_BV13-3-CASSERNQAPLF-BJ1-5,0.8759363349320175,5
887,D7A,0.725,2.0,AV16-CAMREANTGYQNFYF-AJ49_BV13-2-CASGTGGQNTLYF-BJ2-4,0.5155832201506886,35
888,D7A,0.725,2.0,AV16-CAMREANTGYQNFYF-AJ49_BV13-2-CASGDGAQNTLYF-BJ2-4,0.8672298807547,21
889,D7A,0.725,2.0,AV6-2-CVLGNTEGADRLTF-AJ45_BV1-CTCSAVRVGSDYTF-BJ1-2,0.500680021007628,6
890,D7A,0.725,2.0,AV7-6-CAVGYQNFYF-AJ49_BV4-CASSDRDINYAEQFF-BJ2-1,0.5607752909750734,23
891,D7A,0.725,2.0,AV13-4/DV7-CAMERDTGYQNFYF-AJ49_BV3-CASSLDWGGYEQYF-BJ2-7,0.5117175178498161,5
892,D7A,0.725,2.0,AV16-CAMREANTGYQNFYF-AJ49_BV13-2-CASGGGGQNTLYF-BJ2-4,0.6738265665915364,6
893,D7A,0.725,2.0,AV7-2-CAATGNTGKLIF-AJ37_BV19-CASSIRIAEQFF-BJ2-1,0.4650876530969657,8
894,D7A,0.725,2.0,AV9-4-CAVSADYANKMIF-AJ47_BV13-1-CASRTGGHEQYF-BJ2-7,0.8313340730500599,5
895,D7A,0.725,2.0,AV7-2-CAAASSGSWQLIF-AJ22_BV13-1-CASSDVLYEQYF-BJ2-7,0.5234196987710555,5
896,D7A,0.725,2.0,AV16-CAMRESNTGYQNFYF-AJ49_BV13-2-CASGEGGANTQYF-BJ2-5,0.5763763673789912,5
897,D7A,0.72,2.0,AV16N-CAMRDNYAQGLTF-AJ26_BV3-CASSLGPSSYEQYF-BJ2-7,0.4182884071665828,249
898,D7A,0.72,2.0,AV6D-7-CALGEGGYKVVF-AJ12_BV5-CASSQDQVGERLFF-BJ1-4,0.613172382056691,198
899,D7A,0.72,2.0,AV12-2-CALISQQGTGSKLSF-AJ58_BV1-CTCSAVRVSYEQYF-BJ2-7,0.526500046338235,11
900,D7A,0.72,2.0,AV13-2-CALNNNAGAKLTF-AJ39_BV14-CASSNREEVFF-BJ1-1,0.6890261414825248,8
901,D7A,0.72,2.0,AV6-6-CALGEGGYKVVF-AJ12_BV5-CASSQDQVGERLFF-BJ1-4,0.5197361831815217,5
902,D7A,0.72,2.0,AV16-CAMREGNNVGDNSKLIW-AJ38_BV13-3-CASSERNQAPLF-BJ1-5,0.8759363349320175,5
903,D7A,0.72,2.0,AV16-CAMREANTGYQNFYF-AJ49_BV13-2-CASGTGGQNTLYF-BJ2-4,0.5155832201506886,35
904,D7A,0.72,2.0,AV16-CAMREANTGYQNFYF-AJ49_BV13-2-CASGDGAQNTLYF-BJ2-4,0.8672298807547,21
905,D7A,0.72,2.0,AV6-2-CVLGNTEGADRLTF-AJ45_BV1-CTCSAVRVGSDYTF-BJ1-2,0.500680021007628,6
906,D7A,0.72,2.0,AV7-6-CAVGYQNFYF-AJ49_BV4-CASSDRDINYAEQFF-BJ2-1,0.5607752909750734,23
907,D7A,0.72,2.0,AV13-4/DV7-CAMERDTGYQNFYF-AJ49_BV3-CASSLDWGGYEQYF-BJ2-7,0.5117175178498161,5
908,D7A,0.72,2.0,AV16-CAMREANTGYQNFYF-AJ49_BV13-2-CASGGGGQNTLYF-BJ2-4,0.6738265665915364,6
909,D7A,0.72,2.0,AV7-2-CAATGNTGKLIF-AJ37_BV19-CASSIRIAEQFF-BJ2-1,0.4650876530969657,8
910,D7A,0.72,2.0,AV9-4-CAVSADYANKMIF-AJ47_BV13-1-CASRTGGHEQYF-BJ2-7,0.8313340730500599,5
911,D7A,0.72,2.0,AV7-2-CAAASSGSWQLIF-AJ22_BV13-1-CASSDVLYEQYF-BJ2-7,0.5234196987710555,5
912,D7A,0.72,2.0,AV16-CAMRESNTGYQNFYF-AJ49_BV13-2-CASGEGGANTQYF-BJ2-5,0.5763763673789912,5
913,D7A,0.715,2.0,AV16N-CAMRDNYAQGLTF-AJ26_BV3-CASSLGPSSYEQYF-BJ2-7,0.4182884071665828,249
914,D7A,0.715,2.0,AV6D-7-CALGEGGYKVVF-AJ12_BV5-CASSQDQVGERLFF-BJ1-4,0.613172382056691,198
915,D7A,0.715,2.0,AV12-2-CALISQQGTGSKLSF-AJ58_BV1-CTCSAVRVSYEQYF-BJ2-7,0.526500046338235,11
916,D7A,0.715,2.0,AV13-2-CALNNNAGAKLTF-AJ39_BV14-CASSNREEVFF-BJ1-1,0.6890261414825248,8
917,D7A,0.715,2.0,AV6-6-CALGEGGYKVVF-AJ12_BV5-CASSQDQVGERLFF-BJ1-4,0.5197361831815217,5
918,D7A,0.715,2.0,AV16-CAMREGNNVGDNSKLIW-AJ38_BV13-3-CASSERNQAPLF-BJ1-5,0.8759363349320175,5
919,D7A,0.715,2.0,AV16-CAMREANTGYQNFYF-AJ49_BV13-2-CASGTGGQNTLYF-BJ2-4,0.5155832201506886,35
920,D7A,0.715,2.0,AV16-CAMREANTGYQNFYF-AJ49_BV13-2-CASGDGAQNTLYF-BJ2-4,0.8672298807547,21
921,D7A,0.715,2.0,AV6-2-CVLGNTEGADRLTF-AJ45_BV1-CTCSAVRVGSDYTF-BJ1-2,0.500680021007628,6
922,D7A,0.715,2.0,AV7-6-CAVGYQNFYF-AJ49_BV4-CASSDRDINYAEQFF-BJ2-1,0.5607752909750734,23
923,D7A,0.715,2.0,AV13-4/DV7-CAMERDTGYQNFYF-AJ49_BV3-CASSLDWGGYEQYF-BJ2-7,0.5117175178498161,5
924,D7A,0.715,2.0,AV16-CAMREANTGYQNFYF-AJ49_BV13-2-CASGGGGQNTLYF-BJ2-4,0.6738265665915364,6
925,D7A,0.715,2.0,AV7-2-CAATGNTGKLIF-AJ37_BV19-CASSIRIAEQFF-BJ2-1,0.4650876530969657,8
926,D7A,0.715,2.0,AV9-4-CAVSADYANKMIF-AJ47_BV13-1-CASRTGGHEQYF-BJ2-7,0.8313340730500599,5
927,D7A,0.715,2.0,AV7-2-CAAASSGSWQLIF-AJ22_BV13-1-CASSDVLYEQYF-BJ2-7,0.5234196987710555,5
928,D7A,0.715,2.0,AV16-CAMRESNTGYQNFYF-AJ49_BV13-2-CASGEGGANTQYF-BJ2-5,0.5763763673789912,5
929,D7A,0.71,2.0,AV16N-CAMRDNYAQGLTF-AJ26_BV3-CASSLGPSSYEQYF-BJ2-7,0.4182884071665828,249
930,D7A,0.71,2.0,AV6D-7-CALGEGGYKVVF-AJ12_BV5-CASSQDQVGERLFF-BJ1-4,0.613172382056691,198
931,D7A,0.71,2.0,AV12-2-CALISQQGTGSKLSF-AJ58_BV1-CTCSAVRVSYEQYF-BJ2-7,0.526500046338235,11
932,D7A,0.71,2.0,AV13-2-CALNNNAGAKLTF-AJ39_BV14-CASSNREEVFF-BJ1-1,0.6890261414825248,8
933,D7A,0.71,2.0,AV6-6-CALGEGGYKVVF-AJ12_BV5-CASSQDQVGERLFF-BJ1-4,0.5197361831815217,5
934,D7A,0.71,2.0,AV16-CAMREGNNVGDNSKLIW-AJ38_BV13-3-CASSERNQAPLF-BJ1-5,0.8759363349320175,5
935,D7A,0.71,2.0,AV16-CAMREANTGYQNFYF-AJ49_BV13-2-CASGTGGQNTLYF-BJ2-4,0.5155832201506886,35
936,D7A,0.71,2.0,AV16-CAMREANTGYQNFYF-AJ49_BV13-2-CASGDGAQNTLYF-BJ2-4,0.8672298807547,21
937,D7A,0.71,2.0,AV6-2-CVLGNTEGADRLTF-AJ45_BV1-CTCSAVRVGSDYTF-BJ1-2,0.500680021007628,6
938,D7A,0.71,2.0,AV7-6-CAVGYQNFYF-AJ49_BV4-CASSDRDINYAEQFF-BJ2-1,0.5607752909750734,23
939,D7A,0.71,2.0,AV13-4/DV7-CAMERDTGYQNFYF-AJ49_BV3-CASSLDWGGYEQYF-BJ2-7,0.5117175178498161,5
940,D7A,0.71,2.0,AV16-CAMREANTGYQNFYF-AJ49_BV13-2-CASGGGGQNTLYF-BJ2-4,0.6738265665915364,6
941,D7A,0.71,2.0,AV7-2-CAATGNTGKLIF-AJ37_BV19-CASSIRIAEQFF-BJ2-1,0.4650876530969657,8
942,D7A,0.71,2.0,AV9-4-CAVSADYANKMIF-AJ47_BV13-1-CASRTGGHEQYF-BJ2-7,0.8313340730500599,5
943,D7A,0.71,2.0,AV7-2-CAAASSGSWQLIF-AJ22_BV13-1-CASSDVLYEQYF-BJ2-7,0.5234196987710555,5
944,D7A,0.71,2.0,AV16-CAMRESNTGYQNFYF-AJ49_BV13-2-CASGEGGANTQYF-BJ2-5,0.5763763673789912,5
945,D7A,0.7050000000000001,1.1250000000000568,AV16N-CAMRDNYAQGLTF-AJ26_BV3-CASSLGPSSYEQYF-BJ2-7,0.4154867745811647,214
946,D7A,0.7050000000000001,1.1250000000000568,AV6D-7-CALGEGGYKVVF-AJ12_BV5-CASSQDQVGERLFF-BJ1-4,0.6143445709114455,169
947,D7A,0.7050000000000001,1.1250000000000568,AV12-2-CALISQQGTGSKLSF-AJ58_BV1-CTCSAVRVSYEQYF-BJ2-7,0.49128723226201704,10
948,D7A,0.7050000000000001,1.1250000000000568,AV13-2-CALNNNAGAKLTF-AJ39_BV14-CASSNREEVFF-BJ1-1,0.6754673000448852,7
949,D7A,0.7050000000000001,1.1250000000000568,AV6-6-CALGEGGYKVVF-AJ12_BV5-CASSQDQVGERLFF-BJ1-4,0.5197361831815217,5
950,D7A,0.7050000000000001,1.1250000000000568,AV16-CAMREGNNVGDNSKLIW-AJ38_BV13-3-CASSERNQAPLF-BJ1-5,0.8759363349320175,5
951,D7A,0.7050000000000001,1.1250000000000568,AV16-CAMREANTGYQNFYF-AJ49_BV13-2-CASGTGGQNTLYF-BJ2-4,0.5961659814611178,27
952,D7A,0.7050000000000001,1.1250000000000568,AV16-CAMREANTGYQNFYF-AJ49_BV13-2-CASGDGAQNTLYF-BJ2-4,0.9554409471673456,16
953,D7A,0.7050000000000001,1.1250000000000568,AV6-2-CVLGNTEGADRLTF-AJ45_BV1-CTCSAVRVGSDYTF-BJ1-2,0.4716207387230547,5
954,D7A,0.7050000000000001,1.1250000000000568,AV7-6-CAVGYQNFYF-AJ49_BV4-CASSDRDINYAEQFF-BJ2-1,0.6084780356039643,22
955,D7A,0.7050000000000001,1.1250000000000568,AV16-CAMREANTGYQNFYF-AJ49_BV13-2-CASGGGGQNTLYF-BJ2-4,0.6507385904349821,5
956,D7A,0.7050000000000001,1.1250000000000568,AV7-2-CAATGNTGKLIF-AJ37_BV19-CASSIRIAEQFF-BJ2-1,0.4650876530969657,8
957,D7A,0.7050000000000001,1.1250000000000568,AV7-2-CAAASSGSWQLIF-AJ22_BV13-1-CASSDVLYEQYF-BJ2-7,0.5234196987710555,5
958,D7A,0.7,1.0,AV16N-CAMRDNYAQGLTF-AJ26_BV3-CASSLGPSSYEQYF-BJ2-7,0.4154867745811647,214
959,D7A,0.7,1.0,AV6D-7-CALGEGGYKVVF-AJ12_BV5-CASSQDQVGERLFF-BJ1-4,0.6143445709114455,169
960,D7A,0.7,1.0,AV12-2-CALISQQGTGSKLSF-AJ58_BV1-CTCSAVRVSYEQYF-BJ2-7,0.49128723226201704,10
961,D7A,0.7,1.0,AV13-2-CALNNNAGAKLTF-AJ39_BV14-CASSNREEVFF-BJ1-1,0.6754673000448852,7
962,D7A,0.7,1.0,AV6-6-CALGEGGYKVVF-AJ12_BV5-CASSQDQVGERLFF-BJ1-4,0.5197361831815217,5
963,D7A,0.7,1.0,AV16-CAMREGNNVGDNSKLIW-AJ38_BV13-3-CASSERNQAPLF-BJ1-5,0.8759363349320175,5
964,D7A,0.7,1.0,AV16-CAMREANTGYQNFYF-AJ49_BV13-2-CASGTGGQNTLYF-BJ2-4,0.5961659814611178,27
965,D7A,0.7,1.0,AV16-CAMREANTGYQNFYF-AJ49_BV13-2-CASGDGAQNTLYF-BJ2-4,0.9554409471673456,16
966,D7A,0.7,1.0,AV6-2-CVLGNTEGADRLTF-AJ45_BV1-CTCSAVRVGSDYTF-BJ1-2,0.4716207387230547,5
967,D7A,0.7,1.0,AV7-6-CAVGYQNFYF-AJ49_BV4-CASSDRDINYAEQFF-BJ2-1,0.6084780356039643,22
968,D7A,0.7,1.0,AV16-CAMREANTGYQNFYF-AJ49_BV13-2-CASGGGGQNTLYF-BJ2-4,0.6507385904349821,5
969,D7A,0.7,1.0,AV7-2-CAATGNTGKLIF-AJ37_BV19-CASSIRIAEQFF-BJ2-1,0.4650876530969657,8
970,D7A,0.7,1.0,AV7-2-CAAASSGSWQLIF-AJ22_BV13-1-CASSDVLYEQYF-BJ2-7,0.5234196987710555,5
971,D7A,0.6950000000000001,1.0,AV16N-CAMRDNYAQGLTF-AJ26_BV3-CASSLGPSSYEQYF-BJ2-7,0.4154867745811647,214
972,D7A,0.6950000000000001,1.0,AV6D-7-CALGEGGYKVVF-AJ12_BV5-CASSQDQVGERLFF-BJ1-4,0.6143445709114455,169
973,D7A,0.6950000000000001,1.0,AV12-2-CALISQQGTGSKLSF-AJ58_BV1-CTCSAVRVSYEQYF-BJ2-7,0.49128723226201704,10
974,D7A,0.6950000000000001,1.0,AV13-2-CALNNNAGAKLTF-AJ39_BV14-CASSNREEVFF-BJ1-1,0.6754673000448852,7
975,D7A,0.6950000000000001,1.0,AV6-6-CALGEGGYKVVF-AJ12_BV5-CASSQDQVGERLFF-BJ1-4,0.5197361831815217,5
976,D7A,0.6950000000000001,1.0,AV16-CAMREGNNVGDNSKLIW-AJ38_BV13-3-CASSERNQAPLF-BJ1-5,0.8759363349320175,5
977,D7A,0.6950000000000001,1.0,AV16-CAMREANTGYQNFYF-AJ49_BV13-2-CASGTGGQNTLYF-BJ2-4,0.5961659814611178,27
978,D7A,0.6950000000000001,1.0,AV16-CAMREANTGYQNFYF-AJ49_BV13-2-CASGDGAQNTLYF-BJ2-4,0.9554409471673456,16
979,D7A,0.6950000000000001,1.0,AV6-2-CVLGNTEGADRLTF-AJ45_BV1-CTCSAVRVGSDYTF-BJ1-2,0.4716207387230547,5
980,D7A,0.6950000000000001,1.0,AV7-6-CAVGYQNFYF-AJ49_BV4-CASSDRDINYAEQFF-BJ2-1,0.6084780356039643,22
981,D7A,0.6950000000000001,1.0,AV16-CAMREANTGYQNFYF-AJ49_BV13-2-CASGGGGQNTLYF-BJ2-4,0.6507385904349821,5
982,D7A,0.6950000000000001,1.0,AV7-2-CAATGNTGKLIF-AJ37_BV19-CASSIRIAEQFF-BJ2-1,0.4650876530969657,8
983,D7A,0.6950000000000001,1.0,AV7-2-CAAASSGSWQLIF-AJ22_BV13-1-CASSDVLYEQYF-BJ2-7,0.5234196987710555,5
984,D7A,0.69,1.0,AV16N-CAMRDNYAQGLTF-AJ26_BV3-CASSLGPSSYEQYF-BJ2-7,0.4154867745811647,214
985,D7A,0.69,1.0,AV6D-7-CALGEGGYKVVF-AJ12_BV5-CASSQDQVGERLFF-BJ1-4,0.6143445709114455,169
986,D7A,0.69,1.0,AV12-2-CALISQQGTGSKLSF-AJ58_BV1-CTCSAVRVSYEQYF-BJ2-7,0.49128723226201704,10
987,D7A,0.69,1.0,AV13-2-CALNNNAGAKLTF-AJ39_BV14-CASSNREEVFF-BJ1-1,0.6754673000448852,7
988,D7A,0.69,1.0,AV6-6-CALGEGGYKVVF-AJ12_BV5-CASSQDQVGERLFF-BJ1-4,0.5197361831815217,5
989,D7A,0.69,1.0,AV16-CAMREGNNVGDNSKLIW-AJ38_BV13-3-CASSERNQAPLF-BJ1-5,0.8759363349320175,5
990,D7A,0.69,1.0,AV16-CAMREANTGYQNFYF-AJ49_BV13-2-CASGTGGQNTLYF-BJ2-4,0.5961659814611178,27
991,D7A,0.69,1.0,AV16-CAMREANTGYQNFYF-AJ49_BV13-2-CASGDGAQNTLYF-BJ2-4,0.9554409471673456,16
992,D7A,0.69,1.0,AV6-2-CVLGNTEGADRLTF-AJ45_BV1-CTCSAVRVGSDYTF-BJ1-2,0.4716207387230547,5
993,D7A,0.69,1.0,AV7-6-CAVGYQNFYF-AJ49_BV4-CASSDRDINYAEQFF-BJ2-1,0.6084780356039643,22
994,D7A,0.69,1.0,AV16-CAMREANTGYQNFYF-AJ49_BV13-2-CASGGGGQNTLYF-BJ2-4,0.6507385904349821,5
995,D7A,0.69,1.0,AV7-2-CAATGNTGKLIF-AJ37_BV19-CASSIRIAEQFF-BJ2-1,0.4650876530969657,8
996,D7A,0.69,1.0,AV7-2-CAAASSGSWQLIF-AJ22_BV13-1-CASSDVLYEQYF-BJ2-7,0.5234196987710555,5
997,D7A,0.685,1.0,AV16N-CAMRDNYAQGLTF-AJ26_BV3-CASSLGPSSYEQYF-BJ2-7,0.4154867745811647,214
998,D7A,0.685,1.0,AV6D-7-CALGEGGYKVVF-AJ12_BV5-CASSQDQVGERLFF-BJ1-4,0.6143445709114455,169
999,D7A,0.685,1.0,AV12-2-CALISQQGTGSKLSF-AJ58_BV1-CTCSAVRVSYEQYF-BJ2-7,0.49128723226201704,10
1000,D7A,0.685,1.0,AV13-2-CALNNNAGAKLTF-AJ39_BV14-CASSNREEVFF-BJ1-1,0.6754673000448852,7
1001,D7A,0.685,1.0,AV6-6-CALGEGGYKVVF-AJ12_BV5-CASSQDQVGERLFF-BJ1-4,0.5197361831815217,5
1002,D7A,0.685,1.0,AV16-CAMREGNNVGDNSKLIW-AJ38_BV13-3-CASSERNQAPLF-BJ1-5,0.8759363349320175,5
1003,D7A,0.685,1.0,AV16-CAMREANTGYQNFYF-AJ49_BV13-2-CASGTGGQNTLYF-BJ2-4,0.5961659814611178,27
1004,D7A,0.685,1.0,AV16-CAMREANTGYQNFYF-AJ49_BV13-2-CASGDGAQNTLYF-BJ2-4,0.9554409471673456,16
1005,D7A,0.685,1.0,AV6-2-CVLGNTEGADRLTF-AJ45_BV1-CTCSAVRVGSDYTF-BJ1-2,0.4716207387230547,5
1006,D7A,0.685,1.0,AV7-6-CAVGYQNFYF-AJ49_BV4-CASSDRDINYAEQFF-BJ2-1,0.6084780356039643,22
1007,D7A,0.685,1.0,AV16-CAMREANTGYQNFYF-AJ49_BV13-2-CASGGGGQNTLYF-BJ2-4,0.6507385904349821,5
1008,D7A,0.685,1.0,AV7-2-CAATGNTGKLIF-AJ37_BV19-CASSIRIAEQFF-BJ2-1,0.4650876530969657,8
1009,D7A,0.685,1.0,AV7-2-CAAASSGSWQLIF-AJ22_BV13-1-CASSDVLYEQYF-BJ2-7,0.5234196987710555,5
1010,D7A,0.6799999999999999,1.0,AV16N-CAMRDNYAQGLTF-AJ26_BV3-CASSLGPSSYEQYF-BJ2-7,0.4154867745811647,214
1011,D7A,0.6799999999999999,1.0,AV6D-7-CALGEGGYKVVF-AJ12_BV5-CASSQDQVGERLFF-BJ1-4,0.6143445709114455,169
1012,D7A,0.6799999999999999,1.0,AV12-2-CALISQQGTGSKLSF-AJ58_BV1-CTCSAVRVSYEQYF-BJ2-7,0.49128723226201704,10
1013,D7A,0.6799999999999999,1.0,AV13-2-CALNNNAGAKLTF-AJ39_BV14-CASSNREEVFF-BJ1-1,0.6754673000448852,7
1014,D7A,0.6799999999999999,1.0,AV6-6-CALGEGGYKVVF-AJ12_BV5-CASSQDQVGERLFF-BJ1-4,0.5197361831815217,5
1015,D7A,0.6799999999999999,1.0,AV16-CAMREGNNVGDNSKLIW-AJ38_BV13-3-CASSERNQAPLF-BJ1-5,0.8759363349320175,5
1016,D7A,0.6799999999999999,1.0,AV16-CAMREANTGYQNFYF-AJ49_BV13-2-CASGTGGQNTLYF-BJ2-4,0.5961659814611178,27
1017,D7A,0.6799999999999999,1.0,AV16-CAMREANTGYQNFYF-AJ49_BV13-2-CASGDGAQNTLYF-BJ2-4,0.9554409471673456,16
1018,D7A,0.6799999999999999,1.0,AV6-2-CVLGNTEGADRLTF-AJ45_BV1-CTCSAVRVGSDYTF-BJ1-2,0.4716207387230547,5
1019,D7A,0.6799999999999999,1.0,AV7-6-CAVGYQNFYF-AJ49_BV4-CASSDRDINYAEQFF-BJ2-1,0.6084780356039643,22
1020,D7A,0.6799999999999999,1.0,AV16-CAMREANTGYQNFYF-AJ49_BV13-2-CASGGGGQNTLYF-BJ2-4,0.6507385904349821,5
1021,D7A,0.6799999999999999,1.0,AV7-2-CAATGNTGKLIF-AJ37_BV19-CASSIRIAEQFF-BJ2-1,0.4650876530969657,8
1022,D7A,0.6799999999999999,1.0,AV7-2-CAAASSGSWQLIF-AJ22_BV13-1-CASSDVLYEQYF-BJ2-7,0.5234196987710555,5
1023,D7A,0.675,1.0,AV16N-CAMRDNYAQGLTF-AJ26_BV3-CASSLGPSSYEQYF-BJ2-7,0.4154867745811647,214
1024,D7A,0.675,1.0,AV6D-7-CALGEGGYKVVF-AJ12_BV5-CASSQDQVGERLFF-BJ1-4,0.6143445709114455,169
1025,D7A,0.675,1.0,AV12-2-CALISQQGTGSKLSF-AJ58_BV1-CTCSAVRVSYEQYF-BJ2-7,0.49128723226201704,10
1026,D7A,0.675,1.0,AV13-2-CALNNNAGAKLTF-AJ39_BV14-CASSNREEVFF-BJ1-1,0.6754673000448852,7
1027,D7A,0.675,1.0,AV6-6-CALGEGGYKVVF-AJ12_BV5-CASSQDQVGERLFF-BJ1-4,0.5197361831815217,5
1028,D7A,0.675,1.0,AV16-CAMREGNNVGDNSKLIW-AJ38_BV13-3-CASSERNQAPLF-BJ1-5,0.8759363349320175,5
1029,D7A,0.675,1.0,AV16-CAMREANTGYQNFYF-AJ49_BV13-2-CASGTGGQNTLYF-BJ2-4,0.5961659814611178,27
1030,D7A,0.675,1.0,AV16-CAMREANTGYQNFYF-AJ49_BV13-2-CASGDGAQNTLYF-BJ2-4,0.9554409471673456,16
1031,D7A,0.675,1.0,AV6-2-CVLGNTEGADRLTF-AJ45_BV1-CTCSAVRVGSDYTF-BJ1-2,0.4716207387230547,5
1032,D7A,0.675,1.0,AV7-6-CAVGYQNFYF-AJ49_BV4-CASSDRDINYAEQFF-BJ2-1,0.6084780356039643,22
1033,D7A,0.675,1.0,AV16-CAMREANTGYQNFYF-AJ49_BV13-2-CASGGGGQNTLYF-BJ2-4,0.6507385904349821,5
1034,D7A,0.675,1.0,AV7-2-CAATGNTGKLIF-AJ37_BV19-CASSIRIAEQFF-BJ2-1,0.4650876530969657,8
1035,D7A,0.675,1.0,AV7-2-CAAASSGSWQLIF-AJ22_BV13-1-CASSDVLYEQYF-BJ2-7,0.5234196987710555,5
1036,D7A,0.6699999999999999,1.0,AV16N-CAMRDNYAQGLTF-AJ26_BV3-CASSLGPSSYEQYF-BJ2-7,0.4154867745811647,214
1037,D7A,0.6699999999999999,1.0,AV6D-7-CALGEGGYKVVF-AJ12_BV5-CASSQDQVGERLFF-BJ1-4,0.6143445709114455,169
1038,D7A,0.6699999999999999,1.0,AV12-2-CALISQQGTGSKLSF-AJ58_BV1-CTCSAVRVSYEQYF-BJ2-7,0.49128723226201704,10
1039,D7A,0.6699999999999999,1.0,AV13-2-CALNNNAGAKLTF-AJ39_BV14-CASSNREEVFF-BJ1-1,0.6754673000448852,7
1040,D7A,0.6699999999999999,1.0,AV6-6-CALGEGGYKVVF-AJ12_BV5-CASSQDQVGERLFF-BJ1-4,0.5197361831815217,5
1041,D7A,0.6699999999999999,1.0,AV16-CAMREGNNVGDNSKLIW-AJ38_BV13-3-CASSERNQAPLF-BJ1-5,0.8759363349320175,5
1042,D7A,0.6699999999999999,1.0,AV16-CAMREANTGYQNFYF-AJ49_BV13-2-CASGTGGQNTLYF-BJ2-4,0.5961659814611178,27
1043,D7A,0.6699999999999999,1.0,AV16-CAMREANTGYQNFYF-AJ49_BV13-2-CASGDGAQNTLYF-BJ2-4,0.9554409471673456,16
1044,D7A,0.6699999999999999,1.0,AV6-2-CVLGNTEGADRLTF-AJ45_BV1-CTCSAVRVGSDYTF-BJ1-2,0.4716207387230547,5
1045,D7A,0.6699999999999999,1.0,AV7-6-CAVGYQNFYF-AJ49_BV4-CASSDRDINYAEQFF-BJ2-1,0.6084780356039643,22
1046,D7A,0.6699999999999999,1.0,AV16-CAMREANTGYQNFYF-AJ49_BV13-2-CASGGGGQNTLYF-BJ2-4,0.6507385904349821,5
1047,D7A,0.6699999999999999,1.0,AV7-2-CAATGNTGKLIF-AJ37_BV19-CASSIRIAEQFF-BJ2-1,0.4650876530969657,8
1048,D7A,0.6699999999999999,1.0,AV7-2-CAAASSGSWQLIF-AJ22_BV13-1-CASSDVLYEQYF-BJ2-7,0.5234196987710555,5
1049,D7A,0.665,1.0,AV16N-CAMRDNYAQGLTF-AJ26_BV3-CASSLGPSSYEQYF-BJ2-7,0.4154867745811647,214
1050,D7A,0.665,1.0,AV6D-7-CALGEGGYKVVF-AJ12_BV5-CASSQDQVGERLFF-BJ1-4,0.6143445709114455,169
1051,D7A,0.665,1.0,AV12-2-CALISQQGTGSKLSF-AJ58_BV1-CTCSAVRVSYEQYF-BJ2-7,0.49128723226201704,10
1052,D7A,0.665,1.0,AV13-2-CALNNNAGAKLTF-AJ39_BV14-CASSNREEVFF-BJ1-1,0.6754673000448852,7
1053,D7A,0.665,1.0,AV6-6-CALGEGGYKVVF-AJ12_BV5-CASSQDQVGERLFF-BJ1-4,0.5197361831815217,5
1054,D7A,0.665,1.0,AV16-CAMREGNNVGDNSKLIW-AJ38_BV13-3-CASSERNQAPLF-BJ1-5,0.8759363349320175,5
1055,D7A,0.665,1.0,AV16-CAMREANTGYQNFYF-AJ49_BV13-2-CASGTGGQNTLYF-BJ2-4,0.5961659814611178,27
1056,D7A,0.665,1.0,AV16-CAMREANTGYQNFYF-AJ49_BV13-2-CASGDGAQNTLYF-BJ2-4,0.9554409471673456,16
1057,D7A,0.665,1.0,AV6-2-CVLGNTEGADRLTF-AJ45_BV1-CTCSAVRVGSDYTF-BJ1-2,0.4716207387230547,5
1058,D7A,0.665,1.0,AV7-6-CAVGYQNFYF-AJ49_BV4-CASSDRDINYAEQFF-BJ2-1,0.6084780356039643,22
1059,D7A,0.665,1.0,AV16-CAMREANTGYQNFYF-AJ49_BV13-2-CASGGGGQNTLYF-BJ2-4,0.6507385904349821,5
1060,D7A,0.665,1.0,AV7-2-CAATGNTGKLIF-AJ37_BV19-CASSIRIAEQFF-BJ2-1,0.4650876530969657,8
1061,D7A,0.665,1.0,AV7-2-CAAASSGSWQLIF-AJ22_BV13-1-CASSDVLYEQYF-BJ2-7,0.5234196987710555,5
1062,D7A,0.6599999999999999,1.0,AV16N-CAMRDNYAQGLTF-AJ26_BV3-CASSLGPSSYEQYF-BJ2-7,0.4154867745811647,214
1063,D7A,0.6599999999999999,1.0,AV6D-7-CALGEGGYKVVF-AJ12_BV5-CASSQDQVGERLFF-BJ1-4,0.6143445709114455,169
1064,D7A,0.6599999999999999,1.0,AV12-2-CALISQQGTGSKLSF-AJ58_BV1-CTCSAVRVSYEQYF-BJ2-7,0.49128723226201704,10
1065,D7A,0.6599999999999999,1.0,AV13-2-CALNNNAGAKLTF-AJ39_BV14-CASSNREEVFF-BJ1-1,0.6754673000448852,7
1066,D7A,0.6599999999999999,1.0,AV6-6-CALGEGGYKVVF-AJ12_BV5-CASSQDQVGERLFF-BJ1-4,0.5197361831815217,5
1067,D7A,0.6599999999999999,1.0,AV16-CAMREGNNVGDNSKLIW-AJ38_BV13-3-CASSERNQAPLF-BJ1-5,0.8759363349320175,5
1068,D7A,0.6599999999999999,1.0,AV16-CAMREANTGYQNFYF-AJ49_BV13-2-CASGTGGQNTLYF-BJ2-4,0.5961659814611178,27
1069,D7A,0.6599999999999999,1.0,AV16-CAMREANTGYQNFYF-AJ49_BV13-2-CASGDGAQNTLYF-BJ2-4,0.9554409471673456,16
1070,D7A,0.6599999999999999,1.0,AV6-2-CVLGNTEGADRLTF-AJ45_BV1-CTCSAVRVGSDYTF-BJ1-2,0.4716207387230547,5
1071,D7A,0.6599999999999999,1.0,AV7-6-CAVGYQNFYF-AJ49_BV4-CASSDRDINYAEQFF-BJ2-1,0.6084780356039643,22
1072,D7A,0.6599999999999999,1.0,AV16-CAMREANTGYQNFYF-AJ49_BV13-2-CASGGGGQNTLYF-BJ2-4,0.6507385904349821,5
1073,D7A,0.6599999999999999,1.0,AV7-2-CAATGNTGKLIF-AJ37_BV19-CASSIRIAEQFF-BJ2-1,0.4650876530969657,8
1074,D7A,0.6599999999999999,1.0,AV7-2-CAAASSGSWQLIF-AJ22_BV13-1-CASSDVLYEQYF-BJ2-7,0.5234196987710555,5
1075,D7A,0.655,1.0,AV16N-CAMRDNYAQGLTF-AJ26_BV3-CASSLGPSSYEQYF-BJ2-7,0.4154867745811647,214
1076,D7A,0.655,1.0,AV6D-7-CALGEGGYKVVF-AJ12_BV5-CASSQDQVGERLFF-BJ1-4,0.6143445709114455,169
1077,D7A,0.655,1.0,AV12-2-CALISQQGTGSKLSF-AJ58_BV1-CTCSAVRVSYEQYF-BJ2-7,0.49128723226201704,10
1078,D7A,0.655,1.0,AV13-2-CALNNNAGAKLTF-AJ39_BV14-CASSNREEVFF-BJ1-1,0.6754673000448852,7
1079,D7A,0.655,1.0,AV6-6-CALGEGGYKVVF-AJ12_BV5-CASSQDQVGERLFF-BJ1-4,0.5197361831815217,5
1080,D7A,0.655,1.0,AV16-CAMREGNNVGDNSKLIW-AJ38_BV13-3-CASSERNQAPLF-BJ1-5,0.8759363349320175,5
1081,D7A,0.655,1.0,AV16-CAMREANTGYQNFYF-AJ49_BV13-2-CASGTGGQNTLYF-BJ2-4,0.5961659814611178,27
1082,D7A,0.655,1.0,AV16-CAMREANTGYQNFYF-AJ49_BV13-2-CASGDGAQNTLYF-BJ2-4,0.9554409471673456,16
1083,D7A,0.655,1.0,AV6-2-CVLGNTEGADRLTF-AJ45_BV1-CTCSAVRVGSDYTF-BJ1-2,0.4716207387230547,5
1084,D7A,0.655,1.0,AV7-6-CAVGYQNFYF-AJ49_BV4-CASSDRDINYAEQFF-BJ2-1,0.6084780356039643,22
1085,D7A,0.655,1.0,AV16-CAMREANTGYQNFYF-AJ49_BV13-2-CASGGGGQNTLYF-BJ2-4,0.6507385904349821,5
1086,D7A,0.655,1.0,AV7-2-CAATGNTGKLIF-AJ37_BV19-CASSIRIAEQFF-BJ2-1,0.4650876530969657,8
1087,D7A,0.655,1.0,AV7-2-CAAASSGSWQLIF-AJ22_BV13-1-CASSDVLYEQYF-BJ2-7,0.5234196987710555,5
1088,D7A,0.6499999999999999,1.0,AV16N-CAMRDNYAQGLTF-AJ26_BV3-CASSLGPSSYEQYF-BJ2-7,0.4154867745811647,214
1089,D7A,0.6499999999999999,1.0,AV6D-7-CALGEGGYKVVF-AJ12_BV5-CASSQDQVGERLFF-BJ1-4,0.6143445709114455,169
1090,D7A,0.6499999999999999,1.0,AV12-2-CALISQQGTGSKLSF-AJ58_BV1-CTCSAVRVSYEQYF-BJ2-7,0.49128723226201704,10
1091,D7A,0.6499999999999999,1.0,AV13-2-CALNNNAGAKLTF-AJ39_BV14-CASSNREEVFF-BJ1-1,0.6754673000448852,7
1092,D7A,0.6499999999999999,1.0,AV6-6-CALGEGGYKVVF-AJ12_BV5-CASSQDQVGERLFF-BJ1-4,0.5197361831815217,5
1093,D7A,0.6499999999999999,1.0,AV16-CAMREGNNVGDNSKLIW-AJ38_BV13-3-CASSERNQAPLF-BJ1-5,0.8759363349320175,5
1094,D7A,0.6499999999999999,1.0,AV16-CAMREANTGYQNFYF-AJ49_BV13-2-CASGTGGQNTLYF-BJ2-4,0.5961659814611178,27
1095,D7A,0.6499999999999999,1.0,AV16-CAMREANTGYQNFYF-AJ49_BV13-2-CASGDGAQNTLYF-BJ2-4,0.9554409471673456,16
1096,D7A,0.6499999999999999,1.0,AV6-2-CVLGNTEGADRLTF-AJ45_BV1-CTCSAVRVGSDYTF-BJ1-2,0.4716207387230547,5
1097,D7A,0.6499999999999999,1.0,AV7-6-CAVGYQNFYF-AJ49_BV4-CASSDRDINYAEQFF-BJ2-1,0.6084780356039643,22
1098,D7A,0.6499999999999999,1.0,AV16-CAMREANTGYQNFYF-AJ49_BV13-2-CASGGGGQNTLYF-BJ2-4,0.6507385904349821,5
1099,D7A,0.6499999999999999,1.0,AV7-2-CAATGNTGKLIF-AJ37_BV19-CASSIRIAEQFF-BJ2-1,0.4650876530969657,8
1100,D7A,0.6499999999999999,1.0,AV7-2-CAAASSGSWQLIF-AJ22_BV13-1-CASSDVLYEQYF-BJ2-7,0.5234196987710555,5
1101,D7A,0.645,1.0,AV16N-CAMRDNYAQGLTF-AJ26_BV3-CASSLGPSSYEQYF-BJ2-7,0.4154867745811647,214
1102,D7A,0.645,1.0,AV6D-7-CALGEGGYKVVF-AJ12_BV5-CASSQDQVGERLFF-BJ1-4,0.6143445709114455,169
1103,D7A,0.645,1.0,AV12-2-CALISQQGTGSKLSF-AJ58_BV1-CTCSAVRVSYEQYF-BJ2-7,0.49128723226201704,10
1104,D7A,0.645,1.0,AV13-2-CALNNNAGAKLTF-AJ39_BV14-CASSNREEVFF-BJ1-1,0.6754673000448852,7
1105,D7A,0.645,1.0,AV6-6-CALGEGGYKVVF-AJ12_BV5-CASSQDQVGERLFF-BJ1-4,0.5197361831815217,5
1106,D7A,0.645,1.0,AV16-CAMREGNNVGDNSKLIW-AJ38_BV13-3-CASSERNQAPLF-BJ1-5,0.8759363349320175,5
1107,D7A,0.645,1.0,AV16-CAMREANTGYQNFYF-AJ49_BV13-2-CASGTGGQNTLYF-BJ2-4,0.5961659814611178,27
1108,D7A,0.645,1.0,AV16-CAMREANTGYQNFYF-AJ49_BV13-2-CASGDGAQNTLYF-BJ2-4,0.9554409471673456,16
1109,D7A,0.645,1.0,AV6-2-CVLGNTEGADRLTF-AJ45_BV1-CTCSAVRVGSDYTF-BJ1-2,0.4716207387230547,5
1110,D7A,0.645,1.0,AV7-6-CAVGYQNFYF-AJ49_BV4-CASSDRDINYAEQFF-BJ2-1,0.6084780356039643,22
1111,D7A,0.645,1.0,AV16-CAMREANTGYQNFYF-AJ49_BV13-2-CASGGGGQNTLYF-BJ2-4,0.6507385904349821,5
1112,D7A,0.645,1.0,AV7-2-CAATGNTGKLIF-AJ37_BV19-CASSIRIAEQFF-BJ2-1,0.4650876530969657,8
1113,D7A,0.645,1.0,AV7-2-CAAASSGSWQLIF-AJ22_BV13-1-CASSDVLYEQYF-BJ2-7,0.5234196987710555,5
1114,D7A,0.64,1.0,AV16N-CAMRDNYAQGLTF-AJ26_BV3-CASSLGPSSYEQYF-BJ2-7,0.4154867745811647,214
1115,D7A,0.64,1.0,AV6D-7-CALGEGGYKVVF-AJ12_BV5-CASSQDQVGERLFF-BJ1-4,0.6143445709114455,169
1116,D7A,0.64,1.0,AV12-2-CALISQQGTGSKLSF-AJ58_BV1-CTCSAVRVSYEQYF-BJ2-7,0.49128723226201704,10
1117,D7A,0.64,1.0,AV13-2-CALNNNAGAKLTF-AJ39_BV14-CASSNREEVFF-BJ1-1,0.6754673000448852,7
1118,D7A,0.64,1.0,AV6-6-CALGEGGYKVVF-AJ12_BV5-CASSQDQVGERLFF-BJ1-4,0.5197361831815217,5
1119,D7A,0.64,1.0,AV16-CAMREGNNVGDNSKLIW-AJ38_BV13-3-CASSERNQAPLF-BJ1-5,0.8759363349320175,5
1120,D7A,0.64,1.0,AV16-CAMREANTGYQNFYF-AJ49_BV13-2-CASGTGGQNTLYF-BJ2-4,0.5961659814611178,27
1121,D7A,0.64,1.0,AV16-CAMREANTGYQNFYF-AJ49_BV13-2-CASGDGAQNTLYF-BJ2-4,0.9554409471673456,16
1122,D7A,0.64,1.0,AV6-2-CVLGNTEGADRLTF-AJ45_BV1-CTCSAVRVGSDYTF-BJ1-2,0.4716207387230547,5
1123,D7A,0.64,1.0,AV7-6-CAVGYQNFYF-AJ49_BV4-CASSDRDINYAEQFF-BJ2-1,0.6084780356039643,22
1124,D7A,0.64,1.0,AV16-CAMREANTGYQNFYF-AJ49_BV13-2-CASGGGGQNTLYF-BJ2-4,0.6507385904349821,5
1125,D7A,0.64,1.0,AV7-2-CAATGNTGKLIF-AJ37_BV19-CASSIRIAEQFF-BJ2-1,0.4650876530969657,8
1126,D7A,0.64,1.0,AV7-2-CAAASSGSWQLIF-AJ22_BV13-1-CASSDVLYEQYF-BJ2-7,0.5234196987710555,5
1127,D7A,0.635,1.0,AV16N-CAMRDNYAQGLTF-AJ26_BV3-CASSLGPSSYEQYF-BJ2-7,0.4154867745811647,214
1128,D7A,0.635,1.0,AV6D-7-CALGEGGYKVVF-AJ12_BV5-CASSQDQVGERLFF-BJ1-4,0.6143445709114455,169
1129,D7A,0.635,1.0,AV12-2-CALISQQGTGSKLSF-AJ58_BV1-CTCSAVRVSYEQYF-BJ2-7,0.49128723226201704,10
1130,D7A,0.635,1.0,AV13-2-CALNNNAGAKLTF-AJ39_BV14-CASSNREEVFF-BJ1-1,0.6754673000448852,7
1131,D7A,0.635,1.0,AV6-6-CALGEGGYKVVF-AJ12_BV5-CASSQDQVGERLFF-BJ1-4,0.5197361831815217,5
1132,D7A,0.635,1.0,AV16-CAMREGNNVGDNSKLIW-AJ38_BV13-3-CASSERNQAPLF-BJ1-5,0.8759363349320175,5
1133,D7A,0.635,1.0,AV16-CAMREANTGYQNFYF-AJ49_BV13-2-CASGTGGQNTLYF-BJ2-4,0.5961659814611178,27
1134,D7A,0.635,1.0,AV16-CAMREANTGYQNFYF-AJ49_BV13-2-CASGDGAQNTLYF-BJ2-4,0.9554409471673456,16
1135,D7A,0.635,1.0,AV6-2-CVLGNTEGADRLTF-AJ45_BV1-CTCSAVRVGSDYTF-BJ1-2,0.4716207387230547,5
1136,D7A,0.635,1.0,AV7-6-CAVGYQNFYF-AJ49_BV4-CASSDRDINYAEQFF-BJ2-1,0.6084780356039643,22
1137,D7A,0.635,1.0,AV16-CAMREANTGYQNFYF-AJ49_BV13-2-CASGGGGQNTLYF-BJ2-4,0.6507385904349821,5
1138,D7A,0.635,1.0,AV7-2-CAATGNTGKLIF-AJ37_BV19-CASSIRIAEQFF-BJ2-1,0.4650876530969657,8
1139,D7A,0.635,1.0,AV7-2-CAAASSGSWQLIF-AJ22_BV13-1-CASSDVLYEQYF-BJ2-7,0.5234196987710555,5
1140,D7A,0.63,1.0,AV16N-CAMRDNYAQGLTF-AJ26_BV3-CASSLGPSSYEQYF-BJ2-7,0.4154867745811647,214
1141,D7A,0.63,1.0,AV6D-7-CALGEGGYKVVF-AJ12_BV5-CASSQDQVGERLFF-BJ1-4,0.6143445709114455,169
1142,D7A,0.63,1.0,AV12-2-CALISQQGTGSKLSF-AJ58_BV1-CTCSAVRVSYEQYF-BJ2-7,0.49128723226201704,10
1143,D7A,0.63,1.0,AV13-2-CALNNNAGAKLTF-AJ39_BV14-CASSNREEVFF-BJ1-1,0.6754673000448852,7
1144,D7A,0.63,1.0,AV6-6-CALGEGGYKVVF-AJ12_BV5-CASSQDQVGERLFF-BJ1-4,0.5197361831815217,5
1145,D7A,0.63,1.0,AV16-CAMREGNNVGDNSKLIW-AJ38_BV13-3-CASSERNQAPLF-BJ1-5,0.8759363349320175,5
1146,D7A,0.63,1.0,AV16-CAMREANTGYQNFYF-AJ49_BV13-2-CASGTGGQNTLYF-BJ2-4,0.5961659814611178,27
1147,D7A,0.63,1.0,AV16-CAMREANTGYQNFYF-AJ49_BV13-2-CASGDGAQNTLYF-BJ2-4,0.9554409471673456,16
1148,D7A,0.63,1.0,AV6-2-CVLGNTEGADRLTF-AJ45_BV1-CTCSAVRVGSDYTF-BJ1-2,0.4716207387230547,5
1149,D7A,0.63,1.0,AV7-6-CAVGYQNFYF-AJ49_BV4-CASSDRDINYAEQFF-BJ2-1,0.6084780356039643,22
1150,D7A,0.63,1.0,AV16-CAMREANTGYQNFYF-AJ49_BV13-2-CASGGGGQNTLYF-BJ2-4,0.6507385904349821,5
1151,D7A,0.63,1.0,AV7-2-CAATGNTGKLIF-AJ37_BV19-CASSIRIAEQFF-BJ2-1,0.4650876530969657,8
1152,D7A,0.63,1.0,AV7-2-CAAASSGSWQLIF-AJ22_BV13-1-CASSDVLYEQYF-BJ2-7,0.5234196987710555,5
1153,D7A,0.625,1.0,AV16N-CAMRDNYAQGLTF-AJ26_BV3-CASSLGPSSYEQYF-BJ2-7,0.4154867745811647,214
1154,D7A,0.625,1.0,AV6D-7-CALGEGGYKVVF-AJ12_BV5-CASSQDQVGERLFF-BJ1-4,0.6143445709114455,169
1155,D7A,0.625,1.0,AV12-2-CALISQQGTGSKLSF-AJ58_BV1-CTCSAVRVSYEQYF-BJ2-7,0.49128723226201704,10
1156,D7A,0.625,1.0,AV13-2-CALNNNAGAKLTF-AJ39_BV14-CASSNREEVFF-BJ1-1,0.6754673000448852,7
1157,D7A,0.625,1.0,AV6-6-CALGEGGYKVVF-AJ12_BV5-CASSQDQVGERLFF-BJ1-4,0.5197361831815217,5
1158,D7A,0.625,1.0,AV16-CAMREGNNVGDNSKLIW-AJ38_BV13-3-CASSERNQAPLF-BJ1-5,0.8759363349320175,5
1159,D7A,0.625,1.0,AV16-CAMREANTGYQNFYF-AJ49_BV13-2-CASGTGGQNTLYF-BJ2-4,0.5961659814611178,27
1160,D7A,0.625,1.0,AV16-CAMREANTGYQNFYF-AJ49_BV13-2-CASGDGAQNTLYF-BJ2-4,0.9554409471673456,16
1161,D7A,0.625,1.0,AV6-2-CVLGNTEGADRLTF-AJ45_BV1-CTCSAVRVGSDYTF-BJ1-2,0.4716207387230547,5
1162,D7A,0.625,1.0,AV7-6-CAVGYQNFYF-AJ49_BV4-CASSDRDINYAEQFF-BJ2-1,0.6084780356039643,22
1163,D7A,0.625,1.0,AV16-CAMREANTGYQNFYF-AJ49_BV13-2-CASGGGGQNTLYF-BJ2-4,0.6507385904349821,5
1164,D7A,0.625,1.0,AV7-2-CAATGNTGKLIF-AJ37_BV19-CASSIRIAEQFF-BJ2-1,0.4650876530969657,8
1165,D7A,0.625,1.0,AV7-2-CAAASSGSWQLIF-AJ22_BV13-1-CASSDVLYEQYF-BJ2-7,0.5234196987710555,5
1166,D7A,0.62,1.0,AV16N-CAMRDNYAQGLTF-AJ26_BV3-CASSLGPSSYEQYF-BJ2-7,0.4154867745811647,214
1167,D7A,0.62,1.0,AV6D-7-CALGEGGYKVVF-AJ12_BV5-CASSQDQVGERLFF-BJ1-4,0.6143445709114455,169
1168,D7A,0.62,1.0,AV12-2-CALISQQGTGSKLSF-AJ58_BV1-CTCSAVRVSYEQYF-BJ2-7,0.49128723226201704,10
1169,D7A,0.62,1.0,AV13-2-CALNNNAGAKLTF-AJ39_BV14-CASSNREEVFF-BJ1-1,0.6754673000448852,7
1170,D7A,0.62,1.0,AV6-6-CALGEGGYKVVF-AJ12_BV5-CASSQDQVGERLFF-BJ1-4,0.5197361831815217,5
1171,D7A,0.62,1.0,AV16-CAMREGNNVGDNSKLIW-AJ38_BV13-3-CASSERNQAPLF-BJ1-5,0.8759363349320175,5
1172,D7A,0.62,1.0,AV16-CAMREANTGYQNFYF-AJ49_BV13-2-CASGTGGQNTLYF-BJ2-4,0.5961659814611178,27
1173,D7A,0.62,1.0,AV16-CAMREANTGYQNFYF-AJ49_BV13-2-CASGDGAQNTLYF-BJ2-4,0.9554409471673456,16
1174,D7A,0.62,1.0,AV6-2-CVLGNTEGADRLTF-AJ45_BV1-CTCSAVRVGSDYTF-BJ1-2,0.4716207387230547,5
1175,D7A,0.62,1.0,AV7-6-CAVGYQNFYF-AJ49_BV4-CASSDRDINYAEQFF-BJ2-1,0.6084780356039643,22
1176,D7A,0.62,1.0,AV16-CAMREANTGYQNFYF-AJ49_BV13-2-CASGGGGQNTLYF-BJ2-4,0.6507385904349821,5
1177,D7A,0.62,1.0,AV7-2-CAATGNTGKLIF-AJ37_BV19-CASSIRIAEQFF-BJ2-1,0.4650876530969657,8
1178,D7A,0.62,1.0,AV7-2-CAAASSGSWQLIF-AJ22_BV13-1-CASSDVLYEQYF-BJ2-7,0.5234196987710555,5
1179,D7A,0.615,1.0,AV16N-CAMRDNYAQGLTF-AJ26_BV3-CASSLGPSSYEQYF-BJ2-7,0.4154867745811647,214
1180,D7A,0.615,1.0,AV6D-7-CALGEGGYKVVF-AJ12_BV5-CASSQDQVGERLFF-BJ1-4,0.6143445709114455,169
1181,D7A,0.615,1.0,AV12-2-CALISQQGTGSKLSF-AJ58_BV1-CTCSAVRVSYEQYF-BJ2-7,0.49128723226201704,10
1182,D7A,0.615,1.0,AV13-2-CALNNNAGAKLTF-AJ39_BV14-CASSNREEVFF-BJ1-1,0.6754673000448852,7
1183,D7A,0.615,1.0,AV6-6-CALGEGGYKVVF-AJ12_BV5-CASSQDQVGERLFF-BJ1-4,0.5197361831815217,5
1184,D7A,0.615,1.0,AV16-CAMREGNNVGDNSKLIW-AJ38_BV13-3-CASSERNQAPLF-BJ1-5,0.8759363349320175,5
1185,D7A,0.615,1.0,AV16-CAMREANTGYQNFYF-AJ49_BV13-2-CASGTGGQNTLYF-BJ2-4,0.5961659814611178,27
1186,D7A,0.615,1.0,AV16-CAMREANTGYQNFYF-AJ49_BV13-2-CASGDGAQNTLYF-BJ2-4,0.9554409471673456,16
1187,D7A,0.615,1.0,AV6-2-CVLGNTEGADRLTF-AJ45_BV1-CTCSAVRVGSDYTF-BJ1-2,0.4716207387230547,5
1188,D7A,0.615,1.0,AV7-6-CAVGYQNFYF-AJ49_BV4-CASSDRDINYAEQFF-BJ2-1,0.6084780356039643,22
1189,D7A,0.615,1.0,AV16-CAMREANTGYQNFYF-AJ49_BV13-2-CASGGGGQNTLYF-BJ2-4,0.6507385904349821,5
1190,D7A,0.615,1.0,AV7-2-CAATGNTGKLIF-AJ37_BV19-CASSIRIAEQFF-BJ2-1,0.4650876530969657,8
1191,D7A,0.615,1.0,AV7-2-CAAASSGSWQLIF-AJ22_BV13-1-CASSDVLYEQYF-BJ2-7,0.5234196987710555,5
1192,D7A,0.61,1.0,AV16N-CAMRDNYAQGLTF-AJ26_BV3-CASSLGPSSYEQYF-BJ2-7,0.4154867745811647,214
1193,D7A,0.61,1.0,AV6D-7-CALGEGGYKVVF-AJ12_BV5-CASSQDQVGERLFF-BJ1-4,0.6143445709114455,169
1194,D7A,0.61,1.0,AV12-2-CALISQQGTGSKLSF-AJ58_BV1-CTCSAVRVSYEQYF-BJ2-7,0.49128723226201704,10
1195,D7A,0.61,1.0,AV13-2-CALNNNAGAKLTF-AJ39_BV14-CASSNREEVFF-BJ1-1,0.6754673000448852,7
1196,D7A,0.61,1.0,AV6-6-CALGEGGYKVVF-AJ12_BV5-CASSQDQVGERLFF-BJ1-4,0.5197361831815217,5
1197,D7A,0.61,1.0,AV16-CAMREGNNVGDNSKLIW-AJ38_BV13-3-CASSERNQAPLF-BJ1-5,0.8759363349320175,5
1198,D7A,0.61,1.0,AV16-CAMREANTGYQNFYF-AJ49_BV13-2-CASGTGGQNTLYF-BJ2-4,0.5961659814611178,27
1199,D7A,0.61,1.0,AV16-CAMREANTGYQNFYF-AJ49_BV13-2-CASGDGAQNTLYF-BJ2-4,0.9554409471673456,16
1200,D7A,0.61,1.0,AV6-2-CVLGNTEGADRLTF-AJ45_BV1-CTCSAVRVGSDYTF-BJ1-2,0.4716207387230547,5
1201,D7A,0.61,1.0,AV7-6-CAVGYQNFYF-AJ49_BV4-CASSDRDINYAEQFF-BJ2-1,0.6084780356039643,22
1202,D7A,0.61,1.0,AV16-CAMREANTGYQNFYF-AJ49_BV13-2-CASGGGGQNTLYF-BJ2-4,0.6507385904349821,5
1203,D7A,0.61,1.0,AV7-2-CAATGNTGKLIF-AJ37_BV19-CASSIRIAEQFF-BJ2-1,0.4650876530969657,8
1204,D7A,0.61,1.0,AV7-2-CAAASSGSWQLIF-AJ22_BV13-1-CASSDVLYEQYF-BJ2-7,0.5234196987710555,5
1205,D7A,0.605,1.0,AV16N-CAMRDNYAQGLTF-AJ26_BV3-CASSLGPSSYEQYF-BJ2-7,0.4154867745811647,214
1206,D7A,0.605,1.0,AV6D-7-CALGEGGYKVVF-AJ12_BV5-CASSQDQVGERLFF-BJ1-4,0.6143445709114455,169
1207,D7A,0.605,1.0,AV12-2-CALISQQGTGSKLSF-AJ58_BV1-CTCSAVRVSYEQYF-BJ2-7,0.49128723226201704,10
1208,D7A,0.605,1.0,AV13-2-CALNNNAGAKLTF-AJ39_BV14-CASSNREEVFF-BJ1-1,0.6754673000448852,7
1209,D7A,0.605,1.0,AV6-6-CALGEGGYKVVF-AJ12_BV5-CASSQDQVGERLFF-BJ1-4,0.5197361831815217,5
1210,D7A,0.605,1.0,AV16-CAMREGNNVGDNSKLIW-AJ38_BV13-3-CASSERNQAPLF-BJ1-5,0.8759363349320175,5
1211,D7A,0.605,1.0,AV16-CAMREANTGYQNFYF-AJ49_BV13-2-CASGTGGQNTLYF-BJ2-4,0.5961659814611178,27
1212,D7A,0.605,1.0,AV16-CAMREANTGYQNFYF-AJ49_BV13-2-CASGDGAQNTLYF-BJ2-4,0.9554409471673456,16
1213,D7A,0.605,1.0,AV6-2-CVLGNTEGADRLTF-AJ45_BV1-CTCSAVRVGSDYTF-BJ1-2,0.4716207387230547,5
1214,D7A,0.605,1.0,AV7-6-CAVGYQNFYF-AJ49_BV4-CASSDRDINYAEQFF-BJ2-1,0.6084780356039643,22
1215,D7A,0.605,1.0,AV16-CAMREANTGYQNFYF-AJ49_BV13-2-CASGGGGQNTLYF-BJ2-4,0.6507385904349821,5
1216,D7A,0.605,1.0,AV7-2-CAATGNTGKLIF-AJ37_BV19-CASSIRIAEQFF-BJ2-1,0.4650876530969657,8
1217,D7A,0.605,1.0,AV7-2-CAAASSGSWQLIF-AJ22_BV13-1-CASSDVLYEQYF-BJ2-7,0.5234196987710555,5
1218,D7A,0.6,1.0,AV16N-CAMRDNYAQGLTF-AJ26_BV3-CASSLGPSSYEQYF-BJ2-7,0.4154867745811647,214
1219,D7A,0.6,1.0,AV6D-7-CALGEGGYKVVF-AJ12_BV5-CASSQDQVGERLFF-BJ1-4,0.6143445709114455,169
1220,D7A,0.6,1.0,AV12-2-CALISQQGTGSKLSF-AJ58_BV1-CTCSAVRVSYEQYF-BJ2-7,0.49128723226201704,10
1221,D7A,0.6,1.0,AV13-2-CALNNNAGAKLTF-AJ39_BV14-CASSNREEVFF-BJ1-1,0.6754673000448852,7
1222,D7A,0.6,1.0,AV6-6-CALGEGGYKVVF-AJ12_BV5-CASSQDQVGERLFF-BJ1-4,0.5197361831815217,5
1223,D7A,0.6,1.0,AV16-CAMREGNNVGDNSKLIW-AJ38_BV13-3-CASSERNQAPLF-BJ1-5,0.8759363349320175,5
1224,D7A,0.6,1.0,AV16-CAMREANTGYQNFYF-AJ49_BV13-2-CASGTGGQNTLYF-BJ2-4,0.5961659814611178,27
1225,D7A,0.6,1.0,AV16-CAMREANTGYQNFYF-AJ49_BV13-2-CASGDGAQNTLYF-BJ2-4,0.9554409471673456,16
1226,D7A,0.6,1.0,AV6-2-CVLGNTEGADRLTF-AJ45_BV1-CTCSAVRVGSDYTF-BJ1-2,0.4716207387230547,5
1227,D7A,0.6,1.0,AV7-6-CAVGYQNFYF-AJ49_BV4-CASSDRDINYAEQFF-BJ2-1,0.6084780356039643,22
1228,D7A,0.6,1.0,AV16-CAMREANTGYQNFYF-AJ49_BV13-2-CASGGGGQNTLYF-BJ2-4,0.6507385904349821,5
1229,D7A,0.6,1.0,AV7-2-CAATGNTGKLIF-AJ37_BV19-CASSIRIAEQFF-BJ2-1,0.4650876530969657,8
1230,D7A,0.6,1.0,AV7-2-CAAASSGSWQLIF-AJ22_BV13-1-CASSDVLYEQYF-BJ2-7,0.5234196987710555,5
1231,D7A,0.595,1.0,AV16N-CAMRDNYAQGLTF-AJ26_BV3-CASSLGPSSYEQYF-BJ2-7,0.4154867745811647,214
1232,D7A,0.595,1.0,AV6D-7-CALGEGGYKVVF-AJ12_BV5-CASSQDQVGERLFF-BJ1-4,0.6143445709114455,169
1233,D7A,0.595,1.0,AV12-2-CALISQQGTGSKLSF-AJ58_BV1-CTCSAVRVSYEQYF-BJ2-7,0.49128723226201704,10
1234,D7A,0.595,1.0,AV13-2-CALNNNAGAKLTF-AJ39_BV14-CASSNREEVFF-BJ1-1,0.6754673000448852,7
1235,D7A,0.595,1.0,AV6-6-CALGEGGYKVVF-AJ12_BV5-CASSQDQVGERLFF-BJ1-4,0.5197361831815217,5
1236,D7A,0.595,1.0,AV16-CAMREGNNVGDNSKLIW-AJ38_BV13-3-CASSERNQAPLF-BJ1-5,0.8759363349320175,5
1237,D7A,0.595,1.0,AV16-CAMREANTGYQNFYF-AJ49_BV13-2-CASGTGGQNTLYF-BJ2-4,0.5961659814611178,27
1238,D7A,0.595,1.0,AV16-CAMREANTGYQNFYF-AJ49_BV13-2-CASGDGAQNTLYF-BJ2-4,0.9554409471673456,16
1239,D7A,0.595,1.0,AV6-2-CVLGNTEGADRLTF-AJ45_BV1-CTCSAVRVGSDYTF-BJ1-2,0.4716207387230547,5
1240,D7A,0.595,1.0,AV7-6-CAVGYQNFYF-AJ49_BV4-CASSDRDINYAEQFF-BJ2-1,0.6084780356039643,22
1241,D7A,0.595,1.0,AV16-CAMREANTGYQNFYF-AJ49_BV13-2-CASGGGGQNTLYF-BJ2-4,0.6507385904349821,5
1242,D7A,0.595,1.0,AV7-2-CAATGNTGKLIF-AJ37_BV19-CASSIRIAEQFF-BJ2-1,0.4650876530969657,8
1243,D7A,0.595,1.0,AV7-2-CAAASSGSWQLIF-AJ22_BV13-1-CASSDVLYEQYF-BJ2-7,0.5234196987710555,5
1244,D7A,0.59,1.0,AV16N-CAMRDNYAQGLTF-AJ26_BV3-CASSLGPSSYEQYF-BJ2-7,0.4154867745811647,214
1245,D7A,0.59,1.0,AV6D-7-CALGEGGYKVVF-AJ12_BV5-CASSQDQVGERLFF-BJ1-4,0.6143445709114455,169
1246,D7A,0.59,1.0,AV12-2-CALISQQGTGSKLSF-AJ58_BV1-CTCSAVRVSYEQYF-BJ2-7,0.49128723226201704,10
1247,D7A,0.59,1.0,AV13-2-CALNNNAGAKLTF-AJ39_BV14-CASSNREEVFF-BJ1-1,0.6754673000448852,7
1248,D7A,0.59,1.0,AV6-6-CALGEGGYKVVF-AJ12_BV5-CASSQDQVGERLFF-BJ1-4,0.5197361831815217,5
1249,D7A,0.59,1.0,AV16-CAMREGNNVGDNSKLIW-AJ38_BV13-3-CASSERNQAPLF-BJ1-5,0.8759363349320175,5
1250,D7A,0.59,1.0,AV16-CAMREANTGYQNFYF-AJ49_BV13-2-CASGTGGQNTLYF-BJ2-4,0.5961659814611178,27
1251,D7A,0.59,1.0,AV16-CAMREANTGYQNFYF-AJ49_BV13-2-CASGDGAQNTLYF-BJ2-4,0.9554409471673456,16
1252,D7A,0.59,1.0,AV6-2-CVLGNTEGADRLTF-AJ45_BV1-CTCSAVRVGSDYTF-BJ1-2,0.4716207387230547,5
1253,D7A,0.59,1.0,AV7-6-CAVGYQNFYF-AJ49_BV4-CASSDRDINYAEQFF-BJ2-1,0.6084780356039643,22
1254,D7A,0.59,1.0,AV16-CAMREANTGYQNFYF-AJ49_BV13-2-CASGGGGQNTLYF-BJ2-4,0.6507385904349821,5
1255,D7A,0.59,1.0,AV7-2-CAATGNTGKLIF-AJ37_BV19-CASSIRIAEQFF-BJ2-1,0.4650876530969657,8
1256,D7A,0.59,1.0,AV7-2-CAAASSGSWQLIF-AJ22_BV13-1-CASSDVLYEQYF-BJ2-7,0.5234196987710555,5
1257,D7A,0.585,1.0,AV16N-CAMRDNYAQGLTF-AJ26_BV3-CASSLGPSSYEQYF-BJ2-7,0.4154867745811647,214
1258,D7A,0.585,1.0,AV6D-7-CALGEGGYKVVF-AJ12_BV5-CASSQDQVGERLFF-BJ1-4,0.6143445709114455,169
1259,D7A,0.585,1.0,AV12-2-CALISQQGTGSKLSF-AJ58_BV1-CTCSAVRVSYEQYF-BJ2-7,0.49128723226201704,10
1260,D7A,0.585,1.0,AV13-2-CALNNNAGAKLTF-AJ39_BV14-CASSNREEVFF-BJ1-1,0.6754673000448852,7
1261,D7A,0.585,1.0,AV6-6-CALGEGGYKVVF-AJ12_BV5-CASSQDQVGERLFF-BJ1-4,0.5197361831815217,5
1262,D7A,0.585,1.0,AV16-CAMREGNNVGDNSKLIW-AJ38_BV13-3-CASSERNQAPLF-BJ1-5,0.8759363349320175,5
1263,D7A,0.585,1.0,AV16-CAMREANTGYQNFYF-AJ49_BV13-2-CASGTGGQNTLYF-BJ2-4,0.5961659814611178,27
1264,D7A,0.585,1.0,AV16-CAMREANTGYQNFYF-AJ49_BV13-2-CASGDGAQNTLYF-BJ2-4,0.9554409471673456,16
1265,D7A,0.585,1.0,AV6-2-CVLGNTEGADRLTF-AJ45_BV1-CTCSAVRVGSDYTF-BJ1-2,0.4716207387230547,5
1266,D7A,0.585,1.0,AV7-6-CAVGYQNFYF-AJ49_BV4-CASSDRDINYAEQFF-BJ2-1,0.6084780356039643,22
1267,D7A,0.585,1.0,AV16-CAMREANTGYQNFYF-AJ49_BV13-2-CASGGGGQNTLYF-BJ2-4,0.6507385904349821,5
1268,D7A,0.585,1.0,AV7-2-CAATGNTGKLIF-AJ37_BV19-CASSIRIAEQFF-BJ2-1,0.4650876530969657,8
1269,D7A,0.585,1.0,AV7-2-CAAASSGSWQLIF-AJ22_BV13-1-CASSDVLYEQYF-BJ2-7,0.5234196987710555,5
1270,D7A,0.5800000000000001,1.0,AV16N-CAMRDNYAQGLTF-AJ26_BV3-CASSLGPSSYEQYF-BJ2-7,0.4154867745811647,214
1271,D7A,0.5800000000000001,1.0,AV6D-7-CALGEGGYKVVF-AJ12_BV5-CASSQDQVGERLFF-BJ1-4,0.6143445709114455,169
1272,D7A,0.5800000000000001,1.0,AV12-2-CALISQQGTGSKLSF-AJ58_BV1-CTCSAVRVSYEQYF-BJ2-7,0.49128723226201704,10
1273,D7A,0.5800000000000001,1.0,AV13-2-CALNNNAGAKLTF-AJ39_BV14-CASSNREEVFF-BJ1-1,0.6754673000448852,7
1274,D7A,0.5800000000000001,1.0,AV6-6-CALGEGGYKVVF-AJ12_BV5-CASSQDQVGERLFF-BJ1-4,0.5197361831815217,5
1275,D7A,0.5800000000000001,1.0,AV16-CAMREGNNVGDNSKLIW-AJ38_BV13-3-CASSERNQAPLF-BJ1-5,0.8759363349320175,5
1276,D7A,0.5800000000000001,1.0,AV16-CAMREANTGYQNFYF-AJ49_BV13-2-CASGTGGQNTLYF-BJ2-4,0.5961659814611178,27
1277,D7A,0.5800000000000001,1.0,AV16-CAMREANTGYQNFYF-AJ49_BV13-2-CASGDGAQNTLYF-BJ2-4,0.9554409471673456,16
1278,D7A,0.5800000000000001,1.0,AV6-2-CVLGNTEGADRLTF-AJ45_BV1-CTCSAVRVGSDYTF-BJ1-2,0.4716207387230547,5
1279,D7A,0.5800000000000001,1.0,AV7-6-CAVGYQNFYF-AJ49_BV4-CASSDRDINYAEQFF-BJ2-1,0.6084780356039643,22
1280,D7A,0.5800000000000001,1.0,AV16-CAMREANTGYQNFYF-AJ49_BV13-2-CASGGGGQNTLYF-BJ2-4,0.6507385904349821,5
1281,D7A,0.5800000000000001,1.0,AV7-2-CAATGNTGKLIF-AJ37_BV19-CASSIRIAEQFF-BJ2-1,0.4650876530969657,8
1282,D7A,0.5800000000000001,1.0,AV7-2-CAAASSGSWQLIF-AJ22_BV13-1-CASSDVLYEQYF-BJ2-7,0.5234196987710555,5
1283,D7A,0.575,1.0,AV16N-CAMRDNYAQGLTF-AJ26_BV3-CASSLGPSSYEQYF-BJ2-7,0.4154867745811647,214
1284,D7A,0.575,1.0,AV6D-7-CALGEGGYKVVF-AJ12_BV5-CASSQDQVGERLFF-BJ1-4,0.6143445709114455,169
1285,D7A,0.575,1.0,AV12-2-CALISQQGTGSKLSF-AJ58_BV1-CTCSAVRVSYEQYF-BJ2-7,0.49128723226201704,10
1286,D7A,0.575,1.0,AV13-2-CALNNNAGAKLTF-AJ39_BV14-CASSNREEVFF-BJ1-1,0.6754673000448852,7
1287,D7A,0.575,1.0,AV6-6-CALGEGGYKVVF-AJ12_BV5-CASSQDQVGERLFF-BJ1-4,0.5197361831815217,5
1288,D7A,0.575,1.0,AV16-CAMREGNNVGDNSKLIW-AJ38_BV13-3-CASSERNQAPLF-BJ1-5,0.8759363349320175,5
1289,D7A,0.575,1.0,AV16-CAMREANTGYQNFYF-AJ49_BV13-2-CASGTGGQNTLYF-BJ2-4,0.5961659814611178,27
1290,D7A,0.575,1.0,AV16-CAMREANTGYQNFYF-AJ49_BV13-2-CASGDGAQNTLYF-BJ2-4,0.9554409471673456,16
1291,D7A,0.575,1.0,AV6-2-CVLGNTEGADRLTF-AJ45_BV1-CTCSAVRVGSDYTF-BJ1-2,0.4716207387230547,5
1292,D7A,0.575,1.0,AV7-6-CAVGYQNFYF-AJ49_BV4-CASSDRDINYAEQFF-BJ2-1,0.6084780356039643,22
1293,D7A,0.575,1.0,AV16-CAMREANTGYQNFYF-AJ49_BV13-2-CASGGGGQNTLYF-BJ2-4,0.6507385904349821,5
1294,D7A,0.575,1.0,AV7-2-CAATGNTGKLIF-AJ37_BV19-CASSIRIAEQFF-BJ2-1,0.4650876530969657,8
1295,D7A,0.575,1.0,AV7-2-CAAASSGSWQLIF-AJ22_BV13-1-CASSDVLYEQYF-BJ2-7,0.5234196987710555,5
1296,D7A,0.5700000000000001,1.0,AV16N-CAMRDNYAQGLTF-AJ26_BV3-CASSLGPSSYEQYF-BJ2-7,0.4154867745811647,214
1297,D7A,0.5700000000000001,1.0,AV6D-7-CALGEGGYKVVF-AJ12_BV5-CASSQDQVGERLFF-BJ1-4,0.6143445709114455,169
1298,D7A,0.5700000000000001,1.0,AV12-2-CALISQQGTGSKLSF-AJ58_BV1-CTCSAVRVSYEQYF-BJ2-7,0.49128723226201704,10
1299,D7A,0.5700000000000001,1.0,AV13-2-CALNNNAGAKLTF-AJ39_BV14-CASSNREEVFF-BJ1-1,0.6754673000448852,7
1300,D7A,0.5700000000000001,1.0,AV6-6-CALGEGGYKVVF-AJ12_BV5-CASSQDQVGERLFF-BJ1-4,0.5197361831815217,5
1301,D7A,0.5700000000000001,1.0,AV16-CAMREGNNVGDNSKLIW-AJ38_BV13-3-CASSERNQAPLF-BJ1-5,0.8759363349320175,5
1302,D7A,0.5700000000000001,1.0,AV16-CAMREANTGYQNFYF-AJ49_BV13-2-CASGTGGQNTLYF-BJ2-4,0.5961659814611178,27
1303,D7A,0.5700000000000001,1.0,AV16-CAMREANTGYQNFYF-AJ49_BV13-2-CASGDGAQNTLYF-BJ2-4,0.9554409471673456,16
1304,D7A,0.5700000000000001,1.0,AV6-2-CVLGNTEGADRLTF-AJ45_BV1-CTCSAVRVGSDYTF-BJ1-2,0.4716207387230547,5
1305,D7A,0.5700000000000001,1.0,AV7-6-CAVGYQNFYF-AJ49_BV4-CASSDRDINYAEQFF-BJ2-1,0.6084780356039643,22
1306,D7A,0.5700000000000001,1.0,AV16-CAMREANTGYQNFYF-AJ49_BV13-2-CASGGGGQNTLYF-BJ2-4,0.6507385904349821,5
1307,D7A,0.5700000000000001,1.0,AV7-2-CAATGNTGKLIF-AJ37_BV19-CASSIRIAEQFF-BJ2-1,0.4650876530969657,8
1308,D7A,0.5700000000000001,1.0,AV7-2-CAAASSGSWQLIF-AJ22_BV13-1-CASSDVLYEQYF-BJ2-7,0.5234196987710555,5
1309,D7A,0.565,1.0,AV16N-CAMRDNYAQGLTF-AJ26_BV3-CASSLGPSSYEQYF-BJ2-7,0.4154867745811647,214
1310,D7A,0.565,1.0,AV6D-7-CALGEGGYKVVF-AJ12_BV5-CASSQDQVGERLFF-BJ1-4,0.6143445709114455,169
1311,D7A,0.565,1.0,AV12-2-CALISQQGTGSKLSF-AJ58_BV1-CTCSAVRVSYEQYF-BJ2-7,0.49128723226201704,10
1312,D7A,0.565,1.0,AV13-2-CALNNNAGAKLTF-AJ39_BV14-CASSNREEVFF-BJ1-1,0.6754673000448852,7
1313,D7A,0.565,1.0,AV6-6-CALGEGGYKVVF-AJ12_BV5-CASSQDQVGERLFF-BJ1-4,0.5197361831815217,5
1314,D7A,0.565,1.0,AV16-CAMREGNNVGDNSKLIW-AJ38_BV13-3-CASSERNQAPLF-BJ1-5,0.8759363349320175,5
1315,D7A,0.565,1.0,AV16-CAMREANTGYQNFYF-AJ49_BV13-2-CASGTGGQNTLYF-BJ2-4,0.5961659814611178,27
1316,D7A,0.565,1.0,AV16-CAMREANTGYQNFYF-AJ49_BV13-2-CASGDGAQNTLYF-BJ2-4,0.9554409471673456,16
1317,D7A,0.565,1.0,AV6-2-CVLGNTEGADRLTF-AJ45_BV1-CTCSAVRVGSDYTF-BJ1-2,0.4716207387230547,5
1318,D7A,0.565,1.0,AV7-6-CAVGYQNFYF-AJ49_BV4-CASSDRDINYAEQFF-BJ2-1,0.6084780356039643,22
1319,D7A,0.565,1.0,AV16-CAMREANTGYQNFYF-AJ49_BV13-2-CASGGGGQNTLYF-BJ2-4,0.6507385904349821,5
1320,D7A,0.565,1.0,AV7-2-CAATGNTGKLIF-AJ37_BV19-CASSIRIAEQFF-BJ2-1,0.4650876530969657,8
1321,D7A,0.565,1.0,AV7-2-CAAASSGSWQLIF-AJ22_BV13-1-CASSDVLYEQYF-BJ2-7,0.5234196987710555,5
1322,D7A,0.56,1.0,AV16N-CAMRDNYAQGLTF-AJ26_BV3-CASSLGPSSYEQYF-BJ2-7,0.4154867745811647,214
1323,D7A,0.56,1.0,AV6D-7-CALGEGGYKVVF-AJ12_BV5-CASSQDQVGERLFF-BJ1-4,0.6143445709114455,169
1324,D7A,0.56,1.0,AV12-2-CALISQQGTGSKLSF-AJ58_BV1-CTCSAVRVSYEQYF-BJ2-7,0.49128723226201704,10
1325,D7A,0.56,1.0,AV13-2-CALNNNAGAKLTF-AJ39_BV14-CASSNREEVFF-BJ1-1,0.6754673000448852,7
1326,D7A,0.56,1.0,AV6-6-CALGEGGYKVVF-AJ12_BV5-CASSQDQVGERLFF-BJ1-4,0.5197361831815217,5
1327,D7A,0.56,1.0,AV16-CAMREGNNVGDNSKLIW-AJ38_BV13-3-CASSERNQAPLF-BJ1-5,0.8759363349320175,5
1328,D7A,0.56,1.0,AV16-CAMREANTGYQNFYF-AJ49_BV13-2-CASGTGGQNTLYF-BJ2-4,0.5961659814611178,27
1329,D7A,0.56,1.0,AV16-CAMREANTGYQNFYF-AJ49_BV13-2-CASGDGAQNTLYF-BJ2-4,0.9554409471673456,16
1330,D7A,0.56,1.0,AV6-2-CVLGNTEGADRLTF-AJ45_BV1-CTCSAVRVGSDYTF-BJ1-2,0.4716207387230547,5
1331,D7A,0.56,1.0,AV7-6-CAVGYQNFYF-AJ49_BV4-CASSDRDINYAEQFF-BJ2-1,0.6084780356039643,22
1332,D7A,0.56,1.0,AV16-CAMREANTGYQNFYF-AJ49_BV13-2-CASGGGGQNTLYF-BJ2-4,0.6507385904349821,5
1333,D7A,0.56,1.0,AV7-2-CAATGNTGKLIF-AJ37_BV19-CASSIRIAEQFF-BJ2-1,0.4650876530969657,8
1334,D7A,0.56,1.0,AV7-2-CAAASSGSWQLIF-AJ22_BV13-1-CASSDVLYEQYF-BJ2-7,0.5234196987710555,5
1335,D7A,0.5549999999999999,1.0,AV16N-CAMRDNYAQGLTF-AJ26_BV3-CASSLGPSSYEQYF-BJ2-7,0.4154867745811647,214
1336,D7A,0.5549999999999999,1.0,AV6D-7-CALGEGGYKVVF-AJ12_BV5-CASSQDQVGERLFF-BJ1-4,0.6143445709114455,169
1337,D7A,0.5549999999999999,1.0,AV12-2-CALISQQGTGSKLSF-AJ58_BV1-CTCSAVRVSYEQYF-BJ2-7,0.49128723226201704,10
1338,D7A,0.5549999999999999,1.0,AV13-2-CALNNNAGAKLTF-AJ39_BV14-CASSNREEVFF-BJ1-1,0.6754673000448852,7
1339,D7A,0.5549999999999999,1.0,AV6-6-CALGEGGYKVVF-AJ12_BV5-CASSQDQVGERLFF-BJ1-4,0.5197361831815217,5
1340,D7A,0.5549999999999999,1.0,AV16-CAMREGNNVGDNSKLIW-AJ38_BV13-3-CASSERNQAPLF-BJ1-5,0.8759363349320175,5
1341,D7A,0.5549999999999999,1.0,AV16-CAMREANTGYQNFYF-AJ49_BV13-2-CASGTGGQNTLYF-BJ2-4,0.5961659814611178,27
1342,D7A,0.5549999999999999,1.0,AV16-CAMREANTGYQNFYF-AJ49_BV13-2-CASGDGAQNTLYF-BJ2-4,0.9554409471673456,16
1343,D7A,0.5549999999999999,1.0,AV6-2-CVLGNTEGADRLTF-AJ45_BV1-CTCSAVRVGSDYTF-BJ1-2,0.4716207387230547,5
1344,D7A,0.5549999999999999,1.0,AV7-6-CAVGYQNFYF-AJ49_BV4-CASSDRDINYAEQFF-BJ2-1,0.6084780356039643,22
1345,D7A,0.5549999999999999,1.0,AV16-CAMREANTGYQNFYF-AJ49_BV13-2-CASGGGGQNTLYF-BJ2-4,0.6507385904349821,5
1346,D7A,0.5549999999999999,1.0,AV7-2-CAATGNTGKLIF-AJ37_BV19-CASSIRIAEQFF-BJ2-1,0.4650876530969657,8
1347,D7A,0.5549999999999999,1.0,AV7-2-CAAASSGSWQLIF-AJ22_BV13-1-CASSDVLYEQYF-BJ2-7,0.5234196987710555,5
1348,D7A,0.55,1.0,AV16N-CAMRDNYAQGLTF-AJ26_BV3-CASSLGPSSYEQYF-BJ2-7,0.4154867745811647,214
1349,D7A,0.55,1.0,AV6D-7-CALGEGGYKVVF-AJ12_BV5-CASSQDQVGERLFF-BJ1-4,0.6143445709114455,169
1350,D7A,0.55,1.0,AV12-2-CALISQQGTGSKLSF-AJ58_BV1-CTCSAVRVSYEQYF-BJ2-7,0.49128723226201704,10
1351,D7A,0.55,1.0,AV13-2-CALNNNAGAKLTF-AJ39_BV14-CASSNREEVFF-BJ1-1,0.6754673000448852,7
1352,D7A,0.55,1.0,AV6-6-CALGEGGYKVVF-AJ12_BV5-CASSQDQVGERLFF-BJ1-4,0.5197361831815217,5
1353,D7A,0.55,1.0,AV16-CAMREGNNVGDNSKLIW-AJ38_BV13-3-CASSERNQAPLF-BJ1-5,0.8759363349320175,5
1354,D7A,0.55,1.0,AV16-CAMREANTGYQNFYF-AJ49_BV13-2-CASGTGGQNTLYF-BJ2-4,0.5961659814611178,27
1355,D7A,0.55,1.0,AV16-CAMREANTGYQNFYF-AJ49_BV13-2-CASGDGAQNTLYF-BJ2-4,0.9554409471673456,16
1356,D7A,0.55,1.0,AV6-2-CVLGNTEGADRLTF-AJ45_BV1-CTCSAVRVGSDYTF-BJ1-2,0.4716207387230547,5
1357,D7A,0.55,1.0,AV7-6-CAVGYQNFYF-AJ49_BV4-CASSDRDINYAEQFF-BJ2-1,0.6084780356039643,22
1358,D7A,0.55,1.0,AV16-CAMREANTGYQNFYF-AJ49_BV13-2-CASGGGGQNTLYF-BJ2-4,0.6507385904349821,5
1359,D7A,0.55,1.0,AV7-2-CAATGNTGKLIF-AJ37_BV19-CASSIRIAEQFF-BJ2-1,0.4650876530969657,8
1360,D7A,0.55,1.0,AV7-2-CAAASSGSWQLIF-AJ22_BV13-1-CASSDVLYEQYF-BJ2-7,0.5234196987710555,5
1361,D7A,0.5449999999999999,1.0,AV16N-CAMRDNYAQGLTF-AJ26_BV3-CASSLGPSSYEQYF-BJ2-7,0.4154867745811647,214
1362,D7A,0.5449999999999999,1.0,AV6D-7-CALGEGGYKVVF-AJ12_BV5-CASSQDQVGERLFF-BJ1-4,0.6143445709114455,169
1363,D7A,0.5449999999999999,1.0,AV12-2-CALISQQGTGSKLSF-AJ58_BV1-CTCSAVRVSYEQYF-BJ2-7,0.49128723226201704,10
1364,D7A,0.5449999999999999,1.0,AV13-2-CALNNNAGAKLTF-AJ39_BV14-CASSNREEVFF-BJ1-1,0.6754673000448852,7
1365,D7A,0.5449999999999999,1.0,AV6-6-CALGEGGYKVVF-AJ12_BV5-CASSQDQVGERLFF-BJ1-4,0.5197361831815217,5
1366,D7A,0.5449999999999999,1.0,AV16-CAMREGNNVGDNSKLIW-AJ38_BV13-3-CASSERNQAPLF-BJ1-5,0.8759363349320175,5
1367,D7A,0.5449999999999999,1.0,AV16-CAMREANTGYQNFYF-AJ49_BV13-2-CASGTGGQNTLYF-BJ2-4,0.5961659814611178,27
1368,D7A,0.5449999999999999,1.0,AV16-CAMREANTGYQNFYF-AJ49_BV13-2-CASGDGAQNTLYF-BJ2-4,0.9554409471673456,16
1369,D7A,0.5449999999999999,1.0,AV6-2-CVLGNTEGADRLTF-AJ45_BV1-CTCSAVRVGSDYTF-BJ1-2,0.4716207387230547,5
1370,D7A,0.5449999999999999,1.0,AV7-6-CAVGYQNFYF-AJ49_BV4-CASSDRDINYAEQFF-BJ2-1,0.6084780356039643,22
1371,D7A,0.5449999999999999,1.0,AV16-CAMREANTGYQNFYF-AJ49_BV13-2-CASGGGGQNTLYF-BJ2-4,0.6507385904349821,5
1372,D7A,0.5449999999999999,1.0,AV7-2-CAATGNTGKLIF-AJ37_BV19-CASSIRIAEQFF-BJ2-1,0.4650876530969657,8
1373,D7A,0.5449999999999999,1.0,AV7-2-CAAASSGSWQLIF-AJ22_BV13-1-CASSDVLYEQYF-BJ2-7,0.5234196987710555,5
1374,D7A,0.54,1.0,AV16N-CAMRDNYAQGLTF-AJ26_BV3-CASSLGPSSYEQYF-BJ2-7,0.4154867745811647,214
1375,D7A,0.54,1.0,AV6D-7-CALGEGGYKVVF-AJ12_BV5-CASSQDQVGERLFF-BJ1-4,0.6143445709114455,169
1376,D7A,0.54,1.0,AV12-2-CALISQQGTGSKLSF-AJ58_BV1-CTCSAVRVSYEQYF-BJ2-7,0.49128723226201704,10
1377,D7A,0.54,1.0,AV13-2-CALNNNAGAKLTF-AJ39_BV14-CASSNREEVFF-BJ1-1,0.6754673000448852,7
1378,D7A,0.54,1.0,AV6-6-CALGEGGYKVVF-AJ12_BV5-CASSQDQVGERLFF-BJ1-4,0.5197361831815217,5
1379,D7A,0.54,1.0,AV16-CAMREGNNVGDNSKLIW-AJ38_BV13-3-CASSERNQAPLF-BJ1-5,0.8759363349320175,5
1380,D7A,0.54,1.0,AV16-CAMREANTGYQNFYF-AJ49_BV13-2-CASGTGGQNTLYF-BJ2-4,0.5961659814611178,27
1381,D7A,0.54,1.0,AV16-CAMREANTGYQNFYF-AJ49_BV13-2-CASGDGAQNTLYF-BJ2-4,0.9554409471673456,16
1382,D7A,0.54,1.0,AV6-2-CVLGNTEGADRLTF-AJ45_BV1-CTCSAVRVGSDYTF-BJ1-2,0.4716207387230547,5
1383,D7A,0.54,1.0,AV7-6-CAVGYQNFYF-AJ49_BV4-CASSDRDINYAEQFF-BJ2-1,0.6084780356039643,22
1384,D7A,0.54,1.0,AV16-CAMREANTGYQNFYF-AJ49_BV13-2-CASGGGGQNTLYF-BJ2-4,0.6507385904349821,5
1385,D7A,0.54,1.0,AV7-2-CAATGNTGKLIF-AJ37_BV19-CASSIRIAEQFF-BJ2-1,0.4650876530969657,8
1386,D7A,0.54,1.0,AV7-2-CAAASSGSWQLIF-AJ22_BV13-1-CASSDVLYEQYF-BJ2-7,0.5234196987710555,5
1387,D7A,0.5349999999999999,1.0,AV16N-CAMRDNYAQGLTF-AJ26_BV3-CASSLGPSSYEQYF-BJ2-7,0.4154867745811647,214
1388,D7A,0.5349999999999999,1.0,AV6D-7-CALGEGGYKVVF-AJ12_BV5-CASSQDQVGERLFF-BJ1-4,0.6143445709114455,169
1389,D7A,0.5349999999999999,1.0,AV12-2-CALISQQGTGSKLSF-AJ58_BV1-CTCSAVRVSYEQYF-BJ2-7,0.49128723226201704,10
1390,D7A,0.5349999999999999,1.0,AV13-2-CALNNNAGAKLTF-AJ39_BV14-CASSNREEVFF-BJ1-1,0.6754673000448852,7
1391,D7A,0.5349999999999999,1.0,AV6-6-CALGEGGYKVVF-AJ12_BV5-CASSQDQVGERLFF-BJ1-4,0.5197361831815217,5
1392,D7A,0.5349999999999999,1.0,AV16-CAMREGNNVGDNSKLIW-AJ38_BV13-3-CASSERNQAPLF-BJ1-5,0.8759363349320175,5
1393,D7A,0.5349999999999999,1.0,AV16-CAMREANTGYQNFYF-AJ49_BV13-2-CASGTGGQNTLYF-BJ2-4,0.5961659814611178,27
1394,D7A,0.5349999999999999,1.0,AV16-CAMREANTGYQNFYF-AJ49_BV13-2-CASGDGAQNTLYF-BJ2-4,0.9554409471673456,16
1395,D7A,0.5349999999999999,1.0,AV6-2-CVLGNTEGADRLTF-AJ45_BV1-CTCSAVRVGSDYTF-BJ1-2,0.4716207387230547,5
1396,D7A,0.5349999999999999,1.0,AV7-6-CAVGYQNFYF-AJ49_BV4-CASSDRDINYAEQFF-BJ2-1,0.6084780356039643,22
1397,D7A,0.5349999999999999,1.0,AV16-CAMREANTGYQNFYF-AJ49_BV13-2-CASGGGGQNTLYF-BJ2-4,0.6507385904349821,5
1398,D7A,0.5349999999999999,1.0,AV7-2-CAATGNTGKLIF-AJ37_BV19-CASSIRIAEQFF-BJ2-1,0.4650876530969657,8
1399,D7A,0.5349999999999999,1.0,AV7-2-CAAASSGSWQLIF-AJ22_BV13-1-CASSDVLYEQYF-BJ2-7,0.5234196987710555,5
1400,D7A,0.53,1.0,AV16N-CAMRDNYAQGLTF-AJ26_BV3-CASSLGPSSYEQYF-BJ2-7,0.4154867745811647,214
1401,D7A,0.53,1.0,AV6D-7-CALGEGGYKVVF-AJ12_BV5-CASSQDQVGERLFF-BJ1-4,0.6143445709114455,169
1402,D7A,0.53,1.0,AV12-2-CALISQQGTGSKLSF-AJ58_BV1-CTCSAVRVSYEQYF-BJ2-7,0.49128723226201704,10
1403,D7A,0.53,1.0,AV13-2-CALNNNAGAKLTF-AJ39_BV14-CASSNREEVFF-BJ1-1,0.6754673000448852,7
1404,D7A,0.53,1.0,AV6-6-CALGEGGYKVVF-AJ12_BV5-CASSQDQVGERLFF-BJ1-4,0.5197361831815217,5
1405,D7A,0.53,1.0,AV16-CAMREGNNVGDNSKLIW-AJ38_BV13-3-CASSERNQAPLF-BJ1-5,0.8759363349320175,5
1406,D7A,0.53,1.0,AV16-CAMREANTGYQNFYF-AJ49_BV13-2-CASGTGGQNTLYF-BJ2-4,0.5961659814611178,27
1407,D7A,0.53,1.0,AV16-CAMREANTGYQNFYF-AJ49_BV13-2-CASGDGAQNTLYF-BJ2-4,0.9554409471673456,16
1408,D7A,0.53,1.0,AV6-2-CVLGNTEGADRLTF-AJ45_BV1-CTCSAVRVGSDYTF-BJ1-2,0.4716207387230547,5
1409,D7A,0.53,1.0,AV7-6-CAVGYQNFYF-AJ49_BV4-CASSDRDINYAEQFF-BJ2-1,0.6084780356039643,22
1410,D7A,0.53,1.0,AV16-CAMREANTGYQNFYF-AJ49_BV13-2-CASGGGGQNTLYF-BJ2-4,0.6507385904349821,5
1411,D7A,0.53,1.0,AV7-2-CAATGNTGKLIF-AJ37_BV19-CASSIRIAEQFF-BJ2-1,0.4650876530969657,8
1412,D7A,0.53,1.0,AV7-2-CAAASSGSWQLIF-AJ22_BV13-1-CASSDVLYEQYF-BJ2-7,0.5234196987710555,5
1413,D7A,0.5249999999999999,1.0,AV16N-CAMRDNYAQGLTF-AJ26_BV3-CASSLGPSSYEQYF-BJ2-7,0.4154867745811647,214
1414,D7A,0.5249999999999999,1.0,AV6D-7-CALGEGGYKVVF-AJ12_BV5-CASSQDQVGERLFF-BJ1-4,0.6143445709114455,169
1415,D7A,0.5249999999999999,1.0,AV12-2-CALISQQGTGSKLSF-AJ58_BV1-CTCSAVRVSYEQYF-BJ2-7,0.49128723226201704,10
1416,D7A,0.5249999999999999,1.0,AV13-2-CALNNNAGAKLTF-AJ39_BV14-CASSNREEVFF-BJ1-1,0.6754673000448852,7
1417,D7A,0.5249999999999999,1.0,AV6-6-CALGEGGYKVVF-AJ12_BV5-CASSQDQVGERLFF-BJ1-4,0.5197361831815217,5
1418,D7A,0.5249999999999999,1.0,AV16-CAMREGNNVGDNSKLIW-AJ38_BV13-3-CASSERNQAPLF-BJ1-5,0.8759363349320175,5
1419,D7A,0.5249999999999999,1.0,AV16-CAMREANTGYQNFYF-AJ49_BV13-2-CASGTGGQNTLYF-BJ2-4,0.5961659814611178,27
1420,D7A,0.5249999999999999,1.0,AV16-CAMREANTGYQNFYF-AJ49_BV13-2-CASGDGAQNTLYF-BJ2-4,0.9554409471673456,16
1421,D7A,0.5249999999999999,1.0,AV6-2-CVLGNTEGADRLTF-AJ45_BV1-CTCSAVRVGSDYTF-BJ1-2,0.4716207387230547,5
1422,D7A,0.5249999999999999,1.0,AV7-6-CAVGYQNFYF-AJ49_BV4-CASSDRDINYAEQFF-BJ2-1,0.6084780356039643,22
1423,D7A,0.5249999999999999,1.0,AV16-CAMREANTGYQNFYF-AJ49_BV13-2-CASGGGGQNTLYF-BJ2-4,0.6507385904349821,5
1424,D7A,0.5249999999999999,1.0,AV7-2-CAATGNTGKLIF-AJ37_BV19-CASSIRIAEQFF-BJ2-1,0.4650876530969657,8
1425,D7A,0.5249999999999999,1.0,AV7-2-CAAASSGSWQLIF-AJ22_BV13-1-CASSDVLYEQYF-BJ2-7,0.5234196987710555,5
1426,D7A,0.52,1.0,AV16N-CAMRDNYAQGLTF-AJ26_BV3-CASSLGPSSYEQYF-BJ2-7,0.4154867745811647,214
1427,D7A,0.52,1.0,AV6D-7-CALGEGGYKVVF-AJ12_BV5-CASSQDQVGERLFF-BJ1-4,0.6143445709114455,169
1428,D7A,0.52,1.0,AV12-2-CALISQQGTGSKLSF-AJ58_BV1-CTCSAVRVSYEQYF-BJ2-7,0.49128723226201704,10
1429,D7A,0.52,1.0,AV13-2-CALNNNAGAKLTF-AJ39_BV14-CASSNREEVFF-BJ1-1,0.6754673000448852,7
1430,D7A,0.52,1.0,AV6-6-CALGEGGYKVVF-AJ12_BV5-CASSQDQVGERLFF-BJ1-4,0.5197361831815217,5
1431,D7A,0.52,1.0,AV16-CAMREGNNVGDNSKLIW-AJ38_BV13-3-CASSERNQAPLF-BJ1-5,0.8759363349320175,5
1432,D7A,0.52,1.0,AV16-CAMREANTGYQNFYF-AJ49_BV13-2-CASGTGGQNTLYF-BJ2-4,0.5961659814611178,27
1433,D7A,0.52,1.0,AV16-CAMREANTGYQNFYF-AJ49_BV13-2-CASGDGAQNTLYF-BJ2-4,0.9554409471673456,16
1434,D7A,0.52,1.0,AV6-2-CVLGNTEGADRLTF-AJ45_BV1-CTCSAVRVGSDYTF-BJ1-2,0.4716207387230547,5
1435,D7A,0.52,1.0,AV7-6-CAVGYQNFYF-AJ49_BV4-CASSDRDINYAEQFF-BJ2-1,0.6084780356039643,22
1436,D7A,0.52,1.0,AV16-CAMREANTGYQNFYF-AJ49_BV13-2-CASGGGGQNTLYF-BJ2-4,0.6507385904349821,5
1437,D7A,0.52,1.0,AV7-2-CAATGNTGKLIF-AJ37_BV19-CASSIRIAEQFF-BJ2-1,0.4650876530969657,8
1438,D7A,0.52,1.0,AV7-2-CAAASSGSWQLIF-AJ22_BV13-1-CASSDVLYEQYF-BJ2-7,0.5234196987710555,5
1439,D7A,0.515,1.0,AV16N-CAMRDNYAQGLTF-AJ26_BV3-CASSLGPSSYEQYF-BJ2-7,0.4154867745811647,214
1440,D7A,0.515,1.0,AV6D-7-CALGEGGYKVVF-AJ12_BV5-CASSQDQVGERLFF-BJ1-4,0.6143445709114455,169
1441,D7A,0.515,1.0,AV12-2-CALISQQGTGSKLSF-AJ58_BV1-CTCSAVRVSYEQYF-BJ2-7,0.49128723226201704,10
1442,D7A,0.515,1.0,AV13-2-CALNNNAGAKLTF-AJ39_BV14-CASSNREEVFF-BJ1-1,0.6754673000448852,7
1443,D7A,0.515,1.0,AV6-6-CALGEGGYKVVF-AJ12_BV5-CASSQDQVGERLFF-BJ1-4,0.5197361831815217,5
1444,D7A,0.515,1.0,AV16-CAMREGNNVGDNSKLIW-AJ38_BV13-3-CASSERNQAPLF-BJ1-5,0.8759363349320175,5
1445,D7A,0.515,1.0,AV16-CAMREANTGYQNFYF-AJ49_BV13-2-CASGTGGQNTLYF-BJ2-4,0.5961659814611178,27
1446,D7A,0.515,1.0,AV16-CAMREANTGYQNFYF-AJ49_BV13-2-CASGDGAQNTLYF-BJ2-4,0.9554409471673456,16
1447,D7A,0.515,1.0,AV6-2-CVLGNTEGADRLTF-AJ45_BV1-CTCSAVRVGSDYTF-BJ1-2,0.4716207387230547,5
1448,D7A,0.515,1.0,AV7-6-CAVGYQNFYF-AJ49_BV4-CASSDRDINYAEQFF-BJ2-1,0.6084780356039643,22
1449,D7A,0.515,1.0,AV16-CAMREANTGYQNFYF-AJ49_BV13-2-CASGGGGQNTLYF-BJ2-4,0.6507385904349821,5
1450,D7A,0.515,1.0,AV7-2-CAATGNTGKLIF-AJ37_BV19-CASSIRIAEQFF-BJ2-1,0.4650876530969657,8
1451,D7A,0.515,1.0,AV7-2-CAAASSGSWQLIF-AJ22_BV13-1-CASSDVLYEQYF-BJ2-7,0.5234196987710555,5
1452,D7A,0.51,1.0,AV16N-CAMRDNYAQGLTF-AJ26_BV3-CASSLGPSSYEQYF-BJ2-7,0.4154867745811647,214
1453,D7A,0.51,1.0,AV6D-7-CALGEGGYKVVF-AJ12_BV5-CASSQDQVGERLFF-BJ1-4,0.6143445709114455,169
1454,D7A,0.51,1.0,AV12-2-CALISQQGTGSKLSF-AJ58_BV1-CTCSAVRVSYEQYF-BJ2-7,0.49128723226201704,10
1455,D7A,0.51,1.0,AV13-2-CALNNNAGAKLTF-AJ39_BV14-CASSNREEVFF-BJ1-1,0.6754673000448852,7
1456,D7A,0.51,1.0,AV6-6-CALGEGGYKVVF-AJ12_BV5-CASSQDQVGERLFF-BJ1-4,0.5197361831815217,5
1457,D7A,0.51,1.0,AV16-CAMREGNNVGDNSKLIW-AJ38_BV13-3-CASSERNQAPLF-BJ1-5,0.8759363349320175,5
1458,D7A,0.51,1.0,AV16-CAMREANTGYQNFYF-AJ49_BV13-2-CASGTGGQNTLYF-BJ2-4,0.5961659814611178,27
1459,D7A,0.51,1.0,AV16-CAMREANTGYQNFYF-AJ49_BV13-2-CASGDGAQNTLYF-BJ2-4,0.9554409471673456,16
1460,D7A,0.51,1.0,AV6-2-CVLGNTEGADRLTF-AJ45_BV1-CTCSAVRVGSDYTF-BJ1-2,0.4716207387230547,5
1461,D7A,0.51,1.0,AV7-6-CAVGYQNFYF-AJ49_BV4-CASSDRDINYAEQFF-BJ2-1,0.6084780356039643,22
1462,D7A,0.51,1.0,AV16-CAMREANTGYQNFYF-AJ49_BV13-2-CASGGGGQNTLYF-BJ2-4,0.6507385904349821,5
1463,D7A,0.51,1.0,AV7-2-CAATGNTGKLIF-AJ37_BV19-CASSIRIAEQFF-BJ2-1,0.4650876530969657,8
1464,D7A,0.51,1.0,AV7-2-CAAASSGSWQLIF-AJ22_BV13-1-CASSDVLYEQYF-BJ2-7,0.5234196987710555,5
1465,D7A,0.505,1.0,AV16N-CAMRDNYAQGLTF-AJ26_BV3-CASSLGPSSYEQYF-BJ2-7,0.4154867745811647,214
1466,D7A,0.505,1.0,AV6D-7-CALGEGGYKVVF-AJ12_BV5-CASSQDQVGERLFF-BJ1-4,0.6143445709114455,169
1467,D7A,0.505,1.0,AV12-2-CALISQQGTGSKLSF-AJ58_BV1-CTCSAVRVSYEQYF-BJ2-7,0.49128723226201704,10
1468,D7A,0.505,1.0,AV13-2-CALNNNAGAKLTF-AJ39_BV14-CASSNREEVFF-BJ1-1,0.6754673000448852,7
1469,D7A,0.505,1.0,AV6-6-CALGEGGYKVVF-AJ12_BV5-CASSQDQVGERLFF-BJ1-4,0.5197361831815217,5
1470,D7A,0.505,1.0,AV16-CAMREGNNVGDNSKLIW-AJ38_BV13-3-CASSERNQAPLF-BJ1-5,0.8759363349320175,5
1471,D7A,0.505,1.0,AV16-CAMREANTGYQNFYF-AJ49_BV13-2-CASGTGGQNTLYF-BJ2-4,0.5961659814611178,27
1472,D7A,0.505,1.0,AV16-CAMREANTGYQNFYF-AJ49_BV13-2-CASGDGAQNTLYF-BJ2-4,0.9554409471673456,16
1473,D7A,0.505,1.0,AV6-2-CVLGNTEGADRLTF-AJ45_BV1-CTCSAVRVGSDYTF-BJ1-2,0.4716207387230547,5
1474,D7A,0.505,1.0,AV7-6-CAVGYQNFYF-AJ49_BV4-CASSDRDINYAEQFF-BJ2-1,0.6084780356039643,22
1475,D7A,0.505,1.0,AV16-CAMREANTGYQNFYF-AJ49_BV13-2-CASGGGGQNTLYF-BJ2-4,0.6507385904349821,5
1476,D7A,0.505,1.0,AV7-2-CAATGNTGKLIF-AJ37_BV19-CASSIRIAEQFF-BJ2-1,0.4650876530969657,8
1477,D7A,0.505,1.0,AV7-2-CAAASSGSWQLIF-AJ22_BV13-1-CASSDVLYEQYF-BJ2-7,0.5234196987710555,5
1478,D7A,0.5,0.5,AV16N-CAMRDNYAQGLTF-AJ26_BV3-CASSLGPSSYEQYF-BJ2-7,0.40992937085203274,145
1479,D7A,0.5,0.5,AV6D-7-CALGEGGYKVVF-AJ12_BV5-CASSQDQVGERLFF-BJ1-4,0.6327662052131603,125
1480,D7A,0.5,0.5,AV12-2-CALISQQGTGSKLSF-AJ58_BV1-CTCSAVRVSYEQYF-BJ2-7,0.3853401705781878,7
1481,D7A,0.5,0.5,AV16-CAMREGNNVGDNSKLIW-AJ38_BV13-3-CASSERNQAPLF-BJ1-5,0.8759363349320175,5
1482,D7A,0.5,0.5,AV16-CAMREANTGYQNFYF-AJ49_BV13-2-CASGTGGQNTLYF-BJ2-4,0.5662066984098356,18
1483,D7A,0.5,0.5,AV16-CAMREANTGYQNFYF-AJ49_BV13-2-CASGDGAQNTLYF-BJ2-4,0.9632491066334894,12
1484,D7A,0.5,0.5,AV7-6-CAVGYQNFYF-AJ49_BV4-CASSDRDINYAEQFF-BJ2-1,0.6716135880334382,15
1485,D7A,0.5,0.5,AV7-2-CAATGNTGKLIF-AJ37_BV19-CASSIRIAEQFF-BJ2-1,0.6164673498315544,5
1486,D7A,0.495,0.0,AV16N-CAMRDNYAQGLTF-AJ26_BV3-CASSLGPSSYEQYF-BJ2-7,0.40992937085203274,145
1487,D7A,0.495,0.0,AV6D-7-CALGEGGYKVVF-AJ12_BV5-CASSQDQVGERLFF-BJ1-4,0.6327662052131603,125
1488,D7A,0.495,0.0,AV12-2-CALISQQGTGSKLSF-AJ58_BV1-CTCSAVRVSYEQYF-BJ2-7,0.3853401705781878,7
1489,D7A,0.495,0.0,AV16-CAMREGNNVGDNSKLIW-AJ38_BV13-3-CASSERNQAPLF-BJ1-5,0.8759363349320175,5
1490,D7A,0.495,0.0,AV16-CAMREANTGYQNFYF-AJ49_BV13-2-CASGTGGQNTLYF-BJ2-4,0.5662066984098356,18
1491,D7A,0.495,0.0,AV16-CAMREANTGYQNFYF-AJ49_BV13-2-CASGDGAQNTLYF-BJ2-4,0.9632491066334894,12
1492,D7A,0.495,0.0,AV7-6-CAVGYQNFYF-AJ49_BV4-CASSDRDINYAEQFF-BJ2-1,0.6716135880334382,15
1493,D7A,0.495,0.0,AV7-2-CAATGNTGKLIF-AJ37_BV19-CASSIRIAEQFF-BJ2-1,0.6164673498315544,5
1494,D7A,0.49,0.0,AV16N-CAMRDNYAQGLTF-AJ26_BV3-CASSLGPSSYEQYF-BJ2-7,0.40992937085203274,145
1495,D7A,0.49,0.0,AV6D-7-CALGEGGYKVVF-AJ12_BV5-CASSQDQVGERLFF-BJ1-4,0.6327662052131603,125
1496,D7A,0.49,0.0,AV12-2-CALISQQGTGSKLSF-AJ58_BV1-CTCSAVRVSYEQYF-BJ2-7,0.3853401705781878,7
1497,D7A,0.49,0.0,AV16-CAMREGNNVGDNSKLIW-AJ38_BV13-3-CASSERNQAPLF-BJ1-5,0.8759363349320175,5
1498,D7A,0.49,0.0,AV16-CAMREANTGYQNFYF-AJ49_BV13-2-CASGTGGQNTLYF-BJ2-4,0.5662066984098356,18
1499,D7A,0.49,0.0,AV16-CAMREANTGYQNFYF-AJ49_BV13-2-CASGDGAQNTLYF-BJ2-4,0.9632491066334894,12
1500,D7A,0.49,0.0,AV7-6-CAVGYQNFYF-AJ49_BV4-CASSDRDINYAEQFF-BJ2-1,0.6716135880334382,15
1501,D7A,0.49,0.0,AV7-2-CAATGNTGKLIF-AJ37_BV19-CASSIRIAEQFF-BJ2-1,0.6164673498315544,5
1502,D7A,0.485,0.0,AV16N-CAMRDNYAQGLTF-AJ26_BV3-CASSLGPSSYEQYF-BJ2-7,0.40992937085203274,145
1503,D7A,0.485,0.0,AV6D-7-CALGEGGYKVVF-AJ12_BV5-CASSQDQVGERLFF-BJ1-4,0.6327662052131603,125
1504,D7A,0.485,0.0,AV12-2-CALISQQGTGSKLSF-AJ58_BV1-CTCSAVRVSYEQYF-BJ2-7,0.3853401705781878,7
1505,D7A,0.485,0.0,AV16-CAMREGNNVGDNSKLIW-AJ38_BV13-3-CASSERNQAPLF-BJ1-5,0.8759363349320175,5
1506,D7A,0.485,0.0,AV16-CAMREANTGYQNFYF-AJ49_BV13-2-CASGTGGQNTLYF-BJ2-4,0.5662066984098356,18
1507,D7A,0.485,0.0,AV16-CAMREANTGYQNFYF-AJ49_BV13-2-CASGDGAQNTLYF-BJ2-4,0.9632491066334894,12
1508,D7A,0.485,0.0,AV7-6-CAVGYQNFYF-AJ49_BV4-CASSDRDINYAEQFF-BJ2-1,0.6716135880334382,15
1509,D7A,0.485,0.0,AV7-2-CAATGNTGKLIF-AJ37_BV19-CASSIRIAEQFF-BJ2-1,0.6164673498315544,5
1510,D7A,0.48,0.0,AV16N-CAMRDNYAQGLTF-AJ26_BV3-CASSLGPSSYEQYF-BJ2-7,0.40992937085203274,145
1511,D7A,0.48,0.0,AV6D-7-CALGEGGYKVVF-AJ12_BV5-CASSQDQVGERLFF-BJ1-4,0.6327662052131603,125
1512,D7A,0.48,0.0,AV12-2-CALISQQGTGSKLSF-AJ58_BV1-CTCSAVRVSYEQYF-BJ2-7,0.3853401705781878,7
1513,D7A,0.48,0.0,AV16-CAMREGNNVGDNSKLIW-AJ38_BV13-3-CASSERNQAPLF-BJ1-5,0.8759363349320175,5
1514,D7A,0.48,0.0,AV16-CAMREANTGYQNFYF-AJ49_BV13-2-CASGTGGQNTLYF-BJ2-4,0.5662066984098356,18
1515,D7A,0.48,0.0,AV16-CAMREANTGYQNFYF-AJ49_BV13-2-CASGDGAQNTLYF-BJ2-4,0.9632491066334894,12
1516,D7A,0.48,0.0,AV7-6-CAVGYQNFYF-AJ49_BV4-CASSDRDINYAEQFF-BJ2-1,0.6716135880334382,15
1517,D7A,0.48,0.0,AV7-2-CAATGNTGKLIF-AJ37_BV19-CASSIRIAEQFF-BJ2-1,0.6164673498315544,5
1518,D7A,0.475,0.0,AV16N-CAMRDNYAQGLTF-AJ26_BV3-CASSLGPSSYEQYF-BJ2-7,0.40992937085203274,145
1519,D7A,0.475,0.0,AV6D-7-CALGEGGYKVVF-AJ12_BV5-CASSQDQVGERLFF-BJ1-4,0.6327662052131603,125
1520,D7A,0.475,0.0,AV12-2-CALISQQGTGSKLSF-AJ58_BV1-CTCSAVRVSYEQYF-BJ2-7,0.3853401705781878,7
1521,D7A,0.475,0.0,AV16-CAMREGNNVGDNSKLIW-AJ38_BV13-3-CASSERNQAPLF-BJ1-5,0.8759363349320175,5
1522,D7A,0.475,0.0,AV16-CAMREANTGYQNFYF-AJ49_BV13-2-CASGTGGQNTLYF-BJ2-4,0.5662066984098356,18
1523,D7A,0.475,0.0,AV16-CAMREANTGYQNFYF-AJ49_BV13-2-CASGDGAQNTLYF-BJ2-4,0.9632491066334894,12
1524,D7A,0.475,0.0,AV7-6-CAVGYQNFYF-AJ49_BV4-CASSDRDINYAEQFF-BJ2-1,0.6716135880334382,15
1525,D7A,0.475,0.0,AV7-2-CAATGNTGKLIF-AJ37_BV19-CASSIRIAEQFF-BJ2-1,0.6164673498315544,5
1526,D7A,0.47,0.0,AV16N-CAMRDNYAQGLTF-AJ26_BV3-CASSLGPSSYEQYF-BJ2-7,0.40992937085203274,145
1527,D7A,0.47,0.0,AV6D-7-CALGEGGYKVVF-AJ12_BV5-CASSQDQVGERLFF-BJ1-4,0.6327662052131603,125
1528,D7A,0.47,0.0,AV12-2-CALISQQGTGSKLSF-AJ58_BV1-CTCSAVRVSYEQYF-BJ2-7,0.3853401705781878,7
1529,D7A,0.47,0.0,AV16-CAMREGNNVGDNSKLIW-AJ38_BV13-3-CASSERNQAPLF-BJ1-5,0.8759363349320175,5
1530,D7A,0.47,0.0,AV16-CAMREANTGYQNFYF-AJ49_BV13-2-CASGTGGQNTLYF-BJ2-4,0.5662066984098356,18
1531,D7A,0.47,0.0,AV16-CAMREANTGYQNFYF-AJ49_BV13-2-CASGDGAQNTLYF-BJ2-4,0.9632491066334894,12
1532,D7A,0.47,0.0,AV7-6-CAVGYQNFYF-AJ49_BV4-CASSDRDINYAEQFF-BJ2-1,0.6716135880334382,15
1533,D7A,0.47,0.0,AV7-2-CAATGNTGKLIF-AJ37_BV19-CASSIRIAEQFF-BJ2-1,0.6164673498315544,5
1534,D7A,0.46499999999999997,0.0,AV16N-CAMRDNYAQGLTF-AJ26_BV3-CASSLGPSSYEQYF-BJ2-7,0.40992937085203274,145
1535,D7A,0.46499999999999997,0.0,AV6D-7-CALGEGGYKVVF-AJ12_BV5-CASSQDQVGERLFF-BJ1-4,0.6327662052131603,125
1536,D7A,0.46499999999999997,0.0,AV12-2-CALISQQGTGSKLSF-AJ58_BV1-CTCSAVRVSYEQYF-BJ2-7,0.3853401705781878,7
1537,D7A,0.46499999999999997,0.0,AV16-CAMREGNNVGDNSKLIW-AJ38_BV13-3-CASSERNQAPLF-BJ1-5,0.8759363349320175,5
1538,D7A,0.46499999999999997,0.0,AV16-CAMREANTGYQNFYF-AJ49_BV13-2-CASGTGGQNTLYF-BJ2-4,0.5662066984098356,18
1539,D7A,0.46499999999999997,0.0,AV16-CAMREANTGYQNFYF-AJ49_BV13-2-CASGDGAQNTLYF-BJ2-4,0.9632491066334894,12
1540,D7A,0.46499999999999997,0.0,AV7-6-CAVGYQNFYF-AJ49_BV4-CASSDRDINYAEQFF-BJ2-1,0.6716135880334382,15
1541,D7A,0.46499999999999997,0.0,AV7-2-CAATGNTGKLIF-AJ37_BV19-CASSIRIAEQFF-BJ2-1,0.6164673498315544,5
1542,D7A,0.45999999999999996,0.0,AV16N-CAMRDNYAQGLTF-AJ26_BV3-CASSLGPSSYEQYF-BJ2-7,0.40992937085203274,145
1543,D7A,0.45999999999999996,0.0,AV6D-7-CALGEGGYKVVF-AJ12_BV5-CASSQDQVGERLFF-BJ1-4,0.6327662052131603,125
1544,D7A,0.45999999999999996,0.0,AV12-2-CALISQQGTGSKLSF-AJ58_BV1-CTCSAVRVSYEQYF-BJ2-7,0.3853401705781878,7
1545,D7A,0.45999999999999996,0.0,AV16-CAMREGNNVGDNSKLIW-AJ38_BV13-3-CASSERNQAPLF-BJ1-5,0.8759363349320175,5
1546,D7A,0.45999999999999996,0.0,AV16-CAMREANTGYQNFYF-AJ49_BV13-2-CASGTGGQNTLYF-BJ2-4,0.5662066984098356,18
1547,D7A,0.45999999999999996,0.0,AV16-CAMREANTGYQNFYF-AJ49_BV13-2-CASGDGAQNTLYF-BJ2-4,0.9632491066334894,12
1548,D7A,0.45999999999999996,0.0,AV7-6-CAVGYQNFYF-AJ49_BV4-CASSDRDINYAEQFF-BJ2-1,0.6716135880334382,15
1549,D7A,0.45999999999999996,0.0,AV7-2-CAATGNTGKLIF-AJ37_BV19-CASSIRIAEQFF-BJ2-1,0.6164673498315544,5
1550,D7A,0.45499999999999996,0.0,AV16N-CAMRDNYAQGLTF-AJ26_BV3-CASSLGPSSYEQYF-BJ2-7,0.40992937085203274,145
1551,D7A,0.45499999999999996,0.0,AV6D-7-CALGEGGYKVVF-AJ12_BV5-CASSQDQVGERLFF-BJ1-4,0.6327662052131603,125
1552,D7A,0.45499999999999996,0.0,AV12-2-CALISQQGTGSKLSF-AJ58_BV1-CTCSAVRVSYEQYF-BJ2-7,0.3853401705781878,7
1553,D7A,0.45499999999999996,0.0,AV16-CAMREGNNVGDNSKLIW-AJ38_BV13-3-CASSERNQAPLF-BJ1-5,0.8759363349320175,5
1554,D7A,0.45499999999999996,0.0,AV16-CAMREANTGYQNFYF-AJ49_BV13-2-CASGTGGQNTLYF-BJ2-4,0.5662066984098356,18
1555,D7A,0.45499999999999996,0.0,AV16-CAMREANTGYQNFYF-AJ49_BV13-2-CASGDGAQNTLYF-BJ2-4,0.9632491066334894,12
1556,D7A,0.45499999999999996,0.0,AV7-6-CAVGYQNFYF-AJ49_BV4-CASSDRDINYAEQFF-BJ2-1,0.6716135880334382,15
1557,D7A,0.45499999999999996,0.0,AV7-2-CAATGNTGKLIF-AJ37_BV19-CASSIRIAEQFF-BJ2-1,0.6164673498315544,5
1558,D7A,0.44999999999999996,0.0,AV16N-CAMRDNYAQGLTF-AJ26_BV3-CASSLGPSSYEQYF-BJ2-7,0.40992937085203274,145
1559,D7A,0.44999999999999996,0.0,AV6D-7-CALGEGGYKVVF-AJ12_BV5-CASSQDQVGERLFF-BJ1-4,0.6327662052131603,125
1560,D7A,0.44999999999999996,0.0,AV12-2-CALISQQGTGSKLSF-AJ58_BV1-CTCSAVRVSYEQYF-BJ2-7,0.3853401705781878,7
1561,D7A,0.44999999999999996,0.0,AV16-CAMREGNNVGDNSKLIW-AJ38_BV13-3-CASSERNQAPLF-BJ1-5,0.8759363349320175,5
1562,D7A,0.44999999999999996,0.0,AV16-CAMREANTGYQNFYF-AJ49_BV13-2-CASGTGGQNTLYF-BJ2-4,0.5662066984098356,18
1563,D7A,0.44999999999999996,0.0,AV16-CAMREANTGYQNFYF-AJ49_BV13-2-CASGDGAQNTLYF-BJ2-4,0.9632491066334894,12
1564,D7A,0.44999999999999996,0.0,AV7-6-CAVGYQNFYF-AJ49_BV4-CASSDRDINYAEQFF-BJ2-1,0.6716135880334382,15
1565,D7A,0.44999999999999996,0.0,AV7-2-CAATGNTGKLIF-AJ37_BV19-CASSIRIAEQFF-BJ2-1,0.6164673498315544,5
1566,D7A,0.44499999999999995,0.0,AV16N-CAMRDNYAQGLTF-AJ26_BV3-CASSLGPSSYEQYF-BJ2-7,0.40992937085203274,145
1567,D7A,0.44499999999999995,0.0,AV6D-7-CALGEGGYKVVF-AJ12_BV5-CASSQDQVGERLFF-BJ1-4,0.6327662052131603,125
1568,D7A,0.44499999999999995,0.0,AV12-2-CALISQQGTGSKLSF-AJ58_BV1-CTCSAVRVSYEQYF-BJ2-7,0.3853401705781878,7
1569,D7A,0.44499999999999995,0.0,AV16-CAMREGNNVGDNSKLIW-AJ38_BV13-3-CASSERNQAPLF-BJ1-5,0.8759363349320175,5
1570,D7A,0.44499999999999995,0.0,AV16-CAMREANTGYQNFYF-AJ49_BV13-2-CASGTGGQNTLYF-BJ2-4,0.5662066984098356,18
1571,D7A,0.44499999999999995,0.0,AV16-CAMREANTGYQNFYF-AJ49_BV13-2-CASGDGAQNTLYF-BJ2-4,0.9632491066334894,12
1572,D7A,0.44499999999999995,0.0,AV7-6-CAVGYQNFYF-AJ49_BV4-CASSDRDINYAEQFF-BJ2-1,0.6716135880334382,15
1573,D7A,0.44499999999999995,0.0,AV7-2-CAATGNTGKLIF-AJ37_BV19-CASSIRIAEQFF-BJ2-1,0.6164673498315544,5
1574,D7A,0.43999999999999995,0.0,AV16N-CAMRDNYAQGLTF-AJ26_BV3-CASSLGPSSYEQYF-BJ2-7,0.40992937085203274,145
1575,D7A,0.43999999999999995,0.0,AV6D-7-CALGEGGYKVVF-AJ12_BV5-CASSQDQVGERLFF-BJ1-4,0.6327662052131603,125
1576,D7A,0.43999999999999995,0.0,AV12-2-CALISQQGTGSKLSF-AJ58_BV1-CTCSAVRVSYEQYF-BJ2-7,0.3853401705781878,7
1577,D7A,0.43999999999999995,0.0,AV16-CAMREGNNVGDNSKLIW-AJ38_BV13-3-CASSERNQAPLF-BJ1-5,0.8759363349320175,5
1578,D7A,0.43999999999999995,0.0,AV16-CAMREANTGYQNFYF-AJ49_BV13-2-CASGTGGQNTLYF-BJ2-4,0.5662066984098356,18
1579,D7A,0.43999999999999995,0.0,AV16-CAMREANTGYQNFYF-AJ49_BV13-2-CASGDGAQNTLYF-BJ2-4,0.9632491066334894,12
1580,D7A,0.43999999999999995,0.0,AV7-6-CAVGYQNFYF-AJ49_BV4-CASSDRDINYAEQFF-BJ2-1,0.6716135880334382,15
1581,D7A,0.43999999999999995,0.0,AV7-2-CAATGNTGKLIF-AJ37_BV19-CASSIRIAEQFF-BJ2-1,0.6164673498315544,5
1582,D7A,0.43499999999999994,0.0,AV16N-CAMRDNYAQGLTF-AJ26_BV3-CASSLGPSSYEQYF-BJ2-7,0.40992937085203274,145
1583,D7A,0.43499999999999994,0.0,AV6D-7-CALGEGGYKVVF-AJ12_BV5-CASSQDQVGERLFF-BJ1-4,0.6327662052131603,125
1584,D7A,0.43499999999999994,0.0,AV12-2-CALISQQGTGSKLSF-AJ58_BV1-CTCSAVRVSYEQYF-BJ2-7,0.3853401705781878,7
1585,D7A,0.43499999999999994,0.0,AV16-CAMREGNNVGDNSKLIW-AJ38_BV13-3-CASSERNQAPLF-BJ1-5,0.8759363349320175,5
1586,D7A,0.43499999999999994,0.0,AV16-CAMREANTGYQNFYF-AJ49_BV13-2-CASGTGGQNTLYF-BJ2-4,0.5662066984098356,18
1587,D7A,0.43499999999999994,0.0,AV16-CAMREANTGYQNFYF-AJ49_BV13-2-CASGDGAQNTLYF-BJ2-4,0.9632491066334894,12
1588,D7A,0.43499999999999994,0.0,AV7-6-CAVGYQNFYF-AJ49_BV4-CASSDRDINYAEQFF-BJ2-1,0.6716135880334382,15
1589,D7A,0.43499999999999994,0.0,AV7-2-CAATGNTGKLIF-AJ37_BV19-CASSIRIAEQFF-BJ2-1,0.6164673498315544,5
1590,D7A,0.42999999999999994,0.0,AV16N-CAMRDNYAQGLTF-AJ26_BV3-CASSLGPSSYEQYF-BJ2-7,0.40992937085203274,145
1591,D7A,0.42999999999999994,0.0,AV6D-7-CALGEGGYKVVF-AJ12_BV5-CASSQDQVGERLFF-BJ1-4,0.6327662052131603,125
1592,D7A,0.42999999999999994,0.0,AV12-2-CALISQQGTGSKLSF-AJ58_BV1-CTCSAVRVSYEQYF-BJ2-7,0.3853401705781878,7
1593,D7A,0.42999999999999994,0.0,AV16-CAMREGNNVGDNSKLIW-AJ38_BV13-3-CASSERNQAPLF-BJ1-5,0.8759363349320175,5
1594,D7A,0.42999999999999994,0.0,AV16-CAMREANTGYQNFYF-AJ49_BV13-2-CASGTGGQNTLYF-BJ2-4,0.5662066984098356,18
1595,D7A,0.42999999999999994,0.0,AV16-CAMREANTGYQNFYF-AJ49_BV13-2-CASGDGAQNTLYF-BJ2-4,0.9632491066334894,12
1596,D7A,0.42999999999999994,0.0,AV7-6-CAVGYQNFYF-AJ49_BV4-CASSDRDINYAEQFF-BJ2-1,0.6716135880334382,15
1597,D7A,0.42999999999999994,0.0,AV7-2-CAATGNTGKLIF-AJ37_BV19-CASSIRIAEQFF-BJ2-1,0.6164673498315544,5
1598,D7A,0.42499999999999993,0.0,AV16N-CAMRDNYAQGLTF-AJ26_BV3-CASSLGPSSYEQYF-BJ2-7,0.40992937085203274,145
1599,D7A,0.42499999999999993,0.0,AV6D-7-CALGEGGYKVVF-AJ12_BV5-CASSQDQVGERLFF-BJ1-4,0.6327662052131603,125
1600,D7A,0.42499999999999993,0.0,AV12-2-CALISQQGTGSKLSF-AJ58_BV1-CTCSAVRVSYEQYF-BJ2-7,0.3853401705781878,7
1601,D7A,0.42499999999999993,0.0,AV16-CAMREGNNVGDNSKLIW-AJ38_BV13-3-CASSERNQAPLF-BJ1-5,0.8759363349320175,5
1602,D7A,0.42499999999999993,0.0,AV16-CAMREANTGYQNFYF-AJ49_BV13-2-CASGTGGQNTLYF-BJ2-4,0.5662066984098356,18
1603,D7A,0.42499999999999993,0.0,AV16-CAMREANTGYQNFYF-AJ49_BV13-2-CASGDGAQNTLYF-BJ2-4,0.9632491066334894,12
1604,D7A,0.42499999999999993,0.0,AV7-6-CAVGYQNFYF-AJ49_BV4-CASSDRDINYAEQFF-BJ2-1,0.6716135880334382,15
1605,D7A,0.42499999999999993,0.0,AV7-2-CAATGNTGKLIF-AJ37_BV19-CASSIRIAEQFF-BJ2-1,0.6164673498315544,5
1606,D7A,0.42000000000000004,0.0,AV16N-CAMRDNYAQGLTF-AJ26_BV3-CASSLGPSSYEQYF-BJ2-7,0.40992937085203274,145
1607,D7A,0.42000000000000004,0.0,AV6D-7-CALGEGGYKVVF-AJ12_BV5-CASSQDQVGERLFF-BJ1-4,0.6327662052131603,125
1608,D7A,0.42000000000000004,0.0,AV12-2-CALISQQGTGSKLSF-AJ58_BV1-CTCSAVRVSYEQYF-BJ2-7,0.3853401705781878,7
1609,D7A,0.42000000000000004,0.0,AV16-CAMREGNNVGDNSKLIW-AJ38_BV13-3-CASSERNQAPLF-BJ1-5,0.8759363349320175,5
1610,D7A,0.42000000000000004,0.0,AV16-CAMREANTGYQNFYF-AJ49_BV13-2-CASGTGGQNTLYF-BJ2-4,0.5662066984098356,18
1611,D7A,0.42000000000000004,0.0,AV16-CAMREANTGYQNFYF-AJ49_BV13-2-CASGDGAQNTLYF-BJ2-4,0.9632491066334894,12
1612,D7A,0.42000000000000004,0.0,AV7-6-CAVGYQNFYF-AJ49_BV4-CASSDRDINYAEQFF-BJ2-1,0.6716135880334382,15
1613,D7A,0.42000000000000004,0.0,AV7-2-CAATGNTGKLIF-AJ37_BV19-CASSIRIAEQFF-BJ2-1,0.6164673498315544,5
1614,D7A,0.41500000000000004,0.0,AV16N-CAMRDNYAQGLTF-AJ26_BV3-CASSLGPSSYEQYF-BJ2-7,0.40992937085203274,145
1615,D7A,0.41500000000000004,0.0,AV6D-7-CALGEGGYKVVF-AJ12_BV5-CASSQDQVGERLFF-BJ1-4,0.6327662052131603,125
1616,D7A,0.41500000000000004,0.0,AV12-2-CALISQQGTGSKLSF-AJ58_BV1-CTCSAVRVSYEQYF-BJ2-7,0.3853401705781878,7
1617,D7A,0.41500000000000004,0.0,AV16-CAMREGNNVGDNSKLIW-AJ38_BV13-3-CASSERNQAPLF-BJ1-5,0.8759363349320175,5
1618,D7A,0.41500000000000004,0.0,AV16-CAMREANTGYQNFYF-AJ49_BV13-2-CASGTGGQNTLYF-BJ2-4,0.5662066984098356,18
1619,D7A,0.41500000000000004,0.0,AV16-CAMREANTGYQNFYF-AJ49_BV13-2-CASGDGAQNTLYF-BJ2-4,0.9632491066334894,12
1620,D7A,0.41500000000000004,0.0,AV7-6-CAVGYQNFYF-AJ49_BV4-CASSDRDINYAEQFF-BJ2-1,0.6716135880334382,15
1621,D7A,0.41500000000000004,0.0,AV7-2-CAATGNTGKLIF-AJ37_BV19-CASSIRIAEQFF-BJ2-1,0.6164673498315544,5
1622,D7A,0.41000000000000003,0.0,AV16N-CAMRDNYAQGLTF-AJ26_BV3-CASSLGPSSYEQYF-BJ2-7,0.40992937085203274,145
1623,D7A,0.41000000000000003,0.0,AV6D-7-CALGEGGYKVVF-AJ12_BV5-CASSQDQVGERLFF-BJ1-4,0.6327662052131603,125
1624,D7A,0.41000000000000003,0.0,AV12-2-CALISQQGTGSKLSF-AJ58_BV1-CTCSAVRVSYEQYF-BJ2-7,0.3853401705781878,7
1625,D7A,0.41000000000000003,0.0,AV16-CAMREGNNVGDNSKLIW-AJ38_BV13-3-CASSERNQAPLF-BJ1-5,0.8759363349320175,5
1626,D7A,0.41000000000000003,0.0,AV16-CAMREANTGYQNFYF-AJ49_BV13-2-CASGTGGQNTLYF-BJ2-4,0.5662066984098356,18
1627,D7A,0.41000000000000003,0.0,AV16-CAMREANTGYQNFYF-AJ49_BV13-2-CASGDGAQNTLYF-BJ2-4,0.9632491066334894,12
1628,D7A,0.41000000000000003,0.0,AV7-6-CAVGYQNFYF-AJ49_BV4-CASSDRDINYAEQFF-BJ2-1,0.6716135880334382,15
1629,D7A,0.41000000000000003,0.0,AV7-2-CAATGNTGKLIF-AJ37_BV19-CASSIRIAEQFF-BJ2-1,0.6164673498315544,5
1630,D7A,0.405,0.0,AV16N-CAMRDNYAQGLTF-AJ26_BV3-CASSLGPSSYEQYF-BJ2-7,0.40992937085203274,145
1631,D7A,0.405,0.0,AV6D-7-CALGEGGYKVVF-AJ12_BV5-CASSQDQVGERLFF-BJ1-4,0.6327662052131603,125
1632,D7A,0.405,0.0,AV12-2-CALISQQGTGSKLSF-AJ58_BV1-CTCSAVRVSYEQYF-BJ2-7,0.3853401705781878,7
1633,D7A,0.405,0.0,AV16-CAMREGNNVGDNSKLIW-AJ38_BV13-3-CASSERNQAPLF-BJ1-5,0.8759363349320175,5
1634,D7A,0.405,0.0,AV16-CAMREANTGYQNFYF-AJ49_BV13-2-CASGTGGQNTLYF-BJ2-4,0.5662066984098356,18
1635,D7A,0.405,0.0,AV16-CAMREANTGYQNFYF-AJ49_BV13-2-CASGDGAQNTLYF-BJ2-4,0.9632491066334894,12
1636,D7A,0.405,0.0,AV7-6-CAVGYQNFYF-AJ49_BV4-CASSDRDINYAEQFF-BJ2-1,0.6716135880334382,15
1637,D7A,0.405,0.0,AV7-2-CAATGNTGKLIF-AJ37_BV19-CASSIRIAEQFF-BJ2-1,0.6164673498315544,5
1638,D7A,0.4,0.0,AV16N-CAMRDNYAQGLTF-AJ26_BV3-CASSLGPSSYEQYF-BJ2-7,0.40992937085203274,145
1639,D7A,0.4,0.0,AV6D-7-CALGEGGYKVVF-AJ12_BV5-CASSQDQVGERLFF-BJ1-4,0.6327662052131603,125
1640,D7A,0.4,0.0,AV12-2-CALISQQGTGSKLSF-AJ58_BV1-CTCSAVRVSYEQYF-BJ2-7,0.3853401705781878,7
1641,D7A,0.4,0.0,AV16-CAMREGNNVGDNSKLIW-AJ38_BV13-3-CASSERNQAPLF-BJ1-5,0.8759363349320175,5
1642,D7A,0.4,0.0,AV16-CAMREANTGYQNFYF-AJ49_BV13-2-CASGTGGQNTLYF-BJ2-4,0.5662066984098356,18
1643,D7A,0.4,0.0,AV16-CAMREANTGYQNFYF-AJ49_BV13-2-CASGDGAQNTLYF-BJ2-4,0.9632491066334894,12
1644,D7A,0.4,0.0,AV7-6-CAVGYQNFYF-AJ49_BV4-CASSDRDINYAEQFF-BJ2-1,0.6716135880334382,15
1645,D7A,0.4,0.0,AV7-2-CAATGNTGKLIF-AJ37_BV19-CASSIRIAEQFF-BJ2-1,0.6164673498315544,5
1646,D7A,0.395,0.0,AV16N-CAMRDNYAQGLTF-AJ26_BV3-CASSLGPSSYEQYF-BJ2-7,0.40992937085203274,145
1647,D7A,0.395,0.0,AV6D-7-CALGEGGYKVVF-AJ12_BV5-CASSQDQVGERLFF-BJ1-4,0.6327662052131603,125
1648,D7A,0.395,0.0,AV12-2-CALISQQGTGSKLSF-AJ58_BV1-CTCSAVRVSYEQYF-BJ2-7,0.3853401705781878,7
1649,D7A,0.395,0.0,AV16-CAMREGNNVGDNSKLIW-AJ38_BV13-3-CASSERNQAPLF-BJ1-5,0.8759363349320175,5
1650,D7A,0.395,0.0,AV16-CAMREANTGYQNFYF-AJ49_BV13-2-CASGTGGQNTLYF-BJ2-4,0.5662066984098356,18
1651,D7A,0.395,0.0,AV16-CAMREANTGYQNFYF-AJ49_BV13-2-CASGDGAQNTLYF-BJ2-4,0.9632491066334894,12
1652,D7A,0.395,0.0,AV7-6-CAVGYQNFYF-AJ49_BV4-CASSDRDINYAEQFF-BJ2-1,0.6716135880334382,15
1653,D7A,0.395,0.0,AV7-2-CAATGNTGKLIF-AJ37_BV19-CASSIRIAEQFF-BJ2-1,0.6164673498315544,5
1654,D7A,0.39,0.0,AV16N-CAMRDNYAQGLTF-AJ26_BV3-CASSLGPSSYEQYF-BJ2-7,0.40992937085203274,145
1655,D7A,0.39,0.0,AV6D-7-CALGEGGYKVVF-AJ12_BV5-CASSQDQVGERLFF-BJ1-4,0.6327662052131603,125
1656,D7A,0.39,0.0,AV12-2-CALISQQGTGSKLSF-AJ58_BV1-CTCSAVRVSYEQYF-BJ2-7,0.3853401705781878,7
1657,D7A,0.39,0.0,AV16-CAMREGNNVGDNSKLIW-AJ38_BV13-3-CASSERNQAPLF-BJ1-5,0.8759363349320175,5
1658,D7A,0.39,0.0,AV16-CAMREANTGYQNFYF-AJ49_BV13-2-CASGTGGQNTLYF-BJ2-4,0.5662066984098356,18
1659,D7A,0.39,0.0,AV16-CAMREANTGYQNFYF-AJ49_BV13-2-CASGDGAQNTLYF-BJ2-4,0.9632491066334894,12
1660,D7A,0.39,0.0,AV7-6-CAVGYQNFYF-AJ49_BV4-CASSDRDINYAEQFF-BJ2-1,0.6716135880334382,15
1661,D7A,0.39,0.0,AV7-2-CAATGNTGKLIF-AJ37_BV19-CASSIRIAEQFF-BJ2-1,0.6164673498315544,5
1662,D7A,0.385,0.0,AV16N-CAMRDNYAQGLTF-AJ26_BV3-CASSLGPSSYEQYF-BJ2-7,0.40992937085203274,145
1663,D7A,0.385,0.0,AV6D-7-CALGEGGYKVVF-AJ12_BV5-CASSQDQVGERLFF-BJ1-4,0.6327662052131603,125
1664,D7A,0.385,0.0,AV12-2-CALISQQGTGSKLSF-AJ58_BV1-CTCSAVRVSYEQYF-BJ2-7,0.3853401705781878,7
1665,D7A,0.385,0.0,AV16-CAMREGNNVGDNSKLIW-AJ38_BV13-3-CASSERNQAPLF-BJ1-5,0.8759363349320175,5
1666,D7A,0.385,0.0,AV16-CAMREANTGYQNFYF-AJ49_BV13-2-CASGTGGQNTLYF-BJ2-4,0.5662066984098356,18
1667,D7A,0.385,0.0,AV16-CAMREANTGYQNFYF-AJ49_BV13-2-CASGDGAQNTLYF-BJ2-4,0.9632491066334894,12
1668,D7A,0.385,0.0,AV7-6-CAVGYQNFYF-AJ49_BV4-CASSDRDINYAEQFF-BJ2-1,0.6716135880334382,15
1669,D7A,0.385,0.0,AV7-2-CAATGNTGKLIF-AJ37_BV19-CASSIRIAEQFF-BJ2-1,0.6164673498315544,5
1670,D7A,0.38,0.0,AV16N-CAMRDNYAQGLTF-AJ26_BV3-CASSLGPSSYEQYF-BJ2-7,0.40992937085203274,145
1671,D7A,0.38,0.0,AV6D-7-CALGEGGYKVVF-AJ12_BV5-CASSQDQVGERLFF-BJ1-4,0.6327662052131603,125
1672,D7A,0.38,0.0,AV12-2-CALISQQGTGSKLSF-AJ58_BV1-CTCSAVRVSYEQYF-BJ2-7,0.3853401705781878,7
1673,D7A,0.38,0.0,AV16-CAMREGNNVGDNSKLIW-AJ38_BV13-3-CASSERNQAPLF-BJ1-5,0.8759363349320175,5
1674,D7A,0.38,0.0,AV16-CAMREANTGYQNFYF-AJ49_BV13-2-CASGTGGQNTLYF-BJ2-4,0.5662066984098356,18
1675,D7A,0.38,0.0,AV16-CAMREANTGYQNFYF-AJ49_BV13-2-CASGDGAQNTLYF-BJ2-4,0.9632491066334894,12
1676,D7A,0.38,0.0,AV7-6-CAVGYQNFYF-AJ49_BV4-CASSDRDINYAEQFF-BJ2-1,0.6716135880334382,15
1677,D7A,0.38,0.0,AV7-2-CAATGNTGKLIF-AJ37_BV19-CASSIRIAEQFF-BJ2-1,0.6164673498315544,5
1678,D7A,0.375,0.0,AV16N-CAMRDNYAQGLTF-AJ26_BV3-CASSLGPSSYEQYF-BJ2-7,0.40992937085203274,145
1679,D7A,0.375,0.0,AV6D-7-CALGEGGYKVVF-AJ12_BV5-CASSQDQVGERLFF-BJ1-4,0.6327662052131603,125
1680,D7A,0.375,0.0,AV12-2-CALISQQGTGSKLSF-AJ58_BV1-CTCSAVRVSYEQYF-BJ2-7,0.3853401705781878,7
1681,D7A,0.375,0.0,AV16-CAMREGNNVGDNSKLIW-AJ38_BV13-3-CASSERNQAPLF-BJ1-5,0.8759363349320175,5
1682,D7A,0.375,0.0,AV16-CAMREANTGYQNFYF-AJ49_BV13-2-CASGTGGQNTLYF-BJ2-4,0.5662066984098356,18
1683,D7A,0.375,0.0,AV16-CAMREANTGYQNFYF-AJ49_BV13-2-CASGDGAQNTLYF-BJ2-4,0.9632491066334894,12
1684,D7A,0.375,0.0,AV7-6-CAVGYQNFYF-AJ49_BV4-CASSDRDINYAEQFF-BJ2-1,0.6716135880334382,15
1685,D7A,0.375,0.0,AV7-2-CAATGNTGKLIF-AJ37_BV19-CASSIRIAEQFF-BJ2-1,0.6164673498315544,5
1686,D7A,0.37,0.0,AV16N-CAMRDNYAQGLTF-AJ26_BV3-CASSLGPSSYEQYF-BJ2-7,0.40992937085203274,145
1687,D7A,0.37,0.0,AV6D-7-CALGEGGYKVVF-AJ12_BV5-CASSQDQVGERLFF-BJ1-4,0.6327662052131603,125
1688,D7A,0.37,0.0,AV12-2-CALISQQGTGSKLSF-AJ58_BV1-CTCSAVRVSYEQYF-BJ2-7,0.3853401705781878,7
1689,D7A,0.37,0.0,AV16-CAMREGNNVGDNSKLIW-AJ38_BV13-3-CASSERNQAPLF-BJ1-5,0.8759363349320175,5
1690,D7A,0.37,0.0,AV16-CAMREANTGYQNFYF-AJ49_BV13-2-CASGTGGQNTLYF-BJ2-4,0.5662066984098356,18
1691,D7A,0.37,0.0,AV16-CAMREANTGYQNFYF-AJ49_BV13-2-CASGDGAQNTLYF-BJ2-4,0.9632491066334894,12
1692,D7A,0.37,0.0,AV7-6-CAVGYQNFYF-AJ49_BV4-CASSDRDINYAEQFF-BJ2-1,0.6716135880334382,15
1693,D7A,0.37,0.0,AV7-2-CAATGNTGKLIF-AJ37_BV19-CASSIRIAEQFF-BJ2-1,0.6164673498315544,5
1694,D7A,0.365,0.0,AV16N-CAMRDNYAQGLTF-AJ26_BV3-CASSLGPSSYEQYF-BJ2-7,0.40992937085203274,145
1695,D7A,0.365,0.0,AV6D-7-CALGEGGYKVVF-AJ12_BV5-CASSQDQVGERLFF-BJ1-4,0.6327662052131603,125
1696,D7A,0.365,0.0,AV12-2-CALISQQGTGSKLSF-AJ58_BV1-CTCSAVRVSYEQYF-BJ2-7,0.3853401705781878,7
1697,D7A,0.365,0.0,AV16-CAMREGNNVGDNSKLIW-AJ38_BV13-3-CASSERNQAPLF-BJ1-5,0.8759363349320175,5
1698,D7A,0.365,0.0,AV16-CAMREANTGYQNFYF-AJ49_BV13-2-CASGTGGQNTLYF-BJ2-4,0.5662066984098356,18
1699,D7A,0.365,0.0,AV16-CAMREANTGYQNFYF-AJ49_BV13-2-CASGDGAQNTLYF-BJ2-4,0.9632491066334894,12
1700,D7A,0.365,0.0,AV7-6-CAVGYQNFYF-AJ49_BV4-CASSDRDINYAEQFF-BJ2-1,0.6716135880334382,15
1701,D7A,0.365,0.0,AV7-2-CAATGNTGKLIF-AJ37_BV19-CASSIRIAEQFF-BJ2-1,0.6164673498315544,5
1702,D7A,0.36,0.0,AV16N-CAMRDNYAQGLTF-AJ26_BV3-CASSLGPSSYEQYF-BJ2-7,0.40992937085203274,145
1703,D7A,0.36,0.0,AV6D-7-CALGEGGYKVVF-AJ12_BV5-CASSQDQVGERLFF-BJ1-4,0.6327662052131603,125
1704,D7A,0.36,0.0,AV12-2-CALISQQGTGSKLSF-AJ58_BV1-CTCSAVRVSYEQYF-BJ2-7,0.3853401705781878,7
1705,D7A,0.36,0.0,AV16-CAMREGNNVGDNSKLIW-AJ38_BV13-3-CASSERNQAPLF-BJ1-5,0.8759363349320175,5
1706,D7A,0.36,0.0,AV16-CAMREANTGYQNFYF-AJ49_BV13-2-CASGTGGQNTLYF-BJ2-4,0.5662066984098356,18
1707,D7A,0.36,0.0,AV16-CAMREANTGYQNFYF-AJ49_BV13-2-CASGDGAQNTLYF-BJ2-4,0.9632491066334894,12
1708,D7A,0.36,0.0,AV7-6-CAVGYQNFYF-AJ49_BV4-CASSDRDINYAEQFF-BJ2-1,0.6716135880334382,15
1709,D7A,0.36,0.0,AV7-2-CAATGNTGKLIF-AJ37_BV19-CASSIRIAEQFF-BJ2-1,0.6164673498315544,5
1710,D7A,0.355,0.0,AV16N-CAMRDNYAQGLTF-AJ26_BV3-CASSLGPSSYEQYF-BJ2-7,0.40992937085203274,145
1711,D7A,0.355,0.0,AV6D-7-CALGEGGYKVVF-AJ12_BV5-CASSQDQVGERLFF-BJ1-4,0.6327662052131603,125
1712,D7A,0.355,0.0,AV12-2-CALISQQGTGSKLSF-AJ58_BV1-CTCSAVRVSYEQYF-BJ2-7,0.3853401705781878,7
1713,D7A,0.355,0.0,AV16-CAMREGNNVGDNSKLIW-AJ38_BV13-3-CASSERNQAPLF-BJ1-5,0.8759363349320175,5
1714,D7A,0.355,0.0,AV16-CAMREANTGYQNFYF-AJ49_BV13-2-CASGTGGQNTLYF-BJ2-4,0.5662066984098356,18
1715,D7A,0.355,0.0,AV16-CAMREANTGYQNFYF-AJ49_BV13-2-CASGDGAQNTLYF-BJ2-4,0.9632491066334894,12
1716,D7A,0.355,0.0,AV7-6-CAVGYQNFYF-AJ49_BV4-CASSDRDINYAEQFF-BJ2-1,0.6716135880334382,15
1717,D7A,0.355,0.0,AV7-2-CAATGNTGKLIF-AJ37_BV19-CASSIRIAEQFF-BJ2-1,0.6164673498315544,5
1718,D7A,0.35,0.0,AV16N-CAMRDNYAQGLTF-AJ26_BV3-CASSLGPSSYEQYF-BJ2-7,0.40992937085203274,145
1719,D7A,0.35,0.0,AV6D-7-CALGEGGYKVVF-AJ12_BV5-CASSQDQVGERLFF-BJ1-4,0.6327662052131603,125
1720,D7A,0.35,0.0,AV12-2-CALISQQGTGSKLSF-AJ58_BV1-CTCSAVRVSYEQYF-BJ2-7,0.3853401705781878,7
1721,D7A,0.35,0.0,AV16-CAMREGNNVGDNSKLIW-AJ38_BV13-3-CASSERNQAPLF-BJ1-5,0.8759363349320175,5
1722,D7A,0.35,0.0,AV16-CAMREANTGYQNFYF-AJ49_BV13-2-CASGTGGQNTLYF-BJ2-4,0.5662066984098356,18
1723,D7A,0.35,0.0,AV16-CAMREANTGYQNFYF-AJ49_BV13-2-CASGDGAQNTLYF-BJ2-4,0.9632491066334894,12
1724,D7A,0.35,0.0,AV7-6-CAVGYQNFYF-AJ49_BV4-CASSDRDINYAEQFF-BJ2-1,0.6716135880334382,15
1725,D7A,0.35,0.0,AV7-2-CAATGNTGKLIF-AJ37_BV19-CASSIRIAEQFF-BJ2-1,0.6164673498315544,5
1726,D7A,0.345,0.0,AV16N-CAMRDNYAQGLTF-AJ26_BV3-CASSLGPSSYEQYF-BJ2-7,0.40992937085203274,145
1727,D7A,0.345,0.0,AV6D-7-CALGEGGYKVVF-AJ12_BV5-CASSQDQVGERLFF-BJ1-4,0.6327662052131603,125
1728,D7A,0.345,0.0,AV12-2-CALISQQGTGSKLSF-AJ58_BV1-CTCSAVRVSYEQYF-BJ2-7,0.3853401705781878,7
1729,D7A,0.345,0.0,AV16-CAMREGNNVGDNSKLIW-AJ38_BV13-3-CASSERNQAPLF-BJ1-5,0.8759363349320175,5
1730,D7A,0.345,0.0,AV16-CAMREANTGYQNFYF-AJ49_BV13-2-CASGTGGQNTLYF-BJ2-4,0.5662066984098356,18
1731,D7A,0.345,0.0,AV16-CAMREANTGYQNFYF-AJ49_BV13-2-CASGDGAQNTLYF-BJ2-4,0.9632491066334894,12
1732,D7A,0.345,0.0,AV7-6-CAVGYQNFYF-AJ49_BV4-CASSDRDINYAEQFF-BJ2-1,0.6716135880334382,15
1733,D7A,0.345,0.0,AV7-2-CAATGNTGKLIF-AJ37_BV19-CASSIRIAEQFF-BJ2-1,0.6164673498315544,5
1734,D7A,0.33999999999999997,0.0,AV16N-CAMRDNYAQGLTF-AJ26_BV3-CASSLGPSSYEQYF-BJ2-7,0.40992937085203274,145
1735,D7A,0.33999999999999997,0.0,AV6D-7-CALGEGGYKVVF-AJ12_BV5-CASSQDQVGERLFF-BJ1-4,0.6327662052131603,125
1736,D7A,0.33999999999999997,0.0,AV12-2-CALISQQGTGSKLSF-AJ58_BV1-CTCSAVRVSYEQYF-BJ2-7,0.3853401705781878,7
1737,D7A,0.33999999999999997,0.0,AV16-CAMREGNNVGDNSKLIW-AJ38_BV13-3-CASSERNQAPLF-BJ1-5,0.8759363349320175,5
1738,D7A,0.33999999999999997,0.0,AV16-CAMREANTGYQNFYF-AJ49_BV13-2-CASGTGGQNTLYF-BJ2-4,0.5662066984098356,18
1739,D7A,0.33999999999999997,0.0,AV16-CAMREANTGYQNFYF-AJ49_BV13-2-CASGDGAQNTLYF-BJ2-4,0.9632491066334894,12
1740,D7A,0.33999999999999997,0.0,AV7-6-CAVGYQNFYF-AJ49_BV4-CASSDRDINYAEQFF-BJ2-1,0.6716135880334382,15
1741,D7A,0.33999999999999997,0.0,AV7-2-CAATGNTGKLIF-AJ37_BV19-CASSIRIAEQFF-BJ2-1,0.6164673498315544,5
1742,D7A,0.33499999999999996,0.0,AV16N-CAMRDNYAQGLTF-AJ26_BV3-CASSLGPSSYEQYF-BJ2-7,0.40992937085203274,145
1743,D7A,0.33499999999999996,0.0,AV6D-7-CALGEGGYKVVF-AJ12_BV5-CASSQDQVGERLFF-BJ1-4,0.6327662052131603,125
1744,D7A,0.33499999999999996,0.0,AV12-2-CALISQQGTGSKLSF-AJ58_BV1-CTCSAVRVSYEQYF-BJ2-7,0.3853401705781878,7
1745,D7A,0.33499999999999996,0.0,AV16-CAMREGNNVGDNSKLIW-AJ38_BV13-3-CASSERNQAPLF-BJ1-5,0.8759363349320175,5
1746,D7A,0.33499999999999996,0.0,AV16-CAMREANTGYQNFYF-AJ49_BV13-2-CASGTGGQNTLYF-BJ2-4,0.5662066984098356,18
1747,D7A,0.33499999999999996,0.0,AV16-CAMREANTGYQNFYF-AJ49_BV13-2-CASGDGAQNTLYF-BJ2-4,0.9632491066334894,12
1748,D7A,0.33499999999999996,0.0,AV7-6-CAVGYQNFYF-AJ49_BV4-CASSDRDINYAEQFF-BJ2-1,0.6716135880334382,15
1749,D7A,0.33499999999999996,0.0,AV7-2-CAATGNTGKLIF-AJ37_BV19-CASSIRIAEQFF-BJ2-1,0.6164673498315544,5
1750,D7A,0.32999999999999996,0.0,AV16N-CAMRDNYAQGLTF-AJ26_BV3-CASSLGPSSYEQYF-BJ2-7,0.40992937085203274,145
1751,D7A,0.32999999999999996,0.0,AV6D-7-CALGEGGYKVVF-AJ12_BV5-CASSQDQVGERLFF-BJ1-4,0.6327662052131603,125
1752,D7A,0.32999999999999996,0.0,AV12-2-CALISQQGTGSKLSF-AJ58_BV1-CTCSAVRVSYEQYF-BJ2-7,0.3853401705781878,7
1753,D7A,0.32999999999999996,0.0,AV16-CAMREGNNVGDNSKLIW-AJ38_BV13-3-CASSERNQAPLF-BJ1-5,0.8759363349320175,5
1754,D7A,0.32999999999999996,0.0,AV16-CAMREANTGYQNFYF-AJ49_BV13-2-CASGTGGQNTLYF-BJ2-4,0.5662066984098356,18
1755,D7A,0.32999999999999996,0.0,AV16-CAMREANTGYQNFYF-AJ49_BV13-2-CASGDGAQNTLYF-BJ2-4,0.9632491066334894,12
1756,D7A,0.32999999999999996,0.0,AV7-6-CAVGYQNFYF-AJ49_BV4-CASSDRDINYAEQFF-BJ2-1,0.6716135880334382,15
1757,D7A,0.32999999999999996,0.0,AV7-2-CAATGNTGKLIF-AJ37_BV19-CASSIRIAEQFF-BJ2-1,0.6164673498315544,5
1758,D7A,0.32499999999999996,0.0,AV16N-CAMRDNYAQGLTF-AJ26_BV3-CASSLGPSSYEQYF-BJ2-7,0.40992937085203274,145
1759,D7A,0.32499999999999996,0.0,AV6D-7-CALGEGGYKVVF-AJ12_BV5-CASSQDQVGERLFF-BJ1-4,0.6327662052131603,125
1760,D7A,0.32499999999999996,0.0,AV12-2-CALISQQGTGSKLSF-AJ58_BV1-CTCSAVRVSYEQYF-BJ2-7,0.3853401705781878,7
1761,D7A,0.32499999999999996,0.0,AV16-CAMREGNNVGDNSKLIW-AJ38_BV13-3-CASSERNQAPLF-BJ1-5,0.8759363349320175,5
1762,D7A,0.32499999999999996,0.0,AV16-CAMREANTGYQNFYF-AJ49_BV13-2-CASGTGGQNTLYF-BJ2-4,0.5662066984098356,18
1763,D7A,0.32499999999999996,0.0,AV16-CAMREANTGYQNFYF-AJ49_BV13-2-CASGDGAQNTLYF-BJ2-4,0.9632491066334894,12
1764,D7A,0.32499999999999996,0.0,AV7-6-CAVGYQNFYF-AJ49_BV4-CASSDRDINYAEQFF-BJ2-1,0.6716135880334382,15
1765,D7A,0.32499999999999996,0.0,AV7-2-CAATGNTGKLIF-AJ37_BV19-CASSIRIAEQFF-BJ2-1,0.6164673498315544,5
1766,D7A,0.31999999999999995,0.0,AV16N-CAMRDNYAQGLTF-AJ26_BV3-CASSLGPSSYEQYF-BJ2-7,0.40992937085203274,145
1767,D7A,0.31999999999999995,0.0,AV6D-7-CALGEGGYKVVF-AJ12_BV5-CASSQDQVGERLFF-BJ1-4,0.6327662052131603,125
1768,D7A,0.31999999999999995,0.0,AV12-2-CALISQQGTGSKLSF-AJ58_BV1-CTCSAVRVSYEQYF-BJ2-7,0.3853401705781878,7
1769,D7A,0.31999999999999995,0.0,AV16-CAMREGNNVGDNSKLIW-AJ38_BV13-3-CASSERNQAPLF-BJ1-5,0.8759363349320175,5
1770,D7A,0.31999999999999995,0.0,AV16-CAMREANTGYQNFYF-AJ49_BV13-2-CASGTGGQNTLYF-BJ2-4,0.5662066984098356,18
1771,D7A,0.31999999999999995,0.0,AV16-CAMREANTGYQNFYF-AJ49_BV13-2-CASGDGAQNTLYF-BJ2-4,0.9632491066334894,12
1772,D7A,0.31999999999999995,0.0,AV7-6-CAVGYQNFYF-AJ49_BV4-CASSDRDINYAEQFF-BJ2-1,0.6716135880334382,15
1773,D7A,0.31999999999999995,0.0,AV7-2-CAATGNTGKLIF-AJ37_BV19-CASSIRIAEQFF-BJ2-1,0.6164673498315544,5
1774,D7A,0.31499999999999995,0.0,AV16N-CAMRDNYAQGLTF-AJ26_BV3-CASSLGPSSYEQYF-BJ2-7,0.40992937085203274,145
1775,D7A,0.31499999999999995,0.0,AV6D-7-CALGEGGYKVVF-AJ12_BV5-CASSQDQVGERLFF-BJ1-4,0.6327662052131603,125
1776,D7A,0.31499999999999995,0.0,AV12-2-CALISQQGTGSKLSF-AJ58_BV1-CTCSAVRVSYEQYF-BJ2-7,0.3853401705781878,7
1777,D7A,0.31499999999999995,0.0,AV16-CAMREGNNVGDNSKLIW-AJ38_BV13-3-CASSERNQAPLF-BJ1-5,0.8759363349320175,5
1778,D7A,0.31499999999999995,0.0,AV16-CAMREANTGYQNFYF-AJ49_BV13-2-CASGTGGQNTLYF-BJ2-4,0.5662066984098356,18
1779,D7A,0.31499999999999995,0.0,AV16-CAMREANTGYQNFYF-AJ49_BV13-2-CASGDGAQNTLYF-BJ2-4,0.9632491066334894,12
1780,D7A,0.31499999999999995,0.0,AV7-6-CAVGYQNFYF-AJ49_BV4-CASSDRDINYAEQFF-BJ2-1,0.6716135880334382,15
1781,D7A,0.31499999999999995,0.0,AV7-2-CAATGNTGKLIF-AJ37_BV19-CASSIRIAEQFF-BJ2-1,0.6164673498315544,5
1782,D7A,0.30999999999999994,0.0,AV16N-CAMRDNYAQGLTF-AJ26_BV3-CASSLGPSSYEQYF-BJ2-7,0.40992937085203274,145
1783,D7A,0.30999999999999994,0.0,AV6D-7-CALGEGGYKVVF-AJ12_BV5-CASSQDQVGERLFF-BJ1-4,0.6327662052131603,125
1784,D7A,0.30999999999999994,0.0,AV12-2-CALISQQGTGSKLSF-AJ58_BV1-CTCSAVRVSYEQYF-BJ2-7,0.3853401705781878,7
1785,D7A,0.30999999999999994,0.0,AV16-CAMREGNNVGDNSKLIW-AJ38_BV13-3-CASSERNQAPLF-BJ1-5,0.8759363349320175,5
1786,D7A,0.30999999999999994,0.0,AV16-CAMREANTGYQNFYF-AJ49_BV13-2-CASGTGGQNTLYF-BJ2-4,0.5662066984098356,18
1787,D7A,0.30999999999999994,0.0,AV16-CAMREANTGYQNFYF-AJ49_BV13-2-CASGDGAQNTLYF-BJ2-4,0.9632491066334894,12
1788,D7A,0.30999999999999994,0.0,AV7-6-CAVGYQNFYF-AJ49_BV4-CASSDRDINYAEQFF-BJ2-1,0.6716135880334382,15
1789,D7A,0.30999999999999994,0.0,AV7-2-CAATGNTGKLIF-AJ37_BV19-CASSIRIAEQFF-BJ2-1,0.6164673498315544,5
1790,D7A,0.30499999999999994,0.0,AV16N-CAMRDNYAQGLTF-AJ26_BV3-CASSLGPSSYEQYF-BJ2-7,0.40992937085203274,145
1791,D7A,0.30499999999999994,0.0,AV6D-7-CALGEGGYKVVF-AJ12_BV5-CASSQDQVGERLFF-BJ1-4,0.6327662052131603,125
1792,D7A,0.30499999999999994,0.0,AV12-2-CALISQQGTGSKLSF-AJ58_BV1-CTCSAVRVSYEQYF-BJ2-7,0.3853401705781878,7
1793,D7A,0.30499999999999994,0.0,AV16-CAMREGNNVGDNSKLIW-AJ38_BV13-3-CASSERNQAPLF-BJ1-5,0.8759363349320175,5
1794,D7A,0.30499999999999994,0.0,AV16-CAMREANTGYQNFYF-AJ49_BV13-2-CASGTGGQNTLYF-BJ2-4,0.5662066984098356,18
1795,D7A,0.30499999999999994,0.0,AV16-CAMREANTGYQNFYF-AJ49_BV13-2-CASGDGAQNTLYF-BJ2-4,0.9632491066334894,12
1796,D7A,0.30499999999999994,0.0,AV7-6-CAVGYQNFYF-AJ49_BV4-CASSDRDINYAEQFF-BJ2-1,0.6716135880334382,15
1797,D7A,0.30499999999999994,0.0,AV7-2-CAATGNTGKLIF-AJ37_BV19-CASSIRIAEQFF-BJ2-1,0.6164673498315544,5
1798,D7A,0.29999999999999993,0.0,AV16N-CAMRDNYAQGLTF-AJ26_BV3-CASSLGPSSYEQYF-BJ2-7,0.40992937085203274,145
1799,D7A,0.29999999999999993,0.0,AV6D-7-CALGEGGYKVVF-AJ12_BV5-CASSQDQVGERLFF-BJ1-4,0.6327662052131603,125
1800,D7A,0.29999999999999993,0.0,AV12-2-CALISQQGTGSKLSF-AJ58_BV1-CTCSAVRVSYEQYF-BJ2-7,0.3853401705781878,7
1801,D7A,0.29999999999999993,0.0,AV16-CAMREGNNVGDNSKLIW-AJ38_BV13-3-CASSERNQAPLF-BJ1-5,0.8759363349320175,5
1802,D7A,0.29999999999999993,0.0,AV16-CAMREANTGYQNFYF-AJ49_BV13-2-CASGTGGQNTLYF-BJ2-4,0.5662066984098356,18
1803,D7A,0.29999999999999993,0.0,AV16-CAMREANTGYQNFYF-AJ49_BV13-2-CASGDGAQNTLYF-BJ2-4,0.9632491066334894,12
1804,D7A,0.29999999999999993,0.0,AV7-6-CAVGYQNFYF-AJ49_BV4-CASSDRDINYAEQFF-BJ2-1,0.6716135880334382,15
1805,D7A,0.29999999999999993,0.0,AV7-2-CAATGNTGKLIF-AJ37_BV19-CASSIRIAEQFF-BJ2-1,0.6164673498315544,5
1806,D7A,0.29500000000000004,0.0,AV16N-CAMRDNYAQGLTF-AJ26_BV3-CASSLGPSSYEQYF-BJ2-7,0.40992937085203274,145
1807,D7A,0.29500000000000004,0.0,AV6D-7-CALGEGGYKVVF-AJ12_BV5-CASSQDQVGERLFF-BJ1-4,0.6327662052131603,125
1808,D7A,0.29500000000000004,0.0,AV12-2-CALISQQGTGSKLSF-AJ58_BV1-CTCSAVRVSYEQYF-BJ2-7,0.3853401705781878,7
1809,D7A,0.29500000000000004,0.0,AV16-CAMREGNNVGDNSKLIW-AJ38_BV13-3-CASSERNQAPLF-BJ1-5,0.8759363349320175,5
1810,D7A,0.29500000000000004,0.0,AV16-CAMREANTGYQNFYF-AJ49_BV13-2-CASGTGGQNTLYF-BJ2-4,0.5662066984098356,18
1811,D7A,0.29500000000000004,0.0,AV16-CAMREANTGYQNFYF-AJ49_BV13-2-CASGDGAQNTLYF-BJ2-4,0.9632491066334894,12
1812,D7A,0.29500000000000004,0.0,AV7-6-CAVGYQNFYF-AJ49_BV4-CASSDRDINYAEQFF-BJ2-1,0.6716135880334382,15
1813,D7A,0.29500000000000004,0.0,AV7-2-CAATGNTGKLIF-AJ37_BV19-CASSIRIAEQFF-BJ2-1,0.6164673498315544,5
1814,D7A,0.29000000000000004,0.0,AV16N-CAMRDNYAQGLTF-AJ26_BV3-CASSLGPSSYEQYF-BJ2-7,0.40992937085203274,145
1815,D7A,0.29000000000000004,0.0,AV6D-7-CALGEGGYKVVF-AJ12_BV5-CASSQDQVGERLFF-BJ1-4,0.6327662052131603,125
1816,D7A,0.29000000000000004,0.0,AV12-2-CALISQQGTGSKLSF-AJ58_BV1-CTCSAVRVSYEQYF-BJ2-7,0.3853401705781878,7
1817,D7A,0.29000000000000004,0.0,AV16-CAMREGNNVGDNSKLIW-AJ38_BV13-3-CASSERNQAPLF-BJ1-5,0.8759363349320175,5
1818,D7A,0.29000000000000004,0.0,AV16-CAMREANTGYQNFYF-AJ49_BV13-2-CASGTGGQNTLYF-BJ2-4,0.5662066984098356,18
1819,D7A,0.29000000000000004,0.0,AV16-CAMREANTGYQNFYF-AJ49_BV13-2-CASGDGAQNTLYF-BJ2-4,0.9632491066334894,12
1820,D7A,0.29000000000000004,0.0,AV7-6-CAVGYQNFYF-AJ49_BV4-CASSDRDINYAEQFF-BJ2-1,0.6716135880334382,15
1821,D7A,0.29000000000000004,0.0,AV7-2-CAATGNTGKLIF-AJ37_BV19-CASSIRIAEQFF-BJ2-1,0.6164673498315544,5
1822,D7A,0.28500000000000003,0.0,AV16N-CAMRDNYAQGLTF-AJ26_BV3-CASSLGPSSYEQYF-BJ2-7,0.40992937085203274,145
1823,D7A,0.28500000000000003,0.0,AV6D-7-CALGEGGYKVVF-AJ12_BV5-CASSQDQVGERLFF-BJ1-4,0.6327662052131603,125
1824,D7A,0.28500000000000003,0.0,AV12-2-CALISQQGTGSKLSF-AJ58_BV1-CTCSAVRVSYEQYF-BJ2-7,0.3853401705781878,7
1825,D7A,0.28500000000000003,0.0,AV16-CAMREGNNVGDNSKLIW-AJ38_BV13-3-CASSERNQAPLF-BJ1-5,0.8759363349320175,5
1826,D7A,0.28500000000000003,0.0,AV16-CAMREANTGYQNFYF-AJ49_BV13-2-CASGTGGQNTLYF-BJ2-4,0.5662066984098356,18
1827,D7A,0.28500000000000003,0.0,AV16-CAMREANTGYQNFYF-AJ49_BV13-2-CASGDGAQNTLYF-BJ2-4,0.9632491066334894,12
1828,D7A,0.28500000000000003,0.0,AV7-6-CAVGYQNFYF-AJ49_BV4-CASSDRDINYAEQFF-BJ2-1,0.6716135880334382,15
1829,D7A,0.28500000000000003,0.0,AV7-2-CAATGNTGKLIF-AJ37_BV19-CASSIRIAEQFF-BJ2-1,0.6164673498315544,5
1830,D7A,0.28,0.0,AV16N-CAMRDNYAQGLTF-AJ26_BV3-CASSLGPSSYEQYF-BJ2-7,0.40992937085203274,145
1831,D7A,0.28,0.0,AV6D-7-CALGEGGYKVVF-AJ12_BV5-CASSQDQVGERLFF-BJ1-4,0.6327662052131603,125
1832,D7A,0.28,0.0,AV12-2-CALISQQGTGSKLSF-AJ58_BV1-CTCSAVRVSYEQYF-BJ2-7,0.3853401705781878,7
1833,D7A,0.28,0.0,AV16-CAMREGNNVGDNSKLIW-AJ38_BV13-3-CASSERNQAPLF-BJ1-5,0.8759363349320175,5
1834,D7A,0.28,0.0,AV16-CAMREANTGYQNFYF-AJ49_BV13-2-CASGTGGQNTLYF-BJ2-4,0.5662066984098356,18
1835,D7A,0.28,0.0,AV16-CAMREANTGYQNFYF-AJ49_BV13-2-CASGDGAQNTLYF-BJ2-4,0.9632491066334894,12
1836,D7A,0.28,0.0,AV7-6-CAVGYQNFYF-AJ49_BV4-CASSDRDINYAEQFF-BJ2-1,0.6716135880334382,15
1837,D7A,0.28,0.0,AV7-2-CAATGNTGKLIF-AJ37_BV19-CASSIRIAEQFF-BJ2-1,0.6164673498315544,5
1838,D7A,0.275,0.0,AV16N-CAMRDNYAQGLTF-AJ26_BV3-CASSLGPSSYEQYF-BJ2-7,0.40992937085203274,145
1839,D7A,0.275,0.0,AV6D-7-CALGEGGYKVVF-AJ12_BV5-CASSQDQVGERLFF-BJ1-4,0.6327662052131603,125
1840,D7A,0.275,0.0,AV12-2-CALISQQGTGSKLSF-AJ58_BV1-CTCSAVRVSYEQYF-BJ2-7,0.3853401705781878,7
1841,D7A,0.275,0.0,AV16-CAMREGNNVGDNSKLIW-AJ38_BV13-3-CASSERNQAPLF-BJ1-5,0.8759363349320175,5
1842,D7A,0.275,0.0,AV16-CAMREANTGYQNFYF-AJ49_BV13-2-CASGTGGQNTLYF-BJ2-4,0.5662066984098356,18
1843,D7A,0.275,0.0,AV16-CAMREANTGYQNFYF-AJ49_BV13-2-CASGDGAQNTLYF-BJ2-4,0.9632491066334894,12
1844,D7A,0.275,0.0,AV7-6-CAVGYQNFYF-AJ49_BV4-CASSDRDINYAEQFF-BJ2-1,0.6716135880334382,15
1845,D7A,0.275,0.0,AV7-2-CAATGNTGKLIF-AJ37_BV19-CASSIRIAEQFF-BJ2-1,0.6164673498315544,5
1846,D7A,0.27,0.0,AV16N-CAMRDNYAQGLTF-AJ26_BV3-CASSLGPSSYEQYF-BJ2-7,0.40992937085203274,145
1847,D7A,0.27,0.0,AV6D-7-CALGEGGYKVVF-AJ12_BV5-CASSQDQVGERLFF-BJ1-4,0.6327662052131603,125
1848,D7A,0.27,0.0,AV12-2-CALISQQGTGSKLSF-AJ58_BV1-CTCSAVRVSYEQYF-BJ2-7,0.3853401705781878,7
1849,D7A,0.27,0.0,AV16-CAMREGNNVGDNSKLIW-AJ38_BV13-3-CASSERNQAPLF-BJ1-5,0.8759363349320175,5
1850,D7A,0.27,0.0,AV16-CAMREANTGYQNFYF-AJ49_BV13-2-CASGTGGQNTLYF-BJ2-4,0.5662066984098356,18
1851,D7A,0.27,0.0,AV16-CAMREANTGYQNFYF-AJ49_BV13-2-CASGDGAQNTLYF-BJ2-4,0.9632491066334894,12
1852,D7A,0.27,0.0,AV7-6-CAVGYQNFYF-AJ49_BV4-CASSDRDINYAEQFF-BJ2-1,0.6716135880334382,15
1853,D7A,0.27,0.0,AV7-2-CAATGNTGKLIF-AJ37_BV19-CASSIRIAEQFF-BJ2-1,0.6164673498315544,5
1854,D7A,0.265,0.0,AV16N-CAMRDNYAQGLTF-AJ26_BV3-CASSLGPSSYEQYF-BJ2-7,0.40992937085203274,145
1855,D7A,0.265,0.0,AV6D-7-CALGEGGYKVVF-AJ12_BV5-CASSQDQVGERLFF-BJ1-4,0.6327662052131603,125
1856,D7A,0.265,0.0,AV12-2-CALISQQGTGSKLSF-AJ58_BV1-CTCSAVRVSYEQYF-BJ2-7,0.3853401705781878,7
1857,D7A,0.265,0.0,AV16-CAMREGNNVGDNSKLIW-AJ38_BV13-3-CASSERNQAPLF-BJ1-5,0.8759363349320175,5
1858,D7A,0.265,0.0,AV16-CAMREANTGYQNFYF-AJ49_BV13-2-CASGTGGQNTLYF-BJ2-4,0.5662066984098356,18
1859,D7A,0.265,0.0,AV16-CAMREANTGYQNFYF-AJ49_BV13-2-CASGDGAQNTLYF-BJ2-4,0.9632491066334894,12
1860,D7A,0.265,0.0,AV7-6-CAVGYQNFYF-AJ49_BV4-CASSDRDINYAEQFF-BJ2-1,0.6716135880334382,15
1861,D7A,0.265,0.0,AV7-2-CAATGNTGKLIF-AJ37_BV19-CASSIRIAEQFF-BJ2-1,0.6164673498315544,5
1862,D7A,0.26,0.0,AV16N-CAMRDNYAQGLTF-AJ26_BV3-CASSLGPSSYEQYF-BJ2-7,0.40992937085203274,145
1863,D7A,0.26,0.0,AV6D-7-CALGEGGYKVVF-AJ12_BV5-CASSQDQVGERLFF-BJ1-4,0.6327662052131603,125
1864,D7A,0.26,0.0,AV12-2-CALISQQGTGSKLSF-AJ58_BV1-CTCSAVRVSYEQYF-BJ2-7,0.3853401705781878,7
1865,D7A,0.26,0.0,AV16-CAMREGNNVGDNSKLIW-AJ38_BV13-3-CASSERNQAPLF-BJ1-5,0.8759363349320175,5
1866,D7A,0.26,0.0,AV16-CAMREANTGYQNFYF-AJ49_BV13-2-CASGTGGQNTLYF-BJ2-4,0.5662066984098356,18
1867,D7A,0.26,0.0,AV16-CAMREANTGYQNFYF-AJ49_BV13-2-CASGDGAQNTLYF-BJ2-4,0.9632491066334894,12
1868,D7A,0.26,0.0,AV7-6-CAVGYQNFYF-AJ49_BV4-CASSDRDINYAEQFF-BJ2-1,0.6716135880334382,15
1869,D7A,0.26,0.0,AV7-2-CAATGNTGKLIF-AJ37_BV19-CASSIRIAEQFF-BJ2-1,0.6164673498315544,5
1870,D7A,0.255,0.0,AV16N-CAMRDNYAQGLTF-AJ26_BV3-CASSLGPSSYEQYF-BJ2-7,0.40992937085203274,145
1871,D7A,0.255,0.0,AV6D-7-CALGEGGYKVVF-AJ12_BV5-CASSQDQVGERLFF-BJ1-4,0.6327662052131603,125
1872,D7A,0.255,0.0,AV12-2-CALISQQGTGSKLSF-AJ58_BV1-CTCSAVRVSYEQYF-BJ2-7,0.3853401705781878,7
1873,D7A,0.255,0.0,AV16-CAMREGNNVGDNSKLIW-AJ38_BV13-3-CASSERNQAPLF-BJ1-5,0.8759363349320175,5
1874,D7A,0.255,0.0,AV16-CAMREANTGYQNFYF-AJ49_BV13-2-CASGTGGQNTLYF-BJ2-4,0.5662066984098356,18
1875,D7A,0.255,0.0,AV16-CAMREANTGYQNFYF-AJ49_BV13-2-CASGDGAQNTLYF-BJ2-4,0.9632491066334894,12
1876,D7A,0.255,0.0,AV7-6-CAVGYQNFYF-AJ49_BV4-CASSDRDINYAEQFF-BJ2-1,0.6716135880334382,15
1877,D7A,0.255,0.0,AV7-2-CAATGNTGKLIF-AJ37_BV19-CASSIRIAEQFF-BJ2-1,0.6164673498315544,5
1878,D7A,0.25,0.0,AV16N-CAMRDNYAQGLTF-AJ26_BV3-CASSLGPSSYEQYF-BJ2-7,0.40992937085203274,145
1879,D7A,0.25,0.0,AV6D-7-CALGEGGYKVVF-AJ12_BV5-CASSQDQVGERLFF-BJ1-4,0.6327662052131603,125
1880,D7A,0.25,0.0,AV12-2-CALISQQGTGSKLSF-AJ58_BV1-CTCSAVRVSYEQYF-BJ2-7,0.3853401705781878,7
1881,D7A,0.25,0.0,AV16-CAMREGNNVGDNSKLIW-AJ38_BV13-3-CASSERNQAPLF-BJ1-5,0.8759363349320175,5
1882,D7A,0.25,0.0,AV16-CAMREANTGYQNFYF-AJ49_BV13-2-CASGTGGQNTLYF-BJ2-4,0.5662066984098356,18
1883,D7A,0.25,0.0,AV16-CAMREANTGYQNFYF-AJ49_BV13-2-CASGDGAQNTLYF-BJ2-4,0.9632491066334894,12
1884,D7A,0.25,0.0,AV7-6-CAVGYQNFYF-AJ49_BV4-CASSDRDINYAEQFF-BJ2-1,0.6716135880334382,15
1885,D7A,0.25,0.0,AV7-2-CAATGNTGKLIF-AJ37_BV19-CASSIRIAEQFF-BJ2-1,0.6164673498315544,5
1886,D7A,0.245,0.0,AV16N-CAMRDNYAQGLTF-AJ26_BV3-CASSLGPSSYEQYF-BJ2-7,0.40992937085203274,145
1887,D7A,0.245,0.0,AV6D-7-CALGEGGYKVVF-AJ12_BV5-CASSQDQVGERLFF-BJ1-4,0.6327662052131603,125
1888,D7A,0.245,0.0,AV12-2-CALISQQGTGSKLSF-AJ58_BV1-CTCSAVRVSYEQYF-BJ2-7,0.3853401705781878,7
1889,D7A,0.245,0.0,AV16-CAMREGNNVGDNSKLIW-AJ38_BV13-3-CASSERNQAPLF-BJ1-5,0.8759363349320175,5
1890,D7A,0.245,0.0,AV16-CAMREANTGYQNFYF-AJ49_BV13-2-CASGTGGQNTLYF-BJ2-4,0.5662066984098356,18
1891,D7A,0.245,0.0,AV16-CAMREANTGYQNFYF-AJ49_BV13-2-CASGDGAQNTLYF-BJ2-4,0.9632491066334894,12
1892,D7A,0.245,0.0,AV7-6-CAVGYQNFYF-AJ49_BV4-CASSDRDINYAEQFF-BJ2-1,0.6716135880334382,15
1893,D7A,0.245,0.0,AV7-2-CAATGNTGKLIF-AJ37_BV19-CASSIRIAEQFF-BJ2-1,0.6164673498315544,5
1894,D7A,0.24,0.0,AV16N-CAMRDNYAQGLTF-AJ26_BV3-CASSLGPSSYEQYF-BJ2-7,0.40992937085203274,145
1895,D7A,0.24,0.0,AV6D-7-CALGEGGYKVVF-AJ12_BV5-CASSQDQVGERLFF-BJ1-4,0.6327662052131603,125
1896,D7A,0.24,0.0,AV12-2-CALISQQGTGSKLSF-AJ58_BV1-CTCSAVRVSYEQYF-BJ2-7,0.3853401705781878,7
1897,D7A,0.24,0.0,AV16-CAMREGNNVGDNSKLIW-AJ38_BV13-3-CASSERNQAPLF-BJ1-5,0.8759363349320175,5
1898,D7A,0.24,0.0,AV16-CAMREANTGYQNFYF-AJ49_BV13-2-CASGTGGQNTLYF-BJ2-4,0.5662066984098356,18
1899,D7A,0.24,0.0,AV16-CAMREANTGYQNFYF-AJ49_BV13-2-CASGDGAQNTLYF-BJ2-4,0.9632491066334894,12
1900,D7A,0.24,0.0,AV7-6-CAVGYQNFYF-AJ49_BV4-CASSDRDINYAEQFF-BJ2-1,0.6716135880334382,15
1901,D7A,0.24,0.0,AV7-2-CAATGNTGKLIF-AJ37_BV19-CASSIRIAEQFF-BJ2-1,0.6164673498315544,5
1902,D7A,0.235,0.0,AV16N-CAMRDNYAQGLTF-AJ26_BV3-CASSLGPSSYEQYF-BJ2-7,0.40992937085203274,145
1903,D7A,0.235,0.0,AV6D-7-CALGEGGYKVVF-AJ12_BV5-CASSQDQVGERLFF-BJ1-4,0.6327662052131603,125
1904,D7A,0.235,0.0,AV12-2-CALISQQGTGSKLSF-AJ58_BV1-CTCSAVRVSYEQYF-BJ2-7,0.3853401705781878,7
1905,D7A,0.235,0.0,AV16-CAMREGNNVGDNSKLIW-AJ38_BV13-3-CASSERNQAPLF-BJ1-5,0.8759363349320175,5
1906,D7A,0.235,0.0,AV16-CAMREANTGYQNFYF-AJ49_BV13-2-CASGTGGQNTLYF-BJ2-4,0.5662066984098356,18
1907,D7A,0.235,0.0,AV16-CAMREANTGYQNFYF-AJ49_BV13-2-CASGDGAQNTLYF-BJ2-4,0.9632491066334894,12
1908,D7A,0.235,0.0,AV7-6-CAVGYQNFYF-AJ49_BV4-CASSDRDINYAEQFF-BJ2-1,0.6716135880334382,15
1909,D7A,0.235,0.0,AV7-2-CAATGNTGKLIF-AJ37_BV19-CASSIRIAEQFF-BJ2-1,0.6164673498315544,5
1910,D7A,0.22999999999999998,0.0,AV16N-CAMRDNYAQGLTF-AJ26_BV3-CASSLGPSSYEQYF-BJ2-7,0.40992937085203274,145
1911,D7A,0.22999999999999998,0.0,AV6D-7-CALGEGGYKVVF-AJ12_BV5-CASSQDQVGERLFF-BJ1-4,0.6327662052131603,125
1912,D7A,0.22999999999999998,0.0,AV12-2-CALISQQGTGSKLSF-AJ58_BV1-CTCSAVRVSYEQYF-BJ2-7,0.3853401705781878,7
1913,D7A,0.22999999999999998,0.0,AV16-CAMREGNNVGDNSKLIW-AJ38_BV13-3-CASSERNQAPLF-BJ1-5,0.8759363349320175,5
1914,D7A,0.22999999999999998,0.0,AV16-CAMREANTGYQNFYF-AJ49_BV13-2-CASGTGGQNTLYF-BJ2-4,0.5662066984098356,18
1915,D7A,0.22999999999999998,0.0,AV16-CAMREANTGYQNFYF-AJ49_BV13-2-CASGDGAQNTLYF-BJ2-4,0.9632491066334894,12
1916,D7A,0.22999999999999998,0.0,AV7-6-CAVGYQNFYF-AJ49_BV4-CASSDRDINYAEQFF-BJ2-1,0.6716135880334382,15
1917,D7A,0.22999999999999998,0.0,AV7-2-CAATGNTGKLIF-AJ37_BV19-CASSIRIAEQFF-BJ2-1,0.6164673498315544,5
1918,D7A,0.22499999999999998,0.0,AV16N-CAMRDNYAQGLTF-AJ26_BV3-CASSLGPSSYEQYF-BJ2-7,0.40992937085203274,145
1919,D7A,0.22499999999999998,0.0,AV6D-7-CALGEGGYKVVF-AJ12_BV5-CASSQDQVGERLFF-BJ1-4,0.6327662052131603,125
1920,D7A,0.22499999999999998,0.0,AV12-2-CALISQQGTGSKLSF-AJ58_BV1-CTCSAVRVSYEQYF-BJ2-7,0.3853401705781878,7
1921,D7A,0.22499999999999998,0.0,AV16-CAMREGNNVGDNSKLIW-AJ38_BV13-3-CASSERNQAPLF-BJ1-5,0.8759363349320175,5
1922,D7A,0.22499999999999998,0.0,AV16-CAMREANTGYQNFYF-AJ49_BV13-2-CASGTGGQNTLYF-BJ2-4,0.5662066984098356,18
1923,D7A,0.22499999999999998,0.0,AV16-CAMREANTGYQNFYF-AJ49_BV13-2-CASGDGAQNTLYF-BJ2-4,0.9632491066334894,12
1924,D7A,0.22499999999999998,0.0,AV7-6-CAVGYQNFYF-AJ49_BV4-CASSDRDINYAEQFF-BJ2-1,0.6716135880334382,15
1925,D7A,0.22499999999999998,0.0,AV7-2-CAATGNTGKLIF-AJ37_BV19-CASSIRIAEQFF-BJ2-1,0.6164673498315544,5
1926,D7A,0.21999999999999997,0.0,AV16N-CAMRDNYAQGLTF-AJ26_BV3-CASSLGPSSYEQYF-BJ2-7,0.40992937085203274,145
1927,D7A,0.21999999999999997,0.0,AV6D-7-CALGEGGYKVVF-AJ12_BV5-CASSQDQVGERLFF-BJ1-4,0.6327662052131603,125
1928,D7A,0.21999999999999997,0.0,AV12-2-CALISQQGTGSKLSF-AJ58_BV1-CTCSAVRVSYEQYF-BJ2-7,0.3853401705781878,7
1929,D7A,0.21999999999999997,0.0,AV16-CAMREGNNVGDNSKLIW-AJ38_BV13-3-CASSERNQAPLF-BJ1-5,0.8759363349320175,5
1930,D7A,0.21999999999999997,0.0,AV16-CAMREANTGYQNFYF-AJ49_BV13-2-CASGTGGQNTLYF-BJ2-4,0.5662066984098356,18
1931,D7A,0.21999999999999997,0.0,AV16-CAMREANTGYQNFYF-AJ49_BV13-2-CASGDGAQNTLYF-BJ2-4,0.9632491066334894,12
1932,D7A,0.21999999999999997,0.0,AV7-6-CAVGYQNFYF-AJ49_BV4-CASSDRDINYAEQFF-BJ2-1,0.6716135880334382,15
1933,D7A,0.21999999999999997,0.0,AV7-2-CAATGNTGKLIF-AJ37_BV19-CASSIRIAEQFF-BJ2-1,0.6164673498315544,5
1934,D7A,0.21499999999999997,0.0,AV16N-CAMRDNYAQGLTF-AJ26_BV3-CASSLGPSSYEQYF-BJ2-7,0.40992937085203274,145
1935,D7A,0.21499999999999997,0.0,AV6D-7-CALGEGGYKVVF-AJ12_BV5-CASSQDQVGERLFF-BJ1-4,0.6327662052131603,125
1936,D7A,0.21499999999999997,0.0,AV12-2-CALISQQGTGSKLSF-AJ58_BV1-CTCSAVRVSYEQYF-BJ2-7,0.3853401705781878,7
1937,D7A,0.21499999999999997,0.0,AV16-CAMREGNNVGDNSKLIW-AJ38_BV13-3-CASSERNQAPLF-BJ1-5,0.8759363349320175,5
1938,D7A,0.21499999999999997,0.0,AV16-CAMREANTGYQNFYF-AJ49_BV13-2-CASGTGGQNTLYF-BJ2-4,0.5662066984098356,18
1939,D7A,0.21499999999999997,0.0,AV16-CAMREANTGYQNFYF-AJ49_BV13-2-CASGDGAQNTLYF-BJ2-4,0.9632491066334894,12
1940,D7A,0.21499999999999997,0.0,AV7-6-CAVGYQNFYF-AJ49_BV4-CASSDRDINYAEQFF-BJ2-1,0.6716135880334382,15
1941,D7A,0.21499999999999997,0.0,AV7-2-CAATGNTGKLIF-AJ37_BV19-CASSIRIAEQFF-BJ2-1,0.6164673498315544,5
1942,D7A,0.20999999999999996,0.0,AV16N-CAMRDNYAQGLTF-AJ26_BV3-CASSLGPSSYEQYF-BJ2-7,0.40992937085203274,145
1943,D7A,0.20999999999999996,0.0,AV6D-7-CALGEGGYKVVF-AJ12_BV5-CASSQDQVGERLFF-BJ1-4,0.6327662052131603,125
1944,D7A,0.20999999999999996,0.0,AV12-2-CALISQQGTGSKLSF-AJ58_BV1-CTCSAVRVSYEQYF-BJ2-7,0.3853401705781878,7
1945,D7A,0.20999999999999996,0.0,AV16-CAMREGNNVGDNSKLIW-AJ38_BV13-3-CASSERNQAPLF-BJ1-5,0.8759363349320175,5
1946,D7A,0.20999999999999996,0.0,AV16-CAMREANTGYQNFYF-AJ49_BV13-2-CASGTGGQNTLYF-BJ2-4,0.5662066984098356,18
1947,D7A,0.20999999999999996,0.0,AV16-CAMREANTGYQNFYF-AJ49_BV13-2-CASGDGAQNTLYF-BJ2-4,0.9632491066334894,12
1948,D7A,0.20999999999999996,0.0,AV7-6-CAVGYQNFYF-AJ49_BV4-CASSDRDINYAEQFF-BJ2-1,0.6716135880334382,15
1949,D7A,0.20999999999999996,0.0,AV7-2-CAATGNTGKLIF-AJ37_BV19-CASSIRIAEQFF-BJ2-1,0.6164673498315544,5
1950,D7A,0.20499999999999996,0.0,AV16N-CAMRDNYAQGLTF-AJ26_BV3-CASSLGPSSYEQYF-BJ2-7,0.40992937085203274,145
1951,D7A,0.20499999999999996,0.0,AV6D-7-CALGEGGYKVVF-AJ12_BV5-CASSQDQVGERLFF-BJ1-4,0.6327662052131603,125
1952,D7A,0.20499999999999996,0.0,AV12-2-CALISQQGTGSKLSF-AJ58_BV1-CTCSAVRVSYEQYF-BJ2-7,0.3853401705781878,7
1953,D7A,0.20499999999999996,0.0,AV16-CAMREGNNVGDNSKLIW-AJ38_BV13-3-CASSERNQAPLF-BJ1-5,0.8759363349320175,5
1954,D7A,0.20499999999999996,0.0,AV16-CAMREANTGYQNFYF-AJ49_BV13-2-CASGTGGQNTLYF-BJ2-4,0.5662066984098356,18
1955,D7A,0.20499999999999996,0.0,AV16-CAMREANTGYQNFYF-AJ49_BV13-2-CASGDGAQNTLYF-BJ2-4,0.9632491066334894,12
1956,D7A,0.20499999999999996,0.0,AV7-6-CAVGYQNFYF-AJ49_BV4-CASSDRDINYAEQFF-BJ2-1,0.6716135880334382,15
1957,D7A,0.20499999999999996,0.0,AV7-2-CAATGNTGKLIF-AJ37_BV19-CASSIRIAEQFF-BJ2-1,0.6164673498315544,5
1958,D7A,0.19999999999999996,0.0,AV16N-CAMRDNYAQGLTF-AJ26_BV3-CASSLGPSSYEQYF-BJ2-7,0.40992937085203274,145
1959,D7A,0.19999999999999996,0.0,AV6D-7-CALGEGGYKVVF-AJ12_BV5-CASSQDQVGERLFF-BJ1-4,0.6327662052131603,125
1960,D7A,0.19999999999999996,0.0,AV12-2-CALISQQGTGSKLSF-AJ58_BV1-CTCSAVRVSYEQYF-BJ2-7,0.3853401705781878,7
1961,D7A,0.19999999999999996,0.0,AV16-CAMREGNNVGDNSKLIW-AJ38_BV13-3-CASSERNQAPLF-BJ1-5,0.8759363349320175,5
1962,D7A,0.19999999999999996,0.0,AV16-CAMREANTGYQNFYF-AJ49_BV13-2-CASGTGGQNTLYF-BJ2-4,0.5662066984098356,18
1963,D7A,0.19999999999999996,0.0,AV16-CAMREANTGYQNFYF-AJ49_BV13-2-CASGDGAQNTLYF-BJ2-4,0.9632491066334894,12
1964,D7A,0.19999999999999996,0.0,AV7-6-CAVGYQNFYF-AJ49_BV4-CASSDRDINYAEQFF-BJ2-1,0.6716135880334382,15
1965,D7A,0.19999999999999996,0.0,AV7-2-CAATGNTGKLIF-AJ37_BV19-CASSIRIAEQFF-BJ2-1,0.6164673498315544,5
1966,D7A,0.19499999999999995,0.0,AV16N-CAMRDNYAQGLTF-AJ26_BV3-CASSLGPSSYEQYF-BJ2-7,0.40992937085203274,145
1967,D7A,0.19499999999999995,0.0,AV6D-7-CALGEGGYKVVF-AJ12_BV5-CASSQDQVGERLFF-BJ1-4,0.6327662052131603,125
1968,D7A,0.19499999999999995,0.0,AV12-2-CALISQQGTGSKLSF-AJ58_BV1-CTCSAVRVSYEQYF-BJ2-7,0.3853401705781878,7
1969,D7A,0.19499999999999995,0.0,AV16-CAMREGNNVGDNSKLIW-AJ38_BV13-3-CASSERNQAPLF-BJ1-5,0.8759363349320175,5
1970,D7A,0.19499999999999995,0.0,AV16-CAMREANTGYQNFYF-AJ49_BV13-2-CASGTGGQNTLYF-BJ2-4,0.5662066984098356,18
1971,D7A,0.19499999999999995,0.0,AV16-CAMREANTGYQNFYF-AJ49_BV13-2-CASGDGAQNTLYF-BJ2-4,0.9632491066334894,12
1972,D7A,0.19499999999999995,0.0,AV7-6-CAVGYQNFYF-AJ49_BV4-CASSDRDINYAEQFF-BJ2-1,0.6716135880334382,15
1973,D7A,0.19499999999999995,0.0,AV7-2-CAATGNTGKLIF-AJ37_BV19-CASSIRIAEQFF-BJ2-1,0.6164673498315544,5
1974,D7A,0.18999999999999995,0.0,AV16N-CAMRDNYAQGLTF-AJ26_BV3-CASSLGPSSYEQYF-BJ2-7,0.40992937085203274,145
1975,D7A,0.18999999999999995,0.0,AV6D-7-CALGEGGYKVVF-AJ12_BV5-CASSQDQVGERLFF-BJ1-4,0.6327662052131603,125
1976,D7A,0.18999999999999995,0.0,AV12-2-CALISQQGTGSKLSF-AJ58_BV1-CTCSAVRVSYEQYF-BJ2-7,0.3853401705781878,7
1977,D7A,0.18999999999999995,0.0,AV16-CAMREGNNVGDNSKLIW-AJ38_BV13-3-CASSERNQAPLF-BJ1-5,0.8759363349320175,5
1978,D7A,0.18999999999999995,0.0,AV16-CAMREANTGYQNFYF-AJ49_BV13-2-CASGTGGQNTLYF-BJ2-4,0.5662066984098356,18
1979,D7A,0.18999999999999995,0.0,AV16-CAMREANTGYQNFYF-AJ49_BV13-2-CASGDGAQNTLYF-BJ2-4,0.9632491066334894,12
1980,D7A,0.18999999999999995,0.0,AV7-6-CAVGYQNFYF-AJ49_BV4-CASSDRDINYAEQFF-BJ2-1,0.6716135880334382,15
1981,D7A,0.18999999999999995,0.0,AV7-2-CAATGNTGKLIF-AJ37_BV19-CASSIRIAEQFF-BJ2-1,0.6164673498315544,5
1982,D7A,0.18499999999999994,0.0,AV16N-CAMRDNYAQGLTF-AJ26_BV3-CASSLGPSSYEQYF-BJ2-7,0.40992937085203274,145
1983,D7A,0.18499999999999994,0.0,AV6D-7-CALGEGGYKVVF-AJ12_BV5-CASSQDQVGERLFF-BJ1-4,0.6327662052131603,125
1984,D7A,0.18499999999999994,0.0,AV12-2-CALISQQGTGSKLSF-AJ58_BV1-CTCSAVRVSYEQYF-BJ2-7,0.3853401705781878,7
1985,D7A,0.18499999999999994,0.0,AV16-CAMREGNNVGDNSKLIW-AJ38_BV13-3-CASSERNQAPLF-BJ1-5,0.8759363349320175,5
1986,D7A,0.18499999999999994,0.0,AV16-CAMREANTGYQNFYF-AJ49_BV13-2-CASGTGGQNTLYF-BJ2-4,0.5662066984098356,18
1987,D7A,0.18499999999999994,0.0,AV16-CAMREANTGYQNFYF-AJ49_BV13-2-CASGDGAQNTLYF-BJ2-4,0.9632491066334894,12
1988,D7A,0.18499999999999994,0.0,AV7-6-CAVGYQNFYF-AJ49_BV4-CASSDRDINYAEQFF-BJ2-1,0.6716135880334382,15
1989,D7A,0.18499999999999994,0.0,AV7-2-CAATGNTGKLIF-AJ37_BV19-CASSIRIAEQFF-BJ2-1,0.6164673498315544,5
1990,D7A,0.17999999999999994,0.0,AV16N-CAMRDNYAQGLTF-AJ26_BV3-CASSLGPSSYEQYF-BJ2-7,0.40992937085203274,145
1991,D7A,0.17999999999999994,0.0,AV6D-7-CALGEGGYKVVF-AJ12_BV5-CASSQDQVGERLFF-BJ1-4,0.6327662052131603,125
1992,D7A,0.17999999999999994,0.0,AV12-2-CALISQQGTGSKLSF-AJ58_BV1-CTCSAVRVSYEQYF-BJ2-7,0.3853401705781878,7
1993,D7A,0.17999999999999994,0.0,AV16-CAMREGNNVGDNSKLIW-AJ38_BV13-3-CASSERNQAPLF-BJ1-5,0.8759363349320175,5
1994,D7A,0.17999999999999994,0.0,AV16-CAMREANTGYQNFYF-AJ49_BV13-2-CASGTGGQNTLYF-BJ2-4,0.5662066984098356,18
1995,D7A,0.17999999999999994,0.0,AV16-CAMREANTGYQNFYF-AJ49_BV13-2-CASGDGAQNTLYF-BJ2-4,0.9632491066334894,12
1996,D7A,0.17999999999999994,0.0,AV7-6-CAVGYQNFYF-AJ49_BV4-CASSDRDINYAEQFF-BJ2-1,0.6716135880334382,15
1997,D7A,0.17999999999999994,0.0,AV7-2-CAATGNTGKLIF-AJ37_BV19-CASSIRIAEQFF-BJ2-1,0.6164673498315544,5
1998,D7A,0.17499999999999993,0.0,AV16N-CAMRDNYAQGLTF-AJ26_BV3-CASSLGPSSYEQYF-BJ2-7,0.40992937085203274,145
1999,D7A,0.17499999999999993,0.0,AV6D-7-CALGEGGYKVVF-AJ12_BV5-CASSQDQVGERLFF-BJ1-4,0.6327662052131603,125
2000,D7A,0.17499999999999993,0.0,AV12-2-CALISQQGTGSKLSF-AJ58_BV1-CTCSAVRVSYEQYF-BJ2-7,0.3853401705781878,7
2001,D7A,0.17499999999999993,0.0,AV16-CAMREGNNVGDNSKLIW-AJ38_BV13-3-CASSERNQAPLF-BJ1-5,0.8759363349320175,5
2002,D7A,0.17499999999999993,0.0,AV16-CAMREANTGYQNFYF-AJ49_BV13-2-CASGTGGQNTLYF-BJ2-4,0.5662066984098356,18
2003,D7A,0.17499999999999993,0.0,AV16-CAMREANTGYQNFYF-AJ49_BV13-2-CASGDGAQNTLYF-BJ2-4,0.9632491066334894,12
2004,D7A,0.17499999999999993,0.0,AV7-6-CAVGYQNFYF-AJ49_BV4-CASSDRDINYAEQFF-BJ2-1,0.6716135880334382,15
2005,D7A,0.17499999999999993,0.0,AV7-2-CAATGNTGKLIF-AJ37_BV19-CASSIRIAEQFF-BJ2-1,0.6164673498315544,5
2006,D7A,0.16999999999999993,0.0,AV16N-CAMRDNYAQGLTF-AJ26_BV3-CASSLGPSSYEQYF-BJ2-7,0.40992937085203274,145
2007,D7A,0.16999999999999993,0.0,AV6D-7-CALGEGGYKVVF-AJ12_BV5-CASSQDQVGERLFF-BJ1-4,0.6327662052131603,125
2008,D7A,0.16999999999999993,0.0,AV12-2-CALISQQGTGSKLSF-AJ58_BV1-CTCSAVRVSYEQYF-BJ2-7,0.3853401705781878,7
2009,D7A,0.16999999999999993,0.0,AV16-CAMREGNNVGDNSKLIW-AJ38_BV13-3-CASSERNQAPLF-BJ1-5,0.8759363349320175,5
2010,D7A,0.16999999999999993,0.0,AV16-CAMREANTGYQNFYF-AJ49_BV13-2-CASGTGGQNTLYF-BJ2-4,0.5662066984098356,18
2011,D7A,0.16999999999999993,0.0,AV16-CAMREANTGYQNFYF-AJ49_BV13-2-CASGDGAQNTLYF-BJ2-4,0.9632491066334894,12
2012,D7A,0.16999999999999993,0.0,AV7-6-CAVGYQNFYF-AJ49_BV4-CASSDRDINYAEQFF-BJ2-1,0.6716135880334382,15
2013,D7A,0.16999999999999993,0.0,AV7-2-CAATGNTGKLIF-AJ37_BV19-CASSIRIAEQFF-BJ2-1,0.6164673498315544,5
2014,D7A,0.16500000000000004,0.0,AV16N-CAMRDNYAQGLTF-AJ26_BV3-CASSLGPSSYEQYF-BJ2-7,0.40992937085203274,145
2015,D7A,0.16500000000000004,0.0,AV6D-7-CALGEGGYKVVF-AJ12_BV5-CASSQDQVGERLFF-BJ1-4,0.6327662052131603,125
2016,D7A,0.16500000000000004,0.0,AV12-2-CALISQQGTGSKLSF-AJ58_BV1-CTCSAVRVSYEQYF-BJ2-7,0.3853401705781878,7
2017,D7A,0.16500000000000004,0.0,AV16-CAMREGNNVGDNSKLIW-AJ38_BV13-3-CASSERNQAPLF-BJ1-5,0.8759363349320175,5
2018,D7A,0.16500000000000004,0.0,AV16-CAMREANTGYQNFYF-AJ49_BV13-2-CASGTGGQNTLYF-BJ2-4,0.5662066984098356,18
2019,D7A,0.16500000000000004,0.0,AV16-CAMREANTGYQNFYF-AJ49_BV13-2-CASGDGAQNTLYF-BJ2-4,0.9632491066334894,12
2020,D7A,0.16500000000000004,0.0,AV7-6-CAVGYQNFYF-AJ49_BV4-CASSDRDINYAEQFF-BJ2-1,0.6716135880334382,15
2021,D7A,0.16500000000000004,0.0,AV7-2-CAATGNTGKLIF-AJ37_BV19-CASSIRIAEQFF-BJ2-1,0.6164673498315544,5
2022,D7A,0.16000000000000003,0.0,AV16N-CAMRDNYAQGLTF-AJ26_BV3-CASSLGPSSYEQYF-BJ2-7,0.40992937085203274,145
2023,D7A,0.16000000000000003,0.0,AV6D-7-CALGEGGYKVVF-AJ12_BV5-CASSQDQVGERLFF-BJ1-4,0.6327662052131603,125
2024,D7A,0.16000000000000003,0.0,AV12-2-CALISQQGTGSKLSF-AJ58_BV1-CTCSAVRVSYEQYF-BJ2-7,0.3853401705781878,7
2025,D7A,0.16000000000000003,0.0,AV16-CAMREGNNVGDNSKLIW-AJ38_BV13-3-CASSERNQAPLF-BJ1-5,0.8759363349320175,5
2026,D7A,0.16000000000000003,0.0,AV16-CAMREANTGYQNFYF-AJ49_BV13-2-CASGTGGQNTLYF-BJ2-4,0.5662066984098356,18
2027,D7A,0.16000000000000003,0.0,AV16-CAMREANTGYQNFYF-AJ49_BV13-2-CASGDGAQNTLYF-BJ2-4,0.9632491066334894,12
2028,D7A,0.16000000000000003,0.0,AV7-6-CAVGYQNFYF-AJ49_BV4-CASSDRDINYAEQFF-BJ2-1,0.6716135880334382,15
2029,D7A,0.16000000000000003,0.0,AV7-2-CAATGNTGKLIF-AJ37_BV19-CASSIRIAEQFF-BJ2-1,0.6164673498315544,5
2030,D7A,0.15500000000000003,0.0,AV16N-CAMRDNYAQGLTF-AJ26_BV3-CASSLGPSSYEQYF-BJ2-7,0.40992937085203274,145
2031,D7A,0.15500000000000003,0.0,AV6D-7-CALGEGGYKVVF-AJ12_BV5-CASSQDQVGERLFF-BJ1-4,0.6327662052131603,125
2032,D7A,0.15500000000000003,0.0,AV12-2-CALISQQGTGSKLSF-AJ58_BV1-CTCSAVRVSYEQYF-BJ2-7,0.3853401705781878,7
2033,D7A,0.15500000000000003,0.0,AV16-CAMREGNNVGDNSKLIW-AJ38_BV13-3-CASSERNQAPLF-BJ1-5,0.8759363349320175,5
2034,D7A,0.15500000000000003,0.0,AV16-CAMREANTGYQNFYF-AJ49_BV13-2-CASGTGGQNTLYF-BJ2-4,0.5662066984098356,18
2035,D7A,0.15500000000000003,0.0,AV16-CAMREANTGYQNFYF-AJ49_BV13-2-CASGDGAQNTLYF-BJ2-4,0.9632491066334894,12
2036,D7A,0.15500000000000003,0.0,AV7-6-CAVGYQNFYF-AJ49_BV4-CASSDRDINYAEQFF-BJ2-1,0.6716135880334382,15
2037,D7A,0.15500000000000003,0.0,AV7-2-CAATGNTGKLIF-AJ37_BV19-CASSIRIAEQFF-BJ2-1,0.6164673498315544,5
2038,D7A,0.15000000000000002,0.0,AV16N-CAMRDNYAQGLTF-AJ26_BV3-CASSLGPSSYEQYF-BJ2-7,0.40992937085203274,145
2039,D7A,0.15000000000000002,0.0,AV6D-7-CALGEGGYKVVF-AJ12_BV5-CASSQDQVGERLFF-BJ1-4,0.6327662052131603,125
2040,D7A,0.15000000000000002,0.0,AV12-2-CALISQQGTGSKLSF-AJ58_BV1-CTCSAVRVSYEQYF-BJ2-7,0.3853401705781878,7
2041,D7A,0.15000000000000002,0.0,AV16-CAMREGNNVGDNSKLIW-AJ38_BV13-3-CASSERNQAPLF-BJ1-5,0.8759363349320175,5
2042,D7A,0.15000000000000002,0.0,AV16-CAMREANTGYQNFYF-AJ49_BV13-2-CASGTGGQNTLYF-BJ2-4,0.5662066984098356,18
2043,D7A,0.15000000000000002,0.0,AV16-CAMREANTGYQNFYF-AJ49_BV13-2-CASGDGAQNTLYF-BJ2-4,0.9632491066334894,12
2044,D7A,0.15000000000000002,0.0,AV7-6-CAVGYQNFYF-AJ49_BV4-CASSDRDINYAEQFF-BJ2-1,0.6716135880334382,15
2045,D7A,0.15000000000000002,0.0,AV7-2-CAATGNTGKLIF-AJ37_BV19-CASSIRIAEQFF-BJ2-1,0.6164673498315544,5
2046,D7A,0.14500000000000002,0.0,AV16N-CAMRDNYAQGLTF-AJ26_BV3-CASSLGPSSYEQYF-BJ2-7,0.40992937085203274,145
2047,D7A,0.14500000000000002,0.0,AV6D-7-CALGEGGYKVVF-AJ12_BV5-CASSQDQVGERLFF-BJ1-4,0.6327662052131603,125
2048,D7A,0.14500000000000002,0.0,AV12-2-CALISQQGTGSKLSF-AJ58_BV1-CTCSAVRVSYEQYF-BJ2-7,0.3853401705781878,7
2049,D7A,0.14500000000000002,0.0,AV16-CAMREGNNVGDNSKLIW-AJ38_BV13-3-CASSERNQAPLF-BJ1-5,0.8759363349320175,5
2050,D7A,0.14500000000000002,0.0,AV16-CAMREANTGYQNFYF-AJ49_BV13-2-CASGTGGQNTLYF-BJ2-4,0.5662066984098356,18
2051,D7A,0.14500000000000002,0.0,AV16-CAMREANTGYQNFYF-AJ49_BV13-2-CASGDGAQNTLYF-BJ2-4,0.9632491066334894,12
2052,D7A,0.14500000000000002,0.0,AV7-6-CAVGYQNFYF-AJ49_BV4-CASSDRDINYAEQFF-BJ2-1,0.6716135880334382,15
2053,D7A,0.14500000000000002,0.0,AV7-2-CAATGNTGKLIF-AJ37_BV19-CASSIRIAEQFF-BJ2-1,0.6164673498315544,5
2054,D7A,0.14,0.0,AV16N-CAMRDNYAQGLTF-AJ26_BV3-CASSLGPSSYEQYF-BJ2-7,0.40992937085203274,145
2055,D7A,0.14,0.0,AV6D-7-CALGEGGYKVVF-AJ12_BV5-CASSQDQVGERLFF-BJ1-4,0.6327662052131603,125
2056,D7A,0.14,0.0,AV12-2-CALISQQGTGSKLSF-AJ58_BV1-CTCSAVRVSYEQYF-BJ2-7,0.3853401705781878,7
2057,D7A,0.14,0.0,AV16-CAMREGNNVGDNSKLIW-AJ38_BV13-3-CASSERNQAPLF-BJ1-5,0.8759363349320175,5
2058,D7A,0.14,0.0,AV16-CAMREANTGYQNFYF-AJ49_BV13-2-CASGTGGQNTLYF-BJ2-4,0.5662066984098356,18
2059,D7A,0.14,0.0,AV16-CAMREANTGYQNFYF-AJ49_BV13-2-CASGDGAQNTLYF-BJ2-4,0.9632491066334894,12
2060,D7A,0.14,0.0,AV7-6-CAVGYQNFYF-AJ49_BV4-CASSDRDINYAEQFF-BJ2-1,0.6716135880334382,15
2061,D7A,0.14,0.0,AV7-2-CAATGNTGKLIF-AJ37_BV19-CASSIRIAEQFF-BJ2-1,0.6164673498315544,5
2062,D7A,0.135,0.0,AV16N-CAMRDNYAQGLTF-AJ26_BV3-CASSLGPSSYEQYF-BJ2-7,0.40992937085203274,145
2063,D7A,0.135,0.0,AV6D-7-CALGEGGYKVVF-AJ12_BV5-CASSQDQVGERLFF-BJ1-4,0.6327662052131603,125
2064,D7A,0.135,0.0,AV12-2-CALISQQGTGSKLSF-AJ58_BV1-CTCSAVRVSYEQYF-BJ2-7,0.3853401705781878,7
2065,D7A,0.135,0.0,AV16-CAMREGNNVGDNSKLIW-AJ38_BV13-3-CASSERNQAPLF-BJ1-5,0.8759363349320175,5
2066,D7A,0.135,0.0,AV16-CAMREANTGYQNFYF-AJ49_BV13-2-CASGTGGQNTLYF-BJ2-4,0.5662066984098356,18
2067,D7A,0.135,0.0,AV16-CAMREANTGYQNFYF-AJ49_BV13-2-CASGDGAQNTLYF-BJ2-4,0.9632491066334894,12
2068,D7A,0.135,0.0,AV7-6-CAVGYQNFYF-AJ49_BV4-CASSDRDINYAEQFF-BJ2-1,0.6716135880334382,15
2069,D7A,0.135,0.0,AV7-2-CAATGNTGKLIF-AJ37_BV19-CASSIRIAEQFF-BJ2-1,0.6164673498315544,5
2070,D7A,0.13,0.0,AV16N-CAMRDNYAQGLTF-AJ26_BV3-CASSLGPSSYEQYF-BJ2-7,0.40992937085203274,145
2071,D7A,0.13,0.0,AV6D-7-CALGEGGYKVVF-AJ12_BV5-CASSQDQVGERLFF-BJ1-4,0.6327662052131603,125
2072,D7A,0.13,0.0,AV12-2-CALISQQGTGSKLSF-AJ58_BV1-CTCSAVRVSYEQYF-BJ2-7,0.3853401705781878,7
2073,D7A,0.13,0.0,AV16-CAMREGNNVGDNSKLIW-AJ38_BV13-3-CASSERNQAPLF-BJ1-5,0.8759363349320175,5
2074,D7A,0.13,0.0,AV16-CAMREANTGYQNFYF-AJ49_BV13-2-CASGTGGQNTLYF-BJ2-4,0.5662066984098356,18
2075,D7A,0.13,0.0,AV16-CAMREANTGYQNFYF-AJ49_BV13-2-CASGDGAQNTLYF-BJ2-4,0.9632491066334894,12
2076,D7A,0.13,0.0,AV7-6-CAVGYQNFYF-AJ49_BV4-CASSDRDINYAEQFF-BJ2-1,0.6716135880334382,15
2077,D7A,0.13,0.0,AV7-2-CAATGNTGKLIF-AJ37_BV19-CASSIRIAEQFF-BJ2-1,0.6164673498315544,5
2078,D7A,0.125,0.0,AV16N-CAMRDNYAQGLTF-AJ26_BV3-CASSLGPSSYEQYF-BJ2-7,0.40992937085203274,145
2079,D7A,0.125,0.0,AV6D-7-CALGEGGYKVVF-AJ12_BV5-CASSQDQVGERLFF-BJ1-4,0.6327662052131603,125
2080,D7A,0.125,0.0,AV12-2-CALISQQGTGSKLSF-AJ58_BV1-CTCSAVRVSYEQYF-BJ2-7,0.3853401705781878,7
2081,D7A,0.125,0.0,AV16-CAMREGNNVGDNSKLIW-AJ38_BV13-3-CASSERNQAPLF-BJ1-5,0.8759363349320175,5
2082,D7A,0.125,0.0,AV16-CAMREANTGYQNFYF-AJ49_BV13-2-CASGTGGQNTLYF-BJ2-4,0.5662066984098356,18
2083,D7A,0.125,0.0,AV16-CAMREANTGYQNFYF-AJ49_BV13-2-CASGDGAQNTLYF-BJ2-4,0.9632491066334894,12
2084,D7A,0.125,0.0,AV7-6-CAVGYQNFYF-AJ49_BV4-CASSDRDINYAEQFF-BJ2-1,0.6716135880334382,15
2085,D7A,0.125,0.0,AV7-2-CAATGNTGKLIF-AJ37_BV19-CASSIRIAEQFF-BJ2-1,0.6164673498315544,5
2086,D7A,0.12,0.0,AV16N-CAMRDNYAQGLTF-AJ26_BV3-CASSLGPSSYEQYF-BJ2-7,0.40992937085203274,145
2087,D7A,0.12,0.0,AV6D-7-CALGEGGYKVVF-AJ12_BV5-CASSQDQVGERLFF-BJ1-4,0.6327662052131603,125
2088,D7A,0.12,0.0,AV12-2-CALISQQGTGSKLSF-AJ58_BV1-CTCSAVRVSYEQYF-BJ2-7,0.3853401705781878,7
2089,D7A,0.12,0.0,AV16-CAMREGNNVGDNSKLIW-AJ38_BV13-3-CASSERNQAPLF-BJ1-5,0.8759363349320175,5
2090,D7A,0.12,0.0,AV16-CAMREANTGYQNFYF-AJ49_BV13-2-CASGTGGQNTLYF-BJ2-4,0.5662066984098356,18
2091,D7A,0.12,0.0,AV16-CAMREANTGYQNFYF-AJ49_BV13-2-CASGDGAQNTLYF-BJ2-4,0.9632491066334894,12
2092,D7A,0.12,0.0,AV7-6-CAVGYQNFYF-AJ49_BV4-CASSDRDINYAEQFF-BJ2-1,0.6716135880334382,15
2093,D7A,0.12,0.0,AV7-2-CAATGNTGKLIF-AJ37_BV19-CASSIRIAEQFF-BJ2-1,0.6164673498315544,5
2094,D7A,0.11499999999999999,0.0,AV16N-CAMRDNYAQGLTF-AJ26_BV3-CASSLGPSSYEQYF-BJ2-7,0.40992937085203274,145
2095,D7A,0.11499999999999999,0.0,AV6D-7-CALGEGGYKVVF-AJ12_BV5-CASSQDQVGERLFF-BJ1-4,0.6327662052131603,125
2096,D7A,0.11499999999999999,0.0,AV12-2-CALISQQGTGSKLSF-AJ58_BV1-CTCSAVRVSYEQYF-BJ2-7,0.3853401705781878,7
2097,D7A,0.11499999999999999,0.0,AV16-CAMREGNNVGDNSKLIW-AJ38_BV13-3-CASSERNQAPLF-BJ1-5,0.8759363349320175,5
2098,D7A,0.11499999999999999,0.0,AV16-CAMREANTGYQNFYF-AJ49_BV13-2-CASGTGGQNTLYF-BJ2-4,0.5662066984098356,18
2099,D7A,0.11499999999999999,0.0,AV16-CAMREANTGYQNFYF-AJ49_BV13-2-CASGDGAQNTLYF-BJ2-4,0.9632491066334894,12
2100,D7A,0.11499999999999999,0.0,AV7-6-CAVGYQNFYF-AJ49_BV4-CASSDRDINYAEQFF-BJ2-1,0.6716135880334382,15
2101,D7A,0.11499999999999999,0.0,AV7-2-CAATGNTGKLIF-AJ37_BV19-CASSIRIAEQFF-BJ2-1,0.6164673498315544,5
2102,D7A,0.10999999999999999,0.0,AV16N-CAMRDNYAQGLTF-AJ26_BV3-CASSLGPSSYEQYF-BJ2-7,0.40992937085203274,145
2103,D7A,0.10999999999999999,0.0,AV6D-7-CALGEGGYKVVF-AJ12_BV5-CASSQDQVGERLFF-BJ1-4,0.6327662052131603,125
2104,D7A,0.10999999999999999,0.0,AV12-2-CALISQQGTGSKLSF-AJ58_BV1-CTCSAVRVSYEQYF-BJ2-7,0.3853401705781878,7
2105,D7A,0.10999999999999999,0.0,AV16-CAMREGNNVGDNSKLIW-AJ38_BV13-3-CASSERNQAPLF-BJ1-5,0.8759363349320175,5
2106,D7A,0.10999999999999999,0.0,AV16-CAMREANTGYQNFYF-AJ49_BV13-2-CASGTGGQNTLYF-BJ2-4,0.5662066984098356,18
2107,D7A,0.10999999999999999,0.0,AV16-CAMREANTGYQNFYF-AJ49_BV13-2-CASGDGAQNTLYF-BJ2-4,0.9632491066334894,12
2108,D7A,0.10999999999999999,0.0,AV7-6-CAVGYQNFYF-AJ49_BV4-CASSDRDINYAEQFF-BJ2-1,0.6716135880334382,15
2109,D7A,0.10999999999999999,0.0,AV7-2-CAATGNTGKLIF-AJ37_BV19-CASSIRIAEQFF-BJ2-1,0.6164673498315544,5
2110,D7A,0.10499999999999998,0.0,AV16N-CAMRDNYAQGLTF-AJ26_BV3-CASSLGPSSYEQYF-BJ2-7,0.40992937085203274,145
2111,D7A,0.10499999999999998,0.0,AV6D-7-CALGEGGYKVVF-AJ12_BV5-CASSQDQVGERLFF-BJ1-4,0.6327662052131603,125
2112,D7A,0.10499999999999998,0.0,AV12-2-CALISQQGTGSKLSF-AJ58_BV1-CTCSAVRVSYEQYF-BJ2-7,0.3853401705781878,7
2113,D7A,0.10499999999999998,0.0,AV16-CAMREGNNVGDNSKLIW-AJ38_BV13-3-CASSERNQAPLF-BJ1-5,0.8759363349320175,5
2114,D7A,0.10499999999999998,0.0,AV16-CAMREANTGYQNFYF-AJ49_BV13-2-CASGTGGQNTLYF-BJ2-4,0.5662066984098356,18
2115,D7A,0.10499999999999998,0.0,AV16-CAMREANTGYQNFYF-AJ49_BV13-2-CASGDGAQNTLYF-BJ2-4,0.9632491066334894,12
2116,D7A,0.10499999999999998,0.0,AV7-6-CAVGYQNFYF-AJ49_BV4-CASSDRDINYAEQFF-BJ2-1,0.6716135880334382,15
2117,D7A,0.10499999999999998,0.0,AV7-2-CAATGNTGKLIF-AJ37_BV19-CASSIRIAEQFF-BJ2-1,0.6164673498315544,5
2118,D7A,0.09999999999999998,0.0,AV16N-CAMRDNYAQGLTF-AJ26_BV3-CASSLGPSSYEQYF-BJ2-7,0.40992937085203274,145
2119,D7A,0.09999999999999998,0.0,AV6D-7-CALGEGGYKVVF-AJ12_BV5-CASSQDQVGERLFF-BJ1-4,0.6327662052131603,125
2120,D7A,0.09999999999999998,0.0,AV12-2-CALISQQGTGSKLSF-AJ58_BV1-CTCSAVRVSYEQYF-BJ2-7,0.3853401705781878,7
2121,D7A,0.09999999999999998,0.0,AV16-CAMREGNNVGDNSKLIW-AJ38_BV13-3-CASSERNQAPLF-BJ1-5,0.8759363349320175,5
2122,D7A,0.09999999999999998,0.0,AV16-CAMREANTGYQNFYF-AJ49_BV13-2-CASGTGGQNTLYF-BJ2-4,0.5662066984098356,18
2123,D7A,0.09999999999999998,0.0,AV16-CAMREANTGYQNFYF-AJ49_BV13-2-CASGDGAQNTLYF-BJ2-4,0.9632491066334894,12
2124,D7A,0.09999999999999998,0.0,AV7-6-CAVGYQNFYF-AJ49_BV4-CASSDRDINYAEQFF-BJ2-1,0.6716135880334382,15
2125,D7A,0.09999999999999998,0.0,AV7-2-CAATGNTGKLIF-AJ37_BV19-CASSIRIAEQFF-BJ2-1,0.6164673498315544,5
2126,D7A,0.09499999999999997,0.0,AV16N-CAMRDNYAQGLTF-AJ26_BV3-CASSLGPSSYEQYF-BJ2-7,0.40992937085203274,145
2127,D7A,0.09499999999999997,0.0,AV6D-7-CALGEGGYKVVF-AJ12_BV5-CASSQDQVGERLFF-BJ1-4,0.6327662052131603,125
2128,D7A,0.09499999999999997,0.0,AV12-2-CALISQQGTGSKLSF-AJ58_BV1-CTCSAVRVSYEQYF-BJ2-7,0.3853401705781878,7
2129,D7A,0.09499999999999997,0.0,AV16-CAMREGNNVGDNSKLIW-AJ38_BV13-3-CASSERNQAPLF-BJ1-5,0.8759363349320175,5
2130,D7A,0.09499999999999997,0.0,AV16-CAMREANTGYQNFYF-AJ49_BV13-2-CASGTGGQNTLYF-BJ2-4,0.5662066984098356,18
2131,D7A,0.09499999999999997,0.0,AV16-CAMREANTGYQNFYF-AJ49_BV13-2-CASGDGAQNTLYF-BJ2-4,0.9632491066334894,12
2132,D7A,0.09499999999999997,0.0,AV7-6-CAVGYQNFYF-AJ49_BV4-CASSDRDINYAEQFF-BJ2-1,0.6716135880334382,15
2133,D7A,0.09499999999999997,0.0,AV7-2-CAATGNTGKLIF-AJ37_BV19-CASSIRIAEQFF-BJ2-1,0.6164673498315544,5
2134,D7A,0.08999999999999997,0.0,AV16N-CAMRDNYAQGLTF-AJ26_BV3-CASSLGPSSYEQYF-BJ2-7,0.40992937085203274,145
2135,D7A,0.08999999999999997,0.0,AV6D-7-CALGEGGYKVVF-AJ12_BV5-CASSQDQVGERLFF-BJ1-4,0.6327662052131603,125
2136,D7A,0.08999999999999997,0.0,AV12-2-CALISQQGTGSKLSF-AJ58_BV1-CTCSAVRVSYEQYF-BJ2-7,0.3853401705781878,7
2137,D7A,0.08999999999999997,0.0,AV16-CAMREGNNVGDNSKLIW-AJ38_BV13-3-CASSERNQAPLF-BJ1-5,0.8759363349320175,5
2138,D7A,0.08999999999999997,0.0,AV16-CAMREANTGYQNFYF-AJ49_BV13-2-CASGTGGQNTLYF-BJ2-4,0.5662066984098356,18
2139,D7A,0.08999999999999997,0.0,AV16-CAMREANTGYQNFYF-AJ49_BV13-2-CASGDGAQNTLYF-BJ2-4,0.9632491066334894,12
2140,D7A,0.08999999999999997,0.0,AV7-6-CAVGYQNFYF-AJ49_BV4-CASSDRDINYAEQFF-BJ2-1,0.6716135880334382,15
2141,D7A,0.08999999999999997,0.0,AV7-2-CAATGNTGKLIF-AJ37_BV19-CASSIRIAEQFF-BJ2-1,0.6164673498315544,5
2142,D7A,0.08499999999999996,0.0,AV16N-CAMRDNYAQGLTF-AJ26_BV3-CASSLGPSSYEQYF-BJ2-7,0.40992937085203274,145
2143,D7A,0.08499999999999996,0.0,AV6D-7-CALGEGGYKVVF-AJ12_BV5-CASSQDQVGERLFF-BJ1-4,0.6327662052131603,125
2144,D7A,0.08499999999999996,0.0,AV12-2-CALISQQGTGSKLSF-AJ58_BV1-CTCSAVRVSYEQYF-BJ2-7,0.3853401705781878,7
2145,D7A,0.08499999999999996,0.0,AV16-CAMREGNNVGDNSKLIW-AJ38_BV13-3-CASSERNQAPLF-BJ1-5,0.8759363349320175,5
2146,D7A,0.08499999999999996,0.0,AV16-CAMREANTGYQNFYF-AJ49_BV13-2-CASGTGGQNTLYF-BJ2-4,0.5662066984098356,18
2147,D7A,0.08499999999999996,0.0,AV16-CAMREANTGYQNFYF-AJ49_BV13-2-CASGDGAQNTLYF-BJ2-4,0.9632491066334894,12
2148,D7A,0.08499999999999996,0.0,AV7-6-CAVGYQNFYF-AJ49_BV4-CASSDRDINYAEQFF-BJ2-1,0.6716135880334382,15
2149,D7A,0.08499999999999996,0.0,AV7-2-CAATGNTGKLIF-AJ37_BV19-CASSIRIAEQFF-BJ2-1,0.6164673498315544,5
2150,D7A,0.07999999999999996,0.0,AV16N-CAMRDNYAQGLTF-AJ26_BV3-CASSLGPSSYEQYF-BJ2-7,0.40992937085203274,145
2151,D7A,0.07999999999999996,0.0,AV6D-7-CALGEGGYKVVF-AJ12_BV5-CASSQDQVGERLFF-BJ1-4,0.6327662052131603,125
2152,D7A,0.07999999999999996,0.0,AV12-2-CALISQQGTGSKLSF-AJ58_BV1-CTCSAVRVSYEQYF-BJ2-7,0.3853401705781878,7
2153,D7A,0.07999999999999996,0.0,AV16-CAMREGNNVGDNSKLIW-AJ38_BV13-3-CASSERNQAPLF-BJ1-5,0.8759363349320175,5
2154,D7A,0.07999999999999996,0.0,AV16-CAMREANTGYQNFYF-AJ49_BV13-2-CASGTGGQNTLYF-BJ2-4,0.5662066984098356,18
2155,D7A,0.07999999999999996,0.0,AV16-CAMREANTGYQNFYF-AJ49_BV13-2-CASGDGAQNTLYF-BJ2-4,0.9632491066334894,12
2156,D7A,0.07999999999999996,0.0,AV7-6-CAVGYQNFYF-AJ49_BV4-CASSDRDINYAEQFF-BJ2-1,0.6716135880334382,15
2157,D7A,0.07999999999999996,0.0,AV7-2-CAATGNTGKLIF-AJ37_BV19-CASSIRIAEQFF-BJ2-1,0.6164673498315544,5
2158,D7A,0.07499999999999996,0.0,AV16N-CAMRDNYAQGLTF-AJ26_BV3-CASSLGPSSYEQYF-BJ2-7,0.40992937085203274,145
2159,D7A,0.07499999999999996,0.0,AV6D-7-CALGEGGYKVVF-AJ12_BV5-CASSQDQVGERLFF-BJ1-4,0.6327662052131603,125
2160,D7A,0.07499999999999996,0.0,AV12-2-CALISQQGTGSKLSF-AJ58_BV1-CTCSAVRVSYEQYF-BJ2-7,0.3853401705781878,7
2161,D7A,0.07499999999999996,0.0,AV16-CAMREGNNVGDNSKLIW-AJ38_BV13-3-CASSERNQAPLF-BJ1-5,0.8759363349320175,5
2162,D7A,0.07499999999999996,0.0,AV16-CAMREANTGYQNFYF-AJ49_BV13-2-CASGTGGQNTLYF-BJ2-4,0.5662066984098356,18
2163,D7A,0.07499999999999996,0.0,AV16-CAMREANTGYQNFYF-AJ49_BV13-2-CASGDGAQNTLYF-BJ2-4,0.9632491066334894,12
2164,D7A,0.07499999999999996,0.0,AV7-6-CAVGYQNFYF-AJ49_BV4-CASSDRDINYAEQFF-BJ2-1,0.6716135880334382,15
2165,D7A,0.07499999999999996,0.0,AV7-2-CAATGNTGKLIF-AJ37_BV19-CASSIRIAEQFF-BJ2-1,0.6164673498315544,5
2166,D7A,0.06999999999999995,0.0,AV16N-CAMRDNYAQGLTF-AJ26_BV3-CASSLGPSSYEQYF-BJ2-7,0.40992937085203274,145
2167,D7A,0.06999999999999995,0.0,AV6D-7-CALGEGGYKVVF-AJ12_BV5-CASSQDQVGERLFF-BJ1-4,0.6327662052131603,125
2168,D7A,0.06999999999999995,0.0,AV12-2-CALISQQGTGSKLSF-AJ58_BV1-CTCSAVRVSYEQYF-BJ2-7,0.3853401705781878,7
2169,D7A,0.06999999999999995,0.0,AV16-CAMREGNNVGDNSKLIW-AJ38_BV13-3-CASSERNQAPLF-BJ1-5,0.8759363349320175,5
2170,D7A,0.06999999999999995,0.0,AV16-CAMREANTGYQNFYF-AJ49_BV13-2-CASGTGGQNTLYF-BJ2-4,0.5662066984098356,18
2171,D7A,0.06999999999999995,0.0,AV16-CAMREANTGYQNFYF-AJ49_BV13-2-CASGDGAQNTLYF-BJ2-4,0.9632491066334894,12
2172,D7A,0.06999999999999995,0.0,AV7-6-CAVGYQNFYF-AJ49_BV4-CASSDRDINYAEQFF-BJ2-1,0.6716135880334382,15
2173,D7A,0.06999999999999995,0.0,AV7-2-CAATGNTGKLIF-AJ37_BV19-CASSIRIAEQFF-BJ2-1,0.6164673498315544,5
2174,D7A,0.06499999999999995,0.0,AV16N-CAMRDNYAQGLTF-AJ26_BV3-CASSLGPSSYEQYF-BJ2-7,0.40992937085203274,145
2175,D7A,0.06499999999999995,0.0,AV6D-7-CALGEGGYKVVF-AJ12_BV5-CASSQDQVGERLFF-BJ1-4,0.6327662052131603,125
2176,D7A,0.06499999999999995,0.0,AV12-2-CALISQQGTGSKLSF-AJ58_BV1-CTCSAVRVSYEQYF-BJ2-7,0.3853401705781878,7
2177,D7A,0.06499999999999995,0.0,AV16-CAMREGNNVGDNSKLIW-AJ38_BV13-3-CASSERNQAPLF-BJ1-5,0.8759363349320175,5
2178,D7A,0.06499999999999995,0.0,AV16-CAMREANTGYQNFYF-AJ49_BV13-2-CASGTGGQNTLYF-BJ2-4,0.5662066984098356,18
2179,D7A,0.06499999999999995,0.0,AV16-CAMREANTGYQNFYF-AJ49_BV13-2-CASGDGAQNTLYF-BJ2-4,0.9632491066334894,12
2180,D7A,0.06499999999999995,0.0,AV7-6-CAVGYQNFYF-AJ49_BV4-CASSDRDINYAEQFF-BJ2-1,0.6716135880334382,15
2181,D7A,0.06499999999999995,0.0,AV7-2-CAATGNTGKLIF-AJ37_BV19-CASSIRIAEQFF-BJ2-1,0.6164673498315544,5
2182,D7A,0.05999999999999994,0.0,AV16N-CAMRDNYAQGLTF-AJ26_BV3-CASSLGPSSYEQYF-BJ2-7,0.40992937085203274,145
2183,D7A,0.05999999999999994,0.0,AV6D-7-CALGEGGYKVVF-AJ12_BV5-CASSQDQVGERLFF-BJ1-4,0.6327662052131603,125
2184,D7A,0.05999999999999994,0.0,AV12-2-CALISQQGTGSKLSF-AJ58_BV1-CTCSAVRVSYEQYF-BJ2-7,0.3853401705781878,7
2185,D7A,0.05999999999999994,0.0,AV16-CAMREGNNVGDNSKLIW-AJ38_BV13-3-CASSERNQAPLF-BJ1-5,0.8759363349320175,5
2186,D7A,0.05999999999999994,0.0,AV16-CAMREANTGYQNFYF-AJ49_BV13-2-CASGTGGQNTLYF-BJ2-4,0.5662066984098356,18
2187,D7A,0.05999999999999994,0.0,AV16-CAMREANTGYQNFYF-AJ49_BV13-2-CASGDGAQNTLYF-BJ2-4,0.9632491066334894,12
2188,D7A,0.05999999999999994,0.0,AV7-6-CAVGYQNFYF-AJ49_BV4-CASSDRDINYAEQFF-BJ2-1,0.6716135880334382,15
2189,D7A,0.05999999999999994,0.0,AV7-2-CAATGNTGKLIF-AJ37_BV19-CASSIRIAEQFF-BJ2-1,0.6164673498315544,5
2190,D7A,0.05499999999999994,0.0,AV16N-CAMRDNYAQGLTF-AJ26_BV3-CASSLGPSSYEQYF-BJ2-7,0.40992937085203274,145
2191,D7A,0.05499999999999994,0.0,AV6D-7-CALGEGGYKVVF-AJ12_BV5-CASSQDQVGERLFF-BJ1-4,0.6327662052131603,125
2192,D7A,0.05499999999999994,0.0,AV12-2-CALISQQGTGSKLSF-AJ58_BV1-CTCSAVRVSYEQYF-BJ2-7,0.3853401705781878,7
2193,D7A,0.05499999999999994,0.0,AV16-CAMREGNNVGDNSKLIW-AJ38_BV13-3-CASSERNQAPLF-BJ1-5,0.8759363349320175,5
2194,D7A,0.05499999999999994,0.0,AV16-CAMREANTGYQNFYF-AJ49_BV13-2-CASGTGGQNTLYF-BJ2-4,0.5662066984098356,18
2195,D7A,0.05499999999999994,0.0,AV16-CAMREANTGYQNFYF-AJ49_BV13-2-CASGDGAQNTLYF-BJ2-4,0.9632491066334894,12
2196,D7A,0.05499999999999994,0.0,AV7-6-CAVGYQNFYF-AJ49_BV4-CASSDRDINYAEQFF-BJ2-1,0.6716135880334382,15
2197,D7A,0.05499999999999994,0.0,AV7-2-CAATGNTGKLIF-AJ37_BV19-CASSIRIAEQFF-BJ2-1,0.6164673498315544,5
2198,D7A,0.04999999999999993,0.0,AV16N-CAMRDNYAQGLTF-AJ26_BV3-CASSLGPSSYEQYF-BJ2-7,0.40992937085203274,145
2199,D7A,0.04999999999999993,0.0,AV6D-7-CALGEGGYKVVF-AJ12_BV5-CASSQDQVGERLFF-BJ1-4,0.6327662052131603,125
2200,D7A,0.04999999999999993,0.0,AV12-2-CALISQQGTGSKLSF-AJ58_BV1-CTCSAVRVSYEQYF-BJ2-7,0.3853401705781878,7
2201,D7A,0.04999999999999993,0.0,AV16-CAMREGNNVGDNSKLIW-AJ38_BV13-3-CASSERNQAPLF-BJ1-5,0.8759363349320175,5
2202,D7A,0.04999999999999993,0.0,AV16-CAMREANTGYQNFYF-AJ49_BV13-2-CASGTGGQNTLYF-BJ2-4,0.5662066984098356,18
2203,D7A,0.04999999999999993,0.0,AV16-CAMREANTGYQNFYF-AJ49_BV13-2-CASGDGAQNTLYF-BJ2-4,0.9632491066334894,12
2204,D7A,0.04999999999999993,0.0,AV7-6-CAVGYQNFYF-AJ49_BV4-CASSDRDINYAEQFF-BJ2-1,0.6716135880334382,15
2205,D7A,0.04999999999999993,0.0,AV7-2-CAATGNTGKLIF-AJ37_BV19-CASSIRIAEQFF-BJ2-1,0.6164673498315544,5
2206,D7A,0.04499999999999993,0.0,AV16N-CAMRDNYAQGLTF-AJ26_BV3-CASSLGPSSYEQYF-BJ2-7,0.40992937085203274,145
2207,D7A,0.04499999999999993,0.0,AV6D-7-CALGEGGYKVVF-AJ12_BV5-CASSQDQVGERLFF-BJ1-4,0.6327662052131603,125
2208,D7A,0.04499999999999993,0.0,AV12-2-CALISQQGTGSKLSF-AJ58_BV1-CTCSAVRVSYEQYF-BJ2-7,0.3853401705781878,7
2209,D7A,0.04499999999999993,0.0,AV16-CAMREGNNVGDNSKLIW-AJ38_BV13-3-CASSERNQAPLF-BJ1-5,0.8759363349320175,5
2210,D7A,0.04499999999999993,0.0,AV16-CAMREANTGYQNFYF-AJ49_BV13-2-CASGTGGQNTLYF-BJ2-4,0.5662066984098356,18
2211,D7A,0.04499999999999993,0.0,AV16-CAMREANTGYQNFYF-AJ49_BV13-2-CASGDGAQNTLYF-BJ2-4,0.9632491066334894,12
2212,D7A,0.04499999999999993,0.0,AV7-6-CAVGYQNFYF-AJ49_BV4-CASSDRDINYAEQFF-BJ2-1,0.6716135880334382,15
2213,D7A,0.04499999999999993,0.0,AV7-2-CAATGNTGKLIF-AJ37_BV19-CASSIRIAEQFF-BJ2-1,0.6164673498315544,5
2214,D7A,0.040000000000000036,0.0,AV16N-CAMRDNYAQGLTF-AJ26_BV3-CASSLGPSSYEQYF-BJ2-7,0.40992937085203274,145
2215,D7A,0.040000000000000036,0.0,AV6D-7-CALGEGGYKVVF-AJ12_BV5-CASSQDQVGERLFF-BJ1-4,0.6327662052131603,125
2216,D7A,0.040000000000000036,0.0,AV12-2-CALISQQGTGSKLSF-AJ58_BV1-CTCSAVRVSYEQYF-BJ2-7,0.3853401705781878,7
2217,D7A,0.040000000000000036,0.0,AV16-CAMREGNNVGDNSKLIW-AJ38_BV13-3-CASSERNQAPLF-BJ1-5,0.8759363349320175,5
2218,D7A,0.040000000000000036,0.0,AV16-CAMREANTGYQNFYF-AJ49_BV13-2-CASGTGGQNTLYF-BJ2-4,0.5662066984098356,18
2219,D7A,0.040000000000000036,0.0,AV16-CAMREANTGYQNFYF-AJ49_BV13-2-CASGDGAQNTLYF-BJ2-4,0.9632491066334894,12
2220,D7A,0.040000000000000036,0.0,AV7-6-CAVGYQNFYF-AJ49_BV4-CASSDRDINYAEQFF-BJ2-1,0.6716135880334382,15
2221,D7A,0.040000000000000036,0.0,AV7-2-CAATGNTGKLIF-AJ37_BV19-CASSIRIAEQFF-BJ2-1,0.6164673498315544,5
2222,D7A,0.03500000000000003,0.0,AV16N-CAMRDNYAQGLTF-AJ26_BV3-CASSLGPSSYEQYF-BJ2-7,0.40992937085203274,145
2223,D7A,0.03500000000000003,0.0,AV6D-7-CALGEGGYKVVF-AJ12_BV5-CASSQDQVGERLFF-BJ1-4,0.6327662052131603,125
2224,D7A,0.03500000000000003,0.0,AV12-2-CALISQQGTGSKLSF-AJ58_BV1-CTCSAVRVSYEQYF-BJ2-7,0.3853401705781878,7
2225,D7A,0.03500000000000003,0.0,AV16-CAMREGNNVGDNSKLIW-AJ38_BV13-3-CASSERNQAPLF-BJ1-5,0.8759363349320175,5
2226,D7A,0.03500000000000003,0.0,AV16-CAMREANTGYQNFYF-AJ49_BV13-2-CASGTGGQNTLYF-BJ2-4,0.5662066984098356,18
2227,D7A,0.03500000000000003,0.0,AV16-CAMREANTGYQNFYF-AJ49_BV13-2-CASGDGAQNTLYF-BJ2-4,0.9632491066334894,12
2228,D7A,0.03500000000000003,0.0,AV7-6-CAVGYQNFYF-AJ49_BV4-CASSDRDINYAEQFF-BJ2-1,0.6716135880334382,15
2229,D7A,0.03500000000000003,0.0,AV7-2-CAATGNTGKLIF-AJ37_BV19-CASSIRIAEQFF-BJ2-1,0.6164673498315544,5
2230,D7A,0.030000000000000027,0.0,AV16N-CAMRDNYAQGLTF-AJ26_BV3-CASSLGPSSYEQYF-BJ2-7,0.40992937085203274,145
2231,D7A,0.030000000000000027,0.0,AV6D-7-CALGEGGYKVVF-AJ12_BV5-CASSQDQVGERLFF-BJ1-4,0.6327662052131603,125
2232,D7A,0.030000000000000027,0.0,AV12-2-CALISQQGTGSKLSF-AJ58_BV1-CTCSAVRVSYEQYF-BJ2-7,0.3853401705781878,7
2233,D7A,0.030000000000000027,0.0,AV16-CAMREGNNVGDNSKLIW-AJ38_BV13-3-CASSERNQAPLF-BJ1-5,0.8759363349320175,5
2234,D7A,0.030000000000000027,0.0,AV16-CAMREANTGYQNFYF-AJ49_BV13-2-CASGTGGQNTLYF-BJ2-4,0.5662066984098356,18
2235,D7A,0.030000000000000027,0.0,AV16-CAMREANTGYQNFYF-AJ49_BV13-2-CASGDGAQNTLYF-BJ2-4,0.9632491066334894,12
2236,D7A,0.030000000000000027,0.0,AV7-6-CAVGYQNFYF-AJ49_BV4-CASSDRDINYAEQFF-BJ2-1,0.6716135880334382,15
2237,D7A,0.030000000000000027,0.0,AV7-2-CAATGNTGKLIF-AJ37_BV19-CASSIRIAEQFF-BJ2-1,0.6164673498315544,5
2238,D7A,0.025000000000000022,0.0,AV16N-CAMRDNYAQGLTF-AJ26_BV3-CASSLGPSSYEQYF-BJ2-7,0.40992937085203274,145
2239,D7A,0.025000000000000022,0.0,AV6D-7-CALGEGGYKVVF-AJ12_BV5-CASSQDQVGERLFF-BJ1-4,0.6327662052131603,125
2240,D7A,0.025000000000000022,0.0,AV12-2-CALISQQGTGSKLSF-AJ58_BV1-CTCSAVRVSYEQYF-BJ2-7,0.3853401705781878,7
2241,D7A,0.025000000000000022,0.0,AV16-CAMREGNNVGDNSKLIW-AJ38_BV13-3-CASSERNQAPLF-BJ1-5,0.8759363349320175,5
2242,D7A,0.025000000000000022,0.0,AV16-CAMREANTGYQNFYF-AJ49_BV13-2-CASGTGGQNTLYF-BJ2-4,0.5662066984098356,18
2243,D7A,0.025000000000000022,0.0,AV16-CAMREANTGYQNFYF-AJ49_BV13-2-CASGDGAQNTLYF-BJ2-4,0.9632491066334894,12
2244,D7A,0.025000000000000022,0.0,AV7-6-CAVGYQNFYF-AJ49_BV4-CASSDRDINYAEQFF-BJ2-1,0.6716135880334382,15
2245,D7A,0.025000000000000022,0.0,AV7-2-CAATGNTGKLIF-AJ37_BV19-CASSIRIAEQFF-BJ2-1,0.6164673498315544,5
2246,D7A,0.020000000000000018,0.0,AV16N-CAMRDNYAQGLTF-AJ26_BV3-CASSLGPSSYEQYF-BJ2-7,0.40992937085203274,145
2247,D7A,0.020000000000000018,0.0,AV6D-7-CALGEGGYKVVF-AJ12_BV5-CASSQDQVGERLFF-BJ1-4,0.6327662052131603,125
2248,D7A,0.020000000000000018,0.0,AV12-2-CALISQQGTGSKLSF-AJ58_BV1-CTCSAVRVSYEQYF-BJ2-7,0.3853401705781878,7
2249,D7A,0.020000000000000018,0.0,AV16-CAMREGNNVGDNSKLIW-AJ38_BV13-3-CASSERNQAPLF-BJ1-5,0.8759363349320175,5
2250,D7A,0.020000000000000018,0.0,AV16-CAMREANTGYQNFYF-AJ49_BV13-2-CASGTGGQNTLYF-BJ2-4,0.5662066984098356,18
2251,D7A,0.020000000000000018,0.0,AV16-CAMREANTGYQNFYF-AJ49_BV13-2-CASGDGAQNTLYF-BJ2-4,0.9632491066334894,12
2252,D7A,0.020000000000000018,0.0,AV7-6-CAVGYQNFYF-AJ49_BV4-CASSDRDINYAEQFF-BJ2-1,0.6716135880334382,15
2253,D7A,0.020000000000000018,0.0,AV7-2-CAATGNTGKLIF-AJ37_BV19-CASSIRIAEQFF-BJ2-1,0.6164673498315544,5
2254,D7A,0.015000000000000013,0.0,AV16N-CAMRDNYAQGLTF-AJ26_BV3-CASSLGPSSYEQYF-BJ2-7,0.40992937085203274,145
2255,D7A,0.015000000000000013,0.0,AV6D-7-CALGEGGYKVVF-AJ12_BV5-CASSQDQVGERLFF-BJ1-4,0.6327662052131603,125
2256,D7A,0.015000000000000013,0.0,AV12-2-CALISQQGTGSKLSF-AJ58_BV1-CTCSAVRVSYEQYF-BJ2-7,0.3853401705781878,7
2257,D7A,0.015000000000000013,0.0,AV16-CAMREGNNVGDNSKLIW-AJ38_BV13-3-CASSERNQAPLF-BJ1-5,0.8759363349320175,5
2258,D7A,0.015000000000000013,0.0,AV16-CAMREANTGYQNFYF-AJ49_BV13-2-CASGTGGQNTLYF-BJ2-4,0.5662066984098356,18
2259,D7A,0.015000000000000013,0.0,AV16-CAMREANTGYQNFYF-AJ49_BV13-2-CASGDGAQNTLYF-BJ2-4,0.9632491066334894,12
2260,D7A,0.015000000000000013,0.0,AV7-6-CAVGYQNFYF-AJ49_BV4-CASSDRDINYAEQFF-BJ2-1,0.6716135880334382,15
2261,D7A,0.015000000000000013,0.0,AV7-2-CAATGNTGKLIF-AJ37_BV19-CASSIRIAEQFF-BJ2-1,0.6164673498315544,5
2262,D7A,0.010000000000000009,0.0,AV16N-CAMRDNYAQGLTF-AJ26_BV3-CASSLGPSSYEQYF-BJ2-7,0.40992937085203274,145
2263,D7A,0.010000000000000009,0.0,AV6D-7-CALGEGGYKVVF-AJ12_BV5-CASSQDQVGERLFF-BJ1-4,0.6327662052131603,125
2264,D7A,0.010000000000000009,0.0,AV12-2-CALISQQGTGSKLSF-AJ58_BV1-CTCSAVRVSYEQYF-BJ2-7,0.3853401705781878,7
2265,D7A,0.010000000000000009,0.0,AV16-CAMREGNNVGDNSKLIW-AJ38_BV13-3-CASSERNQAPLF-BJ1-5,0.8759363349320175,5
2266,D7A,0.010000000000000009,0.0,AV16-CAMREANTGYQNFYF-AJ49_BV13-2-CASGTGGQNTLYF-BJ2-4,0.5662066984098356,18
2267,D7A,0.010000000000000009,0.0,AV16-CAMREANTGYQNFYF-AJ49_BV13-2-CASGDGAQNTLYF-BJ2-4,0.9632491066334894,12
2268,D7A,0.010000000000000009,0.0,AV7-6-CAVGYQNFYF-AJ49_BV4-CASSDRDINYAEQFF-BJ2-1,0.6716135880334382,15
2269,D7A,0.010000000000000009,0.0,AV7-2-CAATGNTGKLIF-AJ37_BV19-CASSIRIAEQFF-BJ2-1,0.6164673498315544,5
2270,D7A,0.0050000000000000044,0.0,AV16N-CAMRDNYAQGLTF-AJ26_BV3-CASSLGPSSYEQYF-BJ2-7,0.40992937085203274,145
2271,D7A,0.0050000000000000044,0.0,AV6D-7-CALGEGGYKVVF-AJ12_BV5-CASSQDQVGERLFF-BJ1-4,0.6327662052131603,125
2272,D7A,0.0050000000000000044,0.0,AV12-2-CALISQQGTGSKLSF-AJ58_BV1-CTCSAVRVSYEQYF-BJ2-7,0.3853401705781878,7
2273,D7A,0.0050000000000000044,0.0,AV16-CAMREGNNVGDNSKLIW-AJ38_BV13-3-CASSERNQAPLF-BJ1-5,0.8759363349320175,5
2274,D7A,0.0050000000000000044,0.0,AV16-CAMREANTGYQNFYF-AJ49_BV13-2-CASGTGGQNTLYF-BJ2-4,0.5662066984098356,18
2275,D7A,0.0050000000000000044,0.0,AV16-CAMREANTGYQNFYF-AJ49_BV13-2-CASGDGAQNTLYF-BJ2-4,0.9632491066334894,12
2276,D7A,0.0050000000000000044,0.0,AV7-6-CAVGYQNFYF-AJ49_BV4-CASSDRDINYAEQFF-BJ2-1,0.6716135880334382,15
2277,D7A,0.0050000000000000044,0.0,AV7-2-CAATGNTGKLIF-AJ37_BV19-CASSIRIAEQFF-BJ2-1,0.6164673498315544,5
2278,D7A,0.0,0.0,AV16N-CAMRDNYAQGLTF-AJ26_BV3-CASSLGPSSYEQYF-BJ2-7,0.40992937085203274,145
2279,D7A,0.0,0.0,AV6D-7-CALGEGGYKVVF-AJ12_BV5-CASSQDQVGERLFF-BJ1-4,0.6327662052131603,125
2280,D7A,0.0,0.0,AV12-2-CALISQQGTGSKLSF-AJ58_BV1-CTCSAVRVSYEQYF-BJ2-7,0.3853401705781878,7
2281,D7A,0.0,0.0,AV16-CAMREGNNVGDNSKLIW-AJ38_BV13-3-CASSERNQAPLF-BJ1-5,0.8759363349320175,5
2282,D7A,0.0,0.0,AV16-CAMREANTGYQNFYF-AJ49_BV13-2-CASGTGGQNTLYF-BJ2-4,0.5662066984098356,18
2283,D7A,0.0,0.0,AV16-CAMREANTGYQNFYF-AJ49_BV13-2-CASGDGAQNTLYF-BJ2-4,0.9632491066334894,12
2284,D7A,0.0,0.0,AV7-6-CAVGYQNFYF-AJ49_BV4-CASSDRDINYAEQFF-BJ2-1,0.6716135880334382,15
2285,D7A,0.0,0.0,AV7-2-CAATGNTGKLIF-AJ37_BV19-CASSIRIAEQFF-BJ2-1,0.6164673498315544,5
