sample,clonotype,class,n_cells,shannon,coincidence
BL6-B10BR_HTxA,AV1-CAVKGGNTGKLIF-AJ37_BV3-CASSLAQVPYEQYF-BJ2-7,single,1,1.466403430361919,1.1352788586354208
BL6-B10BR_HTxA,AV10-CAASGTGGYKVVF-AJ12_BV14-CASRDRYEQYF-BJ2-7,single,1,0.0,0.0
BL6-B10BR_HTxA,AV10-CAASLSNYNVLYF-AJ21_BV13-2-CASGDTYEQYV-BJ2-7,single,1,0.0,0.0
BL6-B10BR_HTxA,AV10-CAASLSNYNVLYF-AJ21_BV13-3-CASSYRDTQYF-BJ2-5,single,2,1.0344964729772597,0.7091846799882959
BL6-B10BR_HTxA,AV10-CAASMSNYNVLYF-AJ21_BV16-CASRSGTGYAEQFF-BJ2-1,single,1,2.128085278891394,1.914270125974116
BL6-B10BR_HTxA,AV10-CAASSNYNVLYF-AJ21_BV13-1-CASSDAGYEQYF-BJ2-7,single,1,0.21639693245126462,0.09941314647615464
BL6-B10BR_HTxA,AV10-CAASSNYNVLYF-AJ21_BV3-CASSLDWGGYEQYF-BJ2-7,single,1,0.0,0.0
BL6-B10BR_HTxA,AV10-CAASTDYANKMIF-AJ47_BV3-CASSLAREYEQYF-BJ2-7,single,1,2.262165709415269,1.5929332118297361
BL6-B10BR_HTxA,AV10-CAATGNTGKLIF-AJ37_BV1-CTCSAVRVSQNTLYF-BJ2-4,single,1,0.9780155566622414,0.6911099052364222
BL6-B10BR_HTxA,AV10D-CAASMAQVVGQLTF-AJ5_BV19-CASSTRGEQYF-BJ2-7,single,1,2.222191575506678,1.8744691179161412
BL6-B10BR_HTxA,AV10N-CAASASSGSWQLIF-AJ22_BV16-CASSLTGEGNTLYF-BJ2-4,single,1,0.0,0.0
BL6-B10BR_HTxA,AV10N-CAASRASGSWQLIF-AJ22_BV16-CASSLTGEGNTLYF-BJ1-3,single,6,1.6683581550640272,1.6170700137115555
BL6-B10BR_HTxA,AV10N-CAASTGSFNKLTF-AJ4_BV16-CASRRTVSGNTLYF-BJ1-3,single,1,0.9182958340544896,0.84799690655495
BL6-B10BR_HTxA,AV11-CVVGASSSFSKLVF-AJ50_BV12-2-CASSHNWGEDTQYF-BJ2-5,single,1,1.1063137138648347,0.6188273952832019
BL6-B10BR_HTxA,AV11-CVVGDSNYQLIW-AJ33_BV13-1-CASSGLNYAEQFF-BJ2-1,single,1,0.6500224216483541,0.46948528330122
BL6-B10BR_HTxA,AV11-CVVGTGKLTF-AJ27_BV1-CTCSADRVGNTLYF-BJ1-3,single,1,0.7057054038980667,0.3232167241269002
BL6-B10BR_HTxA,AV12-1-CALNNNAPRF-AJ43_BV13-2-CASGDHWGGDTLYF-BJ2-4,single,1,0.9182958340544896,0.84799690655495
BL6-B10BR_HTxA,AV12-1-CALSAGNYAQGLTF-AJ26_BV14-CASSGLSSYEQYF-BJ2-7,single,2,0.39284558817812887,0.2072328976362977
BL6-B10BR_HTxA,AV12-1-CALSDHTGGLS-AJ2_BV3-CASSRDRRANSDYTF-BJ1-2,single,1,2.3158243335257076,2.1154772174199357
BL6-B10BR_HTxA,AV12-1-CALSDTGNYKYVF-AJ40_BV13-1-CASSDPGREQYF-BJ2-7,single,1,1.061278124459133,0.7520724865564145
BL6-B10BR_HTxA,AV12-1-CALSDTGNYKYVF-AJ40_BV26-CASKGWGSSYEQYF-BJ2-7,single,3,1.7045479699099977,1.5612190659442333
BL6-B10BR_HTxA,AV12-1-CALSETGNTGKLIF-AJ37_BV13-2-CASGDAGGSYEQYF-BJ2-7,single,1,1.3709505944546687,1.1844245711374275
BL6-B10BR_HTxA,AV12-1-CALSGENSGTYQRF-AJ13_BV12-2-CASSLAGVYQDTQYF-BJ2-5,single,1,0.0,0.0
BL6-B10BR_HTxA,AV12-1-CALSGPSNMGYKLTF-AJ9_BV19-CASSPGQGYAEQFF-BJ2-1,single,1,2.584962500721156,2.584962500721156
BL6-B10BR_HTxA,AV12-1-CALSLSGSFNKLTF-AJ4_BV19-CASSIRNSGNTLYF-BJ1-3,single,1,1.5,1.415037499278844
BL6-B10BR_HTxA,AV12-2-CALSDHNYAQGLTF-AJ26_BV13-1-CASSDVNTEVFF-BJ1-1,single,1,0.7582103997373125,0.3895371269849778
BL6-B10BR_HTxA,AV12-2-CALSEAGNYKYVF-AJ40_BV26-CASSLAGGGYEQYF-BJ2-7,single,1,2.1556390622295662,2.0
BL6-B10BR_HTxA,AV12-2-CAPDTNAYKVIF-AJ30_BV29-CASSATGNTEVFF-BJ1-1,single,1,1.0,1.0
BL6-B10BR_HTxA,AV12-3-CALSDHYANKMIF-AJ47_BV19-CASSIEGNTLYF-BJ2-4,single,1,2.3846026962555835,1.9031384607474113
BL6-B10BR_HTxA,AV12D-2-CALNQGGSAKLIF-AJ57_BV1-CTCSADWGNYAEQFF-BJ2-1,single,21,1.1869309561666914,0.9441362854920867
BL6-B10BR_HTxA,AV12D-2-CALNQGGSAKLIF-AJ57_BV1-CTCSATRLGGDTGQLYF-BJ2-2,single,1,0.8166890883150209,0.4974996594708167
BL6-B10BR_HTxA,AV12D-2-CALNQGGSAKLIF-AJ57_BV26-CASSPGLGDYAEQFF-BJ2-1,single,1,2.7219280948873625,2.6438561897747244
BL6-B10BR_HTxA,AV12D-2-CALNQGGSAKLIF-AJ57_BV3-CASSLGTGYEQYF-BJ2-7,single,2,0.72586512763617,0.46473436871493096
BL6-B10BR_HTxA,AV12D-3-CALLSGGNYKPTF-AJ6_BV13-2-CASGDATGANTEVFF-BJ1-1,single,1,1.8423709931771084,1.7078192485066896
BL6-B10BR_HTxA,AV12D-3-CALLSGGNYKPTF-AJ6_BV31-CAWSLTGGDEQYF-BJ2-7,single,1,0.0,0.0
BL6-B10BR_HTxA,AV12D-3-CALRMSNYNVLYF-AJ21_BV13-1-CASSDPGREQYF-BJ2-7,single,1,0.0,0.0
BL6-B10BR_HTxA,AV12D-3-CALRNTNAYKVIF-AJ30_BV13-3-CASSSGVETLYF-BJ2-3,single,2,1.7793914564629993,1.5212868418670424
BL6-B10BR_HTxA,AV12D-3-CALSDLDSNYQLIW-AJ33_BV16-CASSLGGQNTLYF-BJ2-4,single,1,1.7924812503605778,1.584962500721156
BL6-B10BR_HTxA,AV12D-3-CALSDPQGTGSKLSF-AJ58_BV26-CASRHWGGDTQYF-BJ2-5,single,1,0.6767228525544622,0.4529714240674411
BL6-B10BR_HTxA,AV12D-3-CALSEDYSNNRLTL-AJ7_BV13-1-CASSDLAGEQYF-BJ2-7,single,1,0.6437936616217652,0.30869422601041213
BL6-B10BR_HTxA,AV12D-3-CALSGENSGTYQRF-AJ13_BV12-2-CASSLAGVYQDTQYF-BJ2-5,single,5,0.8832365259237129,0.6650331693822895
BL6-B10BR_HTxA,AV12D-3-CALSSGSWQLIF-AJ22_BV13-1-CASSEDWTETLYF-BJ2-3,single,1,0.9182958340544896,0.84799690655495
BL6-B10BR_HTxA,AV12D-3-CAPASSGSWQLIF-AJ22_BV13-2-CASGDAGEGVFF-BJ1-1,single,1,1.8895782867502309,1.3978229439266445
BL6-B10BR_HTxA,AV13-1-CALELSSGSWQLIF-AJ22_BV13-2-CASGDAGGGNERLFF-BJ1-4,single,2,1.7782337220891837,1.3948535281190897
BL6-B10BR_HTxA,AV13-1-CAPPVTGSGGKLTL-AJ44_BV3-CASSLAHSYEQYF-BJ2-7,single,1,0.0,0.0
BL6-B10BR_HTxA,AV13-2-CAIDHNTGKLTF-AJ27_BV13-2-CASGDGNTLYF-BJ1-3,single,1,1.4591479170272448,1.3625700793847082
BL6-B10BR_HTxA,AV13-2-CAIDRNNYAQGLTF-AJ26_BV19-CASSILGEQYF-BJ2-7,single,1,0.0,0.0
BL6-B10BR_HTxA,AV13-2-CAIDSEGADRLTF-AJ45_BV30-CSSSLGQNEQCF-BJ2-7,single,1,0.10215803640865039,0.03846721596322423
BL6-B10BR_HTxA,AV13-2-CAIDSEGADRLTF-AJ45_BV30-CSSSPGQNEQYF-BJ2-7,single,13,0.41455851641091895,0.23287543830783797
BL6-B10BR_HTxA,AV13-2-CAIDSEGAGRLTF-AJ45_BV13-1-CASSDPGREQYF-BJ2-7,single,1,0.6586721490950819,0.4122921225400266
BL6-B10BR_HTxA,AV13-2-CAIDTEGADRLTF-AJ45_BV16-CASRQSQNTLYF-BJ2-4,single,7,0.26537471151179987,0.13840410751194326
BL6-B10BR_HTxA,AV13-2-CAIDTNTGKLTF-AJ27_BV13-3-CAAGTVNTEVFF-BJ1-1,single,2,0.34018134342416595,0.1284880342525368
BL6-B10BR_HTxA,AV13-2-CAIDYNAGAKLTF-AJ39_BV16-CASSFGQGGAEQFF-BJ2-1,single,1,0.5131851787372753,0.2559610235590076
BL6-B10BR_HTxA,AV13-2-CAIDYNQGKLIF-AJ23_BV12-2-CASSDRGNTLYF-BJ2-4,single,1,1.8910611120726526,1.816288046827612
BL6-B10BR_HTxA,AV13-2-CAIEDTEGADRLTF-AJ45_BV14-CASSSRNTLYF-BJ1-3,single,3,0.8354501000383584,0.4801078393051738
BL6-B10BR_HTxA,AV13-2-CAIEGSNTNKVVF-AJ34_BV16-CASRQSQNTLYF-BJ2-4,single,1,0.4533593350214214,0.19631372592284058
BL6-B10BR_HTxA,AV13-2-CAMLPGTGSNRLTF-AJ28_BV16-CASSLANTEVFF-BJ1-1,single,1,0.8112781244591328,0.6780719051126377
BL6-B10BR_HTxA,AV13D-1-CAMDNTGANTGKLTF-AJ52_BV1-CTCSAVRVDTQYF-BJ2-5,single,1,1.5566567074628228,1.527247002864869
BL6-B10BR_HTxA,AV13D-1-CAMEFSNMGYKLTF-AJ9_BV16-CASSLQGNTLYF-BJ1-3,single,1,0.378958787501346,0.21130706505670607
BL6-B10BR_HTxA,AV13D-2-CAIDASSGSWQLIF-AJ22_BV4-CASSLNTLYF-BJ2-4,single,2,0.7798268375604414,0.5332332349955563
BL6-B10BR_HTxA,AV13D-2-CAIHSGGNYKPTF-AJ6_BV31-CAWSRDSSYEQYF-BJ2-7,single,1,0.8795064608120065,0.47904673920061724
BL6-B10BR_HTxA,AV13N-1-CAMERGNYAQGLTF-AJ26_BV13-2-CASGDGWGGAEQFF-BJ2-1,single,1,0.2761954276479391,0.1371764191026003
BL6-B10BR_HTxA,AV13N-1-CAMERSNNRIFF-AJ31_BV1-CTCSADWGNYAEQFF-BJ2-1,single,1,2.0,2.0
BL6-B10BR_HTxA,AV13N-1-CAMERSNNRIFF-AJ31_BV2-CASSQDRRGDTQYF-BJ2-5,single,4,1.281338545879553,1.1273282645463922
BL6-B10BR_HTxA,AV13N-1-CAMNTGYQNFYF-AJ49_BV1-CTCSAGRYAEQFF-BJ2-1,single,1,0.7266812842075585,0.34014695692938723
BL6-B10BR_HTxA,AV13N-1-CAMSNYNVLYF-AJ21_BV20-CGAREGGSAETLYF-BJ2-3,single,1,1.0884595991813413,0.6800522692408782
BL6-B10BR_HTxA,AV14-1-CAASSGSWQLIF-AJ22_BV3-CASSLRDTYEQYF-BJ2-7,single,1,2.1280852788913944,1.9142701259741162
BL6-B10BR_HTxA,AV14-1-CAATSSGSWQLIF-AJ22_BV13-1-CASSDAGYEQYF-BJ2-7,single,1,0.7322276771871191,0.3606108938303316
BL6-B10BR_HTxA,AV14-2-CAASADTGNYKYVF-AJ40_BV13-3-CASSDNNQAPLF-BJ1-5,single,1,1.7683751799593275,1.5081469036703252
BL6-B10BR_HTxA,AV14-2-CAASASSGSWQLIF-AJ22_BV31-CAWSLTGGDEQYF-BJ2-7,single,1,2.417449700756372,2.021017781269083
BL6-B10BR_HTxA,AV14-2-CAASASSNYQLIW-AJ33_BV3-CASSLAWGVQDTQYF-BJ2-5,single,1,2.363865121950854,2.1844245711374275
BL6-B10BR_HTxA,AV14-2-CAASDDTNAYKVIF-AJ30_BV13-1-CASSALGGSYEQYF-BJ2-7,single,1,1.0892300788425848,0.6605135337283332
BL6-B10BR_HTxA,AV14-2-CAASGDTNAYKVIF-AJ30_BV13-2-CASGDWGGADTQYF-BJ2-5,single,1,0.8658566174572235,0.5438238059276697
BL6-B10BR_HTxA,AV14-2-CAASSSGSWQLIF-AJ22_BV1-CTCSATGGGNERLFF-BJ1-4,single,1,2.7492553971684996,2.5100004430399343
BL6-B10BR_HTxA,AV14-3-CAASEPSSFSKLVF-AJ50_BV13-1-CASSELVYAEQFF-BJ2-1,single,1,1.5,1.415037499278844
BL6-B10BR_HTxA,AV14-3-CAASEPSSFSKLVF-AJ50_BV13-2-CASGDTYEQYF-BJ2-7,single,1,0.35969069930439224,0.13162286067196724
BL6-B10BR_HTxA,AV14-3-CAIQQGTGSKLSF-AJ58_BV13-1-CASMGANTEVFF-BJ1-1,single,1,0.9182958340544896,0.84799690655495
BL6-B10BR_HTxA,AV14-3/DV8-CAASEDTGNYKYVF-AJ40_BV13-2-CASGERDSNERLFF-BJ1-4,single,1,1.75,1.5405683813627027
BL6-B10BR_HTxA,AV14-3/DV8-CAASEDTGNYKYVF-AJ40_BV13-3-CASSDWGSQNTLYF-BJ2-4,single,1,1.75,1.5405683813627027
BL6-B10BR_HTxA,AV14D-1-CAASIGSNYNVLYF-AJ21_BV1-CTCSAVRVDTQYF-BJ2-5,single,1,1.9219280948873623,1.8365012677171204
BL6-B10BR_HTxA,AV14D-3/DV8-CAATGNTEKLIF-AJ37_BV19-CASSIVRVSYEQYF-BJ2-7,single,1,1.3009376049438532,0.7191908924382299
BL6-B10BR_HTxA,AV14D-3/DV8-CAATGNTGKLIF-AJ37_BV16-CASRQGQNTLYF-BJ2-4,single,1,0.6500224216483541,0.46948528330122
BL6-B10BR_HTxA,AV14D-3/DV8-CAATGNTGKLIF-AJ37_BV19-CASSIVRVSYEQYF-BJ2-7,single,7,1.3442051661380006,0.9676456712955109
BL6-B10BR_HTxA,AV15D-1/DV6D-1-CALWELASNYQLIW-AJ33_BV13-3-CASCGTGETGQLYF-BJ2-2,single,1,1.0,1.0
BL6-B10BR_HTxA,AV15D-1/DV6D-1-CALWELISEGYELTDKLVF-DJ1_BV31-CAWSLTGGNQAPLF-BJ1-5,single,1,1.584962500721156,1.5849625007211563
BL6-B10BR_HTxA,AV15D-2/DV6D-2-CALSEDYANKMIF-AJ47_BV1-CTCSADHYAEQFF-BJ2-1,single,1,1.0,1.0
BL6-B10BR_HTxA,AV16-CAMRATSSGQKLVF-AJ16_BV1-CTCSADRGYAEQFF-BJ2-1,single,1,1.2987949406953985,1.0931094043914815
BL6-B10BR_HTxA,AV16-CAMRATSSGQKLVF-AJ16_BV1-CTCSAVRVGNTLYF-BJ1-3,single,14,0.6728981801171238,0.45518283839998663
BL6-B10BR_HTxA,AV16-CAMRDITGNTGKLIF-AJ37_BV13-3-CASSRDWVQDTQYF-BJ2-5,single,1,0.5435644431995964,0.3561438102252753
BL6-B10BR_HTxA,AV16-CAMRDPGTQVVGQLTF-AJ5_BV13-2-CASGEGAQNTLYF-BJ2-4,single,1,1.018015787772759,0.9285809394197844
BL6-B10BR_HTxA,AV16-CAMREANTGYQNFYF-AJ49_BV13-1-CASSDNYEQYF-BJ2-7,single,1,0.0,0.0
BL6-B10BR_HTxA,AV16-CAMREANTGYQNFYF-AJ49_BV13-2-CASGEGAQNTLYF-BJ2-4,single,18,1.2033081219739334,1.0304799445696742
BL6-B10BR_HTxA,AV16-CAMREANTGYQNFYF-AJ49_BV13-2-CASGTGGQNTLYF-BJ2-4,single,1,1.319035274338866,0.9296106721086023
BL6-B10BR_HTxA,AV16-CAMREDGGRALIF-AJ15_BV13-2-CASGEGAQNTLYF-BJ2-4,single,1,1.5636254885377856,1.3370349872775709
BL6-B10BR_HTxA,AV16-CAMREGLSAGNKLNF-AJ17_BV30-CSSSPGQNEQYF-BJ2-7,single,1,0.7907669479360189,0.41106859707589793
BL6-B10BR_HTxA,AV16-CAMREGNTNKVVF-AJ34_BV16-CASSLAPGNQDTQYF-BJ2-5,single,3,0.5160150932338007,0.316906078959446
BL6-B10BR_HTxA,AV16-CAMREGPGNTGKLIF-AJ37_BV1-CTCSAVGREQYF-BJ2-7,single,1,2.1769081691685783,2.0544477840223765
BL6-B10BR_HTxA,AV16-CAMREGSTGNYKYVF-AJ40_BV13-2-CASGDRGRQDTQYF-BJ2-5,single,1,0.48669266835475467,0.19723234743804752
BL6-B10BR_HTxA,AV16-CAMREGTNAYKVIF-AJ30_BV1-CTCSADWGNYAEQFF-BJ2-1,single,1,0.9182958340544896,0.84799690655495
BL6-B10BR_HTxA,AV16-CAMRGMDYANKMIF-AJ47_BV1-CTCSADRVGNTLYF-BJ1-3,single,1,0.9463729359854419,0.6374299206152919
BL6-B10BR_HTxA,AV16-CAMRGMDYANKMIF-AJ47_BV13-1-CASMGANTEVFF-BJ1-1,single,1,0.0,0.0
BL6-B10BR_HTxA,AV16-CAMRKEGADRLTF-AJ45_BV4-CASSYWGEPGQLYF-BJ2-2,single,1,0.1481714802211449,0.05283029814161259
BL6-B10BR_HTxA,AV16-CVRRDYSNTRLTW-AJ7_BV13-1-CASSDPGREQYF-BJ2-7,single,1,0.8555184173754411,0.5068696508963791
BL6-B10BR_HTxA,AV16/DV11-CAMRATSSGQKLVF-AJ16_BV13-1-CASMGANTEVFF-BJ1-1,single,1,1.0680895758673816,0.594988218906423
BL6-B10BR_HTxA,AV16/DV11-CAMREDGGRALIF-AJ15_BV1-CTCSAQGQNTLYF-BJ2-4,single,1,1.5,1.415037499278844
BL6-B10BR_HTxA,AV16/DV11-CAMREEDSNYQLIW-AJ33_BV13-1-CASRDNNQAPLF-BJ1-5,single,4,0.21741916270114953,0.08851843486091092
BL6-B10BR_HTxA,AV16/DV11-CAMREGDSNNRIFF-AJ31_BV5-CASSQEDWYEQYF-BJ2-7,single,1,0.0,0.0
BL6-B10BR_HTxA,AV16/DV11-CAMREGPTNAYKVIF-AJ30_BV13-2-CASGDTYEQYF-BJ2-7,single,12,0.6147154800160598,0.2919782314273294
BL6-B10BR_HTxA,AV16N-CAMLTSGGNYKPTF-AJ6_BV13-2-CASGDRGSQNTLYF-BJ2-4,single,1,0.8112781244591328,0.6780719051126377
BL6-B10BR_HTxA,AV16N-CAMRDPGTQVVGQLIF-AJ5_BV13-1-CASMGANTEVFF-BJ1-1,single,1,0.0,0.0
BL6-B10BR_HTxA,AV16N-CAMRDPGTQVVGQLTF-AJ5_BV13-1-CASMGANTEVFF-BJ1-1,single,18,0.17108364284602395,0.07713952835806219
BL6-B10BR_HTxA,AV16N-CAMRDPGTQVVGQLTF-AJ5_BV13-1-CTSMGANTEVFF-BJ1-1,single,1,0.7219280948873623,0.5563933485243849
BL6-B10BR_HTxA,AV16N-CAMRDPGTQVVGQLTF-AJ5_BV14-CASSFWTGNAEQFF-BJ2-1,single,1,1.5,1.415037499278844
BL6-B10BR_HTxA,AV16N-CAMREADSNYQLIW-AJ33_BV13-1-CASSEVNNQAPLF-BJ1-5,single,1,2.25,2.192645077942396
BL6-B10BR_HTxA,AV16N-CAMREANTGYQNFYF-AJ49_BV13-2-CASGDSGPNTLYF-BJ2-4,single,4,0.48253124132874253,0.4160085179280888
BL6-B10BR_HTxA,AV16N-CAMREDGGRALIF-AJ15_BV13-2-CASGGTGGNYAEQFF-BJ2-1,single,1,0.4881080938936237,0.18489462783558114
BL6-B10BR_HTxA,AV16N-CAMREDMGYKLTF-AJ9_BV26-CASSLNRDNQAPLF-BJ1-5,single,1,0.6840384356390417,0.5094723011368926
BL6-B10BR_HTxA,AV16N-CAMREEDSNYQLI-AJ33_BV13-2-CASGDGWGGAEQFF-BJ2-1,single,1,0.8112781244591328,0.6780719051126377
BL6-B10BR_HTxA,AV16N-CAMREGDSNYQLIW-AJ33_BV13-2-CASGDRANSDYTF-BJ1-2,single,1,1.7794238321465294,1.5085104402832832
BL6-B10BR_HTxA,AV16N-CAMREGLSAGNKLTF-AJ17_BV1-CTCSAGQGAETLYF-BJ2-3,single,5,0.3850581021003977,0.18475218442939845
BL6-B10BR_HTxA,AV16N-CAMREGLSAGNKLTF-AJ17_BV13-1-CASSDPGREQYF-BJ2-7,single,1,1.1256787671357302,0.8296874457738563
BL6-B10BR_HTxA,AV16N-CAMREGLSGSWQLIF-AJ22_BV13-1-CASSDAGTGAYAEQFF-BJ2-1,single,1,0.0,0.0
BL6-B10BR_HTxA,AV16N-CAMREGNNNNAPRF-AJ43_BV13-1-CASTLGVAETLYF-BJ2-3,single,1,0.0,0.0
BL6-B10BR_HTxA,AV16N-CAMRERYAQGLTF-AJ26_BV19-CASSIGQGANERLFF-BJ1-4,single,1,0.0,0.0
BL6-B10BR_HTxA,AV16N-CAMRESNTGYQNFYF-AJ49_BV13-1-CASPDWGEDQNTLYF-BJ2-4,single,1,1.3819295653976855,1.177005828148093
BL6-B10BR_HTxA,AV16N-CAMREVLSGSFNKLTF-AJ4_BV13-1-CASSDLGGGTQYF-BJ2-5,single,1,2.9742158060554797,2.84559727067174
BL6-B10BR_HTxA,AV16N-CAMRGDMGYKLTF-AJ9_BV13-1-CASSGGYAEQFF-BJ2-1,single,1,0.7228578977329687,0.4226910718222793
BL6-B10BR_HTxA,AV16N-CAMRKEGADRLTF-AJ45_BV4-CASSYWGEPGQLYF-BJ2-2,single,1,0.0,0.0
BL6-B10BR_HTxA,AV16N-CAMRSYQGGRALIF-AJ15_BV13-1-CASSDPGREQYF-BJ2-7,single,1,0.9910760598382222,0.982297998266541
BL6-B10BR_HTxA,AV16N-CAMRSYQGGRALIF-AJ15_BV26-CASSPDTYEQYF-BJ2-7,single,1,1.9219280948873623,1.8365012677171204
BL6-B10BR_HTxA,AV17-CAPPAGAKLTF-AJ39_BV13-3-CASSDRDRGAETLYF-BJ2-3,single,1,3.1056532424234384,2.939919395995989
BL6-B10BR_HTxA,AV19-CAAGGAGYQNFYF-AJ49_BV16-CASSLGTGGYEQYF-BJ2-7,single,1,1.5304930567574826,1.4818690077570527
BL6-B10BR_HTxA,AV19-CAAGPMATGGNNKLTF-AJ56_BV12-2-CASSWGGYAEQFF-BJ2-1,single,8,0.4410722674490111,0.23305036941392052
BL6-B10BR_HTxA,AV19-CAAGPMATGGNNKLTF-AJ56_BV13-1-CASSDVNTEVFF-BJ1-1,single,1,0.9698024945677541,0.5695474483344686
BL6-B10BR_HTxA,AV19-CAAGVGSGGSNYKLTF-AJ53_BV1-CTCSAANQDTQYF-BJ2-5,single,1,1.8423709931771084,1.7078192485066896
BL6-B10BR_HTxA,AV19-CAAGVGSGGSNYKLTF-AJ53_BV16-CASSLTGEGNTLYF-BJ1-3,single,1,1.4591479170272448,1.3625700793847082
BL6-B10BR_HTxA,AV3-1-CAAPSNMGYKLTF-AJ9_BV5-CASGGALEQYF-BJ2-7,single,1,1.3709505944546687,1.1844245711374275
BL6-B10BR_HTxA,AV3-1-CAVSLNYAQGLTF-AJ26_BV31-CAWSPGQQAPLF-BJ1-5,single,1,0.4310167689753772,0.20223439430270676
BL6-B10BR_HTxA,AV3-3-CAVSAASSSFSKLVF-AJ50_BV13-2-CASGDTYEQYF-BJ2-7,single,1,0.6500224216483541,0.46948528330122
BL6-B10BR_HTxA,AV3-3-CAVSAGNYKYVF-AJ40_BV1-CTCSADRTGYEQYF-BJ2-7,single,1,0.0,0.0
BL6-B10BR_HTxA,AV3-3-CAVSMDYANKMIF-AJ47_BV1-CTCSADRTGYEQYF-BJ2-7,single,1,2.889487725134856,2.4689327671329293
BL6-B10BR_HTxA,AV3-3-CAVSPMDYANKMIF-AJ47_BV3-CASSLGAGYAEQFF-BJ2-1,single,1,0.2427142045827235,0.09924211468513618
BL6-B10BR_HTxA,AV3-4-CAVSAGNYKYVF-AJ40_BV13-2-CASGGLNSPLYF-BJ1-6,single,1,0.4689955935892812,0.2863041851566409
BL6-B10BR_HTxA,AV3-4-CAVSASSGSWQLIF-AJ22_BV4-CASSSDWGGYEQYF-BJ2-7,single,1,0.0,0.0
BL6-B10BR_HTxA,AV3D-3-CAVNGNTGKLIF-AJ37_BV13-1-CASSSRGLNQAPLF-BJ1-5,single,1,0.0,0.0
BL6-B10BR_HTxA,AV3D-3-CAVPRNNYAQGLTF-AJ26_BV13-1-CASSDVQGGYAEQFF-BJ2-1,single,1,3.4208552982601788,3.2452361173991675
BL6-B10BR_HTxA,AV3D-3-CAVSMSNYNVLYF-AJ21_BV19-CASSDWDQDTQYF-BJ2-5,single,1,1.0,1.0
BL6-B10BR_HTxA,AV4-3-CAGASSGSWQLIF-AJ22_BV13-1-CASSDWGGNTLYF-BJ2-4,single,1,1.8262452584026092,1.7284540943106885
BL6-B10BR_HTxA,AV4-4/DV10-CAAEGTGGNNKLTF-AJ56_BV12-2-CASSHNWGEDTQYF-BJ2-5,single,2,1.1896764881482667,0.8644974415288131
BL6-B10BR_HTxA,AV4-4/DV10-CAAENTGYQNFYF-AJ49_BV13-3-CASSDNSDYTF-BJ1-2,single,1,2.6644977792004614,2.527247002864869
BL6-B10BR_HTxA,AV4-4/DV10-CAAETGSGGKLTL-AJ44_BV2-CASSPRTPNIGQLYF-BJ2-2,single,1,0.31221953325757146,0.13259360962612834
BL6-B10BR_HTxA,AV4-4/DV10-CAAETGSGGKLTL-AJ44_BV2-CASSPRTPNTGQLYF-BJ2-2,single,2,0.20611055557293706,0.07577988885251546
BL6-B10BR_HTxA,AV4D-3-CAADNMGYKLTF-AJ9_BV13-3-CASSESGGSYEQYF-BJ2-7,single,1,0.9219280948873623,0.599462070416271
BL6-B10BR_HTxA,AV4D-3-CAADNMGYKLTF-AJ9_BV29-CASSLRGNTGQLYF-BJ2-2,single,1,1.0,1.0
BL6-B10BR_HTxA,AV4D-3-CAAPNSAGNKLTF-AJ17_BV31-CAWSLAPKNTGQLYF-BJ2-2,single,1,0.6500224216483541,0.46948528330122
BL6-B10BR_HTxA,AV4D-4-CAVDTNAYKVIF-AJ30_BV12-2-CASSLWGGGAETLYF-BJ2-3,single,1,1.8423709931771084,1.7078192485066899
BL6-B10BR_HTxA,AV5-1-CSASMDYANKMIF-AJ47_BV3-CASSWGGADTQYF-BJ2-5,single,2,0.8207500353090826,0.6855559078252554
BL6-B10BR_HTxA,AV5-4-CAASADYANKMIF-AJ47_BV3-CASSLGAGYEQYF-BJ2-7,single,4,0.5741359188580074,0.2735533407531719
BL6-B10BR_HTxA,AV5-4-CAASDAGSWQLIF-AJ22_BV13-3-CASSDVGQGNTEVFF-BJ1-1,single,1,1.0,1.0
BL6-B10BR_HTxA,AV6-1-CVLDTNAYKVIF-AJ30_BV13-3-CASSGRTRNTLYF-BJ2-4,single,1,2.251629167387823,2.1699250014423126
BL6-B10BR_HTxA,AV6-2-CVLGEAGGSNAKLTF-AJ42_BV17-CASSRGQGAETLYF-BJ2-3,single,2,0.5967934324239752,0.4128145467632477
BL6-B10BR_HTxA,AV6-3-CAMRDAGGSNA-AJ42_BV19-CASRLGGRAETLYF-BJ2-3,single,1,1.0,1.0
BL6-B10BR_HTxA,AV6-3-CAMRDAGGSNAKLTF-AJ42_BV4-CASSWGQGGNTLYF-BJ2-4,single,1,0.9709505944546686,0.9434164716336325
BL6-B10BR_HTxA,AV6-3-CAMSDDSGYNKLTF-AJ11_BV3-CASSLAQVPYEQYF-BJ2-7,single,3,0.5683486215953224,0.33289155803111875
BL6-B10BR_HTxA,AV6-5-CALSETSSSFSKLVF-AJ50_BV3-CASSLSWGQDTQYF-BJ2-5,single,2,0.8647869792568113,0.7630344058337939
BL6-B10BR_HTxA,AV6-5-CALSGSLYGSSGNKLIF-AJ32_BV2-CASSQDDWGGYEQYF-BJ2-7,single,1,2.0758692966977272,1.9090263399525098
BL6-B10BR_HTxA,AV6-6-CALGDASSGQKLVF-AJ16_BV1-CTCSAPGAGNTLYF-BJ1-3,single,1,1.2516291673878228,1.0
BL6-B10BR_HTxA,AV6-6-CALGEMGTGNYKYVF-AJ40_BV1-CTCSADRVGNTLYF-BJ1-3,single,1,0.951994081908783,0.5383010619570298
BL6-B10BR_HTxA,AV6-7/DV9-CALSDRDYANKMIF-AJ47_BV1-CTCSAVRVDTQYF-BJ2-5,single,1,0.7243246836256089,0.3256500986560881
BL6-B10BR_HTxA,AV6-7/DV9-CALSDRDYANKMIF-AJ47_BV16-CASRQSQNTLYF-BJ2-4,single,1,0.194233783615867,0.06758800106714084
BL6-B10BR_HTxA,AV6D-5-CALGDTNKVVF-AJ34_BV14-CASSFVGADTEVFF-BJ1-1,single,1,0.2974722489192896,0.15155911897135438
BL6-B10BR_HTxA,AV6D-5-CALGSGTYQRF-AJ13_BV1-CTCSADWGNYAEQFF-BJ2-1,single,1,1.3567796494470397,0.9434164716336328
BL6-B10BR_HTxA,AV6D-7-CALGENNAGAKLTF-AJ39_BV13-1-CASWDRGDEQYF-BJ2-7,single,1,0.7150308246386026,0.36600772928877906
BL6-B10BR_HTxA,AV6D-7-CALGENNAGAKLTF-AJ39_BV13-3-CASSDRGEQYF-BJ2-7,single,3,0.6527391498784559,0.4310567948344816
BL6-B10BR_HTxA,AV7-2-CAAQSSGSWQLIF-AJ22_BV13-1-CASSDAGYEQYF-BJ2-7,single,3,0.8912102435687871,0.5526590993397925
BL6-B10BR_HTxA,AV7-2-CAASRGTGNYKYVF-AJ40_BV1-CTCSAARVDTQYF-BJ2-5,single,3,0.3208489938433686,0.14758408617911226
BL6-B10BR_HTxA,AV7-2-CAASSNMGYKLTF-AJ9_BV13-2-CASGGGTGGLEQYF-BJ2-7,single,1,0.3884553440586713,0.14227786318702745
BL6-B10BR_HTxA,AV7-2-CAASTGNTGKLIF-AJ37_BV19-CASTGLNYAEQFF-BJ2-1,single,1,2.1556390622295662,2.0
BL6-B10BR_HTxA,AV7-2-CAATSGGNYKPTF-AJ6_BV14-CASSPGLSQDTQYF-BJ2-5,single,1,2.4898873358155353,2.388975202692648
BL6-B10BR_HTxA,AV7-3-CAVSRNYNQGKLIF-AJ23_BV26-CASSLVTGGAEQFF-BJ2-1,single,1,1.584962500721156,1.5849625007211563
BL6-B10BR_HTxA,AV7-4-CAARGTGGYKVVF-AJ12_BV1-CTCSASGTGDNQAPLF-BJ1-5,single,1,0.8112781244591328,0.6780719051126377
BL6-B10BR_HTxA,AV7-4-CAASGNYAQGLTF-AJ26_BV3-CASSLGTGYEQYF-BJ2-7,single,1,0.3372900666170139,0.1798210375848123
BL6-B10BR_HTxA,AV7-4-CAASGNYAQGLTF-AJ26_BV4-CASSWGVYAEQFF-BJ2-1,single,2,2.192590873898766,2.0938498515851443
BL6-B10BR_HTxA,AV7-4-CAASSGSWQLIF-AJ22_BV3-CASSLQGNTLYF-BJ2-4,single,1,2.130926080730337,1.8350756796160543
BL6-B10BR_HTxA,AV7-5-CAVNSGYNKLTF-AJ11_BV1-CTCSAGDSSYEQYF-BJ2-7,single,2,0.29363832409395524,0.12316835305532672
BL6-B10BR_HTxA,AV7-5-CAVSDYNQGKLIF-AJ23_BV31-CAWSPWDNYAEQFF-BJ2-1,single,1,1.1132808961543144,0.8706016008289361
BL6-B10BR_HTxA,AV7-5-CAVSMDYANKMIF-AJ47_BV13-1-CASMGANTEVFF-BJ1-1,single,1,0.0,0.0
BL6-B10BR_HTxA,AV7-5-CAVSMDYANKMIF-AJ47_BV13-1-CASSDPGREQYF-BJ2-7,single,1,1.0492919405147367,0.5552151573271044
BL6-B10BR_HTxA,AV7-6-CAVSGYGNEKITF-AJ48_BV13-2-CASGDTYEQYF-BJ2-7,single,1,0.9182958340544896,0.84799690655495
BL6-B10BR_HTxA,AV7D-3-CAASSGSWQLIF-AJ22_BV13-1-CASSDVGNNQAPLF-BJ1-5,single,1,1.7545957198377098,1.2092924553165731
BL6-B10BR_HTxA,AV7D-3-CAVSSNTNKVVF-AJ34_BV13-1-CASSDPGREQYF-BJ2-7,single,1,0.8003922080453356,0.6623504087338125
BL6-B10BR_HTxA,AV7D-5-CAARNNYAQGLTF-AJ26_BV5-CASSQDTEVFF-BJ1-1,single,1,2.0,2.0
BL6-B10BR_HTxA,AV7D-6-CAAGTGGYKVVF-AJ12_BV29-CASSPTGGEQYF-BJ2-7,single,1,1.9219280948873623,1.8365012677171204
BL6-B10BR_HTxA,AV7D-6-CAVNNQGKLIF-AJ23_BV13-3-CASSDRDSQNTLYF-BJ2-4,single,1,1.5439724294168382,0.9591259231414297
BL6-B10BR_HTxA,AV8-1-CATDPSGSWQLIF-AJ22_BV13-1-CASSLGGYEQYF-BJ2-7,single,1,0.22317996646090427,0.06942115559330193
BL6-B10BR_HTxA,AV8-1-CATDSQGGRALIF-AJ15_BV3-CASSWTGVAEQFF-BJ2-1,single,2,1.0994086811718762,0.8310651806218079
BL6-B10BR_HTxA,AV8D-1-CATDSQGGRALIF-AJ15_BV3-CASSWTGVAEQFF-BJ2-1,single,4,1.6731356301248264,1.4173001241434289
BL6-B10BR_HTxA,AV8D-2-CAPNSGGNYKPTF-AJ6_BV16-CASRQSQNTLYF-BJ2-4,single,1,0.9182958340544896,0.84799690655495
BL6-B10BR_HTxA,AV8D-2-CATDDSGYNKLTF-AJ11_BV3-CASSLLTEYEQYF-BJ2-7,single,1,0.6998428398862386,0.3959286763311392
BL6-B10BR_HTxA,AV8D-2-CATDESGYNKLTF-AJ11_BV13-2-CASGDRGGAETLYF-BJ2-3,single,1,1.584962500721156,1.5849625007211563
BL6-B10BR_HTxA,AV8D-2-CATDNYAQGLTF-AJ26_BV1-CTCSADRATEVFF-BJ1-1,single,1,0.7732283485249176,0.45836493094294434
BL6-B10BR_HTxA,AV8D-2-CATDNYAQGLTF-AJ26_BV13-1-CASMGANTEVFF-BJ1-1,single,1,0.6394571324851641,0.4574570368597038
BL6-B10BR_HTxA,AV8D-2-CATDNYAQGLTF-AJ26_BV13-1-CASSDPGREQYF-BJ2-7,single,1,0.9303532192449844,0.6095921672298712
BL6-B10BR_HTxA,AV8D-2-CATDNYAQGLTF-AJ26_BV13-2-CASGDAWGQAGNTLYF-BJ1-3,single,1,0.09408443883267345,0.034760310362500796
BL6-B10BR_HTxA,AV8D-2-CATDNYAQGLTF-AJ26_BV26-CASSLAGGGYEQYF-BJ2-7,single,1,1.5,1.415037499278844
BL6-B10BR_HTxA,AV8D-2-CATDNYAQGLTF-AJ26_BV3-CASMGANTEVFF-BJ1-1,single,1,0.9664516287472262,0.6505191309321671
BL6-B10BR_HTxA,AV8D-2-CATDNYAQGLTF-AJ26_BV3-CASSLAREYEQYF-BJ2-7,single,11,0.8856336176576002,0.5972510132096877
BL6-B10BR_HTxA,AV8D-2-CATDYSNNRLTL-AJ7_BV13-1-CASSDPGREQYF-BJ2-7,single,1,1.0490877801798992,0.7498090803513313
BL6-B10BR_HTxA,AV8D-2-CATDYSNNRLTL-AJ7_BV3-CASSLRDSSYEQYF-BJ2-7,single,2,0.36973685703660064,0.2217619272746868
BL6-B10BR_HTxA,AV8D-2-CATGGTNAYKVIF-AJ30_BV31-CAWDWGDEQYF-BJ2-7,single,1,1.9182958340544893,1.84799690655495
BL6-B10BR_HTxA,AV8N-2-CATDSQGGRALIF-AJ15_BV3-CASSLEGAGAETLYF-BJ2-3,single,1,2.586887840995814,2.4470052279374794
BL6-B10BR_HTxA,AV8N-2-CATSNMGYKLTF-AJ9_BV13-3-CASSDRDTEVFF-BJ1-1,single,1,1.0,1.0
BL6-B10BR_HTxA,AV8N-2-CATVYQGGRALIF-AJ15_BV13-3-CASSDVQNTLYF-BJ2-4,single,1,0.6793652793002187,0.3323554663377006
BL6-B10BR_HTxA,AV8N-2-CATVYQGGRALIF-AJ15_BV4-CASSLNTLYF-BJ2-4,single,1,1.0178015074140134,0.6431662901644363
BL6-B10BR_HTxA,AV8N-2-CATYQGGRALIF-AJ15_BV1-CTCSADGIYEQYF-BJ2-7,single,1,2.725480556997868,2.6394102847435326
BL6-B10BR_HTxA,AV9-2-CVLNTGYQNFYF-AJ49_BV13-1-CASMGANTEVFF-BJ1-1,single,1,0.0,0.0
BL6-B10BR_HTxA,AV9-2-CVLNTGYQNFYF-AJ49_BV13-1-CASSDPGREQYF-BJ2-7,single,68,0.9273700722789079,0.7030761003543836
BL6-B10BR_HTxA,AV9-2-CVLNTGYQNFYF-AJ49_BV17-CASSRGQGAETLYF-BJ2-3,single,1,0.9132829641650988,0.6193380803221713
BL6-B10BR_HTxA,AV9-2-CVLNTGYQNFYF-AJ49_BV31-CAWSPGQQAPLF-BJ1-5,single,1,0.3227569588973982,0.16930113330680058
BL6-B10BR_HTxA,AV9-2-CVLRDDTNAYKVIF-AJ30_BV3-CASSLVRVDTQYF-BJ2-5,single,2,0.36096404744368116,0.27819667426219247
BL6-B10BR_HTxA,AV9-2-CVLSALDVGDNSKLIW-AJ38_BV13-1-CASSRDNYAEQFF-BJ2-1,single,1,0.0,0.0
BL6-B10BR_HTxA,AV9-2-CVLSASNYNVLYF-AJ21_BV19-CASSIGVEQYF-BJ2-7,single,1,0.5916727785823275,0.4052564784862585
BL6-B10BR_HTxA,AV9-2-CVLSATYAQGLTF-AJ26_BV29-CASRQGSNERLFF-BJ1-4,single,2,2.7829819449478492,2.5984085314720637
BL6-B10BR_HTxA,AV9-2-CVLSNNAGAKLTF-AJ39_BV16-CASSQGAYEQYF-BJ2-7,single,1,1.7527152789797047,1.5849625007211563
BL6-B10BR_HTxA,AV9-4-CAVSMDYANKMIF-AJ47_BV3-CASSLGTGYEQYF-BJ2-7,single,1,0.0,0.0
BL6-B10BR_HTxA,AV9-4-CAVSVDYANKIIF-AJ47_BV13-2-CASGDSGPNTLYF-BJ2-4,single,1,1.6457113704075783,1.4606801648345562
BL6-B10BR_HTxA,AV9-4-CAVSVDYANKMIF-AJ47_BV1-CTCSADWGNYAEQFF-BJ2-1,single,1,0.8141704061079268,0.3929354390544806
BL6-B10BR_HTxA,AV9-4-CAVSVDYANKMIF-AJ47_BV13-1-CASMGANTEVFF-BJ1-1,single,1,0.4804334574529622,0.23775447439233294
BL6-B10BR_HTxA,AV9-4-CAVSVDYANKMIF-AJ47_BV13-1-CASSDPGREQYF-BJ2-7,single,1,0.3372900666170139,0.1798210375848123
BL6-B10BR_HTxA,AV9-4-CAVSVDYANKMIF-AJ47_BV13-3-CASSDVQNTLYF-BJ2-4,single,1,1.2207289021060088,0.8598223419517398
BL6-B10BR_HTxA,AV9-4-CAVSVDYANKMIF-AJ47_BV26-CASKGWGSSYEQYF-BJ2-7,single,1,1.0,1.0
BL6-B10BR_HTxA,AV9-4-CAVSVDYANKMIF-AJ47_BV3-CASSLGTGYEQYF-BJ2-7,single,30,0.5257321270704891,0.3264303160672478
BL6-B10BR_HTxA,AV9-4-CAVTGVVF-AJ34_BV13-2-CASGDGYEQYF-BJ2-7,single,1,1.2516291673878228,1.0
BL6-B10BR_HTxA,AV9D-3-CAADYGSSGNKLIF-AJ32_BV13-3-CASSDRGAETLYF-BJ2-3,single,1,1.3567796494470397,0.9434164716336328
BL6-B10BR_HTxA,AV9D-3-CASSNTNKVVF-AJ34_BV4-CASSLRQGQDTQYF-BJ2-5,single,1,0.0,0.0
BL6-B10BR_HTxA,AV9D-3-CATDSQGGRALIF-AJ15_BV13-2-CASGEGAQNTLYF-BJ2-4,single,1,1.8128876215181604,1.5563933485243853
BL6-B10BR_HTxA,AV9D-3-CAVSILGSALGRLHF-AJ18_BV16-CASSGQENTLYF-BJ2-4,single,1,0.8112781244591328,0.6780719051126377
BL6-B10BR_HTxA,AV10-CAASTDYANKMIF-AJ47_BV3-CASSLAHSYEQYF-BJ2-7,dual,6,0.43287667793577606,0.22535080715664815
BL6-B10BR_HTxA,AV11-CVVGTGKLTF-AJ27_BV13-2-CASGDAWGQAGNTLYF-BJ1-3,dual,4,0.1276870379219914,0.0495154243275867
BL6-B10BR_HTxA,AV11-CVVGVNYGSSGNKLIF-AJ32_BV26-CASKGWGSSYEQYF-BJ2-7,dual,4,1.1407871879196865,0.964005975139023
BL6-B10BR_HTxA,AV13-2-CAIEHNYAQGLTF-AJ26_BV13-3-CASSDRGEQYF-BJ2-7,dual,4,0.6608270359494854,0.349874610756843
BL6-B10BR_HTxA,AV16-CAMRKEGADRLTF-AJ45_BV13-1-CASSDNYEQYF-BJ2-7,dual,6,0.22124023361468081,0.08967661828305477
BL6-B10BR_HTxA,AV16/DV11-CAMREGTNAYKVIF-AJ30_BV13-2-CASGDAWGQAGNTLYF-BJ1-3,dual,5,0.29524809637531446,0.1289204272792067
BL6-B10BR_HTxB,AV1-CAVIGTGGYKVVF-AJ12_BV1-CTCSGTGVNTEVFF-BJ1-1,single,5,0.7933063916437618,0.386084710256554
BL6-B10BR_HTxB,AV1-CAVIGTGGYKVVF-AJ12_BV13-3-CASSDPGEDQAPLF-BJ1-5,single,1,1.3244602933016414,0.9556058806415466
BL6-B10BR_HTxB,AV1-CAVRASSNTNKVVF-AJ34_BV5-CASSQDWTGNSPLYF-BJ1-6,single,1,1.0,1.0
BL6-B10BR_HTxB,AV1-CAVRDENYAQGLTF-AJ26_BV1-CTCSAGRANSDYTF-BJ1-2,single,1,0.2761954276479391,0.1371764191026003
BL6-B10BR_HTxB,AV1-CAVRDLENNYAQGLTF-AJ26_BV30-CSSSWGQDTQYF-BJ2-5,single,1,2.5443377940656453,2.2061225818599364
BL6-B10BR_HTxB,AV1-CAVRDNYAQGLTF-AJ26_BV1-CTCSAVRAGNTLYF-BJ1-3,single,1,1.3372449392958772,0.8305191097019952
BL6-B10BR_HTxB,AV1-CAVRDNYAQGLTF-AJ26_BV1-CTCSAVRISNERLFF-BJ1-4,single,1,0.20201239984992533,0.0709097274298468
BL6-B10BR_HTxB,AV1-CAVRDRTGNTGKLIF-AJ37_BV13-2-CASSDPGEDQAPLF-BJ1-5,single,1,1.1065928551583468,0.6311508577251452
BL6-B10BR_HTxB,AV1-CAVRDRTGNTGKLIF-AJ37_BV13-3-CASSDLGGQNTLYF-BJ2-4,single,1,0.3013786435930858,0.1542539478055717
BL6-B10BR_HTxB,AV1-CAVRDRTGNTGKLIF-AJ37_BV14-CASSDRYEQYF-BJ2-7,single,1,1.4160582605379064,1.0129313238706195
BL6-B10BR_HTxB,AV1-CAVRDRTGNTGKLIF-AJ37_BV14-CASTDRGEQYF-BJ2-7,single,1,1.3363816313106462,0.8462905846045473
BL6-B10BR_HTxB,AV1-CAVRDRTGNTGKLIF-AJ37_BV2-CASSQDRRGDTQYF-BJ2-5,single,1,2.660129752633257,2.3420356683359373
BL6-B10BR_HTxB,AV1-CAVRDRTGNTGKLIF-AJ37_BV3-CASSIRDSSYEQYF-BJ2-7,single,1,1.0,1.0
BL6-B10BR_HTxB,AV1-CAVRDRTGNTGKLIF-AJ37_BV4-CASSSPYEQYF-BJ2-7,single,1,1.297462589305588,0.8432355324612247
BL6-B10BR_HTxB,AV1-CAVRGGQGGRALI-AJ15_BV1-CTCSASGGTLYF-BJ2-4,single,1,2.1556390622295662,2.0
BL6-B10BR_HTxB,AV1-CAVRGGQGGRALIF-AJ15_BV1-CTCSAVRVQNTLYF-BJ2-4,single,1,1.2448872029137064,0.6445084429433847
BL6-B10BR_HTxB,AV1-CAVRGGQGGRALIF-AJ15_BV13-1-CASSETGVTGQLYF-BJ2-2,single,3,1.4443194441543665,1.0822601741057698
BL6-B10BR_HTxB,AV1-CAVRGTQVVGQLTF-AJ5_BV1-CTCSAVRVDEQYF-BJ2-7,single,1,1.1062071801640168,0.5620151580380722
BL6-B10BR_HTxB,AV1-CAVRGTQVVGQLTF-AJ5_BV13-2-CASGDGGSDYTF-BJ1-2,single,1,1.4591479170272448,1.3625700793847082
BL6-B10BR_HTxB,AV10-CAAASNTNKVVF-AJ34_BV17-CASRSRDIYNSPLYF-BJ1-6,single,1,2.74771279763467,2.567989422117442
BL6-B10BR_HTxB,AV10-CAAASSSFSKLVF-AJ50_BV16-CASSLRTGGASAETLYF-BJ2-3,single,1,1.584962500721156,1.5849625007211563
BL6-B10BR_HTxB,AV10-CAADTGYQNFYF-AJ49_BV31-CAWSLRGYEQYF-BJ2-7,single,1,1.1479204506788934,0.6732154636378431
BL6-B10BR_HTxB,AV10-CAADVGDNSKLIW-AJ38_BV5-CASSHNWGGGTGQLYF-BJ2-2,single,1,2.113283334294875,1.9475325801058645
BL6-B10BR_HTxB,AV10-CAANSGTYQRF-AJ13_BV19-CASSMERGRAEQFF-BJ2-1,single,1,3.1998672509048607,2.990015911427378
BL6-B10BR_HTxB,AV10-CAANSNNRIFF-AJ31_BV13-2-CASGDGLGDYEQYF-BJ2-7,single,1,2.48345859334435,2.192645077942396
BL6-B10BR_HTxB,AV10-CAANSNNRIFF-AJ31_BV5-CASSPNWGGDDTQYF-BJ2-5,single,1,1.5219280948873621,1.473931188332412
BL6-B10BR_HTxB,AV10-CAANSNYQLIW-AJ33_BV3-CASSWTGGDTQYF-BJ2-5,single,1,0.8909980754094381,0.47657319373245927
BL6-B10BR_HTxB,AV10-CAANTGYQNFYF-AJ49_BV2-CASSQVQGDTEVFF-BJ1-1,single,1,1.5,1.415037499278844
BL6-B10BR_HTxB,AV10-CAARGASSFSKLVF-AJ50_BV5-CASSQDEEVFF-BJ1-1,single,1,1.9219280948873623,1.8365012677171204
BL6-B10BR_HTxB,AV10-CAASEDSNYQLIW-AJ33_BV26-CASSPTGGNSGNTLYF-BJ1-3,single,1,0.24229218908241482,0.11528487090396687
BL6-B10BR_HTxB,AV10-CAASGTGGYKVVF-AJ12_BV14-CASRDRYEQYF-BJ2-7,single,1,1.584962500721156,1.5849625007211563
BL6-B10BR_HTxB,AV10-CAASIGSNYQLIW-AJ33_BV31-CAWSQDNTGQLYF-BJ2-2,single,1,1.4591479170272446,1.3625700793847082
BL6-B10BR_HTxB,AV10-CAASKYGSSGNKLIF-AJ32_BV4-CASSFYQDTQYF-BJ2-5,single,1,0.3574288901404681,0.15798719759499463
BL6-B10BR_HTxB,AV10-CAASLDTNAYEI-AJ30_BV13-2-CASGTGGQNTLYF-BJ2-4,single,1,1.163337679081795,0.7078726826458792
BL6-B10BR_HTxB,AV10-CAASLDTNAYKVIF-AJ30_BV13-1-CASSDRGQYEQYF-BJ2-7,single,1,2.5230741894285695,2.2990276927772837
BL6-B10BR_HTxB,AV10-CAASMDTGYQNFYF-AJ49_BV13-1-CASSDTGQLYF-BJ2-2,single,1,1.2519674392648255,0.877023082705348
BL6-B10BR_HTxB,AV10-CAASMDYANKMIF-AJ47_BV1-CTCSADRGVYAEQYF-BJ2-1,single,1,1.0219280948873624,0.6104331882372741
BL6-B10BR_HTxB,AV10-CAASMDYANKMIF-AJ47_BV13-1-CASSDARVGEQYF-BJ2-7,single,1,0.5868884155324554,0.2901960566111766
BL6-B10BR_HTxB,AV10-CAASMDYANKMIF-AJ47_BV13-1-CASSDGQFQDTQYF-BJ2-5,single,1,0.3227569588973982,0.16930113330680058
BL6-B10BR_HTxB,AV10-CAASMDYANKMIF-AJ47_BV13-2-CASGGANERLFF-BJ1-4,single,1,0.15935006268563445,0.0670770412456533
BL6-B10BR_HTxB,AV10-CAASMDYANKMIF-AJ47_BV14-CASTDRGEQYF-BJ2-7,single,1,1.8896417858536698,1.3776244251069976
BL6-B10BR_HTxB,AV10-CAASMDYANKMIF-AJ47_BV17-CASSRGQGYTGQLYF-BJ2-2,single,2,1.9552996335577533,1.4174341563540676
BL6-B10BR_HTxB,AV10-CAASMDYANKMIF-AJ47_BV3-CAGSLGQISNERLFF-BJ1-4,single,1,1.192250860234642,0.8023680693878461
BL6-B10BR_HTxB,AV10-CAASMDYANKMIF-AJ47_BV3-CASSFTGGYAEQFF-BJ2-1,single,1,0.8661411841547285,0.38965218085893016
BL6-B10BR_HTxB,AV10-CAASMDYANKMIF-AJ47_BV3-CASSPGQISNERLFF-BJ1-4,single,1,1.0862293462325945,0.6677455450427633
BL6-B10BR_HTxB,AV10-CAASMDYAYKMIF-AJ47_BV13-2-CASGGTYEQYF-BJ2-7,single,1,0.0,0.0
BL6-B10BR_HTxB,AV10-CAASMDYNQGKLIF-AJ23_BV3-CASSLDWGGSYEQYF-BJ2-7,single,2,2.5380377553782534,2.418652914048347
BL6-B10BR_HTxB,AV10-CAASMDYNQGKLIF-AJ23_BV3-CASSLGQISNERLLF-BJ1-4,single,1,1.4591479170272448,1.3625700793847082
BL6-B10BR_HTxB,AV10-CAASMGGSSGNKLIF-AJ32_BV19-CASSMGGNTEVFF-BJ1-1,single,1,2.25,2.192645077942396
BL6-B10BR_HTxB,AV10-CAASMHNAPRF-AJ43_BV15-CASSLKDSDYTF-BJ1-2,single,1,1.9219280948873623,1.8365012677171204
BL6-B10BR_HTxB,AV10-CAASMSYANKMIF-AJ47_BV19-CASSPGSTEVFF-BJ1-1,single,1,1.9219280948873623,1.8365012677171204
BL6-B10BR_HTxB,AV10-CAASMYQGKLIF-AJ23_BV13-2-CASGGPGGAQNTLYF-BJ2-4,single,1,1.9056390622295665,1.8300749985576876
BL6-B10BR_HTxB,AV10-CAASNNYAQGLTF-AJ26_BV13-1-CASSDWEDYAEQFF-BJ2-1,single,3,1.6098725041026214,1.3253819237616487
BL6-B10BR_HTxB,AV10-CAASNTEGADRLTF-AJ45_BV13-1-CASSGGAYEQYF-BJ2-7,single,1,0.514305253804125,0.22098598904377376
BL6-B10BR_HTxB,AV10-CAASNTGNYKYVF-AJ40_BV31-CAWAGAGQLYF-BJ2-2,single,1,1.584962500721156,1.5849625007211563
BL6-B10BR_HTxB,AV10-CAASNYGNEKITF-AJ48_BV5-CASSPTYSGNTLYF-BJ1-3,single,1,0.0,0.0
BL6-B10BR_HTxB,AV10-CAASPSGGSNAKLTF-AJ42_BV13-2-CASGDQGNSGNTLYF-BJ1-3,single,1,0.3130681974854588,0.10894049122824305
BL6-B10BR_HTxB,AV10-CAASPSSGSWQLIF-AJ22_BV4-CASSVQDTQYF-BJ2-5,single,1,0.7612332281259757,0.3462751183215122
BL6-B10BR_HTxB,AV10-CAASPYQGGRALIC-AJ15_BV17-CASSSGTGGSAETLYF-BJ2-3,single,1,0.9567657083663145,0.5525410230287784
BL6-B10BR_HTxB,AV10-CAASPYQGGRALIF-AJ15_BV13-2-CASGARTGENYAEQFF-BJ2-1,single,1,0.5435644431995964,0.3561438102252753
BL6-B10BR_HTxB,AV10-CAASPYQGGRALIF-AJ15_BV31-CAWSLGGSDYTF-BJ1-2,single,1,0.29956197752338876,0.11052466963081556
BL6-B10BR_HTxB,AV10-CAASPYQGGRALIF-AJ15_BV5-CASSQGTVRAEQFF-BJ2-1,single,1,1.022420703848328,0.7073201324176815
BL6-B10BR_HTxB,AV10-CAASQGGRALIF-AJ15_BV13-2-CASGARTGENYAEQFF-BJ2-1,single,1,2.263809173883546,2.0297473433940523
BL6-B10BR_HTxB,AV10-CAASRTGNYKYVF-AJ40_BV5-CASSQDRLGEYEQYF-BJ2-7,single,1,0.0,0.0
BL6-B10BR_HTxB,AV10-CAASRTGNYKYVF-AJ40_BV5-CASSQGNYAEQFF-BJ2-1,single,1,1.0,1.0
BL6-B10BR_HTxB,AV10-CAASSNNRIFF-AJ31_BV3-CASSLGQGYEQYF-BJ2-7,single,1,2.1739731346044096,1.6357668713926474
BL6-B10BR_HTxB,AV10-CAASSNYNVLYF-AJ21_BV3-CASSLDWGGYEQYF-BJ2-7,single,1,2.6793743705131985,2.4270101409449203
BL6-B10BR_HTxB,AV10-CAASWDYNQGKLIF-AJ23_BV3-CASSLGGSYEQYF-BJ2-7,single,1,2.768752209369383,2.5909117670523427
BL6-B10BR_HTxB,AV10-CAVDSGYNKLTF-AJ11_BV13-1-CASSMGNSDYTF-BJ1-2,single,1,1.1488348542809166,0.8598223419517396
BL6-B10BR_HTxB,AV10D-CAARDYANKMIF-AJ47_BV1-CTCSAGRYAEQFF-BJ2-1,single,1,0.8683927290103626,0.5570565041512717
BL6-B10BR_HTxB,AV10D-CAASMDYANKMIF-AJ47_BV1-CTCSAAGGEQYF-BJ2-7,single,1,1.2981999833453044,0.8148118773470454
BL6-B10BR_HTxB,AV10D-CAASMDYANKMIF-AJ47_BV1-CTCSALGGDTLYF-BJ2-4,single,1,1.7709505944546686,1.3219280948873622
BL6-B10BR_HTxB,AV10D-CAASMDYANKMIF-AJ47_BV13-2-CASGAGGQNTLYF-BJ2-4,single,1,0.6522204825493042,0.29784003905087475
BL6-B10BR_HTxB,AV10D-CAASMDYANKMIF-AJ47_BV16-CASSLVRDRSYNYAEQFF-BJ2-1,single,1,0.8683927290103626,0.5570565041512717
BL6-B10BR_HTxB,AV10D-CAASMDYANKMIF-AJ47_BV17-CASSDRGEQYF-BJ2-7,single,1,1.670289857194976,1.2840024012975968
BL6-B10BR_HTxB,AV10D-CAASMDYANKMIF-AJ47_BV3-CASSLGQISNERLFF-BJ1-4,single,1,0.6227333613277222,0.3022726852739893
BL6-B10BR_HTxB,AV10D-CAASMDYANKMIF-AJ47_BV3-CASSLGTGYEQYF-BJ2-7,single,57,0.7707600979149054,0.400491663299563
BL6-B10BR_HTxB,AV10D-CAASMDYANKMIF-AJ47_BV3-CASSPGQISNERLFF-BJ1-4,single,1,0.7250616964440803,0.31895039508746703
BL6-B10BR_HTxB,AV10D-CAASPYQGGRALIF-AJ15_BV13-1-CASSDVGSDYTF-BJ1-2,single,1,1.811278124459133,1.6780719051126376
BL6-B10BR_HTxB,AV10D-CAASRGYQNFYF-AJ49_BV19-CASSPQGKYAEQFF-BJ2-1,single,1,0.0,0.0
BL6-B10BR_HTxB,AV10D-CAASSNYNVLYF-AJ21_BV1-CTCSAVGANTEVFF-BJ1-1,single,1,1.5902931704200303,1.2764417522663463
BL6-B10BR_HTxB,AV10D-CAASSNYNVLYF-AJ21_BV13-2-CASGDRANSDYTF-BJ1-2,single,1,1.1385936501543064,1.0570768417720595
BL6-B10BR_HTxB,AV10D-CAASSNYNVLYF-AJ21_BV3-CASSLDWGGYEQYF-BJ2-7,single,1,0.420026001688088,0.19539568895843065
BL6-B10BR_HTxB,AV10D-CAASTDYANKMIF-AJ47_BV13-2-CASGAGGQNTSYF-BJ2-4,single,1,2.1279868068776753,1.8162880468276117
BL6-B10BR_HTxB,AV10N-CAADQGGRALIF-AJ15_BV1-CTCSAGTGVSAETLYF-BJ2-3,single,1,2.4164997849817103,2.06640122572251
BL6-B10BR_HTxB,AV10N-CAAEDRGSALGRLHF-AJ18_BV2-CASSQDRRGGEQYF-BJ2-7,single,1,1.949137865273585,1.4818690077570524
BL6-B10BR_HTxB,AV10N-CAAGTGGYKVVF-AJ12_BV13-2-CASGDATGGDERLFF-BJ1-4,single,1,0.0,0.0
BL6-B10BR_HTxB,AV10N-CAARRTGNYKYVF-AJ40_BV19-CASSMQGETLYF-BJ2-3,single,1,1.0,1.0
BL6-B10BR_HTxB,AV10N-CAARTGGYKVVF-AJ12_BV29-CASSYSNQDTQYF-BJ2-5,single,1,1.9219280948873623,1.8365012677171204
BL6-B10BR_HTxB,AV10N-CAASDTNAYKVIF-AJ30_BV1-CTCSASGGDSDYTF-BJ1-2,single,2,2.450054041546664,2.333361736272047
BL6-B10BR_HTxB,AV10N-CAASGNMGYKLTF-AJ9_BV13-1-CASSDWGGQDTQYF-BJ2-5,single,1,2.506144066853198,2.126423362805726
BL6-B10BR_HTxB,AV10N-CAASLDSNYQLIW-AJ33_BV19-CASSSSGTTNQAPLF-BJ1-5,single,11,1.0103771870988565,0.6164117383731567
BL6-B10BR_HTxB,AV10N-CAASLDSNYQLIW-AJ33_BV3-CASSLGFQDTQYF-BJ2-5,single,1,0.6965655084432522,0.3882348671313388
BL6-B10BR_HTxB,AV10N-CAASMDTGYQNFYF-AJ49_BV13-1-CASSGVAEQFF-BJ2-1,single,4,1.0669851345209644,0.6658108497367898
BL6-B10BR_HTxB,AV10N-CAASMDTGYQNFYF-AJ49_BV19-CASSIGRTGREVFF-BJ1-1,single,1,1.584962500721156,1.5849625007211563
BL6-B10BR_HTxB,AV10N-CAASMDYANKMIF-AJ47_BV3-CASSFTGGYAEQFF-BJ2-1,single,2,1.190124262054217,0.74433731618634
BL6-B10BR_HTxB,AV10N-CAASMGSNYNVLYF-AJ21_BV13-2-CASGDIQKDTQYF-BJ2-5,single,1,1.0389205950315936,0.6141088463806724
BL6-B10BR_HTxB,AV10N-CAASNGNYNQGKLIF-AJ23_BV14-CASSLVQYAEQFF-BJ2-1,single,1,2.6464393446710157,2.4739311883324118
BL6-B10BR_HTxB,AV10N-CAASQGGRALIF-AJ15_BV1-CTCSADGGARAETLYF-BJ2-3,single,1,2.0419460322060456,1.883043853654151
BL6-B10BR_HTxB,AV10N-CAASRADTGYQNFYF-AJ49_BV2-CASSQENSPLYF-BJ1-6,single,1,2.745737523358413,2.3846638502353246
BL6-B10BR_HTxB,AV10N-CAASRADTGYQNFYF-AJ49_BV4-CASSWDWGVSAETLYF-BJ2-3,single,1,2.5136459293583706,2.4470052279374794
BL6-B10BR_HTxB,AV10N-CAASRASGSWQLIF-AJ22_BV16-CASSLTGEGNTLYF-BJ1-3,single,1,1.4466166676282082,1.0544477840223765
BL6-B10BR_HTxB,AV10N-CAASRYQGGRALIF-AJ15_BV29-CASSFGNSYNSPLYF-BJ1-6,single,1,0.0,0.0
BL6-B10BR_HTxB,AV10N-CAASSTGGYKVVF-AJ12_BV13-2-CASGEAGGVNYAEQFF-BJ2-1,single,3,1.218303955172837,0.8052790763418876
BL6-B10BR_HTxB,AV10N-CAASTDYNQGKLIF-AJ23_BV3-CASSSGLGYEQYF-BJ2-7,single,5,0.9171270589464384,0.4988549354646235
BL6-B10BR_HTxB,AV10N-CAAYQGGRALIF-AJ15_BV15-CASSFRGREQYF-BJ2-7,single,2,1.2365606853927453,0.7896370967678866
BL6-B10BR_HTxB,AV10N-CASSGSFNKLTF-AJ4_BV26-CASSPTGWGNTLYF-BJ1-3,single,1,2.6752046816209214,2.211425094539463
BL6-B10BR_HTxB,AV11-CVVGAQTGFASALTF-AJ35_BV13-2-CASGDPDQNTLYF-BJ2-4,single,1,0.10772963929873233,0.030181814053423184
BL6-B10BR_HTxB,AV11-CVVGAYGSSGNKLIF-AJ32_BV1-CTCSAVLGGGDTQYF-BJ2-5,single,1,2.440223928941852,2.321928094887362
BL6-B10BR_HTxB,AV11-CVVGAYGSSGNKLIF-AJ32_BV13-2-CASGDGLGDYEQYF-BJ2-7,single,1,1.1756294312117073,0.5717980415227085
BL6-B10BR_HTxB,AV11-CVVGDRGSALGRLH-AJ18_BV13-2-CASGDGRGRNSDYTF-BJ1-2,single,1,0.0,0.0
BL6-B10BR_HTxB,AV11-CVVGDRGSALGRLHF-AJ18_BV13-2-CASGDALGGSQNTLYF-BJ2-4,single,1,1.0,1.0
BL6-B10BR_HTxB,AV11-CVVGDRGSALGRLHF-AJ18_BV15-CASSYWGDYAEQFF-BJ2-1,single,1,1.5,1.415037499278844
BL6-B10BR_HTxB,AV12-1-CAHASSGSWQLIF-AJ22_BV1-CTCSGTKYNSPLYF-BJ1-6,single,1,0.2580186686648155,0.12528297503953556
BL6-B10BR_HTxB,AV12-1-CALDNMGYKL-AJ9_BV1-CTCSAVRVDEQYF-BJ2-7,single,1,0.7195563653739032,0.359934417467107
BL6-B10BR_HTxB,AV12-1-CALIAFSGSWQLIF-AJ22_BV17-CASSRGQGYTGQLYF-BJ2-2,single,1,0.7642045065086203,0.6119295483214255
BL6-B10BR_HTxB,AV12-1-CALMDQGGSAKLIF-AJ57_BV4-CASSWGGYAEQFF-BJ2-1,single,1,1.4591479170272448,1.3625700793847082
BL6-B10BR_HTxB,AV12-1-CALNNAGAKLTF-AJ39_BV1-CTCSAVRISNERLFF-BJ1-4,single,1,0.0,0.0
BL6-B10BR_HTxB,AV12-1-CALNNAGAKLTF-AJ39_BV13-3-CASSTNSDYTF-BJ1-2,single,1,1.4591479170272446,1.3625700793847082
BL6-B10BR_HTxB,AV12-1-CALNNAGAKLTF-AJ39_BV19-CASSTGVNYAEQFF-BJ2-1,single,3,0.7773967923952064,0.5450280898632321
BL6-B10BR_HTxB,AV12-1-CALNNNNAPRF-AJ43_BV1-CTCSADRGVYAEQFF-BJ2-1,single,1,1.0118920306556365,0.49688163276167907
BL6-B10BR_HTxB,AV12-1-CALNNNNAPRF-AJ43_BV13-2-CASGAGGQNTLYF-BJ2-4,single,1,0.6685644431995964,0.37064337992039037
BL6-B10BR_HTxB,AV12-1-CALNSNYQLIW-AJ33_BV4-CASSYWGNYAEQFF-BJ2-1,single,1,1.9600115303896288,1.5008982359326815
BL6-B10BR_HTxB,AV12-1-CALRNYAQGLTF-AJ26_BV13-3-CASSDGPNYTEQFF-BJ2-1,single,1,1.584962500721156,1.5849625007211563
BL6-B10BR_HTxB,AV12-1-CALRPYGNEKITF-AJ48_BV13-1-CASSYNQDTQYF-BJ2-5,single,1,1.584962500721156,1.5849625007211563
BL6-B10BR_HTxB,AV12-1-CALRTMATGGNNKLTF-AJ56_BV1-CTCSAVRVDTEVFF-BJ1-1,single,1,1.5566567074628228,1.527247002864869
BL6-B10BR_HTxB,AV12-1-CALRTSSGQKLVF-AJ16_BV13-1-CASSDQGTEVFF-BJ1-1,single,1,2.1556390622295662,2.0
BL6-B10BR_HTxB,AV12-1-CALRTSSGQKLVF-AJ16_BV13-2-CASGDPNYAEQFF-BJ2-1,single,1,1.4591479170272448,1.3625700793847082
BL6-B10BR_HTxB,AV12-1-CALRVNYGSSGNKLIF-AJ32_BV4-CASSQTRQNTLYF-BJ2-4,single,2,1.767945619337489,1.512380245362147
BL6-B10BR_HTxB,AV12-1-CALSASNTNKVVF-AJ34_BV14-CASTDRGEQYF-BJ2-7,single,1,1.5822404927432898,1.3034338312036557
BL6-B10BR_HTxB,AV12-1-CALSDDTNAYKVIF-AJ30_BV14-CASRDRYEQYF-BJ2-7,single,1,0.733118211364005,0.3164536599254757
BL6-B10BR_HTxB,AV12-1-CALSDHAGYQNFYF-AJ49_BV13-1-CASSDAGYERYF-BJ2-7,single,1,0.6563379917334218,0.2919880990890668
BL6-B10BR_HTxB,AV12-1-CALSDHGDSGGKLTL-AJ44_BV1-CTCSAVRISNERLFF-BJ1-4,single,1,0.9833557549816874,0.5117135186905171
BL6-B10BR_HTxB,AV12-1-CALSDHGGSGGKLTL-AJ44_BV1-CTCSAVRISNERLFF-BJ1-4,single,9,1.141651133800297,0.7289870663259315
BL6-B10BR_HTxB,AV12-1-CALSDLPGTGSNRLTF-AJ28_BV13-2-CASGEGTPNSDYTF-BJ1-2,single,1,1.5219280948873621,1.473931188332412
BL6-B10BR_HTxB,AV12-1-CALSDLTSGSWQLIF-AJ22_BV4-CASSWGGNAEQFF-BJ2-1,single,1,2.128085278891394,1.9142701259741162
BL6-B10BR_HTxB,AV12-1-CALSDMNYNQGKLIF-AJ23_BV3-CASSQTGSNTGQLYF-BJ2-2,single,2,2.2998111829955645,2.1529932755091705
BL6-B10BR_HTxB,AV12-1-CALSDNNNAPRF-AJ43_BV3-CASSLGRGYEQYF-BJ2-7,single,1,2.350209029099897,1.9475325801058643
BL6-B10BR_HTxB,AV12-1-CALSDQTGFASALTF-AJ35_BV13-1-CASSADRGQNTLYF-BJ2-4,single,1,1.3516292011348525,1.0987566805293478
BL6-B10BR_HTxB,AV12-1-CALSDQTGFASALTF-AJ35_BV13-1-CASSDAQGSNERLFF-BJ1-4,single,1,0.863120568566631,0.7567288489876361
BL6-B10BR_HTxB,AV12-1-CALSDRASSGSWQLIF-AJ22_BV13-3-CASSEGGGLYEQYF-BJ2-7,single,2,2.3009629978719457,1.8430282223049126
BL6-B10BR_HTxB,AV12-1-CALSDRPSGSWQLIF-AJ22_BV19-CASSPGLTQYF-BJ2-5,single,6,0.976246113016177,0.5947468309168996
BL6-B10BR_HTxB,AV12-1-CALSDRTNAYKVIF-AJ30_BV4-CASSWGGYAEQFF-BJ2-1,single,1,2.6717897106839215,2.4150374992788435
BL6-B10BR_HTxB,AV12-1-CALSDRTNAYKVN-AJ30_BV3-CASSTRDRAYEQYF-BJ2-7,single,1,0.8475846798245739,0.4540316308947077
BL6-B10BR_HTxB,AV12-1-CALSDTGANTGKLTF-AJ52_BV13-2-CASALTGGGTGQLYF-BJ2-2,single,1,0.8112781244591328,0.6780719051126377
BL6-B10BR_HTxB,AV12-1-CALSDTNAYKVIF-AJ30_BV1-CTCSAVRVDEQYF-BJ2-7,single,1,0.5916727785823275,0.4052564784862585
BL6-B10BR_HTxB,AV12-1-CALSDTNAYKVIF-AJ30_BV29-CASSSGGFNTEVFF-BJ1-1,single,1,0.2040460648923173,0.06766568280645363
BL6-B10BR_HTxB,AV12-1-CALSDTNKVVF-AJ34_BV3-CASSSGTGYEQYF-BJ2-7,single,1,3.400535904908823,3.2338367652625055
BL6-B10BR_HTxB,AV12-1-CALSDWGGRALIF-AJ15_BV13-2-CASGDARHAEQFF-BJ2-1,single,2,1.0742258486899847,0.6920215730843052
BL6-B10BR_HTxB,AV12-1-CALSETGNTGK-AJ37_BV1-CTCSAVRISNERLFF-BJ1-4,single,1,2.160964047443681,1.6896598793878492
BL6-B10BR_HTxB,AV12-1-CALSETGNTGKLIF-AJ37_BV13-2-CASGDAGGSYEQYF-BJ2-7,single,6,0.8354351525638054,0.5173650136376652
BL6-B10BR_HTxB,AV12-1-CALSFGNEKITF-AJ48_BV19-CASTLLGGYAEQFF-BJ2-1,single,1,0.4394969869215134,0.2606517545228
BL6-B10BR_HTxB,AV12-1-CALSGGSALGRLHF-AJ18_BV13-1-CASSGGSTEVFF-BJ1-1,single,1,0.9182958340544896,0.84799690655495
BL6-B10BR_HTxB,AV12-1-CALSGMNNNAGA-AJ39_BV1-CTCSALGGDTLYF-BJ2-4,single,1,0.9182958340544896,0.84799690655495
BL6-B10BR_HTxB,AV12-1-CALSGSGGSNAKL-AJ42_BV13-1-CASSHSYEQYF-BJ2-7,single,1,2.6062389286533896,2.456229186598953
BL6-B10BR_HTxB,AV12-1-CALSGSGGSNAKLTF-AJ42_BV13-2-CASGEGDTQYF-BJ2-5,single,1,1.158938532350277,0.9434164716336325
BL6-B10BR_HTxB,AV12-1-CALSIQQGTGSKLSF-AJ58_BV13-2-CASGDGQGDTEVFF-BJ1-1,single,1,1.9056390622295665,1.8300749985576876
BL6-B10BR_HTxB,AV12-1-CALSSGSFNKLTF-AJ4_BV1-CTCSADWGNYAEQFF-BJ2-1,single,1,0.4358752972536766,0.20640684856514657
BL6-B10BR_HTxB,AV12-1-CALSVSSNTNKVVF-AJ34_BV1-CTCSALGGDTLYF-BJ2-4,single,1,0.0,0.0
BL6-B10BR_HTxB,AV12-1-CALTSGGNYKPTF-AJ6_BV1-CTCSAVRISNERLFF-BJ1-4,single,1,2.0593802682607727,1.742318828660413
BL6-B10BR_HTxB,AV12-1-CALTSGGNYKPTF-AJ6_BV26-CASSLSTGGARDTQYF-BJ2-5,single,1,1.584962500721156,1.5849625007211563
BL6-B10BR_HTxB,AV12-1-CALWQGGRALIF-AJ15_BV29-CASSPGGSDYTF-BJ1-2,single,2,2.848476281548776,2.686439203000515
BL6-B10BR_HTxB,AV12-2-CAFNYGNEKITF-AJ48_BV13-2-CASGDPGGNTEVFF-BJ1-1,single,1,2.1279868068776753,1.816288046827612
BL6-B10BR_HTxB,AV12-2-CALGDHMGYKLTF-AJ9_BV1-CTCSAVRVSAETLYF-BJ2-3,single,1,0.15109697051711368,0.0627054533128877
BL6-B10BR_HTxB,AV12-2-CALNMQQGIGSKLSF-AJ58_BV1-CTCSAVRISNERLFF-BJ1-4,single,1,1.0384115826430849,0.6409866436269344
BL6-B10BR_HTxB,AV12-2-CALNSGGSNAKLTF-AJ42_BV1-CTCSAVWVSNERLFF-BJ1-4,single,1,2.007856063692049,1.8300749985576876
BL6-B10BR_HTxB,AV12-2-CALNTGNYKYVF-AJ40_BV13-3-CASSDPGEDQAPLF-BJ1-5,single,1,2.1482979411601573,1.6808175306509832
BL6-B10BR_HTxB,AV12-2-CALRFLSGGSNAKLTF-AJ42_BV13-1-CASSETGVTGQLYF-BJ2-2,single,1,1.3784188527203236,1.0559846097771712
BL6-B10BR_HTxB,AV12-2-CALRSNTGANTGKLTF-AJ52_BV1-CTCSVGTISNERLFF-BJ1-4,single,4,2.129304484709434,1.960997162759224
BL6-B10BR_HTxB,AV12-2-CALRVNNYAQ-AJ26_BV3-CASSSGQISNERLFF-BJ1-4,single,1,1.1451104143815827,0.7143789090989656
BL6-B10BR_HTxB,AV12-2-CALSANYNQGKLIF-AJ23_BV3-CASSLGQISNERLFF-BJ1-4,single,1,1.3567796494470397,0.9434164716336328
BL6-B10BR_HTxB,AV12-2-CALSATSSGQKLVF-AJ16_BV13-1-CASSDAGGQNTLYF-BJ2-4,single,1,1.6767370300521327,1.4925984825724967
BL6-B10BR_HTxB,AV12-2-CALSDDTNAYKVIF-AJ30_BV19-CASSPGANNQAPLF-BJ1-5,single,1,0.9219280948873623,0.599462070416271
BL6-B10BR_HTxB,AV12-2-CALSDDTNAYKVIF-AJ30_BV31-CAWSLPGGVNERLFF-BJ1-4,single,1,1.419035274338866,0.9434164716336331
BL6-B10BR_HTxB,AV12-2-CALSDGNYAQGLTF-AJ26_BV31-CAWNRDSNERLFF-BJ1-4,single,3,0.8594655168658516,0.7023496861274734
BL6-B10BR_HTxB,AV12-2-CALSDHNYAQG-AJ26_BV13-2-CASGGTYEQYF-BJ2-7,single,1,0.42350981076100436,0.2048122657590617
BL6-B10BR_HTxB,AV12-2-CALSDRGGRALIF-AJ15_BV12-2-CASSQGAETLYF-BJ2-3,single,1,2.665428731993502,2.4447848426728958
BL6-B10BR_HTxB,AV12-2-CALSDRTGNTGKLIF-AJ37_BV1-CTCSADWGNYAEQFF-BJ2-1,single,1,2.760666827231598,2.5558161550616396
BL6-B10BR_HTxB,AV12-2-CALSDSGGSNAKLTF-AJ42_BV1-CTCSAGLGEGAETLYF-BJ2-3,single,2,0.7128237851729449,0.5033473262870042
BL6-B10BR_HTxB,AV12-2-CALSDTNTGNYKY-AJ40_BV1-CTCSADRLGNTLYF-BJ1-3,single,1,1.3516441151533922,1.2105669859396582
BL6-B10BR_HTxB,AV12-2-CALSDTNTGNYKYVF-AJ40_BV14-CASSSEYF-BJ2-7,single,2,1.6446232142545791,1.5162107388461887
BL6-B10BR_HTxB,AV12-2-CALSDVGDNSKLIW-AJ38_BV1-CTCSADRVAETLYF-BJ2-3,single,1,2.6005602963278096,2.3625700793847084
BL6-B10BR_HTxB,AV12-2-CALSDVGDNSKLIW-AJ38_BV1-CTCSAVRAGNTLYF-BJ1-3,single,1,0.6153245640702174,0.30238251951012163
BL6-B10BR_HTxB,AV12-2-CALSDVGDNSKLIW-AJ38_BV17-CASSRLGSSYEQYF-BJ2-7,single,1,2.9349409025623054,2.564057205908088
BL6-B10BR_HTxB,AV12-2-CALSDYAQGLTF-AJ26_BV16-CASSLRTGDTEVFF-BJ1-1,single,1,1.1677780501752668,0.7536857569537156
BL6-B10BR_HTxB,AV12-2-CALSDYGSSGNKLIF-AJ32_BV13-1-CASSDLRGYEQYF-BJ2-7,single,1,2.3852130207431887,2.082462160191973
BL6-B10BR_HTxB,AV12-2-CALSETGNYKYVF-AJ40_BV13-2-CASGDRDSSYEQYF-BJ2-7,single,1,1.7743974703476992,1.4764380439429872
BL6-B10BR_HTxB,AV12-2-CALSGNTNKVVF-AJ34_BV1-CTCSAVRVSAETLYF-BJ2-3,single,16,1.359085367907236,0.9501201822755007
BL6-B10BR_HTxB,AV12-2-CALSGNTNKVVF-AJ34_BV13-2-CASGDAGGSYEQYF-BJ2-7,single,1,0.8769858001529282,0.39382830101436167
BL6-B10BR_HTxB,AV12-2-CALSGNTNKVVF-AJ34_BV3-CASSLGQISNERLFF-BJ1-4,single,1,1.2987949406953985,1.0931094043914815
BL6-B10BR_HTxB,AV12-2-CALSGPGSGGKLTL-AJ44_BV31-CAWSTDWGGAETLYF-BJ2-3,single,1,2.6612262562697895,2.542898441154612
BL6-B10BR_HTxB,AV12-2-CALSGTNKVVF-AJ34_BV14-CASSDRYEQYF-BJ2-7,single,1,2.3452064535803094,1.9411534201250638
BL6-B10BR_HTxB,AV12-2-CALSLSSGSWQLIF-AJ22_BV13-1-CASSDQGTEVFF-BJ1-1,single,11,1.3812987164158224,1.192088892059852
BL6-B10BR_HTxB,AV12-2-CALSMQQGTGSKLSF-AJ58_BV1-CTCSADWGNYAEQFF-BJ2-1,single,1,0.0,0.0
BL6-B10BR_HTxB,AV12-2-CALSMQQGTGSKLSF-AJ58_BV1-CTCSAVRISNERLFF-BJ1-4,single,59,1.0914301222355787,0.7965171544211666
BL6-B10BR_HTxB,AV12-2-CALSMQQGTGSKLSF-AJ58_BV13-1-CASSDWGDYEQYF-BJ2-7,single,1,2.7129848834682115,2.464512224059061
BL6-B10BR_HTxB,AV12-2-CALSMQQGTGSKLSF-AJ58_BV26-CASSLLSNNQAPLF-BJ1-5,single,1,1.5135255598801263,1.0887894574733696
BL6-B10BR_HTxB,AV12-2-CALSMQQGTGSKLSF-AJ58_BV3-CASSWGQISNERLSF-BJ1-4,single,1,1.5275070675902451,1.210566985939658
BL6-B10BR_HTxB,AV12-2-CALSNTGKLIF-AJ37_BV20-CGARVGTGITEVFF-BJ1-1,single,1,1.75,1.5405683813627027
BL6-B10BR_HTxB,AV12-2-CALSNTGYQNFYF-AJ49_BV13-2-CASGDAGADQAPLF-BJ1-5,single,1,1.9182958340544896,1.84799690655495
BL6-B10BR_HTxB,AV12-2-CALSPSNYGNEKITF-AJ48_BV1-CTCSAASAETLYF-BJ2-3,single,1,0.3363969571159562,0.146004352823607
BL6-B10BR_HTxB,AV12-2-CALSPSSGSWQLIF-AJ22_BV31-CADRGGAETLYF-BJ2-3,single,1,1.6023014200889887,1.3016631739387068
BL6-B10BR_HTxB,AV12-2-CALSPTGNYKYVF-AJ40_BV1-CTCSAVRISNERLFF-BJ1-4,single,1,1.3516441151533924,1.2105669859396582
BL6-B10BR_HTxB,AV12-2-CALSPTGNYKYVF-AJ40_BV13-2-CASGDRDSSYEQYF-BJ2-7,single,1,1.6729330318733675,1.1909427827113954
BL6-B10BR_HTxB,AV12-2-CALSPTGNYKYVF-AJ40_BV3-CASSLGQISNERLFF-BJ1-4,single,1,0.5417696585183915,0.20702139122710272
BL6-B10BR_HTxB,AV12-2-CALSVLMQQGTGSKLSF-AJ58_BV5-CASSPDWGSSYEQYF-BJ2-7,single,1,1.8062389286533895,1.7052567344388678
BL6-B10BR_HTxB,AV12-2-CALTASSGSWQLIF-AJ22_BV13-2-CASGDVGYEQYF-BJ2-7,single,1,1.0975378398419535,0.68163852013283
BL6-B10BR_HTxB,AV12-2-CALTEGADRLTF-AJ45_BV31-CAWSPTGGNYAEQFF-BJ2-1,single,1,2.531869256975175,2.3339007365534385
BL6-B10BR_HTxB,AV12-2-CALTGTGGYKVVF-AJ12_BV29-CASSLRGHEQYF-BJ2-7,single,1,1.9473387961875537,1.4150374992788437
BL6-B10BR_HTxB,AV12-2-CALTNTGNYKYVF-AJ40_BV13-3-CASRGQGANYAEQFF-BJ2-1,single,1,2.4464393446710155,2.321928094887362
BL6-B10BR_HTxB,AV12-2-CALTNTGNYKYVL-AJ40_BV1-CTCSADRFYEQYF-BJ2-7,single,1,1.3709505944546687,1.1844245711374273
BL6-B10BR_HTxB,AV12-2-CALTPDSNYQLIW-AJ33_BV13-1-CASSDTGAETLYF-BJ2-3,single,2,1.2585530560148366,0.9968058360187263
BL6-B10BR_HTxB,AV12-2-CALTSYGSSGNKLIF-AJ32_BV1-CTCSALSGGAREQYF-BJ2-7,single,1,0.8442141854913955,0.4576111830129283
BL6-B10BR_HTxB,AV12-2-CALTSYGSSGNKLIF-AJ32_BV13-3-CASSNRGVGNTLYF-BJ1-3,single,4,0.8468093065919551,0.508047675752281
BL6-B10BR_HTxB,AV12-2-CASSNTNKVVF-AJ34_BV14-CASSSGTGGTEVFF-BJ1-1,single,1,1.7169171866886992,1.3561438102252754
BL6-B10BR_HTxB,AV12-2-CATANYGNEKITF-AJ48_BV1-CTCSEGLGGGAETLYF-BJ2-3,single,2,0.5645690671865109,0.4720508373527955
BL6-B10BR_HTxB,AV12-2-CATANYGNEKITF-AJ48_BV12-2-CASSLEGADTEVFF-BJ1-1,single,1,0.0,0.0
BL6-B10BR_HTxB,AV12-2-CATANYGNEKITF-AJ48_BV20-CGARTGGGSDYTF-BJ1-2,single,1,0.7471723473990441,0.3649808497267946
BL6-B10BR_HTxB,AV12-3-CALISSSFSKLVF-AJ50_BV29-CASTPGQNYAEQFF-BJ2-1,single,1,2.25,2.192645077942396
BL6-B10BR_HTxB,AV12-3-CALNTNTGKLTF-AJ27_BV13-2-CASGAGGQNTLYF-BJ2-4,single,1,1.614218341086506,1.1247550310079468
BL6-B10BR_HTxB,AV12-3-CALRGSSGNKLIF-AJ32_BV19-CASSIVRYAEQFF-BJ2-1,single,1,1.0,1.0
BL6-B10BR_HTxB,AV12-3-CALRSNYQLIW-AJ33_BV29-CASSPGQGDTQYF-BJ2-5,single,1,2.808089051903623,2.5774757426591335
BL6-B10BR_HTxB,AV12-3-CALSASGSWQLIF-AJ22_BV13-1-CASSAWGDEQYF-BJ2-7,single,2,2.041811834481601,1.6762140344820473
BL6-B10BR_HTxB,AV12-3-CALSATGNYKYVF-AJ40_BV13-1-CASKDFNYAEQFF-BJ2-1,single,1,2.7192945256669794,2.6459919341187157
BL6-B10BR_HTxB,AV12-3-CALSDGSSGNKLIF-AJ32_BV12-2-CASSQGAGNTLYF-BJ1-3,single,1,0.0,0.0
BL6-B10BR_HTxB,AV12-3-CALSDHYNQGKLIF-AJ23_BV2-CASSQDISYEQYF-BJ2-7,single,1,2.1180782093497093,1.964666926887719
BL6-B10BR_HTxB,AV12-3-CALSDLDSNYQLIW-AJ33_BV14-CASSPGTGGEQYF-BJ2-7,single,1,0.6685644431995964,0.37064337992039037
BL6-B10BR_HTxB,AV12-3-CALSDLDYGSSGNKLIF-AJ32_BV17-CASSNWGGTGQLYF-BJ2-2,single,1,2.1996877947313282,2.1154772174199357
BL6-B10BR_HTxB,AV12-3-CALSDQAGGYKVVF-AJ12_BV5-CASSQVQGGYNSPLYF-BJ1-6,single,1,0.0,0.0
BL6-B10BR_HTxB,AV12-3-CALSEARGYKVVF-AJ12_BV3-CASSFSGGYEQYF-BJ2-7,single,1,0.8628106979687986,0.413713318331462
BL6-B10BR_HTxB,AV12-3-CALSGRNSNNRIFF-AJ31_BV1-CTCSAARVSVEFFF-BJ1-1,single,1,2.321928094887362,2.321928094887362
BL6-B10BR_HTxB,AV12-3-CALSGRNSNNRIFF-AJ31_BV26-CASAGTGANERLFF-BJ1-4,single,1,1.0,1.0
BL6-B10BR_HTxB,AV12-3-CALSQGGSAKLIF-AJ57_BV3-CANSAGQISTARLFF-BJ1-4,single,1,0.0,0.0
BL6-B10BR_HTxB,AV12-3-CALSSNTNKVVF-AJ34_BV13-2-CASGELNYAEQFF-BJ2-1,single,1,2.4857745289389097,2.2483564401721465
BL6-B10BR_HTxB,AV12-3-CALSSNYQLIW-AJ33_BV1-CTCSADWGGSSYEQYF-BJ2-7,single,1,1.8949645376549995,1.5969351423872322
BL6-B10BR_HTxB,AV12D-2-CAFLPNYSNNRLTL-AJ7_BV1-CTCSAVQYAEQFF-BJ2-1,single,2,0.9649192685477821,0.6182810972363014
BL6-B10BR_HTxB,AV12D-2-CALIASSGSWQLIF-AJ22_BV13-1-CASSDAGYEQYF-BJ2-7,single,4,1.153261080853243,0.7155634559718923
BL6-B10BR_HTxB,AV12D-2-CALIASSGSWQLIF-AJ22_BV14-CASSDRYEQYF-BJ2-7,single,1,1.6167435119258151,1.2863408013173743
BL6-B10BR_HTxB,AV12D-2-CALNQGGSAELIF-AJ57_BV1-CTCSADRGVYAEQFF-BJ2-1,single,1,1.4591479170272448,1.3625700793847082
BL6-B10BR_HTxB,AV12D-2-CALNQGGSAKHIF-AJ57_BV17-CASSRGQGYTGQLYF-BJ2-2,single,1,1.663133380937119,1.272882191790141
BL6-B10BR_HTxB,AV12D-2-CALNQGGSAKLIF-AJ57_BV1-CTCSADRVQNTLYF-BJ2-4,single,1,1.5487949406953985,1.1926450779423958
BL6-B10BR_HTxB,AV12D-2-CALNQGGSAKLIF-AJ57_BV1-CTCSADWGNYAEQFF-BJ2-1,single,49,1.3261299491779484,1.034955051742312
BL6-B10BR_HTxB,AV12D-2-CALNQGGSAKLIF-AJ57_BV1-CTCSADWGNYAEQLF-BJ2-1,single,1,0.5689955935892812,0.295128035543647
BL6-B10BR_HTxB,AV12D-2-CALNQGGSAKLIF-AJ57_BV1-CTCSAVGFAETLYF-BJ2-3,single,1,1.0045861866561625,0.4985538758428185
BL6-B10BR_HTxB,AV12D-2-CALNQGGSAKLIF-AJ57_BV13-2-CASGDGQGDTEVFF-BJ1-1,single,1,2.8610255892756142,2.62611817404034
BL6-B10BR_HTxB,AV12D-2-CALNQGGSAKLIF-AJ57_BV13-2-CASGDNYEQYF-BJ2-7,single,1,0.7412805706023056,0.3441809017344901
BL6-B10BR_HTxB,AV12D-2-CALNQGGSAKLIF-AJ57_BV19-CASSSSGTTNQAPLF-BJ1-5,single,1,0.7866295247252444,0.3352000438508101
BL6-B10BR_HTxB,AV12D-2-CALNQGGSAKLIF-AJ57_BV2-CASSQDRRGDTQYF-BJ2-5,single,1,0.48217919020227284,0.23514432874529573
BL6-B10BR_HTxB,AV12D-2-CALNQGGSAKLIF-AJ57_BV20-CGARPGGNEQYF-BJ2-7,single,1,0.4689955935892812,0.2863041851566409
BL6-B10BR_HTxB,AV12D-2-CALNQGGSAKLIL-AJ57_BV1-CTCSADWGNYAEQFF-BJ2-1,single,1,1.5,1.415037499278844
BL6-B10BR_HTxB,AV12D-2-CALNQGGSAKLTF-AJ57_BV1-CTCSADWGNYAEQFF-BJ2-1,single,1,0.988180837004676,0.5800637013083167
BL6-B10BR_HTxB,AV12D-2-CALNSGTYQRF-AJ13_BV1-CTCSADRGVYAEQFF-BJ2-1,single,1,2.25,2.192645077942396
BL6-B10BR_HTxB,AV12D-2-CALNSGTYQRF-AJ13_BV12-2-CASSLGQGAETLYF-BJ2-3,single,1,0.4670814401590034,0.23378649801834464
BL6-B10BR_HTxB,AV12D-2-CALNSGTYQRF-AJ13_BV2-CASSQDRGSQNTLYF-BJ2-4,single,1,1.2987949406953985,1.0931094043914815
BL6-B10BR_HTxB,AV12D-2-CALRASGSWQLIF-AJ22_BV3-CASSPTGTENQAPLF-BJ1-5,single,1,1.4657904693384451,0.9960091398039657
BL6-B10BR_HTxB,AV12D-2-CALSDNYAQGLTF-AJ26_BV1-CTCSADDTYEQYF-BJ2-7,single,1,0.0,0.0
BL6-B10BR_HTxB,AV12D-2-CALSDPSGSWQLIF-AJ22_BV16-CASSLGTGQNTLYF-BJ2-4,single,1,1.8423709931771084,1.7078192485066899
BL6-B10BR_HTxB,AV12D-2-CALSDPTGGYKVVF-AJ12_BV13-2-CASGDVGDQNTLYF-BJ2-4,single,1,1.0021214470842037,0.43886875531714753
BL6-B10BR_HTxB,AV12D-2-CALSDRDSGTYQRF-AJ13_BV13-3-CASSDRVSNERLFF-BJ1-4,single,11,0.4091043978443013,0.21378551419858968
BL6-B10BR_HTxB,AV12D-2-CALSDRDSGTYQRF-AJ13_BV2-CASSQEQGDTEVFF-BJ1-1,single,1,0.5131851787372753,0.2559610235590076
BL6-B10BR_HTxB,AV12D-2-CALSDSGYNKLTF-AJ11_BV13-1-CASGDTGGEVFF-BJ1-1,single,1,1.892314566285192,1.7073201324176814
BL6-B10BR_HTxB,AV12D-2-CALSDYNVLYF-AJ21_BV19-CASRTGGARYAEQFF-BJ2-1,single,1,2.287783719941071,2.0433274316641006
BL6-B10BR_HTxB,AV12D-2-CALSEAGSFNKLTF-AJ4_BV20-CGAGTGYAEQFF-BJ2-1,single,1,2.113283334294875,1.9475325801058645
BL6-B10BR_HTxB,AV12D-2-CALSEGSALGRLHF-AJ18_BV13-1-CASSDAVYEQYF-BJ2-7,single,1,2.794788541104806,2.6132119775253297
BL6-B10BR_HTxB,AV12D-2-CALSELSGSFNKLTF-AJ4_BV13-2-CASGDGTGVEQYF-BJ2-7,single,1,2.875964778124575,2.662535958432014
BL6-B10BR_HTxB,AV12D-2-CALSHYAQGLTF-AJ26_BV19-CASSIRDSYEQYF-BJ2-7,single,1,0.0,0.0
BL6-B10BR_HTxB,AV12D-2-CALSLNSAGNKLT-AJ17_BV19-CASSIGRTGNTLYF-BJ1-3,single,1,0.9182958340544896,0.84799690655495
BL6-B10BR_HTxB,AV12D-2-CALSLNSAGNKLTF-AJ17_BV31-CAWSLGGSAETLYF-BJ2-3,single,1,0.0,0.0
BL6-B10BR_HTxB,AV12D-2-CALSPYSNYQLIW-AJ33_BV1-CTCSALRISNERLFF-BJ1-4,single,1,3.3449330775795847,3.148547115044749
BL6-B10BR_HTxB,AV12D-2-CALSPYSNYQLIW-AJ33_BV13-1-CASRSGAEQYF-BJ2-7,single,3,2.3588813900717898,2.140805676548147
BL6-B10BR_HTxB,AV12D-2-CALSSSGSWQLIF-AJ22_BV2-CASSQGLGTGQLYF-BJ2-2,single,1,2.725892877495785,2.559664466542673
BL6-B10BR_HTxB,AV12D-2-CALSVNYGSSGNKLIF-AJ32_BV17-CASSRDGGAWDTQYF-BJ2-5,single,1,3.0817680665470055,2.959661070863686
BL6-B10BR_HTxB,AV12D-2-CALTNTNTGKLTF-AJ27_BV19-CASSIVTGGYAEQFF-BJ2-1,single,2,2.524184040978662,2.3088551254138157
BL6-B10BR_HTxB,AV12D-2-CALYQGGSAKLIF-AJ57_BV1-CTCSADWGNYAEQFF-BJ2-1,single,1,1.8498687225851778,1.516714199748884
BL6-B10BR_HTxB,AV12D-2-CASMTNSAGNKLTF-AJ17_BV13-1-CASRTGSNTGQLYF-BJ2-2,single,1,1.0,1.0
BL6-B10BR_HTxB,AV12D-2-CAWTQVVGQLTF-AJ5_BV1-CTCGQGLDQDTQYF-BJ2-5,single,2,1.822730922119161,1.6885348245399117
BL6-B10BR_HTxB,AV12D-3-CAHDSGYNKLTF-AJ11_BV13-2-CASGGQGAETLYF-BJ2-3,single,1,2.4464393446710155,2.321928094887362
BL6-B10BR_HTxB,AV12D-3-CALASSGSWQLIF-AJ22_BV19-CASSIRTGGIAEQFF-BJ2-1,single,1,1.9182958340544893,1.84799690655495
BL6-B10BR_HTxB,AV12D-3-CALIASSGSWQLIF-AJ22_BV13-2-CASGDAGNQAPLF-BJ1-5,single,5,1.0895378355137375,0.753009174645309
BL6-B10BR_HTxB,AV12D-3-CALISGSFNKLTF-AJ4_BV14-CASSRDNNQAPLF-BJ1-5,single,2,1.2079610319175833,1.1295961697697
BL6-B10BR_HTxB,AV12D-3-CALKDYSNNRLTL-AJ7_BV19-CASTWGGQDTQYF-BJ2-5,single,1,1.971747257128181,1.7094098716456447
BL6-B10BR_HTxB,AV12D-3-CALMQQGTGSKLSF-AJ58_BV13-2-CASGDAGGLYEQYF-BJ2-7,single,1,1.2516291673878228,1.0
BL6-B10BR_HTxB,AV12D-3-CALNTNTGKLTF-AJ27_BV13-2-CASGDWGGESAEQFF-BJ2-1,single,1,2.671011113034194,2.4329594072761065
BL6-B10BR_HTxB,AV12D-3-CALRGTGGYKVVF-AJ12_BV1-CTCSGTGVNTEVFF-BJ1-1,single,1,0.4254094327346716,0.166030892485926
BL6-B10BR_HTxB,AV12D-3-CALRGTGGYKVVF-AJ12_BV5-CASSLGQESYNSPLYF-BJ1-6,single,1,2.5654483718208256,2.3564853169237305
BL6-B10BR_HTxB,AV12D-3-CALRRSSGSWQLIF-AJ22_BV13-2-CASGDAGNQAPLF-BJ1-5,single,1,0.43447138446637285,0.15073109759298525
BL6-B10BR_HTxB,AV12D-3-CALRTGSFNKLTF-AJ4_BV14-CASRDRYEQYF-BJ2-7,single,1,2.0403733936884962,1.789580220329628
BL6-B10BR_HTxB,AV12D-3-CALRTSSGQKLVF-AJ16_BV13-2-CASGDPNYAEQFF-BJ2-1,single,2,1.8935717560906236,1.5657093806444786
BL6-B10BR_HTxB,AV12D-3-CALSAGSFNKLTF-AJ4_BV13-1-CASSDAGTGDERLFF-BJ1-4,single,1,1.337032870644105,0.764677275288172
BL6-B10BR_HTxB,AV12D-3-CALSDGGGYKVVF-AJ12_BV13-2-CASGDGQGTEVFF-BJ1-1,single,1,3.3405108491216264,3.273018494406416
BL6-B10BR_HTxB,AV12D-3-CALSDGSSGNKLIF-AJ32_BV13-1-CASSDNINTEVFF-BJ1-1,single,1,1.9502120649147465,1.9142701259741162
BL6-B10BR_HTxB,AV12D-3-CALSDHMGYKLTF-AJ9_BV1-CTCSADGGAHTGQLYF-BJ2-2,single,1,3.050301855434982,2.9412661752095337
BL6-B10BR_HTxB,AV12D-3-CALSDLDYSNNRLTL-AJ7_BV3-CASSPRGLAEQFF-BJ2-1,single,1,1.811278124459133,1.6780719051126376
BL6-B10BR_HTxB,AV12D-3-CALSDNYAQGLTF-AJ26_BV1-CTCSADRTGDTQYF-BJ2-5,single,1,2.289246428509158,2.032421477692377
BL6-B10BR_HTxB,AV12D-3-CALSDQTGFASALTF-AJ35_BV13-1-CASSDAQGSNERLFF-BJ1-4,single,2,0.34465050308698925,0.14442761754023917
BL6-B10BR_HTxB,AV12D-3-CALSDRGTNTGKLTF-AJ27_BV2-CASSQDPGGEQYF-BJ2-7,single,1,1.9502120649147465,1.9142701259741162
BL6-B10BR_HTxB,AV12D-3-CALSDYSNNRLTL-AJ7_BV1-CTCSAGDSSYEQYF-BJ2-7,single,1,0.917119356366994,0.5624812026323688
BL6-B10BR_HTxB,AV12D-3-CALSDYSNNRLTL-AJ7_BV13-1-CASSETRVGNTLYF-BJ1-3,single,2,1.5,1.5
BL6-B10BR_HTxB,AV12D-3-CALSDYSNNRLTL-AJ7_BV19-CASSIGQYEQYF-BJ2-7,single,1,2.3219280948873626,2.0588936890535683
BL6-B10BR_HTxB,AV12D-3-CALSEAGGYKVVF-AJ12_BV13-2-CASGDRGGNERLFF-BJ1-4,single,2,2.995596285465223,2.707202680177788
BL6-B10BR_HTxB,AV12D-3-CALSEGNMGYKLTF-AJ9_BV13-3-CASRDRNYAEQFF-BJ2-1,single,2,2.590605667054667,2.3519885911061476
BL6-B10BR_HTxB,AV12D-3-CALSEGNMGYKLTF-AJ9_BV5-CASSQETGPNTEVFF-BJ1-1,single,1,1.9182958340544893,1.84799690655495
BL6-B10BR_HTxB,AV12D-3-CALSEGSGTYQRF-AJ13_BV1-CTCRAGGPQDTQYF-BJ2-5,single,3,2.114031404633112,1.8375355172870085
BL6-B10BR_HTxB,AV12D-3-CALSEGSGTYQRF-AJ13_BV4-CASSSNTGQLYF-BJ2-2,single,1,2.038159681645953,1.8462905846045468
BL6-B10BR_HTxB,AV12D-3-CALSEGSNYNVLYF-AJ21_BV13-2-CASGDAGGPNTGQLYF-BJ2-2,single,1,1.9219280948873623,1.8365012677171204
BL6-B10BR_HTxB,AV12D-3-CALSEGSNYNVLYF-AJ21_BV13-2-CASGDITGVAEQFF-BJ2-1,single,1,2.103909910282364,1.9746146815800862
BL6-B10BR_HTxB,AV12D-3-CALSEGSNYNVLYF-AJ21_BV13-3-CASRGTGGYEQYF-BJ2-7,single,1,2.816307519224645,2.5025003405291835
BL6-B10BR_HTxB,AV12D-3-CALSEGTGSKLSF-AJ58_BV13-3-CASSDRNTGQLYF-BJ2-2,single,1,1.584962500721156,1.5849625007211563
BL6-B10BR_HTxB,AV12D-3-CALSESAGNKLTF-AJ17_BV31-CAWSPTGNNNQAPLF-BJ1-5,single,1,1.0,1.0
BL6-B10BR_HTxB,AV12D-3-CALSEYAQGLTF-AJ26_BV31-CAWSPGTGGFYAEQFF-BJ2-1,single,1,2.5768692507157445,2.295128035543647
BL6-B10BR_HTxB,AV12D-3-CALSGASSGSWQLIF-AJ22_BV31-CAWSPGTGDAEQFF-BJ2-1,single,1,1.2152980892549257,0.5690733670327222
BL6-B10BR_HTxB,AV12D-3-CALSGGSALGRLHF-AJ18_BV13-1-CASRDINYAEQFF-BJ2-1,single,1,0.9182958340544896,0.84799690655495
BL6-B10BR_HTxB,AV12D-3-CALSGGSFNKLTF-AJ4_BV13-3-CASSGGTSKNTLYF-BJ2-4,single,1,2.613337314045307,2.356485316923731
BL6-B10BR_HTxB,AV12D-3-CALSGSNNRIFF-AJ31_BV13-2-CASGAGGQNTLYF-BJ2-4,single,1,0.4689955935892812,0.2863041851566409
BL6-B10BR_HTxB,AV12D-3-CALSGTQVVGQLTF-AJ5_BV20-CGARDKGYTEVFF-BJ1-1,single,1,1.9591479170272446,1.6463630453852995
BL6-B10BR_HTxB,AV12D-3-CALSPNYNVLYF-AJ21_BV5-CASSQDSANTEVFF-BJ1-1,single,1,2.2359263506290326,2.155278225477911
BL6-B10BR_HTxB,AV12D-3-CALSPYSGSWQLIF-AJ22_BV20-CGARDIANTEVFF-BJ1-1,single,1,1.0,1.0
BL6-B10BR_HTxB,AV12D-3-CALSRSSFSKLVF-AJ50_BV13-2-CASGDGTYSAETLYF-BJ2-3,single,1,1.9182958340544896,1.84799690655495
BL6-B10BR_HTxB,AV12D-3-CALSSGSFNKLTF-AJ4_BV1-CTCSAARINTEVFF-BJ1-1,single,1,1.9122374138377567,1.5849625007211563
BL6-B10BR_HTxB,AV12D-3-CALSSGSFNKLTF-AJ4_BV13-1-CASSDGTGSNERLFF-BJ1-4,single,2,2.1775373936406806,1.857189454549483
BL6-B10BR_HTxB,AV12D-3-CALSSSGSWQLIF-AJ22_BV13-1-CASSDVGYEQYF-BJ2-7,single,1,0.9060883184917202,0.5335259454945964
BL6-B10BR_HTxB,AV12D-3-CALSTSGSWQLIF-AJ22_BV13-3-CASSDATGGNQDTQYF-BJ2-5,single,1,2.0813971840653887,1.8657716082829263
BL6-B10BR_HTxB,AV12D-3-CALSVGGNYKPTF-AJ6_BV13-3-CASRDRGAEQFF-BJ2-1,single,1,1.298790964781857,0.6996050666622793
BL6-B10BR_HTxB,AV12D-3-CALTGGSALGRLHF-AJ18_BV13-1-CASSDWDGEQYF-BJ2-7,single,1,2.16264411804726,2.0608822421470223
BL6-B10BR_HTxB,AV12D-3-CALTGGSALGRLHF-AJ18_BV13-1-CASSEGAGEQYF-BJ2-7,single,1,2.3553885422075336,2.1699250014423126
BL6-B10BR_HTxB,AV12D-3-CALTTSSGQKLVF-AJ16_BV19-CASSILGLGAETLYF-BJ2-3,single,1,2.3729663772279648,2.2147792372265727
BL6-B10BR_HTxB,AV12D-3-CAPASSGSWQLIF-AJ22_BV31-CAWRGLGYEQYF-BJ2-7,single,1,0.9709505944546686,0.9434164716336325
BL6-B10BR_HTxB,AV13-1-CAFSSSSFSKLVF-AJ50_BV31-CAWSLDRGDTQYF-BJ2-5,single,2,1.77600521701249,1.455404723812842
BL6-B10BR_HTxB,AV13-1-CAIDTEGADRLTF-AJ45_BV13-2-CASGDGLGDYEQYF-BJ2-7,single,1,0.8059584928680417,0.4298345012069244
BL6-B10BR_HTxB,AV13-1-CAIDTNTGKLTF-AJ27_BV5-CASSLDRSQNTLYF-BJ2-4,single,1,2.044556998549881,1.8898170822495772
BL6-B10BR_HTxB,AV13-1-CALANVGDNSKLIW-AJ38_BV13-3-CASSDYAEQFF-BJ2-1,single,2,2.403043611369392,2.0601471168588557
BL6-B10BR_HTxB,AV13-1-CALAPSSGSWQLIF-AJ22_BV31-CAWSHNSNERLFF-BJ1-4,single,1,2.979960724211856,2.807354922057604
BL6-B10BR_HTxB,AV13-1-CALDLNTNTGKLTF-AJ27_BV1-CTCSADSQNSDYTF-BJ1-2,single,2,1.844221527819712,1.5867681274973457
BL6-B10BR_HTxB,AV13-1-CALDLNTNTGKLTF-AJ27_BV1-CTCSAVRVDEQYF-BJ2-7,single,1,1.4053111355802372,0.8267804206452543
BL6-B10BR_HTxB,AV13-1-CALDPNTGYQNFYF-AJ49_BV5-CASSQVQFSYEQYF-BJ2-7,single,1,2.199687794731328,1.8462905846045468
BL6-B10BR_HTxB,AV13-1-CALDSNNRIFF-AJ31_BV17-CASSRAYEQYF-BJ2-7,single,1,1.584962500721156,1.5849625007211563
BL6-B10BR_HTxB,AV13-1-CALDSNYQLIW-AJ33_BV13-3-CASSTGIETLYF-BJ2-3,single,1,0.8658566174572235,0.5438238059276694
BL6-B10BR_HTxB,AV13-1-CALDSNYQLIW-AJ33_BV5-CASSQDWGVDTQYF-BJ2-5,single,2,0.8016396150084815,0.4155991853491673
BL6-B10BR_HTxB,AV13-1-CALDSSSGSWQLIF-AJ22_BV31-CAWRKYSDYTF-BJ1-2,single,1,2.161978179679554,2.0433274316641
BL6-B10BR_HTxB,AV13-1-CALDTEGADRLTF-AJ45_BV3-CASSLGFQDTQY-BJ2-5,single,1,2.467720100474499,2.366782330671623
BL6-B10BR_HTxB,AV13-1-CALDTGNYKYVF-AJ40_BV19-CASSISFNSDYTF-BJ1-2,single,1,1.0,1.0
BL6-B10BR_HTxB,AV13-1-CALDTNAYKVIF-AJ30_BV16-CASSTGSSYEQYF-BJ2-7,single,1,2.121928094887362,1.9434164716336322
BL6-B10BR_HTxB,AV13-1-CALEAGYQNFYF-AJ49_BV13-3-CASSDPGEDQAPLF-BJ1-5,single,1,1.0,1.0
BL6-B10BR_HTxB,AV13-1-CALEHITGNTGKLIF-AJ37_BV2-CASSQVPGSGNTLYF-BJ1-3,single,1,2.3457192839305274,2.1976457590007623
BL6-B10BR_HTxB,AV13-1-CALELGYGNEKITF-AJ48_BV16-CASSLTGNSDYTF-BJ1-2,single,1,2.5540665597407557,2.2246020940626265
BL6-B10BR_HTxB,AV13-1-CALELSGGSNYKLTF-AJ53_BV23-CSSSQWQGASDYTF-BJ1-2,single,1,2.5,2.415037499278844
BL6-B10BR_HTxB,AV13-1-CALENAYKVIF-AJ30_BV19-CASSIGRTGREVFF-BJ1-1,single,1,2.1556390622295662,2.0
BL6-B10BR_HTxB,AV13-1-CALEPPSGSWQLIF-AJ22_BV4-CASSSGEQYF-BJ2-7,single,1,1.501629167387823,1.050983928718805
BL6-B10BR_HTxB,AV13-1-CALEPSGSWQLIF-AJ22_BV4-CASSYNEQYF-BJ2-7,single,3,1.155983015460951,0.6406239207548424
BL6-B10BR_HTxB,AV13-1-CALEQGGRALIF-AJ15_BV1-CTCSATGGDERLFF-BJ1-4,single,1,1.5992344456981598,1.1113611089477042
BL6-B10BR_HTxB,AV13-1-CALEQGGRALIF-AJ15_BV5-CASSQEYWGNTGQLYF-BJ2-2,single,2,0.6234936758692482,0.3435585223578223
BL6-B10BR_HTxB,AV13-1-CALEQGGSAKLIF-AJ57_BV1-CTCSADRVGNTLYF-BJ1-3,single,1,1.2086489509530647,0.6959938131098998
BL6-B10BR_HTxB,AV13-1-CALEQGGSAKLIF-AJ57_BV1-CTCSADWGVEQYF-BJ2-7,single,1,0.6685644431995964,0.37064337992039037
BL6-B10BR_HTxB,AV13-1-CALEQGGSAKLIF-AJ57_BV12-2-CASSLEGADTEVFF-BJ1-1,single,48,0.9600093871662675,0.586258853500529
BL6-B10BR_HTxB,AV13-1-CALEQGGSAKLIS-AJ57_BV2-CASSQDRRGDTQYF-BJ2-5,single,1,2.4458628827600846,1.74449233080109
BL6-B10BR_HTxB,AV13-1-CALERGGSNAKLTF-AJ42_BV1-CTCSADVVQNTLYF-BJ2-4,single,1,0.17734425012013633,0.060502406858188806
BL6-B10BR_HTxB,AV13-1-CALGGTNTGKLTF-AJ27_BV31-CAWRDRGVFF-BJ1-1,single,3,2.1272823897290976,1.7512965483494456
BL6-B10BR_HTxB,AV13-1-CALGSSSFSKLVF-AJ50_BV13-3-CASSDGGNTEVFF-BJ1-1,single,1,1.5,1.415037499278844
BL6-B10BR_HTxB,AV13-1-CALLNTGKLTF-AJ27_BV1-CTCSAVRVDEQYF-BJ2-7,single,1,0.8475846798245739,0.45403163089470794
BL6-B10BR_HTxB,AV13-1-CALLNTGKLTF-AJ27_BV14-CASRDVYAEQFF-BJ2-1,single,1,2.4436357388860714,2.3322576977810923
BL6-B10BR_HTxB,AV13-1-CALLNTGKLTF-AJ27_BV29-CASSWDRVYEQHF-BJ2-7,single,1,1.893951572985062,1.7985224595451108
BL6-B10BR_HTxB,AV13-1-CALLNTGKLTF-AJ27_BV29-CASSWDRVYEQYF-BJ2-7,single,15,1.626690348164466,1.2904198214723401
BL6-B10BR_HTxB,AV13-1-CALVAGYQNFYF-AJ49_BV13-2-CASGDGLGDYEQYF-BJ2-7,single,1,1.9718774381826407,1.4675665504197961
BL6-B10BR_HTxB,AV13-1-CALVNSGGSNAKLTF-AJ42_BV26-CASSLGQYAEQFF-BJ2-1,single,1,1.792481250360578,1.5849625007211563
BL6-B10BR_HTxB,AV13-1-CALVTGYQNFYF-AJ49_BV1-CTCSFDRANTEVFF-BJ1-1,single,1,1.3583587297510302,1.0605092161657999
BL6-B10BR_HTxB,AV13-1-CALVTGYQNFYF-AJ49_BV1-CTCSSNRVDTLYF-BJ2-4,single,1,1.879964948727111,1.4329594072761058
BL6-B10BR_HTxB,AV13-1-CALVTGYQNFYF-AJ49_BV5-CASSQDRSQNTLYF-BJ2-4,single,8,1.421261014204299,1.1143847894374854
BL6-B10BR_HTxB,AV13-1-CAMERSNNRIFF-AJ31_BV2-CASSQDRRGDTQYF-BJ2-5,single,1,1.5,1.415037499278844
BL6-B10BR_HTxB,AV13-1-CVYSNYQLIW-AJ33_BV1-CTCSATTGANTEVFF-BJ1-1,single,1,0.5159469300074474,0.3294170737255602
BL6-B10BR_HTxB,AV13-2-CAHDTNAYKVIF-AJ30_BV12-1-CASSQGNTLYF-BJ1-3,single,1,2.642423961771975,2.5265458144958344
BL6-B10BR_HTxB,AV13-2-CAIAPGTGSNRLTF-AJ28_BV16-CASSLGNTEVFF-BJ1-1,single,3,1.2982623516259808,0.7315954177287843
BL6-B10BR_HTxB,AV13-2-CAIDDNTGKLTF-AJ27_BV12-1-CASSLGQGASEQFF-BJ2-1,single,2,2.1560702762288795,2.03572331733722
BL6-B10BR_HTxB,AV13-2-CAIDDNTGKLTF-AJ27_BV13-2-CASGARTGENYAEQFF-BJ2-1,single,1,2.33012496531497,1.8830438536541507
BL6-B10BR_HTxB,AV13-2-CAIDHNTGKLTF-AJ27_BV4-CASSRDWGGYEQYF-BJ2-7,single,2,2.077289554617498,1.929888060122189
BL6-B10BR_HTxB,AV13-2-CAIDLGGSNAKLTF-AJ42_BV13-2-CASGDGLGDYEQYF-BJ2-7,single,1,1.9219280948873623,1.8365012677171204
BL6-B10BR_HTxB,AV13-2-CAIDLGGSNAKLTF-AJ42_BV2-CASSQDWGGNEQYF-BJ2-7,single,2,1.6697430099260442,1.4709094644557354
BL6-B10BR_HTxB,AV13-2-CAIDNNAGAKLTF-AJ39_BV13-2-CASGDEGTYNSPLYF-BJ1-6,single,1,1.0004057279384606,0.5614269862603672
BL6-B10BR_HTxB,AV13-2-CAIDNNAGAKLTF-AJ39_BV13-3-CASSDRYEQYF-BJ2-7,single,3,0.6559990654170599,0.29588111105216214
BL6-B10BR_HTxB,AV13-2-CAIDNNAGAKLTF-AJ39_BV13-3-CASSERYEQYF-BJ2-7,single,3,0.9188876245139563,0.507557959224728
BL6-B10BR_HTxB,AV13-2-CAIDPNTGKLTF-AJ27_BV13-1-CASSDAGTEVFF-BJ1-1,single,1,1.5023937690458926,0.8425527678648225
BL6-B10BR_HTxB,AV13-2-CAIDPNTGKLTF-AJ27_BV13-2-CASGDAGGEVFF-BJ1-1,single,15,1.147793673148141,0.8120931862365253
BL6-B10BR_HTxB,AV13-2-CAIDPNTGKLTF-AJ27_BV13-3-CASSDSNQAPLF-BJ1-5,single,8,0.578131592608885,0.25883317781040066
BL6-B10BR_HTxB,AV13-2-CAIDPNTGKLTF-AJ27_BV13-3-CASSETGPEVFF-BJ1-1,single,5,0.8094363978127594,0.5001106333444705
BL6-B10BR_HTxB,AV13-2-CAIDPNTGKLTF-AJ27_BV2-CASSQDRRGDTQYF-BJ2-5,single,1,1.4284601863069835,1.0462506310557569
BL6-B10BR_HTxB,AV13-2-CAIDPSSGSWQLIF-AJ22_BV3-CASSLVGGAEQFF-BJ2-1,single,1,2.8342953160960103,2.5552151573271042
BL6-B10BR_HTxB,AV13-2-CAIDQGGSAK-AJ57_BV20-CGARDKGYTEVFF-BJ1-1,single,1,2.8032156925345846,2.5462453931483027
BL6-B10BR_HTxB,AV13-2-CAIDQGGSAKLIF-AJ57_BV3-CASSLARGYEQYF-BJ2-7,single,1,1.548860699209302,0.8426975336810263
BL6-B10BR_HTxB,AV13-2-CAIDQGGSAKLIF-AJ57_BV3-CASSLGVGQLYF-BJ2-2,single,3,0.5098503811726272,0.2106519016035844
BL6-B10BR_HTxB,AV13-2-CAIDQGGSAKLIF-AJ57_BV3-CASSPGQISNERLFF-BJ1-4,single,1,0.0,0.0
BL6-B10BR_HTxB,AV13-2-CAIDRDYANKMIF-AJ47_BV13-2-CASGGSGQLYF-BJ2-2,single,1,1.9219280948873623,1.8365012677171204
BL6-B10BR_HTxB,AV13-2-CAIDSSSPINKLMF-AJ50_BV12-2-CASSLGWGGAEQFF-BJ2-1,single,1,2.251629167387823,2.1699250014423126
BL6-B10BR_HTxB,AV13-2-CAIDSSSSFSKLVF-AJ50_BV12-2-CASSLGWGGAEQFF-BJ2-1,single,2,0.792481250360578,0.7924812503605781
BL6-B10BR_HTxB,AV13-2-CAIDTEGADRLTF-AJ45_BV13-1-CASSDRNTLYF-BJ2-4,single,1,0.4709563136258532,0.23141242666056883
BL6-B10BR_HTxB,AV13-2-CAIDTGYQNFYF-AJ49_BV19-CASSIGYSGNTLYF-BJ1-3,single,2,2.2837823817029874,2.127475191084914
BL6-B10BR_HTxB,AV13-2-CAIDTNTGK-AJ27_BV13-1-CASSGGVYAEQFF-BJ2-1,single,1,1.0809659777372747,0.5979752667385898
BL6-B10BR_HTxB,AV13-2-CAIDTNTGKLTF-AJ27_BV1-CTCSADRGVYAEQFF-BJ2-1,single,1,1.610577243331642,1.3293076252529599
BL6-B10BR_HTxB,AV13-2-CAIDTNTGKLTF-AJ27_BV13-2-CASGDINSPLYF-BJ1-6,single,1,1.657742726504889,1.3856536924977494
BL6-B10BR_HTxB,AV13-2-CAIDTNTGKLTF-AJ27_BV13-2-CASGDVNTEVFF-BJ1-1,single,4,2.1035339799643573,1.6208792428354162
BL6-B10BR_HTxB,AV13-2-CAIDTNTGKLTF-AJ27_BV13-3-CAAGTVNTEVFF-BJ1-1,single,2,0.7342330717391925,0.3342299292495989
BL6-B10BR_HTxB,AV13-2-CAIDTNTGKLTF-AJ27_BV14-CASSKGYAEQFF-BJ2-1,single,2,1.044445780639124,0.76542297596473
BL6-B10BR_HTxB,AV13-2-CAIDTNTGKLTF-AJ27_BV31-CAWSLGQGEQYF-BJ2-7,single,1,0.5142748316019082,0.2317597005006108
BL6-B10BR_HTxB,AV13-2-CAIDYNQGKLIF-AJ23_BV13-2-CASGARTGENYAEQFF-BJ2-1,single,1,1.8423709931771086,1.7078192485066896
BL6-B10BR_HTxB,AV13-2-CAIDYNQGKLIF-AJ23_BV13-2-CASGDAGGEVFF-BJ1-1,single,1,0.0,0.0
BL6-B10BR_HTxB,AV13-2-CAIDYNQGKLIF-AJ23_BV13-2-CASGDGLGDYEQYF-BJ2-7,single,1,1.4850460332488171,1.225111113514846
BL6-B10BR_HTxB,AV13-2-CAIDYNQGKLIF-AJ23_BV13-3-CASSEPNSPLYF-BJ1-6,single,6,0.9746050417120505,0.6543512389259123
BL6-B10BR_HTxB,AV13-2-CAIDYNQGKLIF-AJ23_BV19-CASSMGVDTQYF-BJ2-5,single,1,1.7841591278514217,1.6463630453852995
BL6-B10BR_HTxB,AV13-2-CAIDYNQGKLIF-AJ23_BV2-CASSQDRRGDTQYF-BJ2-5,single,1,2.0349409139562287,1.567989422117443
BL6-B10BR_HTxB,AV13-2-CAIDYNQGKLIF-AJ23_BV20-CGARPGGNEQYF-BJ2-7,single,4,1.5190161913226925,1.211488501561635
BL6-B10BR_HTxB,AV13-2-CAIDYNQGKLIF-AJ23_BV3-CASSPSGGADTQYF-BJ2-5,single,1,0.7725585713084648,0.5068650776944954
BL6-B10BR_HTxB,AV13-2-CAIDYNQGKLIF-AJ23_BV31-CAWRDNTEVFF-BJ1-1,single,1,1.001122075656387,0.6819636793778195
BL6-B10BR_HTxB,AV13-2-CAIEDNAGAKLTF-AJ39_BV13-1-CASSDAGEQYF-BJ2-7,single,2,1.3553885422075336,1.216479703638053
BL6-B10BR_HTxB,AV13-2-CAIEIDTGYQNFYF-AJ49_BV12-2-CASSLGDNQDTQYF-BJ2-5,single,1,2.7591829370977616,2.4191797319358295
BL6-B10BR_HTxB,AV13-2-CAIENTGYQNFYF-AJ49_BV13-3-CASSERTEQYF-BJ2-7,single,1,1.8698864933609216,1.415037499278844
BL6-B10BR_HTxB,AV13-2-CAIERDYAKQDDL-AJ47_BV2-CASSQDEISNERLFF-BJ1-4,single,1,1.221998412236227,0.675468253565169
BL6-B10BR_HTxB,AV13-2-CAIERDYANKMIF-AJ47_BV14-CASSYRGEQYF-BJ2-7,single,7,0.9852027659361317,0.56397704586284
BL6-B10BR_HTxB,AV13-2-CAIERDYANKMVF-AJ47_BV1-CTCSAVRISNERLFF-BJ1-4,single,1,1.432983121056005,1.3159459368722368
BL6-B10BR_HTxB,AV13-2-CAIGSALGRLHF-AJ18_BV1-CTCSADRGNYAEQFF-BJ2-1,single,1,2.2261207468426805,2.0
BL6-B10BR_HTxB,AV13-2-CAIGSALGRLHF-AJ18_BV2-CASSQDRGWEQYF-BJ2-7,single,5,1.8621323453780687,1.7360764131599677
BL6-B10BR_HTxB,AV13-2-CAITGNTGKLIF-AJ37_BV31-CAWSLGGAEQFF-BJ2-1,single,1,2.186704345910025,2.0608822421470223
BL6-B10BR_HTxB,AV13-2-CALNNNAGAKLTF-AJ39_BV13-2-CASDWGGATLYF-BJ2-4,single,1,2.463865121950854,2.089267338097087
BL6-B10BR_HTxB,AV13-2-CALTGNYKYVF-AJ40_BV1-CTCSAVRVQNTLYF-BJ2-4,single,1,0.9182958340544896,0.84799690655495
BL6-B10BR_HTxB,AV13-2-CALTGNYKYVF-AJ40_BV13-2-CASGARTGENYAEQFF-BJ2-1,single,1,1.4591479170272446,1.3625700793847082
BL6-B10BR_HTxB,AV13-2-CALTGNYKYVF-AJ40_BV13-2-CASGDSYEQYF-BJ2-7,single,1,0.4937476379035404,0.22126575588216357
BL6-B10BR_HTxB,AV13-2-CALTGNYKYVF-AJ40_BV13-3-CASSDRYEQYF-BJ2-7,single,3,1.1391978138376544,0.7860743429510841
BL6-B10BR_HTxB,AV13-2-CALTGNYKYVF-AJ40_BV3-CASSLGTGYEQYF-BJ2-7,single,1,0.41381685030363374,0.2391876638794263
BL6-B10BR_HTxB,AV13-2-CAMDPNSNNRIFF-AJ31_BV13-1-CASSDAGAVFF-BJ1-1,single,1,2.8521314685671673,2.3607205778844214
BL6-B10BR_HTxB,AV13-2-CAMDTEGADRLTF-AJ45_BV17-CASSRRNEQYF-BJ2-7,single,2,0.5487024877639859,0.25208607983127634
BL6-B10BR_HTxB,AV13-2-CAMNNNAGAKLTF-AJ39_BV13-2-CASGARTGENYAEQFF-BJ2-1,single,1,1.8547945502009346,1.2689350072734782
BL6-B10BR_HTxB,AV13-2-CAMNNNAGAKLTF-AJ39_BV14-CASTDRGEQYF-BJ2-7,single,15,1.199081273249537,0.8345276617871646
BL6-B10BR_HTxB,AV13-2-CAPNNNAGAKLTF-AJ39_BV1-CTCSAGLDTQYF-BJ2-5,single,1,1.25576476655857,1.0881981296166332
BL6-B10BR_HTxB,AV13-2-CAPNNNAGAKLTF-AJ39_BV1-CTCSANRVDTLYF-BJ2-4,single,1,0.0,0.0
BL6-B10BR_HTxB,AV13-2-CAPNNNAGAKLTF-AJ39_BV1-CTCSAVRVDEQYF-BJ2-7,single,1,1.2841290834516383,1.0798094159486678
BL6-B10BR_HTxB,AV13-2-CAPNNNAGAKLTF-AJ39_BV1-CTCSAVRVDSDYTF-BJ1-2,single,1,0.12068101401352381,0.047292790935492005
BL6-B10BR_HTxB,AV13-2-CAPNNNAGAKLTF-AJ39_BV13-1-CASSDTGAETLYF-BJ2-3,single,1,1.379027631211903,1.0519552591314285
BL6-B10BR_HTxB,AV13-2-CAPNNNAGAKLTF-AJ39_BV13-2-CASGAGGQNTLYF-BJ2-4,single,1,1.351800564533351,1.1508442598766078
BL6-B10BR_HTxB,AV13-2-CAPNNNAGAKLTF-AJ39_BV13-3-CASSDAGLSYNSPLYF-BJ1-6,single,1,1.07273728622321,0.7935491225325738
BL6-B10BR_HTxB,AV13-2-CAPNNNAGAKLTF-AJ39_BV14-CASSDRYEQYF-BJ2-7,single,91,1.4566375317625284,1.1770141494928925
BL6-B10BR_HTxB,AV13-2-CAPNNNAGAKLTF-AJ39_BV14-CASSFGGGQNTLYF-BJ2-4,single,1,2.2841591278514217,2.0
BL6-B10BR_HTxB,AV13-2-CAPNNNAGAKLTF-AJ39_BV2-CASSQDRRGDTQYF-BJ2-5,single,1,2.5927884271375383,2.332257697781092
BL6-B10BR_HTxB,AV13-2-CAPNNNAGAKLTF-AJ39_BV2-CASSQDRRGGEQYF-BJ2-7,single,1,0.9864267287308424,0.6674246609131288
BL6-B10BR_HTxB,AV13-2-CAPNNNAGAKLTF-AJ39_BV20-CGARLGGDTQYF-BJ2-5,single,1,0.24229218908241482,0.11528487090396687
BL6-B10BR_HTxB,AV13-2-CAPNNNAGAKLTF-AJ39_BV29-CASRTDYAEQFF-BJ2-1,single,1,2.663532754804255,2.5265458144958344
BL6-B10BR_HTxB,AV13-2-CAPNNNAGAKLTF-AJ39_BV29-CASSYGIANTEVFF-BJ1-1,single,1,2.049057983201311,1.6399766027256384
BL6-B10BR_HTxB,AV13-2-CAPNNNAGAKLTF-AJ39_BV31-CAWRDSNNQAPLF-BJ1-5,single,1,1.7512378274204006,1.5229236701692284
BL6-B10BR_HTxB,AV13-2-CAPNNNAGAKLTF-AJ39_BV31-CAWSLGGAEQFF-BJ2-1,single,1,1.311278124459133,0.7905466343710502
BL6-B10BR_HTxB,AV13-2-CAPNTNAGAKLTF-AJ39_BV17-CASSRGQGYTGQLYF-BJ2-2,single,1,1.855257497744876,1.4652656111181595
BL6-B10BR_HTxB,AV13-2-CASGTGGYKVVF-AJ12_BV16-CASSLTGGNSDYTF-BJ1-2,single,1,2.413088436425758,2.27500704749987
BL6-B10BR_HTxB,AV13-2-CASPDYSNNRLTL-AJ7_BV3-CASSPGQISNERLFF-BJ1-4,single,1,1.075875645896709,0.5935245142245803
BL6-B10BR_HTxB,AV13-2-CASSNTNKVVF-AJ34_BV5-CASSQATVYNSPLYF-BJ1-6,single,1,1.9219280948873623,1.8365012677171204
BL6-B10BR_HTxB,AV13-2-CATDTGYQNFYF-AJ49_BV1-CTCSALGGDTLYF-BJ2-4,single,1,1.757357832499358,1.49150004133398
BL6-B10BR_HTxB,AV13-3-CAITGNTGKLIF-AJ37_BV13-1-CASSGGVYAEQFF-BJ2-1,single,1,1.8919954870390203,1.6195197227575244
BL6-B10BR_HTxB,AV13-3-CAMERSNNRIFF-AJ31_BV2-CASSQDRRGDTQYF-BJ2-5,single,6,1.651096220517026,1.365342450526373
BL6-B10BR_HTxB,AV13-3-CAMERSNNRIFF-AJ31_BV2-CASSQDRRGGEQYF-BJ2-7,single,1,1.6266144718101818,1.1926450779423958
BL6-B10BR_HTxB,AV13-3-CAMSNMGYKLIF-AJ9_BV29-CASTPGQGSEQYF-BJ2-7,single,1,0.0,0.0
BL6-B10BR_HTxB,AV13-3-CATNSAGNKL-AJ17_BV17-CASSLRGGSDYTF-BJ1-2,single,1,2.2516291673878226,2.1699250014423126
BL6-B10BR_HTxB,AV13-3-CATNSAGNKLNF-AJ17_BV19-CASSIGRTGREVFF-BJ1-1,single,1,1.867633890971212,1.492598482572497
BL6-B10BR_HTxB,AV13-3-CATNSAGNKLSF-AJ17_BV13-2-CASGARTGENYAEQFF-BJ2-1,single,1,2.1339375660949167,1.9746146815800862
BL6-B10BR_HTxB,AV13-4/DV7-CAMDMDYANKMIF-AJ47_BV13-1-CASSVGWGETLYF-BJ2-3,single,2,1.7988986957925448,1.6914787641424607
BL6-B10BR_HTxB,AV13-4/DV7-CAMEDGSSGNKLIF-AJ32_BV13-1-CASSDVGNTEVFF-BJ1-1,single,1,0.5135640053032734,0.19392375165719786
BL6-B10BR_HTxB,AV13-4/DV7-CAMEDGSSGNKLIF-AJ32_BV13-2-CASGDARDNQAPLF-BJ1-5,single,5,0.5167265606809266,0.23935392514031392
BL6-B10BR_HTxB,AV13-4/DV7-CAMEDGSSGNKLIF-AJ32_BV2-CASSQDRRGGEQYF-BJ2-7,single,1,1.2830538621843646,0.6793548709961107
BL6-B10BR_HTxB,AV13-4/DV7-CAMERSNNRIFF-AJ31_BV12-2-CASSLEGADTEVFF-BJ1-1,single,1,0.0,0.0
BL6-B10BR_HTxB,AV13-4/DV7-CAMERSNNRIFF-AJ31_BV13-2-CASGDALGEYEQYF-BJ2-7,single,1,2.6873230684749942,2.26703633639129
BL6-B10BR_HTxB,AV13-4/DV7-CAMERSNNRIFF-AJ31_BV2-CASSQDRRGDTQYF-BJ2-5,single,2,2.24810515470244,1.9089040795755081
BL6-B10BR_HTxB,AV13-4/DV7-CAMEVDSNYQLIW-AJ33_BV31-CAWSLGGAEQFF-BJ2-1,single,1,0.6143694458867568,0.32862274746137066
BL6-B10BR_HTxB,AV13-4/DV7-CAMEVDSNYQLIW-AJ33_BV31-CAWSLGGSDYTF-BJ1-2,single,7,1.0068717135714793,0.6758137839043158
BL6-B10BR_HTxB,AV13-4/DV7-CAMGTGYQNFYF-AJ49_BV1-CTCSARQANSDYTF-BJ1-2,single,3,2.1453408511057077,1.945097976954963
BL6-B10BR_HTxB,AV13-4/DV7-CAMRRDTDKLVF-DJ1_BV2-CASSLGQISNERLFF-BJ1-4,single,1,1.3709505944546687,1.1844245711374275
BL6-B10BR_HTxB,AV13-5-CVLSKATGGNNKLTF-AJ56_BV3-CASSPGQISNERLFF-BJ1-4,single,4,0.8388154377365641,0.46628280666669364
BL6-B10BR_HTxB,AV13-5-CVLSKATGGNNKLTF-AJ56_BV3-CASSSGTGYEQYF-BJ2-7,single,1,1.279851694158067,0.7841560147844121
BL6-B10BR_HTxB,AV13D-1-CAHTGANTGKLTF-AJ52_BV13-3-CASSVRLYEQYF-BJ2-7,single,1,0.26656599347870913,0.0926975069406815
BL6-B10BR_HTxB,AV13D-1-CAIERSNNRIFF-AJ31_BV13-1-CASSDGTGSNERLFF-BJ1-4,single,1,1.971747257128181,1.7094098716456447
BL6-B10BR_HTxB,AV13D-1-CAKERSNNRIFF-AJ31_BV2-CASSQDRRGDTQYF-BJ2-5,single,1,1.9877733714879842,1.7284540943106885
BL6-B10BR_HTxB,AV13D-1-CAMASGYNKLTF-AJ11_BV4-CASSSGGYEQYF-BJ2-7,single,1,2.1556390622295662,2.0
BL6-B10BR_HTxB,AV13D-1-CAMDSGYNKLTF-AJ11_BV13-3-CASSDRTEVFF-BJ1-1,single,1,2.403088045919318,2.2789395873370992
BL6-B10BR_HTxB,AV13D-1-CAMEDSGTYQRF-AJ13_BV12-2-CASSLGQGAETLYF-BJ2-3,single,7,1.566348004976091,1.1169076110205387
BL6-B10BR_HTxB,AV13D-1-CAMEPMSNYNVLYF-AJ21_BV20-CGASNWGSYEQYF-BJ2-7,single,2,2.521928094887362,2.4828921423310435
BL6-B10BR_HTxB,AV13D-1-CAMEPSGSWQLIF-AJ22_BV4-CASSRYEQYF-BJ2-7,single,1,1.950212064914747,1.914270125974116
BL6-B10BR_HTxB,AV13D-1-CAMEPSSSFSKLVF-AJ50_BV31-CAWSLGGAEQFF-BJ2-1,single,1,0.6230211621330017,0.27615532756723493
BL6-B10BR_HTxB,AV13D-1-CAMERSDNRIFF-AJ31_BV2-CASSQDRRGDTQYF-BJ2-5,single,1,2.113283334294875,1.9475325801058645
BL6-B10BR_HTxB,AV13D-1-CAMERSNNRIFF-AJ31_BV1-CTCSADWGNYAEQFF-BJ2-1,single,1,1.3567796494470394,0.9434164716336328
BL6-B10BR_HTxB,AV13D-1-CAMERSNNRIFF-AJ31_BV13-1-CASSDAGGQNTLYF-BJ2-4,single,1,1.5566567074628228,1.527247002864869
BL6-B10BR_HTxB,AV13D-1-CAMERSNNRIFF-AJ31_BV13-1-CASTQGYAEQFF-BJ2-1,single,1,1.4591479170272446,1.3625700793847082
BL6-B10BR_HTxB,AV13D-1-CAMERSNNRIFF-AJ31_BV13-3-CASSDRDTEVFF-BJ1-1,single,1,2.4056390622295662,2.192645077942396
BL6-B10BR_HTxB,AV13D-1-CAMERSNNRIFF-AJ31_BV2-CASSQDRGGDTQYF-BJ2-5,single,1,1.061278124459133,0.7520724865564145
BL6-B10BR_HTxB,AV13D-1-CAMERSNNRIFF-AJ31_BV2-CASSQDRRGDTQYF-BJ2-5,single,8,1.5213712722968764,1.2030065055797268
BL6-B10BR_HTxB,AV13D-1-CAMERSNNRIFF-AJ31_BV2-CASSQDRRGGEQYF-BJ2-7,single,1,1.3363816313106462,0.8462905846045473
BL6-B10BR_HTxB,AV13D-1-CAMERSNNRIFF-AJ31_BV31-CAWSLGGDTQYF-BJ2-5,single,1,1.889246428509158,1.7914133781885822
BL6-B10BR_HTxB,AV13D-1-CAMERSSGSWQLIF-AJ22_BV12-2-CASSLDWGQDTQYF-BJ2-5,single,1,1.0,1.0
BL6-B10BR_HTxB,AV13D-1-CAMGNNYAQGLTF-AJ26_BV5-CASSQARANERLFF-BJ1-4,single,2,2.2982196723355077,2.1387669877644546
BL6-B10BR_HTxB,AV13D-1-CAREKSNNKIFF-AJ31_BV2-CASSQDRRGDTQYF-BJ2-5,single,1,2.0430107341495622,1.8744691179161412
BL6-B10BR_HTxB,AV13D-2-CAIADNYAQGLTF-AJ26_BV3-CASSWGSQNTLYF-BJ2-4,single,1,1.9609640474436814,1.6438561897747244
BL6-B10BR_HTxB,AV13D-2-CAIDANYNVLYF-AJ21_BV1-CTCSARDWKNTLYF-BJ2-4,single,1,2.7126278493438294,2.4772683037830783
BL6-B10BR_HTxB,AV13D-2-CAIDDTNAYKVIF-AJ30_BV13-1-CASRDWGQNTLYF-BJ2-4,single,1,2.6822166259374116,2.395254887088306
BL6-B10BR_HTxB,AV13D-2-CAIDHDTNAYKVIF-AJ30_BV13-2-CASGPGQNQAPLF-BJ1-5,single,1,1.657742726504889,1.3856536924977494
BL6-B10BR_HTxB,AV13D-2-CAIDLDNNRIFF-AJ31_BV5-CASSQDWGNYAEQFF-BJ2-1,single,9,1.2390268503394826,0.9410295423643772
BL6-B10BR_HTxB,AV13D-2-CAIDPNTDKLTF-AJ27_BV19-CASSIGRTGREVFF-BJ1-1,single,1,1.2389012566026305,1.0610294333975596
BL6-B10BR_HTxB,AV13D-2-CAIDPNTGKLTF-AJ27_BV13-3-CASSDATGGYEQYF-BJ2-7,single,2,1.2198283405728767,0.8339474371353299
BL6-B10BR_HTxB,AV13D-2-CAIDRAGGYKVVF-AJ12_BV19-CASSIQSSYEQYF-BJ2-7,single,1,2.050919982001498,1.7342409568296702
BL6-B10BR_HTxB,AV13D-2-CAIDRDNYAQGLTF-AJ26_BV19-CASSGGDWGREQYF-BJ2-7,single,1,2.7759451027955704,2.6510047780810986
BL6-B10BR_HTxB,AV13D-2-CAIDTNTGKLTF-AJ27_BV13-1-CASSDARVGEQYF-BJ2-7,single,1,1.4071006492653686,0.7099307552352502
BL6-B10BR_HTxB,AV13D-2-CAIDTNTGKLTF-AJ27_BV13-2-CASAGQGSQNTLYF-BJ2-4,single,1,1.7232314287976207,1.4739311883324124
BL6-B10BR_HTxB,AV13D-2-CAIDTNTGKLTF-AJ27_BV13-3-CASRDRYEQYF-BJ2-7,single,27,0.7109661441908135,0.43979393189394284
BL6-B10BR_HTxB,AV13D-2-CAIDYNQGKLIF-AJ23_BV13-2-CASGDARHAEQFF-BJ2-1,single,2,1.3618944650096492,0.8888037893317762
BL6-B10BR_HTxB,AV13D-2-CAIVPGTGSNRLTF-AJ28_BV16-CASRDWGSAETLYF-BJ2-3,single,4,0.7686636965779629,0.3691489743723511
BL6-B10BR_HTxB,AV13D-2-CALEQGGSAKLIF-AJ57_BV13-2-CASGDQGNSGNTLYF-BJ1-3,single,1,1.516638255303205,1.2616993074800018
BL6-B10BR_HTxB,AV13D-2-CALSSGSWQLIF-AJ22_BV13-3-CASSDLGVQNTLYF-BJ2-4,single,1,2.0,2.0
BL6-B10BR_HTxB,AV13D-2-CAMDSNYQLIW-AJ33_BV31-CAWSLGHNTEVFF-BJ1-1,single,1,1.9219280948873623,1.8365012677171204
BL6-B10BR_HTxB,AV13D-2-CAMERSNNRIFF-AJ31_BV14-CASSFGGGDSDYTF-BJ1-2,single,1,2.113283334294875,1.9475325801058645
BL6-B10BR_HTxB,AV13D-2-CAMERSNNRIFF-AJ31_BV17-CASSNWGNTQYF-BJ2-5,single,1,1.061278124459133,0.7520724865564145
BL6-B10BR_HTxB,AV13D-2-CAMERSNNRIFF-AJ31_BV2-CASSQDRRGDTQYF-BJ2-5,single,2,1.64198874315854,1.3571227588330612
BL6-B10BR_HTxB,AV13D-2-CAMERSNNRIFF-AJ31_BV4-CASSWTGRAEQFF-BJ2-1,single,1,1.439254017211876,0.9365209431755993
BL6-B10BR_HTxB,AV13D-2-CAMGSGGNYKPTF-AJ6_BV1-CTCSADRVQGTQYF-BJ2-5,single,1,0.0,0.0
BL6-B10BR_HTxB,AV13D-2-CAMGSGGNYKPTF-AJ6_BV13-2-CASGDWGGTYEQYF-BJ2-7,single,1,2.75,2.678071905112638
BL6-B10BR_HTxB,AV13D-2-CAMGSGGNYKPTF-AJ6_BV3-CASSLGQISYEQYF-BJ2-7,single,1,0.8451873882004824,0.4796973910049283
BL6-B10BR_HTxB,AV13D-2-CAVDPNYNVLLL-AJ21_BV16-CAISLDRTGGFEQYF-BJ2-7,single,1,2.2212043426958243,1.861720625174153
BL6-B10BR_HTxB,AV13D-3-CATGTGGYKVVF-AJ12_BV1-CTCSAGTANTEVFF-BJ1-1,single,1,2.6981203125901447,2.287281952080471
BL6-B10BR_HTxB,AV13D-3-CATNSAGNKLTF-AJ17_BV1-CTCSANRVDTLYF-BJ2-4,single,1,1.3806286041263833,0.900464326449085
BL6-B10BR_HTxB,AV13D-3-CATNSAGNKLTF-AJ17_BV2-CASSQDEISNERLFF-BJ1-4,single,1,0.0,0.0
BL6-B10BR_HTxB,AV13D-4-CALDTGNYKYVF-AJ40_BV19-CASSISFNSDYTF-BJ1-2,single,1,1.5487949406953985,1.1926450779423958
BL6-B10BR_HTxB,AV13D-4-CAMASGSWQLIF-AJ22_BV19-CASSRETLYF-BJ2-3,single,1,3.3831077931419022,3.1498957519208024
BL6-B10BR_HTxB,AV13D-4-CAMDGNQGKLIF-AJ23_BV3-CASSLGVDEQYF-BJ2-7,single,1,2.4834585933443494,2.415037499278844
BL6-B10BR_HTxB,AV13D-4-CAMDPNMGYKLTF-AJ9_BV13-3-CASSEQYEQYF-BJ2-7,single,1,0.8886865525783176,0.6076825772212398
BL6-B10BR_HTxB,AV13D-4-CAMDPNSNNRIFF-AJ31_BV13-1-CASSDAGAVFF-BJ1-1,single,1,2.894205915355059,2.7263183499666974
BL6-B10BR_HTxB,AV13D-4-CAMDYNAGAKLTF-AJ39_BV3-CASSSGVDTQYF-BJ2-5,single,2,1.47261816294371,0.976230943938918
BL6-B10BR_HTxB,AV13D-4-CAMEQSSGSWQLIF-AJ22_BV19-CASSMGEQYF-BJ2-7,single,3,1.0757683901160722,0.8640091376571624
BL6-B10BR_HTxB,AV13D-4-CAMEQSSGSWQLIF-AJ22_BV3-CASSLDWGGAYEQYF-BJ2-7,single,1,1.0,1.0
BL6-B10BR_HTxB,AV13D-4-CAMERDNNAPRF-AJ43_BV13-2-CASGGSGQLYF-BJ2-2,single,1,1.5566567074628228,1.527247002864869
BL6-B10BR_HTxB,AV13D-4-CAMERGVGDNSKLIW-AJ38_BV17-CASSRLGSSYEQYF-BJ2-7,single,1,0.48511076006018194,0.21454455951376303
BL6-B10BR_HTxB,AV13D-4-CAMNNNAGAKLTF-AJ39_BV14-CASTDRDEQYF-BJ2-7,single,1,0.9820225827405736,0.5590209329474861
BL6-B10BR_HTxB,AV13D-4-CAMNNNAGAKLTF-AJ39_BV14-CASTDRGEQYF-BJ2-7,single,2,1.2184968389093087,0.8385997324604901
BL6-B10BR_HTxB,AV13D-4-CTMERSNNRIFF-AJ31_BV2-CASSQDRRGDTQYF-BJ2-5,single,1,1.061278124459133,0.7520724865564145
BL6-B10BR_HTxB,AV13N-1-CADRGSALGRLHF-AJ18_BV12-2-CASSLGQGGEQYF-BJ2-7,single,1,1.3567796494470397,0.9434164716336328
BL6-B10BR_HTxB,AV13N-1-CADRGSALGRLHF-AJ18_BV5-CASSQDRSQNTLYF-BJ2-4,single,1,2.668295834054489,2.3885652879176527
BL6-B10BR_HTxB,AV13N-1-CAIPPSNTNKVVF-AJ34_BV1-CTCSAGTGGSTGQLYF-BJ2-2,single,1,0.9182958340544896,0.84799690655495
BL6-B10BR_HTxB,AV13N-1-CALMQQGTGSELSF-AJ58_BV2-CASSQDRRGDTQYF-BJ2-5,single,1,0.0,0.0
BL6-B10BR_HTxB,AV13N-1-CAMEPEANYNVLYF-AJ21_BV3-CASSPGISYEQYF-BJ2-7,single,1,1.5262349099495227,1.470142098719298
BL6-B10BR_HTxB,AV13N-1-CAMEPSGSWQLIF-AJ22_BV13-1-CASSDVGGRGTGQLYF-BJ2-2,single,1,1.3753618803189158,0.7486609277985814
BL6-B10BR_HTxB,AV13N-1-CAMERRNNRIFF-AJ31_BV2-CASSQDRRGDTQYF-BJ2-5,single,1,1.5709505944546684,1.5563933485243853
BL6-B10BR_HTxB,AV13N-1-CAMERSNNRI-AJ31_BV2-CASSQDRRGDTQYF-BJ2-5,single,2,1.480097653155267,1.2846161067986923
BL6-B10BR_HTxB,AV13N-1-CAMERSNNRIF-AJ31_BV13-2-CASGGANERLFF-BJ1-4,single,1,0.0,0.0
BL6-B10BR_HTxB,AV13N-1-CAMERSNNRIF-AJ31_BV16-CASSLETGGAYAEQFF-BJ2-1,single,1,0.3197437460427075,0.11202420955585704
BL6-B10BR_HTxB,AV13N-1-CAMERSNNRIFF-AJ31_BV1-CTCSAAWGAEQFL-BJ2-1,single,1,2.155968102145908,2.0297473433940523
BL6-B10BR_HTxB,AV13N-1-CAMERSNNRIFF-AJ31_BV1-CTCSADRVQNTLYF-BJ2-4,single,1,2.3317663774021273,1.7691161177699126
BL6-B10BR_HTxB,AV13N-1-CAMERSNNRIFF-AJ31_BV1-CTCSADWGNYAEQFF-BJ2-1,single,2,0.9800552218222334,0.7119038544532881
BL6-B10BR_HTxB,AV13N-1-CAMERSNNRIFF-AJ31_BV1-CTCSALGGDTLYF-BJ2-4,single,1,1.9609640474436814,1.6438561897747244
BL6-B10BR_HTxB,AV13N-1-CAMERSNNRIFF-AJ31_BV1-CTCSANWGYEQYF-BJ2-7,single,1,1.5487949406953985,1.1926450779423958
BL6-B10BR_HTxB,AV13N-1-CAMERSNNRIFF-AJ31_BV1-CTCSARQANSDYTF-BJ1-2,single,1,2.10845859334435,1.9556058806415466
BL6-B10BR_HTxB,AV13N-1-CAMERSNNRIFF-AJ31_BV1-CTCSAVRISNERLFF-BJ1-4,single,1,1.5815207543691037,1.0482674313648497
BL6-B10BR_HTxB,AV13N-1-CAMERSNNRIFF-AJ31_BV1-CTCSAVRVDEQYF-BJ2-7,single,1,2.219240704636849,1.5777669993169519
BL6-B10BR_HTxB,AV13N-1-CAMERSNNRIFF-AJ31_BV12-2-CASSPDWGEETQYF-BJ2-5,single,1,0.40452705301085057,0.1620639558271726
BL6-B10BR_HTxB,AV13N-1-CAMERSNNRIFF-AJ31_BV13-1-CASRDINYAEQFF-BJ2-1,single,1,2.2892464285091583,2.032421477692377
BL6-B10BR_HTxB,AV13N-1-CAMERSNNRIFF-AJ31_BV13-1-CASRDWGDYEQYF-BJ2-7,single,1,1.5487949406953985,1.1926450779423958
BL6-B10BR_HTxB,AV13N-1-CAMERSNNRIFF-AJ31_BV13-1-CASSADRGQNTLYF-BJ2-4,single,1,1.584962500721156,1.5849625007211563
BL6-B10BR_HTxB,AV13N-1-CAMERSNNRIFF-AJ31_BV13-1-CASSDWGDYEQYF-BJ2-7,single,1,1.0,1.0
BL6-B10BR_HTxB,AV13N-1-CAMERSNNRIFF-AJ31_BV13-1-CASSPTGLSDYTF-BJ1-2,single,1,2.2998963911678914,2.0608822421470223
BL6-B10BR_HTxB,AV13N-1-CAMERSNNRIFF-AJ31_BV13-2-CASGARTGENYAEQFF-BJ2-1,single,1,0.7195563653739032,0.359934417467107
BL6-B10BR_HTxB,AV13N-1-CAMERSNNRIFF-AJ31_BV13-2-CASGDEQGNQDTQYF-BJ2-5,single,1,0.0,0.0
BL6-B10BR_HTxB,AV13N-1-CAMERSNNRIFF-AJ31_BV13-2-CASGDGLGDYEQYF-BJ2-7,single,1,1.6084776817745998,0.9808624806944813
BL6-B10BR_HTxB,AV13N-1-CAMERSNNRIFF-AJ31_BV13-2-CASGDNYEQYF-BJ2-7,single,1,0.49715018363696706,0.24511249783653147
BL6-B10BR_HTxB,AV13N-1-CAMERSNNRIFF-AJ31_BV13-2-CASGDQGNSGNTLYF-BJ1-3,single,1,1.9896510967881773,1.7359121475762165
BL6-B10BR_HTxB,AV13N-1-CAMERSNNRIFF-AJ31_BV13-2-CASGGQTEVFF-BJ1-1,single,1,2.3879362021442856,2.0810400399035975
BL6-B10BR_HTxB,AV13N-1-CAMERSNNRIFF-AJ31_BV13-3-CASRDRYEQYF-BJ2-7,single,2,1.1446232142545791,1.0162107388461887
BL6-B10BR_HTxB,AV13N-1-CAMERSNNRIFF-AJ31_BV13-3-CASSDPGEDQAPLF-BJ1-5,single,1,1.5,1.415037499278844
BL6-B10BR_HTxB,AV13N-1-CAMERSNNRIFF-AJ31_BV13-3-CASSDRYEQYF-BJ2-7,single,1,1.75,1.5405683813627027
BL6-B10BR_HTxB,AV13N-1-CAMERSNNRIFF-AJ31_BV17-CASRSRDIYNSPLYF-BJ1-6,single,1,1.584962500721156,1.5849625007211563
BL6-B10BR_HTxB,AV13N-1-CAMERSNNRIFF-AJ31_BV17-CASSRTGGAETLYF-BJ2-3,single,1,1.4913146570363986,1.2451124978365316
BL6-B10BR_HTxB,AV13N-1-CAMERSNNRIFF-AJ31_BV19-CASSIGRTVNTLYF-BJ1-3,single,1,1.584962500721156,1.0824621601919733
BL6-B10BR_HTxB,AV13N-1-CAMERSNNRIFF-AJ31_BV19-CASSTGGAGEQYF-BJ2-7,single,1,1.2958363892911637,1.1884450894131102
BL6-B10BR_HTxB,AV13N-1-CAMERSNNRIFF-AJ31_BV2-CARSQDRRGDTQYF-BJ2-5,single,1,1.836591668108979,1.6959938131099002
BL6-B10BR_HTxB,AV13N-1-CAMERSNNRIFF-AJ31_BV2-CASSLGPSYEQYF-BJ2-7,single,1,1.3709505944546687,1.1844245711374273
BL6-B10BR_HTxB,AV13N-1-CAMERSNNRIFF-AJ31_BV2-CASSQDRRGDTQYF-BJ2-5,single,140,1.7112052472572128,1.4386336759067373
BL6-B10BR_HTxB,AV13N-1-CAMERSNNRIFF-AJ31_BV2-CASSQDRRGGEQYF-BJ2-7,single,58,1.7595039840663378,1.5011702584560553
BL6-B10BR_HTxB,AV13N-1-CAMERSNNRIFF-AJ31_BV2-CASSQDRRGNTQYF-BJ2-5,single,1,1.6266888497018317,1.1552782254779106
BL6-B10BR_HTxB,AV13N-1-CAMERSNNRIFF-AJ31_BV2-CASSQDWGGNEQYF-BJ2-7,single,1,1.867633890971212,1.492598482572497
BL6-B10BR_HTxB,AV13N-1-CAMERSNNRIFF-AJ31_BV2-CASSQERWPETLYF-BJ2-3,single,1,1.0144044449514424,0.5353712583466461
BL6-B10BR_HTxB,AV13N-1-CAMERSNNRIFF-AJ31_BV2-CASSQNRRGDTQYF-BJ2-5,single,1,2.81162761699852,2.415037499278844
BL6-B10BR_HTxB,AV13N-1-CAMERSNNRIFF-AJ31_BV3-CASSLGQISNERLFF-BJ1-4,single,2,0.29583638929116374,0.20262823924312925
BL6-B10BR_HTxB,AV13N-1-CAMERSNNRIFF-AJ31_BV3-CASSLGQISYEQYF-BJ2-7,single,1,2.2062389286533897,1.931138141855196
BL6-B10BR_HTxB,AV13N-1-CAMERSNNRIFF-AJ31_BV3-CASSLGTGYEQYF-BJ2-7,single,2,1.1783898247235198,0.9717082358168164
BL6-B10BR_HTxB,AV13N-1-CAMERSNNRIFF-AJ31_BV3-CASSSGTGYEQYF-BJ2-7,single,1,1.7300564103199663,1.1703003611532599
BL6-B10BR_HTxB,AV13N-1-CAMERSNNRIFF-AJ31_BV31-CAWSLGGADTQYF-BJ2-5,single,1,0.9219280948873623,0.599462070416271
BL6-B10BR_HTxB,AV13N-1-CAMERSNNRIFF-AJ31_BV31-CAWSLPGGVNERLFF-BJ1-4,single,1,2.321928094887362,2.321928094887362
BL6-B10BR_HTxB,AV13N-1-CAMERSNNRIFF-AJ31_BV31-CAWSPDANTEVFF-BJ1-1,single,1,2.534917031081684,2.094434801858049
BL6-B10BR_HTxB,AV13N-1-CAMERSNNRIFF-AJ31_BV5-CASSQARANERLFF-BJ1-4,single,1,2.751629167387823,2.4694852833012204
BL6-B10BR_HTxB,AV13N-1-CAMERSNNRIFF-AJ31_BV5-CASSQDRGREQYF-BJ2-7,single,1,1.8322488896002307,1.5272470028648688
BL6-B10BR_HTxB,AV13N-1-CAMERSNNRIFF-AJ31_BV5-CASSQGLGSSYEQYF-BJ2-7,single,1,2.3464393446710154,1.9159357352115252
BL6-B10BR_HTxB,AV13N-1-CAMERSNNRIFL-AJ31_BV13-2-CASGDQGNSGNTLYF-BJ1-3,single,1,0.09794058271817413,0.03651994875311495
BL6-B10BR_HTxB,AV13N-1-CAMERSNNRIFL-AJ31_BV2-CASSQDRRGDTQYF-BJ2-5,single,2,1.420360046963093,0.8343548278003536
BL6-B10BR_HTxB,AV13N-1-CAMERSNNRIFL-AJ31_BV2-CASSQDRRGGEQYF-BJ2-7,single,1,2.2359263506290326,2.155278225477911
BL6-B10BR_HTxB,AV13N-1-CAMERSNNRTFF-AJ31_BV12-2-CASSLGQGAETLYF-BJ2-3,single,1,2.177694271103767,1.7104933828050153
BL6-B10BR_HTxB,AV13N-1-CAMERSNNRVFF-AJ31_BV2-CASSQDRRGDTQYF-BJ2-5,single,1,1.5875272188358713,0.9010581503063646
BL6-B10BR_HTxB,AV13N-1-CAMERSSGSWQLIF-AJ22_BV13-2-CASGDGLGDYEQYF-BJ2-7,single,1,0.6500224216483541,0.46948528330122
BL6-B10BR_HTxB,AV13N-1-CAMERSSNRIFF-AJ31_BV19-CASSIGRTGNTLYF-BJ1-3,single,1,1.8942738697712644,1.5455690624210694
BL6-B10BR_HTxB,AV13N-1-CAMESGGSNYKLTF-AJ53_BV13-1-CASSGHEQYF-BJ2-7,single,1,2.6294817080809567,2.480854097380418
BL6-B10BR_HTxB,AV13N-1-CAMGASSGSWQLIF-AJ22_BV13-3-CASRNSGNTLYF-BJ1-3,single,1,1.854906708438472,1.4537179674429037
BL6-B10BR_HTxB,AV13N-1-CAMKRSNNRIFF-AJ31_BV2-CASSQDRRGDTQYF-BJ2-5,single,1,0.7219280948873623,0.5563933485243849
BL6-B10BR_HTxB,AV13N-1-CAMSNMGYKLTF-AJ9_BV29-CASTPGQGSEQYF-BJ2-7,single,2,1.610964047443681,1.4857154239016146
BL6-B10BR_HTxB,AV13N-1-CAMVLNYAQGLTF-AJ26_BV13-2-CASGAGGQNTLYF-BJ2-4,single,1,2.4628671470807624,2.192074278710068
BL6-B10BR_HTxB,AV13N-3-CAMDTGGLSGKLTF-AJ2_BV26-CASSLDKYEQYF-BJ2-7,single,1,0.0,0.0
BL6-B10BR_HTxB,AV13N-3-CAMKASSFSKLVF-AJ50_BV13-2-CASGDNNAEQFF-BJ2-1,single,1,0.0,0.0
BL6-B10BR_HTxB,AV13N-4-CAINTNTGKLT-AJ27_BV1-CTCSADWGNYTEQFF-BJ2-1,single,1,2.046439344671015,1.8365012677171204
BL6-B10BR_HTxB,AV13N-4-CAINTNTGKLTF-AJ27_BV3-CASSPGQISNERLFF-BJ1-4,single,2,0.8562727390508558,0.5579975952358067
BL6-B10BR_HTxB,AV13N-4-CAINTNTGKLTF-AJ27_BV3-CASSSGTGYEQYF-BJ2-7,single,1,0.08354288831032233,0.030053938229825005
BL6-B10BR_HTxB,AV13N-4-CALDPSNTNKVVF-AJ34_BV31-CAWSLGGAEQFF-BJ2-1,single,1,1.8942738697712644,1.5455690624210692
BL6-B10BR_HTxB,AV13N-4-CALLNTGKLTF-AJ27_BV29-CASSWDRVYEQYF-BJ2-7,single,1,1.6387838670649266,1.3805716355612194
BL6-B10BR_HTxB,AV13N-4-CAMDPSGSWQLIF-AJ22_BV16-CASSLGTGGSDYTF-BJ1-2,single,1,0.0,0.0
BL6-B10BR_HTxB,AV13N-4-CAMDYAQGLTF-AJ26_BV16-CASSLDTEVFF-BJ1-1,single,1,2.5618482395890236,2.5393292719153298
BL6-B10BR_HTxB,AV13N-4-CAMEPSSSFSKLVF-AJ50_BV13-2-CASGDGLGDYEQYF-BJ2-7,single,1,0.9233767921376649,0.43679205191936527
BL6-B10BR_HTxB,AV13N-4-CAMEPSSSFSKLVF-AJ50_BV31-CAWSLGGAEQFF-BJ2-1,single,5,0.9045773666321868,0.6115779781312789
BL6-B10BR_HTxB,AV13N-4-CAMEQVVGQLTF-AJ5_BV16-CASSLGREQYF-BJ2-7,single,1,2.046439344671015,1.8365012677171204
BL6-B10BR_HTxB,AV13N-4-CAMERGTGSNRLTF-AJ28_BV13-2-CASGDEGAYNSPLYF-BJ1-6,single,1,0.8652620340249801,0.4194834043100358
BL6-B10BR_HTxB,AV13N-4-CAMGDTNAYKVIF-AJ30_BV13-2-CASGTVYEQYF-BJ2-7,single,1,1.6049355947431312,1.2746223801090057
BL6-B10BR_HTxB,AV13N-4-CAMGDTNAYKVIF-AJ30_BV13-3-CASSGGPSSYEQYF-BJ2-7,single,1,1.3752793655393794,1.0193653248669312
BL6-B10BR_HTxB,AV13N-4-CAMGSNYNVLYF-AJ21_BV19-CASSITGGREQYF-BJ2-7,single,1,1.75,1.5405683813627027
BL6-B10BR_HTxB,AV14-1-CAANYNVLYF-AJ21_BV3-CASSFSGGYEQYF-BJ2-7,single,1,1.9220231428515733,1.8462905846045468
BL6-B10BR_HTxB,AV14-1-CAARNTEGADRLTF-AJ45_BV3-CASSFSGGYEQYF-BJ2-7,single,15,0.6041354973815147,0.3122055792404504
BL6-B10BR_HTxB,AV14-1-CAARYTEGADGLTF-AJ45_BV3-CASSLAGGYEQYF-BJ2-7,single,1,0.37123232664087563,0.20531890797750652
BL6-B10BR_HTxB,AV14-1-CAARYTEGADRLTF-AJ45_BV13-2-CASGAGGQNTLYF-BJ2-4,single,1,0.4854607607459134,0.3010981724649231
BL6-B10BR_HTxB,AV14-1-CAARYTEGADRLTF-AJ45_BV3-CASSLAGGYEQYF-BJ2-7,single,12,1.0135220139521735,0.6417116348381732
BL6-B10BR_HTxB,AV14-1-CAASADSNNRIFF-AJ31_BV5-CASSQDRGREQYF-BJ2-7,single,1,2.0,1.6780719051126376
BL6-B10BR_HTxB,AV14-1-CAASADTGNYKYVF-AJ40_BV13-2-CASGDEGNSDYTF-BJ1-2,single,1,2.4980775466236413,2.2441883449377924
BL6-B10BR_HTxB,AV14-1-CAASANTGYQNFYF-AJ49_BV17-CASSNRSNERLFF-BJ1-4,single,1,1.2917601481809735,0.7858751946471529
BL6-B10BR_HTxB,AV14-1-CAASASSGSWQLIF-AJ22_BV31-CAWSRTGGDTQYF-BJ2-5,single,1,1.7382689280764645,1.305986551018341
BL6-B10BR_HTxB,AV14-1-CAASAYYNQGKLIF-AJ23_BV13-2-CASGDADRGQEQYF-BJ2-7,single,1,1.9669171866886992,1.4764380439429872
BL6-B10BR_HTxB,AV14-1-CAASGGTGYQNFYF-AJ49_BV13-1-CASSVAGREQYF-BJ2-7,single,1,2.3716535224393334,2.2157286910554372
BL6-B10BR_HTxB,AV14-1-CAASGNTNKVVF-AJ34_BV20-CGASNWGSYEQYF-BJ2-7,single,1,3.1443710778907263,3.001980364128241
BL6-B10BR_HTxB,AV14-1-CAASGNTNKVVF-AJ34_BV29-CASSLGLGVEQYF-BJ2-7,single,2,2.8158899898358145,2.540094088726293
BL6-B10BR_HTxB,AV14-1-CAASIASSSFSKLVF-AJ50_BV29-CASSFWGVAEQFF-BJ2-1,single,1,0.41381685030363374,0.2391876638794263
BL6-B10BR_HTxB,AV14-1-CAASNNAGAKLTF-AJ39_BV31-CAWSLWGSTLYF-BJ2-3,single,1,2.8430741894285694,2.601211852366231
BL6-B10BR_HTxB,AV14-2-CAAESSGSWQLIF-AJ22_BV13-1-CASSDRNTLYF-BJ2-4,single,1,1.4949188482339508,1.4270101409449198
BL6-B10BR_HTxB,AV14-2-CAAGSGGSNAKLTF-AJ42_BV2-CASSQDRRGDTQYF-BJ2-5,single,1,2.217021885879718,1.914270125974116
BL6-B10BR_HTxB,AV14-2-CAAIDSNNRIFF-AJ31_BV13-1-CASSGGGYAEQFF-BJ2-1,single,1,1.483831706844689,1.1228567477855331
BL6-B10BR_HTxB,AV14-2-CAAIDSNNRIFF-AJ31_BV13-3-CASSGGHLNTEVFF-BJ1-1,single,8,0.41331218519266777,0.17216278392803547
BL6-B10BR_HTxB,AV14-2-CAAIDSNNRIFF-AJ31_BV19-CASSIGRTGNTLYF-BJ1-3,single,1,0.7742433029172697,0.46794903031728674
BL6-B10BR_HTxB,AV14-2-CAAIDSNNRIFF-AJ31_BV3-CASSLGFQDTQYF-BJ2-5,single,1,0.813838554025887,0.3857594319575688
BL6-B10BR_HTxB,AV14-2-CAAPSSGSWQLIF-AJ22_BV3-CASSQGQISNERLFF-BJ1-4,single,1,0.806434841718179,0.398526031343695
BL6-B10BR_HTxB,AV14-2-CAARADTGNYKYVF-AJ40_BV1-CTCSAGTQNTGQLYF-BJ2-2,single,1,1.0189079997716872,0.4829883438838398
BL6-B10BR_HTxB,AV14-2-CAAREGGRALIF-AJ15_BV2-CASSQEMPYEQYF-BJ2-7,single,1,2.826245258402609,2.6195197227575244
BL6-B10BR_HTxB,AV14-2-CAARGNYNQG-AJ23_BV17-CASSRDWDRAYNSPLYF-BJ1-6,single,1,1.584962500721156,1.5849625007211563
BL6-B10BR_HTxB,AV14-2-CAARGNYNQGKLIF-AJ23_BV13-3-CASSDAGTEVFF-BJ1-1,single,1,1.4445763157381135,0.872042380521601
BL6-B10BR_HTxB,AV14-2-CAARGNYNQGKLSF-AJ23_BV5-CASSQVRDERLFF-BJ1-4,single,1,1.9502120649147465,1.9142701259741162
BL6-B10BR_HTxB,AV14-2-CAARGSALGR-AJ18_BV31-CAWDYQDTQYF-BJ2-5,single,1,2.2516291673878226,2.1699250014423126
BL6-B10BR_HTxB,AV14-2-CAARGSALGRLHF-AJ18_BV12-2-CASSQDSSKNTLYF-BJ2-4,single,1,0.6292492238560345,0.4460064774366097
BL6-B10BR_HTxB,AV14-2-CAARGSALGRLHF-AJ18_BV12-2-CASSQDSSQNTLYF-BJ2-4,single,15,1.332444089174057,0.9950715048638761
BL6-B10BR_HTxB,AV14-2-CAARGSALGRLHF-AJ18_BV17-CASSRGQGYTGQLYF-BJ2-2,single,1,0.9709505944546686,0.9434164716336325
BL6-B10BR_HTxB,AV14-2-CAARGSALGRLHF-AJ18_BV2-CASSQDRRGDTQYF-BJ2-5,single,1,1.8676338909712125,1.492598482572497
BL6-B10BR_HTxB,AV14-2-CAARRGTNAYKVIF-AJ30_BV1-CTCSADRFYEQYF-BJ2-7,single,1,2.765535941613833,2.6510047780810986
BL6-B10BR_HTxB,AV14-2-CAARTGGYKVVF-AJ12_BV5-CASSQGTGGREVFF-BJ1-1,single,1,3.0097378258236955,2.870298856630991
BL6-B10BR_HTxB,AV14-2-CAASAASGYNKLTF-AJ11_BV1-CTCSAVRISNERLFF-BJ1-4,single,1,0.9295883344035215,0.5258980886284101
BL6-B10BR_HTxB,AV14-2-CAASAASGYNKLTF-AJ11_BV3-CASSRTGGGYEQYF-BJ2-7,single,1,1.8910611120726526,1.816288046827612
BL6-B10BR_HTxB,AV14-2-CAASADAGNYKYVF-AJ40_BV13-3-CASSDPGEDQAPLF-BJ1-5,single,1,1.1216407621868583,0.891475543221831
BL6-B10BR_HTxB,AV14-2-CAASADAGNYKYVF-AJ40_BV2-CASSQDRRGDTQYF-BJ2-5,single,1,2.653811355748633,2.5672604989876975
BL6-B10BR_HTxB,AV14-2-CAASADTGNYECVF-AJ40_BV31-CAWSLGNYAEQFF-BJ2-1,single,1,1.9219280948873623,1.8365012677171204
BL6-B10BR_HTxB,AV14-2-CAASADTGNYEYVI-AJ40_BV1-CTCSADRVQGTQYF-BJ2-5,single,1,1.9335839501534648,1.2389753055320518
BL6-B10BR_HTxB,AV14-2-CAASADTGNYKHVF-AJ40_BV31-CAWTFSNERLFF-BJ1-4,single,1,2.9195755476544014,2.612495684477301
BL6-B10BR_HTxB,AV14-2-CAASADTGNYKIRL-AJ40_BV19-CASSSSGTTNQAPLF-BJ1-5,single,1,1.2228229793778245,0.9911218486535475
BL6-B10BR_HTxB,AV14-2-CAASADTGNYKIRL-AJ40_BV29-CASSQGANTGQLYF-BJ2-2,single,1,1.0,1.0
BL6-B10BR_HTxB,AV14-2-CAASADTGNYKYV-AJ40_BV2-CASSQDRRGDTQYF-BJ2-5,single,1,2.0,1.6780719051126376
BL6-B10BR_HTxB,AV14-2-CAASADTGNYKYV-AJ40_BV31-CAWSLRDINERLFF-BJ1-4,single,1,0.4206685929680136,0.17274213121939672
BL6-B10BR_HTxB,AV14-2-CAASADTGNYKYV-AJ40_BV5-CASSQGLGGAEQFF-BJ2-1,single,1,2.2334585933443494,2.0
BL6-B10BR_HTxB,AV14-2-CAASADTGNYKYVF-AJ40_BV1-CTCSAARINTEVFF-BJ1-1,single,2,0.4079365570906052,0.18981427130563674
BL6-B10BR_HTxB,AV14-2-CAASADTGNYKYVF-AJ40_BV1-CTCSADRFYEQYF-BJ2-7,single,1,2.3244093931715555,2.169925001442312
BL6-B10BR_HTxB,AV14-2-CAASADTGNYKYVF-AJ40_BV1-CTCSADRVQGTQYF-BJ2-5,single,1,1.8708784271213472,1.6512718457689224
BL6-B10BR_HTxB,AV14-2-CAASADTGNYKYVF-AJ40_BV1-CTCSADWGNYAEQFF-BJ2-1,single,2,1.4842664873951614,1.1549167427824016
BL6-B10BR_HTxB,AV14-2-CAASADTGNYKYVF-AJ40_BV1-CTCSAGTQNTGQLYF-BJ2-2,single,1,1.0622698109081752,0.6547079120471273
BL6-B10BR_HTxB,AV14-2-CAASADTGNYKYVF-AJ40_BV1-CTCSAVRISNERLFF-BJ1-4,single,2,0.5693432762891588,0.32318152269264966
BL6-B10BR_HTxB,AV14-2-CAASADTGNYKYVF-AJ40_BV1-CTCSAVRVDEQYF-BJ2-7,single,1,0.9933927290103626,0.5737352452979021
BL6-B10BR_HTxB,AV14-2-CAASADTGNYKYVF-AJ40_BV1-CTCSAVRVSAETLYF-BJ2-3,single,1,0.9106201924379622,0.42322408067338824
BL6-B10BR_HTxB,AV14-2-CAASADTGNYKYVF-AJ40_BV1-CTCSGDRGGNERLFF-BJ1-4,single,1,2.8041501561482267,2.4814579249672963
BL6-B10BR_HTxB,AV14-2-CAASADTGNYKYVF-AJ40_BV1-CTCSVGHISNERLFF-BJ1-4,single,1,2.9053323495842474,2.707273909229401
BL6-B10BR_HTxB,AV14-2-CAASADTGNYKYVF-AJ40_BV12-2-CASSLEGADTEVFF-BJ1-1,single,1,0.8323494188118228,0.3838614203679006
BL6-B10BR_HTxB,AV14-2-CAASADTGNYKYVF-AJ40_BV13-1-CASSDARVGEQYF-BJ2-7,single,1,0.4350218963844825,0.21233268473647743
BL6-B10BR_HTxB,AV14-2-CAASADTGNYKYVF-AJ40_BV13-1-CASSGGVYAEQFF-BJ2-1,single,1,0.0,0.0
BL6-B10BR_HTxB,AV14-2-CAASADTGNYKYVF-AJ40_BV13-1-CASSQSTEVFF-BJ1-1,single,1,1.0970817135542688,0.9616498270106439
BL6-B10BR_HTxB,AV14-2-CAASADTGNYKYVF-AJ40_BV13-1-CASSVAGREQYF-BJ2-7,single,1,1.5325133434811156,0.9914481371351942
BL6-B10BR_HTxB,AV14-2-CAASADTGNYKYVF-AJ40_BV13-1-CASSVGWGETLYF-BJ2-3,single,1,1.0226232093249572,0.9001993930095586
BL6-B10BR_HTxB,AV14-2-CAASADTGNYKYVF-AJ40_BV13-1-CASTSSAETLYF-BJ2-3,single,1,2.6081152797942577,2.387330570109002
BL6-B10BR_HTxB,AV14-2-CAASADTGNYKYVF-AJ40_BV13-2-CASGAGGQNTLYF-BJ2-4,single,1,2.192005835492107,1.9090263399525098
BL6-B10BR_HTxB,AV14-2-CAASADTGNYKYVF-AJ40_BV13-2-CASGARTGENYAEQFF-BJ2-1,single,3,1.2365669350150583,1.0009849957467327
BL6-B10BR_HTxB,AV14-2-CAASADTGNYKYVF-AJ40_BV13-2-CASGDARDNQAPLF-BJ1-5,single,1,0.6411783624216639,0.2746316029981184
BL6-B10BR_HTxB,AV14-2-CAASADTGNYKYVF-AJ40_BV13-2-CASGDEGTYNSPLYF-BJ1-6,single,1,0.47976397827007167,0.21637296706966738
BL6-B10BR_HTxB,AV14-2-CAASADTGNYKYVF-AJ40_BV13-2-CASGDGYEQYF-BJ2-7,single,1,2.1852769531584046,1.8163749273817251
BL6-B10BR_HTxB,AV14-2-CAASADTGNYKYVF-AJ40_BV13-2-CASGDQGNSGNTLYF-BJ1-3,single,1,1.584351752036004,1.1113934104977177
BL6-B10BR_HTxB,AV14-2-CAASADTGNYKYVF-AJ40_BV13-2-CASGDRANSDYTF-BJ1-2,single,1,0.0,0.0
BL6-B10BR_HTxB,AV14-2-CAASADTGNYKYVF-AJ40_BV13-2-CASGEQYF-BJ2-7,single,1,0.4021791902022728,0.22972065679027354
BL6-B10BR_HTxB,AV14-2-CAASADTGNYKYVF-AJ40_BV13-2-CASGTGGQNTLYF-BJ2-4,single,1,1.3767222892342827,1.0021389107563348
BL6-B10BR_HTxB,AV14-2-CAASADTGNYKYVF-AJ40_BV13-3-CASSDIYEQYF-BJ2-7,single,1,0.39045213081320695,0.1773962508734473
BL6-B10BR_HTxB,AV14-2-CAASADTGNYKYVF-AJ40_BV13-3-CASSDPGEDQAPLF-BJ1-5,single,115,1.447921937188475,1.1315069837630816
BL6-B10BR_HTxB,AV14-2-CAASADTGNYKYVF-AJ40_BV13-3-CASSDPGEGQAPLF-BJ1-5,single,1,1.7351334989015765,1.3229080757068086
BL6-B10BR_HTxB,AV14-2-CAASADTGNYKYVF-AJ40_BV13-3-CASSDVRTSQNTLYF-BJ2-4,single,1,1.0525624411860672,0.505404549266616
BL6-B10BR_HTxB,AV14-2-CAASADTGNYKYVF-AJ40_BV13-3-CASSETGPEVFF-BJ1-1,single,1,0.2901460494685198,0.10955330732009419
BL6-B10BR_HTxB,AV14-2-CAASADTGNYKYVF-AJ40_BV17-CASRSRDIYNSPLYF-BJ1-6,single,1,2.287783719941071,2.0433274316641006
BL6-B10BR_HTxB,AV14-2-CAASADTGNYKYVF-AJ40_BV17-CASSNWGAEQFF-BJ2-1,single,1,1.319620616713037,1.119040261417219
BL6-B10BR_HTxB,AV14-2-CAASADTGNYKYVF-AJ40_BV17-CASSRLGSSYEQYF-BJ2-7,single,2,1.7458786858278112,1.6071723055459521
BL6-B10BR_HTxB,AV14-2-CAASADTGNYKYVF-AJ40_BV19-CASRGFAEQFF-BJ2-1,single,1,1.3654157660092412,0.8539849763945478
BL6-B10BR_HTxB,AV14-2-CAASADTGNYKYVF-AJ40_BV19-CASSIGRTGNTLYF-BJ1-3,single,1,1.3787834934861753,1.222392421336448
BL6-B10BR_HTxB,AV14-2-CAASADTGNYKYVF-AJ40_BV19-CASSIGRTGREVFF-BJ1-1,single,1,0.9839393951635756,0.9683479325822737
BL6-B10BR_HTxB,AV14-2-CAASADTGNYKYVF-AJ40_BV2-CASSQDEISNERLFF-BJ1-4,single,1,0.8314743880097293,0.7079524674957396
BL6-B10BR_HTxB,AV14-2-CAASADTGNYKYVF-AJ40_BV2-CASSQDRRGDTQYF-BJ2-5,single,2,0.7056735687437632,0.47641772285928696
BL6-B10BR_HTxB,AV14-2-CAASADTGNYKYVF-AJ40_BV29-CASSWDRVYEQYF-BJ2-7,single,1,1.55241375221264,1.1884450894131104
BL6-B10BR_HTxB,AV14-2-CAASADTGNYKYVF-AJ40_BV3-CASSLDWGASAETLYF-BJ2-3,single,1,1.3244602933016414,0.9556058806415466
BL6-B10BR_HTxB,AV14-2-CAASADTGNYKYVF-AJ40_BV3-CASSLGQISNERLFF-BJ1-4,single,1,1.5487949406953985,1.1926450779423958
BL6-B10BR_HTxB,AV14-2-CAASADTGNYKYVF-AJ40_BV3-CASSLSSYEQYF-BJ2-7,single,1,0.965786681969198,0.47145662732130383
BL6-B10BR_HTxB,AV14-2-CAASADTGNYKYVF-AJ40_BV3-CASSSGQGHEQYF-BJ2-7,single,1,1.0,1.0
BL6-B10BR_HTxB,AV14-2-CAASADTGNYKYVF-AJ40_BV3-CASSSGQISNERLFF-BJ1-4,single,1,0.8202854332605448,0.42551862648236316
BL6-B10BR_HTxB,AV14-2-CAASADTGNYKYVF-AJ40_BV3-CASSSGTGYEQYF-BJ2-7,single,1,0.34866819407114685,0.13948081418714903
BL6-B10BR_HTxB,AV14-2-CAASADTGNYKYVF-AJ40_BV3-CASSTRDRAYEQYF-BJ2-7,single,1,2.073687139416319,1.835675051124581
BL6-B10BR_HTxB,AV14-2-CAASADTGNYKYVF-AJ40_BV4-CASSSPYEQYF-BJ2-7,single,1,1.3566720470966025,1.1110712767938182
BL6-B10BR_HTxB,AV14-2-CAASADTGNYKYVF-AJ40_BV4-CASSWTGRAEQFF-BJ2-1,single,1,1.6577427265048887,1.3856536924977494
BL6-B10BR_HTxB,AV14-2-CAASADTGNYKYVF-AJ40_BV5-CASSHRDNNERLFF-BJ1-4,single,1,2.8491791569393747,2.559427408614019
BL6-B10BR_HTxB,AV14-2-CAASADTGNYKYVF-AJ40_BV5-CASSQAGGANERLFF-BJ1-4,single,1,1.3056765551721266,1.0825237556527176
BL6-B10BR_HTxB,AV14-2-CAASADTGNYKYVF-AJ40_BV5-CASSQDRSQNTLYF-BJ2-4,single,1,2.4335218901870626,2.04920399800077
BL6-B10BR_HTxB,AV14-2-CAASADTGNYKYVF-AJ40_BV5-CASSQSGGSQNTLYF-BJ2-4,single,1,2.0,2.0
BL6-B10BR_HTxB,AV14-2-CAASADTGNYKYVI-AJ40_BV13-2-CASGTGGQNTLYF-BJ2-4,single,1,0.2974722489192896,0.15155911897135438
BL6-B10BR_HTxB,AV14-2-CAASADTGNYKYVS-AJ40_BV3-CASSLSSYEQYF-BJ2-7,single,1,0.6067611667064879,0.266831736098765
BL6-B10BR_HTxB,AV14-2-CAASADTGNYKYVY-AJ40_BV2-CASSQDRRGDTQYF-BJ2-5,single,1,1.8423709931771084,1.7078192485066899
BL6-B10BR_HTxB,AV14-2-CAASADTGNYRY-AJ40_BV19-CASSIGRTGREVFF-BJ1-1,single,1,1.1660870601063933,0.975253337664314
BL6-B10BR_HTxB,AV14-2-CAASADYANKMIF-AJ47_BV13-1-CASSADRGQNTLYF-BJ2-4,single,1,0.44611935585696805,0.1809571340673373
BL6-B10BR_HTxB,AV14-2-CAASADYANKMIF-AJ47_BV3-CASSLGQISNERLFF-BJ1-4,single,1,0.771253018560306,0.36910863331093496
BL6-B10BR_HTxB,AV14-2-CAASAETGGYKVVF-AJ12_BV1-CTCSAATDTEVFF-BJ1-1,single,1,0.0,0.0
BL6-B10BR_HTxB,AV14-2-CAASAETGGYKVVF-AJ12_BV13-2-CASGELGGHTGQLYF-BJ2-2,single,5,1.4049509043087784,1.0393973250255248
BL6-B10BR_HTxB,AV14-2-CAASAETGGYKVVF-AJ12_BV3-CASSLARGYEQYF-BJ2-7,single,1,0.0,0.0
BL6-B10BR_HTxB,AV14-2-CAASAETGGYKVVF-AJ12_BV3-CASSLSSYEQYF-BJ2-7,single,1,0.345117314944953,0.18558508960420406
BL6-B10BR_HTxB,AV14-2-CAASAETGGYKVVF-AJ12_BV3-CASSPGQISNERLFF-BJ1-4,single,1,0.6321053595704539,0.2815393646587676
BL6-B10BR_HTxB,AV14-2-CAASAETGGYKVVF-AJ12_BV3-CASSSGTGYEQYF-BJ2-7,single,1,1.0414721079478886,0.5353712583466463
BL6-B10BR_HTxB,AV14-2-CAASAETGGYKVVF-AJ12_BV31-CAWSLGGSDYTF-BJ1-2,single,1,0.5229784263810124,0.26701425674633933
BL6-B10BR_HTxB,AV14-2-CAASAGGSNAK-AJ42_BV2-CASSQDRRGDTQYF-BJ2-5,single,1,1.4594316186372973,0.8744691179161406
BL6-B10BR_HTxB,AV14-2-CAASAGNYKYVF-AJ40_BV1-CTCSAVRVDEQYF-BJ2-7,single,1,1.746465798504072,1.584962500721156
BL6-B10BR_HTxB,AV14-2-CAASAGSGYNKLTF-AJ11_BV13-1-CASSDWEDYAEQFF-BJ2-1,single,1,1.0,1.0
BL6-B10BR_HTxB,AV14-2-CAASAGTGNCKYVF-AJ40_BV1-CTCSAATDTEVFF-BJ1-1,single,1,0.8190649592504855,0.41106859707589816
BL6-B10BR_HTxB,AV14-2-CAASAGTGNYKYVF-AJ40_BV13-2-CASGEGTPNSDYTF-BJ1-2,single,1,0.8521364334963357,0.4602841241521991
BL6-B10BR_HTxB,AV14-2-CAASAHSGTYQRF-AJ13_BV13-1-CASSDTGGNTEVFF-BJ1-1,single,1,1.0,1.0
BL6-B10BR_HTxB,AV14-2-CAASANSGTYQRF-AJ13_BV15-CASSLGQEYEQYF-BJ2-7,single,1,2.6416041678685933,2.4329594072761065
BL6-B10BR_HTxB,AV14-2-CAASASSGSWQLIF-AJ22_BV1-CTCSADWGNYAEQFF-BJ2-1,single,1,0.9487692967084506,0.506959988719883
BL6-B10BR_HTxB,AV14-2-CAASASSGSWQLIF-AJ22_BV19-CASSIGRTGNTLYF-BJ1-3,single,1,2.5996659733039564,2.2954558835261714
BL6-B10BR_HTxB,AV14-2-CAASASSGSWQLIF-AJ22_BV3-CASSPGLGGYAEQFF-BJ2-1,single,1,2.2359263506290326,2.155278225477911
BL6-B10BR_HTxB,AV14-2-CAASASSGSWQLIF-AJ22_BV31-CAWGQGGQDTQYF-BJ2-5,single,2,1.2914306102452808,1.1005683043689753
BL6-B10BR_HTxB,AV14-2-CAASASSGSWQLIF-AJ22_BV31-CAWSLAGAGNTLYF-BJ1-3,single,1,2.437065831519022,2.156005024002546
BL6-B10BR_HTxB,AV14-2-CAASASSGSWQLIF-AJ22_BV31-CAWSLAGSGNTLYF-BJ1-3,single,8,1.6481654624149895,1.4663828430105883
BL6-B10BR_HTxB,AV14-2-CAASASSGSWQLIF-AJ22_BV31-CAWSLGGAGTEVFF-BJ1-1,single,1,2.8665871058289594,2.7486609277985807
BL6-B10BR_HTxB,AV14-2-CAASASSGSWQLIF-AJ22_BV31-CAWSLGGASAETLYF-BJ2-3,single,1,1.6954618442383218,1.2863041851566408
BL6-B10BR_HTxB,AV14-2-CAASASSGSWQLIF-AJ22_BV31-CAWSLGGSAETLYF-BJ2-3,single,4,1.8507339400997247,1.7306449465242297
BL6-B10BR_HTxB,AV14-2-CAASASSGSWQLIF-AJ22_BV4-CASSSGTGSSAETLYF-BJ2-3,single,1,1.3709505944546687,1.1844245711374273
BL6-B10BR_HTxB,AV14-2-CAASDSAGNKLTF-AJ17_BV3-CASSLGTGYEQYF-BJ2-7,single,2,1.6927281007571215,1.2197304175598704
BL6-B10BR_HTxB,AV14-2-CAASDSGYNKLTF-AJ11_BV3-CASSEGANERLFF-BJ1-4,single,1,0.9709505944546686,0.9434164716336325
BL6-B10BR_HTxB,AV14-2-CAASEASSGQKLVF-AJ16_BV1-CTCSAVQIQDTQYF-BJ2-5,single,3,1.4063124735149506,0.9789375971495303
BL6-B10BR_HTxB,AV14-2-CAASEDNYAQGLTF-AJ26_BV13-3-CASSDPGEDQAPLF-BJ1-5,single,1,1.3709505944546687,1.1844245711374273
BL6-B10BR_HTxB,AV14-2-CAASEDTGNYKYVF-AJ40_BV13-3-CASSDVNQAPLF-BJ1-5,single,1,0.8030717273241024,0.4943599519402494
BL6-B10BR_HTxB,AV14-2-CAASEDTGNYKYVF-AJ40_BV3-CASSLGQISNERLFF-BJ1-4,single,1,1.6044401601909783,1.0949938249467337
BL6-B10BR_HTxB,AV14-2-CAASESSGSWQLIF-AJ22_BV31-CAWSLITNSDYTF-BJ1-2,single,1,2.4046784730635706,2.252387161634285
BL6-B10BR_HTxB,AV14-2-CAASETSGSWQLIF-AJ22_BV13-1-CASSDVSYEQYF-BJ2-7,single,2,1.275125110504277,0.7936405510880173
BL6-B10BR_HTxB,AV14-2-CAASFSSGSWQLIF-AJ22_BV4-CASSPGLGASAETLYF-BJ2-3,single,3,1.5819385587534323,1.474571854344162
BL6-B10BR_HTxB,AV14-2-CAASGGYNQGK-AJ23_BV13-2-CASGEWDYEQYF-BJ2-7,single,1,0.699752409982052,0.2706537441952484
BL6-B10BR_HTxB,AV14-2-CAASGGYNQGK-AJ23_BV13-2-CASGTGGQNTLYF-BJ2-4,single,1,1.8145876405453019,1.4515491530824274
BL6-B10BR_HTxB,AV14-2-CAASGGYNQGKLIF-AJ23_BV1-CTCSAGGGYAEQFF-BJ2-1,single,1,0.0,0.0
BL6-B10BR_HTxB,AV14-2-CAASGGYNQGKLIF-AJ23_BV1-CTCSAGNERLFF-BJ1-4,single,1,2.970772169155139,2.8211442269472005
BL6-B10BR_HTxB,AV14-2-CAASGGYNQGKLIF-AJ23_BV1-CTCSALGGDTLYF-BJ2-4,single,1,0.6001417004764057,0.2592213527225944
BL6-B10BR_HTxB,AV14-2-CAASGGYNQGKLIF-AJ23_BV13-1-CASSDQGTEVFF-BJ1-1,single,1,0.9709505944546686,0.9434164716336325
BL6-B10BR_HTxB,AV14-2-CAASGGYNQGKLIF-AJ23_BV13-1-CASSSGTPNTEVFF-BJ1-1,single,1,0.9933927290103626,0.5737352452979021
BL6-B10BR_HTxB,AV14-2-CAASGGYNQGKLIF-AJ23_BV3-CASSLGFQDTQYF-BJ2-5,single,73,0.6869372580900712,0.38037753263793916
BL6-B10BR_HTxB,AV14-2-CAASGGYNQGKLIF-AJ23_BV3-CASSRGQISNERLFF-BJ1-4,single,1,0.5918552377586463,0.2381905150172681
BL6-B10BR_HTxB,AV14-2-CAASGGYNQGKLIF-AJ23_BV3-CASSSGTGYEQYF-BJ2-7,single,1,1.2888124778722003,0.6799700495817602
BL6-B10BR_HTxB,AV14-2-CAASGNAGAKLTF-AJ39_BV13-2-CASGDARDNQAPLF-BJ1-5,single,1,0.9861085833598243,0.44445094358973036
BL6-B10BR_HTxB,AV14-2-CAASGNAGAKLTF-AJ39_BV13-2-CASGDPGGDAETLYF-BJ2-3,single,4,0.37852947836475914,0.21651926081402942
BL6-B10BR_HTxB,AV14-2-CAASGTGNYKYVF-AJ40_BV3-CASSLYRVDEQYF-BJ2-7,single,1,0.8112781244591328,0.6780719051126377
BL6-B10BR_HTxB,AV14-2-CAASGTNTGKLTF-AJ27_BV1-CTCSAVRVDEQYF-BJ2-7,single,1,3.202819531114783,3.0931094043914813
BL6-B10BR_HTxB,AV14-2-CAASGTNTGKLTF-AJ27_BV13-2-CASGDGGNSDYTF-BJ1-2,single,1,2.355388542207534,2.1699250014423126
BL6-B10BR_HTxB,AV14-2-CAASHDSGYNKLTF-AJ11_BV1-CTCSATGGNTEVFF-BJ1-1,single,1,1.5,1.415037499278844
BL6-B10BR_HTxB,AV14-2-CAASHNTNTG-AJ27_BV26-CASSLSGTGGDTQYF-BJ2-5,single,1,2.165502639186548,1.5552274200847334
BL6-B10BR_HTxB,AV14-2-CAASHNTNTGKLTF-AJ27_BV1-CTCSAVGFAETLYF-BJ2-3,single,1,0.7259579328280019,0.3738853926125423
BL6-B10BR_HTxB,AV14-2-CAASLNSGGS-AJ42_BV13-3-CASSDIYEQYF-BJ2-7,single,1,1.4488156357251847,1.3667823306716227
BL6-B10BR_HTxB,AV14-2-CAASLNSGGSNAKLTF-AJ42_BV5-CASSPTYSGNTLYF-BJ1-3,single,1,2.5547236077663777,2.3045609629172743
BL6-B10BR_HTxB,AV14-2-CAASMDYANKMIF-AJ47_BV12-2-CASSLEGADTEVFF-BJ1-1,single,1,0.30337483608641397,0.15563753088523788
BL6-B10BR_HTxB,AV14-2-CAASMDYANKMIF-AJ47_BV13-2-CASGTGGQNTLYF-BJ2-4,single,1,1.6796275363413569,1.3868455715687007
BL6-B10BR_HTxB,AV14-2-CAASMDYANKMIF-AJ47_BV3-CASSWTGGHEQYF-BJ2-7,single,1,2.4404817690198763,2.335983690108782
BL6-B10BR_HTxB,AV14-2-CAASNNAGAK-AJ39_BV14-CASSRDNNQAPLF-BJ1-5,single,1,1.5058762556041068,0.9914885001444829
BL6-B10BR_HTxB,AV14-2-CAASNNAGAKLTF-AJ39_BV5-CASSLYWGSAETLYF-BJ2-3,single,1,1.7702834614222898,1.6900445467787137
BL6-B10BR_HTxB,AV14-2-CAASNNRIFF-AJ31_BV19-CASSIGGLGYEQYF-BJ2-7,single,1,2.2221915755066783,1.8744691179161412
BL6-B10BR_HTxB,AV14-2-CAASNSAGNKLT-AJ17_BV19-CASSITNTGQLYF-BJ2-2,single,1,1.0,1.0
BL6-B10BR_HTxB,AV14-2-CAASNSAGNKLTF-AJ17_BV13-1-CASSGTGGFYAEQFF-BJ2-1,single,1,1.2366407419411674,0.8250965044448716
BL6-B10BR_HTxB,AV14-2-CAASNSAGNKLTF-AJ17_BV14-CASSDRYEQYF-BJ2-7,single,1,1.22084994530885,0.7444809975787919
BL6-B10BR_HTxB,AV14-2-CAASNSAGNKLTF-AJ17_BV14-CASTDRGEQYF-BJ2-7,single,1,1.101170903772223,0.8062103801166626
BL6-B10BR_HTxB,AV14-2-CAASNSAGNKLTF-AJ17_BV2-CASSQDLGQGYAEQFF-BJ2-1,single,1,1.0,1.0
BL6-B10BR_HTxB,AV14-2-CAASNSAGNKLTF-AJ17_BV3-CASSLGTGYEQYF-BJ2-7,single,39,1.2295194878781948,0.7888637388757006
BL6-B10BR_HTxB,AV14-2-CAASNSAGNKLTF-AJ17_BV31-CAWSLGNYAEQFF-BJ2-1,single,1,1.2244873795026914,0.6921787079191385
BL6-B10BR_HTxB,AV14-2-CAASNSAGNKLTF-AJ17_BV31-CAWSLWGVEQYF-BJ2-7,single,1,2.070425860265988,1.7927273081891386
BL6-B10BR_HTxB,AV14-2-CAASNTNTGKLTF-AJ27_BV3-CASSLRGSSYEQYF-BJ2-7,single,1,1.5,1.415037499278844
BL6-B10BR_HTxB,AV14-2-CAASPDSNYQLIW-AJ33_BV13-1-CASSGQGSQNTLYF-BJ2-4,single,3,1.0140158576700815,0.5702474304976767
BL6-B10BR_HTxB,AV14-2-CAASPGGYKVVF-AJ12_BV13-3-CASSGGHLNTEVFF-BJ1-1,single,1,0.3574288901404681,0.15798719759499463
BL6-B10BR_HTxB,AV14-2-CAASPSGSWQLIF-AJ22_BV13-1-CASSGGSDYTF-BJ1-2,single,6,0.7619912646131902,0.4079215835072459
BL6-B10BR_HTxB,AV14-2-CAASRGSALGRLHF-AJ18_BV13-2-CASGDAGLGGRQDTQYF-BJ2-5,single,1,1.573402452417767,1.3347902458244119
BL6-B10BR_HTxB,AV14-2-CAASRGSALGRLHF-AJ18_BV16-CASSFTGAEVFF-BJ1-1,single,1,2.0892446619882707,1.9391447946131455
BL6-B10BR_HTxB,AV14-2-CAASRNNCAQGLTF-AJ26_BV2-CASSQEAQDVFF-BJ1-1,single,1,2.4156614701917634,2.308901414591123
BL6-B10BR_HTxB,AV14-2-CAASSGSWQLIF-AJ22_BV17-CASSRGQGYTGQLYF-BJ2-2,single,1,1.804841320376625,1.3037076009454451
BL6-B10BR_HTxB,AV14-2-CAASSGSWQPIF-AJ22_BV17-CASRSRDIYNSPLYF-BJ1-6,single,1,0.0,0.0
BL6-B10BR_HTxB,AV14-2-CAASSNTGNYKYVF-AJ40_BV14-CASSDRYEQYF-BJ2-7,single,1,1.1956217818146277,1.106258687390557
BL6-B10BR_HTxB,AV14-2-CAASSNTGNYKYVF-AJ40_BV3-CASSLDWGWAEQFF-BJ2-1,single,1,1.8423709931771088,1.7078192485066896
BL6-B10BR_HTxB,AV14-2-CAASSSFSKLVF-AJ50_BV26-CASSRDWGGYEQYF-BJ2-7,single,1,2.3553885422075336,2.1699250014423126
BL6-B10BR_HTxB,AV14-2-CAASVDTGNYKYVF-AJ40_BV13-2-CASGDINQAPLF-BJ1-5,single,1,2.058813890331201,1.816288046827612
BL6-B10BR_HTxB,AV14-2-CAASVDYANKMIF-AJ47_BV3-CASSLAGGENTLYF-BJ2-4,single,1,1.8423709931771086,1.7078192485066896
BL6-B10BR_HTxB,AV14-2-CAASVDYANKMIF-AJ47_BV5-CASSQDAGGSYNSPLYF-BJ1-6,single,1,0.8112781244591328,0.6780719051126377
BL6-B10BR_HTxB,AV14-2-CAASWNYNQGKLIF-AJ23_BV14-CASSFAGGSAETLYF-BJ2-3,single,1,1.867633890971212,1.492598482572497
BL6-B10BR_HTxB,AV14-2-CAASYNQGKLIF-AJ23_BV31-CAWTGDTLYF-BJ2-4,single,1,2.5844984515601634,2.4675334171342618
BL6-B10BR_HTxB,AV14-2-CAASYNYNQGKLIF-AJ23_BV12-1-CASSLGLGGNQNTLYF-BJ2-4,single,1,2.244474529855454,1.89649542424614
BL6-B10BR_HTxB,AV14-2-CAASYTEGADRLTF-AJ45_BV1-CTCSAVRVDSDYTF-BJ1-2,single,2,1.6174280844336235,1.332043905313247
BL6-B10BR_HTxB,AV14-2-CAATGNYQLIW-AJ33_BV1-CTCSAVRVDEQYF-BJ2-7,single,1,1.9182958340544896,1.84799690655495
BL6-B10BR_HTxB,AV14-2-CAATNSAGNKLTF-AJ17_BV3-CASSLGQGYEQYF-BJ2-7,single,3,0.934724725839438,0.5746984440337539
BL6-B10BR_HTxB,AV14-2-CAATNTGKLTF-AJ27_BV1-CTCSADWGNYAEQFF-BJ2-1,single,1,0.8331761732195719,0.40439025507933535
BL6-B10BR_HTxB,AV14-2-CAATNTGKLTF-AJ27_BV13-2-CASGARTGENYAEQFF-BJ2-1,single,1,0.9473759016233785,0.4926508524836598
BL6-B10BR_HTxB,AV14-2-CAATNTGKLTF-AJ27_BV13-2-CASGDVGGSNERLFF-BJ1-4,single,9,1.560333109357219,1.1538131916863374
BL6-B10BR_HTxB,AV14-2-CAATNTGKLTF-AJ27_BV17-CASSRLGSSYEQYF-BJ2-7,single,1,0.28639695711595625,0.14401030269151946
BL6-B10BR_HTxB,AV14-2-CAATNTGKLTF-AJ27_BV3-CANSLSAYEQYF-BJ2-7,single,1,1.7360411676599226,1.3294356315563034
BL6-B10BR_HTxB,AV14-2-CAATSGGNYKPTF-AJ6_BV13-3-CAGSDGGETLYF-BJ2-3,single,1,2.5189704621597437,2.46948528330122
BL6-B10BR_HTxB,AV14-2-CAVLSGGNYKPTF-AJ6_BV2-CASSQDEISNERLFF-BJ1-4,single,1,2.032165402161211,1.4739311883324124
BL6-B10BR_HTxB,AV14-2-CAVLSGGNYKPTF-AJ6_BV5-CASSHRAGQLYF-BJ2-2,single,1,1.3787834934861753,1.222392421336448
BL6-B10BR_HTxB,AV14-2-CVASADTGNYKYVF-AJ40_BV3-CASSLGQISNERLFF-BJ1-4,single,1,0.6075575039285437,0.2898881059367831
BL6-B10BR_HTxB,AV14-3-CAAASSSFSKLVF-AJ50_BV26-CASSRDWGVEQYF-BJ2-7,single,1,2.395998870534841,2.2922826331388375
BL6-B10BR_HTxB,AV14-3-CAAATGGNNKLTF-AJ56_BV16-CASSLGGQNTLYF-BJ2-4,single,1,1.8423709931771084,1.7078192485066896
BL6-B10BR_HTxB,AV14-3-CAANQGGSAKLIF-AJ57_BV26-CASSLWGNYAEQFF-BJ2-1,single,3,1.5430644813691463,1.137242502378955
BL6-B10BR_HTxB,AV14-3-CAASAGGNNKLTF-AJ56_BV1-CTCSAVGFAETLYF-BJ2-3,single,1,0.6054266419690637,0.33523854847074075
BL6-B10BR_HTxB,AV14-3-CAASAGGNNKLTF-AJ56_BV13-2-CASGDAGYEQYF-BJ2-7,single,2,2.438721875540867,2.0531151630624613
BL6-B10BR_HTxB,AV14-3-CAASAGGSNAKLTF-AJ42_BV14-CASSDRYEQYF-BJ2-7,single,1,1.9032491334797876,1.6999891340842654
BL6-B10BR_HTxB,AV14-3-CAASDNNNAPRF-AJ43_BV1-CTCSAALNSPLYF-BJ1-6,single,1,2.66122625626979,2.5428984411546116
BL6-B10BR_HTxB,AV14-3-CAASDNNNAPRF-AJ43_BV13-3-CASSDPGEDQAPLF-BJ1-5,single,1,0.8995676323871853,0.5187452971450921
BL6-B10BR_HTxB,AV14-3-CAASDRTGANTGKLTF-AJ52_BV3-CASSLTVSNERLFF-BJ1-4,single,1,2.521782221599798,2.0458036896131246
BL6-B10BR_HTxB,AV14-3-CAASEDTGNYKYVF-AJ40_BV13-3-CASSDSGDNQAPLF-BJ1-5,single,1,1.3893556777238767,1.020121595920773
BL6-B10BR_HTxB,AV14-3-CAASEGQGGSAKLIF-AJ57_BV1-CTCSVLRVTEVFF-BJ1-1,single,2,0.38434949633078763,0.19858632939291346
BL6-B10BR_HTxB,AV14-3-CAASGASSSFSKLVF-AJ50_BV3-CASSLNSYEQYF-BJ2-7,single,1,2.6416041678685933,2.3398500028846247
BL6-B10BR_HTxB,AV14-3-CAASGGYANKMIF-AJ47_BV19-CASSIGRTGNTLYF-BJ1-3,single,1,1.1400677626718572,0.7237145706683501
BL6-B10BR_HTxB,AV14-3-CAASGGYANKMIF-AJ47_BV3-CASSYISNERLFF-BJ1-4,single,2,0.3221976932511288,0.12291044789174285
BL6-B10BR_HTxB,AV14-3-CAASGQGGSAKLIF-AJ57_BV1-CTCSAAWGAEQFF-BJ2-1,single,2,1.6032688336001435,1.2891493852200726
BL6-B10BR_HTxB,AV14-3-CAASGSNYKLTF-AJ53_BV1-CTCSAAGQGEQYF-BJ2-7,single,1,0.0,0.0
BL6-B10BR_HTxB,AV14-3-CAASGTGYQNFYF-AJ49_BV1-CTCSADRSGNTLYF-BJ1-3,single,1,1.867633890971212,1.492598482572497
BL6-B10BR_HTxB,AV14-3-CAASNNNNAPRF-AJ43_BV1-CTCSAALNSDYTF-BJ1-2,single,2,1.4182958340544896,1.34799690655495
BL6-B10BR_HTxB,AV14-3-CAASPGGYKVVF-AJ12_BV13-2-CASGGTIYEQYF-BJ2-7,single,1,1.2309595631140104,1.0723142048158902
BL6-B10BR_HTxB,AV14-3-CAASPGGYKVVF-AJ12_BV29-CASSSGQGLYEQYF-BJ2-7,single,3,0.9711024840508489,0.6128891046619911
BL6-B10BR_HTxB,AV14-3-CAASSGGSNYKLTF-AJ53_BV13-2-CASGETGYEQYF-BJ2-7,single,3,1.384597015443459,1.2529560160217559
BL6-B10BR_HTxB,AV14-3-CAASSGGSNYKLTF-AJ53_BV17-CASRSRDIYNSPLYF-BJ1-6,single,1,0.943890815994469,0.4504118293807291
BL6-B10BR_HTxB,AV14-3-CAASTGGNNKLTF-AJ56_BV13-2-CASGDAGYEQYF-BJ2-7,single,1,2.5216406363433186,2.444784842672896
BL6-B10BR_HTxB,AV14-3-CAASVTGSGGKLTL-AJ44_BV12-1-CASSLEDNSDYTF-BJ1-2,single,1,1.9182958340544893,1.84799690655495
BL6-B10BR_HTxB,AV14-3/DV8-CAAMNYNVLYF-AJ21_BV1-CTCSADRGVYAEQFF-BJ2-1,single,1,1.6644977792004614,1.3667823306716225
BL6-B10BR_HTxB,AV14-3/DV8-CAAMNYNVLYF-AJ21_BV19-CASSIGRTGNTLYF-BJ1-3,single,1,1.6577427265048887,1.3856536924977494
BL6-B10BR_HTxB,AV14-3/DV8-CAAPDSGYNKLTF-AJ11_BV13-1-CASSQSTEVFF-BJ1-1,single,3,0.7735260222317549,0.5090466870025927
BL6-B10BR_HTxB,AV14-3/DV8-CAAPDSGYNKLTF-AJ11_BV19-CASSRGVNERLFF-BJ1-4,single,1,1.7527152789797047,1.5849625007211563
BL6-B10BR_HTxB,AV14-3/DV8-CAASASSGSWQLIF-AJ22_BV31-CAWSTGLNQDTQYF-BJ2-5,single,1,2.1083632578542213,1.7612131404128832
BL6-B10BR_HTxB,AV14-3/DV8-CAASDGTGYQNFYF-AJ49_BV1-CTCSADWYAEQFF-BJ2-1,single,1,1.613188471133737,1.1419514445192809
BL6-B10BR_HTxB,AV14-3/DV8-CAASEGGNYKYVF-AJ40_BV1-CTCSSNTEVFF-BJ1-1,single,1,2.1943429682921884,2.078951341394822
BL6-B10BR_HTxB,AV14-3/DV8-CAASEGTGGYKVVF-AJ12_BV13-2-CASGDKGGSAETLYF-BJ2-3,single,2,1.3240319143734207,0.834230141726487
BL6-B10BR_HTxB,AV14D-1-CAAAGTGGYKVVF-AJ12_BV13-2-CASGDVGGDAETLYF-BJ2-3,single,1,1.7987949406953985,1.2451124978365316
BL6-B10BR_HTxB,AV14D-1-CAAMSNYNVLYF-AJ21_BV4-CASSDWYEQYF-BJ2-7,single,1,1.916615921862549,1.4531055401123634
BL6-B10BR_HTxB,AV14D-1-CAAMSNYNVLYF-AJ21_BV5-CASSHRDNNERLFF-BJ1-4,single,1,1.8419171866886992,1.4454111483223626
BL6-B10BR_HTxB,AV14D-1-CAARGNYNQG-AJ23_BV13-3-CASSDATGGYEQYF-BJ2-7,single,1,0.8931705524970185,0.5274672560457586
BL6-B10BR_HTxB,AV14D-1-CAARGNYNQGKLIF-AJ23_BV12-2-CASSLDWGQDTQYF-BJ2-5,single,1,0.39185307091853616,0.1602402548343555
BL6-B10BR_HTxB,AV14D-1-CAARGNYNQGKLIF-AJ23_BV13-1-CASSDEPGVEQYF-BJ2-7,single,1,0.41381685030363374,0.2391876638794263
BL6-B10BR_HTxB,AV14D-1-CAARGNYNQGKLIF-AJ23_BV13-2-CASGAGGQNTLYF-BJ2-4,single,1,1.1829661954675212,1.0733932587486834
BL6-B10BR_HTxB,AV14D-1-CAARGNYNQGKLIF-AJ23_BV13-2-CASGARTGENYAEQFF-BJ2-1,single,1,0.6500224216483541,0.46948528330122
BL6-B10BR_HTxB,AV14D-1-CAARGNYNQGKLIF-AJ23_BV3-CASSLGLGYEQYF-BJ2-7,single,1,0.5531631386881442,0.23760207488411023
BL6-B10BR_HTxB,AV14D-1-CAARGNYNQGKLIF-AJ23_BV3-CASSSGTGYEQYF-BJ2-7,single,1,1.0096358726529286,0.549824498820285
BL6-B10BR_HTxB,AV14D-1-CAASADNYAQGLTF-AJ26_BV1-CTCSAVGGGQDTQYF-BJ2-5,single,6,1.9916748489994658,1.836612787976236
BL6-B10BR_HTxB,AV14D-1-CAASADNYAQGLTF-AJ26_BV13-2-CASGDEGTYNSPLYF-BJ1-6,single,1,1.769742378465751,1.5613112326565108
BL6-B10BR_HTxB,AV14D-1-CAASADNYAQGLTF-AJ26_BV31-CAWGQGAGNTLYF-BJ1-3,single,1,2.5447026285769176,1.8777442499490022
BL6-B10BR_HTxB,AV14D-1-CAASADTGNYKYVF-AJ40_BV13-2-CASGDVASGNTLYF-BJ1-3,single,1,0.9864267287308424,0.6674246609131288
BL6-B10BR_HTxB,AV14D-1-CAASADTGNYKYVF-AJ40_BV13-3-CASSDPGEDQAPLF-BJ1-5,single,1,1.4396275363413567,1.3277104474813683
BL6-B10BR_HTxB,AV14D-1-CAASADTGNYKYVF-AJ40_BV31-CAWSLGNYAEQFF-BJ2-1,single,1,0.8960382325345574,0.8101754411199827
BL6-B10BR_HTxB,AV14D-1-CAASADYAQGLTF-AJ26_BV3-CASSLGPSYEQYF-BJ2-7,single,1,0.8055623357614962,0.3668346259155213
BL6-B10BR_HTxB,AV14D-1-CAASADYAQGLTF-AJ26_BV3-CASSLGTGYEQYF-BJ2-7,single,1,1.1055872616982603,0.6190243367947887
BL6-B10BR_HTxB,AV14D-1-CAASAETGGYKV-AJ12_BV13-1-CASRDWGQNTLYF-BJ2-4,single,1,1.7924812503605778,1.584962500721156
BL6-B10BR_HTxB,AV14D-1-CAASAETGGYKV-AJ12_BV13-2-CASGDIYEQYF-BJ2-7,single,1,1.0892300788425848,0.6605135337283332
BL6-B10BR_HTxB,AV14D-1-CAASAETGGYKVVF-AJ12_BV1-CTCSAATDTEVFF-BJ1-1,single,1,0.2580186686648155,0.12528297503953556
BL6-B10BR_HTxB,AV14D-1-CAASAETGGYKVVF-AJ12_BV1-CTCSADRGNYAEQFF-BJ2-1,single,1,0.21639693245126462,0.09941314647615464
BL6-B10BR_HTxB,AV14D-1-CAASAETGGYKVVF-AJ12_BV1-CTCSADRGVYAEQFF-BJ2-1,single,1,1.2147794901726878,0.7669129778673155
BL6-B10BR_HTxB,AV14D-1-CAASAETGGYKVVF-AJ12_BV1-CTCSADRVDTQYF-BJ2-5,single,1,0.24988229283318544,0.12007645199175057
BL6-B10BR_HTxB,AV14D-1-CAASAETGGYKVVF-AJ12_BV13-2-CASGARTGENYAEQFF-BJ2-1,single,1,1.929141725640697,1.7143789090989658
BL6-B10BR_HTxB,AV14D-1-CAASAETGGYKVVF-AJ12_BV13-2-CASGDGLGDYEQYF-BJ2-7,single,1,0.7620063045270338,0.3951926878819722
BL6-B10BR_HTxB,AV14D-1-CAASAETGGYKVVF-AJ12_BV29-CASSSPYWGGAGEQYF-BJ2-7,single,1,1.584962500721156,1.5849625007211563
BL6-B10BR_HTxB,AV14D-1-CAASAETGGYKVVF-AJ12_BV3-CASSLARGYEQYF-BJ2-7,single,40,0.7611790065663678,0.43893595442847033
BL6-B10BR_HTxB,AV14D-1-CAASAETGGYKVVF-AJ12_BV3-CASSLGLGYEQYF-BJ2-7,single,1,0.43646215581828607,0.15650776886819034
BL6-B10BR_HTxB,AV14D-1-CAASAETGGYKVVF-AJ12_BV5-CASSPDRGQNTEVFF-BJ1-1,single,1,0.15155816712921744,0.05367731936273536
BL6-B10BR_HTxB,AV14D-1-CAASAGDSNYQLIW-AJ33_BV13-1-CASSDQGTEVFF-BJ1-1,single,1,1.584962500721156,1.5849625007211563
BL6-B10BR_HTxB,AV14D-1-CAASAGGNEKIIF-AJ48_BV13-3-CASSDGTGGYEQYF-BJ2-7,single,1,1.0,1.0
BL6-B10BR_HTxB,AV14D-1-CAASAPGTGSNRLTF-AJ28_BV17-CASSRGTEVFF-BJ1-1,single,1,2.3300648763166283,1.7740462462184943
BL6-B10BR_HTxB,AV14D-1-CAASDGSSGNKLIF-AJ32_BV13-3-CASSDRGEQYF-BJ2-7,single,1,1.5088584648535124,1.1115083152169905
BL6-B10BR_HTxB,AV14D-1-CAASEDNRIFF-AJ31_BV13-3-CASSDIYEQYF-BJ2-7,single,3,1.3888691602662095,0.8880068915203917
BL6-B10BR_HTxB,AV14D-1-CAASEDNRIFF-AJ31_BV19-CASSIGRTGREVFF-BJ1-1,single,1,1.089899892361705,0.5289897696945253
BL6-B10BR_HTxB,AV14D-1-CAASEDSGTYQRF-AJ13_BV3-CASSWTVNQDTQYF-BJ2-5,single,1,2.5550365325772653,2.356143810225275
BL6-B10BR_HTxB,AV14D-1-CAASEGSNTNKVVF-AJ34_BV1-CTCSVLGGEDTQYF-BJ2-5,single,5,0.7103135318863336,0.40134846691144527
BL6-B10BR_HTxB,AV14D-1-CAASEGSNTNKVVF-AJ34_BV12-2-CASSLEGADTEVFF-BJ1-1,single,1,0.28354731108164766,0.10303432944404883
BL6-B10BR_HTxB,AV14D-1-CAASEGTQVVGQLTF-AJ5_BV1-CTCSATGAGNTLYF-BJ1-3,single,3,1.3961495060685445,0.9295200348403853
BL6-B10BR_HTxB,AV14D-1-CAASGGSNTNKVVF-AJ34_BV1-CTCSAVRVDEQYF-BJ2-7,single,1,0.5435644431995964,0.3561438102252753
BL6-B10BR_HTxB,AV14D-1-CAASGGYNQGKLIF-AJ23_BV1-CTCSASGGTLYF-BJ2-4,single,1,1.879964948727111,1.4818690077570524
BL6-B10BR_HTxB,AV14D-1-CAASGSGGSNAKL-AJ42_BV13-1-CASSDWGDYEQYF-BJ2-7,single,1,2.038159681645953,1.8462905846045468
BL6-B10BR_HTxB,AV14D-1-CAASGTNTGKLTF-AJ27_BV1-CTCSAVRISNERLFF-BJ1-4,single,1,0.28503262482320013,0.11961169665343356
BL6-B10BR_HTxB,AV14D-1-CAASLPGTGSNRLTF-AJ28_BV2-CASSQEGNSGNTLYF-BJ1-3,single,1,1.9502120649147465,1.9142701259741162
BL6-B10BR_HTxB,AV14D-1-CAASLTSGSWQLIF-AJ22_BV13-2-CASGDAGYEQYF-BJ2-7,single,1,2.046439344671015,1.8365012677171204
BL6-B10BR_HTxB,AV14D-1-CAASLTSGSWQLIF-AJ22_BV3-CASSSRTGSAEQFF-BJ2-1,single,1,1.7924812503605778,1.584962500721156
BL6-B10BR_HTxB,AV14D-1-CAASNMGYKLTF-AJ9_BV13-2-CASGDVGWPLYF-BJ1-6,single,1,1.9877733714879842,1.7284540943106885
BL6-B10BR_HTxB,AV14D-1-CAASNMGYKLTF-AJ9_BV29-CASSSGQGDTQYF-BJ2-5,single,1,0.5916727785823275,0.4052564784862585
BL6-B10BR_HTxB,AV14D-1-CAASPNTNKVVF-AJ34_BV20-CGARDWGGYEQYF-BJ2-7,single,1,0.0,0.0
BL6-B10BR_HTxB,AV14D-1-CAASRGNVLYF-AJ21_BV13-3-CASSDPGEDQAPLF-BJ1-5,single,1,2.4510115182719727,1.9665769984625496
BL6-B10BR_HTxB,AV14D-1-CAASRGNVLYF-AJ21_BV19-CASSIGTGGDTQYF-BJ2-5,single,1,1.9012106419146821,1.573735245297902
BL6-B10BR_HTxB,AV14D-1-CAASRGTNAYKVIF-AJ30_BV3-CASSLTGVNTEVFF-BJ1-1,single,1,1.811278124459133,1.6780719051126376
BL6-B10BR_HTxB,AV14D-1-CAASSGNWQLIF-AJ22_BV17-CASRSRDIYNSPLYF-BJ1-6,single,1,1.2494602799216175,0.7457158562652181
BL6-B10BR_HTxB,AV14D-1-CAASSGRWQLIF-AJ22_BV1-CTCSAVRVNTLYF-BJ2-4,single,1,1.8554076830668034,1.4405725913859817
BL6-B10BR_HTxB,AV14D-1-CAASSGSWQLIF-AJ22_BV1-CTCSGTGVNTEVFF-BJ1-1,single,1,1.3741854163060885,0.7948855700953872
BL6-B10BR_HTxB,AV14D-1-CAASSGSWQLIF-AJ22_BV17-CASRSRDIYNSPLYF-BJ1-6,single,63,0.8556358872672721,0.5450166452688737
BL6-B10BR_HTxB,AV14D-1-CAASSGSWQLIF-AJ22_BV19-CASSITNSNERLFF-BJ1-4,single,1,1.584962500721156,1.5849625007211563
BL6-B10BR_HTxB,AV14D-1-CAASSGSWQLIF-AJ22_BV2-CASSQDRRGDTQYF-BJ2-5,single,1,2.323753367435248,1.9553823579867189
BL6-B10BR_HTxB,AV14D-1-CAASYSNNRLTL-AJ7_BV13-2-CASGADTYNNQAPLF-BJ1-5,single,2,1.9795739585136225,1.8888037893317762
BL6-B10BR_HTxB,AV14D-1-CAATGNTGKLIF-AJ37_BV1-CTCSAVRVDEQYF-BJ2-7,single,1,2.054585169337799,1.84799690655495
BL6-B10BR_HTxB,AV14D-1-CAATYTEGADRLTF-AJ45_BV3-CASSWDWGNYAEQFF-BJ2-1,single,1,1.5885782105914443,0.9776525684821997
BL6-B10BR_HTxB,AV14D-1-CATSAETGGYKVVF-AJ12_BV3-CASSLARGYEQYF-BJ2-7,single,1,0.89299535735196,0.5743309489912691
BL6-B10BR_HTxB,AV14D-1-CSASSGSWQLIF-AJ22_BV1-CTCSAVRVDEQYF-BJ2-7,single,1,0.36509898470588065,0.16243046489538834
BL6-B10BR_HTxB,AV14D-3/DV8-CAAASSGSWQLIF-AJ22_BV13-1-CASSDVGAYNSPLYF-BJ1-6,single,1,2.321928094887362,2.321928094887362
BL6-B10BR_HTxB,AV14D-3/DV8-CAADASSGSWQLIF-AJ22_BV3-CASSPGVSQNTLYF-BJ2-4,single,1,2.662911676378403,2.3583700908554226
BL6-B10BR_HTxB,AV14D-3/DV8-CAAGGSALGRLHF-AJ18_BV3-CASSLALGGYEQYF-BJ2-7,single,1,2.038159681645953,1.8462905846045468
BL6-B10BR_HTxB,AV14D-3/DV8-CAAIASSSFSKLVF-AJ50_BV1-CTCSAVWGEQYF-BJ2-7,single,1,1.7709505944546686,1.3219280948873622
BL6-B10BR_HTxB,AV14D-3/DV8-CAASANSGTYQRF-AJ13_BV3-CASSFGASGNTLYF-BJ1-3,single,2,1.7228850884537759,1.4819910210140508
BL6-B10BR_HTxB,AV14D-3/DV8-CAASASSGSWQLIF-AJ22_BV13-1-CASSDRGQYEQYF-BJ2-7,single,1,2.8412590863088854,2.7284540943106887
BL6-B10BR_HTxB,AV14D-3/DV8-CAASASSGSWQLIF-AJ22_BV13-2-CASGDQGNSGNTLYF-BJ1-3,single,1,0.13923299905509887,0.05656134176202128
BL6-B10BR_HTxB,AV14D-3/DV8-CAASASSGSWQLIF-AJ22_BV26-CASSLYSQNTLYF-BJ2-4,single,1,2.936688850747443,2.731600649627553
BL6-B10BR_HTxB,AV14D-3/DV8-CAASASSGSWQLIF-AJ22_BV3-CASSLAGNERLFF-BJ1-4,single,1,1.5521313015549913,1.0698902118023896
BL6-B10BR_HTxB,AV14D-3/DV8-CAASASSGSWQLIF-AJ22_BV3-CASSLRGNERLFF-BJ1-4,single,1,1.9219280948873623,1.8365012677171204
BL6-B10BR_HTxB,AV14D-3/DV8-CAASATGGYKVVF-AJ12_BV13-1-CASSGVAETLYF-BJ2-3,single,1,1.8423709931771084,1.7078192485066896
BL6-B10BR_HTxB,AV14D-3/DV8-CAASDDTNAYK-AJ30_BV1-CTCSAVRVDEQYF-BJ2-7,single,1,1.404678473063571,1.0360692547075219
BL6-B10BR_HTxB,AV14D-3/DV8-CAASDDTNAYKVIF-AJ30_BV13-2-CASGQLGGRDEQYF-BJ2-7,single,1,2.121928094887362,1.9434164716336322
BL6-B10BR_HTxB,AV14D-3/DV8-CAASDDTNAYKVIF-AJ30_BV19-CASSIGSAETLYF-BJ2-3,single,2,2.486050484102152,2.232033947263331
BL6-B10BR_HTxB,AV14D-3/DV8-CAASDNNNAPRF-AJ43_BV1-CTCSETGSNTEVFF-BJ1-1,single,1,1.7295290545023003,1.1909427827113956
BL6-B10BR_HTxB,AV14D-3/DV8-CAASDSAGNKLI-AJ17_BV12-2-CASSGTGQDTQYF-BJ2-5,single,1,3.331517023782319,3.03134330238014
BL6-B10BR_HTxB,AV14D-3/DV8-CAASDSAGNKLSF-AJ17_BV14-CASSRDINERLFF-BJ1-4,single,1,1.9056390622295665,1.8300749985576876
BL6-B10BR_HTxB,AV14D-3/DV8-CAASDSAGNKLTF-AJ17_BV3-CASSFGTGYEQYF-BJ2-7,single,4,1.1088846456549,1.0108443381928554
BL6-B10BR_HTxB,AV14D-3/DV8-CAASDSAGNKLTF-AJ17_BV3-CASSLGQISNERLFF-BJ1-4,single,1,1.0862293462325945,0.6677455450427635
BL6-B10BR_HTxB,AV14D-3/DV8-CAASDSSGSWQLIF-AJ22_BV17-CASSSPGQGAYEQYF-BJ2-7,single,1,0.4220005168831531,0.24594149502487359
BL6-B10BR_HTxB,AV14D-3/DV8-CAASDTGYQNFYF-AJ49_BV23-CSSSQSGGDAETLYF-BJ2-3,single,1,1.7967916319816366,1.6239566323370196
BL6-B10BR_HTxB,AV14D-3/DV8-CAASDTGYQNFYF-AJ49_BV29-CASSLGGAYEQYF-BJ2-7,single,1,1.5219280948873621,1.473931188332412
BL6-B10BR_HTxB,AV14D-3/DV8-CAASEDNYAQGLTF-AJ26_BV13-3-CASSDPGEDQAPLF-BJ1-5,single,1,1.437801843875096,1.2350620441099998
BL6-B10BR_HTxB,AV14D-3/DV8-CAASEDNYAQGLTF-AJ26_BV31-CAWRDNTEVFF-BJ1-1,single,8,1.0122483274466219,0.7188648581441565
BL6-B10BR_HTxB,AV14D-3/DV8-CAASEGSNNRIFF-AJ31_BV3-CASSLGPGYEQYF-BJ2-7,single,1,2.1219280948873624,1.9434164716336322
BL6-B10BR_HTxB,AV14D-3/DV8-CAASESSGTYQRF-AJ13_BV13-1-CASSDAWGGYEQYF-BJ2-7,single,1,1.242590349891699,1.0307965159577308
BL6-B10BR_HTxB,AV14D-3/DV8-CAASGNSNNR-AJ31_BV1-CTCSANRVDTLYF-BJ2-4,single,1,1.0472024795701151,0.5701957900122443
BL6-B10BR_HTxB,AV14D-3/DV8-CAASGNSNNRIFF-AJ31_BV17-CASSPGTGGNTEVFF-BJ1-1,single,3,2.5681284060235465,2.2989944768663846
BL6-B10BR_HTxB,AV14D-3/DV8-CAASGYAQGLTF-AJ26_BV13-2-CASGLQNPPLYF-BJ1-6,single,1,1.4833557549816874,1.415037499278844
BL6-B10BR_HTxB,AV14D-3/DV8-CAASGYDTNAYKVIF-AJ30_BV13-2-CASGEQGARDTQYF-BJ2-5,single,1,2.9742158060554793,2.84559727067174
BL6-B10BR_HTxB,AV14D-3/DV8-CAASINTNKVVF-AJ34_BV3-CASSVGFQDTQYF-BJ2-5,single,2,0.9142024583360997,0.6586622806673736
BL6-B10BR_HTxB,AV14D-3/DV8-CAASPNYNVLYF-AJ21_BV1-CTCSADRGVYAEQFF-BJ2-1,single,1,2.2516291673878226,2.169925001442312
BL6-B10BR_HTxB,AV14D-3/DV8-CAASPNYNVLYF-AJ21_BV19-CASSIGRTGREVFF-BJ1-1,single,1,1.8764909724413963,1.3327446709105417
BL6-B10BR_HTxB,AV14D-3/DV8-CAASRGSALGRLHF-AJ18_BV3-CASSLGLGGREQYF-BJ2-7,single,1,1.0605677550154877,0.5050660870853829
BL6-B10BR_HTxB,AV14D-3/DV8-CAASTSSGSWQLIF-AJ22_BV13-2-CASGDNYEQYF-BJ2-7,single,1,0.18795689841132707,0.06993914493067828
BL6-B10BR_HTxB,AV14D-3/DV8-CAASTSSGSWQLIF-AJ22_BV16-CASSGHSQNTLYF-BJ2-4,single,2,2.083634543958169,1.7533690124159684
BL6-B10BR_HTxB,AV15-1/DV6-1-CALWELEVGGIPATDKLVF-DJ1_BV31-CAWSPGTGGANTEVFF-BJ1-1,single,1,1.6577427265048887,1.3856536924977494
BL6-B10BR_HTxB,AV15-1/DV6-1-CALWELGTGGNNKLTF-AJ56_BV3-CASSLGTGYEQYF-BJ2-7,single,2,0.8970098724756068,0.5548711235411119
BL6-B10BR_HTxB,AV15-1/DV6-1-CALWELYRRDTSWTDKLVF-DJ1_BV4-CASSSPYEQYF-BJ2-7,single,1,0.0,0.0
BL6-B10BR_HTxB,AV15-1/DV6-1-CALWGNSGGSNAKLTF-AJ42_BV13-3-CASSNRGVGNTLYF-BJ1-3,single,2,0.4234765285564692,0.18698308033592878
BL6-B10BR_HTxB,AV15-2/DV6-2-CALSELIGGSNAKLTF-AJ42_BV1-CTCSADRFYEQYF-BJ2-7,single,1,1.1488348542809166,0.8598223419517396
BL6-B10BR_HTxB,AV15-2/DV6-2-CALSEPNTGYQNFYF-AJ49_BV3-CASSSGTGYEQYF-BJ2-7,single,1,1.319228935231356,0.8401226615823929
BL6-B10BR_HTxB,AV15D-1/DV6D-1-CALWELANSAGNKLTF-AJ17_BV2-CASSQDRRGDTQYF-BJ2-5,single,1,2.8078016642839176,2.553340521547931
BL6-B10BR_HTxB,AV15D-1/DV6D-1-CALWEPDSGYNKLTF-AJ11_BV13-2-CASGGQGREQYF-BJ2-7,single,2,2.6922104118494454,2.4774824472860937
BL6-B10BR_HTxB,AV15D-1/DV6D-1-CALWEPDTNAYKVIF-AJ30_BV1-CTCSAVRYNSPLYF-BJ1-6,single,1,1.4041567312836545,1.168122758808327
BL6-B10BR_HTxB,AV15D-1/DV6D-1-CALWEPDTNAYKVIF-AJ30_BV2-CASSPDWGIYEQYF-BJ2-7,single,2,1.2099377390322328,0.7539885584572716
BL6-B10BR_HTxB,AV16-CAILTGYQNFYF-AJ49_BV1-CTCSADRGNYAEQFF-BJ2-1,single,1,1.5,1.415037499278844
BL6-B10BR_HTxB,AV16-CAMGEANYGNEKITF-AJ48_BV26-CASSQVTKNSDYTF-BJ1-2,single,1,0.5119100510218906,0.27017647507781345
BL6-B10BR_HTxB,AV16-CAMKEDSNYQLIW-AJ33_BV13-2-CASGVQGASGNTLYF-BJ1-3,single,1,2.195461844238322,1.8624964762500649
BL6-B10BR_HTxB,AV16-CAMRATSSGQKLVF-AJ16_BV1-CTCSAVRVGNTLYF-BJ1-3,single,1,0.8324791702876374,0.35323660151669795
BL6-B10BR_HTxB,AV16-CAMRDDSNYQLIW-AJ33_BV3-CASSLDWASQNTLYF-BJ2-4,single,2,0.9442594705349291,0.45819363655751155
BL6-B10BR_HTxB,AV16-CAMRDDSSNTNKVVF-AJ34_BV5-CASSQDLGNTGQLYF-BJ2-2,single,1,2.7219280948873625,2.6438561897747244
BL6-B10BR_HTxB,AV16-CAMRDMDYANKM-AJ47_BV13-2-CASGARTGENYAEQFF-BJ2-1,single,1,2.4994581877843993,2.333900736553438
BL6-B10BR_HTxB,AV16-CAMRDMDYANKMIF-AJ47_BV26-CASSRGSYNSPLYF-BJ1-6,single,2,0.9492560147047525,0.6217531111211156
BL6-B10BR_HTxB,AV16-CAMRDMNQGGSA-AJ57_BV13-2-CASGDAWGSSYEQYF-BJ2-7,single,1,2.533515747578792,2.3858911536193275
BL6-B10BR_HTxB,AV16-CAMRDMNQGGSAKLIF-AJ57_BV1-CTCSADWGGGAEQFF-BJ2-1,single,4,1.7580346702673233,1.6645839217628438
BL6-B10BR_HTxB,AV16-CAMRDMNQGGSAKLIF-AJ57_BV13-1-CASSGGVQDTQYF-BJ2-5,single,1,3.151965971225524,2.9041623707750235
BL6-B10BR_HTxB,AV16-CAMRDSNTGYQ-AJ49_BV1-CTCSADRGVYAEQFF-BJ2-1,single,1,1.584962500721156,1.5849625007211563
BL6-B10BR_HTxB,AV16-CAMRDSNTGYQNFY-AJ49_BV1-CTCSADRGVYAEQFF-BJ2-1,single,1,1.5487949406953985,1.1926450779423958
BL6-B10BR_HTxB,AV16-CAMRDSNTGYQNFYF-AJ49_BV1-CTCSAVRISNERLFF-BJ1-4,single,1,0.8442141854913955,0.4576111830129283
BL6-B10BR_HTxB,AV16-CAMRDSNTGYQNFYF-AJ49_BV13-1-CASSDVGYEQYF-BJ2-7,single,1,1.6135681581652277,1.4111954329844494
BL6-B10BR_HTxB,AV16-CAMRDSNTGYQNFYF-AJ49_BV13-2-CASGAGGQNTLYF-BJ2-4,single,98,1.6217936618000577,1.3592134095478117
BL6-B10BR_HTxB,AV16-CAMRDSNTGYQNFYF-AJ49_BV13-2-CASGARTGENYAEQFF-BJ2-1,single,1,1.7709505944546688,1.3219280948873622
BL6-B10BR_HTxB,AV16-CAMRDSNTGYQNFYF-AJ49_BV13-2-CASGDNYEQYF-BJ2-7,single,1,0.6585737839531011,0.2654509386657186
BL6-B10BR_HTxB,AV16-CAMRDSNTGYQNFYF-AJ49_BV13-2-CASGDQGNSGNTLYF-BJ1-3,single,1,1.9653059184883495,1.6334610184123466
BL6-B10BR_HTxB,AV16-CAMRDSNTGYQNFYF-AJ49_BV13-3-CASSDRDTEVFF-BJ1-1,single,1,1.562806631693174,1.3708376953683086
BL6-B10BR_HTxB,AV16-CAMRDSNTGYQNFYF-AJ49_BV19-CASSIGRTGNTLYF-BJ1-3,single,1,2.2516291673878226,2.169925001442312
BL6-B10BR_HTxB,AV16-CAMRDSNTGYQNFYF-AJ49_BV19-CASSSSGTTNQAPLF-BJ1-5,single,1,0.33329627261213796,0.11790949009354437
BL6-B10BR_HTxB,AV16-CAMRDSNTGYQNFYF-AJ49_BV2-CASSQDRRGDTQYF-BJ2-5,single,1,0.9182958340544896,0.84799690655495
BL6-B10BR_HTxB,AV16-CAMREANRGYQNFYF-AJ49_BV13-2-CASGTGGQNTLYF-BJ2-4,single,1,1.3304883985428069,1.06073506591217
BL6-B10BR_HTxB,AV16-CAMREANTGCQNFYF-AJ49_BV13-2-CASGTGGQNTLYF-BJ2-4,single,1,1.1431558784658322,0.9900159114273777
BL6-B10BR_HTxB,AV16-CAMREANTGYQN-AJ49_BV13-2-CASGTGGQNTLYF-BJ2-4,single,1,1.26226713100781,0.9137597241792559
BL6-B10BR_HTxB,AV16-CAMREANTGYQNFYF-AJ49_BV13-2-CASGPGGQNTLYF-BJ2-4,single,2,1.7537303736593381,1.4783646989014092
BL6-B10BR_HTxB,AV16-CAMREANTGYQNFYF-AJ49_BV13-2-CASGTGGQNTLYF-BJ2-4,single,46,1.4939103385141528,1.210335569574287
BL6-B10BR_HTxB,AV16-CAMREANYGNEKITF-AJ48_BV1-CTCSADGVQDTQYF-BJ2-5,single,3,0.5169242257755654,0.22583820972301238
BL6-B10BR_HTxB,AV16-CAMREANYGNEKITF-AJ48_BV1-CTCSADRVQNTLYF-BJ2-4,single,7,1.5552611579683153,1.115424077319661
BL6-B10BR_HTxB,AV16-CAMREANYGNEKITF-AJ48_BV17-CASSRLGSSYEQYF-BJ2-7,single,1,0.5435644431995964,0.3561438102252753
BL6-B10BR_HTxB,AV16-CAMREANYGNEKITF-AJ48_BV31-CAWSLGLNTEVFF-BJ1-1,single,1,0.6909376340336426,0.27504662196911606
BL6-B10BR_HTxB,AV16-CAMREANYGNEKITF-AJ48_BV31-CAWSLRDINERLFF-BJ1-4,single,10,0.6013014586138622,0.3461763572083216
BL6-B10BR_HTxB,AV16-CAMREDMGYKLTF-AJ9_BV12-2-CASSLGDNQDTQYF-BJ2-5,single,1,2.9194776536092877,2.600063068150807
BL6-B10BR_HTxB,AV16-CAMREDMGYKLTF-AJ9_BV13-1-CASSADRGQNTLYF-BJ2-4,single,34,0.711943202032759,0.4174901642972901
BL6-B10BR_HTxB,AV16-CAMREDMGYKLTF-AJ9_BV13-2-CASGARTGENYAEQFF-BJ2-1,single,1,1.8799649487271108,1.4818690077570524
BL6-B10BR_HTxB,AV16-CAMREDMGYKLTF-AJ9_BV13-2-CASGDAPAEQYF-BJ2-7,single,1,1.5064431878202948,0.92044870090324
BL6-B10BR_HTxB,AV16-CAMREDMGYKLTF-AJ9_BV19-CASSIGRTGNTLYF-BJ1-3,single,1,1.4466166676282082,1.0544477840223765
BL6-B10BR_HTxB,AV16-CAMREDMGYKLTF-AJ9_BV2-CASSQDRRGDTQYF-BJ2-5,single,1,0.6955381149147433,0.34771052177135464
BL6-B10BR_HTxB,AV16-CAMREDNAGAKLTF-AJ39_BV13-1-CASSDNYEQYF-BJ2-7,single,1,0.7603961609877665,0.5032922003848397
BL6-B10BR_HTxB,AV16-CAMREDNNNAPRF-AJ43_BV12-2-CASSLQGPNERLFF-BJ1-4,single,1,1.0251085530012298,0.5232762536645036
BL6-B10BR_HTxB,AV16-CAMREDNVGDNSKLIW-AJ38_BV31-CAWTGLGTSQNTLYF-BJ2-4,single,1,0.9182958340544896,0.84799690655495
BL6-B10BR_HTxB,AV16-CAMREDQGGSAKLIF-AJ57_BV3-CASSLGTGGTYEQYF-BJ2-7,single,1,2.610063540877072,2.3060304680071537
BL6-B10BR_HTxB,AV16-CAMREDSGGSNYKLTF-AJ53_BV13-1-CASSDITEVFF-BJ1-1,single,1,0.9000224216483541,0.504589084257136
BL6-B10BR_HTxB,AV16-CAMREDSNYQL-AJ33_BV3-CASSLGQISNERLFF-BJ1-4,single,1,0.0,0.0
BL6-B10BR_HTxB,AV16-CAMREDSNYQLIW-AJ33_BV1-CTCSAAGGEQYF-BJ2-7,single,1,0.409633443977211,0.18900379983166823
BL6-B10BR_HTxB,AV16-CAMREDSNYQLIW-AJ33_BV1-CTCSAARINTEVFF-BJ1-1,single,1,1.4594316186372973,0.8744691179161406
BL6-B10BR_HTxB,AV16-CAMREDSNYQLIW-AJ33_BV1-CTCSAVRVDEQYF-BJ2-7,single,1,0.7075696535050608,0.4199529896929605
BL6-B10BR_HTxB,AV16-CAMREDSNYQLIW-AJ33_BV12-2-CASSLGGNQDTQYF-BJ2-5,single,1,0.6321053595704539,0.2815393646587676
BL6-B10BR_HTxB,AV16-CAMREDSNYQLIW-AJ33_BV13-1-CASSADWGDAEQFF-BJ2-1,single,1,1.0400866486713458,0.49125114655652335
BL6-B10BR_HTxB,AV16-CAMREDSNYQLIW-AJ33_BV13-1-CASSGTDQAPLF-BJ1-5,single,1,0.6169096059443335,0.27890081129281485
BL6-B10BR_HTxB,AV16-CAMREDSNYQLIW-AJ33_BV13-1-CASSPGQISNERLFF-BJ1-4,single,1,0.39185307091853616,0.1602402548343555
BL6-B10BR_HTxB,AV16-CAMREDSNYQLIW-AJ33_BV13-2-CASGARTGENYAEQFF-BJ2-1,single,1,2.1382689280764646,1.9558001960894649
BL6-B10BR_HTxB,AV16-CAMREDSNYQLIW-AJ33_BV13-2-CASGDSYEQYF-BJ2-7,single,1,1.2332247882202196,0.84799690655495
BL6-B10BR_HTxB,AV16-CAMREDSNYQLIW-AJ33_BV13-2-CASGTGGQNTLYF-BJ2-4,single,1,0.7440370689296335,0.3564256626989224
BL6-B10BR_HTxB,AV16-CAMREDSNYQLIW-AJ33_BV13-3-CASSDPGEDQAPLF-BJ1-5,single,1,1.3673117131422454,1.0771487239185533
BL6-B10BR_HTxB,AV16-CAMREDSNYQLIW-AJ33_BV2-CASSQDRRGDTQYF-BJ2-5,single,1,2.6192609463713628,2.231005551641156
BL6-B10BR_HTxB,AV16-CAMREDSNYQLIW-AJ33_BV20-CGARDWGGYEQYF-BJ2-7,single,1,3.067128886326526,2.7769583886058493
BL6-B10BR_HTxB,AV16-CAMREDSNYQLIW-AJ33_BV3-CASSLGQISNERLFF-BJ1-4,single,32,0.9768768213543759,0.7281065756530094
BL6-B10BR_HTxB,AV16-CAMREDSNYQLIW-AJ33_BV3-CASSQGQISNERLFF-BJ1-4,single,12,1.154662100252256,0.733852801121484
BL6-B10BR_HTxB,AV16-CAMREDSNYQLIW-AJ33_BV3-CASSSGQISNERLFF-BJ1-4,single,6,0.7143844253023715,0.439604079494599
BL6-B10BR_HTxB,AV16-CAMREDSNYQLIW-AJ33_BV3-CASSTGQISNERLFF-BJ1-4,single,1,0.228538143953528,0.10676298075194064
BL6-B10BR_HTxB,AV16-CAMREDTEGADRLTF-AJ45_BV13-2-CASGGWGGGGAETLYF-BJ2-3,single,1,1.75,1.5405683813627027
BL6-B10BR_HTxB,AV16-CAMREDTEGADRLTF-AJ45_BV3-CASSLDRGQNTLYF-BJ2-4,single,1,1.7601553465802904,1.42701014094492
BL6-B10BR_HTxB,AV16-CAMREDTEGADRLTF-AJ45_BV3-CASSLGTGYEQYF-BJ2-7,single,1,1.6774212838293647,1.5081469036703252
BL6-B10BR_HTxB,AV16-CAMREEAGNTGKLIF-AJ37_BV20-CGARDWGGYEQYF-BJ2-7,single,1,1.188721875540867,0.9604716358133627
BL6-B10BR_HTxB,AV16-CAMREEGNEKITF-AJ48_BV16-CASSLGGGPGQLYF-BJ2-2,single,3,1.3339024285494778,1.0250410302236503
BL6-B10BR_HTxB,AV16-CAMREEGNYQLTW-AJ33_BV1-CTCRAGGPQDTQYF-BJ2-5,single,1,2.0464393446710156,1.8365012677171204
BL6-B10BR_HTxB,AV16-CAMREEQGTGSKLSF-AJ58_BV1-CTCSANRVSYEQYF-BJ2-7,single,2,0.7822682296173893,0.5347773382062924
BL6-B10BR_HTxB,AV16-CAMREEQGTGSKLSF-AJ58_BV31-CAWSLEGVRYAEQFF-BJ2-1,single,1,1.3709505944546687,1.1844245711374273
BL6-B10BR_HTxB,AV16-CAMREGAQGTGSKLSF-AJ58_BV13-2-CASGAGGQNTLYF-BJ2-4,single,1,1.8230264907128848,1.4701420987192981
BL6-B10BR_HTxB,AV16-CAMREGDNNNAPRF-AJ43_BV5-CASSQDWTGRTPLYF-BJ1-6,single,2,2.1388893138213327,1.7758521692649767
BL6-B10BR_HTxB,AV16-CAMREGDQGGSAKLIF-AJ57_BV29-CASRQGNYAEQFF-BJ2-1,single,1,0.0,0.0
BL6-B10BR_HTxB,AV16-CAMREGDSNNRIFF-AJ31_BV13-2-CASGETYEQYF-BJ2-7,single,1,0.29957990120699707,0.13200554125737984
BL6-B10BR_HTxB,AV16-CAMREGDSNNRIFF-AJ31_BV13-2-CASGGTYEQYF-BJ2-7,single,9,0.5603233574721694,0.2453752761884233
BL6-B10BR_HTxB,AV16-CAMREGDSNNRIFL-AJ31_BV4-CASSFSYEQYF-BJ2-7,single,1,0.32899357971526827,0.12057758338014243
BL6-B10BR_HTxB,AV16-CAMREGDTGYQNFYF-AJ49_BV1-CTCSAARINTEVFF-BJ1-1,single,26,0.9799355890267736,0.7171798334158697
BL6-B10BR_HTxB,AV16-CAMREGDTGYQNFYF-AJ49_BV1-CTCSADRVRAEQFF-BJ2-1,single,2,0.6347846876954077,0.28760988517145886
BL6-B10BR_HTxB,AV16-CAMREGDTGYQNFYF-AJ49_BV1-CTCSAVRISNERLFF-BJ1-4,single,1,0.4936191872801264,0.21625480270444292
BL6-B10BR_HTxB,AV16-CAMREGDTGYQNFYF-AJ49_BV2-CASSQERWPETLYF-BJ2-3,single,1,1.4567796494470395,0.9573556625915066
BL6-B10BR_HTxB,AV16-CAMREGDTNAYKVIF-AJ30_BV19-CASSIEGYNSPLYF-BJ1-6,single,1,2.805414944989603,2.6606795547539543
BL6-B10BR_HTxB,AV16-CAMREGDYANKMIF-AJ47_BV19-CASSIGTYEQYF-BJ2-7,single,1,0.9709505944546686,0.9434164716336325
BL6-B10BR_HTxB,AV16-CAMREGEGADRLTF-AJ45_BV1-CTCSAVRVDEQYF-BJ2-7,single,1,0.48010441521321046,0.17779928841421372
BL6-B10BR_HTxB,AV16-CAMREGGAGNTGKLIF-AJ37_BV13-2-CASGDNYEQYF-BJ2-7,single,15,0.8580135800803864,0.5167896954559521
BL6-B10BR_HTxB,AV16-CAMREGGAGNTGKLIF-AJ37_BV13-2-CASGDVGWPLYF-BJ1-6,single,1,1.6737949406953985,1.2186402864753405
BL6-B10BR_HTxB,AV16-CAMREGGAGNTGKLIF-AJ37_BV19-CASRGFAEQFF-BJ2-1,single,1,0.5597698700118598,0.2270847209993082
BL6-B10BR_HTxB,AV16-CAMREGGAGNTGKLIF-AJ37_BV4-CASSSPYEQYF-BJ2-7,single,1,0.45118403318331257,0.1922555288537895
BL6-B10BR_HTxB,AV16-CAMREGGASSSFSKLVF-AJ50_BV3-CASSLGQISNERLFF-BJ1-4,single,1,0.9219280948873623,0.599462070416271
BL6-B10BR_HTxB,AV16-CAMREGGYANKMIF-AJ47_BV5-CASSQDPGALAEQFF-BJ2-1,single,1,2.7744998774912797,2.594810286677504
BL6-B10BR_HTxB,AV16-CAMREGIASSSFSKLVF-AJ50_BV26-CASSRDWEQDTQYF-BJ2-5,single,1,0.8821167451518299,0.4803574574918455
BL6-B10BR_HTxB,AV16-CAMREGLDYANKMIF-AJ47_BV16-CASSPAGGARDTQYF-BJ2-5,single,1,1.295461844238322,1.120294233717712
BL6-B10BR_HTxB,AV16-CAMREGLSAGNELTF-AJ17_BV20-CGARTGGGSDYTF-BJ1-2,single,1,0.755418029248495,0.35837009085542276
BL6-B10BR_HTxB,AV16-CAMREGMATGGNNKLTF-AJ56_BV1-CTCSAARINTEVFF-BJ1-1,single,1,0.64060032463386,0.3103902150596592
BL6-B10BR_HTxB,AV16-CAMREGMATGGNNKLTF-AJ56_BV1-CTCSAVRVNTLYF-BJ2-4,single,4,0.8873552994362538,0.7458174704978948
BL6-B10BR_HTxB,AV16-CAMREGNNNNAPRF-AJ43_BV13-1-CASSDVTGKTLYF-BJ2-3,single,1,0.8841837197791889,0.5885737542735348
BL6-B10BR_HTxB,AV16-CAMREGNNYAQGLTF-AJ26_BV2-CASSQDRRGGEQYF-BJ2-7,single,1,2.2954656791802917,2.2715964193372176
BL6-B10BR_HTxB,AV16-CAMREGNTGYQNFYF-AJ49_BV13-2-CASGDGGQNTLYF-BJ2-4,single,3,1.8486707366714203,1.4878109040564997
BL6-B10BR_HTxB,AV16-CAMREGNTGYQNFYF-AJ49_BV13-2-CASGDLDTQYF-BJ2-5,single,1,1.471602261409798,1.1844245711374275
BL6-B10BR_HTxB,AV16-CAMREGNYGNEKITF-AJ48_BV1-CTCSADGVYAEQFF-BJ2-1,single,2,0.9199083829526595,0.46236591441807795
BL6-B10BR_HTxB,AV16-CAMREGNYGNEKITF-AJ48_BV1-CTCSADRVQNTLYF-BJ2-4,single,1,1.0374012540422355,0.6311536024507822
BL6-B10BR_HTxB,AV16-CAMREGQDYANKMIF-AJ47_BV13-1-CASSLRFYAEQFF-BJ2-1,single,1,2.0264616915928486,1.6089081963461889
BL6-B10BR_HTxB,AV16-CAMREGQGGSAKLIF-AJ57_BV1-CTCSADRFYEQYF-BJ2-7,single,12,1.9841320407844751,1.7949500781914292
BL6-B10BR_HTxB,AV16-CAMREGQGGSAKLIF-AJ57_BV16-CASSLAGDEQYF-BJ2-7,single,1,1.7527152789797045,1.5849625007211563
BL6-B10BR_HTxB,AV16-CAMREGRNAGAKLTF-AJ39_BV17-CASSRGDGGQNTLYF-BJ2-4,single,1,0.0,0.0
BL6-B10BR_HTxB,AV16-CAMREGTGSNRLTF-AJ28_BV13-1-CASSADRGQNTLYF-BJ2-4,single,1,1.8119939589301068,1.4301443916690522
BL6-B10BR_HTxB,AV16-CAMREGTSSSFSKLMF-AJ50_BV13-2-CASGGLGGLDTQYF-BJ2-5,single,1,0.0,0.0
BL6-B10BR_HTxB,AV16-CAMREGTSSSFSKLVF-AJ50_BV13-2-CASGGLGGLDTQYF-BJ2-5,single,2,2.355041498310441,2.095023298681543
BL6-B10BR_HTxB,AV16-CAMREGWNSGGSNYKLTF-AJ53_BV13-2-CASGDNYEQYF-BJ2-7,single,2,0.5152385103615784,0.21393001336042688
BL6-B10BR_HTxB,AV16-CAMREHYGSSGNKLIF-AJ32_BV29-CASSNRDIYEQYF-BJ2-7,single,1,1.1745243608799572,0.690234543821215
BL6-B10BR_HTxB,AV16-CAMREIASSSFSKLVF-AJ50_BV5-CASSQVPGVYAEQFF-BJ2-1,single,1,2.3342094594480485,2.137503523749935
BL6-B10BR_HTxB,AV16-CAMRELMDSNYQLIW-AJ33_BV5-CASSQDRGNNQAPLF-BJ1-5,single,1,1.497385205007079,0.8969065070358962
BL6-B10BR_HTxB,AV16-CAMRELNTGANTGKLTF-AJ52_BV16-CASSLELANTEVFF-BJ1-1,single,1,2.2516291673878226,2.1699250014423126
BL6-B10BR_HTxB,AV16-CAMREMLSGSFNKLTF-AJ4_BV13-2-CASGTGGQNTLYF-BJ2-4,single,1,1.4006367672950208,1.1062602372548385
BL6-B10BR_HTxB,AV16-CAMRENNYAQG-AJ26_BV1-CTCSAVRYNSPLYF-BJ1-6,single,1,0.773860817346735,0.3763051047901291
BL6-B10BR_HTxB,AV16-CAMRENNYAQGL-AJ26_BV1-CTCSAVRISNERLFF-BJ1-4,single,1,1.2036269253032814,0.7482504821394597
BL6-B10BR_HTxB,AV16-CAMRENNYAQGLTF-AJ26_BV14-CASSDRYEQYF-BJ2-7,single,1,1.5967336881190093,1.2922826331388375
BL6-B10BR_HTxB,AV16-CAMRENSNNRIFF-AJ31_BV13-2-CASGEGLGGREQYF-BJ2-7,single,1,2.842370993177109,2.7078192485066896
BL6-B10BR_HTxB,AV16-CAMREPDSNYQLIW-AJ33_BV1-CTCSADRVGNTLYF-BJ1-3,single,4,0.8397650470140505,0.4726142612237677
BL6-B10BR_HTxB,AV16-CAMRERDSNNRIFF-AJ31_BV13-2-CASGGTYEQYF-BJ2-7,single,1,0.4184246329990291,0.16801249052831052
BL6-B10BR_HTxB,AV16-CAMREVTGSGGKLTL-AJ44_BV13-1-CASSEINTEVFF-BJ1-1,single,2,0.7159700547896555,0.40364287014972655
BL6-B10BR_HTxB,AV16-CAMRGANYGNEKITF-AJ48_BV1-CTCSVDRVQNTLYF-BJ2-4,single,1,1.4345491399952024,0.9142701259741166
BL6-B10BR_HTxB,AV16-CAMRGDNYAQGLTF-AJ26_BV13-2-CASGADWESSYEQYF-BJ2-7,single,1,0.0,0.0
BL6-B10BR_HTxB,AV16-CAMRGIASSSFSKLVF-AJ50_BV17-CASSRGGREQYF-BJ2-7,single,3,1.425919036707312,1.0350046673939401
BL6-B10BR_HTxB,AV16-CAMRGNNYAQGLTF-AJ26_BV14-CASSDRYEQYF-BJ2-7,single,1,1.082427412719333,0.88362010915172
BL6-B10BR_HTxB,AV16-CAMRGNTEGADRLTF-AJ45_BV13-1-CASSPGFSGNTLYF-BJ1-3,single,4,0.8286148176275379,0.46338777167022605
BL6-B10BR_HTxB,AV16-CAMRGNTEGADRLTF-AJ45_BV19-CASSSSGTTNQAPLF-BJ1-5,single,1,1.378736776994117,0.7115429972862994
BL6-B10BR_HTxB,AV16-CAMRGTGSGGKLTL-AJ44_BV13-3-CASSDASFYEQYF-BJ2-7,single,1,1.6225562489182659,1.3561438102252754
BL6-B10BR_HTxB,AV16-CAMRVDYANKMIF-AJ47_BV3-CASSSGLYEQYF-BJ2-7,single,1,1.0910410490675526,0.6297568313839159
BL6-B10BR_HTxB,AV16-CAMRVNTEGADRLTF-AJ45_BV19-CASSIRRTGDAEQFF-BJ2-1,single,1,1.75,1.5405683813627027
BL6-B10BR_HTxB,AV16/DV11-CAMRADSNYQLIW-AJ33_BV13-1-CASSDPGREQYF-BJ2-7,single,1,1.2361602543738117,1.014499569695115
BL6-B10BR_HTxB,AV16/DV11-CAMRADSNYQLIW-AJ33_BV23-CSSSQWQGASDYTF-BJ1-2,single,1,0.2508796910719543,0.10033235328704646
BL6-B10BR_HTxB,AV16/DV11-CAMRADSNYQLIW-AJ33_BV3-CASSLGFQDTQYF-BJ2-5,single,1,0.3363969571159562,0.146004352823607
BL6-B10BR_HTxB,AV16/DV11-CAMRADSNYQLIW-AJ33_BV3-CASSRGQISNERLFF-BJ1-4,single,27,0.7428617588410069,0.4482511179900937
BL6-B10BR_HTxB,AV16/DV11-CAMRASGGN-AJ6_BV1-CTCSADRGVYAEQFF-BJ2-1,single,1,1.6577427265048887,1.3856536924977494
BL6-B10BR_HTxB,AV16/DV11-CAMRASGGNYKPAF-AJ6_BV17-CASSRLGSSYEQYF-BJ2-7,single,1,0.21084230031853213,0.0961047681506411
BL6-B10BR_HTxB,AV16/DV11-CAMRASGGNYKPTF-AJ6_BV1-CTCSADREVYAEQFF-BJ2-1,single,1,2.197159723424149,2.091922489441039
BL6-B10BR_HTxB,AV16/DV11-CAMRASGGNYKPTF-AJ6_BV1-CTCSADRGVYAEQFF-BJ2-1,single,45,1.5246565439483892,1.3498432794724602
BL6-B10BR_HTxB,AV16/DV11-CAMRASGGNYKPTF-AJ6_BV12-2-CASSLGQGAETLYF-BJ2-3,single,1,2.3775236369557597,1.9046029772074435
BL6-B10BR_HTxB,AV16/DV11-CAMRASGGNYKPTF-AJ6_BV13-1-CASKSTVQDTQYF-BJ2-5,single,1,0.9297915083157398,0.5346807462783332
BL6-B10BR_HTxB,AV16/DV11-CAMRASGGNYKPTF-AJ6_BV13-1-CASSDGGSYEQYF-BJ2-7,single,1,2.2841591278514217,2.0
BL6-B10BR_HTxB,AV16/DV11-CAMRASGGNYKPTF-AJ6_BV13-2-CASGARTGENYAEQFF-BJ2-1,single,1,0.7345299214394703,0.4248852852351911
BL6-B10BR_HTxB,AV16/DV11-CAMRASGGNYKPTF-AJ6_BV14-CASSDRYEQYF-BJ2-7,single,1,1.4902265632308611,1.2312825038018274
BL6-B10BR_HTxB,AV16/DV11-CAMRASGGNYKPTF-AJ6_BV20-CGARTGGGSDYTF-BJ1-2,single,1,0.9048202460974559,0.46125435424411465
BL6-B10BR_HTxB,AV16/DV11-CAMRASGGNYKPTF-AJ6_BV3-CASSLGQISNERLFF-BJ1-4,single,1,0.7219280948873623,0.5563933485243849
BL6-B10BR_HTxB,AV16/DV11-CAMRASGGNYKPTF-AJ6_BV5-CASSHRDNNERVVF-BJ1-4,single,1,0.0,0.0
BL6-B10BR_HTxB,AV16/DV11-CAMRDSGGSDA-AJ42_BV31-CAWSLGNYAEQFF-BJ2-1,single,1,2.075185574600514,1.3951486303316603
BL6-B10BR_HTxB,AV16/DV11-CAMRDSGGSN-AJ42_BV19-CASSISGSYAEQFF-BJ2-1,single,1,0.9182958340544896,0.84799690655495
BL6-B10BR_HTxB,AV16/DV11-CAMRDSGGSNAK-AJ42_BV13-2-CASGAGGQNTLYF-BJ2-4,single,1,1.1496603631462867,0.8009665940950571
BL6-B10BR_HTxB,AV16/DV11-CAMRDSGGSNAKLTF-AJ42_BV1-CTCSADRVAETLYF-BJ2-3,single,14,1.399556104165664,1.0104117851217602
BL6-B10BR_HTxB,AV16/DV11-CAMRDSGGSNAKLTF-AJ42_BV1-CTCSADRVAKTLYF-BJ2-3,single,1,0.0,0.0
BL6-B10BR_HTxB,AV16/DV11-CAMRDSGGSNAKLTF-AJ42_BV13-1-CASSDAGTTNSDYTF-BJ1-2,single,1,0.9182958340544896,0.84799690655495
BL6-B10BR_HTxB,AV16/DV11-CAMRDSNTGYQNFYF-AJ49_BV13-1-CASSDVGNSDYTF-BJ1-2,single,1,2.1892382558030263,1.9391447946131457
BL6-B10BR_HTxB,AV16/DV11-CAMRDSNTGYQNFYF-AJ49_BV13-2-CASGAGGQNTLYF-BJ2-4,single,1,2.1316713241139245,1.83538210414101
BL6-B10BR_HTxB,AV16/DV11-CAMRDSYQGGRALI-AJ15_BV1-CTCSADRVRAEQFF-BJ2-1,single,1,1.0898571336195049,0.5077764660777371
BL6-B10BR_HTxB,AV16/DV11-CAMRDSYQGGRALIF-AJ15_BV1-CTCSADKISNERLFF-BJ1-4,single,2,2.268179220272339,2.082109065353056
BL6-B10BR_HTxB,AV16/DV11-CAMRDSYQGGRALIF-AJ15_BV13-2-CASGARTGENYAEQFF-BJ2-1,single,1,1.3446983751597128,0.7567288489876364
BL6-B10BR_HTxB,AV16/DV11-CAMRDTNAYKVIF-AJ30_BV13-2-CASGGQNQAPLF-BJ1-5,single,1,1.567307491660506,1.034948508258374
BL6-B10BR_HTxB,AV16/DV11-CAMREANYGNEKITF-AJ48_BV1-CTCSADRVQNTLYF-BJ2-4,single,3,0.9210208323165531,0.5093758586767827
BL6-B10BR_HTxB,AV16/DV11-CAMREANYGNEKITF-AJ48_BV13-3-CASSDPGEDQAPLF-BJ1-5,single,1,2.0517516484026137,1.8421203402182809
BL6-B10BR_HTxB,AV16/DV11-CAMREANYGNERITF-AJ48_BV19-CASSIGRTGNTLYF-BJ1-3,single,1,0.9182958340544896,0.84799690655495
BL6-B10BR_HTxB,AV16/DV11-CAMREDMGYKLTF-AJ9_BV13-2-CASGDAQAPLF-BJ1-5,single,1,1.3508173575814775,1.0744499491598813
BL6-B10BR_HTxB,AV16/DV11-CAMREDNTNEVVF-AJ34_BV13-2-CASGDAGGANTEVFF-BJ1-1,single,1,1.9219280948873623,1.8365012677171204
BL6-B10BR_HTxB,AV16/DV11-CAMREDNYAQGLTF-AJ26_BV5-CASSQAGGANERLFF-BJ1-4,single,6,0.6871131150678168,0.41602782059750726
BL6-B10BR_HTxB,AV16/DV11-CAMREDSGSWQLIF-AJ22_BV13-2-CASGVQGANSDYTF-BJ1-2,single,1,0.8343470230852537,0.5238739913217502
BL6-B10BR_HTxB,AV16/DV11-CAMREDSNYQLIW-AJ33_BV13-1-CASSDARVGEQYF-BJ2-7,single,1,0.3388087378358059,0.13313833118853283
BL6-B10BR_HTxB,AV16/DV11-CAMREDSNYQLIW-AJ33_BV13-2-CASGGTGGAREQYF-BJ2-7,single,3,0.9134914524896679,0.4535729766161864
BL6-B10BR_HTxB,AV16/DV11-CAMREDSNYQLIW-AJ33_BV19-CASRTGGARYAEQFF-BJ2-1,single,1,1.061278124459133,0.7520724865564145
BL6-B10BR_HTxB,AV16/DV11-CAMREDSNYQLIW-AJ33_BV2-CASSQDRRGDTQYF-BJ2-5,single,1,1.295659529821394,0.8135042353543237
BL6-B10BR_HTxB,AV16/DV11-CAMREDSNYQLIW-AJ33_BV3-CASSLDWASQNTLYF-BJ2-4,single,1,0.19590927087360493,0.08738004432409827
BL6-B10BR_HTxB,AV16/DV11-CAMREDSNYQLIW-AJ33_BV3-CASSLGQISNERLFF-BJ1-4,single,16,0.8755369570257331,0.5694154061791329
BL6-B10BR_HTxB,AV16/DV11-CAMREDSNYQLIW-AJ33_BV3-CASSLGQVSNERLFF-BJ1-4,single,1,0.17033057560105985,0.07301542889421442
BL6-B10BR_HTxB,AV16/DV11-CAMREDSNYQLIW-AJ33_BV3-CASSSGQISNERLFF-BJ1-4,single,1,0.4077057723137474,0.19069838348849494
BL6-B10BR_HTxB,AV16/DV11-CAMREDTGGLSGKLTF-AJ2_BV12-2-CASSLGDNQDTQYF-BJ2-5,single,1,1.8980933736695382,1.3805098161505729
BL6-B10BR_HTxB,AV16/DV11-CAMREDTGGLSGKLTF-AJ2_BV13-2-CASGDITEVFF-BJ1-1,single,1,3.156645438761729,2.8665977610283346
BL6-B10BR_HTxB,AV16/DV11-CAMREDTNTGKLTF-AJ27_BV16-CASSLDNYAEQFF-BJ2-1,single,2,1.8775495763244856,1.4886983966968046
BL6-B10BR_HTxB,AV16/DV11-CAMREGASSFSKLVF-AJ50_BV17-CASSDWGGSYEQYF-BJ2-7,single,1,2.9022552857831,2.6551715030025593
BL6-B10BR_HTxB,AV16/DV11-CAMREGDSGTYQRF-AJ13_BV30-CSSTRDWGNYAEQFF-BJ2-1,single,1,1.6858157091530304,1.4270101409449198
BL6-B10BR_HTxB,AV16/DV11-CAMREGDSNNRIFF-AJ31_BV5-CASSQEDWYEQYF-BJ2-7,single,1,0.21228826991414879,0.06841628948450097
BL6-B10BR_HTxB,AV16/DV11-CAMREGDSNYQLIW-AJ33_BV13-2-CASGDRANSDYTF-BJ1-2,single,8,1.4181661127572829,1.0552325814279482
BL6-B10BR_HTxB,AV16/DV11-CAMREGDSNYQLIW-AJ33_BV3-CASSLGQISNERLFF-BJ1-4,single,1,0.9912642605354288,0.6866339186160615
BL6-B10BR_HTxB,AV16/DV11-CAMREGDSNYQVIW-AJ33_BV17-CASSNWGAEQFF-BJ2-1,single,1,1.1451104143815827,0.714378909098966
BL6-B10BR_HTxB,AV16/DV11-CAMREGDTGYQNFYF-AJ49_BV13-2-CASGGTGGAREQYF-BJ2-7,single,1,0.9989818139781502,0.467807974534012
BL6-B10BR_HTxB,AV16/DV11-CAMREGDTNAYKVIF-AJ30_BV29-CASSLRLNNQAPLF-BJ1-5,single,1,0.9182958340544896,0.84799690655495
BL6-B10BR_HTxB,AV16/DV11-CAMREGDTNTGKLTF-AJ27_BV2-CASSQELGGYEQYF-BJ2-7,single,1,2.5709505944546684,2.395928676331139
BL6-B10BR_HTxB,AV16/DV11-CAMREGEGSALGRLHF-AJ18_BV13-1-CASSGVSYEQYF-BJ2-7,single,1,1.374218615309046,1.1130640341674187
BL6-B10BR_HTxB,AV16/DV11-CAMREGEGSGTYQRF-AJ13_BV3-CASSSGQAPNSDYTF-BJ1-2,single,1,2.6988086902348662,2.4473631773071274
BL6-B10BR_HTxB,AV16/DV11-CAMREGELSGSFNKLTF-AJ4_BV13-1-CASRDRGLQDTQYF-BJ2-5,single,1,0.9910760598382222,0.982297998266541
BL6-B10BR_HTxB,AV16/DV11-CAMREGETGGYKVVF-AJ12_BV3-CASSSNRVDTQYF-BJ2-5,single,3,1.5012957190202805,1.0811112535129612
BL6-B10BR_HTxB,AV16/DV11-CAMREGETGGYKVVF-AJ12_BV5-CASSQERTGQLYF-BJ2-2,single,1,0.39124356362925566,0.22097034626724957
BL6-B10BR_HTxB,AV16/DV11-CAMREGGAGNTGKLIF-AJ37_BV3-CASSRGQISNERLFF-BJ1-4,single,1,1.6049355947431312,1.2746223801090057
BL6-B10BR_HTxB,AV16/DV11-CAMREGLGYKLTF-AJ9_BV13-1-CASSDVRTSQNTLYF-BJ2-4,single,1,1.1488348542809166,0.8598223419517396
BL6-B10BR_HTxB,AV16/DV11-CAMREGLSNYNVLYF-AJ21_BV1-CTCSADGLYEQYF-BJ2-7,single,2,0.7763831859594744,0.32312366574216356
BL6-B10BR_HTxB,AV16/DV11-CAMREGMNYNQGKLIF-AJ23_BV29-CASRGQGAEQFF-BJ2-1,single,1,1.0,1.0
BL6-B10BR_HTxB,AV16/DV11-CAMREGNTEGADRLTF-AJ45_BV4-CASSWDWGYAEQFF-BJ2-1,single,1,0.6998428398862386,0.395928676331139
BL6-B10BR_HTxB,AV16/DV11-CAMREGNTGNYKYVF-AJ40_BV13-2-CASGDINQAPLF-BJ1-5,single,1,1.323359852758302,1.0641303374197153
BL6-B10BR_HTxB,AV16/DV11-CAMREGNTGNYKYVF-AJ40_BV19-CASSIGAGNTLYF-BJ1-3,single,1,2.2539448552779087,1.6603699033791788
BL6-B10BR_HTxB,AV16/DV11-CAMREGPDNYAQGLTF-AJ26_BV13-2-CASGDWGVEQYF-BJ2-7,single,1,0.2634465262302317,0.09793824424790763
BL6-B10BR_HTxB,AV16/DV11-CAMREGPDNYAQGLTF-AJ26_BV16-CASSLPLQGANTEVFF-BJ1-1,single,1,0.8112781244591328,0.6780719051126377
BL6-B10BR_HTxB,AV16/DV11-CAMREGPDNYAQGLTF-AJ26_BV3-CASSLGQISNERLFF-BJ1-4,single,1,0.41912504388298855,0.14790888398068183
BL6-B10BR_HTxB,AV16/DV11-CAMREGPGTNASKVIF-AJ30_BV13-2-CASGDSYEQYF-BJ2-7,single,1,0.3767743609006035,0.17179822616887594
BL6-B10BR_HTxB,AV16/DV11-CAMREGPGTNAYKVIF-AJ30_BV13-2-CASGDSYEQYF-BJ2-7,single,7,0.718659678537196,0.4152409549314334
BL6-B10BR_HTxB,AV16/DV11-CAMREGPGTNAYKVIF-AJ30_BV14-CASSDRYEQYF-BJ2-7,single,1,1.5492610114475256,0.9739223541057643
BL6-B10BR_HTxB,AV16/DV11-CAMREGPGTNAYKVIF-AJ30_BV3-CASSPDWTSAETLYF-BJ2-3,single,1,0.844680416088337,0.416332308685101
BL6-B10BR_HTxB,AV16/DV11-CAMREGSGNTGKLIF-AJ37_BV13-1-CASRDINTEVFF-BJ1-1,single,2,0.38216178527707434,0.15061055480446878
BL6-B10BR_HTxB,AV16/DV11-CAMREGTGGYKVVF-AJ12_BV1-CTCSADRVGNTLYF-BJ1-3,single,1,1.204545782172514,0.6253456068571698
BL6-B10BR_HTxB,AV16/DV11-CAMREGTGYNKLTF-AJ11_BV16-CASSSTGVSYEQYF-BJ2-7,single,1,0.530354959730813,0.24144516393426346
BL6-B10BR_HTxB,AV16/DV11-CAMREGTNTGKLTF-AJ27_BV1-CTCSGDRFYEQYF-BJ2-7,single,5,1.3147934853839582,1.1292263948155417
BL6-B10BR_HTxB,AV16/DV11-CAMREITGNTGKLIF-AJ37_BV1-CTCSAQGANTGQLYF-BJ2-2,single,1,2.2706912868425744,1.9940751660428948
BL6-B10BR_HTxB,AV16/DV11-CAMRENNYAQGLTF-AJ26_BV3-CASSRGQISNERLFF-BJ1-4,single,1,0.3095434291503252,0.15994091286969028
BL6-B10BR_HTxB,AV16/DV11-CAMREPGYQNFYF-AJ49_BV13-2-CASGDQGASGNTLYF-BJ1-3,single,3,0.764438883832038,0.34891133572800515
BL6-B10BR_HTxB,AV16/DV11-CAMREPGYQNFYF-AJ49_BV13-3-CASSGGHLNTEVFF-BJ1-1,single,1,1.2958363892911637,1.1884450894131102
BL6-B10BR_HTxB,AV16/DV11-CAMRETGYNKLTF-AJ11_BV1-CTCSAARINTEVFF-BJ1-1,single,1,0.34310030788093704,0.14979158194527073
BL6-B10BR_HTxB,AV16/DV11-CAMRGMGYKLTF-AJ9_BV26-CASSLLSNNQAPLF-BJ1-5,single,2,2.058186162992782,1.6204457613982282
BL6-B10BR_HTxB,AV16/DV11-CAMRGSSGSWQLIF-AJ22_BV1-CTCSADRFYEQYF-BJ2-7,single,6,1.5755180944814315,1.4770827460416776
BL6-B10BR_HTxB,AV16/DV11-CATRENNYAQGLTF-AJ26_BV1-CTCSALGGDTLYF-BJ2-4,single,1,0.9171193563669939,0.5624812026323688
BL6-B10BR_HTxB,AV16N-CAMGEDTGYQNFYF-AJ49_BV13-2-CASGERGNYAEQFF-BJ2-1,single,1,1.2516291673878228,1.0
BL6-B10BR_HTxB,AV16N-CAMRASGGNYKPTF-AJ6_BV1-CTCSADRGVYAEQFF-BJ2-1,single,1,1.5510981710072647,1.2630344058337937
BL6-B10BR_HTxB,AV16N-CAMRASGGNYKPTF-AJ6_BV1-CTCSAVRVDSDYTF-BJ1-2,single,1,0.6143694458867568,0.32862274746137066
BL6-B10BR_HTxB,AV16N-CAMRASGGNYKPTF-AJ6_BV17-CASSNWGAEQFF-BJ2-1,single,1,0.7345299214394703,0.4248852852351911
BL6-B10BR_HTxB,AV16N-CAMRAYYGSSGNKLIF-AJ32_BV1-CTCSADRVQGTQYF-BJ2-5,single,3,1.1861929308658417,0.8425092734806799
BL6-B10BR_HTxB,AV16N-CAMRAYYGSSGNKLIF-AJ32_BV3-CASSLGQISNERLFF-BJ1-4,single,1,0.0,0.0
BL6-B10BR_HTxB,AV16N-CAMRAYYGSSGNKLIF-AJ32_BV3-CASSLGTGYEQYF-BJ2-7,single,1,1.4501075766292444,0.823937806253208
BL6-B10BR_HTxB,AV16N-CAMRDDTNAYKVIF-AJ30_BV1-CTCSRDRGREQYF-BJ2-7,single,5,1.4602869337402697,0.9757597830175412
BL6-B10BR_HTxB,AV16N-CAMRDDTNAYKVIF-AJ30_BV19-CASSIGRTGNTLYF-BJ1-3,single,1,2.2841591278514217,1.9999999999999998
BL6-B10BR_HTxB,AV16N-CAMRDDTNAYKVIF-AJ30_BV3-CASSLRGNTGQLYF-BJ2-2,single,2,1.2043773797345094,1.0577386087099678
BL6-B10BR_HTxB,AV16N-CAMRDNSNNR-AJ31_BV13-2-CASGDAGGYEQYF-BJ2-7,single,1,2.8333208226910545,2.6709357238310094
BL6-B10BR_HTxB,AV16N-CAMRDNSNNRIFF-AJ31_BV13-3-CASGGVEVFF-BJ1-1,single,2,1.380333413615799,1.2779080775308198
BL6-B10BR_HTxB,AV16N-CAMRDPYGSSGNKLIF-AJ32_BV13-2-CASGDRANTEVFF-BJ1-1,single,1,0.420026001688088,0.19539568895843065
BL6-B10BR_HTxB,AV16N-CAMRDSGYNKLTF-AJ11_BV13-1-CASSDTNTEVFF-BJ1-1,single,1,1.6655351233888505,1.1740073938866433
BL6-B10BR_HTxB,AV16N-CAMRDSNTGYQNFYF-AJ49_BV1-CTCSADLGGWEQYF-BJ2-7,single,1,1.0534081504863568,0.6591066267688909
BL6-B10BR_HTxB,AV16N-CAMRDSNTGYQNFYF-AJ49_BV1-CTCSPNRVDTLYF-BJ2-4,single,1,0.7732283485249176,0.45836493094294434
BL6-B10BR_HTxB,AV16N-CAMRDTNAYKVIF-AJ30_BV1-CTCSASGTGDTEVFF-BJ1-1,single,1,2.0718861869120673,1.6450834931587273
BL6-B10BR_HTxB,AV16N-CAMRDTNAYKVIF-AJ30_BV13-2-CASGARTGENYAEQLF-BJ2-1,single,1,0.6471478167261879,0.2714048108196745
BL6-B10BR_HTxB,AV16N-CAMRDTNAYKVIF-AJ30_BV13-2-CASGGANERLFF-BJ1-4,single,18,1.4111284513625308,1.1533448863880968
BL6-B10BR_HTxB,AV16N-CAMRDTNAYKVIF-AJ30_BV13-2-CASGGANTEVFF-BJ1-1,single,2,1.6179255797968928,1.2414263153542486
BL6-B10BR_HTxB,AV16N-CAMRDTNAYKVIF-AJ30_BV13-2-CASGGQNQAPLF-BJ1-5,single,2,0.5331861104870643,0.20878493704298817
BL6-B10BR_HTxB,AV16N-CAMRDTNAYKVTF-AJ30_BV1-CTCSGTGANTEVFF-BJ1-1,single,1,1.584962500721156,1.5849625007211563
BL6-B10BR_HTxB,AV16N-CAMREAGNYKYVF-AJ40_BV13-2-CASGDAPNERLFF-BJ1-4,single,2,1.6072938592660588,0.9760125780262716
BL6-B10BR_HTxB,AV16N-CAMREANTGYQNFYF-AJ49_BV13-2-CASGEGQGGNTLYF-BJ2-4,single,1,1.9182958340544896,1.84799690655495
BL6-B10BR_HTxB,AV16N-CAMREANYAQGLTF-AJ26_BV16-CASSLDRDDTQYF-BJ2-5,single,1,2.2185463540765222,2.0
BL6-B10BR_HTxB,AV16N-CAMREANYGNEKITF-AJ48_BV13-1-CASSDVGGRGTGQLYF-BJ2-2,single,1,2.004886164091843,1.7895802203296278
BL6-B10BR_HTxB,AV16N-CAMREANYNVLLL-AJ21_BV13-2-CASGDINERLFF-BJ1-4,single,1,1.1339874769112017,1.0551081168061895
BL6-B10BR_HTxB,AV16N-CAMREANYNVLYF-AJ21_BV13-2-CASGDINERLFF-BJ1-4,single,1,1.2751629827848567,0.864116571918227
BL6-B10BR_HTxB,AV16N-CAMREANYNVLYF-AJ21_BV13-2-CASGGTYEQYF-BJ2-7,single,1,0.5704513618949846,0.27245661217554284
BL6-B10BR_HTxB,AV16N-CAMREANYNVRYF-AJ21_BV3-CASSLGQISNERLFF-BJ1-4,single,1,0.36579197364364757,0.16524602104382774
BL6-B10BR_HTxB,AV16N-CAMREASSGSWQLIF-AJ22_BV13-1-CASSDRDTEVFF-BJ1-1,single,1,1.584962500721156,1.5849625007211563
BL6-B10BR_HTxB,AV16N-CAMREASSGSWQLIF-AJ22_BV16-CASSLGNNNQAPLF-BJ1-5,single,1,1.4345491399952024,0.9142701259741163
BL6-B10BR_HTxB,AV16N-CAMREDMGYKLTF-AJ9_BV16-CASSSGGAQDTQYF-BJ2-5,single,1,0.8054647298138272,0.41189779174827634
BL6-B10BR_HTxB,AV16N-CAMREDMGYKLTF-AJ9_BV3-CASSLGQISNERLFF-BJ1-4,single,1,0.4586858162005403,0.2772155650697722
BL6-B10BR_HTxB,AV16N-CAMREDNMGYKLTF-AJ9_BV20-CGARGLGVSQNTLYF-BJ2-4,single,2,1.4596203523184244,1.236965594166206
BL6-B10BR_HTxB,AV16N-CAMREDNNAGAKLTF-AJ39_BV13-2-CASGEGGRNTLYF-BJ2-4,single,1,0.41381685030363374,0.2391876638794263
BL6-B10BR_HTxB,AV16N-CAMREDNTNKVVF-AJ34_BV16-CASSLGGGAATGQLYF-BJ2-2,single,1,1.3929116375954174,0.7423188286604128
BL6-B10BR_HTxB,AV16N-CAMREDNYAQGLTF-AJ26_BV13-1-CASSDTNTEVFF-BJ1-1,single,3,0.9124908217440609,0.7289807962116589
BL6-B10BR_HTxB,AV16N-CAMREDNYAQGLTF-AJ26_BV13-1-CASSGTGSNYAEQFF-BJ2-1,single,1,0.545701341874094,0.23280204846664238
BL6-B10BR_HTxB,AV16N-CAMREDPNTNKVVF-AJ34_BV13-1-CASSDARVGEQYF-BJ2-7,single,1,1.9591479170272446,1.6463630453852995
BL6-B10BR_HTxB,AV16N-CAMREDQGGRALIF-AJ15_BV16-CASSLVGNQDTQYF-BJ2-5,single,12,1.2579229681837594,0.9025751276529369
BL6-B10BR_HTxB,AV16N-CAMREDQGGRALIF-AJ15_BV31-CAWSLAGSGNTLYF-BJ1-3,single,1,1.1386865525783176,0.6463630453852993
BL6-B10BR_HTxB,AV16N-CAMREDQGGSAKLIF-AJ57_BV20-CGARDWGGYEQYF-BJ2-7,single,1,1.2776134368191154,0.852774046816822
BL6-B10BR_HTxB,AV16N-CAMREDSGGSNYKLTF-AJ53_BV14-CASSFGGGDSDYTF-BJ1-2,single,1,2.2359263506290326,2.155278225477911
BL6-B10BR_HTxB,AV16N-CAMREDSGGSNYKLTF-AJ53_BV4-CASSWDWGGEQYF-BJ2-7,single,1,2.581781576893034,2.3398500028846247
BL6-B10BR_HTxB,AV16N-CAMREDSNNRIFF-AJ31_BV13-2-CASGDGYAEQFF-BJ2-1,single,1,1.818653899681698,1.3395832570133113
BL6-B10BR_HTxB,AV16N-CAMREDSNYQLI-AJ33_BV3-CASSPGQISNERLFF-BJ1-4,single,1,1.523009654835499,0.941106310946431
BL6-B10BR_HTxB,AV16N-CAMREDSNYQLIW-AJ33_BV1-CTCSAATDTEVFF-BJ1-1,single,1,1.173732859051434,0.8280973491172453
BL6-B10BR_HTxB,AV16N-CAMREDSNYQLIW-AJ33_BV1-CTCSAEGLGGSAETLYF-BJ2-3,single,1,0.9864267287308424,0.6674246609131288
BL6-B10BR_HTxB,AV16N-CAMREDSNYQLIW-AJ33_BV1-CTCSAVGINQDTQYF-BJ2-5,single,1,0.35335933502142136,0.19172937176066066
BL6-B10BR_HTxB,AV16N-CAMREDSNYQLIW-AJ33_BV1-CTCSVLGGEDTQYF-BJ2-5,single,1,0.0,0.0
BL6-B10BR_HTxB,AV16N-CAMREDSNYQLIW-AJ33_BV13-1-CASSDRGQYEQYF-BJ2-7,single,1,0.4637617191360087,0.17591799153694765
BL6-B10BR_HTxB,AV16N-CAMREDSNYQLIW-AJ33_BV13-1-CASSEGTPNTEVFF-BJ1-1,single,1,1.4466166676282082,1.0544477840223765
BL6-B10BR_HTxB,AV16N-CAMREDSNYQLIW-AJ33_BV13-1-CASSGTGSNYAEQFF-BJ2-1,single,1,1.1440181631019015,0.6775570552739892
BL6-B10BR_HTxB,AV16N-CAMREDSNYQLIW-AJ33_BV13-1-CASSPHWGGYAEQFF-BJ2-1,single,4,1.0537574647149164,0.5647160531039781
BL6-B10BR_HTxB,AV16N-CAMREDSNYQLIW-AJ33_BV13-2-CASGAGGQNTLYF-BJ2-4,single,1,1.5227119556807573,1.3124142918881874
BL6-B10BR_HTxB,AV16N-CAMREDSNYQLIW-AJ33_BV13-2-CASGDQGNSGNTLYF-BJ1-3,single,1,1.5744174271404583,1.3667823306716225
BL6-B10BR_HTxB,AV16N-CAMREDSNYQLIW-AJ33_BV13-2-CASGGQNQAPLF-BJ1-5,single,1,0.6919181839116558,0.288439929500632
BL6-B10BR_HTxB,AV16N-CAMREDSNYQLIW-AJ33_BV13-2-CASGGTYEQYF-BJ2-7,single,1,0.6366119129751446,0.2676052991419042
BL6-B10BR_HTxB,AV16N-CAMREDSNYQLIW-AJ33_BV13-2-CASGVGDNQDTQYF-BJ2-5,single,1,1.5,1.415037499278844
BL6-B10BR_HTxB,AV16N-CAMREDSNYQLIW-AJ33_BV13-3-CASSDPGEDQAPLF-BJ1-5,single,1,1.245573899635468,0.7478254744652076
BL6-B10BR_HTxB,AV16N-CAMREDSNYQLIW-AJ33_BV16-CASSLDGLNYAEQFF-BJ2-1,single,9,1.081527377408266,0.726193797874072
BL6-B10BR_HTxB,AV16N-CAMREDSNYQLIW-AJ33_BV17-CVSSRPGKGLEQYF-BJ2-7,single,1,0.7623144431995964,0.37520454413976306
BL6-B10BR_HTxB,AV16N-CAMREDSNYQLIW-AJ33_BV23-CSSSQWQGASDYTF-BJ1-2,single,1,0.9321380397593749,0.4818345565722365
BL6-B10BR_HTxB,AV16N-CAMREDSNYQLIW-AJ33_BV3-CASSAGQISNERLFF-BJ1-4,single,20,1.351939310126744,0.925240183157413
BL6-B10BR_HTxB,AV16N-CAMREDSNYQLIW-AJ33_BV3-CASSLAGGYEQYF-BJ2-7,single,1,1.3567796494470397,0.9434164716336328
BL6-B10BR_HTxB,AV16N-CAMREDSNYQLIW-AJ33_BV3-CASSLGLGYEQYF-BJ2-7,single,1,1.2366407419411674,0.8250965044448713
BL6-B10BR_HTxB,AV16N-CAMREDSNYQLIW-AJ33_BV3-CASSLGQISNERLFF-BJ1-4,single,78,0.7418120396512917,0.41538624293458754
BL6-B10BR_HTxB,AV16N-CAMREDSNYQLIW-AJ33_BV3-CASSPGQISNERLFF-BJ1-4,single,34,0.8979883514974765,0.5740442140631656
BL6-B10BR_HTxB,AV16N-CAMREDSNYQLIW-AJ33_BV3-CASSQGQISNERLFF-BJ1-4,single,1,0.9401022310617012,0.47902986188146623
BL6-B10BR_HTxB,AV16N-CAMREDSNYQLIW-AJ33_BV3-CASSRGQISNERLFF-BJ1-4,single,1,0.5349547231656377,0.27548614688005024
BL6-B10BR_HTxB,AV16N-CAMREDSNYQLIW-AJ33_BV3-CASSSGQISNERLFF-BJ1-4,single,4,0.8903340713356828,0.5186968272975335
BL6-B10BR_HTxB,AV16N-CAMREDSNYQLIW-AJ33_BV3-CASSSGTGYEQYF-BJ2-7,single,1,1.2319817814011402,0.8163749273817252
BL6-B10BR_HTxB,AV16N-CAMREDSNYQLIW-AJ33_BV3-CASSWGQISNERLFF-BJ1-4,single,9,0.8114478663100705,0.48209156446106277
BL6-B10BR_HTxB,AV16N-CAMREDSNYQLIW-AJ33_BV5-CASSHRDNNEGLFF-BJ1-4,single,1,0.35335933502142136,0.19172937176066066
BL6-B10BR_HTxB,AV16N-CAMREDSNYQLSW-AJ33_BV3-CASSPGQISNERLFF-BJ1-4,single,1,0.4689955935892812,0.2863041851566409
BL6-B10BR_HTxB,AV16N-CAMREDTNAYKV-AJ30_BV13-2-CASGDVASGNTLYF-BJ1-3,single,1,1.4392540172118764,0.9365209431755995
BL6-B10BR_HTxB,AV16N-CAMREDTNAYKVIF-AJ30_BV13-1-CASRQTNTEVFF-BJ1-1,single,1,0.467555877512841,0.17491348655261102
BL6-B10BR_HTxB,AV16N-CAMREDTNAYKVIF-AJ30_BV13-2-CASGDRGPSGNTLYF-BJ1-3,single,1,0.6324971701153406,0.28590145497436575
BL6-B10BR_HTxB,AV16N-CAMREDTNAYKVIF-AJ30_BV13-2-CASGDVASGNTLYF-BJ1-3,single,2,0.8973683589017413,0.707518749639422
BL6-B10BR_HTxB,AV16N-CAMREDTNAYKVIF-AJ30_BV19-CASSINRGQNTEVFF-BJ1-1,single,1,1.5567796494470396,0.9714308478032294
BL6-B10BR_HTxB,AV16N-CAMREDTNAYKVIF-AJ30_BV3-CASSATGNTGQLYF-BJ2-2,single,1,2.6235166412180155,2.446683125895309
BL6-B10BR_HTxB,AV16N-CAMREDTNTNKVVF-AJ34_BV5-CASSPDRGQNTEVFF-BJ1-1,single,2,2.4146768611027567,2.1379807327246216
BL6-B10BR_HTxB,AV16N-CAMREDYNQGKLIF-AJ23_BV26-CASRDRGSQNTLYF-BJ2-4,single,1,1.5219280948873621,1.473931188332412
BL6-B10BR_HTxB,AV16N-CAMREEAGNTEK-AJ37_BV13-2-CASGDQGNSGNTLYF-BJ1-3,single,1,0.1460942501201363,0.06009434716351852
BL6-B10BR_HTxB,AV16N-CAMREEAGNTGK-AJ37_BV12-2-CASSLEGADTEVFF-BJ1-1,single,1,0.37123232664087563,0.20531890797750652
BL6-B10BR_HTxB,AV16N-CAMREEAGNTGKLI-AJ37_BV1-CTCSAVRVDEQYL-BJ2-7,single,1,0.8180959929710641,0.43148802005943815
BL6-B10BR_HTxB,AV16N-CAMREEAGNTGKLIF-AJ37_BV13-2-CASGDQGNSGNTLYF-BJ1-3,single,1,1.4107855188935379,0.8317116351947947
BL6-B10BR_HTxB,AV16N-CAMREEAGNTGKLIF-AJ37_BV16-CASSLGNTEVFF-BJ1-1,single,1,1.5,1.415037499278844
BL6-B10BR_HTxB,AV16N-CAMREEAGNTGKLIF-AJ37_BV17-CASSRLGSSYEQYF-BJ2-7,single,1,0.9864267287308425,0.6674246609131291
BL6-B10BR_HTxB,AV16N-CAMREEAGNTGKLIF-AJ37_BV2-CASSQDRRGDTQYF-BJ2-5,single,1,2.0221061127398396,1.453717967442904
BL6-B10BR_HTxB,AV16N-CAMREEAGNTGKLIF-AJ37_BV2-CASSQDRRGGEQYF-BJ2-7,single,1,1.584962500721156,1.5849625007211563
BL6-B10BR_HTxB,AV16N-CAMREEAGNTGKLIF-AJ37_BV20-CGARDGGGYEQYF-BJ2-7,single,1,2.350209029099897,1.9475325801058645
BL6-B10BR_HTxB,AV16N-CAMREEAGNTGKLIF-AJ37_BV20-CGARDWGGYEQYF-BJ2-7,single,32,1.789704373289745,1.5329818115720097
BL6-B10BR_HTxB,AV16N-CAMREEAGNTGKLIF-AJ37_BV3-CASSLGQISNERLFF-BJ1-4,single,1,2.120743071536249,1.7443451245318038
BL6-B10BR_HTxB,AV16N-CAMREEANYNVLYF-AJ21_BV13-2-CASGDQGYSGNTLYF-BJ1-3,single,1,1.2832547532764527,1.1771565706733884
BL6-B10BR_HTxB,AV16N-CAMREEGNYKYVF-AJ40_BV13-2-CASGARTGENYAEQFF-BJ2-1,single,1,0.0,0.0
BL6-B10BR_HTxB,AV16N-CAMREEGNYKYVF-AJ40_BV13-2-CASGDEGNSDYTF-BJ1-2,single,3,1.104654395388751,0.7393005069783433
BL6-B10BR_HTxB,AV16N-CAMREEGNYKYVF-AJ40_BV13-2-CASGDGLGDYEQYF-BJ2-7,single,1,1.128464670144077,0.5492168394362137
BL6-B10BR_HTxB,AV16N-CAMREEGNYKYVF-AJ40_BV17-CASSDRGEQYF-BJ2-7,single,1,0.5506624034673081,0.23561549227073908
BL6-B10BR_HTxB,AV16N-CAMREEGNYQLIR-AJ33_BV13-2-CASGDQGNSGNTLYF-BJ1-3,single,1,0.9595390504186199,0.775481385612686
BL6-B10BR_HTxB,AV16N-CAMREEGNYQLIW-AJ33_BV1-CTCSAATDTEVFF-BJ1-1,single,1,1.4392540172118762,0.9365209431755995
BL6-B10BR_HTxB,AV16N-CAMREEGNYQLIW-AJ33_BV1-CTCSADGLYEQYF-BJ2-7,single,1,0.4394969869215134,0.2606517545228
BL6-B10BR_HTxB,AV16N-CAMREEGNYQLIW-AJ33_BV1-CTCSADRGVYAEQFF-BJ2-1,single,1,0.7219280948873623,0.5563933485243849
BL6-B10BR_HTxB,AV16N-CAMREEGNYQLIW-AJ33_BV1-CTCSGTGVNTEVFF-BJ1-1,single,1,2.002268084440845,1.6000535906343432
BL6-B10BR_HTxB,AV16N-CAMREEGNYQLIW-AJ33_BV13-1-CASSDQGTEVFF-BJ1-1,single,1,0.6449854410242977,0.3226100589940761
BL6-B10BR_HTxB,AV16N-CAMREEGNYQLIW-AJ33_BV13-2-CASGAGGQNTLYF-BJ2-4,single,1,0.45122207266755016,0.17218097538268018
BL6-B10BR_HTxB,AV16N-CAMREEGNYQLIW-AJ33_BV13-2-CASGARTGENYAEQFF-BJ2-1,single,1,2.4130884364257574,2.27500704749987
BL6-B10BR_HTxB,AV16N-CAMREEGNYQLIW-AJ33_BV13-2-CASGDQGNSGNTLY-BJ1-3,single,1,0.20115623243543063,0.07704246594407656
BL6-B10BR_HTxB,AV16N-CAMREEGNYQLIW-AJ33_BV13-2-CASGDQGNSGNTLYF-BJ1-3,single,111,0.4238077682536034,0.1903781527671033
BL6-B10BR_HTxB,AV16N-CAMREEGNYQLIW-AJ33_BV13-2-CASGDWGVEQYF-BJ2-7,single,1,2.299705054690652,1.7325025906284466
BL6-B10BR_HTxB,AV16N-CAMREEGNYQLIW-AJ33_BV13-2-CASGNQGNSGNTLYF-BJ1-3,single,1,0.458681559149762,0.23589173037514322
BL6-B10BR_HTxB,AV16N-CAMREEGNYQLIW-AJ33_BV3-CASSLGFQDTQYF-BJ2-5,single,1,0.3388087378358059,0.13313833118853283
BL6-B10BR_HTxB,AV16N-CAMREEGNYQLIW-AJ33_BV31-CAWKTGGLNYAEQFF-BJ2-1,single,1,0.7135036949849948,0.3143405773517771
BL6-B10BR_HTxB,AV16N-CAMREEGNYQLIW-AJ33_BV4-CASSSPYEQYF-BJ2-7,single,1,0.465499527596067,0.2032215274516458
BL6-B10BR_HTxB,AV16N-CAMREESSGSWQLIF-AJ22_BV2-CASSQEGTYEQYF-BJ2-7,single,2,0.8516967726327428,0.4466601070446815
BL6-B10BR_HTxB,AV16N-CAMREGASSGSWQLIF-AJ22_BV13-2-CASGDRPYEQYF-BJ2-7,single,1,1.439254017211876,0.9365209431755993
BL6-B10BR_HTxB,AV16N-CAMREGASSGSWQLIF-AJ22_BV13-2-CASGEGTPNSDYTF-BJ1-2,single,3,0.9432142006494023,0.6294306917889086
BL6-B10BR_HTxB,AV16N-CAMREGASSGSWQLIF-AJ22_BV13-2-CASGVGHLSNERLFF-BJ1-4,single,1,2.4935410903536543,2.308901414591123
BL6-B10BR_HTxB,AV16N-CAMREGDNYAQGLTF-AJ26_BV13-1-CASSGQYEQYF-BJ2-7,single,1,0.40994820895178324,0.14137921295006628
BL6-B10BR_HTxB,AV16N-CAMREGDSNYQLIW-AJ33_BV12-1-CASSLGALEQYF-BJ2-7,single,1,2.105346260831385,1.6496223924472402
BL6-B10BR_HTxB,AV16N-CAMREGDSNYQLIW-AJ33_BV13-1-CASSDVNQAPLF-BJ1-5,single,7,0.6827248846309014,0.3429324377809083
BL6-B10BR_HTxB,AV16N-CAMREGDSNYQLIW-AJ33_BV13-1-CASSGTYNQDTQYF-BJ2-5,single,6,0.9257894489514551,0.5680937649652354
BL6-B10BR_HTxB,AV16N-CAMREGDSNYQLIW-AJ33_BV13-2-CASGDRANSDYTF-BJ1-2,single,5,1.1372880091413968,0.7956972921596053
BL6-B10BR_HTxB,AV16N-CAMREGDSNYQLIW-AJ33_BV13-2-CASGDRENSDYTF-BJ1-2,single,1,1.086312840741288,0.8440088043860616
BL6-B10BR_HTxB,AV16N-CAMREGDSNYRLIW-AJ33_BV13-2-CASGDRANSDYTF-BJ1-2,single,1,0.7345299214394703,0.4248852852351911
BL6-B10BR_HTxB,AV16N-CAMREGDTGYQNFYF-AJ49_BV1-CTCSAVRVDEQYF-BJ2-7,single,1,0.7228578977329688,0.42269107182227905
BL6-B10BR_HTxB,AV16N-CAMREGDTGYQNFYF-AJ49_BV12-2-CASSLEGADTEVFF-BJ1-1,single,1,0.8459871864053928,0.3791240080455664
BL6-B10BR_HTxB,AV16N-CAMREGDTNTGKLTF-AJ27_BV13-2-CASGDAGVNQDTQYF-BJ2-5,single,2,0.9398362656369471,0.5369024945062808
BL6-B10BR_HTxB,AV16N-CAMREGDTNTGKLTF-AJ27_BV3-CASSPGQISNERLFF-BJ1-4,single,1,0.6998428398862386,0.395928676331139
BL6-B10BR_HTxB,AV16N-CAMREGGAGNTGKLIF-AJ37_BV1-CTCSADRGNYAEQFF-BJ2-1,single,1,2.3659573209491747,2.2175914350726265
BL6-B10BR_HTxB,AV16N-CAMREGGAGNTGKLIF-AJ37_BV13-1-CASSSGTPNTEVFF-BJ1-1,single,1,0.2992599295709756,0.11387619308382314
BL6-B10BR_HTxB,AV16N-CAMREGGAGNTGKLIF-AJ37_BV13-2-CASGARTGENYAEQFF-BJ2-1,single,1,0.5488129186523643,0.20790133845200365
BL6-B10BR_HTxB,AV16N-CAMREGGAGNTGKLIF-AJ37_BV13-2-CASGDNYEQYF-BJ2-7,single,23,0.856866034791748,0.48647580962615183
BL6-B10BR_HTxB,AV16N-CAMREGGAGNTGKLIF-AJ37_BV13-2-CASGGTYEQYF-BJ2-7,single,1,0.3621456323722446,0.13711294385167064
BL6-B10BR_HTxB,AV16N-CAMREGGAGNTGKLIF-AJ37_BV14-CASSFWTGSNTGQLYF-BJ2-2,single,1,2.3507720234032266,1.9703083150631948
BL6-B10BR_HTxB,AV16N-CAMREGGAGNTGKLIF-AJ37_BV2-CASSQDRRGDTQYF-BJ2-5,single,1,0.3608537684251948,0.14422666929812647
BL6-B10BR_HTxB,AV16N-CAMREGGGASSSFSKLVF-AJ50_BV16-CASSSGTGEWEQYF-BJ2-7,single,1,3.4428634506288818,3.2827775586669783
BL6-B10BR_HTxB,AV16N-CAMREGGMDYANKMIF-AJ47_BV3-CASSGTFYAEQFF-BJ2-1,single,2,1.3869909651241379,0.9078272956280609
BL6-B10BR_HTxB,AV16N-CAMREGGNNYAQGLTF-AJ26_BV13-2-CASGGLYEQYF-BJ2-7,single,1,1.0168029420194888,0.4858151623459252
BL6-B10BR_HTxB,AV16N-CAMREGGTGNTGKLIF-AJ37_BV13-2-CASGDLYEQYF-BJ2-7,single,2,0.3594764902731702,0.14379867951106842
BL6-B10BR_HTxB,AV16N-CAMREGHYGNEKITF-AJ48_BV31-CAWSPPGHPNSDYTF-BJ1-2,single,1,0.9182958340544896,0.84799690655495
BL6-B10BR_HTxB,AV16N-CAMREGLDSNYQLIW-AJ33_BV1-CTCSAQYNNQAPLF-BJ1-5,single,1,1.578897902987479,1.1202942337177115
BL6-B10BR_HTxB,AV16N-CAMREGLGGRALIF-AJ15_BV1-CTCSADRNQAPLF-BJ1-5,single,2,0.6935823953740057,0.316598220693345
BL6-B10BR_HTxB,AV16N-CAMREGLGGRALIF-AJ15_BV1-CTCSAVRISNERLFF-BJ1-4,single,1,1.3709505944546687,1.1844245711374273
BL6-B10BR_HTxB,AV16N-CAMREGLGGRALIF-AJ15_BV13-1-CASSDRVYAEQFF-BJ2-1,single,1,1.2516291673878228,1.0
BL6-B10BR_HTxB,AV16N-CAMREGLGYKLTF-AJ9_BV13-2-CASGDRGRDTQYF-BJ2-5,single,1,0.42256475636127067,0.17019017140160442
BL6-B10BR_HTxB,AV16N-CAMREGLGYKLTF-AJ9_BV16-CASSPGTGGAREQYF-BJ2-7,single,1,0.3299742842369207,0.14240378274887536
BL6-B10BR_HTxB,AV16N-CAMREGLNYGSS-AJ32_BV1-CTCSAPGVYEQYF-BJ2-7,single,1,0.9182958340544896,0.84799690655495
BL6-B10BR_HTxB,AV16N-CAMREGLNYGSSGNKLIF-AJ32_BV1-CTCSAPGVYEQYF-BJ2-7,single,1,1.0,1.0
BL6-B10BR_HTxB,AV16N-CAMREGLSAGNKLTF-AJ17_BV1-CTCSAGQGAETLYF-BJ2-3,single,2,0.33590908999797786,0.13364587484730608
BL6-B10BR_HTxB,AV16N-CAMREGLSAGNKLTF-AJ17_BV19-CASSIGRTGREVFF-BJ1-1,single,1,2.4056390622295662,2.192645077942396
BL6-B10BR_HTxB,AV16N-CAMREGLSGSWQLIF-AJ22_BV13-2-CASGDRANSDYTF-BJ1-2,single,1,1.3567796494470397,0.9434164716336328
BL6-B10BR_HTxB,AV16N-CAMREGLTNSAGNKLTF-AJ17_BV13-1-CASSDWGFYEQYF-BJ2-7,single,1,2.4193819456463714,2.252387161634285
BL6-B10BR_HTxB,AV16N-CAMREGMNYNQGKLIF-AJ23_BV2-CASSQDRRGDTQYF-BJ2-5,single,1,1.8980933736695382,1.3805098161505729
BL6-B10BR_HTxB,AV16N-CAMREGMNYNQGKLIF-AJ23_BV5-CASSHWGAYAEQFF-BJ2-1,single,1,1.9219280948873623,1.8365012677171204
BL6-B10BR_HTxB,AV16N-CAMREGNNNRIFF-AJ31_BV13-2-CASGGTYEQYF-BJ2-7,single,3,0.5225115540273498,0.21525504702885603
BL6-B10BR_HTxB,AV16N-CAMREGNNYAQGLTF-AJ26_BV29-CASRTGTGGSDYTF-BJ1-2,single,1,1.0,1.0
BL6-B10BR_HTxB,AV16N-CAMREGNNYAQGLTF-AJ26_BV5-CASSPGGNYAEQFF-BJ2-1,single,2,2.2468376760077717,2.0916705299890284
BL6-B10BR_HTxB,AV16N-CAMREGNNYAQGLTF-AJ26_BV5-CASSQGGNYAEQFF-BJ2-1,single,1,2.236676010026864,1.6195197227575246
BL6-B10BR_HTxB,AV16N-CAMREGNNYAQGLTF-AJ26_BV5-CASSQGLGEQYF-BJ2-7,single,1,1.935839180717445,1.172781973117216
BL6-B10BR_HTxB,AV16N-CAMREGNTGKLIF-AJ37_BV13-2-CASGGTYEQYF-BJ2-7,single,1,1.160572814574675,0.8624371048621313
BL6-B10BR_HTxB,AV16N-CAMREGNTGNYKYVF-AJ40_BV13-3-CASSDRGEQYF-BJ2-7,single,1,0.3372900666170139,0.1798210375848123
BL6-B10BR_HTxB,AV16N-CAMREGNYNQGKLI-AJ23_BV13-1-CASSDSNYAEQFF-BJ2-1,single,1,2.2359263506290326,2.155278225477911
BL6-B10BR_HTxB,AV16N-CAMREGNYNQGKLIF-AJ23_BV13-1-CASSDVNTEVFF-BJ1-1,single,1,2.267052573952813,1.700145320621269
BL6-B10BR_HTxB,AV16N-CAMREGQGGRALIF-AJ15_BV1-CTCSADGVRGEQYF-BJ2-7,single,3,0.43656357827227305,0.19314567317551865
BL6-B10BR_HTxB,AV16N-CAMREGRDTNTGKLTF-AJ27_BV13-1-CASSDLGGREQFF-BJ2-1,single,1,1.0,1.0
BL6-B10BR_HTxB,AV16N-CAMREGRDTNTGKLTF-AJ27_BV13-1-CASSDVGNTEVFF-BJ1-1,single,1,1.3571305013426214,1.1634987322828796
BL6-B10BR_HTxB,AV16N-CAMREGRDTNTGKLTF-AJ27_BV19-CASSSSGTTNQAPLF-BJ1-5,single,1,0.4258296962386689,0.1809365223280593
BL6-B10BR_HTxB,AV16N-CAMREGSGSWQLIF-AJ22_BV13-3-CASSDAYRGNQDTQYF-BJ2-5,single,1,3.0001034599939866,2.7176670344630374
BL6-B10BR_HTxB,AV16N-CAMREGSSGSWQLIF-AJ22_BV1-CTCSAVRVDEQYF-BJ2-7,single,1,0.362051251733998,0.1982926021213323
BL6-B10BR_HTxB,AV16N-CAMREGSSGSWQLIF-AJ22_BV13-1-CASSDGRNNQAPLF-BJ1-5,single,1,1.2516291673878228,1.0
BL6-B10BR_HTxB,AV16N-CAMREGSSGSWQLIF-AJ22_BV13-2-CASGDRDQAPLF-BJ1-5,single,3,1.8828034048180367,1.5498008540937895
BL6-B10BR_HTxB,AV16N-CAMREGSSGSWQLIF-AJ22_BV13-2-CASGVQGSAETLYF-BJ2-3,single,5,1.4283632793517338,1.0186746709159205
BL6-B10BR_HTxB,AV16N-CAMREGSSGSWQLIF-AJ22_BV29-CASRTGNTEVFF-BJ1-1,single,2,0.8486255842143846,0.6542682426313422
BL6-B10BR_HTxB,AV16N-CAMREGTGSNRLTF-AJ28_BV1-CTCSADRGVYAEQFF-BJ2-1,single,1,1.6258145836939115,1.415037499278844
BL6-B10BR_HTxB,AV16N-CAMREGTGSNRLTF-AJ28_BV1-CTCSPNRVDTLYF-BJ2-4,single,10,0.95634101824397,0.5589875683949689
BL6-B10BR_HTxB,AV16N-CAMREGTGSNRLTF-AJ28_BV16-CASSLVRDRSYNYAEQFF-BJ2-1,single,1,2.3789919869000626,2.22906848619227
BL6-B10BR_HTxB,AV16N-CAMREGTGSSRLTF-AJ28_BV13-2-CASGDWGVEQYF-BJ2-7,single,1,0.1292337748458849,0.051513571898471076
BL6-B10BR_HTxB,AV16N-CAMRELTGNTGKLIF-AJ37_BV1-CTCSAGLDTQDF-BJ2-5,single,1,2.41379956460568,2.292781749227846
BL6-B10BR_HTxB,AV16N-CAMRELTGNTGKLIF-AJ37_BV2-CASSQDPDNYAEQFF-BJ2-1,single,1,2.1609640474436813,1.7369655941662059
BL6-B10BR_HTxB,AV16N-CAMREMNNNAGAKLTF-AJ39_BV19-CASSPWTGGQNTLYF-BJ2-4,single,2,2.83117501548918,2.516488126859776
BL6-B10BR_HTxB,AV16N-CAMREMNYGSSGNKLIF-AJ32_BV19-CASSIWANTGQLYF-BJ2-2,single,1,1.7295739585136223,1.5260688116675878
BL6-B10BR_HTxB,AV16N-CAMRENNNAGAKRT-AJ39_BV1-CTCSAVRISNERLFF-BJ1-4,single,1,2.041814515501815,1.8664984068075616
BL6-B10BR_HTxB,AV16N-CAMRENNYAQG-AJ26_BV1-CTCSASGGTLYF-BJ2-4,single,1,2.413088436425758,2.27500704749987
BL6-B10BR_HTxB,AV16N-CAMRENNYAQGL-AJ26_BV13-2-CASGDWGVEQYF-BJ2-7,single,1,0.2294521917029229,0.07719775921573221
BL6-B10BR_HTxB,AV16N-CAMRENNYAQGLTF-AJ26_BV1-CTCSAAGGEQYF-BJ2-7,single,1,2.375,2.2451124978365313
BL6-B10BR_HTxB,AV16N-CAMRENNYAQGLTF-AJ26_BV1-CTCSAVRISNERLFF-BJ1-4,single,2,1.1690045789908974,0.8454178501824231
BL6-B10BR_HTxB,AV16N-CAMRENNYAQGLTF-AJ26_BV13-2-CASGDQGNSGNTLYF-BJ1-3,single,2,1.5311217054386614,1.1934963723318104
BL6-B10BR_HTxB,AV16N-CAMRENNYAQGLTF-AJ26_BV13-2-CASGDWGVEQYF-BJ2-7,single,53,0.5609104874793226,0.26880313571982434
BL6-B10BR_HTxB,AV16N-CAMRENNYAQGLTF-AJ26_BV13-3-CASSDVRTSQNTLYF-BJ2-4,single,1,0.4238830640714477,0.16731917818549605
BL6-B10BR_HTxB,AV16N-CAMRENNYAQGLTF-AJ26_BV3-CASSLGTGYEQYF-BJ2-7,single,1,1.0362187606305395,0.6952638174806837
BL6-B10BR_HTxB,AV16N-CAMRENYNQGKLIF-AJ23_BV1-CTCSAPDRGRDTQYF-BJ2-5,single,1,2.218875834255509,1.4439835679836566
BL6-B10BR_HTxB,AV16N-CAMREPDSGYN-AJ11_BV13-2-CASGDGLGDYEQYF-BJ2-7,single,1,0.8923555313715926,0.38357302692627854
BL6-B10BR_HTxB,AV16N-CAMREPDSGYNKLTF-AJ11_BV3-CASSRDRSYEQYF-BJ2-7,single,1,0.5131851787372753,0.2559610235590076
BL6-B10BR_HTxB,AV16N-CAMRESNYAQGLTF-AJ26_BV1-CTCSADRVADTQYF-BJ2-5,single,2,0.6480774635696683,0.3119329292148479
BL6-B10BR_HTxB,AV16N-CAMRESNYNVLYF-AJ21_BV13-1-CASRPGTGGNSPLYF-BJ1-6,single,1,2.788754913993503,2.3953012812175816
BL6-B10BR_HTxB,AV16N-CAMRETGNTGKLIF-AJ37_BV1-CTCSRDRAGNTLYF-BJ1-3,single,1,2.9852281360342516,2.8073549220576037
BL6-B10BR_HTxB,AV16N-CAMRETTGNTGKLIF-AJ37_BV1-CTCSVSGTGDNSPLYF-BJ1-6,single,1,2.4130884364257574,2.27500704749987
BL6-B10BR_HTxB,AV16N-CAMREVDSNYQLIW-AJ33_BV13-2-CASGDQGASGNTLYF-BJ1-3,single,2,0.30716326113201753,0.10742635965921649
BL6-B10BR_HTxB,AV16N-CAMREVSNYNVLYF-AJ21_BV1-CTCSAGWGGSTGQLYF-BJ2-2,single,1,1.9290929654977997,1.7276707021102446
BL6-B10BR_HTxB,AV16N-CAMREVSNYNVLYF-AJ21_BV13-2-CASGDGLGDYEQYF-BJ2-7,single,1,1.4455688207299806,1.079740188376932
BL6-B10BR_HTxB,AV16N-CAMREVSNYNVPYF-AJ21_BV13-2-CASGDQGNSGNTLYF-BJ1-3,single,1,0.7424238115505268,0.35574534847081163
BL6-B10BR_HTxB,AV16N-CAMRGDSNYQLIW-AJ33_BV13-2-CASGDATISNERLFF-BJ1-4,single,1,0.9182958340544896,0.84799690655495
BL6-B10BR_HTxB,AV16N-CAMRGISGGSNAKLTF-AJ42_BV17-CASSTRFSNERLFF-BJ1-4,single,1,0.0,0.0
BL6-B10BR_HTxB,AV16N-CAMRGNSNNRIFF-AJ31_BV13-2-CASGGYEQYF-BJ2-7,single,1,0.6500224216483541,0.46948528330122
BL6-B10BR_HTxB,AV16N-CAMRHDTNAYKVIF-AJ30_BV5-CASSSGLGGQNTLYF-BJ2-4,single,1,2.4410685859554375,2.3398500028846243
BL6-B10BR_HTxB,AV16N-CAMRNSGTYQRF-AJ13_BV13-1-CASSDGQFQDTQYF-BJ2-5,single,1,0.5115779700152473,0.2590463036649058
BL6-B10BR_HTxB,AV16N-CAMSGSSTTNKV-AJ34_BV13-2-CASGARTGENYAEQFF-BJ2-1,single,1,1.5219280948873621,1.473931188332412
BL6-B10BR_HTxB,AV16N-CAVREGETGYQNFYF-AJ49_BV13-1-CASSGGSDYTF-BJ1-2,single,1,0.5458970586970634,0.24709286196477254
BL6-B10BR_HTxB,AV16N-CTMRDTNAYKVIF-AJ30_BV5-CASSHRDNNERLFF-BJ1-4,single,1,1.3974788018328088,0.8973831398687654
BL6-B10BR_HTxB,AV17-CALDMDYANKMIF-AJ47_BV1-CTCSADWGVEQYF-BJ2-7,single,3,1.4103378539909694,1.0106213545085094
BL6-B10BR_HTxB,AV17-CALDMDYANKMIF-AJ47_BV13-2-CASGAGGQNTLYF-BJ2-4,single,1,0.6840384356390417,0.5094723011368926
BL6-B10BR_HTxB,AV17-CALDMDYANKMIF-AJ47_BV17-CASSRQTNTEVFF-BJ1-1,single,1,3.086766155339785,2.769994394553677
BL6-B10BR_HTxB,AV17-CALEDSNYQLIW-AJ33_BV16-CASSLAGDEQYF-BJ2-7,single,1,1.9411872994313593,1.8886388910522958
BL6-B10BR_HTxB,AV17-CALEERTGGSNAKLTF-AJ42_BV13-2-CASGARTGENYAEQFF-BJ2-1,single,1,1.584962500721156,1.5849625007211563
BL6-B10BR_HTxB,AV17-CALEERTGGSNAKLTF-AJ42_BV13-3-CASSDVRTSQNTLYF-BJ2-4,single,1,0.4426608980694471,0.20956838097886435
BL6-B10BR_HTxB,AV17-CALEERTGGSNAKLTF-AJ42_BV17-CASSNWGNTQYF-BJ2-5,single,3,1.1883011660783946,0.8645192869755189
BL6-B10BR_HTxB,AV17-CALEFASSSFSKLVF-AJ50_BV1-CTCSAVRVQNTLYF-BJ2-4,single,1,1.9609640474436814,1.6438561897747246
BL6-B10BR_HTxB,AV17-CALEGMDYANKMIF-AJ47_BV13-2-CASGDAGGSYEQYF-BJ2-7,single,1,1.3709505944546687,1.1844245711374275
BL6-B10BR_HTxB,AV17-CALEGRNNNAPRF-AJ43_BV1-CTCSADRVQDTQYF-BJ2-5,single,3,1.7036127769020435,1.3342094208376005
BL6-B10BR_HTxB,AV17-CALEGRNNNAPRF-AJ43_BV13-1-CASSGGSDYTF-BJ1-2,single,1,1.6143180698290447,1.2205754248231104
BL6-B10BR_HTxB,AV17-CALEGRNNNAPRF-AJ43_BV3-CASSLGTGYEQYF-BJ2-7,single,1,1.2415101887362598,0.8572598278839182
BL6-B10BR_HTxB,AV17-CALEGSNNNAPRF-AJ43_BV1-CTCSAGLDTQYF-BJ2-5,single,1,2.222191575506678,1.8744691179161412
BL6-B10BR_HTxB,AV17-CALETGGNNKLTF-AJ56_BV1-CTCSAVRVSAETLYF-BJ2-3,single,1,2.0403733936884962,1.7895802203296285
BL6-B10BR_HTxB,AV17-CALEVDSNYQLIW-AJ33_BV31-CAWRPNSDYTF-BJ1-2,single,1,0.7675119191912193,0.34938406517559367
BL6-B10BR_HTxB,AV17-CALGNQGGSAKLIF-AJ57_BV19-CASSRLGYTLYF-BJ2-4,single,1,2.4662478973127313,2.199071347101829
BL6-B10BR_HTxB,AV17-CALGNQGGSAKLIF-AJ57_BV2-CASSQDRRGDTQYF-BJ2-5,single,1,2.449535627682454,2.1636984270774247
BL6-B10BR_HTxB,AV17-CALPGYQNFYF-AJ49_BV3-CASSSGTGYEQYF-BJ2-7,single,1,0.2915489594998521,0.12143812744997566
BL6-B10BR_HTxB,AV17-CALSGGSNYKLTF-AJ53_BV29-CASSLWTGEQYF-BJ2-7,single,1,2.197159723424149,2.091922489441039
BL6-B10BR_HTxB,AV17-CAREGRNNNAPRF-AJ43_BV13-1-CASSDRGQYEQYF-BJ2-7,single,1,1.0389205950315936,0.6141088463806722
BL6-B10BR_HTxB,AV19-CAADQGGSAKLIF-AJ57_BV13-3-CASSDAGLSYNSPLYF-BJ1-6,single,6,0.568622378830033,0.28257390365997265
BL6-B10BR_HTxB,AV19-CAADQGGSAKLIF-AJ57_BV19-CASSIGRTGNTLYF-BJ1-3,single,1,1.8967656939553332,1.5332103579185046
BL6-B10BR_HTxB,AV19-CAAGAAGYQNFYF-AJ49_BV1-CTCSAGGADTQYF-BJ2-5,single,1,2.4410685859554375,2.1699250014423126
BL6-B10BR_HTxB,AV19-CAAGAGYQNFYF-AJ49_BV13-2-CASGDQGNSGNTLYF-BJ1-3,single,1,0.3574288901404681,0.15798719759499463
BL6-B10BR_HTxB,AV19-CAAGAGYQNFYF-AJ49_BV20-CGARTGGGSDYTF-BJ1-2,single,1,0.5489544344250401,0.28080910756176963
BL6-B10BR_HTxB,AV19-CAAGAGYQNFYF-AJ49_BV31-CAWRLGNYAEQFF-BJ2-1,single,5,0.534613040868223,0.37713119370610304
BL6-B10BR_HTxB,AV19-CAAGANTGKLTF-AJ27_BV13-2-CASGDAGGRDEQYF-BJ2-7,single,1,0.38910926225202325,0.16458466826809723
BL6-B10BR_HTxB,AV19-CAAGAQGGSAKLIF-AJ57_BV3-CASSLGISGNTLYF-BJ1-3,single,1,2.0580531366523855,1.4717518902731654
BL6-B10BR_HTxB,AV19-CAAGARTGSKLSF-AJ58_BV1-CTCSADWGGQNTLYF-BJ2-4,single,3,0.6693925937604055,0.3891453843183579
BL6-B10BR_HTxB,AV19-CAAGARTGSKLSF-AJ58_BV13-2-CASGARTGENYAEQFL-BJ2-1,single,1,1.3699740752745009,0.84799690655495
BL6-B10BR_HTxB,AV19-CAAGASGGSNYKLTF-AJ53_BV13-3-CASSDIQDTQYF-BJ2-5,single,1,1.8073549220576042,1.4052564784862585
BL6-B10BR_HTxB,AV19-CAAGATGYQNFYF-AJ49_BV17-CASSDRGEQYF-BJ2-7,single,6,1.0580599793353855,0.771229694120879
BL6-B10BR_HTxB,AV19-CAAGATGYQNFYF-AJ49_BV17-CASSRLGSSYEQYF-BJ2-7,single,4,0.9261282204762685,0.6367533445412205
BL6-B10BR_HTxB,AV19-CAAGDGSGGKLTL-AJ44_BV16-CASSLPWGNTGQLYF-BJ2-2,single,1,0.7219280948873623,0.5563933485243849
BL6-B10BR_HTxB,AV19-CAAGDQGGSAKLIF-AJ57_BV12-1-CASSLWGGAEQYF-BJ2-7,single,2,1.7897195418816576,1.6284165333327385
BL6-B10BR_HTxB,AV19-CAAGDQGGSAKLIF-AJ57_BV13-1-CASSDLGYAEQFF-BJ2-1,single,1,1.8542858719872461,1.2923549795040155
BL6-B10BR_HTxB,AV19-CAAGDQGGSAKLIF-AJ57_BV13-2-CASGDYWGVNYAEQFF-BJ2-1,single,1,1.5280577551976124,0.8817739185393744
BL6-B10BR_HTxB,AV19-CAAGDQGGSAKLIF-AJ57_BV13-2-CASGTGGQNTLYF-BJ2-4,single,1,2.2854752972273342,1.7490384264667813
BL6-B10BR_HTxB,AV19-CAAGDYANKMIF-AJ47_BV14-CASSFRGEQYF-BJ2-7,single,1,1.8423709931771084,1.7078192485066896
BL6-B10BR_HTxB,AV19-CAAGELATGGNNKLTF-AJ56_BV3-CASSLGASYEQYF-BJ2-7,single,1,1.6577427265048887,1.3856536924977494
BL6-B10BR_HTxB,AV19-CAAGFGGNNK-AJ56_BV17-CASSRGQGYTGQLYF-BJ2-2,single,1,1.490210267844407,1.007507536668941
BL6-B10BR_HTxB,AV19-CAAGFGGNNKLTF-AJ56_BV1-CTCSAAGGEQYF-BJ2-7,single,15,1.4327135274067857,1.0937911634801087
BL6-B10BR_HTxB,AV19-CAAGFGGNNKLTF-AJ56_BV1-CTCSALGGDTLYF-BJ2-4,single,1,2.125814583693911,1.7104933828050153
BL6-B10BR_HTxB,AV19-CAAGFGGNNKLTF-AJ56_BV1-CTCSVYRVQDTQYF-BJ2-5,single,1,0.8096055353450728,0.3253298553587287
BL6-B10BR_HTxB,AV19-CAAGFGGNNKLTF-AJ56_BV13-3-CASSDNWGGSAETLYF-BJ2-3,single,1,1.6140054628542202,1.31194400631474
BL6-B10BR_HTxB,AV19-CAAGGDTNAYKVIF-AJ30_BV13-2-CASGDWGGQDTQYF-BJ2-5,single,1,1.0700101171029646,0.6242424883829676
BL6-B10BR_HTxB,AV19-CAAGGEGGSAKLIF-AJ57_BV13-3-CASSDLWGGEQYF-BJ2-7,single,1,2.1556390622295662,2.0
BL6-B10BR_HTxB,AV19-CAAGGGSNYKLTF-AJ53_BV1-CTCSAGLGASAETLYF-BJ2-3,single,1,2.0403733936884962,1.789580220329628
BL6-B10BR_HTxB,AV19-CAAGGTGYQNFYF-AJ49_BV13-2-CASGDWGGQDTQYF-BJ2-5,single,1,1.2707365870818654,0.6854352935261239
BL6-B10BR_HTxB,AV19-CAAGHQGGSAKLIF-AJ57_BV1-CTCSASGNTLYF-BJ1-3,single,1,2.3553885422075336,2.1699250014423126
BL6-B10BR_HTxB,AV19-CAAGHTGYQNFYF-AJ49_BV31-CAWRDWGQDTQYF-BJ2-5,single,1,2.1464657985040723,1.7914133781885824
BL6-B10BR_HTxB,AV19-CAAGLNQGGSAKLIF-AJ57_BV1-CTCSADWGNYAEQFF-BJ2-1,single,1,2.128085278891394,1.9142701259741162
BL6-B10BR_HTxB,AV19-CAAGNQGGSAKLIF-AJ57_BV1-CTCSADWGGGAEQFF-BJ2-1,single,1,1.9219280948873623,1.8365012677171204
BL6-B10BR_HTxB,AV19-CAAGNQGGSAKLIF-AJ57_BV1-CTCSASGGTLYF-BJ2-4,single,20,1.9547989055691457,1.7403891532477502
BL6-B10BR_HTxB,AV19-CAAGNQGGSAKLIF-AJ57_BV1-CTCSPGLGESAETLYF-BJ2-3,single,1,0.0,0.0
BL6-B10BR_HTxB,AV19-CAAGNQGGSAKLIF-AJ57_BV12-2-CASSQDSSQNTLYF-BJ2-4,single,1,1.224394445405986,0.982297998266541
BL6-B10BR_HTxB,AV19-CAAGNQGGSAKLIF-AJ57_BV13-2-CASDDSYEQYF-BJ2-7,single,1,0.4310167689753773,0.20223439430270695
BL6-B10BR_HTxB,AV19-CAAGNQGGSAKLIF-AJ57_BV13-2-CASGARTGENYAEQFF-BJ2-1,single,1,2.3685225277282065,2.163975735111126
BL6-B10BR_HTxB,AV19-CAAGNQGGSAKLIF-AJ57_BV14-CASTDRGEQYF-BJ2-7,single,1,2.0413382883380278,1.6649742904520328
BL6-B10BR_HTxB,AV19-CAAGNQGGSAKLIF-AJ57_BV16-CASSSLGSSYEQYF-BJ2-7,single,1,2.609850166028943,2.4470052279374794
BL6-B10BR_HTxB,AV19-CAAGNQGGSAKLIF-AJ57_BV19-CASSIGRTGNTLYF-BJ1-3,single,1,0.24988229283318544,0.12007645199175057
BL6-B10BR_HTxB,AV19-CAAGNQGGSAKLIF-AJ57_BV19-CASSIGRTGREVFF-BJ1-1,single,1,1.7433412966492479,1.2559610235590075
BL6-B10BR_HTxB,AV19-CAAGNQGGSAKLIF-AJ57_BV19-CASSISGAEQYF-BJ2-7,single,1,1.172253928364927,0.6239566323370197
BL6-B10BR_HTxB,AV19-CAAGNQGGSAKLIF-AJ57_BV19-CASSYSGAEQFF-BJ2-1,single,12,0.7511622115566711,0.4801179776341547
BL6-B10BR_HTxB,AV19-CAAGNQGGSAKLIF-AJ57_BV3-CASSLGQISNERLFF-BJ1-4,single,1,0.9274479232123118,0.5274876592708131
BL6-B10BR_HTxB,AV19-CAAGNQGGSAKLIF-AJ57_BV3-CASSLGTGYEQYF-BJ2-7,single,1,0.9101612515959033,0.4729420247414585
BL6-B10BR_HTxB,AV19-CAAGNQGGSAKLIF-AJ57_BV5-CASSQDWGNYAEQFF-BJ2-1,single,1,0.4394969869215134,0.2606517545228
BL6-B10BR_HTxB,AV19-CAAGNTGYQNFYF-AJ49_BV1-CTCSAARINTEASF-BJ1-1,single,1,0.3997900666170139,0.18301637674461904
BL6-B10BR_HTxB,AV19-CAAGNTGYQNFYF-AJ49_BV1-CTCSAVRVDEQYF-BJ2-7,single,1,0.6200048160698023,0.2509628336394912
BL6-B10BR_HTxB,AV19-CAAGNTGYQNFYF-AJ49_BV13-1-CASSDARVGEQYF-BJ2-7,single,1,0.3561972795425423,0.14186371217488547
BL6-B10BR_HTxB,AV19-CAAGNTGYQNFYF-AJ49_BV13-2-CASGARTGENYAEQFF-BJ2-1,single,1,1.4466166676282084,1.0544477840223765
BL6-B10BR_HTxB,AV19-CAAGNTGYQNFYF-AJ49_BV13-2-CASGGQNQAPLF-BJ1-5,single,1,0.36583719613911125,0.13476464410320466
BL6-B10BR_HTxB,AV19-CAAGNTGYQNFYF-AJ49_BV13-3-CASSDSNQAPLF-BJ1-5,single,1,1.9688738747207215,1.765534746362977
BL6-B10BR_HTxB,AV19-CAAGNTGYQNFYF-AJ49_BV13-3-CASSFSRGLYAEQFF-BJ2-1,single,1,0.7856911763562577,0.4144657952725954
BL6-B10BR_HTxB,AV19-CAAGNTGYQNFYF-AJ49_BV14-CASSRLGGLQNTLYF-BJ2-4,single,14,0.7121979497036305,0.40192497939157146
BL6-B10BR_HTxB,AV19-CAAGNTGYQNFYF-AJ49_BV17-CASRDRGGERLFF-BJ1-4,single,7,1.4697676395849313,1.1307655551545273
BL6-B10BR_HTxB,AV19-CAAGNTGYQNFYF-AJ49_BV17-CASRDRGGETLYF-BJ2-3,single,5,2.155390697709431,1.9422302438296029
BL6-B10BR_HTxB,AV19-CAAGNTGYQNFYF-AJ49_BV17-CASSRGQGYTGQLYF-BJ2-2,single,1,2.5654483718208256,2.3564853169237305
BL6-B10BR_HTxB,AV19-CAAGNTGYQNFYF-AJ49_BV17-CASSRLGSSYEQYF-BJ2-7,single,28,0.9228493573668081,0.6504434399533191
BL6-B10BR_HTxB,AV19-CAAGNTGYQNFYF-AJ49_BV17-CASSRPGQGFEQYF-BJ2-7,single,1,0.8658566174572235,0.5438238059276694
BL6-B10BR_HTxB,AV19-CAAGNTGYQNFYF-AJ49_BV2-CASSQDRRGGEQYF-BJ2-7,single,1,2.577819531114783,2.415037499278844
BL6-B10BR_HTxB,AV19-CAAGNTGYQNFYF-AJ49_BV29-CASRDIEQYF-BJ2-7,single,1,2.421901188909337,2.148161027150656
BL6-B10BR_HTxB,AV19-CAAGNTGYQNFYF-AJ49_BV3-CASSPGLDEQYF-BJ2-7,single,1,0.6046170522125714,0.23351701548260204
BL6-B10BR_HTxB,AV19-CAAGPMATGGNNKLTF-AJ56_BV12-2-CASSWGGYAEQFF-BJ2-1,single,2,0.7373467338850093,0.38125352683270447
BL6-B10BR_HTxB,AV19-CAAGSNYQLIW-AJ33_BV13-2-CASGDNYEQYF-BJ2-7,single,1,2.0403733936884962,1.7895802203296285
BL6-B10BR_HTxB,AV19-CAAGVAGYQNFYF-AJ49_BV17-CASSRTGGAETLYF-BJ2-3,single,1,1.1208432530376196,0.7091325636119434
BL6-B10BR_HTxB,AV19-CAAGVAGYQNFYF-AJ49_BV2-CASSQDRGPNYAEQFF-BJ2-1,single,4,2.033557296154471,1.616671179890667
BL6-B10BR_HTxB,AV19-CAAGVDSNYQLIW-AJ33_BV1-CTCSAGTQNTGQLYF-BJ2-2,single,15,0.7431760930594999,0.4880731138514698
BL6-B10BR_HTxB,AV19-CAAGVDSNYQLIW-AJ33_BV13-2-CASGARTGENYAEQFF-BJ2-1,single,1,2.2879200230939545,1.895394956770689
BL6-B10BR_HTxB,AV19-CAAGVDSNYQLIW-AJ33_BV13-3-CASSDAPGNSDYTF-BJ1-2,single,1,0.6143694458867568,0.32862274746137066
BL6-B10BR_HTxB,AV19-CAAGVNSGGSNYKLTF-AJ53_BV19-CASSIVRHAEQFF-BJ2-1,single,1,1.2366407419411674,0.8250965044448713
BL6-B10BR_HTxB,AV19-CAAGWNSNNRIFF-AJ31_BV13-3-CASSDLGGQNTLYF-BJ2-4,single,1,1.610577243331642,1.3293076252529599
BL6-B10BR_HTxB,AV19-CAAGYQGGSAKLIF-AJ57_BV17-CASSTGSTQYF-BJ2-5,single,1,3.017894147619623,2.812372996824229
BL6-B10BR_HTxB,AV19-CAAGYTGYQNFYF-AJ49_BV17-CASSLRGGSDYTF-BJ1-2,single,1,2.2369837554745207,1.964666926887719
BL6-B10BR_HTxB,AV19-CAAPYGSSGNKLIF-AJ32_BV3-CASSLGTGYEQYF-BJ2-7,single,1,0.2761954276479391,0.1371764191026003
BL6-B10BR_HTxB,AV19-CAAQTGANTGKLTF-AJ52_BV30-CSSSWGQDTQYF-BJ2-5,single,1,1.9182958340544893,1.84799690655495
BL6-B10BR_HTxB,AV19-CAARTGYQNFYF-AJ49_BV1-CTCSADWGNYADQFF-BJ2-1,single,1,2.0814963295286755,1.5353317329965552
BL6-B10BR_HTxB,AV19-CAARTGYQNFYF-AJ49_BV31-CAWAGTGGEEQYF-BJ2-7,single,2,1.268197881089995,0.7734429634243469
BL6-B10BR_HTxB,AV19-CAARTGYQNFYF-AJ49_BV31-CAWSNQDTQYF-BJ2-5,single,2,1.9693987521665552,1.7252157029070192
BL6-B10BR_HTxB,AV19-CAASMDYANKMIF-AJ47_BV1-CTCSAGTQNTGQLYF-BJ2-2,single,1,0.7416847557897408,0.3755091350922061
BL6-B10BR_HTxB,AV19-CAAVNQGGSAKLIF-AJ57_BV3-CASSPGQISNERLFF-BJ1-4,single,1,2.681625957074392,2.305656925712879
BL6-B10BR_HTxB,AV2-CIVTDIANAYKVIF-AJ30_BV1-CTCSPNRVDTLYF-BJ2-4,single,1,1.1639630005561914,0.6569364629244563
BL6-B10BR_HTxB,AV2-CIVTDIANAYKVIF-AJ30_BV13-1-CASSDAGTTNSDYTF-BJ1-2,single,1,1.1609084449797367,0.8784664826599683
BL6-B10BR_HTxB,AV2-CIVTDNSNNRIFF-AJ31_BV14-CASSRLGGLQNTLYF-BJ2-4,single,1,1.6213270211975686,1.306099662170465
BL6-B10BR_HTxB,AV2-CIVTDNSNNRIFF-AJ31_BV19-CASSIGRTGREVFF-BJ1-1,single,1,0.8853863611296535,0.5220807094986993
BL6-B10BR_HTxB,AV2-CIVTDNSNNRIFF-AJ31_BV19-CASTREVFF-BJ1-1,single,1,0.6689128250884093,0.39515237795848224
BL6-B10BR_HTxB,AV2-CIVTDNSNNRIFF-AJ31_BV20-CGARTGGGSDYTF-BJ1-2,single,15,0.658345474046174,0.3744313845895676
BL6-B10BR_HTxB,AV21/DV12-CILDYANKMIF-AJ47_BV3-CASSLGTGYEQYF-BJ2-7,single,1,0.5578544455163951,0.25434556757173793
BL6-B10BR_HTxB,AV21/DV12-CILDYANKMIF-AJ47_BV5-CASSPDNYNNQAPLF-BJ1-5,single,1,1.273313438674627,0.7840088116831326
BL6-B10BR_HTxB,AV21/DV12-CILLLTGGNNKLTF-AJ56_BV1-CTCSADRVQNTLYF-BJ2-4,single,1,1.2638091738835462,1.1228567477855336
BL6-B10BR_HTxB,AV21/DV12-CILLLTGGNNKLTF-AJ56_BV17-CASRSRDIYNSPLYF-BJ1-6,single,1,1.44726249944121,0.9649748707601542
BL6-B10BR_HTxB,AV21/DV12-CILLLTGGNNKLTF-AJ56_BV3-CASSQGQISNERLFF-BJ1-4,single,2,1.722941039746597,1.4794226487823297
BL6-B10BR_HTxB,AV21/DV12-CILRAPNTGNYKYVF-AJ40_BV3-CASSFGGFFYEQYF-BJ2-7,single,1,1.0,1.0
BL6-B10BR_HTxB,AV21/DV12-CILRASSSFSKLVF-AJ50_BV13-2-CASGTGGQNTLYF-BJ2-4,single,1,1.4299111709758698,1.091147888058195
BL6-B10BR_HTxB,AV21/DV12-CILRGGGSNAKLTF-AJ42_BV13-1-CASSDITEVFF-BJ1-1,single,1,2.311278124459133,2.0931094043914813
BL6-B10BR_HTxB,AV21/DV12-CILRGGGSNAKLTF-AJ42_BV13-2-CASGDAGYEQYF-BJ2-7,single,1,1.6266144718101818,1.1926450779423958
BL6-B10BR_HTxB,AV21/DV12-CILRTGGNNKLTF-AJ56_BV13-2-CASGDAGYEQYF-BJ2-7,single,1,2.7790607951331827,2.2462240121937214
BL6-B10BR_HTxB,AV21/DV12-CILRVAGGSNAKLTF-AJ42_BV1-CTCSAARINTEVFF-BJ1-1,single,1,0.6354641743969285,0.27140481081967427
BL6-B10BR_HTxB,AV21/DV12-CILRVENTGANTGKLTF-AJ52_BV13-2-CASGDGGPGTQYF-BJ2-5,single,1,1.1465193329544503,0.7692197931708332
BL6-B10BR_HTxB,AV3-1-CAAYSNYQLIW-AJ33_BV5-CASSQDRGYEQYF-BJ2-7,single,1,0.0,0.0
BL6-B10BR_HTxB,AV3-1-CAGGSNAKLTF-AJ42_BV13-1-CASSLSYEQYF-BJ2-7,single,1,1.8423709931771084,1.7078192485066896
BL6-B10BR_HTxB,AV3-1-CAVASSGSWQLIF-AJ22_BV13-1-CASSGGDQLYF-BJ2-2,single,1,0.420026001688088,0.19539568895843049
BL6-B10BR_HTxB,AV3-1-CAVASSGSWQLIF-AJ22_BV14-CASTDRGEQYF-BJ2-7,single,1,1.3863912826390719,1.0696012814685625
BL6-B10BR_HTxB,AV3-1-CAVGTGGYKVVF-AJ12_BV14-CASSFRDWGYEQYF-BJ2-7,single,1,2.7096856969120644,2.510000443039934
BL6-B10BR_HTxB,AV3-1-CAVNSGYNKLTF-AJ11_BV19-CASSMGGAEVFF-BJ1-1,single,1,1.3787834934861753,1.222392421336448
BL6-B10BR_HTxB,AV3-1-CAVPDTNAYKVIF-AJ30_BV13-2-CASGLGGYEQYF-BJ2-7,single,1,2.125814583693911,1.7104933828050155
BL6-B10BR_HTxB,AV3-1-CAVRHSAGNKLTF-AJ17_BV2-CASSRGDLNQDTQYF-BJ2-5,single,1,2.9710011275886963,2.8162880468276117
BL6-B10BR_HTxB,AV3-1-CAVRSNYNVLYF-AJ21_BV29-CASSLGGSQNTLYF-BJ2-4,single,1,2.937193208607594,2.6374299206152916
BL6-B10BR_HTxB,AV3-1-CAVSAGNVLYF-AJ21_BV1-CTCSAARVSGNTLYF-BJ1-3,single,1,0.6967690383301713,0.32123819527707353
BL6-B10BR_HTxB,AV3-1-CAVSAVNYNQGKLIF-AJ23_BV20-CGARDWGGYEQYF-BJ2-7,single,1,2.9420568582815214,2.725195817226663
BL6-B10BR_HTxB,AV3-1-CAVSAVNYNQGKLIF-AJ23_BV31-CAWNTAETLYF-BJ2-3,single,2,0.928282381065477,0.7550002215199672
BL6-B10BR_HTxB,AV3-1-CAVSGGGRALIF-AJ15_BV13-1-CASSGEGREQYF-BJ2-7,single,1,3.0454077802727,2.692435993696711
BL6-B10BR_HTxB,AV3-1-CAVSGGYKVVF-AJ12_BV13-2-CASGDALASQNTLYF-BJ2-4,single,3,0.8700839852336933,0.6454274877655252
BL6-B10BR_HTxB,AV3-1-CAVSNNNNAPRF-AJ43_BV13-2-CASGDADSQNTLYF-BJ2-4,single,1,0.0,0.0
BL6-B10BR_HTxB,AV3-1-CAVSNNRIFF-AJ31_BV1-CTCSALGGDTLYF-BJ2-4,single,1,0.869995979136258,0.5996180290176756
BL6-B10BR_HTxB,AV3-1-CAVSNNRIFF-AJ31_BV13-2-CASGDGGQNTLYF-BJ2-4,single,1,1.4846646781844843,0.8810131423402693
BL6-B10BR_HTxB,AV3-1-CAVSPGTGGYKVVF-AJ12_BV13-1-CASSELGDQNTLYF-BJ2-4,single,1,1.4488156357251847,1.3667823306716227
BL6-B10BR_HTxB,AV3-1-CAVSPGTGGYKVVF-AJ12_BV13-2-CASGEVDWGSYEQYF-BJ2-7,single,2,2.4043583956528014,2.0839897122026505
BL6-B10BR_HTxB,AV3-1-CAVSQGGRALIF-AJ15_BV1-CTCSAGTGGHNQDTQYF-BJ2-5,single,2,1.6918546878906262,1.5555156561943722
BL6-B10BR_HTxB,AV3-1-CAVTASSGSWQLIF-AJ22_BV4-CASSFSYEQYF-BJ2-7,single,20,0.48161040156980733,0.21263798225250233
BL6-B10BR_HTxB,AV3-1-CAVTPSNYNVLLL-AJ21_BV3-CASSLGQISNERLFF-BJ1-4,single,1,0.7219280948873623,0.5563933485243849
BL6-B10BR_HTxB,AV3-1-CAVTPSNYNVLYF-AJ21_BV1-CTCSALGGDTLYF-BJ2-4,single,1,0.9648905977684821,0.4798907688003912
BL6-B10BR_HTxB,AV3-1-CAVTPSNYNVLYF-AJ21_BV1-CTCSANRVDTLYF-BJ2-4,single,1,0.8326549641485097,0.4935307572678711
BL6-B10BR_HTxB,AV3-1-CAVTPSNYNVLYF-AJ21_BV31-CAWNRDRGAEQFF-BJ2-1,single,4,1.8478194364210703,1.6335861561897038
BL6-B10BR_HTxB,AV3-3-CAVIYRGSALGRLHF-AJ18_BV13-1-CASSDRGTEVFF-BJ1-1,single,1,1.1488348542809166,0.8598223419517396
BL6-B10BR_HTxB,AV3-3-CAVKETGGNNKLT-AJ56_BV3-CASSLGVGQLYF-BJ2-2,single,1,0.21089984607915052,0.0806952340177851
BL6-B10BR_HTxB,AV3-3-CAVNSNNRIFF-AJ31_BV13-2-CASGDIYEQYF-BJ2-7,single,3,1.4546717072667195,1.1008652323299988
BL6-B10BR_HTxB,AV3-3-CAVPGYQNFYF-AJ49_BV29-CASSLSAVYEQYF-BJ2-7,single,1,2.314700640968414,1.9138625562162281
BL6-B10BR_HTxB,AV3-3-CAVPSSSFSKLVF-AJ50_BV30-CSSRDRGREQYF-BJ2-7,single,1,2.709728948501483,2.4329594072761065
BL6-B10BR_HTxB,AV3-3-CAVRGGSNAK-AJ42_BV13-2-CASGAGGQNTLYF-BJ2-4,single,1,1.0389205950315936,0.6141088463806722
BL6-B10BR_HTxB,AV3-3-CAVRGGSNAKLTF-AJ42_BV5-CASSPGGRYAEQFF-BJ2-1,single,1,2.4514927966619107,2.2149056632744255
BL6-B10BR_HTxB,AV3-3-CAVRNTGYQNFYF-AJ49_BV26-CASSLQGYNTEVFF-BJ1-1,single,1,0.0,0.0
BL6-B10BR_HTxB,AV3-3-CAVSAAGNYKYVF-AJ40_BV13-3-CASSERYEQYF-BJ2-7,single,1,2.2584598927441624,2.017921907997262
BL6-B10BR_HTxB,AV3-3-CAVSADSNNRIFF-AJ31_BV1-CTCSAVWGDTQYF-BJ2-5,single,1,2.0403733936884962,1.789580220329628
BL6-B10BR_HTxB,AV3-3-CAVSADTNTGK-AJ27_BV16-CASSLQGAETLYF-BJ2-3,single,1,1.7779849042597489,1.6671310423019825
BL6-B10BR_HTxB,AV3-3-CAVSADTNTGKLTF-AJ27_BV13-1-CASSDAPGRDNYAEQFF-BJ2-1,single,1,0.0,0.0
BL6-B10BR_HTxB,AV3-3-CAVSAEGADRLTF-AJ45_BV13-2-CASGDGQGDTEVFF-BJ1-1,single,1,1.9182958340544896,1.84799690655495
BL6-B10BR_HTxB,AV3-3-CAVSAGNYKYVF-AJ40_BV13-1-CASSDETGGFYAEQFF-BJ2-1,single,2,1.3519294079297528,1.0090185168831591
BL6-B10BR_HTxB,AV3-3-CAVSAGYQNFYF-AJ49_BV31-CAWSLLANTEVFF-BJ1-1,single,1,2.4464393446710155,2.321928094887362
BL6-B10BR_HTxB,AV3-3-CAVSANTGYQNFYF-AJ49_BV1-CTCSAVRISNERLFF-BJ1-4,single,1,1.1929993566060646,0.7143789090989662
BL6-B10BR_HTxB,AV3-3-CAVSANTGYQNFYF-AJ49_BV5-CASSPGGRYAEQFF-BJ2-1,single,5,1.2177347509243048,0.9638962913392326
BL6-B10BR_HTxB,AV3-3-CAVSAPEGADRLTF-AJ45_BV13-2-CASGDARDNQAPLF-BJ1-5,single,11,0.5915699291979754,0.27049083143263697
BL6-B10BR_HTxB,AV3-3-CAVSAPEGADRLTF-AJ45_BV13-2-CASGDSYEQYF-BJ2-7,single,1,1.0167036889313543,0.5974609078470755
BL6-B10BR_HTxB,AV3-3-CAVSAPEGADRLTF-AJ45_BV13-2-CHSGAPRNNPPPPL-BJ1-5,single,1,0.3227569588973982,0.16930113330680058
BL6-B10BR_HTxB,AV3-3-CAVSAPEGADRLTF-AJ45_BV17-CASSRGQGYTGQLYF-BJ2-2,single,1,1.637567290315572,1.0723405392969094
BL6-B10BR_HTxB,AV3-3-CAVSAPEGADRLTF-AJ45_BV2-CASSQDRRGDTQYF-BJ2-5,single,1,0.3014969295343807,0.1267710566989447
BL6-B10BR_HTxB,AV3-3-CAVSAPEGADRLTF-AJ45_BV3-CASSPDREGQYF-BJ2-7,single,1,2.1864823836654392,1.7776075786635523
BL6-B10BR_HTxB,AV3-3-CAVSASSGQKLVF-AJ16_BV3-CASSLGQISNERLFF-BJ1-4,single,1,0.0,0.0
BL6-B10BR_HTxB,AV3-3-CAVSASSGSWQLIF-AJ22_BV13-2-CASGGSAETLYF-BJ2-3,single,1,2.040223928941852,1.5849625007211565
BL6-B10BR_HTxB,AV3-3-CAVSASSGSWQLIF-AJ22_BV19-CASTGGAETLYF-BJ2-3,single,1,2.906731552951779,2.657915101494535
BL6-B10BR_HTxB,AV3-3-CAVSAVNAPRF-AJ43_BV4-CASSSGTSNERLFF-BJ1-4,single,1,2.463366342754056,2.2441883449377924
BL6-B10BR_HTxB,AV3-3-CAVSAWSEGADRLTF-AJ45_BV16-CASSLGTYEQYF-BJ2-7,single,2,1.2921152401617206,0.7951832191010461
BL6-B10BR_HTxB,AV3-3-CAVSAWSEGADRLTF-AJ45_BV31-CAWSLRDINERLFF-BJ1-4,single,1,1.6858157091530304,1.4270101409449198
BL6-B10BR_HTxB,AV3-3-CAVSDAGAKLTF-AJ39_BV1-CTCSADRVNQAPLF-BJ1-5,single,1,2.8055590936942507,2.675676064471984
BL6-B10BR_HTxB,AV3-3-CAVSDAGAKLTF-AJ39_BV17-CASSRLGSSYEQYF-BJ2-7,single,1,0.0,0.0
BL6-B10BR_HTxB,AV3-3-CAVSEPSGSWQLIF-AJ22_BV5-CASSQEGISGNTLYF-BJ1-3,single,1,2.2062389286533897,1.9311381418551956
BL6-B10BR_HTxB,AV3-3-CAVSGEANTGKLTF-AJ52_BV19-CASSIHYAEQFF-BJ2-1,single,1,1.0,1.0
BL6-B10BR_HTxB,AV3-3-CAVSGGSNAKLTF-AJ42_BV19-CASNIGRTGNTLYF-BJ1-3,single,1,1.5,1.415037499278844
BL6-B10BR_HTxB,AV3-3-CAVSGGSNYKLTF-AJ53_BV13-2-CASGPGTGDYNSPLYF-BJ1-6,single,1,0.8112781244591328,0.6780719051126377
BL6-B10BR_HTxB,AV3-3-CAVSGGYANKMIF-AJ47_BV1-CTCSAVRVGSDYTF-BJ1-2,single,4,1.1645437302552868,0.7779913368294171
BL6-B10BR_HTxB,AV3-3-CAVSGGYANKMIF-AJ47_BV20-CGARDWGGYEQYF-BJ2-7,single,1,1.370259712116391,0.7945308817000204
BL6-B10BR_HTxB,AV3-3-CAVSHYGSSGNKLIF-AJ32_BV13-2-CASAGQGSQNTLYF-BJ2-4,single,1,1.5,1.415037499278844
BL6-B10BR_HTxB,AV3-3-CAVSHYGSSGNKLIF-AJ32_BV23-CSSSQWQGASDYTF-BJ1-2,single,1,1.584962500721156,1.5849625007211563
BL6-B10BR_HTxB,AV3-3-CAVSHYGSSGNKLIF-AJ32_BV29-CASSLDRGEQYF-BJ2-7,single,1,1.8789687013606593,1.7004397181410922
BL6-B10BR_HTxB,AV3-3-CAVSHYGSSGNKLIF-AJ32_BV5-CASSQDRGTETLYF-BJ2-3,single,2,1.4212645074613246,0.9404719639853236
BL6-B10BR_HTxB,AV3-3-CAVSNVGDNSKLIW-AJ38_BV1-CTCSAGWGENTLYF-BJ2-4,single,1,1.3219280948873622,0.6326289343514705
BL6-B10BR_HTxB,AV3-3-CAVSPFNTGNYKYVF-AJ40_BV13-2-CASGEPGASAETLYF-BJ2-3,single,1,2.2623623773882575,1.8188505608954337
BL6-B10BR_HTxB,AV3-3-CAVSPNYAQGLTF-AJ26_BV1-CTCSAARDSDYTF-BJ1-2,single,1,2.4159220638351666,2.2591923395394
BL6-B10BR_HTxB,AV3-3-CAVSPNYAQGLTF-AJ26_BV13-2-CASGQGANSDYTF-BJ1-2,single,7,0.36589925548720104,0.1651716727921097
BL6-B10BR_HTxB,AV3-3-CAVSSNNRIFF-AJ31_BV1-CTCSAVRVGNTLYF-BJ1-3,single,6,1.162022929423464,0.7378681504003625
BL6-B10BR_HTxB,AV3-4-CAVNNNAGAKLTF-AJ39_BV31-CAWRGLGGRAEQFF-BJ2-1,single,1,3.072506098824019,2.8795897253842875
BL6-B10BR_HTxB,AV3-4-CAVNYGNEKITF-AJ48_BV13-1-CASSDWGGQDTQYF-BJ2-5,single,1,0.7345299214394703,0.4248852852351913
BL6-B10BR_HTxB,AV3-4-CAVNYGNEKITF-AJ48_BV13-2-CASGDVLGGNTLYF-BJ2-4,single,5,1.342963807379186,1.0344212892471398
BL6-B10BR_HTxB,AV3-4-CAVSAGGNNKLTF-AJ56_BV29-CASSRDNQDTQYF-BJ2-5,single,2,0.9573170474817172,0.5988810196026854
BL6-B10BR_HTxB,AV3-4-CAVSAGYANKMIF-AJ47_BV31-CAWSPSSYEQYF-BJ2-7,single,1,0.7205677831185141,0.360867784153708
BL6-B10BR_HTxB,AV3-4-CAVSARGTGSKLSF-AJ58_BV1-CTCSADRVAEQFF-BJ2-1,single,1,1.0,1.0
BL6-B10BR_HTxB,AV3-4-CAVSSGNYKYVF-AJ40_BV1-CTCRAGLGGEQYF-BJ2-7,single,1,3.358779263491629,3.215680264657269
BL6-B10BR_HTxB,AV3-4-CAVTEGADRLTF-AJ45_BV13-1-CASSPGGTEVFF-BJ1-1,single,1,2.321928094887362,2.0588936890535683
BL6-B10BR_HTxB,AV3-4-CAVTPQGTGSKLSF-AJ58_BV14-CASRLRGEQYF-BJ2-7,single,2,2.066127526912023,1.874469117916141
BL6-B10BR_HTxB,AV3D-3-CAAPSSGSWQLIF-AJ22_BV13-1-CASSGQLSNERLFF-BJ1-4,single,1,0.579469157804508,0.24150471209684388
BL6-B10BR_HTxB,AV3D-3-CAAQGGRALIF-AJ15_BV13-2-CASARDRMNSDYTF-BJ1-2,single,2,2.1584035772161307,1.9983661430830446
BL6-B10BR_HTxB,AV3D-3-CAEPDYSNNRLTL-AJ7_BV29-CASSGGNYAEQFF-BJ2-1,single,1,0.0,0.0
BL6-B10BR_HTxB,AV3D-3-CAGPDYSNNRLTL-AJ7_BV13-1-CASTSGVEQYF-BJ2-7,single,3,1.6626938068919561,1.2635173266147584
BL6-B10BR_HTxB,AV3D-3-CAVESSNTNKVVF-AJ34_BV1-CTCSADRGVYAEQFF-BJ2-1,single,1,1.780672129520887,1.3625700793847082
BL6-B10BR_HTxB,AV3D-3-CAVESSNTNKVVF-AJ34_BV1-CTCSAVRVDEQYF-BJ2-7,single,1,1.8542858719872461,1.2923549795040155
BL6-B10BR_HTxB,AV3D-3-CAVESSNTNKVVF-AJ34_BV14-CASSDRYEQYF-BJ2-7,single,1,2.213536786940695,1.6471837122697317
BL6-B10BR_HTxB,AV3D-3-CAVESSNTNKVVF-AJ34_BV17-CASSDRGEQYF-BJ2-7,single,1,2.1416195253341384,1.7861695921669762
BL6-B10BR_HTxB,AV3D-3-CAVESSNTNKVVF-AJ34_BV31-CAWSPSSYEQYF-BJ2-7,single,1,0.35881402023168396,0.1671400817963933
BL6-B10BR_HTxB,AV3D-3-CAVISNTNKVVF-AJ34_BV13-2-CASGDRPYEQYF-BJ2-7,single,1,2.1234786725698864,1.8376435441353762
BL6-B10BR_HTxB,AV3D-3-CAVISNTNKVVF-AJ34_BV13-3-CASRPGQGNQAPLF-BJ1-5,single,3,1.9964911245970745,1.7738021157382462
BL6-B10BR_HTxB,AV3D-3-CAVMTNSAGNKLTF-AJ17_BV12-2-CASSLDWGQDTQYF-BJ2-5,single,2,1.278543213709914,0.9139923765624569
BL6-B10BR_HTxB,AV3D-3-CAVMTNSAGNKLTF-AJ17_BV30-CSSRGQGYSDYTF-BJ1-2,single,1,0.0,0.0
BL6-B10BR_HTxB,AV3D-3-CAVNSAGNKLTF-AJ17_BV13-3-CASSDPGEDQAPLF-BJ1-5,single,1,0.69171727617471,0.37993851000896117
BL6-B10BR_HTxB,AV3D-3-CAVNSAGNKLTF-AJ17_BV4-CASSWDWGNEQYF-BJ2-7,single,1,0.9463729359854419,0.6374299206152919
BL6-B10BR_HTxB,AV3D-3-CAVPDTNAYKVIF-AJ30_BV13-2-CASGAGGQNTLYF-BJ2-4,single,1,1.3921472236645345,1.2954558835261714
BL6-B10BR_HTxB,AV3D-3-CAVPDTNAYKVIF-AJ30_BV2-CASSQDRGSQNTLYF-BJ2-4,single,1,2.221251836004466,1.9219974879987272
BL6-B10BR_HTxB,AV3D-3-CAVPDTNAYKVIF-AJ30_BV5-CASSPGQSYEQYF-BJ2-7,single,1,0.0,0.0
BL6-B10BR_HTxB,AV3D-3-CAVRGSGTYQRF-AJ13_BV1-CTCSADRVDTQYF-BJ2-5,single,1,2.2988252450030506,2.0911478880581953
BL6-B10BR_HTxB,AV3D-3-CAVRNNYAQGLTF-AJ26_BV1-CTCSAGNQDTQYF-BJ2-5,single,1,2.0,2.0
BL6-B10BR_HTxB,AV3D-3-CAVRTGGYKVVF-AJ12_BV1-CTCSAETGLDAEQFF-BJ2-1,single,1,1.3709505944546687,1.1844245711374273
BL6-B10BR_HTxB,AV3D-3-CAVRTQVVGQLTF-AJ5_BV12-2-CASSLGDNQDTQYF-BJ2-5,single,9,0.9723696963056092,0.6890914530163397
BL6-B10BR_HTxB,AV3D-3-CAVRTQVVGQLTF-AJ5_BV19-CASSIGRTGREVFF-BJ1-1,single,1,0.0,0.0
BL6-B10BR_HTxB,AV3D-3-CAVSADYSNNRLTL-AJ7_BV5-CASSHWGGAYEQYF-BJ2-7,single,1,0.5138865152196466,0.1838520654657109
BL6-B10BR_HTxB,AV3D-3-CAVSANNYAQGLTF-AJ26_BV29-CASSLGTGPETLYF-BJ2-3,single,1,2.7381493331928666,2.5679894221174426
BL6-B10BR_HTxB,AV3D-3-CAVSANTGYQNFYF-AJ49_BV5-CASSPGGRYAEQFF-BJ2-1,single,1,0.3048951606070262,0.13041835258832885
BL6-B10BR_HTxB,AV3D-3-CAVSANTGYQNFYF-AJ49_BV5-CASSQGGRYAEQFF-BJ2-1,single,3,1.5798737280864275,1.2868655701455138
BL6-B10BR_HTxB,AV3D-3-CAVSASSGSWQLIF-AJ22_BV1-CTCSADRNNQAPLF-BJ1-5,single,1,2.199687794731328,2.115477217419936
BL6-B10BR_HTxB,AV3D-3-CAVSATNYNVLYF-AJ21_BV3-CASSLGTGYEQYF-BJ2-7,single,1,0.42254266919774564,0.17657670931474248
BL6-B10BR_HTxB,AV3D-3-CAVSATNYNVLYF-AJ21_BV31-CAWRGGRGEQYF-BJ2-7,single,2,0.364547674849254,0.135762057606219
BL6-B10BR_HTxB,AV3D-3-CAVSDDTNAYKVIF-AJ30_BV19-CASRRLGGEQYF-BJ2-7,single,1,2.113283334294875,1.9475325801058645
BL6-B10BR_HTxB,AV3D-3-CAVSDNYAQGLTF-AJ26_BV1-CTCSADRVGNTLYF-BJ1-3,single,1,0.44189150849334,0.18985974470452982
BL6-B10BR_HTxB,AV3D-3-CAVSDNYAQGLTF-AJ26_BV5-CASSQDNWGWEQYF-BJ2-7,single,1,0.6609547668942413,0.2625016528584308
BL6-B10BR_HTxB,AV3D-3-CAVSEDNMGYKLTF-AJ9_BV13-1-CASSDVGGHYTF-BJ1-2,single,1,0.0,0.0
BL6-B10BR_HTxB,AV3D-3-CAVSEDTNAYKVIF-AJ30_BV29-CASSLRGTAYAEQFF-BJ2-1,single,1,1.3709505944546687,1.1844245711374273
BL6-B10BR_HTxB,AV3D-3-CAVSGGTGSNRLTF-AJ28_BV12-2-CASSPGLGGRTGQLYF-BJ2-2,single,1,1.5,1.415037499278844
BL6-B10BR_HTxB,AV3D-3-CAVSGNYNVLYF-AJ21_BV1-CTCSAVRVNTLYF-BJ2-4,single,1,0.947584679824574,0.4589808468664412
BL6-B10BR_HTxB,AV3D-3-CAVSNAYKVIF-AJ30_BV13-2-CASGDRGYNNQAPLF-BJ1-5,single,1,2.1815525171888464,1.9566962157791397
BL6-B10BR_HTxB,AV3D-3-CAVSNNRIFF-AJ31_BV1-CTCSADRGVYAEQFF-BJ2-1,single,1,1.5510981710072647,1.2630344058337937
BL6-B10BR_HTxB,AV3D-3-CAVSNNRIFF-AJ31_BV1-CTCSALGGDTLYF-BJ2-4,single,62,1.2638366875131135,0.8442732069518529
BL6-B10BR_HTxB,AV3D-3-CAVSNNRIFF-AJ31_BV13-1-CASSADRGQNTLYF-BJ2-4,single,1,0.6500224216483541,0.46948528330122
BL6-B10BR_HTxB,AV3D-3-CAVSNNRIFF-AJ31_BV13-2-CASGARTGENYAEQFF-BJ2-1,single,2,1.5817468904096255,1.0773450970493448
BL6-B10BR_HTxB,AV3D-3-CAVSNNRIFF-AJ31_BV19-CASSIGRTGNTLYF-BJ1-3,single,1,2.418295834054489,2.263034405833794
BL6-B10BR_HTxB,AV3D-3-CAVSNNRIFF-AJ31_BV3-CASSLARGYEQYF-BJ2-7,single,1,2.894461005141131,2.356620813053522
BL6-B10BR_HTxB,AV3D-3-CAVSNNRIFS-AJ31_BV1-CTCSALGGDTLYF-BJ2-4,single,1,0.3227569588973982,0.16930113330680058
BL6-B10BR_HTxB,AV3D-3-CAVSPFDTGNYKYVF-AJ40_BV2-CASSQDRRGDTQYF-BJ2-5,single,1,1.5216406363433184,1.2571578394971246
BL6-B10BR_HTxB,AV3D-3-CAVSSMNYNQGKLIF-AJ23_BV5-CASSPDRGDERLFF-BJ1-4,single,1,1.9056390622295665,1.8300749985576876
BL6-B10BR_HTxB,AV3D-3-CAVSVAGNKLTF-AJ17_BV1-CTCSADRVDTQYF-BJ2-5,single,1,2.146465798504072,1.7914133781885826
BL6-B10BR_HTxB,AV3D-3-CAVSYSNNRIFF-AJ31_BV4-CASSWDWGGYAEQFF-BJ2-1,single,1,3.3162692591090046,3.158624176599903
BL6-B10BR_HTxB,AV3D-3-CAVTASSGSWQLIF-AJ22_BV4-CASSFYQDTQYF-BJ2-5,single,1,1.0949143184120975,0.8333501305905487
BL6-B10BR_HTxB,AV3D-3-CAVTSSSGSWQLIF-AJ22_BV1-CTCSAARINTEVFF-BJ1-1,single,1,2.4182958340544896,2.263034405833794
BL6-B10BR_HTxB,AV3D-3-CAVTSSSGSWQLIF-AJ22_BV5-CASSPDRGDERLFF-BJ1-4,single,12,2.185284655846408,2.0705992411707985
BL6-B10BR_HTxB,AV3D-3-CVVTASSGSWQLIF-AJ22_BV1-CTCSAVRVDEQYF-BJ2-7,single,1,0.9702073250484029,0.5776205253799882
BL6-B10BR_HTxB,AV4-2-CAVEAGPGTGSNRLTF-AJ28_BV13-3-CASSDPGEDQAPLF-BJ1-5,single,1,1.3752793655393791,1.0193653248669312
BL6-B10BR_HTxB,AV4-2-CAVEAGSNYNVLYF-AJ21_BV13-2-CASGDRDSDYTF-BJ1-2,single,1,1.0,1.0
BL6-B10BR_HTxB,AV4-2-CAVGNRIFF-AJ31_BV12-1-CASSLVGYAEQFF-BJ2-1,single,1,0.4225426691977456,0.17657670931474267
BL6-B10BR_HTxB,AV4-2-CAVTGSGGKLTL-AJ44_BV13-3-CASSERYEQYF-BJ2-7,single,1,0.3095434291503252,0.15994091286969028
BL6-B10BR_HTxB,AV4-3-CAADNNNAPRF-AJ43_BV1-CTCSVGTISNERLFF-BJ1-4,single,1,2.436278124459133,2.1420190048724277
BL6-B10BR_HTxB,AV4-3-CAADSGTYQRF-AJ13_BV26-CASSLTGYAEQFF-BJ2-1,single,1,2.6635327548042547,2.5265458144958344
BL6-B10BR_HTxB,AV4-3-CAAEAGANTGKLTF-AJ52_BV13-2-CASGDWGGQNTLYF-BJ2-4,single,3,2.137372099037377,1.9255888674080603
BL6-B10BR_HTxB,AV4-3-CAAEDNNAPR-AJ43_BV13-1-CASSDWGDYEQYF-BJ2-7,single,1,1.0,1.0
BL6-B10BR_HTxB,AV4-3-CAAEDTNTGKLTF-AJ27_BV3-CASSLDWGGYEQYF-BJ2-7,single,1,0.0,0.0
BL6-B10BR_HTxB,AV4-3-CAAENVGDNSKLIW-AJ38_BV1-CTCSDRVSAETLYF-BJ2-3,single,1,2.364912501682698,2.091922489441039
BL6-B10BR_HTxB,AV4-3-CAAITGNTGKLIF-AJ37_BV1-CTCSFPGTNQDTQYF-BJ2-5,single,1,0.9182958340544896,0.84799690655495
BL6-B10BR_HTxB,AV4-3-CAPDTNAYKVIF-AJ30_BV29-CASSSDNNQAPLF-BJ1-5,single,3,2.0111637808874097,1.644089883043538
BL6-B10BR_HTxB,AV4-4/DV10-CAADQNTGYQNFYF-AJ49_BV4-CASSWDWGGEQYF-BJ2-7,single,5,1.5623915661682939,1.335106280509885
BL6-B10BR_HTxB,AV4-4/DV10-CAAEAGYGNEKITF-AJ48_BV13-1-CASSAGTGKNQAPLF-BJ1-5,single,1,2.3709505944546687,2.1844245711374275
BL6-B10BR_HTxB,AV4-4/DV10-CAAEAGYGNEKITF-AJ48_BV14-CASSFGTGGTQYF-BJ2-5,single,9,1.7632829782610675,1.5126733208026915
BL6-B10BR_HTxB,AV4-4/DV10-CAAEANTGANTGKLTS-AJ52_BV2-CASSQQTPNTGQLYF-BJ2-2,single,1,1.3197600620641758,0.7032253823409758
BL6-B10BR_HTxB,AV4-4/DV10-CAAEAVENEKITF-AJ48_BV1-CTCSSGGTLYF-BJ2-4,single,1,1.6208833735315031,1.017774701727976
BL6-B10BR_HTxB,AV4-4/DV10-CAAEAVGNEKITF-AJ48_BV1-CTCSSGGTLYF-BJ2-4,single,2,1.6113817121146354,1.3204268508066006
BL6-B10BR_HTxB,AV4-4/DV10-CAAEDTEGADRLTF-AJ45_BV3-CASSLGLGGPDTQYF-BJ2-5,single,1,1.6225562489182659,1.3561438102252754
BL6-B10BR_HTxB,AV4-4/DV10-CAAEENTGYQ-AJ49_BV14-CASSFGTGGEQYF-BJ2-7,single,1,1.6854752972273344,1.4739311883324124
BL6-B10BR_HTxB,AV4-4/DV10-CAAEENYGNEKITF-AJ48_BV16-CASSLETGGAYAEQFF-BJ2-1,single,1,0.524059485578984,0.2021390253449308
BL6-B10BR_HTxB,AV4-4/DV10-CAAEGQGGSAELIF-AJ57_BV13-3-CASGGTYEQYF-BJ2-7,single,1,0.557854445516395,0.25434556757173793
BL6-B10BR_HTxB,AV4-4/DV10-CAAEGQGGSAKHIF-AJ57_BV12-2-CASSLDGAQDTQYF-BJ2-5,single,1,0.8482559563869475,0.42098676561003023
BL6-B10BR_HTxB,AV4-4/DV10-CAAEGQGGSAKLIF-AJ57_BV12-2-CASSLDGAQDTQYF-BJ2-5,single,26,1.331655299794197,0.9599134408134896
BL6-B10BR_HTxB,AV4-4/DV10-CAAEGQGGSAKLIF-AJ57_BV12-2-CASSQDSSQNTLYF-BJ2-4,single,1,1.780672129520887,1.362570079384708
BL6-B10BR_HTxB,AV4-4/DV10-CAAEGQGGSAKLIF-AJ57_BV13-1-CASSDAQDWGGYAEQFF-BJ2-1,single,1,2.0497120352661518,1.7693870718585836
BL6-B10BR_HTxB,AV4-4/DV10-CAAEGQGGSAKLIF-AJ57_BV2-CASSQDEISNERLFF-BJ1-4,single,1,2.085475297227334,1.6896598793878495
BL6-B10BR_HTxB,AV4-4/DV10-CAAEGQGGSAKLIF-AJ57_BV2-CASSQDRRGDTQYF-BJ2-5,single,1,2.1810639994808207,1.9450955946600312
BL6-B10BR_HTxB,AV4-4/DV10-CAAEGQGGSAKLIF-AJ57_BV3-CASSLDGAQDTQYF-BJ2-5,single,1,1.4866936562550725,0.7469352881043734
BL6-B10BR_HTxB,AV4-4/DV10-CAAEGQGGSAKLIF-AJ57_BV3-CASSPSGGADTQYF-BJ2-5,single,1,0.6056818427621349,0.2659816898841307
BL6-B10BR_HTxB,AV4-4/DV10-CAAEGQGGSAKLIF-AJ57_BV31-CAWRDRGVFF-BJ1-1,single,1,1.584962500721156,1.5849625007211563
BL6-B10BR_HTxB,AV4-4/DV10-CAAENTGYQNFYF-AJ49_BV29-CASRTGRNSPLYF-BJ1-6,single,1,1.238146248185876,0.7556328884062904
BL6-B10BR_HTxB,AV4-4/DV10-CAAENTGYQNFYF-AJ49_BV3-CASSLGTGYEQYF-BJ2-7,single,1,0.9396091742262356,0.5503567757669026
BL6-B10BR_HTxB,AV4-4/DV10-CAAEYGNEKITF-AJ48_BV1-CTCSAGWGGSTGQLYF-BJ2-2,single,7,1.536693565710529,1.304451365549584
BL6-B10BR_HTxB,AV4-4/DV10-CARANYGNEKITF-AJ48_BV13-2-CASGDITEVFF-BJ1-1,single,1,0.7416847557897409,0.37550913509220635
BL6-B10BR_HTxB,AV4-4/DV10-CARANYGNEKITF-AJ48_BV13-2-CASGDRANSDYTF-BJ1-2,single,1,2.0909899670084697,1.411068597075898
BL6-B10BR_HTxB,AV4-4/DV10-CARANYGNEKITF-AJ48_BV13-2-CASGWTNSDYTF-BJ1-2,single,2,1.6412971165704753,1.299731035208136
BL6-B10BR_HTxB,AV4D-3-CAADADTNAYKVIF-AJ30_BV13-2-CASGDERLFF-BJ1-4,single,1,2.0464393446710156,1.8365012677171204
BL6-B10BR_HTxB,AV4D-3-CAADTGSFNKLTF-AJ4_BV13-1-CASSDGVNTEVFF-BJ1-1,single,1,1.471607633602603,0.7513550995615548
BL6-B10BR_HTxB,AV4D-3-CAADTNTGKLTF-AJ27_BV5-CASSQEGISGNTLYF-BJ1-3,single,1,0.0,0.0
BL6-B10BR_HTxB,AV4D-3-CAAEAGYNQGKLIF-AJ23_BV31-CAWSKGQRANERLFF-BJ1-4,single,1,1.0,1.0
BL6-B10BR_HTxB,AV4D-3-CAAEDAYKVIF-AJ30_BV13-2-CASGGDRGYEQYF-BJ2-7,single,1,3.1858716135195184,2.982297998266541
BL6-B10BR_HTxB,AV4D-3-CAAEGPGNNAPRF-AJ43_BV13-2-CASGDLGGAETLYF-BJ2-3,single,1,2.2516291673878226,2.169925001442312
BL6-B10BR_HTxB,AV4D-3-CAAWDTNAYKVIF-AJ30_BV19-CASSIGIAEQFF-BJ2-1,single,1,1.2987949406953985,1.0931094043914815
BL6-B10BR_HTxB,AV4D-4-CAADGNNAGAKLTF-AJ39_BV13-2-CASGDGLGDYEQYF-BJ2-7,single,1,1.040852082972755,0.7436602467402145
BL6-B10BR_HTxB,AV4D-4-CAADSGSWQLIF-AJ22_BV13-2-CASGEDNSNERLFF-BJ1-4,single,1,0.9182958340544896,0.84799690655495
BL6-B10BR_HTxB,AV4D-4-CAAEANYNQGK-AJ23_BV13-2-CASGDQGNSGNTLYF-BJ1-3,single,1,0.16144054254182066,0.05799228631203642
BL6-B10BR_HTxB,AV4D-4-CAAEAPSSGQKLVF-AJ16_BV1-CTCSAGGGYAEQFF-BJ2-1,single,1,0.7219280948873623,0.5563933485243849
BL6-B10BR_HTxB,AV4D-4-CAAEAPSSGQKLVF-AJ16_BV4-CASSSLNYAEQFF-BJ2-1,single,1,1.4538506980514574,1.0871219800459446
BL6-B10BR_HTxB,AV4D-4-CAAEPNTGNYKYVF-AJ40_BV1-CTCSARTGETLYF-BJ2-3,single,1,0.0,0.0
BL6-B10BR_HTxB,AV4D-4-CAAERVGYKLTF-AJ9_BV3-CASSSTGPAETLYF-BJ2-3,single,1,2.321928094887362,2.321928094887362
BL6-B10BR_HTxB,AV4D-4-CAAESNNNNAPRF-AJ43_BV1-CTCSAVRAGNTLYF-BJ1-3,single,1,0.5348665642942011,0.250079068314932
BL6-B10BR_HTxB,AV4D-4-CAAETGGYKVVF-AJ12_BV13-2-CASGDAGTQNTLYF-BJ2-4,single,1,2.263809173883546,2.029747343394052
BL6-B10BR_HTxB,AV4D-4-CAAEVISGSFNKLTF-AJ4_BV2-CASSQDRRGDTQYF-BJ2-5,single,1,3.3017464963200887,3.216467587379343
BL6-B10BR_HTxB,AV4D-4-CAAEVVTGSGGKLTL-AJ44_BV5-CASSPTGGNTGQLYF-BJ2-2,single,1,2.991567484591735,2.8804183842473274
BL6-B10BR_HTxB,AV4D-4-CAAEWDYANKMIF-AJ47_BV12-2-CASSLDWGEDTQYF-BJ2-5,single,1,1.127834228142865,0.6364772064283287
BL6-B10BR_HTxB,AV4D-4-CAAGNAGAKLTF-AJ39_BV14-CASSFSRETDTQYF-BJ2-5,single,1,2.418295834054489,2.263034405833794
BL6-B10BR_HTxB,AV4D-4-CADTNAYKVIF-AJ30_BV3-CASSPGQISNERLFF-BJ1-4,single,1,1.8804776704626025,1.2286331706549654
BL6-B10BR_HTxB,AV5-1-CAASVGGSAKLIF-AJ57_BV4-CASSSGTGGYEQYF-BJ2-7,single,1,0.8118475207241325,0.49636857745216745
BL6-B10BR_HTxB,AV5-1-CSARTQVVGQLTF-AJ5_BV1-CTCSAVGDTQYF-BJ2-5,single,1,2.5261207468426807,2.286304185156641
BL6-B10BR_HTxB,AV5-1-CSASDNYAQ-AJ26_BV13-2-CASGTGGQNTLYF-BJ2-4,single,1,1.75,1.5405683813627027
BL6-B10BR_HTxB,AV5-1-CSASDNYAQGLTF-AJ26_BV13-2-CASGDRLGGQNTLYF-BJ2-4,single,4,1.4251778970933844,1.3860801290559526
BL6-B10BR_HTxB,AV5-1-CSASIGSGSWQLIF-AJ22_BV13-1-CASTGGVEQYF-BJ2-7,single,10,0.8970169315848133,0.5345341219282347
BL6-B10BR_HTxB,AV5-1-CSASIGSGSWQLIF-AJ22_BV13-2-CASGDGDRDQAPLF-BJ1-5,single,1,1.0,1.0
BL6-B10BR_HTxB,AV5-1-CSASIGSGSWQLIF-AJ22_BV19-CASSIGRTGREVFF-BJ1-1,single,1,0.9933927290103626,0.5737352452979021
BL6-B10BR_HTxB,AV5-1-CSASISYSNNRLTL-AJ7_BV13-1-CASSDGNTGQLYF-BJ2-2,single,3,2.2959425179507194,2.086545394898629
BL6-B10BR_HTxB,AV5-1-CSASKDYNQGKLIF-AJ23_BV12-1-CASSLGQGDTQYF-BJ2-5,single,1,0.5489544344250401,0.28080910756176963
BL6-B10BR_HTxB,AV5-1-CSASKNAGAKLTF-AJ39_BV1-CTCSAGTVQDTQYF-BJ2-5,single,1,2.713269689515108,2.368849142274855
BL6-B10BR_HTxB,AV5-1-CSASMDYAQGLTF-AJ26_BV13-1-CASSDRGQYEQYF-BJ2-7,single,5,1.3566884148842735,1.0659922974552378
BL6-B10BR_HTxB,AV5-1-CSASMDYAQGLTF-AJ26_BV2-CASSQDRRGDTQYF-BJ2-5,single,1,1.2776134368191154,0.8527740468168222
BL6-B10BR_HTxB,AV5-1-CSASMDYNQGKLIF-AJ23_BV13-2-CTSGDAGVNQDTQYF-BJ2-5,single,1,0.0,0.0
BL6-B10BR_HTxB,AV5-1-CSASMDYNQGKLIF-AJ23_BV13-3-CASSEPNSPLYF-BJ1-6,single,1,0.19590927087360493,0.08738004432409827
BL6-B10BR_HTxB,AV5-1-CSASMDYNQGKLIF-AJ23_BV3-CASSSGQGHEQYF-BJ2-7,single,13,1.0516065703043032,0.6981571152262778
BL6-B10BR_HTxB,AV5-1-CSASNYAQGLTF-AJ26_BV13-2-CASGDAQGETEVFF-BJ1-1,single,1,1.4466166676282084,1.0544477840223765
BL6-B10BR_HTxB,AV5-1-CSASSDYNQGKLIF-AJ23_BV1-CTCSADRFYEQYF-BJ2-7,single,1,2.0,2.0
BL6-B10BR_HTxB,AV5-1-CSASSDYNQGKLIF-AJ23_BV1-CTCSADRGVYAEQFF-BJ2-1,single,1,0.8475846798245739,0.4540316308947077
BL6-B10BR_HTxB,AV5-1-CSASSDYNQGKLIF-AJ23_BV1-CTCSAVRVDEQYF-BJ2-7,single,1,0.9141828384352135,0.5069599887198828
BL6-B10BR_HTxB,AV5-1-CSASSDYNQGKLIF-AJ23_BV29-CASSAGGEVFF-BJ1-1,single,1,1.5709505944546687,1.2515387669959646
BL6-B10BR_HTxB,AV5-1-CSASSDYNQGKLIF-AJ23_BV3-CANSLGQISNERLFF-BJ1-4,single,1,0.9864791294879526,0.555863358824495
BL6-B10BR_HTxB,AV5-1-CSASSDYNQGKLIF-AJ23_BV3-CASSLGQISNERLFF-BJ1-4,single,1,1.1721597626314753,0.7157491082565103
BL6-B10BR_HTxB,AV5-1-CSASSDYNQGKLIF-AJ23_BV3-CASSLGREYERYF-BJ2-7,single,1,0.25934702629777995,0.09061440179092489
BL6-B10BR_HTxB,AV5-1-CSASSDYNQGKLIF-AJ23_BV3-CASSPSGGADTQYF-BJ2-5,single,16,0.6197941929278818,0.3069402279834921
BL6-B10BR_HTxB,AV5-1-CSASSGSWQLIF-AJ22_BV3-CASSVTGSGNTLYF-BJ1-3,single,1,0.9182958340544896,0.84799690655495
BL6-B10BR_HTxB,AV5-1-CSASTDYANKMIF-AJ47_BV1-CTCSADRVEQYF-BJ2-7,single,1,2.481714572986073,2.3953012812175816
BL6-B10BR_HTxB,AV5-1-CSASTDYANKMIF-AJ47_BV1-CTCSAVRLAETLYF-BJ2-3,single,1,1.1119705078703115,0.6201301198994605
BL6-B10BR_HTxB,AV5-1-CSASTDYANKMIF-AJ47_BV13-3-CASSDPGEDQAPLF-BJ1-5,single,1,1.295461844238322,1.120294233717712
BL6-B10BR_HTxB,AV5-1-CSASTDYANKMIF-AJ47_BV3-CASSLSGGNTQYF-BJ2-5,single,5,1.082535627593729,0.6971667924069769
BL6-B10BR_HTxB,AV5-1-CSASTSNYNVLYF-AJ21_BV19-CASSIQDQDTQYF-BJ2-5,single,1,1.2987949406953985,1.0931094043914815
BL6-B10BR_HTxB,AV5-4-CAAMSNYNVLYF-AJ21_BV13-2-CASGDQGNSGNTLYF-BJ1-3,single,1,0.32393921502641326,0.14103576664806508
BL6-B10BR_HTxB,AV5-4-CAAMSNYNVLYF-AJ21_BV17-CASSRGQGYTGQLYF-BJ2-2,single,1,2.5243022463195444,2.2533918239596273
BL6-B10BR_HTxB,AV5-4-CAAMSNYNVLYF-AJ21_BV2-CASSQDRRGDTQYF-BJ2-5,single,1,0.8663137138648347,0.5838088061047855
BL6-B10BR_HTxB,AV5-4-CAAMSNYNVLYF-AJ21_BV2-CASSQERWPETLYF-BJ2-3,single,15,1.5218787203175372,1.2682302253819968
BL6-B10BR_HTxB,AV5-4-CAAMSNYNVLYF-AJ21_BV2-CASSQGRWPETLYF-BJ2-3,single,1,1.584962500721156,1.5849625007211563
BL6-B10BR_HTxB,AV5-4-CAAMSNYNVLYF-AJ21_BV3-CASSLAGGYEQYF-BJ2-7,single,1,0.4625426691977456,0.17722906973322375
BL6-B10BR_HTxB,AV5-4-CAAMSNYNVLYF-AJ21_BV31-CAWSPGQGFEQYF-BJ2-7,single,1,1.7394541964918901,1.6050700741697308
BL6-B10BR_HTxB,AV5-4-CAANNNNAPRF-AJ43_BV14-CASSLDWASAETLYF-BJ2-3,single,2,1.485953918692676,1.2512805869760486
BL6-B10BR_HTxB,AV5-4-CAANNNNAPRF-AJ43_BV31-CAWTRDRGSQAPLF-BJ1-5,single,1,2.577819531114783,2.415037499278844
BL6-B10BR_HTxB,AV5-4-CAANTEGADRLTF-AJ45_BV17-CASSRTRGQDTQYF-BJ2-5,single,1,0.0,0.0
BL6-B10BR_HTxB,AV5-4-CAARTSSSFSKLVF-AJ50_BV1-CTCSAVRLAETLYF-BJ2-3,single,6,1.0511660452441323,0.8022932439749364
BL6-B10BR_HTxB,AV5-4-CAASADYNQGKLIF-AJ23_BV16-CASSSGTGEWEQYF-BJ2-7,single,1,0.7752593054584659,0.36598070754736034
BL6-B10BR_HTxB,AV5-4-CAASADYNQGKLIF-AJ23_BV3-CASSLGLGYEQYF-BJ2-7,single,10,0.7116233654290007,0.3575202938493078
BL6-B10BR_HTxB,AV5-4-CAASADYNQGKLIF-AJ23_BV3-CASSPDWTSAETLYF-BJ2-3,single,1,0.6413961284764207,0.2670884755470737
BL6-B10BR_HTxB,AV5-4-CAASADYNQGKLIF-AJ23_BV31-CAWSLRDINERLFF-BJ1-4,single,1,0.4538101453792326,0.1799110603656196
BL6-B10BR_HTxB,AV5-4-CAASAGGSAKLIF-AJ57_BV2-CASSQDRRGDTQYF-BJ2-5,single,1,2.914165979546192,2.6132119775253297
BL6-B10BR_HTxB,AV5-4-CAASAGGSNA-AJ42_BV19-CASSYSGAEQFF-BJ2-1,single,1,1.311278124459133,0.7905466343710502
BL6-B10BR_HTxB,AV5-4-CAASAGGSNA-AJ42_BV3-CASSRGQISNERLFF-BJ1-4,single,1,0.6324888677904121,0.26223535012746907
BL6-B10BR_HTxB,AV5-4-CAASAGGSNAK-AJ42_BV13-2-CASGDEGTYNSPLYF-BJ1-6,single,1,1.1432524757851013,0.9353130314727852
BL6-B10BR_HTxB,AV5-4-CAASAGGSNAK-AJ42_BV2-CASSQDRRGDTQYF-BJ2-5,single,1,1.8676338909712125,1.492598482572497
BL6-B10BR_HTxB,AV5-4-CAASAGGSNAKL-AJ42_BV1-CTCSAVRVSAETLYF-BJ2-3,single,1,0.9182958340544896,0.84799690655495
BL6-B10BR_HTxB,AV5-4-CAASAGGSNAKL-AJ42_BV13-2-CASGDGQGDTEVFF-BJ1-1,single,1,1.871602261409798,1.3380477602506395
BL6-B10BR_HTxB,AV5-4-CAASAGGSNAKL-AJ42_BV13-2-CASGDIYEQYF-BJ2-7,single,1,0.0,0.0
BL6-B10BR_HTxB,AV5-4-CAASAGGSNAKL-AJ42_BV13-2-CASGDQGNSGNTLYF-BJ1-3,single,1,1.242194469434976,0.7061642121419913
BL6-B10BR_HTxB,AV5-4-CAASAGGSNAKL-AJ42_BV13-3-CASSDPGEDQAPLF-BJ1-5,single,1,2.1307187984051925,1.5935245142245802
BL6-B10BR_HTxB,AV5-4-CAASAGGSNAKL-AJ42_BV14-CASRDVYAEQFF-BJ2-1,single,1,0.4262286569981449,0.24946238626026596
BL6-B10BR_HTxB,AV5-4-CAASAGGSNAKL-AJ42_BV19-CASSIGRTGREVFF-BJ1-1,single,1,1.6577427265048887,1.3856536924977494
BL6-B10BR_HTxB,AV5-4-CAASAGGSNAKLTF-AJ42_BV1-CTCSAALNSPLYF-BJ1-6,single,1,2.6556390622295662,2.5405683813627027
BL6-B10BR_HTxB,AV5-4-CAASAGGSNAKLTF-AJ42_BV1-CTCSAARINTEVFF-BJ1-1,single,1,1.0540157730728,0.7490384264667812
BL6-B10BR_HTxB,AV5-4-CAASAGGSNAKLTF-AJ42_BV1-CTCSADLGGWEQYF-BJ2-7,single,1,0.8112781244591328,0.6780719051126377
BL6-B10BR_HTxB,AV5-4-CAASAGGSNAKLTF-AJ42_BV1-CTCSADWGNYAEQFF-BJ2-1,single,1,2.2359263506290326,2.155278225477911
BL6-B10BR_HTxB,AV5-4-CAASAGGSNAKLTF-AJ42_BV1-CTCSAGWDSPLYF-BJ1-6,single,1,1.4911148500551854,1.1375035237499351
BL6-B10BR_HTxB,AV5-4-CAASAGGSNAKLTF-AJ42_BV1-CTCSALGGDTLYF-BJ2-4,single,1,1.6644977792004614,1.3667823306716225
BL6-B10BR_HTxB,AV5-4-CAASAGGSNAKLTF-AJ42_BV1-CTCSALRGDTLYF-BJ2-4,single,1,1.3727069617019705,1.0780025120012733
BL6-B10BR_HTxB,AV5-4-CAASAGGSNAKLTF-AJ42_BV1-CTCSANRVDTLYF-BJ2-4,single,1,2.5654483718208256,2.3564853169237305
BL6-B10BR_HTxB,AV5-4-CAASAGGSNAKLTF-AJ42_BV1-CTCSASGTGDTEVFF-BJ1-1,single,1,1.3709505944546687,1.1844245711374273
BL6-B10BR_HTxB,AV5-4-CAASAGGSNAKLTF-AJ42_BV1-CTCSAVRVDEQYF-BJ2-7,single,2,0.28075726926702166,0.12043220119653876
BL6-B10BR_HTxB,AV5-4-CAASAGGSNAKLTF-AJ42_BV12-2-CASSLEGADTEVFF-BJ1-1,single,2,0.6907902441545815,0.5860553334468124
BL6-B10BR_HTxB,AV5-4-CAASAGGSNAKLTF-AJ42_BV12-2-CASSLEGDYAEQFF-BJ2-1,single,1,1.8423709931771088,1.7078192485066896
BL6-B10BR_HTxB,AV5-4-CAASAGGSNAKLTF-AJ42_BV13-1-CASSDAGYEQYF-BJ2-7,single,1,0.0,0.0
BL6-B10BR_HTxB,AV5-4-CAASAGGSNAKLTF-AJ42_BV13-1-CASSDWGDYEQYF-BJ2-7,single,1,2.610577243331642,2.4447848426728958
BL6-B10BR_HTxB,AV5-4-CAASAGGSNAKLTF-AJ42_BV13-1-CASTGGVEQYF-BJ2-7,single,1,2.0132790219068077,1.7998862511537543
BL6-B10BR_HTxB,AV5-4-CAASAGGSNAKLTF-AJ42_BV13-2-CASGARTGENYAEQFF-BJ2-1,single,3,1.5389811832234177,1.3423577363652424
BL6-B10BR_HTxB,AV5-4-CAASAGGSNAKLTF-AJ42_BV13-2-CASGDAGGYEQYF-BJ2-7,single,1,2.5519303648244724,2.0818441334828357
BL6-B10BR_HTxB,AV5-4-CAASAGGSNAKLTF-AJ42_BV13-2-CASGDGLGDYEQYF-BJ2-7,single,1,0.6500224216483541,0.46948528330122
BL6-B10BR_HTxB,AV5-4-CAASAGGSNAKLTF-AJ42_BV13-2-CASGDNYEQYF-BJ2-7,single,1,0.8418521897563207,0.7236784397621492
BL6-B10BR_HTxB,AV5-4-CAASAGGSNAKLTF-AJ42_BV13-2-CASGDSYEQYF-BJ2-7,single,1,1.1488348542809166,0.8598223419517396
BL6-B10BR_HTxB,AV5-4-CAASAGGSNAKLTF-AJ42_BV13-2-CASGDWGVEQYF-BJ2-7,single,1,0.43347691625132684,0.1675654307299915
BL6-B10BR_HTxB,AV5-4-CAASAGGSNAKLTF-AJ42_BV13-2-CASGGANTEVFF-BJ1-1,single,1,1.311963595553679,0.8770230827053477
BL6-B10BR_HTxB,AV5-4-CAASAGGSNAKLTF-AJ42_BV13-2-CASGPGGARDTQYF-BJ2-5,single,1,1.9182958340544893,1.84799690655495
BL6-B10BR_HTxB,AV5-4-CAASAGGSNAKLTF-AJ42_BV14-CASSDRYEQYF-BJ2-7,single,1,1.5,1.415037499278844
BL6-B10BR_HTxB,AV5-4-CAASAGGSNAKLTF-AJ42_BV15-CASSLKDSDYTF-BJ1-2,single,1,0.9864267287308424,0.6674246609131288
BL6-B10BR_HTxB,AV5-4-CAASAGGSNAKLTF-AJ42_BV17-CASRDRGGERLFF-BJ1-4,single,1,1.9182958340544893,1.84799690655495
BL6-B10BR_HTxB,AV5-4-CAASAGGSNAKLTF-AJ42_BV17-CASSRGQGYTGQLYF-BJ2-2,single,1,1.2776134368191154,0.8527740468168222
BL6-B10BR_HTxB,AV5-4-CAASAGGSNAKLTF-AJ42_BV17-CASSRLGSSYEQYF-BJ2-7,single,1,0.3815804883091629,0.17211066689362486
BL6-B10BR_HTxB,AV5-4-CAASAGGSNAKLTF-AJ42_BV19-CASSIGRTGNTFCF-BJ1-3,single,1,1.5709505944546687,1.2515387669959643
BL6-B10BR_HTxB,AV5-4-CAASAGGSNAKLTF-AJ42_BV19-CASSIGRTGNTLYF-BJ1-3,single,62,1.6710585166021759,1.4128061510565304
BL6-B10BR_HTxB,AV5-4-CAASAGGSNAKLTF-AJ42_BV19-CASSIGRTGREVFF-BJ1-1,single,142,1.7437112177146112,1.4836498091009034
BL6-B10BR_HTxB,AV5-4-CAASAGGSNAKLTF-AJ42_BV2-CASSKDSYYEKEF-BJ2-7,single,1,2.8910611120726526,2.816288046827612
BL6-B10BR_HTxB,AV5-4-CAASAGGSNAKLTF-AJ42_BV2-CASSQDHRGDTQYF-BJ2-5,single,1,0.9141828384352135,0.5069599887198828
BL6-B10BR_HTxB,AV5-4-CAASAGGSNAKLTF-AJ42_BV2-CASSQDRGPNYAEQFF-BJ2-1,single,1,0.9709505944546686,0.9434164716336325
BL6-B10BR_HTxB,AV5-4-CAASAGGSNAKLTF-AJ42_BV2-CASSQDRRGDTQYF-BJ2-5,single,2,1.9294427878195979,1.6376519761874457
BL6-B10BR_HTxB,AV5-4-CAASAGGSNAKLTF-AJ42_BV2-CASSQDRRGGEQYF-BJ2-7,single,1,1.9182958340544893,1.84799690655495
BL6-B10BR_HTxB,AV5-4-CAASAGGSNAKLTF-AJ42_BV2-CASSQEQGYQDTQYF-BJ2-5,single,1,0.0,0.0
BL6-B10BR_HTxB,AV5-4-CAASAGGSNAKLTF-AJ42_BV29-CASRENTEVFF-BJ1-1,single,1,1.8423709931771084,1.7078192485066899
BL6-B10BR_HTxB,AV5-4-CAASAGGSNAKLTF-AJ42_BV3-CASSLDWGASAETLYC-BJ2-3,single,1,1.5,1.415037499278844
BL6-B10BR_HTxB,AV5-4-CAASAGGSNAKLTF-AJ42_BV3-CASSLGLGYEQYF-BJ2-7,single,1,2.4056390622295662,2.192645077942396
BL6-B10BR_HTxB,AV5-4-CAASAGGSNAKLTF-AJ42_BV3-CASSLGTGYEQYF-BJ2-7,single,1,1.5982869729306985,0.7926619243858415
BL6-B10BR_HTxB,AV5-4-CAASAGGSNAKLTF-AJ42_BV3-CASSLQGANTGQLYF-BJ2-2,single,1,2.4591479170272446,2.3625700793847084
BL6-B10BR_HTxB,AV5-4-CAASAGGSNAKLTF-AJ42_BV3-CASSSGLYEQYF-BJ2-7,single,1,1.950212064914747,1.914270125974116
BL6-B10BR_HTxB,AV5-4-CAASAGGSNAKLTF-AJ42_BV3-CASSSGTGYEQYF-BJ2-7,single,2,1.8288573745857692,1.4132290134218342
BL6-B10BR_HTxB,AV5-4-CAASAGGSNAKLTF-AJ42_BV31-CAWSLAGSGNTLYF-BJ1-3,single,1,1.5,1.415037499278844
BL6-B10BR_HTxB,AV5-4-CAASAGGSNAKLTF-AJ42_BV31-CAWSPGQNERLFF-BJ1-4,single,1,2.4193819456463714,2.252387161634285
BL6-B10BR_HTxB,AV5-4-CAASAGGSNAKLTF-AJ42_BV4-CASSSGTSNERLF-BJ1-4,single,1,2.2885986402171965,1.8394450436901442
BL6-B10BR_HTxB,AV5-4-CAASAGGSNAKLTF-AJ42_BV5-CASSHWGGAYEQYF-BJ2-7,single,1,1.5183842243416832,0.8846547464530929
BL6-B10BR_HTxB,AV5-4-CAASAGGSNAKLTF-AJ42_BV5-CASSPGGRYAEQFF-BJ2-1,single,2,1.1649503052596366,0.8483668608205434
BL6-B10BR_HTxB,AV5-4-CAASAGGSNAKLTF-AJ42_BV5-CASSQAGGANERLFF-BJ1-4,single,1,1.4345491399952024,0.9142701259741166
BL6-B10BR_HTxB,AV5-4-CAASAGGSNAKLTL-AJ42_BV2-CASSQDRRGDTQYF-BJ2-5,single,1,1.5,1.415037499278844
BL6-B10BR_HTxB,AV5-4-CAASAGGSNAR-AJ42_BV12-2-CASSLEGADTEVFF-BJ1-1,single,1,1.1451104143815827,0.7143789090989656
BL6-B10BR_HTxB,AV5-4-CAASAGGSNATLTF-AJ42_BV3-CASSSGTGYEQYF-BJ2-7,single,1,1.4241460599566782,0.9434164716336325
BL6-B10BR_HTxB,AV5-4-CAASAGGSNTKL-AJ42_BV19-CASSIGRTGREVFF-BJ1-1,single,1,1.5219280948873621,1.473931188332412
BL6-B10BR_HTxB,AV5-4-CAASAGSGNTGKLIF-AJ37_BV1-CTCSSRGYEQYF-BJ2-7,single,1,0.362051251733998,0.1982926021213323
BL6-B10BR_HTxB,AV5-4-CAASAGSGNTGKLIF-AJ37_BV3-CASSLDWGQDTQYF-BJ2-5,single,1,0.6316458098702142,0.27376978070204266
BL6-B10BR_HTxB,AV5-4-CAASANNAPRF-AJ43_BV14-CASTDRGEQYF-BJ2-7,single,1,1.6222358574185152,1.0186672942400843
BL6-B10BR_HTxB,AV5-4-CAASASSSFSKLVF-AJ50_BV1-CTCSADWGRQYF-BJ2-7,single,1,1.584962500721156,1.5849625007211563
BL6-B10BR_HTxB,AV5-4-CAASATGYQNFYF-AJ49_BV1-CTCSAAQGDTEVFF-BJ1-1,single,1,2.1556390622295662,2.0
BL6-B10BR_HTxB,AV5-4-CAASATGYQNFYF-AJ49_BV13-3-CASRDRSSYEQYF-BJ2-7,single,1,2.9000516989995426,2.6629650127224296
BL6-B10BR_HTxB,AV5-4-CAASATGYQNFYF-AJ49_BV3-CASSLGGSSYEQYF-BJ2-7,single,1,2.2359263506290326,2.155278225477911
BL6-B10BR_HTxB,AV5-4-CAASAYYNQGKLIF-AJ23_BV3-CASSLDWGGAYEQYF-BJ2-7,single,2,1.8598927243677925,1.6278755091414394
BL6-B10BR_HTxB,AV5-4-CAASDQGGSAKLIF-AJ57_BV1-CTCSETGGDTEVFF-BJ1-1,single,1,1.4626250764221551,0.8804183842473279
BL6-B10BR_HTxB,AV5-4-CAASDTGNYKYVF-AJ40_BV1-CTCSAVTGDERLFF-BJ1-4,single,3,1.2698930211503487,1.1292551361764511
BL6-B10BR_HTxB,AV5-4-CAASDTGNYKYVF-AJ40_BV13-1-CASSLRFYAEQFF-BJ2-1,single,1,1.9166422780956525,1.1844245711374273
BL6-B10BR_HTxB,AV5-4-CAASEGNNNAPRF-AJ43_BV17-CASSRDRGDTEVFF-BJ1-1,single,1,2.217090774749888,1.9411063109464315
BL6-B10BR_HTxB,AV5-4-CAASETGGYKVVF-AJ12_BV1-CTCSAGGGNERLFF-BJ1-4,single,1,0.0,0.0
BL6-B10BR_HTxB,AV5-4-CAASFYGNEKITF-AJ48_BV5-CASSQQGAYTEVFF-BJ1-1,single,1,1.584962500721156,1.5849625007211563
BL6-B10BR_HTxB,AV5-4-CAASGDTGANTGKLTF-AJ52_BV1-CTCSAATDTEVFF-BJ1-1,single,40,1.5873429418682046,1.2576805155927875
BL6-B10BR_HTxB,AV5-4-CAASGDTGANTGKLTF-AJ52_BV13-2-CASGARTGENYAGQFF-BJ2-1,single,1,0.26676498780302604,0.13096067788316265
BL6-B10BR_HTxB,AV5-4-CAASGDTGANTGKLTF-AJ52_BV13-2-CASGDQGNSGNTLYF-BJ1-3,single,1,1.224394445405986,0.982297998266541
BL6-B10BR_HTxB,AV5-4-CAASGDTGANTGKLTF-AJ52_BV3-CASSLGQISNERLFF-BJ1-4,single,1,0.4394969869215134,0.2606517545228
BL6-B10BR_HTxB,AV5-4-CAASGDYANKMIF-AJ47_BV3-CASSLGVDTQYF-BJ2-5,single,1,0.4310400666170139,0.18381631856765837
BL6-B10BR_HTxB,AV5-4-CAASGSNYNVLYF-AJ21_BV13-2-CASGARTGENYAEQFF-BJ2-1,single,1,2.3112781244591325,2.0931094043914813
BL6-B10BR_HTxB,AV5-4-CAASGSNYNVLYF-AJ21_BV4-CASSLGLGGGETLYF-BJ2-3,single,1,1.657742726504889,1.3856536924977494
BL6-B10BR_HTxB,AV5-4-CAASKAGNYKYVF-AJ40_BV13-2-CASGDGLGDYEQYF-BJ2-7,single,1,2.6947814605842733,2.6132119775253297
BL6-B10BR_HTxB,AV5-4-CAASKAGNYKYVF-AJ40_BV17-CASSRGGREQYF-BJ2-7,single,1,1.6931370469479838,1.3740657182225378
BL6-B10BR_HTxB,AV5-4-CAASKAGNYKYVF-AJ40_BV19-CASSIMGGTEQFF-BJ2-1,single,3,2.1427232997960552,1.8922140101346592
BL6-B10BR_HTxB,AV5-4-CAASKDYANRVVF-AJ47_BV3-CASSSGTGYEQYF-BJ2-7,single,1,1.3550733216086401,0.8479969065549502
BL6-B10BR_HTxB,AV5-4-CAASLNYDQGKLIF-AJ23_BV3-CASSLGQISNERLFF-BJ1-4,single,1,0.452905669283236,0.18209761898576082
BL6-B10BR_HTxB,AV5-4-CAASLNYNQGKLIF-AJ23_BV12-2-CASSPDWGEDTQYF-BJ2-5,single,1,1.4457498427015467,0.8479969065549502
BL6-B10BR_HTxB,AV5-4-CAASLNYNQGKLIF-AJ23_BV14-CASRDVYAEQFF-BJ2-1,single,1,0.5202770297724756,0.21782364093839235
BL6-B10BR_HTxB,AV5-4-CAASLNYNQGKLIF-AJ23_BV19-CASSMGEQYF-BJ2-7,single,3,1.097639382334325,0.7593844967723751
BL6-B10BR_HTxB,AV5-4-CAASNTNTGKL-AJ27_BV3-CASSLGQISYEQYF-BJ2-7,single,1,2.4662478973127313,2.1990713471018286
BL6-B10BR_HTxB,AV5-4-CAASPRNNYAQGLTF-AJ26_BV29-CASSFDYQAPLF-BJ1-5,single,1,1.584962500721156,1.5849625007211563
BL6-B10BR_HTxB,AV5-4-CAASSYNQGKLIF-AJ23_BV1-CTCSAGWGENTLYF-BJ2-4,single,1,0.848769151208688,0.41563874748129004
BL6-B10BR_HTxB,AV5-4-CAASTDYAKQDDL-AJ47_BV3-CASSSGTGYEQYF-BJ2-7,single,1,1.232932636272415,0.7005469378684566
BL6-B10BR_HTxB,AV5-4-CAASTDYANKMIF-AJ47_BV1-CTCSAAGTGGYAEQFF-BJ2-1,single,1,2.476796752685521,2.192074278710068
BL6-B10BR_HTxB,AV5-4-CAASTDYANKMIF-AJ47_BV1-CTCSADRFYEQYF-BJ2-7,single,1,0.7675119191912193,0.34938406517559367
BL6-B10BR_HTxB,AV5-4-CAASTDYANKMIF-AJ47_BV1-CTCSADWGNYAEQFF-BJ2-1,single,1,0.9274479232123118,0.5274876592708131
BL6-B10BR_HTxB,AV5-4-CAASTDYANKMIF-AJ47_BV1-CTCSATNNSPLYF-BJ1-6,single,1,2.8414460711655214,2.599462070416271
BL6-B10BR_HTxB,AV5-4-CAASTDYANKMIF-AJ47_BV1-CTCSGTGVNTGVFF-BJ1-1,single,1,0.0,0.0
BL6-B10BR_HTxB,AV5-4-CAASTDYANKMIF-AJ47_BV13-2-CASGDQGNSGNTLYF-BJ1-3,single,1,0.3414787892886376,0.1391925634287696
BL6-B10BR_HTxB,AV5-4-CAASTDYANKMIF-AJ47_BV13-2-CASGDSYEQYF-BJ2-7,single,1,0.41808592762894325,0.14408607856448577
BL6-B10BR_HTxB,AV5-4-CAASTDYANKMIF-AJ47_BV13-2-CASGDWGVEQYF-BJ2-7,single,1,1.9609640474436814,1.6438561897747244
BL6-B10BR_HTxB,AV5-4-CAASTDYANKMIF-AJ47_BV14-CASSDRYEQYF-BJ2-7,single,1,1.5213092391501506,1.0506260730699681
BL6-B10BR_HTxB,AV5-4-CAASTDYANKMIF-AJ47_BV17-CASRDRGGETLYF-BJ2-3,single,1,1.6644977792004614,1.3667823306716227
BL6-B10BR_HTxB,AV5-4-CAASTDYANKMIF-AJ47_BV19-CASSIGRTGNTLYF-BJ1-3,single,1,1.6729330318733675,1.1909427827113956
BL6-B10BR_HTxB,AV5-4-CAASTDYANKMIF-AJ47_BV19-CASSPDWGNYAEQFF-BJ2-1,single,1,2.777776811456786,2.6203368308230415
BL6-B10BR_HTxB,AV5-4-CAASTDYANKMIF-AJ47_BV2-CASSQDRRGDTQYF-BJ2-5,single,1,1.1451104143815827,0.7143789090989656
BL6-B10BR_HTxB,AV5-4-CAASTDYANKMIF-AJ47_BV2-CASSQGAENTLYF-BJ2-4,single,1,0.9560636062387504,0.5176553567845398
BL6-B10BR_HTxB,AV5-4-CAASTDYANKMIF-AJ47_BV20-CGARTGGGSDYTF-BJ1-2,single,1,0.7704769453520164,0.4248852852351911
BL6-B10BR_HTxB,AV5-4-CAASTDYANKMIF-AJ47_BV3-CASSLGFQDTQYF-BJ2-5,single,1,0.5854333730456036,0.25427147777253584
BL6-B10BR_HTxB,AV5-4-CAASTDYANKMIF-AJ47_BV3-CASSLGQISNERLFF-BJ1-4,single,1,0.2623112196143366,0.12805902663208366
BL6-B10BR_HTxB,AV5-4-CAASTDYANKMIF-AJ47_BV3-CASSLGQISYEQYF-BJ2-7,single,1,0.755418029248495,0.35837009085542276
BL6-B10BR_HTxB,AV5-4-CAASTDYANKMIF-AJ47_BV3-CASSSGTGYEQYF-BJ2-7,single,88,0.6952441067083174,0.37884783275529954
BL6-B10BR_HTxB,AV5-4-CAASTDYANKMIF-AJ47_BV4-CASSVQDTQYF-BJ2-5,single,1,1.6043855712075719,1.1699250014423124
BL6-B10BR_HTxB,AV5-4-CAASTDYANKMIF-AJ47_BV5-CASSHRDNNERLFF-BJ1-4,single,1,1.837000457720379,1.379493382421177
BL6-B10BR_HTxB,AV5-4-CAASTDYANKMIF-AJ47_BV5-CASSQARANERLFL-BJ1-4,single,1,0.8683927290103626,0.5570565041512717
BL6-B10BR_HTxB,AV5-4-CAASVGGSAK-AJ57_BV2-CASSQDRRGDTQYF-BJ2-5,single,1,1.0,1.0
BL6-B10BR_HTxB,AV5-4-CAASVGGSAKL-AJ57_BV1-CTCSADRFYEQYF-BJ2-7,single,1,1.75,1.5405683813627027
BL6-B10BR_HTxB,AV5-4-CAASVGGSAKLIF-AJ57_BV1-CTCSALNYAEQFF-BJ2-1,single,1,1.4591479170272448,1.3625700793847082
BL6-B10BR_HTxB,AV5-4-CAASVGGSAKLIF-AJ57_BV1-CTCSAVRISNERLFF-BJ1-4,single,1,0.4394969869215134,0.2606517545228
BL6-B10BR_HTxB,AV5-4-CAASVGGSAKLIF-AJ57_BV13-2-CASGARTGENYAEQFF-BJ2-1,single,1,1.2806721295208872,1.1255308820838588
BL6-B10BR_HTxB,AV5-4-CAASVGGSAKLIF-AJ57_BV13-2-CASGDRLGGQNTLYF-BJ2-4,single,1,1.9056390622295665,1.8300749985576876
BL6-B10BR_HTxB,AV5-4-CAASVGGSAKLIF-AJ57_BV13-2-CASGTGGQNTLYF-BJ2-4,single,1,0.8166890883150209,0.4974996594708167
BL6-B10BR_HTxB,AV5-4-CAASVGGSAKLIF-AJ57_BV14-CASRDVYAEQFF-BJ2-1,single,1,1.6034335134906281,0.9828797301457487
BL6-B10BR_HTxB,AV5-4-CAASVGGSAKLIF-AJ57_BV17-CASSAGGPNTGQLYF-BJ2-2,single,1,1.1055872616982603,0.619024336794789
BL6-B10BR_HTxB,AV5-4-CAASVGGSAKLIF-AJ57_BV17-CASSDRGEQYF-BJ2-7,single,1,1.2059413017339653,0.8661442532652093
BL6-B10BR_HTxB,AV5-4-CAASVGGSAKLIS-AJ57_BV5-CASSHRDNNERLFF-BJ1-4,single,1,0.0,0.0
BL6-B10BR_HTxB,AV5-4-CAASVTGYQNFYF-AJ49_BV1-CTCSAAGHYNSPLYF-BJ1-6,single,1,1.4444101889028331,0.8799116351970738
BL6-B10BR_HTxB,AV5-4-CAATGNNGKLIF-AJ37_BV13-2-CASGTGGQNTLYF-BJ2-4,single,1,0.9995708393473224,0.9991420189810232
BL6-B10BR_HTxB,AV5-4-CAATGNTGKLIF-AJ37_BV1-CTCSAGWDSPLYF-BJ1-6,single,3,1.9403214652059013,1.4413900025128923
BL6-B10BR_HTxB,AV5-4-CAATGNTGKLIF-AJ37_BV13-1-CASSDVGSDYTF-BJ1-2,single,1,2.725480556997868,2.6394102847435326
BL6-B10BR_HTxB,AV5-4-CAATGNTGKLIF-AJ37_BV13-3-CASSEPNSPLYF-BJ1-6,single,1,1.6854752972273344,1.4739311883324124
BL6-B10BR_HTxB,AV5-4-CAATGNTGKLIF-AJ37_BV2-CASSQDRGSQNTLYF-BJ2-4,single,1,0.6988272185521962,0.3455970007809951
BL6-B10BR_HTxB,AV5-4-CAATGNTGKLIF-AJ37_BV30-CSSSTGRDAEQFF-BJ2-1,single,1,2.021782221599798,1.7905466343710503
BL6-B10BR_HTxB,AV5-4-CAATGNTGKLIF-AJ37_BV5-CASSHRDNNERLFF-BJ1-4,single,1,0.8274087988556427,0.4463799230384279
BL6-B10BR_HTxB,AV5-4-CAATTGGNNKLTF-AJ56_BV13-2-CASGDAGLGGREQYF-BJ2-7,single,1,2.4342500190281053,2.308901414591123
BL6-B10BR_HTxB,AV5-4-CAIYQGGSAKLIF-AJ57_BV2-CASSQDRGYEQYF-BJ2-7,single,1,3.117672389614489,2.8576865976077483
BL6-B10BR_HTxB,AV5-4-CASSLNYNQGKLIF-AJ23_BV19-CASSMGEQYF-BJ2-7,single,1,1.223397117295888,0.6825873862351306
BL6-B10BR_HTxB,AV5-4-CASSSFSKLVF-AJ50_BV13-1-CASSDARVGEQYF-BJ2-7,single,1,0.3859177739929249,0.1411182484524531
BL6-B10BR_HTxB,AV5-4-CASSSFSKLVF-AJ50_BV13-1-CASSDTGAGAEQFF-BJ2-1,single,1,2.50753977865935,2.1828925393578147
BL6-B10BR_HTxB,AV5-4-CASSSFSKLVF-AJ50_BV13-2-CASGAGGQNTLYF-BJ2-4,single,1,2.0881281474700115,1.784271308944563
BL6-B10BR_HTxB,AV5-4-CASSSFSKLVF-AJ50_BV13-2-CASGDQGNSGNTLYF-BJ1-3,single,1,1.415135432679989,0.9138366889749447
BL6-B10BR_HTxB,AV5-4-CASSSFSKLVF-AJ50_BV13-2-CASGEGQVEQYF-BJ2-7,single,8,1.5938644759132181,1.347737194617668
BL6-B10BR_HTxB,AV5-4-CATSAGGSNAKLTF-AJ42_BV13-2-CASGARTGENYAEQFF-BJ2-1,single,1,0.9182958340544896,0.84799690655495
BL6-B10BR_HTxB,AV5-4-CSATGNTGKLIF-AJ37_BV13-3-CASSDRDEQYF-BJ2-7,single,1,2.353533948577482,2.1914260706532342
BL6-B10BR_HTxB,AV5-4-CTASAGGSNAKLTF-AJ42_BV19-CASSIGRTGNTHYF-BJ1-3,single,1,1.224394445405986,0.982297998266541
BL6-B10BR_HTxB,AV5-4-CVSSSFSKLVF-AJ50_BV14-CASSLDSGNTLYF-BJ1-3,single,1,0.9182958340544896,0.84799690655495
BL6-B10BR_HTxB,AV5D-4-CAAAMSNYNVLYF-AJ21_BV4-CASSLGLGGGETLYF-BJ2-3,single,1,1.584962500721156,1.5849625007211563
BL6-B10BR_HTxB,AV5D-4-CAANSGTYQRF-AJ13_BV19-CASSIEAGPYEQYF-BJ2-7,single,1,1.8423709931771084,1.7078192485066899
BL6-B10BR_HTxB,AV5D-4-CAASADSGTYQRF-AJ13_BV13-2-CASGDALGEYEQYF-BJ2-7,single,1,2.1604572813985072,1.6147098441152083
BL6-B10BR_HTxB,AV5D-4-CAASAGNYKYVF-AJ40_BV13-2-CASGAGGQNTLYF-BJ2-4,single,1,1.6805563732659934,1.2523871616342852
BL6-B10BR_HTxB,AV5D-4-CAASDGNNRIFF-AJ31_BV13-3-CASSDRDEQYF-BJ2-7,single,1,0.4903415031415079,0.2444529800920684
BL6-B10BR_HTxB,AV5D-4-CAASDSGYNKLTF-AJ11_BV1-CTCSAVRVDEQYF-BJ2-7,single,1,2.5634648712250887,2.257157839497125
BL6-B10BR_HTxB,AV5D-4-CAASDSSGSWQLIF-AJ22_BV1-CTCSRSAETLYF-BJ2-3,single,2,1.1353615177913805,0.8745192132333903
BL6-B10BR_HTxB,AV5D-4-CAASENNNAPRF-AJ43_BV12-1-CASSLAGGYGNTLYF-BJ1-3,single,1,1.5219280948873621,1.473931188332412
BL6-B10BR_HTxB,AV5D-4-CAASGSNYNVLYF-AJ21_BV12-2-CASSLGDNQDTQYF-BJ2-5,single,1,1.483831706844689,1.1228567477855331
BL6-B10BR_HTxB,AV5D-4-CAASSNYQLIW-AJ33_BV19-CASSISGGEYEQYF-BJ2-7,single,3,1.6704838799316744,1.3023200572332732
BL6-B10BR_HTxB,AV5D-4-CAASSSGSWQLIF-AJ22_BV3-CASSLGQISNERLFF-BJ1-4,single,1,0.8795064608120066,0.47904673920061747
BL6-B10BR_HTxB,AV6-1-CVLEGDSNYQLIW-AJ33_BV29-CASSLYRGNTEVFF-BJ1-1,single,1,2.679289095986989,2.4621614113928696
BL6-B10BR_HTxB,AV6-1-CVLGDDTGNYKYVF-AJ40_BV29-CASSLRGANTEVFF-BJ1-1,single,1,2.2373974097831018,2.008562013503424
BL6-B10BR_HTxB,AV6-1-CVLGDNNAGAKLTF-AJ39_BV13-2-CASGDARETLYF-BJ2-3,single,1,1.3709505944546687,1.1844245711374273
BL6-B10BR_HTxB,AV6-1-CVLGDTNAYKVIF-AJ30_BV14-CASSFGTANTGQLYF-BJ2-2,single,1,2.0,2.0
BL6-B10BR_HTxB,AV6-1-CVLGGNYKGKLIF-AJ23_BV3-CASSLDWGGYEQYF-BJ2-7,single,1,0.19590927087360493,0.08738004432409827
BL6-B10BR_HTxB,AV6-1-CVLGSNSAGNKLTF-AJ17_BV1-CTCSPWGSNTGQLYF-BJ2-2,single,1,2.0403733936884962,1.7895802203296285
BL6-B10BR_HTxB,AV6-2-CVLGDDTNTGKLTF-AJ27_BV4-CASSRDWGGYAEQFF-BJ2-1,single,2,0.7958363892911637,0.7026282392431292
BL6-B10BR_HTxB,AV6-2-CVLGDRAGANTGKLTF-AJ52_BV13-2-CASGWTNSDYTF-BJ1-2,single,3,2.350294647926994,2.077816781086796
BL6-B10BR_HTxB,AV6-3-CAMRDIASSSFSKLVF-AJ50_BV29-CASSLDRGEQYF-BJ2-7,single,1,1.9057584610289318,1.7094098716456447
BL6-B10BR_HTxB,AV6-3-CAMRDLDTNAYKVIF-AJ30_BV13-2-CASGDALGGYEQYF-BJ2-7,single,1,1.0476747992754052,0.5613112326565102
BL6-B10BR_HTxB,AV6-3-CAMSPNTGNYKYVF-AJ40_BV1-CTCSANTEVFF-BJ1-1,single,2,1.5640426394456972,1.457135062987058
BL6-B10BR_HTxB,AV6-4-CALVDRANYNVLYF-AJ21_BV13-3-CASSGWGGDAETLYF-BJ2-3,single,2,2.3337756156114944,2.214558670490856
BL6-B10BR_HTxB,AV6-4-CALVDSGYNKLTF-AJ11_BV3-CASSLGLGYAEQFF-BJ2-1,single,1,3.077939107905646,2.7771403090105964
BL6-B10BR_HTxB,AV6-5-CALNQGGSAKHIF-AJ57_BV12-1-CASSLGALEQYF-BJ2-7,single,1,0.7907669479360189,0.41106859707589793
BL6-B10BR_HTxB,AV6-5-CALRPNNAGAKLTC-AJ39_BV1-CTCSAVRVDEQYF-BJ2-7,single,1,0.2552421131901918,0.12349808811211592
BL6-B10BR_HTxB,AV6-5-CALRPNNAGAKLTF-AJ39_BV1-CTCNAVRVDEQYF-BJ2-7,single,1,1.1315763694478798,0.6656899820789446
BL6-B10BR_HTxB,AV6-5-CALRPNNAGAKLTF-AJ39_BV1-CTCSAVRVDEQYF-BJ2-7,single,1,0.3227569588973982,0.16930113330680058
BL6-B10BR_HTxB,AV6-5-CALRPNNAGAKLTF-AJ39_BV31-CAWRDRGVFF-BJ1-1,single,1,1.9182958340544896,1.84799690655495
BL6-B10BR_HTxB,AV6-5-CALSDHAGYQDF-AJ49_BV13-2-CASGARTGENYAEQFF-BJ2-1,single,1,2.029526332323075,1.3628998759436686
BL6-B10BR_HTxB,AV6-5-CALSDHAGYQDFYF-AJ49_BV13-2-CASGAGGQNTLYF-BJ2-4,single,1,1.219365264025649,0.7297996474315283
BL6-B10BR_HTxB,AV6-5-CALSDHAGYQNFCF-AJ49_BV13-2-CASGARTGENYAEQFF-BJ2-1,single,1,0.8166890883150209,0.4974996594708167
BL6-B10BR_HTxB,AV6-5-CALSDHAGYQNFYF-AJ49_BV1-CTCSAAGGEQYF-BJ2-7,single,1,1.8423709931771086,1.7078192485066899
BL6-B10BR_HTxB,AV6-5-CALSDHAGYQNFYF-AJ49_BV1-CTCSADRGVYAEQFF-BJ2-1,single,1,0.9463729359854419,0.6374299206152919
BL6-B10BR_HTxB,AV6-5-CALSDHAGYQNFYF-AJ49_BV1-CTCSADWGNYAEQFF-BJ2-1,single,2,1.1370249356180753,0.8536600662088407
BL6-B10BR_HTxB,AV6-5-CALSDHAGYQNFYF-AJ49_BV1-CTCSANTEVLF-BJ1-1,single,1,0.9519940819087831,0.53830106195703
BL6-B10BR_HTxB,AV6-5-CALSDHAGYQNFYF-AJ49_BV1-CTCSANWGYEQYF-BJ2-7,single,1,1.7360411676599226,1.3294356315563034
BL6-B10BR_HTxB,AV6-5-CALSDHAGYQNFYF-AJ49_BV1-CTCSAVRISNERLFF-BJ1-4,single,2,0.6189857689944364,0.5325308170891001
BL6-B10BR_HTxB,AV6-5-CALSDHAGYQNFYF-AJ49_BV1-CTCSAVRVDEQYF-BJ2-7,single,1,1.4784086298289707,0.8908047713026981
BL6-B10BR_HTxB,AV6-5-CALSDHAGYQNFYF-AJ49_BV12-1-CASSLGALEQYF-BJ2-7,single,1,1.5054410584227729,0.9526942852216435
BL6-B10BR_HTxB,AV6-5-CALSDHAGYQNFYF-AJ49_BV13-1-CASSDAGYEQYF-BJ2-7,single,1,1.584962500721156,1.082462160191973
BL6-B10BR_HTxB,AV6-5-CALSDHAGYQNFYF-AJ49_BV13-1-CASSEGAGEQYF-BJ2-7,single,1,1.0,1.0
BL6-B10BR_HTxB,AV6-5-CALSDHAGYQNFYF-AJ49_BV13-1-CASSGGDQLYF-BJ2-2,single,1,1.657742726504889,1.3856536924977494
BL6-B10BR_HTxB,AV6-5-CALSDHAGYQNFYF-AJ49_BV13-1-CASSGTGGDTLYF-BJ1-3,single,1,2.5219280948873624,2.4739311883324118
BL6-B10BR_HTxB,AV6-5-CALSDHAGYQNFYF-AJ49_BV13-1-CASSVAGREQYF-BJ2-7,single,1,0.8208830516327004,0.442758256837294
BL6-B10BR_HTxB,AV6-5-CALSDHAGYQNFYF-AJ49_BV13-2-CAASAETLYF-BJ2-3,single,1,1.6729330318733675,1.1909427827113954
BL6-B10BR_HTxB,AV6-5-CALSDHAGYQNFYF-AJ49_BV13-2-CARGDWGVEQYF-BJ2-7,single,1,2.365596230357602,2.1990713471018286
BL6-B10BR_HTxB,AV6-5-CALSDHAGYQNFYF-AJ49_BV13-2-CASGARTGENYAEQFF-BJ2-1,single,194,1.5294556761456106,1.2570222252066898
BL6-B10BR_HTxB,AV6-5-CALSDHAGYQNFYF-AJ49_BV13-2-CASGDGLGDYEQYF-BJ2-7,single,1,1.1063137138648347,0.6188273952832021
BL6-B10BR_HTxB,AV6-5-CALSDHAGYQNFYF-AJ49_BV13-2-CASGRDRAQNTLYF-BJ2-4,single,1,1.5419460322060459,1.0340618360736331
BL6-B10BR_HTxB,AV6-5-CALSDHAGYQNFYF-AJ49_BV13-2-CASGVQGSAETLY-BJ2-3,single,1,1.8423709931771086,1.7078192485066896
BL6-B10BR_HTxB,AV6-5-CALSDHAGYQNFYF-AJ49_BV13-3-CASSDLWGGEQYF-BJ2-7,single,1,1.9219280948873623,1.8365012677171204
BL6-B10BR_HTxB,AV6-5-CALSDHAGYQNFYF-AJ49_BV13-3-CASSDPGEDQAPLF-BJ1-5,single,1,1.2911826388773242,1.1007547276601495
BL6-B10BR_HTxB,AV6-5-CALSDHAGYQNFYF-AJ49_BV13-3-CASSDRDTEVFF-BJ1-1,single,2,1.2705538829904635,0.95724011016048
BL6-B10BR_HTxB,AV6-5-CALSDHAGYQNFYF-AJ49_BV13-3-CASSDRGVGNTLYF-BJ1-3,single,1,1.4854752972273344,1.3959286763311392
BL6-B10BR_HTxB,AV6-5-CALSDHAGYQNFYF-AJ49_BV17-CASSRLGSSYEQYF-BJ2-7,single,1,0.4804334574529622,0.23775447439233294
BL6-B10BR_HTxB,AV6-5-CALSDHAGYQNFYF-AJ49_BV19-CASSIGRTGNTLY-BJ1-3,single,1,1.7695459925589747,1.18844508941311
BL6-B10BR_HTxB,AV6-5-CALSDHAGYQNFYF-AJ49_BV19-CASSIGRTGREVFF-BJ1-1,single,1,1.7924812503605778,1.584962500721156
BL6-B10BR_HTxB,AV6-5-CALSDHAGYQNFYF-AJ49_BV19-CASSRGVNERLFF-BJ1-4,single,1,0.8112781244591328,0.6780719051126377
BL6-B10BR_HTxB,AV6-5-CALSDHAGYQNFYF-AJ49_BV3-CASSLGFQDTQYF-BJ2-5,single,1,1.6229900233097503,0.9869733197037606
BL6-B10BR_HTxB,AV6-5-CALSDHAGYQNFYF-AJ49_BV3-CASSLGQISNERLFF-BJ1-4,single,1,1.1400677626718572,0.7237145706683499
BL6-B10BR_HTxB,AV6-5-CALSDHAGYQNFYF-AJ49_BV3-CASSLGTGYEQYF-BJ2-7,single,1,1.6682958340544896,1.0931094043914815
BL6-B10BR_HTxB,AV6-5-CALSDHAGYQNFYF-AJ49_BV31-CAWSNQDTQYF-BJ2-5,single,1,0.9182958340544896,0.84799690655495
BL6-B10BR_HTxB,AV6-5-CALSDHAGYQNFYN-AJ49_BV13-2-CASGARTGENYAEQFF-BJ2-1,single,1,0.3227569588973982,0.16930113330680058
BL6-B10BR_HTxB,AV6-5-CALSDHAGYQNLYF-AJ49_BV3-CASSLDANERLFF-BJ1-4,single,1,2.855388542207534,2.710493382805015
BL6-B10BR_HTxB,AV6-5-CALSDLTSGSWQLIF-AJ22_BV14-CASSDRYEQYF-BJ2-7,single,1,1.971303384773559,1.6009482048938557
BL6-B10BR_HTxB,AV6-5-CALSDNNNAPRF-AJ43_BV14-CASTDRGEQYF-BJ2-7,single,1,0.9737837298712213,0.7187138896099834
BL6-B10BR_HTxB,AV6-5-CALSDYAGYQNFYF-AJ49_BV12-2-CASSSGQGGISDYTF-BJ1-2,single,1,1.4966407621868583,1.0
BL6-B10BR_HTxB,AV6-5-CALSPDYANK-AJ47_BV19-CASSIGRTGNTLYF-BJ1-3,single,1,0.37123232664087563,0.20531890797750652
BL6-B10BR_HTxB,AV6-5-CALSSNNRIFF-AJ31_BV1-CTCSADWGNYAEQFF-BJ2-1,single,1,2.365596230357602,2.1990713471018286
BL6-B10BR_HTxB,AV6-5-CALSSNNRIFF-AJ31_BV13-3-CASSDAGWEQYF-BJ2-7,single,1,2.521640636343318,2.444784842672896
BL6-B10BR_HTxB,AV6-5-CALTNTGNYKYVF-AJ40_BV1-CTCSADRGVYAEQFF-BJ2-1,single,1,2.685976508137138,2.371968777386958
BL6-B10BR_HTxB,AV6-5-CALTNTGNYKYVF-AJ40_BV19-CASSITNTGQLYF-BJ2-2,single,1,1.8799649487271108,1.4818690077570524
BL6-B10BR_HTxB,AV6-5-CALTNTGNYKYVF-AJ40_BV19-CASSMRSYEQYF-BJ2-7,single,1,0.0,0.0
BL6-B10BR_HTxB,AV6-6-CALAMNYNQGKLIF-AJ23_BV29-CASSLGLGGEQYF-BJ2-7,single,1,1.4591479170272446,1.3625700793847082
BL6-B10BR_HTxB,AV6-6-CALANYNVLYF-AJ21_BV19-CASSAGGLYEQYF-BJ2-7,single,1,0.0,0.0
BL6-B10BR_HTxB,AV6-6-CALASSSGSWQLIF-AJ22_BV13-1-CASSERGGAYAEQFF-BJ2-1,single,1,1.0,1.0
BL6-B10BR_HTxB,AV6-6-CALDDTNAYKVIF-AJ30_BV3-CASSPRTGYYAEQFF-BJ2-1,single,1,0.7595563653739031,0.3614163847683379
BL6-B10BR_HTxB,AV6-6-CALDSGYNKLTF-AJ11_BV13-2-CASGDAAGGYEQYF-BJ2-7,single,1,0.5916727785823275,0.4052564784862585
BL6-B10BR_HTxB,AV6-6-CALEPGTGSNRLTF-AJ28_BV29-CASRTGNTEVFF-BJ1-1,single,2,0.5880427942615514,0.32402384436953663
BL6-B10BR_HTxB,AV6-6-CALGDGGGYKVVF-AJ12_BV13-2-CASGDWGGADAETLYF-BJ2-3,single,2,2.2189599840017142,2.01788197670835
BL6-B10BR_HTxB,AV6-6-CALGDGNMGYKLTF-AJ9_BV31-CAWSTGVNNQAPLF-BJ1-5,single,1,1.75,1.5405683813627027
BL6-B10BR_HTxB,AV6-6-CALGDGNNRIFF-AJ31_BV13-3-CASSDRNYAEQFF-BJ2-1,single,1,2.2810361125534238,2.252387161634285
BL6-B10BR_HTxB,AV6-6-CALGDGRNSNNRIFF-AJ31_BV13-3-CASSEPGASAETLYF-BJ2-3,single,1,1.75,1.5405683813627027
BL6-B10BR_HTxB,AV6-6-CALGDGSGGKLTL-AJ44_BV2-CASSQDRRGDTQYF-BJ2-5,single,1,1.0,1.0
BL6-B10BR_HTxB,AV6-6-CALGDHSAGNKLTF-AJ17_BV19-CASSQGTEVFF-BJ1-1,single,1,2.6635327548042547,2.5265458144958344
BL6-B10BR_HTxB,AV6-6-CALGDHSNYQLIW-AJ33_BV1-CTCSADWGGGAEQFF-BJ2-1,single,1,0.5916727785823275,0.4052564784862585
BL6-B10BR_HTxB,AV6-6-CALGDHSNYQLIW-AJ33_BV13-1-CASSDASGVNERLFF-BJ1-4,single,1,1.5,1.415037499278844
BL6-B10BR_HTxB,AV6-6-CALGDHSNYQLIW-AJ33_BV13-2-CASGDARDNQAPLF-BJ1-5,single,1,2.3329280477723984,1.9648105715376998
BL6-B10BR_HTxB,AV6-6-CALGDHSNYQLIW-AJ33_BV17-CASSRLGSSYEQYF-BJ2-7,single,2,1.289756793426133,1.0026792683536017
BL6-B10BR_HTxB,AV6-6-CALGDHSNYQLIW-AJ33_BV4-CASSFYQDTQYF-BJ2-5,single,1,0.9760206482366149,0.9530789526125073
BL6-B10BR_HTxB,AV6-6-CALGDHSNYQLIW-AJ33_BV4-CASSSPYEQYF-BJ2-7,single,17,1.4620991846553077,1.157087226324998
BL6-B10BR_HTxB,AV6-6-CALGDHTGNYKYVF-AJ40_BV13-2-CASGDIRGVAEQFF-BJ2-1,single,1,2.5253456211698717,2.3461079073824886
BL6-B10BR_HTxB,AV6-6-CALGDLDSNNRIFF-AJ31_BV1-CTCSDRAGTEVFF-BJ1-1,single,1,2.1556390622295662,2.0
BL6-B10BR_HTxB,AV6-6-CALGDLDYANKMIF-AJ47_BV17-CASSRGQGYTGQLYF-BJ2-2,single,1,2.0192365361682794,1.6082322800440032
BL6-B10BR_HTxB,AV6-6-CALGDLEGTGSKLSF-AJ58_BV14-CASSFGQNQAPLF-BJ1-5,single,3,0.7088992060819219,0.3772425269530734
BL6-B10BR_HTxB,AV6-6-CALGDLGTGSKLSF-AJ58_BV13-3-CASRDRAAEQFF-BJ2-1,single,1,1.584962500721156,1.5849625007211563
BL6-B10BR_HTxB,AV6-6-CALGDLGTQVVGQLTF-AJ5_BV14-CASSPGQGNERLFF-BJ1-4,single,1,1.7356407123411168,1.3335160691625743
BL6-B10BR_HTxB,AV6-6-CALGDLNYNQGKLIF-AJ23_BV17-CASSRGQGYTGQLYF-BJ2-2,single,1,1.384431504340598,1.2157286910554368
BL6-B10BR_HTxB,AV6-6-CALGDLNYNQGKLIF-AJ23_BV3-CASSFQGSNERLFF-BJ1-4,single,1,1.6644977792004614,1.3667823306716225
BL6-B10BR_HTxB,AV6-6-CALGDLNYNQGKLIF-AJ23_BV3-CASSLEGPNERLFF-BJ1-4,single,1,2.725480556997868,2.6394102847435326
BL6-B10BR_HTxB,AV6-6-CALGDLNYNQGKLIF-AJ23_BV3-CASSLGGGAGQLYF-BJ2-2,single,2,1.5,1.5
BL6-B10BR_HTxB,AV6-6-CALGDLQANTGKLIF-AJ37_BV3-CASSLGTGYEQYF-BJ2-7,single,1,0.42313276901544583,0.1588610725318221
BL6-B10BR_HTxB,AV6-6-CALGDLSGYNKLTF-AJ11_BV3-CASSLGGYEQYF-BJ2-7,single,1,2.568322473404755,2.2006503136959026
BL6-B10BR_HTxB,AV6-6-CALGDLSNYNVLYF-AJ21_BV13-3-CASSDPPNSDYTF-BJ1-2,single,1,2.251629167387823,2.1699250014423126
BL6-B10BR_HTxB,AV6-6-CALGDLSNYNVLYF-AJ21_BV16-CASSLSGTTNSDYTF-BJ1-2,single,1,0.0,0.0
BL6-B10BR_HTxB,AV6-6-CALGDLTNTGKLTF-AJ27_BV13-2-CASGDAGTGAPLF-BJ1-5,single,1,1.0975378398419535,0.68163852013283
BL6-B10BR_HTxB,AV6-6-CALGDLTNTGKLTF-AJ27_BV3-CASSVQGQNTLYF-BJ2-4,single,1,2.35274578087187,2.155278225477911
BL6-B10BR_HTxB,AV6-6-CALGDMGYKLTF-AJ9_BV29-CASSLNTGQLYF-BJ2-2,single,1,1.9219280948873623,1.8365012677171204
BL6-B10BR_HTxB,AV6-6-CALGDMNYNQGKLIF-AJ23_BV3-CASSLGGANTEVFF-BJ1-1,single,1,2.7933451941915166,2.6203368308230415
BL6-B10BR_HTxB,AV6-6-CALGDMNYNQGKLIF-AJ23_BV3-CASSLGGGNERLFF-BJ1-4,single,1,1.7633584292311077,1.4884251553174603
BL6-B10BR_HTxB,AV6-6-CALGDNNMGYKLTF-AJ9_BV13-1-CASSDGGARTEVFF-BJ1-1,single,1,2.1258145836939115,2.0
BL6-B10BR_HTxB,AV6-6-CALGDNNMGYKLTF-AJ9_BV13-1-CASSDITEVFF-BJ1-1,single,1,1.4485730814042213,0.8209350103276524
BL6-B10BR_HTxB,AV6-6-CALGDNNMGYKLTF-AJ9_BV13-2-CASGDGLGDYEQYF-BJ2-7,single,1,1.1400677626718574,0.7237145706683499
BL6-B10BR_HTxB,AV6-6-CALGDNTNKVVF-AJ34_BV13-1-CASSDVDTNNQAPLF-BJ1-5,single,1,2.8464393446710154,2.736965594166206
BL6-B10BR_HTxB,AV6-6-CALGDNYAQGLTF-AJ26_BV1-CTCSAARINTEVFF-BJ1-1,single,1,0.7253759284051439,0.4356335415744316
BL6-B10BR_HTxB,AV6-6-CALGDNYAQGLTF-AJ26_BV16-CASSPGTGGWEQYF-BJ2-7,single,1,2.3522170014624826,2.192645077942396
BL6-B10BR_HTxB,AV6-6-CALGDPQGGRALIF-AJ15_BV3-CASSLAHNSPLYF-BJ1-6,single,1,2.054585169337799,1.84799690655495
BL6-B10BR_HTxB,AV6-6-CALGDQDSGYNKLTF-AJ11_BV13-1-CASSDVGGRGTGQLYF-BJ2-2,single,1,1.3713146886497212,0.8825709164131055
BL6-B10BR_HTxB,AV6-6-CALGDQDSGYNKLTF-AJ11_BV13-2-CASGDPNYAEQFF-BJ2-1,single,1,1.9056390622295665,1.8300749985576876
BL6-B10BR_HTxB,AV6-6-CALGDQDSGYNKLTF-AJ11_BV19-CASSIWTVSNERLFF-BJ1-4,single,1,2.8393541598822583,2.740967524723702
BL6-B10BR_HTxB,AV6-6-CALGDQGGSAKLIF-AJ57_BV1-CTCSALSGGAREQYF-BJ2-7,single,2,2.205800590976657,2.1260467715115694
BL6-B10BR_HTxB,AV6-6-CALGDQGTGSKLSF-AJ58_BV1-CTCSADRFYEQYF-BJ2-7,single,1,1.5628066316931741,1.3708376953683088
BL6-B10BR_HTxB,AV6-6-CALGDQGTGSKLSF-AJ58_BV1-CTCSAVRISNERLFF-BJ1-4,single,1,0.5304060778306042,0.2678115460956661
BL6-B10BR_HTxB,AV6-6-CALGDQGTGSKLSF-AJ58_BV12-2-CASSLGDNQDTQYF-BJ2-5,single,1,2.5525521588695996,2.1849420370830357
BL6-B10BR_HTxB,AV6-6-CALGDQGTGSKLSF-AJ58_BV13-1-CASSGTGGSTEVFF-BJ1-1,single,1,1.706677278689528,1.4420661612802472
BL6-B10BR_HTxB,AV6-6-CALGDQGTGSKLSF-AJ58_BV13-1-CASSYNQDTQYF-BJ2-5,single,1,1.5709505944546687,1.2515387669959643
BL6-B10BR_HTxB,AV6-6-CALGDQGTGSKLSF-AJ58_BV13-3-CASSNRGVGNTLYF-BJ1-3,single,1,1.1567796494470395,0.8889686876112564
BL6-B10BR_HTxB,AV6-6-CALGDQGTGSKLSF-AJ58_BV17-CASSRGQGYTGQLYF-BJ2-2,single,74,1.785579021146797,1.4495146817050615
BL6-B10BR_HTxB,AV6-6-CALGDQGTGSKLSF-AJ58_BV19-CASSRDSQNTLYF-BJ2-4,single,1,3.1180046145239686,2.9567955014348324
BL6-B10BR_HTxB,AV6-6-CALGDQGTGSKQSF-AJ58_BV17-CASSRGQGYTGQLYF-BJ2-2,single,1,1.7177602521413333,1.506959988719883
BL6-B10BR_HTxB,AV6-6-CALGDRANYNVLYF-AJ21_BV19-CASSLNTGQLYF-BJ2-2,single,1,2.1353503825268683,1.7014391605370656
BL6-B10BR_HTxB,AV6-6-CALGDRGNRIFF-AJ31_BV13-2-CASGDRDQAPLF-BJ1-5,single,1,1.4488156357251847,1.3667823306716227
BL6-B10BR_HTxB,AV6-6-CALGDRTEGADRLTF-AJ45_BV1-CTCSVLRVTEVFF-BJ1-1,single,1,2.0593503813869507,1.2765312148882788
BL6-B10BR_HTxB,AV6-6-CALGDSNNRIFF-AJ31_BV13-3-CASSDAGVEQYF-BJ2-7,single,1,2.439510923993282,2.31593558350567
BL6-B10BR_HTxB,AV6-6-CALGDYANKMIF-AJ47_BV13-1-CASSDVWGGDTQYF-BJ2-5,single,1,1.5,1.415037499278844
BL6-B10BR_HTxB,AV6-6-CALGEAGGSNAK-AJ42_BV13-2-CASGAGGQNTLYF-BJ2-4,single,1,1.5327896019567016,1.1390875975197192
BL6-B10BR_HTxB,AV6-6-CALGEAGGSNAK-AJ42_BV5-CASSQDRSQNTLYF-BJ2-4,single,1,1.3267993553902337,0.9955663915909189
BL6-B10BR_HTxB,AV6-6-CALGEAGGSNAKLTF-AJ42_BV14-CASSPGLSYNSPLYF-BJ1-6,single,5,2.417361510955381,2.1704911976234946
BL6-B10BR_HTxB,AV6-6-CALGEAGGSNAKLTF-AJ42_BV17-CASRSRDIYNSPLYF-BJ1-6,single,1,2.668980145022533,2.5651176893242846
BL6-B10BR_HTxB,AV6-6-CALGEAGGSNAKLTF-AJ42_BV2-CASSQDRRGDTQYF-BJ2-5,single,1,2.2312702546075758,2.163975735111126
BL6-B10BR_HTxB,AV6-6-CALGEAGGSNAMPT-AJ42_BV3-CASSSGTGYEQYF-BJ2-7,single,1,0.0,0.0
BL6-B10BR_HTxB,AV6-6-CALGEGGNYKYVF-AJ40_BV16-CASSLGGYEQYF-BJ2-7,single,5,1.6670212515744887,1.3435931889854076
BL6-B10BR_HTxB,AV6-6-CALGEGGNYKYVF-AJ40_BV31-CAWSLGGAEQFF-BJ2-1,single,1,1.4237949406953985,1.1173569506381587
BL6-B10BR_HTxB,AV6-6-CALGEGGSNAKLTF-AJ42_BV29-CASSPGLGVEQYF-BJ2-7,single,2,1.9701755214643448,1.8774437510817346
BL6-B10BR_HTxB,AV6-6-CALGESGGSNYKLTF-AJ53_BV1-CTCSADLGGFYEQYF-BJ2-7,single,2,1.8068099769254633,1.4217703630884704
BL6-B10BR_HTxB,AV6-6-CALGESGGYKVVF-AJ12_BV13-3-CASSDRDTEVFF-BJ1-1,single,1,0.8514821975402258,0.4779940696637246
BL6-B10BR_HTxB,AV6-6-CALGESGGYKVVF-AJ12_BV3-CASSLGTGYEQYF-BJ2-7,single,2,1.435374993937774,0.9465343495834108
BL6-B10BR_HTxB,AV6-6-CALGESSGSWQLIF-AJ22_BV13-2-CASGEWGYEQYF-BJ2-7,single,1,2.8561584531066457,2.452361636658453
BL6-B10BR_HTxB,AV6-6-CALGESTNTGKLTF-AJ27_BV17-CASSRDPGRQDTQYF-BJ2-5,single,1,1.0,1.0
BL6-B10BR_HTxB,AV6-6-CALGGNMGYKLTF-AJ9_BV31-CAWSLRSSYEQYF-BJ2-7,single,1,2.9266464798309015,2.743343163936923
BL6-B10BR_HTxB,AV6-6-CALGGNNNAPRF-AJ43_BV1-CTCSAVRVDEQYF-BJ2-7,single,1,1.7281379513099238,1.5915202167433187
BL6-B10BR_HTxB,AV6-6-CALGGNYNQGKLIF-AJ23_BV1-CTCSGTKYNSPLYF-BJ1-6,single,1,1.4591479170272446,1.3625700793847082
BL6-B10BR_HTxB,AV6-6-CALGGPTGNYKYVF-AJ40_BV1-CTCSADRGVYAEQFF-BJ2-1,single,1,1.404678473063571,1.0360692547075219
BL6-B10BR_HTxB,AV6-6-CALGGPTGNYKYVF-AJ40_BV13-1-CASSGPGGNSPLYF-BJ1-6,single,1,2.816340113853408,2.6394102847435326
BL6-B10BR_HTxB,AV6-6-CALGGTGGYKVVF-AJ12_BV4-CASSSGEQYF-BJ2-7,single,2,1.6169028011908784,1.2432127888355557
BL6-B10BR_HTxB,AV6-6-CALGGTGNTGKLIF-AJ37_BV13-1-CASSAGQYAEQFF-BJ2-1,single,2,1.9625716232049935,1.862496476250065
BL6-B10BR_HTxB,AV6-6-CALGGTGNTGKLIF-AJ37_BV13-3-CASSDAGTGYAEQFF-BJ2-1,single,2,1.5890485685309361,1.387503072179872
BL6-B10BR_HTxB,AV6-6-CALGNNNAGAKLTF-AJ39_BV13-1-CASSRDRGNTEVFF-BJ1-1,single,1,1.8210319581338212,1.4884251553174603
BL6-B10BR_HTxB,AV6-6-CALGNQGGSAKLIF-AJ57_BV12-2-CASSPDWGEDTQYF-BJ2-5,single,7,1.4754612547293462,1.1829382166529323
BL6-B10BR_HTxB,AV6-6-CALGNQGGSAKLIF-AJ57_BV31-CAWSLGGSDYTF-BJ1-2,single,1,0.35942866605354723,0.13582234895674383
BL6-B10BR_HTxB,AV6-6-CALGNSNNRIFF-AJ31_BV4-CASSSDWANTGQLYF-BJ2-2,single,1,1.8230679822736608,1.7094098716456447
BL6-B10BR_HTxB,AV6-6-CALGPLSGSFNKLTF-AJ4_BV19-CASSIRDWGYEQYF-BJ2-7,single,1,2.5941178916311856,2.4329594072761065
BL6-B10BR_HTxB,AV6-6-CALGPMNYNQGKLIF-AJ23_BV3-CASSLGGAPDTQYF-BJ2-5,single,1,2.2516291673878226,2.169925001442312
BL6-B10BR_HTxB,AV6-6-CALGSPDTNAYKVIF-AJ30_BV3-CASSLRISGNTLLF-BJ1-3,single,1,1.7924812503605778,1.584962500721156
BL6-B10BR_HTxB,AV6-6-CALGYGSSGNKLIF-AJ32_BV13-3-CASSDRYEQYF-BJ2-7,single,1,2.4193819456463714,2.252387161634285
BL6-B10BR_HTxB,AV6-6-CALNSGTYQRF-AJ13_BV14-CASRDRDEQYF-BJ2-7,single,1,1.4082226755786877,0.9219974879987268
BL6-B10BR_HTxB,AV6-6-CALPDTNAYKVIF-AJ30_BV29-CASRGQGAEQFF-BJ2-1,single,1,1.3544149756186805,1.0345572220363686
BL6-B10BR_HTxB,AV6-6-CVITGNTGKLIF-AJ37_BV13-3-CASRDRGEQYF-BJ2-7,single,1,0.5370172139804597,0.23666661789561474
BL6-B10BR_HTxB,AV6-7/DV9-CALAGNTGYQNFYF-AJ49_BV5-CASSYGGAQDTQYF-BJ2-5,single,1,1.5487949406953985,1.1926450779423958
BL6-B10BR_HTxB,AV6-7/DV9-CALGDHMGYKLTF-AJ9_BV13-2-CASGDAGGQDTQYF-BJ2-5,single,1,0.4426608980694471,0.20956838097886415
BL6-B10BR_HTxB,AV6-7/DV9-CALRHDTNAYKVIF-AJ30_BV1-CTCSVYRVQDTQYF-BJ2-5,single,2,1.2467757579719771,0.9239585994057005
BL6-B10BR_HTxB,AV6-7/DV9-CALRPNNAGAELT-AJ39_BV13-2-CASGEGQVEQYF-BJ2-7,single,1,1.2831283666844588,0.8895551788194508
BL6-B10BR_HTxB,AV6-7/DV9-CALRPNNAGAKLTF-AJ39_BV1-CTCSADWGNYAEQFF-BJ2-1,single,1,1.2366407419411674,0.8250965044448716
BL6-B10BR_HTxB,AV6-7/DV9-CALRPNNAGAKLTF-AJ39_BV1-CTCSAGTQNTGQLYF-BJ2-2,single,1,1.2516291673878228,1.0
BL6-B10BR_HTxB,AV6-7/DV9-CALRPNNAGAKLTF-AJ39_BV1-CTCSAIRVDEQYF-BJ2-7,single,1,1.3976931442604226,1.0000000000000002
BL6-B10BR_HTxB,AV6-7/DV9-CALRPNNAGAKLTF-AJ39_BV1-CTCSALGGDTLYF-BJ2-4,single,1,0.6998428398862386,0.395928676331139
BL6-B10BR_HTxB,AV6-7/DV9-CALRPNNAGAKLTF-AJ39_BV1-CTCSAVRVDEQYF-BJ2-7,single,129,0.9437250444248179,0.6180051098134356
BL6-B10BR_HTxB,AV6-7/DV9-CALRPNNAGAKLTF-AJ39_BV12-2-CASSLGQGAETLYF-BJ2-3,single,1,0.7228578977329688,0.42269107182227905
BL6-B10BR_HTxB,AV6-7/DV9-CALRPNNAGAKLTF-AJ39_BV13-1-CASSGTYNQDTQYF-BJ2-5,single,1,0.8343470230852538,0.5238739913217502
BL6-B10BR_HTxB,AV6-7/DV9-CALRPNNAGAKLTF-AJ39_BV13-1-CASSPGGTEVFF-BJ1-1,single,1,0.0,0.0
BL6-B10BR_HTxB,AV6-7/DV9-CALRPNNAGAKLTF-AJ39_BV13-2-CASGDGLGDYEQYF-BJ2-7,single,1,0.4689955935892812,0.2863041851566409
BL6-B10BR_HTxB,AV6-7/DV9-CALRPNNAGAKLTF-AJ39_BV13-2-CASGDNYEQYF-BJ2-7,single,1,0.4096554419556075,0.1696582555709988
BL6-B10BR_HTxB,AV6-7/DV9-CALRPNNAGAKLTF-AJ39_BV13-2-CASGDQGNSGNTLYF-BJ1-3,single,1,0.9163906977046783,0.5467567077943266
BL6-B10BR_HTxB,AV6-7/DV9-CALRPNNAGAKLTF-AJ39_BV13-2-CASGEGQVEQYF-BJ2-7,single,1,1.6130876138583303,1.3885652879176529
BL6-B10BR_HTxB,AV6-7/DV9-CALRPNNAGAKLTF-AJ39_BV13-2-CASGTGGQNTLYF-BJ2-4,single,1,0.8112781244591328,0.6780719051126377
BL6-B10BR_HTxB,AV6-7/DV9-CALRPNNAGAKLTF-AJ39_BV13-3-CASSDVRTSQNTLYF-BJ2-4,single,1,0.20856366182751823,0.07958260780271084
BL6-B10BR_HTxB,AV6-7/DV9-CALRPNNAGAKLTF-AJ39_BV17-CASRSRDIYNSPLYF-BJ1-6,single,1,0.0,0.0
BL6-B10BR_HTxB,AV6-7/DV9-CALRPNNAGAKLTF-AJ39_BV17-CASSRMGSSYERYF-BJ2-7,single,1,0.4310167689753772,0.20223439430270676
BL6-B10BR_HTxB,AV6-7/DV9-CALRPNNAGAKLTF-AJ39_BV2-CASSQDRRGGEQYF-BJ2-7,single,1,1.6627992560224794,1.2801079191927351
BL6-B10BR_HTxB,AV6-7/DV9-CALRPNNAGAKLTF-AJ39_BV3-CASSLGQISYEQYF-BJ2-7,single,1,0.409633443977211,0.1890037998316684
BL6-B10BR_HTxB,AV6-7/DV9-CALRPNNAGAKLTF-AJ39_BV3-CASSPGQISNERLFF-BJ1-4,single,1,0.13303964861069895,0.05342058921864859
BL6-B10BR_HTxB,AV6-7/DV9-CALRPNNAGAKLTF-AJ39_BV3-CASSQGQISNERLFF-BJ1-4,single,1,0.7653636126766978,0.39248788358605824
BL6-B10BR_HTxB,AV6-7/DV9-CALRPNNAGAKLTF-AJ39_BV3-CASSSGTGYEQYF-BJ2-7,single,1,0.5636801130792566,0.2450950897884742
BL6-B10BR_HTxB,AV6-7/DV9-CALRPNNAGAKLTF-AJ39_BV4-CASSVQDTQYF-BJ2-5,single,1,0.9141828384352135,0.5069599887198828
BL6-B10BR_HTxB,AV6-7/DV9-CALRRASSSFSKLVF-AJ50_BV13-1-CASSDQGTEVFF-BJ1-1,single,1,0.9473759016233785,0.4926508524836596
BL6-B10BR_HTxB,AV6-7/DV9-CALRRASSSFSKLVF-AJ50_BV13-2-CASGDGLGDYEQYF-BJ2-7,single,1,0.570401499427012,0.26203634627071737
BL6-B10BR_HTxB,AV6-7/DV9-CALRRASSSFSKLVF-AJ50_BV14-CASRDVYAEQFF-BJ2-1,single,28,1.1878958093095586,0.8225967457675543
BL6-B10BR_HTxB,AV6-7/DV9-CALRRASSSFSKLVF-AJ50_BV14-CASSDRYEQYF-BJ2-7,single,1,1.8461740458363773,1.6106726198270511
BL6-B10BR_HTxB,AV6-7/DV9-CALRSNNAGAKLTF-AJ39_BV1-CTCSAVRVDEQYF-BJ2-7,single,1,0.0,0.0
BL6-B10BR_HTxB,AV6-7/DV9-CALSADSNYQLIW-AJ33_BV1-CTCSAARINTEVFF-BJ1-1,single,1,2.181937063546704,2.0858607366538378
BL6-B10BR_HTxB,AV6-7/DV9-CALSANTGANTGKLTF-AJ52_BV1-CTCSAAGGEQYF-BJ2-7,single,1,2.800044618479009,2.4734872138587165
BL6-B10BR_HTxB,AV6-7/DV9-CALSDDTNAYKVIF-AJ30_BV13-3-CASRADWGGANQNTLYF-BJ2-4,single,4,1.0349925406383267,0.554187452260828
BL6-B10BR_HTxB,AV6-7/DV9-CALSDGNEKITF-AJ48_BV13-3-CASRLGYNYAEQFF-BJ2-1,single,1,1.7841591278514217,1.6463630453852995
BL6-B10BR_HTxB,AV6-7/DV9-CALSDHAGYQNFYF-AJ49_BV13-1-CASGARTGENYAEQFF-BJ2-1,single,1,2.5995812306460646,2.387516436514939
BL6-B10BR_HTxB,AV6-7/DV9-CALSDHAGYQNFYF-AJ49_BV13-2-CASGARTGENYAEQFF-BJ2-1,single,5,1.5856057416104503,1.3748641871124756
BL6-B10BR_HTxB,AV6-7/DV9-CALSDHAGYQNFYF-AJ49_BV17-CASSNWGAEQFF-BJ2-1,single,1,0.0,0.0
BL6-B10BR_HTxB,AV6-7/DV9-CALSDLGSNNRLIW-AJ33_BV1-CTCSALNYAEQFF-BJ2-1,single,1,0.2766394055030938,0.10422257364648221
BL6-B10BR_HTxB,AV6-7/DV9-CALSDNNNAPRF-AJ43_BV1-CTCSADLGGWEQYF-BJ2-7,single,22,1.0997523355867398,0.668569157516492
BL6-B10BR_HTxB,AV6-7/DV9-CALSDNNNAPRF-AJ43_BV1-CTCSAVRISNERLFF-BJ1-4,single,1,0.3372900666170139,0.1798210375848123
BL6-B10BR_HTxB,AV6-7/DV9-CALSDNNNAPRF-AJ43_BV13-2-CASGAGGQNTLYF-BJ2-4,single,1,1.7237733875944545,1.2621934293944228
BL6-B10BR_HTxB,AV6-7/DV9-CALSDNNNAPRF-AJ43_BV13-3-CASSERTEQYF-BJ2-7,single,1,1.7858330841773589,0.9750159794220671
BL6-B10BR_HTxB,AV6-7/DV9-CALSDNNNAPRF-AJ43_BV19-CASSIGRTGREVFF-BJ1-1,single,1,1.895461844238322,1.8365012677171204
BL6-B10BR_HTxB,AV6-7/DV9-CALSDNNNAPRF-AJ43_BV2-CPSSQDWTGQNTLYF-BJ2-4,single,1,2.1626241419745886,1.5405683813627025
BL6-B10BR_HTxB,AV6-7/DV9-CALSDNNNAPRF-AJ43_BV29-CASSFWGDEQYF-BJ2-7,single,1,1.7351690878172172,1.0369789126251279
BL6-B10BR_HTxB,AV6-7/DV9-CALSDNNNAPRF-AJ43_BV3-CASSLGQISYEQYF-BJ2-7,single,1,1.1540066471506134,0.6577280421696846
BL6-B10BR_HTxB,AV6-7/DV9-CALSDNNNAPRF-AJ43_BV31-CAWSLPGGVNERLFF-BJ1-4,single,2,0.9250966056330684,0.4795029018453735
BL6-B10BR_HTxB,AV6-7/DV9-CALSDNYAQGLTF-AJ26_BV19-CASSIRGYAEQFF-BJ2-1,single,1,0.8112781244591328,0.6780719051126377
BL6-B10BR_HTxB,AV6-7/DV9-CALSEDYGNEKITF-AJ48_BV1-CTCSAVRLGGETLYF-BJ2-3,single,1,2.1996877947313282,2.1154772174199357
BL6-B10BR_HTxB,AV6-7/DV9-CALSETGNTGKLIF-AJ37_BV13-2-CASGAGGQNTLYF-BJ2-4,single,1,1.207518749639422,0.7776075786635522
BL6-B10BR_HTxB,AV6-7/DV9-CALSETGNTGKLIF-AJ37_BV16-CASSSGTGGASYAEQFF-BJ2-1,single,1,2.3157380068768356,2.137503523749935
BL6-B10BR_HTxB,AV6-7/DV9-CALSPDYANKMIF-AJ47_BV1-CTCSADWGGQNTLYF-BJ2-4,single,1,0.24988229283318544,0.12007645199175057
BL6-B10BR_HTxB,AV6-7/DV9-CALSPDYANKMIF-AJ47_BV13-1-CASSGTGGNTEVFF-BJ1-1,single,3,2.1373362520340575,2.0237045758744765
BL6-B10BR_HTxB,AV6-7/DV9-CALSVTGSGGKLTL-AJ44_BV19-CASSMGVNTLYF-BJ2-4,single,1,2.321928094887362,2.0588936890535683
BL6-B10BR_HTxB,AV6-7/DV9-CALTDTNAYKVIF-AJ30_BV29-CASSPGTGATEVFF-BJ1-1,single,1,1.9219280948873623,1.8365012677171204
BL6-B10BR_HTxB,AV6D-5-CALGDHMGYKLTF-AJ9_BV13-2-CASGDGLGDYEQYF-BJ2-7,single,1,2.4524957448541183,2.050015537707116
BL6-B10BR_HTxB,AV6D-5-CALGDLNYNQGKLIF-AJ23_BV1-CTCSADWGNYAEQFF-BJ2-1,single,1,1.9182958340544896,1.84799690655495
BL6-B10BR_HTxB,AV6D-5-CALGDSGYNKLTF-AJ11_BV31-CAWSPPGREQYF-BJ2-7,single,1,1.5016144718101816,1.1671099858352583
BL6-B10BR_HTxB,AV6D-5-CALGLPGTGSNRLTF-AJ28_BV13-2-CASGDPLGGYSYEQYF-BJ2-7,single,2,2.0019513110442917,1.5470469420207584
BL6-B10BR_HTxB,AV6D-5-CALGLPGTGSNRLTF-AJ28_BV26-CASSPGLNYAEQFF-BJ2-1,single,1,0.7195563653739032,0.359934417467107
BL6-B10BR_HTxB,AV6D-5-CALGLPGTGSNRLTF-AJ28_BV3-CASSLDRGQNTLYF-BJ2-4,single,1,0.8658566174572235,0.5438238059276697
BL6-B10BR_HTxB,AV6D-5-CALGSNNNAGAKL-AJ39_BV13-2-CASGDQGNSGNTLYF-BJ1-3,single,1,0.3323117488186807,0.1457826555445093
BL6-B10BR_HTxB,AV6D-5-CALGSNNNAGAKLTF-AJ39_BV1-CTCSAEQGAETLYF-BJ2-3,single,1,0.4689955935892812,0.2863041851566409
BL6-B10BR_HTxB,AV6D-5-CALGSNNNAGAKLTF-AJ39_BV13-2-CASGDGLGDYEQYF-BJ2-7,single,1,1.3395989580328518,0.7891032175013815
BL6-B10BR_HTxB,AV6D-5-CVLGPGSWQLIF-AJ22_BV1-CTCSAVKFSYEQYF-BJ2-7,single,2,1.4358203810934291,1.1963348431251948
BL6-B10BR_HTxB,AV6D-5-CVLGPYYNVLYF-AJ21_BV13-2-CASGARTGENYTEQFF-BJ2-1,single,1,2.6931962626138053,2.4250720926576492
BL6-B10BR_HTxB,AV6D-5-CVLGPYYNVLYF-AJ21_BV13-3-CASRPGQGNQAPLF-BJ1-5,single,1,2.420082463275135,2.306030468007154
BL6-B10BR_HTxB,AV6D-5-CVLGPYYNVLYF-AJ21_BV5-CASSHWGSAETLYF-BJ2-3,single,1,2.0464393446710156,1.8365012677171204
BL6-B10BR_HTxB,AV6D-5-CVLGVVGDNSKLIW-AJ38_BV5-CASSQVWDNYAEQFF-BJ2-1,single,1,2.7321588913645707,2.3953012812175816
BL6-B10BR_HTxB,AV6D-7-CALGATGNTGKLIF-AJ37_BV3-CASSLGREYEQYF-BJ2-7,single,2,2.4605395182759784,2.18264993607014
BL6-B10BR_HTxB,AV6D-7-CALGDAEGADRLTF-AJ45_BV19-CASSIGSSYEQYF-BJ2-7,single,2,2.449009552444557,1.953824639994654
BL6-B10BR_HTxB,AV6D-7-CALGDDSGHNKLTF-AJ11_BV1-CTCSADRGVYAEQFF-BJ2-1,single,1,1.6630372990318678,1.3155743940758677
BL6-B10BR_HTxB,AV6D-7-CALGDDSGYN-AJ11_BV2-CASSQDRRGDTQYF-BJ2-5,single,1,2.411602217974672,2.2715964193372176
BL6-B10BR_HTxB,AV6D-7-CALGDDSGYN-AJ11_BV3-CASSLGQISYEQYF-BJ2-7,single,1,1.8073549220576042,1.4052564784862585
BL6-B10BR_HTxB,AV6D-7-CALGDDSGYNKLTF-AJ11_BV1-CTCSAARINTEVFF-BJ1-1,single,1,1.1625336732554155,0.6864077642807022
BL6-B10BR_HTxB,AV6D-7-CALGDDSGYNKLTF-AJ11_BV1-CTCSADWGGSSYEQYF-BJ2-7,single,1,2.597067094075591,2.258533013598853
BL6-B10BR_HTxB,AV6D-7-CALGDDSGYNKLTF-AJ11_BV13-1-CASSDAAWGGAEQYF-BJ2-7,single,1,3.017451148538238,2.7284835307588162
BL6-B10BR_HTxB,AV6D-7-CALGDDSGYNKLTF-AJ11_BV17-CASSRGQGYTGQLYF-BJ2-2,single,1,1.6926248728225017,1.2359725096064964
BL6-B10BR_HTxB,AV6D-7-CALGDDSGYNKLTF-AJ11_BV2-CASSQDRRGDTQYF-BJ2-5,single,2,2.1440535090086175,1.7268758547824712
BL6-B10BR_HTxB,AV6D-7-CALGDDSGYNKLTF-AJ11_BV3-CASSLGQISNERLFF-BJ1-4,single,1,1.950964964703995,1.6940734999729843
BL6-B10BR_HTxB,AV6D-7-CALGDDSGYNKLTF-AJ11_BV3-CASSLGQISYEQYF-BJ2-7,single,43,0.8689246357999247,0.5169002869662964
BL6-B10BR_HTxB,AV6D-7-CALGDDSGYNKLTF-AJ11_BV3-CASSPGTGAFYEQYF-BJ2-7,single,2,1.010460068332927,0.7282183853499445
BL6-B10BR_HTxB,AV6D-7-CALGDDSGYNKLTF-AJ11_BV31-CAWSGLGGLEQYF-BJ2-7,single,1,1.0,1.0
BL6-B10BR_HTxB,AV6D-7-CALGDDSGYNQ-AJ11_BV13-2-CASGDQGNSGNTLYF-BJ1-3,single,1,0.45502065977946415,0.21745337152489802
BL6-B10BR_HTxB,AV6D-7-CALGDDSNNRLTL-AJ7_BV12-1-CASSLGALEQYF-BJ2-7,single,1,0.8344833492589233,0.3859229489017203
BL6-B10BR_HTxB,AV6D-7-CALGDDSNNRLTL-AJ7_BV3-CASSLGPGSYAEQFF-BJ2-1,single,1,0.0,0.0
BL6-B10BR_HTxB,AV6D-7-CALGDGSGGKLIL-AJ44_BV13-3-CASSDVRTSQNTLYF-BJ2-4,single,1,1.1400677626718572,0.7237145706683501
BL6-B10BR_HTxB,AV6D-7-CALGDGSGGKLTL-AJ44_BV1-CTCSADRGVYAEQFF-BJ2-1,single,1,0.23785057270121204,0.09381015486747431
BL6-B10BR_HTxB,AV6D-7-CALGDGSGGKLTL-AJ44_BV13-3-CASSDVRTSQNTLYF-BJ2-4,single,34,0.5901045936402335,0.32104555465367035
BL6-B10BR_HTxB,AV6D-7-CALGDGSGGKLTL-AJ44_BV2-CASSQDRRGDTQYF-BJ2-5,single,1,0.0,0.0
BL6-B10BR_HTxB,AV6D-7-CALGDGSGGKLTL-AJ44_BV3-CASSWGQISNERLFF-BJ1-4,single,1,0.5984702789115418,0.2549700433052793
BL6-B10BR_HTxB,AV6D-7-CALGDLNYNQGKLIF-AJ23_BV14-CASSPGTGGWAEQFF-BJ2-1,single,1,2.246439344671016,2.184424571137427
BL6-B10BR_HTxB,AV6D-7-CALGDNNNAPRF-AJ43_BV13-2-CASGARTGENYAEQFF-BJ2-1,single,1,0.9698024945677541,0.5695474483344686
BL6-B10BR_HTxB,AV6D-7-CALGDNNNAPRF-AJ43_BV17-CASSRGQGYTGQLYF-BJ2-2,single,1,2.6709505944546685,2.434402824145775
BL6-B10BR_HTxB,AV6D-7-CALGDNNNAPRF-AJ43_BV3-CASSRGQISNERLFF-BJ1-4,single,1,0.9917601481809735,0.7249929525001302
BL6-B10BR_HTxB,AV6D-7-CALGDPGYNKLTF-AJ11_BV1-CTCSGTGGYNSPLYF-BJ1-6,single,1,1.897317260669707,1.808719172788947
BL6-B10BR_HTxB,AV6D-7-CALGDPSGSWQLIF-AJ22_BV13-3-CASSDAGLSYNSPLYF-BJ1-6,single,1,0.28683890475094387,0.11893637841419057
BL6-B10BR_HTxB,AV6D-7-CALGDPSGSWQLIF-AJ22_BV19-CASSIVGGNYAEQFF-BJ2-1,single,1,2.655961827631013,2.2922826331388375
BL6-B10BR_HTxB,AV6D-7-CALGDPSGSWQLIF-AJ22_BV2-CASSQDRRGGEQYF-BJ2-7,single,1,2.569026625278701,2.0816137655536524
BL6-B10BR_HTxB,AV6D-7-CALGDPTGYQNFYF-AJ49_BV19-CASSIRGGGYEQYF-BJ2-7,single,1,2.721928094887362,2.6438561897747244
BL6-B10BR_HTxB,AV6D-7-CALGEDTGNYKYVF-AJ40_BV1-CTCSADWVSNERLFF-BJ1-4,single,1,1.780672129520887,1.362570079384708
BL6-B10BR_HTxB,AV6D-7-CALGEGNTGKLIF-AJ37_BV14-CASSLGGNQDTQYF-BJ2-5,single,1,2.5844984515601634,2.4675334171342618
BL6-B10BR_HTxB,AV6D-7-CALGEPNAYKVIF-AJ30_BV13-2-CASGDAWGANYAEQFF-BJ2-1,single,1,1.950212064914747,1.914270125974116
BL6-B10BR_HTxB,AV6D-7-CALGLASSSFSKLVF-AJ50_BV14-CASSPGLGAYEQYF-BJ2-7,single,1,1.6644977792004614,1.3667823306716225
BL6-B10BR_HTxB,AV6D-7-CALGLDSNYQLIW-AJ33_BV13-1-CASSGGVYAEQFF-BJ2-1,single,13,1.120776469892675,0.8064899535243722
BL6-B10BR_HTxB,AV6D-7-CALGLDSNYQLIW-AJ33_BV13-1-CASSGGVYAEQFS-BJ2-1,single,1,1.4886022351695134,1.0119726416660764
BL6-B10BR_HTxB,AV6D-7-CALGLDSNYQLIW-AJ33_BV13-1-CASSGGVYAERFF-BJ2-1,single,1,0.3095434291503252,0.15994091286969028
BL6-B10BR_HTxB,AV6D-7-CALGLDSNYQLIW-AJ33_BV13-2-CASGDRANSDYTF-BJ1-2,single,1,0.8501514254479945,0.4642414972796139
BL6-B10BR_HTxB,AV6D-7-CALGLDSNYQLVW-AJ33_BV12-1-CASSLGALEQYF-BJ2-7,single,1,0.8545625331606327,0.4477932972909328
BL6-B10BR_HTxB,AV6D-7-CALGPDYSNNRLTL-AJ7_BV31-CAWSLGYEQYF-BJ2-7,single,1,1.5566567074628228,1.527247002864869
BL6-B10BR_HTxB,AV6D-7-CALGVDYANKMIF-AJ47_BV17-CASSRRNEQYF-BJ2-7,single,1,0.530980922468767,0.27882329163792624
BL6-B10BR_HTxB,AV6D-7-CALGVNYNQGKLIF-AJ23_BV19-CASSRDNYEQYF-BJ2-7,single,1,2.3576004726263524,2.2147792372265727
BL6-B10BR_HTxB,AV6D-7-CALISGSFNKLTF-AJ4_BV14-CASSRDNNQAPLF-BJ1-5,single,1,0.0,0.0
BL6-B10BR_HTxB,AV6D-7-CALNTEGADRLTF-AJ45_BV3-CASSLGTGWYEQYF-BJ2-7,single,5,0.6715190960776445,0.3573186119749441
BL6-B10BR_HTxB,AV6D-7-CALNTEGADRLTF-AJ45_BV3-CASSQGQISNERLFF-BJ1-4,single,1,1.2994705707972523,1.0733932587486836
BL6-B10BR_HTxB,AV6D-7-CALRLNNAGAKLTC-AJ39_BV13-1-CASTGGVEQYF-BJ2-7,single,1,0.9182958340544896,0.84799690655495
BL6-B10BR_HTxB,AV6D-7-CALRPNNAGAKLTF-AJ39_BV13-1-CASSGGVQDTQYF-BJ2-5,single,1,0.8972685007309206,0.4266254735540559
BL6-B10BR_HTxB,AV6D-7-CALVDNTGNYKYVF-AJ40_BV19-CASSIVWGGQDTQYF-BJ2-5,single,1,2.446439344671015,2.321928094887362
BL6-B10BR_HTxB,AV6D-7-CALVPDYSNNRLTL-AJ7_BV2-CASSQDRRGGEQYF-BJ2-7,single,1,0.5032583347756457,0.3174821898561702
BL6-B10BR_HTxB,AV6D-7-CALVYSGGSNAKLTF-AJ42_BV14-CASSYRGEQYF-BJ2-7,single,2,0.5054999826363199,0.22919173996473646
BL6-B10BR_HTxB,AV6N-6-CALRASGSWQLIF-AJ22_BV16-CASSLGQGRDTQYF-BJ2-5,single,1,2.446439344671015,2.321928094887362
BL6-B10BR_HTxB,AV6N-6-CALRNSGGSNYKLTF-AJ53_BV13-2-CASGEIRGAETLYF-BJ2-3,single,1,2.6204486253690824,2.346107907382489
BL6-B10BR_HTxB,AV6N-6-CALRRDNTNTGKLTF-AJ27_BV13-3-CASTWGGAQNTLYF-BJ2-4,single,1,1.9056390622295665,1.8300749985576876
BL6-B10BR_HTxB,AV6N-6-CALSDRGSGGSNAKLTF-AJ42_BV13-1-CASSDARVGEQYF-BJ2-7,single,1,0.9864267287308425,0.6674246609131291
BL6-B10BR_HTxB,AV6N-6-CALSDRGSGGSNAKLTF-AJ42_BV13-1-CASSDWGDYEQYF-BJ2-7,single,10,1.5361306514736452,1.2923119423494345
BL6-B10BR_HTxB,AV6N-6-CALSDRGSGGSNAKLTF-AJ42_BV13-2-CASGDAGVNQDTQYF-BJ2-5,single,1,0.16866093149667025,0.07210354627117936
BL6-B10BR_HTxB,AV6N-6-CALSDRGSGGSNAKPT-AJ42_BV13-1-CASSDWGDYEQYF-BJ2-7,single,1,1.2220334913046595,0.7213993367767383
BL6-B10BR_HTxB,AV6N-6-CALSEDYSNNRLTL-AJ7_BV30-CSSRQGALEQYF-BJ2-7,single,1,1.7969371097526867,1.3370349872775706
BL6-B10BR_HTxB,AV6N-6-CALSENNAGAKLTF-AJ39_BV16-CASSLDWGGEQYF-BJ2-7,single,1,0.7732283485249176,0.45836493094294434
BL6-B10BR_HTxB,AV6N-6-CALSENSGTYQRF-AJ13_BV31-CAWSLETGATEVFF-BJ1-1,single,1,2.2096909728231857,1.7251401587694164
BL6-B10BR_HTxB,AV6N-6-CALSESGSFNKLTF-AJ4_BV31-CAWSLGASQNTLYF-BJ2-4,single,1,1.75,1.5405683813627027
BL6-B10BR_HTxB,AV6N-6-CALSGANTGKLTF-AJ52_BV1-CTCGAALGGWEQYF-BJ2-7,single,1,0.0,0.0
BL6-B10BR_HTxB,AV6N-6-CALSGANTGKLTF-AJ52_BV1-CTCSANRVDTLYF-BJ2-4,single,24,0.8837360011207368,0.538755552937313
BL6-B10BR_HTxB,AV6N-6-CALSMSNYNVLYF-AJ21_BV1-CTCSAVRISNERLFF-BJ1-4,single,1,1.0,1.0
BL6-B10BR_HTxB,AV7-1-CAATSSGQKL-AJ16_BV13-3-CASSDVRTSQNTLYF-BJ2-4,single,1,1.4591479170272448,1.3625700793847082
BL6-B10BR_HTxB,AV7-1-CAATSSGQKLVF-AJ16_BV13-1-CANSDVGGRGTGQLYF-BJ2-2,single,1,1.3520301017579528,0.9579359404334561
BL6-B10BR_HTxB,AV7-1-CAATSSGQKLVF-AJ16_BV13-1-CASSDVGGRGTGQLYF-BJ2-2,single,20,0.6240085916017286,0.3574932210790127
BL6-B10BR_HTxB,AV7-1-CAATSSGQKLVF-AJ16_BV13-2-CASGDASDTQYF-BJ2-5,single,1,0.4824105725474741,0.18493698280713283
BL6-B10BR_HTxB,AV7-1-CAATSSGQKLVF-AJ16_BV13-2-CASGDGLGDYEQYF-BJ2-7,single,1,0.173781322679433,0.07491014852198553
BL6-B10BR_HTxB,AV7-1-CAVSMGTGYQNFYF-AJ49_BV19-CASSLRDTEVFF-BJ1-1,single,1,2.0,2.0
BL6-B10BR_HTxB,AV7-1-CAVSMTNTNKVVF-AJ34_BV13-1-CASSDARVGEQYF-BJ2-7,single,1,0.9472982541720256,0.465452553535882
BL6-B10BR_HTxB,AV7-1-CAVSMTNTNKVVF-AJ34_BV13-3-CASSDVYEQYF-BJ2-7,single,2,1.4001817451813707,0.9545131699762548
BL6-B10BR_HTxB,AV7-1-CAVSTGYQNFYF-AJ49_BV13-1-CASSDAGYEQYF-BJ2-7,single,1,1.0379870687018353,0.6437733928484837
BL6-B10BR_HTxB,AV7-2-CAAASSGSWQLIF-AJ22_BV13-1-CASSDAGYEQYF-BJ2-7,single,7,0.5660205801605808,0.2901790975327271
BL6-B10BR_HTxB,AV7-2-CAAGSATSSGQKL-AJ16_BV13-2-CASGARTGENYAEQFF-BJ2-1,single,1,2.1140054628542204,1.442004546879113
BL6-B10BR_HTxB,AV7-2-CAAINTNTGK-AJ27_BV1-CTCSAATDTEVFF-BJ1-1,single,1,1.6282202760321465,1.1829720716028158
BL6-B10BR_HTxB,AV7-2-CAAINTNTGKLTF-AJ27_BV13-2-CASGAGGQNTLYF-BJ2-4,single,1,0.0,0.0
BL6-B10BR_HTxB,AV7-2-CAAINTNTGKLTF-AJ27_BV13-2-CASGDQGNSGNTLYF-BJ1-3,single,1,0.6840384356390417,0.5094723011368926
BL6-B10BR_HTxB,AV7-2-CAAITGSGGKLTL-AJ44_BV13-2-CASGDQGNSGNTLYF-BJ1-3,single,1,0.31790121541508787,0.13571004807424672
BL6-B10BR_HTxB,AV7-2-CAAITGSGGKLTL-AJ44_BV20-CGARDWGGYEQYF-BJ2-7,single,1,2.1305767580116615,1.5121599661769487
BL6-B10BR_HTxB,AV7-2-CAALSSGSWQLIF-AJ22_BV13-2-CASGVQGSAETLYF-BJ2-3,single,1,2.1884930703645584,1.7563309190331373
BL6-B10BR_HTxB,AV7-2-CAAMNYNQGKLIF-AJ23_BV13-2-CASGDGLGDYEQYF-BJ2-7,single,1,1.3012407854814618,0.9837349456372161
BL6-B10BR_HTxB,AV7-2-CAAMNYNQGKLIF-AJ23_BV4-CASSWDWGGEQYF-BJ2-7,single,1,0.0,0.0
BL6-B10BR_HTxB,AV7-2-CAAMSNHNVLYF-AJ21_BV1-CTCSAVRISNERLFF-BJ1-4,single,1,0.6500224216483541,0.46948528330122
BL6-B10BR_HTxB,AV7-2-CAAMSNYNVLY-AJ21_BV3-CASSLGQISNERLFF-BJ1-4,single,1,0.6099131050820437,0.23603417204123273
BL6-B10BR_HTxB,AV7-2-CAAMSNYNVLYF-AJ21_BV13-1-CASSDWGDYEQYF-BJ2-7,single,1,0.5916727785823275,0.4052564784862585
BL6-B10BR_HTxB,AV7-2-CAAMSNYNVLYF-AJ21_BV19-CASSIGRTGREVFF-BJ1-1,single,1,1.319035274338866,0.9296106721086023
BL6-B10BR_HTxB,AV7-2-CAAMSNYNVLYF-AJ21_BV2-CASSQDRRGDTQYF-BJ2-5,single,1,1.7924812503605778,1.584962500721156
BL6-B10BR_HTxB,AV7-2-CAAMSNYNVLYF-AJ21_BV20-CGARDWGGYEQYF-BJ2-7,single,1,2.2998963911678914,2.0608822421470223
BL6-B10BR_HTxB,AV7-2-CAAMSNYNVLYF-AJ21_BV3-CASSLGTGYEQYF-BJ2-7,single,1,1.2534735318351287,0.6515996937514469
BL6-B10BR_HTxB,AV7-2-CAAMSNYNVLYF-AJ21_BV31-CAWKTGGLNYAEQFF-BJ2-1,single,17,0.8353483036644792,0.42096958872011814
BL6-B10BR_HTxB,AV7-2-CAANNVGDNSKLIW-AJ38_BV26-CASSLGWGSAETLYF-BJ2-3,single,1,2.277964543372467,2.0358966566907717
BL6-B10BR_HTxB,AV7-2-CAANSGGSNAKLTF-AJ42_BV13-1-CASSGGNYAEQFF-BJ2-1,single,2,0.5921171413362505,0.24144330971974515
BL6-B10BR_HTxB,AV7-2-CAANSGGSNAKLTF-AJ42_BV13-1-CASSLGQISNERLFF-BJ1-4,single,1,2.0236029878712305,1.6929928444113775
BL6-B10BR_HTxB,AV7-2-CAANSGGSNAKLTF-AJ42_BV29-CASRTRRSSPLYF-BJ1-6,single,1,0.43581155271430194,0.17334859711114387
BL6-B10BR_HTxB,AV7-2-CAAPDTDAYKVIF-AJ30_BV19-CASSIGRTGREVFF-BJ1-1,single,1,1.0,1.0
BL6-B10BR_HTxB,AV7-2-CAAPDTNAYKSHL-AJ30_BV1-CTCSAVRVSAETLYF-BJ2-3,single,1,0.39333982956156555,0.12836225139849916
BL6-B10BR_HTxB,AV7-2-CAAPDTNAYKVI-AJ30_BV5-CASSQEYWGNTGQLYF-BJ2-2,single,1,0.345117314944953,0.18558508960420406
BL6-B10BR_HTxB,AV7-2-CAAPDTNAYKVIF-AJ30_BV13-1-CASSAQLNTGQLYF-BJ2-2,single,1,0.45277519954794243,0.16453389120513248
BL6-B10BR_HTxB,AV7-2-CAAPDTNAYKVIF-AJ30_BV13-2-CASGARTGENYAEQFF-BJ2-1,single,1,0.2701895287923094,0.09901483309330693
BL6-B10BR_HTxB,AV7-2-CAAPDTNAYKVIF-AJ30_BV13-2-CASGDGDKYEQYF-BJ2-7,single,1,1.3709505944546687,1.1844245711374275
BL6-B10BR_HTxB,AV7-2-CAAPDTNAYKVIF-AJ30_BV4-CASSWTGRAEQFF-BJ2-1,single,19,0.3904364413112593,0.15603841027521184
BL6-B10BR_HTxB,AV7-2-CAARGSNAK-AJ42_BV1-CTCSADRGVYAEQFF-BJ2-1,single,1,0.8743095546405661,0.48358135836613175
BL6-B10BR_HTxB,AV7-2-CAARGSNAK-AJ42_BV13-2-CASGDNYEQYF-BJ2-7,single,1,1.4963921134748062,0.8529975876133163
BL6-B10BR_HTxB,AV7-2-CAARGSNAK-AJ42_BV2-CASSQDRRGDTQYF-BJ2-5,single,1,2.719294525666979,2.6459919341187152
BL6-B10BR_HTxB,AV7-2-CAARGSNAKLTF-AJ42_BV1-CTCSADRGVYAEQFF-BJ2-1,single,1,2.197159723424149,2.091922489441039
BL6-B10BR_HTxB,AV7-2-CAARGSNAKLTF-AJ42_BV1-CTCSALGGDTLYF-BJ2-4,single,1,1.949137865273585,1.4818690077570524
BL6-B10BR_HTxB,AV7-2-CAARGSNAKLTF-AJ42_BV1-CTCSAVRISNERLFF-BJ1-4,single,2,1.1358564057163125,0.7738637628054845
BL6-B10BR_HTxB,AV7-2-CAARGSNAKLTF-AJ42_BV13-1-CASSGGSDYTF-BJ1-2,single,1,0.7971066708863374,0.38014012591513313
BL6-B10BR_HTxB,AV7-2-CAARGSNAKLTF-AJ42_BV13-2-CASGARTGENYAEQFF-BJ2-1,single,1,1.207518749639422,0.777607578663552
BL6-B10BR_HTxB,AV7-2-CAARGSNAKLTF-AJ42_BV13-2-CASGDAAGGNERLFF-BJ1-4,single,1,1.0934255569822822,0.5632674296218368
BL6-B10BR_HTxB,AV7-2-CAARGSNAKLTF-AJ42_BV17-CASSNWGAEQFF-BJ2-1,single,49,1.1237245683964363,0.7939117082956749
BL6-B10BR_HTxB,AV7-2-CAARGSNAKLTF-AJ42_BV17-CASSNWGNTQYF-BJ2-5,single,2,1.0185434854639015,0.6171120908468976
BL6-B10BR_HTxB,AV7-2-CAARGSNAKLTF-AJ42_BV17-CTSSNWGAEQFF-BJ2-1,single,1,0.7219280948873623,0.5563933485243849
BL6-B10BR_HTxB,AV7-2-CAARGSNAKLTF-AJ42_BV19-CASSIGRTGNTLYF-BJ1-3,single,1,2.502598068247261,2.2290684861922694
BL6-B10BR_HTxB,AV7-2-CAARGSNAKLTF-AJ42_BV19-CASSSSGTTNQAPLF-BJ1-5,single,1,0.2810614892699257,0.1011933397556639
BL6-B10BR_HTxB,AV7-2-CAARGSNAKLTF-AJ42_BV20-CGARPGGNEQYF-BJ2-7,single,1,0.9182958340544896,0.84799690655495
BL6-B10BR_HTxB,AV7-2-CAARGSNAKLTF-AJ42_BV26-CASSRGSYNSPLYF-BJ1-6,single,1,0.30137596114961074,0.12848373449336664
BL6-B10BR_HTxB,AV7-2-CAARGSNAKLTF-AJ42_BV29-CASSWGGNNQAPLF-BJ1-5,single,1,1.0,1.0
BL6-B10BR_HTxB,AV7-2-CAARGSNAKLTL-AJ42_BV4-CASSSGQNQAPLF-BJ1-5,single,1,1.1451104143815827,0.7143789090989656
BL6-B10BR_HTxB,AV7-2-CAARGSNAKLTY-AJ42_BV2-CASSQDRRGDTQYF-BJ2-5,single,1,2.0274893113295236,1.835075679616054
BL6-B10BR_HTxB,AV7-2-CAARGSNAKR-AJ42_BV2-CASSQDRRGDTQYF-BJ2-5,single,1,2.3685225277282065,2.163975735111126
BL6-B10BR_HTxB,AV7-2-CAARGSNTKLTF-AJ42_BV17-CASSNWGAEQFF-BJ2-1,single,1,0.46816664055233254,0.22595375378150526
BL6-B10BR_HTxB,AV7-2-CAARVANSGTYQRF-AJ13_BV13-1-CASSETNTGQLYF-BJ2-2,single,1,2.205109900073869,1.8350756796160543
BL6-B10BR_HTxB,AV7-2-CAASAGNYKYVF-AJ40_BV13-2-CASGDSYEQYF-BJ2-7,single,1,0.24988229283318544,0.12007645199175057
BL6-B10BR_HTxB,AV7-2-CAASAGNYKYVF-AJ40_BV3-CASSLDWGGAYEQYF-BJ2-7,single,1,0.5435644431995964,0.3561438102252753
BL6-B10BR_HTxB,AV7-2-CAASAGNYKYVF-AJ40_BV4-CASSSGQNQAPLF-BJ1-5,single,1,0.8435159173351182,0.42523013449963387
BL6-B10BR_HTxB,AV7-2-CAASDTGYQNFYF-AJ49_BV19-CASSIWGVEQYF-BJ2-7,single,1,1.5,1.415037499278844
BL6-B10BR_HTxB,AV7-2-CAASDTNTGKLTF-AJ27_BV1-CTCSADRGVYAEQFF-BJ2-1,single,1,1.2516291673878228,1.0
BL6-B10BR_HTxB,AV7-2-CAASGGSALGRLHF-AJ18_BV13-1-CASSDSSYEQYF-BJ2-7,single,1,1.584962500721156,1.5849625007211563
BL6-B10BR_HTxB,AV7-2-CAASIGDSNYQLIW-AJ33_BV19-CASSIGRASAETLYF-BJ2-3,single,1,2.6535442970305683,2.2715964193372176
BL6-B10BR_HTxB,AV7-2-CAASINNRIFF-AJ31_BV3-CARSSWTGYEQYF-BJ2-7,single,1,0.49205769681650124,0.21860430500507658
BL6-B10BR_HTxB,AV7-2-CAASINNRIFF-AJ31_BV31-CAWSLGCAEQFF-BJ2-1,single,1,0.6653858811120062,0.33111015332046545
BL6-B10BR_HTxB,AV7-2-CAASINNRIFF-AJ31_BV31-CAWSLGYAEQFF-BJ2-1,single,3,0.49903461313520947,0.25050959316645743
BL6-B10BR_HTxB,AV7-2-CAASIRGASSSFSKLVF-AJ50_BV4-CASSPGQYTEVFF-BJ1-1,single,1,1.2419460322060458,0.9936022288018493
BL6-B10BR_HTxB,AV7-2-CAASISNYNVLYF-AJ21_BV13-2-CASGDADSSYEQYF-BJ2-7,single,1,1.0,1.0
BL6-B10BR_HTxB,AV7-2-CAASKDSAGNKLT-AJ17_BV5-CASSQDRSQNTLYF-BJ2-4,single,1,0.9892100846279925,0.6314073596443713
BL6-B10BR_HTxB,AV7-2-CAASKDSAGNKLTF-AJ17_BV3-CASSPGRYAEQFF-BJ2-1,single,1,1.6577427265048887,1.3856536924977494
BL6-B10BR_HTxB,AV7-2-CAASKGGRALIF-AJ15_BV1-CTCSAGTQNTGQLYF-BJ2-2,single,1,1.3663146570363986,1.2186402864753405
BL6-B10BR_HTxB,AV7-2-CAASKGGRALIF-AJ15_BV1-CTCSASGGTLYF-BJ2-4,single,1,2.224601752714581,1.9125371587496607
BL6-B10BR_HTxB,AV7-2-CAASKGGRALIF-AJ15_BV12-2-CASSSGQGGISDYTF-BJ1-2,single,8,1.4616665164649683,1.055383861197992
BL6-B10BR_HTxB,AV7-2-CAASKGGRALIF-AJ15_BV13-1-CASSDRGQYEQYF-BJ2-7,single,1,1.0,1.0
BL6-B10BR_HTxB,AV7-2-CAASKGGRALIF-AJ15_BV13-2-CASGGTYEQYF-BJ2-7,single,1,1.5355505277442498,1.0
BL6-B10BR_HTxB,AV7-2-CAASKGGRALIF-AJ15_BV3-CASSLGTGYEQYF-BJ2-7,single,1,0.526518659848236,0.18460184475505803
BL6-B10BR_HTxB,AV7-2-CAASLPSNTNKVVF-AJ34_BV5-CASSQGNYAEQFF-BJ2-1,single,1,2.663532754804255,2.5265458144958344
BL6-B10BR_HTxB,AV7-2-CAASLTSGSWQLIF-AJ22_BV13-1-CASSDAGYEQYF-BJ2-7,single,1,0.7726758745948186,0.41332306646759215
BL6-B10BR_HTxB,AV7-2-CAASMDYANKMIF-AJ47_BV29-CASSSGQGAREQYF-BJ2-7,single,1,2.656564762130954,2.5283789723547883
BL6-B10BR_HTxB,AV7-2-CAASMGGSFNKLTF-AJ4_BV13-2-CASGDRLGGNTLYF-BJ2-4,single,1,1.3699740752745009,0.84799690655495
BL6-B10BR_HTxB,AV7-2-CAASMGGSFNKLTF-AJ4_BV14-CASSPGLGGRGQDTQYF-BJ2-5,single,4,1.3483563417120963,1.0062322596985127
BL6-B10BR_HTxB,AV7-2-CAASMSNYNVLYF-AJ21_BV1-CTCSATGDGNTLYF-BJ1-3,single,1,1.9609640474436814,1.6438561897747244
BL6-B10BR_HTxB,AV7-2-CAASMTGGYKVVF-AJ12_BV13-2-CASGDVQGATEVFF-BJ1-1,single,3,1.8291722984892467,1.598975574113558
BL6-B10BR_HTxB,AV7-2-CAASMWGSALGRLHF-AJ18_BV13-1-CASRGDRDEQYF-BJ2-7,single,1,2.189238255803027,1.9391447946131455
BL6-B10BR_HTxB,AV7-2-CAASNMGYKL-AJ9_BV17-CASSRGQGYTGQLYF-BJ2-2,single,1,1.570750724699021,1.1764178412340374
BL6-B10BR_HTxB,AV7-2-CAASNMGYKLTF-AJ9_BV1-CTCSADGGARAETLYF-BJ2-3,single,1,3.2765229558239937,3.165936899273424
BL6-B10BR_HTxB,AV7-2-CAASNMGYKLTF-AJ9_BV13-1-CASSADWGDAEQFF-BJ2-1,single,1,0.6402064333604701,0.34837719520976373
BL6-B10BR_HTxB,AV7-2-CAASNMGYKLTF-AJ9_BV13-2-CASGEGQVEQYF-BJ2-7,single,1,1.1346452821366826,0.945905307859083
BL6-B10BR_HTxB,AV7-2-CAASNMGYKLTF-AJ9_BV20-CGARLGGDTQYF-BJ2-5,single,7,1.4257421981638518,1.151054390028698
BL6-B10BR_HTxB,AV7-2-CAASNMGYKLTF-AJ9_BV4-CASSTRDSSYEQYF-BJ2-7,single,1,1.617189572592715,1.3642743855969575
BL6-B10BR_HTxB,AV7-2-CAASNQGKLIF-AJ23_BV13-2-CASGDASDRGYEQYF-BJ2-7,single,1,3.265083927579667,3.1035531541613963
BL6-B10BR_HTxB,AV7-2-CAASPITGNTGKLIF-AJ37_BV13-1-CASTGGNYAEQFF-BJ2-1,single,1,1.4056390622295665,1.2995602818589078
BL6-B10BR_HTxB,AV7-2-CAASRDMGYKLTF-AJ9_BV29-CASSLSAGGGSEVFF-BJ1-1,single,1,1.0,1.0
BL6-B10BR_HTxB,AV7-2-CAASRTQVVGQLTF-AJ5_BV29-CASSPGLGGNAEQFF-BJ2-1,single,1,2.506144066853198,2.126423362805726
BL6-B10BR_HTxB,AV7-2-CAASRTQVVGQLTF-AJ5_BV4-CASSWDWGNEQYF-BJ2-7,single,1,0.5202770297724756,0.21782364093839252
BL6-B10BR_HTxB,AV7-2-CAASSATSSGQKLVF-AJ16_BV1-CTCSATDYTEVFF-BJ1-1,single,1,0.0,0.0
BL6-B10BR_HTxB,AV7-2-CAASSNMGYKLTF-AJ9_BV13-2-CASRGAETLYF-BJ2-3,single,1,0.7219280948873623,0.5563933485243849
BL6-B10BR_HTxB,AV7-2-CAASSSNYNVLY-AJ21_BV1-CTCSAGTQNTGQLYF-BJ2-2,single,1,1.1488348542809166,0.8598223419517396
BL6-B10BR_HTxB,AV7-2-CAASSSNYNVLYF-AJ21_BV1-CTCSAGQGWAPLF-BJ1-5,single,2,1.062799305582656,0.9445633912574023
BL6-B10BR_HTxB,AV7-2-CAASSSNYNVLYF-AJ21_BV3-CASSPGQISNERLFF-BJ1-4,single,1,3.3303317946128503,3.1264388085083423
BL6-B10BR_HTxB,AV7-2-CAASTGGYKVVF-AJ12_BV5-CASSQGQGHSPLYF-BJ1-6,single,1,1.9182958340544893,1.84799690655495
BL6-B10BR_HTxB,AV7-2-CAASTNAYKVIF-AJ30_BV19-CASRGFAEQFF-BJ2-1,single,1,1.259832149366224,0.6334283264255776
BL6-B10BR_HTxB,AV7-2-CAASWTGGYKVVF-AJ12_BV19-CASSIGTDSPLYF-BJ1-6,single,1,1.0957952550009336,0.8103387804964255
BL6-B10BR_HTxB,AV7-2-CAATGKTGKLIF-AJ37_BV13-1-CASSDARVGEQYF-BJ2-7,single,1,0.2648320556168391,0.09195897497363321
BL6-B10BR_HTxB,AV7-2-CAATGNTGK-AJ37_BV20-CGARDWGGYEQYF-BJ2-7,single,1,0.6699250014423125,0.33142138081404426
BL6-B10BR_HTxB,AV7-2-CAATGNTGK-AJ37_BV31-CAWSLGNYAEQFF-BJ2-1,single,1,0.375657128854188,0.15181250026941256
BL6-B10BR_HTxB,AV7-2-CAATGNTGKLIF-AJ37_BV1-CTCSAATDTEVFF-BJ1-1,single,1,0.16144054254182066,0.05799228631203642
BL6-B10BR_HTxB,AV7-2-CAATGNTGKLIF-AJ37_BV1-CTCSADWGNYAERFF-BJ2-1,single,1,0.5758606232851498,0.26960705975728017
BL6-B10BR_HTxB,AV7-2-CAATGNTGKLIF-AJ37_BV1-CTCSANRVDTLYF-BJ2-4,single,1,0.3476239990765105,0.13942676278283722
BL6-B10BR_HTxB,AV7-2-CAATGNTGKLIF-AJ37_BV1-CTCSAVRVDEQYF-BJ2-7,single,1,0.30492909574814236,0.10938906957788991
BL6-B10BR_HTxB,AV7-2-CAATGNTGKLIF-AJ37_BV13-1-CASSDARVGEQYF-BJ2-7,single,43,0.5422844282800481,0.26849375322154817
BL6-B10BR_HTxB,AV7-2-CAATGNTGKLIF-AJ37_BV13-1-CASSDQGTEVFF-BJ1-1,single,1,1.013436518710757,0.6174955083150923
BL6-B10BR_HTxB,AV7-2-CAATGNTGKLIF-AJ37_BV13-2-CASGDAGGEVFF-BJ1-1,single,1,0.4399521953264849,0.17545610741554135
BL6-B10BR_HTxB,AV7-2-CAATGNTGKLIF-AJ37_BV13-2-CASGDITEVFF-BJ1-1,single,1,0.254385027430421,0.10210706850196995
BL6-B10BR_HTxB,AV7-2-CAATGNTGKLIF-AJ37_BV13-2-CASGDQGNSGNTLYF-BJ1-3,single,1,0.8876935075639278,0.6340365671212144
BL6-B10BR_HTxB,AV7-2-CAATGNTGKLIF-AJ37_BV13-2-CASGDRDSSYEQYF-BJ2-7,single,1,1.8267893530537789,1.1131702231450786
BL6-B10BR_HTxB,AV7-2-CAATGNTGKLIF-AJ37_BV13-3-CASRDRYEQYF-BJ2-7,single,1,0.6213151687396952,0.2714048108196745
BL6-B10BR_HTxB,AV7-2-CAATGNTGKLIF-AJ37_BV13-3-CASSDAADNQNTLYF-BJ2-4,single,1,2.9981864313138504,2.8365012677171206
BL6-B10BR_HTxB,AV7-2-CAATGNTGKLIF-AJ37_BV2-CASSQDRRGDTQYF-BJ2-5,single,1,0.2550811104733483,0.1038358109845399
BL6-B10BR_HTxB,AV7-2-CAATGNTGKLIF-AJ37_BV26-CASSQVTKNSDYTF-BJ1-2,single,1,0.7062740891876007,0.5366932916279039
BL6-B10BR_HTxB,AV7-2-CAATNVGDNSKLIW-AJ38_BV13-2-CASGDQGNSGNTLYF-BJ1-3,single,1,2.058813890331201,1.816288046827612
BL6-B10BR_HTxB,AV7-2-CAATSNNNNAPRF-AJ43_BV5-CASSQELGNYEQYF-BJ2-7,single,1,1.2516291673878228,1.0
BL6-B10BR_HTxB,AV7-2-CAATSSSQKLVF-AJ16_BV13-1-CASSDVGGRGTGQLYF-BJ2-2,single,1,0.49488962042262075,0.20689485194112212
BL6-B10BR_HTxB,AV7-2-CAESPASSGSWQPIF-AJ22_BV1-CTCSAVRISNERLFF-BJ1-4,single,1,0.9664516287472262,0.6505191309321671
BL6-B10BR_HTxB,AV7-2-CAVSNTGNYKYVF-AJ40_BV13-3-CASSDPGEDQAPLF-BJ1-5,single,1,1.0086232677764628,0.8171359428501895
BL6-B10BR_HTxB,AV7-2-CTANSGGSNAKLTF-AJ42_BV13-1-CASSGGNYAEQFF-BJ2-1,single,1,0.22194073285321086,0.0871202418601958
BL6-B10BR_HTxB,AV7-3-CAASSGSWQLIF-AJ22_BV1-CTCSAEQGAETLYF-BJ2-3,single,2,1.0808755011098072,0.6642625818702891
BL6-B10BR_HTxB,AV7-3-CAATGNTGKLIF-AJ37_BV13-1-CASSGTYNQDTQYF-BJ2-5,single,1,0.7578534921839994,0.3547467200854915
BL6-B10BR_HTxB,AV7-3-CADDSGYNKLTF-AJ11_BV13-2-CASGDAGDSNERLFF-BJ1-4,single,1,1.9609640474436814,1.6438561897747246
BL6-B10BR_HTxB,AV7-3-CAGTGNYKYVF-AJ40_BV13-2-CASGARTGENYAEQFF-BJ2-1,single,1,0.0,0.0
BL6-B10BR_HTxB,AV7-3-CAGTGNYKYVF-AJ40_BV13-2-CASGDAQGANERLFF-BJ1-4,single,1,0.48517864361944774,0.19078473591686834
BL6-B10BR_HTxB,AV7-3-CAGTGNYKYVF-AJ40_BV13-2-CASGDNYEQYF-BJ2-7,single,1,1.066578397878978,0.5017491324721748
BL6-B10BR_HTxB,AV7-3-CAGTGNYKYVF-AJ40_BV17-CASSNWGAEQFF-BJ2-1,single,1,1.0975378398419535,0.68163852013283
BL6-B10BR_HTxB,AV7-3-CAGTGNYKYVF-AJ40_BV17-CASSPGTANTGQLYF-BJ2-2,single,1,2.1895415173391393,2.0664012257225095
BL6-B10BR_HTxB,AV7-3-CAGTGNYKYVF-AJ40_BV4-CASSWGGYAEQFF-BJ2-1,single,1,1.9862949406953985,1.2652903797741617
BL6-B10BR_HTxB,AV7-3-CANTGNYKYVF-AJ40_BV13-1-CASSDASGVNERLFF-BJ1-4,single,1,1.495800144570379,0.8707169830550339
BL6-B10BR_HTxB,AV7-3-CANTGNYKYVF-AJ40_BV14-CASTDRGEQYF-BJ2-7,single,1,0.583584486987073,0.27020606123604857
BL6-B10BR_HTxB,AV7-3-CAPNSGYNKLTF-AJ11_BV3-CASSSGLGEDTQYF-BJ2-5,single,1,1.2577148214953864,0.7402974548639537
BL6-B10BR_HTxB,AV7-3-CASQGGRALIF-AJ15_BV13-1-CASSDGLGQNTLYF-BJ2-4,single,1,0.9709505944546686,0.9434164716336325
BL6-B10BR_HTxB,AV7-3-CASQGGRALIF-AJ15_BV19-CASSIRGYAEQFF-BJ2-1,single,1,3.231286772251354,3.15200309344505
BL6-B10BR_HTxB,AV7-3-CAVGQGGRALIF-AJ15_BV20-CGASRLGGQDTQYF-BJ2-5,single,1,1.3709505944546687,1.1844245711374273
BL6-B10BR_HTxB,AV7-3-CAVKSSGSWQLIF-AJ22_BV1-CTCSAVRVDEQYF-BJ2-7,single,1,1.4514415206106652,1.0824621601919728
BL6-B10BR_HTxB,AV7-3-CAVMGGRALIF-AJ15_BV1-CTCSAVRVDEQYF-BJ2-7,single,1,0.6500224216483541,0.46948528330122
BL6-B10BR_HTxB,AV7-3-CAVMGGRALIF-AJ15_BV13-1-CASSADWGDAEQFF-BJ2-1,single,13,1.1138335227847123,0.7807615525286257
BL6-B10BR_HTxB,AV7-3-CAVMGGRALIF-AJ15_BV13-2-CASGDQGNSGNTLYF-BJ1-3,single,1,1.7004397181410922,1.2511323167775024
BL6-B10BR_HTxB,AV7-3-CAVMGGRALIF-AJ15_BV13-2-CASGQGANSDYTF-BJ1-2,single,1,0.45118403318331257,0.1922555288537895
BL6-B10BR_HTxB,AV7-3-CAVMGGRALIF-AJ15_BV13-3-CASSDKYEQYF-BJ2-7,single,1,1.0,1.0
BL6-B10BR_HTxB,AV7-3-CAVPSSGSWQLIF-AJ22_BV13-1-CASSLQDTQYF-BJ2-5,single,1,1.3787834934861753,1.222392421336448
BL6-B10BR_HTxB,AV7-3-CAVRDYGSSGNKLIF-AJ32_BV13-1-CASSDLGGREQFF-BJ2-1,single,1,1.78324743853251,1.4624320253497207
BL6-B10BR_HTxB,AV7-3-CAVSDNTGKL-AJ27_BV13-3-CASSDGGETLYF-BJ2-3,single,1,3.13342295870971,2.8927667766749727
BL6-B10BR_HTxB,AV7-3-CAVSDNTGKLTF-AJ27_BV1-CTCSAVRISNERLFF-BJ1-4,single,31,1.2270431842914962,0.9222301323615214
BL6-B10BR_HTxB,AV7-3-CAVSDNTGKLTF-AJ27_BV13-1-CASSDARVGEQYF-BJ2-7,single,1,0.19143325481419343,0.08481326283639026
BL6-B10BR_HTxB,AV7-3-CAVSDNTGKLTF-AJ27_BV13-1-CASSGGSDYTF-BJ1-2,single,1,0.8975846798245739,0.45650411657422846
BL6-B10BR_HTxB,AV7-3-CAVSDNTGKLTF-AJ27_BV13-1-CASSGTANTEVFF-BJ1-1,single,1,0.7219280948873623,0.5563933485243849
BL6-B10BR_HTxB,AV7-3-CAVSDNTGKLTF-AJ27_BV13-2-CASGDGLGDYEQYF-BJ2-7,single,1,0.7219280948873623,0.5563933485243849
BL6-B10BR_HTxB,AV7-3-CAVSDNTGKLTF-AJ27_BV13-3-CASSDPGEDQAPLF-BJ1-5,single,1,1.5140006741138916,1.1783013573390266
BL6-B10BR_HTxB,AV7-3-CAVSDNTGKLTF-AJ27_BV14-CASSDRYEQYF-BJ2-7,single,2,1.4603994859853233,1.2313454278486788
BL6-B10BR_HTxB,AV7-3-CAVSDNTGKLTF-AJ27_BV19-CASSIGRTGNTLYF-BJ1-3,single,1,1.0,1.0
BL6-B10BR_HTxB,AV7-3-CAVSDNTGKLTF-AJ27_BV19-CASSRDWGAEQFF-BJ2-1,single,1,0.0,0.0
BL6-B10BR_HTxB,AV7-3-CAVSDNTGKLTF-AJ27_BV3-CASSSGTGYEQYF-BJ2-7,single,1,2.8639203484838647,2.770380468050324
BL6-B10BR_HTxB,AV7-3-CAVSDNTGKLTI-AJ27_BV1-CTCSAVRISNERLFF-BJ1-4,single,1,0.4488644887230294,0.2686809689749359
BL6-B10BR_HTxB,AV7-3-CAVSIGNMGYKLTF-AJ9_BV2-CASSQDRRGDTQYF-BJ2-5,single,1,1.867633890971212,1.492598482572497
BL6-B10BR_HTxB,AV7-3-CAVSIGNMGYKLTF-AJ9_BV3-CASSLGQISYEQYF-BJ2-7,single,1,0.0,0.0
BL6-B10BR_HTxB,AV7-3-CAVSIGSMGYKLTF-AJ9_BV2-CASSQDRRVDTQYF-BJ2-5,single,1,0.4537024057028048,0.16324997622920526
BL6-B10BR_HTxB,AV7-3-CAVSLNSGGSNAKLTF-AJ42_BV31-CAWSLWGETLYF-BJ2-3,single,1,1.9502120649147465,1.9142701259741162
BL6-B10BR_HTxB,AV7-3-CAVSMDSNYQLIW-AJ33_BV19-CASSSGLGKNTLYF-BJ2-4,single,1,2.331802673624286,2.1208155955402463
BL6-B10BR_HTxB,AV7-3-CAVSNMGYKLTF-AJ9_BV19-CASSIDNQDTQYF-BJ2-5,single,1,1.4197367178034825,1.2720795454368008
BL6-B10BR_HTxB,AV7-3-CAVSNMGYKLTF-AJ9_BV19-CASSMDNQDTQYF-BJ2-5,single,1,1.657742726504889,1.3856536924977494
BL6-B10BR_HTxB,AV7-3-CAVSRTGGLSGKLTF-AJ2_BV13-2-CASGDTGGQNTLYF-BJ2-4,single,1,1.667951197198645,1.201234277995544
BL6-B10BR_HTxB,AV7-3-CAVSRTGGLSGKLTF-AJ2_BV29-CASSLGGGTEVFF-BJ1-1,single,1,2.688721875540867,2.584962500721156
BL6-B10BR_HTxB,AV7-3-CAVSSAGNKLTF-AJ17_BV13-1-CASSDAGYEQYF-BJ2-7,single,1,2.3248629576173565,2.155278225477911
BL6-B10BR_HTxB,AV7-3-CAVSSYGSSGNKLIF-AJ32_BV13-1-CASSADRGQNTLYF-BJ2-4,single,1,1.1722064368673302,0.5981630706338462
BL6-B10BR_HTxB,AV7-3-CAVSSYGSSGNKLIF-AJ32_BV13-2-CASGDAGNNQAPLF-BJ1-5,single,12,0.9689072682536507,0.5635771764390108
BL6-B10BR_HTxB,AV7-3-CAVSSYGSSGNKLIF-AJ32_BV17-CASSRLGSSYEQYF-BJ2-7,single,1,0.9487692967084506,0.5069599887198832
BL6-B10BR_HTxB,AV7-3-CAVSSYGSSGNKLIF-AJ32_BV26-CASSQVTKNSDYTF-BJ1-2,single,1,0.9852281360342515,0.9708536543404838
BL6-B10BR_HTxB,AV7-3-CAVSTNAYKVIF-AJ30_BV13-3-CASSGTGGDQDTQYF-BJ2-5,single,1,2.113283334294875,1.9475325801058645
BL6-B10BR_HTxB,AV7-3-CAVSYQGGRALIF-AJ15_BV19-CASSGGGAGEQYF-BJ2-7,single,1,1.9254106352407234,1.6671310423019825
BL6-B10BR_HTxB,AV7-3-CAVTGNYKYVF-AJ40_BV1-CTCSADLGGWEQYF-BJ2-7,single,1,1.4217009368846751,0.8672011174521016
BL6-B10BR_HTxB,AV7-3-CAVTGNYKYVF-AJ40_BV1-CTCSADRGVYAEQFF-BJ2-1,single,1,1.6140054628542202,1.31194400631474
BL6-B10BR_HTxB,AV7-3-CAVTGNYKYVF-AJ40_BV13-2-CASGDAGGVFF-BJ1-1,single,4,0.9190066581126448,0.4815971986259887
BL6-B10BR_HTxB,AV7-3-CAVTGNYKYVF-AJ40_BV13-2-CASGDGQGDTEVFF-BJ1-1,single,1,0.0,0.0
BL6-B10BR_HTxB,AV7-4-CAAHSNYQLIW-AJ33_BV1-CTCSPGLGESAETLYF-BJ2-3,single,1,1.1488348542809166,0.8598223419517396
BL6-B10BR_HTxB,AV7-4-CAASDETGGYKVVF-AJ12_BV19-CASSMTVYEQYF-BJ2-7,single,2,1.8735386585975475,1.7046540696057306
BL6-B10BR_HTxB,AV7-4-CAASDNAGAKLTF-AJ39_BV12-1-CASSRDISNERLFF-BJ1-4,single,1,1.0,1.0
BL6-B10BR_HTxB,AV7-4-CAASDSGYNKLTF-AJ11_BV13-3-CASSDGQGYAEQFF-BJ2-1,single,1,2.2954656791802917,2.271596419337218
BL6-B10BR_HTxB,AV7-4-CAASDSSGSWQLIF-AJ22_BV13-1-CASSDAGYEQYF-BJ2-7,single,4,0.6179017296637299,0.31176894448965786
BL6-B10BR_HTxB,AV7-4-CAASDTNAYKVIF-AJ30_BV13-3-CASSDGAEQFF-BJ2-1,single,1,2.0,2.0
BL6-B10BR_HTxB,AV7-4-CAASDTNTGKLTF-AJ27_BV31-CAWSPGGQNTLYF-BJ2-4,single,1,1.7295739585136223,1.5260688116675878
BL6-B10BR_HTxB,AV7-4-CAASEHEYNQGKLIF-AJ23_BV3-CASSLLGGAYEQYF-BJ2-7,single,1,2.321928094887362,2.321928094887362
BL6-B10BR_HTxB,AV7-4-CAASEHTGYQNFYF-AJ49_BV13-3-CASRDRNTEVFF-BJ1-1,single,1,1.2516291673878228,1.0
BL6-B10BR_HTxB,AV7-4-CAASEMNYNQGKLIF-AJ23_BV13-2-CASGDWGVEQYF-BJ2-7,single,1,0.9690822002097488,0.4235528636289199
BL6-B10BR_HTxB,AV7-4-CAASENNYQLIW-AJ33_BV13-3-CASSDQGGRTLYF-BJ2-3,single,1,2.1556390622295662,2.0
BL6-B10BR_HTxB,AV7-4-CAASEQGTNAYKVIF-AJ30_BV20-CGARDWGGYEQYF-BJ2-7,single,1,2.331802673624286,2.1208155955402463
BL6-B10BR_HTxB,AV7-4-CAASEQNYNQGKLIF-AJ23_BV3-CASSLEGANSDYTF-BJ1-2,single,1,2.321928094887362,2.321928094887362
BL6-B10BR_HTxB,AV7-4-CAASETGYQNFYF-AJ49_BV3-CASSLGQISNERLFF-BJ1-4,single,1,2.1426643555488485,1.8664984068075616
BL6-B10BR_HTxB,AV7-4-CAASGSNYNVLYF-AJ21_BV13-2-CASGARDVYEQYF-BJ2-7,single,2,0.0,0.0
BL6-B10BR_HTxB,AV7-4-CAASGTGGYKVVF-AJ12_BV13-3-CASSDRDRGFEQYF-BJ2-7,single,3,0.9841113909059889,0.7607703719302603
BL6-B10BR_HTxB,AV7-4-CAASGTGSWQLIF-AJ22_BV13-2-CASGDAGLGAEQFF-BJ2-1,single,1,1.584962500721156,1.5849625007211563
BL6-B10BR_HTxB,AV7-4-CAASKHYNVLYF-AJ21_BV2-CASRPGLGYAEQFF-BJ2-1,single,1,2.35274578087187,2.155278225477911
BL6-B10BR_HTxB,AV7-4-CAASSNTNKVVF-AJ34_BV13-1-CASSQQISNERLFF-BJ1-4,single,1,1.5219280948873621,1.473931188332412
BL6-B10BR_HTxB,AV7-4-CAASVGTNAYKVIF-AJ30_BV20-CGAGQGNTGQLYF-BJ2-2,single,1,1.8228156003525158,1.5469946505221357
BL6-B10BR_HTxB,AV7-4-CAASYQGGSAKLIF-AJ57_BV12-2-CASSLDWGEDTQYF-BJ2-5,single,1,0.0,0.0
BL6-B10BR_HTxB,AV7-5-CAASMSNYNVLYF-AJ21_BV16-CASSAQGAPQDTQYF-BJ2-5,single,1,1.0,1.0
BL6-B10BR_HTxB,AV7-5-CADSGGSNAKLTF-AJ42_BV13-2-CASGDVLGGYAEQFF-BJ2-1,single,1,1.0,1.0
BL6-B10BR_HTxB,AV7-5-CADSGGSNAKLTF-AJ42_BV13-3-CASSDRYEQYF-BJ2-7,single,2,0.17667966751071068,0.09586468588033033
BL6-B10BR_HTxB,AV7-5-CADSGGSNAKLTF-AJ42_BV3-CASSLSGGNTQYF-BJ2-5,single,1,0.3067556640587811,0.12961701278877524
BL6-B10BR_HTxB,AV7-5-CAGRQGGSAKLIF-AJ57_BV14-CASSRLGQDTQYF-BJ2-5,single,1,2.663865121950854,2.3584539709124765
BL6-B10BR_HTxB,AV7-5-CAVASNVGDNSKLIW-AJ38_BV3-CASSWTGGYAEQFF-BJ2-1,single,1,2.570439739002145,2.332257697781092
BL6-B10BR_HTxB,AV7-5-CAVKNTGYQNFYF-AJ49_BV13-2-CASGDNNQAPLF-BJ1-5,single,2,1.2762936253796928,0.9184609484570281
BL6-B10BR_HTxB,AV7-5-CAVLTNRAGNKL-AJ17_BV13-2-CASGDGQGDTEVFF-BJ1-1,single,1,0.0,0.0
BL6-B10BR_HTxB,AV7-5-CAVLTNSAG-AJ17_BV13-2-CASGARTGENYAEQFF-BJ2-1,single,1,2.021782221599798,1.7905466343710503
BL6-B10BR_HTxB,AV7-5-CAVLTNSAGNKL-AJ17_BV1-CTCSANRVDTLYF-BJ2-4,single,1,1.6171895725927152,1.3642743855969575
BL6-B10BR_HTxB,AV7-5-CAVLTNSAGNKL-AJ17_BV17-CASSRGQGYTGQLYF-BJ2-2,single,1,2.072839597608552,1.8200909099850655
BL6-B10BR_HTxB,AV7-5-CAVLTNSAGNKL-AJ17_BV2-CASSQDRRGDTQYF-BJ2-5,single,1,1.4966407621868583,1.0
BL6-B10BR_HTxB,AV7-5-CAVLTNSAGNKL-AJ17_BV4-CASSWGGYAEQFF-BJ2-1,single,1,1.9483501593286638,1.2072060175217718
BL6-B10BR_HTxB,AV7-5-CAVLTNSAGNKLT-AJ17_BV19-CASSIGRTGNTLYF-BJ1-3,single,1,2.2998963911678914,2.0608822421470223
BL6-B10BR_HTxB,AV7-5-CAVLTNSAGNKLT-AJ17_BV4-CASSWTGRAEQFF-BJ2-1,single,1,0.1878244933634495,0.07074697063124721
BL6-B10BR_HTxB,AV7-5-CAVLTNSAGNKLTF-AJ17_BV1-CTCSAVRVDEQYF-BJ2-7,single,1,1.4691886736397803,0.8187265659891446
BL6-B10BR_HTxB,AV7-5-CAVLTNSAGNKLTF-AJ17_BV13-1-CASSDQGTEVFF-BJ1-1,single,1,3.0562392557375646,2.779135048410146
BL6-B10BR_HTxB,AV7-5-CAVLTNSAGNKLTF-AJ17_BV13-2-CASGARTGENYAEQFF-BJ2-1,single,1,2.959147917027245,2.7776075786635523
BL6-B10BR_HTxB,AV7-5-CAVLTNSAGNKLTF-AJ17_BV14-CASSDRYEQYF-BJ2-7,single,1,1.7206267624076392,1.4162156904761247
BL6-B10BR_HTxB,AV7-5-CAVLTNSAGNKLTF-AJ17_BV17-CASSRLGSSYEQYF-BJ2-7,single,2,0.49321336436542124,0.33371233045656457
BL6-B10BR_HTxB,AV7-5-CAVLTNSAGNKLTF-AJ17_BV19-CASSIGRTGNTLYF-BJ1-3,single,1,1.294335777314108,0.7402974548639543
BL6-B10BR_HTxB,AV7-5-CAVLTNSAGNKLTF-AJ17_BV29-CASSWGQGLDTQYF-BJ2-5,single,7,1.228210333356715,0.9631095541182056
BL6-B10BR_HTxB,AV7-5-CAVLTNSAGNKLTF-AJ17_BV4-CASSGDKNTEVFF-BJ1-1,single,1,0.4449096699945352,0.15977688681631103
BL6-B10BR_HTxB,AV7-5-CAVLTNSAGNKQTF-AJ17_BV4-CASSYRGRAETLYF-BJ2-3,single,1,1.9274512249645188,1.6959938131099
BL6-B10BR_HTxB,AV7-5-CAVLTNSAGNKRTF-AJ17_BV31-CAWSQGGAGQLYF-BJ2-2,single,1,0.6743261687699854,0.29492262384170786
BL6-B10BR_HTxB,AV7-5-CAVNSNNRIFF-AJ31_BV13-3-CASSDWGQDTQYF-BJ2-5,single,1,0.23519338181924143,0.11086058934956605
BL6-B10BR_HTxB,AV7-5-CAVRC-AJ49_BV13-2-CASGEAGGVNYAEQFF-BJ2-1,single,1,0.37123232664087563,0.20531890797750652
BL6-B10BR_HTxB,AV7-5-CAVRNSGTYQRF-AJ13_BV13-2-CASGDVGISNERLFF-BJ1-4,single,1,1.9182958340544896,1.84799690655495
BL6-B10BR_HTxB,AV7-5-CAVRPGGYKVVF-AJ12_BV29-CASSSGQKDTQYF-BJ2-5,single,1,2.125814583693911,1.7104933828050155
BL6-B10BR_HTxB,AV7-5-CAVRPSGSWQLIF-AJ22_BV1-CTCSADSQNSDYTF-BJ1-2,single,1,1.5306390622295665,1.3275746580285044
BL6-B10BR_HTxB,AV7-5-CAVRPSGSWQLIF-AJ22_BV1-CTCSTVGFAETLYF-BJ2-3,single,1,0.9518135120401551,0.725236301584099
BL6-B10BR_HTxB,AV7-5-CAVRPSGSWQLIF-AJ22_BV31-CAWSLPGANTEVFF-BJ1-1,single,1,1.584962500721156,1.5849625007211563
BL6-B10BR_HTxB,AV7-5-CAVRPSGSWQLIL-AJ22_BV13-2-CASGGANERLFF-BJ1-4,single,1,1.8676338909712125,1.492598482572497
BL6-B10BR_HTxB,AV7-5-CAVRQQGTGSKLSF-AJ58_BV13-3-CASSGGQTSAETLYF-BJ2-3,single,1,2.4139926381460035,2.1560050240025466
BL6-B10BR_HTxB,AV7-5-CAVRQQGTGSKLSF-AJ58_BV3-CASSLGQISNERL-BJ1-4,single,1,0.4310167689753772,0.20223439430270676
BL6-B10BR_HTxB,AV7-5-CAVRQQGTGSKLSF-AJ58_BV3-CASSLGTGYEQYF-BJ2-7,single,1,2.7050372884136857,2.2215577698576348
BL6-B10BR_HTxB,AV7-5-CAVRQQGTGSKLSF-AJ58_BV31-CAWSLDRNSPLYF-BJ1-6,single,5,1.8919756634959057,1.7137996979878931
BL6-B10BR_HTxB,AV7-5-CAVSDSGGSNAKLTF-AJ42_BV29-CASSFGGREQYF-BJ2-7,single,1,3.028432657909472,2.8262435794198786
BL6-B10BR_HTxB,AV7-5-CAVSDTGYQNFYF-AJ49_BV29-CASSWGGASAETLYF-BJ2-3,single,2,2.6692642345499933,2.417455935617508
BL6-B10BR_HTxB,AV7-5-CAVSIYQGGRALIF-AJ15_BV13-1-CASSDWGDYEQYF-BJ2-7,single,1,0.6500224216483541,0.46948528330122
BL6-B10BR_HTxB,AV7-5-CAVSIYQGGRALIF-AJ15_BV13-1-CASSVGLGGREQYF-BJ2-7,single,1,2.054585169337799,1.84799690655495
BL6-B10BR_HTxB,AV7-5-CAVSKNSGTYQRF-AJ13_BV19-CASSIVRYAEQFF-BJ2-1,single,1,1.9219280948873623,1.8365012677171204
BL6-B10BR_HTxB,AV7-5-CAVSMDYANKMIF-AJ47_BV16-CASSGTNTEVFF-BJ1-1,single,1,2.954685946946356,2.913585248182527
BL6-B10BR_HTxB,AV7-5-CAVSMKGGRALIF-AJ15_BV1-CTCSADRVAETLYF-BJ2-3,single,1,1.5443814577244939,1.0162493516450746
BL6-B10BR_HTxB,AV7-5-CAVSMKGGRALIF-AJ15_BV1-CTCSASGGTLYF-BJ2-4,single,1,0.7987198915173785,0.3705850724488282
BL6-B10BR_HTxB,AV7-5-CAVSMKGGRALIF-AJ15_BV1-CTCSAVRISNERLFF-BJ1-4,single,2,1.0508545370462747,0.6407435844294327
BL6-B10BR_HTxB,AV7-5-CAVSMKGGRALIF-AJ15_BV13-1-CASSDAGEQYF-BJ2-7,single,1,0.9048202460974559,0.46125435424411465
BL6-B10BR_HTxB,AV7-5-CAVSMKGGRALIF-AJ15_BV13-2-CASGDGLGDYEQYF-BJ2-7,single,1,1.0749499302462855,0.7259581416967947
BL6-B10BR_HTxB,AV7-5-CAVSMKGGRALIF-AJ15_BV3-CASSLGQISNERLFF-BJ1-4,single,1,1.7107841498902756,1.2822386167309454
BL6-B10BR_HTxB,AV7-5-CAVSMKGGRALIF-AJ15_BV4-CASSWDWGGEQYF-BJ2-7,single,1,1.2965615046811054,0.7511762713646188
BL6-B10BR_HTxB,AV7-5-CAVSPFTGSGGKLTL-AJ44_BV26-CASSRDWGGYEQYF-BJ2-7,single,1,1.4591479170272448,1.3625700793847082
BL6-B10BR_HTxB,AV7-5-CAVSRNNYAQGLTF-AJ26_BV29-CASTPGHQDTQYF-BJ2-5,single,2,2.4373738130010727,2.2942868771367673
BL6-B10BR_HTxB,AV7-5-CAVTGGYKVVF-AJ12_BV13-1-CASSAGSEQYF-BJ2-7,single,1,0.228538143953528,0.10676298075194064
BL6-B10BR_HTxB,AV7-5-CAVTGYGSSGNKLIF-AJ32_BV1-CTCSAGINQAPLF-BJ1-5,single,1,0.9182958340544896,0.84799690655495
BL6-B10BR_HTxB,AV7-6-CAVNQGGSAKLIF-AJ57_BV12-2-CASSLGQGTGYEQYF-BJ2-7,single,1,1.2577148214953864,0.7402974548639537
BL6-B10BR_HTxB,AV7-6-CAVPNTGKLTF-AJ27_BV31-CAWSLVGGQDTQYF-BJ2-5,single,1,1.3709505944546687,1.1844245711374273
BL6-B10BR_HTxB,AV7-6-CAVSDSNYQLIW-AJ33_BV1-CTCSADGVQDTQYF-BJ2-5,single,1,0.8477415286338386,0.43148802005943815
BL6-B10BR_HTxB,AV7-6-CAVSDSNYQLIW-AJ33_BV3-CASSLRTGGYEQYF-BJ2-7,single,1,2.369025436177893,2.0421694542439397
BL6-B10BR_HTxB,AV7-6-CAVSDSNYQLIW-AJ33_BV4-CASSRTGISGNTLYF-BJ1-3,single,1,0.0,0.0
BL6-B10BR_HTxB,AV7-6-CAVSMDYANKMIF-AJ47_BV1-CTCSAGQGAETLYF-BJ2-3,single,1,0.28902756832963533,0.09662821463328897
BL6-B10BR_HTxB,AV7-6-CAVSMDYANKMIF-AJ47_BV13-2-CASGARTGENYAEQFF-BJ2-1,single,1,1.6504345106828273,0.9080042159192271
BL6-B10BR_HTxB,AV7-6-CAVSMDYANKMIF-AJ47_BV13-2-CASGEWDYEQYF-BJ2-7,single,3,0.9583399198660301,0.4585951333417477
BL6-B10BR_HTxB,AV7-6-CAVSSGGSNYKLT-AJ53_BV3-CASSLGQISNERLFF-BJ1-4,single,1,0.6338054550605167,0.3654067315542433
BL6-B10BR_HTxB,AV7-6-CAVSSGGSNYKLTF-AJ53_BV31-CAWSQGGAGQLYF-BJ2-2,single,3,1.0287839569445383,0.752557364254837
BL6-B10BR_HTxB,AV7D-3-CAVDGGLSGKLTF-AJ2_BV13-2-CASGDGGSDYTF-BJ1-2,single,1,0.9182958340544896,0.84799690655495
BL6-B10BR_HTxB,AV7D-3-CAVDGGYQNFYF-AJ49_BV13-2-CASGEANTEVFF-BJ1-1,single,1,0.6244288392212856,0.28346112125136746
BL6-B10BR_HTxB,AV7D-3-CAVEPLGGSNYKLTF-AJ53_BV1-CTCSELGGQDTQYF-BJ2-5,single,1,2.765957320949175,2.599462070416271
BL6-B10BR_HTxB,AV7D-3-CAVNNNNAPRF-AJ43_BV13-2-CASGDWGGSYEQYF-BJ2-7,single,1,0.9916130586097123,0.4512647380906953
BL6-B10BR_HTxB,AV7D-3-CAVNTGYQNFYF-AJ49_BV19-CASSMRSYEQYF-BJ2-7,single,1,2.1709505944546685,2.0588936890535683
BL6-B10BR_HTxB,AV7D-3-CAVNTNAYKVIF-AJ30_BV1-CTCSARLGSNTGQLYF-BJ2-2,single,1,3.2758912940416214,3.112142165808868
BL6-B10BR_HTxB,AV7D-3-CAVNTNAYKVIF-AJ30_BV5-CASSPGQSYEQYF-BJ2-7,single,1,0.9567657083663144,0.5525410230287784
BL6-B10BR_HTxB,AV7D-3-CAVRNTGNYKYVF-AJ40_BV4-CASSSGQGREQYF-BJ2-7,single,1,1.1488348542809166,0.8598223419517396
BL6-B10BR_HTxB,AV7D-3-CAVSAEGADRLTF-AJ45_BV1-CTCSAVRNSPLYF-BJ1-6,single,1,0.39124356362925566,0.22097034626724957
BL6-B10BR_HTxB,AV7D-3-CAVSGQGGRALIF-AJ15_BV1-CTCSAATDTEVFF-BJ1-1,single,1,2.6433649698578603,2.2715964193372176
BL6-B10BR_HTxB,AV7D-3-CAVSGQGGRALIF-AJ15_BV1-CTCSAVRISNERLFF-BJ1-4,single,1,0.8112781244591328,0.6780719051126377
BL6-B10BR_HTxB,AV7D-3-CAVSGQGGRALIF-AJ15_BV13-3-CASSDVRTSQNTLYF-BJ2-4,single,1,0.6793652793002186,0.3323554663377006
BL6-B10BR_HTxB,AV7D-3-CAVSGQGGRALIF-AJ15_BV19-CASSIGRTGNTLYF-BJ1-3,single,1,2.6282129458410015,2.358453970912476
BL6-B10BR_HTxB,AV7D-3-CAVSGQGGRALIF-AJ15_BV19-CASSTGGAGEQYF-BJ2-7,single,2,2.325550453233944,2.0
BL6-B10BR_HTxB,AV7D-3-CAVSGQGGRALIF-AJ15_BV5-CASSPGGRYAEQFF-BJ2-1,single,1,1.0,1.0
BL6-B10BR_HTxB,AV7D-3-CAVSMGYKLTF-AJ9_BV5-CASSQDRGREQYF-BJ2-7,single,1,2.8532112572683905,2.729352410056331
BL6-B10BR_HTxB,AV7D-3-CAVSNQGGRALIF-AJ15_BV16-CASSLDGLNYAEQFF-BJ2-1,single,1,1.6644977792004614,1.3667823306716225
BL6-B10BR_HTxB,AV7D-3-CAVSNQGGRALIF-AJ15_BV3-CASSLGQEYEQYF-BJ2-7,single,1,0.0,0.0
BL6-B10BR_HTxB,AV7D-3-CAVSSAGNKL-AJ17_BV13-1-CASSGGSDYTF-BJ1-2,single,1,0.7188847073819143,0.2909251554795542
BL6-B10BR_HTxB,AV7D-3-CAVSSAGNKLT-AJ17_BV13-2-CASGARTGENYAEQFF-BJ2-1,single,1,2.521861955304502,2.2016338611696504
BL6-B10BR_HTxB,AV7D-3-CAVSSAGNKLTF-AJ17_BV13-2-CASGDAGTEQFF-BJ2-1,single,2,0.5989479144218013,0.24568927272766178
BL6-B10BR_HTxB,AV7D-3-CAVSTGYQNFYF-AJ49_BV1-CTCSAATDTGVFF-BJ1-1,single,1,0.6998578570269279,0.403163398990552
BL6-B10BR_HTxB,AV7D-3-CAVTPITGNTGKLIF-AJ37_BV1-CTCSATGNYAEQFF-BJ2-1,single,1,2.5341468438052397,2.1088364920429066
BL6-B10BR_HTxB,AV7D-4-CAAHYAQGLTF-AJ26_BV13-1-CASSDAGGEQYF-BJ2-7,single,1,1.9056390622295665,1.8300749985576876
BL6-B10BR_HTxB,AV7D-4-CAASDDTNANK-AJ30_BV4-CASSRDWGGYEQYF-BJ2-7,single,1,1.3709505944546687,1.1844245711374273
BL6-B10BR_HTxB,AV7D-4-CAASDDTNAYKVIF-AJ30_BV13-3-CASSDDRAETLYF-BJ2-3,single,1,1.0,1.0
BL6-B10BR_HTxB,AV7D-4-CAASDMGYKLTF-AJ9_BV1-CTCSAATDTEVFY-BJ1-1,single,1,1.5994180754575777,0.9042954862652681
BL6-B10BR_HTxB,AV7D-4-CAASDMGYKLTF-AJ9_BV1-CTCSAVRVDEQYF-BJ2-7,single,1,0.9240446236823399,0.39487810643880983
BL6-B10BR_HTxB,AV7D-4-CAASDMGYKLTF-AJ9_BV16-CASSTSAETLYF-BJ2-3,single,1,1.4670039496939737,0.940505585223044
BL6-B10BR_HTxB,AV7D-4-CAASDMGYKLTF-AJ9_BV2-CASSQDLGQGYAEQFF-BJ2-1,single,5,1.825803650593517,1.5452647647281865
BL6-B10BR_HTxB,AV7D-4-CAASEDYANKMIF-AJ47_BV17-CASSRTRGAETLYF-BJ2-3,single,1,0.5675235210626096,0.2442604661809884
BL6-B10BR_HTxB,AV7D-4-CAASEDYANKMIF-AJ47_BV31-CAWRDSNNQAPLF-BJ1-5,single,2,0.5900710096867702,0.2592992081865527
BL6-B10BR_HTxB,AV7D-4-CAASEVLSGSFNKLTF-AJ4_BV31-CAWSLPANSDYTF-BJ1-2,single,1,1.9609640474436814,1.6438561897747244
BL6-B10BR_HTxB,AV7D-4-CAVSPNSGGSNYKLTF-AJ53_BV1-CTCSAAGGEQYF-BJ2-7,single,1,0.0,0.0
BL6-B10BR_HTxB,AV7D-5-CAVRAGGYKVVF-AJ12_BV29-CASSPGQGDTQYF-BJ2-5,single,1,2.171360087495807,2.091922489441039
BL6-B10BR_HTxB,AV7D-5-CAVRNNYAQ-AJ26_BV5-CASSQDTEVFF-BJ1-1,single,1,2.700405465925308,2.391000734688015
BL6-B10BR_HTxB,AV7D-5-CAVRNNYAQGLTF-AJ26_BV1-CTCSADRLQNTLYF-BJ2-4,single,1,1.6710522378742383,1.1771565706733882
BL6-B10BR_HTxB,AV7D-5-CAVRNTGGLSGKLTF-AJ2_BV13-1-CASSDAGDERLFF-BJ1-4,single,1,2.0444510861155405,1.9075725597152322
BL6-B10BR_HTxB,AV7D-5-CAVSITGANTGKLTF-AJ52_BV13-2-CASGTGGQNTLYF-BJ2-4,single,1,1.3499214199431195,1.1844245711374273
BL6-B10BR_HTxB,AV7D-5-CAVSITGANTGKLTF-AJ52_BV3-CASSSGTGYEQYF-BJ2-7,single,1,0.835772310686405,0.38211286083798246
BL6-B10BR_HTxB,AV7D-5-CAVSLNSGGSNA-AJ42_BV1-CTCSAGGGYAEQFF-BJ2-1,single,1,2.8511494238930326,2.6348877260528383
BL6-B10BR_HTxB,AV7D-5-CAVSLNSGTYQRF-AJ13_BV12-2-CASSLGVGGNTLYF-BJ1-3,single,1,2.2556143083370057,2.070389327891398
BL6-B10BR_HTxB,AV7D-5-CAVSMNYNQGKLIF-AJ23_BV2-CASSQDRRGDTQYF-BJ2-5,single,1,0.48721779007342186,0.20274362664044093
BL6-B10BR_HTxB,AV7D-5-CAVSNTENYKYVF-AJ40_BV13-2-CASGDSYEQYF-BJ2-7,single,1,1.5185322919913584,1.1916233247297503
BL6-B10BR_HTxB,AV7D-5-CAVSNTGNY-AJ40_BV14-CASSFGQNQAPLF-BJ1-5,single,1,0.3067556640587811,0.12961701278877524
BL6-B10BR_HTxB,AV7D-5-CAVSNTGNYKYVF-AJ40_BV19-CASSIGRTGNTLYF-BJ1-3,single,1,0.547553154980007,0.284511130760292
BL6-B10BR_HTxB,AV7D-5-CAVSNTGNYKYVF-AJ40_BV29-CASSSGPGNTLYF-BJ1-3,single,1,1.5,1.415037499278844
BL6-B10BR_HTxB,AV7D-5-CAVSNTGNYKYVF-AJ40_BV3-CASSLGQISYEQYF-BJ2-7,single,1,0.6793652793002186,0.3323554663377006
BL6-B10BR_HTxB,AV7D-5-CAVSNTGNYKYVF-AJ40_BV4-CASSSGQNQAPLF-BJ1-5,single,6,0.5320705939363718,0.24813962608363757
BL6-B10BR_HTxB,AV7D-5-CAVSNTGNYKYVL-AJ40_BV13-2-CASGDVGYEQYF-BJ2-7,single,1,1.8423709931771084,1.7078192485066896
BL6-B10BR_HTxB,AV7D-5-CAVSNTGSYKYVF-AJ40_BV19-CASSIGRTGREVFF-BJ1-1,single,1,1.9219280948873623,1.8365012677171204
BL6-B10BR_HTxB,AV7D-5-CAVSNTGSYKYVF-AJ40_BV4-CASSSGQNQAPLF-BJ1-5,single,1,0.44189150849334,0.18985974470452982
BL6-B10BR_HTxB,AV7D-5-CAVSPNSGGSNYKLTF-AJ53_BV1-CTCRRLGHQDTQYF-BJ2-5,single,2,2.495701103884046,2.088179729783479
BL6-B10BR_HTxB,AV7D-5-CAVSSGGSNYKLTF-AJ53_BV13-2-CASGAGGQNTLYF-BJ2-4,single,1,1.4394969869215133,1.2606517545228
BL6-B10BR_HTxB,AV7D-5-CAVTGGYKVVF-AJ12_BV1-CTCSASGTPNSDYTF-BJ1-2,single,1,2.7037016960573483,2.2344652536370226
BL6-B10BR_HTxB,AV7D-5-CAVTTGYQNFYF-AJ49_BV13-1-CASSAQLNTGQLYF-BJ2-2,single,1,2.734429197728174,2.5994620704162714
BL6-B10BR_HTxB,AV7D-5-CAVYQGGRALIF-AJ15_BV13-2-CASGARTGENYAEQFF-BJ2-1,single,1,0.9182958340544896,0.84799690655495
BL6-B10BR_HTxB,AV7D-6-CAVSSGSWQLIF-AJ22_BV30-CSSHGTFNERLFF-BJ1-4,single,1,1.867633890971212,1.789580220329628
BL6-B10BR_HTxB,AV7D-6-CAVTTNTGKINL-AJ27_BV14-CASSDRYEQYF-BJ2-7,single,1,1.8804820237218407,1.577766999316952
BL6-B10BR_HTxB,AV7D-6-CAVTTNTGKLTF-AJ27_BV1-CTCSADRGVYAEQFF-BJ2-1,single,1,2.046439344671015,1.8365012677171204
BL6-B10BR_HTxB,AV7D-6-CAVTTNTGKLTF-AJ27_BV14-CASSFGTGGTQYF-BJ2-5,single,1,0.9023385335259037,0.375752484176175
BL6-B10BR_HTxB,AV7D-6-CAVTTSTGKLTF-AJ27_BV1-CTCSAVRYNSPLYF-BJ1-6,single,1,1.2720552088742005,0.9702526566059477
BL6-B10BR_HTxB,AV7N-4-CAVSDMGYKLTF-AJ9_BV13-2-CASGARTGENYAEQFF-BJ2-1,single,1,2.5496128717735016,2.333900736553438
BL6-B10BR_HTxB,AV7N-4-CAVSDMGYKLTF-AJ9_BV19-CASSIGRTGREVFF-BJ1-1,single,1,1.9182958340544893,1.84799690655495
BL6-B10BR_HTxB,AV7N-4-CAVSDSGYNKLTF-AJ11_BV13-3-CASSDGGALSNERLFF-BJ1-4,single,1,0.7219280948873623,0.5563933485243849
BL6-B10BR_HTxB,AV7N-4-CAVSELNYNQG-AJ23_BV13-2-CASGDQGNSGNTLYF-BJ1-3,single,1,0.0,0.0
BL6-B10BR_HTxB,AV7N-4-CAVSELNYNQGKLIF-AJ23_BV4-CASSYLETYEQYF-BJ2-7,single,2,1.7109640474436811,1.6257693834979823
BL6-B10BR_HTxB,AV7N-4-CAVSENSNNRIFF-AJ31_BV29-CASSLGTAYEQYF-BJ2-7,single,1,2.803215692534584,2.5462453931483027
BL6-B10BR_HTxB,AV7N-4-CAVSEPGGYKVVF-AJ12_BV16-CASSLGGANSDYTF-BJ1-2,single,1,1.570950594454669,1.2515387669959646
BL6-B10BR_HTxB,AV8-1-CAIDDSGSWQLIF-AJ22_BV16-CASSAGQGASNERLFF-BJ1-4,single,1,0.9473759016233785,0.4926508524836598
BL6-B10BR_HTxB,AV8-1-CANSGTYQRF-AJ13_BV1-CTCSAVHTDYNSPLYF-BJ1-6,single,1,0.0,0.0
BL6-B10BR_HTxB,AV8-1-CAPCASSGSWQLIF-AJ22_BV13-2-CASGDEGTINERLFF-BJ1-4,single,1,1.749218483597409,1.3497460390271245
BL6-B10BR_HTxB,AV8-1-CATAASSGSWQLIF-AJ22_BV1-CTCSARLGDAAETLYF-BJ2-3,single,3,2.629595767608185,2.4300687584424865
BL6-B10BR_HTxB,AV8-1-CATAGGNNKLTF-AJ56_BV1-CTCSAGHSGNTLYF-BJ1-3,single,1,2.556656707462823,2.3667823306716227
BL6-B10BR_HTxB,AV8-1-CATASDRGSALGRLHF-AJ18_BV1-CTCSASGTGDTEVFF-BJ1-1,single,2,2.0508336035229915,1.8097827366733306
BL6-B10BR_HTxB,AV8-1-CATASDRGSALGRLHF-AJ18_BV16-CASSSTGGAETLYF-BJ2-3,single,2,1.9564245442382804,1.6447096910185433
BL6-B10BR_HTxB,AV8-1-CATDAETGGYKVVF-AJ12_BV13-2-CASGAETLYF-BJ2-3,single,2,0.8248947240690767,0.4728309133011344
BL6-B10BR_HTxB,AV8-1-CATDAGSGGKLTL-AJ44_BV14-CASSRDWGGYEQYF-BJ2-7,single,1,0.35010382786665806,0.15378035888803251
BL6-B10BR_HTxB,AV8-1-CATDAGSWQLIF-AJ22_BV19-CASRDWGAYEQYF-BJ2-7,single,1,1.5651398981790519,1.098110085449848
BL6-B10BR_HTxB,AV8-1-CATDAQGGRALIF-AJ15_BV1-CTCSADAGDQDTQYF-BJ2-5,single,3,1.5112524087159473,1.318931833811611
BL6-B10BR_HTxB,AV8-1-CATDASSGSWQLIF-AJ22_BV12-1-CASSLGALEQYF-BJ2-7,single,1,0.43106578641534926,0.15449689482304285
BL6-B10BR_HTxB,AV8-1-CATDASSGSWQLIF-AJ22_BV13-2-CASGDEGTYNSPLYF-BJ1-6,single,20,1.336738576970511,0.9234879793139124
BL6-B10BR_HTxB,AV8-1-CATDASSGSWQLIF-AJ22_BV2-CASSQDRRGDTQYF-BJ2-5,single,2,1.5192699523888424,1.2975664498766233
BL6-B10BR_HTxB,AV8-1-CATDATGGYKVVF-AJ12_BV12-1-CASSLGQGAYEQYF-BJ2-7,single,1,0.6544589238434148,0.2570412979969521
BL6-B10BR_HTxB,AV8-1-CATDNNAGAKLTF-AJ39_BV3-CASSSEISNERLFF-BJ1-4,single,1,2.503701696057348,2.4344028241457747
BL6-B10BR_HTxB,AV8-1-CATDNTGKLTF-AJ27_BV13-1-CASSADRGQNTLYF-BJ2-4,single,1,0.37182592510514095,0.13743299081391464
BL6-B10BR_HTxB,AV8-1-CATDNTGKLTF-AJ27_BV13-1-CASSPGQYAEQFF-BJ2-1,single,2,1.1258145836939115,1.0
BL6-B10BR_HTxB,AV8-1-CATDPGYQNFYF-AJ49_BV13-2-CASGARTGENYAEQFF-BJ2-1,single,1,1.70558726169826,1.5469946505221353
BL6-B10BR_HTxB,AV8-1-CATDPGYQNFYF-AJ49_BV16-CASSLVSANTEVFF-BJ1-1,single,3,1.968958981694567,1.8764031379367745
BL6-B10BR_HTxB,AV8-1-CATDPMSNYNVLYF-AJ21_BV13-2-CASGDLEQYF-BJ2-7,single,1,1.106313713864835,0.6188273952832019
BL6-B10BR_HTxB,AV8-1-CATDRAEGADRLTF-AJ45_BV3-CASSLDWGASAETLYF-BJ2-3,single,6,1.104062807648612,0.7661167374434011
BL6-B10BR_HTxB,AV8-1-CATDTNAYKVIF-AJ30_BV17-CASSPGTGGNTEVFF-BJ1-1,single,2,2.462963645984626,2.3261294217727584
BL6-B10BR_HTxB,AV8-1-CATDTNAYKVIF-AJ30_BV2-CASSQDRRGDTQYF-BJ2-5,single,1,0.8112781244591328,0.6780719051126377
BL6-B10BR_HTxB,AV8-1-CATDYNQGKLIF-AJ23_BV13-3-CASSDRVSNERLFF-BJ1-4,single,1,1.0131193039451136,0.4969858661105377
BL6-B10BR_HTxB,AV8-1-CATEYQGGRALIF-AJ15_BV3-CASSLTGVAEQFF-BJ2-1,single,1,1.8895782867502309,1.3978229439266443
BL6-B10BR_HTxB,AV8-1-CATGDTNAYKVIF-AJ30_BV1-CTCSADWGGYEQYF-BJ2-7,single,4,1.860052235271089,1.4852083537776402
BL6-B10BR_HTxB,AV8-1-CATGDTNTCKVIF-AJ30_BV1-CTCSADWGGYEQYF-BJ2-7,single,1,2.2841591278514217,2.0
BL6-B10BR_HTxB,AV8-1-CATGMGYKLTF-AJ9_BV29-CASSPGQNYAEQFF-BJ2-1,single,1,2.4541016193918703,2.0609658372676565
BL6-B10BR_HTxB,AV8-1-CATGMGYKLTF-AJ9_BV29-CASSSGQNYAEQFF-BJ2-1,single,1,2.6235166412180155,2.4466831258953086
BL6-B10BR_HTxB,AV8-1-CATHTGNYKYVF-AJ40_BV2-CASSQEGTGQTLYF-BJ2-3,single,1,0.9182958340544896,0.84799690655495
BL6-B10BR_HTxB,AV8-1-CATSTGGYKV-AJ12_BV17-CASSRLGSSYEQYF-BJ2-7,single,1,0.8960382325345574,0.8101754411199827
BL6-B10BR_HTxB,AV8-1-CATVSNNRIFF-AJ31_BV31-CAWSPYWGGQDTQYF-BJ2-5,single,1,2.7732651092122573,2.6180068313375946
BL6-B10BR_HTxB,AV8-1-CAYYKYVF-AJ40_BV29-CASSSGNSYNSPLYF-BJ1-6,single,1,1.5,1.415037499278844
BL6-B10BR_HTxB,AV8-1-CAYYKYVF-AJ40_BV4-CASSFSYEQYF-BJ2-7,single,1,0.5868383144424241,0.24068697431599356
BL6-B10BR_HTxB,AV8-1-CVDTNAYKVIF-AJ30_BV13-2-CASGGTGVQNTLYF-BJ2-4,single,1,2.760573170652706,2.5909826974069796
BL6-B10BR_HTxB,AV8-2-CAFYANKMIF-AJ47_BV31-CAWSLWGQGTYEQYF-BJ2-7,single,1,0.6500224216483541,0.46948528330122
BL6-B10BR_HTxB,AV8-2-CANTEGADRLTF-AJ45_BV17-CASSRTGGAETLYF-BJ2-3,single,1,0.6594408001620927,0.2719823419835726
BL6-B10BR_HTxB,AV8-2-CATNTGNYKYVF-AJ40_BV13-1-CASSADWGDAEQFF-BJ2-1,single,1,1.2916919971380594,0.8867893895520093
BL6-B10BR_HTxB,AV8-2-CATNTGNYKYVF-AJ40_BV13-1-CASSVAGREQYF-BJ2-7,single,1,0.570401499427012,0.2620363462707176
BL6-B10BR_HTxB,AV8-2-CATNTGNYKYVF-AJ40_BV17-CASRDRGGETLYF-BJ2-3,single,1,2.2359263506290326,2.155278225477911
BL6-B10BR_HTxB,AV8-2-CATNTGNYKYVF-AJ40_BV20-CGARTGGGSDYTF-BJ1-2,single,1,0.2150612589302146,0.08374950989764307
BL6-B10BR_HTxB,AV8-2-CATNTGNYKYVL-AJ40_BV3-CASSSGTGYEQYF-BJ2-7,single,1,1.5833041982215177,0.9426707603099748
BL6-B10BR_HTxB,AV8-2-CATNTGSYKYVF-AJ40_BV1-CTCSADWGNYAEQFF-BJ2-1,single,1,1.3520301017579528,0.9579359404334561
BL6-B10BR_HTxB,AV8D-1-CANSGTYQRF-AJ13_BV1-CTCSAVHTDYNSPLYF-BJ1-6,single,1,1.0,1.0
BL6-B10BR_HTxB,AV8D-1-CATAGTGGYKVVF-AJ12_BV1-CTCSAAAGTTEVFF-BJ1-1,single,2,1.924385837302351,1.8073549220576042
BL6-B10BR_HTxB,AV8D-1-CATDDSGYNKLTF-AJ11_BV16-CASRPGTGGTNERLFF-BJ1-4,single,1,2.0,2.0
BL6-B10BR_HTxB,AV8D-1-CATDRAEGADRLTF-AJ45_BV3-CASSLDWGASAETLYF-BJ2-3,single,6,1.3190170428347754,1.043384162231937
BL6-B10BR_HTxB,AV8D-1-CATDSNNRIFF-AJ31_BV1-CTCSATGGDERLFF-BJ1-4,single,2,0.9371044646151572,0.7509533804967987
BL6-B10BR_HTxB,AV8D-1-CATDSNYQLIW-AJ33_BV3-CASSLDWGNQDTQYF-BJ2-5,single,1,0.0,0.0
BL6-B10BR_HTxB,AV8D-1-CATEYQGGRALIF-AJ15_BV3-CASSLTGVAEQFF-BJ2-1,single,1,2.6635327548042547,2.5265458144958344
BL6-B10BR_HTxB,AV8D-2-CAIDATNYNVLYF-AJ21_BV14-CASSDRYEQYF-BJ2-7,single,1,1.5765785926407656,1.2826837777092852
BL6-B10BR_HTxB,AV8D-2-CALSYQGGRALIF-AJ15_BV19-CASSIGTGENTLYF-BJ2-4,single,1,2.5,2.415037499278844
BL6-B10BR_HTxB,AV8D-2-CAPYQGGRALIF-AJ15_BV1-CTCSAVRVGNTLYF-BJ1-3,single,1,1.4911148500551854,1.1375035237499351
BL6-B10BR_HTxB,AV8D-2-CAPYQGGRALIF-AJ15_BV13-1-CASSPTGLSDYTF-BJ1-2,single,10,1.119530535878209,0.891863490839963
BL6-B10BR_HTxB,AV8D-2-CATAYQGGRALIF-AJ15_BV19-CASSIGTDSPLYF-BJ1-6,single,1,1.9473387961875537,1.4150374992788437
BL6-B10BR_HTxB,AV8D-2-CATDAEAQGGRALIF-AJ15_BV3-CASSLGTGYEQYF-BJ2-7,single,1,0.47727805689373926,0.18603852334275622
BL6-B10BR_HTxB,AV8D-2-CATDAGNTGANTGKLTF-AJ52_BV13-1-CASSGGNYAEQFF-BJ2-1,single,1,0.9182958340544896,0.84799690655495
BL6-B10BR_HTxB,AV8D-2-CATDAGNYAQGLTF-AJ26_BV3-CASSLVGDYEQYF-BJ2-7,single,1,1.0693802190510195,0.49985076211523394
BL6-B10BR_HTxB,AV8D-2-CATDATGYQNFYF-AJ49_BV31-CAWSSGNQDTQYF-BJ2-5,single,1,0.6751071414914066,0.26076587254519007
BL6-B10BR_HTxB,AV8D-2-CATDATNYNVLYF-AJ21_BV1-CTCSATDYTEVFF-BJ1-1,single,1,1.0,1.0
BL6-B10BR_HTxB,AV8D-2-CATDATNYNVLYF-AJ21_BV1-CTCSAVQIQDTQYF-BJ2-5,single,1,0.46816664055233254,0.22595375378150545
BL6-B10BR_HTxB,AV8D-2-CATDATNYNVLYF-AJ21_BV13-2-CASGDNYEQYF-BJ2-7,single,1,0.8729810808124672,0.3925710438079805
BL6-B10BR_HTxB,AV8D-2-CATDATNYNVLYF-AJ21_BV3-CASSLQQEYEQYF-BJ2-7,single,11,0.8922696253615965,0.4997828936361724
BL6-B10BR_HTxB,AV8D-2-CATDATNYNVLYF-AJ21_BV31-CAWSLAGSGNTLYF-BJ1-3,single,1,0.5916727785823275,0.4052564784862585
BL6-B10BR_HTxB,AV8D-2-CATDDQGGRALIF-AJ15_BV1-CTCSVDRVQNTLYF-BJ2-4,single,1,1.6266144718101816,1.1926450779423958
BL6-B10BR_HTxB,AV8D-2-CATDDQGGRALIF-AJ15_BV19-CASSSGVNERLFF-BJ1-4,single,9,1.270043335360888,0.9604614821332103
BL6-B10BR_HTxB,AV8D-2-CATDDQGGRALIF-AJ15_BV19-CASSSRVNERLFF-BJ1-4,single,1,0.41381685030363374,0.2391876638794263
BL6-B10BR_HTxB,AV8D-2-CATDDQGGRALT-AJ15_BV13-3-CASSDVRTSQNTLYF-BJ2-4,single,1,0.2901460494685198,0.10955330732009402
BL6-B10BR_HTxB,AV8D-2-CATDDQTGFASALTF-AJ35_BV13-1-CASSDEPQAPLF-BJ1-5,single,1,1.0047033014635864,0.5108392463432557
BL6-B10BR_HTxB,AV8D-2-CATDDSGYNK-AJ11_BV13-3-CASSNRGVGNTLYF-BJ1-3,single,1,0.0,0.0
BL6-B10BR_HTxB,AV8D-2-CATDDSGYNKLTF-AJ11_BV1-CTCSADWGNYAEQFF-BJ2-1,single,1,1.657742726504889,1.3856536924977494
BL6-B10BR_HTxB,AV8D-2-CATDDSGYNKLTF-AJ11_BV13-1-CASSAGTGKNQAPLF-BJ1-5,single,4,1.4355573098099197,0.9260643079573302
BL6-B10BR_HTxB,AV8D-2-CATDDSGYNKLTF-AJ11_BV13-1-CASSDTNTEVFF-BJ1-1,single,1,1.7182429519335216,1.290365449470108
BL6-B10BR_HTxB,AV8D-2-CATDDSGYNKLTF-AJ11_BV13-3-CASSGRGGDAETLYF-BJ2-3,single,1,2.5550365325772657,2.356143810225275
BL6-B10BR_HTxB,AV8D-2-CATDDSGYNKLTF-AJ11_BV19-CASSIGRTGREVFF-BJ1-1,single,1,1.3709505944546687,1.1844245711374275
BL6-B10BR_HTxB,AV8D-2-CATDDSGYNKLTF-AJ11_BV3-CASSLKDTQYF-BJ2-5,single,1,2.43720843352717,2.0360692547075216
BL6-B10BR_HTxB,AV8D-2-CATDDYSNNRLTL-AJ7_BV1-CTCSAGWDSPLYF-BJ1-6,single,1,1.439254017211876,0.9365209431755995
BL6-B10BR_HTxB,AV8D-2-CATDDYSNNRLTL-AJ7_BV13-2-CASGDPGGDAETLYF-BJ2-3,single,1,1.0370104374629145,0.5145731728297581
BL6-B10BR_HTxB,AV8D-2-CATDDYSNNRLTL-AJ7_BV2-CASSQDRGWEQYF-BJ2-7,single,1,0.8477415286338384,0.43148802005943815
BL6-B10BR_HTxB,AV8D-2-CATDDYSNNRLTL-AJ7_BV3-CASSTRDRAYEQYF-BJ2-7,single,1,0.6532326929069919,0.29856410182185183
BL6-B10BR_HTxB,AV8D-2-CATDEAGGYKVVF-AJ12_BV12-1-CASSLGALEQYF-BJ2-7,single,1,2.197159723424149,2.091922489441039
BL6-B10BR_HTxB,AV8D-2-CATDEGGRALIF-AJ15_BV13-1-CASSDWEDYAEQFF-BJ2-1,single,1,2.861166503080562,2.6963236096688603
BL6-B10BR_HTxB,AV8D-2-CATDHQGGRALIF-AJ15_BV13-1-CASSELGYEQYF-BJ2-7,single,1,0.9864267287308425,0.6674246609131291
BL6-B10BR_HTxB,AV8D-2-CATDHQGGRALIF-AJ15_BV19-CASSITNQAPLF-BJ1-5,single,3,1.4807799413022227,1.2579489066830947
BL6-B10BR_HTxB,AV8D-2-CATDHQGGRALIF-AJ15_BV3-CASGDGQGDTEVFF-BJ1-1,single,1,2.197159723424149,1.8804183842473272
BL6-B10BR_HTxB,AV8D-2-CATDHQGGRALIF-AJ15_BV5-CASSQDRSQNTLYF-BJ2-4,single,1,1.7961796919474975,1.6424479953819162
BL6-B10BR_HTxB,AV8D-2-CATDKNYGSSGNKLIF-AJ32_BV3-CASSLGREYEQYF-BJ2-7,single,3,1.5410786308309996,1.1922779787769076
BL6-B10BR_HTxB,AV8D-2-CATDKNYGSSGNKLIF-AJ32_BV5-CASSQDWGNYAEQFF-BJ2-1,single,1,1.719632419829443,1.0803596166463263
BL6-B10BR_HTxB,AV8D-2-CATDNQGGRALIF-AJ15_BV14-CASSDRAEVFF-BJ1-1,single,19,0.6168021550505752,0.2987516606906294
BL6-B10BR_HTxB,AV8D-2-CATDNQGGRALIF-AJ15_BV2-CASSQDRRGDTQYF-BJ2-5,single,1,1.5709505944546687,1.2515387669959643
BL6-B10BR_HTxB,AV8D-2-CATDNQGGRALIF-AJ15_BV20-CGARDWGGYEQYF-BJ2-7,single,1,0.2508796910719543,0.10033235328704646
BL6-B10BR_HTxB,AV8D-2-CATDNQGGRALIF-AJ15_BV4-CASSDRAEVFF-BJ1-1,single,1,0.4308921894279909,0.1470627583233486
BL6-B10BR_HTxB,AV8D-2-CATDNQGGRALIF-AJ15_BV5-CASSPDRGDERLFF-BJ1-4,single,1,2.4193819456463714,2.252387161634285
BL6-B10BR_HTxB,AV8D-2-CATDNQGGRALMF-AJ15_BV1-CTCSADRGVYAEQFF-BJ2-1,single,1,2.321928094887362,2.321928094887362
BL6-B10BR_HTxB,AV8D-2-CATDNSNNRIFF-AJ31_BV13-2-CASGDWGVEQYF-BJ2-7,single,1,1.3787834934861753,1.222392421336448
BL6-B10BR_HTxB,AV8D-2-CATDNSNNRIFF-AJ31_BV5-CASSQGLGDAEQFF-BJ2-1,single,1,0.5235878925732217,0.23376018151699143
BL6-B10BR_HTxB,AV8D-2-CATDPMNYNQGKLIF-AJ23_BV1-CTCSADWGNYAEQFF-BJ2-1,single,1,1.2420367498798477,0.753065984917884
BL6-B10BR_HTxB,AV8D-2-CATDQGGRALIF-AJ15_BV3-CASSIRDWGQDTQYF-BJ2-5,single,1,2.4464393446710155,2.321928094887362
BL6-B10BR_HTxB,AV8D-2-CATDSGYNKLTF-AJ11_BV13-1-CASSELGDQNTLYF-BJ2-4,single,3,2.292193142410273,2.034309348578826
BL6-B10BR_HTxB,AV8D-2-CATDSGYNKLTF-AJ11_BV13-3-CASRDRYEQYF-BJ2-7,single,1,1.9211854965885544,1.6147098441152083
BL6-B10BR_HTxB,AV8D-2-CATDSSNNRIFF-AJ31_BV5-CASSQGTGGYEQYF-BJ2-7,single,1,0.9463729359854419,0.6374299206152919
BL6-B10BR_HTxB,AV8D-2-CATDTGGLSGKLTF-AJ2_BV13-1-CASSAGQYAEQFF-BJ2-1,single,3,2.122158584642835,1.979590815150207
BL6-B10BR_HTxB,AV8D-2-CATDTGKLTF-AJ27_BV3-CASSLDSNERLFF-BJ1-4,single,8,0.991378196011752,0.6903917269934301
BL6-B10BR_HTxB,AV8D-2-CATDVQGGRALIF-AJ15_BV1-CTCSALGGDTLYF-BJ2-4,single,1,2.015599253106469,1.5117878395918922
BL6-B10BR_HTxB,AV8D-2-CATDVQGGRALIF-AJ15_BV13-2-CASGGANERLFF-BJ1-4,single,1,1.4574248814091713,1.1295328126413553
BL6-B10BR_HTxB,AV8D-2-CATDVQGGRALIF-AJ15_BV19-CASSRGVNERLFF-BJ1-4,single,3,1.981723302907116,1.7682848605094736
BL6-B10BR_HTxB,AV8D-2-CATDVQGGRALIF-AJ15_BV2-CASSQDRRGDTQYF-BJ2-5,single,1,2.234697002530877,2.040641984497346
BL6-B10BR_HTxB,AV8D-2-CATDYSNNRLTL-AJ7_BV3-CASSLRDSSYEQYF-BJ2-7,single,1,0.5856596059443335,0.27804638719861424
BL6-B10BR_HTxB,AV8D-2-CATENTGNYKYVF-AJ40_BV20-CGARVTKDTQYF-BJ2-5,single,1,1.929309207916729,1.41903942983634
BL6-B10BR_HTxB,AV8D-2-CATMSNYNVLY-AJ21_BV1-CTCSAVRVDEQYF-BJ2-7,single,1,0.37123232664087563,0.20531890797750652
BL6-B10BR_HTxB,AV8D-2-CATMSNYNVLYF-AJ21_BV1-CTCSAARINTEVFF-BJ1-1,single,1,0.12377846829957365,0.041967238728006555
BL6-B10BR_HTxB,AV8D-2-CATMSNYNVLYF-AJ21_BV3-CASSLGQEYEQYF-BJ2-7,single,13,1.050562458651718,0.6882561814752748
BL6-B10BR_HTxB,AV8D-2-CATNTGNYKYV-AJ40_BV1-CTCSAVRISNERLFF-BJ1-4,single,1,1.494193430493157,1.1773045318079098
BL6-B10BR_HTxB,AV8D-2-CATNTGNYKYVF-AJ40_BV2-CASSQDRRGDTQYF-BJ2-5,single,1,1.8423709931771084,1.7078192485066896
BL6-B10BR_HTxB,AV8D-2-CATPSGGNYKPTF-AJ6_BV1-CTCSRDWGGSSYEQYF-BJ2-7,single,2,2.3481650070880664,2.2107318842191384
BL6-B10BR_HTxB,AV8D-2-CATPSGGNYKPTF-AJ6_BV19-CASSYSGAEQFF-BJ2-1,single,1,1.798627281902959,1.5117878395918918
BL6-B10BR_HTxB,AV8D-2-CATPYQGGRALIF-AJ15_BV19-CASSIGTGETEVFF-BJ1-1,single,1,1.7527152789797045,1.5849625007211563
BL6-B10BR_HTxB,AV8D-2-CATPYQGGRALIF-AJ15_BV3-CASSLGFQDTQYF-BJ2-5,single,1,0.5819742177415476,0.21775111575911776
BL6-B10BR_HTxB,AV8D-2-CATSNQGKLIF-AJ23_BV13-1-CASSGAQYAEQFF-BJ2-1,single,2,2.0220552088742005,1.9737662900529322
BL6-B10BR_HTxB,AV8D-2-CATVANSGTYQRF-AJ13_BV19-CASSIKGGPYEQYF-BJ2-7,single,3,1.9121753811926927,1.7066901095734714
BL6-B10BR_HTxB,AV8D-2-CATVANSGTYQRF-AJ13_BV2-CASSQDRRGDTQYS-BJ2-5,single,1,2.2810361125534233,1.8804183842473277
BL6-B10BR_HTxB,AV8D-2-CATVANSGTYQRF-AJ13_BV31-CAWSLGGAEQFF-BJ2-1,single,1,0.8166890883150209,0.4974996594708167
BL6-B10BR_HTxB,AV8N-2-CARQGGRALIF-AJ15_BV1-CTCSADRVDTQYF-BJ2-5,single,1,2.345719283930527,2.1976457590007623
BL6-B10BR_HTxB,AV8N-2-CATANSGTYQRF-AJ13_BV3-CASSLGREYEQYF-BJ2-7,single,4,1.6480440950979607,1.350723962114842
BL6-B10BR_HTxB,AV8N-2-CATAYQGGRALIF-AJ15_BV19-CASSPGTGETEVFF-BJ1-1,single,1,2.41379956460568,2.292781749227846
BL6-B10BR_HTxB,AV8N-2-CATDANKMIF-AJ47_BV3-CASSLSGGYSYEQYF-BJ2-7,single,1,0.9697383939907691,0.5101272677985661
BL6-B10BR_HTxB,AV8N-2-CATDARGGRALIF-AJ15_BV13-1-CASTGGVEQYF-BJ2-7,single,1,0.6274918436613969,0.29808135293299476
BL6-B10BR_HTxB,AV8N-2-CATDARGGRALIF-AJ15_BV26-CASSLGYNYAEQFF-BJ2-1,single,1,1.75,1.5405683813627027
BL6-B10BR_HTxB,AV8N-2-CATDASNNNAPRF-AJ43_BV13-2-CASGEDWGASAETLYF-BJ2-3,single,2,1.3636983367872397,1.2851578623783775
BL6-B10BR_HTxB,AV8N-2-CATDDQGGRALIF-AJ15_BV1-CTCSADAGRSAETLYF-BJ2-3,single,1,0.0,0.0
BL6-B10BR_HTxB,AV8N-2-CATDDQGGRALIF-AJ15_BV1-CTCSAVGANTEVFF-BJ1-1,single,1,2.263809173883546,2.0297473433940523
BL6-B10BR_HTxB,AV8N-2-CATDETGGYKVVF-AJ12_BV13-2-CASERQDTQYF-BJ2-5,single,1,2.4834585933443494,2.192645077942396
BL6-B10BR_HTxB,AV8N-2-CATDGSNNRIFF-AJ31_BV5-CASSQGLVDEQYF-BJ2-7,single,1,2.1241854163060885,1.7605340653046109
BL6-B10BR_HTxB,AV8N-2-CATDGYAQGLTF-AJ26_BV26-CASSLDRVDERLFF-BJ1-4,single,1,1.0,1.0
BL6-B10BR_HTxB,AV8N-2-CATDGYAQGLTF-AJ26_BV3-CASSPRTGYYAEQFF-BJ2-1,single,1,1.792481250360578,1.5849625007211563
BL6-B10BR_HTxB,AV8N-2-CATDSAGNKLTF-AJ17_BV12-1-CASSLEDNSDYTF-BJ1-2,single,1,1.1361073487075375,0.8881961010276535
BL6-B10BR_HTxB,AV8N-2-CATDSAGNKLTF-AJ17_BV13-2-CASGDLGFNQDTQYF-BJ2-5,single,10,1.8476254470799678,1.6155850035586863
BL6-B10BR_HTxB,AV8N-2-CATDSAGNKLTF-AJ17_BV14-CASSRDNNQAPLF-BJ1-5,single,1,2.5032583347756456,2.4329594072761065
BL6-B10BR_HTxB,AV8N-2-CATDSAGNKLTF-AJ17_BV3-CASSSGTGYEQYF-BJ2-7,single,1,0.4475842855458776,0.15779518486507177
BL6-B10BR_HTxB,AV8N-2-CATDYSNNRLTL-AJ7_BV1-CTCSAAISNERLFF-BJ1-4,single,1,2.306890595608519,2.1413558492455413
BL6-B10BR_HTxB,AV8N-2-CATDYSNNRLTL-AJ7_BV3-CASSLRDWEYEQYF-BJ2-7,single,1,1.5324194984468593,1.0635356568503354
BL6-B10BR_HTxB,AV8N-2-CATEGGGRALIF-AJ15_BV1-CTCSGTGANTEVFF-BJ1-1,single,9,1.311195414459429,1.0425641799327587
BL6-B10BR_HTxB,AV8N-2-CATEGGGRALIF-AJ15_BV13-1-CASSVAGREQYF-BJ2-7,single,1,1.0,1.0
BL6-B10BR_HTxB,AV8N-2-CATEGGGRALIF-AJ15_BV13-2-CASGDWGVEQYF-BJ2-7,single,1,1.5219280948873621,1.473931188332412
BL6-B10BR_HTxB,AV8N-2-CATEGGGRALIF-AJ15_BV17-CASSRLGSSYEQYF-BJ2-7,single,1,1.8248169862168617,1.5533405215479312
BL6-B10BR_HTxB,AV8N-2-CATEGGGRALIF-AJ15_BV2-CASSQDRVDTQYF-BJ2-5,single,1,1.2916919971380596,0.8867893895520093
BL6-B10BR_HTxB,AV8N-2-CATENQGGRALIF-AJ15_BV13-1-CASSDGPISGNTLYF-BJ1-3,single,2,1.263505585900024,1.0049238929781736
BL6-B10BR_HTxB,AV8N-2-CATENQGGRALIF-AJ15_BV2-CASSQETVSNERLFF-BJ1-4,single,2,1.762090833207953,1.2544890677158065
BL6-B10BR_HTxB,AV8N-2-CATENQGGRALIF-AJ15_BV3-CASSLGQISYEQYF-BJ2-7,single,1,0.8153877382708007,0.37115927943785665
BL6-B10BR_HTxB,AV8N-2-CATLTGYQNFYF-AJ49_BV13-2-CASGDWGGSYEQYF-BJ2-7,single,1,2.827819531114783,2.678071905112638
BL6-B10BR_HTxB,AV8N-2-CATLTGYQNFYF-AJ49_BV2-CASSQGAENTLYF-BJ2-4,single,1,0.9710904154145265,0.4455390468786555
BL6-B10BR_HTxB,AV8N-2-CATNVGDNSKLIW-AJ38_BV31-CAWSQGANSDYTF-BJ1-2,single,1,2.987090041620335,2.8538975079946347
BL6-B10BR_HTxB,AV9-1-CAGNTGYQNFYF-AJ49_BV13-2-CASGEGHYEQYF-BJ2-7,single,1,2.9648894517332405,2.8119789485830515
BL6-B10BR_HTxB,AV9-1-CAVRDNNAGAKLTF-AJ39_BV1-CTCSAVRIAETLYF-BJ2-3,single,5,1.1941576830286604,0.9611671531671562
BL6-B10BR_HTxB,AV9-1-CAVSAGGNNKLTF-AJ56_BV19-CASSIDANTEVFF-BJ1-1,single,1,1.2516291673878228,1.0
BL6-B10BR_HTxB,AV9-1-CAVSAGSNNRIFF-AJ31_BV1-CTCSVYRVQDTQYF-BJ2-5,single,2,0.7516193824707513,0.46373495458124736
BL6-B10BR_HTxB,AV9-1-CAVSALDSNYQLIW-AJ33_BV1-CTCSAVRVDSDYTF-BJ1-2,single,2,0.6569196359759939,0.3713060786536741
BL6-B10BR_HTxB,AV9-1-CAVSALDSNYQLIW-AJ33_BV17-CASRSRDIYNSPLYF-BJ1-6,single,1,0.7420497428217201,0.3496977053374513
BL6-B10BR_HTxB,AV9-1-CAVSNSNNRIFF-AJ31_BV1-CTCSAVRVGEQYF-BJ2-7,single,1,0.5875320761063266,0.24196600547915556
BL6-B10BR_HTxB,AV9-1-CAVTSSGSWQLIF-AJ22_BV13-1-CASSDVGYEQYF-BJ2-7,single,1,2.0202442071537563,1.8073549220576042
BL6-B10BR_HTxB,AV9-2-CATEGADRLTF-AJ45_BV1-CTCSAVRVSTEVFF-BJ1-1,single,1,0.5489544344250401,0.28080910756176963
BL6-B10BR_HTxB,AV9-2-CVLGGSGGKLTL-AJ44_BV19-CASSIWGDSYEQYF-BJ2-7,single,1,2.2988772683054703,2.278882321910874
BL6-B10BR_HTxB,AV9-2-CVLGNTGKLIF-AJ37_BV1-CTCSGDRVAEQFF-BJ2-1,single,1,0.0,0.0
BL6-B10BR_HTxB,AV9-2-CVLNTGNYKYVF-AJ40_BV13-3-CASSDPGEDQAPLF-BJ1-5,single,1,1.387291427643771,1.1343010917115912
BL6-B10BR_HTxB,AV9-2-CVLNTGNYKYVF-AJ40_BV19-CASSIDGRGNTLYF-BJ1-3,single,1,1.9877733714879842,1.974614681580086
BL6-B10BR_HTxB,AV9-2-CVLNTGYQNFYF-AJ49_BV1-CTCSALRISNERLFF-BJ1-4,single,1,0.305690689111261,0.1169527266283236
BL6-B10BR_HTxB,AV9-2-CVLNTGYQNFYF-AJ49_BV13-1-CASSDPGREQYF-BJ2-7,single,6,1.050028766561858,0.673986649238075
BL6-B10BR_HTxB,AV9-2-CVLNTGYQNFYF-AJ49_BV13-1-CASSVAGREQYF-BJ2-7,single,13,0.9665369448808482,0.6495203392602587
BL6-B10BR_HTxB,AV9-2-CVLNTGYQSFYV-AJ49_BV13-1-CASSVAGREQYF-BJ2-7,single,1,0.5142748316019082,0.2317597005006108
BL6-B10BR_HTxB,AV9-2-CVLQTGFASALTF-AJ35_BV3-CASSLNRVYEQYF-BJ2-7,single,1,2.197159723424149,2.091922489441039
BL6-B10BR_HTxB,AV9-2-CVLRGYNQGKLIF-AJ23_BV17-CASSRRGEQYF-BJ2-7,single,1,2.1999793267164867,1.8188505608954337
BL6-B10BR_HTxB,AV9-2-CVLSAANKMIF-AJ47_BV17-CASSRLGSSYEQYF-BJ2-7,single,1,2.9340736955235647,2.618394890923064
BL6-B10BR_HTxB,AV9-2-CVLSADYGNEKITF-AJ48_BV13-1-CASSDNWGAYEQYF-BJ2-7,single,2,1.7652556460983493,1.2869315510237735
BL6-B10BR_HTxB,AV9-2-CVLSAGNNRIFF-AJ31_BV1-CTCSAVRYNSPLYF-BJ1-6,single,3,0.9429271242812836,0.7042021459084037
BL6-B10BR_HTxB,AV9-2-CVLSAGNNRIFF-AJ31_BV13-1-CASSADRGQNTLYF-BJ2-4,single,1,0.4545344754210995,0.17231464092519838
BL6-B10BR_HTxB,AV9-2-CVLSAGNNRIFF-AJ31_BV14-CASRDVYAEQFF-BJ2-1,single,1,0.5032583347756457,0.3174821898561702
BL6-B10BR_HTxB,AV9-2-CVLSANTNKVVF-AJ34_BV15-CASSWDRGDNQAPLF-BJ1-5,single,1,2.5495234595978324,2.2927817492278457
BL6-B10BR_HTxB,AV9-2-CVLSAPNTNKVVF-AJ34_BV19-CASSMGTGGRPQYF-BJ2-5,single,1,0.0,0.0
BL6-B10BR_HTxB,AV9-2-CVLSASNYNVLYF-AJ21_BV19-CASSMGAEQFF-BJ2-1,single,1,2.1556390622295662,2.0
BL6-B10BR_HTxB,AV9-2-CVLSATNYNVLYF-AJ21_BV19-CASSMRQGQYF-BJ2-7,single,1,2.321928094887362,2.321928094887362
BL6-B10BR_HTxB,AV9-2-CVLSATTNTGKLTF-AJ27_BV19-CASSIGSSYEQYF-BJ2-7,single,1,1.7814164026211206,1.6047257555425862
BL6-B10BR_HTxB,AV9-2-CVLSAVYANKMIF-AJ47_BV1-CTCSARQGATEVFF-BJ1-1,single,1,1.971747257128181,1.7094098716456447
BL6-B10BR_HTxB,AV9-2-CVLSMNYNQGKLIF-AJ23_BV1-CTCSATGDGNTLYF-BJ1-3,single,1,2.535857775918279,1.9259994185562235
BL6-B10BR_HTxB,AV9-2-CVLTPDTNAYKVIF-AJ30_BV1-CTCSAATDTEVFF-BJ1-1,single,1,0.6782764202424549,0.30975698483628983
BL6-B10BR_HTxB,AV9-2-CVLTPDTNAYKVIF-AJ30_BV1-CTCSAGLGVNQDTQYF-BJ2-5,single,1,2.973560087960017,2.7190721841302263
BL6-B10BR_HTxB,AV9-2-CVLTPDTNAYKVIF-AJ30_BV12-1-CASSLGALEQYF-BJ2-7,single,28,0.897451322286181,0.539219942643911
BL6-B10BR_HTxB,AV9-2-CVLTPDTNAYKVIF-AJ30_BV13-1-CASSDVNTEVFF-BJ1-1,single,1,0.39045213081320695,0.1773962508734473
BL6-B10BR_HTxB,AV9-2-CVLTPDTNAYKVIF-AJ30_BV13-2-CASGDAGGGNERLFF-BJ1-4,single,1,0.0,0.0
BL6-B10BR_HTxB,AV9-2-CVLTPDTNAYKVIF-AJ30_BV13-2-CASGWTNSDYTF-BJ1-2,single,1,0.4936191872801264,0.21625480270444292
BL6-B10BR_HTxB,AV9-2-CVLTPDTNAYKVIF-AJ30_BV16-CASSLVGNQDTQYF-BJ2-5,single,1,2.1073821079310213,1.709878229234517
BL6-B10BR_HTxB,AV9-2-CVTGSGGKLTL-AJ44_BV13-2-CASGDQGNSGNTLYF-BJ1-3,single,1,0.3434451252860304,0.12837772530584707
BL6-B10BR_HTxB,AV9-4-CAANTGANTGKLTF-AJ52_BV14-CASSDRYEQYF-BJ2-7,single,1,1.657742726504889,1.3856536924977494
BL6-B10BR_HTxB,AV9-4-CATNTGNYKYVF-AJ40_BV13-2-CASGDAGIDTQYF-BJ2-5,single,1,2.577819531114783,2.415037499278844
BL6-B10BR_HTxB,AV9-4-CAVIDTEGADRLTF-AJ45_BV1-CTCSAVRVQNTLYF-BJ2-4,single,17,1.0286798307011862,0.7857371767830944
BL6-B10BR_HTxB,AV9-4-CAVIDTEGADRLTF-AJ45_BV13-3-CASSDPGEDQAPLF-BJ1-5,single,1,1.3715043990469358,1.1343621827340598
BL6-B10BR_HTxB,AV9-4-CAVIDTEGADRLTF-AJ45_BV19-CASSIQDQDTQYF-BJ2-5,single,1,1.9219280948873623,1.8365012677171204
BL6-B10BR_HTxB,AV9-4-CAVINYGNEKITF-AJ48_BV4-CASRQGRGSDYTF-BJ1-2,single,1,1.4911148500551858,1.137503523749935
BL6-B10BR_HTxB,AV9-4-CAVNNNAGAKLTF-AJ39_BV1-CTCSAARDSDYTF-BJ1-2,single,1,2.646601502956935,2.357699225909184
BL6-B10BR_HTxB,AV9-4-CAVRGYGNEKITF-AJ48_BV13-3-CASSERTGANERLFF-BJ1-4,single,1,1.9362600275315274,1.8744691179161412
BL6-B10BR_HTxB,AV9-4-CAVRPSSFSKLVF-AJ50_BV1-CTCSGDWGSAETLYF-BJ2-3,single,1,2.7107770844150676,2.432959407276106
BL6-B10BR_HTxB,AV9-4-CAVRTDYANKMIF-AJ47_BV13-2-CASGDSYEQYF-BJ2-7,single,1,0.9405163250684047,0.41740398251071287
BL6-B10BR_HTxB,AV9-4-CAVRTDYANKMIF-AJ47_BV3-CASSLARGYEQYF-BJ2-7,single,1,0.42582969623866895,0.1809365223280593
BL6-B10BR_HTxB,AV9-4-CAVRTDYANKMIF-AJ47_BV3-CASSLSSYEQYF-BJ2-7,single,16,0.5886806133017515,0.3232266112264989
BL6-B10BR_HTxB,AV9-4-CAVSADSNYQLIW-AJ33_BV29-CASSAGGEVFF-BJ1-1,single,2,1.7516291673878228,1.7164797036380532
BL6-B10BR_HTxB,AV9-4-CAVSADYANKMIF-AJ47_BV3-CASSLTGGAHEQYF-BJ2-7,single,1,2.8016094970590277,2.434402824145775
BL6-B10BR_HTxB,AV9-4-CAVSADYANKMIF-AJ47_BV31-CAWSLAQGYEQYF-BJ2-7,single,10,1.7935990672575008,1.5578920049986436
BL6-B10BR_HTxB,AV9-4-CAVSAGGGSNAKLTF-AJ42_BV31-CAWGQGAGNTLYF-BJ1-3,single,2,1.2415221568644825,0.8562981943842807
BL6-B10BR_HTxB,AV9-4-CAVSAGGGSNTKL-AJ42_BV1-CTCSADWGNYAEQFF-BJ2-1,single,1,0.847584679824574,0.4540316308947077
BL6-B10BR_HTxB,AV9-4-CAVSALGYQNFYF-AJ49_BV14-CASRDRGEQYF-BJ2-7,single,1,0.7380636700495734,0.4569681797447622
BL6-B10BR_HTxB,AV9-4-CAVSALSSGGSNYKLTF-AJ53_BV13-1-CASSDVNQAPLF-BJ1-5,single,1,1.8233891144898942,1.3452160497812724
BL6-B10BR_HTxB,AV9-4-CAVSANSNNRIFF-AJ31_BV13-1-CASSDTGNTEVFF-BJ1-1,single,1,1.9219280948873623,1.8365012677171204
BL6-B10BR_HTxB,AV9-4-CAVSANYNQGKLIF-AJ23_BV2-CASSQDRSGNTLYF-BJ1-3,single,1,2.6566290610815693,2.1841536170487563
BL6-B10BR_HTxB,AV9-4-CAVSANYNQGKLIF-AJ23_BV20-CGAREGNERLFF-BJ1-4,single,1,2.2516291673878226,2.169925001442312
BL6-B10BR_HTxB,AV9-4-CAVSAPTGNYKYVF-AJ40_BV13-3-CASSDLGISQNTLYF-BJ2-4,single,1,2.263809173883546,2.029747343394052
BL6-B10BR_HTxB,AV9-4-CAVSAQGFASALTF-AJ35_BV20-CGARDWGGYEQYF-BJ2-7,single,1,2.197159723424149,2.091922489441039
BL6-B10BR_HTxB,AV9-4-CAVSASSGSWQLIF-AJ22_BV13-2-CASGEGGVEQYF-BJ2-7,single,1,0.7219280948873623,0.5563933485243849
BL6-B10BR_HTxB,AV9-4-CAVSAYYGNEKITF-AJ48_BV13-2-CASGPGTGDYNSPLYF-BJ1-6,single,1,2.963745994207332,2.8073549220576046
BL6-B10BR_HTxB,AV9-4-CAVSGDYANKMIF-AJ47_BV1-CTCSADRGVYAEQFF-BJ2-1,single,1,1.5,1.415037499278844
BL6-B10BR_HTxB,AV9-4-CAVSGDYANKMIF-AJ47_BV19-CASSIGRTGREVFF-BJ1-1,single,1,2.186704345910025,2.0608822421470223
BL6-B10BR_HTxB,AV9-4-CAVSGDYANKMIF-AJ47_BV3-CASSLGTGYEQYF-BJ2-7,single,27,0.8351620895748403,0.46832503090153055
BL6-B10BR_HTxB,AV9-4-CAVSGPRNNNNAPRF-AJ43_BV1-CTCSAGTGEGAETLYF-BJ2-3,single,1,1.871602261409798,1.3380477602506395
BL6-B10BR_HTxB,AV9-4-CAVSLTGNTGKLIF-AJ37_BV3-CASSLGLYEQYF-BJ2-7,single,1,2.947216297930557,2.786169592166976
BL6-B10BR_HTxB,AV9-4-CAVSMDYANKMIF-AJ47_BV1-CTCSAVRISNERLFF-BJ1-4,single,1,0.2958059408470168,0.12779748905580376
BL6-B10BR_HTxB,AV9-4-CAVSMDYANKMIF-AJ47_BV13-2-CASGDAGGLYEQYF-BJ2-7,single,1,1.6483655933668584,1.003275132032861
BL6-B10BR_HTxB,AV9-4-CAVSMDYANKMIF-AJ47_BV13-3-CASSDNWGAETLYF-BJ2-3,single,1,1.6516598775783056,1.4546668748459455
BL6-B10BR_HTxB,AV9-4-CAVSMDYANKMIF-AJ47_BV3-CASSLGGGYEQYF-BJ2-7,single,3,0.9258688119111232,0.5116154514871747
BL6-B10BR_HTxB,AV9-4-CAVSMDYANKMIF-AJ47_BV3-CASSLGQISNERLFF-BJ1-4,single,1,2.2877837199410704,2.0433274316641006
BL6-B10BR_HTxB,AV9-4-CAVSMDYANKMIF-AJ47_BV3-CASSLGTGYEQYF-BJ2-7,single,17,0.7405047993038405,0.46577090105709384
BL6-B10BR_HTxB,AV9-4-CAVSPNQGGSAKLIF-AJ57_BV1-CTCSANWGYEQYF-BJ2-7,single,7,0.979546381211696,0.5980038934520774
BL6-B10BR_HTxB,AV9-4-CAVSSYQGGRALIF-AJ15_BV17-CASRTDYAEQFF-BJ2-1,single,1,2.679374370513199,2.4270101409449203
BL6-B10BR_HTxB,AV9-4-CAVSTNYNQGKLIF-AJ23_BV20-CGAREGNTEVFF-BJ1-1,single,1,0.0,0.0
BL6-B10BR_HTxB,AV9-4-CAVSVDYANKMIF-AJ47_BV3-CASSLGTGYEQYF-BJ2-7,single,1,0.7792275530580187,0.35889442124131
BL6-B10BR_HTxB,AV9-4-CAVSWDTGYQNFYF-AJ49_BV1-CTCSADLGRQYF-BJ2-7,single,1,1.6774212838293647,1.5081469036703252
BL6-B10BR_HTxB,AV9-4-CAVTDNSAGNKLTF-AJ17_BV13-1-CASSDTGAGAEQFF-BJ2-1,single,2,0.8472682955959724,0.3972443565821996
BL6-B10BR_HTxB,AV9-4-CAVTDNSAGNKLTI-AJ17_BV20-CGARDWGGYEQYF-BJ2-7,single,1,1.3709505944546687,1.1844245711374275
BL6-B10BR_HTxB,AV9D-1-CAVGNYAQGLTF-AJ26_BV2-CASSQDRRGDTQYF-BJ2-5,single,1,2.4342500190281053,2.308901414591123
BL6-B10BR_HTxB,AV9D-1-CAVITGYQNFYF-AJ49_BV29-CASRQGADTQYF-BJ2-5,single,1,1.3709505944546687,1.1844245711374273
BL6-B10BR_HTxB,AV9D-1-CAVSPSSGSWQLIF-AJ22_BV29-CASSFLGTNAEQFF-BJ2-1,single,1,2.0487949406953985,1.9125371587496607
BL6-B10BR_HTxB,AV9D-2-CVLGDYSNNRLTL-AJ7_BV13-2-CASGDGLGDYEQYF-BJ2-7,single,1,1.1606586502711562,0.6663426125305306
BL6-B10BR_HTxB,AV9D-2-CVLNSAGNKLTF-AJ17_BV13-2-CAAGTVNTEVFF-BJ1-1,single,1,0.8112781244591328,0.6780719051126377
BL6-B10BR_HTxB,AV9D-2-CVLSADTNAYKVIF-AJ30_BV2-CASSQDWGEDTQYF-BJ2-5,single,1,0.0,0.0
BL6-B10BR_HTxB,AV9D-2-CVLSAESNYQLIW-AJ33_BV19-CASSIVQNTGQLYF-BJ2-2,single,1,2.4219280948873623,2.0892673380970868
BL6-B10BR_HTxB,AV9D-2-CVLSDNYAQGLTF-AJ26_BV13-1-CASSDRGNTEVFF-BJ1-1,single,1,1.0957952550009336,0.8103387804964255
BL6-B10BR_HTxB,AV9D-2-CVLSDYSNNRLTL-AJ7_BV1-CTCSADRGVYAEQFF-BJ2-1,single,1,1.5044201498452234,1.078951341394822
BL6-B10BR_HTxB,AV9D-2-CVLSDYSNNRLTL-AJ7_BV1-CTCSRDNNQAPLF-BJ1-5,single,1,0.8112781244591328,0.6780719051126377
BL6-B10BR_HTxB,AV9D-2-CVLSDYSNNRLTL-AJ7_BV13-2-CASGARTGENYAEQFF-BJ2-1,single,1,1.2232971020599026,0.5610291723722579
BL6-B10BR_HTxB,AV9D-2-CVLSDYSNNRLTL-AJ7_BV13-2-CASGDGLGDYEQYF-BJ2-7,single,77,1.0387603242511294,0.6900251789382497
BL6-B10BR_HTxB,AV9D-2-CVLSDYSNNRLTL-AJ7_BV13-2-CASGDGLGDYGQYF-BJ2-7,single,1,2.0,2.0
BL6-B10BR_HTxB,AV9D-2-CVLSDYSNNRLTL-AJ7_BV13-2-CASGDQGNSGNTLYF-BJ1-3,single,1,1.8358643587611192,1.3731172441529471
BL6-B10BR_HTxB,AV9D-2-CVLSDYSNNRLTL-AJ7_BV13-3-CASSNRGVGNTLYF-BJ1-3,single,1,0.8723032997331261,0.3697465954989206
BL6-B10BR_HTxB,AV9D-2-CVLSGDTNAYKVIF-AJ30_BV3-CASSSGQISNERLFF-BJ1-4,single,1,3.266904636414701,3.087989853143282
BL6-B10BR_HTxB,AV9D-2-CVLSLASSGSWQLIF-AJ22_BV13-1-CASSEGFSGNTLYF-BJ1-3,single,1,1.207518749639422,0.777607578663552
BL6-B10BR_HTxB,AV9D-2-CVLSPHVGDNSKLIW-AJ38_BV4-CASSSWGEDTQYF-BJ2-5,single,1,2.4748917178498937,2.388912429362231
BL6-B10BR_HTxB,AV9D-3-CADRGSALGRLHF-AJ18_BV12-1-CASSLDLGVSQNTLYF-BJ2-4,single,1,2.161978179679554,2.0433274316641
BL6-B10BR_HTxB,AV9D-3-CAGRDYSNNRLTL-AJ7_BV1-CTCSAVRISNERLFF-BJ1-4,single,1,0.24988229283318544,0.12007645199175057
BL6-B10BR_HTxB,AV9D-3-CAILPGTGSNRLTF-AJ28_BV13-2-CASGDALGGYEQYF-BJ2-7,single,1,2.6377899378245138,2.3041533931593867
BL6-B10BR_HTxB,AV9D-3-CALASSGSWQLIF-AJ22_BV13-1-CASSESAETLYF-BJ2-3,single,1,2.83284113467238,2.477557250930065
BL6-B10BR_HTxB,AV9D-3-CALRYQGGRALIF-AJ15_BV12-2-CASSLEGADTEVFF-BJ1-1,single,1,0.9314090352635136,0.42909017529705024
BL6-B10BR_HTxB,AV9D-3-CALSHYNQGKLIF-AJ23_BV29-CASSPGAEQFF-BJ2-1,single,1,3.09306920777189,3.0297473433940523
BL6-B10BR_HTxB,AV9D-3-CALSLDTNAYKVIF-AJ30_BV13-2-CASGDWEQYF-BJ2-7,single,1,1.9609640474436811,1.6438561897747246
BL6-B10BR_HTxB,AV9D-3-CALSPTNSAGNKLTF-AJ17_BV12-2-CASSLLQNSDYTF-BJ1-2,single,1,0.0,0.0
BL6-B10BR_HTxB,AV9D-3-CALVSNTNKVVF-AJ34_BV1-CTCSAVRVDEQYF-BJ2-7,single,1,0.5912431286846735,0.2793806932472911
BL6-B10BR_HTxB,AV9D-3-CALVSNTNKVVF-AJ34_BV13-1-CASSDVNTEVFF-BJ1-1,single,5,0.7011544070832915,0.40577201661766515
BL6-B10BR_HTxB,AV9D-3-CAVGYQNFYF-AJ49_BV13-1-CASSDWEDYAEQFF-BJ2-1,single,1,1.584962500721156,1.5849625007211563
BL6-B10BR_HTxB,AV9D-3-CAVNRGKLIF-AJ23_BV13-2-CASGGQTEVFF-BJ1-1,single,3,0.46631878047462977,0.23909861221072756
BL6-B10BR_HTxB,AV9D-3-CAVRNSNNRIFF-AJ31_BV2-CASSPRQINQDTQYF-BJ2-5,single,1,1.3085103444767268,0.7647105846491102
BL6-B10BR_HTxB,AV9D-3-CAVRNTGYQNFYF-AJ49_BV20-CGARDWGGEEQYF-BJ2-7,single,1,2.593751954420502,2.3492354408830978
BL6-B10BR_HTxB,AV9D-3-CAVSIGSNYNVLYF-AJ21_BV1-CTCSADRGVYEQYF-BJ2-7,single,1,1.8423709931771088,1.7078192485066896
BL6-B10BR_HTxB,AV9D-3-CAVSILNYNQGKLIF-AJ23_BV12-2-CASSPGPSAETLYF-BJ2-3,single,1,2.75,2.5405683813627027
BL6-B10BR_HTxB,AV9D-3-CAVSILNYNQGKLIF-AJ23_BV14-CASSLDRNYAEQFF-BJ2-1,single,2,2.2390979179887864,2.0343376042309487
BL6-B10BR_HTxB,AV9D-3-CAVSITGNTGKLIF-AJ37_BV12-2-CASSRGGHQDTQYF-BJ2-5,single,3,2.184360135767564,1.9613511744271548
BL6-B10BR_HTxB,AV9D-3-CAVSITGNTGKLIF-AJ37_BV13-1-CASSAWGDEQYF-BJ2-7,single,1,2.0,2.0
BL6-B10BR_HTxB,AV9D-3-CAVSLASSGSWQLIF-AJ22_BV19-CASSIARSAETLYF-BJ2-3,single,1,1.040852082972755,0.7436602467402145
BL6-B10BR_HTxB,AV9D-3-CAVSLNSNNRIFF-AJ31_BV13-3-CASSDPGGYAEQFF-BJ2-1,single,1,1.295461844238322,1.120294233717712
BL6-B10BR_HTxB,AV9D-3-CAVSMDSNYQLIW-AJ33_BV12-1-CASSLDGSGNTLYF-BJ1-3,single,1,2.772450930484563,2.614957241018994
BL6-B10BR_HTxB,AV9D-3-CAVSMNMGYKLTF-AJ9_BV13-3-CASSDPDNNQAPLF-BJ1-5,single,1,2.2261207468426805,2.0
BL6-B10BR_HTxB,AV9D-3-CAVSMNNYAQG-AJ26_BV1-CTCSADGVQDTQYF-BJ2-5,single,1,0.5971742475310853,0.30912173775830476
BL6-B10BR_HTxB,AV9D-3-CAVSMNNYAQGLTF-AJ26_BV16-CASSLGTGGSDYTF-BJ1-2,single,1,2.481714572986073,2.3953012812175816
BL6-B10BR_HTxB,AV9D-3-CAVSMRSNNRIFF-AJ31_BV13-3-CASSDRGPEVFF-BJ1-1,single,1,1.7527152789797047,1.5849625007211563
BL6-B10BR_HTxB,AV9D-3-CAVSMSNYNVLYF-AJ21_BV1-CTCSADRGVYAEQFF-BJ2-1,single,1,2.8626796641153764,2.4760669326764035
BL6-B10BR_HTxB,AV9D-3-CAVSMSNYNVLYF-AJ21_BV13-2-CASGDINERLFF-BJ1-4,single,2,1.703795229059946,1.5411375233989162
BL6-B10BR_HTxB,AV9D-3-CAVSMSNYNVLYF-AJ21_BV16-CASSLDRTGGSQNTLYF-BJ2-4,single,1,2.074164743022575,1.85982234195174
BL6-B10BR_HTxB,AV9D-3-CAVSMSTNTGKLTF-AJ27_BV1-CTCSGDNNYAEQFF-BJ2-1,single,1,1.5,1.415037499278844
BL6-B10BR_HTxB,AV9D-3-CAVSNMGYKLTF-AJ9_BV26-CASSLSRVNSDYTF-BJ1-2,single,2,1.9859279989629661,1.7809827341791797
BL6-B10BR_HTxB,AV9D-3-CAVSPNYNVLYF-AJ21_BV13-2-CASGAETGGSYEQYF-BJ2-7,single,1,2.33012496531497,1.883043853654151
BL6-B10BR_HTxB,AV9D-3-CAVSQNYNQGKLIF-AJ23_BV5-CASSQGTGEQYF-BJ2-7,single,1,1.0,1.0
BL6-B10BR_HTxB,AV9D-3-CAVSRNSNNRIFF-AJ31_BV5-CASSQQGYEQYF-BJ2-7,single,1,2.4591479170272446,2.3625700793847084
BL6-B10BR_HTxB,AV9D-3-CAVSSGSALGRLHF-AJ18_BV13-2-CASGDPTGVNYAEQFF-BJ2-1,single,1,1.9182958340544896,1.84799690655495
BL6-B10BR_HTxB,AV9D-3-CAVSSSGSWQLIF-AJ22_BV13-2-CASGDNYEQYF-BJ2-7,single,1,0.8228791493763113,0.41765778553951527
BL6-B10BR_HTxB,AV9D-3-CAVSTNYNQGKLIF-AJ23_BV14-CASSRDRGRAEQFF-BJ2-1,single,1,1.7924812503605778,1.584962500721156
BL6-B10BR_HTxB,AV9D-3-CAVYQGGRALIF-AJ15_BV1-CTCSTTGGASAETLYF-BJ2-3,single,1,1.8910611120726528,1.816288046827612
BL6-B10BR_HTxB,AV9D-4-CVLSDYSNNRLTL-AJ7_BV13-2-CASGDGLGDYEQYF-BJ2-7,single,2,1.3666659648063653,1.0939111194499542
BL6-B10BR_HTxB,AV9D-4-CVLSDYSNNRLTL-AJ7_BV29-CASSSGSNSDYTF-BJ1-2,single,1,2.5135115182719727,2.0458036896131246
BL6-B10BR_HTxB,AV9D-4-CVLSNYSNNRLTL-AJ7_BV13-2-CASGDGLGDYEQYF-BJ2-7,single,1,1.2216840934491968,0.6044088356696725
BL6-B10BR_HTxB,AV9N-4-CALSIDNYAQGLTF-AJ26_BV5-CASSQDWVSYEQYF-BJ2-7,single,1,1.5219280948873621,1.473931188332412
BL6-B10BR_HTxB,AV9N-4-CALSMSNYNVLYF-AJ21_BV1-CTCSADRGSYEQYF-BJ2-7,single,1,2.5073801024236357,2.446683125895309
BL6-B10BR_HTxB,AV9N-4-CALSMSNYNVLYF-AJ21_BV5-CASSLRGEVFF-BJ1-1,single,1,1.4056390622295665,1.2995602818589078
BL6-B10BR_HTxB,AV9N-4-CALSRDNYAQGLTF-AJ26_BV13-2-CASGDAGIDTQYF-BJ2-5,single,1,1.792481250360578,1.5849625007211563
BL6-B10BR_HTxB,AV1-CAVRDRTGNTGKLIF-AJ37_BV13-2-CASGDQGNSGNTLYF-BJ1-3,dual,18,0.7133347832241518,0.39800341305049947
BL6-B10BR_HTxB,AV10-CAASLDTNAYKVIF-AJ30_BV13-2-CASGGQTEVFF-BJ1-1,dual,8,0.6819569606318867,0.3612695696951488
BL6-B10BR_HTxB,AV12-1-CALNNNNAPRF-AJ43_BV13-1-CASSPGLGENTLYF-BJ2-4,dual,9,1.072660000023647,0.739272076082782
BL6-B10BR_HTxB,AV12-2-CALRVNNYAQGLTF-AJ26_BV1-CTCSAVRVSTEVFF-BJ1-1,dual,4,0.8056390045562181,0.5169769473209603
BL6-B10BR_HTxB,AV12-2-CATANYGNEKITF-AJ48_BV23-CSSSQWQGASDYTF-BJ1-2,dual,6,1.8307403111353657,1.5388925166269825
BL6-B10BR_HTxB,AV13-2-CAIDTNTGKLTF-AJ27_BV31-CAWSLGYAEQFF-BJ2-1,dual,5,1.13163810815174,0.8061654746696828
BL6-B10BR_HTxB,AV13D-3-CATNSAGNKLTF-AJ17_BV13-1-CASSDQGTEVFF-BJ1-1,dual,7,1.1848212212684808,0.9544516820327295
BL6-B10BR_HTxB,AV13N-3-CASNNRIFF-AJ31_BV1-CTCSADRVQGTQYF-BJ2-5,dual,8,1.0785071598383968,0.6765633927960639
BL6-B10BR_HTxB,AV14D-1-CAARGNYNQGKLIF-AJ23_BV1-CTCSAVGFAETLYF-BJ2-3,dual,32,0.8937501129933221,0.6001567434444693
BL6-B10BR_HTxB,AV14D-3/DV8-CAASPNYNVLYF-AJ21_BV31-CAWGQGAGNTLYF-BJ1-3,dual,8,1.7649662949664946,1.5124168112950827
BL6-B10BR_HTxB,AV15-1/DV6-1-CALWELNNNAGAKLTF-AJ39_BV3-CASSLGGGYEQYF-BJ2-7,dual,5,1.0926589716963369,0.6740484522270738
BL6-B10BR_HTxB,AV16-CAMREDSNYQLIW-AJ33_BV3-CASSPGQISNERLFF-BJ1-4,dual,12,1.005096320424738,0.7425254488116974
BL6-B10BR_HTxB,AV16-CAMREGDSNYQLIW-AJ33_BV3-CASSPDWTSAETLYF-BJ2-3,dual,4,1.4746284388838085,1.1157058406829803
BL6-B10BR_HTxB,AV16-CAMREGYDTNAYKVIF-AJ30_BV13-2-CASGDIYEQYF-BJ2-7,dual,4,1.5350605209015624,1.237425120454561
BL6-B10BR_HTxB,AV16N-CAMREVSNYNVLYF-AJ21_BV13-2-CASGDQGNSGNTLYF-BJ1-3,dual,8,0.5454748467319737,0.27624276718795804
BL6-B10BR_HTxB,AV17-CALPGYQNFYF-AJ49_BV3-CASSLGVSYEQYF-BJ2-7,dual,4,0.3480083011183848,0.1691986703349178
BL6-B10BR_HTxB,AV19-CAAGITGYQNFYF-AJ49_BV17-CASSRLGSSYEQYF-BJ2-7,dual,14,0.8163586570826646,0.5398936435926182
BL6-B10BR_HTxB,AV19-CAAGSNYQLIW-AJ33_BV1-CTCSADWVSNERLFF-BJ1-4,dual,5,1.8522130729796367,1.5645418422703194
BL6-B10BR_HTxB,AV3D-3-CAVESSNTNKVVF-AJ34_BV13-2-CASGRDRAQNTLYF-BJ2-4,dual,6,0.8171758127796731,0.4396452368538237
BL6-B10BR_HTxB,AV4-4/DV10-CAAEENTGYQNFYF-AJ49_BV13-3-CASQNTLYF-BJ2-4,dual,9,1.3825017492544098,1.1330017900389002
BL6-B10BR_HTxB,AV4-4/DV10-CAAEENTGYQNFYF-AJ49_BV14-CASSFGTGGEQYF-BJ2-7,dual,5,1.8973450401364194,1.524285363280238
BL6-B10BR_HTxB,AV5-4-CAASNTNTGKLTF-AJ27_BV13-2-CASGRDRAQNTLYF-BJ2-4,dual,9,1.0734411400667256,0.6237927871164254
BL6-B10BR_HTxB,AV5-4-CAASVGGSAKLIF-AJ57_BV13-3-CASSDRDTEVFF-BJ1-1,dual,10,1.285024377278863,0.913472288833429
BL6-B10BR_HTxB,AV5-4-CAASVGGSAKLIF-AJ57_BV5-CASSHRDNNERLFF-BJ1-4,dual,17,1.0416153309452465,0.7343282025830744
BL6-B10BR_HTxB,AV6-3-CAMRSNYNVLYF-AJ21_BV13-2-CASGDAGVNQDTQYF-BJ2-5,dual,6,1.1800399115339484,0.912445415488401
BL6-B10BR_HTxB,AV6D-5-CALGSNNNAGAKLTF-AJ39_BV13-1-CASSPGLGENTLYF-BJ2-4,dual,4,1.243555262094497,0.9729314896158127
BL6-B10BR_HTxB,AV6D-7-CALGDHMGYKLTF-AJ9_BV19-CASRGFAEQFF-BJ2-1,dual,16,0.7785582516230487,0.40292285547358553
BL6-B10BR_HTxB,AV6D-7-CALGDHMGYKLTF-AJ9_BV26-CASSLGGYAEQFF-BJ2-1,dual,6,1.0338346207669142,0.6882495029835002
BL6-B10BR_HTxB,AV6D-7-CALGDNNNAPRF-AJ43_BV31-CAWSLGNYAEQFF-BJ2-1,dual,9,1.023898171635461,0.5839870866235712
BL6-B10BR_HTxB,AV7-2-CAAINTNTGKLTF-AJ27_BV13-2-CASGDAGGGNERLFF-BJ1-4,dual,5,1.0930189681480633,0.8172471068787163
BL6-B10BR_HTxB,AV7-2-CAAITGSGGKLTL-AJ44_BV31-CAWSLGNYAEQFF-BJ2-1,dual,6,1.2679786060394902,0.9022011357523548
BL6-B10BR_HTxB,AV7-3-CAGTGNYKYVF-AJ40_BV13-1-CASSDAQGSNERLFF-BJ1-4,dual,8,0.30543469947268964,0.1349524006534415
BL6-B10BR_HTxB,AV7-5-CAVRPSGSWQLIF-AJ22_BV1-CTCSAVGFAETLYF-BJ2-3,dual,8,1.007842631460648,0.7659449446114682
BL6-B10BR_HTxB,AV7-5-CAVSMKGGRALIF-AJ15_BV3-CASSPDWTSAETLYF-BJ2-3,dual,16,1.0224988325508202,0.6813243860444146
BL6-B10BR_HTxB,AV7D-5-CAVSMNYNQGKLIF-AJ23_BV13-2-CASGDAGNQAPLF-BJ1-5,dual,14,0.9251702437398768,0.6359234115199764
BL6-B10BR_HTxB,AV7D-6-CAVTTNTGKLTF-AJ27_BV1-CTCSAVRYNSPLYF-BJ1-6,dual,4,0.9386785492372977,0.6679365911262547
BL6-B10BR_HTxB,AV8-2-CATNTGNYKYVF-AJ40_BV1-CTCSAGGLGSTGQLYF-BJ2-2,dual,6,1.8734433584418866,1.6507763597738576
BL6-B10BR_HTxC,AV1-CAGSSNTNKVVF-AJ34_BV1-CTCSADRGVNSPLYF-BJ1-6,single,1,0.7228578977329688,0.42269107182227905
BL6-B10BR_HTxC,AV1-CAVRAMSNYNVLYF-AJ21_BV13-1-CASSSGQGDNQAPLF-BJ1-5,single,1,2.872905595320056,2.6438561897747244
BL6-B10BR_HTxC,AV1-CAVRDQDNNRIFF-AJ31_BV31-CAWATGYTEVFF-BJ1-1,single,1,0.5804835169703004,0.24808406436782243
BL6-B10BR_HTxC,AV1-CAVREETGFASALTF-AJ35_BV1-CTCSAGSQNTLYF-BJ2-4,single,1,1.186278124459133,0.7711813095041191
BL6-B10BR_HTxC,AV10-CAAGGSAKLIF-AJ57_BV3-CASSLGQGTEVFF-BJ1-1,single,1,2.474024420865021,2.1046973786666934
BL6-B10BR_HTxC,AV10-CAASASSGSWQLIF-AJ22_BV31-CAWSPDYQNTLYF-BJ2-4,single,1,2.2977186261552776,2.082462160191973
BL6-B10BR_HTxC,AV10-CAASDNNAGAKLTF-AJ39_BV17-CASSPGTSYNSPLYF-BJ1-6,single,1,2.5495080057422195,2.3770111602574384
BL6-B10BR_HTxC,AV10-CAASDNNAGAKLTF-AJ39_BV3-CASSLRDWEYEQYF-BJ2-7,single,1,0.5680246139910585,0.3345719523451602
BL6-B10BR_HTxC,AV10-CAASEDSNYQLIW-AJ33_BV26-CASSPTGGNSGNTLYF-BJ1-3,single,1,0.5660834921220874,0.2634619343717837
BL6-B10BR_HTxC,AV10-CAASLNTGNYKYVF-AJ40_BV1-CTCSAVRYAEQFF-BJ2-1,single,1,0.6685644431995964,0.37064337992039037
BL6-B10BR_HTxC,AV10-CAASMANTNKVVF-AJ34_BV13-3-CASSDRDEQFF-BJ2-1,single,1,0.7732283485249176,0.45836493094294434
BL6-B10BR_HTxC,AV10-CAASMDYANKMIF-AJ47_BV1-CTCSVTPNSDYTF-BJ1-2,single,7,0.9115732523584545,0.588066970453191
BL6-B10BR_HTxC,AV10-CAASMDYANKMIF-AJ47_BV3-CASSFSGGYAEQFF-BJ2-1,single,1,0.222284830685688,0.10295719034782845
BL6-B10BR_HTxC,AV10-CAASMDYANKMIF-AJ47_BV3-CASSHGQISNERLFF-BJ1-4,single,1,0.0,0.0
BL6-B10BR_HTxC,AV10-CAASMDYNQGKLIF-AJ23_BV3-CASSTGTGYEQYF-BJ2-7,single,1,0.6203695126579897,0.26409815268630343
BL6-B10BR_HTxC,AV10-CAASMTNSAGNKL-AJ17_BV17-CASSPGQGYTGQLYF-BJ2-2,single,1,2.1556390622295662,2.0
BL6-B10BR_HTxC,AV10-CAASMTNSAGNKLTF-AJ17_BV13-2-CASGDQGASGNTLYF-BJ1-3,single,1,1.4182958340544896,1.040641984497346
BL6-B10BR_HTxC,AV10-CAASMTNSAGNKLTF-AJ17_BV13-2-CASGGDNSPLYF-BJ1-6,single,1,0.3809465857053901,0.2128587974476477
BL6-B10BR_HTxC,AV10-CAASMTNSAGNKLTF-AJ17_BV14-CASSLRGEQYF-BJ2-7,single,1,0.4689955935892812,0.2863041851566409
BL6-B10BR_HTxC,AV10-CAASMTNSAGNKLTF-AJ17_BV26-CASRDWGQDTQYF-BJ2-5,single,28,0.8031402950126157,0.49586464169388716
BL6-B10BR_HTxC,AV10-CAASMTNSAGNKLTF-AJ17_BV3-CASSLGQISNERLFF-BJ1-4,single,1,0.6689955935892812,0.2995602818589078
BL6-B10BR_HTxC,AV10-CAASMTNSTGNKL-AJ17_BV13-2-CASGTGGANTLYF-BJ2-4,single,1,1.2957378005380122,1.1720607457863035
BL6-B10BR_HTxC,AV10-CAASNNNAGAKLTF-AJ39_BV13-3-CASSPGQNYAEQFF-BJ2-1,single,1,0.9182958340544896,0.84799690655495
BL6-B10BR_HTxC,AV10-CAASNSAPRF-AJ43_BV3-CASSLRDWGHEQYF-BJ2-7,single,1,2.5219280948873624,2.184424571137427
BL6-B10BR_HTxC,AV10-CAASNTGYQNFYF-AJ49_BV1-CTCSAGAEVFF-BJ1-1,single,1,0.0,0.0
BL6-B10BR_HTxC,AV10-CAASPDYANKMIF-AJ47_BV12-1-CASSRGQEDTQYF-BJ2-5,single,1,0.6075575039285437,0.2898881059367831
BL6-B10BR_HTxC,AV10-CAASPNSNNRIFF-AJ31_BV13-3-CASSDRYEQYF-BJ2-7,single,5,0.7806065507796578,0.4725655416829892
BL6-B10BR_HTxC,AV10-CAASPYQGGRALIF-AJ15_BV31-CAWSPGQGSQAPLF-BJ1-5,single,2,1.2981481653992892,1.0838874012942945
BL6-B10BR_HTxC,AV10-CAASRGGSNYKLTF-AJ53_BV1-CTCSAVRYAEQFF-BJ2-1,single,1,1.0,1.0
BL6-B10BR_HTxC,AV10-CAASSDSGYNKLTF-AJ11_BV1-CTCSAVRVDERLFF-BJ1-4,single,1,0.9141828384352135,0.5069599887198828
BL6-B10BR_HTxC,AV10-CAASSGSWQLIF-AJ22_BV1-CTCSADGTGEREQYF-BJ2-7,single,8,0.6999969138953644,0.4364929642420493
BL6-B10BR_HTxC,AV10-CAASSGSWQLIF-AJ22_BV3-CASSSGQISNERLFF-BJ1-4,single,1,0.0,0.0
BL6-B10BR_HTxC,AV10-CAASSPYGSSGNKLIF-AJ32_BV16-CASSLVGGGDTQYF-BJ2-5,single,1,2.075074223172834,1.727670702110245
BL6-B10BR_HTxC,AV10-CAASSYDTNAYKVIF-AJ30_BV13-2-CASGETGGQDTQYF-BJ2-5,single,1,1.5,1.415037499278844
BL6-B10BR_HTxC,AV10-CAASTDYNQGKLIF-AJ23_BV12-1-CASSLGTGAYEQYF-BJ2-7,single,2,1.3780367274312766,0.946865499485428
BL6-B10BR_HTxC,AV10-CAASTDYNQGKLIF-AJ23_BV13-2-CASGDQGASGNTLYF-BJ1-3,single,1,0.4965343957714103,0.22041191025599485
BL6-B10BR_HTxC,AV10-CAASTDYNQGKLIF-AJ23_BV14-CASSFAGGSDYTF-BJ1-2,single,4,1.554332926850138,1.4552901803956586
BL6-B10BR_HTxC,AV10-CAASTDYNQGKLIF-AJ23_BV3-CASSLRQISNERLFF-BJ1-4,single,1,0.1654270339962668,0.07034641671991064
BL6-B10BR_HTxC,AV10-CAASTSGSWQLIF-AJ22_BV3-CASSLAAETLYF-BJ2-3,single,1,1.9219280948873623,1.8365012677171204
BL6-B10BR_HTxC,AV10-CAAVMDYANKMIF-AJ47_BV13-2-CASGDQGASGNTLYF-BJ1-3,single,1,0.6949065529741849,0.3869960236924221
BL6-B10BR_HTxC,AV10-CAAVMDYANKMIF-AJ47_BV16-CASSWGGDAEQFF-BJ2-1,single,1,1.7709505944546686,1.286304185156641
BL6-B10BR_HTxC,AV10-CAAYAEGADRLTF-AJ45_BV13-2-CASGDAQGQNTLYF-BJ2-4,single,1,0.0,0.0
BL6-B10BR_HTxC,AV10-CAAYTEGADRLTF-AJ45_BV13-1-CASSVGFTGQLYF-BJ2-2,single,11,0.989325089925634,0.6494529832736605
BL6-B10BR_HTxC,AV10-CAAYTEGADRLTF-AJ45_BV13-2-CASGDAQGSNERLFF-BJ1-4,single,1,1.549211124711451,1.333423733725192
BL6-B10BR_HTxC,AV10-CAESSNTNKVVF-AJ34_BV14-CASSDWGYAEQFF-BJ2-1,single,1,1.9182958340544896,1.84799690655495
BL6-B10BR_HTxC,AV10-CASNYGSSGNKLIF-AJ32_BV13-1-CASSDRDTEVFF-BJ1-1,single,1,1.651130786727539,1.3284323665361164
BL6-B10BR_HTxC,AV10-CASNYGSSGNKLIF-AJ32_BV13-1-CASSDVGTEVFF-BJ1-1,single,1,1.0561584429779665,0.497373939890685
BL6-B10BR_HTxC,AV10-CASNYGSSGNKLIF-AJ32_BV13-3-CASSDRDTQYF-BJ2-5,single,9,0.47228551177043876,0.25622211299343867
BL6-B10BR_HTxC,AV10-CASNYGSSGNKLIF-AJ32_BV3-CASSLGTGGEQYF-BJ2-7,single,1,0.6437936616217652,0.30869422601041213
BL6-B10BR_HTxC,AV10-CASNYGSSGNKLIF-AJ32_BV5-CASSPDRGDERLFF-BJ1-4,single,1,0.5225593745369408,0.335721894403735
BL6-B10BR_HTxC,AV10D-CAAASSGSWQLIF-AJ22_BV17-CASSSGRGREQYF-BJ2-7,single,1,1.1917601481809736,0.7734914701913203
BL6-B10BR_HTxC,AV10D-CAASISGSWQLIF-AJ22_BV2-CASSRTGANTEVFF-BJ1-1,single,1,0.9219280948873623,0.599462070416271
BL6-B10BR_HTxC,AV10D-CAASRDSNYQLIW-AJ33_BV13-3-CASSHRNTLYF-BJ1-3,single,1,0.3372900666170139,0.1798210375848123
BL6-B10BR_HTxC,AV10D-CAASRDYNQGKLIF-AJ23_BV3-CASSVGGSSYEQYF-BJ2-7,single,1,1.9182958340544896,1.84799690655495
BL6-B10BR_HTxC,AV10D-CAASSDSGYNKLTF-AJ11_BV13-1-CASKDTYEQYF-BJ2-7,single,1,1.3110022671212271,0.7588599486928581
BL6-B10BR_HTxC,AV10D-CAASSDSGYNKLTF-AJ11_BV3-CASSLGTGYEQYF-BJ2-7,single,3,1.7277555690698616,1.3539002982315556
BL6-B10BR_HTxC,AV10D-CAASWDTNAYKVIF-AJ30_BV13-2-CASGEQTEVFF-BJ1-1,single,13,1.155326601475499,0.8437828839979833
BL6-B10BR_HTxC,AV10N-CAANNNNAPRF-AJ43_BV12-2-CASSPHWGGDTGQLYF-BJ2-2,single,1,1.9852281360342514,1.756728848987636
BL6-B10BR_HTxC,AV10N-CAASIMGYKLTF-AJ9_BV3-CASSLVSGTTGQLYF-BJ2-2,single,1,2.794653473544342,2.6394102847435326
BL6-B10BR_HTxC,AV10N-CAASKDYSNNRLTL-AJ7_BV12-1-CASSPRDISYEQYF-BJ2-7,single,1,0.0,0.0
BL6-B10BR_HTxC,AV10N-CAASLNYNQGKLIF-AJ23_BV3-CASSLGVEYEQYF-BJ2-7,single,1,0.6193821946787638,0.43509515162009726
BL6-B10BR_HTxC,AV10N-CAASMDTGYQNFYF-AJ49_BV1-CTCSADGTGEREQYF-BJ2-7,single,1,0.27612234504567423,0.11485291733624488
BL6-B10BR_HTxC,AV10N-CAASMDTGYQNFYF-AJ49_BV13-2-CASGDVGGATERLFF-BJ1-4,single,1,1.6876396827696896,1.4214637684382767
BL6-B10BR_HTxC,AV10N-CAASMDTGYQNFYF-AJ49_BV3-CASSTGQISNERLFF-BJ1-4,single,1,1.9301249653149701,1.6640340717123547
BL6-B10BR_HTxC,AV10N-CAASMDYANKMIF-AJ47_BV1-CTCSAVRVSEVFF-BJ1-1,single,1,1.1500617154483042,1.0723929980922642
BL6-B10BR_HTxC,AV10N-CAASMDYANKMIF-AJ47_BV13-1-CASSDGVHYAEQFL-BJ2-1,single,1,0.4137348679073335,0.15996992080263292
BL6-B10BR_HTxC,AV10N-CAASMDYANKMIF-AJ47_BV13-3-CASSERVNQDTQYF-BJ2-5,single,1,0.6130749435896831,0.25722763493863476
BL6-B10BR_HTxC,AV10N-CAASMDYANKMIF-AJ47_BV17-CASSRDRGGLAEQFF-BJ2-1,single,1,2.1258145836939115,2.0
BL6-B10BR_HTxC,AV10N-CAASMDYANKMIF-AJ47_BV3-CASSWTYNSPLYF-BJ1-6,single,24,0.9649636909233296,0.6167826281753462
BL6-B10BR_HTxC,AV10N-CAASMDYANKMIF-AJ47_BV5-CASSQGGRTEVFF-BJ1-1,single,1,2.188721875540867,2.082462160191973
BL6-B10BR_HTxC,AV10N-CAASMDYNQGKLIF-AJ23_BV2-CASSQDRRGDTQYF-BJ2-5,single,1,1.0408520829727552,0.7436602467402145
BL6-B10BR_HTxC,AV10N-CAASMDYNQGKLIF-AJ23_BV3-CASSLDWGGSYEQYF-BJ2-7,single,7,1.7085446819285959,1.5364693764530675
BL6-B10BR_HTxC,AV10N-CAASMNTGYQNFYF-AJ49_BV13-2-CASGDQGASGNTLYF-BJ1-3,single,1,0.18795689841132707,0.06993914493067828
BL6-B10BR_HTxC,AV10N-CAASMSNYNVLYF-AJ21_BV19-CASSITGAAEQFF-BJ2-1,single,1,2.984234164652489,2.817373677882595
BL6-B10BR_HTxC,AV10N-CAASNNAGAKLTF-AJ39_BV13-1-CASSAGGNTLYF-BJ2-4,single,1,0.8112781244591328,0.6780719051126377
BL6-B10BR_HTxC,AV10N-CAASNYGNEKITF-AJ48_BV5-CASSPTYSGNTLYF-BJ1-3,single,1,0.9132829641650988,0.6193380803221713
BL6-B10BR_HTxC,AV10N-CAASPSSGSWQLIF-AJ22_BV4-CASSRQDTQYF-BJ2-5,single,1,0.5489544344250401,0.28080910756176986
BL6-B10BR_HTxC,AV10N-CAASPYQGGRALIF-AJ15_BV1-CTCSAVRVGNTLYF-BJ1-3,single,1,1.27825247617651,0.7986036278730915
BL6-B10BR_HTxC,AV10N-CAASTDYANKMIF-AJ47_BV3-CASSRTGNQDTQYF-BJ2-5,single,1,2.0349409139562287,1.5679894221174426
BL6-B10BR_HTxC,AV10N-CAASTDYNQGKLIF-AJ23_BV3-CASSSGLGYEQYF-BJ2-7,single,1,0.5907239186406502,0.3109796839788872
BL6-B10BR_HTxC,AV10N-CAATNSGTYQRF-AJ13_BV17-CASSAGTGGTGQLYF-BJ2-2,single,1,1.9219280948873623,1.8365012677171204
BL6-B10BR_HTxC,AV11-CVVAPYGNEKITF-AJ48_BV14-CASSLNTEVFF-BJ1-1,single,1,3.0846462476458965,2.6871129371824622
BL6-B10BR_HTxC,AV11-CVVGANNYAQGL-AJ26_BV13-2-CASGPGGQNTLYF-BJ2-4,single,1,1.191603636543317,1.075580358163254
BL6-B10BR_HTxC,AV11-CVVGANNYAQGLTF-AJ26_BV1-CTCSAARVAEQFF-BJ2-1,single,1,0.5293804662677596,0.21992134729660104
BL6-B10BR_HTxC,AV11-CVVGANNYAQGLTF-AJ26_BV13-1-CASSETGVSSYEQYF-BJ2-7,single,1,1.442508097190614,0.844803335708243
BL6-B10BR_HTxC,AV11-CVVGANNYAQGLTF-AJ26_BV13-2-CASGGGWNTEVFF-BJ1-1,single,2,0.4056390622295664,0.33903595255631885
BL6-B10BR_HTxC,AV11-CVVGANNYAQGLTF-AJ26_BV14-CASSLRGEQYF-BJ2-7,single,1,0.44556637632912155,0.1619873164447544
BL6-B10BR_HTxC,AV11-CVVGANNYAQGLTF-AJ26_BV3-CASSLGLDTQYF-BJ2-5,single,1,0.5996983714792865,0.31682361365398626
BL6-B10BR_HTxC,AV11-CVVGANYGDEKIT-AJ48_BV13-2-CASGDQGASGNTLYF-BJ1-3,single,1,0.25263976753397777,0.08874520054768655
BL6-B10BR_HTxC,AV11-CVVGANYGNEKITF-AJ48_BV1-CTCSAVRVGNTLYF-BJ1-3,single,1,1.2086489509530647,0.6959938131098998
BL6-B10BR_HTxC,AV11-CVVGANYGNEKITF-AJ48_BV13-2-CASGDAQGSNERLFF-BJ1-4,single,1,1.0397521257491837,0.5434620246537657
BL6-B10BR_HTxC,AV11-CVVGANYGNEKITF-AJ48_BV13-2-CASGDRGVQNTLYF-BJ2-4,single,3,1.3234635305175042,0.8845832413386843
BL6-B10BR_HTxC,AV11-CVVGANYGNEKITF-AJ48_BV13-2-CASGGGWNTEVFF-BJ1-1,single,1,0.5689955935892812,0.29512803554364725
BL6-B10BR_HTxC,AV11-CVVGANYGNEKITF-AJ48_BV13-2-CASGGTANNQAPLF-BJ1-5,single,1,0.7420497428217201,0.3496977053374513
BL6-B10BR_HTxC,AV11-CVVGANYGNEKITF-AJ48_BV13-3-CASSDAVQADRLFF-BJ1-4,single,1,1.3400317936995283,0.7160998063029832
BL6-B10BR_HTxC,AV11-CVVGANYGNEKITF-AJ48_BV13-3-CASSDTSNTEVFF-BJ1-1,single,1,1.584962500721156,1.5849625007211563
BL6-B10BR_HTxC,AV11-CVVGENYGSSGNKLIF-AJ32_BV13-3-CASSDRDEQYF-BJ2-7,single,1,0.9274479232123118,0.5274876592708131
BL6-B10BR_HTxC,AV12-1-CALINQGKLIF-AJ23_BV13-2-CASGDINYAEQFF-BJ2-1,single,1,1.3516441151533924,1.2105669859396582
BL6-B10BR_HTxC,AV12-1-CALINQGKLIF-AJ23_BV13-3-CASSERVNQDTQYF-BJ2-5,single,1,0.9519071552028016,0.43744286733172794
BL6-B10BR_HTxC,AV12-1-CALNQGGSAKLIF-AJ57_BV1-CTCSADWGNYAEQFF-BJ2-1,single,1,0.9182958340544896,0.84799690655495
BL6-B10BR_HTxC,AV12-1-CALNSGTYQRF-AJ13_BV14-CASSLRGEQYF-BJ2-7,single,1,2.4892162797646904,2.1393072685661276
BL6-B10BR_HTxC,AV12-1-CALNSGTYQRF-AJ13_BV14-CASSLWGEDTQYF-BJ2-5,single,2,0.792481250360578,0.7924812503605781
BL6-B10BR_HTxC,AV12-1-CALNTGGLSGKLTF-AJ2_BV1-CTCSAPNSGNTLYF-BJ1-3,single,1,3.285129631910751,3.25270804576392
BL6-B10BR_HTxC,AV12-1-CALNTGYQNFYF-AJ49_BV29-CASSPGRKQYF-BJ2-7,single,1,1.3709505944546687,1.1844245711374273
BL6-B10BR_HTxC,AV12-1-CALRVGSGTYQRF-AJ13_BV13-2-CASGDQGASGNTLYF-BJ1-3,single,1,0.07001205049536138,0.024245819501130448
BL6-B10BR_HTxC,AV12-1-CALSADYSNNRLTL-AJ7_BV1-CTCSAVRVTGQLYF-BJ2-2,single,1,1.5,1.415037499278844
BL6-B10BR_HTxC,AV12-1-CALSANTEGADRLTF-AJ45_BV13-3-CASSERVNQDTQYF-BJ2-5,single,1,1.1606586502711562,0.6663426125305306
BL6-B10BR_HTxC,AV12-1-CALSDANKMIF-AJ47_BV13-1-CASKDTYEQYF-BJ2-7,single,1,3.4765562808839894,3.3518066433484583
BL6-B10BR_HTxC,AV12-1-CALSDANKMIF-AJ47_BV14-CASRRDIQDTQYF-BJ2-5,single,1,0.0,0.0
BL6-B10BR_HTxC,AV12-1-CALSDHGGSGGKLTL-AJ44_BV1-CTCSAVRISNERLFF-BJ1-4,single,1,1.3515191363200532,0.7827692837793311
BL6-B10BR_HTxC,AV12-1-CALSDLDYGNEKITF-AJ48_BV16-CASSGLGGLSYEQYF-BJ2-7,single,1,1.6627992560224791,1.2801079191927351
BL6-B10BR_HTxC,AV12-1-CALSDLDYGTEKITF-AJ48_BV16-CASSGLGGLSYEQYF-BJ2-7,single,1,0.17203694935311378,0.07395066033645546
BL6-B10BR_HTxC,AV12-1-CALSDNNAGAKLTF-AJ39_BV14-CASSFWGYTEVFF-BJ1-1,single,1,1.573402452417767,1.334790245824412
BL6-B10BR_HTxC,AV12-1-CALSDPYSNNRLTL-AJ7_BV5-CASSQGPGANSDYTF-BJ1-2,single,1,2.355388542207534,2.1699250014423126
BL6-B10BR_HTxC,AV12-1-CALSDQGTGGYKVVF-AJ12_BV29-CASSLSQGTTEVFF-BJ1-1,single,1,0.0,0.0
BL6-B10BR_HTxC,AV12-1-CALSDSGGSNAKLTF-AJ42_BV13-1-CASRGLANTGQLYF-BJ2-2,single,1,3.1219438606943606,3.0400049573133954
BL6-B10BR_HTxC,AV12-1-CALSDSSSFSKLVF-AJ50_BV13-3-CASSVDRVNTEVFF-BJ1-1,single,1,1.188721875540867,0.9604716358133627
BL6-B10BR_HTxC,AV12-1-CALSDTGNTGKLIF-AJ37_BV13-2-CASGDAGYYAEQFF-BJ2-1,single,1,1.6577427265048887,1.3856536924977494
BL6-B10BR_HTxC,AV12-1-CALSEGDSGTYQRF-AJ13_BV19-CASSIREGQNTLYF-BJ2-4,single,1,0.2579991163999737,0.10394567619731725
BL6-B10BR_HTxC,AV12-1-CALSEGTGSKLSF-AJ58_BV1-CTCSALNTGQLYF-BJ2-2,single,1,1.5,1.415037499278844
BL6-B10BR_HTxC,AV12-1-CALSETGNTGKLIF-AJ37_BV13-2-CASGDAGGATEQFF-BJ2-1,single,1,0.0,0.0
BL6-B10BR_HTxC,AV12-1-CALSNYNVLYF-AJ21_BV3-CASSLGTGGFYEQYF-BJ2-7,single,1,0.8223491940171546,0.4575160668329798
BL6-B10BR_HTxC,AV12-1-CALSPGGSNAKLTF-AJ42_BV31-CAWLGGLAETLYF-BJ2-3,single,1,1.2332247882202196,0.84799690655495
BL6-B10BR_HTxC,AV12-1-CALSPTGNYKYVF-AJ40_BV13-2-CASGDQGASGNTLYF-BJ1-3,single,1,0.32957284168946493,0.1163690436622656
BL6-B10BR_HTxC,AV12-1-CALSRQGGSAKLIF-AJ57_BV13-2-CASGELGGRAEQFF-BJ2-1,single,1,2.481714572986073,2.3953012812175816
BL6-B10BR_HTxC,AV12-1-CALSSGGSNA-AJ42_BV31-CAWLGGLAETLYF-BJ2-3,single,1,0.0,0.0
BL6-B10BR_HTxC,AV12-1-CALSSGGSNAKLTF-AJ42_BV26-CASSLGLNYAEQFF-BJ2-1,single,1,0.747584679824574,0.44418384493836055
BL6-B10BR_HTxC,AV12-1-CALSSNTNKVVF-AJ34_BV1-CTCSALRFSGNTLYF-BJ1-3,single,1,0.6898254696731743,0.3541822938919894
BL6-B10BR_HTxC,AV12-1-CALTSNYNVLY-AJ21_BV26-CASSLGTYAEQFF-BJ2-1,single,1,1.0,1.0
BL6-B10BR_HTxC,AV12-1-CALTSNYNVLYF-AJ21_BV17-CASSPGQGYTGQLYF-BJ2-2,single,1,2.0,1.6780719051126376
BL6-B10BR_HTxC,AV12-1-CALTSNYNVLYF-AJ21_BV26-CASSLGTYAEQFF-BJ2-1,single,13,1.5985720598303816,1.4708406353697538
BL6-B10BR_HTxC,AV12-1-CARNTGYQNFYF-AJ49_BV1-CTCSADNSYNSPLYF-BJ1-6,single,4,1.994411799317965,1.689202769900893
BL6-B10BR_HTxC,AV12-1-CAVSSNTNKVVF-AJ34_BV3-CASSLSSYEQYF-BJ2-7,single,1,0.4842316961749077,0.25745105300627796
BL6-B10BR_HTxC,AV12-2-CAFLPGTGSNRLTF-AJ28_BV13-2-CASGGVAEQFF-BJ2-1,single,8,1.2551646552217233,1.0901550416346804
BL6-B10BR_HTxC,AV12-2-CAFLPGTGSNRLTV-AJ28_BV3-CASSLSSYEQYF-BJ2-7,single,1,0.19809496326524373,0.07126246355017427
BL6-B10BR_HTxC,AV12-2-CALINYGSSGNKLIF-AJ32_BV1-CTCSAVRVSEVFF-BJ1-1,single,1,1.4904159896772469,0.8889357959273163
BL6-B10BR_HTxC,AV12-2-CALINYGSSGNKLIF-AJ32_BV13-2-CASGEGGDTQYF-BJ2-5,single,6,1.4797387969134788,1.1674076236440307
BL6-B10BR_HTxC,AV12-2-CALLPGTGSNRLTF-AJ28_BV13-1-CASSGTGGAEQFF-BJ2-1,single,1,0.3696604808685364,0.1559982953993908
BL6-B10BR_HTxC,AV12-2-CALRGGGYKVVF-AJ12_BV13-3-CASSDRTEVFF-BJ1-1,single,2,1.0539210544440534,0.7365206348476898
BL6-B10BR_HTxC,AV12-2-CALRNSNNRIFF-AJ31_BV29-CASSPGQGVEQYF-BJ2-7,single,1,1.5219280948873621,1.473931188332412
BL6-B10BR_HTxC,AV12-2-CALRPNYGNEKITF-AJ48_BV4-CASSYGSSYNSPLYF-BJ1-6,single,5,1.7072854654189,1.4574931726155398
BL6-B10BR_HTxC,AV12-2-CALSADTKGADRLTF-AJ45_BV13-2-CASGDITEVFF-BJ1-1,single,1,0.254385027430421,0.10210706850196995
BL6-B10BR_HTxC,AV12-2-CALSANTEGADRLTF-AJ45_BV1-CTCSAVRVSEVFF-BJ1-1,single,49,1.056236185420435,0.7574726150703711
BL6-B10BR_HTxC,AV12-2-CALSANTEGADRLTF-AJ45_BV13-2-CASGDQGASGNTLYF-BJ1-3,single,1,0.33840697902762734,0.134289245052403
BL6-B10BR_HTxC,AV12-2-CALSANTEGADRLTF-AJ45_BV19-CASSITYQDTQYF-BJ2-5,single,1,1.7235268463415645,1.1106440636839923
BL6-B10BR_HTxC,AV12-2-CALSANTEGADRLTF-AJ45_BV3-CASSLGQISNERLFF-BJ1-4,single,1,1.626688849701832,1.1552782254779106
BL6-B10BR_HTxC,AV12-2-CALSANTEGADRLTF-AJ45_BV3-CASSLSSYEQYF-BJ2-7,single,1,1.0374012540422353,0.6311536024507824
BL6-B10BR_HTxC,AV12-2-CALSDLNYNQGKLIF-AJ23_BV3-CASSLTGSSYEQYF-BJ2-7,single,1,1.6266144718101818,1.1926450779423958
BL6-B10BR_HTxC,AV12-2-CALSDQGGSAKLIF-AJ57_BV1-CTCSAGLGEGAETLYF-BJ2-3,single,3,1.122848254171857,0.9636496839131657
BL6-B10BR_HTxC,AV12-2-CALSDRDSAGNKLTF-AJ17_BV13-3-CASSDRVNTGQLYF-BJ2-2,single,1,1.6140054628542204,1.31194400631474
BL6-B10BR_HTxC,AV12-2-CALSDSGTYQRF-AJ13_BV31-CAWSRDRRSGNTLYF-BJ1-3,single,1,1.5,1.415037499278844
BL6-B10BR_HTxC,AV12-2-CALSESEGADRLTF-AJ45_BV16-CASSLGGDTEVFF-BJ1-1,single,9,0.8176868559952836,0.5198779398523569
BL6-B10BR_HTxC,AV12-2-CALSGNTNKVVF-AJ34_BV1-CTCSAVRVSAETLYF-BJ2-3,single,1,1.4320062125405801,0.9881258997117083
BL6-B10BR_HTxC,AV12-2-CALSGNTNKVVF-AJ34_BV3-CASSLVQVTEVFF-BJ1-1,single,1,0.37123232664087563,0.20531890797750652
BL6-B10BR_HTxC,AV12-2-CALSGSGSWQLIF-AJ22_BV1-CTCSPNWGEDTQYF-BJ2-5,single,1,2.446439344671015,2.321928094887362
BL6-B10BR_HTxC,AV12-2-CALSLSSGSWQLIF-AJ22_BV13-1-CASSDQGTEVFF-BJ1-1,single,1,1.8365916681089791,1.6959938131099002
BL6-B10BR_HTxC,AV12-2-CALSLTGNYKYVF-AJ40_BV13-2-CASGDRDSSYEQYF-BJ2-7,single,1,0.9219280948873623,0.599462070416271
BL6-B10BR_HTxC,AV12-2-CALSMQQGTGSKLSF-AJ58_BV1-CTCSAVRISNERLFF-BJ1-4,single,2,1.1231393586459097,0.6362590581000727
BL6-B10BR_HTxC,AV12-2-CALSPTENYKYVF-AJ40_BV13-2-CASGDQGASGNTLYF-BJ1-3,single,1,1.1567796494470395,0.8889686876112564
BL6-B10BR_HTxC,AV12-2-CALSPTGNYKFVF-AJ40_BV13-2-CASGDQGASGNTLYF-BJ1-3,single,1,0.11947992526408414,0.04021267485546642
BL6-B10BR_HTxC,AV12-2-CALSPTGNYKYVF-AJ40_BV13-1-CASKDTYEQYF-BJ2-7,single,2,0.46117055039125354,0.21488453042711048
BL6-B10BR_HTxC,AV12-2-CALSPTGNYKYVF-AJ40_BV13-2-CASGDQGASGNTLYF-BJ1-3,single,1,0.5235878925732217,0.23376018151699143
BL6-B10BR_HTxC,AV12-2-CALSPTGNYKYVF-AJ40_BV13-2-CASGDRDSSYEQYF-BJ2-7,single,36,1.4927069827934158,1.2171267342473922
BL6-B10BR_HTxC,AV12-2-CALSPTGNYKYVF-AJ40_BV13-2-CASGDVGGNSPLYF-BJ1-6,single,1,2.727217001462482,2.476438043942987
BL6-B10BR_HTxC,AV12-2-CALSPTGNYKYVF-AJ40_BV13-2-CASGERLDAEQFF-BJ2-1,single,1,1.7908562983864118,1.4998098201580177
BL6-B10BR_HTxC,AV12-2-CALSPTGNYKYVF-AJ40_BV3-CASSLSSYEQYF-BJ2-7,single,2,0.9298535120973006,0.5426994094817621
BL6-B10BR_HTxC,AV12-2-CALSPTGNYKYVF-AJ40_BV3-CASSTGQISNERLFF-BJ1-4,single,1,1.2901208527411523,0.9332738861991872
BL6-B10BR_HTxC,AV12-2-CALSPTGNYRYVF-AJ40_BV17-CASSPGQGYTGQLYF-BJ2-2,single,1,2.1722381921018905,1.9567955014348324
BL6-B10BR_HTxC,AV12-2-CALSTGSGGKLTL-AJ44_BV3-CASSSGQISNERLFF-BJ1-4,single,1,0.4368248862161963,0.20909559872299005
BL6-B10BR_HTxC,AV12-2-CALTPTGNYKYVF-AJ40_BV13-2-CASGDRDSSYEQYF-BJ2-7,single,1,1.3709505944546687,1.1844245711374275
BL6-B10BR_HTxC,AV12-2-CALTSNNNNAPRF-AJ43_BV5-CASSQDWGGAQNTLYF-BJ2-4,single,1,0.8112781244591328,0.6780719051126377
BL6-B10BR_HTxC,AV12-2-CASNNAGAKLTF-AJ39_BV17-CASSRGGSSAETLYF-BJ2-3,single,1,2.1180782093497093,1.9646669268877195
BL6-B10BR_HTxC,AV12-2-CASTSSGQKLVF-AJ16_BV13-3-CASSETRANTEVFF-BJ1-1,single,4,2.0790475426665984,1.898467375208337
BL6-B10BR_HTxC,AV12-2-CASTSSGQKLVF-AJ16_BV3-CASSLSTGNSDYTF-BJ1-2,single,1,3.009711028201793,2.863580801773405
BL6-B10BR_HTxC,AV12-2-CAWDSNYQLIW-AJ33_BV16-CASSLDNYAEQFF-BJ2-1,single,1,2.761733104426989,2.59352451422458
BL6-B10BR_HTxC,AV12-2-CVFSGGSNAKLTF-AJ42_BV13-3-CASSDIRGTSQNTLYF-BJ2-4,single,1,2.2892464285091583,2.032421477692377
BL6-B10BR_HTxC,AV12-2-CVLSPTGNYKYVF-AJ40_BV14-CASSLRGEQYF-BJ2-7,single,1,0.4121490915317704,0.1901797082929425
BL6-B10BR_HTxC,AV12-3-CALGGGSNYKLTF-AJ53_BV4-CASSFGSYEQYF-BJ2-7,single,1,2.5949066182439395,2.395301281217582
BL6-B10BR_HTxC,AV12-3-CALINQGKLIF-AJ23_BV14-CASSFRTEVFF-BJ1-1,single,1,1.5090331672896962,1.2810979312685655
BL6-B10BR_HTxC,AV12-3-CALSDLDYGNEKITF-AJ48_BV16-CASSGLGGLSYEQYF-BJ2-7,single,13,0.9885491013269713,0.6769440097548551
BL6-B10BR_HTxC,AV12-3-CALSEGGSGGK-AJ44_BV13-2-CASGDQGASGNTLYF-BJ1-3,single,1,0.461490598683101,0.22162223088792776
BL6-B10BR_HTxC,AV12-3-CALSEGGSGGKLTL-AJ44_BV13-1-CASSVGGGYAEQFF-BJ2-1,single,15,1.252855767731591,0.9890753656295419
BL6-B10BR_HTxC,AV12-3-CALSGGSNAKLTF-AJ42_BV13-3-CASSDPGRGNQAPLF-BJ1-5,single,1,1.584962500721156,1.5849625007211563
BL6-B10BR_HTxC,AV12-3-CALSLPGGSNAKLTF-AJ42_BV13-2-CASGDGGALAEQFF-BJ2-1,single,3,2.1529342560102864,1.9431936410607158
BL6-B10BR_HTxC,AV12-3-CALSNTGNYKYVF-AJ40_BV1-CTCRGPNYAEQFF-BJ2-1,single,1,2.584962500721156,2.584962500721156
BL6-B10BR_HTxC,AV12-3-CALSRGEGADRLTF-AJ45_BV14-CASSLRAEVFF-BJ1-1,single,3,1.458773539164846,1.2293029341449075
BL6-B10BR_HTxC,AV12-3-CALSSGGSNA-AJ42_BV3-CASSTGQISNERLSF-BJ1-4,single,1,0.4656815090144431,0.19123219462421343
BL6-B10BR_HTxC,AV12-3-CALSSGGSNAKLTF-AJ42_BV26-CASSLGLNYAEQFF-BJ2-1,single,2,0.2048167219886055,0.09450189991583412
BL6-B10BR_HTxC,AV12-3-CALSSNTNKVVF-AJ34_BV13-2-CASGLYNYTEQFF-BJ2-1,single,1,3.088391945114245,3.0216170517368424
BL6-B10BR_HTxC,AV12-3-CALSVNTGYQNFYF-AJ49_BV16-CASSWDRGNTQYF-BJ2-5,single,3,1.345185826494599,0.965041873027681
BL6-B10BR_HTxC,AV12-3-CALTSNYNVLYF-AJ21_BV31-CAWLGGLAETLYF-BJ2-3,single,1,0.44983441612857866,0.18654350741649173
BL6-B10BR_HTxC,AV12D-2-CALASSGSWQLIF-AJ22_BV19-CASSIHSNERLFF-BJ1-4,single,1,1.7924812503605778,1.584962500721156
BL6-B10BR_HTxC,AV12D-2-CALGDSGTYQRF-AJ13_BV2-CASSQDTGGVYEQYF-BJ2-7,single,1,1.3787834934861753,1.222392421336448
BL6-B10BR_HTxC,AV12D-2-CALKNTGYQNFYF-AJ49_BV13-2-CASGVVSYEQYF-BJ2-7,single,1,1.867633890971212,1.492598482572497
BL6-B10BR_HTxC,AV12D-2-CALNQGGSAKLIF-AJ57_BV1-CTCSADWGNYAEQFF-BJ2-1,single,20,1.4248485550610797,1.1932426824672375
BL6-B10BR_HTxC,AV12D-2-CALNQGGSAKLIF-AJ57_BV3-CASSHGQISNERLFF-BJ1-4,single,1,0.41381685030363374,0.2391876638794263
BL6-B10BR_HTxC,AV12D-2-CALRASSGSWQLIF-AJ22_BV13-2-CASGAGYNSPLYF-BJ1-6,single,1,2.277898961378617,1.8474008747179704
BL6-B10BR_HTxC,AV12D-2-CALSDGTGGYKVVF-AJ12_BV13-2-CASGPGTGYAEQFF-BJ2-1,single,2,2.0414770342734103,1.6225562489182659
BL6-B10BR_HTxC,AV12D-2-CALSDNYAQELTF-AJ26_BV13-1-CASRDTNTEVFF-BJ1-1,single,1,0.3299742842369207,0.14240378274887536
BL6-B10BR_HTxC,AV12D-2-CALSDNYAQGLSF-AJ26_BV17-CASSPGQGYTGQLYF-BJ2-2,single,1,0.33898482327688495,0.12475924455413633
BL6-B10BR_HTxC,AV12D-2-CALSDNYAQGLTF-AJ26_BV13-2-CASGDQGASGNTLYF-BJ1-3,single,2,0.15173599749801692,0.052054195804302775
BL6-B10BR_HTxC,AV12D-2-CALSDNYAQGLTF-AJ26_BV13-3-CASSDRVNTGQLYF-BJ2-2,single,1,1.1866483258878038,0.701378300596218
BL6-B10BR_HTxC,AV12D-2-CALSDNYAQGLTF-AJ26_BV14-CASSGDRVSETLYF-BJ2-3,single,31,0.41577052105003826,0.18658994452155214
BL6-B10BR_HTxC,AV12D-2-CALSDNYAQGLTF-AJ26_BV17-CASSPGQGYTGQLYF-BJ2-2,single,1,0.7219280948873623,0.5563933485243849
BL6-B10BR_HTxC,AV12D-2-CALSDNYAQGLTF-AJ26_BV29-CASSSGAGNTLYF-BJ1-3,single,1,2.4677201004744993,2.366782330671623
BL6-B10BR_HTxC,AV12D-2-CALSDNYAQGLTF-AJ26_BV3-CASSLGQISNERLFF-BJ1-4,single,1,0.5623134291939209,0.2601066960476174
BL6-B10BR_HTxC,AV12D-2-CALSDNYAQGLTF-AJ26_BV31-CAWLGGLAETLYF-BJ2-3,single,1,0.415605483138897,0.17344333877285412
BL6-B10BR_HTxC,AV12D-2-CALSDPGQGTGSKLSF-AJ58_BV1-CTCSAVRISNERLFF-BJ1-4,single,2,0.6017026299002912,0.31303359204049785
BL6-B10BR_HTxC,AV12D-2-CALSDPGQGTGSKLSF-AJ58_BV13-2-CASGGGWNTEVFF-BJ1-1,single,1,1.6922299756295975,1.4351590951996174
BL6-B10BR_HTxC,AV12D-2-CALSDRDGGYKVVF-AJ12_BV13-3-CASSARQGNSPLYF-BJ1-6,single,3,0.28815657820750323,0.11528948162998436
BL6-B10BR_HTxC,AV12D-2-CALSDRDGGYKVVF-AJ12_BV13-3-CASSDRGRNTLYF-BJ2-4,single,1,0.5085129048471158,0.21144212177590713
BL6-B10BR_HTxC,AV12D-2-CALSDRDSAGNKLTF-AJ17_BV13-1-CASSDRLGYNYAEQFF-BJ2-1,single,1,2.25,2.192645077942396
BL6-B10BR_HTxC,AV12D-2-CALSDRDSAGNKLTF-AJ17_BV13-3-CASSERTANTGQLYF-BJ2-2,single,1,0.07625470710613322,0.023505871738909938
BL6-B10BR_HTxC,AV12D-2-CALSDRDSAGNKLTI-AJ17_BV1-CTCSVDRFSYNSPLYF-BJ1-6,single,1,0.9737837298712213,0.7187138896099834
BL6-B10BR_HTxC,AV12D-2-CALSDRDSGTYQRF-AJ13_BV13-1-CASKDTYEQYF-BJ2-7,single,1,1.3752793655393791,1.0193653248669312
BL6-B10BR_HTxC,AV12D-2-CALSEQGGSAKLIF-AJ57_BV19-CASSIDISAETLYF-BJ2-3,single,1,2.4464393446710155,2.321928094887362
BL6-B10BR_HTxC,AV12D-2-CALSGPGTGSNRLTF-AJ28_BV19-CASSISGHQDTQYF-BJ2-5,single,1,0.8112781244591328,0.6780719051126377
BL6-B10BR_HTxC,AV12D-2-CALSNYGSSGNKLIF-AJ32_BV13-1-CASKDTYEQYF-BJ2-7,single,1,1.221841614624614,1.0947261846391585
BL6-B10BR_HTxC,AV12D-2-CALSNYGSSGNKLIF-AJ32_BV13-1-CASSETGVSSYEQYF-BJ2-7,single,1,0.08728058888363333,0.031704988232738346
BL6-B10BR_HTxC,AV12D-2-CALSNYGSSGNKLIF-AJ32_BV13-2-CASGDAQGSNERLFF-BJ1-4,single,10,0.42681892882158745,0.24912391118933463
BL6-B10BR_HTxC,AV12D-2-CALSNYGSSGNKLIF-AJ32_BV3-CASSLGQISNERLFF-BJ1-4,single,1,0.35010382786665806,0.15378035888803251
BL6-B10BR_HTxC,AV12D-2-CALSNYGSSGNKLIF-AJ32_BV4-CASSYSTEVFF-BJ1-1,single,1,1.425990049010107,1.1781638283006262
BL6-B10BR_HTxC,AV12D-2-CALSSSSGSWQLIF-AJ22_BV19-CASSIAPGDWGGSYEQYF-BJ2-7,single,1,1.9182958340544893,1.6119295483214255
BL6-B10BR_HTxC,AV12D-2-CALTPNSAGNKLTF-AJ17_BV17-CASSPGQGYTGQLYF-BJ2-2,single,1,1.3709505944546687,1.1844245711374273
BL6-B10BR_HTxC,AV12D-2-CALTPNSAGNKLTF-AJ17_BV5-CASRDWGGHAEQFF-BJ2-1,single,1,1.8423709931771086,1.7078192485066899
BL6-B10BR_HTxC,AV12D-2-CGLNQGGSAKLIF-AJ57_BV1-CTCSADWGNYAEQFF-BJ2-1,single,4,1.1501992364366838,0.772717003151639
BL6-B10BR_HTxC,AV12D-3-CAFSGGSNAKLTF-AJ42_BV13-1-CASSDLNYAEQSF-BJ2-1,single,1,2.0670314951575843,1.9142701259741162
BL6-B10BR_HTxC,AV12D-3-CALDYSNNRLTL-AJ7_BV13-2-CASGDKYEQYF-BJ2-7,single,1,2.490468570732828,2.286304185156641
BL6-B10BR_HTxC,AV12D-3-CALGSGSFNKLTF-AJ4_BV31-CAWSRDSPNTGQLYF-BJ2-2,single,1,2.5232314287976205,2.321928094887362
BL6-B10BR_HTxC,AV12D-3-CALINQGKLIF-AJ23_BV13-2-CASGDINYAEQFF-BJ2-1,single,9,1.1416833762816208,0.7025187813813178
BL6-B10BR_HTxC,AV12D-3-CALISGGNYKPTF-AJ6_BV1-CTCSADWGNYAEQFF-BJ2-1,single,1,0.0,0.0
BL6-B10BR_HTxC,AV12D-3-CALLTGSGGKLTL-AJ44_BV13-2-CASGGQGSNERLFF-BJ1-4,single,1,2.6069367321753214,2.27500704749987
BL6-B10BR_HTxC,AV12D-3-CALNTGGLSGKLTF-AJ2_BV1-CTCSAPNSGNTLYF-BJ1-3,single,1,1.3567796494470397,0.9434164716336328
BL6-B10BR_HTxC,AV12D-3-CALRGDYNQGKLIF-AJ23_BV5-CASSQEGAGQNTLYF-BJ2-4,single,1,1.0,1.0
BL6-B10BR_HTxC,AV12D-3-CALRGGSNAKLTF-AJ42_BV13-2-CASGDFNQDTQYF-BJ2-5,single,3,2.1423538403160634,1.9543797982392157
BL6-B10BR_HTxC,AV12D-3-CALSAGSFNKLTF-AJ4_BV13-2-CASGDAQGGNERLFF-BJ1-4,single,1,1.3709505944546687,1.1844245711374273
BL6-B10BR_HTxC,AV12D-3-CALSAGSGGKLTL-AJ44_BV13-2-CASGDALGGRDTQYF-BJ2-5,single,1,1.7798299876761596,1.6010372635792276
BL6-B10BR_HTxC,AV12D-3-CALSDDSGYNKLTF-AJ11_BV13-1-CASSDVGYEQYF-BJ2-7,single,1,1.0884595991813413,0.6800522692408782
BL6-B10BR_HTxC,AV12D-3-CALSDEGGRALIF-AJ15_BV13-2-CASGDWGADAEQFF-BJ2-1,single,1,0.4223549959320825,0.18696498556982646
BL6-B10BR_HTxC,AV12D-3-CALSDRYNQGKLIF-AJ23_BV13-3-CASSERGPYNSPLYF-BJ1-6,single,1,0.6450499982850293,0.3748171396959881
BL6-B10BR_HTxC,AV12D-3-CALSDYSNNRIFF-AJ31_BV13-1-CASSETGLDTEVFF-BJ1-1,single,1,0.4267785217952701,0.20067310638550903
BL6-B10BR_HTxC,AV12D-3-CALSDYSNNRLTL-AJ7_BV1-CTCSAGDSSYEQYF-BJ2-7,single,1,0.570401499427012,0.26203634627071737
BL6-B10BR_HTxC,AV12D-3-CALSEAGGYKVVF-AJ12_BV13-2-CASGDRGGNERLFF-BJ1-4,single,1,0.27319892881646984,0.09374907095673543
BL6-B10BR_HTxC,AV12D-3-CALSEGDSGTYQRF-AJ13_BV19-CASSIREGQNTLYF-BJ2-4,single,10,0.6263422498258695,0.28549085940614816
BL6-B10BR_HTxC,AV12D-3-CALSEGLSGKLTF-AJ2_BV13-2-CASGDERQGNSDYTF-BJ1-2,single,1,1.7534343861887849,1.3667823306716227
BL6-B10BR_HTxC,AV12D-3-CALSEGSALGRLHF-AJ18_BV13-1-CASSDRAEVFF-BJ1-1,single,1,0.0,0.0
BL6-B10BR_HTxC,AV12D-3-CALSEGSGTYQRF-AJ13_BV4-CASSSNTGQLYF-BJ2-2,single,1,1.8423709931771086,1.7078192485066899
BL6-B10BR_HTxC,AV12D-3-CALSEGSNNRIFF-AJ31_BV13-2-CASGDATGASYEQYF-BJ2-7,single,1,1.6328773369500167,1.1844245711374275
BL6-B10BR_HTxC,AV12D-3-CALSEGTGSKLSF-AJ58_BV13-3-CASSDRNSGNTLYF-BJ1-3,single,1,0.5916727785823275,0.4052564784862585
BL6-B10BR_HTxC,AV12D-3-CALSESYQNFYF-AJ49_BV2-CASSQDEQYF-BJ2-7,single,1,2.0464393446710156,1.8365012677171204
BL6-B10BR_HTxC,AV12D-3-CALSGQGGRALIF-AJ15_BV19-CASSIGHTLYF-BJ2-4,single,1,2.6126502330422663,2.4594316186372973
BL6-B10BR_HTxC,AV12D-3-CALSGQGGRALIF-AJ15_BV19-CASSPGATGQLYF-BJ2-2,single,1,1.974937501201927,1.9475325801058645
BL6-B10BR_HTxC,AV12D-3-CALSKNYNVLYF-AJ21_BV13-3-CASSRLGGRQNTLYF-BJ2-4,single,1,1.8919954870390203,1.6195197227575249
BL6-B10BR_HTxC,AV12D-3-CALSPDSNYQLIW-AJ33_BV13-2-CASGDQGSSGNTLYF-BJ1-3,single,3,0.31110854567168716,0.11881517063823886
BL6-B10BR_HTxC,AV12D-3-CALSPGGSNAKLTF-AJ42_BV13-2-CASGDVGGANERLFF-BJ1-4,single,1,0.9475846798245738,0.4589808468664412
BL6-B10BR_HTxC,AV12D-3-CALSQTGNTGKLIF-AJ37_BV5-CASSHGLGVNTGQLYF-BJ2-2,single,1,2.311278124459133,2.0931094043914813
BL6-B10BR_HTxC,AV12D-3-CALSSGANTGKLTF-AJ52_BV13-2-CASGEQNYAEQFF-BJ2-1,single,1,2.1867043459100244,2.0608822421470223
BL6-B10BR_HTxC,AV12D-3-CALSVSSGSWQLIF-AJ22_BV13-2-CASGDQGASGNTLYF-BJ1-3,single,1,0.2523008719388933,0.09207604293686485
BL6-B10BR_HTxC,AV12D-3-CALSVSSGSWQLIF-AJ22_BV13-2-CASGDWGGSQNTLYF-BJ2-4,single,4,0.26749508642936926,0.10776144321014638
BL6-B10BR_HTxC,AV12D-3-CALTNYNVLYF-AJ21_BV3-CASSYWGNYAEQFF-BJ2-1,single,1,1.6031649549155953,1.1743846496330121
BL6-B10BR_HTxC,AV12D-3-CALTSGGNYKPTF-AJ6_BV13-1-CASSGTGGAEQFF-BJ2-1,single,1,1.7924812503605778,1.584962500721156
BL6-B10BR_HTxC,AV12D-3-CALTSGGNYKPTF-AJ6_BV13-3-CASSERGANERLFF-BJ1-4,single,2,2.201991674293372,2.0112759209949242
BL6-B10BR_HTxC,AV12D-3-CALTTGGNNKLTF-AJ56_BV13-2-CASGDPGGRWEQYF-BJ2-7,single,1,2.2516291673878226,2.169925001442312
BL6-B10BR_HTxC,AV12D-3-CARASSGSWQLIF-AJ22_BV13-1-CASSDAGTEVFF-BJ1-1,single,1,0.5475806718438031,0.25197423184710904
BL6-B10BR_HTxC,AV12D-3-CARASSGSWQLIF-AJ22_BV2-CASSQDRRGDTQYF-BJ2-5,single,1,0.9182958340544896,0.84799690655495
BL6-B10BR_HTxC,AV13-1-CALADNYAQGLTF-AJ26_BV13-1-CASSDGNTEVFF-BJ1-1,single,1,1.0,1.0
BL6-B10BR_HTxC,AV13-1-CALDGAGAKLTF-AJ39_BV1-CTCSAVRYEQYF-BJ2-7,single,1,1.690638049351438,1.2819383635586774
BL6-B10BR_HTxC,AV13-1-CALDLSNTNKVVF-AJ34_BV13-2-CASGDQGASGNTLYF-BJ1-3,single,1,0.06952964699480783,0.02404379014989203
BL6-B10BR_HTxC,AV13-1-CALDNRIFF-AJ31_BV12-1-CASSDWGGAEQFF-BJ2-1,single,86,1.1500005891060463,0.7676826012012065
BL6-B10BR_HTxC,AV13-1-CALDNRIFF-AJ31_BV13-1-CASKDTYEQYF-BJ2-7,single,1,0.5423996750850044,0.21725217228504967
BL6-B10BR_HTxC,AV13-1-CALDNRIFF-AJ31_BV13-3-CASSERTEVFF-BJ1-1,single,1,0.3299742842369207,0.1424037827488752
BL6-B10BR_HTxC,AV13-1-CALDNRIFF-AJ31_BV13-3-CASSERVNQDTQYF-BJ2-5,single,2,1.2221219461199526,0.9189209297385237
BL6-B10BR_HTxC,AV13-1-CALDNRIFF-AJ31_BV3-CASSLSSYEQYF-BJ2-7,single,1,0.6845594998122378,0.2995602818589078
BL6-B10BR_HTxC,AV13-1-CALDNRIFL-AJ31_BV3-CASSLGQISNERLFF-BJ1-4,single,1,0.2585854818964588,0.1075623316122954
BL6-B10BR_HTxC,AV13-1-CALDPSNTGYQNFYF-AJ49_BV12-2-CASSLGVYAEQFF-BJ2-1,single,1,2.0,2.0
BL6-B10BR_HTxC,AV13-1-CALDSNTGAN-AJ52_BV13-2-CASGPGGQNTLYF-BJ2-4,single,1,0.9709505944546686,0.9434164716336325
BL6-B10BR_HTxC,AV13-1-CALDSNTGANTGKLTF-AJ52_BV13-3-CASSDPGEDQAPLF-BJ1-5,single,1,1.786993063197861,1.252437616983964
BL6-B10BR_HTxC,AV13-1-CALDSNTGANTGKLTF-AJ52_BV13-3-CASSERTEVFF-BJ1-1,single,1,0.7475846798245739,0.44418384493836055
BL6-B10BR_HTxC,AV13-1-CALDSNTGANTGKLTF-AJ52_BV13-3-CASSERVNQDTQYF-BJ2-5,single,1,0.4476364926167369,0.1871369145588125
BL6-B10BR_HTxC,AV13-1-CALDSNTGANTGKLTF-AJ52_BV29-CASSLPGQGHEQYF-BJ2-7,single,2,0.7896581478790753,0.6187167013149546
BL6-B10BR_HTxC,AV13-1-CALDSSGSWQLIF-AJ22_BV4-CASSHGRVYEQYF-BJ2-7,single,3,1.3402226674735027,1.16366813676373
BL6-B10BR_HTxC,AV13-1-CALDTGYQNFYF-AJ49_BV5-CASSLTGGAYEQYF-BJ2-7,single,1,0.8112781244591328,0.6780719051126377
BL6-B10BR_HTxC,AV13-1-CALDTNTGKLTF-AJ27_BV3-CASSYGTGGSEQYF-BJ2-7,single,1,0.8873068828532795,0.6293125931927823
BL6-B10BR_HTxC,AV13-1-CALEHGDAGAKLTF-AJ39_BV1-CTCSASDWEQYF-BJ2-7,single,1,1.1994602933016414,0.9339108095422276
BL6-B10BR_HTxC,AV13-1-CALEHGDAGAKLTF-AJ39_BV1-CTCSVGTGGGTGQLYF-BJ2-2,single,1,1.850983694881109,1.4420045468791136
BL6-B10BR_HTxC,AV13-1-CALEHGDAGAKLTF-AJ39_BV1-CTCSVGTGGSTGQLYF-BJ2-2,single,27,1.8639673301151205,1.5259423974310797
BL6-B10BR_HTxC,AV13-1-CALEHTGNYKYVF-AJ40_BV12-2-CASSLGLGEQYF-BJ2-7,single,1,2.3219280948873626,2.0588936890535683
BL6-B10BR_HTxC,AV13-1-CALELDTNTGKLTF-AJ27_BV13-2-CASGVTGTGGFYAEQFF-BJ2-1,single,1,0.5435644431995964,0.3561438102252753
BL6-B10BR_HTxC,AV13-1-CALELMDYANKMIF-AJ47_BV13-2-CASGDYWGGAEQFF-BJ2-1,single,8,1.627972645963532,1.3498718395059588
BL6-B10BR_HTxC,AV13-1-CALELNTNTGKLTF-AJ27_BV26-CASSPQDTQYF-BJ2-5,single,1,1.7841591278514217,1.6463630453852995
BL6-B10BR_HTxC,AV13-1-CALELSGGSNYKLTF-AJ53_BV4-CASSSGTGGYEQYF-BJ2-7,single,1,0.7833514224564074,0.37713470714124825
BL6-B10BR_HTxC,AV13-1-CALELSNYNVLYF-AJ21_BV13-3-CASSDGTGFERLFF-BJ1-4,single,1,2.199687794731328,1.846290584604547
BL6-B10BR_HTxC,AV13-1-CALEPGNTGKLIF-AJ37_BV5-CASSQNSGNTLYF-BJ1-3,single,1,1.5,1.415037499278844
BL6-B10BR_HTxC,AV13-1-CALEPGTGSNRLTF-AJ28_BV13-3-CASSDPDNQNTLYF-BJ2-4,single,1,1.0,1.0
BL6-B10BR_HTxC,AV13-1-CALEPNAYKVIF-AJ30_BV12-2-CASSLGQGGEQYF-BJ2-7,single,1,2.0,2.0
BL6-B10BR_HTxC,AV13-1-CALEPNTNTGKLTF-AJ27_BV2-CASSLYWGQDTQYF-BJ2-5,single,1,0.7167256591148785,0.4099003008268032
BL6-B10BR_HTxC,AV13-1-CALEPNYNVLYF-AJ21_BV29-CASSVRDWGYEQYF-BJ2-7,single,1,3.406320074441836,3.2723368525128524
BL6-B10BR_HTxC,AV13-1-CALEQGGSAKLIF-AJ57_BV12-2-CASSLEGADTEVFF-BJ1-1,single,1,1.839330832236536,1.3277104474813683
BL6-B10BR_HTxC,AV13-1-CALEQTGFASALTF-AJ35_BV14-CASSDRYEQYF-BJ2-7,single,2,1.6382137351359871,1.357220225287301
BL6-B10BR_HTxC,AV13-1-CALERGNNAPRF-AJ43_BV13-1-CASSDVNTEVFF-BJ1-1,single,1,0.8706913785973592,0.5504111905092596
BL6-B10BR_HTxC,AV13-1-CALERGTNTGKLTF-AJ27_BV26-CASSSTGREQYF-BJ2-7,single,1,2.4193819456463714,2.252387161634285
BL6-B10BR_HTxC,AV13-1-CALERPEGADRLTF-AJ45_BV16-CASRGLGGKYF-BJ2-7,single,6,1.4820491923536387,1.1457036175372617
BL6-B10BR_HTxC,AV13-1-CALERSNNRIFF-AJ31_BV13-1-CASKDTYEQYF-BJ2-7,single,1,1.4591479170272448,1.3625700793847082
BL6-B10BR_HTxC,AV13-1-CALERSNNRIFF-AJ31_BV13-1-CASSETGVSSYEQYF-BJ2-7,single,1,1.3787834934861753,1.222392421336448
BL6-B10BR_HTxC,AV13-1-CALERSNNRIFF-AJ31_BV13-2-CASGDQGASGNTLYF-BJ1-3,single,1,0.8112781244591328,0.6780719051126377
BL6-B10BR_HTxC,AV13-1-CALERSNNRIFF-AJ31_BV13-2-CASGEGGQNTLYF-BJ2-4,single,1,2.0,1.6780719051126376
BL6-B10BR_HTxC,AV13-1-CALERSNNRIFF-AJ31_BV13-2-CASGGGWNTEVFF-BJ1-1,single,1,2.288930857011376,1.534630825171012
BL6-B10BR_HTxC,AV13-1-CALERSNNRIFF-AJ31_BV13-2-CASGTGGANTLYF-BJ2-4,single,1,0.6998428398862386,0.395928676331139
BL6-B10BR_HTxC,AV13-1-CALERSNNRIFF-AJ31_BV13-3-CASSPLGGYEQYF-BJ2-7,single,1,1.6644977792004614,1.3667823306716225
BL6-B10BR_HTxC,AV13-1-CALERSNNRIFF-AJ31_BV17-CASSRLGSSYEQYF-BJ2-7,single,1,1.584962500721156,1.5849625007211563
BL6-B10BR_HTxC,AV13-1-CALERSNNRIFF-AJ31_BV2-CASSQDRRGDAQYF-BJ2-5,single,1,1.584962500721156,1.5849625007211563
BL6-B10BR_HTxC,AV13-1-CALERSNNRIFF-AJ31_BV2-CASSQDRRGDTQYF-BJ2-5,single,68,1.4033159740010699,1.2005589643338943
BL6-B10BR_HTxC,AV13-1-CALERSNNRIFF-AJ31_BV29-CASSWGQYF-BJ2-7,single,1,1.6854752972273346,1.4739311883324124
BL6-B10BR_HTxC,AV13-1-CALERSNNRIFF-AJ31_BV3-CASSSGTNYEQYF-BJ2-7,single,1,1.0,1.0
BL6-B10BR_HTxC,AV13-1-CALERSNNRIFF-AJ31_BV4-CASSYIEVFF-BJ1-1,single,1,1.9211854965885544,1.6147098441152081
BL6-B10BR_HTxC,AV13-1-CALFTGYQNFYF-AJ49_BV5-CASSQDRSQNTLYF-BJ2-4,single,1,1.0010468181873748,0.6079084323872365
BL6-B10BR_HTxC,AV13-1-CALGHDTNAYKVIF-AJ30_BV31-CAWSPGHANTEVFF-BJ1-1,single,1,1.4130311925113357,0.9888858499039687
BL6-B10BR_HTxC,AV13-1-CALNTGYQNFYF-AJ49_BV4-CANSLTTNTEVFF-BJ1-1,single,1,1.4911148500551854,1.137503523749935
BL6-B10BR_HTxC,AV13-1-CALPQGGSAKLIF-AJ57_BV1-CTCSANWGEDTQYF-BJ2-5,single,1,0.0,0.0
BL6-B10BR_HTxC,AV13-1-CALVASSGSWQLIF-AJ22_BV31-CAWSLGEVFF-BJ1-1,single,2,2.136121085951407,1.8684827970831028
BL6-B10BR_HTxC,AV13-1-CALVTGYQNFYF-AJ49_BV5-CASSQDRSQNTLYF-BJ2-4,single,3,1.7172548268478567,1.4736221260750735
BL6-B10BR_HTxC,AV13-1-CAMDSNYQLIW-AJ33_BV5-CASSPHWGGTGQLYF-BJ2-2,single,1,2.321928094887362,2.321928094887362
BL6-B10BR_HTxC,AV13-1-CASPMDSNYQLIW-AJ33_BV12-1-CASSLGTGGYEQYF-BJ2-7,single,1,0.5689955935892812,0.29512803554364725
BL6-B10BR_HTxC,AV13-1-CASPMDSNYQLIW-AJ33_BV13-2-CASGDQGASGNTLYF-BJ1-3,single,1,1.4124668112370458,0.8615859713029055
BL6-B10BR_HTxC,AV13-1-CASPMDSNYQLIW-AJ33_BV13-2-CASGERLDAEQFF-BJ2-1,single,1,1.423531495510489,1.1244723562477628
BL6-B10BR_HTxC,AV13-1-CASPMDSNYQLIW-AJ33_BV19-CASSIGRTGNTLYF-BJ1-3,single,1,0.365645082152014,0.14666964914200917
BL6-B10BR_HTxC,AV13-1-CASPMDSNYQLIW-AJ33_BV31-CAWSLGQDTQYF-BJ2-5,single,24,0.5610488999969618,0.3191089362588861
BL6-B10BR_HTxC,AV13-2-CAASSGSWQLIF-AJ22_BV13-1-CASSEQGGYEQYF-BJ2-7,single,1,2.4464124990649547,2.3328783944479032
BL6-B10BR_HTxC,AV13-2-CAASSGSWQLIF-AJ22_BV13-2-CASGERTGQNTLYF-BJ2-4,single,2,2.343737729910712,2.0322980242088757
BL6-B10BR_HTxC,AV13-2-CAIAANTGKLTF-AJ27_BV31-CAWSLGYAEQFF-BJ2-1,single,2,0.9181502730537435,0.6203332964026695
BL6-B10BR_HTxC,AV13-2-CAIDDNAGAKLTF-AJ39_BV13-2-CASGTGGANTLYF-BJ2-4,single,1,1.5487949406953985,1.1926450779423958
BL6-B10BR_HTxC,AV13-2-CAIDDNAGAKLTF-AJ39_BV14-CASSLRDEQYF-BJ2-7,single,31,1.5715494149936222,1.2067728343553812
BL6-B10BR_HTxC,AV13-2-CAIDDNAGAKLTF-AJ39_BV31-CAWSYRGETLYF-BJ2-3,single,1,1.8590306432373982,1.364274385596957
BL6-B10BR_HTxC,AV13-2-CAIDDNMGCKLAF-AJ9_BV13-2-CASGDQGASGNTLYF-BJ1-3,single,1,0.23224117274015474,0.07917720630131807
BL6-B10BR_HTxC,AV13-2-CAIDDNMGYKLTF-AJ9_BV26-CASSLRGEQYF-BJ2-7,single,8,1.0590669125043206,0.7185251897302742
BL6-B10BR_HTxC,AV13-2-CAIDDNMGYKLTF-AJ9_BV31-CAWLGGLAETLYF-BJ2-3,single,1,1.3709505944546687,1.1844245711374273
BL6-B10BR_HTxC,AV13-2-CAIDDNTGKL-AJ27_BV3-CASSLSSYEQYF-BJ2-7,single,1,0.38618147508914935,0.1544029194060449
BL6-B10BR_HTxC,AV13-2-CAIDDNTGKLTF-AJ27_BV12-1-CASSQGNTLYF-BJ2-4,single,31,1.299533892669115,0.9758597974443706
BL6-B10BR_HTxC,AV13-2-CAIDDNTGKLTF-AJ27_BV13-1-CASKDTYEQYF-BJ2-7,single,1,1.5463611973901459,1.1303966372556753
BL6-B10BR_HTxC,AV13-2-CAIDDNTGKLTF-AJ27_BV13-1-CASSDRDTQAPLF-BJ1-5,single,1,1.5064431878202948,0.92044870090324
BL6-B10BR_HTxC,AV13-2-CAIDDNTGKLTF-AJ27_BV13-2-CASGGANTEVFF-BJ1-1,single,1,0.8268748818646382,0.47071546460866276
BL6-B10BR_HTxC,AV13-2-CAIDDNTGKLTF-AJ27_BV13-2-CASGTGPETLYF-BJ2-3,single,1,1.7527152789797045,1.5849625007211563
BL6-B10BR_HTxC,AV13-2-CAIDDNTGKLTF-AJ27_BV13-3-CASRDRYEQYF-BJ2-7,single,1,0.409633443977211,0.18900379983166823
BL6-B10BR_HTxC,AV13-2-CAIDDNTGKLTF-AJ27_BV3-CASSHGQISNERLFF-BJ1-4,single,1,0.5032583347756457,0.3174821898561702
BL6-B10BR_HTxC,AV13-2-CAIDDNTGKLTF-AJ27_BV3-CASSLSSYEQYF-BJ2-7,single,1,0.09597040299587187,0.035618412503575066
BL6-B10BR_HTxC,AV13-2-CAIDDNTGKLTF-AJ27_BV4-CASSWTGSYNSPLYF-BJ1-6,single,1,0.20062232431271465,0.09010691622995806
BL6-B10BR_HTxC,AV13-2-CAIDGSSGNKLIF-AJ32_BV13-3-CASSERTEVFF-BJ1-1,single,1,0.5349547231656377,0.27548614688005024
BL6-B10BR_HTxC,AV13-2-CAIDGSSSFSKLVF-AJ50_BV31-CAWSSGTDEQYF-BJ2-7,single,1,0.9094652062254913,0.5061853873370389
BL6-B10BR_HTxC,AV13-2-CAIDINTGKLIF-AJ37_BV19-CASSIVATGQLYF-BJ2-2,single,1,1.8073549220576042,1.4052564784862585
BL6-B10BR_HTxC,AV13-2-CAIDKDNYAQGLTF-AJ26_BV13-1-CASSDAREVFF-BJ1-1,single,1,2.2810361125534233,1.9475325801058645
BL6-B10BR_HTxC,AV13-2-CAIDNNAGAKL-AJ39_BV13-1-CASSDRDTQAPLF-BJ1-5,single,1,1.0576727609468741,0.745845697195974
BL6-B10BR_HTxC,AV13-2-CAIDNNAGAKLTF-AJ39_BV1-CTCSADWGNYAEQFF-BJ2-1,single,1,1.6321654021612106,1.305986551018341
BL6-B10BR_HTxC,AV13-2-CAIDNNAGAKLTF-AJ39_BV13-2-CASGDQGASGNTLYF-BJ1-3,single,1,0.5349436990971066,0.3476892579893396
BL6-B10BR_HTxC,AV13-2-CAIDNNAGAKLTF-AJ39_BV13-2-CASGDTGGAQEQYF-BJ2-7,single,1,1.4072535340397483,1.0811367627254056
BL6-B10BR_HTxC,AV13-2-CAIDNNAGAKLTF-AJ39_BV13-3-CASSDGTDEQYF-BJ2-7,single,1,0.7732283485249176,0.45836493094294434
BL6-B10BR_HTxC,AV13-2-CAIDNNAGAKLTF-AJ39_BV13-3-CASSDRDTLYF-BJ2-4,single,30,1.3183034938898295,0.9611354740366667
BL6-B10BR_HTxC,AV13-2-CAIDNNAGAKLTF-AJ39_BV14-CASSFRDTLYF-BJ2-4,single,1,2.6235166412180155,2.4466831258953086
BL6-B10BR_HTxC,AV13-2-CAIDNNAGAKLTF-AJ39_BV14-CASSLRDTQYF-BJ2-5,single,1,1.9810410951419466,1.7615821547374766
BL6-B10BR_HTxC,AV13-2-CAIDNNAGAKLTF-AJ39_BV14-CASSLRGEQYF-BJ2-7,single,1,1.0121336939062746,0.511702222248708
BL6-B10BR_HTxC,AV13-2-CAIDNNAGAKLTF-AJ39_BV17-CASSPGQGYTGQLYF-BJ2-2,single,1,2.4308437684823567,1.8810589272764926
BL6-B10BR_HTxC,AV13-2-CAIDNNAGAKLTF-AJ39_BV3-CASSLGLDTQYF-BJ2-5,single,1,0.17203694935311378,0.07395066033645546
BL6-B10BR_HTxC,AV13-2-CAIDNNAGAKLTF-AJ39_BV3-CASSTGQISNERLFF-BJ1-4,single,1,1.5721385584812424,1.0371039946627394
BL6-B10BR_HTxC,AV13-2-CAIDNNNNAPRF-AJ43_BV19-CASSIGAGGEQYF-BJ2-7,single,2,0.5725552071907913,0.357189454549483
BL6-B10BR_HTxC,AV13-2-CAIDPDSNYQLIW-AJ33_BV1-CTCSPGRYAEQFF-BJ2-1,single,1,2.1416195253341384,1.786169592166976
BL6-B10BR_HTxC,AV13-2-CAIDPNTGKLTF-AJ27_BV1-CTCSAVRVGNTLYF-BJ1-3,single,1,0.6395563653739031,0.3540217245972157
BL6-B10BR_HTxC,AV13-2-CAIDPNTGKLTF-AJ27_BV13-2-CASGDAGSEVFF-BJ1-1,single,1,0.34310030788093704,0.14979158194527073
BL6-B10BR_HTxC,AV13-2-CAIDPNTGKLTF-AJ27_BV13-3-CASSDSGSDYTF-BJ1-2,single,9,1.1057697059502205,0.8711821325600932
BL6-B10BR_HTxC,AV13-2-CAIDPNTGKLTF-AJ27_BV17-CASSPGQGYTGQLYF-BJ2-2,single,1,2.5,2.415037499278844
BL6-B10BR_HTxC,AV13-2-CAIDPNTGKLTF-AJ27_BV19-CASGGQNTLYF-BJ2-4,single,4,0.9227133647007498,0.592608389793424
BL6-B10BR_HTxC,AV13-2-CAIDPNTNKVVF-AJ34_BV12-1-CASSLGNTLYF-BJ1-3,single,2,1.5604752972273344,1.3624964762500649
BL6-B10BR_HTxC,AV13-2-CAIDPNTNKVVF-AJ34_BV13-2-CASGDAGSPLYF-BJ1-6,single,1,0.0,0.0
BL6-B10BR_HTxC,AV13-2-CAIDPNTNKVVF-AJ34_BV14-CASSSNTEVFF-BJ1-1,single,1,0.9709505944546686,0.9434164716336325
BL6-B10BR_HTxC,AV13-2-CAIDPNYAQGLTF-AJ26_BV19-CASSPDRATGQLYF-BJ2-2,single,2,1.434253949484618,1.381133516264533
BL6-B10BR_HTxC,AV13-2-CAIDPNYGNEKITF-AJ48_BV1-CTCSAGGPQYF-BJ2-5,single,1,1.9219280948873623,1.8365012677171204
BL6-B10BR_HTxC,AV13-2-CAIDQNAGAKLT-AJ39_BV16-CASSWGAETLYF-BJ2-3,single,1,1.0469559066964065,0.528945290336894
BL6-B10BR_HTxC,AV13-2-CAIDQNAGAKLT-AJ39_BV17-CASSRQGAREQYF-BJ2-7,single,1,0.7219280948873623,0.5563933485243849
BL6-B10BR_HTxC,AV13-2-CAIDQNAGAKLTF-AJ39_BV1-CTCSAGTGKQYF-BJ2-7,single,1,0.9182958340544896,0.84799690655495
BL6-B10BR_HTxC,AV13-2-CAIDQNAGAKLTF-AJ39_BV13-1-CASSDRDTQAPLF-BJ1-5,single,1,1.4496086770551533,1.0353389610746717
BL6-B10BR_HTxC,AV13-2-CAIDQNAGAKLTF-AJ39_BV13-2-CASGDIQAPLF-BJ1-5,single,1,1.0838960670329025,0.6026645024546151
BL6-B10BR_HTxC,AV13-2-CAIDQNAGAKLTF-AJ39_BV13-2-CASGDQGASGNTLYF-BJ1-3,single,1,0.08820473335141979,0.027945058726008103
BL6-B10BR_HTxC,AV13-2-CAIDQNAGAKLTF-AJ39_BV13-2-CASGGANTEVFF-BJ1-1,single,1,0.4689955935892812,0.2863041851566409
BL6-B10BR_HTxC,AV13-2-CAIDQNAGAKLTF-AJ39_BV13-3-CASSERVNQDTQYF-BJ2-5,single,1,1.1917601481809736,0.7734914701913203
BL6-B10BR_HTxC,AV13-2-CAIDQNAGAKLTF-AJ39_BV14-CASSLRDEQYF-BJ2-7,single,1,1.4533087584967392,0.9025701305511237
BL6-B10BR_HTxC,AV13-2-CAIDQNAGAKLTF-AJ39_BV14-CASSLRGEQYF-BJ2-7,single,212,0.8459044275796015,0.4851448218790493
BL6-B10BR_HTxC,AV13-2-CAIDQNAGAKLTF-AJ39_BV3-CASSLGVEQYF-BJ2-7,single,1,0.9921727842921583,0.5865046467969158
BL6-B10BR_HTxC,AV13-2-CAIDQNAGAKLTF-AJ39_BV3-CASSLSSYEQYF-BJ2-7,single,1,0.8801384400812363,0.40545145044964576
BL6-B10BR_HTxC,AV13-2-CAIDQNAGAKLTF-AJ39_BV3-CASSPGYYAEQFF-BJ2-1,single,1,0.27825617283579995,0.09331263800526864
BL6-B10BR_HTxC,AV13-2-CAIDQNAGAKLTF-AJ39_BV3-CASSQGQISNERLFF-BJ1-4,single,1,0.6422064220541267,0.35209294516926215
BL6-B10BR_HTxC,AV13-2-CAIDQNAGAKLTF-AJ39_BV3-CASSSGPNYEQYF-BJ2-7,single,1,1.199122495651268,0.9949684628995706
BL6-B10BR_HTxC,AV13-2-CAIDQNAGAKLTF-AJ39_BV3-CASSSGQISNERLFF-BJ1-4,single,1,0.7192693259782922,0.3733783476416292
BL6-B10BR_HTxC,AV13-2-CAIDQNAGAKLTF-AJ39_BV3-CASSWTYNSPLYF-BJ1-6,single,1,0.0730661193138456,0.025533074533840443
BL6-B10BR_HTxC,AV13-2-CAIDQNAGAKLTF-AJ39_BV31-CAWSPWTGTEVFF-BJ1-1,single,1,2.144351493503554,1.8610349066787348
BL6-B10BR_HTxC,AV13-2-CAIDRDLNQGGSAKLIF-AJ57_BV16-CASSLRNYAEQFF-BJ2-1,single,1,1.9219280948873623,1.8365012677171204
BL6-B10BR_HTxC,AV13-2-CAIDRNNYAQGLTF-AJ26_BV29-CASSPGRKQYF-BJ2-7,single,1,0.17203694935311378,0.07395066033645546
BL6-B10BR_HTxC,AV13-2-CAIDRNNYAQGLTF-AJ26_BV3-CASSLGVTEVFF-BJ1-1,single,1,1.4190352743388661,0.9434164716336328
BL6-B10BR_HTxC,AV13-2-CAIDRSDQGGSAKLIF-AJ57_BV16-CASSFLGYAEQFF-BJ2-1,single,1,0.5032583347756457,0.3174821898561702
BL6-B10BR_HTxC,AV13-2-CAIDRTGSGGKLTL-AJ44_BV19-CASSITREAEQFF-BJ2-1,single,1,2.2516291673878226,2.169925001442312
BL6-B10BR_HTxC,AV13-2-CAIDRTGSGGKLTL-AJ44_BV29-CASSWGGGAETLYF-BJ2-3,single,1,1.2220198859116511,0.65422516315827
BL6-B10BR_HTxC,AV13-2-CAIDTEGADRLTF-AJ45_BV13-1-CASSDRNTLYF-BJ2-4,single,1,0.6414844098939968,0.28713727023299607
BL6-B10BR_HTxC,AV13-2-CAIDTGYQNFYF-AJ49_BV13-3-CASSDRTEQFF-BJ2-1,single,1,0.11360277316267187,0.03783966563859137
BL6-B10BR_HTxC,AV13-2-CAIDTNTGKL-AJ27_BV13-1-CASSQANYAEQFF-BJ2-1,single,1,0.49922644773970476,0.2228204826519014
BL6-B10BR_HTxC,AV13-2-CAIDTNTGKLTF-AJ27_BV1-CTCSAVRVDTEVFF-BJ1-1,single,1,0.2917398021993897,0.10597106974457236
BL6-B10BR_HTxC,AV13-2-CAIDTNTGKLTF-AJ27_BV13-2-CASGDQGASGNTLYF-BJ1-3,single,1,0.05562236581831018,0.018377778936118718
BL6-B10BR_HTxC,AV13-2-CAIDTNTGKLTF-AJ27_BV13-2-CASGDRNTLYF-BJ1-3,single,1,0.9270745023710714,0.47014209871929824
BL6-B10BR_HTxC,AV13-2-CAIDTNTGKLTF-AJ27_BV13-3-CASSDANSDYTF-BJ1-2,single,12,0.8303122201025541,0.5950462458205995
BL6-B10BR_HTxC,AV13-2-CAIDTNTGKLTF-AJ27_BV20-CGASLDQNTLYF-BJ2-4,single,1,0.9709505944546686,0.9434164716336325
BL6-B10BR_HTxC,AV13-2-CAIDTNTGKLTF-AJ27_BV3-CASSLGQTEVFF-BJ1-1,single,2,1.8042765523558735,1.6178727744678274
BL6-B10BR_HTxC,AV13-2-CAIDYNQGKLIF-AJ23_BV13-2-CASGDAGGEVFF-BJ1-1,single,1,1.51241284143745,1.0150543457222891
BL6-B10BR_HTxC,AV13-2-CAIDYNQGKLIF-AJ23_BV13-3-CASSEPNSPLYF-BJ1-6,single,1,0.7578534921839994,0.35474672008549135
BL6-B10BR_HTxC,AV13-2-CAIEGDYANKMIF-AJ47_BV3-CASSLGVTEVFF-BJ1-1,single,1,1.3800943362833298,1.20143597418753
BL6-B10BR_HTxC,AV13-2-CAIGDNTGKLTF-AJ27_BV12-1-CASSQGNTLYF-BJ2-4,single,1,1.7489992230622806,1.6076825772212398
BL6-B10BR_HTxC,AV13-2-CAIGQNAGAKLTF-AJ39_BV14-CASSLRGEQYF-BJ2-7,single,1,0.6883477148757939,0.3216571407986912
BL6-B10BR_HTxC,AV13-2-CAISTGYQNFYF-AJ49_BV3-CASSAGGAQDTQYF-BJ2-5,single,1,2.2359263506290326,2.155278225477911
BL6-B10BR_HTxC,AV13-2-CALEQTGFASALTF-AJ35_BV14-CASSDRYEQYF-BJ2-7,single,1,1.3945010525974568,1.1527949129165678
BL6-B10BR_HTxC,AV13-2-CALNNNAGAKLTF-AJ39_BV3-CASSLGGSQNTLYF-BJ2-4,single,2,1.7802236507384872,1.4405294636382462
BL6-B10BR_HTxC,AV13-2-CAMDNNAGAKLTF-AJ39_BV13-2-CASGEGPANSDYTF-BJ1-2,single,1,0.222284830685688,0.10295719034782845
BL6-B10BR_HTxC,AV13-2-CAMDNNAGAKLTF-AJ39_BV13-2-CASGGGWNTEVFF-BJ1-1,single,1,2.1112815399676457,1.6455151892266633
BL6-B10BR_HTxC,AV13-2-CAMDNNAGAKLTF-AJ39_BV13-3-CASSERTEVFF-BJ1-1,single,43,0.4792479077906339,0.2301959342419605
BL6-B10BR_HTxC,AV13-2-CAMDNNAGAKLTF-AJ39_BV14-CASSLRGSQYF-BJ2-7,single,7,1.3869396785814936,1.059081645574426
BL6-B10BR_HTxC,AV13-2-CAMDNNAGAKLTF-AJ39_BV2-CASSQDRRGDTQYF-BJ2-5,single,1,2.1155422604960856,1.4325693315563066
BL6-B10BR_HTxC,AV13-2-CAMDNNAGAKLTF-AJ39_BV3-CASSLGQDTQYF-BJ2-5,single,1,1.4880431004535188,1.239462434405964
BL6-B10BR_HTxC,AV13-2-CAMDNNAGAKLTF-AJ39_BV31-CAWSPWTGTEVFF-BJ1-1,single,1,0.06766982525198403,0.023268253669650775
BL6-B10BR_HTxC,AV13-2-CAMDSNAGVKFTF-AJ39_BV13-3-CASSERTEVFF-BJ1-1,single,1,0.6024498278633841,0.27020606123604896
BL6-B10BR_HTxC,AV13-2-CAMDSNYQLIW-AJ33_BV13-2-CASGDRNTLYF-BJ1-3,single,14,1.0006676110229764,0.6951867491499054
BL6-B10BR_HTxC,AV13-2-CAMDSNYQLIW-AJ33_BV13-2-CPRWHRSTLYF-BJ1-3,single,1,0.8112781244591328,0.6780719051126377
BL6-B10BR_HTxC,AV13-2-CAPSSSSFSKLVF-AJ50_BV16-CASSLGGEQYF-BJ2-7,single,1,2.1492553971684996,2.0324214776923775
BL6-B10BR_HTxC,AV13-2-CAVDPNYAQGLTF-AJ26_BV14-CASSFRTEVFF-BJ1-1,single,1,1.7117778489675737,1.4104992915703767
BL6-B10BR_HTxC,AV13-2-CVRDQNAGAKLKF-AJ39_BV14-CASSLRGEQYF-BJ2-7,single,1,0.526385142040067,0.22116097311855948
BL6-B10BR_HTxC,AV13-3-CAMDPNSNNRIFF-AJ31_BV3-CASSLGVDTQYF-BJ2-5,single,1,0.7016954266995276,0.3945085177380923
BL6-B10BR_HTxC,AV13-3-CAMEHNNNAPRF-AJ43_BV12-1-CASSDWGGAEQFF-BJ2-1,single,3,0.5615602389235296,0.36025506657584194
BL6-B10BR_HTxC,AV13-3-CAMEPASGSWQLIF-AJ22_BV4-CASSLNTLYF-BJ2-4,single,1,0.35335933502142136,0.19172937176066066
BL6-B10BR_HTxC,AV13-4/DV7-CAIDTNAYKVIF-AJ30_BV2-CASSQDRRGDTQYF-BJ2-5,single,1,1.4056390622295665,1.2995602818589078
BL6-B10BR_HTxC,AV13-4/DV7-CAMAGDYANK-AJ47_BV15-CASSLARGGRGDTQYF-BJ2-5,single,1,0.6219041416291193,0.34018350459463054
BL6-B10BR_HTxC,AV13-4/DV7-CAMAGDYANKMIF-AJ47_BV12-2-CASSLDWGEDTQYF-BJ2-5,single,1,2.521640636343318,2.444784842672896
BL6-B10BR_HTxC,AV13-4/DV7-CAMAGDYANKMIF-AJ47_BV13-1-CASSGRTTNTEVFF-BJ1-1,single,1,1.719542456562627,1.593107589629997
BL6-B10BR_HTxC,AV13-4/DV7-CAMAGDYANKMIF-AJ47_BV13-2-CASGEGPANSDYTF-BJ1-2,single,1,2.108744411015932,1.786169592166976
BL6-B10BR_HTxC,AV13-4/DV7-CAMAGDYANKMIF-AJ47_BV13-3-CASSEKGREQYF-BJ2-7,single,1,1.3727069617019705,1.0780025120012733
BL6-B10BR_HTxC,AV13-4/DV7-CAMAGDYANKMIF-AJ47_BV14-CASSFRTEVFF-BJ1-1,single,52,1.388406781083574,1.0486661755762545
BL6-B10BR_HTxC,AV13-4/DV7-CAMAGDYANKMIF-AJ47_BV26-CASSRDRVYEQYF-BJ2-7,single,1,0.7642045065086203,0.6119295483214255
BL6-B10BR_HTxC,AV13-4/DV7-CAMAGDYANKMIF-AJ47_BV3-CASSLGLGYEQYF-BJ2-7,single,1,1.079150723888394,0.9923269107686242
BL6-B10BR_HTxC,AV13-4/DV7-CAMAGDYANKMIF-AJ47_BV3-CASSSGPNYEQYF-BJ2-7,single,1,0.20894619987140012,0.07528743567747474
BL6-B10BR_HTxC,AV13-4/DV7-CAMAGDYANKMIF-AJ47_BV3-CASSWTYNSPLYF-BJ1-6,single,1,1.4144327464798943,1.1383281565479735
BL6-B10BR_HTxC,AV13-4/DV7-CAMAGDYANKMIF-AJ47_BV4-CASSPDLNTLYF-BJ2-4,single,1,1.2412838880871053,1.1032539617970245
BL6-B10BR_HTxC,AV13-4/DV7-CAMAGDYANKMIL-AJ47_BV13-1-CASKDTYEQYF-BJ2-7,single,1,0.6309066519179698,0.32748200648243936
BL6-B10BR_HTxC,AV13-4/DV7-CAMDPNSNNRIFF-AJ31_BV1-CTCSAVRVDERLFF-BJ1-4,single,1,1.061278124459133,0.7520724865564145
BL6-B10BR_HTxC,AV13-4/DV7-CAMDPNSNNRIFF-AJ31_BV3-CASSLGVDTQYF-BJ2-5,single,26,0.7722336784811681,0.5247466463455942
BL6-B10BR_HTxC,AV13-4/DV7-CAMDPNSNNRISF-AJ31_BV3-CASSLGVDTQYF-BJ2-5,single,1,0.6998428398862386,0.3959286763311392
BL6-B10BR_HTxC,AV13-4/DV7-CAMELDTGANTGKLTF-AJ52_BV1-CTCSAWGYEQYF-BJ2-7,single,1,1.7244078178625923,1.5272470028648688
BL6-B10BR_HTxC,AV13-4/DV7-CAMEPAGNTGK-AJ37_BV16-CASSGLGGLSYEQYF-BJ2-7,single,1,1.9393538721672008,1.7131188522118381
BL6-B10BR_HTxC,AV13-4/DV7-CAMERGGSNAKLT-AJ42_BV1-CTCSAVRVGNTLYF-BJ1-3,single,1,0.5142748316019082,0.2317597005006108
BL6-B10BR_HTxC,AV13-4/DV7-CAMERGGSNAKLTF-AJ42_BV13-1-CASKDTYEQYF-BJ2-7,single,1,0.9473759016233785,0.4926508524836596
BL6-B10BR_HTxC,AV13-4/DV7-CAMERGGSNAKLTF-AJ42_BV13-1-CASSEQGCYEQYF-BJ2-7,single,1,0.8112781244591328,0.6780719051126377
BL6-B10BR_HTxC,AV13-4/DV7-CAMERGGSNAKLTF-AJ42_BV13-2-CASGTGGENTLYF-BJ2-4,single,1,1.2674438038072335,1.0612267992504465
BL6-B10BR_HTxC,AV13-4/DV7-CAMERGGSNAKLTF-AJ42_BV2-CASSQDRRGDTQYF-BJ2-5,single,1,1.4056390622295665,1.2995602818589078
BL6-B10BR_HTxC,AV13-4/DV7-CAMERSNYQLIW-AJ33_BV13-1-CASSVRISNERLFF-BJ1-4,single,1,1.0,1.0
BL6-B10BR_HTxC,AV13-4/DV7-CAMERSNYQLIW-AJ33_BV3-CASSLSTGNSDYTF-BJ1-2,single,1,0.0,0.0
BL6-B10BR_HTxC,AV13-4/DV7-CAMGGIRATDKLVF-DJ1_BV3-CASSLAGDQDTQYF-BJ2-5,single,1,0.7219280948873623,0.5563933485243849
BL6-B10BR_HTxC,AV13-4/DV7-CAMRGSNYQLIW-AJ33_BV4-CASSPGRYTEVFF-BJ1-1,single,1,1.3709505944546687,1.1844245711374273
BL6-B10BR_HTxC,AV13-4/DV7-CAVDPNNNNIIFL-AJ31_BV3-CASSLGVDTQYF-BJ2-5,single,1,0.3123822928331854,0.12177874722275125
BL6-B10BR_HTxC,AV13-5-CALANNNAGAKLTF-AJ39_BV13-2-CASGGANTEVFF-BJ1-1,single,1,0.3731548569241636,0.12428972055692405
BL6-B10BR_HTxC,AV13D-1-CAMDPNAYKVIF-AJ30_BV14-CASSPGHQDTQYF-BJ2-5,single,1,2.6455933144511468,2.527247002864869
BL6-B10BR_HTxC,AV13D-1-CAMEDGNEKITF-AJ48_BV1-CTCSAGTSPLYF-BJ1-6,single,1,2.1709505944546685,2.0588936890535683
BL6-B10BR_HTxC,AV13D-1-CAMELNSGTYQRF-AJ13_BV17-CASSPGQGFQDTQYF-BJ2-5,single,1,0.6998428398862386,0.3959286763311392
BL6-B10BR_HTxC,AV13D-1-CAMELSNYNVLYF-AJ21_BV13-2-CASGDDSAETLYF-BJ2-3,single,1,1.9056390622295665,1.8300749985576876
BL6-B10BR_HTxC,AV13D-1-CAMEPAGNTGKLIF-AJ37_BV13-2-CASWGGFDTQYF-BJ2-5,single,4,1.4908180300844682,1.3980855077716883
BL6-B10BR_HTxC,AV13D-1-CAMEPASGSWQLIF-AJ22_BV4-CASSLNTLYF-BJ2-4,single,8,1.1281522201455865,0.8583920991395702
BL6-B10BR_HTxC,AV13D-1-CAMEQLTGNTGKLIF-AJ37_BV16-CASSFLGTSAETLYF-BJ2-3,single,1,1.5,1.415037499278844
BL6-B10BR_HTxC,AV13D-1-CAMNTGYQNFYF-AJ49_BV13-1-CASSGTGSNERLFF-BJ1-4,single,1,1.9609640474436814,1.6438561897747244
BL6-B10BR_HTxC,AV13D-1-CAMPPSNTNKVVF-AJ34_BV2-CASSQVERLFF-BJ1-4,single,2,1.1341967154061483,0.8556753971577595
BL6-B10BR_HTxC,AV13D-2-CAIASSGSWQLIF-AJ22_BV14-CASSFFQDTQYF-BJ2-5,single,3,1.4936747542859867,1.0962399580461346
BL6-B10BR_HTxC,AV13D-2-CAIDHDTNAYKVIF-AJ30_BV13-2-CASGVDSQNTLYF-BJ2-4,single,2,1.1559681021459078,1.0617555898296294
BL6-B10BR_HTxC,AV13D-2-CAIDLSGSWQLIF-AJ22_BV3-CASSWTSNSDYTF-BJ1-2,single,1,1.657742726504889,1.3856536924977494
BL6-B10BR_HTxC,AV13D-2-CAIDNNAGAKLTF-AJ39_BV13-1-CASKDTYEQYF-BJ2-7,single,1,1.1867043459100246,0.8208311543140675
BL6-B10BR_HTxC,AV13D-2-CAIDNNAGAKLTF-AJ39_BV13-3-CASRDRYEQYF-BJ2-7,single,26,0.6078392578264841,0.34993667269916173
BL6-B10BR_HTxC,AV13D-2-CAIDNNAGAKLTF-AJ39_BV3-CASSSGPNYEQYF-BJ2-7,single,1,0.5026433216482484,0.23016215637055995
BL6-B10BR_HTxC,AV13D-2-CAIDPASSGSWQLIF-AJ22_BV20-CGVRLGNYAEQFF-BJ2-1,single,1,1.584962500721156,1.5849625007211563
BL6-B10BR_HTxC,AV13D-2-CAIDPNYNVLLL-AJ21_BV3-CASSLSSYEQYF-BJ2-7,single,1,0.7803381592163828,0.40631647287573724
BL6-B10BR_HTxC,AV13D-2-CAIDPNYNVLYF-AJ21_BV1-CTCSAARFTGQLYF-BJ2-2,single,1,2.0,1.6780719051126376
BL6-B10BR_HTxC,AV13D-2-CAIDPNYNVLYF-AJ21_BV12-1-CASSDWGGAEQFF-BJ2-1,single,1,2.0699929960298693,1.5546624604452695
BL6-B10BR_HTxC,AV13D-2-CAIDPNYNVLYF-AJ21_BV13-1-CACKDTYEQYF-BJ2-7,single,1,0.9519021090582096,0.5081469036703251
BL6-B10BR_HTxC,AV13D-2-CAIDPNYNVLYF-AJ21_BV13-2-CASGGGWNTEVFF-BJ1-1,single,1,2.75,2.678071905112638
BL6-B10BR_HTxC,AV13D-2-CAIDPNYNVLYF-AJ21_BV13-3-CASRDRYEQYF-BJ2-7,single,1,0.6205542212953692,0.3015429513244069
BL6-B10BR_HTxC,AV13D-2-CAIDPNYNVLYF-AJ21_BV13-3-CASSEKGREQYF-BJ2-7,single,42,1.6345238236778639,1.4850226158414759
BL6-B10BR_HTxC,AV13D-2-CAIDPNYNVLYF-AJ21_BV16-CASSLGQGEQYF-BJ2-7,single,1,1.0,1.0
BL6-B10BR_HTxC,AV13D-2-CAIDPNYNVLYF-AJ21_BV17-CASSPGQGYTGQLYF-BJ2-2,single,1,1.5465935642949382,1.211054877402167
BL6-B10BR_HTxC,AV13D-2-CAIDPNYNVLYF-AJ21_BV17-CASSRGQGSERLFF-BJ1-4,single,1,0.8663137138648347,0.5838088061047855
BL6-B10BR_HTxC,AV13D-2-CAIDPNYNVLYF-AJ21_BV3-CASSLRDWEYEQYF-BJ2-7,single,1,2.9567373021647447,2.497014801445453
BL6-B10BR_HTxC,AV13D-2-CAIDPNYNVLYF-AJ21_BV3-CASSSGPNYEQYF-BJ2-7,single,1,0.3207513607387685,0.1353886277674947
BL6-B10BR_HTxC,AV13D-2-CAIDPNYNVLYF-AJ21_BV4-CASSFRTEVFF-BJ1-1,single,1,1.3158931222654116,1.0375413121053216
BL6-B10BR_HTxC,AV13D-2-CAIDPNYNVLYF-AJ21_BV5-CASSQGGRYAEQFF-BJ2-1,single,1,1.061278124459133,0.7520724865564145
BL6-B10BR_HTxC,AV13D-2-CAIDRGSALGRL-AJ18_BV1-CTCSAVREDTQYF-BJ2-5,single,1,1.811278124459133,1.6780719051126376
BL6-B10BR_HTxC,AV13D-2-CAIDRGSALGRLHF-AJ18_BV31-CAWGDFSGNTLYF-BJ1-3,single,1,2.1179631753145163,1.7078192485066896
BL6-B10BR_HTxC,AV13D-2-CAIDRGSALGRLHF-AJ18_BV31-CAWGDSSGNTLYF-BJ1-3,single,3,1.0001156251465484,0.7578909754267139
BL6-B10BR_HTxC,AV13D-2-CAIDRGSNNRIFF-AJ31_BV19-CASSIDSSYNSPLYF-BJ1-6,single,2,2.049011575276001,1.674267118468525
BL6-B10BR_HTxC,AV13D-2-CAIDRSNTNKVVF-AJ34_BV13-3-CASSDRNYAEQFF-BJ2-1,single,1,1.0,1.0
BL6-B10BR_HTxC,AV13D-2-CAIDRSSGSWQLIF-AJ22_BV4-CASSYIEVFF-BJ1-1,single,28,0.5727417026792189,0.27704725050341705
BL6-B10BR_HTxC,AV13D-2-CAIDTNAYKSHL-AJ30_BV3-CASSLDWSSYEQYF-BJ2-7,single,1,0.5665095065529053,0.3791529635803123
BL6-B10BR_HTxC,AV13D-2-CAIDTNAYKVIF-AJ30_BV13-2-CASGNNQAPLF-BJ1-5,single,1,0.0,0.0
BL6-B10BR_HTxC,AV13D-2-CAIDTNAYKVIF-AJ30_BV13-3-CASSERVNQDTQYF-BJ2-5,single,1,1.7949202932999233,1.3124720420071523
BL6-B10BR_HTxC,AV13D-2-CAIDTNAYKVIF-AJ30_BV3-CASSLDWSSYEQYF-BJ2-7,single,23,0.9556513643619844,0.6190429168138132
BL6-B10BR_HTxC,AV13D-2-CAIDYNTNTGKLTF-AJ27_BV19-CASSITGGAEQFF-BJ2-1,single,1,2.2904619233779213,1.914270125974116
BL6-B10BR_HTxC,AV13D-2-CAIELNSNNRIFF-AJ31_BV19-CASSYWGEAEQFF-BJ2-1,single,1,1.5219280948873621,1.473931188332412
BL6-B10BR_HTxC,AV13D-2-CAITGNTGKLIF-AJ37_BV1-CTCSAVRISYNSPLYF-BJ1-6,single,1,0.4618817047103702,0.22539919100670092
BL6-B10BR_HTxC,AV13D-2-CALEHTGNYKYVF-AJ40_BV13-3-CASSEKGREQYF-BJ2-7,single,1,1.224394445405986,0.982297998266541
BL6-B10BR_HTxC,AV13D-2-CAMERGGSNAKLTF-AJ42_BV13-3-CASRDRYEQYF-BJ2-7,single,1,0.7727151370117911,0.3453981020142208
BL6-B10BR_HTxC,AV13D-3-CAMDRGSALGRLHF-AJ18_BV19-CASTYNSQNTLYF-BJ2-4,single,1,0.2192489945124685,0.07176549545114912
BL6-B10BR_HTxC,AV13D-3-CAMERGGSNAK-AJ42_BV31-CAWLGGLAETLYF-BJ2-3,single,1,0.9321380397593749,0.4818345565722365
BL6-B10BR_HTxC,AV13D-3-CAPATGGNNKLTF-AJ56_BV1-CTCSAKTGENYAEQFF-BJ2-1,single,1,0.8112781244591328,0.6780719051126377
BL6-B10BR_HTxC,AV13D-4-CAMDNNAGAKLTF-AJ39_BV13-3-CASSERTEVFF-BJ1-1,single,1,0.6685644431995964,0.37064337992039037
BL6-B10BR_HTxC,AV13D-4-CAMDTGYQNFYF-AJ49_BV13-3-CASSDRGEQYF-BJ2-7,single,1,1.2115696121630875,0.8234506082464359
BL6-B10BR_HTxC,AV13D-4-CAPANNYAQGLTF-AJ26_BV31-CAWRGPSGNTLYF-BJ1-3,single,1,0.6840384356390417,0.5094723011368926
BL6-B10BR_HTxC,AV13D-4-CATDTNAYKVIF-AJ30_BV19-CASSTGQLYF-BJ2-2,single,1,2.058813890331201,1.816288046827612
BL6-B10BR_HTxC,AV13D-4-CGANYNVLYF-AJ21_BV1-CTCSAGWGESQDTQYF-BJ2-5,single,1,1.5,1.415037499278844
BL6-B10BR_HTxC,AV13N-1-CAMDMSNYNVLYF-AJ21_BV19-CASSIGVEQYF-BJ2-7,single,1,0.5032583347756457,0.3174821898561702
BL6-B10BR_HTxC,AV13N-1-CAMELAQGLTF-AJ26_BV13-3-CASKDRYEQYF-BJ2-7,single,1,1.1182751607709762,0.7239389138699667
BL6-B10BR_HTxC,AV13N-1-CAMELNSGTYQRF-AJ13_BV17-CASSPGQGFQDTQYF-BJ2-5,single,14,1.2648224351329806,0.9911515981111778
BL6-B10BR_HTxC,AV13N-1-CAMELNSVTYQRF-AJ13_BV17-CASSPGQGFQDTQYF-BJ2-5,single,1,1.5219280948873621,1.473931188332412
BL6-B10BR_HTxC,AV13N-1-CAMEPDMGYKLTF-AJ9_BV19-CASSRDRQFF-BJ2-1,single,1,1.7295739585136223,1.5260688116675878
BL6-B10BR_HTxC,AV13N-1-CAMEPGGYKVVF-AJ12_BV13-2-CASGDQGASGNTLYF-BJ1-3,single,1,3.239598288733034,3.078656943874998
BL6-B10BR_HTxC,AV13N-1-CAMERSNNRIFF-AJ31_BV14-CASSLRGEQYF-BJ2-7,single,1,2.3071885761626687,2.108836492042906
BL6-B10BR_HTxC,AV13N-1-CAMERSNNRIFF-AJ31_BV2-CASSQDRRGDTQYF-BJ2-5,single,2,1.8348727675750336,1.6387669877644542
BL6-B10BR_HTxC,AV13N-1-CAMERSNNRIFF-AJ31_BV2-CASSQDRRGGEQYF-BJ2-7,single,3,1.8710042080357807,1.4918115165441355
BL6-B10BR_HTxC,AV13N-1-CAMGTGGYKVVF-AJ12_BV13-2-CASGETGGERLFF-BJ1-4,single,1,0.7109993342013157,0.40513564132215724
BL6-B10BR_HTxC,AV13N-1-CATDQGGSAKLIF-AJ57_BV29-CASSPGLGVEQYF-BJ2-7,single,1,1.5055213905049434,1.0120392496229147
BL6-B10BR_HTxC,AV13N-3-CAMDRYQGGRALIF-AJ15_BV31-CAWLGGLAETLYF-BJ2-3,single,1,0.2992599295709756,0.11387619308382314
BL6-B10BR_HTxC,AV13N-3-CAMVATSSGQKLVF-AJ16_BV17-CASSPGTSYNSPLYF-BJ1-6,single,2,0.7275103298897321,0.608726685762449
BL6-B10BR_HTxC,AV13N-4-CAMEHGTGGYKVVF-AJ12_BV5-CASSQAQGEVFF-BJ1-1,single,7,1.2481489982466518,0.924304498115624
BL6-B10BR_HTxC,AV13N-4-CAMEPNYNVLYF-AJ21_BV13-3-CASRDRGRTEVFF-BJ1-1,single,1,1.0,1.0
BL6-B10BR_HTxC,AV13N-4-CAMGSNNRIFF-AJ31_BV13-2-CASGDAGVLNYAEQFF-BJ2-1,single,1,2.128085278891394,1.914270125974116
BL6-B10BR_HTxC,AV14-1-CAAGADTGNYKYVF-AJ40_BV13-2-CASGDQGASGNTLYF-BJ1-3,single,1,0.17099222738101538,0.06250109108480716
BL6-B10BR_HTxC,AV14-1-CAAGAKLTF-AJ39_BV2-CASSQDRANERLFF-BJ1-4,single,2,1.7473159861717193,1.6217408042061967
BL6-B10BR_HTxC,AV14-1-CAARDQGGSAKLIF-AJ57_BV5-CASSQQGRANTGQLYF-BJ2-2,single,1,0.2324608997509555,0.08322440932470658
BL6-B10BR_HTxC,AV14-1-CAARGAEQGGRAL-AJ15_BV3-CASSTGQISNERLFF-BJ1-4,single,1,0.3578430444462617,0.14466769123998025
BL6-B10BR_HTxC,AV14-1-CAARGAEQGGRALIF-AJ15_BV13-1-CASSEQGGYEQYF-BJ2-7,single,79,0.9296013744907808,0.6014739516537264
BL6-B10BR_HTxC,AV14-1-CAARGAEQGGRALIF-AJ15_BV13-2-CASGDQGASGNTLYF-BJ1-3,single,2,0.2502931906449417,0.08743689649288006
BL6-B10BR_HTxC,AV14-1-CAARGAEQGGRALIF-AJ15_BV13-3-CASSGTGTQNTLYF-BJ2-4,single,1,1.2407760061842512,0.6724146711896505
BL6-B10BR_HTxC,AV14-1-CAARGAEQGGRALIF-AJ15_BV17-CASSPGQGYTGQLYF-BJ2-2,single,1,1.7858714391956119,1.3346640828148237
BL6-B10BR_HTxC,AV14-1-CAARGAEQGGRALIF-AJ15_BV3-CASSLSSYEQYF-BJ2-7,single,1,0.7653636126766978,0.39248788358605824
BL6-B10BR_HTxC,AV14-1-CAARGAEQGGRALIL-AJ15_BV1-CTCSAVGQGGTEVFF-BJ1-1,single,1,1.186278124459133,0.7711813095041191
BL6-B10BR_HTxC,AV14-1-CAARGAEQGGRALIL-AJ15_BV13-3-CASSERVNQDTQYF-BJ2-5,single,1,0.6143694458867568,0.32862274746137066
BL6-B10BR_HTxC,AV14-1-CAASADTGNYKYVF-AJ40_BV13-1-CASKDTYEQYF-BJ2-7,single,1,0.5524951143251111,0.36501118832733936
BL6-B10BR_HTxC,AV14-1-CAASADTGNYKYVF-AJ40_BV13-2-CASGGTGGAREQYF-BJ2-7,single,1,0.7228578977329688,0.42269107182227905
BL6-B10BR_HTxC,AV14-1-CAASADTGNYKYVF-AJ40_BV13-3-CASSGTGTQNTLYF-BJ2-4,single,12,1.6613273758482332,1.390159641673433
BL6-B10BR_HTxC,AV14-1-CAASADTGNYKYVF-AJ40_BV2-CASSQDRRGDTQYF-BJ2-5,single,1,1.061278124459133,0.7520724865564145
BL6-B10BR_HTxC,AV14-1-CAASADTGNYKYVF-AJ40_BV31-CAWLGGLAETLYF-BJ2-3,single,1,0.5965734820440877,0.28279766065522366
BL6-B10BR_HTxC,AV14-1-CAASDNAGAKLTF-AJ39_BV1-CTCSETGSDTQYF-BJ2-5,single,1,0.0,0.0
BL6-B10BR_HTxC,AV14-1-CAASDTNAYKVIF-AJ30_BV13-3-CASRDRAAEQFF-BJ2-1,single,1,0.18312206830137276,0.08010673919384342
BL6-B10BR_HTxC,AV14-1-CAASEGSNNRLTL-AJ7_BV20-CGARDRGEQYF-BJ2-7,single,1,2.2359263506290326,2.155278225477911
BL6-B10BR_HTxC,AV14-1-CAASETQVVGQLTF-AJ5_BV13-1-CASSEWQGNSGNTLYF-BJ1-3,single,1,0.0,0.0
BL6-B10BR_HTxC,AV14-1-CAASLDNYAQGLTF-AJ26_BV13-1-CASSGRTTNTEVFF-BJ1-1,single,1,0.3946835562454194,0.18266098936977368
BL6-B10BR_HTxC,AV14-1-CAASNAGAKLTF-AJ39_BV13-1-CASSDRGGYAEQFF-BJ2-1,single,1,2.133387491316597,2.025178562995997
BL6-B10BR_HTxC,AV14-1-CAASPNTGYQNFYF-AJ49_BV13-1-CASSEQGGYEQYF-BJ2-7,single,1,0.6402064333604701,0.34837719520976373
BL6-B10BR_HTxC,AV14-1-CPASADTGNYKYVF-AJ40_BV13-3-CASSERVNQDTQYF-BJ2-5,single,1,1.002152023829214,0.4509606656827734
BL6-B10BR_HTxC,AV14-2-CAADNNNAPRF-AJ43_BV12-1-CASSRGQANTGQLYF-BJ2-2,single,7,1.4883782980221167,1.2663778390218638
BL6-B10BR_HTxC,AV14-2-CAAMDYANKMIF-AJ47_BV29-CASSLRGRSTEVFF-BJ1-1,single,1,1.4466166676282082,1.0544477840223765
BL6-B10BR_HTxC,AV14-2-CAARAQGGSAKLIF-AJ57_BV12-1-CASSDWGGAEQFF-BJ2-1,single,1,0.06896185083869721,0.02087056186040167
BL6-B10BR_HTxC,AV14-2-CAARDQGGSAKLIF-AJ57_BV1-CTCSAVRVSEVFF-BJ1-1,single,1,0.6715467579919209,0.3053495026450719
BL6-B10BR_HTxC,AV14-2-CAARDQGGSAKLIF-AJ57_BV13-1-CASSDAGGSNERLFF-BJ1-4,single,1,1.133448521115997,0.8253096695842846
BL6-B10BR_HTxC,AV14-2-CAARDQGGSAKLIF-AJ57_BV13-2-CASGDIQAPLF-BJ1-5,single,1,0.26000713747185045,0.10638715521559428
BL6-B10BR_HTxC,AV14-2-CAARDQGGSAKLIF-AJ57_BV13-2-CASGDQGASGNTLYF-BJ1-3,single,1,0.22102391698326707,0.07182217594483013
BL6-B10BR_HTxC,AV14-2-CAARDQGGSAKLIF-AJ57_BV14-CASSFRTEVFF-BJ1-1,single,1,0.0,0.0
BL6-B10BR_HTxC,AV14-2-CAARDQGGSAKLIF-AJ57_BV16-CASSLGGDTEVFF-BJ1-1,single,1,0.5563655297641302,0.22692186102951398
BL6-B10BR_HTxC,AV14-2-CAARDQGGSAKLIF-AJ57_BV17-CASSPGQGYTGQLYF-BJ2-2,single,2,1.941796609574732,1.70343948794584
BL6-B10BR_HTxC,AV14-2-CAARDQGGSAKLIF-AJ57_BV3-CASSLSSYEQYF-BJ2-7,single,2,0.24547557673304754,0.09607686107726643
BL6-B10BR_HTxC,AV14-2-CAARDQGGSAKLIF-AJ57_BV3-CASSTGQISNERLFF-BJ1-4,single,1,2.428499531332266,2.0082018131127874
BL6-B10BR_HTxC,AV14-2-CAARDQGGSAKLIF-AJ57_BV4-CASSSDDYAEQFF-BJ2-1,single,1,0.2926392632174534,0.10514145124802271
BL6-B10BR_HTxC,AV14-2-CAARDQGGSAKLIF-AJ57_BV5-CASSQQGRANTGQLYF-BJ2-2,single,38,0.4259538193328243,0.22932225642794277
BL6-B10BR_HTxC,AV14-2-CAARDQGGSAKLIF-AJ57_BV5-CASSQQGRENTGQLYF-BJ2-2,single,1,0.8358786921557966,0.453750603541148
BL6-B10BR_HTxC,AV14-2-CAARDQGGSAKLIL-AJ57_BV17-CASSRDRGQDTQYF-BJ2-5,single,1,0.863120568566631,0.7567288489876361
BL6-B10BR_HTxC,AV14-2-CAARGAEQGGRALIF-AJ15_BV13-1-CASSEQGGYEQYF-BJ2-7,single,1,0.28683890475094387,0.11893637841419057
BL6-B10BR_HTxC,AV14-2-CAARGAEQGGRALIF-AJ15_BV13-2-CASGDQGASGNTLYF-BJ1-3,single,1,0.36262836943696375,0.1308989715707368
BL6-B10BR_HTxC,AV14-2-CAARGAEQGGRALIF-AJ15_BV13-2-CASGGGWNTEVFF-BJ1-1,single,1,1.2516291673878228,1.0
BL6-B10BR_HTxC,AV14-2-CAARSAGNKLTF-AJ17_BV13-2-CASGDIQAPLF-BJ1-5,single,1,0.2579991163999737,0.10394567619731708
BL6-B10BR_HTxC,AV14-2-CAARSAGNKLTF-AJ17_BV14-CASSLMVSYEQYF-BJ2-7,single,1,0.9182958340544896,0.84799690655495
BL6-B10BR_HTxC,AV14-2-CAASADTGNYK-AJ40_BV3-CASSLSSYEQYF-BJ2-7,single,1,0.5117199382581311,0.22210699349084606
BL6-B10BR_HTxC,AV14-2-CAASADTGNYKYVF-AJ40_BV13-3-CASSDMGGQNTLYF-BJ2-4,single,9,1.8227257055277615,1.6100295763151264
BL6-B10BR_HTxC,AV14-2-CAASADTGNYKYVF-AJ40_BV13-3-CASSDPGEDQAPLF-BJ1-5,single,1,1.5654272549083053,1.2754861468800502
BL6-B10BR_HTxC,AV14-2-CAASADTGNYKYVF-AJ40_BV13-3-CASSDQGAGNTLYF-BJ1-3,single,1,2.16264411804726,2.0608822421470223
BL6-B10BR_HTxC,AV14-2-CAASADTGNYKYVF-AJ40_BV13-3-CASSDRDTLYF-BJ2-4,single,1,1.5487949406953985,1.1926450779423958
BL6-B10BR_HTxC,AV14-2-CAASADTGNYKYVF-AJ40_BV13-3-CASSERVNQDTQYF-BJ2-5,single,1,1.7295739585136223,1.5260688116675878
BL6-B10BR_HTxC,AV14-2-CAASADTGNYKYVF-AJ40_BV3-CASSLGQISNERLFF-BJ1-4,single,1,1.0187088106771252,0.5682837595745256
BL6-B10BR_HTxC,AV14-2-CAASADTGSCSYFF-AJ40_BV13-3-CASSERVNQDTQYF-BJ2-5,single,1,0.7742433029172697,0.46794903031728674
BL6-B10BR_HTxC,AV14-2-CAASADYNQGKLIF-AJ23_BV3-CASSFNQDTQYF-BJ2-5,single,1,0.5127290005146644,0.24169738304467564
BL6-B10BR_HTxC,AV14-2-CAASAFDTNAYKVIF-AJ30_BV1-CTCSAVRVQDTQYF-BJ2-5,single,1,1.6635819199522097,1.215728691055437
BL6-B10BR_HTxC,AV14-2-CAASAGYGSSGNKLIF-AJ32_BV3-CASSLIRDISYEQYF-BJ2-7,single,1,1.9219280948873623,1.8365012677171204
BL6-B10BR_HTxC,AV14-2-CAASASSGSWQLIF-AJ22_BV1-CTCSEGADTQYF-BJ2-5,single,1,1.014097655573916,0.7332134593050986
BL6-B10BR_HTxC,AV14-2-CAASASSGSWQLIF-AJ22_BV1-CTCSGTGEDTQYF-BJ2-5,single,2,2.0820974638810483,2.011780307970644
BL6-B10BR_HTxC,AV14-2-CAASASSGSWQLIF-AJ22_BV2-CASSQDEQYF-BJ2-7,single,2,1.358893378960877,0.9155615439952767
BL6-B10BR_HTxC,AV14-2-CAASASSGSWQLIF-AJ22_BV31-CAWSLAGSGNTLYF-BJ1-3,single,2,1.3067523225174809,1.0427391242419866
BL6-B10BR_HTxC,AV14-2-CAASASSGSWQLIF-AJ22_BV31-CAWSLGGAGTEVFF-BJ1-1,single,1,1.3342094594480487,0.8527740468168217
BL6-B10BR_HTxC,AV14-2-CAASASSGSWQLIF-AJ22_BV31-CAWSQNTLYF-BJ2-4,single,1,2.251629167387823,2.1699250014423126
BL6-B10BR_HTxC,AV14-2-CAASASSGSWQLIF-AJ22_BV31-CAWSSTGGDTQYF-BJ2-5,single,1,2.35274578087187,2.155278225477911
BL6-B10BR_HTxC,AV14-2-CAASASSGSWQLIF-AJ22_BV4-CASSYQYNSPLYF-BJ1-6,single,1,0.9798687566511528,0.9604716358133624
BL6-B10BR_HTxC,AV14-2-CAASATSGSWQLIF-AJ22_BV31-CAWSLGGAGTEVFF-BJ1-1,single,1,0.8128426794703056,0.3907232326399383
BL6-B10BR_HTxC,AV14-2-CAASAYTNAYKVIF-AJ30_BV13-2-CASGGLTEVFF-BJ1-1,single,1,1.7404456928679695,1.4818690077570529
BL6-B10BR_HTxC,AV14-2-CAASDDTNAYKVIF-AJ30_BV13-1-CASSALGGSYEQYF-BJ2-7,single,7,0.9420027730985856,0.6176870385015778
BL6-B10BR_HTxC,AV14-2-CAASDDTNAYKVIF-AJ30_BV13-3-CASSESGSDYIF-BJ1-2,single,1,0.9780155566622415,0.6911099052364226
BL6-B10BR_HTxC,AV14-2-CAASDGGSAKLIF-AJ57_BV16-CASSPNQNTLYF-BJ2-4,single,1,0.41381685030363374,0.2391876638794263
BL6-B10BR_HTxC,AV14-2-CAASDGYNQGKLIF-AJ23_BV1-CTCSAVRLNTEVFF-BJ1-1,single,1,2.3709505944546687,2.1844245711374275
BL6-B10BR_HTxC,AV14-2-CAASDSAGNKLTF-AJ17_BV3-CASSLGTGYEQYF-BJ2-7,single,1,2.0402239289418524,1.5849625007211563
BL6-B10BR_HTxC,AV14-2-CAASEDNYAQGLTF-AJ26_BV31-CAWRDNSDYTF-BJ1-2,single,1,0.26406240750143956,0.10083052869513663
BL6-B10BR_HTxC,AV14-2-CAASEDTGNYKYVF-AJ40_BV13-3-CASSDVNQAPLF-BJ1-5,single,1,1.461300546107487,1.1475571884138578
BL6-B10BR_HTxC,AV14-2-CAASEEGTGSKLSF-AJ58_BV1-CTCSAVRKDTQYF-BJ2-5,single,1,1.4345491399952024,0.9142701259741166
BL6-B10BR_HTxC,AV14-2-CAASENTGNYKYVF-AJ40_BV13-2-CASGGGWNTEVFF-BJ1-1,single,1,2.0938548967005404,1.5821474851141022
BL6-B10BR_HTxC,AV14-2-CAASERGNEKITF-AJ48_BV5-CASSQDGWGGTTLYF-BJ2-4,single,2,1.1258145836939115,1.0
BL6-B10BR_HTxC,AV14-2-CAASESAGNKLTF-AJ17_BV3-CASSLVAGGGQNTLYF-BJ2-4,single,1,1.9473387961875537,1.4150374992788437
BL6-B10BR_HTxC,AV14-2-CAASETTGGNNKLTF-AJ56_BV14-CASSSGYYEQYF-BJ2-7,single,1,1.753434386188785,1.3667823306716227
BL6-B10BR_HTxC,AV14-2-CAASGDTNAYKVIF-AJ30_BV13-2-CASGDWGGQDTQYF-BJ2-5,single,2,1.3235485457341096,0.9702151233575269
BL6-B10BR_HTxC,AV14-2-CAASGGSNYKLTF-AJ53_BV3-CASSILGGVYEQYF-BJ2-7,single,2,2.2940716760457573,2.1739616517101537
BL6-B10BR_HTxC,AV14-2-CAASGGYNQGKLIF-AJ23_BV3-CASSLGFQDTQYF-BJ2-5,single,1,0.3692989812071831,0.14113617259140313
BL6-B10BR_HTxC,AV14-2-CAASGNSGTYQRF-AJ13_BV3-CASSFGTGGYEQYF-BJ2-7,single,2,0.5512817306242938,0.2612554961271993
BL6-B10BR_HTxC,AV14-2-CAASLDNYAQGLTF-AJ26_BV13-1-CASSGRTTNTEVFF-BJ1-1,single,16,0.4889213203364583,0.2883749190219879
BL6-B10BR_HTxC,AV14-2-CAASLDNYAQGLTF-AJ26_BV14-CASSFRTEVFF-BJ1-1,single,1,1.1746319682917918,0.9878600796461733
BL6-B10BR_HTxC,AV14-2-CAASLDNYAQGLTF-AJ26_BV2-CASSQDRRGDTQYF-BJ2-5,single,1,0.8648705079599811,0.4115878896756476
BL6-B10BR_HTxC,AV14-2-CAASLDNYAQGLTF-AJ26_BV20-CGARRGAETLYF-BJ2-3,single,1,1.9804820237218406,1.5994620704162712
BL6-B10BR_HTxC,AV14-2-CAASLDNYAQGLTF-AJ26_BV23-CSSRGTASYEQYF-BJ2-7,single,1,0.27220225942306997,0.10650264935494161
BL6-B10BR_HTxC,AV14-2-CAASLDNYAQGLTF-AJ26_BV3-CASSLGLDTQYF-BJ2-5,single,1,0.612069284012265,0.2881727952662641
BL6-B10BR_HTxC,AV14-2-CAASLSSGSWQLIF-AJ22_BV13-2-CASGDETGYNSPLYF-BJ1-6,single,3,1.3397232946134057,1.1192784234248914
BL6-B10BR_HTxC,AV14-2-CAASLSSGSWQLIF-AJ22_BV13-2-CASGVRISNERLFF-BJ1-4,single,1,0.7475846798245739,0.44418384493836055
BL6-B10BR_HTxC,AV14-2-CAASNNNAPRF-AJ43_BV3-CASSLAGGSYEQYF-BJ2-7,single,1,2.3261207468426806,2.0291463456595165
BL6-B10BR_HTxC,AV14-2-CAASPNRGYQNFYF-AJ49_BV13-1-CASKDTYEQYF-BJ2-7,single,1,0.981027143867737,0.4383673691204662
BL6-B10BR_HTxC,AV14-2-CAASPNTGYQNFYF-AJ49_BV13-2-CASGDAQGSNERLFF-BJ1-4,single,1,1.06091792393498,0.552604258911271
BL6-B10BR_HTxC,AV14-2-CAASPNTGYQNFYF-AJ49_BV13-2-CASGDVGGANERLFF-BJ1-4,single,1,0.8787124922704872,0.4540316308947077
BL6-B10BR_HTxC,AV14-2-CAASPNTGYQNFYF-AJ49_BV13-2-CASGNNQAPLF-BJ1-5,single,29,0.7257917885789372,0.4221958403076224
BL6-B10BR_HTxC,AV14-2-CAASPNTGYQNFYF-AJ49_BV13-3-CASSDMGGQNTLYF-BJ2-4,single,1,0.6898254696731743,0.3541822938919892
BL6-B10BR_HTxC,AV14-2-CAASPNTGYQNFYF-AJ49_BV17-CASSPGQGYTGQLYF-BJ2-2,single,1,0.0,0.0
BL6-B10BR_HTxC,AV14-2-CAASPNTGYQNFYF-AJ49_BV5-CASSPDRGDERLFF-BJ1-4,single,1,1.0389205950315936,0.6141088463806724
BL6-B10BR_HTxC,AV14-2-CAASPSSGSWQLIF-AJ22_BV13-3-CASMGGNYAEQFF-BJ2-1,single,1,0.4689955935892812,0.2863041851566409
BL6-B10BR_HTxC,AV14-2-CAASPSSGSWQLIF-AJ22_BV13-3-CASRDSTNERLFF-BJ1-4,single,1,1.9609640474436811,1.6438561897747246
BL6-B10BR_HTxC,AV14-2-CAASRGYNQGKLIF-AJ23_BV3-CASSLLGSSYEQYF-BJ2-7,single,1,1.4488156357251847,1.3667823306716227
BL6-B10BR_HTxC,AV14-2-CAASSGGSNYKLTF-AJ53_BV13-3-CASSVLGNQDTQYF-BJ2-5,single,1,2.321928094887362,2.0588936890535683
BL6-B10BR_HTxC,AV14-2-CAASSSNNRIFF-AJ31_BV1-CTCSADGVEQYF-BJ2-7,single,1,1.4591479170272446,1.3625700793847082
BL6-B10BR_HTxC,AV14-2-CAASSSNNRIFF-AJ31_BV13-1-CASKDTYEQYF-BJ2-7,single,1,1.2692827055691904,0.8653873103994095
BL6-B10BR_HTxC,AV14-2-CAASSSNNRIFF-AJ31_BV13-2-CASGGGWGTEVFF-BJ1-1,single,21,1.5189003288799172,1.2764840237072623
BL6-B10BR_HTxC,AV14-2-CAASSSNNRIFF-AJ31_BV17-CASSPGQGYTGQLYF-BJ2-2,single,1,1.4488156357251847,1.3667823306716227
BL6-B10BR_HTxC,AV14-2-CAASSSNNRIFF-AJ31_BV2-CASSHDRRGDTQYF-BJ2-5,single,1,2.6062389286533896,2.456229186598953
BL6-B10BR_HTxC,AV14-2-CAASTDYNQGKLIF-AJ23_BV13-3-CASSERVNQDTQYF-BJ2-5,single,1,0.5388168503036337,0.24659751602312013
BL6-B10BR_HTxC,AV14-2-CAASTNKVVF-AJ34_BV15-CASSLLGGSYEQYF-BJ2-7,single,3,1.3987559515358603,0.9606909109645166
BL6-B10BR_HTxC,AV14-2-CAASTNKVVF-AJ34_BV2-CASSQDRRGDTQYF-BJ2-5,single,1,0.9219280948873623,0.599462070416271
BL6-B10BR_HTxC,AV14-2-CAASVDYANKMIF-AJ47_BV13-2-CASGQGQNTLYF-BJ2-4,single,1,1.8423709931771084,1.7078192485066896
BL6-B10BR_HTxC,AV14-2-CAASVDYANKMIF-AJ47_BV17-CASSRLGGPYAEQFF-BJ2-1,single,1,0.42410610664848125,0.1793426312495123
BL6-B10BR_HTxC,AV14-2-CAASVGDSNNRIFF-AJ31_BV1-CTCSAVRVQDTQYF-BJ2-5,single,22,1.2002681787852783,0.9385900352859111
BL6-B10BR_HTxC,AV14-2-CAASVGDSNNRIFF-AJ31_BV13-2-CASGDQGASGNTLYF-BJ1-3,single,1,0.20163859675660697,0.06741854251245609
BL6-B10BR_HTxC,AV14-2-CAASVGDSNNRIFF-AJ31_BV14-CASSFRTEVFF-BJ1-1,single,1,1.53264458213405,1.1638781614391702
BL6-B10BR_HTxC,AV14-2-CAASVGDSNNRIFF-AJ31_BV17-CASSPGQGYTGQLYF-BJ2-2,single,2,1.8490601562950721,1.707518749639422
BL6-B10BR_HTxC,AV14-2-CAASVGDSNNRIFF-AJ31_BV3-CASSWGGGYEQYF-BJ2-7,single,1,1.4911148500551858,1.1375035237499351
BL6-B10BR_HTxC,AV14-2-CAASVGDSNNRIFF-AJ31_BV4-CASSWTGSYNSPLYF-BJ1-6,single,1,0.0,0.0
BL6-B10BR_HTxC,AV14-2-CAASWDSGYNKLTF-AJ11_BV20-CGAGGGVHEQYF-BJ2-7,single,3,0.8356098752355304,0.4368670476404304
BL6-B10BR_HTxC,AV14-2-CAASWESGYNKLTF-AJ11_BV20-CGARRGAETLYF-BJ2-3,single,2,2.0752306181078497,1.8043333806562125
BL6-B10BR_HTxC,AV14-2-CAASYGSSGNKLIF-AJ32_BV1-CTCSAVRLQDTQYF-BJ2-5,single,1,1.5487949406953985,1.1926450779423958
BL6-B10BR_HTxC,AV14-2-CAATEGADRLTF-AJ45_BV1-CTCSAVRVTGQLYF-BJ2-2,single,6,0.8472326469748119,0.5330431348232229
BL6-B10BR_HTxC,AV14-2-CAATEGADRLTF-AJ45_BV13-2-CASGDRGGNTEVFF-BJ1-1,single,1,0.0,0.0
BL6-B10BR_HTxC,AV14-2-CAATGANTGKLTF-AJ52_BV3-CASSWTYNSPLYF-BJ1-6,single,1,0.5608251769947302,0.2941449383738242
BL6-B10BR_HTxC,AV14-2-CAATGGADRLTF-AJ45_BV13-3-CASSARQGNSPLYF-BJ1-6,single,1,0.0,0.0
BL6-B10BR_HTxC,AV14-2-CAATYSNNRLTL-AJ7_BV1-CTCSADRGVNSPLYF-BJ1-6,single,1,1.1401156785146092,0.8930847960834881
BL6-B10BR_HTxC,AV14-2-CAATYSNNRLTL-AJ7_BV13-1-CASKDTYEQYF-BJ2-7,single,2,1.216335096205346,0.9686008009252431
BL6-B10BR_HTxC,AV14-2-CAATYSNNRLTL-AJ7_BV13-1-CASSDREDTEVFF-BJ1-1,single,1,1.3383866927295196,0.8181055611680834
BL6-B10BR_HTxC,AV14-2-CAATYSNNRLTL-AJ7_BV13-2-CASGDQGASGNTLYF-BJ1-3,single,1,0.31770822753220407,0.12440324330843378
BL6-B10BR_HTxC,AV14-2-CAATYSNNRLTL-AJ7_BV13-2-CASGGGWNTEVFF-BJ1-1,single,193,1.6661405546145929,1.3771770211436094
BL6-B10BR_HTxC,AV14-2-CAATYSNNRLTL-AJ7_BV13-2-CASGPGGQNTLYF-BJ2-4,single,2,1.1854752972273344,1.0922122855687135
BL6-B10BR_HTxC,AV14-2-CAATYSNNRLTL-AJ7_BV13-2-CASSDWGGAEQFF-BJ2-1,single,1,0.8683788863991928,0.6568142845521189
BL6-B10BR_HTxC,AV14-2-CAATYSNNRLTL-AJ7_BV13-3-CASSDANSDYTF-BJ1-2,single,1,2.321928094887362,2.0588936890535683
BL6-B10BR_HTxC,AV14-2-CAATYSNNRLTL-AJ7_BV13-3-CASSERVNQDTQYF-BJ2-5,single,1,0.269548899081194,0.10988131272228632
BL6-B10BR_HTxC,AV14-2-CAATYSNNRLTL-AJ7_BV14-CASSLRGEQYF-BJ2-7,single,3,1.507604890176878,1.2498058356389015
BL6-B10BR_HTxC,AV14-2-CAATYSNNRLTL-AJ7_BV17-CASSPGQGYTGQLYF-BJ2-2,single,1,1.7414232412648953,1.6034160566904676
BL6-B10BR_HTxC,AV14-2-CAATYSNNRLTL-AJ7_BV17-CASSRLGSSYEQYF-BJ2-7,single,1,1.7179159574361385,1.5469946505221357
BL6-B10BR_HTxC,AV14-2-CAATYSNNRLTL-AJ7_BV31-CAWLGGLAETLYF-BJ2-3,single,1,0.386287348988862,0.15732896504267282
BL6-B10BR_HTxC,AV14-2-CAATYSNNRLTL-AJ7_BV5-CASSQVAGDTEVFF-BJ1-1,single,1,1.8828560636920488,1.7905466343710503
BL6-B10BR_HTxC,AV14-2-CAAVGVTSGGNYKPTF-AJ6_BV5-CASSRRTGGEQYF-BJ2-7,single,1,1.4332045095209678,0.9290587708186018
BL6-B10BR_HTxC,AV14-2-CTASSSNNRIFF-AJ31_BV17-CASSPGQGYTGQLYF-BJ2-2,single,1,3.183288232845824,2.995503284543789
BL6-B10BR_HTxC,AV14-2-CTATYSNNRLAL-AJ7_BV13-2-CASGDQGASGNTLYF-BJ1-3,single,1,0.18312206830137276,0.08010673919384342
BL6-B10BR_HTxC,AV14-3-CAAMPGYQNFYF-AJ49_BV1-CTCSGTVYEQYF-BJ2-7,single,1,2.1920058354921066,2.0433274316641006
BL6-B10BR_HTxC,AV14-3-CAARDTNKVVF-AJ34_BV3-CASSPDWGQDTQYF-BJ2-5,single,2,1.7670034184278705,1.47968997185428
BL6-B10BR_HTxC,AV14-3-CAASAGGNNKLTF-AJ56_BV13-2-CASGDAGYEQYF-BJ2-7,single,5,1.2292719772925542,1.1230459390733558
BL6-B10BR_HTxC,AV14-3-CAASAGGNNKLTF-AJ56_BV13-2-CASGEGQGKNTLYF-BJ2-4,single,1,0.9219280948873623,0.599462070416271
BL6-B10BR_HTxC,AV14-3-CAASAGGNNKLTF-AJ56_BV14-CASSLRGEQYF-BJ2-7,single,1,0.6364111805254675,0.28434621026126883
BL6-B10BR_HTxC,AV14-3-CAASAGGSAKLIF-AJ57_BV14-CASSYRGEQYF-BJ2-7,single,4,0.6609347775793589,0.3449306398754656
BL6-B10BR_HTxC,AV14-3-CAASANSAGNKLTF-AJ17_BV17-CASSRLGSSYEQYF-BJ2-7,single,1,1.584962500721156,1.5849625007211563
BL6-B10BR_HTxC,AV14-3-CAASDGSSGNKLIF-AJ32_BV1-CTCSAVRYAEQF-BJ2-1,single,1,0.4718411704480828,0.20686082136189152
BL6-B10BR_HTxC,AV14-3-CAASDGSSGNKLIF-AJ32_BV1-CTCSAVRYAEQFF-BJ2-1,single,20,0.7792128952241709,0.4715962289902046
BL6-B10BR_HTxC,AV14-3-CAASDGSSGNKLIF-AJ32_BV1-CTCSAVRYAEQFL-BJ2-1,single,1,0.36544456027823824,0.13344346512486657
BL6-B10BR_HTxC,AV14-3-CAASDGSSGNKLIF-AJ32_BV12-1-CASSDWGGAEQFF-BJ2-1,single,1,0.6390552783277287,0.31318479719517966
BL6-B10BR_HTxC,AV14-3-CAASDGSSGNKLIF-AJ32_BV13-1-CASRGTGASQNTLYF-BJ2-4,single,1,1.7382689280764645,1.305986551018341
BL6-B10BR_HTxC,AV14-3-CAASDMGYKLTF-AJ9_BV12-2-CASSLWQGNERLFF-BJ1-4,single,3,1.704231144533625,1.537275778527362
BL6-B10BR_HTxC,AV14-3-CAASDNNNAPRF-AJ43_BV1-CTCSAALGGVEQYF-BJ2-7,single,3,1.2905927252682463,1.2126246772532
BL6-B10BR_HTxC,AV14-3-CAASDNNNAPRF-AJ43_BV13-1-CASSDRDTQAPLF-BJ1-5,single,1,0.7195563653739032,0.35993441746710725
BL6-B10BR_HTxC,AV14-3-CAASGASSFSKLVF-AJ50_BV13-1-CASSDLGGQDTQYF-BJ2-5,single,1,0.8929427417665807,0.5703157247567548
BL6-B10BR_HTxC,AV14-3-CAASGSTNAYKVIF-AJ30_BV13-3-CASRDNNQDTQYF-BJ2-5,single,1,1.5566567074628228,1.527247002864869
BL6-B10BR_HTxC,AV14-3-CAASGVATGGNNKLTF-AJ56_BV13-1-CASSDIEQYF-BJ2-7,single,1,1.3709505944546687,1.1844245711374273
BL6-B10BR_HTxC,AV14-3-CAATSSSFSKL-AJ50_BV13-2-CASGDQGASGNTLYF-BJ1-3,single,1,0.18354462420563322,0.05657566498010428
BL6-B10BR_HTxC,AV14-3-CAATSSSFSKLVF-AJ50_BV1-CTCSADGTGEREQYF-BJ2-7,single,1,0.2617272754910313,0.10585168866897611
BL6-B10BR_HTxC,AV14-3-CAATSSSFSKLVF-AJ50_BV1-CTCSADRFYEQYF-BJ2-7,single,1,3.08271203841902,2.8971653653504967
BL6-B10BR_HTxC,AV14-3-CAATSSSFSKLVF-AJ50_BV1-CTCSAVRVGNTLYF-BJ1-3,single,1,1.0766672836029687,0.960867193337484
BL6-B10BR_HTxC,AV14-3-CAATSSSFSKLVF-AJ50_BV13-1-CASKDTCEQYF-BJ2-7,single,1,0.25036606395620237,0.0859341155161651
BL6-B10BR_HTxC,AV14-3-CAATSSSFSKLVF-AJ50_BV13-2-CASGDVGGANERLFF-BJ1-4,single,1,0.33898482327688495,0.12475924455413633
BL6-B10BR_HTxC,AV14-3-CAATSSSFSKLVF-AJ50_BV13-2-CASGERLDAEQFF-BJ2-1,single,62,1.3661210440344416,1.0655745056590944
BL6-B10BR_HTxC,AV14-3-CAATSSSFSKLVF-AJ50_BV13-2-CASGNNQAPLF-BJ1-5,single,1,1.3441753714718054,0.8042560337736022
BL6-B10BR_HTxC,AV14-3-CAATSSSFSKLVF-AJ50_BV14-CASSLRDEQYF-BJ2-7,single,1,1.634431504340598,1.2751072381343687
BL6-B10BR_HTxC,AV14-3-CAATSSSFSKLVF-AJ50_BV21-CASSQSQGNTEVFF-BJ1-1,single,1,0.7219280948873623,0.5563933485243849
BL6-B10BR_HTxC,AV14-3-CAATSSSFSKLVF-AJ50_BV31-CAWSLGNYAEQFF-BJ2-1,single,1,1.4182958340544896,1.040641984497346
BL6-B10BR_HTxC,AV14-3/DV8-CAASAGGGSALGRLHF-AJ18_BV19-CASSLNTEVFF-BJ1-1,single,1,1.3787834934861753,1.222392421336448
BL6-B10BR_HTxC,AV14-3/DV8-CAASATSGSWQLIF-AJ22_BV31-CAWSTGTDQDTQYF-BJ2-5,single,1,2.128085278891394,1.914270125974116
BL6-B10BR_HTxC,AV14-3/DV8-CAASDSGYNKLTF-AJ11_BV16-CASNRDSYAEQFF-BJ2-1,single,1,2.9217658292494404,2.642447995381916
BL6-B10BR_HTxC,AV14-3/DV8-CAATSNTNKVVF-AJ34_BV13-2-CASWGGFDTQYF-BJ2-5,single,1,1.9182958340544893,1.84799690655495
BL6-B10BR_HTxC,AV14-3/DV8-CAATSNTNKVVF-AJ34_BV5-CASSQDSGTGDEQYF-BJ2-7,single,1,1.3787834934861753,1.222392421336448
BL6-B10BR_HTxC,AV14D-1-CAAADGSALGRLHF-AJ18_BV16-CASSSTGGSDYTF-BJ1-2,single,1,0.9182958340544896,0.84799690655495
BL6-B10BR_HTxC,AV14D-1-CAAASSGSWQLIF-AJ22_BV13-1-CASSDAETLYF-BJ2-3,single,1,2.4996981431844145,2.1914260706532342
BL6-B10BR_HTxC,AV14D-1-CAADTNAYKVIF-AJ30_BV14-CASSDRYEQYF-BJ2-7,single,1,0.3997900666170139,0.18301637674461904
BL6-B10BR_HTxC,AV14D-1-CAAHLSSGSWQLIF-AJ22_BV1-CTCSASDWEQYF-BJ2-7,single,6,0.9341945330585334,0.7585427603420825
BL6-B10BR_HTxC,AV14D-1-CAAIASNNRIFF-AJ31_BV13-1-CASSQANYAEQFF-BJ2-1,single,1,0.3621456323722446,0.13711294385167064
BL6-B10BR_HTxC,AV14D-1-CAANNYAQGLTF-AJ26_BV13-2-CASGDAGAANERLFF-BJ1-4,single,1,1.5219280948873621,1.473931188332412
BL6-B10BR_HTxC,AV14D-1-CAARDYANKMIF-AJ47_BV5-CASSQERTTSAETLYF-BJ2-3,single,1,2.9139770731827523,2.831400396024255
BL6-B10BR_HTxC,AV14D-1-CAARTQVVGQLTF-AJ5_BV1-CTCSGTGEEQYF-BJ2-7,single,1,0.8112781244591328,0.6780719051126377
BL6-B10BR_HTxC,AV14D-1-CAASADYNQGKLIF-AJ23_BV17-CASSPGQGYTGQLYF-BJ2-2,single,1,2.4387439204017474,2.1303966372556746
BL6-B10BR_HTxC,AV14D-1-CAASADYNQGKLIF-AJ23_BV3-CASSFNQDTQYF-BJ2-5,single,6,0.25472464082719953,0.10083105284355239
BL6-B10BR_HTxC,AV14D-1-CAASAETGGYKVVF-AJ12_BV2-CASSQVERLFF-BJ1-4,single,2,1.1051747974737598,0.906016052770461
BL6-B10BR_HTxC,AV14D-1-CAASAEYNQGKLIF-AJ23_BV13-2-CASGGGWNTEVFF-BJ1-1,single,1,1.1567796494470395,0.8889686876112564
BL6-B10BR_HTxC,AV14D-1-CAASANTEGADRLTF-AJ45_BV19-CASRDWDQDTQYF-BJ2-5,single,2,1.917506580831971,1.6310166494859142
BL6-B10BR_HTxC,AV14D-1-CAASANTEGADRLTF-AJ45_BV3-CASSSGPNYEQYF-BJ2-7,single,1,2.319973094021975,1.9159357352115254
BL6-B10BR_HTxC,AV14D-1-CAASASQGGSAKLIF-AJ57_BV13-2-CASGDQGASGNTLYF-BJ1-3,single,1,0.1956470312972624,0.07350183990384183
BL6-B10BR_HTxC,AV14D-1-CAASASQGGSAKLIF-AJ57_BV31-CAWSLLNYAEQ-BJ2-1,single,1,1.5487949406953985,1.1926450779423958
BL6-B10BR_HTxC,AV14D-1-CAASDNQGGSAKLIF-AJ57_BV1-CTCSASRVDTQYF-BJ2-5,single,1,0.6990299627722347,0.3515584424544439
BL6-B10BR_HTxC,AV14D-1-CAASDSGYNKLTF-AJ11_BV14-CASSLRGEQYF-BJ2-7,single,1,1.117237933531041,0.5220141873540254
BL6-B10BR_HTxC,AV14D-1-CAASDSGYNKLTF-AJ11_BV5-CASSQGQANTGQLYF-BJ2-2,single,2,1.2295739585136223,1.1812850396923542
BL6-B10BR_HTxC,AV14D-1-CAASEDSAGNKLTF-AJ17_BV13-2-CASGDQGASGNTLYF-BJ1-3,single,1,0.27694015788247217,0.09060897066283546
BL6-B10BR_HTxC,AV14D-1-CAASEGASGSWQLIF-AJ22_BV13-3-CASSLRAANERLFF-BJ1-4,single,1,2.0,2.0
BL6-B10BR_HTxC,AV14D-1-CAASESSSGQKLVF-AJ16_BV1-CTCSAGTGDTQYF-BJ2-5,single,1,2.699513850319965,2.6147098441152083
BL6-B10BR_HTxC,AV14D-1-CAASGDTGYQNFYF-AJ49_BV5-CASSHRDWGYEQYF-BJ2-7,single,1,1.7947367178034823,1.415037499278844
BL6-B10BR_HTxC,AV14D-1-CAASGDYSNNRLTL-AJ7_BV1-CTCSALRNQDTQYF-BJ2-5,single,1,1.1488348542809166,0.8598223419517396
BL6-B10BR_HTxC,AV14D-1-CAASSGGNYKPTF-AJ6_BV1-CTCSAVRGGAETLYF-BJ2-3,single,1,1.7783283537314114,1.5703157247567545
BL6-B10BR_HTxC,AV14D-1-CAASYNVLYF-AJ21_BV31-CAWSPHWGVEAETLYF-BJ2-3,single,1,1.9219280948873623,1.8365012677171204
BL6-B10BR_HTxC,AV14D-1-CAATGANTGKLTF-AJ52_BV1-CTCSAAWGAEQYF-BJ2-7,single,21,1.8530569446798444,1.699663665331966
BL6-B10BR_HTxC,AV14D-1-CAATGANTGKLTF-AJ52_BV1-CTCSADRGVNSPLYF-BJ1-6,single,1,1.75,1.5405683813627027
BL6-B10BR_HTxC,AV14D-1-CAATGANTGKLTF-AJ52_BV1-CTCSALRFSGNTLYF-BJ1-3,single,1,1.3553153956598167,1.1717663482664802
BL6-B10BR_HTxC,AV14D-1-CAATGANTGKLTF-AJ52_BV13-2-CASGDQGASGNTLYF-BJ1-3,single,1,0.1255274135405506,0.03691929497303393
BL6-B10BR_HTxC,AV14D-1-CAATGNTGKLIF-AJ37_BV1-CTCSAVRISNERLFF-BJ1-4,single,2,1.72870457978651,1.4275842809786026
BL6-B10BR_HTxC,AV14D-1-CAAYQGGRALIF-AJ15_BV1-CTCSTTGANTEVFF-BJ1-1,single,1,1.9609640474436814,1.6438561897747246
BL6-B10BR_HTxC,AV14D-3/DV8-CAARNTEGADRLTF-AJ45_BV13-1-CASIPGLGYAEQFF-BJ2-1,single,1,1.058277043226334,0.6441059854711134
BL6-B10BR_HTxC,AV14D-3/DV8-CAARNYQLIW-AJ33_BV13-3-CASSEKGREQYF-BJ2-7,single,1,0.3227569588973982,0.16930113330680058
BL6-B10BR_HTxC,AV14D-3/DV8-CAASAASSGQKLVF-AJ16_BV13-2-CASGDAQGSNERLFF-BJ1-4,single,1,2.732914563979398,2.4562291865989536
BL6-B10BR_HTxC,AV14D-3/DV8-CAASAFDTNAYKV-AJ30_BV13-2-CASGDQGASGNTLYF-BJ1-3,single,1,0.15041398032809403,0.05318267761713847
BL6-B10BR_HTxC,AV14D-3/DV8-CAASAFDTNAYKV-AJ30_BV13-3-CASSERVNQDTQYF-BJ2-5,single,1,0.7416847557897408,0.3755091350922061
BL6-B10BR_HTxC,AV14D-3/DV8-CAASAFDTNAYKVIF-AJ30_BV13-2-CASGDQGASGNTLYF-BJ1-3,single,1,1.384431504340598,1.2157286910554368
BL6-B10BR_HTxC,AV14D-3/DV8-CAASAFDTNAYKVIF-AJ30_BV13-2-CASGDWGGQDTQYF-BJ2-5,single,41,0.7126633703249047,0.41400335697947593
BL6-B10BR_HTxC,AV14D-3/DV8-CAASAFDTNAYKVIF-AJ30_BV13-3-CASSERVNQDTQYF-BJ2-5,single,1,0.8343470230852537,0.5238739913217502
BL6-B10BR_HTxC,AV14D-3/DV8-CAASAFDTNAYKVIF-AJ30_BV3-CASGDWGGQDTQYF-BJ2-5,single,1,0.7050992208935862,0.34232988712835793
BL6-B10BR_HTxC,AV14D-3/DV8-CAASAFDTNAYKVIF-AJ30_BV3-CASSLAAVYEQYF-BJ2-7,single,1,0.8999077248344584,0.7425434745973533
BL6-B10BR_HTxC,AV14D-3/DV8-CAASAGSGGKLTL-AJ44_BV19-CASSIASSYEQYF-BJ2-7,single,1,1.8910611120726526,1.816288046827612
BL6-B10BR_HTxC,AV14D-3/DV8-CAASALLSGSFNKLTF-AJ4_BV13-1-CASSGSYEQYF-BJ2-7,single,4,0.46999537688626614,0.20187858443805137
BL6-B10BR_HTxC,AV14D-3/DV8-CAASASSGSWQLIF-AJ22_BV3-CASSLDDTLYF-BJ2-4,single,1,1.4056390622295665,1.2995602818589078
BL6-B10BR_HTxC,AV14D-3/DV8-CAASDNNNAPRF-AJ43_BV13-2-CASGPGQGQNTLYF-BJ2-4,single,1,1.439254017211876,0.9365209431755993
BL6-B10BR_HTxC,AV14D-3/DV8-CAASDNNNAPRF-AJ43_BV17-CASSRAGWGGYEQYF-BJ2-7,single,3,1.3959347022360902,0.9698508224178153
BL6-B10BR_HTxC,AV14D-3/DV8-CAASDNNNAPRF-AJ43_BV2-CASSQDLGGYAEQFF-BJ2-1,single,1,0.0,0.0
BL6-B10BR_HTxC,AV14D-3/DV8-CAASDSAGNKLTF-AJ17_BV3-CASSLGHSNTGQLYF-BJ2-2,single,1,1.5487949406953985,1.1926450779423958
BL6-B10BR_HTxC,AV14D-3/DV8-CAASEGSALGRLHF-AJ18_BV12-2-CASSLDSNQDTQYF-BJ2-5,single,6,1.4274896196707,1.1485481486763343
BL6-B10BR_HTxC,AV14D-3/DV8-CAASEGSALGRLHF-AJ18_BV14-CASSLRGEQYF-BJ2-7,single,1,2.671862928899861,2.0051189706250137
BL6-B10BR_HTxC,AV14D-3/DV8-CAASGGGNNKLTF-AJ56_BV13-2-CASGDAGYEQYF-BJ2-7,single,1,1.9986525468781664,1.7319821866519503
BL6-B10BR_HTxC,AV14D-3/DV8-CAASGGTGGYKVVF-AJ12_BV13-1-CASKDTYEQYF-BJ2-7,single,1,0.7124122874848988,0.3297985219936299
BL6-B10BR_HTxC,AV14D-3/DV8-CAASGLGYKLTF-AJ9_BV19-CASSIGQVSNERLFF-BJ1-4,single,3,1.9441241735208188,1.7097610056483221
BL6-B10BR_HTxC,AV14D-3/DV8-CAASGMGYKLTF-AJ9_BV20-CGAGQGANTEVFF-BJ1-1,single,3,1.8564184802206303,1.5166556931216508
BL6-B10BR_HTxC,AV14D-3/DV8-CAASGNNNAPRF-AJ43_BV3-CASSLSSYEQYF-BJ2-7,single,1,1.0389205950315936,0.6141088463806724
BL6-B10BR_HTxC,AV14D-3/DV8-CAASGNNYAQGLTF-AJ26_BV12-1-CASSLGTGGYEQYF-BJ2-7,single,1,0.9933927290103626,0.5737352452979021
BL6-B10BR_HTxC,AV14D-3/DV8-CAASGNNYAQGLTF-AJ26_BV17-CASSRDWGASNTGQLYF-BJ2-2,single,2,1.4854752972273344,1.4717082358168163
BL6-B10BR_HTxC,AV14D-3/DV8-CAASSDTNAYKVIF-AJ30_BV13-2-CASGDWGGQDTQYF-BJ2-5,single,1,1.4627552262645034,1.2313255461064554
BL6-B10BR_HTxC,AV14D-3/DV8-CAASTPSGGNYKPTF-AJ6_BV13-3-CASSERVNQDTQYF-BJ2-5,single,1,1.5011320844650964,1.1566281788288546
BL6-B10BR_HTxC,AV14D-3/DV8-CAASTPSGGNYKPTF-AJ6_BV13-3-CASSGLSAETLYF-BJ2-3,single,3,1.133943784753433,0.8743210218214514
BL6-B10BR_HTxC,AV14D-3/DV8-CAASVSSGSWQLIF-AJ22_BV31-CAWSLRGGAETLYF-BJ2-3,single,1,0.9182958340544896,0.84799690655495
BL6-B10BR_HTxC,AV14D-3/DV8-CAASWSSGSWQLIF-AJ22_BV3-CASSLGSSYEQYF-BJ2-7,single,1,2.608805226867167,2.3576336442661763
BL6-B10BR_HTxC,AV15-1/DV6-1-CALWELDGSSGNKLIF-AJ32_BV13-3-CASSLTGGNYAEQFF-BJ2-1,single,1,0.3574288901404681,0.15798719759499463
BL6-B10BR_HTxC,AV15-1/DV6-1-CALWEPDSGTYQRF-AJ13_BV1-CTCSAGGGYAEQFF-BJ2-1,single,2,1.5178941476196224,1.3231815226926495
BL6-B10BR_HTxC,AV15D-1/DV6D-1-CALWELARMGYKLTF-AJ9_BV1-CTCSADRTVYNSPLYF-BJ1-6,single,1,1.9219280948873623,1.8365012677171204
BL6-B10BR_HTxC,AV15D-1/DV6D-1-CALWERISGGNYKPTF-AJ6_BV12-1-CASSPRDRGNSDYTF-BJ1-2,single,2,1.427350070568489,1.2129617083144884
BL6-B10BR_HTxC,AV15D-1/DV6D-1-CALWERISGGNYKPTF-AJ6_BV19-CASSTRDWGNEQYF-BJ2-7,single,1,2.7773627950641693,2.5428984411546116
BL6-B10BR_HTxC,AV15D-2/DV6D-2-CALSALTNSAGNKLTF-AJ17_BV14-CASSLDRGSYEQYF-BJ2-7,single,1,0.0,0.0
BL6-B10BR_HTxC,AV16-CAMMVQQGTGSKLSF-AJ58_BV1-CTCSAVRFSDYTF-BJ1-2,single,2,1.2838466522010945,1.1467040274386564
BL6-B10BR_HTxC,AV16-CAMNTGYQNFYF-AJ49_BV1-CTCSADRGVNQAPLF-BJ1-5,single,3,1.72630962127966,1.4752253399083968
BL6-B10BR_HTxC,AV16-CAMRDDTNAYKVIF-AJ30_BV13-1-CASKDTYEQYF-BJ2-7,single,3,0.2932756176024111,0.13760782457576318
BL6-B10BR_HTxC,AV16-CAMRDDTNAYKVIF-AJ30_BV13-1-CASSPRANQAPLF-BJ1-5,single,1,2.2132982820604443,2.1303966372556746
BL6-B10BR_HTxC,AV16-CAMRDDTNAYKVIF-AJ30_BV13-2-CASGPGGQNTLYF-BJ2-4,single,1,1.068915658085005,0.5983830164834777
BL6-B10BR_HTxC,AV16-CAMRDDTNAYKVIF-AJ30_BV3-CASSLGQVSYEQYF-BJ2-7,single,1,0.0,0.0
BL6-B10BR_HTxC,AV16-CAMRDHQGGSAKLIF-AJ57_BV1-CTCSRDRVATEVFF-BJ1-1,single,1,1.7942703438179743,1.1683228968458106
BL6-B10BR_HTxC,AV16-CAMRDSNTGYQNFYF-AJ49_BV13-1-CASSETGVSSYEQYF-BJ2-7,single,1,1.7402204214460286,1.3827331187044147
BL6-B10BR_HTxC,AV16-CAMRDSNTGYQNFYF-AJ49_BV13-2-CASGAGGQNTLYF-BJ2-4,single,3,1.3604181551667842,1.1744170854645868
BL6-B10BR_HTxC,AV16-CAMRDSNTGYQNFYF-AJ49_BV13-2-CASGAPGQGTLYF-BJ2-4,single,1,2.728212945841001,2.643856189774725
BL6-B10BR_HTxC,AV16-CAMRDSNTGYQNFYF-AJ49_BV13-2-CASGDGGKDTLYF-BJ2-4,single,1,1.2489425831984498,1.0174423222470306
BL6-B10BR_HTxC,AV16-CAMRDSNTGYQNFYF-AJ49_BV13-2-CASGDGGKNTLYF-BJ2-4,single,10,1.5550240524237124,1.2905064921996456
BL6-B10BR_HTxC,AV16-CAMRDSNTGYQNFYF-AJ49_BV13-2-CASGERLDAEQFF-BJ2-1,single,1,1.344534485388729,1.0793903026845049
BL6-B10BR_HTxC,AV16-CAMRDSNTGYQNFYF-AJ49_BV17-CASSRGQGSERLFF-BJ1-4,single,1,1.9182958340544893,1.6119295483214255
BL6-B10BR_HTxC,AV16-CAMRDTNAYKVIF-AJ30_BV13-2-CASGGANTEVFF-BJ1-1,single,1,0.7554062667963354,0.3974687606897068
BL6-B10BR_HTxC,AV16-CAMRDVTGSGGKLTL-AJ44_BV13-1-CASSDINTEVFF-BJ1-1,single,3,0.24064269829578744,0.18546444950812832
BL6-B10BR_HTxC,AV16-CAMRDVTGSGGKLTL-AJ44_BV4-CASSYSTEVFF-BJ1-1,single,1,1.1667973871691977,0.8964215297494221
BL6-B10BR_HTxC,AV16-CAMREANTGYQ-AJ49_BV13-2-CASGEGGQNTLYF-BJ2-4,single,1,0.0,0.0
BL6-B10BR_HTxC,AV16-CAMREANTGYQN-AJ49_BV13-3-CASSERVNQDTQYF-BJ2-5,single,1,0.7416847557897408,0.3755091350922061
BL6-B10BR_HTxC,AV16-CAMREANTGYQNFYF-AJ49_BV13-2-CASGDQGASGNTLYF-BJ1-3,single,1,1.415566781824551,1.2052610314922159
BL6-B10BR_HTxC,AV16-CAMREANTGYQNFYF-AJ49_BV13-2-CASGEGGQNTLYF-BJ2-4,single,2,1.7629492875420645,1.3731469934033398
BL6-B10BR_HTxC,AV16-CAMREANTGYQNFYF-AJ49_BV13-2-CASGPGGQNTLYF-BJ2-4,single,61,1.422571929932699,1.207676049586528
BL6-B10BR_HTxC,AV16-CAMREANTGYQNFYF-AJ49_BV13-2-CASGPGQGQNTLYF-BJ2-4,single,3,1.40830735686897,1.0837881760023234
BL6-B10BR_HTxC,AV16-CAMREANTGYQNFYF-AJ49_BV13-2-CASGTGGENTLYF-BJ2-4,single,6,1.4243304959509553,1.1067636382469215
BL6-B10BR_HTxC,AV16-CAMREANTGYQNFYF-AJ49_BV13-3-CASSERVNQDTQYF-BJ2-5,single,1,1.2470195079746877,0.9770944036590009
BL6-B10BR_HTxC,AV16-CAMREANTGYQNFYF-AJ49_BV3-CASSSGQISNERLFF-BJ1-4,single,1,1.0957952550009336,0.8103387804964255
BL6-B10BR_HTxC,AV16-CAMREANTSYQNFYF-AJ49_BV13-2-CASGPGQGQNTLYF-BJ2-4,single,1,0.8568799405182207,0.6528416462481386
BL6-B10BR_HTxC,AV16-CAMREANYGNEKITF-AJ48_BV1-CTCSADRVQDTQYF-BJ2-5,single,1,1.9240699477645933,1.3109796839788874
BL6-B10BR_HTxC,AV16-CAMREANYGNEKITF-AJ48_BV1-CTCSADRVQNTLYF-BJ2-4,single,2,1.2153472755846204,0.9160276813429641
BL6-B10BR_HTxC,AV16-CAMREANYGNEKITF-AJ48_BV13-2-CASGDPGKYEQYF-BJ2-7,single,1,2.7899290753099995,2.6334610184123464
BL6-B10BR_HTxC,AV16-CAMREATGGNNKLTF-AJ56_BV16-CASSFVGNQDTQYF-BJ2-5,single,1,1.760495029766198,1.6195197227575246
BL6-B10BR_HTxC,AV16-CAMREDGGYKVVF-AJ12_BV31-CAWLGGLAETLYF-BJ2-3,single,1,0.12741851179235877,0.05061021448588065
BL6-B10BR_HTxC,AV16-CAMREDSGGSNYKLTF-AJ53_BV13-1-CASSDITEVFF-BJ1-1,single,7,0.8955831936311764,0.6256523081652349
BL6-B10BR_HTxC,AV16-CAMREDSNHQLIW-AJ33_BV3-CASSLGQISNERLFF-BJ1-4,single,1,0.2811302128606016,0.11648553263431576
BL6-B10BR_HTxC,AV16-CAMREDSNYQ-AJ33_BV16-CASSTGFNQAPLF-BJ1-5,single,1,0.377916467970036,0.18159535221122436
BL6-B10BR_HTxC,AV16-CAMREDSNYQFDL-AJ33_BV3-CASSLGQISNERLFF-BJ1-4,single,1,0.23481996173267736,0.0923099461483202
BL6-B10BR_HTxC,AV16-CAMREDSNYQLI-AJ33_BV3-CASSHGQISNERLFF-BJ1-4,single,1,0.7412805706023055,0.3441809017344901
BL6-B10BR_HTxC,AV16-CAMREDSNYQLIW-AJ33_BV1-CTCSADRTGREVFF-BJ1-1,single,1,1.1545676820893709,0.7850290667438466
BL6-B10BR_HTxC,AV16-CAMREDSNYQLIW-AJ33_BV13-2-CASGDQGASGNTLYF-BJ1-3,single,1,1.4560625752239218,1.1800816164784835
BL6-B10BR_HTxC,AV16-CAMREDSNYQLIW-AJ33_BV13-2-CASGGGWNTEVFF-BJ1-1,single,1,1.9219280948873623,1.8365012677171204
BL6-B10BR_HTxC,AV16-CAMREDSNYQLIW-AJ33_BV13-3-CASSERVNQDTQYF-BJ2-5,single,1,1.2086489509530647,0.6959938131098998
BL6-B10BR_HTxC,AV16-CAMREDSNYQLIW-AJ33_BV16-CASSTGFNQAPLF-BJ1-5,single,2,0.6967442651594244,0.368513958654063
BL6-B10BR_HTxC,AV16-CAMREDSNYQLIW-AJ33_BV17-CASSPGQGYTGQLYF-BJ2-2,single,2,1.7686192545913886,1.373484927282371
BL6-B10BR_HTxC,AV16-CAMREDSNYQLIW-AJ33_BV17-CASSRLGSSYEQYF-BJ2-7,single,1,1.2406705316766884,1.0362201879127535
BL6-B10BR_HTxC,AV16-CAMREDSNYQLIW-AJ33_BV2-CASSQDRRGDTQYF-BJ2-5,single,1,0.8402626506038277,0.5773276221121277
BL6-B10BR_HTxC,AV16-CAMREDSNYQLIW-AJ33_BV3-CASSHGQISNERLFF-BJ1-4,single,5,1.0433283914428697,0.8515354949515725
BL6-B10BR_HTxC,AV16-CAMREDSNYQLIW-AJ33_BV3-CASSLGQISNERLFF-BJ1-4,single,63,0.653355126202026,0.3715418342182608
BL6-B10BR_HTxC,AV16-CAMREDSNYQLIW-AJ33_BV3-CASSSGQISNEGLFF-BJ1-4,single,1,0.3608537684251948,0.14422666929812647
BL6-B10BR_HTxC,AV16-CAMREDSNYQLIW-AJ33_BV31-CAWSLGQDTQYF-BJ2-5,single,1,1.7024935798768421,1.5462803596877848
BL6-B10BR_HTxC,AV16-CAMREDTEGADRLTF-AJ45_BV13-1-CASSQANYAEQFF-BJ2-1,single,10,0.8722681218782411,0.5150382800980621
BL6-B10BR_HTxC,AV16-CAMREDTGANTGKLTF-AJ52_BV29-CASSPGLGGQNTLYF-BJ2-4,single,1,1.1166820747085784,0.630490840578528
BL6-B10BR_HTxC,AV16-CAMREDTGYQNFYF-AJ49_BV13-1-CASSDPGDGVFF-BJ1-1,single,12,1.456060038790782,1.1677285379400415
BL6-B10BR_HTxC,AV16-CAMREEGGRALIF-AJ15_BV13-2-CASGDQGASGNTLYF-BJ1-3,single,3,0.16215588696671154,0.05567552755062528
BL6-B10BR_HTxC,AV16-CAMREEGGRALIF-AJ15_BV3-CASSLGQISNERLFF-BJ1-4,single,1,0.23519338181924143,0.11086058934956605
BL6-B10BR_HTxC,AV16-CAMREEGGRALIF-AJ15_BV3-CASSSGQISNERLFF-BJ1-4,single,1,0.5298865243528502,0.22935928223475438
BL6-B10BR_HTxC,AV16-CAMREENNNAPRF-AJ43_BV29-CASSFRGAREQYF-BJ2-7,single,1,0.0,0.0
BL6-B10BR_HTxC,AV16-CAMREEYGSSGNKLIF-AJ32_BV3-CASSLRVNQDTQYF-BJ2-5,single,1,0.48505604168998473,0.21929353305244625
BL6-B10BR_HTxC,AV16-CAMREGASSSFSKLVF-AJ50_BV29-CASSLGGLYAEQFF-BJ2-1,single,8,1.1452441495520387,0.8384048697048663
BL6-B10BR_HTxC,AV16-CAMREGEGGSAKLIF-AJ57_BV3-CASSLARTGGNTGQLYF-BJ2-2,single,2,1.9335982014054833,1.5414982767263854
BL6-B10BR_HTxC,AV16-CAMREGGAGNTGKLIF-AJ37_BV13-2-CASGELYEQYF-BJ2-7,single,9,0.9954783081317468,0.6366368077000473
BL6-B10BR_HTxC,AV16-CAMREGGGASSSFSKLVF-AJ50_BV13-1-CASKDTYEQYF-BJ2-7,single,1,0.832489923240412,0.4079411001163704
BL6-B10BR_HTxC,AV16-CAMREGGGASSSFSKLVF-AJ50_BV16-CASSSGLYEQYF-BJ2-7,single,1,2.503258334775646,2.4329594072761065
BL6-B10BR_HTxC,AV16-CAMREGGGTGSKLSF-AJ58_BV31-CAWSRWATGQLYF-BJ2-2,single,2,1.2887259694072108,1.0303599042501141
BL6-B10BR_HTxC,AV16-CAMREGGTGANTGKLTF-AJ52_BV5-CASSPRDFYAEQFF-BJ2-1,single,1,0.0,0.0
BL6-B10BR_HTxC,AV16-CAMREGIETEGADRLTF-AJ45_BV13-2-CASGDAQGQNTLYF-BJ2-4,single,3,2.156782089980222,1.960963153476449
BL6-B10BR_HTxC,AV16-CAMREGITGNTGKLIF-AJ37_BV19-CASSITYEQYF-BJ2-7,single,1,1.792481250360578,1.5849625007211563
BL6-B10BR_HTxC,AV16-CAMREGITGNTGKLIF-AJ37_BV31-CAWSLGEVLF-BJ1-1,single,1,2.1280852788913944,1.9142701259741162
BL6-B10BR_HTxC,AV16-CAMREGLNTGYQNFYF-AJ49_BV1-CTCSRDRVTGQLYF-BJ2-2,single,1,1.1488348542809166,0.8598223419517396
BL6-B10BR_HTxC,AV16-CAMREGNMGYKLTF-AJ9_BV1-CTCSAVRVDTEVFF-BJ1-1,single,1,0.8166890883150209,0.4974996594708167
BL6-B10BR_HTxC,AV16-CAMREGNMGYKLTF-AJ9_BV3-CASSLSSYEQYF-BJ2-7,single,1,0.27408336157156976,0.08944207048921356
BL6-B10BR_HTxC,AV16-CAMREGNMGYKLTF-AJ9_BV31-CAWLGGLAETLYF-BJ2-3,single,2,0.7272739821311045,0.396328628221035
BL6-B10BR_HTxC,AV16-CAMREGNTGYQ-AJ49_BV13-2-CASGDQGASGNTLYF-BJ1-3,single,1,0.0,0.0
BL6-B10BR_HTxC,AV16-CAMREGNTGYQNFYF-AJ49_BV1-CTCSAGLVQDTQYF-BJ2-5,single,1,1.6577427265048887,1.3856536924977494
BL6-B10BR_HTxC,AV16-CAMREGNTGYQNFYF-AJ49_BV13-2-CASGDWGAGQLYF-BJ2-2,single,1,2.3516441151533924,2.210566985939658
BL6-B10BR_HTxC,AV16-CAMREGNTGYQNFYF-AJ49_BV13-2-CASGDWGTGQLYF-BJ2-2,single,1,1.0862293462325945,0.6677455450427635
BL6-B10BR_HTxC,AV16-CAMREGNTGYQNFYF-AJ49_BV13-2-CASGEPGSGQLYF-BJ2-2,single,1,2.498929563690935,2.2591923395394
BL6-B10BR_HTxC,AV16-CAMREGNYGNEKITF-AJ48_BV1-CTCSADRVQNTLYF-BJ2-4,single,1,0.24229218908241482,0.11528487090396687
BL6-B10BR_HTxC,AV16-CAMREGNYGNEKITF-AJ48_BV16-CASSLRTGVYEQYF-BJ2-7,single,1,1.5219280948873621,1.473931188332412
BL6-B10BR_HTxC,AV16-CAMREGPNNNAPRF-AJ43_BV5-CASSQELGYEQYF-BJ2-7,single,1,0.8371954103477289,0.5505153280149739
BL6-B10BR_HTxC,AV16-CAMREGPSGYNKLTC-AJ11_BV13-2-CASGDQGASGNTLYF-BJ1-3,single,1,0.1956470312972624,0.07350183990384183
BL6-B10BR_HTxC,AV16-CAMREGQGGSAKLIF-AJ57_BV1-CTCSADRFYEQYF-BJ2-7,single,2,1.3288713632524445,1.1928268462488747
BL6-B10BR_HTxC,AV16-CAMREGSNTNKVVF-AJ34_BV13-1-CASSDRDTEVFF-BJ1-1,single,1,1.5,1.415037499278844
BL6-B10BR_HTxC,AV16-CAMREGTGANTGKLTF-AJ52_BV1-CTCSPDWGGAETLYF-BJ2-3,single,1,0.9182958340544896,0.84799690655495
BL6-B10BR_HTxC,AV16-CAMREGTGNYKYVF-AJ40_BV13-2-CASGDRGVQNTLYF-BJ2-4,single,1,1.8770134842780257,1.307565076614959
BL6-B10BR_HTxC,AV16-CAMREGTGYQNFYF-AJ49_BV13-1-CASSDVGYEQYF-BJ2-7,single,1,0.3095434291503252,0.15994091286969028
BL6-B10BR_HTxC,AV16-CAMREGYTGANTGKLTF-AJ52_BV14-CASSPGSGQLYF-BJ2-2,single,1,1.4355205042826666,1.2954558835261711
BL6-B10BR_HTxC,AV16-CAMREPYQGGRALIF-AJ15_BV13-2-CASGPGGQNTLYF-BJ2-4,single,1,1.6045682365668656,1.193166590536508
BL6-B10BR_HTxC,AV16-CAMREPYQGGRALIF-AJ15_BV16-CASSTGFNQAPLF-BJ1-5,single,1,0.35010382786665806,0.15378035888803251
BL6-B10BR_HTxC,AV16-CAMRERSNYNVLYF-AJ21_BV13-2-CASGDQGASGNTLYF-BJ1-3,single,6,0.45740723340680994,0.24834279752221045
BL6-B10BR_HTxC,AV16-CAMRESGANTGKLTF-AJ52_BV1-CTCSAVREDTQYF-BJ2-5,single,5,1.7252227388361974,1.5293165903298207
BL6-B10BR_HTxC,AV16-CAMRESHQGGSAKLIF-AJ57_BV13-2-CASGELYEQYF-BJ2-7,single,2,0.9202335392841527,0.5990382236460402
BL6-B10BR_HTxC,AV16-CAMRESNNAPRF-AJ43_BV29-CASTTGYEQYF-BJ2-7,single,1,2.503258334775646,2.4329594072761065
BL6-B10BR_HTxC,AV16-CAMRESNTGYQNFYF-AJ49_BV13-2-CASGTGGQNTLYF-BJ2-4,single,3,1.268607825238395,0.9397831152552509
BL6-B10BR_HTxC,AV16-CAMRESNTGYQNFYF-AJ49_BV13-3-CASSDRDTLYF-BJ2-4,single,1,1.6697367178034825,1.3852901558847919
BL6-B10BR_HTxC,AV16-CAMRETGGNNKL-AJ56_BV1-CTCSAVRVGNTLYF-BJ1-3,single,1,0.7310644431995964,0.3742911569355347
BL6-B10BR_HTxC,AV16-CAMRETGGNNKL-AJ56_BV13-1-CASSDPGDGVFF-BJ1-1,single,1,1.6577427265048887,1.3856536924977494
BL6-B10BR_HTxC,AV16-CAMRETGGNNKL-AJ56_BV13-2-CASGDQGASGNTLYF-BJ1-3,single,1,0.39124356362925566,0.22097034626724957
BL6-B10BR_HTxC,AV16-CAMRETGGNNKLT-AJ56_BV4-CASSWTGSYNSPLYF-BJ1-6,single,1,0.714975716948989,0.4212599153620418
BL6-B10BR_HTxC,AV16-CAMRETGGNNKLTF-AJ56_BV1-CTCSADRGWSPLYF-BJ1-6,single,1,1.6636046175975006,1.0911478880581955
BL6-B10BR_HTxC,AV16-CAMRETGGNNKLTF-AJ56_BV1-CTCSAVRVGNTLYF-BJ1-3,single,77,0.9737411688306989,0.6885644678337334
BL6-B10BR_HTxC,AV16-CAMRETGGNNKLTF-AJ56_BV1-CTCSAVRVSEVFF-BJ1-1,single,1,0.3649076266581872,0.13842829536152892
BL6-B10BR_HTxC,AV16-CAMRETGGNNKLTF-AJ56_BV13-1-CASSDRDTQAPLF-BJ1-5,single,1,0.19590927087360493,0.08738004432409827
BL6-B10BR_HTxC,AV16-CAMRETGGNNKLTF-AJ56_BV13-2-CASGDQGASGNTLYF-BJ1-3,single,1,1.2867298709811679,0.8013205684894312
BL6-B10BR_HTxC,AV16-CAMRETGGNNKLTF-AJ56_BV13-3-CASGERVNQDTQYF-BJ2-5,single,1,0.7732283485249176,0.45836493094294434
BL6-B10BR_HTxC,AV16-CAMRETGGNNKLTF-AJ56_BV13-3-CASSERVNQDTQYF-BJ2-5,single,1,1.7178504651264315,1.3150181499046896
BL6-B10BR_HTxC,AV16-CAMRETGGNNKLTF-AJ56_BV14-CASSLRGEQYF-BJ2-7,single,1,1.4911148500551858,1.1375035237499351
BL6-B10BR_HTxC,AV16-CAMRETGGNNKLTF-AJ56_BV17-CASSPGQGFQDTQYF-BJ2-5,single,1,0.7253759284051439,0.4356335415744316
BL6-B10BR_HTxC,AV16-CAMRETGGNNKLTF-AJ56_BV2-CASSQDRRGDTQYF-BJ2-5,single,1,1.9473387961875537,1.415037499278844
BL6-B10BR_HTxC,AV16-CAMRETGGNNKLTF-AJ56_BV3-CASSLAAVYEQYF-BJ2-7,single,1,1.3122873993784414,0.9752533376643143
BL6-B10BR_HTxC,AV16-CAMREVSGGSNYKLTF-AJ53_BV29-CASSYYEQYF-BJ2-7,single,1,0.0,0.0
BL6-B10BR_HTxC,AV16-CAMRLASSSFSKLVF-AJ50_BV13-2-CASGDVNTEVFF-BJ1-1,single,1,0.08214305133815328,0.029440680614517347
BL6-B10BR_HTxC,AV16-CAMRLTGSGGKLTL-AJ44_BV1-CTCSRDRAGTEVFF-BJ1-1,single,1,2.9355205042826666,2.800691191776593
BL6-B10BR_HTxC,AV16-CAMRVMNTEGADRLTF-AJ45_BV13-2-CASGDAAGYTGQLYF-BJ2-2,single,4,1.934643807619635,1.5601333378803277
BL6-B10BR_HTxC,AV16-CAVREDTNTGKLTF-AJ27_BV13-2-CASGRVDSPLYF-BJ1-6,single,1,0.4244051447248036,0.2479412566030935
BL6-B10BR_HTxC,AV16-CTMREEGGRALIF-AJ15_BV12-1-CASSDWGGAEQFF-BJ2-1,single,1,1.793837797191554,1.276678441043928
BL6-B10BR_HTxC,AV16/DV11-CAMGNSGGSNAKLTF-AJ42_BV1-CTCSADRFYEQYF-BJ2-7,single,9,1.7059371032457302,1.5242909221570484
BL6-B10BR_HTxC,AV16/DV11-CAMGNSGGSNAKLTF-AJ42_BV13-1-CASSDAGAEVFF-BJ1-1,single,1,1.7527152789797045,1.5849625007211563
BL6-B10BR_HTxC,AV16/DV11-CAMGNSGGSNAKLTF-AJ42_BV17-CASSRGQGSERLFF-BJ1-4,single,1,1.2516291673878228,1.0
BL6-B10BR_HTxC,AV16/DV11-CAMGNSGGSNAKLTF-AJ42_BV3-CASSLGVTEVFF-BJ1-1,single,1,0.420026001688088,0.19539568895843065
BL6-B10BR_HTxC,AV16/DV11-CAMGNSGGSNAKLTF-AJ42_BV3-CASSLRDWEYEQYF-BJ2-7,single,1,1.778368899209021,1.2391876638794261
BL6-B10BR_HTxC,AV16/DV11-CAMGNSGGSNAKLTF-AJ42_BV3-CASSLSSYEQYF-BJ2-7,single,1,0.19747628450968063,0.06815445981632696
BL6-B10BR_HTxC,AV16/DV11-CAMGNSGGSNAKLTF-AJ42_BV3-CASSQGQISNERLFF-BJ1-4,single,1,0.28229218908241477,0.11653558189767771
BL6-B10BR_HTxC,AV16/DV11-CAMIEPYQGGRALIF-AJ15_BV13-3-CASSERVNQDTQYF-BJ2-5,single,1,0.3238144752669867,0.13897641314881062
BL6-B10BR_HTxC,AV16/DV11-CAMRASGGNYKPTF-AJ6_BV1-CTCSADRGVYAEQFF-BJ2-1,single,2,1.396240625180289,1.292481250360578
BL6-B10BR_HTxC,AV16/DV11-CAMRDDTNAYKVIF-AJ30_BV13-1-CASKDTYEQYF-BJ2-7,single,2,0.7988537341394011,0.49956177002940183
BL6-B10BR_HTxC,AV16/DV11-CAMRDDTNAYKVIF-AJ30_BV13-2-CASGDQGASGNTLYF-BJ1-3,single,2,0.22859501201569257,0.08600239275030289
BL6-B10BR_HTxC,AV16/DV11-CAMRDDTNAYKVIF-AJ30_BV13-2-CASGTGGANTLYF-BJ2-4,single,1,1.9142650410022009,1.7078192485066899
BL6-B10BR_HTxC,AV16/DV11-CAMRDDTNAYKVIF-AJ30_BV13-3-CASSERTEVFF-BJ1-1,single,1,0.0,0.0
BL6-B10BR_HTxC,AV16/DV11-CAMRDDTNAYKVIF-AJ30_BV3-CASSPGQISNERLFF-BJ1-4,single,1,1.4457732341282168,1.1549786570645848
BL6-B10BR_HTxC,AV16/DV11-CAMRDDTNAYKVIF-AJ30_BV3-CASSTGQISNERLFF-BJ1-4,single,1,1.3520740586656679,1.1341215738813477
BL6-B10BR_HTxC,AV16/DV11-CAMRDDTNAYKVTF-AJ30_BV3-CASSLSSYEQYF-BJ2-7,single,1,0.18206943198887693,0.062467039247685874
BL6-B10BR_HTxC,AV16/DV11-CAMRDDTNAYRVIF-AJ30_BV13-3-CASSERVNQDTQYF-BJ2-5,single,1,0.5435644431995964,0.3561438102252753
BL6-B10BR_HTxC,AV16/DV11-CAMRDDYGSSGNKLIF-AJ32_BV16-CASRLGVQDTQYF-BJ2-5,single,2,1.2944370533418499,0.9152595548509976
BL6-B10BR_HTxC,AV16/DV11-CAMRDGNMGYKLTF-AJ9_BV31-CAWLGGLAETLYF-BJ2-3,single,1,0.18312206830137276,0.08010673919384342
BL6-B10BR_HTxC,AV16/DV11-CAMRDTNAYKVIF-AJ30_BV1-CTCSADWGNYAEQFF-BJ2-1,single,1,1.3787834934861753,1.222392421336448
BL6-B10BR_HTxC,AV16/DV11-CAMRDTNAYKVIF-AJ30_BV13-1-CASSETGVSSYEQYF-BJ2-7,single,1,1.9301249653149701,1.6640340717123552
BL6-B10BR_HTxC,AV16/DV11-CAMRDTNAYKVIF-AJ30_BV13-2-CASGDQGASGNTLYF-BJ1-3,single,1,0.0,0.0
BL6-B10BR_HTxC,AV16/DV11-CAMRDTNAYKVIF-AJ30_BV13-2-CASGDYYEQYF-BJ2-7,single,1,0.38845534405867127,0.1422778631870273
BL6-B10BR_HTxC,AV16/DV11-CAMRDTNAYKVIF-AJ30_BV13-2-CASGGQNQAPLF-BJ1-5,single,15,0.5387456260056478,0.2708475999649241
BL6-B10BR_HTxC,AV16/DV11-CAMRDTNAYKVIF-AJ30_BV17-CASSRGQGSERLFF-BJ1-4,single,1,1.9508257945180887,1.710493382805015
BL6-B10BR_HTxC,AV16/DV11-CAMREANSAGNKLTF-AJ17_BV13-3-CASSLTGGNYAEQFF-BJ2-1,single,1,1.1567796494470395,0.8889686876112564
BL6-B10BR_HTxC,AV16/DV11-CAMREASSGS-AJ22_BV13-2-CASGDQGASGNTLYF-BJ1-3,single,1,0.6433554975880187,0.31346067348264195
BL6-B10BR_HTxC,AV16/DV11-CAMREASSGSWQLIF-AJ22_BV13-1-CASSDRDTEVFF-BJ1-1,single,1,1.5,1.415037499278844
BL6-B10BR_HTxC,AV16/DV11-CAMREDGGYKVVF-AJ12_BV2-CASSQDQANTGQLYF-BJ2-2,single,1,1.2987949406953985,1.0931094043914815
BL6-B10BR_HTxC,AV16/DV11-CAMREDMDYANKMIF-AJ47_BV3-CASSLGVEQYF-BJ2-7,single,1,1.7370042729203323,1.574038673732471
BL6-B10BR_HTxC,AV16/DV11-CAMREDRGSALGRLHF-AJ18_BV13-1-CASSDWGGADTQYF-BJ2-5,single,1,1.6644977792004614,1.3667823306716225
BL6-B10BR_HTxC,AV16/DV11-CAMREDSGYNKLTF-AJ11_BV13-1-CASSDVGGKDTGQLYF-BJ2-2,single,1,1.7947367178034823,1.415037499278844
BL6-B10BR_HTxC,AV16/DV11-CAMREDSGYNKLTF-AJ11_BV13-1-CASSGTGGDTQYF-BJ2-5,single,1,1.9125440178616409,1.4422823354697256
BL6-B10BR_HTxC,AV16/DV11-CAMREDSNYQLIW-AJ33_BV1-CTGSADRGVNSPLYF-BJ1-6,single,1,0.6933690270668305,0.31882920660336056
BL6-B10BR_HTxC,AV16/DV11-CAMREDSNYQLIW-AJ33_BV13-1-CASSDRNTLYF-BJ2-4,single,1,1.0357975199732559,0.6721339683128869
BL6-B10BR_HTxC,AV16/DV11-CAMREDSNYQLIW-AJ33_BV13-1-CASSGSYEQYF-BJ2-7,single,1,1.3784055078343638,1.1461265271083805
BL6-B10BR_HTxC,AV16/DV11-CAMREDSNYQLIW-AJ33_BV13-2-CASGDAQGSNERLFF-BJ1-4,single,1,0.2761954276479391,0.1371764191026003
BL6-B10BR_HTxC,AV16/DV11-CAMREDSNYQLIW-AJ33_BV17-CASSRDRGYTLYF-BJ2-4,single,1,1.6214297638624398,1.3052038600777331
BL6-B10BR_HTxC,AV16/DV11-CAMREDSNYQLIW-AJ33_BV3-CASSLGQISNERLFF-BJ1-4,single,1,0.6298353562876189,0.3000760477647292
BL6-B10BR_HTxC,AV16/DV11-CAMREDSNYQLIW-AJ33_BV3-CASSPGQISNERLFF-BJ1-4,single,12,0.632872319959778,0.3633680782392876
BL6-B10BR_HTxC,AV16/DV11-CAMREDSNYQLIW-AJ33_BV3-CASSQGQISNERLFF-BJ1-4,single,43,0.7584020090927817,0.49570274879998966
BL6-B10BR_HTxC,AV16/DV11-CAMREDSNYQLIW-AJ33_BV3-CASSTGQISNERLFF-BJ1-4,single,5,0.741801833447513,0.38929395145124757
BL6-B10BR_HTxC,AV16/DV11-CAMREDSNYQLIW-AJ33_BV3-CASSWGQISNERLFF-BJ1-4,single,6,0.5464692314638826,0.26516444059782446
BL6-B10BR_HTxC,AV16/DV11-CAMREDSNYQLIW-AJ33_BV4-CASSLTTNTEVFF-BJ1-1,single,1,1.0389205950315936,0.6141088463806722
BL6-B10BR_HTxC,AV16/DV11-CAMREDSNYQLIW-AJ33_BV5-CASSQTGDAETLYF-BJ2-3,single,1,0.8672694624217705,0.40045800409461385
BL6-B10BR_HTxC,AV16/DV11-CAMREDSNYQLSW-AJ33_BV3-CASSQGQISNERLFF-BJ1-4,single,1,0.229004194866997,0.08944898053244085
BL6-B10BR_HTxC,AV16/DV11-CAMREDTEGADRLTF-AJ45_BV1-CTCSAVRVDTEVFF-BJ1-1,single,1,0.3372900666170139,0.1798210375848123
BL6-B10BR_HTxC,AV16/DV11-CAMREDTEGADRLTF-AJ45_BV13-2-CASGELKEVFF-BJ1-1,single,4,1.0982255506713123,0.8495992329804722
BL6-B10BR_HTxC,AV16/DV11-CAMREDTNTGKLTF-AJ27_BV13-2-CASGERLDAEQFF-BJ2-1,single,1,0.0,0.0
BL6-B10BR_HTxC,AV16/DV11-CAMREEGGRAL-AJ15_BV13-2-CASGDQGASGNTLYF-BJ1-3,single,1,0.12192173335845516,0.03813215538897605
BL6-B10BR_HTxC,AV16/DV11-CAMREEGGRALI-AJ15_BV13-1-CASKDTYEQYF-BJ2-7,single,1,0.13815722856252644,0.05601249244635508
BL6-B10BR_HTxC,AV16/DV11-CAMREEGGRALI-AJ15_BV13-2-CASGDQGASGNTLYF-BJ1-3,single,1,0.14928834776416322,0.0526970682355544
BL6-B10BR_HTxC,AV16/DV11-CAMREEGGRALI-AJ15_BV14-CASSLRGEQYF-BJ2-7,single,1,0.0,0.0
BL6-B10BR_HTxC,AV16/DV11-CAMREEGGRALI-AJ15_BV31-CAWLGGLAETLYF-BJ2-3,single,1,0.228538143953528,0.10676298075194064
BL6-B10BR_HTxC,AV16/DV11-CAMREEGGRALIF-AJ15_BV1-CACSAGRVQDTQYF-BJ2-5,single,1,0.0,0.0
BL6-B10BR_HTxC,AV16/DV11-CAMREEGGRALIF-AJ15_BV1-CICSARLGTSAETLYF-BJ2-3,single,1,0.7752593054584659,0.3659807075473602
BL6-B10BR_HTxC,AV16/DV11-CAMREEGGRALIF-AJ15_BV1-CTCRPGQNYAEQFF-BJ2-1,single,1,0.36289097513537405,0.137556357787706
BL6-B10BR_HTxC,AV16/DV11-CAMREEGGRALIF-AJ15_BV1-CTCSADRGWSPLYF-BJ1-6,single,1,0.0,0.0
BL6-B10BR_HTxC,AV16/DV11-CAMREEGGRALIF-AJ15_BV1-CTCSAVGVSEVFF-BJ1-1,single,1,0.07360348308562405,0.025761023800527163
BL6-B10BR_HTxC,AV16/DV11-CAMREEGGRALIF-AJ15_BV1-CTCSAVRVDTEVFF-BJ1-1,single,1,0.15640267291511614,0.05644727080668068
BL6-B10BR_HTxC,AV16/DV11-CAMREEGGRALIF-AJ15_BV1-CTCSAVRVSEVFF-BJ1-1,single,2,0.8475092414783096,0.5454868300237452
BL6-B10BR_HTxC,AV16/DV11-CAMREEGGRALIF-AJ15_BV12-1-CASSLGTGGYEQYF-BJ2-7,single,1,0.04984622021387214,0.016119159447300867
BL6-B10BR_HTxC,AV16/DV11-CAMREEGGRALIF-AJ15_BV13-1-CASKDTYEQYF-BJ2-7,single,12,0.3035337282793131,0.14152220250863337
BL6-B10BR_HTxC,AV16/DV11-CAMREEGGRALIF-AJ15_BV13-1-CASMDTYEQYF-BJ2-7,single,1,0.3696218460759793,0.14645237579206707
BL6-B10BR_HTxC,AV16/DV11-CAMREEGGRALIF-AJ15_BV13-1-CASSDAGAEVFF-BJ1-1,single,1,0.21341328070333646,0.08294718122222247
BL6-B10BR_HTxC,AV16/DV11-CAMREEGGRALIF-AJ15_BV13-1-CASSDGQSSYEQYF-BJ2-7,single,1,0.27689747416156596,0.08978431708109083
BL6-B10BR_HTxC,AV16/DV11-CAMREEGGRALIF-AJ15_BV13-1-CASSDITEVFF-BJ1-1,single,1,0.8112781244591328,0.6780719051126377
BL6-B10BR_HTxC,AV16/DV11-CAMREEGGRALIF-AJ15_BV13-1-CASSDLRYNSPLYF-BJ1-6,single,1,0.2719288870795438,0.10234539261928534
BL6-B10BR_HTxC,AV16/DV11-CAMREEGGRALIF-AJ15_BV13-1-CASSDRDTQAPLF-BJ1-5,single,2,0.04467191987775559,0.013195257314975468
BL6-B10BR_HTxC,AV16/DV11-CAMREEGGRALIF-AJ15_BV13-1-CASSDREDTEVFF-BJ1-1,single,1,0.1449978476337855,0.04491493611818965
BL6-B10BR_HTxC,AV16/DV11-CAMREEGGRALIF-AJ15_BV13-1-CASSEQGGYEQYF-BJ2-7,single,3,0.5623923692237298,0.3021073576426516
BL6-B10BR_HTxC,AV16/DV11-CAMREEGGRALIF-AJ15_BV13-1-CASSGSYEQYF-BJ2-7,single,1,0.19576577344096088,0.06439555948035985
BL6-B10BR_HTxC,AV16/DV11-CAMREEGGRALIF-AJ15_BV13-1-CASSGTGTQNTLYF-BJ2-4,single,1,1.8547512136915494,1.2184235191335024
BL6-B10BR_HTxC,AV16/DV11-CAMREEGGRALIF-AJ15_BV13-1-CASSVTRVGNTLYF-BJ1-3,single,1,0.3207683390885857,0.14193022454968185
BL6-B10BR_HTxC,AV16/DV11-CAMREEGGRALIF-AJ15_BV13-2-CASGDAGGATEQFF-BJ2-1,single,1,1.1079016065485896,1.0390065846915164
BL6-B10BR_HTxC,AV16/DV11-CAMREEGGRALIF-AJ15_BV13-2-CASGDAGGFNERLLF-BJ1-4,single,1,0.21574768544463674,0.08301648325374245
BL6-B10BR_HTxC,AV16/DV11-CAMREEGGRALIF-AJ15_BV13-2-CASGDGGKNTLYF-BJ2-4,single,1,1.5628066316931741,1.3708376953683088
BL6-B10BR_HTxC,AV16/DV11-CAMREEGGRALIF-AJ15_BV13-2-CASGDQGASENTLYF-BJ1-3,single,3,0.2604920022538166,0.10011388582553767
BL6-B10BR_HTxC,AV16/DV11-CAMREEGGRALIF-AJ15_BV13-2-CASGDQGASGNTLWF-BJ1-3,single,1,0.09079313589591118,0.028925541887809336
BL6-B10BR_HTxC,AV16/DV11-CAMREEGGRALIF-AJ15_BV13-2-CASGDQGASGNTLYF-BJ1-3,single,605,0.2805018642978985,0.12443699285150854
BL6-B10BR_HTxC,AV16/DV11-CAMREEGGRALIF-AJ15_BV13-2-CASGDQWASGNTLYF-BJ1-3,single,1,0.4258066375601554,0.1960871121039667
BL6-B10BR_HTxC,AV16/DV11-CAMREEGGRALIF-AJ15_BV13-2-CASGDRGGNTEVFF-BJ1-1,single,1,0.4854607607459134,0.3010981724649231
BL6-B10BR_HTxC,AV16/DV11-CAMREEGGRALIF-AJ15_BV13-2-CASGDVGGANERLFF-BJ1-4,single,1,0.16277535046191888,0.05858092559446014
BL6-B10BR_HTxC,AV16/DV11-CAMREEGGRALIF-AJ15_BV13-2-CASGDVGGNSPLYF-BJ1-6,single,1,0.44475604131839924,0.19583627379645177
BL6-B10BR_HTxC,AV16/DV11-CAMREEGGRALIF-AJ15_BV13-2-CASGEGGQNTLYF-BJ2-4,single,1,0.4386747910511191,0.2023216749289914
BL6-B10BR_HTxC,AV16/DV11-CAMREEGGRALIF-AJ15_BV13-2-CASGEGPANSDYTF-BJ1-2,single,2,0.7638162155770525,0.5345508910154689
BL6-B10BR_HTxC,AV16/DV11-CAMREEGGRALIF-AJ15_BV13-2-CASGEGQGKNTLYF-BJ2-4,single,1,0.3443574039770594,0.13776313237330126
BL6-B10BR_HTxC,AV16/DV11-CAMREEGGRALIF-AJ15_BV13-2-CASGEQTEVFF-BJ1-1,single,2,0.8524889461991101,0.5552178312043016
BL6-B10BR_HTxC,AV16/DV11-CAMREEGGRALIF-AJ15_BV13-2-CASGERLDAEQFF-BJ2-1,single,2,1.1654090583840002,0.9555009214051932
BL6-B10BR_HTxC,AV16/DV11-CAMREEGGRALIF-AJ15_BV13-2-CASGGANTEVFF-BJ1-1,single,1,0.7833514224564075,0.37713470714124825
BL6-B10BR_HTxC,AV16/DV11-CAMREEGGRALIF-AJ15_BV13-2-CASGGGWGTEVFF-BJ1-1,single,1,0.3095434291503252,0.15994091286969028
BL6-B10BR_HTxC,AV16/DV11-CAMREEGGRALIF-AJ15_BV13-2-CASGGGWNTEVFF-BJ1-1,single,3,1.0475845370968673,0.9589987035767332
BL6-B10BR_HTxC,AV16/DV11-CAMREEGGRALIF-AJ15_BV13-2-CASGNNQAPLF-BJ1-5,single,1,0.4363919883832714,0.18678919822312853
BL6-B10BR_HTxC,AV16/DV11-CAMREEGGRALIF-AJ15_BV13-2-CASGPGGQNTLYF-BJ2-4,single,3,0.9683798365684213,0.6820320312394235
BL6-B10BR_HTxC,AV16/DV11-CAMREEGGRALIF-AJ15_BV13-2-CASGTGGQNTLYF-BJ2-4,single,1,1.4769092849936092,1.2046177196084717
BL6-B10BR_HTxC,AV16/DV11-CAMREEGGRALIF-AJ15_BV13-2-CASSAGAYNSPLYF-BJ1-6,single,1,2.1534958720632793,1.6634196196399735
BL6-B10BR_HTxC,AV16/DV11-CAMREEGGRALIF-AJ15_BV13-2-CASSDQGASGNTLYF-BJ1-3,single,1,0.5788526605387823,0.2515754529895553
BL6-B10BR_HTxC,AV16/DV11-CAMREEGGRALIF-AJ15_BV13-3-CASSDPDNQNTLYF-BJ2-4,single,1,0.0,0.0
BL6-B10BR_HTxC,AV16/DV11-CAMREEGGRALIF-AJ15_BV13-3-CASSDRDTLYF-BJ2-4,single,1,0.0,0.0
BL6-B10BR_HTxC,AV16/DV11-CAMREEGGRALIF-AJ15_BV13-3-CASSERVNQDTQYF-BJ2-5,single,4,0.7128574169593469,0.4387673846850052
BL6-B10BR_HTxC,AV16/DV11-CAMREEGGRALIF-AJ15_BV13-3-CASSGGPTGQLYF-BJ2-2,single,1,0.28046568155031937,0.09085013831069196
BL6-B10BR_HTxC,AV16/DV11-CAMREEGGRALIF-AJ15_BV14-CASSLRGEQYF-BJ2-7,single,1,0.228538143953528,0.10676298075194064
BL6-B10BR_HTxC,AV16/DV11-CAMREEGGRALIF-AJ15_BV14-CASSLRGSQYF-BJ2-7,single,1,0.17508297338458834,0.05888271168602367
BL6-B10BR_HTxC,AV16/DV11-CAMREEGGRALIF-AJ15_BV14-CASSQGANERLFF-BJ1-4,single,1,0.9239532035546818,0.4558919172372616
BL6-B10BR_HTxC,AV16/DV11-CAMREEGGRALIF-AJ15_BV16-CASSWGAETLYF-BJ2-3,single,1,0.18613570398491672,0.06910178203093785
BL6-B10BR_HTxC,AV16/DV11-CAMREEGGRALIF-AJ15_BV16-CASSWGQDTQYF-BJ2-5,single,1,1.464682280497479,0.7580803714713756
BL6-B10BR_HTxC,AV16/DV11-CAMREEGGRALIF-AJ15_BV17-CASGRLGGLAEQFF-BJ2-1,single,1,1.584962500721156,1.5849625007211563
BL6-B10BR_HTxC,AV16/DV11-CAMREEGGRALIF-AJ15_BV17-CASSPGQGFQGTQYF-BJ2-5,single,1,0.8353074345074158,0.6483551996671492
BL6-B10BR_HTxC,AV16/DV11-CAMREEGGRALIF-AJ15_BV17-CASSPGQGYTGQLYF-BJ2-2,single,7,0.8456365968637389,0.6509915576017755
BL6-B10BR_HTxC,AV16/DV11-CAMREEGGRALIF-AJ15_BV17-CASSRLGGLAEQFF-BJ2-1,single,2,0.7522444778633791,0.39560851502401556
BL6-B10BR_HTxC,AV16/DV11-CAMREEGGRALIF-AJ15_BV17-CASSRLGSSYEQYF-BJ2-7,single,2,0.5141446864953373,0.34196085747297966
BL6-B10BR_HTxC,AV16/DV11-CAMREEGGRALIF-AJ15_BV17-CASSRLGSSYEQYL-BJ2-7,single,1,0.2737547160489743,0.09577418747467144
BL6-B10BR_HTxC,AV16/DV11-CAMREEGGRALIF-AJ15_BV19-CASRDWDQDTQYF-BJ2-5,single,1,0.06669252271074919,0.018736210688235846
BL6-B10BR_HTxC,AV16/DV11-CAMREEGGRALIF-AJ15_BV19-CASSILSGGQDTQYF-BJ2-5,single,1,0.819071778430755,0.33542629030470184
BL6-B10BR_HTxC,AV16/DV11-CAMREEGGRALIF-AJ15_BV2-CASSQDRRGDTQYF-BJ2-5,single,3,0.7784448473373075,0.580659191946752
BL6-B10BR_HTxC,AV16/DV11-CAMREEGGRALIF-AJ15_BV20-CGASPSGNTL-BJ1-3,single,1,1.291314688649721,0.874084450525277
BL6-B10BR_HTxC,AV16/DV11-CAMREEGGRALIF-AJ15_BV3-CASSLGQISNERLFF-BJ1-4,single,1,0.5804835169703003,0.24808406436782243
BL6-B10BR_HTxC,AV16/DV11-CAMREEGGRALIF-AJ15_BV3-CASSLGVDTQYF-BJ2-5,single,3,0.8708973578963892,0.5394287756005429
BL6-B10BR_HTxC,AV16/DV11-CAMREEGGRALIF-AJ15_BV3-CASSLGVEQYF-BJ2-7,single,1,0.5997077526638102,0.3153654237972495
BL6-B10BR_HTxC,AV16/DV11-CAMREEGGRALIF-AJ15_BV3-CASSLRWGGNYAEQFF-BJ2-1,single,1,1.8163401138534079,1.6674246609131291
BL6-B10BR_HTxC,AV16/DV11-CAMREEGGRALIF-AJ15_BV3-CASSLSSYEQYF-BJ2-7,single,3,0.900367424954985,0.4992047103425184
BL6-B10BR_HTxC,AV16/DV11-CAMREEGGRALIF-AJ15_BV3-CASSLSTGNSDYTF-BJ1-2,single,1,0.8343470230852537,0.5238739913217502
BL6-B10BR_HTxC,AV16/DV11-CAMREEGGRALIF-AJ15_BV3-CASSQGQISNERLFF-BJ1-4,single,2,0.6528197125228682,0.3320889561591137
BL6-B10BR_HTxC,AV16/DV11-CAMREEGGRALIF-AJ15_BV3-CASSSGPNYEQYF-BJ2-7,single,4,0.6143739038173595,0.3876718186973788
BL6-B10BR_HTxC,AV16/DV11-CAMREEGGRALIF-AJ15_BV3-CASSTGQISNERLFF-BJ1-4,single,1,0.4381804956834397,0.16691076785836834
BL6-B10BR_HTxC,AV16/DV11-CAMREEGGRALIF-AJ15_BV3-CASSWGQISNERLFF-BJ1-4,single,3,0.5887570830217275,0.30984698911475456
BL6-B10BR_HTxC,AV16/DV11-CAMREEGGRALIF-AJ15_BV31-CAWLGGLAETLYF-BJ2-3,single,2,0.8828496412474149,0.599264510974945
BL6-B10BR_HTxC,AV16/DV11-CAMREEGGRALIF-AJ15_BV5-CASSPDRGDERLFF-BJ1-4,single,3,0.42910043168311157,0.204323853477133
BL6-B10BR_HTxC,AV16/DV11-CAMREEGGRALIF-AJ15_BV5-CASSQGQANTEVFF-BJ1-1,single,1,0.8112781244591328,0.6780719051126377
BL6-B10BR_HTxC,AV16/DV11-CAMREEGGRALIV-AJ15_BV31-CAWLGGLAETLYF-BJ2-3,single,1,0.37901444138648777,0.1766473824211857
BL6-B10BR_HTxC,AV16/DV11-CAMREEGGRALTF-AJ15_BV13-2-CASGDQGASGNTLYF-BJ1-3,single,2,0.12452811232379464,0.03837931145719832
BL6-B10BR_HTxC,AV16/DV11-CAMREEGGRALVF-AJ15_BV13-2-CASGDQGASGNTLYF-BJ1-3,single,2,0.1027962540925415,0.0465046624801058
BL6-B10BR_HTxC,AV16/DV11-CAMREEGGRAQIF-AJ15_BV13-3-CASSERVNQDTQYF-BJ2-5,single,1,0.5229784263810124,0.26701425674633933
BL6-B10BR_HTxC,AV16/DV11-CAMREEGGSALIF-AJ15_BV13-3-CASSERTEVFF-BJ1-1,single,1,0.5131851787372753,0.2559610235590076
BL6-B10BR_HTxC,AV16/DV11-CAMREENMGYKLTF-AJ9_BV29-CASSSGGASSDYTF-BJ1-2,single,1,1.0,1.0
BL6-B10BR_HTxC,AV16/DV11-CAMREGDNYAQGLTF-AJ26_BV1-CTCSAVRVDTEVFF-BJ1-1,single,1,2.046439344671015,1.8365012677171204
BL6-B10BR_HTxC,AV16/DV11-CAMREGDNYAQGLTF-AJ26_BV13-2-CASGDAQGSNERLFF-BJ1-4,single,1,1.8423709931771086,1.7078192485066899
BL6-B10BR_HTxC,AV16/DV11-CAMREGDNYAQGLTF-AJ26_BV29-CASSLGDNNQAPLF-BJ1-5,single,1,1.9182958340544893,1.84799690655495
BL6-B10BR_HTxC,AV16/DV11-CAMREGDSNYQ-AJ33_BV17-CASSPGQGYTGQLYF-BJ2-2,single,1,1.733775615611495,1.0995356735509145
BL6-B10BR_HTxC,AV16/DV11-CAMREGDSNYQLIW-AJ33_BV1-CTCSADNINERLFF-BJ1-4,single,1,1.8512268158971916,1.7319821866519507
BL6-B10BR_HTxC,AV16/DV11-CAMREGDSNYQLIW-AJ33_BV13-2-CASGEGRGNSDYTF-BJ1-2,single,1,1.319035274338866,0.9296106721086023
BL6-B10BR_HTxC,AV16/DV11-CAMREGDTGYQNSYF-AJ49_BV1-CTCSADRTGNHEQYF-BJ2-7,single,1,1.5,1.415037499278844
BL6-B10BR_HTxC,AV16/DV11-CAMREGGAGNTGKLIF-AJ37_BV13-2-CASGDQGASGNTLYF-BJ1-3,single,1,0.5435644431995964,0.3561438102252753
BL6-B10BR_HTxC,AV16/DV11-CAMREGGAGNTGKLIF-AJ37_BV13-2-CASGDYYEQYF-BJ2-7,single,5,0.878186196121834,0.5294367452335383
BL6-B10BR_HTxC,AV16/DV11-CAMREGGAGNTGKLIF-AJ37_BV13-3-CASSERVNQDTQYF-BJ2-5,single,1,1.2708882651352948,0.9455952962899993
BL6-B10BR_HTxC,AV16/DV11-CAMREGGGYKVVF-AJ12_BV13-1-CASKDTYEQYF-BJ2-7,single,1,1.5731215214780998,1.2565154025009948
BL6-B10BR_HTxC,AV16/DV11-CAMREGGGYKVVF-AJ12_BV13-1-CASSQGNTLYF-BJ2-4,single,1,0.19767797499413944,0.07444994915988125
BL6-B10BR_HTxC,AV16/DV11-CAMREGGGYKVVF-AJ12_BV13-2-CASGAGYNSPLYF-BJ1-6,single,1,0.9731284054960412,0.5643311679490256
BL6-B10BR_HTxC,AV16/DV11-CAMREGGGYKVVF-AJ12_BV13-2-CASGDIQAPLF-BJ1-5,single,18,0.6809127416030505,0.42028427839015775
BL6-B10BR_HTxC,AV16/DV11-CAMREGGGYKVVF-AJ12_BV14-CASSFFQDTQYF-BJ2-5,single,1,0.34117437023349834,0.1508599118948309
BL6-B10BR_HTxC,AV16/DV11-CAMREGGGYKVVF-AJ12_BV17-CASSPGQGYTGQLYF-BJ2-2,single,1,0.49715018363696706,0.24511249783653147
BL6-B10BR_HTxC,AV16/DV11-CAMREGGGYKVVF-AJ12_BV3-CASSLSTGNSDYTF-BJ1-2,single,1,1.2987949406953985,1.0931094043914815
BL6-B10BR_HTxC,AV16/DV11-CAMREGGSNNRIFF-AJ31_BV12-1-CASSDWGGAEQFF-BJ2-1,single,1,2.463458298648303,1.931138141855196
BL6-B10BR_HTxC,AV16/DV11-CAMREGLGYKLTF-AJ9_BV13-1-CASSAGAYNSPLYF-BJ1-6,single,1,0.5569929031998209,0.27020894761435427
BL6-B10BR_HTxC,AV16/DV11-CAMREGLGYKLTF-AJ9_BV13-2-CASGDAGVNQDTQYF-BJ2-5,single,1,0.12394986771100759,0.04889530922600294
BL6-B10BR_HTxC,AV16/DV11-CAMREGMGYKLTF-AJ9_BV13-2-CASGDGGNTEVFF-BJ1-1,single,1,1.6465894806093884,1.243780984090987
BL6-B10BR_HTxC,AV16/DV11-CAMREGMGYKLTF-AJ9_BV13-2-CASGETGGAPAEQFF-BJ2-1,single,1,0.1642872547356198,0.05051371631918244
BL6-B10BR_HTxC,AV16/DV11-CAMREGMGYKLTF-AJ9_BV13-2-CASGTGGQNTLYF-BJ2-4,single,1,0.15080906313336073,0.053983333704818025
BL6-B10BR_HTxC,AV16/DV11-CAMREGNMDYKLTF-AJ9_BV31-CAWLGGLAETLYF-BJ2-3,single,1,0.25039665409027434,0.08679848759514448
BL6-B10BR_HTxC,AV16/DV11-CAMREGNMGYKLTF-AJ9_BV13-1-CASKDTYEQYF-BJ2-7,single,1,2.3685225277282065,2.163975735111126
BL6-B10BR_HTxC,AV16/DV11-CAMREGNMGYKLTF-AJ9_BV13-1-CASRGGQVGNSPLYF-BJ1-6,single,1,1.1182751607709762,0.7239389138699669
BL6-B10BR_HTxC,AV16/DV11-CAMREGNMGYKLTF-AJ9_BV13-1-CASSDRDTQAPLF-BJ1-5,single,1,1.1128496041745417,0.6357668713926474
BL6-B10BR_HTxC,AV16/DV11-CAMREGNMGYKLTF-AJ9_BV13-1-CASSGHWGQNTLYF-BJ2-4,single,1,1.4417861289821847,1.2261078368354363
BL6-B10BR_HTxC,AV16/DV11-CAMREGNMGYKLTF-AJ9_BV13-2-CASSLGLDTQYF-BJ2-5,single,1,0.0,0.0
BL6-B10BR_HTxC,AV16/DV11-CAMREGNMGYKLTF-AJ9_BV13-3-CASSEQGGYEQYF-BJ2-7,single,1,0.20856366182751823,0.07958260780271084
BL6-B10BR_HTxC,AV16/DV11-CAMREGNMGYKLTF-AJ9_BV13-3-CASSERGEDEQYF-BJ2-7,single,1,0.5066281790138709,0.22720229997876423
BL6-B10BR_HTxC,AV16/DV11-CAMREGNMGYKLTF-AJ9_BV3-CASSLGQISNERLFF-BJ1-4,single,1,0.41381685030363374,0.2391876638794263
BL6-B10BR_HTxC,AV16/DV11-CAMREGNMGYKLTF-AJ9_BV3-CASSLGVEQYF-BJ2-7,single,1,0.6514330484061723,0.2942764382220806
BL6-B10BR_HTxC,AV16/DV11-CAMREGNMGYKLTF-AJ9_BV3-CASSQGQISNERLFF-BJ1-4,single,1,0.2580186686648155,0.12528297503953556
BL6-B10BR_HTxC,AV16/DV11-CAMREGNMGYKLTF-AJ9_BV31-CAWLGGLAETLYF-BJ2-3,single,94,0.7348362945364095,0.4328354022997098
BL6-B10BR_HTxC,AV16/DV11-CAMREGNSGTYQRF-AJ13_BV13-2-CASGDINYAEQFF-BJ2-1,single,1,2.0294069451656007,1.6394102847435323
BL6-B10BR_HTxC,AV16/DV11-CAMREGNTGYQNFYF-AJ49_BV13-2-CASGAGLGQNTLYF-BJ2-4,single,1,1.896240625180289,1.5849625007211565
BL6-B10BR_HTxC,AV16/DV11-CAMREGNYAQGLTF-AJ26_BV3-CASSTGQISNERLFF-BJ1-4,single,1,0.17556502585750278,0.07589484903928169
BL6-B10BR_HTxC,AV16/DV11-CAMREGNYNQGKLIF-AJ23_BV3-CASSLELVSYEQYF-BJ2-7,single,1,2.3745560483818835,2.2441883449377924
BL6-B10BR_HTxC,AV16/DV11-CAMREGTNAYKVIF-AJ30_BV13-2-CASGERQGNSDYTF-BJ1-2,single,3,0.42749402822222193,0.1638119597441629
BL6-B10BR_HTxC,AV16/DV11-CAMREGTNTGKLTF-AJ27_BV1-CTCSGDRFYEQYF-BJ2-7,single,1,2.251629167387823,2.1699250014423126
BL6-B10BR_HTxC,AV16/DV11-CAMREGYQGGRALIF-AJ15_BV13-2-CASGDQGASGNTLYF-BJ1-3,single,1,2.285694614725999,2.0544477840223765
BL6-B10BR_HTxC,AV16/DV11-CAMRENTGGLSGKLTF-AJ2_BV3-CASSTGQISNERLFF-BJ1-4,single,1,0.0,0.0
BL6-B10BR_HTxC,AV16/DV11-CAMREPYQGG-AJ15_BV13-2-CASGDQGASGNTLYF-BJ1-3,single,1,0.34158075974687463,0.1274262991986898
BL6-B10BR_HTxC,AV16/DV11-CAMREPYQGGR-AJ15_BV13-2-CASGEGPANSDYTF-BJ1-2,single,1,1.3716407621868583,0.9776321869715455
BL6-B10BR_HTxC,AV16/DV11-CAMREPYQGGR-AJ15_BV31-CAWLGGLAETLYF-BJ2-3,single,1,1.5537651978285885,0.9914885001444829
BL6-B10BR_HTxC,AV16/DV11-CAMREPYQGGRA-AJ15_BV13-1-CASKDTYEQYF-BJ2-7,single,1,0.1370994788998177,0.05547418956438901
BL6-B10BR_HTxC,AV16/DV11-CAMREPYQGGRA-AJ15_BV13-2-CASGGGWNTEVFF-BJ1-1,single,1,1.874334551552334,1.3237103002293718
BL6-B10BR_HTxC,AV16/DV11-CAMREPYQGGRA-AJ15_BV14-CASSFRTEVFF-BJ1-1,single,1,2.2359263506290326,2.155278225477911
BL6-B10BR_HTxC,AV16/DV11-CAMREPYQGGRA-AJ15_BV17-CASSPGQGYTGQLYF-BJ2-2,single,1,1.5,1.415037499278844
BL6-B10BR_HTxC,AV16/DV11-CAMREPYQGGRAL-AJ15_BV2-CASSQDRRGDTQYF-BJ2-5,single,1,2.1440239107574226,1.6254903073037672
BL6-B10BR_HTxC,AV16/DV11-CAMREPYQGGRALIF-AJ15_BV1-CTCSAALGGVEQYF-BJ2-7,single,1,0.7195563653739032,0.359934417467107
BL6-B10BR_HTxC,AV16/DV11-CAMREPYQGGRALIF-AJ15_BV1-CTCSAAWGAEQYF-BJ2-7,single,1,0.8658566174572235,0.5438238059276697
BL6-B10BR_HTxC,AV16/DV11-CAMREPYQGGRALIF-AJ15_BV1-CTCSADLGHQDTQYF-BJ2-5,single,1,0.9268328048606316,0.45732922099528284
BL6-B10BR_HTxC,AV16/DV11-CAMREPYQGGRALIF-AJ15_BV1-CTCSADRFYEQYF-BJ2-7,single,1,2.2359263506290326,2.155278225477911
BL6-B10BR_HTxC,AV16/DV11-CAMREPYQGGRALIF-AJ15_BV1-CTCSADRGVKSPLYF-BJ1-6,single,1,0.9008294582743763,0.5474877953024933
BL6-B10BR_HTxC,AV16/DV11-CAMREPYQGGRALIF-AJ15_BV1-CTCSADRGWSPLYF-BJ1-6,single,1,0.17033057560105985,0.07301542889421442
BL6-B10BR_HTxC,AV16/DV11-CAMREPYQGGRALIF-AJ15_BV1-CTCSADWGGSSYEQYF-BJ2-7,single,1,2.413088436425758,2.27500704749987
BL6-B10BR_HTxC,AV16/DV11-CAMREPYQGGRALIF-AJ15_BV1-CTCSADWGNYAEQFF-BJ2-1,single,1,0.8112781244591328,0.6780719051126377
BL6-B10BR_HTxC,AV16/DV11-CAMREPYQGGRALIF-AJ15_BV1-CTCSAGDWGGAGDTQYF-BJ2-5,single,1,3.039148671903071,2.914270125974116
BL6-B10BR_HTxC,AV16/DV11-CAMREPYQGGRALIF-AJ15_BV1-CTCSAGLGEGAETLYF-BJ2-3,single,1,0.7343182684718932,0.3245357552737651
BL6-B10BR_HTxC,AV16/DV11-CAMREPYQGGRALIF-AJ15_BV1-CTCSAVRAQAPLF-BJ1-5,single,1,0.5031837316805838,0.2217914236019123
BL6-B10BR_HTxC,AV16/DV11-CAMREPYQGGRALIF-AJ15_BV1-CTCSAVRVDERLFF-BJ1-4,single,1,0.6998428398862386,0.395928676331139
BL6-B10BR_HTxC,AV16/DV11-CAMREPYQGGRALIF-AJ15_BV1-CTCSAVRVDTEVFF-BJ1-1,single,1,0.8257243385804642,0.5617728733492665
BL6-B10BR_HTxC,AV16/DV11-CAMREPYQGGRALIF-AJ15_BV12-1-CASSDWGGAEQFF-BJ2-1,single,3,0.5555103174550884,0.34091491276559
BL6-B10BR_HTxC,AV16/DV11-CAMREPYQGGRALIF-AJ15_BV13-1-CASEDTYEQYF-BJ2-7,single,1,0.9655360408326099,0.4716210276452115
BL6-B10BR_HTxC,AV16/DV11-CAMREPYQGGRALIF-AJ15_BV13-1-CASKDSYEQYF-BJ2-7,single,1,0.0,0.0
BL6-B10BR_HTxC,AV16/DV11-CAMREPYQGGRALIF-AJ15_BV13-1-CASKDTYEQYF-BJ2-7,single,4,0.3775729095720763,0.1746493713836394
BL6-B10BR_HTxC,AV16/DV11-CAMREPYQGGRALIF-AJ15_BV13-1-CASSAGAYNSPLYF-BJ1-6,single,1,1.4911148500551854,1.1375035237499351
BL6-B10BR_HTxC,AV16/DV11-CAMREPYQGGRALIF-AJ15_BV13-1-CASSALGGSYEQYF-BJ2-7,single,1,1.0374877168677095,0.5959128002816972
BL6-B10BR_HTxC,AV16/DV11-CAMREPYQGGRALIF-AJ15_BV13-1-CASSDGNTEVFF-BJ1-1,single,1,2.353533948577482,1.9090263399525094
BL6-B10BR_HTxC,AV16/DV11-CAMREPYQGGRALIF-AJ15_BV13-1-CASSDRDTQAPLF-BJ1-5,single,1,0.7282580110500687,0.3822155920171483
BL6-B10BR_HTxC,AV16/DV11-CAMREPYQGGRALIF-AJ15_BV13-1-CASSETGVSSYEQYF-BJ2-7,single,1,1.2407638617144214,0.6651981607540215
BL6-B10BR_HTxC,AV16/DV11-CAMREPYQGGRALIF-AJ15_BV13-1-CASSGSYEQYF-BJ2-7,single,1,0.11911602665564835,0.04653028071459877
BL6-B10BR_HTxC,AV16/DV11-CAMREPYQGGRALIF-AJ15_BV13-1-CASSVGGGYAEQFF-BJ2-1,single,1,0.7757502954752731,0.34831138547803076
BL6-B10BR_HTxC,AV16/DV11-CAMREPYQGGRALIF-AJ15_BV13-1-CVSKDTYEQYF-BJ2-7,single,1,0.8546565557428085,0.4017864757809877
BL6-B10BR_HTxC,AV16/DV11-CAMREPYQGGRALIF-AJ15_BV13-2-CASGDAAGAGNTLYF-BJ1-3,single,1,0.1792560669283215,0.07794396700620002
BL6-B10BR_HTxC,AV16/DV11-CAMREPYQGGRALIF-AJ15_BV13-2-CASGDAQGGTGQLYF-BJ2-2,single,1,1.2516291673878228,1.0
BL6-B10BR_HTxC,AV16/DV11-CAMREPYQGGRALIF-AJ15_BV13-2-CASGDAQGSNERLFF-BJ1-4,single,1,0.947584679824574,0.4589808468664412
BL6-B10BR_HTxC,AV16/DV11-CAMREPYQGGRALIF-AJ15_BV13-2-CASGDNYEQYF-BJ2-7,single,1,0.3591016256485496,0.1960557061050481
BL6-B10BR_HTxC,AV16/DV11-CAMREPYQGGRALIF-AJ15_BV13-2-CASGDQGASGNTLYF-BJ1-3,single,12,0.6882041555826862,0.4814905537067247
BL6-B10BR_HTxC,AV16/DV11-CAMREPYQGGRALIF-AJ15_BV13-2-CASGDRDSSYEQYF-BJ2-7,single,1,1.4539403395699442,1.1739815353181215
BL6-B10BR_HTxC,AV16/DV11-CAMREPYQGGRALIF-AJ15_BV13-2-CASGDWGGVQNTLYF-BJ2-4,single,1,0.7230020642792743,0.44312980630819654
BL6-B10BR_HTxC,AV16/DV11-CAMREPYQGGRALIF-AJ15_BV13-2-CASGEGPANSDYTF-BJ1-2,single,2,0.6252865153910563,0.3995795589534918
BL6-B10BR_HTxC,AV16/DV11-CAMREPYQGGRALIF-AJ15_BV13-2-CASGGANTEVFF-BJ1-1,single,1,0.9519071552028016,0.43744286733172794
BL6-B10BR_HTxC,AV16/DV11-CAMREPYQGGRALIF-AJ15_BV13-2-CASGGGWNTEVFF-BJ1-1,single,4,0.880831189112776,0.5993610666257434
BL6-B10BR_HTxC,AV16/DV11-CAMREPYQGGRALIF-AJ15_BV13-2-CASGGTGGAREQYF-BJ2-7,single,1,0.269548899081194,0.10988131272228632
BL6-B10BR_HTxC,AV16/DV11-CAMREPYQGGRALIF-AJ15_BV13-2-CASGNNQAPLF-BJ1-5,single,1,0.41601377096640535,0.16138861896273
BL6-B10BR_HTxC,AV16/DV11-CAMREPYQGGRALIF-AJ15_BV13-2-CASGPGGQNTLYF-BJ2-4,single,1,0.9518187690002677,0.46219484910980213
BL6-B10BR_HTxC,AV16/DV11-CAMREPYQGGRALIF-AJ15_BV13-2-CASGTGGANTLYF-BJ2-4,single,1,1.2892240920926314,1.1480059148396777
BL6-B10BR_HTxC,AV16/DV11-CAMREPYQGGRALIF-AJ15_BV13-3-CASRDRYEQYF-BJ2-7,single,2,0.9591479170272447,0.923998453277475
BL6-B10BR_HTxC,AV16/DV11-CAMREPYQGGRALIF-AJ15_BV13-3-CASSERTEVFF-BJ1-1,single,1,1.3936679007103485,1.1757314288465563
BL6-B10BR_HTxC,AV16/DV11-CAMREPYQGGRALIF-AJ15_BV13-3-CASSERVNQDNQYF-BJ2-5,single,1,0.5361105852575486,0.22988118760317544
BL6-B10BR_HTxC,AV16/DV11-CAMREPYQGGRALIF-AJ15_BV13-3-CASSERVNQDTQYF-BJ2-5,single,361,0.7942507699154845,0.46772201176723077
BL6-B10BR_HTxC,AV16/DV11-CAMREPYQGGRALIF-AJ15_BV14-CASSLRDEQYF-BJ2-7,single,1,2.396310424640968,2.2454760344494895
BL6-B10BR_HTxC,AV16/DV11-CAMREPYQGGRALIF-AJ15_BV14-CASSLRGEQYF-BJ2-7,single,2,0.8173689910596061,0.5156693055722789
BL6-B10BR_HTxC,AV16/DV11-CAMREPYQGGRALIF-AJ15_BV16-CASSFPGLGNQDTQYF-BJ2-5,single,1,1.4591479170272446,1.3625700793847082
BL6-B10BR_HTxC,AV16/DV11-CAMREPYQGGRALIF-AJ15_BV16-CASSLDGTGGRQDTQYF-BJ2-5,single,1,0.725480556997868,0.33422545369074685
BL6-B10BR_HTxC,AV16/DV11-CAMREPYQGGRALIF-AJ15_BV16-CASSLQGANSDYTF-BJ1-2,single,1,1.7638421227824586,1.204617719608472
BL6-B10BR_HTxC,AV16/DV11-CAMREPYQGGRALIF-AJ15_BV17-CASSPGQGYTGQLYF-BJ2-2,single,3,1.6838201204149155,1.4614938410912544
BL6-B10BR_HTxC,AV16/DV11-CAMREPYQGGRALIF-AJ15_BV19-CASSIASSYEQYF-BJ2-7,single,1,1.6788184273035611,1.1223114085082446
BL6-B10BR_HTxC,AV16/DV11-CAMREPYQGGRALIF-AJ15_BV19-CASSIGRGGNTLYF-BJ1-3,single,1,0.1654270339962668,0.07034641671991064
BL6-B10BR_HTxC,AV16/DV11-CAMREPYQGGRALIF-AJ15_BV20-CGASPSGNTLYF-BJ1-3,single,1,0.35010382786665806,0.15378035888803251
BL6-B10BR_HTxC,AV16/DV11-CAMREPYQGGRALIF-AJ15_BV26-CASSRDRVYEQYF-BJ2-7,single,1,1.5487949406953985,1.1926450779423958
BL6-B10BR_HTxC,AV16/DV11-CAMREPYQGGRALIF-AJ15_BV29-CASSWGGGAETLYF-BJ2-3,single,1,0.9444885341662053,0.6533494757014062
BL6-B10BR_HTxC,AV16/DV11-CAMREPYQGGRALIF-AJ15_BV3-CASSAGLGAEQYF-BJ2-7,single,1,0.4783751837837328,0.2106327078739741
BL6-B10BR_HTxC,AV16/DV11-CAMREPYQGGRALIF-AJ15_BV3-CASSLAAVYEQYF-BJ2-7,single,2,0.8776433386421431,0.46649025250720655
BL6-B10BR_HTxC,AV16/DV11-CAMREPYQGGRALIF-AJ15_BV3-CASSLGLGYEQYF-BJ2-7,single,1,1.2806721295208872,1.1255308820838588
BL6-B10BR_HTxC,AV16/DV11-CAMREPYQGGRALIF-AJ15_BV3-CASSLGVDTQYF-BJ2-5,single,2,0.8948911764712136,0.6893552434593612
BL6-B10BR_HTxC,AV16/DV11-CAMREPYQGGRALIF-AJ15_BV3-CASSLGVEQYF-BJ2-7,single,1,1.7682356925009415,1.2262141322888562
BL6-B10BR_HTxC,AV16/DV11-CAMREPYQGGRALIF-AJ15_BV3-CASSLSSYEQYF-BJ2-7,single,2,2.1726115697705337,1.936191935252054
BL6-B10BR_HTxC,AV16/DV11-CAMREPYQGGRALIF-AJ15_BV3-CASSQGQISNERLFF-BJ1-4,single,1,0.2974722489192896,0.15155911897135438
BL6-B10BR_HTxC,AV16/DV11-CAMREPYQGGRALIF-AJ15_BV3-CASSSGPNYEQYF-BJ2-7,single,1,1.221315892939006,0.958149890078299
BL6-B10BR_HTxC,AV16/DV11-CAMREPYQGGRALIF-AJ15_BV3-CASSTGQISNERLFF-BJ1-4,single,2,0.7781928684100445,0.34601103226047236
BL6-B10BR_HTxC,AV16/DV11-CAMREPYQGGRALIF-AJ15_BV3-CASSWGGGYEQYF-BJ2-7,single,1,1.9275320167427823,1.5923420310867535
BL6-B10BR_HTxC,AV16/DV11-CAMREPYQGGRALIF-AJ15_BV3-CASSWTSNSDYTF-BJ1-2,single,1,1.584962500721156,1.5849625007211563
BL6-B10BR_HTxC,AV16/DV11-CAMREPYQGGRALIF-AJ15_BV31-CAWLGGLAETLYF-BJ2-3,single,1,1.3766391045640658,0.9782362390458568
BL6-B10BR_HTxC,AV16/DV11-CAMREPYQGGRALIF-AJ15_BV31-CAWSPGQQAPLF-BJ1-5,single,1,0.222284830685688,0.10295719034782845
BL6-B10BR_HTxC,AV16/DV11-CAMREPYQGGRALIF-AJ15_BV5-CASSPDRGDERLFF-BJ1-4,single,1,1.9219280948873623,1.8365012677171204
BL6-B10BR_HTxC,AV16/DV11-CAMREPYQGGRALIF-AJ15_BV5-CASSPDRRDERLFF-BJ1-4,single,1,1.553244717857108,1.096174705133028
BL6-B10BR_HTxC,AV16/DV11-CAMREPYQGGRALIF-AJ15_BV5-CASSQDAGANTEVFF-BJ1-1,single,1,0.2974722489192896,0.15155911897135438
BL6-B10BR_HTxC,AV16/DV11-CAMREPYQGGRALIF-AJ15_BV5-CASSQGQANTGQLYF-BJ2-2,single,1,0.9979867929881765,0.4945661589869657
BL6-B10BR_HTxC,AV16/DV11-CAMREPYQGGRALIY-AJ15_BV13-1-CASSDAGGSNERLFF-BJ1-4,single,1,0.4689955935892812,0.2863041851566409
BL6-B10BR_HTxC,AV16/DV11-CAMREPYQGGRALKC-AJ15_BV13-3-CASSERVNQDTQYF-BJ2-5,single,1,1.7396322957287067,1.511787839591892
BL6-B10BR_HTxC,AV16/DV11-CAMREPYQGGRARIF-AJ15_BV3-CASSSGQISNERLFF-BJ1-4,single,1,0.9487692967084506,0.506959988719883
BL6-B10BR_HTxC,AV16/DV11-CAMREPYRGGRALIF-AJ15_BV16-CASSLDRGGSDYTF-BJ1-2,single,1,2.205109900073869,1.8350756796160543
BL6-B10BR_HTxC,AV16/DV11-CAMRESGTGGYKVVF-AJ12_BV14-CASSDRAEQYF-BJ2-7,single,1,1.578897902987479,1.1202942337177115
BL6-B10BR_HTxC,AV16/DV11-CAMRESNAGYQNFYF-AJ49_BV13-2-CASGDQGASGNTLYF-BJ1-3,single,1,0.21279373921653885,0.08406729502698744
BL6-B10BR_HTxC,AV16/DV11-CAMRESNTGYQ-AJ49_BV13-2-CASGTGGANTLYF-BJ2-4,single,1,1.9053999311004346,1.6594124498810374
BL6-B10BR_HTxC,AV16/DV11-CAMRESNTGYQNFYF-AJ49_BV13-1-CASSGTGMYEQYF-BJ2-7,single,1,1.5678183759027002,1.2184235191335022
BL6-B10BR_HTxC,AV16/DV11-CAMRESNTGYQNFYF-AJ49_BV13-2-CASGDQGASVNTLYF-BJ1-3,single,1,0.0,0.0
BL6-B10BR_HTxC,AV16/DV11-CAMRESNTGYQNFYF-AJ49_BV13-2-CASGTGGANTLYF-BJ2-4,single,27,1.6583087080688907,1.42123263441571
BL6-B10BR_HTxC,AV16/DV11-CAMRESNTGYQNFYF-AJ49_BV13-3-CASSEKGREQYF-BJ2-7,single,1,2.234155178900192,2.0219310770082437
BL6-B10BR_HTxC,AV16/DV11-CAMRESNTGYQNFYF-AJ49_BV3-CASSPDWGYAEQFF-BJ2-1,single,1,2.1458459985690297,1.9422845021437125
BL6-B10BR_HTxC,AV16/DV11-CAMRESNYNVLYF-AJ21_BV13-1-CASRDINTEVFF-BJ1-1,single,1,0.7732564030350538,0.41880474397956147
BL6-B10BR_HTxC,AV16/DV11-CAMRGDSNYLLIW-AJ33_BV3-CASSTGQISNERLFF-BJ1-4,single,1,0.5587529912373401,0.2257482003658896
BL6-B10BR_HTxC,AV16/DV11-CAMRGDSNYQLIR-AJ33_BV13-2-CASGDQGASGNTLYF-BJ1-3,single,1,0.0715037894499587,0.024872804018612863
BL6-B10BR_HTxC,AV16/DV11-CAMRGDSNYQLIR-AJ33_BV3-CASSTGQISNERLFF-BJ1-4,single,1,0.6196438324272826,0.26072446272716
BL6-B10BR_HTxC,AV16/DV11-CAMRGDSNYQLIW-AJ33_BV1-CTCSAVRVGNTLYF-BJ1-3,single,1,0.5410125297942989,0.20698365122525642
BL6-B10BR_HTxC,AV16/DV11-CAMRGDSNYQLIW-AJ33_BV13-2-CASGDQGASGNTLYF-BJ1-3,single,1,0.12017384944811041,0.04049484301307912
BL6-B10BR_HTxC,AV16/DV11-CAMRGDSNYQLIW-AJ33_BV13-3-CASGDRSSYEQYF-BJ2-7,single,1,0.6347543993612247,0.3155743940758681
BL6-B10BR_HTxC,AV16/DV11-CAMRGDSNYQLIW-AJ33_BV14-CASSLRGEQYF-BJ2-7,single,1,0.8658566174572235,0.5438238059276697
BL6-B10BR_HTxC,AV16/DV11-CAMRGDSNYQLIW-AJ33_BV17-CASSPGQGFQDTQYF-BJ2-5,single,1,1.889246428509158,1.7914133781885824
BL6-B10BR_HTxC,AV16/DV11-CAMRGDSNYQLIW-AJ33_BV17-CASSRLGGPYAEQFF-BJ2-1,single,1,0.3382029436349842,0.15461785635544184
BL6-B10BR_HTxC,AV16/DV11-CAMRGDSNYQLIW-AJ33_BV2-CASCQRVPNTGQLYF-BJ2-2,single,1,0.17556502585750278,0.07589484903928169
BL6-B10BR_HTxC,AV16/DV11-CAMRGDSNYQLIW-AJ33_BV2-CASSQDHRPDYTF-BJ1-2,single,1,0.5821031452250428,0.253141303536119
BL6-B10BR_HTxC,AV16/DV11-CAMRGDSNYQLIW-AJ33_BV3-CASSLGVDTQYF-BJ2-5,single,1,0.6001417004764057,0.2592213527225948
BL6-B10BR_HTxC,AV16/DV11-CAMRGDSNYQLIW-AJ33_BV3-CASSLRDWEYEQYF-BJ2-7,single,1,0.5682506318162016,0.25579623993265593
BL6-B10BR_HTxC,AV16/DV11-CAMRGDSNYQLIW-AJ33_BV3-CASSTGQISNERLFF-BJ1-4,single,80,0.671440937816415,0.39760616439985697
BL6-B10BR_HTxC,AV16/DV11-CAMRGDSNYQLIW-AJ33_BV3-CASSWTYNSPLYF-BJ1-6,single,1,1.8527275349733678,1.700770953371772
BL6-B10BR_HTxC,AV16/DV11-CAMRGDSNYQLIW-AJ33_BV3-CVSSLGVEQYF-BJ2-7,single,1,0.0,0.0
BL6-B10BR_HTxC,AV16/DV11-CAMRVEGGRALIF-AJ15_BV13-2-CASGDQGASGNTLYF-BJ1-3,single,1,0.05503793508320906,0.018146624351255938
BL6-B10BR_HTxC,AV16/DV11-CARREPYQGGRALIL-AJ15_BV4-CASSWDWGGEQYF-BJ2-7,single,1,0.5916727785823275,0.4052564784862585
BL6-B10BR_HTxC,AV16/DV11-CATREGNMGYKLTF-AJ9_BV31-CAWLGGLAETLYF-BJ2-3,single,1,0.8424240244940004,0.48374168165420467
BL6-B10BR_HTxC,AV16/DV11-CVMREEGGRAL-AJ15_BV1-CTCSAVRVSEVFF-BJ1-1,single,1,0.7907300774408786,0.35854961603195856
BL6-B10BR_HTxC,AV16N-CAMIDDTNAYKVIF-AJ30_BV5-CASSQVAGDTEVFF-BJ1-1,single,1,1.2949950747154697,0.9489605669995342
BL6-B10BR_HTxC,AV16N-CAMLTGYQNFYF-AJ49_BV1-CTCSADRGVNSPLYF-BJ1-6,single,20,1.1483706742327553,0.8751336447350052
BL6-B10BR_HTxC,AV16N-CAMRASSGSWQLIF-AJ22_BV1-CTCSASGTGDNSPLYF-BJ1-6,single,9,1.3908788588988037,1.1922917255621843
BL6-B10BR_HTxC,AV16N-CAMRASSGSWQLIF-AJ22_BV13-2-CASGEQNYAEQFF-BJ2-1,single,1,2.3685225277282065,2.163975735111126
BL6-B10BR_HTxC,AV16N-CAMRDDNYAQGLTF-AJ26_BV13-2-CASGDQGASGNTLYF-BJ1-3,single,1,0.5926828074752539,0.28257657490796867
BL6-B10BR_HTxC,AV16N-CAMRDDSGYNKLTF-AJ11_BV13-2-CASGDAGTGVDSDYTF-BJ1-2,single,6,1.1592356119348783,0.7967529389587714
BL6-B10BR_HTxC,AV16N-CAMRDDTNACKV-AJ30_BV13-2-CASGDQGASGNTLYF-BJ1-3,single,1,0.061491945622079665,0.018232944532194366
BL6-B10BR_HTxC,AV16N-CAMRDDTNAYKVIC-AJ30_BV13-1-CASKDTYEQYF-BJ2-7,single,1,0.996118213778296,0.6047177958677661
BL6-B10BR_HTxC,AV16N-CAMRDDTNAYKVIF-AJ30_BV1-CTCSADGTGEREQYF-BJ2-7,single,1,0.6395563653739031,0.3540217245972157
BL6-B10BR_HTxC,AV16N-CAMRDDTNAYKVIF-AJ30_BV1-CTCSADRFYEQYF-BJ2-7,single,1,1.4028005718410965,0.7560380684904128
BL6-B10BR_HTxC,AV16N-CAMRDDTNAYKVIF-AJ30_BV1-CTCSADRGVNSPLYF-BJ1-6,single,1,1.4056390622295665,1.2995602818589078
BL6-B10BR_HTxC,AV16N-CAMRDDTNAYKVIF-AJ30_BV1-CTCSARQGRNTEVFF-BJ1-1,single,1,1.2578680960412123,0.8660630912702574
BL6-B10BR_HTxC,AV16N-CAMRDDTNAYKVIF-AJ30_BV1-CTCSAVRVGNTLYF-BJ1-3,single,1,0.3299742842369207,0.14240378274887536
BL6-B10BR_HTxC,AV16N-CAMRDDTNAYKVIF-AJ30_BV1-CTCSAVRYAEQFF-BJ2-1,single,1,0.5800949913094272,0.3309996882422774
BL6-B10BR_HTxC,AV16N-CAMRDDTNAYKVIF-AJ30_BV13-1-CASEDTYEQYF-BJ2-7,single,1,0.7324196551586492,0.42448201617850834
BL6-B10BR_HTxC,AV16N-CAMRDDTNAYKVIF-AJ30_BV13-1-CASKDTYEQDF-BJ2-7,single,1,0.5207620392065333,0.19315042299144428
BL6-B10BR_HTxC,AV16N-CAMRDDTNAYKVIF-AJ30_BV13-1-CASKDTYEQYF-BJ2-7,single,412,0.5178353562259853,0.2760993617775221
BL6-B10BR_HTxC,AV16N-CAMRDDTNAYKVIF-AJ30_BV13-1-CASSDPGDGVFF-BJ1-1,single,1,0.8995676323871853,0.5187452971450921
BL6-B10BR_HTxC,AV16N-CAMRDDTNAYKVIF-AJ30_BV13-1-CASSDRDTQAPLF-BJ1-5,single,1,0.8112781244591328,0.6780719051126377
BL6-B10BR_HTxC,AV16N-CAMRDDTNAYKVIF-AJ30_BV13-1-CASSDTANERLFF-BJ1-4,single,1,1.4289531786810294,0.9662512086454601
BL6-B10BR_HTxC,AV16N-CAMRDDTNAYKVIF-AJ30_BV13-1-CASSETGVSSYEQYF-BJ2-7,single,1,0.5489544344250401,0.28080910756176963
BL6-B10BR_HTxC,AV16N-CAMRDDTNAYKVIF-AJ30_BV13-2-CASGDAQGSNERLFF-BJ1-4,single,1,0.4448386994752483,0.21426212967923797
BL6-B10BR_HTxC,AV16N-CAMRDDTNAYKVIF-AJ30_BV13-2-CASGDQGASGNTLYF-BJ1-3,single,5,0.3697090341135302,0.1610864904366304
BL6-B10BR_HTxC,AV16N-CAMRDDTNAYKVIF-AJ30_BV13-2-CASGDTGGQNTLYF-BJ2-4,single,1,0.49715018363696706,0.24511249783653163
BL6-B10BR_HTxC,AV16N-CAMRDDTNAYKVIF-AJ30_BV13-2-CASGDVGGANERLFF-BJ1-4,single,1,0.6422064220541267,0.35209294516926215
BL6-B10BR_HTxC,AV16N-CAMRDDTNAYKVIF-AJ30_BV13-2-CASGEGPANSDYTF-BJ1-2,single,1,2.3018796874098557,2.0614005446641435
BL6-B10BR_HTxC,AV16N-CAMRDDTNAYKVIF-AJ30_BV13-2-CASGGGWNTEVFF-BJ1-1,single,1,2.3370193533154193,2.070389327891398
BL6-B10BR_HTxC,AV16N-CAMRDDTNAYKVIF-AJ30_BV13-2-CASGTGGQNTLYF-BJ2-4,single,1,0.3381924099099787,0.12087804813047882
BL6-B10BR_HTxC,AV16N-CAMRDDTNAYKVIF-AJ30_BV13-3-CASSDANSDYTF-BJ1-2,single,2,1.0331934050196212,0.8677717595485038
BL6-B10BR_HTxC,AV16N-CAMRDDTNAYKVIF-AJ30_BV13-3-CASSDRYEQYF-BJ2-7,single,1,0.5032583347756457,0.3174821898561702
BL6-B10BR_HTxC,AV16N-CAMRDDTNAYKVIF-AJ30_BV13-3-CASSERTEVFF-BJ1-1,single,1,0.20405611985266403,0.0774469142419271
BL6-B10BR_HTxC,AV16N-CAMRDDTNAYKVIF-AJ30_BV13-3-CASSERVNQDTQYF-BJ2-5,single,2,1.038781890320961,0.6847705845036487
BL6-B10BR_HTxC,AV16N-CAMRDDTNAYKVIF-AJ30_BV14-CASSFRTEVFF-BJ1-1,single,1,1.127973319704095,1.038590862559181
BL6-B10BR_HTxC,AV16N-CAMRDDTNAYKVIF-AJ30_BV14-CASSFWTNTEVFF-BJ1-1,single,1,0.7595563653739031,0.3614163847683379
BL6-B10BR_HTxC,AV16N-CAMRDDTNAYKVIF-AJ30_BV14-CASSGDRVSETLYF-BJ2-3,single,1,0.7796775758896887,0.3035848704069399
BL6-B10BR_HTxC,AV16N-CAMRDDTNAYKVIF-AJ30_BV16-CASSLGGDTEVFF-BJ1-1,single,1,0.6998428398862386,0.3959286763311392
BL6-B10BR_HTxC,AV16N-CAMRDDTNAYKVIF-AJ30_BV17-CASSPGQGYTGQLDF-BJ2-2,single,1,1.7384377642757116,1.2855726796695461
BL6-B10BR_HTxC,AV16N-CAMRDDTNAYKVIF-AJ30_BV17-CASSPGQGYTGQLYF-BJ2-2,single,5,0.9794647406125396,0.7555015161749863
BL6-B10BR_HTxC,AV16N-CAMRDDTNAYKVIF-AJ30_BV17-CASSRLGSSYEQYF-BJ2-7,single,1,0.6685644431995964,0.37064337992039037
BL6-B10BR_HTxC,AV16N-CAMRDDTNAYKVIF-AJ30_BV17-CASSSGGGAETLYF-BJ2-3,single,1,0.6105279365665318,0.2651733165901285
BL6-B10BR_HTxC,AV16N-CAMRDDTNAYKVIF-AJ30_BV19-CASRLGGAETLYF-BJ2-3,single,1,1.13679999320112,0.5847057248833532
BL6-B10BR_HTxC,AV16N-CAMRDDTNAYKVIF-AJ30_BV20-CGASPSGNTLYF-BJ1-3,single,2,0.6560431276083765,0.318772740681462
BL6-B10BR_HTxC,AV16N-CAMRDDTNAYKVIF-AJ30_BV29-CASSLGGEQYF-BJ2-7,single,1,0.34310030788093704,0.1497915819452709
BL6-B10BR_HTxC,AV16N-CAMRDDTNAYKVIF-AJ30_BV3-CASSLAGQGGQNTLYF-BJ2-4,single,1,0.47439565239898834,0.2131796815772822
BL6-B10BR_HTxC,AV16N-CAMRDDTNAYKVIF-AJ30_BV3-CASSLGQISNERLFF-BJ1-4,single,3,0.5574430317213473,0.3039910671533595
BL6-B10BR_HTxC,AV16N-CAMRDDTNAYKVIF-AJ30_BV3-CASSLSSYEQYF-BJ2-7,single,2,1.2088524939745606,0.9710357951908851
BL6-B10BR_HTxC,AV16N-CAMRDDTNAYKVIF-AJ30_BV3-CASSLSTGNSDYTF-BJ1-2,single,1,1.768587294373166,1.3111645897782762
BL6-B10BR_HTxC,AV16N-CAMRDDTNAYKVIF-AJ30_BV3-CASSSGQISNERLFF-BJ1-4,single,1,0.222284830685688,0.10295719034782845
BL6-B10BR_HTxC,AV16N-CAMRDDTNAYKVIF-AJ30_BV31-CAWLGGLAETLYF-BJ2-3,single,2,0.2683843239778426,0.0971207408588897
BL6-B10BR_HTxC,AV16N-CAMRDDTYAYKVIF-AJ30_BV13-1-CASKDTYEQYF-BJ2-7,single,1,0.3049290957481423,0.10938906957788974
BL6-B10BR_HTxC,AV16N-CAMRDMSNYNVLYF-AJ21_BV3-CASSLGTGGYYEQYF-BJ2-7,single,1,2.0464393446710156,1.8365012677171204
BL6-B10BR_HTxC,AV16N-CAMRDPYGSSGNKLIF-AJ32_BV16-CASSPDRGNQDTQYF-BJ2-5,single,1,1.7924812503605778,1.584962500721156
BL6-B10BR_HTxC,AV16N-CAMRDSGGNNKLTF-AJ56_BV29-CASSSGVTGQLYF-BJ2-2,single,1,0.7345299214394703,0.4248852852351913
BL6-B10BR_HTxC,AV16N-CAMRDTNAYKVIF-AJ30_BV1-CTCSAVRANSDYTF-BJ1-2,single,1,0.3000193547895236,0.11233630362311625
BL6-B10BR_HTxC,AV16N-CAMRDTNAYKVIF-AJ30_BV1-CTCSAVRVSEVFF-BJ1-1,single,1,0.39124356362925566,0.22097034626724957
BL6-B10BR_HTxC,AV16N-CAMRDTNAYKVIF-AJ30_BV13-1-CASKDTYEQYF-BJ2-7,single,2,0.8801151285962486,0.7926990229522449
BL6-B10BR_HTxC,AV16N-CAMRDTNAYKVIF-AJ30_BV13-1-CASSALGGSYGQYF-BJ2-7,single,1,0.3227569588973982,0.16930113330680058
BL6-B10BR_HTxC,AV16N-CAMRDTNAYKVIF-AJ30_BV13-2-CASGDANTEIFF-BJ1-1,single,1,0.9876393822115936,0.6797709618412944
BL6-B10BR_HTxC,AV16N-CAMRDTNAYKVIF-AJ30_BV13-2-CASGDAQGSNERLFF-BJ1-4,single,1,1.134969974603941,0.930459066746923
BL6-B10BR_HTxC,AV16N-CAMRDTNAYKVIF-AJ30_BV13-2-CASGDEYEQYF-BJ2-7,single,2,0.9800279911177314,0.7879868587469507
BL6-B10BR_HTxC,AV16N-CAMRDTNAYKVIF-AJ30_BV13-2-CASGGANTEVFF-BJ1-1,single,72,0.9014010397067457,0.5762509319012449
BL6-B10BR_HTxC,AV16N-CAMRDTNAYKVIF-AJ30_BV13-3-CASRDRAAEQFF-BJ2-1,single,1,1.7106829889250943,1.5307150214600718
BL6-B10BR_HTxC,AV16N-CAMRDTNAYKVIF-AJ30_BV13-3-CASSERVNQDTQYF-BJ2-5,single,1,1.4345491399952024,0.9142701259741166
BL6-B10BR_HTxC,AV16N-CAMRDTNAYKVIF-AJ30_BV14-CASSFWTNTEVFF-BJ1-1,single,1,1.6344315043405981,1.2751072381343687
BL6-B10BR_HTxC,AV16N-CAMRDTNAYKVIF-AJ30_BV17-CASSPGQGYTGQLYF-BJ2-2,single,3,2.05307457931493,1.8860797275875
BL6-B10BR_HTxC,AV16N-CAMRDTNAYKVIF-AJ30_BV29-CASSLPGQGHEQYF-BJ2-7,single,1,0.6500224216483541,0.46948528330122
BL6-B10BR_HTxC,AV16N-CAMRDTNAYKVIF-AJ30_BV3-CASSLGVEQYF-BJ2-7,single,2,1.2031537433871837,1.0675970453640158
BL6-B10BR_HTxC,AV16N-CAMRDTNAYKVIF-AJ30_BV3-CASSLSSYEQYF-BJ2-7,single,1,1.0985708647144183,0.8471916597114306
BL6-B10BR_HTxC,AV16N-CAMRDTNAYKVIF-AJ30_BV3-CASSSGPNYEQYF-BJ2-7,single,1,0.4070665027920621,0.15903272353323555
BL6-B10BR_HTxC,AV16N-CAMRDYTNAYKVIF-AJ30_BV13-2-CASGDQGASGNTLYF-BJ1-3,single,1,0.05810074789112419,0.01936444671401023
BL6-B10BR_HTxC,AV16N-CAMREADSGYNKLTF-AJ11_BV13-1-CASRDTNTEVFF-BJ1-1,single,4,0.5262053718754309,0.25569066011840624
BL6-B10BR_HTxC,AV16N-CAMREADSGYNKLTF-AJ11_BV13-2-CASGSGGQNTLYF-BJ2-4,single,2,1.799581475868572,1.5535676257033544
BL6-B10BR_HTxC,AV16N-CAMREADSGYNKLTF-AJ11_BV13-3-CASSERVNQDTQYF-BJ2-5,single,1,0.5378311838007607,0.22813941923281758
BL6-B10BR_HTxC,AV16N-CAMREADSNYQLIW-AJ33_BV13-2-CASGRVDSPLYF-BJ1-6,single,5,0.20096682676780891,0.06891952849545688
BL6-B10BR_HTxC,AV16N-CAMREAGTGGYKVVF-AJ12_BV1-CTCSAGDDTEVFF-BJ1-1,single,1,0.9852281360342515,0.9708536543404838
BL6-B10BR_HTxC,AV16N-CAMREANSGYNKLTF-AJ11_BV13-2-CASGEGQGQNTLYF-BJ2-4,single,2,1.8676338909712122,1.492598482572497
BL6-B10BR_HTxC,AV16N-CAMREANTGYQNFYF-AJ49_BV1-CTCSAVRVSEVFF-BJ1-1,single,1,1.5371885238513008,0.9823410269084598
BL6-B10BR_HTxC,AV16N-CAMREANTGYQNFYL-AJ49_BV3-CASSSGQISNERLFF-BJ1-4,single,1,0.6829171108833216,0.360238480917328
BL6-B10BR_HTxC,AV16N-CAMREANTGYRNFYF-AJ49_BV13-2-CASGDGAQNTLYF-BJ2-4,single,1,0.6715467579919209,0.3053495026450719
BL6-B10BR_HTxC,AV16N-CAMREANYGNEKITF-AJ48_BV1-CTCSADRVQDTQYF-BJ2-5,single,1,1.9182958340544896,1.6119295483214255
BL6-B10BR_HTxC,AV16N-CAMREASSGSWQLIF-AJ22_BV16-CASSLDGTGGRQDTQYF-BJ2-5,single,2,1.4836263324799606,1.0969852377044815
BL6-B10BR_HTxC,AV16N-CAMREASSGSWQLIF-AJ22_BV4-CASSLTTNTEVFF-BJ1-1,single,3,0.9858298877974981,0.7141871425010308
BL6-B10BR_HTxC,AV16N-CAMREDDSGYNKLTF-AJ11_BV3-CASSPDWGGADQDTQYF-BJ2-5,single,1,2.113283334294875,1.9475325801058645
BL6-B10BR_HTxC,AV16N-CAMREDGGYKVVF-AJ12_BV13-1-CASKDTYEQYF-BJ2-7,single,1,0.45335933502142134,0.19631372592284058
BL6-B10BR_HTxC,AV16N-CAMREDGGYKVVF-AJ12_BV13-1-CASSETGVSSYEQYC-BJ2-7,single,1,0.4310167689753773,0.20223439430270695
BL6-B10BR_HTxC,AV16N-CAMREDGGYKVVF-AJ12_BV3-CASSLRWGGNYAEQFF-BJ2-1,single,31,0.83977947127473,0.5267078430952192
BL6-B10BR_HTxC,AV16N-CAMREDMDYANKMIF-AJ47_BV13-2-CASGEQTEAFF-BJ1-1,single,1,0.5238809975390685,0.22466732746207113
BL6-B10BR_HTxC,AV16N-CAMREDMDYANKMIF-AJ47_BV31-CAWSEQGANTEVFF-BJ1-1,single,2,0.4091240858168746,0.17642902910422387
BL6-B10BR_HTxC,AV16N-CAMREDMGYKLTF-AJ9_BV14-CASSLAVNQDTQYF-BJ2-5,single,1,0.4190836287765224,0.1577850810884859
BL6-B10BR_HTxC,AV16N-CAMREDNNAGAKLTF-AJ39_BV13-2-CASGEGGRNTLYF-BJ2-4,single,2,1.2417992382842336,0.7028750647444062
BL6-B10BR_HTxC,AV16N-CAMREDNYAQGLTF-AJ26_BV13-1-CASSDTNTEVFF-BJ1-1,single,1,1.3488598331005097,0.9869733197037606
BL6-B10BR_HTxC,AV16N-CAMREDQGGRALIF-AJ15_BV13-2-CASGEWDYEQYF-BJ2-7,single,1,0.7416847557897409,0.37550913509220635
BL6-B10BR_HTxC,AV16N-CAMREDQGGRALIF-AJ15_BV16-CASSLVGNQDTQYF-BJ2-5,single,9,0.7688804268946474,0.4775429821022571
BL6-B10BR_HTxC,AV16N-CAMREDQGGSAKLIF-AJ57_BV19-CASSIWGRNTQYF-BJ2-5,single,1,1.0,1.0
BL6-B10BR_HTxC,AV16N-CAMREDSDYQLIW-AJ33_BV3-CASSTGQISNERLFF-BJ1-4,single,1,1.6796822100049633,1.082462160191973
BL6-B10BR_HTxC,AV16N-CAMREDSGYNKLTF-AJ11_BV13-1-CASSDAGAEVFF-BJ1-1,single,5,0.780893273857746,0.4459145755964916
BL6-B10BR_HTxC,AV16N-CAMREDSNYQLIG-AJ33_BV3-CASSLGQISNERLFF-BJ1-4,single,1,0.5403651258269956,0.2856972677221871
BL6-B10BR_HTxC,AV16N-CAMREDSNYQLIR-AJ33_BV3-CASSSGQISNERLFF-BJ1-4,single,1,0.32393921502641326,0.14103576664806508
BL6-B10BR_HTxC,AV16N-CAMREDSNYQLIW-AJ33_BV1-CTCSADRFYEQYF-BJ2-7,single,1,0.39124356362925566,0.22097034626724957
BL6-B10BR_HTxC,AV16N-CAMREDSNYQLIW-AJ33_BV1-CTCSAVRAGNTLYF-BJ1-3,single,1,0.45502065977946415,0.21745337152489821
BL6-B10BR_HTxC,AV16N-CAMREDSNYQLIW-AJ33_BV12-1-CASSQGNTLYF-BJ2-4,single,1,0.0,0.0
BL6-B10BR_HTxC,AV16N-CAMREDSNYQLIW-AJ33_BV13-1-CASKDTYEQYF-BJ2-7,single,1,1.6068052850740053,1.240564125030099
BL6-B10BR_HTxC,AV16N-CAMREDSNYQLIW-AJ33_BV13-1-CASSALGGSYEQYF-BJ2-7,single,1,0.9912513992084371,0.5887204998267563
BL6-B10BR_HTxC,AV16N-CAMREDSNYQLIW-AJ33_BV13-1-CASSDGVHYAEQFF-BJ2-1,single,1,2.1049716865783243,1.7798170125168593
BL6-B10BR_HTxC,AV16N-CAMREDSNYQLIW-AJ33_BV13-1-CASSDREDTEVFS-BJ1-1,single,1,0.8703978237009053,0.6551715030025586
BL6-B10BR_HTxC,AV16N-CAMREDSNYQLIW-AJ33_BV13-2-CASGDAQGSNERLFF-BJ1-4,single,1,0.3639273797039919,0.13967497470827117
BL6-B10BR_HTxC,AV16N-CAMREDSNYQLIW-AJ33_BV13-2-CASGGTGGAREQYF-BJ2-7,single,13,0.6254727652890271,0.3220129463728446
BL6-B10BR_HTxC,AV16N-CAMREDSNYQLIW-AJ33_BV13-3-CASSERVNQDTQYF-BJ2-5,single,1,0.8658566174572235,0.5438238059276697
BL6-B10BR_HTxC,AV16N-CAMREDSNYQLIW-AJ33_BV17-CASSPGQNYAEQFF-BJ2-1,single,1,0.9090153522886393,0.6023253670517325
BL6-B10BR_HTxC,AV16N-CAMREDSNYQLIW-AJ33_BV17-CASSRLGSSYEQYF-BJ2-7,single,1,1.5908618777845842,1.3153908961180258
BL6-B10BR_HTxC,AV16N-CAMREDSNYQLIW-AJ33_BV19-CASSIGTNERLFF-BJ1-4,single,1,1.186786099175591,0.6605135337283329
BL6-B10BR_HTxC,AV16N-CAMREDSNYQLIW-AJ33_BV2-CASSQDWGSQNTLYF-BJ2-4,single,1,1.2577148214953864,0.7402974548639537
BL6-B10BR_HTxC,AV16N-CAMREDSNYQLIW-AJ33_BV20-CGASPSGNTLYF-BJ1-3,single,1,0.4973142269885519,0.2054236826636985
BL6-B10BR_HTxC,AV16N-CAMREDSNYQLIW-AJ33_BV3-CASNLRWGGNYAEQFF-BJ2-1,single,1,0.15374218032876188,0.06409795405609574
BL6-B10BR_HTxC,AV16N-CAMREDSNYQLIW-AJ33_BV3-CASSKGQISNERLFF-BJ1-4,single,1,0.5907239186406502,0.3109796839788872
BL6-B10BR_HTxC,AV16N-CAMREDSNYQLIW-AJ33_BV3-CASSLGQISNERLFF-BJ1-4,single,88,0.6225506066439994,0.35998845930925427
BL6-B10BR_HTxC,AV16N-CAMREDSNYQLIW-AJ33_BV3-CASSLGQVSYEQYF-BJ2-7,single,1,1.2776134368191154,0.8527740468168222
BL6-B10BR_HTxC,AV16N-CAMREDSNYQLIW-AJ33_BV3-CASSLRQISNERLFF-BJ1-4,single,17,0.517123773158817,0.3045445221488392
BL6-B10BR_HTxC,AV16N-CAMREDSNYQLIW-AJ33_BV3-CASSPGQISNERLFF-BJ1-4,single,1,1.2949950747154697,0.9489605669995345
BL6-B10BR_HTxC,AV16N-CAMREDSNYQLIW-AJ33_BV3-CASSSGQISNERLFF-BJ1-4,single,105,0.8233366618737762,0.5483241077058726
BL6-B10BR_HTxC,AV16N-CAMREDSNYQLIW-AJ33_BV3-CASSTGQISNERLFF-BJ1-4,single,4,0.3547180543139511,0.1442124471196225
BL6-B10BR_HTxC,AV16N-CAMREDSNYQLIW-AJ33_BV3-CASSWTYNSPLYF-BJ1-6,single,1,1.512076782173072,1.1108841061194572
BL6-B10BR_HTxC,AV16N-CAMREDTGNYKYVF-AJ40_BV13-2-CASGDWGGPGQLYF-BJ2-2,single,1,0.838426464670373,0.38722409055388884
BL6-B10BR_HTxC,AV16N-CAMREDTNTGKLTF-AJ27_BV16-CASSLDNYAEQFF-BJ2-1,single,34,1.5181802470923793,1.2311921353750264
BL6-B10BR_HTxC,AV16N-CAMREDTNTGKLTF-AJ27_BV17-CASSPGQGYTGQLYF-BJ2-2,single,1,2.413088436425758,2.27500704749987
BL6-B10BR_HTxC,AV16N-CAMREDTNTGKLTF-AJ27_BV31-CAWLGGLAETLYF-BJ2-3,single,1,0.5769384388695526,0.2322293512232955
BL6-B10BR_HTxC,AV16N-CAMREDYNVLYF-AJ21_BV3-CASSLAGQGGQNTLYF-BJ2-4,single,4,0.5093894351639623,0.25893318957667977
BL6-B10BR_HTxC,AV16N-CAMREEAGNTGK-AJ37_BV20-CGARDWGGYEQYF-BJ2-7,single,1,1.3346791410515946,1.1340928955872829
BL6-B10BR_HTxC,AV16N-CAMREEAGNTGKLIF-AJ37_BV20-CGARDRSSYEQYF-BJ2-7,single,1,0.7732283485249176,0.45836493094294456
BL6-B10BR_HTxC,AV16N-CAMREEAGNTGKLIF-AJ37_BV20-CGARDWGGYEQYF-BJ2-7,single,2,1.4858367578293676,1.0000283000129675
BL6-B10BR_HTxC,AV16N-CAMREEDSNYQLIW-AJ33_BV13-2-CASGDQGASGNTLYF-BJ1-3,single,2,0.2318629520869954,0.08504351211799922
BL6-B10BR_HTxC,AV16N-CAMREEGGRAL-AJ15_BV4-CASSWTGSYNSPLYF-BJ1-6,single,1,0.1826058766391228,0.0674857946244718
BL6-B10BR_HTxC,AV16N-CAMREEGGRALIC-AJ15_BV13-2-CASGDQGASGNTLYF-BJ1-3,single,1,0.2001359143497904,0.06989255331320297
BL6-B10BR_HTxC,AV16N-CAMREEGGRALIF-AJ15_BV13-1-CASSVGGGYAEQFF-BJ2-1,single,1,1.3709505944546687,1.1844245711374273
BL6-B10BR_HTxC,AV16N-CAMREEGGRALIF-AJ15_BV13-2-CASGDQGASGNTLYF-BJ1-3,single,1,0.17159841317629373,0.05109678595929453
BL6-B10BR_HTxC,AV16N-CAMREEGGRALIF-AJ15_BV13-2-CASGGGWNTEVFF-BJ1-1,single,1,0.8112781244591328,0.6780719051126377
BL6-B10BR_HTxC,AV16N-CAMREEGGRALIF-AJ15_BV13-2-CASGGTGGAREQYF-BJ2-7,single,1,0.6142177228203645,0.27097314621538
BL6-B10BR_HTxC,AV16N-CAMREEGGRALIF-AJ15_BV13-3-CASSERVNQDTQYF-BJ2-5,single,1,1.615226576283348,0.9990517942209514
BL6-B10BR_HTxC,AV16N-CAMREEGGRALIF-AJ15_BV3-CASSKGQISNERLFF-BJ1-4,single,1,0.47563396876036557,0.2059707992496478
BL6-B10BR_HTxC,AV16N-CAMREEGGRALIF-AJ15_BV3-CASSLGQISNERLFF-BJ1-4,single,1,0.6733128962369284,0.3011522007659662
BL6-B10BR_HTxC,AV16N-CAMREEGGRALIF-AJ15_BV3-CASSLRQISNERLFF-BJ1-4,single,1,0.28639695711595625,0.14401030269151946
BL6-B10BR_HTxC,AV16N-CAMREEGGRALIF-AJ15_BV3-CASSSGQISNERLFF-BJ1-4,single,1,1.10061458121467,0.7050711668727379
BL6-B10BR_HTxC,AV16N-CAMREEGGRALIS-AJ15_BV3-CASSLGQISNERLFF-BJ1-4,single,1,0.5140894694980185,0.2116978205402112
BL6-B10BR_HTxC,AV16N-CAMREEGGSALIF-AJ15_BV13-2-CASGPGGQNTLYL-BJ2-4,single,1,1.6896623238999868,1.4199032544506598
BL6-B10BR_HTxC,AV16N-CAMREEGNYQLIW-AJ33_BV13-2-CASGDQGNSGNTLYF-BJ1-3,single,3,0.0451165871927661,0.016011782847907847
BL6-B10BR_HTxC,AV16N-CAMREESGNTGK-AJ37_BV20-CGARDWSSYEQYF-BJ2-7,single,1,2.1149798205164814,1.7858751946471525
BL6-B10BR_HTxC,AV16N-CAMREETGNTGKLIF-AJ37_BV1-CTCSADRVNTLYF-BJ2-4,single,1,1.0904022935227842,0.6165143409619558
BL6-B10BR_HTxC,AV16N-CAMREGDSNNRIFF-AJ31_BV13-2-CASGGLYEQYF-BJ2-7,single,4,0.5534775218056746,0.3331386726505903
BL6-B10BR_HTxC,AV16N-CAMREGDSNYQLIW-AJ33_BV13-2-CASGDAGGNTEVFF-BJ1-1,single,1,1.8423709931771088,1.7078192485066896
BL6-B10BR_HTxC,AV16N-CAMREGDSNYQLIW-AJ33_BV13-2-CASGDRANSDYTF-BJ1-2,single,3,1.064078933181012,0.7993734324015432
BL6-B10BR_HTxC,AV16N-CAMREGDSNYQLIW-AJ33_BV13-2-CASSGTANSDYTF-BJ1-2,single,2,1.2120860448292983,0.9197427033497164
BL6-B10BR_HTxC,AV16N-CAMREGDSNYQLIW-AJ33_BV13-3-CASSERVNQDTQYF-BJ2-5,single,1,1.3424784362786664,0.7312856850938516
BL6-B10BR_HTxC,AV16N-CAMREGDSNYQLIW-AJ33_BV16-CASSGLGGLSYEQYF-BJ2-7,single,1,0.19823496409776623,0.08872254796881028
BL6-B10BR_HTxC,AV16N-CAMREGDTEGADRLTF-AJ45_BV13-1-CASSVTRVGNTLYF-BJ1-3,single,5,1.0975789157282219,0.7830373567535156
BL6-B10BR_HTxC,AV16N-CAMREGDTEGADRLTF-AJ45_BV13-2-CASSVTRVGNTLYF-BJ1-3,single,1,1.192250860234642,0.8023680693878461
BL6-B10BR_HTxC,AV16N-CAMREGDTNTGKLTF-AJ27_BV1-CTCSEGPDTQYF-BJ2-5,single,1,1.9182958340544896,1.84799690655495
BL6-B10BR_HTxC,AV16N-CAMREGGAGNTGKLIF-AJ37_BV13-2-CASGDNYEQYF-BJ2-7,single,4,0.3084934403454972,0.12530359919406459
BL6-B10BR_HTxC,AV16N-CAMREGGAGNTGKLIF-AJ37_BV19-CASSRDWGGQDTQYF-BJ2-5,single,2,2.851951416816857,2.7513302981392003
BL6-B10BR_HTxC,AV16N-CAMREGGGNMGYKLTF-AJ9_BV13-2-CASGERLDAEQFF-BJ2-1,single,1,1.792046779452272,1.5499504491621214
BL6-B10BR_HTxC,AV16N-CAMREGGGYKVVF-AJ12_BV13-2-CASGDVQAPLF-BJ1-5,single,1,0.9219280948873623,0.599462070416271
BL6-B10BR_HTxC,AV16N-CAMREGGSGNTGKLIF-AJ37_BV13-2-CASGDNYEQYF-BJ2-7,single,3,1.0674141497817045,0.7400750038635926
BL6-B10BR_HTxC,AV16N-CAMREGGSGSWQLIF-AJ22_BV16-CASSLDSGISNERLFF-BJ1-4,single,1,0.6402064333604701,0.34837719520976396
BL6-B10BR_HTxC,AV16N-CAMREGGSNNRIFF-AJ31_BV1-CTCSADRVQDTQYF-BJ2-5,single,1,1.3787834934861753,1.222392421336448
BL6-B10BR_HTxC,AV16N-CAMREGGSNNRIFF-AJ31_BV13-2-CASGDVGGANERLFF-BJ1-4,single,1,2.0900180227079033,1.7788276168258081
BL6-B10BR_HTxC,AV16N-CAMREGGSNNRIFF-AJ31_BV13-2-CASGEGPANSDYTF-BJ1-2,single,54,1.23722814385245,0.9278943714755498
BL6-B10BR_HTxC,AV16N-CAMREGGSNNRIFF-AJ31_BV13-3-CASSDAGQAERLFF-BJ1-4,single,1,2.25,2.192645077942396
BL6-B10BR_HTxC,AV16N-CAMREGGTGNTGKLIF-AJ37_BV13-2-CASGDLYEQYF-BJ2-7,single,2,0.2699379326812044,0.11155751588955515
BL6-B10BR_HTxC,AV16N-CAMREGITGNTGKLIF-AJ37_BV26-CASSRDWDQDTQYF-BJ2-5,single,2,1.4553673921817825,1.0687517618749673
BL6-B10BR_HTxC,AV16N-CAMREGLNYGSSGNKLIF-AJ32_BV1-CTCSAPGVYEQYF-BJ2-7,single,1,2.439268146254097,2.346107907382489
BL6-B10BR_HTxC,AV16N-CAMREGMDSNYQLIW-AJ33_BV1-CTCSADQWAETLYF-BJ2-3,single,2,1.3244174271404583,1.1374299206152918
BL6-B10BR_HTxC,AV16N-CAMREGMGYKLTF-AJ9_BV13-1-CASSGGQVGNSPLYF-BJ1-6,single,1,0.19366093149667027,0.07257757126012905
BL6-B10BR_HTxC,AV16N-CAMREGNMGYK-AJ9_BV31-CAWLGGLAETLYF-BJ2-3,single,1,0.4305518670104394,0.25308474542618903
BL6-B10BR_HTxC,AV16N-CAMREGNMGYKLTF-AJ9_BV1-CTCSADRVQNTLYF-BJ2-4,single,1,1.2294041514735174,0.727116038920881
BL6-B10BR_HTxC,AV16N-CAMREGNMGYKLTF-AJ9_BV1-CTCSAVRVDERLFF-BJ1-4,single,1,0.6500224216483541,0.46948528330122
BL6-B10BR_HTxC,AV16N-CAMREGNMGYKLTF-AJ9_BV1-CTCSAVRVGDTLYF-BJ1-3,single,1,0.8892565130001331,0.4405385257895669
BL6-B10BR_HTxC,AV16N-CAMREGNMGYKLTF-AJ9_BV12-1-CASSQGNTLYF-BJ2-4,single,1,0.18312206830137276,0.08010673919384342
BL6-B10BR_HTxC,AV16N-CAMREGNMGYKLTF-AJ9_BV13-1-CASKDTYEQYF-BJ2-7,single,2,0.3960936416410502,0.17273016995547788
BL6-B10BR_HTxC,AV16N-CAMREGNMGYKLTF-AJ9_BV13-1-CASSEQGGYEQYF-BJ2-7,single,1,1.2870540281187268,1.0601209924375705
BL6-B10BR_HTxC,AV16N-CAMREGNMGYKLTF-AJ9_BV13-1-CASSRRGANSDYTF-BJ1-2,single,1,0.6895092649964162,0.3899465183160133
BL6-B10BR_HTxC,AV16N-CAMREGNMGYKLTF-AJ9_BV13-2-CASGDNQGNSDYTF-BJ1-2,single,30,0.9478886208574585,0.5421223583724547
BL6-B10BR_HTxC,AV16N-CAMREGNMGYKLTF-AJ9_BV13-2-CASGDQGASGNTLYF-BJ1-3,single,3,0.5847037740226863,0.37208788412035765
BL6-B10BR_HTxC,AV16N-CAMREGNMGYKLTF-AJ9_BV13-2-CASGEGPANSDYTF-BJ1-2,single,1,1.7156254566901556,1.1717663482664797
BL6-B10BR_HTxC,AV16N-CAMREGNMGYKLTF-AJ9_BV13-3-CASSERVNQDTQYF-BJ2-5,single,1,1.0075894219424677,0.6873993606743952
BL6-B10BR_HTxC,AV16N-CAMREGNMGYKLTF-AJ9_BV14-CASSLRGEQYF-BJ2-7,single,1,0.43098839068128425,0.157899132635317
BL6-B10BR_HTxC,AV16N-CAMREGNMGYKLTF-AJ9_BV17-CASSPGQGYTGQLYF-BJ2-2,single,1,1.646343668130454,1.0125887601744226
BL6-B10BR_HTxC,AV16N-CAMREGNMGYKLTF-AJ9_BV2-CASSQDRRGDTQYF-BJ2-5,single,1,1.565330364049787,1.2281219564320933
BL6-B10BR_HTxC,AV16N-CAMREGNMGYKLTF-AJ9_BV26-CASSRDRVYEKYF-BJ2-7,single,1,0.6583514224564075,0.36902510152200757
BL6-B10BR_HTxC,AV16N-CAMREGNMGYKLTF-AJ9_BV3-CASSLGQISNERLFF-BJ1-4,single,1,0.0,0.0
BL6-B10BR_HTxC,AV16N-CAMREGNMGYKLTF-AJ9_BV3-CASSLRDWEYEQYF-BJ2-7,single,1,1.7924812503605778,1.584962500721156
BL6-B10BR_HTxC,AV16N-CAMREGNMGYKLTF-AJ9_BV3-CASSLSSYEQYF-BJ2-7,single,1,0.08146202691506,0.029143341606329552
BL6-B10BR_HTxC,AV16N-CAMREGNMGYKLTF-AJ9_BV3-CASSSGPNYEQYF-BJ2-7,single,3,0.7894456600156858,0.5514964963528343
BL6-B10BR_HTxC,AV16N-CAMREGNMGYKLTF-AJ9_BV31-CAWLGGLAETLYF-BJ2-3,single,145,0.7591874995237445,0.46700043642402833
BL6-B10BR_HTxC,AV16N-CAMREGNMGYKLTF-AJ9_BV31-CAWLWGLAETLYF-BJ2-3,single,1,0.8828597725911205,0.48843244292586124
BL6-B10BR_HTxC,AV16N-CAMREGNMGYKLTF-AJ9_BV4-CASSLTTNTEVFF-BJ1-1,single,1,1.4136765097148376,1.195765006377572
BL6-B10BR_HTxC,AV16N-CAMREGNMGYKLTF-AJ9_BV5-CASSQDGGVNQAPLF-BJ1-5,single,1,0.9682448352060218,0.5221641025716425
BL6-B10BR_HTxC,AV16N-CAMREGNTGGLSGKINI-AJ2_BV26-CASRSGTGGFYAEQFF-BJ2-1,single,1,2.4116022179746714,2.2715964193372176
BL6-B10BR_HTxC,AV16N-CAMREGNTGYQNFYF-AJ49_BV13-2-CASGEQGLTLYF-BJ2-3,single,1,0.1942417285262214,0.07376065755764369
BL6-B10BR_HTxC,AV16N-CAMREGNTGYQNFYF-AJ49_BV13-2-CASGGTGPGQLYF-BJ2-2,single,1,1.949137865273585,1.4818690077570522
BL6-B10BR_HTxC,AV16N-CAMREGNYAQGLTF-AJ26_BV1-CTCSADRVNNQAPLF-BJ1-5,single,1,0.11759466565886476,0.04579196415064425
BL6-B10BR_HTxC,AV16N-CAMREGNYAQGLTF-AJ26_BV13-2-CASGDWGGVQNTLYF-BJ2-4,single,2,0.3671230544211131,0.23176541952375104
BL6-B10BR_HTxC,AV16N-CAMREGNYAQGLTF-AJ26_BV16-CASSWGQDTQYF-BJ2-5,single,1,1.0,1.0
BL6-B10BR_HTxC,AV16N-CAMREGNYAQGLTF-AJ26_BV17-CASSPGQGYTGQLYF-BJ2-2,single,1,0.863120568566631,0.7567288489876361
BL6-B10BR_HTxC,AV16N-CAMREGNYAQGLTF-AJ26_BV3-CASSLSSYEQYF-BJ2-7,single,1,0.3014969295343807,0.1267710566989447
BL6-B10BR_HTxC,AV16N-CAMREGNYNQGKLIF-AJ23_BV1-CTCSADLGHQDTQYF-BJ2-5,single,1,0.7653636126766978,0.39248788358605824
BL6-B10BR_HTxC,AV16N-CAMREGQAYKVIF-AJ30_BV19-CASSDRANTEVFF-BJ1-1,single,1,1.3787834934861753,1.222392421336448
BL6-B10BR_HTxC,AV16N-CAMREGQGGRALIF-AJ15_BV13-2-CASGDRDNSYEQYF-BJ2-7,single,1,2.739470570797252,2.417347659966045
BL6-B10BR_HTxC,AV16N-CAMREGRDTNTGKLTF-AJ27_BV13-1-CASSDLGVNTGQLYF-BJ2-2,single,1,0.9463729359854419,0.6374299206152919
BL6-B10BR_HTxC,AV16N-CAMREGSNNRIFF-AJ31_BV16-CASSFPGLGNQDTQYF-BJ2-5,single,1,0.8112781244591328,0.6780719051126377
BL6-B10BR_HTxC,AV16N-CAMREGSNNRISF-AJ31_BV16-CASSFPGLGNQDTQYF-BJ2-5,single,1,0.0,0.0
BL6-B10BR_HTxC,AV16N-CAMREGSNTNKVVF-AJ34_BV13-1-CASSDRDTEVFF-BJ1-1,single,3,1.6252715278979704,1.4170205880559061
BL6-B10BR_HTxC,AV16N-CAMREGSSGSWQLIF-AJ22_BV13-2-CASGDRDQAPLF-BJ1-5,single,5,1.5513762685351447,1.2518364497927044
BL6-B10BR_HTxC,AV16N-CAMREGSSGSWQLIF-AJ22_BV13-3-CASSRDRVNSPLYF-BJ1-6,single,1,0.3372900666170139,0.1798210375848123
BL6-B10BR_HTxC,AV16N-CAMREGTGNYKYVF-AJ40_BV1-CTCSGDRAHAEQFF-BJ2-1,single,2,1.097471609033128,0.7206199825362001
BL6-B10BR_HTxC,AV16N-CAMREGTGNYKYVF-AJ40_BV13-2-CASGDRGVQNTLYF-BJ2-4,single,3,0.8540652699836043,0.5143607900382642
BL6-B10BR_HTxC,AV16N-CAMREGTNTNKVVF-AJ34_BV13-2-CASGDGAQNTLYF-BJ2-4,single,1,1.4594736848972698,1.1111071174599114
BL6-B10BR_HTxC,AV16N-CAMREGTNTNKVVF-AJ34_BV13-2-CASGEQAYEQYF-BJ2-7,single,1,0.595649145164151,0.3447994858979074
BL6-B10BR_HTxC,AV16N-CAMREGTNYNVLYF-AJ21_BV5-CASSQDWGGVQDTQYF-BJ2-5,single,1,1.3520301017579528,0.9579359404334561
BL6-B10BR_HTxC,AV16N-CAMREINYGNEKITF-AJ48_BV5-CASSQERQTEVFF-BJ1-1,single,1,1.8423709931771086,1.7078192485066899
BL6-B10BR_HTxC,AV16N-CAMRENSNYQLIW-AJ33_BV3-CASSLGQISNERLFF-BJ1-4,single,1,0.4689955935892812,0.2863041851566409
BL6-B10BR_HTxC,AV16N-CAMRENSNYQLVW-AJ33_BV3-CASSLGQISNERLFF-BJ1-4,single,1,0.26312232431271465,0.09123211715081113
BL6-B10BR_HTxC,AV16N-CAMREPNYAQGLTF-AJ26_BV13-3-CASSDAKEQNTLYF-BJ2-4,single,2,0.14022093071678496,0.04984194563310283
BL6-B10BR_HTxC,AV16N-CAMREPYQGGR-AJ15_BV5-CASSPDRSNERLFF-BJ1-4,single,1,1.2516291673878228,1.0
BL6-B10BR_HTxC,AV16N-CAMREPYQGGRAL-AJ15_BV1-CTCSGDRAHAEQFF-BJ2-1,single,1,0.228538143953528,0.10676298075194064
BL6-B10BR_HTxC,AV16N-CAMREPYQGGRALIF-AJ15_BV13-1-CASKDTYEQYF-BJ2-7,single,2,0.8960522913779239,0.6704317864756207
BL6-B10BR_HTxC,AV16N-CAMREPYQGGRALIF-AJ15_BV13-2-CASGDQGASGNTLYF-BJ1-3,single,1,0.18731413857353563,0.06503816900694243
BL6-B10BR_HTxC,AV16N-CAMREPYQGGRALIF-AJ15_BV13-3-CASSERVNQDTQYF-BJ2-5,single,1,1.3713141000174724,0.9193605171976178
BL6-B10BR_HTxC,AV16N-CAMREPYQGGRALIF-AJ15_BV14-CASSFRTEVFF-BJ1-1,single,1,1.083773365482374,0.788689401033885
BL6-B10BR_HTxC,AV16N-CAMREPYQGGRALIF-AJ15_BV16-CASSLDNYAEQFF-BJ2-1,single,1,2.0668929600031896,1.6496381774181608
BL6-B10BR_HTxC,AV16N-CAMREPYQGGRALIF-AJ15_BV3-CASSLAREYEQYF-BJ2-7,single,1,0.669992496593381,0.35621242993281454
BL6-B10BR_HTxC,AV16N-CAMREPYQGGRALIF-AJ15_BV3-CASSLGQISNERLFF-BJ1-4,single,1,0.2126770134741691,0.07461641717378426
BL6-B10BR_HTxC,AV16N-CAMREPYQGGRALIF-AJ15_BV3-CASSSGQISNERLFF-BJ1-4,single,1,0.0,0.0
BL6-B10BR_HTxC,AV16N-CAMREPYQGGRALIF-AJ15_BV31-CAWLGGLAETLYF-BJ2-3,single,1,0.7817165074194177,0.38145039822181703
BL6-B10BR_HTxC,AV16N-CAMREPYQGGRALIL-AJ15_BV13-2-CASGDQGASGNTLYF-BJ1-3,single,1,0.10351675458604903,0.028729528437759038
BL6-B10BR_HTxC,AV16N-CAMREPYQGGRALIL-AJ15_BV13-3-CASSDAGGDQDTQYF-BJ2-5,single,1,1.4591479170272446,1.3625700793847082
BL6-B10BR_HTxC,AV16N-CAMREPYQGGRALVF-AJ15_BV17-CASSRLGGLAEQFF-BJ2-1,single,1,0.3846598981719494,0.1655340128684967
BL6-B10BR_HTxC,AV16N-CAMRESNSAGNKLTF-AJ17_BV13-1-CASSDVGDEQYF-BJ2-7,single,3,1.3990019279840586,1.1127377261582838
BL6-B10BR_HTxC,AV16N-CAMRESNSAGNKLTF-AJ17_BV13-2-CASGDQGASGNTLYF-BJ1-3,single,1,0.4254094327346716,0.166030892485926
BL6-B10BR_HTxC,AV16N-CAMRESNYAQGLTF-AJ26_BV14-CASSLRTGVNYAEQFF-BJ2-1,single,1,2.123199115426226,1.842120340218281
BL6-B10BR_HTxC,AV16N-CAMRESNYNVLYF-AJ21_BV13-3-CANSERTANTGQRYF-BJ2-2,single,1,1.2917601481809735,0.7858751946471529
BL6-B10BR_HTxC,AV16N-CAMRESNYNVLYF-AJ21_BV13-3-CASSERGPYNSPLYF-BJ1-6,single,1,0.878514187390799,0.5008982359326817
BL6-B10BR_HTxC,AV16N-CAMRESYQGGRALIF-AJ15_BV13-1-CASSEQGGYEQYF-BJ2-7,single,1,1.6439563309778717,1.3201316230219988
BL6-B10BR_HTxC,AV16N-CAMRETGGNNKLT-AJ56_BV1-CTCSANRANSDYTF-BJ1-2,single,1,1.6854752972273346,1.4739311883324124
BL6-B10BR_HTxC,AV16N-CAMRETGGNNKLTF-AJ56_BV1-CTCSAVRVGNTLYF-BJ1-3,single,1,1.629723728904242,1.2753974236307926
BL6-B10BR_HTxC,AV16N-CAMRGDNTENYKYVF-AJ40_BV13-2-CASGGRGQDTQYF-BJ2-5,single,1,0.7219280948873623,0.5563933485243849
BL6-B10BR_HTxC,AV16N-CAMRGDNTGNYKYVF-AJ40_BV13-2-CASGGRGQDTQYF-BJ2-5,single,1,0.6500224216483541,0.46948528330122
BL6-B10BR_HTxC,AV16N-CAMRNYGSSGNKLIF-AJ32_BV13-2-CASGDWGYAEQFF-BJ2-1,single,1,0.8662339349948077,0.43360729336141046
BL6-B10BR_HTxC,AV16N-CAMRNYGSSGNKLTF-AJ32_BV13-2-CASGDAGGQDTQYF-BJ2-5,single,1,2.113283334294875,1.9475325801058645
BL6-B10BR_HTxC,AV16N-CAMRSYGSSGNRLIF-AJ32_BV13-1-CASKDTYEQYF-BJ2-7,single,1,0.5229784263810124,0.26701425674633933
BL6-B10BR_HTxC,AV16N-CAMTNYGSSGNKLIF-AJ32_BV1-CTCSADRNSDYTF-BJ1-2,single,2,2.0804820237218404,1.8684827970831028
BL6-B10BR_HTxC,AV16N-CAMTNYGSSGNKLIF-AJ32_BV13-2-CASGPGQGQNTLYF-BJ2-4,single,1,1.8676338909712125,1.492598482572497
BL6-B10BR_HTxC,AV16N-CATKDYSNNRLTL-AJ7_BV15-CASSLTGHSPLYF-BJ1-6,single,1,2.355388542207534,2.1699250014423126
BL6-B10BR_HTxC,AV16N-CAVRDDTNTYKFIF-AJ30_BV13-2-CASGGGWNTEVFF-BJ1-1,single,1,0.3444963360135649,0.12787119918009085
BL6-B10BR_HTxC,AV16N-CTMREEGGRALIF-AJ15_BV13-2-CASGDQGASGNTLYF-BJ1-3,single,1,0.9940302114769565,0.9881258997117086
BL6-B10BR_HTxC,AV17-CALEANSGGSNYKLTF-AJ53_BV3-CASSLRDWEYEQYF-BJ2-7,single,1,0.13066551670250198,0.041416116025023285
BL6-B10BR_HTxC,AV17-CALEGRTGANTGKLTF-AJ52_BV13-1-CASRNRGHAETLYF-BJ2-3,single,2,1.4056390622295665,1.339035952556319
BL6-B10BR_HTxC,AV17-CALEGTGNYKYVF-AJ40_BV26-CASSYRGSGNTLYF-BJ1-3,single,2,1.162692298689817,1.048480864943544
BL6-B10BR_HTxC,AV17-CALEGYGSSGNKLIF-AJ32_BV1-CTCSGQGAPEQFF-BJ2-1,single,1,1.3516441151533922,1.2105669859396582
BL6-B10BR_HTxC,AV17-CALENTGNYKYVF-AJ40_BV13-2-CASGERLDAEQFF-BJ2-1,single,1,0.7345299214394703,0.4248852852351913
BL6-B10BR_HTxC,AV17-CALENTGNYKYVF-AJ40_BV29-CASSWGQYF-BJ2-7,single,2,2.498315424142338,2.4286496766170043
BL6-B10BR_HTxC,AV17-CALGNNADAKLTF-AJ39_BV13-1-CASSILGGSYEQYF-BJ2-7,single,1,0.7578334077676067,0.4591644776235002
BL6-B10BR_HTxC,AV17-CALGNNAGAKLTF-AJ39_BV13-1-CASSDVNTEVFF-BJ1-1,single,1,0.9132829641650988,0.6193380803221713
BL6-B10BR_HTxC,AV17-CALVPDTGNCKYVF-AJ40_BV17-CASSPGQGYTGQLYF-BJ2-2,single,1,1.845627669738219,1.482342313495442
BL6-B10BR_HTxC,AV17-CALVPDTGNYKYVF-AJ40_BV1-CTCSARQGRNTEVFF-BJ1-1,single,13,0.5691264416356995,0.34141923852736755
BL6-B10BR_HTxC,AV17-CALVPDTGNYKYVF-AJ40_BV13-2-CASGDSGQAPLF-BJ1-5,single,1,0.3578430444462617,0.14466769123998025
BL6-B10BR_HTxC,AV17-CALVPDTGNYKYVF-AJ40_BV13-2-CASGERLDAEQFF-BJ2-1,single,1,0.0857426825355025,0.031023269433058605
BL6-B10BR_HTxC,AV19-CAAANTGYQNFYF-AJ49_BV17-CASSSTGGYNYAEQFF-BJ2-1,single,9,1.2995578367082916,1.0220047251093143
BL6-B10BR_HTxC,AV19-CAADSNYQLIW-AJ33_BV1-CTCSAAWGANTGQLYF-BJ2-2,single,1,0.3372900666170139,0.1798210375848123
BL6-B10BR_HTxC,AV19-CAAGAAGYQNFYF-AJ49_BV13-1-CASSQANYAEQFF-BJ2-1,single,1,0.6906950555920002,0.40534920859561635
BL6-B10BR_HTxC,AV19-CAAGAAGYQNFYF-AJ49_BV17-CASSRLGGLAEQFF-BJ2-1,single,24,0.7049719479786308,0.37166064299266294
BL6-B10BR_HTxC,AV19-CAAGAAGYQNFYF-AJ49_BV2-CASSQDRRGDTQYF-BJ2-5,single,1,0.9851717468169148,0.6896598793878492
BL6-B10BR_HTxC,AV19-CAAGAAGYQNFYY-AJ49_BV19-CASSIHSQDTQYF-BJ2-5,single,1,2.371653522439334,2.1255308820838588
BL6-B10BR_HTxC,AV19-CAAGAATGGNNKLTF-AJ56_BV3-CASSLSGADTGQLYF-BJ2-2,single,4,2.709471704273461,2.536661552214116
BL6-B10BR_HTxC,AV19-CAAGAGNYKYVF-AJ40_BV13-2-CASGEGPANSDYTF-BJ1-2,single,1,0.6449854410242977,0.32261005899407624
BL6-B10BR_HTxC,AV19-CAAGAGSYQNFYF-AJ49_BV1-CTCSADGQNTLYF-BJ2-4,single,5,0.9721321636645894,0.6127938138570257
BL6-B10BR_HTxC,AV19-CAAGAIYNQGKLIF-AJ23_BV13-3-CASSDRNTEVFF-BJ1-1,single,1,1.367043929664229,0.9414478176448874
BL6-B10BR_HTxC,AV19-CAAGASGGSNYKLTF-AJ53_BV13-3-CASSDIQDTQYF-BJ2-5,single,1,2.2783518117113117,1.835075679616054
BL6-B10BR_HTxC,AV19-CAAGATGYQN-AJ49_BV13-2-CASGGGWGTEVFF-BJ1-1,single,1,1.9308088829466856,1.4625658693614294
BL6-B10BR_HTxC,AV19-CAAGATGYQN-AJ49_BV17-CASSRLGGPYAEQFF-BJ2-1,single,1,0.590121388395226,0.2985583212640271
BL6-B10BR_HTxC,AV19-CAAGATGYQN-AJ49_BV3-CASSLGHSNTGQLYF-BJ2-2,single,1,0.7345299214394703,0.4248852852351911
BL6-B10BR_HTxC,AV19-CAAGATGYQNF-AJ49_BV13-1-CASKDTYEQYF-BJ2-7,single,1,0.3119469627751363,0.13688464548916893
BL6-B10BR_HTxC,AV19-CAAGATGYQNFNF-AJ49_BV14-CASSLRGEQYF-BJ2-7,single,1,0.8029231042898948,0.3738731468505297
BL6-B10BR_HTxC,AV19-CAAGATGYQNFY-AJ49_BV31-CAWLGGLAETLYF-BJ2-3,single,1,0.45902350173616513,0.19661986810773235
BL6-B10BR_HTxC,AV19-CAAGATGYQNFYF-AJ49_BV13-1-CASKDTYEQYF-BJ2-7,single,1,0.46708144015900344,0.23378649801834464
BL6-B10BR_HTxC,AV19-CAAGATGYQNFYF-AJ49_BV13-1-CASSDQGPYEQYF-BJ2-7,single,1,0.27790019762551116,0.1142297508131248
BL6-B10BR_HTxC,AV19-CAAGATGYQNFYF-AJ49_BV17-CASSPGQGYTGQLYF-BJ2-2,single,1,1.924174352300441,1.85982234195174
BL6-B10BR_HTxC,AV19-CAAGATGYQNFYF-AJ49_BV17-CASSRLGGPYAEQFF-BJ2-1,single,77,0.7801121431330407,0.4849833224624972
BL6-B10BR_HTxC,AV19-CAAGATGYQNFYF-AJ49_BV17-CASSRLGSSYEQYF-BJ2-7,single,19,1.1739162687949978,0.842066870408515
BL6-B10BR_HTxC,AV19-CAAGATGYQNFYF-AJ49_BV19-CASSIGRTGNTLYF-BJ1-3,single,1,1.2772018112022603,0.898801277226441
BL6-B10BR_HTxC,AV19-CAAGATGYQNFYF-AJ49_BV3-CASSSGQISNERLFF-BJ1-4,single,1,0.0,0.0
BL6-B10BR_HTxC,AV19-CAAGATGYQNFYF-AJ49_BV5-CASSKQGRANTGQLYF-BJ2-2,single,1,0.39287676248365844,0.163053524737026
BL6-B10BR_HTxC,AV19-CAAGFGGNNKLTF-AJ56_BV1-CTCSAAGGEQYF-BJ2-7,single,1,0.24256016131378189,0.09615415503071059
BL6-B10BR_HTxC,AV19-CAAGFGGNNKLTF-AJ56_BV2-CASSQDWGASAETLYF-BJ2-3,single,1,1.0,1.0
BL6-B10BR_HTxC,AV19-CAAGGDYANKMIF-AJ47_BV13-3-CASSDRGYAEQFF-BJ2-1,single,1,0.7422962534347598,0.3556643236953348
BL6-B10BR_HTxC,AV19-CAAGGGNNKLTF-AJ56_BV16-CASSLTGGAHAETLYF-BJ2-3,single,1,2.8193314888583574,2.669987881448672
BL6-B10BR_HTxC,AV19-CAAGNQGGSAKLIF-AJ57_BV1-CTCSASGGTLYF-BJ2-4,single,1,1.9182958340544896,1.84799690655495
BL6-B10BR_HTxC,AV19-CAAGNQGGSAKLIF-AJ57_BV19-CASSIAGAEQYF-BJ2-7,single,1,0.7255109011859884,0.3442974224362311
BL6-B10BR_HTxC,AV19-CAAGNQGGSAKLIF-AJ57_BV19-CASSIQGAEQFF-BJ2-1,single,1,1.6737949406953985,1.2186402864753405
BL6-B10BR_HTxC,AV19-CAAGNTGYQ-AJ49_BV3-CASSLAAVYEQYF-BJ2-7,single,1,0.5131851787372753,0.2559610235590076
BL6-B10BR_HTxC,AV19-CAAGNTGYQNFYF-AJ49_BV13-2-CASGEGPANSDYTF-BJ1-2,single,1,1.1069944266864,0.6442951510644078
BL6-B10BR_HTxC,AV19-CAAGNTGYQNFYF-AJ49_BV17-CASSRGQGSERLFF-BJ1-4,single,1,0.5425591837022011,0.24058256758421526
BL6-B10BR_HTxC,AV19-CAAGNTGYQNFYF-AJ49_BV17-CASSRLGSSYEQYF-BJ2-7,single,31,0.8924274334806601,0.572173087355346
BL6-B10BR_HTxC,AV19-CAAGNTGYQNFYF-AJ49_BV3-CASSLSSYEQYF-BJ2-7,single,1,0.20972704536846148,0.07335192498117073
BL6-B10BR_HTxC,AV19-CAAGPMATGGNNKLTF-AJ56_BV19-CASSINRVTGQLYF-BJ2-2,single,1,1.2567796494470393,0.9023892033735783
BL6-B10BR_HTxC,AV19-CAAGPPSNTNKVVF-AJ34_BV13-3-CASSERTEVFF-BJ1-1,single,1,0.583584486987073,0.27020606123604873
BL6-B10BR_HTxC,AV19-CAAGQGGSAKLIF-AJ57_BV1-CTCSGRLGEGAETLYF-BJ2-3,single,1,2.0936850772209787,2.0301199883763354
BL6-B10BR_HTxC,AV19-CAAGTEGADRLTF-AJ45_BV13-3-CASSDPRDTLYF-BJ2-4,single,2,3.141279437500379,2.8581245939334945
BL6-B10BR_HTxC,AV19-CAAGVDSNYQLIW-AJ33_BV1-CTCSAGTQNTGQLYF-BJ2-2,single,1,0.0,0.0
BL6-B10BR_HTxC,AV19-CAAGYTGYQNFYF-AJ49_BV17-CASSRLGGGTGQLYF-BJ2-2,single,1,1.823067982273661,1.7094098716456447
BL6-B10BR_HTxC,AV19-CAAGYTGYQNFYF-AJ49_BV3-CASSLAAVYEQYF-BJ2-7,single,1,1.0750886860641322,0.673259173947953
BL6-B10BR_HTxC,AV19-CAAREGAKLTF-AJ39_BV16-CASSLGWGASAETLYF-BJ2-3,single,2,1.315206330436999,1.111196210668224
BL6-B10BR_HTxC,AV19-CAARTGYQNFYF-AJ49_BV14-CASSRDHAETLYF-BJ2-3,single,1,1.9182958340544893,1.84799690655495
BL6-B10BR_HTxC,AV19-CAASMDYANKMIF-AJ47_BV23-CSSSHWENQDTQYF-BJ2-5,single,1,0.7642045065086203,0.6119295483214255
BL6-B10BR_HTxC,AV19-CAASSGSWQLIF-AJ22_BV13-3-CASSDIRGTSQNTLYF-BJ2-4,single,3,1.443176866748078,1.1005653420676331
BL6-B10BR_HTxC,AV19-CAASSGSWQLIF-AJ22_BV14-CASSLRGEQYF-BJ2-7,single,1,1.248778124459133,0.775998325801895
BL6-B10BR_HTxC,AV19-CASNTGYQNFYF-AJ49_BV13-2-CASKDTYEQYF-BJ2-7,single,1,0.4559349961877619,0.18284878909767738
BL6-B10BR_HTxC,AV19-CASNTGYQNFYF-AJ49_BV31-CAWSARGDTQYF-BJ2-5,single,8,0.3697047988269584,0.16754818051373888
BL6-B10BR_HTxC,AV2-CIVAVSGGNYKSTF-AJ6_BV13-2-CASGGGWNTEVFF-BJ1-1,single,1,1.1567796494470395,0.8889686876112564
BL6-B10BR_HTxC,AV2-CIVTDNSNNRIFF-AJ31_BV20-CGARLGGDTQYF-BJ2-5,single,3,0.5657407483608665,0.27920856059006244
BL6-B10BR_HTxC,AV2-CIVTDNSNNRIFF-AJ31_BV20-CGARTGGGSDYTF-BJ1-2,single,1,0.6509732840987558,0.2818515349598641
BL6-B10BR_HTxC,AV2-CIVTDSDTNAYKVIF-AJ30_BV16-CASSFGTGSEQYF-BJ2-7,single,2,1.9066168814755708,1.6692054556105855
BL6-B10BR_HTxC,AV2-CIVTDTMNYNQGKLIF-AJ23_BV13-1-CASSDRDERLFF-BJ1-4,single,1,2.8718553783286667,2.4329594072761065
BL6-B10BR_HTxC,AV2-CIVTDYDTNAYKVIF-AJ30_BV3-CASSLNNNQDTQYF-BJ2-5,single,1,1.322095273796567,1.129510732996404
BL6-B10BR_HTxC,AV2-CIVTVSGGNYKPTF-AJ6_BV1-CTCSADQDERLFF-BJ1-4,single,1,2.608694969562842,2.4344028241457747
BL6-B10BR_HTxC,AV2-CIVTVSGGNYKPTF-AJ6_BV13-1-CASSDGVHYAEQFF-BJ2-1,single,1,1.0501869564722017,0.5464488470385086
BL6-B10BR_HTxC,AV2-CIVTVSGGNYKPTF-AJ6_BV13-1-CASSDRDTQAPLF-BJ1-5,single,59,0.9121087481948921,0.5602894626003756
BL6-B10BR_HTxC,AV2-CIVTVSGGNYKPTF-AJ6_BV13-2-CASGDQGASGNTLYF-BJ1-3,single,2,0.792159449067716,0.6320217882882755
BL6-B10BR_HTxC,AV2-CIVTVSGGNYKPTF-AJ6_BV13-3-CASSERVNQDTQYF-BJ2-5,single,1,1.1464834066027543,0.6916467625784444
BL6-B10BR_HTxC,AV2-CIVTVSGGNYKPTF-AJ6_BV14-CASSLRGEQYF-BJ2-7,single,1,1.4813741541245409,1.1600719747058905
BL6-B10BR_HTxC,AV2-CIVTVSGGNYKPTF-AJ6_BV16-CASSLNTGQLYF-BJ2-2,single,1,1.335331859829825,0.7518238037496656
BL6-B10BR_HTxC,AV2-CIVTVSGGNYKPTF-AJ6_BV17-CASSRDRGYTLYF-BJ2-4,single,1,1.923552309021225,1.3553544489138378
BL6-B10BR_HTxC,AV2-CIVTVSGGNYKPTF-AJ6_BV3-CASSLGVDTQYF-BJ2-5,single,1,0.8363460778334477,0.4001386228995053
BL6-B10BR_HTxC,AV2-CIVTVSGGNYKPTF-AJ6_BV3-CASSSGQISNERLFF-BJ1-4,single,1,0.46095876665140945,0.19165095637157378
BL6-B10BR_HTxC,AV2-CIVTVSGGNYKPTF-AJ6_BV5-CASSPDRGDERLFF-BJ1-4,single,1,2.1150519829827434,1.5457564184616692
BL6-B10BR_HTxC,AV20-CAPPTGGNNKLTF-AJ56_BV17-CASSRLGGPYAEQFF-BJ2-1,single,1,1.3244602933016414,0.9556058806415466
BL6-B10BR_HTxC,AV21/DV12-CILRTMAYRRDTDKLVF-DJ1_BV3-CASSSGQISNERLFF-BJ1-4,single,1,1.5141859576379553,1.0256175341792697
BL6-B10BR_HTxC,AV21/DV12-CILRVAQGGSAKLIF-AJ57_BV13-1-CASSDAGQYAEQFF-BJ2-1,single,1,1.9211854965885542,1.6147098441152081
BL6-B10BR_HTxC,AV21/DV12-CILRVAQGGSAKLIF-AJ57_BV3-CASSLGVEQYF-BJ2-7,single,1,0.9182958340544896,0.84799690655495
BL6-B10BR_HTxC,AV21/DV12-CILSEGADRLTF-AJ45_BV3-CASSLRHYTEVFF-BJ1-1,single,1,0.49191396703038603,0.20254107605634114
BL6-B10BR_HTxC,AV3-1-CAAASSGSWQLIF-AJ22_BV13-1-CASGWGDTQYF-BJ2-5,single,1,1.5487290032420455,1.1625830261011443
BL6-B10BR_HTxC,AV3-1-CAVRGGSGGKLTL-AJ44_BV13-3-CASSGGPTGQLYF-BJ2-2,single,1,1.9182958340544896,1.84799690655495
BL6-B10BR_HTxC,AV3-1-CAVSAGNMGYKLTF-AJ9_BV15-CASSLTGVHSDYTF-BJ1-2,single,1,1.570950594454669,1.2515387669959646
BL6-B10BR_HTxC,AV3-1-CAVSARTNKVVF-AJ34_BV13-1-CASKDTYEQYF-BJ2-7,single,1,1.8895782867502309,1.3978229439266443
BL6-B10BR_HTxC,AV3-1-CAVSARTNKVVF-AJ34_BV13-1-CASSDARVTEVFF-BJ1-1,single,1,3.389728605852058,3.252942597843298
BL6-B10BR_HTxC,AV3-1-CAVSARTNKVVF-AJ34_BV13-2-CASGDRGGNTEVFF-BJ1-1,single,13,0.8264252508395642,0.48707854103159465
BL6-B10BR_HTxC,AV3-1-CAVSARTNKVVF-AJ34_BV13-2-CASGPGGQNTLYF-BJ2-4,single,1,1.5744840259868735,1.3271920388487934
BL6-B10BR_HTxC,AV3-1-CAVSARTNKVVF-AJ34_BV13-3-CASSERVNQDTQYF-BJ2-5,single,1,0.6784070909375675,0.3853458143420387
BL6-B10BR_HTxC,AV3-1-CAVSARTNKVVF-AJ34_BV3-CASSLSSYEQYF-BJ2-7,single,1,0.17310575359108785,0.06395307471778595
BL6-B10BR_HTxC,AV3-1-CAVSARTNKVVS-AJ34_BV12-1-CASSDWGGAEQFF-BJ2-1,single,1,2.185545171166629,1.784271308944563
BL6-B10BR_HTxC,AV3-1-CAVSAYNYAQGLTF-AJ26_BV1-CTCSFGQGANERLFF-BJ1-4,single,1,0.41381685030363374,0.2391876638794263
BL6-B10BR_HTxC,AV3-1-CAVSEGYSNNRLTL-AJ7_BV1-CTCSADNQNTLYF-BJ2-4,single,1,2.2516291673878226,2.169925001442312
BL6-B10BR_HTxC,AV3-1-CAVSGGYKVVF-AJ12_BV13-1-CASSEGTENTLYF-BJ1-3,single,2,1.6829283700803175,1.3733058657518746
BL6-B10BR_HTxC,AV3-1-CAVSGGYKVVF-AJ12_BV14-CASSLRGEQYF-BJ2-7,single,1,0.8828597725911205,0.48843244292586124
BL6-B10BR_HTxC,AV3-1-CAVSTRTNKVVF-AJ34_BV13-2-CASGDRGGNTEVFF-BJ1-1,single,1,0.9945637531514427,0.5286099170546479
BL6-B10BR_HTxC,AV3-1-CAVSVNYAQGLT-AJ26_BV3-CASSLAAVYEQYF-BJ2-7,single,1,0.10106696361212415,0.03796118957247119
BL6-B10BR_HTxC,AV3-1-CAVSVNYAQGLTF-AJ26_BV13-1-CASKDTYEQYF-BJ2-7,single,1,1.3633800759802648,0.9881258997117083
BL6-B10BR_HTxC,AV3-1-CAVSVNYAQGLTF-AJ26_BV13-1-CASSETGVSSYEQYF-BJ2-7,single,1,0.6402064333604701,0.34837719520976373
BL6-B10BR_HTxC,AV3-1-CAVSVNYAQGLTF-AJ26_BV13-2-CASGDQGASGNTLYF-BJ1-3,single,2,0.2110601144183193,0.07725344938831942
BL6-B10BR_HTxC,AV3-1-CAVSVNYAQGLTF-AJ26_BV13-3-CASSERTEVFF-BJ1-1,single,1,0.0,0.0
BL6-B10BR_HTxC,AV3-1-CAVSVNYAQGLTF-AJ26_BV17-CASSPGQGYTGQLYF-BJ2-2,single,1,1.295461844238322,1.120294233717712
BL6-B10BR_HTxC,AV3-1-CAVSVNYAQGLTF-AJ26_BV19-CASSIGTKQYF-BJ2-7,single,1,2.1556390622295662,2.0
BL6-B10BR_HTxC,AV3-1-CAVSVNYAQGLTF-AJ26_BV3-CASSLSSYEQYF-BJ2-7,single,1,0.6670730006443817,0.4065984188743529
BL6-B10BR_HTxC,AV3-1-CAVSVNYAQGLTF-AJ26_BV3-CASSLSTGNSDYTF-BJ1-2,single,1,1.07622864835582,0.6280312226130426
BL6-B10BR_HTxC,AV3-1-CAVSVNYAQGLTF-AJ26_BV3-CASSSGPNYEQYF-BJ2-7,single,1,0.4010784001874016,0.18659330064161087
BL6-B10BR_HTxC,AV3-1-CAVSVNYAQGLTF-AJ26_BV3-CASSSGQISNERLFF-BJ1-4,single,1,0.37123232664087563,0.20531890797750652
BL6-B10BR_HTxC,AV3-1-CAVSVNYAQGLTF-AJ26_BV31-CAWSPGQQAPLF-BJ1-5,single,32,0.5958912241628201,0.35445615358821564
BL6-B10BR_HTxC,AV3-1-CAVSVTNSAGNKLTF-AJ17_BV5-CASSPDRGDERLFF-BJ1-4,single,1,0.0,0.0
BL6-B10BR_HTxC,AV3-1-CAVTASSGSWQLIF-AJ22_BV3-CASSLSSYEQYF-BJ2-7,single,1,0.20856366182751823,0.07958260780271084
BL6-B10BR_HTxC,AV3-1-CAVTASSGSWQLIF-AJ22_BV4-CASSYSTEVFF-BJ1-1,single,25,0.48790753900702405,0.23521422508370393
BL6-B10BR_HTxC,AV3-3-CATMDSNYQLIR-AJ33_BV19-CASRTGQYNSPLYF-BJ1-6,single,1,1.3256167917569774,0.9577387755284191
BL6-B10BR_HTxC,AV3-3-CAVESSGSWQLIF-AJ22_BV13-2-CASGGGREQYF-BJ2-7,single,1,1.0,1.0
BL6-B10BR_HTxC,AV3-3-CAVKNTGNYKYVF-AJ40_BV13-3-CASSDRAEVFF-BJ1-1,single,1,1.8423709931771084,1.7078192485066899
BL6-B10BR_HTxC,AV3-3-CAVPGSALGRLHF-AJ18_BV15-CASSLQGGNSDYTF-BJ1-2,single,2,0.792481250360578,0.7924812503605781
BL6-B10BR_HTxC,AV3-3-CAVRIYANKMIF-AJ47_BV13-1-CASSDAGQYAEQFF-BJ2-1,single,2,0.5754806519804878,0.3137449838036112
BL6-B10BR_HTxC,AV3-3-CAVRMDYANKMIF-AJ47_BV26-CASSRDRVYEQYF-BJ2-7,single,4,1.4369802537255318,1.081138667544507
BL6-B10BR_HTxC,AV3-3-CAVRNNAGAKLTF-AJ39_BV19-CASSRLGLYEQYF-BJ2-7,single,6,2.0433950923721262,1.7890358661774233
BL6-B10BR_HTxC,AV3-3-CAVRNNYAQGLTF-AJ26_BV13-2-CASGDYYEQYF-BJ2-7,single,1,0.5087436501735252,0.23388806017427743
BL6-B10BR_HTxC,AV3-3-CAVRQGGRALIF-AJ15_BV13-3-CASSDYGQDTQYF-BJ2-5,single,1,1.0476649152779747,0.5729189283517109
BL6-B10BR_HTxC,AV3-3-CAVRSNTGANTGKLTF-AJ52_BV13-3-CASRGGNYAEQFF-BJ2-1,single,1,2.223053169162737,1.9851011236206617
BL6-B10BR_HTxC,AV3-3-CAVSAGYQNFYF-AJ49_BV19-CASSIDNRETEQFF-BJ2-1,single,1,1.9219280948873623,1.8365012677171204
BL6-B10BR_HTxC,AV3-3-CAVSANTEGADRLTF-AJ45_BV13-3-CASSDWGGADTQYF-BJ2-5,single,1,2.2516291673878226,2.1699250014423126
BL6-B10BR_HTxC,AV3-3-CAVSANTGYQNFYF-AJ49_BV5-CASSQGGRYAEQFF-BJ2-1,single,2,1.1952458201097458,1.1080020466869502
BL6-B10BR_HTxC,AV3-3-CAVSASNNAGAKLTF-AJ39_BV17-CASSPGQGYTGQLYF-BJ2-2,single,1,2.6612262562697895,2.5428984411546116
BL6-B10BR_HTxC,AV3-3-CAVSASNNAGAKLTF-AJ39_BV3-CASSLGVEQYF-BJ2-7,single,1,1.96577067413792,1.5260688116675878
BL6-B10BR_HTxC,AV3-3-CAVSASNNAGAKLTF-AJ39_BV31-CAWLGGLAETPYF-BJ2-3,single,1,0.8180959929710641,0.4314880200594379
BL6-B10BR_HTxC,AV3-3-CAVSASNNAGAKLTF-AJ39_BV4-CASSWTGSYNSPLYF-BJ1-6,single,1,0.5689955935892812,0.295128035543647
BL6-B10BR_HTxC,AV3-3-CAVSASNNAGAKLTF-AJ39_BV5-CASSPDRGDERLFF-BJ1-4,single,60,1.5339796790715317,1.376994294026838
BL6-B10BR_HTxC,AV3-3-CAVSASNNTGAKLTF-AJ39_BV5-CASSPDRGDERLFF-BJ1-4,single,1,1.0,1.0
BL6-B10BR_HTxC,AV3-3-CAVSASNNVGAKLTF-AJ39_BV2-CASSQDRRGDTQYF-BJ2-5,single,1,0.7219280948873623,0.5563933485243849
BL6-B10BR_HTxC,AV3-3-CAVSASSGSWQLIF-AJ22_BV13-1-CASKDTNNQAPLF-BJ1-5,single,2,0.299977842164594,0.10693934930786186
BL6-B10BR_HTxC,AV3-3-CAVSASSSFSKLVF-AJ50_BV5-CASSQGERYAEQFF-BJ2-1,single,1,2.2359263506290326,2.155278225477911
BL6-B10BR_HTxC,AV3-3-CAVSATTNYGNEKITF-AJ48_BV13-1-CASSDLGGDTQYF-BJ2-5,single,16,1.2783518341171431,0.9873617159956075
BL6-B10BR_HTxC,AV3-3-CAVSATTNYGNEKITF-AJ48_BV3-CASSSGPNYEQYF-BJ2-7,single,1,0.7914901727865695,0.4099028669455254
BL6-B10BR_HTxC,AV3-3-CAVSDSNYQLIW-AJ33_BV2-CASSPRDWGDTQYF-BJ2-5,single,2,0.26957694567433144,0.1343571398914776
BL6-B10BR_HTxC,AV3-3-CAVSDTNAYKVIF-AJ30_BV1-CTCSQDWGGSAETLYF-BJ2-3,single,1,2.2464393446710154,2.184424571137427
BL6-B10BR_HTxC,AV3-3-CAVSGNNNAPRF-AJ43_BV2-CASSQLEQDTQYF-BJ2-5,single,1,2.411602217974672,2.2715964193372176
BL6-B10BR_HTxC,AV3-3-CAVSGTEGADRLTF-AJ45_BV1-CTCSADWGGTEVFF-BJ1-1,single,1,2.25,2.192645077942396
BL6-B10BR_HTxC,AV3-3-CAVSNNNNAPRF-AJ43_BV1-CTCSALGGDTQYF-BJ2-5,single,2,1.4085387696043241,1.0908554579100114
BL6-B10BR_HTxC,AV3-3-CAVSNNNNAPRF-AJ43_BV1-CTCSGLGGDTQYF-BJ2-5,single,1,1.4699650615516926,1.0201630393197065
BL6-B10BR_HTxC,AV3-3-CAVSSYGSSGNKLIF-AJ32_BV5-CASSPDRSNERLFF-BJ1-4,single,5,1.249714601396543,0.8945658764373944
BL6-B10BR_HTxC,AV3-3-CAVSVASSFSKLVF-AJ50_BV5-CASSQDRYAEQFF-BJ2-1,single,3,1.422295741807283,1.0288082152898406
BL6-B10BR_HTxC,AV3-3-CAVSVNTGYQNFYF-AJ49_BV5-CASSPPGRYAEQFF-BJ2-1,single,2,0.20937141372916332,0.0797590873704967
BL6-B10BR_HTxC,AV3-3-CAVSVNYAQG-AJ26_BV3-CASSLGVDTQYF-BJ2-5,single,1,0.12565805017256743,0.04973798745196511
BL6-B10BR_HTxC,AV3-3-CAVSYDTNAYKVIF-AJ30_BV1-CTCSAVNQDTQYF-BJ2-5,single,3,1.165234038968945,0.9254020744956466
BL6-B10BR_HTxC,AV3-3-CAVSYDTNAYKVIF-AJ30_BV13-2-CASWGGFDTQYF-BJ2-5,single,1,1.431019685865786,0.8756718649977983
BL6-B10BR_HTxC,AV3-4-CAAFTGYQNFYF-AJ49_BV1-CTCSGDRVKAPLF-BJ1-5,single,2,2.623894214241818,2.42361310605713
BL6-B10BR_HTxC,AV3-4-CAVRNYGNEKITF-AJ48_BV15-CASSFLSYEQYF-BJ2-7,single,1,1.0,1.0
BL6-B10BR_HTxC,AV3-4-CAVSAGGNNKLTF-AJ56_BV29-CASSRDNQDTQYF-BJ2-5,single,2,1.019460297515797,0.8070544231903363
BL6-B10BR_HTxC,AV3-4-CAVSAGGNNKLTF-AJ56_BV3-CASSSGQISNERLFF-BJ1-4,single,1,2.4864580716281224,2.061029433397559
BL6-B10BR_HTxC,AV3-4-CAVSAGNNKLTF-AJ56_BV12-1-CASSLGTGGYEQYF-BJ2-7,single,1,0.7416847557897408,0.3755091350922061
BL6-B10BR_HTxC,AV3-4-CAVSAGNNKLTF-AJ56_BV13-2-CASGDAQGQNTLYF-BJ2-4,single,5,1.6335411911375375,1.3775828709111648
BL6-B10BR_HTxC,AV3-4-CAVSAGNNKLTF-AJ56_BV3-CASSLGLDTQYF-BJ2-5,single,1,0.5435592737915103,0.25527124173148835
BL6-B10BR_HTxC,AV3-4-CAVSARGSNAK-AJ42_BV14-CASSLRGEQYF-BJ2-7,single,1,1.1488348542809166,0.8598223419517396
BL6-B10BR_HTxC,AV3-4-CAVSARGSNAKLTF-AJ42_BV13-3-CASSGTGGTGQLYF-BJ2-2,single,1,1.8464393446710154,1.7369655941662059
BL6-B10BR_HTxC,AV3-4-CAVSARGSNAKLTF-AJ42_BV3-CASSLSINQDTQYF-BJ2-5,single,1,1.3244602933016414,0.9556058806415466
BL6-B10BR_HTxC,AV3-4-CAVSASGSWQLIF-AJ22_BV19-CASSPGHYSGNTLYF-BJ1-3,single,1,1.4591479170272448,1.3625700793847082
BL6-B10BR_HTxC,AV3-4-CAVSNNRIFF-AJ31_BV1-CTCSAGGYAEQFF-BJ2-1,single,1,1.789929075309999,1.6334610184123461
BL6-B10BR_HTxC,AV3-4-CAVSPSQGGSAKLIF-AJ57_BV13-3-CASSDGDWGYEQYF-BJ2-7,single,1,0.9217544759335055,0.5378942470643775
BL6-B10BR_HTxC,AV3-4-CAVWNSGGSNYKLTF-AJ53_BV17-CASSRGTGGYEQYF-BJ2-7,single,1,1.691141418009583,1.1340928955872829
BL6-B10BR_HTxC,AV3D-3-CAVKDYNQGKLIF-AJ23_BV3-CASSLAREYEQYF-BJ2-7,single,1,0.41922997931767714,0.16509743179771558
BL6-B10BR_HTxC,AV3D-3-CAVKDYNQGKLIF-AJ23_BV3-CASSSGPNYEQYF-BJ2-7,single,1,1.4345491399952024,0.9142701259741166
BL6-B10BR_HTxC,AV3D-3-CAVLSSGSWQLIF-AJ22_BV13-1-CASSEGGNYAEQFF-BJ2-1,single,1,1.1400677626718572,0.7237145706683499
BL6-B10BR_HTxC,AV3D-3-CAVNQGGRALIF-AJ15_BV1-CTCSADGGNYAEQFF-BJ2-1,single,1,2.005977711423774,1.8073549220576042
BL6-B10BR_HTxC,AV3D-3-CAVPDSGYNKLT-AJ11_BV13-3-CASSDRNTGQLYF-BJ2-2,single,1,1.9015064025015063,1.6671310423019825
BL6-B10BR_HTxC,AV3D-3-CAVPSNTGYQNFYF-AJ49_BV13-1-CASSDARDTEVFF-BJ1-1,single,1,3.2496128691028447,2.828097349117245
BL6-B10BR_HTxC,AV3D-3-CAVRASSGQKLVF-AJ16_BV13-1-CASSDVNTEVFF-BJ1-1,single,1,0.12068101401352381,0.047292790935492005
BL6-B10BR_HTxC,AV3D-3-CAVRGDTNAYKVIF-AJ30_BV5-CASSHNWGAYEQYF-BJ2-7,single,1,1.6644977792004614,1.3667823306716225
BL6-B10BR_HTxC,AV3D-3-CAVRGLPGTGSNRLTF-AJ28_BV1-CTCSAVRYAEQFF-BJ2-1,single,1,1.49692754611459,1.2801079191927351
BL6-B10BR_HTxC,AV3D-3-CAVRGNYNQGKLIF-AJ23_BV13-2-CASGGANTEVFF-BJ1-1,single,1,0.8346310988540099,0.5139292562643316
BL6-B10BR_HTxC,AV3D-3-CAVRGNYNQGKLIF-AJ23_BV3-CASSTGQISNERLFF-BJ1-4,single,1,0.2580186686648155,0.12528297503953556
BL6-B10BR_HTxC,AV3D-3-CAVRNTGYQNFYF-AJ49_BV13-2-CASGDATGSNERLFF-BJ1-4,single,2,1.7508145836939115,1.596322538971198
BL6-B10BR_HTxC,AV3D-3-CAVRPSSGQKLVF-AJ16_BV1-CTCKTGSQNTLYF-BJ2-4,single,1,1.2615444195758785,0.8987502070195846
BL6-B10BR_HTxC,AV3D-3-CAVRRSNNRIFF-AJ31_BV1-CTCSAVRISYNSPLYF-BJ1-6,single,1,1.617189572592715,1.3642743855969575
BL6-B10BR_HTxC,AV3D-3-CAVRRSNNRIFF-AJ31_BV5-CASSQEGVSQNTLYF-BJ2-4,single,1,2.5055872616982606,2.456229186598953
BL6-B10BR_HTxC,AV3D-3-CAVRSNTNKVVF-AJ34_BV13-1-CASSDWGENTLYF-BJ2-4,single,1,2.363865121950854,2.1844245711374275
BL6-B10BR_HTxC,AV3D-3-CAVSAANSAGNKLTF-AJ17_BV5-CASSRDRGDERLFF-BJ1-4,single,1,1.5487949406953985,1.1926450779423958
BL6-B10BR_HTxC,AV3D-3-CAVSADTNTGKLTF-AJ27_BV13-1-CASSELGGDTQYF-BJ2-5,single,1,1.028505029902988,0.5183035576305219
BL6-B10BR_HTxC,AV3D-3-CAVSAGNMGYKLTF-AJ9_BV2-CASSQETGYEQYF-BJ2-7,single,1,2.5,2.415037499278844
BL6-B10BR_HTxC,AV3D-3-CAVSAGSNTNKVVF-AJ34_BV1-CTCSVGTGGSTGQLYF-BJ2-2,single,1,1.744842531753244,1.4818690077570527
BL6-B10BR_HTxC,AV3D-3-CAVSAGSNTNKVVF-AJ34_BV13-2-CASGGGWNTEVFF-BJ1-1,single,1,1.5878550986902822,1.12491837464188
BL6-B10BR_HTxC,AV3D-3-CAVSAGSNTNKVVF-AJ34_BV29-CASSLLRVAEQFF-BJ2-1,single,1,1.2776134368191154,0.8527740468168222
BL6-B10BR_HTxC,AV3D-3-CAVSAGSNTNKVVF-AJ34_BV31-CAWSPWTGTEVFF-BJ1-1,single,19,0.8961704735315594,0.5553675057260193
BL6-B10BR_HTxC,AV3D-3-CAVSANSNNRLTL-AJ7_BV13-2-CASGEGNNQDTQYF-BJ2-5,single,1,2.1180782093497093,1.964666926887719
BL6-B10BR_HTxC,AV3D-3-CAVSASSGSWQLIF-AJ22_BV5-CASSPDRGDERLFF-BJ1-4,single,1,2.2359263506290326,2.155278225477911
BL6-B10BR_HTxC,AV3D-3-CAVSDDTNAYKVIF-AJ30_BV19-CASSPSGGAEQFF-BJ2-1,single,1,1.159578304262084,0.7144333808138441
BL6-B10BR_HTxC,AV3D-3-CAVSDDTNAYKVIF-AJ30_BV19-CASSTAGGAEQYF-BJ2-7,single,2,0.0,0.0
BL6-B10BR_HTxC,AV3D-3-CAVSDQGGRALIF-AJ15_BV13-1-CASSAGTGRNAETLYF-BJ2-3,single,1,1.0,1.0
BL6-B10BR_HTxC,AV3D-3-CAVSEEANYNVLYF-AJ21_BV2-CASSQDRRYAEQFF-BJ2-1,single,1,0.6500224216483541,0.46948528330122
BL6-B10BR_HTxC,AV3D-3-CAVSEGSNNRIFF-AJ31_BV1-CTCSADRTSSAETLYF-BJ2-3,single,3,2.1553688542380915,1.8682428054765772
BL6-B10BR_HTxC,AV3D-3-CAVSEGTQVVGQLTF-AJ5_BV5-CASSQDWGNTLYF-BJ2-4,single,1,1.9182958340544896,1.84799690655495
BL6-B10BR_HTxC,AV3D-3-CAVSEYYANKMIF-AJ47_BV19-CASSILGGAEQFF-BJ2-1,single,1,0.0,0.0
BL6-B10BR_HTxC,AV3D-3-CAVSGGNYKYVF-AJ40_BV1-CTCSAVRVGNTLYF-BJ1-3,single,1,0.8658566174572235,0.5438238059276697
BL6-B10BR_HTxC,AV3D-3-CAVSGGNYKYVF-AJ40_BV14-CASSLRGEQYF-BJ2-7,single,2,0.5907411608234799,0.2664684309870666
BL6-B10BR_HTxC,AV3D-3-CAVSGGNYKYVF-AJ40_BV17-CASSPGQGYTGQLYF-BJ2-2,single,1,2.197159723424149,1.8804183842473277
BL6-B10BR_HTxC,AV3D-3-CAVSGGNYKYVF-AJ40_BV31-CAWLGGLAETLYF-BJ2-3,single,1,0.32744491915447627,0.17266872938773947
BL6-B10BR_HTxC,AV3D-3-CAVSGTNSAGNKLT-AJ17_BV13-1-CASSEQGGYEQYF-BJ2-7,single,1,0.0,0.0
BL6-B10BR_HTxC,AV3D-3-CAVSGTNSAGNKLT-AJ17_BV13-3-CASSEKGREQYF-BJ2-7,single,1,1.3787834934861753,1.222392421336448
BL6-B10BR_HTxC,AV3D-3-CAVSGTNSAGNKLTF-AJ17_BV5-CASSPDRGDERLFF-BJ1-4,single,2,0.9591479170272448,0.923998453277475
BL6-B10BR_HTxC,AV3D-3-CAVSNNNNAPRF-AJ43_BV1-CTCSALGGDTQYF-BJ2-5,single,4,1.6780615064531625,1.4547950893635986
BL6-B10BR_HTxC,AV3D-3-CAVSSNTGYQNFYF-AJ49_BV1-CTCSADRGVNSPLYF-BJ1-6,single,1,1.3709505944546687,1.1844245711374273
BL6-B10BR_HTxC,AV3D-3-CAVSSNTGYQNFYF-AJ49_BV5-CASSQGGRYAEQFF-BJ2-1,single,2,1.4038889841813322,1.240201324153132
BL6-B10BR_HTxC,AV3D-3-CAVSSSGGSNAKLTF-AJ42_BV13-1-CASKDTYEQYF-BJ2-7,single,1,1.3778903318832145,1.0230836131130414
BL6-B10BR_HTxC,AV3D-3-CAVSVTNSAGNKLTF-AJ17_BV1-CTCSADWGNYAEQFF-BJ2-1,single,1,1.1488348542809166,0.8598223419517396
BL6-B10BR_HTxC,AV3D-3-CAVSVTNSAGNKLTF-AJ17_BV5-CASSPDRGDERLFF-BJ1-4,single,6,1.3173623223203144,1.1958203134161527
BL6-B10BR_HTxC,AV3D-3-CAVTSNYNVLYF-AJ21_BV17-CASRPGTGHEQYF-BJ2-7,single,2,2.3206113102771706,2.241246600917918
BL6-B10BR_HTxC,AV3D-3-CAVTSSGSWQLIF-AJ22_BV13-1-CASSAADAEVFF-BJ1-1,single,1,0.19767797499413944,0.07444994915988125
BL6-B10BR_HTxC,AV4-2-CAVEGTGGYKVVF-AJ12_BV3-CASSQGQISNERLFF-BJ1-4,single,1,0.4804334574529622,0.23775447439233294
BL6-B10BR_HTxC,AV4-3-CAAASSGSWQLIF-AJ22_BV2-CASSQDRRGDTQYF-BJ2-5,single,1,1.4488156357251847,1.3667823306716227
BL6-B10BR_HTxC,AV4-3-CAADAPRF-AJ43_BV31-CAWLGGLAETLYF-BJ2-3,single,1,0.547553154980007,0.284511130760292
BL6-B10BR_HTxC,AV4-3-CAADSGGSNAKLTF-AJ42_BV14-CASSLGYEQYF-BJ2-7,single,1,2.90227242411472,2.7087202759373863
BL6-B10BR_HTxC,AV4-3-CAADTNAYKVIF-AJ30_BV13-1-CASSAGNYAEQFF-BJ2-1,single,1,2.129567987418323,1.605070074169731
BL6-B10BR_HTxC,AV4-3-CAADTNAYKVIF-AJ30_BV13-2-CASGGGWNTEVFF-BJ1-1,single,1,1.626688849701832,1.1552782254779108
BL6-B10BR_HTxC,AV4-3-CAADTNAYKVIF-AJ30_BV29-CASSQDNNQAPCW-BJ1-5,single,1,1.4793852096543112,0.833817971385189
BL6-B10BR_HTxC,AV4-3-CAADTNAYKVIF-AJ30_BV29-CASSQDNNQAPLF-BJ1-5,single,1,0.26676498780302604,0.13096067788316265
BL6-B10BR_HTxC,AV4-3-CAAEAGYGNEKITF-AJ48_BV3-CASSPGQISNERLFF-BJ1-4,single,1,1.1998918734198725,0.8173077024838097
BL6-B10BR_HTxC,AV4-3-CAAEASSGSWQLIF-AJ22_BV1-CTCSAVRVDTEVFF-BJ1-1,single,1,2.469508336839199,2.2630344058337934
BL6-B10BR_HTxC,AV4-3-CAAEASTGNYKYVF-AJ40_BV13-2-CASGDQGASGNTLYF-BJ1-3,single,1,0.23460175072642664,0.07588856450283427
BL6-B10BR_HTxC,AV4-3-CAAEASTGNYKYVF-AJ40_BV17-CASSPGQGYTGQLYF-BJ2-2,single,2,2.0987499213460263,1.8676247409452933
BL6-B10BR_HTxC,AV4-3-CAAEASTGNYKYVF-AJ40_BV19-CASSIAGAEQYF-BJ2-7,single,1,1.7609640474436812,1.5563933485243853
BL6-B10BR_HTxC,AV4-3-CAAEASTGNYKYVF-AJ40_BV3-CASSLGQISNERLFF-BJ1-4,single,1,1.0949143184120975,0.8333501305905487
BL6-B10BR_HTxC,AV4-3-CAAEASTGNYKYVF-AJ40_BV3-CASSLVQVTEVFF-BJ1-1,single,17,1.521630111999853,1.2115296867005498
BL6-B10BR_HTxC,AV4-3-CAAEASTGNYKYVF-AJ40_BV31-CAWLGGLAETLYF-BJ2-3,single,1,0.24505290135165403,0.08573239993011735
BL6-B10BR_HTxC,AV4-3-CAAEDTNAYKVIF-AJ30_BV13-2-CASGDDRQFF-BJ2-1,single,1,0.9709505944546686,0.9434164716336325
BL6-B10BR_HTxC,AV4-3-CAAEPNAYKVIF-AJ30_BV13-2-CASGDGTGGIEQYF-BJ2-7,single,1,1.0476747992754052,0.5613112326565106
BL6-B10BR_HTxC,AV4-3-CAAEVPGYQNFYF-AJ49_BV3-CASSPDWGQDTQYF-BJ2-5,single,1,1.2691740768840316,0.914424268293926
BL6-B10BR_HTxC,AV4-3-CAALMDSNYQLIW-AJ33_BV17-CASSPGTYNSPLYF-BJ1-6,single,3,2.066218601883638,1.8611697565442968
BL6-B10BR_HTxC,AV4-3-CAAPDTNAYKVIF-AJ30_BV29-CASSAGTGNSPLYF-BJ1-6,single,1,0.0,0.0
BL6-B10BR_HTxC,AV4-3-CAAPLNTGNYKYVF-AJ40_BV19-CASSIVGYAEQFF-BJ2-1,single,2,1.3751687186946397,1.028144565423272
BL6-B10BR_HTxC,AV4-4/DV10-CAAATGYQNFYF-AJ49_BV29-CASSSGVNSDYTF-BJ1-2,single,1,1.5566567074628228,1.527247002864869
BL6-B10BR_HTxC,AV4-4/DV10-CAAEANDNNAPRF-AJ43_BV3-CASSHGQISNERLFF-BJ1-4,single,1,1.3567796494470397,0.9434164716336328
BL6-B10BR_HTxC,AV4-4/DV10-CAAEANTGYQNFYF-AJ49_BV13-3-CASSERVNQDTQYF-BJ2-5,single,1,0.24229218908241482,0.11528487090396687
BL6-B10BR_HTxC,AV4-4/DV10-CAAEANTGYQNFYF-AJ49_BV5-CASSPRGGEQYF-BJ2-7,single,1,0.4689955935892812,0.2863041851566409
BL6-B10BR_HTxC,AV4-4/DV10-CAAEASTGNYKYVF-AJ40_BV1-CTCSADRGVNSPLYF-BJ1-6,single,1,1.0118920306556365,0.49688163276167857
BL6-B10BR_HTxC,AV4-4/DV10-CAAEATNAYKVIF-AJ30_BV13-3-CASSDRDRGLVFF-BJ1-1,single,1,1.974937501201927,1.9475325801058645
BL6-B10BR_HTxC,AV4-4/DV10-CAAEEATGGNNKLT-AJ56_BV13-1-CASKDTYEQYF-BJ2-7,single,1,0.6990299627722347,0.3515584424544439
BL6-B10BR_HTxC,AV4-4/DV10-CAAEEATGGNNKLTF-AJ56_BV1-CTCSAVRVDTEVFF-BJ1-1,single,1,2.0,2.0
BL6-B10BR_HTxC,AV4-4/DV10-CAAEEATGGNNKLTF-AJ56_BV17-CASSPGQGYTGQLYF-BJ2-2,single,1,1.9219280948873623,1.8365012677171204
BL6-B10BR_HTxC,AV4-4/DV10-CAAEEATGGNNKLTF-AJ56_BV2-CASSQRVPNTGQLYF-BJ2-2,single,18,1.3878772915219895,1.3088181431216894
BL6-B10BR_HTxC,AV4-4/DV10-CAAEEATGGNNKLTF-AJ56_BV2-CASSQRVPTTGQLYF-BJ2-2,single,1,2.0762893592941096,1.9259994185562235
BL6-B10BR_HTxC,AV4-4/DV10-CAAEEATGGNNKLTF-AJ56_BV31-CAWSLGYSAETLYF-BJ2-3,single,1,0.8112781244591328,0.6780719051126377
BL6-B10BR_HTxC,AV4-4/DV10-CAAEEQGGSAKLIF-AJ57_BV1-CTCSADWGYEQYF-BJ2-7,single,1,2.3493797146766924,2.0446439150548423
BL6-B10BR_HTxC,AV4-4/DV10-CAAEETGFASALTF-AJ35_BV1-CTCSSRTGGSAETLYF-BJ2-3,single,1,2.25,2.192645077942396
BL6-B10BR_HTxC,AV4-4/DV10-CAAESGGYKV-AJ12_BV13-3-CASGGGWNTEVFF-BJ1-1,single,1,1.584962500721156,1.5849625007211563
BL6-B10BR_HTxC,AV4-4/DV10-CAAESGGYKVVF-AJ12_BV13-1-CASRDTYEQYF-BJ2-7,single,1,0.8975846798245739,0.4565041165742287
BL6-B10BR_HTxC,AV4-4/DV10-CAAESGGYKVVF-AJ12_BV13-2-CASGDAAGAGNTLYF-BJ1-3,single,3,0.6528779210924566,0.3756848807073181
BL6-B10BR_HTxC,AV4-4/DV10-CAAMDYANKMIF-AJ47_BV13-1-CASSERSGAETLYF-BJ2-3,single,1,2.363865121950854,2.1844245711374275
BL6-B10BR_HTxC,AV4-4/DV10-CAAMDYANKMIF-AJ47_BV13-2-CASGDGAQNTLYF-BJ2-4,single,1,1.2715412809492384,1.1351790561352335
BL6-B10BR_HTxC,AV4-4/DV10-CAAMDYANKMIF-AJ47_BV13-3-CASSDMGGQNTLYF-BJ2-4,single,1,1.1640505381424413,0.8964440491144781
BL6-B10BR_HTxC,AV4-4/DV10-CAAMDYANKMIF-AJ47_BV2-CASSQDRGYNNQAPLF-BJ1-5,single,20,1.4138116172595774,1.0783907571182916
BL6-B10BR_HTxC,AV4-4/DV10-CAAMDYANKMIF-AJ47_BV31-CAWLGGLAETLYF-BJ2-3,single,1,1.8822287189138014,1.6438561897747246
BL6-B10BR_HTxC,AV4-4/DV10-CAAPYQGGSAKLIF-AJ57_BV1-CTCSILGANTGQLYF-BJ2-2,single,1,2.725480556997868,2.6394102847435326
BL6-B10BR_HTxC,AV4-4/DV10-CAARLVF-DJ1_BV1-CTCSVGTGGAAETLYF-BJ2-3,single,1,1.5,1.415037499278844
BL6-B10BR_HTxC,AV4D-3-CAADDSGYNKLTF-AJ11_BV16-CASSPGTGGVAEQFF-BJ2-1,single,1,2.1556390622295662,2.0
BL6-B10BR_HTxC,AV4D-3-CAAETSNTNKVVF-AJ34_BV19-CASSIAKYAEQF-BJ2-1,single,1,1.9528195311147831,1.6424479953819162
BL6-B10BR_HTxC,AV4D-3-CAAETSNTNKVVF-AJ34_BV19-CASSIAKYAEQFF-BJ2-1,single,1,0.21639693245126462,0.09941314647615464
BL6-B10BR_HTxC,AV4D-3-CAAETSNTNKVVF-AJ34_BV2-CASSQDRGYNNQAPLF-BJ1-5,single,1,1.544131372475665,0.997693532616831
BL6-B10BR_HTxC,AV4D-3-CAAPDSGYNKLTF-AJ11_BV16-CASSWGGAQNTLYF-BJ2-4,single,1,1.8464393446710154,1.7369655941662059
BL6-B10BR_HTxC,AV4D-3-CAAYQGGRALIF-AJ15_BV1-CTCSAVGYEQYF-BJ2-7,single,1,1.0,1.0
BL6-B10BR_HTxC,AV4D-3-CAVHMGYKLTF-AJ9_BV14-CASSFQGQNTLYF-BJ2-4,single,1,2.128085278891394,1.914270125974116
BL6-B10BR_HTxC,AV4D-3-CAVVGDNSKLIW-AJ38_BV13-2-CASGDAIYAEQFF-BJ2-1,single,1,2.6538113557486334,2.567260498987697
BL6-B10BR_HTxC,AV4D-4-CAADNYAQGLTF-AJ26_BV5-CASSQDWDTNYAEQFF-BJ2-1,single,1,2.4193819456463714,2.252387161634285
BL6-B10BR_HTxC,AV4D-4-CAAEANMGYKLTF-AJ9_BV1-CTCSAAGLGDTGQLYF-BJ2-2,single,2,1.89127640621467,1.7280104952373225
BL6-B10BR_HTxC,AV4D-4-CAAEASNTNKVVF-AJ34_BV29-CASSWGRGAEQFF-BJ2-1,single,1,2.663532754804255,2.5265458144958344
BL6-B10BR_HTxC,AV4D-4-CAAEDTGYQNFYF-AJ49_BV19-CASSIGVEQYF-BJ2-7,single,1,1.584962500721156,1.5849625007211563
BL6-B10BR_HTxC,AV4D-4-CAAEEGQGGRALIF-AJ15_BV13-3-CASSDPGLGSSYEQYF-BJ2-7,single,1,1.5304930567574826,1.4818690077570527
BL6-B10BR_HTxC,AV4D-4-CAAGDNTNTGKLTF-AJ27_BV5-CASSPGGMGTGQLYF-BJ2-2,single,2,2.177171156772287,1.7708512559186231
BL6-B10BR_HTxC,AV4D-4-CAAGTGGYKVVF-AJ12_BV13-1-CASSDVGDEQYF-BJ2-7,single,1,0.847584679824574,0.4540316308947077
BL6-B10BR_HTxC,AV5-1-CSAKGDYANKMIF-AJ47_BV3-CASSLGQDTQYF-BJ2-5,single,2,0.6907434946124621,0.37562029435099475
BL6-B10BR_HTxC,AV5-1-CSANSGTGGYKVVF-AJ12_BV12-1-CASSDWGGAEQFF-BJ2-1,single,1,0.15109697051711368,0.0627054533128877
BL6-B10BR_HTxC,AV5-1-CSASDNYAQGLTF-AJ26_BV13-3-CASSDQGAGNTLYF-BJ1-3,single,1,2.1548854850809107,1.7349644315970103
BL6-B10BR_HTxC,AV5-1-CSASDNYAQGLTF-AJ26_BV13-3-CASSGTANTEVFF-BJ1-1,single,1,0.6054266419690637,0.33523854847074075
BL6-B10BR_HTxC,AV5-1-CSASIVGSSGNKLIF-AJ32_BV17-CASSRDRGGLAEQFF-BJ2-1,single,1,1.9219280948873623,1.8365012677171204
BL6-B10BR_HTxC,AV5-1-CSASSGTGGYKVVF-AJ12_BV12-1-CASSPLDRGNSDYTF-BJ1-2,single,1,0.0,0.0
BL6-B10BR_HTxC,AV5-1-CSASSGTGGYKVVF-AJ12_BV13-1-CASSDRNTEVFF-BJ1-1,single,1,0.07731692043749558,0.027348007395232528
BL6-B10BR_HTxC,AV5-1-CSASSGTGGYKVVF-AJ12_BV13-2-CASGETGGAPAEQFF-BJ2-1,single,1,0.21368088135337107,0.06837246421122281
BL6-B10BR_HTxC,AV5-1-CSASSGTGGYKVVF-AJ12_BV13-2-CASGGGWNTEVFF-BJ1-1,single,1,2.016875695766564,1.7852611512069876
BL6-B10BR_HTxC,AV5-1-CSASSGTGGYKVVF-AJ12_BV13-2-CASSETGVSSYEQYF-BJ2-7,single,1,0.9768355969133156,0.49458906389119695
BL6-B10BR_HTxC,AV5-1-CSASSGTGGYKVVF-AJ12_BV13-3-CASSERVNQDTQYF-BJ2-5,single,1,0.73370784814539,0.32406383923135346
BL6-B10BR_HTxC,AV5-1-CSASSGTGGYKVVF-AJ12_BV17-CASSPGQGFQDTQYF-BJ2-5,single,1,1.0957952550009336,0.8103387804964255
BL6-B10BR_HTxC,AV5-1-CSASSGTGGYKVVF-AJ12_BV17-CASSPGQGYTGQLYF-BJ2-2,single,1,1.1867043459100244,0.8208311543140678
BL6-B10BR_HTxC,AV5-1-CSASSGTGGYKVVF-AJ12_BV3-CASSSGQISNERLFF-BJ1-4,single,1,1.2029146837032925,0.6124956844773011
BL6-B10BR_HTxC,AV5-1-CSASSSGSWQLIF-AJ22_BV13-1-CASSGAETLYF-BJ2-3,single,1,1.565596230357602,1.5469946505221355
BL6-B10BR_HTxC,AV5-4-CAALDSNYQLIW-AJ33_BV1-CTCSADRGWSPLYF-BJ1-6,single,27,0.49247770040077127,0.24033354891072142
BL6-B10BR_HTxC,AV5-4-CAALDSNYQLIW-AJ33_BV17-CASSPGQGYTGQLYF-BJ2-2,single,1,0.5540940535629255,0.22616641264560614
BL6-B10BR_HTxC,AV5-4-CAALDSNYQLIW-AJ33_BV3-CASSSGPNYEQYF-BJ2-7,single,1,0.674702274732776,0.33754867609940825
BL6-B10BR_HTxC,AV5-4-CAAMDYANKMIF-AJ47_BV19-CASSLRGTEVFF-BJ1-1,single,1,1.0957952550009336,0.8103387804964255
BL6-B10BR_HTxC,AV5-4-CAANSGGSNYKLTF-AJ53_BV5-CASSQTGSGNTLYF-BJ1-3,single,1,1.584962500721156,1.5849625007211563
BL6-B10BR_HTxC,AV5-4-CAARGDYANKMIC-AJ47_BV3-CASSLGVDTQYF-BJ2-5,single,1,0.5372173071924329,0.2714923767891084
BL6-B10BR_HTxC,AV5-4-CAARGDYANKMIF-AJ47_BV1-CTCSAVRVGNTLYF-BJ1-3,single,1,1.7837486661084168,1.1068396831049532
BL6-B10BR_HTxC,AV5-4-CAARGDYANKMIF-AJ47_BV13-1-CASSEQGGYEQYF-BJ2-7,single,1,0.8030717273241024,0.4943599519402494
BL6-B10BR_HTxC,AV5-4-CAARGDYANKMIF-AJ47_BV13-2-CASGERLDAEQFF-BJ2-1,single,1,0.6906950555920002,0.40534920859561635
BL6-B10BR_HTxC,AV5-4-CAARGDYANKMIF-AJ47_BV13-2-CASGGGWNTEVFF-BJ1-1,single,2,1.3250078726543226,1.0950934256564846
BL6-B10BR_HTxC,AV5-4-CAARGDYANKMIF-AJ47_BV13-2-CASGGLANTGQLYF-BJ2-2,single,1,2.5366082543914996,2.342035668335937
BL6-B10BR_HTxC,AV5-4-CAARGDYANKMIF-AJ47_BV13-3-CASRDRGRTEVFF-BJ1-1,single,1,1.6107946686545875,1.3436184386986283
BL6-B10BR_HTxC,AV5-4-CAARGDYANKMIF-AJ47_BV2-CASSLGVDTQYF-BJ2-5,single,2,0.45466928956582753,0.19692796838438634
BL6-B10BR_HTxC,AV5-4-CAARGDYANKMIF-AJ47_BV2-CASSQGHISNERLFF-BJ1-4,single,1,0.14338901021211745,0.04628832810952827
BL6-B10BR_HTxC,AV5-4-CAARGDYANKMIF-AJ47_BV3-CASSLGVDTQYF-BJ2-5,single,79,0.5761281672519902,0.31628218735184055
BL6-B10BR_HTxC,AV5-4-CAARGDYANKMIF-AJ47_BV3-CASSLRWGGNYAEQFF-BJ2-1,single,1,1.305957175742814,1.128028162090049
BL6-B10BR_HTxC,AV5-4-CAARGDYANKMIF-AJ47_BV31-CAWLGGLAETLYF-BJ2-3,single,1,1.75,1.5405683813627027
BL6-B10BR_HTxC,AV5-4-CAARGDYTNKMIF-AJ47_BV3-CASSLGVDTQYF-BJ2-5,single,1,0.6467376473945844,0.29221830651773967
BL6-B10BR_HTxC,AV5-4-CAARGDYTNKMIL-AJ47_BV13-2-CASGGGWNTEVFF-BJ1-1,single,1,1.419035274338866,0.9434164716336331
BL6-B10BR_HTxC,AV5-4-CAASADYNQGKLIF-AJ23_BV3-CASSLGLGYEQYF-BJ2-7,single,1,0.6511733816063466,0.2929620280376134
BL6-B10BR_HTxC,AV5-4-CAASAGGSNAKLTF-AJ42_BV1-CTCSVGTGGSTGQLYF-BJ2-2,single,1,0.4414626329958155,0.16208477937611337
BL6-B10BR_HTxC,AV5-4-CAASAGGSNAKLTF-AJ42_BV19-CASSIGRTGNTLYF-BJ1-3,single,3,1.699817013391901,1.3844556640018013
BL6-B10BR_HTxC,AV5-4-CAASAGGSNAKLTF-AJ42_BV19-CASSIGRTGREVFF-BJ1-1,single,3,2.4303924355536246,2.2879741028239535
BL6-B10BR_HTxC,AV5-4-CAASAGGSNAKLTL-AJ42_BV17-CASSPGQGYTGQLYF-BJ2-2,single,1,2.480167084245812,2.2748598412305836
BL6-B10BR_HTxC,AV5-4-CAASAGYQNFYF-AJ49_BV29-CASSLYWGNTGQLYF-BJ2-2,single,1,0.0,0.0
BL6-B10BR_HTxC,AV5-4-CAASDNSGGSNAKLTF-AJ42_BV3-CASSPHRVSQNTLYF-BJ2-4,single,4,0.878602336311985,0.7853389623113852
BL6-B10BR_HTxC,AV5-4-CAASDSSFSKLVF-AJ50_BV19-CASSIGTGEYEQYF-BJ2-7,single,2,0.47291108907400603,0.20979992057894192
BL6-B10BR_HTxC,AV5-4-CAASEGSGGSNAKLTF-AJ42_BV13-1-CASSRDWGYEQYF-BJ2-7,single,1,2.0,2.0
BL6-B10BR_HTxC,AV5-4-CAASENYGNEKITF-AJ48_BV13-2-CASGDPDTEVFF-BJ1-1,single,1,2.007856063692049,1.8300749985576876
BL6-B10BR_HTxC,AV5-4-CAASGDYANKMIF-AJ47_BV3-CASSFNQDTQYF-BJ2-5,single,2,0.6834022332438183,0.3332812591561926
BL6-B10BR_HTxC,AV5-4-CAASGDYNLGKLIF-AJ23_BV3-CASSLSTGNSDYTF-BJ1-2,single,1,0.2579991163999737,0.10394567619731708
BL6-B10BR_HTxC,AV5-4-CAASGDYNQGKLIF-AJ23_BV13-1-CASKDTYEQYF-BJ2-7,single,1,0.2341385035266222,0.08092052396420472
BL6-B10BR_HTxC,AV5-4-CAASGDYNQGKLIF-AJ23_BV3-CASSLAREYEQYF-BJ2-7,single,1,0.31770822753220407,0.12440324330843378
BL6-B10BR_HTxC,AV5-4-CAASGDYNQGKLIF-AJ23_BV3-CASSLGLGYEQYF-BJ2-7,single,29,0.5788090846712138,0.2851036610340494
BL6-B10BR_HTxC,AV5-4-CAASGDYNQGKLIF-AJ23_BV3-CASSWGQISNERLFF-BJ1-4,single,1,0.5304060778306042,0.2678115460956659
BL6-B10BR_HTxC,AV5-4-CAASGSNYNVLYF-AJ21_BV13-2-CASGDQGASGNTLYF-BJ1-3,single,1,0.27806574903014,0.09254040614277721
BL6-B10BR_HTxC,AV5-4-CAASGSNYNVLYF-AJ21_BV13-2-CASGGGWNTEVFF-BJ1-1,single,1,2.121928094887362,1.9434164716336322
BL6-B10BR_HTxC,AV5-4-CAASGSNYNVLYF-AJ21_BV31-CAWGDSSGNTLYF-BJ1-3,single,1,1.3752793655393794,1.0193653248669312
BL6-B10BR_HTxC,AV5-4-CAASNNYGNEKITF-AJ48_BV13-1-CASSDAGSNTEVFF-BJ1-1,single,1,2.25,2.192645077942396
BL6-B10BR_HTxC,AV5-4-CAASPNNAPRF-AJ43_BV3-CASSLAWGAYEQYF-BJ2-7,single,1,1.192250860234642,0.8023680693878459
BL6-B10BR_HTxC,AV5-4-CAASPNNAPRF-AJ43_BV31-CAWSLAGGSYEQYF-BJ2-7,single,1,1.5219280948873621,1.473931188332412
BL6-B10BR_HTxC,AV5-4-CAASPNSGGSNAKLTF-AJ42_BV13-2-CASGDQGASGNTLYF-BJ1-3,single,1,0.1297178239409882,0.042164830330068376
BL6-B10BR_HTxC,AV5-4-CAASQGGSAKLIF-AJ57_BV13-1-CASSAADTEVFF-BJ1-1,single,2,0.9083445441575104,0.7487498297354084
BL6-B10BR_HTxC,AV5-4-CAASSGNTGKLIF-AJ37_BV13-3-CASSDALGGLEQYF-BJ2-7,single,1,2.2998963911678914,2.0608822421470223
BL6-B10BR_HTxC,AV5-4-CAASSNSGGSNAK-AJ42_BV1-CTCSAVRVSEVFF-BJ1-1,single,1,2.0487949406953985,1.9125371587496607
BL6-B10BR_HTxC,AV5-4-CAASSNSGGSNAK-AJ42_BV13-1-CASSEQGGYEQYF-BJ2-7,single,1,0.18907083072972827,0.07132984817597376
BL6-B10BR_HTxC,AV5-4-CAASSNSGGSNAK-AJ42_BV13-2-CASGGGWNTEVFF-BJ1-1,single,2,1.1318676960078684,0.8054939821322242
BL6-B10BR_HTxC,AV5-4-CAASSNSGGSNAKLTF-AJ42_BV1-CTCSAVRVSEVFF-BJ1-1,single,1,1.097455974645788,1.0092629213289679
BL6-B10BR_HTxC,AV5-4-CAASSNSGGSNAKLTF-AJ42_BV13-1-CASKDTYEQYF-BJ2-7,single,1,1.2564461568393543,0.769045565160128
BL6-B10BR_HTxC,AV5-4-CAASSNSGGSNAKLTF-AJ42_BV13-1-CASSEQGGYEQYF-BJ2-7,single,1,1.5487949406953985,1.1926450779423958
BL6-B10BR_HTxC,AV5-4-CAASSNSGGSNAKLTF-AJ42_BV13-2-CASGDQGASGNTLYF-BJ1-3,single,1,0.6837341973730318,0.3395472996945802
BL6-B10BR_HTxC,AV5-4-CAASSNSGGSNAKLTF-AJ42_BV13-3-CASSERTEVFF-BJ1-1,single,1,0.0885647516386305,0.0280810384177187
BL6-B10BR_HTxC,AV5-4-CAASSNSGGSNAKLTF-AJ42_BV13-3-CASSERVNQDTQYF-BJ2-5,single,1,0.7044586153306337,0.3584539709124763
BL6-B10BR_HTxC,AV5-4-CAASSNSGGSNAKLTF-AJ42_BV3-CASSLSSYEQYF-BJ2-7,single,1,0.3150207424564072,0.12307700982513238
BL6-B10BR_HTxC,AV5-4-CAASSNSGGSNAKLTY-AJ42_BV13-2-CASSGTANSDYTF-BJ1-2,single,1,0.9940302114769565,0.9881258997117086
BL6-B10BR_HTxC,AV5-4-CAASSNSGVSNAKL-AJ42_BV13-3-CASSERTEVFF-BJ1-1,single,1,0.23519338181924143,0.11086058934956605
BL6-B10BR_HTxC,AV5-4-CAASSNTNKVVF-AJ34_BV16-CASSLDWGGQNTLYF-BJ2-4,single,1,2.251629167387823,2.1699250014423126
BL6-B10BR_HTxC,AV5-4-CAASTDYANKMIF-AJ47_BV3-CASSSGTGYEQYF-BJ2-7,single,1,1.4290956710069445,0.9187082400107318
BL6-B10BR_HTxC,AV5-4-CAASTGGNNKLTF-AJ56_BV19-CASSIGTAGNTLYF-BJ1-3,single,1,2.4591479170272446,2.362570079384708
BL6-B10BR_HTxC,AV5-4-CAASTGNYKYVF-AJ40_BV31-CAWGLYNSPLYF-BJ1-6,single,1,1.3709505944546687,1.1844245711374273
BL6-B10BR_HTxC,AV5-4-CAASVGGSAKLIF-AJ57_BV5-CASSHRDNNERLFF-BJ1-4,single,1,0.28639695711595625,0.14401030269151946
BL6-B10BR_HTxC,AV5-4-CAATGYQNFYF-AJ49_BV17-CASSPGQGYTGQLYF-BJ2-2,single,1,1.856564762130954,1.5100004430399345
BL6-B10BR_HTxC,AV5-4-CAATNTGKLTF-AJ27_BV3-CASSLGTGGVEQYF-BJ2-7,single,1,2.6557003266533985,2.284567567383435
BL6-B10BR_HTxC,AV5-4-CARDTEGADRLTF-AJ45_BV13-1-CASSDAAGEDTQYF-BJ2-5,single,1,0.0,0.0
BL6-B10BR_HTxC,AV5-4-CATRGDYANKMIF-AJ47_BV3-CASSLGVDTQYF-BJ2-5,single,1,1.173185867971725,0.6764365053068079
BL6-B10BR_HTxC,AV5D-4-CAAKESNNRIFF-AJ31_BV13-2-CASGDARGGDTQYF-BJ2-5,single,2,0.9979925489478731,0.5649203102087041
BL6-B10BR_HTxC,AV5D-4-CAASAASGGNYKPTF-AJ6_BV1-CTCSAATGGANTGQLYF-BJ2-2,single,2,2.6446769360836004,2.4821880451346394
BL6-B10BR_HTxC,AV5D-4-CAASAASGGNYKPTF-AJ6_BV13-2-CASGDQGASGNTLYF-BJ1-3,single,1,0.21089588953494987,0.07294648691607393
BL6-B10BR_HTxC,AV5D-4-CAASARGSALGRLHF-AJ18_BV14-CASRTGGANTLYF-BJ2-4,single,1,1.5,1.415037499278844
BL6-B10BR_HTxC,AV5D-4-CAASDSAGNKITF-AJ17_BV1-CTCSAVRVGNTLYF-BJ1-3,single,1,1.8799649487271108,1.4818690077570524
BL6-B10BR_HTxC,AV5D-4-CAASDSAGNKLTF-AJ17_BV3-CASSLAPGGGQNTLYF-BJ2-4,single,3,0.4867642379610541,0.2674312617411634
BL6-B10BR_HTxC,AV5D-4-CAASDTNAYKVIF-AJ30_BV29-CASSLGSSYEQYF-BJ2-7,single,1,1.2516291673878228,1.0
BL6-B10BR_HTxC,AV5D-4-CAASGSNYNVLLL-AJ21_BV31-CAWGDSSGNTLYF-BJ1-3,single,1,1.047137684139483,0.5690457286142707
BL6-B10BR_HTxC,AV5D-4-CAASGSNYNVLYF-AJ21_BV13-2-CASGDQGASGNTLYF-BJ1-3,single,1,0.11611507530476972,0.045076707969679865
BL6-B10BR_HTxC,AV5D-4-CAASGSNYNVLYF-AJ21_BV13-2-CASGDWGGAYEQYF-BJ2-7,single,1,1.4015101887362598,0.8911075983675909
BL6-B10BR_HTxC,AV5D-4-CAASGSNYNVLYF-AJ21_BV29-CASSWGRGNTLYF-BJ1-3,single,1,0.9182958340544896,0.84799690655495
BL6-B10BR_HTxC,AV5D-4-CAASGSNYNVLYF-AJ21_BV3-CASSLAREYEQYF-BJ2-7,single,1,0.3422635415769384,0.11427121751221811
BL6-B10BR_HTxC,AV5D-4-CAASGSNYNVLYF-AJ21_BV3-CASSLGQISNERLFF-BJ1-4,single,1,2.0748729095977496,1.9411749306539707
BL6-B10BR_HTxC,AV5D-4-CAASGSNYNVLYF-AJ21_BV3-CASSSGPNYEQYF-BJ2-7,single,1,1.6403360647604435,1.4556794837761897
BL6-B10BR_HTxC,AV5D-4-CAAYDSGYNKLTF-AJ11_BV17-CASSPGQGKDTQYF-BJ2-5,single,1,1.7924812503605778,1.584962500721156
BL6-B10BR_HTxC,AV6-1-CVLAAGAKLTF-AJ39_BV13-3-CASSDDGGNAEQFF-BJ2-1,single,1,1.9056390622295665,1.8300749985576876
BL6-B10BR_HTxC,AV6-1-CVLGEGYNQGKLIF-AJ23_BV3-CASSELGVSYEQYF-BJ2-7,single,2,0.6854752972273344,0.5922122855687136
BL6-B10BR_HTxC,AV6-1-CVLGENYAQGLTF-AJ26_BV16-CASSWGARAEQFF-BJ2-1,single,2,1.076182745284704,0.645474188252724
BL6-B10BR_HTxC,AV6-1-CVLGETSGSWQLIF-AJ22_BV13-2-CASGDRRNTGQLYF-BJ2-2,single,1,0.25414951617322196,0.08839380571559309
BL6-B10BR_HTxC,AV6-2-CALGDPQRGRALIF-AJ15_BV14-CASSLRGEQYF-BJ2-7,single,1,0.5117778211301659,0.2517353425835592
BL6-B10BR_HTxC,AV6-2-CALGDQGTGSKLSF-AJ58_BV4-CASSWTGSYNSPLYF-BJ1-6,single,1,0.45934162149987057,0.19970796193935353
BL6-B10BR_HTxC,AV6-2-CVLAPVNTGNYKYVF-AJ40_BV31-CAWSLLGGSQYF-BJ2-5,single,1,2.4464393446710155,2.321928094887362
BL6-B10BR_HTxC,AV6-2-CVLGDDYAQGLTF-AJ26_BV13-2-CASGGQNQAPLF-BJ1-5,single,1,0.3597189033707875,0.141679683213492
BL6-B10BR_HTxC,AV6-2-CVLGDDYAQGLTF-AJ26_BV4-CASSWTGSYNSPLYF-BJ1-6,single,20,0.29956807687608894,0.13011169906506068
BL6-B10BR_HTxC,AV6-2-CVLGDDYAQGLTF-AJ26_BV4-CASSWTRSYNSPLYF-BJ1-6,single,1,0.3540581512289426,0.14223003592658962
BL6-B10BR_HTxC,AV6-2-CVLGEAGGSNAK-AJ42_BV13-2-CASGDQGASGNTLYF-BJ1-3,single,1,0.0,0.0
BL6-B10BR_HTxC,AV6-2-CVLGEAGGSNAKLTF-AJ42_BV13-2-CASGDQGASGNTLYF-BJ1-3,single,1,0.0,0.0
BL6-B10BR_HTxC,AV6-2-CVLGEAGGSNAKLTF-AJ42_BV17-CASSRGQGSERLFF-BJ1-4,single,10,1.1788071246019562,0.9113288830455154
BL6-B10BR_HTxC,AV6-3-CAMRAPYNTNTGKLTF-AJ27_BV13-1-CASSDQGLTGQLYF-BJ2-2,single,1,2.8358150117001215,2.564861294664647
BL6-B10BR_HTxC,AV6-3-CAMRDRSSGSWQLIF-AJ22_BV13-3-CASSDRDTLYF-BJ2-4,single,1,0.8030717273241024,0.4943599519402494
BL6-B10BR_HTxC,AV6-3-CAMRDRSSGSWQLIF-AJ22_BV31-CAWSPWTGTEVFF-BJ1-1,single,1,0.45905190056961476,0.2041407167802251
BL6-B10BR_HTxC,AV6-3-CAMRVSGGSNAKLTF-AJ42_BV13-2-CASGEGGQNTLYF-BJ2-4,single,1,0.6248735016721211,0.3088380954469185
BL6-B10BR_HTxC,AV6-3-CAMRVSGGSNAKLTF-AJ42_BV3-CASSLGQISNERLFF-BJ1-4,single,3,0.8497746055882608,0.48194095091524125
BL6-B10BR_HTxC,AV6-3-CAMRVTNAYKVIF-AJ30_BV31-CAWSLWGGRSYEQYF-BJ2-7,single,1,1.9182958340544893,1.84799690655495
BL6-B10BR_HTxC,AV6-3-CTMRVSGGSNAKLTF-AJ42_BV13-2-CASGDQGASGNTLYF-BJ1-3,single,1,0.0989590953557431,0.0369880482911306
BL6-B10BR_HTxC,AV6-4-CALDTNAYKVIF-AJ30_BV4-CASSYPGYAEQFF-BJ2-1,single,1,1.9544340029249647,1.9125371587496607
BL6-B10BR_HTxC,AV6-4-CALVAASGSWQLIF-AJ22_BV13-2-CASGDAGNQAPLF-BJ1-5,single,2,0.17053966303859394,0.05967185758610713
BL6-B10BR_HTxC,AV6-4-CALVNSNNRIFF-AJ31_BV17-CASSSSRVLSYEQYF-BJ2-7,single,1,0.6733282148962085,0.29422058244542676
BL6-B10BR_HTxC,AV6-4-CALVRGNTGKLIF-AJ37_BV13-1-CASKDTYEQYF-BJ2-7,single,1,1.5219280948873621,1.473931188332412
BL6-B10BR_HTxC,AV6-5-CALSASNYNVLYF-AJ21_BV1-CTCSAGLGTDTQYF-BJ2-5,single,1,0.5032583347756457,0.3174821898561702
BL6-B10BR_HTxC,AV6-5-CALSDEGNYQLIW-AJ33_BV5-CASSHWGEGAEQFF-BJ2-1,single,1,0.0,0.0
BL6-B10BR_HTxC,AV6-5-CALSDGSSGNKLIF-AJ32_BV5-CASSQEAGLGVNQDTQYF-BJ2-5,single,1,1.2516291673878228,1.0
BL6-B10BR_HTxC,AV6-5-CALSDHAGYQNFYF-AJ49_BV13-2-CASGARTGENYAEQFF-BJ2-1,single,2,2.6579486218364954,2.406732728283466
BL6-B10BR_HTxC,AV6-5-CALSDHAGYQNFYF-AJ49_BV13-2-CASGRVDSPLYF-BJ1-6,single,1,0.31706560938848677,0.10900160386883243
BL6-B10BR_HTxC,AV6-5-CALSDNTGYQNFYF-AJ49_BV29-CASSLGTTYEQYF-BJ2-7,single,1,1.584962500721156,1.5849625007211563
BL6-B10BR_HTxC,AV6-5-CALSDQTGANTGKLTF-AJ52_BV13-2-CASGDVGGNSPLYF-BJ1-6,single,1,0.773860817346735,0.3763051047901291
BL6-B10BR_HTxC,AV6-5-CALSDRGFASAL-AJ35_BV13-2-CASGDQGASGNTLYF-BJ1-3,single,1,0.0,0.0
BL6-B10BR_HTxC,AV6-5-CALSDSNNRIFF-AJ31_BV15-CASSLAGLGGREQYF-BJ2-7,single,1,2.7550445300659927,2.3740657182225378
BL6-B10BR_HTxC,AV6-5-CALSETSSSFSKLVF-AJ50_BV13-1-CASSQANYAEQFF-BJ2-1,single,1,1.1401156785146092,0.8930847960834881
BL6-B10BR_HTxC,AV6-5-CALSGNSGGSNAKLTF-AJ42_BV13-1-CASSDTAYEQYF-BJ2-7,single,1,0.4109922530150453,0.17281390602082672
BL6-B10BR_HTxC,AV6-5-CALSNTGNYKYVF-AJ40_BV13-2-CASGDWGGQDTQYF-BJ2-5,single,1,0.6500224216483541,0.46948528330122
BL6-B10BR_HTxC,AV6-5-CALTNTGNYKYVF-AJ40_BV19-CASSIGGGYAEQFF-BJ2-1,single,1,2.654255313215029,2.5025003405291835
BL6-B10BR_HTxC,AV6-5-CAPSNTNKVAF-AJ34_BV19-CASSITYQDTQYF-BJ2-5,single,1,2.180337381067571,1.809354499703953
BL6-B10BR_HTxC,AV6-5-CAPSNTNKVVF-AJ34_BV3-CASSSGPNYEQYF-BJ2-7,single,1,0.9407946322881707,0.648808113222913
BL6-B10BR_HTxC,AV6-6-CALFTNAYKVIF-AJ30_BV29-CASSPGQGDEQYF-BJ2-7,single,1,1.6644977792004614,1.3667823306716227
BL6-B10BR_HTxC,AV6-6-CALGASNTEGAD-AJ45_BV13-2-CASGDVGGANERLFF-BJ1-4,single,1,2.0113703119373345,1.8416598967207907
BL6-B10BR_HTxC,AV6-6-CALGASNTEGADRLTF-AJ45_BV1-CTCSADWGNYAEQFF-BJ2-1,single,1,1.3709505944546687,1.1844245711374275
BL6-B10BR_HTxC,AV6-6-CALGASNTEGADRLTF-AJ45_BV14-CASSLRGEQYF-BJ2-7,single,1,0.8468412347237452,0.44736317730712744
BL6-B10BR_HTxC,AV6-6-CALGASNTEGADRLTF-AJ45_BV17-CASSPGQGYTGQLYF-BJ2-2,single,2,1.666652539056267,1.4666814034848548
BL6-B10BR_HTxC,AV6-6-CALGASNTEGADRLTF-AJ45_BV3-CASSSGPNYEQYF-BJ2-7,single,1,1.1182751607709762,0.7239389138699669
BL6-B10BR_HTxC,AV6-6-CALGDGGSWQLIF-AJ22_BV13-1-CASSDRGGSDYTF-BJ1-2,single,1,0.7219280948873623,0.5563933485243849
BL6-B10BR_HTxC,AV6-6-CALGDGTGGYKVVF-AJ12_BV13-3-CASSDRTVQDTQYF-BJ2-5,single,1,1.0174051189440556,0.6241788971174357
BL6-B10BR_HTxC,AV6-6-CALGDINYAQGLTF-AJ26_BV17-CASSPGQGYTGQLYF-BJ2-2,single,1,1.2516291673878228,1.0
BL6-B10BR_HTxC,AV6-6-CALGDLGSNNRIFF-AJ31_BV13-3-CASSHRGEQYF-BJ2-7,single,1,1.6879430945989,1.2746223801090057
BL6-B10BR_HTxC,AV6-6-CALGDLPGTGSNRLTF-AJ28_BV1-CTCSADAETLYF-BJ2-3,single,1,2.0741647430225756,1.85982234195174
BL6-B10BR_HTxC,AV6-6-CALGDLPNTNKVVF-AJ34_BV13-3-CASNSANTEVFF-BJ1-1,single,1,0.7732283485249176,0.45836493094294434
BL6-B10BR_HTxC,AV6-6-CALGDLSGGSNYKLTF-AJ53_BV1-CTCSAARVAEQFF-BJ2-1,single,1,0.988180837004676,0.5800637013083167
BL6-B10BR_HTxC,AV6-6-CALGDLSGYNKLTF-AJ11_BV13-2-CASGDQGASGNTLYF-BJ1-3,single,1,0.37123232664087563,0.20531890797750652
BL6-B10BR_HTxC,AV6-6-CALGDLSGYNKLTF-AJ11_BV3-CASSLTDTQYF-BJ2-5,single,4,1.0702168033033848,0.7001792153412434
BL6-B10BR_HTxC,AV6-6-CALGDLWNSNNRIFF-AJ31_BV13-2-CASGDALGYEQYF-BJ2-7,single,1,0.9182958340544896,0.84799690655495
BL6-B10BR_HTxC,AV6-6-CALGDLWNSNNRIFF-AJ31_BV19-CASSIEWGNYEQYF-BJ2-7,single,1,1.584962500721156,1.5849625007211563
BL6-B10BR_HTxC,AV6-6-CALGDNNAGAKLTF-AJ39_BV31-CAWSLDRGQAPLF-BJ1-5,single,1,2.208196592277087,1.9259994185562235
BL6-B10BR_HTxC,AV6-6-CALGDNNNNAPRF-AJ43_BV13-3-CASSRVQNTLYF-BJ2-4,single,1,1.584962500721156,1.5849625007211563
BL6-B10BR_HTxC,AV6-6-CALGDNYAQGLTF-AJ26_BV5-CASSQDGGVNQAPLF-BJ1-5,single,1,2.9312089489103235,2.6459919341187152
BL6-B10BR_HTxC,AV6-6-CALGDPNSAGNKLTF-AJ17_BV13-2-CASGERLDAEQFF-BJ2-1,single,1,0.0,0.0
BL6-B10BR_HTxC,AV6-6-CALGDPNSAGNKLTF-AJ17_BV26-CASSLWTGDEQYF-BJ2-7,single,1,1.7295739585136223,1.5260688116675878
BL6-B10BR_HTxC,AV6-6-CALGDPSGGSNYKLTF-AJ53_BV19-CASSSGTGVYEQYF-BJ2-7,single,1,1.5,1.415037499278844
BL6-B10BR_HTxC,AV6-6-CALGDQGTGS-AJ58_BV3-CASSWTYNSPLYF-BJ1-6,single,1,1.0863128407412879,0.8440088043860616
BL6-B10BR_HTxC,AV6-6-CALGDQGTGSKLPF-AJ58_BV13-3-CASSDRGERLFF-BJ1-4,single,1,0.5235878925732217,0.23376018151699143
BL6-B10BR_HTxC,AV6-6-CALGDQGTGSKLSF-AJ58_BV1-CTCSADRGVNSPLYF-BJ1-6,single,1,0.687128344761061,0.3060849595494914
BL6-B10BR_HTxC,AV6-6-CALGDQGTGSKLSF-AJ58_BV1-CTCSAVRVDTEVFF-BJ1-1,single,1,0.570401499427012,0.2620363462707176
BL6-B10BR_HTxC,AV6-6-CALGDQGTGSKLSF-AJ58_BV13-1-CASSLRFYAEQFF-BJ2-1,single,1,2.2341969466957172,1.9808911770522952
BL6-B10BR_HTxC,AV6-6-CALGDQGTGSKLSF-AJ58_BV13-2-CASGGGWNTEVFF-BJ1-1,single,1,0.9864267287308425,0.6674246609131291
BL6-B10BR_HTxC,AV6-6-CALGDQGTGSKLSF-AJ58_BV13-3-CASSDRDTQYF-BJ2-5,single,1,0.31950101802548386,0.12363285544406834
BL6-B10BR_HTxC,AV6-6-CALGDQGTGSKLSF-AJ58_BV14-CASSRDWGGYEQYF-BJ2-7,single,1,1.3516441151533922,1.2105669859396582
BL6-B10BR_HTxC,AV6-6-CALGDQGTGSKLSF-AJ58_BV17-CASSPGQGYTGQLYF-BJ2-2,single,281,1.7824253321407155,1.555281869246975
BL6-B10BR_HTxC,AV6-6-CALGDQGTGSKLSF-AJ58_BV17-CASSRLGGPYAEQFF-BJ2-1,single,1,1.9337214351966352,1.4091126653217385
BL6-B10BR_HTxC,AV6-6-CALGDQGTGSKLSF-AJ58_BV3-CASSLAAVYEQYF-BJ2-7,single,1,0.6309174600654835,0.305189391240039
BL6-B10BR_HTxC,AV6-6-CALGDQGTGSKLSF-AJ58_BV3-CASSQGQISNERLFF-BJ1-4,single,1,0.6211884030780175,0.2976084156919491
BL6-B10BR_HTxC,AV6-6-CALGDQGTGSKLSF-AJ58_BV4-CASSSGTGRREQYF-BJ2-7,single,1,1.3709505944546687,1.1844245711374273
BL6-B10BR_HTxC,AV6-6-CALGDQTGFASALTF-AJ35_BV20-CGAGTNTEVFF-BJ1-1,single,1,1.8189237490994326,1.1838787676538005
BL6-B10BR_HTxC,AV6-6-CALGDRGNNNAPRF-AJ43_BV1-CTCSAVRISYNSPLYF-BJ1-6,single,1,1.1219280948873622,0.6214883767462703
BL6-B10BR_HTxC,AV6-6-CALGDRGNNNAPRF-AJ43_BV17-CASSPGQGYTGQLYF-BJ2-2,single,1,1.9508257945180887,1.710493382805015
BL6-B10BR_HTxC,AV6-6-CALGDRGTQVVGQLTF-AJ5_BV2-CASSQDLNSYNSPLYF-BJ1-6,single,1,0.9912642605354287,0.6866339186160615
BL6-B10BR_HTxC,AV6-6-CALGDRVTGRLSGKLTF-AJ2_BV13-2-CASGDWGEEQYF-BJ2-7,single,1,0.863120568566631,0.7567288489876361
BL6-B10BR_HTxC,AV6-6-CALGDSGGSNAKLTF-AJ42_BV19-CASSMGLSYNSPLYF-BJ1-6,single,1,1.9056390622295665,1.8300749985576876
BL6-B10BR_HTxC,AV6-6-CALGDSNNRIFF-AJ31_BV13-1-CASSDADTNNQAPLF-BJ1-5,single,1,1.8423709931771084,1.7078192485066896
BL6-B10BR_HTxC,AV6-6-CALGDYNQGKLIF-AJ23_BV13-2-CASGEEVTEVFF-BJ1-1,single,1,2.3746088271343795,2.2269449496988383
BL6-B10BR_HTxC,AV6-6-CALGEGGNTGKLIF-AJ37_BV29-CASSWGLGRGAETLYF-BJ2-3,single,1,1.3250112108241772,1.215728691055437
BL6-B10BR_HTxC,AV6-6-CALGENTNTGKLTF-AJ27_BV13-1-CASSELGGDTQYF-BJ2-5,single,1,1.4591479170272446,1.3625700793847082
BL6-B10BR_HTxC,AV6-6-CALGENTNTGKLTF-AJ27_BV3-CASSLSSYEQYF-BJ2-7,single,1,1.780672129520887,1.362570079384708
BL6-B10BR_HTxC,AV6-6-CALGESSGSWQLIF-AJ22_BV13-2-CASGADRSYEQYF-BJ2-7,single,1,2.55295237820148,2.361498160886114
BL6-B10BR_HTxC,AV6-6-CALGGNNNAPRF-AJ43_BV4-CASSYWASAETLYF-BJ2-3,single,1,0.4252117305031296,0.1568106459857541
BL6-B10BR_HTxC,AV6-6-CALGPDQGGSAKLIF-AJ57_BV13-3-CASSDSWRYEQYF-BJ2-7,single,1,1.8892464285091581,1.7914133781885822
BL6-B10BR_HTxC,AV6-6-CALSEGSALGRLHF-AJ18_BV13-1-CASSDRAEVFF-BJ1-1,single,1,1.062742304925186,0.5559828830150881
BL6-B10BR_HTxC,AV6-7/DV9-CALRDSNYQLIW-AJ33_BV1-CTCSAVRVAEQFF-BJ2-1,single,6,0.9403983178333163,0.6092121281808546
BL6-B10BR_HTxC,AV6-7/DV9-CALRPNNAGAKLTF-AJ39_BV1-CTCSAVRVDEQYF-BJ2-7,single,1,1.440144077391452,0.7723482886411015
BL6-B10BR_HTxC,AV6-7/DV9-CALRPSGGSNAKLTF-AJ42_BV17-CASSPGQGYTGQLYF-BJ2-2,single,1,1.4682370617587253,1.1844245711374277
BL6-B10BR_HTxC,AV6-7/DV9-CALRPSGGSNAKLTF-AJ42_BV19-CASSIGRGGNTLYF-BJ1-3,single,2,1.3240136960283655,1.1254807867666095
BL6-B10BR_HTxC,AV6-7/DV9-CALRRASSSFSK-AJ50_BV3-CASSLGQISNERLFF-BJ1-4,single,1,2.822181958642873,2.44700522793748
BL6-B10BR_HTxC,AV6-7/DV9-CALRRASSSFSKLVF-AJ50_BV3-CASSLRDWEYEQYF-BJ2-7,single,1,1.570950594454669,1.2515387669959646
BL6-B10BR_HTxC,AV6-7/DV9-CALRTGFASALTF-AJ35_BV1-CTCSAQGEDTQYF-BJ2-5,single,1,0.9182958340544896,0.84799690655495
BL6-B10BR_HTxC,AV6-7/DV9-CALRTGFASARKF-AJ35_BV17-CASSPGQGYTGQLYF-BJ2-2,single,1,1.9219280948873623,1.8365012677171204
BL6-B10BR_HTxC,AV6-7/DV9-CALSDMDSNYQLIW-AJ33_BV1-CTCSAARVYAEQFF-BJ2-1,single,1,0.13303964861069895,0.05342058921864859
BL6-B10BR_HTxC,AV6-7/DV9-CALSDRGFASAL-AJ35_BV2-CASSQDRRGDTQYF-BJ2-5,single,1,0.08807225904068132,0.03205720675472957
BL6-B10BR_HTxC,AV6-7/DV9-CALSDRGFASALT-AJ35_BV13-2-CASGDQGASGNTLYF-BJ1-3,single,1,0.17203694935311378,0.07395066033645546
BL6-B10BR_HTxC,AV6-7/DV9-CALSDRGFASALTF-AJ35_BV1-CTCSGTGEDTQYF-BJ2-5,single,1,0.6390552783277286,0.31318479719517966
BL6-B10BR_HTxC,AV6-7/DV9-CALSDRGFASALTF-AJ35_BV13-1-CASSDAGAEVFF-BJ1-1,single,1,1.3709505944546687,1.1844245711374273
BL6-B10BR_HTxC,AV6-7/DV9-CALSDRGFASALTF-AJ35_BV13-2-CASGPGGQNTLYF-BJ2-4,single,1,1.3352377453121176,1.130894066850952
BL6-B10BR_HTxC,AV6-7/DV9-CALSDRGFASALTF-AJ35_BV3-CASSSGQISNERLFF-BJ1-4,single,17,0.5872105105709748,0.3551872106550843
BL6-B10BR_HTxC,AV6-7/DV9-CALSDRGFASALTF-AJ35_BV5-CASSQAQGEVFF-BJ1-1,single,1,0.5189179657627249,0.2160923192970316
BL6-B10BR_HTxC,AV6-7/DV9-CALSDRGTGYQN-AJ49_BV3-CASSSGQISNERLFF-BJ1-4,single,1,1.7295290545023008,1.1909427827113954
BL6-B10BR_HTxC,AV6-7/DV9-CALSEDTGYQNFYF-AJ49_BV14-CASSLRGEQYF-BJ2-7,single,1,0.74959525725948,0.5923420310867538
BL6-B10BR_HTxC,AV6-7/DV9-CALSEDTGYQNFYF-AJ49_BV17-CASSRDRGYTLYF-BJ2-4,single,7,1.3176046033180728,1.0487894093619023
BL6-B10BR_HTxC,AV6-7/DV9-CALSEDTGYQNFYF-AJ49_BV31-CAWLGGLAETLYF-BJ2-3,single,1,0.11911602665564835,0.04653028071459877
BL6-B10BR_HTxC,AV6-7/DV9-CALSGASSSCSKLVF-AJ50_BV13-1-CASSEQGGYEQYF-BJ2-7,single,1,1.950212064914747,1.4447848426728958
BL6-B10BR_HTxC,AV6-7/DV9-CALSGTGYQNFYF-AJ49_BV13-2-CASGDAQGSNERLFF-BJ1-4,single,1,1.5,1.415037499278844
BL6-B10BR_HTxC,AV6-7/DV9-CALSVDSNYQLIR-AJ33_BV13-2-CASGLGGDTQYF-BJ2-5,single,2,1.5851232289113848,1.4062263948486415
BL6-B10BR_HTxC,AV6-7/DV9-CALSVDSNYQLIW-AJ33_BV13-1-CASKDTYEQYF-BJ2-7,single,1,0.9864267287308425,0.6674246609131291
BL6-B10BR_HTxC,AV6-7/DV9-CALSVDSNYQLIW-AJ33_BV13-1-CASSALGGSYEQYF-BJ2-7,single,1,2.1180782093497097,1.9646669268877195
BL6-B10BR_HTxC,AV6-7/DV9-CALSVDSNYQLIW-AJ33_BV13-1-CASSDAGAEVFF-BJ1-1,single,1,0.74959525725948,0.5923420310867538
BL6-B10BR_HTxC,AV6-7/DV9-CALSVDSNYQLIW-AJ33_BV13-1-CASSETGASSYEQYF-BJ2-7,single,1,1.287054028118727,1.0601209924375705
BL6-B10BR_HTxC,AV6-7/DV9-CALSVDSNYQLIW-AJ33_BV13-2-CASGDWGGAYEQYF-BJ2-7,single,1,1.2275295066688772,0.6943917085133984
BL6-B10BR_HTxC,AV6-7/DV9-CALSVDSNYQLIW-AJ33_BV13-2-CASGGANTEVFF-BJ1-1,single,2,0.7470717889678503,0.418126076020132
BL6-B10BR_HTxC,AV6-7/DV9-CALSVDSNYQLIW-AJ33_BV13-2-CASGGGWNTEVFF-BJ1-1,single,2,0.49734101583507306,0.2762584280211131
BL6-B10BR_HTxC,AV6-7/DV9-CALSVDSNYQLIW-AJ33_BV17-CASSPGQGYTGQLYF-BJ2-2,single,2,1.1979422464177976,0.9444828417790347
BL6-B10BR_HTxC,AV6-7/DV9-CALSVDSNYQLIW-AJ33_BV17-CASSRLGSSYEQYF-BJ2-7,single,1,0.8888857761841272,0.6203564072563503
BL6-B10BR_HTxC,AV6-7/DV9-CALSVDSNYQLIW-AJ33_BV3-CASSLGVDTQYF-BJ2-5,single,1,1.8412827295612468,1.391781443636403
BL6-B10BR_HTxC,AV6-7/DV9-CALSVDSNYQLIW-AJ33_BV3-CASSLRDWEYEQYF-BJ2-7,single,1,1.629945011696188,1.2063740791367334
BL6-B10BR_HTxC,AV6-7/DV9-CALSVDSNYQLIW-AJ33_BV31-CAWSPGQQAPLF-BJ1-5,single,1,2.1396958072174286,1.8474515672776615
BL6-B10BR_HTxC,AV6-7/DV9-CAPHSGGSNAKL-AJ42_BV13-1-CASKDTYEQYF-BJ2-7,single,1,0.28175768570086196,0.10073698989775826
BL6-B10BR_HTxC,AV6D-4-CALPRNNYAQGLTF-AJ26_BV31-CAWTGENTGQLYF-BJ2-2,single,1,2.498077546623641,2.2441883449377924
BL6-B10BR_HTxC,AV6D-4-CALVDDYANKMIF-AJ47_BV3-CASSLGRGYEQYF-BJ2-7,single,1,1.6577427265048887,1.3856536924977494
BL6-B10BR_HTxC,AV6D-5-CALGDPGTQVVGQLTF-AJ5_BV14-CASSFWTNTEVFF-BJ1-1,single,1,0.5390841863128988,0.22815191826933862
BL6-B10BR_HTxC,AV6D-5-CALGDQGTGSKLSF-AJ58_BV13-2-CASGDQGASGNTLYF-BJ1-3,single,1,0.2780550390180765,0.0981949024662978
BL6-B10BR_HTxC,AV6D-5-CVLGDPGYQNFYF-AJ49_BV14-CASRYRDTQYF-BJ2-5,single,1,0.7077049525234058,0.36209506255893686
BL6-B10BR_HTxC,AV6D-5-CVLGDSYGNEKITF-AJ48_BV5-CASSPRTGGQDTQYF-BJ2-5,single,1,0.3436595840026023,0.15528405456055908
BL6-B10BR_HTxC,AV6D-7-CALGANSNNRIFF-AJ31_BV26-CASSLDWDYAEQFF-BJ2-1,single,2,1.1258145836939113,1.084962500721156
BL6-B10BR_HTxC,AV6D-7-CALGDASGSWQLIF-AJ22_BV1-CTCSALRFSGNTLYF-BJ1-3,single,1,0.8028040129607974,0.43666031097863933
BL6-B10BR_HTxC,AV6D-7-CALGDASGSWQLIF-AJ22_BV13-1-CASSDGANYAEQFF-BJ2-1,single,5,0.9118589986083012,0.5294729952976336
BL6-B10BR_HTxC,AV6D-7-CALGDASGSWQLIF-AJ22_BV13-2-CASGDRANSDYTF-BJ1-2,single,1,1.3787834934861753,1.222392421336448
BL6-B10BR_HTxC,AV6D-7-CALGDDSGYNKLTF-AJ11_BV17-CASSPGQGYTGQLYF-BJ2-2,single,1,0.5439541748258706,0.219206343290192
BL6-B10BR_HTxC,AV6D-7-CALGDDSGYNKLTF-AJ11_BV2-CASSQDRRGDTQYF-BJ2-5,single,1,1.2516291673878228,1.0
BL6-B10BR_HTxC,AV6D-7-CALGDDSGYNKLTF-AJ11_BV3-CASSLAAVYEQYF-BJ2-7,single,1,0.6508158355774687,0.3172008824565863
BL6-B10BR_HTxC,AV6D-7-CALGDDSGYNKLTF-AJ11_BV3-CASSLGTVSYEQYF-BJ2-7,single,6,0.856227618907111,0.550023984085431
BL6-B10BR_HTxC,AV6D-7-CALGDHTNTGKLTF-AJ27_BV31-CAWSGGTGQLYF-BJ2-2,single,1,0.3095434291503252,0.15994091286969028
BL6-B10BR_HTxC,AV6D-7-CALGDLDSNYQLIW-AJ33_BV3-CASSPGTGGFYEQYF-BJ2-7,single,2,0.7922532364920252,0.568218418027791
BL6-B10BR_HTxC,AV6D-7-CALGDPQGGRALIF-AJ15_BV13-1-CASSDGVHYAEQFF-BJ2-1,single,21,0.47571596363444174,0.22218882458806222
BL6-B10BR_HTxC,AV6D-7-CALGDPQGGRALIF-AJ15_BV16-CASSWGAETLYF-BJ2-3,single,1,0.7318995991212481,0.3784639316439708
BL6-B10BR_HTxC,AV6D-7-CALGDPQGGRALIF-AJ15_BV3-CASSLGQISNERLFF-BJ1-4,single,1,1.2713144578588897,1.0613836875007778
BL6-B10BR_HTxC,AV6D-7-CALGDPQGGRALIF-AJ15_BV3-CASSLRWGGNYAEQFF-BJ2-1,single,1,0.6501234060351945,0.29845094305692915
BL6-B10BR_HTxC,AV6D-7-CALGDQGTGSKLSF-AJ58_BV17-CASSPGQGYTGQLYF-BJ2-2,single,1,1.7381493331928661,1.5679894221174424
BL6-B10BR_HTxC,AV6D-7-CALGDRTGYQNFYF-AJ49_BV13-1-CASSPGFSNERLFF-BJ1-4,single,7,0.4571538287217618,0.19882453425571914
BL6-B10BR_HTxC,AV6D-7-CALGDTNAYKVIF-AJ30_BV5-CASSQDAEQFF-BJ2-1,single,1,1.1844876776695155,0.7765345439983258
BL6-B10BR_HTxC,AV6D-7-CALGDWGGRALIF-AJ15_BV14-CASSDRYEQYF-BJ2-7,single,1,1.3726923362439294,1.1061499442653915
BL6-B10BR_HTxC,AV6D-7-CALGDWSNYQLIW-AJ33_BV19-CASSPGTGGYAEQFF-BJ2-1,single,1,0.7732283485249176,0.45836493094294434
BL6-B10BR_HTxC,AV6D-7-CALGEEAGNTGKLIF-AJ37_BV13-1-CASKDTYEQYF-BJ2-7,single,1,0.28683890475094387,0.11893637841419057
BL6-B10BR_HTxC,AV6D-7-CALGEEAGNTGKLIF-AJ37_BV3-CASSSDWGVSYEQYF-BJ2-7,single,1,1.5566567074628228,1.527247002864869
BL6-B10BR_HTxC,AV6D-7-CALGEMNYNQGKLIF-AJ23_BV3-CASSLGGVTYEQYF-BJ2-7,single,2,2.113283334294875,2.0587287907740883
BL6-B10BR_HTxC,AV6D-7-CALGHDSGYNKLTF-AJ11_BV3-CASSLGQVSYEQYF-BJ2-7,single,5,1.2410377580092722,0.9873192108179326
BL6-B10BR_HTxC,AV6D-7-CALGLSSGSWQLIF-AJ22_BV13-2-CASGAWGSQNTLYF-BJ2-4,single,1,0.5689730116435885,0.32998349393846993
BL6-B10BR_HTxC,AV6D-7-CALGLSSGSWQLIF-AJ22_BV13-3-CASSLRGPEVFF-BJ1-1,single,7,0.38442750265567643,0.14200455442165424
BL6-B10BR_HTxC,AV6D-7-CALGLSSGSWQLIF-AJ22_BV29-CASSLPGQGHEQYF-BJ2-7,single,1,1.231014400124617,0.6317839099227901
BL6-B10BR_HTxC,AV6D-7-CALGPFNTGNYKYVF-AJ40_BV3-CASSSGPNYEQYF-BJ2-7,single,1,0.7590678919999703,0.3441809017344901
BL6-B10BR_HTxC,AV6D-7-CALGRPGTGSNRLTF-AJ28_BV5-CASSQVAGDTEVFF-BJ1-1,single,8,1.4200836927830904,1.2263835230709996
BL6-B10BR_HTxC,AV6D-7-CALVASSGSW-AJ22_BV13-1-CASKDTYEQYF-BJ2-7,single,1,0.725375928405144,0.4356335415744316
BL6-B10BR_HTxC,AV6D-7-CALVASSGSW-AJ22_BV17-CASSPGQGYTGQLYF-BJ2-2,single,1,1.584962500721156,1.5849625007211563
BL6-B10BR_HTxC,AV6D-7-CALVASSGSWQLIF-AJ22_BV13-1-CASSETGVSSYEQYF-BJ2-7,single,1,0.9101612515959032,0.4729420247414585
BL6-B10BR_HTxC,AV6D-7-CALVASSGSWQLIF-AJ22_BV3-CASSLGQISNERLFF-BJ1-4,single,1,0.5435644431995964,0.3561438102252753
BL6-B10BR_HTxC,AV6D-7-CALVPSSGSWQLIF-AJ22_BV19-CASSILSGGQDTQYF-BJ2-5,single,1,2.679374370513199,2.42701014094492
BL6-B10BR_HTxC,AV6D-7-CVLGDDYAQGLTF-AJ26_BV13-2-CASGERLDAEQFF-BJ2-1,single,1,1.272905595320056,1.1555697084652423
BL6-B10BR_HTxC,AV6N-6-CALDTNAYKVIF-AJ30_BV13-2-CASGPGGQNTLYF-BJ2-4,single,1,0.0,0.0
BL6-B10BR_HTxC,AV6N-6-CALDTNAYKVIF-AJ30_BV4-CASSPDLNTLYF-BJ2-4,single,6,1.242745847876922,1.0476078949680125
BL6-B10BR_HTxC,AV6N-6-CALNNNRIFF-AJ31_BV13-3-CASSDANSDYTF-BJ1-2,single,3,0.8210784271781483,0.4152078902585464
BL6-B10BR_HTxC,AV6N-6-CALRDSGGSNAKLTF-AJ42_BV19-CASSMGRTNERLFF-BJ1-4,single,1,1.9502120649147467,1.4447848426728958
BL6-B10BR_HTxC,AV6N-6-CALRNSNNRIFF-AJ31_BV12-1-CASSRTGDSYEQYF-BJ2-7,single,13,0.819138322451875,0.44068582156518155
BL6-B10BR_HTxC,AV6N-6-CALRNSNNRIFL-AJ31_BV4-CASSYGTAGNTLYF-BJ1-3,single,1,0.8166890883150209,0.4974996594708167
BL6-B10BR_HTxC,AV6N-6-CALRSSGSWQLIF-AJ22_BV31-CAWSLEQGSAETLYF-BJ2-3,single,5,2.237107206063846,2.0625174096376955
BL6-B10BR_HTxC,AV6N-6-CALSANSGTYQRF-AJ13_BV13-2-CASGDGGYEQYF-BJ2-7,single,1,1.603759374819711,1.3370349872775709
BL6-B10BR_HTxC,AV6N-6-CALSDLGTNAYKVIF-AJ30_BV13-1-CASSDAGTGGVFF-BJ1-1,single,2,1.5844877761072031,1.2719693288294682
BL6-B10BR_HTxC,AV6N-6-CALSDLNYNQGKLIF-AJ23_BV3-CASSYRGNTGQLYF-BJ2-2,single,1,2.2359263506290326,2.155278225477911
BL6-B10BR_HTxC,AV6N-6-CALSDMGYKLTF-AJ9_BV1-CTCSAVRVDTEVFF-BJ1-1,single,1,1.0616032744704789,0.760054306844441
BL6-B10BR_HTxC,AV6N-6-CALSDMGYKLTF-AJ9_BV13-1-CASKDTYEQYF-BJ2-7,single,1,0.6083651098667979,0.2720975272248763
BL6-B10BR_HTxC,AV6N-6-CALSDMGYKLTF-AJ9_BV13-1-CASSDPGDGVFF-BJ1-1,single,1,1.6729330318733673,1.1639757351111262
BL6-B10BR_HTxC,AV6N-6-CALSDMGYKLTF-AJ9_BV13-2-CASGKTGGQDTQYF-BJ2-5,single,1,0.24323255406800748,0.08882459268556663
BL6-B10BR_HTxC,AV6N-6-CALSDMGYKLTF-AJ9_BV17-CASSPGQGYTGQLYF-BJ2-2,single,1,1.9116515162378402,1.4348829847162095
BL6-B10BR_HTxC,AV6N-6-CALSDMGYKLTF-AJ9_BV3-CASSLGLDTQYF-BJ2-5,single,31,0.3153080545250135,0.12499201377369017
BL6-B10BR_HTxC,AV6N-6-CALSDMGYKLTF-AJ9_BV3-CASSLSSYEQYF-BJ2-7,single,1,0.3499738999797315,0.12824874014563276
BL6-B10BR_HTxC,AV6N-6-CALSDMGYKLTF-AJ9_BV3-CTSSLSTGNSDYTF-BJ1-2,single,1,0.3031693128779093,0.11688597536560497
BL6-B10BR_HTxC,AV6N-6-CALSEAGGYKVVF-AJ12_BV13-1-CASKDTYEQYF-BJ2-7,single,1,0.5399378268487329,0.20370148550547515
BL6-B10BR_HTxC,AV6N-6-CALSEAGGYKVVF-AJ12_BV16-CASSLGGDEQYF-BJ2-7,single,3,1.5848889900502765,1.400911520397471
BL6-B10BR_HTxC,AV6N-6-CALSNNNAPRF-AJ43_BV3-CASSPDWGYAEQFF-BJ2-1,single,4,0.9970634020342539,0.5937547700316493
BL6-B10BR_HTxC,AV6N-6-CALSPSNYNVFYF-AJ21_BV16-CASSLEGTTNSDYTF-BJ1-2,single,1,2.498929563690935,2.2591923395394
BL6-B10BR_HTxC,AV6N-6-CALSSNMGYKLTF-AJ9_BV29-CASRLGNTGQLYF-BJ2-2,single,1,1.5,1.415037499278844
BL6-B10BR_HTxC,AV6N-6-CALSTGKLTF-AJ27_BV13-2-CASGDWGGIQNTLYF-BJ2-4,single,1,0.0,0.0
BL6-B10BR_HTxC,AV6N-6-CALWNSNNRIFF-AJ31_BV12-1-CASSRTGDSYEQYF-BJ2-7,single,1,0.6298599732605766,0.2682529069983691
BL6-B10BR_HTxC,AV6N-6-CTLDTNAYKVIF-AJ30_BV4-CASSPDLNTLYF-BJ2-4,single,1,0.6563475341826839,0.3249119533261837
BL6-B10BR_HTxC,AV7-1-CAGTQVVGQLTF-AJ5_BV13-1-CASSGTGMYEQYF-BJ2-7,single,1,0.6998428398862386,0.395928676331139
BL6-B10BR_HTxC,AV7-1-CATTSSGQKLVF-AJ16_BV13-1-CASSDAGGRGTGQLYF-BJ2-2,single,1,0.436350222912086,0.1840830644389718
BL6-B10BR_HTxC,AV7-1-CAVDQGGRALIF-AJ15_BV1-CTCSAGTGEDTQYF-BJ2-5,single,1,1.0,1.0
BL6-B10BR_HTxC,AV7-1-CAVSDQGGRALIF-AJ15_BV13-2-CASGLGVYEQYF-BJ2-7,single,1,1.0,1.0
BL6-B10BR_HTxC,AV7-1-CAVSMDYANKMIF-AJ47_BV13-2-CASGDQGASGNTLYF-BJ1-3,single,1,0.46915736910192335,0.21007915989759637
BL6-B10BR_HTxC,AV7-1-CAVSMRTGNTGKLIF-AJ37_BV13-1-CASSDRDTEVFF-BJ1-1,single,1,0.8112781244591328,0.6780719051126377
BL6-B10BR_HTxC,AV7-1-CAVSSNNRIFF-AJ31_BV1-CTCSADGDWGGYEQYF-BJ2-7,single,1,2.4137995646056805,2.2927817492278457
BL6-B10BR_HTxC,AV7-1-CAVSSQGGRALIF-AJ15_BV13-2-CASGGGWNTEVFF-BJ1-1,single,1,1.0,1.0
BL6-B10BR_HTxC,AV7-2-CAAGNTGKLIF-AJ37_BV13-2-CASGDWGGKDAETLYF-BJ2-3,single,3,0.6392493156510157,0.4885461093847385
BL6-B10BR_HTxC,AV7-2-CAAITGNTGKLIF-AJ37_BV19-CASSIGTGAYEQYF-BJ2-7,single,1,1.75,1.5405683813627027
BL6-B10BR_HTxC,AV7-2-CAAKTGFASALTF-AJ35_BV19-CASSIQGSEQYF-BJ2-7,single,1,1.584962500721156,1.5849625007211563
BL6-B10BR_HTxC,AV7-2-CAALNTGNYKYVF-AJ40_BV13-1-CASKDTYEQYF-BJ2-7,single,1,0.3952821646994754,0.15311671375575844
BL6-B10BR_HTxC,AV7-2-CAASDNYAQGLTF-AJ26_BV13-1-CASKDTYEQYF-BJ2-7,single,1,0.6173311690874499,0.29734245660908903
BL6-B10BR_HTxC,AV7-2-CAASDNYAQGLTF-AJ26_BV13-1-CASSQANYAEQFF-BJ2-1,single,1,0.5032583347756457,0.3174821898561702
BL6-B10BR_HTxC,AV7-2-CAASDNYAQGLTF-AJ26_BV13-2-CASGDQGASGNTLYF-BJ1-3,single,1,0.20972467147541807,0.08013505981951934
BL6-B10BR_HTxC,AV7-2-CAASDNYAQGLTF-AJ26_BV31-CAWSLGNYAEQFF-BJ2-1,single,10,0.9458078624027568,0.6557955914553453
BL6-B10BR_HTxC,AV7-2-CAASEGSNAKLTF-AJ42_BV31-CAWSARGDTQYF-BJ2-5,single,1,0.6422064220541267,0.35209294516926215
BL6-B10BR_HTxC,AV7-2-CAASENTGNYKYVF-AJ40_BV20-CGASPSGNTLYF-BJ1-3,single,1,1.1246581201547063,0.9744996277061336
BL6-B10BR_HTxC,AV7-2-CAASGGNKVVF-AJ34_BV13-1-CASKDTYEQYF-BJ2-7,single,1,1.6698050549913166,1.2571578394971246
BL6-B10BR_HTxC,AV7-2-CAASGGNKVVF-AJ34_BV13-2-CASGDWGGVSAETLYF-BJ2-3,single,1,0.9473759016233784,0.4926508524836596
BL6-B10BR_HTxC,AV7-2-CAASGGSSGNKLIF-AJ32_BV5-CASSSGQYAEQFF-BJ2-1,single,2,1.9029457542054486,1.4449587585024026
BL6-B10BR_HTxC,AV7-2-CAASGTGGYKVVF-AJ12_BV13-2-CASGDAWTGGHNYAEQFF-BJ2-1,single,1,1.8464393446710154,1.7369655941662059
BL6-B10BR_HTxC,AV7-2-CAASGTGGYKVVF-AJ12_BV13-2-CASGDPPGTGDNYAEQFF-BJ2-1,single,3,1.7287650667650798,1.2966876637827704
BL6-B10BR_HTxC,AV7-2-CAASGTGGYKVVF-AJ12_BV13-3-CASSERTEVFF-BJ1-1,single,1,0.6697741088639011,0.32742072441263265
BL6-B10BR_HTxC,AV7-2-CAASIGTGGYKVVF-AJ12_BV15-CASTGTGGYEQYF-BJ2-7,single,1,1.584962500721156,1.5849625007211563
BL6-B10BR_HTxC,AV7-2-CAASINYAQGLTF-AJ26_BV3-CASSLGQISNERLFF-BJ1-4,single,1,1.1497261303181612,1.0618575172368556
BL6-B10BR_HTxC,AV7-2-CAASITGNTGKLIF-AJ37_BV26-CASSLGLNYAEQFF-BJ2-1,single,6,0.8321347306593125,0.617564276011621
BL6-B10BR_HTxC,AV7-2-CAASIYYSNNRLTL-AJ7_BV13-1-CASSDKSTEVFF-BJ1-1,single,1,1.9056390622295665,1.8300749985576876
BL6-B10BR_HTxC,AV7-2-CAASLAGSFNKLTF-AJ4_BV13-2-CASGDVTGGAEQFF-BJ2-1,single,2,1.5220552088742005,1.4737662900529322
BL6-B10BR_HTxC,AV7-2-CAASLNMGYKLTF-AJ9_BV13-2-CASGDIGGNTEVFF-BJ1-1,single,1,2.3531906713383224,1.9880603866884747
BL6-B10BR_HTxC,AV7-2-CAASLNMGYKLTF-AJ9_BV3-CASSLSSYEQYF-BJ2-7,single,1,0.5085129048471158,0.21144212177590713
BL6-B10BR_HTxC,AV7-2-CAASMDSNYQLIW-AJ33_BV1-CTCSADRGVNSPLYF-BJ1-6,single,1,1.5465935642949382,1.211054877402167
BL6-B10BR_HTxC,AV7-2-CAASMEQGGRALIF-AJ15_BV13-1-CASSDAGTEVFF-BJ1-1,single,1,0.6343095546405662,0.45166202449138
BL6-B10BR_HTxC,AV7-2-CAASMGYKLTF-AJ9_BV5-CASSQVWGEDTQYF-BJ2-5,single,1,1.464381457724494,1.0069416094188466
BL6-B10BR_HTxC,AV7-2-CAASMRLPGTGSNRLTF-AJ28_BV4-CASSWGNYAEQFF-BJ2-1,single,1,1.5628066316931741,1.3708376953683088
BL6-B10BR_HTxC,AV7-2-CAASMSNYNVLYF-AJ21_BV31-CAWSPGQGNSDYTF-BJ1-2,single,2,2.075380177086984,1.656219905707716
BL6-B10BR_HTxC,AV7-2-CAASQGGRALIF-AJ15_BV14-CASSLGTGTETLYF-BJ2-3,single,2,0.792481250360578,0.7924812503605781
BL6-B10BR_HTxC,AV7-2-CAASQGGRALIF-AJ15_BV14-CASSLRGEQYF-BJ2-7,single,1,0.5097417376010344,0.27269059700549936
BL6-B10BR_HTxC,AV7-2-CAASRGDYANKMIF-AJ47_BV31-CAWLGGLAETLYF-BJ2-3,single,1,0.502452828241968,0.22247582616612221
BL6-B10BR_HTxC,AV7-2-CAASSAGNKLTF-AJ17_BV13-3-CASRDRGEQYF-BJ2-7,single,1,0.5176516285093057,0.28253512510192125
BL6-B10BR_HTxC,AV7-2-CAASTSGSWQLIF-AJ22_BV4-CASSSGRFYEQYF-BJ2-7,single,1,0.0,0.0
BL6-B10BR_HTxC,AV7-2-CAATGNTGKLIF-AJ37_BV13-1-CASSDARVGEQYF-BJ2-7,single,1,0.21654747096651467,0.0673042860184872
BL6-B10BR_HTxC,AV7-2-CAVASSGSWQLIF-AJ22_BV13-2-CASGGTLGSSAETLYF-BJ2-3,single,1,0.0,0.0
BL6-B10BR_HTxC,AV7-2-CAVSSNTNKVVF-AJ34_BV4-CASSWDWGGEQYF-BJ2-7,single,4,1.8246393155687963,1.637774762213718
BL6-B10BR_HTxC,AV7-2-CAVSYAQGLTF-AJ26_BV5-CASSQGWGENTGQLYF-BJ2-2,single,1,2.73625137579068,2.2571578394971246
BL6-B10BR_HTxC,AV7-2-CAVTGNYKYVF-AJ40_BV13-2-CASGDQGASGNTLYF-BJ1-3,single,1,0.34117437023349834,0.1508599118948309
BL6-B10BR_HTxC,AV7-2-CAVTGNYKYVF-AJ40_BV13-2-CASGDWGGVSAETLYF-BJ2-3,single,1,1.2987949406953985,1.0931094043914815
BL6-B10BR_HTxC,AV7-3-CAADQGGRALIF-AJ15_BV1-CTCSAGTGDTGQLYF-BJ2-2,single,1,0.9182958340544896,0.84799690655495
BL6-B10BR_HTxC,AV7-3-CAADSGYNKLT-AJ11_BV12-1-CASSQGNTLYF-BJ2-4,single,1,1.176065103715944,0.769045565160128
BL6-B10BR_HTxC,AV7-3-CAADSGYNKLTF-AJ11_BV1-CTCRPGQNYAEQFF-BJ2-1,single,1,1.8897492620242018,1.392073613094559
BL6-B10BR_HTxC,AV7-3-CAADSGYNKLTF-AJ11_BV13-2-CASGDQGASGNTLYF-BJ1-3,single,1,0.0,0.0
BL6-B10BR_HTxC,AV7-3-CAADSGYNKLTF-AJ11_BV13-2-CASGDSGQAPLF-BJ1-5,single,14,0.6523630804834102,0.40489321156513086
BL6-B10BR_HTxC,AV7-3-CAADSGYNKLTF-AJ11_BV13-3-CASSDARISNERLFF-BJ1-4,single,1,1.584962500721156,1.5849625007211563
BL6-B10BR_HTxC,AV7-3-CAADSGYNKLTF-AJ11_BV3-CASKDTYEQYF-BJ2-7,single,1,0.7338054550605168,0.374729510625307
BL6-B10BR_HTxC,AV7-3-CAADSGYNKLTF-AJ11_BV31-CAWSLGNYAEQFF-BJ2-1,single,1,0.6998428398862386,0.395928676331139
BL6-B10BR_HTxC,AV7-3-CAADTNAYKVIF-AJ30_BV13-2-CASGGQGAETLYF-BJ2-3,single,1,3.3910978030442234,3.25567239059887
BL6-B10BR_HTxC,AV7-3-CAATSSGQKLVF-AJ16_BV1-CTCSADRAGVDTQYF-BJ2-5,single,1,0.9182958340544896,0.84799690655495
BL6-B10BR_HTxC,AV7-3-CAPHNTNTGKLTF-AJ27_BV30-CSSRDYTGQLYF-BJ2-2,single,1,1.4056390622295665,1.2995602818589078
BL6-B10BR_HTxC,AV7-3-CAVASSGSWQLIF-AJ22_BV1-CTCSSDRVGTEVFF-BJ1-1,single,1,1.9182958340544896,1.84799690655495
BL6-B10BR_HTxC,AV7-3-CAVGHQGGRALIF-AJ15_BV19-CASSIGVNTLYF-BJ2-4,single,1,1.5030520126403792,0.8700848227991488
BL6-B10BR_HTxC,AV7-3-CAVNNNNAPRF-AJ43_BV13-2-CASGDWGGAYEQYF-BJ2-7,single,1,0.5401769435203686,0.21687807788624922
BL6-B10BR_HTxC,AV7-3-CAVRNTNTGKLTF-AJ27_BV30-CSSRASYEQYF-BJ2-7,single,1,2.1556390622295662,2.0
BL6-B10BR_HTxC,AV7-3-CAVSGGNYKPTF-AJ6_BV31-CAWSYRGETLYF-BJ2-3,single,7,0.9627476491096135,0.7530016350584408
BL6-B10BR_HTxC,AV7-3-CAVSMRSNYQLIW-AJ33_BV1-CTCSAYRDQAPLF-BJ1-5,single,2,1.2002320108343696,0.9299111709758698
BL6-B10BR_HTxC,AV7-3-CAVSMRSNYQLIW-AJ33_BV17-CASSRLGSSYEQYF-BJ2-7,single,1,3.1820058147602137,2.8598223419517397
BL6-B10BR_HTxC,AV7-3-CAVSNNNAPRF-AJ43_BV13-2-CASGDWGGSYEQYF-BJ2-7,single,1,1.2198052505200172,0.6646219498988066
BL6-B10BR_HTxC,AV7-3-CAVSNNNDAPRF-AJ43_BV3-CASSLAAVYEQYF-BJ2-7,single,1,1.061278124459133,0.7520724865564145
BL6-B10BR_HTxC,AV7-3-CAVSNNNNAP-AJ43_BV13-2-CASGDQGASGNTLYF-BJ1-3,single,1,0.3447530644464947,0.12980209489800792
BL6-B10BR_HTxC,AV7-3-CAVSNSGTYQRF-AJ13_BV31-CAWTDTSNERLFF-BJ1-4,single,1,2.521640636343318,2.444784842672896
BL6-B10BR_HTxC,AV7-3-CAVSPASSGSWQLIF-AJ22_BV13-2-CASGDVGGNSPLYF-BJ1-6,single,3,0.6462331741779114,0.47015845136216283
BL6-B10BR_HTxC,AV7-3-CAVSPASSGSWQLIF-AJ22_BV14-CASSFRTEVFF-BJ1-1,single,1,1.4179493739444216,1.098684274859407
BL6-B10BR_HTxC,AV7-3-CAVSPNYNQGKLIF-AJ23_BV13-1-CASRTGKEQYF-BJ2-7,single,2,1.4853718653062735,1.4203567595020172
BL6-B10BR_HTxC,AV7-3-CAVSQGGRALIF-AJ15_BV1-CTCSAEGTTEVFF-BJ1-1,single,1,2.9966308482846764,2.8572993532340085
BL6-B10BR_HTxC,AV7-3-CAVSQGGRALIF-AJ15_BV13-2-CASGDRANSDYTF-BJ1-2,single,1,2.0883763717345074,1.9434164716336328
BL6-B10BR_HTxC,AV7-3-CAVSRTGGLS-AJ2_BV13-2-CASGDTGGQNTLYF-BJ2-4,single,1,0.37123232664087563,0.20531890797750652
BL6-B10BR_HTxC,AV7-3-CAVSRTGGLSGKLIF-AJ2_BV31-CAWLGGLAETLYF-BJ2-3,single,1,0.6611473973036841,0.3086942260104123
BL6-B10BR_HTxC,AV7-3-CAVSRTGGLSGKLP-AJ2_BV14-CASSGDRVSETLYF-BJ2-3,single,1,0.195582996380152,0.07439446409013273
BL6-B10BR_HTxC,AV7-3-CAVSRTGGLSGKLTF-AJ2_BV13-2-CASGDQGASGNTLYF-BJ1-3,single,1,0.346403213138319,0.12526977827391497
BL6-B10BR_HTxC,AV7-3-CAVSRTGGLSGKLTF-AJ2_BV13-2-CASGDTGGQNTLYF-BJ2-4,single,10,1.0336265035532,0.6923961026342018
BL6-B10BR_HTxC,AV7-3-CAVSRTGGLSGKLTF-AJ2_BV13-2-CASWGGFDTQYF-BJ2-5,single,1,1.7498258993735296,1.1651240151784907
BL6-B10BR_HTxC,AV7-3-CAVSSNYQLIW-AJ33_BV1-CTCSAGWGESQDTQYF-BJ2-5,single,1,1.0,1.0
BL6-B10BR_HTxC,AV7-3-CAVSSNYQLIW-AJ33_BV13-2-CASGDWGGQNTLYF-BJ2-4,single,1,0.31596984102272513,0.12436369303659552
BL6-B10BR_HTxC,AV7-3-CAVSTGFASALTF-AJ35_BV1-CTCSADRGNQAPLF-BJ1-5,single,1,2.6464393446710153,2.473931188332412
BL6-B10BR_HTxC,AV7-3-CAVSTNYGSSGNKLIF-AJ32_BV13-1-CASSDRGNTEVFF-BJ1-1,single,1,0.0,0.0
BL6-B10BR_HTxC,AV7-3-CAVTGGYKVVF-AJ12_BV19-CASTGGERLFF-BJ1-4,single,1,1.3709505944546687,1.1844245711374273
BL6-B10BR_HTxC,AV7-3-CAVTGNTGKLIF-AJ37_BV26-CASSLTGREQYF-BJ2-7,single,1,2.247927513443585,1.9566962157791397
BL6-B10BR_HTxC,AV7-3-CAVTGNYKYVF-AJ40_BV13-2-CASGDAQGANERLFF-BJ1-4,single,1,0.31221953325757146,0.13259360962612834
BL6-B10BR_HTxC,AV7-3-CAVTGNYKYVF-AJ40_BV17-CASSPGQGYTGQLYF-BJ2-2,single,1,1.4056390622295665,1.2995602818589078
BL6-B10BR_HTxC,AV7-4-CAARSNMGYKLTF-AJ9_BV29-CASSEGQGVEQYF-BJ2-7,single,1,2.321928094887362,2.0588936890535683
BL6-B10BR_HTxC,AV7-4-CAASDLNNYAQGLTF-AJ26_BV13-2-CASGDVGSDYTF-BJ1-2,single,1,0.8683927290103626,0.5570565041512717
BL6-B10BR_HTxC,AV7-4-CAASDNSAGNKLT-AJ17_BV13-2-CASGDAQGSNERLFF-BJ1-4,single,1,0.2683246709802796,0.09344799655744505
BL6-B10BR_HTxC,AV7-4-CAASDNSAGNKLTF-AJ17_BV1-CTCSAARFTGQLYF-BJ2-2,single,3,0.33285566222320984,0.15694769042570433
BL6-B10BR_HTxC,AV7-4-CAASDSGYNKLTF-AJ11_BV1-CTCSGTTETLYF-BJ2-3,single,1,1.7527152789797045,1.5849625007211563
BL6-B10BR_HTxC,AV7-4-CAASDSSGSWQLIF-AJ22_BV13-1-CASSDAGYEQYF-BJ2-7,single,1,0.5475806718438031,0.25197423184710926
BL6-B10BR_HTxC,AV7-4-CAASEDSNYQLIW-AJ33_BV1-CTCSAGYQAPLF-BJ1-5,single,1,2.8353479811304725,2.6041804162652973
BL6-B10BR_HTxC,AV7-4-CAASEDTGNYKYVF-AJ40_BV13-2-CASGDQGASGNTLYF-BJ1-3,single,1,0.14144054254182067,0.057691943843815485
BL6-B10BR_HTxC,AV7-4-CAASEHEYNQGKLIF-AJ23_BV3-CASSLSGVYAEQFF-BJ2-1,single,1,2.5,2.415037499278844
BL6-B10BR_HTxC,AV7-4-CAASENTENYKYVF-AJ40_BV20-CGASPSGNTLYF-BJ1-3,single,1,0.5032583347756457,0.3174821898561702
BL6-B10BR_HTxC,AV7-4-CAASENTGDYKYVF-AJ40_BV13-2-CASGDQGASGNTLYF-BJ1-3,single,1,0.1773614227705763,0.06590031691364705
BL6-B10BR_HTxC,AV7-4-CAASENTGNYKYIF-AJ40_BV13-2-CASGDLRDWDSQNTLYF-BJ2-4,single,1,0.46708144015900344,0.23378649801834464
BL6-B10BR_HTxC,AV7-4-CAASENTGNYKYV-AJ40_BV1-CTCSAVRVGNTLYF-BJ1-3,single,1,0.5697366012655846,0.26298817375800565
BL6-B10BR_HTxC,AV7-4-CAASENTGNYKYVF-AJ40_BV1-CTCSAVRVDTEVFF-BJ1-1,single,1,1.3787834934861753,1.222392421336448
BL6-B10BR_HTxC,AV7-4-CAASENTGNYKYVF-AJ40_BV1-CTCSVDRFSYNSPLYF-BJ1-6,single,1,0.6784070909375675,0.3853458143420387
BL6-B10BR_HTxC,AV7-4-CAASENTGNYKYVF-AJ40_BV12-1-CASSDWGGAEQFF-BJ2-1,single,1,0.9048202460974559,0.46125435424411465
BL6-B10BR_HTxC,AV7-4-CAASENTGNYKYVF-AJ40_BV13-1-CASSDAGGSNERLFF-BJ1-4,single,1,1.7589385323502773,1.1064220591361544
BL6-B10BR_HTxC,AV7-4-CAASENTGNYKYVF-AJ40_BV13-1-CASSEQGGYEQYF-BJ2-7,single,1,0.5032583347756457,0.3174821898561702
BL6-B10BR_HTxC,AV7-4-CAASENTGNYKYVF-AJ40_BV13-1-CASSETGVSSYEQYF-BJ2-7,single,1,2.3860372108984476,2.0456426655557123
BL6-B10BR_HTxC,AV7-4-CAASENTGNYKYVF-AJ40_BV13-2-CASGDQGASGNTLYF-BJ1-3,single,2,0.4043248473823143,0.20043352984967452
BL6-B10BR_HTxC,AV7-4-CAASENTGNYKYVF-AJ40_BV13-2-CASGDRDSSYEQYF-BJ2-7,single,1,1.7229712791784755,1.4846277714639171
BL6-B10BR_HTxC,AV7-4-CAASENTGNYKYVF-AJ40_BV13-2-CASGDVGGANERLFF-BJ1-4,single,1,1.0,1.0
BL6-B10BR_HTxC,AV7-4-CAASENTGNYKYVF-AJ40_BV13-2-CASGDVGGNSPLYF-BJ1-6,single,1,0.0,0.0
BL6-B10BR_HTxC,AV7-4-CAASENTGNYKYVF-AJ40_BV13-2-CASGERLDAEQFF-BJ2-1,single,1,0.547553154980007,0.284511130760292
BL6-B10BR_HTxC,AV7-4-CAASENTGNYKYVF-AJ40_BV13-2-CASGGANTEVFF-BJ1-1,single,1,0.9662204144906462,0.5187854241166724
BL6-B10BR_HTxC,AV7-4-CAASENTGNYKYVF-AJ40_BV13-3-CASSLTGGNYAEQFF-BJ2-1,single,1,0.48217919020227284,0.23514432874529553
BL6-B10BR_HTxC,AV7-4-CAASENTGNYKYVF-AJ40_BV14-CASSFRTEVFF-BJ1-1,single,1,1.0379870687018353,0.6437733928484837
BL6-B10BR_HTxC,AV7-4-CAASENTGNYKYVF-AJ40_BV16-CASSGLGGLSYEQYF-BJ2-7,single,1,0.991251399208437,0.5887204998267563
BL6-B10BR_HTxC,AV7-4-CAASENTGNYKYVF-AJ40_BV16-CASSLGGDTEVFF-BJ1-1,single,1,0.6075575039285437,0.2898881059367831
BL6-B10BR_HTxC,AV7-4-CAASENTGNYKYVF-AJ40_BV16-CASSWGAETLYF-BJ2-3,single,1,0.31328233691148033,0.12475503100794673
BL6-B10BR_HTxC,AV7-4-CAASENTGNYKYVF-AJ40_BV17-CASSPGQGYTGQLYF-BJ2-2,single,1,1.896240625180289,1.5849625007211565
BL6-B10BR_HTxC,AV7-4-CAASENTGNYKYVF-AJ40_BV2-CASSLGVDTQYF-BJ2-5,single,1,2.20216356327692,1.6744720338145551
BL6-B10BR_HTxC,AV7-4-CAASENTGNYKYVF-AJ40_BV3-CASSLDWSSYEQYF-BJ2-7,single,1,2.794732575190954,2.3540786184910685
BL6-B10BR_HTxC,AV7-4-CAASENTGNYKYVF-AJ40_BV3-CASSLSSYEQYF-BJ2-7,single,1,0.37123232664087563,0.20531890797750652
BL6-B10BR_HTxC,AV7-4-CAASENTGNYKYVF-AJ40_BV3-CASSSGQISNERLFF-BJ1-4,single,1,0.12741851179235877,0.05061021448588065
BL6-B10BR_HTxC,AV7-4-CAASENTGNYKYVF-AJ40_BV3-CASSTGQISNERLFF-BJ1-4,single,1,0.45502065977946415,0.21745337152489821
BL6-B10BR_HTxC,AV7-4-CAASENTGNYKYVF-AJ40_BV31-CAWLGGLAETLYF-BJ2-3,single,1,0.6743261687699854,0.29492262384170786
BL6-B10BR_HTxC,AV7-4-CAASEPGGRALIF-AJ15_BV13-2-CASGDQGASGNTLYF-BJ1-3,single,1,0.6413961284764207,0.2670884755470737
BL6-B10BR_HTxC,AV7-4-CAASEPGGRALIF-AJ15_BV20-CGARGQNYAEQFF-BJ2-1,single,1,0.8658566174572235,0.5438238059276697
BL6-B10BR_HTxC,AV7-4-CAASEPNNNAPRF-AJ43_BV1-CTCSRDISYEQYF-BJ2-7,single,2,0.5783898247235197,0.4444843438056282
BL6-B10BR_HTxC,AV7-4-CAASEPYQGGRALIF-AJ15_BV13-2-CASGQSSQNTLYF-BJ2-4,single,1,0.8716575094907671,0.4752568407022071
BL6-B10BR_HTxC,AV7-4-CAASEQDYNQGKLIF-AJ23_BV3-CASSWTGNYAEQFF-BJ2-1,single,1,2.9218900109947867,2.663365650059325
BL6-B10BR_HTxC,AV7-4-CAASNMGYKLTF-AJ9_BV4-CASSSRGEQYF-BJ2-7,single,1,2.709147917027245,2.4420045468791134
BL6-B10BR_HTxC,AV7-5-CAASEGSNAKLTF-AJ42_BV31-CAWTDTSNERLFF-BJ1-4,single,1,2.1556390622295662,2.0
BL6-B10BR_HTxC,AV7-5-CAATGGNNKLTF-AJ56_BV3-CASSQDWSNTGQLYF-BJ2-2,single,2,1.2535988809719214,0.9005925774086988
BL6-B10BR_HTxC,AV7-5-CAEISSNTNKVVF-AJ34_BV1-CTCSALRFSGNTLYF-BJ1-3,single,20,0.926782631042055,0.6221378377940818
BL6-B10BR_HTxC,AV7-5-CAEISSNTNKVVF-AJ34_BV17-CASSPGQGYTGQLYF-BJ2-2,single,1,0.41381685030363374,0.2391876638794263
BL6-B10BR_HTxC,AV7-5-CAEISSNTNKVVF-AJ34_BV3-CASSLGQISNERLFF-BJ1-4,single,1,0.5435644431995964,0.3561438102252753
BL6-B10BR_HTxC,AV7-5-CAPDQGGRALIF-AJ15_BV3-CASSSGPNYEQYF-BJ2-7,single,1,0.3383345228284177,0.1368376132645884
BL6-B10BR_HTxC,AV7-5-CAVGVGDNSKLIW-AJ38_BV29-CASSLGRNNQAPLF-BJ1-5,single,1,2.1971597234241496,2.091922489441039
BL6-B10BR_HTxC,AV7-5-CAVHMDYANKMIF-AJ47_BV19-CASSWSSQNTLYF-BJ2-4,single,1,1.9318060792418872,1.27220552765318
BL6-B10BR_HTxC,AV7-5-CAVPGYQNFYF-AJ49_BV1-CTCSAGQGNTGQLYF-BJ2-2,single,6,0.7792008251672852,0.4541518356251035
BL6-B10BR_HTxC,AV7-5-CAVRPSGSWQLIF-AJ22_BV1-CTCSAVGFAETLYF-BJ2-3,single,1,0.28428049374392667,0.1014452635595456
BL6-B10BR_HTxC,AV7-5-CAVSIGSNYQLIW-AJ33_BV19-CASSIGTGGDTLYF-BJ2-4,single,1,1.6644977792004614,1.3667823306716225
BL6-B10BR_HTxC,AV7-5-CAVSITGNTGKLIF-AJ37_BV3-CASSLGTGGYYEQYF-BJ2-7,single,1,2.937693569728646,2.697807542550714
BL6-B10BR_HTxC,AV7-5-CAVSMDYAKQDDL-AJ47_BV13-3-CASSERVNQDTQYF-BJ2-5,single,1,0.5229784263810124,0.26701425674633933
BL6-B10BR_HTxC,AV7-5-CAVSMDYANKMIF-AJ47_BV1-CTCSAVRVSEVFF-BJ1-1,single,1,0.7653636126766978,0.39248788358605824
BL6-B10BR_HTxC,AV7-5-CAVSMDYANKMIF-AJ47_BV13-1-CASKDTYEQYF-BJ2-7,single,1,0.286504014780105,0.09790642730356837
BL6-B10BR_HTxC,AV7-5-CAVSMDYANKMIF-AJ47_BV13-2-CASGGGWNTEVFF-BJ1-1,single,1,0.1623261801753929,0.06867285530237648
BL6-B10BR_HTxC,AV7-5-CAVSMDYANKMIF-AJ47_BV13-3-CASSDRVNTGQLYF-BJ2-2,single,1,0.9952525494396791,0.9905465585536082
BL6-B10BR_HTxC,AV7-5-CAVSMDYANKMIF-AJ47_BV16-CASSSGLYEQYF-BJ2-7,single,1,1.991076059838222,1.506959988719883
BL6-B10BR_HTxC,AV7-5-CAVSMDYANKMIF-AJ47_BV26-CASRDWGQDTQYF-BJ2-5,single,1,0.8638172331038233,0.6183327186690802
BL6-B10BR_HTxC,AV7-5-CAVSMDYANKMIF-AJ47_BV29-CASSLGGLYAEQFF-BJ2-1,single,1,1.7720772537350808,1.6674246609131291
BL6-B10BR_HTxC,AV7-5-CAVSMDYANKMIF-AJ47_BV29-CASSSGNTLYF-BJ1-3,single,1,1.07605681334292,0.7527544799703383
BL6-B10BR_HTxC,AV7-5-CAVSMDYANKMIF-AJ47_BV3-CASSAGLGAEQYF-BJ2-7,single,1,1.5157895841746822,1.0544477840223765
BL6-B10BR_HTxC,AV7-5-CAVSMDYANKMIF-AJ47_BV3-CASSLAAVYEQYF-BJ2-7,single,160,0.6894682493870377,0.39303380150242956
BL6-B10BR_HTxC,AV7-5-CAVSMDYANKMIF-AJ47_BV3-CASSLGQISNERLFF-BJ1-4,single,1,0.41381685030363374,0.2391876638794263
BL6-B10BR_HTxC,AV7-5-CAVSMDYANKMIF-AJ47_BV3-CASSPGYYAEQFF-BJ2-1,single,1,0.34974134943381624,0.13655486298172032
BL6-B10BR_HTxC,AV7-5-CAVSMDYANKMIF-AJ47_BV3-CASSQGQISNERLFF-BJ1-4,single,1,0.5885058040831609,0.28453547504471594
BL6-B10BR_HTxC,AV7-5-CAVSMDYANKMIF-AJ47_BV3-CDRSVATVYEQYF-BJ2-7,single,1,0.3997900666170139,0.18301637674461904
BL6-B10BR_HTxC,AV7-5-CAVSMDYANKVIF-AJ47_BV1-CTCSVGTGGSTGQLYF-BJ2-2,single,1,1.8113464332493887,1.4359633381333916
BL6-B10BR_HTxC,AV7-5-CAVSMEGADRLTF-AJ45_BV16-CASSPGQGQAPLF-BJ1-5,single,1,2.2516291673878226,2.169925001442312
BL6-B10BR_HTxC,AV7-5-CAVSMNNYAQGLTF-AJ26_BV29-CASRLGYEQYF-BJ2-7,single,1,2.6213526136130225,2.4818690077570524
BL6-B10BR_HTxC,AV7-5-CAVSMNTGYQNFYF-AJ49_BV12-1-CASSLGNTLYF-BJ1-3,single,1,2.8336170213883864,2.7153591379768316
BL6-B10BR_HTxC,AV7-5-CAVSRDSNYQLIW-AJ33_BV1-CTCSAVRVGNTLYF-BJ1-3,single,1,1.4046653330944496,1.222392421336448
BL6-B10BR_HTxC,AV7-5-CAVSRDSNYQLIW-AJ33_BV14-CASSLRDEQYF-BJ2-7,single,1,1.9502120649147465,1.9142701259741162
BL6-B10BR_HTxC,AV7-5-CAVSRDSNYQLIW-AJ33_BV16-CASSLRDTLYF-BJ2-4,single,2,0.46965878408751394,0.23745912895183155
BL6-B10BR_HTxC,AV7-5-CAVSRDSNYQLIW-AJ33_BV31-CAWSLGANSPLYF-BJ1-6,single,3,1.0363778725182136,0.831155587609072
BL6-B10BR_HTxC,AV7-5-CAVSSAGNKLTF-AJ17_BV13-3-CASSDANSGNTLYF-BJ1-3,single,1,1.2516291673878228,1.0
BL6-B10BR_HTxC,AV7-5-CAVSSDYANKMIF-AJ47_BV13-3-CASSPLGGYEQYF-BJ2-7,single,2,1.9679078545765152,1.8098276094436578
BL6-B10BR_HTxC,AV7-5-CAVSSDYANKMVF-AJ47_BV1-CTCSAVRVDERLFF-BJ1-4,single,1,1.584962500721156,1.0824621601919733
BL6-B10BR_HTxC,AV7-5-CAVSTDYANKMIF-AJ47_BV16-CASSWGQDTQYF-BJ2-5,single,1,1.3784188527203236,1.0559846097771712
BL6-B10BR_HTxC,AV7-5-CAVSTYYGSSGNKLIF-AJ32_BV13-1-CASSDGVHYAEQFF-BJ2-1,single,1,1.789929075309999,1.6334610184123461
BL6-B10BR_HTxC,AV7-5-CAVSTYYGSSGNKLIF-AJ32_BV13-2-CASGGANTEVFF-BJ1-1,single,1,0.7447157521061767,0.4005527028565871
BL6-B10BR_HTxC,AV7-5-CAVSTYYGSSGNKLIF-AJ32_BV13-2-CASGLGGDTQYF-BJ2-5,single,12,1.0139015855737055,0.7825523931901229
BL6-B10BR_HTxC,AV7-5-CAVSTYYGSSGNKLIF-AJ32_BV17-CASSRLGSSYEQYF-BJ2-7,single,1,1.061278124459133,0.7520724865564145
BL6-B10BR_HTxC,AV7-6-CAVMDYANKMIF-AJ47_BV13-3-CASSDRGGSNERLFF-BJ1-4,single,1,1.584962500721156,1.5849625007211563
BL6-B10BR_HTxC,AV7-6-CAVNSGGSNYKLTF-AJ53_BV1-CTCSGLDETLYF-BJ2-3,single,3,2.222476409794844,2.0071858727017706
BL6-B10BR_HTxC,AV7-6-CAVSGYQNFYF-AJ49_BV4-CASSSQRDAEQF-BJ2-1,single,1,1.5,1.415037499278844
BL6-B10BR_HTxC,AV7-6-CAVSGYQNFYF-AJ49_BV4-CASSSQRYAEQFF-BJ2-1,single,1,2.0048861640918427,1.7895802203296278
BL6-B10BR_HTxC,AV7-6-CAVSPNAGAKLTF-AJ39_BV31-CAWSLGHYAEQFF-BJ2-1,single,2,1.0706018198430092,0.695352502242074
BL6-B10BR_HTxC,AV7-6-CAVSSANNNNAPRF-AJ43_BV5-CASSQDLWGAYEQYF-BJ2-7,single,1,1.879964948727111,1.4818690077570524
BL6-B10BR_HTxC,AV7-6-CAVSSSNTNKVVF-AJ34_BV1-CTCSALREDTQYF-BJ2-5,single,2,0.1830702492734261,0.07495085427486028
BL6-B10BR_HTxC,AV7-6-CAVYAQGLTF-AJ26_BV1-CTCSVDRFSYNSPLYF-BJ1-6,single,37,0.8911928187503927,0.6661165081922817
BL6-B10BR_HTxC,AV7-6-CAVYAQGLTF-AJ26_BV1-CTYSVDRFSYNSPLYF-BJ1-6,single,1,0.27328590359694965,0.11334966204115789
BL6-B10BR_HTxC,AV7-6-CAVYAQGLTF-AJ26_BV13-1-CASSGRTTNTEVFF-BJ1-1,single,1,0.9654874579530648,0.5871096882597733
BL6-B10BR_HTxC,AV7-6-CAVYAQGLTF-AJ26_BV13-1-CASSVGGGYAEQFF-BJ2-1,single,1,0.37123232664087563,0.20531890797750652
BL6-B10BR_HTxC,AV7-6-CAVYAQGLTF-AJ26_BV19-CASSIGDRDEQYF-BJ2-7,single,1,0.16866093149667025,0.07210354627117936
BL6-B10BR_HTxC,AV7-6-CAVYAQGLTF-AJ26_BV3-CASSSGPNYEQYF-BJ2-7,single,1,0.8166890883150209,0.4974996594708167
BL6-B10BR_HTxC,AV7-6-CAVYAQGLTF-AJ26_BV5-CASSPDRGDERLFF-BJ1-4,single,1,0.6052912052261445,0.3273806509224083
BL6-B10BR_HTxC,AV7D-3-CAASENTGNYKYV-AJ40_BV16-CASSLGGDTEVFF-BJ1-1,single,1,1.5639445250012967,0.9952651908899665
BL6-B10BR_HTxC,AV7D-3-CAASGGNYKPTF-AJ6_BV31-CAWSWRAETLYF-BJ2-3,single,1,0.5032583347756457,0.3174821898561702
BL6-B10BR_HTxC,AV7D-3-CAGTGGYKVVF-AJ12_BV13-2-CASGDWGGDYEQYF-BJ2-7,single,2,0.4057570123092651,0.17140766754735837
BL6-B10BR_HTxC,AV7D-3-CAVAGNYKYVF-AJ40_BV13-2-CASGGGWNTEVFF-BJ1-1,single,1,2.682588730501833,2.387516436514939
BL6-B10BR_HTxC,AV7D-3-CAVANTNKVVF-AJ34_BV13-2-CASGDWGGSYEQYF-BJ2-7,single,3,1.1017338304822446,0.758124014233183
BL6-B10BR_HTxC,AV7D-3-CAVANTNKVVF-AJ34_BV4-CASSYIEVFF-BJ1-1,single,1,1.231149710750135,0.7968254942076938
BL6-B10BR_HTxC,AV7D-3-CAVNNNNA-AJ43_BV13-2-CASGDQGASGNTLYF-BJ1-3,single,1,0.20556909947990748,0.07915553892422528
BL6-B10BR_HTxC,AV7D-3-CAVNNNNAP-AJ43_BV1-CTCSADGVEQYF-BJ2-7,single,1,0.6563475341826839,0.32491195332618394
BL6-B10BR_HTxC,AV7D-3-CAVNNNNAP-AJ43_BV3-CASSHGQISNERLFF-BJ1-4,single,1,0.27105081178647694,0.10063888575200292
BL6-B10BR_HTxC,AV7D-3-CAVNNNNAPRF-AJ43_BV1-CTCSAVRVDTEVFF-BJ1-1,single,1,0.7533200816916494,0.3838114454596326
BL6-B10BR_HTxC,AV7D-3-CAVNNNNAPRF-AJ43_BV13-2-CADGDWGGAEERYF-BJ2-7,single,1,0.3095434291503252,0.15994091286969028
BL6-B10BR_HTxC,AV7D-3-CAVNNNNAPRF-AJ43_BV3-CASSLSTGNSDYTF-BJ1-2,single,1,1.0328194963762216,0.559357684570756
BL6-B10BR_HTxC,AV7D-3-CAVNNNNAPRF-AJ43_BV31-CAWLGGLAETLYF-BJ2-3,single,1,0.8343470230852537,0.5238739913217502
BL6-B10BR_HTxC,AV7D-3-CAVNNSNAPRF-AJ43_BV3-CASSLGLGYEQYF-BJ2-7,single,1,0.5771756012398293,0.28532403121334665
BL6-B10BR_HTxC,AV7D-3-CAVPGYQNFYF-AJ49_BV1-CTCSAVRVDTEVFF-BJ1-1,single,1,0.5665095065529053,0.3791529635803123
BL6-B10BR_HTxC,AV7D-3-CAVRDNYAQGLTF-AJ26_BV13-1-CASSADWGVYAEQFF-BJ2-1,single,1,0.9182958340544896,0.84799690655495
BL6-B10BR_HTxC,AV7D-3-CAVSMATGGNNKLTF-AJ56_BV17-CASSPGQGYTGQLYF-BJ2-2,single,1,1.8464393446710154,1.7369655941662059
BL6-B10BR_HTxC,AV7D-3-CAVSMVDPGTYQRF-AJ13_BV1-CTCSAVRVDTEVFF-BJ1-1,single,1,1.211477825202385,0.8194277543581795
BL6-B10BR_HTxC,AV7D-3-CAVSMVDSGTYQRF-AJ13_BV1-CTCSAVRVDTEVFF-BJ1-1,single,80,0.9479981933893458,0.64854649063112
BL6-B10BR_HTxC,AV7D-3-CAVSMVDSGTYQRF-AJ13_BV13-1-CASKDTYEQYF-BJ2-7,single,1,1.2096538330932658,0.8392816255063725
BL6-B10BR_HTxC,AV7D-3-CAVSMVDSGTYQRF-AJ13_BV13-1-CASSDREDTEVFF-BJ1-1,single,1,0.6998428398862386,0.395928676331139
BL6-B10BR_HTxC,AV7D-3-CAVSMVDSGTYQRF-AJ13_BV13-3-CASSDANSDYTF-BJ1-2,single,1,1.5092057755676138,1.337244179627809
BL6-B10BR_HTxC,AV7D-3-CAVSMVDSGTYQRF-AJ13_BV14-CASSLRGEQYF-BJ2-7,single,1,0.7805608607443593,0.35230174393088115
BL6-B10BR_HTxC,AV7D-3-CAVSMVDSGTYQSF-AJ13_BV1-CTCSAVRVDTEVFF-BJ1-1,single,1,0.747584679824574,0.44418384493836055
BL6-B10BR_HTxC,AV7D-3-CAVSPASSGSWQLIF-AJ22_BV13-2-CASGDVGGNSPLYF-BJ1-6,single,1,2.1474103849082073,1.8657075242479713
BL6-B10BR_HTxC,AV7D-3-CAVTENYKYVC-AJ40_BV17-CASSPGQGYTGQLYF-BJ2-2,single,1,1.9056390622295665,1.8300749985576876
BL6-B10BR_HTxC,AV7D-3-CAVTENYKYVF-AJ40_BV13-2-CASGDQGASGNTLYF-BJ1-3,single,1,0.0730661193138456,0.025533074533840443
BL6-B10BR_HTxC,AV7D-3-CAVTENYKYVF-AJ40_BV3-CASSLSSYEQYF-BJ2-7,single,1,0.16179572047899757,0.04629352781982148
BL6-B10BR_HTxC,AV7D-3-CAVTGDYKYVF-AJ40_BV4-CASSWTGSYNSPLYF-BJ1-6,single,1,0.5349547231656377,0.27548614688005024
BL6-B10BR_HTxC,AV7D-3-CAVTGNYKY-AJ40_BV13-1-CASKDTYEQYF-BJ2-7,single,1,0.8573309763851855,0.6187637394097344
BL6-B10BR_HTxC,AV7D-3-CAVTGNYKY-AJ40_BV13-2-CAGGDAGNQAPLF-BJ1-5,single,1,0.5225593745369408,0.335721894403735
BL6-B10BR_HTxC,AV7D-3-CAVTGNYKYGF-AJ40_BV16-CASSSGLYEQYF-BJ2-7,single,1,1.0957952550009336,0.8103387804964255
BL6-B10BR_HTxC,AV7D-3-CAVTGNYKYV-AJ40_BV13-1-CASKDTYEQYF-BJ2-7,single,1,0.4426608980694471,0.20956838097886435
BL6-B10BR_HTxC,AV7D-3-CAVTGNYKYV-AJ40_BV31-CAWSLGQDTQYF-BJ2-5,single,1,0.7653636126766978,0.39248788358605824
BL6-B10BR_HTxC,AV7D-3-CAVTGNYKYVF-AJ40_BV1-CTCSADGTGEREQYF-BJ2-7,single,1,0.8105998508530652,0.4386059704172483
BL6-B10BR_HTxC,AV7D-3-CAVTGNYKYVF-AJ40_BV1-CTCSADRFYEQYF-BJ2-7,single,1,1.4911148500551854,1.1375035237499351
BL6-B10BR_HTxC,AV7D-3-CAVTGNYKYVF-AJ40_BV1-CTCSALRFSGNTLYF-BJ1-3,single,2,1.1405180562767117,0.9737662900529322
BL6-B10BR_HTxC,AV7D-3-CAVTGNYKYVF-AJ40_BV1-CTCSAVREDTQYF-BJ2-5,single,1,0.7732283485249176,0.45836493094294434
BL6-B10BR_HTxC,AV7D-3-CAVTGNYKYVF-AJ40_BV1-CTCSAVRVDTEVFF-BJ1-1,single,1,0.6092720445712216,0.276517635197416
BL6-B10BR_HTxC,AV7D-3-CAVTGNYKYVF-AJ40_BV1-CTCSAVRVGNTLYF-BJ1-3,single,2,0.855772877283151,0.5122235859808998
BL6-B10BR_HTxC,AV7D-3-CAVTGNYKYVF-AJ40_BV1-CTCSAVRVQDTQY-BJ2-5,single,1,2.287783719941071,2.0433274316641006
BL6-B10BR_HTxC,AV7D-3-CAVTGNYKYVF-AJ40_BV1-CTCSVDRISYEQYF-BJ2-7,single,1,2.038159681645953,1.8462905846045468
BL6-B10BR_HTxC,AV7D-3-CAVTGNYKYVF-AJ40_BV1-CTCSVGTGGSTGQLYF-BJ2-2,single,1,2.4056390622295662,2.192645077942396
BL6-B10BR_HTxC,AV7D-3-CAVTGNYKYVF-AJ40_BV13-1-CASKDTYEQYF-BJ2-7,single,1,0.5344875115070163,0.24024188025142756
BL6-B10BR_HTxC,AV7D-3-CAVTGNYKYVF-AJ40_BV13-1-CASSDAGGSNERLFF-BJ1-4,single,15,1.1254450996217003,0.7752441671701278
BL6-B10BR_HTxC,AV7D-3-CAVTGNYKYVF-AJ40_BV13-1-CASSDINTEVFF-BJ1-1,single,1,0.6500224216483541,0.46948528330122
BL6-B10BR_HTxC,AV7D-3-CAVTGNYKYVF-AJ40_BV13-1-CASSDNSGNTLYF-BJ1-3,single,1,2.036929658423764,1.7563309190331373
BL6-B10BR_HTxC,AV7D-3-CAVTGNYKYVF-AJ40_BV13-1-CASSDPGDGVFF-BJ1-1,single,1,0.8658566174572235,0.5438238059276694
BL6-B10BR_HTxC,AV7D-3-CAVTGNYKYVF-AJ40_BV13-1-CASSDVGGKDTGQLYF-BJ2-2,single,1,0.5458970586970634,0.24709286196477254
BL6-B10BR_HTxC,AV7D-3-CAVTGNYKYVF-AJ40_BV13-1-CASSEQGGYEQYF-BJ2-7,single,1,0.4999822862167566,0.2042093364877646
BL6-B10BR_HTxC,AV7D-3-CAVTGNYKYVF-AJ40_BV13-1-CASSGSYEQYF-BJ2-7,single,1,0.6092410601441085,0.24581117665171115
BL6-B10BR_HTxC,AV7D-3-CAVTGNYKYVF-AJ40_BV13-2-CASGDAGGIYEQYF-BJ2-7,single,1,2.863094551420763,2.7489382358322825
BL6-B10BR_HTxC,AV7D-3-CAVTGNYKYVF-AJ40_BV13-2-CASGDAQGANERLFF-BJ1-4,single,3,0.8371284491445983,0.6141735971291689
BL6-B10BR_HTxC,AV7D-3-CAVTGNYKYVF-AJ40_BV13-2-CASGDQGASGNTLYF-BJ1-3,single,17,0.271364937818061,0.11241346689034096
BL6-B10BR_HTxC,AV7D-3-CAVTGNYKYVF-AJ40_BV13-2-CASGEGGDTQYF-BJ2-5,single,2,1.4253586230152777,1.2765661627118117
BL6-B10BR_HTxC,AV7D-3-CAVTGNYKYVF-AJ40_BV13-2-CASGEGPANSDYTF-BJ1-2,single,1,1.7773627950641688,1.2613280838833905
BL6-B10BR_HTxC,AV7D-3-CAVTGNYKYVF-AJ40_BV13-2-CASGEGQGKNTLYF-BJ2-4,single,1,0.0,0.0
BL6-B10BR_HTxC,AV7D-3-CAVTGNYKYVF-AJ40_BV13-2-CASGEMGGYAEQFF-BJ2-1,single,1,0.47980093742652624,0.19875561245172352
BL6-B10BR_HTxC,AV7D-3-CAVTGNYKYVF-AJ40_BV13-2-CASGGANTEVFF-BJ1-1,single,1,0.9918141757086175,0.5722268174827136
BL6-B10BR_HTxC,AV7D-3-CAVTGNYKYVF-AJ40_BV13-2-CASGGGWNTEVFF-BJ1-1,single,4,1.7879396972025698,1.4526112629141588
BL6-B10BR_HTxC,AV7D-3-CAVTGNYKYVF-AJ40_BV13-2-CASGGQNQAPLF-BJ1-5,single,1,1.1219873517384964,0.669083121885383
BL6-B10BR_HTxC,AV7D-3-CAVTGNYKYVF-AJ40_BV13-2-CASGPGGQNTLYF-BJ2-4,single,4,1.3455344528891895,1.0703914317647794
BL6-B10BR_HTxC,AV7D-3-CAVTGNYKYVF-AJ40_BV13-2-CASGQGTNQAPLF-BJ1-5,single,1,0.5007115883735379,0.25153876699596445
BL6-B10BR_HTxC,AV7D-3-CAVTGNYKYVF-AJ40_BV13-3-CASSDAGQAERLFF-BJ1-4,single,1,0.48217919020227284,0.23514432874529553
BL6-B10BR_HTxC,AV7D-3-CAVTGNYKYVF-AJ40_BV13-3-CASSERVNQDTQYF-BJ2-5,single,3,0.8766667999049864,0.6212760423218213
BL6-B10BR_HTxC,AV7D-3-CAVTGNYKYVF-AJ40_BV13-3-CASSPLGGYEQYF-BJ2-7,single,1,0.42002286929894994,0.18074298888610443
BL6-B10BR_HTxC,AV7D-3-CAVTGNYKYVF-AJ40_BV14-CASRDWGASQNTLYF-BJ2-4,single,1,1.4237949406953985,1.1173569506381587
BL6-B10BR_HTxC,AV7D-3-CAVTGNYKYVF-AJ40_BV14-CASSFRGSDYTF-BJ1-2,single,1,0.4351973164022616,0.18045383908895932
BL6-B10BR_HTxC,AV7D-3-CAVTGNYKYVF-AJ40_BV14-CASSFRTEVFF-BJ1-1,single,1,1.061278124459133,0.7520724865564145
BL6-B10BR_HTxC,AV7D-3-CAVTGNYKYVF-AJ40_BV16-CASSFLGYAEQFF-BJ2-1,single,1,0.0,0.0
BL6-B10BR_HTxC,AV7D-3-CAVTGNYKYVF-AJ40_BV16-CASSLDNYAEQFF-BJ2-1,single,1,1.950212064914747,1.4447848426728958
BL6-B10BR_HTxC,AV7D-3-CAVTGNYKYVF-AJ40_BV16-CASSLGGDTEVFF-BJ1-1,single,1,0.37123232664087563,0.20531890797750652
BL6-B10BR_HTxC,AV7D-3-CAVTGNYKYVF-AJ40_BV17-CASSPGQGFQDTQYF-BJ2-5,single,1,0.8310749872505714,0.4090781138897909
BL6-B10BR_HTxC,AV7D-3-CAVTGNYKYVF-AJ40_BV17-CASSPGQGYTGQLYF-BJ2-2,single,8,1.2635945637971688,1.0102281820295969
BL6-B10BR_HTxC,AV7D-3-CAVTGNYKYVF-AJ40_BV17-CASSRDPTGTEVFF-BJ1-1,single,1,0.8388448690824282,0.3816259790406109
BL6-B10BR_HTxC,AV7D-3-CAVTGNYKYVF-AJ40_BV17-CASSRLGGPYAEQFF-BJ2-1,single,1,0.5456884388695526,0.23181567522307364
BL6-B10BR_HTxC,AV7D-3-CAVTGNYKYVF-AJ40_BV19-CASRDWGGAGQLYF-BJ2-2,single,1,0.8658566174572235,0.5438238059276697
BL6-B10BR_HTxC,AV7D-3-CAVTGNYKYVF-AJ40_BV19-CASSIGGGYAEQFF-BJ2-1,single,1,1.0529815751302694,0.7803581896795868
BL6-B10BR_HTxC,AV7D-3-CAVTGNYKYVF-AJ40_BV19-CASSIGTNERLFF-BJ1-4,single,1,0.7274918436613967,0.30104072841353857
BL6-B10BR_HTxC,AV7D-3-CAVTGNYKYVF-AJ40_BV19-CASSRAGSAETLYF-BJ2-3,single,1,1.657742726504889,1.3856536924977494
BL6-B10BR_HTxC,AV7D-3-CAVTGNYKYVF-AJ40_BV2-CASSQEDTNTGQLYF-BJ2-2,single,1,2.1829316468984663,1.9604716358133625
BL6-B10BR_HTxC,AV7D-3-CAVTGNYKYVF-AJ40_BV20-CGASPSGNTLYF-BJ1-3,single,1,2.321928094887362,2.0588936890535683
BL6-B10BR_HTxC,AV7D-3-CAVTGNYKYVF-AJ40_BV26-CASRDWGQDTQYF-BJ2-5,single,1,1.0588914151836248,0.6626073640718626
BL6-B10BR_HTxC,AV7D-3-CAVTGNYKYVF-AJ40_BV3-CASSLAAVYEQYF-BJ2-7,single,2,0.49000373727359187,0.23941551946560746
BL6-B10BR_HTxC,AV7D-3-CAVTGNYKYVF-AJ40_BV3-CASSLGLDTQYF-BJ2-5,single,1,0.25716358315293925,0.09607414592381452
BL6-B10BR_HTxC,AV7D-3-CAVTGNYKYVF-AJ40_BV3-CASSLGQISNERLFF-BJ1-4,single,2,0.42748788701022433,0.18535396518097202
BL6-B10BR_HTxC,AV7D-3-CAVTGNYKYVF-AJ40_BV3-CASSLGVEQYF-BJ2-7,single,2,0.874744983228437,0.4896096575415604
BL6-B10BR_HTxC,AV7D-3-CAVTGNYKYVF-AJ40_BV3-CASSLLGGVYEQYF-BJ2-7,single,1,1.1451104143815827,0.714378909098966
BL6-B10BR_HTxC,AV7D-3-CAVTGNYKYVF-AJ40_BV3-CASSLRWGGNYAEQFF-BJ2-1,single,1,0.4184246329990291,0.16801249052831072
BL6-B10BR_HTxC,AV7D-3-CAVTGNYKYVF-AJ40_BV3-CASSLSSYEQYF-BJ2-7,single,4,0.5511834137303135,0.277546176690521
BL6-B10BR_HTxC,AV7D-3-CAVTGNYKYVF-AJ40_BV3-CASSLSTGNSDYTF-BJ1-2,single,1,0.6402064333604701,0.34837719520976373
BL6-B10BR_HTxC,AV7D-3-CAVTGNYKYVF-AJ40_BV3-CASSLVQVTEVFF-BJ1-1,single,1,0.0,0.0
BL6-B10BR_HTxC,AV7D-3-CAVTGNYKYVF-AJ40_BV3-CASSQGQISNERLFF-BJ1-4,single,1,0.13923299905509887,0.05656134176202128
BL6-B10BR_HTxC,AV7D-3-CAVTGNYKYVF-AJ40_BV3-CASSSGPNYEQYF-BJ2-7,single,4,0.5243481272996562,0.23345731796616231
BL6-B10BR_HTxC,AV7D-3-CAVTGNYKYVF-AJ40_BV3-CASSSGQISNERLFF-BJ1-4,single,3,1.3109919819284233,0.9591879747796691
BL6-B10BR_HTxC,AV7D-3-CAVTGNYKYVF-AJ40_BV3-CASSTGQISNERLFF-BJ1-4,single,1,1.0689156580850052,0.5983830164834779
BL6-B10BR_HTxC,AV7D-3-CAVTGNYKYVF-AJ40_BV3-CASSWTYNSPLYF-BJ1-6,single,1,0.4689955935892812,0.2863041851566409
BL6-B10BR_HTxC,AV7D-3-CAVTGNYKYVF-AJ40_BV3-CASSYGTGGSEQYF-BJ2-7,single,1,0.0,0.0
BL6-B10BR_HTxC,AV7D-3-CAVTGNYKYVF-AJ40_BV30-CSSRDYTGQLYF-BJ2-2,single,1,2.2892464285091583,2.2591923395394
BL6-B10BR_HTxC,AV7D-3-CAVTGNYKYVF-AJ40_BV31-CAWLGGLAETLYF-BJ2-3,single,1,1.7706630171267312,1.1370325165499011
BL6-B10BR_HTxC,AV7D-3-CAVTGNYKYVF-AJ40_BV31-CAWSARGDTQYF-BJ2-5,single,1,0.2608629096472068,0.12712012849308946
BL6-B10BR_HTxC,AV7D-3-CAVTGNYKYVF-AJ40_BV31-CAWSLGNYAEQFF-BJ2-1,single,1,0.4689955935892812,0.2863041851566409
BL6-B10BR_HTxC,AV7D-3-CAVTGNYKYVF-AJ40_BV4-CASSWTGSYNSPLYF-BJ1-6,single,1,0.15911961725255344,0.052459663615136036
BL6-B10BR_HTxC,AV7D-3-CAVTGNYKYVF-AJ40_BV5-CASSPDRGDERLFF-BJ1-4,single,2,2.103043611369392,1.9182506338585603
BL6-B10BR_HTxC,AV7D-3-CAVTGNYKYVF-AJ40_BV5-CASSQQGRANTGQLYF-BJ2-2,single,1,1.9056390622295662,1.6076825772212398
BL6-B10BR_HTxC,AV7D-3-CAVTGNYKYVG-AJ40_BV31-CAWLGGLAETLYF-BJ2-3,single,1,0.6685644431995964,0.37064337992039037
BL6-B10BR_HTxC,AV7D-3-CAVTGNYKYVL-AJ40_BV13-1-CASKDTYEQYF-BJ2-7,single,1,0.29987934718593945,0.11567758600199896
BL6-B10BR_HTxC,AV7D-3-CAVTGNYKYVL-AJ40_BV13-2-CASGDAQGSNERLFF-BJ1-4,single,1,0.8683927290103626,0.5570565041512717
BL6-B10BR_HTxC,AV7D-3-CAVTGNYKYVL-AJ40_BV13-2-CASGDRGVQNTLYF-BJ2-4,single,1,1.4466166676282082,1.0544477840223765
BL6-B10BR_HTxC,AV7D-3-CAVTGNYKYVL-AJ40_BV3-CASSLSSYEQYF-BJ2-7,single,1,0.2974722489192896,0.15155911897135438
BL6-B10BR_HTxC,AV7D-3-CAVTGNYKYVS-AJ40_BV1-CTCSGLDETLYF-BJ2-3,single,1,2.665957320949175,2.395928676331139
BL6-B10BR_HTxC,AV7D-3-CAVTGNYKYVY-AJ40_BV3-CASSPGYYAEQFF-BJ2-1,single,1,0.9321380397593749,0.4818345565722365
BL6-B10BR_HTxC,AV7D-3-CAVTGNYRYVF-AJ40_BV13-1-CASSDAGTEVFF-BJ1-1,single,1,0.3608537684251948,0.14422666929812664
BL6-B10BR_HTxC,AV7D-3-CAVTGNYRYVF-AJ40_BV3-CASSLAAVYEQYF-BJ2-7,single,1,1.0529815751302694,0.7803581896795868
BL6-B10BR_HTxC,AV7D-3-CAVTGNYRYVF-AJ40_BV3-CASSTGQISNERLFF-BJ1-4,single,1,0.20062232431271465,0.09010691622995806
BL6-B10BR_HTxC,AV7D-3-CAVTGYYKYVF-AJ40_BV1-CTCSAVRVDEQYF-BJ2-7,single,1,0.39124356362925566,0.22097034626724957
BL6-B10BR_HTxC,AV7D-4-CAAPASSGSWQLIF-AJ22_BV31-CAWSLAGGSYEQYF-BJ2-7,single,1,2.2998963911678914,2.0608822421470223
BL6-B10BR_HTxC,AV7D-4-CAASDDYGNEKITF-AJ48_BV26-CASSLYRANTGQLYF-BJ2-2,single,1,0.8112781244591328,0.6780719051126377
BL6-B10BR_HTxC,AV7D-4-CAASDSGYNKLTF-AJ11_BV15-CASSLVQGANSDYTF-BJ1-2,single,1,2.9242299136001453,2.709409871645645
BL6-B10BR_HTxC,AV7D-4-CAASELNNNNAPRF-AJ43_BV14-CASSRDRANERLFF-BJ1-4,single,1,1.811278124459133,1.6780719051126376
BL6-B10BR_HTxC,AV7D-4-CAASELTNSAGNKLTF-AJ17_BV13-1-CASSDLRYNSPLYF-BJ1-6,single,1,0.21049848781465225,0.07457479836950326
BL6-B10BR_HTxC,AV7D-4-CAASELTNSAGNKLTF-AJ17_BV19-CASSTGTYEQYF-BJ2-7,single,1,2.321216600371903,2.209828959872536
BL6-B10BR_HTxC,AV7D-4-CAASEPNNNAPRF-AJ43_BV1-CTCSRDISYEQYF-BJ2-7,single,12,1.3915206607738069,1.1818627798156953
BL6-B10BR_HTxC,AV7D-4-CAASEPNNNAPRF-AJ43_BV13-2-CASGDQGASGNTLYF-BJ1-3,single,1,1.3722121660709232,1.174698970061079
BL6-B10BR_HTxC,AV7D-4-CAASEPNNNAPRF-AJ43_BV17-CASSPGQGYTGQLYF-BJ2-2,single,1,1.4056390622295665,1.2995602818589078
BL6-B10BR_HTxC,AV7D-4-CAASEPNNNAPRF-AJ43_BV3-CASSSGQISNERLFF-BJ1-4,single,1,0.725375928405144,0.4356335415744316
BL6-B10BR_HTxC,AV7D-4-CAASEQDYNQGKLIF-AJ23_BV3-CASSLLGANTGQLYF-BJ2-2,single,1,1.6644977792004614,1.3667823306716227
BL6-B10BR_HTxC,AV7D-5-CADNAGAKLTF-AJ39_BV12-2-CASSLDNSGNTLYF-BJ1-3,single,1,0.0,0.0
BL6-B10BR_HTxC,AV7D-5-CAGTGGYKVVF-AJ12_BV13-2-CASGTGGANTLYF-BJ2-4,single,1,1.8464393446710154,1.7369655941662059
BL6-B10BR_HTxC,AV7D-5-CAGTQVVGQLTF-AJ5_BV16-CASSWGAETLYF-BJ2-3,single,1,0.254385027430421,0.10210706850196995
BL6-B10BR_HTxC,AV7D-5-CAGTQVVGQLTF-AJ5_BV3-CASSLGQISNERLFF-BJ1-4,single,1,0.6450499982850293,0.3748171396959881
BL6-B10BR_HTxC,AV7D-5-CAPSGGSNAKLTF-AJ42_BV2-CASSQEWGSQNTLYF-BJ2-4,single,1,1.792481250360578,1.5849625007211563
BL6-B10BR_HTxC,AV7D-5-CAVIASNSVGNK-AJ17_BV17-CASSPGQGYTGQLYF-BJ2-2,single,1,2.0464393446710156,1.8365012677171204
BL6-B10BR_HTxC,AV7D-5-CAVITSGGNYKPTF-AJ6_BV13-1-CASSDEQYNNQAPLF-BJ1-5,single,3,1.4277644748226048,0.9623228532423492
BL6-B10BR_HTxC,AV7D-5-CAVITSGGNYKPTF-AJ6_BV3-CASSLSSYEQYF-BJ2-7,single,1,0.7932840114627719,0.3991330564625119
BL6-B10BR_HTxC,AV7D-5-CAVNNNAPRF-AJ43_BV13-2-CASGDAGTGAPLF-BJ1-5,single,1,1.6074724109455558,1.0473057147783569
BL6-B10BR_HTxC,AV7D-5-CAVSASNSAGNKLT-AJ17_BV13-2-CASGDQGASGNTLYF-BJ1-3,single,2,0.5864856703205652,0.30692878102529575
BL6-B10BR_HTxC,AV7D-5-CAVSASNSAGNKLTF-AJ17_BV13-2-CASGDQGASGNTLYF-BJ1-3,single,1,0.05714385792985574,0.018982276301345805
BL6-B10BR_HTxC,AV7D-5-CAVSASNSAGNKLTF-AJ17_BV16-CASSSGLYEQYF-BJ2-7,single,1,1.5,1.415037499278844
BL6-B10BR_HTxC,AV7D-5-CAVSASNSAGNKLTF-AJ17_BV3-CASSLAAVYEQYF-BJ2-7,single,1,0.5458970586970634,0.24709286196477254
BL6-B10BR_HTxC,AV7D-5-CAVSASNSAGNKLVF-AJ17_BV13-2-CASGDQGASGNTLYF-BJ1-3,single,1,0.3793907901953633,0.19178346894624537
BL6-B10BR_HTxC,AV7D-5-CAVSFYNQGKLIF-AJ23_BV31-CAWGTGGQDTQYF-BJ2-5,single,1,1.584962500721156,1.5849625007211563
BL6-B10BR_HTxC,AV7D-5-CAVSMTNSAG-AJ17_BV13-3-CASSERVNQDTQYF-BJ2-5,single,1,0.6433554975880186,0.31346067348264195
BL6-B10BR_HTxC,AV7D-5-CAVSMTNSAGNK-AJ17_BV13-2-CASGGRGQDTQYF-BJ2-5,single,1,1.3485878960124222,1.2464378953030992
BL6-B10BR_HTxC,AV7D-5-CAVSMTNSAGNKITF-AJ17_BV13-2-CASGDQGASGNTLYF-BJ1-3,single,1,0.31091749400661917,0.10455871421509483
BL6-B10BR_HTxC,AV7D-5-CAVSMTNSAGNKL-AJ17_BV13-2-CASGPGQGQNTLYF-BJ2-4,single,1,0.7088356733321961,0.5398861592660591
BL6-B10BR_HTxC,AV7D-5-CAVSMTNSAGNKLT-AJ17_BV13-1-CASKDTYEQYF-BJ2-7,single,1,0.6180038597674269,0.3452029474146205
BL6-B10BR_HTxC,AV7D-5-CAVSMTNSAGNKLT-AJ17_BV13-2-CASGDSGQAPLF-BJ1-5,single,1,0.9709505944546686,0.9434164716336325
BL6-B10BR_HTxC,AV7D-5-CAVSMTNSAGNKLT-AJ17_BV3-CASSSGQISNERLFF-BJ1-4,single,1,1.2772018112022603,0.8988012772264407
BL6-B10BR_HTxC,AV7D-5-CAVSMTNSAGNKLTF-AJ17_BV13-2-CASGDQGASGNTLYF-BJ1-3,single,3,0.548204890636847,0.3473968832408634
BL6-B10BR_HTxC,AV7D-5-CAVSMTNSAGNKLTF-AJ17_BV13-2-CASGGGWNTEVFF-BJ1-1,single,1,1.5538146570363986,1.2518071504105397
BL6-B10BR_HTxC,AV7D-5-CAVSMTNSAGNKLTF-AJ17_BV13-3-CASSDRDTQYF-BJ2-5,single,1,0.2761954276479391,0.1371764191026003
BL6-B10BR_HTxC,AV7D-5-CAVSMTNSAGNKLTF-AJ17_BV20-CGARLGGDTQYF-BJ2-5,single,1,0.31599713297842463,0.1644883482180282
BL6-B10BR_HTxC,AV7D-5-CAVSMTNSAGNKLTF-AJ17_BV3-CASSLGQISNERLFF-BJ1-4,single,1,1.6644977792004614,1.3667823306716227
BL6-B10BR_HTxC,AV7D-5-CAVSMTNSAGNKLTF-AJ17_BV3-CASSQGQISNERLFF-BJ1-4,single,1,0.0,0.0
BL6-B10BR_HTxC,AV7D-5-CAVSMTNSAGNKLTF-AJ17_BV3-CASSSGQISNERLFF-BJ1-4,single,1,0.7219280948873623,0.5563933485243849
BL6-B10BR_HTxC,AV7D-5-CAVSMTNSAGNKPT-AJ17_BV3-CASSLAAVYEQYF-BJ2-7,single,1,0.9297915083157398,0.5346807462783332
BL6-B10BR_HTxC,AV7D-5-CAVSMTNSAGNNLTF-AJ17_BV1-CTCSASGTGDNSPLYF-BJ1-6,single,1,2.4056390622295662,2.192645077942396
BL6-B10BR_HTxC,AV7D-5-CAVSMTSSAGNKLTF-AJ17_BV3-CASSLGLDTQYF-BJ2-5,single,1,0.858627282879658,0.4974996594708167
BL6-B10BR_HTxC,AV7D-5-CAVSMTSSGQKLVF-AJ16_BV17-CASSRGQGSERLFF-BJ1-4,single,1,1.8942738697712644,1.5455690624210694
BL6-B10BR_HTxC,AV7D-5-CAVSYYNQGK-AJ23_BV17-CASSPGQGYTGQLYF-BJ2-2,single,1,1.5219280948873621,1.473931188332412
BL6-B10BR_HTxC,AV7D-5-CAVSYYNQGKLIF-AJ23_BV1-CTCSADSNTLYF-BJ2-4,single,5,1.834427356524913,1.4613786534818274
BL6-B10BR_HTxC,AV7D-5-CAVSYYNQGKLIF-AJ23_BV5-CASSQDPSSAETLYF-BJ2-3,single,1,1.3709505944546687,1.1844245711374275
BL6-B10BR_HTxC,AV7D-5-CAVYQGGRALIF-AJ15_BV13-1-CASSDTGPQAPLF-BJ1-5,single,1,0.37444883136614204,0.15276861505919967
BL6-B10BR_HTxC,AV7D-6-CAVSEGNYKPTF-AJ6_BV14-CASSFLGGDAEQFF-BJ2-1,single,1,1.9219280948873623,1.8365012677171204
BL6-B10BR_HTxC,AV7N-4-CAAGTGGYKVVF-AJ12_BV19-CASSPPGQQDTQYF-BJ2-5,single,1,1.0,1.0
BL6-B10BR_HTxC,AV7N-4-CAVSEDMGYKLTF-AJ9_BV13-2-CASATRYEQYF-BJ2-7,single,1,1.2776134368191154,0.8527740468168222
BL6-B10BR_HTxC,AV7N-4-CAVSEPGTQVVGQLTF-AJ5_BV1-CTCSAGGSYAEQFF-BJ2-1,single,7,1.395588311196042,1.1865336127462094
BL6-B10BR_HTxC,AV7N-4-CAVSEPGTQVVGQLTF-AJ5_BV13-2-CASGTGGANTLYF-BJ2-4,single,1,1.41097772885347,1.22500718424684
BL6-B10BR_HTxC,AV8-1-CAITGNTGKLIF-AJ37_BV3-CASSSGPNYEQYF-BJ2-7,single,1,0.14981136747274792,0.062031640107248515
BL6-B10BR_HTxC,AV8-1-CAMGYKLTF-AJ9_BV16-CASSLDGTGGRQDTQYF-BJ2-5,single,1,0.0,0.0
BL6-B10BR_HTxC,AV8-1-CAPNMGYKLTF-AJ9_BV3-CASSLRQISNERLFF-BJ1-4,single,1,0.954434002924965,0.9125371587496606
BL6-B10BR_HTxC,AV8-1-CATAASSGSWQLIF-AJ22_BV4-CASSYRLGASAETLYF-BJ2-3,single,1,1.4587155278826276,1.1303966372556749
BL6-B10BR_HTxC,AV8-1-CATDAEGGRALIF-AJ15_BV5-CASSPDRGDERLFF-BJ1-4,single,1,2.2359263506290326,2.155278225477911
BL6-B10BR_HTxC,AV8-1-CATDAGGYKVVF-AJ12_BV13-2-CASGVGSEQYF-BJ2-7,single,2,1.8687498643692781,1.5988228795003812
BL6-B10BR_HTxC,AV8-1-CATDAGGYKVVF-AJ12_BV3-CASSLAREYEQYF-BJ2-7,single,1,0.3650989847058807,0.16243046489538818
BL6-B10BR_HTxC,AV8-1-CATDAGQGGRALIF-AJ15_BV3-CASSLWGESSYEQYF-BJ2-7,single,1,1.9858736285640903,1.6150824890974915
BL6-B10BR_HTxC,AV8-1-CATDANYNQGKLIF-AJ23_BV17-CASSRLGGPYAEQFF-BJ2-1,single,1,2.463458298648303,1.931138141855196
BL6-B10BR_HTxC,AV8-1-CATDAYNQGKLIF-AJ23_BV1-CTCSEISNERLFF-BJ1-4,single,1,1.3709505944546687,1.1844245711374275
BL6-B10BR_HTxC,AV8-1-CATDDDTNAYKVIF-AJ30_BV13-2-CASGDATGRERLFF-BJ1-4,single,1,2.437065831519022,2.156005024002546
BL6-B10BR_HTxC,AV8-1-CATDFDTNAYKVIF-AJ30_BV13-2-CASSLAREYEQYF-BJ2-7,single,1,0.28639695711595625,0.14401030269151946
BL6-B10BR_HTxC,AV8-1-CATDGAGYKLTF-AJ9_BV13-2-CASGDQGASGNTLYF-BJ1-3,single,1,1.5465935642949384,1.358916143178493
BL6-B10BR_HTxC,AV8-1-CATDGASSSFSKLVF-AJ50_BV1-CTCSADGVEQYF-BJ2-7,single,10,1.090395991189742,0.7634116304693694
BL6-B10BR_HTxC,AV8-1-CATDGASSSFSKLVF-AJ50_BV13-2-CASGPGGQNTLYF-BJ2-4,single,1,2.0704816846131138,1.7369655941662063
BL6-B10BR_HTxC,AV8-1-CATDGASSSFSKLVY-AJ50_BV1-CTCSADGVEQYF-BJ2-7,single,1,0.45902350173616513,0.19661986810773235
BL6-B10BR_HTxC,AV8-1-CATDGQGGRALII-AJ15_BV13-1-CASKDTYEQYF-BJ2-7,single,1,0.08214305133815328,0.029440680614517347
BL6-B10BR_HTxC,AV8-1-CATDGVTNAYKVIF-AJ30_BV12-1-CASSLRGANSDYTF-BJ1-2,single,1,1.295461844238322,1.120294233717712
BL6-B10BR_HTxC,AV8-1-CATDHDTNAYKVIF-AJ30_BV13-2-CASGAPGQNNQAPLF-BJ1-5,single,1,3.0792258015191027,2.8744691179161412
BL6-B10BR_HTxC,AV8-1-CATDHDTNAYKVIF-AJ30_BV13-2-CASGDDTGQLYF-BJ2-2,single,1,2.8035661479090326,2.5932301167047567
BL6-B10BR_HTxC,AV8-1-CATDPGGNYKPTF-AJ6_BV13-3-CASSDETGEAPLF-BJ1-5,single,1,1.4854752972273344,1.3959286763311392
BL6-B10BR_HTxC,AV8-1-CATDQGGSAKLIF-AJ57_BV14-CASRDRYEQYF-BJ2-7,single,1,0.7199485642106176,0.3338818048644234
BL6-B10BR_HTxC,AV8-1-CATDRNNYAQGLTF-AJ26_BV13-1-CASRTGGADAEQFF-BJ2-1,single,1,1.8423709931771084,1.7078192485066899
BL6-B10BR_HTxC,AV8-1-CATDTGYQNFYF-AJ49_BV1-CTCSAVRVDERLFF-BJ1-4,single,1,0.9777099111699405,0.5442809952047309
BL6-B10BR_HTxC,AV8-1-CATDTNTGKLTF-AJ27_BV5-CASSQVQGNTEVFF-BJ1-1,single,1,2.0,2.0
BL6-B10BR_HTxC,AV8-1-CATDVGYQNFYF-AJ49_BV3-CASSWTGGGAETLYF-BJ2-3,single,1,0.0,0.0
BL6-B10BR_HTxC,AV8-1-CATEGYQNF-AJ49_BV13-2-CASGGGWGTEVFF-BJ1-1,single,1,1.4315602842833155,1.3293076252529599
BL6-B10BR_HTxC,AV8-1-CATEGYQNFYF-AJ49_BV1-CTCSADRGVNSPLYF-BJ1-6,single,1,1.0154312795575997,0.7140651920561275
BL6-B10BR_HTxC,AV8-1-CATEGYQNFYF-AJ49_BV12-1-CASSLGTGGYEQYF-BJ2-7,single,47,0.8840247763443352,0.5949799015220734
BL6-B10BR_HTxC,AV8-1-CATEGYQNFYF-AJ49_BV12-1-CASSLGTRGYEQYF-BJ2-7,single,1,0.4671672506977193,0.20118681420819873
BL6-B10BR_HTxC,AV8-1-CATEGYQNFYF-AJ49_BV13-1-CASKDTYEQYF-BJ2-7,single,1,0.557854445516395,0.25434556757173793
BL6-B10BR_HTxC,AV8-1-CATEGYQNFYF-AJ49_BV13-1-CASSSGPNYEQYF-BJ2-7,single,1,2.0459510850809313,1.6948401184935293
BL6-B10BR_HTxC,AV8-1-CATEGYQNFYF-AJ49_BV13-2-CASGDAQGRAEQFF-BJ2-1,single,1,0.8769980946316113,0.5373202860900094
BL6-B10BR_HTxC,AV8-1-CATEGYQNFYF-AJ49_BV13-2-CASGDGGKNTLYF-BJ2-4,single,1,1.1984768596329824,0.7615952606749211
BL6-B10BR_HTxC,AV8-1-CATEGYQNFYF-AJ49_BV13-2-CASGDQGASGNTLYF-BJ1-3,single,1,0.2945976489353842,0.12478162471002549
BL6-B10BR_HTxC,AV8-1-CATEGYQNFYF-AJ49_BV14-CASSLRDEQYF-BJ2-7,single,1,1.1745674385567897,0.8797057662822882
BL6-B10BR_HTxC,AV8-1-CATEGYQNFYF-AJ49_BV17-CASSPGQGYTGQLYF-BJ2-2,single,1,2.382856063692049,2.2451124978365313
BL6-B10BR_HTxC,AV8-1-CATEGYQNFYF-AJ49_BV17-CASSRLGSSYEQYF-BJ2-7,single,1,0.3269300817396483,0.12726742520234077
BL6-B10BR_HTxC,AV8-1-CATEGYQNFYF-AJ49_BV4-CASSWTGSYNSPLYF-BJ1-6,single,1,0.9463729359854419,0.6374299206152919
BL6-B10BR_HTxC,AV8-1-CATGGNNKLTF-AJ56_BV4-CASSSGTGGYEQYF-BJ2-7,single,1,1.5737888130660203,1.2961826820508067
BL6-B10BR_HTxC,AV8-1-CATLYQGGRALIF-AJ15_BV1-CTCSAVRKDTQYF-BJ2-5,single,1,0.28639695711595625,0.14401030269151946
BL6-B10BR_HTxC,AV8-1-CATLYQGGRALIF-AJ15_BV13-2-CASGDQGASGNTLYF-BJ1-3,single,1,0.27074711095841425,0.0890998048360307
BL6-B10BR_HTxC,AV8-1-CATLYQGGRALIF-AJ15_BV3-CASSLTGVDTEVFF-BJ1-1,single,7,0.7934554066038988,0.6089904713276368
BL6-B10BR_HTxC,AV8-1-CATYDTNAYKVIF-AJ30_BV13-1-CASKDTYEQYF-BJ2-7,single,1,0.27105081178647694,0.10063888575200275
BL6-B10BR_HTxC,AV8-1-CDTDGASSSFSKLVF-AJ50_BV1-CTCSADGVEQYF-BJ2-7,single,1,1.3520301017579528,0.9579359404334561
BL6-B10BR_HTxC,AV8-1-CSLGDQGTGSKL-AJ58_BV17-CASSPGQGYTGQLYF-BJ2-2,single,1,2.3983029951155594,2.2768402053588246
BL6-B10BR_HTxC,AV8-2-CATATGGNNKLTF-AJ56_BV5-CASSPRGGEQYF-BJ2-7,single,1,0.7837738194211611,0.4354934281836825
BL6-B10BR_HTxC,AV8-2-CATDDQGGRALIF-AJ15_BV3-CASSLGVDTQYF-BJ2-5,single,1,0.20188081533118699,0.07642147618179268
BL6-B10BR_HTxC,AV8-2-CATPGYQNFYF-AJ49_BV3-CASSLGQISNERLFF-BJ1-4,single,1,0.25035460584401936,0.10140392603692616
BL6-B10BR_HTxC,AV8-2-CATPSSSFSKLVF-AJ50_BV13-2-CASGDQGASGNTLYF-BJ1-3,single,1,0.5464466554666144,0.25919304022527007
BL6-B10BR_HTxC,AV8D-1-CAPNMGYKLTF-AJ9_BV14-CASSLGLGTSAETLYF-BJ2-3,single,3,1.1307464791527495,0.9169513984565013
BL6-B10BR_HTxC,AV8D-1-CAPNMGYKLTF-AJ9_BV17-CASSRLGSSYEQYF-BJ2-7,single,1,0.7752593054584658,0.36598070754735995
BL6-B10BR_HTxC,AV8D-1-CATDGAGYKLTF-AJ9_BV13-1-CASSLNQDTQYF-BJ2-5,single,1,0.6500224216483541,0.46948528330122
BL6-B10BR_HTxC,AV8D-1-CATDGAGYKLTF-AJ9_BV31-CAWSPGQQAPLF-BJ1-5,single,1,0.1485494904303482,0.06137214934768545
BL6-B10BR_HTxC,AV8D-1-CATDGASSSFSKLVF-AJ50_BV1-CTCSADGVEQYF-BJ2-7,single,14,1.0603740914386666,0.7481755226645721
BL6-B10BR_HTxC,AV8D-1-CATDNNAGAKLTF-AJ39_BV16-CASSLLGGSYEQYF-BJ2-7,single,1,1.5304930567574826,1.4818690077570527
BL6-B10BR_HTxC,AV8D-1-CATGGASSSFSKLMF-AJ50_BV1-CTCSADGVEQYF-BJ2-7,single,1,1.8810947601100745,1.5182363869203432
BL6-B10BR_HTxC,AV8D-2-CAADSNNRLTL-AJ7_BV31-CAWLGGLAETLYF-BJ2-3,single,1,0.8090910778519506,0.43042954969582575
BL6-B10BR_HTxC,AV8D-2-CATDAAYSNNRLTL-AJ7_BV1-CTCSGVNQDTQYF-BJ2-5,single,1,0.9182958340544896,0.84799690655495
BL6-B10BR_HTxC,AV8D-2-CATDAEGGRALIF-AJ15_BV1-CTCSADNTEVFF-BJ1-1,single,1,3.168449003142375,3.078656943874998
BL6-B10BR_HTxC,AV8D-2-CATDAEGGRALIF-AJ15_BV1-CTCSADRGVNSPLYF-BJ1-6,single,1,1.501629167387823,1.050983928718805
BL6-B10BR_HTxC,AV8D-2-CATDAEGGRALIF-AJ15_BV1-CTCSAGGGYAEQFF-BJ2-1,single,1,0.0,0.0
BL6-B10BR_HTxC,AV8D-2-CATDAEGGRALIF-AJ15_BV13-1-CASSDRDTQAPLF-BJ1-5,single,1,1.7673757978160418,1.3620444116649597
BL6-B10BR_HTxC,AV8D-2-CATDAEGGRALIF-AJ15_BV13-2-CASGDQGASGNTLYF-BJ1-3,single,3,1.0656990818235716,0.6999036307510442
BL6-B10BR_HTxC,AV8D-2-CATDAEGGRALIF-AJ15_BV13-2-CASGDYWGGAEQFF-BJ2-1,single,1,1.3709505944546687,1.1844245711374275
BL6-B10BR_HTxC,AV8D-2-CATDAEGGRALIF-AJ15_BV13-2-CASGEGQGKNTLYF-BJ2-4,single,1,1.4885252948977485,1.1720607457863033
BL6-B10BR_HTxC,AV8D-2-CATDAEGGRALIF-AJ15_BV13-3-CASSEKGREQYF-BJ2-7,single,1,1.224394445405986,0.982297998266541
BL6-B10BR_HTxC,AV8D-2-CATDAEGGRALIF-AJ15_BV13-3-CASSERVNQDTQYF-BJ2-5,single,1,0.1654270339962668,0.07034641671991064
BL6-B10BR_HTxC,AV8D-2-CATDAEGGRALIF-AJ15_BV17-CASSRQGAREQYF-BJ2-7,single,1,0.4220005168831531,0.24594149502487359
BL6-B10BR_HTxC,AV8D-2-CATDAEGGRALIF-AJ15_BV26-CASRDWGQDTQYF-BJ2-5,single,1,0.8343470230852537,0.5238739913217502
BL6-B10BR_HTxC,AV8D-2-CATDAEGGRALIF-AJ15_BV29-CASSLPGQGHEQYF-BJ2-7,single,1,1.0,1.0
BL6-B10BR_HTxC,AV8D-2-CATDAEGGRALIF-AJ15_BV3-CASSLRDWEYEQYF-BJ2-7,single,1,1.9219280948873623,1.8365012677171204
BL6-B10BR_HTxC,AV8D-2-CATDAEGGRALIF-AJ15_BV5-CASSPDRGDERLFF-BJ1-4,single,1,1.5219280948873621,1.473931188332412
BL6-B10BR_HTxC,AV8D-2-CATDAGASSGQKLVF-AJ16_BV14-CASSRDWGYEQYF-BJ2-7,single,1,1.061278124459133,0.7520724865564145
BL6-B10BR_HTxC,AV8D-2-CATDAGGRALIF-AJ15_BV1-CTCSGTGANTEVFF-BJ1-1,single,1,2.1179631753145163,1.7078192485066896
BL6-B10BR_HTxC,AV8D-2-CATDANSNNRI-AJ31_BV14-CASSFRTEVFF-BJ1-1,single,1,1.4636512373186812,1.0402696563154883
BL6-B10BR_HTxC,AV8D-2-CATDANSNNRIFF-AJ31_BV1-CTCSADLGHQDTQYF-BJ2-5,single,1,0.9451696091196164,0.5584902893599654
BL6-B10BR_HTxC,AV8D-2-CATDANSNNRIFF-AJ31_BV12-1-CASSDWGGAEQFF-BJ2-1,single,1,0.0,0.0
BL6-B10BR_HTxC,AV8D-2-CATDANSNNRIFF-AJ31_BV13-1-CASKDTYEQYF-BJ2-7,single,1,0.19812497015754765,0.06627967499713124
BL6-B10BR_HTxC,AV8D-2-CATDANSNNRIFF-AJ31_BV13-1-CASRDTNTEVFF-BJ1-1,single,1,0.2979445744932715,0.12660563847473205
BL6-B10BR_HTxC,AV8D-2-CATDANSNNRIFF-AJ31_BV13-1-CASSDGVHYAEQFF-BJ2-1,single,1,0.557854445516395,0.25434556757173793
BL6-B10BR_HTxC,AV8D-2-CATDANSNNRIFF-AJ31_BV13-1-CASSDRDTEVFF-BJ1-1,single,1,1.9609640474436814,1.6438561897747246
BL6-B10BR_HTxC,AV8D-2-CATDANSNNRIFF-AJ31_BV13-1-CASSLRDWEYEQYF-BJ2-7,single,1,2.224671260461952,1.9767446476996975
BL6-B10BR_HTxC,AV8D-2-CATDANSNNRIFF-AJ31_BV13-2-CASGDAGASQNTLYF-BJ2-4,single,1,0.972253928364927,0.599462070416271
BL6-B10BR_HTxC,AV8D-2-CATDANSNNRIFF-AJ31_BV13-2-CASGGGWNTEVFF-BJ1-1,single,2,1.7599078584993864,1.5627654410419296
BL6-B10BR_HTxC,AV8D-2-CATDANSNNRIFF-AJ31_BV13-3-CASSERVNQDTQYF-BJ2-5,single,1,0.7455178428108284,0.58695105381461
BL6-B10BR_HTxC,AV8D-2-CATDANSNNRIFF-AJ31_BV13-3-CASSGTGTQNTLYF-BJ2-4,single,1,1.5465935642949382,1.211054877402167
BL6-B10BR_HTxC,AV8D-2-CATDANSNNRIFF-AJ31_BV17-CASSPGQGYTGQLYF-BJ2-2,single,1,1.669180336866731,1.423599512782268
BL6-B10BR_HTxC,AV8D-2-CATDANSNNRIFF-AJ31_BV17-CASSRLGSSYEQYF-BJ2-7,single,1,0.1222915970693747,0.04808070356593598
BL6-B10BR_HTxC,AV8D-2-CATDANSNNRIFF-AJ31_BV3-CASGLRDWEYEQYF-BJ2-7,single,1,1.382861222416222,1.0516327684153224
BL6-B10BR_HTxC,AV8D-2-CATDANSNNRIFF-AJ31_BV3-CASSLGQISNERLFF-BJ1-4,single,1,0.37123232664087563,0.20531890797750652
BL6-B10BR_HTxC,AV8D-2-CATDANSNNRIFF-AJ31_BV3-CASSLRDWEYEQYF-BJ2-7,single,235,0.9400223555879095,0.6179742189080232
BL6-B10BR_HTxC,AV8D-2-CATDANSNNRIFF-AJ31_BV3-CASSLRQISNERLFF-BJ1-4,single,1,1.5340255909703895,1.2041407167802256
BL6-B10BR_HTxC,AV8D-2-CATDANSNNRIFF-AJ31_BV3-CASSQGQISNERLFF-BJ1-4,single,1,0.41800146721393816,0.2012479361166574
BL6-B10BR_HTxC,AV8D-2-CATDANSNNRIFF-AJ31_BV3-CASSSGPNYEQYF-BJ2-7,single,1,1.2554261942608005,0.6668954188153405
BL6-B10BR_HTxC,AV8D-2-CATDANSNNRIFF-AJ31_BV3-CTSSLGQISNERLFF-BJ1-4,single,1,1.6368421881310116,1.082462160191973
BL6-B10BR_HTxC,AV8D-2-CATDANSNNRIFL-AJ31_BV3-CASSLRDWEYEQYF-BJ2-7,single,1,0.39124356362925566,0.22097034626724957
BL6-B10BR_HTxC,AV8D-2-CATDASAGNKLTF-AJ17_BV13-1-CASSDAAANTEVFF-BJ1-1,single,1,1.2772018112022603,0.898801277226441
BL6-B10BR_HTxC,AV8D-2-CATDASNNRIFF-AJ31_BV5-CASSQGTGGYEQYF-BJ2-7,single,1,1.158938532350277,0.9434164716336325
BL6-B10BR_HTxC,AV8D-2-CATDATSSGQKLVF-AJ16_BV1-CTCSADRGWSPLYF-BJ1-6,single,1,0.7770209331965174,0.4062821923928398
BL6-B10BR_HTxC,AV8D-2-CATDATSSGQKLVF-AJ16_BV13-2-CASGDNNSGNTLYF-BJ1-3,single,2,1.7824486685057124,1.6028480662320672
BL6-B10BR_HTxC,AV8D-2-CATDAWSNNRIFF-AJ31_BV1-CTCSADGTGENTLYF-BJ2-4,single,1,2.058688570451097,1.7102835515137005
BL6-B10BR_HTxC,AV8D-2-CATDDQGGRALIF-AJ15_BV19-CASSQLGKTLYF-BJ2-3,single,1,2.3219280948873626,2.0588936890535683
BL6-B10BR_HTxC,AV8D-2-CATDDQGGRALIF-AJ15_BV3-CASSLGGGYEQYF-BJ2-7,single,1,0.8672694624217705,0.40045800409461385
BL6-B10BR_HTxC,AV8D-2-CATDDSGTYQRF-AJ13_BV17-CASSSGAANTGQLYF-BJ2-2,single,1,0.9606231529733943,0.5718493851665638
BL6-B10BR_HTxC,AV8D-2-CATDDSGTYQRF-AJ13_BV3-CASSLDWGSYEQYF-BJ2-7,single,1,1.9795739585136225,1.7948855700953876
BL6-B10BR_HTxC,AV8D-2-CATDDSGTYQRF-AJ13_BV3-CASSQGQISNERLFF-BJ1-4,single,1,0.7782747182748437,0.441179167682747
BL6-B10BR_HTxC,AV8D-2-CATDEDYSNNRLTL-AJ7_BV3-CASSLRDISYEQYF-BJ2-7,single,1,1.0869190323109863,0.7807114533276814
BL6-B10BR_HTxC,AV8D-2-CATDETGGYKVVF-AJ12_BV13-2-CASGPGGQNTLYF-BJ2-4,single,1,0.9402859586706311,0.8867893895520089
BL6-B10BR_HTxC,AV8D-2-CATDETGGYKVVF-AJ12_BV3-CASSSGPNYEQYF-BJ2-7,single,1,0.5965734820440878,0.28279766065522366
BL6-B10BR_HTxC,AV8D-2-CATDETGGYKVVF-AJ12_BV31-CAWTGGQDTQYF-BJ2-5,single,1,1.811278124459133,1.6780719051126376
BL6-B10BR_HTxC,AV8D-2-CATDEYQGGRALIF-AJ15_BV3-CASSLGGGYEQYF-BJ2-7,single,2,1.7448851711054434,1.4420054354564427
BL6-B10BR_HTxC,AV8D-2-CATDGDYSNNR-AJ7_BV1-CTCSALRFSGNTLYF-BJ1-3,single,1,0.23481996173267738,0.0923099461483202
BL6-B10BR_HTxC,AV8D-2-CATDGDYSNNRLTL-AJ7_BV3-CASSLATEYEQYF-BJ2-7,single,6,0.4100440976825886,0.18597440394122813
BL6-B10BR_HTxC,AV8D-2-CATDGSQGGRALIF-AJ15_BV3-CASSPTGGYEQYF-BJ2-7,single,2,0.6032655384847759,0.33951478341097063
BL6-B10BR_HTxC,AV8D-2-CATDHQGGRALIF-AJ15_BV3-CASSTTGMDTQYF-BJ2-5,single,1,1.720582776146013,1.2058361799545527
BL6-B10BR_HTxC,AV8D-2-CATDLPGTGSNRLTF-AJ28_BV1-CTCRPGQNYAEQFF-BJ2-1,single,1,0.2845456827923365,0.1177237467133856
BL6-B10BR_HTxC,AV8D-2-CATDLQGGRALIF-AJ15_BV19-CASSIGTSGNTLYF-BJ1-3,single,1,2.6235166412180155,2.4466831258953086
BL6-B10BR_HTxC,AV8D-2-CATDNQGGRALIF-AJ15_BV14-CASSLGTGTETLYF-BJ2-3,single,2,2.126351384168713,1.8641534515300757
BL6-B10BR_HTxC,AV8D-2-CATDNQGGRALIF-AJ15_BV31-CAWLGGLAETLYF-BJ2-3,single,1,1.4182958340544896,1.040641984497346
BL6-B10BR_HTxC,AV8D-2-CATDNSNNRIFF-AJ31_BV5-CASSQGTGGYEQYF-BJ2-7,single,1,1.0,1.0
BL6-B10BR_HTxC,AV8D-2-CATDPGGNYKPTF-AJ6_BV14-CASSDRAEQYF-BJ2-7,single,1,1.626688849701832,1.1552782254779106
BL6-B10BR_HTxC,AV8D-2-CATDQQGGRALIF-AJ15_BV19-CASSIGTNERLFF-BJ1-4,single,5,1.975774651330219,1.7348569359734647
BL6-B10BR_HTxC,AV8D-2-CATDRGYQNFYF-AJ49_BV31-CAWSLTGGYEQYF-BJ2-7,single,1,0.2736549202807799,0.11201336211636448
BL6-B10BR_HTxC,AV8D-2-CATDSNNRLTL-AJ7_BV13-1-CASSETGVSSYEQYF-BJ2-7,single,1,0.3566096693048716,0.1237745681365363
BL6-B10BR_HTxC,AV8D-2-CATDSNNRLTL-AJ7_BV13-2-CASGDQGASGNTLYF-BJ1-3,single,2,0.13802797627889196,0.057405111519153944
BL6-B10BR_HTxC,AV8D-2-CATDSNNRLTL-AJ7_BV13-3-CASSDAGQAERLFF-BJ1-4,single,1,1.893766673801451,1.5533405215479315
BL6-B10BR_HTxC,AV8D-2-CATDSNNRLTL-AJ7_BV17-CASSPGQGYTGQLYF-BJ2-2,single,1,1.5,1.415037499278844
BL6-B10BR_HTxC,AV8D-2-CATDSNNRLTL-AJ7_BV3-CASSLAREYEQYF-BJ2-7,single,31,0.3895046377786856,0.18702116627804824
BL6-B10BR_HTxC,AV8D-2-CATDSNNRLTL-AJ7_BV3-CASSTGQISNERLFF-BJ1-4,single,1,0.15838440747285049,0.06656145158874092
BL6-B10BR_HTxC,AV8D-2-CATDSQGGRALIF-AJ15_BV19-CASSIGTSQNTLYF-BJ2-4,single,1,1.7527152789797045,1.5849625007211563
BL6-B10BR_HTxC,AV8D-2-CATDSQGGRALIF-AJ15_BV3-CASSLGTEGEQYF-BJ2-7,single,1,1.3660121055744332,0.9154439424290104
BL6-B10BR_HTxC,AV8D-2-CATDSQGGRALIF-AJ15_BV3-CASSLGTGGEQYF-BJ2-7,single,9,1.0004150363278719,0.777820570731943
BL6-B10BR_HTxC,AV8D-2-CATDSQGGRALIF-AJ15_BV4-CASSPDLNTLYF-BJ2-4,single,1,1.2138840984018486,0.6378973416596814
BL6-B10BR_HTxC,AV8D-2-CATDSTGGLSGKLTF-AJ2_BV13-1-CASSPGQYAEQFF-BJ2-1,single,1,1.384431504340598,1.2157286910554368
BL6-B10BR_HTxC,AV8D-2-CATDYSNNRLTL-AJ7_BV3-CASSLRDSSYEQYF-BJ2-7,single,3,0.6664983400650096,0.33195086571598276
BL6-B10BR_HTxC,AV8D-2-CATEDTNAYKVIF-AJ30_BV3-CASSLDWGADTQYF-BJ2-5,single,1,1.5614870219474737,1.120294233717712
BL6-B10BR_HTxC,AV8D-2-CATEDTNAYKVIF-AJ30_BV3-CASSLDWGQDTQYF-BJ2-5,single,1,0.0,0.0
BL6-B10BR_HTxC,AV8D-2-CATEGYQNFYF-AJ49_BV12-1-CASSLGTGGYEQYF-BJ2-7,single,1,0.5131851787372753,0.2559610235590076
BL6-B10BR_HTxC,AV8D-2-CATETGYQNFYF-AJ49_BV5-CASSPDRGDERLFF-BJ1-4,single,1,0.7924312756731442,0.3924878835860587
BL6-B10BR_HTxC,AV8D-2-CATGTGGYKVVF-AJ12_BV3-CASSLLGGSYEQYF-BJ2-7,single,1,0.8795064608120065,0.47904673920061724
BL6-B10BR_HTxC,AV8N-2-CAASSGSWQLIF-AJ22_BV15-CASSLARGGRGDTQYF-BJ2-5,single,1,1.2516291673878228,1.0
BL6-B10BR_HTxC,AV8N-2-CAASSGSWQLIF-AJ22_BV17-CASSPGQNYAEQFF-BJ2-1,single,1,2.4464393446710155,2.321928094887362
BL6-B10BR_HTxC,AV8N-2-CARYQGGRALIF-AJ15_BV13-1-CASSQANYAEQFF-BJ2-1,single,1,2.0,2.0
BL6-B10BR_HTxC,AV8N-2-CARYQGGRALIF-AJ15_BV13-2-CASGDASWGGAETLYF-BJ2-3,single,1,0.9912642605354288,0.6866339186160615
BL6-B10BR_HTxC,AV8N-2-CASAYQGGRALIF-AJ15_BV19-CASSSGTGEHTQYF-BJ2-5,single,2,1.7034490346120013,1.4299847741105132
BL6-B10BR_HTxC,AV8N-2-CATDAGTGGYKVVF-AJ12_BV13-2-CASGDAAENTLYF-BJ2-4,single,1,2.1219280948873624,1.9434164716336322
BL6-B10BR_HTxC,AV8N-2-CATDANSNNRIFL-AJ31_BV13-3-CASSERVNQDTQYF-BJ2-5,single,1,1.3501878900165245,0.7905466343710502
BL6-B10BR_HTxC,AV8N-2-CATDASGGRALIF-AJ15_BV12-2-CASPLGVGNTLYF-BJ1-3,single,1,2.5032583347756456,2.4329594072761065
BL6-B10BR_HTxC,AV8N-2-CATDASGGRALIF-AJ15_BV12-2-CASSLGVGNTLYF-BJ1-3,single,2,1.6451909938521856,1.4199191915838931
BL6-B10BR_HTxC,AV8N-2-CATDASGGRALIF-AJ15_BV3-CASSLGVEQYF-BJ2-7,single,1,1.4339897811352764,0.8735936581964828
BL6-B10BR_HTxC,AV8N-2-CATDAYQGGRALIF-AJ15_BV13-3-CASSEGPQNTLYF-BJ2-4,single,2,1.9513770155582204,1.90058409730242
BL6-B10BR_HTxC,AV8N-2-CATDENYGNEKITF-AJ48_BV1-CTCSAVNRGQGTEVFF-BJ1-1,single,1,0.0,0.0
BL6-B10BR_HTxC,AV8N-2-CATDGQGGRALIF-AJ15_BV13-1-CASSGRLGGSSAETLYF-BJ2-3,single,1,2.555511650004403,1.9610744880916757
BL6-B10BR_HTxC,AV8N-2-CATDGQGGRALIF-AJ15_BV13-2-CASGDWGGQDTQYF-BJ2-5,single,1,0.8030717273241024,0.4943599519402494
BL6-B10BR_HTxC,AV8N-2-CATDGQGGRALIF-AJ15_BV14-CASSFRTEVFF-BJ1-1,single,1,2.1054105870684143,1.9475325801058643
BL6-B10BR_HTxC,AV8N-2-CATDGQGGRALIF-AJ15_BV17-CASSPGQGYTGQLYF-BJ2-2,single,1,2.2280722251069975,2.1525578694722243
BL6-B10BR_HTxC,AV8N-2-CATDGQGGRALIF-AJ15_BV3-CASSLGQISNERLFF-BJ1-4,single,2,0.5659825260875195,0.2850647125618825
BL6-B10BR_HTxC,AV8N-2-CATDGQGGRALIF-AJ15_BV3-CASSLSSYEQYF-BJ2-7,single,1,2.0464393446710156,1.8365012677171204
BL6-B10BR_HTxC,AV8N-2-CATDGQGGRALIF-AJ15_BV3-CASSSGPNYEQYF-BJ2-7,single,1,0.10410341125804279,0.03443964305691248
BL6-B10BR_HTxC,AV8N-2-CATDGQGGRALIF-AJ15_BV4-CASSYIEVFF-BJ1-1,single,1,1.8369179809003275,1.508510440283283
BL6-B10BR_HTxC,AV8N-2-CATDGQGGRALIV-AJ15_BV13-2-CASGDNYEQYF-BJ2-7,single,1,0.5492718819681844,0.2706475899436688
BL6-B10BR_HTxC,AV8N-2-CATDGQGGRVLIF-AJ15_BV13-2-CASGDQGASGNTLYF-BJ1-3,single,1,0.3742970376808734,0.12484795498667851
BL6-B10BR_HTxC,AV8N-2-CATDGRGGRALIF-AJ15_BV3-CASSAGLGAEQYF-BJ2-7,single,1,1.5,1.415037499278844
BL6-B10BR_HTxC,AV8N-2-CATDGYNQGKLIF-AJ23_BV1-CTCSAGTGGFAETLYF-BJ2-3,single,1,1.584962500721156,1.5849625007211563
BL6-B10BR_HTxC,AV8N-2-CATDNQGGRALIF-AJ15_BV19-CASSMVGGEVFF-BJ1-1,single,1,0.5916727785823275,0.4052564784862585
BL6-B10BR_HTxC,AV8N-2-CATDSNYQLIW-AJ33_BV31-CAWSLAGADSDYTF-BJ1-2,single,2,1.2466213917685416,0.7520296465796878
BL6-B10BR_HTxC,AV8N-2-CATDSRGGRALIF-AJ15_BV1-CTCSAVRKDTQYF-BJ2-5,single,1,1.578897902987479,1.1202942337177115
BL6-B10BR_HTxC,AV8N-2-CATDSRGGRALIF-AJ15_BV1-CTCSAVRVAEQFF-BJ2-1,single,1,1.2158749624422407,0.9530789526125076
BL6-B10BR_HTxC,AV8N-2-CATDSRGGRALIF-AJ15_BV3-CASSAGLGAEQYF-BJ2-7,single,17,1.6759468658627839,1.4277112142443869
BL6-B10BR_HTxC,AV8N-2-CATDSRGGRALIF-AJ15_BV31-CAWLGGLAETLYF-BJ2-3,single,1,0.420026001688088,0.19539568895843065
BL6-B10BR_HTxC,AV8N-2-CATDTNTGKLTF-AJ27_BV1-CTCSADRGVNSPLYF-BJ1-6,single,1,1.950212064914747,1.914270125974116
BL6-B10BR_HTxC,AV8N-2-CATDTNTGKLTF-AJ27_BV19-CASSIRDRGHSPLYF-BJ1-6,single,1,0.695987076535387,0.31594593687223615
BL6-B10BR_HTxC,AV8N-2-CATDYNQGKLIF-AJ23_BV1-CTCSSRTGGSAETLYF-BJ2-3,single,1,1.6644977792004614,1.3667823306716225
BL6-B10BR_HTxC,AV8N-2-CATEDQGGRAL-AJ15_BV13-3-CASSERVNQDTQYF-BJ2-5,single,1,0.2945976489353842,0.12478162471002549
BL6-B10BR_HTxC,AV8N-2-CATEDQGGRALIF-AJ15_BV13-2-CASGDQGASGNTLYF-BJ1-3,single,1,0.2761954276479391,0.1371764191026003
BL6-B10BR_HTxC,AV8N-2-CATEDQGGRALIF-AJ15_BV17-CASSPGQGYTGQLYF-BJ2-2,single,1,2.217021885879718,1.9142701259741162
BL6-B10BR_HTxC,AV8N-2-CATEDQGGRALIF-AJ15_BV5-CASSQEAISNERLFF-BJ1-4,single,6,1.8739114355321131,1.7552756840646084
BL6-B10BR_HTxC,AV8N-2-CATETQGGRALIF-AJ15_BV1-CTCSADGGNTEVFF-BJ1-1,single,1,1.2087030080822634,0.8039499286410751
BL6-B10BR_HTxC,AV8N-2-CATGDQGGRALIF-AJ15_BV4-CASSYGTAGNTLYF-BJ1-3,single,1,1.9056390622295665,1.8300749985576876
BL6-B10BR_HTxC,AV8N-2-CATGGNEKITF-AJ48_BV14-CASSRTGWEQYF-BJ2-7,single,1,2.946439344671015,2.7858751946471525
BL6-B10BR_HTxC,AV8N-2-CATGYNQGKLIF-AJ23_BV1-CTCSADSLGGRLQDTQYF-BJ2-5,single,1,1.0,1.0
BL6-B10BR_HTxC,AV8N-2-CATPYQGGRALIF-AJ15_BV19-CASSHGTGENTLYF-BJ2-4,single,1,2.321928094887362,2.321928094887362
BL6-B10BR_HTxC,AV8N-2-CATPYQGGRALIF-AJ15_BV19-CASTGTGGVAEQFF-BJ2-1,single,1,1.9068905956085187,1.5469946505221357
BL6-B10BR_HTxC,AV9-1-CAVNAAEGADRLTF-AJ45_BV13-2-CASGPGGQNTLYF-BJ2-4,single,1,2.045841640885174,1.7861695921669762
BL6-B10BR_HTxC,AV9-1-CAVRVMSNYNVLYF-AJ21_BV13-2-CASGDGDWGVYEQYF-BJ2-7,single,1,0.9709505944546686,0.9434164716336325
BL6-B10BR_HTxC,AV9-1-CAVRWDYANKMIF-AJ47_BV3-CASSLSSYEQYF-BJ2-7,single,1,0.46254266919774567,0.17722906973322358
BL6-B10BR_HTxC,AV9-1-CAVSAATGGNNKLTF-AJ56_BV1-CTCSAVRVDERLFF-BJ1-4,single,1,0.6329549088196991,0.3611011758883842
BL6-B10BR_HTxC,AV9-1-CAVSADTNAYKVIF-AJ30_BV1-CTCSAVRVDTEVFF-BJ1-1,single,1,1.3709505944546687,1.1844245711374273
BL6-B10BR_HTxC,AV9-1-CAVSANNYAQGLTF-AJ26_BV29-CASRAGTQDTQYF-BJ2-5,single,1,2.1280852788913944,1.9142701259741162
BL6-B10BR_HTxC,AV9-1-CAVSANSAGNKLTF-AJ17_BV13-2-CASGHWGNYAEQFF-BJ2-1,single,1,1.584962500721156,1.5849625007211563
BL6-B10BR_HTxC,AV9-1-CAVSAWGTGGYKVVF-AJ12_BV1-CTCRTLNYAEQFF-BJ2-1,single,1,1.5683182557028437,1.31748218985617
BL6-B10BR_HTxC,AV9-1-CAVSDYNQGKLIF-AJ23_BV19-CASTTGYSYEQYF-BJ2-7,single,1,1.2516291673878228,1.0
BL6-B10BR_HTxC,AV9-1-CAVSGASGGNYKPTF-AJ6_BV1-CTCSAVRVDTEVFF-BJ1-1,single,1,0.49123734182433315,0.306370813975801
BL6-B10BR_HTxC,AV9-1-CAVSMDYANKMIF-AJ47_BV3-CASSSGPNYEQYF-BJ2-7,single,3,0.5173472925757866,0.2777251326209878
BL6-B10BR_HTxC,AV9-1-CAVSMDYANKMIF-AJ47_BV3-CASSSGPNYEQYS-BJ2-7,single,1,0.0,0.0
BL6-B10BR_HTxC,AV9-1-CAVSTGYQNFYF-AJ49_BV4-CASSWDWGGEQYF-BJ2-7,single,1,1.584962500721156,1.5849625007211563
BL6-B10BR_HTxC,AV9-1-CAVSVTGSGGKLTL-AJ44_BV15-CASSPGLGGEQYF-BJ2-7,single,1,1.5219280948873621,1.473931188332412
BL6-B10BR_HTxC,AV9-1-CAVTGYQNFYF-AJ49_BV29-CASSWGGGAETLYF-BJ2-3,single,4,0.6598449006976099,0.31277233942096627
BL6-B10BR_HTxC,AV9-2-CAPIASSSFSKLVF-AJ50_BV14-CASSFRTEVFF-BJ1-1,single,1,1.3582168118009401,0.9025689896584248
BL6-B10BR_HTxC,AV9-2-CAPIASSSFSKLVF-AJ50_BV17-CASSRLGGLAEQFF-BJ2-1,single,1,0.30850570753277556,0.13241208146723654
BL6-B10BR_HTxC,AV9-2-CAPIASSSFSKLVF-AJ50_BV5-CASSLWGVNTGRLYF-BJ2-2,single,1,2.2359263506290326,2.155278225477911
BL6-B10BR_HTxC,AV9-2-CVLGNNAGAKLTF-AJ39_BV13-1-CASSDVGGSYEQYF-BJ2-7,single,4,1.0568303929183496,0.7532413223669463
BL6-B10BR_HTxC,AV9-2-CVLNTGYQNFYF-AJ49_BV13-1-CASSDPGREQYF-BJ2-7,single,1,1.040991786350512,0.7773221508179503
BL6-B10BR_HTxC,AV9-2-CVLRGNYKPTF-AJ6_BV3-CASSLDSYEQYF-BJ2-7,single,1,0.8877028235716071,0.4267782705639007
BL6-B10BR_HTxC,AV9-2-CVLRMDYANKMIF-AJ47_BV16-CASSWGAETLYF-BJ2-3,single,7,0.8362690144557637,0.5568221409512991
BL6-B10BR_HTxC,AV9-2-CVLSADGGSNYKLTF-AJ53_BV13-3-CASSDRDTEVFF-BJ1-1,single,1,0.574828144380386,0.3044510022430728
BL6-B10BR_HTxC,AV9-2-CVLSADTGYQNFYF-AJ49_BV13-1-CASSDLGRTGQLYF-BJ2-2,single,1,0.9709505944546686,0.9434164716336325
BL6-B10BR_HTxC,AV9-2-CVLSADYANKMIF-AJ47_BV3-CASSLGTGYEQYF-BJ2-7,single,1,0.41381685030363374,0.2391876638794263
BL6-B10BR_HTxC,AV9-2-CVLSAGGKLIF-AJ23_BV13-1-CASSRGQWAEQFF-BJ2-1,single,1,1.8423709931771086,1.7078192485066896
BL6-B10BR_HTxC,AV9-2-CVLSAGSAGNKLTF-AJ17_BV13-1-CATGTGDYEQYF-BJ2-7,single,1,1.4353713907745331,1.3041533931593865
BL6-B10BR_HTxC,AV9-2-CVLSANNNNAPRF-AJ43_BV3-CASSSGPNYEQYF-BJ2-7,single,1,0.07584150637714708,0.026715026455268666
BL6-B10BR_HTxC,AV9-2-CVLSANNNNAPRF-AJ43_BV5-CASSQVWGAEQYF-BJ2-7,single,5,0.7913681011637651,0.4940084209151703
BL6-B10BR_HTxC,AV9-2-CVLSANTGYQNFYF-AJ49_BV1-CTCSVDRISYEQYF-BJ2-7,single,6,1.4742433391129073,1.2789621094240058
BL6-B10BR_HTxC,AV9-2-CVLSANTGYQNFYF-AJ49_BV13-2-CASGDQGASGNTLYF-BJ1-3,single,1,0.4901250251551943,0.21052406710876703
BL6-B10BR_HTxC,AV9-2-CVLSAPYNNAGAKLTF-AJ39_BV1-CTCSAVRVSEVFF-BJ1-1,single,1,1.8810947601100745,1.5182363869203432
BL6-B10BR_HTxC,AV9-2-CVLSAPYNNAGAKLTF-AJ39_BV13-1-CASSDREDTEVFF-BJ1-1,single,10,0.9661377420298995,0.6388766503195792
BL6-B10BR_HTxC,AV9-2-CVLSASSSFSKLVF-AJ50_BV5-CASSQDYEQYF-BJ2-7,single,1,1.836591668108979,1.6959938131099002
BL6-B10BR_HTxC,AV9-2-CVLSDDTNAYKVIF-AJ30_BV31-CAWTDWGDQNTLYF-BJ2-4,single,15,1.4227097969199916,1.019656509049515
BL6-B10BR_HTxC,AV9-2-CVLSDDTNTYKVIF-AJ30_BV31-CAWTDWGDQNTLYF-BJ2-4,single,1,0.6784070909375675,0.3853458143420387
BL6-B10BR_HTxC,AV9-2-CVLSFTGSGGKLTL-AJ44_BV3-CASSPDWGQDTQYF-BJ2-5,single,1,0.9709505944546686,0.9434164716336325
BL6-B10BR_HTxC,AV9-2-CVLSITGNTGKLIF-AJ37_BV3-CASSLALYEQYF-BJ2-7,single,1,1.3787834934861753,1.222392421336448
BL6-B10BR_HTxC,AV9-2-CVLSLGNSNNRIFF-AJ31_BV13-2-CASGDAGGQDTQYF-BJ2-5,single,5,0.7084766194367699,0.438737877749318
BL6-B10BR_HTxC,AV9-2-CVLSLNYGSSGNKLIF-AJ32_BV3-CASSPGYYAEQFF-BJ2-1,single,9,0.3788315584001617,0.15137560513898604
BL6-B10BR_HTxC,AV9-2-CVLSNSNNRIFF-AJ31_BV13-3-CASSDAGGRYEQYF-BJ2-7,single,1,1.3709505944546687,1.1844245711374273
BL6-B10BR_HTxC,AV9-2-CVLSSNTGNYKYVF-AJ40_BV13-2-CASGHSQNTLYF-BJ2-4,single,1,0.0,0.0
BL6-B10BR_HTxC,AV9-2-CVLSSTSGGNYKPTF-AJ6_BV1-CTCSAVRVDTEVFF-BJ1-1,single,8,0.932374999240415,0.5348864575072555
BL6-B10BR_HTxC,AV9-2-CVLSVAEGADRLTF-AJ45_BV13-2-CASGDWGYAEQFF-BJ2-1,single,15,0.4481028061184303,0.23763385589724412
BL6-B10BR_HTxC,AV9-2-CVLSVAEGADRLTF-AJ45_BV3-CASSLSSYEQYF-BJ2-7,single,1,0.4426608980694471,0.20956838097886415
BL6-B10BR_HTxC,AV9-4-CAMRWDYANKVIL-AJ47_BV13-2-CASGDQGASGNTLYF-BJ1-3,single,1,0.1260558642978071,0.04290321455859018
BL6-B10BR_HTxC,AV9-4-CAVRMDYANKMIF-AJ47_BV3-CASSSGPNYEQYF-BJ2-7,single,1,0.11058084476988708,0.042425952872169236
BL6-B10BR_HTxC,AV9-4-CAVRWDYANKMIF-AJ47_BV13-2-CASGGGWNTEVFF-BJ1-1,single,2,1.7358736285640906,1.5622236854622442
BL6-B10BR_HTxC,AV9-4-CAVRWDYANKMIF-AJ47_BV17-CASSPGQGYTGQLYF-BJ2-2,single,1,0.5974011484921664,0.26117063049177175
BL6-B10BR_HTxC,AV9-4-CAVRWDYANKMIF-AJ47_BV3-CASSLAAVYEQYF-BJ2-7,single,1,0.6790825327341624,0.3219280948873623
BL6-B10BR_HTxC,AV9-4-CAVRWDYANKMIF-AJ47_BV3-CASSLNWGDEQYF-BJ2-7,single,1,1.2751629827848567,0.864116571918227
BL6-B10BR_HTxC,AV9-4-CAVRWDYANKMIF-AJ47_BV3-CASSLSSYEQYF-BJ2-7,single,128,0.5275707504233058,0.2816466264364762
BL6-B10BR_HTxC,AV9-4-CAVRWDYANKMIF-AJ47_BV31-CAWSLGQDTQYF-BJ2-5,single,1,1.4750996096414135,0.9019679170394733
BL6-B10BR_HTxC,AV9-4-CAVRWDYANKMIF-AJ47_BV4-CASSWTGSYNSPLYF-BJ1-6,single,1,0.5739775248775807,0.2477271530459456
BL6-B10BR_HTxC,AV9-4-CAVSAAEGADRLTF-AJ45_BV16-CASSWGQDTQYF-BJ2-5,single,17,0.8153853895209024,0.6063613075609597
BL6-B10BR_HTxC,AV9-4-CAVSAATGGNNK-AJ56_BV3-CASSLGLGGRYQYF-BJ2-5,single,1,0.46816664055233254,0.22595375378150545
BL6-B10BR_HTxC,AV9-4-CAVSAATGGNNKLTF-AJ56_BV1-CTCSAVRVDERLFF-BJ1-4,single,27,0.8467319158444563,0.5991739315344559
BL6-B10BR_HTxC,AV9-4-CAVSAATGGNNKLTF-AJ56_BV13-1-CASSDGVHYAEQFF-BJ2-1,single,1,1.275162982784857,0.864116571918227
BL6-B10BR_HTxC,AV9-4-CAVSAATGGNNKLTF-AJ56_BV13-1-CTGSGRTTNTEVFF-BJ1-1,single,1,1.058277043226334,0.6441059854711134
BL6-B10BR_HTxC,AV9-4-CAVSAATGGNNKLTF-AJ56_BV13-2-CASGQGTNQAPLF-BJ1-5,single,1,1.1219280948873622,0.6214883767462703
BL6-B10BR_HTxC,AV9-4-CAVSAATGGNNKLTF-AJ56_BV3-CASSLAAVYEQYF-BJ2-7,single,1,0.5699613760403499,0.38267925746895853
BL6-B10BR_HTxC,AV9-4-CAVSADSNNRIFF-AJ31_BV13-2-CASGDAQGSNERLFF-BJ1-4,single,1,1.6729330318733675,1.1909427827113954
BL6-B10BR_HTxC,AV9-4-CAVSAFANKMIF-AJ47_BV26-CASSPGLNTEVFF-BJ1-1,single,1,1.5,1.415037499278844
BL6-B10BR_HTxC,AV9-4-CAVSAGNTGKLIF-AJ37_BV13-3-CASSERVNQDTQYF-BJ2-5,single,1,3.036926997547917,2.781989891298957
BL6-B10BR_HTxC,AV9-4-CAVSANNNNAPRF-AJ43_BV3-CASSLDWGQDTQYF-BJ2-5,single,2,1.667481250360578,1.5627654410419294
BL6-B10BR_HTxC,AV9-4-CAVSATNAYKVIF-AJ30_BV13-2-CASGEGGDTQYF-BJ2-5,single,1,3.026104184547254,2.575113000619079
BL6-B10BR_HTxC,AV9-4-CAVSAYSNYQLIW-AJ33_BV19-CASSIDSSYNSPLYF-BJ1-6,single,1,1.8688846714986374,1.2243919989827965
BL6-B10BR_HTxC,AV9-4-CAVSMDYAKQDDL-AJ47_BV3-CASSSGPNYEQYF-BJ2-7,single,1,0.11911602665564835,0.04653028071459877
BL6-B10BR_HTxC,AV9-4-CAVSMDYAN-AJ47_BV13-2-CASGDQGASGNTLYF-BJ1-3,single,1,0.285155381949599,0.09499575859822677
BL6-B10BR_HTxC,AV9-4-CAVSMDYANK-AJ47_BV13-2-CASGGGWNTEVFF-BJ1-1,single,1,1.7676461209612238,1.509472301136893
BL6-B10BR_HTxC,AV9-4-CAVSMDYANKMIF-AJ47_BV1-CTCGADRGVNSPLYF-BJ1-6,single,1,0.30337483608641397,0.15563753088523788
BL6-B10BR_HTxC,AV9-4-CAVSMDYANKMIF-AJ47_BV1-CTCSAVRVSEVFF-BJ1-1,single,1,1.2547612518465756,0.8342597899659372
BL6-B10BR_HTxC,AV9-4-CAVSMDYANKMIF-AJ47_BV1-CTCSVGTGGSTGQLYF-BJ2-2,single,1,0.7338054550605168,0.37472951062530685
BL6-B10BR_HTxC,AV9-4-CAVSMDYANKMIF-AJ47_BV12-1-CASSDWGGAEQFF-BJ2-1,single,1,0.9274479232123118,0.5274876592708131
BL6-B10BR_HTxC,AV9-4-CAVSMDYANKMIF-AJ47_BV13-1-CASKDTYEQYF-BJ2-7,single,1,1.09669732340932,0.9057990033512608
BL6-B10BR_HTxC,AV9-4-CAVSMDYANKMIF-AJ47_BV13-1-CASSDAGGSNERLFF-BJ1-4,single,1,1.1315763694478798,0.6656899820789446
BL6-B10BR_HTxC,AV9-4-CAVSMDYANKMIF-AJ47_BV13-2-CASGDQGASGNTLYF-BJ1-3,single,3,0.3213938781670855,0.1263410271990185
BL6-B10BR_HTxC,AV9-4-CAVSMDYANKMIF-AJ47_BV13-2-CASGEQNYAEQFF-BJ2-1,single,1,1.584962500721156,1.5849625007211563
BL6-B10BR_HTxC,AV9-4-CAVSMDYANKMIF-AJ47_BV13-3-CASSDANSDYTF-BJ1-2,single,1,1.75,1.5405683813627027
BL6-B10BR_HTxC,AV9-4-CAVSMDYANKMIF-AJ47_BV13-3-CASSERVNQDTQYF-BJ2-5,single,3,0.5991261878601543,0.33499703557010174
BL6-B10BR_HTxC,AV9-4-CAVSMDYANKMIF-AJ47_BV17-CASSPGQGYTGQLYF-BJ2-2,single,1,2.311278124459133,2.0931094043914813
BL6-B10BR_HTxC,AV9-4-CAVSMDYANKMIF-AJ47_BV17-CASSSRGNTLYF-BJ2-4,single,1,0.5032583347756457,0.3174821898561702
BL6-B10BR_HTxC,AV9-4-CAVSMDYANKMIF-AJ47_BV3-CASSLGGSQNTLYF-BJ2-4,single,1,1.075875645896709,0.5935245142245801
BL6-B10BR_HTxC,AV9-4-CAVSMDYANKMIF-AJ47_BV3-CASSLGQISNERLFF-BJ1-4,single,2,0.4453151765859737,0.2314643741620853
BL6-B10BR_HTxC,AV9-4-CAVSMDYANKMIF-AJ47_BV3-CASSSGPNYEQYF-BJ2-7,single,240,0.5231648566254496,0.2745285460449566
BL6-B10BR_HTxC,AV9-4-CAVSMDYANKMIL-AJ47_BV3-CASSSGPNYEQYF-BJ2-7,single,1,0.785235442391543,0.4904449019368661
BL6-B10BR_HTxC,AV9-4-CAVSMDYANKTIF-AJ47_BV3-CASSSGPNYEQYF-BJ2-7,single,1,0.6461205477333936,0.27866136961723625
BL6-B10BR_HTxC,AV9-4-CAVSRGNTGKLIF-AJ37_BV19-CASSIGSSYEQYF-BJ2-7,single,1,1.2656385155598306,1.0112760064848538
BL6-B10BR_HTxC,AV9-4-CAVSSNTNKVVF-AJ34_BV16-CASSLDTNSDYTF-BJ1-2,single,1,3.261893037691816,3.127066730363882
BL6-B10BR_HTxC,AV9-4-CAVSVDYANKMIF-AJ47_BV13-1-CASSILGGSYEQYF-BJ2-7,single,1,1.3778903318832145,1.0230836131130414
BL6-B10BR_HTxC,AV9-4-CAVSVDYANKMIF-AJ47_BV13-3-CASSERVNQDTQYF-BJ2-5,single,1,0.8287124922704872,0.4515633753039581
BL6-B10BR_HTxC,AV9-4-CAVSVDYANKMIF-AJ47_BV3-CASSWGGGYEQYF-BJ2-7,single,10,0.4877307714878654,0.2665485978229035
BL6-B10BR_HTxC,AV9-4-CAVSYNYAQGLTF-AJ26_BV5-CASSQDAGANTEVFF-BJ1-1,single,1,2.4729055953200563,2.387516436514939
BL6-B10BR_HTxC,AV9-4-CGVSAATGGNNKLTF-AJ56_BV1-CTCSAVRVDERLFF-BJ1-4,single,1,0.7987198915173785,0.3705850724488282
BL6-B10BR_HTxC,AV9D-2-CVLSADYAQGLTF-AJ26_BV13-2-CASGRLGGRVTGQLYF-BJ2-2,single,1,0.6967690383301713,0.3212381952770737
BL6-B10BR_HTxC,AV9D-2-CVLSDYSNNRLTL-AJ7_BV13-1-CASKDTYEQYF-BJ2-7,single,1,0.6339980705404922,0.3359816311762693
BL6-B10BR_HTxC,AV9D-2-CVLSLDYSNNRLTL-AJ7_BV3-CASSLLGGVYEQYF-BJ2-7,single,1,0.9255982359100635,0.5236691757843773
BL6-B10BR_HTxC,AV9D-3-CALMNYNQGKLIF-AJ23_BV13-2-CASGDLSEQYF-BJ2-7,single,1,0.9182958340544896,0.84799690655495
BL6-B10BR_HTxC,AV9D-3-CALRGSALGRLHF-AJ18_BV17-CASSSRDWGYAEQFF-BJ2-1,single,1,2.7466083292914343,2.391000734688015
BL6-B10BR_HTxC,AV9D-3-CALRTQVVGQLTF-AJ5_BV5-CASSHRDSAETLYF-BJ2-3,single,1,1.0,1.0
BL6-B10BR_HTxC,AV9D-3-CALSPDTNAYKVIF-AJ30_BV13-2-CASGDAGGHERLFF-BJ1-4,single,4,1.6705283555938206,1.5053623203731468
BL6-B10BR_HTxC,AV9D-3-CALSSNNNNAPRF-AJ43_BV13-3-CASSDPGTISNERLFF-BJ1-4,single,1,1.5,1.415037499278844
BL6-B10BR_HTxC,AV9D-3-CAVNDMGYKLTF-AJ9_BV13-2-CASGDAQGSNERLFF-BJ1-4,single,1,1.2389012566026305,1.0610294333975594
BL6-B10BR_HTxC,AV9D-3-CAVNDMGYKLTF-AJ9_BV13-2-CASGDGSNSPLYF-BJ1-6,single,2,0.75,0.707518749639422
BL6-B10BR_HTxC,AV9D-3-CAVRWDYANKMIF-AJ47_BV3-CASSLSSYEQYF-BJ2-7,single,1,0.3415807597468747,0.12742629919868964
BL6-B10BR_HTxC,AV9D-3-CAVSIEGGSSGNKLIF-AJ32_BV1-CTCSAVLGAETLYF-BJ2-3,single,1,2.1149798205164814,1.7858751946471525
BL6-B10BR_HTxC,AV9D-3-CAVSLLSGSFNKLTF-AJ4_BV13-2-CASGTGGANTLYF-BJ2-4,single,3,2.1438894366669756,1.6999167495185106
BL6-B10BR_HTxC,AV9D-3-CAVSMEGTGSKLSF-AJ58_BV31-CAWLGGFAETLYF-BJ2-3,single,1,0.9066439961897457,0.4291955622755033
BL6-B10BR_HTxC,AV9D-3-CAVSMGTGGYKVVF-AJ12_BV13-1-CASKDTYEQYF-BJ2-7,single,1,1.3752793655393791,1.0193653248669312
BL6-B10BR_HTxC,AV9D-3-CAVSMGTGSKLSF-AJ58_BV12-1-CASSTGDERLFF-BJ1-4,single,2,1.4417333399404024,1.1490862344883768
BL6-B10BR_HTxC,AV9D-3-CAVSMNYNQGK-AJ23_BV13-3-CASSDRYEQYF-BJ2-7,single,1,1.4911148500551854,1.1375035237499351
BL6-B10BR_HTxC,AV9D-3-CAVSMNYNQGKLIF-AJ23_BV3-CASSLMDRGVETLYF-BJ2-3,single,1,2.420277698327851,2.334790245824412
BL6-B10BR_HTxC,AV9D-3-CAVSMWTNTGKLTF-AJ27_BV31-CAWSLHNTEVFF-BJ1-1,single,1,1.584962500721156,1.5849625007211563
BL6-B10BR_HTxC,AV9D-3-CAVSNAGAKLTF-AJ39_BV3-CASSFDWGGRNTLYF-BJ2-4,single,1,2.742817609602686,2.693687345726731
BL6-B10BR_HTxC,AV9D-3-CAVSPASSGSWQLIF-AJ22_BV1-CTCSAGHNSPLYF-BJ1-6,single,1,2.725480556997868,2.6394102847435326
BL6-B10BR_HTxC,AV9D-3-CAVSRQGGRALIF-AJ15_BV3-CASSPGYYAEQFF-BJ2-1,single,1,0.38029015948757416,0.12982733001382
BL6-B10BR_HTxC,AV9D-4-CALGDLSGYSKLTF-AJ11_BV31-CAWLGGLAETLYF-BJ2-3,single,1,0.49943001346969357,0.21773198727338283
BL6-B10BR_HTxC,AV9D-4-CALSTDYNQGKLIF-AJ23_BV3-CASSLGVDTQYF-BJ2-5,single,1,0.27889063428287214,0.1042753220438077
BL6-B10BR_HTxC,AV9D-4-CALSTDYNQGKLIF-AJ23_BV3-CASSLGVEQYF-BJ2-7,single,5,0.7084420292941921,0.33159899693879724
BL6-B10BR_HTxC,AV9N-4-CALSIPNTNKVVF-AJ34_BV16-CASSLGQGAQYF-BJ2-7,single,2,2.6256662138071256,2.3843056103913356
BL6-B10BR_HTxC,AV9N-4-CALSMDSNYQLIW-AJ33_BV13-1-CASSDREASDYTF-BJ1-2,single,1,1.9416823878601936,1.6260251573430426
BL6-B10BR_HTxC,AV9N-4-CALSMESNNRIFF-AJ31_BV13-2-CASGDQGASGNTLYF-BJ1-3,single,1,1.584962500721156,1.5849625007211563
BL6-B10BR_HTxC,AV9N-4-CALSMGTGGYKVVF-AJ12_BV17-CASSRSRGQDTQYF-BJ2-5,single,1,2.287783719941071,2.0433274316641006
BL6-B10BR_HTxC,AV9N-4-CALSTDYNQG-AJ23_BV3-CASSSGPNYEQYF-BJ2-7,single,1,0.4067656513725474,0.16320933175061123
BL6-B10BR_HTxC,AV9N-4-CALSTDYNQGKLIF-AJ23_BV1-CTCSADGQNTLYF-BJ2-4,single,1,1.584962500721156,1.0824621601919733
BL6-B10BR_HTxC,AV9N-4-CALSTDYNQGKLIF-AJ23_BV13-1-CASKDTYEQYF-BJ2-7,single,1,1.0144044449514422,0.5353712583466461
BL6-B10BR_HTxC,AV9N-4-CALSTDYNQGKLIF-AJ23_BV13-2-CASGDQGASGNTLYF-BJ1-3,single,3,0.6458847557642152,0.303446723431202
BL6-B10BR_HTxC,AV9N-4-CALSTDYNQGKLIF-AJ23_BV13-3-CASSERVNQDTQYF-BJ2-5,single,1,0.8442089054982093,0.4375371838893658
BL6-B10BR_HTxC,AV9N-4-CALSTDYNQGKLIF-AJ23_BV14-CASSFRTEVFF-BJ1-1,single,1,1.6369133882094111,1.3111780062062786
BL6-B10BR_HTxC,AV9N-4-CALSTDYNQGKLIF-AJ23_BV17-CASSPGQGYTGQLYF-BJ2-2,single,3,1.535456403520227,1.2312832655922223
BL6-B10BR_HTxC,AV9N-4-CALSTDYNQGKLIF-AJ23_BV3-CASSLGQISNERLFF-BJ1-4,single,1,0.14392289657119078,0.05039622638588667
BL6-B10BR_HTxC,AV9N-4-CALSTDYNQGKLIF-AJ23_BV3-CASSLGVEQYF-BJ2-7,single,123,0.43452265076413693,0.20600574590035806
BL6-B10BR_HTxC,AV9N-4-CALSTDYNQGKLIF-AJ23_BV3-CASTLGVEQYF-BJ2-7,single,1,0.0,0.0
BL6-B10BR_HTxC,AV9N-4-CALSTDYNQGKLIF-AJ23_BV31-CAWLGGLAETLYF-BJ2-3,single,1,0.2191275607962378,0.08958708578597416
BL6-B10BR_HTxC,AV9N-4-CAVSMDYANKMIF-AJ47_BV3-CASSSGPNYEQYF-BJ2-7,single,1,0.2683224064352056,0.0917974744427985
BL6-B10BR_HTxC,AV10N-CAASMDTGYQNFYF-AJ49_BV13-2-CASGDVGGANERLFF-BJ1-4,dual,53,1.6157821545595652,1.3605372973465504
BL6-B10BR_HTxC,AV11-CVVGANNYAQGLTF-AJ26_BV13-2-CASGDVGGNSPLYF-BJ1-6,dual,5,0.4919417990340107,0.23570100831982801
BL6-B10BR_HTxC,AV12D-3-CALSPGGSNAKLTF-AJ42_BV13-3-CASRDRYEQYF-BJ2-7,dual,4,0.3412391023345986,0.14312930289800013
BL6-B10BR_HTxC,AV13-1-CALEQTGFASALTF-AJ35_BV3-CASSLGGSQNTLYF-BJ2-4,dual,5,1.689182269063144,1.4600481873204383
BL6-B10BR_HTxC,AV13-2-CAIDTNTGKLTF-AJ27_BV20-CGASPSGNTLYF-BJ1-3,dual,15,1.0367174209343069,0.7691470102551978
BL6-B10BR_HTxC,AV13-2-CALEQTGFASALTF-AJ35_BV3-CASSLGGSQNTLYF-BJ2-4,dual,7,1.664424102287768,1.3906109711853214
BL6-B10BR_HTxC,AV13-4/DV7-CAMERGGSNAKLTF-AJ42_BV13-2-CASGEGQGKNTLYF-BJ2-4,dual,9,1.208003880371213,0.8477035164270095
BL6-B10BR_HTxC,AV14-2-CAARSAGNKLTF-AJ17_BV1-CTCSAVRANSDYTF-BJ1-2,dual,7,1.0063650282933347,0.7452068648075841
BL6-B10BR_HTxC,AV14D-1-CAASEDSAGNKLTF-AJ17_BV20-CGARPDGTEVFF-BJ1-1,dual,6,1.060722025056146,0.7616542254034884
BL6-B10BR_HTxC,AV15D-1/DV6D-1-CALWELARMGYKLTF-AJ9_BV13-1-CASSDGVHYAEQFF-BJ2-1,dual,12,0.6576073381588444,0.39408873471028993
BL6-B10BR_HTxC,AV16-CAMREDSNYQLIW-AJ33_BV3-CASSSGQISNERLFF-BJ1-4,dual,19,0.6910443629302152,0.4396369715390822
BL6-B10BR_HTxC,AV16/DV11-CAMREGDSGYNKLTF-AJ11_BV13-2-CASGTGGANTLYF-BJ2-4,dual,5,1.5410232573786844,1.1803458585037552
BL6-B10BR_HTxC,AV16/DV11-CAMREGGGYKVVF-AJ12_BV13-2-CASGGNNSPLYF-BJ1-6,dual,6,1.436385571891089,1.2281886182403783
BL6-B10BR_HTxC,AV16/DV11-CAMREGGGYKVVF-AJ12_BV4-CASSRDWYEQYF-BJ2-7,dual,4,1.3206603918450106,1.1704579376369928
BL6-B10BR_HTxC,AV16/DV11-CAMRENTGGLSGKLTF-AJ2_BV13-1-CASSDEQYNNQAPLF-BJ1-5,dual,7,1.173686814635109,0.7193257564919645
BL6-B10BR_HTxC,AV16/DV11-CAMRESNTGYQNFYF-AJ49_BV13-2-CASGEGQGKNTLYF-BJ2-4,dual,8,1.061289524001901,0.7086087482993075
BL6-B10BR_HTxC,AV16N-CAMREANTGYQNFYF-AJ49_BV13-2-CASGDGAQNTLYF-BJ2-4,dual,13,0.8342493799513192,0.486696854251889
BL6-B10BR_HTxC,AV16N-CAMREANTGYQNFYF-AJ49_BV15-CASSLARGGRGDTQYF-BJ2-5,dual,6,0.840629961305984,0.5002891218010426
BL6-B10BR_HTxC,AV16N-CAMREGPSGYNKLTF-AJ11_BV13-2-CASGDAGASQNTLYF-BJ2-4,dual,7,1.2459103408851857,0.8938172034966781
BL6-B10BR_HTxC,AV16N-CAMREGQAYKVIF-AJ30_BV13-2-CASGGRAQDTQYF-BJ2-5,dual,4,1.923464047443681,1.7394790103321867
BL6-B10BR_HTxC,AV17-CALGNNAGAKLTF-AJ39_BV13-1-CASSILGGSYEQYF-BJ2-7,dual,18,0.8012985767003243,0.4946061755111949
BL6-B10BR_HTxC,AV17-CALGNNAGAKLTF-AJ39_BV17-CASSRQGAREQYF-BJ2-7,dual,13,0.7546719477542129,0.42348341707922876
BL6-B10BR_HTxC,AV21/DV12-CILRVAGANTGKLTF-AJ52_BV13-3-CASSARVEQYF-BJ2-7,dual,12,1.0961640505329064,0.7771574180626125
BL6-B10BR_HTxC,AV3D-3-CAVRGGSGGKLTL-AJ44_BV13-3-CASSGGPTGQLYF-BJ2-2,dual,10,1.4683189029670347,1.269236334772849
BL6-B10BR_HTxC,AV3D-3-CAVSGGNYKYVF-AJ40_BV13-2-CASGDAGGATEQFF-BJ2-1,dual,6,1.2672388377303838,0.8327252535882114
BL6-B10BR_HTxC,AV4-2-CAVEGTGGYKVVF-AJ12_BV13-1-CASSAGADSPLYF-BJ1-6,dual,14,0.7825719883419133,0.5435933628067919
BL6-B10BR_HTxC,AV4-3-CAADAPRF-AJ43_BV13-2-CASGDWGGAYEQYF-BJ2-7,dual,4,0.5009432993918053,0.2395296541840972
BL6-B10BR_HTxC,AV4-4/DV10-CAAEANTGYQNFYF-AJ49_BV16-CASSWDRGNTQYF-BJ2-5,dual,14,1.8029784830611177,1.5665350823479807
BL6-B10BR_HTxC,AV5-1-CSASSGTGGYKVVF-AJ12_BV13-1-CASSETGVSSYEQYF-BJ2-7,dual,60,1.6969190341512272,1.44399356335733
BL6-B10BR_HTxC,AV5-4-CAASSNSGGSNAKLTF-AJ42_BV3-CASSLGQISNERLFF-BJ1-4,dual,14,0.6254385865878396,0.3423865186365148
BL6-B10BR_HTxC,AV5D-4-CAASGSNYNVLYF-AJ21_BV31-CAWGDSSGNTLYF-BJ1-3,dual,15,1.348693232785126,0.9692098568688087
BL6-B10BR_HTxC,AV6-5-CAPSNTNKVVF-AJ34_BV19-CASSITYQDTQYF-BJ2-5,dual,4,2.035946427308029,1.4771793515787057
BL6-B10BR_HTxC,AV6-6-CALGASNTEGADRLTF-AJ45_BV13-3-CASSDRDTLYF-BJ2-4,dual,37,1.0113731000603496,0.6860891097734675
BL6-B10BR_HTxC,AV6-6-CALGDQGTGSKLSF-AJ58_BV13-1-CASKDTYEQYF-BJ2-7,dual,8,0.6419851710602019,0.3780465686064082
BL6-B10BR_HTxC,AV6-6-CALGENTNTGKLTF-AJ27_BV2-CASSQDRRGDTQYF-BJ2-5,dual,5,1.4591400488957267,1.339799548793437
BL6-B10BR_HTxC,AV6-7/DV9-CALSDSGGSNAKLTF-AJ42_BV3-CASSTGQISNERLFF-BJ1-4,dual,4,0.4686455479300119,0.23306440001238918
BL6-B10BR_HTxC,AV6-7/DV9-CALSVDSNYQLIW-AJ33_BV13-2-CASGLGGDTQYF-BJ2-5,dual,38,1.1382813644946939,0.8658712775380244
BL6-B10BR_HTxC,AV6D-7-CALGDTGANTGKLTF-AJ52_BV17-CASSRAGWGGYEQYF-BJ2-7,dual,4,1.2293549434863482,0.8363083234000522
BL6-B10BR_HTxC,AV6D-7-CALVASSGSWQLIF-AJ22_BV13-2-CASGDAGASQNTLYF-BJ2-4,dual,12,0.9642981846747224,0.6055250943102877
BL6-B10BR_HTxC,AV7-1-CAVSSQGGRALIF-AJ15_BV13-1-CASSGTGMYEQYF-BJ2-7,dual,15,1.5608123319934886,1.2741806256881172
BL6-B10BR_HTxC,AV7-2-CAASRGDYANKMIF-AJ47_BV13-3-CASSARVEQYF-BJ2-7,dual,5,1.6533294510459087,1.4151371907807992
BL6-B10BR_HTxC,AV7-4-CAASENTGNYKYVF-AJ40_BV20-CGASPSGNTLYF-BJ1-3,dual,54,1.111422965706181,0.8177266903891898
BL6-B10BR_HTxC,AV7-4-CAASEPGGRALIF-AJ15_BV1-CTCSTGTTNSDYTF-BJ1-2,dual,4,1.438247094763475,1.0914347255142474
BL6-B10BR_HTxC,AV7D-3-CAVNNNNAPRF-AJ43_BV13-2-CASGDWGGAYEQYF-BJ2-7,dual,11,0.599678925757728,0.32073792616388713
BL6-B10BR_HTxC,AV7D-3-CAVTGNYKYVF-AJ40_BV13-2-CASGDAQGSNERLFF-BJ1-4,dual,146,0.4887707303647415,0.25130847650028726
BL6-B10BR_HTxC,AV7D-3-CAVTGNYKYVF-AJ40_BV14-CASSLRGEQYF-BJ2-7,dual,4,1.0300000497175463,0.6661851556896725
BL6-B10BR_HTxC,AV7D-5-CAGTQVVGQLTF-AJ5_BV13-1-CASSGTGMYEQYF-BJ2-7,dual,4,1.4464675256922024,1.285346239388242
BL6-B10BR_HTxC,AV7D-5-CAVSASNSAGNKLTF-AJ17_BV13-3-CASSDAGQAERLFF-BJ1-4,dual,4,1.0005933876925908,0.7539268946841208
BL6-B10BR_HTxC,AV7D-5-CAVSASNSAGNKLTF-AJ17_BV3-CASSLSTGNSDYTF-BJ1-2,dual,18,1.1144822200682702,0.8552382804252123
BL6-B10BR_HTxC,AV7D-5-CAVSMTNSAGNKLTF-AJ17_BV13-3-CASSDAGQAERLFF-BJ1-4,dual,8,0.7979037322839582,0.47694224115050776
BL6-B10BR_HTxC,AV7D-5-CAVSMTNSAGNKLTF-AJ17_BV3-CASSLSTGNSDYTF-BJ1-2,dual,30,0.951744099393734,0.6254595485806058
BL6-B10BR_HTxC,AV8D-2-CATDAEGGRALIF-AJ15_BV13-3-CASSGGPTGQLYF-BJ2-2,dual,47,1.4801916533819923,1.304856396492502
BL6-B10BR_HTxC,AV8D-2-CATDANSNNRIFF-AJ31_BV13-2-CASGDQGASGNTLYF-BJ1-3,dual,4,0.8988934435620654,0.6241864678046378
BL6-B10BR_HTxC,AV8N-2-CATDGQGGRALIF-AJ15_BV13-1-CASSETGVSSYEQYF-BJ2-7,dual,34,1.7040461252049988,1.4187851613257232
BL6-B10BR_HTxC,AV9-1-CAVSADTNAYKVIF-AJ30_BV1-CTCSAVRANSDYTF-BJ1-2,dual,4,1.3713742491064351,1.1026594539887533
BL6-B10BR_HTxC,AV9-2-CAPIASSSFSKLVF-AJ50_BV13-2-CASGDVGGANERLFF-BJ1-4,dual,7,1.7268655165940199,1.497573054404194
