clonotype,n_cells,alpha,renyi_entropy_mean
AV1-CAVRADYSNNRLTL-AJ7_BV17-CASSKDNNQDTQYF-BJ2-5,2,0.0,3.5221970596792267
AV1-CAVRADYSNNRLTL-AJ7_BV17-CASSKDNNQDTQYF-BJ2-5,2,1.0,2.789644451586218
AV1-CAVRADYSNNRLTL-AJ7_BV17-CASSKDNNQDTQYF-BJ2-5,2,2.0,2.368027497203653
AV1-CAVRADYSNNRLTL-AJ7_BV17-CASSKDNNQDTQYF-BJ2-5,2,5.0,1.8972891490143917
AV1-CAVRDNYAQGLTF-AJ26_BV2-CASSWDRVNSDYTF-BJ1-2,2,0.0,3.064641508472483
AV1-CAVRDNYAQGLTF-AJ26_BV2-CASSWDRVNSDYTF-BJ1-2,2,1.0,0.783406173505787
AV1-CAVRDNYAQGLTF-AJ26_BV2-CASSWDRVNSDYTF-BJ1-2,2,2.0,0.3324574725351709
AV1-CAVRDNYAQGLTF-AJ26_BV2-CASSWDRVNSDYTF-BJ1-2,2,5.0,0.21064680320706744
AV1-CAVRDNYAQGLTF-AJ26_BV29-CASSGTNNQAPLF-BJ1-5,2,0.0,2.745926548164837
AV1-CAVRDNYAQGLTF-AJ26_BV29-CASSGTNNQAPLF-BJ1-5,2,1.0,1.2764478855478683
AV1-CAVRDNYAQGLTF-AJ26_BV29-CASSGTNNQAPLF-BJ1-5,2,2.0,0.7778484342071004
AV1-CAVRDNYAQGLTF-AJ26_BV29-CASSGTNNQAPLF-BJ1-5,2,5.0,0.5197544331574621
AV10-CAADNYAQGLTF-AJ26_BV13-1-CASSAISSNERLFF-BJ1-4,8,0.0,2.5831912790791365
AV10-CAADNYAQGLTF-AJ26_BV13-1-CASSAISSNERLFF-BJ1-4,8,1.0,0.9419526704236404
AV10-CAADNYAQGLTF-AJ26_BV13-1-CASSAISSNERLFF-BJ1-4,8,2.0,0.5043593227637231
AV10-CAADNYAQGLTF-AJ26_BV13-1-CASSAISSNERLFF-BJ1-4,8,5.0,0.331658032391314
AV10-CAADSGTYQRF-AJ13_BV13-1-CASASGDTEVFF-BJ1-1,2,0.0,3.292481250360578
AV10-CAADSGTYQRF-AJ13_BV13-1-CASASGDTEVFF-BJ1-1,2,1.0,0.8397008099360375
AV10-CAADSGTYQRF-AJ13_BV13-1-CASASGDTEVFF-BJ1-1,2,2.0,0.3592547463025262
AV10-CAADSGTYQRF-AJ13_BV13-1-CASASGDTEVFF-BJ1-1,2,5.0,0.22840926666675188
AV10-CAADTNAYKVIF-AJ30_BV4-CASSPTGGGDTQYF-BJ2-5,2,0.0,2.564641508472483
AV10-CAADTNAYKVIF-AJ30_BV4-CASSPTGGGDTQYF-BJ2-5,2,1.0,1.4811330967807166
AV10-CAADTNAYKVIF-AJ30_BV4-CASSPTGGGDTQYF-BJ2-5,2,2.0,1.174174090161373
AV10-CAADTNAYKVIF-AJ30_BV4-CASSPTGGGDTQYF-BJ2-5,2,5.0,0.9191285238730582
AV10-CAAGDSNYQLIW-AJ33_BV13-3-CASSDETSQNTLYF-BJ2-4,4,0.0,2.786801231235557
AV10-CAAGDSNYQLIW-AJ33_BV13-3-CASSDETSQNTLYF-BJ2-4,4,1.0,1.4762887423909854
AV10-CAAGDSNYQLIW-AJ33_BV13-3-CASSDETSQNTLYF-BJ2-4,4,2.0,0.9636209178399839
AV10-CAAGDSNYQLIW-AJ33_BV13-3-CASSDETSQNTLYF-BJ2-4,4,5.0,0.7143105113739909
AV10-CAASERNMGYKLTF-AJ9_BV13-2-CASGTASQNTLYF-BJ2-4,3,0.0,3.317094904988991
AV10-CAASERNMGYKLTF-AJ9_BV13-2-CASGTASQNTLYF-BJ2-4,3,1.0,1.9884167560263386
AV10-CAASERNMGYKLTF-AJ9_BV13-2-CASGTASQNTLYF-BJ2-4,3,2.0,1.235059203769049
AV10-CAASERNMGYKLTF-AJ9_BV13-2-CASGTASQNTLYF-BJ2-4,3,5.0,0.8198706872821617
AV10-CAASGGANTGKLTF-AJ52_BV3-CASSFDWGSDEQYF-BJ2-7,3,0.0,3.0997360061290933
AV10-CAASGGANTGKLTF-AJ52_BV3-CASSFDWGSDEQYF-BJ2-7,3,1.0,1.7767035311031423
AV10-CAASGGANTGKLTF-AJ52_BV3-CASSFDWGSDEQYF-BJ2-7,3,2.0,1.1018571855765986
AV10-CAASGGANTGKLTF-AJ52_BV3-CASSFDWGSDEQYF-BJ2-7,3,5.0,0.7361226971048797
AV10-CAASGTGGYKVVF-AJ12_BV14-CASRYRDEQYF-BJ2-7,3,0.0,2.968963531869506
AV10-CAASGTGGYKVVF-AJ12_BV14-CASRYRDEQYF-BJ2-7,3,1.0,1.3766549130916774
AV10-CAASGTGGYKVVF-AJ12_BV14-CASRYRDEQYF-BJ2-7,3,2.0,0.9022466762709529
AV10-CAASGTGGYKVVF-AJ12_BV14-CASRYRDEQYF-BJ2-7,3,5.0,0.6589945342202688
AV10-CAASLDTGYQNFYF-AJ49_BV13-2-CASGDVGEGYF-BJ2-7,3,0.0,2.854080808073691
AV10-CAASLDTGYQNFYF-AJ49_BV13-2-CASGDVGEGYF-BJ2-7,3,1.0,2.45658127722045
AV10-CAASLDTGYQNFYF-AJ49_BV13-2-CASGDVGEGYF-BJ2-7,3,2.0,2.22548731510634
AV10-CAASLDTGYQNFYF-AJ49_BV13-2-CASGDVGEGYF-BJ2-7,3,5.0,1.9210180709634261
AV10-CAASMDTGYQNFYF-AJ49_BV2-CASSRLNTEVFF-BJ1-1,2,0.0,3.39067985676233
AV10-CAASMDTGYQNFYF-AJ49_BV2-CASSRLNTEVFF-BJ1-1,2,1.0,0.5978185607133926
AV10-CAASMDTGYQNFYF-AJ49_BV2-CASSRLNTEVFF-BJ1-1,2,2.0,0.22788781884561576
AV10-CAASMDTGYQNFYF-AJ49_BV2-CASSRLNTEVFF-BJ1-1,2,5.0,0.14384371915084493
AV10-CAVSGSWQLIF-AJ22_BV13-1-CASSDVGGAQNTLYF-BJ2-4,8,0.0,2.869319980874979
AV10-CAVSGSWQLIF-AJ22_BV13-1-CASSDVGGAQNTLYF-BJ2-4,8,1.0,1.497089596265879
AV10-CAVSGSWQLIF-AJ22_BV13-1-CASSDVGGAQNTLYF-BJ2-4,8,2.0,0.9960222218864799
AV10-CAVSGSWQLIF-AJ22_BV13-1-CASSDVGGAQNTLYF-BJ2-4,8,5.0,0.7056086647516375
AV10D-CAASMDTGYQNFYF-AJ49_BV2-CASSRLNTEVFF-BJ1-1,2,0.0,3.2297158093186487
AV10D-CAASMDTGYQNFYF-AJ49_BV2-CASSRLNTEVFF-BJ1-1,2,1.0,0.595550630312226
AV10D-CAASMDTGYQNFYF-AJ49_BV2-CASSRLNTEVFF-BJ1-1,2,2.0,0.2218178592873864
AV10D-CAASMDTGYQNFYF-AJ49_BV2-CASSRLNTEVFF-BJ1-1,2,5.0,0.13956641736542535
AV12-2-CALRASNTDKVVF-AJ34*p03_BV1-CTCSADWDEQYF-BJ2-7,5,0.0,3.038319808860136
AV12-2-CALRASNTDKVVF-AJ34*p03_BV1-CTCSADWDEQYF-BJ2-7,5,1.0,1.10539283990494
AV12-2-CALRASNTDKVVF-AJ34*p03_BV1-CTCSADWDEQYF-BJ2-7,5,2.0,0.5670412529317805
AV12-2-CALRASNTDKVVF-AJ34*p03_BV1-CTCSADWDEQYF-BJ2-7,5,5.0,0.3705521759874928
AV12-2-CALSAGSWQLIF-AJ22_BV2-CASSQVGQYTEVFF-BJ1-1,3,0.0,2.7332241149454544
AV12-2-CALSAGSWQLIF-AJ22_BV2-CASSQVGQYTEVFF-BJ1-1,3,1.0,1.4388815545390177
AV12-2-CALSAGSWQLIF-AJ22_BV2-CASSQVGQYTEVFF-BJ1-1,3,2.0,1.1129112139999415
AV12-2-CALSAGSWQLIF-AJ22_BV2-CASSQVGQYTEVFF-BJ1-1,3,5.0,0.8845269549222566
AV12-2-CALSANNNNAPRF-AJ43*p03_BV14-CASSSRQEQYF-BJ2-7,3,0.0,2.8170703706107765
AV12-2-CALSANNNNAPRF-AJ43*p03_BV14-CASSSRQEQYF-BJ2-7,3,1.0,1.2692181800504994
AV12-2-CALSANNNNAPRF-AJ43*p03_BV14-CASSSRQEQYF-BJ2-7,3,2.0,0.7466313092500775
AV12-2-CALSANNNNAPRF-AJ43*p03_BV14-CASSSRQEQYF-BJ2-7,3,5.0,0.49627764616131936
AV12-2-CALSDDNAGAKLTF-AJ39_BV14-CASSQRNTEVFF-BJ1-1,14,0.0,3.1775956207674354
AV12-2-CALSDDNAGAKLTF-AJ39_BV14-CASSQRNTEVFF-BJ1-1,14,1.0,0.8958275740622241
AV12-2-CALSDDNAGAKLTF-AJ39_BV14-CASSQRNTEVFF-BJ1-1,14,2.0,0.42848409415874833
AV12-2-CALSDDNAGAKLTF-AJ39_BV14-CASSQRNTEVFF-BJ1-1,14,5.0,0.2761032579423795
AV12-2-CALSDLNYGNEKITF-AJ48_BV13-1-CASSDITVNYAEQFF-BJ2-1,4,0.0,2.6552840283186603
AV12-2-CALSDLNYGNEKITF-AJ48_BV13-1-CASSDITVNYAEQFF-BJ2-1,4,1.0,1.1213436738009241
AV12-2-CALSDLNYGNEKITF-AJ48_BV13-1-CASSDITVNYAEQFF-BJ2-1,4,2.0,0.6651301904420622
AV12-2-CALSDLNYGNEKITF-AJ48_BV13-1-CASSDITVNYAEQFF-BJ2-1,4,5.0,0.4484046356660629
AV12-2-CALSDLNYGNEKITF-AJ48_BV29-CASSLFQTEVFF-BJ1-1,3,0.0,2.3899750004807707
AV12-2-CALSDLNYGNEKITF-AJ48_BV29-CASSLFQTEVFF-BJ1-1,3,1.0,1.2774278929129128
AV12-2-CALSDLNYGNEKITF-AJ48_BV29-CASSLFQTEVFF-BJ1-1,3,2.0,0.9154562017744451
AV12-2-CALSDLNYGNEKITF-AJ48_BV29-CASSLFQTEVFF-BJ1-1,3,5.0,0.6985558271998341
AV12-2-CALSDLSSGSWQLIF-AJ22_BV5-CASSQGTGEYEQYF-BJ2-7,4,0.0,3.043419284075855
AV12-2-CALSDLSSGSWQLIF-AJ22_BV5-CASSQGTGEYEQYF-BJ2-7,4,1.0,0.6446736896470473
AV12-2-CALSDLSSGSWQLIF-AJ22_BV5-CASSQGTGEYEQYF-BJ2-7,4,2.0,0.2677796437779588
AV12-2-CALSDLSSGSWQLIF-AJ22_BV5-CASSQGTGEYEQYF-BJ2-7,4,5.0,0.17003736226349203
AV12-2-CALSEDTGNYKYVF-AJ40_BV16-CASSLGGAEQFF-BJ2-1,4,0.0,2.542481250360578
AV12-2-CALSEDTGNYKYVF-AJ40_BV16-CASSLGGAEQFF-BJ2-1,4,1.0,0.860723833644951
AV12-2-CALSEDTGNYKYVF-AJ40_BV16-CASSLGGAEQFF-BJ2-1,4,2.0,0.4274642327335175
AV12-2-CALSEDTGNYKYVF-AJ40_BV16-CASSLGGAEQFF-BJ2-1,4,5.0,0.27501052920073904
AV12-2-CALSERTGNYKYVF-AJ40_BV30-CSSRPHANTEVFF-BJ1-1,2,0.0,3.2297158093186487
AV12-2-CALSERTGNYKYVF-AJ40_BV30-CSSRPHANTEVFF-BJ1-1,2,1.0,2.1217580967758214
AV12-2-CALSERTGNYKYVF-AJ40_BV30-CSSRPHANTEVFF-BJ1-1,2,2.0,1.7022122826756896
AV12-2-CALSERTGNYKYVF-AJ40_BV30-CSSRPHANTEVFF-BJ1-1,2,5.0,1.4160534936511724
AV12-2-CALSPMDSNYQLIW-AJ33_BV1-CTCSADRVGNTLYF-BJ1-3,2,0.0,2.660964047443681
AV12-2-CALSPMDSNYQLIW-AJ33_BV1-CTCSADRVGNTLYF-BJ1-3,2,1.0,0.43440850755577565
AV12-2-CALSPMDSNYQLIW-AJ33_BV1-CTCSADRVGNTLYF-BJ1-3,2,2.0,0.17258542081204215
AV12-2-CALSPMDSNYQLIW-AJ33_BV1-CTCSADRVGNTLYF-BJ1-3,2,5.0,0.10932320477627727
AV12-2-CALTGNTRKLIF-AJ37*p02_BV5-CASSQDGGLAETLYF-BJ2-3,2,0.0,2.292481250360578
AV12-2-CALTGNTRKLIF-AJ37*p02_BV5-CASSQDGGLAETLYF-BJ2-3,2,1.0,0.48218160178853386
AV12-2-CALTGNTRKLIF-AJ37*p02_BV5-CASSQDGGLAETLYF-BJ2-3,2,2.0,0.20149135254110445
AV12-2-CALTGNTRKLIF-AJ37*p02_BV5-CASSQDGGLAETLYF-BJ2-3,2,5.0,0.12748551363325974
AV12-3-CAFQGGSAKLIF-AJ57_BV1-CTCSADWNYAEQFF-BJ2-1,2,0.0,3.169925001442312
AV12-3-CAFQGGSAKLIF-AJ57_BV1-CTCSADWNYAEQFF-BJ2-1,2,1.0,1.0752024366425355
AV12-3-CAFQGGSAKLIF-AJ57_BV1-CTCSADWNYAEQFF-BJ2-1,2,2.0,0.5660053122674495
AV12-3-CAFQGGSAKLIF-AJ57_BV1-CTCSADWNYAEQFF-BJ2-1,2,5.0,0.3761450502865759
AV12D-1-CALTANTGKLTF-AJ27_BV14-CASSFWINQDTQYF-BJ2-5,2,0.0,2.69615871138938
AV12D-1-CALTANTGKLTF-AJ27_BV14-CASSFWINQDTQYF-BJ2-5,2,1.0,0.47266548206030135
AV12D-1-CALTANTGKLTF-AJ27_BV14-CASSFWINQDTQYF-BJ2-5,2,2.0,0.1795136603241456
AV12D-1-CALTANTGKLTF-AJ27_BV14-CASSFWINQDTQYF-BJ2-5,2,5.0,0.11299272633132601
AV12D-2-CALSEWTGGYKVVF-AJ12_BV31-CAWSLLGGNYAEQFF-BJ2-1,2,0.0,3.245926548164837
AV12D-2-CALSEWTGGYKVVF-AJ12_BV31-CAWSLLGGNYAEQFF-BJ2-1,2,1.0,0.5926202480234223
AV12D-2-CALSEWTGGYKVVF-AJ12_BV31-CAWSLLGGNYAEQFF-BJ2-1,2,2.0,0.2321878675292352
AV12D-2-CALSEWTGGYKVVF-AJ12_BV31-CAWSLLGGNYAEQFF-BJ2-1,2,5.0,0.1465712247708094
AV12D-3-CALSDWATGGNNKLTF-AJ56_BV2-CASSQLRDYYAEQFF-BJ2-1,4,0.0,2.995926548164837
AV12D-3-CALSDWATGGNNKLTF-AJ56_BV2-CASSQLRDYYAEQFF-BJ2-1,4,1.0,1.854810478395346
AV12D-3-CALSDWATGGNNKLTF-AJ56_BV2-CASSQLRDYYAEQFF-BJ2-1,4,2.0,1.4238432759620294
AV12D-3-CALSDWATGGNNKLTF-AJ56_BV2-CASSQLRDYYAEQFF-BJ2-1,4,5.0,1.123282070042284
AV13-1-CAIPSSFSKLVF-AJ50_BV5-CASSHGTGLTEVFF-BJ1-1,6,0.0,2.756587057953498
AV13-1-CAIPSSFSKLVF-AJ50_BV5-CASSHGTGLTEVFF-BJ1-1,6,1.0,1.443349853585909
AV13-1-CAIPSSFSKLVF-AJ50_BV5-CASSHGTGLTEVFF-BJ1-1,6,2.0,0.9021358999281285
AV13-1-CAIPSSFSKLVF-AJ50_BV5-CASSHGTGLTEVFF-BJ1-1,6,5.0,0.6092993089944714
AV13-1-CAMALDGSWQLIF-AJ22_BV5-CASSLDWGDEQYF-BJ2-7,3,0.0,2.6045937304056785
AV13-1-CAMALDGSWQLIF-AJ22_BV5-CASSLDWGDEQYF-BJ2-7,3,1.0,2.2013066571610627
AV13-1-CAMALDGSWQLIF-AJ22_BV5-CASSLDWGDEQYF-BJ2-7,3,2.0,1.909748096114579
AV13-1-CAMALDGSWQLIF-AJ22_BV5-CASSLDWGDEQYF-BJ2-7,3,5.0,1.5334624139438102
AV13-1-CAMDPSSGSWQLIF-AJ22_BV4-CASSYSGEQYF-BJ2-7,6,0.0,2.9276657598470295
AV13-1-CAMDPSSGSWQLIF-AJ22_BV4-CASSYSGEQYF-BJ2-7,6,1.0,1.6545596836349876
AV13-1-CAMDPSSGSWQLIF-AJ22_BV4-CASSYSGEQYF-BJ2-7,6,2.0,1.1098194581945264
AV13-1-CAMDPSSGSWQLIF-AJ22_BV4-CASSYSGEQYF-BJ2-7,6,5.0,0.7836990869973507
AV13-1-CAMDSNYQLIW-AJ33_BV13-3-CASSVGQPNTGQLYF-BJ2-2,3,0.0,3.163951032109891
AV13-1-CAMDSNYQLIW-AJ33_BV13-3-CASSVGQPNTGQLYF-BJ2-2,3,1.0,0.6447090926086948
AV13-1-CAMDSNYQLIW-AJ33_BV13-3-CASSVGQPNTGQLYF-BJ2-2,3,2.0,0.2605478769133522
AV13-1-CAMDSNYQLIW-AJ33_BV13-3-CASSVGQPNTGQLYF-BJ2-2,3,5.0,0.16483193810139588
AV13-1-CAMEASSGSWQLIF-AJ22_BV4-CASSYNEQYF-BJ2-7,2,0.0,3.245926548164837
AV13-1-CAMEASSGSWQLIF-AJ22_BV4-CASSYNEQYF-BJ2-7,2,1.0,0.7581601661441023
AV13-1-CAMEASSGSWQLIF-AJ22_BV4-CASSYNEQYF-BJ2-7,2,2.0,0.2987513611185108
AV13-1-CAMEASSGSWQLIF-AJ22_BV4-CASSYNEQYF-BJ2-7,2,5.0,0.1882554229885846
AV13-1-CAMEPGGNNKLTF-AJ56_BV13-3-CASSDRYEQYF-BJ2-7,5,0.0,2.898370619265935
AV13-1-CAMEPGGNNKLTF-AJ56_BV13-3-CASSDRYEQYF-BJ2-7,5,1.0,1.1639701101789803
AV13-1-CAMEPGGNNKLTF-AJ56_BV13-3-CASSDRYEQYF-BJ2-7,5,2.0,0.7297745646628516
AV13-1-CAMEPGGNNKLTF-AJ56_BV13-3-CASSDRYEQYF-BJ2-7,5,5.0,0.5565920393157691
AV13-1-CAMEPHMGYKLTF-AJ9_BV13-2-CASGDGTNEQYF-BJ2-7,4,0.0,2.9432848016799227
AV13-1-CAMEPHMGYKLTF-AJ9_BV13-2-CASGDGTNEQYF-BJ2-7,4,1.0,1.5000741058335538
AV13-1-CAMEPHMGYKLTF-AJ9_BV13-2-CASGDGTNEQYF-BJ2-7,4,2.0,1.1687443908945907
AV13-1-CAMEPHMGYKLTF-AJ9_BV13-2-CASGDGTNEQYF-BJ2-7,4,5.0,0.967774231689688
AV13-1-CAMEPSSGSWQLIF-AJ22_BV4-CASSYAAEVFF-BJ1-1,19,0.0,3.1526173241392996
AV13-1-CAMEPSSGSWQLIF-AJ22_BV4-CASSYAAEVFF-BJ1-1,19,1.0,0.7320372269726017
AV13-1-CAMEPSSGSWQLIF-AJ22_BV4-CASSYAAEVFF-BJ1-1,19,2.0,0.3186156041948327
AV13-1-CAMEPSSGSWQLIF-AJ22_BV4-CASSYAAEVFF-BJ1-1,19,5.0,0.20361834314783786
AV13-1-CAMERSSGSWQLIF-AJ22_BV4-CASSYGEQYF-BJ2-7,5,0.0,2.6598416036774557
AV13-1-CAMERSSGSWQLIF-AJ22_BV4-CASSYGEQYF-BJ2-7,5,1.0,0.7112312169082726
AV13-1-CAMERSSGSWQLIF-AJ22_BV4-CASSYGEQYF-BJ2-7,5,2.0,0.33048306952072853
AV13-1-CAMERSSGSWQLIF-AJ22_BV4-CASSYGEQYF-BJ2-7,5,5.0,0.21232712946573332
AV13-1-CAMESSNTDKVVF-AJ34*p03_BV5-CASSHGTGGGTEVFF-BJ1-1,8,0.0,2.8503792195478788
AV13-1-CAMESSNTDKVVF-AJ34*p03_BV5-CASSHGTGGGTEVFF-BJ1-1,8,1.0,1.0234090489295218
AV13-1-CAMESSNTDKVVF-AJ34*p03_BV5-CASSHGTGGGTEVFF-BJ1-1,8,2.0,0.5406811999288543
AV13-1-CAMESSNTDKVVF-AJ34*p03_BV5-CASSHGTGGGTEVFF-BJ1-1,8,5.0,0.3559552145054472
AV13-1-CAMTGNTRKLIF-AJ37*p02_BV13-1-CASSPGTGFAEQFF-BJ2-1,10,0.0,3.2198025313460112
AV13-1-CAMTGNTRKLIF-AJ37*p02_BV13-1-CASSPGTGFAEQFF-BJ2-1,10,1.0,1.8250295158962566
AV13-1-CAMTGNTRKLIF-AJ37*p02_BV13-1-CASSPGTGFAEQFF-BJ2-1,10,2.0,1.4523250291758885
AV13-1-CAMTGNTRKLIF-AJ37*p02_BV13-1-CASSPGTGFAEQFF-BJ2-1,10,5.0,1.2630455896783626
AV13-2-CAIDLMQQGTGSKLSF-AJ58_BV13-1-CASSGPGGYAEQFF-BJ2-1,41,0.0,2.980330975066285
AV13-2-CAIDLMQQGTGSKLSF-AJ58_BV13-1-CASSGPGGYAEQFF-BJ2-1,41,1.0,1.695955325500254
AV13-2-CAIDLMQQGTGSKLSF-AJ58_BV13-1-CASSGPGGYAEQFF-BJ2-1,41,2.0,1.3517058313703674
AV13-2-CAIDLMQQGTGSKLSF-AJ58_BV13-1-CASSGPGGYAEQFF-BJ2-1,41,5.0,1.162381441077207
AV13-2-CAINTGGLSGKLTF-AJ2_BV4-CASSYNERLFF-BJ1-4,2,0.0,2.564641508472483
AV13-2-CAINTGGLSGKLTF-AJ2_BV4-CASSYNERLFF-BJ1-4,2,1.0,0.9257513648929809
AV13-2-CAINTGGLSGKLTF-AJ2_BV4-CASSYNERLFF-BJ1-4,2,2.0,0.45406875179024975
AV13-2-CAINTGGLSGKLTF-AJ2_BV4-CASSYNERLFF-BJ1-4,2,5.0,0.2907401026812819
AV13D-1-CAMDYAQGLTF-AJ26_BV14-CASSFAPGGEQYF-BJ2-7,3,0.0,3.446616667628208
AV13D-1-CAMDYAQGLTF-AJ26_BV14-CASSFAPGGEQYF-BJ2-7,3,1.0,1.5577913058212471
AV13D-1-CAMDYAQGLTF-AJ26_BV14-CASSFAPGGEQYF-BJ2-7,3,2.0,1.0273239460652965
AV13D-1-CAMDYAQGLTF-AJ26_BV14-CASSFAPGGEQYF-BJ2-7,3,5.0,0.7492226441091878
AV13D-1-CAMEPSSGSWQLIF-AJ22_BV4-CASGTEVFF-BJ1-1,5,0.0,2.679748738387638
AV13D-1-CAMEPSSGSWQLIF-AJ22_BV4-CASGTEVFF-BJ1-1,5,1.0,1.3103531732941982
AV13D-1-CAMEPSSGSWQLIF-AJ22_BV4-CASGTEVFF-BJ1-1,5,2.0,0.7543517921460472
AV13D-1-CAMEPSSGSWQLIF-AJ22_BV4-CASGTEVFF-BJ1-1,5,5.0,0.4969095372041109
AV13D-1-CAMEPSSGSWQLIF-AJ22_BV4-CASSSTEVFF-BJ1-1,3,0.0,2.797439140926253
AV13D-1-CAMEPSSGSWQLIF-AJ22_BV4-CASSSTEVFF-BJ1-1,3,1.0,0.7998350906314015
AV13D-1-CAMEPSSGSWQLIF-AJ22_BV4-CASSSTEVFF-BJ1-1,3,2.0,0.36293877046728307
AV13D-1-CAMEPSSGSWQLIF-AJ22_BV4-CASSSTEVFF-BJ1-1,3,5.0,0.2316268440911974
AV13D-1-CAMERYYAQGLTF-AJ26_BV2-CASSQEGWGNTGQLYF-BJ2-2,14,0.0,3.0083921106049454
AV13D-1-CAMERYYAQGLTF-AJ26_BV2-CASSQEGWGNTGQLYF-BJ2-2,14,1.0,1.5015668911327889
AV13D-1-CAMERYYAQGLTF-AJ26_BV2-CASSQEGWGNTGQLYF-BJ2-2,14,2.0,0.9105999894307416
AV13D-1-CAMERYYAQGLTF-AJ26_BV2-CASSQEGWGNTGQLYF-BJ2-2,14,5.0,0.6134796245125004
AV13D-1-CAMVPNYNVLYF-AJ21*p03_BV13-1-CASSDLGGSSYEQYF-BJ2-7,7,0.0,2.8373500632297644
AV13D-1-CAMVPNYNVLYF-AJ21*p03_BV13-1-CASSDLGGSSYEQYF-BJ2-7,7,1.0,0.7746033791166693
AV13D-1-CAMVPNYNVLYF-AJ21*p03_BV13-1-CASSDLGGSSYEQYF-BJ2-7,7,2.0,0.37524467751693874
AV13D-1-CAMVPNYNVLYF-AJ21*p03_BV13-1-CASSDLGGSSYEQYF-BJ2-7,7,5.0,0.24419217825518216
AV13D-2-CAIDGNTGKLTF-AJ27_BV13-3-CASSDNSDYTF-BJ1-2,2,0.0,2.69615871138938
AV13D-2-CAIDGNTGKLTF-AJ27_BV13-3-CASSDNSDYTF-BJ1-2,2,1.0,0.9458942332720897
AV13D-2-CAIDGNTGKLTF-AJ27_BV13-3-CASSDNSDYTF-BJ1-2,2,2.0,0.45340166584399555
AV13D-2-CAIDGNTGKLTF-AJ27_BV13-3-CASSDNSDYTF-BJ1-2,2,5.0,0.28968495605864614
AV13D-2-CAIDPNTDKVVF-AJ34*p03_BV14-CASSSGNTLYF-BJ1-3,11,0.0,3.040122143059192
AV13D-2-CAIDPNTDKVVF-AJ34*p03_BV14-CASSSGNTLYF-BJ1-3,11,1.0,1.1186290960712881
AV13D-2-CAIDPNTDKVVF-AJ34*p03_BV14-CASSSGNTLYF-BJ1-3,11,2.0,0.5791176601702295
AV13D-2-CAIDPNTDKVVF-AJ34*p03_BV14-CASSSGNTLYF-BJ1-3,11,5.0,0.3751389726882262
AV13D-2-CAIDPNYNVLYF-AJ21*p03_BV29-CASSPWGNTEVFF-BJ1-1,5,0.0,2.820657561682404
AV13D-2-CAIDPNYNVLYF-AJ21*p03_BV29-CASSPWGNTEVFF-BJ1-1,5,1.0,0.8117348547284129
AV13D-2-CAIDPNYNVLYF-AJ21*p03_BV29-CASSPWGNTEVFF-BJ1-1,5,2.0,0.3620759372179347
AV13D-2-CAIDPNYNVLYF-AJ21*p03_BV29-CASSPWGNTEVFF-BJ1-1,5,5.0,0.23009174004625826
AV13D-3-CAMEPQGGRALIF-AJ15_BV13-1-CASSDVGGYNSPLYF-BJ1-6,3,0.0,3.317094904988991
AV13D-3-CAMEPQGGRALIF-AJ15_BV13-1-CASSDVGGYNSPLYF-BJ1-6,3,1.0,1.7092538620300293
AV13D-3-CAMEPQGGRALIF-AJ15_BV13-1-CASSDVGGYNSPLYF-BJ1-6,3,2.0,1.0097459560142943
AV13D-3-CAMEPQGGRALIF-AJ15_BV13-1-CASSDVGGYNSPLYF-BJ1-6,3,5.0,0.6698593560839993
AV13D-3-CAMEPQGGRALIF-AJ15_BV31-CAWSLPTGNTLYF-BJ1-3,3,0.0,3.220592699257329
AV13D-3-CAMEPQGGRALIF-AJ15_BV31-CAWSLPTGNTLYF-BJ1-3,3,1.0,1.3388687483709667
AV13D-3-CAMEPQGGRALIF-AJ15_BV31-CAWSLPTGNTLYF-BJ1-3,3,2.0,0.7093542961536232
AV13D-3-CAMEPQGGRALIF-AJ15_BV31-CAWSLPTGNTLYF-BJ1-3,3,5.0,0.45911965394210347
AV13D-4-CAMERWDSNYQLIW-AJ33_BV3-CASSNGDRGAEVFF-BJ1-1,2,0.0,3.245926548164837
AV13D-4-CAMERWDSNYQLIW-AJ33_BV3-CASSNGDRGAEVFF-BJ1-1,2,1.0,0.5868953961328224
AV13D-4-CAMERWDSNYQLIW-AJ33_BV3-CASSNGDRGAEVFF-BJ1-1,2,2.0,0.2168155020505646
AV13D-4-CAMERWDSNYQLIW-AJ33_BV3-CASSNGDRGAEVFF-BJ1-1,2,5.0,0.1363227795579679
AV14-1-CAAHSNYQLIW-AJ33_BV1-CTCSAGVGVGAETLYF-BJ2-3,3,0.0,3.1962382118607544
AV14-1-CAAHSNYQLIW-AJ33_BV1-CTCSAGVGVGAETLYF-BJ2-3,3,1.0,0.5534312262626591
AV14-1-CAAHSNYQLIW-AJ33_BV1-CTCSAGVGVGAETLYF-BJ2-3,3,2.0,0.20774489064182533
AV14-1-CAAHSNYQLIW-AJ33_BV1-CTCSAGVGVGAETLYF-BJ2-3,3,5.0,0.13085341920585822
AV14-1-CAARNNYAQGLTF-AJ26_BV13-1-CASSDRGILNSDYTF-BJ1-2,2,0.0,2.988639961749958
AV14-1-CAARNNYAQGLTF-AJ26_BV13-1-CASSDRGILNSDYTF-BJ1-2,2,1.0,1.1931494856120155
AV14-1-CAARNNYAQGLTF-AJ26_BV13-1-CASSDRGILNSDYTF-BJ1-2,2,2.0,0.6009268395493619
AV14-1-CAARNNYAQGLTF-AJ26_BV13-1-CASSDRGILNSDYTF-BJ1-2,2,5.0,0.3857349979614155
AV14-1-CAASASNNNAPRF-AJ43*p03_BV13-2-CASGDVGSDYTF-BJ1-2,2,0.0,2.807354922057604
AV14-1-CAASASNNNAPRF-AJ43*p03_BV13-2-CASGDVGSDYTF-BJ1-2,2,1.0,1.4015593501941157
AV14-1-CAASASNNNAPRF-AJ43*p03_BV13-2-CASGDVGSDYTF-BJ1-2,2,2.0,0.805361093216219
AV14-1-CAASASNNNAPRF-AJ43*p03_BV13-2-CASGDVGSDYTF-BJ1-2,2,5.0,0.527413846675398
AV14-1-CAASVGGGADRLTF-AJ45_BV13-3-CASSDWGPSYEQYF-BJ2-7,3,0.0,3.107309364962454
AV14-1-CAASVGGGADRLTF-AJ45_BV13-3-CASSDWGPSYEQYF-BJ2-7,3,1.0,1.3421329484715396
AV14-1-CAASVGGGADRLTF-AJ45_BV13-3-CASSDWGPSYEQYF-BJ2-7,3,2.0,0.8169122162077942
AV14-1-CAASVGGGADRLTF-AJ45_BV13-3-CASSDWGPSYEQYF-BJ2-7,3,5.0,0.5911171012648178
AV14-2-CAANMDSNYQLIW-AJ33_BV5-CASSSRVSYNSPLYF-BJ1-6,19,0.0,3.1118313533832347
AV14-2-CAANMDSNYQLIW-AJ33_BV5-CASSSRVSYNSPLYF-BJ1-6,19,1.0,1.2169904208510545
AV14-2-CAANMDSNYQLIW-AJ33_BV5-CASSSRVSYNSPLYF-BJ1-6,19,2.0,0.6937795043337629
AV14-2-CAANMDSNYQLIW-AJ33_BV5-CASSSRVSYNSPLYF-BJ1-6,19,5.0,0.4711451421553009
AV14-2-CAASADYANKMIF-AJ47_BV3-CASSLGHYEQYF-BJ2-7,33,0.0,3.1508908503995823
AV14-2-CAASADYANKMIF-AJ47_BV3-CASSLGHYEQYF-BJ2-7,33,1.0,0.6879202852447905
AV14-2-CAASADYANKMIF-AJ47_BV3-CASSLGHYEQYF-BJ2-7,33,2.0,0.31504652845595094
AV14-2-CAASADYANKMIF-AJ47_BV3-CASSLGHYEQYF-BJ2-7,33,5.0,0.2093098766632884
AV14-2-CAASAYTGNYKYVF-AJ40_BV13-1-CASSEQNSDYTF-BJ1-2,6,0.0,3.0893745359480214
AV14-2-CAASAYTGNYKYVF-AJ40_BV13-1-CASSEQNSDYTF-BJ1-2,6,1.0,0.9705401443665744
AV14-2-CAASAYTGNYKYVF-AJ40_BV13-1-CASSEQNSDYTF-BJ1-2,6,2.0,0.4655143677514732
AV14-2-CAASAYTGNYKYVF-AJ40_BV13-1-CASSEQNSDYTF-BJ1-2,6,5.0,0.29872103199650846
AV14-2-CAASLDYANKMIF-AJ47_BV13-1-CASSVQPGSQNTLYF-BJ2-4,2,0.0,2.584962500721156
AV14-2-CAASLDYANKMIF-AJ47_BV13-1-CASSVQPGSQNTLYF-BJ2-4,2,1.0,1.2141840422002521
AV14-2-CAASLDYANKMIF-AJ47_BV13-1-CASSVQPGSQNTLYF-BJ2-4,2,2.0,0.6686376773941438
AV14-2-CAASLDYANKMIF-AJ47_BV13-1-CASSVQPGSQNTLYF-BJ2-4,2,5.0,0.4335929670222116
AV14-2-CAASSGTYQRF-AJ13_BV13-1-CASSGTGGQNTLYF-BJ2-4,16,0.0,3.07173668699732
AV14-2-CAASSGTYQRF-AJ13_BV13-1-CASSGTGGQNTLYF-BJ2-4,16,1.0,1.8403169604765357
AV14-2-CAASSGTYQRF-AJ13_BV13-1-CASSGTGGQNTLYF-BJ2-4,16,2.0,1.3007664982354803
AV14-2-CAASSGTYQRF-AJ13_BV13-1-CASSGTGGQNTLYF-BJ2-4,16,5.0,0.9520013713493568
AV14-3-CAAASSSFSKLVF-AJ50_BV14-CASRYRDTQYF-BJ2-5,7,0.0,2.753316115693476
AV14-3-CAAASSSFSKLVF-AJ50_BV14-CASRYRDTQYF-BJ2-5,7,1.0,1.1482177101963873
AV14-3-CAAASSSFSKLVF-AJ50_BV14-CASRYRDTQYF-BJ2-5,7,2.0,0.6635885389531501
AV14-3-CAAASSSFSKLVF-AJ50_BV14-CASRYRDTQYF-BJ2-5,7,5.0,0.4418442411977955
AV14D-1-CAARDSGYNKLTF-AJ11*p02_BV19-CASSILDRDGNTLYF-BJ1-3,2,0.0,2.69615871138938
AV14D-1-CAARDSGYNKLTF-AJ11*p02_BV19-CASSILDRDGNTLYF-BJ1-3,2,1.0,1.4136507600475912
AV14D-1-CAARDSGYNKLTF-AJ11*p02_BV19-CASSILDRDGNTLYF-BJ1-3,2,2.0,0.9771967554221666
AV14D-1-CAARDSGYNKLTF-AJ11*p02_BV19-CASSILDRDGNTLYF-BJ1-3,2,5.0,0.7257320068720261
AV14D-1-CAASARVNYAQGLTF-AJ26_BV13-1-CASSGDWGYEQYF-BJ2-7,2,0.0,2.89067985676233
AV14D-1-CAASARVNYAQGLTF-AJ26_BV13-1-CASSGDWGYEQYF-BJ2-7,2,1.0,2.2210269291026865
AV14D-1-CAASARVNYAQGLTF-AJ26_BV13-1-CASSGDWGYEQYF-BJ2-7,2,2.0,1.8126566164513858
AV14D-1-CAASARVNYAQGLTF-AJ26_BV13-1-CASSGDWGYEQYF-BJ2-7,2,5.0,1.4241764390635763
AV14D-1-CAASKDTGNYKYVF-AJ40_BV13-3-CASSDSNTEVFF-BJ1-1,5,0.0,2.848813292838963
AV14D-1-CAASKDTGNYKYVF-AJ40_BV13-3-CASSDSNTEVFF-BJ1-1,5,1.0,2.131839623939234
AV14D-1-CAASKDTGNYKYVF-AJ40_BV13-3-CASSDSNTEVFF-BJ1-1,5,2.0,1.7946082092917077
AV14D-1-CAASKDTGNYKYVF-AJ40_BV13-3-CASSDSNTEVFF-BJ1-1,5,5.0,1.5271061128879944
AV14D-2-CAARTGYQNFYF-AJ49_BV29-CASSLSRTDSSYEQYF-BJ2-7,2,0.0,2.403677461028802
AV14D-2-CAARTGYQNFYF-AJ49_BV29-CASSLSRTDSSYEQYF-BJ2-7,2,1.0,1.1924040147904122
AV14D-2-CAARTGYQNFYF-AJ49_BV29-CASSLSRTDSSYEQYF-BJ2-7,2,2.0,0.8389931872990284
AV14D-2-CAARTGYQNFYF-AJ49_BV29-CASSLSRTDSSYEQYF-BJ2-7,2,5.0,0.6198114090032956
AV14D-2-CAASPDTGNYKYVF-AJ40_BV13-3-CASSDNGNNQAPLF-BJ1-5,9,0.0,3.0928283593417114
AV14D-2-CAASPDTGNYKYVF-AJ40_BV13-3-CASSDNGNNQAPLF-BJ1-5,9,1.0,1.6860999126552925
AV14D-2-CAASPDTGNYKYVF-AJ40_BV13-3-CASSDNGNNQAPLF-BJ1-5,9,2.0,1.2024169263366868
AV14D-2-CAASPDTGNYKYVF-AJ40_BV13-3-CASSDNGNNQAPLF-BJ1-5,9,5.0,0.8772837786543417
AV14D-3/DV8-CAARGDYANKMIF-AJ47_BV31-CAWSWYSGNTLYF-BJ1-3,2,0.0,3.2297158093186487
AV14D-3/DV8-CAARGDYANKMIF-AJ47_BV31-CAWSWYSGNTLYF-BJ1-3,2,1.0,2.667562888618578
AV14D-3/DV8-CAARGDYANKMIF-AJ47_BV31-CAWSWYSGNTLYF-BJ1-3,2,2.0,2.230232144231813
AV14D-3/DV8-CAARGDYANKMIF-AJ47_BV31-CAWSWYSGNTLYF-BJ1-3,2,5.0,1.774055742461382
AV14D-3/DV8-CAASDNYAQGLTF-AJ26_BV3-CASSLGYQDTQYF-BJ2-5,3,0.0,3.4554407380819385
AV14D-3/DV8-CAASDNYAQGLTF-AJ26_BV3-CASSLGYQDTQYF-BJ2-5,3,1.0,0.849569274069346
AV14D-3/DV8-CAASDNYAQGLTF-AJ26_BV3-CASSLGYQDTQYF-BJ2-5,3,2.0,0.37275237436769365
AV14D-3/DV8-CAASDNYAQGLTF-AJ26_BV3-CASSLGYQDTQYF-BJ2-5,3,5.0,0.23864638404925007
AV14D-3/DV8-CAASPAGAKLTF-AJ39_BV17-CASSRYRTSAETLYF-BJ2-3,2,0.0,3.064641508472483
AV14D-3/DV8-CAASPAGAKLTF-AJ39_BV17-CASSRYRTSAETLYF-BJ2-3,2,1.0,2.922194323555403
AV14D-3/DV8-CAASPAGAKLTF-AJ39_BV17-CASSRYRTSAETLYF-BJ2-3,2,2.0,2.8029524212364807
AV14D-3/DV8-CAASPAGAKLTF-AJ39_BV17-CASSRYRTSAETLYF-BJ2-3,2,5.0,2.605737129802988
AV15-1/DV6-1-CALWEPNTGYQNFYF-AJ49_BV13-2-CASGDPGNTEVFF-BJ1-1,2,0.0,2.7297158093186487
AV15-1/DV6-1-CALWEPNTGYQNFYF-AJ49_BV13-2-CASGDPGNTEVFF-BJ1-1,2,1.0,1.3090271030572695
AV15-1/DV6-1-CALWEPNTGYQNFYF-AJ49_BV13-2-CASGDPGNTEVFF-BJ1-1,2,2.0,1.0712987280059703
AV15-1/DV6-1-CALWEPNTGYQNFYF-AJ49_BV13-2-CASGDPGNTEVFF-BJ1-1,2,5.0,0.9479970640571422
AV15D-1/DV6D-1-CALWELLNTGGADRLTF-AJ45_BV3-CASSLVRVDTQYF-BJ2-5,2,0.0,3.3146783100398047
AV15D-1/DV6D-1-CALWELLNTGGADRLTF-AJ45_BV3-CASSLVRVDTQYF-BJ2-5,2,1.0,0.944967770688081
AV15D-1/DV6D-1-CALWELLNTGGADRLTF-AJ45_BV3-CASSLVRVDTQYF-BJ2-5,2,2.0,0.41384998779345483
AV15D-1/DV6D-1-CALWELLNTGGADRLTF-AJ45_BV3-CASSLVRVDTQYF-BJ2-5,2,5.0,0.26265901507734324
AV15D-1/DV6D-1-CALWEQRNTNAYKVIF-AJ30_BV13-2-CASGDLYEQYF-BJ2-7,3,0.0,3.080263777387319
AV15D-1/DV6D-1-CALWEQRNTNAYKVIF-AJ30_BV13-2-CASGDLYEQYF-BJ2-7,3,1.0,0.6534681405933757
AV15D-1/DV6D-1-CALWEQRNTNAYKVIF-AJ30_BV13-2-CASGDLYEQYF-BJ2-7,3,2.0,0.29005575780767195
AV15D-1/DV6D-1-CALWEQRNTNAYKVIF-AJ30_BV13-2-CASGDLYEQYF-BJ2-7,3,5.0,0.18599185410364286
AV16/DV11-CAGTGGADRLTF-AJ45_BV3-CASSPDNANTEVFF-BJ1-1,7,0.0,2.81307506302372
AV16/DV11-CAGTGGADRLTF-AJ45_BV3-CASSPDNANTEVFF-BJ1-1,7,1.0,1.1979317832612988
AV16/DV11-CAGTGGADRLTF-AJ45_BV3-CASSPDNANTEVFF-BJ1-1,7,2.0,0.6695005188195756
AV16/DV11-CAGTGGADRLTF-AJ45_BV3-CASSPDNANTEVFF-BJ1-1,7,5.0,0.44240190169972726
AV16/DV11-CAMNQGGSAKLIF-AJ57_BV1-CTCSADRFYEQYF-BJ2-7,7,0.0,2.8602391489797667
AV16/DV11-CAMNQGGSAKLIF-AJ57_BV1-CTCSADRFYEQYF-BJ2-7,7,1.0,1.5966091794717732
AV16/DV11-CAMNQGGSAKLIF-AJ57_BV1-CTCSADRFYEQYF-BJ2-7,7,2.0,1.0891512301895632
AV16/DV11-CAMNQGGSAKLIF-AJ57_BV1-CTCSADRFYEQYF-BJ2-7,7,5.0,0.829908793565647
AV16/DV11-CAMRDGGSNYKLTF-AJ53_BV1-CTCSLDRMYEQYF-BJ2-7,2,0.0,3.245926548164837
AV16/DV11-CAMRDGGSNYKLTF-AJ53_BV1-CTCSLDRMYEQYF-BJ2-7,2,1.0,1.3944494827787859
AV16/DV11-CAMRDGGSNYKLTF-AJ53_BV1-CTCSLDRMYEQYF-BJ2-7,2,2.0,0.9074315977384699
AV16/DV11-CAMRDGGSNYKLTF-AJ53_BV1-CTCSLDRMYEQYF-BJ2-7,2,5.0,0.6295409988686559
AV16/DV11-CAMREANYGNEKITF-AJ48_BV1-CTCSADRVHSDYTF-BJ1-2,6,0.0,2.719521654397423
AV16/DV11-CAMREANYGNEKITF-AJ48_BV1-CTCSADRVHSDYTF-BJ1-2,6,1.0,1.7351083900944888
AV16/DV11-CAMREANYGNEKITF-AJ48_BV1-CTCSADRVHSDYTF-BJ1-2,6,2.0,1.4066877733991028
AV16/DV11-CAMREANYGNEKITF-AJ48_BV1-CTCSADRVHSDYTF-BJ1-2,6,5.0,1.1900875510231907
AV16/DV11-CAMREANYGNEKITF-AJ48_BV2-CASSQDQVINTEVFF-BJ1-1,13,0.0,2.825701947913766
AV16/DV11-CAMREANYGNEKITF-AJ48_BV2-CASSQDQVINTEVFF-BJ1-1,13,1.0,0.776671075943528
AV16/DV11-CAMREANYGNEKITF-AJ48_BV2-CASSQDQVINTEVFF-BJ1-1,13,2.0,0.4188342931429027
AV16/DV11-CAMREANYGNEKITF-AJ48_BV2-CASSQDQVINTEVFF-BJ1-1,13,5.0,0.30958809304105905
AV16/DV11-CAMREDGANKMIF-AJ47_BV13-2-CASGDRGPGEQYF-BJ2-7,2,0.0,3.292481250360578
AV16/DV11-CAMREDGANKMIF-AJ47_BV13-2-CASGDRGPGEQYF-BJ2-7,2,1.0,0.7920176586434993
AV16/DV11-CAMREDGANKMIF-AJ47_BV13-2-CASGDRGPGEQYF-BJ2-7,2,2.0,0.3387292601075957
AV16/DV11-CAMREDGANKMIF-AJ47_BV13-2-CASGDRGPGEQYF-BJ2-7,2,5.0,0.21533380079044906
AV16/DV11-CAMREDNAGAKLTF-AJ39_BV1-CTCSAARVDTQYF-BJ2-5,8,0.0,3.140620231408799
AV16/DV11-CAMREDNAGAKLTF-AJ39_BV1-CTCSAARVDTQYF-BJ2-5,8,1.0,0.749551717366352
AV16/DV11-CAMREDNAGAKLTF-AJ39_BV1-CTCSAARVDTQYF-BJ2-5,8,2.0,0.33674350886170346
AV16/DV11-CAMREDNAGAKLTF-AJ39_BV1-CTCSAARVDTQYF-BJ2-5,8,5.0,0.21605264163486376
AV16/DV11-CAMREDNNNAPRF-AJ43*p03_BV5-CASSQDWTGGTEVFF-BJ1-1,10,0.0,2.642041773479656
AV16/DV11-CAMREDNNNAPRF-AJ43*p03_BV5-CASSQDWTGGTEVFF-BJ1-1,10,1.0,1.036947335757456
AV16/DV11-CAMREDNNNAPRF-AJ43*p03_BV5-CASSQDWTGGTEVFF-BJ1-1,10,2.0,0.6086859759653502
AV16/DV11-CAMREDNNNAPRF-AJ43*p03_BV5-CASSQDWTGGTEVFF-BJ1-1,10,5.0,0.42294132667124656
AV16/DV11-CAMREDNNNRIFF-AJ31_BV13-2-CASGENSASQNTLYF-BJ2-4,7,0.0,2.781304717118513
AV16/DV11-CAMREDNNNRIFF-AJ31_BV13-2-CASGENSASQNTLYF-BJ2-4,7,1.0,1.0509202314377222
AV16/DV11-CAMREDNNNRIFF-AJ31_BV13-2-CASGENSASQNTLYF-BJ2-4,7,2.0,0.5697086983559161
AV16/DV11-CAMREDNNNRIFF-AJ31_BV13-2-CASGENSASQNTLYF-BJ2-4,7,5.0,0.3740229151816582
AV16/DV11-CAMREDQGGSAKLIF-AJ57_BV1-CTCSADRVSYEQYF-BJ2-7,2,0.0,3.321928094887362
AV16/DV11-CAMREDQGGSAKLIF-AJ57_BV1-CTCSADRVSYEQYF-BJ2-7,2,1.0,0.9243374966649152
AV16/DV11-CAMREDQGGSAKLIF-AJ57_BV1-CTCSADRVSYEQYF-BJ2-7,2,2.0,0.3913356149184771
AV16/DV11-CAMREDQGGSAKLIF-AJ57_BV1-CTCSADRVSYEQYF-BJ2-7,2,5.0,0.24756474790322366
AV16/DV11-CAMREDQGGSAKLIF-AJ57_BV13-1-CASSGTAYEQYF-BJ2-7,4,0.0,3.1229632740824185
AV16/DV11-CAMREDQGGSAKLIF-AJ57_BV13-1-CASSGTAYEQYF-BJ2-7,4,1.0,1.024539688206468
AV16/DV11-CAMREDQGGSAKLIF-AJ57_BV13-1-CASSGTAYEQYF-BJ2-7,4,2.0,0.5261022121189097
AV16/DV11-CAMREDQGGSAKLIF-AJ57_BV13-1-CASSGTAYEQYF-BJ2-7,4,5.0,0.34833506240152956
AV16/DV11-CAMREDQGGSAKLIF-AJ57_BV13-2-CASGVVSYEQYF-BJ2-7,2,0.0,2.877443751081734
AV16/DV11-CAMREDQGGSAKLIF-AJ57_BV13-2-CASGVVSYEQYF-BJ2-7,2,1.0,1.158533647240155
AV16/DV11-CAMREDQGGSAKLIF-AJ57_BV13-2-CASGVVSYEQYF-BJ2-7,2,2.0,0.6334037129967434
AV16/DV11-CAMREDQGGSAKLIF-AJ57_BV13-2-CASGVVSYEQYF-BJ2-7,2,5.0,0.41594714085452156
AV16/DV11-CAMREDSGSWQLIF-AJ22_BV13-2-CASGTYEQYF-BJ2-7,2,0.0,3.133393270347451
AV16/DV11-CAMREDSGSWQLIF-AJ22_BV13-2-CASGTYEQYF-BJ2-7,2,1.0,1.4578953061760898
AV16/DV11-CAMREDSGSWQLIF-AJ22_BV13-2-CASGTYEQYF-BJ2-7,2,2.0,1.0343748068883705
AV16/DV11-CAMREDSGSWQLIF-AJ22_BV13-2-CASGTYEQYF-BJ2-7,2,5.0,0.7652929054233893
AV16/DV11-CAMREDSNYQLIW-AJ33_BV13-2-CASGGQGYTEVFF-BJ1-1,4,0.0,2.9629372603540145
AV16/DV11-CAMREDSNYQLIW-AJ33_BV13-2-CASGGQGYTEVFF-BJ1-1,4,1.0,0.9395306987052765
AV16/DV11-CAMREDSNYQLIW-AJ33_BV13-2-CASGGQGYTEVFF-BJ1-1,4,2.0,0.5150836026372224
AV16/DV11-CAMREDSNYQLIW-AJ33_BV13-2-CASGGQGYTEVFF-BJ1-1,4,5.0,0.3374970114874425
AV16/DV11-CAMREDTGYQNFYF-AJ49_BV1-CTCSAWVNQDTQYF-BJ2-5,3,0.0,3.214618729924908
AV16/DV11-CAMREDTGYQNFYF-AJ49_BV1-CTCSAWVNQDTQYF-BJ2-5,3,1.0,1.428702737670313
AV16/DV11-CAMREDTGYQNFYF-AJ49_BV1-CTCSAWVNQDTQYF-BJ2-5,3,2.0,0.8932964802260566
AV16/DV11-CAMREDTGYQNFYF-AJ49_BV1-CTCSAWVNQDTQYF-BJ2-5,3,5.0,0.6523564271518141
AV16/DV11-CAMREDTGYQNFYF-AJ49_BV13-2-CASGDRGQNTLYF-BJ2-4,3,0.0,3.260453237841553
AV16/DV11-CAMREDTGYQNFYF-AJ49_BV13-2-CASGDRGQNTLYF-BJ2-4,3,1.0,0.6227829157422479
AV16/DV11-CAMREDTGYQNFYF-AJ49_BV13-2-CASGDRGQNTLYF-BJ2-4,3,2.0,0.24340401256808764
AV16/DV11-CAMREDTGYQNFYF-AJ49_BV13-2-CASGDRGQNTLYF-BJ2-4,3,5.0,0.15368906772856783
AV16/DV11-CAMREDTGYQNFYF-AJ49_BV13-2-CASGGVGYAEQFF-BJ2-1,5,0.0,3.0797487383876385
AV16/DV11-CAMREDTGYQNFYF-AJ49_BV13-2-CASGGVGYAEQFF-BJ2-1,5,1.0,1.9629755876250585
AV16/DV11-CAMREDTGYQNFYF-AJ49_BV13-2-CASGGVGYAEQFF-BJ2-1,5,2.0,1.545346618617943
AV16/DV11-CAMREDTGYQNFYF-AJ49_BV13-2-CASGGVGYAEQFF-BJ2-1,5,5.0,1.2238845154148985
AV16/DV11-CAMREDTGYQNFYF-AJ49_BV31-CAWSLGIYAEQFF-BJ2-1,2,0.0,2.877443751081734
AV16/DV11-CAMREDTGYQNFYF-AJ49_BV31-CAWSLGIYAEQFF-BJ2-1,2,1.0,0.5862070386407269
AV16/DV11-CAMREDTGYQNFYF-AJ49_BV31-CAWSLGIYAEQFF-BJ2-1,2,2.0,0.23417262016579515
AV16/DV11-CAMREDTGYQNFYF-AJ49_BV31-CAWSLGIYAEQFF-BJ2-1,2,5.0,0.1477854402810073
AV16/DV11-CAMREDTNAYKVIF-AJ30_BV13-2-CASGDPGNQAPLF-BJ1-5,7,0.0,3.0887337304678053
AV16/DV11-CAMREDTNAYKVIF-AJ30_BV13-2-CASGDPGNQAPLF-BJ1-5,7,1.0,0.6583522842313555
AV16/DV11-CAMREDTNAYKVIF-AJ30_BV13-2-CASGDPGNQAPLF-BJ1-5,7,2.0,0.2691065862231096
AV16/DV11-CAMREDTNAYKVIF-AJ30_BV13-2-CASGDPGNQAPLF-BJ1-5,7,5.0,0.17029163258449106
AV16/DV11-CAMREEANTDKVVF-AJ34*p03_BV13-1-CASSDQGTGEYSPLYF-BJ1-6,4,0.0,2.786801231235557
AV16/DV11-CAMREEANTDKVVF-AJ34*p03_BV13-1-CASSDQGTGEYSPLYF-BJ1-6,4,1.0,1.0400183792732294
AV16/DV11-CAMREEANTDKVVF-AJ34*p03_BV13-1-CASSDQGTGEYSPLYF-BJ1-6,4,2.0,0.6266074306624497
AV16/DV11-CAMREEANTDKVVF-AJ34*p03_BV13-1-CASSDQGTGEYSPLYF-BJ1-6,4,5.0,0.47445409577451697
AV16/DV11-CAMREETGANTGKLTF-AJ52_BV13-1-CASSAGEVTGQLYF-BJ2-2,4,0.0,3.1091778855343035
AV16/DV11-CAMREETGANTGKLTF-AJ52_BV13-1-CASSAGEVTGQLYF-BJ2-2,4,1.0,1.3553862683866518
AV16/DV11-CAMREETGANTGKLTF-AJ52_BV13-1-CASSAGEVTGQLYF-BJ2-2,4,2.0,0.8243215485961728
AV16/DV11-CAMREETGANTGKLTF-AJ52_BV13-1-CASSAGEVTGQLYF-BJ2-2,4,5.0,0.5745288962274909
AV16/DV11-CAMREGASGSWQLIF-AJ22_BV13-1-CASSPGGQNTLYF-BJ2-4,2,0.0,2.584962500721156
AV16/DV11-CAMREGASGSWQLIF-AJ22_BV13-1-CASSPGGQNTLYF-BJ2-4,2,1.0,1.1701033170254305
AV16/DV11-CAMREGASGSWQLIF-AJ22_BV13-1-CASSPGGQNTLYF-BJ2-4,2,2.0,0.7158590022243707
AV16/DV11-CAMREGASGSWQLIF-AJ22_BV13-1-CASSPGGQNTLYF-BJ2-4,2,5.0,0.48100355101389697
AV16/DV11-CAMREGDSGGSNYKLTF-AJ53_BV29-CASSYRISNERLFF-BJ1-4,2,0.0,2.660964047443681
AV16/DV11-CAMREGDSGGSNYKLTF-AJ53_BV29-CASSYRISNERLFF-BJ1-4,2,1.0,1.616141362547338
AV16/DV11-CAMREGDSGGSNYKLTF-AJ53_BV29-CASSYRISNERLFF-BJ1-4,2,2.0,1.1885778952647286
AV16/DV11-CAMREGDSGGSNYKLTF-AJ53_BV29-CASSYRISNERLFF-BJ1-4,2,5.0,0.9002248876206397
AV16/DV11-CAMREGEQGTGSKLSF-AJ58_BV1-CTCSADRVYAEQFF-BJ2-1,3,0.0,2.8715699480384025
AV16/DV11-CAMREGEQGTGSKLSF-AJ58_BV1-CTCSADRVYAEQFF-BJ2-1,3,1.0,0.8657983705912388
AV16/DV11-CAMREGEQGTGSKLSF-AJ58_BV1-CTCSADRVYAEQFF-BJ2-1,3,2.0,0.40588431968345806
AV16/DV11-CAMREGEQGTGSKLSF-AJ58_BV1-CTCSADRVYAEQFF-BJ2-1,3,5.0,0.2596746036364321
AV16/DV11-CAMREGNTGNYKYVF-AJ40_BV13-2-CASGDLYEQYF-BJ2-7,3,0.0,3.1221074047486055
AV16/DV11-CAMREGNTGNYKYVF-AJ40_BV13-2-CASGDLYEQYF-BJ2-7,3,1.0,1.0916166179374838
AV16/DV11-CAMREGNTGNYKYVF-AJ40_BV13-2-CASGDLYEQYF-BJ2-7,3,2.0,0.6057606127004389
AV16/DV11-CAMREGNTGNYKYVF-AJ40_BV13-2-CASGDLYEQYF-BJ2-7,3,5.0,0.4069721359369032
AV16/DV11-CAMREGNTGYQNFYF-AJ49_BV13-2-CASGLGVYEQYF-BJ2-7,2,0.0,3.0
AV16/DV11-CAMREGNTGYQNFYF-AJ49_BV13-2-CASGLGVYEQYF-BJ2-7,2,1.0,1.5102055409922435
AV16/DV11-CAMREGNTGYQNFYF-AJ49_BV13-2-CASGLGVYEQYF-BJ2-7,2,2.0,0.876159997107868
AV16/DV11-CAMREGNTGYQNFYF-AJ49_BV13-2-CASGLGVYEQYF-BJ2-7,2,5.0,0.576086972993731
AV16/DV11-CAMREGSTGYQNFYF-AJ49_BV13-2-CASGEQVYEQYF-BJ2-7,10,0.0,3.0856652274105527
AV16/DV11-CAMREGSTGYQNFYF-AJ49_BV13-2-CASGEQVYEQYF-BJ2-7,10,1.0,1.049513463118658
AV16/DV11-CAMREGSTGYQNFYF-AJ49_BV13-2-CASGEQVYEQYF-BJ2-7,10,2.0,0.5101399622084164
AV16/DV11-CAMREGSTGYQNFYF-AJ49_BV13-2-CASGEQVYEQYF-BJ2-7,10,5.0,0.32811246032534264
AV16/DV11-CAMREGTGANTGKLTF-AJ52_BV13-3-CASSPGTVKDTQYF-BJ2-5,3,0.0,2.861654166907052
AV16/DV11-CAMREGTGANTGKLTF-AJ52_BV13-3-CASSPGTVKDTQYF-BJ2-5,3,1.0,0.9104062203400973
AV16/DV11-CAMREGTGANTGKLTF-AJ52_BV13-3-CASSPGTVKDTQYF-BJ2-5,3,2.0,0.4284544452273109
AV16/DV11-CAMREGTGANTGKLTF-AJ52_BV13-3-CASSPGTVKDTQYF-BJ2-5,3,5.0,0.2737380892580088
AV16/DV11-CAMREGTGYQNFYF-AJ49_BV1-CTCSADRVRAEQFF-BJ2-1,3,0.0,3.209785540026536
AV16/DV11-CAMREGTGYQNFYF-AJ49_BV1-CTCSADRVRAEQFF-BJ2-1,3,1.0,1.0135098115448578
AV16/DV11-CAMREGTGYQNFYF-AJ49_BV1-CTCSADRVRAEQFF-BJ2-1,3,2.0,0.5024575179367632
AV16/DV11-CAMREGTGYQNFYF-AJ49_BV1-CTCSADRVRAEQFF-BJ2-1,3,5.0,0.32439882944810533
AV16/DV11-CAMREGYDTNAYKVIF-AJ30_BV13-2-CASGGVYEQYF-BJ2-7,2,0.0,2.877443751081734
AV16/DV11-CAMREGYDTNAYKVIF-AJ30_BV13-2-CASGGVYEQYF-BJ2-7,2,1.0,1.2129673287434228
AV16/DV11-CAMREGYDTNAYKVIF-AJ30_BV13-2-CASGGVYEQYF-BJ2-7,2,2.0,0.6320949836724723
AV16/DV11-CAMREGYDTNAYKVIF-AJ30_BV13-2-CASGGVYEQYF-BJ2-7,2,5.0,0.4075705691323303
AV16/DV11-CAMREHNTNTGKLTF-AJ27_BV1-CTCSADRVGNTLYF-BJ1-3,10,0.0,2.9247818599055924
AV16/DV11-CAMREHNTNTGKLTF-AJ27_BV1-CTCSADRVGNTLYF-BJ1-3,10,1.0,0.9767131694140833
AV16/DV11-CAMREHNTNTGKLTF-AJ27_BV1-CTCSADRVGNTLYF-BJ1-3,10,2.0,0.5016250883888861
AV16/DV11-CAMREHNTNTGKLTF-AJ27_BV1-CTCSADRVGNTLYF-BJ1-3,10,5.0,0.32814272177929793
AV16/DV11-CAMREHYGNEKITF-AJ48_BV13-1-CASSGGPYEQYF-BJ2-7,2,0.0,2.877443751081734
AV16/DV11-CAMREHYGNEKITF-AJ48_BV13-1-CASSGGPYEQYF-BJ2-7,2,1.0,2.1035285725638904
AV16/DV11-CAMREHYGNEKITF-AJ48_BV13-1-CASSGGPYEQYF-BJ2-7,2,2.0,1.801326015566132
AV16/DV11-CAMREHYGNEKITF-AJ48_BV13-1-CASSGGPYEQYF-BJ2-7,2,5.0,1.4650922149736194
AV16/DV11-CAMREMDSNYQLIW-AJ33_BV13-2-CASGGHANTEVFF-BJ1-1,3,0.0,2.797439140926253
AV16/DV11-CAMREMDSNYQLIW-AJ33_BV13-2-CASGGHANTEVFF-BJ1-1,3,1.0,1.9304348656091175
AV16/DV11-CAMREMDSNYQLIW-AJ33_BV13-2-CASGGHANTEVFF-BJ1-1,3,2.0,1.5222631870958059
AV16/DV11-CAMREMDSNYQLIW-AJ33_BV13-2-CASGGHANTEVFF-BJ1-1,3,5.0,1.2268158594811955
AV16/DV11-CAMRENTGANTGKLTF-AJ52_BV13-3-CASSPGTVYAEQFF-BJ2-1,3,0.0,2.8715699480384025
AV16/DV11-CAMRENTGANTGKLTF-AJ52_BV13-3-CASSPGTVYAEQFF-BJ2-1,3,1.0,1.0157153553016094
AV16/DV11-CAMRENTGANTGKLTF-AJ52_BV13-3-CASSPGTVYAEQFF-BJ2-1,3,2.0,0.488933308546955
AV16/DV11-CAMRENTGANTGKLTF-AJ52_BV13-3-CASSPGTVYAEQFF-BJ2-1,3,5.0,0.31283447779307033
AV16/DV11-CAMRENTGYQNFYF-AJ49_BV3-CASSLEQGGNERLFF-BJ1-4,4,0.0,3.1654445244429965
AV16/DV11-CAMRENTGYQNFYF-AJ49_BV3-CASSLEQGGNERLFF-BJ1-4,4,1.0,0.9171076160808989
AV16/DV11-CAMRENTGYQNFYF-AJ49_BV3-CASSLEQGGNERLFF-BJ1-4,4,2.0,0.42121662955697636
AV16/DV11-CAMRENTGYQNFYF-AJ49_BV3-CASSLEQGGNERLFF-BJ1-4,4,5.0,0.2692220728092966
AV16/DV11-CAMRESNTGYQNFYF-AJ49_BV13-2-CASGGHYEQYF-BJ2-7,2,0.0,3.3146783100398047
AV16/DV11-CAMRESNTGYQNFYF-AJ49_BV13-2-CASGGHYEQYF-BJ2-7,2,1.0,2.140158992396755
AV16/DV11-CAMRESNTGYQNFYF-AJ49_BV13-2-CASGGHYEQYF-BJ2-7,2,2.0,1.7682778837435909
AV16/DV11-CAMRESNTGYQNFYF-AJ49_BV13-2-CASGGHYEQYF-BJ2-7,2,5.0,1.5233562983120739
AV16/DV11-CAMRESTGANTGKLTF-AJ52_BV13-3-CASSPGTVYAEQFF-BJ2-1,6,0.0,2.8535349527348806
AV16/DV11-CAMRESTGANTGKLTF-AJ52_BV13-3-CASSPGTVYAEQFF-BJ2-1,6,1.0,0.9420519984899617
AV16/DV11-CAMRESTGANTGKLTF-AJ52_BV13-3-CASSPGTVYAEQFF-BJ2-1,6,2.0,0.517460541851715
AV16/DV11-CAMRESTGANTGKLTF-AJ52_BV13-3-CASSPGTVYAEQFF-BJ2-1,6,5.0,0.34865063310393163
AV16/DV11-CAMRETDTNAYKVIF-AJ30_BV13-2-CASGDVNSPLYF-BJ1-6,2,0.0,3.064641508472483
AV16/DV11-CAMRETDTNAYKVIF-AJ30_BV13-2-CASGDVNSPLYF-BJ1-6,2,1.0,0.6306624237441009
AV16/DV11-CAMRETDTNAYKVIF-AJ30_BV13-2-CASGDVNSPLYF-BJ1-6,2,2.0,0.2518562108396656
AV16/DV11-CAMRETDTNAYKVIF-AJ30_BV13-2-CASGDVNSPLYF-BJ1-6,2,5.0,0.15897637762491623
AV16/DV11-CAMRGDSNYQLIW-AJ33_BV13-2-CASGDIYEQYF-BJ2-7,2,0.0,2.564641508472483
AV16/DV11-CAMRGDSNYQLIW-AJ33_BV13-2-CASGDIYEQYF-BJ2-7,2,1.0,1.4117104203577915
AV16/DV11-CAMRGDSNYQLIW-AJ33_BV13-2-CASGDIYEQYF-BJ2-7,2,2.0,1.1601309352719607
AV16/DV11-CAMRGDSNYQLIW-AJ33_BV13-2-CASGDIYEQYF-BJ2-7,2,5.0,1.0021967257548399
AV16/DV11-CAMRGPSNTDKVVF-AJ34*p03_BV29-CAYRGGNTLYF-BJ1-3,2,0.0,2.5
AV16/DV11-CAMRGPSNTDKVVF-AJ34*p03_BV29-CAYRGGNTLYF-BJ1-3,2,1.0,2.293936425875578
AV16/DV11-CAMRGPSNTDKVVF-AJ34*p03_BV29-CAYRGGNTLYF-BJ1-3,2,2.0,2.1393840373697364
AV16/DV11-CAMRGPSNTDKVVF-AJ34*p03_BV29-CAYRGGNTLYF-BJ1-3,2,5.0,1.909899601759168
AV16/DV11-CAMRHDTNAYKVIF-AJ30_BV5-CASSQDWGGAQDTQYF-BJ2-5,5,0.0,2.9079044695441976
AV16/DV11-CAMRHDTNAYKVIF-AJ30_BV5-CASSQDWGGAQDTQYF-BJ2-5,5,1.0,1.3452823938498664
AV16/DV11-CAMRHDTNAYKVIF-AJ30_BV5-CASSQDWGGAQDTQYF-BJ2-5,5,2.0,0.7246120688647453
AV16/DV11-CAMRHDTNAYKVIF-AJ30_BV5-CASSQDWGGAQDTQYF-BJ2-5,5,5.0,0.46856618710371317
AV16/DV11-CAMRMDYANKMIF-AJ47_BV3-CASRRDRQDTQYF-BJ2-5,2,0.0,3.245926548164837
AV16/DV11-CAMRMDYANKMIF-AJ47_BV3-CASRRDRQDTQYF-BJ2-5,2,1.0,1.549191043060216
AV16/DV11-CAMRMDYANKMIF-AJ47_BV3-CASRRDRQDTQYF-BJ2-5,2,2.0,0.8387014587808268
AV16/DV11-CAMRMDYANKMIF-AJ47_BV3-CASRRDRQDTQYF-BJ2-5,2,5.0,0.5430645074968368
AV16/DV11-CAMRSNTGYQNFYF-AJ49_BV13-2-CASGDRGRNTLYF-BJ2-4,11,0.0,3.0972563906434476
AV16/DV11-CAMRSNTGYQNFYF-AJ49_BV13-2-CASGDRGRNTLYF-BJ2-4,11,1.0,0.613359494737974
AV16/DV11-CAMRSNTGYQNFYF-AJ49_BV13-2-CASGDRGRNTLYF-BJ2-4,11,2.0,0.2716732272356899
AV16/DV11-CAMRSNTGYQNFYF-AJ49_BV13-2-CASGDRGRNTLYF-BJ2-4,11,5.0,0.18017202939743773
AV16/DV11-CAMRSNTGYQNFYF-AJ49_BV13-2-CASGDWGSQNTLYF-BJ2-4,3,0.0,2.7739760316291204
AV16/DV11-CAMRSNTGYQNFYF-AJ49_BV13-2-CASGDWGSQNTLYF-BJ2-4,3,1.0,0.7181761620031638
AV16/DV11-CAMRSNTGYQNFYF-AJ49_BV13-2-CASGDWGSQNTLYF-BJ2-4,3,2.0,0.31154164427190273
AV16/DV11-CAMRSNTGYQNFYF-AJ49_BV13-2-CASGDWGSQNTLYF-BJ2-4,3,5.0,0.19758629830842875
AV16D/DV11-CAMRDDSGYNKLTF-AJ11*p02_BV13-2-CASGDLYEQYF-BJ2-7,2,0.0,3.321928094887362
AV16D/DV11-CAMRDDSGYNKLTF-AJ11*p02_BV13-2-CASGDLYEQYF-BJ2-7,2,1.0,0.7344318761437317
AV16D/DV11-CAMRDDSGYNKLTF-AJ11*p02_BV13-2-CASGDLYEQYF-BJ2-7,2,2.0,0.31190863784456635
AV16D/DV11-CAMRDDSGYNKLTF-AJ11*p02_BV13-2-CASGDLYEQYF-BJ2-7,2,5.0,0.19809383201673886
AV16D/DV11-CAMRDDTGYQNFYF-AJ49_BV1-CTCSAARAGSQNTLYF-BJ2-4,3,0.0,3.0566416671474372
AV16D/DV11-CAMRDDTGYQNFYF-AJ49_BV1-CTCSAARAGSQNTLYF-BJ2-4,3,1.0,1.6037654495622615
AV16D/DV11-CAMRDDTGYQNFYF-AJ49_BV1-CTCSAARAGSQNTLYF-BJ2-4,3,2.0,1.0045064032127267
AV16D/DV11-CAMRDDTGYQNFYF-AJ49_BV1-CTCSAARAGSQNTLYF-BJ2-4,3,5.0,0.678411052697208
AV16D/DV11-CAMRDSGGYKVVF-AJ12_BV13-2-CASGGIYEQYF-BJ2-7,3,0.0,3.3481313731194846
AV16D/DV11-CAMRDSGGYKVVF-AJ12_BV13-2-CASGGIYEQYF-BJ2-7,3,1.0,1.6659552403486828
AV16D/DV11-CAMRDSGGYKVVF-AJ12_BV13-2-CASGGIYEQYF-BJ2-7,3,2.0,1.2713578649404313
AV16D/DV11-CAMRDSGGYKVVF-AJ12_BV13-2-CASGGIYEQYF-BJ2-7,3,5.0,1.0972919065777222
AV16D/DV11-CAMRDTRNMGYKLTF-AJ9_BV1-CTCSADRVGGNTLYF-BJ1-3,2,0.0,2.084962500721156
AV16D/DV11-CAMRDTRNMGYKLTF-AJ9_BV1-CTCSADRVGGNTLYF-BJ1-3,2,1.0,1.2751923307797297
AV16D/DV11-CAMRDTRNMGYKLTF-AJ9_BV1-CTCSADRVGGNTLYF-BJ1-3,2,2.0,0.8469101462543347
AV16D/DV11-CAMRDTRNMGYKLTF-AJ9_BV1-CTCSADRVGGNTLYF-BJ1-3,2,5.0,0.5713697869875436
AV16D/DV11-CAMREAGGYKVVF-AJ12_BV13-2-CASGETNTEVFF-BJ1-1,28,0.0,2.9256688952573833
AV16D/DV11-CAMREAGGYKVVF-AJ12_BV13-2-CASGETNTEVFF-BJ1-1,28,1.0,0.8909359403796319
AV16D/DV11-CAMREAGGYKVVF-AJ12_BV13-2-CASGETNTEVFF-BJ1-1,28,2.0,0.43181815775566806
AV16D/DV11-CAMREAGGYKVVF-AJ12_BV13-2-CASGETNTEVFF-BJ1-1,28,5.0,0.2786791215899985
AV16D/DV11-CAMREDEGNYAQGLTF-AJ26_BV13-1-CASSDRGPEVFF-BJ1-1,4,0.0,2.7210426297771084
AV16D/DV11-CAMREDEGNYAQGLTF-AJ26_BV13-1-CASSDRGPEVFF-BJ1-1,4,1.0,0.5612588650897219
AV16D/DV11-CAMREDEGNYAQGLTF-AJ26_BV13-1-CASSDRGPEVFF-BJ1-1,4,2.0,0.22970131775151004
AV16D/DV11-CAMREDEGNYAQGLTF-AJ26_BV13-1-CASSDRGPEVFF-BJ1-1,4,5.0,0.14525600224428606
AV16D/DV11-CAMREDQGGRALIF-AJ15_BV13-2-CASGDAGVNQDTQYF-BJ2-5,2,0.0,3.377443751081734
AV16D/DV11-CAMREDQGGRALIF-AJ15_BV13-2-CASGDAGVNQDTQYF-BJ2-5,2,1.0,0.8239995661213075
AV16D/DV11-CAMREDQGGRALIF-AJ15_BV13-2-CASGDAGVNQDTQYF-BJ2-5,2,2.0,0.3288619060224658
AV16D/DV11-CAMREDQGGRALIF-AJ15_BV13-2-CASGDAGVNQDTQYF-BJ2-5,2,5.0,0.20735273816620098
AV16D/DV11-CAMREDRGSALGRLHF-AJ18_BV13-2-CASGDPGDPYEQYF-BJ2-7,4,0.0,3.147178658895566
AV16D/DV11-CAMREDRGSALGRLHF-AJ18_BV13-2-CASGDPGDPYEQYF-BJ2-7,4,1.0,1.3177820882485345
AV16D/DV11-CAMREDRGSALGRLHF-AJ18_BV13-2-CASGDPGDPYEQYF-BJ2-7,4,2.0,0.7281421105979308
AV16D/DV11-CAMREDRGSALGRLHF-AJ18_BV13-2-CASGDPGDPYEQYF-BJ2-7,4,5.0,0.49001998600907015
AV16D/DV11-CAMREDSGYNKLTF-AJ11*p02_BV13-1-CASSALDREGYAEQFF-BJ2-1,4,0.0,3.005418510714592
AV16D/DV11-CAMREDSGYNKLTF-AJ11*p02_BV13-1-CASSALDREGYAEQFF-BJ2-1,4,1.0,1.2617537290066114
AV16D/DV11-CAMREDSGYNKLTF-AJ11*p02_BV13-1-CASSALDREGYAEQFF-BJ2-1,4,2.0,0.715793784385908
AV16D/DV11-CAMREDSGYNKLTF-AJ11*p02_BV13-1-CASSALDREGYAEQFF-BJ2-1,4,5.0,0.49390333655358026
AV16D/DV11-CAMREDTGNYKYVF-AJ40_BV13-2-CASGALTEVFF-BJ1-1,5,0.0,2.980418485421139
AV16D/DV11-CAMREDTGNYKYVF-AJ40_BV13-2-CASGALTEVFF-BJ1-1,5,1.0,1.6617222617723921
AV16D/DV11-CAMREDTGNYKYVF-AJ40_BV13-2-CASGALTEVFF-BJ1-1,5,2.0,1.2620658252177948
AV16D/DV11-CAMREDTGNYKYVF-AJ40_BV13-2-CASGALTEVFF-BJ1-1,5,5.0,1.006040392482952
AV16D/DV11-CAMREDTNAYKVIF-AJ30_BV13-2-CASGEAGANSDYTF-BJ1-2,2,0.0,3.39067985676233
AV16D/DV11-CAMREDTNAYKVIF-AJ30_BV13-2-CASGEAGANSDYTF-BJ1-2,2,1.0,1.6305184180899808
AV16D/DV11-CAMREDTNAYKVIF-AJ30_BV13-2-CASGEAGANSDYTF-BJ1-2,2,2.0,1.2106839276905408
AV16D/DV11-CAMREDTNAYKVIF-AJ30_BV13-2-CASGEAGANSDYTF-BJ1-2,2,5.0,0.9966510459941993
AV16D/DV11-CAMREDYAQGLTF-AJ26_BV13-2-CASGGGGNERLFF-BJ1-4,3,0.0,3.2516291673878226
AV16D/DV11-CAMREDYAQGLTF-AJ26_BV13-2-CASGGGGNERLFF-BJ1-4,3,1.0,1.9750106694929903
AV16D/DV11-CAMREDYAQGLTF-AJ26_BV13-2-CASGGGGNERLFF-BJ1-4,3,2.0,1.4817875183666718
AV16D/DV11-CAMREDYAQGLTF-AJ26_BV13-2-CASGGGGNERLFF-BJ1-4,3,5.0,1.1376373069016483
AV16D/DV11-CAMREDYQGGRALIF-AJ15_BV3-CASSLVGNQDTQYF-BJ2-5,10,0.0,2.5317129926384543
AV16D/DV11-CAMREDYQGGRALIF-AJ15_BV3-CASSLVGNQDTQYF-BJ2-5,10,1.0,1.1489218976833881
AV16D/DV11-CAMREDYQGGRALIF-AJ15_BV3-CASSLVGNQDTQYF-BJ2-5,10,2.0,0.6607847208558109
AV16D/DV11-CAMREDYQGGRALIF-AJ15_BV3-CASSLVGNQDTQYF-BJ2-5,10,5.0,0.43915119639910116
AV16D/DV11-CAMREDYSNNRLTL-AJ7_BV3-CASSLVGGDDEQYF-BJ2-7,2,0.0,3.160964047443681
AV16D/DV11-CAMREDYSNNRLTL-AJ7_BV3-CASSLVGGDDEQYF-BJ2-7,2,1.0,1.55166560221552
AV16D/DV11-CAMREDYSNNRLTL-AJ7_BV3-CASSLVGGDDEQYF-BJ2-7,2,2.0,1.1995526411725885
AV16D/DV11-CAMREDYSNNRLTL-AJ7_BV3-CASSLVGGDDEQYF-BJ2-7,2,5.0,0.9699320911347702
AV16D/DV11-CAMREESSGSWQLIF-AJ22_BV29-CASRQGNTEVFF-BJ1-1,2,0.0,3.084962500721156
AV16D/DV11-CAMREESSGSWQLIF-AJ22_BV29-CASRQGNTEVFF-BJ1-1,2,1.0,1.0592535610741418
AV16D/DV11-CAMREESSGSWQLIF-AJ22_BV29-CASRQGNTEVFF-BJ1-1,2,2.0,0.5599496860023718
AV16D/DV11-CAMREESSGSWQLIF-AJ22_BV29-CASRQGNTEVFF-BJ1-1,2,5.0,0.3645095284607196
AV16D/DV11-CAMREGDSNYQLIW-AJ33_BV13-1-CASSDAPGNSDYTF-BJ1-2,2,0.0,3.064641508472483
AV16D/DV11-CAMREGDSNYQLIW-AJ33_BV13-1-CASSDAPGNSDYTF-BJ1-2,2,1.0,1.9196211291405914
AV16D/DV11-CAMREGDSNYQLIW-AJ33_BV13-1-CASSDAPGNSDYTF-BJ1-2,2,2.0,1.6501519912908769
AV16D/DV11-CAMREGDSNYQLIW-AJ33_BV13-1-CASSDAPGNSDYTF-BJ1-2,2,5.0,1.4344444398606135
AV16D/DV11-CAMREGDSNYQLIW-AJ33_BV3-CASSRDWTDTQYF-BJ2-5,3,0.0,3.0997360061290933
AV16D/DV11-CAMREGDSNYQLIW-AJ33_BV3-CASSRDWTDTQYF-BJ2-5,3,1.0,1.1877516978178098
AV16D/DV11-CAMREGDSNYQLIW-AJ33_BV3-CASSRDWTDTQYF-BJ2-5,3,2.0,0.6225618965609705
AV16D/DV11-CAMREGDSNYQLIW-AJ33_BV3-CASSRDWTDTQYF-BJ2-5,3,5.0,0.4030257165604964
AV16D/DV11-CAMREGESNYQLIW-AJ33_BV13-1-CASSESRVPNSDYTF-BJ1-2,3,0.0,2.904748505888707
AV16D/DV11-CAMREGESNYQLIW-AJ33_BV13-1-CASSESRVPNSDYTF-BJ1-2,3,1.0,0.6719109953208487
AV16D/DV11-CAMREGESNYQLIW-AJ33_BV13-1-CASSESRVPNSDYTF-BJ1-2,3,2.0,0.3153848960190933
AV16D/DV11-CAMREGESNYQLIW-AJ33_BV13-1-CASSESRVPNSDYTF-BJ1-2,3,5.0,0.20276622302339384
AV16D/DV11-CAMREGGAYKVIF-AJ30_BV13-2-CASGDAYERLFF-BJ1-4,13,0.0,3.119002047495631
AV16D/DV11-CAMREGGAYKVIF-AJ30_BV13-2-CASGDAYERLFF-BJ1-4,13,1.0,1.8036904641899896
AV16D/DV11-CAMREGGAYKVIF-AJ30_BV13-2-CASGDAYERLFF-BJ1-4,13,2.0,1.390829805680915
AV16D/DV11-CAMREGGAYKVIF-AJ30_BV13-2-CASGDAYERLFF-BJ1-4,13,5.0,1.0670079213092825
AV16D/DV11-CAMREGGNNRIFF-AJ31_BV13-2-CASGGVYEQYF-BJ2-7,5,0.0,2.6294409849884457
AV16D/DV11-CAMREGGNNRIFF-AJ31_BV13-2-CASGGVYEQYF-BJ2-7,5,1.0,0.8628986738788942
AV16D/DV11-CAMREGGNNRIFF-AJ31_BV13-2-CASGGVYEQYF-BJ2-7,5,2.0,0.43194092777588516
AV16D/DV11-CAMREGGNNRIFF-AJ31_BV13-2-CASGGVYEQYF-BJ2-7,5,5.0,0.2787216787508773
AV16D/DV11-CAMREGGSAGNKLTF-AJ17*p02_BV1-CTCSADRVGNTLYF-BJ1-3,9,0.0,2.736098694237305
AV16D/DV11-CAMREGGSAGNKLTF-AJ17*p02_BV1-CTCSADRVGNTLYF-BJ1-3,9,1.0,0.8406187339516141
AV16D/DV11-CAMREGGSAGNKLTF-AJ17*p02_BV1-CTCSADRVGNTLYF-BJ1-3,9,2.0,0.4157192078076552
AV16D/DV11-CAMREGGSAGNKLTF-AJ17*p02_BV1-CTCSADRVGNTLYF-BJ1-3,9,5.0,0.2713952626842245
AV16D/DV11-CAMREGGSSGSWQLIF-AJ22_BV13-1-CASSDGTGYEQYF-BJ2-7,4,0.0,2.584962500721156
AV16D/DV11-CAMREGGSSGSWQLIF-AJ22_BV13-1-CASSDGTGYEQYF-BJ2-7,4,1.0,1.203605766654858
AV16D/DV11-CAMREGGSSGSWQLIF-AJ22_BV13-1-CASSDGTGYEQYF-BJ2-7,4,2.0,0.7341123203030063
AV16D/DV11-CAMREGGSSGSWQLIF-AJ22_BV13-1-CASSDGTGYEQYF-BJ2-7,4,5.0,0.5406354123032713
AV16D/DV11-CAMREGGTGGYKVVF-AJ12_BV26-CASSLEGYNQAPLF-BJ1-5,8,0.0,2.4971599904374893
AV16D/DV11-CAMREGGTGGYKVVF-AJ12_BV26-CASSLEGYNQAPLF-BJ1-5,8,1.0,0.9962466158583925
AV16D/DV11-CAMREGGTGGYKVVF-AJ12_BV26-CASSLEGYNQAPLF-BJ1-5,8,2.0,0.54476788170598
AV16D/DV11-CAMREGGTGGYKVVF-AJ12_BV26-CASSLEGYNQAPLF-BJ1-5,8,5.0,0.3589245633465764
AV16D/DV11-CAMREGGTNAYKVIF-AJ30_BV13-2-CASGESFYEQYF-BJ2-7,14,0.0,3.165468635397933
AV16D/DV11-CAMREGGTNAYKVIF-AJ30_BV13-2-CASGESFYEQYF-BJ2-7,14,1.0,1.5958025104970446
AV16D/DV11-CAMREGGTNAYKVIF-AJ30_BV13-2-CASGESFYEQYF-BJ2-7,14,2.0,1.0517321054532807
AV16D/DV11-CAMREGGTNAYKVIF-AJ30_BV13-2-CASGESFYEQYF-BJ2-7,14,5.0,0.7397781100801865
AV16D/DV11-CAMREGLNNRIFF-AJ31_BV30-CSSRGLGGYEQYF-BJ2-7,10,0.0,2.769795171032547
AV16D/DV11-CAMREGLNNRIFF-AJ31_BV30-CSSRGLGGYEQYF-BJ2-7,10,1.0,0.7968608662412391
AV16D/DV11-CAMREGLNNRIFF-AJ31_BV30-CSSRGLGGYEQYF-BJ2-7,10,2.0,0.3821486203868044
AV16D/DV11-CAMREGLNNRIFF-AJ31_BV30-CSSRGLGGYEQYF-BJ2-7,10,5.0,0.2452125521686522
AV16D/DV11-CAMREGNNNNAPRF-AJ43*p03_BV13-2-CASGEGPANSDYTF-BJ1-2,4,0.0,3.0535797802001916
AV16D/DV11-CAMREGNNNNAPRF-AJ43*p03_BV13-2-CASGEGPANSDYTF-BJ1-2,4,1.0,1.8152909119416443
AV16D/DV11-CAMREGNNNNAPRF-AJ43*p03_BV13-2-CASGEGPANSDYTF-BJ1-2,4,2.0,1.4015692282015813
AV16D/DV11-CAMREGNNNNAPRF-AJ43*p03_BV13-2-CASGEGPANSDYTF-BJ1-2,4,5.0,1.1455317662429083
AV16D/DV11-CAMREGNNNNRIFF-AJ31_BV13-2-CAGGTVYEQYF-BJ2-7,11,0.0,3.105800872556564
AV16D/DV11-CAMREGNNNNRIFF-AJ31_BV13-2-CAGGTVYEQYF-BJ2-7,11,1.0,1.8883625528592731
AV16D/DV11-CAMREGNNNNRIFF-AJ31_BV13-2-CAGGTVYEQYF-BJ2-7,11,2.0,1.4678834581583218
AV16D/DV11-CAMREGNNNNRIFF-AJ31_BV13-2-CAGGTVYEQYF-BJ2-7,11,5.0,1.1878011425173063
AV16D/DV11-CAMREGNNNNRIFF-AJ31_BV13-2-CASRDNYEQYF-BJ2-7,5,0.0,3.168735148176075
AV16D/DV11-CAMREGNNNNRIFF-AJ31_BV13-2-CASRDNYEQYF-BJ2-7,5,1.0,1.0185930666616954
AV16D/DV11-CAMREGNNNNRIFF-AJ31_BV13-2-CASRDNYEQYF-BJ2-7,5,2.0,0.47068749401179344
AV16D/DV11-CAMREGNNNNRIFF-AJ31_BV13-2-CASRDNYEQYF-BJ2-7,5,5.0,0.29991124140084086
AV16D/DV11-CAMREGNNNRIFF-AJ31_BV13-1-CASRDNYEQYF-BJ2-7,2,0.0,3.160964047443681
AV16D/DV11-CAMREGNNNRIFF-AJ31_BV13-1-CASRDNYEQYF-BJ2-7,2,1.0,0.715739023587704
AV16D/DV11-CAMREGNNNRIFF-AJ31_BV13-1-CASRDNYEQYF-BJ2-7,2,2.0,0.2865923061930299
AV16D/DV11-CAMREGNNNRIFF-AJ31_BV13-1-CASRDNYEQYF-BJ2-7,2,5.0,0.18086421730134883
AV16D/DV11-CAMREGNSGTYQRF-AJ13_BV3-CASSPDWTSAETLYF-BJ2-3,9,0.0,3.0447217585332553
AV16D/DV11-CAMREGNSGTYQRF-AJ13_BV3-CASSPDWTSAETLYF-BJ2-3,9,1.0,0.64162573626317
AV16D/DV11-CAMREGNSGTYQRF-AJ13_BV3-CASSPDWTSAETLYF-BJ2-3,9,2.0,0.3059437243301117
AV16D/DV11-CAMREGNSGTYQRF-AJ13_BV3-CASSPDWTSAETLYF-BJ2-3,9,5.0,0.20405556697363453
AV16D/DV11-CAMREGSNYQLIW-AJ33_BV13-2-CASGGVYEQYF-BJ2-7,10,0.0,3.1476160286723562
AV16D/DV11-CAMREGSNYQLIW-AJ33_BV13-2-CASGGVYEQYF-BJ2-7,10,1.0,0.5271874289042158
AV16D/DV11-CAMREGSNYQLIW-AJ33_BV13-2-CASGGVYEQYF-BJ2-7,10,2.0,0.19993554842011807
AV16D/DV11-CAMREGSNYQLIW-AJ33_BV13-2-CASGGVYEQYF-BJ2-7,10,5.0,0.12606138071554446
AV16D/DV11-CAMREGSSGSWQLIF-AJ22_BV1-CTCSADRVAETLYF-BJ2-3,7,0.0,2.539937925125589
AV16D/DV11-CAMREGSSGSWQLIF-AJ22_BV1-CTCSADRVAETLYF-BJ2-3,7,1.0,1.376936275839144
AV16D/DV11-CAMREGSSGSWQLIF-AJ22_BV1-CTCSADRVAETLYF-BJ2-3,7,2.0,0.9668713554857126
AV16D/DV11-CAMREGSSGSWQLIF-AJ22_BV1-CTCSADRVAETLYF-BJ2-3,7,5.0,0.7360189873774855
AV16D/DV11-CAMREMDSNYQLIW-AJ33_BV13-1-CASSGGLGNYAEQFF-BJ2-1,4,0.0,3.195339928381165
AV16D/DV11-CAMREMDSNYQLIW-AJ33_BV13-1-CASSGGLGNYAEQFF-BJ2-1,4,1.0,0.8619970104614281
AV16D/DV11-CAMREMDSNYQLIW-AJ33_BV13-1-CASSGGLGNYAEQFF-BJ2-1,4,2.0,0.3843786517465543
AV16D/DV11-CAMREMDSNYQLIW-AJ33_BV13-1-CASSGGLGNYAEQFF-BJ2-1,4,5.0,0.24471578220045057
AV16D/DV11-CAMRENNYAQGLTF-AJ26_BV13-1-CASSDVQTEVFF-BJ1-1,2,0.0,3.3146783100398047
AV16D/DV11-CAMRENNYAQGLTF-AJ26_BV13-1-CASSDVQTEVFF-BJ1-1,2,1.0,0.5489593041466323
AV16D/DV11-CAMRENNYAQGLTF-AJ26_BV13-1-CASSDVQTEVFF-BJ1-1,2,2.0,0.20508302366101688
AV16D/DV11-CAMRENNYAQGLTF-AJ26_BV13-1-CASSDVQTEVFF-BJ1-1,2,5.0,0.12913935319933553
AV16D/DV11-CAMRENTGANTGKLTF-AJ52_BV13-3-CASGTGGVYAEQFF-BJ2-1,7,0.0,3.1326520912095552
AV16D/DV11-CAMRENTGANTGKLTF-AJ52_BV13-3-CASGTGGVYAEQFF-BJ2-1,7,1.0,1.0256316791209237
AV16D/DV11-CAMRENTGANTGKLTF-AJ52_BV13-3-CASGTGGVYAEQFF-BJ2-1,7,2.0,0.541761819035966
AV16D/DV11-CAMRENTGANTGKLTF-AJ52_BV13-3-CASGTGGVYAEQFF-BJ2-1,7,5.0,0.35729800639915427
AV16D/DV11-CAMRENTGYQNFYF-AJ49_BV13-2-CASGENFYEQYF-BJ2-7,5,0.0,2.9886128416324005
AV16D/DV11-CAMRENTGYQNFYF-AJ49_BV13-2-CASGENFYEQYF-BJ2-7,5,1.0,0.6770387026113746
AV16D/DV11-CAMRENTGYQNFYF-AJ49_BV13-2-CASGENFYEQYF-BJ2-7,5,2.0,0.27833102100908047
AV16D/DV11-CAMRENTGYQNFYF-AJ49_BV13-2-CASGENFYEQYF-BJ2-7,5,5.0,0.17600181312714666
AV16D/DV11-CAMREPGTQVVGQLTF-AJ5*p02_BV20-CGARLGGYNYAEQFF-BJ2-1,2,0.0,3.133393270347451
AV16D/DV11-CAMREPGTQVVGQLTF-AJ5*p02_BV20-CGARLGGYNYAEQFF-BJ2-1,2,1.0,2.4187113101858633
AV16D/DV11-CAMREPGTQVVGQLTF-AJ5*p02_BV20-CGARLGGYNYAEQFF-BJ2-1,2,2.0,1.987734335404169
AV16D/DV11-CAMREPGTQVVGQLTF-AJ5*p02_BV20-CGARLGGYNYAEQFF-BJ2-1,2,5.0,1.5972026873732394
AV16D/DV11-CAMRETNNNRIFF-AJ31_BV13-1-CASRDNYEQYF-BJ2-7,4,0.0,2.584962500721156
AV16D/DV11-CAMRETNNNRIFF-AJ31_BV13-1-CASRDNYEQYF-BJ2-7,4,1.0,0.6300788970770508
AV16D/DV11-CAMRETNNNRIFF-AJ31_BV13-1-CASRDNYEQYF-BJ2-7,4,2.0,0.27143641565517274
AV16D/DV11-CAMRETNNNRIFF-AJ31_BV13-1-CASRDNYEQYF-BJ2-7,4,5.0,0.172322160929684
AV16D/DV11-CAMRETNTGGADRLTF-AJ45_BV4-CASSYEGWEVFF-BJ1-1,3,0.0,3.0566416671474372
AV16D/DV11-CAMRETNTGGADRLTF-AJ45_BV4-CASSYEGWEVFF-BJ1-1,3,1.0,1.5157440744067925
AV16D/DV11-CAMRETNTGGADRLTF-AJ45_BV4-CASSYEGWEVFF-BJ1-1,3,2.0,0.9603023001675943
AV16D/DV11-CAMRETNTGGADRLTF-AJ45_BV4-CASSYEGWEVFF-BJ1-1,3,5.0,0.6611543922173528
AV16D/DV11-CAMREVTGANTGKLTF-AJ52_BV1-CTCSADRVQDTQYF-BJ2-5,2,0.0,2.69615871138938
AV16D/DV11-CAMREVTGANTGKLTF-AJ52_BV1-CTCSADRVQDTQYF-BJ2-5,2,1.0,0.9203177608327808
AV16D/DV11-CAMREVTGANTGKLTF-AJ52_BV1-CTCSADRVQDTQYF-BJ2-5,2,2.0,0.5123553787650724
AV16D/DV11-CAMREVTGANTGKLTF-AJ52_BV1-CTCSADRVQDTQYF-BJ2-5,2,5.0,0.3354912641454297
AV16D/DV11-CAMRGDNNNRIFF-AJ31_BV13-2-CASGDPQGNSDYTF-BJ1-2,2,0.0,2.953445297804259
AV16D/DV11-CAMRGDNNNRIFF-AJ31_BV13-2-CASGDPQGNSDYTF-BJ1-2,2,1.0,1.8256475267903642
AV16D/DV11-CAMRGDNNNRIFF-AJ31_BV13-2-CASGDPQGNSDYTF-BJ1-2,2,2.0,1.3509294731862935
AV16D/DV11-CAMRGDNNNRIFF-AJ31_BV13-2-CASGDPQGNSDYTF-BJ1-2,2,5.0,1.0641858439545682
AV16D/DV11-CAMRGMPNYNVLYF-AJ21*p03_BV4-CASSLDWRSSYEQYF-BJ2-7,2,0.0,2.745926548164837
AV16D/DV11-CAMRGMPNYNVLYF-AJ21*p03_BV4-CASSLDWRSSYEQYF-BJ2-7,2,1.0,2.2400450638191285
AV16D/DV11-CAMRGMPNYNVLYF-AJ21*p03_BV4-CASSLDWRSSYEQYF-BJ2-7,2,2.0,1.8148109999637918
AV16D/DV11-CAMRGMPNYNVLYF-AJ21*p03_BV4-CASSLDWRSSYEQYF-BJ2-7,2,5.0,1.3368044371987489
AV16D/DV11-CAMYQGGRALIF-AJ15_BV13-2-CASGDQGASGNTLYF-BJ1-3,4,0.0,3.356303975824846
AV16D/DV11-CAMYQGGRALIF-AJ15_BV13-2-CASGDQGASGNTLYF-BJ1-3,4,1.0,1.3739891257804333
AV16D/DV11-CAMYQGGRALIF-AJ15_BV13-2-CASGDQGASGNTLYF-BJ1-3,4,2.0,1.0781061933211005
AV16D/DV11-CAMYQGGRALIF-AJ15_BV13-2-CASGDQGASGNTLYF-BJ1-3,4,5.0,0.9326091415472307
AV19-CAAANYGNEKITF-AJ48_BV3-CASSLNWGQDTQYF-BJ2-5,3,0.0,3.3022968652028393
AV19-CAAANYGNEKITF-AJ48_BV3-CASSLNWGQDTQYF-BJ2-5,3,1.0,0.998187899514201
AV19-CAAANYGNEKITF-AJ48_BV3-CASSLNWGQDTQYF-BJ2-5,3,2.0,0.45711989614247944
AV19-CAAANYGNEKITF-AJ48_BV3-CASSLNWGQDTQYF-BJ2-5,3,5.0,0.2917695076263936
AV19-CAADDYANKMIF-AJ47_BV1-CTCSAAWGYEQYF-BJ2-7,8,0.0,2.820749319885272
AV19-CAADDYANKMIF-AJ47_BV1-CTCSAAWGYEQYF-BJ2-7,8,1.0,1.0591592461280408
AV19-CAADDYANKMIF-AJ47_BV1-CTCSAAWGYEQYF-BJ2-7,8,2.0,0.5573220145680771
AV19-CAADDYANKMIF-AJ47_BV1-CTCSAAWGYEQYF-BJ2-7,8,5.0,0.3643748103969239
AV19-CAAGGQGGSAKLIF-AJ57_BV13-1-CASSDEQGAPNERLFF-BJ1-4,5,0.0,2.615363119410166
AV19-CAAGGQGGSAKLIF-AJ57_BV13-1-CASSDEQGAPNERLFF-BJ1-4,5,1.0,0.8289996796502029
AV19-CAAGGQGGSAKLIF-AJ57_BV13-1-CASSDEQGAPNERLFF-BJ1-4,5,2.0,0.41141291064967095
AV19-CAAGGQGGSAKLIF-AJ57_BV13-1-CASSDEQGAPNERLFF-BJ1-4,5,5.0,0.2650599167717198
AV19-CAAGGTGYQNFYF-AJ49_BV1-CTCSAGNPSAETLYF-BJ2-3,24,0.0,2.640842108793534
AV19-CAAGGTGYQNFYF-AJ49_BV1-CTCSAGNPSAETLYF-BJ2-3,24,1.0,1.465018888184727
AV19-CAAGGTGYQNFYF-AJ49_BV1-CTCSAGNPSAETLYF-BJ2-3,24,2.0,0.9451650804027795
AV19-CAAGGTGYQNFYF-AJ49_BV1-CTCSAGNPSAETLYF-BJ2-3,24,5.0,0.6470861623437641
AV19-CAAGSNSGTYQRF-AJ13_BV13-1-CASSDATGANSDYTF-BJ1-2,2,0.0,3.084962500721156
AV19-CAAGSNSGTYQRF-AJ13_BV13-1-CASSDATGANSDYTF-BJ1-2,2,1.0,0.5406905044142786
AV19-CAAGSNSGTYQRF-AJ13_BV13-1-CASSDATGANSDYTF-BJ1-2,2,2.0,0.20670436805621267
AV19-CAAGSNSGTYQRF-AJ13_BV13-1-CASSDATGANSDYTF-BJ1-2,2,5.0,0.13027011547858197
AV19-CAAGTNTGYQNFYF-AJ49_BV17-CASSSVLGGGEQYF-BJ2-7,4,0.0,2.907339155019902
AV19-CAAGTNTGYQNFYF-AJ49_BV17-CASSSVLGGGEQYF-BJ2-7,4,1.0,1.4710775129001705
AV19-CAAGTNTGYQNFYF-AJ49_BV17-CASSSVLGGGEQYF-BJ2-7,4,2.0,0.8486407114747646
AV19-CAAGTNTGYQNFYF-AJ49_BV17-CASSSVLGGGEQYF-BJ2-7,4,5.0,0.556905672929375
AV19-CAAGVTGYQNFYF-AJ49_BV29-CASSLRTGREQYF-BJ2-7,16,0.0,2.854936485542906
AV19-CAAGVTGYQNFYF-AJ49_BV29-CASSLRTGREQYF-BJ2-7,16,1.0,0.9090741622943904
AV19-CAAGVTGYQNFYF-AJ49_BV29-CASSLRTGREQYF-BJ2-7,16,2.0,0.4599458525784006
AV19-CAAGVTGYQNFYF-AJ49_BV29-CASSLRTGREQYF-BJ2-7,16,5.0,0.29844669045051264
AV19-CAAGYGGSGNKLIF-AJ32_BV14-CASSPPLGGRRDTQYF-BJ2-5,3,0.0,2.876452206693203
AV19-CAAGYGGSGNKLIF-AJ32_BV14-CASSPPLGGRRDTQYF-BJ2-5,3,1.0,1.6356415053513542
AV19-CAAGYGGSGNKLIF-AJ32_BV14-CASSPPLGGRRDTQYF-BJ2-5,3,2.0,1.2507839806286905
AV19-CAAGYGGSGNKLIF-AJ32_BV14-CASSPPLGGRRDTQYF-BJ2-5,3,5.0,1.0485581009293337
AV19-CAAGYGNEKITF-AJ48_BV13-1-CASSGPGTGVNSPLYF-BJ1-6,3,0.0,2.797439140926253
AV19-CAAGYGNEKITF-AJ48_BV13-1-CASSGPGTGVNSPLYF-BJ1-6,3,1.0,2.1206254967063893
AV19-CAAGYGNEKITF-AJ48_BV13-1-CASSGPGTGVNSPLYF-BJ1-6,3,2.0,1.7798006440636567
AV19-CAAGYGNEKITF-AJ48_BV13-1-CASSGPGTGVNSPLYF-BJ1-6,3,5.0,1.4995200345428712
AV19-CAASSGSWQLIF-AJ22_BV13-2-CASGEPAGDTLYF-BJ2-4,2,0.0,3.169925001442312
AV19-CAASSGSWQLIF-AJ22_BV13-2-CASGEPAGDTLYF-BJ2-4,2,1.0,0.4878750018397058
AV19-CAASSGSWQLIF-AJ22_BV13-2-CASGEPAGDTLYF-BJ2-4,2,2.0,0.17381981763572515
AV19-CAASSGSWQLIF-AJ22_BV13-2-CASGEPAGDTLYF-BJ2-4,2,5.0,0.10920570122436372
AV19-CAATNNRIFF-AJ31_BV13-1-CASSDYWGSSAETLYF-BJ2-3,3,0.0,3.034429269470674
AV19-CAATNNRIFF-AJ31_BV13-1-CASSDYWGSSAETLYF-BJ2-3,3,1.0,1.8874008572488765
AV19-CAATNNRIFF-AJ31_BV13-1-CASSDYWGSSAETLYF-BJ2-3,3,2.0,1.362269504323793
AV19-CAATNNRIFF-AJ31_BV13-1-CASSDYWGSSAETLYF-BJ2-3,3,5.0,1.0163265726342108
AV2-CIVTDNNTGKLTF-AJ27_BV20-CGAGRGPASDYTF-BJ1-2,2,0.0,2.584962500721156
AV2-CIVTDNNTGKLTF-AJ27_BV20-CGAGRGPASDYTF-BJ1-2,2,1.0,1.6832609729711376
AV2-CIVTDNNTGKLTF-AJ27_BV20-CGAGRGPASDYTF-BJ1-2,2,2.0,1.2550183686635352
AV2-CIVTDNNTGKLTF-AJ27_BV20-CGAGRGPASDYTF-BJ1-2,2,5.0,0.9185547996371236
AV2-CIVTDTNAYKVIF-AJ30_BV30-CSSRTGGDTQYF-BJ2-5,5,0.0,3.341234443426088
AV2-CIVTDTNAYKVIF-AJ30_BV30-CSSRTGGDTQYF-BJ2-5,5,1.0,0.5650181957245926
AV2-CIVTDTNAYKVIF-AJ30_BV30-CSSRTGGDTQYF-BJ2-5,5,2.0,0.20991858273313757
AV2-CIVTDTNAYKVIF-AJ30_BV30-CSSRTGGDTQYF-BJ2-5,5,5.0,0.13219792567005179
AV2-CIVTDYDTNAYKVIF-AJ30_BV1-CTCSATRQGVGNTLYF-BJ1-3,15,0.0,2.7033133834494354
AV2-CIVTDYDTNAYKVIF-AJ30_BV1-CTCSATRQGVGNTLYF-BJ1-3,15,1.0,1.1248317596612247
AV2-CIVTDYDTNAYKVIF-AJ30_BV1-CTCSATRQGVGNTLYF-BJ1-3,15,2.0,0.6714838416423022
AV2-CIVTDYDTNAYKVIF-AJ30_BV1-CTCSATRQGVGNTLYF-BJ1-3,15,5.0,0.4664649880764203
AV2-CIVTGDSNYQLIW-AJ33_BV20-CGAIQGYEQYF-BJ2-7,2,0.0,2.792481250360578
AV2-CIVTGDSNYQLIW-AJ33_BV20-CGAIQGYEQYF-BJ2-7,2,1.0,0.8446543998675751
AV2-CIVTGDSNYQLIW-AJ33_BV20-CGAIQGYEQYF-BJ2-7,2,2.0,0.4281851904598525
AV2-CIVTGDSNYQLIW-AJ33_BV20-CGAIQGYEQYF-BJ2-7,2,5.0,0.27798472539917884
AV21/DV12-CILRGGTGSKLSF-AJ58_BV1-CTCSADRTENSPLYF-BJ1-6,6,0.0,3.131843519119492
AV21/DV12-CILRGGTGSKLSF-AJ58_BV1-CTCSADRTENSPLYF-BJ1-6,6,1.0,1.501870110174802
AV21/DV12-CILRGGTGSKLSF-AJ58_BV1-CTCSADRTENSPLYF-BJ1-6,6,2.0,0.929409860506163
AV21/DV12-CILRGGTGSKLSF-AJ58_BV1-CTCSADRTENSPLYF-BJ1-6,6,5.0,0.6329308800073479
AV3-1-CAALNNAGAKLTF-AJ39_BV2-CASSQVGQYTEVFF-BJ1-1,4,0.0,2.890560606055268
AV3-1-CAALNNAGAKLTF-AJ39_BV2-CASSQVGQYTEVFF-BJ1-1,4,1.0,0.8447771976761035
AV3-1-CAALNNAGAKLTF-AJ39_BV2-CASSQVGQYTEVFF-BJ1-1,4,2.0,0.37516523679987623
AV3-1-CAALNNAGAKLTF-AJ39_BV2-CASSQVGQYTEVFF-BJ1-1,4,5.0,0.23795583076771198
AV3-1-CAVDDQGGRALIF-AJ15_BV19-CASSILDRDGNTLYF-BJ1-3,2,0.0,2.19615871138938
AV3-1-CAVDDQGGRALIF-AJ15_BV19-CASSILDRDGNTLYF-BJ1-3,2,1.0,1.511837690514045
AV3-1-CAVDDQGGRALIF-AJ15_BV19-CASSILDRDGNTLYF-BJ1-3,2,2.0,1.28732983239808
AV3-1-CAVDDQGGRALIF-AJ15_BV19-CASSILDRDGNTLYF-BJ1-3,2,5.0,1.142829661174127
AV3-1-CAVSASQGGRALIF-AJ15_BV4-CASSPDWGQDTQYF-BJ2-5,3,0.0,2.422262180231634
AV3-1-CAVSASQGGRALIF-AJ15_BV4-CASSPDWGQDTQYF-BJ2-5,3,1.0,1.6267917060605506
AV3-1-CAVSASQGGRALIF-AJ15_BV4-CASSPDWGQDTQYF-BJ2-5,3,2.0,1.3346613593921532
AV3-1-CAVSASQGGRALIF-AJ15_BV4-CASSPDWGQDTQYF-BJ2-5,3,5.0,1.1204022476878623
AV3-1-CAVSPDTNAYKVIF-AJ30_BV14-CASRNRDTQYF-BJ2-5,2,0.0,2.988639961749958
AV3-1-CAVSPDTNAYKVIF-AJ30_BV14-CASRNRDTQYF-BJ2-5,2,1.0,1.4636287811815971
AV3-1-CAVSPDTNAYKVIF-AJ30_BV14-CASRNRDTQYF-BJ2-5,2,2.0,0.8046030273676319
AV3-1-CAVSPDTNAYKVIF-AJ30_BV14-CASRNRDTQYF-BJ2-5,2,5.0,0.5212778730956369
AV3-3-CAAPTNTGKLTF-AJ27_BV29-CASSLGQGITEVFF-BJ1-1,4,0.0,2.7823207542362414
AV3-3-CAAPTNTGKLTF-AJ27_BV29-CASSLGQGITEVFF-BJ1-1,4,1.0,0.9014164985071762
AV3-3-CAAPTNTGKLTF-AJ27_BV29-CASSLGQGITEVFF-BJ1-1,4,2.0,0.4191681952200486
AV3-3-CAAPTNTGKLTF-AJ27_BV29-CASSLGQGITEVFF-BJ1-1,4,5.0,0.2672033239617076
AV3-3-CAVKQGGRALIF-AJ15_BV13-3-CASSGTGLQDTQYF-BJ2-5,2,0.0,3.0
AV3-3-CAVKQGGRALIF-AJ15_BV13-3-CASSGTGLQDTQYF-BJ2-5,2,1.0,0.9158034925956724
AV3-3-CAVKQGGRALIF-AJ15_BV13-3-CASSGTGLQDTQYF-BJ2-5,2,2.0,0.41712426243935197
AV3-3-CAVKQGGRALIF-AJ15_BV13-3-CASSGTGLQDTQYF-BJ2-5,2,5.0,0.2658156837674879
AV3-3-CAVLNAYKVIF-AJ30_BV13-1-CASSLRDWGGAQNTLYF-BJ2-4,2,0.0,2.084962500721156
AV3-3-CAVLNAYKVIF-AJ30_BV13-1-CASSLRDWGGAQNTLYF-BJ2-4,2,1.0,1.9079628991140654
AV3-3-CAVLNAYKVIF-AJ30_BV13-1-CASSLRDWGGAQNTLYF-BJ2-4,2,2.0,1.7636235014324344
AV3-3-CAVLNAYKVIF-AJ30_BV13-1-CASSLRDWGGAQNTLYF-BJ2-4,2,5.0,1.5531475647941217
AV3-3-CAVNYANKMIF-AJ47_BV5-CASSQDYGSSYEQYF-BJ2-7,2,0.0,3.245926548164837
AV3-3-CAVNYANKMIF-AJ47_BV5-CASSQDYGSSYEQYF-BJ2-7,2,1.0,1.2161757200477559
AV3-3-CAVNYANKMIF-AJ47_BV5-CASSQDYGSSYEQYF-BJ2-7,2,2.0,0.5954841878093678
AV3-3-CAVNYANKMIF-AJ47_BV5-CASSQDYGSSYEQYF-BJ2-7,2,5.0,0.38161655325811705
AV3-3-CAVRFIDRGSALGRLHF-AJ18_BV13-2-CASGRDRDAEQFF-BJ2-1,2,0.0,3.377443751081734
AV3-3-CAVRFIDRGSALGRLHF-AJ18_BV13-2-CASGRDRDAEQFF-BJ2-1,2,1.0,2.9574816510247377
AV3-3-CAVRFIDRGSALGRLHF-AJ18_BV13-2-CASGRDRDAEQFF-BJ2-1,2,2.0,2.728034769162498
AV3-3-CAVRFIDRGSALGRLHF-AJ18_BV13-2-CASGRDRDAEQFF-BJ2-1,2,5.0,2.4710582576432865
AV3-3-CAVSAGQGGRALIF-AJ15_BV13-1-CASSDTGGYEQYF-BJ2-7,24,0.0,3.0801531017491186
AV3-3-CAVSAGQGGRALIF-AJ15_BV13-1-CASSDTGGYEQYF-BJ2-7,24,1.0,1.6980095997833622
AV3-3-CAVSAGQGGRALIF-AJ15_BV13-1-CASSDTGGYEQYF-BJ2-7,24,2.0,1.3315202964472517
AV3-3-CAVSAGQGGRALIF-AJ15_BV13-1-CASSDTGGYEQYF-BJ2-7,24,5.0,1.1391821580989665
AV3-3-CAVSAGTNAYKVIF-AJ30_BV1-CTCSAARVAEQFF-BJ2-1,2,0.0,3.133393270347451
AV3-3-CAVSAGTNAYKVIF-AJ30_BV1-CTCSAARVAEQFF-BJ2-1,2,1.0,1.017457319062666
AV3-3-CAVSAGTNAYKVIF-AJ30_BV1-CTCSAARVAEQFF-BJ2-1,2,2.0,0.504546992194694
AV3-3-CAVSAGTNAYKVIF-AJ30_BV1-CTCSAARVAEQFF-BJ2-1,2,5.0,0.3272657359808261
AV3-3-CAVSDPSGSWQLIF-AJ22_BV13-3-CASRGDRAEEQYF-BJ2-7,5,0.0,2.9687057069222176
AV3-3-CAVSDPSGSWQLIF-AJ22_BV13-3-CASRGDRAEEQYF-BJ2-7,5,1.0,0.6218507096005651
AV3-3-CAVSDPSGSWQLIF-AJ22_BV13-3-CASRGDRAEEQYF-BJ2-7,5,2.0,0.2531244573967076
AV3-3-CAVSDPSGSWQLIF-AJ22_BV13-3-CASRGDRAEEQYF-BJ2-7,5,5.0,0.1599738376333515
AV3-3-CAVSGGGSWQLIF-AJ22_BV13-1-CASSGDRGNSDYTF-BJ1-2,2,0.0,2.745926548164837
AV3-3-CAVSGGGSWQLIF-AJ22_BV13-1-CASSGDRGNSDYTF-BJ1-2,2,1.0,0.42733467909963185
AV3-3-CAVSGGGSWQLIF-AJ22_BV13-1-CASSGDRGNSDYTF-BJ1-2,2,2.0,0.15480752070158788
AV3-3-CAVSGGGSWQLIF-AJ22_BV13-1-CASSGDRGNSDYTF-BJ1-2,2,5.0,0.09727751401077767
AV3-3-CAVSGNNYAQGLTF-AJ26_BV1-CTCSADRDWVRDTQYF-BJ2-5,3,0.0,3.0256051990169435
AV3-3-CAVSGNNYAQGLTF-AJ26_BV1-CTCSADRDWVRDTQYF-BJ2-5,3,1.0,1.0326924148387209
AV3-3-CAVSGNNYAQGLTF-AJ26_BV1-CTCSADRDWVRDTQYF-BJ2-5,3,2.0,0.503264748315636
AV3-3-CAVSGNNYAQGLTF-AJ26_BV1-CTCSADRDWVRDTQYF-BJ2-5,3,5.0,0.32312103643043216
AV3-3-CAVSPSSGSWQLIF-AJ22_BV13-1-CASSDGTGGYEQYF-BJ2-7,3,0.0,2.9837615716556574
AV3-3-CAVSPSSGSWQLIF-AJ22_BV13-1-CASSDGTGGYEQYF-BJ2-7,3,1.0,1.1545405494918908
AV3-3-CAVSPSSGSWQLIF-AJ22_BV13-1-CASSDGTGGYEQYF-BJ2-7,3,2.0,0.6133687419250707
AV3-3-CAVSPSSGSWQLIF-AJ22_BV13-1-CASSDGTGGYEQYF-BJ2-7,3,5.0,0.4024310694079398
AV3-3-CAVTSSSSFSKLVF-AJ50_BV17-CASSSRGQNYAEQFF-BJ2-1,29,0.0,3.0758815612996755
AV3-3-CAVTSSSSFSKLVF-AJ50_BV17-CASSSRGQNYAEQFF-BJ2-1,29,1.0,0.9055246525350843
AV3-3-CAVTSSSSFSKLVF-AJ50_BV17-CASSSRGQNYAEQFF-BJ2-1,29,2.0,0.45806618782275677
AV3-3-CAVTSSSSFSKLVF-AJ50_BV17-CASSSRGQNYAEQFF-BJ2-1,29,5.0,0.32417160522229793
AV3-4-CAAPSSSFSKLVF-AJ50_BV2-CASSQRGSEQYF-BJ2-7,2,0.0,2.988639961749958
AV3-4-CAAPSSSFSKLVF-AJ50_BV2-CASSQRGSEQYF-BJ2-7,2,1.0,1.472335445826755
AV3-4-CAAPSSSFSKLVF-AJ50_BV2-CASSQRGSEQYF-BJ2-7,2,2.0,0.8277595783969554
AV3-4-CAAPSSSFSKLVF-AJ50_BV2-CASSQRGSEQYF-BJ2-7,2,5.0,0.5399516087954721
AV3-4-CAVNNNAGAKLTF-AJ39_BV13-3-CASSDRYEQYF-BJ2-7,4,0.0,2.94615871138938
AV3-4-CAVNNNAGAKLTF-AJ39_BV13-3-CASSDRYEQYF-BJ2-7,4,1.0,1.0985867640571905
AV3-4-CAVNNNAGAKLTF-AJ39_BV13-3-CASSDRYEQYF-BJ2-7,4,2.0,0.5695975251609546
AV3-4-CAVNNNAGAKLTF-AJ39_BV13-3-CASSDRYEQYF-BJ2-7,4,5.0,0.37133906630972163
AV3-4-CAVSAGYANKMIF-AJ47_BV31-CAWSSGSDYTF-BJ1-2,2,0.0,2.877443751081734
AV3-4-CAVSAGYANKMIF-AJ47_BV31-CAWSSGSDYTF-BJ1-2,2,1.0,0.760762951244658
AV3-4-CAVSAGYANKMIF-AJ47_BV31-CAWSSGSDYTF-BJ1-2,2,2.0,0.34262885788380076
AV3-4-CAVSAGYANKMIF-AJ47_BV31-CAWSSGSDYTF-BJ1-2,2,5.0,0.21816556206772553
AV3-4-CAVSANTGNYKYVF-AJ40_BV31-CAWSWGNYAEQFF-BJ2-1,3,0.0,2.797439140926253
AV3-4-CAVSANTGNYKYVF-AJ40_BV31-CAWSWGNYAEQFF-BJ2-1,3,1.0,1.6126924454845988
AV3-4-CAVSANTGNYKYVF-AJ40_BV31-CAWSWGNYAEQFF-BJ2-1,3,2.0,1.1529887087623611
AV3-4-CAVSANTGNYKYVF-AJ40_BV31-CAWSWGNYAEQFF-BJ2-1,3,5.0,0.873642928885622
AV3-4-CAVSAYTGYQNFYF-AJ49_BV13-2-CASGDNSPLYF-BJ1-6,2,0.0,3.160964047443681
AV3-4-CAVSAYTGYQNFYF-AJ49_BV13-2-CASGDNSPLYF-BJ1-6,2,1.0,0.9847060110372485
AV3-4-CAVSAYTGYQNFYF-AJ49_BV13-2-CASGDNSPLYF-BJ1-6,2,2.0,0.540398459245863
AV3-4-CAVSAYTGYQNFYF-AJ49_BV13-2-CASGDNSPLYF-BJ1-6,2,5.0,0.35965479714015863
AV3-4-CAVSGGNNNRIFF-AJ31_BV13-2-CASGGRLGGEQYF-BJ2-7,16,0.0,2.8968021979371352
AV3-4-CAVSGGNNNRIFF-AJ31_BV13-2-CASGGRLGGEQYF-BJ2-7,16,1.0,1.6763186559488916
AV3-4-CAVSGGNNNRIFF-AJ31_BV13-2-CASGGRLGGEQYF-BJ2-7,16,2.0,1.1046542892357678
AV3-4-CAVSGGNNNRIFF-AJ31_BV13-2-CASGGRLGGEQYF-BJ2-7,16,5.0,0.7615802839591286
AV3-4-CAVSMDYANKMIF-AJ47_BV3-CASSTGVGAEQFF-BJ2-1,12,0.0,2.8866780018195572
AV3-4-CAVSMDYANKMIF-AJ47_BV3-CASSTGVGAEQFF-BJ2-1,12,1.0,0.8258782404538924
AV3-4-CAVSMDYANKMIF-AJ47_BV3-CASSTGVGAEQFF-BJ2-1,12,2.0,0.3927635673744565
AV3-4-CAVSMDYANKMIF-AJ47_BV3-CASSTGVGAEQFF-BJ2-1,12,5.0,0.2523823506004625
AV3-4-CAVSPSTGYQNFYF-AJ49_BV13-3-CASSDFTEVFF-BJ1-1,2,0.0,2.792481250360578
AV3-4-CAVSPSTGYQNFYF-AJ49_BV13-3-CASSDFTEVFF-BJ1-1,2,1.0,0.594034144292015
AV3-4-CAVSPSTGYQNFYF-AJ49_BV13-3-CASSDFTEVFF-BJ1-1,2,2.0,0.28577293832541817
AV3-4-CAVSPSTGYQNFYF-AJ49_BV13-3-CASSDFTEVFF-BJ1-1,2,5.0,0.1861075807525572
AV3-4-CAVSVGGYQNFYF-AJ49_BV2-CASSPTGGGTEVFF-BJ1-1,2,0.0,2.953445297804259
AV3-4-CAVSVGGYQNFYF-AJ49_BV2-CASSPTGGGTEVFF-BJ1-1,2,1.0,1.391500308978878
AV3-4-CAVSVGGYQNFYF-AJ49_BV2-CASSPTGGGTEVFF-BJ1-1,2,2.0,0.7755170620500215
AV3-4-CAVSVGGYQNFYF-AJ49_BV2-CASSPTGGGTEVFF-BJ1-1,2,5.0,0.5073418531689544
AV3-4-CAVTPSSGSWQLIF-AJ22_BV4-CASSPGPGQLYF-BJ2-2,7,0.0,2.983452931301205
AV3-4-CAVTPSSGSWQLIF-AJ22_BV4-CASSPGPGQLYF-BJ2-2,7,1.0,1.0389619974356605
AV3-4-CAVTPSSGSWQLIF-AJ22_BV4-CASSPGPGQLYF-BJ2-2,7,2.0,0.5367026425711608
AV3-4-CAVTPSSGSWQLIF-AJ22_BV4-CASSPGPGQLYF-BJ2-2,7,5.0,0.35423597871682555
AV3-4-CAVTPSSGSWQLIF-AJ22_BV4-CASSYRGEQYF-BJ2-7,4,0.0,2.995926548164837
AV3-4-CAVTPSSGSWQLIF-AJ22_BV4-CASSYRGEQYF-BJ2-7,4,1.0,0.7644602029382576
AV3-4-CAVTPSSGSWQLIF-AJ22_BV4-CASSYRGEQYF-BJ2-7,4,2.0,0.3330754803435253
AV3-4-CAVTPSSGSWQLIF-AJ22_BV4-CASSYRGEQYF-BJ2-7,4,5.0,0.21159040195614637
AV3D-3-CAVSDPSGSWQLIF-AJ22_BV13-3-CASRGDRAEEQYF-BJ2-7,8,0.0,2.6753119783499124
AV3D-3-CAVSDPSGSWQLIF-AJ22_BV13-3-CASRGDRAEEQYF-BJ2-7,8,1.0,0.6971743298624788
AV3D-3-CAVSDPSGSWQLIF-AJ22_BV13-3-CASRGDRAEEQYF-BJ2-7,8,2.0,0.31537471217418267
AV3D-3-CAVSDPSGSWQLIF-AJ22_BV13-3-CASRGDRAEEQYF-BJ2-7,8,5.0,0.20090732919846194
AV3D-3-CAVSLMDSNYQLIW-AJ33_BV5-CASSQDRWGEQYF-BJ2-7,2,0.0,2.877443751081734
AV3D-3-CAVSLMDSNYQLIW-AJ33_BV5-CASSQDRWGEQYF-BJ2-7,2,1.0,0.9835685443093332
AV3D-3-CAVSLMDSNYQLIW-AJ33_BV5-CASSQDRWGEQYF-BJ2-7,2,2.0,0.49426814099851446
AV3D-3-CAVSLMDSNYQLIW-AJ33_BV5-CASSQDRWGEQYF-BJ2-7,2,5.0,0.3188696593096473
AV4-3-CAAEASYQNFYF-AJ49_BV4-CASSPGTDYTF-BJ1-2,2,0.0,2.745926548164837
AV4-3-CAAEASYQNFYF-AJ49_BV4-CASSPGTDYTF-BJ1-2,2,1.0,0.8703563886247978
AV4-3-CAAEASYQNFYF-AJ49_BV4-CASSPGTDYTF-BJ1-2,2,2.0,0.4454120528917741
AV4-3-CAAEASYQNFYF-AJ49_BV4-CASSPGTDYTF-BJ1-2,2,5.0,0.2918438160145642
AV4-3-CAAEATNYAQGLTF-AJ26_BV13-1-CASSDVRVAEVFF-BJ1-1,14,0.0,2.5469506947020086
AV4-3-CAAEATNYAQGLTF-AJ26_BV13-1-CASSDVRVAEVFF-BJ1-1,14,1.0,0.727318290606969
AV4-3-CAAEATNYAQGLTF-AJ26_BV13-1-CASSDVRVAEVFF-BJ1-1,14,2.0,0.3486986807552878
AV4-3-CAAEATNYAQGLTF-AJ26_BV13-1-CASSDVRVAEVFF-BJ1-1,14,5.0,0.2263934733932467
AV4-3-CAAEGGTGGYKVVF-AJ12_BV13-1-CASSEDNNQAPLF-BJ1-5,3,0.0,2.6356301985361728
AV4-3-CAAEGGTGGYKVVF-AJ12_BV13-1-CASSEDNNQAPLF-BJ1-5,3,1.0,0.9746618693600894
AV4-3-CAAEGGTGGYKVVF-AJ12_BV13-1-CASSEDNNQAPLF-BJ1-5,3,2.0,0.5445099249681805
AV4-3-CAAEGGTGGYKVVF-AJ12_BV13-1-CASSEDNNQAPLF-BJ1-5,3,5.0,0.3598300935439697
AV4-3-CAAEGSNYQLIW-AJ33_BV31-CAWSLLPGGGNTLYF-BJ1-3,2,0.0,2.821928094887362
AV4-3-CAAEGSNYQLIW-AJ33_BV31-CAWSLLPGGGNTLYF-BJ1-3,2,1.0,1.1761810930333596
AV4-3-CAAEGSNYQLIW-AJ33_BV31-CAWSLLPGGGNTLYF-BJ1-3,2,2.0,0.617391143773347
AV4-3-CAAEGSNYQLIW-AJ33_BV31-CAWSLLPGGGNTLYF-BJ1-3,2,5.0,0.39909528673310773
AV4-3-CAAERGTGKLTF-AJ27_BV13-2-CASGTGEQYF-BJ2-7,3,0.0,2.645545979667524
AV4-3-CAAERGTGKLTF-AJ27_BV13-2-CASGTGEQYF-BJ2-7,3,1.0,1.1537422849604952
AV4-3-CAAERGTGKLTF-AJ27_BV13-2-CASGTGEQYF-BJ2-7,3,2.0,0.6630579007555707
AV4-3-CAAERGTGKLTF-AJ27_BV13-2-CASGTGEQYF-BJ2-7,3,5.0,0.44749978602271295
AV4-3-CAAGDSNYQLIW-AJ33_BV4-CASSLGQVAETLYF-BJ2-3,4,0.0,2.44982040538048
AV4-3-CAAGDSNYQLIW-AJ33_BV4-CASSLGQVAETLYF-BJ2-3,4,1.0,1.1532189416541776
AV4-3-CAAGDSNYQLIW-AJ33_BV4-CASSLGQVAETLYF-BJ2-3,4,2.0,0.8670684223531789
AV4-3-CAAGDSNYQLIW-AJ33_BV4-CASSLGQVAETLYF-BJ2-3,4,5.0,0.689737159604515
AV4-3-CAAPTGGADRLTF-AJ45_BV29-CASSPGTGYAEQFF-BJ2-1,3,0.0,3.1679419126652504
AV4-3-CAAPTGGADRLTF-AJ45_BV29-CASSPGTGYAEQFF-BJ2-1,3,1.0,1.9165199556466488
AV4-3-CAAPTGGADRLTF-AJ45_BV29-CASSPGTGYAEQFF-BJ2-1,3,2.0,1.5773398585749077
AV4-3-CAAPTGGADRLTF-AJ45_BV29-CASSPGTGYAEQFF-BJ2-1,3,5.0,1.3817294448983082
AV4D-3-CAADLGYKLTF-AJ9_BV13-3-CASSDDGGLYAEQFF-BJ2-1,2,0.0,2.660964047443681
AV4D-3-CAADLGYKLTF-AJ9_BV13-3-CASSDDGGLYAEQFF-BJ2-1,2,1.0,1.6840526869985835
AV4D-3-CAADLGYKLTF-AJ9_BV13-3-CASSDDGGLYAEQFF-BJ2-1,2,2.0,1.3347217988910776
AV4D-3-CAADLGYKLTF-AJ9_BV13-3-CASSDDGGLYAEQFF-BJ2-1,2,5.0,1.050469457185134
AV4D-3-CAAENMGYKLTF-AJ9_BV31-CAWSLDNNQAPLF-BJ1-5,16,0.0,2.9589005561146706
AV4D-3-CAAENMGYKLTF-AJ9_BV31-CAWSLDNNQAPLF-BJ1-5,16,1.0,0.8582072687473381
AV4D-3-CAAENMGYKLTF-AJ9_BV31-CAWSLDNNQAPLF-BJ1-5,16,2.0,0.38419957911337155
AV4D-3-CAAENMGYKLTF-AJ9_BV31-CAWSLDNNQAPLF-BJ1-5,16,5.0,0.24441478113607046
AV4D-4-CAADPGGYKVVF-AJ12_BV13-2-CASGGGLGGLEQYF-BJ2-7,2,0.0,2.564641508472483
AV4D-4-CAADPGGYKVVF-AJ12_BV13-2-CASGGGLGGLEQYF-BJ2-7,2,1.0,1.3021957972377136
AV4D-4-CAADPGGYKVVF-AJ12_BV13-2-CASGGGLGGLEQYF-BJ2-7,2,2.0,0.9144730373773161
AV4D-4-CAADPGGYKVVF-AJ12_BV13-2-CASGGGLGGLEQYF-BJ2-7,2,5.0,0.6714312860981213
AV4D-4-CAAEAVNNRIFF-AJ31_BV13-3-CASSGTGLQDTQYF-BJ2-5,3,0.0,3.3082708345352603
AV4D-4-CAAEAVNNRIFF-AJ31_BV13-3-CASSGTGLQDTQYF-BJ2-5,3,1.0,1.2765577311041352
AV4D-4-CAAEAVNNRIFF-AJ31_BV13-3-CASSGTGLQDTQYF-BJ2-5,3,2.0,0.6764165361630555
AV4D-4-CAAEAVNNRIFF-AJ31_BV13-3-CASSGTGLQDTQYF-BJ2-5,3,5.0,0.43894048732532776
AV5-1-CSASFNTGNYKYVF-AJ40_BV13-2-CASGDPAPGQGFF-BJ1-4,3,0.0,3.163951032109891
AV5-1-CSASFNTGNYKYVF-AJ40_BV13-2-CASGDPAPGQGFF-BJ1-4,3,1.0,1.2833175375464985
AV5-1-CSASFNTGNYKYVF-AJ40_BV13-2-CASGDPAPGQGFF-BJ1-4,3,2.0,0.778866048618052
AV5-1-CSASFNTGNYKYVF-AJ40_BV13-2-CASGDPAPGQGFF-BJ1-4,3,5.0,0.5314214901546476
AV5-1-CSASKDRGSALGRLHF-AJ18_BV1-CTCSAVPGDTGQLYF-BJ2-2,2,0.0,3.084962500721156
AV5-1-CSASKDRGSALGRLHF-AJ18_BV1-CTCSAVPGDTGQLYF-BJ2-2,2,1.0,1.1994469808372412
AV5-1-CSASKDRGSALGRLHF-AJ18_BV1-CTCSAVPGDTGQLYF-BJ2-2,2,2.0,0.5973425514857464
AV5-1-CSASKDRGSALGRLHF-AJ18_BV1-CTCSAVPGDTGQLYF-BJ2-2,2,5.0,0.383414655193257
AV5-1-CSASMDNNNRIFF-AJ31_BV3-CASSSAGGSQNTLYF-BJ2-4,2,0.0,3.084962500721156
AV5-1-CSASMDNNNRIFF-AJ31_BV3-CASSSAGGSQNTLYF-BJ2-4,2,1.0,0.9919444821332069
AV5-1-CSASMDNNNRIFF-AJ31_BV3-CASSSAGGSQNTLYF-BJ2-4,2,2.0,0.4646762150556295
AV5-1-CSASMDNNNRIFF-AJ31_BV3-CASSSAGGSQNTLYF-BJ2-4,2,5.0,0.2963378671197439
AV5-1-CSASMDNNNRIFF-AJ31_BV3-CASSTGQGYEQYF-BJ2-7,3,0.0,2.7332241149454544
AV5-1-CSASMDNNNRIFF-AJ31_BV3-CASSTGQGYEQYF-BJ2-7,3,1.0,0.8810292472288168
AV5-1-CSASMDNNNRIFF-AJ31_BV3-CASSTGQGYEQYF-BJ2-7,3,2.0,0.4197908848748042
AV5-1-CSASMDNNNRIFF-AJ31_BV3-CASSTGQGYEQYF-BJ2-7,3,5.0,0.2687378677461154
AV5-1-CSASMDYANKMIF-AJ47_BV3-CASSYGTNNQAPLF-BJ1-5,38,0.0,2.898414359430066
AV5-1-CSASMDYANKMIF-AJ47_BV3-CASSYGTNNQAPLF-BJ1-5,38,1.0,0.9242265223828172
AV5-1-CSASMDYANKMIF-AJ47_BV3-CASSYGTNNQAPLF-BJ1-5,38,2.0,0.4612202593849861
AV5-1-CSASMDYANKMIF-AJ47_BV3-CASSYGTNNQAPLF-BJ1-5,38,5.0,0.3055880909843252
AV5-1-CSASTDNNNRIFF-AJ31_BV3-CASSYGTGGHEQYF-BJ2-7,9,0.0,2.8787910771110736
AV5-1-CSASTDNNNRIFF-AJ31_BV3-CASSYGTGGHEQYF-BJ2-7,9,1.0,0.9597609056860651
AV5-1-CSASTDNNNRIFF-AJ31_BV3-CASSYGTGGHEQYF-BJ2-7,9,2.0,0.49074193753672746
AV5-1-CSASTDNNNRIFF-AJ31_BV3-CASSYGTGGHEQYF-BJ2-7,9,5.0,0.3211875551593226
AV5-4-CAASADYANKMIF-AJ47_BV13-1-CASSSGTHTEVFF-BJ1-1,2,0.0,3.084962500721156
AV5-4-CAASADYANKMIF-AJ47_BV13-1-CASSSGTHTEVFF-BJ1-1,2,1.0,0.5981537778498138
AV5-4-CAASADYANKMIF-AJ47_BV13-1-CASSSGTHTEVFF-BJ1-1,2,2.0,0.23147604084767914
AV5-4-CAASADYANKMIF-AJ47_BV13-1-CASSSGTHTEVFF-BJ1-1,2,5.0,0.14589943531217547
AV5-4-CAASGSGANTGKLTF-AJ52_BV1-CTCSVSAETLYF-BJ2-3,2,0.0,2.903677461028802
AV5-4-CAASGSGANTGKLTF-AJ52_BV1-CTCSVSAETLYF-BJ2-3,2,1.0,1.652930672923829
AV5-4-CAASGSGANTGKLTF-AJ52_BV1-CTCSVSAETLYF-BJ2-3,2,2.0,1.1066259562893193
AV5-4-CAASGSGANTGKLTF-AJ52_BV1-CTCSVSAETLYF-BJ2-3,2,5.0,0.7586986747665956
AV5D-4-CAASAGTGSNRLTF-AJ28_BV13-1-CASSGTPFGSPLYF-BJ1-6,2,0.0,2.377443751081734
AV5D-4-CAASAGTGSNRLTF-AJ28_BV13-1-CASSGTPFGSPLYF-BJ1-6,2,1.0,1.6660942637689349
AV5D-4-CAASAGTGSNRLTF-AJ28_BV13-1-CASSGTPFGSPLYF-BJ1-6,2,2.0,1.3928568856063008
AV5D-4-CAASAGTGSNRLTF-AJ28_BV13-1-CASSGTPFGSPLYF-BJ1-6,2,5.0,1.1500476843922416
AV5D-4-CAASAKPNYNVLYF-AJ21*p03_BV13-2-CASGAVSGDTEVFF-BJ1-1,2,0.0,3.169925001442312
AV5D-4-CAASAKPNYNVLYF-AJ21*p03_BV13-2-CASGAVSGDTEVFF-BJ1-1,2,1.0,2.1657163739945426
AV5D-4-CAASAKPNYNVLYF-AJ21*p03_BV13-2-CASGAVSGDTEVFF-BJ1-1,2,2.0,1.6949637118468102
AV5D-4-CAASAKPNYNVLYF-AJ21*p03_BV13-2-CASGAVSGDTEVFF-BJ1-1,2,5.0,1.2951505169208164
AV6-1-CVLGDGGSGNKLIF-AJ32_BV3-CASSLGVQDTQYF-BJ2-5,6,0.0,2.85109382340748
AV6-1-CVLGDGGSGNKLIF-AJ32_BV3-CASSLGVQDTQYF-BJ2-5,6,1.0,1.3149014498595173
AV6-1-CVLGDGGSGNKLIF-AJ32_BV3-CASSLGVQDTQYF-BJ2-5,6,2.0,0.8265795002703649
AV6-1-CVLGDGGSGNKLIF-AJ32_BV3-CASSLGVQDTQYF-BJ2-5,6,5.0,0.5822779774459029
AV6-1-CVLGDPTNAYKVIF-AJ30_BV29-CASSLGGNSPLYF-BJ1-6,4,0.0,3.2267226489021295
AV6-1-CVLGDPTNAYKVIF-AJ30_BV29-CASSLGGNSPLYF-BJ1-6,4,1.0,2.4682088456120157
AV6-1-CVLGDPTNAYKVIF-AJ30_BV29-CASSLGGNSPLYF-BJ1-6,4,2.0,1.9692265225313608
AV6-1-CVLGDPTNAYKVIF-AJ30_BV29-CASSLGGNSPLYF-BJ1-6,4,5.0,1.5414482304383754
AV6-1-CVLGDRGFASALTF-AJ35_BV14-CASNRDNQDTQYF-BJ2-5,2,0.0,3.2297158093186487
AV6-1-CVLGDRGFASALTF-AJ35_BV14-CASNRDNQDTQYF-BJ2-5,2,1.0,0.661272171216251
AV6-1-CVLGDRGFASALTF-AJ35_BV14-CASNRDNQDTQYF-BJ2-5,2,2.0,0.2583193617292843
AV6-1-CVLGDRGFASALTF-AJ35_BV14-CASNRDNQDTQYF-BJ2-5,2,5.0,0.16288746108297017
AV6-2-CALVTDYAQGLTF-AJ26_BV3-CASSLAFGDEQYF-BJ2-7,2,0.0,3.5221970596792267
AV6-2-CALVTDYAQGLTF-AJ26_BV3-CASSLAFGDEQYF-BJ2-7,2,1.0,0.5013250392435209
AV6-2-CALVTDYAQGLTF-AJ26_BV3-CASSLAFGDEQYF-BJ2-7,2,2.0,0.173110280352973
AV6-2-CALVTDYAQGLTF-AJ26_BV3-CASSLAFGDEQYF-BJ2-7,2,5.0,0.10868529165448049
AV6-2-CVLDAGAKLTF-AJ39_BV14-CASSPDWGNYAEQFF-BJ2-1,2,0.0,2.821928094887362
AV6-2-CVLDAGAKLTF-AJ39_BV14-CASSPDWGNYAEQFF-BJ2-1,2,1.0,2.1149434983472393
AV6-2-CVLDAGAKLTF-AJ39_BV14-CASSPDWGNYAEQFF-BJ2-1,2,2.0,1.7778011496930792
AV6-2-CVLDAGAKLTF-AJ39_BV14-CASSPDWGNYAEQFF-BJ2-1,2,5.0,1.4905370983271946
AV6-3-CAMRDLLSSGSWQLIF-AJ22_BV13-3-CASSDSGAGNTLYF-BJ1-3,3,0.0,2.8715699480384025
AV6-3-CAMRDLLSSGSWQLIF-AJ22_BV13-3-CASSDSGAGNTLYF-BJ1-3,3,1.0,1.684263156055471
AV6-3-CAMRDLLSSGSWQLIF-AJ22_BV13-3-CASSDSGAGNTLYF-BJ1-3,3,2.0,1.3064274513697978
AV6-3-CAMRDLLSSGSWQLIF-AJ22_BV13-3-CASSDSGAGNTLYF-BJ1-3,3,5.0,1.0533496634083688
AV6-3-CAMRTPWGGLSGKLTF-AJ2_BV13-2-CASGDVREQYF-BJ2-7,2,0.0,3.292481250360578
AV6-3-CAMRTPWGGLSGKLTF-AJ2_BV13-2-CASGDVREQYF-BJ2-7,2,1.0,1.1204526065018265
AV6-3-CAMRTPWGGLSGKLTF-AJ2_BV13-2-CASGDVREQYF-BJ2-7,2,2.0,0.5774789124488554
AV6-3-CAMRTPWGGLSGKLTF-AJ2_BV13-2-CASGDVREQYF-BJ2-7,2,5.0,0.37423897150504604
AV6-4-CALASYGNEKITF-AJ48_BV3-CASSLTWDQDTQYF-BJ2-5,7,0.0,3.0612130050474633
AV6-4-CALASYGNEKITF-AJ48_BV3-CASSLTWDQDTQYF-BJ2-5,7,1.0,0.9245205552308303
AV6-4-CALASYGNEKITF-AJ48_BV3-CASSLTWDQDTQYF-BJ2-5,7,2.0,0.4919856381137964
AV6-4-CALASYGNEKITF-AJ48_BV3-CASSLTWDQDTQYF-BJ2-5,7,5.0,0.33634544862600474
AV6-4-CALVEGGRALIF-AJ15_BV14-CASRDRDTQYF-BJ2-5,5,0.0,3.082798293127426
AV6-4-CALVEGGRALIF-AJ15_BV14-CASRDRDTQYF-BJ2-5,5,1.0,1.648014297943039
AV6-4-CALVEGGRALIF-AJ15_BV14-CASRDRDTQYF-BJ2-5,5,2.0,1.1164912437084151
AV6-4-CALVEGGRALIF-AJ15_BV14-CASRDRDTQYF-BJ2-5,5,5.0,0.7948565157245341
AV6-4-CALVTDYAQGLTF-AJ26_BV3-CASSLAFGDEQYF-BJ2-7,5,0.0,3.467970000576925
AV6-4-CALVTDYAQGLTF-AJ26_BV3-CASSLAFGDEQYF-BJ2-7,5,1.0,0.7343397752147217
AV6-4-CALVTDYAQGLTF-AJ26_BV3-CASSLAFGDEQYF-BJ2-7,5,2.0,0.299924354564358
AV6-4-CALVTDYAQGLTF-AJ26_BV3-CASSLAFGDEQYF-BJ2-7,5,5.0,0.1900111604810089
AV6-5-CALRGDTNAYKVIF-AJ30_BV4-CASSRGEQYF-BJ2-7,3,0.0,3.0997360061290933
AV6-5-CALRGDTNAYKVIF-AJ30_BV4-CASSRGEQYF-BJ2-7,3,1.0,2.1954333419300225
AV6-5-CALRGDTNAYKVIF-AJ30_BV4-CASSRGEQYF-BJ2-7,3,2.0,1.6702489519015196
AV6-5-CALRGDTNAYKVIF-AJ30_BV4-CASSRGEQYF-BJ2-7,3,5.0,1.2748916582893592
AV6-5-CALSAGSNNRLTL-AJ7_BV14-CASSQDSSAETLYF-BJ2-3,2,0.0,3.39067985676233
AV6-5-CALSAGSNNRLTL-AJ7_BV14-CASSQDSSAETLYF-BJ2-3,2,1.0,0.5459806392408686
AV6-5-CALSAGSNNRLTL-AJ7_BV14-CASSQDSSAETLYF-BJ2-3,2,2.0,0.19710308934843326
AV6-5-CALSAGSNNRLTL-AJ7_BV14-CASSQDSSAETLYF-BJ2-3,2,5.0,0.12387944521049488
AV6-5-CALSDWPSSSFSKLVF-AJ50_BV2-CASSQAGAGQLYF-BJ2-2,3,0.0,3.1962382118607544
AV6-5-CALSDWPSSSFSKLVF-AJ50_BV2-CASSQAGAGQLYF-BJ2-2,3,1.0,1.9739202854083864
AV6-5-CALSDWPSSSFSKLVF-AJ50_BV2-CASSQAGAGQLYF-BJ2-2,3,2.0,1.4479683593049921
AV6-5-CALSDWPSSSFSKLVF-AJ50_BV2-CASSQAGAGQLYF-BJ2-2,3,5.0,1.0802672671106581
AV6-6-CALGDHTDKVVF-AJ34*p03_BV14-CASRNRAEQYF-BJ2-7,3,0.0,3.2516291673878226
AV6-6-CALGDHTDKVVF-AJ34*p03_BV14-CASRNRAEQYF-BJ2-7,3,1.0,1.39805045474937
AV6-6-CALGDHTDKVVF-AJ34*p03_BV14-CASRNRAEQYF-BJ2-7,3,2.0,0.8212193898725553
AV6-6-CALGDHTDKVVF-AJ34*p03_BV14-CASRNRAEQYF-BJ2-7,3,5.0,0.5582717934347791
AV6-6-CALGDHTGYQNFYF-AJ49_BV13-3-CASSENRVNTEVFF-BJ1-1,5,0.0,2.562756238243407
AV6-6-CALGDHTGYQNFYF-AJ49_BV13-3-CASSENRVNTEVFF-BJ1-1,5,1.0,1.0495596035545995
AV6-6-CALGDHTGYQNFYF-AJ49_BV13-3-CASSENRVNTEVFF-BJ1-1,5,2.0,0.5693820286052369
AV6-6-CALGDHTGYQNFYF-AJ49_BV13-3-CASSENRVNTEVFF-BJ1-1,5,5.0,0.37117220994526984
AV6-6-CALGDLGTQVVGQLTF-AJ5*p02_BV14-CASSLGANSDYTF-BJ1-2,2,0.0,3.084962500721156
AV6-6-CALGDLGTQVVGQLTF-AJ5*p02_BV14-CASSLGANSDYTF-BJ1-2,2,1.0,2.1608474851294814
AV6-6-CALGDLGTQVVGQLTF-AJ5*p02_BV14-CASSLGANSDYTF-BJ1-2,2,2.0,1.827523576692556
AV6-6-CALGDLGTQVVGQLTF-AJ5*p02_BV14-CASSLGANSDYTF-BJ1-2,2,5.0,1.4965543360124496
AV6-6-CALGDLGTQVVGQLTF-AJ5*p02_BV17-CASSSGGGGAETLYF-BJ2-3,4,0.0,2.599685922984548
AV6-6-CALGDLGTQVVGQLTF-AJ5*p02_BV17-CASSSGGGGAETLYF-BJ2-3,4,1.0,0.7553055627562559
AV6-6-CALGDLGTQVVGQLTF-AJ5*p02_BV17-CASSSGGGGAETLYF-BJ2-3,4,2.0,0.36161557816093126
AV6-6-CALGDLGTQVVGQLTF-AJ5*p02_BV17-CASSSGGGGAETLYF-BJ2-3,4,5.0,0.23331570064367477
AV6-6-CALGEPNAYKVIF-AJ30_BV13-2-CASGDGGYEQYF-BJ2-7,3,0.0,2.3998907816121213
AV6-6-CALGEPNAYKVIF-AJ30_BV13-2-CASGDGGYEQYF-BJ2-7,3,1.0,1.3427020674532006
AV6-6-CALGEPNAYKVIF-AJ30_BV13-2-CASGDGGYEQYF-BJ2-7,3,2.0,0.9018786950426444
AV6-6-CALGEPNAYKVIF-AJ30_BV13-2-CASGDGGYEQYF-BJ2-7,3,5.0,0.6273481772413797
AV6-6-CALSAGSNNRLTL-AJ7_BV14-CASSQDSSAETLYF-BJ2-3,3,0.0,3.3481313731194846
AV6-6-CALSAGSNNRLTL-AJ7_BV14-CASSQDSSAETLYF-BJ2-3,3,1.0,0.48722701642717176
AV6-6-CALSAGSNNRLTL-AJ7_BV14-CASSQDSSAETLYF-BJ2-3,3,2.0,0.1718305979115268
AV6-6-CALSAGSNNRLTL-AJ7_BV14-CASSQDSSAETLYF-BJ2-3,3,5.0,0.10796835947220941
AV6-6-CALSEVSGGNYKPTF-AJ6_BV14-CASSLGANSDYTF-BJ1-2,2,0.0,2.821928094887362
AV6-6-CALSEVSGGNYKPTF-AJ6_BV14-CASSLGANSDYTF-BJ1-2,2,1.0,1.9931333070644766
AV6-6-CALSEVSGGNYKPTF-AJ6_BV14-CASSLGANSDYTF-BJ1-2,2,2.0,1.582103557836092
AV6-6-CALSEVSGGNYKPTF-AJ6_BV14-CASSLGANSDYTF-BJ1-2,2,5.0,1.2527974775805868
AV6-7/DV9-CALGDQGDYANKMIF-AJ47_BV1-CTCSAPGNYNSPLYF-BJ1-6,4,0.0,2.84807935569469
AV6-7/DV9-CALGDQGDYANKMIF-AJ47_BV1-CTCSAPGNYNSPLYF-BJ1-6,4,1.0,1.0322179553626734
AV6-7/DV9-CALGDQGDYANKMIF-AJ47_BV1-CTCSAPGNYNSPLYF-BJ1-6,4,2.0,0.5099139407421983
AV6-7/DV9-CALGDQGDYANKMIF-AJ47_BV1-CTCSAPGNYNSPLYF-BJ1-6,4,5.0,0.32760607073105197
AV6-7/DV9-CALGGDTGGADRLTF-AJ45_BV19-CASSIGRRNYAEQFF-BJ2-1,2,0.0,3.3146783100398047
AV6-7/DV9-CALGGDTGGADRLTF-AJ45_BV19-CASSIGRRNYAEQFF-BJ2-1,2,1.0,2.4632132806820377
AV6-7/DV9-CALGGDTGGADRLTF-AJ45_BV19-CASSIGRRNYAEQFF-BJ2-1,2,2.0,1.9551823702677589
AV6-7/DV9-CALGGDTGGADRLTF-AJ45_BV19-CASSIGRRNYAEQFF-BJ2-1,2,5.0,1.546662487278891
AV6D-4-CALAPDRIFF-AJ31_BV13-2-CASGDWGGNTGQLYF-BJ2-2,5,0.0,2.724227222654928
AV6D-4-CALAPDRIFF-AJ31_BV13-2-CASGDWGGNTGQLYF-BJ2-2,5,1.0,1.7231111316214391
AV6D-4-CALAPDRIFF-AJ31_BV13-2-CASGDWGGNTGQLYF-BJ2-2,5,2.0,1.3453669906424672
AV6D-4-CALAPDRIFF-AJ31_BV13-2-CASGDWGGNTGQLYF-BJ2-2,5,5.0,1.0439270739281743
AV6D-5-CALNSGTYQRF-AJ13_BV31-CAWSLPTGNTLYF-BJ1-3,2,0.0,2.792481250360578
AV6D-5-CALNSGTYQRF-AJ13_BV31-CAWSLPTGNTLYF-BJ1-3,2,1.0,0.7906493121160545
AV6D-5-CALNSGTYQRF-AJ13_BV31-CAWSLPTGNTLYF-BJ1-3,2,2.0,0.3479384935320575
AV6D-5-CALNSGTYQRF-AJ13_BV31-CAWSLPTGNTLYF-BJ1-3,2,5.0,0.22068820137331302
AV6D-6-CALSDGNTGNYKYVF-AJ40_BV13-2-CASGDREYEQYF-BJ2-7,3,0.0,3.0566416671474372
AV6D-6-CALSDGNTGNYKYVF-AJ40_BV13-2-CASGDREYEQYF-BJ2-7,3,1.0,1.4690809129123277
AV6D-6-CALSDGNTGNYKYVF-AJ40_BV13-2-CASGDREYEQYF-BJ2-7,3,2.0,0.9105549701082295
AV6D-6-CALSDGNTGNYKYVF-AJ40_BV13-2-CASGDREYEQYF-BJ2-7,3,5.0,0.6359211572156105
AV6D-6-CALSDMGYKLTF-AJ9_BV2-CASSQETVTGQLYF-BJ2-2,4,0.0,2.703445297804259
AV6D-6-CALSDMGYKLTF-AJ9_BV2-CASSQETVTGQLYF-BJ2-2,4,1.0,1.0528096833657687
AV6D-6-CALSDMGYKLTF-AJ9_BV2-CASSQETVTGQLYF-BJ2-2,4,2.0,0.5889057809747267
AV6D-6-CALSDMGYKLTF-AJ9_BV2-CASSQETVTGQLYF-BJ2-2,4,5.0,0.3921492263290447
AV6D-7-CALGDNNNRIFF-AJ31_BV13-2-CASGGTGGWSPLYF-BJ1-6,2,0.0,2.084962500721156
AV6D-7-CALGDNNNRIFF-AJ31_BV13-2-CASGGTGGWSPLYF-BJ1-6,2,1.0,1.2486370219748029
AV6D-7-CALGDNNNRIFF-AJ31_BV13-2-CASGGTGGWSPLYF-BJ1-6,2,2.0,0.9059456818672921
AV6D-7-CALGDNNNRIFF-AJ31_BV13-2-CASGGTGGWSPLYF-BJ1-6,2,5.0,0.6482049401181162
AV7-1-CAMISSGSWQLIF-AJ22_BV13-1-CASSGGRGSDYTF-BJ1-2,2,0.0,2.69615871138938
AV7-1-CAMISSGSWQLIF-AJ22_BV13-1-CASSGGRGSDYTF-BJ1-2,2,1.0,0.5993229019021328
AV7-1-CAMISSGSWQLIF-AJ22_BV13-1-CASSGGRGSDYTF-BJ1-2,2,2.0,0.2532286301264034
AV7-1-CAMISSGSWQLIF-AJ22_BV13-1-CASSGGRGSDYTF-BJ1-2,2,5.0,0.16042029959118398
AV7-3-CAVHSGYNKLTF-AJ11*p02_BV13-1-CASRDRGEVFF-BJ1-1,3,0.0,2.904748505888707
AV7-3-CAVHSGYNKLTF-AJ11*p02_BV13-1-CASRDRGEVFF-BJ1-1,3,1.0,1.3843135921444218
AV7-3-CAVHSGYNKLTF-AJ11*p02_BV13-1-CASRDRGEVFF-BJ1-1,3,2.0,0.8307575101419818
AV7-3-CAVHSGYNKLTF-AJ11*p02_BV13-1-CASRDRGEVFF-BJ1-1,3,5.0,0.5533155913143953
AV7-3-CAVLMDYANKMIF-AJ47_BV29-CASSLLRYAEQFF-BJ2-1,3,0.0,2.163951032109891
AV7-3-CAVLMDYANKMIF-AJ47_BV29-CASSLLRYAEQFF-BJ2-1,3,1.0,0.5768302603278519
AV7-3-CAVLMDYANKMIF-AJ47_BV29-CASSLLRYAEQFF-BJ2-1,3,2.0,0.2655344525328025
AV7-3-CAVLMDYANKMIF-AJ47_BV29-CASSLLRYAEQFF-BJ2-1,3,5.0,0.16942791623590003
AV7-3-CAVNAYKVIF-AJ30_BV1-CTCSAVRVSGNTLYF-BJ1-3,3,0.0,2.9924266411666385
AV7-3-CAVNAYKVIF-AJ30_BV1-CTCSAVRVSGNTLYF-BJ1-3,3,1.0,0.7772810898351837
AV7-3-CAVNAYKVIF-AJ30_BV1-CTCSAVRVSGNTLYF-BJ1-3,3,2.0,0.33433534809803783
AV7-3-CAVNAYKVIF-AJ30_BV1-CTCSAVRVSGNTLYF-BJ1-3,3,5.0,0.21186065958683345
AV7-3-CAVNAYKVIF-AJ30_BV13-2-CASGDQGANSDYTF-BJ1-2,3,0.0,2.3022968652028393
AV7-3-CAVNAYKVIF-AJ30_BV13-2-CASGDQGANSDYTF-BJ1-2,3,1.0,0.9327239545542853
AV7-3-CAVNAYKVIF-AJ30_BV13-2-CASGDQGANSDYTF-BJ1-2,3,2.0,0.49933133799341095
AV7-3-CAVNAYKVIF-AJ30_BV13-2-CASGDQGANSDYTF-BJ1-2,3,5.0,0.32374323795562965
AV7-3-CAVNTNAYKVIF-AJ30_BV29-CASSLSGGYAEQFF-BJ2-1,5,0.0,2.776834103821687
AV7-3-CAVNTNAYKVIF-AJ30_BV29-CASSLSGGYAEQFF-BJ2-1,5,1.0,1.1695518270635927
AV7-3-CAVNTNAYKVIF-AJ30_BV29-CASSLSGGYAEQFF-BJ2-1,5,2.0,0.7527884390158619
AV7-3-CAVNTNAYKVIF-AJ30_BV29-CASSLSGGYAEQFF-BJ2-1,5,5.0,0.5557694674513254
AV7-3-CAVSMGYAQGLTF-AJ26_BV1-CTCSAVRVSGNTLYF-BJ1-3,3,0.0,3.2664272071739737
AV7-3-CAVSMGYAQGLTF-AJ26_BV1-CTCSAVRVSGNTLYF-BJ1-3,3,1.0,0.9387238672541732
AV7-3-CAVSMGYAQGLTF-AJ26_BV1-CTCSAVRVSGNTLYF-BJ1-3,3,2.0,0.4142617999492908
AV7-3-CAVSMGYAQGLTF-AJ26_BV1-CTCSAVRVSGNTLYF-BJ1-3,3,5.0,0.2631637791468986
AV7-3-CAVSMGYAQGLTF-AJ26_BV13-1-CASSEAGNYAEQFF-BJ2-1,5,0.0,3.034735427260684
AV7-3-CAVSMGYAQGLTF-AJ26_BV13-1-CASSEAGNYAEQFF-BJ2-1,5,1.0,1.2383841059634084
AV7-3-CAVSMGYAQGLTF-AJ26_BV13-1-CASSEAGNYAEQFF-BJ2-1,5,2.0,0.6586504984450741
AV7-3-CAVSMGYAQGLTF-AJ26_BV13-1-CASSEAGNYAEQFF-BJ2-1,5,5.0,0.42921275983208373
AV7-3-CAVSMWGSNAKLTF-AJ42_BV13-1-CASSDMGRPLYF-BJ1-6,3,0.0,2.4972843654432246
AV7-3-CAVSMWGSNAKLTF-AJ42_BV13-1-CASSDMGRPLYF-BJ1-6,3,1.0,0.5934586285913995
AV7-3-CAVSMWGSNAKLTF-AJ42_BV13-1-CASSDMGRPLYF-BJ1-6,3,2.0,0.24860947695196733
AV7-3-CAVSMWGSNAKLTF-AJ42_BV13-1-CASSDMGRPLYF-BJ1-6,3,5.0,0.15740975712022057
AV7-3-CAVSYNYAQGLTF-AJ26_BV1-CTCSAVRVSGNTLYF-BJ1-3,2,0.0,2.660964047443681
AV7-3-CAVSYNYAQGLTF-AJ26_BV1-CTCSAVRVSGNTLYF-BJ1-3,2,1.0,0.3150111737005301
AV7-3-CAVSYNYAQGLTF-AJ26_BV1-CTCSAVRVSGNTLYF-BJ1-3,2,2.0,0.11173193155672151
AV7-3-CAVSYNYAQGLTF-AJ26_BV1-CTCSAVRVSGNTLYF-BJ1-3,2,5.0,0.07022335979615364
AV7-3-CAVSYNYAQGLTF-AJ26_BV13-2-CASGDVNSDYTF-BJ1-2,2,0.0,3.2297158093186487
AV7-3-CAVSYNYAQGLTF-AJ26_BV13-2-CASGDVNSDYTF-BJ1-2,2,1.0,1.7038097102041196
AV7-3-CAVSYNYAQGLTF-AJ26_BV13-2-CASGDVNSDYTF-BJ1-2,2,2.0,1.0870955090980106
AV7-3-CAVSYNYAQGLTF-AJ26_BV13-2-CASGDVNSDYTF-BJ1-2,2,5.0,0.7290990875528625
AV7-3-CAVTGGNNKLTF-AJ56_BV13-2-CASGDAWGGADTQYF-BJ2-5,4,0.0,3.05720467262397
AV7-3-CAVTGGNNKLTF-AJ56_BV13-2-CASGDAWGGADTQYF-BJ2-5,4,1.0,0.9842736801371806
AV7-3-CAVTGGNNKLTF-AJ56_BV13-2-CASGDAWGGADTQYF-BJ2-5,4,2.0,0.45921750962159913
AV7-3-CAVTGGNNKLTF-AJ56_BV13-2-CASGDAWGGADTQYF-BJ2-5,4,5.0,0.2926934210572144
AV7-4-CAAPSSGSWQLIF-AJ22_BV13-2-CASGDATGSYNSPLYF-BJ1-6,2,0.0,1.792481250360578
AV7-4-CAAPSSGSWQLIF-AJ22_BV13-2-CASGDATGSYNSPLYF-BJ1-6,2,1.0,0.48572202552397403
AV7-4-CAAPSSGSWQLIF-AJ22_BV13-2-CASGDATGSYNSPLYF-BJ1-6,2,2.0,0.2269385003575838
AV7-4-CAAPSSGSWQLIF-AJ22_BV13-2-CASGDATGSYNSPLYF-BJ1-6,2,5.0,0.1447489790143855
AV7-4-CAARLNYGGSGNKLIF-AJ32_BV2-CASSQEEDWGYEQYF-BJ2-7,2,0.0,2.7297158093186487
AV7-4-CAARLNYGGSGNKLIF-AJ32_BV2-CASSQEEDWGYEQYF-BJ2-7,2,1.0,0.4474675406370954
AV7-4-CAARLNYGGSGNKLIF-AJ32_BV2-CASSQEEDWGYEQYF-BJ2-7,2,2.0,0.16308560732223598
AV7-4-CAARLNYGGSGNKLIF-AJ32_BV2-CASSQEEDWGYEQYF-BJ2-7,2,5.0,0.10249069703286436
AV7-4-CAASEAGGADRLTF-AJ45_BV16-CASSQGGDTEVFF-BJ1-1,2,0.0,2.564641508472483
AV7-4-CAASEAGGADRLTF-AJ45_BV16-CASSQGGDTEVFF-BJ1-1,2,1.0,1.7460000703353025
AV7-4-CAASEAGGADRLTF-AJ45_BV16-CASSQGGDTEVFF-BJ1-1,2,2.0,1.2653028307604495
AV7-4-CAASEAGGADRLTF-AJ45_BV16-CASSQGGDTEVFF-BJ1-1,2,5.0,0.8947168573647164
AV7-4-CAASENTGGADRLTF-AJ45_BV13-1-CASRGDRYAEQFF-BJ2-1,4,0.0,2.592399336569669
AV7-4-CAASENTGGADRLTF-AJ45_BV13-1-CASRGDRYAEQFF-BJ2-1,4,1.0,1.1895262096836317
AV7-4-CAASENTGGADRLTF-AJ45_BV13-1-CASRGDRYAEQFF-BJ2-1,4,2.0,0.6803640155025856
AV7-4-CAASENTGGADRLTF-AJ45_BV13-1-CASRGDRYAEQFF-BJ2-1,4,5.0,0.4503074850864657
AV7-4-CAASERQGGRALIF-AJ15_BV31-CAWSSGQTNYAEQFF-BJ2-1,2,0.0,2.660964047443681
AV7-4-CAASERQGGRALIF-AJ15_BV31-CAWSSGQTNYAEQFF-BJ2-1,2,1.0,1.6932278520518487
AV7-4-CAASERQGGRALIF-AJ15_BV31-CAWSSGQTNYAEQFF-BJ2-1,2,2.0,1.342984159221057
AV7-4-CAASERQGGRALIF-AJ15_BV31-CAWSSGQTNYAEQFF-BJ2-1,2,5.0,1.0121035371741611
AV7-5-CALNTGYQNFYF-AJ49_BV13-2-CASGDVGTGVSDYTF-BJ1-2,3,0.0,2.937927063739012
AV7-5-CALNTGYQNFYF-AJ49_BV13-2-CASGDVGTGVSDYTF-BJ1-2,3,1.0,0.8705690392179979
AV7-5-CALNTGYQNFYF-AJ49_BV13-2-CASGDVGTGVSDYTF-BJ1-2,3,2.0,0.4128344429424186
AV7-5-CALNTGYQNFYF-AJ49_BV13-2-CASGDVGTGVSDYTF-BJ1-2,3,5.0,0.26445983393307737
AV7-5-CAMSSPPSNTDKVVF-AJ34*p03_BV1-CTCSAVRVSGNTLYF-BJ1-3,6,0.0,3.0899203912868316
AV7-5-CAMSSPPSNTDKVVF-AJ34*p03_BV1-CTCSAVRVSGNTLYF-BJ1-3,6,1.0,0.8660553993385779
AV7-5-CAMSSPPSNTDKVVF-AJ34*p03_BV1-CTCSAVRVSGNTLYF-BJ1-3,6,2.0,0.4127719364459599
AV7-5-CAMSSPPSNTDKVVF-AJ34*p03_BV1-CTCSAVRVSGNTLYF-BJ1-3,6,5.0,0.26580395178511235
AV7D-2-CAAMDAGAKLTF-AJ39_BV4-CASSQTRVAYEQYF-BJ2-7,3,0.0,2.8629048785274214
AV7D-2-CAAMDAGAKLTF-AJ39_BV4-CASSQTRVAYEQYF-BJ2-7,3,1.0,1.0122793715449452
AV7D-2-CAAMDAGAKLTF-AJ39_BV4-CASSQTRVAYEQYF-BJ2-7,3,2.0,0.5621485706171684
AV7D-2-CAAMDAGAKLTF-AJ39_BV4-CASSQTRVAYEQYF-BJ2-7,3,5.0,0.3730813335182159
AV7D-2-CAANDWAGNTRKLIF-AJ37*p02_BV13-2-CASGDPDGYAEQFF-BJ2-1,11,0.0,2.9386031087369773
AV7D-2-CAANDWAGNTRKLIF-AJ37*p02_BV13-2-CASGDPDGYAEQFF-BJ2-1,11,1.0,1.4502331127897699
AV7D-2-CAANDWAGNTRKLIF-AJ37*p02_BV13-2-CASGDPDGYAEQFF-BJ2-1,11,2.0,0.9830418686361685
AV7D-2-CAANDWAGNTRKLIF-AJ37*p02_BV13-2-CASGDPDGYAEQFF-BJ2-1,11,5.0,0.7380052094210977
AV7D-2-CAANSGGSNAKLTF-AJ42_BV4-CASSLTGYAEQFF-BJ2-1,2,0.0,3.064641508472483
AV7D-2-CAANSGGSNAKLTF-AJ42_BV4-CASSLTGYAEQFF-BJ2-1,2,1.0,2.0745840935289968
AV7D-2-CAANSGGSNAKLTF-AJ42_BV4-CASSLTGYAEQFF-BJ2-1,2,2.0,1.5790100216175906
AV7D-2-CAANSGGSNAKLTF-AJ42_BV4-CASSLTGYAEQFF-BJ2-1,2,5.0,1.1411429410893876
AV7D-2-CAASDYKVVF-AJ12_BV1-CTCSAVRVSGNTLYF-BJ1-3,5,0.0,2.7582122229433903
AV7D-2-CAASDYKVVF-AJ12_BV1-CTCSAVRVSGNTLYF-BJ1-3,5,1.0,0.8569891716332805
AV7D-2-CAASDYKVVF-AJ12_BV1-CTCSAVRVSGNTLYF-BJ1-3,5,2.0,0.5121303349082723
AV7D-2-CAASDYKVVF-AJ12_BV1-CTCSAVRVSGNTLYF-BJ1-3,5,5.0,0.3882377947348238
AV7D-2-CAASDYKVVF-AJ12_BV13-2-CASGDNLGENTLYF-BJ2-4,12,0.0,2.982228329086864
AV7D-2-CAASDYKVVF-AJ12_BV13-2-CASGDNLGENTLYF-BJ2-4,12,1.0,1.1674483205795558
AV7D-2-CAASDYKVVF-AJ12_BV13-2-CASGDNLGENTLYF-BJ2-4,12,2.0,0.7090885140635396
AV7D-2-CAASDYKVVF-AJ12_BV13-2-CASGDNLGENTLYF-BJ2-4,12,5.0,0.5027513764570809
AV7D-2-CAASGAGTGSNRLTF-AJ28_BV19-CASSIAKYTEVFF-BJ1-1,23,0.0,3.0323728229597857
AV7D-2-CAASGAGTGSNRLTF-AJ28_BV19-CASSIAKYTEVFF-BJ1-1,23,1.0,1.078021181077765
AV7D-2-CAASGAGTGSNRLTF-AJ28_BV19-CASSIAKYTEVFF-BJ1-1,23,2.0,0.6004439482524822
AV7D-2-CAASGAGTGSNRLTF-AJ28_BV19-CASSIAKYTEVFF-BJ1-1,23,5.0,0.4216274442580665
AV7D-2-CAASGTGGYKVVF-AJ12_BV13-2-CASGDANGGYNYAEQFF-BJ2-1,2,0.0,2.953445297804259
AV7D-2-CAASGTGGYKVVF-AJ12_BV13-2-CASGDANGGYNYAEQFF-BJ2-1,2,1.0,1.584317700117472
AV7D-2-CAASGTGGYKVVF-AJ12_BV13-2-CASGDANGGYNYAEQFF-BJ2-1,2,2.0,1.1162992893036832
AV7D-2-CAASGTGGYKVVF-AJ12_BV13-2-CASGDANGGYNYAEQFF-BJ2-1,2,5.0,0.8422540540333342
AV7D-2-CAASNMLSGSFNKLTF-AJ4_BV30-CSSGNRGLEQYF-BJ2-7,2,0.0,2.903677461028802
AV7D-2-CAASNMLSGSFNKLTF-AJ4_BV30-CSSGNRGLEQYF-BJ2-7,2,1.0,1.2942923420858463
AV7D-2-CAASNMLSGSFNKLTF-AJ4_BV30-CSSGNRGLEQYF-BJ2-7,2,2.0,0.7334741610871012
AV7D-2-CAASNMLSGSFNKLTF-AJ4_BV30-CSSGNRGLEQYF-BJ2-7,2,5.0,0.4844371474968075
AV7D-2-CAASTGNTRKLIF-AJ37*p02_BV13-2-CASGDTLGDAEQFF-BJ2-1,6,0.0,2.9719505165357165
AV7D-2-CAASTGNTRKLIF-AJ37*p02_BV13-2-CASGDTLGDAEQFF-BJ2-1,6,1.0,1.3634635733329217
AV7D-2-CAASTGNTRKLIF-AJ37*p02_BV13-2-CASGDTLGDAEQFF-BJ2-1,6,2.0,0.7417567688284602
AV7D-2-CAASTGNTRKLIF-AJ37*p02_BV13-2-CASGDTLGDAEQFF-BJ2-1,6,5.0,0.4817834064944637
AV7D-3-CAGGADRLTF-AJ45_BV13-2-CASGRWGAYYAEQFF-BJ2-1,12,0.0,3.1954756034358827
AV7D-3-CAGGADRLTF-AJ45_BV13-2-CASGRWGAYYAEQFF-BJ2-1,12,1.0,0.7453981145903454
AV7D-3-CAGGADRLTF-AJ45_BV13-2-CASGRWGAYYAEQFF-BJ2-1,12,2.0,0.31873078036961705
AV7D-3-CAGGADRLTF-AJ45_BV13-2-CASGRWGAYYAEQFF-BJ2-1,12,5.0,0.20320878623189284
AV7D-3-CAVISSGSWQLIF-AJ22_BV13-1-CASSDVGASAETLYF-BJ2-3,2,0.0,2.953445297804259
AV7D-3-CAVISSGSWQLIF-AJ22_BV13-1-CASSDVGASAETLYF-BJ2-3,2,1.0,0.8844769819555871
AV7D-3-CAVISSGSWQLIF-AJ22_BV13-1-CASSDVGASAETLYF-BJ2-3,2,2.0,0.3938094600319473
AV7D-3-CAVISSGSWQLIF-AJ22_BV13-1-CASSDVGASAETLYF-BJ2-3,2,5.0,0.24995653008613528
AV7D-3-CAVLFTGGADRLTF-AJ45_BV13-2-CASGDRVDSDYTF-BJ1-2,18,0.0,3.2732028370357753
AV7D-3-CAVLFTGGADRLTF-AJ45_BV13-2-CASGDRVDSDYTF-BJ1-2,18,1.0,0.7172382035836657
AV7D-3-CAVLFTGGADRLTF-AJ45_BV13-2-CASGDRVDSDYTF-BJ1-2,18,2.0,0.2992485907033593
AV7D-3-CAVLFTGGADRLTF-AJ45_BV13-2-CASGDRVDSDYTF-BJ1-2,18,5.0,0.18978782555754817
AV7D-3-CAVSIGSNYQLIW-AJ33_BV4-CASSLDNQDTQYF-BJ2-5,3,0.0,2.645545979667524
AV7D-3-CAVSIGSNYQLIW-AJ33_BV4-CASSLDNQDTQYF-BJ2-5,3,1.0,0.91951609993329
AV7D-3-CAVSIGSNYQLIW-AJ33_BV4-CASSLDNQDTQYF-BJ2-5,3,2.0,0.4621175905194271
AV7D-3-CAVSIGSNYQLIW-AJ33_BV4-CASSLDNQDTQYF-BJ2-5,3,5.0,0.29706477607414467
AV7D-3-CAVSPDSGTYQRF-AJ13_BV13-1-CASSAGDSPLYF-BJ1-6,3,0.0,2.9182958340544896
AV7D-3-CAVSPDSGTYQRF-AJ13_BV13-1-CASSAGDSPLYF-BJ1-6,3,1.0,0.8465582431758593
AV7D-3-CAVSPDSGTYQRF-AJ13_BV13-1-CASSAGDSPLYF-BJ1-6,3,2.0,0.38727634485781454
AV7D-3-CAVSPDSGTYQRF-AJ13_BV13-1-CASSAGDSPLYF-BJ1-6,3,5.0,0.24743259190126443
AV7D-3-CAVSSDSNYQLIW-AJ33_BV1-CTCSAVREDDEQYF-BJ2-7,2,0.0,2.160964047443681
AV7D-3-CAVSSDSNYQLIW-AJ33_BV1-CTCSAVREDDEQYF-BJ2-7,2,1.0,1.2290240724134716
AV7D-3-CAVSSDSNYQLIW-AJ33_BV1-CTCSAVREDDEQYF-BJ2-7,2,2.0,0.7946593151648657
AV7D-3-CAVSSDSNYQLIW-AJ33_BV1-CTCSAVREDDEQYF-BJ2-7,2,5.0,0.5393090907830048
AV7D-4-CAASDNTNTGKLTF-AJ27_BV1-CTCSAVRVSGNTLYF-BJ1-3,2,0.0,2.403677461028802
AV7D-4-CAASDNTNTGKLTF-AJ27_BV1-CTCSAVRVSGNTLYF-BJ1-3,2,1.0,0.9391860436539925
AV7D-4-CAASDNTNTGKLTF-AJ27_BV1-CTCSAVRVSGNTLYF-BJ1-3,2,2.0,0.48363858684954186
AV7D-4-CAASDNTNTGKLTF-AJ27_BV1-CTCSAVRVSGNTLYF-BJ1-3,2,5.0,0.31158079057892457
AV7D-4-CAASDNTNTGKLTF-AJ27_BV29-CASSLGLGDYAEQFF-BJ2-1,6,0.0,2.936856018879107
AV7D-4-CAASDNTNTGKLTF-AJ27_BV29-CASSLGLGDYAEQFF-BJ2-1,6,1.0,1.0410191896213647
AV7D-4-CAASDNTNTGKLTF-AJ27_BV29-CASSLGLGDYAEQFF-BJ2-1,6,2.0,0.5204959173501356
AV7D-4-CAASDNTNTGKLTF-AJ27_BV29-CASSLGLGDYAEQFF-BJ2-1,6,5.0,0.3360049822485924
AV7D-4-CAASEFTGANTGKLTF-AJ52_BV1-CTCSAGGDYAEQFF-BJ2-1,2,0.0,2.160964047443681
AV7D-4-CAASEFTGANTGKLTF-AJ52_BV1-CTCSAGGDYAEQFF-BJ2-1,2,1.0,1.239860208281368
AV7D-4-CAASEFTGANTGKLTF-AJ52_BV1-CTCSAGGDYAEQFF-BJ2-1,2,2.0,0.7621693077643528
AV7D-4-CAASEFTGANTGKLTF-AJ52_BV1-CTCSAGGDYAEQFF-BJ2-1,2,5.0,0.5042037916097266
AV7D-4-CAASTGYQNFYF-AJ49_BV13-3-CASSRDRVNSPLYF-BJ1-6,7,0.0,2.9785178581730802
AV7D-4-CAASTGYQNFYF-AJ49_BV13-3-CASSRDRVNSPLYF-BJ1-6,7,1.0,1.5330581374600227
AV7D-4-CAASTGYQNFYF-AJ49_BV13-3-CASSRDRVNSPLYF-BJ1-6,7,2.0,0.9528067630697538
AV7D-4-CAASTGYQNFYF-AJ49_BV13-3-CASSRDRVNSPLYF-BJ1-6,7,5.0,0.6720675887451806
AV7D-5-CAVAYQGGRALIF-AJ15_BV13-1-CASSDVGTISNERLFF-BJ1-4,12,0.0,2.877933431837201
AV7D-5-CAVAYQGGRALIF-AJ15_BV13-1-CASSDVGTISNERLFF-BJ1-4,12,1.0,1.5134836823331643
AV7D-5-CAVAYQGGRALIF-AJ15_BV13-1-CASSDVGTISNERLFF-BJ1-4,12,2.0,1.0312686959760466
AV7D-5-CAVAYQGGRALIF-AJ15_BV13-1-CASSDVGTISNERLFF-BJ1-4,12,5.0,0.74208686829783
AV7D-5-CAVSRFNYAQGLTF-AJ26_BV5-CASSQDAYSGNTLYF-BJ1-3,5,0.0,2.5258713240159216
AV7D-5-CAVSRFNYAQGLTF-AJ26_BV5-CASSQDAYSGNTLYF-BJ1-3,5,1.0,0.8661660549036991
AV7D-5-CAVSRFNYAQGLTF-AJ26_BV5-CASSQDAYSGNTLYF-BJ1-3,5,2.0,0.44017060888399173
AV7D-5-CAVSRFNYAQGLTF-AJ26_BV5-CASSQDAYSGNTLYF-BJ1-3,5,5.0,0.2855982422602006
AV7D-6-CAASFASSGSWQLIF-AJ22_BV29-CASSLSLGGGAEQFF-BJ2-1,4,0.0,2.94615871138938
AV7D-6-CAASFASSGSWQLIF-AJ22_BV29-CASSLSLGGGAEQFF-BJ2-1,4,1.0,2.2744496168263533
AV7D-6-CAASFASSGSWQLIF-AJ22_BV29-CASSLSLGGGAEQFF-BJ2-1,4,2.0,1.9211822489624533
AV7D-6-CAASFASSGSWQLIF-AJ22_BV29-CASSLSLGGGAEQFF-BJ2-1,4,5.0,1.6786921726391855
AV8-1-CATDADSGYNKLTF-AJ11*p02_BV13-2-CASGDVNSPLYF-BJ1-6,4,0.0,3.1333932703474505
AV8-1-CATDADSGYNKLTF-AJ11*p02_BV13-2-CASGDVNSPLYF-BJ1-6,4,1.0,1.556657966081733
AV8-1-CATDADSGYNKLTF-AJ11*p02_BV13-2-CASGDVNSPLYF-BJ1-6,4,2.0,1.2548209594474566
AV8-1-CATDADSGYNKLTF-AJ11*p02_BV13-2-CASGDVNSPLYF-BJ1-6,4,5.0,1.1531416349580024
AV8-1-CATDAGFASALTF-AJ35_BV3-CASSLSGGADTGQLYF-BJ2-2,4,0.0,3.1471786588955655
AV8-1-CATDAGFASALTF-AJ35_BV3-CASSLSGGADTGQLYF-BJ2-2,4,1.0,1.8420006460012608
AV8-1-CATDAGFASALTF-AJ35_BV3-CASSLSGGADTGQLYF-BJ2-2,4,2.0,1.2461887534998624
AV8-1-CATDAGFASALTF-AJ35_BV3-CASSLSGGADTGQLYF-BJ2-2,4,5.0,0.9090149148186581
AV8-1-CATDASSGSWQLIF-AJ22_BV4-CASSSNERLFF-BJ1-4,3,0.0,2.9924266411666385
AV8-1-CATDASSGSWQLIF-AJ22_BV4-CASSSNERLFF-BJ1-4,3,1.0,1.503802816037916
AV8-1-CATDASSGSWQLIF-AJ22_BV4-CASSSNERLFF-BJ1-4,3,2.0,1.1346142749809551
AV8-1-CATDASSGSWQLIF-AJ22_BV4-CASSSNERLFF-BJ1-4,3,5.0,0.904902981605297
AV8-1-CATDENAGAKLTF-AJ39_BV3-CASSPDWGSSYEQYF-BJ2-7,2,0.0,2.453445297804259
AV8-1-CATDENAGAKLTF-AJ39_BV3-CASSPDWGSSYEQYF-BJ2-7,2,1.0,0.4579933604101756
AV8-1-CATDENAGAKLTF-AJ39_BV3-CASSPDWGSSYEQYF-BJ2-7,2,2.0,0.18390327532823053
AV8-1-CATDENAGAKLTF-AJ39_BV3-CASSPDWGSSYEQYF-BJ2-7,2,5.0,0.1161774730325742
AV8-1-CATDNNAGAKLTF-AJ39_BV14-CASSSRQEQYF-BJ2-7,2,0.0,2.903677461028802
AV8-1-CATDNNAGAKLTF-AJ39_BV14-CASSSRQEQYF-BJ2-7,2,1.0,1.5158057546434471
AV8-1-CATDNNAGAKLTF-AJ39_BV14-CASSSRQEQYF-BJ2-7,2,2.0,0.9271157902510516
AV8-1-CATDNNAGAKLTF-AJ39_BV14-CASSSRQEQYF-BJ2-7,2,5.0,0.6184410704235953
AV8-1-CATDQDTGYQNFYF-AJ49_BV3-CASSLGPGYEQYF-BJ2-7,2,0.0,3.084962500721156
AV8-1-CATDQDTGYQNFYF-AJ49_BV3-CASSLGPGYEQYF-BJ2-7,2,1.0,1.9547836875262359
AV8-1-CATDQDTGYQNFYF-AJ49_BV3-CASSLGPGYEQYF-BJ2-7,2,2.0,1.4134930733985533
AV8-1-CATDQDTGYQNFYF-AJ49_BV3-CASSLGPGYEQYF-BJ2-7,2,5.0,1.086299174951608
AV8-1-CATDSAGNKLTF-AJ17*p02_BV13-2-CASGDWGTLEQYF-BJ2-7,4,0.0,3.025821952103005
AV8-1-CATDSAGNKLTF-AJ17*p02_BV13-2-CASGDWGTLEQYF-BJ2-7,4,1.0,1.2127999533640845
AV8-1-CATDSAGNKLTF-AJ17*p02_BV13-2-CASGDWGTLEQYF-BJ2-7,4,2.0,0.6414935668924006
AV8-1-CATDSAGNKLTF-AJ17*p02_BV13-2-CASGDWGTLEQYF-BJ2-7,4,5.0,0.4173386273597296
AV8-2-CATDATRMDYANKMIF-AJ47_BV3-CASSLARDYEQYF-BJ2-7,5,0.0,2.867970000576925
AV8-2-CATDATRMDYANKMIF-AJ47_BV3-CASSLARDYEQYF-BJ2-7,5,1.0,1.166705586741518
AV8-2-CATDATRMDYANKMIF-AJ47_BV3-CASSLARDYEQYF-BJ2-7,5,2.0,0.6404616725484156
AV8-2-CATDATRMDYANKMIF-AJ47_BV3-CASSLARDYEQYF-BJ2-7,5,5.0,0.42172774620267567
AV8-2-CATDGNNNAPRF-AJ43*p03_BV13-1-CASSDAEGTQYF-BJ2-5,2,0.0,2.988639961749958
AV8-2-CATDGNNNAPRF-AJ43*p03_BV13-1-CASSDAEGTQYF-BJ2-5,2,1.0,2.263435453293363
AV8-2-CATDGNNNAPRF-AJ43*p03_BV13-1-CASSDAEGTQYF-BJ2-5,2,2.0,1.9820421289489358
AV8-2-CATDGNNNAPRF-AJ43*p03_BV13-1-CASSDAEGTQYF-BJ2-5,2,5.0,1.7046806260295995
AV8-2-CATDGNNNAPRF-AJ43*p03_BV13-1-CASSDGDHTLYF-BJ2-4,3,0.0,2.8872593659239953
AV8-2-CATDGNNNAPRF-AJ43*p03_BV13-1-CASSDGDHTLYF-BJ2-4,3,1.0,1.908891593978913
AV8-2-CATDGNNNAPRF-AJ43*p03_BV13-1-CASSDGDHTLYF-BJ2-4,3,2.0,1.5221554284697358
AV8-2-CATDGNNNAPRF-AJ43*p03_BV13-1-CASSDGDHTLYF-BJ2-4,3,5.0,1.2214384444232824
AV8-2-CATDNTGGADRLTF-AJ45_BV13-2-CASGDGGAGEQYF-BJ2-7,2,0.0,2.292481250360578
AV8-2-CATDNTGGADRLTF-AJ45_BV13-2-CASGDGGAGEQYF-BJ2-7,2,1.0,0.6897349200617916
AV8-2-CATDNTGGADRLTF-AJ45_BV13-2-CASGDGGAGEQYF-BJ2-7,2,2.0,0.3572135898490096
AV8-2-CATDNTGGADRLTF-AJ45_BV13-2-CASGDGGAGEQYF-BJ2-7,2,5.0,0.2328696978185383
AV8-2-CATDTGTGSNRLTF-AJ28_BV1-CTCSALDWGQDTQYF-BJ2-5,2,0.0,3.245926548164837
AV8-2-CATDTGTGSNRLTF-AJ28_BV1-CTCSALDWGQDTQYF-BJ2-5,2,1.0,0.505157486114667
AV8-2-CATDTGTGSNRLTF-AJ28_BV1-CTCSALDWGQDTQYF-BJ2-5,2,2.0,0.18030157734532548
AV8-2-CATDTGTGSNRLTF-AJ28_BV1-CTCSALDWGQDTQYF-BJ2-5,2,5.0,0.11327272937860562
AV8-2-CATDYQGGRALIF-AJ15_BV13-3-CASTTGPSYEQYF-BJ2-7,2,0.0,2.821928094887362
AV8-2-CATDYQGGRALIF-AJ15_BV13-3-CASTTGPSYEQYF-BJ2-7,2,1.0,0.7749987176946145
AV8-2-CATDYQGGRALIF-AJ15_BV13-3-CASTTGPSYEQYF-BJ2-7,2,2.0,0.3486164590440054
AV8-2-CATDYQGGRALIF-AJ15_BV13-3-CASTTGPSYEQYF-BJ2-7,2,5.0,0.2217823840981888
AV8-2-CATGGSNAKLTF-AJ42_BV13-1-CASSGGNYAEQFF-BJ2-1,3,0.0,3.209785540026536
AV8-2-CATGGSNAKLTF-AJ42_BV13-1-CASSGGNYAEQFF-BJ2-1,3,1.0,2.404038748642078
AV8-2-CATGGSNAKLTF-AJ42_BV13-1-CASSGGNYAEQFF-BJ2-1,3,2.0,1.8905563334406057
AV8-2-CATGGSNAKLTF-AJ42_BV13-1-CASSGGNYAEQFF-BJ2-1,3,5.0,1.4756150093769627
AV8D-2-CATAVGDNSKLIW-AJ38_BV13-1-CASSDARVAEQFF-BJ2-1,2,0.0,2.5221970596792267
AV8D-2-CATAVGDNSKLIW-AJ38_BV13-1-CASSDARVAEQFF-BJ2-1,2,1.0,0.9156110951171819
AV8D-2-CATAVGDNSKLIW-AJ38_BV13-1-CASSDARVAEQFF-BJ2-1,2,2.0,0.43277207808394214
AV8D-2-CATAVGDNSKLIW-AJ38_BV13-1-CASSDARVAEQFF-BJ2-1,2,5.0,0.27560096774380166
AV8D-2-CATDEGGGRALIF-AJ15_BV1-CTCSPGQSNERLFF-BJ1-4,7,0.0,3.151121093630265
AV8D-2-CATDEGGGRALIF-AJ15_BV1-CTCSPGQSNERLFF-BJ1-4,7,1.0,0.6140953565609031
AV8D-2-CATDEGGGRALIF-AJ15_BV1-CTCSPGQSNERLFF-BJ1-4,7,2.0,0.23938613285807908
AV8D-2-CATDEGGGRALIF-AJ15_BV1-CTCSPGQSNERLFF-BJ1-4,7,5.0,0.15096218656599816
AV8D-2-CATEANSGTYQRF-AJ13_BV3-CASSPPGGGDTQYF-BJ2-5,14,0.0,2.9858028227669635
AV8D-2-CATEANSGTYQRF-AJ13_BV3-CASSPPGGGDTQYF-BJ2-5,14,1.0,0.8269940207045093
AV8D-2-CATEANSGTYQRF-AJ13_BV3-CASSPPGGGDTQYF-BJ2-5,14,2.0,0.4101601379238722
AV8D-2-CATEANSGTYQRF-AJ13_BV3-CASSPPGGGDTQYF-BJ2-5,14,5.0,0.26715169383103243
AV8D-2-CATEGGSALGRLHF-AJ18_BV20-CGARGQAAEVFF-BJ1-1,3,0.0,2.7664026727957594
AV8D-2-CATEGGSALGRLHF-AJ18_BV20-CGARGQAAEVFF-BJ1-1,3,1.0,1.8633907698563323
AV8D-2-CATEGGSALGRLHF-AJ18_BV20-CGARGQAAEVFF-BJ1-1,3,2.0,1.323968766922398
AV8D-2-CATEGGSALGRLHF-AJ18_BV20-CGARGQAAEVFF-BJ1-1,3,5.0,0.9152441042076912
AV8D-2-CATEGNTGGADRLTF-AJ45_BV3-CASSLRDISYEQYF-BJ2-7,2,0.0,2.903677461028802
AV8D-2-CATEGNTGGADRLTF-AJ45_BV3-CASSLRDISYEQYF-BJ2-7,2,1.0,1.1314294301904313
AV8D-2-CATEGNTGGADRLTF-AJ45_BV3-CASSLRDISYEQYF-BJ2-7,2,2.0,0.7295310038939369
AV8D-2-CATEGNTGGADRLTF-AJ45_BV3-CASSLRDISYEQYF-BJ2-7,2,5.0,0.5139249361369066
AV8D-2-CATSSSGQKLVF-AJ16*p02_BV29-CASRPGLGSETLYF-BJ2-3,3,0.0,3.260453237841553
AV8D-2-CATSSSGQKLVF-AJ16*p02_BV29-CASRPGLGSETLYF-BJ2-3,3,1.0,2.638081000518685
AV8D-2-CATSSSGQKLVF-AJ16*p02_BV29-CASRPGLGSETLYF-BJ2-3,3,2.0,2.212397665282705
AV8D-2-CATSSSGQKLVF-AJ16*p02_BV29-CASRPGLGSETLYF-BJ2-3,3,5.0,1.7453854971943386
AV9-1-CAVRDRGSALGRLHF-AJ18_BV13-2-CASGDWGGNTGQLYF-BJ2-2,4,0.0,3.3183032024635835
AV9-1-CAVRDRGSALGRLHF-AJ18_BV13-2-CASGDWGGNTGQLYF-BJ2-2,4,1.0,1.0819340683118708
AV9-1-CAVRDRGSALGRLHF-AJ18_BV13-2-CASGDWGGNTGQLYF-BJ2-2,4,2.0,0.5041197680680876
AV9-1-CAVRDRGSALGRLHF-AJ18_BV13-2-CASGDWGGNTGQLYF-BJ2-2,4,5.0,0.32142890133451896
AV9-2-CAARDTGGADRLTF-AJ45_BV13-1-CASSDDGGNTLYF-BJ2-4,5,0.0,2.328771237954945
AV9-2-CAARDTGGADRLTF-AJ45_BV13-1-CASSDDGGNTLYF-BJ2-4,5,1.0,0.49899628314679656
AV9-2-CAARDTGGADRLTF-AJ45_BV13-1-CASSDDGGNTLYF-BJ2-4,5,2.0,0.21458551604899628
AV9-2-CAARDTGGADRLTF-AJ45_BV13-1-CASSDDGGNTLYF-BJ2-4,5,5.0,0.13636324658775822
AV9-2-CAASMDTGNYKYVF-AJ40_BV12-2-CASSGQDTQYF-BJ2-5,14,0.0,3.0686012203818427
AV9-2-CAASMDTGNYKYVF-AJ40_BV12-2-CASSGQDTQYF-BJ2-5,14,1.0,1.0235042780672832
AV9-2-CAASMDTGNYKYVF-AJ40_BV12-2-CASSGQDTQYF-BJ2-5,14,2.0,0.5529787334340152
AV9-2-CAASMDTGNYKYVF-AJ40_BV12-2-CASSGQDTQYF-BJ2-5,14,5.0,0.3707702463306814
AV9-2-CAASMDYANKMIF-AJ47_BV3-CASSFGTGYEQYF-BJ2-7,4,0.0,3.1815545398330496
AV9-2-CAASMDYANKMIF-AJ47_BV3-CASSFGTGYEQYF-BJ2-7,4,1.0,1.499098049634539
AV9-2-CAASMDYANKMIF-AJ47_BV3-CASSFGTGYEQYF-BJ2-7,4,2.0,0.9236255853682938
AV9-2-CAASMDYANKMIF-AJ47_BV3-CASSFGTGYEQYF-BJ2-7,4,5.0,0.6406105971303229
AV9-2-CAASMDYANKMIF-AJ47_BV3-CASSLGTGYEQYF-BJ2-7,2,0.0,1.792481250360578
AV9-2-CAASMDYANKMIF-AJ47_BV3-CASSLGTGYEQYF-BJ2-7,2,1.0,0.4091698299310757
AV9-2-CAASMDYANKMIF-AJ47_BV3-CASSLGTGYEQYF-BJ2-7,2,2.0,0.17847761882769672
AV9-2-CAASMDYANKMIF-AJ47_BV3-CASSLGTGYEQYF-BJ2-7,2,5.0,0.11324552192302995
AV9-2-CAAVPQGGRALIF-AJ15_BV3-CASSPGENYEQYF-BJ2-7,4,0.0,2.9629372603540145
AV9-2-CAAVPQGGRALIF-AJ15_BV3-CASSPGENYEQYF-BJ2-7,4,1.0,1.5351638034648616
AV9-2-CAAVPQGGRALIF-AJ15_BV3-CASSPGENYEQYF-BJ2-7,4,2.0,1.0189871450765688
AV9-2-CAAVPQGGRALIF-AJ15_BV3-CASSPGENYEQYF-BJ2-7,4,5.0,0.7218605051159301
AV9-3-CAVKDTGYQNFYF-AJ49_BV1-CTCSADRFYEQYF-BJ2-7,3,0.0,3.163951032109891
AV9-3-CAVKDTGYQNFYF-AJ49_BV1-CTCSADRFYEQYF-BJ2-7,3,1.0,2.3910872026529986
AV9-3-CAVKDTGYQNFYF-AJ49_BV1-CTCSADRFYEQYF-BJ2-7,3,2.0,1.8896315327025703
AV9-3-CAVKDTGYQNFYF-AJ49_BV1-CTCSADRFYEQYF-BJ2-7,3,5.0,1.4226064191662005
AV9-3-CAVRMGDTGGADRLTF-AJ45_BV3-CASSLDFSSYEQYF-BJ2-7,2,0.0,2.564641508472483
AV9-3-CAVRMGDTGGADRLTF-AJ45_BV3-CASSLDFSSYEQYF-BJ2-7,2,1.0,1.399470679949126
AV9-3-CAVRMGDTGGADRLTF-AJ45_BV3-CASSLDFSSYEQYF-BJ2-7,2,2.0,0.8544728103746873
AV9-3-CAVRMGDTGGADRLTF-AJ45_BV3-CASSLDFSSYEQYF-BJ2-7,2,5.0,0.568571264496098
AV9-3-CAVSMDYANKMIF-AJ47_BV3-CASSFGPQGYEQYF-BJ2-7,4,0.0,3.036801231235557
AV9-3-CAVSMDYANKMIF-AJ47_BV3-CASSFGPQGYEQYF-BJ2-7,4,1.0,0.9933445004096504
AV9-3-CAVSMDYANKMIF-AJ47_BV3-CASSFGPQGYEQYF-BJ2-7,4,2.0,0.4917923729206427
AV9-3-CAVSMDYANKMIF-AJ47_BV3-CASSFGPQGYEQYF-BJ2-7,4,5.0,0.3172167436055795
AV9-3-CAVSMDYANKMIF-AJ47_BV3-CASSTGTGYEQYF-BJ2-7,2,0.0,3.39067985676233
AV9-3-CAVSMDYANKMIF-AJ47_BV3-CASSTGTGYEQYF-BJ2-7,2,1.0,0.49444881893469306
AV9-3-CAVSMDYANKMIF-AJ47_BV3-CASSTGTGYEQYF-BJ2-7,2,2.0,0.17383963148974457
AV9-3-CAVSMDYANKMIF-AJ47_BV3-CASSTGTGYEQYF-BJ2-7,2,5.0,0.109202642260817
AV9-3-CAVSMPNYNVLYF-AJ21*p03_BV13-3-CASSDPGAPSQNTLYF-BJ2-4,2,0.0,2.792481250360578
AV9-3-CAVSMPNYNVLYF-AJ21*p03_BV13-3-CASSDPGAPSQNTLYF-BJ2-4,2,1.0,1.0172722399009246
AV9-3-CAVSMPNYNVLYF-AJ21*p03_BV13-3-CASSDPGAPSQNTLYF-BJ2-4,2,2.0,0.49387814255832185
AV9-3-CAVSMPNYNVLYF-AJ21*p03_BV13-3-CASSDPGAPSQNTLYF-BJ2-4,2,5.0,0.31598267117435175
AV9-3-CAVSMTGANTGKLTF-AJ52_BV30-CSSRLGYEQYF-BJ2-7,2,0.0,2.403677461028802
AV9-3-CAVSMTGANTGKLTF-AJ52_BV30-CSSRLGYEQYF-BJ2-7,2,1.0,1.3924746595522839
AV9-3-CAVSMTGANTGKLTF-AJ52_BV30-CSSRLGYEQYF-BJ2-7,2,2.0,0.913405788332161
AV9-3-CAVSMTGANTGKLTF-AJ52_BV30-CSSRLGYEQYF-BJ2-7,2,5.0,0.6183315342655727
AV9-4-CAVFDYGNEKITF-AJ48_BV13-1-CASSGTGGDTEVFF-BJ1-1,3,0.0,2.7332241149454553
AV9-4-CAVFDYGNEKITF-AJ48_BV13-1-CASSGTGGDTEVFF-BJ1-1,3,1.0,1.2125603070209958
AV9-4-CAVFDYGNEKITF-AJ48_BV13-1-CASSGTGGDTEVFF-BJ1-1,3,2.0,0.6703954956323099
AV9-4-CAVFDYGNEKITF-AJ48_BV13-1-CASSGTGGDTEVFF-BJ1-1,3,5.0,0.43830597803591037
AV9-4-CAVSMDYANKMIF-AJ47_BV3-CASSLVTPYEQYF-BJ2-7,2,0.0,2.792481250360578
AV9-4-CAVSMDYANKMIF-AJ47_BV3-CASSLVTPYEQYF-BJ2-7,2,1.0,1.144216038325975
AV9-4-CAVSMDYANKMIF-AJ47_BV3-CASSLVTPYEQYF-BJ2-7,2,2.0,0.5914325456784632
AV9-4-CAVSMDYANKMIF-AJ47_BV3-CASSLVTPYEQYF-BJ2-7,2,5.0,0.38137620806638617
AV9-4-CAVSMDYANKMIF-AJ47_BV3-CASSTGTGYEQYF-BJ2-7,11,0.0,3.0398490584358018
AV9-4-CAVSMDYANKMIF-AJ47_BV3-CASSTGTGYEQYF-BJ2-7,11,1.0,0.7924851873021882
AV9-4-CAVSMDYANKMIF-AJ47_BV3-CASSTGTGYEQYF-BJ2-7,11,2.0,0.35938852711702896
AV9-4-CAVSMDYANKMIF-AJ47_BV3-CASSTGTGYEQYF-BJ2-7,11,5.0,0.23032211216598955
AV9-4-CAVSSNSAGNKLTF-AJ17*p02_BV31-CAWSLGQGAEVFF-BJ1-1,6,0.0,2.752254523198007
AV9-4-CAVSSNSAGNKLTF-AJ17*p02_BV31-CAWSLGQGAEVFF-BJ1-1,6,1.0,0.9196327122452592
AV9-4-CAVSSNSAGNKLTF-AJ17*p02_BV31-CAWSLGQGAEVFF-BJ1-1,6,2.0,0.5380965699322499
AV9-4-CAVSSNSAGNKLTF-AJ17*p02_BV31-CAWSLGQGAEVFF-BJ1-1,6,5.0,0.399723568400648
AV9-4-CAVSTDNNNRIFF-AJ31_BV3-CASSLTLYAEQFF-BJ2-1,3,0.0,2.9924266411666385
AV9-4-CAVSTDNNNRIFF-AJ31_BV3-CASSLTLYAEQFF-BJ2-1,3,1.0,0.8310271594606533
AV9-4-CAVSTDNNNRIFF-AJ31_BV3-CASSLTLYAEQFF-BJ2-1,3,2.0,0.36289058893921505
AV9-4-CAVSTDNNNRIFF-AJ31_BV3-CASSLTLYAEQFF-BJ2-1,3,5.0,0.2300325854490676
AV9D-1-CAASMRGGADRLTF-AJ45_BV19-CASSITANTEVFF-BJ1-1,2,0.0,2.584962500721156
AV9D-1-CAASMRGGADRLTF-AJ45_BV19-CASSITANTEVFF-BJ1-1,2,1.0,1.6594262650000837
AV9D-1-CAASMRGGADRLTF-AJ45_BV19-CASSITANTEVFF-BJ1-1,2,2.0,1.1163779944235321
AV9D-1-CAASMRGGADRLTF-AJ45_BV19-CASSITANTEVFF-BJ1-1,2,5.0,0.7582660273304327
AV9D-2-CAVMVIF-AJ30_BV13-2-CASGEQVYEQYF-BJ2-7,2,0.0,3.133393270347451
AV9D-2-CAVMVIF-AJ30_BV13-2-CASGEQVYEQYF-BJ2-7,2,1.0,1.1952965117364993
AV9D-2-CAVMVIF-AJ30_BV13-2-CASGEQVYEQYF-BJ2-7,2,2.0,0.7030617444237585
AV9D-2-CAVMVIF-AJ30_BV13-2-CASGEQVYEQYF-BJ2-7,2,5.0,0.47281342220192024
AV9D-4-CALREQGTGSKLSF-AJ58_BV1-CTCSAARYYEQYF-BJ2-7,2,0.0,2.660964047443681
AV9D-4-CALREQGTGSKLSF-AJ58_BV1-CTCSAARYYEQYF-BJ2-7,2,1.0,0.7460728812309745
AV9D-4-CALREQGTGSKLSF-AJ58_BV1-CTCSAARYYEQYF-BJ2-7,2,2.0,0.34705891438427083
AV9D-4-CALREQGTGSKLSF-AJ58_BV1-CTCSAARYYEQYF-BJ2-7,2,5.0,0.22197826592265602
