clonotype,clonotype_rank,coherence,cell_rank_by_total,total_dex_count,ATLVFHNL,HIYEFPQL,INFDFPKL,RAYLFNSV,RTYTYEKL,SNYLFTKL,SSYTFPKM,SVYVYKVL,VAFDFTKV,VGPRYTNL,VIVRFLTV,VSFTYRYL,SYFPEITHI
AV6-6-CALGDWTGGYKVVF-AJ12_BV14-CASSQDSSAETLYF-BJ2-3,1,0.9997598533792516,1,66.0,0.0,0.0,0.0,0.030303030303030304,0.015151515151515152,0.0,0.0,0.0,0.0,0.0,0.015151515151515152,0.9393939393939394,0.0
AV6-6-CALGDWTGGYKVVF-AJ12_BV14-CASSQDSSAETLYF-BJ2-3,1,0.9997598533792516,2,252.0,0.007936507936507936,0.007936507936507936,0.0,0.0,0.003968253968253968,0.011904761904761904,0.003968253968253968,0.007936507936507936,0.0,0.007936507936507936,0.003968253968253968,0.9444444444444444,0.0
AV6-6-CALGDWTGGYKVVF-AJ12_BV14-CASSQDSSAETLYF-BJ2-3,1,0.9997598533792516,3,415.0,0.00963855421686747,0.007228915662650603,0.0024096385542168677,0.012048192771084338,0.007228915662650603,0.004819277108433735,0.0,0.0,0.007228915662650603,0.007228915662650603,0.007228915662650603,0.9349397590361446,0.0
AV6-6-CALGDWTGGYKVVF-AJ12_BV14-CASSQDSSAETLYF-BJ2-3,1,0.9997598533792516,4,439.0,0.009111617312072893,0.002277904328018223,0.0,0.015945330296127564,0.02050113895216401,0.002277904328018223,0.004555808656036446,0.004555808656036446,0.0,0.01366742596810934,0.009111617312072893,0.9179954441913439,0.0
AV6-6-CALGDWTGGYKVVF-AJ12_BV14-CASSQDSSAETLYF-BJ2-3,1,0.9997598533792516,5,492.0,0.0020325203252032522,0.01016260162601626,0.0020325203252032522,0.008130081300813009,0.008130081300813009,0.0,0.0,0.0040650406504065045,0.0,0.0,0.014227642276422764,0.9512195121951219,0.0
AV6-6-CALGDWTGGYKVVF-AJ12_BV14-CASSQDSSAETLYF-BJ2-3,1,0.9997598533792516,6,506.0,0.007905138339920948,0.0,0.003952569169960474,0.003952569169960474,0.005928853754940711,0.005928853754940711,0.003952569169960474,0.005928853754940711,0.007905138339920948,0.009881422924901186,0.019762845849802372,0.924901185770751,0.0
AV6-6-CALGDWTGGYKVVF-AJ12_BV14-CASSQDSSAETLYF-BJ2-3,1,0.9997598533792516,7,605.0,0.003305785123966942,0.001652892561983471,0.001652892561983471,0.024793388429752067,0.003305785123966942,0.0049586776859504135,0.001652892561983471,0.003305785123966942,0.0,0.008264462809917356,0.008264462809917356,0.9388429752066115,0.0
AV6-6-CALGDWTGGYKVVF-AJ12_BV14-CASSQDSSAETLYF-BJ2-3,1,0.9997598533792516,8,607.0,0.0032948929159802307,0.0016474464579901153,0.0016474464579901153,0.018121911037891267,0.014827018121911038,0.0032948929159802307,0.0016474464579901153,0.0,0.0032948929159802307,0.006589785831960461,0.016474464579901153,0.929159802306425,0.0
AV6-6-CALGDWTGGYKVVF-AJ12_BV14-CASSQDSSAETLYF-BJ2-3,1,0.9997598533792516,9,705.0,0.0028368794326241137,0.0,0.0028368794326241137,0.014184397163120567,0.0014184397163120568,0.00425531914893617,0.00425531914893617,0.00425531914893617,0.0,0.0070921985815602835,0.00851063829787234,0.950354609929078,0.0
AV6-6-CALGDWTGGYKVVF-AJ12_BV14-CASSQDSSAETLYF-BJ2-3,1,0.9997598533792516,10,1025.0,0.003902439024390244,0.0,0.001951219512195122,0.012682926829268294,0.016585365853658537,0.003902439024390244,0.000975609756097561,0.006829268292682927,0.002926829268292683,0.004878048780487805,0.006829268292682927,0.9385365853658536,0.0
AV6-6-CALGDWTGGYKVVF-AJ12_BV14-CASSQDSSAETLYF-BJ2-3,1,0.9997598533792516,11,1089.0,0.008264462809917356,0.0009182736455463728,0.0009182736455463728,0.0073461891643709825,0.004591368227731864,0.004591368227731864,0.0009182736455463728,0.0018365472910927456,0.0018365472910927456,0.006427915518824609,0.008264462809917356,0.9540863177226814,0.0
AV6-6-CALGDWTGGYKVVF-AJ12_BV14-CASSQDSSAETLYF-BJ2-3,1,0.9997598533792516,12,1092.0,0.007326007326007326,0.0009157509157509158,0.0,0.016483516483516484,0.003663003663003663,0.008241758241758242,0.0027472527472527475,0.007326007326007326,0.0,0.01098901098901099,0.0173992673992674,0.924908424908425,0.0
AV16D/DV11-CAMREGDAYKVIF-AJ30_BV13-2-CASGDRNTEVFF-BJ1-1,2,0.999521092334606,1,5.0,0.0,0.0,0.0,0.0,1.0,0.0,0.0,0.0,0.0,0.0,0.0,0.0,0.0
AV16D/DV11-CAMREGDAYKVIF-AJ30_BV13-2-CASGDRNTEVFF-BJ1-1,2,0.999521092334606,2,83.0,0.0,0.0,0.012048192771084338,0.024096385542168676,0.9156626506024096,0.0,0.0,0.024096385542168676,0.0,0.012048192771084338,0.0,0.012048192771084338,0.0
AV16D/DV11-CAMREGDAYKVIF-AJ30_BV13-2-CASGDRNTEVFF-BJ1-1,2,0.999521092334606,3,103.0,0.0,0.009708737864077669,0.0,0.0,0.912621359223301,0.02912621359223301,0.0,0.009708737864077669,0.0,0.02912621359223301,0.0,0.009708737864077669,0.0
AV16D/DV11-CAMREGDAYKVIF-AJ30_BV13-2-CASGDRNTEVFF-BJ1-1,2,0.999521092334606,4,220.0,0.004545454545454545,0.004545454545454545,0.0,0.0,0.9318181818181818,0.004545454545454545,0.00909090909090909,0.00909090909090909,0.0,0.004545454545454545,0.02727272727272727,0.004545454545454545,0.0
AV16D/DV11-CAMREGDAYKVIF-AJ30_BV13-2-CASGDRNTEVFF-BJ1-1,2,0.999521092334606,5,313.0,0.0,0.0,0.003194888178913738,0.009584664536741214,0.9137380191693291,0.009584664536741214,0.009584664536741214,0.003194888178913738,0.006389776357827476,0.009584664536741214,0.022364217252396165,0.012779552715654952,0.0
AV16D/DV11-CAMREGDAYKVIF-AJ30_BV13-2-CASGDRNTEVFF-BJ1-1,2,0.999521092334606,6,313.0,0.006389776357827476,0.006389776357827476,0.009584664536741214,0.006389776357827476,0.9424920127795527,0.006389776357827476,0.003194888178913738,0.0,0.0,0.003194888178913738,0.012779552715654952,0.003194888178913738,0.0
AV16D/DV11-CAMREGDAYKVIF-AJ30_BV13-2-CASGDRNTEVFF-BJ1-1,2,0.999521092334606,7,323.0,0.0030959752321981426,0.0,0.0,0.0,0.9628482972136223,0.009287925696594427,0.006191950464396285,0.006191950464396285,0.0,0.0030959752321981426,0.006191950464396285,0.0030959752321981426,0.0
AV16D/DV11-CAMREGDAYKVIF-AJ30_BV13-2-CASGDRNTEVFF-BJ1-1,2,0.999521092334606,8,407.0,0.002457002457002457,0.002457002457002457,0.002457002457002457,0.004914004914004914,0.9557739557739557,0.012285012285012284,0.0,0.004914004914004914,0.0,0.0,0.012285012285012284,0.002457002457002457,0.0
AV16D/DV11-CAMREGDAYKVIF-AJ30_BV13-2-CASGDRNTEVFF-BJ1-1,2,0.999521092334606,9,427.0,0.0,0.01873536299765808,0.0,0.00702576112412178,0.9250585480093677,0.00702576112412178,0.00234192037470726,0.00702576112412178,0.0,0.01639344262295082,0.00936768149882904,0.00702576112412178,0.0
AV16D/DV11-CAMREGDAYKVIF-AJ30_BV13-2-CASGDRNTEVFF-BJ1-1,2,0.999521092334606,10,463.0,0.0,0.008639308855291577,0.0021598272138228943,0.012958963282937365,0.9308855291576674,0.012958963282937365,0.0021598272138228943,0.008639308855291577,0.0,0.008639308855291577,0.008639308855291577,0.004319654427645789,0.0
AV16D/DV11-CAMREGDAYKVIF-AJ30_BV13-2-CASGDRNTEVFF-BJ1-1,2,0.999521092334606,11,546.0,0.0018315018315018315,0.0018315018315018315,0.0018315018315018315,0.009157509157509158,0.9267399267399268,0.014652014652014652,0.003663003663003663,0.009157509157509158,0.0,0.007326007326007326,0.01282051282051282,0.01098901098901099,0.0
AV16D/DV11-CAMREGDSNYQLIW-AJ33_BV3-CASSATGANTGQLYF-BJ2-2,3,0.999213845438527,1,16.0,0.0,0.0,0.0,0.0,1.0,0.0,0.0,0.0,0.0,0.0,0.0,0.0,0.0
AV16D/DV11-CAMREGDSNYQLIW-AJ33_BV3-CASSATGANTGQLYF-BJ2-2,3,0.999213845438527,2,30.0,0.0,0.0,0.0,0.0,0.9333333333333333,0.03333333333333333,0.0,0.0,0.0,0.0,0.03333333333333333,0.0,0.0
AV16D/DV11-CAMREGDSNYQLIW-AJ33_BV3-CASSATGANTGQLYF-BJ2-2,3,0.999213845438527,3,45.0,0.0,0.0,0.0,0.0,0.9333333333333333,0.0,0.0,0.0,0.0,0.0,0.044444444444444446,0.022222222222222223,0.0
AV16D/DV11-CAMREGDSNYQLIW-AJ33_BV3-CASSATGANTGQLYF-BJ2-2,3,0.999213845438527,4,76.0,0.0,0.0,0.0,0.0,0.9605263157894737,0.013157894736842105,0.0,0.0,0.0,0.0,0.02631578947368421,0.0,0.0
AV16D/DV11-CAMREGDSNYQLIW-AJ33_BV3-CASSATGANTGQLYF-BJ2-2,3,0.999213845438527,5,138.0,0.0,0.007246376811594203,0.007246376811594203,0.014492753623188406,0.9347826086956522,0.007246376811594203,0.0,0.0,0.0,0.014492753623188406,0.014492753623188406,0.0,0.0
AV6-6-CALGDQGGRALIF-AJ15_BV13-2-CASGDAGNTEVFF-BJ1-1,4,0.9989937558878843,1,73.0,0.0136986301369863,0.0,0.0,0.0136986301369863,0.0136986301369863,0.8767123287671232,0.0,0.0136986301369863,0.0,0.0,0.0410958904109589,0.0273972602739726,0.0
AV6-6-CALGDQGGRALIF-AJ15_BV13-2-CASGDAGNTEVFF-BJ1-1,4,0.9989937558878843,2,105.0,0.009523809523809525,0.0,0.0,0.01904761904761905,0.009523809523809525,0.8761904761904762,0.0,0.009523809523809525,0.0,0.047619047619047616,0.02857142857142857,0.0,0.0
AV6-6-CALGDQGGRALIF-AJ15_BV13-2-CASGDAGNTEVFF-BJ1-1,4,0.9989937558878843,3,157.0,0.006369426751592357,0.006369426751592357,0.0,0.006369426751592357,0.0,0.9426751592356688,0.0,0.0,0.006369426751592357,0.012738853503184714,0.012738853503184714,0.006369426751592357,0.0
AV6-6-CALGDQGGRALIF-AJ15_BV13-2-CASGDAGNTEVFF-BJ1-1,4,0.9989937558878843,4,248.0,0.008064516129032258,0.0,0.0,0.008064516129032258,0.012096774193548387,0.9153225806451613,0.008064516129032258,0.004032258064516129,0.0,0.008064516129032258,0.020161290322580645,0.016129032258064516,0.0
AV6-6-CALGDQGGRALIF-AJ15_BV13-2-CASGDAGNTEVFF-BJ1-1,4,0.9989937558878843,5,276.0,0.0,0.0,0.0,0.0,0.007246376811594203,0.9166666666666666,0.010869565217391304,0.0036231884057971015,0.0036231884057971015,0.007246376811594203,0.036231884057971016,0.014492753623188406,0.0
AV16D/DV11-CAMREGNSGTYQRF-AJ13_BV13-2-CASGVDNSGNTLYF-BJ1-3,5,0.9989029468263578,1,143.0,0.013986013986013986,0.0,0.006993006993006993,0.03496503496503497,0.0,0.006993006993006993,0.0,0.8601398601398601,0.0,0.02097902097902098,0.04895104895104895,0.006993006993006993,0.0
AV16D/DV11-CAMREGNSGTYQRF-AJ13_BV13-2-CASGVDNSGNTLYF-BJ1-3,5,0.9989029468263578,2,190.0,0.021052631578947368,0.0,0.0,0.015789473684210527,0.015789473684210527,0.010526315789473684,0.015789473684210527,0.8526315789473684,0.005263157894736842,0.02631578947368421,0.03684210526315789,0.0,0.0
AV16D/DV11-CAMREGNSGTYQRF-AJ13_BV13-2-CASGVDNSGNTLYF-BJ1-3,5,0.9989029468263578,3,254.0,0.015748031496062992,0.003937007874015748,0.0,0.007874015748031496,0.003937007874015748,0.0,0.0,0.937007874015748,0.003937007874015748,0.007874015748031496,0.011811023622047244,0.007874015748031496,0.0
AV16D/DV11-CAMREGNSGTYQRF-AJ13_BV13-2-CASGVDNSGNTLYF-BJ1-3,5,0.9989029468263578,4,269.0,0.0,0.0,0.0037174721189591076,0.01486988847583643,0.0037174721189591076,0.0037174721189591076,0.0,0.9368029739776952,0.0037174721189591076,0.011152416356877323,0.011152416356877323,0.011152416356877323,0.0
AV16D/DV11-CAMREGNSGTYQRF-AJ13_BV13-2-CASGVDNSGNTLYF-BJ1-3,5,0.9989029468263578,5,292.0,0.010273972602739725,0.0136986301369863,0.0,0.02054794520547945,0.010273972602739725,0.00684931506849315,0.0,0.8835616438356164,0.00684931506849315,0.00684931506849315,0.030821917808219176,0.010273972602739725,0.0
AV16D/DV11-CAMREGNSGTYQRF-AJ13_BV13-2-CASGVDNSGNTLYF-BJ1-3,5,0.9989029468263578,6,317.0,0.0,0.0,0.0,0.0031545741324921135,0.00946372239747634,0.012618296529968454,0.0031545741324921135,0.9558359621451105,0.0031545741324921135,0.0,0.006309148264984227,0.006309148264984227,0.0
AV16D/DV11-CAMREGNSGTYQRF-AJ13_BV13-2-CASGVDNSGNTLYF-BJ1-3,5,0.9989029468263578,7,354.0,0.00847457627118644,0.002824858757062147,0.0,0.02824858757062147,0.002824858757062147,0.011299435028248588,0.002824858757062147,0.903954802259887,0.002824858757062147,0.002824858757062147,0.01694915254237288,0.01694915254237288,0.0
AV16D/DV11-CAMREGNSGTYQRF-AJ13_BV13-2-CASGVDNSGNTLYF-BJ1-3,5,0.9989029468263578,8,366.0,0.00273224043715847,0.00546448087431694,0.0,0.00546448087431694,0.00273224043715847,0.0,0.00546448087431694,0.9590163934426229,0.00546448087431694,0.0,0.00273224043715847,0.01092896174863388,0.0
AV16D/DV11-CAMREGNSGTYQRF-AJ13_BV13-2-CASGVDNSGNTLYF-BJ1-3,5,0.9989029468263578,9,369.0,0.0027100271002710027,0.0,0.0027100271002710027,0.008130081300813009,0.005420054200542005,0.0,0.0,0.959349593495935,0.0,0.005420054200542005,0.01084010840108401,0.005420054200542005,0.0
AV16D/DV11-CAMREGNSGTYQRF-AJ13_BV13-2-CASGVDNSGNTLYF-BJ1-3,5,0.9989029468263578,10,436.0,0.006880733944954129,0.016055045871559634,0.0045871559633027525,0.022935779816513763,0.006880733944954129,0.011467889908256881,0.0022935779816513763,0.9105504587155964,0.0022935779816513763,0.0045871559633027525,0.006880733944954129,0.0045871559633027525,0.0
AV16D/DV11-CAMREGNSGTYQRF-AJ13_BV13-2-CASGVDNSGNTLYF-BJ1-3,5,0.9989029468263578,11,449.0,0.004454342984409799,0.0022271714922048997,0.0,0.0066815144766146995,0.013363028953229399,0.062360801781737196,0.004454342984409799,0.8775055679287305,0.0,0.0066815144766146995,0.0066815144766146995,0.015590200445434299,0.0
AV16D/DV11-CAMREGNSGTYQRF-AJ13_BV13-2-CASGVDNSGNTLYF-BJ1-3,5,0.9989029468263578,12,533.0,0.001876172607879925,0.0,0.00375234521575985,0.001876172607879925,0.0150093808630394,0.005628517823639775,0.009380863039399626,0.9418386491557224,0.0,0.005628517823639775,0.009380863039399626,0.005628517823639775,0.0
AV3D-3-CAVISSGSWQLIF-AJ22_BV13-1-CASSPGTGGEQYF-BJ2-7,6,0.9987128744815592,1,67.0,0.0,0.0,0.0,0.9850746268656716,0.014925373134328358,0.0,0.0,0.0,0.0,0.0,0.0,0.0,0.0
AV3D-3-CAVISSGSWQLIF-AJ22_BV13-1-CASSPGTGGEQYF-BJ2-7,6,0.9987128744815592,2,79.0,0.02531645569620253,0.012658227848101266,0.0,0.8734177215189873,0.0,0.012658227848101266,0.0,0.0,0.012658227848101266,0.012658227848101266,0.02531645569620253,0.0,0.02531645569620253
AV3D-3-CAVISSGSWQLIF-AJ22_BV13-1-CASSPGTGGEQYF-BJ2-7,6,0.9987128744815592,3,90.0,0.0,0.0,0.0,0.9,0.011111111111111112,0.011111111111111112,0.0,0.011111111111111112,0.011111111111111112,0.011111111111111112,0.011111111111111112,0.0,0.03333333333333333
AV3D-3-CAVISSGSWQLIF-AJ22_BV13-1-CASSPGTGGEQYF-BJ2-7,6,0.9987128744815592,4,98.0,0.0,0.0,0.0,0.8877551020408163,0.02040816326530612,0.0,0.02040816326530612,0.02040816326530612,0.0,0.01020408163265306,0.030612244897959183,0.01020408163265306,0.0
AV3D-3-CAVISSGSWQLIF-AJ22_BV13-1-CASSPGTGGEQYF-BJ2-7,6,0.9987128744815592,5,103.0,0.0,0.009708737864077669,0.0,0.941747572815534,0.019417475728155338,0.0,0.009708737864077669,0.0,0.009708737864077669,0.0,0.0,0.009708737864077669,0.0
AV9-3-CAVSPNQGGSAKLIF-AJ57_BV1-CTCSAAWGYEQYF-BJ2-7,7,0.998338837926273,1,100.0,0.0,0.0,0.02,0.02,0.0,0.0,0.01,0.01,0.01,0.01,0.02,0.9,0.0
AV9-3-CAVSPNQGGSAKLIF-AJ57_BV1-CTCSAAWGYEQYF-BJ2-7,7,0.998338837926273,2,103.0,0.009708737864077669,0.0,0.0,0.009708737864077669,0.009708737864077669,0.009708737864077669,0.0,0.0,0.009708737864077669,0.0,0.009708737864077669,0.941747572815534,0.0
AV9-3-CAVSPNQGGSAKLIF-AJ57_BV1-CTCSAAWGYEQYF-BJ2-7,7,0.998338837926273,3,151.0,0.0,0.0,0.0,0.013245033112582781,0.0,0.006622516556291391,0.006622516556291391,0.006622516556291391,0.0,0.006622516556291391,0.006622516556291391,0.9536423841059603,0.0
AV9-3-CAVSPNQGGSAKLIF-AJ57_BV1-CTCSAAWGYEQYF-BJ2-7,7,0.998338837926273,4,156.0,0.019230769230769232,0.0641025641025641,0.0,0.03205128205128205,0.0,0.00641025641025641,0.0,0.00641025641025641,0.01282051282051282,0.01282051282051282,0.02564102564102564,0.8205128205128205,0.0
AV9-3-CAVSPNQGGSAKLIF-AJ57_BV1-CTCSAAWGYEQYF-BJ2-7,7,0.998338837926273,5,158.0,0.006329113924050633,0.0189873417721519,0.02531645569620253,0.0,0.0379746835443038,0.006329113924050633,0.0,0.0,0.0189873417721519,0.0189873417721519,0.04430379746835443,0.8227848101265823,0.0
AV9-3-CAVSPNQGGSAKLIF-AJ57_BV1-CTCSAAWGYEQYF-BJ2-7,7,0.998338837926273,6,166.0,0.006024096385542169,0.006024096385542169,0.0,0.006024096385542169,0.006024096385542169,0.0,0.0,0.012048192771084338,0.0,0.03614457831325301,0.012048192771084338,0.9156626506024096,0.0
AV9-3-CAVSPNQGGSAKLIF-AJ57_BV1-CTCSAAWGYEQYF-BJ2-7,7,0.998338837926273,7,350.0,0.014285714285714285,0.0,0.008571428571428572,0.011428571428571429,0.02,0.0,0.002857142857142857,0.002857142857142857,0.005714285714285714,0.005714285714285714,0.014285714285714285,0.9142857142857143,0.0
AV9-3-CAVSPNQGGSAKLIF-AJ57_BV1-CTCSAAWGYEQYF-BJ2-7,7,0.998338837926273,8,615.0,0.0032520325203252032,0.0,0.0,0.004878048780487805,0.013008130081300813,0.0016260162601626016,0.004878048780487805,0.0016260162601626016,0.0065040650406504065,0.0065040650406504065,0.011382113821138212,0.9463414634146341,0.0
AV9-3-CAVSPNQGGSAKLIF-AJ57_BV1-CTCSAAWGYEQYF-BJ2-7,7,0.998338837926273,9,620.0,0.0016129032258064516,0.0,0.004838709677419355,0.016129032258064516,0.00967741935483871,0.004838709677419355,0.004838709677419355,0.0064516129032258064,0.0032258064516129032,0.01129032258064516,0.016129032258064516,0.9209677419354839,0.0
AV7-5-CAMSSPPSNTDKVVF-AJ34*p03_BV1-CTCSAAWGYEQYF-BJ2-7,8,0.9983285284147528,1,49.0,0.02040816326530612,0.0,0.0,0.02040816326530612,0.0,0.0,0.0,0.0,0.02040816326530612,0.0,0.02040816326530612,0.9183673469387755,0.0
AV7-5-CAMSSPPSNTDKVVF-AJ34*p03_BV1-CTCSAAWGYEQYF-BJ2-7,8,0.9983285284147528,2,121.0,0.0,0.0,0.0,0.03305785123966942,0.008264462809917356,0.008264462809917356,0.03305785123966942,0.008264462809917356,0.0,0.03305785123966942,0.0,0.8760330578512396,0.0
AV7-5-CAMSSPPSNTDKVVF-AJ34*p03_BV1-CTCSAAWGYEQYF-BJ2-7,8,0.9983285284147528,3,138.0,0.0,0.021739130434782608,0.0,0.014492753623188406,0.0,0.0,0.007246376811594203,0.0,0.0,0.036231884057971016,0.007246376811594203,0.9130434782608695,0.0
AV7-5-CAMSSPPSNTDKVVF-AJ34*p03_BV1-CTCSAAWGYEQYF-BJ2-7,8,0.9983285284147528,4,156.0,0.019230769230769232,0.0,0.0,0.01282051282051282,0.0,0.01282051282051282,0.00641025641025641,0.00641025641025641,0.00641025641025641,0.0,0.02564102564102564,0.9102564102564102,0.0
AV7-5-CAMSSPPSNTDKVVF-AJ34*p03_BV1-CTCSAAWGYEQYF-BJ2-7,8,0.9983285284147528,5,166.0,0.018072289156626505,0.0,0.0,0.0,0.012048192771084338,0.012048192771084338,0.006024096385542169,0.006024096385542169,0.006024096385542169,0.012048192771084338,0.012048192771084338,0.9156626506024096,0.0
AV7-5-CAMSSPPSNTDKVVF-AJ34*p03_BV1-CTCSAAWGYEQYF-BJ2-7,8,0.9983285284147528,6,170.0,0.0058823529411764705,0.0,0.0,0.011764705882352941,0.03529411764705882,0.029411764705882353,0.0,0.011764705882352941,0.01764705882352941,0.011764705882352941,0.0,0.8764705882352941,0.0
AV7-5-CAMSSPPSNTDKVVF-AJ34*p03_BV1-CTCSAAWGYEQYF-BJ2-7,8,0.9983285284147528,7,181.0,0.0055248618784530384,0.011049723756906077,0.0,0.016574585635359115,0.0,0.0,0.0,0.0055248618784530384,0.0,0.0,0.0055248618784530384,0.9558011049723757,0.0
AV7-5-CAMSSPPSNTDKVVF-AJ34*p03_BV1-CTCSAAWGYEQYF-BJ2-7,8,0.9983285284147528,8,196.0,0.0,0.0,0.0,0.00510204081632653,0.10204081632653061,0.00510204081632653,0.00510204081632653,0.00510204081632653,0.00510204081632653,0.00510204081632653,0.00510204081632653,0.8622448979591837,0.0
AV7-5-CAMSSPPSNTDKVVF-AJ34*p03_BV1-CTCSAAWGYEQYF-BJ2-7,8,0.9983285284147528,9,219.0,0.0045662100456621,0.0045662100456621,0.0,0.0,0.0136986301369863,0.0045662100456621,0.0045662100456621,0.0,0.0136986301369863,0.0045662100456621,0.0182648401826484,0.9315068493150684,0.0
AV7-5-CAMSSPPSNTDKVVF-AJ34*p03_BV1-CTCSAAWGYEQYF-BJ2-7,8,0.9983285284147528,10,228.0,0.008771929824561403,0.0,0.0043859649122807015,0.021929824561403508,0.0043859649122807015,0.013157894736842105,0.0,0.0043859649122807015,0.0,0.0043859649122807015,0.0043859649122807015,0.9342105263157895,0.0
AV7-5-CAMSSPPSNTDKVVF-AJ34*p03_BV1-CTCSAAWGYEQYF-BJ2-7,8,0.9983285284147528,11,230.0,0.0,0.008695652173913044,0.0,0.013043478260869565,0.0,0.021739130434782608,0.0,0.008695652173913044,0.0,0.013043478260869565,0.017391304347826087,0.9173913043478261,0.0
AV7-5-CAMSSPPSNTDKVVF-AJ34*p03_BV1-CTCSAAWGYEQYF-BJ2-7,8,0.9983285284147528,12,272.0,0.0,0.003676470588235294,0.003676470588235294,0.007352941176470588,0.011029411764705883,0.022058823529411766,0.003676470588235294,0.0,0.0,0.007352941176470588,0.007352941176470588,0.9338235294117647,0.0
AV7-5-CAMSSPPSNTDKVVF-AJ34*p03_BV1-CTCSAAWGYEQYF-BJ2-7,8,0.9983285284147528,13,299.0,0.0,0.0,0.0,0.006688963210702341,0.006688963210702341,0.0033444816053511705,0.0,0.0033444816053511705,0.0033444816053511705,0.0,0.010033444816053512,0.9665551839464883,0.0
AV7-5-CAMSSPPSNTDKVVF-AJ34*p03_BV1-CTCSAAWGYEQYF-BJ2-7,8,0.9983285284147528,14,315.0,0.022222222222222223,0.0031746031746031746,0.0031746031746031746,0.012698412698412698,0.0031746031746031746,0.0,0.0,0.009523809523809525,0.0,0.009523809523809525,0.0031746031746031746,0.9333333333333333,0.0
AV7-5-CAMSSPPSNTDKVVF-AJ34*p03_BV1-CTCSAAWGYEQYF-BJ2-7,8,0.9983285284147528,15,343.0,0.0,0.0,0.0,0.0029154518950437317,0.0058309037900874635,0.01749271137026239,0.011661807580174927,0.03498542274052478,0.0,0.0029154518950437317,0.06705539358600583,0.8571428571428571,0.0
AV7-5-CAMSSPPSNTDKVVF-AJ34*p03_BV1-CTCSAAWGYEQYF-BJ2-7,8,0.9983285284147528,16,373.0,0.010723860589812333,0.005361930294906166,0.002680965147453083,0.010723860589812333,0.01876675603217158,0.024128686327077747,0.01876675603217158,0.0,0.0,0.010723860589812333,0.029490616621983913,0.868632707774799,0.0
AV7-5-CAMSSPPSNTDKVVF-AJ34*p03_BV1-CTCSAAWGYEQYF-BJ2-7,8,0.9983285284147528,17,421.0,0.007125890736342043,0.0,0.0023752969121140144,0.047505938242280284,0.007125890736342043,0.009501187648456057,0.0023752969121140144,0.004750593824228029,0.0023752969121140144,0.0,0.011876484560570071,0.9049881235154394,0.0
AV7-5-CAMSSPPSNTDKVVF-AJ34*p03_BV1-CTCSAAWGYEQYF-BJ2-7,8,0.9983285284147528,18,564.0,0.0035460992907801418,0.005319148936170213,0.0,0.015957446808510637,0.005319148936170213,0.015957446808510637,0.008865248226950355,0.0035460992907801418,0.0035460992907801418,0.0070921985815602835,0.012411347517730497,0.9184397163120568,0.0
AV7-5-CAMSSPPSNTDKVVF-AJ34*p03_BV1-CTCSAAWGYEQYF-BJ2-7,8,0.9983285284147528,19,580.0,0.0034482758620689655,0.0017241379310344827,0.005172413793103448,0.020689655172413793,0.010344827586206896,0.008620689655172414,0.0017241379310344827,0.01206896551724138,0.0034482758620689655,0.005172413793103448,0.006896551724137931,0.9206896551724137,0.0
AV7-5-CAMSSPPSNTDKVVF-AJ34*p03_BV1-CTCSAAWGYEQYF-BJ2-7,8,0.9983285284147528,20,583.0,0.0017152658662092624,0.0,0.0,0.0137221269296741,0.008576329331046312,0.003430531732418525,0.00686106346483705,0.0017152658662092624,0.005145797598627788,0.005145797598627788,0.012006861063464836,0.9416809605488851,0.0
AV13D-3-CAMRTNSAGNKLTF-AJ17*p02_BV13-2-CASGTTYEQYF-BJ2-7,9,0.9970934610311465,1,110.0,0.0,0.0,0.00909090909090909,0.07272727272727272,0.02727272727272727,0.05454545454545454,0.0,0.01818181818181818,0.00909090909090909,0.7090909090909091,0.05454545454545454,0.03636363636363636,0.00909090909090909
AV13D-3-CAMRTNSAGNKLTF-AJ17*p02_BV13-2-CASGTTYEQYF-BJ2-7,9,0.9970934610311465,2,236.0,0.0,0.0,0.01694915254237288,0.059322033898305086,0.00847457627118644,0.00847457627118644,0.00847457627118644,0.00423728813559322,0.00423728813559322,0.8559322033898306,0.029661016949152543,0.0,0.00423728813559322
AV13D-3-CAMRTNSAGNKLTF-AJ17*p02_BV13-2-CASGTTYEQYF-BJ2-7,9,0.9970934610311465,3,240.0,0.0,0.004166666666666667,0.008333333333333333,0.07083333333333333,0.008333333333333333,0.004166666666666667,0.0,0.004166666666666667,0.0,0.8708333333333333,0.016666666666666666,0.004166666666666667,0.008333333333333333
AV13D-3-CAMRTNSAGNKLTF-AJ17*p02_BV13-2-CASGTTYEQYF-BJ2-7,9,0.9970934610311465,4,271.0,0.0036900369003690036,0.0,0.01107011070110701,0.014760147601476014,0.007380073800738007,0.02214022140221402,0.0,0.04428044280442804,0.0036900369003690036,0.8339483394833949,0.02952029520295203,0.025830258302583026,0.0036900369003690036
AV13D-3-CAMRTNSAGNKLTF-AJ17*p02_BV13-2-CASGTTYEQYF-BJ2-7,9,0.9970934610311465,5,322.0,0.0,0.003105590062111801,0.0,0.027950310559006212,0.015527950310559006,0.009316770186335404,0.0,0.0,0.0,0.922360248447205,0.015527950310559006,0.006211180124223602,0.0
AV13D-3-CAMRTNSAGNKLTF-AJ17*p02_BV13-2-CASGTTYEQYF-BJ2-7,9,0.9970934610311465,6,362.0,0.0055248618784530384,0.019337016574585635,0.0027624309392265192,0.03038674033149171,0.027624309392265192,0.016574585635359115,0.0,0.013812154696132596,0.0,0.861878453038674,0.019337016574585635,0.0027624309392265192,0.0
AV13D-3-CAMRTNSAGNKLTF-AJ17*p02_BV13-2-CASGTTYEQYF-BJ2-7,9,0.9970934610311465,7,368.0,0.005434782608695652,0.021739130434782608,0.021739130434782608,0.04076086956521739,0.029891304347826088,0.01358695652173913,0.005434782608695652,0.010869565217391304,0.005434782608695652,0.7853260869565217,0.04619565217391304,0.010869565217391304,0.002717391304347826
AV13D-3-CAMRTNSAGNKLTF-AJ17*p02_BV13-2-CASGTTYEQYF-BJ2-7,9,0.9970934610311465,8,497.0,0.004024144869215292,0.01006036217303823,0.01006036217303823,0.056338028169014086,0.03219315895372234,0.030181086519114688,0.004024144869215292,0.02012072434607646,0.0,0.7766599597585513,0.052313883299798795,0.0,0.004024144869215292
AV13D-3-CAMRTNSAGNKLTF-AJ17*p02_BV13-2-CASGTTYEQYF-BJ2-7,9,0.9970934610311465,9,618.0,0.0016181229773462784,0.021035598705501618,0.0372168284789644,0.042071197411003236,0.03398058252427184,0.024271844660194174,0.011326860841423949,0.01779935275080906,0.0016181229773462784,0.7524271844660194,0.04692556634304207,0.009708737864077669,0.0
AV6-6-CALGEKGGADRLTF-AJ45_BV3-CASSLARDYEQYF-BJ2-7,10,0.9935630472990893,1,42.0,0.09523809523809523,0.0,0.0,0.0,0.0,0.023809523809523808,0.0,0.0,0.0,0.7857142857142857,0.0,0.09523809523809523,0.0
AV6-6-CALGEKGGADRLTF-AJ45_BV3-CASSLARDYEQYF-BJ2-7,10,0.9935630472990893,2,45.0,0.06666666666666667,0.0,0.0,0.022222222222222223,0.0,0.0,0.0,0.0,0.0,0.9111111111111111,0.0,0.0,0.0
AV6-6-CALGEKGGADRLTF-AJ45_BV3-CASSLARDYEQYF-BJ2-7,10,0.9935630472990893,3,95.0,0.0,0.0,0.0,0.031578947368421054,0.0,0.042105263157894736,0.010526315789473684,0.031578947368421054,0.0,0.8526315789473684,0.021052631578947368,0.010526315789473684,0.0
AV6-6-CALGEKGGADRLTF-AJ45_BV3-CASSLARDYEQYF-BJ2-7,10,0.9935630472990893,4,239.0,0.008368200836820083,0.0041841004184100415,0.0041841004184100415,0.0041841004184100415,0.008368200836820083,0.008368200836820083,0.0041841004184100415,0.0041841004184100415,0.0041841004184100415,0.9288702928870293,0.02092050209205021,0.0,0.0
AV6-6-CALGEKGGADRLTF-AJ45_BV3-CASSLARDYEQYF-BJ2-7,10,0.9935630472990893,5,380.0,0.018421052631578946,0.002631578947368421,0.007894736842105263,0.02631578947368421,0.007894736842105263,0.002631578947368421,0.010526315789473684,0.007894736842105263,0.005263157894736842,0.8894736842105263,0.007894736842105263,0.005263157894736842,0.007894736842105263
AV8-1-CATDGSSGSWQLIF-AJ22_BV4-CASTTANTEVFF-BJ1-1,11,0.9930209164857724,1,19.0,0.0,0.0,0.0,0.0,0.0,0.05263157894736842,0.0,0.0,0.0,0.0,0.9473684210526315,0.0,0.0
AV8-1-CATDGSSGSWQLIF-AJ22_BV4-CASTTANTEVFF-BJ1-1,11,0.9930209164857724,2,22.0,0.0,0.0,0.0,0.13636363636363635,0.045454545454545456,0.045454545454545456,0.0,0.0,0.0,0.0,0.7727272727272727,0.0,0.0
AV8-1-CATDGSSGSWQLIF-AJ22_BV4-CASTTANTEVFF-BJ1-1,11,0.9930209164857724,3,45.0,0.0,0.0,0.0,0.0,0.044444444444444446,0.0,0.06666666666666667,0.022222222222222223,0.022222222222222223,0.022222222222222223,0.7777777777777778,0.044444444444444446,0.0
AV8-1-CATDGSSGSWQLIF-AJ22_BV4-CASTTANTEVFF-BJ1-1,11,0.9930209164857724,4,58.0,0.0,0.0,0.0,0.034482758620689655,0.034482758620689655,0.05172413793103448,0.017241379310344827,0.017241379310344827,0.0,0.0,0.8448275862068966,0.0,0.0
AV8-1-CATDGSSGSWQLIF-AJ22_BV4-CASTTANTEVFF-BJ1-1,11,0.9930209164857724,5,65.0,0.0,0.0,0.0,0.0,0.1076923076923077,0.0,0.0,0.09230769230769231,0.0,0.0,0.7846153846153846,0.015384615384615385,0.0
AV8-1-CATDGSSGSWQLIF-AJ22_BV4-CASTTANTEVFF-BJ1-1,11,0.9930209164857724,6,90.0,0.0,0.0,0.0,0.011111111111111112,0.03333333333333333,0.011111111111111112,0.0,0.0,0.0,0.0,0.9222222222222223,0.011111111111111112,0.011111111111111112
AV8-1-CATDGSSGSWQLIF-AJ22_BV4-CASTTANTEVFF-BJ1-1,11,0.9930209164857724,7,197.0,0.0,0.0,0.0,0.0,0.015228426395939087,0.01015228426395939,0.01015228426395939,0.005076142131979695,0.0,0.01015228426395939,0.9390862944162437,0.005076142131979695,0.005076142131979695
AV8-1-CATDGSSGSWQLIF-AJ22_BV4-CASTTANTEVFF-BJ1-1,11,0.9930209164857724,8,206.0,0.0,0.009708737864077669,0.0,0.0,0.019417475728155338,0.0048543689320388345,0.009708737864077669,0.0048543689320388345,0.0,0.019417475728155338,0.9174757281553398,0.014563106796116505,0.0
AV8-1-CATDGSSGSWQLIF-AJ22_BV4-CASTTANTEVFF-BJ1-1,11,0.9930209164857724,9,250.0,0.0,0.004,0.004,0.008,0.016,0.012,0.004,0.012,0.004,0.0,0.932,0.004,0.0
AV8-1-CATDGSSGSWQLIF-AJ22_BV4-CASTTANTEVFF-BJ1-1,11,0.9930209164857724,10,422.0,0.0,0.0,0.0,0.004739336492890996,0.011848341232227487,0.0,0.002369668246445498,0.004739336492890996,0.002369668246445498,0.002369668246445498,0.966824644549763,0.004739336492890996,0.0
AV8-1-CATDGSSGSWQLIF-AJ22_BV4-CASTTANTEVFF-BJ1-1,11,0.9930209164857724,11,559.0,0.0017889087656529517,0.014311270125223614,0.0035778175313059034,0.007155635062611807,0.008944543828264758,0.0035778175313059034,0.0035778175313059034,0.0035778175313059034,0.0,0.01073345259391771,0.9355992844364938,0.0035778175313059034,0.0035778175313059034
AV6-5-CALSEGGTGYQNFYF-AJ49_BV13-1-CASRDNYEQYF-BJ2-7,12,0.9922217535690073,1,4.0,0.0,0.0,0.0,0.0,1.0,0.0,0.0,0.0,0.0,0.0,0.0,0.0,0.0
AV6-5-CALSEGGTGYQNFYF-AJ49_BV13-1-CASRDNYEQYF-BJ2-7,12,0.9922217535690073,2,10.0,0.0,0.0,0.0,0.0,1.0,0.0,0.0,0.0,0.0,0.0,0.0,0.0,0.0
AV6-5-CALSEGGTGYQNFYF-AJ49_BV13-1-CASRDNYEQYF-BJ2-7,12,0.9922217535690073,3,20.0,0.0,0.0,0.0,0.0,0.75,0.1,0.0,0.0,0.0,0.0,0.1,0.05,0.0
AV6-5-CALSEGGTGYQNFYF-AJ49_BV13-1-CASRDNYEQYF-BJ2-7,12,0.9922217535690073,4,26.0,0.038461538461538464,0.0,0.0,0.038461538461538464,0.8076923076923077,0.0,0.0,0.0,0.0,0.038461538461538464,0.038461538461538464,0.038461538461538464,0.0
AV6-5-CALSEGGTGYQNFYF-AJ49_BV13-1-CASRDNYEQYF-BJ2-7,12,0.9922217535690073,5,61.0,0.0,0.01639344262295082,0.0,0.04918032786885246,0.7704918032786885,0.04918032786885246,0.0,0.01639344262295082,0.01639344262295082,0.01639344262295082,0.06557377049180328,0.0,0.0
AV6-5-CALSEGGTGYQNFYF-AJ49_BV13-1-CASRDNYEQYF-BJ2-7,12,0.9922217535690073,6,91.0,0.0,0.0,0.0,0.01098901098901099,0.8021978021978022,0.02197802197802198,0.0,0.0,0.01098901098901099,0.0,0.12087912087912088,0.02197802197802198,0.01098901098901099
AV6-5-CALSEGGTGYQNFYF-AJ49_BV13-1-CASRDNYEQYF-BJ2-7,12,0.9922217535690073,7,105.0,0.0,0.0,0.02857142857142857,0.0380952380952381,0.6952380952380952,0.0380952380952381,0.0,0.02857142857142857,0.0,0.05714285714285714,0.06666666666666667,0.047619047619047616,0.0
AV6-5-CALSEGGTGYQNFYF-AJ49_BV13-1-CASRDNYEQYF-BJ2-7,12,0.9922217535690073,8,190.0,0.005263157894736842,0.0,0.005263157894736842,0.02631578947368421,0.8736842105263158,0.0,0.042105263157894736,0.005263157894736842,0.0,0.031578947368421054,0.005263157894736842,0.005263157894736842,0.0
AV6-5-CALSEGGTGYQNFYF-AJ49_BV13-1-CASRDNYEQYF-BJ2-7,12,0.9922217535690073,9,206.0,0.0,0.0,0.0,0.0,0.941747572815534,0.009708737864077669,0.0,0.009708737864077669,0.0048543689320388345,0.0048543689320388345,0.014563106796116505,0.014563106796116505,0.0
AV6-5-CALSEGGTGYQNFYF-AJ49_BV13-1-CASRDNYEQYF-BJ2-7,12,0.9922217535690073,10,301.0,0.0,0.0,0.0,0.006644518272425249,0.920265780730897,0.0033222591362126247,0.03986710963455149,0.0,0.0,0.0033222591362126247,0.009966777408637873,0.016611295681063124,0.0
AV6-5-CALSEGGTGYQNFYF-AJ49_BV13-1-CASRDNYEQYF-BJ2-7,12,0.9922217535690073,11,449.0,0.004454342984409799,0.0022271714922048997,0.0022271714922048997,0.0,0.9242761692650334,0.0066815144766146995,0.028953229398663696,0.004454342984409799,0.0,0.011135857461024499,0.0066815144766146995,0.008908685968819599,0.0
AV16D/DV11-CAMREGNTGNYKYVF-AJ40_BV13-2-CASGDLYEQYF-BJ2-7,13,0.9873917638511477,1,24.0,0.0,0.041666666666666664,0.0,0.0,0.6666666666666666,0.0,0.0,0.041666666666666664,0.0,0.125,0.041666666666666664,0.08333333333333333,0.0
AV16D/DV11-CAMREGNTGNYKYVF-AJ40_BV13-2-CASGDLYEQYF-BJ2-7,13,0.9873917638511477,2,35.0,0.0,0.0,0.0,0.0,0.9714285714285714,0.0,0.0,0.0,0.0,0.0,0.0,0.02857142857142857,0.0
AV16D/DV11-CAMREGNTGNYKYVF-AJ40_BV13-2-CASGDLYEQYF-BJ2-7,13,0.9873917638511477,3,75.0,0.0,0.0,0.0,0.013333333333333334,0.92,0.04,0.0,0.0,0.0,0.0,0.013333333333333334,0.013333333333333334,0.0
AV16D/DV11-CAMREGNTGNYKYVF-AJ40_BV13-2-CASGDLYEQYF-BJ2-7,13,0.9873917638511477,4,79.0,0.0,0.0,0.0,0.012658227848101266,0.9620253164556962,0.012658227848101266,0.0,0.0,0.0,0.0,0.012658227848101266,0.0,0.0
AV16D/DV11-CAMREGNTGNYKYVF-AJ40_BV13-2-CASGDLYEQYF-BJ2-7,13,0.9873917638511477,5,185.0,0.0,0.005405405405405406,0.016216216216216217,0.0,0.8594594594594595,0.10810810810810811,0.0,0.0,0.0,0.0,0.010810810810810811,0.0,0.0
AV16D/DV11-CAMREGNTGNYKYVF-AJ40_BV13-2-CASGDLYEQYF-BJ2-7,13,0.9873917638511477,6,330.0,0.0,0.00909090909090909,0.0030303030303030303,0.0,0.8606060606060606,0.09696969696969697,0.0030303030303030303,0.0030303030303030303,0.0,0.006060606060606061,0.00909090909090909,0.00909090909090909,0.0
AV13D-1-CAMANTGNYKYVF-AJ40_BV13-2-CASGGIYEQYF-BJ2-7,14,0.9868463778536845,1,91.0,0.02197802197802198,0.0,0.02197802197802198,0.04395604395604396,0.6153846153846154,0.04395604395604396,0.054945054945054944,0.03296703296703297,0.0,0.04395604395604396,0.08791208791208792,0.02197802197802198,0.01098901098901099
AV13D-1-CAMANTGNYKYVF-AJ40_BV13-2-CASGGIYEQYF-BJ2-7,14,0.9868463778536845,2,133.0,0.007518796992481203,0.0,0.03759398496240601,0.06766917293233082,0.5413533834586466,0.05263157894736842,0.007518796992481203,0.05263157894736842,0.0,0.06766917293233082,0.11278195488721804,0.045112781954887216,0.007518796992481203
AV13D-1-CAMANTGNYKYVF-AJ40_BV13-2-CASGGIYEQYF-BJ2-7,14,0.9868463778536845,3,197.0,0.005076142131979695,0.005076142131979695,0.01015228426395939,0.025380710659898477,0.8375634517766497,0.015228426395939087,0.0,0.005076142131979695,0.0,0.030456852791878174,0.05583756345177665,0.01015228426395939,0.0
AV13D-1-CAMANTGNYKYVF-AJ40_BV13-2-CASGGIYEQYF-BJ2-7,14,0.9868463778536845,4,333.0,0.003003003003003003,0.003003003003003003,0.015015015015015015,0.03303303303303303,0.7837837837837838,0.02702702702702703,0.0,0.012012012012012012,0.006006006006006006,0.08408408408408409,0.024024024024024024,0.006006006006006006,0.003003003003003003
AV13D-1-CAMANTGNYKYVF-AJ40_BV13-2-CASGGIYEQYF-BJ2-7,14,0.9868463778536845,5,387.0,0.00516795865633075,0.020671834625323,0.023255813953488372,0.06718346253229975,0.5426356589147286,0.06718346253229975,0.0103359173126615,0.03875968992248062,0.002583979328165375,0.08010335917312661,0.11627906976744186,0.01808785529715762,0.007751937984496124
AV13D-1-CAMANTGNYKYVF-AJ40_BV13-2-CASGGIYEQYF-BJ2-7,14,0.9868463778536845,6,398.0,0.0,0.002512562814070352,0.0,0.04271356783919598,0.8844221105527639,0.010050251256281407,0.0,0.007537688442211055,0.0,0.010050251256281407,0.035175879396984924,0.005025125628140704,0.002512562814070352
AV13D-1-CAMANTGNYKYVF-AJ40_BV13-2-CASGGIYEQYF-BJ2-7,14,0.9868463778536845,7,424.0,0.0023584905660377358,0.007075471698113208,0.009433962264150943,0.06132075471698113,0.7594339622641509,0.014150943396226415,0.009433962264150943,0.014150943396226415,0.0,0.0330188679245283,0.06132075471698113,0.025943396226415096,0.0023584905660377358
AV13D-1-CAMANTGNYKYVF-AJ40_BV13-2-CASGGIYEQYF-BJ2-7,14,0.9868463778536845,8,473.0,0.0021141649048625794,0.008456659619450317,0.012684989429175475,0.03171247357293869,0.7906976744186046,0.03382663847780127,0.006342494714587738,0.008456659619450317,0.0021141649048625794,0.02536997885835095,0.06553911205073996,0.010570824524312896,0.0021141649048625794
AV16/DV11-CAMREGNTGNYKYVF-AJ40_BV13-2-CASGGIYEQYF-BJ2-7,15,0.9857584691386267,1,62.0,0.0,0.016129032258064516,0.0,0.04838709677419355,0.7419354838709677,0.0,0.04838709677419355,0.03225806451612903,0.0,0.06451612903225806,0.03225806451612903,0.016129032258064516,0.0
AV16/DV11-CAMREGNTGNYKYVF-AJ40_BV13-2-CASGGIYEQYF-BJ2-7,15,0.9857584691386267,2,109.0,0.009174311926605505,0.027522935779816515,0.01834862385321101,0.09174311926605505,0.6055045871559633,0.03669724770642202,0.027522935779816515,0.01834862385321101,0.0,0.027522935779816515,0.09174311926605505,0.045871559633027525,0.0
AV16/DV11-CAMREGNTGNYKYVF-AJ40_BV13-2-CASGGIYEQYF-BJ2-7,15,0.9857584691386267,3,130.0,0.0,0.0,0.015384615384615385,0.06923076923076923,0.7,0.038461538461538464,0.015384615384615385,0.007692307692307693,0.0,0.023076923076923078,0.1,0.03076923076923077,0.0
AV16/DV11-CAMREGNTGNYKYVF-AJ40_BV13-2-CASGGIYEQYF-BJ2-7,15,0.9857584691386267,4,162.0,0.024691358024691357,0.018518518518518517,0.037037037037037035,0.07407407407407407,0.5493827160493827,0.043209876543209874,0.018518518518518517,0.037037037037037035,0.006172839506172839,0.043209876543209874,0.10493827160493827,0.043209876543209874,0.0
AV16/DV11-CAMREGNTGNYKYVF-AJ40_BV13-2-CASGGIYEQYF-BJ2-7,15,0.9857584691386267,5,174.0,0.011494252873563218,0.017241379310344827,0.0,0.06321839080459771,0.47126436781609193,0.08620689655172414,0.022988505747126436,0.034482758620689655,0.005747126436781609,0.10344827586206896,0.14367816091954022,0.028735632183908046,0.011494252873563218
AV16/DV11-CAMREGNTGNYKYVF-AJ40_BV13-2-CASGGIYEQYF-BJ2-7,15,0.9857584691386267,6,189.0,0.005291005291005291,0.005291005291005291,0.021164021164021163,0.026455026455026454,0.7671957671957672,0.031746031746031744,0.010582010582010581,0.015873015873015872,0.005291005291005291,0.026455026455026454,0.0582010582010582,0.015873015873015872,0.010582010582010581
AV16/DV11-CAMREGNTGNYKYVF-AJ40_BV13-2-CASGGIYEQYF-BJ2-7,15,0.9857584691386267,7,271.0,0.007380073800738007,0.007380073800738007,0.02214022140221402,0.06642066420664207,0.6383763837638377,0.08487084870848709,0.014760147601476014,0.02952029520295203,0.0036900369003690036,0.04428044280442804,0.05904059040590406,0.01845018450184502,0.0036900369003690036
AV16/DV11-CAMREGNTGNYKYVF-AJ40_BV13-2-CASGGIYEQYF-BJ2-7,15,0.9857584691386267,8,354.0,0.005649717514124294,0.011299435028248588,0.014124293785310734,0.07909604519774012,0.6073446327683616,0.03389830508474576,0.00847457627118644,0.025423728813559324,0.014124293785310734,0.03954802259887006,0.12429378531073447,0.03389830508474576,0.002824858757062147
AV16/DV11-CAMREGNTGNYKYVF-AJ40_BV13-2-CASGGIYEQYF-BJ2-7,15,0.9857584691386267,9,430.0,0.0069767441860465115,0.02558139534883721,0.013953488372093023,0.06744186046511629,0.5697674418604651,0.06046511627906977,0.013953488372093023,0.04186046511627907,0.009302325581395349,0.07441860465116279,0.08604651162790698,0.030232558139534883,0.0
AV16D/DV11-CAMREDSGYNKLTF-AJ11*p02_BV13-2-CASGTTYEQYF-BJ2-7,16,0.9857118396704988,1,136.0,0.007352941176470588,0.0,0.014705882352941176,0.07352941176470588,0.029411764705882353,0.0,0.0,0.007352941176470588,0.0,0.8308823529411765,0.029411764705882353,0.007352941176470588,0.0
AV16D/DV11-CAMREDSGYNKLTF-AJ11*p02_BV13-2-CASGTTYEQYF-BJ2-7,16,0.9857118396704988,2,167.0,0.0,0.005988023952095809,0.023952095808383235,0.023952095808383235,0.011976047904191617,0.041916167664670656,0.0,0.0,0.005988023952095809,0.844311377245509,0.023952095808383235,0.017964071856287425,0.0
AV16D/DV11-CAMREDSGYNKLTF-AJ11*p02_BV13-2-CASGTTYEQYF-BJ2-7,16,0.9857118396704988,3,189.0,0.010582010582010581,0.010582010582010581,0.005291005291005291,0.06878306878306878,0.010582010582010581,0.047619047619047616,0.005291005291005291,0.015873015873015872,0.0,0.7619047619047619,0.042328042328042326,0.005291005291005291,0.015873015873015872
AV16D/DV11-CAMREDSGYNKLTF-AJ11*p02_BV13-2-CASGTTYEQYF-BJ2-7,16,0.9857118396704988,4,223.0,0.0,0.017937219730941704,0.02242152466367713,0.04035874439461883,0.04932735426008968,0.05829596412556054,0.02242152466367713,0.017937219730941704,0.0,0.6905829596412556,0.053811659192825115,0.026905829596412557,0.0
AV16D/DV11-CAMREDSGYNKLTF-AJ11*p02_BV13-2-CASGTTYEQYF-BJ2-7,16,0.9857118396704988,5,242.0,0.02066115702479339,0.03305785123966942,0.028925619834710745,0.05785123966942149,0.07851239669421488,0.08677685950413223,0.02066115702479339,0.08677685950413223,0.004132231404958678,0.4090909090909091,0.12396694214876033,0.03305785123966942,0.01652892561983471
AV16D/DV11-CAMREDSGYNKLTF-AJ11*p02_BV13-2-CASGTTYEQYF-BJ2-7,16,0.9857118396704988,6,243.0,0.0,0.00411522633744856,0.012345679012345678,0.0411522633744856,0.024691358024691357,0.0205761316872428,0.00411522633744856,0.0,0.00823045267489712,0.8353909465020576,0.04526748971193416,0.00411522633744856,0.0
AV16D/DV11-CAMREDSGYNKLTF-AJ11*p02_BV13-2-CASGTTYEQYF-BJ2-7,16,0.9857118396704988,7,282.0,0.0035460992907801418,0.0,0.014184397163120567,0.08156028368794327,0.028368794326241134,0.02127659574468085,0.010638297872340425,0.010638297872340425,0.0,0.8014184397163121,0.014184397163120567,0.014184397163120567,0.0
AV16D/DV11-CAMREDSGYNKLTF-AJ11*p02_BV13-2-CASGTTYEQYF-BJ2-7,16,0.9857118396704988,8,293.0,0.0,0.013651877133105802,0.0034129692832764505,0.030716723549488054,0.020477815699658702,0.006825938566552901,0.0,0.010238907849829351,0.0,0.8737201365187713,0.030716723549488054,0.010238907849829351,0.0
AV16D/DV11-CAMREDSGYNKLTF-AJ11*p02_BV13-2-CASGTTYEQYF-BJ2-7,16,0.9857118396704988,9,375.0,0.005333333333333333,0.0026666666666666666,0.005333333333333333,0.032,0.0,0.016,0.010666666666666666,0.029333333333333333,0.0,0.8746666666666667,0.016,0.008,0.0
AV16D/DV11-CAMREDSGYNKLTF-AJ11*p02_BV13-2-CASGTTYEQYF-BJ2-7,16,0.9857118396704988,10,428.0,0.0,0.002336448598130841,0.002336448598130841,0.028037383177570093,0.0397196261682243,0.011682242990654205,0.004672897196261682,0.004672897196261682,0.002336448598130841,0.8691588785046729,0.02336448598130841,0.011682242990654205,0.0
AV16D/DV11-CAMREDSGYNKLTF-AJ11*p02_BV13-2-CASGTTYEQYF-BJ2-7,16,0.9857118396704988,11,466.0,0.002145922746781116,0.008583690987124463,0.02145922746781116,0.0536480686695279,0.032188841201716736,0.015021459227467811,0.01072961373390558,0.023605150214592276,0.002145922746781116,0.7682403433476395,0.0536480686695279,0.006437768240343348,0.002145922746781116
AV16D/DV11-CAMREDSGYNKLTF-AJ11*p02_BV13-2-CASGTTYEQYF-BJ2-7,16,0.9857118396704988,12,656.0,0.001524390243902439,0.001524390243902439,0.007621951219512195,0.0350609756097561,0.022865853658536585,0.019817073170731708,0.010670731707317074,0.019817073170731708,0.004573170731707317,0.8262195121951219,0.042682926829268296,0.007621951219512195,0.0
AV16D/DV11-CAMREDSGYNKLTF-AJ11*p02_BV13-2-CASGTTYEQYF-BJ2-7,16,0.9857118396704988,13,1029.0,0.0,0.007774538386783284,0.008746355685131196,0.03595724003887269,0.024295432458697766,0.01652089407191448,0.001943634596695821,0.009718172983479106,0.0009718172983479105,0.847424684159378,0.038872691933916424,0.007774538386783284,0.0
AV7-3-CAVSIAGSWQLIF-AJ22_BV13-1-CASSDAGYEQYF-BJ2-7,17,0.9847189511736467,1,37.0,0.02702702702702703,0.0,0.0,0.08108108108108109,0.0,0.7027027027027027,0.02702702702702703,0.08108108108108109,0.0,0.0,0.08108108108108109,0.0,0.0
AV7-3-CAVSIAGSWQLIF-AJ22_BV13-1-CASSDAGYEQYF-BJ2-7,17,0.9847189511736467,2,40.0,0.0,0.075,0.075,0.025,0.0,0.725,0.025,0.0,0.0,0.025,0.025,0.025,0.0
AV7-3-CAVSIAGSWQLIF-AJ22_BV13-1-CASSDAGYEQYF-BJ2-7,17,0.9847189511736467,3,42.0,0.0,0.023809523809523808,0.023809523809523808,0.047619047619047616,0.14285714285714285,0.5238095238095238,0.0,0.023809523809523808,0.023809523809523808,0.07142857142857142,0.09523809523809523,0.023809523809523808,0.0
AV7-3-CAVSIAGSWQLIF-AJ22_BV13-1-CASSDAGYEQYF-BJ2-7,17,0.9847189511736467,4,108.0,0.0,0.0,0.0,0.0,0.018518518518518517,0.8518518518518519,0.018518518518518517,0.009259259259259259,0.0,0.046296296296296294,0.037037037037037035,0.018518518518518517,0.0
AV7-3-CAVSIAGSWQLIF-AJ22_BV13-1-CASSDAGYEQYF-BJ2-7,17,0.9847189511736467,5,110.0,0.01818181818181818,0.05454545454545454,0.01818181818181818,0.01818181818181818,0.01818181818181818,0.7454545454545455,0.0,0.03636363636363636,0.00909090909090909,0.00909090909090909,0.01818181818181818,0.045454545454545456,0.00909090909090909
AV7-3-CAVSIAGSWQLIF-AJ22_BV13-1-CASSDAGYEQYF-BJ2-7,17,0.9847189511736467,6,117.0,0.0,0.008547008547008548,0.0,0.017094017094017096,0.008547008547008548,0.8632478632478633,0.008547008547008548,0.008547008547008548,0.017094017094017096,0.042735042735042736,0.008547008547008548,0.017094017094017096,0.0
AV7-3-CAVSIAGSWQLIF-AJ22_BV13-1-CASSDAGYEQYF-BJ2-7,17,0.9847189511736467,7,135.0,0.0,0.007407407407407408,0.022222222222222223,0.007407407407407408,0.007407407407407408,0.8740740740740741,0.0,0.007407407407407408,0.007407407407407408,0.022222222222222223,0.037037037037037035,0.007407407407407408,0.0
AV7-3-CAVSIAGSWQLIF-AJ22_BV13-1-CASSDAGYEQYF-BJ2-7,17,0.9847189511736467,8,154.0,0.0,0.006493506493506494,0.006493506493506494,0.012987012987012988,0.01948051948051948,0.8961038961038961,0.006493506493506494,0.0,0.0,0.01948051948051948,0.006493506493506494,0.025974025974025976,0.0
AV7-3-CAVSIAGSWQLIF-AJ22_BV13-1-CASSDAGYEQYF-BJ2-7,17,0.9847189511736467,9,196.0,0.0,0.00510204081632653,0.00510204081632653,0.00510204081632653,0.00510204081632653,0.9438775510204082,0.0,0.0,0.0,0.01020408163265306,0.025510204081632654,0.0,0.0
AV7-3-CAVSIAGSWQLIF-AJ22_BV13-1-CASSDAGYEQYF-BJ2-7,17,0.9847189511736467,10,222.0,0.009009009009009009,0.0,0.0045045045045045045,0.0045045045045045045,0.02252252252252252,0.918918918918919,0.0,0.0045045045045045045,0.0045045045045045045,0.0045045045045045045,0.018018018018018018,0.009009009009009009,0.0
AV7-3-CAVSIAGSWQLIF-AJ22_BV13-1-CASSDAGYEQYF-BJ2-7,17,0.9847189511736467,11,320.0,0.0,0.009375,0.0,0.003125,0.009375,0.953125,0.0,0.003125,0.0,0.003125,0.015625,0.003125,0.0
AV8-2-CATDDNNAPRF-AJ43*p03_BV3-CASSLARDYEQYF-BJ2-7,18,0.9831009340436331,1,15.0,0.0,0.0,0.0,0.0,0.0,0.0,0.0,0.0,0.0,1.0,0.0,0.0,0.0
AV8-2-CATDDNNAPRF-AJ43*p03_BV3-CASSLARDYEQYF-BJ2-7,18,0.9831009340436331,2,17.0,0.0,0.23529411764705882,0.0,0.0,0.058823529411764705,0.0,0.0,0.0,0.0,0.6470588235294118,0.058823529411764705,0.0,0.0
AV8-2-CATDDNNAPRF-AJ43*p03_BV3-CASSLARDYEQYF-BJ2-7,18,0.9831009340436331,3,26.0,0.0,0.0,0.0,0.07692307692307693,0.07692307692307693,0.11538461538461539,0.0,0.0,0.0,0.6153846153846154,0.0,0.11538461538461539,0.0
AV8-2-CATDDNNAPRF-AJ43*p03_BV3-CASSLARDYEQYF-BJ2-7,18,0.9831009340436331,4,28.0,0.03571428571428571,0.0,0.03571428571428571,0.03571428571428571,0.0,0.0,0.0,0.0,0.0,0.7857142857142857,0.0,0.0,0.10714285714285714
AV8-2-CATDDNNAPRF-AJ43*p03_BV3-CASSLARDYEQYF-BJ2-7,18,0.9831009340436331,5,38.0,0.0,0.0,0.02631578947368421,0.0,0.0,0.0,0.0,0.02631578947368421,0.0,0.9473684210526315,0.0,0.0,0.0
AV8-2-CATDDNNAPRF-AJ43*p03_BV3-CASSLARDYEQYF-BJ2-7,18,0.9831009340436331,6,39.0,0.0,0.05128205128205128,0.0,0.02564102564102564,0.02564102564102564,0.02564102564102564,0.0,0.02564102564102564,0.0,0.7948717948717948,0.05128205128205128,0.0,0.0
AV8-2-CATDDNNAPRF-AJ43*p03_BV3-CASSLARDYEQYF-BJ2-7,18,0.9831009340436331,7,40.0,0.0,0.0,0.0,0.0,0.0,0.025,0.0,0.0,0.0,0.95,0.0,0.025,0.0
AV8-2-CATDDNNAPRF-AJ43*p03_BV3-CASSLARDYEQYF-BJ2-7,18,0.9831009340436331,8,46.0,0.0,0.021739130434782608,0.0,0.021739130434782608,0.043478260869565216,0.043478260869565216,0.0,0.0,0.0,0.8260869565217391,0.021739130434782608,0.021739130434782608,0.0
AV8-2-CATDDNNAPRF-AJ43*p03_BV3-CASSLARDYEQYF-BJ2-7,18,0.9831009340436331,9,48.0,0.020833333333333332,0.020833333333333332,0.0,0.0625,0.041666666666666664,0.020833333333333332,0.020833333333333332,0.0,0.0,0.7708333333333334,0.020833333333333332,0.020833333333333332,0.0
AV8-2-CATDDNNAPRF-AJ43*p03_BV3-CASSLARDYEQYF-BJ2-7,18,0.9831009340436331,10,57.0,0.0,0.017543859649122806,0.017543859649122806,0.0,0.017543859649122806,0.017543859649122806,0.017543859649122806,0.0,0.0,0.8947368421052632,0.017543859649122806,0.0,0.0
AV8-2-CATDDNNAPRF-AJ43*p03_BV3-CASSLARDYEQYF-BJ2-7,18,0.9831009340436331,11,88.0,0.022727272727272728,0.011363636363636364,0.011363636363636364,0.0,0.011363636363636364,0.03409090909090909,0.0,0.0,0.0,0.8863636363636364,0.022727272727272728,0.0,0.0
AV8-2-CATDDNNAPRF-AJ43*p03_BV3-CASSLARDYEQYF-BJ2-7,18,0.9831009340436331,12,97.0,0.010309278350515464,0.0,0.0,0.041237113402061855,0.0,0.0,0.0,0.020618556701030927,0.0,0.9175257731958762,0.0,0.010309278350515464,0.0
AV8-2-CATDDNNAPRF-AJ43*p03_BV3-CASSLARDYEQYF-BJ2-7,18,0.9831009340436331,13,114.0,0.008771929824561403,0.0,0.0,0.02631578947368421,0.03508771929824561,0.017543859649122806,0.017543859649122806,0.0,0.0,0.8771929824561403,0.008771929824561403,0.008771929824561403,0.0
AV8-2-CATDDNNAPRF-AJ43*p03_BV3-CASSLARDYEQYF-BJ2-7,18,0.9831009340436331,14,238.0,0.03361344537815126,0.004201680672268907,0.008403361344537815,0.01680672268907563,0.004201680672268907,0.012605042016806723,0.0,0.008403361344537815,0.004201680672268907,0.865546218487395,0.029411764705882353,0.012605042016806723,0.0
AV8-2-CATDDNNAPRF-AJ43*p03_BV3-CASSLARDYEQYF-BJ2-7,18,0.9831009340436331,15,251.0,0.01593625498007968,0.01195219123505976,0.0,0.00398406374501992,0.0,0.00796812749003984,0.0,0.00796812749003984,0.0,0.9362549800796812,0.00796812749003984,0.00796812749003984,0.0
AV16/DV11-CAMREDGNEKITF-AJ48_BV13-1-CASSGVYEQYF-BJ2-7,19,0.9821938370440647,1,90.0,0.0,0.011111111111111112,0.0,0.4111111111111111,0.5444444444444444,0.0,0.0,0.0,0.011111111111111112,0.022222222222222223,0.0,0.0,0.0
AV16/DV11-CAMREDGNEKITF-AJ48_BV13-1-CASSGVYEQYF-BJ2-7,19,0.9821938370440647,2,90.0,0.0,0.011111111111111112,0.0,0.4111111111111111,0.5444444444444444,0.0,0.0,0.0,0.011111111111111112,0.022222222222222223,0.0,0.0,0.0
AV16/DV11-CAMREDGNEKITF-AJ48_BV13-1-CASSGVYEQYF-BJ2-7,19,0.9821938370440647,3,114.0,0.0,0.008771929824561403,0.0,0.2543859649122807,0.6578947368421053,0.008771929824561403,0.017543859649122806,0.0,0.0,0.008771929824561403,0.02631578947368421,0.017543859649122806,0.0
AV16/DV11-CAMREDGNEKITF-AJ48_BV13-1-CASSGVYEQYF-BJ2-7,19,0.9821938370440647,4,114.0,0.0,0.008771929824561403,0.0,0.2543859649122807,0.6578947368421053,0.008771929824561403,0.017543859649122806,0.0,0.0,0.008771929824561403,0.02631578947368421,0.017543859649122806,0.0
AV16/DV11-CAMREDGNEKITF-AJ48_BV13-1-CASSGVYEQYF-BJ2-7,19,0.9821938370440647,5,185.0,0.0,0.0,0.005405405405405406,0.2918918918918919,0.6594594594594595,0.0,0.0,0.010810810810810811,0.005405405405405406,0.005405405405405406,0.0,0.021621621621621623,0.0
AV16/DV11-CAMREDGNEKITF-AJ48_BV13-1-CASSGVYEQYF-BJ2-7,19,0.9821938370440647,6,185.0,0.0,0.0,0.005405405405405406,0.2918918918918919,0.6594594594594595,0.0,0.0,0.010810810810810811,0.005405405405405406,0.005405405405405406,0.0,0.021621621621621623,0.0
AV16/DV11-CAMREDGNEKITF-AJ48_BV13-1-CASSGVYEQYF-BJ2-7,19,0.9821938370440647,7,299.0,0.023411371237458192,0.0,0.006688963210702341,0.3779264214046823,0.5351170568561873,0.013377926421404682,0.016722408026755852,0.006688963210702341,0.0,0.0033444816053511705,0.006688963210702341,0.010033444816053512,0.0
AV16/DV11-CAMREDGNEKITF-AJ48_BV13-1-CASSGVYEQYF-BJ2-7,19,0.9821938370440647,8,299.0,0.023411371237458192,0.0,0.006688963210702341,0.3779264214046823,0.5351170568561873,0.013377926421404682,0.016722408026755852,0.006688963210702341,0.0,0.0033444816053511705,0.006688963210702341,0.010033444816053512,0.0
AV7-3-CASPNTGYQNFYF-AJ49_BV13-2-CASGGWGSQNTLYF-BJ2-4,20,0.976778710366792,1,24.0,0.0,0.0,0.041666666666666664,0.0,0.6666666666666666,0.041666666666666664,0.0,0.0,0.041666666666666664,0.125,0.08333333333333333,0.0,0.0
AV7-3-CASPNTGYQNFYF-AJ49_BV13-2-CASGGWGSQNTLYF-BJ2-4,20,0.976778710366792,2,27.0,0.0,0.0,0.0,0.0,1.0,0.0,0.0,0.0,0.0,0.0,0.0,0.0,0.0
AV7-3-CASPNTGYQNFYF-AJ49_BV13-2-CASGGWGSQNTLYF-BJ2-4,20,0.976778710366792,3,35.0,0.0,0.02857142857142857,0.0,0.02857142857142857,0.7142857142857143,0.0,0.02857142857142857,0.02857142857142857,0.0,0.11428571428571428,0.0,0.05714285714285714,0.0
AV7-3-CASPNTGYQNFYF-AJ49_BV13-2-CASGGWGSQNTLYF-BJ2-4,20,0.976778710366792,4,71.0,0.04225352112676056,0.0,0.0,0.0,0.5633802816901409,0.0,0.0,0.0,0.014084507042253521,0.0,0.323943661971831,0.056338028169014086,0.0
AV7-3-CASPNTGYQNFYF-AJ49_BV13-2-CASGGWGSQNTLYF-BJ2-4,20,0.976778710366792,5,85.0,0.0,0.011764705882352941,0.0,0.023529411764705882,0.8941176470588236,0.0,0.0,0.0,0.0,0.058823529411764705,0.0,0.011764705882352941,0.0
AV7-3-CASPNTGYQNFYF-AJ49_BV13-2-CASGGWGSQNTLYF-BJ2-4,20,0.976778710366792,6,86.0,0.0,0.0,0.046511627906976744,0.023255813953488372,0.872093023255814,0.023255813953488372,0.0,0.0,0.0,0.011627906976744186,0.023255813953488372,0.0,0.0
AV7-3-CASPNTGYQNFYF-AJ49_BV13-2-CASGGWGSQNTLYF-BJ2-4,20,0.976778710366792,7,104.0,0.0,0.0,0.009615384615384616,0.0,0.8846153846153846,0.009615384615384616,0.009615384615384616,0.009615384615384616,0.0,0.009615384615384616,0.04807692307692308,0.019230769230769232,0.0
AV7-3-CASPNTGYQNFYF-AJ49_BV13-2-CASGGWGSQNTLYF-BJ2-4,20,0.976778710366792,8,113.0,0.0,0.0,0.008849557522123894,0.008849557522123894,0.9203539823008849,0.0,0.02654867256637168,0.0,0.0,0.017699115044247787,0.008849557522123894,0.008849557522123894,0.0
AV7-3-CASPNTGYQNFYF-AJ49_BV13-2-CASGGWGSQNTLYF-BJ2-4,20,0.976778710366792,9,116.0,0.0,0.0,0.017241379310344827,0.034482758620689655,0.9051724137931034,0.008620689655172414,0.0,0.0,0.0,0.008620689655172414,0.02586206896551724,0.0,0.0
AV7-3-CASPNTGYQNFYF-AJ49_BV13-2-CASGGWGSQNTLYF-BJ2-4,20,0.976778710366792,10,198.0,0.0,0.005050505050505051,0.0,0.015151515151515152,0.9444444444444444,0.020202020202020204,0.005050505050505051,0.005050505050505051,0.0,0.0,0.0,0.005050505050505051,0.0
AV7-3-CASPNTGYQNFYF-AJ49_BV13-2-CASGGWGSQNTLYF-BJ2-4,20,0.976778710366792,11,206.0,0.0,0.0,0.0,0.0,0.9320388349514563,0.014563106796116505,0.0048543689320388345,0.0048543689320388345,0.0,0.019417475728155338,0.014563106796116505,0.009708737864077669,0.0
AV7-3-CASPNTGYQNFYF-AJ49_BV13-2-CASGGWGSQNTLYF-BJ2-4,20,0.976778710366792,12,245.0,0.0,0.0,0.0,0.004081632653061225,0.9306122448979591,0.00816326530612245,0.0,0.004081632653061225,0.0,0.0,0.00816326530612245,0.024489795918367346,0.02040816326530612
AV7-3-CASPNTGYQNFYF-AJ49_BV13-2-CASGGWGSQNTLYF-BJ2-4,20,0.976778710366792,13,246.0,0.0,0.0040650406504065045,0.0,0.0040650406504065045,0.9471544715447154,0.008130081300813009,0.0040650406504065045,0.008130081300813009,0.0,0.008130081300813009,0.008130081300813009,0.008130081300813009,0.0
AV7-3-CASPNTGYQNFYF-AJ49_BV13-2-CASGGWGSQNTLYF-BJ2-4,20,0.976778710366792,14,255.0,0.0,0.00392156862745098,0.00784313725490196,0.027450980392156862,0.9411764705882353,0.00392156862745098,0.0,0.0,0.011764705882352941,0.0,0.00392156862745098,0.0,0.0
AV7-3-CASPNTGYQNFYF-AJ49_BV13-2-CASGGWGSQNTLYF-BJ2-4,20,0.976778710366792,15,360.0,0.0,0.0,0.002777777777777778,0.005555555555555556,0.9722222222222222,0.002777777777777778,0.0,0.0,0.002777777777777778,0.002777777777777778,0.008333333333333333,0.002777777777777778,0.0
AV7D-3-CADDSGYNKLTF-AJ11*p02_BV13-2-CASGDAGNTEVFF-BJ1-1,21,0.9762177132555088,1,24.0,0.0,0.041666666666666664,0.0,0.0,0.0,0.875,0.0,0.041666666666666664,0.0,0.0,0.041666666666666664,0.0,0.0
AV7D-3-CADDSGYNKLTF-AJ11*p02_BV13-2-CASGDAGNTEVFF-BJ1-1,21,0.9762177132555088,2,36.0,0.0,0.0,0.0,0.05555555555555555,0.0,0.8888888888888888,0.0,0.0,0.0,0.027777777777777776,0.027777777777777776,0.0,0.0
AV7D-3-CADDSGYNKLTF-AJ11*p02_BV13-2-CASGDAGNTEVFF-BJ1-1,21,0.9762177132555088,3,42.0,0.023809523809523808,0.023809523809523808,0.0,0.07142857142857142,0.0,0.47619047619047616,0.023809523809523808,0.07142857142857142,0.047619047619047616,0.19047619047619047,0.023809523809523808,0.047619047619047616,0.0
AV7D-3-CADDSGYNKLTF-AJ11*p02_BV13-2-CASGDAGNTEVFF-BJ1-1,21,0.9762177132555088,4,87.0,0.0,0.0,0.0,0.022988505747126436,0.011494252873563218,0.8275862068965517,0.011494252873563218,0.034482758620689655,0.0,0.04597701149425287,0.011494252873563218,0.034482758620689655,0.0
AV7D-3-CADDSGYNKLTF-AJ11*p02_BV13-2-CASGDAGNTEVFF-BJ1-1,21,0.9762177132555088,5,138.0,0.0,0.0,0.0,0.021739130434782608,0.007246376811594203,0.8260869565217391,0.043478260869565216,0.07246376811594203,0.0,0.0,0.0,0.028985507246376812,0.0
AV7D-3-CADDSGYNKLTF-AJ11*p02_BV13-2-CASGDAGNTEVFF-BJ1-1,21,0.9762177132555088,6,153.0,0.0196078431372549,0.0392156862745098,0.0,0.006535947712418301,0.0,0.869281045751634,0.006535947712418301,0.006535947712418301,0.006535947712418301,0.013071895424836602,0.013071895424836602,0.0196078431372549,0.0
AV7D-3-CADDSGYNKLTF-AJ11*p02_BV13-2-CASGDAGNTEVFF-BJ1-1,21,0.9762177132555088,7,160.0,0.00625,0.00625,0.0,0.0,0.025,0.85625,0.0125,0.01875,0.01875,0.01875,0.03125,0.00625,0.0
AV7D-3-CADDSGYNKLTF-AJ11*p02_BV13-2-CASGDAGNTEVFF-BJ1-1,21,0.9762177132555088,8,323.0,0.006191950464396285,0.0030959752321981426,0.009287925696594427,0.021671826625386997,0.006191950464396285,0.8947368421052632,0.015479876160990712,0.0,0.006191950464396285,0.006191950464396285,0.009287925696594427,0.021671826625386997,0.0
AV8D-2-CATDDNNNRIFF-AJ31_BV1-CTCSALISNERLFF-BJ1-4,22,0.9591725996016196,1,20.0,0.0,0.0,0.0,0.75,0.15,0.0,0.0,0.0,0.0,0.05,0.0,0.05,0.0
AV8D-2-CATDDNNNRIFF-AJ31_BV1-CTCSALISNERLFF-BJ1-4,22,0.9591725996016196,2,29.0,0.0,0.0,0.034482758620689655,0.7586206896551724,0.0,0.034482758620689655,0.0,0.0,0.0,0.10344827586206896,0.034482758620689655,0.034482758620689655,0.0
AV8D-2-CATDDNNNRIFF-AJ31_BV1-CTCSALISNERLFF-BJ1-4,22,0.9591725996016196,3,33.0,0.030303030303030304,0.06060606060606061,0.030303030303030304,0.6363636363636364,0.0,0.0,0.030303030303030304,0.030303030303030304,0.0,0.12121212121212122,0.06060606060606061,0.0,0.0
AV8D-2-CATDDNNNRIFF-AJ31_BV1-CTCSALISNERLFF-BJ1-4,22,0.9591725996016196,4,47.0,0.02127659574468085,0.0,0.0,0.8723404255319149,0.02127659574468085,0.0,0.0425531914893617,0.02127659574468085,0.0,0.02127659574468085,0.0,0.0,0.0
AV8D-2-CATDDNNNRIFF-AJ31_BV1-CTCSALISNERLFF-BJ1-4,22,0.9591725996016196,5,48.0,0.0,0.0,0.0,0.9166666666666666,0.0,0.0,0.0,0.0,0.0,0.0625,0.020833333333333332,0.0,0.0
AV8D-2-CATDDNNNRIFF-AJ31_BV1-CTCSALISNERLFF-BJ1-4,22,0.9591725996016196,6,56.0,0.0,0.0,0.0,0.9821428571428571,0.0,0.017857142857142856,0.0,0.0,0.0,0.0,0.0,0.0,0.0
AV8D-2-CATDDNNNRIFF-AJ31_BV1-CTCSALISNERLFF-BJ1-4,22,0.9591725996016196,7,66.0,0.2878787878787879,0.0,0.0,0.5,0.015151515151515152,0.015151515151515152,0.0,0.015151515151515152,0.030303030303030304,0.045454545454545456,0.07575757575757576,0.015151515151515152,0.0
AV8D-2-CATDDNNNRIFF-AJ31_BV1-CTCSALISNERLFF-BJ1-4,22,0.9591725996016196,8,69.0,0.0,0.0,0.0,0.9130434782608695,0.014492753623188406,0.0,0.014492753623188406,0.014492753623188406,0.0,0.0,0.028985507246376812,0.014492753623188406,0.0
AV8D-2-CATDDNNNRIFF-AJ31_BV1-CTCSALISNERLFF-BJ1-4,22,0.9591725996016196,9,70.0,0.02857142857142857,0.0,0.05714285714285714,0.4,0.014285714285714285,0.014285714285714285,0.02857142857142857,0.0,0.0,0.014285714285714285,0.21428571428571427,0.22857142857142856,0.0
AV8D-2-CATDDNNNRIFF-AJ31_BV1-CTCSALISNERLFF-BJ1-4,22,0.9591725996016196,10,76.0,0.0,0.0,0.0,0.868421052631579,0.0,0.02631578947368421,0.0,0.039473684210526314,0.0,0.02631578947368421,0.039473684210526314,0.0,0.0
AV8D-2-CATDDNNNRIFF-AJ31_BV1-CTCSALISNERLFF-BJ1-4,22,0.9591725996016196,11,76.0,0.0,0.013157894736842105,0.0,0.9736842105263158,0.0,0.0,0.0,0.0,0.0,0.013157894736842105,0.0,0.0,0.0
AV8D-2-CATDDNNNRIFF-AJ31_BV1-CTCSALISNERLFF-BJ1-4,22,0.9591725996016196,12,94.0,0.0425531914893617,0.0,0.02127659574468085,0.6702127659574468,0.09574468085106383,0.0425531914893617,0.0425531914893617,0.02127659574468085,0.0,0.02127659574468085,0.0,0.0425531914893617,0.0
AV8D-2-CATDDNNNRIFF-AJ31_BV1-CTCSALISNERLFF-BJ1-4,22,0.9591725996016196,13,100.0,0.02,0.0,0.0,0.87,0.01,0.03,0.0,0.02,0.0,0.02,0.01,0.02,0.0
AV8D-2-CATDDNNNRIFF-AJ31_BV1-CTCSALISNERLFF-BJ1-4,22,0.9591725996016196,14,101.0,0.009900990099009901,0.0,0.0,0.8712871287128713,0.019801980198019802,0.0,0.0,0.0,0.0,0.039603960396039604,0.0594059405940594,0.0,0.0
AV8D-2-CATDDNNNRIFF-AJ31_BV1-CTCSALISNERLFF-BJ1-4,22,0.9591725996016196,15,118.0,0.0,0.01694915254237288,0.0,0.864406779661017,0.00847457627118644,0.00847457627118644,0.0,0.0,0.0,0.00847457627118644,0.09322033898305085,0.0,0.0
AV8D-2-CATDDNNNRIFF-AJ31_BV1-CTCSALISNERLFF-BJ1-4,22,0.9591725996016196,16,130.0,0.007692307692307693,0.0,0.0,0.9846153846153847,0.0,0.007692307692307693,0.0,0.0,0.0,0.0,0.0,0.0,0.0
AV8D-2-CATDDNNNRIFF-AJ31_BV1-CTCSALISNERLFF-BJ1-4,22,0.9591725996016196,17,135.0,0.0,0.0,0.007407407407407408,0.9185185185185185,0.0,0.014814814814814815,0.007407407407407408,0.007407407407407408,0.0,0.014814814814814815,0.014814814814814815,0.014814814814814815,0.0
AV8D-2-CATDDNNNRIFF-AJ31_BV1-CTCSALISNERLFF-BJ1-4,22,0.9591725996016196,18,137.0,0.0364963503649635,0.0072992700729927005,0.0,0.8759124087591241,0.021897810218978103,0.014598540145985401,0.0,0.0,0.0,0.029197080291970802,0.014598540145985401,0.0,0.0
AV8D-2-CATDDNNNRIFF-AJ31_BV1-CTCSALISNERLFF-BJ1-4,22,0.9591725996016196,19,139.0,0.02158273381294964,0.0,0.0,0.8057553956834532,0.007194244604316547,0.007194244604316547,0.0,0.007194244604316547,0.05755395683453238,0.02158273381294964,0.02877697841726619,0.04316546762589928,0.0
AV8D-2-CATDDNNNRIFF-AJ31_BV1-CTCSALISNERLFF-BJ1-4,22,0.9591725996016196,20,162.0,0.006172839506172839,0.0,0.0,0.9444444444444444,0.006172839506172839,0.006172839506172839,0.012345679012345678,0.006172839506172839,0.0,0.012345679012345678,0.006172839506172839,0.0,0.0
AV15-1/DV6-1-CALWELASSNTDKVVF-AJ34*p03_BV3-CASSFGTGGYYEQYF-BJ2-7,23,0.9467946785756548,1,53.0,0.018867924528301886,0.018867924528301886,0.018867924528301886,0.09433962264150944,0.11320754716981132,0.05660377358490566,0.03773584905660377,0.05660377358490566,0.03773584905660377,0.4528301886792453,0.05660377358490566,0.03773584905660377,0.0
AV15-1/DV6-1-CALWELASSNTDKVVF-AJ34*p03_BV3-CASSFGTGGYYEQYF-BJ2-7,23,0.9467946785756548,2,115.0,0.008695652173913044,0.017391304347826087,0.034782608695652174,0.06086956521739131,0.0782608695652174,0.08695652173913043,0.017391304347826087,0.017391304347826087,0.0,0.5304347826086957,0.12173913043478261,0.02608695652173913,0.0
AV15-1/DV6-1-CALWELASSNTDKVVF-AJ34*p03_BV3-CASSFGTGGYYEQYF-BJ2-7,23,0.9467946785756548,3,123.0,0.0,0.024390243902439025,0.032520325203252036,0.056910569105691054,0.016260162601626018,0.016260162601626018,0.008130081300813009,0.008130081300813009,0.0,0.7479674796747967,0.08130081300813008,0.008130081300813009,0.0
AV15-1/DV6-1-CALWELASSNTDKVVF-AJ34*p03_BV3-CASSFGTGGYYEQYF-BJ2-7,23,0.9467946785756548,4,134.0,0.022388059701492536,0.014925373134328358,0.029850746268656716,0.11194029850746269,0.1044776119402985,0.03731343283582089,0.007462686567164179,0.029850746268656716,0.0,0.5373134328358209,0.08955223880597014,0.014925373134328358,0.0
AV15-1/DV6-1-CALWELASSNTDKVVF-AJ34*p03_BV3-CASSFGTGGYYEQYF-BJ2-7,23,0.9467946785756548,5,148.0,0.006756756756756757,0.013513513513513514,0.05405405405405406,0.14864864864864866,0.08783783783783784,0.0945945945945946,0.013513513513513514,0.033783783783783786,0.006756756756756757,0.3108108108108108,0.18243243243243243,0.0472972972972973,0.0
AV15-1/DV6-1-CALWELASSNTDKVVF-AJ34*p03_BV3-CASSFGTGGYYEQYF-BJ2-7,23,0.9467946785756548,6,239.0,0.0041841004184100415,0.0041841004184100415,0.008368200836820083,0.04602510460251046,0.029288702928870293,0.04184100418410042,0.008368200836820083,0.04184100418410042,0.0,0.7489539748953975,0.04184100418410042,0.02510460251046025,0.0
AV15-1/DV6-1-CALWELASSNTDKVVF-AJ34*p03_BV3-CASSFGTGGYYEQYF-BJ2-7,23,0.9467946785756548,7,254.0,0.0,0.007874015748031496,0.007874015748031496,0.051181102362204724,0.047244094488188976,0.03937007874015748,0.015748031496062992,0.023622047244094488,0.0,0.7047244094488189,0.08661417322834646,0.011811023622047244,0.003937007874015748
AV15-1/DV6-1-CALWELASSNTDKVVF-AJ34*p03_BV3-CASSFGTGGYYEQYF-BJ2-7,23,0.9467946785756548,8,256.0,0.01953125,0.015625,0.046875,0.09375,0.078125,0.05859375,0.02734375,0.0625,0.0,0.37890625,0.13671875,0.078125,0.00390625
AV16/DV11-CAMREGDTGYQNFYF-AJ49_BV13-2-CASGTGGENTLYF-BJ2-4,24,0.9458782840162356,1,15.0,0.0,0.0,0.0,0.0,0.0,0.06666666666666667,0.0,0.5333333333333333,0.0,0.13333333333333333,0.0,0.26666666666666666,0.0
AV16/DV11-CAMREGDTGYQNFYF-AJ49_BV13-2-CASGTGGENTLYF-BJ2-4,24,0.9458782840162356,2,29.0,0.0,0.0,0.0,0.034482758620689655,0.0,0.034482758620689655,0.0,0.9310344827586207,0.0,0.0,0.0,0.0,0.0
AV16/DV11-CAMREGDTGYQNFYF-AJ49_BV13-2-CASGTGGENTLYF-BJ2-4,24,0.9458782840162356,3,55.0,0.0,0.0,0.0,0.0,0.0,0.05454545454545454,0.0,0.9272727272727272,0.0,0.0,0.01818181818181818,0.0,0.0
AV16/DV11-CAMREGDTGYQNFYF-AJ49_BV13-2-CASGTGGENTLYF-BJ2-4,24,0.9458782840162356,4,61.0,0.0,0.0,0.0,0.0,0.0,0.01639344262295082,0.01639344262295082,0.8688524590163934,0.0,0.0,0.09836065573770492,0.0,0.0
AV16/DV11-CAMREGDTGYQNFYF-AJ49_BV13-2-CASGTGGENTLYF-BJ2-4,24,0.9458782840162356,5,370.0,0.0,0.005405405405405406,0.002702702702702703,0.002702702702702703,0.013513513513513514,0.008108108108108109,0.0,0.9432432432432433,0.0,0.010810810810810811,0.005405405405405406,0.008108108108108109,0.0
AV16/DV11-CAMRENTGANTGKLTF-AJ52_BV13-3-CASSSGGVKAEQFF-BJ2-1,25,0.9457303695169178,1,32.0,0.0,0.0,0.03125,0.09375,0.625,0.0,0.03125,0.03125,0.03125,0.03125,0.125,0.0,0.0
AV16/DV11-CAMRENTGANTGKLTF-AJ52_BV13-3-CASSSGGVKAEQFF-BJ2-1,25,0.9457303695169178,2,41.0,0.0,0.0,0.04878048780487805,0.07317073170731707,0.5609756097560976,0.0,0.0,0.0,0.0,0.12195121951219512,0.12195121951219512,0.0,0.07317073170731707
AV16/DV11-CAMRENTGANTGKLTF-AJ52_BV13-3-CASSSGGVKAEQFF-BJ2-1,25,0.9457303695169178,3,42.0,0.023809523809523808,0.047619047619047616,0.047619047619047616,0.07142857142857142,0.42857142857142855,0.023809523809523808,0.0,0.0,0.0,0.09523809523809523,0.19047619047619047,0.07142857142857142,0.0
AV16/DV11-CAMRENTGANTGKLTF-AJ52_BV13-3-CASSSGGVKAEQFF-BJ2-1,25,0.9457303695169178,4,48.0,0.0,0.041666666666666664,0.0,0.041666666666666664,0.625,0.0,0.0625,0.0625,0.0,0.08333333333333333,0.08333333333333333,0.0,0.0
AV16/DV11-CAMRENTGANTGKLTF-AJ52_BV13-3-CASSSGGVKAEQFF-BJ2-1,25,0.9457303695169178,5,67.0,0.0,0.014925373134328358,0.014925373134328358,0.014925373134328358,0.835820895522388,0.014925373134328358,0.014925373134328358,0.0,0.0,0.014925373134328358,0.029850746268656716,0.0,0.04477611940298507
AV16/DV11-CAMRENTGANTGKLTF-AJ52_BV13-3-CASSSGGVKAEQFF-BJ2-1,25,0.9457303695169178,6,69.0,0.014492753623188406,0.014492753623188406,0.0,0.014492753623188406,0.5362318840579711,0.057971014492753624,0.057971014492753624,0.028985507246376812,0.0,0.10144927536231885,0.11594202898550725,0.028985507246376812,0.028985507246376812
AV16/DV11-CAMRENTGANTGKLTF-AJ52_BV13-3-CASSSGGVKAEQFF-BJ2-1,25,0.9457303695169178,7,103.0,0.009708737864077669,0.009708737864077669,0.0,0.1262135922330097,0.3786407766990291,0.10679611650485436,0.009708737864077669,0.06796116504854369,0.0,0.11650485436893204,0.0970873786407767,0.07766990291262135,0.0
AV16/DV11-CAMRENTGANTGKLTF-AJ52_BV13-3-CASSSGGVKAEQFF-BJ2-1,25,0.9457303695169178,8,147.0,0.0,0.027210884353741496,0.04081632653061224,0.08843537414965986,0.43537414965986393,0.08843537414965986,0.013605442176870748,0.013605442176870748,0.0,0.061224489795918366,0.14965986394557823,0.07482993197278912,0.006802721088435374
AV16/DV11-CAMRENTGANTGKLTF-AJ52_BV13-3-CASSSGGVKAEQFF-BJ2-1,25,0.9457303695169178,9,307.0,0.003257328990228013,0.0,0.0,0.013029315960912053,0.8925081433224755,0.003257328990228013,0.0,0.0,0.0,0.013029315960912053,0.029315960912052116,0.04560260586319218,0.0
AV16/DV11-CAMRENTGANTGKLTF-AJ52_BV13-3-CASSSGGVKAEQFF-BJ2-1,25,0.9457303695169178,10,433.0,0.0023094688221709007,0.0023094688221709007,0.0,0.016166281755196306,0.8775981524249422,0.025404157043879907,0.006928406466512702,0.011547344110854504,0.0,0.023094688221709007,0.025404157043879907,0.009237875288683603,0.0
AV3-4-CAVSGDYANKMIF-AJ47_BV14-CASSTGTGDTGQLYF-BJ2-2,26,0.9453514893785048,1,32.0,0.0,0.0,0.0,0.0,0.0,0.0,0.0,0.0,0.0,0.71875,0.21875,0.0625,0.0
AV3-4-CAVSGDYANKMIF-AJ47_BV14-CASSTGTGDTGQLYF-BJ2-2,26,0.9453514893785048,2,36.0,0.0,0.0,0.0,0.0,0.0,0.2777777777777778,0.0,0.0,0.0,0.6666666666666666,0.05555555555555555,0.0,0.0
AV3-4-CAVSGDYANKMIF-AJ47_BV14-CASSTGTGDTGQLYF-BJ2-2,26,0.9453514893785048,3,42.0,0.023809523809523808,0.0,0.047619047619047616,0.07142857142857142,0.07142857142857142,0.047619047619047616,0.023809523809523808,0.07142857142857142,0.0,0.5476190476190477,0.07142857142857142,0.023809523809523808,0.0
AV3-4-CAVSGDYANKMIF-AJ47_BV14-CASSTGTGDTGQLYF-BJ2-2,26,0.9453514893785048,4,69.0,0.0,0.0,0.0,0.014492753623188406,0.0,0.0,0.0,0.0,0.0,0.9710144927536232,0.014492753623188406,0.0,0.0
AV3-4-CAVSGDYANKMIF-AJ47_BV14-CASSTGTGDTGQLYF-BJ2-2,26,0.9453514893785048,5,153.0,0.006535947712418301,0.0,0.0,0.0196078431372549,0.013071895424836602,0.0,0.0,0.006535947712418301,0.0,0.954248366013072,0.0,0.0,0.0
AV4-3-CAADYQGGSAKLIF-AJ57_BV2-CASSQERLLGGAETLYF-BJ2-3,27,0.9444161105496324,1,31.0,0.0,0.03225806451612903,0.0967741935483871,0.06451612903225806,0.03225806451612903,0.03225806451612903,0.0,0.03225806451612903,0.0,0.03225806451612903,0.16129032258064516,0.4838709677419355,0.03225806451612903
AV4-3-CAADYQGGSAKLIF-AJ57_BV2-CASSQERLLGGAETLYF-BJ2-3,27,0.9444161105496324,2,56.0,0.0,0.0,0.05357142857142857,0.017857142857142856,0.03571428571428571,0.03571428571428571,0.0,0.05357142857142857,0.0,0.017857142857142856,0.10714285714285714,0.625,0.05357142857142857
AV4-3-CAADYQGGSAKLIF-AJ57_BV2-CASSQERLLGGAETLYF-BJ2-3,27,0.9444161105496324,3,62.0,0.0,0.0,0.0,0.03225806451612903,0.03225806451612903,0.0,0.016129032258064516,0.03225806451612903,0.0,0.016129032258064516,0.11290322580645161,0.7580645161290323,0.0
AV4-3-CAADYQGGSAKLIF-AJ57_BV2-CASSQERLLGGAETLYF-BJ2-3,27,0.9444161105496324,4,68.0,0.04411764705882353,0.014705882352941176,0.07352941176470588,0.08823529411764706,0.1323529411764706,0.08823529411764706,0.014705882352941176,0.014705882352941176,0.04411764705882353,0.10294117647058823,0.014705882352941176,0.3382352941176471,0.029411764705882353
AV4-3-CAADYQGGSAKLIF-AJ57_BV2-CASSQERLLGGAETLYF-BJ2-3,27,0.9444161105496324,5,98.0,0.01020408163265306,0.01020408163265306,0.02040816326530612,0.061224489795918366,0.08163265306122448,0.05102040816326531,0.02040816326530612,0.02040816326530612,0.0,0.061224489795918366,0.05102040816326531,0.5816326530612245,0.030612244897959183
AV4-3-CAADYQGGSAKLIF-AJ57_BV2-CASSQERLLGGAETLYF-BJ2-3,27,0.9444161105496324,6,119.0,0.01680672268907563,0.07563025210084033,0.058823529411764705,0.05042016806722689,0.03361344537815126,0.058823529411764705,0.025210084033613446,0.025210084033613446,0.01680672268907563,0.058823529411764705,0.07563025210084033,0.4957983193277311,0.008403361344537815
AV4-3-CAADYQGGSAKLIF-AJ57_BV2-CASSQERLLGGAETLYF-BJ2-3,27,0.9444161105496324,7,122.0,0.040983606557377046,0.04918032786885246,0.03278688524590164,0.13934426229508196,0.06557377049180328,0.04918032786885246,0.01639344262295082,0.03278688524590164,0.0,0.05737704918032787,0.11475409836065574,0.39344262295081966,0.00819672131147541
AV6-6-CALGDQANTDKVVF-AJ34*p03_BV14-CASSLGVNTEVFF-BJ1-1,28,0.9372152964714687,1,32.0,0.0,0.0625,0.0,0.0,0.0625,0.0625,0.625,0.09375,0.0,0.09375,0.0,0.0,0.0
AV6-6-CALGDQANTDKVVF-AJ34*p03_BV14-CASSLGVNTEVFF-BJ1-1,28,0.9372152964714687,2,37.0,0.0,0.0,0.0,0.08108108108108109,0.21621621621621623,0.02702702702702703,0.3783783783783784,0.0,0.0,0.08108108108108109,0.1891891891891892,0.02702702702702703,0.0
AV6-6-CALGDQANTDKVVF-AJ34*p03_BV14-CASSLGVNTEVFF-BJ1-1,28,0.9372152964714687,3,42.0,0.023809523809523808,0.0,0.023809523809523808,0.023809523809523808,0.023809523809523808,0.07142857142857142,0.6190476190476191,0.0,0.0,0.047619047619047616,0.16666666666666666,0.0,0.0
AV6-6-CALGDQANTDKVVF-AJ34*p03_BV14-CASSLGVNTEVFF-BJ1-1,28,0.9372152964714687,4,44.0,0.045454545454545456,0.022727272727272728,0.022727272727272728,0.06818181818181818,0.022727272727272728,0.045454545454545456,0.5454545454545454,0.022727272727272728,0.022727272727272728,0.0,0.18181818181818182,0.0,0.0
AV6-6-CALGDQANTDKVVF-AJ34*p03_BV14-CASSLGVNTEVFF-BJ1-1,28,0.9372152964714687,5,50.0,0.0,0.04,0.04,0.12,0.1,0.06,0.34,0.0,0.02,0.02,0.24,0.0,0.02
AV6-6-CALGDQANTDKVVF-AJ34*p03_BV14-CASSLGVNTEVFF-BJ1-1,28,0.9372152964714687,6,56.0,0.017857142857142856,0.0,0.0,0.03571428571428571,0.05357142857142857,0.08928571428571429,0.6428571428571429,0.05357142857142857,0.0,0.08928571428571429,0.017857142857142856,0.0,0.0
AV6-6-CALGDQANTDKVVF-AJ34*p03_BV14-CASSLGVNTEVFF-BJ1-1,28,0.9372152964714687,7,59.0,0.0,0.0,0.03389830508474576,0.03389830508474576,0.03389830508474576,0.03389830508474576,0.7288135593220338,0.01694915254237288,0.0,0.03389830508474576,0.0847457627118644,0.0,0.0
AV6-6-CALGDQANTDKVVF-AJ34*p03_BV14-CASSLGVNTEVFF-BJ1-1,28,0.9372152964714687,8,68.0,0.014705882352941176,0.0,0.0,0.058823529411764705,0.04411764705882353,0.058823529411764705,0.5735294117647058,0.014705882352941176,0.0,0.04411764705882353,0.14705882352941177,0.04411764705882353,0.0
AV6-6-CALGDQANTDKVVF-AJ34*p03_BV14-CASSLGVNTEVFF-BJ1-1,28,0.9372152964714687,9,69.0,0.014492753623188406,0.0,0.014492753623188406,0.028985507246376812,0.14492753623188406,0.043478260869565216,0.6666666666666666,0.0,0.0,0.043478260869565216,0.043478260869565216,0.0,0.0
AV6-6-CALGDQANTDKVVF-AJ34*p03_BV14-CASSLGVNTEVFF-BJ1-1,28,0.9372152964714687,10,73.0,0.0136986301369863,0.0,0.0410958904109589,0.0821917808219178,0.0958904109589041,0.1506849315068493,0.3972602739726027,0.0136986301369863,0.0,0.0684931506849315,0.1095890410958904,0.0273972602739726,0.0
AV6-6-CALGDQANTDKVVF-AJ34*p03_BV14-CASSLGVNTEVFF-BJ1-1,28,0.9372152964714687,11,114.0,0.0,0.017543859649122806,0.0,0.08771929824561403,0.043859649122807015,0.07894736842105263,0.5,0.043859649122807015,0.0,0.07894736842105263,0.14035087719298245,0.008771929824561403,0.0
AV6-6-CALGDQANTDKVVF-AJ34*p03_BV14-CASSLGVNTEVFF-BJ1-1,28,0.9372152964714687,12,117.0,0.008547008547008548,0.017094017094017096,0.03418803418803419,0.05982905982905983,0.13675213675213677,0.07692307692307693,0.46153846153846156,0.03418803418803419,0.0,0.07692307692307693,0.05128205128205128,0.042735042735042736,0.0
AV6-6-CALGDQANTDKVVF-AJ34*p03_BV14-CASSLGVNTEVFF-BJ1-1,28,0.9372152964714687,13,118.0,0.01694915254237288,0.00847457627118644,0.00847457627118644,0.025423728813559324,0.059322033898305086,0.0423728813559322,0.6016949152542372,0.025423728813559324,0.0,0.00847457627118644,0.1440677966101695,0.03389830508474576,0.025423728813559324
AV6D-7-CALSEVSGGNYKPTF-AJ6_BV14-CASSLGANSDYTF-BJ1-2,29,0.9311284603339198,1,25.0,0.0,0.0,0.0,0.52,0.0,0.0,0.0,0.0,0.0,0.0,0.4,0.08,0.0
AV6D-7-CALSEVSGGNYKPTF-AJ6_BV14-CASSLGANSDYTF-BJ1-2,29,0.9311284603339198,2,29.0,0.0,0.034482758620689655,0.0,0.4827586206896552,0.0,0.0,0.0,0.10344827586206896,0.034482758620689655,0.034482758620689655,0.1724137931034483,0.13793103448275862,0.0
AV6D-7-CALSEVSGGNYKPTF-AJ6_BV14-CASSLGANSDYTF-BJ1-2,29,0.9311284603339198,3,50.0,0.0,0.08,0.0,0.26,0.02,0.0,0.02,0.02,0.0,0.12,0.28,0.2,0.0
AV6D-7-CALSEVSGGNYKPTF-AJ6_BV14-CASSLGANSDYTF-BJ1-2,29,0.9311284603339198,4,52.0,0.0,0.0,0.0,0.5769230769230769,0.038461538461538464,0.019230769230769232,0.0,0.0,0.0,0.038461538461538464,0.3269230769230769,0.0,0.0
AV6D-7-CALSEVSGGNYKPTF-AJ6_BV14-CASSLGANSDYTF-BJ1-2,29,0.9311284603339198,5,53.0,0.0,0.03773584905660377,0.11320754716981132,0.5660377358490566,0.0,0.0,0.05660377358490566,0.0,0.0,0.0,0.20754716981132076,0.018867924528301886,0.0
AV6D-7-CALSEVSGGNYKPTF-AJ6_BV14-CASSLGANSDYTF-BJ1-2,29,0.9311284603339198,6,63.0,0.015873015873015872,0.0,0.0,0.5079365079365079,0.015873015873015872,0.015873015873015872,0.015873015873015872,0.031746031746031744,0.0,0.031746031746031744,0.36507936507936506,0.0,0.0
AV6D-7-CALSEVSGGNYKPTF-AJ6_BV14-CASSLGANSDYTF-BJ1-2,29,0.9311284603339198,7,72.0,0.013888888888888888,0.0,0.0,0.5138888888888888,0.0,0.0,0.0,0.0,0.0,0.08333333333333333,0.25,0.1388888888888889,0.0
AV6D-7-CALSEVSGGNYKPTF-AJ6_BV14-CASSLGANSDYTF-BJ1-2,29,0.9311284603339198,8,86.0,0.0,0.0,0.0,0.5116279069767442,0.0,0.0,0.011627906976744186,0.046511627906976744,0.03488372093023256,0.011627906976744186,0.37209302325581395,0.011627906976744186,0.0
AV6D-7-CALSEVSGGNYKPTF-AJ6_BV14-CASSLGANSDYTF-BJ1-2,29,0.9311284603339198,9,98.0,0.01020408163265306,0.0,0.0,0.5102040816326531,0.0,0.02040816326530612,0.0,0.01020408163265306,0.02040816326530612,0.0,0.3877551020408163,0.04081632653061224,0.0
AV6D-7-CALSEVSGGNYKPTF-AJ6_BV14-CASSLGANSDYTF-BJ1-2,29,0.9311284603339198,10,111.0,0.0,0.009009009009009009,0.0,0.5945945945945946,0.009009009009009009,0.036036036036036036,0.009009009009009009,0.009009009009009009,0.0,0.02702702702702703,0.3063063063063063,0.0,0.0
AV6D-7-CALSEVSGGNYKPTF-AJ6_BV14-CASSLGANSDYTF-BJ1-2,29,0.9311284603339198,11,113.0,0.008849557522123894,0.04424778761061947,0.0,0.26548672566371684,0.02654867256637168,0.008849557522123894,0.017699115044247787,0.02654867256637168,0.07079646017699115,0.04424778761061947,0.4247787610619469,0.061946902654867256,0.0
AV6D-7-CALSEVSGGNYKPTF-AJ6_BV14-CASSLGANSDYTF-BJ1-2,29,0.9311284603339198,12,129.0,0.023255813953488372,0.007751937984496124,0.007751937984496124,0.6434108527131783,0.0,0.015503875968992248,0.015503875968992248,0.0,0.0,0.015503875968992248,0.2558139534883721,0.015503875968992248,0.0
AV6D-7-CALSEVSGGNYKPTF-AJ6_BV14-CASSLGANSDYTF-BJ1-2,29,0.9311284603339198,13,143.0,0.0,0.027972027972027972,0.006993006993006993,0.40559440559440557,0.0,0.013986013986013986,0.04895104895104895,0.04195804195804196,0.0,0.04195804195804196,0.3986013986013986,0.013986013986013986,0.0
AV6D-7-CALSEVSGGNYKPTF-AJ6_BV14-CASSLGANSDYTF-BJ1-2,29,0.9311284603339198,14,319.0,0.003134796238244514,0.0,0.0,0.5956112852664577,0.003134796238244514,0.0219435736677116,0.006269592476489028,0.009404388714733543,0.003134796238244514,0.009404388714733543,0.3385579937304075,0.009404388714733543,0.0
AV3-3-CAVMPNYNVLYF-AJ21*p03_BV13-2-CASGDLGTDNNQAPLF-BJ1-5,30,0.9267124217856603,1,38.0,0.0,0.02631578947368421,0.10526315789473684,0.02631578947368421,0.07894736842105263,0.02631578947368421,0.07894736842105263,0.02631578947368421,0.0,0.10526315789473684,0.5,0.02631578947368421,0.0
AV3-3-CAVMPNYNVLYF-AJ21*p03_BV13-2-CASGDLGTDNNQAPLF-BJ1-5,30,0.9267124217856603,2,109.0,0.0,0.027522935779816515,0.027522935779816515,0.027522935779816515,0.09174311926605505,0.027522935779816515,0.0,0.045871559633027525,0.0,0.13761467889908258,0.5963302752293578,0.009174311926605505,0.009174311926605505
AV3-3-CAVMPNYNVLYF-AJ21*p03_BV13-2-CASGDLGTDNNQAPLF-BJ1-5,30,0.9267124217856603,3,131.0,0.0,0.0,0.0,0.030534351145038167,0.04580152671755725,0.022900763358778626,0.0,0.015267175572519083,0.015267175572519083,0.12213740458015267,0.7251908396946565,0.022900763358778626,0.0
AV3-3-CAVMPNYNVLYF-AJ21*p03_BV13-2-CASGDLGTDNNQAPLF-BJ1-5,30,0.9267124217856603,4,175.0,0.005714285714285714,0.0,0.06857142857142857,0.011428571428571429,0.05714285714285714,0.06857142857142857,0.0,0.017142857142857144,0.005714285714285714,0.03428571428571429,0.6971428571428572,0.022857142857142857,0.011428571428571429
AV3-3-CAVMPNYNVLYF-AJ21*p03_BV13-2-CASGDLGTDNNQAPLF-BJ1-5,30,0.9267124217856603,5,180.0,0.027777777777777776,0.027777777777777776,0.027777777777777776,0.16666666666666666,0.13333333333333333,0.09444444444444444,0.03333333333333333,0.05,0.0,0.10555555555555556,0.2777777777777778,0.05555555555555555,0.0
AV3-3-CAVMPNYNVLYF-AJ21*p03_BV13-2-CASGDLGTDNNQAPLF-BJ1-5,30,0.9267124217856603,6,448.0,0.013392857142857142,0.020089285714285716,0.020089285714285716,0.046875,0.04017857142857143,0.049107142857142856,0.008928571428571428,0.03125,0.004464285714285714,0.09821428571428571,0.6495535714285714,0.017857142857142856,0.0
AV14D-2-CAASGLPNYNVLYF-AJ21*p03_BV2-CASSQRLGDQDTQYF-BJ2-5,31,0.9224963860365565,1,15.0,0.06666666666666667,0.0,0.0,0.0,0.0,0.0,0.5333333333333333,0.2,0.06666666666666667,0.06666666666666667,0.0,0.06666666666666667,0.0
AV14D-2-CAASGLPNYNVLYF-AJ21*p03_BV2-CASSQRLGDQDTQYF-BJ2-5,31,0.9224963860365565,2,31.0,0.0,0.0,0.0,0.03225806451612903,0.0,0.03225806451612903,0.45161290322580644,0.41935483870967744,0.0,0.0,0.06451612903225806,0.0,0.0
AV14D-2-CAASGLPNYNVLYF-AJ21*p03_BV2-CASSQRLGDQDTQYF-BJ2-5,31,0.9224963860365565,3,82.0,0.0,0.0,0.0,0.04878048780487805,0.06097560975609756,0.0,0.6829268292682927,0.0975609756097561,0.024390243902439025,0.024390243902439025,0.024390243902439025,0.036585365853658534,0.0
AV14D-2-CAASGLPNYNVLYF-AJ21*p03_BV2-CASSQRLGDQDTQYF-BJ2-5,31,0.9224963860365565,4,86.0,0.0,0.0,0.011627906976744186,0.023255813953488372,0.09302325581395349,0.0,0.3953488372093023,0.3953488372093023,0.0,0.011627906976744186,0.011627906976744186,0.05813953488372093,0.0
AV14D-2-CAASGLPNYNVLYF-AJ21*p03_BV2-CASSQRLGDQDTQYF-BJ2-5,31,0.9224963860365565,5,90.0,0.011111111111111112,0.011111111111111112,0.011111111111111112,0.0,0.011111111111111112,0.0,0.6222222222222222,0.3,0.011111111111111112,0.011111111111111112,0.0,0.011111111111111112,0.0
AV14D-2-CAASGLPNYNVLYF-AJ21*p03_BV2-CASSQRLGDQDTQYF-BJ2-5,31,0.9224963860365565,6,143.0,0.02097902097902098,0.013986013986013986,0.0,0.006993006993006993,0.0,0.027972027972027972,0.46153846153846156,0.44755244755244755,0.0,0.006993006993006993,0.006993006993006993,0.006993006993006993,0.0
AV14D-2-CAASGLPNYNVLYF-AJ21*p03_BV2-CASSQRLGDQDTQYF-BJ2-5,31,0.9224963860365565,7,189.0,0.010582010582010581,0.0,0.010582010582010581,0.015873015873015872,0.010582010582010581,0.005291005291005291,0.6666666666666666,0.2222222222222222,0.010582010582010581,0.005291005291005291,0.037037037037037035,0.005291005291005291,0.0
AV4-3-CAGTGNTRKLIF-AJ37*p02_BV4-CASSPGTGYAEQFF-BJ2-1,32,0.9136980138805119,1,8.0,0.125,0.375,0.0,0.0,0.0,0.0,0.5,0.0,0.0,0.0,0.0,0.0,0.0
AV4-3-CAGTGNTRKLIF-AJ37*p02_BV4-CASSPGTGYAEQFF-BJ2-1,32,0.9136980138805119,2,24.0,0.0,0.4583333333333333,0.041666666666666664,0.041666666666666664,0.0,0.041666666666666664,0.3333333333333333,0.0,0.0,0.041666666666666664,0.041666666666666664,0.0,0.0
AV4-3-CAGTGNTRKLIF-AJ37*p02_BV4-CASSPGTGYAEQFF-BJ2-1,32,0.9136980138805119,3,33.0,0.0,0.696969696969697,0.0,0.030303030303030304,0.0,0.06060606060606061,0.15151515151515152,0.0,0.030303030303030304,0.0,0.030303030303030304,0.0,0.0
AV4-3-CAGTGNTRKLIF-AJ37*p02_BV4-CASSPGTGYAEQFF-BJ2-1,32,0.9136980138805119,4,43.0,0.06976744186046512,0.2558139534883721,0.23255813953488372,0.046511627906976744,0.046511627906976744,0.0,0.18604651162790697,0.0,0.0,0.13953488372093023,0.023255813953488372,0.0,0.0
AV4-3-CAGTGNTRKLIF-AJ37*p02_BV4-CASSPGTGYAEQFF-BJ2-1,32,0.9136980138805119,5,44.0,0.0,0.3409090909090909,0.18181818181818182,0.022727272727272728,0.0,0.022727272727272728,0.1590909090909091,0.1590909090909091,0.0,0.022727272727272728,0.045454545454545456,0.045454545454545456,0.0
AV4-3-CAGTGNTRKLIF-AJ37*p02_BV4-CASSPGTGYAEQFF-BJ2-1,32,0.9136980138805119,6,50.0,0.06,0.3,0.14,0.04,0.08,0.0,0.16,0.02,0.02,0.04,0.02,0.12,0.0
AV4-3-CAGTGNTRKLIF-AJ37*p02_BV4-CASSPGTGYAEQFF-BJ2-1,32,0.9136980138805119,7,56.0,0.017857142857142856,0.42857142857142855,0.16071428571428573,0.017857142857142856,0.017857142857142856,0.0,0.30357142857142855,0.017857142857142856,0.0,0.017857142857142856,0.017857142857142856,0.0,0.0
AV4-3-CAGTGNTRKLIF-AJ37*p02_BV4-CASSPGTGYAEQFF-BJ2-1,32,0.9136980138805119,8,64.0,0.015625,0.65625,0.109375,0.0,0.015625,0.015625,0.109375,0.03125,0.0,0.015625,0.03125,0.0,0.0
AV4-3-CAGTGNTRKLIF-AJ37*p02_BV4-CASSPGTGYAEQFF-BJ2-1,32,0.9136980138805119,9,86.0,0.0,0.5116279069767442,0.10465116279069768,0.03488372093023256,0.03488372093023256,0.03488372093023256,0.13953488372093023,0.05813953488372093,0.0,0.0,0.011627906976744186,0.06976744186046512,0.0
AV4-3-CAGTGNTRKLIF-AJ37*p02_BV4-CASSPGTGYAEQFF-BJ2-1,32,0.9136980138805119,10,91.0,0.0,0.4725274725274725,0.24175824175824176,0.13186813186813187,0.0,0.0,0.0989010989010989,0.0,0.0,0.02197802197802198,0.03296703296703297,0.0,0.0
AV4-3-CAGTGNTRKLIF-AJ37*p02_BV4-CASSPGTGYAEQFF-BJ2-1,32,0.9136980138805119,11,104.0,0.0,0.4807692307692308,0.0673076923076923,0.0673076923076923,0.009615384615384616,0.009615384615384616,0.15384615384615385,0.028846153846153848,0.009615384615384616,0.028846153846153848,0.04807692307692308,0.09615384615384616,0.0
AV4-3-CAGTGNTRKLIF-AJ37*p02_BV4-CASSPGTGYAEQFF-BJ2-1,32,0.9136980138805119,12,118.0,0.025423728813559324,0.4322033898305085,0.11864406779661017,0.03389830508474576,0.01694915254237288,0.05084745762711865,0.19491525423728814,0.03389830508474576,0.01694915254237288,0.0,0.05084745762711865,0.025423728813559324,0.0
AV4-3-CAGTGNTRKLIF-AJ37*p02_BV4-CASSPGTGYAEQFF-BJ2-1,32,0.9136980138805119,13,161.0,0.006211180124223602,0.5652173913043478,0.08695652173913043,0.012422360248447204,0.006211180124223602,0.0,0.2608695652173913,0.012422360248447204,0.0,0.0,0.018633540372670808,0.031055900621118012,0.0
AV4-3-CAGTGNTRKLIF-AJ37*p02_BV4-CASSPGTGYAEQFF-BJ2-1,32,0.9136980138805119,14,173.0,0.0,0.6011560693641619,0.07514450867052024,0.011560693641618497,0.0,0.011560693641618497,0.20809248554913296,0.017341040462427744,0.011560693641618497,0.023121387283236993,0.0,0.04046242774566474,0.0
AV4-3-CAGTGNTRKLIF-AJ37*p02_BV4-CASSPGTGYAEQFF-BJ2-1,32,0.9136980138805119,15,185.0,0.005405405405405406,0.7027027027027027,0.04864864864864865,0.021621621621621623,0.021621621621621623,0.005405405405405406,0.13513513513513514,0.016216216216216217,0.0,0.010810810810810811,0.016216216216216217,0.016216216216216217,0.0
AV4-3-CAGTGNTRKLIF-AJ37*p02_BV4-CASSPGTGYAEQFF-BJ2-1,32,0.9136980138805119,16,200.0,0.02,0.36,0.1,0.03,0.015,0.03,0.175,0.0,0.005,0.025,0.165,0.075,0.0
AV4-3-CAGTGNTRKLIF-AJ37*p02_BV4-CASSPGTGYAEQFF-BJ2-1,32,0.9136980138805119,17,255.0,0.011764705882352941,0.4980392156862745,0.13333333333333333,0.01568627450980392,0.011764705882352941,0.00392156862745098,0.26666666666666666,0.01568627450980392,0.011764705882352941,0.011764705882352941,0.01568627450980392,0.00392156862745098,0.0
AV4-3-CAGTGNTRKLIF-AJ37*p02_BV4-CASSPGTGYAEQFF-BJ2-1,32,0.9136980138805119,18,287.0,0.003484320557491289,0.6202090592334495,0.10452961672473868,0.006968641114982578,0.010452961672473868,0.010452961672473868,0.21254355400696864,0.003484320557491289,0.0,0.006968641114982578,0.020905923344947737,0.0,0.0
AV4-3-CAGTGNTRKLIF-AJ37*p02_BV4-CASSPGTGYAEQFF-BJ2-1,32,0.9136980138805119,19,359.0,0.002785515320334262,0.5877437325905293,0.10027855153203342,0.016713091922005572,0.0,0.008356545961002786,0.23676880222841226,0.002785515320334262,0.002785515320334262,0.011142061281337047,0.016713091922005572,0.013927576601671309,0.0
AV4-3-CAGTGNTRKLIF-AJ37*p02_BV4-CASSPGTGYAEQFF-BJ2-1,32,0.9136980138805119,20,536.0,0.0018656716417910447,0.6380597014925373,0.10634328358208955,0.009328358208955223,0.007462686567164179,0.007462686567164179,0.19029850746268656,0.011194029850746268,0.0037313432835820895,0.007462686567164179,0.007462686567164179,0.009328358208955223,0.0
AV4-3-CAGTGNTRKLIF-AJ37*p02_BV4-CASSPGTGYAEQFF-BJ2-1,32,0.9136980138805119,21,542.0,0.00922509225092251,0.566420664206642,0.12361623616236163,0.014760147601476014,0.005535055350553505,0.0036900369003690036,0.23985239852398524,0.005535055350553505,0.0018450184501845018,0.01107011070110701,0.014760147601476014,0.0036900369003690036,0.0
AV6D-7-CALRYGGSGNKLIF-AJ32_BV3-CASSLGTGDTQYF-BJ2-5,33,0.9055852806195654,1,77.0,0.0,0.025974025974025976,0.012987012987012988,0.1038961038961039,0.07792207792207792,0.06493506493506493,0.03896103896103896,0.025974025974025976,0.0,0.5714285714285714,0.07792207792207792,0.0,0.0
AV6D-7-CALRYGGSGNKLIF-AJ32_BV3-CASSLGTGDTQYF-BJ2-5,33,0.9055852806195654,2,78.0,0.0,0.01282051282051282,0.0,0.28205128205128205,0.02564102564102564,0.01282051282051282,0.01282051282051282,0.01282051282051282,0.0,0.5,0.0641025641025641,0.07692307692307693,0.0
AV6D-7-CALRYGGSGNKLIF-AJ32_BV3-CASSLGTGDTQYF-BJ2-5,33,0.9055852806195654,3,120.0,0.008333333333333333,0.016666666666666666,0.0,0.025,0.008333333333333333,0.025,0.0,0.008333333333333333,0.0,0.85,0.05,0.008333333333333333,0.0
AV6D-7-CALRYGGSGNKLIF-AJ32_BV3-CASSLGTGDTQYF-BJ2-5,33,0.9055852806195654,4,137.0,0.014598540145985401,0.014598540145985401,0.029197080291970802,0.058394160583941604,0.058394160583941604,0.021897810218978103,0.014598540145985401,0.029197080291970802,0.0072992700729927005,0.5401459854014599,0.145985401459854,0.043795620437956206,0.021897810218978103
AV6D-7-CALRYGGSGNKLIF-AJ32_BV3-CASSLGTGDTQYF-BJ2-5,33,0.9055852806195654,5,273.0,0.01098901098901099,0.003663003663003663,0.007326007326007326,0.03663003663003663,0.02197802197802198,0.040293040293040296,0.01098901098901099,0.0,0.0,0.8534798534798534,0.014652014652014652,0.0,0.0
AV6D-7-CALRYGGSGNKLIF-AJ32_BV3-CASSLGTGDTQYF-BJ2-5,33,0.9055852806195654,6,431.0,0.009280742459396751,0.0,0.016241299303944315,0.03248259860788863,0.02088167053364269,0.027842227378190254,0.004640371229698376,0.002320185614849188,0.004640371229698376,0.8051044083526682,0.06960556844547564,0.0069605568445475635,0.0
AV6D-7-CALRYGGSGNKLIF-AJ32_BV3-CASSLGTGDTQYF-BJ2-5,33,0.9055852806195654,7,461.0,0.004338394793926247,0.015184381778741865,0.019522776572668113,0.028199566160520606,0.0368763557483731,0.1019522776572668,0.3080260303687636,0.021691973969631236,0.004338394793926247,0.4121475054229935,0.0368763557483731,0.010845986984815618,0.0
AV16/DV11-CAMREGNTGYQNFYF-AJ49_BV13-2-CASGRGAGNTLYF-BJ1-3,34,0.9001303610274163,1,20.0,0.05,0.0,0.05,0.0,0.05,0.45,0.0,0.05,0.0,0.15,0.2,0.0,0.0
AV16/DV11-CAMREGNTGYQNFYF-AJ49_BV13-2-CASGRGAGNTLYF-BJ1-3,34,0.9001303610274163,2,35.0,0.0,0.0,0.08571428571428572,0.0,0.14285714285714285,0.42857142857142855,0.0,0.22857142857142856,0.0,0.08571428571428572,0.02857142857142857,0.0,0.0
AV16/DV11-CAMREGNTGYQNFYF-AJ49_BV13-2-CASGRGAGNTLYF-BJ1-3,34,0.9001303610274163,3,50.0,0.0,0.0,0.02,0.06,0.04,0.48,0.02,0.22,0.0,0.06,0.1,0.0,0.0
AV16/DV11-CAMREGNTGYQNFYF-AJ49_BV13-2-CASGRGAGNTLYF-BJ1-3,34,0.9001303610274163,4,64.0,0.03125,0.0,0.015625,0.09375,0.125,0.265625,0.0,0.203125,0.0,0.0625,0.125,0.078125,0.0
AV16/DV11-CAMREGNTGYQNFYF-AJ49_BV13-2-CASGRGAGNTLYF-BJ1-3,34,0.9001303610274163,5,110.0,0.01818181818181818,0.01818181818181818,0.02727272727272727,0.11818181818181818,0.08181818181818182,0.2636363636363636,0.0,0.14545454545454545,0.0,0.10909090909090909,0.18181818181818182,0.01818181818181818,0.01818181818181818
AV16/DV11-CAMREGNTGYQNFYF-AJ49_BV13-2-CASGRGAGNTLYF-BJ1-3,34,0.9001303610274163,6,135.0,0.02962962962962963,0.05185185185185185,0.014814814814814815,0.022222222222222223,0.1037037037037037,0.45185185185185184,0.007407407407407408,0.23703703703703705,0.014814814814814815,0.007407407407407408,0.05185185185185185,0.007407407407407408,0.0
AV16/DV11-CAMREGNTGYQNFYF-AJ49_BV13-2-CASGRGAGNTLYF-BJ1-3,34,0.9001303610274163,7,237.0,0.008438818565400843,0.029535864978902954,0.04219409282700422,0.10126582278481013,0.13924050632911392,0.270042194092827,0.016877637130801686,0.12658227848101267,0.0,0.0759493670886076,0.1518987341772152,0.02531645569620253,0.012658227848101266
AV3D-3-CAVGAGNTRKLIF-AJ37*p02_BV13-2-CASGPSGGADTQYF-BJ2-5,35,0.8977498920667543,1,5.0,0.0,0.0,0.0,0.0,0.0,0.4,0.0,0.6,0.0,0.0,0.0,0.0,0.0
AV3D-3-CAVGAGNTRKLIF-AJ37*p02_BV13-2-CASGPSGGADTQYF-BJ2-5,35,0.8977498920667543,2,9.0,0.0,0.0,0.0,0.0,0.0,0.0,0.0,0.8888888888888888,0.0,0.1111111111111111,0.0,0.0,0.0
AV3D-3-CAVGAGNTRKLIF-AJ37*p02_BV13-2-CASGPSGGADTQYF-BJ2-5,35,0.8977498920667543,3,11.0,0.0,0.09090909090909091,0.0,0.0,0.09090909090909091,0.0,0.18181818181818182,0.5454545454545454,0.0,0.0,0.0,0.09090909090909091,0.0
AV3D-3-CAVGAGNTRKLIF-AJ37*p02_BV13-2-CASGPSGGADTQYF-BJ2-5,35,0.8977498920667543,4,14.0,0.0,0.0,0.0,0.0,0.07142857142857142,0.0,0.0,0.9285714285714286,0.0,0.0,0.0,0.0,0.0
AV3D-3-CAVGAGNTRKLIF-AJ37*p02_BV13-2-CASGPSGGADTQYF-BJ2-5,35,0.8977498920667543,5,45.0,0.0,0.0,0.0,0.0,0.022222222222222223,0.0,0.0,0.9555555555555556,0.0,0.0,0.022222222222222223,0.0,0.0
AV6-2-CVLGDRDRIFF-AJ31_BV2-CASSQRLGDQDTQYF-BJ2-5,36,0.8963370032454233,1,11.0,0.0,0.0,0.0,0.0,0.0,0.0,0.6363636363636364,0.09090909090909091,0.0,0.0,0.2727272727272727,0.0,0.0
AV6-2-CVLGDRDRIFF-AJ31_BV2-CASSQRLGDQDTQYF-BJ2-5,36,0.8963370032454233,2,22.0,0.0,0.0,0.0,0.09090909090909091,0.045454545454545456,0.0,0.6363636363636364,0.22727272727272727,0.0,0.0,0.0,0.0,0.0
AV6-2-CVLGDRDRIFF-AJ31_BV2-CASSQRLGDQDTQYF-BJ2-5,36,0.8963370032454233,3,29.0,0.0,0.0,0.0,0.10344827586206896,0.0,0.0,0.3448275862068966,0.06896551724137931,0.034482758620689655,0.0,0.20689655172413793,0.2413793103448276,0.0
AV6-2-CVLGDRDRIFF-AJ31_BV2-CASSQRLGDQDTQYF-BJ2-5,36,0.8963370032454233,4,35.0,0.0,0.02857142857142857,0.0,0.02857142857142857,0.02857142857142857,0.0,0.6,0.17142857142857143,0.0,0.0,0.11428571428571428,0.02857142857142857,0.0
AV6-2-CVLGDRDRIFF-AJ31_BV2-CASSQRLGDQDTQYF-BJ2-5,36,0.8963370032454233,5,41.0,0.024390243902439025,0.024390243902439025,0.0,0.04878048780487805,0.0,0.0,0.4634146341463415,0.1951219512195122,0.0,0.0,0.024390243902439025,0.21951219512195122,0.0
AV6-2-CVLGDRDRIFF-AJ31_BV2-CASSQRLGDQDTQYF-BJ2-5,36,0.8963370032454233,6,41.0,0.0,0.07317073170731707,0.0,0.0,0.0,0.024390243902439025,0.6341463414634146,0.2682926829268293,0.0,0.0,0.0,0.0,0.0
AV6-2-CVLGDRDRIFF-AJ31_BV2-CASSQRLGDQDTQYF-BJ2-5,36,0.8963370032454233,7,48.0,0.041666666666666664,0.0,0.0,0.020833333333333332,0.0,0.020833333333333332,0.3333333333333333,0.3333333333333333,0.0,0.125,0.020833333333333332,0.10416666666666667,0.0
AV6-2-CVLGDRDRIFF-AJ31_BV2-CASSQRLGDQDTQYF-BJ2-5,36,0.8963370032454233,8,75.0,0.02666666666666667,0.0,0.0,0.0,0.013333333333333334,0.02666666666666667,0.5066666666666667,0.32,0.013333333333333334,0.013333333333333334,0.02666666666666667,0.05333333333333334,0.0
AV6-2-CVLGDRDRIFF-AJ31_BV2-CASSQRLGDQDTQYF-BJ2-5,36,0.8963370032454233,9,86.0,0.0,0.0,0.0,0.08139534883720931,0.011627906976744186,0.0,0.5465116279069767,0.3372093023255814,0.0,0.0,0.023255813953488372,0.0,0.0
AV6-2-CVLGDRDRIFF-AJ31_BV2-CASSQRLGDQDTQYF-BJ2-5,36,0.8963370032454233,10,86.0,0.05813953488372093,0.03488372093023256,0.011627906976744186,0.023255813953488372,0.0,0.0,0.5581395348837209,0.16279069767441862,0.011627906976744186,0.06976744186046512,0.046511627906976744,0.023255813953488372,0.0
AV6-2-CVLGDRDRIFF-AJ31_BV2-CASSQRLGDQDTQYF-BJ2-5,36,0.8963370032454233,11,109.0,0.0,0.027522935779816515,0.009174311926605505,0.009174311926605505,0.009174311926605505,0.009174311926605505,0.5412844036697247,0.3669724770642202,0.0,0.0,0.009174311926605505,0.01834862385321101,0.0
AV6-2-CVLGDRDRIFF-AJ31_BV2-CASSQRLGDQDTQYF-BJ2-5,36,0.8963370032454233,12,125.0,0.016,0.0,0.0,0.016,0.016,0.016,0.504,0.36,0.0,0.016,0.048,0.008,0.0
AV6-2-CVLGDRDRIFF-AJ31_BV2-CASSQRLGDQDTQYF-BJ2-5,36,0.8963370032454233,13,172.0,0.0,0.0,0.0,0.011627906976744186,0.0,0.005813953488372093,0.4941860465116279,0.46511627906976744,0.005813953488372093,0.0,0.011627906976744186,0.005813953488372093,0.0
AV6-6-CALGSYGNEKITF-AJ48_BV13-1-CASSDAASNERLFF-BJ1-4,37,0.8942823341152971,1,6.0,0.0,0.0,0.0,0.0,0.16666666666666666,0.3333333333333333,0.0,0.3333333333333333,0.0,0.0,0.16666666666666666,0.0,0.0
AV6-6-CALGSYGNEKITF-AJ48_BV13-1-CASSDAASNERLFF-BJ1-4,37,0.8942823341152971,2,9.0,0.0,0.0,0.1111111111111111,0.0,0.0,0.0,0.0,0.6666666666666666,0.0,0.1111111111111111,0.0,0.1111111111111111,0.0
AV6-6-CALGSYGNEKITF-AJ48_BV13-1-CASSDAASNERLFF-BJ1-4,37,0.8942823341152971,3,16.0,0.0,0.0,0.0,0.0625,0.0625,0.125,0.0,0.625,0.0,0.0,0.0625,0.0625,0.0
AV6-6-CALGSYGNEKITF-AJ48_BV13-1-CASSDAASNERLFF-BJ1-4,37,0.8942823341152971,4,21.0,0.0,0.0,0.09523809523809523,0.0,0.047619047619047616,0.0,0.0,0.5714285714285714,0.0,0.047619047619047616,0.09523809523809523,0.14285714285714285,0.0
AV6-6-CALGSYGNEKITF-AJ48_BV13-1-CASSDAASNERLFF-BJ1-4,37,0.8942823341152971,5,25.0,0.0,0.0,0.04,0.0,0.04,0.04,0.04,0.8,0.0,0.0,0.04,0.0,0.0
AV6-6-CALGSYGNEKITF-AJ48_BV13-1-CASSDAASNERLFF-BJ1-4,37,0.8942823341152971,6,34.0,0.0,0.029411764705882353,0.029411764705882353,0.0,0.11764705882352941,0.0,0.058823529411764705,0.7352941176470589,0.0,0.029411764705882353,0.0,0.0,0.0
AV6-6-CALGSYGNEKITF-AJ48_BV13-1-CASSDAASNERLFF-BJ1-4,37,0.8942823341152971,7,43.0,0.0,0.0,0.0,0.0,0.0,0.0,0.0,0.9767441860465116,0.0,0.0,0.023255813953488372,0.0,0.0
AV6-6-CALGSYGNEKITF-AJ48_BV13-1-CASSDAASNERLFF-BJ1-4,37,0.8942823341152971,8,99.0,0.010101010101010102,0.010101010101010102,0.04040404040404041,0.010101010101010102,0.04040404040404041,0.0,0.06060606060606061,0.8080808080808081,0.0,0.0,0.020202020202020204,0.0,0.0
AV16D/DV11-CAMREGDSNYQLIW-AJ33_BV13-2-CASGYRAPNSDYTF-BJ1-2,38,0.8064112107094972,1,38.0,0.02631578947368421,0.0,0.0,0.631578947368421,0.05263157894736842,0.13157894736842105,0.02631578947368421,0.0,0.0,0.02631578947368421,0.10526315789473684,0.0,0.0
AV16D/DV11-CAMREGDSNYQLIW-AJ33_BV13-2-CASGYRAPNSDYTF-BJ1-2,38,0.8064112107094972,2,58.0,0.0,0.0,0.05172413793103448,0.3620689655172414,0.08620689655172414,0.1206896551724138,0.05172413793103448,0.05172413793103448,0.017241379310344827,0.05172413793103448,0.1724137931034483,0.034482758620689655,0.0
AV16D/DV11-CAMREGDSNYQLIW-AJ33_BV13-2-CASGYRAPNSDYTF-BJ1-2,38,0.8064112107094972,3,58.0,0.0,0.017241379310344827,0.0,0.6896551724137931,0.10344827586206896,0.034482758620689655,0.0,0.017241379310344827,0.0,0.017241379310344827,0.1206896551724138,0.0,0.0
AV16D/DV11-CAMREGDSNYQLIW-AJ33_BV13-2-CASGYRAPNSDYTF-BJ1-2,38,0.8064112107094972,4,68.0,0.0,0.0,0.014705882352941176,0.75,0.014705882352941176,0.0,0.0,0.014705882352941176,0.0,0.11764705882352941,0.058823529411764705,0.014705882352941176,0.014705882352941176
AV16D/DV11-CAMREGDSNYQLIW-AJ33_BV13-2-CASGYRAPNSDYTF-BJ1-2,38,0.8064112107094972,5,129.0,0.023255813953488372,0.015503875968992248,0.023255813953488372,0.6124031007751938,0.05426356589147287,0.046511627906976744,0.007751937984496124,0.046511627906976744,0.0,0.06201550387596899,0.09302325581395349,0.015503875968992248,0.0
AV16D/DV11-CAMREGDSNYQLIW-AJ33_BV13-2-CASGYRAPNSDYTF-BJ1-2,38,0.8064112107094972,6,139.0,0.0,0.02158273381294964,0.050359712230215826,0.4028776978417266,0.07913669064748201,0.05755395683453238,0.02158273381294964,0.050359712230215826,0.0,0.12949640287769784,0.14388489208633093,0.03597122302158273,0.007194244604316547
AV16D/DV11-CAMREGDSNYQLIW-AJ33_BV13-2-CASGYRAPNSDYTF-BJ1-2,38,0.8064112107094972,7,177.0,0.03389830508474576,0.005649717514124294,0.01694915254237288,0.14124293785310735,0.03954802259887006,0.03389830508474576,0.02824858757062147,0.03389830508474576,0.011299435028248588,0.4576271186440678,0.12994350282485875,0.062146892655367235,0.005649717514124294
AV4-3-CAAEGSNYQLIW-AJ33_BV13-1-CASSDALGGRSEQFF-BJ2-1,39,0.803827583481714,1,64.0,0.0,0.0,0.0,0.015625,0.03125,0.0,0.0,0.0,0.0,0.921875,0.015625,0.015625,0.0
AV4-3-CAAEGSNYQLIW-AJ33_BV13-1-CASSDALGGRSEQFF-BJ2-1,39,0.803827583481714,2,68.0,0.0,0.0,0.0,0.029411764705882353,0.014705882352941176,0.014705882352941176,0.0,0.0,0.0,0.8382352941176471,0.029411764705882353,0.07352941176470588,0.0
AV4-3-CAAEGSNYQLIW-AJ33_BV13-1-CASSDALGGRSEQFF-BJ2-1,39,0.803827583481714,3,79.0,0.012658227848101266,0.0,0.0,0.012658227848101266,0.0,0.0,0.012658227848101266,0.0,0.02531645569620253,0.9240506329113924,0.012658227848101266,0.0,0.0
AV4-3-CAAEGSNYQLIW-AJ33_BV13-1-CASSDALGGRSEQFF-BJ2-1,39,0.803827583481714,4,86.0,0.0,0.046511627906976744,0.0,0.046511627906976744,0.011627906976744186,0.0,0.0,0.011627906976744186,0.011627906976744186,0.7790697674418605,0.046511627906976744,0.046511627906976744,0.0
AV4-3-CAAEGSNYQLIW-AJ33_BV13-1-CASSDALGGRSEQFF-BJ2-1,39,0.803827583481714,5,92.0,0.010869565217391304,0.0,0.08695652173913043,0.16304347826086957,0.043478260869565216,0.010869565217391304,0.021739130434782608,0.021739130434782608,0.043478260869565216,0.5434782608695652,0.03260869565217391,0.021739130434782608,0.0
AV4-3-CAAEGSNYQLIW-AJ33_BV13-1-CASSDALGGRSEQFF-BJ2-1,39,0.803827583481714,6,118.0,0.0,0.0,0.00847457627118644,0.0,0.00847457627118644,0.0,0.01694915254237288,0.00847457627118644,0.00847457627118644,0.9322033898305084,0.00847457627118644,0.00847457627118644,0.0
AV4-3-CAAEGSNYQLIW-AJ33_BV13-1-CASSDALGGRSEQFF-BJ2-1,39,0.803827583481714,7,315.0,0.0031746031746031746,0.0,0.0,0.6952380952380952,0.0380952380952381,0.006349206349206349,0.0,0.009523809523809525,0.006349206349206349,0.21904761904761905,0.009523809523809525,0.012698412698412698,0.0
AV12-2-CALSEGSNYQLIW-AJ33_BV1-CTCSAVWGEDTQYF-BJ2-5,40,0.7566640343393242,1,3.0,0.0,0.0,1.0,0.0,0.0,0.0,0.0,0.0,0.0,0.0,0.0,0.0,0.0
AV12-2-CALSEGSNYQLIW-AJ33_BV1-CTCSAVWGEDTQYF-BJ2-5,40,0.7566640343393242,2,14.0,0.21428571428571427,0.0,0.0,0.35714285714285715,0.0,0.0,0.0,0.07142857142857142,0.0,0.0,0.0,0.35714285714285715,0.0
AV12-2-CALSEGSNYQLIW-AJ33_BV1-CTCSAVWGEDTQYF-BJ2-5,40,0.7566640343393242,3,14.0,0.0,0.0,0.0,0.7857142857142857,0.0,0.0,0.0,0.07142857142857142,0.0,0.07142857142857142,0.07142857142857142,0.0,0.0
AV12-2-CALSEGSNYQLIW-AJ33_BV1-CTCSAVWGEDTQYF-BJ2-5,40,0.7566640343393242,4,17.0,0.0,0.0,0.0,0.9411764705882353,0.0,0.0,0.0,0.0,0.0,0.0,0.0,0.058823529411764705,0.0
AV12-2-CALSEGSNYQLIW-AJ33_BV1-CTCSAVWGEDTQYF-BJ2-5,40,0.7566640343393242,5,35.0,0.02857142857142857,0.0,0.02857142857142857,0.8571428571428571,0.0,0.02857142857142857,0.02857142857142857,0.0,0.0,0.0,0.0,0.02857142857142857,0.0
AV12-2-CALSEGSNYQLIW-AJ33_BV1-CTCSAVWGEDTQYF-BJ2-5,40,0.7566640343393242,6,35.0,0.0,0.02857142857142857,0.0,0.8,0.0,0.02857142857142857,0.0,0.08571428571428572,0.02857142857142857,0.0,0.0,0.02857142857142857,0.0
AV12-2-CALSEGSNYQLIW-AJ33_BV1-CTCSAVWGEDTQYF-BJ2-5,40,0.7566640343393242,7,35.0,0.0,0.0,0.0,0.8285714285714286,0.02857142857142857,0.11428571428571428,0.0,0.0,0.0,0.02857142857142857,0.0,0.0,0.0
AV12-2-CALSEGSNYQLIW-AJ33_BV1-CTCSAVWGEDTQYF-BJ2-5,40,0.7566640343393242,8,37.0,0.0,0.0,0.0,0.8918918918918919,0.0,0.0,0.0,0.0,0.0,0.08108108108108109,0.02702702702702703,0.0,0.0
AV12-2-CALSEGSNYQLIW-AJ33_BV1-CTCSAVWGEDTQYF-BJ2-5,40,0.7566640343393242,9,37.0,0.0,0.0,0.0,0.918918918918919,0.02702702702702703,0.0,0.0,0.02702702702702703,0.0,0.02702702702702703,0.0,0.0,0.0
AV12-2-CALSEGSNYQLIW-AJ33_BV1-CTCSAVWGEDTQYF-BJ2-5,40,0.7566640343393242,10,37.0,0.02702702702702703,0.0,0.0,0.6756756756756757,0.0,0.0,0.02702702702702703,0.0,0.0,0.02702702702702703,0.16216216216216217,0.08108108108108109,0.0
AV12-2-CALSEGSNYQLIW-AJ33_BV1-CTCSAVWGEDTQYF-BJ2-5,40,0.7566640343393242,11,43.0,0.0,0.0,0.0,0.9069767441860465,0.0,0.0,0.0,0.023255813953488372,0.0,0.023255813953488372,0.046511627906976744,0.0,0.0
AV12-2-CALSEGSNYQLIW-AJ33_BV1-CTCSAVWGEDTQYF-BJ2-5,40,0.7566640343393242,12,43.0,0.0,0.06976744186046512,0.0,0.7441860465116279,0.0,0.023255813953488372,0.023255813953488372,0.023255813953488372,0.0,0.046511627906976744,0.06976744186046512,0.0,0.0
AV12-2-CALSEGSNYQLIW-AJ33_BV1-CTCSAVWGEDTQYF-BJ2-5,40,0.7566640343393242,13,49.0,0.0,0.0,0.0,0.9591836734693877,0.02040816326530612,0.0,0.02040816326530612,0.0,0.0,0.0,0.0,0.0,0.0
AV12-2-CALSEGSNYQLIW-AJ33_BV1-CTCSAVWGEDTQYF-BJ2-5,40,0.7566640343393242,14,57.0,0.0,0.017543859649122806,0.0,0.8070175438596491,0.0,0.0,0.0,0.10526315789473684,0.0,0.017543859649122806,0.017543859649122806,0.03508771929824561,0.0
AV12-2-CALSEGSNYQLIW-AJ33_BV1-CTCSAVWGEDTQYF-BJ2-5,40,0.7566640343393242,15,62.0,0.0,0.03225806451612903,0.0,0.6935483870967742,0.06451612903225806,0.03225806451612903,0.03225806451612903,0.016129032258064516,0.0,0.04838709677419355,0.06451612903225806,0.016129032258064516,0.0
AV12-2-CALSEGSNYQLIW-AJ33_BV1-CTCSAVWGEDTQYF-BJ2-5,40,0.7566640343393242,16,203.0,0.0049261083743842365,0.0049261083743842365,0.0,0.26108374384236455,0.6650246305418719,0.014778325123152709,0.009852216748768473,0.0,0.0,0.009852216748768473,0.024630541871921183,0.0049261083743842365,0.0
AV7-3-CADDSGYNKLTF-AJ11*p02_BV13-2-CASGDVGGQNTLYF-BJ2-4,41,0.7387034049420634,1,6.0,0.0,0.0,0.0,0.0,0.0,0.8333333333333334,0.0,0.0,0.0,0.16666666666666666,0.0,0.0,0.0
AV7-3-CADDSGYNKLTF-AJ11*p02_BV13-2-CASGDVGGQNTLYF-BJ2-4,41,0.7387034049420634,2,9.0,0.0,0.1111111111111111,0.0,0.0,0.0,0.6666666666666666,0.0,0.1111111111111111,0.0,0.0,0.1111111111111111,0.0,0.0
AV7-3-CADDSGYNKLTF-AJ11*p02_BV13-2-CASGDVGGQNTLYF-BJ2-4,41,0.7387034049420634,3,11.0,0.0,0.09090909090909091,0.0,0.0,0.0,0.9090909090909091,0.0,0.0,0.0,0.0,0.0,0.0,0.0
AV7-3-CADDSGYNKLTF-AJ11*p02_BV13-2-CASGDVGGQNTLYF-BJ2-4,41,0.7387034049420634,4,11.0,0.0,0.0,0.0,0.0,0.2727272727272727,0.18181818181818182,0.0,0.09090909090909091,0.09090909090909091,0.18181818181818182,0.09090909090909091,0.09090909090909091,0.0
AV7-3-CADDSGYNKLTF-AJ11*p02_BV13-2-CASGDVGGQNTLYF-BJ2-4,41,0.7387034049420634,5,18.0,0.0,0.0,0.0,0.0,0.0,1.0,0.0,0.0,0.0,0.0,0.0,0.0,0.0
AV7-3-CADDSGYNKLTF-AJ11*p02_BV13-2-CASGDVGGQNTLYF-BJ2-4,41,0.7387034049420634,6,20.0,0.0,0.0,0.0,0.0,0.0,1.0,0.0,0.0,0.0,0.0,0.0,0.0,0.0
AV7-3-CADDSGYNKLTF-AJ11*p02_BV13-2-CASGDVGGQNTLYF-BJ2-4,41,0.7387034049420634,7,24.0,0.0,0.0,0.0,0.16666666666666666,0.08333333333333333,0.375,0.125,0.041666666666666664,0.0,0.08333333333333333,0.08333333333333333,0.041666666666666664,0.0
AV7-3-CADDSGYNKLTF-AJ11*p02_BV13-2-CASGDVGGQNTLYF-BJ2-4,41,0.7387034049420634,8,52.0,0.0,0.0,0.0,0.019230769230769232,0.019230769230769232,0.8653846153846154,0.0,0.0,0.019230769230769232,0.038461538461538464,0.038461538461538464,0.0,0.0
AV7-3-CADDSGYNKLTF-AJ11*p02_BV13-2-CASGDVGGQNTLYF-BJ2-4,41,0.7387034049420634,9,106.0,0.0,0.0,0.0,0.0,0.0,0.9339622641509434,0.0,0.0,0.0,0.02830188679245283,0.02830188679245283,0.009433962264150943,0.0
AV7-3-CADDSGYNKLTF-AJ11*p02_BV13-2-CASGDVGGQNTLYF-BJ2-4,41,0.7387034049420634,10,113.0,0.008849557522123894,0.035398230088495575,0.0,0.04424778761061947,0.017699115044247787,0.1592920353982301,0.008849557522123894,0.0,0.04424778761061947,0.008849557522123894,0.5752212389380531,0.09734513274336283,0.0
AV16/DV11-CAMRSNTGYQNFYF-AJ49_BV13-1-CASSGLREQYF-BJ2-7,42,0.6560811933276666,1,6.0,0.0,0.16666666666666666,0.0,0.16666666666666666,0.3333333333333333,0.0,0.0,0.16666666666666666,0.0,0.0,0.16666666666666666,0.0,0.0
AV16/DV11-CAMRSNTGYQNFYF-AJ49_BV13-1-CASSGLREQYF-BJ2-7,42,0.6560811933276666,2,14.0,0.0,0.14285714285714285,0.07142857142857142,0.21428571428571427,0.21428571428571427,0.14285714285714285,0.0,0.14285714285714285,0.0,0.0,0.0,0.07142857142857142,0.0
AV16/DV11-CAMRSNTGYQNFYF-AJ49_BV13-1-CASSGLREQYF-BJ2-7,42,0.6560811933276666,3,16.0,0.0625,0.0,0.0,0.25,0.25,0.0,0.0,0.0625,0.0625,0.125,0.125,0.0625,0.0
AV16/DV11-CAMRSNTGYQNFYF-AJ49_BV13-1-CASSGLREQYF-BJ2-7,42,0.6560811933276666,4,28.0,0.0,0.03571428571428571,0.0,0.5714285714285714,0.03571428571428571,0.07142857142857142,0.03571428571428571,0.21428571428571427,0.0,0.0,0.03571428571428571,0.0,0.0
AV16/DV11-CAMRSNTGYQNFYF-AJ49_BV13-1-CASSGLREQYF-BJ2-7,42,0.6560811933276666,5,36.0,0.0,0.0,0.0,0.3333333333333333,0.08333333333333333,0.3333333333333333,0.05555555555555555,0.0,0.0,0.16666666666666666,0.027777777777777776,0.0,0.0
AV7D-2-CAANTNTGKLTF-AJ27_BV1-CTCSADRVNNQAPLF-BJ1-5,43,0.6505328259444377,1,5.0,0.0,0.0,0.0,0.8,0.0,0.0,0.0,0.0,0.0,0.2,0.0,0.0,0.0
AV7D-2-CAANTNTGKLTF-AJ27_BV1-CTCSADRVNNQAPLF-BJ1-5,43,0.6505328259444377,2,6.0,0.0,0.0,0.0,0.3333333333333333,0.0,0.0,0.0,0.0,0.0,0.0,0.0,0.3333333333333333,0.3333333333333333
AV7D-2-CAANTNTGKLTF-AJ27_BV1-CTCSADRVNNQAPLF-BJ1-5,43,0.6505328259444377,3,7.0,0.0,0.14285714285714285,0.0,0.2857142857142857,0.0,0.0,0.14285714285714285,0.0,0.0,0.0,0.0,0.42857142857142855,0.0
AV7D-2-CAANTNTGKLTF-AJ27_BV1-CTCSADRVNNQAPLF-BJ1-5,43,0.6505328259444377,4,8.0,0.0,0.25,0.0,0.5,0.0,0.0,0.0,0.0,0.0,0.0,0.25,0.0,0.0
AV7D-2-CAANTNTGKLTF-AJ27_BV1-CTCSADRVNNQAPLF-BJ1-5,43,0.6505328259444377,5,21.0,0.0,0.0,0.0,0.8571428571428571,0.0,0.0,0.0,0.0,0.0,0.0,0.14285714285714285,0.0,0.0
AV16/DV11-CAMREAGYQNFYF-AJ49_BV4-CEGDRNNSPLYF-BJ1-6,44,0.5740942658119063,1,3.0,0.0,0.0,0.0,0.0,0.3333333333333333,0.0,0.0,0.0,0.0,0.0,0.0,0.6666666666666666,0.0
AV16/DV11-CAMREAGYQNFYF-AJ49_BV4-CEGDRNNSPLYF-BJ1-6,44,0.5740942658119063,2,4.0,0.0,0.0,0.0,0.5,0.0,0.0,0.25,0.25,0.0,0.0,0.0,0.0,0.0
AV16/DV11-CAMREAGYQNFYF-AJ49_BV4-CEGDRNNSPLYF-BJ1-6,44,0.5740942658119063,3,4.0,0.0,0.0,0.0,0.25,0.0,0.0,0.0,0.0,0.0,0.25,0.25,0.25,0.0
AV16/DV11-CAMREAGYQNFYF-AJ49_BV4-CEGDRNNSPLYF-BJ1-6,44,0.5740942658119063,4,6.0,0.0,0.0,0.0,0.8333333333333334,0.0,0.0,0.0,0.0,0.0,0.0,0.16666666666666666,0.0,0.0
AV16/DV11-CAMREAGYQNFYF-AJ49_BV4-CEGDRNNSPLYF-BJ1-6,44,0.5740942658119063,5,9.0,0.0,0.0,0.0,1.0,0.0,0.0,0.0,0.0,0.0,0.0,0.0,0.0,0.0
AV16/DV11-CAMREAGYQNFYF-AJ49_BV4-CEGDRNNSPLYF-BJ1-6,44,0.5740942658119063,6,16.0,0.0,0.0,0.0,0.9375,0.0,0.0,0.0,0.0,0.0,0.0,0.0625,0.0,0.0
AV16/DV11-CAMREAGYQNFYF-AJ49_BV4-CEGDRNNSPLYF-BJ1-6,44,0.5740942658119063,7,17.0,0.0,0.0,0.0,0.7058823529411765,0.0,0.0,0.0,0.11764705882352941,0.17647058823529413,0.0,0.0,0.0,0.0
