sample,percentile,thresh_syfpeithi,clonotype,mean_coherence,n_cells
BL6-BALBc_HTxB,1.0,7.0,AV13D-3-CAMRTNSAGNKLTF-AJ17*p02_BV13-2-CASGTTYEQYF-BJ2-7,0.9836868737679244,11
BL6-BALBc_HTxB,1.0,7.0,AV16D/DV11-CAMRENSGYNKLTF-AJ11*p02_BV13-2-CASGETGGREQYF-BJ2-7,0.7937004274475858,6
BL6-BALBc_HTxB,1.0,7.0,AV6-6-CALGDQANTDKVVF-AJ34*p03_BV14-CASSLGVNTEVFF-BJ1-1,0.9289419150299307,18
BL6-BALBc_HTxB,1.0,7.0,AV6D-4-CALVDDSGYNKLTF-AJ11*p02_BV4-CASSLTDEQYF-BJ2-7,0.9862723572896807,7
BL6-BALBc_HTxB,1.0,7.0,AV16D/DV11-CAMRDITGNTRKLIF-AJ37*p02_BV4-CASSYGAQYF-BJ2-7,0.9921655802329518,11
BL6-BALBc_HTxB,1.0,7.0,AV4-3-CAAHVNTGNYKYVF-AJ40_BV29-CASSLIRYAEQFF-BJ2-1,0.8787192043671617,6
BL6-BALBc_HTxB,1.0,7.0,AV3-3-CAVMPNYNVLYF-AJ21*p03_BV13-2-CASGDLGTDNNQAPLF-BJ1-5,0.939340857049402,8
BL6-BALBc_HTxB,1.0,7.0,AV16/DV11-CAMREGNTGNYKYVF-AJ40_BV13-2-CASGGIYEQYF-BJ2-7,0.9841537778162464,13
BL6-BALBc_HTxB,1.0,7.0,AV16D/DV11-CAMREGDSNYQLIW-AJ33_BV13-2-CASGYRAPNSDYTF-BJ1-2,0.8200416117258571,8
BL6-BALBc_HTxB,1.0,7.0,AV6D-7-CALRYGGSGNKLIF-AJ32_BV3-CASSLGTGDTQYF-BJ2-5,0.9211868018722323,10
BL6-BALBc_HTxB,1.0,7.0,AV4-3-CAADYQGGSAKLIF-AJ57_BV2-CASSQERLLGGAETLYF-BJ2-3,0.8465556345873836,10
BL6-BALBc_HTxB,1.0,7.0,AV16/DV11-CAMRENTGANTGKLTF-AJ52_BV13-3-CASSSGGVKAEQFF-BJ2-1,0.944231146814753,15
BL6-BALBc_HTxB,1.0,7.0,AV16D/DV11-CAMREDSGYNKLTF-AJ11*p02_BV13-2-CASGTTYEQYF-BJ2-7,0.9717763269837034,17
BL6-BALBc_HTxB,1.0,7.0,AV16D/DV11-CAMREANSAGNKLTF-AJ17*p02_BV13-1-CASSDVGGEQYF-BJ2-7,0.9956067717406601,6
BL6-BALBc_HTxB,1.0,7.0,AV15-1/DV6-1-CALWELASSNTDKVVF-AJ34*p03_BV3-CASSFGTGGYYEQYF-BJ2-7,0.9554482974411657,10
BL6-BALBc_HTxB,1.0,7.0,AV6-6-CALGSYTGGADRLTF-AJ45_BV13-1-CASSDRGANTGQLYF-BJ2-2,0.709715475982259,6
BL6-BALBc_HTxB,1.0,7.0,AV13D-1-CAMANTGNYKYVF-AJ40_BV13-2-CASGGIYEQYF-BJ2-7,0.9860487289651703,11
BL6-BALBc_HTxB,1.0,7.0,AV15-2/DV6-2-CALSELPGSNAKLTF-AJ42_BV13-2-CASGRGAGNTLYF-BJ1-3,0.8371884913280676,8
BL6-BALBc_HTxB,1.0,7.0,AV16/DV11-CAMREGNTGYQNFYF-AJ49_BV13-2-CASGRGAGNTLYF-BJ1-3,0.844297124184181,11
BL6-BALBc_HTxB,1.0,7.0,AV16D/DV11-CAMREGNYGNEKITF-AJ48_BV1-CTCSRDRANSDYTF-BJ1-2,0.8565216084243857,5
BL6-BALBc_HTxB,0.995,5.6200000000000045,AV13D-3-CAMRTNSAGNKLTF-AJ17*p02_BV13-2-CASGTTYEQYF-BJ2-7,0.9836868737679244,11
BL6-BALBc_HTxB,0.995,5.6200000000000045,AV16D/DV11-CAMRENSGYNKLTF-AJ11*p02_BV13-2-CASGETGGREQYF-BJ2-7,0.7937004274475858,6
BL6-BALBc_HTxB,0.995,5.6200000000000045,AV6-6-CALGDQANTDKVVF-AJ34*p03_BV14-CASSLGVNTEVFF-BJ1-1,0.9289419150299307,18
BL6-BALBc_HTxB,0.995,5.6200000000000045,AV6D-4-CALVDDSGYNKLTF-AJ11*p02_BV4-CASSLTDEQYF-BJ2-7,0.9862723572896807,7
BL6-BALBc_HTxB,0.995,5.6200000000000045,AV16D/DV11-CAMRDITGNTRKLIF-AJ37*p02_BV4-CASSYGAQYF-BJ2-7,0.9921655802329518,11
BL6-BALBc_HTxB,0.995,5.6200000000000045,AV4-3-CAAHVNTGNYKYVF-AJ40_BV29-CASSLIRYAEQFF-BJ2-1,0.8787192043671617,6
BL6-BALBc_HTxB,0.995,5.6200000000000045,AV3-3-CAVMPNYNVLYF-AJ21*p03_BV13-2-CASGDLGTDNNQAPLF-BJ1-5,0.939340857049402,8
BL6-BALBc_HTxB,0.995,5.6200000000000045,AV16/DV11-CAMREGNTGNYKYVF-AJ40_BV13-2-CASGGIYEQYF-BJ2-7,0.9860895923388229,12
BL6-BALBc_HTxB,0.995,5.6200000000000045,AV16D/DV11-CAMREGDSNYQLIW-AJ33_BV13-2-CASGYRAPNSDYTF-BJ1-2,0.8200416117258571,8
BL6-BALBc_HTxB,0.995,5.6200000000000045,AV6D-7-CALRYGGSGNKLIF-AJ32_BV3-CASSLGTGDTQYF-BJ2-5,0.9211868018722323,10
BL6-BALBc_HTxB,0.995,5.6200000000000045,AV4-3-CAADYQGGSAKLIF-AJ57_BV2-CASSQERLLGGAETLYF-BJ2-3,0.8465556345873836,10
BL6-BALBc_HTxB,0.995,5.6200000000000045,AV16/DV11-CAMRENTGANTGKLTF-AJ52_BV13-3-CASSSGGVKAEQFF-BJ2-1,0.944231146814753,15
BL6-BALBc_HTxB,0.995,5.6200000000000045,AV16D/DV11-CAMREDSGYNKLTF-AJ11*p02_BV13-2-CASGTTYEQYF-BJ2-7,0.9717763269837034,17
BL6-BALBc_HTxB,0.995,5.6200000000000045,AV16D/DV11-CAMREANSAGNKLTF-AJ17*p02_BV13-1-CASSDVGGEQYF-BJ2-7,0.9948591390141921,5
BL6-BALBc_HTxB,0.995,5.6200000000000045,AV15-1/DV6-1-CALWELASSNTDKVVF-AJ34*p03_BV3-CASSFGTGGYYEQYF-BJ2-7,0.9554482974411657,10
BL6-BALBc_HTxB,0.995,5.6200000000000045,AV6-6-CALGSYTGGADRLTF-AJ45_BV13-1-CASSDRGANTGQLYF-BJ2-2,0.709715475982259,6
BL6-BALBc_HTxB,0.995,5.6200000000000045,AV13D-1-CAMANTGNYKYVF-AJ40_BV13-2-CASGGIYEQYF-BJ2-7,0.9860487289651703,11
BL6-BALBc_HTxB,0.995,5.6200000000000045,AV15-2/DV6-2-CALSELPGSNAKLTF-AJ42_BV13-2-CASGRGAGNTLYF-BJ1-3,0.8371884913280676,8
BL6-BALBc_HTxB,0.995,5.6200000000000045,AV16/DV11-CAMREGNTGYQNFYF-AJ49_BV13-2-CASGRGAGNTLYF-BJ1-3,0.844297124184181,11
BL6-BALBc_HTxB,0.995,5.6200000000000045,AV16D/DV11-CAMREGNYGNEKITF-AJ48_BV1-CTCSRDRANSDYTF-BJ1-2,0.8565216084243857,5
BL6-BALBc_HTxB,0.99,5.0,AV13D-3-CAMRTNSAGNKLTF-AJ17*p02_BV13-2-CASGTTYEQYF-BJ2-7,0.9836868737679244,11
BL6-BALBc_HTxB,0.99,5.0,AV16D/DV11-CAMRENSGYNKLTF-AJ11*p02_BV13-2-CASGETGGREQYF-BJ2-7,0.7937004274475858,6
BL6-BALBc_HTxB,0.99,5.0,AV6-6-CALGDQANTDKVVF-AJ34*p03_BV14-CASSLGVNTEVFF-BJ1-1,0.9289419150299307,18
BL6-BALBc_HTxB,0.99,5.0,AV6D-4-CALVDDSGYNKLTF-AJ11*p02_BV4-CASSLTDEQYF-BJ2-7,0.9862723572896807,7
BL6-BALBc_HTxB,0.99,5.0,AV16D/DV11-CAMRDITGNTRKLIF-AJ37*p02_BV4-CASSYGAQYF-BJ2-7,0.9921655802329518,11
BL6-BALBc_HTxB,0.99,5.0,AV4-3-CAAHVNTGNYKYVF-AJ40_BV29-CASSLIRYAEQFF-BJ2-1,0.8787192043671617,6
BL6-BALBc_HTxB,0.99,5.0,AV3-3-CAVMPNYNVLYF-AJ21*p03_BV13-2-CASGDLGTDNNQAPLF-BJ1-5,0.939340857049402,8
BL6-BALBc_HTxB,0.99,5.0,AV16/DV11-CAMREGNTGNYKYVF-AJ40_BV13-2-CASGGIYEQYF-BJ2-7,0.9860895923388229,12
BL6-BALBc_HTxB,0.99,5.0,AV16D/DV11-CAMREGDSNYQLIW-AJ33_BV13-2-CASGYRAPNSDYTF-BJ1-2,0.8200416117258571,8
BL6-BALBc_HTxB,0.99,5.0,AV6D-7-CALRYGGSGNKLIF-AJ32_BV3-CASSLGTGDTQYF-BJ2-5,0.9211868018722323,10
BL6-BALBc_HTxB,0.99,5.0,AV4-3-CAADYQGGSAKLIF-AJ57_BV2-CASSQERLLGGAETLYF-BJ2-3,0.8465556345873836,10
BL6-BALBc_HTxB,0.99,5.0,AV16/DV11-CAMRENTGANTGKLTF-AJ52_BV13-3-CASSSGGVKAEQFF-BJ2-1,0.944231146814753,15
BL6-BALBc_HTxB,0.99,5.0,AV16D/DV11-CAMREDSGYNKLTF-AJ11*p02_BV13-2-CASGTTYEQYF-BJ2-7,0.9717763269837034,17
BL6-BALBc_HTxB,0.99,5.0,AV16D/DV11-CAMREANSAGNKLTF-AJ17*p02_BV13-1-CASSDVGGEQYF-BJ2-7,0.9948591390141921,5
BL6-BALBc_HTxB,0.99,5.0,AV15-1/DV6-1-CALWELASSNTDKVVF-AJ34*p03_BV3-CASSFGTGGYYEQYF-BJ2-7,0.9554482974411657,10
BL6-BALBc_HTxB,0.99,5.0,AV6-6-CALGSYTGGADRLTF-AJ45_BV13-1-CASSDRGANTGQLYF-BJ2-2,0.709715475982259,6
BL6-BALBc_HTxB,0.99,5.0,AV13D-1-CAMANTGNYKYVF-AJ40_BV13-2-CASGGIYEQYF-BJ2-7,0.9860487289651703,11
BL6-BALBc_HTxB,0.99,5.0,AV15-2/DV6-2-CALSELPGSNAKLTF-AJ42_BV13-2-CASGRGAGNTLYF-BJ1-3,0.8371884913280676,8
BL6-BALBc_HTxB,0.99,5.0,AV16/DV11-CAMREGNTGYQNFYF-AJ49_BV13-2-CASGRGAGNTLYF-BJ1-3,0.844297124184181,11
BL6-BALBc_HTxB,0.99,5.0,AV16D/DV11-CAMREGNYGNEKITF-AJ48_BV1-CTCSRDRANSDYTF-BJ1-2,0.8565216084243857,5
BL6-BALBc_HTxB,0.985,4.0,AV13D-3-CAMRTNSAGNKLTF-AJ17*p02_BV13-2-CASGTTYEQYF-BJ2-7,0.9836868737679244,11
BL6-BALBc_HTxB,0.985,4.0,AV16D/DV11-CAMRENSGYNKLTF-AJ11*p02_BV13-2-CASGETGGREQYF-BJ2-7,0.7937004274475858,6
BL6-BALBc_HTxB,0.985,4.0,AV6-6-CALGDQANTDKVVF-AJ34*p03_BV14-CASSLGVNTEVFF-BJ1-1,0.9289419150299307,18
BL6-BALBc_HTxB,0.985,4.0,AV6D-4-CALVDDSGYNKLTF-AJ11*p02_BV4-CASSLTDEQYF-BJ2-7,0.9862723572896807,7
BL6-BALBc_HTxB,0.985,4.0,AV16D/DV11-CAMRDITGNTRKLIF-AJ37*p02_BV4-CASSYGAQYF-BJ2-7,0.9921655802329518,11
BL6-BALBc_HTxB,0.985,4.0,AV4-3-CAAHVNTGNYKYVF-AJ40_BV29-CASSLIRYAEQFF-BJ2-1,0.8787192043671617,6
BL6-BALBc_HTxB,0.985,4.0,AV3-3-CAVMPNYNVLYF-AJ21*p03_BV13-2-CASGDLGTDNNQAPLF-BJ1-5,0.939340857049402,8
BL6-BALBc_HTxB,0.985,4.0,AV16/DV11-CAMREGNTGNYKYVF-AJ40_BV13-2-CASGGIYEQYF-BJ2-7,0.9853641603911267,11
BL6-BALBc_HTxB,0.985,4.0,AV16D/DV11-CAMREGDSNYQLIW-AJ33_BV13-2-CASGYRAPNSDYTF-BJ1-2,0.8200416117258571,8
BL6-BALBc_HTxB,0.985,4.0,AV6D-7-CALRYGGSGNKLIF-AJ32_BV3-CASSLGTGDTQYF-BJ2-5,0.9211868018722323,10
BL6-BALBc_HTxB,0.985,4.0,AV4-3-CAADYQGGSAKLIF-AJ57_BV2-CASSQERLLGGAETLYF-BJ2-3,0.8465556345873836,10
BL6-BALBc_HTxB,0.985,4.0,AV16/DV11-CAMRENTGANTGKLTF-AJ52_BV13-3-CASSSGGVKAEQFF-BJ2-1,0.944231146814753,15
BL6-BALBc_HTxB,0.985,4.0,AV16D/DV11-CAMREDSGYNKLTF-AJ11*p02_BV13-2-CASGTTYEQYF-BJ2-7,0.9717763269837034,17
BL6-BALBc_HTxB,0.985,4.0,AV16D/DV11-CAMREANSAGNKLTF-AJ17*p02_BV13-1-CASSDVGGEQYF-BJ2-7,0.9948591390141921,5
BL6-BALBc_HTxB,0.985,4.0,AV15-1/DV6-1-CALWELASSNTDKVVF-AJ34*p03_BV3-CASSFGTGGYYEQYF-BJ2-7,0.9554482974411657,10
BL6-BALBc_HTxB,0.985,4.0,AV6-6-CALGSYTGGADRLTF-AJ45_BV13-1-CASSDRGANTGQLYF-BJ2-2,0.6493184999094508,5
BL6-BALBc_HTxB,0.985,4.0,AV13D-1-CAMANTGNYKYVF-AJ40_BV13-2-CASGGIYEQYF-BJ2-7,0.9860487289651703,11
BL6-BALBc_HTxB,0.985,4.0,AV15-2/DV6-2-CALSELPGSNAKLTF-AJ42_BV13-2-CASGRGAGNTLYF-BJ1-3,0.8371884913280676,8
BL6-BALBc_HTxB,0.985,4.0,AV16/DV11-CAMREGNTGYQNFYF-AJ49_BV13-2-CASGRGAGNTLYF-BJ1-3,0.844297124184181,11
BL6-BALBc_HTxB,0.985,4.0,AV16D/DV11-CAMREGNYGNEKITF-AJ48_BV1-CTCSRDRANSDYTF-BJ1-2,0.8565216084243857,5
BL6-BALBc_HTxB,0.98,4.0,AV13D-3-CAMRTNSAGNKLTF-AJ17*p02_BV13-2-CASGTTYEQYF-BJ2-7,0.9836868737679244,11
BL6-BALBc_HTxB,0.98,4.0,AV16D/DV11-CAMRENSGYNKLTF-AJ11*p02_BV13-2-CASGETGGREQYF-BJ2-7,0.7937004274475858,6
BL6-BALBc_HTxB,0.98,4.0,AV6-6-CALGDQANTDKVVF-AJ34*p03_BV14-CASSLGVNTEVFF-BJ1-1,0.9289419150299307,18
BL6-BALBc_HTxB,0.98,4.0,AV6D-4-CALVDDSGYNKLTF-AJ11*p02_BV4-CASSLTDEQYF-BJ2-7,0.9862723572896807,7
BL6-BALBc_HTxB,0.98,4.0,AV16D/DV11-CAMRDITGNTRKLIF-AJ37*p02_BV4-CASSYGAQYF-BJ2-7,0.9921655802329518,11
BL6-BALBc_HTxB,0.98,4.0,AV4-3-CAAHVNTGNYKYVF-AJ40_BV29-CASSLIRYAEQFF-BJ2-1,0.8787192043671617,6
BL6-BALBc_HTxB,0.98,4.0,AV3-3-CAVMPNYNVLYF-AJ21*p03_BV13-2-CASGDLGTDNNQAPLF-BJ1-5,0.939340857049402,8
BL6-BALBc_HTxB,0.98,4.0,AV16/DV11-CAMREGNTGNYKYVF-AJ40_BV13-2-CASGGIYEQYF-BJ2-7,0.9853641603911267,11
BL6-BALBc_HTxB,0.98,4.0,AV16D/DV11-CAMREGDSNYQLIW-AJ33_BV13-2-CASGYRAPNSDYTF-BJ1-2,0.8200416117258571,8
BL6-BALBc_HTxB,0.98,4.0,AV6D-7-CALRYGGSGNKLIF-AJ32_BV3-CASSLGTGDTQYF-BJ2-5,0.9211868018722323,10
BL6-BALBc_HTxB,0.98,4.0,AV4-3-CAADYQGGSAKLIF-AJ57_BV2-CASSQERLLGGAETLYF-BJ2-3,0.8465556345873836,10
BL6-BALBc_HTxB,0.98,4.0,AV16/DV11-CAMRENTGANTGKLTF-AJ52_BV13-3-CASSSGGVKAEQFF-BJ2-1,0.944231146814753,15
BL6-BALBc_HTxB,0.98,4.0,AV16D/DV11-CAMREDSGYNKLTF-AJ11*p02_BV13-2-CASGTTYEQYF-BJ2-7,0.9717763269837034,17
BL6-BALBc_HTxB,0.98,4.0,AV16D/DV11-CAMREANSAGNKLTF-AJ17*p02_BV13-1-CASSDVGGEQYF-BJ2-7,0.9948591390141921,5
BL6-BALBc_HTxB,0.98,4.0,AV15-1/DV6-1-CALWELASSNTDKVVF-AJ34*p03_BV3-CASSFGTGGYYEQYF-BJ2-7,0.9554482974411657,10
BL6-BALBc_HTxB,0.98,4.0,AV6-6-CALGSYTGGADRLTF-AJ45_BV13-1-CASSDRGANTGQLYF-BJ2-2,0.6493184999094508,5
BL6-BALBc_HTxB,0.98,4.0,AV13D-1-CAMANTGNYKYVF-AJ40_BV13-2-CASGGIYEQYF-BJ2-7,0.9860487289651703,11
BL6-BALBc_HTxB,0.98,4.0,AV15-2/DV6-2-CALSELPGSNAKLTF-AJ42_BV13-2-CASGRGAGNTLYF-BJ1-3,0.8371884913280676,8
BL6-BALBc_HTxB,0.98,4.0,AV16/DV11-CAMREGNTGYQNFYF-AJ49_BV13-2-CASGRGAGNTLYF-BJ1-3,0.844297124184181,11
BL6-BALBc_HTxB,0.98,4.0,AV16D/DV11-CAMREGNYGNEKITF-AJ48_BV1-CTCSRDRANSDYTF-BJ1-2,0.8565216084243857,5
BL6-BALBc_HTxB,0.975,4.0,AV13D-3-CAMRTNSAGNKLTF-AJ17*p02_BV13-2-CASGTTYEQYF-BJ2-7,0.9836868737679244,11
BL6-BALBc_HTxB,0.975,4.0,AV16D/DV11-CAMRENSGYNKLTF-AJ11*p02_BV13-2-CASGETGGREQYF-BJ2-7,0.7937004274475858,6
BL6-BALBc_HTxB,0.975,4.0,AV6-6-CALGDQANTDKVVF-AJ34*p03_BV14-CASSLGVNTEVFF-BJ1-1,0.9289419150299307,18
BL6-BALBc_HTxB,0.975,4.0,AV6D-4-CALVDDSGYNKLTF-AJ11*p02_BV4-CASSLTDEQYF-BJ2-7,0.9862723572896807,7
BL6-BALBc_HTxB,0.975,4.0,AV16D/DV11-CAMRDITGNTRKLIF-AJ37*p02_BV4-CASSYGAQYF-BJ2-7,0.9921655802329518,11
BL6-BALBc_HTxB,0.975,4.0,AV4-3-CAAHVNTGNYKYVF-AJ40_BV29-CASSLIRYAEQFF-BJ2-1,0.8787192043671617,6
BL6-BALBc_HTxB,0.975,4.0,AV3-3-CAVMPNYNVLYF-AJ21*p03_BV13-2-CASGDLGTDNNQAPLF-BJ1-5,0.939340857049402,8
BL6-BALBc_HTxB,0.975,4.0,AV16/DV11-CAMREGNTGNYKYVF-AJ40_BV13-2-CASGGIYEQYF-BJ2-7,0.9853641603911267,11
BL6-BALBc_HTxB,0.975,4.0,AV16D/DV11-CAMREGDSNYQLIW-AJ33_BV13-2-CASGYRAPNSDYTF-BJ1-2,0.8200416117258571,8
BL6-BALBc_HTxB,0.975,4.0,AV6D-7-CALRYGGSGNKLIF-AJ32_BV3-CASSLGTGDTQYF-BJ2-5,0.9211868018722323,10
BL6-BALBc_HTxB,0.975,4.0,AV4-3-CAADYQGGSAKLIF-AJ57_BV2-CASSQERLLGGAETLYF-BJ2-3,0.8465556345873836,10
BL6-BALBc_HTxB,0.975,4.0,AV16/DV11-CAMRENTGANTGKLTF-AJ52_BV13-3-CASSSGGVKAEQFF-BJ2-1,0.944231146814753,15
BL6-BALBc_HTxB,0.975,4.0,AV16D/DV11-CAMREDSGYNKLTF-AJ11*p02_BV13-2-CASGTTYEQYF-BJ2-7,0.9717763269837034,17
BL6-BALBc_HTxB,0.975,4.0,AV16D/DV11-CAMREANSAGNKLTF-AJ17*p02_BV13-1-CASSDVGGEQYF-BJ2-7,0.9948591390141921,5
BL6-BALBc_HTxB,0.975,4.0,AV15-1/DV6-1-CALWELASSNTDKVVF-AJ34*p03_BV3-CASSFGTGGYYEQYF-BJ2-7,0.9554482974411657,10
BL6-BALBc_HTxB,0.975,4.0,AV6-6-CALGSYTGGADRLTF-AJ45_BV13-1-CASSDRGANTGQLYF-BJ2-2,0.6493184999094508,5
BL6-BALBc_HTxB,0.975,4.0,AV13D-1-CAMANTGNYKYVF-AJ40_BV13-2-CASGGIYEQYF-BJ2-7,0.9860487289651703,11
BL6-BALBc_HTxB,0.975,4.0,AV15-2/DV6-2-CALSELPGSNAKLTF-AJ42_BV13-2-CASGRGAGNTLYF-BJ1-3,0.8371884913280676,8
BL6-BALBc_HTxB,0.975,4.0,AV16/DV11-CAMREGNTGYQNFYF-AJ49_BV13-2-CASGRGAGNTLYF-BJ1-3,0.844297124184181,11
BL6-BALBc_HTxB,0.975,4.0,AV16D/DV11-CAMREGNYGNEKITF-AJ48_BV1-CTCSRDRANSDYTF-BJ1-2,0.8565216084243857,5
BL6-BALBc_HTxB,0.97,4.0,AV13D-3-CAMRTNSAGNKLTF-AJ17*p02_BV13-2-CASGTTYEQYF-BJ2-7,0.9836868737679244,11
BL6-BALBc_HTxB,0.97,4.0,AV16D/DV11-CAMRENSGYNKLTF-AJ11*p02_BV13-2-CASGETGGREQYF-BJ2-7,0.7937004274475858,6
BL6-BALBc_HTxB,0.97,4.0,AV6-6-CALGDQANTDKVVF-AJ34*p03_BV14-CASSLGVNTEVFF-BJ1-1,0.9289419150299307,18
BL6-BALBc_HTxB,0.97,4.0,AV6D-4-CALVDDSGYNKLTF-AJ11*p02_BV4-CASSLTDEQYF-BJ2-7,0.9862723572896807,7
BL6-BALBc_HTxB,0.97,4.0,AV16D/DV11-CAMRDITGNTRKLIF-AJ37*p02_BV4-CASSYGAQYF-BJ2-7,0.9921655802329518,11
BL6-BALBc_HTxB,0.97,4.0,AV4-3-CAAHVNTGNYKYVF-AJ40_BV29-CASSLIRYAEQFF-BJ2-1,0.8787192043671617,6
BL6-BALBc_HTxB,0.97,4.0,AV3-3-CAVMPNYNVLYF-AJ21*p03_BV13-2-CASGDLGTDNNQAPLF-BJ1-5,0.939340857049402,8
BL6-BALBc_HTxB,0.97,4.0,AV16/DV11-CAMREGNTGNYKYVF-AJ40_BV13-2-CASGGIYEQYF-BJ2-7,0.9853641603911267,11
BL6-BALBc_HTxB,0.97,4.0,AV16D/DV11-CAMREGDSNYQLIW-AJ33_BV13-2-CASGYRAPNSDYTF-BJ1-2,0.8200416117258571,8
BL6-BALBc_HTxB,0.97,4.0,AV6D-7-CALRYGGSGNKLIF-AJ32_BV3-CASSLGTGDTQYF-BJ2-5,0.9211868018722323,10
BL6-BALBc_HTxB,0.97,4.0,AV4-3-CAADYQGGSAKLIF-AJ57_BV2-CASSQERLLGGAETLYF-BJ2-3,0.8465556345873836,10
BL6-BALBc_HTxB,0.97,4.0,AV16/DV11-CAMRENTGANTGKLTF-AJ52_BV13-3-CASSSGGVKAEQFF-BJ2-1,0.944231146814753,15
BL6-BALBc_HTxB,0.97,4.0,AV16D/DV11-CAMREDSGYNKLTF-AJ11*p02_BV13-2-CASGTTYEQYF-BJ2-7,0.9717763269837034,17
BL6-BALBc_HTxB,0.97,4.0,AV16D/DV11-CAMREANSAGNKLTF-AJ17*p02_BV13-1-CASSDVGGEQYF-BJ2-7,0.9948591390141921,5
BL6-BALBc_HTxB,0.97,4.0,AV15-1/DV6-1-CALWELASSNTDKVVF-AJ34*p03_BV3-CASSFGTGGYYEQYF-BJ2-7,0.9554482974411657,10
BL6-BALBc_HTxB,0.97,4.0,AV6-6-CALGSYTGGADRLTF-AJ45_BV13-1-CASSDRGANTGQLYF-BJ2-2,0.6493184999094508,5
BL6-BALBc_HTxB,0.97,4.0,AV13D-1-CAMANTGNYKYVF-AJ40_BV13-2-CASGGIYEQYF-BJ2-7,0.9860487289651703,11
BL6-BALBc_HTxB,0.97,4.0,AV15-2/DV6-2-CALSELPGSNAKLTF-AJ42_BV13-2-CASGRGAGNTLYF-BJ1-3,0.8371884913280676,8
BL6-BALBc_HTxB,0.97,4.0,AV16/DV11-CAMREGNTGYQNFYF-AJ49_BV13-2-CASGRGAGNTLYF-BJ1-3,0.844297124184181,11
BL6-BALBc_HTxB,0.97,4.0,AV16D/DV11-CAMREGNYGNEKITF-AJ48_BV1-CTCSRDRANSDYTF-BJ1-2,0.8565216084243857,5
BL6-BALBc_HTxB,0.965,3.339999999999975,AV13D-3-CAMRTNSAGNKLTF-AJ17*p02_BV13-2-CASGTTYEQYF-BJ2-7,0.9836868737679244,11
BL6-BALBc_HTxB,0.965,3.339999999999975,AV16D/DV11-CAMRENSGYNKLTF-AJ11*p02_BV13-2-CASGETGGREQYF-BJ2-7,0.7937004274475858,6
BL6-BALBc_HTxB,0.965,3.339999999999975,AV6-6-CALGDQANTDKVVF-AJ34*p03_BV14-CASSLGVNTEVFF-BJ1-1,0.9289419150299307,18
BL6-BALBc_HTxB,0.965,3.339999999999975,AV6D-4-CALVDDSGYNKLTF-AJ11*p02_BV4-CASSLTDEQYF-BJ2-7,0.9862723572896807,7
BL6-BALBc_HTxB,0.965,3.339999999999975,AV16D/DV11-CAMRDITGNTRKLIF-AJ37*p02_BV4-CASSYGAQYF-BJ2-7,0.9922370384002366,10
BL6-BALBc_HTxB,0.965,3.339999999999975,AV4-3-CAAHVNTGNYKYVF-AJ40_BV29-CASSLIRYAEQFF-BJ2-1,0.8964775474703407,5
BL6-BALBc_HTxB,0.965,3.339999999999975,AV3-3-CAVMPNYNVLYF-AJ21*p03_BV13-2-CASGDLGTDNNQAPLF-BJ1-5,0.939340857049402,8
BL6-BALBc_HTxB,0.965,3.339999999999975,AV16/DV11-CAMREGNTGNYKYVF-AJ40_BV13-2-CASGGIYEQYF-BJ2-7,0.9853641603911267,11
BL6-BALBc_HTxB,0.965,3.339999999999975,AV16D/DV11-CAMREGDSNYQLIW-AJ33_BV13-2-CASGYRAPNSDYTF-BJ1-2,0.8200416117258571,8
BL6-BALBc_HTxB,0.965,3.339999999999975,AV6D-7-CALRYGGSGNKLIF-AJ32_BV3-CASSLGTGDTQYF-BJ2-5,0.9211868018722323,10
BL6-BALBc_HTxB,0.965,3.339999999999975,AV4-3-CAADYQGGSAKLIF-AJ57_BV2-CASSQERLLGGAETLYF-BJ2-3,0.8465556345873836,10
BL6-BALBc_HTxB,0.965,3.339999999999975,AV16/DV11-CAMRENTGANTGKLTF-AJ52_BV13-3-CASSSGGVKAEQFF-BJ2-1,0.944231146814753,15
BL6-BALBc_HTxB,0.965,3.339999999999975,AV16D/DV11-CAMREDSGYNKLTF-AJ11*p02_BV13-2-CASGTTYEQYF-BJ2-7,0.9769777875691902,15
BL6-BALBc_HTxB,0.965,3.339999999999975,AV16D/DV11-CAMREANSAGNKLTF-AJ17*p02_BV13-1-CASSDVGGEQYF-BJ2-7,0.9948591390141921,5
BL6-BALBc_HTxB,0.965,3.339999999999975,AV15-1/DV6-1-CALWELASSNTDKVVF-AJ34*p03_BV3-CASSFGTGGYYEQYF-BJ2-7,0.9554482974411657,10
BL6-BALBc_HTxB,0.965,3.339999999999975,AV6-6-CALGSYTGGADRLTF-AJ45_BV13-1-CASSDRGANTGQLYF-BJ2-2,0.6493184999094508,5
BL6-BALBc_HTxB,0.965,3.339999999999975,AV13D-1-CAMANTGNYKYVF-AJ40_BV13-2-CASGGIYEQYF-BJ2-7,0.9860487289651703,11
BL6-BALBc_HTxB,0.965,3.339999999999975,AV15-2/DV6-2-CALSELPGSNAKLTF-AJ42_BV13-2-CASGRGAGNTLYF-BJ1-3,0.8371884913280676,8
BL6-BALBc_HTxB,0.965,3.339999999999975,AV16/DV11-CAMREGNTGYQNFYF-AJ49_BV13-2-CASGRGAGNTLYF-BJ1-3,0.844297124184181,11
BL6-BALBc_HTxB,0.965,3.339999999999975,AV16D/DV11-CAMREGNYGNEKITF-AJ48_BV1-CTCSRDRANSDYTF-BJ1-2,0.8565216084243857,5
BL6-BALBc_HTxB,0.96,3.0,AV13D-3-CAMRTNSAGNKLTF-AJ17*p02_BV13-2-CASGTTYEQYF-BJ2-7,0.9836868737679244,11
BL6-BALBc_HTxB,0.96,3.0,AV16D/DV11-CAMRENSGYNKLTF-AJ11*p02_BV13-2-CASGETGGREQYF-BJ2-7,0.7937004274475858,6
BL6-BALBc_HTxB,0.96,3.0,AV6-6-CALGDQANTDKVVF-AJ34*p03_BV14-CASSLGVNTEVFF-BJ1-1,0.9289419150299307,18
BL6-BALBc_HTxB,0.96,3.0,AV6D-4-CALVDDSGYNKLTF-AJ11*p02_BV4-CASSLTDEQYF-BJ2-7,0.9862723572896807,7
BL6-BALBc_HTxB,0.96,3.0,AV16D/DV11-CAMRDITGNTRKLIF-AJ37*p02_BV4-CASSYGAQYF-BJ2-7,0.9922370384002366,10
BL6-BALBc_HTxB,0.96,3.0,AV4-3-CAAHVNTGNYKYVF-AJ40_BV29-CASSLIRYAEQFF-BJ2-1,0.8964775474703407,5
BL6-BALBc_HTxB,0.96,3.0,AV3-3-CAVMPNYNVLYF-AJ21*p03_BV13-2-CASGDLGTDNNQAPLF-BJ1-5,0.939340857049402,8
BL6-BALBc_HTxB,0.96,3.0,AV16/DV11-CAMREGNTGNYKYVF-AJ40_BV13-2-CASGGIYEQYF-BJ2-7,0.9853641603911267,11
BL6-BALBc_HTxB,0.96,3.0,AV16D/DV11-CAMREGDSNYQLIW-AJ33_BV13-2-CASGYRAPNSDYTF-BJ1-2,0.8200416117258571,8
BL6-BALBc_HTxB,0.96,3.0,AV6D-7-CALRYGGSGNKLIF-AJ32_BV3-CASSLGTGDTQYF-BJ2-5,0.9211868018722323,10
BL6-BALBc_HTxB,0.96,3.0,AV4-3-CAADYQGGSAKLIF-AJ57_BV2-CASSQERLLGGAETLYF-BJ2-3,0.8465556345873836,10
BL6-BALBc_HTxB,0.96,3.0,AV16/DV11-CAMRENTGANTGKLTF-AJ52_BV13-3-CASSSGGVKAEQFF-BJ2-1,0.944231146814753,15
BL6-BALBc_HTxB,0.96,3.0,AV16D/DV11-CAMREDSGYNKLTF-AJ11*p02_BV13-2-CASGTTYEQYF-BJ2-7,0.9769777875691902,15
BL6-BALBc_HTxB,0.96,3.0,AV16D/DV11-CAMREANSAGNKLTF-AJ17*p02_BV13-1-CASSDVGGEQYF-BJ2-7,0.9948591390141921,5
BL6-BALBc_HTxB,0.96,3.0,AV15-1/DV6-1-CALWELASSNTDKVVF-AJ34*p03_BV3-CASSFGTGGYYEQYF-BJ2-7,0.9554482974411657,10
BL6-BALBc_HTxB,0.96,3.0,AV6-6-CALGSYTGGADRLTF-AJ45_BV13-1-CASSDRGANTGQLYF-BJ2-2,0.6493184999094508,5
BL6-BALBc_HTxB,0.96,3.0,AV13D-1-CAMANTGNYKYVF-AJ40_BV13-2-CASGGIYEQYF-BJ2-7,0.9860487289651703,11
BL6-BALBc_HTxB,0.96,3.0,AV15-2/DV6-2-CALSELPGSNAKLTF-AJ42_BV13-2-CASGRGAGNTLYF-BJ1-3,0.8371884913280676,8
BL6-BALBc_HTxB,0.96,3.0,AV16/DV11-CAMREGNTGYQNFYF-AJ49_BV13-2-CASGRGAGNTLYF-BJ1-3,0.844297124184181,11
BL6-BALBc_HTxB,0.96,3.0,AV16D/DV11-CAMREGNYGNEKITF-AJ48_BV1-CTCSRDRANSDYTF-BJ1-2,0.8565216084243857,5
BL6-BALBc_HTxB,0.955,3.0,AV13D-3-CAMRTNSAGNKLTF-AJ17*p02_BV13-2-CASGTTYEQYF-BJ2-7,0.9836868737679244,11
BL6-BALBc_HTxB,0.955,3.0,AV16D/DV11-CAMRENSGYNKLTF-AJ11*p02_BV13-2-CASGETGGREQYF-BJ2-7,0.7937004274475858,6
BL6-BALBc_HTxB,0.955,3.0,AV6-6-CALGDQANTDKVVF-AJ34*p03_BV14-CASSLGVNTEVFF-BJ1-1,0.9289419150299307,18
BL6-BALBc_HTxB,0.955,3.0,AV6D-4-CALVDDSGYNKLTF-AJ11*p02_BV4-CASSLTDEQYF-BJ2-7,0.9862723572896807,7
BL6-BALBc_HTxB,0.955,3.0,AV16D/DV11-CAMRDITGNTRKLIF-AJ37*p02_BV4-CASSYGAQYF-BJ2-7,0.9922370384002366,10
BL6-BALBc_HTxB,0.955,3.0,AV4-3-CAAHVNTGNYKYVF-AJ40_BV29-CASSLIRYAEQFF-BJ2-1,0.8964775474703407,5
BL6-BALBc_HTxB,0.955,3.0,AV3-3-CAVMPNYNVLYF-AJ21*p03_BV13-2-CASGDLGTDNNQAPLF-BJ1-5,0.939340857049402,8
BL6-BALBc_HTxB,0.955,3.0,AV16/DV11-CAMREGNTGNYKYVF-AJ40_BV13-2-CASGGIYEQYF-BJ2-7,0.9853641603911267,11
BL6-BALBc_HTxB,0.955,3.0,AV16D/DV11-CAMREGDSNYQLIW-AJ33_BV13-2-CASGYRAPNSDYTF-BJ1-2,0.8200416117258571,8
BL6-BALBc_HTxB,0.955,3.0,AV6D-7-CALRYGGSGNKLIF-AJ32_BV3-CASSLGTGDTQYF-BJ2-5,0.9211868018722323,10
BL6-BALBc_HTxB,0.955,3.0,AV4-3-CAADYQGGSAKLIF-AJ57_BV2-CASSQERLLGGAETLYF-BJ2-3,0.8465556345873836,10
BL6-BALBc_HTxB,0.955,3.0,AV16/DV11-CAMRENTGANTGKLTF-AJ52_BV13-3-CASSSGGVKAEQFF-BJ2-1,0.944231146814753,15
BL6-BALBc_HTxB,0.955,3.0,AV16D/DV11-CAMREDSGYNKLTF-AJ11*p02_BV13-2-CASGTTYEQYF-BJ2-7,0.9769777875691902,15
BL6-BALBc_HTxB,0.955,3.0,AV16D/DV11-CAMREANSAGNKLTF-AJ17*p02_BV13-1-CASSDVGGEQYF-BJ2-7,0.9948591390141921,5
BL6-BALBc_HTxB,0.955,3.0,AV15-1/DV6-1-CALWELASSNTDKVVF-AJ34*p03_BV3-CASSFGTGGYYEQYF-BJ2-7,0.9554482974411657,10
BL6-BALBc_HTxB,0.955,3.0,AV6-6-CALGSYTGGADRLTF-AJ45_BV13-1-CASSDRGANTGQLYF-BJ2-2,0.6493184999094508,5
BL6-BALBc_HTxB,0.955,3.0,AV13D-1-CAMANTGNYKYVF-AJ40_BV13-2-CASGGIYEQYF-BJ2-7,0.9860487289651703,11
BL6-BALBc_HTxB,0.955,3.0,AV15-2/DV6-2-CALSELPGSNAKLTF-AJ42_BV13-2-CASGRGAGNTLYF-BJ1-3,0.8371884913280676,8
BL6-BALBc_HTxB,0.955,3.0,AV16/DV11-CAMREGNTGYQNFYF-AJ49_BV13-2-CASGRGAGNTLYF-BJ1-3,0.844297124184181,11
BL6-BALBc_HTxB,0.955,3.0,AV16D/DV11-CAMREGNYGNEKITF-AJ48_BV1-CTCSRDRANSDYTF-BJ1-2,0.8565216084243857,5
BL6-BALBc_HTxB,0.95,3.0,AV13D-3-CAMRTNSAGNKLTF-AJ17*p02_BV13-2-CASGTTYEQYF-BJ2-7,0.9836868737679244,11
BL6-BALBc_HTxB,0.95,3.0,AV16D/DV11-CAMRENSGYNKLTF-AJ11*p02_BV13-2-CASGETGGREQYF-BJ2-7,0.7937004274475858,6
BL6-BALBc_HTxB,0.95,3.0,AV6-6-CALGDQANTDKVVF-AJ34*p03_BV14-CASSLGVNTEVFF-BJ1-1,0.9289419150299307,18
BL6-BALBc_HTxB,0.95,3.0,AV6D-4-CALVDDSGYNKLTF-AJ11*p02_BV4-CASSLTDEQYF-BJ2-7,0.9862723572896807,7
BL6-BALBc_HTxB,0.95,3.0,AV16D/DV11-CAMRDITGNTRKLIF-AJ37*p02_BV4-CASSYGAQYF-BJ2-7,0.9922370384002366,10
BL6-BALBc_HTxB,0.95,3.0,AV4-3-CAAHVNTGNYKYVF-AJ40_BV29-CASSLIRYAEQFF-BJ2-1,0.8964775474703407,5
BL6-BALBc_HTxB,0.95,3.0,AV3-3-CAVMPNYNVLYF-AJ21*p03_BV13-2-CASGDLGTDNNQAPLF-BJ1-5,0.939340857049402,8
BL6-BALBc_HTxB,0.95,3.0,AV16/DV11-CAMREGNTGNYKYVF-AJ40_BV13-2-CASGGIYEQYF-BJ2-7,0.9853641603911267,11
BL6-BALBc_HTxB,0.95,3.0,AV16D/DV11-CAMREGDSNYQLIW-AJ33_BV13-2-CASGYRAPNSDYTF-BJ1-2,0.8200416117258571,8
BL6-BALBc_HTxB,0.95,3.0,AV6D-7-CALRYGGSGNKLIF-AJ32_BV3-CASSLGTGDTQYF-BJ2-5,0.9211868018722323,10
BL6-BALBc_HTxB,0.95,3.0,AV4-3-CAADYQGGSAKLIF-AJ57_BV2-CASSQERLLGGAETLYF-BJ2-3,0.8465556345873836,10
BL6-BALBc_HTxB,0.95,3.0,AV16/DV11-CAMRENTGANTGKLTF-AJ52_BV13-3-CASSSGGVKAEQFF-BJ2-1,0.944231146814753,15
BL6-BALBc_HTxB,0.95,3.0,AV16D/DV11-CAMREDSGYNKLTF-AJ11*p02_BV13-2-CASGTTYEQYF-BJ2-7,0.9769777875691902,15
BL6-BALBc_HTxB,0.95,3.0,AV16D/DV11-CAMREANSAGNKLTF-AJ17*p02_BV13-1-CASSDVGGEQYF-BJ2-7,0.9948591390141921,5
BL6-BALBc_HTxB,0.95,3.0,AV15-1/DV6-1-CALWELASSNTDKVVF-AJ34*p03_BV3-CASSFGTGGYYEQYF-BJ2-7,0.9554482974411657,10
BL6-BALBc_HTxB,0.95,3.0,AV6-6-CALGSYTGGADRLTF-AJ45_BV13-1-CASSDRGANTGQLYF-BJ2-2,0.6493184999094508,5
BL6-BALBc_HTxB,0.95,3.0,AV13D-1-CAMANTGNYKYVF-AJ40_BV13-2-CASGGIYEQYF-BJ2-7,0.9860487289651703,11
BL6-BALBc_HTxB,0.95,3.0,AV15-2/DV6-2-CALSELPGSNAKLTF-AJ42_BV13-2-CASGRGAGNTLYF-BJ1-3,0.8371884913280676,8
BL6-BALBc_HTxB,0.95,3.0,AV16/DV11-CAMREGNTGYQNFYF-AJ49_BV13-2-CASGRGAGNTLYF-BJ1-3,0.844297124184181,11
BL6-BALBc_HTxB,0.95,3.0,AV16D/DV11-CAMREGNYGNEKITF-AJ48_BV1-CTCSRDRANSDYTF-BJ1-2,0.8565216084243857,5
BL6-BALBc_HTxB,0.945,3.0,AV13D-3-CAMRTNSAGNKLTF-AJ17*p02_BV13-2-CASGTTYEQYF-BJ2-7,0.9836868737679244,11
BL6-BALBc_HTxB,0.945,3.0,AV16D/DV11-CAMRENSGYNKLTF-AJ11*p02_BV13-2-CASGETGGREQYF-BJ2-7,0.7937004274475858,6
BL6-BALBc_HTxB,0.945,3.0,AV6-6-CALGDQANTDKVVF-AJ34*p03_BV14-CASSLGVNTEVFF-BJ1-1,0.9289419150299307,18
BL6-BALBc_HTxB,0.945,3.0,AV6D-4-CALVDDSGYNKLTF-AJ11*p02_BV4-CASSLTDEQYF-BJ2-7,0.9862723572896807,7
BL6-BALBc_HTxB,0.945,3.0,AV16D/DV11-CAMRDITGNTRKLIF-AJ37*p02_BV4-CASSYGAQYF-BJ2-7,0.9922370384002366,10
BL6-BALBc_HTxB,0.945,3.0,AV4-3-CAAHVNTGNYKYVF-AJ40_BV29-CASSLIRYAEQFF-BJ2-1,0.8964775474703407,5
BL6-BALBc_HTxB,0.945,3.0,AV3-3-CAVMPNYNVLYF-AJ21*p03_BV13-2-CASGDLGTDNNQAPLF-BJ1-5,0.939340857049402,8
BL6-BALBc_HTxB,0.945,3.0,AV16/DV11-CAMREGNTGNYKYVF-AJ40_BV13-2-CASGGIYEQYF-BJ2-7,0.9853641603911267,11
BL6-BALBc_HTxB,0.945,3.0,AV16D/DV11-CAMREGDSNYQLIW-AJ33_BV13-2-CASGYRAPNSDYTF-BJ1-2,0.8200416117258571,8
BL6-BALBc_HTxB,0.945,3.0,AV6D-7-CALRYGGSGNKLIF-AJ32_BV3-CASSLGTGDTQYF-BJ2-5,0.9211868018722323,10
BL6-BALBc_HTxB,0.945,3.0,AV4-3-CAADYQGGSAKLIF-AJ57_BV2-CASSQERLLGGAETLYF-BJ2-3,0.8465556345873836,10
BL6-BALBc_HTxB,0.945,3.0,AV16/DV11-CAMRENTGANTGKLTF-AJ52_BV13-3-CASSSGGVKAEQFF-BJ2-1,0.944231146814753,15
BL6-BALBc_HTxB,0.945,3.0,AV16D/DV11-CAMREDSGYNKLTF-AJ11*p02_BV13-2-CASGTTYEQYF-BJ2-7,0.9769777875691902,15
BL6-BALBc_HTxB,0.945,3.0,AV16D/DV11-CAMREANSAGNKLTF-AJ17*p02_BV13-1-CASSDVGGEQYF-BJ2-7,0.9948591390141921,5
BL6-BALBc_HTxB,0.945,3.0,AV15-1/DV6-1-CALWELASSNTDKVVF-AJ34*p03_BV3-CASSFGTGGYYEQYF-BJ2-7,0.9554482974411657,10
BL6-BALBc_HTxB,0.945,3.0,AV6-6-CALGSYTGGADRLTF-AJ45_BV13-1-CASSDRGANTGQLYF-BJ2-2,0.6493184999094508,5
BL6-BALBc_HTxB,0.945,3.0,AV13D-1-CAMANTGNYKYVF-AJ40_BV13-2-CASGGIYEQYF-BJ2-7,0.9860487289651703,11
BL6-BALBc_HTxB,0.945,3.0,AV15-2/DV6-2-CALSELPGSNAKLTF-AJ42_BV13-2-CASGRGAGNTLYF-BJ1-3,0.8371884913280676,8
BL6-BALBc_HTxB,0.945,3.0,AV16/DV11-CAMREGNTGYQNFYF-AJ49_BV13-2-CASGRGAGNTLYF-BJ1-3,0.844297124184181,11
BL6-BALBc_HTxB,0.945,3.0,AV16D/DV11-CAMREGNYGNEKITF-AJ48_BV1-CTCSRDRANSDYTF-BJ1-2,0.8565216084243857,5
BL6-BALBc_HTxB,0.94,3.0,AV13D-3-CAMRTNSAGNKLTF-AJ17*p02_BV13-2-CASGTTYEQYF-BJ2-7,0.9836868737679244,11
BL6-BALBc_HTxB,0.94,3.0,AV16D/DV11-CAMRENSGYNKLTF-AJ11*p02_BV13-2-CASGETGGREQYF-BJ2-7,0.7937004274475858,6
BL6-BALBc_HTxB,0.94,3.0,AV6-6-CALGDQANTDKVVF-AJ34*p03_BV14-CASSLGVNTEVFF-BJ1-1,0.9289419150299307,18
BL6-BALBc_HTxB,0.94,3.0,AV6D-4-CALVDDSGYNKLTF-AJ11*p02_BV4-CASSLTDEQYF-BJ2-7,0.9862723572896807,7
BL6-BALBc_HTxB,0.94,3.0,AV16D/DV11-CAMRDITGNTRKLIF-AJ37*p02_BV4-CASSYGAQYF-BJ2-7,0.9922370384002366,10
BL6-BALBc_HTxB,0.94,3.0,AV4-3-CAAHVNTGNYKYVF-AJ40_BV29-CASSLIRYAEQFF-BJ2-1,0.8964775474703407,5
BL6-BALBc_HTxB,0.94,3.0,AV3-3-CAVMPNYNVLYF-AJ21*p03_BV13-2-CASGDLGTDNNQAPLF-BJ1-5,0.939340857049402,8
BL6-BALBc_HTxB,0.94,3.0,AV16/DV11-CAMREGNTGNYKYVF-AJ40_BV13-2-CASGGIYEQYF-BJ2-7,0.9853641603911267,11
BL6-BALBc_HTxB,0.94,3.0,AV16D/DV11-CAMREGDSNYQLIW-AJ33_BV13-2-CASGYRAPNSDYTF-BJ1-2,0.8200416117258571,8
BL6-BALBc_HTxB,0.94,3.0,AV6D-7-CALRYGGSGNKLIF-AJ32_BV3-CASSLGTGDTQYF-BJ2-5,0.9211868018722323,10
BL6-BALBc_HTxB,0.94,3.0,AV4-3-CAADYQGGSAKLIF-AJ57_BV2-CASSQERLLGGAETLYF-BJ2-3,0.8465556345873836,10
BL6-BALBc_HTxB,0.94,3.0,AV16/DV11-CAMRENTGANTGKLTF-AJ52_BV13-3-CASSSGGVKAEQFF-BJ2-1,0.944231146814753,15
BL6-BALBc_HTxB,0.94,3.0,AV16D/DV11-CAMREDSGYNKLTF-AJ11*p02_BV13-2-CASGTTYEQYF-BJ2-7,0.9769777875691902,15
BL6-BALBc_HTxB,0.94,3.0,AV16D/DV11-CAMREANSAGNKLTF-AJ17*p02_BV13-1-CASSDVGGEQYF-BJ2-7,0.9948591390141921,5
BL6-BALBc_HTxB,0.94,3.0,AV15-1/DV6-1-CALWELASSNTDKVVF-AJ34*p03_BV3-CASSFGTGGYYEQYF-BJ2-7,0.9554482974411657,10
BL6-BALBc_HTxB,0.94,3.0,AV6-6-CALGSYTGGADRLTF-AJ45_BV13-1-CASSDRGANTGQLYF-BJ2-2,0.6493184999094508,5
BL6-BALBc_HTxB,0.94,3.0,AV13D-1-CAMANTGNYKYVF-AJ40_BV13-2-CASGGIYEQYF-BJ2-7,0.9860487289651703,11
BL6-BALBc_HTxB,0.94,3.0,AV15-2/DV6-2-CALSELPGSNAKLTF-AJ42_BV13-2-CASGRGAGNTLYF-BJ1-3,0.8371884913280676,8
BL6-BALBc_HTxB,0.94,3.0,AV16/DV11-CAMREGNTGYQNFYF-AJ49_BV13-2-CASGRGAGNTLYF-BJ1-3,0.844297124184181,11
BL6-BALBc_HTxB,0.94,3.0,AV16D/DV11-CAMREGNYGNEKITF-AJ48_BV1-CTCSRDRANSDYTF-BJ1-2,0.8565216084243857,5
BL6-BALBc_HTxB,0.935,3.0,AV13D-3-CAMRTNSAGNKLTF-AJ17*p02_BV13-2-CASGTTYEQYF-BJ2-7,0.9836868737679244,11
BL6-BALBc_HTxB,0.935,3.0,AV16D/DV11-CAMRENSGYNKLTF-AJ11*p02_BV13-2-CASGETGGREQYF-BJ2-7,0.7937004274475858,6
BL6-BALBc_HTxB,0.935,3.0,AV6-6-CALGDQANTDKVVF-AJ34*p03_BV14-CASSLGVNTEVFF-BJ1-1,0.9289419150299307,18
BL6-BALBc_HTxB,0.935,3.0,AV6D-4-CALVDDSGYNKLTF-AJ11*p02_BV4-CASSLTDEQYF-BJ2-7,0.9862723572896807,7
BL6-BALBc_HTxB,0.935,3.0,AV16D/DV11-CAMRDITGNTRKLIF-AJ37*p02_BV4-CASSYGAQYF-BJ2-7,0.9922370384002366,10
BL6-BALBc_HTxB,0.935,3.0,AV4-3-CAAHVNTGNYKYVF-AJ40_BV29-CASSLIRYAEQFF-BJ2-1,0.8964775474703407,5
BL6-BALBc_HTxB,0.935,3.0,AV3-3-CAVMPNYNVLYF-AJ21*p03_BV13-2-CASGDLGTDNNQAPLF-BJ1-5,0.939340857049402,8
BL6-BALBc_HTxB,0.935,3.0,AV16/DV11-CAMREGNTGNYKYVF-AJ40_BV13-2-CASGGIYEQYF-BJ2-7,0.9853641603911267,11
BL6-BALBc_HTxB,0.935,3.0,AV16D/DV11-CAMREGDSNYQLIW-AJ33_BV13-2-CASGYRAPNSDYTF-BJ1-2,0.8200416117258571,8
BL6-BALBc_HTxB,0.935,3.0,AV6D-7-CALRYGGSGNKLIF-AJ32_BV3-CASSLGTGDTQYF-BJ2-5,0.9211868018722323,10
BL6-BALBc_HTxB,0.935,3.0,AV4-3-CAADYQGGSAKLIF-AJ57_BV2-CASSQERLLGGAETLYF-BJ2-3,0.8465556345873836,10
BL6-BALBc_HTxB,0.935,3.0,AV16/DV11-CAMRENTGANTGKLTF-AJ52_BV13-3-CASSSGGVKAEQFF-BJ2-1,0.944231146814753,15
BL6-BALBc_HTxB,0.935,3.0,AV16D/DV11-CAMREDSGYNKLTF-AJ11*p02_BV13-2-CASGTTYEQYF-BJ2-7,0.9769777875691902,15
BL6-BALBc_HTxB,0.935,3.0,AV16D/DV11-CAMREANSAGNKLTF-AJ17*p02_BV13-1-CASSDVGGEQYF-BJ2-7,0.9948591390141921,5
BL6-BALBc_HTxB,0.935,3.0,AV15-1/DV6-1-CALWELASSNTDKVVF-AJ34*p03_BV3-CASSFGTGGYYEQYF-BJ2-7,0.9554482974411657,10
BL6-BALBc_HTxB,0.935,3.0,AV6-6-CALGSYTGGADRLTF-AJ45_BV13-1-CASSDRGANTGQLYF-BJ2-2,0.6493184999094508,5
BL6-BALBc_HTxB,0.935,3.0,AV13D-1-CAMANTGNYKYVF-AJ40_BV13-2-CASGGIYEQYF-BJ2-7,0.9860487289651703,11
BL6-BALBc_HTxB,0.935,3.0,AV15-2/DV6-2-CALSELPGSNAKLTF-AJ42_BV13-2-CASGRGAGNTLYF-BJ1-3,0.8371884913280676,8
BL6-BALBc_HTxB,0.935,3.0,AV16/DV11-CAMREGNTGYQNFYF-AJ49_BV13-2-CASGRGAGNTLYF-BJ1-3,0.844297124184181,11
BL6-BALBc_HTxB,0.935,3.0,AV16D/DV11-CAMREGNYGNEKITF-AJ48_BV1-CTCSRDRANSDYTF-BJ1-2,0.8565216084243857,5
BL6-BALBc_HTxB,0.9299999999999999,3.0,AV13D-3-CAMRTNSAGNKLTF-AJ17*p02_BV13-2-CASGTTYEQYF-BJ2-7,0.9836868737679244,11
BL6-BALBc_HTxB,0.9299999999999999,3.0,AV16D/DV11-CAMRENSGYNKLTF-AJ11*p02_BV13-2-CASGETGGREQYF-BJ2-7,0.7937004274475858,6
BL6-BALBc_HTxB,0.9299999999999999,3.0,AV6-6-CALGDQANTDKVVF-AJ34*p03_BV14-CASSLGVNTEVFF-BJ1-1,0.9289419150299307,18
BL6-BALBc_HTxB,0.9299999999999999,3.0,AV6D-4-CALVDDSGYNKLTF-AJ11*p02_BV4-CASSLTDEQYF-BJ2-7,0.9862723572896807,7
BL6-BALBc_HTxB,0.9299999999999999,3.0,AV16D/DV11-CAMRDITGNTRKLIF-AJ37*p02_BV4-CASSYGAQYF-BJ2-7,0.9922370384002366,10
BL6-BALBc_HTxB,0.9299999999999999,3.0,AV4-3-CAAHVNTGNYKYVF-AJ40_BV29-CASSLIRYAEQFF-BJ2-1,0.8964775474703407,5
BL6-BALBc_HTxB,0.9299999999999999,3.0,AV3-3-CAVMPNYNVLYF-AJ21*p03_BV13-2-CASGDLGTDNNQAPLF-BJ1-5,0.939340857049402,8
BL6-BALBc_HTxB,0.9299999999999999,3.0,AV16/DV11-CAMREGNTGNYKYVF-AJ40_BV13-2-CASGGIYEQYF-BJ2-7,0.9853641603911267,11
BL6-BALBc_HTxB,0.9299999999999999,3.0,AV16D/DV11-CAMREGDSNYQLIW-AJ33_BV13-2-CASGYRAPNSDYTF-BJ1-2,0.8200416117258571,8
BL6-BALBc_HTxB,0.9299999999999999,3.0,AV6D-7-CALRYGGSGNKLIF-AJ32_BV3-CASSLGTGDTQYF-BJ2-5,0.9211868018722323,10
BL6-BALBc_HTxB,0.9299999999999999,3.0,AV4-3-CAADYQGGSAKLIF-AJ57_BV2-CASSQERLLGGAETLYF-BJ2-3,0.8465556345873836,10
BL6-BALBc_HTxB,0.9299999999999999,3.0,AV16/DV11-CAMRENTGANTGKLTF-AJ52_BV13-3-CASSSGGVKAEQFF-BJ2-1,0.944231146814753,15
BL6-BALBc_HTxB,0.9299999999999999,3.0,AV16D/DV11-CAMREDSGYNKLTF-AJ11*p02_BV13-2-CASGTTYEQYF-BJ2-7,0.9769777875691902,15
BL6-BALBc_HTxB,0.9299999999999999,3.0,AV16D/DV11-CAMREANSAGNKLTF-AJ17*p02_BV13-1-CASSDVGGEQYF-BJ2-7,0.9948591390141921,5
BL6-BALBc_HTxB,0.9299999999999999,3.0,AV15-1/DV6-1-CALWELASSNTDKVVF-AJ34*p03_BV3-CASSFGTGGYYEQYF-BJ2-7,0.9554482974411657,10
BL6-BALBc_HTxB,0.9299999999999999,3.0,AV6-6-CALGSYTGGADRLTF-AJ45_BV13-1-CASSDRGANTGQLYF-BJ2-2,0.6493184999094508,5
BL6-BALBc_HTxB,0.9299999999999999,3.0,AV13D-1-CAMANTGNYKYVF-AJ40_BV13-2-CASGGIYEQYF-BJ2-7,0.9860487289651703,11
BL6-BALBc_HTxB,0.9299999999999999,3.0,AV15-2/DV6-2-CALSELPGSNAKLTF-AJ42_BV13-2-CASGRGAGNTLYF-BJ1-3,0.8371884913280676,8
BL6-BALBc_HTxB,0.9299999999999999,3.0,AV16/DV11-CAMREGNTGYQNFYF-AJ49_BV13-2-CASGRGAGNTLYF-BJ1-3,0.844297124184181,11
BL6-BALBc_HTxB,0.9299999999999999,3.0,AV16D/DV11-CAMREGNYGNEKITF-AJ48_BV1-CTCSRDRANSDYTF-BJ1-2,0.8565216084243857,5
BL6-BALBc_HTxB,0.925,3.0,AV13D-3-CAMRTNSAGNKLTF-AJ17*p02_BV13-2-CASGTTYEQYF-BJ2-7,0.9836868737679244,11
BL6-BALBc_HTxB,0.925,3.0,AV16D/DV11-CAMRENSGYNKLTF-AJ11*p02_BV13-2-CASGETGGREQYF-BJ2-7,0.7937004274475858,6
BL6-BALBc_HTxB,0.925,3.0,AV6-6-CALGDQANTDKVVF-AJ34*p03_BV14-CASSLGVNTEVFF-BJ1-1,0.9289419150299307,18
BL6-BALBc_HTxB,0.925,3.0,AV6D-4-CALVDDSGYNKLTF-AJ11*p02_BV4-CASSLTDEQYF-BJ2-7,0.9862723572896807,7
BL6-BALBc_HTxB,0.925,3.0,AV16D/DV11-CAMRDITGNTRKLIF-AJ37*p02_BV4-CASSYGAQYF-BJ2-7,0.9922370384002366,10
BL6-BALBc_HTxB,0.925,3.0,AV4-3-CAAHVNTGNYKYVF-AJ40_BV29-CASSLIRYAEQFF-BJ2-1,0.8964775474703407,5
BL6-BALBc_HTxB,0.925,3.0,AV3-3-CAVMPNYNVLYF-AJ21*p03_BV13-2-CASGDLGTDNNQAPLF-BJ1-5,0.939340857049402,8
BL6-BALBc_HTxB,0.925,3.0,AV16/DV11-CAMREGNTGNYKYVF-AJ40_BV13-2-CASGGIYEQYF-BJ2-7,0.9853641603911267,11
BL6-BALBc_HTxB,0.925,3.0,AV16D/DV11-CAMREGDSNYQLIW-AJ33_BV13-2-CASGYRAPNSDYTF-BJ1-2,0.8200416117258571,8
BL6-BALBc_HTxB,0.925,3.0,AV6D-7-CALRYGGSGNKLIF-AJ32_BV3-CASSLGTGDTQYF-BJ2-5,0.9211868018722323,10
BL6-BALBc_HTxB,0.925,3.0,AV4-3-CAADYQGGSAKLIF-AJ57_BV2-CASSQERLLGGAETLYF-BJ2-3,0.8465556345873836,10
BL6-BALBc_HTxB,0.925,3.0,AV16/DV11-CAMRENTGANTGKLTF-AJ52_BV13-3-CASSSGGVKAEQFF-BJ2-1,0.944231146814753,15
BL6-BALBc_HTxB,0.925,3.0,AV16D/DV11-CAMREDSGYNKLTF-AJ11*p02_BV13-2-CASGTTYEQYF-BJ2-7,0.9769777875691902,15
BL6-BALBc_HTxB,0.925,3.0,AV16D/DV11-CAMREANSAGNKLTF-AJ17*p02_BV13-1-CASSDVGGEQYF-BJ2-7,0.9948591390141921,5
BL6-BALBc_HTxB,0.925,3.0,AV15-1/DV6-1-CALWELASSNTDKVVF-AJ34*p03_BV3-CASSFGTGGYYEQYF-BJ2-7,0.9554482974411657,10
BL6-BALBc_HTxB,0.925,3.0,AV6-6-CALGSYTGGADRLTF-AJ45_BV13-1-CASSDRGANTGQLYF-BJ2-2,0.6493184999094508,5
BL6-BALBc_HTxB,0.925,3.0,AV13D-1-CAMANTGNYKYVF-AJ40_BV13-2-CASGGIYEQYF-BJ2-7,0.9860487289651703,11
BL6-BALBc_HTxB,0.925,3.0,AV15-2/DV6-2-CALSELPGSNAKLTF-AJ42_BV13-2-CASGRGAGNTLYF-BJ1-3,0.8371884913280676,8
BL6-BALBc_HTxB,0.925,3.0,AV16/DV11-CAMREGNTGYQNFYF-AJ49_BV13-2-CASGRGAGNTLYF-BJ1-3,0.844297124184181,11
BL6-BALBc_HTxB,0.925,3.0,AV16D/DV11-CAMREGNYGNEKITF-AJ48_BV1-CTCSRDRANSDYTF-BJ1-2,0.8565216084243857,5
BL6-BALBc_HTxB,0.92,2.0,AV13D-3-CAMRTNSAGNKLTF-AJ17*p02_BV13-2-CASGTTYEQYF-BJ2-7,0.9836868737679244,11
BL6-BALBc_HTxB,0.92,2.0,AV16D/DV11-CAMRENSGYNKLTF-AJ11*p02_BV13-2-CASGETGGREQYF-BJ2-7,0.7937004274475858,6
BL6-BALBc_HTxB,0.92,2.0,AV6-6-CALGDQANTDKVVF-AJ34*p03_BV14-CASSLGVNTEVFF-BJ1-1,0.9260940605911356,17
BL6-BALBc_HTxB,0.92,2.0,AV6D-4-CALVDDSGYNKLTF-AJ11*p02_BV4-CASSLTDEQYF-BJ2-7,0.9862723572896807,7
BL6-BALBc_HTxB,0.92,2.0,AV16D/DV11-CAMRDITGNTRKLIF-AJ37*p02_BV4-CASSYGAQYF-BJ2-7,0.9918320193739828,9
BL6-BALBc_HTxB,0.92,2.0,AV4-3-CAAHVNTGNYKYVF-AJ40_BV29-CASSLIRYAEQFF-BJ2-1,0.8964775474703407,5
BL6-BALBc_HTxB,0.92,2.0,AV3-3-CAVMPNYNVLYF-AJ21*p03_BV13-2-CASGDLGTDNNQAPLF-BJ1-5,0.939340857049402,8
BL6-BALBc_HTxB,0.92,2.0,AV16/DV11-CAMREGNTGNYKYVF-AJ40_BV13-2-CASGGIYEQYF-BJ2-7,0.9853641603911267,11
BL6-BALBc_HTxB,0.92,2.0,AV16D/DV11-CAMREGDSNYQLIW-AJ33_BV13-2-CASGYRAPNSDYTF-BJ1-2,0.8200416117258571,8
BL6-BALBc_HTxB,0.92,2.0,AV6D-7-CALRYGGSGNKLIF-AJ32_BV3-CASSLGTGDTQYF-BJ2-5,0.9158565091419653,9
BL6-BALBc_HTxB,0.92,2.0,AV4-3-CAADYQGGSAKLIF-AJ57_BV2-CASSQERLLGGAETLYF-BJ2-3,0.8288697410121442,8
BL6-BALBc_HTxB,0.92,2.0,AV16/DV11-CAMRENTGANTGKLTF-AJ52_BV13-3-CASSSGGVKAEQFF-BJ2-1,0.9416580436415481,13
BL6-BALBc_HTxB,0.92,2.0,AV16D/DV11-CAMREDSGYNKLTF-AJ11*p02_BV13-2-CASGTTYEQYF-BJ2-7,0.9978117406063012,12
BL6-BALBc_HTxB,0.92,2.0,AV16D/DV11-CAMREANSAGNKLTF-AJ17*p02_BV13-1-CASSDVGGEQYF-BJ2-7,0.9948591390141921,5
BL6-BALBc_HTxB,0.92,2.0,AV15-1/DV6-1-CALWELASSNTDKVVF-AJ34*p03_BV3-CASSFGTGGYYEQYF-BJ2-7,0.9554482974411657,10
BL6-BALBc_HTxB,0.92,2.0,AV6-6-CALGSYTGGADRLTF-AJ45_BV13-1-CASSDRGANTGQLYF-BJ2-2,0.6493184999094508,5
BL6-BALBc_HTxB,0.92,2.0,AV13D-1-CAMANTGNYKYVF-AJ40_BV13-2-CASGGIYEQYF-BJ2-7,0.9872092764020663,10
BL6-BALBc_HTxB,0.92,2.0,AV15-2/DV6-2-CALSELPGSNAKLTF-AJ42_BV13-2-CASGRGAGNTLYF-BJ1-3,0.8371884913280676,8
BL6-BALBc_HTxB,0.92,2.0,AV16/DV11-CAMREGNTGYQNFYF-AJ49_BV13-2-CASGRGAGNTLYF-BJ1-3,0.8341423225243263,10
BL6-BALBc_HTxB,0.92,2.0,AV16D/DV11-CAMREGNYGNEKITF-AJ48_BV1-CTCSRDRANSDYTF-BJ1-2,0.8565216084243857,5
BL6-BALBc_HTxB,0.915,2.0,AV13D-3-CAMRTNSAGNKLTF-AJ17*p02_BV13-2-CASGTTYEQYF-BJ2-7,0.9836868737679244,11
BL6-BALBc_HTxB,0.915,2.0,AV16D/DV11-CAMRENSGYNKLTF-AJ11*p02_BV13-2-CASGETGGREQYF-BJ2-7,0.7937004274475858,6
BL6-BALBc_HTxB,0.915,2.0,AV6-6-CALGDQANTDKVVF-AJ34*p03_BV14-CASSLGVNTEVFF-BJ1-1,0.9260940605911356,17
BL6-BALBc_HTxB,0.915,2.0,AV6D-4-CALVDDSGYNKLTF-AJ11*p02_BV4-CASSLTDEQYF-BJ2-7,0.9862723572896807,7
BL6-BALBc_HTxB,0.915,2.0,AV16D/DV11-CAMRDITGNTRKLIF-AJ37*p02_BV4-CASSYGAQYF-BJ2-7,0.9918320193739828,9
BL6-BALBc_HTxB,0.915,2.0,AV4-3-CAAHVNTGNYKYVF-AJ40_BV29-CASSLIRYAEQFF-BJ2-1,0.8964775474703407,5
BL6-BALBc_HTxB,0.915,2.0,AV3-3-CAVMPNYNVLYF-AJ21*p03_BV13-2-CASGDLGTDNNQAPLF-BJ1-5,0.939340857049402,8
BL6-BALBc_HTxB,0.915,2.0,AV16/DV11-CAMREGNTGNYKYVF-AJ40_BV13-2-CASGGIYEQYF-BJ2-7,0.9853641603911267,11
BL6-BALBc_HTxB,0.915,2.0,AV16D/DV11-CAMREGDSNYQLIW-AJ33_BV13-2-CASGYRAPNSDYTF-BJ1-2,0.8200416117258571,8
BL6-BALBc_HTxB,0.915,2.0,AV6D-7-CALRYGGSGNKLIF-AJ32_BV3-CASSLGTGDTQYF-BJ2-5,0.9158565091419653,9
BL6-BALBc_HTxB,0.915,2.0,AV4-3-CAADYQGGSAKLIF-AJ57_BV2-CASSQERLLGGAETLYF-BJ2-3,0.8288697410121442,8
BL6-BALBc_HTxB,0.915,2.0,AV16/DV11-CAMRENTGANTGKLTF-AJ52_BV13-3-CASSSGGVKAEQFF-BJ2-1,0.9416580436415481,13
BL6-BALBc_HTxB,0.915,2.0,AV16D/DV11-CAMREDSGYNKLTF-AJ11*p02_BV13-2-CASGTTYEQYF-BJ2-7,0.9978117406063012,12
BL6-BALBc_HTxB,0.915,2.0,AV16D/DV11-CAMREANSAGNKLTF-AJ17*p02_BV13-1-CASSDVGGEQYF-BJ2-7,0.9948591390141921,5
BL6-BALBc_HTxB,0.915,2.0,AV15-1/DV6-1-CALWELASSNTDKVVF-AJ34*p03_BV3-CASSFGTGGYYEQYF-BJ2-7,0.9554482974411657,10
BL6-BALBc_HTxB,0.915,2.0,AV6-6-CALGSYTGGADRLTF-AJ45_BV13-1-CASSDRGANTGQLYF-BJ2-2,0.6493184999094508,5
BL6-BALBc_HTxB,0.915,2.0,AV13D-1-CAMANTGNYKYVF-AJ40_BV13-2-CASGGIYEQYF-BJ2-7,0.9872092764020663,10
BL6-BALBc_HTxB,0.915,2.0,AV15-2/DV6-2-CALSELPGSNAKLTF-AJ42_BV13-2-CASGRGAGNTLYF-BJ1-3,0.8371884913280676,8
BL6-BALBc_HTxB,0.915,2.0,AV16/DV11-CAMREGNTGYQNFYF-AJ49_BV13-2-CASGRGAGNTLYF-BJ1-3,0.8341423225243263,10
BL6-BALBc_HTxB,0.915,2.0,AV16D/DV11-CAMREGNYGNEKITF-AJ48_BV1-CTCSRDRANSDYTF-BJ1-2,0.8565216084243857,5
BL6-BALBc_HTxB,0.91,2.0,AV13D-3-CAMRTNSAGNKLTF-AJ17*p02_BV13-2-CASGTTYEQYF-BJ2-7,0.9836868737679244,11
BL6-BALBc_HTxB,0.91,2.0,AV16D/DV11-CAMRENSGYNKLTF-AJ11*p02_BV13-2-CASGETGGREQYF-BJ2-7,0.7937004274475858,6
BL6-BALBc_HTxB,0.91,2.0,AV6-6-CALGDQANTDKVVF-AJ34*p03_BV14-CASSLGVNTEVFF-BJ1-1,0.9260940605911356,17
BL6-BALBc_HTxB,0.91,2.0,AV6D-4-CALVDDSGYNKLTF-AJ11*p02_BV4-CASSLTDEQYF-BJ2-7,0.9862723572896807,7
BL6-BALBc_HTxB,0.91,2.0,AV16D/DV11-CAMRDITGNTRKLIF-AJ37*p02_BV4-CASSYGAQYF-BJ2-7,0.9918320193739828,9
BL6-BALBc_HTxB,0.91,2.0,AV4-3-CAAHVNTGNYKYVF-AJ40_BV29-CASSLIRYAEQFF-BJ2-1,0.8964775474703407,5
BL6-BALBc_HTxB,0.91,2.0,AV3-3-CAVMPNYNVLYF-AJ21*p03_BV13-2-CASGDLGTDNNQAPLF-BJ1-5,0.939340857049402,8
BL6-BALBc_HTxB,0.91,2.0,AV16/DV11-CAMREGNTGNYKYVF-AJ40_BV13-2-CASGGIYEQYF-BJ2-7,0.9853641603911267,11
BL6-BALBc_HTxB,0.91,2.0,AV16D/DV11-CAMREGDSNYQLIW-AJ33_BV13-2-CASGYRAPNSDYTF-BJ1-2,0.8200416117258571,8
BL6-BALBc_HTxB,0.91,2.0,AV6D-7-CALRYGGSGNKLIF-AJ32_BV3-CASSLGTGDTQYF-BJ2-5,0.9158565091419653,9
BL6-BALBc_HTxB,0.91,2.0,AV4-3-CAADYQGGSAKLIF-AJ57_BV2-CASSQERLLGGAETLYF-BJ2-3,0.8288697410121442,8
BL6-BALBc_HTxB,0.91,2.0,AV16/DV11-CAMRENTGANTGKLTF-AJ52_BV13-3-CASSSGGVKAEQFF-BJ2-1,0.9416580436415481,13
BL6-BALBc_HTxB,0.91,2.0,AV16D/DV11-CAMREDSGYNKLTF-AJ11*p02_BV13-2-CASGTTYEQYF-BJ2-7,0.9978117406063012,12
BL6-BALBc_HTxB,0.91,2.0,AV16D/DV11-CAMREANSAGNKLTF-AJ17*p02_BV13-1-CASSDVGGEQYF-BJ2-7,0.9948591390141921,5
BL6-BALBc_HTxB,0.91,2.0,AV15-1/DV6-1-CALWELASSNTDKVVF-AJ34*p03_BV3-CASSFGTGGYYEQYF-BJ2-7,0.9554482974411657,10
BL6-BALBc_HTxB,0.91,2.0,AV6-6-CALGSYTGGADRLTF-AJ45_BV13-1-CASSDRGANTGQLYF-BJ2-2,0.6493184999094508,5
BL6-BALBc_HTxB,0.91,2.0,AV13D-1-CAMANTGNYKYVF-AJ40_BV13-2-CASGGIYEQYF-BJ2-7,0.9872092764020663,10
BL6-BALBc_HTxB,0.91,2.0,AV15-2/DV6-2-CALSELPGSNAKLTF-AJ42_BV13-2-CASGRGAGNTLYF-BJ1-3,0.8371884913280676,8
BL6-BALBc_HTxB,0.91,2.0,AV16/DV11-CAMREGNTGYQNFYF-AJ49_BV13-2-CASGRGAGNTLYF-BJ1-3,0.8341423225243263,10
BL6-BALBc_HTxB,0.91,2.0,AV16D/DV11-CAMREGNYGNEKITF-AJ48_BV1-CTCSRDRANSDYTF-BJ1-2,0.8565216084243857,5
BL6-BALBc_HTxB,0.905,2.0,AV13D-3-CAMRTNSAGNKLTF-AJ17*p02_BV13-2-CASGTTYEQYF-BJ2-7,0.9836868737679244,11
BL6-BALBc_HTxB,0.905,2.0,AV16D/DV11-CAMRENSGYNKLTF-AJ11*p02_BV13-2-CASGETGGREQYF-BJ2-7,0.7937004274475858,6
BL6-BALBc_HTxB,0.905,2.0,AV6-6-CALGDQANTDKVVF-AJ34*p03_BV14-CASSLGVNTEVFF-BJ1-1,0.9260940605911356,17
BL6-BALBc_HTxB,0.905,2.0,AV6D-4-CALVDDSGYNKLTF-AJ11*p02_BV4-CASSLTDEQYF-BJ2-7,0.9862723572896807,7
BL6-BALBc_HTxB,0.905,2.0,AV16D/DV11-CAMRDITGNTRKLIF-AJ37*p02_BV4-CASSYGAQYF-BJ2-7,0.9918320193739828,9
BL6-BALBc_HTxB,0.905,2.0,AV4-3-CAAHVNTGNYKYVF-AJ40_BV29-CASSLIRYAEQFF-BJ2-1,0.8964775474703407,5
BL6-BALBc_HTxB,0.905,2.0,AV3-3-CAVMPNYNVLYF-AJ21*p03_BV13-2-CASGDLGTDNNQAPLF-BJ1-5,0.939340857049402,8
BL6-BALBc_HTxB,0.905,2.0,AV16/DV11-CAMREGNTGNYKYVF-AJ40_BV13-2-CASGGIYEQYF-BJ2-7,0.9853641603911267,11
BL6-BALBc_HTxB,0.905,2.0,AV16D/DV11-CAMREGDSNYQLIW-AJ33_BV13-2-CASGYRAPNSDYTF-BJ1-2,0.8200416117258571,8
BL6-BALBc_HTxB,0.905,2.0,AV6D-7-CALRYGGSGNKLIF-AJ32_BV3-CASSLGTGDTQYF-BJ2-5,0.9158565091419653,9
BL6-BALBc_HTxB,0.905,2.0,AV4-3-CAADYQGGSAKLIF-AJ57_BV2-CASSQERLLGGAETLYF-BJ2-3,0.8288697410121442,8
BL6-BALBc_HTxB,0.905,2.0,AV16/DV11-CAMRENTGANTGKLTF-AJ52_BV13-3-CASSSGGVKAEQFF-BJ2-1,0.9416580436415481,13
BL6-BALBc_HTxB,0.905,2.0,AV16D/DV11-CAMREDSGYNKLTF-AJ11*p02_BV13-2-CASGTTYEQYF-BJ2-7,0.9978117406063012,12
BL6-BALBc_HTxB,0.905,2.0,AV16D/DV11-CAMREANSAGNKLTF-AJ17*p02_BV13-1-CASSDVGGEQYF-BJ2-7,0.9948591390141921,5
BL6-BALBc_HTxB,0.905,2.0,AV15-1/DV6-1-CALWELASSNTDKVVF-AJ34*p03_BV3-CASSFGTGGYYEQYF-BJ2-7,0.9554482974411657,10
BL6-BALBc_HTxB,0.905,2.0,AV6-6-CALGSYTGGADRLTF-AJ45_BV13-1-CASSDRGANTGQLYF-BJ2-2,0.6493184999094508,5
BL6-BALBc_HTxB,0.905,2.0,AV13D-1-CAMANTGNYKYVF-AJ40_BV13-2-CASGGIYEQYF-BJ2-7,0.9872092764020663,10
BL6-BALBc_HTxB,0.905,2.0,AV15-2/DV6-2-CALSELPGSNAKLTF-AJ42_BV13-2-CASGRGAGNTLYF-BJ1-3,0.8371884913280676,8
BL6-BALBc_HTxB,0.905,2.0,AV16/DV11-CAMREGNTGYQNFYF-AJ49_BV13-2-CASGRGAGNTLYF-BJ1-3,0.8341423225243263,10
BL6-BALBc_HTxB,0.905,2.0,AV16D/DV11-CAMREGNYGNEKITF-AJ48_BV1-CTCSRDRANSDYTF-BJ1-2,0.8565216084243857,5
BL6-BALBc_HTxB,0.9,2.0,AV13D-3-CAMRTNSAGNKLTF-AJ17*p02_BV13-2-CASGTTYEQYF-BJ2-7,0.9836868737679244,11
BL6-BALBc_HTxB,0.9,2.0,AV16D/DV11-CAMRENSGYNKLTF-AJ11*p02_BV13-2-CASGETGGREQYF-BJ2-7,0.7937004274475858,6
BL6-BALBc_HTxB,0.9,2.0,AV6-6-CALGDQANTDKVVF-AJ34*p03_BV14-CASSLGVNTEVFF-BJ1-1,0.9260940605911356,17
BL6-BALBc_HTxB,0.9,2.0,AV6D-4-CALVDDSGYNKLTF-AJ11*p02_BV4-CASSLTDEQYF-BJ2-7,0.9862723572896807,7
BL6-BALBc_HTxB,0.9,2.0,AV16D/DV11-CAMRDITGNTRKLIF-AJ37*p02_BV4-CASSYGAQYF-BJ2-7,0.9918320193739828,9
BL6-BALBc_HTxB,0.9,2.0,AV4-3-CAAHVNTGNYKYVF-AJ40_BV29-CASSLIRYAEQFF-BJ2-1,0.8964775474703407,5
BL6-BALBc_HTxB,0.9,2.0,AV3-3-CAVMPNYNVLYF-AJ21*p03_BV13-2-CASGDLGTDNNQAPLF-BJ1-5,0.939340857049402,8
BL6-BALBc_HTxB,0.9,2.0,AV16/DV11-CAMREGNTGNYKYVF-AJ40_BV13-2-CASGGIYEQYF-BJ2-7,0.9853641603911267,11
BL6-BALBc_HTxB,0.9,2.0,AV16D/DV11-CAMREGDSNYQLIW-AJ33_BV13-2-CASGYRAPNSDYTF-BJ1-2,0.8200416117258571,8
BL6-BALBc_HTxB,0.9,2.0,AV6D-7-CALRYGGSGNKLIF-AJ32_BV3-CASSLGTGDTQYF-BJ2-5,0.9158565091419653,9
BL6-BALBc_HTxB,0.9,2.0,AV4-3-CAADYQGGSAKLIF-AJ57_BV2-CASSQERLLGGAETLYF-BJ2-3,0.8288697410121442,8
BL6-BALBc_HTxB,0.9,2.0,AV16/DV11-CAMRENTGANTGKLTF-AJ52_BV13-3-CASSSGGVKAEQFF-BJ2-1,0.9416580436415481,13
BL6-BALBc_HTxB,0.9,2.0,AV16D/DV11-CAMREDSGYNKLTF-AJ11*p02_BV13-2-CASGTTYEQYF-BJ2-7,0.9978117406063012,12
BL6-BALBc_HTxB,0.9,2.0,AV16D/DV11-CAMREANSAGNKLTF-AJ17*p02_BV13-1-CASSDVGGEQYF-BJ2-7,0.9948591390141921,5
BL6-BALBc_HTxB,0.9,2.0,AV15-1/DV6-1-CALWELASSNTDKVVF-AJ34*p03_BV3-CASSFGTGGYYEQYF-BJ2-7,0.9554482974411657,10
BL6-BALBc_HTxB,0.9,2.0,AV6-6-CALGSYTGGADRLTF-AJ45_BV13-1-CASSDRGANTGQLYF-BJ2-2,0.6493184999094508,5
BL6-BALBc_HTxB,0.9,2.0,AV13D-1-CAMANTGNYKYVF-AJ40_BV13-2-CASGGIYEQYF-BJ2-7,0.9872092764020663,10
BL6-BALBc_HTxB,0.9,2.0,AV15-2/DV6-2-CALSELPGSNAKLTF-AJ42_BV13-2-CASGRGAGNTLYF-BJ1-3,0.8371884913280676,8
BL6-BALBc_HTxB,0.9,2.0,AV16/DV11-CAMREGNTGYQNFYF-AJ49_BV13-2-CASGRGAGNTLYF-BJ1-3,0.8341423225243263,10
BL6-BALBc_HTxB,0.9,2.0,AV16D/DV11-CAMREGNYGNEKITF-AJ48_BV1-CTCSRDRANSDYTF-BJ1-2,0.8565216084243857,5
BL6-BALBc_HTxB,0.895,2.0,AV13D-3-CAMRTNSAGNKLTF-AJ17*p02_BV13-2-CASGTTYEQYF-BJ2-7,0.9836868737679244,11
BL6-BALBc_HTxB,0.895,2.0,AV16D/DV11-CAMRENSGYNKLTF-AJ11*p02_BV13-2-CASGETGGREQYF-BJ2-7,0.7937004274475858,6
BL6-BALBc_HTxB,0.895,2.0,AV6-6-CALGDQANTDKVVF-AJ34*p03_BV14-CASSLGVNTEVFF-BJ1-1,0.9260940605911356,17
BL6-BALBc_HTxB,0.895,2.0,AV6D-4-CALVDDSGYNKLTF-AJ11*p02_BV4-CASSLTDEQYF-BJ2-7,0.9862723572896807,7
BL6-BALBc_HTxB,0.895,2.0,AV16D/DV11-CAMRDITGNTRKLIF-AJ37*p02_BV4-CASSYGAQYF-BJ2-7,0.9918320193739828,9
BL6-BALBc_HTxB,0.895,2.0,AV4-3-CAAHVNTGNYKYVF-AJ40_BV29-CASSLIRYAEQFF-BJ2-1,0.8964775474703407,5
BL6-BALBc_HTxB,0.895,2.0,AV3-3-CAVMPNYNVLYF-AJ21*p03_BV13-2-CASGDLGTDNNQAPLF-BJ1-5,0.939340857049402,8
BL6-BALBc_HTxB,0.895,2.0,AV16/DV11-CAMREGNTGNYKYVF-AJ40_BV13-2-CASGGIYEQYF-BJ2-7,0.9853641603911267,11
BL6-BALBc_HTxB,0.895,2.0,AV16D/DV11-CAMREGDSNYQLIW-AJ33_BV13-2-CASGYRAPNSDYTF-BJ1-2,0.8200416117258571,8
BL6-BALBc_HTxB,0.895,2.0,AV6D-7-CALRYGGSGNKLIF-AJ32_BV3-CASSLGTGDTQYF-BJ2-5,0.9158565091419653,9
BL6-BALBc_HTxB,0.895,2.0,AV4-3-CAADYQGGSAKLIF-AJ57_BV2-CASSQERLLGGAETLYF-BJ2-3,0.8288697410121442,8
BL6-BALBc_HTxB,0.895,2.0,AV16/DV11-CAMRENTGANTGKLTF-AJ52_BV13-3-CASSSGGVKAEQFF-BJ2-1,0.9416580436415481,13
BL6-BALBc_HTxB,0.895,2.0,AV16D/DV11-CAMREDSGYNKLTF-AJ11*p02_BV13-2-CASGTTYEQYF-BJ2-7,0.9978117406063012,12
BL6-BALBc_HTxB,0.895,2.0,AV16D/DV11-CAMREANSAGNKLTF-AJ17*p02_BV13-1-CASSDVGGEQYF-BJ2-7,0.9948591390141921,5
BL6-BALBc_HTxB,0.895,2.0,AV15-1/DV6-1-CALWELASSNTDKVVF-AJ34*p03_BV3-CASSFGTGGYYEQYF-BJ2-7,0.9554482974411657,10
BL6-BALBc_HTxB,0.895,2.0,AV6-6-CALGSYTGGADRLTF-AJ45_BV13-1-CASSDRGANTGQLYF-BJ2-2,0.6493184999094508,5
BL6-BALBc_HTxB,0.895,2.0,AV13D-1-CAMANTGNYKYVF-AJ40_BV13-2-CASGGIYEQYF-BJ2-7,0.9872092764020663,10
BL6-BALBc_HTxB,0.895,2.0,AV15-2/DV6-2-CALSELPGSNAKLTF-AJ42_BV13-2-CASGRGAGNTLYF-BJ1-3,0.8371884913280676,8
BL6-BALBc_HTxB,0.895,2.0,AV16/DV11-CAMREGNTGYQNFYF-AJ49_BV13-2-CASGRGAGNTLYF-BJ1-3,0.8341423225243263,10
BL6-BALBc_HTxB,0.895,2.0,AV16D/DV11-CAMREGNYGNEKITF-AJ48_BV1-CTCSRDRANSDYTF-BJ1-2,0.8565216084243857,5
BL6-BALBc_HTxB,0.89,2.0,AV13D-3-CAMRTNSAGNKLTF-AJ17*p02_BV13-2-CASGTTYEQYF-BJ2-7,0.9836868737679244,11
BL6-BALBc_HTxB,0.89,2.0,AV16D/DV11-CAMRENSGYNKLTF-AJ11*p02_BV13-2-CASGETGGREQYF-BJ2-7,0.7937004274475858,6
BL6-BALBc_HTxB,0.89,2.0,AV6-6-CALGDQANTDKVVF-AJ34*p03_BV14-CASSLGVNTEVFF-BJ1-1,0.9260940605911356,17
BL6-BALBc_HTxB,0.89,2.0,AV6D-4-CALVDDSGYNKLTF-AJ11*p02_BV4-CASSLTDEQYF-BJ2-7,0.9862723572896807,7
BL6-BALBc_HTxB,0.89,2.0,AV16D/DV11-CAMRDITGNTRKLIF-AJ37*p02_BV4-CASSYGAQYF-BJ2-7,0.9918320193739828,9
BL6-BALBc_HTxB,0.89,2.0,AV4-3-CAAHVNTGNYKYVF-AJ40_BV29-CASSLIRYAEQFF-BJ2-1,0.8964775474703407,5
BL6-BALBc_HTxB,0.89,2.0,AV3-3-CAVMPNYNVLYF-AJ21*p03_BV13-2-CASGDLGTDNNQAPLF-BJ1-5,0.939340857049402,8
BL6-BALBc_HTxB,0.89,2.0,AV16/DV11-CAMREGNTGNYKYVF-AJ40_BV13-2-CASGGIYEQYF-BJ2-7,0.9853641603911267,11
BL6-BALBc_HTxB,0.89,2.0,AV16D/DV11-CAMREGDSNYQLIW-AJ33_BV13-2-CASGYRAPNSDYTF-BJ1-2,0.8200416117258571,8
BL6-BALBc_HTxB,0.89,2.0,AV6D-7-CALRYGGSGNKLIF-AJ32_BV3-CASSLGTGDTQYF-BJ2-5,0.9158565091419653,9
BL6-BALBc_HTxB,0.89,2.0,AV4-3-CAADYQGGSAKLIF-AJ57_BV2-CASSQERLLGGAETLYF-BJ2-3,0.8288697410121442,8
BL6-BALBc_HTxB,0.89,2.0,AV16/DV11-CAMRENTGANTGKLTF-AJ52_BV13-3-CASSSGGVKAEQFF-BJ2-1,0.9416580436415481,13
BL6-BALBc_HTxB,0.89,2.0,AV16D/DV11-CAMREDSGYNKLTF-AJ11*p02_BV13-2-CASGTTYEQYF-BJ2-7,0.9978117406063012,12
BL6-BALBc_HTxB,0.89,2.0,AV16D/DV11-CAMREANSAGNKLTF-AJ17*p02_BV13-1-CASSDVGGEQYF-BJ2-7,0.9948591390141921,5
BL6-BALBc_HTxB,0.89,2.0,AV15-1/DV6-1-CALWELASSNTDKVVF-AJ34*p03_BV3-CASSFGTGGYYEQYF-BJ2-7,0.9554482974411657,10
BL6-BALBc_HTxB,0.89,2.0,AV6-6-CALGSYTGGADRLTF-AJ45_BV13-1-CASSDRGANTGQLYF-BJ2-2,0.6493184999094508,5
BL6-BALBc_HTxB,0.89,2.0,AV13D-1-CAMANTGNYKYVF-AJ40_BV13-2-CASGGIYEQYF-BJ2-7,0.9872092764020663,10
BL6-BALBc_HTxB,0.89,2.0,AV15-2/DV6-2-CALSELPGSNAKLTF-AJ42_BV13-2-CASGRGAGNTLYF-BJ1-3,0.8371884913280676,8
BL6-BALBc_HTxB,0.89,2.0,AV16/DV11-CAMREGNTGYQNFYF-AJ49_BV13-2-CASGRGAGNTLYF-BJ1-3,0.8341423225243263,10
BL6-BALBc_HTxB,0.89,2.0,AV16D/DV11-CAMREGNYGNEKITF-AJ48_BV1-CTCSRDRANSDYTF-BJ1-2,0.8565216084243857,5
BL6-BALBc_HTxB,0.885,2.0,AV13D-3-CAMRTNSAGNKLTF-AJ17*p02_BV13-2-CASGTTYEQYF-BJ2-7,0.9836868737679244,11
BL6-BALBc_HTxB,0.885,2.0,AV16D/DV11-CAMRENSGYNKLTF-AJ11*p02_BV13-2-CASGETGGREQYF-BJ2-7,0.7937004274475858,6
BL6-BALBc_HTxB,0.885,2.0,AV6-6-CALGDQANTDKVVF-AJ34*p03_BV14-CASSLGVNTEVFF-BJ1-1,0.9260940605911356,17
BL6-BALBc_HTxB,0.885,2.0,AV6D-4-CALVDDSGYNKLTF-AJ11*p02_BV4-CASSLTDEQYF-BJ2-7,0.9862723572896807,7
BL6-BALBc_HTxB,0.885,2.0,AV16D/DV11-CAMRDITGNTRKLIF-AJ37*p02_BV4-CASSYGAQYF-BJ2-7,0.9918320193739828,9
BL6-BALBc_HTxB,0.885,2.0,AV4-3-CAAHVNTGNYKYVF-AJ40_BV29-CASSLIRYAEQFF-BJ2-1,0.8964775474703407,5
BL6-BALBc_HTxB,0.885,2.0,AV3-3-CAVMPNYNVLYF-AJ21*p03_BV13-2-CASGDLGTDNNQAPLF-BJ1-5,0.939340857049402,8
BL6-BALBc_HTxB,0.885,2.0,AV16/DV11-CAMREGNTGNYKYVF-AJ40_BV13-2-CASGGIYEQYF-BJ2-7,0.9853641603911267,11
BL6-BALBc_HTxB,0.885,2.0,AV16D/DV11-CAMREGDSNYQLIW-AJ33_BV13-2-CASGYRAPNSDYTF-BJ1-2,0.8200416117258571,8
BL6-BALBc_HTxB,0.885,2.0,AV6D-7-CALRYGGSGNKLIF-AJ32_BV3-CASSLGTGDTQYF-BJ2-5,0.9158565091419653,9
BL6-BALBc_HTxB,0.885,2.0,AV4-3-CAADYQGGSAKLIF-AJ57_BV2-CASSQERLLGGAETLYF-BJ2-3,0.8288697410121442,8
BL6-BALBc_HTxB,0.885,2.0,AV16/DV11-CAMRENTGANTGKLTF-AJ52_BV13-3-CASSSGGVKAEQFF-BJ2-1,0.9416580436415481,13
BL6-BALBc_HTxB,0.885,2.0,AV16D/DV11-CAMREDSGYNKLTF-AJ11*p02_BV13-2-CASGTTYEQYF-BJ2-7,0.9978117406063012,12
BL6-BALBc_HTxB,0.885,2.0,AV16D/DV11-CAMREANSAGNKLTF-AJ17*p02_BV13-1-CASSDVGGEQYF-BJ2-7,0.9948591390141921,5
BL6-BALBc_HTxB,0.885,2.0,AV15-1/DV6-1-CALWELASSNTDKVVF-AJ34*p03_BV3-CASSFGTGGYYEQYF-BJ2-7,0.9554482974411657,10
BL6-BALBc_HTxB,0.885,2.0,AV6-6-CALGSYTGGADRLTF-AJ45_BV13-1-CASSDRGANTGQLYF-BJ2-2,0.6493184999094508,5
BL6-BALBc_HTxB,0.885,2.0,AV13D-1-CAMANTGNYKYVF-AJ40_BV13-2-CASGGIYEQYF-BJ2-7,0.9872092764020663,10
BL6-BALBc_HTxB,0.885,2.0,AV15-2/DV6-2-CALSELPGSNAKLTF-AJ42_BV13-2-CASGRGAGNTLYF-BJ1-3,0.8371884913280676,8
BL6-BALBc_HTxB,0.885,2.0,AV16/DV11-CAMREGNTGYQNFYF-AJ49_BV13-2-CASGRGAGNTLYF-BJ1-3,0.8341423225243263,10
BL6-BALBc_HTxB,0.885,2.0,AV16D/DV11-CAMREGNYGNEKITF-AJ48_BV1-CTCSRDRANSDYTF-BJ1-2,0.8565216084243857,5
BL6-BALBc_HTxB,0.88,2.0,AV13D-3-CAMRTNSAGNKLTF-AJ17*p02_BV13-2-CASGTTYEQYF-BJ2-7,0.9836868737679244,11
BL6-BALBc_HTxB,0.88,2.0,AV16D/DV11-CAMRENSGYNKLTF-AJ11*p02_BV13-2-CASGETGGREQYF-BJ2-7,0.7937004274475858,6
BL6-BALBc_HTxB,0.88,2.0,AV6-6-CALGDQANTDKVVF-AJ34*p03_BV14-CASSLGVNTEVFF-BJ1-1,0.9260940605911356,17
BL6-BALBc_HTxB,0.88,2.0,AV6D-4-CALVDDSGYNKLTF-AJ11*p02_BV4-CASSLTDEQYF-BJ2-7,0.9862723572896807,7
BL6-BALBc_HTxB,0.88,2.0,AV16D/DV11-CAMRDITGNTRKLIF-AJ37*p02_BV4-CASSYGAQYF-BJ2-7,0.9918320193739828,9
BL6-BALBc_HTxB,0.88,2.0,AV4-3-CAAHVNTGNYKYVF-AJ40_BV29-CASSLIRYAEQFF-BJ2-1,0.8964775474703407,5
BL6-BALBc_HTxB,0.88,2.0,AV3-3-CAVMPNYNVLYF-AJ21*p03_BV13-2-CASGDLGTDNNQAPLF-BJ1-5,0.939340857049402,8
BL6-BALBc_HTxB,0.88,2.0,AV16/DV11-CAMREGNTGNYKYVF-AJ40_BV13-2-CASGGIYEQYF-BJ2-7,0.9853641603911267,11
BL6-BALBc_HTxB,0.88,2.0,AV16D/DV11-CAMREGDSNYQLIW-AJ33_BV13-2-CASGYRAPNSDYTF-BJ1-2,0.8200416117258571,8
BL6-BALBc_HTxB,0.88,2.0,AV6D-7-CALRYGGSGNKLIF-AJ32_BV3-CASSLGTGDTQYF-BJ2-5,0.9158565091419653,9
BL6-BALBc_HTxB,0.88,2.0,AV4-3-CAADYQGGSAKLIF-AJ57_BV2-CASSQERLLGGAETLYF-BJ2-3,0.8288697410121442,8
BL6-BALBc_HTxB,0.88,2.0,AV16/DV11-CAMRENTGANTGKLTF-AJ52_BV13-3-CASSSGGVKAEQFF-BJ2-1,0.9416580436415481,13
BL6-BALBc_HTxB,0.88,2.0,AV16D/DV11-CAMREDSGYNKLTF-AJ11*p02_BV13-2-CASGTTYEQYF-BJ2-7,0.9978117406063012,12
BL6-BALBc_HTxB,0.88,2.0,AV16D/DV11-CAMREANSAGNKLTF-AJ17*p02_BV13-1-CASSDVGGEQYF-BJ2-7,0.9948591390141921,5
BL6-BALBc_HTxB,0.88,2.0,AV15-1/DV6-1-CALWELASSNTDKVVF-AJ34*p03_BV3-CASSFGTGGYYEQYF-BJ2-7,0.9554482974411657,10
BL6-BALBc_HTxB,0.88,2.0,AV6-6-CALGSYTGGADRLTF-AJ45_BV13-1-CASSDRGANTGQLYF-BJ2-2,0.6493184999094508,5
BL6-BALBc_HTxB,0.88,2.0,AV13D-1-CAMANTGNYKYVF-AJ40_BV13-2-CASGGIYEQYF-BJ2-7,0.9872092764020663,10
BL6-BALBc_HTxB,0.88,2.0,AV15-2/DV6-2-CALSELPGSNAKLTF-AJ42_BV13-2-CASGRGAGNTLYF-BJ1-3,0.8371884913280676,8
BL6-BALBc_HTxB,0.88,2.0,AV16/DV11-CAMREGNTGYQNFYF-AJ49_BV13-2-CASGRGAGNTLYF-BJ1-3,0.8341423225243263,10
BL6-BALBc_HTxB,0.88,2.0,AV16D/DV11-CAMREGNYGNEKITF-AJ48_BV1-CTCSRDRANSDYTF-BJ1-2,0.8565216084243857,5
BL6-BALBc_HTxB,0.875,2.0,AV13D-3-CAMRTNSAGNKLTF-AJ17*p02_BV13-2-CASGTTYEQYF-BJ2-7,0.9836868737679244,11
BL6-BALBc_HTxB,0.875,2.0,AV16D/DV11-CAMRENSGYNKLTF-AJ11*p02_BV13-2-CASGETGGREQYF-BJ2-7,0.7937004274475858,6
BL6-BALBc_HTxB,0.875,2.0,AV6-6-CALGDQANTDKVVF-AJ34*p03_BV14-CASSLGVNTEVFF-BJ1-1,0.9260940605911356,17
BL6-BALBc_HTxB,0.875,2.0,AV6D-4-CALVDDSGYNKLTF-AJ11*p02_BV4-CASSLTDEQYF-BJ2-7,0.9862723572896807,7
BL6-BALBc_HTxB,0.875,2.0,AV16D/DV11-CAMRDITGNTRKLIF-AJ37*p02_BV4-CASSYGAQYF-BJ2-7,0.9918320193739828,9
BL6-BALBc_HTxB,0.875,2.0,AV4-3-CAAHVNTGNYKYVF-AJ40_BV29-CASSLIRYAEQFF-BJ2-1,0.8964775474703407,5
BL6-BALBc_HTxB,0.875,2.0,AV3-3-CAVMPNYNVLYF-AJ21*p03_BV13-2-CASGDLGTDNNQAPLF-BJ1-5,0.939340857049402,8
BL6-BALBc_HTxB,0.875,2.0,AV16/DV11-CAMREGNTGNYKYVF-AJ40_BV13-2-CASGGIYEQYF-BJ2-7,0.9853641603911267,11
BL6-BALBc_HTxB,0.875,2.0,AV16D/DV11-CAMREGDSNYQLIW-AJ33_BV13-2-CASGYRAPNSDYTF-BJ1-2,0.8200416117258571,8
BL6-BALBc_HTxB,0.875,2.0,AV6D-7-CALRYGGSGNKLIF-AJ32_BV3-CASSLGTGDTQYF-BJ2-5,0.9158565091419653,9
BL6-BALBc_HTxB,0.875,2.0,AV4-3-CAADYQGGSAKLIF-AJ57_BV2-CASSQERLLGGAETLYF-BJ2-3,0.8288697410121442,8
BL6-BALBc_HTxB,0.875,2.0,AV16/DV11-CAMRENTGANTGKLTF-AJ52_BV13-3-CASSSGGVKAEQFF-BJ2-1,0.9416580436415481,13
BL6-BALBc_HTxB,0.875,2.0,AV16D/DV11-CAMREDSGYNKLTF-AJ11*p02_BV13-2-CASGTTYEQYF-BJ2-7,0.9978117406063012,12
BL6-BALBc_HTxB,0.875,2.0,AV16D/DV11-CAMREANSAGNKLTF-AJ17*p02_BV13-1-CASSDVGGEQYF-BJ2-7,0.9948591390141921,5
BL6-BALBc_HTxB,0.875,2.0,AV15-1/DV6-1-CALWELASSNTDKVVF-AJ34*p03_BV3-CASSFGTGGYYEQYF-BJ2-7,0.9554482974411657,10
BL6-BALBc_HTxB,0.875,2.0,AV6-6-CALGSYTGGADRLTF-AJ45_BV13-1-CASSDRGANTGQLYF-BJ2-2,0.6493184999094508,5
BL6-BALBc_HTxB,0.875,2.0,AV13D-1-CAMANTGNYKYVF-AJ40_BV13-2-CASGGIYEQYF-BJ2-7,0.9872092764020663,10
BL6-BALBc_HTxB,0.875,2.0,AV15-2/DV6-2-CALSELPGSNAKLTF-AJ42_BV13-2-CASGRGAGNTLYF-BJ1-3,0.8371884913280676,8
BL6-BALBc_HTxB,0.875,2.0,AV16/DV11-CAMREGNTGYQNFYF-AJ49_BV13-2-CASGRGAGNTLYF-BJ1-3,0.8341423225243263,10
BL6-BALBc_HTxB,0.875,2.0,AV16D/DV11-CAMREGNYGNEKITF-AJ48_BV1-CTCSRDRANSDYTF-BJ1-2,0.8565216084243857,5
BL6-BALBc_HTxB,0.87,2.0,AV13D-3-CAMRTNSAGNKLTF-AJ17*p02_BV13-2-CASGTTYEQYF-BJ2-7,0.9836868737679244,11
BL6-BALBc_HTxB,0.87,2.0,AV16D/DV11-CAMRENSGYNKLTF-AJ11*p02_BV13-2-CASGETGGREQYF-BJ2-7,0.7937004274475858,6
BL6-BALBc_HTxB,0.87,2.0,AV6-6-CALGDQANTDKVVF-AJ34*p03_BV14-CASSLGVNTEVFF-BJ1-1,0.9260940605911356,17
BL6-BALBc_HTxB,0.87,2.0,AV6D-4-CALVDDSGYNKLTF-AJ11*p02_BV4-CASSLTDEQYF-BJ2-7,0.9862723572896807,7
BL6-BALBc_HTxB,0.87,2.0,AV16D/DV11-CAMRDITGNTRKLIF-AJ37*p02_BV4-CASSYGAQYF-BJ2-7,0.9918320193739828,9
BL6-BALBc_HTxB,0.87,2.0,AV4-3-CAAHVNTGNYKYVF-AJ40_BV29-CASSLIRYAEQFF-BJ2-1,0.8964775474703407,5
BL6-BALBc_HTxB,0.87,2.0,AV3-3-CAVMPNYNVLYF-AJ21*p03_BV13-2-CASGDLGTDNNQAPLF-BJ1-5,0.939340857049402,8
BL6-BALBc_HTxB,0.87,2.0,AV16/DV11-CAMREGNTGNYKYVF-AJ40_BV13-2-CASGGIYEQYF-BJ2-7,0.9853641603911267,11
BL6-BALBc_HTxB,0.87,2.0,AV16D/DV11-CAMREGDSNYQLIW-AJ33_BV13-2-CASGYRAPNSDYTF-BJ1-2,0.8200416117258571,8
BL6-BALBc_HTxB,0.87,2.0,AV6D-7-CALRYGGSGNKLIF-AJ32_BV3-CASSLGTGDTQYF-BJ2-5,0.9158565091419653,9
BL6-BALBc_HTxB,0.87,2.0,AV4-3-CAADYQGGSAKLIF-AJ57_BV2-CASSQERLLGGAETLYF-BJ2-3,0.8288697410121442,8
BL6-BALBc_HTxB,0.87,2.0,AV16/DV11-CAMRENTGANTGKLTF-AJ52_BV13-3-CASSSGGVKAEQFF-BJ2-1,0.9416580436415481,13
BL6-BALBc_HTxB,0.87,2.0,AV16D/DV11-CAMREDSGYNKLTF-AJ11*p02_BV13-2-CASGTTYEQYF-BJ2-7,0.9978117406063012,12
BL6-BALBc_HTxB,0.87,2.0,AV16D/DV11-CAMREANSAGNKLTF-AJ17*p02_BV13-1-CASSDVGGEQYF-BJ2-7,0.9948591390141921,5
BL6-BALBc_HTxB,0.87,2.0,AV15-1/DV6-1-CALWELASSNTDKVVF-AJ34*p03_BV3-CASSFGTGGYYEQYF-BJ2-7,0.9554482974411657,10
BL6-BALBc_HTxB,0.87,2.0,AV6-6-CALGSYTGGADRLTF-AJ45_BV13-1-CASSDRGANTGQLYF-BJ2-2,0.6493184999094508,5
BL6-BALBc_HTxB,0.87,2.0,AV13D-1-CAMANTGNYKYVF-AJ40_BV13-2-CASGGIYEQYF-BJ2-7,0.9872092764020663,10
BL6-BALBc_HTxB,0.87,2.0,AV15-2/DV6-2-CALSELPGSNAKLTF-AJ42_BV13-2-CASGRGAGNTLYF-BJ1-3,0.8371884913280676,8
BL6-BALBc_HTxB,0.87,2.0,AV16/DV11-CAMREGNTGYQNFYF-AJ49_BV13-2-CASGRGAGNTLYF-BJ1-3,0.8341423225243263,10
BL6-BALBc_HTxB,0.87,2.0,AV16D/DV11-CAMREGNYGNEKITF-AJ48_BV1-CTCSRDRANSDYTF-BJ1-2,0.8565216084243857,5
BL6-BALBc_HTxB,0.865,2.0,AV13D-3-CAMRTNSAGNKLTF-AJ17*p02_BV13-2-CASGTTYEQYF-BJ2-7,0.9836868737679244,11
BL6-BALBc_HTxB,0.865,2.0,AV16D/DV11-CAMRENSGYNKLTF-AJ11*p02_BV13-2-CASGETGGREQYF-BJ2-7,0.7937004274475858,6
BL6-BALBc_HTxB,0.865,2.0,AV6-6-CALGDQANTDKVVF-AJ34*p03_BV14-CASSLGVNTEVFF-BJ1-1,0.9260940605911356,17
BL6-BALBc_HTxB,0.865,2.0,AV6D-4-CALVDDSGYNKLTF-AJ11*p02_BV4-CASSLTDEQYF-BJ2-7,0.9862723572896807,7
BL6-BALBc_HTxB,0.865,2.0,AV16D/DV11-CAMRDITGNTRKLIF-AJ37*p02_BV4-CASSYGAQYF-BJ2-7,0.9918320193739828,9
BL6-BALBc_HTxB,0.865,2.0,AV4-3-CAAHVNTGNYKYVF-AJ40_BV29-CASSLIRYAEQFF-BJ2-1,0.8964775474703407,5
BL6-BALBc_HTxB,0.865,2.0,AV3-3-CAVMPNYNVLYF-AJ21*p03_BV13-2-CASGDLGTDNNQAPLF-BJ1-5,0.939340857049402,8
BL6-BALBc_HTxB,0.865,2.0,AV16/DV11-CAMREGNTGNYKYVF-AJ40_BV13-2-CASGGIYEQYF-BJ2-7,0.9853641603911267,11
BL6-BALBc_HTxB,0.865,2.0,AV16D/DV11-CAMREGDSNYQLIW-AJ33_BV13-2-CASGYRAPNSDYTF-BJ1-2,0.8200416117258571,8
BL6-BALBc_HTxB,0.865,2.0,AV6D-7-CALRYGGSGNKLIF-AJ32_BV3-CASSLGTGDTQYF-BJ2-5,0.9158565091419653,9
BL6-BALBc_HTxB,0.865,2.0,AV4-3-CAADYQGGSAKLIF-AJ57_BV2-CASSQERLLGGAETLYF-BJ2-3,0.8288697410121442,8
BL6-BALBc_HTxB,0.865,2.0,AV16/DV11-CAMRENTGANTGKLTF-AJ52_BV13-3-CASSSGGVKAEQFF-BJ2-1,0.9416580436415481,13
BL6-BALBc_HTxB,0.865,2.0,AV16D/DV11-CAMREDSGYNKLTF-AJ11*p02_BV13-2-CASGTTYEQYF-BJ2-7,0.9978117406063012,12
BL6-BALBc_HTxB,0.865,2.0,AV16D/DV11-CAMREANSAGNKLTF-AJ17*p02_BV13-1-CASSDVGGEQYF-BJ2-7,0.9948591390141921,5
BL6-BALBc_HTxB,0.865,2.0,AV15-1/DV6-1-CALWELASSNTDKVVF-AJ34*p03_BV3-CASSFGTGGYYEQYF-BJ2-7,0.9554482974411657,10
BL6-BALBc_HTxB,0.865,2.0,AV6-6-CALGSYTGGADRLTF-AJ45_BV13-1-CASSDRGANTGQLYF-BJ2-2,0.6493184999094508,5
BL6-BALBc_HTxB,0.865,2.0,AV13D-1-CAMANTGNYKYVF-AJ40_BV13-2-CASGGIYEQYF-BJ2-7,0.9872092764020663,10
BL6-BALBc_HTxB,0.865,2.0,AV15-2/DV6-2-CALSELPGSNAKLTF-AJ42_BV13-2-CASGRGAGNTLYF-BJ1-3,0.8371884913280676,8
BL6-BALBc_HTxB,0.865,2.0,AV16/DV11-CAMREGNTGYQNFYF-AJ49_BV13-2-CASGRGAGNTLYF-BJ1-3,0.8341423225243263,10
BL6-BALBc_HTxB,0.865,2.0,AV16D/DV11-CAMREGNYGNEKITF-AJ48_BV1-CTCSRDRANSDYTF-BJ1-2,0.8565216084243857,5
BL6-BALBc_HTxB,0.86,2.0,AV13D-3-CAMRTNSAGNKLTF-AJ17*p02_BV13-2-CASGTTYEQYF-BJ2-7,0.9836868737679244,11
BL6-BALBc_HTxB,0.86,2.0,AV16D/DV11-CAMRENSGYNKLTF-AJ11*p02_BV13-2-CASGETGGREQYF-BJ2-7,0.7937004274475858,6
BL6-BALBc_HTxB,0.86,2.0,AV6-6-CALGDQANTDKVVF-AJ34*p03_BV14-CASSLGVNTEVFF-BJ1-1,0.9260940605911356,17
BL6-BALBc_HTxB,0.86,2.0,AV6D-4-CALVDDSGYNKLTF-AJ11*p02_BV4-CASSLTDEQYF-BJ2-7,0.9862723572896807,7
BL6-BALBc_HTxB,0.86,2.0,AV16D/DV11-CAMRDITGNTRKLIF-AJ37*p02_BV4-CASSYGAQYF-BJ2-7,0.9918320193739828,9
BL6-BALBc_HTxB,0.86,2.0,AV4-3-CAAHVNTGNYKYVF-AJ40_BV29-CASSLIRYAEQFF-BJ2-1,0.8964775474703407,5
BL6-BALBc_HTxB,0.86,2.0,AV3-3-CAVMPNYNVLYF-AJ21*p03_BV13-2-CASGDLGTDNNQAPLF-BJ1-5,0.939340857049402,8
BL6-BALBc_HTxB,0.86,2.0,AV16/DV11-CAMREGNTGNYKYVF-AJ40_BV13-2-CASGGIYEQYF-BJ2-7,0.9853641603911267,11
BL6-BALBc_HTxB,0.86,2.0,AV16D/DV11-CAMREGDSNYQLIW-AJ33_BV13-2-CASGYRAPNSDYTF-BJ1-2,0.8200416117258571,8
BL6-BALBc_HTxB,0.86,2.0,AV6D-7-CALRYGGSGNKLIF-AJ32_BV3-CASSLGTGDTQYF-BJ2-5,0.9158565091419653,9
BL6-BALBc_HTxB,0.86,2.0,AV4-3-CAADYQGGSAKLIF-AJ57_BV2-CASSQERLLGGAETLYF-BJ2-3,0.8288697410121442,8
BL6-BALBc_HTxB,0.86,2.0,AV16/DV11-CAMRENTGANTGKLTF-AJ52_BV13-3-CASSSGGVKAEQFF-BJ2-1,0.9416580436415481,13
BL6-BALBc_HTxB,0.86,2.0,AV16D/DV11-CAMREDSGYNKLTF-AJ11*p02_BV13-2-CASGTTYEQYF-BJ2-7,0.9978117406063012,12
BL6-BALBc_HTxB,0.86,2.0,AV16D/DV11-CAMREANSAGNKLTF-AJ17*p02_BV13-1-CASSDVGGEQYF-BJ2-7,0.9948591390141921,5
BL6-BALBc_HTxB,0.86,2.0,AV15-1/DV6-1-CALWELASSNTDKVVF-AJ34*p03_BV3-CASSFGTGGYYEQYF-BJ2-7,0.9554482974411657,10
BL6-BALBc_HTxB,0.86,2.0,AV6-6-CALGSYTGGADRLTF-AJ45_BV13-1-CASSDRGANTGQLYF-BJ2-2,0.6493184999094508,5
BL6-BALBc_HTxB,0.86,2.0,AV13D-1-CAMANTGNYKYVF-AJ40_BV13-2-CASGGIYEQYF-BJ2-7,0.9872092764020663,10
BL6-BALBc_HTxB,0.86,2.0,AV15-2/DV6-2-CALSELPGSNAKLTF-AJ42_BV13-2-CASGRGAGNTLYF-BJ1-3,0.8371884913280676,8
BL6-BALBc_HTxB,0.86,2.0,AV16/DV11-CAMREGNTGYQNFYF-AJ49_BV13-2-CASGRGAGNTLYF-BJ1-3,0.8341423225243263,10
BL6-BALBc_HTxB,0.86,2.0,AV16D/DV11-CAMREGNYGNEKITF-AJ48_BV1-CTCSRDRANSDYTF-BJ1-2,0.8565216084243857,5
BL6-BALBc_HTxB,0.855,2.0,AV13D-3-CAMRTNSAGNKLTF-AJ17*p02_BV13-2-CASGTTYEQYF-BJ2-7,0.9836868737679244,11
BL6-BALBc_HTxB,0.855,2.0,AV16D/DV11-CAMRENSGYNKLTF-AJ11*p02_BV13-2-CASGETGGREQYF-BJ2-7,0.7937004274475858,6
BL6-BALBc_HTxB,0.855,2.0,AV6-6-CALGDQANTDKVVF-AJ34*p03_BV14-CASSLGVNTEVFF-BJ1-1,0.9260940605911356,17
BL6-BALBc_HTxB,0.855,2.0,AV6D-4-CALVDDSGYNKLTF-AJ11*p02_BV4-CASSLTDEQYF-BJ2-7,0.9862723572896807,7
BL6-BALBc_HTxB,0.855,2.0,AV16D/DV11-CAMRDITGNTRKLIF-AJ37*p02_BV4-CASSYGAQYF-BJ2-7,0.9918320193739828,9
BL6-BALBc_HTxB,0.855,2.0,AV4-3-CAAHVNTGNYKYVF-AJ40_BV29-CASSLIRYAEQFF-BJ2-1,0.8964775474703407,5
BL6-BALBc_HTxB,0.855,2.0,AV3-3-CAVMPNYNVLYF-AJ21*p03_BV13-2-CASGDLGTDNNQAPLF-BJ1-5,0.939340857049402,8
BL6-BALBc_HTxB,0.855,2.0,AV16/DV11-CAMREGNTGNYKYVF-AJ40_BV13-2-CASGGIYEQYF-BJ2-7,0.9853641603911267,11
BL6-BALBc_HTxB,0.855,2.0,AV16D/DV11-CAMREGDSNYQLIW-AJ33_BV13-2-CASGYRAPNSDYTF-BJ1-2,0.8200416117258571,8
BL6-BALBc_HTxB,0.855,2.0,AV6D-7-CALRYGGSGNKLIF-AJ32_BV3-CASSLGTGDTQYF-BJ2-5,0.9158565091419653,9
BL6-BALBc_HTxB,0.855,2.0,AV4-3-CAADYQGGSAKLIF-AJ57_BV2-CASSQERLLGGAETLYF-BJ2-3,0.8288697410121442,8
BL6-BALBc_HTxB,0.855,2.0,AV16/DV11-CAMRENTGANTGKLTF-AJ52_BV13-3-CASSSGGVKAEQFF-BJ2-1,0.9416580436415481,13
BL6-BALBc_HTxB,0.855,2.0,AV16D/DV11-CAMREDSGYNKLTF-AJ11*p02_BV13-2-CASGTTYEQYF-BJ2-7,0.9978117406063012,12
BL6-BALBc_HTxB,0.855,2.0,AV16D/DV11-CAMREANSAGNKLTF-AJ17*p02_BV13-1-CASSDVGGEQYF-BJ2-7,0.9948591390141921,5
BL6-BALBc_HTxB,0.855,2.0,AV15-1/DV6-1-CALWELASSNTDKVVF-AJ34*p03_BV3-CASSFGTGGYYEQYF-BJ2-7,0.9554482974411657,10
BL6-BALBc_HTxB,0.855,2.0,AV6-6-CALGSYTGGADRLTF-AJ45_BV13-1-CASSDRGANTGQLYF-BJ2-2,0.6493184999094508,5
BL6-BALBc_HTxB,0.855,2.0,AV13D-1-CAMANTGNYKYVF-AJ40_BV13-2-CASGGIYEQYF-BJ2-7,0.9872092764020663,10
BL6-BALBc_HTxB,0.855,2.0,AV15-2/DV6-2-CALSELPGSNAKLTF-AJ42_BV13-2-CASGRGAGNTLYF-BJ1-3,0.8371884913280676,8
BL6-BALBc_HTxB,0.855,2.0,AV16/DV11-CAMREGNTGYQNFYF-AJ49_BV13-2-CASGRGAGNTLYF-BJ1-3,0.8341423225243263,10
BL6-BALBc_HTxB,0.855,2.0,AV16D/DV11-CAMREGNYGNEKITF-AJ48_BV1-CTCSRDRANSDYTF-BJ1-2,0.8565216084243857,5
BL6-BALBc_HTxB,0.85,2.0,AV13D-3-CAMRTNSAGNKLTF-AJ17*p02_BV13-2-CASGTTYEQYF-BJ2-7,0.9836868737679244,11
BL6-BALBc_HTxB,0.85,2.0,AV16D/DV11-CAMRENSGYNKLTF-AJ11*p02_BV13-2-CASGETGGREQYF-BJ2-7,0.7937004274475858,6
BL6-BALBc_HTxB,0.85,2.0,AV6-6-CALGDQANTDKVVF-AJ34*p03_BV14-CASSLGVNTEVFF-BJ1-1,0.9260940605911356,17
BL6-BALBc_HTxB,0.85,2.0,AV6D-4-CALVDDSGYNKLTF-AJ11*p02_BV4-CASSLTDEQYF-BJ2-7,0.9862723572896807,7
BL6-BALBc_HTxB,0.85,2.0,AV16D/DV11-CAMRDITGNTRKLIF-AJ37*p02_BV4-CASSYGAQYF-BJ2-7,0.9918320193739828,9
BL6-BALBc_HTxB,0.85,2.0,AV4-3-CAAHVNTGNYKYVF-AJ40_BV29-CASSLIRYAEQFF-BJ2-1,0.8964775474703407,5
BL6-BALBc_HTxB,0.85,2.0,AV3-3-CAVMPNYNVLYF-AJ21*p03_BV13-2-CASGDLGTDNNQAPLF-BJ1-5,0.939340857049402,8
BL6-BALBc_HTxB,0.85,2.0,AV16/DV11-CAMREGNTGNYKYVF-AJ40_BV13-2-CASGGIYEQYF-BJ2-7,0.9853641603911267,11
BL6-BALBc_HTxB,0.85,2.0,AV16D/DV11-CAMREGDSNYQLIW-AJ33_BV13-2-CASGYRAPNSDYTF-BJ1-2,0.8200416117258571,8
BL6-BALBc_HTxB,0.85,2.0,AV6D-7-CALRYGGSGNKLIF-AJ32_BV3-CASSLGTGDTQYF-BJ2-5,0.9158565091419653,9
BL6-BALBc_HTxB,0.85,2.0,AV4-3-CAADYQGGSAKLIF-AJ57_BV2-CASSQERLLGGAETLYF-BJ2-3,0.8288697410121442,8
BL6-BALBc_HTxB,0.85,2.0,AV16/DV11-CAMRENTGANTGKLTF-AJ52_BV13-3-CASSSGGVKAEQFF-BJ2-1,0.9416580436415481,13
BL6-BALBc_HTxB,0.85,2.0,AV16D/DV11-CAMREDSGYNKLTF-AJ11*p02_BV13-2-CASGTTYEQYF-BJ2-7,0.9978117406063012,12
BL6-BALBc_HTxB,0.85,2.0,AV16D/DV11-CAMREANSAGNKLTF-AJ17*p02_BV13-1-CASSDVGGEQYF-BJ2-7,0.9948591390141921,5
BL6-BALBc_HTxB,0.85,2.0,AV15-1/DV6-1-CALWELASSNTDKVVF-AJ34*p03_BV3-CASSFGTGGYYEQYF-BJ2-7,0.9554482974411657,10
BL6-BALBc_HTxB,0.85,2.0,AV6-6-CALGSYTGGADRLTF-AJ45_BV13-1-CASSDRGANTGQLYF-BJ2-2,0.6493184999094508,5
BL6-BALBc_HTxB,0.85,2.0,AV13D-1-CAMANTGNYKYVF-AJ40_BV13-2-CASGGIYEQYF-BJ2-7,0.9872092764020663,10
BL6-BALBc_HTxB,0.85,2.0,AV15-2/DV6-2-CALSELPGSNAKLTF-AJ42_BV13-2-CASGRGAGNTLYF-BJ1-3,0.8371884913280676,8
BL6-BALBc_HTxB,0.85,2.0,AV16/DV11-CAMREGNTGYQNFYF-AJ49_BV13-2-CASGRGAGNTLYF-BJ1-3,0.8341423225243263,10
BL6-BALBc_HTxB,0.85,2.0,AV16D/DV11-CAMREGNYGNEKITF-AJ48_BV1-CTCSRDRANSDYTF-BJ1-2,0.8565216084243857,5
BL6-BALBc_HTxB,0.845,2.0,AV13D-3-CAMRTNSAGNKLTF-AJ17*p02_BV13-2-CASGTTYEQYF-BJ2-7,0.9836868737679244,11
BL6-BALBc_HTxB,0.845,2.0,AV16D/DV11-CAMRENSGYNKLTF-AJ11*p02_BV13-2-CASGETGGREQYF-BJ2-7,0.7937004274475858,6
BL6-BALBc_HTxB,0.845,2.0,AV6-6-CALGDQANTDKVVF-AJ34*p03_BV14-CASSLGVNTEVFF-BJ1-1,0.9260940605911356,17
BL6-BALBc_HTxB,0.845,2.0,AV6D-4-CALVDDSGYNKLTF-AJ11*p02_BV4-CASSLTDEQYF-BJ2-7,0.9862723572896807,7
BL6-BALBc_HTxB,0.845,2.0,AV16D/DV11-CAMRDITGNTRKLIF-AJ37*p02_BV4-CASSYGAQYF-BJ2-7,0.9918320193739828,9
BL6-BALBc_HTxB,0.845,2.0,AV4-3-CAAHVNTGNYKYVF-AJ40_BV29-CASSLIRYAEQFF-BJ2-1,0.8964775474703407,5
BL6-BALBc_HTxB,0.845,2.0,AV3-3-CAVMPNYNVLYF-AJ21*p03_BV13-2-CASGDLGTDNNQAPLF-BJ1-5,0.939340857049402,8
BL6-BALBc_HTxB,0.845,2.0,AV16/DV11-CAMREGNTGNYKYVF-AJ40_BV13-2-CASGGIYEQYF-BJ2-7,0.9853641603911267,11
BL6-BALBc_HTxB,0.845,2.0,AV16D/DV11-CAMREGDSNYQLIW-AJ33_BV13-2-CASGYRAPNSDYTF-BJ1-2,0.8200416117258571,8
BL6-BALBc_HTxB,0.845,2.0,AV6D-7-CALRYGGSGNKLIF-AJ32_BV3-CASSLGTGDTQYF-BJ2-5,0.9158565091419653,9
BL6-BALBc_HTxB,0.845,2.0,AV4-3-CAADYQGGSAKLIF-AJ57_BV2-CASSQERLLGGAETLYF-BJ2-3,0.8288697410121442,8
BL6-BALBc_HTxB,0.845,2.0,AV16/DV11-CAMRENTGANTGKLTF-AJ52_BV13-3-CASSSGGVKAEQFF-BJ2-1,0.9416580436415481,13
BL6-BALBc_HTxB,0.845,2.0,AV16D/DV11-CAMREDSGYNKLTF-AJ11*p02_BV13-2-CASGTTYEQYF-BJ2-7,0.9978117406063012,12
BL6-BALBc_HTxB,0.845,2.0,AV16D/DV11-CAMREANSAGNKLTF-AJ17*p02_BV13-1-CASSDVGGEQYF-BJ2-7,0.9948591390141921,5
BL6-BALBc_HTxB,0.845,2.0,AV15-1/DV6-1-CALWELASSNTDKVVF-AJ34*p03_BV3-CASSFGTGGYYEQYF-BJ2-7,0.9554482974411657,10
BL6-BALBc_HTxB,0.845,2.0,AV6-6-CALGSYTGGADRLTF-AJ45_BV13-1-CASSDRGANTGQLYF-BJ2-2,0.6493184999094508,5
BL6-BALBc_HTxB,0.845,2.0,AV13D-1-CAMANTGNYKYVF-AJ40_BV13-2-CASGGIYEQYF-BJ2-7,0.9872092764020663,10
BL6-BALBc_HTxB,0.845,2.0,AV15-2/DV6-2-CALSELPGSNAKLTF-AJ42_BV13-2-CASGRGAGNTLYF-BJ1-3,0.8371884913280676,8
BL6-BALBc_HTxB,0.845,2.0,AV16/DV11-CAMREGNTGYQNFYF-AJ49_BV13-2-CASGRGAGNTLYF-BJ1-3,0.8341423225243263,10
BL6-BALBc_HTxB,0.845,2.0,AV16D/DV11-CAMREGNYGNEKITF-AJ48_BV1-CTCSRDRANSDYTF-BJ1-2,0.8565216084243857,5
BL6-BALBc_HTxB,0.84,1.0,AV13D-3-CAMRTNSAGNKLTF-AJ17*p02_BV13-2-CASGTTYEQYF-BJ2-7,0.9808002837125009,9
BL6-BALBc_HTxB,0.84,1.0,AV16D/DV11-CAMRENSGYNKLTF-AJ11*p02_BV13-2-CASGETGGREQYF-BJ2-7,0.7692864024760473,5
BL6-BALBc_HTxB,0.84,1.0,AV6-6-CALGDQANTDKVVF-AJ34*p03_BV14-CASSLGVNTEVFF-BJ1-1,0.9260940605911356,17
BL6-BALBc_HTxB,0.84,1.0,AV6D-4-CALVDDSGYNKLTF-AJ11*p02_BV4-CASSLTDEQYF-BJ2-7,0.9862723572896807,7
BL6-BALBc_HTxB,0.84,1.0,AV16D/DV11-CAMRDITGNTRKLIF-AJ37*p02_BV4-CASSYGAQYF-BJ2-7,0.9910347537876067,8
BL6-BALBc_HTxB,0.84,1.0,AV4-3-CAAHVNTGNYKYVF-AJ40_BV29-CASSLIRYAEQFF-BJ2-1,0.8964775474703407,5
BL6-BALBc_HTxB,0.84,1.0,AV3-3-CAVMPNYNVLYF-AJ21*p03_BV13-2-CASGDLGTDNNQAPLF-BJ1-5,0.9338022657076005,7
BL6-BALBc_HTxB,0.84,1.0,AV16/DV11-CAMREGNTGNYKYVF-AJ40_BV13-2-CASGGIYEQYF-BJ2-7,0.9911629066077647,8
BL6-BALBc_HTxB,0.84,1.0,AV16D/DV11-CAMREGDSNYQLIW-AJ33_BV13-2-CASGYRAPNSDYTF-BJ1-2,0.8200416117258571,8
BL6-BALBc_HTxB,0.84,1.0,AV6D-7-CALRYGGSGNKLIF-AJ32_BV3-CASSLGTGDTQYF-BJ2-5,0.9158565091419653,9
BL6-BALBc_HTxB,0.84,1.0,AV4-3-CAADYQGGSAKLIF-AJ57_BV2-CASSQERLLGGAETLYF-BJ2-3,0.8244932747102044,7
BL6-BALBc_HTxB,0.84,1.0,AV16/DV11-CAMRENTGANTGKLTF-AJ52_BV13-3-CASSSGGVKAEQFF-BJ2-1,0.9472347252782256,11
BL6-BALBc_HTxB,0.84,1.0,AV16D/DV11-CAMREDSGYNKLTF-AJ11*p02_BV13-2-CASGTTYEQYF-BJ2-7,0.9978117406063012,12
BL6-BALBc_HTxB,0.84,1.0,AV16D/DV11-CAMREANSAGNKLTF-AJ17*p02_BV13-1-CASSDVGGEQYF-BJ2-7,0.9948591390141921,5
BL6-BALBc_HTxB,0.84,1.0,AV15-1/DV6-1-CALWELASSNTDKVVF-AJ34*p03_BV3-CASSFGTGGYYEQYF-BJ2-7,0.9554482974411657,10
BL6-BALBc_HTxB,0.84,1.0,AV6-6-CALGSYTGGADRLTF-AJ45_BV13-1-CASSDRGANTGQLYF-BJ2-2,0.6493184999094508,5
BL6-BALBc_HTxB,0.84,1.0,AV13D-1-CAMANTGNYKYVF-AJ40_BV13-2-CASGGIYEQYF-BJ2-7,0.9852423896430225,8
BL6-BALBc_HTxB,0.84,1.0,AV15-2/DV6-2-CALSELPGSNAKLTF-AJ42_BV13-2-CASGRGAGNTLYF-BJ1-3,0.8371884913280676,8
BL6-BALBc_HTxB,0.84,1.0,AV16/DV11-CAMREGNTGYQNFYF-AJ49_BV13-2-CASGRGAGNTLYF-BJ1-3,0.8224353705733771,9
BL6-BALBc_HTxB,0.835,1.0,AV13D-3-CAMRTNSAGNKLTF-AJ17*p02_BV13-2-CASGTTYEQYF-BJ2-7,0.9808002837125009,9
BL6-BALBc_HTxB,0.835,1.0,AV16D/DV11-CAMRENSGYNKLTF-AJ11*p02_BV13-2-CASGETGGREQYF-BJ2-7,0.7692864024760473,5
BL6-BALBc_HTxB,0.835,1.0,AV6-6-CALGDQANTDKVVF-AJ34*p03_BV14-CASSLGVNTEVFF-BJ1-1,0.9260940605911356,17
BL6-BALBc_HTxB,0.835,1.0,AV6D-4-CALVDDSGYNKLTF-AJ11*p02_BV4-CASSLTDEQYF-BJ2-7,0.9862723572896807,7
BL6-BALBc_HTxB,0.835,1.0,AV16D/DV11-CAMRDITGNTRKLIF-AJ37*p02_BV4-CASSYGAQYF-BJ2-7,0.9910347537876067,8
BL6-BALBc_HTxB,0.835,1.0,AV4-3-CAAHVNTGNYKYVF-AJ40_BV29-CASSLIRYAEQFF-BJ2-1,0.8964775474703407,5
BL6-BALBc_HTxB,0.835,1.0,AV3-3-CAVMPNYNVLYF-AJ21*p03_BV13-2-CASGDLGTDNNQAPLF-BJ1-5,0.9338022657076005,7
BL6-BALBc_HTxB,0.835,1.0,AV16/DV11-CAMREGNTGNYKYVF-AJ40_BV13-2-CASGGIYEQYF-BJ2-7,0.9911629066077647,8
BL6-BALBc_HTxB,0.835,1.0,AV16D/DV11-CAMREGDSNYQLIW-AJ33_BV13-2-CASGYRAPNSDYTF-BJ1-2,0.8200416117258571,8
BL6-BALBc_HTxB,0.835,1.0,AV6D-7-CALRYGGSGNKLIF-AJ32_BV3-CASSLGTGDTQYF-BJ2-5,0.9158565091419653,9
BL6-BALBc_HTxB,0.835,1.0,AV4-3-CAADYQGGSAKLIF-AJ57_BV2-CASSQERLLGGAETLYF-BJ2-3,0.8244932747102044,7
BL6-BALBc_HTxB,0.835,1.0,AV16/DV11-CAMRENTGANTGKLTF-AJ52_BV13-3-CASSSGGVKAEQFF-BJ2-1,0.9472347252782256,11
BL6-BALBc_HTxB,0.835,1.0,AV16D/DV11-CAMREDSGYNKLTF-AJ11*p02_BV13-2-CASGTTYEQYF-BJ2-7,0.9978117406063012,12
BL6-BALBc_HTxB,0.835,1.0,AV16D/DV11-CAMREANSAGNKLTF-AJ17*p02_BV13-1-CASSDVGGEQYF-BJ2-7,0.9948591390141921,5
BL6-BALBc_HTxB,0.835,1.0,AV15-1/DV6-1-CALWELASSNTDKVVF-AJ34*p03_BV3-CASSFGTGGYYEQYF-BJ2-7,0.9554482974411657,10
BL6-BALBc_HTxB,0.835,1.0,AV6-6-CALGSYTGGADRLTF-AJ45_BV13-1-CASSDRGANTGQLYF-BJ2-2,0.6493184999094508,5
BL6-BALBc_HTxB,0.835,1.0,AV13D-1-CAMANTGNYKYVF-AJ40_BV13-2-CASGGIYEQYF-BJ2-7,0.9852423896430225,8
BL6-BALBc_HTxB,0.835,1.0,AV15-2/DV6-2-CALSELPGSNAKLTF-AJ42_BV13-2-CASGRGAGNTLYF-BJ1-3,0.8371884913280676,8
BL6-BALBc_HTxB,0.835,1.0,AV16/DV11-CAMREGNTGYQNFYF-AJ49_BV13-2-CASGRGAGNTLYF-BJ1-3,0.8224353705733771,9
BL6-BALBc_HTxB,0.83,1.0,AV13D-3-CAMRTNSAGNKLTF-AJ17*p02_BV13-2-CASGTTYEQYF-BJ2-7,0.9808002837125009,9
BL6-BALBc_HTxB,0.83,1.0,AV16D/DV11-CAMRENSGYNKLTF-AJ11*p02_BV13-2-CASGETGGREQYF-BJ2-7,0.7692864024760473,5
BL6-BALBc_HTxB,0.83,1.0,AV6-6-CALGDQANTDKVVF-AJ34*p03_BV14-CASSLGVNTEVFF-BJ1-1,0.9260940605911356,17
BL6-BALBc_HTxB,0.83,1.0,AV6D-4-CALVDDSGYNKLTF-AJ11*p02_BV4-CASSLTDEQYF-BJ2-7,0.9862723572896807,7
BL6-BALBc_HTxB,0.83,1.0,AV16D/DV11-CAMRDITGNTRKLIF-AJ37*p02_BV4-CASSYGAQYF-BJ2-7,0.9910347537876067,8
BL6-BALBc_HTxB,0.83,1.0,AV4-3-CAAHVNTGNYKYVF-AJ40_BV29-CASSLIRYAEQFF-BJ2-1,0.8964775474703407,5
BL6-BALBc_HTxB,0.83,1.0,AV3-3-CAVMPNYNVLYF-AJ21*p03_BV13-2-CASGDLGTDNNQAPLF-BJ1-5,0.9338022657076005,7
BL6-BALBc_HTxB,0.83,1.0,AV16/DV11-CAMREGNTGNYKYVF-AJ40_BV13-2-CASGGIYEQYF-BJ2-7,0.9911629066077647,8
BL6-BALBc_HTxB,0.83,1.0,AV16D/DV11-CAMREGDSNYQLIW-AJ33_BV13-2-CASGYRAPNSDYTF-BJ1-2,0.8200416117258571,8
BL6-BALBc_HTxB,0.83,1.0,AV6D-7-CALRYGGSGNKLIF-AJ32_BV3-CASSLGTGDTQYF-BJ2-5,0.9158565091419653,9
BL6-BALBc_HTxB,0.83,1.0,AV4-3-CAADYQGGSAKLIF-AJ57_BV2-CASSQERLLGGAETLYF-BJ2-3,0.8244932747102044,7
BL6-BALBc_HTxB,0.83,1.0,AV16/DV11-CAMRENTGANTGKLTF-AJ52_BV13-3-CASSSGGVKAEQFF-BJ2-1,0.9472347252782256,11
BL6-BALBc_HTxB,0.83,1.0,AV16D/DV11-CAMREDSGYNKLTF-AJ11*p02_BV13-2-CASGTTYEQYF-BJ2-7,0.9978117406063012,12
BL6-BALBc_HTxB,0.83,1.0,AV16D/DV11-CAMREANSAGNKLTF-AJ17*p02_BV13-1-CASSDVGGEQYF-BJ2-7,0.9948591390141921,5
BL6-BALBc_HTxB,0.83,1.0,AV15-1/DV6-1-CALWELASSNTDKVVF-AJ34*p03_BV3-CASSFGTGGYYEQYF-BJ2-7,0.9554482974411657,10
BL6-BALBc_HTxB,0.83,1.0,AV6-6-CALGSYTGGADRLTF-AJ45_BV13-1-CASSDRGANTGQLYF-BJ2-2,0.6493184999094508,5
BL6-BALBc_HTxB,0.83,1.0,AV13D-1-CAMANTGNYKYVF-AJ40_BV13-2-CASGGIYEQYF-BJ2-7,0.9852423896430225,8
BL6-BALBc_HTxB,0.83,1.0,AV15-2/DV6-2-CALSELPGSNAKLTF-AJ42_BV13-2-CASGRGAGNTLYF-BJ1-3,0.8371884913280676,8
BL6-BALBc_HTxB,0.83,1.0,AV16/DV11-CAMREGNTGYQNFYF-AJ49_BV13-2-CASGRGAGNTLYF-BJ1-3,0.8224353705733771,9
BL6-BALBc_HTxB,0.825,1.0,AV13D-3-CAMRTNSAGNKLTF-AJ17*p02_BV13-2-CASGTTYEQYF-BJ2-7,0.9808002837125009,9
BL6-BALBc_HTxB,0.825,1.0,AV16D/DV11-CAMRENSGYNKLTF-AJ11*p02_BV13-2-CASGETGGREQYF-BJ2-7,0.7692864024760473,5
BL6-BALBc_HTxB,0.825,1.0,AV6-6-CALGDQANTDKVVF-AJ34*p03_BV14-CASSLGVNTEVFF-BJ1-1,0.9260940605911356,17
BL6-BALBc_HTxB,0.825,1.0,AV6D-4-CALVDDSGYNKLTF-AJ11*p02_BV4-CASSLTDEQYF-BJ2-7,0.9862723572896807,7
BL6-BALBc_HTxB,0.825,1.0,AV16D/DV11-CAMRDITGNTRKLIF-AJ37*p02_BV4-CASSYGAQYF-BJ2-7,0.9910347537876067,8
BL6-BALBc_HTxB,0.825,1.0,AV4-3-CAAHVNTGNYKYVF-AJ40_BV29-CASSLIRYAEQFF-BJ2-1,0.8964775474703407,5
BL6-BALBc_HTxB,0.825,1.0,AV3-3-CAVMPNYNVLYF-AJ21*p03_BV13-2-CASGDLGTDNNQAPLF-BJ1-5,0.9338022657076005,7
BL6-BALBc_HTxB,0.825,1.0,AV16/DV11-CAMREGNTGNYKYVF-AJ40_BV13-2-CASGGIYEQYF-BJ2-7,0.9911629066077647,8
BL6-BALBc_HTxB,0.825,1.0,AV16D/DV11-CAMREGDSNYQLIW-AJ33_BV13-2-CASGYRAPNSDYTF-BJ1-2,0.8200416117258571,8
BL6-BALBc_HTxB,0.825,1.0,AV6D-7-CALRYGGSGNKLIF-AJ32_BV3-CASSLGTGDTQYF-BJ2-5,0.9158565091419653,9
BL6-BALBc_HTxB,0.825,1.0,AV4-3-CAADYQGGSAKLIF-AJ57_BV2-CASSQERLLGGAETLYF-BJ2-3,0.8244932747102044,7
BL6-BALBc_HTxB,0.825,1.0,AV16/DV11-CAMRENTGANTGKLTF-AJ52_BV13-3-CASSSGGVKAEQFF-BJ2-1,0.9472347252782256,11
BL6-BALBc_HTxB,0.825,1.0,AV16D/DV11-CAMREDSGYNKLTF-AJ11*p02_BV13-2-CASGTTYEQYF-BJ2-7,0.9978117406063012,12
BL6-BALBc_HTxB,0.825,1.0,AV16D/DV11-CAMREANSAGNKLTF-AJ17*p02_BV13-1-CASSDVGGEQYF-BJ2-7,0.9948591390141921,5
BL6-BALBc_HTxB,0.825,1.0,AV15-1/DV6-1-CALWELASSNTDKVVF-AJ34*p03_BV3-CASSFGTGGYYEQYF-BJ2-7,0.9554482974411657,10
BL6-BALBc_HTxB,0.825,1.0,AV6-6-CALGSYTGGADRLTF-AJ45_BV13-1-CASSDRGANTGQLYF-BJ2-2,0.6493184999094508,5
BL6-BALBc_HTxB,0.825,1.0,AV13D-1-CAMANTGNYKYVF-AJ40_BV13-2-CASGGIYEQYF-BJ2-7,0.9852423896430225,8
BL6-BALBc_HTxB,0.825,1.0,AV15-2/DV6-2-CALSELPGSNAKLTF-AJ42_BV13-2-CASGRGAGNTLYF-BJ1-3,0.8371884913280676,8
BL6-BALBc_HTxB,0.825,1.0,AV16/DV11-CAMREGNTGYQNFYF-AJ49_BV13-2-CASGRGAGNTLYF-BJ1-3,0.8224353705733771,9
BL6-BALBc_HTxB,0.8200000000000001,1.0,AV13D-3-CAMRTNSAGNKLTF-AJ17*p02_BV13-2-CASGTTYEQYF-BJ2-7,0.9808002837125009,9
BL6-BALBc_HTxB,0.8200000000000001,1.0,AV16D/DV11-CAMRENSGYNKLTF-AJ11*p02_BV13-2-CASGETGGREQYF-BJ2-7,0.7692864024760473,5
BL6-BALBc_HTxB,0.8200000000000001,1.0,AV6-6-CALGDQANTDKVVF-AJ34*p03_BV14-CASSLGVNTEVFF-BJ1-1,0.9260940605911356,17
BL6-BALBc_HTxB,0.8200000000000001,1.0,AV6D-4-CALVDDSGYNKLTF-AJ11*p02_BV4-CASSLTDEQYF-BJ2-7,0.9862723572896807,7
BL6-BALBc_HTxB,0.8200000000000001,1.0,AV16D/DV11-CAMRDITGNTRKLIF-AJ37*p02_BV4-CASSYGAQYF-BJ2-7,0.9910347537876067,8
BL6-BALBc_HTxB,0.8200000000000001,1.0,AV4-3-CAAHVNTGNYKYVF-AJ40_BV29-CASSLIRYAEQFF-BJ2-1,0.8964775474703407,5
BL6-BALBc_HTxB,0.8200000000000001,1.0,AV3-3-CAVMPNYNVLYF-AJ21*p03_BV13-2-CASGDLGTDNNQAPLF-BJ1-5,0.9338022657076005,7
BL6-BALBc_HTxB,0.8200000000000001,1.0,AV16/DV11-CAMREGNTGNYKYVF-AJ40_BV13-2-CASGGIYEQYF-BJ2-7,0.9911629066077647,8
BL6-BALBc_HTxB,0.8200000000000001,1.0,AV16D/DV11-CAMREGDSNYQLIW-AJ33_BV13-2-CASGYRAPNSDYTF-BJ1-2,0.8200416117258571,8
BL6-BALBc_HTxB,0.8200000000000001,1.0,AV6D-7-CALRYGGSGNKLIF-AJ32_BV3-CASSLGTGDTQYF-BJ2-5,0.9158565091419653,9
BL6-BALBc_HTxB,0.8200000000000001,1.0,AV4-3-CAADYQGGSAKLIF-AJ57_BV2-CASSQERLLGGAETLYF-BJ2-3,0.8244932747102044,7
BL6-BALBc_HTxB,0.8200000000000001,1.0,AV16/DV11-CAMRENTGANTGKLTF-AJ52_BV13-3-CASSSGGVKAEQFF-BJ2-1,0.9472347252782256,11
BL6-BALBc_HTxB,0.8200000000000001,1.0,AV16D/DV11-CAMREDSGYNKLTF-AJ11*p02_BV13-2-CASGTTYEQYF-BJ2-7,0.9978117406063012,12
BL6-BALBc_HTxB,0.8200000000000001,1.0,AV16D/DV11-CAMREANSAGNKLTF-AJ17*p02_BV13-1-CASSDVGGEQYF-BJ2-7,0.9948591390141921,5
BL6-BALBc_HTxB,0.8200000000000001,1.0,AV15-1/DV6-1-CALWELASSNTDKVVF-AJ34*p03_BV3-CASSFGTGGYYEQYF-BJ2-7,0.9554482974411657,10
BL6-BALBc_HTxB,0.8200000000000001,1.0,AV6-6-CALGSYTGGADRLTF-AJ45_BV13-1-CASSDRGANTGQLYF-BJ2-2,0.6493184999094508,5
BL6-BALBc_HTxB,0.8200000000000001,1.0,AV13D-1-CAMANTGNYKYVF-AJ40_BV13-2-CASGGIYEQYF-BJ2-7,0.9852423896430225,8
BL6-BALBc_HTxB,0.8200000000000001,1.0,AV15-2/DV6-2-CALSELPGSNAKLTF-AJ42_BV13-2-CASGRGAGNTLYF-BJ1-3,0.8371884913280676,8
BL6-BALBc_HTxB,0.8200000000000001,1.0,AV16/DV11-CAMREGNTGYQNFYF-AJ49_BV13-2-CASGRGAGNTLYF-BJ1-3,0.8224353705733771,9
BL6-BALBc_HTxB,0.815,1.0,AV13D-3-CAMRTNSAGNKLTF-AJ17*p02_BV13-2-CASGTTYEQYF-BJ2-7,0.9808002837125009,9
BL6-BALBc_HTxB,0.815,1.0,AV16D/DV11-CAMRENSGYNKLTF-AJ11*p02_BV13-2-CASGETGGREQYF-BJ2-7,0.7692864024760473,5
BL6-BALBc_HTxB,0.815,1.0,AV6-6-CALGDQANTDKVVF-AJ34*p03_BV14-CASSLGVNTEVFF-BJ1-1,0.9260940605911356,17
BL6-BALBc_HTxB,0.815,1.0,AV6D-4-CALVDDSGYNKLTF-AJ11*p02_BV4-CASSLTDEQYF-BJ2-7,0.9862723572896807,7
BL6-BALBc_HTxB,0.815,1.0,AV16D/DV11-CAMRDITGNTRKLIF-AJ37*p02_BV4-CASSYGAQYF-BJ2-7,0.9910347537876067,8
BL6-BALBc_HTxB,0.815,1.0,AV4-3-CAAHVNTGNYKYVF-AJ40_BV29-CASSLIRYAEQFF-BJ2-1,0.8964775474703407,5
BL6-BALBc_HTxB,0.815,1.0,AV3-3-CAVMPNYNVLYF-AJ21*p03_BV13-2-CASGDLGTDNNQAPLF-BJ1-5,0.9338022657076005,7
BL6-BALBc_HTxB,0.815,1.0,AV16/DV11-CAMREGNTGNYKYVF-AJ40_BV13-2-CASGGIYEQYF-BJ2-7,0.9911629066077647,8
BL6-BALBc_HTxB,0.815,1.0,AV16D/DV11-CAMREGDSNYQLIW-AJ33_BV13-2-CASGYRAPNSDYTF-BJ1-2,0.8200416117258571,8
BL6-BALBc_HTxB,0.815,1.0,AV6D-7-CALRYGGSGNKLIF-AJ32_BV3-CASSLGTGDTQYF-BJ2-5,0.9158565091419653,9
BL6-BALBc_HTxB,0.815,1.0,AV4-3-CAADYQGGSAKLIF-AJ57_BV2-CASSQERLLGGAETLYF-BJ2-3,0.8244932747102044,7
BL6-BALBc_HTxB,0.815,1.0,AV16/DV11-CAMRENTGANTGKLTF-AJ52_BV13-3-CASSSGGVKAEQFF-BJ2-1,0.9472347252782256,11
BL6-BALBc_HTxB,0.815,1.0,AV16D/DV11-CAMREDSGYNKLTF-AJ11*p02_BV13-2-CASGTTYEQYF-BJ2-7,0.9978117406063012,12
BL6-BALBc_HTxB,0.815,1.0,AV16D/DV11-CAMREANSAGNKLTF-AJ17*p02_BV13-1-CASSDVGGEQYF-BJ2-7,0.9948591390141921,5
BL6-BALBc_HTxB,0.815,1.0,AV15-1/DV6-1-CALWELASSNTDKVVF-AJ34*p03_BV3-CASSFGTGGYYEQYF-BJ2-7,0.9554482974411657,10
BL6-BALBc_HTxB,0.815,1.0,AV6-6-CALGSYTGGADRLTF-AJ45_BV13-1-CASSDRGANTGQLYF-BJ2-2,0.6493184999094508,5
BL6-BALBc_HTxB,0.815,1.0,AV13D-1-CAMANTGNYKYVF-AJ40_BV13-2-CASGGIYEQYF-BJ2-7,0.9852423896430225,8
BL6-BALBc_HTxB,0.815,1.0,AV15-2/DV6-2-CALSELPGSNAKLTF-AJ42_BV13-2-CASGRGAGNTLYF-BJ1-3,0.8371884913280676,8
BL6-BALBc_HTxB,0.815,1.0,AV16/DV11-CAMREGNTGYQNFYF-AJ49_BV13-2-CASGRGAGNTLYF-BJ1-3,0.8224353705733771,9
BL6-BALBc_HTxB,0.81,1.0,AV13D-3-CAMRTNSAGNKLTF-AJ17*p02_BV13-2-CASGTTYEQYF-BJ2-7,0.9808002837125009,9
BL6-BALBc_HTxB,0.81,1.0,AV16D/DV11-CAMRENSGYNKLTF-AJ11*p02_BV13-2-CASGETGGREQYF-BJ2-7,0.7692864024760473,5
BL6-BALBc_HTxB,0.81,1.0,AV6-6-CALGDQANTDKVVF-AJ34*p03_BV14-CASSLGVNTEVFF-BJ1-1,0.9260940605911356,17
BL6-BALBc_HTxB,0.81,1.0,AV6D-4-CALVDDSGYNKLTF-AJ11*p02_BV4-CASSLTDEQYF-BJ2-7,0.9862723572896807,7
BL6-BALBc_HTxB,0.81,1.0,AV16D/DV11-CAMRDITGNTRKLIF-AJ37*p02_BV4-CASSYGAQYF-BJ2-7,0.9910347537876067,8
BL6-BALBc_HTxB,0.81,1.0,AV4-3-CAAHVNTGNYKYVF-AJ40_BV29-CASSLIRYAEQFF-BJ2-1,0.8964775474703407,5
BL6-BALBc_HTxB,0.81,1.0,AV3-3-CAVMPNYNVLYF-AJ21*p03_BV13-2-CASGDLGTDNNQAPLF-BJ1-5,0.9338022657076005,7
BL6-BALBc_HTxB,0.81,1.0,AV16/DV11-CAMREGNTGNYKYVF-AJ40_BV13-2-CASGGIYEQYF-BJ2-7,0.9911629066077647,8
BL6-BALBc_HTxB,0.81,1.0,AV16D/DV11-CAMREGDSNYQLIW-AJ33_BV13-2-CASGYRAPNSDYTF-BJ1-2,0.8200416117258571,8
BL6-BALBc_HTxB,0.81,1.0,AV6D-7-CALRYGGSGNKLIF-AJ32_BV3-CASSLGTGDTQYF-BJ2-5,0.9158565091419653,9
BL6-BALBc_HTxB,0.81,1.0,AV4-3-CAADYQGGSAKLIF-AJ57_BV2-CASSQERLLGGAETLYF-BJ2-3,0.8244932747102044,7
BL6-BALBc_HTxB,0.81,1.0,AV16/DV11-CAMRENTGANTGKLTF-AJ52_BV13-3-CASSSGGVKAEQFF-BJ2-1,0.9472347252782256,11
BL6-BALBc_HTxB,0.81,1.0,AV16D/DV11-CAMREDSGYNKLTF-AJ11*p02_BV13-2-CASGTTYEQYF-BJ2-7,0.9978117406063012,12
BL6-BALBc_HTxB,0.81,1.0,AV16D/DV11-CAMREANSAGNKLTF-AJ17*p02_BV13-1-CASSDVGGEQYF-BJ2-7,0.9948591390141921,5
BL6-BALBc_HTxB,0.81,1.0,AV15-1/DV6-1-CALWELASSNTDKVVF-AJ34*p03_BV3-CASSFGTGGYYEQYF-BJ2-7,0.9554482974411657,10
BL6-BALBc_HTxB,0.81,1.0,AV6-6-CALGSYTGGADRLTF-AJ45_BV13-1-CASSDRGANTGQLYF-BJ2-2,0.6493184999094508,5
BL6-BALBc_HTxB,0.81,1.0,AV13D-1-CAMANTGNYKYVF-AJ40_BV13-2-CASGGIYEQYF-BJ2-7,0.9852423896430225,8
BL6-BALBc_HTxB,0.81,1.0,AV15-2/DV6-2-CALSELPGSNAKLTF-AJ42_BV13-2-CASGRGAGNTLYF-BJ1-3,0.8371884913280676,8
BL6-BALBc_HTxB,0.81,1.0,AV16/DV11-CAMREGNTGYQNFYF-AJ49_BV13-2-CASGRGAGNTLYF-BJ1-3,0.8224353705733771,9
BL6-BALBc_HTxB,0.8049999999999999,1.0,AV13D-3-CAMRTNSAGNKLTF-AJ17*p02_BV13-2-CASGTTYEQYF-BJ2-7,0.9808002837125009,9
BL6-BALBc_HTxB,0.8049999999999999,1.0,AV16D/DV11-CAMRENSGYNKLTF-AJ11*p02_BV13-2-CASGETGGREQYF-BJ2-7,0.7692864024760473,5
BL6-BALBc_HTxB,0.8049999999999999,1.0,AV6-6-CALGDQANTDKVVF-AJ34*p03_BV14-CASSLGVNTEVFF-BJ1-1,0.9260940605911356,17
BL6-BALBc_HTxB,0.8049999999999999,1.0,AV6D-4-CALVDDSGYNKLTF-AJ11*p02_BV4-CASSLTDEQYF-BJ2-7,0.9862723572896807,7
BL6-BALBc_HTxB,0.8049999999999999,1.0,AV16D/DV11-CAMRDITGNTRKLIF-AJ37*p02_BV4-CASSYGAQYF-BJ2-7,0.9910347537876067,8
BL6-BALBc_HTxB,0.8049999999999999,1.0,AV4-3-CAAHVNTGNYKYVF-AJ40_BV29-CASSLIRYAEQFF-BJ2-1,0.8964775474703407,5
BL6-BALBc_HTxB,0.8049999999999999,1.0,AV3-3-CAVMPNYNVLYF-AJ21*p03_BV13-2-CASGDLGTDNNQAPLF-BJ1-5,0.9338022657076005,7
BL6-BALBc_HTxB,0.8049999999999999,1.0,AV16/DV11-CAMREGNTGNYKYVF-AJ40_BV13-2-CASGGIYEQYF-BJ2-7,0.9911629066077647,8
BL6-BALBc_HTxB,0.8049999999999999,1.0,AV16D/DV11-CAMREGDSNYQLIW-AJ33_BV13-2-CASGYRAPNSDYTF-BJ1-2,0.8200416117258571,8
BL6-BALBc_HTxB,0.8049999999999999,1.0,AV6D-7-CALRYGGSGNKLIF-AJ32_BV3-CASSLGTGDTQYF-BJ2-5,0.9158565091419653,9
BL6-BALBc_HTxB,0.8049999999999999,1.0,AV4-3-CAADYQGGSAKLIF-AJ57_BV2-CASSQERLLGGAETLYF-BJ2-3,0.8244932747102044,7
BL6-BALBc_HTxB,0.8049999999999999,1.0,AV16/DV11-CAMRENTGANTGKLTF-AJ52_BV13-3-CASSSGGVKAEQFF-BJ2-1,0.9472347252782256,11
BL6-BALBc_HTxB,0.8049999999999999,1.0,AV16D/DV11-CAMREDSGYNKLTF-AJ11*p02_BV13-2-CASGTTYEQYF-BJ2-7,0.9978117406063012,12
BL6-BALBc_HTxB,0.8049999999999999,1.0,AV16D/DV11-CAMREANSAGNKLTF-AJ17*p02_BV13-1-CASSDVGGEQYF-BJ2-7,0.9948591390141921,5
BL6-BALBc_HTxB,0.8049999999999999,1.0,AV15-1/DV6-1-CALWELASSNTDKVVF-AJ34*p03_BV3-CASSFGTGGYYEQYF-BJ2-7,0.9554482974411657,10
BL6-BALBc_HTxB,0.8049999999999999,1.0,AV6-6-CALGSYTGGADRLTF-AJ45_BV13-1-CASSDRGANTGQLYF-BJ2-2,0.6493184999094508,5
BL6-BALBc_HTxB,0.8049999999999999,1.0,AV13D-1-CAMANTGNYKYVF-AJ40_BV13-2-CASGGIYEQYF-BJ2-7,0.9852423896430225,8
BL6-BALBc_HTxB,0.8049999999999999,1.0,AV15-2/DV6-2-CALSELPGSNAKLTF-AJ42_BV13-2-CASGRGAGNTLYF-BJ1-3,0.8371884913280676,8
BL6-BALBc_HTxB,0.8049999999999999,1.0,AV16/DV11-CAMREGNTGYQNFYF-AJ49_BV13-2-CASGRGAGNTLYF-BJ1-3,0.8224353705733771,9
BL6-BALBc_HTxB,0.8,1.0,AV13D-3-CAMRTNSAGNKLTF-AJ17*p02_BV13-2-CASGTTYEQYF-BJ2-7,0.9808002837125009,9
BL6-BALBc_HTxB,0.8,1.0,AV16D/DV11-CAMRENSGYNKLTF-AJ11*p02_BV13-2-CASGETGGREQYF-BJ2-7,0.7692864024760473,5
BL6-BALBc_HTxB,0.8,1.0,AV6-6-CALGDQANTDKVVF-AJ34*p03_BV14-CASSLGVNTEVFF-BJ1-1,0.9260940605911356,17
BL6-BALBc_HTxB,0.8,1.0,AV6D-4-CALVDDSGYNKLTF-AJ11*p02_BV4-CASSLTDEQYF-BJ2-7,0.9862723572896807,7
BL6-BALBc_HTxB,0.8,1.0,AV16D/DV11-CAMRDITGNTRKLIF-AJ37*p02_BV4-CASSYGAQYF-BJ2-7,0.9910347537876067,8
BL6-BALBc_HTxB,0.8,1.0,AV4-3-CAAHVNTGNYKYVF-AJ40_BV29-CASSLIRYAEQFF-BJ2-1,0.8964775474703407,5
BL6-BALBc_HTxB,0.8,1.0,AV3-3-CAVMPNYNVLYF-AJ21*p03_BV13-2-CASGDLGTDNNQAPLF-BJ1-5,0.9338022657076005,7
BL6-BALBc_HTxB,0.8,1.0,AV16/DV11-CAMREGNTGNYKYVF-AJ40_BV13-2-CASGGIYEQYF-BJ2-7,0.9911629066077647,8
BL6-BALBc_HTxB,0.8,1.0,AV16D/DV11-CAMREGDSNYQLIW-AJ33_BV13-2-CASGYRAPNSDYTF-BJ1-2,0.8200416117258571,8
BL6-BALBc_HTxB,0.8,1.0,AV6D-7-CALRYGGSGNKLIF-AJ32_BV3-CASSLGTGDTQYF-BJ2-5,0.9158565091419653,9
BL6-BALBc_HTxB,0.8,1.0,AV4-3-CAADYQGGSAKLIF-AJ57_BV2-CASSQERLLGGAETLYF-BJ2-3,0.8244932747102044,7
BL6-BALBc_HTxB,0.8,1.0,AV16/DV11-CAMRENTGANTGKLTF-AJ52_BV13-3-CASSSGGVKAEQFF-BJ2-1,0.9472347252782256,11
BL6-BALBc_HTxB,0.8,1.0,AV16D/DV11-CAMREDSGYNKLTF-AJ11*p02_BV13-2-CASGTTYEQYF-BJ2-7,0.9978117406063012,12
BL6-BALBc_HTxB,0.8,1.0,AV16D/DV11-CAMREANSAGNKLTF-AJ17*p02_BV13-1-CASSDVGGEQYF-BJ2-7,0.9948591390141921,5
BL6-BALBc_HTxB,0.8,1.0,AV15-1/DV6-1-CALWELASSNTDKVVF-AJ34*p03_BV3-CASSFGTGGYYEQYF-BJ2-7,0.9554482974411657,10
BL6-BALBc_HTxB,0.8,1.0,AV6-6-CALGSYTGGADRLTF-AJ45_BV13-1-CASSDRGANTGQLYF-BJ2-2,0.6493184999094508,5
BL6-BALBc_HTxB,0.8,1.0,AV13D-1-CAMANTGNYKYVF-AJ40_BV13-2-CASGGIYEQYF-BJ2-7,0.9852423896430225,8
BL6-BALBc_HTxB,0.8,1.0,AV15-2/DV6-2-CALSELPGSNAKLTF-AJ42_BV13-2-CASGRGAGNTLYF-BJ1-3,0.8371884913280676,8
BL6-BALBc_HTxB,0.8,1.0,AV16/DV11-CAMREGNTGYQNFYF-AJ49_BV13-2-CASGRGAGNTLYF-BJ1-3,0.8224353705733771,9
BL6-BALBc_HTxB,0.7949999999999999,1.0,AV13D-3-CAMRTNSAGNKLTF-AJ17*p02_BV13-2-CASGTTYEQYF-BJ2-7,0.9808002837125009,9
BL6-BALBc_HTxB,0.7949999999999999,1.0,AV16D/DV11-CAMRENSGYNKLTF-AJ11*p02_BV13-2-CASGETGGREQYF-BJ2-7,0.7692864024760473,5
BL6-BALBc_HTxB,0.7949999999999999,1.0,AV6-6-CALGDQANTDKVVF-AJ34*p03_BV14-CASSLGVNTEVFF-BJ1-1,0.9260940605911356,17
BL6-BALBc_HTxB,0.7949999999999999,1.0,AV6D-4-CALVDDSGYNKLTF-AJ11*p02_BV4-CASSLTDEQYF-BJ2-7,0.9862723572896807,7
BL6-BALBc_HTxB,0.7949999999999999,1.0,AV16D/DV11-CAMRDITGNTRKLIF-AJ37*p02_BV4-CASSYGAQYF-BJ2-7,0.9910347537876067,8
BL6-BALBc_HTxB,0.7949999999999999,1.0,AV4-3-CAAHVNTGNYKYVF-AJ40_BV29-CASSLIRYAEQFF-BJ2-1,0.8964775474703407,5
BL6-BALBc_HTxB,0.7949999999999999,1.0,AV3-3-CAVMPNYNVLYF-AJ21*p03_BV13-2-CASGDLGTDNNQAPLF-BJ1-5,0.9338022657076005,7
BL6-BALBc_HTxB,0.7949999999999999,1.0,AV16/DV11-CAMREGNTGNYKYVF-AJ40_BV13-2-CASGGIYEQYF-BJ2-7,0.9911629066077647,8
BL6-BALBc_HTxB,0.7949999999999999,1.0,AV16D/DV11-CAMREGDSNYQLIW-AJ33_BV13-2-CASGYRAPNSDYTF-BJ1-2,0.8200416117258571,8
BL6-BALBc_HTxB,0.7949999999999999,1.0,AV6D-7-CALRYGGSGNKLIF-AJ32_BV3-CASSLGTGDTQYF-BJ2-5,0.9158565091419653,9
BL6-BALBc_HTxB,0.7949999999999999,1.0,AV4-3-CAADYQGGSAKLIF-AJ57_BV2-CASSQERLLGGAETLYF-BJ2-3,0.8244932747102044,7
BL6-BALBc_HTxB,0.7949999999999999,1.0,AV16/DV11-CAMRENTGANTGKLTF-AJ52_BV13-3-CASSSGGVKAEQFF-BJ2-1,0.9472347252782256,11
BL6-BALBc_HTxB,0.7949999999999999,1.0,AV16D/DV11-CAMREDSGYNKLTF-AJ11*p02_BV13-2-CASGTTYEQYF-BJ2-7,0.9978117406063012,12
BL6-BALBc_HTxB,0.7949999999999999,1.0,AV16D/DV11-CAMREANSAGNKLTF-AJ17*p02_BV13-1-CASSDVGGEQYF-BJ2-7,0.9948591390141921,5
BL6-BALBc_HTxB,0.7949999999999999,1.0,AV15-1/DV6-1-CALWELASSNTDKVVF-AJ34*p03_BV3-CASSFGTGGYYEQYF-BJ2-7,0.9554482974411657,10
BL6-BALBc_HTxB,0.7949999999999999,1.0,AV6-6-CALGSYTGGADRLTF-AJ45_BV13-1-CASSDRGANTGQLYF-BJ2-2,0.6493184999094508,5
BL6-BALBc_HTxB,0.7949999999999999,1.0,AV13D-1-CAMANTGNYKYVF-AJ40_BV13-2-CASGGIYEQYF-BJ2-7,0.9852423896430225,8
BL6-BALBc_HTxB,0.7949999999999999,1.0,AV15-2/DV6-2-CALSELPGSNAKLTF-AJ42_BV13-2-CASGRGAGNTLYF-BJ1-3,0.8371884913280676,8
BL6-BALBc_HTxB,0.7949999999999999,1.0,AV16/DV11-CAMREGNTGYQNFYF-AJ49_BV13-2-CASGRGAGNTLYF-BJ1-3,0.8224353705733771,9
BL6-BALBc_HTxB,0.79,1.0,AV13D-3-CAMRTNSAGNKLTF-AJ17*p02_BV13-2-CASGTTYEQYF-BJ2-7,0.9808002837125009,9
BL6-BALBc_HTxB,0.79,1.0,AV16D/DV11-CAMRENSGYNKLTF-AJ11*p02_BV13-2-CASGETGGREQYF-BJ2-7,0.7692864024760473,5
BL6-BALBc_HTxB,0.79,1.0,AV6-6-CALGDQANTDKVVF-AJ34*p03_BV14-CASSLGVNTEVFF-BJ1-1,0.9260940605911356,17
BL6-BALBc_HTxB,0.79,1.0,AV6D-4-CALVDDSGYNKLTF-AJ11*p02_BV4-CASSLTDEQYF-BJ2-7,0.9862723572896807,7
BL6-BALBc_HTxB,0.79,1.0,AV16D/DV11-CAMRDITGNTRKLIF-AJ37*p02_BV4-CASSYGAQYF-BJ2-7,0.9910347537876067,8
BL6-BALBc_HTxB,0.79,1.0,AV4-3-CAAHVNTGNYKYVF-AJ40_BV29-CASSLIRYAEQFF-BJ2-1,0.8964775474703407,5
BL6-BALBc_HTxB,0.79,1.0,AV3-3-CAVMPNYNVLYF-AJ21*p03_BV13-2-CASGDLGTDNNQAPLF-BJ1-5,0.9338022657076005,7
BL6-BALBc_HTxB,0.79,1.0,AV16/DV11-CAMREGNTGNYKYVF-AJ40_BV13-2-CASGGIYEQYF-BJ2-7,0.9911629066077647,8
BL6-BALBc_HTxB,0.79,1.0,AV16D/DV11-CAMREGDSNYQLIW-AJ33_BV13-2-CASGYRAPNSDYTF-BJ1-2,0.8200416117258571,8
BL6-BALBc_HTxB,0.79,1.0,AV6D-7-CALRYGGSGNKLIF-AJ32_BV3-CASSLGTGDTQYF-BJ2-5,0.9158565091419653,9
BL6-BALBc_HTxB,0.79,1.0,AV4-3-CAADYQGGSAKLIF-AJ57_BV2-CASSQERLLGGAETLYF-BJ2-3,0.8244932747102044,7
BL6-BALBc_HTxB,0.79,1.0,AV16/DV11-CAMRENTGANTGKLTF-AJ52_BV13-3-CASSSGGVKAEQFF-BJ2-1,0.9472347252782256,11
BL6-BALBc_HTxB,0.79,1.0,AV16D/DV11-CAMREDSGYNKLTF-AJ11*p02_BV13-2-CASGTTYEQYF-BJ2-7,0.9978117406063012,12
BL6-BALBc_HTxB,0.79,1.0,AV16D/DV11-CAMREANSAGNKLTF-AJ17*p02_BV13-1-CASSDVGGEQYF-BJ2-7,0.9948591390141921,5
BL6-BALBc_HTxB,0.79,1.0,AV15-1/DV6-1-CALWELASSNTDKVVF-AJ34*p03_BV3-CASSFGTGGYYEQYF-BJ2-7,0.9554482974411657,10
BL6-BALBc_HTxB,0.79,1.0,AV6-6-CALGSYTGGADRLTF-AJ45_BV13-1-CASSDRGANTGQLYF-BJ2-2,0.6493184999094508,5
BL6-BALBc_HTxB,0.79,1.0,AV13D-1-CAMANTGNYKYVF-AJ40_BV13-2-CASGGIYEQYF-BJ2-7,0.9852423896430225,8
BL6-BALBc_HTxB,0.79,1.0,AV15-2/DV6-2-CALSELPGSNAKLTF-AJ42_BV13-2-CASGRGAGNTLYF-BJ1-3,0.8371884913280676,8
BL6-BALBc_HTxB,0.79,1.0,AV16/DV11-CAMREGNTGYQNFYF-AJ49_BV13-2-CASGRGAGNTLYF-BJ1-3,0.8224353705733771,9
BL6-BALBc_HTxB,0.785,1.0,AV13D-3-CAMRTNSAGNKLTF-AJ17*p02_BV13-2-CASGTTYEQYF-BJ2-7,0.9808002837125009,9
BL6-BALBc_HTxB,0.785,1.0,AV16D/DV11-CAMRENSGYNKLTF-AJ11*p02_BV13-2-CASGETGGREQYF-BJ2-7,0.7692864024760473,5
BL6-BALBc_HTxB,0.785,1.0,AV6-6-CALGDQANTDKVVF-AJ34*p03_BV14-CASSLGVNTEVFF-BJ1-1,0.9260940605911356,17
BL6-BALBc_HTxB,0.785,1.0,AV6D-4-CALVDDSGYNKLTF-AJ11*p02_BV4-CASSLTDEQYF-BJ2-7,0.9862723572896807,7
BL6-BALBc_HTxB,0.785,1.0,AV16D/DV11-CAMRDITGNTRKLIF-AJ37*p02_BV4-CASSYGAQYF-BJ2-7,0.9910347537876067,8
BL6-BALBc_HTxB,0.785,1.0,AV4-3-CAAHVNTGNYKYVF-AJ40_BV29-CASSLIRYAEQFF-BJ2-1,0.8964775474703407,5
BL6-BALBc_HTxB,0.785,1.0,AV3-3-CAVMPNYNVLYF-AJ21*p03_BV13-2-CASGDLGTDNNQAPLF-BJ1-5,0.9338022657076005,7
BL6-BALBc_HTxB,0.785,1.0,AV16/DV11-CAMREGNTGNYKYVF-AJ40_BV13-2-CASGGIYEQYF-BJ2-7,0.9911629066077647,8
BL6-BALBc_HTxB,0.785,1.0,AV16D/DV11-CAMREGDSNYQLIW-AJ33_BV13-2-CASGYRAPNSDYTF-BJ1-2,0.8200416117258571,8
BL6-BALBc_HTxB,0.785,1.0,AV6D-7-CALRYGGSGNKLIF-AJ32_BV3-CASSLGTGDTQYF-BJ2-5,0.9158565091419653,9
BL6-BALBc_HTxB,0.785,1.0,AV4-3-CAADYQGGSAKLIF-AJ57_BV2-CASSQERLLGGAETLYF-BJ2-3,0.8244932747102044,7
BL6-BALBc_HTxB,0.785,1.0,AV16/DV11-CAMRENTGANTGKLTF-AJ52_BV13-3-CASSSGGVKAEQFF-BJ2-1,0.9472347252782256,11
BL6-BALBc_HTxB,0.785,1.0,AV16D/DV11-CAMREDSGYNKLTF-AJ11*p02_BV13-2-CASGTTYEQYF-BJ2-7,0.9978117406063012,12
BL6-BALBc_HTxB,0.785,1.0,AV16D/DV11-CAMREANSAGNKLTF-AJ17*p02_BV13-1-CASSDVGGEQYF-BJ2-7,0.9948591390141921,5
BL6-BALBc_HTxB,0.785,1.0,AV15-1/DV6-1-CALWELASSNTDKVVF-AJ34*p03_BV3-CASSFGTGGYYEQYF-BJ2-7,0.9554482974411657,10
BL6-BALBc_HTxB,0.785,1.0,AV6-6-CALGSYTGGADRLTF-AJ45_BV13-1-CASSDRGANTGQLYF-BJ2-2,0.6493184999094508,5
BL6-BALBc_HTxB,0.785,1.0,AV13D-1-CAMANTGNYKYVF-AJ40_BV13-2-CASGGIYEQYF-BJ2-7,0.9852423896430225,8
BL6-BALBc_HTxB,0.785,1.0,AV15-2/DV6-2-CALSELPGSNAKLTF-AJ42_BV13-2-CASGRGAGNTLYF-BJ1-3,0.8371884913280676,8
BL6-BALBc_HTxB,0.785,1.0,AV16/DV11-CAMREGNTGYQNFYF-AJ49_BV13-2-CASGRGAGNTLYF-BJ1-3,0.8224353705733771,9
BL6-BALBc_HTxB,0.78,1.0,AV13D-3-CAMRTNSAGNKLTF-AJ17*p02_BV13-2-CASGTTYEQYF-BJ2-7,0.9808002837125009,9
BL6-BALBc_HTxB,0.78,1.0,AV16D/DV11-CAMRENSGYNKLTF-AJ11*p02_BV13-2-CASGETGGREQYF-BJ2-7,0.7692864024760473,5
BL6-BALBc_HTxB,0.78,1.0,AV6-6-CALGDQANTDKVVF-AJ34*p03_BV14-CASSLGVNTEVFF-BJ1-1,0.9260940605911356,17
BL6-BALBc_HTxB,0.78,1.0,AV6D-4-CALVDDSGYNKLTF-AJ11*p02_BV4-CASSLTDEQYF-BJ2-7,0.9862723572896807,7
BL6-BALBc_HTxB,0.78,1.0,AV16D/DV11-CAMRDITGNTRKLIF-AJ37*p02_BV4-CASSYGAQYF-BJ2-7,0.9910347537876067,8
BL6-BALBc_HTxB,0.78,1.0,AV4-3-CAAHVNTGNYKYVF-AJ40_BV29-CASSLIRYAEQFF-BJ2-1,0.8964775474703407,5
BL6-BALBc_HTxB,0.78,1.0,AV3-3-CAVMPNYNVLYF-AJ21*p03_BV13-2-CASGDLGTDNNQAPLF-BJ1-5,0.9338022657076005,7
BL6-BALBc_HTxB,0.78,1.0,AV16/DV11-CAMREGNTGNYKYVF-AJ40_BV13-2-CASGGIYEQYF-BJ2-7,0.9911629066077647,8
BL6-BALBc_HTxB,0.78,1.0,AV16D/DV11-CAMREGDSNYQLIW-AJ33_BV13-2-CASGYRAPNSDYTF-BJ1-2,0.8200416117258571,8
BL6-BALBc_HTxB,0.78,1.0,AV6D-7-CALRYGGSGNKLIF-AJ32_BV3-CASSLGTGDTQYF-BJ2-5,0.9158565091419653,9
BL6-BALBc_HTxB,0.78,1.0,AV4-3-CAADYQGGSAKLIF-AJ57_BV2-CASSQERLLGGAETLYF-BJ2-3,0.8244932747102044,7
BL6-BALBc_HTxB,0.78,1.0,AV16/DV11-CAMRENTGANTGKLTF-AJ52_BV13-3-CASSSGGVKAEQFF-BJ2-1,0.9472347252782256,11
BL6-BALBc_HTxB,0.78,1.0,AV16D/DV11-CAMREDSGYNKLTF-AJ11*p02_BV13-2-CASGTTYEQYF-BJ2-7,0.9978117406063012,12
BL6-BALBc_HTxB,0.78,1.0,AV16D/DV11-CAMREANSAGNKLTF-AJ17*p02_BV13-1-CASSDVGGEQYF-BJ2-7,0.9948591390141921,5
BL6-BALBc_HTxB,0.78,1.0,AV15-1/DV6-1-CALWELASSNTDKVVF-AJ34*p03_BV3-CASSFGTGGYYEQYF-BJ2-7,0.9554482974411657,10
BL6-BALBc_HTxB,0.78,1.0,AV6-6-CALGSYTGGADRLTF-AJ45_BV13-1-CASSDRGANTGQLYF-BJ2-2,0.6493184999094508,5
BL6-BALBc_HTxB,0.78,1.0,AV13D-1-CAMANTGNYKYVF-AJ40_BV13-2-CASGGIYEQYF-BJ2-7,0.9852423896430225,8
BL6-BALBc_HTxB,0.78,1.0,AV15-2/DV6-2-CALSELPGSNAKLTF-AJ42_BV13-2-CASGRGAGNTLYF-BJ1-3,0.8371884913280676,8
BL6-BALBc_HTxB,0.78,1.0,AV16/DV11-CAMREGNTGYQNFYF-AJ49_BV13-2-CASGRGAGNTLYF-BJ1-3,0.8224353705733771,9
BL6-BALBc_HTxB,0.775,1.0,AV13D-3-CAMRTNSAGNKLTF-AJ17*p02_BV13-2-CASGTTYEQYF-BJ2-7,0.9808002837125009,9
BL6-BALBc_HTxB,0.775,1.0,AV16D/DV11-CAMRENSGYNKLTF-AJ11*p02_BV13-2-CASGETGGREQYF-BJ2-7,0.7692864024760473,5
BL6-BALBc_HTxB,0.775,1.0,AV6-6-CALGDQANTDKVVF-AJ34*p03_BV14-CASSLGVNTEVFF-BJ1-1,0.9260940605911356,17
BL6-BALBc_HTxB,0.775,1.0,AV6D-4-CALVDDSGYNKLTF-AJ11*p02_BV4-CASSLTDEQYF-BJ2-7,0.9862723572896807,7
BL6-BALBc_HTxB,0.775,1.0,AV16D/DV11-CAMRDITGNTRKLIF-AJ37*p02_BV4-CASSYGAQYF-BJ2-7,0.9910347537876067,8
BL6-BALBc_HTxB,0.775,1.0,AV4-3-CAAHVNTGNYKYVF-AJ40_BV29-CASSLIRYAEQFF-BJ2-1,0.8964775474703407,5
BL6-BALBc_HTxB,0.775,1.0,AV3-3-CAVMPNYNVLYF-AJ21*p03_BV13-2-CASGDLGTDNNQAPLF-BJ1-5,0.9338022657076005,7
BL6-BALBc_HTxB,0.775,1.0,AV16/DV11-CAMREGNTGNYKYVF-AJ40_BV13-2-CASGGIYEQYF-BJ2-7,0.9911629066077647,8
BL6-BALBc_HTxB,0.775,1.0,AV16D/DV11-CAMREGDSNYQLIW-AJ33_BV13-2-CASGYRAPNSDYTF-BJ1-2,0.8200416117258571,8
BL6-BALBc_HTxB,0.775,1.0,AV6D-7-CALRYGGSGNKLIF-AJ32_BV3-CASSLGTGDTQYF-BJ2-5,0.9158565091419653,9
BL6-BALBc_HTxB,0.775,1.0,AV4-3-CAADYQGGSAKLIF-AJ57_BV2-CASSQERLLGGAETLYF-BJ2-3,0.8244932747102044,7
BL6-BALBc_HTxB,0.775,1.0,AV16/DV11-CAMRENTGANTGKLTF-AJ52_BV13-3-CASSSGGVKAEQFF-BJ2-1,0.9472347252782256,11
BL6-BALBc_HTxB,0.775,1.0,AV16D/DV11-CAMREDSGYNKLTF-AJ11*p02_BV13-2-CASGTTYEQYF-BJ2-7,0.9978117406063012,12
BL6-BALBc_HTxB,0.775,1.0,AV16D/DV11-CAMREANSAGNKLTF-AJ17*p02_BV13-1-CASSDVGGEQYF-BJ2-7,0.9948591390141921,5
BL6-BALBc_HTxB,0.775,1.0,AV15-1/DV6-1-CALWELASSNTDKVVF-AJ34*p03_BV3-CASSFGTGGYYEQYF-BJ2-7,0.9554482974411657,10
BL6-BALBc_HTxB,0.775,1.0,AV6-6-CALGSYTGGADRLTF-AJ45_BV13-1-CASSDRGANTGQLYF-BJ2-2,0.6493184999094508,5
BL6-BALBc_HTxB,0.775,1.0,AV13D-1-CAMANTGNYKYVF-AJ40_BV13-2-CASGGIYEQYF-BJ2-7,0.9852423896430225,8
BL6-BALBc_HTxB,0.775,1.0,AV15-2/DV6-2-CALSELPGSNAKLTF-AJ42_BV13-2-CASGRGAGNTLYF-BJ1-3,0.8371884913280676,8
BL6-BALBc_HTxB,0.775,1.0,AV16/DV11-CAMREGNTGYQNFYF-AJ49_BV13-2-CASGRGAGNTLYF-BJ1-3,0.8224353705733771,9
BL6-BALBc_HTxB,0.77,1.0,AV13D-3-CAMRTNSAGNKLTF-AJ17*p02_BV13-2-CASGTTYEQYF-BJ2-7,0.9808002837125009,9
BL6-BALBc_HTxB,0.77,1.0,AV16D/DV11-CAMRENSGYNKLTF-AJ11*p02_BV13-2-CASGETGGREQYF-BJ2-7,0.7692864024760473,5
BL6-BALBc_HTxB,0.77,1.0,AV6-6-CALGDQANTDKVVF-AJ34*p03_BV14-CASSLGVNTEVFF-BJ1-1,0.9260940605911356,17
BL6-BALBc_HTxB,0.77,1.0,AV6D-4-CALVDDSGYNKLTF-AJ11*p02_BV4-CASSLTDEQYF-BJ2-7,0.9862723572896807,7
BL6-BALBc_HTxB,0.77,1.0,AV16D/DV11-CAMRDITGNTRKLIF-AJ37*p02_BV4-CASSYGAQYF-BJ2-7,0.9910347537876067,8
BL6-BALBc_HTxB,0.77,1.0,AV4-3-CAAHVNTGNYKYVF-AJ40_BV29-CASSLIRYAEQFF-BJ2-1,0.8964775474703407,5
BL6-BALBc_HTxB,0.77,1.0,AV3-3-CAVMPNYNVLYF-AJ21*p03_BV13-2-CASGDLGTDNNQAPLF-BJ1-5,0.9338022657076005,7
BL6-BALBc_HTxB,0.77,1.0,AV16/DV11-CAMREGNTGNYKYVF-AJ40_BV13-2-CASGGIYEQYF-BJ2-7,0.9911629066077647,8
BL6-BALBc_HTxB,0.77,1.0,AV16D/DV11-CAMREGDSNYQLIW-AJ33_BV13-2-CASGYRAPNSDYTF-BJ1-2,0.8200416117258571,8
BL6-BALBc_HTxB,0.77,1.0,AV6D-7-CALRYGGSGNKLIF-AJ32_BV3-CASSLGTGDTQYF-BJ2-5,0.9158565091419653,9
BL6-BALBc_HTxB,0.77,1.0,AV4-3-CAADYQGGSAKLIF-AJ57_BV2-CASSQERLLGGAETLYF-BJ2-3,0.8244932747102044,7
BL6-BALBc_HTxB,0.77,1.0,AV16/DV11-CAMRENTGANTGKLTF-AJ52_BV13-3-CASSSGGVKAEQFF-BJ2-1,0.9472347252782256,11
BL6-BALBc_HTxB,0.77,1.0,AV16D/DV11-CAMREDSGYNKLTF-AJ11*p02_BV13-2-CASGTTYEQYF-BJ2-7,0.9978117406063012,12
BL6-BALBc_HTxB,0.77,1.0,AV16D/DV11-CAMREANSAGNKLTF-AJ17*p02_BV13-1-CASSDVGGEQYF-BJ2-7,0.9948591390141921,5
BL6-BALBc_HTxB,0.77,1.0,AV15-1/DV6-1-CALWELASSNTDKVVF-AJ34*p03_BV3-CASSFGTGGYYEQYF-BJ2-7,0.9554482974411657,10
BL6-BALBc_HTxB,0.77,1.0,AV6-6-CALGSYTGGADRLTF-AJ45_BV13-1-CASSDRGANTGQLYF-BJ2-2,0.6493184999094508,5
BL6-BALBc_HTxB,0.77,1.0,AV13D-1-CAMANTGNYKYVF-AJ40_BV13-2-CASGGIYEQYF-BJ2-7,0.9852423896430225,8
BL6-BALBc_HTxB,0.77,1.0,AV15-2/DV6-2-CALSELPGSNAKLTF-AJ42_BV13-2-CASGRGAGNTLYF-BJ1-3,0.8371884913280676,8
BL6-BALBc_HTxB,0.77,1.0,AV16/DV11-CAMREGNTGYQNFYF-AJ49_BV13-2-CASGRGAGNTLYF-BJ1-3,0.8224353705733771,9
BL6-BALBc_HTxB,0.765,1.0,AV13D-3-CAMRTNSAGNKLTF-AJ17*p02_BV13-2-CASGTTYEQYF-BJ2-7,0.9808002837125009,9
BL6-BALBc_HTxB,0.765,1.0,AV16D/DV11-CAMRENSGYNKLTF-AJ11*p02_BV13-2-CASGETGGREQYF-BJ2-7,0.7692864024760473,5
BL6-BALBc_HTxB,0.765,1.0,AV6-6-CALGDQANTDKVVF-AJ34*p03_BV14-CASSLGVNTEVFF-BJ1-1,0.9260940605911356,17
BL6-BALBc_HTxB,0.765,1.0,AV6D-4-CALVDDSGYNKLTF-AJ11*p02_BV4-CASSLTDEQYF-BJ2-7,0.9862723572896807,7
BL6-BALBc_HTxB,0.765,1.0,AV16D/DV11-CAMRDITGNTRKLIF-AJ37*p02_BV4-CASSYGAQYF-BJ2-7,0.9910347537876067,8
BL6-BALBc_HTxB,0.765,1.0,AV4-3-CAAHVNTGNYKYVF-AJ40_BV29-CASSLIRYAEQFF-BJ2-1,0.8964775474703407,5
BL6-BALBc_HTxB,0.765,1.0,AV3-3-CAVMPNYNVLYF-AJ21*p03_BV13-2-CASGDLGTDNNQAPLF-BJ1-5,0.9338022657076005,7
BL6-BALBc_HTxB,0.765,1.0,AV16/DV11-CAMREGNTGNYKYVF-AJ40_BV13-2-CASGGIYEQYF-BJ2-7,0.9911629066077647,8
BL6-BALBc_HTxB,0.765,1.0,AV16D/DV11-CAMREGDSNYQLIW-AJ33_BV13-2-CASGYRAPNSDYTF-BJ1-2,0.8200416117258571,8
BL6-BALBc_HTxB,0.765,1.0,AV6D-7-CALRYGGSGNKLIF-AJ32_BV3-CASSLGTGDTQYF-BJ2-5,0.9158565091419653,9
BL6-BALBc_HTxB,0.765,1.0,AV4-3-CAADYQGGSAKLIF-AJ57_BV2-CASSQERLLGGAETLYF-BJ2-3,0.8244932747102044,7
BL6-BALBc_HTxB,0.765,1.0,AV16/DV11-CAMRENTGANTGKLTF-AJ52_BV13-3-CASSSGGVKAEQFF-BJ2-1,0.9472347252782256,11
BL6-BALBc_HTxB,0.765,1.0,AV16D/DV11-CAMREDSGYNKLTF-AJ11*p02_BV13-2-CASGTTYEQYF-BJ2-7,0.9978117406063012,12
BL6-BALBc_HTxB,0.765,1.0,AV16D/DV11-CAMREANSAGNKLTF-AJ17*p02_BV13-1-CASSDVGGEQYF-BJ2-7,0.9948591390141921,5
BL6-BALBc_HTxB,0.765,1.0,AV15-1/DV6-1-CALWELASSNTDKVVF-AJ34*p03_BV3-CASSFGTGGYYEQYF-BJ2-7,0.9554482974411657,10
BL6-BALBc_HTxB,0.765,1.0,AV6-6-CALGSYTGGADRLTF-AJ45_BV13-1-CASSDRGANTGQLYF-BJ2-2,0.6493184999094508,5
BL6-BALBc_HTxB,0.765,1.0,AV13D-1-CAMANTGNYKYVF-AJ40_BV13-2-CASGGIYEQYF-BJ2-7,0.9852423896430225,8
BL6-BALBc_HTxB,0.765,1.0,AV15-2/DV6-2-CALSELPGSNAKLTF-AJ42_BV13-2-CASGRGAGNTLYF-BJ1-3,0.8371884913280676,8
BL6-BALBc_HTxB,0.765,1.0,AV16/DV11-CAMREGNTGYQNFYF-AJ49_BV13-2-CASGRGAGNTLYF-BJ1-3,0.8224353705733771,9
BL6-BALBc_HTxB,0.76,1.0,AV13D-3-CAMRTNSAGNKLTF-AJ17*p02_BV13-2-CASGTTYEQYF-BJ2-7,0.9808002837125009,9
BL6-BALBc_HTxB,0.76,1.0,AV16D/DV11-CAMRENSGYNKLTF-AJ11*p02_BV13-2-CASGETGGREQYF-BJ2-7,0.7692864024760473,5
BL6-BALBc_HTxB,0.76,1.0,AV6-6-CALGDQANTDKVVF-AJ34*p03_BV14-CASSLGVNTEVFF-BJ1-1,0.9260940605911356,17
BL6-BALBc_HTxB,0.76,1.0,AV6D-4-CALVDDSGYNKLTF-AJ11*p02_BV4-CASSLTDEQYF-BJ2-7,0.9862723572896807,7
BL6-BALBc_HTxB,0.76,1.0,AV16D/DV11-CAMRDITGNTRKLIF-AJ37*p02_BV4-CASSYGAQYF-BJ2-7,0.9910347537876067,8
BL6-BALBc_HTxB,0.76,1.0,AV4-3-CAAHVNTGNYKYVF-AJ40_BV29-CASSLIRYAEQFF-BJ2-1,0.8964775474703407,5
BL6-BALBc_HTxB,0.76,1.0,AV3-3-CAVMPNYNVLYF-AJ21*p03_BV13-2-CASGDLGTDNNQAPLF-BJ1-5,0.9338022657076005,7
BL6-BALBc_HTxB,0.76,1.0,AV16/DV11-CAMREGNTGNYKYVF-AJ40_BV13-2-CASGGIYEQYF-BJ2-7,0.9911629066077647,8
BL6-BALBc_HTxB,0.76,1.0,AV16D/DV11-CAMREGDSNYQLIW-AJ33_BV13-2-CASGYRAPNSDYTF-BJ1-2,0.8200416117258571,8
BL6-BALBc_HTxB,0.76,1.0,AV6D-7-CALRYGGSGNKLIF-AJ32_BV3-CASSLGTGDTQYF-BJ2-5,0.9158565091419653,9
BL6-BALBc_HTxB,0.76,1.0,AV4-3-CAADYQGGSAKLIF-AJ57_BV2-CASSQERLLGGAETLYF-BJ2-3,0.8244932747102044,7
BL6-BALBc_HTxB,0.76,1.0,AV16/DV11-CAMRENTGANTGKLTF-AJ52_BV13-3-CASSSGGVKAEQFF-BJ2-1,0.9472347252782256,11
BL6-BALBc_HTxB,0.76,1.0,AV16D/DV11-CAMREDSGYNKLTF-AJ11*p02_BV13-2-CASGTTYEQYF-BJ2-7,0.9978117406063012,12
BL6-BALBc_HTxB,0.76,1.0,AV16D/DV11-CAMREANSAGNKLTF-AJ17*p02_BV13-1-CASSDVGGEQYF-BJ2-7,0.9948591390141921,5
BL6-BALBc_HTxB,0.76,1.0,AV15-1/DV6-1-CALWELASSNTDKVVF-AJ34*p03_BV3-CASSFGTGGYYEQYF-BJ2-7,0.9554482974411657,10
BL6-BALBc_HTxB,0.76,1.0,AV6-6-CALGSYTGGADRLTF-AJ45_BV13-1-CASSDRGANTGQLYF-BJ2-2,0.6493184999094508,5
BL6-BALBc_HTxB,0.76,1.0,AV13D-1-CAMANTGNYKYVF-AJ40_BV13-2-CASGGIYEQYF-BJ2-7,0.9852423896430225,8
BL6-BALBc_HTxB,0.76,1.0,AV15-2/DV6-2-CALSELPGSNAKLTF-AJ42_BV13-2-CASGRGAGNTLYF-BJ1-3,0.8371884913280676,8
BL6-BALBc_HTxB,0.76,1.0,AV16/DV11-CAMREGNTGYQNFYF-AJ49_BV13-2-CASGRGAGNTLYF-BJ1-3,0.8224353705733771,9
BL6-BALBc_HTxB,0.755,1.0,AV13D-3-CAMRTNSAGNKLTF-AJ17*p02_BV13-2-CASGTTYEQYF-BJ2-7,0.9808002837125009,9
BL6-BALBc_HTxB,0.755,1.0,AV16D/DV11-CAMRENSGYNKLTF-AJ11*p02_BV13-2-CASGETGGREQYF-BJ2-7,0.7692864024760473,5
BL6-BALBc_HTxB,0.755,1.0,AV6-6-CALGDQANTDKVVF-AJ34*p03_BV14-CASSLGVNTEVFF-BJ1-1,0.9260940605911356,17
BL6-BALBc_HTxB,0.755,1.0,AV6D-4-CALVDDSGYNKLTF-AJ11*p02_BV4-CASSLTDEQYF-BJ2-7,0.9862723572896807,7
BL6-BALBc_HTxB,0.755,1.0,AV16D/DV11-CAMRDITGNTRKLIF-AJ37*p02_BV4-CASSYGAQYF-BJ2-7,0.9910347537876067,8
BL6-BALBc_HTxB,0.755,1.0,AV4-3-CAAHVNTGNYKYVF-AJ40_BV29-CASSLIRYAEQFF-BJ2-1,0.8964775474703407,5
BL6-BALBc_HTxB,0.755,1.0,AV3-3-CAVMPNYNVLYF-AJ21*p03_BV13-2-CASGDLGTDNNQAPLF-BJ1-5,0.9338022657076005,7
BL6-BALBc_HTxB,0.755,1.0,AV16/DV11-CAMREGNTGNYKYVF-AJ40_BV13-2-CASGGIYEQYF-BJ2-7,0.9911629066077647,8
BL6-BALBc_HTxB,0.755,1.0,AV16D/DV11-CAMREGDSNYQLIW-AJ33_BV13-2-CASGYRAPNSDYTF-BJ1-2,0.8200416117258571,8
BL6-BALBc_HTxB,0.755,1.0,AV6D-7-CALRYGGSGNKLIF-AJ32_BV3-CASSLGTGDTQYF-BJ2-5,0.9158565091419653,9
BL6-BALBc_HTxB,0.755,1.0,AV4-3-CAADYQGGSAKLIF-AJ57_BV2-CASSQERLLGGAETLYF-BJ2-3,0.8244932747102044,7
BL6-BALBc_HTxB,0.755,1.0,AV16/DV11-CAMRENTGANTGKLTF-AJ52_BV13-3-CASSSGGVKAEQFF-BJ2-1,0.9472347252782256,11
BL6-BALBc_HTxB,0.755,1.0,AV16D/DV11-CAMREDSGYNKLTF-AJ11*p02_BV13-2-CASGTTYEQYF-BJ2-7,0.9978117406063012,12
BL6-BALBc_HTxB,0.755,1.0,AV16D/DV11-CAMREANSAGNKLTF-AJ17*p02_BV13-1-CASSDVGGEQYF-BJ2-7,0.9948591390141921,5
BL6-BALBc_HTxB,0.755,1.0,AV15-1/DV6-1-CALWELASSNTDKVVF-AJ34*p03_BV3-CASSFGTGGYYEQYF-BJ2-7,0.9554482974411657,10
BL6-BALBc_HTxB,0.755,1.0,AV6-6-CALGSYTGGADRLTF-AJ45_BV13-1-CASSDRGANTGQLYF-BJ2-2,0.6493184999094508,5
BL6-BALBc_HTxB,0.755,1.0,AV13D-1-CAMANTGNYKYVF-AJ40_BV13-2-CASGGIYEQYF-BJ2-7,0.9852423896430225,8
BL6-BALBc_HTxB,0.755,1.0,AV15-2/DV6-2-CALSELPGSNAKLTF-AJ42_BV13-2-CASGRGAGNTLYF-BJ1-3,0.8371884913280676,8
BL6-BALBc_HTxB,0.755,1.0,AV16/DV11-CAMREGNTGYQNFYF-AJ49_BV13-2-CASGRGAGNTLYF-BJ1-3,0.8224353705733771,9
BL6-BALBc_HTxB,0.75,1.0,AV13D-3-CAMRTNSAGNKLTF-AJ17*p02_BV13-2-CASGTTYEQYF-BJ2-7,0.9808002837125009,9
BL6-BALBc_HTxB,0.75,1.0,AV16D/DV11-CAMRENSGYNKLTF-AJ11*p02_BV13-2-CASGETGGREQYF-BJ2-7,0.7692864024760473,5
BL6-BALBc_HTxB,0.75,1.0,AV6-6-CALGDQANTDKVVF-AJ34*p03_BV14-CASSLGVNTEVFF-BJ1-1,0.9260940605911356,17
BL6-BALBc_HTxB,0.75,1.0,AV6D-4-CALVDDSGYNKLTF-AJ11*p02_BV4-CASSLTDEQYF-BJ2-7,0.9862723572896807,7
BL6-BALBc_HTxB,0.75,1.0,AV16D/DV11-CAMRDITGNTRKLIF-AJ37*p02_BV4-CASSYGAQYF-BJ2-7,0.9910347537876067,8
BL6-BALBc_HTxB,0.75,1.0,AV4-3-CAAHVNTGNYKYVF-AJ40_BV29-CASSLIRYAEQFF-BJ2-1,0.8964775474703407,5
BL6-BALBc_HTxB,0.75,1.0,AV3-3-CAVMPNYNVLYF-AJ21*p03_BV13-2-CASGDLGTDNNQAPLF-BJ1-5,0.9338022657076005,7
BL6-BALBc_HTxB,0.75,1.0,AV16/DV11-CAMREGNTGNYKYVF-AJ40_BV13-2-CASGGIYEQYF-BJ2-7,0.9911629066077647,8
BL6-BALBc_HTxB,0.75,1.0,AV16D/DV11-CAMREGDSNYQLIW-AJ33_BV13-2-CASGYRAPNSDYTF-BJ1-2,0.8200416117258571,8
BL6-BALBc_HTxB,0.75,1.0,AV6D-7-CALRYGGSGNKLIF-AJ32_BV3-CASSLGTGDTQYF-BJ2-5,0.9158565091419653,9
BL6-BALBc_HTxB,0.75,1.0,AV4-3-CAADYQGGSAKLIF-AJ57_BV2-CASSQERLLGGAETLYF-BJ2-3,0.8244932747102044,7
BL6-BALBc_HTxB,0.75,1.0,AV16/DV11-CAMRENTGANTGKLTF-AJ52_BV13-3-CASSSGGVKAEQFF-BJ2-1,0.9472347252782256,11
BL6-BALBc_HTxB,0.75,1.0,AV16D/DV11-CAMREDSGYNKLTF-AJ11*p02_BV13-2-CASGTTYEQYF-BJ2-7,0.9978117406063012,12
BL6-BALBc_HTxB,0.75,1.0,AV16D/DV11-CAMREANSAGNKLTF-AJ17*p02_BV13-1-CASSDVGGEQYF-BJ2-7,0.9948591390141921,5
BL6-BALBc_HTxB,0.75,1.0,AV15-1/DV6-1-CALWELASSNTDKVVF-AJ34*p03_BV3-CASSFGTGGYYEQYF-BJ2-7,0.9554482974411657,10
BL6-BALBc_HTxB,0.75,1.0,AV6-6-CALGSYTGGADRLTF-AJ45_BV13-1-CASSDRGANTGQLYF-BJ2-2,0.6493184999094508,5
BL6-BALBc_HTxB,0.75,1.0,AV13D-1-CAMANTGNYKYVF-AJ40_BV13-2-CASGGIYEQYF-BJ2-7,0.9852423896430225,8
BL6-BALBc_HTxB,0.75,1.0,AV15-2/DV6-2-CALSELPGSNAKLTF-AJ42_BV13-2-CASGRGAGNTLYF-BJ1-3,0.8371884913280676,8
BL6-BALBc_HTxB,0.75,1.0,AV16/DV11-CAMREGNTGYQNFYF-AJ49_BV13-2-CASGRGAGNTLYF-BJ1-3,0.8224353705733771,9
BL6-BALBc_HTxB,0.745,1.0,AV13D-3-CAMRTNSAGNKLTF-AJ17*p02_BV13-2-CASGTTYEQYF-BJ2-7,0.9808002837125009,9
BL6-BALBc_HTxB,0.745,1.0,AV16D/DV11-CAMRENSGYNKLTF-AJ11*p02_BV13-2-CASGETGGREQYF-BJ2-7,0.7692864024760473,5
BL6-BALBc_HTxB,0.745,1.0,AV6-6-CALGDQANTDKVVF-AJ34*p03_BV14-CASSLGVNTEVFF-BJ1-1,0.9260940605911356,17
BL6-BALBc_HTxB,0.745,1.0,AV6D-4-CALVDDSGYNKLTF-AJ11*p02_BV4-CASSLTDEQYF-BJ2-7,0.9862723572896807,7
BL6-BALBc_HTxB,0.745,1.0,AV16D/DV11-CAMRDITGNTRKLIF-AJ37*p02_BV4-CASSYGAQYF-BJ2-7,0.9910347537876067,8
BL6-BALBc_HTxB,0.745,1.0,AV4-3-CAAHVNTGNYKYVF-AJ40_BV29-CASSLIRYAEQFF-BJ2-1,0.8964775474703407,5
BL6-BALBc_HTxB,0.745,1.0,AV3-3-CAVMPNYNVLYF-AJ21*p03_BV13-2-CASGDLGTDNNQAPLF-BJ1-5,0.9338022657076005,7
BL6-BALBc_HTxB,0.745,1.0,AV16/DV11-CAMREGNTGNYKYVF-AJ40_BV13-2-CASGGIYEQYF-BJ2-7,0.9911629066077647,8
BL6-BALBc_HTxB,0.745,1.0,AV16D/DV11-CAMREGDSNYQLIW-AJ33_BV13-2-CASGYRAPNSDYTF-BJ1-2,0.8200416117258571,8
BL6-BALBc_HTxB,0.745,1.0,AV6D-7-CALRYGGSGNKLIF-AJ32_BV3-CASSLGTGDTQYF-BJ2-5,0.9158565091419653,9
BL6-BALBc_HTxB,0.745,1.0,AV4-3-CAADYQGGSAKLIF-AJ57_BV2-CASSQERLLGGAETLYF-BJ2-3,0.8244932747102044,7
BL6-BALBc_HTxB,0.745,1.0,AV16/DV11-CAMRENTGANTGKLTF-AJ52_BV13-3-CASSSGGVKAEQFF-BJ2-1,0.9472347252782256,11
BL6-BALBc_HTxB,0.745,1.0,AV16D/DV11-CAMREDSGYNKLTF-AJ11*p02_BV13-2-CASGTTYEQYF-BJ2-7,0.9978117406063012,12
BL6-BALBc_HTxB,0.745,1.0,AV16D/DV11-CAMREANSAGNKLTF-AJ17*p02_BV13-1-CASSDVGGEQYF-BJ2-7,0.9948591390141921,5
BL6-BALBc_HTxB,0.745,1.0,AV15-1/DV6-1-CALWELASSNTDKVVF-AJ34*p03_BV3-CASSFGTGGYYEQYF-BJ2-7,0.9554482974411657,10
BL6-BALBc_HTxB,0.745,1.0,AV6-6-CALGSYTGGADRLTF-AJ45_BV13-1-CASSDRGANTGQLYF-BJ2-2,0.6493184999094508,5
BL6-BALBc_HTxB,0.745,1.0,AV13D-1-CAMANTGNYKYVF-AJ40_BV13-2-CASGGIYEQYF-BJ2-7,0.9852423896430225,8
BL6-BALBc_HTxB,0.745,1.0,AV15-2/DV6-2-CALSELPGSNAKLTF-AJ42_BV13-2-CASGRGAGNTLYF-BJ1-3,0.8371884913280676,8
BL6-BALBc_HTxB,0.745,1.0,AV16/DV11-CAMREGNTGYQNFYF-AJ49_BV13-2-CASGRGAGNTLYF-BJ1-3,0.8224353705733771,9
BL6-BALBc_HTxB,0.74,1.0,AV13D-3-CAMRTNSAGNKLTF-AJ17*p02_BV13-2-CASGTTYEQYF-BJ2-7,0.9808002837125009,9
BL6-BALBc_HTxB,0.74,1.0,AV16D/DV11-CAMRENSGYNKLTF-AJ11*p02_BV13-2-CASGETGGREQYF-BJ2-7,0.7692864024760473,5
BL6-BALBc_HTxB,0.74,1.0,AV6-6-CALGDQANTDKVVF-AJ34*p03_BV14-CASSLGVNTEVFF-BJ1-1,0.9260940605911356,17
BL6-BALBc_HTxB,0.74,1.0,AV6D-4-CALVDDSGYNKLTF-AJ11*p02_BV4-CASSLTDEQYF-BJ2-7,0.9862723572896807,7
BL6-BALBc_HTxB,0.74,1.0,AV16D/DV11-CAMRDITGNTRKLIF-AJ37*p02_BV4-CASSYGAQYF-BJ2-7,0.9910347537876067,8
BL6-BALBc_HTxB,0.74,1.0,AV4-3-CAAHVNTGNYKYVF-AJ40_BV29-CASSLIRYAEQFF-BJ2-1,0.8964775474703407,5
BL6-BALBc_HTxB,0.74,1.0,AV3-3-CAVMPNYNVLYF-AJ21*p03_BV13-2-CASGDLGTDNNQAPLF-BJ1-5,0.9338022657076005,7
BL6-BALBc_HTxB,0.74,1.0,AV16/DV11-CAMREGNTGNYKYVF-AJ40_BV13-2-CASGGIYEQYF-BJ2-7,0.9911629066077647,8
BL6-BALBc_HTxB,0.74,1.0,AV16D/DV11-CAMREGDSNYQLIW-AJ33_BV13-2-CASGYRAPNSDYTF-BJ1-2,0.8200416117258571,8
BL6-BALBc_HTxB,0.74,1.0,AV6D-7-CALRYGGSGNKLIF-AJ32_BV3-CASSLGTGDTQYF-BJ2-5,0.9158565091419653,9
BL6-BALBc_HTxB,0.74,1.0,AV4-3-CAADYQGGSAKLIF-AJ57_BV2-CASSQERLLGGAETLYF-BJ2-3,0.8244932747102044,7
BL6-BALBc_HTxB,0.74,1.0,AV16/DV11-CAMRENTGANTGKLTF-AJ52_BV13-3-CASSSGGVKAEQFF-BJ2-1,0.9472347252782256,11
BL6-BALBc_HTxB,0.74,1.0,AV16D/DV11-CAMREDSGYNKLTF-AJ11*p02_BV13-2-CASGTTYEQYF-BJ2-7,0.9978117406063012,12
BL6-BALBc_HTxB,0.74,1.0,AV16D/DV11-CAMREANSAGNKLTF-AJ17*p02_BV13-1-CASSDVGGEQYF-BJ2-7,0.9948591390141921,5
BL6-BALBc_HTxB,0.74,1.0,AV15-1/DV6-1-CALWELASSNTDKVVF-AJ34*p03_BV3-CASSFGTGGYYEQYF-BJ2-7,0.9554482974411657,10
BL6-BALBc_HTxB,0.74,1.0,AV6-6-CALGSYTGGADRLTF-AJ45_BV13-1-CASSDRGANTGQLYF-BJ2-2,0.6493184999094508,5
BL6-BALBc_HTxB,0.74,1.0,AV13D-1-CAMANTGNYKYVF-AJ40_BV13-2-CASGGIYEQYF-BJ2-7,0.9852423896430225,8
BL6-BALBc_HTxB,0.74,1.0,AV15-2/DV6-2-CALSELPGSNAKLTF-AJ42_BV13-2-CASGRGAGNTLYF-BJ1-3,0.8371884913280676,8
BL6-BALBc_HTxB,0.74,1.0,AV16/DV11-CAMREGNTGYQNFYF-AJ49_BV13-2-CASGRGAGNTLYF-BJ1-3,0.8224353705733771,9
BL6-BALBc_HTxB,0.735,1.0,AV13D-3-CAMRTNSAGNKLTF-AJ17*p02_BV13-2-CASGTTYEQYF-BJ2-7,0.9808002837125009,9
BL6-BALBc_HTxB,0.735,1.0,AV16D/DV11-CAMRENSGYNKLTF-AJ11*p02_BV13-2-CASGETGGREQYF-BJ2-7,0.7692864024760473,5
BL6-BALBc_HTxB,0.735,1.0,AV6-6-CALGDQANTDKVVF-AJ34*p03_BV14-CASSLGVNTEVFF-BJ1-1,0.9260940605911356,17
BL6-BALBc_HTxB,0.735,1.0,AV6D-4-CALVDDSGYNKLTF-AJ11*p02_BV4-CASSLTDEQYF-BJ2-7,0.9862723572896807,7
BL6-BALBc_HTxB,0.735,1.0,AV16D/DV11-CAMRDITGNTRKLIF-AJ37*p02_BV4-CASSYGAQYF-BJ2-7,0.9910347537876067,8
BL6-BALBc_HTxB,0.735,1.0,AV4-3-CAAHVNTGNYKYVF-AJ40_BV29-CASSLIRYAEQFF-BJ2-1,0.8964775474703407,5
BL6-BALBc_HTxB,0.735,1.0,AV3-3-CAVMPNYNVLYF-AJ21*p03_BV13-2-CASGDLGTDNNQAPLF-BJ1-5,0.9338022657076005,7
BL6-BALBc_HTxB,0.735,1.0,AV16/DV11-CAMREGNTGNYKYVF-AJ40_BV13-2-CASGGIYEQYF-BJ2-7,0.9911629066077647,8
BL6-BALBc_HTxB,0.735,1.0,AV16D/DV11-CAMREGDSNYQLIW-AJ33_BV13-2-CASGYRAPNSDYTF-BJ1-2,0.8200416117258571,8
BL6-BALBc_HTxB,0.735,1.0,AV6D-7-CALRYGGSGNKLIF-AJ32_BV3-CASSLGTGDTQYF-BJ2-5,0.9158565091419653,9
BL6-BALBc_HTxB,0.735,1.0,AV4-3-CAADYQGGSAKLIF-AJ57_BV2-CASSQERLLGGAETLYF-BJ2-3,0.8244932747102044,7
BL6-BALBc_HTxB,0.735,1.0,AV16/DV11-CAMRENTGANTGKLTF-AJ52_BV13-3-CASSSGGVKAEQFF-BJ2-1,0.9472347252782256,11
BL6-BALBc_HTxB,0.735,1.0,AV16D/DV11-CAMREDSGYNKLTF-AJ11*p02_BV13-2-CASGTTYEQYF-BJ2-7,0.9978117406063012,12
BL6-BALBc_HTxB,0.735,1.0,AV16D/DV11-CAMREANSAGNKLTF-AJ17*p02_BV13-1-CASSDVGGEQYF-BJ2-7,0.9948591390141921,5
BL6-BALBc_HTxB,0.735,1.0,AV15-1/DV6-1-CALWELASSNTDKVVF-AJ34*p03_BV3-CASSFGTGGYYEQYF-BJ2-7,0.9554482974411657,10
BL6-BALBc_HTxB,0.735,1.0,AV6-6-CALGSYTGGADRLTF-AJ45_BV13-1-CASSDRGANTGQLYF-BJ2-2,0.6493184999094508,5
BL6-BALBc_HTxB,0.735,1.0,AV13D-1-CAMANTGNYKYVF-AJ40_BV13-2-CASGGIYEQYF-BJ2-7,0.9852423896430225,8
BL6-BALBc_HTxB,0.735,1.0,AV15-2/DV6-2-CALSELPGSNAKLTF-AJ42_BV13-2-CASGRGAGNTLYF-BJ1-3,0.8371884913280676,8
BL6-BALBc_HTxB,0.735,1.0,AV16/DV11-CAMREGNTGYQNFYF-AJ49_BV13-2-CASGRGAGNTLYF-BJ1-3,0.8224353705733771,9
BL6-BALBc_HTxB,0.73,1.0,AV13D-3-CAMRTNSAGNKLTF-AJ17*p02_BV13-2-CASGTTYEQYF-BJ2-7,0.9808002837125009,9
BL6-BALBc_HTxB,0.73,1.0,AV16D/DV11-CAMRENSGYNKLTF-AJ11*p02_BV13-2-CASGETGGREQYF-BJ2-7,0.7692864024760473,5
BL6-BALBc_HTxB,0.73,1.0,AV6-6-CALGDQANTDKVVF-AJ34*p03_BV14-CASSLGVNTEVFF-BJ1-1,0.9260940605911356,17
BL6-BALBc_HTxB,0.73,1.0,AV6D-4-CALVDDSGYNKLTF-AJ11*p02_BV4-CASSLTDEQYF-BJ2-7,0.9862723572896807,7
BL6-BALBc_HTxB,0.73,1.0,AV16D/DV11-CAMRDITGNTRKLIF-AJ37*p02_BV4-CASSYGAQYF-BJ2-7,0.9910347537876067,8
BL6-BALBc_HTxB,0.73,1.0,AV4-3-CAAHVNTGNYKYVF-AJ40_BV29-CASSLIRYAEQFF-BJ2-1,0.8964775474703407,5
BL6-BALBc_HTxB,0.73,1.0,AV3-3-CAVMPNYNVLYF-AJ21*p03_BV13-2-CASGDLGTDNNQAPLF-BJ1-5,0.9338022657076005,7
BL6-BALBc_HTxB,0.73,1.0,AV16/DV11-CAMREGNTGNYKYVF-AJ40_BV13-2-CASGGIYEQYF-BJ2-7,0.9911629066077647,8
BL6-BALBc_HTxB,0.73,1.0,AV16D/DV11-CAMREGDSNYQLIW-AJ33_BV13-2-CASGYRAPNSDYTF-BJ1-2,0.8200416117258571,8
BL6-BALBc_HTxB,0.73,1.0,AV6D-7-CALRYGGSGNKLIF-AJ32_BV3-CASSLGTGDTQYF-BJ2-5,0.9158565091419653,9
BL6-BALBc_HTxB,0.73,1.0,AV4-3-CAADYQGGSAKLIF-AJ57_BV2-CASSQERLLGGAETLYF-BJ2-3,0.8244932747102044,7
BL6-BALBc_HTxB,0.73,1.0,AV16/DV11-CAMRENTGANTGKLTF-AJ52_BV13-3-CASSSGGVKAEQFF-BJ2-1,0.9472347252782256,11
BL6-BALBc_HTxB,0.73,1.0,AV16D/DV11-CAMREDSGYNKLTF-AJ11*p02_BV13-2-CASGTTYEQYF-BJ2-7,0.9978117406063012,12
BL6-BALBc_HTxB,0.73,1.0,AV16D/DV11-CAMREANSAGNKLTF-AJ17*p02_BV13-1-CASSDVGGEQYF-BJ2-7,0.9948591390141921,5
BL6-BALBc_HTxB,0.73,1.0,AV15-1/DV6-1-CALWELASSNTDKVVF-AJ34*p03_BV3-CASSFGTGGYYEQYF-BJ2-7,0.9554482974411657,10
BL6-BALBc_HTxB,0.73,1.0,AV6-6-CALGSYTGGADRLTF-AJ45_BV13-1-CASSDRGANTGQLYF-BJ2-2,0.6493184999094508,5
BL6-BALBc_HTxB,0.73,1.0,AV13D-1-CAMANTGNYKYVF-AJ40_BV13-2-CASGGIYEQYF-BJ2-7,0.9852423896430225,8
BL6-BALBc_HTxB,0.73,1.0,AV15-2/DV6-2-CALSELPGSNAKLTF-AJ42_BV13-2-CASGRGAGNTLYF-BJ1-3,0.8371884913280676,8
BL6-BALBc_HTxB,0.73,1.0,AV16/DV11-CAMREGNTGYQNFYF-AJ49_BV13-2-CASGRGAGNTLYF-BJ1-3,0.8224353705733771,9
BL6-BALBc_HTxB,0.725,1.0,AV13D-3-CAMRTNSAGNKLTF-AJ17*p02_BV13-2-CASGTTYEQYF-BJ2-7,0.9808002837125009,9
BL6-BALBc_HTxB,0.725,1.0,AV16D/DV11-CAMRENSGYNKLTF-AJ11*p02_BV13-2-CASGETGGREQYF-BJ2-7,0.7692864024760473,5
BL6-BALBc_HTxB,0.725,1.0,AV6-6-CALGDQANTDKVVF-AJ34*p03_BV14-CASSLGVNTEVFF-BJ1-1,0.9260940605911356,17
BL6-BALBc_HTxB,0.725,1.0,AV6D-4-CALVDDSGYNKLTF-AJ11*p02_BV4-CASSLTDEQYF-BJ2-7,0.9862723572896807,7
BL6-BALBc_HTxB,0.725,1.0,AV16D/DV11-CAMRDITGNTRKLIF-AJ37*p02_BV4-CASSYGAQYF-BJ2-7,0.9910347537876067,8
BL6-BALBc_HTxB,0.725,1.0,AV4-3-CAAHVNTGNYKYVF-AJ40_BV29-CASSLIRYAEQFF-BJ2-1,0.8964775474703407,5
BL6-BALBc_HTxB,0.725,1.0,AV3-3-CAVMPNYNVLYF-AJ21*p03_BV13-2-CASGDLGTDNNQAPLF-BJ1-5,0.9338022657076005,7
BL6-BALBc_HTxB,0.725,1.0,AV16/DV11-CAMREGNTGNYKYVF-AJ40_BV13-2-CASGGIYEQYF-BJ2-7,0.9911629066077647,8
BL6-BALBc_HTxB,0.725,1.0,AV16D/DV11-CAMREGDSNYQLIW-AJ33_BV13-2-CASGYRAPNSDYTF-BJ1-2,0.8200416117258571,8
BL6-BALBc_HTxB,0.725,1.0,AV6D-7-CALRYGGSGNKLIF-AJ32_BV3-CASSLGTGDTQYF-BJ2-5,0.9158565091419653,9
BL6-BALBc_HTxB,0.725,1.0,AV4-3-CAADYQGGSAKLIF-AJ57_BV2-CASSQERLLGGAETLYF-BJ2-3,0.8244932747102044,7
BL6-BALBc_HTxB,0.725,1.0,AV16/DV11-CAMRENTGANTGKLTF-AJ52_BV13-3-CASSSGGVKAEQFF-BJ2-1,0.9472347252782256,11
BL6-BALBc_HTxB,0.725,1.0,AV16D/DV11-CAMREDSGYNKLTF-AJ11*p02_BV13-2-CASGTTYEQYF-BJ2-7,0.9978117406063012,12
BL6-BALBc_HTxB,0.725,1.0,AV16D/DV11-CAMREANSAGNKLTF-AJ17*p02_BV13-1-CASSDVGGEQYF-BJ2-7,0.9948591390141921,5
BL6-BALBc_HTxB,0.725,1.0,AV15-1/DV6-1-CALWELASSNTDKVVF-AJ34*p03_BV3-CASSFGTGGYYEQYF-BJ2-7,0.9554482974411657,10
BL6-BALBc_HTxB,0.725,1.0,AV6-6-CALGSYTGGADRLTF-AJ45_BV13-1-CASSDRGANTGQLYF-BJ2-2,0.6493184999094508,5
BL6-BALBc_HTxB,0.725,1.0,AV13D-1-CAMANTGNYKYVF-AJ40_BV13-2-CASGGIYEQYF-BJ2-7,0.9852423896430225,8
BL6-BALBc_HTxB,0.725,1.0,AV15-2/DV6-2-CALSELPGSNAKLTF-AJ42_BV13-2-CASGRGAGNTLYF-BJ1-3,0.8371884913280676,8
BL6-BALBc_HTxB,0.725,1.0,AV16/DV11-CAMREGNTGYQNFYF-AJ49_BV13-2-CASGRGAGNTLYF-BJ1-3,0.8224353705733771,9
BL6-BALBc_HTxB,0.72,1.0,AV13D-3-CAMRTNSAGNKLTF-AJ17*p02_BV13-2-CASGTTYEQYF-BJ2-7,0.9808002837125009,9
BL6-BALBc_HTxB,0.72,1.0,AV16D/DV11-CAMRENSGYNKLTF-AJ11*p02_BV13-2-CASGETGGREQYF-BJ2-7,0.7692864024760473,5
BL6-BALBc_HTxB,0.72,1.0,AV6-6-CALGDQANTDKVVF-AJ34*p03_BV14-CASSLGVNTEVFF-BJ1-1,0.9260940605911356,17
BL6-BALBc_HTxB,0.72,1.0,AV6D-4-CALVDDSGYNKLTF-AJ11*p02_BV4-CASSLTDEQYF-BJ2-7,0.9862723572896807,7
BL6-BALBc_HTxB,0.72,1.0,AV16D/DV11-CAMRDITGNTRKLIF-AJ37*p02_BV4-CASSYGAQYF-BJ2-7,0.9910347537876067,8
BL6-BALBc_HTxB,0.72,1.0,AV4-3-CAAHVNTGNYKYVF-AJ40_BV29-CASSLIRYAEQFF-BJ2-1,0.8964775474703407,5
BL6-BALBc_HTxB,0.72,1.0,AV3-3-CAVMPNYNVLYF-AJ21*p03_BV13-2-CASGDLGTDNNQAPLF-BJ1-5,0.9338022657076005,7
BL6-BALBc_HTxB,0.72,1.0,AV16/DV11-CAMREGNTGNYKYVF-AJ40_BV13-2-CASGGIYEQYF-BJ2-7,0.9911629066077647,8
BL6-BALBc_HTxB,0.72,1.0,AV16D/DV11-CAMREGDSNYQLIW-AJ33_BV13-2-CASGYRAPNSDYTF-BJ1-2,0.8200416117258571,8
BL6-BALBc_HTxB,0.72,1.0,AV6D-7-CALRYGGSGNKLIF-AJ32_BV3-CASSLGTGDTQYF-BJ2-5,0.9158565091419653,9
BL6-BALBc_HTxB,0.72,1.0,AV4-3-CAADYQGGSAKLIF-AJ57_BV2-CASSQERLLGGAETLYF-BJ2-3,0.8244932747102044,7
BL6-BALBc_HTxB,0.72,1.0,AV16/DV11-CAMRENTGANTGKLTF-AJ52_BV13-3-CASSSGGVKAEQFF-BJ2-1,0.9472347252782256,11
BL6-BALBc_HTxB,0.72,1.0,AV16D/DV11-CAMREDSGYNKLTF-AJ11*p02_BV13-2-CASGTTYEQYF-BJ2-7,0.9978117406063012,12
BL6-BALBc_HTxB,0.72,1.0,AV16D/DV11-CAMREANSAGNKLTF-AJ17*p02_BV13-1-CASSDVGGEQYF-BJ2-7,0.9948591390141921,5
BL6-BALBc_HTxB,0.72,1.0,AV15-1/DV6-1-CALWELASSNTDKVVF-AJ34*p03_BV3-CASSFGTGGYYEQYF-BJ2-7,0.9554482974411657,10
BL6-BALBc_HTxB,0.72,1.0,AV6-6-CALGSYTGGADRLTF-AJ45_BV13-1-CASSDRGANTGQLYF-BJ2-2,0.6493184999094508,5
BL6-BALBc_HTxB,0.72,1.0,AV13D-1-CAMANTGNYKYVF-AJ40_BV13-2-CASGGIYEQYF-BJ2-7,0.9852423896430225,8
BL6-BALBc_HTxB,0.72,1.0,AV15-2/DV6-2-CALSELPGSNAKLTF-AJ42_BV13-2-CASGRGAGNTLYF-BJ1-3,0.8371884913280676,8
BL6-BALBc_HTxB,0.72,1.0,AV16/DV11-CAMREGNTGYQNFYF-AJ49_BV13-2-CASGRGAGNTLYF-BJ1-3,0.8224353705733771,9
BL6-BALBc_HTxB,0.715,1.0,AV13D-3-CAMRTNSAGNKLTF-AJ17*p02_BV13-2-CASGTTYEQYF-BJ2-7,0.9808002837125009,9
BL6-BALBc_HTxB,0.715,1.0,AV16D/DV11-CAMRENSGYNKLTF-AJ11*p02_BV13-2-CASGETGGREQYF-BJ2-7,0.7692864024760473,5
BL6-BALBc_HTxB,0.715,1.0,AV6-6-CALGDQANTDKVVF-AJ34*p03_BV14-CASSLGVNTEVFF-BJ1-1,0.9260940605911356,17
BL6-BALBc_HTxB,0.715,1.0,AV6D-4-CALVDDSGYNKLTF-AJ11*p02_BV4-CASSLTDEQYF-BJ2-7,0.9862723572896807,7
BL6-BALBc_HTxB,0.715,1.0,AV16D/DV11-CAMRDITGNTRKLIF-AJ37*p02_BV4-CASSYGAQYF-BJ2-7,0.9910347537876067,8
BL6-BALBc_HTxB,0.715,1.0,AV4-3-CAAHVNTGNYKYVF-AJ40_BV29-CASSLIRYAEQFF-BJ2-1,0.8964775474703407,5
BL6-BALBc_HTxB,0.715,1.0,AV3-3-CAVMPNYNVLYF-AJ21*p03_BV13-2-CASGDLGTDNNQAPLF-BJ1-5,0.9338022657076005,7
BL6-BALBc_HTxB,0.715,1.0,AV16/DV11-CAMREGNTGNYKYVF-AJ40_BV13-2-CASGGIYEQYF-BJ2-7,0.9911629066077647,8
BL6-BALBc_HTxB,0.715,1.0,AV16D/DV11-CAMREGDSNYQLIW-AJ33_BV13-2-CASGYRAPNSDYTF-BJ1-2,0.8200416117258571,8
BL6-BALBc_HTxB,0.715,1.0,AV6D-7-CALRYGGSGNKLIF-AJ32_BV3-CASSLGTGDTQYF-BJ2-5,0.9158565091419653,9
BL6-BALBc_HTxB,0.715,1.0,AV4-3-CAADYQGGSAKLIF-AJ57_BV2-CASSQERLLGGAETLYF-BJ2-3,0.8244932747102044,7
BL6-BALBc_HTxB,0.715,1.0,AV16/DV11-CAMRENTGANTGKLTF-AJ52_BV13-3-CASSSGGVKAEQFF-BJ2-1,0.9472347252782256,11
BL6-BALBc_HTxB,0.715,1.0,AV16D/DV11-CAMREDSGYNKLTF-AJ11*p02_BV13-2-CASGTTYEQYF-BJ2-7,0.9978117406063012,12
BL6-BALBc_HTxB,0.715,1.0,AV16D/DV11-CAMREANSAGNKLTF-AJ17*p02_BV13-1-CASSDVGGEQYF-BJ2-7,0.9948591390141921,5
BL6-BALBc_HTxB,0.715,1.0,AV15-1/DV6-1-CALWELASSNTDKVVF-AJ34*p03_BV3-CASSFGTGGYYEQYF-BJ2-7,0.9554482974411657,10
BL6-BALBc_HTxB,0.715,1.0,AV6-6-CALGSYTGGADRLTF-AJ45_BV13-1-CASSDRGANTGQLYF-BJ2-2,0.6493184999094508,5
BL6-BALBc_HTxB,0.715,1.0,AV13D-1-CAMANTGNYKYVF-AJ40_BV13-2-CASGGIYEQYF-BJ2-7,0.9852423896430225,8
BL6-BALBc_HTxB,0.715,1.0,AV15-2/DV6-2-CALSELPGSNAKLTF-AJ42_BV13-2-CASGRGAGNTLYF-BJ1-3,0.8371884913280676,8
BL6-BALBc_HTxB,0.715,1.0,AV16/DV11-CAMREGNTGYQNFYF-AJ49_BV13-2-CASGRGAGNTLYF-BJ1-3,0.8224353705733771,9
BL6-BALBc_HTxB,0.71,1.0,AV13D-3-CAMRTNSAGNKLTF-AJ17*p02_BV13-2-CASGTTYEQYF-BJ2-7,0.9808002837125009,9
BL6-BALBc_HTxB,0.71,1.0,AV16D/DV11-CAMRENSGYNKLTF-AJ11*p02_BV13-2-CASGETGGREQYF-BJ2-7,0.7692864024760473,5
BL6-BALBc_HTxB,0.71,1.0,AV6-6-CALGDQANTDKVVF-AJ34*p03_BV14-CASSLGVNTEVFF-BJ1-1,0.9260940605911356,17
BL6-BALBc_HTxB,0.71,1.0,AV6D-4-CALVDDSGYNKLTF-AJ11*p02_BV4-CASSLTDEQYF-BJ2-7,0.9862723572896807,7
BL6-BALBc_HTxB,0.71,1.0,AV16D/DV11-CAMRDITGNTRKLIF-AJ37*p02_BV4-CASSYGAQYF-BJ2-7,0.9910347537876067,8
BL6-BALBc_HTxB,0.71,1.0,AV4-3-CAAHVNTGNYKYVF-AJ40_BV29-CASSLIRYAEQFF-BJ2-1,0.8964775474703407,5
BL6-BALBc_HTxB,0.71,1.0,AV3-3-CAVMPNYNVLYF-AJ21*p03_BV13-2-CASGDLGTDNNQAPLF-BJ1-5,0.9338022657076005,7
BL6-BALBc_HTxB,0.71,1.0,AV16/DV11-CAMREGNTGNYKYVF-AJ40_BV13-2-CASGGIYEQYF-BJ2-7,0.9911629066077647,8
BL6-BALBc_HTxB,0.71,1.0,AV16D/DV11-CAMREGDSNYQLIW-AJ33_BV13-2-CASGYRAPNSDYTF-BJ1-2,0.8200416117258571,8
BL6-BALBc_HTxB,0.71,1.0,AV6D-7-CALRYGGSGNKLIF-AJ32_BV3-CASSLGTGDTQYF-BJ2-5,0.9158565091419653,9
BL6-BALBc_HTxB,0.71,1.0,AV4-3-CAADYQGGSAKLIF-AJ57_BV2-CASSQERLLGGAETLYF-BJ2-3,0.8244932747102044,7
BL6-BALBc_HTxB,0.71,1.0,AV16/DV11-CAMRENTGANTGKLTF-AJ52_BV13-3-CASSSGGVKAEQFF-BJ2-1,0.9472347252782256,11
BL6-BALBc_HTxB,0.71,1.0,AV16D/DV11-CAMREDSGYNKLTF-AJ11*p02_BV13-2-CASGTTYEQYF-BJ2-7,0.9978117406063012,12
BL6-BALBc_HTxB,0.71,1.0,AV16D/DV11-CAMREANSAGNKLTF-AJ17*p02_BV13-1-CASSDVGGEQYF-BJ2-7,0.9948591390141921,5
BL6-BALBc_HTxB,0.71,1.0,AV15-1/DV6-1-CALWELASSNTDKVVF-AJ34*p03_BV3-CASSFGTGGYYEQYF-BJ2-7,0.9554482974411657,10
BL6-BALBc_HTxB,0.71,1.0,AV6-6-CALGSYTGGADRLTF-AJ45_BV13-1-CASSDRGANTGQLYF-BJ2-2,0.6493184999094508,5
BL6-BALBc_HTxB,0.71,1.0,AV13D-1-CAMANTGNYKYVF-AJ40_BV13-2-CASGGIYEQYF-BJ2-7,0.9852423896430225,8
BL6-BALBc_HTxB,0.71,1.0,AV15-2/DV6-2-CALSELPGSNAKLTF-AJ42_BV13-2-CASGRGAGNTLYF-BJ1-3,0.8371884913280676,8
BL6-BALBc_HTxB,0.71,1.0,AV16/DV11-CAMREGNTGYQNFYF-AJ49_BV13-2-CASGRGAGNTLYF-BJ1-3,0.8224353705733771,9
BL6-BALBc_HTxB,0.7050000000000001,1.0,AV13D-3-CAMRTNSAGNKLTF-AJ17*p02_BV13-2-CASGTTYEQYF-BJ2-7,0.9808002837125009,9
BL6-BALBc_HTxB,0.7050000000000001,1.0,AV16D/DV11-CAMRENSGYNKLTF-AJ11*p02_BV13-2-CASGETGGREQYF-BJ2-7,0.7692864024760473,5
BL6-BALBc_HTxB,0.7050000000000001,1.0,AV6-6-CALGDQANTDKVVF-AJ34*p03_BV14-CASSLGVNTEVFF-BJ1-1,0.9260940605911356,17
BL6-BALBc_HTxB,0.7050000000000001,1.0,AV6D-4-CALVDDSGYNKLTF-AJ11*p02_BV4-CASSLTDEQYF-BJ2-7,0.9862723572896807,7
BL6-BALBc_HTxB,0.7050000000000001,1.0,AV16D/DV11-CAMRDITGNTRKLIF-AJ37*p02_BV4-CASSYGAQYF-BJ2-7,0.9910347537876067,8
BL6-BALBc_HTxB,0.7050000000000001,1.0,AV4-3-CAAHVNTGNYKYVF-AJ40_BV29-CASSLIRYAEQFF-BJ2-1,0.8964775474703407,5
BL6-BALBc_HTxB,0.7050000000000001,1.0,AV3-3-CAVMPNYNVLYF-AJ21*p03_BV13-2-CASGDLGTDNNQAPLF-BJ1-5,0.9338022657076005,7
BL6-BALBc_HTxB,0.7050000000000001,1.0,AV16/DV11-CAMREGNTGNYKYVF-AJ40_BV13-2-CASGGIYEQYF-BJ2-7,0.9911629066077647,8
BL6-BALBc_HTxB,0.7050000000000001,1.0,AV16D/DV11-CAMREGDSNYQLIW-AJ33_BV13-2-CASGYRAPNSDYTF-BJ1-2,0.8200416117258571,8
BL6-BALBc_HTxB,0.7050000000000001,1.0,AV6D-7-CALRYGGSGNKLIF-AJ32_BV3-CASSLGTGDTQYF-BJ2-5,0.9158565091419653,9
BL6-BALBc_HTxB,0.7050000000000001,1.0,AV4-3-CAADYQGGSAKLIF-AJ57_BV2-CASSQERLLGGAETLYF-BJ2-3,0.8244932747102044,7
BL6-BALBc_HTxB,0.7050000000000001,1.0,AV16/DV11-CAMRENTGANTGKLTF-AJ52_BV13-3-CASSSGGVKAEQFF-BJ2-1,0.9472347252782256,11
BL6-BALBc_HTxB,0.7050000000000001,1.0,AV16D/DV11-CAMREDSGYNKLTF-AJ11*p02_BV13-2-CASGTTYEQYF-BJ2-7,0.9978117406063012,12
BL6-BALBc_HTxB,0.7050000000000001,1.0,AV16D/DV11-CAMREANSAGNKLTF-AJ17*p02_BV13-1-CASSDVGGEQYF-BJ2-7,0.9948591390141921,5
BL6-BALBc_HTxB,0.7050000000000001,1.0,AV15-1/DV6-1-CALWELASSNTDKVVF-AJ34*p03_BV3-CASSFGTGGYYEQYF-BJ2-7,0.9554482974411657,10
BL6-BALBc_HTxB,0.7050000000000001,1.0,AV6-6-CALGSYTGGADRLTF-AJ45_BV13-1-CASSDRGANTGQLYF-BJ2-2,0.6493184999094508,5
BL6-BALBc_HTxB,0.7050000000000001,1.0,AV13D-1-CAMANTGNYKYVF-AJ40_BV13-2-CASGGIYEQYF-BJ2-7,0.9852423896430225,8
BL6-BALBc_HTxB,0.7050000000000001,1.0,AV15-2/DV6-2-CALSELPGSNAKLTF-AJ42_BV13-2-CASGRGAGNTLYF-BJ1-3,0.8371884913280676,8
BL6-BALBc_HTxB,0.7050000000000001,1.0,AV16/DV11-CAMREGNTGYQNFYF-AJ49_BV13-2-CASGRGAGNTLYF-BJ1-3,0.8224353705733771,9
BL6-BALBc_HTxB,0.7,1.0,AV13D-3-CAMRTNSAGNKLTF-AJ17*p02_BV13-2-CASGTTYEQYF-BJ2-7,0.9808002837125009,9
BL6-BALBc_HTxB,0.7,1.0,AV16D/DV11-CAMRENSGYNKLTF-AJ11*p02_BV13-2-CASGETGGREQYF-BJ2-7,0.7692864024760473,5
BL6-BALBc_HTxB,0.7,1.0,AV6-6-CALGDQANTDKVVF-AJ34*p03_BV14-CASSLGVNTEVFF-BJ1-1,0.9260940605911356,17
BL6-BALBc_HTxB,0.7,1.0,AV6D-4-CALVDDSGYNKLTF-AJ11*p02_BV4-CASSLTDEQYF-BJ2-7,0.9862723572896807,7
BL6-BALBc_HTxB,0.7,1.0,AV16D/DV11-CAMRDITGNTRKLIF-AJ37*p02_BV4-CASSYGAQYF-BJ2-7,0.9910347537876067,8
BL6-BALBc_HTxB,0.7,1.0,AV4-3-CAAHVNTGNYKYVF-AJ40_BV29-CASSLIRYAEQFF-BJ2-1,0.8964775474703407,5
BL6-BALBc_HTxB,0.7,1.0,AV3-3-CAVMPNYNVLYF-AJ21*p03_BV13-2-CASGDLGTDNNQAPLF-BJ1-5,0.9338022657076005,7
BL6-BALBc_HTxB,0.7,1.0,AV16/DV11-CAMREGNTGNYKYVF-AJ40_BV13-2-CASGGIYEQYF-BJ2-7,0.9911629066077647,8
BL6-BALBc_HTxB,0.7,1.0,AV16D/DV11-CAMREGDSNYQLIW-AJ33_BV13-2-CASGYRAPNSDYTF-BJ1-2,0.8200416117258571,8
BL6-BALBc_HTxB,0.7,1.0,AV6D-7-CALRYGGSGNKLIF-AJ32_BV3-CASSLGTGDTQYF-BJ2-5,0.9158565091419653,9
BL6-BALBc_HTxB,0.7,1.0,AV4-3-CAADYQGGSAKLIF-AJ57_BV2-CASSQERLLGGAETLYF-BJ2-3,0.8244932747102044,7
BL6-BALBc_HTxB,0.7,1.0,AV16/DV11-CAMRENTGANTGKLTF-AJ52_BV13-3-CASSSGGVKAEQFF-BJ2-1,0.9472347252782256,11
BL6-BALBc_HTxB,0.7,1.0,AV16D/DV11-CAMREDSGYNKLTF-AJ11*p02_BV13-2-CASGTTYEQYF-BJ2-7,0.9978117406063012,12
BL6-BALBc_HTxB,0.7,1.0,AV16D/DV11-CAMREANSAGNKLTF-AJ17*p02_BV13-1-CASSDVGGEQYF-BJ2-7,0.9948591390141921,5
BL6-BALBc_HTxB,0.7,1.0,AV15-1/DV6-1-CALWELASSNTDKVVF-AJ34*p03_BV3-CASSFGTGGYYEQYF-BJ2-7,0.9554482974411657,10
BL6-BALBc_HTxB,0.7,1.0,AV6-6-CALGSYTGGADRLTF-AJ45_BV13-1-CASSDRGANTGQLYF-BJ2-2,0.6493184999094508,5
BL6-BALBc_HTxB,0.7,1.0,AV13D-1-CAMANTGNYKYVF-AJ40_BV13-2-CASGGIYEQYF-BJ2-7,0.9852423896430225,8
BL6-BALBc_HTxB,0.7,1.0,AV15-2/DV6-2-CALSELPGSNAKLTF-AJ42_BV13-2-CASGRGAGNTLYF-BJ1-3,0.8371884913280676,8
BL6-BALBc_HTxB,0.7,1.0,AV16/DV11-CAMREGNTGYQNFYF-AJ49_BV13-2-CASGRGAGNTLYF-BJ1-3,0.8224353705733771,9
BL6-BALBc_HTxB,0.6950000000000001,1.0,AV13D-3-CAMRTNSAGNKLTF-AJ17*p02_BV13-2-CASGTTYEQYF-BJ2-7,0.9808002837125009,9
BL6-BALBc_HTxB,0.6950000000000001,1.0,AV16D/DV11-CAMRENSGYNKLTF-AJ11*p02_BV13-2-CASGETGGREQYF-BJ2-7,0.7692864024760473,5
BL6-BALBc_HTxB,0.6950000000000001,1.0,AV6-6-CALGDQANTDKVVF-AJ34*p03_BV14-CASSLGVNTEVFF-BJ1-1,0.9260940605911356,17
BL6-BALBc_HTxB,0.6950000000000001,1.0,AV6D-4-CALVDDSGYNKLTF-AJ11*p02_BV4-CASSLTDEQYF-BJ2-7,0.9862723572896807,7
BL6-BALBc_HTxB,0.6950000000000001,1.0,AV16D/DV11-CAMRDITGNTRKLIF-AJ37*p02_BV4-CASSYGAQYF-BJ2-7,0.9910347537876067,8
BL6-BALBc_HTxB,0.6950000000000001,1.0,AV4-3-CAAHVNTGNYKYVF-AJ40_BV29-CASSLIRYAEQFF-BJ2-1,0.8964775474703407,5
BL6-BALBc_HTxB,0.6950000000000001,1.0,AV3-3-CAVMPNYNVLYF-AJ21*p03_BV13-2-CASGDLGTDNNQAPLF-BJ1-5,0.9338022657076005,7
BL6-BALBc_HTxB,0.6950000000000001,1.0,AV16/DV11-CAMREGNTGNYKYVF-AJ40_BV13-2-CASGGIYEQYF-BJ2-7,0.9911629066077647,8
BL6-BALBc_HTxB,0.6950000000000001,1.0,AV16D/DV11-CAMREGDSNYQLIW-AJ33_BV13-2-CASGYRAPNSDYTF-BJ1-2,0.8200416117258571,8
BL6-BALBc_HTxB,0.6950000000000001,1.0,AV6D-7-CALRYGGSGNKLIF-AJ32_BV3-CASSLGTGDTQYF-BJ2-5,0.9158565091419653,9
BL6-BALBc_HTxB,0.6950000000000001,1.0,AV4-3-CAADYQGGSAKLIF-AJ57_BV2-CASSQERLLGGAETLYF-BJ2-3,0.8244932747102044,7
BL6-BALBc_HTxB,0.6950000000000001,1.0,AV16/DV11-CAMRENTGANTGKLTF-AJ52_BV13-3-CASSSGGVKAEQFF-BJ2-1,0.9472347252782256,11
BL6-BALBc_HTxB,0.6950000000000001,1.0,AV16D/DV11-CAMREDSGYNKLTF-AJ11*p02_BV13-2-CASGTTYEQYF-BJ2-7,0.9978117406063012,12
BL6-BALBc_HTxB,0.6950000000000001,1.0,AV16D/DV11-CAMREANSAGNKLTF-AJ17*p02_BV13-1-CASSDVGGEQYF-BJ2-7,0.9948591390141921,5
BL6-BALBc_HTxB,0.6950000000000001,1.0,AV15-1/DV6-1-CALWELASSNTDKVVF-AJ34*p03_BV3-CASSFGTGGYYEQYF-BJ2-7,0.9554482974411657,10
BL6-BALBc_HTxB,0.6950000000000001,1.0,AV6-6-CALGSYTGGADRLTF-AJ45_BV13-1-CASSDRGANTGQLYF-BJ2-2,0.6493184999094508,5
BL6-BALBc_HTxB,0.6950000000000001,1.0,AV13D-1-CAMANTGNYKYVF-AJ40_BV13-2-CASGGIYEQYF-BJ2-7,0.9852423896430225,8
BL6-BALBc_HTxB,0.6950000000000001,1.0,AV15-2/DV6-2-CALSELPGSNAKLTF-AJ42_BV13-2-CASGRGAGNTLYF-BJ1-3,0.8371884913280676,8
BL6-BALBc_HTxB,0.6950000000000001,1.0,AV16/DV11-CAMREGNTGYQNFYF-AJ49_BV13-2-CASGRGAGNTLYF-BJ1-3,0.8224353705733771,9
BL6-BALBc_HTxB,0.69,1.0,AV13D-3-CAMRTNSAGNKLTF-AJ17*p02_BV13-2-CASGTTYEQYF-BJ2-7,0.9808002837125009,9
BL6-BALBc_HTxB,0.69,1.0,AV16D/DV11-CAMRENSGYNKLTF-AJ11*p02_BV13-2-CASGETGGREQYF-BJ2-7,0.7692864024760473,5
BL6-BALBc_HTxB,0.69,1.0,AV6-6-CALGDQANTDKVVF-AJ34*p03_BV14-CASSLGVNTEVFF-BJ1-1,0.9260940605911356,17
BL6-BALBc_HTxB,0.69,1.0,AV6D-4-CALVDDSGYNKLTF-AJ11*p02_BV4-CASSLTDEQYF-BJ2-7,0.9862723572896807,7
BL6-BALBc_HTxB,0.69,1.0,AV16D/DV11-CAMRDITGNTRKLIF-AJ37*p02_BV4-CASSYGAQYF-BJ2-7,0.9910347537876067,8
BL6-BALBc_HTxB,0.69,1.0,AV4-3-CAAHVNTGNYKYVF-AJ40_BV29-CASSLIRYAEQFF-BJ2-1,0.8964775474703407,5
BL6-BALBc_HTxB,0.69,1.0,AV3-3-CAVMPNYNVLYF-AJ21*p03_BV13-2-CASGDLGTDNNQAPLF-BJ1-5,0.9338022657076005,7
BL6-BALBc_HTxB,0.69,1.0,AV16/DV11-CAMREGNTGNYKYVF-AJ40_BV13-2-CASGGIYEQYF-BJ2-7,0.9911629066077647,8
BL6-BALBc_HTxB,0.69,1.0,AV16D/DV11-CAMREGDSNYQLIW-AJ33_BV13-2-CASGYRAPNSDYTF-BJ1-2,0.8200416117258571,8
BL6-BALBc_HTxB,0.69,1.0,AV6D-7-CALRYGGSGNKLIF-AJ32_BV3-CASSLGTGDTQYF-BJ2-5,0.9158565091419653,9
BL6-BALBc_HTxB,0.69,1.0,AV4-3-CAADYQGGSAKLIF-AJ57_BV2-CASSQERLLGGAETLYF-BJ2-3,0.8244932747102044,7
BL6-BALBc_HTxB,0.69,1.0,AV16/DV11-CAMRENTGANTGKLTF-AJ52_BV13-3-CASSSGGVKAEQFF-BJ2-1,0.9472347252782256,11
BL6-BALBc_HTxB,0.69,1.0,AV16D/DV11-CAMREDSGYNKLTF-AJ11*p02_BV13-2-CASGTTYEQYF-BJ2-7,0.9978117406063012,12
BL6-BALBc_HTxB,0.69,1.0,AV16D/DV11-CAMREANSAGNKLTF-AJ17*p02_BV13-1-CASSDVGGEQYF-BJ2-7,0.9948591390141921,5
BL6-BALBc_HTxB,0.69,1.0,AV15-1/DV6-1-CALWELASSNTDKVVF-AJ34*p03_BV3-CASSFGTGGYYEQYF-BJ2-7,0.9554482974411657,10
BL6-BALBc_HTxB,0.69,1.0,AV6-6-CALGSYTGGADRLTF-AJ45_BV13-1-CASSDRGANTGQLYF-BJ2-2,0.6493184999094508,5
BL6-BALBc_HTxB,0.69,1.0,AV13D-1-CAMANTGNYKYVF-AJ40_BV13-2-CASGGIYEQYF-BJ2-7,0.9852423896430225,8
BL6-BALBc_HTxB,0.69,1.0,AV15-2/DV6-2-CALSELPGSNAKLTF-AJ42_BV13-2-CASGRGAGNTLYF-BJ1-3,0.8371884913280676,8
BL6-BALBc_HTxB,0.69,1.0,AV16/DV11-CAMREGNTGYQNFYF-AJ49_BV13-2-CASGRGAGNTLYF-BJ1-3,0.8224353705733771,9
BL6-BALBc_HTxB,0.685,1.0,AV13D-3-CAMRTNSAGNKLTF-AJ17*p02_BV13-2-CASGTTYEQYF-BJ2-7,0.9808002837125009,9
BL6-BALBc_HTxB,0.685,1.0,AV16D/DV11-CAMRENSGYNKLTF-AJ11*p02_BV13-2-CASGETGGREQYF-BJ2-7,0.7692864024760473,5
BL6-BALBc_HTxB,0.685,1.0,AV6-6-CALGDQANTDKVVF-AJ34*p03_BV14-CASSLGVNTEVFF-BJ1-1,0.9260940605911356,17
BL6-BALBc_HTxB,0.685,1.0,AV6D-4-CALVDDSGYNKLTF-AJ11*p02_BV4-CASSLTDEQYF-BJ2-7,0.9862723572896807,7
BL6-BALBc_HTxB,0.685,1.0,AV16D/DV11-CAMRDITGNTRKLIF-AJ37*p02_BV4-CASSYGAQYF-BJ2-7,0.9910347537876067,8
BL6-BALBc_HTxB,0.685,1.0,AV4-3-CAAHVNTGNYKYVF-AJ40_BV29-CASSLIRYAEQFF-BJ2-1,0.8964775474703407,5
BL6-BALBc_HTxB,0.685,1.0,AV3-3-CAVMPNYNVLYF-AJ21*p03_BV13-2-CASGDLGTDNNQAPLF-BJ1-5,0.9338022657076005,7
BL6-BALBc_HTxB,0.685,1.0,AV16/DV11-CAMREGNTGNYKYVF-AJ40_BV13-2-CASGGIYEQYF-BJ2-7,0.9911629066077647,8
BL6-BALBc_HTxB,0.685,1.0,AV16D/DV11-CAMREGDSNYQLIW-AJ33_BV13-2-CASGYRAPNSDYTF-BJ1-2,0.8200416117258571,8
BL6-BALBc_HTxB,0.685,1.0,AV6D-7-CALRYGGSGNKLIF-AJ32_BV3-CASSLGTGDTQYF-BJ2-5,0.9158565091419653,9
BL6-BALBc_HTxB,0.685,1.0,AV4-3-CAADYQGGSAKLIF-AJ57_BV2-CASSQERLLGGAETLYF-BJ2-3,0.8244932747102044,7
BL6-BALBc_HTxB,0.685,1.0,AV16/DV11-CAMRENTGANTGKLTF-AJ52_BV13-3-CASSSGGVKAEQFF-BJ2-1,0.9472347252782256,11
BL6-BALBc_HTxB,0.685,1.0,AV16D/DV11-CAMREDSGYNKLTF-AJ11*p02_BV13-2-CASGTTYEQYF-BJ2-7,0.9978117406063012,12
BL6-BALBc_HTxB,0.685,1.0,AV16D/DV11-CAMREANSAGNKLTF-AJ17*p02_BV13-1-CASSDVGGEQYF-BJ2-7,0.9948591390141921,5
BL6-BALBc_HTxB,0.685,1.0,AV15-1/DV6-1-CALWELASSNTDKVVF-AJ34*p03_BV3-CASSFGTGGYYEQYF-BJ2-7,0.9554482974411657,10
BL6-BALBc_HTxB,0.685,1.0,AV6-6-CALGSYTGGADRLTF-AJ45_BV13-1-CASSDRGANTGQLYF-BJ2-2,0.6493184999094508,5
BL6-BALBc_HTxB,0.685,1.0,AV13D-1-CAMANTGNYKYVF-AJ40_BV13-2-CASGGIYEQYF-BJ2-7,0.9852423896430225,8
BL6-BALBc_HTxB,0.685,1.0,AV15-2/DV6-2-CALSELPGSNAKLTF-AJ42_BV13-2-CASGRGAGNTLYF-BJ1-3,0.8371884913280676,8
BL6-BALBc_HTxB,0.685,1.0,AV16/DV11-CAMREGNTGYQNFYF-AJ49_BV13-2-CASGRGAGNTLYF-BJ1-3,0.8224353705733771,9
BL6-BALBc_HTxB,0.6799999999999999,1.0,AV13D-3-CAMRTNSAGNKLTF-AJ17*p02_BV13-2-CASGTTYEQYF-BJ2-7,0.9808002837125009,9
BL6-BALBc_HTxB,0.6799999999999999,1.0,AV16D/DV11-CAMRENSGYNKLTF-AJ11*p02_BV13-2-CASGETGGREQYF-BJ2-7,0.7692864024760473,5
BL6-BALBc_HTxB,0.6799999999999999,1.0,AV6-6-CALGDQANTDKVVF-AJ34*p03_BV14-CASSLGVNTEVFF-BJ1-1,0.9260940605911356,17
BL6-BALBc_HTxB,0.6799999999999999,1.0,AV6D-4-CALVDDSGYNKLTF-AJ11*p02_BV4-CASSLTDEQYF-BJ2-7,0.9862723572896807,7
BL6-BALBc_HTxB,0.6799999999999999,1.0,AV16D/DV11-CAMRDITGNTRKLIF-AJ37*p02_BV4-CASSYGAQYF-BJ2-7,0.9910347537876067,8
BL6-BALBc_HTxB,0.6799999999999999,1.0,AV4-3-CAAHVNTGNYKYVF-AJ40_BV29-CASSLIRYAEQFF-BJ2-1,0.8964775474703407,5
BL6-BALBc_HTxB,0.6799999999999999,1.0,AV3-3-CAVMPNYNVLYF-AJ21*p03_BV13-2-CASGDLGTDNNQAPLF-BJ1-5,0.9338022657076005,7
BL6-BALBc_HTxB,0.6799999999999999,1.0,AV16/DV11-CAMREGNTGNYKYVF-AJ40_BV13-2-CASGGIYEQYF-BJ2-7,0.9911629066077647,8
BL6-BALBc_HTxB,0.6799999999999999,1.0,AV16D/DV11-CAMREGDSNYQLIW-AJ33_BV13-2-CASGYRAPNSDYTF-BJ1-2,0.8200416117258571,8
BL6-BALBc_HTxB,0.6799999999999999,1.0,AV6D-7-CALRYGGSGNKLIF-AJ32_BV3-CASSLGTGDTQYF-BJ2-5,0.9158565091419653,9
BL6-BALBc_HTxB,0.6799999999999999,1.0,AV4-3-CAADYQGGSAKLIF-AJ57_BV2-CASSQERLLGGAETLYF-BJ2-3,0.8244932747102044,7
BL6-BALBc_HTxB,0.6799999999999999,1.0,AV16/DV11-CAMRENTGANTGKLTF-AJ52_BV13-3-CASSSGGVKAEQFF-BJ2-1,0.9472347252782256,11
BL6-BALBc_HTxB,0.6799999999999999,1.0,AV16D/DV11-CAMREDSGYNKLTF-AJ11*p02_BV13-2-CASGTTYEQYF-BJ2-7,0.9978117406063012,12
BL6-BALBc_HTxB,0.6799999999999999,1.0,AV16D/DV11-CAMREANSAGNKLTF-AJ17*p02_BV13-1-CASSDVGGEQYF-BJ2-7,0.9948591390141921,5
BL6-BALBc_HTxB,0.6799999999999999,1.0,AV15-1/DV6-1-CALWELASSNTDKVVF-AJ34*p03_BV3-CASSFGTGGYYEQYF-BJ2-7,0.9554482974411657,10
BL6-BALBc_HTxB,0.6799999999999999,1.0,AV6-6-CALGSYTGGADRLTF-AJ45_BV13-1-CASSDRGANTGQLYF-BJ2-2,0.6493184999094508,5
BL6-BALBc_HTxB,0.6799999999999999,1.0,AV13D-1-CAMANTGNYKYVF-AJ40_BV13-2-CASGGIYEQYF-BJ2-7,0.9852423896430225,8
BL6-BALBc_HTxB,0.6799999999999999,1.0,AV15-2/DV6-2-CALSELPGSNAKLTF-AJ42_BV13-2-CASGRGAGNTLYF-BJ1-3,0.8371884913280676,8
BL6-BALBc_HTxB,0.6799999999999999,1.0,AV16/DV11-CAMREGNTGYQNFYF-AJ49_BV13-2-CASGRGAGNTLYF-BJ1-3,0.8224353705733771,9
BL6-BALBc_HTxB,0.675,1.0,AV13D-3-CAMRTNSAGNKLTF-AJ17*p02_BV13-2-CASGTTYEQYF-BJ2-7,0.9808002837125009,9
BL6-BALBc_HTxB,0.675,1.0,AV16D/DV11-CAMRENSGYNKLTF-AJ11*p02_BV13-2-CASGETGGREQYF-BJ2-7,0.7692864024760473,5
BL6-BALBc_HTxB,0.675,1.0,AV6-6-CALGDQANTDKVVF-AJ34*p03_BV14-CASSLGVNTEVFF-BJ1-1,0.9260940605911356,17
BL6-BALBc_HTxB,0.675,1.0,AV6D-4-CALVDDSGYNKLTF-AJ11*p02_BV4-CASSLTDEQYF-BJ2-7,0.9862723572896807,7
BL6-BALBc_HTxB,0.675,1.0,AV16D/DV11-CAMRDITGNTRKLIF-AJ37*p02_BV4-CASSYGAQYF-BJ2-7,0.9910347537876067,8
BL6-BALBc_HTxB,0.675,1.0,AV4-3-CAAHVNTGNYKYVF-AJ40_BV29-CASSLIRYAEQFF-BJ2-1,0.8964775474703407,5
BL6-BALBc_HTxB,0.675,1.0,AV3-3-CAVMPNYNVLYF-AJ21*p03_BV13-2-CASGDLGTDNNQAPLF-BJ1-5,0.9338022657076005,7
BL6-BALBc_HTxB,0.675,1.0,AV16/DV11-CAMREGNTGNYKYVF-AJ40_BV13-2-CASGGIYEQYF-BJ2-7,0.9911629066077647,8
BL6-BALBc_HTxB,0.675,1.0,AV16D/DV11-CAMREGDSNYQLIW-AJ33_BV13-2-CASGYRAPNSDYTF-BJ1-2,0.8200416117258571,8
BL6-BALBc_HTxB,0.675,1.0,AV6D-7-CALRYGGSGNKLIF-AJ32_BV3-CASSLGTGDTQYF-BJ2-5,0.9158565091419653,9
BL6-BALBc_HTxB,0.675,1.0,AV4-3-CAADYQGGSAKLIF-AJ57_BV2-CASSQERLLGGAETLYF-BJ2-3,0.8244932747102044,7
BL6-BALBc_HTxB,0.675,1.0,AV16/DV11-CAMRENTGANTGKLTF-AJ52_BV13-3-CASSSGGVKAEQFF-BJ2-1,0.9472347252782256,11
BL6-BALBc_HTxB,0.675,1.0,AV16D/DV11-CAMREDSGYNKLTF-AJ11*p02_BV13-2-CASGTTYEQYF-BJ2-7,0.9978117406063012,12
BL6-BALBc_HTxB,0.675,1.0,AV16D/DV11-CAMREANSAGNKLTF-AJ17*p02_BV13-1-CASSDVGGEQYF-BJ2-7,0.9948591390141921,5
BL6-BALBc_HTxB,0.675,1.0,AV15-1/DV6-1-CALWELASSNTDKVVF-AJ34*p03_BV3-CASSFGTGGYYEQYF-BJ2-7,0.9554482974411657,10
BL6-BALBc_HTxB,0.675,1.0,AV6-6-CALGSYTGGADRLTF-AJ45_BV13-1-CASSDRGANTGQLYF-BJ2-2,0.6493184999094508,5
BL6-BALBc_HTxB,0.675,1.0,AV13D-1-CAMANTGNYKYVF-AJ40_BV13-2-CASGGIYEQYF-BJ2-7,0.9852423896430225,8
BL6-BALBc_HTxB,0.675,1.0,AV15-2/DV6-2-CALSELPGSNAKLTF-AJ42_BV13-2-CASGRGAGNTLYF-BJ1-3,0.8371884913280676,8
BL6-BALBc_HTxB,0.675,1.0,AV16/DV11-CAMREGNTGYQNFYF-AJ49_BV13-2-CASGRGAGNTLYF-BJ1-3,0.8224353705733771,9
BL6-BALBc_HTxB,0.6699999999999999,1.0,AV13D-3-CAMRTNSAGNKLTF-AJ17*p02_BV13-2-CASGTTYEQYF-BJ2-7,0.9808002837125009,9
BL6-BALBc_HTxB,0.6699999999999999,1.0,AV16D/DV11-CAMRENSGYNKLTF-AJ11*p02_BV13-2-CASGETGGREQYF-BJ2-7,0.7692864024760473,5
BL6-BALBc_HTxB,0.6699999999999999,1.0,AV6-6-CALGDQANTDKVVF-AJ34*p03_BV14-CASSLGVNTEVFF-BJ1-1,0.9260940605911356,17
BL6-BALBc_HTxB,0.6699999999999999,1.0,AV6D-4-CALVDDSGYNKLTF-AJ11*p02_BV4-CASSLTDEQYF-BJ2-7,0.9862723572896807,7
BL6-BALBc_HTxB,0.6699999999999999,1.0,AV16D/DV11-CAMRDITGNTRKLIF-AJ37*p02_BV4-CASSYGAQYF-BJ2-7,0.9910347537876067,8
BL6-BALBc_HTxB,0.6699999999999999,1.0,AV4-3-CAAHVNTGNYKYVF-AJ40_BV29-CASSLIRYAEQFF-BJ2-1,0.8964775474703407,5
BL6-BALBc_HTxB,0.6699999999999999,1.0,AV3-3-CAVMPNYNVLYF-AJ21*p03_BV13-2-CASGDLGTDNNQAPLF-BJ1-5,0.9338022657076005,7
BL6-BALBc_HTxB,0.6699999999999999,1.0,AV16/DV11-CAMREGNTGNYKYVF-AJ40_BV13-2-CASGGIYEQYF-BJ2-7,0.9911629066077647,8
BL6-BALBc_HTxB,0.6699999999999999,1.0,AV16D/DV11-CAMREGDSNYQLIW-AJ33_BV13-2-CASGYRAPNSDYTF-BJ1-2,0.8200416117258571,8
BL6-BALBc_HTxB,0.6699999999999999,1.0,AV6D-7-CALRYGGSGNKLIF-AJ32_BV3-CASSLGTGDTQYF-BJ2-5,0.9158565091419653,9
BL6-BALBc_HTxB,0.6699999999999999,1.0,AV4-3-CAADYQGGSAKLIF-AJ57_BV2-CASSQERLLGGAETLYF-BJ2-3,0.8244932747102044,7
BL6-BALBc_HTxB,0.6699999999999999,1.0,AV16/DV11-CAMRENTGANTGKLTF-AJ52_BV13-3-CASSSGGVKAEQFF-BJ2-1,0.9472347252782256,11
BL6-BALBc_HTxB,0.6699999999999999,1.0,AV16D/DV11-CAMREDSGYNKLTF-AJ11*p02_BV13-2-CASGTTYEQYF-BJ2-7,0.9978117406063012,12
BL6-BALBc_HTxB,0.6699999999999999,1.0,AV16D/DV11-CAMREANSAGNKLTF-AJ17*p02_BV13-1-CASSDVGGEQYF-BJ2-7,0.9948591390141921,5
BL6-BALBc_HTxB,0.6699999999999999,1.0,AV15-1/DV6-1-CALWELASSNTDKVVF-AJ34*p03_BV3-CASSFGTGGYYEQYF-BJ2-7,0.9554482974411657,10
BL6-BALBc_HTxB,0.6699999999999999,1.0,AV6-6-CALGSYTGGADRLTF-AJ45_BV13-1-CASSDRGANTGQLYF-BJ2-2,0.6493184999094508,5
BL6-BALBc_HTxB,0.6699999999999999,1.0,AV13D-1-CAMANTGNYKYVF-AJ40_BV13-2-CASGGIYEQYF-BJ2-7,0.9852423896430225,8
BL6-BALBc_HTxB,0.6699999999999999,1.0,AV15-2/DV6-2-CALSELPGSNAKLTF-AJ42_BV13-2-CASGRGAGNTLYF-BJ1-3,0.8371884913280676,8
BL6-BALBc_HTxB,0.6699999999999999,1.0,AV16/DV11-CAMREGNTGYQNFYF-AJ49_BV13-2-CASGRGAGNTLYF-BJ1-3,0.8224353705733771,9
BL6-BALBc_HTxB,0.665,1.0,AV13D-3-CAMRTNSAGNKLTF-AJ17*p02_BV13-2-CASGTTYEQYF-BJ2-7,0.9808002837125009,9
BL6-BALBc_HTxB,0.665,1.0,AV16D/DV11-CAMRENSGYNKLTF-AJ11*p02_BV13-2-CASGETGGREQYF-BJ2-7,0.7692864024760473,5
BL6-BALBc_HTxB,0.665,1.0,AV6-6-CALGDQANTDKVVF-AJ34*p03_BV14-CASSLGVNTEVFF-BJ1-1,0.9260940605911356,17
BL6-BALBc_HTxB,0.665,1.0,AV6D-4-CALVDDSGYNKLTF-AJ11*p02_BV4-CASSLTDEQYF-BJ2-7,0.9862723572896807,7
BL6-BALBc_HTxB,0.665,1.0,AV16D/DV11-CAMRDITGNTRKLIF-AJ37*p02_BV4-CASSYGAQYF-BJ2-7,0.9910347537876067,8
BL6-BALBc_HTxB,0.665,1.0,AV4-3-CAAHVNTGNYKYVF-AJ40_BV29-CASSLIRYAEQFF-BJ2-1,0.8964775474703407,5
BL6-BALBc_HTxB,0.665,1.0,AV3-3-CAVMPNYNVLYF-AJ21*p03_BV13-2-CASGDLGTDNNQAPLF-BJ1-5,0.9338022657076005,7
BL6-BALBc_HTxB,0.665,1.0,AV16/DV11-CAMREGNTGNYKYVF-AJ40_BV13-2-CASGGIYEQYF-BJ2-7,0.9911629066077647,8
BL6-BALBc_HTxB,0.665,1.0,AV16D/DV11-CAMREGDSNYQLIW-AJ33_BV13-2-CASGYRAPNSDYTF-BJ1-2,0.8200416117258571,8
BL6-BALBc_HTxB,0.665,1.0,AV6D-7-CALRYGGSGNKLIF-AJ32_BV3-CASSLGTGDTQYF-BJ2-5,0.9158565091419653,9
BL6-BALBc_HTxB,0.665,1.0,AV4-3-CAADYQGGSAKLIF-AJ57_BV2-CASSQERLLGGAETLYF-BJ2-3,0.8244932747102044,7
BL6-BALBc_HTxB,0.665,1.0,AV16/DV11-CAMRENTGANTGKLTF-AJ52_BV13-3-CASSSGGVKAEQFF-BJ2-1,0.9472347252782256,11
BL6-BALBc_HTxB,0.665,1.0,AV16D/DV11-CAMREDSGYNKLTF-AJ11*p02_BV13-2-CASGTTYEQYF-BJ2-7,0.9978117406063012,12
BL6-BALBc_HTxB,0.665,1.0,AV16D/DV11-CAMREANSAGNKLTF-AJ17*p02_BV13-1-CASSDVGGEQYF-BJ2-7,0.9948591390141921,5
BL6-BALBc_HTxB,0.665,1.0,AV15-1/DV6-1-CALWELASSNTDKVVF-AJ34*p03_BV3-CASSFGTGGYYEQYF-BJ2-7,0.9554482974411657,10
BL6-BALBc_HTxB,0.665,1.0,AV6-6-CALGSYTGGADRLTF-AJ45_BV13-1-CASSDRGANTGQLYF-BJ2-2,0.6493184999094508,5
BL6-BALBc_HTxB,0.665,1.0,AV13D-1-CAMANTGNYKYVF-AJ40_BV13-2-CASGGIYEQYF-BJ2-7,0.9852423896430225,8
BL6-BALBc_HTxB,0.665,1.0,AV15-2/DV6-2-CALSELPGSNAKLTF-AJ42_BV13-2-CASGRGAGNTLYF-BJ1-3,0.8371884913280676,8
BL6-BALBc_HTxB,0.665,1.0,AV16/DV11-CAMREGNTGYQNFYF-AJ49_BV13-2-CASGRGAGNTLYF-BJ1-3,0.8224353705733771,9
BL6-BALBc_HTxB,0.6599999999999999,1.0,AV13D-3-CAMRTNSAGNKLTF-AJ17*p02_BV13-2-CASGTTYEQYF-BJ2-7,0.9808002837125009,9
BL6-BALBc_HTxB,0.6599999999999999,1.0,AV16D/DV11-CAMRENSGYNKLTF-AJ11*p02_BV13-2-CASGETGGREQYF-BJ2-7,0.7692864024760473,5
BL6-BALBc_HTxB,0.6599999999999999,1.0,AV6-6-CALGDQANTDKVVF-AJ34*p03_BV14-CASSLGVNTEVFF-BJ1-1,0.9260940605911356,17
BL6-BALBc_HTxB,0.6599999999999999,1.0,AV6D-4-CALVDDSGYNKLTF-AJ11*p02_BV4-CASSLTDEQYF-BJ2-7,0.9862723572896807,7
BL6-BALBc_HTxB,0.6599999999999999,1.0,AV16D/DV11-CAMRDITGNTRKLIF-AJ37*p02_BV4-CASSYGAQYF-BJ2-7,0.9910347537876067,8
BL6-BALBc_HTxB,0.6599999999999999,1.0,AV4-3-CAAHVNTGNYKYVF-AJ40_BV29-CASSLIRYAEQFF-BJ2-1,0.8964775474703407,5
BL6-BALBc_HTxB,0.6599999999999999,1.0,AV3-3-CAVMPNYNVLYF-AJ21*p03_BV13-2-CASGDLGTDNNQAPLF-BJ1-5,0.9338022657076005,7
BL6-BALBc_HTxB,0.6599999999999999,1.0,AV16/DV11-CAMREGNTGNYKYVF-AJ40_BV13-2-CASGGIYEQYF-BJ2-7,0.9911629066077647,8
BL6-BALBc_HTxB,0.6599999999999999,1.0,AV16D/DV11-CAMREGDSNYQLIW-AJ33_BV13-2-CASGYRAPNSDYTF-BJ1-2,0.8200416117258571,8
BL6-BALBc_HTxB,0.6599999999999999,1.0,AV6D-7-CALRYGGSGNKLIF-AJ32_BV3-CASSLGTGDTQYF-BJ2-5,0.9158565091419653,9
BL6-BALBc_HTxB,0.6599999999999999,1.0,AV4-3-CAADYQGGSAKLIF-AJ57_BV2-CASSQERLLGGAETLYF-BJ2-3,0.8244932747102044,7
BL6-BALBc_HTxB,0.6599999999999999,1.0,AV16/DV11-CAMRENTGANTGKLTF-AJ52_BV13-3-CASSSGGVKAEQFF-BJ2-1,0.9472347252782256,11
BL6-BALBc_HTxB,0.6599999999999999,1.0,AV16D/DV11-CAMREDSGYNKLTF-AJ11*p02_BV13-2-CASGTTYEQYF-BJ2-7,0.9978117406063012,12
BL6-BALBc_HTxB,0.6599999999999999,1.0,AV16D/DV11-CAMREANSAGNKLTF-AJ17*p02_BV13-1-CASSDVGGEQYF-BJ2-7,0.9948591390141921,5
BL6-BALBc_HTxB,0.6599999999999999,1.0,AV15-1/DV6-1-CALWELASSNTDKVVF-AJ34*p03_BV3-CASSFGTGGYYEQYF-BJ2-7,0.9554482974411657,10
BL6-BALBc_HTxB,0.6599999999999999,1.0,AV6-6-CALGSYTGGADRLTF-AJ45_BV13-1-CASSDRGANTGQLYF-BJ2-2,0.6493184999094508,5
BL6-BALBc_HTxB,0.6599999999999999,1.0,AV13D-1-CAMANTGNYKYVF-AJ40_BV13-2-CASGGIYEQYF-BJ2-7,0.9852423896430225,8
BL6-BALBc_HTxB,0.6599999999999999,1.0,AV15-2/DV6-2-CALSELPGSNAKLTF-AJ42_BV13-2-CASGRGAGNTLYF-BJ1-3,0.8371884913280676,8
BL6-BALBc_HTxB,0.6599999999999999,1.0,AV16/DV11-CAMREGNTGYQNFYF-AJ49_BV13-2-CASGRGAGNTLYF-BJ1-3,0.8224353705733771,9
BL6-BALBc_HTxB,0.655,1.0,AV13D-3-CAMRTNSAGNKLTF-AJ17*p02_BV13-2-CASGTTYEQYF-BJ2-7,0.9808002837125009,9
BL6-BALBc_HTxB,0.655,1.0,AV16D/DV11-CAMRENSGYNKLTF-AJ11*p02_BV13-2-CASGETGGREQYF-BJ2-7,0.7692864024760473,5
BL6-BALBc_HTxB,0.655,1.0,AV6-6-CALGDQANTDKVVF-AJ34*p03_BV14-CASSLGVNTEVFF-BJ1-1,0.9260940605911356,17
BL6-BALBc_HTxB,0.655,1.0,AV6D-4-CALVDDSGYNKLTF-AJ11*p02_BV4-CASSLTDEQYF-BJ2-7,0.9862723572896807,7
BL6-BALBc_HTxB,0.655,1.0,AV16D/DV11-CAMRDITGNTRKLIF-AJ37*p02_BV4-CASSYGAQYF-BJ2-7,0.9910347537876067,8
BL6-BALBc_HTxB,0.655,1.0,AV4-3-CAAHVNTGNYKYVF-AJ40_BV29-CASSLIRYAEQFF-BJ2-1,0.8964775474703407,5
BL6-BALBc_HTxB,0.655,1.0,AV3-3-CAVMPNYNVLYF-AJ21*p03_BV13-2-CASGDLGTDNNQAPLF-BJ1-5,0.9338022657076005,7
BL6-BALBc_HTxB,0.655,1.0,AV16/DV11-CAMREGNTGNYKYVF-AJ40_BV13-2-CASGGIYEQYF-BJ2-7,0.9911629066077647,8
BL6-BALBc_HTxB,0.655,1.0,AV16D/DV11-CAMREGDSNYQLIW-AJ33_BV13-2-CASGYRAPNSDYTF-BJ1-2,0.8200416117258571,8
BL6-BALBc_HTxB,0.655,1.0,AV6D-7-CALRYGGSGNKLIF-AJ32_BV3-CASSLGTGDTQYF-BJ2-5,0.9158565091419653,9
BL6-BALBc_HTxB,0.655,1.0,AV4-3-CAADYQGGSAKLIF-AJ57_BV2-CASSQERLLGGAETLYF-BJ2-3,0.8244932747102044,7
BL6-BALBc_HTxB,0.655,1.0,AV16/DV11-CAMRENTGANTGKLTF-AJ52_BV13-3-CASSSGGVKAEQFF-BJ2-1,0.9472347252782256,11
BL6-BALBc_HTxB,0.655,1.0,AV16D/DV11-CAMREDSGYNKLTF-AJ11*p02_BV13-2-CASGTTYEQYF-BJ2-7,0.9978117406063012,12
BL6-BALBc_HTxB,0.655,1.0,AV16D/DV11-CAMREANSAGNKLTF-AJ17*p02_BV13-1-CASSDVGGEQYF-BJ2-7,0.9948591390141921,5
BL6-BALBc_HTxB,0.655,1.0,AV15-1/DV6-1-CALWELASSNTDKVVF-AJ34*p03_BV3-CASSFGTGGYYEQYF-BJ2-7,0.9554482974411657,10
BL6-BALBc_HTxB,0.655,1.0,AV6-6-CALGSYTGGADRLTF-AJ45_BV13-1-CASSDRGANTGQLYF-BJ2-2,0.6493184999094508,5
BL6-BALBc_HTxB,0.655,1.0,AV13D-1-CAMANTGNYKYVF-AJ40_BV13-2-CASGGIYEQYF-BJ2-7,0.9852423896430225,8
BL6-BALBc_HTxB,0.655,1.0,AV15-2/DV6-2-CALSELPGSNAKLTF-AJ42_BV13-2-CASGRGAGNTLYF-BJ1-3,0.8371884913280676,8
BL6-BALBc_HTxB,0.655,1.0,AV16/DV11-CAMREGNTGYQNFYF-AJ49_BV13-2-CASGRGAGNTLYF-BJ1-3,0.8224353705733771,9
BL6-BALBc_HTxB,0.6499999999999999,1.0,AV13D-3-CAMRTNSAGNKLTF-AJ17*p02_BV13-2-CASGTTYEQYF-BJ2-7,0.9808002837125009,9
BL6-BALBc_HTxB,0.6499999999999999,1.0,AV16D/DV11-CAMRENSGYNKLTF-AJ11*p02_BV13-2-CASGETGGREQYF-BJ2-7,0.7692864024760473,5
BL6-BALBc_HTxB,0.6499999999999999,1.0,AV6-6-CALGDQANTDKVVF-AJ34*p03_BV14-CASSLGVNTEVFF-BJ1-1,0.9260940605911356,17
BL6-BALBc_HTxB,0.6499999999999999,1.0,AV6D-4-CALVDDSGYNKLTF-AJ11*p02_BV4-CASSLTDEQYF-BJ2-7,0.9862723572896807,7
BL6-BALBc_HTxB,0.6499999999999999,1.0,AV16D/DV11-CAMRDITGNTRKLIF-AJ37*p02_BV4-CASSYGAQYF-BJ2-7,0.9910347537876067,8
BL6-BALBc_HTxB,0.6499999999999999,1.0,AV4-3-CAAHVNTGNYKYVF-AJ40_BV29-CASSLIRYAEQFF-BJ2-1,0.8964775474703407,5
BL6-BALBc_HTxB,0.6499999999999999,1.0,AV3-3-CAVMPNYNVLYF-AJ21*p03_BV13-2-CASGDLGTDNNQAPLF-BJ1-5,0.9338022657076005,7
BL6-BALBc_HTxB,0.6499999999999999,1.0,AV16/DV11-CAMREGNTGNYKYVF-AJ40_BV13-2-CASGGIYEQYF-BJ2-7,0.9911629066077647,8
BL6-BALBc_HTxB,0.6499999999999999,1.0,AV16D/DV11-CAMREGDSNYQLIW-AJ33_BV13-2-CASGYRAPNSDYTF-BJ1-2,0.8200416117258571,8
BL6-BALBc_HTxB,0.6499999999999999,1.0,AV6D-7-CALRYGGSGNKLIF-AJ32_BV3-CASSLGTGDTQYF-BJ2-5,0.9158565091419653,9
BL6-BALBc_HTxB,0.6499999999999999,1.0,AV4-3-CAADYQGGSAKLIF-AJ57_BV2-CASSQERLLGGAETLYF-BJ2-3,0.8244932747102044,7
BL6-BALBc_HTxB,0.6499999999999999,1.0,AV16/DV11-CAMRENTGANTGKLTF-AJ52_BV13-3-CASSSGGVKAEQFF-BJ2-1,0.9472347252782256,11
BL6-BALBc_HTxB,0.6499999999999999,1.0,AV16D/DV11-CAMREDSGYNKLTF-AJ11*p02_BV13-2-CASGTTYEQYF-BJ2-7,0.9978117406063012,12
BL6-BALBc_HTxB,0.6499999999999999,1.0,AV16D/DV11-CAMREANSAGNKLTF-AJ17*p02_BV13-1-CASSDVGGEQYF-BJ2-7,0.9948591390141921,5
BL6-BALBc_HTxB,0.6499999999999999,1.0,AV15-1/DV6-1-CALWELASSNTDKVVF-AJ34*p03_BV3-CASSFGTGGYYEQYF-BJ2-7,0.9554482974411657,10
BL6-BALBc_HTxB,0.6499999999999999,1.0,AV6-6-CALGSYTGGADRLTF-AJ45_BV13-1-CASSDRGANTGQLYF-BJ2-2,0.6493184999094508,5
BL6-BALBc_HTxB,0.6499999999999999,1.0,AV13D-1-CAMANTGNYKYVF-AJ40_BV13-2-CASGGIYEQYF-BJ2-7,0.9852423896430225,8
BL6-BALBc_HTxB,0.6499999999999999,1.0,AV15-2/DV6-2-CALSELPGSNAKLTF-AJ42_BV13-2-CASGRGAGNTLYF-BJ1-3,0.8371884913280676,8
BL6-BALBc_HTxB,0.6499999999999999,1.0,AV16/DV11-CAMREGNTGYQNFYF-AJ49_BV13-2-CASGRGAGNTLYF-BJ1-3,0.8224353705733771,9
BL6-BALBc_HTxB,0.645,1.0,AV13D-3-CAMRTNSAGNKLTF-AJ17*p02_BV13-2-CASGTTYEQYF-BJ2-7,0.9808002837125009,9
BL6-BALBc_HTxB,0.645,1.0,AV16D/DV11-CAMRENSGYNKLTF-AJ11*p02_BV13-2-CASGETGGREQYF-BJ2-7,0.7692864024760473,5
BL6-BALBc_HTxB,0.645,1.0,AV6-6-CALGDQANTDKVVF-AJ34*p03_BV14-CASSLGVNTEVFF-BJ1-1,0.9260940605911356,17
BL6-BALBc_HTxB,0.645,1.0,AV6D-4-CALVDDSGYNKLTF-AJ11*p02_BV4-CASSLTDEQYF-BJ2-7,0.9862723572896807,7
BL6-BALBc_HTxB,0.645,1.0,AV16D/DV11-CAMRDITGNTRKLIF-AJ37*p02_BV4-CASSYGAQYF-BJ2-7,0.9910347537876067,8
BL6-BALBc_HTxB,0.645,1.0,AV4-3-CAAHVNTGNYKYVF-AJ40_BV29-CASSLIRYAEQFF-BJ2-1,0.8964775474703407,5
BL6-BALBc_HTxB,0.645,1.0,AV3-3-CAVMPNYNVLYF-AJ21*p03_BV13-2-CASGDLGTDNNQAPLF-BJ1-5,0.9338022657076005,7
BL6-BALBc_HTxB,0.645,1.0,AV16/DV11-CAMREGNTGNYKYVF-AJ40_BV13-2-CASGGIYEQYF-BJ2-7,0.9911629066077647,8
BL6-BALBc_HTxB,0.645,1.0,AV16D/DV11-CAMREGDSNYQLIW-AJ33_BV13-2-CASGYRAPNSDYTF-BJ1-2,0.8200416117258571,8
BL6-BALBc_HTxB,0.645,1.0,AV6D-7-CALRYGGSGNKLIF-AJ32_BV3-CASSLGTGDTQYF-BJ2-5,0.9158565091419653,9
BL6-BALBc_HTxB,0.645,1.0,AV4-3-CAADYQGGSAKLIF-AJ57_BV2-CASSQERLLGGAETLYF-BJ2-3,0.8244932747102044,7
BL6-BALBc_HTxB,0.645,1.0,AV16/DV11-CAMRENTGANTGKLTF-AJ52_BV13-3-CASSSGGVKAEQFF-BJ2-1,0.9472347252782256,11
BL6-BALBc_HTxB,0.645,1.0,AV16D/DV11-CAMREDSGYNKLTF-AJ11*p02_BV13-2-CASGTTYEQYF-BJ2-7,0.9978117406063012,12
BL6-BALBc_HTxB,0.645,1.0,AV16D/DV11-CAMREANSAGNKLTF-AJ17*p02_BV13-1-CASSDVGGEQYF-BJ2-7,0.9948591390141921,5
BL6-BALBc_HTxB,0.645,1.0,AV15-1/DV6-1-CALWELASSNTDKVVF-AJ34*p03_BV3-CASSFGTGGYYEQYF-BJ2-7,0.9554482974411657,10
BL6-BALBc_HTxB,0.645,1.0,AV6-6-CALGSYTGGADRLTF-AJ45_BV13-1-CASSDRGANTGQLYF-BJ2-2,0.6493184999094508,5
BL6-BALBc_HTxB,0.645,1.0,AV13D-1-CAMANTGNYKYVF-AJ40_BV13-2-CASGGIYEQYF-BJ2-7,0.9852423896430225,8
BL6-BALBc_HTxB,0.645,1.0,AV15-2/DV6-2-CALSELPGSNAKLTF-AJ42_BV13-2-CASGRGAGNTLYF-BJ1-3,0.8371884913280676,8
BL6-BALBc_HTxB,0.645,1.0,AV16/DV11-CAMREGNTGYQNFYF-AJ49_BV13-2-CASGRGAGNTLYF-BJ1-3,0.8224353705733771,9
BL6-BALBc_HTxB,0.64,1.0,AV13D-3-CAMRTNSAGNKLTF-AJ17*p02_BV13-2-CASGTTYEQYF-BJ2-7,0.9808002837125009,9
BL6-BALBc_HTxB,0.64,1.0,AV16D/DV11-CAMRENSGYNKLTF-AJ11*p02_BV13-2-CASGETGGREQYF-BJ2-7,0.7692864024760473,5
BL6-BALBc_HTxB,0.64,1.0,AV6-6-CALGDQANTDKVVF-AJ34*p03_BV14-CASSLGVNTEVFF-BJ1-1,0.9260940605911356,17
BL6-BALBc_HTxB,0.64,1.0,AV6D-4-CALVDDSGYNKLTF-AJ11*p02_BV4-CASSLTDEQYF-BJ2-7,0.9862723572896807,7
BL6-BALBc_HTxB,0.64,1.0,AV16D/DV11-CAMRDITGNTRKLIF-AJ37*p02_BV4-CASSYGAQYF-BJ2-7,0.9910347537876067,8
BL6-BALBc_HTxB,0.64,1.0,AV4-3-CAAHVNTGNYKYVF-AJ40_BV29-CASSLIRYAEQFF-BJ2-1,0.8964775474703407,5
BL6-BALBc_HTxB,0.64,1.0,AV3-3-CAVMPNYNVLYF-AJ21*p03_BV13-2-CASGDLGTDNNQAPLF-BJ1-5,0.9338022657076005,7
BL6-BALBc_HTxB,0.64,1.0,AV16/DV11-CAMREGNTGNYKYVF-AJ40_BV13-2-CASGGIYEQYF-BJ2-7,0.9911629066077647,8
BL6-BALBc_HTxB,0.64,1.0,AV16D/DV11-CAMREGDSNYQLIW-AJ33_BV13-2-CASGYRAPNSDYTF-BJ1-2,0.8200416117258571,8
BL6-BALBc_HTxB,0.64,1.0,AV6D-7-CALRYGGSGNKLIF-AJ32_BV3-CASSLGTGDTQYF-BJ2-5,0.9158565091419653,9
BL6-BALBc_HTxB,0.64,1.0,AV4-3-CAADYQGGSAKLIF-AJ57_BV2-CASSQERLLGGAETLYF-BJ2-3,0.8244932747102044,7
BL6-BALBc_HTxB,0.64,1.0,AV16/DV11-CAMRENTGANTGKLTF-AJ52_BV13-3-CASSSGGVKAEQFF-BJ2-1,0.9472347252782256,11
BL6-BALBc_HTxB,0.64,1.0,AV16D/DV11-CAMREDSGYNKLTF-AJ11*p02_BV13-2-CASGTTYEQYF-BJ2-7,0.9978117406063012,12
BL6-BALBc_HTxB,0.64,1.0,AV16D/DV11-CAMREANSAGNKLTF-AJ17*p02_BV13-1-CASSDVGGEQYF-BJ2-7,0.9948591390141921,5
BL6-BALBc_HTxB,0.64,1.0,AV15-1/DV6-1-CALWELASSNTDKVVF-AJ34*p03_BV3-CASSFGTGGYYEQYF-BJ2-7,0.9554482974411657,10
BL6-BALBc_HTxB,0.64,1.0,AV6-6-CALGSYTGGADRLTF-AJ45_BV13-1-CASSDRGANTGQLYF-BJ2-2,0.6493184999094508,5
BL6-BALBc_HTxB,0.64,1.0,AV13D-1-CAMANTGNYKYVF-AJ40_BV13-2-CASGGIYEQYF-BJ2-7,0.9852423896430225,8
BL6-BALBc_HTxB,0.64,1.0,AV15-2/DV6-2-CALSELPGSNAKLTF-AJ42_BV13-2-CASGRGAGNTLYF-BJ1-3,0.8371884913280676,8
BL6-BALBc_HTxB,0.64,1.0,AV16/DV11-CAMREGNTGYQNFYF-AJ49_BV13-2-CASGRGAGNTLYF-BJ1-3,0.8224353705733771,9
BL6-BALBc_HTxB,0.635,0.2599999999999909,AV13D-3-CAMRTNSAGNKLTF-AJ17*p02_BV13-2-CASGTTYEQYF-BJ2-7,0.9690289387735511,5
BL6-BALBc_HTxB,0.635,0.2599999999999909,AV6-6-CALGDQANTDKVVF-AJ34*p03_BV14-CASSLGVNTEVFF-BJ1-1,0.9415197335145967,15
BL6-BALBc_HTxB,0.635,0.2599999999999909,AV16D/DV11-CAMRDITGNTRKLIF-AJ37*p02_BV4-CASSYGAQYF-BJ2-7,0.9906165924072554,7
BL6-BALBc_HTxB,0.635,0.2599999999999909,AV3-3-CAVMPNYNVLYF-AJ21*p03_BV13-2-CASGDLGTDNNQAPLF-BJ1-5,0.9139178127226613,5
BL6-BALBc_HTxB,0.635,0.2599999999999909,AV16/DV11-CAMREGNTGNYKYVF-AJ40_BV13-2-CASGGIYEQYF-BJ2-7,0.990633383059099,5
BL6-BALBc_HTxB,0.635,0.2599999999999909,AV16D/DV11-CAMREGDSNYQLIW-AJ33_BV13-2-CASGYRAPNSDYTF-BJ1-2,0.9256441305137615,5
BL6-BALBc_HTxB,0.635,0.2599999999999909,AV6D-7-CALRYGGSGNKLIF-AJ32_BV3-CASSLGTGDTQYF-BJ2-5,0.9084932682385817,8
BL6-BALBc_HTxB,0.635,0.2599999999999909,AV16/DV11-CAMRENTGANTGKLTF-AJ52_BV13-3-CASSSGGVKAEQFF-BJ2-1,0.946085477819259,9
BL6-BALBc_HTxB,0.635,0.2599999999999909,AV16D/DV11-CAMREDSGYNKLTF-AJ11*p02_BV13-2-CASGTTYEQYF-BJ2-7,0.9977847626182039,11
BL6-BALBc_HTxB,0.635,0.2599999999999909,AV15-1/DV6-1-CALWELASSNTDKVVF-AJ34*p03_BV3-CASSFGTGGYYEQYF-BJ2-7,0.954214227845549,8
BL6-BALBc_HTxB,0.635,0.2599999999999909,AV15-2/DV6-2-CALSELPGSNAKLTF-AJ42_BV13-2-CASGRGAGNTLYF-BJ1-3,0.8224200906220508,6
BL6-BALBc_HTxB,0.635,0.2599999999999909,AV16/DV11-CAMREGNTGYQNFYF-AJ49_BV13-2-CASGRGAGNTLYF-BJ1-3,0.8224353705733771,9
BL6-BALBc_HTxB,0.63,0.0,AV13D-3-CAMRTNSAGNKLTF-AJ17*p02_BV13-2-CASGTTYEQYF-BJ2-7,0.9690289387735511,5
BL6-BALBc_HTxB,0.63,0.0,AV6-6-CALGDQANTDKVVF-AJ34*p03_BV14-CASSLGVNTEVFF-BJ1-1,0.9415197335145967,15
BL6-BALBc_HTxB,0.63,0.0,AV16D/DV11-CAMRDITGNTRKLIF-AJ37*p02_BV4-CASSYGAQYF-BJ2-7,0.9906165924072554,7
BL6-BALBc_HTxB,0.63,0.0,AV3-3-CAVMPNYNVLYF-AJ21*p03_BV13-2-CASGDLGTDNNQAPLF-BJ1-5,0.9139178127226613,5
BL6-BALBc_HTxB,0.63,0.0,AV16/DV11-CAMREGNTGNYKYVF-AJ40_BV13-2-CASGGIYEQYF-BJ2-7,0.990633383059099,5
BL6-BALBc_HTxB,0.63,0.0,AV16D/DV11-CAMREGDSNYQLIW-AJ33_BV13-2-CASGYRAPNSDYTF-BJ1-2,0.9256441305137615,5
BL6-BALBc_HTxB,0.63,0.0,AV6D-7-CALRYGGSGNKLIF-AJ32_BV3-CASSLGTGDTQYF-BJ2-5,0.9084932682385817,8
BL6-BALBc_HTxB,0.63,0.0,AV16/DV11-CAMRENTGANTGKLTF-AJ52_BV13-3-CASSSGGVKAEQFF-BJ2-1,0.946085477819259,9
BL6-BALBc_HTxB,0.63,0.0,AV16D/DV11-CAMREDSGYNKLTF-AJ11*p02_BV13-2-CASGTTYEQYF-BJ2-7,0.9977847626182039,11
BL6-BALBc_HTxB,0.63,0.0,AV15-1/DV6-1-CALWELASSNTDKVVF-AJ34*p03_BV3-CASSFGTGGYYEQYF-BJ2-7,0.954214227845549,8
BL6-BALBc_HTxB,0.63,0.0,AV15-2/DV6-2-CALSELPGSNAKLTF-AJ42_BV13-2-CASGRGAGNTLYF-BJ1-3,0.8224200906220508,6
BL6-BALBc_HTxB,0.63,0.0,AV16/DV11-CAMREGNTGYQNFYF-AJ49_BV13-2-CASGRGAGNTLYF-BJ1-3,0.8224353705733771,9
BL6-BALBc_HTxB,0.625,0.0,AV13D-3-CAMRTNSAGNKLTF-AJ17*p02_BV13-2-CASGTTYEQYF-BJ2-7,0.9690289387735511,5
BL6-BALBc_HTxB,0.625,0.0,AV6-6-CALGDQANTDKVVF-AJ34*p03_BV14-CASSLGVNTEVFF-BJ1-1,0.9415197335145967,15
BL6-BALBc_HTxB,0.625,0.0,AV16D/DV11-CAMRDITGNTRKLIF-AJ37*p02_BV4-CASSYGAQYF-BJ2-7,0.9906165924072554,7
BL6-BALBc_HTxB,0.625,0.0,AV3-3-CAVMPNYNVLYF-AJ21*p03_BV13-2-CASGDLGTDNNQAPLF-BJ1-5,0.9139178127226613,5
BL6-BALBc_HTxB,0.625,0.0,AV16/DV11-CAMREGNTGNYKYVF-AJ40_BV13-2-CASGGIYEQYF-BJ2-7,0.990633383059099,5
BL6-BALBc_HTxB,0.625,0.0,AV16D/DV11-CAMREGDSNYQLIW-AJ33_BV13-2-CASGYRAPNSDYTF-BJ1-2,0.9256441305137615,5
BL6-BALBc_HTxB,0.625,0.0,AV6D-7-CALRYGGSGNKLIF-AJ32_BV3-CASSLGTGDTQYF-BJ2-5,0.9084932682385817,8
BL6-BALBc_HTxB,0.625,0.0,AV16/DV11-CAMRENTGANTGKLTF-AJ52_BV13-3-CASSSGGVKAEQFF-BJ2-1,0.946085477819259,9
BL6-BALBc_HTxB,0.625,0.0,AV16D/DV11-CAMREDSGYNKLTF-AJ11*p02_BV13-2-CASGTTYEQYF-BJ2-7,0.9977847626182039,11
BL6-BALBc_HTxB,0.625,0.0,AV15-1/DV6-1-CALWELASSNTDKVVF-AJ34*p03_BV3-CASSFGTGGYYEQYF-BJ2-7,0.954214227845549,8
BL6-BALBc_HTxB,0.625,0.0,AV15-2/DV6-2-CALSELPGSNAKLTF-AJ42_BV13-2-CASGRGAGNTLYF-BJ1-3,0.8224200906220508,6
BL6-BALBc_HTxB,0.625,0.0,AV16/DV11-CAMREGNTGYQNFYF-AJ49_BV13-2-CASGRGAGNTLYF-BJ1-3,0.8224353705733771,9
BL6-BALBc_HTxB,0.62,0.0,AV13D-3-CAMRTNSAGNKLTF-AJ17*p02_BV13-2-CASGTTYEQYF-BJ2-7,0.9690289387735511,5
BL6-BALBc_HTxB,0.62,0.0,AV6-6-CALGDQANTDKVVF-AJ34*p03_BV14-CASSLGVNTEVFF-BJ1-1,0.9415197335145967,15
BL6-BALBc_HTxB,0.62,0.0,AV16D/DV11-CAMRDITGNTRKLIF-AJ37*p02_BV4-CASSYGAQYF-BJ2-7,0.9906165924072554,7
BL6-BALBc_HTxB,0.62,0.0,AV3-3-CAVMPNYNVLYF-AJ21*p03_BV13-2-CASGDLGTDNNQAPLF-BJ1-5,0.9139178127226613,5
BL6-BALBc_HTxB,0.62,0.0,AV16/DV11-CAMREGNTGNYKYVF-AJ40_BV13-2-CASGGIYEQYF-BJ2-7,0.990633383059099,5
BL6-BALBc_HTxB,0.62,0.0,AV16D/DV11-CAMREGDSNYQLIW-AJ33_BV13-2-CASGYRAPNSDYTF-BJ1-2,0.9256441305137615,5
BL6-BALBc_HTxB,0.62,0.0,AV6D-7-CALRYGGSGNKLIF-AJ32_BV3-CASSLGTGDTQYF-BJ2-5,0.9084932682385817,8
BL6-BALBc_HTxB,0.62,0.0,AV16/DV11-CAMRENTGANTGKLTF-AJ52_BV13-3-CASSSGGVKAEQFF-BJ2-1,0.946085477819259,9
BL6-BALBc_HTxB,0.62,0.0,AV16D/DV11-CAMREDSGYNKLTF-AJ11*p02_BV13-2-CASGTTYEQYF-BJ2-7,0.9977847626182039,11
BL6-BALBc_HTxB,0.62,0.0,AV15-1/DV6-1-CALWELASSNTDKVVF-AJ34*p03_BV3-CASSFGTGGYYEQYF-BJ2-7,0.954214227845549,8
BL6-BALBc_HTxB,0.62,0.0,AV15-2/DV6-2-CALSELPGSNAKLTF-AJ42_BV13-2-CASGRGAGNTLYF-BJ1-3,0.8224200906220508,6
BL6-BALBc_HTxB,0.62,0.0,AV16/DV11-CAMREGNTGYQNFYF-AJ49_BV13-2-CASGRGAGNTLYF-BJ1-3,0.8224353705733771,9
BL6-BALBc_HTxB,0.615,0.0,AV13D-3-CAMRTNSAGNKLTF-AJ17*p02_BV13-2-CASGTTYEQYF-BJ2-7,0.9690289387735511,5
BL6-BALBc_HTxB,0.615,0.0,AV6-6-CALGDQANTDKVVF-AJ34*p03_BV14-CASSLGVNTEVFF-BJ1-1,0.9415197335145967,15
BL6-BALBc_HTxB,0.615,0.0,AV16D/DV11-CAMRDITGNTRKLIF-AJ37*p02_BV4-CASSYGAQYF-BJ2-7,0.9906165924072554,7
BL6-BALBc_HTxB,0.615,0.0,AV3-3-CAVMPNYNVLYF-AJ21*p03_BV13-2-CASGDLGTDNNQAPLF-BJ1-5,0.9139178127226613,5
BL6-BALBc_HTxB,0.615,0.0,AV16/DV11-CAMREGNTGNYKYVF-AJ40_BV13-2-CASGGIYEQYF-BJ2-7,0.990633383059099,5
BL6-BALBc_HTxB,0.615,0.0,AV16D/DV11-CAMREGDSNYQLIW-AJ33_BV13-2-CASGYRAPNSDYTF-BJ1-2,0.9256441305137615,5
BL6-BALBc_HTxB,0.615,0.0,AV6D-7-CALRYGGSGNKLIF-AJ32_BV3-CASSLGTGDTQYF-BJ2-5,0.9084932682385817,8
BL6-BALBc_HTxB,0.615,0.0,AV16/DV11-CAMRENTGANTGKLTF-AJ52_BV13-3-CASSSGGVKAEQFF-BJ2-1,0.946085477819259,9
BL6-BALBc_HTxB,0.615,0.0,AV16D/DV11-CAMREDSGYNKLTF-AJ11*p02_BV13-2-CASGTTYEQYF-BJ2-7,0.9977847626182039,11
BL6-BALBc_HTxB,0.615,0.0,AV15-1/DV6-1-CALWELASSNTDKVVF-AJ34*p03_BV3-CASSFGTGGYYEQYF-BJ2-7,0.954214227845549,8
BL6-BALBc_HTxB,0.615,0.0,AV15-2/DV6-2-CALSELPGSNAKLTF-AJ42_BV13-2-CASGRGAGNTLYF-BJ1-3,0.8224200906220508,6
BL6-BALBc_HTxB,0.615,0.0,AV16/DV11-CAMREGNTGYQNFYF-AJ49_BV13-2-CASGRGAGNTLYF-BJ1-3,0.8224353705733771,9
BL6-BALBc_HTxB,0.61,0.0,AV13D-3-CAMRTNSAGNKLTF-AJ17*p02_BV13-2-CASGTTYEQYF-BJ2-7,0.9690289387735511,5
BL6-BALBc_HTxB,0.61,0.0,AV6-6-CALGDQANTDKVVF-AJ34*p03_BV14-CASSLGVNTEVFF-BJ1-1,0.9415197335145967,15
BL6-BALBc_HTxB,0.61,0.0,AV16D/DV11-CAMRDITGNTRKLIF-AJ37*p02_BV4-CASSYGAQYF-BJ2-7,0.9906165924072554,7
BL6-BALBc_HTxB,0.61,0.0,AV3-3-CAVMPNYNVLYF-AJ21*p03_BV13-2-CASGDLGTDNNQAPLF-BJ1-5,0.9139178127226613,5
BL6-BALBc_HTxB,0.61,0.0,AV16/DV11-CAMREGNTGNYKYVF-AJ40_BV13-2-CASGGIYEQYF-BJ2-7,0.990633383059099,5
BL6-BALBc_HTxB,0.61,0.0,AV16D/DV11-CAMREGDSNYQLIW-AJ33_BV13-2-CASGYRAPNSDYTF-BJ1-2,0.9256441305137615,5
BL6-BALBc_HTxB,0.61,0.0,AV6D-7-CALRYGGSGNKLIF-AJ32_BV3-CASSLGTGDTQYF-BJ2-5,0.9084932682385817,8
BL6-BALBc_HTxB,0.61,0.0,AV16/DV11-CAMRENTGANTGKLTF-AJ52_BV13-3-CASSSGGVKAEQFF-BJ2-1,0.946085477819259,9
BL6-BALBc_HTxB,0.61,0.0,AV16D/DV11-CAMREDSGYNKLTF-AJ11*p02_BV13-2-CASGTTYEQYF-BJ2-7,0.9977847626182039,11
BL6-BALBc_HTxB,0.61,0.0,AV15-1/DV6-1-CALWELASSNTDKVVF-AJ34*p03_BV3-CASSFGTGGYYEQYF-BJ2-7,0.954214227845549,8
BL6-BALBc_HTxB,0.61,0.0,AV15-2/DV6-2-CALSELPGSNAKLTF-AJ42_BV13-2-CASGRGAGNTLYF-BJ1-3,0.8224200906220508,6
BL6-BALBc_HTxB,0.61,0.0,AV16/DV11-CAMREGNTGYQNFYF-AJ49_BV13-2-CASGRGAGNTLYF-BJ1-3,0.8224353705733771,9
BL6-BALBc_HTxB,0.605,0.0,AV13D-3-CAMRTNSAGNKLTF-AJ17*p02_BV13-2-CASGTTYEQYF-BJ2-7,0.9690289387735511,5
BL6-BALBc_HTxB,0.605,0.0,AV6-6-CALGDQANTDKVVF-AJ34*p03_BV14-CASSLGVNTEVFF-BJ1-1,0.9415197335145967,15
BL6-BALBc_HTxB,0.605,0.0,AV16D/DV11-CAMRDITGNTRKLIF-AJ37*p02_BV4-CASSYGAQYF-BJ2-7,0.9906165924072554,7
BL6-BALBc_HTxB,0.605,0.0,AV3-3-CAVMPNYNVLYF-AJ21*p03_BV13-2-CASGDLGTDNNQAPLF-BJ1-5,0.9139178127226613,5
BL6-BALBc_HTxB,0.605,0.0,AV16/DV11-CAMREGNTGNYKYVF-AJ40_BV13-2-CASGGIYEQYF-BJ2-7,0.990633383059099,5
BL6-BALBc_HTxB,0.605,0.0,AV16D/DV11-CAMREGDSNYQLIW-AJ33_BV13-2-CASGYRAPNSDYTF-BJ1-2,0.9256441305137615,5
BL6-BALBc_HTxB,0.605,0.0,AV6D-7-CALRYGGSGNKLIF-AJ32_BV3-CASSLGTGDTQYF-BJ2-5,0.9084932682385817,8
BL6-BALBc_HTxB,0.605,0.0,AV16/DV11-CAMRENTGANTGKLTF-AJ52_BV13-3-CASSSGGVKAEQFF-BJ2-1,0.946085477819259,9
BL6-BALBc_HTxB,0.605,0.0,AV16D/DV11-CAMREDSGYNKLTF-AJ11*p02_BV13-2-CASGTTYEQYF-BJ2-7,0.9977847626182039,11
BL6-BALBc_HTxB,0.605,0.0,AV15-1/DV6-1-CALWELASSNTDKVVF-AJ34*p03_BV3-CASSFGTGGYYEQYF-BJ2-7,0.954214227845549,8
BL6-BALBc_HTxB,0.605,0.0,AV15-2/DV6-2-CALSELPGSNAKLTF-AJ42_BV13-2-CASGRGAGNTLYF-BJ1-3,0.8224200906220508,6
BL6-BALBc_HTxB,0.605,0.0,AV16/DV11-CAMREGNTGYQNFYF-AJ49_BV13-2-CASGRGAGNTLYF-BJ1-3,0.8224353705733771,9
BL6-BALBc_HTxB,0.6,0.0,AV13D-3-CAMRTNSAGNKLTF-AJ17*p02_BV13-2-CASGTTYEQYF-BJ2-7,0.9690289387735511,5
BL6-BALBc_HTxB,0.6,0.0,AV6-6-CALGDQANTDKVVF-AJ34*p03_BV14-CASSLGVNTEVFF-BJ1-1,0.9415197335145967,15
BL6-BALBc_HTxB,0.6,0.0,AV16D/DV11-CAMRDITGNTRKLIF-AJ37*p02_BV4-CASSYGAQYF-BJ2-7,0.9906165924072554,7
BL6-BALBc_HTxB,0.6,0.0,AV3-3-CAVMPNYNVLYF-AJ21*p03_BV13-2-CASGDLGTDNNQAPLF-BJ1-5,0.9139178127226613,5
BL6-BALBc_HTxB,0.6,0.0,AV16/DV11-CAMREGNTGNYKYVF-AJ40_BV13-2-CASGGIYEQYF-BJ2-7,0.990633383059099,5
BL6-BALBc_HTxB,0.6,0.0,AV16D/DV11-CAMREGDSNYQLIW-AJ33_BV13-2-CASGYRAPNSDYTF-BJ1-2,0.9256441305137615,5
BL6-BALBc_HTxB,0.6,0.0,AV6D-7-CALRYGGSGNKLIF-AJ32_BV3-CASSLGTGDTQYF-BJ2-5,0.9084932682385817,8
BL6-BALBc_HTxB,0.6,0.0,AV16/DV11-CAMRENTGANTGKLTF-AJ52_BV13-3-CASSSGGVKAEQFF-BJ2-1,0.946085477819259,9
BL6-BALBc_HTxB,0.6,0.0,AV16D/DV11-CAMREDSGYNKLTF-AJ11*p02_BV13-2-CASGTTYEQYF-BJ2-7,0.9977847626182039,11
BL6-BALBc_HTxB,0.6,0.0,AV15-1/DV6-1-CALWELASSNTDKVVF-AJ34*p03_BV3-CASSFGTGGYYEQYF-BJ2-7,0.954214227845549,8
BL6-BALBc_HTxB,0.6,0.0,AV15-2/DV6-2-CALSELPGSNAKLTF-AJ42_BV13-2-CASGRGAGNTLYF-BJ1-3,0.8224200906220508,6
BL6-BALBc_HTxB,0.6,0.0,AV16/DV11-CAMREGNTGYQNFYF-AJ49_BV13-2-CASGRGAGNTLYF-BJ1-3,0.8224353705733771,9
BL6-BALBc_HTxB,0.595,0.0,AV13D-3-CAMRTNSAGNKLTF-AJ17*p02_BV13-2-CASGTTYEQYF-BJ2-7,0.9690289387735511,5
BL6-BALBc_HTxB,0.595,0.0,AV6-6-CALGDQANTDKVVF-AJ34*p03_BV14-CASSLGVNTEVFF-BJ1-1,0.9415197335145967,15
BL6-BALBc_HTxB,0.595,0.0,AV16D/DV11-CAMRDITGNTRKLIF-AJ37*p02_BV4-CASSYGAQYF-BJ2-7,0.9906165924072554,7
BL6-BALBc_HTxB,0.595,0.0,AV3-3-CAVMPNYNVLYF-AJ21*p03_BV13-2-CASGDLGTDNNQAPLF-BJ1-5,0.9139178127226613,5
BL6-BALBc_HTxB,0.595,0.0,AV16/DV11-CAMREGNTGNYKYVF-AJ40_BV13-2-CASGGIYEQYF-BJ2-7,0.990633383059099,5
BL6-BALBc_HTxB,0.595,0.0,AV16D/DV11-CAMREGDSNYQLIW-AJ33_BV13-2-CASGYRAPNSDYTF-BJ1-2,0.9256441305137615,5
BL6-BALBc_HTxB,0.595,0.0,AV6D-7-CALRYGGSGNKLIF-AJ32_BV3-CASSLGTGDTQYF-BJ2-5,0.9084932682385817,8
BL6-BALBc_HTxB,0.595,0.0,AV16/DV11-CAMRENTGANTGKLTF-AJ52_BV13-3-CASSSGGVKAEQFF-BJ2-1,0.946085477819259,9
BL6-BALBc_HTxB,0.595,0.0,AV16D/DV11-CAMREDSGYNKLTF-AJ11*p02_BV13-2-CASGTTYEQYF-BJ2-7,0.9977847626182039,11
BL6-BALBc_HTxB,0.595,0.0,AV15-1/DV6-1-CALWELASSNTDKVVF-AJ34*p03_BV3-CASSFGTGGYYEQYF-BJ2-7,0.954214227845549,8
BL6-BALBc_HTxB,0.595,0.0,AV15-2/DV6-2-CALSELPGSNAKLTF-AJ42_BV13-2-CASGRGAGNTLYF-BJ1-3,0.8224200906220508,6
BL6-BALBc_HTxB,0.595,0.0,AV16/DV11-CAMREGNTGYQNFYF-AJ49_BV13-2-CASGRGAGNTLYF-BJ1-3,0.8224353705733771,9
BL6-BALBc_HTxB,0.59,0.0,AV13D-3-CAMRTNSAGNKLTF-AJ17*p02_BV13-2-CASGTTYEQYF-BJ2-7,0.9690289387735511,5
BL6-BALBc_HTxB,0.59,0.0,AV6-6-CALGDQANTDKVVF-AJ34*p03_BV14-CASSLGVNTEVFF-BJ1-1,0.9415197335145967,15
BL6-BALBc_HTxB,0.59,0.0,AV16D/DV11-CAMRDITGNTRKLIF-AJ37*p02_BV4-CASSYGAQYF-BJ2-7,0.9906165924072554,7
BL6-BALBc_HTxB,0.59,0.0,AV3-3-CAVMPNYNVLYF-AJ21*p03_BV13-2-CASGDLGTDNNQAPLF-BJ1-5,0.9139178127226613,5
BL6-BALBc_HTxB,0.59,0.0,AV16/DV11-CAMREGNTGNYKYVF-AJ40_BV13-2-CASGGIYEQYF-BJ2-7,0.990633383059099,5
BL6-BALBc_HTxB,0.59,0.0,AV16D/DV11-CAMREGDSNYQLIW-AJ33_BV13-2-CASGYRAPNSDYTF-BJ1-2,0.9256441305137615,5
BL6-BALBc_HTxB,0.59,0.0,AV6D-7-CALRYGGSGNKLIF-AJ32_BV3-CASSLGTGDTQYF-BJ2-5,0.9084932682385817,8
BL6-BALBc_HTxB,0.59,0.0,AV16/DV11-CAMRENTGANTGKLTF-AJ52_BV13-3-CASSSGGVKAEQFF-BJ2-1,0.946085477819259,9
BL6-BALBc_HTxB,0.59,0.0,AV16D/DV11-CAMREDSGYNKLTF-AJ11*p02_BV13-2-CASGTTYEQYF-BJ2-7,0.9977847626182039,11
BL6-BALBc_HTxB,0.59,0.0,AV15-1/DV6-1-CALWELASSNTDKVVF-AJ34*p03_BV3-CASSFGTGGYYEQYF-BJ2-7,0.954214227845549,8
BL6-BALBc_HTxB,0.59,0.0,AV15-2/DV6-2-CALSELPGSNAKLTF-AJ42_BV13-2-CASGRGAGNTLYF-BJ1-3,0.8224200906220508,6
BL6-BALBc_HTxB,0.59,0.0,AV16/DV11-CAMREGNTGYQNFYF-AJ49_BV13-2-CASGRGAGNTLYF-BJ1-3,0.8224353705733771,9
BL6-BALBc_HTxB,0.585,0.0,AV13D-3-CAMRTNSAGNKLTF-AJ17*p02_BV13-2-CASGTTYEQYF-BJ2-7,0.9690289387735511,5
BL6-BALBc_HTxB,0.585,0.0,AV6-6-CALGDQANTDKVVF-AJ34*p03_BV14-CASSLGVNTEVFF-BJ1-1,0.9415197335145967,15
BL6-BALBc_HTxB,0.585,0.0,AV16D/DV11-CAMRDITGNTRKLIF-AJ37*p02_BV4-CASSYGAQYF-BJ2-7,0.9906165924072554,7
BL6-BALBc_HTxB,0.585,0.0,AV3-3-CAVMPNYNVLYF-AJ21*p03_BV13-2-CASGDLGTDNNQAPLF-BJ1-5,0.9139178127226613,5
BL6-BALBc_HTxB,0.585,0.0,AV16/DV11-CAMREGNTGNYKYVF-AJ40_BV13-2-CASGGIYEQYF-BJ2-7,0.990633383059099,5
BL6-BALBc_HTxB,0.585,0.0,AV16D/DV11-CAMREGDSNYQLIW-AJ33_BV13-2-CASGYRAPNSDYTF-BJ1-2,0.9256441305137615,5
BL6-BALBc_HTxB,0.585,0.0,AV6D-7-CALRYGGSGNKLIF-AJ32_BV3-CASSLGTGDTQYF-BJ2-5,0.9084932682385817,8
BL6-BALBc_HTxB,0.585,0.0,AV16/DV11-CAMRENTGANTGKLTF-AJ52_BV13-3-CASSSGGVKAEQFF-BJ2-1,0.946085477819259,9
BL6-BALBc_HTxB,0.585,0.0,AV16D/DV11-CAMREDSGYNKLTF-AJ11*p02_BV13-2-CASGTTYEQYF-BJ2-7,0.9977847626182039,11
BL6-BALBc_HTxB,0.585,0.0,AV15-1/DV6-1-CALWELASSNTDKVVF-AJ34*p03_BV3-CASSFGTGGYYEQYF-BJ2-7,0.954214227845549,8
BL6-BALBc_HTxB,0.585,0.0,AV15-2/DV6-2-CALSELPGSNAKLTF-AJ42_BV13-2-CASGRGAGNTLYF-BJ1-3,0.8224200906220508,6
BL6-BALBc_HTxB,0.585,0.0,AV16/DV11-CAMREGNTGYQNFYF-AJ49_BV13-2-CASGRGAGNTLYF-BJ1-3,0.8224353705733771,9
BL6-BALBc_HTxB,0.5800000000000001,0.0,AV13D-3-CAMRTNSAGNKLTF-AJ17*p02_BV13-2-CASGTTYEQYF-BJ2-7,0.9690289387735511,5
BL6-BALBc_HTxB,0.5800000000000001,0.0,AV6-6-CALGDQANTDKVVF-AJ34*p03_BV14-CASSLGVNTEVFF-BJ1-1,0.9415197335145967,15
BL6-BALBc_HTxB,0.5800000000000001,0.0,AV16D/DV11-CAMRDITGNTRKLIF-AJ37*p02_BV4-CASSYGAQYF-BJ2-7,0.9906165924072554,7
BL6-BALBc_HTxB,0.5800000000000001,0.0,AV3-3-CAVMPNYNVLYF-AJ21*p03_BV13-2-CASGDLGTDNNQAPLF-BJ1-5,0.9139178127226613,5
BL6-BALBc_HTxB,0.5800000000000001,0.0,AV16/DV11-CAMREGNTGNYKYVF-AJ40_BV13-2-CASGGIYEQYF-BJ2-7,0.990633383059099,5
BL6-BALBc_HTxB,0.5800000000000001,0.0,AV16D/DV11-CAMREGDSNYQLIW-AJ33_BV13-2-CASGYRAPNSDYTF-BJ1-2,0.9256441305137615,5
BL6-BALBc_HTxB,0.5800000000000001,0.0,AV6D-7-CALRYGGSGNKLIF-AJ32_BV3-CASSLGTGDTQYF-BJ2-5,0.9084932682385817,8
BL6-BALBc_HTxB,0.5800000000000001,0.0,AV16/DV11-CAMRENTGANTGKLTF-AJ52_BV13-3-CASSSGGVKAEQFF-BJ2-1,0.946085477819259,9
BL6-BALBc_HTxB,0.5800000000000001,0.0,AV16D/DV11-CAMREDSGYNKLTF-AJ11*p02_BV13-2-CASGTTYEQYF-BJ2-7,0.9977847626182039,11
BL6-BALBc_HTxB,0.5800000000000001,0.0,AV15-1/DV6-1-CALWELASSNTDKVVF-AJ34*p03_BV3-CASSFGTGGYYEQYF-BJ2-7,0.954214227845549,8
BL6-BALBc_HTxB,0.5800000000000001,0.0,AV15-2/DV6-2-CALSELPGSNAKLTF-AJ42_BV13-2-CASGRGAGNTLYF-BJ1-3,0.8224200906220508,6
BL6-BALBc_HTxB,0.5800000000000001,0.0,AV16/DV11-CAMREGNTGYQNFYF-AJ49_BV13-2-CASGRGAGNTLYF-BJ1-3,0.8224353705733771,9
BL6-BALBc_HTxB,0.575,0.0,AV13D-3-CAMRTNSAGNKLTF-AJ17*p02_BV13-2-CASGTTYEQYF-BJ2-7,0.9690289387735511,5
BL6-BALBc_HTxB,0.575,0.0,AV6-6-CALGDQANTDKVVF-AJ34*p03_BV14-CASSLGVNTEVFF-BJ1-1,0.9415197335145967,15
BL6-BALBc_HTxB,0.575,0.0,AV16D/DV11-CAMRDITGNTRKLIF-AJ37*p02_BV4-CASSYGAQYF-BJ2-7,0.9906165924072554,7
BL6-BALBc_HTxB,0.575,0.0,AV3-3-CAVMPNYNVLYF-AJ21*p03_BV13-2-CASGDLGTDNNQAPLF-BJ1-5,0.9139178127226613,5
BL6-BALBc_HTxB,0.575,0.0,AV16/DV11-CAMREGNTGNYKYVF-AJ40_BV13-2-CASGGIYEQYF-BJ2-7,0.990633383059099,5
BL6-BALBc_HTxB,0.575,0.0,AV16D/DV11-CAMREGDSNYQLIW-AJ33_BV13-2-CASGYRAPNSDYTF-BJ1-2,0.9256441305137615,5
BL6-BALBc_HTxB,0.575,0.0,AV6D-7-CALRYGGSGNKLIF-AJ32_BV3-CASSLGTGDTQYF-BJ2-5,0.9084932682385817,8
BL6-BALBc_HTxB,0.575,0.0,AV16/DV11-CAMRENTGANTGKLTF-AJ52_BV13-3-CASSSGGVKAEQFF-BJ2-1,0.946085477819259,9
BL6-BALBc_HTxB,0.575,0.0,AV16D/DV11-CAMREDSGYNKLTF-AJ11*p02_BV13-2-CASGTTYEQYF-BJ2-7,0.9977847626182039,11
BL6-BALBc_HTxB,0.575,0.0,AV15-1/DV6-1-CALWELASSNTDKVVF-AJ34*p03_BV3-CASSFGTGGYYEQYF-BJ2-7,0.954214227845549,8
BL6-BALBc_HTxB,0.575,0.0,AV15-2/DV6-2-CALSELPGSNAKLTF-AJ42_BV13-2-CASGRGAGNTLYF-BJ1-3,0.8224200906220508,6
BL6-BALBc_HTxB,0.575,0.0,AV16/DV11-CAMREGNTGYQNFYF-AJ49_BV13-2-CASGRGAGNTLYF-BJ1-3,0.8224353705733771,9
BL6-BALBc_HTxB,0.5700000000000001,0.0,AV13D-3-CAMRTNSAGNKLTF-AJ17*p02_BV13-2-CASGTTYEQYF-BJ2-7,0.9690289387735511,5
BL6-BALBc_HTxB,0.5700000000000001,0.0,AV6-6-CALGDQANTDKVVF-AJ34*p03_BV14-CASSLGVNTEVFF-BJ1-1,0.9415197335145967,15
BL6-BALBc_HTxB,0.5700000000000001,0.0,AV16D/DV11-CAMRDITGNTRKLIF-AJ37*p02_BV4-CASSYGAQYF-BJ2-7,0.9906165924072554,7
BL6-BALBc_HTxB,0.5700000000000001,0.0,AV3-3-CAVMPNYNVLYF-AJ21*p03_BV13-2-CASGDLGTDNNQAPLF-BJ1-5,0.9139178127226613,5
BL6-BALBc_HTxB,0.5700000000000001,0.0,AV16/DV11-CAMREGNTGNYKYVF-AJ40_BV13-2-CASGGIYEQYF-BJ2-7,0.990633383059099,5
BL6-BALBc_HTxB,0.5700000000000001,0.0,AV16D/DV11-CAMREGDSNYQLIW-AJ33_BV13-2-CASGYRAPNSDYTF-BJ1-2,0.9256441305137615,5
BL6-BALBc_HTxB,0.5700000000000001,0.0,AV6D-7-CALRYGGSGNKLIF-AJ32_BV3-CASSLGTGDTQYF-BJ2-5,0.9084932682385817,8
BL6-BALBc_HTxB,0.5700000000000001,0.0,AV16/DV11-CAMRENTGANTGKLTF-AJ52_BV13-3-CASSSGGVKAEQFF-BJ2-1,0.946085477819259,9
BL6-BALBc_HTxB,0.5700000000000001,0.0,AV16D/DV11-CAMREDSGYNKLTF-AJ11*p02_BV13-2-CASGTTYEQYF-BJ2-7,0.9977847626182039,11
BL6-BALBc_HTxB,0.5700000000000001,0.0,AV15-1/DV6-1-CALWELASSNTDKVVF-AJ34*p03_BV3-CASSFGTGGYYEQYF-BJ2-7,0.954214227845549,8
BL6-BALBc_HTxB,0.5700000000000001,0.0,AV15-2/DV6-2-CALSELPGSNAKLTF-AJ42_BV13-2-CASGRGAGNTLYF-BJ1-3,0.8224200906220508,6
BL6-BALBc_HTxB,0.5700000000000001,0.0,AV16/DV11-CAMREGNTGYQNFYF-AJ49_BV13-2-CASGRGAGNTLYF-BJ1-3,0.8224353705733771,9
BL6-BALBc_HTxB,0.565,0.0,AV13D-3-CAMRTNSAGNKLTF-AJ17*p02_BV13-2-CASGTTYEQYF-BJ2-7,0.9690289387735511,5
BL6-BALBc_HTxB,0.565,0.0,AV6-6-CALGDQANTDKVVF-AJ34*p03_BV14-CASSLGVNTEVFF-BJ1-1,0.9415197335145967,15
BL6-BALBc_HTxB,0.565,0.0,AV16D/DV11-CAMRDITGNTRKLIF-AJ37*p02_BV4-CASSYGAQYF-BJ2-7,0.9906165924072554,7
BL6-BALBc_HTxB,0.565,0.0,AV3-3-CAVMPNYNVLYF-AJ21*p03_BV13-2-CASGDLGTDNNQAPLF-BJ1-5,0.9139178127226613,5
BL6-BALBc_HTxB,0.565,0.0,AV16/DV11-CAMREGNTGNYKYVF-AJ40_BV13-2-CASGGIYEQYF-BJ2-7,0.990633383059099,5
BL6-BALBc_HTxB,0.565,0.0,AV16D/DV11-CAMREGDSNYQLIW-AJ33_BV13-2-CASGYRAPNSDYTF-BJ1-2,0.9256441305137615,5
BL6-BALBc_HTxB,0.565,0.0,AV6D-7-CALRYGGSGNKLIF-AJ32_BV3-CASSLGTGDTQYF-BJ2-5,0.9084932682385817,8
BL6-BALBc_HTxB,0.565,0.0,AV16/DV11-CAMRENTGANTGKLTF-AJ52_BV13-3-CASSSGGVKAEQFF-BJ2-1,0.946085477819259,9
BL6-BALBc_HTxB,0.565,0.0,AV16D/DV11-CAMREDSGYNKLTF-AJ11*p02_BV13-2-CASGTTYEQYF-BJ2-7,0.9977847626182039,11
BL6-BALBc_HTxB,0.565,0.0,AV15-1/DV6-1-CALWELASSNTDKVVF-AJ34*p03_BV3-CASSFGTGGYYEQYF-BJ2-7,0.954214227845549,8
BL6-BALBc_HTxB,0.565,0.0,AV15-2/DV6-2-CALSELPGSNAKLTF-AJ42_BV13-2-CASGRGAGNTLYF-BJ1-3,0.8224200906220508,6
BL6-BALBc_HTxB,0.565,0.0,AV16/DV11-CAMREGNTGYQNFYF-AJ49_BV13-2-CASGRGAGNTLYF-BJ1-3,0.8224353705733771,9
BL6-BALBc_HTxB,0.56,0.0,AV13D-3-CAMRTNSAGNKLTF-AJ17*p02_BV13-2-CASGTTYEQYF-BJ2-7,0.9690289387735511,5
BL6-BALBc_HTxB,0.56,0.0,AV6-6-CALGDQANTDKVVF-AJ34*p03_BV14-CASSLGVNTEVFF-BJ1-1,0.9415197335145967,15
BL6-BALBc_HTxB,0.56,0.0,AV16D/DV11-CAMRDITGNTRKLIF-AJ37*p02_BV4-CASSYGAQYF-BJ2-7,0.9906165924072554,7
BL6-BALBc_HTxB,0.56,0.0,AV3-3-CAVMPNYNVLYF-AJ21*p03_BV13-2-CASGDLGTDNNQAPLF-BJ1-5,0.9139178127226613,5
BL6-BALBc_HTxB,0.56,0.0,AV16/DV11-CAMREGNTGNYKYVF-AJ40_BV13-2-CASGGIYEQYF-BJ2-7,0.990633383059099,5
BL6-BALBc_HTxB,0.56,0.0,AV16D/DV11-CAMREGDSNYQLIW-AJ33_BV13-2-CASGYRAPNSDYTF-BJ1-2,0.9256441305137615,5
BL6-BALBc_HTxB,0.56,0.0,AV6D-7-CALRYGGSGNKLIF-AJ32_BV3-CASSLGTGDTQYF-BJ2-5,0.9084932682385817,8
BL6-BALBc_HTxB,0.56,0.0,AV16/DV11-CAMRENTGANTGKLTF-AJ52_BV13-3-CASSSGGVKAEQFF-BJ2-1,0.946085477819259,9
BL6-BALBc_HTxB,0.56,0.0,AV16D/DV11-CAMREDSGYNKLTF-AJ11*p02_BV13-2-CASGTTYEQYF-BJ2-7,0.9977847626182039,11
BL6-BALBc_HTxB,0.56,0.0,AV15-1/DV6-1-CALWELASSNTDKVVF-AJ34*p03_BV3-CASSFGTGGYYEQYF-BJ2-7,0.954214227845549,8
BL6-BALBc_HTxB,0.56,0.0,AV15-2/DV6-2-CALSELPGSNAKLTF-AJ42_BV13-2-CASGRGAGNTLYF-BJ1-3,0.8224200906220508,6
BL6-BALBc_HTxB,0.56,0.0,AV16/DV11-CAMREGNTGYQNFYF-AJ49_BV13-2-CASGRGAGNTLYF-BJ1-3,0.8224353705733771,9
BL6-BALBc_HTxB,0.5549999999999999,0.0,AV13D-3-CAMRTNSAGNKLTF-AJ17*p02_BV13-2-CASGTTYEQYF-BJ2-7,0.9690289387735511,5
BL6-BALBc_HTxB,0.5549999999999999,0.0,AV6-6-CALGDQANTDKVVF-AJ34*p03_BV14-CASSLGVNTEVFF-BJ1-1,0.9415197335145967,15
BL6-BALBc_HTxB,0.5549999999999999,0.0,AV16D/DV11-CAMRDITGNTRKLIF-AJ37*p02_BV4-CASSYGAQYF-BJ2-7,0.9906165924072554,7
BL6-BALBc_HTxB,0.5549999999999999,0.0,AV3-3-CAVMPNYNVLYF-AJ21*p03_BV13-2-CASGDLGTDNNQAPLF-BJ1-5,0.9139178127226613,5
BL6-BALBc_HTxB,0.5549999999999999,0.0,AV16/DV11-CAMREGNTGNYKYVF-AJ40_BV13-2-CASGGIYEQYF-BJ2-7,0.990633383059099,5
BL6-BALBc_HTxB,0.5549999999999999,0.0,AV16D/DV11-CAMREGDSNYQLIW-AJ33_BV13-2-CASGYRAPNSDYTF-BJ1-2,0.9256441305137615,5
BL6-BALBc_HTxB,0.5549999999999999,0.0,AV6D-7-CALRYGGSGNKLIF-AJ32_BV3-CASSLGTGDTQYF-BJ2-5,0.9084932682385817,8
BL6-BALBc_HTxB,0.5549999999999999,0.0,AV16/DV11-CAMRENTGANTGKLTF-AJ52_BV13-3-CASSSGGVKAEQFF-BJ2-1,0.946085477819259,9
BL6-BALBc_HTxB,0.5549999999999999,0.0,AV16D/DV11-CAMREDSGYNKLTF-AJ11*p02_BV13-2-CASGTTYEQYF-BJ2-7,0.9977847626182039,11
BL6-BALBc_HTxB,0.5549999999999999,0.0,AV15-1/DV6-1-CALWELASSNTDKVVF-AJ34*p03_BV3-CASSFGTGGYYEQYF-BJ2-7,0.954214227845549,8
BL6-BALBc_HTxB,0.5549999999999999,0.0,AV15-2/DV6-2-CALSELPGSNAKLTF-AJ42_BV13-2-CASGRGAGNTLYF-BJ1-3,0.8224200906220508,6
BL6-BALBc_HTxB,0.5549999999999999,0.0,AV16/DV11-CAMREGNTGYQNFYF-AJ49_BV13-2-CASGRGAGNTLYF-BJ1-3,0.8224353705733771,9
BL6-BALBc_HTxB,0.55,0.0,AV13D-3-CAMRTNSAGNKLTF-AJ17*p02_BV13-2-CASGTTYEQYF-BJ2-7,0.9690289387735511,5
BL6-BALBc_HTxB,0.55,0.0,AV6-6-CALGDQANTDKVVF-AJ34*p03_BV14-CASSLGVNTEVFF-BJ1-1,0.9415197335145967,15
BL6-BALBc_HTxB,0.55,0.0,AV16D/DV11-CAMRDITGNTRKLIF-AJ37*p02_BV4-CASSYGAQYF-BJ2-7,0.9906165924072554,7
BL6-BALBc_HTxB,0.55,0.0,AV3-3-CAVMPNYNVLYF-AJ21*p03_BV13-2-CASGDLGTDNNQAPLF-BJ1-5,0.9139178127226613,5
BL6-BALBc_HTxB,0.55,0.0,AV16/DV11-CAMREGNTGNYKYVF-AJ40_BV13-2-CASGGIYEQYF-BJ2-7,0.990633383059099,5
BL6-BALBc_HTxB,0.55,0.0,AV16D/DV11-CAMREGDSNYQLIW-AJ33_BV13-2-CASGYRAPNSDYTF-BJ1-2,0.9256441305137615,5
BL6-BALBc_HTxB,0.55,0.0,AV6D-7-CALRYGGSGNKLIF-AJ32_BV3-CASSLGTGDTQYF-BJ2-5,0.9084932682385817,8
BL6-BALBc_HTxB,0.55,0.0,AV16/DV11-CAMRENTGANTGKLTF-AJ52_BV13-3-CASSSGGVKAEQFF-BJ2-1,0.946085477819259,9
BL6-BALBc_HTxB,0.55,0.0,AV16D/DV11-CAMREDSGYNKLTF-AJ11*p02_BV13-2-CASGTTYEQYF-BJ2-7,0.9977847626182039,11
BL6-BALBc_HTxB,0.55,0.0,AV15-1/DV6-1-CALWELASSNTDKVVF-AJ34*p03_BV3-CASSFGTGGYYEQYF-BJ2-7,0.954214227845549,8
BL6-BALBc_HTxB,0.55,0.0,AV15-2/DV6-2-CALSELPGSNAKLTF-AJ42_BV13-2-CASGRGAGNTLYF-BJ1-3,0.8224200906220508,6
BL6-BALBc_HTxB,0.55,0.0,AV16/DV11-CAMREGNTGYQNFYF-AJ49_BV13-2-CASGRGAGNTLYF-BJ1-3,0.8224353705733771,9
BL6-BALBc_HTxB,0.5449999999999999,0.0,AV13D-3-CAMRTNSAGNKLTF-AJ17*p02_BV13-2-CASGTTYEQYF-BJ2-7,0.9690289387735511,5
BL6-BALBc_HTxB,0.5449999999999999,0.0,AV6-6-CALGDQANTDKVVF-AJ34*p03_BV14-CASSLGVNTEVFF-BJ1-1,0.9415197335145967,15
BL6-BALBc_HTxB,0.5449999999999999,0.0,AV16D/DV11-CAMRDITGNTRKLIF-AJ37*p02_BV4-CASSYGAQYF-BJ2-7,0.9906165924072554,7
BL6-BALBc_HTxB,0.5449999999999999,0.0,AV3-3-CAVMPNYNVLYF-AJ21*p03_BV13-2-CASGDLGTDNNQAPLF-BJ1-5,0.9139178127226613,5
BL6-BALBc_HTxB,0.5449999999999999,0.0,AV16/DV11-CAMREGNTGNYKYVF-AJ40_BV13-2-CASGGIYEQYF-BJ2-7,0.990633383059099,5
BL6-BALBc_HTxB,0.5449999999999999,0.0,AV16D/DV11-CAMREGDSNYQLIW-AJ33_BV13-2-CASGYRAPNSDYTF-BJ1-2,0.9256441305137615,5
BL6-BALBc_HTxB,0.5449999999999999,0.0,AV6D-7-CALRYGGSGNKLIF-AJ32_BV3-CASSLGTGDTQYF-BJ2-5,0.9084932682385817,8
BL6-BALBc_HTxB,0.5449999999999999,0.0,AV16/DV11-CAMRENTGANTGKLTF-AJ52_BV13-3-CASSSGGVKAEQFF-BJ2-1,0.946085477819259,9
BL6-BALBc_HTxB,0.5449999999999999,0.0,AV16D/DV11-CAMREDSGYNKLTF-AJ11*p02_BV13-2-CASGTTYEQYF-BJ2-7,0.9977847626182039,11
BL6-BALBc_HTxB,0.5449999999999999,0.0,AV15-1/DV6-1-CALWELASSNTDKVVF-AJ34*p03_BV3-CASSFGTGGYYEQYF-BJ2-7,0.954214227845549,8
BL6-BALBc_HTxB,0.5449999999999999,0.0,AV15-2/DV6-2-CALSELPGSNAKLTF-AJ42_BV13-2-CASGRGAGNTLYF-BJ1-3,0.8224200906220508,6
BL6-BALBc_HTxB,0.5449999999999999,0.0,AV16/DV11-CAMREGNTGYQNFYF-AJ49_BV13-2-CASGRGAGNTLYF-BJ1-3,0.8224353705733771,9
BL6-BALBc_HTxB,0.54,0.0,AV13D-3-CAMRTNSAGNKLTF-AJ17*p02_BV13-2-CASGTTYEQYF-BJ2-7,0.9690289387735511,5
BL6-BALBc_HTxB,0.54,0.0,AV6-6-CALGDQANTDKVVF-AJ34*p03_BV14-CASSLGVNTEVFF-BJ1-1,0.9415197335145967,15
BL6-BALBc_HTxB,0.54,0.0,AV16D/DV11-CAMRDITGNTRKLIF-AJ37*p02_BV4-CASSYGAQYF-BJ2-7,0.9906165924072554,7
BL6-BALBc_HTxB,0.54,0.0,AV3-3-CAVMPNYNVLYF-AJ21*p03_BV13-2-CASGDLGTDNNQAPLF-BJ1-5,0.9139178127226613,5
BL6-BALBc_HTxB,0.54,0.0,AV16/DV11-CAMREGNTGNYKYVF-AJ40_BV13-2-CASGGIYEQYF-BJ2-7,0.990633383059099,5
BL6-BALBc_HTxB,0.54,0.0,AV16D/DV11-CAMREGDSNYQLIW-AJ33_BV13-2-CASGYRAPNSDYTF-BJ1-2,0.9256441305137615,5
BL6-BALBc_HTxB,0.54,0.0,AV6D-7-CALRYGGSGNKLIF-AJ32_BV3-CASSLGTGDTQYF-BJ2-5,0.9084932682385817,8
BL6-BALBc_HTxB,0.54,0.0,AV16/DV11-CAMRENTGANTGKLTF-AJ52_BV13-3-CASSSGGVKAEQFF-BJ2-1,0.946085477819259,9
BL6-BALBc_HTxB,0.54,0.0,AV16D/DV11-CAMREDSGYNKLTF-AJ11*p02_BV13-2-CASGTTYEQYF-BJ2-7,0.9977847626182039,11
BL6-BALBc_HTxB,0.54,0.0,AV15-1/DV6-1-CALWELASSNTDKVVF-AJ34*p03_BV3-CASSFGTGGYYEQYF-BJ2-7,0.954214227845549,8
BL6-BALBc_HTxB,0.54,0.0,AV15-2/DV6-2-CALSELPGSNAKLTF-AJ42_BV13-2-CASGRGAGNTLYF-BJ1-3,0.8224200906220508,6
BL6-BALBc_HTxB,0.54,0.0,AV16/DV11-CAMREGNTGYQNFYF-AJ49_BV13-2-CASGRGAGNTLYF-BJ1-3,0.8224353705733771,9
BL6-BALBc_HTxB,0.5349999999999999,0.0,AV13D-3-CAMRTNSAGNKLTF-AJ17*p02_BV13-2-CASGTTYEQYF-BJ2-7,0.9690289387735511,5
BL6-BALBc_HTxB,0.5349999999999999,0.0,AV6-6-CALGDQANTDKVVF-AJ34*p03_BV14-CASSLGVNTEVFF-BJ1-1,0.9415197335145967,15
BL6-BALBc_HTxB,0.5349999999999999,0.0,AV16D/DV11-CAMRDITGNTRKLIF-AJ37*p02_BV4-CASSYGAQYF-BJ2-7,0.9906165924072554,7
BL6-BALBc_HTxB,0.5349999999999999,0.0,AV3-3-CAVMPNYNVLYF-AJ21*p03_BV13-2-CASGDLGTDNNQAPLF-BJ1-5,0.9139178127226613,5
BL6-BALBc_HTxB,0.5349999999999999,0.0,AV16/DV11-CAMREGNTGNYKYVF-AJ40_BV13-2-CASGGIYEQYF-BJ2-7,0.990633383059099,5
BL6-BALBc_HTxB,0.5349999999999999,0.0,AV16D/DV11-CAMREGDSNYQLIW-AJ33_BV13-2-CASGYRAPNSDYTF-BJ1-2,0.9256441305137615,5
BL6-BALBc_HTxB,0.5349999999999999,0.0,AV6D-7-CALRYGGSGNKLIF-AJ32_BV3-CASSLGTGDTQYF-BJ2-5,0.9084932682385817,8
BL6-BALBc_HTxB,0.5349999999999999,0.0,AV16/DV11-CAMRENTGANTGKLTF-AJ52_BV13-3-CASSSGGVKAEQFF-BJ2-1,0.946085477819259,9
BL6-BALBc_HTxB,0.5349999999999999,0.0,AV16D/DV11-CAMREDSGYNKLTF-AJ11*p02_BV13-2-CASGTTYEQYF-BJ2-7,0.9977847626182039,11
BL6-BALBc_HTxB,0.5349999999999999,0.0,AV15-1/DV6-1-CALWELASSNTDKVVF-AJ34*p03_BV3-CASSFGTGGYYEQYF-BJ2-7,0.954214227845549,8
BL6-BALBc_HTxB,0.5349999999999999,0.0,AV15-2/DV6-2-CALSELPGSNAKLTF-AJ42_BV13-2-CASGRGAGNTLYF-BJ1-3,0.8224200906220508,6
BL6-BALBc_HTxB,0.5349999999999999,0.0,AV16/DV11-CAMREGNTGYQNFYF-AJ49_BV13-2-CASGRGAGNTLYF-BJ1-3,0.8224353705733771,9
BL6-BALBc_HTxB,0.53,0.0,AV13D-3-CAMRTNSAGNKLTF-AJ17*p02_BV13-2-CASGTTYEQYF-BJ2-7,0.9690289387735511,5
BL6-BALBc_HTxB,0.53,0.0,AV6-6-CALGDQANTDKVVF-AJ34*p03_BV14-CASSLGVNTEVFF-BJ1-1,0.9415197335145967,15
BL6-BALBc_HTxB,0.53,0.0,AV16D/DV11-CAMRDITGNTRKLIF-AJ37*p02_BV4-CASSYGAQYF-BJ2-7,0.9906165924072554,7
BL6-BALBc_HTxB,0.53,0.0,AV3-3-CAVMPNYNVLYF-AJ21*p03_BV13-2-CASGDLGTDNNQAPLF-BJ1-5,0.9139178127226613,5
BL6-BALBc_HTxB,0.53,0.0,AV16/DV11-CAMREGNTGNYKYVF-AJ40_BV13-2-CASGGIYEQYF-BJ2-7,0.990633383059099,5
BL6-BALBc_HTxB,0.53,0.0,AV16D/DV11-CAMREGDSNYQLIW-AJ33_BV13-2-CASGYRAPNSDYTF-BJ1-2,0.9256441305137615,5
BL6-BALBc_HTxB,0.53,0.0,AV6D-7-CALRYGGSGNKLIF-AJ32_BV3-CASSLGTGDTQYF-BJ2-5,0.9084932682385817,8
BL6-BALBc_HTxB,0.53,0.0,AV16/DV11-CAMRENTGANTGKLTF-AJ52_BV13-3-CASSSGGVKAEQFF-BJ2-1,0.946085477819259,9
BL6-BALBc_HTxB,0.53,0.0,AV16D/DV11-CAMREDSGYNKLTF-AJ11*p02_BV13-2-CASGTTYEQYF-BJ2-7,0.9977847626182039,11
BL6-BALBc_HTxB,0.53,0.0,AV15-1/DV6-1-CALWELASSNTDKVVF-AJ34*p03_BV3-CASSFGTGGYYEQYF-BJ2-7,0.954214227845549,8
BL6-BALBc_HTxB,0.53,0.0,AV15-2/DV6-2-CALSELPGSNAKLTF-AJ42_BV13-2-CASGRGAGNTLYF-BJ1-3,0.8224200906220508,6
BL6-BALBc_HTxB,0.53,0.0,AV16/DV11-CAMREGNTGYQNFYF-AJ49_BV13-2-CASGRGAGNTLYF-BJ1-3,0.8224353705733771,9
BL6-BALBc_HTxB,0.5249999999999999,0.0,AV13D-3-CAMRTNSAGNKLTF-AJ17*p02_BV13-2-CASGTTYEQYF-BJ2-7,0.9690289387735511,5
BL6-BALBc_HTxB,0.5249999999999999,0.0,AV6-6-CALGDQANTDKVVF-AJ34*p03_BV14-CASSLGVNTEVFF-BJ1-1,0.9415197335145967,15
BL6-BALBc_HTxB,0.5249999999999999,0.0,AV16D/DV11-CAMRDITGNTRKLIF-AJ37*p02_BV4-CASSYGAQYF-BJ2-7,0.9906165924072554,7
BL6-BALBc_HTxB,0.5249999999999999,0.0,AV3-3-CAVMPNYNVLYF-AJ21*p03_BV13-2-CASGDLGTDNNQAPLF-BJ1-5,0.9139178127226613,5
BL6-BALBc_HTxB,0.5249999999999999,0.0,AV16/DV11-CAMREGNTGNYKYVF-AJ40_BV13-2-CASGGIYEQYF-BJ2-7,0.990633383059099,5
BL6-BALBc_HTxB,0.5249999999999999,0.0,AV16D/DV11-CAMREGDSNYQLIW-AJ33_BV13-2-CASGYRAPNSDYTF-BJ1-2,0.9256441305137615,5
BL6-BALBc_HTxB,0.5249999999999999,0.0,AV6D-7-CALRYGGSGNKLIF-AJ32_BV3-CASSLGTGDTQYF-BJ2-5,0.9084932682385817,8
BL6-BALBc_HTxB,0.5249999999999999,0.0,AV16/DV11-CAMRENTGANTGKLTF-AJ52_BV13-3-CASSSGGVKAEQFF-BJ2-1,0.946085477819259,9
BL6-BALBc_HTxB,0.5249999999999999,0.0,AV16D/DV11-CAMREDSGYNKLTF-AJ11*p02_BV13-2-CASGTTYEQYF-BJ2-7,0.9977847626182039,11
BL6-BALBc_HTxB,0.5249999999999999,0.0,AV15-1/DV6-1-CALWELASSNTDKVVF-AJ34*p03_BV3-CASSFGTGGYYEQYF-BJ2-7,0.954214227845549,8
BL6-BALBc_HTxB,0.5249999999999999,0.0,AV15-2/DV6-2-CALSELPGSNAKLTF-AJ42_BV13-2-CASGRGAGNTLYF-BJ1-3,0.8224200906220508,6
BL6-BALBc_HTxB,0.5249999999999999,0.0,AV16/DV11-CAMREGNTGYQNFYF-AJ49_BV13-2-CASGRGAGNTLYF-BJ1-3,0.8224353705733771,9
BL6-BALBc_HTxB,0.52,0.0,AV13D-3-CAMRTNSAGNKLTF-AJ17*p02_BV13-2-CASGTTYEQYF-BJ2-7,0.9690289387735511,5
BL6-BALBc_HTxB,0.52,0.0,AV6-6-CALGDQANTDKVVF-AJ34*p03_BV14-CASSLGVNTEVFF-BJ1-1,0.9415197335145967,15
BL6-BALBc_HTxB,0.52,0.0,AV16D/DV11-CAMRDITGNTRKLIF-AJ37*p02_BV4-CASSYGAQYF-BJ2-7,0.9906165924072554,7
BL6-BALBc_HTxB,0.52,0.0,AV3-3-CAVMPNYNVLYF-AJ21*p03_BV13-2-CASGDLGTDNNQAPLF-BJ1-5,0.9139178127226613,5
BL6-BALBc_HTxB,0.52,0.0,AV16/DV11-CAMREGNTGNYKYVF-AJ40_BV13-2-CASGGIYEQYF-BJ2-7,0.990633383059099,5
BL6-BALBc_HTxB,0.52,0.0,AV16D/DV11-CAMREGDSNYQLIW-AJ33_BV13-2-CASGYRAPNSDYTF-BJ1-2,0.9256441305137615,5
BL6-BALBc_HTxB,0.52,0.0,AV6D-7-CALRYGGSGNKLIF-AJ32_BV3-CASSLGTGDTQYF-BJ2-5,0.9084932682385817,8
BL6-BALBc_HTxB,0.52,0.0,AV16/DV11-CAMRENTGANTGKLTF-AJ52_BV13-3-CASSSGGVKAEQFF-BJ2-1,0.946085477819259,9
BL6-BALBc_HTxB,0.52,0.0,AV16D/DV11-CAMREDSGYNKLTF-AJ11*p02_BV13-2-CASGTTYEQYF-BJ2-7,0.9977847626182039,11
BL6-BALBc_HTxB,0.52,0.0,AV15-1/DV6-1-CALWELASSNTDKVVF-AJ34*p03_BV3-CASSFGTGGYYEQYF-BJ2-7,0.954214227845549,8
BL6-BALBc_HTxB,0.52,0.0,AV15-2/DV6-2-CALSELPGSNAKLTF-AJ42_BV13-2-CASGRGAGNTLYF-BJ1-3,0.8224200906220508,6
BL6-BALBc_HTxB,0.52,0.0,AV16/DV11-CAMREGNTGYQNFYF-AJ49_BV13-2-CASGRGAGNTLYF-BJ1-3,0.8224353705733771,9
BL6-BALBc_HTxB,0.515,0.0,AV13D-3-CAMRTNSAGNKLTF-AJ17*p02_BV13-2-CASGTTYEQYF-BJ2-7,0.9690289387735511,5
BL6-BALBc_HTxB,0.515,0.0,AV6-6-CALGDQANTDKVVF-AJ34*p03_BV14-CASSLGVNTEVFF-BJ1-1,0.9415197335145967,15
BL6-BALBc_HTxB,0.515,0.0,AV16D/DV11-CAMRDITGNTRKLIF-AJ37*p02_BV4-CASSYGAQYF-BJ2-7,0.9906165924072554,7
BL6-BALBc_HTxB,0.515,0.0,AV3-3-CAVMPNYNVLYF-AJ21*p03_BV13-2-CASGDLGTDNNQAPLF-BJ1-5,0.9139178127226613,5
BL6-BALBc_HTxB,0.515,0.0,AV16/DV11-CAMREGNTGNYKYVF-AJ40_BV13-2-CASGGIYEQYF-BJ2-7,0.990633383059099,5
BL6-BALBc_HTxB,0.515,0.0,AV16D/DV11-CAMREGDSNYQLIW-AJ33_BV13-2-CASGYRAPNSDYTF-BJ1-2,0.9256441305137615,5
BL6-BALBc_HTxB,0.515,0.0,AV6D-7-CALRYGGSGNKLIF-AJ32_BV3-CASSLGTGDTQYF-BJ2-5,0.9084932682385817,8
BL6-BALBc_HTxB,0.515,0.0,AV16/DV11-CAMRENTGANTGKLTF-AJ52_BV13-3-CASSSGGVKAEQFF-BJ2-1,0.946085477819259,9
BL6-BALBc_HTxB,0.515,0.0,AV16D/DV11-CAMREDSGYNKLTF-AJ11*p02_BV13-2-CASGTTYEQYF-BJ2-7,0.9977847626182039,11
BL6-BALBc_HTxB,0.515,0.0,AV15-1/DV6-1-CALWELASSNTDKVVF-AJ34*p03_BV3-CASSFGTGGYYEQYF-BJ2-7,0.954214227845549,8
BL6-BALBc_HTxB,0.515,0.0,AV15-2/DV6-2-CALSELPGSNAKLTF-AJ42_BV13-2-CASGRGAGNTLYF-BJ1-3,0.8224200906220508,6
BL6-BALBc_HTxB,0.515,0.0,AV16/DV11-CAMREGNTGYQNFYF-AJ49_BV13-2-CASGRGAGNTLYF-BJ1-3,0.8224353705733771,9
BL6-BALBc_HTxB,0.51,0.0,AV13D-3-CAMRTNSAGNKLTF-AJ17*p02_BV13-2-CASGTTYEQYF-BJ2-7,0.9690289387735511,5
BL6-BALBc_HTxB,0.51,0.0,AV6-6-CALGDQANTDKVVF-AJ34*p03_BV14-CASSLGVNTEVFF-BJ1-1,0.9415197335145967,15
BL6-BALBc_HTxB,0.51,0.0,AV16D/DV11-CAMRDITGNTRKLIF-AJ37*p02_BV4-CASSYGAQYF-BJ2-7,0.9906165924072554,7
BL6-BALBc_HTxB,0.51,0.0,AV3-3-CAVMPNYNVLYF-AJ21*p03_BV13-2-CASGDLGTDNNQAPLF-BJ1-5,0.9139178127226613,5
BL6-BALBc_HTxB,0.51,0.0,AV16/DV11-CAMREGNTGNYKYVF-AJ40_BV13-2-CASGGIYEQYF-BJ2-7,0.990633383059099,5
BL6-BALBc_HTxB,0.51,0.0,AV16D/DV11-CAMREGDSNYQLIW-AJ33_BV13-2-CASGYRAPNSDYTF-BJ1-2,0.9256441305137615,5
BL6-BALBc_HTxB,0.51,0.0,AV6D-7-CALRYGGSGNKLIF-AJ32_BV3-CASSLGTGDTQYF-BJ2-5,0.9084932682385817,8
BL6-BALBc_HTxB,0.51,0.0,AV16/DV11-CAMRENTGANTGKLTF-AJ52_BV13-3-CASSSGGVKAEQFF-BJ2-1,0.946085477819259,9
BL6-BALBc_HTxB,0.51,0.0,AV16D/DV11-CAMREDSGYNKLTF-AJ11*p02_BV13-2-CASGTTYEQYF-BJ2-7,0.9977847626182039,11
BL6-BALBc_HTxB,0.51,0.0,AV15-1/DV6-1-CALWELASSNTDKVVF-AJ34*p03_BV3-CASSFGTGGYYEQYF-BJ2-7,0.954214227845549,8
BL6-BALBc_HTxB,0.51,0.0,AV15-2/DV6-2-CALSELPGSNAKLTF-AJ42_BV13-2-CASGRGAGNTLYF-BJ1-3,0.8224200906220508,6
BL6-BALBc_HTxB,0.51,0.0,AV16/DV11-CAMREGNTGYQNFYF-AJ49_BV13-2-CASGRGAGNTLYF-BJ1-3,0.8224353705733771,9
BL6-BALBc_HTxB,0.505,0.0,AV13D-3-CAMRTNSAGNKLTF-AJ17*p02_BV13-2-CASGTTYEQYF-BJ2-7,0.9690289387735511,5
BL6-BALBc_HTxB,0.505,0.0,AV6-6-CALGDQANTDKVVF-AJ34*p03_BV14-CASSLGVNTEVFF-BJ1-1,0.9415197335145967,15
BL6-BALBc_HTxB,0.505,0.0,AV16D/DV11-CAMRDITGNTRKLIF-AJ37*p02_BV4-CASSYGAQYF-BJ2-7,0.9906165924072554,7
BL6-BALBc_HTxB,0.505,0.0,AV3-3-CAVMPNYNVLYF-AJ21*p03_BV13-2-CASGDLGTDNNQAPLF-BJ1-5,0.9139178127226613,5
BL6-BALBc_HTxB,0.505,0.0,AV16/DV11-CAMREGNTGNYKYVF-AJ40_BV13-2-CASGGIYEQYF-BJ2-7,0.990633383059099,5
BL6-BALBc_HTxB,0.505,0.0,AV16D/DV11-CAMREGDSNYQLIW-AJ33_BV13-2-CASGYRAPNSDYTF-BJ1-2,0.9256441305137615,5
BL6-BALBc_HTxB,0.505,0.0,AV6D-7-CALRYGGSGNKLIF-AJ32_BV3-CASSLGTGDTQYF-BJ2-5,0.9084932682385817,8
BL6-BALBc_HTxB,0.505,0.0,AV16/DV11-CAMRENTGANTGKLTF-AJ52_BV13-3-CASSSGGVKAEQFF-BJ2-1,0.946085477819259,9
BL6-BALBc_HTxB,0.505,0.0,AV16D/DV11-CAMREDSGYNKLTF-AJ11*p02_BV13-2-CASGTTYEQYF-BJ2-7,0.9977847626182039,11
BL6-BALBc_HTxB,0.505,0.0,AV15-1/DV6-1-CALWELASSNTDKVVF-AJ34*p03_BV3-CASSFGTGGYYEQYF-BJ2-7,0.954214227845549,8
BL6-BALBc_HTxB,0.505,0.0,AV15-2/DV6-2-CALSELPGSNAKLTF-AJ42_BV13-2-CASGRGAGNTLYF-BJ1-3,0.8224200906220508,6
BL6-BALBc_HTxB,0.505,0.0,AV16/DV11-CAMREGNTGYQNFYF-AJ49_BV13-2-CASGRGAGNTLYF-BJ1-3,0.8224353705733771,9
BL6-BALBc_HTxB,0.5,0.0,AV13D-3-CAMRTNSAGNKLTF-AJ17*p02_BV13-2-CASGTTYEQYF-BJ2-7,0.9690289387735511,5
BL6-BALBc_HTxB,0.5,0.0,AV6-6-CALGDQANTDKVVF-AJ34*p03_BV14-CASSLGVNTEVFF-BJ1-1,0.9415197335145967,15
BL6-BALBc_HTxB,0.5,0.0,AV16D/DV11-CAMRDITGNTRKLIF-AJ37*p02_BV4-CASSYGAQYF-BJ2-7,0.9906165924072554,7
BL6-BALBc_HTxB,0.5,0.0,AV3-3-CAVMPNYNVLYF-AJ21*p03_BV13-2-CASGDLGTDNNQAPLF-BJ1-5,0.9139178127226613,5
BL6-BALBc_HTxB,0.5,0.0,AV16/DV11-CAMREGNTGNYKYVF-AJ40_BV13-2-CASGGIYEQYF-BJ2-7,0.990633383059099,5
BL6-BALBc_HTxB,0.5,0.0,AV16D/DV11-CAMREGDSNYQLIW-AJ33_BV13-2-CASGYRAPNSDYTF-BJ1-2,0.9256441305137615,5
BL6-BALBc_HTxB,0.5,0.0,AV6D-7-CALRYGGSGNKLIF-AJ32_BV3-CASSLGTGDTQYF-BJ2-5,0.9084932682385817,8
BL6-BALBc_HTxB,0.5,0.0,AV16/DV11-CAMRENTGANTGKLTF-AJ52_BV13-3-CASSSGGVKAEQFF-BJ2-1,0.946085477819259,9
BL6-BALBc_HTxB,0.5,0.0,AV16D/DV11-CAMREDSGYNKLTF-AJ11*p02_BV13-2-CASGTTYEQYF-BJ2-7,0.9977847626182039,11
BL6-BALBc_HTxB,0.5,0.0,AV15-1/DV6-1-CALWELASSNTDKVVF-AJ34*p03_BV3-CASSFGTGGYYEQYF-BJ2-7,0.954214227845549,8
BL6-BALBc_HTxB,0.5,0.0,AV15-2/DV6-2-CALSELPGSNAKLTF-AJ42_BV13-2-CASGRGAGNTLYF-BJ1-3,0.8224200906220508,6
BL6-BALBc_HTxB,0.5,0.0,AV16/DV11-CAMREGNTGYQNFYF-AJ49_BV13-2-CASGRGAGNTLYF-BJ1-3,0.8224353705733771,9
BL6-BALBc_HTxB,0.495,0.0,AV13D-3-CAMRTNSAGNKLTF-AJ17*p02_BV13-2-CASGTTYEQYF-BJ2-7,0.9690289387735511,5
BL6-BALBc_HTxB,0.495,0.0,AV6-6-CALGDQANTDKVVF-AJ34*p03_BV14-CASSLGVNTEVFF-BJ1-1,0.9415197335145967,15
BL6-BALBc_HTxB,0.495,0.0,AV16D/DV11-CAMRDITGNTRKLIF-AJ37*p02_BV4-CASSYGAQYF-BJ2-7,0.9906165924072554,7
BL6-BALBc_HTxB,0.495,0.0,AV3-3-CAVMPNYNVLYF-AJ21*p03_BV13-2-CASGDLGTDNNQAPLF-BJ1-5,0.9139178127226613,5
BL6-BALBc_HTxB,0.495,0.0,AV16/DV11-CAMREGNTGNYKYVF-AJ40_BV13-2-CASGGIYEQYF-BJ2-7,0.990633383059099,5
BL6-BALBc_HTxB,0.495,0.0,AV16D/DV11-CAMREGDSNYQLIW-AJ33_BV13-2-CASGYRAPNSDYTF-BJ1-2,0.9256441305137615,5
BL6-BALBc_HTxB,0.495,0.0,AV6D-7-CALRYGGSGNKLIF-AJ32_BV3-CASSLGTGDTQYF-BJ2-5,0.9084932682385817,8
BL6-BALBc_HTxB,0.495,0.0,AV16/DV11-CAMRENTGANTGKLTF-AJ52_BV13-3-CASSSGGVKAEQFF-BJ2-1,0.946085477819259,9
BL6-BALBc_HTxB,0.495,0.0,AV16D/DV11-CAMREDSGYNKLTF-AJ11*p02_BV13-2-CASGTTYEQYF-BJ2-7,0.9977847626182039,11
BL6-BALBc_HTxB,0.495,0.0,AV15-1/DV6-1-CALWELASSNTDKVVF-AJ34*p03_BV3-CASSFGTGGYYEQYF-BJ2-7,0.954214227845549,8
BL6-BALBc_HTxB,0.495,0.0,AV15-2/DV6-2-CALSELPGSNAKLTF-AJ42_BV13-2-CASGRGAGNTLYF-BJ1-3,0.8224200906220508,6
BL6-BALBc_HTxB,0.495,0.0,AV16/DV11-CAMREGNTGYQNFYF-AJ49_BV13-2-CASGRGAGNTLYF-BJ1-3,0.8224353705733771,9
BL6-BALBc_HTxB,0.49,0.0,AV13D-3-CAMRTNSAGNKLTF-AJ17*p02_BV13-2-CASGTTYEQYF-BJ2-7,0.9690289387735511,5
BL6-BALBc_HTxB,0.49,0.0,AV6-6-CALGDQANTDKVVF-AJ34*p03_BV14-CASSLGVNTEVFF-BJ1-1,0.9415197335145967,15
BL6-BALBc_HTxB,0.49,0.0,AV16D/DV11-CAMRDITGNTRKLIF-AJ37*p02_BV4-CASSYGAQYF-BJ2-7,0.9906165924072554,7
BL6-BALBc_HTxB,0.49,0.0,AV3-3-CAVMPNYNVLYF-AJ21*p03_BV13-2-CASGDLGTDNNQAPLF-BJ1-5,0.9139178127226613,5
BL6-BALBc_HTxB,0.49,0.0,AV16/DV11-CAMREGNTGNYKYVF-AJ40_BV13-2-CASGGIYEQYF-BJ2-7,0.990633383059099,5
BL6-BALBc_HTxB,0.49,0.0,AV16D/DV11-CAMREGDSNYQLIW-AJ33_BV13-2-CASGYRAPNSDYTF-BJ1-2,0.9256441305137615,5
BL6-BALBc_HTxB,0.49,0.0,AV6D-7-CALRYGGSGNKLIF-AJ32_BV3-CASSLGTGDTQYF-BJ2-5,0.9084932682385817,8
BL6-BALBc_HTxB,0.49,0.0,AV16/DV11-CAMRENTGANTGKLTF-AJ52_BV13-3-CASSSGGVKAEQFF-BJ2-1,0.946085477819259,9
BL6-BALBc_HTxB,0.49,0.0,AV16D/DV11-CAMREDSGYNKLTF-AJ11*p02_BV13-2-CASGTTYEQYF-BJ2-7,0.9977847626182039,11
BL6-BALBc_HTxB,0.49,0.0,AV15-1/DV6-1-CALWELASSNTDKVVF-AJ34*p03_BV3-CASSFGTGGYYEQYF-BJ2-7,0.954214227845549,8
BL6-BALBc_HTxB,0.49,0.0,AV15-2/DV6-2-CALSELPGSNAKLTF-AJ42_BV13-2-CASGRGAGNTLYF-BJ1-3,0.8224200906220508,6
BL6-BALBc_HTxB,0.49,0.0,AV16/DV11-CAMREGNTGYQNFYF-AJ49_BV13-2-CASGRGAGNTLYF-BJ1-3,0.8224353705733771,9
BL6-BALBc_HTxB,0.485,0.0,AV13D-3-CAMRTNSAGNKLTF-AJ17*p02_BV13-2-CASGTTYEQYF-BJ2-7,0.9690289387735511,5
BL6-BALBc_HTxB,0.485,0.0,AV6-6-CALGDQANTDKVVF-AJ34*p03_BV14-CASSLGVNTEVFF-BJ1-1,0.9415197335145967,15
BL6-BALBc_HTxB,0.485,0.0,AV16D/DV11-CAMRDITGNTRKLIF-AJ37*p02_BV4-CASSYGAQYF-BJ2-7,0.9906165924072554,7
BL6-BALBc_HTxB,0.485,0.0,AV3-3-CAVMPNYNVLYF-AJ21*p03_BV13-2-CASGDLGTDNNQAPLF-BJ1-5,0.9139178127226613,5
BL6-BALBc_HTxB,0.485,0.0,AV16/DV11-CAMREGNTGNYKYVF-AJ40_BV13-2-CASGGIYEQYF-BJ2-7,0.990633383059099,5
BL6-BALBc_HTxB,0.485,0.0,AV16D/DV11-CAMREGDSNYQLIW-AJ33_BV13-2-CASGYRAPNSDYTF-BJ1-2,0.9256441305137615,5
BL6-BALBc_HTxB,0.485,0.0,AV6D-7-CALRYGGSGNKLIF-AJ32_BV3-CASSLGTGDTQYF-BJ2-5,0.9084932682385817,8
BL6-BALBc_HTxB,0.485,0.0,AV16/DV11-CAMRENTGANTGKLTF-AJ52_BV13-3-CASSSGGVKAEQFF-BJ2-1,0.946085477819259,9
BL6-BALBc_HTxB,0.485,0.0,AV16D/DV11-CAMREDSGYNKLTF-AJ11*p02_BV13-2-CASGTTYEQYF-BJ2-7,0.9977847626182039,11
BL6-BALBc_HTxB,0.485,0.0,AV15-1/DV6-1-CALWELASSNTDKVVF-AJ34*p03_BV3-CASSFGTGGYYEQYF-BJ2-7,0.954214227845549,8
BL6-BALBc_HTxB,0.485,0.0,AV15-2/DV6-2-CALSELPGSNAKLTF-AJ42_BV13-2-CASGRGAGNTLYF-BJ1-3,0.8224200906220508,6
BL6-BALBc_HTxB,0.485,0.0,AV16/DV11-CAMREGNTGYQNFYF-AJ49_BV13-2-CASGRGAGNTLYF-BJ1-3,0.8224353705733771,9
BL6-BALBc_HTxB,0.48,0.0,AV13D-3-CAMRTNSAGNKLTF-AJ17*p02_BV13-2-CASGTTYEQYF-BJ2-7,0.9690289387735511,5
BL6-BALBc_HTxB,0.48,0.0,AV6-6-CALGDQANTDKVVF-AJ34*p03_BV14-CASSLGVNTEVFF-BJ1-1,0.9415197335145967,15
BL6-BALBc_HTxB,0.48,0.0,AV16D/DV11-CAMRDITGNTRKLIF-AJ37*p02_BV4-CASSYGAQYF-BJ2-7,0.9906165924072554,7
BL6-BALBc_HTxB,0.48,0.0,AV3-3-CAVMPNYNVLYF-AJ21*p03_BV13-2-CASGDLGTDNNQAPLF-BJ1-5,0.9139178127226613,5
BL6-BALBc_HTxB,0.48,0.0,AV16/DV11-CAMREGNTGNYKYVF-AJ40_BV13-2-CASGGIYEQYF-BJ2-7,0.990633383059099,5
BL6-BALBc_HTxB,0.48,0.0,AV16D/DV11-CAMREGDSNYQLIW-AJ33_BV13-2-CASGYRAPNSDYTF-BJ1-2,0.9256441305137615,5
BL6-BALBc_HTxB,0.48,0.0,AV6D-7-CALRYGGSGNKLIF-AJ32_BV3-CASSLGTGDTQYF-BJ2-5,0.9084932682385817,8
BL6-BALBc_HTxB,0.48,0.0,AV16/DV11-CAMRENTGANTGKLTF-AJ52_BV13-3-CASSSGGVKAEQFF-BJ2-1,0.946085477819259,9
BL6-BALBc_HTxB,0.48,0.0,AV16D/DV11-CAMREDSGYNKLTF-AJ11*p02_BV13-2-CASGTTYEQYF-BJ2-7,0.9977847626182039,11
BL6-BALBc_HTxB,0.48,0.0,AV15-1/DV6-1-CALWELASSNTDKVVF-AJ34*p03_BV3-CASSFGTGGYYEQYF-BJ2-7,0.954214227845549,8
BL6-BALBc_HTxB,0.48,0.0,AV15-2/DV6-2-CALSELPGSNAKLTF-AJ42_BV13-2-CASGRGAGNTLYF-BJ1-3,0.8224200906220508,6
BL6-BALBc_HTxB,0.48,0.0,AV16/DV11-CAMREGNTGYQNFYF-AJ49_BV13-2-CASGRGAGNTLYF-BJ1-3,0.8224353705733771,9
BL6-BALBc_HTxB,0.475,0.0,AV13D-3-CAMRTNSAGNKLTF-AJ17*p02_BV13-2-CASGTTYEQYF-BJ2-7,0.9690289387735511,5
BL6-BALBc_HTxB,0.475,0.0,AV6-6-CALGDQANTDKVVF-AJ34*p03_BV14-CASSLGVNTEVFF-BJ1-1,0.9415197335145967,15
BL6-BALBc_HTxB,0.475,0.0,AV16D/DV11-CAMRDITGNTRKLIF-AJ37*p02_BV4-CASSYGAQYF-BJ2-7,0.9906165924072554,7
BL6-BALBc_HTxB,0.475,0.0,AV3-3-CAVMPNYNVLYF-AJ21*p03_BV13-2-CASGDLGTDNNQAPLF-BJ1-5,0.9139178127226613,5
BL6-BALBc_HTxB,0.475,0.0,AV16/DV11-CAMREGNTGNYKYVF-AJ40_BV13-2-CASGGIYEQYF-BJ2-7,0.990633383059099,5
BL6-BALBc_HTxB,0.475,0.0,AV16D/DV11-CAMREGDSNYQLIW-AJ33_BV13-2-CASGYRAPNSDYTF-BJ1-2,0.9256441305137615,5
BL6-BALBc_HTxB,0.475,0.0,AV6D-7-CALRYGGSGNKLIF-AJ32_BV3-CASSLGTGDTQYF-BJ2-5,0.9084932682385817,8
BL6-BALBc_HTxB,0.475,0.0,AV16/DV11-CAMRENTGANTGKLTF-AJ52_BV13-3-CASSSGGVKAEQFF-BJ2-1,0.946085477819259,9
BL6-BALBc_HTxB,0.475,0.0,AV16D/DV11-CAMREDSGYNKLTF-AJ11*p02_BV13-2-CASGTTYEQYF-BJ2-7,0.9977847626182039,11
BL6-BALBc_HTxB,0.475,0.0,AV15-1/DV6-1-CALWELASSNTDKVVF-AJ34*p03_BV3-CASSFGTGGYYEQYF-BJ2-7,0.954214227845549,8
BL6-BALBc_HTxB,0.475,0.0,AV15-2/DV6-2-CALSELPGSNAKLTF-AJ42_BV13-2-CASGRGAGNTLYF-BJ1-3,0.8224200906220508,6
BL6-BALBc_HTxB,0.475,0.0,AV16/DV11-CAMREGNTGYQNFYF-AJ49_BV13-2-CASGRGAGNTLYF-BJ1-3,0.8224353705733771,9
BL6-BALBc_HTxB,0.47,0.0,AV13D-3-CAMRTNSAGNKLTF-AJ17*p02_BV13-2-CASGTTYEQYF-BJ2-7,0.9690289387735511,5
BL6-BALBc_HTxB,0.47,0.0,AV6-6-CALGDQANTDKVVF-AJ34*p03_BV14-CASSLGVNTEVFF-BJ1-1,0.9415197335145967,15
BL6-BALBc_HTxB,0.47,0.0,AV16D/DV11-CAMRDITGNTRKLIF-AJ37*p02_BV4-CASSYGAQYF-BJ2-7,0.9906165924072554,7
BL6-BALBc_HTxB,0.47,0.0,AV3-3-CAVMPNYNVLYF-AJ21*p03_BV13-2-CASGDLGTDNNQAPLF-BJ1-5,0.9139178127226613,5
BL6-BALBc_HTxB,0.47,0.0,AV16/DV11-CAMREGNTGNYKYVF-AJ40_BV13-2-CASGGIYEQYF-BJ2-7,0.990633383059099,5
BL6-BALBc_HTxB,0.47,0.0,AV16D/DV11-CAMREGDSNYQLIW-AJ33_BV13-2-CASGYRAPNSDYTF-BJ1-2,0.9256441305137615,5
BL6-BALBc_HTxB,0.47,0.0,AV6D-7-CALRYGGSGNKLIF-AJ32_BV3-CASSLGTGDTQYF-BJ2-5,0.9084932682385817,8
BL6-BALBc_HTxB,0.47,0.0,AV16/DV11-CAMRENTGANTGKLTF-AJ52_BV13-3-CASSSGGVKAEQFF-BJ2-1,0.946085477819259,9
BL6-BALBc_HTxB,0.47,0.0,AV16D/DV11-CAMREDSGYNKLTF-AJ11*p02_BV13-2-CASGTTYEQYF-BJ2-7,0.9977847626182039,11
BL6-BALBc_HTxB,0.47,0.0,AV15-1/DV6-1-CALWELASSNTDKVVF-AJ34*p03_BV3-CASSFGTGGYYEQYF-BJ2-7,0.954214227845549,8
BL6-BALBc_HTxB,0.47,0.0,AV15-2/DV6-2-CALSELPGSNAKLTF-AJ42_BV13-2-CASGRGAGNTLYF-BJ1-3,0.8224200906220508,6
BL6-BALBc_HTxB,0.47,0.0,AV16/DV11-CAMREGNTGYQNFYF-AJ49_BV13-2-CASGRGAGNTLYF-BJ1-3,0.8224353705733771,9
BL6-BALBc_HTxB,0.46499999999999997,0.0,AV13D-3-CAMRTNSAGNKLTF-AJ17*p02_BV13-2-CASGTTYEQYF-BJ2-7,0.9690289387735511,5
BL6-BALBc_HTxB,0.46499999999999997,0.0,AV6-6-CALGDQANTDKVVF-AJ34*p03_BV14-CASSLGVNTEVFF-BJ1-1,0.9415197335145967,15
BL6-BALBc_HTxB,0.46499999999999997,0.0,AV16D/DV11-CAMRDITGNTRKLIF-AJ37*p02_BV4-CASSYGAQYF-BJ2-7,0.9906165924072554,7
BL6-BALBc_HTxB,0.46499999999999997,0.0,AV3-3-CAVMPNYNVLYF-AJ21*p03_BV13-2-CASGDLGTDNNQAPLF-BJ1-5,0.9139178127226613,5
BL6-BALBc_HTxB,0.46499999999999997,0.0,AV16/DV11-CAMREGNTGNYKYVF-AJ40_BV13-2-CASGGIYEQYF-BJ2-7,0.990633383059099,5
BL6-BALBc_HTxB,0.46499999999999997,0.0,AV16D/DV11-CAMREGDSNYQLIW-AJ33_BV13-2-CASGYRAPNSDYTF-BJ1-2,0.9256441305137615,5
BL6-BALBc_HTxB,0.46499999999999997,0.0,AV6D-7-CALRYGGSGNKLIF-AJ32_BV3-CASSLGTGDTQYF-BJ2-5,0.9084932682385817,8
BL6-BALBc_HTxB,0.46499999999999997,0.0,AV16/DV11-CAMRENTGANTGKLTF-AJ52_BV13-3-CASSSGGVKAEQFF-BJ2-1,0.946085477819259,9
BL6-BALBc_HTxB,0.46499999999999997,0.0,AV16D/DV11-CAMREDSGYNKLTF-AJ11*p02_BV13-2-CASGTTYEQYF-BJ2-7,0.9977847626182039,11
BL6-BALBc_HTxB,0.46499999999999997,0.0,AV15-1/DV6-1-CALWELASSNTDKVVF-AJ34*p03_BV3-CASSFGTGGYYEQYF-BJ2-7,0.954214227845549,8
BL6-BALBc_HTxB,0.46499999999999997,0.0,AV15-2/DV6-2-CALSELPGSNAKLTF-AJ42_BV13-2-CASGRGAGNTLYF-BJ1-3,0.8224200906220508,6
BL6-BALBc_HTxB,0.46499999999999997,0.0,AV16/DV11-CAMREGNTGYQNFYF-AJ49_BV13-2-CASGRGAGNTLYF-BJ1-3,0.8224353705733771,9
BL6-BALBc_HTxB,0.45999999999999996,0.0,AV13D-3-CAMRTNSAGNKLTF-AJ17*p02_BV13-2-CASGTTYEQYF-BJ2-7,0.9690289387735511,5
BL6-BALBc_HTxB,0.45999999999999996,0.0,AV6-6-CALGDQANTDKVVF-AJ34*p03_BV14-CASSLGVNTEVFF-BJ1-1,0.9415197335145967,15
BL6-BALBc_HTxB,0.45999999999999996,0.0,AV16D/DV11-CAMRDITGNTRKLIF-AJ37*p02_BV4-CASSYGAQYF-BJ2-7,0.9906165924072554,7
BL6-BALBc_HTxB,0.45999999999999996,0.0,AV3-3-CAVMPNYNVLYF-AJ21*p03_BV13-2-CASGDLGTDNNQAPLF-BJ1-5,0.9139178127226613,5
BL6-BALBc_HTxB,0.45999999999999996,0.0,AV16/DV11-CAMREGNTGNYKYVF-AJ40_BV13-2-CASGGIYEQYF-BJ2-7,0.990633383059099,5
BL6-BALBc_HTxB,0.45999999999999996,0.0,AV16D/DV11-CAMREGDSNYQLIW-AJ33_BV13-2-CASGYRAPNSDYTF-BJ1-2,0.9256441305137615,5
BL6-BALBc_HTxB,0.45999999999999996,0.0,AV6D-7-CALRYGGSGNKLIF-AJ32_BV3-CASSLGTGDTQYF-BJ2-5,0.9084932682385817,8
BL6-BALBc_HTxB,0.45999999999999996,0.0,AV16/DV11-CAMRENTGANTGKLTF-AJ52_BV13-3-CASSSGGVKAEQFF-BJ2-1,0.946085477819259,9
BL6-BALBc_HTxB,0.45999999999999996,0.0,AV16D/DV11-CAMREDSGYNKLTF-AJ11*p02_BV13-2-CASGTTYEQYF-BJ2-7,0.9977847626182039,11
BL6-BALBc_HTxB,0.45999999999999996,0.0,AV15-1/DV6-1-CALWELASSNTDKVVF-AJ34*p03_BV3-CASSFGTGGYYEQYF-BJ2-7,0.954214227845549,8
BL6-BALBc_HTxB,0.45999999999999996,0.0,AV15-2/DV6-2-CALSELPGSNAKLTF-AJ42_BV13-2-CASGRGAGNTLYF-BJ1-3,0.8224200906220508,6
BL6-BALBc_HTxB,0.45999999999999996,0.0,AV16/DV11-CAMREGNTGYQNFYF-AJ49_BV13-2-CASGRGAGNTLYF-BJ1-3,0.8224353705733771,9
BL6-BALBc_HTxB,0.45499999999999996,0.0,AV13D-3-CAMRTNSAGNKLTF-AJ17*p02_BV13-2-CASGTTYEQYF-BJ2-7,0.9690289387735511,5
BL6-BALBc_HTxB,0.45499999999999996,0.0,AV6-6-CALGDQANTDKVVF-AJ34*p03_BV14-CASSLGVNTEVFF-BJ1-1,0.9415197335145967,15
BL6-BALBc_HTxB,0.45499999999999996,0.0,AV16D/DV11-CAMRDITGNTRKLIF-AJ37*p02_BV4-CASSYGAQYF-BJ2-7,0.9906165924072554,7
BL6-BALBc_HTxB,0.45499999999999996,0.0,AV3-3-CAVMPNYNVLYF-AJ21*p03_BV13-2-CASGDLGTDNNQAPLF-BJ1-5,0.9139178127226613,5
BL6-BALBc_HTxB,0.45499999999999996,0.0,AV16/DV11-CAMREGNTGNYKYVF-AJ40_BV13-2-CASGGIYEQYF-BJ2-7,0.990633383059099,5
BL6-BALBc_HTxB,0.45499999999999996,0.0,AV16D/DV11-CAMREGDSNYQLIW-AJ33_BV13-2-CASGYRAPNSDYTF-BJ1-2,0.9256441305137615,5
BL6-BALBc_HTxB,0.45499999999999996,0.0,AV6D-7-CALRYGGSGNKLIF-AJ32_BV3-CASSLGTGDTQYF-BJ2-5,0.9084932682385817,8
BL6-BALBc_HTxB,0.45499999999999996,0.0,AV16/DV11-CAMRENTGANTGKLTF-AJ52_BV13-3-CASSSGGVKAEQFF-BJ2-1,0.946085477819259,9
BL6-BALBc_HTxB,0.45499999999999996,0.0,AV16D/DV11-CAMREDSGYNKLTF-AJ11*p02_BV13-2-CASGTTYEQYF-BJ2-7,0.9977847626182039,11
BL6-BALBc_HTxB,0.45499999999999996,0.0,AV15-1/DV6-1-CALWELASSNTDKVVF-AJ34*p03_BV3-CASSFGTGGYYEQYF-BJ2-7,0.954214227845549,8
BL6-BALBc_HTxB,0.45499999999999996,0.0,AV15-2/DV6-2-CALSELPGSNAKLTF-AJ42_BV13-2-CASGRGAGNTLYF-BJ1-3,0.8224200906220508,6
BL6-BALBc_HTxB,0.45499999999999996,0.0,AV16/DV11-CAMREGNTGYQNFYF-AJ49_BV13-2-CASGRGAGNTLYF-BJ1-3,0.8224353705733771,9
BL6-BALBc_HTxB,0.44999999999999996,0.0,AV13D-3-CAMRTNSAGNKLTF-AJ17*p02_BV13-2-CASGTTYEQYF-BJ2-7,0.9690289387735511,5
BL6-BALBc_HTxB,0.44999999999999996,0.0,AV6-6-CALGDQANTDKVVF-AJ34*p03_BV14-CASSLGVNTEVFF-BJ1-1,0.9415197335145967,15
BL6-BALBc_HTxB,0.44999999999999996,0.0,AV16D/DV11-CAMRDITGNTRKLIF-AJ37*p02_BV4-CASSYGAQYF-BJ2-7,0.9906165924072554,7
BL6-BALBc_HTxB,0.44999999999999996,0.0,AV3-3-CAVMPNYNVLYF-AJ21*p03_BV13-2-CASGDLGTDNNQAPLF-BJ1-5,0.9139178127226613,5
BL6-BALBc_HTxB,0.44999999999999996,0.0,AV16/DV11-CAMREGNTGNYKYVF-AJ40_BV13-2-CASGGIYEQYF-BJ2-7,0.990633383059099,5
BL6-BALBc_HTxB,0.44999999999999996,0.0,AV16D/DV11-CAMREGDSNYQLIW-AJ33_BV13-2-CASGYRAPNSDYTF-BJ1-2,0.9256441305137615,5
BL6-BALBc_HTxB,0.44999999999999996,0.0,AV6D-7-CALRYGGSGNKLIF-AJ32_BV3-CASSLGTGDTQYF-BJ2-5,0.9084932682385817,8
BL6-BALBc_HTxB,0.44999999999999996,0.0,AV16/DV11-CAMRENTGANTGKLTF-AJ52_BV13-3-CASSSGGVKAEQFF-BJ2-1,0.946085477819259,9
BL6-BALBc_HTxB,0.44999999999999996,0.0,AV16D/DV11-CAMREDSGYNKLTF-AJ11*p02_BV13-2-CASGTTYEQYF-BJ2-7,0.9977847626182039,11
BL6-BALBc_HTxB,0.44999999999999996,0.0,AV15-1/DV6-1-CALWELASSNTDKVVF-AJ34*p03_BV3-CASSFGTGGYYEQYF-BJ2-7,0.954214227845549,8
BL6-BALBc_HTxB,0.44999999999999996,0.0,AV15-2/DV6-2-CALSELPGSNAKLTF-AJ42_BV13-2-CASGRGAGNTLYF-BJ1-3,0.8224200906220508,6
BL6-BALBc_HTxB,0.44999999999999996,0.0,AV16/DV11-CAMREGNTGYQNFYF-AJ49_BV13-2-CASGRGAGNTLYF-BJ1-3,0.8224353705733771,9
BL6-BALBc_HTxB,0.44499999999999995,0.0,AV13D-3-CAMRTNSAGNKLTF-AJ17*p02_BV13-2-CASGTTYEQYF-BJ2-7,0.9690289387735511,5
BL6-BALBc_HTxB,0.44499999999999995,0.0,AV6-6-CALGDQANTDKVVF-AJ34*p03_BV14-CASSLGVNTEVFF-BJ1-1,0.9415197335145967,15
BL6-BALBc_HTxB,0.44499999999999995,0.0,AV16D/DV11-CAMRDITGNTRKLIF-AJ37*p02_BV4-CASSYGAQYF-BJ2-7,0.9906165924072554,7
BL6-BALBc_HTxB,0.44499999999999995,0.0,AV3-3-CAVMPNYNVLYF-AJ21*p03_BV13-2-CASGDLGTDNNQAPLF-BJ1-5,0.9139178127226613,5
BL6-BALBc_HTxB,0.44499999999999995,0.0,AV16/DV11-CAMREGNTGNYKYVF-AJ40_BV13-2-CASGGIYEQYF-BJ2-7,0.990633383059099,5
BL6-BALBc_HTxB,0.44499999999999995,0.0,AV16D/DV11-CAMREGDSNYQLIW-AJ33_BV13-2-CASGYRAPNSDYTF-BJ1-2,0.9256441305137615,5
BL6-BALBc_HTxB,0.44499999999999995,0.0,AV6D-7-CALRYGGSGNKLIF-AJ32_BV3-CASSLGTGDTQYF-BJ2-5,0.9084932682385817,8
BL6-BALBc_HTxB,0.44499999999999995,0.0,AV16/DV11-CAMRENTGANTGKLTF-AJ52_BV13-3-CASSSGGVKAEQFF-BJ2-1,0.946085477819259,9
BL6-BALBc_HTxB,0.44499999999999995,0.0,AV16D/DV11-CAMREDSGYNKLTF-AJ11*p02_BV13-2-CASGTTYEQYF-BJ2-7,0.9977847626182039,11
BL6-BALBc_HTxB,0.44499999999999995,0.0,AV15-1/DV6-1-CALWELASSNTDKVVF-AJ34*p03_BV3-CASSFGTGGYYEQYF-BJ2-7,0.954214227845549,8
BL6-BALBc_HTxB,0.44499999999999995,0.0,AV15-2/DV6-2-CALSELPGSNAKLTF-AJ42_BV13-2-CASGRGAGNTLYF-BJ1-3,0.8224200906220508,6
BL6-BALBc_HTxB,0.44499999999999995,0.0,AV16/DV11-CAMREGNTGYQNFYF-AJ49_BV13-2-CASGRGAGNTLYF-BJ1-3,0.8224353705733771,9
BL6-BALBc_HTxB,0.43999999999999995,0.0,AV13D-3-CAMRTNSAGNKLTF-AJ17*p02_BV13-2-CASGTTYEQYF-BJ2-7,0.9690289387735511,5
BL6-BALBc_HTxB,0.43999999999999995,0.0,AV6-6-CALGDQANTDKVVF-AJ34*p03_BV14-CASSLGVNTEVFF-BJ1-1,0.9415197335145967,15
BL6-BALBc_HTxB,0.43999999999999995,0.0,AV16D/DV11-CAMRDITGNTRKLIF-AJ37*p02_BV4-CASSYGAQYF-BJ2-7,0.9906165924072554,7
BL6-BALBc_HTxB,0.43999999999999995,0.0,AV3-3-CAVMPNYNVLYF-AJ21*p03_BV13-2-CASGDLGTDNNQAPLF-BJ1-5,0.9139178127226613,5
BL6-BALBc_HTxB,0.43999999999999995,0.0,AV16/DV11-CAMREGNTGNYKYVF-AJ40_BV13-2-CASGGIYEQYF-BJ2-7,0.990633383059099,5
BL6-BALBc_HTxB,0.43999999999999995,0.0,AV16D/DV11-CAMREGDSNYQLIW-AJ33_BV13-2-CASGYRAPNSDYTF-BJ1-2,0.9256441305137615,5
BL6-BALBc_HTxB,0.43999999999999995,0.0,AV6D-7-CALRYGGSGNKLIF-AJ32_BV3-CASSLGTGDTQYF-BJ2-5,0.9084932682385817,8
BL6-BALBc_HTxB,0.43999999999999995,0.0,AV16/DV11-CAMRENTGANTGKLTF-AJ52_BV13-3-CASSSGGVKAEQFF-BJ2-1,0.946085477819259,9
BL6-BALBc_HTxB,0.43999999999999995,0.0,AV16D/DV11-CAMREDSGYNKLTF-AJ11*p02_BV13-2-CASGTTYEQYF-BJ2-7,0.9977847626182039,11
BL6-BALBc_HTxB,0.43999999999999995,0.0,AV15-1/DV6-1-CALWELASSNTDKVVF-AJ34*p03_BV3-CASSFGTGGYYEQYF-BJ2-7,0.954214227845549,8
BL6-BALBc_HTxB,0.43999999999999995,0.0,AV15-2/DV6-2-CALSELPGSNAKLTF-AJ42_BV13-2-CASGRGAGNTLYF-BJ1-3,0.8224200906220508,6
BL6-BALBc_HTxB,0.43999999999999995,0.0,AV16/DV11-CAMREGNTGYQNFYF-AJ49_BV13-2-CASGRGAGNTLYF-BJ1-3,0.8224353705733771,9
BL6-BALBc_HTxB,0.43499999999999994,0.0,AV13D-3-CAMRTNSAGNKLTF-AJ17*p02_BV13-2-CASGTTYEQYF-BJ2-7,0.9690289387735511,5
BL6-BALBc_HTxB,0.43499999999999994,0.0,AV6-6-CALGDQANTDKVVF-AJ34*p03_BV14-CASSLGVNTEVFF-BJ1-1,0.9415197335145967,15
BL6-BALBc_HTxB,0.43499999999999994,0.0,AV16D/DV11-CAMRDITGNTRKLIF-AJ37*p02_BV4-CASSYGAQYF-BJ2-7,0.9906165924072554,7
BL6-BALBc_HTxB,0.43499999999999994,0.0,AV3-3-CAVMPNYNVLYF-AJ21*p03_BV13-2-CASGDLGTDNNQAPLF-BJ1-5,0.9139178127226613,5
BL6-BALBc_HTxB,0.43499999999999994,0.0,AV16/DV11-CAMREGNTGNYKYVF-AJ40_BV13-2-CASGGIYEQYF-BJ2-7,0.990633383059099,5
BL6-BALBc_HTxB,0.43499999999999994,0.0,AV16D/DV11-CAMREGDSNYQLIW-AJ33_BV13-2-CASGYRAPNSDYTF-BJ1-2,0.9256441305137615,5
BL6-BALBc_HTxB,0.43499999999999994,0.0,AV6D-7-CALRYGGSGNKLIF-AJ32_BV3-CASSLGTGDTQYF-BJ2-5,0.9084932682385817,8
BL6-BALBc_HTxB,0.43499999999999994,0.0,AV16/DV11-CAMRENTGANTGKLTF-AJ52_BV13-3-CASSSGGVKAEQFF-BJ2-1,0.946085477819259,9
BL6-BALBc_HTxB,0.43499999999999994,0.0,AV16D/DV11-CAMREDSGYNKLTF-AJ11*p02_BV13-2-CASGTTYEQYF-BJ2-7,0.9977847626182039,11
BL6-BALBc_HTxB,0.43499999999999994,0.0,AV15-1/DV6-1-CALWELASSNTDKVVF-AJ34*p03_BV3-CASSFGTGGYYEQYF-BJ2-7,0.954214227845549,8
BL6-BALBc_HTxB,0.43499999999999994,0.0,AV15-2/DV6-2-CALSELPGSNAKLTF-AJ42_BV13-2-CASGRGAGNTLYF-BJ1-3,0.8224200906220508,6
BL6-BALBc_HTxB,0.43499999999999994,0.0,AV16/DV11-CAMREGNTGYQNFYF-AJ49_BV13-2-CASGRGAGNTLYF-BJ1-3,0.8224353705733771,9
BL6-BALBc_HTxB,0.42999999999999994,0.0,AV13D-3-CAMRTNSAGNKLTF-AJ17*p02_BV13-2-CASGTTYEQYF-BJ2-7,0.9690289387735511,5
BL6-BALBc_HTxB,0.42999999999999994,0.0,AV6-6-CALGDQANTDKVVF-AJ34*p03_BV14-CASSLGVNTEVFF-BJ1-1,0.9415197335145967,15
BL6-BALBc_HTxB,0.42999999999999994,0.0,AV16D/DV11-CAMRDITGNTRKLIF-AJ37*p02_BV4-CASSYGAQYF-BJ2-7,0.9906165924072554,7
BL6-BALBc_HTxB,0.42999999999999994,0.0,AV3-3-CAVMPNYNVLYF-AJ21*p03_BV13-2-CASGDLGTDNNQAPLF-BJ1-5,0.9139178127226613,5
BL6-BALBc_HTxB,0.42999999999999994,0.0,AV16/DV11-CAMREGNTGNYKYVF-AJ40_BV13-2-CASGGIYEQYF-BJ2-7,0.990633383059099,5
BL6-BALBc_HTxB,0.42999999999999994,0.0,AV16D/DV11-CAMREGDSNYQLIW-AJ33_BV13-2-CASGYRAPNSDYTF-BJ1-2,0.9256441305137615,5
BL6-BALBc_HTxB,0.42999999999999994,0.0,AV6D-7-CALRYGGSGNKLIF-AJ32_BV3-CASSLGTGDTQYF-BJ2-5,0.9084932682385817,8
BL6-BALBc_HTxB,0.42999999999999994,0.0,AV16/DV11-CAMRENTGANTGKLTF-AJ52_BV13-3-CASSSGGVKAEQFF-BJ2-1,0.946085477819259,9
BL6-BALBc_HTxB,0.42999999999999994,0.0,AV16D/DV11-CAMREDSGYNKLTF-AJ11*p02_BV13-2-CASGTTYEQYF-BJ2-7,0.9977847626182039,11
BL6-BALBc_HTxB,0.42999999999999994,0.0,AV15-1/DV6-1-CALWELASSNTDKVVF-AJ34*p03_BV3-CASSFGTGGYYEQYF-BJ2-7,0.954214227845549,8
BL6-BALBc_HTxB,0.42999999999999994,0.0,AV15-2/DV6-2-CALSELPGSNAKLTF-AJ42_BV13-2-CASGRGAGNTLYF-BJ1-3,0.8224200906220508,6
BL6-BALBc_HTxB,0.42999999999999994,0.0,AV16/DV11-CAMREGNTGYQNFYF-AJ49_BV13-2-CASGRGAGNTLYF-BJ1-3,0.8224353705733771,9
BL6-BALBc_HTxB,0.42499999999999993,0.0,AV13D-3-CAMRTNSAGNKLTF-AJ17*p02_BV13-2-CASGTTYEQYF-BJ2-7,0.9690289387735511,5
BL6-BALBc_HTxB,0.42499999999999993,0.0,AV6-6-CALGDQANTDKVVF-AJ34*p03_BV14-CASSLGVNTEVFF-BJ1-1,0.9415197335145967,15
BL6-BALBc_HTxB,0.42499999999999993,0.0,AV16D/DV11-CAMRDITGNTRKLIF-AJ37*p02_BV4-CASSYGAQYF-BJ2-7,0.9906165924072554,7
BL6-BALBc_HTxB,0.42499999999999993,0.0,AV3-3-CAVMPNYNVLYF-AJ21*p03_BV13-2-CASGDLGTDNNQAPLF-BJ1-5,0.9139178127226613,5
BL6-BALBc_HTxB,0.42499999999999993,0.0,AV16/DV11-CAMREGNTGNYKYVF-AJ40_BV13-2-CASGGIYEQYF-BJ2-7,0.990633383059099,5
BL6-BALBc_HTxB,0.42499999999999993,0.0,AV16D/DV11-CAMREGDSNYQLIW-AJ33_BV13-2-CASGYRAPNSDYTF-BJ1-2,0.9256441305137615,5
BL6-BALBc_HTxB,0.42499999999999993,0.0,AV6D-7-CALRYGGSGNKLIF-AJ32_BV3-CASSLGTGDTQYF-BJ2-5,0.9084932682385817,8
BL6-BALBc_HTxB,0.42499999999999993,0.0,AV16/DV11-CAMRENTGANTGKLTF-AJ52_BV13-3-CASSSGGVKAEQFF-BJ2-1,0.946085477819259,9
BL6-BALBc_HTxB,0.42499999999999993,0.0,AV16D/DV11-CAMREDSGYNKLTF-AJ11*p02_BV13-2-CASGTTYEQYF-BJ2-7,0.9977847626182039,11
BL6-BALBc_HTxB,0.42499999999999993,0.0,AV15-1/DV6-1-CALWELASSNTDKVVF-AJ34*p03_BV3-CASSFGTGGYYEQYF-BJ2-7,0.954214227845549,8
BL6-BALBc_HTxB,0.42499999999999993,0.0,AV15-2/DV6-2-CALSELPGSNAKLTF-AJ42_BV13-2-CASGRGAGNTLYF-BJ1-3,0.8224200906220508,6
BL6-BALBc_HTxB,0.42499999999999993,0.0,AV16/DV11-CAMREGNTGYQNFYF-AJ49_BV13-2-CASGRGAGNTLYF-BJ1-3,0.8224353705733771,9
BL6-BALBc_HTxB,0.42000000000000004,0.0,AV13D-3-CAMRTNSAGNKLTF-AJ17*p02_BV13-2-CASGTTYEQYF-BJ2-7,0.9690289387735511,5
BL6-BALBc_HTxB,0.42000000000000004,0.0,AV6-6-CALGDQANTDKVVF-AJ34*p03_BV14-CASSLGVNTEVFF-BJ1-1,0.9415197335145967,15
BL6-BALBc_HTxB,0.42000000000000004,0.0,AV16D/DV11-CAMRDITGNTRKLIF-AJ37*p02_BV4-CASSYGAQYF-BJ2-7,0.9906165924072554,7
BL6-BALBc_HTxB,0.42000000000000004,0.0,AV3-3-CAVMPNYNVLYF-AJ21*p03_BV13-2-CASGDLGTDNNQAPLF-BJ1-5,0.9139178127226613,5
BL6-BALBc_HTxB,0.42000000000000004,0.0,AV16/DV11-CAMREGNTGNYKYVF-AJ40_BV13-2-CASGGIYEQYF-BJ2-7,0.990633383059099,5
BL6-BALBc_HTxB,0.42000000000000004,0.0,AV16D/DV11-CAMREGDSNYQLIW-AJ33_BV13-2-CASGYRAPNSDYTF-BJ1-2,0.9256441305137615,5
BL6-BALBc_HTxB,0.42000000000000004,0.0,AV6D-7-CALRYGGSGNKLIF-AJ32_BV3-CASSLGTGDTQYF-BJ2-5,0.9084932682385817,8
BL6-BALBc_HTxB,0.42000000000000004,0.0,AV16/DV11-CAMRENTGANTGKLTF-AJ52_BV13-3-CASSSGGVKAEQFF-BJ2-1,0.946085477819259,9
BL6-BALBc_HTxB,0.42000000000000004,0.0,AV16D/DV11-CAMREDSGYNKLTF-AJ11*p02_BV13-2-CASGTTYEQYF-BJ2-7,0.9977847626182039,11
BL6-BALBc_HTxB,0.42000000000000004,0.0,AV15-1/DV6-1-CALWELASSNTDKVVF-AJ34*p03_BV3-CASSFGTGGYYEQYF-BJ2-7,0.954214227845549,8
BL6-BALBc_HTxB,0.42000000000000004,0.0,AV15-2/DV6-2-CALSELPGSNAKLTF-AJ42_BV13-2-CASGRGAGNTLYF-BJ1-3,0.8224200906220508,6
BL6-BALBc_HTxB,0.42000000000000004,0.0,AV16/DV11-CAMREGNTGYQNFYF-AJ49_BV13-2-CASGRGAGNTLYF-BJ1-3,0.8224353705733771,9
BL6-BALBc_HTxB,0.41500000000000004,0.0,AV13D-3-CAMRTNSAGNKLTF-AJ17*p02_BV13-2-CASGTTYEQYF-BJ2-7,0.9690289387735511,5
BL6-BALBc_HTxB,0.41500000000000004,0.0,AV6-6-CALGDQANTDKVVF-AJ34*p03_BV14-CASSLGVNTEVFF-BJ1-1,0.9415197335145967,15
BL6-BALBc_HTxB,0.41500000000000004,0.0,AV16D/DV11-CAMRDITGNTRKLIF-AJ37*p02_BV4-CASSYGAQYF-BJ2-7,0.9906165924072554,7
BL6-BALBc_HTxB,0.41500000000000004,0.0,AV3-3-CAVMPNYNVLYF-AJ21*p03_BV13-2-CASGDLGTDNNQAPLF-BJ1-5,0.9139178127226613,5
BL6-BALBc_HTxB,0.41500000000000004,0.0,AV16/DV11-CAMREGNTGNYKYVF-AJ40_BV13-2-CASGGIYEQYF-BJ2-7,0.990633383059099,5
BL6-BALBc_HTxB,0.41500000000000004,0.0,AV16D/DV11-CAMREGDSNYQLIW-AJ33_BV13-2-CASGYRAPNSDYTF-BJ1-2,0.9256441305137615,5
BL6-BALBc_HTxB,0.41500000000000004,0.0,AV6D-7-CALRYGGSGNKLIF-AJ32_BV3-CASSLGTGDTQYF-BJ2-5,0.9084932682385817,8
BL6-BALBc_HTxB,0.41500000000000004,0.0,AV16/DV11-CAMRENTGANTGKLTF-AJ52_BV13-3-CASSSGGVKAEQFF-BJ2-1,0.946085477819259,9
BL6-BALBc_HTxB,0.41500000000000004,0.0,AV16D/DV11-CAMREDSGYNKLTF-AJ11*p02_BV13-2-CASGTTYEQYF-BJ2-7,0.9977847626182039,11
BL6-BALBc_HTxB,0.41500000000000004,0.0,AV15-1/DV6-1-CALWELASSNTDKVVF-AJ34*p03_BV3-CASSFGTGGYYEQYF-BJ2-7,0.954214227845549,8
BL6-BALBc_HTxB,0.41500000000000004,0.0,AV15-2/DV6-2-CALSELPGSNAKLTF-AJ42_BV13-2-CASGRGAGNTLYF-BJ1-3,0.8224200906220508,6
BL6-BALBc_HTxB,0.41500000000000004,0.0,AV16/DV11-CAMREGNTGYQNFYF-AJ49_BV13-2-CASGRGAGNTLYF-BJ1-3,0.8224353705733771,9
BL6-BALBc_HTxB,0.41000000000000003,0.0,AV13D-3-CAMRTNSAGNKLTF-AJ17*p02_BV13-2-CASGTTYEQYF-BJ2-7,0.9690289387735511,5
BL6-BALBc_HTxB,0.41000000000000003,0.0,AV6-6-CALGDQANTDKVVF-AJ34*p03_BV14-CASSLGVNTEVFF-BJ1-1,0.9415197335145967,15
BL6-BALBc_HTxB,0.41000000000000003,0.0,AV16D/DV11-CAMRDITGNTRKLIF-AJ37*p02_BV4-CASSYGAQYF-BJ2-7,0.9906165924072554,7
BL6-BALBc_HTxB,0.41000000000000003,0.0,AV3-3-CAVMPNYNVLYF-AJ21*p03_BV13-2-CASGDLGTDNNQAPLF-BJ1-5,0.9139178127226613,5
BL6-BALBc_HTxB,0.41000000000000003,0.0,AV16/DV11-CAMREGNTGNYKYVF-AJ40_BV13-2-CASGGIYEQYF-BJ2-7,0.990633383059099,5
BL6-BALBc_HTxB,0.41000000000000003,0.0,AV16D/DV11-CAMREGDSNYQLIW-AJ33_BV13-2-CASGYRAPNSDYTF-BJ1-2,0.9256441305137615,5
BL6-BALBc_HTxB,0.41000000000000003,0.0,AV6D-7-CALRYGGSGNKLIF-AJ32_BV3-CASSLGTGDTQYF-BJ2-5,0.9084932682385817,8
BL6-BALBc_HTxB,0.41000000000000003,0.0,AV16/DV11-CAMRENTGANTGKLTF-AJ52_BV13-3-CASSSGGVKAEQFF-BJ2-1,0.946085477819259,9
BL6-BALBc_HTxB,0.41000000000000003,0.0,AV16D/DV11-CAMREDSGYNKLTF-AJ11*p02_BV13-2-CASGTTYEQYF-BJ2-7,0.9977847626182039,11
BL6-BALBc_HTxB,0.41000000000000003,0.0,AV15-1/DV6-1-CALWELASSNTDKVVF-AJ34*p03_BV3-CASSFGTGGYYEQYF-BJ2-7,0.954214227845549,8
BL6-BALBc_HTxB,0.41000000000000003,0.0,AV15-2/DV6-2-CALSELPGSNAKLTF-AJ42_BV13-2-CASGRGAGNTLYF-BJ1-3,0.8224200906220508,6
BL6-BALBc_HTxB,0.41000000000000003,0.0,AV16/DV11-CAMREGNTGYQNFYF-AJ49_BV13-2-CASGRGAGNTLYF-BJ1-3,0.8224353705733771,9
BL6-BALBc_HTxB,0.405,0.0,AV13D-3-CAMRTNSAGNKLTF-AJ17*p02_BV13-2-CASGTTYEQYF-BJ2-7,0.9690289387735511,5
BL6-BALBc_HTxB,0.405,0.0,AV6-6-CALGDQANTDKVVF-AJ34*p03_BV14-CASSLGVNTEVFF-BJ1-1,0.9415197335145967,15
BL6-BALBc_HTxB,0.405,0.0,AV16D/DV11-CAMRDITGNTRKLIF-AJ37*p02_BV4-CASSYGAQYF-BJ2-7,0.9906165924072554,7
BL6-BALBc_HTxB,0.405,0.0,AV3-3-CAVMPNYNVLYF-AJ21*p03_BV13-2-CASGDLGTDNNQAPLF-BJ1-5,0.9139178127226613,5
BL6-BALBc_HTxB,0.405,0.0,AV16/DV11-CAMREGNTGNYKYVF-AJ40_BV13-2-CASGGIYEQYF-BJ2-7,0.990633383059099,5
BL6-BALBc_HTxB,0.405,0.0,AV16D/DV11-CAMREGDSNYQLIW-AJ33_BV13-2-CASGYRAPNSDYTF-BJ1-2,0.9256441305137615,5
BL6-BALBc_HTxB,0.405,0.0,AV6D-7-CALRYGGSGNKLIF-AJ32_BV3-CASSLGTGDTQYF-BJ2-5,0.9084932682385817,8
BL6-BALBc_HTxB,0.405,0.0,AV16/DV11-CAMRENTGANTGKLTF-AJ52_BV13-3-CASSSGGVKAEQFF-BJ2-1,0.946085477819259,9
BL6-BALBc_HTxB,0.405,0.0,AV16D/DV11-CAMREDSGYNKLTF-AJ11*p02_BV13-2-CASGTTYEQYF-BJ2-7,0.9977847626182039,11
BL6-BALBc_HTxB,0.405,0.0,AV15-1/DV6-1-CALWELASSNTDKVVF-AJ34*p03_BV3-CASSFGTGGYYEQYF-BJ2-7,0.954214227845549,8
BL6-BALBc_HTxB,0.405,0.0,AV15-2/DV6-2-CALSELPGSNAKLTF-AJ42_BV13-2-CASGRGAGNTLYF-BJ1-3,0.8224200906220508,6
BL6-BALBc_HTxB,0.405,0.0,AV16/DV11-CAMREGNTGYQNFYF-AJ49_BV13-2-CASGRGAGNTLYF-BJ1-3,0.8224353705733771,9
BL6-BALBc_HTxB,0.4,0.0,AV13D-3-CAMRTNSAGNKLTF-AJ17*p02_BV13-2-CASGTTYEQYF-BJ2-7,0.9690289387735511,5
BL6-BALBc_HTxB,0.4,0.0,AV6-6-CALGDQANTDKVVF-AJ34*p03_BV14-CASSLGVNTEVFF-BJ1-1,0.9415197335145967,15
BL6-BALBc_HTxB,0.4,0.0,AV16D/DV11-CAMRDITGNTRKLIF-AJ37*p02_BV4-CASSYGAQYF-BJ2-7,0.9906165924072554,7
BL6-BALBc_HTxB,0.4,0.0,AV3-3-CAVMPNYNVLYF-AJ21*p03_BV13-2-CASGDLGTDNNQAPLF-BJ1-5,0.9139178127226613,5
BL6-BALBc_HTxB,0.4,0.0,AV16/DV11-CAMREGNTGNYKYVF-AJ40_BV13-2-CASGGIYEQYF-BJ2-7,0.990633383059099,5
BL6-BALBc_HTxB,0.4,0.0,AV16D/DV11-CAMREGDSNYQLIW-AJ33_BV13-2-CASGYRAPNSDYTF-BJ1-2,0.9256441305137615,5
BL6-BALBc_HTxB,0.4,0.0,AV6D-7-CALRYGGSGNKLIF-AJ32_BV3-CASSLGTGDTQYF-BJ2-5,0.9084932682385817,8
BL6-BALBc_HTxB,0.4,0.0,AV16/DV11-CAMRENTGANTGKLTF-AJ52_BV13-3-CASSSGGVKAEQFF-BJ2-1,0.946085477819259,9
BL6-BALBc_HTxB,0.4,0.0,AV16D/DV11-CAMREDSGYNKLTF-AJ11*p02_BV13-2-CASGTTYEQYF-BJ2-7,0.9977847626182039,11
BL6-BALBc_HTxB,0.4,0.0,AV15-1/DV6-1-CALWELASSNTDKVVF-AJ34*p03_BV3-CASSFGTGGYYEQYF-BJ2-7,0.954214227845549,8
BL6-BALBc_HTxB,0.4,0.0,AV15-2/DV6-2-CALSELPGSNAKLTF-AJ42_BV13-2-CASGRGAGNTLYF-BJ1-3,0.8224200906220508,6
BL6-BALBc_HTxB,0.4,0.0,AV16/DV11-CAMREGNTGYQNFYF-AJ49_BV13-2-CASGRGAGNTLYF-BJ1-3,0.8224353705733771,9
BL6-BALBc_HTxB,0.395,0.0,AV13D-3-CAMRTNSAGNKLTF-AJ17*p02_BV13-2-CASGTTYEQYF-BJ2-7,0.9690289387735511,5
BL6-BALBc_HTxB,0.395,0.0,AV6-6-CALGDQANTDKVVF-AJ34*p03_BV14-CASSLGVNTEVFF-BJ1-1,0.9415197335145967,15
BL6-BALBc_HTxB,0.395,0.0,AV16D/DV11-CAMRDITGNTRKLIF-AJ37*p02_BV4-CASSYGAQYF-BJ2-7,0.9906165924072554,7
BL6-BALBc_HTxB,0.395,0.0,AV3-3-CAVMPNYNVLYF-AJ21*p03_BV13-2-CASGDLGTDNNQAPLF-BJ1-5,0.9139178127226613,5
BL6-BALBc_HTxB,0.395,0.0,AV16/DV11-CAMREGNTGNYKYVF-AJ40_BV13-2-CASGGIYEQYF-BJ2-7,0.990633383059099,5
BL6-BALBc_HTxB,0.395,0.0,AV16D/DV11-CAMREGDSNYQLIW-AJ33_BV13-2-CASGYRAPNSDYTF-BJ1-2,0.9256441305137615,5
BL6-BALBc_HTxB,0.395,0.0,AV6D-7-CALRYGGSGNKLIF-AJ32_BV3-CASSLGTGDTQYF-BJ2-5,0.9084932682385817,8
BL6-BALBc_HTxB,0.395,0.0,AV16/DV11-CAMRENTGANTGKLTF-AJ52_BV13-3-CASSSGGVKAEQFF-BJ2-1,0.946085477819259,9
BL6-BALBc_HTxB,0.395,0.0,AV16D/DV11-CAMREDSGYNKLTF-AJ11*p02_BV13-2-CASGTTYEQYF-BJ2-7,0.9977847626182039,11
BL6-BALBc_HTxB,0.395,0.0,AV15-1/DV6-1-CALWELASSNTDKVVF-AJ34*p03_BV3-CASSFGTGGYYEQYF-BJ2-7,0.954214227845549,8
BL6-BALBc_HTxB,0.395,0.0,AV15-2/DV6-2-CALSELPGSNAKLTF-AJ42_BV13-2-CASGRGAGNTLYF-BJ1-3,0.8224200906220508,6
BL6-BALBc_HTxB,0.395,0.0,AV16/DV11-CAMREGNTGYQNFYF-AJ49_BV13-2-CASGRGAGNTLYF-BJ1-3,0.8224353705733771,9
BL6-BALBc_HTxB,0.39,0.0,AV13D-3-CAMRTNSAGNKLTF-AJ17*p02_BV13-2-CASGTTYEQYF-BJ2-7,0.9690289387735511,5
BL6-BALBc_HTxB,0.39,0.0,AV6-6-CALGDQANTDKVVF-AJ34*p03_BV14-CASSLGVNTEVFF-BJ1-1,0.9415197335145967,15
BL6-BALBc_HTxB,0.39,0.0,AV16D/DV11-CAMRDITGNTRKLIF-AJ37*p02_BV4-CASSYGAQYF-BJ2-7,0.9906165924072554,7
BL6-BALBc_HTxB,0.39,0.0,AV3-3-CAVMPNYNVLYF-AJ21*p03_BV13-2-CASGDLGTDNNQAPLF-BJ1-5,0.9139178127226613,5
BL6-BALBc_HTxB,0.39,0.0,AV16/DV11-CAMREGNTGNYKYVF-AJ40_BV13-2-CASGGIYEQYF-BJ2-7,0.990633383059099,5
BL6-BALBc_HTxB,0.39,0.0,AV16D/DV11-CAMREGDSNYQLIW-AJ33_BV13-2-CASGYRAPNSDYTF-BJ1-2,0.9256441305137615,5
BL6-BALBc_HTxB,0.39,0.0,AV6D-7-CALRYGGSGNKLIF-AJ32_BV3-CASSLGTGDTQYF-BJ2-5,0.9084932682385817,8
BL6-BALBc_HTxB,0.39,0.0,AV16/DV11-CAMRENTGANTGKLTF-AJ52_BV13-3-CASSSGGVKAEQFF-BJ2-1,0.946085477819259,9
BL6-BALBc_HTxB,0.39,0.0,AV16D/DV11-CAMREDSGYNKLTF-AJ11*p02_BV13-2-CASGTTYEQYF-BJ2-7,0.9977847626182039,11
BL6-BALBc_HTxB,0.39,0.0,AV15-1/DV6-1-CALWELASSNTDKVVF-AJ34*p03_BV3-CASSFGTGGYYEQYF-BJ2-7,0.954214227845549,8
BL6-BALBc_HTxB,0.39,0.0,AV15-2/DV6-2-CALSELPGSNAKLTF-AJ42_BV13-2-CASGRGAGNTLYF-BJ1-3,0.8224200906220508,6
BL6-BALBc_HTxB,0.39,0.0,AV16/DV11-CAMREGNTGYQNFYF-AJ49_BV13-2-CASGRGAGNTLYF-BJ1-3,0.8224353705733771,9
BL6-BALBc_HTxB,0.385,0.0,AV13D-3-CAMRTNSAGNKLTF-AJ17*p02_BV13-2-CASGTTYEQYF-BJ2-7,0.9690289387735511,5
BL6-BALBc_HTxB,0.385,0.0,AV6-6-CALGDQANTDKVVF-AJ34*p03_BV14-CASSLGVNTEVFF-BJ1-1,0.9415197335145967,15
BL6-BALBc_HTxB,0.385,0.0,AV16D/DV11-CAMRDITGNTRKLIF-AJ37*p02_BV4-CASSYGAQYF-BJ2-7,0.9906165924072554,7
BL6-BALBc_HTxB,0.385,0.0,AV3-3-CAVMPNYNVLYF-AJ21*p03_BV13-2-CASGDLGTDNNQAPLF-BJ1-5,0.9139178127226613,5
BL6-BALBc_HTxB,0.385,0.0,AV16/DV11-CAMREGNTGNYKYVF-AJ40_BV13-2-CASGGIYEQYF-BJ2-7,0.990633383059099,5
BL6-BALBc_HTxB,0.385,0.0,AV16D/DV11-CAMREGDSNYQLIW-AJ33_BV13-2-CASGYRAPNSDYTF-BJ1-2,0.9256441305137615,5
BL6-BALBc_HTxB,0.385,0.0,AV6D-7-CALRYGGSGNKLIF-AJ32_BV3-CASSLGTGDTQYF-BJ2-5,0.9084932682385817,8
BL6-BALBc_HTxB,0.385,0.0,AV16/DV11-CAMRENTGANTGKLTF-AJ52_BV13-3-CASSSGGVKAEQFF-BJ2-1,0.946085477819259,9
BL6-BALBc_HTxB,0.385,0.0,AV16D/DV11-CAMREDSGYNKLTF-AJ11*p02_BV13-2-CASGTTYEQYF-BJ2-7,0.9977847626182039,11
BL6-BALBc_HTxB,0.385,0.0,AV15-1/DV6-1-CALWELASSNTDKVVF-AJ34*p03_BV3-CASSFGTGGYYEQYF-BJ2-7,0.954214227845549,8
BL6-BALBc_HTxB,0.385,0.0,AV15-2/DV6-2-CALSELPGSNAKLTF-AJ42_BV13-2-CASGRGAGNTLYF-BJ1-3,0.8224200906220508,6
BL6-BALBc_HTxB,0.385,0.0,AV16/DV11-CAMREGNTGYQNFYF-AJ49_BV13-2-CASGRGAGNTLYF-BJ1-3,0.8224353705733771,9
BL6-BALBc_HTxB,0.38,0.0,AV13D-3-CAMRTNSAGNKLTF-AJ17*p02_BV13-2-CASGTTYEQYF-BJ2-7,0.9690289387735511,5
BL6-BALBc_HTxB,0.38,0.0,AV6-6-CALGDQANTDKVVF-AJ34*p03_BV14-CASSLGVNTEVFF-BJ1-1,0.9415197335145967,15
BL6-BALBc_HTxB,0.38,0.0,AV16D/DV11-CAMRDITGNTRKLIF-AJ37*p02_BV4-CASSYGAQYF-BJ2-7,0.9906165924072554,7
BL6-BALBc_HTxB,0.38,0.0,AV3-3-CAVMPNYNVLYF-AJ21*p03_BV13-2-CASGDLGTDNNQAPLF-BJ1-5,0.9139178127226613,5
BL6-BALBc_HTxB,0.38,0.0,AV16/DV11-CAMREGNTGNYKYVF-AJ40_BV13-2-CASGGIYEQYF-BJ2-7,0.990633383059099,5
BL6-BALBc_HTxB,0.38,0.0,AV16D/DV11-CAMREGDSNYQLIW-AJ33_BV13-2-CASGYRAPNSDYTF-BJ1-2,0.9256441305137615,5
BL6-BALBc_HTxB,0.38,0.0,AV6D-7-CALRYGGSGNKLIF-AJ32_BV3-CASSLGTGDTQYF-BJ2-5,0.9084932682385817,8
BL6-BALBc_HTxB,0.38,0.0,AV16/DV11-CAMRENTGANTGKLTF-AJ52_BV13-3-CASSSGGVKAEQFF-BJ2-1,0.946085477819259,9
BL6-BALBc_HTxB,0.38,0.0,AV16D/DV11-CAMREDSGYNKLTF-AJ11*p02_BV13-2-CASGTTYEQYF-BJ2-7,0.9977847626182039,11
BL6-BALBc_HTxB,0.38,0.0,AV15-1/DV6-1-CALWELASSNTDKVVF-AJ34*p03_BV3-CASSFGTGGYYEQYF-BJ2-7,0.954214227845549,8
BL6-BALBc_HTxB,0.38,0.0,AV15-2/DV6-2-CALSELPGSNAKLTF-AJ42_BV13-2-CASGRGAGNTLYF-BJ1-3,0.8224200906220508,6
BL6-BALBc_HTxB,0.38,0.0,AV16/DV11-CAMREGNTGYQNFYF-AJ49_BV13-2-CASGRGAGNTLYF-BJ1-3,0.8224353705733771,9
BL6-BALBc_HTxB,0.375,0.0,AV13D-3-CAMRTNSAGNKLTF-AJ17*p02_BV13-2-CASGTTYEQYF-BJ2-7,0.9690289387735511,5
BL6-BALBc_HTxB,0.375,0.0,AV6-6-CALGDQANTDKVVF-AJ34*p03_BV14-CASSLGVNTEVFF-BJ1-1,0.9415197335145967,15
BL6-BALBc_HTxB,0.375,0.0,AV16D/DV11-CAMRDITGNTRKLIF-AJ37*p02_BV4-CASSYGAQYF-BJ2-7,0.9906165924072554,7
BL6-BALBc_HTxB,0.375,0.0,AV3-3-CAVMPNYNVLYF-AJ21*p03_BV13-2-CASGDLGTDNNQAPLF-BJ1-5,0.9139178127226613,5
BL6-BALBc_HTxB,0.375,0.0,AV16/DV11-CAMREGNTGNYKYVF-AJ40_BV13-2-CASGGIYEQYF-BJ2-7,0.990633383059099,5
BL6-BALBc_HTxB,0.375,0.0,AV16D/DV11-CAMREGDSNYQLIW-AJ33_BV13-2-CASGYRAPNSDYTF-BJ1-2,0.9256441305137615,5
BL6-BALBc_HTxB,0.375,0.0,AV6D-7-CALRYGGSGNKLIF-AJ32_BV3-CASSLGTGDTQYF-BJ2-5,0.9084932682385817,8
BL6-BALBc_HTxB,0.375,0.0,AV16/DV11-CAMRENTGANTGKLTF-AJ52_BV13-3-CASSSGGVKAEQFF-BJ2-1,0.946085477819259,9
BL6-BALBc_HTxB,0.375,0.0,AV16D/DV11-CAMREDSGYNKLTF-AJ11*p02_BV13-2-CASGTTYEQYF-BJ2-7,0.9977847626182039,11
BL6-BALBc_HTxB,0.375,0.0,AV15-1/DV6-1-CALWELASSNTDKVVF-AJ34*p03_BV3-CASSFGTGGYYEQYF-BJ2-7,0.954214227845549,8
BL6-BALBc_HTxB,0.375,0.0,AV15-2/DV6-2-CALSELPGSNAKLTF-AJ42_BV13-2-CASGRGAGNTLYF-BJ1-3,0.8224200906220508,6
BL6-BALBc_HTxB,0.375,0.0,AV16/DV11-CAMREGNTGYQNFYF-AJ49_BV13-2-CASGRGAGNTLYF-BJ1-3,0.8224353705733771,9
BL6-BALBc_HTxB,0.37,0.0,AV13D-3-CAMRTNSAGNKLTF-AJ17*p02_BV13-2-CASGTTYEQYF-BJ2-7,0.9690289387735511,5
BL6-BALBc_HTxB,0.37,0.0,AV6-6-CALGDQANTDKVVF-AJ34*p03_BV14-CASSLGVNTEVFF-BJ1-1,0.9415197335145967,15
BL6-BALBc_HTxB,0.37,0.0,AV16D/DV11-CAMRDITGNTRKLIF-AJ37*p02_BV4-CASSYGAQYF-BJ2-7,0.9906165924072554,7
BL6-BALBc_HTxB,0.37,0.0,AV3-3-CAVMPNYNVLYF-AJ21*p03_BV13-2-CASGDLGTDNNQAPLF-BJ1-5,0.9139178127226613,5
BL6-BALBc_HTxB,0.37,0.0,AV16/DV11-CAMREGNTGNYKYVF-AJ40_BV13-2-CASGGIYEQYF-BJ2-7,0.990633383059099,5
BL6-BALBc_HTxB,0.37,0.0,AV16D/DV11-CAMREGDSNYQLIW-AJ33_BV13-2-CASGYRAPNSDYTF-BJ1-2,0.9256441305137615,5
BL6-BALBc_HTxB,0.37,0.0,AV6D-7-CALRYGGSGNKLIF-AJ32_BV3-CASSLGTGDTQYF-BJ2-5,0.9084932682385817,8
BL6-BALBc_HTxB,0.37,0.0,AV16/DV11-CAMRENTGANTGKLTF-AJ52_BV13-3-CASSSGGVKAEQFF-BJ2-1,0.946085477819259,9
BL6-BALBc_HTxB,0.37,0.0,AV16D/DV11-CAMREDSGYNKLTF-AJ11*p02_BV13-2-CASGTTYEQYF-BJ2-7,0.9977847626182039,11
BL6-BALBc_HTxB,0.37,0.0,AV15-1/DV6-1-CALWELASSNTDKVVF-AJ34*p03_BV3-CASSFGTGGYYEQYF-BJ2-7,0.954214227845549,8
BL6-BALBc_HTxB,0.37,0.0,AV15-2/DV6-2-CALSELPGSNAKLTF-AJ42_BV13-2-CASGRGAGNTLYF-BJ1-3,0.8224200906220508,6
BL6-BALBc_HTxB,0.37,0.0,AV16/DV11-CAMREGNTGYQNFYF-AJ49_BV13-2-CASGRGAGNTLYF-BJ1-3,0.8224353705733771,9
BL6-BALBc_HTxB,0.365,0.0,AV13D-3-CAMRTNSAGNKLTF-AJ17*p02_BV13-2-CASGTTYEQYF-BJ2-7,0.9690289387735511,5
BL6-BALBc_HTxB,0.365,0.0,AV6-6-CALGDQANTDKVVF-AJ34*p03_BV14-CASSLGVNTEVFF-BJ1-1,0.9415197335145967,15
BL6-BALBc_HTxB,0.365,0.0,AV16D/DV11-CAMRDITGNTRKLIF-AJ37*p02_BV4-CASSYGAQYF-BJ2-7,0.9906165924072554,7
BL6-BALBc_HTxB,0.365,0.0,AV3-3-CAVMPNYNVLYF-AJ21*p03_BV13-2-CASGDLGTDNNQAPLF-BJ1-5,0.9139178127226613,5
BL6-BALBc_HTxB,0.365,0.0,AV16/DV11-CAMREGNTGNYKYVF-AJ40_BV13-2-CASGGIYEQYF-BJ2-7,0.990633383059099,5
BL6-BALBc_HTxB,0.365,0.0,AV16D/DV11-CAMREGDSNYQLIW-AJ33_BV13-2-CASGYRAPNSDYTF-BJ1-2,0.9256441305137615,5
BL6-BALBc_HTxB,0.365,0.0,AV6D-7-CALRYGGSGNKLIF-AJ32_BV3-CASSLGTGDTQYF-BJ2-5,0.9084932682385817,8
BL6-BALBc_HTxB,0.365,0.0,AV16/DV11-CAMRENTGANTGKLTF-AJ52_BV13-3-CASSSGGVKAEQFF-BJ2-1,0.946085477819259,9
BL6-BALBc_HTxB,0.365,0.0,AV16D/DV11-CAMREDSGYNKLTF-AJ11*p02_BV13-2-CASGTTYEQYF-BJ2-7,0.9977847626182039,11
BL6-BALBc_HTxB,0.365,0.0,AV15-1/DV6-1-CALWELASSNTDKVVF-AJ34*p03_BV3-CASSFGTGGYYEQYF-BJ2-7,0.954214227845549,8
BL6-BALBc_HTxB,0.365,0.0,AV15-2/DV6-2-CALSELPGSNAKLTF-AJ42_BV13-2-CASGRGAGNTLYF-BJ1-3,0.8224200906220508,6
BL6-BALBc_HTxB,0.365,0.0,AV16/DV11-CAMREGNTGYQNFYF-AJ49_BV13-2-CASGRGAGNTLYF-BJ1-3,0.8224353705733771,9
BL6-BALBc_HTxB,0.36,0.0,AV13D-3-CAMRTNSAGNKLTF-AJ17*p02_BV13-2-CASGTTYEQYF-BJ2-7,0.9690289387735511,5
BL6-BALBc_HTxB,0.36,0.0,AV6-6-CALGDQANTDKVVF-AJ34*p03_BV14-CASSLGVNTEVFF-BJ1-1,0.9415197335145967,15
BL6-BALBc_HTxB,0.36,0.0,AV16D/DV11-CAMRDITGNTRKLIF-AJ37*p02_BV4-CASSYGAQYF-BJ2-7,0.9906165924072554,7
BL6-BALBc_HTxB,0.36,0.0,AV3-3-CAVMPNYNVLYF-AJ21*p03_BV13-2-CASGDLGTDNNQAPLF-BJ1-5,0.9139178127226613,5
BL6-BALBc_HTxB,0.36,0.0,AV16/DV11-CAMREGNTGNYKYVF-AJ40_BV13-2-CASGGIYEQYF-BJ2-7,0.990633383059099,5
BL6-BALBc_HTxB,0.36,0.0,AV16D/DV11-CAMREGDSNYQLIW-AJ33_BV13-2-CASGYRAPNSDYTF-BJ1-2,0.9256441305137615,5
BL6-BALBc_HTxB,0.36,0.0,AV6D-7-CALRYGGSGNKLIF-AJ32_BV3-CASSLGTGDTQYF-BJ2-5,0.9084932682385817,8
BL6-BALBc_HTxB,0.36,0.0,AV16/DV11-CAMRENTGANTGKLTF-AJ52_BV13-3-CASSSGGVKAEQFF-BJ2-1,0.946085477819259,9
BL6-BALBc_HTxB,0.36,0.0,AV16D/DV11-CAMREDSGYNKLTF-AJ11*p02_BV13-2-CASGTTYEQYF-BJ2-7,0.9977847626182039,11
BL6-BALBc_HTxB,0.36,0.0,AV15-1/DV6-1-CALWELASSNTDKVVF-AJ34*p03_BV3-CASSFGTGGYYEQYF-BJ2-7,0.954214227845549,8
BL6-BALBc_HTxB,0.36,0.0,AV15-2/DV6-2-CALSELPGSNAKLTF-AJ42_BV13-2-CASGRGAGNTLYF-BJ1-3,0.8224200906220508,6
BL6-BALBc_HTxB,0.36,0.0,AV16/DV11-CAMREGNTGYQNFYF-AJ49_BV13-2-CASGRGAGNTLYF-BJ1-3,0.8224353705733771,9
BL6-BALBc_HTxB,0.355,0.0,AV13D-3-CAMRTNSAGNKLTF-AJ17*p02_BV13-2-CASGTTYEQYF-BJ2-7,0.9690289387735511,5
BL6-BALBc_HTxB,0.355,0.0,AV6-6-CALGDQANTDKVVF-AJ34*p03_BV14-CASSLGVNTEVFF-BJ1-1,0.9415197335145967,15
BL6-BALBc_HTxB,0.355,0.0,AV16D/DV11-CAMRDITGNTRKLIF-AJ37*p02_BV4-CASSYGAQYF-BJ2-7,0.9906165924072554,7
BL6-BALBc_HTxB,0.355,0.0,AV3-3-CAVMPNYNVLYF-AJ21*p03_BV13-2-CASGDLGTDNNQAPLF-BJ1-5,0.9139178127226613,5
BL6-BALBc_HTxB,0.355,0.0,AV16/DV11-CAMREGNTGNYKYVF-AJ40_BV13-2-CASGGIYEQYF-BJ2-7,0.990633383059099,5
BL6-BALBc_HTxB,0.355,0.0,AV16D/DV11-CAMREGDSNYQLIW-AJ33_BV13-2-CASGYRAPNSDYTF-BJ1-2,0.9256441305137615,5
BL6-BALBc_HTxB,0.355,0.0,AV6D-7-CALRYGGSGNKLIF-AJ32_BV3-CASSLGTGDTQYF-BJ2-5,0.9084932682385817,8
BL6-BALBc_HTxB,0.355,0.0,AV16/DV11-CAMRENTGANTGKLTF-AJ52_BV13-3-CASSSGGVKAEQFF-BJ2-1,0.946085477819259,9
BL6-BALBc_HTxB,0.355,0.0,AV16D/DV11-CAMREDSGYNKLTF-AJ11*p02_BV13-2-CASGTTYEQYF-BJ2-7,0.9977847626182039,11
BL6-BALBc_HTxB,0.355,0.0,AV15-1/DV6-1-CALWELASSNTDKVVF-AJ34*p03_BV3-CASSFGTGGYYEQYF-BJ2-7,0.954214227845549,8
BL6-BALBc_HTxB,0.355,0.0,AV15-2/DV6-2-CALSELPGSNAKLTF-AJ42_BV13-2-CASGRGAGNTLYF-BJ1-3,0.8224200906220508,6
BL6-BALBc_HTxB,0.355,0.0,AV16/DV11-CAMREGNTGYQNFYF-AJ49_BV13-2-CASGRGAGNTLYF-BJ1-3,0.8224353705733771,9
BL6-BALBc_HTxB,0.35,0.0,AV13D-3-CAMRTNSAGNKLTF-AJ17*p02_BV13-2-CASGTTYEQYF-BJ2-7,0.9690289387735511,5
BL6-BALBc_HTxB,0.35,0.0,AV6-6-CALGDQANTDKVVF-AJ34*p03_BV14-CASSLGVNTEVFF-BJ1-1,0.9415197335145967,15
BL6-BALBc_HTxB,0.35,0.0,AV16D/DV11-CAMRDITGNTRKLIF-AJ37*p02_BV4-CASSYGAQYF-BJ2-7,0.9906165924072554,7
BL6-BALBc_HTxB,0.35,0.0,AV3-3-CAVMPNYNVLYF-AJ21*p03_BV13-2-CASGDLGTDNNQAPLF-BJ1-5,0.9139178127226613,5
BL6-BALBc_HTxB,0.35,0.0,AV16/DV11-CAMREGNTGNYKYVF-AJ40_BV13-2-CASGGIYEQYF-BJ2-7,0.990633383059099,5
BL6-BALBc_HTxB,0.35,0.0,AV16D/DV11-CAMREGDSNYQLIW-AJ33_BV13-2-CASGYRAPNSDYTF-BJ1-2,0.9256441305137615,5
BL6-BALBc_HTxB,0.35,0.0,AV6D-7-CALRYGGSGNKLIF-AJ32_BV3-CASSLGTGDTQYF-BJ2-5,0.9084932682385817,8
BL6-BALBc_HTxB,0.35,0.0,AV16/DV11-CAMRENTGANTGKLTF-AJ52_BV13-3-CASSSGGVKAEQFF-BJ2-1,0.946085477819259,9
BL6-BALBc_HTxB,0.35,0.0,AV16D/DV11-CAMREDSGYNKLTF-AJ11*p02_BV13-2-CASGTTYEQYF-BJ2-7,0.9977847626182039,11
BL6-BALBc_HTxB,0.35,0.0,AV15-1/DV6-1-CALWELASSNTDKVVF-AJ34*p03_BV3-CASSFGTGGYYEQYF-BJ2-7,0.954214227845549,8
BL6-BALBc_HTxB,0.35,0.0,AV15-2/DV6-2-CALSELPGSNAKLTF-AJ42_BV13-2-CASGRGAGNTLYF-BJ1-3,0.8224200906220508,6
BL6-BALBc_HTxB,0.35,0.0,AV16/DV11-CAMREGNTGYQNFYF-AJ49_BV13-2-CASGRGAGNTLYF-BJ1-3,0.8224353705733771,9
BL6-BALBc_HTxB,0.345,0.0,AV13D-3-CAMRTNSAGNKLTF-AJ17*p02_BV13-2-CASGTTYEQYF-BJ2-7,0.9690289387735511,5
BL6-BALBc_HTxB,0.345,0.0,AV6-6-CALGDQANTDKVVF-AJ34*p03_BV14-CASSLGVNTEVFF-BJ1-1,0.9415197335145967,15
BL6-BALBc_HTxB,0.345,0.0,AV16D/DV11-CAMRDITGNTRKLIF-AJ37*p02_BV4-CASSYGAQYF-BJ2-7,0.9906165924072554,7
BL6-BALBc_HTxB,0.345,0.0,AV3-3-CAVMPNYNVLYF-AJ21*p03_BV13-2-CASGDLGTDNNQAPLF-BJ1-5,0.9139178127226613,5
BL6-BALBc_HTxB,0.345,0.0,AV16/DV11-CAMREGNTGNYKYVF-AJ40_BV13-2-CASGGIYEQYF-BJ2-7,0.990633383059099,5
BL6-BALBc_HTxB,0.345,0.0,AV16D/DV11-CAMREGDSNYQLIW-AJ33_BV13-2-CASGYRAPNSDYTF-BJ1-2,0.9256441305137615,5
BL6-BALBc_HTxB,0.345,0.0,AV6D-7-CALRYGGSGNKLIF-AJ32_BV3-CASSLGTGDTQYF-BJ2-5,0.9084932682385817,8
BL6-BALBc_HTxB,0.345,0.0,AV16/DV11-CAMRENTGANTGKLTF-AJ52_BV13-3-CASSSGGVKAEQFF-BJ2-1,0.946085477819259,9
BL6-BALBc_HTxB,0.345,0.0,AV16D/DV11-CAMREDSGYNKLTF-AJ11*p02_BV13-2-CASGTTYEQYF-BJ2-7,0.9977847626182039,11
BL6-BALBc_HTxB,0.345,0.0,AV15-1/DV6-1-CALWELASSNTDKVVF-AJ34*p03_BV3-CASSFGTGGYYEQYF-BJ2-7,0.954214227845549,8
BL6-BALBc_HTxB,0.345,0.0,AV15-2/DV6-2-CALSELPGSNAKLTF-AJ42_BV13-2-CASGRGAGNTLYF-BJ1-3,0.8224200906220508,6
BL6-BALBc_HTxB,0.345,0.0,AV16/DV11-CAMREGNTGYQNFYF-AJ49_BV13-2-CASGRGAGNTLYF-BJ1-3,0.8224353705733771,9
BL6-BALBc_HTxB,0.33999999999999997,0.0,AV13D-3-CAMRTNSAGNKLTF-AJ17*p02_BV13-2-CASGTTYEQYF-BJ2-7,0.9690289387735511,5
BL6-BALBc_HTxB,0.33999999999999997,0.0,AV6-6-CALGDQANTDKVVF-AJ34*p03_BV14-CASSLGVNTEVFF-BJ1-1,0.9415197335145967,15
BL6-BALBc_HTxB,0.33999999999999997,0.0,AV16D/DV11-CAMRDITGNTRKLIF-AJ37*p02_BV4-CASSYGAQYF-BJ2-7,0.9906165924072554,7
BL6-BALBc_HTxB,0.33999999999999997,0.0,AV3-3-CAVMPNYNVLYF-AJ21*p03_BV13-2-CASGDLGTDNNQAPLF-BJ1-5,0.9139178127226613,5
BL6-BALBc_HTxB,0.33999999999999997,0.0,AV16/DV11-CAMREGNTGNYKYVF-AJ40_BV13-2-CASGGIYEQYF-BJ2-7,0.990633383059099,5
BL6-BALBc_HTxB,0.33999999999999997,0.0,AV16D/DV11-CAMREGDSNYQLIW-AJ33_BV13-2-CASGYRAPNSDYTF-BJ1-2,0.9256441305137615,5
BL6-BALBc_HTxB,0.33999999999999997,0.0,AV6D-7-CALRYGGSGNKLIF-AJ32_BV3-CASSLGTGDTQYF-BJ2-5,0.9084932682385817,8
BL6-BALBc_HTxB,0.33999999999999997,0.0,AV16/DV11-CAMRENTGANTGKLTF-AJ52_BV13-3-CASSSGGVKAEQFF-BJ2-1,0.946085477819259,9
BL6-BALBc_HTxB,0.33999999999999997,0.0,AV16D/DV11-CAMREDSGYNKLTF-AJ11*p02_BV13-2-CASGTTYEQYF-BJ2-7,0.9977847626182039,11
BL6-BALBc_HTxB,0.33999999999999997,0.0,AV15-1/DV6-1-CALWELASSNTDKVVF-AJ34*p03_BV3-CASSFGTGGYYEQYF-BJ2-7,0.954214227845549,8
BL6-BALBc_HTxB,0.33999999999999997,0.0,AV15-2/DV6-2-CALSELPGSNAKLTF-AJ42_BV13-2-CASGRGAGNTLYF-BJ1-3,0.8224200906220508,6
BL6-BALBc_HTxB,0.33999999999999997,0.0,AV16/DV11-CAMREGNTGYQNFYF-AJ49_BV13-2-CASGRGAGNTLYF-BJ1-3,0.8224353705733771,9
BL6-BALBc_HTxB,0.33499999999999996,0.0,AV13D-3-CAMRTNSAGNKLTF-AJ17*p02_BV13-2-CASGTTYEQYF-BJ2-7,0.9690289387735511,5
BL6-BALBc_HTxB,0.33499999999999996,0.0,AV6-6-CALGDQANTDKVVF-AJ34*p03_BV14-CASSLGVNTEVFF-BJ1-1,0.9415197335145967,15
BL6-BALBc_HTxB,0.33499999999999996,0.0,AV16D/DV11-CAMRDITGNTRKLIF-AJ37*p02_BV4-CASSYGAQYF-BJ2-7,0.9906165924072554,7
BL6-BALBc_HTxB,0.33499999999999996,0.0,AV3-3-CAVMPNYNVLYF-AJ21*p03_BV13-2-CASGDLGTDNNQAPLF-BJ1-5,0.9139178127226613,5
BL6-BALBc_HTxB,0.33499999999999996,0.0,AV16/DV11-CAMREGNTGNYKYVF-AJ40_BV13-2-CASGGIYEQYF-BJ2-7,0.990633383059099,5
BL6-BALBc_HTxB,0.33499999999999996,0.0,AV16D/DV11-CAMREGDSNYQLIW-AJ33_BV13-2-CASGYRAPNSDYTF-BJ1-2,0.9256441305137615,5
BL6-BALBc_HTxB,0.33499999999999996,0.0,AV6D-7-CALRYGGSGNKLIF-AJ32_BV3-CASSLGTGDTQYF-BJ2-5,0.9084932682385817,8
BL6-BALBc_HTxB,0.33499999999999996,0.0,AV16/DV11-CAMRENTGANTGKLTF-AJ52_BV13-3-CASSSGGVKAEQFF-BJ2-1,0.946085477819259,9
BL6-BALBc_HTxB,0.33499999999999996,0.0,AV16D/DV11-CAMREDSGYNKLTF-AJ11*p02_BV13-2-CASGTTYEQYF-BJ2-7,0.9977847626182039,11
BL6-BALBc_HTxB,0.33499999999999996,0.0,AV15-1/DV6-1-CALWELASSNTDKVVF-AJ34*p03_BV3-CASSFGTGGYYEQYF-BJ2-7,0.954214227845549,8
BL6-BALBc_HTxB,0.33499999999999996,0.0,AV15-2/DV6-2-CALSELPGSNAKLTF-AJ42_BV13-2-CASGRGAGNTLYF-BJ1-3,0.8224200906220508,6
BL6-BALBc_HTxB,0.33499999999999996,0.0,AV16/DV11-CAMREGNTGYQNFYF-AJ49_BV13-2-CASGRGAGNTLYF-BJ1-3,0.8224353705733771,9
BL6-BALBc_HTxB,0.32999999999999996,0.0,AV13D-3-CAMRTNSAGNKLTF-AJ17*p02_BV13-2-CASGTTYEQYF-BJ2-7,0.9690289387735511,5
BL6-BALBc_HTxB,0.32999999999999996,0.0,AV6-6-CALGDQANTDKVVF-AJ34*p03_BV14-CASSLGVNTEVFF-BJ1-1,0.9415197335145967,15
BL6-BALBc_HTxB,0.32999999999999996,0.0,AV16D/DV11-CAMRDITGNTRKLIF-AJ37*p02_BV4-CASSYGAQYF-BJ2-7,0.9906165924072554,7
BL6-BALBc_HTxB,0.32999999999999996,0.0,AV3-3-CAVMPNYNVLYF-AJ21*p03_BV13-2-CASGDLGTDNNQAPLF-BJ1-5,0.9139178127226613,5
BL6-BALBc_HTxB,0.32999999999999996,0.0,AV16/DV11-CAMREGNTGNYKYVF-AJ40_BV13-2-CASGGIYEQYF-BJ2-7,0.990633383059099,5
BL6-BALBc_HTxB,0.32999999999999996,0.0,AV16D/DV11-CAMREGDSNYQLIW-AJ33_BV13-2-CASGYRAPNSDYTF-BJ1-2,0.9256441305137615,5
BL6-BALBc_HTxB,0.32999999999999996,0.0,AV6D-7-CALRYGGSGNKLIF-AJ32_BV3-CASSLGTGDTQYF-BJ2-5,0.9084932682385817,8
BL6-BALBc_HTxB,0.32999999999999996,0.0,AV16/DV11-CAMRENTGANTGKLTF-AJ52_BV13-3-CASSSGGVKAEQFF-BJ2-1,0.946085477819259,9
BL6-BALBc_HTxB,0.32999999999999996,0.0,AV16D/DV11-CAMREDSGYNKLTF-AJ11*p02_BV13-2-CASGTTYEQYF-BJ2-7,0.9977847626182039,11
BL6-BALBc_HTxB,0.32999999999999996,0.0,AV15-1/DV6-1-CALWELASSNTDKVVF-AJ34*p03_BV3-CASSFGTGGYYEQYF-BJ2-7,0.954214227845549,8
BL6-BALBc_HTxB,0.32999999999999996,0.0,AV15-2/DV6-2-CALSELPGSNAKLTF-AJ42_BV13-2-CASGRGAGNTLYF-BJ1-3,0.8224200906220508,6
BL6-BALBc_HTxB,0.32999999999999996,0.0,AV16/DV11-CAMREGNTGYQNFYF-AJ49_BV13-2-CASGRGAGNTLYF-BJ1-3,0.8224353705733771,9
BL6-BALBc_HTxB,0.32499999999999996,0.0,AV13D-3-CAMRTNSAGNKLTF-AJ17*p02_BV13-2-CASGTTYEQYF-BJ2-7,0.9690289387735511,5
BL6-BALBc_HTxB,0.32499999999999996,0.0,AV6-6-CALGDQANTDKVVF-AJ34*p03_BV14-CASSLGVNTEVFF-BJ1-1,0.9415197335145967,15
BL6-BALBc_HTxB,0.32499999999999996,0.0,AV16D/DV11-CAMRDITGNTRKLIF-AJ37*p02_BV4-CASSYGAQYF-BJ2-7,0.9906165924072554,7
BL6-BALBc_HTxB,0.32499999999999996,0.0,AV3-3-CAVMPNYNVLYF-AJ21*p03_BV13-2-CASGDLGTDNNQAPLF-BJ1-5,0.9139178127226613,5
BL6-BALBc_HTxB,0.32499999999999996,0.0,AV16/DV11-CAMREGNTGNYKYVF-AJ40_BV13-2-CASGGIYEQYF-BJ2-7,0.990633383059099,5
BL6-BALBc_HTxB,0.32499999999999996,0.0,AV16D/DV11-CAMREGDSNYQLIW-AJ33_BV13-2-CASGYRAPNSDYTF-BJ1-2,0.9256441305137615,5
BL6-BALBc_HTxB,0.32499999999999996,0.0,AV6D-7-CALRYGGSGNKLIF-AJ32_BV3-CASSLGTGDTQYF-BJ2-5,0.9084932682385817,8
BL6-BALBc_HTxB,0.32499999999999996,0.0,AV16/DV11-CAMRENTGANTGKLTF-AJ52_BV13-3-CASSSGGVKAEQFF-BJ2-1,0.946085477819259,9
BL6-BALBc_HTxB,0.32499999999999996,0.0,AV16D/DV11-CAMREDSGYNKLTF-AJ11*p02_BV13-2-CASGTTYEQYF-BJ2-7,0.9977847626182039,11
BL6-BALBc_HTxB,0.32499999999999996,0.0,AV15-1/DV6-1-CALWELASSNTDKVVF-AJ34*p03_BV3-CASSFGTGGYYEQYF-BJ2-7,0.954214227845549,8
BL6-BALBc_HTxB,0.32499999999999996,0.0,AV15-2/DV6-2-CALSELPGSNAKLTF-AJ42_BV13-2-CASGRGAGNTLYF-BJ1-3,0.8224200906220508,6
BL6-BALBc_HTxB,0.32499999999999996,0.0,AV16/DV11-CAMREGNTGYQNFYF-AJ49_BV13-2-CASGRGAGNTLYF-BJ1-3,0.8224353705733771,9
BL6-BALBc_HTxB,0.31999999999999995,0.0,AV13D-3-CAMRTNSAGNKLTF-AJ17*p02_BV13-2-CASGTTYEQYF-BJ2-7,0.9690289387735511,5
BL6-BALBc_HTxB,0.31999999999999995,0.0,AV6-6-CALGDQANTDKVVF-AJ34*p03_BV14-CASSLGVNTEVFF-BJ1-1,0.9415197335145967,15
BL6-BALBc_HTxB,0.31999999999999995,0.0,AV16D/DV11-CAMRDITGNTRKLIF-AJ37*p02_BV4-CASSYGAQYF-BJ2-7,0.9906165924072554,7
BL6-BALBc_HTxB,0.31999999999999995,0.0,AV3-3-CAVMPNYNVLYF-AJ21*p03_BV13-2-CASGDLGTDNNQAPLF-BJ1-5,0.9139178127226613,5
BL6-BALBc_HTxB,0.31999999999999995,0.0,AV16/DV11-CAMREGNTGNYKYVF-AJ40_BV13-2-CASGGIYEQYF-BJ2-7,0.990633383059099,5
BL6-BALBc_HTxB,0.31999999999999995,0.0,AV16D/DV11-CAMREGDSNYQLIW-AJ33_BV13-2-CASGYRAPNSDYTF-BJ1-2,0.9256441305137615,5
BL6-BALBc_HTxB,0.31999999999999995,0.0,AV6D-7-CALRYGGSGNKLIF-AJ32_BV3-CASSLGTGDTQYF-BJ2-5,0.9084932682385817,8
BL6-BALBc_HTxB,0.31999999999999995,0.0,AV16/DV11-CAMRENTGANTGKLTF-AJ52_BV13-3-CASSSGGVKAEQFF-BJ2-1,0.946085477819259,9
BL6-BALBc_HTxB,0.31999999999999995,0.0,AV16D/DV11-CAMREDSGYNKLTF-AJ11*p02_BV13-2-CASGTTYEQYF-BJ2-7,0.9977847626182039,11
BL6-BALBc_HTxB,0.31999999999999995,0.0,AV15-1/DV6-1-CALWELASSNTDKVVF-AJ34*p03_BV3-CASSFGTGGYYEQYF-BJ2-7,0.954214227845549,8
BL6-BALBc_HTxB,0.31999999999999995,0.0,AV15-2/DV6-2-CALSELPGSNAKLTF-AJ42_BV13-2-CASGRGAGNTLYF-BJ1-3,0.8224200906220508,6
BL6-BALBc_HTxB,0.31999999999999995,0.0,AV16/DV11-CAMREGNTGYQNFYF-AJ49_BV13-2-CASGRGAGNTLYF-BJ1-3,0.8224353705733771,9
BL6-BALBc_HTxB,0.31499999999999995,0.0,AV13D-3-CAMRTNSAGNKLTF-AJ17*p02_BV13-2-CASGTTYEQYF-BJ2-7,0.9690289387735511,5
BL6-BALBc_HTxB,0.31499999999999995,0.0,AV6-6-CALGDQANTDKVVF-AJ34*p03_BV14-CASSLGVNTEVFF-BJ1-1,0.9415197335145967,15
BL6-BALBc_HTxB,0.31499999999999995,0.0,AV16D/DV11-CAMRDITGNTRKLIF-AJ37*p02_BV4-CASSYGAQYF-BJ2-7,0.9906165924072554,7
BL6-BALBc_HTxB,0.31499999999999995,0.0,AV3-3-CAVMPNYNVLYF-AJ21*p03_BV13-2-CASGDLGTDNNQAPLF-BJ1-5,0.9139178127226613,5
BL6-BALBc_HTxB,0.31499999999999995,0.0,AV16/DV11-CAMREGNTGNYKYVF-AJ40_BV13-2-CASGGIYEQYF-BJ2-7,0.990633383059099,5
BL6-BALBc_HTxB,0.31499999999999995,0.0,AV16D/DV11-CAMREGDSNYQLIW-AJ33_BV13-2-CASGYRAPNSDYTF-BJ1-2,0.9256441305137615,5
BL6-BALBc_HTxB,0.31499999999999995,0.0,AV6D-7-CALRYGGSGNKLIF-AJ32_BV3-CASSLGTGDTQYF-BJ2-5,0.9084932682385817,8
BL6-BALBc_HTxB,0.31499999999999995,0.0,AV16/DV11-CAMRENTGANTGKLTF-AJ52_BV13-3-CASSSGGVKAEQFF-BJ2-1,0.946085477819259,9
BL6-BALBc_HTxB,0.31499999999999995,0.0,AV16D/DV11-CAMREDSGYNKLTF-AJ11*p02_BV13-2-CASGTTYEQYF-BJ2-7,0.9977847626182039,11
BL6-BALBc_HTxB,0.31499999999999995,0.0,AV15-1/DV6-1-CALWELASSNTDKVVF-AJ34*p03_BV3-CASSFGTGGYYEQYF-BJ2-7,0.954214227845549,8
BL6-BALBc_HTxB,0.31499999999999995,0.0,AV15-2/DV6-2-CALSELPGSNAKLTF-AJ42_BV13-2-CASGRGAGNTLYF-BJ1-3,0.8224200906220508,6
BL6-BALBc_HTxB,0.31499999999999995,0.0,AV16/DV11-CAMREGNTGYQNFYF-AJ49_BV13-2-CASGRGAGNTLYF-BJ1-3,0.8224353705733771,9
BL6-BALBc_HTxB,0.30999999999999994,0.0,AV13D-3-CAMRTNSAGNKLTF-AJ17*p02_BV13-2-CASGTTYEQYF-BJ2-7,0.9690289387735511,5
BL6-BALBc_HTxB,0.30999999999999994,0.0,AV6-6-CALGDQANTDKVVF-AJ34*p03_BV14-CASSLGVNTEVFF-BJ1-1,0.9415197335145967,15
BL6-BALBc_HTxB,0.30999999999999994,0.0,AV16D/DV11-CAMRDITGNTRKLIF-AJ37*p02_BV4-CASSYGAQYF-BJ2-7,0.9906165924072554,7
BL6-BALBc_HTxB,0.30999999999999994,0.0,AV3-3-CAVMPNYNVLYF-AJ21*p03_BV13-2-CASGDLGTDNNQAPLF-BJ1-5,0.9139178127226613,5
BL6-BALBc_HTxB,0.30999999999999994,0.0,AV16/DV11-CAMREGNTGNYKYVF-AJ40_BV13-2-CASGGIYEQYF-BJ2-7,0.990633383059099,5
BL6-BALBc_HTxB,0.30999999999999994,0.0,AV16D/DV11-CAMREGDSNYQLIW-AJ33_BV13-2-CASGYRAPNSDYTF-BJ1-2,0.9256441305137615,5
BL6-BALBc_HTxB,0.30999999999999994,0.0,AV6D-7-CALRYGGSGNKLIF-AJ32_BV3-CASSLGTGDTQYF-BJ2-5,0.9084932682385817,8
BL6-BALBc_HTxB,0.30999999999999994,0.0,AV16/DV11-CAMRENTGANTGKLTF-AJ52_BV13-3-CASSSGGVKAEQFF-BJ2-1,0.946085477819259,9
BL6-BALBc_HTxB,0.30999999999999994,0.0,AV16D/DV11-CAMREDSGYNKLTF-AJ11*p02_BV13-2-CASGTTYEQYF-BJ2-7,0.9977847626182039,11
BL6-BALBc_HTxB,0.30999999999999994,0.0,AV15-1/DV6-1-CALWELASSNTDKVVF-AJ34*p03_BV3-CASSFGTGGYYEQYF-BJ2-7,0.954214227845549,8
BL6-BALBc_HTxB,0.30999999999999994,0.0,AV15-2/DV6-2-CALSELPGSNAKLTF-AJ42_BV13-2-CASGRGAGNTLYF-BJ1-3,0.8224200906220508,6
BL6-BALBc_HTxB,0.30999999999999994,0.0,AV16/DV11-CAMREGNTGYQNFYF-AJ49_BV13-2-CASGRGAGNTLYF-BJ1-3,0.8224353705733771,9
BL6-BALBc_HTxB,0.30499999999999994,0.0,AV13D-3-CAMRTNSAGNKLTF-AJ17*p02_BV13-2-CASGTTYEQYF-BJ2-7,0.9690289387735511,5
BL6-BALBc_HTxB,0.30499999999999994,0.0,AV6-6-CALGDQANTDKVVF-AJ34*p03_BV14-CASSLGVNTEVFF-BJ1-1,0.9415197335145967,15
BL6-BALBc_HTxB,0.30499999999999994,0.0,AV16D/DV11-CAMRDITGNTRKLIF-AJ37*p02_BV4-CASSYGAQYF-BJ2-7,0.9906165924072554,7
BL6-BALBc_HTxB,0.30499999999999994,0.0,AV3-3-CAVMPNYNVLYF-AJ21*p03_BV13-2-CASGDLGTDNNQAPLF-BJ1-5,0.9139178127226613,5
BL6-BALBc_HTxB,0.30499999999999994,0.0,AV16/DV11-CAMREGNTGNYKYVF-AJ40_BV13-2-CASGGIYEQYF-BJ2-7,0.990633383059099,5
BL6-BALBc_HTxB,0.30499999999999994,0.0,AV16D/DV11-CAMREGDSNYQLIW-AJ33_BV13-2-CASGYRAPNSDYTF-BJ1-2,0.9256441305137615,5
BL6-BALBc_HTxB,0.30499999999999994,0.0,AV6D-7-CALRYGGSGNKLIF-AJ32_BV3-CASSLGTGDTQYF-BJ2-5,0.9084932682385817,8
BL6-BALBc_HTxB,0.30499999999999994,0.0,AV16/DV11-CAMRENTGANTGKLTF-AJ52_BV13-3-CASSSGGVKAEQFF-BJ2-1,0.946085477819259,9
BL6-BALBc_HTxB,0.30499999999999994,0.0,AV16D/DV11-CAMREDSGYNKLTF-AJ11*p02_BV13-2-CASGTTYEQYF-BJ2-7,0.9977847626182039,11
BL6-BALBc_HTxB,0.30499999999999994,0.0,AV15-1/DV6-1-CALWELASSNTDKVVF-AJ34*p03_BV3-CASSFGTGGYYEQYF-BJ2-7,0.954214227845549,8
BL6-BALBc_HTxB,0.30499999999999994,0.0,AV15-2/DV6-2-CALSELPGSNAKLTF-AJ42_BV13-2-CASGRGAGNTLYF-BJ1-3,0.8224200906220508,6
BL6-BALBc_HTxB,0.30499999999999994,0.0,AV16/DV11-CAMREGNTGYQNFYF-AJ49_BV13-2-CASGRGAGNTLYF-BJ1-3,0.8224353705733771,9
BL6-BALBc_HTxB,0.29999999999999993,0.0,AV13D-3-CAMRTNSAGNKLTF-AJ17*p02_BV13-2-CASGTTYEQYF-BJ2-7,0.9690289387735511,5
BL6-BALBc_HTxB,0.29999999999999993,0.0,AV6-6-CALGDQANTDKVVF-AJ34*p03_BV14-CASSLGVNTEVFF-BJ1-1,0.9415197335145967,15
BL6-BALBc_HTxB,0.29999999999999993,0.0,AV16D/DV11-CAMRDITGNTRKLIF-AJ37*p02_BV4-CASSYGAQYF-BJ2-7,0.9906165924072554,7
BL6-BALBc_HTxB,0.29999999999999993,0.0,AV3-3-CAVMPNYNVLYF-AJ21*p03_BV13-2-CASGDLGTDNNQAPLF-BJ1-5,0.9139178127226613,5
BL6-BALBc_HTxB,0.29999999999999993,0.0,AV16/DV11-CAMREGNTGNYKYVF-AJ40_BV13-2-CASGGIYEQYF-BJ2-7,0.990633383059099,5
BL6-BALBc_HTxB,0.29999999999999993,0.0,AV16D/DV11-CAMREGDSNYQLIW-AJ33_BV13-2-CASGYRAPNSDYTF-BJ1-2,0.9256441305137615,5
BL6-BALBc_HTxB,0.29999999999999993,0.0,AV6D-7-CALRYGGSGNKLIF-AJ32_BV3-CASSLGTGDTQYF-BJ2-5,0.9084932682385817,8
BL6-BALBc_HTxB,0.29999999999999993,0.0,AV16/DV11-CAMRENTGANTGKLTF-AJ52_BV13-3-CASSSGGVKAEQFF-BJ2-1,0.946085477819259,9
BL6-BALBc_HTxB,0.29999999999999993,0.0,AV16D/DV11-CAMREDSGYNKLTF-AJ11*p02_BV13-2-CASGTTYEQYF-BJ2-7,0.9977847626182039,11
BL6-BALBc_HTxB,0.29999999999999993,0.0,AV15-1/DV6-1-CALWELASSNTDKVVF-AJ34*p03_BV3-CASSFGTGGYYEQYF-BJ2-7,0.954214227845549,8
BL6-BALBc_HTxB,0.29999999999999993,0.0,AV15-2/DV6-2-CALSELPGSNAKLTF-AJ42_BV13-2-CASGRGAGNTLYF-BJ1-3,0.8224200906220508,6
BL6-BALBc_HTxB,0.29999999999999993,0.0,AV16/DV11-CAMREGNTGYQNFYF-AJ49_BV13-2-CASGRGAGNTLYF-BJ1-3,0.8224353705733771,9
BL6-BALBc_HTxB,0.29500000000000004,0.0,AV13D-3-CAMRTNSAGNKLTF-AJ17*p02_BV13-2-CASGTTYEQYF-BJ2-7,0.9690289387735511,5
BL6-BALBc_HTxB,0.29500000000000004,0.0,AV6-6-CALGDQANTDKVVF-AJ34*p03_BV14-CASSLGVNTEVFF-BJ1-1,0.9415197335145967,15
BL6-BALBc_HTxB,0.29500000000000004,0.0,AV16D/DV11-CAMRDITGNTRKLIF-AJ37*p02_BV4-CASSYGAQYF-BJ2-7,0.9906165924072554,7
BL6-BALBc_HTxB,0.29500000000000004,0.0,AV3-3-CAVMPNYNVLYF-AJ21*p03_BV13-2-CASGDLGTDNNQAPLF-BJ1-5,0.9139178127226613,5
BL6-BALBc_HTxB,0.29500000000000004,0.0,AV16/DV11-CAMREGNTGNYKYVF-AJ40_BV13-2-CASGGIYEQYF-BJ2-7,0.990633383059099,5
BL6-BALBc_HTxB,0.29500000000000004,0.0,AV16D/DV11-CAMREGDSNYQLIW-AJ33_BV13-2-CASGYRAPNSDYTF-BJ1-2,0.9256441305137615,5
BL6-BALBc_HTxB,0.29500000000000004,0.0,AV6D-7-CALRYGGSGNKLIF-AJ32_BV3-CASSLGTGDTQYF-BJ2-5,0.9084932682385817,8
BL6-BALBc_HTxB,0.29500000000000004,0.0,AV16/DV11-CAMRENTGANTGKLTF-AJ52_BV13-3-CASSSGGVKAEQFF-BJ2-1,0.946085477819259,9
BL6-BALBc_HTxB,0.29500000000000004,0.0,AV16D/DV11-CAMREDSGYNKLTF-AJ11*p02_BV13-2-CASGTTYEQYF-BJ2-7,0.9977847626182039,11
BL6-BALBc_HTxB,0.29500000000000004,0.0,AV15-1/DV6-1-CALWELASSNTDKVVF-AJ34*p03_BV3-CASSFGTGGYYEQYF-BJ2-7,0.954214227845549,8
BL6-BALBc_HTxB,0.29500000000000004,0.0,AV15-2/DV6-2-CALSELPGSNAKLTF-AJ42_BV13-2-CASGRGAGNTLYF-BJ1-3,0.8224200906220508,6
BL6-BALBc_HTxB,0.29500000000000004,0.0,AV16/DV11-CAMREGNTGYQNFYF-AJ49_BV13-2-CASGRGAGNTLYF-BJ1-3,0.8224353705733771,9
BL6-BALBc_HTxB,0.29000000000000004,0.0,AV13D-3-CAMRTNSAGNKLTF-AJ17*p02_BV13-2-CASGTTYEQYF-BJ2-7,0.9690289387735511,5
BL6-BALBc_HTxB,0.29000000000000004,0.0,AV6-6-CALGDQANTDKVVF-AJ34*p03_BV14-CASSLGVNTEVFF-BJ1-1,0.9415197335145967,15
BL6-BALBc_HTxB,0.29000000000000004,0.0,AV16D/DV11-CAMRDITGNTRKLIF-AJ37*p02_BV4-CASSYGAQYF-BJ2-7,0.9906165924072554,7
BL6-BALBc_HTxB,0.29000000000000004,0.0,AV3-3-CAVMPNYNVLYF-AJ21*p03_BV13-2-CASGDLGTDNNQAPLF-BJ1-5,0.9139178127226613,5
BL6-BALBc_HTxB,0.29000000000000004,0.0,AV16/DV11-CAMREGNTGNYKYVF-AJ40_BV13-2-CASGGIYEQYF-BJ2-7,0.990633383059099,5
BL6-BALBc_HTxB,0.29000000000000004,0.0,AV16D/DV11-CAMREGDSNYQLIW-AJ33_BV13-2-CASGYRAPNSDYTF-BJ1-2,0.9256441305137615,5
BL6-BALBc_HTxB,0.29000000000000004,0.0,AV6D-7-CALRYGGSGNKLIF-AJ32_BV3-CASSLGTGDTQYF-BJ2-5,0.9084932682385817,8
BL6-BALBc_HTxB,0.29000000000000004,0.0,AV16/DV11-CAMRENTGANTGKLTF-AJ52_BV13-3-CASSSGGVKAEQFF-BJ2-1,0.946085477819259,9
BL6-BALBc_HTxB,0.29000000000000004,0.0,AV16D/DV11-CAMREDSGYNKLTF-AJ11*p02_BV13-2-CASGTTYEQYF-BJ2-7,0.9977847626182039,11
BL6-BALBc_HTxB,0.29000000000000004,0.0,AV15-1/DV6-1-CALWELASSNTDKVVF-AJ34*p03_BV3-CASSFGTGGYYEQYF-BJ2-7,0.954214227845549,8
BL6-BALBc_HTxB,0.29000000000000004,0.0,AV15-2/DV6-2-CALSELPGSNAKLTF-AJ42_BV13-2-CASGRGAGNTLYF-BJ1-3,0.8224200906220508,6
BL6-BALBc_HTxB,0.29000000000000004,0.0,AV16/DV11-CAMREGNTGYQNFYF-AJ49_BV13-2-CASGRGAGNTLYF-BJ1-3,0.8224353705733771,9
BL6-BALBc_HTxB,0.28500000000000003,0.0,AV13D-3-CAMRTNSAGNKLTF-AJ17*p02_BV13-2-CASGTTYEQYF-BJ2-7,0.9690289387735511,5
BL6-BALBc_HTxB,0.28500000000000003,0.0,AV6-6-CALGDQANTDKVVF-AJ34*p03_BV14-CASSLGVNTEVFF-BJ1-1,0.9415197335145967,15
BL6-BALBc_HTxB,0.28500000000000003,0.0,AV16D/DV11-CAMRDITGNTRKLIF-AJ37*p02_BV4-CASSYGAQYF-BJ2-7,0.9906165924072554,7
BL6-BALBc_HTxB,0.28500000000000003,0.0,AV3-3-CAVMPNYNVLYF-AJ21*p03_BV13-2-CASGDLGTDNNQAPLF-BJ1-5,0.9139178127226613,5
BL6-BALBc_HTxB,0.28500000000000003,0.0,AV16/DV11-CAMREGNTGNYKYVF-AJ40_BV13-2-CASGGIYEQYF-BJ2-7,0.990633383059099,5
BL6-BALBc_HTxB,0.28500000000000003,0.0,AV16D/DV11-CAMREGDSNYQLIW-AJ33_BV13-2-CASGYRAPNSDYTF-BJ1-2,0.9256441305137615,5
BL6-BALBc_HTxB,0.28500000000000003,0.0,AV6D-7-CALRYGGSGNKLIF-AJ32_BV3-CASSLGTGDTQYF-BJ2-5,0.9084932682385817,8
BL6-BALBc_HTxB,0.28500000000000003,0.0,AV16/DV11-CAMRENTGANTGKLTF-AJ52_BV13-3-CASSSGGVKAEQFF-BJ2-1,0.946085477819259,9
BL6-BALBc_HTxB,0.28500000000000003,0.0,AV16D/DV11-CAMREDSGYNKLTF-AJ11*p02_BV13-2-CASGTTYEQYF-BJ2-7,0.9977847626182039,11
BL6-BALBc_HTxB,0.28500000000000003,0.0,AV15-1/DV6-1-CALWELASSNTDKVVF-AJ34*p03_BV3-CASSFGTGGYYEQYF-BJ2-7,0.954214227845549,8
BL6-BALBc_HTxB,0.28500000000000003,0.0,AV15-2/DV6-2-CALSELPGSNAKLTF-AJ42_BV13-2-CASGRGAGNTLYF-BJ1-3,0.8224200906220508,6
BL6-BALBc_HTxB,0.28500000000000003,0.0,AV16/DV11-CAMREGNTGYQNFYF-AJ49_BV13-2-CASGRGAGNTLYF-BJ1-3,0.8224353705733771,9
BL6-BALBc_HTxB,0.28,0.0,AV13D-3-CAMRTNSAGNKLTF-AJ17*p02_BV13-2-CASGTTYEQYF-BJ2-7,0.9690289387735511,5
BL6-BALBc_HTxB,0.28,0.0,AV6-6-CALGDQANTDKVVF-AJ34*p03_BV14-CASSLGVNTEVFF-BJ1-1,0.9415197335145967,15
BL6-BALBc_HTxB,0.28,0.0,AV16D/DV11-CAMRDITGNTRKLIF-AJ37*p02_BV4-CASSYGAQYF-BJ2-7,0.9906165924072554,7
BL6-BALBc_HTxB,0.28,0.0,AV3-3-CAVMPNYNVLYF-AJ21*p03_BV13-2-CASGDLGTDNNQAPLF-BJ1-5,0.9139178127226613,5
BL6-BALBc_HTxB,0.28,0.0,AV16/DV11-CAMREGNTGNYKYVF-AJ40_BV13-2-CASGGIYEQYF-BJ2-7,0.990633383059099,5
BL6-BALBc_HTxB,0.28,0.0,AV16D/DV11-CAMREGDSNYQLIW-AJ33_BV13-2-CASGYRAPNSDYTF-BJ1-2,0.9256441305137615,5
BL6-BALBc_HTxB,0.28,0.0,AV6D-7-CALRYGGSGNKLIF-AJ32_BV3-CASSLGTGDTQYF-BJ2-5,0.9084932682385817,8
BL6-BALBc_HTxB,0.28,0.0,AV16/DV11-CAMRENTGANTGKLTF-AJ52_BV13-3-CASSSGGVKAEQFF-BJ2-1,0.946085477819259,9
BL6-BALBc_HTxB,0.28,0.0,AV16D/DV11-CAMREDSGYNKLTF-AJ11*p02_BV13-2-CASGTTYEQYF-BJ2-7,0.9977847626182039,11
BL6-BALBc_HTxB,0.28,0.0,AV15-1/DV6-1-CALWELASSNTDKVVF-AJ34*p03_BV3-CASSFGTGGYYEQYF-BJ2-7,0.954214227845549,8
BL6-BALBc_HTxB,0.28,0.0,AV15-2/DV6-2-CALSELPGSNAKLTF-AJ42_BV13-2-CASGRGAGNTLYF-BJ1-3,0.8224200906220508,6
BL6-BALBc_HTxB,0.28,0.0,AV16/DV11-CAMREGNTGYQNFYF-AJ49_BV13-2-CASGRGAGNTLYF-BJ1-3,0.8224353705733771,9
BL6-BALBc_HTxB,0.275,0.0,AV13D-3-CAMRTNSAGNKLTF-AJ17*p02_BV13-2-CASGTTYEQYF-BJ2-7,0.9690289387735511,5
BL6-BALBc_HTxB,0.275,0.0,AV6-6-CALGDQANTDKVVF-AJ34*p03_BV14-CASSLGVNTEVFF-BJ1-1,0.9415197335145967,15
BL6-BALBc_HTxB,0.275,0.0,AV16D/DV11-CAMRDITGNTRKLIF-AJ37*p02_BV4-CASSYGAQYF-BJ2-7,0.9906165924072554,7
BL6-BALBc_HTxB,0.275,0.0,AV3-3-CAVMPNYNVLYF-AJ21*p03_BV13-2-CASGDLGTDNNQAPLF-BJ1-5,0.9139178127226613,5
BL6-BALBc_HTxB,0.275,0.0,AV16/DV11-CAMREGNTGNYKYVF-AJ40_BV13-2-CASGGIYEQYF-BJ2-7,0.990633383059099,5
BL6-BALBc_HTxB,0.275,0.0,AV16D/DV11-CAMREGDSNYQLIW-AJ33_BV13-2-CASGYRAPNSDYTF-BJ1-2,0.9256441305137615,5
BL6-BALBc_HTxB,0.275,0.0,AV6D-7-CALRYGGSGNKLIF-AJ32_BV3-CASSLGTGDTQYF-BJ2-5,0.9084932682385817,8
BL6-BALBc_HTxB,0.275,0.0,AV16/DV11-CAMRENTGANTGKLTF-AJ52_BV13-3-CASSSGGVKAEQFF-BJ2-1,0.946085477819259,9
BL6-BALBc_HTxB,0.275,0.0,AV16D/DV11-CAMREDSGYNKLTF-AJ11*p02_BV13-2-CASGTTYEQYF-BJ2-7,0.9977847626182039,11
BL6-BALBc_HTxB,0.275,0.0,AV15-1/DV6-1-CALWELASSNTDKVVF-AJ34*p03_BV3-CASSFGTGGYYEQYF-BJ2-7,0.954214227845549,8
BL6-BALBc_HTxB,0.275,0.0,AV15-2/DV6-2-CALSELPGSNAKLTF-AJ42_BV13-2-CASGRGAGNTLYF-BJ1-3,0.8224200906220508,6
BL6-BALBc_HTxB,0.275,0.0,AV16/DV11-CAMREGNTGYQNFYF-AJ49_BV13-2-CASGRGAGNTLYF-BJ1-3,0.8224353705733771,9
BL6-BALBc_HTxB,0.27,0.0,AV13D-3-CAMRTNSAGNKLTF-AJ17*p02_BV13-2-CASGTTYEQYF-BJ2-7,0.9690289387735511,5
BL6-BALBc_HTxB,0.27,0.0,AV6-6-CALGDQANTDKVVF-AJ34*p03_BV14-CASSLGVNTEVFF-BJ1-1,0.9415197335145967,15
BL6-BALBc_HTxB,0.27,0.0,AV16D/DV11-CAMRDITGNTRKLIF-AJ37*p02_BV4-CASSYGAQYF-BJ2-7,0.9906165924072554,7
BL6-BALBc_HTxB,0.27,0.0,AV3-3-CAVMPNYNVLYF-AJ21*p03_BV13-2-CASGDLGTDNNQAPLF-BJ1-5,0.9139178127226613,5
BL6-BALBc_HTxB,0.27,0.0,AV16/DV11-CAMREGNTGNYKYVF-AJ40_BV13-2-CASGGIYEQYF-BJ2-7,0.990633383059099,5
BL6-BALBc_HTxB,0.27,0.0,AV16D/DV11-CAMREGDSNYQLIW-AJ33_BV13-2-CASGYRAPNSDYTF-BJ1-2,0.9256441305137615,5
BL6-BALBc_HTxB,0.27,0.0,AV6D-7-CALRYGGSGNKLIF-AJ32_BV3-CASSLGTGDTQYF-BJ2-5,0.9084932682385817,8
BL6-BALBc_HTxB,0.27,0.0,AV16/DV11-CAMRENTGANTGKLTF-AJ52_BV13-3-CASSSGGVKAEQFF-BJ2-1,0.946085477819259,9
BL6-BALBc_HTxB,0.27,0.0,AV16D/DV11-CAMREDSGYNKLTF-AJ11*p02_BV13-2-CASGTTYEQYF-BJ2-7,0.9977847626182039,11
BL6-BALBc_HTxB,0.27,0.0,AV15-1/DV6-1-CALWELASSNTDKVVF-AJ34*p03_BV3-CASSFGTGGYYEQYF-BJ2-7,0.954214227845549,8
BL6-BALBc_HTxB,0.27,0.0,AV15-2/DV6-2-CALSELPGSNAKLTF-AJ42_BV13-2-CASGRGAGNTLYF-BJ1-3,0.8224200906220508,6
BL6-BALBc_HTxB,0.27,0.0,AV16/DV11-CAMREGNTGYQNFYF-AJ49_BV13-2-CASGRGAGNTLYF-BJ1-3,0.8224353705733771,9
BL6-BALBc_HTxB,0.265,0.0,AV13D-3-CAMRTNSAGNKLTF-AJ17*p02_BV13-2-CASGTTYEQYF-BJ2-7,0.9690289387735511,5
BL6-BALBc_HTxB,0.265,0.0,AV6-6-CALGDQANTDKVVF-AJ34*p03_BV14-CASSLGVNTEVFF-BJ1-1,0.9415197335145967,15
BL6-BALBc_HTxB,0.265,0.0,AV16D/DV11-CAMRDITGNTRKLIF-AJ37*p02_BV4-CASSYGAQYF-BJ2-7,0.9906165924072554,7
BL6-BALBc_HTxB,0.265,0.0,AV3-3-CAVMPNYNVLYF-AJ21*p03_BV13-2-CASGDLGTDNNQAPLF-BJ1-5,0.9139178127226613,5
BL6-BALBc_HTxB,0.265,0.0,AV16/DV11-CAMREGNTGNYKYVF-AJ40_BV13-2-CASGGIYEQYF-BJ2-7,0.990633383059099,5
BL6-BALBc_HTxB,0.265,0.0,AV16D/DV11-CAMREGDSNYQLIW-AJ33_BV13-2-CASGYRAPNSDYTF-BJ1-2,0.9256441305137615,5
BL6-BALBc_HTxB,0.265,0.0,AV6D-7-CALRYGGSGNKLIF-AJ32_BV3-CASSLGTGDTQYF-BJ2-5,0.9084932682385817,8
BL6-BALBc_HTxB,0.265,0.0,AV16/DV11-CAMRENTGANTGKLTF-AJ52_BV13-3-CASSSGGVKAEQFF-BJ2-1,0.946085477819259,9
BL6-BALBc_HTxB,0.265,0.0,AV16D/DV11-CAMREDSGYNKLTF-AJ11*p02_BV13-2-CASGTTYEQYF-BJ2-7,0.9977847626182039,11
BL6-BALBc_HTxB,0.265,0.0,AV15-1/DV6-1-CALWELASSNTDKVVF-AJ34*p03_BV3-CASSFGTGGYYEQYF-BJ2-7,0.954214227845549,8
BL6-BALBc_HTxB,0.265,0.0,AV15-2/DV6-2-CALSELPGSNAKLTF-AJ42_BV13-2-CASGRGAGNTLYF-BJ1-3,0.8224200906220508,6
BL6-BALBc_HTxB,0.265,0.0,AV16/DV11-CAMREGNTGYQNFYF-AJ49_BV13-2-CASGRGAGNTLYF-BJ1-3,0.8224353705733771,9
BL6-BALBc_HTxB,0.26,0.0,AV13D-3-CAMRTNSAGNKLTF-AJ17*p02_BV13-2-CASGTTYEQYF-BJ2-7,0.9690289387735511,5
BL6-BALBc_HTxB,0.26,0.0,AV6-6-CALGDQANTDKVVF-AJ34*p03_BV14-CASSLGVNTEVFF-BJ1-1,0.9415197335145967,15
BL6-BALBc_HTxB,0.26,0.0,AV16D/DV11-CAMRDITGNTRKLIF-AJ37*p02_BV4-CASSYGAQYF-BJ2-7,0.9906165924072554,7
BL6-BALBc_HTxB,0.26,0.0,AV3-3-CAVMPNYNVLYF-AJ21*p03_BV13-2-CASGDLGTDNNQAPLF-BJ1-5,0.9139178127226613,5
BL6-BALBc_HTxB,0.26,0.0,AV16/DV11-CAMREGNTGNYKYVF-AJ40_BV13-2-CASGGIYEQYF-BJ2-7,0.990633383059099,5
BL6-BALBc_HTxB,0.26,0.0,AV16D/DV11-CAMREGDSNYQLIW-AJ33_BV13-2-CASGYRAPNSDYTF-BJ1-2,0.9256441305137615,5
BL6-BALBc_HTxB,0.26,0.0,AV6D-7-CALRYGGSGNKLIF-AJ32_BV3-CASSLGTGDTQYF-BJ2-5,0.9084932682385817,8
BL6-BALBc_HTxB,0.26,0.0,AV16/DV11-CAMRENTGANTGKLTF-AJ52_BV13-3-CASSSGGVKAEQFF-BJ2-1,0.946085477819259,9
BL6-BALBc_HTxB,0.26,0.0,AV16D/DV11-CAMREDSGYNKLTF-AJ11*p02_BV13-2-CASGTTYEQYF-BJ2-7,0.9977847626182039,11
BL6-BALBc_HTxB,0.26,0.0,AV15-1/DV6-1-CALWELASSNTDKVVF-AJ34*p03_BV3-CASSFGTGGYYEQYF-BJ2-7,0.954214227845549,8
BL6-BALBc_HTxB,0.26,0.0,AV15-2/DV6-2-CALSELPGSNAKLTF-AJ42_BV13-2-CASGRGAGNTLYF-BJ1-3,0.8224200906220508,6
BL6-BALBc_HTxB,0.26,0.0,AV16/DV11-CAMREGNTGYQNFYF-AJ49_BV13-2-CASGRGAGNTLYF-BJ1-3,0.8224353705733771,9
BL6-BALBc_HTxB,0.255,0.0,AV13D-3-CAMRTNSAGNKLTF-AJ17*p02_BV13-2-CASGTTYEQYF-BJ2-7,0.9690289387735511,5
BL6-BALBc_HTxB,0.255,0.0,AV6-6-CALGDQANTDKVVF-AJ34*p03_BV14-CASSLGVNTEVFF-BJ1-1,0.9415197335145967,15
BL6-BALBc_HTxB,0.255,0.0,AV16D/DV11-CAMRDITGNTRKLIF-AJ37*p02_BV4-CASSYGAQYF-BJ2-7,0.9906165924072554,7
BL6-BALBc_HTxB,0.255,0.0,AV3-3-CAVMPNYNVLYF-AJ21*p03_BV13-2-CASGDLGTDNNQAPLF-BJ1-5,0.9139178127226613,5
BL6-BALBc_HTxB,0.255,0.0,AV16/DV11-CAMREGNTGNYKYVF-AJ40_BV13-2-CASGGIYEQYF-BJ2-7,0.990633383059099,5
BL6-BALBc_HTxB,0.255,0.0,AV16D/DV11-CAMREGDSNYQLIW-AJ33_BV13-2-CASGYRAPNSDYTF-BJ1-2,0.9256441305137615,5
BL6-BALBc_HTxB,0.255,0.0,AV6D-7-CALRYGGSGNKLIF-AJ32_BV3-CASSLGTGDTQYF-BJ2-5,0.9084932682385817,8
BL6-BALBc_HTxB,0.255,0.0,AV16/DV11-CAMRENTGANTGKLTF-AJ52_BV13-3-CASSSGGVKAEQFF-BJ2-1,0.946085477819259,9
BL6-BALBc_HTxB,0.255,0.0,AV16D/DV11-CAMREDSGYNKLTF-AJ11*p02_BV13-2-CASGTTYEQYF-BJ2-7,0.9977847626182039,11
BL6-BALBc_HTxB,0.255,0.0,AV15-1/DV6-1-CALWELASSNTDKVVF-AJ34*p03_BV3-CASSFGTGGYYEQYF-BJ2-7,0.954214227845549,8
BL6-BALBc_HTxB,0.255,0.0,AV15-2/DV6-2-CALSELPGSNAKLTF-AJ42_BV13-2-CASGRGAGNTLYF-BJ1-3,0.8224200906220508,6
BL6-BALBc_HTxB,0.255,0.0,AV16/DV11-CAMREGNTGYQNFYF-AJ49_BV13-2-CASGRGAGNTLYF-BJ1-3,0.8224353705733771,9
BL6-BALBc_HTxB,0.25,0.0,AV13D-3-CAMRTNSAGNKLTF-AJ17*p02_BV13-2-CASGTTYEQYF-BJ2-7,0.9690289387735511,5
BL6-BALBc_HTxB,0.25,0.0,AV6-6-CALGDQANTDKVVF-AJ34*p03_BV14-CASSLGVNTEVFF-BJ1-1,0.9415197335145967,15
BL6-BALBc_HTxB,0.25,0.0,AV16D/DV11-CAMRDITGNTRKLIF-AJ37*p02_BV4-CASSYGAQYF-BJ2-7,0.9906165924072554,7
BL6-BALBc_HTxB,0.25,0.0,AV3-3-CAVMPNYNVLYF-AJ21*p03_BV13-2-CASGDLGTDNNQAPLF-BJ1-5,0.9139178127226613,5
BL6-BALBc_HTxB,0.25,0.0,AV16/DV11-CAMREGNTGNYKYVF-AJ40_BV13-2-CASGGIYEQYF-BJ2-7,0.990633383059099,5
BL6-BALBc_HTxB,0.25,0.0,AV16D/DV11-CAMREGDSNYQLIW-AJ33_BV13-2-CASGYRAPNSDYTF-BJ1-2,0.9256441305137615,5
BL6-BALBc_HTxB,0.25,0.0,AV6D-7-CALRYGGSGNKLIF-AJ32_BV3-CASSLGTGDTQYF-BJ2-5,0.9084932682385817,8
BL6-BALBc_HTxB,0.25,0.0,AV16/DV11-CAMRENTGANTGKLTF-AJ52_BV13-3-CASSSGGVKAEQFF-BJ2-1,0.946085477819259,9
BL6-BALBc_HTxB,0.25,0.0,AV16D/DV11-CAMREDSGYNKLTF-AJ11*p02_BV13-2-CASGTTYEQYF-BJ2-7,0.9977847626182039,11
BL6-BALBc_HTxB,0.25,0.0,AV15-1/DV6-1-CALWELASSNTDKVVF-AJ34*p03_BV3-CASSFGTGGYYEQYF-BJ2-7,0.954214227845549,8
BL6-BALBc_HTxB,0.25,0.0,AV15-2/DV6-2-CALSELPGSNAKLTF-AJ42_BV13-2-CASGRGAGNTLYF-BJ1-3,0.8224200906220508,6
BL6-BALBc_HTxB,0.25,0.0,AV16/DV11-CAMREGNTGYQNFYF-AJ49_BV13-2-CASGRGAGNTLYF-BJ1-3,0.8224353705733771,9
BL6-BALBc_HTxB,0.245,0.0,AV13D-3-CAMRTNSAGNKLTF-AJ17*p02_BV13-2-CASGTTYEQYF-BJ2-7,0.9690289387735511,5
BL6-BALBc_HTxB,0.245,0.0,AV6-6-CALGDQANTDKVVF-AJ34*p03_BV14-CASSLGVNTEVFF-BJ1-1,0.9415197335145967,15
BL6-BALBc_HTxB,0.245,0.0,AV16D/DV11-CAMRDITGNTRKLIF-AJ37*p02_BV4-CASSYGAQYF-BJ2-7,0.9906165924072554,7
BL6-BALBc_HTxB,0.245,0.0,AV3-3-CAVMPNYNVLYF-AJ21*p03_BV13-2-CASGDLGTDNNQAPLF-BJ1-5,0.9139178127226613,5
BL6-BALBc_HTxB,0.245,0.0,AV16/DV11-CAMREGNTGNYKYVF-AJ40_BV13-2-CASGGIYEQYF-BJ2-7,0.990633383059099,5
BL6-BALBc_HTxB,0.245,0.0,AV16D/DV11-CAMREGDSNYQLIW-AJ33_BV13-2-CASGYRAPNSDYTF-BJ1-2,0.9256441305137615,5
BL6-BALBc_HTxB,0.245,0.0,AV6D-7-CALRYGGSGNKLIF-AJ32_BV3-CASSLGTGDTQYF-BJ2-5,0.9084932682385817,8
BL6-BALBc_HTxB,0.245,0.0,AV16/DV11-CAMRENTGANTGKLTF-AJ52_BV13-3-CASSSGGVKAEQFF-BJ2-1,0.946085477819259,9
BL6-BALBc_HTxB,0.245,0.0,AV16D/DV11-CAMREDSGYNKLTF-AJ11*p02_BV13-2-CASGTTYEQYF-BJ2-7,0.9977847626182039,11
BL6-BALBc_HTxB,0.245,0.0,AV15-1/DV6-1-CALWELASSNTDKVVF-AJ34*p03_BV3-CASSFGTGGYYEQYF-BJ2-7,0.954214227845549,8
BL6-BALBc_HTxB,0.245,0.0,AV15-2/DV6-2-CALSELPGSNAKLTF-AJ42_BV13-2-CASGRGAGNTLYF-BJ1-3,0.8224200906220508,6
BL6-BALBc_HTxB,0.245,0.0,AV16/DV11-CAMREGNTGYQNFYF-AJ49_BV13-2-CASGRGAGNTLYF-BJ1-3,0.8224353705733771,9
BL6-BALBc_HTxB,0.24,0.0,AV13D-3-CAMRTNSAGNKLTF-AJ17*p02_BV13-2-CASGTTYEQYF-BJ2-7,0.9690289387735511,5
BL6-BALBc_HTxB,0.24,0.0,AV6-6-CALGDQANTDKVVF-AJ34*p03_BV14-CASSLGVNTEVFF-BJ1-1,0.9415197335145967,15
BL6-BALBc_HTxB,0.24,0.0,AV16D/DV11-CAMRDITGNTRKLIF-AJ37*p02_BV4-CASSYGAQYF-BJ2-7,0.9906165924072554,7
BL6-BALBc_HTxB,0.24,0.0,AV3-3-CAVMPNYNVLYF-AJ21*p03_BV13-2-CASGDLGTDNNQAPLF-BJ1-5,0.9139178127226613,5
BL6-BALBc_HTxB,0.24,0.0,AV16/DV11-CAMREGNTGNYKYVF-AJ40_BV13-2-CASGGIYEQYF-BJ2-7,0.990633383059099,5
BL6-BALBc_HTxB,0.24,0.0,AV16D/DV11-CAMREGDSNYQLIW-AJ33_BV13-2-CASGYRAPNSDYTF-BJ1-2,0.9256441305137615,5
BL6-BALBc_HTxB,0.24,0.0,AV6D-7-CALRYGGSGNKLIF-AJ32_BV3-CASSLGTGDTQYF-BJ2-5,0.9084932682385817,8
BL6-BALBc_HTxB,0.24,0.0,AV16/DV11-CAMRENTGANTGKLTF-AJ52_BV13-3-CASSSGGVKAEQFF-BJ2-1,0.946085477819259,9
BL6-BALBc_HTxB,0.24,0.0,AV16D/DV11-CAMREDSGYNKLTF-AJ11*p02_BV13-2-CASGTTYEQYF-BJ2-7,0.9977847626182039,11
BL6-BALBc_HTxB,0.24,0.0,AV15-1/DV6-1-CALWELASSNTDKVVF-AJ34*p03_BV3-CASSFGTGGYYEQYF-BJ2-7,0.954214227845549,8
BL6-BALBc_HTxB,0.24,0.0,AV15-2/DV6-2-CALSELPGSNAKLTF-AJ42_BV13-2-CASGRGAGNTLYF-BJ1-3,0.8224200906220508,6
BL6-BALBc_HTxB,0.24,0.0,AV16/DV11-CAMREGNTGYQNFYF-AJ49_BV13-2-CASGRGAGNTLYF-BJ1-3,0.8224353705733771,9
BL6-BALBc_HTxB,0.235,0.0,AV13D-3-CAMRTNSAGNKLTF-AJ17*p02_BV13-2-CASGTTYEQYF-BJ2-7,0.9690289387735511,5
BL6-BALBc_HTxB,0.235,0.0,AV6-6-CALGDQANTDKVVF-AJ34*p03_BV14-CASSLGVNTEVFF-BJ1-1,0.9415197335145967,15
BL6-BALBc_HTxB,0.235,0.0,AV16D/DV11-CAMRDITGNTRKLIF-AJ37*p02_BV4-CASSYGAQYF-BJ2-7,0.9906165924072554,7
BL6-BALBc_HTxB,0.235,0.0,AV3-3-CAVMPNYNVLYF-AJ21*p03_BV13-2-CASGDLGTDNNQAPLF-BJ1-5,0.9139178127226613,5
BL6-BALBc_HTxB,0.235,0.0,AV16/DV11-CAMREGNTGNYKYVF-AJ40_BV13-2-CASGGIYEQYF-BJ2-7,0.990633383059099,5
BL6-BALBc_HTxB,0.235,0.0,AV16D/DV11-CAMREGDSNYQLIW-AJ33_BV13-2-CASGYRAPNSDYTF-BJ1-2,0.9256441305137615,5
BL6-BALBc_HTxB,0.235,0.0,AV6D-7-CALRYGGSGNKLIF-AJ32_BV3-CASSLGTGDTQYF-BJ2-5,0.9084932682385817,8
BL6-BALBc_HTxB,0.235,0.0,AV16/DV11-CAMRENTGANTGKLTF-AJ52_BV13-3-CASSSGGVKAEQFF-BJ2-1,0.946085477819259,9
BL6-BALBc_HTxB,0.235,0.0,AV16D/DV11-CAMREDSGYNKLTF-AJ11*p02_BV13-2-CASGTTYEQYF-BJ2-7,0.9977847626182039,11
BL6-BALBc_HTxB,0.235,0.0,AV15-1/DV6-1-CALWELASSNTDKVVF-AJ34*p03_BV3-CASSFGTGGYYEQYF-BJ2-7,0.954214227845549,8
BL6-BALBc_HTxB,0.235,0.0,AV15-2/DV6-2-CALSELPGSNAKLTF-AJ42_BV13-2-CASGRGAGNTLYF-BJ1-3,0.8224200906220508,6
BL6-BALBc_HTxB,0.235,0.0,AV16/DV11-CAMREGNTGYQNFYF-AJ49_BV13-2-CASGRGAGNTLYF-BJ1-3,0.8224353705733771,9
BL6-BALBc_HTxB,0.22999999999999998,0.0,AV13D-3-CAMRTNSAGNKLTF-AJ17*p02_BV13-2-CASGTTYEQYF-BJ2-7,0.9690289387735511,5
BL6-BALBc_HTxB,0.22999999999999998,0.0,AV6-6-CALGDQANTDKVVF-AJ34*p03_BV14-CASSLGVNTEVFF-BJ1-1,0.9415197335145967,15
BL6-BALBc_HTxB,0.22999999999999998,0.0,AV16D/DV11-CAMRDITGNTRKLIF-AJ37*p02_BV4-CASSYGAQYF-BJ2-7,0.9906165924072554,7
BL6-BALBc_HTxB,0.22999999999999998,0.0,AV3-3-CAVMPNYNVLYF-AJ21*p03_BV13-2-CASGDLGTDNNQAPLF-BJ1-5,0.9139178127226613,5
BL6-BALBc_HTxB,0.22999999999999998,0.0,AV16/DV11-CAMREGNTGNYKYVF-AJ40_BV13-2-CASGGIYEQYF-BJ2-7,0.990633383059099,5
BL6-BALBc_HTxB,0.22999999999999998,0.0,AV16D/DV11-CAMREGDSNYQLIW-AJ33_BV13-2-CASGYRAPNSDYTF-BJ1-2,0.9256441305137615,5
BL6-BALBc_HTxB,0.22999999999999998,0.0,AV6D-7-CALRYGGSGNKLIF-AJ32_BV3-CASSLGTGDTQYF-BJ2-5,0.9084932682385817,8
BL6-BALBc_HTxB,0.22999999999999998,0.0,AV16/DV11-CAMRENTGANTGKLTF-AJ52_BV13-3-CASSSGGVKAEQFF-BJ2-1,0.946085477819259,9
BL6-BALBc_HTxB,0.22999999999999998,0.0,AV16D/DV11-CAMREDSGYNKLTF-AJ11*p02_BV13-2-CASGTTYEQYF-BJ2-7,0.9977847626182039,11
BL6-BALBc_HTxB,0.22999999999999998,0.0,AV15-1/DV6-1-CALWELASSNTDKVVF-AJ34*p03_BV3-CASSFGTGGYYEQYF-BJ2-7,0.954214227845549,8
BL6-BALBc_HTxB,0.22999999999999998,0.0,AV15-2/DV6-2-CALSELPGSNAKLTF-AJ42_BV13-2-CASGRGAGNTLYF-BJ1-3,0.8224200906220508,6
BL6-BALBc_HTxB,0.22999999999999998,0.0,AV16/DV11-CAMREGNTGYQNFYF-AJ49_BV13-2-CASGRGAGNTLYF-BJ1-3,0.8224353705733771,9
BL6-BALBc_HTxB,0.22499999999999998,0.0,AV13D-3-CAMRTNSAGNKLTF-AJ17*p02_BV13-2-CASGTTYEQYF-BJ2-7,0.9690289387735511,5
BL6-BALBc_HTxB,0.22499999999999998,0.0,AV6-6-CALGDQANTDKVVF-AJ34*p03_BV14-CASSLGVNTEVFF-BJ1-1,0.9415197335145967,15
BL6-BALBc_HTxB,0.22499999999999998,0.0,AV16D/DV11-CAMRDITGNTRKLIF-AJ37*p02_BV4-CASSYGAQYF-BJ2-7,0.9906165924072554,7
BL6-BALBc_HTxB,0.22499999999999998,0.0,AV3-3-CAVMPNYNVLYF-AJ21*p03_BV13-2-CASGDLGTDNNQAPLF-BJ1-5,0.9139178127226613,5
BL6-BALBc_HTxB,0.22499999999999998,0.0,AV16/DV11-CAMREGNTGNYKYVF-AJ40_BV13-2-CASGGIYEQYF-BJ2-7,0.990633383059099,5
BL6-BALBc_HTxB,0.22499999999999998,0.0,AV16D/DV11-CAMREGDSNYQLIW-AJ33_BV13-2-CASGYRAPNSDYTF-BJ1-2,0.9256441305137615,5
BL6-BALBc_HTxB,0.22499999999999998,0.0,AV6D-7-CALRYGGSGNKLIF-AJ32_BV3-CASSLGTGDTQYF-BJ2-5,0.9084932682385817,8
BL6-BALBc_HTxB,0.22499999999999998,0.0,AV16/DV11-CAMRENTGANTGKLTF-AJ52_BV13-3-CASSSGGVKAEQFF-BJ2-1,0.946085477819259,9
BL6-BALBc_HTxB,0.22499999999999998,0.0,AV16D/DV11-CAMREDSGYNKLTF-AJ11*p02_BV13-2-CASGTTYEQYF-BJ2-7,0.9977847626182039,11
BL6-BALBc_HTxB,0.22499999999999998,0.0,AV15-1/DV6-1-CALWELASSNTDKVVF-AJ34*p03_BV3-CASSFGTGGYYEQYF-BJ2-7,0.954214227845549,8
BL6-BALBc_HTxB,0.22499999999999998,0.0,AV15-2/DV6-2-CALSELPGSNAKLTF-AJ42_BV13-2-CASGRGAGNTLYF-BJ1-3,0.8224200906220508,6
BL6-BALBc_HTxB,0.22499999999999998,0.0,AV16/DV11-CAMREGNTGYQNFYF-AJ49_BV13-2-CASGRGAGNTLYF-BJ1-3,0.8224353705733771,9
BL6-BALBc_HTxB,0.21999999999999997,0.0,AV13D-3-CAMRTNSAGNKLTF-AJ17*p02_BV13-2-CASGTTYEQYF-BJ2-7,0.9690289387735511,5
BL6-BALBc_HTxB,0.21999999999999997,0.0,AV6-6-CALGDQANTDKVVF-AJ34*p03_BV14-CASSLGVNTEVFF-BJ1-1,0.9415197335145967,15
BL6-BALBc_HTxB,0.21999999999999997,0.0,AV16D/DV11-CAMRDITGNTRKLIF-AJ37*p02_BV4-CASSYGAQYF-BJ2-7,0.9906165924072554,7
BL6-BALBc_HTxB,0.21999999999999997,0.0,AV3-3-CAVMPNYNVLYF-AJ21*p03_BV13-2-CASGDLGTDNNQAPLF-BJ1-5,0.9139178127226613,5
BL6-BALBc_HTxB,0.21999999999999997,0.0,AV16/DV11-CAMREGNTGNYKYVF-AJ40_BV13-2-CASGGIYEQYF-BJ2-7,0.990633383059099,5
BL6-BALBc_HTxB,0.21999999999999997,0.0,AV16D/DV11-CAMREGDSNYQLIW-AJ33_BV13-2-CASGYRAPNSDYTF-BJ1-2,0.9256441305137615,5
BL6-BALBc_HTxB,0.21999999999999997,0.0,AV6D-7-CALRYGGSGNKLIF-AJ32_BV3-CASSLGTGDTQYF-BJ2-5,0.9084932682385817,8
BL6-BALBc_HTxB,0.21999999999999997,0.0,AV16/DV11-CAMRENTGANTGKLTF-AJ52_BV13-3-CASSSGGVKAEQFF-BJ2-1,0.946085477819259,9
BL6-BALBc_HTxB,0.21999999999999997,0.0,AV16D/DV11-CAMREDSGYNKLTF-AJ11*p02_BV13-2-CASGTTYEQYF-BJ2-7,0.9977847626182039,11
BL6-BALBc_HTxB,0.21999999999999997,0.0,AV15-1/DV6-1-CALWELASSNTDKVVF-AJ34*p03_BV3-CASSFGTGGYYEQYF-BJ2-7,0.954214227845549,8
BL6-BALBc_HTxB,0.21999999999999997,0.0,AV15-2/DV6-2-CALSELPGSNAKLTF-AJ42_BV13-2-CASGRGAGNTLYF-BJ1-3,0.8224200906220508,6
BL6-BALBc_HTxB,0.21999999999999997,0.0,AV16/DV11-CAMREGNTGYQNFYF-AJ49_BV13-2-CASGRGAGNTLYF-BJ1-3,0.8224353705733771,9
BL6-BALBc_HTxB,0.21499999999999997,0.0,AV13D-3-CAMRTNSAGNKLTF-AJ17*p02_BV13-2-CASGTTYEQYF-BJ2-7,0.9690289387735511,5
BL6-BALBc_HTxB,0.21499999999999997,0.0,AV6-6-CALGDQANTDKVVF-AJ34*p03_BV14-CASSLGVNTEVFF-BJ1-1,0.9415197335145967,15
BL6-BALBc_HTxB,0.21499999999999997,0.0,AV16D/DV11-CAMRDITGNTRKLIF-AJ37*p02_BV4-CASSYGAQYF-BJ2-7,0.9906165924072554,7
BL6-BALBc_HTxB,0.21499999999999997,0.0,AV3-3-CAVMPNYNVLYF-AJ21*p03_BV13-2-CASGDLGTDNNQAPLF-BJ1-5,0.9139178127226613,5
BL6-BALBc_HTxB,0.21499999999999997,0.0,AV16/DV11-CAMREGNTGNYKYVF-AJ40_BV13-2-CASGGIYEQYF-BJ2-7,0.990633383059099,5
BL6-BALBc_HTxB,0.21499999999999997,0.0,AV16D/DV11-CAMREGDSNYQLIW-AJ33_BV13-2-CASGYRAPNSDYTF-BJ1-2,0.9256441305137615,5
BL6-BALBc_HTxB,0.21499999999999997,0.0,AV6D-7-CALRYGGSGNKLIF-AJ32_BV3-CASSLGTGDTQYF-BJ2-5,0.9084932682385817,8
BL6-BALBc_HTxB,0.21499999999999997,0.0,AV16/DV11-CAMRENTGANTGKLTF-AJ52_BV13-3-CASSSGGVKAEQFF-BJ2-1,0.946085477819259,9
BL6-BALBc_HTxB,0.21499999999999997,0.0,AV16D/DV11-CAMREDSGYNKLTF-AJ11*p02_BV13-2-CASGTTYEQYF-BJ2-7,0.9977847626182039,11
BL6-BALBc_HTxB,0.21499999999999997,0.0,AV15-1/DV6-1-CALWELASSNTDKVVF-AJ34*p03_BV3-CASSFGTGGYYEQYF-BJ2-7,0.954214227845549,8
BL6-BALBc_HTxB,0.21499999999999997,0.0,AV15-2/DV6-2-CALSELPGSNAKLTF-AJ42_BV13-2-CASGRGAGNTLYF-BJ1-3,0.8224200906220508,6
BL6-BALBc_HTxB,0.21499999999999997,0.0,AV16/DV11-CAMREGNTGYQNFYF-AJ49_BV13-2-CASGRGAGNTLYF-BJ1-3,0.8224353705733771,9
BL6-BALBc_HTxB,0.20999999999999996,0.0,AV13D-3-CAMRTNSAGNKLTF-AJ17*p02_BV13-2-CASGTTYEQYF-BJ2-7,0.9690289387735511,5
BL6-BALBc_HTxB,0.20999999999999996,0.0,AV6-6-CALGDQANTDKVVF-AJ34*p03_BV14-CASSLGVNTEVFF-BJ1-1,0.9415197335145967,15
BL6-BALBc_HTxB,0.20999999999999996,0.0,AV16D/DV11-CAMRDITGNTRKLIF-AJ37*p02_BV4-CASSYGAQYF-BJ2-7,0.9906165924072554,7
BL6-BALBc_HTxB,0.20999999999999996,0.0,AV3-3-CAVMPNYNVLYF-AJ21*p03_BV13-2-CASGDLGTDNNQAPLF-BJ1-5,0.9139178127226613,5
BL6-BALBc_HTxB,0.20999999999999996,0.0,AV16/DV11-CAMREGNTGNYKYVF-AJ40_BV13-2-CASGGIYEQYF-BJ2-7,0.990633383059099,5
BL6-BALBc_HTxB,0.20999999999999996,0.0,AV16D/DV11-CAMREGDSNYQLIW-AJ33_BV13-2-CASGYRAPNSDYTF-BJ1-2,0.9256441305137615,5
BL6-BALBc_HTxB,0.20999999999999996,0.0,AV6D-7-CALRYGGSGNKLIF-AJ32_BV3-CASSLGTGDTQYF-BJ2-5,0.9084932682385817,8
BL6-BALBc_HTxB,0.20999999999999996,0.0,AV16/DV11-CAMRENTGANTGKLTF-AJ52_BV13-3-CASSSGGVKAEQFF-BJ2-1,0.946085477819259,9
BL6-BALBc_HTxB,0.20999999999999996,0.0,AV16D/DV11-CAMREDSGYNKLTF-AJ11*p02_BV13-2-CASGTTYEQYF-BJ2-7,0.9977847626182039,11
BL6-BALBc_HTxB,0.20999999999999996,0.0,AV15-1/DV6-1-CALWELASSNTDKVVF-AJ34*p03_BV3-CASSFGTGGYYEQYF-BJ2-7,0.954214227845549,8
BL6-BALBc_HTxB,0.20999999999999996,0.0,AV15-2/DV6-2-CALSELPGSNAKLTF-AJ42_BV13-2-CASGRGAGNTLYF-BJ1-3,0.8224200906220508,6
BL6-BALBc_HTxB,0.20999999999999996,0.0,AV16/DV11-CAMREGNTGYQNFYF-AJ49_BV13-2-CASGRGAGNTLYF-BJ1-3,0.8224353705733771,9
BL6-BALBc_HTxB,0.20499999999999996,0.0,AV13D-3-CAMRTNSAGNKLTF-AJ17*p02_BV13-2-CASGTTYEQYF-BJ2-7,0.9690289387735511,5
BL6-BALBc_HTxB,0.20499999999999996,0.0,AV6-6-CALGDQANTDKVVF-AJ34*p03_BV14-CASSLGVNTEVFF-BJ1-1,0.9415197335145967,15
BL6-BALBc_HTxB,0.20499999999999996,0.0,AV16D/DV11-CAMRDITGNTRKLIF-AJ37*p02_BV4-CASSYGAQYF-BJ2-7,0.9906165924072554,7
BL6-BALBc_HTxB,0.20499999999999996,0.0,AV3-3-CAVMPNYNVLYF-AJ21*p03_BV13-2-CASGDLGTDNNQAPLF-BJ1-5,0.9139178127226613,5
BL6-BALBc_HTxB,0.20499999999999996,0.0,AV16/DV11-CAMREGNTGNYKYVF-AJ40_BV13-2-CASGGIYEQYF-BJ2-7,0.990633383059099,5
BL6-BALBc_HTxB,0.20499999999999996,0.0,AV16D/DV11-CAMREGDSNYQLIW-AJ33_BV13-2-CASGYRAPNSDYTF-BJ1-2,0.9256441305137615,5
BL6-BALBc_HTxB,0.20499999999999996,0.0,AV6D-7-CALRYGGSGNKLIF-AJ32_BV3-CASSLGTGDTQYF-BJ2-5,0.9084932682385817,8
BL6-BALBc_HTxB,0.20499999999999996,0.0,AV16/DV11-CAMRENTGANTGKLTF-AJ52_BV13-3-CASSSGGVKAEQFF-BJ2-1,0.946085477819259,9
BL6-BALBc_HTxB,0.20499999999999996,0.0,AV16D/DV11-CAMREDSGYNKLTF-AJ11*p02_BV13-2-CASGTTYEQYF-BJ2-7,0.9977847626182039,11
BL6-BALBc_HTxB,0.20499999999999996,0.0,AV15-1/DV6-1-CALWELASSNTDKVVF-AJ34*p03_BV3-CASSFGTGGYYEQYF-BJ2-7,0.954214227845549,8
BL6-BALBc_HTxB,0.20499999999999996,0.0,AV15-2/DV6-2-CALSELPGSNAKLTF-AJ42_BV13-2-CASGRGAGNTLYF-BJ1-3,0.8224200906220508,6
BL6-BALBc_HTxB,0.20499999999999996,0.0,AV16/DV11-CAMREGNTGYQNFYF-AJ49_BV13-2-CASGRGAGNTLYF-BJ1-3,0.8224353705733771,9
BL6-BALBc_HTxB,0.19999999999999996,0.0,AV13D-3-CAMRTNSAGNKLTF-AJ17*p02_BV13-2-CASGTTYEQYF-BJ2-7,0.9690289387735511,5
BL6-BALBc_HTxB,0.19999999999999996,0.0,AV6-6-CALGDQANTDKVVF-AJ34*p03_BV14-CASSLGVNTEVFF-BJ1-1,0.9415197335145967,15
BL6-BALBc_HTxB,0.19999999999999996,0.0,AV16D/DV11-CAMRDITGNTRKLIF-AJ37*p02_BV4-CASSYGAQYF-BJ2-7,0.9906165924072554,7
BL6-BALBc_HTxB,0.19999999999999996,0.0,AV3-3-CAVMPNYNVLYF-AJ21*p03_BV13-2-CASGDLGTDNNQAPLF-BJ1-5,0.9139178127226613,5
BL6-BALBc_HTxB,0.19999999999999996,0.0,AV16/DV11-CAMREGNTGNYKYVF-AJ40_BV13-2-CASGGIYEQYF-BJ2-7,0.990633383059099,5
BL6-BALBc_HTxB,0.19999999999999996,0.0,AV16D/DV11-CAMREGDSNYQLIW-AJ33_BV13-2-CASGYRAPNSDYTF-BJ1-2,0.9256441305137615,5
BL6-BALBc_HTxB,0.19999999999999996,0.0,AV6D-7-CALRYGGSGNKLIF-AJ32_BV3-CASSLGTGDTQYF-BJ2-5,0.9084932682385817,8
BL6-BALBc_HTxB,0.19999999999999996,0.0,AV16/DV11-CAMRENTGANTGKLTF-AJ52_BV13-3-CASSSGGVKAEQFF-BJ2-1,0.946085477819259,9
BL6-BALBc_HTxB,0.19999999999999996,0.0,AV16D/DV11-CAMREDSGYNKLTF-AJ11*p02_BV13-2-CASGTTYEQYF-BJ2-7,0.9977847626182039,11
BL6-BALBc_HTxB,0.19999999999999996,0.0,AV15-1/DV6-1-CALWELASSNTDKVVF-AJ34*p03_BV3-CASSFGTGGYYEQYF-BJ2-7,0.954214227845549,8
BL6-BALBc_HTxB,0.19999999999999996,0.0,AV15-2/DV6-2-CALSELPGSNAKLTF-AJ42_BV13-2-CASGRGAGNTLYF-BJ1-3,0.8224200906220508,6
BL6-BALBc_HTxB,0.19999999999999996,0.0,AV16/DV11-CAMREGNTGYQNFYF-AJ49_BV13-2-CASGRGAGNTLYF-BJ1-3,0.8224353705733771,9
BL6-BALBc_HTxB,0.19499999999999995,0.0,AV13D-3-CAMRTNSAGNKLTF-AJ17*p02_BV13-2-CASGTTYEQYF-BJ2-7,0.9690289387735511,5
BL6-BALBc_HTxB,0.19499999999999995,0.0,AV6-6-CALGDQANTDKVVF-AJ34*p03_BV14-CASSLGVNTEVFF-BJ1-1,0.9415197335145967,15
BL6-BALBc_HTxB,0.19499999999999995,0.0,AV16D/DV11-CAMRDITGNTRKLIF-AJ37*p02_BV4-CASSYGAQYF-BJ2-7,0.9906165924072554,7
BL6-BALBc_HTxB,0.19499999999999995,0.0,AV3-3-CAVMPNYNVLYF-AJ21*p03_BV13-2-CASGDLGTDNNQAPLF-BJ1-5,0.9139178127226613,5
BL6-BALBc_HTxB,0.19499999999999995,0.0,AV16/DV11-CAMREGNTGNYKYVF-AJ40_BV13-2-CASGGIYEQYF-BJ2-7,0.990633383059099,5
BL6-BALBc_HTxB,0.19499999999999995,0.0,AV16D/DV11-CAMREGDSNYQLIW-AJ33_BV13-2-CASGYRAPNSDYTF-BJ1-2,0.9256441305137615,5
BL6-BALBc_HTxB,0.19499999999999995,0.0,AV6D-7-CALRYGGSGNKLIF-AJ32_BV3-CASSLGTGDTQYF-BJ2-5,0.9084932682385817,8
BL6-BALBc_HTxB,0.19499999999999995,0.0,AV16/DV11-CAMRENTGANTGKLTF-AJ52_BV13-3-CASSSGGVKAEQFF-BJ2-1,0.946085477819259,9
BL6-BALBc_HTxB,0.19499999999999995,0.0,AV16D/DV11-CAMREDSGYNKLTF-AJ11*p02_BV13-2-CASGTTYEQYF-BJ2-7,0.9977847626182039,11
BL6-BALBc_HTxB,0.19499999999999995,0.0,AV15-1/DV6-1-CALWELASSNTDKVVF-AJ34*p03_BV3-CASSFGTGGYYEQYF-BJ2-7,0.954214227845549,8
BL6-BALBc_HTxB,0.19499999999999995,0.0,AV15-2/DV6-2-CALSELPGSNAKLTF-AJ42_BV13-2-CASGRGAGNTLYF-BJ1-3,0.8224200906220508,6
BL6-BALBc_HTxB,0.19499999999999995,0.0,AV16/DV11-CAMREGNTGYQNFYF-AJ49_BV13-2-CASGRGAGNTLYF-BJ1-3,0.8224353705733771,9
BL6-BALBc_HTxB,0.18999999999999995,0.0,AV13D-3-CAMRTNSAGNKLTF-AJ17*p02_BV13-2-CASGTTYEQYF-BJ2-7,0.9690289387735511,5
BL6-BALBc_HTxB,0.18999999999999995,0.0,AV6-6-CALGDQANTDKVVF-AJ34*p03_BV14-CASSLGVNTEVFF-BJ1-1,0.9415197335145967,15
BL6-BALBc_HTxB,0.18999999999999995,0.0,AV16D/DV11-CAMRDITGNTRKLIF-AJ37*p02_BV4-CASSYGAQYF-BJ2-7,0.9906165924072554,7
BL6-BALBc_HTxB,0.18999999999999995,0.0,AV3-3-CAVMPNYNVLYF-AJ21*p03_BV13-2-CASGDLGTDNNQAPLF-BJ1-5,0.9139178127226613,5
BL6-BALBc_HTxB,0.18999999999999995,0.0,AV16/DV11-CAMREGNTGNYKYVF-AJ40_BV13-2-CASGGIYEQYF-BJ2-7,0.990633383059099,5
BL6-BALBc_HTxB,0.18999999999999995,0.0,AV16D/DV11-CAMREGDSNYQLIW-AJ33_BV13-2-CASGYRAPNSDYTF-BJ1-2,0.9256441305137615,5
BL6-BALBc_HTxB,0.18999999999999995,0.0,AV6D-7-CALRYGGSGNKLIF-AJ32_BV3-CASSLGTGDTQYF-BJ2-5,0.9084932682385817,8
BL6-BALBc_HTxB,0.18999999999999995,0.0,AV16/DV11-CAMRENTGANTGKLTF-AJ52_BV13-3-CASSSGGVKAEQFF-BJ2-1,0.946085477819259,9
BL6-BALBc_HTxB,0.18999999999999995,0.0,AV16D/DV11-CAMREDSGYNKLTF-AJ11*p02_BV13-2-CASGTTYEQYF-BJ2-7,0.9977847626182039,11
BL6-BALBc_HTxB,0.18999999999999995,0.0,AV15-1/DV6-1-CALWELASSNTDKVVF-AJ34*p03_BV3-CASSFGTGGYYEQYF-BJ2-7,0.954214227845549,8
BL6-BALBc_HTxB,0.18999999999999995,0.0,AV15-2/DV6-2-CALSELPGSNAKLTF-AJ42_BV13-2-CASGRGAGNTLYF-BJ1-3,0.8224200906220508,6
BL6-BALBc_HTxB,0.18999999999999995,0.0,AV16/DV11-CAMREGNTGYQNFYF-AJ49_BV13-2-CASGRGAGNTLYF-BJ1-3,0.8224353705733771,9
BL6-BALBc_HTxB,0.18499999999999994,0.0,AV13D-3-CAMRTNSAGNKLTF-AJ17*p02_BV13-2-CASGTTYEQYF-BJ2-7,0.9690289387735511,5
BL6-BALBc_HTxB,0.18499999999999994,0.0,AV6-6-CALGDQANTDKVVF-AJ34*p03_BV14-CASSLGVNTEVFF-BJ1-1,0.9415197335145967,15
BL6-BALBc_HTxB,0.18499999999999994,0.0,AV16D/DV11-CAMRDITGNTRKLIF-AJ37*p02_BV4-CASSYGAQYF-BJ2-7,0.9906165924072554,7
BL6-BALBc_HTxB,0.18499999999999994,0.0,AV3-3-CAVMPNYNVLYF-AJ21*p03_BV13-2-CASGDLGTDNNQAPLF-BJ1-5,0.9139178127226613,5
BL6-BALBc_HTxB,0.18499999999999994,0.0,AV16/DV11-CAMREGNTGNYKYVF-AJ40_BV13-2-CASGGIYEQYF-BJ2-7,0.990633383059099,5
BL6-BALBc_HTxB,0.18499999999999994,0.0,AV16D/DV11-CAMREGDSNYQLIW-AJ33_BV13-2-CASGYRAPNSDYTF-BJ1-2,0.9256441305137615,5
BL6-BALBc_HTxB,0.18499999999999994,0.0,AV6D-7-CALRYGGSGNKLIF-AJ32_BV3-CASSLGTGDTQYF-BJ2-5,0.9084932682385817,8
BL6-BALBc_HTxB,0.18499999999999994,0.0,AV16/DV11-CAMRENTGANTGKLTF-AJ52_BV13-3-CASSSGGVKAEQFF-BJ2-1,0.946085477819259,9
BL6-BALBc_HTxB,0.18499999999999994,0.0,AV16D/DV11-CAMREDSGYNKLTF-AJ11*p02_BV13-2-CASGTTYEQYF-BJ2-7,0.9977847626182039,11
BL6-BALBc_HTxB,0.18499999999999994,0.0,AV15-1/DV6-1-CALWELASSNTDKVVF-AJ34*p03_BV3-CASSFGTGGYYEQYF-BJ2-7,0.954214227845549,8
BL6-BALBc_HTxB,0.18499999999999994,0.0,AV15-2/DV6-2-CALSELPGSNAKLTF-AJ42_BV13-2-CASGRGAGNTLYF-BJ1-3,0.8224200906220508,6
BL6-BALBc_HTxB,0.18499999999999994,0.0,AV16/DV11-CAMREGNTGYQNFYF-AJ49_BV13-2-CASGRGAGNTLYF-BJ1-3,0.8224353705733771,9
BL6-BALBc_HTxB,0.17999999999999994,0.0,AV13D-3-CAMRTNSAGNKLTF-AJ17*p02_BV13-2-CASGTTYEQYF-BJ2-7,0.9690289387735511,5
BL6-BALBc_HTxB,0.17999999999999994,0.0,AV6-6-CALGDQANTDKVVF-AJ34*p03_BV14-CASSLGVNTEVFF-BJ1-1,0.9415197335145967,15
BL6-BALBc_HTxB,0.17999999999999994,0.0,AV16D/DV11-CAMRDITGNTRKLIF-AJ37*p02_BV4-CASSYGAQYF-BJ2-7,0.9906165924072554,7
BL6-BALBc_HTxB,0.17999999999999994,0.0,AV3-3-CAVMPNYNVLYF-AJ21*p03_BV13-2-CASGDLGTDNNQAPLF-BJ1-5,0.9139178127226613,5
BL6-BALBc_HTxB,0.17999999999999994,0.0,AV16/DV11-CAMREGNTGNYKYVF-AJ40_BV13-2-CASGGIYEQYF-BJ2-7,0.990633383059099,5
BL6-BALBc_HTxB,0.17999999999999994,0.0,AV16D/DV11-CAMREGDSNYQLIW-AJ33_BV13-2-CASGYRAPNSDYTF-BJ1-2,0.9256441305137615,5
BL6-BALBc_HTxB,0.17999999999999994,0.0,AV6D-7-CALRYGGSGNKLIF-AJ32_BV3-CASSLGTGDTQYF-BJ2-5,0.9084932682385817,8
BL6-BALBc_HTxB,0.17999999999999994,0.0,AV16/DV11-CAMRENTGANTGKLTF-AJ52_BV13-3-CASSSGGVKAEQFF-BJ2-1,0.946085477819259,9
BL6-BALBc_HTxB,0.17999999999999994,0.0,AV16D/DV11-CAMREDSGYNKLTF-AJ11*p02_BV13-2-CASGTTYEQYF-BJ2-7,0.9977847626182039,11
BL6-BALBc_HTxB,0.17999999999999994,0.0,AV15-1/DV6-1-CALWELASSNTDKVVF-AJ34*p03_BV3-CASSFGTGGYYEQYF-BJ2-7,0.954214227845549,8
BL6-BALBc_HTxB,0.17999999999999994,0.0,AV15-2/DV6-2-CALSELPGSNAKLTF-AJ42_BV13-2-CASGRGAGNTLYF-BJ1-3,0.8224200906220508,6
BL6-BALBc_HTxB,0.17999999999999994,0.0,AV16/DV11-CAMREGNTGYQNFYF-AJ49_BV13-2-CASGRGAGNTLYF-BJ1-3,0.8224353705733771,9
BL6-BALBc_HTxB,0.17499999999999993,0.0,AV13D-3-CAMRTNSAGNKLTF-AJ17*p02_BV13-2-CASGTTYEQYF-BJ2-7,0.9690289387735511,5
BL6-BALBc_HTxB,0.17499999999999993,0.0,AV6-6-CALGDQANTDKVVF-AJ34*p03_BV14-CASSLGVNTEVFF-BJ1-1,0.9415197335145967,15
BL6-BALBc_HTxB,0.17499999999999993,0.0,AV16D/DV11-CAMRDITGNTRKLIF-AJ37*p02_BV4-CASSYGAQYF-BJ2-7,0.9906165924072554,7
BL6-BALBc_HTxB,0.17499999999999993,0.0,AV3-3-CAVMPNYNVLYF-AJ21*p03_BV13-2-CASGDLGTDNNQAPLF-BJ1-5,0.9139178127226613,5
BL6-BALBc_HTxB,0.17499999999999993,0.0,AV16/DV11-CAMREGNTGNYKYVF-AJ40_BV13-2-CASGGIYEQYF-BJ2-7,0.990633383059099,5
BL6-BALBc_HTxB,0.17499999999999993,0.0,AV16D/DV11-CAMREGDSNYQLIW-AJ33_BV13-2-CASGYRAPNSDYTF-BJ1-2,0.9256441305137615,5
BL6-BALBc_HTxB,0.17499999999999993,0.0,AV6D-7-CALRYGGSGNKLIF-AJ32_BV3-CASSLGTGDTQYF-BJ2-5,0.9084932682385817,8
BL6-BALBc_HTxB,0.17499999999999993,0.0,AV16/DV11-CAMRENTGANTGKLTF-AJ52_BV13-3-CASSSGGVKAEQFF-BJ2-1,0.946085477819259,9
BL6-BALBc_HTxB,0.17499999999999993,0.0,AV16D/DV11-CAMREDSGYNKLTF-AJ11*p02_BV13-2-CASGTTYEQYF-BJ2-7,0.9977847626182039,11
BL6-BALBc_HTxB,0.17499999999999993,0.0,AV15-1/DV6-1-CALWELASSNTDKVVF-AJ34*p03_BV3-CASSFGTGGYYEQYF-BJ2-7,0.954214227845549,8
BL6-BALBc_HTxB,0.17499999999999993,0.0,AV15-2/DV6-2-CALSELPGSNAKLTF-AJ42_BV13-2-CASGRGAGNTLYF-BJ1-3,0.8224200906220508,6
BL6-BALBc_HTxB,0.17499999999999993,0.0,AV16/DV11-CAMREGNTGYQNFYF-AJ49_BV13-2-CASGRGAGNTLYF-BJ1-3,0.8224353705733771,9
BL6-BALBc_HTxB,0.16999999999999993,0.0,AV13D-3-CAMRTNSAGNKLTF-AJ17*p02_BV13-2-CASGTTYEQYF-BJ2-7,0.9690289387735511,5
BL6-BALBc_HTxB,0.16999999999999993,0.0,AV6-6-CALGDQANTDKVVF-AJ34*p03_BV14-CASSLGVNTEVFF-BJ1-1,0.9415197335145967,15
BL6-BALBc_HTxB,0.16999999999999993,0.0,AV16D/DV11-CAMRDITGNTRKLIF-AJ37*p02_BV4-CASSYGAQYF-BJ2-7,0.9906165924072554,7
BL6-BALBc_HTxB,0.16999999999999993,0.0,AV3-3-CAVMPNYNVLYF-AJ21*p03_BV13-2-CASGDLGTDNNQAPLF-BJ1-5,0.9139178127226613,5
BL6-BALBc_HTxB,0.16999999999999993,0.0,AV16/DV11-CAMREGNTGNYKYVF-AJ40_BV13-2-CASGGIYEQYF-BJ2-7,0.990633383059099,5
BL6-BALBc_HTxB,0.16999999999999993,0.0,AV16D/DV11-CAMREGDSNYQLIW-AJ33_BV13-2-CASGYRAPNSDYTF-BJ1-2,0.9256441305137615,5
BL6-BALBc_HTxB,0.16999999999999993,0.0,AV6D-7-CALRYGGSGNKLIF-AJ32_BV3-CASSLGTGDTQYF-BJ2-5,0.9084932682385817,8
BL6-BALBc_HTxB,0.16999999999999993,0.0,AV16/DV11-CAMRENTGANTGKLTF-AJ52_BV13-3-CASSSGGVKAEQFF-BJ2-1,0.946085477819259,9
BL6-BALBc_HTxB,0.16999999999999993,0.0,AV16D/DV11-CAMREDSGYNKLTF-AJ11*p02_BV13-2-CASGTTYEQYF-BJ2-7,0.9977847626182039,11
BL6-BALBc_HTxB,0.16999999999999993,0.0,AV15-1/DV6-1-CALWELASSNTDKVVF-AJ34*p03_BV3-CASSFGTGGYYEQYF-BJ2-7,0.954214227845549,8
BL6-BALBc_HTxB,0.16999999999999993,0.0,AV15-2/DV6-2-CALSELPGSNAKLTF-AJ42_BV13-2-CASGRGAGNTLYF-BJ1-3,0.8224200906220508,6
BL6-BALBc_HTxB,0.16999999999999993,0.0,AV16/DV11-CAMREGNTGYQNFYF-AJ49_BV13-2-CASGRGAGNTLYF-BJ1-3,0.8224353705733771,9
BL6-BALBc_HTxB,0.16500000000000004,0.0,AV13D-3-CAMRTNSAGNKLTF-AJ17*p02_BV13-2-CASGTTYEQYF-BJ2-7,0.9690289387735511,5
BL6-BALBc_HTxB,0.16500000000000004,0.0,AV6-6-CALGDQANTDKVVF-AJ34*p03_BV14-CASSLGVNTEVFF-BJ1-1,0.9415197335145967,15
BL6-BALBc_HTxB,0.16500000000000004,0.0,AV16D/DV11-CAMRDITGNTRKLIF-AJ37*p02_BV4-CASSYGAQYF-BJ2-7,0.9906165924072554,7
BL6-BALBc_HTxB,0.16500000000000004,0.0,AV3-3-CAVMPNYNVLYF-AJ21*p03_BV13-2-CASGDLGTDNNQAPLF-BJ1-5,0.9139178127226613,5
BL6-BALBc_HTxB,0.16500000000000004,0.0,AV16/DV11-CAMREGNTGNYKYVF-AJ40_BV13-2-CASGGIYEQYF-BJ2-7,0.990633383059099,5
BL6-BALBc_HTxB,0.16500000000000004,0.0,AV16D/DV11-CAMREGDSNYQLIW-AJ33_BV13-2-CASGYRAPNSDYTF-BJ1-2,0.9256441305137615,5
BL6-BALBc_HTxB,0.16500000000000004,0.0,AV6D-7-CALRYGGSGNKLIF-AJ32_BV3-CASSLGTGDTQYF-BJ2-5,0.9084932682385817,8
BL6-BALBc_HTxB,0.16500000000000004,0.0,AV16/DV11-CAMRENTGANTGKLTF-AJ52_BV13-3-CASSSGGVKAEQFF-BJ2-1,0.946085477819259,9
BL6-BALBc_HTxB,0.16500000000000004,0.0,AV16D/DV11-CAMREDSGYNKLTF-AJ11*p02_BV13-2-CASGTTYEQYF-BJ2-7,0.9977847626182039,11
BL6-BALBc_HTxB,0.16500000000000004,0.0,AV15-1/DV6-1-CALWELASSNTDKVVF-AJ34*p03_BV3-CASSFGTGGYYEQYF-BJ2-7,0.954214227845549,8
BL6-BALBc_HTxB,0.16500000000000004,0.0,AV15-2/DV6-2-CALSELPGSNAKLTF-AJ42_BV13-2-CASGRGAGNTLYF-BJ1-3,0.8224200906220508,6
BL6-BALBc_HTxB,0.16500000000000004,0.0,AV16/DV11-CAMREGNTGYQNFYF-AJ49_BV13-2-CASGRGAGNTLYF-BJ1-3,0.8224353705733771,9
BL6-BALBc_HTxB,0.16000000000000003,0.0,AV13D-3-CAMRTNSAGNKLTF-AJ17*p02_BV13-2-CASGTTYEQYF-BJ2-7,0.9690289387735511,5
BL6-BALBc_HTxB,0.16000000000000003,0.0,AV6-6-CALGDQANTDKVVF-AJ34*p03_BV14-CASSLGVNTEVFF-BJ1-1,0.9415197335145967,15
BL6-BALBc_HTxB,0.16000000000000003,0.0,AV16D/DV11-CAMRDITGNTRKLIF-AJ37*p02_BV4-CASSYGAQYF-BJ2-7,0.9906165924072554,7
BL6-BALBc_HTxB,0.16000000000000003,0.0,AV3-3-CAVMPNYNVLYF-AJ21*p03_BV13-2-CASGDLGTDNNQAPLF-BJ1-5,0.9139178127226613,5
BL6-BALBc_HTxB,0.16000000000000003,0.0,AV16/DV11-CAMREGNTGNYKYVF-AJ40_BV13-2-CASGGIYEQYF-BJ2-7,0.990633383059099,5
BL6-BALBc_HTxB,0.16000000000000003,0.0,AV16D/DV11-CAMREGDSNYQLIW-AJ33_BV13-2-CASGYRAPNSDYTF-BJ1-2,0.9256441305137615,5
BL6-BALBc_HTxB,0.16000000000000003,0.0,AV6D-7-CALRYGGSGNKLIF-AJ32_BV3-CASSLGTGDTQYF-BJ2-5,0.9084932682385817,8
BL6-BALBc_HTxB,0.16000000000000003,0.0,AV16/DV11-CAMRENTGANTGKLTF-AJ52_BV13-3-CASSSGGVKAEQFF-BJ2-1,0.946085477819259,9
BL6-BALBc_HTxB,0.16000000000000003,0.0,AV16D/DV11-CAMREDSGYNKLTF-AJ11*p02_BV13-2-CASGTTYEQYF-BJ2-7,0.9977847626182039,11
BL6-BALBc_HTxB,0.16000000000000003,0.0,AV15-1/DV6-1-CALWELASSNTDKVVF-AJ34*p03_BV3-CASSFGTGGYYEQYF-BJ2-7,0.954214227845549,8
BL6-BALBc_HTxB,0.16000000000000003,0.0,AV15-2/DV6-2-CALSELPGSNAKLTF-AJ42_BV13-2-CASGRGAGNTLYF-BJ1-3,0.8224200906220508,6
BL6-BALBc_HTxB,0.16000000000000003,0.0,AV16/DV11-CAMREGNTGYQNFYF-AJ49_BV13-2-CASGRGAGNTLYF-BJ1-3,0.8224353705733771,9
BL6-BALBc_HTxB,0.15500000000000003,0.0,AV13D-3-CAMRTNSAGNKLTF-AJ17*p02_BV13-2-CASGTTYEQYF-BJ2-7,0.9690289387735511,5
BL6-BALBc_HTxB,0.15500000000000003,0.0,AV6-6-CALGDQANTDKVVF-AJ34*p03_BV14-CASSLGVNTEVFF-BJ1-1,0.9415197335145967,15
BL6-BALBc_HTxB,0.15500000000000003,0.0,AV16D/DV11-CAMRDITGNTRKLIF-AJ37*p02_BV4-CASSYGAQYF-BJ2-7,0.9906165924072554,7
BL6-BALBc_HTxB,0.15500000000000003,0.0,AV3-3-CAVMPNYNVLYF-AJ21*p03_BV13-2-CASGDLGTDNNQAPLF-BJ1-5,0.9139178127226613,5
BL6-BALBc_HTxB,0.15500000000000003,0.0,AV16/DV11-CAMREGNTGNYKYVF-AJ40_BV13-2-CASGGIYEQYF-BJ2-7,0.990633383059099,5
BL6-BALBc_HTxB,0.15500000000000003,0.0,AV16D/DV11-CAMREGDSNYQLIW-AJ33_BV13-2-CASGYRAPNSDYTF-BJ1-2,0.9256441305137615,5
BL6-BALBc_HTxB,0.15500000000000003,0.0,AV6D-7-CALRYGGSGNKLIF-AJ32_BV3-CASSLGTGDTQYF-BJ2-5,0.9084932682385817,8
BL6-BALBc_HTxB,0.15500000000000003,0.0,AV16/DV11-CAMRENTGANTGKLTF-AJ52_BV13-3-CASSSGGVKAEQFF-BJ2-1,0.946085477819259,9
BL6-BALBc_HTxB,0.15500000000000003,0.0,AV16D/DV11-CAMREDSGYNKLTF-AJ11*p02_BV13-2-CASGTTYEQYF-BJ2-7,0.9977847626182039,11
BL6-BALBc_HTxB,0.15500000000000003,0.0,AV15-1/DV6-1-CALWELASSNTDKVVF-AJ34*p03_BV3-CASSFGTGGYYEQYF-BJ2-7,0.954214227845549,8
BL6-BALBc_HTxB,0.15500000000000003,0.0,AV15-2/DV6-2-CALSELPGSNAKLTF-AJ42_BV13-2-CASGRGAGNTLYF-BJ1-3,0.8224200906220508,6
BL6-BALBc_HTxB,0.15500000000000003,0.0,AV16/DV11-CAMREGNTGYQNFYF-AJ49_BV13-2-CASGRGAGNTLYF-BJ1-3,0.8224353705733771,9
BL6-BALBc_HTxB,0.15000000000000002,0.0,AV13D-3-CAMRTNSAGNKLTF-AJ17*p02_BV13-2-CASGTTYEQYF-BJ2-7,0.9690289387735511,5
BL6-BALBc_HTxB,0.15000000000000002,0.0,AV6-6-CALGDQANTDKVVF-AJ34*p03_BV14-CASSLGVNTEVFF-BJ1-1,0.9415197335145967,15
BL6-BALBc_HTxB,0.15000000000000002,0.0,AV16D/DV11-CAMRDITGNTRKLIF-AJ37*p02_BV4-CASSYGAQYF-BJ2-7,0.9906165924072554,7
BL6-BALBc_HTxB,0.15000000000000002,0.0,AV3-3-CAVMPNYNVLYF-AJ21*p03_BV13-2-CASGDLGTDNNQAPLF-BJ1-5,0.9139178127226613,5
BL6-BALBc_HTxB,0.15000000000000002,0.0,AV16/DV11-CAMREGNTGNYKYVF-AJ40_BV13-2-CASGGIYEQYF-BJ2-7,0.990633383059099,5
BL6-BALBc_HTxB,0.15000000000000002,0.0,AV16D/DV11-CAMREGDSNYQLIW-AJ33_BV13-2-CASGYRAPNSDYTF-BJ1-2,0.9256441305137615,5
BL6-BALBc_HTxB,0.15000000000000002,0.0,AV6D-7-CALRYGGSGNKLIF-AJ32_BV3-CASSLGTGDTQYF-BJ2-5,0.9084932682385817,8
BL6-BALBc_HTxB,0.15000000000000002,0.0,AV16/DV11-CAMRENTGANTGKLTF-AJ52_BV13-3-CASSSGGVKAEQFF-BJ2-1,0.946085477819259,9
BL6-BALBc_HTxB,0.15000000000000002,0.0,AV16D/DV11-CAMREDSGYNKLTF-AJ11*p02_BV13-2-CASGTTYEQYF-BJ2-7,0.9977847626182039,11
BL6-BALBc_HTxB,0.15000000000000002,0.0,AV15-1/DV6-1-CALWELASSNTDKVVF-AJ34*p03_BV3-CASSFGTGGYYEQYF-BJ2-7,0.954214227845549,8
BL6-BALBc_HTxB,0.15000000000000002,0.0,AV15-2/DV6-2-CALSELPGSNAKLTF-AJ42_BV13-2-CASGRGAGNTLYF-BJ1-3,0.8224200906220508,6
BL6-BALBc_HTxB,0.15000000000000002,0.0,AV16/DV11-CAMREGNTGYQNFYF-AJ49_BV13-2-CASGRGAGNTLYF-BJ1-3,0.8224353705733771,9
BL6-BALBc_HTxB,0.14500000000000002,0.0,AV13D-3-CAMRTNSAGNKLTF-AJ17*p02_BV13-2-CASGTTYEQYF-BJ2-7,0.9690289387735511,5
BL6-BALBc_HTxB,0.14500000000000002,0.0,AV6-6-CALGDQANTDKVVF-AJ34*p03_BV14-CASSLGVNTEVFF-BJ1-1,0.9415197335145967,15
BL6-BALBc_HTxB,0.14500000000000002,0.0,AV16D/DV11-CAMRDITGNTRKLIF-AJ37*p02_BV4-CASSYGAQYF-BJ2-7,0.9906165924072554,7
BL6-BALBc_HTxB,0.14500000000000002,0.0,AV3-3-CAVMPNYNVLYF-AJ21*p03_BV13-2-CASGDLGTDNNQAPLF-BJ1-5,0.9139178127226613,5
BL6-BALBc_HTxB,0.14500000000000002,0.0,AV16/DV11-CAMREGNTGNYKYVF-AJ40_BV13-2-CASGGIYEQYF-BJ2-7,0.990633383059099,5
BL6-BALBc_HTxB,0.14500000000000002,0.0,AV16D/DV11-CAMREGDSNYQLIW-AJ33_BV13-2-CASGYRAPNSDYTF-BJ1-2,0.9256441305137615,5
BL6-BALBc_HTxB,0.14500000000000002,0.0,AV6D-7-CALRYGGSGNKLIF-AJ32_BV3-CASSLGTGDTQYF-BJ2-5,0.9084932682385817,8
BL6-BALBc_HTxB,0.14500000000000002,0.0,AV16/DV11-CAMRENTGANTGKLTF-AJ52_BV13-3-CASSSGGVKAEQFF-BJ2-1,0.946085477819259,9
BL6-BALBc_HTxB,0.14500000000000002,0.0,AV16D/DV11-CAMREDSGYNKLTF-AJ11*p02_BV13-2-CASGTTYEQYF-BJ2-7,0.9977847626182039,11
BL6-BALBc_HTxB,0.14500000000000002,0.0,AV15-1/DV6-1-CALWELASSNTDKVVF-AJ34*p03_BV3-CASSFGTGGYYEQYF-BJ2-7,0.954214227845549,8
BL6-BALBc_HTxB,0.14500000000000002,0.0,AV15-2/DV6-2-CALSELPGSNAKLTF-AJ42_BV13-2-CASGRGAGNTLYF-BJ1-3,0.8224200906220508,6
BL6-BALBc_HTxB,0.14500000000000002,0.0,AV16/DV11-CAMREGNTGYQNFYF-AJ49_BV13-2-CASGRGAGNTLYF-BJ1-3,0.8224353705733771,9
BL6-BALBc_HTxB,0.14,0.0,AV13D-3-CAMRTNSAGNKLTF-AJ17*p02_BV13-2-CASGTTYEQYF-BJ2-7,0.9690289387735511,5
BL6-BALBc_HTxB,0.14,0.0,AV6-6-CALGDQANTDKVVF-AJ34*p03_BV14-CASSLGVNTEVFF-BJ1-1,0.9415197335145967,15
BL6-BALBc_HTxB,0.14,0.0,AV16D/DV11-CAMRDITGNTRKLIF-AJ37*p02_BV4-CASSYGAQYF-BJ2-7,0.9906165924072554,7
BL6-BALBc_HTxB,0.14,0.0,AV3-3-CAVMPNYNVLYF-AJ21*p03_BV13-2-CASGDLGTDNNQAPLF-BJ1-5,0.9139178127226613,5
BL6-BALBc_HTxB,0.14,0.0,AV16/DV11-CAMREGNTGNYKYVF-AJ40_BV13-2-CASGGIYEQYF-BJ2-7,0.990633383059099,5
BL6-BALBc_HTxB,0.14,0.0,AV16D/DV11-CAMREGDSNYQLIW-AJ33_BV13-2-CASGYRAPNSDYTF-BJ1-2,0.9256441305137615,5
BL6-BALBc_HTxB,0.14,0.0,AV6D-7-CALRYGGSGNKLIF-AJ32_BV3-CASSLGTGDTQYF-BJ2-5,0.9084932682385817,8
BL6-BALBc_HTxB,0.14,0.0,AV16/DV11-CAMRENTGANTGKLTF-AJ52_BV13-3-CASSSGGVKAEQFF-BJ2-1,0.946085477819259,9
BL6-BALBc_HTxB,0.14,0.0,AV16D/DV11-CAMREDSGYNKLTF-AJ11*p02_BV13-2-CASGTTYEQYF-BJ2-7,0.9977847626182039,11
BL6-BALBc_HTxB,0.14,0.0,AV15-1/DV6-1-CALWELASSNTDKVVF-AJ34*p03_BV3-CASSFGTGGYYEQYF-BJ2-7,0.954214227845549,8
BL6-BALBc_HTxB,0.14,0.0,AV15-2/DV6-2-CALSELPGSNAKLTF-AJ42_BV13-2-CASGRGAGNTLYF-BJ1-3,0.8224200906220508,6
BL6-BALBc_HTxB,0.14,0.0,AV16/DV11-CAMREGNTGYQNFYF-AJ49_BV13-2-CASGRGAGNTLYF-BJ1-3,0.8224353705733771,9
BL6-BALBc_HTxB,0.135,0.0,AV13D-3-CAMRTNSAGNKLTF-AJ17*p02_BV13-2-CASGTTYEQYF-BJ2-7,0.9690289387735511,5
BL6-BALBc_HTxB,0.135,0.0,AV6-6-CALGDQANTDKVVF-AJ34*p03_BV14-CASSLGVNTEVFF-BJ1-1,0.9415197335145967,15
BL6-BALBc_HTxB,0.135,0.0,AV16D/DV11-CAMRDITGNTRKLIF-AJ37*p02_BV4-CASSYGAQYF-BJ2-7,0.9906165924072554,7
BL6-BALBc_HTxB,0.135,0.0,AV3-3-CAVMPNYNVLYF-AJ21*p03_BV13-2-CASGDLGTDNNQAPLF-BJ1-5,0.9139178127226613,5
BL6-BALBc_HTxB,0.135,0.0,AV16/DV11-CAMREGNTGNYKYVF-AJ40_BV13-2-CASGGIYEQYF-BJ2-7,0.990633383059099,5
BL6-BALBc_HTxB,0.135,0.0,AV16D/DV11-CAMREGDSNYQLIW-AJ33_BV13-2-CASGYRAPNSDYTF-BJ1-2,0.9256441305137615,5
BL6-BALBc_HTxB,0.135,0.0,AV6D-7-CALRYGGSGNKLIF-AJ32_BV3-CASSLGTGDTQYF-BJ2-5,0.9084932682385817,8
BL6-BALBc_HTxB,0.135,0.0,AV16/DV11-CAMRENTGANTGKLTF-AJ52_BV13-3-CASSSGGVKAEQFF-BJ2-1,0.946085477819259,9
BL6-BALBc_HTxB,0.135,0.0,AV16D/DV11-CAMREDSGYNKLTF-AJ11*p02_BV13-2-CASGTTYEQYF-BJ2-7,0.9977847626182039,11
BL6-BALBc_HTxB,0.135,0.0,AV15-1/DV6-1-CALWELASSNTDKVVF-AJ34*p03_BV3-CASSFGTGGYYEQYF-BJ2-7,0.954214227845549,8
BL6-BALBc_HTxB,0.135,0.0,AV15-2/DV6-2-CALSELPGSNAKLTF-AJ42_BV13-2-CASGRGAGNTLYF-BJ1-3,0.8224200906220508,6
BL6-BALBc_HTxB,0.135,0.0,AV16/DV11-CAMREGNTGYQNFYF-AJ49_BV13-2-CASGRGAGNTLYF-BJ1-3,0.8224353705733771,9
BL6-BALBc_HTxB,0.13,0.0,AV13D-3-CAMRTNSAGNKLTF-AJ17*p02_BV13-2-CASGTTYEQYF-BJ2-7,0.9690289387735511,5
BL6-BALBc_HTxB,0.13,0.0,AV6-6-CALGDQANTDKVVF-AJ34*p03_BV14-CASSLGVNTEVFF-BJ1-1,0.9415197335145967,15
BL6-BALBc_HTxB,0.13,0.0,AV16D/DV11-CAMRDITGNTRKLIF-AJ37*p02_BV4-CASSYGAQYF-BJ2-7,0.9906165924072554,7
BL6-BALBc_HTxB,0.13,0.0,AV3-3-CAVMPNYNVLYF-AJ21*p03_BV13-2-CASGDLGTDNNQAPLF-BJ1-5,0.9139178127226613,5
BL6-BALBc_HTxB,0.13,0.0,AV16/DV11-CAMREGNTGNYKYVF-AJ40_BV13-2-CASGGIYEQYF-BJ2-7,0.990633383059099,5
BL6-BALBc_HTxB,0.13,0.0,AV16D/DV11-CAMREGDSNYQLIW-AJ33_BV13-2-CASGYRAPNSDYTF-BJ1-2,0.9256441305137615,5
BL6-BALBc_HTxB,0.13,0.0,AV6D-7-CALRYGGSGNKLIF-AJ32_BV3-CASSLGTGDTQYF-BJ2-5,0.9084932682385817,8
BL6-BALBc_HTxB,0.13,0.0,AV16/DV11-CAMRENTGANTGKLTF-AJ52_BV13-3-CASSSGGVKAEQFF-BJ2-1,0.946085477819259,9
BL6-BALBc_HTxB,0.13,0.0,AV16D/DV11-CAMREDSGYNKLTF-AJ11*p02_BV13-2-CASGTTYEQYF-BJ2-7,0.9977847626182039,11
BL6-BALBc_HTxB,0.13,0.0,AV15-1/DV6-1-CALWELASSNTDKVVF-AJ34*p03_BV3-CASSFGTGGYYEQYF-BJ2-7,0.954214227845549,8
BL6-BALBc_HTxB,0.13,0.0,AV15-2/DV6-2-CALSELPGSNAKLTF-AJ42_BV13-2-CASGRGAGNTLYF-BJ1-3,0.8224200906220508,6
BL6-BALBc_HTxB,0.13,0.0,AV16/DV11-CAMREGNTGYQNFYF-AJ49_BV13-2-CASGRGAGNTLYF-BJ1-3,0.8224353705733771,9
BL6-BALBc_HTxB,0.125,0.0,AV13D-3-CAMRTNSAGNKLTF-AJ17*p02_BV13-2-CASGTTYEQYF-BJ2-7,0.9690289387735511,5
BL6-BALBc_HTxB,0.125,0.0,AV6-6-CALGDQANTDKVVF-AJ34*p03_BV14-CASSLGVNTEVFF-BJ1-1,0.9415197335145967,15
BL6-BALBc_HTxB,0.125,0.0,AV16D/DV11-CAMRDITGNTRKLIF-AJ37*p02_BV4-CASSYGAQYF-BJ2-7,0.9906165924072554,7
BL6-BALBc_HTxB,0.125,0.0,AV3-3-CAVMPNYNVLYF-AJ21*p03_BV13-2-CASGDLGTDNNQAPLF-BJ1-5,0.9139178127226613,5
BL6-BALBc_HTxB,0.125,0.0,AV16/DV11-CAMREGNTGNYKYVF-AJ40_BV13-2-CASGGIYEQYF-BJ2-7,0.990633383059099,5
BL6-BALBc_HTxB,0.125,0.0,AV16D/DV11-CAMREGDSNYQLIW-AJ33_BV13-2-CASGYRAPNSDYTF-BJ1-2,0.9256441305137615,5
BL6-BALBc_HTxB,0.125,0.0,AV6D-7-CALRYGGSGNKLIF-AJ32_BV3-CASSLGTGDTQYF-BJ2-5,0.9084932682385817,8
BL6-BALBc_HTxB,0.125,0.0,AV16/DV11-CAMRENTGANTGKLTF-AJ52_BV13-3-CASSSGGVKAEQFF-BJ2-1,0.946085477819259,9
BL6-BALBc_HTxB,0.125,0.0,AV16D/DV11-CAMREDSGYNKLTF-AJ11*p02_BV13-2-CASGTTYEQYF-BJ2-7,0.9977847626182039,11
BL6-BALBc_HTxB,0.125,0.0,AV15-1/DV6-1-CALWELASSNTDKVVF-AJ34*p03_BV3-CASSFGTGGYYEQYF-BJ2-7,0.954214227845549,8
BL6-BALBc_HTxB,0.125,0.0,AV15-2/DV6-2-CALSELPGSNAKLTF-AJ42_BV13-2-CASGRGAGNTLYF-BJ1-3,0.8224200906220508,6
BL6-BALBc_HTxB,0.125,0.0,AV16/DV11-CAMREGNTGYQNFYF-AJ49_BV13-2-CASGRGAGNTLYF-BJ1-3,0.8224353705733771,9
BL6-BALBc_HTxB,0.12,0.0,AV13D-3-CAMRTNSAGNKLTF-AJ17*p02_BV13-2-CASGTTYEQYF-BJ2-7,0.9690289387735511,5
BL6-BALBc_HTxB,0.12,0.0,AV6-6-CALGDQANTDKVVF-AJ34*p03_BV14-CASSLGVNTEVFF-BJ1-1,0.9415197335145967,15
BL6-BALBc_HTxB,0.12,0.0,AV16D/DV11-CAMRDITGNTRKLIF-AJ37*p02_BV4-CASSYGAQYF-BJ2-7,0.9906165924072554,7
BL6-BALBc_HTxB,0.12,0.0,AV3-3-CAVMPNYNVLYF-AJ21*p03_BV13-2-CASGDLGTDNNQAPLF-BJ1-5,0.9139178127226613,5
BL6-BALBc_HTxB,0.12,0.0,AV16/DV11-CAMREGNTGNYKYVF-AJ40_BV13-2-CASGGIYEQYF-BJ2-7,0.990633383059099,5
BL6-BALBc_HTxB,0.12,0.0,AV16D/DV11-CAMREGDSNYQLIW-AJ33_BV13-2-CASGYRAPNSDYTF-BJ1-2,0.9256441305137615,5
BL6-BALBc_HTxB,0.12,0.0,AV6D-7-CALRYGGSGNKLIF-AJ32_BV3-CASSLGTGDTQYF-BJ2-5,0.9084932682385817,8
BL6-BALBc_HTxB,0.12,0.0,AV16/DV11-CAMRENTGANTGKLTF-AJ52_BV13-3-CASSSGGVKAEQFF-BJ2-1,0.946085477819259,9
BL6-BALBc_HTxB,0.12,0.0,AV16D/DV11-CAMREDSGYNKLTF-AJ11*p02_BV13-2-CASGTTYEQYF-BJ2-7,0.9977847626182039,11
BL6-BALBc_HTxB,0.12,0.0,AV15-1/DV6-1-CALWELASSNTDKVVF-AJ34*p03_BV3-CASSFGTGGYYEQYF-BJ2-7,0.954214227845549,8
BL6-BALBc_HTxB,0.12,0.0,AV15-2/DV6-2-CALSELPGSNAKLTF-AJ42_BV13-2-CASGRGAGNTLYF-BJ1-3,0.8224200906220508,6
BL6-BALBc_HTxB,0.12,0.0,AV16/DV11-CAMREGNTGYQNFYF-AJ49_BV13-2-CASGRGAGNTLYF-BJ1-3,0.8224353705733771,9
BL6-BALBc_HTxB,0.11499999999999999,0.0,AV13D-3-CAMRTNSAGNKLTF-AJ17*p02_BV13-2-CASGTTYEQYF-BJ2-7,0.9690289387735511,5
BL6-BALBc_HTxB,0.11499999999999999,0.0,AV6-6-CALGDQANTDKVVF-AJ34*p03_BV14-CASSLGVNTEVFF-BJ1-1,0.9415197335145967,15
BL6-BALBc_HTxB,0.11499999999999999,0.0,AV16D/DV11-CAMRDITGNTRKLIF-AJ37*p02_BV4-CASSYGAQYF-BJ2-7,0.9906165924072554,7
BL6-BALBc_HTxB,0.11499999999999999,0.0,AV3-3-CAVMPNYNVLYF-AJ21*p03_BV13-2-CASGDLGTDNNQAPLF-BJ1-5,0.9139178127226613,5
BL6-BALBc_HTxB,0.11499999999999999,0.0,AV16/DV11-CAMREGNTGNYKYVF-AJ40_BV13-2-CASGGIYEQYF-BJ2-7,0.990633383059099,5
BL6-BALBc_HTxB,0.11499999999999999,0.0,AV16D/DV11-CAMREGDSNYQLIW-AJ33_BV13-2-CASGYRAPNSDYTF-BJ1-2,0.9256441305137615,5
BL6-BALBc_HTxB,0.11499999999999999,0.0,AV6D-7-CALRYGGSGNKLIF-AJ32_BV3-CASSLGTGDTQYF-BJ2-5,0.9084932682385817,8
BL6-BALBc_HTxB,0.11499999999999999,0.0,AV16/DV11-CAMRENTGANTGKLTF-AJ52_BV13-3-CASSSGGVKAEQFF-BJ2-1,0.946085477819259,9
BL6-BALBc_HTxB,0.11499999999999999,0.0,AV16D/DV11-CAMREDSGYNKLTF-AJ11*p02_BV13-2-CASGTTYEQYF-BJ2-7,0.9977847626182039,11
BL6-BALBc_HTxB,0.11499999999999999,0.0,AV15-1/DV6-1-CALWELASSNTDKVVF-AJ34*p03_BV3-CASSFGTGGYYEQYF-BJ2-7,0.954214227845549,8
BL6-BALBc_HTxB,0.11499999999999999,0.0,AV15-2/DV6-2-CALSELPGSNAKLTF-AJ42_BV13-2-CASGRGAGNTLYF-BJ1-3,0.8224200906220508,6
BL6-BALBc_HTxB,0.11499999999999999,0.0,AV16/DV11-CAMREGNTGYQNFYF-AJ49_BV13-2-CASGRGAGNTLYF-BJ1-3,0.8224353705733771,9
BL6-BALBc_HTxB,0.10999999999999999,0.0,AV13D-3-CAMRTNSAGNKLTF-AJ17*p02_BV13-2-CASGTTYEQYF-BJ2-7,0.9690289387735511,5
BL6-BALBc_HTxB,0.10999999999999999,0.0,AV6-6-CALGDQANTDKVVF-AJ34*p03_BV14-CASSLGVNTEVFF-BJ1-1,0.9415197335145967,15
BL6-BALBc_HTxB,0.10999999999999999,0.0,AV16D/DV11-CAMRDITGNTRKLIF-AJ37*p02_BV4-CASSYGAQYF-BJ2-7,0.9906165924072554,7
BL6-BALBc_HTxB,0.10999999999999999,0.0,AV3-3-CAVMPNYNVLYF-AJ21*p03_BV13-2-CASGDLGTDNNQAPLF-BJ1-5,0.9139178127226613,5
BL6-BALBc_HTxB,0.10999999999999999,0.0,AV16/DV11-CAMREGNTGNYKYVF-AJ40_BV13-2-CASGGIYEQYF-BJ2-7,0.990633383059099,5
BL6-BALBc_HTxB,0.10999999999999999,0.0,AV16D/DV11-CAMREGDSNYQLIW-AJ33_BV13-2-CASGYRAPNSDYTF-BJ1-2,0.9256441305137615,5
BL6-BALBc_HTxB,0.10999999999999999,0.0,AV6D-7-CALRYGGSGNKLIF-AJ32_BV3-CASSLGTGDTQYF-BJ2-5,0.9084932682385817,8
BL6-BALBc_HTxB,0.10999999999999999,0.0,AV16/DV11-CAMRENTGANTGKLTF-AJ52_BV13-3-CASSSGGVKAEQFF-BJ2-1,0.946085477819259,9
BL6-BALBc_HTxB,0.10999999999999999,0.0,AV16D/DV11-CAMREDSGYNKLTF-AJ11*p02_BV13-2-CASGTTYEQYF-BJ2-7,0.9977847626182039,11
BL6-BALBc_HTxB,0.10999999999999999,0.0,AV15-1/DV6-1-CALWELASSNTDKVVF-AJ34*p03_BV3-CASSFGTGGYYEQYF-BJ2-7,0.954214227845549,8
BL6-BALBc_HTxB,0.10999999999999999,0.0,AV15-2/DV6-2-CALSELPGSNAKLTF-AJ42_BV13-2-CASGRGAGNTLYF-BJ1-3,0.8224200906220508,6
BL6-BALBc_HTxB,0.10999999999999999,0.0,AV16/DV11-CAMREGNTGYQNFYF-AJ49_BV13-2-CASGRGAGNTLYF-BJ1-3,0.8224353705733771,9
BL6-BALBc_HTxB,0.10499999999999998,0.0,AV13D-3-CAMRTNSAGNKLTF-AJ17*p02_BV13-2-CASGTTYEQYF-BJ2-7,0.9690289387735511,5
BL6-BALBc_HTxB,0.10499999999999998,0.0,AV6-6-CALGDQANTDKVVF-AJ34*p03_BV14-CASSLGVNTEVFF-BJ1-1,0.9415197335145967,15
BL6-BALBc_HTxB,0.10499999999999998,0.0,AV16D/DV11-CAMRDITGNTRKLIF-AJ37*p02_BV4-CASSYGAQYF-BJ2-7,0.9906165924072554,7
BL6-BALBc_HTxB,0.10499999999999998,0.0,AV3-3-CAVMPNYNVLYF-AJ21*p03_BV13-2-CASGDLGTDNNQAPLF-BJ1-5,0.9139178127226613,5
BL6-BALBc_HTxB,0.10499999999999998,0.0,AV16/DV11-CAMREGNTGNYKYVF-AJ40_BV13-2-CASGGIYEQYF-BJ2-7,0.990633383059099,5
BL6-BALBc_HTxB,0.10499999999999998,0.0,AV16D/DV11-CAMREGDSNYQLIW-AJ33_BV13-2-CASGYRAPNSDYTF-BJ1-2,0.9256441305137615,5
BL6-BALBc_HTxB,0.10499999999999998,0.0,AV6D-7-CALRYGGSGNKLIF-AJ32_BV3-CASSLGTGDTQYF-BJ2-5,0.9084932682385817,8
BL6-BALBc_HTxB,0.10499999999999998,0.0,AV16/DV11-CAMRENTGANTGKLTF-AJ52_BV13-3-CASSSGGVKAEQFF-BJ2-1,0.946085477819259,9
BL6-BALBc_HTxB,0.10499999999999998,0.0,AV16D/DV11-CAMREDSGYNKLTF-AJ11*p02_BV13-2-CASGTTYEQYF-BJ2-7,0.9977847626182039,11
BL6-BALBc_HTxB,0.10499999999999998,0.0,AV15-1/DV6-1-CALWELASSNTDKVVF-AJ34*p03_BV3-CASSFGTGGYYEQYF-BJ2-7,0.954214227845549,8
BL6-BALBc_HTxB,0.10499999999999998,0.0,AV15-2/DV6-2-CALSELPGSNAKLTF-AJ42_BV13-2-CASGRGAGNTLYF-BJ1-3,0.8224200906220508,6
BL6-BALBc_HTxB,0.10499999999999998,0.0,AV16/DV11-CAMREGNTGYQNFYF-AJ49_BV13-2-CASGRGAGNTLYF-BJ1-3,0.8224353705733771,9
BL6-BALBc_HTxB,0.09999999999999998,0.0,AV13D-3-CAMRTNSAGNKLTF-AJ17*p02_BV13-2-CASGTTYEQYF-BJ2-7,0.9690289387735511,5
BL6-BALBc_HTxB,0.09999999999999998,0.0,AV6-6-CALGDQANTDKVVF-AJ34*p03_BV14-CASSLGVNTEVFF-BJ1-1,0.9415197335145967,15
BL6-BALBc_HTxB,0.09999999999999998,0.0,AV16D/DV11-CAMRDITGNTRKLIF-AJ37*p02_BV4-CASSYGAQYF-BJ2-7,0.9906165924072554,7
BL6-BALBc_HTxB,0.09999999999999998,0.0,AV3-3-CAVMPNYNVLYF-AJ21*p03_BV13-2-CASGDLGTDNNQAPLF-BJ1-5,0.9139178127226613,5
BL6-BALBc_HTxB,0.09999999999999998,0.0,AV16/DV11-CAMREGNTGNYKYVF-AJ40_BV13-2-CASGGIYEQYF-BJ2-7,0.990633383059099,5
BL6-BALBc_HTxB,0.09999999999999998,0.0,AV16D/DV11-CAMREGDSNYQLIW-AJ33_BV13-2-CASGYRAPNSDYTF-BJ1-2,0.9256441305137615,5
BL6-BALBc_HTxB,0.09999999999999998,0.0,AV6D-7-CALRYGGSGNKLIF-AJ32_BV3-CASSLGTGDTQYF-BJ2-5,0.9084932682385817,8
BL6-BALBc_HTxB,0.09999999999999998,0.0,AV16/DV11-CAMRENTGANTGKLTF-AJ52_BV13-3-CASSSGGVKAEQFF-BJ2-1,0.946085477819259,9
BL6-BALBc_HTxB,0.09999999999999998,0.0,AV16D/DV11-CAMREDSGYNKLTF-AJ11*p02_BV13-2-CASGTTYEQYF-BJ2-7,0.9977847626182039,11
BL6-BALBc_HTxB,0.09999999999999998,0.0,AV15-1/DV6-1-CALWELASSNTDKVVF-AJ34*p03_BV3-CASSFGTGGYYEQYF-BJ2-7,0.954214227845549,8
BL6-BALBc_HTxB,0.09999999999999998,0.0,AV15-2/DV6-2-CALSELPGSNAKLTF-AJ42_BV13-2-CASGRGAGNTLYF-BJ1-3,0.8224200906220508,6
BL6-BALBc_HTxB,0.09999999999999998,0.0,AV16/DV11-CAMREGNTGYQNFYF-AJ49_BV13-2-CASGRGAGNTLYF-BJ1-3,0.8224353705733771,9
BL6-BALBc_HTxB,0.09499999999999997,0.0,AV13D-3-CAMRTNSAGNKLTF-AJ17*p02_BV13-2-CASGTTYEQYF-BJ2-7,0.9690289387735511,5
BL6-BALBc_HTxB,0.09499999999999997,0.0,AV6-6-CALGDQANTDKVVF-AJ34*p03_BV14-CASSLGVNTEVFF-BJ1-1,0.9415197335145967,15
BL6-BALBc_HTxB,0.09499999999999997,0.0,AV16D/DV11-CAMRDITGNTRKLIF-AJ37*p02_BV4-CASSYGAQYF-BJ2-7,0.9906165924072554,7
BL6-BALBc_HTxB,0.09499999999999997,0.0,AV3-3-CAVMPNYNVLYF-AJ21*p03_BV13-2-CASGDLGTDNNQAPLF-BJ1-5,0.9139178127226613,5
BL6-BALBc_HTxB,0.09499999999999997,0.0,AV16/DV11-CAMREGNTGNYKYVF-AJ40_BV13-2-CASGGIYEQYF-BJ2-7,0.990633383059099,5
BL6-BALBc_HTxB,0.09499999999999997,0.0,AV16D/DV11-CAMREGDSNYQLIW-AJ33_BV13-2-CASGYRAPNSDYTF-BJ1-2,0.9256441305137615,5
BL6-BALBc_HTxB,0.09499999999999997,0.0,AV6D-7-CALRYGGSGNKLIF-AJ32_BV3-CASSLGTGDTQYF-BJ2-5,0.9084932682385817,8
BL6-BALBc_HTxB,0.09499999999999997,0.0,AV16/DV11-CAMRENTGANTGKLTF-AJ52_BV13-3-CASSSGGVKAEQFF-BJ2-1,0.946085477819259,9
BL6-BALBc_HTxB,0.09499999999999997,0.0,AV16D/DV11-CAMREDSGYNKLTF-AJ11*p02_BV13-2-CASGTTYEQYF-BJ2-7,0.9977847626182039,11
BL6-BALBc_HTxB,0.09499999999999997,0.0,AV15-1/DV6-1-CALWELASSNTDKVVF-AJ34*p03_BV3-CASSFGTGGYYEQYF-BJ2-7,0.954214227845549,8
BL6-BALBc_HTxB,0.09499999999999997,0.0,AV15-2/DV6-2-CALSELPGSNAKLTF-AJ42_BV13-2-CASGRGAGNTLYF-BJ1-3,0.8224200906220508,6
BL6-BALBc_HTxB,0.09499999999999997,0.0,AV16/DV11-CAMREGNTGYQNFYF-AJ49_BV13-2-CASGRGAGNTLYF-BJ1-3,0.8224353705733771,9
BL6-BALBc_HTxB,0.08999999999999997,0.0,AV13D-3-CAMRTNSAGNKLTF-AJ17*p02_BV13-2-CASGTTYEQYF-BJ2-7,0.9690289387735511,5
BL6-BALBc_HTxB,0.08999999999999997,0.0,AV6-6-CALGDQANTDKVVF-AJ34*p03_BV14-CASSLGVNTEVFF-BJ1-1,0.9415197335145967,15
BL6-BALBc_HTxB,0.08999999999999997,0.0,AV16D/DV11-CAMRDITGNTRKLIF-AJ37*p02_BV4-CASSYGAQYF-BJ2-7,0.9906165924072554,7
BL6-BALBc_HTxB,0.08999999999999997,0.0,AV3-3-CAVMPNYNVLYF-AJ21*p03_BV13-2-CASGDLGTDNNQAPLF-BJ1-5,0.9139178127226613,5
BL6-BALBc_HTxB,0.08999999999999997,0.0,AV16/DV11-CAMREGNTGNYKYVF-AJ40_BV13-2-CASGGIYEQYF-BJ2-7,0.990633383059099,5
BL6-BALBc_HTxB,0.08999999999999997,0.0,AV16D/DV11-CAMREGDSNYQLIW-AJ33_BV13-2-CASGYRAPNSDYTF-BJ1-2,0.9256441305137615,5
BL6-BALBc_HTxB,0.08999999999999997,0.0,AV6D-7-CALRYGGSGNKLIF-AJ32_BV3-CASSLGTGDTQYF-BJ2-5,0.9084932682385817,8
BL6-BALBc_HTxB,0.08999999999999997,0.0,AV16/DV11-CAMRENTGANTGKLTF-AJ52_BV13-3-CASSSGGVKAEQFF-BJ2-1,0.946085477819259,9
BL6-BALBc_HTxB,0.08999999999999997,0.0,AV16D/DV11-CAMREDSGYNKLTF-AJ11*p02_BV13-2-CASGTTYEQYF-BJ2-7,0.9977847626182039,11
BL6-BALBc_HTxB,0.08999999999999997,0.0,AV15-1/DV6-1-CALWELASSNTDKVVF-AJ34*p03_BV3-CASSFGTGGYYEQYF-BJ2-7,0.954214227845549,8
BL6-BALBc_HTxB,0.08999999999999997,0.0,AV15-2/DV6-2-CALSELPGSNAKLTF-AJ42_BV13-2-CASGRGAGNTLYF-BJ1-3,0.8224200906220508,6
BL6-BALBc_HTxB,0.08999999999999997,0.0,AV16/DV11-CAMREGNTGYQNFYF-AJ49_BV13-2-CASGRGAGNTLYF-BJ1-3,0.8224353705733771,9
BL6-BALBc_HTxB,0.08499999999999996,0.0,AV13D-3-CAMRTNSAGNKLTF-AJ17*p02_BV13-2-CASGTTYEQYF-BJ2-7,0.9690289387735511,5
BL6-BALBc_HTxB,0.08499999999999996,0.0,AV6-6-CALGDQANTDKVVF-AJ34*p03_BV14-CASSLGVNTEVFF-BJ1-1,0.9415197335145967,15
BL6-BALBc_HTxB,0.08499999999999996,0.0,AV16D/DV11-CAMRDITGNTRKLIF-AJ37*p02_BV4-CASSYGAQYF-BJ2-7,0.9906165924072554,7
BL6-BALBc_HTxB,0.08499999999999996,0.0,AV3-3-CAVMPNYNVLYF-AJ21*p03_BV13-2-CASGDLGTDNNQAPLF-BJ1-5,0.9139178127226613,5
BL6-BALBc_HTxB,0.08499999999999996,0.0,AV16/DV11-CAMREGNTGNYKYVF-AJ40_BV13-2-CASGGIYEQYF-BJ2-7,0.990633383059099,5
BL6-BALBc_HTxB,0.08499999999999996,0.0,AV16D/DV11-CAMREGDSNYQLIW-AJ33_BV13-2-CASGYRAPNSDYTF-BJ1-2,0.9256441305137615,5
BL6-BALBc_HTxB,0.08499999999999996,0.0,AV6D-7-CALRYGGSGNKLIF-AJ32_BV3-CASSLGTGDTQYF-BJ2-5,0.9084932682385817,8
BL6-BALBc_HTxB,0.08499999999999996,0.0,AV16/DV11-CAMRENTGANTGKLTF-AJ52_BV13-3-CASSSGGVKAEQFF-BJ2-1,0.946085477819259,9
BL6-BALBc_HTxB,0.08499999999999996,0.0,AV16D/DV11-CAMREDSGYNKLTF-AJ11*p02_BV13-2-CASGTTYEQYF-BJ2-7,0.9977847626182039,11
BL6-BALBc_HTxB,0.08499999999999996,0.0,AV15-1/DV6-1-CALWELASSNTDKVVF-AJ34*p03_BV3-CASSFGTGGYYEQYF-BJ2-7,0.954214227845549,8
BL6-BALBc_HTxB,0.08499999999999996,0.0,AV15-2/DV6-2-CALSELPGSNAKLTF-AJ42_BV13-2-CASGRGAGNTLYF-BJ1-3,0.8224200906220508,6
BL6-BALBc_HTxB,0.08499999999999996,0.0,AV16/DV11-CAMREGNTGYQNFYF-AJ49_BV13-2-CASGRGAGNTLYF-BJ1-3,0.8224353705733771,9
BL6-BALBc_HTxB,0.07999999999999996,0.0,AV13D-3-CAMRTNSAGNKLTF-AJ17*p02_BV13-2-CASGTTYEQYF-BJ2-7,0.9690289387735511,5
BL6-BALBc_HTxB,0.07999999999999996,0.0,AV6-6-CALGDQANTDKVVF-AJ34*p03_BV14-CASSLGVNTEVFF-BJ1-1,0.9415197335145967,15
BL6-BALBc_HTxB,0.07999999999999996,0.0,AV16D/DV11-CAMRDITGNTRKLIF-AJ37*p02_BV4-CASSYGAQYF-BJ2-7,0.9906165924072554,7
BL6-BALBc_HTxB,0.07999999999999996,0.0,AV3-3-CAVMPNYNVLYF-AJ21*p03_BV13-2-CASGDLGTDNNQAPLF-BJ1-5,0.9139178127226613,5
BL6-BALBc_HTxB,0.07999999999999996,0.0,AV16/DV11-CAMREGNTGNYKYVF-AJ40_BV13-2-CASGGIYEQYF-BJ2-7,0.990633383059099,5
BL6-BALBc_HTxB,0.07999999999999996,0.0,AV16D/DV11-CAMREGDSNYQLIW-AJ33_BV13-2-CASGYRAPNSDYTF-BJ1-2,0.9256441305137615,5
BL6-BALBc_HTxB,0.07999999999999996,0.0,AV6D-7-CALRYGGSGNKLIF-AJ32_BV3-CASSLGTGDTQYF-BJ2-5,0.9084932682385817,8
BL6-BALBc_HTxB,0.07999999999999996,0.0,AV16/DV11-CAMRENTGANTGKLTF-AJ52_BV13-3-CASSSGGVKAEQFF-BJ2-1,0.946085477819259,9
BL6-BALBc_HTxB,0.07999999999999996,0.0,AV16D/DV11-CAMREDSGYNKLTF-AJ11*p02_BV13-2-CASGTTYEQYF-BJ2-7,0.9977847626182039,11
BL6-BALBc_HTxB,0.07999999999999996,0.0,AV15-1/DV6-1-CALWELASSNTDKVVF-AJ34*p03_BV3-CASSFGTGGYYEQYF-BJ2-7,0.954214227845549,8
BL6-BALBc_HTxB,0.07999999999999996,0.0,AV15-2/DV6-2-CALSELPGSNAKLTF-AJ42_BV13-2-CASGRGAGNTLYF-BJ1-3,0.8224200906220508,6
BL6-BALBc_HTxB,0.07999999999999996,0.0,AV16/DV11-CAMREGNTGYQNFYF-AJ49_BV13-2-CASGRGAGNTLYF-BJ1-3,0.8224353705733771,9
BL6-BALBc_HTxB,0.07499999999999996,0.0,AV13D-3-CAMRTNSAGNKLTF-AJ17*p02_BV13-2-CASGTTYEQYF-BJ2-7,0.9690289387735511,5
BL6-BALBc_HTxB,0.07499999999999996,0.0,AV6-6-CALGDQANTDKVVF-AJ34*p03_BV14-CASSLGVNTEVFF-BJ1-1,0.9415197335145967,15
BL6-BALBc_HTxB,0.07499999999999996,0.0,AV16D/DV11-CAMRDITGNTRKLIF-AJ37*p02_BV4-CASSYGAQYF-BJ2-7,0.9906165924072554,7
BL6-BALBc_HTxB,0.07499999999999996,0.0,AV3-3-CAVMPNYNVLYF-AJ21*p03_BV13-2-CASGDLGTDNNQAPLF-BJ1-5,0.9139178127226613,5
BL6-BALBc_HTxB,0.07499999999999996,0.0,AV16/DV11-CAMREGNTGNYKYVF-AJ40_BV13-2-CASGGIYEQYF-BJ2-7,0.990633383059099,5
BL6-BALBc_HTxB,0.07499999999999996,0.0,AV16D/DV11-CAMREGDSNYQLIW-AJ33_BV13-2-CASGYRAPNSDYTF-BJ1-2,0.9256441305137615,5
BL6-BALBc_HTxB,0.07499999999999996,0.0,AV6D-7-CALRYGGSGNKLIF-AJ32_BV3-CASSLGTGDTQYF-BJ2-5,0.9084932682385817,8
BL6-BALBc_HTxB,0.07499999999999996,0.0,AV16/DV11-CAMRENTGANTGKLTF-AJ52_BV13-3-CASSSGGVKAEQFF-BJ2-1,0.946085477819259,9
BL6-BALBc_HTxB,0.07499999999999996,0.0,AV16D/DV11-CAMREDSGYNKLTF-AJ11*p02_BV13-2-CASGTTYEQYF-BJ2-7,0.9977847626182039,11
BL6-BALBc_HTxB,0.07499999999999996,0.0,AV15-1/DV6-1-CALWELASSNTDKVVF-AJ34*p03_BV3-CASSFGTGGYYEQYF-BJ2-7,0.954214227845549,8
BL6-BALBc_HTxB,0.07499999999999996,0.0,AV15-2/DV6-2-CALSELPGSNAKLTF-AJ42_BV13-2-CASGRGAGNTLYF-BJ1-3,0.8224200906220508,6
BL6-BALBc_HTxB,0.07499999999999996,0.0,AV16/DV11-CAMREGNTGYQNFYF-AJ49_BV13-2-CASGRGAGNTLYF-BJ1-3,0.8224353705733771,9
BL6-BALBc_HTxB,0.06999999999999995,0.0,AV13D-3-CAMRTNSAGNKLTF-AJ17*p02_BV13-2-CASGTTYEQYF-BJ2-7,0.9690289387735511,5
BL6-BALBc_HTxB,0.06999999999999995,0.0,AV6-6-CALGDQANTDKVVF-AJ34*p03_BV14-CASSLGVNTEVFF-BJ1-1,0.9415197335145967,15
BL6-BALBc_HTxB,0.06999999999999995,0.0,AV16D/DV11-CAMRDITGNTRKLIF-AJ37*p02_BV4-CASSYGAQYF-BJ2-7,0.9906165924072554,7
BL6-BALBc_HTxB,0.06999999999999995,0.0,AV3-3-CAVMPNYNVLYF-AJ21*p03_BV13-2-CASGDLGTDNNQAPLF-BJ1-5,0.9139178127226613,5
BL6-BALBc_HTxB,0.06999999999999995,0.0,AV16/DV11-CAMREGNTGNYKYVF-AJ40_BV13-2-CASGGIYEQYF-BJ2-7,0.990633383059099,5
BL6-BALBc_HTxB,0.06999999999999995,0.0,AV16D/DV11-CAMREGDSNYQLIW-AJ33_BV13-2-CASGYRAPNSDYTF-BJ1-2,0.9256441305137615,5
BL6-BALBc_HTxB,0.06999999999999995,0.0,AV6D-7-CALRYGGSGNKLIF-AJ32_BV3-CASSLGTGDTQYF-BJ2-5,0.9084932682385817,8
BL6-BALBc_HTxB,0.06999999999999995,0.0,AV16/DV11-CAMRENTGANTGKLTF-AJ52_BV13-3-CASSSGGVKAEQFF-BJ2-1,0.946085477819259,9
BL6-BALBc_HTxB,0.06999999999999995,0.0,AV16D/DV11-CAMREDSGYNKLTF-AJ11*p02_BV13-2-CASGTTYEQYF-BJ2-7,0.9977847626182039,11
BL6-BALBc_HTxB,0.06999999999999995,0.0,AV15-1/DV6-1-CALWELASSNTDKVVF-AJ34*p03_BV3-CASSFGTGGYYEQYF-BJ2-7,0.954214227845549,8
BL6-BALBc_HTxB,0.06999999999999995,0.0,AV15-2/DV6-2-CALSELPGSNAKLTF-AJ42_BV13-2-CASGRGAGNTLYF-BJ1-3,0.8224200906220508,6
BL6-BALBc_HTxB,0.06999999999999995,0.0,AV16/DV11-CAMREGNTGYQNFYF-AJ49_BV13-2-CASGRGAGNTLYF-BJ1-3,0.8224353705733771,9
BL6-BALBc_HTxB,0.06499999999999995,0.0,AV13D-3-CAMRTNSAGNKLTF-AJ17*p02_BV13-2-CASGTTYEQYF-BJ2-7,0.9690289387735511,5
BL6-BALBc_HTxB,0.06499999999999995,0.0,AV6-6-CALGDQANTDKVVF-AJ34*p03_BV14-CASSLGVNTEVFF-BJ1-1,0.9415197335145967,15
BL6-BALBc_HTxB,0.06499999999999995,0.0,AV16D/DV11-CAMRDITGNTRKLIF-AJ37*p02_BV4-CASSYGAQYF-BJ2-7,0.9906165924072554,7
BL6-BALBc_HTxB,0.06499999999999995,0.0,AV3-3-CAVMPNYNVLYF-AJ21*p03_BV13-2-CASGDLGTDNNQAPLF-BJ1-5,0.9139178127226613,5
BL6-BALBc_HTxB,0.06499999999999995,0.0,AV16/DV11-CAMREGNTGNYKYVF-AJ40_BV13-2-CASGGIYEQYF-BJ2-7,0.990633383059099,5
BL6-BALBc_HTxB,0.06499999999999995,0.0,AV16D/DV11-CAMREGDSNYQLIW-AJ33_BV13-2-CASGYRAPNSDYTF-BJ1-2,0.9256441305137615,5
BL6-BALBc_HTxB,0.06499999999999995,0.0,AV6D-7-CALRYGGSGNKLIF-AJ32_BV3-CASSLGTGDTQYF-BJ2-5,0.9084932682385817,8
BL6-BALBc_HTxB,0.06499999999999995,0.0,AV16/DV11-CAMRENTGANTGKLTF-AJ52_BV13-3-CASSSGGVKAEQFF-BJ2-1,0.946085477819259,9
BL6-BALBc_HTxB,0.06499999999999995,0.0,AV16D/DV11-CAMREDSGYNKLTF-AJ11*p02_BV13-2-CASGTTYEQYF-BJ2-7,0.9977847626182039,11
BL6-BALBc_HTxB,0.06499999999999995,0.0,AV15-1/DV6-1-CALWELASSNTDKVVF-AJ34*p03_BV3-CASSFGTGGYYEQYF-BJ2-7,0.954214227845549,8
BL6-BALBc_HTxB,0.06499999999999995,0.0,AV15-2/DV6-2-CALSELPGSNAKLTF-AJ42_BV13-2-CASGRGAGNTLYF-BJ1-3,0.8224200906220508,6
BL6-BALBc_HTxB,0.06499999999999995,0.0,AV16/DV11-CAMREGNTGYQNFYF-AJ49_BV13-2-CASGRGAGNTLYF-BJ1-3,0.8224353705733771,9
BL6-BALBc_HTxB,0.05999999999999994,0.0,AV13D-3-CAMRTNSAGNKLTF-AJ17*p02_BV13-2-CASGTTYEQYF-BJ2-7,0.9690289387735511,5
BL6-BALBc_HTxB,0.05999999999999994,0.0,AV6-6-CALGDQANTDKVVF-AJ34*p03_BV14-CASSLGVNTEVFF-BJ1-1,0.9415197335145967,15
BL6-BALBc_HTxB,0.05999999999999994,0.0,AV16D/DV11-CAMRDITGNTRKLIF-AJ37*p02_BV4-CASSYGAQYF-BJ2-7,0.9906165924072554,7
BL6-BALBc_HTxB,0.05999999999999994,0.0,AV3-3-CAVMPNYNVLYF-AJ21*p03_BV13-2-CASGDLGTDNNQAPLF-BJ1-5,0.9139178127226613,5
BL6-BALBc_HTxB,0.05999999999999994,0.0,AV16/DV11-CAMREGNTGNYKYVF-AJ40_BV13-2-CASGGIYEQYF-BJ2-7,0.990633383059099,5
BL6-BALBc_HTxB,0.05999999999999994,0.0,AV16D/DV11-CAMREGDSNYQLIW-AJ33_BV13-2-CASGYRAPNSDYTF-BJ1-2,0.9256441305137615,5
BL6-BALBc_HTxB,0.05999999999999994,0.0,AV6D-7-CALRYGGSGNKLIF-AJ32_BV3-CASSLGTGDTQYF-BJ2-5,0.9084932682385817,8
BL6-BALBc_HTxB,0.05999999999999994,0.0,AV16/DV11-CAMRENTGANTGKLTF-AJ52_BV13-3-CASSSGGVKAEQFF-BJ2-1,0.946085477819259,9
BL6-BALBc_HTxB,0.05999999999999994,0.0,AV16D/DV11-CAMREDSGYNKLTF-AJ11*p02_BV13-2-CASGTTYEQYF-BJ2-7,0.9977847626182039,11
BL6-BALBc_HTxB,0.05999999999999994,0.0,AV15-1/DV6-1-CALWELASSNTDKVVF-AJ34*p03_BV3-CASSFGTGGYYEQYF-BJ2-7,0.954214227845549,8
BL6-BALBc_HTxB,0.05999999999999994,0.0,AV15-2/DV6-2-CALSELPGSNAKLTF-AJ42_BV13-2-CASGRGAGNTLYF-BJ1-3,0.8224200906220508,6
BL6-BALBc_HTxB,0.05999999999999994,0.0,AV16/DV11-CAMREGNTGYQNFYF-AJ49_BV13-2-CASGRGAGNTLYF-BJ1-3,0.8224353705733771,9
BL6-BALBc_HTxB,0.05499999999999994,0.0,AV13D-3-CAMRTNSAGNKLTF-AJ17*p02_BV13-2-CASGTTYEQYF-BJ2-7,0.9690289387735511,5
BL6-BALBc_HTxB,0.05499999999999994,0.0,AV6-6-CALGDQANTDKVVF-AJ34*p03_BV14-CASSLGVNTEVFF-BJ1-1,0.9415197335145967,15
BL6-BALBc_HTxB,0.05499999999999994,0.0,AV16D/DV11-CAMRDITGNTRKLIF-AJ37*p02_BV4-CASSYGAQYF-BJ2-7,0.9906165924072554,7
BL6-BALBc_HTxB,0.05499999999999994,0.0,AV3-3-CAVMPNYNVLYF-AJ21*p03_BV13-2-CASGDLGTDNNQAPLF-BJ1-5,0.9139178127226613,5
BL6-BALBc_HTxB,0.05499999999999994,0.0,AV16/DV11-CAMREGNTGNYKYVF-AJ40_BV13-2-CASGGIYEQYF-BJ2-7,0.990633383059099,5
BL6-BALBc_HTxB,0.05499999999999994,0.0,AV16D/DV11-CAMREGDSNYQLIW-AJ33_BV13-2-CASGYRAPNSDYTF-BJ1-2,0.9256441305137615,5
BL6-BALBc_HTxB,0.05499999999999994,0.0,AV6D-7-CALRYGGSGNKLIF-AJ32_BV3-CASSLGTGDTQYF-BJ2-5,0.9084932682385817,8
BL6-BALBc_HTxB,0.05499999999999994,0.0,AV16/DV11-CAMRENTGANTGKLTF-AJ52_BV13-3-CASSSGGVKAEQFF-BJ2-1,0.946085477819259,9
BL6-BALBc_HTxB,0.05499999999999994,0.0,AV16D/DV11-CAMREDSGYNKLTF-AJ11*p02_BV13-2-CASGTTYEQYF-BJ2-7,0.9977847626182039,11
BL6-BALBc_HTxB,0.05499999999999994,0.0,AV15-1/DV6-1-CALWELASSNTDKVVF-AJ34*p03_BV3-CASSFGTGGYYEQYF-BJ2-7,0.954214227845549,8
BL6-BALBc_HTxB,0.05499999999999994,0.0,AV15-2/DV6-2-CALSELPGSNAKLTF-AJ42_BV13-2-CASGRGAGNTLYF-BJ1-3,0.8224200906220508,6
BL6-BALBc_HTxB,0.05499999999999994,0.0,AV16/DV11-CAMREGNTGYQNFYF-AJ49_BV13-2-CASGRGAGNTLYF-BJ1-3,0.8224353705733771,9
BL6-BALBc_HTxB,0.04999999999999993,0.0,AV13D-3-CAMRTNSAGNKLTF-AJ17*p02_BV13-2-CASGTTYEQYF-BJ2-7,0.9690289387735511,5
BL6-BALBc_HTxB,0.04999999999999993,0.0,AV6-6-CALGDQANTDKVVF-AJ34*p03_BV14-CASSLGVNTEVFF-BJ1-1,0.9415197335145967,15
BL6-BALBc_HTxB,0.04999999999999993,0.0,AV16D/DV11-CAMRDITGNTRKLIF-AJ37*p02_BV4-CASSYGAQYF-BJ2-7,0.9906165924072554,7
BL6-BALBc_HTxB,0.04999999999999993,0.0,AV3-3-CAVMPNYNVLYF-AJ21*p03_BV13-2-CASGDLGTDNNQAPLF-BJ1-5,0.9139178127226613,5
BL6-BALBc_HTxB,0.04999999999999993,0.0,AV16/DV11-CAMREGNTGNYKYVF-AJ40_BV13-2-CASGGIYEQYF-BJ2-7,0.990633383059099,5
BL6-BALBc_HTxB,0.04999999999999993,0.0,AV16D/DV11-CAMREGDSNYQLIW-AJ33_BV13-2-CASGYRAPNSDYTF-BJ1-2,0.9256441305137615,5
BL6-BALBc_HTxB,0.04999999999999993,0.0,AV6D-7-CALRYGGSGNKLIF-AJ32_BV3-CASSLGTGDTQYF-BJ2-5,0.9084932682385817,8
BL6-BALBc_HTxB,0.04999999999999993,0.0,AV16/DV11-CAMRENTGANTGKLTF-AJ52_BV13-3-CASSSGGVKAEQFF-BJ2-1,0.946085477819259,9
BL6-BALBc_HTxB,0.04999999999999993,0.0,AV16D/DV11-CAMREDSGYNKLTF-AJ11*p02_BV13-2-CASGTTYEQYF-BJ2-7,0.9977847626182039,11
BL6-BALBc_HTxB,0.04999999999999993,0.0,AV15-1/DV6-1-CALWELASSNTDKVVF-AJ34*p03_BV3-CASSFGTGGYYEQYF-BJ2-7,0.954214227845549,8
BL6-BALBc_HTxB,0.04999999999999993,0.0,AV15-2/DV6-2-CALSELPGSNAKLTF-AJ42_BV13-2-CASGRGAGNTLYF-BJ1-3,0.8224200906220508,6
BL6-BALBc_HTxB,0.04999999999999993,0.0,AV16/DV11-CAMREGNTGYQNFYF-AJ49_BV13-2-CASGRGAGNTLYF-BJ1-3,0.8224353705733771,9
BL6-BALBc_HTxB,0.04499999999999993,0.0,AV13D-3-CAMRTNSAGNKLTF-AJ17*p02_BV13-2-CASGTTYEQYF-BJ2-7,0.9690289387735511,5
BL6-BALBc_HTxB,0.04499999999999993,0.0,AV6-6-CALGDQANTDKVVF-AJ34*p03_BV14-CASSLGVNTEVFF-BJ1-1,0.9415197335145967,15
BL6-BALBc_HTxB,0.04499999999999993,0.0,AV16D/DV11-CAMRDITGNTRKLIF-AJ37*p02_BV4-CASSYGAQYF-BJ2-7,0.9906165924072554,7
BL6-BALBc_HTxB,0.04499999999999993,0.0,AV3-3-CAVMPNYNVLYF-AJ21*p03_BV13-2-CASGDLGTDNNQAPLF-BJ1-5,0.9139178127226613,5
BL6-BALBc_HTxB,0.04499999999999993,0.0,AV16/DV11-CAMREGNTGNYKYVF-AJ40_BV13-2-CASGGIYEQYF-BJ2-7,0.990633383059099,5
BL6-BALBc_HTxB,0.04499999999999993,0.0,AV16D/DV11-CAMREGDSNYQLIW-AJ33_BV13-2-CASGYRAPNSDYTF-BJ1-2,0.9256441305137615,5
BL6-BALBc_HTxB,0.04499999999999993,0.0,AV6D-7-CALRYGGSGNKLIF-AJ32_BV3-CASSLGTGDTQYF-BJ2-5,0.9084932682385817,8
BL6-BALBc_HTxB,0.04499999999999993,0.0,AV16/DV11-CAMRENTGANTGKLTF-AJ52_BV13-3-CASSSGGVKAEQFF-BJ2-1,0.946085477819259,9
BL6-BALBc_HTxB,0.04499999999999993,0.0,AV16D/DV11-CAMREDSGYNKLTF-AJ11*p02_BV13-2-CASGTTYEQYF-BJ2-7,0.9977847626182039,11
BL6-BALBc_HTxB,0.04499999999999993,0.0,AV15-1/DV6-1-CALWELASSNTDKVVF-AJ34*p03_BV3-CASSFGTGGYYEQYF-BJ2-7,0.954214227845549,8
BL6-BALBc_HTxB,0.04499999999999993,0.0,AV15-2/DV6-2-CALSELPGSNAKLTF-AJ42_BV13-2-CASGRGAGNTLYF-BJ1-3,0.8224200906220508,6
BL6-BALBc_HTxB,0.04499999999999993,0.0,AV16/DV11-CAMREGNTGYQNFYF-AJ49_BV13-2-CASGRGAGNTLYF-BJ1-3,0.8224353705733771,9
BL6-BALBc_HTxB,0.040000000000000036,0.0,AV13D-3-CAMRTNSAGNKLTF-AJ17*p02_BV13-2-CASGTTYEQYF-BJ2-7,0.9690289387735511,5
BL6-BALBc_HTxB,0.040000000000000036,0.0,AV6-6-CALGDQANTDKVVF-AJ34*p03_BV14-CASSLGVNTEVFF-BJ1-1,0.9415197335145967,15
BL6-BALBc_HTxB,0.040000000000000036,0.0,AV16D/DV11-CAMRDITGNTRKLIF-AJ37*p02_BV4-CASSYGAQYF-BJ2-7,0.9906165924072554,7
BL6-BALBc_HTxB,0.040000000000000036,0.0,AV3-3-CAVMPNYNVLYF-AJ21*p03_BV13-2-CASGDLGTDNNQAPLF-BJ1-5,0.9139178127226613,5
BL6-BALBc_HTxB,0.040000000000000036,0.0,AV16/DV11-CAMREGNTGNYKYVF-AJ40_BV13-2-CASGGIYEQYF-BJ2-7,0.990633383059099,5
BL6-BALBc_HTxB,0.040000000000000036,0.0,AV16D/DV11-CAMREGDSNYQLIW-AJ33_BV13-2-CASGYRAPNSDYTF-BJ1-2,0.9256441305137615,5
BL6-BALBc_HTxB,0.040000000000000036,0.0,AV6D-7-CALRYGGSGNKLIF-AJ32_BV3-CASSLGTGDTQYF-BJ2-5,0.9084932682385817,8
BL6-BALBc_HTxB,0.040000000000000036,0.0,AV16/DV11-CAMRENTGANTGKLTF-AJ52_BV13-3-CASSSGGVKAEQFF-BJ2-1,0.946085477819259,9
BL6-BALBc_HTxB,0.040000000000000036,0.0,AV16D/DV11-CAMREDSGYNKLTF-AJ11*p02_BV13-2-CASGTTYEQYF-BJ2-7,0.9977847626182039,11
BL6-BALBc_HTxB,0.040000000000000036,0.0,AV15-1/DV6-1-CALWELASSNTDKVVF-AJ34*p03_BV3-CASSFGTGGYYEQYF-BJ2-7,0.954214227845549,8
BL6-BALBc_HTxB,0.040000000000000036,0.0,AV15-2/DV6-2-CALSELPGSNAKLTF-AJ42_BV13-2-CASGRGAGNTLYF-BJ1-3,0.8224200906220508,6
BL6-BALBc_HTxB,0.040000000000000036,0.0,AV16/DV11-CAMREGNTGYQNFYF-AJ49_BV13-2-CASGRGAGNTLYF-BJ1-3,0.8224353705733771,9
BL6-BALBc_HTxB,0.03500000000000003,0.0,AV13D-3-CAMRTNSAGNKLTF-AJ17*p02_BV13-2-CASGTTYEQYF-BJ2-7,0.9690289387735511,5
BL6-BALBc_HTxB,0.03500000000000003,0.0,AV6-6-CALGDQANTDKVVF-AJ34*p03_BV14-CASSLGVNTEVFF-BJ1-1,0.9415197335145967,15
BL6-BALBc_HTxB,0.03500000000000003,0.0,AV16D/DV11-CAMRDITGNTRKLIF-AJ37*p02_BV4-CASSYGAQYF-BJ2-7,0.9906165924072554,7
BL6-BALBc_HTxB,0.03500000000000003,0.0,AV3-3-CAVMPNYNVLYF-AJ21*p03_BV13-2-CASGDLGTDNNQAPLF-BJ1-5,0.9139178127226613,5
BL6-BALBc_HTxB,0.03500000000000003,0.0,AV16/DV11-CAMREGNTGNYKYVF-AJ40_BV13-2-CASGGIYEQYF-BJ2-7,0.990633383059099,5
BL6-BALBc_HTxB,0.03500000000000003,0.0,AV16D/DV11-CAMREGDSNYQLIW-AJ33_BV13-2-CASGYRAPNSDYTF-BJ1-2,0.9256441305137615,5
BL6-BALBc_HTxB,0.03500000000000003,0.0,AV6D-7-CALRYGGSGNKLIF-AJ32_BV3-CASSLGTGDTQYF-BJ2-5,0.9084932682385817,8
BL6-BALBc_HTxB,0.03500000000000003,0.0,AV16/DV11-CAMRENTGANTGKLTF-AJ52_BV13-3-CASSSGGVKAEQFF-BJ2-1,0.946085477819259,9
BL6-BALBc_HTxB,0.03500000000000003,0.0,AV16D/DV11-CAMREDSGYNKLTF-AJ11*p02_BV13-2-CASGTTYEQYF-BJ2-7,0.9977847626182039,11
BL6-BALBc_HTxB,0.03500000000000003,0.0,AV15-1/DV6-1-CALWELASSNTDKVVF-AJ34*p03_BV3-CASSFGTGGYYEQYF-BJ2-7,0.954214227845549,8
BL6-BALBc_HTxB,0.03500000000000003,0.0,AV15-2/DV6-2-CALSELPGSNAKLTF-AJ42_BV13-2-CASGRGAGNTLYF-BJ1-3,0.8224200906220508,6
BL6-BALBc_HTxB,0.03500000000000003,0.0,AV16/DV11-CAMREGNTGYQNFYF-AJ49_BV13-2-CASGRGAGNTLYF-BJ1-3,0.8224353705733771,9
BL6-BALBc_HTxB,0.030000000000000027,0.0,AV13D-3-CAMRTNSAGNKLTF-AJ17*p02_BV13-2-CASGTTYEQYF-BJ2-7,0.9690289387735511,5
BL6-BALBc_HTxB,0.030000000000000027,0.0,AV6-6-CALGDQANTDKVVF-AJ34*p03_BV14-CASSLGVNTEVFF-BJ1-1,0.9415197335145967,15
BL6-BALBc_HTxB,0.030000000000000027,0.0,AV16D/DV11-CAMRDITGNTRKLIF-AJ37*p02_BV4-CASSYGAQYF-BJ2-7,0.9906165924072554,7
BL6-BALBc_HTxB,0.030000000000000027,0.0,AV3-3-CAVMPNYNVLYF-AJ21*p03_BV13-2-CASGDLGTDNNQAPLF-BJ1-5,0.9139178127226613,5
BL6-BALBc_HTxB,0.030000000000000027,0.0,AV16/DV11-CAMREGNTGNYKYVF-AJ40_BV13-2-CASGGIYEQYF-BJ2-7,0.990633383059099,5
BL6-BALBc_HTxB,0.030000000000000027,0.0,AV16D/DV11-CAMREGDSNYQLIW-AJ33_BV13-2-CASGYRAPNSDYTF-BJ1-2,0.9256441305137615,5
BL6-BALBc_HTxB,0.030000000000000027,0.0,AV6D-7-CALRYGGSGNKLIF-AJ32_BV3-CASSLGTGDTQYF-BJ2-5,0.9084932682385817,8
BL6-BALBc_HTxB,0.030000000000000027,0.0,AV16/DV11-CAMRENTGANTGKLTF-AJ52_BV13-3-CASSSGGVKAEQFF-BJ2-1,0.946085477819259,9
BL6-BALBc_HTxB,0.030000000000000027,0.0,AV16D/DV11-CAMREDSGYNKLTF-AJ11*p02_BV13-2-CASGTTYEQYF-BJ2-7,0.9977847626182039,11
BL6-BALBc_HTxB,0.030000000000000027,0.0,AV15-1/DV6-1-CALWELASSNTDKVVF-AJ34*p03_BV3-CASSFGTGGYYEQYF-BJ2-7,0.954214227845549,8
BL6-BALBc_HTxB,0.030000000000000027,0.0,AV15-2/DV6-2-CALSELPGSNAKLTF-AJ42_BV13-2-CASGRGAGNTLYF-BJ1-3,0.8224200906220508,6
BL6-BALBc_HTxB,0.030000000000000027,0.0,AV16/DV11-CAMREGNTGYQNFYF-AJ49_BV13-2-CASGRGAGNTLYF-BJ1-3,0.8224353705733771,9
BL6-BALBc_HTxB,0.025000000000000022,0.0,AV13D-3-CAMRTNSAGNKLTF-AJ17*p02_BV13-2-CASGTTYEQYF-BJ2-7,0.9690289387735511,5
BL6-BALBc_HTxB,0.025000000000000022,0.0,AV6-6-CALGDQANTDKVVF-AJ34*p03_BV14-CASSLGVNTEVFF-BJ1-1,0.9415197335145967,15
BL6-BALBc_HTxB,0.025000000000000022,0.0,AV16D/DV11-CAMRDITGNTRKLIF-AJ37*p02_BV4-CASSYGAQYF-BJ2-7,0.9906165924072554,7
BL6-BALBc_HTxB,0.025000000000000022,0.0,AV3-3-CAVMPNYNVLYF-AJ21*p03_BV13-2-CASGDLGTDNNQAPLF-BJ1-5,0.9139178127226613,5
BL6-BALBc_HTxB,0.025000000000000022,0.0,AV16/DV11-CAMREGNTGNYKYVF-AJ40_BV13-2-CASGGIYEQYF-BJ2-7,0.990633383059099,5
BL6-BALBc_HTxB,0.025000000000000022,0.0,AV16D/DV11-CAMREGDSNYQLIW-AJ33_BV13-2-CASGYRAPNSDYTF-BJ1-2,0.9256441305137615,5
BL6-BALBc_HTxB,0.025000000000000022,0.0,AV6D-7-CALRYGGSGNKLIF-AJ32_BV3-CASSLGTGDTQYF-BJ2-5,0.9084932682385817,8
BL6-BALBc_HTxB,0.025000000000000022,0.0,AV16/DV11-CAMRENTGANTGKLTF-AJ52_BV13-3-CASSSGGVKAEQFF-BJ2-1,0.946085477819259,9
BL6-BALBc_HTxB,0.025000000000000022,0.0,AV16D/DV11-CAMREDSGYNKLTF-AJ11*p02_BV13-2-CASGTTYEQYF-BJ2-7,0.9977847626182039,11
BL6-BALBc_HTxB,0.025000000000000022,0.0,AV15-1/DV6-1-CALWELASSNTDKVVF-AJ34*p03_BV3-CASSFGTGGYYEQYF-BJ2-7,0.954214227845549,8
BL6-BALBc_HTxB,0.025000000000000022,0.0,AV15-2/DV6-2-CALSELPGSNAKLTF-AJ42_BV13-2-CASGRGAGNTLYF-BJ1-3,0.8224200906220508,6
BL6-BALBc_HTxB,0.025000000000000022,0.0,AV16/DV11-CAMREGNTGYQNFYF-AJ49_BV13-2-CASGRGAGNTLYF-BJ1-3,0.8224353705733771,9
BL6-BALBc_HTxB,0.020000000000000018,0.0,AV13D-3-CAMRTNSAGNKLTF-AJ17*p02_BV13-2-CASGTTYEQYF-BJ2-7,0.9690289387735511,5
BL6-BALBc_HTxB,0.020000000000000018,0.0,AV6-6-CALGDQANTDKVVF-AJ34*p03_BV14-CASSLGVNTEVFF-BJ1-1,0.9415197335145967,15
BL6-BALBc_HTxB,0.020000000000000018,0.0,AV16D/DV11-CAMRDITGNTRKLIF-AJ37*p02_BV4-CASSYGAQYF-BJ2-7,0.9906165924072554,7
BL6-BALBc_HTxB,0.020000000000000018,0.0,AV3-3-CAVMPNYNVLYF-AJ21*p03_BV13-2-CASGDLGTDNNQAPLF-BJ1-5,0.9139178127226613,5
BL6-BALBc_HTxB,0.020000000000000018,0.0,AV16/DV11-CAMREGNTGNYKYVF-AJ40_BV13-2-CASGGIYEQYF-BJ2-7,0.990633383059099,5
BL6-BALBc_HTxB,0.020000000000000018,0.0,AV16D/DV11-CAMREGDSNYQLIW-AJ33_BV13-2-CASGYRAPNSDYTF-BJ1-2,0.9256441305137615,5
BL6-BALBc_HTxB,0.020000000000000018,0.0,AV6D-7-CALRYGGSGNKLIF-AJ32_BV3-CASSLGTGDTQYF-BJ2-5,0.9084932682385817,8
BL6-BALBc_HTxB,0.020000000000000018,0.0,AV16/DV11-CAMRENTGANTGKLTF-AJ52_BV13-3-CASSSGGVKAEQFF-BJ2-1,0.946085477819259,9
BL6-BALBc_HTxB,0.020000000000000018,0.0,AV16D/DV11-CAMREDSGYNKLTF-AJ11*p02_BV13-2-CASGTTYEQYF-BJ2-7,0.9977847626182039,11
BL6-BALBc_HTxB,0.020000000000000018,0.0,AV15-1/DV6-1-CALWELASSNTDKVVF-AJ34*p03_BV3-CASSFGTGGYYEQYF-BJ2-7,0.954214227845549,8
BL6-BALBc_HTxB,0.020000000000000018,0.0,AV15-2/DV6-2-CALSELPGSNAKLTF-AJ42_BV13-2-CASGRGAGNTLYF-BJ1-3,0.8224200906220508,6
BL6-BALBc_HTxB,0.020000000000000018,0.0,AV16/DV11-CAMREGNTGYQNFYF-AJ49_BV13-2-CASGRGAGNTLYF-BJ1-3,0.8224353705733771,9
BL6-BALBc_HTxB,0.015000000000000013,0.0,AV13D-3-CAMRTNSAGNKLTF-AJ17*p02_BV13-2-CASGTTYEQYF-BJ2-7,0.9690289387735511,5
BL6-BALBc_HTxB,0.015000000000000013,0.0,AV6-6-CALGDQANTDKVVF-AJ34*p03_BV14-CASSLGVNTEVFF-BJ1-1,0.9415197335145967,15
BL6-BALBc_HTxB,0.015000000000000013,0.0,AV16D/DV11-CAMRDITGNTRKLIF-AJ37*p02_BV4-CASSYGAQYF-BJ2-7,0.9906165924072554,7
BL6-BALBc_HTxB,0.015000000000000013,0.0,AV3-3-CAVMPNYNVLYF-AJ21*p03_BV13-2-CASGDLGTDNNQAPLF-BJ1-5,0.9139178127226613,5
BL6-BALBc_HTxB,0.015000000000000013,0.0,AV16/DV11-CAMREGNTGNYKYVF-AJ40_BV13-2-CASGGIYEQYF-BJ2-7,0.990633383059099,5
BL6-BALBc_HTxB,0.015000000000000013,0.0,AV16D/DV11-CAMREGDSNYQLIW-AJ33_BV13-2-CASGYRAPNSDYTF-BJ1-2,0.9256441305137615,5
BL6-BALBc_HTxB,0.015000000000000013,0.0,AV6D-7-CALRYGGSGNKLIF-AJ32_BV3-CASSLGTGDTQYF-BJ2-5,0.9084932682385817,8
BL6-BALBc_HTxB,0.015000000000000013,0.0,AV16/DV11-CAMRENTGANTGKLTF-AJ52_BV13-3-CASSSGGVKAEQFF-BJ2-1,0.946085477819259,9
BL6-BALBc_HTxB,0.015000000000000013,0.0,AV16D/DV11-CAMREDSGYNKLTF-AJ11*p02_BV13-2-CASGTTYEQYF-BJ2-7,0.9977847626182039,11
BL6-BALBc_HTxB,0.015000000000000013,0.0,AV15-1/DV6-1-CALWELASSNTDKVVF-AJ34*p03_BV3-CASSFGTGGYYEQYF-BJ2-7,0.954214227845549,8
BL6-BALBc_HTxB,0.015000000000000013,0.0,AV15-2/DV6-2-CALSELPGSNAKLTF-AJ42_BV13-2-CASGRGAGNTLYF-BJ1-3,0.8224200906220508,6
BL6-BALBc_HTxB,0.015000000000000013,0.0,AV16/DV11-CAMREGNTGYQNFYF-AJ49_BV13-2-CASGRGAGNTLYF-BJ1-3,0.8224353705733771,9
BL6-BALBc_HTxB,0.010000000000000009,0.0,AV13D-3-CAMRTNSAGNKLTF-AJ17*p02_BV13-2-CASGTTYEQYF-BJ2-7,0.9690289387735511,5
BL6-BALBc_HTxB,0.010000000000000009,0.0,AV6-6-CALGDQANTDKVVF-AJ34*p03_BV14-CASSLGVNTEVFF-BJ1-1,0.9415197335145967,15
BL6-BALBc_HTxB,0.010000000000000009,0.0,AV16D/DV11-CAMRDITGNTRKLIF-AJ37*p02_BV4-CASSYGAQYF-BJ2-7,0.9906165924072554,7
BL6-BALBc_HTxB,0.010000000000000009,0.0,AV3-3-CAVMPNYNVLYF-AJ21*p03_BV13-2-CASGDLGTDNNQAPLF-BJ1-5,0.9139178127226613,5
BL6-BALBc_HTxB,0.010000000000000009,0.0,AV16/DV11-CAMREGNTGNYKYVF-AJ40_BV13-2-CASGGIYEQYF-BJ2-7,0.990633383059099,5
BL6-BALBc_HTxB,0.010000000000000009,0.0,AV16D/DV11-CAMREGDSNYQLIW-AJ33_BV13-2-CASGYRAPNSDYTF-BJ1-2,0.9256441305137615,5
BL6-BALBc_HTxB,0.010000000000000009,0.0,AV6D-7-CALRYGGSGNKLIF-AJ32_BV3-CASSLGTGDTQYF-BJ2-5,0.9084932682385817,8
BL6-BALBc_HTxB,0.010000000000000009,0.0,AV16/DV11-CAMRENTGANTGKLTF-AJ52_BV13-3-CASSSGGVKAEQFF-BJ2-1,0.946085477819259,9
BL6-BALBc_HTxB,0.010000000000000009,0.0,AV16D/DV11-CAMREDSGYNKLTF-AJ11*p02_BV13-2-CASGTTYEQYF-BJ2-7,0.9977847626182039,11
BL6-BALBc_HTxB,0.010000000000000009,0.0,AV15-1/DV6-1-CALWELASSNTDKVVF-AJ34*p03_BV3-CASSFGTGGYYEQYF-BJ2-7,0.954214227845549,8
BL6-BALBc_HTxB,0.010000000000000009,0.0,AV15-2/DV6-2-CALSELPGSNAKLTF-AJ42_BV13-2-CASGRGAGNTLYF-BJ1-3,0.8224200906220508,6
BL6-BALBc_HTxB,0.010000000000000009,0.0,AV16/DV11-CAMREGNTGYQNFYF-AJ49_BV13-2-CASGRGAGNTLYF-BJ1-3,0.8224353705733771,9
BL6-BALBc_HTxB,0.0050000000000000044,0.0,AV13D-3-CAMRTNSAGNKLTF-AJ17*p02_BV13-2-CASGTTYEQYF-BJ2-7,0.9690289387735511,5
BL6-BALBc_HTxB,0.0050000000000000044,0.0,AV6-6-CALGDQANTDKVVF-AJ34*p03_BV14-CASSLGVNTEVFF-BJ1-1,0.9415197335145967,15
BL6-BALBc_HTxB,0.0050000000000000044,0.0,AV16D/DV11-CAMRDITGNTRKLIF-AJ37*p02_BV4-CASSYGAQYF-BJ2-7,0.9906165924072554,7
BL6-BALBc_HTxB,0.0050000000000000044,0.0,AV3-3-CAVMPNYNVLYF-AJ21*p03_BV13-2-CASGDLGTDNNQAPLF-BJ1-5,0.9139178127226613,5
BL6-BALBc_HTxB,0.0050000000000000044,0.0,AV16/DV11-CAMREGNTGNYKYVF-AJ40_BV13-2-CASGGIYEQYF-BJ2-7,0.990633383059099,5
BL6-BALBc_HTxB,0.0050000000000000044,0.0,AV16D/DV11-CAMREGDSNYQLIW-AJ33_BV13-2-CASGYRAPNSDYTF-BJ1-2,0.9256441305137615,5
BL6-BALBc_HTxB,0.0050000000000000044,0.0,AV6D-7-CALRYGGSGNKLIF-AJ32_BV3-CASSLGTGDTQYF-BJ2-5,0.9084932682385817,8
BL6-BALBc_HTxB,0.0050000000000000044,0.0,AV16/DV11-CAMRENTGANTGKLTF-AJ52_BV13-3-CASSSGGVKAEQFF-BJ2-1,0.946085477819259,9
BL6-BALBc_HTxB,0.0050000000000000044,0.0,AV16D/DV11-CAMREDSGYNKLTF-AJ11*p02_BV13-2-CASGTTYEQYF-BJ2-7,0.9977847626182039,11
BL6-BALBc_HTxB,0.0050000000000000044,0.0,AV15-1/DV6-1-CALWELASSNTDKVVF-AJ34*p03_BV3-CASSFGTGGYYEQYF-BJ2-7,0.954214227845549,8
BL6-BALBc_HTxB,0.0050000000000000044,0.0,AV15-2/DV6-2-CALSELPGSNAKLTF-AJ42_BV13-2-CASGRGAGNTLYF-BJ1-3,0.8224200906220508,6
BL6-BALBc_HTxB,0.0050000000000000044,0.0,AV16/DV11-CAMREGNTGYQNFYF-AJ49_BV13-2-CASGRGAGNTLYF-BJ1-3,0.8224353705733771,9
BL6-BALBc_HTxB,0.0,0.0,AV13D-3-CAMRTNSAGNKLTF-AJ17*p02_BV13-2-CASGTTYEQYF-BJ2-7,0.9690289387735511,5
BL6-BALBc_HTxB,0.0,0.0,AV6-6-CALGDQANTDKVVF-AJ34*p03_BV14-CASSLGVNTEVFF-BJ1-1,0.9415197335145967,15
BL6-BALBc_HTxB,0.0,0.0,AV16D/DV11-CAMRDITGNTRKLIF-AJ37*p02_BV4-CASSYGAQYF-BJ2-7,0.9906165924072554,7
BL6-BALBc_HTxB,0.0,0.0,AV3-3-CAVMPNYNVLYF-AJ21*p03_BV13-2-CASGDLGTDNNQAPLF-BJ1-5,0.9139178127226613,5
BL6-BALBc_HTxB,0.0,0.0,AV16/DV11-CAMREGNTGNYKYVF-AJ40_BV13-2-CASGGIYEQYF-BJ2-7,0.990633383059099,5
BL6-BALBc_HTxB,0.0,0.0,AV16D/DV11-CAMREGDSNYQLIW-AJ33_BV13-2-CASGYRAPNSDYTF-BJ1-2,0.9256441305137615,5
BL6-BALBc_HTxB,0.0,0.0,AV6D-7-CALRYGGSGNKLIF-AJ32_BV3-CASSLGTGDTQYF-BJ2-5,0.9084932682385817,8
BL6-BALBc_HTxB,0.0,0.0,AV16/DV11-CAMRENTGANTGKLTF-AJ52_BV13-3-CASSSGGVKAEQFF-BJ2-1,0.946085477819259,9
BL6-BALBc_HTxB,0.0,0.0,AV16D/DV11-CAMREDSGYNKLTF-AJ11*p02_BV13-2-CASGTTYEQYF-BJ2-7,0.9977847626182039,11
BL6-BALBc_HTxB,0.0,0.0,AV15-1/DV6-1-CALWELASSNTDKVVF-AJ34*p03_BV3-CASSFGTGGYYEQYF-BJ2-7,0.954214227845549,8
BL6-BALBc_HTxB,0.0,0.0,AV15-2/DV6-2-CALSELPGSNAKLTF-AJ42_BV13-2-CASGRGAGNTLYF-BJ1-3,0.8224200906220508,6
BL6-BALBc_HTxB,0.0,0.0,AV16/DV11-CAMREGNTGYQNFYF-AJ49_BV13-2-CASGRGAGNTLYF-BJ1-3,0.8224353705733771,9
