clonotype,top_peptide,top_peptide_idx,n_cells_baseline,n_cells_filtered,n_cells_removed,pct_cells_retained,n_ly49c_positive,pct_ly49c_positive,ly49c_mean,ly49c_median,ly49c_max,ly49c_sum,entropy_baseline,entropy_filtered,entropy_change,dominance_baseline,dominance_filtered,dominance_change,cosine_similarity_baseline,cosine_similarity_filtered,similarity_change,pattern_distance_cosine,pattern_distance_l1,mean_ATLVFHNL_baseline,sem_ATLVFHNL_baseline,mean_ATLVFHNL_filtered,sem_ATLVFHNL_filtered,mean_EEEPVKKI_baseline,sem_EEEPVKKI_baseline,mean_EEEPVKKI_filtered,sem_EEEPVKKI_filtered,mean_HIYEFPQL_baseline,sem_HIYEFPQL_baseline,mean_HIYEFPQL_filtered,sem_HIYEFPQL_filtered,mean_INFDFPKL_baseline,sem_INFDFPKL_baseline,mean_INFDFPKL_filtered,sem_INFDFPKL_filtered,mean_RAYLFNSV_baseline,sem_RAYLFNSV_baseline,mean_RAYLFNSV_filtered,sem_RAYLFNSV_filtered,mean_RTYTYEKL_baseline,sem_RTYTYEKL_baseline,mean_RTYTYEKL_filtered,sem_RTYTYEKL_filtered,mean_SNYLFTKL_baseline,sem_SNYLFTKL_baseline,mean_SNYLFTKL_filtered,sem_SNYLFTKL_filtered,mean_SSYTFPKM_baseline,sem_SSYTFPKM_baseline,mean_SSYTFPKM_filtered,sem_SSYTFPKM_filtered,mean_SVYVYKVL_baseline,sem_SVYVYKVL_baseline,mean_SVYVYKVL_filtered,sem_SVYVYKVL_filtered,mean_VAFDFTKV_baseline,sem_VAFDFTKV_baseline,mean_VAFDFTKV_filtered,sem_VAFDFTKV_filtered,mean_VGPRYTNL_baseline,sem_VGPRYTNL_baseline,mean_VGPRYTNL_filtered,sem_VGPRYTNL_filtered,mean_VIVRFLTV_baseline,sem_VIVRFLTV_baseline,mean_VIVRFLTV_filtered,sem_VIVRFLTV_filtered,mean_VSFTYRYL_baseline,sem_VSFTYRYL_baseline,mean_VSFTYRYL_filtered,sem_VSFTYRYL_filtered
AV16/DV11-CAMREEGGRALIF-AJ15_BV13-2-CASGDQGASGNTLYF-BJ1-3,RTYTYEKL,5,607,579,28,95.38714991762768,122,20.098846787479406,0.28665568369028005,0.0,12.0,174.0,0.27957764069230406,0.27848625380688047,-0.0010913868854235953,0.9539027736364103,0.9537323954654318,-0.0001703781709785357,,,,4.030990086167918e-08,0.0007188285349366798,0.0011855203427767345,0.00018478200972333385,0.0011215170414411012,0.00016842684581340364,7.807567611185311e-05,4.171151054236767e-05,8.18513564765023e-05,4.372427860138468e-05,0.0007471576981904308,0.00022858777623309436,0.0007752190424962519,0.00023945870508692812,0.003262227031751287,0.00034689416113268845,0.0032177437972553,0.000358970588600722,0.008686528320901991,0.0013727529362575846,0.008930194654668223,0.0014371333959003864,0.9537619945630584,0.003345834539558389,0.9535848084230752,0.0034631530526556724,0.009160202964241382,0.0007774496212580243,0.009154282267150012,0.000804509782552979,0.0005684989256327034,0.00010635431591959172,0.0005463507408170397,0.00010830894391666761,0.002070579407246522,0.0003444382405349366,0.002008125447328618,0.00035414672416992705,0.0017516676122474955,0.0005854565869785388,0.0017559092625161904,0.0006124259945588339,0.009673717260715498,0.0009418538608671932,0.00963088507136376,0.0009744954298325002,0.003881888145908794,0.0006791645104818742,0.0038796905826125245,0.0007055970274236667,0.0018770491352366311,0.00033484392014581613,0.0018591908792931022,0.00034610727486116064
AV16N-CAMRDDTNAYKVIF-AJ30_BV13-1-CASKDTYEQYF-BJ2-7,SNYLFTKL,6,413,392,21,94.91525423728814,73,17.675544794188863,0.24213075060532688,0.0,4.0,100.0,0.5165815175910555,0.5121903055425441,-0.00439121204851145,0.904530538698704,0.9050790364933219,0.0005484977946178526,,,,8.210086354099033e-07,0.003439339794363967,0.003959154876217963,0.0013529483701671702,0.004092578872061477,0.001424186211719677,0.0,0.0,0.0,0.0,0.001555356384181064,0.00043039568146923204,0.0016386790476193354,0.0004530968868733956,0.010881203333852547,0.002361968292988992,0.011002496832591706,0.0024807668515414915,0.019187821341337005,0.0017820590953221787,0.019678492498051446,0.0018698926447981482,0.02410216812321854,0.002475590238103817,0.024461056467662275,0.0026014260242358867,0.8996500664682167,0.005955471289412502,0.8999371103933438,0.0062153091061684694,0.0017990053287813773,0.0006882753748723714,0.001864645428611287,0.0007244227078882784,0.003303427559640917,0.0005786080635199123,0.0031292873450751526,0.0005475334926308969,0.004584213887663497,0.0011930324226407086,0.004087461452709526,0.0011048817425286677,0.017780164868475945,0.0021901459402033597,0.01729931431002655,0.0022634637131954518,0.0071594402227059374,0.0009831103371522596,0.006526657082437999,0.0009301665161687334,0.0036166700996553536,0.0010392544617726439,0.0037311998616460914,0.0010933957014900774
AV16/DV11-CAMREPYQGGRALIF-AJ15_BV13-3-CASSERVNQDTQYF-BJ2-5,RAYLFNSV,4,361,342,19,94.73684210526316,77,21.329639889196677,0.38227146814404434,0.0,25.0,138.0,0.7942507699154845,0.7849568449469804,-0.00929392496850412,0.8453754951225628,0.8471096801868053,0.0017341850642424994,0.9569018568024793,0.9590041721992599,0.0021023153967806296,9.856855937018238e-07,0.004742435832536331,0.0028169419191093736,0.0006598157516137671,0.0025875670405632535,0.000658054349480687,0.0,0.0,0.0,0.0,0.022442274742116675,0.0019594671708236095,0.022510965057828226,0.002050620392072648,0.008792769653705458,0.0011717860338473153,0.008490770630043025,0.0011783256638704523,0.8369081171558336,0.007094634831784969,0.8390607812219246,0.007075615197090337,0.04640474530440265,0.004602632760683597,0.046174120512975744,0.0047889034004261095,0.02579538896522621,0.002454285952600812,0.025649024719909756,0.0025487176910352163,0.004670050838997769,0.001349028682440375,0.004532771793501668,0.0013880948950838014,0.0059403630094018445,0.0009383508919368211,0.0060098936315827415,0.0009826900573844932,0.005446500217729714,0.000899469771153184,0.0052788415068224966,0.000923410519473508,0.028687046350045386,0.0033102074736624703,0.02779385761328339,0.003094534576252459,0.008709738971384029,0.0017892832612440937,0.008790071883668708,0.001880608188783841,0.0033860628720472825,0.0006170188327490592,0.0031213343878963556,0.0006228880050754024
AV6-6-CALGDQGTGSKLSF-AJ58_BV17-CASSPGQGYTGQLYF-BJ2-2,VIVRFLTV,11,282,266,16,94.32624113475177,70,24.822695035460992,0.35815602836879434,0.0,9.0,101.0,1.7761046749345428,1.7690103455462376,-0.007094329388305232,0.48295521905115973,0.4842858670278678,0.001330647976708066,,,,3.348823336901674e-05,0.009578683642999193,0.00878129264561573,0.002477947326098185,0.008084654415228319,0.00249913223423116,0.0,0.0,0.0,0.0,0.006499579499782963,0.001859781580629297,0.0067207523632188525,0.0019641409861044117,0.02147540604330598,0.0034656276900029235,0.021647626172985213,0.003625879239872588,0.07494287597061423,0.006647234758845415,0.07512553471804756,0.006959467838667849,0.10473182591866771,0.008995613519361588,0.10407076668890705,0.009270745393101559,0.19282210714369483,0.00913271517142503,0.19003947064119486,0.009375001718964283,0.003872974771473345,0.0014703600410169838,0.003984664740749452,0.0015542577255148735,0.013588195496608658,0.0029020059151738634,0.014050607597437854,0.003064149497258552,0.010001572166698057,0.002778572478735534,0.010603170492514481,0.0029419317837100726,0.06107299597237431,0.006707791673070609,0.06320265188223093,0.007068852017174823,0.3910868294714025,0.011927586312390211,0.39188811364384507,0.012346381102035044,0.10757824560898155,0.007099925897573848,0.10682258814739976,0.007343005828802165
AV9-4-CAVSMDYANKMIF-AJ47_BV3-CASSSGPNYEQYF-BJ2-7,VGPRYTNL,10,240,227,13,94.58333333333333,54,22.5,0.29583333333333334,0.0,3.0,71.0,0.5231648566254496,0.5234241341588196,0.0002592775333699615,0.9081909847579394,0.9074887123623905,-0.0007022723955488752,0.9809976773942044,0.9800620223952423,-0.0009356549989620877,5.349004631449716e-07,0.003224441084504361,0.0024680838286374298,0.0004606279211461603,0.002577735128936857,0.0004850976262050218,0.0,0.0,0.0,0.0,0.0017140639355008064,0.00047891003255686354,0.0015646172286061897,0.00046564307705833737,0.006788255161581072,0.0009112379318780747,0.00658672998056805,0.000937993023378151,0.015243883257187278,0.0027183772429717574,0.015567443467973245,0.002867566425198567,0.0312637136417241,0.0035769596016167783,0.03169817509296692,0.0037588565621410747,0.01921415775540988,0.002859234092012766,0.01978480090905648,0.0030106609462599424,0.0012113191285425327,0.0003748457958398083,0.0012806898275339552,0.00039586401841617663,0.005328490321762348,0.0010650493555703106,0.0052490522978098425,0.0011107309553470303,0.0023787231306326103,0.0005128203297007461,0.002483256857918546,0.0005405694742954392,0.9059282723393518,0.006841554387580452,0.9050964172942803,0.007204402421575617,0.006354665806605291,0.0013195903364626583,0.006017044663318273,0.0013760427283717284,0.0021063716930649246,0.000448616873624846,0.0020940372510314486,0.0004637521300567197
AV8D-2-CATDANSNNRIFF-AJ31_BV3-CASSLRDWEYEQYF-BJ2-7,VGPRYTNL,10,235,229,6,97.44680851063829,47,20.0,0.23404255319148937,0.0,3.0,55.0,0.9400223555879095,0.9464179043338988,0.0063955487459893545,0.7938758131924534,0.7919213667853158,-0.0019544464071376,0.9287447119299311,0.9272118727125894,-0.0015328392173417082,1.1773926924529832e-06,0.0045879975541319,0.0031581242611611496,0.0007726669533978846,0.0032408698749906996,0.0007922139107069043,0.0,0.0,0.0,0.0,0.0033712534916165962,0.001216812825168959,0.003459583277423145,0.0012482275390667185,0.01178526081363959,0.0021445547233471095,0.012094044939761153,0.0021971429272882913,0.031817578924971016,0.0052339808483758245,0.03189112782346261,0.005354648422502884,0.03936216239432101,0.004015295661988372,0.039849190684616904,0.004114175690763457,0.027155548476128916,0.004964485612804858,0.027594212986674367,0.00508799363552851,0.0025030690907978832,0.0009628257397852671,0.0024621440717688364,0.0009831454068913157,0.004237872427053587,0.000795628055515173,0.0042241423222103254,0.0008084821317146511,0.004114011704483819,0.0011864279386957523,0.004221802404164618,0.0012167616516844243,0.7830022349679814,0.010150066313754601,0.7807628913147877,0.010360137372458285,0.08420802317779183,0.005630867873987116,0.08477666207541247,0.005739934554764429,0.005284860270053237,0.0018139584821438525,0.005423328224727121,0.0018607051525199553
AV13-2-CAIDQNAGAKLTF-AJ39_BV14-CASSLRGEQYF-BJ2-7,INFDFPKL,3,213,199,14,93.42723004694835,65,30.516431924882628,0.568075117370892,0.0,34.0,121.0,0.8419330452904955,0.8173373766016839,-0.02459566868881158,0.8357015574427954,0.8414734157215209,0.005771858278725506,,,,2.0366923175640927e-05,0.016947316154940446,0.0018034575740898343,0.0004205436871486083,0.0017216473178011838,0.0004348194756116376,0.0,0.0,0.0,0.0,0.0027213958677078883,0.0007057708120930998,0.0024878386193183206,0.0007193135284930586,0.8270760177334235,0.009905799560234834,0.8348120486304683,0.009403039228438872,0.01385485926388501,0.0025559214230747897,0.013393259140144022,0.0026427445427137887,0.03889221973539731,0.005600667362614886,0.03450330090927958,0.004745728590964736,0.021405753341621397,0.004159286001295638,0.019466941239276385,0.004249728695837426,0.0033576363098962994,0.0018474237731857196,0.003103977633281039,0.001953786429148308,0.004674073278336835,0.0011018576420079298,0.004289856219407507,0.0011228269952778833,0.045452374019626866,0.0026991139243115235,0.045482004949209134,0.002811844864037552,0.021749021011056788,0.0027998897477198924,0.022291872288205172,0.0029797503481296703,0.009810657017584675,0.0031138581260510417,0.009311754252598439,0.0032520199469103757,0.0045076991666222555,0.0013742894562036897,0.00411037317287001,0.0013133514126421283
AV6-5-CALSDHAGYQNFYF-AJ49_BV13-2-CASGARTGENYAEQFF-BJ2-1,VSFTYRYL,12,197,197,0,100.0,42,21.31979695431472,0.25888324873096447,0.0,2.0,51.0,1.5331487229234593,1.5331487229234593,0.0,0.5902314182715039,0.5902314182715039,0.0,,,,0.0,0.0,0.023123318969661494,0.003960291879494548,0.023123318969661494,0.003960291879494548,0.0,0.0,0.0,0.0,0.010611997531882151,0.0020306370660809307,0.010611997531882151,0.0020306370660809307,0.03889457784843311,0.005653519083087627,0.03889457784843311,0.005653519083087627,0.05918109267912649,0.007149792680820915,0.05918109267912649,0.007149792680820915,0.10029179860298384,0.009764078613018,0.10029179860298384,0.009764078613018,0.059736970613637426,0.007145778225364277,0.059736970613637426,0.007145778225364277,0.008406510305905801,0.0021700676079719925,0.008406510305905801,0.0021700676079719925,0.028303970108088383,0.0047243058698301895,0.028303970108088383,0.0047243058698301895,0.0244676997778371,0.004703431658325372,0.0244676997778371,0.004703431658325372,0.06976325451878669,0.008805366812847607,0.06976325451878669,0.008805366812847607,0.04292475734085709,0.006268170222018863,0.04292475734085709,0.006268170222018863,0.5292179095708207,0.019094150488437416,0.5292179095708207,0.019094150488437416
AV14-2-CAATYSNNRLTL-AJ7_BV13-2-CASGGGWNTEVFF-BJ1-1,SSYTFPKM,7,194,181,13,93.29896907216495,50,25.77319587628866,0.34536082474226804,0.0,3.0,67.0,1.6575522012402908,1.6546969239054836,-0.0028552773348071714,0.5513492675984913,0.5495774247483541,-0.0017718428501372063,,,,4.370430794742308e-05,0.013199963201891884,0.01078979860155624,0.0030810778986641776,0.011012270324319947,0.003259184436414508,0.0,0.0,0.0,0.0,0.004527243764512193,0.0012175968700810689,0.004299918731024119,0.0011900316326160288,0.1373523743423759,0.010553244291647921,0.1397083826519792,0.011190124420462688,0.05116540604353553,0.0074114947343810805,0.052378872662613665,0.007850910328974772,0.10745733147259968,0.009992109952572279,0.10817290082732499,0.010551580854895484,0.06287020448319458,0.007769314952980527,0.06282481910555912,0.008095703439739988,0.47569590897933045,0.016710029653646718,0.4707490930206997,0.017413110375634876,0.011235234233937859,0.0024581977942571614,0.011216932663056992,0.0025856937141602006,0.019875837927663374,0.00430993190124724,0.018328572915754918,0.004134422715090398,0.07978838462395266,0.008445070051769685,0.08062343866676538,0.008832673665672057,0.023550554842631386,0.003936319666111583,0.023866048083754074,0.004182734321267457,0.0105370815094524,0.0027234114290065814,0.011293888468694837,0.0029114152861109337
AV16N-CAMREDSNYQLIW-AJ33_BV3-CASSLGQISNERLFF-BJ1-4,RAYLFNSV,4,167,159,8,95.20958083832335,41,24.550898203592816,0.49101796407185627,0.0,18.0,82.0,0.6745257034579203,0.673088573666427,-0.0014371297914932413,0.8661369368824754,0.8666767965478571,0.0005398596653817256,,,,1.1584184992363689e-06,0.0038167823915797616,0.004835654807714304,0.00127247042580043,0.003886922782693189,0.0009725243706874452,0.0,0.0,0.0,0.0,0.004458626215992879,0.0011771296094754253,0.004596804703986318,0.001232875375674155,0.011901164149377606,0.003278257982762745,0.011249123255496157,0.003259957726190622,0.8653999493191404,0.010206503128410238,0.8659027278492599,0.010180901470244273,0.03375384347919004,0.004151209692735783,0.03350994940788924,0.004275979956256055,0.021971554636520615,0.002880879839939201,0.022151158192549595,0.0029902648604449244,0.002606493229843726,0.0007885226841557649,0.0027376375432949826,0.0008269495490724742,0.009688869483300083,0.0021573502215697362,0.009787424178906183,0.002255881499506996,0.004998728697178308,0.0014820855768254977,0.00478436237958933,0.0014922230919672947,0.01949536323211174,0.0030993516740785544,0.019574028448740743,0.0032102923666903387,0.01058023378304906,0.0019234161478002023,0.010991624355587568,0.002011758197728047,0.004321495014485372,0.0016373305099508526,0.0045389287259060196,0.0017181558255166699
AV7-5-CAVSMDYANKMIF-AJ47_BV3-CASSLAAVYEQYF-BJ2-7,VGPRYTNL,10,160,149,11,93.125,37,23.125,0.36875,0.0,7.0,59.0,0.6894682493870377,0.6944567722709478,0.0049885228839101625,0.86963982368841,0.8679918804464418,-0.0016479432419681528,0.9630471511703925,0.9608813368407028,-0.0021658143296897636,2.5545737535326296e-06,0.007379528331315847,0.0036588650748919207,0.0009331231392091725,0.003369698514425329,0.0008426099530646466,0.0,0.0,0.0,0.0,0.0037224854732960484,0.0009192259450091818,0.003916439482928076,0.0009824024492835002,0.007626206373146663,0.0010977380243573167,0.008158428615705794,0.0011668158721428717,0.01823802735838024,0.002806581968109328,0.019322545766077694,0.002988903443991661,0.04921047609085448,0.007371118580040053,0.050104582161502424,0.00786750002695793,0.019096912596147847,0.002470765273723434,0.019405482960275496,0.0026005837702013914,0.002422091587169523,0.0009745917937607038,0.0018528749043789498,0.0009051309307520024,0.00963702738597484,0.002604558566282963,0.009767772841966862,0.002776040164934835,0.003430132329110579,0.0011200581165415364,0.0034916090207131813,0.0011888010197464267,0.861190516735582,0.010561834977303619,0.8589187991548143,0.011234470898988757,0.01491363493691696,0.004649177875807082,0.015397805860315967,0.004982973937874871,0.006853624058528929,0.001348031032135887,0.006293960716895805,0.0013119983596786443
AV13N-1-CAMERSNNRIFF-AJ31_BV2-CASSQDRRGDTQYF-BJ2-5,HIYEFPQL,2,146,142,4,97.26027397260275,43,29.45205479452055,0.410958904109589,0.0,5.0,60.0,1.7011221529772471,1.6858724098217228,-0.015249743155524298,0.5402941884736872,0.541636113678594,0.0013419252049068353,0.5892850586663017,0.590280776836325,0.0009957181700233075,6.784706253193384e-05,0.014069382457625212,0.03149946259651614,0.0069722066389312385,0.03099653384910746,0.007160171914791961,0.0,0.0,0.0,0.0,0.43758748371218775,0.022548751137598955,0.44138315849606147,0.022918934551729137,0.03999065179691628,0.0076396619080637595,0.038553202557500096,0.0077438259785119565,0.07769479427508881,0.009316015502892006,0.07311259154834297,0.00826061405184064,0.13316438820682433,0.014869738959698413,0.1335967943121793,0.015252853174118158,0.06818561201535486,0.0074087866155389944,0.06922710350093723,0.007594508183582773,0.006089754650192006,0.002303041500339268,0.006034127566281013,0.00235973202579769,0.027146832813819327,0.004954560756786489,0.027106045815847194,0.005078494915208007,0.0194376831458685,0.004478736011697592,0.01975805404775121,0.004598222900253594,0.0678206106167476,0.007736437060514461,0.06740491418338883,0.00793835729324769,0.05990358156133231,0.008782750145985977,0.06046159304558772,0.009019468521632813,0.03147914460915206,0.008668902931485579,0.0323658810770155,0.008902538690496245
AV7D-3-CAVTGNYKYVF-AJ40_BV13-2-CASGDAQGSNERLFF-BJ1-4,VGPRYTNL,10,146,136,10,93.15068493150685,32,21.91780821917808,0.6095890410958904,0.0,43.0,89.0,0.4887707303647415,0.4830010075802948,-0.005769722784446707,0.9161709391580525,0.9167102595763226,0.000539320418270095,0.9907975759773441,0.9905899740914634,-0.00020760188588064832,1.1283971671494086e-06,0.003741653606074849,0.0029457085888581593,0.0007396580482947796,0.0025168269205021947,0.0006224318132293803,0.0,0.0,0.0,0.0,0.001334828979807739,0.0005482841524575788,0.0012031987577347785,0.0005448671464997242,0.007271944887277949,0.0013802264185898585,0.007176240672732407,0.0014526739437477328,0.010965197869111548,0.001433196658664239,0.011024316137592948,0.0015108152781358453,0.0331581872407164,0.004329421662507699,0.034042311550422005,0.0046005984191201605,0.012386364295265049,0.0016189593124596878,0.012506842422567596,0.0017264714190614906,0.0009960924872863544,0.00032206590190932523,0.0010693345819397628,0.0003449951282273172,0.0037952180382482864,0.0013655172105114892,0.003989761622872697,0.0014626861304953115,0.002949674844195698,0.0006957763779134019,0.0026292150910576565,0.000690629694714429,0.9161709391580525,0.007219162753221799,0.9167102595763226,0.007456818658827709,0.005937620569374783,0.00151420882412877,0.005058956943046025,0.0013901401545014262,0.0020882230418055214,0.0004680025753197546,0.0020727357232094095,0.00047604309236296417
AV5-4-CAASAGGSNAKLTF-AJ42_BV19-CASSIGRTGREVFF-BJ1-1,HIYEFPQL,2,146,140,6,95.89041095890411,48,32.87671232876713,0.4794520547945205,0.0,4.0,70.0,1.7458778782338058,1.7345203716945259,-0.011357506539279916,0.5237236241628587,0.5286052615122998,0.004881637349441137,,,,6.103903765852792e-05,0.016648648122493927,0.036881952473963996,0.009049135676181824,0.037084393956879444,0.00940395625167887,0.0,0.0,0.0,0.0,0.43707346460829577,0.021625919161258774,0.4424039938739913,0.022045805754623043,0.03511965953558418,0.006216095866765069,0.03361708122225978,0.006226563798659375,0.085513167405856,0.009108123996394733,0.08357239856661054,0.009152648337488996,0.10647588980139515,0.011174293631063063,0.10654904048645525,0.011538328310427169,0.06701915105219837,0.00848731443987884,0.0659475890922568,0.008481448509724427,0.009236778052429331,0.003098016294596504,0.009195322184705458,0.003206284464568059,0.03179831762779645,0.006947420249816627,0.02922524261067869,0.006400680866105878,0.02996718292081962,0.007979674228502827,0.029458487844831422,0.008220438168040951,0.06906155746442194,0.008875323345779578,0.07096168386752824,0.009202358264734445,0.04416970825815814,0.006080424042287627,0.04333674823307045,0.006199551809598805,0.040833855730587856,0.007278779058508106,0.041505160917875435,0.007556783050978067
AV16N-CAMREGNMGYKLTF-AJ9_BV31-CAWLGGLAETLYF-BJ2-3,SNYLFTKL,6,145,134,11,92.41379310344827,39,26.896551724137932,0.3724137931034483,0.0,4.0,54.0,0.7591874995237445,0.7527600183730884,-0.006427481150656167,0.8462398028080266,0.8473629606965652,0.0011231578885386728,0.9503245416328799,0.9581185284392709,0.0077939868063909845,2.021662613260755e-05,0.012150379278237637,0.005388674774366953,0.0019183814993765297,0.0056518651775799,0.002071530120096504,0.0,0.0,0.0,0.0,0.001382520625816631,0.0006570086644667614,0.0014960111249508318,0.0007102468316665776,0.01480553780958632,0.004051856366634263,0.014673813176650025,0.004337056907703656,0.03201067253860597,0.0048313564686448315,0.03170368173664434,0.005093471323833555,0.045187263944787566,0.0048836863798766336,0.045224013180002805,0.005204436304530653,0.8408579241502857,0.012899151856047567,0.845374277737733,0.012703950731760774,0.0017402222221176947,0.000613874808781099,0.0018830762851273564,0.0006629331982778773,0.005441455892921788,0.001167413535188685,0.005888142570698949,0.0012557567659106372,0.003156810175678539,0.0012738782257212674,0.003415951309502897,0.0013764277519536646,0.03687535630968449,0.005818214854888995,0.03177316232157151,0.003721494084988499,0.009538923256808636,0.0020266940543904053,0.009004643040700784,0.002095134215172768,0.003614638299339641,0.0010588644740236615,0.003911362338837671,0.0011422996654102246
AV6-7/DV9-CALRPNNAGAKLTF-AJ39_BV1-CTCSAVRVDEQYF-BJ2-7,RAYLFNSV,4,132,128,4,96.96969696969697,38,28.78787878787879,0.4166666666666667,0.0,7.0,55.0,0.9331869303650981,0.9378767397759833,0.0046898094108851485,0.7848072501920366,0.782279972765209,-0.0025272774268275677,,,,8.20247656907469e-07,0.004777401451501387,0.01013267800154881,0.0022086901435734605,0.010314625913235145,0.002273079751334027,0.0,0.0,0.0,0.0,0.0080432190922647,0.0025637881179925936,0.008064790277133265,0.002636641393033584,0.018277887982850703,0.0032937720029461996,0.018417245156756974,0.0033893834985461975,0.7816659470507333,0.016275920813814133,0.7790405039007402,0.016653302540766163,0.054648305290791205,0.006625910318546618,0.054961829629210666,0.006792921750386481,0.031574642860513806,0.004648031251820905,0.03186910695768038,0.004787122283108669,0.0026569345849724404,0.0013027150846143104,0.0027399637907528293,0.0013429184133747522,0.016013403927155865,0.0037649583096861254,0.016109727972293278,0.0038668382329291352,0.006001657691923628,0.0018467550639156116,0.0061892094947962415,0.001902292469666565,0.023625227986607808,0.0032855401111231684,0.023658619394565657,0.003374130972597764,0.021683533623396836,0.006111818554880397,0.02215542304599319,0.006297964792995306,0.010525046755725761,0.002312257997247371,0.01085395446684219,0.002378899682320966
AV9-4-CAVRWDYANKMIF-AJ47_BV3-CASSLSSYEQYF-BJ2-7,VGPRYTNL,10,128,120,8,93.75,37,28.90625,0.3671875,0.0,3.0,47.0,0.5275707504233058,0.5363589609216365,0.008788210498330673,0.9041599748387636,0.9014706754771707,-0.0026892993615929006,0.9681860695695281,0.9662435795997083,-0.0019424899698198272,2.8024639951995667e-06,0.006596801082648051,0.002273410418108448,0.0008124798707631514,0.0023770783923424974,0.0008648696554745275,0.0,0.0,0.0,0.0,0.000903549331312704,0.0003033424309517847,0.0008965816523249488,0.0003174237885743513,0.00919495024183415,0.002053844473205706,0.009271375080398015,0.0021825451886128516,0.014468511816849761,0.002527999135607397,0.014926977452399088,0.0026770090702884866,0.02471249908502591,0.0031226880861437226,0.025394709066915995,0.0033204049030341894,0.03553471801207204,0.009019662972377836,0.03730797851006527,0.009598787274259167,0.0012298894958574268,0.000498195760605833,0.0013118821289145885,0.0005306974060829884,0.0025781084145259448,0.0005606913964322584,0.0026388711977165637,0.0005886313835953953,0.0028192132312530767,0.001308662993662506,0.002862040585032638,0.0013928605754928447,0.8976981228565916,0.010599668469472495,0.8945780333628537,0.01122109221678968,0.005364017979989475,0.0009354139872970478,0.005192674611391049,0.0009098524851672268,0.0032230091165795648,0.0008982782191423893,0.003241797959645654,0.0009405255340303499
AV9N-4-CALSTDYNQGKLIF-AJ23_BV3-CASSLGVEQYF-BJ2-7,VGPRYTNL,10,123,112,11,91.0569105691057,36,29.26829268292683,0.43902439024390244,0.0,5.0,54.0,0.43452265076413693,0.4305468544072169,-0.003975796356920025,0.9304181587182025,0.9322928738357025,0.0018747151174999255,0.944118926608983,0.9475711773079717,0.0034522506989886903,1.8509426156554376e-05,0.010859140086464533,0.0017021142091349472,0.0005678240376516886,0.0017188781511066028,0.0006114632091334079,0.0,0.0,0.0,0.0,0.0003749474689894997,0.00011857122760892345,0.0003907642634753382,0.00012860786276577455,0.005556529065043934,0.0008224525895912982,0.005119886340728402,0.0007866886172790564,0.014479337946123008,0.005031123076371286,0.009507306295409777,0.0016307231971758836,0.04350698386525588,0.012041686448984833,0.04596806471774555,0.013196099940212334,0.010653883937875815,0.0019374598088633145,0.010850571043480731,0.002056873332387791,0.0016905827024514724,0.00062960315367449,0.0016696870342479844,0.0006773847025594573,0.003220150065634698,0.0008161593132610922,0.0033724582668777717,0.0008911912543767653,0.002307090770702107,0.0005790216888329507,0.0024907542186488113,0.0006321340359776487,0.9102995251165727,0.01399342379713108,0.9125342664604906,0.014433878556881495,0.004396727886652552,0.0008654283958978876,0.004473919150544243,0.0009338765134938068,0.0018121269655633177,0.0005379525289424412,0.0019034440572441688,0.0005868264315768741
AV14-2-CAASADTGNYKYVF-AJ40_BV13-3-CASSDPGEDQAPLF-BJ1-5,VGPRYTNL,10,117,116,1,99.14529914529915,29,24.786324786324787,0.3247863247863248,0.0,3.0,38.0,1.4365508549707944,1.4383359712493762,0.0017851162785817998,0.598355894638457,0.5976670586477092,-0.0006888359907477604,,,,2.498549032114994e-07,0.0015467053036755337,0.006518200754393621,0.001324067173694872,0.006574392140207359,0.0013343279689665935,0.0,0.0,0.0,0.0,0.006380479336125399,0.0016663157940704644,0.006360520949592746,0.0016806224743281914,0.011834969926232076,0.0017213642022705017,0.011862033010303792,0.0017360534700282004,0.017649314206666447,0.0028526637735015485,0.017726500948328113,0.0028763091370297435,0.03985498542209984,0.007403221665853066,0.04004863784515391,0.007464764886607517,0.021721832752445894,0.0042681993572932665,0.02190908993134629,0.0043010088592028125,0.002199402351357626,0.0007282273649628189,0.002218362716455537,0.0007342834730266985,0.00962441333352693,0.0023899134835731533,0.009707382413988368,0.002409152661985216,0.005858742824321107,0.0012107109494865305,0.005909249227979049,0.0012201304365351794,0.5902802129491798,0.012228386586596461,0.5895217590128345,0.012310514338885909,0.26587863495845115,0.01012611507628966,0.26584685407540926,0.010213738400080408,0.013651802638191733,0.002876856995627201,0.013694528073228619,0.0029014452817253725
AV16N-CAMREEGNYQLIW-AJ33_BV13-2-CASGDQGNSGNTLYF-BJ1-3,RTYTYEKL,5,114,111,3,97.36842105263158,29,25.43859649122807,0.35964912280701755,0.0,3.0,41.0,0.4138422108572657,0.41689082223966145,0.0030486113823957606,0.9380358991039095,0.9373329403471942,-0.0007029587567153328,0.9949396536007407,0.9948130004250614,-0.00012665317567928103,6.592589030240958e-08,0.0015584385518167777,0.003962057673607091,0.0007936771586172847,0.003961786769444747,0.0008126191946499694,3.035269835488375e-05,3.0352698354883738e-05,3.1173041553664394e-05,3.117304155366439e-05,0.003948229019625819,0.001255675144641999,0.004054937912048138,0.001288240724848896,0.004557083091951808,0.0009765576870308751,0.0046603600627364156,0.0010010998448460502,0.008827728808251679,0.0010441066160632622,0.008854812136182265,0.0010704606985040713,0.9380358991039095,0.0064345649550201275,0.9373329403471942,0.006591668986749758,0.010454566359554517,0.0013391918978773183,0.010645272136314216,0.001370430967236335,0.0011016432164531083,0.0003608095898628287,0.0011314173574383272,0.0003701921238930979,0.0044387883129690525,0.0010759182372445319,0.0044867929309810725,0.0011041381046014414,0.0016997557670421124,0.000435033849960034,0.0016383415681077418,0.00044059620093676665,0.007404871859663218,0.0014233852520001747,0.0073902964435668805,0.0014561896987529202,0.011359202266625415,0.003332058581920301,0.011538966752195427,0.0034203265109333373,0.0041798218219918,0.0009416493909611371,0.00427290254223695,0.0009655287960065877
AV16N-CAMREDSNYQLIW-AJ33_BV3-CASSSGQISNERLFF-BJ1-4,RAYLFNSV,4,109,103,6,94.4954128440367,24,22.01834862385321,0.27522935779816515,0.0,2.0,30.0,0.8257952824044882,0.818002384854987,-0.007792897549501188,0.8163400166612031,0.8195012070727214,0.0031611904115183,0.9394294513624113,0.9408384944284449,0.0014090430660336217,1.7636591478353836e-05,0.013009857585446469,0.0013694349682914179,0.0006921704213156931,0.0012788791446081724,0.0007148136465652885,0.0,0.0,0.0,0.0,0.004936404756493699,0.0024714259335017193,0.005223962315124399,0.0026132818449109228,0.016637756340116088,0.0043340095182637884,0.012710365194035893,0.0031162852636679637,0.8132456300961278,0.01561220504325715,0.8162265649795832,0.015964407194856884,0.0546710047637838,0.007898114326790056,0.052668146246420376,0.008135318542453081,0.03669312275843875,0.00750571673033791,0.038204377637531026,0.007911010790165611,0.0010283038384950988,0.0005385627361734044,0.0010882050329705415,0.0005695283163578021,0.007564332418130782,0.0018562304011257183,0.008004973141517041,0.0019560706450052054,0.0037725765269053706,0.0012082290768000476,0.0033591597099838595,0.0011260184008928963,0.03964291879345673,0.0052946142747298695,0.04006857961749872,0.0055045238479400375,0.01371580152550542,0.004163783685063001,0.014514780255146513,0.004394606119193781,0.006722713214255121,0.0031758748399838502,0.0066520067255802,0.003334792036408676
AV16-CAMRDSNTGYQNFYF-AJ49_BV13-2-CASGAGGQNTLYF-BJ2-4,SVYVYKVL,8,101,100,1,99.00990099009901,23,22.77227722772277,0.32673267326732675,0.0,3.0,33.0,1.6140300328901585,1.6045592213897404,-0.009470811500418064,0.5432307318478083,0.5456327361359834,0.0024020042881750525,0.7662991047487345,0.7677749531994337,0.0014758484506991465,1.1885724957472199e-05,0.00731626769820231,0.0154669827710596,0.00572870792066932,0.015318622295739895,0.005784343588803543,0.0,0.0,0.0,0.0,0.006190007336317821,0.0024049089857852203,0.006251907409680999,0.0024282747683161436,0.019269274916396382,0.004340621163023262,0.019461967665560347,0.004379924380275004,0.03794196194186741,0.006417687629188347,0.03680623004613457,0.006379876494365254,0.06948155036635952,0.010330931385704966,0.06896424465790191,0.01042167242056466,0.2671892550377422,0.01578383607821602,0.2668308445578166,0.01593836086221965,0.006915345240551175,0.0022970312365643603,0.006984498692956686,0.0023190659049508655,0.4848300451419232,0.02002687702526836,0.4878601637751607,0.019995280410264757,0.010889279451865831,0.0034800980894019525,0.01099817224638449,0.0035133536486493104,0.03415235823420095,0.006358083455328916,0.033887821210482366,0.006416424461535836,0.028136324920479575,0.005564907831044977,0.026902536654532853,0.005480951895102763,0.019537614641236222,0.00552411531970333,0.019732990787648588,0.0055761446267149906
AV16-CAMREDSNYQLIW-AJ33_BV3-CASSLGQISNERLFF-BJ1-4,RAYLFNSV,4,95,92,3,96.84210526315789,21,22.105263157894736,0.2631578947368421,0.0,2.0,25.0,0.7623308550954492,0.7604501766005276,-0.0018806784949215727,0.8377236708179103,0.8380049729882617,0.00028130217035138294,0.889633366061947,0.8867924785457278,-0.002840887516219137,7.211899830661395e-07,0.003030438470800791,0.004421075982009749,0.0014856359014665567,0.004296857176806898,0.0015166748178078264,0.0,0.0,0.0,0.0,0.0027410621758778707,0.0012061729712166773,0.0028304446381347574,0.0012446044146753035,0.013784581904904308,0.0038010476273487794,0.013594692951675487,0.0038888102036505126,0.8101729196638581,0.021365418006264722,0.8095558277748381,0.021951298535849376,0.050890120386196856,0.011902613685230927,0.051100305471254,0.012234530788579945,0.03581910332275003,0.009759412064207216,0.03553784219921652,0.010007555474589673,0.006838944239691393,0.0024677954175366403,0.0070619532909856775,0.002545311731917491,0.002996472099130585,0.001004128417563954,0.0030941831458413645,0.0010354485537401915,0.0038726255431853346,0.0012132290781610218,0.0039989068108979,0.0012507918955127345,0.03395573029106755,0.009157500382918567,0.03393576819508384,0.009443646852794831,0.023571943219308198,0.007392802860671259,0.024340593541676944,0.007621721249393239,0.010935421172020248,0.004268600443283572,0.010652624803588681,0.0043740166575739195
AV16/DV11-CAMREGNMGYKLTF-AJ9_BV31-CAWLGGLAETLYF-BJ2-3,SNYLFTKL,6,94,85,9,90.42553191489361,27,28.72340425531915,0.40425531914893614,0.0,4.0,38.0,0.7348362945364094,0.7279509473376552,-0.006885347198754221,0.8552742292525244,0.8556490076405565,0.0003747783880321265,0.9150891082844221,0.9074540225893607,-0.007635085695061439,6.076308489810778e-06,0.008205104162687911,0.006388294357484235,0.003953494761510013,0.007064701995335507,0.0043680841092217345,0.0,0.0,0.0,0.0,0.0020115264497254496,0.0007623736436460376,0.001851028876801889,0.0007635121542818774,0.011332051328037735,0.004000696996673086,0.010903271536087875,0.004343653572651666,0.03288470064899467,0.00975351463931162,0.03506849829214894,0.010736688871509343,0.043503864397919124,0.006418696734237847,0.041912065352806414,0.006808580402706968,0.8365392338904952,0.019211921002140413,0.8349303068872537,0.021020579061281148,0.0018344306496841524,0.0006947089846408095,0.0015580762478860036,0.0006182388561729663,0.011224716316389865,0.004604142681452985,0.011616552939944486,0.005075061739880124,0.004317996068539511,0.0016214947381506348,0.004732414903604122,0.0017877829218821896,0.037006985978798354,0.00915461717390643,0.036970791712480154,0.010059812508478492,0.008027747799374806,0.0019794796691277343,0.008315485761270598,0.0021669302215304607,0.004928452114557024,0.0013155489244319448,0.005076805494380336,0.0014109484720086173
AV12D-2-CALNQGGSAKLIF-AJ57_BV1-CTCSADWGNYAEQFF-BJ2-1,VSFTYRYL,12,92,89,3,96.73913043478261,24,26.08695652173913,0.34782608695652173,0.0,3.0,32.0,1.2869879205482782,1.272485205245957,-0.014502715302321167,0.6378964808784693,0.6411657187426058,0.003269237864136465,,,,3.028822269224296e-05,0.013427203740308723,0.019889018696563454,0.005667004665140839,0.016402131686335256,0.0051088178105153535,0.0,0.0,0.0,0.0,0.011993499139846733,0.003931953413542161,0.012397774391751682,0.004058232891778208,0.023606005446629143,0.0051681703417191275,0.023952275293144733,0.005326687947380623,0.050285911549414364,0.012695975396649526,0.049696298081042575,0.013084897946751951,0.12339061443110177,0.015850243228771238,0.12267412509799966,0.01631077199157642,0.048276434614707764,0.010105418820044338,0.04990373016351814,0.010403729858741918,0.00276268115942029,0.001613986779544717,0.0028558052434456927,0.0016677941443260914,0.026228103390650685,0.0074804551588214625,0.025726428973107077,0.007699614391572719,0.0077604661376147735,0.0028995302654402713,0.008022054883826507,0.002993842591689433,0.04370195143565294,0.008941363218529992,0.04191662395595585,0.00892997334891166,0.0360262703864506,0.010162953229446558,0.037240639051162414,0.010482988023137072,0.5843399131771648,0.027567161529995908,0.5867402030663509,0.028025755202967274
AV13-2-CAPNNNAGAKLTF-AJ39_BV14-CASSDRYEQYF-BJ2-7,INFDFPKL,3,91,89,2,97.8021978021978,18,19.78021978021978,0.26373626373626374,0.0,3.0,24.0,1.4566375317625284,1.4511088360340225,-0.005528695728505895,0.5730682584256619,0.5742909077148077,0.0012226492891458385,0.9611703025148719,0.9609520043583578,-0.00021829815651408513,2.616687273304663e-06,0.0032676136170378773,0.0060569720944341505,0.0015260519176473301,0.006085045797507001,0.0015585170311644338,0.0,0.0,0.0,0.0,0.003782993747544281,0.0009142230789196316,0.0037599668136083703,0.0009315748865792975,0.5706081600973212,0.009057907709031593,0.5717755262779649,0.009223063410473194,0.01396358862716702,0.0020663969990209535,0.01268244283741377,0.001694459923359255,0.02482022217970856,0.003129292166406909,0.024806660232880452,0.0031741029496164448,0.02113908418068184,0.004285882098659539,0.021086747704599125,0.004376025360138467,0.002069362039785516,0.0010231965008978563,0.0021158645575335053,0.0010457858768612553,0.007616531972834235,0.00309592134358409,0.007584432007206115,0.0031657906110274282,0.31978994558446294,0.008408523890229343,0.3196662735590109,0.00855129218582159,0.012715173362143404,0.0029814050779289453,0.012607209691304556,0.0030451766128308344,0.01060845030864583,0.0021339837121702185,0.010846842450413152,0.0021754677893889955,0.006829515805271026,0.001508340021594011,0.006982988070558017,0.001538475026092392
AV5-4-CAASTDYANKMIF-AJ47_BV3-CASSSGTGYEQYF-BJ2-7,VGPRYTNL,10,89,89,0,100.0,15,16.853932584269664,0.1797752808988764,0.0,2.0,16.0,0.7034896299026838,0.7034896299026838,0.0,0.8717848009166778,0.8717848009166778,0.0,0.97433107678342,0.97433107678342,0.0,0.0,0.0,0.005188897885589766,0.0012870580702786071,0.005188897885589766,0.0012870580702786071,0.0,0.0,0.0,0.0,0.0035069807656753407,0.0018211369463789265,0.0035069807656753407,0.0018211369463789265,0.00898702983568226,0.002571144451599905,0.00898702983568226,0.002571144451599905,0.018509646346073442,0.0028033260269561826,0.018509646346073442,0.0028033260269561826,0.03371320859606664,0.006259304179502084,0.03371320859606664,0.006259304179502084,0.01819095035629104,0.003329782245779751,0.01819095035629104,0.003329782245779751,0.0029405695429239372,0.001036272090755096,0.0029405695429239372,0.001036272090755096,0.010870831179301503,0.0035732938079522437,0.010870831179301503,0.0035732938079522437,0.005250287013743302,0.0012749057035363557,0.005250287013743302,0.0012749057035363557,0.8705363614659912,0.011815354184392984,0.8705363614659912,0.011815354184392984,0.013486773187256279,0.0029235256835205697,0.013486773187256279,0.0029235256835205697,0.00881846382540526,0.0028616451498072854,0.00881846382540526,0.0028616451498072854
AV13-1-CALDNRIFF-AJ31_BV12-1-CASSDWGGAEQFF-BJ2-1,INFDFPKL,3,86,79,7,91.86046511627907,25,29.069767441860463,0.4069767441860465,0.0,3.0,35.0,1.1500005891060463,1.1243191869903164,-0.02568140211572989,0.7535561746418648,0.75817407594541,0.004617901303545224,0.8935711940181645,0.8892829238625585,-0.0042882701556060665,1.8169572659876287e-05,0.01587714317052389,0.008368682421824074,0.0027878438468997265,0.009110211244011016,0.0030221558977482433,0.0,0.0,0.0,0.0,0.005368036202622397,0.0017230370496071924,0.002591489029641376,0.0009016139787039023,0.732843372268767,0.021431652691695516,0.7356259619696325,0.022619726776409513,0.028204557700652885,0.004891188097529542,0.027028386787928668,0.005067011073527953,0.07652113532841656,0.01228984344776255,0.07835763731060791,0.013259244613055844,0.03921088725286074,0.006420185658143792,0.03768190829339985,0.00670609694327487,0.006336487450090189,0.0019968687695851796,0.005960301856122559,0.0019861598242045288,0.008326123375857022,0.0023107057375345162,0.009063881143338023,0.0024996741105793078,0.0073497234107455945,0.0019891535468520506,0.006247565757032944,0.0015983816750802556,0.0685599129525251,0.012158603367774403,0.07023248612847996,0.013173638442987714,0.011628533086124538,0.002373464646899117,0.010650001793708942,0.002360712466901671,0.007282548549514019,0.0023923367525012324,0.007450168686096227,0.0025665218191684254
AV7D-3-CAVSMVDSGTYQRF-AJ13_BV1-CTCSAVRVDTEVFF-BJ1-1,RAYLFNSV,4,80,75,5,93.75,12,15.0,0.325,0.0,6.0,26.0,0.9479981933893458,0.947198272775031,-0.0007999206143147752,0.7853604463911207,0.7858377557901439,0.0004773093990232402,0.9401247337171006,0.9421210797549888,0.0019963460378882303,2.8204253834651638e-05,0.01415743514198415,0.007957898873111999,0.00402935923419908,0.0035423239471227084,0.001329310218732174,0.0,0.0,0.0,0.0,0.0013144841269841269,0.0008071484380440762,0.001402116402116402,0.0008603574220369386,0.016887419782137713,0.003999555755715548,0.017822771577137374,0.004242309743431475,0.784792264572939,0.01799024354061545,0.7852316951840834,0.018450212155509352,0.055349922321555244,0.007214386009529757,0.05303726279251183,0.007208119773668063,0.04067771579536699,0.008673163764584843,0.04181491180376045,0.009230493868867025,0.0018086080586080585,0.0015182493639128603,0.0015873015873015873,0.0015873015873015875,0.01356755605401484,0.0043580936157040125,0.014472059790949163,0.004631538591193637,0.005267319274306522,0.00187971523644468,0.005138142629653665,0.0019861458968237684,0.0524787483941056,0.008397049699184679,0.05510776640298801,0.00884225394749532,0.012496673178709707,0.003385691211019659,0.013139308533480831,0.0035964626741789205,0.007401389568160213,0.0030156915875027084,0.007704339348894703,0.00321043292402708
AV16/DV11-CAMRGDSNYQLIW-AJ33_BV3-CASSTGQISNERLFF-BJ1-4,RAYLFNSV,4,80,75,5,93.75,16,20.0,0.275,0.0,3.0,22.0,0.671440937816415,0.6742074587331957,0.002766520916780646,0.8673155323965702,0.8669257706074502,-0.00038976178911998005,0.9723330802900194,0.9723113148417691,-2.1765448250277153e-05,1.9113803233494764e-06,0.005317821151433868,0.0025455973689162453,0.001016938149390697,0.0027153038601773283,0.0010823190875357365,0.0,0.0,0.0,0.0,0.0008740921214090312,0.0004717704378657246,0.0007173111660621064,0.00045894763291951207,0.00760875066322248,0.0020117119085760584,0.006927646577906712,0.0020013728665080267,0.8665114388293187,0.013923525543675269,0.866068070802382,0.014178247672373393,0.04244342510790076,0.008675784870663356,0.04139431355329735,0.00884989504295192,0.02208066070017161,0.004135672089965733,0.02266086413963909,0.004350862137507457,0.006692733442584403,0.002432066112384137,0.007138915672090031,0.002586993166994884,0.0038469966811720234,0.001544290558528462,0.003981138967562085,0.0016430700366835973,0.006836516579640725,0.0024592401626784104,0.006507970626126577,0.002522860950737874,0.02663128239555005,0.004591039469124114,0.02713891833235557,0.004847953847475832,0.00930234291002741,0.0031025497916487136,0.009814972222308807,0.003300771856622351,0.004626163200086553,0.0022629656347989266,0.004934574080092324,0.0024105871726546727
AV5-4-CAARGDYANKMIF-AJ47_BV3-CASSLGVDTQYF-BJ2-5,VGPRYTNL,10,79,75,4,94.9367088607595,19,24.050632911392405,0.2911392405063291,0.0,2.0,23.0,0.5761281672519902,0.5764162762840067,0.0002881090320164814,0.895109658345603,0.8941116582959522,-0.0009980000496507824,0.9858140155738835,0.9851742899074295,-0.000639725666453983,3.4890619160510283e-07,0.0030486942316827626,0.0020927435247650424,0.0009210266137140956,0.0022043565127525117,0.0009687653990869611,0.0,0.0,0.0,0.0,0.003120506112451496,0.0015127486916947592,0.0031450891334843696,0.0015891183246881813,0.008361940183664884,0.001965641750958323,0.008625415948658406,0.002063407050194193,0.024459532393056708,0.006078064001480649,0.024769159727431354,0.006381443871317878,0.03241166372370182,0.004900424957182109,0.03258998051049942,0.005126853608441906,0.013917585816797692,0.002369795371174312,0.014205626406942595,0.0024846966017298936,0.0016529187383298631,0.0007149059629569966,0.0014941608241272088,0.0007172023599468249,0.007246235626284959,0.0023427910770044817,0.007308363176587013,0.0024568862497092595,0.00497125672429495,0.0015663275648691263,0.005195740009753282,0.0016459682975242117,0.895109658345603,0.01156541959175923,0.8941116582959522,0.01210553718255314,0.004288996151563101,0.0016843295059315176,0.004351075946313134,0.0017685178652241504,0.002366962659486238,0.0009488352722387853,0.0019993735074983433,0.0008821167449181745
AV14-1-CAARGAEQGGRALIF-AJ15_BV13-1-CASSEQGGYEQYF-BJ2-7,ATLVFHNL,0,79,70,9,88.60759493670886,24,30.379746835443036,0.4177215189873418,0.0,2.0,33.0,0.9296013744907806,0.9106037561575147,-0.018997618333265964,0.8012734070454571,0.8091441698011977,0.007870762755740612,0.9223081547694607,0.9283579928196819,0.00604983805022119,4.331176891470001e-05,0.02035869774053399,0.788585629788898,0.0195174864802955,0.7948251068973669,0.020015570718186087,0.0,0.0,0.0,0.0,0.002154716302147426,0.001073495403012433,0.0024317512552806666,0.0012084831483355426,0.016151007744680076,0.0047239664487419425,0.017248322904038823,0.005289468461859232,0.019222989734717595,0.004084852446498139,0.01901112101721389,0.004492847919158758,0.059754583603684894,0.012375342782471179,0.056754736455865054,0.012729331854946468,0.0434266682583498,0.010038318496009032,0.044944614897512634,0.011177867013001313,0.0014450479821052986,0.0006276127374097076,0.000975511067332896,0.0004979529469301307,0.01030183410060223,0.0029281398860170646,0.010949920951387842,0.0032579174668110763,0.004094784449325877,0.001665407506348205,0.004494272608683647,0.0018717979097040301,0.03944435620180094,0.007774707060835021,0.0334239366930529,0.0067670566245647875,0.010303760877056473,0.0032505467781341092,0.009916353420501308,0.003515524306170978,0.005114620956631252,0.0018926921351489013,0.0050243518317634505,0.0020702637096671104
AV19-CAAGATGYQNFYF-AJ49_BV17-CASSRLGGPYAEQFF-BJ2-1,SNYLFTKL,6,77,69,8,89.6103896103896,24,31.16883116883117,0.42857142857142855,0.0,3.0,33.0,0.7801121431330408,0.7203733574016786,-0.059738785731362154,0.8381330663161355,0.854806908867271,0.016673842551135465,0.9356515544105353,0.9460249564256191,0.010373402015083855,7.5672615545197e-05,0.03420029722023826,0.003962408552787214,0.0017937267147484963,0.003639972320921201,0.001954924560652824,0.0,0.0,0.0,0.0,0.003853938911901701,0.0019646385661344187,0.003783174065248482,0.002139038550305909,0.014623054111114945,0.005928979696924415,0.007064367129991078,0.0023558613414991396,0.02966518258009944,0.008326647319836122,0.03000910167888702,0.009194646745862298,0.04018113416692805,0.004627558738050364,0.03803748447243218,0.004510308936729115,0.828138939563767,0.019334054569816916,0.8444304402968225,0.018674925038988422,0.0019703913914969158,0.0013275045132246427,0.0019400433954799953,0.0014623117099973556,0.00810699905696516,0.0030974277875383837,0.008420374560573197,0.003423154935361103,0.004007489663185524,0.001445337288526186,0.004158842937853652,0.0015948962424439795,0.04998607764467264,0.012540495916135787,0.04508680922003188,0.013290504592733296,0.009457079152361582,0.0021452540032770116,0.009218693211216626,0.0022566814079349197,0.006047305204719847,0.0024466981296958133,0.004210696710542341,0.0021778203702946773
AV9D-2-CVLSDYSNNRLTL-AJ7_BV13-2-CASGDGLGDYEQYF-BJ2-7,VIVRFLTV,11,77,76,1,98.7012987012987,20,25.974025974025974,0.4025974025974026,0.0,4.0,31.0,1.0387603242511294,1.037169203406436,-0.0015911208446934832,0.7744459198218867,0.7741096819248063,-0.00033623789708037144,0.8657298566546654,0.8640903581128756,-0.0016394985417897967,5.415954252852018e-07,0.002647418449362774,0.01962935316910095,0.0065139799428682865,0.01968520498205471,0.006600018965501205,0.0,0.0,0.0,0.0,0.0184213131861951,0.005933554540453089,0.018663698886013453,0.00600712969350392,0.012951427883587552,0.00453647505208341,0.012919412258574028,0.004596448961449296,0.02890431679130156,0.005768327225297813,0.02908220759928427,0.005841952237130024,0.07424375399186568,0.016634118304096515,0.07380364144317565,0.016848546856365443,0.026132819172228153,0.005374241825322073,0.02627424290627569,0.005443541173887534,0.005385248227445551,0.0020576299835884143,0.005456106756754044,0.0020836479446724996,0.005980440450313854,0.0019937894054689793,0.005856701306441465,0.002016303981572302,0.00755807355874285,0.003666521501683109,0.007657521895042098,0.0037137200149442505,0.03862105593705491,0.007984005290018683,0.03912922772570036,0.008073355227024166,0.7446840150599819,0.024432728483930886,0.7439561731528765,0.024745367777757692,0.01748818257218182,0.005708216761475786,0.017515861087807696,0.005783757581565778
AV16-CAMRETGGNNKLTF-AJ56_BV1-CTCSAVRVGNTLYF-BJ1-3,RAYLFNSV,4,77,72,5,93.50649350649351,17,22.07792207792208,0.3116883116883117,0.0,3.0,24.0,0.9737411688306992,0.9900931465034799,0.016351977672780738,0.7733619781755647,0.770609231452386,-0.0027527467231787117,0.8578785499145569,0.8598905644423336,0.002012014527776662,2.095701020721208e-05,0.014786245813490508,0.0042782524228907135,0.0021674969987845027,0.004575353285591457,0.0023149458455675874,0.0,0.0,0.0,0.0,0.006191239074514335,0.002574114488831742,0.0066211862324667215,0.0027468422614269554,0.02332914353625331,0.006769427175605047,0.021477000726270897,0.006475623610656227,0.7389740834922769,0.02564703878114933,0.7347013440827591,0.025947364312345924,0.08124657585936138,0.01120960915777368,0.08450138601055397,0.011864014629128686,0.028450296213593202,0.0055387841730408895,0.029771601275235617,0.005883008166425564,0.003069867850390702,0.002128613145421615,0.003283053117778945,0.0022753090445347354,0.009255678583379714,0.003183543746908093,0.00955968065302499,0.0033895307540126912,0.0103004690492463,0.003459270741907925,0.009279668288777292,0.0033207764331590556,0.06507096584687742,0.01808993426853301,0.06482862972092406,0.018971527074932625,0.025028874022573522,0.009603597395346613,0.026601646358797207,0.010247986106369103,0.0048045540486424095,0.002606787543074148,0.004799450247819813,0.002772348412980658
AV9-2-CVLNTGYQNFYF-AJ49_BV13-1-CASSDPGREQYF-BJ2-7,RAYLFNSV,4,76,73,3,96.05263157894737,13,17.105263157894736,0.27631578947368424,0.0,3.0,21.0,0.9263464381669396,0.9258942125904045,-0.00045222557653512574,0.7395783664248704,0.73785682465116,-0.0017215417737104222,,,,8.12546609618714e-06,0.008299710383493728,0.003220180415640194,0.0014181183396435157,0.0033525165971048597,0.0014747141158702182,0.0,0.0,0.0,0.0,0.0018525716445468182,0.0008202249182641477,0.001928704725829564,0.0008529722000476851,0.006226942062755005,0.002336972957362245,0.006482843791361376,0.002428941349840415,0.7149707948643902,0.02316170802909859,0.7122379830265505,0.024060251843118562,0.04422029277006427,0.014012742500911005,0.04603756507568335,0.014552738584635612,0.19544936944254343,0.016645918736373437,0.1965900263339621,0.01730885220853623,0.0008372595027012574,0.0004455306351460573,0.0003663161180684629,0.00029991068886476766,0.0048653695989606584,0.0020723258653027638,0.005065316294808357,0.0021548197673966155,0.002882151597619566,0.0017896436568306214,0.00300059618382311,0.001862376566033275,0.00516026026767591,0.0019529843626460229,0.003973585526749639,0.0016792200140325212,0.00377954324628088,0.0012234703008328148,0.00374975031786073,0.0012648530576690696,0.003377369849979658,0.0012576440247610997,0.003516165871211699,0.001307096617043031
AV6-6-CALGDQGTGSKLSF-AJ58_BV17-CASSRGQGYTGQLYF-BJ2-2,VIVRFLTV,11,75,72,3,96.0,22,29.333333333333332,0.44,0.0,3.0,33.0,1.7617713008648397,1.7600008826680558,-0.0017704181967839183,0.5273879130835384,0.5261259926647798,-0.0012619204187586108,,,,4.7727857157453535e-05,0.013053683758497652,0.012592706252109514,0.002852388390597642,0.01176622084770709,0.0028711648581880257,0.0,0.0,0.0,0.0,0.009222491681814694,0.002879017364714146,0.00907257413436894,0.002966158357451531,0.013975282768705233,0.003932481856065874,0.01442274263595576,0.004087373656637574,0.10496779660911953,0.009712784411602464,0.10407187746562654,0.009938509362338272,0.038204897938461976,0.007744251596907945,0.03552326441239361,0.007087538052598873,0.18410767222060237,0.013328989323796114,0.18840499000987102,0.013605675744362236,0.008344613109354282,0.0034420582483741954,0.008692305322244043,0.0035805479373277197,0.016909996146075062,0.003937654630614295,0.01654620325045212,0.004001917661441672,0.011135117387194847,0.003423354482500381,0.0115990806116613,0.0035563580663868183,0.023095636091679365,0.004081996299110184,0.023788267099274958,0.004227561213117867,0.5211903143859397,0.01725310537588631,0.5196701606881144,0.017665905029646677,0.04292014207561022,0.007126110475842407,0.042553424633441236,0.007399111140186603
AV14-2-CAASGGYNQGKLIF-AJ23_BV3-CASSLGFQDTQYF-BJ2-5,VGPRYTNL,10,74,73,1,98.64864864864865,18,24.324324324324323,0.3108108108108108,0.0,3.0,23.0,0.6826448489430053,0.6857602000212555,0.003115351078250228,0.8779640465355611,0.8770209716848388,-0.0009430748507223141,0.9856743418199788,0.98549917680265,-0.0001751650173288377,1.211326372541066e-07,0.0019045431863914674,0.005083812328898775,0.0015412580468073458,0.0050805885397580694,0.0015625143647267066,0.0,0.0,0.0,0.0,0.004883123342885983,0.0019861931300478477,0.004877150389553321,0.002013581086619316,0.009976452472854893,0.002394851402282114,0.010113116205359754,0.002423928983074143,0.01970366665461368,0.0030261162902370992,0.019900714842537564,0.0030613469126529345,0.026934364117924152,0.004818740782986827,0.02715759790211023,0.004879964390281858,0.021292408954646205,0.0043970062214327135,0.02143835568180108,0.004455201207495132,0.0009937024814666638,0.0006127030783740077,0.001007314844226481,0.0006210012376011102,0.009706460460584885,0.003169841837804495,0.009766560618453579,0.003212988199677632,0.0038249743666939513,0.0013714945846681852,0.0038773712758267457,0.0013893975763741501,0.8779640465355611,0.012915181881094261,0.8770209716848388,0.013058377170064873,0.013846040121757986,0.0030719494880635098,0.013962846850327683,0.003112071051561684,0.005790948162111667,0.001882968129608567,0.005797411165206754,0.0019089300860863673
AV16N-CAMRDTNAYKVIF-AJ30_BV13-2-CASGGANTEVFF-BJ1-1,RTYTYEKL,5,74,71,3,95.94594594594595,20,27.027027027027028,0.3108108108108108,0.0,2.0,23.0,0.92076656781729,0.9181225100205195,-0.0026440577967705714,0.7998483236930412,0.8018326518199009,0.00198432812685978,0.9301913609804204,0.9403036893023583,0.010112328321937869,5.175247709987563e-05,0.015897935321053255,0.003930678706562927,0.0014921351309259557,0.004096763722333192,0.0015525060479024213,9.863878477017163e-05,9.863878477017164e-05,0.00010280662074637606,0.00010280662074637607,0.0015469112373574976,0.0007704220278557474,0.001612273684006406,0.0008022698574065464,0.010496535514871756,0.003350973383323389,0.010424473504088887,0.0034797471864488234,0.1083555352714701,0.008835548693318006,0.10939706265651174,0.009068947109808698,0.78538607897196,0.016982703217303743,0.7904071123325122,0.016575455966289326,0.03411872041534164,0.011024475306487829,0.026241814765597966,0.007997431938178099,0.000876048899502257,0.0006575727562248967,0.000913065050185451,0.0006852037185505458,0.007923922528662468,0.002610572690102432,0.00815740876784093,0.0027168575315892536,0.005503582267686363,0.0018811061686557714,0.005736127997306914,0.0019562928241000474,0.03161494126049207,0.010602506285579153,0.03243520625304527,0.011038685218165636,0.005856359750665314,0.001847983400991402,0.00600248418232277,0.0019228667683248725,0.004292046390657427,0.0023877452932190135,0.004473400463502107,0.0024870275701258772
AV13-1-CALERSNNRIFF-AJ31_BV2-CASSQDRRGDTQYF-BJ2-5,HIYEFPQL,2,68,65,3,95.58823529411765,13,19.11764705882353,0.2647058823529412,0.0,4.0,18.0,1.4033159740010699,1.412912297638029,0.00959632363695917,0.6026994943896722,0.6017251853395251,-0.0009743090501470597,0.6138240098048158,0.6055187988980982,-0.008305210906717542,0.00011458636931838129,0.02508068010011628,0.006959059283537463,0.0041050246970206145,0.004203323558162267,0.0030586776273133073,0.0,0.0,0.0,0.0,0.4959421678031235,0.03441517007279408,0.4900405975259051,0.03567924219849617,0.0325670297444491,0.011493282464115392,0.034070123424962136,0.011994576100659845,0.06970559325435485,0.010819615789476808,0.07072497228367673,0.011161053751328608,0.1188691965956522,0.021078188187915736,0.1197400825923746,0.021723059576603122,0.09127861593780898,0.020231365118390413,0.09549147513493862,0.021023446571933165,0.007720588235294116,0.003963499264731304,0.008076923076923077,0.004142434467026542,0.0063900560224089634,0.0036601186177673732,0.006684981684981685,0.003826343320386142,0.026493930905695608,0.011577496349774707,0.027716727716727715,0.012094142675898542,0.07777235754303066,0.01665243216375608,0.07388932349556615,0.016971318307171086,0.03923531533825651,0.011144575011958598,0.041046176046176046,0.01161306141340298,0.02706608933638795,0.008435189156105243,0.028315293459605855,0.008796186550273557
AV5-4-CAASAGGSNAKLTF-AJ42_BV19-CASSIGRTGNTLYF-BJ1-3,HIYEFPQL,2,65,63,2,96.92307692307692,19,29.23076923076923,0.4153846153846154,0.0,4.0,27.0,1.6723858318386247,1.6430300723100222,-0.029355759528602476,0.5358121981848212,0.5403504539095094,0.004538255724688245,0.548499840926511,0.5483437704360998,-0.0001560704904112198,6.917889801472121e-05,0.015841863632323906,0.016961186249647788,0.00807426730726303,0.01617688528402814,0.008259650908278803,0.0,0.0,0.0,0.0,0.4167795273214867,0.034605024599217056,0.4201844707436352,0.035257700644164176,0.0372769621544744,0.008962955744446222,0.03279142353806316,0.008508781902571547,0.08810833090733057,0.01992318592067873,0.08901577603061696,0.020543204809220277,0.13205715416024286,0.01788237011730352,0.1317142973762143,0.01829301138332015,0.10160473409102884,0.0172984389991736,0.10237374303420586,0.017842831101559826,0.007304460245636716,0.004169771085856074,0.006969454448446045,0.00427732738444299,0.023857436057467263,0.007248556743729334,0.022158276809102657,0.007377444941118798,0.03357917723302339,0.011933721093891573,0.034078289435432285,0.012303688107210898,0.06735923433866525,0.014702869804065063,0.06893072930633264,0.0151252762220423,0.050890591780572196,0.010796174045134393,0.050616521376024966,0.01112687032356482,0.024221205460423906,0.008013733673990704,0.024990132617897676,0.008251430320253758
AV3D-3-CAVSNNRIFF-AJ31_BV1-CTCSALGGDTLYF-BJ2-4,VSFTYRYL,12,63,62,1,98.41269841269842,20,31.746031746031747,0.4126984126984127,0.0,3.0,26.0,1.243775787711318,1.2350439701331337,-0.008731817578184309,0.7228839062441619,0.7247394025181821,0.001855496274020263,,,,5.426961190102553e-06,0.007683899917245397,0.013769480241808924,0.003440195819448702,0.013042802029390286,0.0034172508873677285,0.0,0.0,0.0,0.0,0.00780216380445834,0.0027637235782519524,0.00792800515614315,0.0028057520373043574,0.033691499407546795,0.009758330462793424,0.03233737748148257,0.009821068132885363,0.027442448416699586,0.005847192248099017,0.027885068552452805,0.005925225194453626,0.056488197519867826,0.007896355386149367,0.05518550873856272,0.00791480466954094,0.04702129411393463,0.005989911247669395,0.047779702083514224,0.006038324065497543,0.0029191409654098716,0.0013317175291059375,0.002966223884206805,0.0013525267846406436,0.015277616606343714,0.0031287945449568737,0.015524029777413774,0.0031697961324048426,0.008784486758935506,0.004452904247298484,0.008609916494769065,0.004521835061782861,0.03328579344582069,0.005678597523541607,0.032873894478628034,0.005755736940948721,0.022512894586492395,0.005272867716308843,0.022876005789500338,0.005345889956581101,0.7151319682596659,0.024426149943951463,0.7168624332758716,0.024760976830773933
AV16-CAMREANTGYQNFYF-AJ49_BV13-2-CASGPGGQNTLYF-BJ2-4,SNYLFTKL,6,63,59,4,93.65079365079364,20,31.746031746031747,0.4126984126984127,0.0,4.0,26.0,1.4330848964002116,1.4342095525201888,0.001124656119977141,0.5408524412695753,0.5399926914213747,-0.0008597498482005861,0.9356823380976461,0.9324915041394473,-0.0031908339581988576,9.234586454742733e-06,0.006887511897006168,0.0003450655624568668,0.0003450655624568668,0.00036845983787767134,0.00036845983787767134,0.0,0.0,0.0,0.0,0.0026891712938224566,0.00166632801252897,0.002871487991708725,0.0017777361570771248,0.013863331046275738,0.00541647141228052,0.014647721084555356,0.0057708025705772974,0.01948687578132192,0.005756825780150687,0.019366310804643735,0.006121652700667887,0.036615270225488175,0.004648430169091404,0.03688553630511711,0.004940291966230359,0.5109663128191286,0.013425956383342562,0.508080384770898,0.014236316792921897,0.0018998255865667814,0.0010098002078400394,0.0016680070543902777,0.0010247487594157055,0.3763529539694202,0.01288139702425974,0.37721399788543597,0.013579084539688353,0.00553908172955792,0.003237723374072342,0.005914612694273711,0.00345358199883449,0.02065392690845826,0.004132865475982461,0.021227082435735137,0.004384920883376764,0.009299340914744637,0.002338344157895413,0.009672999364023676,0.002480521228182441,0.0022888441627583593,0.00082821349853125,0.0020833997713406065,0.000819924818162666
AV14D-1-CAASSGSWQLIF-AJ22_BV17-CASRSRDIYNSPLYF-BJ1-6,RAYLFNSV,4,63,62,1,98.41269841269842,15,23.80952380952381,0.3333333333333333,0.0,3.0,21.0,0.8556358872672721,0.8512835852825056,-0.004352301984766549,0.8249621778885451,0.8253119115879638,0.00034973369941870835,0.9564997565166805,0.9559117094169205,-0.000588047099760014,9.77784034517093e-07,0.0031833688872217126,0.005418397515508964,0.002234608498832097,0.005505791023823624,0.002269208584574478,0.0,0.0,0.0,0.0,0.009672442138798245,0.003703237217179932,0.009828449270069185,0.0037601154121785184,0.014168221313942946,0.004309684276007409,0.013339099553009718,0.0042979483226950445,0.8240284710724853,0.01903871177515194,0.8243631449845483,0.0193453150104573,0.03653744149626503,0.005162548035474241,0.03686234470389914,0.005236097013196032,0.02525897386880933,0.005619083741697322,0.025401966308258656,0.005708607652704433,0.00583298976156119,0.0035968205422554876,0.00592707024158637,0.0036540586310261185,0.008949187927784591,0.003043076577030034,0.009093529668555311,0.0030890798472902664,0.006587091645080102,0.003037807880072149,0.006693335058710426,0.0030853177171389547,0.023739438329044148,0.004708863100813178,0.023593511765869025,0.004783136565817125,0.027342331082652983,0.005652173177781651,0.02672569496315056,0.00570979853259008,0.012465013848067068,0.0053401919028086085,0.012666062458519764,0.005423182520890813
AV12-2-CALSMQQGTGSKLSF-AJ58_BV1-CTCSAVRISNERLFF-BJ1-4,RAYLFNSV,4,62,58,4,93.54838709677419,20,32.25806451612903,0.4838709677419355,0.0,3.0,30.0,1.0748492891804995,1.0781788001864703,0.0033295110059707866,0.7276348907739631,0.7234596491953608,-0.004175241578602384,,,,9.534601716154611e-06,0.014560269052554795,0.0158807946936229,0.0070035008192963315,0.016976021913872756,0.007468932161123115,0.0,0.0,0.0,0.0,0.009050489445595373,0.0039060752581314487,0.009674661131498502,0.004165123813561296,0.021207932440904086,0.00509127501394565,0.02217793763387284,0.0054048276212145295,0.7073007893914747,0.031308330495332715,0.7017231959933903,0.03320968571177625,0.08994857335083953,0.013785561173131273,0.08907114306969677,0.014502090175115747,0.034195787613407795,0.007286347248209189,0.03549502674296219,0.007743794966717923,0.0047431302270011955,0.0025447936720838227,0.0050702426564495535,0.002716485350675966,0.01469616532473519,0.0037495589043924967,0.015709693967820376,0.003975437859736664,0.011854120067193072,0.004405278151958507,0.011148200962175553,0.004575379031467218,0.04152995493424485,0.013241598411792564,0.040854589666071986,0.014089409975458291,0.01804793853442986,0.006819255048399316,0.019292623950597436,0.007264735137580596,0.015415291718486957,0.005902239375779552,0.015565283001246964,0.006295341903848447
AV13N-1-CAMERSNNRIFF-AJ31_BV2-CASSQDRRGGEQYF-BJ2-7,HIYEFPQL,2,62,61,1,98.38709677419355,24,38.70967741935484,0.5645161290322581,0.0,5.0,35.0,1.7365200596766928,1.7364206225463998,-9.943713029292311e-05,0.5093315090242345,0.5071425642073016,-0.0021889448169328807,,,,2.7984667795188933e-05,0.00987804521943613,0.032338888622467955,0.008182269758617092,0.03286903433759038,0.008300046187881592,0.0,0.0,0.0,0.0,0.4046809651998746,0.0352535218929978,0.4007764376972965,0.03561578750876838,0.028636712822453197,0.005933186296578559,0.028520687037341192,0.0060301088079182524,0.11445300488654421,0.022510710470309454,0.11515832346782245,0.022871578402671948,0.1496220354638368,0.01958641557091323,0.1503184154363119,0.019897591667807343,0.05738159323616436,0.012723582000139877,0.05715131490514129,0.012931784917972313,0.01986465889797808,0.007291767000759129,0.020190309043846576,0.007404904584691431,0.049564125626307284,0.010389725098699036,0.05037665227591888,0.010529121251995087,0.0232935827003539,0.007732617031494507,0.02367544471183511,0.007850847033618604,0.0675402306703796,0.011913778226347264,0.06864744756661534,0.012058299567116371,0.015110764767330795,0.0062200886673460815,0.015358482222532938,0.006317890765788571,0.021384404848244602,0.005663893945056154,0.020564008674796623,0.005696800233237678
AV14-3-CAATSSSFSKLVF-AJ50_BV13-2-CASGERLDAEQFF-BJ2-1,SVYVYKVL,8,62,60,2,96.7741935483871,14,22.580645161290324,0.27419354838709675,0.0,3.0,17.0,1.3661210440344416,1.3843480794423693,0.018227035407927694,0.6533577481918934,0.6478636125255625,-0.005494135666330946,0.7402622144551217,0.7351010496204623,-0.0051611648346594485,5.775497345295033e-05,0.020133755726946832,0.009443326659315441,0.003141474954782227,0.008242952699474438,0.0029358367269918216,0.0,0.0,0.0,0.0,0.0009331797235023041,0.0007022074505878713,0.0009642857142857143,0.0007254623958322254,0.029660236657824246,0.006958117920849602,0.030648911213085054,0.00715622588155068,0.03640061693269309,0.007349974278598397,0.03534124355772225,0.007382348747538523,0.1130204169529325,0.01781637577804424,0.11527261266954542,0.018310935321705246,0.05817888673617192,0.01342120894456164,0.06011818296071099,0.01380096708129372,0.0067082111436950155,0.004335831329601184,0.006931818181818182,0.004478651702992181,0.5949454500524906,0.03404506485317975,0.587504237781513,0.03450408281060479,0.01174972499675386,0.0038803355629057953,0.011383806739069897,0.003965368611029345,0.0962107894198493,0.016696688053884037,0.09941781573384428,0.017100678343810443,0.036070818159332406,0.009241097266943494,0.03727317876464349,0.00951189901737997,0.006678342565439339,0.0032001188477529486,0.006900953984287317,0.0033037550485644626
AV2-CIVTVSGGNYKPTF-AJ6_BV13-1-CASSDRDTQAPLF-BJ1-5,SSYTFPKM,7,60,53,7,88.33333333333333,15,25.0,0.5833333333333334,0.0,12.0,35.0,0.8969069357249772,0.8519656493301359,-0.044941286394841296,0.8034895181918535,0.8119682209089096,0.008478702717056086,,,,3.616045797549816e-05,0.023914406756246932,0.006484621237720612,0.002630192109404868,0.007341080646476164,0.002960564120254062,0.0,0.0,0.0,0.0,0.001971653406373636,0.001066401810511251,0.0007567349409746746,0.0005975397648811827,0.011516179316089841,0.0034299276769803977,0.010061333985760998,0.003400488490223402,0.027913547144510345,0.00633927385476782,0.028052636615991184,0.006957296803237261,0.05320572842235473,0.006988691624101432,0.04842916252393801,0.006973492982084443,0.02740048820828904,0.006664706106108766,0.027367243066334195,0.007460540543138882,0.8034895181918535,0.021734955408504293,0.8119682209089096,0.02289736189406543,0.004924654701777018,0.0019771513555308737,0.003450070643142171,0.0015097932922647184,0.008277170331561237,0.0035751070233842473,0.009179796411182342,0.004031288407395068,0.019472318311775125,0.003534149767553939,0.01839668519417535,0.0035570864407235003,0.015045464228058003,0.004213629524995161,0.01201742393145094,0.003722332967998764,0.003631989832970225,0.001978289098794385,0.004111686603362519,0.002233608819583628
AV3-3-CAVSASNNAGAKLTF-AJ39_BV5-CASSPDRGDERLFF-BJ1-4,HIYEFPQL,2,60,55,5,91.66666666666667,15,25.0,0.35,0.0,3.0,21.0,1.5339796790715317,1.4726291563778295,-0.061350522693702114,0.534971971434016,0.5484342918474313,0.01346232041341533,0.45478155134917375,0.45456127025458204,-0.0002202810945917122,0.0004681820896564881,0.040993904624571816,0.022855616605616604,0.012220531175140464,0.024933399933399932,0.013305768879368405,0.0,0.0,0.0,0.0,0.3127156605545623,0.037860214589757454,0.3220767579010143,0.03999103971410596,0.03603914858502014,0.010529691744520283,0.035505911010498166,0.011255154851429649,0.13984771383966385,0.02788746073586259,0.1451019349113349,0.030178155989353653,0.20003553486767744,0.027988850270096156,0.20109326636469463,0.030174450100222037,0.09076329353290138,0.017690317462490383,0.08514836816975853,0.018351627793172526,0.015054466230936819,0.00896367262990653,0.01319073083778966,0.009564036161919367,0.03456404960992117,0.01821435617317356,0.03630763453949442,0.01982838850576326,0.011027875537679458,0.0052421431025677576,0.0120304096774685,0.005703566087105941,0.09541094723778926,0.015483222546148586,0.09342199905128128,0.01635103305552488,0.034597950893822456,0.009589768845768329,0.02787308928676735,0.0085807464407109,0.007087742504409171,0.0033217959220175424,0.003316498316498316,0.001929966604088474
AV5-1-CSASSGTGGYKVVF-AJ12_BV13-1-CASSETGVSSYEQYF-BJ2-7,VSFTYRYL,12,60,54,6,90.0,27,45.0,0.6666666666666666,0.0,8.0,40.0,1.6969190341512272,1.6510389159682097,-0.045880118183017515,0.5355449811998992,0.5458715255407979,0.010326544340898636,0.5923055808239941,0.5822418598272195,-0.01006372099677455,0.0001236189837131585,0.02309389165920124,0.021309392347574282,0.007300799230835576,0.01876502873082475,0.007055609277417234,0.0,0.0,0.0,0.0,0.012405303030303029,0.0055878704529987566,0.012100168350168349,0.006016419367240929,0.028650694736221054,0.007934784780083685,0.025886471025359917,0.008379897210800829,0.07967092257068603,0.011461660307366582,0.07835342945506099,0.012343493846056952,0.17152499983205288,0.027935651392704305,0.17252924271086922,0.030054807255195784,0.08425631864181082,0.01714979483422275,0.0836767330176705,0.018611525626439997,0.00037716287716287717,0.0002857596104727111,0.00041906986351430796,0.00031728833331798404,0.02838868660403502,0.008857751131274254,0.03026584590742077,0.009746636341892583,0.012303863177325947,0.00495335037791741,0.013032389481830872,0.005468249563153487,0.10730610199796842,0.017487815457576175,0.10326995691587851,0.01915610293599626,0.03680603565005856,0.010859860382195316,0.03883161167859965,0.011985315006950156,0.417000518534801,0.03414066178948432,0.4228700528628021,0.036684769132824015
AV19-CAAGNTGYQNFYF-AJ49_BV17-CASSRLGSSYEQYF-BJ2-7,SNYLFTKL,6,59,57,2,96.61016949152543,18,30.508474576271187,0.3898305084745763,0.0,4.0,23.0,0.906864956680866,0.8906111269332261,-0.016253829747639892,0.7985848719500557,0.8037771477039327,0.00519227575387704,0.9051114143865541,0.9141640599635541,0.00905264557700003,2.174949024780215e-05,0.017099997138385795,0.0028520494471974576,0.0012610779169114417,0.0027549993390959685,0.001296214074806292,0.0,0.0,0.0,0.0,0.004920289990358444,0.0018285684313262733,0.005092931744406109,0.0018891505049723719,0.02037724645079883,0.007085069222251593,0.021092237554335633,0.007317509494598397,0.018424771798031755,0.004139854567617061,0.017721727353698192,0.004145606922874767,0.07488802182314273,0.01842478187047505,0.07124567519921747,0.018422110114556908,0.7831715870363714,0.025925949897958857,0.7891725734410503,0.025058714515231107,0.009501841990971246,0.002505255553652714,0.008485712290249591,0.0022929796082957503,0.009369249486229123,0.003700202543668534,0.008826109231049123,0.0037955936797052737,0.005709605235538713,0.0025705819460963204,0.0059099422613470886,0.0026576082429373813,0.04725768254004336,0.010464248045535772,0.048718724821164544,0.010781757005182495,0.013709425238478005,0.003339586976620879,0.013515693870327436,0.0034212528545467095,0.0098182289628388,0.004372897536155025,0.007463672894058516,0.003724530711410019
AV10D-CAASMDYANKMIF-AJ47_BV3-CASSLGTGYEQYF-BJ2-7,VGPRYTNL,10,59,58,1,98.30508474576271,19,32.20338983050848,0.4576271186440678,0.0,3.0,27.0,0.7446326369686374,0.7440874183916395,-0.0005452185769978524,0.8402904846059344,0.8396480615748616,-0.0006424230310727586,,,,4.596835804226984e-07,0.003110673621511465,0.00692082074884501,0.0015802289907295784,0.007040145244514751,0.0016031232364698623,0.0,0.0,0.0,0.0,0.005210151502604732,0.001344126312939458,0.004948116817040915,0.001341266675167603,0.02713340679919627,0.017014047907915848,0.02742529171586081,0.017307419124639536,0.013947594670588617,0.0025234547110655897,0.01383620555688659,0.0025648417498623944,0.029934070931731435,0.0038573535302630136,0.029394580951314423,0.0038858706768696762,0.017967646081518494,0.0036847440399453532,0.01810150064098169,0.0037463570005619633,0.002398068661314827,0.0011552380053091794,0.0024394146727168063,0.0011745776099238402,0.013538788283452053,0.0051401182567867455,0.013772215667649503,0.005224123050143791,0.005237173818590329,0.00148319031338165,0.005327469918910852,0.0015061878629745076,0.8233413320635615,0.027682260978586032,0.8224066822645167,0.028147670171181954,0.013227902273287177,0.002958737127519945,0.013455969553861092,0.003001241063797824,0.007244739080563844,0.0018119380830391952,0.007369648375056324,0.00183906688682399
AV16N-CAMRENNYAQGLTF-AJ26_BV13-2-CASGDWGVEQYF-BJ2-7,SNYLFTKL,6,54,53,1,98.14814814814815,18,33.333333333333336,0.4074074074074074,0.0,4.0,22.0,0.5505232562297055,0.5456826950143343,-0.004840561215371242,0.8979445546645886,0.8986604896582601,0.0007159349936715076,,,,9.212141554026942e-07,0.0031839733182266808,0.0036630293962638836,0.000907400329143239,0.003732143158457543,0.0009219995707600958,0.0,0.0,0.0,0.0,0.0025670241769467704,0.0009030256328119466,0.0026154585953797292,0.0009189030629571935,0.006657984786485894,0.00210698766585515,0.006783607140947893,0.002143304720962281,0.01291408749409133,0.002448171496394464,0.012969070276998713,0.0024941782628000856,0.0208249366829579,0.0034832169024613326,0.020085784544900502,0.003468729876574933,0.8979445546645886,0.021953454479964708,0.8986604896582601,0.022359753695660265,0.0034321588912135667,0.0012768982442408145,0.003308237360859106,0.0012950800342422688,0.0064016566355900905,0.002566488491862568,0.006522442609846508,0.0026124803719300943,0.0026057270705784254,0.000824675355928522,0.0026548917322874515,0.0008388900983603166,0.012108352233563014,0.002410035609722232,0.011204736237969862,0.0022767828505389086,0.009069415405386251,0.001732922212651803,0.009240536450770899,0.0017573023309242753,0.0032925540438157436,0.001282664131325475,0.003354677705019815,0.0013055640390519031
AV7-4-CAASENTGNYKYVF-AJ40_BV20-CGASPSGNTLYF-BJ1-3,SNYLFTKL,6,54,52,2,96.29629629629629,7,12.962962962962964,0.18518518518518517,0.0,3.0,10.0,1.111422965706181,1.0974918778594724,-0.01393108784670849,0.7260740657850944,0.7310066803554242,0.004932614570329785,0.7909842470585922,0.8041136190311318,0.013129371972539605,0.00011506680061845742,0.027774502908696378,0.006871077794990839,0.0028801732965115425,0.007135350017875101,0.0029858499002039045,0.0,0.0,0.0,0.0,0.005989534254641467,0.0032571387965305456,0.006219900956743061,0.003379487144294284,0.03621393468122905,0.011680674231407338,0.03593453752013919,0.012073737568029699,0.05831750580037335,0.016992234726802245,0.05805212558868203,0.01756003550513979,0.08064543196992388,0.015085510068029355,0.08374717935338247,0.01550805228482305,0.6774228713005667,0.0344378823220755,0.6852919783907223,0.03478005152688226,0.012814634154237496,0.006905761681757623,0.013307504698631246,0.007165002467671633,0.02740558332345772,0.018706786344871985,0.02762352381917599,0.019423511346987856,0.014453916710861155,0.009507520191910859,0.005394451968971199,0.0026392470354466343,0.0433598662461748,0.007266914803380763,0.04419143300815142,0.007501145993020971,0.013641757168397096,0.005807129605939884,0.009358747828720062,0.003859783626357124,0.02286388659514651,0.010337464061562562,0.02374326684880599,0.010719877760280905
AV16N-CAMREGGSNNRIFF-AJ31_BV13-2-CASGEGPANSDYTF-BJ1-2,SVYVYKVL,8,54,49,5,90.74074074074075,16,29.62962962962963,0.4444444444444444,0.0,4.0,24.0,1.2372281438524497,1.2511160392582958,0.013887895405846118,0.6830427588664759,0.6760878396190458,-0.00695491924743008,0.9238537042987942,0.9181671743469569,-0.005686529951837271,2.987770258100486e-05,0.01685778520932823,0.002076457890194359,0.001155226805299752,0.002288341348377457,0.0012703648798771496,0.0,0.0,0.0,0.0,0.00461493239271017,0.003084166146306196,0.005085843861354066,0.00339481279310106,0.010704249154199215,0.0029554533617832178,0.011796519476056276,0.003218737662398889,0.02567800412050109,0.006600020296525152,0.02829820862259304,0.007173632486693752,0.19109010110979552,0.014546311692768776,0.1931133091751712,0.01569261812501497,0.02590839545451432,0.005628311421589492,0.02541049374176628,0.006103296684891167,0.002290708589506337,0.000923640651716117,0.0019575609399094785,0.000866415183984459,0.6779922538159708,0.019667754976338325,0.670521976910326,0.02126842996247032,0.002760100008676859,0.0013031185721187068,0.00271257894307114,0.0014061789877997037,0.03817000800991733,0.010942696083751535,0.038717106170699456,0.012049623561670806,0.016721455332709242,0.007561555104201893,0.018184771960439536,0.00830934521583487,0.001993334121304757,0.0011365381724297448,0.0019132888502360816,0.0012266853126308096
AV10N-CAASMDTGYQNFYF-AJ49_BV13-2-CASGDVGGANERLFF-BJ1-4,VIVRFLTV,11,53,50,3,94.33962264150944,9,16.9811320754717,0.24528301886792453,0.0,3.0,13.0,1.6157821545595652,1.6010670809056942,-0.014715073653871036,0.5358552696148277,0.539943959529091,0.004088689914263366,0.7648762168228511,0.7628690625124812,-0.0020071543103699074,4.129236282179871e-05,0.012619680769675982,0.009730206330903624,0.0034406087663005954,0.009404927801666931,0.003565942819328195,0.0,0.0,0.0,0.0,0.00842145709784197,0.0033430386982821834,0.008926744523712487,0.0035326623560433096,0.018031133240833816,0.00643532850891919,0.016183708305990915,0.006606132797617646,0.052280631915633355,0.013627443725925966,0.05292858094168246,0.014343837921778185,0.08724300418264587,0.019517726277526466,0.08310586726188746,0.02015528150616021,0.04943877405472585,0.010354142234871955,0.05020510049800939,0.010904502033356293,0.0015130006145280177,0.0009385167319002406,0.001603780651399699,0.0009939085640938681,0.00532015129387097,0.0026838326888798418,0.005639360371503228,0.002840044928252357,0.004735793177138543,0.0021522734702123696,0.004753274101100188,0.0022720824068603596,0.2986222315763062,0.022151062326760482,0.3005456260769451,0.023125652609645293,0.45275536055071214,0.02744341430859686,0.45408027814335084,0.028477355010711716,0.011908255964859739,0.004509111201593759,0.012622751322751322,0.004763135572018734
AV13-4/DV7-CAMAGDYANKMIF-AJ47_BV14-CASSFRTEVFF-BJ1-1,VAFDFTKV,9,52,49,3,94.23076923076923,12,23.076923076923077,0.3076923076923077,0.0,3.0,16.0,1.388406781083574,1.4011947739703803,0.01278799288680621,0.6323486806676171,0.6249610179194547,-0.0073876627481623824,0.9251312129436751,0.9256699987642499,0.0005387858205748719,0.0001249399383590477,0.019392515762048083,0.004974916387959867,0.004807321634742431,0.005279503105590062,0.00510142994941353,0.0,0.0,0.0,0.0,0.0036306490744748257,0.0014702871613412442,0.0037039690163203722,0.0015557743769402817,0.24158846518448168,0.01644335270746584,0.24992524529652985,0.01647609035725962,0.016323655127954584,0.0026044740503700444,0.01563996374163739,0.0027122491776767096,0.027611076263670875,0.005403468858042228,0.027582726912547262,0.0056025174948636635,0.01788519536809604,0.0033759563484284222,0.01804631327768292,0.0035336369321825956,0.003958695799679266,0.0015725559624046362,0.004201064930271875,0.0016634736581222296,0.004300676688197025,0.0014587435105326816,0.004563983424209088,0.0015408817659232547,0.6286436700818727,0.017127672120035575,0.6210291699509095,0.01712985714927084,0.03620927681558316,0.010841011544222942,0.034839559802963105,0.011222788675523543,0.011354990964329788,0.00321828029266813,0.011603300406656546,0.0033941470022510285,0.003518732243700237,0.0019038851325101425,0.003585200134682033,0.002017529571053484
AV12-2-CALSANTEGADRLTF-AJ45_BV1-CTCSAVRVSEVFF-BJ1-1,RAYLFNSV,4,49,43,6,87.75510204081633,12,24.489795918367346,0.3673469387755102,0.0,2.0,18.0,1.056236185420435,1.03729430239288,-0.01894188302755495,0.7450231660428798,0.7478453044630514,0.0028221384201716493,0.8624530963355584,0.8627312383845807,0.00027814204902221196,4.000687689098559e-05,0.022008051445994863,0.004216431461562924,0.002049850749483511,0.0030158619696164265,0.001568960100388673,0.0,0.0,0.0,0.0,0.009535276098743592,0.006892799769446207,0.010865779740428742,0.007844117025646778,0.023918114959705812,0.0130843495956288,0.026816737406913555,0.014871463091416145,0.7298279575246898,0.030695387864085953,0.7334368110353467,0.03262030791265452,0.09357369907170088,0.016611614347498634,0.09036179300929345,0.016023135671419296,0.03498772330300112,0.006707453377292269,0.0324387869312153,0.007230514588598998,0.0024909744599594225,0.0014849237404372451,0.0024751801985584115,0.0016610011765358457,0.00907394386616296,0.0038022562396886786,0.006762258037112353,0.002620597379641436,0.013837493504246089,0.005086950603336049,0.015329517608831547,0.005753541451416264,0.0491678432571591,0.01221936358136674,0.05073147522260108,0.013569200323480241,0.01468207151679727,0.006134378578357523,0.012966937810391238,0.0067900838775799156,0.014688470976271035,0.0076529166432400915,0.014798861029691183,0.008626175914854867
AV13-1-CALEQGGSAKLIF-AJ57_BV12-2-CASSLEGADTEVFF-BJ1-1,ATLVFHNL,0,49,48,1,97.95918367346938,17,34.69387755102041,0.4897959183673469,0.0,4.0,24.0,0.9779547227799463,0.9761319999152266,-0.001822722864719739,0.8089781283395636,0.8089667599815584,-1.1368358005192647e-05,0.9630909241493641,0.9625077790061338,-0.0005831451432303236,1.842730671941517e-06,0.0038919745088140437,0.8089781283395636,0.021188301048457526,0.8089667599815584,0.02163441635201742,0.0,0.0,0.0,0.0,0.0038577450617903013,0.0011408172226318597,0.003938114750577599,0.0011619428683753105,0.010959190455853276,0.005226316413169524,0.011187506923683553,0.005331261651032242,0.026563111771444953,0.004953342299250702,0.025628414695254814,0.00496677283845888,0.043414782913062645,0.009607042870261128,0.044319257557084796,0.009765748566637157,0.02537350825580484,0.0049594192841719,0.024910059519070615,0.005041680930275653,0.003746462692833119,0.001567537632045273,0.0038245139989338084,0.0015985567217404223,0.008137472429721654,0.0022597260586148145,0.008307003105340854,0.0023008020770302713,0.00537324758459669,0.0027118046454359364,0.005485190242609121,0.0027665413946087176,0.02447116298820388,0.004734817815446056,0.024484947137759717,0.004834488635836756,0.02186833961212788,0.005171535138768371,0.021331866528650382,0.005251933066183947,0.0172568478949972,0.005956715342260078,0.017616365559476307,0.0060710457425188795
AV7-2-CAARGSNAKLTF-AJ42_BV17-CASSNWGAEQFF-BJ2-1,VSFTYRYL,12,49,49,0,100.0,7,14.285714285714286,0.14285714285714285,0.0,1.0,7.0,1.1237245683964363,1.1237245683964363,0.0,0.7381124088619098,0.7381124088619098,0.0,0.8340317726700516,0.8340317726700516,0.0,0.0,0.0,0.02111721396152067,0.007452561722757595,0.02111721396152067,0.007452561722757595,0.0,0.0,0.0,0.0,0.009959586293533806,0.0043737541172504234,0.009959586293533806,0.0043737541172504234,0.016054935330694416,0.005901953298062428,0.016054935330694416,0.005901953298062428,0.0190268790841881,0.00498468770034853,0.0190268790841881,0.00498468770034853,0.06380753164063466,0.013266793709761296,0.06380753164063466,0.013266793709761296,0.04078891212457342,0.012031753004892204,0.04078891212457342,0.012031753004892204,0.015463328188418224,0.01364974803159447,0.015463328188418224,0.01364974803159447,0.0102771084696304,0.004137730280019814,0.0102771084696304,0.004137730280019814,0.0047830506076304395,0.0020776361991031275,0.0047830506076304395,0.0020776361991031275,0.04935208631434627,0.016541701297974932,0.04935208631434627,0.016541701297974932,0.04319243192490323,0.009441847954199651,0.04319243192490323,0.009441847954199651,0.7061769360599265,0.03238029139328904,0.7061769360599265,0.03238029139328904
AV8D-2-CATDAEGGRALIF-AJ15_BV13-3-CASSGGPTGQLYF-BJ2-2,VSFTYRYL,12,47,44,3,93.61702127659575,10,21.27659574468085,1.425531914893617,0.0,53.0,67.0,1.4801916533819923,1.417032212786056,-0.06315944059593637,0.5529593511253673,0.5666840881430256,0.013724737017658306,0.45113909659593265,0.44643462916342225,-0.004704467432510406,0.0004682694400391929,0.0377000454198803,0.014386910578420075,0.006869895272979277,0.010113681851973155,0.006309665715095441,0.0,0.0,0.0,0.0,0.007544296363071396,0.004772417787726846,0.006978266561927205,0.0050113089945922305,0.0579647408955893,0.016735026733512844,0.06026839404191913,0.017811157138671062,0.10198885288817493,0.028497815819410532,0.10766929366041622,0.030251584709158588,0.24269683917562984,0.039109961355061194,0.239771181209766,0.04132995543014354,0.09121805502900018,0.024732514601611476,0.08482406731281537,0.02556819166460532,0.005058530199858475,0.0032058248729992882,0.004708878357874755,0.003371991290897961,0.026176780471638593,0.01181778551819677,0.025039728028019327,0.012553204397719371,0.02375285612326665,0.011527378038086409,0.022577013104489358,0.012141044050156775,0.0833159114619139,0.01991794199056244,0.08128734026599381,0.021165463118607224,0.02868740125185323,0.009155191503258173,0.029717291590332342,0.009736905468211534,0.3172088255615835,0.04007037058032221,0.3270448640144734,0.04203414522761701
AV8-1-CATEGYQNFYF-AJ49_BV12-1-CASSLGTGGYEQYF-BJ2-7,INFDFPKL,3,47,45,2,95.74468085106383,7,14.893617021276595,0.19148936170212766,0.0,2.0,9.0,0.8840247763443352,0.8634142531085235,-0.020610523235811695,0.7960125292375365,0.8061452100532334,0.010132680815696848,0.8980228540720436,0.9051657655426004,0.00714291147055679,6.41977141496719e-05,0.023546952250911975,0.008512796532436468,0.007129072204171694,0.008891143044989197,0.007444386354321656,0.0,0.0,0.0,0.0,0.0026943896552553614,0.001210579255397268,0.002814140306600044,0.001261963123526406,0.7865900368363206,0.027644729761615423,0.7963039402119635,0.027825416258619874,0.02125818419918588,0.006310944264747956,0.02129596290735831,0.006562584422171291,0.05547591179277803,0.011911930368207787,0.056580963654769965,0.012382976212450882,0.042749447987949156,0.012111633213473192,0.03512561393027071,0.00909672276725079,0.0019382406061406985,0.0013570258403373743,0.002024384633080285,0.0014166251104364466,0.00407311574334153,0.002232385636400368,0.004254143109712265,0.002328975412721402,0.0024269801598026304,0.001562332985883617,0.0025348459446827474,0.0016306545661687413,0.03767818164277034,0.00986403265653896,0.036883631691091,0.010138442984665262,0.03562153849890103,0.01351670730589026,0.03226644638280281,0.013454095498484227,0.0009811763451181143,0.0007064085894900331,0.0010247841826789195,0.0007374729318957552
AV16-CAMREANTGYQNFYF-AJ49_BV13-2-CASGTGGQNTLYF-BJ2-4,SVYVYKVL,8,47,45,2,95.74468085106383,11,23.404255319148938,0.3404255319148936,0.0,3.0,16.0,1.4901895924678696,1.4932537444084846,0.0030641519406149342,0.5834458420825653,0.579786202221414,-0.0036596398611513647,0.8527259834583115,0.8471077147638227,-0.005618268694488782,1.2792608202194522e-05,0.009856494675863166,0.01007815561104426,0.005634089421547851,0.010526073638201783,0.005878230704597498,0.0,0.0,0.0,0.0,0.005846694489908192,0.002646751568627721,0.005564542158294355,0.0027306542515207863,0.01255941280667295,0.003364822297729492,0.012275303211059472,0.003505674743742775,0.034526720546118696,0.008035890009403853,0.03576094115897922,0.008345751179249145,0.04354638044817475,0.011213390819644637,0.04433916911410549,0.011703017811496292,0.2364772253124364,0.021407360768335118,0.2370041703296184,0.02236570380654137,0.005814437523933264,0.0034661698726542326,0.006072856969441409,0.003617044996149581,0.5676430672176247,0.023292904623883094,0.5632810818069204,0.02412410017277199,0.015496640625926407,0.004324151583128529,0.015643374789246715,0.004500588365952744,0.038200966147163035,0.01217813448631597,0.03839728536331322,0.012679343758595526,0.013979700431154476,0.004932079461147705,0.014601020450316894,0.005133731581549774,0.015830598839842853,0.007572501557665066,0.016534181010502535,0.007896156782931275
AV16/DV11-CAMRASGGNYKPTF-AJ6_BV1-CTCSADRGVYAEQFF-BJ2-1,HIYEFPQL,2,47,44,3,93.61702127659575,12,25.53191489361702,0.44680851063829785,0.0,3.0,21.0,1.519192036766768,1.4878093542898974,-0.031382682476870594,0.5544886284220777,0.5580605230643012,0.0035718946422235165,0.4220715001083606,0.4029217505066699,-0.01914974960169069,0.0004626190083976134,0.03479207644827224,0.06495293516570112,0.027160475017195092,0.0682992932992933,0.028949707296580137,0.0,0.0,0.0,0.0,0.34128448564972486,0.04126146419509779,0.33031973419383326,0.04294077124331353,0.05591536732500981,0.019301675130165567,0.05783383933959381,0.02054099747304361,0.06625138916998306,0.016446090438057618,0.06968627825841264,0.01743486461784018,0.11882830252123391,0.02793345541369705,0.12260122790958645,0.029557705039484343,0.09718748316996127,0.026679637636736725,0.09708166412711866,0.0285141502720827,0.008010012515644555,0.0056134475114841655,0.004545454545454546,0.004545454545454546,0.026173332138669247,0.007994213857614231,0.0266209791160384,0.00846966290844274,0.026344734855373156,0.00869264859707683,0.02624702738339102,0.00915941547482809,0.10846484916654152,0.02843170850197089,0.11019427706680672,0.030208860724265544,0.04027934124930369,0.010524799279109804,0.04302565997084713,0.011127946809949723,0.046307767072853875,0.023840028397731503,0.043544564789624075,0.025308609747339415
AV7-2-CAATGNTGKLIF-AJ37_BV13-1-CASSDARVGEQYF-BJ2-7,RAYLFNSV,4,44,43,1,97.72727272727273,10,22.727272727272727,0.3181818181818182,0.0,4.0,14.0,0.5348813156138313,0.4921785890902372,-0.04270272652359414,0.9134894817285268,0.9228073647263877,0.009317882997860849,0.9927176746774312,0.9953882048135325,0.002670530136101301,1.126403240891971e-05,0.018824891067907985,0.001985075525321841,0.0008255436927853038,0.002031240072422349,0.0008436487339540932,0.0,0.0,0.0,0.0,0.0019782731586564556,0.001199273025194152,0.0008316736674147154,0.00035979085883563425,0.010127731238272542,0.003839878011747103,0.007381745262299154,0.002747231780978983,0.9134894817285268,0.012912974566693106,0.9228073647263877,0.009150288335715285,0.02132898450917429,0.004912019107323076,0.018843492795314897,0.004336477494810475,0.008829580168808037,0.0020205160609462645,0.00843861632061693,0.0020289794911175353,0.0020811135266843926,0.0009331261094621342,0.002129511515677053,0.0009537995036911438,0.003657053849361673,0.0011905688623725873,0.0031457986914159987,0.0011005105384396699,0.007536297771131534,0.004518935173882837,0.00711525758811074,0.004605157594846505,0.013977287931785725,0.0027432745524052283,0.013706038217617353,0.0027940714018693654,0.009549253217414812,0.00191562665011249,0.009175025951749443,0.0019229286587264813,0.005459867374861627,0.0019325777854721244,0.0043942351909734955,0.0016501698152494337
AV16/DV11-CAMREDSNYQLIW-AJ33_BV3-CASSQGQISNERLFF-BJ1-4,RAYLFNSV,4,43,42,1,97.67441860465117,5,11.627906976744185,0.13953488372093023,0.0,2.0,6.0,0.7584020090927817,0.7526496759759432,-0.005752333116838426,0.8296975254398672,0.8375474665217686,0.007849941081901401,0.9374190330277918,0.9475308489405417,0.0101118159127499,8.778634779404992e-05,0.02109010295102195,0.0016703160361147076,0.0010007765111422803,0.0017100854655460102,0.001024085514277618,0.0,0.0,0.0,0.0,0.005450285383224181,0.0022629065437699365,0.005580054082824757,0.002313628565742214,0.012101190842812241,0.004586429626458854,0.012389314434307772,0.004687684500753474,0.825821556447619,0.024480643350772924,0.8335792125535147,0.023778545790448802,0.057107838028539734,0.015288585538607522,0.046562786553028784,0.011336685214174035,0.04260904527641451,0.014278370304884082,0.04362354635442437,0.014585520537566572,0.00043878894251864854,0.0004387889425186486,0.00044923629829290204,0.000449236298292902,0.007414444298557513,0.0033131992076332307,0.007590978686618406,0.003388226954739004,0.00048449612403100775,0.00048449612403100775,0.000496031746031746,0.0004960317460317459,0.024159271393230163,0.005844156590779709,0.024734492140688024,0.005955938532700685,0.022319934245965747,0.006977646003839958,0.022851361251822074,0.007125051220990152,0.00042283298097251583,0.00042283298097251583,0.0004329004329004329,0.00043290043290043285
AV6D-7-CALGDDSGYNKLTF-AJ11_BV3-CASSLGQISYEQYF-BJ2-7,VGPRYTNL,10,43,41,2,95.34883720930233,12,27.906976744186046,0.4418604651162791,0.0,4.0,19.0,0.868924635799925,0.8292125697403161,-0.039712066059608864,0.8350503035858083,0.8438591104258251,0.008808806840016725,0.9685656773178241,0.9723874504390093,0.003821773121185257,1.2050465440505143e-05,0.019224512192546526,0.019996344755415108,0.004896378664298838,0.019193988928587778,0.005085321449127131,0.0,0.0,0.0,0.0,0.004879039252887234,0.002345110354362377,0.00391997398226644,0.002197136936021158,0.010866721909072464,0.0032305914758189946,0.010199738719241196,0.003243394562843771,0.02136261321843652,0.00513238539402886,0.021955791717495374,0.0053586604410173645,0.04231192275753131,0.010654617675320591,0.04108398422976761,0.010892523480260678,0.018446894625455606,0.0050219037598136845,0.01652152207823821,0.004935685836242034,0.007040835403059426,0.0029847274648184484,0.007234657390400047,0.00312708407158743,0.007961784083171667,0.0035534661022101326,0.0061056628219288075,0.003077593254135311,0.006472169107224781,0.002697096343287142,0.006488617877081922,0.0028221600669577273,0.8350503035858083,0.021575593785521076,0.8438591104258251,0.019475450079235495,0.01489513089362208,0.003176400349358515,0.014292835560742897,0.0033017302062494564,0.01071624040831521,0.0027500735430636457,0.009144116268424556,0.0021796458082226776
AV13-2-CAMDNNAGAKLTF-AJ39_BV13-3-CASSERTEVFF-BJ1-1,SNYLFTKL,6,43,42,1,97.67441860465117,7,16.27906976744186,0.18604651162790697,0.0,2.0,8.0,0.4792479077906339,0.47316976460851884,-0.006078143182115081,0.9228803648860403,0.9244455436418303,0.0015651787557899866,0.9964811204755855,0.9966021960334284,0.00012107555784290902,2.1050809810851945e-06,0.005065493316395438,0.0016333047977672868,0.0012525305665797948,0.0016721930072379366,0.0012820979632044915,0.0,0.0,0.0,0.0,0.001386618277683149,0.001230902555495662,0.001419632998580367,0.0012601136085172273,0.004108971433884559,0.0018502693555926854,0.004206804087072287,0.0018922099274378702,0.018015872018402938,0.004240227191320821,0.016744141080065594,0.004142509441363334,0.018465911194433873,0.002881981976843281,0.017204895474573455,0.0026539126990067453,0.9228803648860403,0.008737307066214254,0.9244455436418303,0.008803134502682193,0.0010820672267038405,0.0005289110463928576,0.0011078307321015512,0.0005410147394817878,0.0019221324734929363,0.0008138104590372139,0.0019678975323856253,0.0008321042965348948,0.0006285355122564425,0.0006285355122564425,0.0006435006435006436,0.0006435006435006434,0.019946625382936137,0.0040689983285669305,0.020421545034910806,0.0041385797759797595,0.007508168592729899,0.0020417563940016465,0.00768693451160442,0.002082932457389475,0.0024214282036687258,0.0009052654863053309,0.002479081256137029,0.0009252002318309096
AV13D-2-CAIDPNYNVLYF-AJ21_BV13-3-CASSEKGREQYF-BJ2-7,SSYTFPKM,7,42,40,2,95.23809523809524,12,28.571428571428573,0.3333333333333333,0.0,2.0,14.0,1.6345238236778639,1.6105322046173576,-0.023991619060506286,0.49310566647523163,0.49767166408470753,0.0045659976094759025,0.45342707619001915,0.4415806485264915,-0.01184642766352767,0.00027316070316663055,0.021505661924916653,0.006802721088435374,0.006802721088435374,0.007142857142857143,0.0071428571428571435,0.0,0.0,0.0,0.0,0.005003450655624568,0.004076553106806611,0.005253623188405797,0.004279057130282799,0.04976379440665155,0.0247141141647347,0.05225198412698413,0.02590138418087198,0.08091992835781656,0.01836955755456213,0.08005521048999309,0.019265515595464307,0.17571003588084333,0.031967605523915796,0.17958482338917123,0.033452156669900056,0.20957900794857318,0.029744429113736058,0.2017543869174304,0.03071705770409246,0.2562945838955155,0.04013794141601204,0.2568325273760056,0.041656319341713474,0.05248015873015873,0.01978491440118798,0.050416666666666665,0.020458051549924618,0.006349206349206349,0.004577672425403007,0.006666666666666666,0.004803844614152614,0.10375979840265555,0.02151652604612211,0.10403707403707405,0.022584870250961005,0.04164900259620757,0.015102166916015031,0.043731452726017944,0.015793198277866786,0.011688311688311687,0.0060258138251982315,0.012272727272727272,0.006316424937267368
AV14D-3/DV8-CAASAFDTNAYKVIF-AJ30_BV13-2-CASGDWGGQDTQYF-BJ2-5,SNYLFTKL,6,41,39,2,95.1219512195122,9,21.951219512195124,0.3170731707317073,0.0,3.0,13.0,0.7126633703249047,0.7298883256981772,0.01722495537327251,0.8625086528946304,0.858053746664646,-0.004454906229984457,0.9746440732131944,0.9734438827495817,-0.0012001904636126381,2.400748069786296e-06,0.008909812459968764,0.003245988492170393,0.0016874756430214767,0.0034124494404868234,0.0017709356714483452,0.0,0.0,0.0,0.0,0.004918912793199416,0.003704678410792347,0.005171164731312206,0.0038927542705919425,0.01740278875934058,0.0076017110748121544,0.01801346995240904,0.007981528969132456,0.02107217307766719,0.006250305381799399,0.02187102782552164,0.00654570587142877,0.032144767793223956,0.004479474069696051,0.032754844590401073,0.004690428367662676,0.8625086528946304,0.01884074133552242,0.858053746664646,0.019547032571515497,0.002655579996740307,0.0011709194476292135,0.002791763586316733,0.001227688422774579,0.00895691964371204,0.003745553492638232,0.009416248856210093,0.003925689570917956,0.004848995032350696,0.0023207093300731782,0.005097661444266118,0.0024344437791133738,0.03222215436977559,0.010975875172233779,0.03311796922187871,0.011526552044262027,0.007512058357034225,0.002812975552694401,0.0076598752148498445,0.002952241048123448,0.0025110087901552337,0.0012251111435480583,0.002639778471701656,0.001285288548903261
AV14D-1-CAASAETGGYKVVF-AJ12_BV3-CASSLARGYEQYF-BJ2-7,VGPRYTNL,10,40,38,2,95.0,11,27.5,0.575,0.0,9.0,23.0,0.7611790065663676,0.7490512978631434,-0.012127708703224216,0.8548430617498972,0.855290591952482,0.0004475302025848116,0.9618466936919853,0.9599411502811143,-0.0019055434108710134,1.5805017977710278e-06,0.0037151909561293807,0.00420451893662543,0.0021101524927153933,0.004425809406974139,0.002216751035777602,0.0,0.0,0.0,0.0,0.002142857142857143,0.002142857142857143,0.002255639097744361,0.002255639097744361,0.014409745037055138,0.006223988781211001,0.014865672331806377,0.006543828426513743,0.023026038821021087,0.004829627848858518,0.02317129440643669,0.005085095126676638,0.0499640150411509,0.015492028711891169,0.05014201729743207,0.016293608165322625,0.018121453187055114,0.0052146117306007935,0.01854189328379158,0.00548382745467911,0.001384054378117746,0.0009052091843069973,0.001456899345387101,0.0009519900789453236,0.012844850684542084,0.004479425499574812,0.01275673460155256,0.004716545325486842,0.0017463824008085347,0.000801502640290429,0.001838297264008984,0.0008415479592256693,0.8493636096951027,0.021013888811452434,0.8495227476842772,0.022133938320154742,0.01401232862650724,0.0036472104839555606,0.0134523381536705,0.0038191217842406676,0.00878014604915694,0.0035716468129114724,0.007570657126918469,0.0036160296678295276
AV5-4-CAASGDTGANTGKLTF-AJ52_BV1-CTCSAATDTEVFF-BJ1-1,VSFTYRYL,12,40,38,2,95.0,13,32.5,0.55,0.0,4.0,22.0,1.5873429418682043,1.5770472809304787,-0.010295660937725604,0.5894319091236315,0.5928527416972141,0.0034208325735826106,0.6399807571738375,0.6564209590344027,0.016440201860565162,0.00016121136688329596,0.028102218693537996,0.03742024724403021,0.010699984157246304,0.039389733941084436,0.01117734716170417,0.0,0.0,0.0,0.0,0.03668121693121694,0.021393912856687694,0.038611807296017826,0.022490373715377595,0.022216829356722066,0.006930171125435012,0.02338613616497059,0.007249045282624215,0.09190611045331072,0.018920905427944494,0.09159883411389258,0.019856149615006653,0.09997118928825348,0.01471080529083624,0.10008839078225339,0.015401580120199083,0.0468856179472375,0.015475419143007957,0.040449443505995955,0.014966913218334441,0.005801341520302321,0.0027746898942365016,0.006106675284528759,0.002914065126147797,0.03643720150930303,0.010124196618711886,0.033903029685297216,0.010267659501158651,0.0283166044195456,0.014708886937816251,0.029806952020574314,0.015454702552864828,0.05216089475717691,0.016819812875974907,0.04738740801507344,0.01650896786425846,0.02676237317508536,0.010433811810414724,0.026785877580422255,0.010945456641627651,0.5154403733978159,0.042334545771626146,0.5224857116098893,0.04188758008337933
AV14-2-CAASNSAGNKLTF-AJ17_BV3-CASSLGTGYEQYF-BJ2-7,VGPRYTNL,10,39,35,4,89.74358974358974,13,33.333333333333336,0.6666666666666666,0.0,5.0,26.0,1.2295194878781945,1.2188659845085903,-0.010653503369604245,0.7558800145568767,0.753852936588667,-0.0020270779682096673,0.9323697170225022,0.9257628661519868,-0.0066068508705153794,1.3308436465075957e-05,0.01381476598577659,0.013651420214630009,0.0032705915045657063,0.012681185750779186,0.0034301202472683985,0.0,0.0,0.0,0.0,0.012553020420124078,0.003664358525559193,0.012987866796084822,0.004050109075153785,0.01652388669012732,0.004123940921576372,0.016442158198826332,0.0044233983802870165,0.04113979737231832,0.007608111478911263,0.03940937719452238,0.008400238439263593,0.05121570297827571,0.007497454965931072,0.05295528071760966,0.008184050438978076,0.0361547398503587,0.006993698808489995,0.037384780116200785,0.007767027965446785,0.0048500072651304765,0.002386729628926295,0.005404293809716816,0.0026469162992997066,0.025322849839242698,0.01324346748386631,0.02682494842892904,0.014735845977274774,0.0076612829948662035,0.0030217479667117965,0.006295961835736066,0.0026381730620442826,0.7494697581466203,0.028239668991544977,0.7467100794458099,0.03134204456389476,0.019565075970437187,0.0063179308281483566,0.02034111604994712,0.006986839156593015,0.021892458257869032,0.006520100526653713,0.022562951655837944,0.007207510712716346
AV6-7/DV9-CALSVDSNYQLIW-AJ33_BV13-2-CASGLGGDTQYF-BJ2-5,VSFTYRYL,12,38,34,4,89.47368421052632,5,13.157894736842104,0.23684210526315788,0.0,2.0,9.0,1.138281364494694,1.1304278157538934,-0.007853548740800687,0.7062954982637096,0.7022508976859575,-0.004044600577752133,0.8581166801633586,0.845654494618315,-0.012462185545043636,4.7337132685454364e-05,0.023361827377051753,0.0038840416549394876,0.002300434835782299,0.0023356401384083043,0.0016834029383268998,0.0,0.0,0.0,0.0,0.0017942583732057414,0.0017942583732057417,0.0,0.0,0.02081015819405912,0.00824580862195027,0.02162442517113797,0.009107678793223979,0.045090880640008886,0.012391586236209421,0.042724439808759604,0.013273995058187566,0.12082774972194811,0.023870085677143087,0.12245471357175886,0.026476674173333048,0.031166866917233547,0.008010521656745295,0.0325311210168249,0.008833415144586508,0.0031927244582043344,0.002227959060169097,0.003568339100346021,0.002485884234355542,0.00982837528604119,0.006909271537998937,0.0109846547314578,0.007709511535310635,0.011861650561340963,0.006521390344867351,0.01162315193457062,0.007156384561080433,0.03519001997676432,0.011331851337019576,0.03933002232697188,0.012489195496529302,0.024411842938190608,0.009024943282573075,0.026615375262469716,0.010016136646163106,0.6919414312780636,0.03253755106117684,0.6862081169372943,0.035656106443922676
AV14-2-CAARDQGGSAKLIF-AJ57_BV5-CASSQQGRANTGQLYF-BJ2-2,RTYTYEKL,5,38,32,6,84.21052631578948,9,23.68421052631579,1.605263157894737,0.0,47.0,61.0,0.4259538193328243,0.3651856447092642,-0.0607681746235601,0.9262133479411604,0.9385501766205477,0.012336828679387346,0.989231747096628,0.9954369301127817,0.0062051830161536925,2.491273995408605e-05,0.0284588305398141,0.002195791478387008,0.0014234453918951302,0.0010083552590493907,0.0006196274593761224,0.0043859649122807015,0.0043859649122807015,0.005208333333333333,0.005208333333333332,0.0027911864937548874,0.0013443855833349169,0.0013352272727272727,0.0009308112496337168,0.005271470450815121,0.001694071549892925,0.00484248364043796,0.0015921803077681724,0.014247018972293343,0.00571810048736382,0.01496501516558044,0.0067724135943205985,0.9262133479411604,0.016562218153603463,0.9385501766205477,0.00937059280025259,0.01636285921242797,0.004582191654935572,0.011659248706421429,0.0026829226434769257,0.0025321184522853167,0.0017847151764363337,0.00252233896307934,0.0020934400728282536,0.003888329423791348,0.0032817400983683382,0.0006962757012917526,0.0006385517770376374,0.0012397257403744778,0.0008556175983110876,0.0005393384957991699,0.0004345628418638556,0.01243052659875143,0.002656163860005669,0.012782748574931252,0.0029910114844460237,0.006024406860325043,0.0024583690709923016,0.005138646581392708,0.0026489646869124624,0.0024172534633532293,0.0014745112901594533,0.0007518116854081755,0.0004594446136784903
AV7-6-CAVYAQGLTF-AJ26_BV1-CTCSVDRFSYNSPLYF-BJ1-6,RAYLFNSV,4,37,35,2,94.5945945945946,9,24.324324324324323,0.2972972972972973,0.0,2.0,11.0,0.8911928187503925,0.8677493440792593,-0.02344347467113317,0.7698211572590195,0.776478226811698,0.0066570695526785295,0.8306540091295266,0.8364573826212779,0.005803373491751307,8.320931522243225e-05,0.02570928393953132,0.003860478125184007,0.002129748733244474,0.002976190476190476,0.002116827591063283,0.0,0.0,0.0,0.0,0.006306306306306306,0.00458265539400356,0.006666666666666667,0.004841078504124872,0.007299670493595976,0.0030908285560927043,0.006876458387347679,0.003198790723781853,0.7404748688218219,0.039213732193277395,0.7454550076066605,0.03944703721427257,0.08750770694620962,0.025484492423420574,0.08998713893977454,0.0268391812870643,0.030609276670036396,0.01240465623959398,0.030413155660580646,0.013083729960321472,0.003468986227606917,0.003026123888620163,0.0036672140120415984,0.0031982463841996457,0.008246371094668309,0.0040535961413947375,0.0053562477622628,0.0028340790972418493,0.005045045045045045,0.0045218883778271836,0.005333333333333333,0.004779351791622573,0.06457051824698883,0.020895392520898615,0.06746661135316596,0.02199613793231856,0.028911778911778912,0.01206667783616445,0.030563880563880565,0.01270803909974849,0.013698993110757816,0.009278483273299592,0.005238095238095239,0.003664974690561949
AV12-2-CALSPTGNYKYVF-AJ40_BV13-2-CASGDRDSSYEQYF-BJ2-7,VSFTYRYL,12,37,35,2,94.5945945945946,11,29.72972972972973,0.3783783783783784,0.0,3.0,14.0,1.4975779570928742,1.4785922515534078,-0.018985705539466435,0.609789594755184,0.6147783274562362,0.0049887327010521565,0.7077240320845788,0.7337324868527555,0.026008454768176703,0.0008570303686108449,0.05363855032238195,0.006413556413556413,0.004253797590632374,0.002698412698412698,0.0020418312950443228,0.0,0.0,0.0,0.0,0.006487159335032442,0.00373000623485981,0.006857854154177154,0.003936797825230362,0.02143214643214643,0.00844323588543031,0.018575207860922146,0.008171835482163365,0.0424292463319981,0.01092211202182137,0.04485377469382656,0.011416169706156533,0.13112766326193323,0.028156481644780986,0.13083533623442165,0.029787060514153092,0.10184804873025255,0.02444643129886101,0.0818931828829412,0.0171064971517198,0.006864006864006863,0.004377429311743498,0.007256235827664399,0.004622198927771053,0.01067242163132574,0.0053599150522151105,0.011282274295972925,0.0056528267532954595,0.007023212502664557,0.003960112289693228,0.007424538931388246,0.004179259270631296,0.113533375334934,0.01960577054815712,0.11593936412958329,0.020457994513760715,0.01931946931946932,0.007361790438203835,0.019365237936666505,0.0077514861272862026,0.5328496938426803,0.04482998201203433,0.5530185803540233,0.04482616590220868
AV6-6-CALGASNTEGADRLTF-AJ45_BV13-3-CASSDRDTLYF-BJ2-4,SNYLFTKL,6,37,32,5,86.48648648648648,6,16.216216216216218,0.35135135135135137,0.0,3.0,13.0,1.0113731000603494,0.9978535921979438,-0.013519507862405633,0.774215875204529,0.7770269035168713,0.0028110283123423674,0.9370187724066997,0.9329618135678006,-0.004056958838899116,4.3088503718480275e-05,0.021632372887860792,0.007281880811292576,0.0033247287173864396,0.006581439393939393,0.0034546814246866698,0.0,0.0,0.0,0.0,0.01205101205101205,0.00823515167652536,0.013933982683982684,0.009498175453510695,0.022183980320685213,0.00996263903510579,0.02565022724579228,0.011419486849830804,0.017919745732605408,0.0058036146207164265,0.014816928225547225,0.005393410530952445,0.05813876886343052,0.011102597850863219,0.05837983806657663,0.012485740640510898,0.774215875204529,0.02696706059151089,0.7770269035168713,0.030114444532249266,0.0012620668358373278,0.0009202773021615805,0.0014592647789369102,0.0010620260272694213,0.013371649226885246,0.004019007088767504,0.013377636085252734,0.004254913751652001,0.014154794040942048,0.008240549659839405,0.016366480609839244,0.009487542159178257,0.056783668254251546,0.010871333764163832,0.053484595437801444,0.01166133610256316,0.015447794578723374,0.005729130232324458,0.012346806599295958,0.0040820162108545855,0.007188764079805726,0.003436916647256344,0.0065758973561642585,0.0036444877057163574
AV16N-CAMREDSNYQLIW-AJ33_BV3-CASSPGQISNERLFF-BJ1-4,RAYLFNSV,4,35,34,1,97.14285714285714,11,31.428571428571427,0.4,0.0,3.0,14.0,0.9093314007322763,0.9209110526218494,0.011579651889573106,0.8027369113747348,0.7997361762751122,-0.00300073509962262,0.9516198029254503,0.9504130357407874,-0.001206767184662949,3.686157528215439e-06,0.008417317267163011,0.012720400697649008,0.007867952825237085,0.012627676721902922,0.008102305951893127,0.0,0.0,0.0,0.0,0.004099868482065914,0.0023942426900511286,0.004220452849185499,0.002462599091526878,0.007614636510479724,0.0027447167108416676,0.007838596407846773,0.002817240819463361,0.8027369113747348,0.021524791573556377,0.7997361762751122,0.021950998072250903,0.04144829438584447,0.0096093560702554,0.04033309482763168,0.00982939606495997,0.04394501576006571,0.015769268558395805,0.04523751622359705,0.016185454159616322,0.004329004329004329,0.004329004329004329,0.004456327985739751,0.004456327985739751,0.01086401157321114,0.004614470337812523,0.011183541325364407,0.004740839023241071,0.01582427211718816,0.007116852191867629,0.016289691885340754,0.007313652519091895,0.023999570334811825,0.007035180587965746,0.024705440050541577,0.007208671093308808,0.01612798918354308,0.006506502760877871,0.016602341806588466,0.006682938184845196,0.016290025251401895,0.005773269943777651,0.01676914364114901,0.005925134442744325
AV8N-2-CATDGQGGRALIF-AJ15_BV13-1-CASSETGVSSYEQYF-BJ2-7,VSFTYRYL,12,34,27,7,79.41176470588235,9,26.470588235294116,0.6764705882352942,0.0,4.0,23.0,1.7040461252049983,1.655775481229036,-0.04827064397596237,0.5538812072321084,0.5761231116844977,0.02224190445238927,0.590196082832908,0.5519775809399057,-0.038218501893002355,0.0013270369486358957,0.06738071290438828,0.01681465249576705,0.007536025045514369,0.01963818074929186,0.009397695124994256,0.0,0.0,0.0,0.0,0.0,0.0,0.0,0.0,0.027064352178011487,0.009295451655236918,0.030467488317729868,0.011541999314551075,0.08610331713036609,0.016662898474059207,0.07324616812164704,0.018728347523325767,0.12390981396672854,0.022206180524566646,0.11918901359805908,0.02553022701897172,0.15907803314795183,0.039432128254917265,0.173794267688987,0.048395181552207706,0.006037887525776799,0.0034779139232745037,0.005424616535727646,0.0038778294549783455,0.03779044555898775,0.01580700212976287,0.047026801253854396,0.01957379898486226,0.00707495119259825,0.003958946838147029,0.008348030570252792,0.004946447913137819,0.08309202477119099,0.01775402719816597,0.07399220263204936,0.0175873695693063,0.030428590776774164,0.010638196753902162,0.032666613222168774,0.01293185707640391,0.422605931255847,0.04724852707289206,0.4162066173102322,0.055856187035772595
AV6D-7-CALGDGSGGKLTL-AJ44_BV13-3-CASSDVRTSQNTLYF-BJ2-4,VIVRFLTV,11,34,33,1,97.05882352941177,7,20.58823529411765,0.2647058823529412,0.0,3.0,9.0,0.5901045936402335,0.5984083133413753,0.008303719701141854,0.8947124759444471,0.8928588433081827,-0.0018536326362644795,0.9890093010241147,0.9887104161999606,-0.0002988848241540776,5.96810895148181e-07,0.004362260653637208,0.013084958342311284,0.006496150172179673,0.013481472231472232,0.006683592991977686,0.0,0.0,0.0,0.0,0.0053970214407008535,0.003344174325444159,0.005560567544964516,0.0034429713551903576,0.007926163506919711,0.0036130728735371035,0.008166350279856672,0.0037160319929422743,0.013823662030318075,0.004254085670587964,0.014019744480434665,0.004380350596790086,0.018604340917596943,0.004956850700563769,0.018276843227042844,0.005098240751819085,0.014752203562830232,0.004081253137145394,0.01519924003443115,0.004181546921914793,0.0,0.0,0.0,0.0,0.007893225971718402,0.0029169665441031827,0.007909598238241063,0.003006692930584251,0.0074730032499354445,0.0033601370995460056,0.00769945789387288,0.0034556753462034956,0.015624227811393457,0.0052095833635669485,0.016097689260223563,0.005347692740409344,0.8947124759444471,0.01649817800852436,0.8928588433081827,0.016898255646039403,0.0007087172218284905,0.0007087172218284903,0.0007301935012778386,0.0007301935012778386
AV16N-CAMREEAGNTGKLIF-AJ37_BV20-CGARDWGGYEQYF-BJ2-7,VSFTYRYL,12,34,32,2,94.11764705882354,8,23.529411764705884,0.4117647058823529,0.0,4.0,14.0,1.7718298076744285,1.758929140022632,-0.012900667651796649,0.5337386295385507,0.5359238870219649,0.002185257483414249,0.5747354753306303,0.5702887937646727,-0.004446681565957622,0.0002635136922297665,0.0278245836357219,0.019391157241422236,0.007076845882094876,0.01930102123567779,0.007467621342549223,0.0,0.0,0.0,0.0,0.017444075818521445,0.011924190710187415,0.018534330557179034,0.012655740565107064,0.0467754739589302,0.01005589099769063,0.046022470493128034,0.010348212987360174,0.09109470122749667,0.025754890467017847,0.09548603672088188,0.027180702802898617,0.1315876187621349,0.023445131806540127,0.135369442973984,0.024770187667509377,0.07187725153855314,0.014541258394441613,0.0724633297597127,0.01520178517311491,0.01421046601939849,0.007285253857655941,0.015098620145610895,0.007719956570411844,0.03252998691639665,0.010827195901299897,0.03456311109867144,0.011415950431209562,0.018264333509156377,0.009388913185857427,0.01940585435347865,0.00994933369763573,0.07908765875847518,0.02073748446948972,0.07568198547009558,0.021651154359759485,0.045850450606636436,0.01534388934114327,0.03776328514210023,0.014251174898767042,0.4318868256428782,0.04973138245251566,0.4303105120494797,0.05168348191219426
AV16N-CAMREDTNTGKLTF-AJ27_BV16-CASSLDNYAEQFF-BJ2-1,ATLVFHNL,0,34,32,2,94.11764705882354,10,29.41176470588235,0.35294117647058826,0.0,2.0,12.0,1.518180247092379,1.5828343006249335,0.06465405353255438,0.6056268217667091,0.5857482349692337,-0.01987858679747545,0.6587052078766009,0.6871005335033131,0.02839532562671221,0.0012135099769156055,0.050480012425189125,0.5119608681913581,0.049474739697225496,0.5158334224533181,0.04849776724153705,0.0,0.0,0.0,0.0,0.0067867447982537495,0.004004843965905418,0.007210916348144609,0.004247583334084041,0.015297632469093074,0.005621899603013292,0.01625373449841139,0.005936862865730956,0.09484411112480363,0.033789207561973254,0.06960410491220913,0.023153691615130707,0.14015102512619387,0.020986675822184338,0.14836221858254592,0.02147161304527542,0.07851740235279409,0.026087653307545294,0.08186223999984373,0.02761081825189243,0.017184055031307873,0.00996414543492356,0.01825805847076462,0.01056705599315383,0.011552524001749217,0.005636195034414873,0.012274556751858543,0.005970240965431759,0.016855470056342425,0.0076875156819340975,0.017908936934863826,0.008138426483196036,0.0682768655462016,0.016081682253759576,0.07199592402880411,0.016875195120865428,0.017593882132955475,0.0071558210039160955,0.018419376959247648,0.007583121446917723,0.020979419168946696,0.010605033041425956,0.02201651005998832,0.011250631240948298
AV16-CAMREDMGYKLTF-AJ9_BV13-1-CASSADRGQNTLYF-BJ2-4,ATLVFHNL,0,34,34,0,100.0,7,20.58823529411765,0.20588235294117646,0.0,1.0,7.0,0.7119432020327587,0.7119432020327587,0.0,0.859850973914661,0.859850973914661,0.0,0.8926988553743215,0.8926988553743215,0.0,0.0,0.0,0.8320053308651091,0.03530104367551398,0.8320053308651091,0.03530104367551398,0.0,0.0,0.0,0.0,0.0024147692645883445,0.0012276051593969144,0.0024147692645883445,0.0012276051593969144,0.0033627098316373534,0.0016768550029247025,0.0033627098316373534,0.0016768550029247025,0.0281913798526015,0.010420440710369794,0.0281913798526015,0.010420440710369794,0.01667298201591363,0.005224210262693034,0.01667298201591363,0.005224210262693034,0.02149969117528378,0.007346873384284222,0.02149969117528378,0.007346873384284222,0.0012085729536274138,0.0008492173688310948,0.0012085729536274138,0.0008492173688310948,0.0038237832154266625,0.0023124112718102136,0.0038237832154266625,0.0023124112718102136,0.015183827175308902,0.00833336889346306,0.015183827175308902,0.00833336889346306,0.04024257386940249,0.015438618182971927,0.04024257386940249,0.015438618182971927,0.02884568514122478,0.019041356440006457,0.02884568514122478,0.019041356440006457,0.00654869463987612,0.0030065902417299364,0.00654869463987612,0.0030065902417299364
AV9-4-CAVSVDYANKMIF-AJ47_BV3-CASSLGTGYEQYF-BJ2-7,VGPRYTNL,10,33,33,0,100.0,5,15.151515151515152,0.24242424242424243,0.0,2.0,8.0,0.5015512534900816,0.5015512534900816,0.0,0.8351818015198897,0.8351818015198897,0.0,,,,0.0,0.0,0.013743461379908057,0.00891635276647136,0.013743461379908057,0.00891635276647136,0.0,0.0,0.0,0.0,0.0012265512265512263,0.0009274863010232642,0.0012265512265512263,0.0009274863010232642,0.012557277583396328,0.007730773741799498,0.012557277583396328,0.007730773741799498,0.002313826224076298,0.0013655174579597319,0.002313826224076298,0.0013655174579597319,0.038683856769891264,0.010475560533102233,0.038683856769891264,0.010475560533102233,0.004999363589157123,0.0025633649648874293,0.004999363589157123,0.0025633649648874293,0.0,0.0,0.0,0.0,0.012718092692667717,0.005778826029467539,0.012718092692667717,0.005778826029467539,0.0054463265981406165,0.003097678417160355,0.0054463265981406165,0.003097678417160355,0.8351818015198897,0.043178322488523935,0.8351818015198897,0.043178322488523935,0.009576487369161174,0.004840012555684111,0.009576487369161174,0.004840012555684111,0.002946894441099739,0.0017206467315515738,0.002946894441099739,0.0017206467315515738
AV16N-CAMREDGGYKVVF-AJ12_BV3-CASSLRWGGNYAEQFF-BJ2-1,VIVRFLTV,11,33,32,1,96.96969696969697,11,33.333333333333336,0.3939393939393939,0.0,3.0,13.0,0.788883745742928,0.8135363627973946,0.02465261705446664,0.7761056355779332,0.7691089366897438,-0.006996698888189434,,,,8.825097401632398e-06,0.012099458382439612,0.0028956228956228958,0.0016961366490713108,0.0029861111111111113,0.0017475034422501532,0.0,0.0,0.0,0.0,0.002474564600545098,0.001265843346651954,0.002551894744312132,0.0013035994968674314,0.005342749522041884,0.0024601518046001264,0.005509710444605693,0.002532419099853955,0.024811749455653762,0.007985919134509233,0.025587116626142936,0.008200575187806692,0.036842143910707364,0.009989070803324934,0.037993460907916964,0.010237578082148284,0.019371500087009486,0.0060044964498816205,0.01997685946472853,0.006163597823786099,0.0,0.0,0.0,0.0,0.0013642168814582607,0.0009767438778622742,0.0014068486590038314,0.001006798942641036,0.0018041405433646812,0.0015778440947570018,0.0018605199353448276,0.0016269072241937006,0.06462761846358761,0.011592130255818867,0.06664723154057473,0.011777309166462122,0.7761056355779332,0.04030860659506134,0.7691089366897438,0.04095725112846838,0.0037539974560150528,0.0021255236674141637,0.0038713098765155232,0.002189674638316081
AV3-1-CAVSVNYAQGLTF-AJ26_BV31-CAWSPGQQAPLF-BJ1-5,RTYTYEKL,5,32,31,1,96.875,10,31.25,0.375,0.0,3.0,12.0,0.5958912241628203,0.5428503971871415,-0.0530408269756788,0.8792564029370311,0.8928729689303916,0.013616565993360474,0.9181693458107323,0.9220693087543205,0.0038999629435881866,3.739396952329166e-05,0.027050532990959348,0.0018694196428571427,0.001301773633826886,0.0010080645161290322,0.0010080645161290327,0.0,0.0,0.0,0.0,0.002564374646293152,0.002072205989653028,0.002647096409076802,0.0021384592019528708,0.008179523646079996,0.0034100766797625056,0.008443379247566447,0.0035113534991015345,0.02997316993794745,0.011362970693168767,0.030018387401383538,0.011735532749381267,0.8522056216870312,0.03323381775220366,0.8649495818336176,0.031699894799722954,0.013482953927671305,0.0058049347162150225,0.00838793400828743,0.002872961599576283,0.00290626792885829,0.0019331243281541287,0.0011567005348583272,0.0008491461449109329,0.007298808419285393,0.003261235303917695,0.007534253852165568,0.0033594001298890667,0.001643374741200828,0.0009361672912887808,0.0016963868296266612,0.000965318001218779,0.07317238285503105,0.030458108502530043,0.07092448737109198,0.031371211251849856,0.003132673996315632,0.0015802970417594926,0.0032337279961967814,0.001628783375587009,0.0035714285714285713,0.003571428571428571,0.0,0.0
AV14D-1-CAARGNYNQGKLIF-AJ23_BV1-CTCSAVGFAETLYF-BJ2-3,RAYLFNSV,4,32,32,0,100.0,7,21.875,0.28125,0.0,2.0,9.0,0.8937501129933221,0.8937501129933221,0.0,0.803348213327943,0.803348213327943,0.0,0.9093684998753908,0.9093684998753908,0.0,0.0,0.0,0.02190618978429726,0.008286234036005874,0.02190618978429726,0.008286234036005874,0.0,0.0,0.0,0.0,0.004454787234042553,0.0021120434780504383,0.004454787234042553,0.0021120434780504383,0.010594409573322947,0.003771039627945895,0.010594409573322947,0.003771039627945895,0.7898866748664046,0.033054435719794,0.7898866748664046,0.033054435719794,0.051530924626536974,0.010965006669220723,0.051530924626536974,0.010965006669220723,0.05886618513304494,0.021316653267836296,0.05886618513304494,0.021316653267836296,0.000248015873015873,0.000248015873015873,0.000248015873015873,0.000248015873015873,0.008836162617802701,0.006267325577961244,0.008836162617802701,0.006267325577961244,0.0004734848484848485,0.0004734848484848485,0.0004734848484848485,0.0004734848484848485,0.02085227970114649,0.00617530570002168,0.02085227970114649,0.00617530570002168,0.02261048371539443,0.008452101684434625,0.02261048371539443,0.008452101684434625,0.009740402026506396,0.005852871986042724,0.009740402026506396,0.005852871986042724
AV13-2-CAIDDNAGAKLTF-AJ39_BV14-CASSLRDEQYF-BJ2-7,INFDFPKL,3,31,28,3,90.3225806451613,11,35.483870967741936,0.4838709677419355,0.0,3.0,15.0,1.571549414993622,1.5455894778701715,-0.02595993712345046,0.607022726326213,0.6113609462530717,0.004338219926858677,0.8758402444900633,0.8716328027770895,-0.004207441712973714,7.866019762403642e-05,0.023328603742659257,0.008736559139784945,0.005778527871389653,0.00818452380952381,0.00627926036764492,0.0,0.0,0.0,0.0,0.0070770243581303495,0.0059981037392639,0.0012755102040816326,0.0012755102040816323,0.6029904682616969,0.027432437719365394,0.606896660538786,0.02880552484208019,0.04609050592141123,0.0184878856860902,0.04805258393680053,0.02031928646573493,0.045034364302968,0.013578908749825706,0.048236098140623664,0.01486875092875667,0.04723266011292269,0.008376600942886486,0.047693735168311595,0.00903494284521948,0.004150624081499657,0.00239710849152076,0.004595333804517478,0.0026444209946917267,0.01205024599835259,0.00536010672443304,0.011853248545795128,0.005813566981907148,0.14875144047335484,0.019213929453613287,0.1474420986087079,0.021055781894551234,0.047182354302908146,0.0089563517088546,0.04488823823089223,0.009290690821641016,0.01575945431936215,0.006327698191369266,0.017447967282150954,0.006940036972415112,0.014944298727608685,0.0056407671809326045,0.013434001729809183,0.006048614395700046
AV7-3-CAVSDNTGKLTF-AJ27_BV1-CTCSAVRISNERLFF-BJ1-4,RAYLFNSV,4,31,29,2,93.54838709677419,10,32.25806451612903,0.6129032258064516,0.0,5.0,19.0,1.2270431842914964,1.2564157696609115,0.029372585369415116,0.6974721465338201,0.685130883912328,-0.012341262621492044,0.8333366226360558,0.8237835437973404,-0.009553078838715368,5.869827868976163e-05,0.027366701026238168,0.009479361598641418,0.004904557185857992,0.010133110674409791,0.0052262531984870325,0.0,0.0,0.0,0.0,0.023492692901116434,0.016274275771025686,0.02511287861843481,0.017374903690767007,0.019771763694574757,0.005756227507764824,0.019430788149999975,0.0061465191761396094,0.6829560175015621,0.04090609348936086,0.6696136425330178,0.042606323776611325,0.0433096721719139,0.014254199638577412,0.043965041412610165,0.01524646910428543,0.0688502827214051,0.021845980884794426,0.0729716188338531,0.023173137356733247,0.011200716845878136,0.0067680511113912874,0.011973180076628353,0.007220305533154847,0.019048296556897847,0.008567440986052638,0.02036197218151149,0.009116598982268182,0.017155425219941352,0.00906572679688659,0.01833855799373041,0.00966209091374448,0.045166163642358315,0.011245049398952716,0.04720348527286579,0.011913354307438093,0.03949103773310903,0.012955491859262135,0.04051001212222626,0.013840378162953047,0.0200785694126017,0.006106240969760688,0.020385712130712164,0.006484678863741416
AV16N-CAMREGNMGYKLTF-AJ9_BV13-2-CASGDNQGNSDYTF-BJ1-2,SNYLFTKL,6,31,30,1,96.7741935483871,5,16.129032258064516,0.1935483870967742,0.0,2.0,6.0,0.917311568571734,0.9259811804518027,0.00866961188006865,0.798909987707796,0.7960531411442098,-0.0028568465635862017,,,,4.555429949149037e-06,0.008624488818279067,0.004379911440746374,0.0019696853282609723,0.004525908488771253,0.0020308712228004526,0.0,0.0,0.0,0.0,0.0067724740787967995,0.0035137264632671187,0.006998223214756693,0.003625363908366885,0.00601203166996594,0.002104516659497041,0.0057850822982810435,0.0021631874226240287,0.03473969214288221,0.005756994719766776,0.033333579316875715,0.005771932332395548,0.039988079083495415,0.007769031283368801,0.041321015052945276,0.007913356217840485,0.7927655944666286,0.035988696816066736,0.7897039347950034,0.03707410505153316,0.002752973971166343,0.0014722826454103804,0.0028447397702052206,0.0015192449577657577,0.023492620629528168,0.006190790846262032,0.024275707983845773,0.006349294368689131,0.004334204705972837,0.001920377584674147,0.004478678196171931,0.0019798667826031635,0.020986317188272832,0.004194268382367072,0.020831160239847737,0.0043335190013829485,0.02575743904645753,0.016330617475444592,0.02661602034800611,0.01686100281675886,0.005760597059957891,0.0018815405910747286,0.005952616961956488,0.0019351826425969497
AV8D-2-CATDSNNRLTL-AJ7_BV3-CASSLAREYEQYF-BJ2-7,VGPRYTNL,10,31,27,4,87.09677419354838,12,38.70967741935484,0.5483870967741935,0.0,3.0,17.0,0.38950463777868555,0.3848806618281451,-0.0046239759505404265,0.9366421739662629,0.9369553327279804,0.00031315876171744694,0.9957611630253919,0.9955278854162657,-0.00023327760912617013,5.531551949045088e-06,0.007645481221656441,0.0037917811123904873,0.0022759326112837958,0.004203578944005692,0.002606561152980167,0.0,0.0,0.0,0.0,0.0022945357609530327,0.0016258124241438337,0.0024845194664293553,0.0018637307185244765,0.0056719051623736584,0.0024619790630593078,0.006212292371914096,0.0028058671572174423,0.01544825108499116,0.005933240971258814,0.01713830005606633,0.0067630766018177205,0.024566824382283487,0.005723498053249831,0.023218407161442613,0.006218626791437725,0.0032806316649309406,0.0009440576576202331,0.0031680703515527433,0.0010411107833601897,0.0003765969922330784,0.00021232647063438036,0.0004323891392305715,0.00024248067219823457,0.002745915767896767,0.0020386219540655284,0.0006879557706980876,0.00048243047858550293,0.0009857732109429902,0.0004579942173543368,0.0006819711315325349,0.00043146771511108487,0.9366421739662629,0.010461741554507293,0.9369553327279804,0.011572213730915413,0.0016454462498270458,0.0006494428039668369,0.001889216064616238,0.0007355611312077866,0.002550164644914516,0.002037072139977206,0.0029279668145314815,0.0023355664864364543
AV13-2-CAIDDNTGKLTF-AJ27_BV12-1-CASSQGNTLYF-BJ2-4,RAYLFNSV,4,31,31,0,100.0,5,16.129032258064516,0.16129032258064516,0.0,1.0,5.0,1.299533892669115,1.299533892669115,0.0,0.6853822073425276,0.6853822073425276,0.0,0.8083032048284123,0.8083032048284123,0.0,0.0,0.0,0.013735458090296799,0.00610149342635407,0.013735458090296799,0.00610149342635407,0.0,0.0,0.0,0.0,0.00891086459397655,0.004710157473119653,0.00891086459397655,0.004710157473119653,0.02309278096582618,0.006956625863333387,0.02309278096582618,0.006956625863333387,0.6330571130819496,0.04052641888003114,0.6330571130819496,0.04052641888003114,0.05938778174031396,0.009975576991993135,0.05938778174031396,0.009975576991993135,0.14344849782627103,0.029114029875618307,0.14344849782627103,0.029114029875618307,0.004032258064516129,0.004032258064516131,0.004032258064516129,0.004032258064516131,0.01341642228739003,0.007918227971437307,0.01341642228739003,0.007918227971437307,0.02027510124284318,0.013193700226229219,0.02027510124284318,0.013193700226229219,0.061879163316063114,0.026577548632554935,0.061879163316063114,0.026577548632554935,0.012082531140783965,0.005103722152483869,0.012082531140783965,0.005103722152483869,0.0066820276497695855,0.00365993876038411,0.0066820276497695855,0.00365993876038411
AV6N-6-CALSDMGYKLTF-AJ9_BV3-CASSLGLDTQYF-BJ2-5,VGPRYTNL,10,31,30,1,96.7741935483871,3,9.67741935483871,0.5806451612903226,0.0,16.0,18.0,0.3153080545250135,0.3102365587168047,-0.005071495808208759,0.9574331165226881,0.9578660722586296,0.00043295573594148706,0.9994042462095508,0.9993891163883266,-1.5129821224202367e-05,8.130465878330995e-08,0.0014798217875695375,0.0003258631788949015,0.00019010280949614955,0.0003367252848580649,0.00019622768951184943,0.0,0.0,0.0,0.0,0.0018234069075386754,0.00092967557504909,0.0017519120055148323,0.0009583523894514385,0.002607954827943321,0.0006905529543452433,0.002694886655541432,0.0007082882094874032,0.00526368494508015,0.0016170562825177535,0.005306865977641023,0.0016712910454245316,0.015380944972837611,0.0028122244689610617,0.01549681774177347,0.0029051118972010666,0.009029297454148823,0.0014462609558135659,0.00893344863912839,0.0014920131790356784,0.0004442637269961748,0.0003372013846568808,0.000326797385620915,0.00032679738562091496,0.0015032226835588552,0.0005488884783112902,0.0015533301063441504,0.0005651305019241338,0.00157910473155559,0.0005822438045632877,0.0013671912913905118,0.0005606989725494343,0.9574331165226881,0.004390934622018392,0.9578660722586296,0.004517699070102753,0.0034438909220609686,0.0011592455167475446,0.0034264121538545357,0.0011984168361749436,0.0011652491266969012,0.0006386017399204699,0.0009395404997031999,0.0006176401623932084
AV12D-2-CALSDNYAQGLTF-AJ26_BV14-CASSGDRVSETLYF-BJ2-3,RAYLFNSV,4,31,30,1,96.7741935483871,8,25.806451612903224,0.3870967741935484,0.0,5.0,12.0,0.4157705210500383,0.41287881279065874,-0.002891708259379566,0.9372161474343987,0.9376874549129813,0.00047130747858259436,0.9965693138684899,0.9965475469009881,-2.1766967501779533e-05,1.415496686529849e-06,0.003430470217759971,0.0019983401600579954,0.0009608760003246641,0.0020649514987265954,0.0009910672433496876,0.0,0.0,0.0,0.0,0.000388651379712398,0.0003886513797123978,0.00040160642570281126,0.0004016064257028112,0.004966291034989378,0.0013070843482439825,0.004846933784588738,0.0013457586444755197,0.9372161474343987,0.010391685357868526,0.9376874549129813,0.010732989442745828,0.010588984347561744,0.002140308729099652,0.00923254878307876,0.001711735603105632,0.021618181621320304,0.006081798240645603,0.022338787675364312,0.0062437248481386235,0.0002745367192862045,0.0002745367192862046,0.00028368794326241134,0.0002836879432624113,0.0013637397271186642,0.0005337142383762247,0.0011242974331223342,0.0004931624394495101,0.0022139478713401237,0.0007849840844637729,0.002287746133718128,0.0008080066726694827,0.013921640957390912,0.004887086953987091,0.014100795371070323,0.005049401467939953,0.0043163625843940755,0.0013323084823409271,0.004460241337207211,0.0013694283818163739,0.0011331761624293376,0.00044128450418025875,0.0011709487011769821,0.0004545730364036355
AV13-2-CAIDNNAGAKLTF-AJ39_BV13-3-CASSDRDTLYF-BJ2-4,SNYLFTKL,6,30,28,2,93.33333333333333,9,30.0,0.36666666666666664,0.0,2.0,11.0,1.3183034938898295,1.3326440155213164,0.014340521631486913,0.6930639008063605,0.684941521077162,-0.008122379729198492,0.8488316420192438,0.840690803199177,-0.008140838820066776,7.153206149623781e-05,0.025837899168858883,0.009212573918456273,0.005457035700336206,0.00987061491263172,0.0058334546555661075,0.0,0.0,0.0,0.0,0.005386759795361946,0.0027634136906615273,0.005771528352173513,0.002950548413874652,0.02062267493996999,0.007509713859855285,0.019726787111240894,0.007965647342246893,0.04491364973261099,0.01157268261920476,0.04812176757065463,0.012182139910055225,0.10751528096988117,0.018537090846315142,0.11135829748575433,0.01967821244944095,0.6705429928015815,0.04063351451642681,0.6608119767863273,0.04283117180731828,0.01733002895991011,0.011074246580173294,0.018567888171332265,0.011844021072625497,0.007429129350181982,0.0029548818500438803,0.006080082198503251,0.0026841793174794694,0.01032155752984429,0.005100049650767732,0.010569574848512231,0.005456596304402761,0.0834342639595646,0.020439444856633585,0.08653568141305704,0.021794567880230736,0.010177278811696751,0.0033146616910424485,0.010414990507639865,0.0035338715033954764,0.013113809230940294,0.0044200243957367435,0.012170810642172871,0.00448960153807941
AV7D-5-CAVSMTNSAGNKLTF-AJ17_BV3-CASSLSTGNSDYTF-BJ1-2,RTYTYEKL,5,30,27,3,90.0,6,20.0,0.4,0.0,4.0,12.0,0.951744099393734,0.9749349045504977,0.02319080515676364,0.7972953808129493,0.7915032987653667,-0.005792082047582525,0.8620714786088137,0.8496533337853935,-0.012418144823420185,5.945839013632437e-05,0.02945439376020807,0.010525277191943856,0.005495902869980439,0.011694752435493174,0.0060751506302736845,0.0,0.0,0.0,0.0,0.002445223967041493,0.0014194840891473429,0.0027169155189349925,0.0015712259164817374,0.034043354302979396,0.01623718033873325,0.036922606858775665,0.017971849109035414,0.032944767993668106,0.011315160264866548,0.035701955403985346,0.01245730197538152,0.7605448371658539,0.03887062726228405,0.7506693613797052,0.04215157755188876,0.04730112178277867,0.021926065369574275,0.04638396247469235,0.024164841289127208,0.0058962506420133535,0.004214675189316342,0.00655138960223706,0.004674344682243104,0.009510584501798732,0.003941753626680843,0.0087606313795957,0.004096302184941349,0.01591275370011002,0.006990207668114595,0.017680837444566694,0.007704178056490497,0.06391292904123298,0.02458910688016193,0.06869955078655518,0.027144036391992865,0.013005188693672887,0.005093179254343037,0.00982058003000691,0.003661861415994128,0.003957711016906565,0.0024573163964620916,0.004397456685451738,0.002721969231382551
AV14-2-CAASPNTGYQNFYF-AJ49_BV13-2-CASGNNQAPLF-BJ1-5,VGPRYTNL,10,29,29,0,100.0,4,13.793103448275861,0.13793103448275862,0.0,1.0,4.0,0.7257917885789373,0.7257917885789373,0.0,0.8598420737045229,0.8598420737045229,0.0,0.9846790805847584,0.9846790805847584,0.0,0.0,0.0,0.009373841305153875,0.0059743742578541904,0.009373841305153875,0.0059743742578541904,0.0,0.0,0.0,0.0,0.0029749830966869506,0.002372940317307822,0.0029749830966869506,0.002372940317307822,0.008278047992786253,0.003337712649672232,0.008278047992786253,0.003337712649672232,0.020158099110004737,0.008198509018667016,0.020158099110004737,0.008198509018667016,0.05634730047169609,0.01001321990755087,0.05634730047169609,0.01001321990755087,0.007658283487421126,0.002307178632352706,0.007658283487421126,0.002307178632352706,0.0017276210379658656,0.001410496735854338,0.0017276210379658656,0.001410496735854338,0.006856579301442397,0.0035773445241528575,0.006856579301442397,0.0035773445241528575,0.008745828698553948,0.004901613726101167,0.008745828698553948,0.004901613726101167,0.8598420737045229,0.017463823931737916,0.8598420737045229,0.017463823931737916,0.013987520354739972,0.005043467145237659,0.013987520354739972,0.005043467145237659,0.004049821439025818,0.002023342270584784,0.004049821439025818,0.002023342270584784
AV5-4-CAASGDYNQGKLIF-AJ23_BV3-CASSLGLGYEQYF-BJ2-7,VGPRYTNL,10,29,26,3,89.65517241379311,8,27.586206896551722,0.3793103448275862,0.0,2.0,11.0,0.5788090846712138,0.5925007447537504,0.013691660082536528,0.9046408836514762,0.9016423716307183,-0.0029985120207579596,0.9923862265268769,0.9916821584475652,-0.0007040680793116705,3.4443733594180515e-06,0.009419396750190575,0.0032030825959919788,0.0015986184649366551,0.0026111305878372074,0.001554346807097298,0.0,0.0,0.0,0.0,0.0038667544825180295,0.0019534584942003295,0.00431291846127011,0.0021656624786868845,0.010791748126823666,0.0030573879783775634,0.010009821160612716,0.003350295283675145,0.011494733871447834,0.002717788740407274,0.01185951085661489,0.002921439943276662,0.022598181759498133,0.003991312043859476,0.022260874379526476,0.00429334761775862,0.022699172028375795,0.01001675568285307,0.024208839806797857,0.011117885350748206,0.002204177804289261,0.0012702461976283335,0.0024585060124764834,0.0014109056958886783,0.004448708227488475,0.002036524233920665,0.004962020715275606,0.002253711533175043,0.002050281928448173,0.0013092464150993748,0.002286852920192193,0.0014559186234761206,0.9046408836514762,0.01354166504936214,0.9016423716307183,0.014753345244360836,0.009489477908068785,0.0032659280973930914,0.010584417666692105,0.0035862349472709555,0.002512797615573646,0.0010923764781349545,0.00280273580198599,0.001207553412677482
AV16/DV11-CAMRESNTGYQNFYF-AJ49_BV13-2-CASGTGGANTLYF-BJ2-4,SVYVYKVL,8,28,24,4,85.71428571428571,10,35.714285714285715,0.5,0.0,2.0,14.0,1.5990833970664302,1.6065470808097173,0.007463683743287097,0.48241303953922443,0.4709183226991434,-0.01149471684008102,,,,4.143870480177725e-05,0.022088236310403367,0.010619927795679674,0.006355718644250497,0.011521860206070732,0.007381497966294893,0.0,0.0,0.0,0.0,0.004724649461491566,0.00384655550046734,0.005512091038406827,0.004480553201059899,0.007925645791156828,0.0036292277460109952,0.008378531200794077,0.0041697495368725,0.04725418330948172,0.013680547845116567,0.043845158305506456,0.014430130786215611,0.052864888074536646,0.012589622961468731,0.052312025217394205,0.013924770187721308,0.29564368538491054,0.02710240955821289,0.2926946558959221,0.028971079075640845,0.004751733229176838,0.0026595172724942404,0.005543688767372978,0.0030815732630924395,0.4649749928919941,0.035577303698010085,0.45786560161070805,0.038684532667104664,0.01114783632751346,0.004978388011006131,0.011964142382099039,0.00573513654514228,0.04152446719317484,0.009231795514992284,0.04246695085580544,0.010209561979110745,0.016744762189392914,0.007445989098901176,0.01953555588762507,0.008576831871910464,0.006108942637205258,0.003658850871136225,0.006693071965628357,0.004252452918442403
AV6-7/DV9-CALRRASSSFSKLVF-AJ50_BV14-CASRDVYAEQFF-BJ2-1,VAFDFTKV,9,28,26,2,92.85714285714286,11,39.285714285714285,0.5714285714285714,0.0,3.0,16.0,1.1878958093095584,1.1406960558684174,-0.047199753441141024,0.7372752452804573,0.7476840499702059,0.010408804689748585,0.8345992259167034,0.8295274034939563,-0.005071822422747174,5.070230510340057e-05,0.024864857655399843,0.019932639722555687,0.0071780217116874335,0.015583566760037347,0.0062757828336158245,0.0,0.0,0.0,0.0,0.006707380571981591,0.0037151070140069168,0.0046592303595699176,0.003207000604486845,0.007886247092356065,0.0030001826536004794,0.00849288148407576,0.003203573633912523,0.042254093968079345,0.009860757018883773,0.0403762037604957,0.009871230875643726,0.06528924241304791,0.01856510368061411,0.06216669544934573,0.019826519255794865,0.030960532534780656,0.009462919418554929,0.030778009396430443,0.01003555718690007,0.00023496240601503758,0.00023496240601503758,0.00025303643724696357,0.00025303643724696357,0.013515353121039667,0.005018546175903766,0.013046700042869265,0.00529027943154546,0.70529606112736,0.044589802218394085,0.7132449285745628,0.046385373634241577,0.04795447702606402,0.026365751037445047,0.047570884761100635,0.0284227752547792,0.042410175468021345,0.016069384918927714,0.04491834884489781,0.017219669697791748,0.017558834548698447,0.008512443246772135,0.018909514129367557,0.009124521450239868
AV13D-2-CAIDRSSGSWQLIF-AJ22_BV4-CASSYIEVFF-BJ1-1,VIVRFLTV,11,28,27,1,96.42857142857143,6,21.428571428571427,0.25,0.0,2.0,7.0,0.5727417026792189,0.5739882773594531,0.001246574680234258,0.9080224159835436,0.9074648416467518,-0.0005575743367918218,0.9563262743198757,0.9547855321765445,-0.0015407421433312196,1.609184085205051e-06,0.004966470354724921,0.0013535051220283719,0.0010752062308870681,0.0014036349413627562,0.0011145808512663916,0.0,0.0,0.0,0.0,0.0012911342193020114,0.0008017361087362237,0.001338954005202086,0.0008305196142634315,0.006224636258495107,0.002023224180589622,0.005885377772342504,0.0020698709863724483,0.00805186900776087,0.002734020289586911,0.00835008637841868,0.002820298222255552,0.023233264014603853,0.004336396585223305,0.024093755274403997,0.004410603149980343,0.03918193775566676,0.019506283085833086,0.040063320065705704,0.020221951953783977,0.001572553505403007,0.0006493810395357665,0.0016307962278253405,0.0006711786003916158,0.0060460250648056435,0.0022612024707910753,0.006269951919057704,0.0023350260629411887,0.0025862375625807107,0.0012938176035559047,0.0021122235691720193,0.0012493027641459255,0.012069218931303987,0.002650866015300907,0.011376625900269659,0.0026553817245818104,0.8966879420742194,0.02553845827434919,0.8957105724074526,0.02648309532500398,0.0017016764838302275,0.0007362979826921836,0.0017647015387869025,0.0007612881727046608
AV10-CAASMTNSAGNKLTF-AJ17_BV26-CASRDWGQDTQYF-BJ2-5,VIVRFLTV,11,28,28,0,100.0,5,17.857142857142858,0.17857142857142858,0.0,1.0,5.0,0.8031402950126155,0.8031402950126155,0.0,0.8342127726873051,0.8342127726873051,0.0,0.9544411990608952,0.9544411990608952,0.0,0.0,0.0,0.0,0.0,0.0,0.0,0.0,0.0,0.0,0.0,0.003968253968253968,0.003968253968253967,0.003968253968253968,0.003968253968253967,0.010408527668954679,0.005068702103173684,0.010408527668954679,0.005068702103173684,0.020593483578918048,0.005671405063173243,0.020593483578918048,0.005671405063173243,0.038372244402137656,0.010938589683903169,0.038372244402137656,0.010938589683903169,0.026245792733295397,0.008581840389826928,0.026245792733295397,0.008581840389826928,0.005672754019435941,0.002787900759559236,0.005672754019435941,0.002787900759559236,0.004521994168007948,0.0017326291674119817,0.004521994168007948,0.0017326291674119817,0.019397893772893773,0.01576648042931882,0.019397893772893773,0.01576648042931882,0.029904511805927934,0.007781376185962224,0.029904511805927934,0.007781376185962224,0.8315342012587336,0.02556642082079788,0.8315342012587336,0.02556642082079788,0.009380342623441118,0.00591049392297608,0.009380342623441118,0.00591049392297608
AV9-2-CVLTPDTNAYKVIF-AJ30_BV12-1-CASSLGALEQYF-BJ2-7,INFDFPKL,3,28,28,0,100.0,6,21.428571428571427,0.25,0.0,2.0,7.0,0.897451322286181,0.897451322286181,0.0,0.8261517160925719,0.8261517160925719,0.0,0.9439555039742743,0.9439555039742743,0.0,0.0,0.0,0.010350438685651974,0.0037001001458512595,0.010350438685651974,0.0037001001458512595,0.0,0.0,0.0,0.0,0.008279674553259458,0.0042962926868853925,0.008279674553259458,0.0042962926868853925,0.8149910018068576,0.02885802996615529,0.8149910018068576,0.02885802996615529,0.027517100095795693,0.007626302511887514,0.027517100095795693,0.007626302511887514,0.04689877916813689,0.02070737231212592,0.04689877916813689,0.02070737231212592,0.01247758869942242,0.004296230024000284,0.01247758869942242,0.004296230024000284,0.008641283843440177,0.004205778328503314,0.008641283843440177,0.004205778328503314,0.009732071757933055,0.004272936874575793,0.009732071757933055,0.004272936874575793,0.00257034632034632,0.0018073182034326367,0.00257034632034632,0.0018073182034326367,0.039661088910102546,0.008502317197205771,0.039661088910102546,0.008502317197205771,0.014223642397807417,0.004729022577646351,0.014223642397807417,0.004729022577646351,0.004656983761246435,0.002972521084582154,0.004656983761246435,0.002972521084582154
AV13-1-CALEHGDAGAKLTF-AJ39_BV1-CTCSVGTGGSTGQLYF-BJ2-2,VSFTYRYL,12,27,26,1,96.29629629629629,8,29.62962962962963,0.3333333333333333,0.0,2.0,9.0,1.8639673301151205,1.8774886566027233,0.013521326487602847,0.517670144429144,0.5115624350519844,-0.0061077093771596536,0.790831026204476,0.7853438782045487,-0.005487147999927333,6.793642413771561e-05,0.015811925128603473,0.0072210711099599985,0.0041628330019357,0.007498804614189229,0.004316503923181842,0.0,0.0,0.0,0.0,0.004401284753588277,0.002744564189483738,0.004570564936418595,0.0028468043407809496,0.010985646893505972,0.005605581569588671,0.01140817177402543,0.0058089189059020736,0.044711355085147376,0.010213804259554923,0.04529980086896527,0.010596866109042332,0.08338001223158313,0.013018140798050443,0.08432449234003768,0.013493196171982642,0.06509605540223445,0.013809877048920035,0.06646852812132492,0.014280593284628338,0.010825911134355007,0.00540436308612246,0.0112422923318302,0.0055996846723931504,0.21790945965869282,0.02832234723471543,0.21950326240574664,0.029386805837692848,0.004107896806309504,0.0020145506858843818,0.004265892837321409,0.00208713388592976,0.0662669103710977,0.016776786178473804,0.06768441597360599,0.017372602883065462,0.014178834990075708,0.00459765773821118,0.014724174797386315,0.004744296161295081,0.47091556156345005,0.03428757257694015,0.4630095989991483,0.03467252601531741
AV9-4-CAVSAATGGNNKLTF-AJ56_BV1-CTCSAVRVDERLFF-BJ1-4,RAYLFNSV,4,27,24,3,88.88888888888889,5,18.51851851851852,0.3333333333333333,0.0,3.0,9.0,0.8467319158444563,0.7830130078170799,-0.06371890802737634,0.7963408476320667,0.8166861496645064,0.02034530203243967,0.8248063921270576,0.8161581528301062,-0.008648239296951465,0.0003174149185865005,0.041831481582401624,0.00033068783068783067,0.00033068783068783067,0.0003720238095238095,0.0003720238095238095,0.0,0.0,0.0,0.0,0.0,0.0,0.0,0.0,0.01559221282457292,0.007583624520815574,0.014937072760977868,0.008261586026687218,0.7453980252476384,0.04550283692992701,0.7593754744820246,0.04962513254188983,0.09521109129517627,0.03437909695832075,0.07826969059222735,0.0366468223524756,0.027833469377938496,0.010188150544081172,0.03131265305018081,0.011281306325466851,0.0,0.0,0.0,0.0,0.009871518659267338,0.004576906521352266,0.00987996829559732,0.005059220089744341,0.023700587733434447,0.012260129288468988,0.02368697072392328,0.013601254741760715,0.050684403239760985,0.02591427572753599,0.04984208249627172,0.02886417480119964,0.02727457815525096,0.02130593186245286,0.030683900424657327,0.023932162842536624,0.004103425636272352,0.002907952085704453,0.0016401633646159193,0.0014892530342898837
AV5-4-CAALDSNYQLIW-AJ33_BV1-CTCSADRGWSPLYF-BJ1-6,VIVRFLTV,11,27,24,3,88.88888888888889,11,40.74074074074074,0.5925925925925926,0.0,4.0,16.0,0.49247770040077127,0.48818687185686477,-0.0042908285439065,0.9196022464660035,0.9189586118924004,-0.000643634573603169,0.995782397198689,0.9953895827716677,-0.0003928144270213263,1.694255986173232e-06,0.005140082342170921,0.001764019147398052,0.0011508498786101096,0.0011904761904761904,0.0011904761904761906,0.0,0.0,0.0,0.0,0.00021915406530791145,0.0002191540653079114,0.0002465483234714004,0.0002465483234714004,0.007957254905548187,0.003575576698850043,0.008271628684935138,0.004016474731474878,0.011092007678450599,0.002759322749607758,0.011397584528809323,0.0030497767741110853,0.017150003271858973,0.00391749095742021,0.016662382993915103,0.004248300067338624,0.015347043564772808,0.004139202318585544,0.015835976400366242,0.004597164744290774,0.0,0.0,0.0,0.0,0.0021439268234140028,0.0012128167304136849,0.0024119176763407533,0.001357397885593097,0.0014054238400013877,0.0008851382724575616,0.0015811018200015613,0.0009921151262555247,0.022010414463280396,0.007016320950830979,0.02300050907793627,0.00784012925126439,0.9196022464660035,0.011916402241616556,0.9189586118924004,0.01324247670310578,0.0013085057739641401,0.0009817475870981696,0.0004432624113475177,0.0004432624113475177
AV13D-2-CAIDTNTGKLTF-AJ27_BV13-3-CASRDRYEQYF-BJ2-7,SNYLFTKL,6,27,26,1,96.29629629629629,7,25.925925925925927,0.37037037037037035,0.0,3.0,10.0,0.7109661441908135,0.7120135267607283,0.0010473825699147676,0.8553924001177955,0.8542011987237246,-0.0011912013940709176,0.9665518015978687,0.9653047431592006,-0.001247058438668125,1.292750997250458e-06,0.004826146252666617,0.0056059460821365585,0.003056395377139719,0.005821559392987965,0.0031683858176856437,0.0,0.0,0.0,0.0,0.00021915406530791145,0.00021915406530791145,0.0002275830678197542,0.0002275830678197542,0.00588969388617453,0.0046611464108841675,0.00611622057410432,0.004838281641783809,0.020461083481362535,0.0063302054031477316,0.019499796482393958,0.006502247455440858,0.03829075824214545,0.00913424461425463,0.03888935383887133,0.009472180140991287,0.8553924001177955,0.028107764073565522,0.8542011987237246,0.029184201816912923,0.004467960023515579,0.003452991827296962,0.00463980463980464,0.003584007777085681,0.008727431560809764,0.003706231797778271,0.009063102005456293,0.0038357995060703904,0.003619225467964964,0.0027215162026123906,0.0037584264475020775,0.0028245805725183146,0.03867934238890488,0.014493062596101995,0.03841875765561101,0.015059197712103034,0.008221908719570759,0.003662401956522649,0.008538135978015789,0.0037918654360525315,0.010425095964311648,0.007322081477824963,0.01082606119370825,0.007597912369653924
AV16N-CAMREGGAGNTGKLIF-AJ37_BV13-2-CASGDNYEQYF-BJ2-7,SNYLFTKL,6,27,27,0,100.0,11,40.74074074074074,0.48148148148148145,0.0,2.0,13.0,0.7756256504293404,0.7756256504293404,0.0,0.8587474805268911,0.8587474805268911,0.0,0.9737254630964438,0.9737254630964438,0.0,0.0,0.0,0.008260504802807551,0.0032790554877811014,0.008260504802807551,0.0032790554877811014,0.0,0.0,0.0,0.0,0.0025364732108789597,0.001487473163011328,0.0025364732108789597,0.001487473163011328,0.005429754967499606,0.001735456514267607,0.005429754967499606,0.001735456514267607,0.022643666215519623,0.0063040532677486934,0.022643666215519623,0.0063040532677486934,0.03542554440698946,0.007569822734429023,0.03542554440698946,0.007569822734429023,0.8587474805268911,0.026100223164940678,0.8587474805268911,0.026100223164940678,0.00010374520178441747,0.00010374520178441747,0.00010374520178441747,0.00010374520178441747,0.006305739680298753,0.0028281301020403166,0.006305739680298753,0.0028281301020403166,0.003562038669924744,0.0016144613868980637,0.003562038669924744,0.0016144613868980637,0.03394210075763975,0.012233540659851778,0.03394210075763975,0.012233540659851778,0.01965026537589233,0.006913260764822521,0.01965026537589233,0.006913260764822521,0.003392686183873669,0.0015789147685004272,0.003392686183873669,0.0015789147685004272
AV9-4-CAVSGDYANKMIF-AJ47_BV3-CASSLGTGYEQYF-BJ2-7,VGPRYTNL,10,27,27,0,100.0,10,37.03703703703704,0.5185185185185185,0.0,2.0,14.0,0.83516208957484,0.83516208957484,0.0,0.8453682064895794,0.8453682064895794,0.0,0.9785613576689657,0.9785613576689657,0.0,0.0,0.0,0.0037314542766772605,0.0013374684753192753,0.0037314542766772605,0.0013374684753192753,0.0,0.0,0.0,0.0,0.002548965547068014,0.0016030387238992504,0.002548965547068014,0.0016030387238992504,0.010721482755086451,0.0034448059221671517,0.010721482755086451,0.0034448059221671517,0.030645618361671175,0.01285832778078742,0.030645618361671175,0.01285832778078742,0.03708163560072917,0.009224040809323965,0.03708163560072917,0.009224040809323965,0.025453774444971943,0.007650082954386837,0.025453774444971943,0.007650082954386837,0.0036361897960338506,0.002228566210286367,0.0036361897960338506,0.002228566210286367,0.0094330186551384,0.003605164505469134,0.0094330186551384,0.003605164505469134,0.010416855034684307,0.003759105650208242,0.010416855034684307,0.003759105650208242,0.8453682064895794,0.02011825750795451,0.8453682064895794,0.02011825750795451,0.01169780626082241,0.002938030672704201,0.01169780626082241,0.002938030672704201,0.009264992777537583,0.0037528455114846527,0.009264992777537583,0.0037528455114846527
AV16-CAMREGDTGYQNFYF-AJ49_BV1-CTCSAARINTEVFF-BJ1-1,RAYLFNSV,4,27,26,1,96.29629629629629,5,18.51851851851852,0.2962962962962963,0.0,4.0,8.0,0.9436416783220783,0.915622588293462,-0.028019090028616356,0.7355376653865319,0.7378660371321678,0.0023283717456359376,,,,2.5707617700376773e-05,0.015447389217073016,0.014726631393298061,0.009907836300236625,0.015293040293040294,0.010279686434878534,0.0,0.0,0.0,0.0,0.017275358114325307,0.007348890290290629,0.013132102657183974,0.006307677269236606,0.025467789172340403,0.009740233122793934,0.0245242426020458,0.010074741190151832,0.7355376653865319,0.04410781511063745,0.7378660371321678,0.04577427532966707,0.05479275310505919,0.0167694263725657,0.056900166686023004,0.017289137236217576,0.008246223232347192,0.003142029322135579,0.007601847202822083,0.003195887672812029,0.0,0.0,0.0,0.0,0.022430494260418543,0.008582155370374909,0.02329320557812695,0.008873660438750005,0.005379188712522045,0.003920330467138922,0.003663003663003663,0.0036630036630036626,0.04122975024454169,0.017312661435409125,0.04185397140779328,0.017980146868970988,0.024296862427998472,0.008778498569167072,0.023308280213690726,0.009064850893488349,0.013580246913580249,0.009458136423227225,0.014102564102564105,0.009814184209745969
AV16/DV11-CAMRADSNYQLIW-AJ33_BV3-CASSRGQISNERLFF-BJ1-4,RAYLFNSV,4,27,27,0,100.0,3,11.11111111111111,0.1111111111111111,0.0,1.0,3.0,0.7428617588410069,0.7428617588410069,0.0,0.8476760422910387,0.8476760422910387,0.0,0.9615852511447766,0.9615852511447766,0.0,0.0,0.0,0.008570583113015024,0.004448929100808637,0.008570583113015024,0.004448929100808637,0.0,0.0,0.0,0.0,0.00841112114824852,0.006424869881126703,0.00841112114824852,0.006424869881126703,0.005597635627804703,0.0021019495658616658,0.005597635627804703,0.0021019495658616658,0.8476760422910387,0.024745105856347527,0.8476760422910387,0.024745105856347527,0.02487582420581549,0.005364264240359052,0.02487582420581549,0.005364264240359052,0.02039280792324349,0.005948478847005189,0.02039280792324349,0.005948478847005189,0.0007262164124909223,0.0007262164124909225,0.0007262164124909223,0.0007262164124909225,0.0020061406691939667,0.0013100598275695263,0.0020061406691939667,0.0013100598275695263,0.008711808205204398,0.0028111383733727922,0.008711808205204398,0.0028111383733727922,0.02706785944814472,0.012795212475191031,0.02706785944814472,0.012795212475191031,0.018905051080589486,0.008814376717801827,0.018905051080589486,0.008814376717801827,0.027058909875210774,0.016269693209584633,0.027058909875210774,0.016269693209584633
AV4-4/DV10-CAAEGQGGSAKLIF-AJ57_BV12-2-CASSLDGAQDTQYF-BJ2-5,ATLVFHNL,0,26,24,2,92.3076923076923,11,42.30769230769231,0.7692307692307693,0.0,4.0,20.0,1.331655299794197,1.3263446170796387,-0.005310682714558368,0.6844111599443115,0.6942232010507818,0.009812041106470382,0.8330347843518204,0.8465349850250719,0.013500200673251417,0.00030890170165409625,0.04447160199061859,0.6623831879163394,0.040512624584673425,0.6703595646871454,0.0412242047615273,0.0,0.0,0.0,0.0,0.007502833245961487,0.003499541454575737,0.00812806934979161,0.003768299951402602,0.019632116948035603,0.006438174054235012,0.01849034891592746,0.006636744340616194,0.03484722835865351,0.008424394768798915,0.03682523812928205,0.008995082900492698,0.03756044430975629,0.01052480836388644,0.03976455540964339,0.011280264576489937,0.03722494675079206,0.013143989388494504,0.03940109972076548,0.014153177504226289,0.004284839828606407,0.003193470319773737,0.004641909814323607,0.003454959825901319,0.045153472639455336,0.017011369956829555,0.03410144721126179,0.01356655302990292,0.010625208125208126,0.004633323557201586,0.011510642135642136,0.004983558244771667,0.06838479846879711,0.023183434156614727,0.05834279093378947,0.022367382109208963,0.06921647344975114,0.028510954456114252,0.07498451290389707,0.030633058345483796,0.003184449958643507,0.0026138481404918957,0.003449820788530466,0.0028293748357839012
AV13D-2-CAIDNNAGAKLTF-AJ39_BV13-3-CASRDRYEQYF-BJ2-7,SNYLFTKL,6,26,26,0,100.0,2,7.6923076923076925,0.07692307692307693,0.0,1.0,2.0,0.6078392578264842,0.6078392578264842,0.0,0.8795527406894958,0.8795527406894958,0.0,0.897296509199135,0.897296509199135,0.0,0.0,0.0,0.006278126151006081,0.0041299047830899915,0.006278126151006081,0.0041299047830899915,0.0,0.0,0.0,0.0,0.0,0.0,0.0,0.0,0.005456758708722012,0.0018531670356018064,0.005456758708722012,0.0018531670356018064,0.03701288921083887,0.02868749505540027,0.03701288921083887,0.02868749505540027,0.03965570705027073,0.013258425552589152,0.03965570705027073,0.013258425552589152,0.850706586843342,0.04194325173693881,0.850706586843342,0.04194325173693881,0.0050657564767148215,0.002352945165290805,0.0050657564767148215,0.002352945165290805,0.0052219409161048886,0.002525647389112197,0.0052219409161048886,0.002525647389112197,0.002437612554669411,0.001458656902281137,0.002437612554669411,0.001458656902281137,0.039887052784826044,0.016409099662267668,0.039887052784826044,0.016409099662267668,0.003748009988140268,0.0015924880720803959,0.003748009988140268,0.0015924880720803959,0.0045295593153649415,0.002548669880449073,0.0045295593153649415,0.002548669880449073
AV13-4/DV7-CAMDPNSNNRIFF-AJ31_BV3-CASSLGVDTQYF-BJ2-5,VGPRYTNL,10,26,25,1,96.15384615384616,6,23.076923076923077,0.3076923076923077,0.0,3.0,8.0,0.7722336784811682,0.7429923923599343,-0.02924128612123389,0.819321821947599,0.825094694825503,0.005772872877904067,0.9142933862990531,0.9119918427664665,-0.002301543532586603,1.8796064534143397e-05,0.015273107665790046,0.0061910642873945635,0.003264070488015636,0.0034387068588903453,0.0018262644380994328,0.0,0.0,0.0,0.0,0.001282051282051282,0.0012820512820512818,0.0013333333333333333,0.0013333333333333335,0.009320615558251063,0.005548321664378649,0.009693440180581105,0.005761823902500933,0.011071620722108065,0.0051360167927563425,0.010514485550992388,0.005314190873309201,0.08405667214383337,0.024962239859599715,0.0834189390295867,0.025973042593365532,0.032766797024288925,0.015494370862183615,0.029077468905260483,0.015663218655461053,0.004748338081671415,0.004280884204970426,0.0049382716049382715,0.004451297870943196,0.005942405452209374,0.003850864258770096,0.006180101670297748,0.004000463812859004,0.016786699709146116,0.010153687599052061,0.017458167697511958,0.010545158975396662,0.8127906173031868,0.03789101581169276,0.8183022419953143,0.03901876038356001,0.009805473567066585,0.004603085572255066,0.010197692509749246,0.004773619295361289,0.005237644868792409,0.0035147629638742897,0.0054471506635441055,0.0036517764875975307
AV16-CAMREDSNYQLIW-AJ33_BV3-CASSSGQISNERLFF-BJ1-4,RAYLFNSV,4,25,22,3,88.0,11,44.0,0.68,0.0,3.0,17.0,0.6966459778995328,0.7239962249557096,0.027350247056176835,0.8519918096142597,0.8417391233410122,-0.010252686273247491,0.9658109911489663,0.9616465938926565,-0.004164397256309793,2.7345023209890407e-05,0.0225544712063159,0.006130952380952381,0.004568420963705172,0.006966991341991341,0.0051794923585231295,0.0,0.0,0.0,0.0,0.0010077153204219808,0.0007004558784297033,0.001145131045934069,0.0007935360670960405,0.009587255495059488,0.004962627842644397,0.009985517608022144,0.005598557985168088,0.8519918096142597,0.0271601111126502,0.8417391233410122,0.03014899606208648,0.05386105848623543,0.0175099811223652,0.058399424169141054,0.019704613789954976,0.027706063508977693,0.010823512776693396,0.029906622971431884,0.012237415928230725,0.002105263157894737,0.0021052631578947364,0.0023923444976076554,0.0023923444976076554,0.012425138187935591,0.006767302250197183,0.014119475213563172,0.007637841334407167,0.005712962962962963,0.00499540255026878,0.0064920033670033675,0.00567159747134633,0.019392009091312508,0.005558953910173433,0.018802242370097623,0.006315523180464331,0.009644989185291997,0.005088508193899894,0.010051124074195452,0.005743214083446662,0.00043478260869565214,0.0004347826086956521,0.0,0.0
AV3-1-CAVTASSGSWQLIF-AJ22_BV4-CASSYSTEVFF-BJ1-1,VIVRFLTV,11,25,25,0,100.0,5,20.0,0.2,0.0,1.0,5.0,0.48790753900702405,0.48790753900702405,0.0,0.9215853621845702,0.9215853621845702,0.0,0.995557999432084,0.995557999432084,0.0,0.0,0.0,0.0016511809879794545,0.000725963067137705,0.0016511809879794545,0.000725963067137705,0.0,0.0,0.0,0.0,0.002379472960344462,0.0010263868068473131,0.002379472960344462,0.0010263868068473131,0.0009267244416261536,0.0005989718732151621,0.0009267244416261536,0.0005989718732151621,0.010694941115114794,0.0036516703000603135,0.010694941115114794,0.0036516703000603135,0.024348458185966638,0.005805531191717378,0.024348458185966638,0.005805531191717378,0.013028831900203361,0.004010790746252572,0.013028831900203361,0.004010790746252572,0.0,0.0,0.0,0.0,0.003426624245901354,0.001803372177109858,0.003426624245901354,0.001803372177109858,0.002607875093762218,0.0018548243145482361,0.002607875093762218,0.0018548243145482361,0.014456587623031885,0.005078137244204774,0.014456587623031885,0.005078137244204774,0.9215853621845702,0.013474378943845783,0.9215853621845702,0.013474378943845783,0.0048939412614995015,0.004147846006705053,0.0048939412614995015,0.004147846006705053
AV13-1-CASPMDSNYQLIW-AJ33_BV31-CAWSLGQDTQYF-BJ2-5,RTYTYEKL,5,24,23,1,95.83333333333333,8,33.333333333333336,0.375,0.0,2.0,9.0,0.561048899996962,0.553445712233517,-0.00760318776344493,0.8967617822900428,0.8968985110297578,0.00013672873971504185,0.9804711066912031,0.9796704823072397,-0.0008006243839633331,1.2477719024683864e-06,0.0037707510980512942,0.006226579638220591,0.004306446741245173,0.006497300492056269,0.0044890404426554216,0.0,0.0,0.0,0.0,0.0005518763796909492,0.0005518763796909493,0.0005758710048949035,0.0005758710048949034,0.006854586065102243,0.002534719831394255,0.0071526115461936456,0.002629065254479116,0.021973888573037784,0.005534868027002064,0.022004205652531562,0.005780894389847305,0.8967617822900428,0.025466108040622548,0.8968985110297578,0.026598098988565386,0.024713725277465154,0.011295635022353097,0.024863165691934034,0.011796873458863422,0.002255390597384235,0.0013522598555580191,0.002353451058140071,0.0014086708872964348,0.012686445797757075,0.008576661163965067,0.013238030397659558,0.008939485717399082,0.001889645768967753,0.0010960723575405365,0.001046734900458488,0.0007317793115265573,0.015682036335784643,0.004864270249167287,0.01543879462235437,0.005074208422900496,0.007509575774847011,0.0038572499439481554,0.007836079069405578,0.004014307058337096,0.0028944675016997247,0.0013369984263728654,0.0020952445346135887,0.0011194840244938581
AV6N-6-CALSGANTGKLTF-AJ52_BV1-CTCSANRVDTLYF-BJ2-4,RAYLFNSV,4,24,24,0,100.0,6,25.0,0.2916666666666667,0.0,2.0,7.0,0.8837360011207368,0.8837360011207368,0.0,0.816446306646727,0.816446306646727,0.0,0.9520664209194558,0.9520664209194558,0.0,0.0,0.0,0.02076459606701542,0.005950260778771112,0.02076459606701542,0.005950260778771112,0.0,0.0,0.0,0.0,0.004152046783625731,0.002327328219852321,0.004152046783625731,0.002327328219852321,0.017960183268154285,0.009913383404666526,0.017960183268154285,0.009913383404666526,0.816446306646727,0.02548938324307078,0.816446306646727,0.02548938324307078,0.03999334693911419,0.013204154016534098,0.03999334693911419,0.013204154016534098,0.007269433958983921,0.0028656574890091034,0.007269433958983921,0.0028656574890091034,0.0034722222222222225,0.0024530959658151693,0.0034722222222222225,0.0024530959658151693,0.015821054073414418,0.00634587718583626,0.015821054073414418,0.00634587718583626,0.026421246515332536,0.02091970450891763,0.026421246515332536,0.02091970450891763,0.01903514349528201,0.005632234147914407,0.01903514349528201,0.005632234147914407,0.01831460208622434,0.006270547942003959,0.01831460208622434,0.006270547942003959,0.010349817943903966,0.0038074134166477427,0.010349817943903966,0.0038074134166477427
AV19-CAAGAAGYQNFYF-AJ49_BV17-CASSRLGGLAEQFF-BJ2-1,SNYLFTKL,6,24,22,2,91.66666666666667,6,25.0,0.3333333333333333,0.0,2.0,8.0,0.7049719479786308,0.703603715795162,-0.0013682321834688205,0.8766167418308789,0.8754767170739576,-0.0011400247569213207,0.9938852750387726,0.99359542357892,-0.0002898514598526081,4.682644716758055e-06,0.007190521285375716,0.004324334665802363,0.003252298570413139,0.004717455999057123,0.0035425522356269494,0.0,0.0,0.0,0.0,0.0036264546628236756,0.0020045353769164104,0.002727631130942781,0.0018838077768690118,0.005361003113196095,0.0022491895268534064,0.004766115950326477,0.0022866132543462145,0.01766345823887663,0.005232747811495555,0.01749960040005683,0.005696744897446314,0.05127234779303352,0.008217717402285713,0.05347646786267046,0.008645692399092231,0.8766167418308789,0.012708091959794133,0.8754767170739576,0.013446635498394947,0.000744047619047619,0.000744047619047619,0.0008116883116883116,0.0008116883116883115,0.004333783321186422,0.001981776377568132,0.00472776362311246,0.002145652684697013,0.0016847974822112753,0.0014473654600371023,0.001567398119122257,0.001567398119122257,0.020625217423993602,0.004441521873366633,0.020460047649621664,0.0048439105231678605,0.007847433151425892,0.0037488176359845044,0.007332334936690652,0.003981105151389534,0.005900380697523913,0.0034609142435157686,0.00643677894275336,0.003761233400700415
AV10N-CAASMDYANKMIF-AJ47_BV3-CASSWTYNSPLYF-BJ1-6,VGPRYTNL,10,24,24,0,100.0,8,33.333333333333336,0.3333333333333333,0.0,1.0,8.0,0.9649636909233296,0.9649636909233296,0.0,0.7944435274347695,0.7944435274347695,0.0,0.8904908305868979,0.8904908305868979,0.0,0.0,0.0,0.012755633182472534,0.004721575130519158,0.012755633182472534,0.004721575130519158,0.0,0.0,0.0,0.0,0.009571849557957018,0.006137045600423611,0.009571849557957018,0.006137045600423611,0.00795459442604246,0.0031686379719069622,0.00795459442604246,0.0031686379719069622,0.084654444929959,0.03944128277982052,0.084654444929959,0.03944128277982052,0.04884635513697235,0.008981072990629741,0.04884635513697235,0.008981072990629741,0.03550895549898513,0.012041018820885107,0.03550895549898513,0.012041018820885107,0.0052131117699069016,0.0025499965120226115,0.0052131117699069016,0.0025499965120226115,0.0017730496453900709,0.001226177437603058,0.0017730496453900709,0.001226177437603058,0.005986222093856637,0.0037125160298259823,0.005986222093856637,0.0037125160298259823,0.7639775776139809,0.03882619665227062,0.7639775776139809,0.03882619665227062,0.019536817776747067,0.006411500007194716,0.019536817776747067,0.006411500007194716,0.004221388367729831,0.0033199989323883937,0.004221388367729831,0.0033199989323883937
AV19-CAAGATGYQNFYF-AJ49_BV17-CASSRLGSSYEQYF-BJ2-7,SNYLFTKL,6,23,23,0,100.0,8,34.78260869565217,0.34782608695652173,0.0,1.0,8.0,1.130822695174349,1.130822695174349,0.0,0.7327560602955872,0.7327560602955872,0.0,0.8544928441185864,0.8544928441185864,0.0,0.0,0.0,0.002805049088359046,0.0028050490883590458,0.002805049088359046,0.0028050490883590458,0.0,0.0,0.0,0.0,0.0,0.0,0.0,0.0,0.022699867565408146,0.008001737495240531,0.022699867565408146,0.008001737495240531,0.028866318799611646,0.00858423645978479,0.028866318799611646,0.00858423645978479,0.10843154446324689,0.0320503794212079,0.10843154446324689,0.0320503794212079,0.7016335958119901,0.04168108731047897,0.7016335958119901,0.04168108731047897,0.0017645398080180688,0.0012286063795545745,0.0017645398080180688,0.0012286063795545745,0.01667601459661951,0.007762809423788144,0.01667601459661951,0.007762809423788144,0.014121144555927162,0.007699201351620286,0.014121144555927162,0.007699201351620286,0.0805789593303194,0.03001457396445429,0.0805789593303194,0.03001457396445429,0.013950982854574537,0.006148741652215182,0.013950982854574537,0.006148741652215182,0.008471983125925439,0.004216839249624529,0.008471983125925439,0.004216839249624529
AV13D-2-CAIDTNAYKVIF-AJ30_BV3-CASSLDWSSYEQYF-BJ2-7,VIVRFLTV,11,23,20,3,86.95652173913044,9,39.130434782608695,0.7391304347826086,0.0,7.0,17.0,0.9556513643619844,0.9030897736626677,-0.05256159069931665,0.8000785575274642,0.8122506199022282,0.012172062374764092,0.9302215229760098,0.9266664895585653,-0.003555033417444453,6.467343920624202e-05,0.03436513522725486,0.007156788966872974,0.0050133038575101785,0.00823030731190392,0.005744722832299439,0.0,0.0,0.0,0.0,0.005368459219159136,0.0023540364900221876,0.004090394768699672,0.0019167703631284795,0.004547245635579712,0.0020378686659204676,0.004336475338059526,0.0022254361310065475,0.040952547828357846,0.011348554325126122,0.03596738122212372,0.011779212682439325,0.05200464880245046,0.013107348463129375,0.05614680953745217,0.0145757537855629,0.02292370175490066,0.009029360992001762,0.020112257018135758,0.008829556945374083,0.005297232687022113,0.0035262913414518537,0.0024332810047095763,0.0019634797881611815,0.0023176924332611124,0.0010948910892082317,0.0026653462982502794,0.00124398934751186,0.0033487749065133667,0.0024779814367723806,0.002631578947368421,0.002631578947368421,0.06302605524149005,0.025507187403856917,0.06427003321412471,0.028847470158850724,0.7880998530021757,0.03667940847965967,0.7984751096981466,0.03926422767942591,0.004956999522216913,0.0036827058508889367,0.000641025641025641,0.0006410256410256409
AV14-2-CAASVGDSNNRIFF-AJ31_BV1-CTCSAVRVQDTQYF-BJ2-5,RAYLFNSV,4,22,21,1,95.45454545454545,6,27.272727272727273,0.3181818181818182,0.0,2.0,7.0,1.200268178785278,1.178162007336936,-0.022106171448341927,0.6908194244175626,0.6965047031313241,0.005685278713761455,0.7717471043527288,0.8380059932476146,0.06625888889488585,0.0009073314114707021,0.07318977150732917,0.008621300726563884,0.0052029451862177205,0.00903183885640026,0.005439881134750123,0.0,0.0,0.0,0.0,0.009090909090909092,0.009090909090909094,0.009523809523809525,0.009523809523809526,0.010537190082644627,0.008466273680235836,0.01103896103896104,0.008863894038720031,0.6421181257162639,0.0537825034994726,0.6726951793218002,0.04640432763247877,0.1157845799254162,0.03288981266514502,0.11449541026200065,0.034468617619509916,0.06041346933795446,0.027707309984068694,0.0360794168574489,0.013896179621471522,0.0034965034965034965,0.003496503496503497,0.003663003663003663,0.0036630036630036626,0.02541477661094886,0.014081767657244965,0.019822282980177717,0.013554416803265865,0.015316205533596838,0.011852314634130277,0.016045548654244308,0.01240725444563225,0.0758158626839717,0.0183714151067108,0.07942614185939892,0.018892386165553946,0.029894573298723495,0.0108333391414249,0.024515403319751147,0.009862471496511234,0.0034965034965034965,0.003496503496503497,0.003663003663003663,0.0036630036630036626
AV6-7/DV9-CALSDNNNAPRF-AJ43_BV1-CTCSADLGGWEQYF-BJ2-7,SVYVYKVL,8,22,21,1,95.45454545454545,5,22.727272727272727,0.9090909090909091,0.0,15.0,20.0,1.0997523355867396,1.0469217871181433,-0.05283054846859625,0.7892747170318587,0.8009793101824443,0.011704593150585585,0.8937228612051107,0.8913190499775014,-0.0024038112276092427,3.69868507849036e-05,0.02238523847644725,0.01012762285014607,0.004492713040573925,0.010609890604914931,0.004684770763379838,0.0,0.0,0.0,0.0,0.002457002457002457,0.0024570024570024574,0.0025740025740025744,0.0025740025740025744,0.06652592216794512,0.04508887230122046,0.06658823316144974,0.04728956306638325,0.03970285068979959,0.00845239949825817,0.03745267587792668,0.008545042285067084,0.06063907910541308,0.012404695666361772,0.06145626092616775,0.012981893440156211,0.018391729717660215,0.004398711875325611,0.01823232968351153,0.004610377812106981,0.003649118888353338,0.0017806310770796638,0.003822886454465402,0.0018586277336229307,0.7438201715773133,0.0425991904271286,0.7533602625633966,0.04354360409895372,0.0,0.0,0.0,0.0,0.020411110855678778,0.005464218253309878,0.017242281765990602,0.0046688139449078455,0.019374403397638518,0.00599191334956538,0.015121010598768303,0.00442638032888507,0.014900988293049516,0.004993504093009439,0.013540165789405912,0.005039004838708444
AV19-CAAGNQGGSAKLIF-AJ57_BV1-CTCSASGGTLYF-BJ2-4,VSFTYRYL,12,21,20,1,95.23809523809524,8,38.095238095238095,0.6190476190476191,0.0,5.0,13.0,1.9530606640684478,1.9000897027345922,-0.05297096133385559,0.4403633489813614,0.4536858642565165,0.0133225152751551,0.4898806899172042,0.4800995005682181,-0.009781189348986086,0.0003381367121816359,0.03436251665288931,0.03609053989488772,0.011964689054568062,0.03572115384615385,0.012572660607988255,0.0,0.0,0.0,0.0,0.026886358408097537,0.013309679935966589,0.023882850241545895,0.013631729419799487,0.0528484024602037,0.01938508470477142,0.0489690834527791,0.019967579319916176,0.1120979291010347,0.02825834397372684,0.10900717338217339,0.02953018607040278,0.1348693806768341,0.03371635113384654,0.13726502362371928,0.03535691535254182,0.057432402541098194,0.02268107711740028,0.0603040226681531,0.02365306945484464,0.009523809523809525,0.009523809523809526,0.01,0.010000000000000002,0.04888583638583639,0.021099219286381667,0.05133012820512821,0.022032574367508696,0.04168657429526995,0.018913792570617916,0.03942307692307693,0.019741448128585717,0.06341022101891666,0.01871256343505233,0.06440681902638425,0.019644877834035963,0.08241720322465663,0.022926479974815724,0.07784241121197641,0.023618224457088905,0.3338513424693549,0.05862881040303197,0.34184825741890956,0.06106128154388464
AV16N-CAMLTGYQNFYF-AJ49_BV1-CTCSADRGVNSPLYF-BJ1-6,RAYLFNSV,4,21,21,0,100.0,5,23.80952380952381,0.23809523809523808,0.0,1.0,5.0,1.093686356412148,1.093686356412148,0.0,0.6763446531056204,0.6763446531056204,0.0,,,,0.0,0.0,0.007869814592503669,0.00433352800980211,0.007869814592503669,0.00433352800980211,0.0,0.0,0.0,0.0,0.008092125739184563,0.005861649805596379,0.008092125739184563,0.005861649805596379,0.011021075096705349,0.006690795967768723,0.011021075096705349,0.006690795967768723,0.6498896266505939,0.05739144295737833,0.6498896266505939,0.05739144295737833,0.08425531043852892,0.029500456532163516,0.08425531043852892,0.029500456532163516,0.047729428471725385,0.02114274986462835,0.047729428471725385,0.02114274986462835,0.0011074197120708748,0.0011074197120708748,0.0011074197120708748,0.0011074197120708748,0.017771331869797343,0.007992583408309151,0.017771331869797343,0.007992583408309151,0.005291005291005291,0.005291005291005292,0.005291005291005291,0.005291005291005292,0.07459853867112423,0.02109737244709863,0.07459853867112423,0.02109737244709863,0.033862029660348986,0.014252999151506796,0.033862029660348986,0.014252999151506796,0.010893246187363833,0.007511037972734945,0.010893246187363833,0.007511037972734945
AV14D-1-CAATGANTGKLTF-AJ52_BV1-CTCSAAWGAEQYF-BJ2-7,VSFTYRYL,12,21,19,2,90.47619047619048,7,33.333333333333336,2.7142857142857144,0.0,50.0,57.0,1.8530569446798444,1.7784320927387807,-0.07462485194106372,0.45052330873870017,0.4572691403431179,0.006745831604417718,0.5120821431145143,0.5052264786889642,-0.006855664425550079,0.0022273022461475334,0.061405097588435154,0.010793206171357431,0.005929963881003061,0.0037593984962406013,0.0037593984962406,0.0,0.0,0.0,0.0,0.043954248366013075,0.02535704949058701,0.04651702786377709,0.02799187245596613,0.03375016673336001,0.013585606471900793,0.03523883237505529,0.01493727658885818,0.07108118101041587,0.02602381706759237,0.07004947870191475,0.02882778258439532,0.2235168921369718,0.044998880262699235,0.20636731146752332,0.04569948521228624,0.1206238050775866,0.03419061393391958,0.1240331220207381,0.03719277201191204,0.0024898848428260194,0.002489884842826019,0.0,0.0,0.027077497665732957,0.016604062218774092,0.026487788097695218,0.01822428030554645,0.022128851540616248,0.012198013885911721,0.022394220846233232,0.01343268510596394,0.15027543181015096,0.04196770052608914,0.15422599325972308,0.046226377179298124,0.04493575207860922,0.015115466909210366,0.04252788834832179,0.016607077751936147,0.24937308256635987,0.043676887774172626,0.2683989385227775,0.04586997002506284
AV6D-7-CALGDPQGGRALIF-AJ15_BV13-1-CASSDGVHYAEQFF-BJ2-1,VIVRFLTV,11,21,21,0,100.0,3,14.285714285714286,0.14285714285714285,0.0,1.0,3.0,0.47571596363444174,0.47571596363444174,0.0,0.9257016510287783,0.9257016510287783,0.0,0.9951710494691984,0.9951710494691984,0.0,0.0,0.0,0.0008503401360544217,0.0008503401360544216,0.0008503401360544217,0.0008503401360544216,0.0,0.0,0.0,0.0,0.0020486509210425738,0.0010484764936824398,0.0020486509210425738,0.0010484764936824398,0.011523690647256824,0.007869705677234653,0.011523690647256824,0.007869705677234653,0.012577964104566615,0.004953753609118102,0.012577964104566615,0.004953753609118102,0.015209450621780892,0.002948509804531711,0.015209450621780892,0.002948509804531711,0.015410540121380276,0.004306239285313694,0.015410540121380276,0.004306239285313694,0.0004506802721088435,0.00031115942965190453,0.0004506802721088435,0.00031115942965190453,0.001006521197866175,0.0006952243687307183,0.001006521197866175,0.0006952243687307183,0.0031065759637188208,0.001858165613956996,0.0031065759637188208,0.001858165613956996,0.010552025070713247,0.0025183567075319816,0.010552025070713247,0.0025183567075319816,0.9257016510287783,0.014079003066973505,0.9257016510287783,0.014079003066973505,0.0015619099147330389,0.0009115383946344129,0.0015619099147330389,0.0009115383946344129
AV6-2-CVLGDDYAQGLTF-AJ26_BV4-CASSWTGSYNSPLYF-BJ1-6,VGPRYTNL,10,21,19,2,90.47619047619048,5,23.80952380952381,0.38095238095238093,0.0,3.0,8.0,0.2853029303581799,0.3004389388350867,0.015136008476906826,0.9101086678672758,0.9027655413151711,-0.007343126552104784,,,,1.0502630480857533e-06,0.01004841228791022,0.0003377237419790611,0.00033772374197906115,0.0003732736095558044,0.0003732736095558043,0.0,0.0,0.0,0.0,0.0,0.0,0.0,0.0,0.004058534322138603,0.0016111360254123385,0.004485748461311088,0.0017553658543195748,0.014051899002836607,0.005131200262354481,0.014695624378239621,0.005632410694334571,0.010415342019118179,0.003956362536741446,0.01022799676310751,0.00428165329896823,0.008033527995882049,0.003162538830378669,0.00887916252176437,0.003444646569915235,0.001586865635204004,0.0014429797110867115,0.001753904123120215,0.0015939886775431858,0.0009141925644836688,0.00044082660237206874,0.0010104233607451077,0.00048295616307307527,0.0011805703908632037,0.000754784395400915,0.0013048409583224882,0.000831036958606187,0.9101086678672758,0.046123939215752856,0.9027655413151711,0.0508041144251189,0.0014059004567659353,0.0005619674323863459,0.0015538899785307704,0.0006124198877439101,0.00028772838440512156,0.00028772838440512146,0.0003180155827635554,0.00031801558276355535
AV14-2-CAASSSNNRIFF-AJ31_BV13-2-CASGGGWGTEVFF-BJ1-1,VSFTYRYL,12,21,19,2,90.47619047619048,3,14.285714285714286,0.6190476190476191,0.0,9.0,13.0,1.5189003288799174,1.466782651914873,-0.052117676965044435,0.6019058453588929,0.6135526292728507,0.011646783913957792,0.5511690886432729,0.5238479841248023,-0.027321104518470585,0.0008080493467790273,0.05546938228277651,0.008105369807497468,0.008105369807497468,0.0,0.0,0.0,0.0,0.0,0.0,0.018731352189998805,0.0096476022621828,0.020703073473156575,0.010584721311197141,0.037652333047069886,0.01512946218447426,0.03409693953322762,0.015617161152988298,0.10724565743362735,0.050719569421810516,0.11853467400558812,0.05554132135677655,0.11215130210091015,0.047487532165188265,0.11907748299715055,0.05232320770228275,0.045875316552008286,0.020860062058397338,0.04882459799357306,0.022966200771751804,0.10190782809563806,0.019805791390327687,0.09391796261602356,0.020912924751674954,0.008333333333333333,0.006299407883487121,0.009210526315789473,0.006948675227085463,0.0017006802721088435,0.0017006802721088433,0.0,0.0,0.09975136689862334,0.04756927821900661,0.10053306573389675,0.05253402445401191,0.027926191741981216,0.010855894396331335,0.03086579087271608,0.011818963121846791,0.43061926852720334,0.06264065702008254,0.42423588645887805,0.06916241891495876
AV16N-CAMREDQGGRALIF-AJ15_BV16-CASSLVGNQDTQYF-BJ2-5,VGPRYTNL,10,21,21,0,100.0,5,23.80952380952381,0.23809523809523808,0.0,1.0,5.0,1.0483333076312829,1.0483333076312829,0.0,0.750068776357019,0.750068776357019,0.0,0.9127678013038242,0.9127678013038242,0.0,0.0,0.0,0.04723193473193473,0.023517106395566124,0.04723193473193473,0.023517106395566124,0.0,0.0,0.0,0.0,0.0018315018315018315,0.0018315018315018317,0.0018315018315018315,0.0018315018315018317,0.020323473550828513,0.010649579184417939,0.020323473550828513,0.010649579184417939,0.03475434598534672,0.014069816599585944,0.03475434598534672,0.014069816599585944,0.04480111231418156,0.013200695110725942,0.04480111231418156,0.013200695110725942,0.024958507811756774,0.006139374282336797,0.024958507811756774,0.006139374282336797,0.0,0.0,0.0,0.0,0.0073048359605626095,0.0030526587498337387,0.0073048359605626095,0.0030526587498337387,0.012515262515262516,0.008962099057327961,0.012515262515262516,0.008962099057327961,0.750068776357019,0.030552529663359012,0.750068776357019,0.030552529663359012,0.015924344369986985,0.006931570359732603,0.015924344369986985,0.006931570359732603,0.04028590457161886,0.024209390272338864,0.04028590457161886,0.024209390272338864
AV7-1-CAATSSGQKLVF-AJ16_BV13-1-CASSDVGGRGTGQLYF-BJ2-2,SNYLFTKL,6,20,20,0,100.0,6,30.0,0.35,0.0,2.0,7.0,0.6240085916017286,0.6240085916017286,0.0,0.876862794507183,0.876862794507183,0.0,0.9498979070130603,0.9498979070130603,0.0,0.0,0.0,0.008146427218108068,0.00297051589650263,0.008146427218108068,0.00297051589650263,0.0,0.0,0.0,0.0,0.0036573842823842823,0.0021186071482963546,0.0036573842823842823,0.0021186071482963546,0.004166862138387998,0.002971542519330731,0.004166862138387998,0.002971542519330731,0.03761079550233118,0.026448588031129424,0.03761079550233118,0.026448588031129424,0.015190239985097656,0.005316044065595526,0.015190239985097656,0.005316044065595526,0.8706127945071829,0.032057919833653185,0.8706127945071829,0.032057919833653185,0.0052244610152593195,0.003985389667975808,0.0052244610152593195,0.003985389667975808,0.003302254686482874,0.002127006646458613,0.003302254686482874,0.002127006646458613,0.0046692855710827475,0.0023632410852659153,0.0046692855710827475,0.0023632410852659153,0.008758772358619384,0.0027751049485349906,0.008758772358619384,0.0027751049485349906,0.02093328429378812,0.012034814880308928,0.02093328429378812,0.012034814880308928,0.01772743844127557,0.011180888395202303,0.01772743844127557,0.011180888395202303
AV16N-CAMREDSNYQLIW-AJ33_BV3-CASSAGQISNERLFF-BJ1-4,RAYLFNSV,4,20,19,1,95.0,6,30.0,0.45,0.0,3.0,9.0,1.351939310126744,1.3826740421136796,0.03073473198693555,0.7132485929358343,0.7042967644938606,-0.00895182844197373,0.8821420658226944,0.8770126110278635,-0.0051294547948308455,4.324803707722591e-05,0.024585766935751766,0.025366166309113158,0.009811097595489267,0.026701227693803325,0.01024560865972043,0.0,0.0,0.0,0.0,0.013519954507857734,0.006166230513718636,0.011599952113534456,0.0061766576321311585,0.056624600291627226,0.03675445170570888,0.059604842412239185,0.03861502121497707,0.6862485929358342,0.039576363304579004,0.6758757118622816,0.04025877227594782,0.057835300958388826,0.011351699806191213,0.06000207118426895,0.011745741321769022,0.02126708051583343,0.008675785298146806,0.021509207560526412,0.009141518536251607,0.015906152670858553,0.007890549106470843,0.01674331860090374,0.008270423770359815,0.03805123334757805,0.013427070117299678,0.03917673685709971,0.01410356352860811,0.005678363732487443,0.003303191631099542,0.0059772249815657295,0.0034675891249565786,0.02972902818073282,0.011902715419279127,0.030416520891999463,0.012525617666043033,0.027531802738831924,0.007919803450857058,0.02898084498824413,0.008207284248331937,0.022241723810856616,0.008831460032592945,0.023412340853533282,0.009227034075457082
AV7-5-CAEISSNTNKVVF-AJ34_BV1-CTCSALRFSGNTLYF-BJ1-3,RAYLFNSV,4,20,18,2,90.0,5,25.0,0.35,0.0,2.0,7.0,0.926782631042055,0.9431310821623217,0.016348451120266616,0.7879114132504733,0.7813483972222067,-0.006563016028266588,0.9500513551095293,0.944917454864161,-0.005133900245368306,2.1017155983127367e-05,0.0189212289040474,0.007198340874811462,0.004328908971822588,0.007998156527568292,0.004784863519233233,0.0,0.0,0.0,0.0,0.0,0.0,0.0,0.0,0.008211538461538461,0.004363043121703435,0.009123931623931623,0.004811442032491477,0.7879114132504733,0.02851362792418728,0.7813483972222067,0.03137114849553894,0.08308145824076722,0.01875877094442206,0.08088756352071386,0.02070639671279262,0.012265793385358601,0.005123343329010707,0.013628659317065115,0.005612821797643702,0.0,0.0,0.0,0.0,0.01040282634032634,0.005593915002795248,0.011558695933695934,0.006170356635594852,0.0034239130434782607,0.0024499707611874808,0.0038043478260869562,0.0027145481005304605,0.06270533781342656,0.02050512606479622,0.06615299609765611,0.022692737236408335,0.012614193404634582,0.009232369583022846,0.01401577044959398,0.010232003331583726,0.012185185185185184,0.008550153142721372,0.011481481481481481,0.009394223345234393
AV8-1-CATDASSGSWQLIF-AJ22_BV13-2-CASGDEGTYNSPLYF-BJ1-6,VGPRYTNL,10,20,19,1,95.0,5,25.0,0.4,0.0,3.0,8.0,1.336738576970511,1.3216545145176684,-0.01508406245284255,0.6947656972306742,0.6966433176590829,0.0018776204284087772,0.9636645005101692,0.9619805621255543,-0.0016839383846148914,8.169994045514883e-06,0.009010384085845886,0.012119452298023727,0.004536162839415585,0.011561145959642201,0.004745180869778174,0.0,0.0,0.0,0.0,0.0016551383399209488,0.0011997065046566978,0.0011441647597254005,0.0011441647597254002,0.01674121521070949,0.006252858832148892,0.01762233180074683,0.006525324779447413,0.01689767673476144,0.005841574481210812,0.016590855893050323,0.006149060758506588,0.035018376365109335,0.00937862260795631,0.03566527655657442,0.009862391087400417,0.02130748077746864,0.004964512511964078,0.021830841009775597,0.005203895821474894,0.0013513513513513514,0.0013513513513513512,0.001422475106685633,0.001422475106685633,0.003511349822825233,0.0017620473942490003,0.003696157708237087,0.0018471169923451852,0.0035984848484848482,0.0022236018474905864,0.001993620414673046,0.001622349231224575,0.6947656972306742,0.023917387936438914,0.6966433176590829,0.025133333051037487,0.17558514441781942,0.020578385332344337,0.1740609175689965,0.02163193820359588,0.017448632602851268,0.00648023790660345,0.017768895562809944,0.006822423401520962
AV3-1-CAVTASSGSWQLIF-AJ22_BV4-CASSFSYEQYF-BJ2-7,VIVRFLTV,11,20,20,0,100.0,6,30.0,0.45,0.0,2.0,9.0,0.48161040156980733,0.48161040156980733,0.0,0.9287709039224932,0.9287709039224932,0.0,0.9975942013392243,0.9975942013392243,0.0,0.0,0.0,0.004692072053732863,0.002045680001743146,0.004692072053732863,0.002045680001743146,0.0,0.0,0.0,0.0,0.0018398069853116893,0.0008971289445359654,0.0018398069853116893,0.0008971289445359654,0.002867405702013466,0.0011247004903401614,0.002867405702013466,0.0011247004903401614,0.007912954889223162,0.0030413099314966817,0.007912954889223162,0.0030413099314966817,0.01719893994989171,0.004545632092590624,0.01719893994989171,0.004545632092590624,0.009418295328484304,0.002652695294606004,0.009418295328484304,0.002652695294606004,0.0009932426931531385,0.0007470206208703286,0.0009932426931531385,0.0007470206208703286,0.002931093591220817,0.001272076104154613,0.002931093591220817,0.001272076104154613,0.0035826326150630986,0.0017409835667516803,0.0035826326150630986,0.0017409835667516803,0.013739749348162463,0.004909204466461665,0.013739749348162463,0.004909204466461665,0.9287709039224932,0.011064123629855323,0.9287709039224932,0.011064123629855323,0.006052902921250188,0.003988203657166866,0.006052902921250188,0.003988203657166866
AV14-3-CAASDGSSGNKLIF-AJ32_BV1-CTCSAVRYAEQFF-BJ2-1,RAYLFNSV,4,20,20,0,100.0,4,20.0,0.2,0.0,1.0,4.0,0.7792128952241709,0.7792128952241709,0.0,0.8516349146508799,0.8516349146508799,0.0,0.9368587492846878,0.9368587492846878,0.0,0.0,0.0,0.0032344498742843753,0.0017469089245917668,0.0032344498742843753,0.0017469089245917668,0.0,0.0,0.0,0.0,0.004746835443037975,0.004746835443037976,0.004746835443037975,0.004746835443037976,0.008397567072371877,0.003892314287167426,0.008397567072371877,0.003892314287167426,0.8462001320421842,0.041336682858028155,0.8462001320421842,0.041336682858028155,0.03342137217455503,0.007088518668321235,0.03342137217455503,0.007088518668321235,0.04277546497316268,0.024989616987038,0.04277546497316268,0.024989616987038,0.006127920834797042,0.0036738705783179275,0.006127920834797042,0.0036738705783179275,0.009310678082436675,0.0032784752842464366,0.009310678082436675,0.0032784752842464366,0.0033948196064576596,0.0017305118049327532,0.0033948196064576596,0.0017305118049327532,0.021650278429121768,0.006732641973864376,0.021650278429121768,0.006732641973864376,0.014053215739388395,0.00598304682916549,0.014053215739388395,0.00598304682916549,0.006687265728202399,0.003315296867030951,0.006687265728202399,0.003315296867030951
AV4-4/DV10-CAAMDYANKMIF-AJ47_BV2-CASSQDRGYNNQAPLF-BJ1-5,INFDFPKL,3,20,17,3,85.0,7,35.0,0.65,0.0,4.0,13.0,1.4138116172595776,1.3684245863700506,-0.045387030889527,0.6371568595326084,0.6436485929141798,0.006491733381571385,0.9444829198690716,0.9429717371288964,-0.0015111827401752542,3.4459329276481654e-05,0.020875722258008152,0.0037324716020368195,0.0022870219658280484,0.0036068293357295915,0.002620108049018441,0.0,0.0,0.0,0.0,0.0,0.0,0.0,0.0,0.6371568595326084,0.022616165897749414,0.6436485929141798,0.02444626032175024,0.020702450828701306,0.006724526557097868,0.01767281796840677,0.007380383384305989,0.04013902125824286,0.009368960983088145,0.038300809323422974,0.009452658529557364,0.022542910776499496,0.00780808433256148,0.02049165973705823,0.008720774146264865,0.0006566773934030571,0.0005704114723469854,0.0007725616392977143,0.0006700481294930742,0.0036931818181818185,0.0031466734283425086,0.0006684491978609626,0.0006684491978609625,0.2103020677764152,0.021602533293613942,0.21334556993303747,0.023528657005041302,0.05217171361494407,0.01797039745511243,0.05180332320712375,0.02056844950519781,0.006433197442793348,0.004756804498049778,0.006784153854266684,0.005578930295416197,0.00246944795617362,0.0023779374182336757,0.0029052328896160234,0.0027965445159325946
AV8D-2-CATDNQGGRALIF-AJ15_BV14-CASSDRAEVFF-BJ1-1,INFDFPKL,3,19,19,0,100.0,8,42.10526315789474,0.5789473684210527,0.0,2.0,11.0,0.6168021550505752,0.6168021550505752,0.0,0.9016089717657522,0.9016089717657522,0.0,0.9942841826578251,0.9942841826578251,0.0,0.0,0.0,0.00852187029080609,0.004266302571839289,0.00852187029080609,0.004266302571839289,0.0,0.0,0.0,0.0,0.004658115222370434,0.002053903697677795,0.004658115222370434,0.002053903697677795,0.9016089717657522,0.01730928174384364,0.9016089717657522,0.01730928174384364,0.01847520988978736,0.004902018301337397,0.01847520988978736,0.004902018301337397,0.013782458600840278,0.004772783462811864,0.013782458600840278,0.004772783462811864,0.00979675847584694,0.0033711553171647136,0.00979675847584694,0.0033711553171647136,0.0008628682417113892,0.0006070948485906525,0.0008628682417113892,0.0006070948485906525,0.003679719000305447,0.0016265938153350896,0.003679719000305447,0.0016265938153350896,0.012297846586617235,0.008889600378848136,0.012297846586617235,0.008889600378848136,0.01375358954032855,0.004208927636286051,0.01375358954032855,0.004208927636286051,0.008734709267550546,0.0027723179643576535,0.008734709267550546,0.0027723179643576535,0.003827883118083606,0.002781304892219371,0.003827883118083606,0.002781304892219371
AV7-2-CAAPDTNAYKVIF-AJ30_BV4-CASSWTGRAEQFF-BJ2-1,RAYLFNSV,4,19,19,0,100.0,6,31.57894736842105,0.42105263157894735,0.0,2.0,8.0,0.3904364413112593,0.3904364413112593,0.0,0.9471318285546291,0.9471318285546291,0.0,0.9985678809758053,0.9985678809758053,0.0,0.0,0.0,0.0028343715392115257,0.0012655620730850086,0.0028343715392115257,0.0012655620730850086,0.0,0.0,0.0,0.0,0.0010382289840233931,0.0005209146187349909,0.0010382289840233931,0.0005209146187349909,0.002208486565912398,0.0007840645551460305,0.002208486565912398,0.0007840645551460305,0.9471318285546291,0.008192757528953999,0.9471318285546291,0.008192757528953999,0.013576733509335926,0.0025636944957203984,0.013576733509335926,0.0025636944957203984,0.014004954558917995,0.006021497040510449,0.014004954558917995,0.006021497040510449,0.0005781175637912309,0.0004058739678924245,0.0005781175637912309,0.0004058739678924245,0.0018555966057212227,0.000874266975722718,0.0018555966057212227,0.000874266975722718,0.002255829163545097,0.0012968202736364622,0.002255829163545097,0.0012968202736364622,0.007219947181410841,0.0017459794195204363,0.007219947181410841,0.0017459794195204363,0.004479207682426385,0.0013352341509591666,0.004479207682426385,0.0013352341509591666,0.0028166980910746178,0.0009424084656757707,0.0028166980910746178,0.0009424084656757707
AV3D-3-CAVSAGSNTNKVVF-AJ34_BV31-CAWSPWTGTEVFF-BJ1-1,INFDFPKL,3,19,18,1,94.73684210526316,4,21.05263157894737,0.2631578947368421,0.0,2.0,5.0,0.8961704735315594,0.9459577220610905,0.04978724852953109,0.8167451471214938,0.8065643219615769,-0.010180825159916917,0.9313933812585051,0.9280854308496602,-0.0033079504088449063,1.8425174742264794e-05,0.021116224928398354,0.004273842500989315,0.0030776314126570578,0.004511278195488721,0.0032439386795164536,0.0,0.0,0.0,0.0,0.0,0.0,0.0,0.0,0.8099539756444141,0.038401027833238066,0.7993958631802149,0.03903251947151885,0.022899421206014594,0.007428060679352774,0.0241716112730154,0.007736828427196367,0.03363349153853012,0.008243834063668718,0.03550201884622624,0.008488465217140511,0.02849999437402952,0.015831040778766164,0.03008332739480894,0.016652474228811748,0.0013850415512465374,0.001385041551246537,0.0014619883040935672,0.0014619883040935674,0.010584856065016753,0.004887652594463728,0.01117290362418435,0.005129634840198185,0.014839679817177154,0.006233936806172379,0.015664106473686996,0.006532558669223259,0.029985564078522774,0.00891733613946994,0.03165142874955182,0.009261342158228174,0.03618270838536667,0.025272778291797887,0.038192858851220375,0.02663343733876976,0.007761424838692476,0.003782090435858091,0.008192615107508724,0.003972311353568089
AV5-4-CAASVGGSAKLIF-AJ57_BV5-CASSHRDNNERLFF-BJ1-4,SNYLFTKL,6,18,18,0,100.0,4,22.22222222222222,0.2222222222222222,0.0,1.0,4.0,0.9996587546213971,0.9996587546213971,0.0,0.7573421595840067,0.7573421595840067,0.0,0.865191506062108,0.865191506062108,0.0,0.0,0.0,0.001736111111111111,0.0017361111111111112,0.001736111111111111,0.0017361111111111112,0.0,0.0,0.0,0.0,0.012163299663299662,0.007615382660191513,0.012163299663299662,0.007615382660191513,0.03279054916985952,0.017810121613621888,0.03279054916985952,0.017810121613621888,0.02612753276010933,0.008439623434168517,0.02612753276010933,0.008439623434168517,0.050994288484790005,0.015517862664362595,0.050994288484790005,0.015517862664362595,0.7573421595840067,0.05193758849819787,0.7573421595840067,0.05193758849819787,0.003472222222222222,0.0034722222222222225,0.003472222222222222,0.0034722222222222225,0.01847517730496454,0.013975561645247258,0.01847517730496454,0.013975561645247258,0.02131951700917218,0.014679409228965764,0.02131951700917218,0.014679409228965764,0.011895677792416922,0.004235901993079243,0.011895677792416922,0.004235901993079243,0.04997956357125556,0.026463473173941453,0.04997956357125556,0.026463473173941453,0.01370390132679201,0.006108025545932485,0.01370390132679201,0.006108025545932485
AV17-CALGNNAGAKLTF-AJ39_BV13-1-CASSILGGSYEQYF-BJ2-7,VIVRFLTV,11,18,15,3,83.33333333333333,8,44.44444444444444,0.6111111111111112,0.0,2.0,11.0,0.8012985767003243,0.8005356870015415,-0.0007628896987827982,0.8302571598925232,0.8447551606658384,0.0144980007733152,0.9588865949267603,0.9846977509999154,0.025811156073155095,0.0004354394602659184,0.05921354489110869,0.001736111111111111,0.0017361111111111112,0.0,0.0,0.0,0.0,0.0,0.0,0.005282712179263903,0.0037746264849353455,0.00404040404040404,0.00404040404040404,0.008099794941900206,0.005299028740188103,0.009719753930280246,0.006308046965573452,0.03045165103988634,0.012452132582397767,0.03654198124786359,0.014492810106785665,0.021663686524367638,0.007289095656595824,0.025996423829241166,0.00832910130934316,0.028563953108837685,0.0075589451486390655,0.026060059993265976,0.007201106345847809,0.004279775006113964,0.002953970527336363,0.0028368794326241132,0.0028368794326241132,0.003145489987595251,0.0021637993776172696,0.0037745879851143007,0.0025792964196694294,0.003703703703703704,0.0037037037037037034,0.0044444444444444444,0.0044444444444444444,0.0543364303409542,0.02587098029994303,0.031654865834432395,0.01023674730859682,0.8302571598925232,0.029501135479736672,0.8447551606658384,0.024902827199584157,0.008479532163742691,0.006123948147538907,0.010175438596491228,0.007308504453563354
AV16/DV11-CAMREGGGYKVVF-AJ12_BV13-2-CASGDIQAPLF-BJ1-5,SNYLFTKL,6,18,17,1,94.44444444444444,5,27.77777777777778,0.3333333333333333,0.0,2.0,6.0,0.6809127416030504,0.6855282071171485,0.004615465514098083,0.8634277160738707,0.8607416458963978,-0.00268607017747291,0.9463002480049957,0.9432736502955175,-0.003026597709478218,6.007575789945818e-06,0.010188295892905918,0.0033464170692431563,0.0020632554078746715,0.003543265132139813,0.002178430153353591,0.0,0.0,0.0,0.0,0.0076388888888888895,0.006938314287788969,0.008088235294117648,0.00734374424832286,0.02634500320822002,0.02205598569829494,0.027003443682143833,0.023383478813553404,0.017949794709191492,0.005846635889101197,0.016331868194758906,0.005959123101625351,0.03847996380339249,0.009016767623826251,0.03985222548879703,0.00945232092027976,0.8597240123701669,0.04147377799210498,0.8568200772689468,0.043881620293690186,0.001388888888888889,0.0013888888888888892,0.0014705882352941176,0.0014705882352941174,0.005422647527910686,0.0037894023289417175,0.0048503611971104236,0.003973168214654283,0.0016812865497076023,0.001402401990219871,0.0017801857585139319,0.0014837685381331898,0.026343529826310542,0.009539597001640315,0.027893149227858217,0.009983882736543853,0.0023659519234114166,0.00103596377695282,0.002505125565965029,0.0010888448465799893,0.009313615234667866,0.00742841389921598,0.009861474954354212,0.0078575651848274
AV1-CAVRDRTGNTGKLIF-AJ37_BV13-2-CASGDQGNSGNTLYF-BJ1-3,RTYTYEKL,5,18,17,1,94.44444444444444,6,33.333333333333336,0.5,0.0,3.0,9.0,0.7133347832241519,0.6856141792791288,-0.02772060394502307,0.8622844559668995,0.8694458627566853,0.007161406789785829,0.9016995426602133,0.8971079943266818,-0.004591548333531592,3.449191183213518e-05,0.016553320656243486,0.0016243247159973924,0.0008280441490996945,0.0017198732287031213,0.0008724067536993311,0.0,0.0,0.0,0.0,0.0002878526194588371,0.0002878526194588371,0.0003047851264858275,0.0003047851264858275,0.009796348096343145,0.004835570500857857,0.010372603866716271,0.005092347717444595,0.006657716578416129,0.0016888453091586672,0.0064134169176870304,0.0017724504713219045,0.836783545220087,0.04750972331637671,0.8424448984365309,0.05003262186341023,0.09179735096603715,0.020651528730937813,0.08575045428200434,0.020944229857995638,0.002391448782560449,0.0015293242630971197,0.0009422971211212388,0.0005183060720522324,0.032751695466723664,0.02896368902599619,0.034678265788295644,0.030652594668143206,0.00220954004330404,0.0013999460365726856,0.0020215479631804302,0.0014714181487657288,0.00511101246188357,0.002042895272120774,0.005093695229911698,0.002166739799127141,0.006755557726219211,0.0020126059958875207,0.006517013427125588,0.0021196437085177476,0.0038336073229693545,0.0014126011614030544,0.003741148612237822,0.0014950769567176167
AV7D-5-CAVSASNSAGNKLTF-AJ17_BV3-CASSLSTGNSDYTF-BJ1-2,RTYTYEKL,5,18,17,1,94.44444444444444,6,33.333333333333336,0.3888888888888889,0.0,2.0,7.0,1.11448222006827,1.0670290861553122,-0.0474531339129578,0.7272260197072428,0.74059225616061,0.013366236453367208,0.7598425599316635,0.8060148495437636,0.04617228961210007,0.0008501666085932724,0.07560258034555714,0.006688963210702341,0.004783604492055055,0.0070824316348613026,0.005056585938412307,0.0,0.0,0.0,0.0,0.0,0.0,0.0,0.0,0.04112332502677771,0.01788842311620494,0.04354234414599993,0.018799256144748495,0.028790175490486052,0.012478070543055858,0.026282034552951614,0.01296487206663876,0.6891307816120046,0.06984051724112128,0.7170628443959041,0.06789466055432206,0.05003038264307445,0.018566077221517308,0.05297334632796119,0.01944332691858262,0.028219696969696974,0.02226093344907377,0.02987967914438503,0.023545547760761166,0.021537286686743207,0.010503933890334737,0.02280418590361046,0.011059771369254283,0.020177211073950204,0.013946449212873448,0.021364105843006097,0.014738777671884865,0.04061437144534514,0.01479081621700914,0.034600090774062925,0.014332524425896831,0.020462394556597457,0.00855923962298289,0.017464384152363694,0.008503327649056851,0.053225411284621806,0.030698065196798956,0.02694455312489368,0.016827021835936002
AV16N-CAMRDTNAYKVIF-AJ30_BV13-2-CASGGANERLFF-BJ1-4,RAYLFNSV,4,18,18,0,100.0,7,38.888888888888886,0.5,0.0,2.0,9.0,1.4111284513625308,1.4111284513625308,0.0,0.5967494580996473,0.5967494580996473,0.0,0.8446625003823324,0.8446625003823324,0.0,0.0,0.0,0.0028499278499278503,0.001969255407156132,0.0028499278499278503,0.001969255407156132,0.0,0.0,0.0,0.0,0.009868290750643691,0.0049617280234664825,0.009868290750643691,0.0049617280234664825,0.006684491978609626,0.004132628563055126,0.006684491978609626,0.004132628563055126,0.47983394441942767,0.04211061165407516,0.47983394441942767,0.04211061165407516,0.3993701992945199,0.04705242971379404,0.3993701992945199,0.04705242971379404,0.02359547194514515,0.007022577229360044,0.02359547194514515,0.007022577229360044,0.004425204425204426,0.003731434712896351,0.004425204425204426,0.003731434712896351,0.0060793116348671905,0.005094580549632757,0.0060793116348671905,0.005094580549632757,0.004531024531024531,0.0026907282936181644,0.004531024531024531,0.0026907282936181644,0.023531914708385296,0.009666381390536747,0.023531914708385296,0.009666381390536747,0.016515607365280568,0.007409024106034403,0.016515607365280568,0.007409024106034403,0.022714611096964037,0.00853034876907084,0.022714611096964037,0.00853034876907084
AV16-CAMREANTGYQNFYF-AJ49_BV13-2-CASGEGAQNTLYF-BJ2-4,SVYVYKVL,8,18,17,1,94.44444444444444,7,38.888888888888886,0.5555555555555556,0.0,3.0,10.0,1.2033081219739334,1.1882686200185948,-0.015039501955338652,0.5983062502118714,0.6022507355184522,0.003944485306580758,0.8573198124706096,0.8507932377890985,-0.006526574681511077,4.829836621011996e-05,0.014917673281012555,0.005176376078015422,0.0032463186787133357,0.005480868788486918,0.0034280610842226723,0.0,0.0,0.0,0.0,0.010212418300653595,0.007499003166129829,0.010813148788927337,0.007928331652172733,0.0037878787878787876,0.002756086648140148,0.004010695187165775,0.0029137025023667604,0.00810229545099666,0.004058614018763056,0.00857890106576117,0.004275025636932989,0.025503812073956425,0.008898214144915253,0.022408448078306803,0.00884853399106918,0.4345329570252011,0.05072879001474661,0.43895401332080125,0.053601282142224115,0.0,0.0,0.0,0.0,0.4812938486353202,0.053905887027337555,0.4783552514962215,0.05709080894452652,0.004808096077937347,0.002921009187470057,0.005090925258992485,0.0030836407246275757,0.007027116402116402,0.0054706617144834584,0.0056022408963585435,0.005602240896358544,0.008354131239897568,0.003624282542816017,0.008845550724597424,0.00380863127583198,0.011201069928026343,0.005041367458206529,0.011859956394380833,0.0053013122226726545
AV16N-CAMRDPGTQVVGQLTF-AJ5_BV13-1-CASMGANTEVFF-BJ1-1,RTYTYEKL,5,18,18,0,100.0,5,27.77777777777778,0.3333333333333333,0.0,2.0,6.0,0.17108364284602393,0.17108364284602393,0.0,0.9735165103180736,0.9735165103180736,0.0,0.9990511486983283,0.9990511486983283,0.0,0.0,0.0,0.00042735042735042735,0.00042735042735042735,0.00042735042735042735,0.00042735042735042735,0.0,0.0,0.0,0.0,0.0009107468123861566,0.0009107468123861569,0.0009107468123861566,0.0009107468123861569,0.007011502091289324,0.0036264580229046616,0.007011502091289324,0.0036264580229046616,0.0,0.0,0.0,0.0,0.9735165103180736,0.006799900835338636,0.9735165103180736,0.006799900835338636,0.00751698933710956,0.003390848698326281,0.00751698933710956,0.003390848698326281,0.0,0.0,0.0,0.0,0.0017823639774859287,0.0013966261997334839,0.0017823639774859287,0.0013966261997334839,0.0020576131687242796,0.00205761316872428,0.0020576131687242796,0.00205761316872428,0.0012077294685990338,0.001207729468599034,0.0012077294685990338,0.001207729468599034,0.005569194398981633,0.00352936284080911,0.005569194398981633,0.00352936284080911,0.0,0.0,0.0,0.0
AV9-4-CAVSMDYANKMIF-AJ47_BV3-CASSLGTGYEQYF-BJ2-7,VGPRYTNL,10,18,18,0,100.0,3,16.666666666666668,0.2222222222222222,0.0,2.0,4.0,0.6993656437869604,0.6993656437869604,0.0,0.858952643550952,0.858952643550952,0.0,0.9608626302807839,0.9608626302807839,0.0,0.0,0.0,0.007388422980528244,0.0040937204753894564,0.007388422980528244,0.0040937204753894564,0.0,0.0,0.0,0.0,0.0023188405797101453,0.0015922641858080186,0.0023188405797101453,0.0015922641858080186,0.009175409930053894,0.006033641945010157,0.009175409930053894,0.006033641945010157,0.03418988396004145,0.015285876821564416,0.03418988396004145,0.015285876821564416,0.02752769555159962,0.013851281294777978,0.02752769555159962,0.013851281294777978,0.02564360007336855,0.0110612000223111,0.02564360007336855,0.0110612000223111,0.0023188405797101453,0.0015922641858080186,0.0023188405797101453,0.0015922641858080186,0.0041870166870166875,0.0025879945036691695,0.0041870166870166875,0.0025879945036691695,0.007123753009975919,0.003898366196111314,0.007123753009975919,0.003898366196111314,0.858952643550952,0.039816580233838716,0.858952643550952,0.039816580233838716,0.014777694266634007,0.007752027662010292,0.014777694266634007,0.007752027662010292,0.006396198830409356,0.004405851958106858,0.006396198830409356,0.004405851958106858
AV4-4/DV10-CAAEEATGGNNKLTF-AJ56_BV2-CASSQRVPNTGQLYF-BJ2-2,RTYTYEKL,5,18,17,1,94.44444444444444,2,11.11111111111111,0.16666666666666666,0.0,2.0,3.0,1.3878772915219895,1.4695171321997536,0.08163984067776409,0.5344780039684762,0.5070943571430925,-0.027383646825383745,0.3643767955380348,0.37487503189984894,0.010498236361814128,0.007851210258332464,0.09154355297604647,0.006332556332556333,0.005137070301965757,0.006705059646236117,0.005434342107349852,0.0,0.0,0.0,0.0,0.004273504273504274,0.004273504273504274,0.004524886877828055,0.004524886877828056,0.07706452389550981,0.05632960212595004,0.08159773118348097,0.05955277802731906,0.21657199495503832,0.06292614702388064,0.22931152407004057,0.06536114996195318,0.22187979970360527,0.07339910794115025,0.17610802321558205,0.06085984073383657,0.15240359536134185,0.042805535063558,0.16136851273553843,0.04439523735289897,0.007309745855727628,0.004885526989673302,0.007739730906064547,0.005161775147778828,0.02574995810289928,0.015654876212521453,0.027264661520716885,0.016526597521377456,0.003418803418803419,0.003418803418803419,0.0036199095022624436,0.003619909502262444,0.07219499536539027,0.027562199291149423,0.07644175979864853,0.028885027251417495,0.06706758061356238,0.0338154165182836,0.07101273241436017,0.03562173413830912,0.14573294212206114,0.04948290406670508,0.15430546812924123,0.051690940132893
AV12-2-CALSGNTNKVVF-AJ34_BV1-CTCSAVRVSAETLYF-BJ2-3,RAYLFNSV,4,17,16,1,94.11764705882354,8,47.05882352941177,0.7647058823529411,0.0,3.0,13.0,1.3633748293562562,1.4234658953164647,0.06009106596020852,0.709393469707727,0.6942305615644598,-0.01516290814326715,0.8183415607076572,0.8094487694684431,-0.008892791239214048,0.00010189088368939281,0.03473758099241646,0.026987391793321703,0.017822159423264167,0.02817410378040431,0.018931029871360743,0.0,0.0,0.0,0.0,0.007643984302671033,0.003828221263120357,0.008121733321587972,0.004043592268792872,0.06979968869010875,0.03503085716305979,0.07416216923324054,0.03700288744636145,0.6740993520606681,0.06384185176756861,0.6567305615644599,0.06540123424665496,0.06412662396816017,0.015681720353228495,0.0676345379661702,0.0162714170137499,0.023686325870846753,0.009936033100121373,0.024666721237774678,0.010526097212011153,0.015898395721925133,0.009921808814697423,0.016392045454545454,0.01054949035624361,0.01643632815643357,0.007538159278687096,0.016963598666210666,0.008005327930182448,0.0159543148164731,0.006092554851618094,0.01695145949250267,0.0063985610932234755,0.034303560982328264,0.007731685429001226,0.03594753354372378,0.008042791117669477,0.038045351361519424,0.014714824447676153,0.04042318582161439,0.015459243945953103,0.013018682275543987,0.004964855915067412,0.013832349917765486,0.005214029579455074
AV6-7/DV9-CALSDRGFASALTF-AJ35_BV3-CASSSGQISNERLFF-BJ1-4,RAYLFNSV,4,17,17,0,100.0,5,29.41176470588235,0.29411764705882354,0.0,1.0,5.0,0.5872105105709747,0.5872105105709747,0.0,0.8715240181101103,0.8715240181101103,0.0,0.9469160609709516,0.9469160609709516,0.0,0.0,0.0,0.0,0.0,0.0,0.0,0.0,0.0,0.0,0.0,0.0004985044865403788,0.0004985044865403788,0.0004985044865403788,0.0004985044865403788,0.0012477407163982912,0.0009565641447673403,0.0012477407163982912,0.0009565641447673403,0.8715240181101103,0.03700154670610265,0.8715240181101103,0.03700154670610265,0.05038089961571512,0.022885443460099276,0.05038089961571512,0.022885443460099276,0.010348564390301313,0.003967731860896563,0.010348564390301313,0.003967731860896563,0.0004985044865403788,0.0004985044865403788,0.0004985044865403788,0.0004985044865403788,0.0032001533278951024,0.001974223629094747,0.0032001533278951024,0.001974223629094747,0.006877828054298644,0.004967905429389451,0.006877828054298644,0.004967905429389451,0.04716850145783528,0.01886910694084358,0.04716850145783528,0.01886910694084358,0.008255285354365208,0.0051865879695565725,0.008255285354365208,0.0051865879695565725,0.0,0.0,0.0,0.0
AV16/DV11-CAMRDTNAYKVIF-AJ30_BV13-2-CASGGQNQAPLF-BJ1-5,RTYTYEKL,5,17,12,5,70.58823529411765,7,41.1764705882353,0.9411764705882353,0.0,4.0,16.0,0.5675583459850131,0.4519108604636109,-0.1156474855214022,0.8414818024195468,0.8441258793604306,0.002644076940883755,,,,0.00017734464082552748,0.040318668469290955,0.008791087469538106,0.007132240444726936,0.01245404058184565,0.01003361978194474,0.0,0.0,0.0,0.0,0.002076527232071496,0.0009042026941389043,0.002285578933098661,0.0011381779612964884,0.006865412695338743,0.002583618823988465,0.004145642721781923,0.0017577427128043976,0.021064976669423842,0.008104843852624171,0.010098081228521207,0.0029760480554316283,0.8414818024195468,0.05691404942558219,0.8441258793604306,0.07868290573511749,0.03361379055533826,0.01401016842994634,0.026769414207494735,0.011601567277686103,0.0005411862216913287,0.00037486202890131906,0.0,0.0,0.00375615220888958,0.0019557473422779255,0.001976875607246861,0.0009952691851863207,0.003223698660005158,0.002065486703493706,0.004128309943779236,0.002893131655709128,0.012346736988858364,0.005814181969969476,0.005132595130361388,0.002063224783542276,0.004679322151842329,0.002109024787494957,0.002330732400546619,0.0013030503526352403,0.002735777315691191,0.0017310316863205378,0.0032195165515598954,0.002393002080069805
AV7D-3-CAVTGNYKYVF-AJ40_BV13-2-CASGDQGASGNTLYF-BJ1-3,RTYTYEKL,5,17,16,1,94.11764705882354,2,11.764705882352942,0.17647058823529413,0.0,2.0,3.0,0.271364937818061,0.2593011526616133,-0.012063785156447682,0.9619811310487781,0.9631969057623153,0.0012157747135371766,0.8826642807805031,0.8753664305432773,-0.007297850237225734,7.3587735712754565e-06,0.0076788471434962695,0.0,0.0,0.0,0.0,0.0,0.0,0.0,0.0,0.0029411764705882353,0.002941176470588235,0.003125,0.003125,0.005476081595531535,0.003205312708391528,0.005638738994102831,0.003407919464986678,0.05567136950050279,0.04970467794893555,0.05879163469198536,0.05281030343750342,0.9119811310487781,0.05737179170021933,0.9100719057623152,0.061043107614690936,0.0086429040028984,0.00300263434202895,0.009003487801930124,0.0031734152934310067,0.0015354686165194966,0.0012132647042111964,0.00037425149700598805,0.000374251497005988,0.002163813104932603,0.0012272460056059421,0.002119453722841466,0.0013056493929442658,0.00019349845201238389,0.00019349845201238389,0.00020559210526315788,0.00020559210526315788,0.006565336876604355,0.0024840182590339264,0.006077681925645001,0.0025929798703463306,0.0014752824115094648,0.0007340688464076579,0.001387889861079381,0.0007759180982434128,0.0033539379201225697,0.002465130557888857,0.0032043636378313797,0.0026194965855515897
AV16/DV11-CAMREDSNYQLIW-AJ33_BV3-CASSLGQISNERLFF-BJ1-4,RAYLFNSV,4,17,17,0,100.0,7,41.1764705882353,0.4117647058823529,0.0,1.0,7.0,0.8610839216881968,0.8610839216881968,0.0,0.8156954025297456,0.8156954025297456,0.0,0.9597358543351912,0.9597358543351912,0.0,0.0,0.0,0.006756409814267705,0.004260889095301084,0.006756409814267705,0.004260889095301084,0.0,0.0,0.0,0.0,0.0007446016381236039,0.0007446016381236039,0.0007446016381236039,0.0007446016381236039,0.006611310484396278,0.003467224570261656,0.006611310484396278,0.003467224570261656,0.8156954025297456,0.03327627072759895,0.8156954025297456,0.03327627072759895,0.06980681102402511,0.015354945035356758,0.06980681102402511,0.015354945035356758,0.03296377333181305,0.018625229622083395,0.03296377333181305,0.018625229622083395,0.0035650623885918006,0.0035650623885918006,0.0035650623885918006,0.0035650623885918006,0.005242738806752648,0.003792026262956067,0.005242738806752648,0.003792026262956067,0.007685881370091896,0.006189041210111882,0.007685881370091896,0.006189041210111882,0.018643083839845084,0.007113641406689245,0.018643083839845084,0.007113641406689245,0.02993654355939684,0.014057002657841685,0.02993654355939684,0.014057002657841685,0.0023483812129502964,0.0016324573872403246,0.0023483812129502964,0.0016324573872403246
AV6-6-CALGDHSNYQLIW-AJ33_BV4-CASSSPYEQYF-BJ2-7,VGPRYTNL,10,17,17,0,100.0,6,35.294117647058826,0.5294117647058824,0.0,2.0,9.0,1.462099184655308,1.462099184655308,0.0,0.6079370363833572,0.6079370363833572,0.0,0.9065007792713341,0.9065007792713341,0.0,0.0,0.0,0.012290705413542782,0.005114904264521741,0.012290705413542782,0.005114904264521741,0.0,0.0,0.0,0.0,0.028569880040468277,0.02046691670558566,0.028569880040468277,0.02046691670558566,0.03354345528102475,0.019176340443529435,0.03354345528102475,0.019176340443529435,0.01878624226919781,0.008063601961573415,0.01878624226919781,0.008063601961573415,0.039001884014977596,0.012747871623647199,0.039001884014977596,0.012747871623647199,0.02076983929439057,0.005688209857733048,0.02076983929439057,0.005688209857733048,0.0,0.0,0.0,0.0,0.014226949521067168,0.008368075484581074,0.014226949521067168,0.008368075484581074,0.007341309340478712,0.004752136371946673,0.007341309340478712,0.004752136371946673,0.6079370363833572,0.03134722820482627,0.6079370363833572,0.03134722820482627,0.21129891047396107,0.029718585979767485,0.21129891047396107,0.029718585979767485,0.006233787967534097,0.0048136315550209195,0.006233787967534097,0.0048136315550209195
AV9-4-CAVIDTEGADRLTF-AJ45_BV1-CTCSAVRVQNTLYF-BJ2-4,RAYLFNSV,4,17,17,0,100.0,7,41.1764705882353,0.47058823529411764,0.0,2.0,8.0,1.028679830701186,1.028679830701186,0.0,0.7243669171671465,0.7243669171671465,0.0,0.6285909315237402,0.6285909315237402,0.0,0.0,0.0,0.015637355420637156,0.011409946984117677,0.015637355420637156,0.011409946984117677,0.0,0.0,0.0,0.0,0.015151515151515152,0.010870152333021806,0.015151515151515152,0.010870152333021806,0.04487576407081051,0.025405763918796554,0.04487576407081051,0.025405763918796554,0.6273080936377347,0.08166168059311851,0.6273080936377347,0.08166168059311851,0.08850700050640128,0.029625538695608192,0.08850700050640128,0.029625538695608192,0.0846233230134159,0.060437358802125064,0.0846233230134159,0.060437358802125064,0.001547987616099071,0.001547987616099071,0.001547987616099071,0.001547987616099071,0.009577652571326013,0.0050810560895512905,0.009577652571326013,0.0050810560895512905,0.010249554367201427,0.007024903195380769,0.010249554367201427,0.007024903195380769,0.02429764231400365,0.00833285378311972,0.02429764231400365,0.00833285378311972,0.05229419703103914,0.02708583196853719,0.05229419703103914,0.02708583196853719,0.02592991429981604,0.02344207762654182,0.02592991429981604,0.02344207762654182
AV8N-2-CATDSRGGRALIF-AJ15_BV3-CASSAGLGAEQYF-BJ2-7,VGPRYTNL,10,17,16,1,94.11764705882354,5,29.41176470588235,0.35294117647058826,0.0,2.0,6.0,1.6759468658627839,1.6986069080432535,0.022660042180469686,0.5353872261591015,0.526235291430409,-0.009151934728692468,0.680130882760351,0.6654375696751912,-0.014693313085159865,0.0002478451349250399,0.03144998609392134,0.20046043327876376,0.026529189682339183,0.198784664904141,0.028186078117224803,0.0,0.0,0.0,0.0,0.0021786492374727667,0.0021786492374727667,0.0023148148148148147,0.002314814814814815,0.018989370012387912,0.008404183443451034,0.018755751092707613,0.00894347906345268,0.11038860809520319,0.05720424479137043,0.11586744155569885,0.06061860886068686,0.06267865721347755,0.018014848712302366,0.06375516419841082,0.01914399891394175,0.060705748565796365,0.02079698853906742,0.06449985785115864,0.02176852611673116,0.01081543728602552,0.008835679544822488,0.011491402116402115,0.009378731888825568,0.02478966993033489,0.015288835867191675,0.026339024300980823,0.01619241809106447,0.0,0.0,0.0,0.0,0.46076848977565926,0.05742052204533512,0.44695288402300165,0.059333055218813255,0.035153041180042144,0.015822205274055208,0.03735010625379478,0.0166808401897359,0.0130718954248366,0.008949714991914479,0.013888888888888888,0.009487917375888517
AV9-4-CAVSAAEGADRLTF-AJ45_BV16-CASSWGQDTQYF-BJ2-5,VGPRYTNL,10,17,16,1,94.11764705882354,3,17.647058823529413,0.23529411764705882,0.0,2.0,4.0,0.8153853895209026,0.8663469763659588,0.05096158684505625,0.7876697116598773,0.7743990686386197,-0.013270643021257578,0.8307425770851815,0.823279821399016,-0.007462755686165501,0.0001268752324885547,0.031180641784812068,0.0,0.0,0.0,0.0,0.0,0.0,0.0,0.0,0.0,0.0,0.0,0.0,0.01970970206264324,0.015183227283206605,0.020941558441558438,0.01611049275083168,0.019849758085052203,0.009204895002355653,0.021090367965367965,0.009709949005006274,0.1377317047468204,0.05229774622749007,0.14633993629349665,0.05491581094240765,0.03431941760661484,0.01126649798235344,0.03646438120702827,0.011774726705866496,0.0008403361344537815,0.0008403361344537815,0.0008928571428571428,0.0008928571428571428,0.012383900928792569,0.012383900928792569,0.013157894736842105,0.013157894736842105,0.017310924369747897,0.013176406276639486,0.01839285714285714,0.013979987518607025,0.750554865721502,0.060349379349367904,0.734964544829096,0.06206599777631185,0.007299390344373043,0.004658308646339789,0.007755602240896359,0.004935308653303518,0.0,0.0,0.0,0.0
AV16N-CAMREDSNYQLIW-AJ33_BV3-CASSLRQISNERLFF-BJ1-4,RAYLFNSV,4,17,16,1,94.11764705882354,5,29.41176470588235,0.4117647058823529,0.0,3.0,7.0,0.517123773158817,0.5284372700885899,0.011313496929772904,0.8891498005741277,0.8850999525836949,-0.004049847990432842,0.9473470105227975,0.9441376934904556,-0.0032093170323418407,4.33913467479119e-06,0.008922164084581751,0.0012254901960784314,0.0012254901960784314,0.0013020833333333333,0.0013020833333333333,0.0,0.0,0.0,0.0,0.0,0.0,0.0,0.0,0.001998704397149674,0.0017341617844597605,0.0021236234219715283,0.0018413601791901861,0.8891498005741277,0.03656517673389837,0.8850999525836949,0.03868710808025966,0.019214696093971608,0.0065240127560494115,0.019182061968265888,0.006945255055234437,0.02136745196240075,0.007973021155333082,0.02229173349952448,0.008430702183961736,0.0,0.0,0.0,0.0,0.0009970089730807576,0.0009970089730807576,0.001059322033898305,0.001059322033898305,0.0196078431372549,0.0196078431372549,0.020833333333333332,0.020833333333333332,0.013679243286825864,0.004916915416138248,0.013300643360673534,0.0052189157762341275,0.029364268823799437,0.01976999250523548,0.0311995356252869,0.02095588189540942,0.0033954925553108944,0.0020720274859667392,0.0036077108400178253,0.002194241587094742
AV4-3-CAAEASTGNYKYVF-AJ40_BV3-CASSLVQVTEVFF-BJ1-1,VIVRFLTV,11,17,14,3,82.3529411764706,6,35.294117647058826,0.7058823529411765,0.0,5.0,12.0,1.521630111999853,1.5434803375872903,0.021850225587437322,0.6052591079122241,0.5834161953334885,-0.021842912578735607,0.7765912833232537,0.752900459198795,-0.023690824124458665,0.0017585345053744428,0.08102378674768736,0.0023529411764705885,0.0023529411764705885,0.002857142857142857,0.0028571428571428567,0.0,0.0,0.0,0.0,0.0023529411764705885,0.0023529411764705885,0.002857142857142857,0.0028571428571428567,0.03135868488809665,0.01688837823092989,0.03543290043290043,0.02034695533970609,0.0648524407994054,0.017107051974481136,0.0619562016930438,0.019308242085980688,0.15414463295537464,0.04289525367838496,0.17831894296180015,0.04974165110202049,0.08054295975483215,0.024333750144175707,0.09172038487827962,0.02870256006178514,0.002557544757033248,0.002557544757033248,0.0,0.0,0.007997936016511867,0.005631805973411525,0.0037593984962406013,0.003759398496240602,0.0045315904139433556,0.0031051675465873776,0.002857142857142857,0.0028571428571428567,0.0636334551814428,0.014026078363390865,0.0637109945192652,0.01516144326857725,0.5715336177161456,0.0565741415699914,0.5424638143811076,0.06522798455746802,0.014141255164273068,0.006754068020350341,0.014065934065934066,0.007826151127369167
AV7-2-CAAMSNYNVLYF-AJ21_BV31-CAWKTGGLNYAEQFF-BJ2-1,RTYTYEKL,5,17,16,1,94.11764705882354,8,47.05882352941177,1.0588235294117647,0.0,9.0,18.0,0.8353483036644792,0.7984383243808131,-0.03690997928366613,0.8628803299251964,0.8692439788641053,0.00636364893890895,0.9932469450375019,0.9934100935031033,0.00016314846560139262,1.371829080021314e-05,0.014779908204765596,0.005184070411935379,0.002314399975811991,0.005508074812681341,0.0024396032838381533,0.0,0.0,0.0,0.0,0.0017122916717682225,0.0010955233577799282,0.0018193099012537364,0.0011606956230923566,0.01806537747090332,0.0071714412617518855,0.018088268872569292,0.007634543329832214,0.015872333096501465,0.006877909594280371,0.016311256569900068,0.00730716895346432,0.8628803299251964,0.017503340781702834,0.8692439788641053,0.017358581896661722,0.017031016208188643,0.004497712252215814,0.016436162685802204,0.004746118424149878,0.002135482530845666,0.0011352020338698614,0.0022689501890235204,0.001200133067974476,0.017895229134398477,0.007133110345136212,0.014035804849103693,0.006386255165031765,0.008499722595119214,0.003438573341601702,0.00847785791218142,0.003660566855380341,0.02786468113617732,0.005044356841235251,0.026840736981524692,0.005258328398948236,0.012337107613166566,0.003766904612157874,0.0108957874584585,0.0037050131054053963,0.01052235820579928,0.004921303465846692,0.01007381090339625,0.005217320915615904
AV19-CAAGVDSNYQLIW-AJ33_BV1-CTCSAGTQNTGQLYF-BJ2-2,RAYLFNSV,4,16,16,0,100.0,3,18.75,0.1875,0.0,1.0,3.0,0.6967275872432812,0.6967275872432812,0.0,0.8520725830249214,0.8520725830249214,0.0,0.9668918526453925,0.9668918526453925,0.0,0.0,0.0,0.008630952380952382,0.005900067738571134,0.008630952380952382,0.005900067738571134,0.0,0.0,0.0,0.0,0.002717391304347826,0.002717391304347826,0.002717391304347826,0.002717391304347826,0.00946969696969697,0.008335054918587385,0.00946969696969697,0.008335054918587385,0.8520725830249214,0.03697526371155674,0.8520725830249214,0.03697526371155674,0.04177239974937343,0.014674891025126938,0.04177239974937343,0.014674891025126938,0.03268527782794087,0.010264279558939724,0.03268527782794087,0.010264279558939724,0.0,0.0,0.0,0.0,0.00390625,0.00390625,0.00390625,0.00390625,0.007386363636363637,0.006277487763196348,0.007386363636363637,0.006277487763196348,0.01732303849902534,0.011989000620283248,0.01732303849902534,0.011989000620283248,0.01664968297101449,0.01002281112321839,0.01664968297101449,0.01002281112321839,0.007386363636363637,0.006277487763196348,0.007386363636363637,0.006277487763196348
AV6D-7-CALGDHMGYKLTF-AJ9_BV19-CASRGFAEQFF-BJ2-1,VIVRFLTV,11,16,16,0,100.0,4,25.0,0.3125,0.0,2.0,5.0,0.7785582516230486,0.7785582516230486,0.0,0.8703025746407604,0.8703025746407604,0.0,0.9899361764710157,0.9899361764710157,0.0,0.0,0.0,0.0002232142857142857,0.0002232142857142857,0.0002232142857142857,0.0002232142857142857,0.0,0.0,0.0,0.0,0.012354704488197036,0.004260458991224742,0.012354704488197036,0.004260458991224742,0.01337544782848612,0.006394174719484755,0.01337544782848612,0.006394174719484755,0.021322759924957878,0.005871669478872159,0.021322759924957878,0.005871669478872159,0.034276701411680405,0.011801682498673846,0.034276701411680405,0.011801682498673846,0.01512396168309241,0.0035011894065893807,0.01512396168309241,0.0035011894065893807,0.0007352941176470588,0.0007352941176470588,0.0007352941176470588,0.0007352941176470588,0.00806315509571812,0.0027643536894226286,0.00806315509571812,0.0027643536894226286,0.001488095238095238,0.001488095238095238,0.001488095238095238,0.001488095238095238,0.014901372647478166,0.004554048110862801,0.014901372647478166,0.004554048110862801,0.8703025746407604,0.025701727080891416,0.8703025746407604,0.025701727080891416,0.007832718638172895,0.00285861840015282,0.007832718638172895,0.00285861840015282
AV19-CAAGFGGNNKLTF-AJ56_BV1-CTCSAAGGEQYF-BJ2-7,SNYLFTKL,6,16,15,1,93.75,5,31.25,0.4375,0.0,3.0,7.0,1.3583289420259728,1.3614573456662749,0.003128403640302091,0.6566115349542012,0.6489236489803877,-0.007687885973813535,0.8108569821344125,0.7999640539265693,-0.010892928207843156,5.4576962618124725e-05,0.0227204831574699,0.014544700091575092,0.009901178893894769,0.015514346764346765,0.01053392499465499,0.0,0.0,0.0,0.0,0.0039692540322580645,0.0027119070666577613,0.004233870967741935,0.0028853160887784748,0.020318018056504898,0.00865371654192479,0.018163780663780663,0.008959979033379261,0.05523900515484349,0.023703942202422994,0.058921605498499716,0.0250329001948513,0.09764385196995826,0.03537052760746186,0.09947507952818939,0.03776197375077884,0.6418545905097568,0.05536404574314282,0.6331829082396468,0.05845613239398362,0.002976190476190476,0.002976190476190476,0.0031746031746031746,0.0031746031746031733,0.06570599465734228,0.025570385082686636,0.06657762237134053,0.027320005404832627,0.009529030910609857,0.007002237906032955,0.008994708994708995,0.00746388147072269,0.03325518446805871,0.01697087888065873,0.03547219676592929,0.017987156892884243,0.02147194910352805,0.010837013444565611,0.021733821733821736,0.011581871702829325,0.03349223056937403,0.014579769268850623,0.03455545529739078,0.015544929356477985
AV14-2-CAASLDNYAQGLTF-AJ26_BV13-1-CASSGRTTNTEVFF-BJ1-1,RTYTYEKL,5,16,14,2,87.5,4,25.0,0.375,0.0,2.0,6.0,0.4889213203364583,0.5000396651098404,0.011118344773382138,0.8955764604788039,0.8891662243746977,-0.006410236104106182,0.9540081979410271,0.9478699430472868,-0.006138254893740314,3.123612686972699e-05,0.019487314418259315,0.0,0.0,0.0,0.0,0.0,0.0,0.0,0.0,0.0011363636363636363,0.0011363636363636363,0.0012987012987012987,0.0012987012987012987,0.0011792452830188679,0.0011792452830188679,0.0,0.0,0.0458270376428328,0.03265449277516839,0.05169990285865527,0.03721103867447124,0.8923155909135865,0.034873632891668255,0.8854395163001636,0.03968059822072277,0.01643490932720805,0.005696058325702709,0.018108899069369844,0.00638872135497882,0.0,0.0,0.0,0.0,0.006905105792316926,0.00412834483796206,0.005659406619790773,0.004340137470784689,0.0,0.0,0.0,0.0,0.02872988848529072,0.009804034171908928,0.030602015411760823,0.01104131978865749,0.006335495283018868,0.004092692964452637,0.005892857142857143,0.004581430079119261,0.0011363636363636363,0.0011363636363636363,0.0012987012987012987,0.0012987012987012987
AV2-CIVTDNSNNRIFF-AJ31_BV20-CGARTGGGSDYTF-BJ1-2,RAYLFNSV,4,16,16,0,100.0,6,37.5,0.375,0.0,1.0,6.0,0.6578847121744604,0.6578847121744604,0.0,0.876313002261575,0.876313002261575,0.0,0.9757447854418108,0.9757447854418108,0.0,0.0,0.0,0.003755663917306807,0.0024927648646288804,0.003755663917306807,0.0024927648646288804,0.0,0.0,0.0,0.0,0.003061374053938812,0.0021603065581448267,0.003061374053938812,0.0021603065581448267,0.030367521459768086,0.019205743348253226,0.030367521459768086,0.019205743348253226,0.876313002261575,0.02815861479333057,0.876313002261575,0.02815861479333057,0.0257396207032349,0.010134006752956814,0.0257396207032349,0.010134006752956814,0.01024714178989988,0.006288797707277594,0.01024714178989988,0.006288797707277594,0.0,0.0,0.0,0.0,0.015946241587861478,0.007818167486006463,0.015946241587861478,0.007818167486006463,0.011563342392167249,0.004460519365269645,0.011563342392167249,0.004460519365269645,0.01439724355649047,0.004450687236788294,0.01439724355649047,0.004450687236788294,0.0028031142914734936,0.001690891218244933,0.0028031142914734936,0.001690891218244933,0.005805733986283801,0.0037368884591037154,0.005805733986283801,0.0037368884591037154
AV3-3-CAVSATTNYGNEKITF-AJ48_BV13-1-CASSDLGGDTQYF-BJ2-5,VSFTYRYL,12,16,14,2,87.5,3,18.75,0.375,0.0,3.0,6.0,1.2783518341171431,1.336057820959703,0.05770598684255979,0.6772236429792544,0.6542535701149147,-0.02297007286433972,0.7531273056209746,0.8345800043568727,0.08145269873589811,0.0035879464096127966,0.11678323376134081,0.003472222222222222,0.003472222222222222,0.003968253968253968,0.003968253968253968,0.0,0.0,0.0,0.0,0.0125,0.0125,0.014285714285714287,0.01428571428571429,0.025727336389101095,0.010335362146843888,0.02940267015897268,0.011512970658955816,0.02755018674136321,0.014160358481510808,0.031185807656395892,0.01600730717082059,0.09738426437826592,0.032804929014656446,0.10663654350629141,0.03690576233881269,0.06034722734122888,0.018405170812535766,0.0652088613223067,0.020604579023492508,0.0025774198568316213,0.002312202001574412,0.0026455026455026454,0.0026455026455026454,0.010313774632660082,0.007211802574240597,0.003968253968253968,0.003968253968253968,0.026651493930905695,0.014908635373106396,0.03015873015873016,0.01689620413149482,0.07895463741051975,0.05503041715385387,0.02690854119425548,0.012930184346855117,0.033967962184873954,0.014985202837740309,0.03852040816326531,0.016831993396552006,0.6205534749120276,0.06341852357573637,0.6471107129720576,0.059043211595196494
AV7-5-CAVSMKGGRALIF-AJ15_BV3-CASSPDWTSAETLYF-BJ2-3,SVYVYKVL,8,16,16,0,100.0,3,18.75,0.25,0.0,2.0,4.0,1.02249883255082,1.02249883255082,0.0,0.7778596423347778,0.7778596423347778,0.0,0.9000438807779856,0.9000438807779856,0.0,0.0,0.0,0.022546422875370245,0.012915592216744742,0.022546422875370245,0.012915592216744742,0.0,0.0,0.0,0.0,0.003676470588235294,0.003676470588235294,0.003676470588235294,0.003676470588235294,0.014302063286196414,0.00597036040040236,0.014302063286196414,0.00597036040040236,0.04312404786475994,0.015720378687802298,0.04312404786475994,0.015720378687802298,0.026276770191243876,0.010645511408377245,0.026276770191243876,0.010645511408377245,0.019846491228070175,0.01567982456140351,0.019846491228070175,0.01567982456140351,0.028676470588235296,0.025025217961595757,0.028676470588235296,0.025025217961595757,0.7653596423347777,0.045484404530538924,0.7653596423347777,0.045484404530538924,0.0021929824561403508,0.0021929824561403508,0.0021929824561403508,0.0021929824561403508,0.03576803883111933,0.012012255909572025,0.03576803883111933,0.012012255909572025,0.03171322007670692,0.012136350038697284,0.03171322007670692,0.012136350038697284,0.006517379679144385,0.004493840000870683,0.006517379679144385,0.004493840000870683
AV9-4-CAVRTDYANKMIF-AJ47_BV3-CASSLSSYEQYF-BJ2-7,VGPRYTNL,10,16,16,0,100.0,4,25.0,0.25,0.0,1.0,4.0,0.5886806133017515,0.5886806133017515,0.0,0.8886717296153821,0.8886717296153821,0.0,0.915581071565048,0.915581071565048,0.0,0.0,0.0,0.006296455117209834,0.005657262348113128,0.006296455117209834,0.005657262348113128,0.0,0.0,0.0,0.0,0.04327492339766325,0.04157100120721827,0.04327492339766325,0.04157100120721827,0.005572484388274504,0.0024500831836438584,0.005572484388274504,0.0024500831836438584,0.010108352097589377,0.0032821525013652037,0.010108352097589377,0.0032821525013652037,0.022386003024786556,0.006390680034617629,0.022386003024786556,0.006390680034617629,0.0250693642119708,0.016697129597789732,0.0250693642119708,0.016697129597789732,0.0005733944954128441,0.0005733944954128441,0.0005733944954128441,0.0005733944954128441,0.0046488145907013405,0.0016972828565410027,0.0046488145907013405,0.0016972828565410027,0.006025243869280566,0.004208146767601975,0.006025243869280566,0.004208146767601975,0.8678383962820487,0.043900982991367715,0.8678383962820487,0.043900982991367715,0.004426381276031845,0.00187339768813345,0.004426381276031845,0.00187339768813345,0.0037801872490303475,0.0018416367296735727,0.0037801872490303475,0.0018416367296735727
AV5-1-CSASSDYNQGKLIF-AJ23_BV3-CASSPSGGADTQYF-BJ2-5,VGPRYTNL,10,16,16,0,100.0,6,37.5,0.4375,0.0,2.0,7.0,0.6197941929278818,0.6197941929278818,0.0,0.8991175623785292,0.8991175623785292,0.0,0.9934602437191724,0.9934602437191724,0.0,0.0,0.0,0.004355808877046157,0.001617674615987287,0.004355808877046157,0.001617674615987287,0.0,0.0,0.0,0.0,0.003587376750927018,0.0023136355395820553,0.003587376750927018,0.0023136355395820553,0.00568374232821856,0.0022779499514154235,0.00568374232821856,0.0022779499514154235,0.01184014405639488,0.005264334572189263,0.01184014405639488,0.005264334572189263,0.03082341529826891,0.011086714674706382,0.03082341529826891,0.011086714674706382,0.008017129975678045,0.003473550869712046,0.008017129975678045,0.003473550869712046,0.0021551724137931034,0.0021551724137931034,0.0021551724137931034,0.0021551724137931034,0.00925716179036176,0.0033326048947722843,0.00925716179036176,0.0033326048947722843,0.009159966635114595,0.004331792804549054,0.009159966635114595,0.004331792804549054,0.8991175623785292,0.020672431166519976,0.8991175623785292,0.020672431166519976,0.011121563535915684,0.005063046723292035,0.011121563535915684,0.005063046723292035,0.004880955959752036,0.001734221144394004,0.004880955959752036,0.001734221144394004
AV13-2-CAIDPNTGKLTF-AJ27_BV13-2-CASGDAGGEVFF-BJ1-1,SNYLFTKL,6,15,15,0,100.0,4,26.666666666666668,0.26666666666666666,0.0,1.0,4.0,1.1477936731481413,1.1477936731481413,0.0,0.7414878074056351,0.7414878074056351,0.0,0.836016807845354,0.836016807845354,0.0,0.0,0.0,0.021707451308969335,0.012398618610127544,0.021707451308969335,0.012398618610127544,0.0,0.0,0.0,0.0,0.002557836428804171,0.002053072213600214,0.002557836428804171,0.002053072213600214,0.018405832518735742,0.01148586386376131,0.018405832518735742,0.01148586386376131,0.07084649513653779,0.04219758061904707,0.07084649513653779,0.04219758061904707,0.059845093495467724,0.01924469885914519,0.059845093495467724,0.01924469885914519,0.7060039364378933,0.06185537820288769,0.7060039364378933,0.06185537820288769,0.009358288770053477,0.007881169796205682,0.009358288770053477,0.007881169796205682,0.005173784643343934,0.00415151093666122,0.005173784643343934,0.00415151093666122,0.006196943972835313,0.0042650081746930585,0.006196943972835313,0.0042650081746930585,0.05822735841711173,0.018454186269459067,0.05822735841711173,0.018454186269459067,0.03299336857373381,0.014028558035449935,0.03299336857373381,0.014028558035449935,0.008683610296513522,0.004973004146914422,0.008683610296513522,0.004973004146914422
AV12-3-CALSEGGSGGKLTL-AJ44_BV13-1-CASSVGGGYAEQFF-BJ2-1,VSFTYRYL,12,15,15,0,100.0,2,13.333333333333334,0.13333333333333333,0.0,1.0,2.0,1.252855767731591,1.252855767731591,0.0,0.6531773900185456,0.6531773900185456,0.0,0.5691770978442173,0.5691770978442173,0.0,0.0,0.0,0.012777777777777777,0.009160050522414833,0.012777777777777777,0.009160050522414833,0.0,0.0,0.0,0.0,0.01111111111111111,0.011111111111111113,0.01111111111111111,0.011111111111111113,0.007427055702917772,0.005468003491826969,0.007427055702917772,0.005468003491826969,0.09213549315478153,0.06587672490081399,0.09213549315478153,0.06587672490081399,0.12596357844521858,0.046640063445625574,0.12596357844521858,0.046640063445625574,0.025685790145862742,0.013241259025554456,0.025685790145862742,0.013241259025554456,0.029999999999999995,0.018416119003564213,0.029999999999999995,0.018416119003564213,0.020902239448751074,0.013969345423211802,0.020902239448751074,0.013969345423211802,0.0044444444444444444,0.0044444444444444444,0.0044444444444444444,0.0044444444444444444,0.09588643032677137,0.039598976554170384,0.09588643032677137,0.039598976554170384,0.0698405412756698,0.05946569667289435,0.0698405412756698,0.05946569667289435,0.5038255381666938,0.0722796219652405,0.5038255381666938,0.0722796219652405
AV9-2-CVLSDDTNAYKVIF-AJ30_BV31-CAWTDWGDQNTLYF-BJ2-4,INFDFPKL,3,15,14,1,93.33333333333333,4,26.666666666666668,0.3333333333333333,0.0,2.0,5.0,1.4227097969199916,1.4618812427970933,0.03917144587710175,0.673621072477115,0.6617368633683375,-0.011884209108777521,0.7650359946045364,0.7523853707204099,-0.012650623884126522,0.00019320617127416284,0.037188122230209196,0.00202020202020202,0.00202020202020202,0.0021645021645021645,0.0021645021645021645,0.0,0.0,0.0,0.0,0.00910465196179482,0.005315111947463298,0.009754984244780163,0.005666448107647549,0.6194622231963145,0.06345789256703804,0.6037095248531941,0.06603108205138984,0.04022092119222139,0.009314583392053806,0.037379558420237206,0.009528587838235503,0.09640336944504375,0.022860899187933777,0.10328932440540403,0.02341607771049531,0.06014605912863753,0.015242869032319627,0.061585063352111634,0.016300341779614237,0.009027777777777777,0.008312639650204056,0.009672619047619046,0.008902300330911935,0.05992214831239222,0.046801253621555704,0.06134515890613452,0.050249367176259566,0.0016260162601626016,0.0016260162601626023,0.0017421602787456446,0.0017421602787456442,0.05620257412711108,0.013433721755064309,0.06021704370761901,0.013770742990666756,0.04450351236065522,0.031093093705899962,0.0476823346721306,0.03322433477222466,0.0013605442176870747,0.0013605442176870747,0.0014577259475218659,0.001457725947521866
AV9-2-CVLSVAEGADRLTF-AJ45_BV13-2-CASGDWGYAEQFF-BJ2-1,VGPRYTNL,10,15,14,1,93.33333333333333,2,13.333333333333334,0.2,0.0,2.0,3.0,0.4481028061184303,0.4801101494126039,0.032007343294173596,0.9196497162508528,0.9139104102687708,-0.005739305982081944,0.9915373303238263,0.9910143410403591,-0.0005229892834671679,4.032501250805787e-06,0.011478611964163884,0.0125,0.012499999999999995,0.013392857142857142,0.013392857142857144,0.0,0.0,0.0,0.0,0.0,0.0,0.0,0.0,0.003693648779475959,0.0014692982207010795,0.003957480835152813,0.0015526267721383618,0.009969845186373144,0.004107742723867265,0.010681976985399797,0.004345610329750921,0.021060680057115578,0.00916375597527215,0.022565014346909544,0.009709911782785874,0.017968781677901835,0.008635969310438998,0.019252266083466255,0.009173496547004549,0.0034124139500483586,0.00241103393596537,0.0036561578036232415,0.0025765973927063773,0.0025,0.0024999999999999996,0.0026785714285714286,0.002678571428571429,0.0011955815464587396,0.0008287448343171538,0.0012809802283486496,0.000885475794877555,0.9196497162508528,0.019142816200567302,0.9139104102687708,0.019616744582099138,0.008049332551773555,0.003515748633749877,0.008624284876900238,0.00372567778235547,0.0,0.0,0.0,0.0
AV7D-3-CAVTGNYKYVF-AJ40_BV13-1-CASSDAGGSNERLFF-BJ1-4,VGPRYTNL,10,15,15,0,100.0,2,13.333333333333334,0.13333333333333333,0.0,1.0,2.0,1.1254450996217005,1.1254450996217005,0.0,0.7425678476141709,0.7425678476141709,0.0,0.9090893646920933,0.9090893646920933,0.0,0.0,0.0,0.0008032128514056225,0.0008032128514056226,0.0008032128514056225,0.0008032128514056226,0.0,0.0,0.0,0.0,0.0035714285714285713,0.0035714285714285718,0.0035714285714285713,0.0035714285714285718,0.03381691241765704,0.018060325774342672,0.03381691241765704,0.018060325774342672,0.05117756446379359,0.01671850013057972,0.05117756446379359,0.01671850013057972,0.053989111378886866,0.011827569754501591,0.053989111378886866,0.011827569754501591,0.04326848089189198,0.0204254575476325,0.04326848089189198,0.0204254575476325,0.0,0.0,0.0,0.0,0.006873385012919897,0.005009493716376372,0.006873385012919897,0.005009493716376372,0.035091291137802766,0.019785801540890095,0.035091291137802766,0.019785801540890095,0.7425678476141709,0.04529597692444424,0.7425678476141709,0.04529597692444424,0.018018254837531947,0.013722971593861821,0.018018254837531947,0.013722971593861821,0.010822510822510822,0.007068889281014919,0.010822510822510822,0.007068889281014919
AV13-1-CALLNTGKLTF-AJ27_BV29-CASSWDRVYEQYF-BJ2-7,VAFDFTKV,9,15,15,0,100.0,5,33.333333333333336,0.3333333333333333,0.0,1.0,5.0,1.6266903481644661,1.6266903481644661,0.0,0.5482184544930491,0.5482184544930491,0.0,0.8302927385139585,0.8302927385139585,0.0,0.0,0.0,0.006351952074964745,0.003185489091346288,0.006351952074964745,0.003185489091346288,0.0,0.0,0.0,0.0,0.0019394714407502131,0.001496396137332311,0.0019394714407502131,0.001496396137332311,0.31313691261665105,0.035592574599881466,0.31313691261665105,0.035592574599881466,0.028423492131085963,0.00809305292683133,0.028423492131085963,0.00809305292683133,0.0821271828402438,0.05733938428108119,0.0821271828402438,0.05733938428108119,0.033460893430291856,0.007879306524390712,0.033460893430291856,0.007879306524390712,0.0,0.0,0.0,0.0,0.02299035483756999,0.009571770175307396,0.02299035483756999,0.009571770175307396,0.47678566579052345,0.03624786156421109,0.47678566579052345,0.03624786156421109,0.016544236916717435,0.007356839039752562,0.016544236916717435,0.007356839039752562,0.014691752020174448,0.00654504298516699,0.014691752020174448,0.00654504298516699,0.0035480859010270775,0.0024330185286265886,0.0035480859010270775,0.0024330185286265886
AV14-1-CAARNTEGADRLTF-AJ45_BV3-CASSFSGGYEQYF-BJ2-7,VGPRYTNL,10,15,15,0,100.0,4,26.666666666666668,0.26666666666666666,0.0,1.0,4.0,0.6041354973815147,0.6041354973815147,0.0,0.8970693807577023,0.8970693807577023,0.0,0.9893332522200011,0.9893332522200011,0.0,0.0,0.0,0.004353169312958982,0.0031242706397113735,0.004353169312958982,0.0031242706397113735,0.0,0.0,0.0,0.0,0.001727868490692656,0.0009674582835481439,0.001727868490692656,0.0009674582835481439,0.007815627717325357,0.0033060712023501903,0.007815627717325357,0.0033060712023501903,0.02650164660401533,0.011777135696838996,0.02650164660401533,0.011777135696838996,0.026563064236182894,0.008611673379634527,0.026563064236182894,0.008611673379634527,0.01574668025236383,0.010006096907848845,0.01574668025236383,0.010006096907848845,0.002705066884570604,0.0015324082717913206,0.002705066884570604,0.0015324082717913206,0.004852093868487312,0.00400654384825093,0.004852093868487312,0.00400654384825093,0.0009746709282743924,0.0005919102922556559,0.0009746709282743924,0.0005919102922556559,0.8970693807577023,0.024989559445574787,0.8970693807577023,0.024989559445574787,0.008411305969888266,0.002863195809407913,0.008411305969888266,0.002863195809407913,0.003279424977538185,0.003168841222583977,0.003279424977538185,0.003168841222583977
AV13-2-CAIDTNTGKLTF-AJ27_BV20-CGASPSGNTLYF-BJ1-3,SNYLFTKL,6,15,12,3,80.0,6,40.0,0.6,0.0,2.0,9.0,1.0367174209343069,1.087260104912054,0.050542683977747194,0.7307982496446388,0.70292817336116,-0.027870076283478817,0.6983107733300205,0.7554146910911462,0.05710391776112578,0.0034585594871286984,0.10601856799531216,0.0007936507936507937,0.0007936507936507933,0.000992063492063492,0.000992063492063492,0.0,0.0,0.0,0.0,0.0047619047619047615,0.004761904761904761,0.005952380952380952,0.00595238095238095,0.053792953385976644,0.0327448549500518,0.06121215132843039,0.04074428113444006,0.08470288324939487,0.059275511259061525,0.032488452546592085,0.020817629175730823,0.057817703738756374,0.03000817057349217,0.058885863162178954,0.03763697971339106,0.6572551261015153,0.0767906672183226,0.6772871477201342,0.08025712971756127,0.020557960557960556,0.010311594424400515,0.02014189514189514,0.012109267713517816,0.0007936507936507937,0.0007936507936507933,0.000992063492063492,0.000992063492063492,0.0003787878787878788,0.0003787878787878789,0.0,0.0,0.07859148818451146,0.02951688455235487,0.09776587538215446,0.03491123049849387,0.04055389055389056,0.017828759673270585,0.04428210678210678,0.021667744506194932,0.0,0.0,0.0,0.0
AV16-CAMREGGAGNTGKLIF-AJ37_BV13-2-CASGDNYEQYF-BJ2-7,SNYLFTKL,6,15,15,0,100.0,2,13.333333333333334,0.13333333333333333,0.0,1.0,2.0,0.8580135800803864,0.8580135800803864,0.0,0.8312515642099206,0.8312515642099206,0.0,0.8941788372887699,0.8941788372887699,0.0,0.0,0.0,0.0,0.0,0.0,0.0,0.0,0.0,0.0,0.0,0.0031746031746031746,0.0031746031746031733,0.0031746031746031746,0.0031746031746031733,0.005350125973695768,0.0024870262007257978,0.005350125973695768,0.0024870262007257978,0.058298327197759056,0.034354902359487724,0.058298327197759056,0.034354902359487724,0.02156398873928267,0.007978240191391737,0.02156398873928267,0.007978240191391737,0.8071136331754379,0.050226356270213775,0.8071136331754379,0.050226356270213775,0.0026201868307131468,0.0019001285627312215,0.0026201868307131468,0.0019001285627312215,0.023691563309254465,0.011870600221689707,0.023691563309254465,0.011870600221689707,0.014948830409356724,0.011147249947918058,0.014948830409356724,0.011147249947918058,0.028878431455268035,0.010944582623164903,0.028878431455268035,0.010944582623164903,0.023420555044874457,0.01581521860503378,0.023420555044874457,0.01581521860503378,0.01093975468975469,0.00528778540001335,0.01093975468975469,0.00528778540001335
AV14-2-CAARGSALGRLHF-AJ18_BV12-2-CASSQDSSQNTLYF-BJ2-4,VGPRYTNL,10,15,15,0,100.0,6,40.0,0.6,0.0,2.0,9.0,1.3324440891740565,1.3324440891740565,0.0,0.6915236075961818,0.6915236075961818,0.0,0.7671908853438003,0.7671908853438003,0.0,0.0,0.0,0.0015503875968992248,0.0015503875968992246,0.0015503875968992248,0.0015503875968992246,0.0,0.0,0.0,0.0,0.012005108556832695,0.008434645703117985,0.012005108556832695,0.008434645703117985,0.024050024050024047,0.011243482700288202,0.024050024050024047,0.011243482700288202,0.04007496561573012,0.01898458560946817,0.04007496561573012,0.01898458560946817,0.09824547199313304,0.029103911725674635,0.09824547199313304,0.029103911725674635,0.05214945710976184,0.01457752382090807,0.05214945710976184,0.01457752382090807,0.0038160919540229884,0.0028274393543239805,0.0038160919540229884,0.0028274393543239805,0.009195402298850575,0.006265610518337903,0.009195402298850575,0.006265610518337903,0.04272213099799306,0.02966936506563016,0.04272213099799306,0.02966936506563016,0.6502537663263405,0.0730274262142951,0.6502537663263405,0.0730274262142951,0.05459697135559204,0.02089344786861505,0.05459697135559204,0.02089344786861505,0.011340222144819846,0.005786869722807674,0.011340222144819846,0.005786869722807674
AV5D-4-CAASGSNYNVLYF-AJ21_BV31-CAWGDSSGNTLYF-BJ1-3,VAFDFTKV,9,15,15,0,100.0,3,20.0,0.2,0.0,1.0,3.0,1.348693232785126,1.348693232785126,0.0,0.6944621813071579,0.6944621813071579,0.0,0.8531119349797419,0.8531119349797419,0.0,0.0,0.0,0.01996099515074847,0.010022264469931997,0.01996099515074847,0.010022264469931997,0.0,0.0,0.0,0.0,0.006880777211846821,0.00410596315112663,0.006880777211846821,0.00410596315112663,0.09009141687235166,0.01966607192475388,0.09009141687235166,0.01966607192475388,0.019482131562302336,0.008928510383595665,0.019482131562302336,0.008928510383595665,0.06543360496434,0.01902319874849678,0.06543360496434,0.01902319874849678,0.04401881720430108,0.023607228949590945,0.04401881720430108,0.023607228949590945,0.00982078853046595,0.006726411402107584,0.00982078853046595,0.006726411402107584,0.007902171621336707,0.004846613907948171,0.007902171621336707,0.004846613907948171,0.6815589555007063,0.05318443652550723,0.6815589555007063,0.05318443652550723,0.028837233818258486,0.011040479653306933,0.028837233818258486,0.011040479653306933,0.015360983102918587,0.011289713001367626,0.015360983102918587,0.011289713001367626,0.010652124460423669,0.005742142572951999,0.010652124460423669,0.005742142572951999
AV5-4-CAAMSNYNVLYF-AJ21_BV2-CASSQERWPETLYF-BJ2-3,SSYTFPKM,7,15,14,1,93.33333333333333,4,26.666666666666668,0.4,0.0,3.0,6.0,1.5218787203175375,1.5458237484910897,0.023945028173552263,0.584858803956653,0.5713348936401926,-0.013523910316460386,0.44787634226944695,0.4253621661250354,-0.022514176144411535,0.0013772665641162973,0.053052568573152305,0.06599326599326599,0.05237395112552392,0.0707070707070707,0.05603032285103325,0.0,0.0,0.0,0.0,0.0,0.0,0.0,0.0,0.0338336192109777,0.02297407197969895,0.03625030629747611,0.02454119629523308,0.062280873248615184,0.029518030687895158,0.06212121212121212,0.031706987412676024,0.10035687048371421,0.03443811462892397,0.10061277597909472,0.036991447840719914,0.03354307940430887,0.01794563887672977,0.03363486618203599,0.01927645624194974,0.4050608241586732,0.08519071567338227,0.37869420099950013,0.08701630629762988,0.0575632208610932,0.02499084896907563,0.06167487949402843,0.026478658942657322,0.02187298517085751,0.011004372927775877,0.023435341254490188,0.011700851399076572,0.15203739522888457,0.06610754956838373,0.16289720917380487,0.07004618710606396,0.037912411694155004,0.01886282033994773,0.03831629363544257,0.020257274207856443,0.02954545454545455,0.01724450873362273,0.03165584415584416,0.018384337098873577
AV16-CAMRATSSGQKLVF-AJ16_BV1-CTCSAVRVGNTLYF-BJ1-3,RAYLFNSV,4,15,15,0,100.0,5,33.333333333333336,0.4666666666666667,0.0,2.0,7.0,0.683536912795158,0.683536912795158,0.0,0.8495779375692195,0.8495779375692195,0.0,0.9647175781669293,0.9647175781669293,0.0,0.0,0.0,0.00202020202020202,0.00202020202020202,0.00202020202020202,0.00202020202020202,0.0,0.0,0.0,0.0,0.0076647930505876335,0.0070011414760671525,0.0076647930505876335,0.0070011414760671525,0.007977873486304759,0.004608479855677768,0.007977873486304759,0.004608479855677768,0.8495779375692195,0.03703921359596314,0.8495779375692195,0.03703921359596314,0.04235503585783231,0.01850942519490525,0.04235503585783231,0.01850942519490525,0.006229483188473055,0.0031403089005189976,0.006229483188473055,0.0031403089005189976,0.0,0.0,0.0,0.0,0.011309523356232521,0.006718478670686383,0.011309523356232521,0.006718478670686383,0.006349206349206349,0.0063492063492063475,0.006349206349206349,0.0063492063492063475,0.05409514614007996,0.024482769407259776,0.05409514614007996,0.024482769407259776,0.00874534821903243,0.00578309867890782,0.00874534821903243,0.00578309867890782,0.003675450762829403,0.00262761388506341,0.003675450762829403,0.00262761388506341
AV13-2-CAMNNNAGAKLTF-AJ39_BV14-CASTDRGEQYF-BJ2-7,INFDFPKL,3,15,15,0,100.0,5,33.333333333333336,0.3333333333333333,0.0,1.0,5.0,1.199081273249537,1.199081273249537,0.0,0.7217068029063092,0.7217068029063092,0.0,0.9700886910507269,0.9700886910507269,0.0,0.0,0.0,0.009284840006994229,0.005831931791637781,0.009284840006994229,0.005831931791637781,0.0,0.0,0.0,0.0,0.0038777182273877966,0.0017872191127548342,0.0038777182273877966,0.0017872191127548342,0.7217068029063092,0.025869705101525056,0.7217068029063092,0.025869705101525056,0.005088083793170549,0.0018669970676077855,0.005088083793170549,0.0018669970676077855,0.011994516027951097,0.0040401747505711925,0.011994516027951097,0.0040401747505711925,0.015612390851217043,0.010923386639048464,0.015612390851217043,0.010923386639048464,0.0,0.0,0.0,0.0,0.022811367747678335,0.011118387763454871,0.022811367747678335,0.011118387763454871,0.1806333115107002,0.014372254914343158,0.1806333115107002,0.014372254914343158,0.022905964639994645,0.010980190344665824,0.022905964639994645,0.010980190344665824,0.0039589342223276544,0.0017770857989395372,0.0039589342223276544,0.0017770857989395372,0.0021260700662694017,0.0012384232700831323,0.0021260700662694017,0.0012384232700831323
AV7-1-CAVSSQGGRALIF-AJ15_BV13-1-CASSGTGMYEQYF-BJ2-7,ATLVFHNL,0,15,15,0,100.0,0,0.0,0.0,0.0,0.0,0.0,1.5608123319934886,1.5608123319934886,0.0,0.5746752975235947,0.5746752975235947,0.0,0.8123796536443657,0.8123796536443657,0.0,0.0,0.0,0.5580086308569281,0.046695945259610974,0.5580086308569281,0.046695945259610974,0.0,0.0,0.0,0.0,0.0047619047619047615,0.004761904761904761,0.0047619047619047615,0.004761904761904761,0.02670779512884776,0.011830155226690037,0.02670779512884776,0.011830155226690037,0.05482220107607104,0.016933282306790642,0.05482220107607104,0.016933282306790642,0.10699779065104141,0.03079952172327459,0.10699779065104141,0.03079952172327459,0.13244954186130659,0.028297184258310282,0.13244954186130659,0.028297184258310282,0.002564102564102564,0.002564102564102565,0.002564102564102564,0.002564102564102565,0.01018937489525725,0.005550017972956779,0.01018937489525725,0.005550017972956779,0.0,0.0,0.0,0.0,0.097943102648985,0.03704275055549712,0.097943102648985,0.03704275055549712,0.005555555555555555,0.005555555555555556,0.005555555555555555,0.005555555555555556,0.0,0.0,0.0,0.0
AV16-CAMREGQGGSAKLIF-AJ57_BV1-CTCSADRFYEQYF-BJ2-7,HIYEFPQL,2,14,14,0,100.0,3,21.428571428571427,0.2857142857142857,0.0,2.0,4.0,1.8905233725656134,1.8905233725656134,0.0,0.44431566104702747,0.44431566104702747,0.0,0.4521213455323787,0.4521213455323787,0.0,0.0,0.0,0.005046583850931677,0.005046583850931676,0.005046583850931677,0.005046583850931676,0.0,0.0,0.0,0.0,0.287724292615597,0.06827421839728846,0.287724292615597,0.06827421839728846,0.024567435669920142,0.013541260447952171,0.024567435669920142,0.013541260447952171,0.1398224144730356,0.041044016135700905,0.1398224144730356,0.041044016135700905,0.1628814206842157,0.050498227025412346,0.1628814206842157,0.050498227025412346,0.058346273291925474,0.02207704821569516,0.058346273291925474,0.02207704821569516,0.01203416149068323,0.009224866230683288,0.01203416149068323,0.009224866230683288,0.05761608991422656,0.0279381099218065,0.05761608991422656,0.0279381099218065,0.024145962732919253,0.021391808154030755,0.024145962732919253,0.021391808154030755,0.1176427092576161,0.03939359417076424,0.1176427092576161,0.03939359417076424,0.07670129646061323,0.022740661510262467,0.07670129646061323,0.022740661510262467,0.03347135955831608,0.019183051018622957,0.03347135955831608,0.019183051018622957
AV7-3-CAADSGYNKLTF-AJ11_BV13-2-CASGDSGQAPLF-BJ1-5,SNYLFTKL,6,14,14,0,100.0,5,35.714285714285715,0.35714285714285715,0.0,1.0,5.0,0.6523630804834101,0.6523630804834101,0.0,0.8624767880966033,0.8624767880966033,0.0,0.9753934158244202,0.9753934158244202,0.0,0.0,0.0,0.0007215007215007216,0.0007215007215007217,0.0007215007215007216,0.0007215007215007217,0.0,0.0,0.0,0.0,0.0,0.0,0.0,0.0,0.005394582075254345,0.0030206961173613956,0.005394582075254345,0.0030206961173613956,0.03599649895536671,0.016420467769773604,0.03599649895536671,0.016420467769773604,0.051446427654370394,0.021391407555707013,0.051446427654370394,0.021391407555707013,0.8624767880966033,0.029999523630335364,0.8624767880966033,0.029999523630335364,0.0007215007215007216,0.0007215007215007217,0.0007215007215007216,0.0007215007215007217,0.008066825139995872,0.0049682374688158875,0.008066825139995872,0.0049682374688158875,0.0007215007215007216,0.0007215007215007217,0.0007215007215007216,0.0007215007215007217,0.0279608694204006,0.011306325133813603,0.0279608694204006,0.011306325133813603,0.006493506493506494,0.006493506493506493,0.006493506493506494,0.006493506493506493,0.0,0.0,0.0,0.0
AV19-CAAGITGYQNFYF-AJ49_BV17-CASSRLGSSYEQYF-BJ2-7,SNYLFTKL,6,14,14,0,100.0,2,14.285714285714286,0.21428571428571427,0.0,2.0,3.0,0.8163586570826646,0.8163586570826646,0.0,0.8148806552830281,0.8148806552830281,0.0,0.8394382199871202,0.8394382199871202,0.0,0.0,0.0,0.0036744692433315186,0.003242021478197899,0.0036744692433315186,0.003242021478197899,0.0,0.0,0.0,0.0,0.0006675567423230974,0.0006675567423230974,0.0006675567423230974,0.0006675567423230974,0.016366143869481653,0.011158881937488537,0.016366143869481653,0.011158881937488537,0.03416407276554139,0.012043496770597276,0.03416407276554139,0.012043496770597276,0.04168970346258627,0.030116186727144938,0.04168970346258627,0.030116186727144938,0.7944724920177219,0.06534369262060664,0.7944724920177219,0.06534369262060664,0.028098243667105942,0.023791176005417337,0.028098243667105942,0.023791176005417337,0.0031208277703604803,0.002145813157809725,0.0031208277703604803,0.002145813157809725,0.0029509100937672368,0.0021130567895300007,0.0029509100937672368,0.0021130567895300007,0.019382570665718656,0.010825588573339697,0.019382570665718656,0.010825588573339697,0.022158763947816018,0.008783749680393308,0.022158763947816018,0.008783749680393308,0.03325424575424576,0.023799727174352584,0.03325424575424576,0.023799727174352584
AV19-CAAGNTGYQNFYF-AJ49_BV14-CASSRLGGLQNTLYF-BJ2-4,SNYLFTKL,6,14,14,0,100.0,5,35.714285714285715,0.35714285714285715,0.0,1.0,5.0,0.7121979497036305,0.7121979497036305,0.0,0.8720583437890014,0.8720583437890014,0.0,0.9716800379181617,0.9716800379181617,0.0,0.0,0.0,0.006105406297540113,0.0036604095646877235,0.006105406297540113,0.0036604095646877235,0.0,0.0,0.0,0.0,0.01635160474446189,0.014217310504119767,0.01635160474446189,0.014217310504119767,0.0009041591320072332,0.0009041591320072331,0.0009041591320072332,0.0009041591320072331,0.02570851923502699,0.011945068581287292,0.02570851923502699,0.011945068581287292,0.030664537819569685,0.01029787148933418,0.030664537819569685,0.01029787148933418,0.8720583437890014,0.03935263746133143,0.8720583437890014,0.03935263746133143,0.012904020759775956,0.0035430070964230604,0.012904020759775956,0.0035430070964230604,0.0017057418205377387,0.0014597449777409084,0.0017057418205377387,0.0014597449777409084,0.006877280087706585,0.005108081728673665,0.006877280087706585,0.005108081728673665,0.013448881870256673,0.004703884128818378,0.013448881870256673,0.004703884128818378,0.006292943789084573,0.0027850350379622166,0.006292943789084573,0.0027850350379622166,0.006978560655031244,0.004034364451494735,0.006978560655031244,0.004034364451494735
AV5-4-CAASSNSGGSNAKLTF-AJ42_BV3-CASSLGQISNERLFF-BJ1-4,RAYLFNSV,4,14,14,0,100.0,2,14.285714285714286,0.14285714285714285,0.0,1.0,2.0,0.6254385865878396,0.6254385865878396,0.0,0.8839690189347625,0.8839690189347625,0.0,0.9873844413303995,0.9873844413303995,0.0,0.0,0.0,0.0,0.0,0.0,0.0,0.0,0.0,0.0,0.0,0.002832512315270936,0.0019526333445443035,0.002832512315270936,0.0019526333445443035,0.008865133354929272,0.005310373133752163,0.008865133354929272,0.005310373133752163,0.8839690189347625,0.018432230876233354,0.8839690189347625,0.018432230876233354,0.02796081403118219,0.008377325320134264,0.02796081403118219,0.008377325320134264,0.026300702167945614,0.00978725947775408,0.026300702167945614,0.00978725947775408,0.0008210180623973727,0.0008210180623973727,0.0008210180623973727,0.0008210180623973727,0.006335616438356164,0.005371215492859916,0.006335616438356164,0.005371215492859916,0.0009157509157509158,0.000915750915750916,0.0009157509157509158,0.000915750915750916,0.01644321659757215,0.005609589946278187,0.01644321659757215,0.005609589946278187,0.006878056262292716,0.003792133005349183,0.006878056262292716,0.003792133005349183,0.018678160919540228,0.017812806560217446,0.018678160919540228,0.017812806560217446
AV13N-1-CAMELNSGTYQRF-AJ13_BV17-CASSPGQGFQDTQYF-BJ2-5,VSFTYRYL,12,14,13,1,92.85714285714286,5,35.714285714285715,0.42857142857142855,0.0,2.0,6.0,1.2648224351329806,1.2423548473712556,-0.022467587761725083,0.6514173113326072,0.6472276927473326,-0.004189618585274557,0.6910414197141539,0.6746099328148761,-0.01643148689927776,0.0003058250080235636,0.03537370520550035,0.012014553047987698,0.005922982619841369,0.012938749436294444,0.00631919152338712,0.0,0.0,0.0,0.0,0.006802721088435374,0.005252448953397367,0.007326007326007326,0.005645067768286608,0.051101209714655094,0.02682524114847337,0.050507185122569735,0.02896746704553296,0.05003820267878018,0.022069902034744737,0.053887295192532506,0.023472875972444733,0.20420940471114796,0.06948556715398044,0.21539293358033126,0.0740745222430282,0.022864242077991405,0.007010690013469121,0.020098143052316535,0.006958080368844717,0.0,0.0,0.0,0.0,0.030656707127295364,0.020377549701704085,0.028490028490028487,0.021885498428173937,0.0027472527472527475,0.0027472527472527475,0.002958579881656805,0.002958579881656805,0.012940478973913623,0.006285182443170699,0.01393590043344544,0.006703091093330415,0.03190859677204215,0.027172518619885032,0.029838217338217336,0.02926435567955198,0.5747166310604984,0.07573422809210768,0.5646269601466002,0.08107311814949966
AV8D-1-CATDGASSSFSKLVF-AJ50_BV1-CTCSADGVEQYF-BJ2-7,SVYVYKVL,8,14,12,2,85.71428571428571,5,35.714285714285715,0.5714285714285714,0.0,3.0,8.0,1.0603740914386666,1.0941597046869675,0.03378561324830098,0.7534103787135823,0.744603775165846,-0.008806603547736325,0.9422671836905961,0.9404210437497155,-0.0018461399408806756,0.00034262033712439965,0.052327440230758346,0.016145762132604238,0.008014820415273521,0.013628389154704943,0.008351079598591502,0.0,0.0,0.0,0.0,0.0,0.0,0.0,0.0,0.019034364758048965,0.009691792908604096,0.02220675888439046,0.011095327832960931,0.02783216783216783,0.019758502290812305,0.03247086247086247,0.022903791226687353,0.06669915705956897,0.01750319775004463,0.07260734990283045,0.01963156474727635,0.05419362578687521,0.018311939359931386,0.06322589675135441,0.02025905245305121,0.014285714285714287,0.01428571428571429,0.0,0.0,0.7534103787135823,0.03541427731351574,0.744603775165846,0.04097914080453433,0.018275203057811752,0.015559617091043058,0.021321070234113712,0.01810809561037286,0.027925824175824177,0.013006726700177058,0.027371794871794874,0.014773781626688716,0.002197802197802198,0.0021978021978021982,0.002564102564102564,0.0025641025641025645,0.0,0.0,0.0,0.0
AV4-4/DV10-CAAEANTGYQNFYF-AJ49_BV16-CASSWDRGNTQYF-BJ2-5,HIYEFPQL,2,14,14,0,100.0,5,35.714285714285715,0.35714285714285715,0.0,1.0,5.0,1.8029784830611177,1.8029784830611177,0.0,0.4849201982889861,0.4849201982889861,0.0,0.5412164165725243,0.5412164165725243,0.0,0.0,0.0,0.0,0.0,0.0,0.0,0.0,0.0,0.0,0.0,0.35427200405194176,0.06279243082492246,0.35427200405194176,0.06279243082492246,0.03178751175266855,0.016066527453794936,0.03178751175266855,0.016066527453794936,0.053514218629751364,0.023908205412414684,0.053514218629751364,0.023908205412414684,0.16725632651269914,0.04484240762693127,0.16725632651269914,0.04484240762693127,0.12580239462231027,0.04876148802669969,0.12580239462231027,0.04876148802669969,0.014285714285714287,0.01428571428571429,0.014285714285714287,0.01428571428571429,0.022531939605110334,0.013475594042870893,0.022531939605110334,0.013475594042870893,0.029627640529896165,0.016065989311581652,0.029627640529896165,0.016065989311581652,0.14776721688971822,0.043619718555792115,0.14776721688971822,0.043619718555792115,0.03331376327892007,0.0124825636928452,0.03331376327892007,0.0124825636928452,0.019841269841269844,0.01379042368507511,0.019841269841269844,0.01379042368507511
AV4-2-CAVEGTGGYKVVF-AJ12_BV13-1-CASSAGADSPLYF-BJ1-6,RAYLFNSV,4,14,13,1,92.85714285714286,5,35.714285714285715,0.5,0.0,3.0,7.0,0.7825719883419133,0.75569632610265,-0.026875662239263298,0.8164558954572679,0.8261466419942738,0.009690746537005857,0.9500735388129162,0.9502962829551296,0.00022274414221334915,0.0001437180978920427,0.027998143236221493,0.0011160714285714285,0.0011160714285714285,0.001201923076923077,0.001201923076923077,0.0,0.0,0.0,0.0,0.0,0.0,0.0,0.0,0.0,0.0,0.0,0.0,0.8164558954572679,0.04577746546083829,0.8261466419942738,0.04832470111826221,0.09495722202578415,0.03299379140930213,0.08211510357355509,0.03282705148840968,0.03822897311522626,0.00911546854837439,0.039338161523357215,0.009772668311176963,0.0,0.0,0.0,0.0,0.003401360544217687,0.0026262244766986835,0.003663003663003663,0.002822533884143304,0.0011160714285714285,0.0011160714285714285,0.001201923076923077,0.001201923076923077,0.03006301745504403,0.012027308351384986,0.03237555725927819,0.012748582541024539,0.008769132653061224,0.006057830673201503,0.007612179487179487,0.006422764239535816,0.005892255892255892,0.004027239873636258,0.006345506345506346,0.0043222790127631795
AV16/DV11-CAMRDSGGSNAKLTF-AJ42_BV1-CTCSADRVAETLYF-BJ2-3,RAYLFNSV,4,14,14,0,100.0,7,50.0,0.6428571428571429,0.5,2.0,9.0,1.3995561041656637,1.3995561041656637,0.0,0.6833254817078346,0.6833254817078346,0.0,0.8301939556840198,0.8301939556840198,0.0,0.0,0.0,0.018280766852195426,0.010603555942548625,0.018280766852195426,0.010603555942548625,0.0,0.0,0.0,0.0,0.01307868601986249,0.008743040485110841,0.01307868601986249,0.008743040485110841,0.029104793432524527,0.012017228439125378,0.029104793432524527,0.012017228439125378,0.6578152776262021,0.06439201050041453,0.6578152776262021,0.06439201050041453,0.1060218936059272,0.035654683605814606,0.1060218936059272,0.035654683605814606,0.0434991875538094,0.015799909195353384,0.0434991875538094,0.015799909195353384,0.016564080177525555,0.007542092315176135,0.016564080177525555,0.007542092315176135,0.015185528756957329,0.006959562459441634,0.015185528756957329,0.006959562459441634,0.027613318054494525,0.017627853123791247,0.027613318054494525,0.017627853123791247,0.03781279178338002,0.015549241060906625,0.03781279178338002,0.015549241060906625,0.03061891423235961,0.012039440751371366,0.03061891423235961,0.012039440751371366,0.004404761904761904,0.0032006902818193087,0.004404761904761904,0.0032006902818193087
AV13-2-CAMDSNYQLIW-AJ33_BV13-2-CASGDRNTLYF-BJ1-3,SNYLFTKL,6,14,13,1,92.85714285714286,3,21.428571428571427,0.2857142857142857,0.0,2.0,4.0,1.0006676110229764,0.9886589926826642,-0.012008618340312194,0.7619724233779531,0.7667395328685651,0.004767109490611987,0.9329993273637891,0.9295305463214881,-0.0034687810423009724,6.959559686170458e-05,0.022630403390772234,0.033199839075415113,0.023742451569349326,0.035753672850447046,0.02549599176670336,0.0,0.0,0.0,0.0,0.0017857142857142859,0.0017857142857142859,0.0019230769230769232,0.0019230769230769234,0.0035714285714285718,0.0035714285714285726,0.0038461538461538464,0.0038461538461538464,0.01825396825396825,0.010060672195566698,0.019658119658119658,0.010760408813687325,0.11854406474222141,0.025412688144974462,0.11227822356854615,0.026601402444169513,0.7619724233779531,0.04342131327831022,0.7667395328685651,0.04661687068974018,0.002304147465437788,0.002304147465437788,0.0024813895781637717,0.0024813895781637717,0.010966810966810967,0.005012183555741238,0.01181041181041181,0.005336544626313793,0.009686147186147187,0.00548954767038172,0.010431235431235432,0.005874518986364939,0.03435831321776022,0.011468033107429682,0.029308952696049474,0.011121587054944433,0.005357142857142858,0.003868166989101297,0.00576923076923077,0.004154320960517861,0.0,0.0,0.0,0.0
AV7D-5-CAVSMNYNQGKLIF-AJ23_BV13-2-CASGDAGNQAPLF-BJ1-5,SNYLFTKL,6,14,14,0,100.0,3,21.428571428571427,0.2857142857142857,0.0,2.0,4.0,0.9251702437398768,0.9251702437398768,0.0,0.7925019035354431,0.7925019035354431,0.0,0.818800406302462,0.818800406302462,0.0,0.0,0.0,0.027754616689369627,0.014143116498604748,0.027754616689369627,0.014143116498604748,0.0,0.0,0.0,0.0,0.003401360544217687,0.0034013605442176865,0.003401360544217687,0.0034013605442176865,0.007518796992481203,0.007518796992481204,0.007518796992481203,0.007518796992481204,0.024674376541208996,0.014044980538172014,0.024674376541208996,0.014044980538172014,0.07138768986442885,0.024518008484612202,0.07138768986442885,0.024518008484612202,0.7496447606783002,0.07242557786900355,0.7496447606783002,0.07242557786900355,0.0,0.0,0.0,0.0,0.055960568113140555,0.04222492136298715,0.055960568113140555,0.04222492136298715,0.008301927042594042,0.006656386646501782,0.008301927042594042,0.006656386646501782,0.025397624216098976,0.010080378771717007,0.025397624216098976,0.010080378771717007,0.02012737552807239,0.01564724982559773,0.02012737552807239,0.01564724982559773,0.0058309037900874635,0.0058309037900874635,0.0058309037900874635,0.0058309037900874635
AV6D-7-CALGLDSNYQLIW-AJ33_BV13-1-CASSGGVYAEQFF-BJ2-1,RAYLFNSV,4,13,13,0,100.0,0,0.0,0.0,0.0,0.0,0.0,1.120776469892675,1.120776469892675,0.0,0.7435862211701866,0.7435862211701866,0.0,0.797295634760381,0.797295634760381,0.0,0.0,0.0,0.008994082840236688,0.006437840816734752,0.008994082840236688,0.006437840816734752,0.0,0.0,0.0,0.0,0.008577103647526183,0.006593300119270411,0.008577103647526183,0.006593300119270411,0.009824682359893627,0.0066052982053199415,0.009824682359893627,0.0066052982053199415,0.6851716310654555,0.07073715803010121,0.6851716310654555,0.07073715803010121,0.07245297136954774,0.032113841423813315,0.07245297136954774,0.032113841423813315,0.034326528172682017,0.013577453175552586,0.034326528172682017,0.013577453175552586,0.00641025641025641,0.006410256410256409,0.00641025641025641,0.006410256410256409,0.025167652859960553,0.009688886117489573,0.025167652859960553,0.009688886117489573,0.00591715976331361,0.005917159763313611,0.00591715976331361,0.005917159763313611,0.030975434821588668,0.014234685843378562,0.030975434821588668,0.014234685843378562,0.09551583002287226,0.0610537193965437,0.09551583002287226,0.0610537193965437,0.016666666666666666,0.011633040674201879,0.016666666666666666,0.011633040674201879
AV17-CALVPDTGNYKYVF-AJ40_BV1-CTCSARQGRNTEVFF-BJ1-1,VGPRYTNL,10,13,13,0,100.0,3,23.076923076923077,0.23076923076923078,0.0,1.0,3.0,0.5691264416356994,0.5691264416356994,0.0,0.8854674775430577,0.8854674775430577,0.0,0.9583781043080072,0.9583781043080072,0.0,0.0,0.0,0.003014136389521867,0.0019434290984176256,0.003014136389521867,0.0019434290984176256,0.0,0.0,0.0,0.0,0.0009842581586510944,0.0006668320604612123,0.0009842581586510944,0.0006668320604612123,0.002187602069106957,0.0018760675342692117,0.002187602069106957,0.0018760675342692117,0.0341206773251286,0.02628656964623486,0.0341206773251286,0.02628656964623486,0.03067992814422457,0.012871867180109294,0.03067992814422457,0.012871867180109294,0.02697977175664776,0.016233887406276556,0.02697977175664776,0.016233887406276556,0.002499031530333989,0.001926969576915857,0.002499031530333989,0.001926969576915857,0.002257676098735701,0.0017797369680869592,0.002257676098735701,0.0017797369680869592,0.006551411274346662,0.0029300589828155543,0.006551411274346662,0.0029300589828155543,0.8854674775430577,0.04510820788096811,0.8854674775430577,0.04510820788096811,0.003268639789820791,0.002000300210776128,0.003268639789820791,0.002000300210776128,0.001989389920424403,0.001989389920424403,0.001989389920424403,0.001989389920424403
AV17-CALGNNAGAKLTF-AJ39_BV17-CASSRQGAREQYF-BJ2-7,VIVRFLTV,11,13,13,0,100.0,4,30.76923076923077,0.3076923076923077,0.0,1.0,4.0,0.7546719477542131,0.7546719477542131,0.0,0.8632075687529099,0.8632075687529099,0.0,0.9890695519325856,0.9890695519325856,0.0,0.0,0.0,0.002403846153846154,0.002403846153846154,0.002403846153846154,0.002403846153846154,0.0,0.0,0.0,0.0,0.006233228743653789,0.002931896414622862,0.006233228743653789,0.002931896414622862,0.0073839662447257376,0.006403062533060741,0.0073839662447257376,0.006403062533060741,0.008173272853852932,0.0034363574980337866,0.008173272853852932,0.0034363574980337866,0.053424786874497025,0.013407896970617464,0.053424786874497025,0.013407896970617464,0.029043870647628773,0.007330359547752838,0.029043870647628773,0.007330359547752838,0.0019230769230769232,0.0019230769230769232,0.0019230769230769232,0.0019230769230769232,0.0018315018315018315,0.0018315018315018317,0.0018315018315018315,0.0018315018315018317,0.010645604395604396,0.006705635192460295,0.010645604395604396,0.006705635192460295,0.015729276578702607,0.007211338027910711,0.015729276578702607,0.007211338027910711,0.8632075687529099,0.029818753746761868,0.8632075687529099,0.029818753746761868,0.0,0.0,0.0,0.0
AV5-1-CSASMDYNQGKLIF-AJ23_BV3-CASSSGQGHEQYF-BJ2-7,VGPRYTNL,10,13,12,1,92.3076923076923,6,46.15384615384615,0.6923076923076923,0.0,3.0,9.0,1.0516065703043032,1.0051808396841986,-0.04642573062010458,0.768303009661413,0.778756831895102,0.01045382223368907,0.9138899434240769,0.9109546315757415,-0.002935311848335398,0.00015855436871581308,0.0319747268342278,0.05362993487993488,0.017224499072897886,0.05413084215167549,0.01871708500717972,0.0,0.0,0.0,0.0,0.006593406593406593,0.003475030395789428,0.007142857142857143,0.0037302354847649536,0.012830116200902715,0.006694371594748134,0.013899292550977943,0.007184131178906719,0.023445659713265347,0.010809514260701023,0.023415337705243806,0.011751134678929243,0.06371975047892915,0.030707149083296373,0.051172586828363724,0.030468269573661458,0.019299828348431768,0.006625489453721264,0.018924020393340762,0.007191070380999721,0.004807692307692308,0.004807692307692308,0.005208333333333333,0.005208333333333333,0.0023732136408192747,0.0018661438711944733,0.0005868544600938967,0.0005868544600938967,0.008836996336996337,0.0052344197381661945,0.007589285714285714,0.005526389472049918,0.7634953173537207,0.047978215920674666,0.7735484985617687,0.05099996056761164,0.038770281948098846,0.02547863995459324,0.04200113877710709,0.027474607376003813,0.002197802197802198,0.0021978021978021982,0.0023809523809523807,0.0023809523809523807
AV6N-6-CALRNSNNRIFF-AJ31_BV12-1-CASSRTGDSYEQYF-BJ2-7,INFDFPKL,3,13,13,0,100.0,3,23.076923076923077,0.23076923076923078,0.0,1.0,3.0,0.819138322451875,0.819138322451875,0.0,0.8557081090970106,0.8557081090970106,0.0,0.9873463857878789,0.9873463857878789,0.0,0.0,0.0,0.008486315826004998,0.003886099248988429,0.008486315826004998,0.003886099248988429,0.0,0.0,0.0,0.0,0.0007849293563579277,0.0007849293563579278,0.0007849293563579277,0.0007849293563579278,0.8557081090970106,0.02593800887463116,0.8557081090970106,0.02593800887463116,0.011759892848230648,0.004255757233271315,0.011759892848230648,0.004255757233271315,0.0324638960765167,0.014206158381054605,0.0324638960765167,0.014206158381054605,0.01877512953477042,0.0059275576454349025,0.01877512953477042,0.0059275576454349025,0.0005232862375719519,0.0005232862375719518,0.0005232862375719519,0.0005232862375719518,0.001183431952662722,0.0011834319526627221,0.001183431952662722,0.0011834319526627221,0.03815409450222204,0.011894285576638722,0.03815409450222204,0.011894285576638722,0.0290942501377921,0.010261596282606882,0.0290942501377921,0.010261596282606882,0.0014285509915043112,0.001165985576561254,0.0014285509915043112,0.001165985576561254,0.0016381134393556754,0.0011914022078801758,0.0016381134393556754,0.0011914022078801758
AV12-3-CALSDLDYGNEKITF-AJ48_BV16-CASSGLGGLSYEQYF-BJ2-7,RAYLFNSV,4,13,13,0,100.0,2,15.384615384615385,0.15384615384615385,0.0,1.0,2.0,0.9885491013269713,0.9885491013269713,0.0,0.7823641125413601,0.7823641125413601,0.0,0.9431451502760023,0.9431451502760023,0.0,0.0,0.0,0.002331002331002331,0.002331002331002331,0.002331002331002331,0.002331002331002331,0.0,0.0,0.0,0.0,0.003550295857988166,0.0035502958579881655,0.003550295857988166,0.0035502958579881655,0.002403846153846154,0.002403846153846154,0.002403846153846154,0.002403846153846154,0.7823641125413601,0.0493291777624551,0.7823641125413601,0.0493291777624551,0.047102185482630336,0.015344929993712486,0.047102185482630336,0.015344929993712486,0.07271650204342511,0.020385723223276725,0.07271650204342511,0.020385723223276725,0.014423076923076924,0.014423076923076924,0.014423076923076924,0.014423076923076924,0.0022090729783037478,0.0015000515457066308,0.0022090729783037478,0.0015000515457066308,0.009286209286209286,0.006327213976722565,0.009286209286209286,0.006327213976722565,0.03278146556992711,0.01123989222421878,0.03278146556992711,0.01123989222421878,0.007459207459207459,0.005453416362196297,0.007459207459207459,0.005453416362196297,0.023373023373023376,0.018902328761179345,0.023373023373023376,0.018902328761179345
AV10D-CAASWDTNAYKVIF-AJ30_BV13-2-CASGEQTEVFF-BJ1-1,VIVRFLTV,11,13,11,2,84.61538461538461,3,23.076923076923077,0.38461538461538464,0.0,2.0,5.0,1.155326601475499,1.1315021425783458,-0.023824458897153233,0.7113232719865432,0.7061942997514685,-0.005128972235074691,0.6476877572498257,0.6964400743407076,0.0487523170908819,0.0032788038809928866,0.10923345793573787,0.0,0.0,0.0,0.0,0.0,0.0,0.0,0.0,0.06301775147928995,0.061432876725157765,0.07447552447552448,0.07257329719796507,0.014975358799016594,0.00808986647215004,0.014245907349355625,0.009268952654532375,0.05837285711374957,0.04809402283780397,0.011448704552152827,0.005317987565924762,0.11569350769680524,0.042889633342987975,0.13208143943171166,0.04930701294364102,0.05879291834870522,0.022787552406892266,0.056735792942689496,0.02707078783104673,0.0,0.0,0.0,0.0,0.05444013693350563,0.03753142168489323,0.06433834364868847,0.04397701995556188,0.0009737098344693282,0.0009737098344693283,0.0,0.0,0.02516263069227759,0.01648489993137238,0.026285410495936804,0.01944271930933781,0.6046388393860547,0.07351422078438956,0.6203888771039406,0.07446711223472734,0.003932289716126133,0.003036638388648642,0.0,0.0
AV12-1-CALTSNYNVLYF-AJ21_BV26-CASSLGTYAEQFF-BJ2-1,SSYTFPKM,7,13,12,1,92.3076923076923,3,23.076923076923077,0.3076923076923077,0.0,2.0,4.0,1.5985720598303816,1.569268726073351,-0.029303333757030536,0.4621334805545331,0.4768350801245537,0.014701599570020596,0.4797549110457871,0.45619470894041225,-0.02356020210537485,0.0010895077341804837,0.056571742098057876,0.038461538461538464,0.038461538461538464,0.041666666666666664,0.041666666666666664,0.0,0.0,0.0,0.0,0.010989010989010988,0.010989010989010992,0.0,0.0,0.023931623931623933,0.016965327556648896,0.025925925925925925,0.01831538420061838,0.22151445046181892,0.04631957690776879,0.21616446419077998,0.050017679668463454,0.1423518002465371,0.031770595789753386,0.13040492645755805,0.03200335000302783,0.08648018648018646,0.04473217159709944,0.09368686868686867,0.04799375129377416,0.32367194209299477,0.07345757011145475,0.3268350801245538,0.07978272719087173,0.054251012145748984,0.04618934638688798,0.0587719298245614,0.04997201152905603,0.010989010989010988,0.010989010989010992,0.011904761904761904,0.0119047619047619,0.032028789923526764,0.0179189856753424,0.03469785575048733,0.01926268120244712,0.05128205128205128,0.027571555343085342,0.05555555555555555,0.029611210604945894,0.004048582995951417,0.004048582995951417,0.0043859649122807015,0.0043859649122807015
AV7-3-CAVMGGRALIF-AJ15_BV13-1-CASSADWGDAEQFF-BJ2-1,ATLVFHNL,0,13,13,0,100.0,4,30.76923076923077,0.38461538461538464,0.0,2.0,5.0,1.113833522784712,1.113833522784712,0.0,0.7509822058521153,0.7509822058521153,0.0,0.901522252136455,0.901522252136455,0.0,0.0,0.0,0.7391478863254881,0.054069045927554744,0.7391478863254881,0.054069045927554744,0.0,0.0,0.0,0.0,0.0,0.0,0.0,0.0,0.010935143288084464,0.00753204538289524,0.010935143288084464,0.00753204538289524,0.055217068916163944,0.016235377041017227,0.055217068916163944,0.016235377041017227,0.09422131830502872,0.02929810386552792,0.09422131830502872,0.02929810386552792,0.01970997730613115,0.008313817939844249,0.01970997730613115,0.008313817939844249,0.00591715976331361,0.005917159763313611,0.00591715976331361,0.005917159763313611,0.004524886877828054,0.004524886877828054,0.004524886877828054,0.004524886877828054,0.002564102564102564,0.002564102564102565,0.002564102564102564,0.002564102564102565,0.023006480698788394,0.01282516684940546,0.023006480698788394,0.01282516684940546,0.03162727773021891,0.015934000649638156,0.03162727773021891,0.015934000649638156,0.013128698224852072,0.008939076897390399,0.013128698224852072,0.008939076897390399
AV16N-CAMREANTGYQNFYF-AJ49_BV13-2-CASGDGAQNTLYF-BJ2-4,SNYLFTKL,6,13,13,0,100.0,1,7.6923076923076925,0.07692307692307693,0.0,1.0,1.0,0.8342493799513192,0.8342493799513192,0.0,0.8396511333595587,0.8396511333595587,0.0,0.9854778474553354,0.9854778474553354,0.0,0.0,0.0,0.0,0.0,0.0,0.0,0.0,0.0,0.0,0.0,0.00591715976331361,0.005917159763313611,0.00591715976331361,0.005917159763313611,0.004940631167957579,0.0022701242302501138,0.004940631167957579,0.0022701242302501138,0.02648338725719363,0.0126934761315717,0.02648338725719363,0.0126934761315717,0.03323385812758145,0.009825950958523996,0.03323385812758145,0.009825950958523996,0.8396511333595587,0.023110197006990702,0.8396511333595587,0.023110197006990702,0.0015082956259426848,0.0015082956259426844,0.0015082956259426848,0.0015082956259426844,0.058171833029042316,0.014593347105774914,0.058171833029042316,0.014593347105774914,0.0,0.0,0.0,0.0,0.021133288862843286,0.008817701144627054,0.021133288862843286,0.008817701144627054,0.00824816209431594,0.0061763688899587,0.00824816209431594,0.0061763688899587,0.0007122507122507122,0.0007122507122507122,0.0007122507122507122,0.0007122507122507122
AV3-1-CAVSARTNKVVF-AJ34_BV13-2-CASGDRGGNTEVFF-BJ1-1,VAFDFTKV,9,13,12,1,92.3076923076923,3,23.076923076923077,0.3076923076923077,0.0,2.0,4.0,0.8264252508395645,0.7885998401406926,-0.03782541069887191,0.840381158827504,0.8465240331742403,0.006142874346736327,0.8844130126134561,0.8753447854801916,-0.009068227133264495,3.5326651193767766e-05,0.020877886899280426,0.002197802197802198,0.0021978021978021982,0.0023809523809523807,0.002380952380952381,0.0,0.0,0.0,0.0,0.0021526418786692756,0.0014577244044417757,0.002332028701891715,0.001572668562738067,0.009472859420172381,0.005775416063888874,0.010262264371853413,0.006219613528864171,0.05995760351753195,0.04871829477868669,0.06217629269954852,0.05290741968754647,0.04082886204066394,0.008660216143221915,0.03589793387738593,0.007739560618529808,0.011157312421801357,0.003891047862415232,0.009309310679173692,0.0037224974430550644,0.0017889087656529517,0.0017889087656529517,0.001937984496124031,0.0019379844961240312,0.017948717948717947,0.015384615384615387,0.016666666666666666,0.01666666666666667,0.808513026959372,0.0559655621171708,0.8120002236504309,0.0607227580747674,0.02126625734291086,0.009794229570055981,0.023038445454820092,0.010471700687483064,0.019918221313570152,0.013124706237679315,0.021578073089700996,0.014153497726346002,0.004797786193135031,0.0027028151083104694,0.0024198239314518386,0.0013966376797146076
AV16N-CAMREDSNYQLIW-AJ33_BV13-2-CASGGTGGAREQYF-BJ2-7,RAYLFNSV,4,13,11,2,84.61538461538461,4,30.76923076923077,0.46153846153846156,0.0,2.0,6.0,0.6254727652890271,0.6042469046314426,-0.021225860657584472,0.8933410766939835,0.8939018762948042,0.0005607996008206717,0.9920150837729977,0.991213127646731,-0.0008019561262667674,3.6791077901887626e-05,0.01808523232145046,0.0,0.0,0.0,0.0,0.0,0.0,0.0,0.0,0.0052002883328184524,0.0042967039532540545,0.00505050505050505,0.005050505050505051,0.007334868728268414,0.003877194019314166,0.0036206218024399843,0.0028038588163017517,0.8933410766939835,0.022686759548648627,0.8939018762948042,0.026837987027669014,0.03502852918190778,0.008948351933938819,0.039206772165693855,0.009978542380387555,0.015237225612039598,0.006347655693003603,0.015594816960203822,0.007551962755121532,0.0,0.0,0.0,0.0,0.003854030009357352,0.0017468079079620044,0.0045547627383314155,0.002002045142401859,0.00701976563684264,0.004166646562693656,0.0025974025974025974,0.002597402597402597,0.027633601166309883,0.012440894192000906,0.030245078978886893,0.014664250755817617,0.003485744275217959,0.0016355390714991717,0.004119515961621224,0.0018795042337776153,0.0018648703632541423,0.0012625506065553134,0.0011086474501108647,0.001108647450110865
AV7D-4-CAASEPNNNAPRF-AJ43_BV1-CTCSRDISYEQYF-BJ2-7,VSFTYRYL,12,13,11,2,84.61538461538461,4,30.76923076923077,0.46153846153846156,0.0,2.0,6.0,1.2844806099450525,1.3152461032296006,0.03076549328454803,0.5456815114709852,0.5115629984051036,-0.03411851306588165,,,,0.009355214917786903,0.11625567415041094,0.022435897435897433,0.015371254882412562,0.026515151515151512,0.018007370187885927,0.0,0.0,0.0,0.0,0.0,0.0,0.0,0.0,0.004048582995951417,0.004048582995951417,0.004784688995215311,0.004784688995215312,0.07105263157894737,0.040042879763769613,0.08094098883572566,0.046961166613680154,0.1691970310391363,0.06454059329116084,0.10905103668261563,0.043813862573326805,0.08930499325236167,0.039268018302427814,0.08433014354066985,0.04521564503166269,0.0,0.0,0.0,0.0,0.041025641025641026,0.03833311894288732,0.045454545454545456,0.04545454545454545,0.0,0.0,0.0,0.0,0.07473009446693657,0.02633272521008955,0.08831738437001595,0.029383422057090953,0.03394062078272604,0.020013772824248495,0.03708133971291866,0.023592204453727297,0.4173414304993252,0.0876867435005815,0.43261562998405095,0.0934478601294434
AV8D-2-CATMSNYNVLYF-AJ21_BV3-CASSLGQEYEQYF-BJ2-7,VGPRYTNL,10,13,13,0,100.0,3,23.076923076923077,0.23076923076923078,0.0,1.0,3.0,1.050562458651718,1.050562458651718,0.0,0.7805472110250281,0.7805472110250281,0.0,0.9361010945350731,0.9361010945350731,0.0,0.0,0.0,0.02329219244112861,0.010675876126313643,0.02329219244112861,0.010675876126313643,0.0,0.0,0.0,0.0,0.005102821219345379,0.003077048417404152,0.005102821219345379,0.003077048417404152,0.012261147526607858,0.0062190213484516815,0.012261147526607858,0.0062190213484516815,0.031389307151896986,0.010782686579398128,0.031389307151896986,0.010782686579398128,0.0804584695930081,0.030836461462935238,0.0804584695930081,0.030836461462935238,0.01881340423496994,0.005929607018376602,0.01881340423496994,0.005929607018376602,0.002747252747252747,0.002747252747252748,0.002747252747252747,0.002747252747252748,0.008054904476567919,0.0041150948273172665,0.008054904476567919,0.0041150948273172665,0.00626336280541888,0.003734096061002368,0.00626336280541888,0.003734096061002368,0.7805472110250281,0.05515848609994316,0.7805472110250281,0.05515848609994316,0.020024746584659033,0.008672686224219574,0.020024746584659033,0.008672686224219574,0.011045180194116365,0.004602596304780588,0.011045180194116365,0.004602596304780588
AV13-2-CAIDSEGADRLTF-AJ45_BV30-CSSSPGQNEQYF-BJ2-7,RTYTYEKL,5,13,12,1,92.3076923076923,3,23.076923076923077,0.46153846153846156,0.0,3.0,6.0,0.4145585164109189,0.4271321941388368,0.012573677727917898,0.9225817058656263,0.918907959132206,-0.0036737467334202467,0.9888795944384239,0.9879904146764201,-0.0008891797620037556,3.1048786107712445e-06,0.00905689517624201,0.001396412664018298,0.000973035616499291,0.0015127803860198227,0.0010502094698106792,0.0,0.0,0.0,0.0,0.008731546231546232,0.005668237643452116,0.009459175084175084,0.006111041906857878,0.0016722408026755853,0.0016722408026755853,0.0018115942028985507,0.001811594202898551,0.01810425018593463,0.010314975676303018,0.01868701177550326,0.011195650363673313,0.9225817058656263,0.028375076667049737,0.918907959132206,0.030587328467246145,0.02995558360323478,0.01613953476978808,0.031525956310911755,0.01746227273002198,0.0008547008547008547,0.0008547008547008548,0.0,0.0,0.0039497128993595905,0.0027137793877585374,0.00427885564097289,0.0029284098550991953,0.0008547008547008547,0.0008547008547008548,0.000925925925925926,0.0009259259259259261,0.005702146690518783,0.004816351702871361,0.0061773255813953485,0.005210381540002817,0.0058457524210948865,0.00547643226361019,0.006332898456186127,0.00592990869176424,0.00035124692658939234,0.0003512469265893924,0.000380517503805175,0.0003805175038051751
AV9-2-CVLNTGYQNFYF-AJ49_BV13-1-CASSVAGREQYF-BJ2-7,RAYLFNSV,4,13,12,1,92.3076923076923,5,38.46153846153846,0.5384615384615384,0.0,3.0,7.0,0.9665369448808481,1.0144780599851475,0.04794111510429944,0.789136253557931,0.7779745310980152,-0.011161722459915868,0.9483777652077222,0.9450925069091571,-0.0032852582985650747,4.9733128320350595e-05,0.027244303755242654,0.008345902463549522,0.005321241887009109,0.009041394335511982,0.005735176795160542,0.0,0.0,0.0,0.0,0.014176528599605524,0.011360635345625475,0.015357905982905984,0.012283355249902993,0.016810359435260307,0.0070133396015301976,0.018211222721532,0.0074706619364404495,0.789136253557931,0.04641488254584253,0.7779745310980152,0.04897758722586386,0.06848387283907646,0.02546157869413515,0.07419086224233283,0.026975391816404272,0.025624589086127546,0.01402290535491374,0.027759971509971514,0.015066718935993532,0.0,0.0,0.0,0.0,0.006163708086785009,0.004176793477834669,0.006677350427350427,0.004506188461256659,0.006528599605522683,0.0036455018952152754,0.007072649572649573,0.003918696653883511,0.006640368178829717,0.003631548844087174,0.007193732193732194,0.003901807955784142,0.04739792391061226,0.01769347751306492,0.04493749449290687,0.019047955358218925,0.010691894236699946,0.0060552046158730355,0.01158288542309161,0.006511048577723395
AV16-CAMREDSNYQLIW-AJ33_BV3-CASSQGQISNERLFF-BJ1-4,RAYLFNSV,4,12,11,1,91.66666666666667,2,16.666666666666668,0.4166666666666667,0.0,4.0,5.0,1.1546621002522561,1.2024153718911637,0.047753271638907524,0.7713368588645864,0.7583415083717565,-0.012995350492829849,0.9601446685556468,0.9570580769081893,-0.003086591647457504,3.172471089452067e-05,0.027572380893362967,0.021905525030525026,0.008655041705311345,0.021299533799533796,0.00945785524621563,0.0,0.0,0.0,0.0,0.016276863134848617,0.007074039758926217,0.01689077709948853,0.007719985607879512,0.026414192532613585,0.017376563950030125,0.028815482762851185,0.018852441113224105,0.7713368588645864,0.04477003934428824,0.7583415083717565,0.04693157515094874,0.020078032725491888,0.006863668142299103,0.02103750756200847,0.0074449458081871705,0.020200742240215924,0.009332126260821891,0.022037173352962826,0.010022939767317177,0.013480007212992695,0.006207640834876097,0.014705462414173849,0.006666309109369523,0.01395635090936563,0.008842536000050626,0.015225110082944325,0.00958628351792192,0.007490473572344916,0.004418111741089451,0.0073056248494844985,0.004835561060279479,0.0295944118142394,0.013874111043574494,0.030553211156659432,0.015161991732107387,0.032541483017889554,0.01545470188401777,0.03463399879007864,0.01677387926749214,0.02672505894488653,0.012101432475242849,0.029154609758058034,0.012986544611978042
AV21/DV12-CILRVAGANTGKLTF-AJ52_BV13-3-CASSARVEQYF-BJ2-7,VIVRFLTV,11,12,10,2,83.33333333333333,5,41.666666666666664,0.5833333333333334,0.0,2.0,7.0,1.0961640505329064,1.0663646800076312,-0.02979937052527526,0.7624525313637801,0.77463802674329,0.012185495379509859,0.8685405877613435,0.9481474173449254,0.0796068295835819,0.0025404196545190105,0.11462618171493316,0.0021929824561403508,0.0021929824561403508,0.002631578947368421,0.0026315789473684206,0.0,0.0,0.0,0.0,0.008333333333333333,0.008333333333333335,0.01,0.009999999999999998,0.015873015873015872,0.010801446552366428,0.019047619047619046,0.012821820969367865,0.026141141141141137,0.01420261771451739,0.03136936936936937,0.01666207669073593,0.10463414924715235,0.04590957513941572,0.05562633857370699,0.015013063343670578,0.035815647010177455,0.01095476027105308,0.027510366826156298,0.009691488499588478,0.0,0.0,0.0,0.0,0.011915204678362573,0.007305255010198264,0.014298245614035088,0.008630487339649218,0.002976190476190476,0.002976190476190475,0.0035714285714285713,0.0035714285714285704,0.053125188174207784,0.01421455938047227,0.05416416916416916,0.017116916152495724,0.7330407666578976,0.07076238032806151,0.77463802674329,0.06576249082704105,0.005952380952380952,0.00595238095238095,0.007142857142857143,0.007142857142857141
AV13-2-CAIDTNTGKLTF-AJ27_BV13-3-CASSDANSDYTF-BJ1-2,SNYLFTKL,6,12,10,2,83.33333333333333,4,33.333333333333336,0.5,0.0,2.0,6.0,0.8303122201025541,0.7481243877985255,-0.0821878323040286,0.7930129808636194,0.8312859067066729,0.03827292584305353,0.7568840568180839,0.7504935215694937,-0.0063905352485902345,0.0009105080006656108,0.08448112012915003,0.00393719806763285,0.003333134425971078,0.00472463768115942,0.003985094401103101,0.0,0.0,0.0,0.0,0.0033333333333333335,0.0033333333333333335,0.004,0.004,0.01375,0.010644478580110172,0.0165,0.012694049349553076,0.038824416112745626,0.027811001950667606,0.03230358504958047,0.031506663421514064,0.03878895806971017,0.014410475504974903,0.046546749683652196,0.016261870304273333,0.7241724011534744,0.08678574777191898,0.748677211054499,0.0965285276181685,0.0006038647342995169,0.0006038647342995169,0.0007246376811594203,0.0007246376811594204,0.0020325203252032522,0.0020325203252032522,0.0024390243902439024,0.002439024390243903,0.011904761904761904,0.0119047619047619,0.0,0.0,0.13641967001126598,0.07520997759789091,0.11260470291461808,0.08768437350595182,0.018147724383422322,0.017499298863275895,0.02177726926010679,0.02098447708095806,0.008085151904150621,0.004751818570817286,0.009702182284980746,0.0056012336827639
AV16/DV11-CAMREEGGRALIF-AJ15_BV13-1-CASKDTYEQYF-BJ2-7,RTYTYEKL,5,12,12,0,100.0,0,0.0,0.0,0.0,0.0,0.0,0.303533728279313,0.303533728279313,0.0,0.9520333255503856,0.9520333255503856,0.0,0.49622199672301653,0.49622199672301653,0.0,0.0,0.0,0.0019327182339063025,0.0018046187023776853,0.0019327182339063025,0.0018046187023776853,0.0,0.0,0.0,0.0,0.00423728813559322,0.004237288135593221,0.00423728813559322,0.004237288135593221,0.006153184165232358,0.005937494542155899,0.006153184165232358,0.005937494542155899,0.0018656648939579569,0.0011135309797906754,0.0018656648939579569,0.0011135309797906754,0.576304134258769,0.13802855350064905,0.576304134258769,0.13802855350064905,0.39679807049706556,0.13841550430200028,0.39679807049706556,0.13841550430200028,0.0,0.0,0.0,0.0,0.00321843853820598,0.002964001899539271,0.00321843853820598,0.002964001899539271,0.0,0.0,0.0,0.0,0.004636200295780335,0.0017542779108359516,0.004636200295780335,0.0017542779108359516,0.0034119504513280084,0.001817308929638598,0.0034119504513280084,0.001817308929638598,0.001442350530161276,0.0010333653599536874,0.001442350530161276,0.0010333653599536874
AV16/DV11-CAMREDSNYQLIW-AJ33_BV3-CASSPGQISNERLFF-BJ1-4,RAYLFNSV,4,12,12,0,100.0,3,25.0,0.25,0.0,1.0,3.0,0.632872319959778,0.632872319959778,0.0,0.879503975503233,0.879503975503233,0.0,0.8316468344037059,0.8316468344037059,0.0,0.0,0.0,0.0025252525252525255,0.0025252525252525255,0.0025252525252525255,0.0025252525252525255,0.0,0.0,0.0,0.0,0.0,0.0,0.0,0.0,0.011498552213364299,0.005328978762307785,0.011498552213364299,0.005328978762307785,0.7961706421698996,0.07578218185792936,0.7961706421698996,0.07578218185792936,0.02140157809400083,0.00883526826995346,0.02140157809400083,0.00883526826995346,0.0350971488163943,0.01539896784928194,0.0350971488163943,0.01539896784928194,0.0,0.0,0.0,0.0,0.0020325203252032522,0.0020325203252032522,0.0020325203252032522,0.0020325203252032522,0.0012626262626262627,0.0012626262626262627,0.0012626262626262627,0.0012626262626262627,0.1170467688796377,0.08106320807024699,0.1170467688796377,0.08106320807024699,0.009341722307824003,0.006668349527280288,0.009341722307824003,0.006668349527280288,0.0036231884057971015,0.003623188405797101,0.0036231884057971015,0.003623188405797101
AV16-CAMREDTGYQNFYF-AJ49_BV13-1-CASSDPGDGVFF-BJ1-1,SVYVYKVL,8,12,10,2,83.33333333333333,4,33.333333333333336,0.5833333333333334,0.0,3.0,7.0,1.4560600387907823,1.440788920811708,-0.015271117979074322,0.6006490785902551,0.6207788943083061,0.02012981571805106,0.7825046366639499,0.787453415186451,0.004948778522501085,0.0012282962106167084,0.08093376122787879,0.027777777777777776,0.019937237849035373,0.03333333333333333,0.023715274953454994,0.0,0.0,0.0,0.0,0.003968253968253968,0.003968253968253968,0.0047619047619047615,0.0047619047619047615,0.03173076923076923,0.014794702961200635,0.03807692307692308,0.017151665612476164,0.04197191697191697,0.03188032864832667,0.05036630036630037,0.03799575509469271,0.13690612220023984,0.030809469947593367,0.1392873466402878,0.03674008677534115,0.0870808929632459,0.03586569879167905,0.07116373822256175,0.03317312796656529,0.0,0.0,0.0,0.0,0.5849795629207394,0.0559178410157835,0.6019754755048872,0.0651082603589677,0.0,0.0,0.0,0.0,0.06123829873829873,0.031033875770411497,0.040152625152625146,0.02233519827903684,0.02434640522875817,0.009243839484504506,0.02088235294117647,0.008873812479881671,0.0,0.0,0.0,0.0
AV7-5-CAVSTYYGSSGNKLIF-AJ32_BV13-2-CASGLGGDTQYF-BJ2-5,VSFTYRYL,12,12,12,0,100.0,3,25.0,0.25,0.0,1.0,3.0,1.0139015855737052,1.0139015855737052,0.0,0.7493634468673167,0.7493634468673167,0.0,0.7999590381410575,0.7999590381410575,0.0,0.0,0.0,0.008333333333333333,0.008333333333333335,0.008333333333333333,0.008333333333333335,0.0,0.0,0.0,0.0,0.0,0.0,0.0,0.0,0.008333333333333333,0.008333333333333335,0.008333333333333333,0.008333333333333335,0.013755199049316694,0.008781918926571151,0.013755199049316694,0.008781918926571151,0.0806411639615974,0.037907852630214185,0.0806411639615974,0.037907852630214185,0.07968508708640287,0.025647303540231627,0.07968508708640287,0.025647303540231627,0.013888888888888888,0.013888888888888888,0.013888888888888888,0.013888888888888888,0.0,0.0,0.0,0.0,0.012719298245614035,0.00905735785281549,0.012719298245614035,0.00905735785281549,0.038604323308270676,0.017701574114791,0.038604323308270676,0.017701574114791,0.02800925925925926,0.014708391688780333,0.02800925925925926,0.014708391688780333,0.7160301135339835,0.0790540966608298,0.7160301135339835,0.0790540966608298
AV6D-7-CALVASSGSWQLIF-AJ22_BV13-2-CASGDAGASQNTLYF-BJ2-4,VAFDFTKV,9,12,12,0,100.0,1,8.333333333333334,0.08333333333333333,0.0,1.0,1.0,0.9642981846747225,0.9642981846747225,0.0,0.8021703728127817,0.8021703728127817,0.0,0.9670455836251445,0.9670455836251445,0.0,0.0,0.0,0.005555555555555556,0.005555555555555556,0.005555555555555556,0.005555555555555556,0.0,0.0,0.0,0.0,0.0,0.0,0.0,0.0,0.04668549204872665,0.014959486713867261,0.04668549204872665,0.014959486713867261,0.02536500458334996,0.009619013076806923,0.02536500458334996,0.009619013076806923,0.030271063381730898,0.014173458574498829,0.030271063381730898,0.014173458574498829,0.04967640252349495,0.021876741941607547,0.04967640252349495,0.021876741941607547,0.0,0.0,0.0,0.0,0.007185456858347685,0.0043763756908223195,0.007185456858347685,0.0043763756908223195,0.8021703728127817,0.03571965722018234,0.8021703728127817,0.03571965722018234,0.023170700291843666,0.010472712343584054,0.023170700291843666,0.010472712343584054,0.003509695533912433,0.002886117177336869,0.003509695533912433,0.002886117177336869,0.006410256410256411,0.006410256410256411,0.006410256410256411,0.006410256410256411
AV12-2-CALSLSSGSWQLIF-AJ22_BV13-1-CASSDQGTEVFF-BJ1-1,SSYTFPKM,7,12,12,0,100.0,2,16.666666666666668,0.16666666666666666,0.0,1.0,2.0,1.4192397957235856,1.4192397957235856,0.0,0.5796433132640029,0.5796433132640029,0.0,0.5248199799503014,0.5248199799503014,0.0,0.0,0.0,0.02314814814814815,0.015976643851937967,0.02314814814814815,0.015976643851937967,0.0,0.0,0.0,0.0,0.05092592592592593,0.030165348463281685,0.05092592592592593,0.030165348463281685,0.03518518518518519,0.023761241194750368,0.03518518518518519,0.023761241194750368,0.0,0.0,0.0,0.0,0.1319740923189199,0.05284269706545808,0.1319740923189199,0.05284269706545808,0.06441114760080277,0.026144200009057282,0.06441114760080277,0.026144200009057282,0.4764687100893998,0.08975555582602872,0.4764687100893998,0.08975555582602872,0.06792328042328043,0.026434117217992426,0.06792328042328043,0.026434117217992426,0.03783068783068783,0.02051974492146387,0.03783068783068783,0.02051974492146387,0.058429118773946354,0.037177271874896466,0.058429118773946354,0.037177271874896466,0.009259259259259259,0.00925925925925926,0.009259259259259259,0.00925925925925926,0.044444444444444446,0.03106779090753475,0.044444444444444446,0.03106779090753475
AV15D-1/DV6D-1-CALWELARMGYKLTF-AJ9_BV13-1-CASSDGVHYAEQFF-BJ2-1,VIVRFLTV,11,12,12,0,100.0,2,16.666666666666668,0.16666666666666666,0.0,1.0,2.0,0.6576073381588444,0.6576073381588444,0.0,0.8545569880680005,0.8545569880680005,0.0,0.8277592138489295,0.8277592138489295,0.0,0.0,0.0,0.0,0.0,0.0,0.0,0.0,0.0,0.0,0.0,0.0013057672025236831,0.0006831896608681574,0.0013057672025236831,0.0006831896608681574,0.00398142685376728,0.0021562979687849006,0.00398142685376728,0.0021562979687849006,0.03539006672308253,0.020107977098994468,0.03539006672308253,0.020107977098994468,0.06505456611527748,0.04043535910870125,0.06505456611527748,0.04043535910870125,0.05372424503858659,0.04081580347955785,0.05372424503858659,0.04081580347955785,0.000462962962962963,0.00046296296296296303,0.000462962962962963,0.00046296296296296303,0.0055638769915362955,0.0031685702462632536,0.0055638769915362955,0.0031685702462632536,0.0045045045045045045,0.0045045045045045045,0.0045045045045045045,0.0045045045045045045,0.015996136080298488,0.005619991982345098,0.015996136080298488,0.005619991982345098,0.812890321401334,0.07813852840316154,0.812890321401334,0.07813852840316154,0.0011261261261261261,0.0011261261261261261,0.0011261261261261261,0.0011261261261261261
AV3D-3-CAVTSSSGSWQLIF-AJ22_BV5-CASSPDRGDERLFF-BJ1-4,HIYEFPQL,2,12,11,1,91.66666666666667,2,16.666666666666668,0.4166666666666667,0.0,3.0,5.0,2.185284655846408,2.12738490104673,-0.05789975479967824,0.36986614964556136,0.38209997073633434,0.012233821090772978,0.4235768090183904,0.4165865047999597,-0.006990304218430721,0.0029711684499242885,0.07384176775888006,0.09526876990112283,0.03668739203565358,0.0985819735819736,0.04002480354600533,0.0,0.0,0.0,0.0,0.17887205387205388,0.08316204380088922,0.19513314967860423,0.08934093547066457,0.05519541732777027,0.0212598376591706,0.05486558895649805,0.02328618244040338,0.08382219632219633,0.03423261292163599,0.09144239598785053,0.03655906472268878,0.13891523781229664,0.04059816019009849,0.1355011150465696,0.04431551931179111,0.08214391817332993,0.024884172264517435,0.06822117276662731,0.022593251814565857,0.006410256410256411,0.006410256410256411,0.006993006993006993,0.006993006993006995,0.08701837378307968,0.03051019677215336,0.0842339478703115,0.033282771748972276,0.023420479302832243,0.01872057235198647,0.0202020202020202,0.020202020202020204,0.13213914353620235,0.026358870103921763,0.1281090121999213,0.028535200883843363,0.1005799755799756,0.03244984689052398,0.10972360972360971,0.034106653624168114,0.016214177978883863,0.0112152478061929,0.006993006993006993,0.006993006993006995
AV16/DV11-CAMREGPTNAYKVIF-AJ30_BV13-2-CASGDTYEQYF-BJ2-7,RTYTYEKL,5,12,11,1,91.66666666666667,6,50.0,0.9166666666666666,0.5,4.0,11.0,0.6147154800160598,0.599858499680558,-0.014856980335501757,0.9035310381436016,0.9052197005009844,0.001688662357382853,0.9962733164854836,0.9961375562766451,-0.00013576020883843132,8.521965715768687e-06,0.012133350895892325,0.0040838973943305565,0.002095103116248552,0.0036506555645311623,0.0022454643843872833,0.0,0.0,0.0,0.0,0.00356175871429714,0.0016701638319037379,0.003081049731767435,0.0017521527671460497,0.011107733802191183,0.004127102897326166,0.009704012096356594,0.004251476500843469,0.010411128832181463,0.006475923852072791,0.011357595089652506,0.007017845084751933,0.9035310381436016,0.01786650682129525,0.9052197005009844,0.01948416235114503,0.017689734297029195,0.006075535398896845,0.015275365813975532,0.006107335446292675,0.0030181361302305254,0.002035451802022352,0.0016835016835016834,0.0016835016835016836,0.012100600085181582,0.005717427352384867,0.013200654638379909,0.00614610662222382,0.001829095499394595,0.001474650639176877,0.0019953769084304672,0.0016050962590326416,0.01305520898101209,0.006453825536672474,0.013437540931820107,0.007057394958809979,0.00825336186359231,0.0038414039615935268,0.009003667487555246,0.004126997824103525,0.011358306256957938,0.005058556798735167,0.012390879553045022,0.0054246978836692055
AV16-CAMREDSNYQLIW-AJ33_BV3-CASSPGQISNERLFF-BJ1-4,RAYLFNSV,4,12,12,0,100.0,0,0.0,0.0,0.0,0.0,0.0,1.005096320424738,1.005096320424738,0.0,0.758536402038454,0.758536402038454,0.0,0.8557991275116303,0.8557991275116303,0.0,0.0,0.0,0.0,0.0,0.0,0.0,0.0,0.0,0.0,0.0,0.02157738095238095,0.016206828525103065,0.02157738095238095,0.016206828525103065,0.014285714285714285,0.009790634526319173,0.014285714285714285,0.009790634526319173,0.7307586242606762,0.06454769832705953,0.7307586242606762,0.06454769832705953,0.08691168327796235,0.04123419661136468,0.08691168327796235,0.04123419661136468,0.06697550815197874,0.025998983612445573,0.06697550815197874,0.025998983612445573,0.0,0.0,0.0,0.0,0.008333333333333333,0.008333333333333335,0.008333333333333333,0.008333333333333335,0.0,0.0,0.0,0.0,0.03739550083599331,0.01628294713095632,0.03739550083599331,0.01628294713095632,0.02855392156862745,0.014995431932318956,0.02855392156862745,0.014995431932318956,0.005208333333333333,0.005208333333333333,0.005208333333333333,0.005208333333333333
AV19-CAAGNQGGSAKLIF-AJ57_BV19-CASSYSGAEQFF-BJ2-1,VIVRFLTV,11,12,11,1,91.66666666666667,5,41.666666666666664,0.75,0.0,4.0,9.0,0.7511622115566711,0.7127466981480561,-0.03841551340861493,0.8413262305889658,0.852153867713215,0.010827637124249168,0.8334981106132527,0.8198539797981039,-0.013644130815148814,8.132326941989731e-05,0.024709684488036215,0.0021929824561403508,0.0021929824561403508,0.0023923444976076554,0.002392344497607656,0.0,0.0,0.0,0.0,0.0023148148148148147,0.002314814814814815,0.0,0.0,0.0,0.0,0.0,0.0,0.03548263734686279,0.010495346959623267,0.033657826600617995,0.011321963091792668,0.10407706093189965,0.07418219144048566,0.09586184424894101,0.08076267262862147,0.012884160756501182,0.008515487431021705,0.01405544809800129,0.00923958519533406,0.0,0.0,0.0,0.0,0.02156862745098039,0.011637758339750979,0.02352941176470588,0.012566276013974456,0.0026881720430107525,0.0026881720430107525,0.002932551319648094,0.0029325513196480934,0.034872721018231856,0.01971152627641073,0.03804296838352566,0.021311793911967476,0.7746595639222992,0.07061052649284374,0.7794265949859422,0.07717348145394126,0.009259259259259259,0.00925925925925926,0.0101010101010101,0.010101010101010102
AV16/DV11-CAMREPYQGGRALIF-AJ15_BV13-2-CASGDQGASGNTLYF-BJ1-3,RTYTYEKL,5,12,11,1,91.66666666666667,3,25.0,0.3333333333333333,0.0,2.0,4.0,0.6882041555826861,0.5836093886518741,-0.10459476693081204,0.8254112846425361,0.8430324062129103,0.01762112157037421,0.6076031270520912,0.6798919167879611,0.07228878973586994,0.0027793650471347187,0.12829221743953048,0.0002880307232771496,0.00020628462599876538,0.00031421533448416314,0.00022414561265227936,0.0,0.0,0.0,0.0,0.006578947368421052,0.006578947368421051,0.0,0.0,0.0034761055244891376,0.002341658048682921,0.001399770620016858,0.0011860164154504417,0.22699496290555699,0.08550768193324634,0.19021460068166024,0.08456076128519309,0.6680178009332631,0.11898181010421204,0.7287466919271961,0.112082146308795,0.028060414341309656,0.0178282974811461,0.021041983109179912,0.017952932265770046,0.0,0.0,0.0,0.0,0.035144927536231885,0.03319371046509507,0.0383399209486166,0.036193056210307196,0.005975957377821631,0.004414696711269085,0.00173453723513556,0.0013415970597941568,0.01588390768320093,0.006885954519392824,0.010150865797941685,0.004178315505321669,0.007422508881782769,0.003488296927899297,0.005704937918882636,0.003325928221341042,0.002156436724645739,0.0013544047207188314,0.002352476426886261,0.001468052008336586
AV14-1-CAASADTGNYKYVF-AJ40_BV13-3-CASSGTGTQNTLYF-BJ2-4,VGPRYTNL,10,12,10,2,83.33333333333333,7,58.333333333333336,0.75,1.0,2.0,9.0,1.6613273758482332,1.5717179805627515,-0.08960939528548173,0.5244468840323767,0.5374170689196601,0.012970184887283409,0.8283533866588333,0.8469069621322473,0.018553575473413964,0.0020856932273443096,0.0853069939388825,0.009343434343434343,0.006433201617604544,0.006666666666666666,0.006666666666666665,0.0,0.0,0.0,0.0,0.009994775339602925,0.005263100491545797,0.007448275862068965,0.004982516665432301,0.020095785440613027,0.01395901775169682,0.007448275862068965,0.004982516665432301,0.027043681531081398,0.00952742427202961,0.027906963291843133,0.011007122025243815,0.10469274045803079,0.02985428795177547,0.10088381380216219,0.035972125450778866,0.024968877698381065,0.00949783425804384,0.025417198692602738,0.010986077848420765,0.001851851851851852,0.0018518518518518521,0.0022222222222222222,0.002222222222222222,0.012265196682911282,0.007626937319369204,0.005627326928584446,0.003166758808888123,0.001851851851851852,0.0018518518518518521,0.0022222222222222222,0.002222222222222222,0.4610049938663486,0.05412843067403104,0.5001756896093152,0.0553058114179047,0.31973452228214083,0.046549034581548215,0.3053985984557407,0.04941921977806289,0.007152288653752006,0.004216089604310964,0.008582746384502408,0.004970559733337225
AV14-1-CAARYTEGADRLTF-AJ45_BV3-CASSLAGGYEQYF-BJ2-7,VGPRYTNL,10,12,12,0,100.0,7,58.333333333333336,0.8333333333333334,1.0,2.0,10.0,1.0135220139521735,1.0135220139521735,0.0,0.7940231827600431,0.7940231827600431,0.0,0.9488662967310141,0.9488662967310141,0.0,0.0,0.0,0.008778500807102501,0.00522551829915204,0.008778500807102501,0.00522551829915204,0.0,0.0,0.0,0.0,0.009831494182930523,0.003982323350340691,0.009831494182930523,0.003982323350340691,0.02129108861392326,0.016717312829535792,0.02129108861392326,0.016717312829535792,0.04535678609355708,0.021042162314225,0.04535678609355708,0.021042162314225,0.0417029682314392,0.01763426440180589,0.0417029682314392,0.01763426440180589,0.0245089463603827,0.010617457662083808,0.0245089463603827,0.010617457662083808,0.0,0.0,0.0,0.0,0.01579519020251779,0.007220298253399401,0.01579519020251779,0.007220298253399401,0.013450486295313882,0.007505166617596719,0.013450486295313882,0.007505166617596719,0.7940231827600431,0.046906147953610464,0.7940231827600431,0.046906147953610464,0.00940211576388675,0.0037502975805780918,0.00940211576388675,0.0037502975805780918,0.015859240688903244,0.008994139394341046,0.015859240688903244,0.008994139394341046
AV14-2-CAASASSGSWQLIF-AJ22_BV31-CAWSLAGSGNTLYF-BJ1-3,RTYTYEKL,5,12,11,1,91.66666666666667,2,16.666666666666668,0.4166666666666667,0.0,3.0,5.0,1.31656902869624,1.2068815291764141,-0.10968749951982582,0.4667201752495871,0.47127049421167067,0.004550318962083577,,,,0.003215433762688291,0.07985897000602885,0.043257828772534666,0.017199230864628164,0.04340247987306811,0.018840147082033916,0.0,0.0,0.0,0.0,0.023809523809523808,0.0238095238095238,0.025974025974025972,0.025974025974025965,0.04014194139194139,0.018250217270186934,0.03242757242757243,0.01811824302377944,0.0033333333333333335,0.003333333333333333,0.0036363636363636364,0.003636363636363636,0.4331553604347722,0.10159717467931605,0.4611694841106606,0.10697959493749164,0.0615686274509804,0.03598478345643295,0.02928698752228164,0.017417245382214015,0.0033333333333333335,0.003333333333333333,0.0036363636363636364,0.003636363636363636,0.09505132394838277,0.04310396998104332,0.09232871703459938,0.0471237473856191,0.014487179487179487,0.012777258034246142,0.015804195804195804,0.013922232187163965,0.04284777586248175,0.019563638353243568,0.04295514942573766,0.02143056928411609,0.05766339869281045,0.031994088796970285,0.05532976827094474,0.03495441409039885,0.014683706816059757,0.006445866644443609,0.012230710466004584,0.006529809097169691
AV7-3-CAVSSYGSSGNKLIF-AJ32_BV13-2-CASGDAGNNQAPLF-BJ1-5,INFDFPKL,3,12,12,0,100.0,3,25.0,0.25,0.0,1.0,3.0,0.9689072682536507,0.9689072682536507,0.0,0.8181259864866397,0.8181259864866397,0.0,0.9853672495036844,0.9853672495036844,0.0,0.0,0.0,0.005893517131155729,0.004070835788579697,0.005893517131155729,0.004070835788579697,0.0,0.0,0.0,0.0,0.0020996348461137194,0.0014273532692793576,0.0020996348461137194,0.0014273532692793576,0.8181259864866397,0.028611978128531012,0.8181259864866397,0.028611978128531012,0.035060202080347797,0.010993498564078535,0.035060202080347797,0.010993498564078535,0.024829571833894767,0.007733936998743695,0.024829571833894767,0.007733936998743695,0.016425747678272592,0.009369207271504407,0.016425747678272592,0.009369207271504407,0.0,0.0,0.0,0.0,0.00963830938564981,0.004833410022606029,0.00963830938564981,0.004833410022606029,0.06193469674255714,0.017512064748264704,0.06193469674255714,0.017512064748264704,0.008388373650675308,0.003326596117916116,0.008388373650675308,0.003326596117916116,0.006259252771554429,0.0028370602707235354,0.006259252771554429,0.0028370602707235354,0.011344707393138873,0.007233215299168815,0.011344707393138873,0.007233215299168815
AV12D-2-CALSDRDSGTYQRF-AJ13_BV13-3-CASSDRVSNERLFF-BJ1-4,RTYTYEKL,5,11,11,0,100.0,3,27.272727272727273,0.36363636363636365,0.0,2.0,4.0,0.4091043978443013,0.4091043978443013,0.0,0.9172857411003862,0.9172857411003862,0.0,0.9487016824657223,0.9487016824657223,0.0,0.0,0.0,0.0016297384841958305,0.0009046151885374449,0.0016297384841958305,0.0009046151885374449,0.0,0.0,0.0,0.0,0.0005509641873278236,0.0005509641873278236,0.0005509641873278236,0.0005509641873278236,0.0033011104080918246,0.0015685939463735833,0.0033011104080918246,0.0015685939463735833,0.0070201304437008385,0.002202190130176582,0.0070201304437008385,0.002202190130176582,0.9172857411003862,0.045879104058858505,0.9172857411003862,0.045879104058858505,0.010431484456756752,0.0033486489048301826,0.010431484456756752,0.0033486489048301826,0.0005509641873278236,0.0005509641873278236,0.0005509641873278236,0.0005509641873278236,0.001994703193810147,0.0011378822576249188,0.001994703193810147,0.0011378822576249188,0.0011183549657670041,0.0006307013822223969,0.0011183549657670041,0.0006307013822223969,0.04531286244779223,0.04049995311945046,0.04531286244779223,0.04049995311945046,0.008744621703845774,0.0028679106347913536,0.008744621703845774,0.0028679106347913536,0.002059324420997743,0.001128110593971322,0.002059324420997743,0.001128110593971322
AV7-3-CAVSRTGGLSGKLTF-AJ2_BV13-2-CASGDTGGQNTLYF-BJ2-4,SNYLFTKL,6,11,11,0,100.0,2,18.181818181818183,0.18181818181818182,0.0,1.0,2.0,1.091292384793695,1.091292384793695,0.0,0.7559447054779382,0.7559447054779382,0.0,0.93521818863665,0.93521818863665,0.0,0.0,0.0,0.013762626262626261,0.007397955593580935,0.013762626262626261,0.007397955593580935,0.0,0.0,0.0,0.0,0.0,0.0,0.0,0.0,0.005627185314685315,0.003908369791351623,0.005627185314685315,0.003908369791351623,0.056552342640534346,0.01977121876251341,0.056552342640534346,0.01977121876251341,0.07782221333565727,0.028176530616558056,0.07782221333565727,0.028176530616558056,0.7559447054779382,0.045231515208877505,0.7559447054779382,0.045231515208877505,0.0030303030303030303,0.003030303030303031,0.0030303030303030303,0.003030303030303031,0.0012285012285012285,0.0012285012285012285,0.0012285012285012285,0.0012285012285012285,0.03865706661759293,0.020479141907960074,0.03865706661759293,0.020479141907960074,0.02053683928683929,0.007918693434677429,0.02053683928683929,0.007918693434677429,0.017268838814891444,0.010141349695621438,0.017268838814891444,0.010141349695621438,0.009569377990430622,0.009569377990430622,0.009569377990430622,0.009569377990430622
AV3-3-CAVSAPEGADRLTF-AJ45_BV13-2-CASGDARDNQAPLF-BJ1-5,RAYLFNSV,4,11,11,0,100.0,4,36.36363636363637,0.36363636363636365,0.0,1.0,4.0,0.5915699291979752,0.5915699291979752,0.0,0.9095835633252517,0.9095835633252517,0.0,0.9967666873818672,0.9967666873818672,0.0,0.0,0.0,0.009420243538511173,0.007017661130127439,0.009420243538511173,0.007017661130127439,0.0,0.0,0.0,0.0,0.0023476869541444044,0.0012834210698249192,0.0023476869541444044,0.0012834210698249192,0.007733579072854452,0.005558756761489646,0.007733579072854452,0.005558756761489646,0.9095835633252517,0.013766478799544077,0.9095835633252517,0.013766478799544077,0.015204901738359039,0.003471563283660305,0.015204901738359039,0.003471563283660305,0.022683619414662744,0.00683207868713756,0.022683619414662744,0.00683207868713756,0.006098355325347118,0.003873125569514243,0.006098355325347118,0.003873125569514243,0.0033680428864127534,0.002393806189737931,0.0033680428864127534,0.002393806189737931,0.008953380673047236,0.006817814650778375,0.008953380673047236,0.006817814650778375,0.004741596135100526,0.002072717604227571,0.004741596135100526,0.002072717604227571,0.006489571736288608,0.002326711819597591,0.006489571736288608,0.002326711819597591,0.0033754592000201406,0.0019617372987595595,0.0033754592000201406,0.0019617372987595595
AV7D-3-CAVNNNNAPRF-AJ43_BV13-2-CASGDWGGAYEQYF-BJ2-7,SNYLFTKL,6,11,11,0,100.0,1,9.090909090909092,0.09090909090909091,0.0,1.0,1.0,0.5996789257577281,0.5996789257577281,0.0,0.8896105292346576,0.8896105292346576,0.0,0.8881468345277219,0.8881468345277219,0.0,0.0,0.0,0.0029878526645768025,0.0020072728820371296,0.0029878526645768025,0.0020072728820371296,0.0,0.0,0.0,0.0,0.0,0.0,0.0,0.0,0.009071178327601253,0.0045366661738444215,0.009071178327601253,0.0045366661738444215,0.01606402768641858,0.006961225342469281,0.01606402768641858,0.006961225342469281,0.029371277926099358,0.00966252679110129,0.029371277926099358,0.00966252679110129,0.8536010841343035,0.057741106743091186,0.8536010841343035,0.057741106743091186,0.003305785123966942,0.0033057851239669425,0.003305785123966942,0.0033057851239669425,0.0,0.0,0.0,0.0,0.002932551319648094,0.0029325513196480934,0.002932551319648094,0.0029325513196480934,0.07417923547604337,0.06093207880488525,0.07417923547604337,0.06093207880488525,0.007498865048851969,0.0031962177067966294,0.007498865048851969,0.0031962177067966294,0.0009881422924901185,0.0009881422924901185,0.0009881422924901185,0.0009881422924901185
AV10-CAAYTEGADRLTF-AJ45_BV13-1-CASSVGFTGQLYF-BJ2-2,VIVRFLTV,11,11,11,0,100.0,3,27.272727272727273,0.2727272727272727,0.0,1.0,3.0,0.9893250899256337,0.9893250899256337,0.0,0.7973308432056107,0.7973308432056107,0.0,0.926107329486163,0.926107329486163,0.0,0.0,0.0,0.00707247298156389,0.006172517783807235,0.00707247298156389,0.006172517783807235,0.0,0.0,0.0,0.0,0.0,0.0,0.0,0.0,0.021228771228771228,0.015213004590096129,0.021228771228771228,0.015213004590096129,0.029579122637672615,0.010999532358282915,0.029579122637672615,0.010999532358282915,0.04707553171544214,0.014776878656874413,0.04707553171544214,0.014776878656874413,0.032889742789310124,0.01460786000139381,0.032889742789310124,0.01460786000139381,0.0,0.0,0.0,0.0,0.013150091917215202,0.00825585000110182,0.013150091917215202,0.00825585000110182,0.00390514159675001,0.0022340813204602705,0.00390514159675001,0.0022340813204602705,0.04123534118419699,0.01628295300393931,0.04123534118419699,0.01628295300393931,0.7973308432056107,0.06215476752446564,0.7973308432056107,0.06215476752446564,0.006532940743467059,0.004927135554869034,0.006532940743467059,0.004927135554869034
AV10N-CAASLDSNYQLIW-AJ33_BV19-CASSSSGTTNQAPLF-BJ1-5,RTYTYEKL,5,11,11,0,100.0,5,45.45454545454545,0.45454545454545453,0.0,1.0,5.0,1.0103771870988563,1.0103771870988563,0.0,0.7961883611118743,0.7961883611118743,0.0,0.9327520038409066,0.9327520038409066,0.0,0.0,0.0,0.009891604636317304,0.005378367088586845,0.009891604636317304,0.005378367088586845,0.0,0.0,0.0,0.0,0.0021645021645021645,0.0021645021645021645,0.0021645021645021645,0.0021645021645021645,0.009379067679742505,0.004383780792723264,0.009379067679742505,0.004383780792723264,0.04326047964995739,0.015256374088711045,0.04326047964995739,0.015256374088711045,0.7961883611118743,0.0530542906535592,0.7961883611118743,0.0530542906535592,0.01943507463979539,0.00629451162668734,0.01943507463979539,0.00629451162668734,0.0036307778243262114,0.0024900366589345226,0.0036307778243262114,0.0024900366589345226,0.0064938208599113305,0.0030626083092885966,0.0064938208599113305,0.0030626083092885966,0.009110530139521565,0.005086282305621953,0.009110530139521565,0.005086282305621953,0.02694106504923327,0.012259597869084518,0.02694106504923327,0.012259597869084518,0.048625545749557714,0.03135860519923205,0.048625545749557714,0.03135860519923205,0.02487917049526097,0.017696887278680042,0.02487917049526097,0.017696887278680042
AV8D-2-CATDNYAQGLTF-AJ26_BV3-CASSLAREYEQYF-BJ2-7,VGPRYTNL,10,11,11,0,100.0,4,36.36363636363637,0.45454545454545453,0.0,2.0,5.0,0.8856336176576002,0.8856336176576002,0.0,0.7983985577010118,0.7983985577010118,0.0,0.9582449175668976,0.9582449175668976,0.0,0.0,0.0,0.10308241342418331,0.032697408733502346,0.10308241342418331,0.032697408733502346,0.0,0.0,0.0,0.0,0.008658008658008658,0.008658008658008658,0.008658008658008658,0.008658008658008658,0.001567398119122257,0.001567398119122257,0.001567398119122257,0.001567398119122257,0.011201785470900914,0.006546056657302928,0.011201785470900914,0.006546056657302928,0.030219710718803274,0.014476655049167928,0.030219710718803274,0.014476655049167928,0.018331927449441062,0.010741240389068745,0.018331927449441062,0.010741240389068745,0.004329004329004329,0.004329004329004329,0.004329004329004329,0.004329004329004329,0.0013670539986329459,0.0013670539986329459,0.0013670539986329459,0.0013670539986329459,0.011363636363636364,0.011363636363636362,0.011363636363636364,0.011363636363636362,0.7983985577010118,0.03943637149026952,0.7983985577010118,0.03943637149026952,0.004702194357366771,0.0047021943573667705,0.004702194357366771,0.0047021943573667705,0.0067783094098883565,0.004400440083356106,0.0067783094098883565,0.004400440083356106
AV5-4-CAASADYNQGKLIF-AJ23_BV3-CASSLGLGYEQYF-BJ2-7,VGPRYTNL,10,11,11,0,100.0,3,27.272727272727273,0.2727272727272727,0.0,1.0,3.0,0.706127912354214,0.706127912354214,0.0,0.8830310314394582,0.8830310314394582,0.0,0.9944854766444563,0.9944854766444563,0.0,0.0,0.0,0.011212696222183889,0.007531490493245359,0.011212696222183889,0.007531490493245359,0.0,0.0,0.0,0.0,0.003587409179514442,0.0019556009209702628,0.003587409179514442,0.0019556009209702628,0.00624934788117277,0.003708387579988633,0.00624934788117277,0.003708387579988633,0.021475827215865165,0.00826581080127795,0.021475827215865165,0.00826581080127795,0.026832882429307817,0.006455847398110478,0.026832882429307817,0.006455847398110478,0.010717533956698043,0.005345686490802307,0.010717533956698043,0.005345686490802307,0.0023158933318716255,0.001619462798804605,0.0023158933318716255,0.001619462798804605,0.004112480700888901,0.0021991540618825447,0.004112480700888901,0.0021991540618825447,0.0036764705882352936,0.002467635037154587,0.0036764705882352936,0.002467635037154587,0.8830310314394582,0.014512259419165943,0.8830310314394582,0.014512259419165943,0.022361368305315238,0.011137660737046617,0.022361368305315238,0.011137660737046617,0.004427058749488655,0.0024284672267243113,0.004427058749488655,0.0024284672267243113
AV8D-2-CATDATNYNVLYF-AJ21_BV3-CASSLQQEYEQYF-BJ2-7,VGPRYTNL,10,11,11,0,100.0,3,27.272727272727273,0.2727272727272727,0.0,1.0,3.0,0.8922696253615965,0.8922696253615965,0.0,0.8341248822946766,0.8341248822946766,0.0,0.9590514477447317,0.9590514477447317,0.0,0.0,0.0,0.003939640412477304,0.001917072900220098,0.003939640412477304,0.001917072900220098,0.0,0.0,0.0,0.0,0.027415280441914824,0.02685517147124045,0.027415280441914824,0.02685517147124045,0.00199301452185269,0.0010956895655331608,0.00199301452185269,0.0010956895655331608,0.026963621165109152,0.008237987432786226,0.026963621165109152,0.008237987432786226,0.05074938590269006,0.01577651758066556,0.05074938590269006,0.01577651758066556,0.01299692286886346,0.00497723623627201,0.01299692286886346,0.00497723623627201,0.00210828132906055,0.00142666947342267,0.00210828132906055,0.00142666947342267,0.00659963580236752,0.0035500105262637575,0.00659963580236752,0.0035500105262637575,0.0035521243563401885,0.0015541304267118663,0.0035521243563401885,0.0015541304267118663,0.8341248822946766,0.042988357887188855,0.8341248822946766,0.042988357887188855,0.023715444226103718,0.006692268140309388,0.023715444226103718,0.006692268140309388,0.005841766678543901,0.00237039031008432,0.005841766678543901,0.00237039031008432
AV13-1-CALVTGYQNFYF-AJ49_BV5-CASSQDRSQNTLYF-BJ2-4,VAFDFTKV,9,11,11,0,100.0,2,18.181818181818183,0.2727272727272727,0.0,2.0,3.0,1.5019865994707238,1.5019865994707238,0.0,0.5935924078529365,0.5935924078529365,0.0,0.860685503447262,0.860685503447262,0.0,0.0,0.0,0.006329302881027019,0.003357250350312625,0.006329302881027019,0.003357250350312625,0.0,0.0,0.0,0.0,0.016956049871410375,0.007965628899126054,0.016956049871410375,0.007965628899126054,0.1953493045255024,0.040683004442409985,0.1953493045255024,0.040683004442409985,0.042723994918352284,0.021954271855619822,0.042723994918352284,0.021954271855619822,0.0547868129414079,0.022002251853935274,0.0547868129414079,0.022002251853935274,0.01532205168568805,0.014072466807103905,0.01532205168568805,0.014072466807103905,0.0010822510822510823,0.0010822510822510823,0.0010822510822510823,0.0010822510822510823,0.006269592476489028,0.006269592476489028,0.006269592476489028,0.006269592476489028,0.5935924078529365,0.057570950410877814,0.5935924078529365,0.057570950410877814,0.016725246192330834,0.00831161225705266,0.016725246192330834,0.00831161225705266,0.042657780815675554,0.02741788513900529,0.042657780815675554,0.02741788513900529,0.008205204756928895,0.004620430024237537,0.008205204756928895,0.004620430024237537
AV9-4-CAVSVDYANKMIF-AJ47_BV3-CASSWGGGYEQYF-BJ2-7,VGPRYTNL,10,10,10,0,100.0,1,10.0,0.1,0.0,1.0,1.0,0.4877307714878654,0.4877307714878654,0.0,0.9037775785541997,0.9037775785541997,0.0,0.9734588703472615,0.9734588703472615,0.0,0.0,0.0,0.0022598870056497176,0.0017260172109061541,0.0022598870056497176,0.0017260172109061541,0.0,0.0,0.0,0.0,0.0,0.0,0.0,0.0,0.016472313464760035,0.006040935835231593,0.016472313464760035,0.006040935835231593,0.004847176033616711,0.0025998661059931554,0.004847176033616711,0.0025998661059931554,0.04925582637447044,0.03546553148840315,0.04925582637447044,0.03546553148840315,0.012257610562695307,0.006070130461581621,0.012257610562695307,0.006070130461581621,0.0003861003861003861,0.0003861003861003861,0.0003861003861003861,0.0003861003861003861,0.0011583011583011582,0.001158301158301158,0.0011583011583011582,0.001158301158301158,0.0055059523809523805,0.0037122931035848523,0.0055059523809523805,0.0037122931035848523,0.9037775785541997,0.031508806961615995,0.9037775785541997,0.031508806961615995,0.004079254079254079,0.0028296593216208454,0.004079254079254079,0.0028296593216208454,0.0,0.0,0.0,0.0
AV6-2-CVLGEAGGSNAKLTF-AJ42_BV17-CASSRGQGSERLFF-BJ1-4,ATLVFHNL,0,10,10,0,100.0,3,30.0,0.3,0.0,1.0,3.0,1.1788071246019565,1.1788071246019565,0.0,0.6922914451140258,0.6922914451140258,0.0,0.7647168344538006,0.7647168344538006,0.0,0.0,0.0,0.6589581117806924,0.08534561743514726,0.6589581117806924,0.08534561743514726,0.0,0.0,0.0,0.0,0.03333333333333333,0.033333333333333326,0.03333333333333333,0.033333333333333326,0.0047619047619047615,0.0047619047619047615,0.0047619047619047615,0.0047619047619047615,0.03740399385560676,0.01658387510271396,0.03740399385560676,0.01658387510271396,0.03685897435897436,0.015680368283750842,0.03685897435897436,0.015680368283750842,0.058333333333333334,0.025250695666560366,0.058333333333333334,0.025250695666560366,0.041025641025641026,0.03336619024947544,0.041025641025641026,0.03336619024947544,0.0,0.0,0.0,0.0,0.0,0.0,0.0,0.0,0.06503899326479971,0.02088050156119386,0.06503899326479971,0.02088050156119386,0.06428571428571428,0.03620474516811759,0.06428571428571428,0.03620474516811759,0.0,0.0,0.0,0.0
AV16-CAMREDTEGADRLTF-AJ45_BV13-1-CASSQANYAEQFF-BJ2-1,VIVRFLTV,11,10,10,0,100.0,2,20.0,0.2,0.0,1.0,2.0,0.8722681218782412,0.8722681218782412,0.0,0.8222450156920991,0.8222450156920991,0.0,0.938801325211823,0.938801325211823,0.0,0.0,0.0,0.005682851837652135,0.0035706179963371654,0.005682851837652135,0.0035706179963371654,0.0,0.0,0.0,0.0,0.0026241863651935596,0.0019598906035719894,0.0026241863651935596,0.0019598906035719894,0.03924838917224562,0.02926042743933568,0.03924838917224562,0.02926042743933568,0.017685475577933516,0.007912487097231654,0.017685475577933516,0.007912487097231654,0.06462866004415573,0.02699070086961797,0.06462866004415573,0.02699070086961797,0.013049090467935709,0.004829768100664019,0.013049090467935709,0.004829768100664019,0.0011235955056179774,0.0011235955056179774,0.0011235955056179774,0.0011235955056179774,0.010957519698526891,0.008272001646664858,0.010957519698526891,0.008272001646664858,0.0007194244604316547,0.0007194244604316546,0.0007194244604316547,0.0007194244604316546,0.022035791178208187,0.007474972857781786,0.022035791178208187,0.007474972857781786,0.8222450156920991,0.05047370848512391,0.8222450156920991,0.05047370848512391,0.0,0.0,0.0,0.0
AV19-CAAGPMATGGNNKLTF-AJ56_BV12-2-CASSWGGYAEQFF-BJ2-1,VIVRFLTV,11,10,10,0,100.0,4,40.0,0.5,0.0,2.0,5.0,0.5003271607362108,0.5003271607362108,0.0,0.9118512397542107,0.9118512397542107,0.0,0.9954750144558709,0.9954750144558709,0.0,0.0,0.0,0.0,0.0,0.0,0.0,0.0,0.0,0.0,0.0,0.0,0.0,0.0,0.0,0.0035714285714285713,0.0035714285714285704,0.0035714285714285713,0.0035714285714285704,0.024267999191246573,0.00845188968714555,0.024267999191246573,0.00845188968714555,0.024950709770324035,0.008893163318960656,0.024950709770324035,0.008893163318960656,0.015748573676962425,0.009049113792855145,0.015748573676962425,0.009049113792855145,0.0,0.0,0.0,0.0,0.007407407407407407,0.007407407407407406,0.007407407407407407,0.007407407407407406,0.0013698630136986301,0.0013698630136986301,0.0013698630136986301,0.0013698630136986301,0.010832778614721646,0.006776201471270901,0.010832778614721646,0.006776201471270901,0.9118512397542107,0.01876665075035472,0.9118512397542107,0.01876665075035472,0.0,0.0,0.0,0.0
AV5-4-CAASVGGSAKLIF-AJ57_BV13-3-CASSDRDTEVFF-BJ1-1,SNYLFTKL,6,10,10,0,100.0,3,30.0,0.5,0.0,2.0,5.0,1.2850243772788632,1.2850243772788632,0.0,0.7084513923022515,0.7084513923022515,0.0,0.9050610414468903,0.9050610414468903,0.0,0.0,0.0,0.009552645364064955,0.005500492687806609,0.009552645364064955,0.005500492687806609,0.0,0.0,0.0,0.0,0.004,0.004,0.004,0.004,0.030321852060982497,0.021260473260536525,0.030321852060982497,0.021260473260536525,0.04556381957656057,0.01876122345192267,0.04556381957656057,0.01876122345192267,0.06976031872958147,0.023897705822273144,0.06976031872958147,0.023897705822273144,0.7084513923022515,0.06275771424427505,0.7084513923022515,0.06275771424427505,0.0,0.0,0.0,0.0,0.02128488902401946,0.0071269562666297715,0.02128488902401946,0.0071269562666297715,0.005204819277108435,0.00404730021396378,0.005204819277108435,0.00404730021396378,0.016585588324718757,0.008896202206724971,0.016585588324718757,0.008896202206724971,0.03938298893353896,0.017214570285974156,0.03938298893353896,0.017214570285974156,0.04989168640717332,0.029139342146560644,0.04989168640717332,0.029139342146560644
AV16-CAMREANYGNEKITF-AJ48_BV31-CAWSLRDINERLFF-BJ1-4,VIVRFLTV,11,10,10,0,100.0,2,20.0,0.3,0.0,2.0,3.0,0.6013014586138622,0.6013014586138622,0.0,0.8801872363989084,0.8801872363989084,0.0,0.971400349566206,0.971400349566206,0.0,0.0,0.0,0.004986289217337092,0.002388343567430138,0.004986289217337092,0.002388343567430138,0.0,0.0,0.0,0.0,0.0015094339622641509,0.0015094339622641509,0.0015094339622641509,0.0015094339622641509,0.009635953292120499,0.008808381402898838,0.009635953292120499,0.008808381402898838,0.016438056862306233,0.009189155448801096,0.016438056862306233,0.009189155448801096,0.05998675554449815,0.03201741221631689,0.05998675554449815,0.03201741221631689,0.015223980966311996,0.006839027716007789,0.015223980966311996,0.006839027716007789,0.0007633587786259542,0.0007633587786259541,0.0007633587786259542,0.0007633587786259541,0.0,0.0,0.0,0.0,0.00379746835443038,0.0037974683544303796,0.00379746835443038,0.0037974683544303796,0.0063205109453464,0.00549362685871656,0.0063205109453464,0.00549362685871656,0.8801872363989084,0.03825840730567324,0.8801872363989084,0.03825840730567324,0.0011509556778507603,0.0008168218110840077,0.0011509556778507603,0.0008168218110840077
AV5-1-CSASIGSGSWQLIF-AJ22_BV13-1-CASTGGVEQYF-BJ2-7,VIVRFLTV,11,10,10,0,100.0,3,30.0,0.3,0.0,1.0,3.0,0.8970169315848132,0.8970169315848132,0.0,0.8274278275903664,0.8274278275903664,0.0,0.9848368539453314,0.9848368539453314,0.0,0.0,0.0,0.010551948051948052,0.007565120856830786,0.010551948051948052,0.007565120856830786,0.0,0.0,0.0,0.0,0.0047619047619047615,0.0047619047619047615,0.0047619047619047615,0.0047619047619047615,0.0,0.0,0.0,0.0,0.02180652165172289,0.008189831794875663,0.02180652165172289,0.008189831794875663,0.03753735944138421,0.012551387576318927,0.03753735944138421,0.012551387576318927,0.02008403361344538,0.011514922037455322,0.02008403361344538,0.011514922037455322,0.007142857142857143,0.007142857142857141,0.007142857142857143,0.007142857142857141,0.01380952380952381,0.00921318848313108,0.01380952380952381,0.00921318848313108,0.0029411764705882353,0.0029411764705882353,0.0029411764705882353,0.0029411764705882353,0.0356035141329259,0.010937941855868853,0.0356035141329259,0.010937941855868853,0.8274278275903664,0.03110170197045003,0.8274278275903664,0.03110170197045003,0.018333333333333333,0.013709958532503405,0.018333333333333333,0.013709958532503405
AV16-CAMRDSNTGYQNFYF-AJ49_BV13-2-CASGDGGKNTLYF-BJ2-4,SNYLFTKL,6,10,8,2,80.0,3,30.0,0.5,0.0,2.0,5.0,1.5550240524237124,1.5989657251251508,0.04394167270143834,0.5339449929155811,0.5252743783993784,-0.008670614516202657,0.9368093152854804,0.9248185919392341,-0.01199072334624629,0.000212530006130085,0.034144959305963396,0.0016666666666666666,0.0016666666666666663,0.0020833333333333333,0.0020833333333333333,0.0,0.0,0.0,0.0,0.0,0.0,0.0,0.0,0.004696969696969697,0.0032921390884307605,0.005871212121212121,0.004053839381962499,0.01986539604186663,0.010872111763039363,0.023606254856254855,0.013383381119809664,0.022717895131688235,0.0065212295103404695,0.024087024087024088,0.007509361068131956,0.5089449929155812,0.03738421035544942,0.4940243783993784,0.04380510468322548,0.026666666666666665,0.02487003253955488,0.03333333333333333,0.031020986239989005,0.35483793899361854,0.020398573741929476,0.35476277195027195,0.024647096484160396,0.005555555555555555,0.005555555555555556,0.006944444444444444,0.006944444444444443,0.036309409826144105,0.008466096684264745,0.038625437062937064,0.010458711794374659,0.015111057524850629,0.006546465549916797,0.014578477078477078,0.007619503884934182,0.0036274509803921563,0.0024282167304914932,0.0020833333333333333,0.0020833333333333333
AV3D-3-CAVRGGSGGKLTL-AJ44_BV13-3-CASSGGPTGQLYF-BJ2-2,VSFTYRYL,12,10,10,0,100.0,1,10.0,0.1,0.0,1.0,1.0,1.468318902967035,1.468318902967035,0.0,0.5763520792932557,0.5763520792932557,0.0,0.39887897067207323,0.39887897067207323,0.0,0.0,0.0,0.0,0.0,0.0,0.0,0.0,0.0,0.0,0.0,0.04523809523809524,0.03300098870839967,0.04523809523809524,0.03300098870839967,0.13640109890109892,0.08356347532877022,0.13640109890109892,0.08356347532877022,0.019642857142857142,0.013690476190476189,0.019642857142857142,0.013690476190476189,0.248409825468649,0.05546455241653405,0.248409825468649,0.05546455241653405,0.04285714285714286,0.04285714285714285,0.04285714285714286,0.04285714285714285,0.0,0.0,0.0,0.0,0.05619047619047619,0.03131291851956876,0.05619047619047619,0.03131291851956876,0.014285714285714285,0.014285714285714282,0.014285714285714285,0.014285714285714282,0.11428571428571428,0.03477377125864407,0.11428571428571428,0.03477377125864407,0.014285714285714285,0.014285714285714282,0.014285714285714285,0.014285714285714282,0.30840336134453783,0.11240495392215635,0.30840336134453783,0.11240495392215635
AV9-4-CAVSADYANKMIF-AJ47_BV31-CAWSLAQGYEQYF-BJ2-7,SSYTFPKM,7,10,9,1,90.0,3,30.0,0.9,0.0,6.0,9.0,1.7935990672575008,1.7033057493246244,-0.09029331793287643,0.5157683982683984,0.5286315536315537,0.012863155363155299,0.47314234398976496,0.4572983253367695,-0.01584401865299545,0.0028625018779723232,0.08290764790764789,0.020833333333333332,0.013336226537953116,0.01574074074074074,0.013780440801978905,0.0,0.0,0.0,0.0,0.05818181818181818,0.02966603212247374,0.06464646464646465,0.03237054617972134,0.003333333333333333,0.0033333333333333327,0.003703703703703704,0.003703703703703704,0.211482683982684,0.09143329085353703,0.22757335257335257,0.10063012136416195,0.20917748917748918,0.0626069000563614,0.187974987974988,0.0658604384041091,0.07345238095238096,0.027187637107498698,0.07420634920634922,0.030385011587973933,0.2717099567099567,0.07509201419704963,0.28708513708513705,0.0821767487234115,0.0125,0.012499999999999999,0.013888888888888888,0.013888888888888888,0.02095238095238095,0.015078529634333863,0.015873015873015872,0.015873015873015872,0.06845238095238096,0.028000945931183612,0.061243386243386246,0.030250689420382528,0.04083333333333333,0.01934298928728187,0.03796296296296296,0.021386684189724253,0.00909090909090909,0.009090909090909089,0.010101010101010102,0.010101010101010102
AV8D-2-CAPYQGGRALIF-AJ15_BV13-1-CASSPTGLSDYTF-BJ1-2,HIYEFPQL,2,10,10,0,100.0,2,20.0,0.2,0.0,1.0,2.0,1.119530535878209,1.119530535878209,0.0,0.6958789869134696,0.6958789869134696,0.0,0.47235370542392185,0.47235370542392185,0.0,0.0,0.0,0.055706075533661734,0.03280958031270623,0.055706075533661734,0.03280958031270623,0.0,0.0,0.0,0.0,0.529212320246803,0.12242361567782031,0.529212320246803,0.12242361567782031,0.029761904761904757,0.016192226796113623,0.029761904761904757,0.016192226796113623,0.04652709359605911,0.02104911289277458,0.04652709359605911,0.02104911289277458,0.08217843459222769,0.03613571070139854,0.08217843459222769,0.03613571070139854,0.006896551724137931,0.00689655172413793,0.006896551724137931,0.00689655172413793,0.0,0.0,0.0,0.0,0.051067323481116575,0.03442053969220832,0.051067323481116575,0.03442053969220832,0.0,0.0,0.0,0.0,0.05277777777777777,0.03375504839547812,0.05277777777777777,0.03375504839547812,0.045872518286311385,0.03325353034288097,0.045872518286311385,0.03325353034288097,0.1,0.09999999999999999,0.1,0.09999999999999999
AV8-1-CATDGASSSFSKLVF-AJ50_BV1-CTCSADGVEQYF-BJ2-7,SVYVYKVL,8,10,9,1,90.0,3,30.0,0.4,0.0,2.0,4.0,1.090395991189742,1.0701055841179912,-0.020290407071750893,0.7450191840471546,0.7490953896820236,0.00407620563486899,0.940001192399052,0.9348288169357839,-0.005172375463268097,0.00010095383355746002,0.02376719941308384,0.0,0.0,0.0,0.0,0.0,0.0,0.0,0.0,0.004545454545454545,0.004545454545454544,0.005050505050505051,0.005050505050505051,0.008711433756805807,0.0059630836202548615,0.00967937084089534,0.00657851275587766,0.03676470588235294,0.02642061368276836,0.04084967320261438,0.029183939705051884,0.08581597710854677,0.025977184100187425,0.07683256715764457,0.027251432059367576,0.04194257887943166,0.026391935546864555,0.0419732357919611,0.029507061063065207,0.0058823529411764705,0.0058823529411764705,0.006535947712418301,0.006535947712418302,0.7450191840471546,0.04004232709587344,0.7490953896820236,0.0445361160586998,0.0029411764705882353,0.0029411764705882353,0.0032679738562091504,0.0032679738562091504,0.05723162553257567,0.017964983409894046,0.054331435776935944,0.019822005710164983,0.005263157894736842,0.005263157894736841,0.005847953216374269,0.005847953216374269,0.0058823529411764705,0.0058823529411764705,0.006535947712418301,0.006535947712418301
AV12-1-CALSDHGGSGGKLTL-AJ44_BV1-CTCSAVRISNERLFF-BJ1-4,RAYLFNSV,4,10,10,0,100.0,2,20.0,0.3,0.0,2.0,3.0,1.1626379340522726,1.1626379340522726,0.0,0.7598517709471057,0.7598517709471057,0.0,0.9622511701035988,0.9622511701035988,0.0,0.0,0.0,0.01150946585530764,0.005341522078621577,0.01150946585530764,0.005341522078621577,0.0,0.0,0.0,0.0,0.004248366013071896,0.0029951475130430326,0.004248366013071896,0.0029951475130430326,0.012924143132053884,0.004573477840198807,0.012924143132053884,0.004573477840198807,0.7598517709471057,0.03468199206933073,0.7598517709471057,0.03468199206933073,0.08927339901477832,0.029724718068786328,0.08927339901477832,0.029724718068786328,0.040250763435347614,0.018011987524050404,0.040250763435347614,0.018011987524050404,0.003970588235294117,0.0027560181954648225,0.003970588235294117,0.0027560181954648225,0.008175569078205994,0.0055441673861026655,0.008175569078205994,0.0055441673861026655,0.01374239350912779,0.009007562842351357,0.01374239350912779,0.009007562842351357,0.03664547870430223,0.014356848538387718,0.03664547870430223,0.014356848538387718,0.010203081232492996,0.005494034070285091,0.010203081232492996,0.005494034070285091,0.009204980842911877,0.005769865085101009,0.009204980842911877,0.005769865085101009
AV8N-2-CATDSAGNKLTF-AJ17_BV13-2-CASGDLGFNQDTQYF-BJ2-5,SNYLFTKL,6,10,10,0,100.0,5,50.0,0.7,0.5,2.0,7.0,1.8476254470799678,1.8476254470799678,0.0,0.44708661806030225,0.44708661806030225,0.0,0.8626048291340448,0.8626048291340448,0.0,0.0,0.0,0.023809523809523808,0.0173880176985767,0.023809523809523808,0.0173880176985767,0.0,0.0,0.0,0.0,0.03641269841269841,0.020031276460004136,0.03641269841269841,0.020031276460004136,0.011212121212121211,0.0076401305443841135,0.011212121212121211,0.0076401305443841135,0.032909622541201486,0.010837262229652585,0.032909622541201486,0.010837262229652585,0.05452665755297335,0.020682494339870003,0.05452665755297335,0.020682494339870003,0.40328108149160774,0.02899070277003543,0.40328108149160774,0.02899070277003543,0.0,0.0,0.0,0.0,0.3433752563226248,0.034653965782541374,0.3433752563226248,0.034653965782541374,0.004545454545454545,0.004545454545454544,0.004545454545454545,0.004545454545454544,0.0329447862079441,0.011244843515607533,0.0329447862079441,0.011244843515607533,0.05222089314194578,0.036010882070527626,0.05222089314194578,0.036010882070527626,0.0047619047619047615,0.0047619047619047615,0.0047619047619047615,0.0047619047619047615
AV6N-6-CALSDRGSGGSNAKLTF-AJ42_BV13-1-CASSDWGDYEQYF-BJ2-7,VSFTYRYL,12,10,9,1,90.0,1,10.0,0.3,0.0,3.0,3.0,1.536130651473645,1.6262145095923675,0.09008385811872244,0.5879882154882156,0.5586700336700336,-0.02931818181818191,0.6404679822793148,0.6184899983524724,-0.02197798392684236,0.0016729797480581343,0.09025925925925929,0.0225,0.015115297622680879,0.025,0.016666666666666666,0.0,0.0,0.0,0.0,0.01854545454545455,0.010659777389537285,0.02060606060606061,0.011693200837318023,0.03454545454545455,0.0211166683517386,0.03838383838383839,0.023215848352648897,0.06981818181818182,0.03713346736477435,0.07757575757575758,0.0406004066620064,0.13784848484848483,0.06462295105834644,0.15316498316498317,0.07019197499367487,0.04038383838383838,0.020482905890797133,0.032525252525252527,0.021148051388794855,0.004545454545454545,0.004545454545454544,0.005050505050505051,0.005050505050505051,0.0510909090909091,0.03979972820853066,0.05676767676767677,0.04404248906194047,0.006,0.005999999999999999,0.006666666666666666,0.006666666666666667,0.06127272727272727,0.021786256103438043,0.06808080808080808,0.023137928567485064,0.022794612794612795,0.01266678122660342,0.021212121212121213,0.014050937114387431,0.5306548821548821,0.08577419238150513,0.4949663299663299,0.08720334942954054
AV16N-CAMREGTGSNRLTF-AJ28_BV1-CTCSPNRVDTLYF-BJ2-4,RAYLFNSV,4,10,10,0,100.0,3,30.0,0.4,0.0,2.0,4.0,0.95634101824397,0.95634101824397,0.0,0.8183871277622286,0.8183871277622286,0.0,0.8158112425524456,0.8158112425524456,0.0,0.0,0.0,0.009596903191753003,0.005680303009671957,0.009596903191753003,0.005680303009671957,0.0,0.0,0.0,0.0,0.0032904502721425033,0.0023085135121207337,0.0032904502721425033,0.0023085135121207337,0.0009174311926605505,0.0009174311926605504,0.0009174311926605505,0.0009174311926605504,0.7464573032008252,0.0777767217292751,0.7464573032008252,0.0777767217292751,0.04578724761674909,0.021064218870099745,0.04578724761674909,0.021064218870099745,0.026805172732902654,0.009808896652195023,0.026805172732902654,0.009808896652195023,0.011535024361579709,0.00906556542757229,0.011535024361579709,0.00906556542757229,0.007378129117259552,0.005015824869659809,0.007378129117259552,0.005015824869659809,0.014337922406456427,0.008881308787352774,0.014337922406456427,0.008881308787352774,0.02428976363558248,0.009415526883123533,0.02428976363558248,0.009415526883123533,0.10611628017906563,0.08122360585279824,0.10611628017906563,0.08122360585279824,0.0034883720930232558,0.003488372093023256,0.0034883720930232558,0.003488372093023256
AV9-2-CVLSAPYNNAGAKLTF-AJ39_BV13-1-CASSDREDTEVFF-BJ1-1,RAYLFNSV,4,10,10,0,100.0,4,40.0,0.4,0.0,1.0,4.0,0.9661377420298993,0.9661377420298993,0.0,0.7944385871334563,0.7944385871334563,0.0,0.7896645670787192,0.7896645670787192,0.0,0.0,0.0,0.0,0.0,0.0,0.0,0.0,0.0,0.0,0.0,0.013333333333333332,0.013333333333333332,0.013333333333333332,0.013333333333333332,0.01179939481466199,0.008393727232570694,0.01179939481466199,0.008393727232570694,0.7196294268281128,0.08692460209676842,0.7196294268281128,0.08692460209676842,0.05550047431098172,0.026173267247548804,0.05550047431098172,0.026173267247548804,0.10474020471371166,0.08219826858750236,0.10474020471371166,0.08219826858750236,0.0,0.0,0.0,0.0,0.02950662427133015,0.016620782381981204,0.02950662427133015,0.016620782381981204,0.008333333333333333,0.008333333333333331,0.008333333333333333,0.008333333333333331,0.05145719989928625,0.016957537706151878,0.05145719989928625,0.016957537706151878,0.0049366497166227746,0.002908397275213828,0.0049366497166227746,0.002908397275213828,0.0007633587786259542,0.0007633587786259541,0.0007633587786259542,0.0007633587786259541
AV16N-CAMREDSNYQLIW-AJ33_BV3-CASSWGQISNERLFF-BJ1-4,RAYLFNSV,4,10,10,0,100.0,3,30.0,0.5,0.0,2.0,5.0,0.7303030796790633,0.7303030796790633,0.0,0.7591238337513012,0.7591238337513012,0.0,,,,0.0,0.0,0.01226790450928382,0.010309840743221312,0.01226790450928382,0.010309840743221312,0.0,0.0,0.0,0.0,0.006060606060606061,0.004628864338339232,0.006060606060606061,0.004628864338339232,0.0046684616196811315,0.0027029356021143727,0.0046684616196811315,0.0027029356021143727,0.7591238337513012,0.09082271780731473,0.7591238337513012,0.09082271780731473,0.03255870146114049,0.014879682585141248,0.03255870146114049,0.014879682585141248,0.03643139739265995,0.017677636037694608,0.03643139739265995,0.017677636037694608,0.00525974025974026,0.004522152185069109,0.00525974025974026,0.004522152185069109,0.0007142857142857143,0.0007142857142857143,0.0007142857142857143,0.0007142857142857143,0.0035714285714285713,0.0035714285714285704,0.0035714285714285713,0.0035714285714285704,0.014560236511456024,0.009224132347265827,0.014560236511456024,0.009224132347265827,0.00909090909090909,0.00909090909090909,0.00909090909090909,0.00909090909090909,0.015692495057507673,0.009211637474469639,0.015692495057507673,0.009211637474469639
AV12D-3-CALSEGDSGTYQRF-AJ13_BV19-CASSIREGQNTLYF-BJ2-4,VIVRFLTV,11,10,8,2,80.0,5,50.0,0.9,0.5,3.0,9.0,0.6263422498258694,0.6278224438854795,0.0014801940596100849,0.9049601245816019,0.9040862580267643,-0.0008738665548375657,0.9981747592903715,0.9979086800545268,-0.00026607923584465176,4.149711948397972e-06,0.007619880748481071,0.0,0.0,0.0,0.0,0.0,0.0,0.0,0.0,0.0025746822908070638,0.0017208574338690164,0.00321835286350883,0.0021126703458230057,0.005652382265285491,0.0024447929975969004,0.00466163167776071,0.0023670220909559592,0.010794173337062788,0.004306703073874891,0.012290793594405405,0.005232913563870598,0.01898260000058316,0.0038478819948022836,0.019478150873052498,0.0043137878320241045,0.027878489729039363,0.007477482033856245,0.027463100265978032,0.009321689804758794,0.0,0.0,0.0,0.0,0.001720283194634207,0.0012566954522737702,0.0015060240963855422,0.0015060240963855422,0.004696394686907021,0.0033932686168570148,0.005870493358633776,0.004185741451461786,0.020855542982854712,0.004900705336926656,0.019712866476387574,0.005360781696527174,0.9049601245816019,0.013606579913890646,0.9040862580267643,0.017022713145207282,0.0018853269312244032,0.0014090114591484612,0.0017123287671232876,0.0017123287671232874
AV7-2-CAASDNYAQGLTF-AJ26_BV31-CAWSLGNYAEQFF-BJ2-1,RTYTYEKL,5,10,10,0,100.0,2,20.0,0.2,0.0,1.0,2.0,0.9458078624027568,0.9458078624027568,0.0,0.7990396618513625,0.7990396618513625,0.0,0.9462858229843667,0.9462858229843667,0.0,0.0,0.0,0.006272669324139913,0.00395238103872439,0.006272669324139913,0.00395238103872439,0.0,0.0,0.0,0.0,0.0008403361344537815,0.0008403361344537815,0.0008403361344537815,0.0008403361344537815,0.022893772893772892,0.014496658055168416,0.022893772893772892,0.014496658055168416,0.020010338304775645,0.011199437978966036,0.020010338304775645,0.011199437978966036,0.7990396618513625,0.06049142387831325,0.7990396618513625,0.06049142387831325,0.057080011491776196,0.020767789381041634,0.057080011491776196,0.020767789381041634,0.001680672268907563,0.001680672268907563,0.001680672268907563,0.001680672268907563,0.006722689075630252,0.006722689075630252,0.006722689075630252,0.006722689075630252,0.003361344537815126,0.003361344537815126,0.003361344537815126,0.003361344537815126,0.0410963716590315,0.016579786870764942,0.0410963716590315,0.016579786870764942,0.03212226640935081,0.0155695911109385,0.03212226640935081,0.0155695911109385,0.008879866048983696,0.007609433006970904,0.008879866048983696,0.007609433006970904
AV12D-2-CALSNYGSSGNKLIF-AJ32_BV13-2-CASGDAQGSNERLFF-BJ1-4,VGPRYTNL,10,10,10,0,100.0,0,0.0,0.0,0.0,0.0,0.0,0.42681892882158745,0.42681892882158745,0.0,0.9107481199470218,0.9107481199470218,0.0,0.9473585349968008,0.9473585349968008,0.0,0.0,0.0,0.0038183993907966785,0.0023802815762245374,0.0038183993907966785,0.0023802815762245374,0.0,0.0,0.0,0.0,0.004545454545454545,0.004545454545454544,0.004545454545454545,0.004545454545454544,0.005970499951313065,0.004496396364576317,0.005970499951313065,0.004496396364576317,0.004226558312576852,0.0019648397444882934,0.004226558312576852,0.0019648397444882934,0.01471426226023997,0.005817977734521647,0.01471426226023997,0.005817977734521647,0.008590841566219897,0.0046314684155608615,0.008590841566219897,0.0046314684155608615,0.0,0.0,0.0,0.0,0.041148618538324425,0.0383940882816656,0.041148618538324425,0.0383940882816656,0.00045871559633027525,0.0004587155963302752,0.00045871559633027525,0.0004587155963302752,0.9107481199470218,0.05380436064495039,0.9107481199470218,0.05380436064495039,0.0026362374016037663,0.0014256543722775978,0.0026362374016037663,0.0014256543722775978,0.003142292490118577,0.0023414223393649646,0.003142292490118577,0.0023414223393649646
AV16/DV11-CAMGNSGGSNAKLTF-AJ42_BV1-CTCSADRFYEQYF-BJ2-7,RTYTYEKL,5,10,9,1,90.0,1,10.0,0.2,0.0,2.0,2.0,1.5353433929211573,1.566867195758194,0.03152380283703682,0.43906926406926405,0.41378066378066375,-0.025288600288600305,,,,0.0071769218784715205,0.10375180375180373,0.025757575757575757,0.018076293099164926,0.028619528619528618,0.01995499931166616,0.0,0.0,0.0,0.0,0.24702380952380953,0.06138139825633041,0.255952380952381,0.06789658187408204,0.04496753246753247,0.02330241397671296,0.04996392496392496,0.025446968364721278,0.0590909090909091,0.04981600673567757,0.06565656565656566,0.05521012906332184,0.27299783549783546,0.07011437554484853,0.22925685425685424,0.06126532683867955,0.12754329004329004,0.06208439556159137,0.1417147667147667,0.06757996579236648,0.0,0.0,0.0,0.0,0.05416666666666666,0.029166666666666664,0.06018518518518518,0.03190752025946811,0.0125,0.012499999999999999,0.013888888888888888,0.013888888888888888,0.04345238095238095,0.02234324330848031,0.02976190476190476,0.01974181422830595,0.0125,0.012499999999999999,0.013888888888888888,0.013888888888888888,0.0,0.0,0.0,0.0
AV13-4/DV7-CAMERGGSNAKLTF-AJ42_BV13-2-CASGEGQGKNTLYF-BJ2-4,SNYLFTKL,6,9,9,0,100.0,2,22.22222222222222,0.2222222222222222,0.0,1.0,2.0,1.208003880371213,1.208003880371213,0.0,0.7194244208950091,0.7194244208950091,0.0,0.9319768957352351,0.9319768957352351,0.0,0.0,0.0,0.017068579568579566,0.007930370390930398,0.017068579568579566,0.007930370390930398,0.0,0.0,0.0,0.0,0.0,0.0,0.0,0.0,0.005698005698005697,0.005698005698005697,0.005698005698005697,0.005698005698005697,0.12685117170411286,0.03575257090671697,0.12685117170411286,0.03575257090671697,0.03787220404867463,0.01294209824882614,0.03787220404867463,0.01294209824882614,0.7194244208950091,0.051080519088794414,0.7194244208950091,0.051080519088794414,0.0,0.0,0.0,0.0,0.024603174603174603,0.01709374625036174,0.024603174603174603,0.01709374625036174,0.001984126984126984,0.001984126984126984,0.001984126984126984,0.001984126984126984,0.02447089947089947,0.011535034309913957,0.02447089947089947,0.011535034309913957,0.01984126984126984,0.015873015873015872,0.01984126984126984,0.015873015873015872,0.022186147186147184,0.02005087371607024,0.022186147186147184,0.02005087371607024
AV5-4-CAASNTNTGKLTF-AJ27_BV13-2-CASGRDRAQNTLYF-BJ2-4,VGPRYTNL,10,9,7,2,77.77777777777777,5,55.55555555555556,1.2222222222222223,1.0,4.0,11.0,1.0734411400667256,1.079931156766233,0.006490016699507439,0.8009072183939296,0.791699574708805,-0.009207643685124611,0.9846279922326124,0.9818592359366302,-0.0027687562959822776,0.00015005550089519648,0.042824107702921804,0.0038260544979469954,0.0026195723866402013,0.00303951367781155,0.0030395136778115497,0.0,0.0,0.0,0.0,0.00446499130709657,0.003171411045648983,0.003861003861003861,0.003861003861003861,0.0029239766081871343,0.0029239766081871343,0.0,0.0,0.04377459436700612,0.012941465042691442,0.04602871633926077,0.016701489591013332,0.04894763311200342,0.01241316286475865,0.054046820152890244,0.015534110792111568,0.0358964029309774,0.01813186452507549,0.04290576480736056,0.02281663396573497,0.004421679362577708,0.0029336832630630096,0.005685016323314196,0.003681980511409724,0.016643704684018233,0.007821232807475412,0.008753799392097264,0.006008506866068732,0.0,0.0,0.0,0.0,0.8009072183939296,0.033015197591184674,0.791699574708805,0.041960540302801566,0.027660983531603053,0.011194150221967144,0.032317368436736396,0.013871006921677942,0.010532761204653702,0.004516856536708457,0.011662422300720173,0.005653023148367238
AV10-CASNYGSSGNKLIF-AJ32_BV13-3-CASSDRDTQYF-BJ2-5,SNYLFTKL,6,9,9,0,100.0,1,11.11111111111111,0.1111111111111111,0.0,1.0,1.0,0.47228551177043887,0.47228551177043887,0.0,0.9156359056530289,0.9156359056530289,0.0,0.9922021420856777,0.9922021420856777,0.0,0.0,0.0,0.0,0.0,0.0,0.0,0.0,0.0,0.0,0.0,0.0,0.0,0.0,0.0,0.0025252525252525255,0.0025252525252525255,0.0025252525252525255,0.0025252525252525255,0.008380082626657969,0.005043157608820644,0.008380082626657969,0.005043157608820644,0.034094368340943676,0.013985626911359484,0.034094368340943676,0.013985626911359484,0.9156359056530289,0.031690254610902295,0.9156359056530289,0.031690254610902295,0.005364209610784953,0.0039017511728668256,0.005364209610784953,0.0039017511728668256,0.0015220700152207,0.0015220700152207,0.0015220700152207,0.0015220700152207,0.0015015015015015015,0.0015015015015015015,0.0015015015015015015,0.0015015015015015015,0.01998015873015873,0.013228771434868352,0.01998015873015873,0.013228771434868352,0.005050505050505051,0.005050505050505051,0.005050505050505051,0.005050505050505051,0.005945945945945946,0.004509906670552731,0.005945945945945946,0.004509906670552731
AV6D-7-CALGDNNNAPRF-AJ43_BV31-CAWSLGNYAEQFF-BJ2-1,SNYLFTKL,6,9,9,0,100.0,3,33.333333333333336,0.4444444444444444,0.0,2.0,4.0,1.023898171635461,1.023898171635461,0.0,0.8114991558501512,0.8114991558501512,0.0,0.9870652166084251,0.9870652166084251,0.0,0.0,0.0,0.022154820392368286,0.007790455246070142,0.022154820392368286,0.007790455246070142,0.0,0.0,0.0,0.0,0.007283145214179697,0.005982103832476958,0.007283145214179697,0.005982103832476958,0.0047383891828336275,0.0044173390931762195,0.0047383891828336275,0.0044173390931762195,0.0221526050327097,0.008857872321578324,0.0221526050327097,0.008857872321578324,0.05942594876526286,0.01885400515351809,0.05942594876526286,0.01885400515351809,0.8114991558501512,0.025602933926620875,0.8114991558501512,0.025602933926620875,0.0038314176245210726,0.0038314176245210726,0.0038314176245210726,0.0038314176245210726,0.014479287650019358,0.009669837241079091,0.014479287650019358,0.009669837241079091,0.003703703703703704,0.003703703703703704,0.003703703703703704,0.003703703703703704,0.01707492409295979,0.005976254362730502,0.01707492409295979,0.005976254362730502,0.019184263628708075,0.011966083798422828,0.019184263628708075,0.011966083798422828,0.014472338862582765,0.0067935327623780545,0.014472338862582765,0.0067935327623780545
AV16-CAMREGDSNNRIFF-AJ31_BV13-2-CASGGTYEQYF-BJ2-7,RTYTYEKL,5,9,8,1,88.88888888888889,4,44.44444444444444,0.7777777777777778,0.0,3.0,7.0,0.5603233574721694,0.5323880952736261,-0.027935262198543365,0.9182064788641059,0.9236072887221192,0.005400809858013278,0.9984426365196897,0.9985666906024887,0.00012405408279902996,1.550856539778156e-05,0.018383695864705743,0.006226952960226423,0.0034926436500351374,0.007005322080254725,0.0038606866637954118,0.0,0.0,0.0,0.0,0.0025252525252525255,0.0025252525252525255,0.002840909090909091,0.00284090909090909,0.005725952534463173,0.0050110869915111255,0.00644169660127107,0.005623780241158227,0.02385499687778041,0.004201502782479616,0.02058687148750296,0.002993990136959383,0.9182064788641059,0.01452920086778599,0.9236072887221192,0.015294071571347703,0.008527465024636884,0.003331986295167745,0.009593398152716495,0.0035795704678241737,0.0010193679918450561,0.0010193679918450561,0.0011467889908256881,0.001146788990825688,0.004791597760862777,0.0032353160958354618,0.005390547480970624,0.003605090949017053,0.0015117157974300832,0.0015117157974300832,0.0017006802721088435,0.0017006802721088435,0.010279678044661735,0.0036989224740474574,0.00843963780024445,0.0036384163413583285,0.008759537459495616,0.00367444354772214,0.006729479641932569,0.0034728252348922768,0.008571004159239455,0.004322778520772133,0.006517379679144385,0.0043131255771461895
AV13-2-CAIDPNTGKLTF-AJ27_BV13-3-CASSDSGSDYTF-BJ1-2,SNYLFTKL,6,9,9,0,100.0,0,0.0,0.0,0.0,0.0,0.0,1.1057697059502205,1.1057697059502205,0.0,0.7311582170405699,0.7311582170405699,0.0,0.8873925105393305,0.8873925105393305,0.0,0.0,0.0,0.015424836601307189,0.010354063450098224,0.015424836601307189,0.010354063450098224,0.0,0.0,0.0,0.0,0.0059259259259259265,0.005925925925925926,0.0059259259259259265,0.005925925925925926,0.02444444444444445,0.012862041003100252,0.02444444444444445,0.012862041003100252,0.053006535947712416,0.028460168724209988,0.053006535947712416,0.028460168724209988,0.06886710239651417,0.027845817819080704,0.06886710239651417,0.027845817819080704,0.7311582170405699,0.07476495285906042,0.7311582170405699,0.07476495285906042,0.0014814814814814816,0.0014814814814814814,0.0014814814814814816,0.0014814814814814814,0.0044444444444444444,0.0044444444444444444,0.0044444444444444444,0.0044444444444444444,0.0044444444444444444,0.0044444444444444444,0.0044444444444444444,0.0044444444444444444,0.05790496378731672,0.033183205516802726,0.05790496378731672,0.033183205516802726,0.013638344226579521,0.010476245030120674,0.013638344226579521,0.010476245030120674,0.01925925925925926,0.013167695433060131,0.01925925925925926,0.013167695433060131
AV4-4/DV10-CAAEAGYGNEKITF-AJ48_BV14-CASSFGTGGTQYF-BJ2-5,SSYTFPKM,7,9,9,0,100.0,2,22.22222222222222,0.2222222222222222,0.0,1.0,2.0,1.763282978261067,1.763282978261067,0.0,0.5147927689594357,0.5147927689594357,0.0,0.5459724278177789,0.5459724278177789,0.0,0.0,0.0,0.0479129923574368,0.026654321499832226,0.0479129923574368,0.026654321499832226,0.0,0.0,0.0,0.0,0.004115226337448559,0.004115226337448559,0.004115226337448559,0.004115226337448559,0.029115226337448563,0.016400996950708655,0.029115226337448563,0.016400996950708655,0.06768812463256907,0.029604856871658588,0.06768812463256907,0.029604856871658588,0.084619341563786,0.05407997187161976,0.084619341563786,0.05407997187161976,0.06488095238095237,0.028381686431862244,0.06488095238095237,0.028381686431862244,0.42451499118165786,0.08673985994199472,0.42451499118165786,0.08673985994199472,0.09166666666666666,0.0565194165260439,0.09166666666666666,0.0565194165260439,0.05788506760728983,0.03415119638820724,0.05788506760728983,0.03415119638820724,0.03434009406231628,0.016464364414106123,0.03434009406231628,0.016464364414106123,0.07680041152263375,0.0366490776204529,0.07680041152263375,0.0366490776204529,0.016460905349794237,0.016460905349794237,0.016460905349794237,0.016460905349794237
AV3D-3-CAVRTQVVGQLTF-AJ5_BV12-2-CASSLGDNQDTQYF-BJ2-5,RAYLFNSV,4,9,8,1,88.88888888888889,3,33.333333333333336,0.8888888888888888,0.0,6.0,8.0,0.9723696963056092,0.8289212582342675,-0.14344843807134167,0.7755730290044016,0.8081257182360124,0.03255268923161081,0.7336809959704733,0.7151804901508124,-0.018500505819660895,0.000700692766801625,0.07297405299856285,0.0,0.0,0.0,0.0,0.0,0.0,0.0,0.0,0.0,0.0,0.0,0.0,0.012345679012345678,0.012345679012345678,0.013888888888888888,0.013888888888888886,0.6644619178932905,0.09515953576832187,0.6831257182360124,0.1058050756544356,0.05568924539512775,0.021434626211776022,0.05128676470588235,0.02378640752787306,0.12494912494912495,0.10977718462548798,0.14056776556776557,0.12320934273812079,0.020202020202020204,0.020202020202020204,0.0,0.0,0.060528360528360525,0.03515046230313002,0.05673076923076923,0.03962358551624454,0.015458506634977224,0.008103319288646825,0.013602941176470588,0.008944159649950148,0.013269954446425035,0.008778506719025672,0.007352941176470588,0.007352941176470587,0.0278041856473229,0.013052514452710521,0.027491830065359477,0.01479592177284818,0.005291005291005291,0.005291005291005291,0.005952380952380952,0.005952380952380951
AV12-1-CALNNNNAPRF-AJ43_BV13-1-CASSPGLGENTLYF-BJ2-4,VIVRFLTV,11,9,9,0,100.0,3,33.333333333333336,0.3333333333333333,0.0,1.0,3.0,1.072660000023647,1.072660000023647,0.0,0.7621196885902769,0.7621196885902769,0.0,0.8476024413551513,0.8476024413551513,0.0,0.0,0.0,0.019682115270350565,0.009556604341335016,0.019682115270350565,0.009556604341335016,0.0,0.0,0.0,0.0,0.012527233115468408,0.009425963126294542,0.012527233115468408,0.009425963126294542,0.014374514374514376,0.010464299612397539,0.014374514374514376,0.010464299612397539,0.07245532245532245,0.05427476959645507,0.07245532245532245,0.05427476959645507,0.02279202279202279,0.010500047067691726,0.02279202279202279,0.010500047067691726,0.06067081067081067,0.030480641652950845,0.06067081067081067,0.030480641652950845,0.012527233115468408,0.009425963126294542,0.012527233115468408,0.009425963126294542,0.0,0.0,0.0,0.0,0.021043771043771045,0.018374478074867907,0.021043771043771045,0.018374478074867907,0.026317092493563083,0.011361235885024279,0.026317092493563083,0.011361235885024279,0.7343419108124991,0.07806794465572191,0.7343419108124991,0.07806794465572191,0.0032679738562091504,0.0032679738562091504,0.0032679738562091504,0.0032679738562091504
AV16-CAMREGGAGNTGKLIF-AJ37_BV13-2-CASGELYEQYF-BJ2-7,SNYLFTKL,6,9,9,0,100.0,3,33.333333333333336,0.3333333333333333,0.0,1.0,3.0,0.9954783081317468,0.9954783081317468,0.0,0.7894762425765554,0.7894762425765554,0.0,0.9815874492500759,0.9815874492500759,0.0,0.0,0.0,0.0,0.0,0.0,0.0,0.0,0.0,0.0,0.0,0.0,0.0,0.0,0.0,0.01556847866306587,0.01014541601277784,0.01556847866306587,0.01014541601277784,0.016366518375852054,0.009082918335114884,0.016366518375852054,0.009082918335114884,0.03339327403371301,0.013498652725552597,0.03339327403371301,0.013498652725552597,0.7894762425765554,0.021585967718819085,0.7894762425765554,0.021585967718819085,0.0,0.0,0.0,0.0,0.09745897527540752,0.02447932136143617,0.09745897527540752,0.02447932136143617,0.0,0.0,0.0,0.0,0.031931913374256715,0.013382550492624774,0.031931913374256715,0.013382550492624774,0.006944444444444444,0.006944444444444444,0.006944444444444444,0.006944444444444444,0.008860153256704981,0.006969172514777418,0.008860153256704981,0.006969172514777418
AV12D-3-CALINQGKLIF-AJ23_BV13-2-CASGDINYAEQFF-BJ2-1,INFDFPKL,3,9,8,1,88.88888888888889,2,22.22222222222222,0.5555555555555556,0.0,4.0,5.0,1.141683376281621,1.1020575124501566,-0.03962586383146438,0.7762594836205892,0.7789936734591278,0.002734189838538681,0.7930774856892298,0.768979298592327,-0.0240981870969027,0.0002441999638425063,0.040393491440995744,0.003898635477582846,0.003898635477582846,0.0,0.0,0.0,0.0,0.0,0.0,0.009746588693957114,0.006610458073221509,0.006578947368421052,0.006578947368421051,0.6960907072492812,0.08380101053434148,0.6888038000414063,0.09466149703721426,0.022642219066824884,0.008408873931616158,0.025472496450177996,0.008978452114287237,0.06688526392057371,0.017042979182512925,0.06647399208608401,0.019319294404608344,0.11615795231162765,0.0861514929355306,0.12848471389444074,0.0966814919170242,0.0014064697609001407,0.0014064697609001405,0.0015822784810126582,0.001582278481012658,0.0,0.0,0.0,0.0,0.015062909799751905,0.011759502535065651,0.016945773524720893,0.013161993534354363,0.04139213412312392,0.00988523313191277,0.04437316843237406,0.010686984184204473,0.003898635477582846,0.003898635477582846,0.0,0.0,0.022818484118793714,0.013517433517373332,0.02128482972136223,0.015228358028797191
AV4-4/DV10-CAAEYGNEKITF-AJ48_BV1-CTCSAGWGGSTGQLYF-BJ2-2,SVYVYKVL,8,9,9,0,100.0,1,11.11111111111111,0.2222222222222222,0.0,2.0,2.0,1.1952061066637447,1.1952061066637447,0.0,0.4362481962481963,0.4362481962481963,0.0,,,,0.0,0.0,0.0044444444444444444,0.0044444444444444444,0.0044444444444444444,0.0044444444444444444,0.0,0.0,0.0,0.0,0.010101010101010102,0.010101010101010102,0.010101010101010102,0.010101010101010102,0.02464646464646465,0.013261206813960653,0.02464646464646465,0.013261206813960653,0.04358585858585859,0.02212697678681645,0.04358585858585859,0.02212697678681645,0.11627705627705628,0.0626449855973973,0.11627705627705628,0.0626449855973973,0.06404040404040405,0.044610113635218274,0.06404040404040405,0.044610113635218274,0.0,0.0,0.0,0.0,0.39205627705627705,0.10009237969835305,0.39205627705627705,0.10009237969835305,0.0,0.0,0.0,0.0,0.01515151515151515,0.010713739108887085,0.01515151515151515,0.010713739108887085,0.005050505050505051,0.005050505050505051,0.005050505050505051,0.005050505050505051,0.10242424242424242,0.045195219848490086,0.10242424242424242,0.045195219848490086
AV14-2-CAATNTGKLTF-AJ27_BV13-2-CASGDVGGSNERLFF-BJ1-4,SNYLFTKL,6,9,8,1,88.88888888888889,4,44.44444444444444,1.2222222222222223,0.0,8.0,11.0,1.560333109357219,1.4878348066375233,-0.0724983027196957,0.6456092326669153,0.6638103867502797,0.018201154083364424,0.9065858475513472,0.9059885206148468,-0.0005973269365003864,0.0004399714274671007,0.06377589726643698,0.031372210720036806,0.015949123948053336,0.019668737060041408,0.012286050923137308,0.0,0.0,0.0,0.0,0.001610305958132045,0.001610305958132045,0.0018115942028985507,0.0018115942028985505,0.009654471544715446,0.007131945552651525,0.010861280487804877,0.007970251258521877,0.04296767605357213,0.030893922387816148,0.04833863556026864,0.034496966968823116,0.06726730886955813,0.016420837810012714,0.0678632224782529,0.018607215237196252,0.6456092326669153,0.05776403916976958,0.6638103867502797,0.06216179338877668,0.015873015873015872,0.015873015873015872,0.017857142857142856,0.017857142857142856,0.05338035608344533,0.021665029640495017,0.04833415059387599,0.023890176927303677,0.026570048309178744,0.013473031749727147,0.029891304347826084,0.014805532680599696,0.041586505736475037,0.013691890659403974,0.031159818953534417,0.010062438308848882,0.05605733839429491,0.019903303474243662,0.051345755693581775,0.02192676869809928,0.008051529790660227,0.008051529790660227,0.009057971014492754,0.009057971014492754
AV16N-CAMREGDSNYQLIW-AJ33_BV13-2-CASGDRANSDYTF-BJ1-2,RAYLFNSV,4,9,7,2,77.77777777777777,2,22.22222222222222,0.5555555555555556,0.0,3.0,5.0,1.1842334085996165,1.0548225710022958,-0.12941083759732064,0.6973363500746869,0.7636130314194643,0.06627668134477749,0.8468244285155766,0.9437694561659068,0.0969450276503302,0.006010783182777479,0.2105134356076113,0.006535947712418301,0.006535947712418301,0.008403361344537815,0.008403361344537815,0.0,0.0,0.0,0.0,0.007407407407407408,0.004899539464934427,0.009523809523809523,0.006147592613027644,0.03518518518518518,0.027839437737727606,0.04523809523809524,0.035395401779329774,0.6814633342016709,0.06849757794423918,0.7636130314194643,0.05298065198983693,0.14919683651935176,0.049595306874772316,0.09782326723792965,0.034721443733951446,0.02433862433862434,0.014140452925812452,0.031292517006802724,0.017507372468895797,0.0,0.0,0.0,0.0,0.027298582268156305,0.010986515870233145,0.021492735025044504,0.00858252540492469,0.007407407407407408,0.007407407407407408,0.009523809523809523,0.009523809523809523,0.05217196596506942,0.03939784723867265,0.008327468918601923,0.00550005821613575,0.008994708994708993,0.006067378275756462,0.0047619047619047615,0.004761904761904762,0.0,0.0,0.0,0.0
AV13D-2-CAIDLDNNRIFF-AJ31_BV5-CASSQDWGNYAEQFF-BJ2-1,VSFTYRYL,12,9,9,0,100.0,6,66.66666666666667,0.6666666666666666,1.0,1.0,6.0,1.2390268503394828,1.2390268503394828,0.0,0.6755835147139495,0.6755835147139495,0.0,0.8791889071761319,0.8791889071761319,0.0,0.0,0.0,0.00800552104899931,0.005438916346137742,0.00800552104899931,0.005438916346137742,0.0,0.0,0.0,0.0,0.006349206349206349,0.00634920634920635,0.006349206349206349,0.00634920634920635,0.04922935357717967,0.032907058957453744,0.04922935357717967,0.032907058957453744,0.03961927766275592,0.023178941378278962,0.03961927766275592,0.023178941378278962,0.06676753198492329,0.029603510028760143,0.06676753198492329,0.029603510028760143,0.004830917874396135,0.004830917874396135,0.004830917874396135,0.004830917874396135,0.0031746031746031746,0.003174603174603175,0.0031746031746031746,0.003174603174603175,0.028192741236219496,0.015999922214924408,0.028192741236219496,0.015999922214924408,0.013888888888888888,0.013888888888888888,0.013888888888888888,0.013888888888888888,0.009104422147900408,0.006036503063821333,0.009104422147900408,0.006036503063821333,0.09525402134097788,0.0529934247048024,0.09525402134097788,0.0529934247048024,0.6755835147139495,0.04356213647543547,0.6755835147139495,0.04356213647543547
AV7-5-CAVRPSGSWQLIF-AJ22_BV1-CTCSAVGFAETLYF-BJ2-3,RAYLFNSV,4,9,9,0,100.0,1,11.11111111111111,0.1111111111111111,0.0,1.0,1.0,0.9274468383810122,0.9274468383810122,0.0,0.7544789847746837,0.7544789847746837,0.0,0.8896676929247676,0.8896676929247676,0.0,0.0,0.0,0.0,0.0,0.0,0.0,0.0,0.0,0.0,0.0,0.01213123793768955,0.008845306417445992,0.01213123793768955,0.008845306417445992,0.009876543209876541,0.005480024970544662,0.009876543209876541,0.005480024970544662,0.7544789847746837,0.0676633642952012,0.7544789847746837,0.0676633642952012,0.06685905094507244,0.02508364039230644,0.06685905094507244,0.02508364039230644,0.09529455013325981,0.048605135983018105,0.09529455013325981,0.048605135983018105,0.004938271604938271,0.002740012485272331,0.004938271604938271,0.002740012485272331,0.010861823361823363,0.008571087283873747,0.010861823361823363,0.008571087283873747,0.005899044205495817,0.0040163243306034066,0.005899044205495817,0.0040163243306034066,0.03966049382716049,0.03675756181877614,0.03966049382716049,0.03675756181877614,0.0,0.0,0.0,0.0,0.0,0.0,0.0,0.0
AV4-4/DV10-CAAEENTGYQNFYF-AJ49_BV13-3-CASQNTLYF-BJ2-4,SSYTFPKM,7,9,8,1,88.88888888888889,3,33.333333333333336,1.4444444444444444,0.0,11.0,13.0,1.3825017492544098,1.3843123070191108,0.0018105577647009596,0.5908417559013631,0.5967621927803379,0.005920436878974811,0.615683463612059,0.6399568749868917,0.024273411374832743,0.005424414597174354,0.10903352887048547,0.05026455026455026,0.03646573743939212,0.05654761904761904,0.04072987229995273,0.0,0.0,0.0,0.0,0.0,0.0,0.0,0.0,0.037037037037037035,0.037037037037037035,0.041666666666666664,0.04166666666666666,0.043826109218816085,0.021547379693303146,0.04658698156682028,0.02423104384205337,0.10734414538762366,0.05838239756401723,0.052827380952380945,0.023687973644015488,0.06961976001246689,0.054116124631081626,0.07560483870967742,0.06098548305325808,0.5183779877854211,0.0862550385932061,0.5342621927803379,0.09613131898573091,0.01917989417989418,0.01423110766623678,0.021577380952380952,0.015905921373833294,0.022128720585943586,0.018241765798355045,0.022177419354838707,0.020684144482627596,0.12863756613756613,0.059270662463409125,0.1447172619047619,0.06468615806444906,0.0035842293906810036,0.003584229390681003,0.004032258064516129,0.004032258064516128,0.0,0.0,0.0,0.0
AV19-CAAANTGYQNFYF-AJ49_BV17-CASSSTGGYNYAEQFF-BJ2-1,SNYLFTKL,6,9,8,1,88.88888888888889,3,33.333333333333336,0.4444444444444444,0.0,2.0,4.0,1.2995578367082918,1.204650830005428,-0.0949070067028639,0.668901521113573,0.696958655697214,0.028057134583641008,0.8920733823926987,0.9061549068162259,0.01408152442352717,0.0008637435896307055,0.09320307865073305,0.01488095238095238,0.009870907114152975,0.016741071428571428,0.010992028796647436,0.0,0.0,0.0,0.0,0.0,0.0,0.0,0.0,0.032407407407407406,0.02171488777696032,0.03645833333333333,0.024190131260429844,0.07212475633528265,0.03653670983962292,0.06725146198830409,0.041058563597818155,0.07493673798021623,0.03231812206379224,0.08430383022774326,0.03507230769426509,0.668901521113573,0.05934115746212651,0.696958655697214,0.059290485277515646,0.0,0.0,0.0,0.0,0.018193632228719947,0.012983262639823316,0.02046783625730994,0.014494028047533393,0.007936507936507936,0.007936507936507936,0.008928571428571428,0.008928571428571428,0.07975428708647625,0.02649627518639466,0.06194579519450801,0.02224600104539398,0.018518518518518517,0.013094570021973102,0.006944444444444444,0.006944444444444443,0.012345679012345678,0.012345679012345678,0.0,0.0
AV14-2-CAASADTGNYKYVF-AJ40_BV13-3-CASSDMGGQNTLYF-BJ2-4,VGPRYTNL,10,9,8,1,88.88888888888889,3,33.333333333333336,0.4444444444444444,0.0,2.0,4.0,1.8227257055277615,1.7956471846978315,-0.02707852082993001,0.43754484116402514,0.4422379463095283,0.00469310514550314,0.7955668669752606,0.7814387134959554,-0.014128153479305183,0.0008390811999045011,0.03848175962718725,0.011695906432748537,0.011695906432748537,0.013157894736842105,0.013157894736842103,0.0,0.0,0.0,0.0,0.0,0.0,0.0,0.0,0.01718712176228516,0.013204585783852862,0.019335511982570806,0.014773091110242059,0.07332420061178231,0.032002347303423516,0.0762397256882551,0.03613634798157147,0.06768493139987974,0.03736377720795172,0.0698955478248647,0.04229232487006081,0.1017531950327649,0.05357200197612667,0.10197234441186054,0.060744432224005815,0.0,0.0,0.0,0.0,0.005847953216374269,0.005847953216374269,0.006578947368421052,0.006578947368421051,0.0,0.0,0.0,0.0,0.426433730052914,0.024140404468234455,0.43598794630952825,0.025137577779964105,0.2529453545407805,0.04077881743210293,0.23456352385837803,0.04127465889331825,0.04312760695047056,0.016319867590264093,0.04226855781927938,0.018479336006877553
AV16N-CAMRASSGSWQLIF-AJ22_BV1-CTCSASGTGDNSPLYF-BJ1-6,VSFTYRYL,12,9,9,0,100.0,2,22.22222222222222,0.2222222222222222,0.0,1.0,2.0,1.3908788588988037,1.3908788588988037,0.0,0.6121528568896989,0.6121528568896989,0.0,0.5373235776942342,0.5373235776942342,0.0,0.0,0.0,0.0,0.0,0.0,0.0,0.0,0.0,0.0,0.0,0.0,0.0,0.0,0.0,0.08024691358024691,0.07355787214699372,0.08024691358024691,0.07355787214699372,0.1435119785996979,0.05622860531269306,0.1435119785996979,0.05622860531269306,0.08843109457144543,0.032237987180411404,0.08843109457144543,0.032237987180411404,0.028070175438596492,0.022260662351665825,0.028070175438596492,0.022260662351665825,0.005847953216374269,0.005847953216374269,0.005847953216374269,0.005847953216374269,0.04781144781144781,0.04015636771953016,0.04781144781144781,0.04015636771953016,0.0,0.0,0.0,0.0,0.10272904483430799,0.04230693166861765,0.10272904483430799,0.04230693166861765,0.023716699155295645,0.012842258204062618,0.023716699155295645,0.012842258204062618,0.4796346927925875,0.114942008288251,0.4796346927925875,0.114942008288251
AV12-2-CALSESEGADRLTF-AJ45_BV16-CASSLGGDTEVFF-BJ1-1,VIVRFLTV,11,9,8,1,88.88888888888889,4,44.44444444444444,0.5555555555555556,0.0,2.0,5.0,0.8176868559952835,0.8732552142295338,0.055568358234250326,0.8233827026477945,0.8084483976216259,-0.014934305026168548,0.8006135417614278,0.7778480422473864,-0.0227654995140415,0.0002875094532356348,0.05117508135880844,0.0008748906386701663,0.0008748906386701663,0.000984251968503937,0.000984251968503937,0.0,0.0,0.0,0.0,0.0,0.0,0.0,0.0,0.01982544204766427,0.011064834700658397,0.022303622303622303,0.01222761924115627,0.02981997426441871,0.016473887745381676,0.03354747104747105,0.0181951826694318,0.09755397708153614,0.07958475561158887,0.10974822421672815,0.08917503090876928,0.03167335564535914,0.01722219456199349,0.032061096529600465,0.01952318322566647,0.004599104599104599,0.0033131183103678775,0.0016025641025641025,0.0016025641025641023,0.0008748906386701663,0.0008748906386701663,0.000984251968503937,0.000984251968503937,0.0008748906386701663,0.0008748906386701663,0.000984251968503937,0.000984251968503937,0.05177433305167339,0.03312321096956884,0.05824612468313256,0.03683431467322259,0.7621291413942333,0.08435645026765155,0.7395381412113695,0.09215740936995447,0.0,0.0,0.0,0.0
AV6D-7-CALGRPGTGSNRLTF-AJ28_BV5-CASSQVAGDTEVFF-BJ1-1,VSFTYRYL,12,9,9,0,100.0,1,11.11111111111111,0.1111111111111111,0.0,1.0,1.0,1.2622966158071918,1.2622966158071918,0.0,0.5459874185364382,0.5459874185364382,0.0,,,,0.0,0.0,0.03154199951585573,0.021161632798890575,0.03154199951585573,0.021161632798890575,0.0,0.0,0.0,0.0,0.006535947712418301,0.006535947712418301,0.006535947712418301,0.006535947712418301,0.03828197945845005,0.020778910442827158,0.03828197945845005,0.020778910442827158,0.15523394543002386,0.09807685945934425,0.15523394543002386,0.09807685945934425,0.10949551537786834,0.03723901247411164,0.10949551537786834,0.03723901247411164,0.060092679046927416,0.033592406286431835,0.060092679046927416,0.033592406286431835,0.0,0.0,0.0,0.0,0.0,0.0,0.0,0.0,0.0,0.0,0.0,0.0,0.025877511498426528,0.018732786417940645,0.025877511498426528,0.018732786417940645,0.03256907701352146,0.020858149625471913,0.03256907701352146,0.020858149625471913,0.42926023383539724,0.1175873966585345,0.42926023383539724,0.1175873966585345
AV8D-2-CATDDQGGRALIF-AJ15_BV19-CASSSGVNERLFF-BJ1-4,VSFTYRYL,12,9,8,1,88.88888888888889,6,66.66666666666667,0.8888888888888888,1.0,3.0,8.0,1.2700433353608882,1.2593938985287754,-0.010649436832112835,0.665178123574708,0.6537307944269519,-0.011447329147756036,0.5724744428782487,0.5308616515323451,-0.041612791345903566,0.0011603306858316564,0.07275084397949662,0.03176117293764353,0.022083087685741395,0.03235294117647059,0.025030875644716774,0.0,0.0,0.0,0.0,0.003003003003003003,0.003003003003003003,0.0,0.0,0.02144137224782386,0.01384612908981976,0.02412154377880184,0.015403096822338742,0.09481792717086836,0.05580252717757501,0.1066701680672269,0.06183043382192039,0.1218405380170086,0.06747862527055982,0.1336922268907563,0.07532417659044584,0.09436571296153838,0.05415893535497061,0.10278304870335231,0.06066423827704802,0.0,0.0,0.0,0.0,0.004273504273504274,0.004273504273504275,0.004807692307692308,0.004807692307692308,0.0035842293906810036,0.003584229390681003,0.004032258064516129,0.004032258064516128,0.06285414373649668,0.033279342280185996,0.057197398190045254,0.03718610084392188,0.019102494908946523,0.008881601674501593,0.01811192839418646,0.010007958522803671,0.5429559013524857,0.1123643251835773,0.516230794426952,0.12375297520464788
AV8D-2-CATDSQGGRALIF-AJ15_BV3-CASSLGTGGEQYF-BJ2-7,ATLVFHNL,0,9,9,0,100.0,2,22.22222222222222,0.2222222222222222,0.0,1.0,2.0,1.000415036327872,1.000415036327872,0.0,0.704946247273613,0.704946247273613,0.0,0.687618478325293,0.687618478325293,0.0,0.0,0.0,0.6414541837815495,0.10370638459536795,0.6414541837815495,0.10370638459536795,0.0,0.0,0.0,0.0,0.0,0.0,0.0,0.0,0.00966183574879227,0.00966183574879227,0.00966183574879227,0.00966183574879227,0.006535947712418301,0.006535947712418301,0.006535947712418301,0.006535947712418301,0.1329114430137448,0.061921859490685544,0.1329114430137448,0.061921859490685544,0.09424890729238555,0.06100087739866559,0.09424890729238555,0.06100087739866559,0.0,0.0,0.0,0.0,0.0,0.0,0.0,0.0,0.022222222222222223,0.022222222222222227,0.022222222222222223,0.022222222222222227,0.07513024533484891,0.044221400495165826,0.07513024533484891,0.044221400495165826,0.0,0.0,0.0,0.0,0.017835214894038425,0.010727739425824334,0.017835214894038425,0.010727739425824334
AV16-CAMREANYGNEKITF-AJ48_BV1-CTCSADRVQNTLYF-BJ2-4,RAYLFNSV,4,9,9,0,100.0,2,22.22222222222222,0.2222222222222222,0.0,1.0,2.0,1.4797247396608275,1.4797247396608275,0.0,0.6655906944085284,0.6655906944085284,0.0,0.818631889965274,0.818631889965274,0.0,0.0,0.0,0.031364209579347296,0.01469549336547122,0.031364209579347296,0.01469549336547122,0.0,0.0,0.0,0.0,0.0038314176245210726,0.0038314176245210726,0.0038314176245210726,0.0038314176245210726,0.024544703370232783,0.011302224153146525,0.024544703370232783,0.011302224153146525,0.6070482810274053,0.07772426772521741,0.6070482810274053,0.07772426772521741,0.19049040435486594,0.07045189317202487,0.19049040435486594,0.07045189317202487,0.0273358705106769,0.010574454820096767,0.0273358705106769,0.010574454820096767,0.0,0.0,0.0,0.0,0.017243322614069984,0.008750975525180152,0.017243322614069984,0.008750975525180152,0.0,0.0,0.0,0.0,0.03753474863408332,0.01135924161638902,0.03753474863408332,0.01135924161638902,0.04336371967072746,0.018337219690643645,0.04336371967072746,0.018337219690643645,0.017243322614069984,0.008750975525180152,0.017243322614069984,0.008750975525180152
AV16N-CAMREDSNYQLIW-AJ33_BV16-CASSLDGLNYAEQFF-BJ2-1,RAYLFNSV,4,9,9,0,100.0,3,33.333333333333336,0.4444444444444444,0.0,2.0,4.0,1.081527377408266,1.081527377408266,0.0,0.7722920247003793,0.7722920247003793,0.0,0.9637381302922124,0.9637381302922124,0.0,0.0,0.0,0.010388052161283193,0.00959814119455014,0.010388052161283193,0.00959814119455014,0.0,0.0,0.0,0.0,0.030649490069779923,0.01665462607989236,0.030649490069779923,0.01665462607989236,0.0014524328249818446,0.0014524328249818444,0.0014524328249818446,0.0014524328249818444,0.7722920247003793,0.050034670122270614,0.7722920247003793,0.050034670122270614,0.03631555681854062,0.018853421343864096,0.03631555681854062,0.018853421343864096,0.0468959886692197,0.019121610351438046,0.0468959886692197,0.019121610351438046,0.01574074074074074,0.011490438561102644,0.01574074074074074,0.011490438561102644,0.019753086419753083,0.013580246913580245,0.019753086419753083,0.013580246913580245,0.00813362381989833,0.007352022141477049,0.00813362381989833,0.007352022141477049,0.02643585614600107,0.014381118124840102,0.02643585614600107,0.014381118124840102,0.020370370370370372,0.010678298698769255,0.020370370370370372,0.010678298698769255,0.011572777259051769,0.007075907624601124,0.011572777259051769,0.007075907624601124
AV8N-2-CATEGGGRALIF-AJ15_BV1-CTCSGTGANTEVFF-BJ1-1,HIYEFPQL,2,9,9,0,100.0,3,33.333333333333336,0.4444444444444444,0.0,2.0,4.0,1.311195414459429,1.311195414459429,0.0,0.6495726495726496,0.6495726495726496,0.0,0.5804711752132581,0.5804711752132581,0.0,0.0,0.0,0.008547008547008548,0.00854700854700855,0.008547008547008548,0.00854700854700855,0.0,0.0,0.0,0.0,0.5598290598290598,0.11981158852470648,0.5598290598290598,0.11981158852470648,0.047325102880658436,0.036402893030769816,0.047325102880658436,0.036402893030769816,0.062044950933839806,0.03653375694930229,0.062044950933839806,0.03653375694930229,0.13896802785691675,0.05959973493936019,0.13896802785691675,0.05959973493936019,0.07597340930674264,0.050038111969061654,0.07597340930674264,0.050038111969061654,0.0,0.0,0.0,0.0,0.014403292181069957,0.007418829784905327,0.014403292181069957,0.007418829784905327,0.012345679012345678,0.012345679012345678,0.012345679012345678,0.012345679012345678,0.014403292181069957,0.007418829784905327,0.014403292181069957,0.007418829784905327,0.014403292181069957,0.009651061234204587,0.014403292181069957,0.009651061234204587,0.051756885090218425,0.028618340370948073,0.051756885090218425,0.028618340370948073
AV9-2-CVLSLNYGSSGNKLIF-AJ32_BV3-CASSPGYYAEQFF-BJ2-1,VGPRYTNL,10,9,9,0,100.0,0,0.0,0.0,0.0,0.0,0.0,0.37883155840016164,0.37883155840016164,0.0,0.9485522641625556,0.9485522641625556,0.0,0.9987905641083693,0.9987905641083693,0.0,0.0,0.0,0.0019804829552887,0.001064996738613548,0.0019804829552887,0.001064996738613548,0.0,0.0,0.0,0.0,0.0012843488649940263,0.0009501776416121185,0.0012843488649940263,0.0009501776416121185,0.004573356371738254,0.0015719049503018793,0.004573356371738254,0.0015719049503018793,0.004791460521184684,0.0013607689324534346,0.004791460521184684,0.0013607689324534346,0.013164847099590343,0.003721710964166321,0.013164847099590343,0.003721710964166321,0.012635027652510785,0.008451741187345919,0.012635027652510785,0.008451741187345919,0.0009861693295263553,0.0006828490736753057,0.0009861693295263553,0.0006828490736753057,0.001462749962689987,0.0007819520038616088,0.001462749962689987,0.0007819520038616088,0.0033824693918005208,0.0017915943965912298,0.0033824693918005208,0.0017915943965912298,0.9485522641625556,0.00976731166814998,0.9485522641625556,0.00976731166814998,0.0026720899763068213,0.0011386152608303221,0.0026720899763068213,0.0011386152608303221,0.0045147337118140035,0.0036911024217258837,0.0045147337118140035,0.0036911024217258837
AV7-3-CAGTGNYKYVF-AJ40_BV13-1-CASSDAQGSNERLFF-BJ1-4,VGPRYTNL,10,8,8,0,100.0,3,37.5,0.5,0.0,2.0,4.0,0.30543469947268964,0.30543469947268964,0.0,0.9537903668053211,0.9537903668053211,0.0,0.9985997569501928,0.9985997569501928,0.0,0.0,0.0,0.0005813953488372093,0.0005813953488372092,0.0005813953488372093,0.0005813953488372092,0.0,0.0,0.0,0.0,0.0,0.0,0.0,0.0,0.008268176958032612,0.0061337025097178335,0.008268176958032612,0.0061337025097178335,0.0078125,0.0078125,0.0078125,0.0078125,0.006932564079717247,0.003488816839461652,0.006932564079717247,0.003488816839461652,0.015380411581325422,0.005280066461604533,0.015380411581325422,0.005280066461604533,0.004053617571059431,0.0034376687757994443,0.004053617571059431,0.0034376687757994443,0.0020181769580326116,0.0014709500000941855,0.0020181769580326116,0.0014709500000941855,0.0011627906976744186,0.0011627906976744184,0.0011627906976744186,0.0011627906976744184,0.9537903668053211,0.00915532045934804,0.9537903668053211,0.00915532045934804,0.0,0.0,0.0,0.0,0.0,0.0,0.0,0.0
AV10-CAASSGSWQLIF-AJ22_BV1-CTCSADGTGEREQYF-BJ2-7,VGPRYTNL,10,8,6,2,75.0,4,50.0,0.75,0.5,2.0,6.0,0.6999969138953644,0.6844641617589549,-0.015532752136409589,0.848445604909861,0.8709954434179896,0.02254983850812864,0.9563356162706259,0.9861863506312981,0.029850734360672204,0.0011259905135690973,0.07840756167889426,0.0,0.0,0.0,0.0,0.0,0.0,0.0,0.0,0.0,0.0,0.0,0.0,0.026956151773437596,0.01688352185004169,0.03251043700145497,0.022493167269597117,0.01639138427069821,0.007637180250833261,0.020090746997802455,0.009895565281167742,0.03214529256913762,0.01772615500265998,0.036342699216950713,0.023387065760204676,0.06365960720232897,0.043062362976467046,0.02445582636288181,0.012669106894489577,0.0,0.0,0.0,0.0,0.0,0.0,0.0,0.0,0.006891985260248734,0.005717858611383845,0.009189313680331644,0.007537005525437324,0.848445604909861,0.049151789699493825,0.8709954434179896,0.03985645456692873,0.005135722517281963,0.0029022058865826733,0.005916531326580793,0.0038359694161459235,0.00037425149700598805,0.000374251497005988,0.0004990019960079841,0.0004990019960079841
AV16/DV11-CAMRESNTGYQNFYF-AJ49_BV13-2-CASGEGQGKNTLYF-BJ2-4,SNYLFTKL,6,8,7,1,87.5,2,25.0,0.625,0.0,4.0,5.0,1.0612895240019007,0.9652200823433873,-0.09606944165851339,0.7658333355558756,0.7800000025400483,0.014166666984172682,0.9574272157070907,0.9527975948486374,-0.004629620858453309,0.00010124749060291816,0.03824304985632215,0.033504958047292144,0.01994854712983846,0.02876757110166721,0.022375632505586922,0.0,0.0,0.0,0.0,0.0,0.0,0.0,0.0,0.0,0.0,0.0,0.0,0.053307742981656026,0.03288645825236552,0.05616123007427355,0.0378307942959497,0.0565365079238077,0.011701636644089766,0.05032743762720878,0.011452845131360597,0.7658333355558756,0.036309045966309496,0.7800000025400483,0.0386031495354654,0.0,0.0,0.0,0.0,0.005681818181818182,0.00568181818181818,0.006493506493506494,0.006493506493506493,0.0,0.0,0.0,0.0,0.03860785953177258,0.016184385653851798,0.03459945851250199,0.01810587603556055,0.04236111111111111,0.0277368249703463,0.04365079365079365,0.03199308630277202,0.004166666666666667,0.004166666666666667,0.0,0.0
AV13-2-CAIDDNMGYKLTF-AJ9_BV26-CASSLRGEQYF-BJ2-7,RAYLFNSV,4,8,7,1,87.5,3,37.5,0.75,0.0,4.0,6.0,1.0590669125043206,0.87843581666304,-0.18063109584128056,0.7711072603454916,0.8138799956509123,0.042772735305420695,0.9645653817096879,0.9787346063208388,0.014169224611150888,0.0004969773002967415,0.09442223214717733,0.0,0.0,0.0,0.0,0.0,0.0,0.0,0.0,0.0026595744680851063,0.002659574468085106,0.00303951367781155,0.0030395136778115497,0.028409090909090908,0.021126430970010785,0.032467532467532464,0.023940346353588826,0.7711072603454916,0.04994039340603363,0.8138799956509123,0.029766558597231905,0.09130437357581392,0.02598548613519898,0.07739367761764179,0.025343980945960635,0.029261618884260394,0.011335232343088667,0.02535559678416821,0.012287146868463527,0.0,0.0,0.0,0.0,0.01874019196379694,0.011442084195840242,0.01602652666482454,0.012835228157424137,0.0023584905660377358,0.0023584905660377353,0.0,0.0,0.021474005554194233,0.011144760689305455,0.013760049474335189,0.009288026157004074,0.024950347567030785,0.016366417085643473,0.015037593984962405,0.015037593984962405,0.009735046166198314,0.007194382381500532,0.00303951367781155,0.0030395136778115497
AV10-CAASLDTNAYKVIF-AJ30_BV13-2-CASGGQTEVFF-BJ1-1,VIVRFLTV,11,8,7,1,87.5,3,37.5,0.625,0.0,3.0,5.0,0.6819569606318867,0.71544437940144,0.0334874187695533,0.8787651286458988,0.8708135428084277,-0.007951585837471131,0.9927867194128124,0.9922443606764152,-0.000542358736397186,3.863312424368104e-05,0.024099892986417664,0.005759803921568628,0.003958325203137924,0.0065826330532212885,0.0044708374508438,0.0,0.0,0.0,0.0,0.0,0.0,0.0,0.0,0.0025,0.0025,0.002857142857142857,0.002857142857142857,0.017280661809350333,0.009970630759030695,0.017407407407407406,0.011512162454627549,0.030138770484039026,0.01618019229730202,0.03444430912461603,0.018009662584000843,0.007314814814814815,0.005201104624981873,0.00835978835978836,0.005883255290547149,0.0,0.0,0.0,0.0,0.012704248366013072,0.007243304816981503,0.014519140989729225,0.008097047151983916,0.0,0.0,0.0,0.0,0.04143821130257758,0.013452750680575859,0.04501603539966711,0.014974452715832151,0.8787651286458988,0.017022936353408524,0.8708135428084277,0.01738016665672018,0.004098360655737705,0.004098360655737705,0.0,0.0
AV13N-3-CASNNRIFF-AJ31_BV1-CTCSADRVQGTQYF-BJ2-5,RAYLFNSV,4,8,8,0,100.0,4,50.0,0.5,0.5,1.0,4.0,1.0785071598383968,1.0785071598383968,0.0,0.7878037592430396,0.7878037592430396,0.0,0.9807981667261175,0.9807981667261175,0.0,0.0,0.0,0.0,0.0,0.0,0.0,0.0,0.0,0.0,0.0,0.04099777034559643,0.017487789691165555,0.04099777034559643,0.017487789691165555,0.005301455301455302,0.003640798465077911,0.005301455301455302,0.003640798465077911,0.7878037592430396,0.04665717881492029,0.7878037592430396,0.04665717881492029,0.04616231385346828,0.012101424830863088,0.04616231385346828,0.012101424830863088,0.04869007803790412,0.014591096716371505,0.04869007803790412,0.014591096716371505,0.0,0.0,0.0,0.0,0.007051282051282051,0.004641511317756112,0.007051282051282051,0.004641511317756112,0.003205128205128205,0.0032051282051282046,0.003205128205128205,0.0032051282051282046,0.021794871794871794,0.016296250046184416,0.021794871794871794,0.016296250046184416,0.020045045045045045,0.009284211984531759,0.020045045045045045,0.009284211984531759,0.018948296122209166,0.013826358625748231,0.018948296122209166,0.013826358625748231
AV8D-2-CATDTGKLTF-AJ27_BV3-CASSLDSNERLFF-BJ1-4,VGPRYTNL,10,8,8,0,100.0,0,0.0,0.0,0.0,0.0,0.0,0.991378196011752,0.991378196011752,0.0,0.7621211532849463,0.7621211532849463,0.0,0.9198653515336636,0.9198653515336636,0.0,0.0,0.0,0.04597701149425287,0.041271982684915616,0.04597701149425287,0.041271982684915616,0.0,0.0,0.0,0.0,0.0,0.0,0.0,0.0,0.01903735632183908,0.012536603213204253,0.01903735632183908,0.012536603213204253,0.0350533723378551,0.013548579870477069,0.0350533723378551,0.013548579870477069,0.019973098098098097,0.010765850234969841,0.019973098098098097,0.010765850234969841,0.062289562289562284,0.04093169960197584,0.062289562289562284,0.04093169960197584,0.0,0.0,0.0,0.0,0.01812039312039312,0.012363190176383067,0.01812039312039312,0.012363190176383067,0.0,0.0,0.0,0.0,0.7621211532849463,0.05040101758470006,0.7621211532849463,0.05040101758470006,0.03742805305305305,0.02008935330961274,0.03742805305305305,0.02008935330961274,0.0,0.0,0.0,0.0
AV14-2-CAASDDTNAYKVIF-AJ30_BV13-1-CASSALGGSYEQYF-BJ2-7,VIVRFLTV,11,8,8,0,100.0,2,25.0,0.375,0.0,2.0,3.0,0.9604061863165856,0.9604061863165856,0.0,0.7989522178734507,0.7989522178734507,0.0,0.9669699818091987,0.9669699818091987,0.0,0.0,0.0,0.025595238095238095,0.01774768037604235,0.025595238095238095,0.01774768037604235,0.0,0.0,0.0,0.0,0.008928571428571428,0.008928571428571428,0.008928571428571428,0.008928571428571428,0.01898148148148148,0.016495854561527558,0.01898148148148148,0.016495854561527558,0.009259259259259259,0.0060616080621108985,0.009259259259259259,0.0060616080621108985,0.06225402261361165,0.018093644715408634,0.06225402261361165,0.018093644715408634,0.006341958396752917,0.004701122756593904,0.006341958396752917,0.004701122756593904,0.0,0.0,0.0,0.0,0.019569471624266144,0.017693876046991314,0.019569471624266144,0.017693876046991314,0.0017123287671232876,0.0017123287671232874,0.0017123287671232876,0.0017123287671232874,0.03054830760310212,0.012025604326322612,0.03054830760310212,0.012025604326322612,0.7989522178734507,0.046583508976633506,0.7989522178734507,0.046583508976633506,0.017857142857142856,0.017857142857142856,0.017857142857142856,0.017857142857142856
AV5-4-CASSSFSKLVF-AJ50_BV13-2-CASGEGQVEQYF-BJ2-7,ATLVFHNL,0,8,8,0,100.0,4,50.0,0.625,0.5,2.0,5.0,1.5938644759132181,1.5938644759132181,0.0,0.5052686685295381,0.5052686685295381,0.0,0.9168157290213536,0.9168157290213536,0.0,0.0,0.0,0.4889643207034512,0.021732487685247784,0.4889643207034512,0.021732487685247784,0.0,0.0,0.0,0.0,0.0,0.0,0.0,0.0,0.007284382284382284,0.005678882324234379,0.007284382284382284,0.005678882324234379,0.012284382284382283,0.006844227059810424,0.012284382284382283,0.006844227059810424,0.0162013912013912,0.006319355906388182,0.0162013912013912,0.006319355906388182,0.032498334998335,0.015070310972648333,0.032498334998335,0.015070310972648333,0.001893939393939394,0.001893939393939394,0.001893939393939394,0.001893939393939394,0.3513439821048516,0.04751641145836593,0.3513439821048516,0.04751641145836593,0.009615384615384616,0.009615384615384616,0.009615384615384616,0.009615384615384616,0.033508158508158505,0.027889305962664635,0.033508158508158505,0.027889305962664635,0.027146464646464648,0.016335908022357414,0.027146464646464648,0.016335908022357414,0.01925925925925926,0.012620572711852338,0.01925925925925926,0.012620572711852338
AV13-1-CALELMDYANKMIF-AJ47_BV13-2-CASGDYWGGAEQFF-BJ2-1,VSFTYRYL,12,8,8,0,100.0,1,12.5,0.125,0.0,1.0,1.0,1.627972645963532,1.627972645963532,0.0,0.5642114980430197,0.5642114980430197,0.0,0.6576299663960735,0.6576299663960735,0.0,0.0,0.0,0.004464285714285714,0.004464285714285714,0.004464285714285714,0.004464285714285714,0.0,0.0,0.0,0.0,0.01436335403726708,0.009766883249541244,0.01436335403726708,0.009766883249541244,0.027472527472527472,0.013418619307126182,0.027472527472527472,0.013418619307126182,0.025524068322981364,0.01557186385662216,0.025524068322981364,0.01557186385662216,0.2372061965811966,0.07715999302558435,0.2372061965811966,0.07715999302558435,0.08649283988957902,0.03486996893900056,0.08649283988957902,0.03486996893900056,0.017857142857142856,0.017857142857142856,0.017857142857142856,0.017857142857142856,0.017857142857142856,0.017857142857142856,0.017857142857142856,0.017857142857142856,0.040827922077922074,0.02542658171944414,0.040827922077922074,0.02542658171944414,0.023787957211870252,0.014005491982840616,0.023787957211870252,0.014005491982840616,0.02922077922077922,0.01974922899447474,0.02922077922077922,0.01974922899447474,0.47492578375730543,0.09424128641013907,0.47492578375730543,0.09424128641013907
AV14-2-CAAIDSNNRIFF-AJ31_BV13-3-CASSGGHLNTEVFF-BJ1-1,RTYTYEKL,5,8,8,0,100.0,3,37.5,0.375,0.0,1.0,3.0,0.4133121851926677,0.4133121851926677,0.0,0.941974553109217,0.941974553109217,0.0,0.998869048626254,0.998869048626254,0.0,0.0,0.0,0.006104591508903801,0.00258588668010824,0.006104591508903801,0.00258588668010824,0.0,0.0,0.0,0.0,0.001708893243747667,0.0011197839416006027,0.001708893243747667,0.0011197839416006027,0.0,0.0,0.0,0.0,0.015151935301174516,0.006724110622387712,0.015151935301174516,0.006724110622387712,0.941974553109217,0.013381627384728985,0.941974553109217,0.013381627384728985,0.012073122468360965,0.0040400490973040385,0.012073122468360965,0.0040400490973040385,0.0021929824561403508,0.0021929824561403508,0.0021929824561403508,0.0021929824561403508,0.0,0.0,0.0,0.0,0.005500360307462368,0.0042235775321087235,0.005500360307462368,0.0042235775321087235,0.007626581302096465,0.003678783118254375,0.007626581302096465,0.003678783118254375,0.0037212771446764594,0.0024557131177680965,0.0037212771446764594,0.0024557131177680965,0.0039457031582204385,0.002092736491741374,0.0039457031582204385,0.002092736491741374
AV9-2-CVLSSTSGGNYKPTF-AJ6_BV1-CTCSAVRVDTEVFF-BJ1-1,RAYLFNSV,4,8,6,2,75.0,4,50.0,0.75,0.5,2.0,6.0,0.9323749992404151,0.8865477997269982,-0.04582719951341696,0.8225785602251767,0.8301047469669022,0.007526186741725449,0.9841800890973105,0.9819752977338416,-0.00220479136346885,0.00019483768387118516,0.04142917675473916,0.004742962056303549,0.0034010594036029086,0.0063239494084047325,0.004426341527577485,0.0,0.0,0.0,0.0,0.0,0.0,0.0,0.0,0.03225268304996417,0.024244021984656104,0.04300357739995223,0.03169716296862589,0.8225785602251767,0.02225830696516177,0.8301047469669022,0.029203173992215784,0.04558041594029617,0.01073761224798556,0.040773887920394894,0.013041125541387276,0.01765621946453,0.009352766387871282,0.006874959286039997,0.003208861091157051,0.0,0.0,0.0,0.0,0.0025,0.0025,0.0,0.0,0.0011160714285714285,0.0011160714285714285,0.001488095238095238,0.0014880952380952382,0.05808967170248701,0.01796551585313739,0.05745289560331601,0.022259690729710752,0.014029927760577914,0.007535439639335666,0.012039903680770554,0.008726960011242698,0.0014534883720930232,0.0014534883720930235,0.001937984496124031,0.001937984496124031
AV13D-1-CAMERSNNRIFF-AJ31_BV2-CASSQDRRGDTQYF-BJ2-5,HIYEFPQL,2,8,8,0,100.0,2,25.0,0.25,0.0,1.0,2.0,1.5213712722968764,1.5213712722968764,0.0,0.6116822594864869,0.6116822594864869,0.0,0.6777975982300195,0.6777975982300195,0.0,0.0,0.0,0.06152482269503546,0.052651045400052277,0.06152482269503546,0.052651045400052277,0.0,0.0,0.0,0.0,0.5634679737722011,0.0950157884242759,0.5634679737722011,0.0950157884242759,0.033074534161490685,0.019878808968961364,0.033074534161490685,0.019878808968961364,0.06637412780681318,0.025305329645767552,0.06637412780681318,0.025305329645767552,0.08633785519073749,0.04839606390149011,0.08633785519073749,0.04839606390149011,0.07519492533368573,0.05299313662439735,0.07519492533368573,0.05299313662439735,0.0,0.0,0.0,0.0,0.002717391304347826,0.002717391304347826,0.002717391304347826,0.002717391304347826,0.03038122000539473,0.01788738040582636,0.03038122000539473,0.01788738040582636,0.036576831447290056,0.024749098543928424,0.036576831447290056,0.024749098543928424,0.021804656182547025,0.010942204032524761,0.021804656182547025,0.010942204032524761,0.022545662100456623,0.013735799079471825,0.022545662100456623,0.013735799079471825
AV7-2-CAASKGGRALIF-AJ15_BV12-2-CASSSGQGGISDYTF-BJ1-2,ATLVFHNL,0,8,8,0,100.0,3,37.5,0.5,0.0,2.0,4.0,1.461666516464968,1.461666516464968,0.0,0.6611725845135457,0.6611725845135457,0.0,0.838105246477342,0.838105246477342,0.0,0.0,0.0,0.6535968269377881,0.07944457758564452,0.6535968269377881,0.07944457758564452,0.0,0.0,0.0,0.0,0.06218434343434343,0.045150239745796045,0.06218434343434343,0.045150239745796045,0.023463804713804715,0.01051399114624226,0.023463804713804715,0.01051399114624226,0.02048107890499195,0.006351856804646842,0.02048107890499195,0.006351856804646842,0.08708657485831398,0.04023734925632398,0.08708657485831398,0.04023734925632398,0.015557359307359308,0.009063852813852812,0.015557359307359308,0.009063852813852812,0.0,0.0,0.0,0.0,0.022306397306397305,0.018364146239997707,0.022306397306397305,0.018364146239997707,0.0,0.0,0.0,0.0,0.04373860788334472,0.02053916931150025,0.04373860788334472,0.02053916931150025,0.05464477096342085,0.016836803415140097,0.05464477096342085,0.016836803415140097,0.01694023569023569,0.009105535410909063,0.01694023569023569,0.009105535410909063
AV16/DV11-CAMREGDSNYQLIW-AJ33_BV13-2-CASGDRANSDYTF-BJ1-2,RAYLFNSV,4,8,8,0,100.0,3,37.5,0.375,0.0,1.0,3.0,1.4181661127572829,1.4181661127572829,0.0,0.6689820922026392,0.6689820922026392,0.0,0.7906343948105407,0.7906343948105407,0.0,0.0,0.0,0.027401823281907434,0.014997106891182815,0.027401823281907434,0.014997106891182815,0.0,0.0,0.0,0.0,0.0,0.0,0.0,0.0,0.022115384615384617,0.014641207667440408,0.022115384615384617,0.014641207667440408,0.6412043144248614,0.08426683437553278,0.6412043144248614,0.08426683437553278,0.05796570189978325,0.032071065223842364,0.05796570189978325,0.032071065223842364,0.04129767984080747,0.014892062465465936,0.04129767984080747,0.014892062465465936,0.013888888888888888,0.013888888888888886,0.013888888888888888,0.013888888888888886,0.0729483208664485,0.05378349554756527,0.0729483208664485,0.05378349554756527,0.01909722222222222,0.014119489412192739,0.01909722222222222,0.014119489412192739,0.04711279983457403,0.0233992473236519,0.04711279983457403,0.0233992473236519,0.03636363636363636,0.025941538123945687,0.03636363636363636,0.025941538123945687,0.020604227761485825,0.011683996254170048,0.020604227761485825,0.011683996254170048
AV7D-5-CAVSMTNSAGNKLTF-AJ17_BV13-3-CASSDAGQAERLFF-BJ1-4,RTYTYEKL,5,8,8,0,100.0,1,12.5,0.125,0.0,1.0,1.0,0.7979037322839582,0.7979037322839582,0.0,0.842686210215276,0.842686210215276,0.0,0.9822723927682772,0.9822723927682772,0.0,0.0,0.0,0.005555555555555556,0.005555555555555556,0.005555555555555556,0.005555555555555556,0.0,0.0,0.0,0.0,0.0,0.0,0.0,0.0,0.0,0.0,0.0,0.0,0.01640625,0.008329134089964113,0.01640625,0.008329134089964113,0.842686210215276,0.03448184280499188,0.842686210215276,0.03448184280499188,0.03359038811651771,0.023447274141529972,0.03359038811651771,0.023447274141529972,0.0,0.0,0.0,0.0,0.004807692307692308,0.004807692307692308,0.004807692307692308,0.004807692307692308,0.006760817307692308,0.00492399620025034,0.006760817307692308,0.00492399620025034,0.05378153972145845,0.01258363903956716,0.05378153972145845,0.01258363903956716,0.03150958599149389,0.01907783217846023,0.03150958599149389,0.01907783217846023,0.004901960784313725,0.004901960784313725,0.004901960784313725,0.004901960784313725
AV16N-CAMREVSNYNVLYF-AJ21_BV13-2-CASGDQGNSGNTLYF-BJ1-3,RTYTYEKL,5,8,8,0,100.0,2,25.0,0.25,0.0,1.0,2.0,0.5454748467319736,0.5454748467319736,0.0,0.9063482943523988,0.9063482943523988,0.0,0.9957966027971626,0.9957966027971626,0.0,0.0,0.0,0.001448269619527502,0.0010099026332760482,0.001448269619527502,0.0010099026332760482,0.0,0.0,0.0,0.0,0.0,0.0,0.0,0.0,0.0004940711462450593,0.0004940711462450591,0.0004940711462450593,0.0004940711462450591,0.01733188626781304,0.012115012206145822,0.01733188626781304,0.012115012206145822,0.9063482943523988,0.017907212012875772,0.9063482943523988,0.017907212012875772,0.05366823660894712,0.014126933631104618,0.05366823660894712,0.014126933631104618,0.0019218719876614614,0.0014043701894996714,0.0019218719876614614,0.0014043701894996714,0.003837719298245614,0.0032566765172762826,0.003837719298245614,0.0032566765172762826,0.0,0.0,0.0,0.0,0.00848538420971432,0.00332861220416914,0.00848538420971432,0.00332861220416914,0.005120180487941694,0.0022174556390088993,0.005120180487941694,0.0022174556390088993,0.0013440860215053765,0.0013440860215053762,0.0013440860215053765,0.0013440860215053762
AV12-2-CAFLPGTGSNRLTF-AJ28_BV13-2-CASGGVAEQFF-BJ2-1,VGPRYTNL,10,8,7,1,87.5,2,25.0,0.5,0.0,3.0,4.0,1.2551646552217233,1.2408225191108884,-0.014342136110834902,0.5510954890893017,0.552065730749437,0.0009702416601352626,0.9897853015623014,0.9883897529950063,-0.0013955485672950685,1.6084192926313357e-05,0.009705500983144122,0.0,0.0,0.0,0.0,0.0,0.0,0.0,0.0,0.004583540733366517,0.0030261221367903547,0.005238332266704592,0.0034114832032692954,0.005602746317269969,0.002914785854702517,0.004594820384294068,0.003158071540757861,0.003125,0.003125,0.0035714285714285718,0.0035714285714285718,0.010013520678609611,0.0031513768765964755,0.007827387104667764,0.0026209403440320706,0.015247260516007985,0.0058742488750432266,0.013808804061694477,0.006576487702412833,0.0009328358208955224,0.0009328358208955222,0.0010660980810234541,0.0010660980810234541,0.0009328358208955224,0.0009328358208955222,0.0010660980810234541,0.0010660980810234541,0.0024219467401285586,0.0016081906845660937,0.0027679391315754954,0.0018134925945941956,0.5427621557559683,0.014265807104192346,0.5425419212256275,0.01647077205580319,0.41306236814317376,0.018447323671405755,0.41601341169346434,0.021026811221292213,0.0013157894736842105,0.0013157894736842103,0.0015037593984962405,0.0015037593984962403
AV13-2-CAIDTEGADRLTF-AJ45_BV16-CASRQSQNTLYF-BJ2-4,RTYTYEKL,5,8,8,0,100.0,1,12.5,0.125,0.0,1.0,1.0,0.2322028725728249,0.2322028725728249,0.0,0.8349383498944838,0.8349383498944838,0.0,,,,0.0,0.0,0.010869565217391304,0.010869565217391304,0.010869565217391304,0.010869565217391304,0.0,0.0,0.0,0.0,0.0,0.0,0.0,0.0,0.0020491803278688526,0.0020491803278688526,0.0020491803278688526,0.0020491803278688526,0.013780104433077579,0.010724047073847151,0.013780104433077579,0.010724047073847151,0.8349383498944838,0.12199744070768813,0.8349383498944838,0.12199744070768813,0.010854060975780191,0.005436569737150015,0.010854060975780191,0.005436569737150015,0.0,0.0,0.0,0.0,0.0,0.0,0.0,0.0,0.0,0.0,0.0,0.0,0.0,0.0,0.0,0.0,0.00045955882352941176,0.0004595588235294117,0.00045955882352941176,0.0004595588235294117,0.0020491803278688526,0.0020491803278688526,0.0020491803278688526,0.0020491803278688526
AV16N-CAMREGSSGSWQLIF-AJ22_BV13-2-CASGDRDQAPLF-BJ1-5,RTYTYEKL,5,8,8,0,100.0,1,12.5,0.125,0.0,1.0,1.0,1.6756614446412292,1.6756614446412292,0.0,0.5906807857175504,0.5906807857175504,0.0,0.3560050391040065,0.3560050391040065,0.0,0.0,0.0,0.03434157754010696,0.017886007519261626,0.03434157754010696,0.017886007519261626,0.0,0.0,0.0,0.0,0.012561274509803922,0.008381563297204615,0.012561274509803922,0.008381563297204615,0.0927353896103896,0.0667416236161921,0.0927353896103896,0.0667416236161921,0.22677067621920563,0.12036287272021234,0.22677067621920563,0.12036287272021234,0.2745531633399281,0.07887486892451293,0.2745531633399281,0.07887486892451293,0.14793735676088618,0.09653298195752383,0.14793735676088618,0.09653298195752383,0.0,0.0,0.0,0.0,0.046612394957983194,0.024816176470588234,0.046612394957983194,0.024816176470588234,0.01413690476190476,0.009672619047619046,0.01413690476190476,0.009672619047619046,0.06315651260504201,0.031275643122694596,0.06315651260504201,0.031275643122694596,0.0483058608058608,0.021136792834402545,0.0483058608058608,0.021136792834402545,0.03888888888888889,0.02680848532389609,0.03888888888888889,0.02680848532389609
AV13-2-CAIDPNTGKLTF-AJ27_BV13-3-CASSDSNQAPLF-BJ1-5,SNYLFTKL,6,8,8,0,100.0,0,0.0,0.0,0.0,0.0,0.0,0.578131592608885,0.578131592608885,0.0,0.9135424808099858,0.9135424808099858,0.0,0.9978820966277737,0.9978820966277737,0.0,0.0,0.0,0.007786388866434941,0.0030648650426897284,0.007786388866434941,0.0030648650426897284,0.0,0.0,0.0,0.0,0.001940947242206235,0.001275198796091349,0.001940947242206235,0.001275198796091349,0.01626602564102564,0.008016425471118083,0.01626602564102564,0.008016425471118083,0.013992041401263268,0.00563953944628622,0.013992041401263268,0.00563953944628622,0.01727400186873912,0.0068114616258340525,0.01727400186873912,0.0068114616258340525,0.9135424808099858,0.014307096399725511,0.9135424808099858,0.014307096399725511,0.0,0.0,0.0,0.0,0.004547364701151784,0.0017651168587134029,0.004547364701151784,0.0017651168587134029,0.0,0.0,0.0,0.0,0.0071044995952432,0.0030606374665693554,0.0071044995952432,0.0030606374665693554,0.011588628762541806,0.006103001487384501,0.011588628762541806,0.006103001487384501,0.005957621111408194,0.002549090636879711,0.005957621111408194,0.002549090636879711
AV14D-3/DV8-CAASPNYNVLYF-AJ21_BV31-CAWGQGAGNTLYF-BJ1-3,INFDFPKL,3,8,8,0,100.0,4,50.0,0.625,0.5,2.0,5.0,1.7649662949664946,1.7649662949664946,0.0,0.4851108130999435,0.4851108130999435,0.0,0.6508020968553668,0.6508020968553668,0.0,0.0,0.0,0.030681818181818185,0.024833417853103182,0.030681818181818185,0.024833417853103182,0.0,0.0,0.0,0.0,0.016798418972332016,0.011875339798446136,0.016798418972332016,0.011875339798446136,0.4601108130999435,0.06677430695999544,0.4601108130999435,0.06677430695999544,0.0672172030867683,0.03125461332385252,0.0672172030867683,0.03125461332385252,0.08825051759834368,0.04964156704284851,0.08825051759834368,0.04964156704284851,0.0,0.0,0.0,0.0,0.09252893845285148,0.034293518697131854,0.09252893845285148,0.034293518697131854,0.030952380952380953,0.024857872640263217,0.030952380952380953,0.024857872640263217,0.02232142857142857,0.014656038395529914,0.02232142857142857,0.014656038395529914,0.0829204310182571,0.04702453528934362,0.0829204310182571,0.04702453528934362,0.10821805006587615,0.05779419962957147,0.10821805006587615,0.05779419962957147,0.0,0.0,0.0,0.0
AV14D-3/DV8-CAASEDNYAQGLTF-AJ26_BV31-CAWRDNTEVFF-BJ1-1,VIVRFLTV,11,8,8,0,100.0,0,0.0,0.0,0.0,0.0,0.0,1.0122483274466219,1.0122483274466219,0.0,0.7440532557580496,0.7440532557580496,0.0,0.9733313361241883,0.9733313361241883,0.0,0.0,0.0,0.0022564947806294642,0.0015128349508905484,0.0022564947806294642,0.0015128349508905484,0.0,0.0,0.0,0.0,0.0016893898889086914,0.0013391029916462619,0.0016893898889086914,0.0013391029916462619,0.0039467664939307175,0.0023556551117681116,0.0039467664939307175,0.0023556551117681116,0.00923390949213496,0.004627714935412145,0.00923390949213496,0.004627714935412145,0.016612699060829475,0.008360804169132102,0.016612699060829475,0.008360804169132102,0.012275493993944972,0.0069738205189713975,0.012275493993944972,0.0069738205189713975,0.0,0.0,0.0,0.0,0.0,0.0,0.0,0.0,0.0,0.0,0.0,0.0,0.20789729677526014,0.03389615613049952,0.20789729677526014,0.03389615613049952,0.7440532557580496,0.03320922966285334,0.7440532557580496,0.03320922966285334,0.0020346937563120063,0.001420667425174927,0.0020346937563120063,0.001420667425174927
AV19-CASNTGYQNFYF-AJ49_BV31-CAWSARGDTQYF-BJ2-5,RAYLFNSV,4,8,7,1,87.5,1,12.5,0.25,0.0,2.0,2.0,0.3697047988269584,0.37724948477250925,0.007544685945550855,0.9427190714926564,0.9399414871112984,-0.0027775843813580003,0.9981102830041155,0.9978868820924327,-0.00022340091168282505,4.8126647345103635e-06,0.007956263616641009,0.00241972741972742,0.0015984609741177343,0.0012210012210012212,0.0012210012210012212,0.0,0.0,0.0,0.0,0.0,0.0,0.0,0.0,0.005392656807751147,0.004668600914716794,0.005390835579514824,0.005390835579514824,0.9427190714926564,0.011216605212414216,0.9399414871112984,0.012548426594363346,0.027673162755709926,0.011753324580508593,0.0300820701764098,0.013283463591161483,0.01056249285415952,0.0031939381243800266,0.011299219632552966,0.0035885882825731938,0.0,0.0,0.0,0.0,0.0,0.0,0.0,0.0,0.0,0.0,0.0,0.0,0.008621302725076309,0.004605025785317032,0.009080716627886438,0.005290898014431894,0.0010683760683760685,0.0010683760683760685,0.0012210012210012212,0.0012210012210012212,0.0015432098765432098,0.0015432098765432098,0.001763668430335097,0.001763668430335097
AV16-CAMREGASSSFSKLVF-AJ50_BV29-CASSLGGLYAEQFF-BJ2-1,VSFTYRYL,12,8,6,2,75.0,2,25.0,0.875,0.0,5.0,7.0,1.1452441495520387,1.0921478771816988,-0.05309627237033987,0.7243076872599898,0.7187465860163229,-0.005561101243666933,0.7142014935122817,0.6299881172968197,-0.08421337621546199,0.001319973725576351,0.10065007622573419,0.014756944444444444,0.00968294752792161,0.010416666666666666,0.010416666666666668,0.0,0.0,0.0,0.0,0.0,0.0,0.0,0.0,0.005952380952380952,0.005952380952380951,0.007936507936507936,0.007936507936507936,0.020280148569622253,0.009899556453998402,0.008771929824561403,0.008771929824561405,0.06147064592788277,0.022000588150289383,0.05468358395989975,0.02864671172986317,0.08199714137214138,0.0483062682595882,0.10032051282051284,0.06354969918834906,0.0,0.0,0.0,0.0,0.041666666666666664,0.04166666666666666,0.05555555555555555,0.05555555555555556,0.00390625,0.00390625,0.005208333333333333,0.005208333333333334,0.09853375642849327,0.05238760308990691,0.11336032388663968,0.06893723755193915,0.0033783783783783786,0.003378378378378378,0.0,0.0,0.6680576872599899,0.10790954673947661,0.6437465860163228,0.1438577315399053
AV7D-3-CAVTGNYKYVF-AJ40_BV17-CASSPGQGYTGQLYF-BJ2-2,VIVRFLTV,11,8,8,0,100.0,0,0.0,0.0,0.0,0.0,0.0,1.2635945637971688,1.2635945637971688,0.0,0.6504525993012835,0.6504525993012835,0.0,0.46294972828401754,0.46294972828401754,0.0,0.0,0.0,0.0,0.0,0.0,0.0,0.0,0.0,0.0,0.0,0.0005208333333333333,0.0005208333333333333,0.0005208333333333333,0.0005208333333333333,0.006473214285714285,0.00590053687288894,0.006473214285714285,0.00590053687288894,0.16166979949874685,0.1147484172349882,0.16166979949874685,0.1147484172349882,0.08029828358775727,0.021237184953585626,0.08029828358775727,0.021237184953585626,0.09928656869446342,0.05344256455140169,0.09928656869446342,0.05344256455140169,0.0,0.0,0.0,0.0,0.020833333333333332,0.02083333333333333,0.020833333333333332,0.02083333333333333,0.0,0.0,0.0,0.0,0.146387987012987,0.1157757988923612,0.146387987012987,0.1157757988923612,0.41503593263461686,0.09826428283295792,0.41503593263461686,0.09826428283295792,0.06949404761904761,0.04897823086763039,0.06949404761904761,0.04897823086763039
AV13D-1-CAMEPASGSWQLIF-AJ22_BV4-CASSLNTLYF-BJ2-4,VIVRFLTV,11,8,7,1,87.5,1,12.5,0.375,0.0,3.0,3.0,1.1281522201455862,1.2265315391775968,0.09837931903201058,0.71129662004662,0.6830402930402929,-0.028256327006327076,0.8872354520723593,0.8807371254421982,-0.006498326630161144,0.0007549560716539894,0.07426282051282057,0.0,0.0,0.0,0.0,0.0,0.0,0.0,0.0,0.002403846153846154,0.002403846153846154,0.0027472527472527475,0.0027472527472527475,0.034583333333333334,0.021491392703067432,0.039523809523809524,0.0241515121770542,0.005208333333333333,0.005208333333333332,0.005952380952380952,0.005952380952380951,0.107864010989011,0.02940323689111157,0.12327315541601255,0.02891616866512877,0.09129578754578754,0.04944150155490801,0.10433804290947148,0.055067978003342115,0.0,0.0,0.0,0.0,0.01168956043956044,0.006346175319353276,0.013359497645211932,0.007069677117865147,0.0,0.0,0.0,0.0,0.028783508158508157,0.012175101607529317,0.01990842490842491,0.009623997537943347,0.71129662004662,0.07816704088058646,0.6830402930402929,0.084155936721769,0.006875,0.005236826821533261,0.007857142857142858,0.005939668965735763
AV16-CAMREDSGGSNYKLTF-AJ53_BV13-1-CASSDITEVFF-BJ1-1,VIVRFLTV,11,8,8,0,100.0,1,12.5,0.125,0.0,1.0,1.0,0.8961380971333237,0.8961380971333237,0.0,0.7836710878990291,0.7836710878990291,0.0,0.9286695667728777,0.9286695667728777,0.0,0.0,0.0,0.005208333333333333,0.005208333333333332,0.005208333333333333,0.005208333333333332,0.0,0.0,0.0,0.0,0.0024509803921568627,0.0024509803921568627,0.0024509803921568627,0.0024509803921568627,0.0,0.0,0.0,0.0,0.002976190476190476,0.0029761904761904756,0.002976190476190476,0.0029761904761904756,0.054482588489941426,0.02306017683542528,0.054482588489941426,0.02306017683542528,0.08474052499787793,0.05225873924082237,0.08474052499787793,0.05225873924082237,0.0,0.0,0.0,0.0,0.01854946524064171,0.010890991012979469,0.01854946524064171,0.010890991012979469,0.005681818181818182,0.00568181818181818,0.005681818181818182,0.00568181818181818,0.042239010989010985,0.028813657272595355,0.042239010989010985,0.028813657272595355,0.7836710878990291,0.04957309595710472,0.7836710878990291,0.04957309595710472,0.0,0.0,0.0,0.0
AV6-7/DV9-CALSEDTGYQNFYF-AJ49_BV17-CASSRDRGYTLYF-BJ2-4,VGPRYTNL,10,7,6,1,85.71428571428571,1,14.285714285714286,0.42857142857142855,0.0,3.0,3.0,1.3176046033180728,1.2489430441188147,-0.0686615591992581,0.6747542820184101,0.7038799956881451,0.02912571366973493,0.8916035382602882,0.8894986560998602,-0.0021048821604279233,0.0010642693199963693,0.07880347951291435,0.002304147465437788,0.0023041474654377876,0.0026881720430107525,0.002688172043010753,0.0,0.0,0.0,0.0,0.009418708060473764,0.006948987104888803,0.010988492737219392,0.008009611538245268,0.016321044546851,0.011061974439964728,0.019041218637992834,0.012686808266622426,0.06578802998279108,0.038224002721855825,0.0628638127577007,0.045094707813459645,0.09517601607705901,0.0253299985454976,0.08326090764545772,0.026447960683752776,0.007114560595035977,0.004864964470314619,0.00830032069420864,0.005582704828171297,0.003456221198156682,0.0034562211981566822,0.004032258064516129,0.00403225806451613,0.00576036866359447,0.005760368663594469,0.006720430107526882,0.006720430107526882,0.01152073732718894,0.011520737327188939,0.013440860215053764,0.013440860215053764,0.6747542820184101,0.08998101479250746,0.7038799956881451,0.10073522798328935,0.10262551540140674,0.03895542001282791,0.0780631013016412,0.03577565634274879,0.00576036866359447,0.005760368663594469,0.006720430107526882,0.006720430107526882
AV7-2-CAAASSGSWQLIF-AJ22_BV13-1-CASSDAGYEQYF-BJ2-7,SNYLFTKL,6,7,7,0,100.0,0,0.0,0.0,0.0,0.0,0.0,0.5660205801605808,0.5660205801605808,0.0,0.903098874419008,0.903098874419008,0.0,0.9917897880633695,0.9917897880633695,0.0,0.0,0.0,0.011370724513581657,0.008384792516607965,0.011370724513581657,0.008384792516607965,0.0,0.0,0.0,0.0,0.00042016806722689073,0.00042016806722689073,0.00042016806722689073,0.00042016806722689073,0.006522239665096808,0.0037736309465912225,0.006522239665096808,0.0037736309465912225,0.010213819793651727,0.004586294660841853,0.010213819793651727,0.004586294660841853,0.03858134237505712,0.021688001674221833,0.03858134237505712,0.021688001674221833,0.903098874419008,0.030748620824015447,0.903098874419008,0.030748620824015447,0.0008403361344537815,0.0008403361344537815,0.0008403361344537815,0.0008403361344537815,0.002377115229653505,0.0019318646861550058,0.002377115229653505,0.0019318646861550058,0.0,0.0,0.0,0.0,0.007461888251804218,0.004145921958231171,0.007461888251804218,0.004145921958231171,0.006554621848739496,0.005635475648714674,0.006554621848739496,0.005635475648714674,0.012558869701726845,0.010838469480485599,0.012558869701726845,0.010838469480485599
AV7-3-CAVSGGNYKPTF-AJ6_BV31-CAWSYRGETLYF-BJ2-3,RTYTYEKL,5,7,7,0,100.0,3,42.857142857142854,0.42857142857142855,0.0,1.0,3.0,0.9627476491096135,0.9627476491096135,0.0,0.7547733628259371,0.7547733628259371,0.0,0.7105118745303552,0.7105118745303552,0.0,0.0,0.0,0.011604641856742695,0.010065835316610856,0.011604641856742695,0.010065835316610856,0.0,0.0,0.0,0.0,0.001904761904761905,0.0019047619047619045,0.001904761904761905,0.0019047619047619045,0.021932911095472667,0.02017665503180847,0.021932911095472667,0.02017665503180847,0.06031433262960357,0.033454437474635126,0.06031433262960357,0.033454437474635126,0.7329646393365413,0.1301223428476824,0.7329646393365413,0.1301223428476824,0.0328044295141609,0.01910662802984018,0.0328044295141609,0.01910662802984018,0.0022215782864870087,0.0015007813030553272,0.0022215782864870087,0.0015007813030553272,0.0,0.0,0.0,0.0,0.01281257330518414,0.009946225528304294,0.01281257330518414,0.009946225528304294,0.08881883527646582,0.0675980827561215,0.08881883527646582,0.0675980827561215,0.021111893033075296,0.020302735926905797,0.021111893033075296,0.020302735926905797,0.0135094037615046,0.009878316251226872,0.0135094037615046,0.009878316251226872
AV6D-7-CALGLSSGSWQLIF-AJ22_BV13-3-CASSLRGPEVFF-BJ1-1,VIVRFLTV,11,7,7,0,100.0,0,0.0,0.0,0.0,0.0,0.0,0.38442750265567643,0.38442750265567643,0.0,0.9517521697348569,0.9517521697348569,0.0,0.9997483825184533,0.9997483825184533,0.0,0.0,0.0,0.0011160714285714285,0.0011160714285714287,0.0011160714285714285,0.0011160714285714287,0.0,0.0,0.0,0.0,0.0038574259891117355,0.001330371113962448,0.0038574259891117355,0.001330371113962448,0.004834954269877238,0.0020109599597233807,0.004834954269877238,0.0020109599597233807,0.0065127032434944615,0.0016881989183591044,0.0065127032434944615,0.0016881989183591044,0.014660126884198531,0.003546511405583977,0.014660126884198531,0.003546511405583977,0.0041047051550787955,0.001598743779464552,0.0041047051550787955,0.001598743779464552,0.0012315270935960591,0.001231527093596059,0.0012315270935960591,0.001231527093596059,0.0003739715781600599,0.00037397157816005983,0.0003739715781600599,0.00037397157816005983,0.00048590864917395527,0.0004859086491739553,0.00048590864917395527,0.0004859086491739553,0.009392361968723865,0.00205021181172658,0.009392361968723865,0.00205021181172658,0.9517521697348569,0.005472279295683465,0.9517521697348569,0.005472279295683465,0.0016780740051570593,0.0008293161517722508,0.0016780740051570593,0.0008293161517722508
AV9-2-CAPIASSSFSKLVF-AJ50_BV13-2-CASGDVGGANERLFF-BJ1-4,VIVRFLTV,11,7,7,0,100.0,2,28.571428571428573,0.2857142857142857,0.0,1.0,2.0,1.7268655165940205,1.7268655165940205,0.0,0.47376845175568166,0.47376845175568166,0.0,0.9433490824527022,0.9433490824527022,0.0,0.0,0.0,0.0,0.0,0.0,0.0,0.0,0.0,0.0,0.0,0.0,0.0,0.0,0.0,0.009966777408637873,0.009966777408637875,0.009966777408637873,0.009966777408637875,0.022593040034900504,0.011689512249061383,0.022593040034900504,0.011689512249061383,0.08644521253888295,0.016509637422219822,0.08644521253888295,0.016509637422219822,0.02661679405865452,0.014499790530398873,0.02661679405865452,0.014499790530398873,0.02040816326530612,0.02040816326530612,0.02040816326530612,0.02040816326530612,0.0140675408554577,0.008287275840663362,0.0140675408554577,0.008287275840663362,0.006310174342961229,0.00425838611737006,0.006310174342961229,0.00425838611737006,0.3600981450835842,0.027791030681894844,0.3600981450835842,0.027791030681894844,0.45017189327540236,0.0363352570648971,0.45017189327540236,0.0363352570648971,0.0033222591362126247,0.003322259136212624,0.0033222591362126247,0.003322259136212624
AV8-1-CATLYQGGRALIF-AJ15_BV3-CASSLTGVDTEVFF-BJ1-1,VGPRYTNL,10,7,6,1,85.71428571428571,3,42.857142857142854,0.5714285714285714,0.0,2.0,4.0,0.7934554066038988,0.9092047918119247,0.11574938520802591,0.7862193544759334,0.7527259990253411,-0.03349335545059229,0.8122934411352555,0.7894978629160423,-0.022795578219213186,0.0012124018176270512,0.08652273043720397,0.0018315018315018315,0.001831501831501831,0.0,0.0,0.0,0.0,0.0,0.0,0.03333333333333333,0.03333333333333333,0.03888888888888889,0.03888888888888889,0.002232142857142857,0.002232142857142857,0.0026041666666666665,0.002604166666666667,0.002232142857142857,0.002232142857142857,0.0026041666666666665,0.002604166666666667,0.153062343358396,0.0895045596338169,0.17857273391812867,0.10151059371428553,0.009523809523809523,0.009523809523809523,0.011111111111111112,0.011111111111111112,0.0,0.0,0.0,0.0,0.0,0.0,0.0,0.0,0.0,0.0,0.0,0.0,0.7386003068568857,0.09208654785971136,0.6971704434697856,0.09730826379616059,0.04191468253968254,0.03937208044061775,0.048900462962962965,0.04584652032750426,0.01726973684210526,0.014829801367198258,0.020148026315789474,0.01721318801427346
AV6D-7-CALGDRTGYQNFYF-AJ49_BV13-1-CASSPGFSNERLFF-BJ1-4,VIVRFLTV,11,7,6,1,85.71428571428571,2,28.571428571428573,0.42857142857142855,0.0,2.0,3.0,0.4571538287217618,0.4747703466841726,0.017616517962410816,0.932813628452428,0.9286780467538214,-0.004135581698606616,0.9986093091247674,0.9984529218226911,-0.000156387302076344,7.297358515567787e-06,0.011402840549058477,0.0010582010582010583,0.001058201058201058,0.0012345679012345679,0.0012345679012345683,0.0,0.0,0.0,0.0,0.002976190476190476,0.0029761904761904765,0.003472222222222222,0.0034722222222222225,0.004878638304069896,0.002412829180797882,0.004279315309550472,0.0027654256897501456,0.020761028819519127,0.005198915109556255,0.0228087709109079,0.005654171813885552,0.02271018208246218,0.009742186106089474,0.025082783051008136,0.01118004189069221,0.00845131006283188,0.003998336643987412,0.008447432361439454,0.00473089349223994,0.0,0.0,0.0,0.0,0.0026987489911218725,0.001754875281154051,0.001736111111111111,0.0017361111111111112,0.0,0.0,0.0,0.0,0.0036520717531755764,0.0017675108789434234,0.004260750378704839,0.0019634273740604786,0.932813628452428,0.01303745059292207,0.9286780467538214,0.014629453672910938,0.0,0.0,0.0,0.0
AV7N-4-CAVSEPGTQVVGQLTF-AJ5_BV1-CTCSAGGSYAEQFF-BJ2-1,RAYLFNSV,4,7,7,0,100.0,2,28.571428571428573,0.2857142857142857,0.0,1.0,2.0,1.395588311196042,1.395588311196042,0.0,0.5996079943448364,0.5996079943448364,0.0,0.7517669894022108,0.7517669894022108,0.0,0.0,0.0,0.0,0.0,0.0,0.0,0.0,0.0,0.0,0.0,0.028571428571428574,0.028571428571428574,0.028571428571428574,0.028571428571428574,0.007518796992481203,0.007518796992481202,0.007518796992481203,0.007518796992481202,0.4660240344450871,0.08231975055384909,0.4660240344450871,0.08231975055384909,0.0335454019664546,0.023386427552522532,0.0335454019664546,0.023386427552522532,0.3622453569821991,0.08462340017831917,0.3622453569821991,0.08462340017831917,0.0,0.0,0.0,0.0,0.014285714285714287,0.014285714285714285,0.014285714285714287,0.014285714285714285,0.0,0.0,0.0,0.0,0.0442002442002442,0.0234416335439708,0.0442002442002442,0.0234416335439708,0.04360902255639098,0.02998734037322511,0.04360902255639098,0.02998734037322511,0.0,0.0,0.0,0.0
AV7-5-CAVLTNSAGNKLTF-AJ17_BV29-CASSWGQGLDTQYF-BJ2-5,VIVRFLTV,11,7,7,0,100.0,1,14.285714285714286,0.14285714285714285,0.0,1.0,1.0,1.228210333356715,1.228210333356715,0.0,0.677404868924314,0.677404868924314,0.0,0.8824498782352285,0.8824498782352285,0.0,0.0,0.0,0.0,0.0,0.0,0.0,0.0,0.0,0.0,0.0,0.006644518272425249,0.006644518272425248,0.006644518272425249,0.006644518272425248,0.04231692677070829,0.028112668518898414,0.04231692677070829,0.028112668518898414,0.020941306755260243,0.01196772348439787,0.020941306755260243,0.01196772348439787,0.05973589435774309,0.03531923984701403,0.05973589435774309,0.03531923984701403,0.0775984812529663,0.03741312637354165,0.0775984812529663,0.03741312637354165,0.0,0.0,0.0,0.0,0.005952380952380952,0.005952380952380953,0.005952380952380952,0.005952380952380953,0.01020408163265306,0.01020408163265306,0.01020408163265306,0.01020408163265306,0.08059409810435803,0.055749503827730085,0.08059409810435803,0.055749503827730085,0.677404868924314,0.0623430310193398,0.677404868924314,0.0623430310193398,0.018607442977190875,0.012089536886771342,0.018607442977190875,0.012089536886771342
AV9-4-CAVSPNQGGSAKLIF-AJ57_BV1-CTCSANWGYEQYF-BJ2-7,VSFTYRYL,12,7,7,0,100.0,2,28.571428571428573,0.42857142857142855,0.0,2.0,3.0,0.979546381211696,0.979546381211696,0.0,0.8101472006427092,0.8101472006427092,0.0,0.9817598856682931,0.9817598856682931,0.0,0.0,0.0,0.008403361344537815,0.008403361344537815,0.008403361344537815,0.008403361344537815,0.0,0.0,0.0,0.0,0.0,0.0,0.0,0.0,0.00510204081632653,0.00510204081632653,0.00510204081632653,0.00510204081632653,0.034727806831544875,0.01043072720066703,0.034727806831544875,0.01043072720066703,0.0555083412675415,0.01938869347518051,0.0555083412675415,0.01938869347518051,0.03396447467876039,0.01675961240540527,0.03396447467876039,0.01675961240540527,0.0,0.0,0.0,0.0,0.0,0.0,0.0,0.0,0.0,0.0,0.0,0.0,0.01940865234982882,0.009505736642234707,0.01940865234982882,0.009505736642234707,0.032738122068750874,0.015810741337008806,0.032738122068750874,0.015810741337008806,0.8101472006427092,0.04796437883042786,0.8101472006427092,0.04796437883042786
AV7-2-CAASNMGYKLTF-AJ9_BV20-CGARLGGDTQYF-BJ2-5,RAYLFNSV,4,7,7,0,100.0,0,0.0,0.0,0.0,0.0,0.0,1.4257421981638518,1.4257421981638518,0.0,0.6204304576321575,0.6204304576321575,0.0,0.7990801761683809,0.7990801761683809,0.0,0.0,0.0,0.03760835437854071,0.020882302807827935,0.03760835437854071,0.020882302807827935,0.0,0.0,0.0,0.0,0.025974025974025976,0.025974025974025972,0.025974025974025976,0.025974025974025972,0.024718988105715795,0.01224784084300558,0.024718988105715795,0.01224784084300558,0.6142192775079339,0.08694426802470875,0.6142192775079339,0.08694426802470875,0.13165767979432577,0.04773433419544987,0.13165767979432577,0.04773433419544987,0.026841171251109137,0.021486025744392977,0.026841171251109137,0.021486025744392977,0.0,0.0,0.0,0.0,0.040372670807453416,0.040372670807453416,0.040372670807453416,0.040372670807453416,0.007518796992481203,0.007518796992481202,0.007518796992481203,0.007518796992481202,0.06439988582845725,0.03892009486879238,0.06439988582845725,0.03892009486879238,0.02668914935995681,0.012445766053812092,0.02668914935995681,0.012445766053812092,0.0,0.0,0.0,0.0
AV6D-7-CALGDDSGYNKLTF-AJ11_BV3-CASSLGTVSYEQYF-BJ2-7,VGPRYTNL,10,7,6,1,85.71428571428571,2,28.571428571428573,0.7142857142857143,0.0,4.0,5.0,0.7339093876346665,0.6284053744020354,-0.10550401323263114,0.6993178006988748,0.7145635779395371,0.015245777240662228,,,,0.008512875683378995,0.15600454674623465,0.0,0.0,0.0,0.0,0.0,0.0,0.0,0.0,0.002070393374741201,0.0020703933747412005,0.0024154589371980675,0.0024154589371980675,0.015091575091575092,0.007340644717875662,0.017606837606837608,0.008159774941427467,0.023255482795124738,0.01030990407748218,0.023863422738103046,0.012177616497396416,0.04609351432880844,0.021974249084319403,0.050507792860734035,0.025470266488735654,0.09058579953720616,0.08624179991045634,0.004376243250923558,0.0027900966657876847,0.0,0.0,0.0,0.0,0.0,0.0,0.0,0.0,0.0,0.0,0.0,0.0,0.6573009939761859,0.1397002841682202,0.7145635779395371,0.1507714569284594,0.005714285714285714,0.005714285714285714,0.006666666666666667,0.006666666666666668,0.01703081232492997,0.011859826216156182,0.013333333333333334,0.013333333333333336
AV9-2-CVLRMDYANKMIF-AJ47_BV16-CASSWGAETLYF-BJ2-3,RAYLFNSV,4,7,7,0,100.0,0,0.0,0.0,0.0,0.0,0.0,0.8362690144557637,0.8362690144557637,0.0,0.817610968843363,0.817610968843363,0.0,0.9649863242081839,0.9649863242081839,0.0,0.0,0.0,0.0025974025974025974,0.0025974025974025974,0.0025974025974025974,0.0025974025974025974,0.0,0.0,0.0,0.0,0.019047619047619046,0.012834603532790987,0.019047619047619046,0.012834603532790987,0.0012987012987012987,0.0012987012987012987,0.0012987012987012987,0.0012987012987012987,0.817610968843363,0.055978555234357685,0.817610968843363,0.055978555234357685,0.06082251082251083,0.034891479487003184,0.06082251082251083,0.034891479487003184,0.04069264069264069,0.025126877681266577,0.04069264069264069,0.025126877681266577,0.0,0.0,0.0,0.0,0.002976190476190476,0.0029761904761904756,0.002976190476190476,0.0029761904761904756,0.0,0.0,0.0,0.0,0.04543015669776233,0.01571892387817143,0.04543015669776233,0.01571892387817143,0.009523809523809523,0.009523809523809523,0.009523809523809523,0.009523809523809523,0.0,0.0,0.0,0.0
AV16N-CAMREGLSAGNKLTF-AJ17_BV1-CTCSAGQGAETLYF-BJ2-3,RAYLFNSV,4,7,7,0,100.0,2,28.571428571428573,0.2857142857142857,0.0,1.0,2.0,0.371015527213992,0.371015527213992,0.0,0.9410277722342026,0.9410277722342026,0.0,0.994409891947196,0.994409891947196,0.0,0.0,0.0,0.0034377145525615574,0.0016480543160897684,0.0034377145525615574,0.0016480543160897684,0.0,0.0,0.0,0.0,0.0022675736961451248,0.0022675736961451243,0.0022675736961451248,0.0022675736961451243,0.0033687228068858713,0.0021406777537460783,0.0033687228068858713,0.0021406777537460783,0.9410277722342026,0.018734412942172457,0.9410277722342026,0.018734412942172457,0.008679979296193453,0.0036582225117013,0.008679979296193453,0.0036582225117013,0.029018308552953627,0.022967086009123217,0.029018308552953627,0.022967086009123217,0.0003337783711615487,0.0003337783711615486,0.0003337783711615487,0.0003337783711615486,0.001637331150225133,0.0016373311502251328,0.001637331150225133,0.0016373311502251328,0.0011473039346590627,0.0008105160338290051,0.0011473039346590627,0.0008105160338290051,0.007110405883625339,0.004236280827979737,0.007110405883625339,0.004236280827979737,0.0015617767338303985,0.0012176869666211754,0.0015617767338303985,0.0012176869666211754,0.00040933278755628325,0.0004093327875562832,0.00040933278755628325,0.0004093327875562832
AV16/DV11-CAMRENTGGLSGKLTF-AJ2_BV13-1-CASSDEQYNNQAPLF-BJ1-5,VIVRFLTV,11,7,6,1,85.71428571428571,3,42.857142857142854,0.7142857142857143,0.0,3.0,5.0,1.173686814635109,1.2279252910098022,0.054238476374693256,0.7712757132310762,0.7563031469177371,-0.014972566313339097,0.7297220261376868,0.6909682308624322,-0.03875379527525458,0.001560570640377068,0.08132046579748115,0.0,0.0,0.0,0.0,0.0,0.0,0.0,0.0,0.003616636528028933,0.0036166365280289334,0.004219409282700422,0.004219409282700422,0.019083745399534873,0.009231122407489765,0.022264369632790687,0.010253592080068319,0.025239079852670793,0.006996185858137146,0.02018633390219,0.0057256375094916195,0.06338347722425004,0.02260323933144759,0.06931776046532875,0.025806336333642797,0.03134391886890221,0.016469912379888745,0.03193827571742295,0.019474769709369115,0.018654230512991338,0.014868785718159912,0.02176326893182323,0.017204084874816707,0.0,0.0,0.0,0.0,0.007722007722007722,0.007722007722007722,0.009009009009009009,0.00900900900900901,0.18349071447006154,0.118461461917005,0.2094428705854422,0.1367605388021988,0.6474661894215525,0.1107544480544248,0.6118587024732928,0.12408914735744504,0.0,0.0,0.0,0.0
AV13-2-CAIERDYANKMIF-AJ47_BV14-CASSYRGEQYF-BJ2-7,INFDFPKL,3,7,7,0,100.0,3,42.857142857142854,0.42857142857142855,0.0,1.0,3.0,0.9852027659361317,0.9852027659361317,0.0,0.8199243702676197,0.8199243702676197,0.0,0.9808682230241401,0.9808682230241401,0.0,0.0,0.0,0.001287001287001287,0.0012870012870012872,0.001287001287001287,0.0012870012870012872,0.0,0.0,0.0,0.0,0.003401360544217687,0.0034013605442176865,0.003401360544217687,0.0034013605442176865,0.8199243702676197,0.04441941156893939,0.8199243702676197,0.04441941156893939,0.04526236412473745,0.015726905178631335,0.04526236412473745,0.015726905178631335,0.03199109070308809,0.012643280231656385,0.03199109070308809,0.012643280231656385,0.013424487860578085,0.006866917071307746,0.013424487860578085,0.006866917071307746,0.0,0.0,0.0,0.0,0.008195955727828889,0.0044766812338187315,0.008195955727828889,0.0044766812338187315,0.013832199546485261,0.006933734626494628,0.013832199546485261,0.006933734626494628,0.01896978471022276,0.011631084926988647,0.01896978471022276,0.011631084926988647,0.018648728586616786,0.010248420105335282,0.018648728586616786,0.010248420105335282,0.02506265664160401,0.02363299107738619,0.02506265664160401,0.02363299107738619
AV14-2-CAADNNNAPRF-AJ43_BV12-1-CASSRGQANTGQLYF-BJ2-2,RAYLFNSV,4,7,6,1,85.71428571428571,4,57.142857142857146,0.8571428571428571,1.0,3.0,6.0,1.4883782980221167,1.2953681235806336,-0.19301017444148316,0.5740786134615536,0.6197583823718125,0.04567976891025882,0.6649888724091525,0.7200101498608125,0.05502127745165997,0.0038561127882149604,0.14207441278221675,0.014285714285714287,0.014285714285714287,0.0,0.0,0.0,0.0,0.0,0.0,0.0,0.0,0.0,0.0,0.014285714285714287,0.014285714285714287,0.0,0.0,0.49788813727107745,0.12234918455950838,0.564202826816257,0.12165672557678157,0.21606414154508524,0.04459513487848993,0.20207483180259947,0.05010224919964473,0.12081630408309176,0.04236686722087452,0.12428568809694036,0.04996079200479042,0.0,0.0,0.0,0.0,0.0,0.0,0.0,0.0,0.007518796992481203,0.007518796992481202,0.008771929824561403,0.008771929824561405,0.11485547725112154,0.04388906534581121,0.1006647234596418,0.04914083423449267,0.014285714285714287,0.014285714285714287,0.0,0.0,0.0,0.0,0.0,0.0
AV3-3-CAVSPNYAQGLTF-AJ26_BV13-2-CASGQGANSDYTF-BJ1-2,RTYTYEKL,5,7,7,0,100.0,2,28.571428571428573,0.2857142857142857,0.0,1.0,2.0,0.3658992554872009,0.3658992554872009,0.0,0.9444158625696428,0.9444158625696428,0.0,0.9983890494316114,0.9983890494316114,0.0,0.0,0.0,0.0,0.0,0.0,0.0,0.0,0.0,0.0,0.0,0.0,0.0,0.0,0.0,0.003401360544217687,0.0034013605442176865,0.003401360544217687,0.0034013605442176865,0.009115646258503403,0.006143576546871095,0.009115646258503403,0.006143576546871095,0.9444158625696428,0.017276221333587322,0.9444158625696428,0.017276221333587322,0.008327468918601923,0.00550005821613575,0.008327468918601923,0.00550005821613575,0.005714285714285714,0.005714285714285714,0.005714285714285714,0.005714285714285714,0.0,0.0,0.0,0.0,0.010086793338024865,0.0047560849386916165,0.010086793338024865,0.0047560849386916165,0.0052566481137909715,0.0035927489296914807,0.0052566481137909715,0.0035927489296914807,0.00875582616854838,0.004278276479988983,0.00875582616854838,0.004278276479988983,0.0049261083743842365,0.004926108374384236,0.0049261083743842365,0.004926108374384236
AV13N-4-CAMEHGTGGYKVVF-AJ12_BV5-CASSQAQGEVFF-BJ1-1,ATLVFHNL,0,7,7,0,100.0,2,28.571428571428573,0.2857142857142857,0.0,1.0,2.0,1.2481489982466516,1.2481489982466516,0.0,0.701468587434974,0.701468587434974,0.0,0.8991625496545405,0.8991625496545405,0.0,0.0,0.0,0.701468587434974,0.069787947556691,0.701468587434974,0.069787947556691,0.0,0.0,0.0,0.0,0.0,0.0,0.0,0.0,0.008515406162464986,0.005929913108078091,0.008515406162464986,0.005929913108078091,0.07420168067226891,0.03391246935548443,0.07420168067226891,0.03391246935548443,0.04565826330532213,0.029192190922560878,0.04565826330532213,0.029192190922560878,0.05192076830732293,0.023252005751022133,0.05192076830732293,0.023252005751022133,0.0,0.0,0.0,0.0,0.014705882352941176,0.011766650944097626,0.014705882352941176,0.011766650944097626,0.014285714285714287,0.014285714285714287,0.014285714285714287,0.014285714285714287,0.060784313725490195,0.02738002701648895,0.060784313725490195,0.02738002701648895,0.022857142857142857,0.022857142857142857,0.022857142857142857,0.022857142857142857,0.0056022408963585435,0.005602240896358542,0.0056022408963585435,0.005602240896358542
AV13D-3-CATNSAGNKLTF-AJ17_BV13-1-CASSDQGTEVFF-BJ1-1,SSYTFPKM,7,7,7,0,100.0,1,14.285714285714286,0.14285714285714285,0.0,1.0,1.0,1.1848212212684808,1.1848212212684808,0.0,0.6957031064173921,0.6957031064173921,0.0,0.6746509668030107,0.6746509668030107,0.0,0.0,0.0,0.0,0.0,0.0,0.0,0.0,0.0,0.0,0.0,0.01098901098901099,0.010989010989010986,0.01098901098901099,0.010989010989010986,0.012987012987012988,0.012987012987012986,0.012987012987012988,0.012987012987012986,0.02040816326530612,0.02040816326530612,0.02040816326530612,0.02040816326530612,0.06521752057466343,0.01931395088779277,0.06521752057466343,0.01931395088779277,0.0423861852433281,0.027386424088183196,0.0423861852433281,0.027386424088183196,0.6344786166214738,0.12941420776149576,0.6344786166214738,0.12941420776149576,0.03296703296703297,0.03296703296703296,0.03296703296703297,0.03296703296703296,0.0,0.0,0.0,0.0,0.13932496075353215,0.060625736889680204,0.13932496075353215,0.060625736889680204,0.008928571428571428,0.008928571428571428,0.008928571428571428,0.008928571428571428,0.03231292517006802,0.02184563363718559,0.03231292517006802,0.02184563363718559
AV16N-CAMREGDSNYQLIW-AJ33_BV13-1-CASSDVNQAPLF-BJ1-5,RTYTYEKL,5,7,6,1,85.71428571428571,1,14.285714285714286,0.7142857142857143,0.0,5.0,5.0,0.6827248846309014,0.7322035268068419,0.049478642175940446,0.8872424719303543,0.8762014885699095,-0.01104098336044479,0.9933740817452862,0.9924364602625991,-0.0009376214826870566,2.3407438592970564e-05,0.024530541764323885,0.003911205073995771,0.0021904074073258836,0.003787878787878788,0.002587613829787778,0.0,0.0,0.0,0.0,0.0021645021645021645,0.0021645021645021645,0.0025252525252525255,0.0025252525252525255,0.012887287810788422,0.0070099249969277095,0.014647572213361687,0.008028488413048433,0.017695710382368886,0.0071500229355094605,0.02025739854687223,0.007898405814885481,0.8872424719303543,0.02943173027194164,0.8762014885699095,0.03228084271713782,0.02063675750334257,0.010464837762466792,0.02020024809498494,0.012371386523087573,0.0003322259136212625,0.00033222591362126253,0.0,0.0,0.019887218045112783,0.012387450984913369,0.023201754385964914,0.014122602700930258,0.0003322259136212625,0.00033222591362126253,0.0,0.0,0.009322460485251182,0.008572339252610514,0.010101010101010102,0.010101010101010102,0.020219443958734044,0.012302721903431443,0.023201754385964914,0.014122602700930258,0.005368490818307219,0.002462032586033607,0.005875642388800284,0.0028506424600312206
AV13D-1-CAMEDSGTYQRF-AJ13_BV12-2-CASSLGQGAETLYF-BJ2-3,ATLVFHNL,0,7,7,0,100.0,1,14.285714285714286,0.14285714285714285,0.0,1.0,1.0,1.566348004976091,1.566348004976091,0.0,0.6539752167791681,0.6539752167791681,0.0,0.9506639425746832,0.9506639425746832,0.0,0.0,0.0,0.6539752167791681,0.05911308174971386,0.6539752167791681,0.05911308174971386,0.0,0.0,0.0,0.0,0.015422077922077922,0.010127146792322999,0.015422077922077922,0.010127146792322999,0.002551020408163265,0.002551020408163265,0.002551020408163265,0.002551020408163265,0.08308462757550904,0.028648159527254087,0.08308462757550904,0.028648159527254087,0.13817144523831454,0.02850708372911103,0.13817144523831454,0.02850708372911103,0.03754981790696076,0.008929111228123938,0.03754981790696076,0.008929111228123938,0.0,0.0,0.0,0.0,0.008928571428571428,0.008928571428571428,0.008928571428571428,0.008928571428571428,0.01683673469387755,0.009624007259269497,0.01683673469387755,0.009624007259269497,0.02630361729905803,0.00882706459237999,0.02630361729905803,0.00882706459237999,0.009863945578231293,0.006372446937141223,0.009863945578231293,0.006372446937141223,0.007312925170068027,0.005013402371763154,0.007312925170068027,0.005013402371763154
AV13-4/DV7-CAMEVDSNYQLIW-AJ33_BV31-CAWSLGGSDYTF-BJ1-2,VIVRFLTV,11,7,7,0,100.0,2,28.571428571428573,0.2857142857142857,0.0,1.0,2.0,1.0068717135714793,1.0068717135714793,0.0,0.780898198277522,0.780898198277522,0.0,0.9499392974139879,0.9499392974139879,0.0,0.0,0.0,0.0028011204481792717,0.0028011204481792717,0.0028011204481792717,0.0028011204481792717,0.0,0.0,0.0,0.0,0.011554621848739495,0.007463269037697557,0.011554621848739495,0.007463269037697557,0.02729562594268477,0.01713906640516174,0.02729562594268477,0.01713906640516174,0.06966248037676609,0.0405922771856312,0.06966248037676609,0.0405922771856312,0.03674533605928955,0.017018081958328907,0.03674533605928955,0.017018081958328907,0.0135,0.009328017193482481,0.0135,0.009328017193482481,0.0,0.0,0.0,0.0,0.001142857142857143,0.0011428571428571425,0.001142857142857143,0.0011428571428571425,0.001142857142857143,0.0011428571428571425,0.001142857142857143,0.0011428571428571425,0.04930452180872348,0.022569042637144418,0.04930452180872348,0.022569042637144418,0.780898198277522,0.0634532885015532,0.780898198277522,0.0634532885015532,0.005952380952380952,0.005952380952380951,0.005952380952380952,0.005952380952380951
AV14D-3/DV8-CAATGNTGKLIF-AJ37_BV19-CASSIVRVSYEQYF-BJ2-7,RAYLFNSV,4,7,7,0,100.0,1,14.285714285714286,0.14285714285714285,0.0,1.0,1.0,1.3442051661380006,1.3442051661380006,0.0,0.679101829101829,0.679101829101829,0.0,0.9148831012248393,0.9148831012248393,0.0,0.0,0.0,0.007936507936507936,0.007936507936507936,0.007936507936507936,0.007936507936507936,0.0,0.0,0.0,0.0,0.005952380952380952,0.005952380952380951,0.005952380952380952,0.005952380952380951,0.01948051948051948,0.019480519480519477,0.01948051948051948,0.019480519480519477,0.679101829101829,0.05737078003271363,0.679101829101829,0.05737078003271363,0.14863597363597364,0.04170415413318354,0.14863597363597364,0.04170415413318354,0.01443001443001443,0.009379509379509378,0.01443001443001443,0.009379509379509378,0.004329004329004329,0.004329004329004329,0.004329004329004329,0.004329004329004329,0.035174135174135174,0.018160916217179843,0.035174135174135174,0.018160916217179843,0.038852813852813854,0.02764037624075798,0.038852813852813854,0.02764037624075798,0.012483912483912483,0.008369467432632746,0.012483912483912483,0.008369467432632746,0.009523809523809523,0.009523809523809523,0.009523809523809523,0.009523809523809523,0.0240990990990991,0.014143150167141627,0.0240990990990991,0.014143150167141627
AV13-2-CAMDNNAGAKLTF-AJ39_BV14-CASSLRGSQYF-BJ2-7,INFDFPKL,3,7,5,2,71.42857142857143,3,42.857142857142854,0.7142857142857143,0.0,2.0,5.0,1.3869396785814936,1.2934892918049754,-0.09345038677651818,0.654230891616689,0.7059800664451827,0.05174917482849373,0.6803813725573088,0.9321799708777079,0.2517985983203991,0.02244682621226446,0.37965230489658863,0.01172562048075044,0.008505753326685713,0.016415868673050615,0.011518760292761086,0.0,0.0,0.0,0.0,0.0,0.0,0.0,0.0,0.581381865642663,0.09262450165447504,0.7059800664451827,0.06519824810467352,0.03485068710359408,0.025337404428874256,0.009302325581395349,0.009302325581395349,0.12872639806451122,0.08722029561741554,0.02481923001758843,0.013091895792340711,0.018219126974256934,0.009441045245359264,0.016415868673050615,0.011518760292761086,0.0,0.0,0.0,0.0,0.02701080432172869,0.01815002716474846,0.037815126050420166,0.02428266096941158,0.06230864438798774,0.02525628638245336,0.08723210214318285,0.02821376615559553,0.07375204310053832,0.05633335534036736,0.015184678522571821,0.009683777993381444,0.06202480992396959,0.04632922159928561,0.08683473389355742,0.06299874950295727,0.0,0.0,0.0,0.0
AV13-2-CALEQTGFASALTF-AJ35_BV3-CASSLGGSQNTLYF-BJ2-4,VAFDFTKV,9,7,5,2,71.42857142857143,4,57.142857142857146,0.8571428571428571,1.0,2.0,6.0,1.6644241022877677,1.7239169726986365,0.059492870410868814,0.5014184416677631,0.5007814021421616,-0.0006370395256014572,0.9642560804730442,0.9599297471583155,-0.004326333314728759,0.0011831275053472146,0.06769860053003733,0.0,0.0,0.0,0.0,0.0,0.0,0.0,0.0,0.0018083182640144665,0.0018083182640144667,0.002531645569620253,0.002531645569620253,0.3418926207426023,0.017242051090682078,0.32816455696202534,0.018902906285830766,0.03738524134093755,0.01646314683611172,0.05233933787731256,0.019326201128330098,0.03357667954475447,0.009555373740414097,0.03964703018500487,0.012613282266735583,0.03727144136000872,0.017056728990029236,0.01778724440116845,0.00864779224479846,0.0,0.0,0.0,0.0,0.01333093136371825,0.01084732642852872,0.015384615384615385,0.015384615384615384,0.5014184416677631,0.03237503240797631,0.5007814021421616,0.046092971033735795,0.031508007452186744,0.014942975386674887,0.040832521908471274,0.019649870368876325,0.0,0.0,0.0,0.0,0.0018083182640144665,0.0018083182640144667,0.002531645569620253,0.002531645569620253
AV13-2-CAIDYNQGKLIF-AJ23_BV13-3-CASSEPNSPLYF-BJ1-6,SNYLFTKL,6,7,7,0,100.0,3,42.857142857142854,0.42857142857142855,0.0,1.0,3.0,0.9436405346366147,0.9436405346366147,0.0,0.7915403046796909,0.7915403046796909,0.0,0.9097033214731819,0.9097033214731819,0.0,0.0,0.0,0.0,0.0,0.0,0.0,0.0,0.0,0.0,0.0,0.006211180124223602,0.006211180124223602,0.006211180124223602,0.006211180124223602,0.0027472527472527475,0.0027472527472527475,0.0027472527472527475,0.0027472527472527475,0.027277940161571874,0.010396289045151892,0.027277940161571874,0.010396289045151892,0.05612964401327573,0.01603625259909338,0.05612964401327573,0.01603625259909338,0.7915403046796909,0.07576015260729752,0.7915403046796909,0.07576015260729752,0.0,0.0,0.0,0.0,0.0,0.0,0.0,0.0,0.014147688060731538,0.009226875056674215,0.014147688060731538,0.009226875056674215,0.06570961718020542,0.05217922299664617,0.06570961718020542,0.05217922299664617,0.027307801604476798,0.012595084656409678,0.027307801604476798,0.012595084656409678,0.008928571428571428,0.008928571428571428,0.008928571428571428,0.008928571428571428
AV6-6-CALGNQGGSAKLIF-AJ57_BV12-2-CASSPDWGEDTQYF-BJ2-5,ATLVFHNL,0,7,7,0,100.0,0,0.0,0.0,0.0,0.0,0.0,1.4754612547293462,1.4754612547293462,0.0,0.5989256678281069,0.5989256678281069,0.0,0.5537115728834623,0.5537115728834623,0.0,0.0,0.0,0.47558072009291524,0.12608068823516713,0.47558072009291524,0.12608068823516713,0.0,0.0,0.0,0.0,0.023809523809523808,0.023809523809523805,0.023809523809523808,0.023809523809523805,0.01955574912891986,0.010146712732594865,0.01955574912891986,0.010146712732594865,0.1402148664343786,0.06113385113737077,0.1402148664343786,0.06113385113737077,0.0642857142857143,0.056393901344414334,0.0642857142857143,0.056393901344414334,0.03384146341463414,0.021260527630481883,0.03384146341463414,0.021260527630481883,0.0,0.0,0.0,0.0,0.02652439024390244,0.012757260336119703,0.02652439024390244,0.012757260336119703,0.008928571428571428,0.008928571428571428,0.008928571428571428,0.008928571428571428,0.18583042973286878,0.08355048657153531,0.18583042973286878,0.08355048657153531,0.0071428571428571435,0.0071428571428571435,0.0071428571428571435,0.0071428571428571435,0.014285714285714287,0.014285714285714285,0.014285714285714287,0.014285714285714285
AV19-CAAGNTGYQNFYF-AJ49_BV17-CASRDRGGERLFF-BJ1-4,SSYTFPKM,7,7,7,0,100.0,3,42.857142857142854,0.42857142857142855,0.0,1.0,3.0,1.4697676395849315,1.4697676395849315,0.0,0.6049139352710782,0.6049139352710782,0.0,0.5014733473610139,0.5014733473610139,0.0,0.0,0.0,0.03500566893424036,0.01744118813254085,0.03500566893424036,0.01744118813254085,0.0,0.0,0.0,0.0,0.0,0.0,0.0,0.0,0.0,0.0,0.0,0.0,0.12894248608534323,0.06935236001917718,0.12894248608534323,0.06935236001917718,0.08195475159760875,0.03298928366529841,0.08195475159760875,0.03298928366529841,0.08035714285714286,0.07049237668051792,0.08035714285714286,0.07049237668051792,0.501739332096475,0.13058039924197642,0.501739332096475,0.13058039924197642,0.025626159554730982,0.012418789665869175,0.025626159554730982,0.012418789665869175,0.04334157905586477,0.030696244004202754,0.04334157905586477,0.030696244004202754,0.055980725623582764,0.029972060632875,0.055980725623582764,0.029972060632875,0.031746031746031744,0.031746031746031744,0.031746031746031744,0.031746031746031744,0.015306122448979591,0.01062074489523537,0.015306122448979591,0.01062074489523537
AV14-3-CAASAGGNNKLTF-AJ56_BV13-2-CASGDAGYEQYF-BJ2-7,RTYTYEKL,5,7,6,1,85.71428571428571,1,14.285714285714286,0.2857142857142857,0.0,2.0,2.0,1.5748290910777865,1.6842513005816693,0.10942220950388282,0.5238095238095238,0.5,-0.023809523809523836,0.38419905399272547,0.3831951033916981,-0.0010039506010273702,0.020045955772923008,0.1969696969696969,0.047619047619047616,0.030737963065138228,0.05555555555555555,0.03513641844631533,0.0,0.0,0.0,0.0,0.08333333333333334,0.07042952122737636,0.09722222222222222,0.08169689538807079,0.01893939393939394,0.013353855713477344,0.022095959595959596,0.01535272542387919,0.22077922077922074,0.10538110214641082,0.2575757575757575,0.11684035346198994,0.30357142857142855,0.0849992081276815,0.24305555555555555,0.07062416225091456,0.15476190476190474,0.0904246523606247,0.18055555555555555,0.10254670870674029,0.011904761904761904,0.011904761904761906,0.013888888888888888,0.01388888888888889,0.03571428571428571,0.024781738088882527,0.041666666666666664,0.028463752127665557,0.011904761904761904,0.011904761904761906,0.013888888888888888,0.01388888888888889,0.1055194805194805,0.052904074228219564,0.06755050505050506,0.04358987451798671,0.005952380952380952,0.005952380952380953,0.006944444444444444,0.006944444444444445,0.0,0.0,0.0,0.0
AV16/DV11-CAMREEGGRALIF-AJ15_BV17-CASSPGQGYTGQLYF-BJ2-2,RTYTYEKL,5,7,7,0,100.0,1,14.285714285714286,0.14285714285714285,0.0,1.0,1.0,0.8456365968637389,0.8456365968637389,0.0,0.7718568011445919,0.7718568011445919,0.0,0.4344398837875082,0.4344398837875082,0.0,0.0,0.0,0.0,0.0,0.0,0.0,0.0,0.0,0.0,0.0,0.0027472527472527475,0.0027472527472527475,0.0027472527472527475,0.0027472527472527475,0.013731060606060606,0.0128839096481003,0.013731060606060606,0.0128839096481003,0.015946843853820596,0.014104284572235204,0.015946843853820596,0.014104284572235204,0.5747039539917447,0.18146970365039458,0.5747039539917447,0.18146970365039458,0.08887202913365704,0.058145628606111686,0.08887202913365704,0.058145628606111686,0.0,0.0,0.0,0.0,0.0,0.0,0.0,0.0,0.08198051948051947,0.07734925409546389,0.08198051948051947,0.07734925409546389,0.006624068760696667,0.0024948786159764997,0.006624068760696667,0.0024948786159764997,0.19019938394938393,0.0941582365762421,0.19019938394938393,0.0941582365762421,0.02519488747686422,0.021502923712100656,0.02519488747686422,0.021502923712100656
AV12-1-CALSETGNTGKLIF-AJ37_BV13-2-CASGDAGGSYEQYF-BJ2-7,SNYLFTKL,6,7,7,0,100.0,1,14.285714285714286,0.14285714285714285,0.0,1.0,1.0,0.9119373585482143,0.9119373585482143,0.0,0.7998173343411439,0.7998173343411439,0.0,0.9556666723312404,0.9556666723312404,0.0,0.0,0.0,0.008276643990929705,0.005541655061156434,0.008276643990929705,0.005541655061156434,0.0,0.0,0.0,0.0,0.0,0.0,0.0,0.0,0.008629377676996725,0.005698601022012369,0.008629377676996725,0.005698601022012369,0.05255102040816327,0.031510351679186234,0.05255102040816327,0.031510351679186234,0.050768455530360294,0.02732703623535367,0.050768455530360294,0.02732703623535367,0.7998173343411439,0.056239832363654374,0.7998173343411439,0.056239832363654374,0.022675736961451247,0.016193715257466774,0.022675736961451247,0.016193715257466774,0.015873015873015872,0.015873015873015872,0.015873015873015872,0.015873015873015872,0.0,0.0,0.0,0.0,0.01742882338120433,0.008735367560324307,0.01742882338120433,0.008735367560324307,0.023979591836734693,0.02012343900643001,0.023979591836734693,0.02012343900643001,0.0,0.0,0.0,0.0
AV16N-CAMREGPSGYNKLTF-AJ11_BV13-2-CASGDAGASQNTLYF-BJ2-4,VAFDFTKV,9,7,7,0,100.0,2,28.571428571428573,0.2857142857142857,0.0,1.0,2.0,1.2459103408851857,1.2459103408851857,0.0,0.7083383224340671,0.7083383224340671,0.0,0.7064820893498466,0.7064820893498466,0.0,0.0,0.0,0.004229989868287741,0.00307403980721467,0.004229989868287741,0.00307403980721467,0.0,0.0,0.0,0.0,0.006493506493506494,0.006493506493506493,0.006493506493506494,0.006493506493506493,0.02142933898253047,0.012235387179515096,0.02142933898253047,0.012235387179515096,0.02689413128242915,0.012579316181361069,0.02689413128242915,0.012579316181361069,0.0873921586687544,0.041112868222298204,0.0873921586687544,0.041112868222298204,0.01602652666482454,0.012835228157424137,0.01602652666482454,0.012835228157424137,0.0,0.0,0.0,0.0,0.008991894630192501,0.006216003643266477,0.008991894630192501,0.006216003643266477,0.607147846243591,0.1064804915242755,0.607147846243591,0.1064804915242755,0.17297979797979796,0.11358997770604055,0.17297979797979796,0.11358997770604055,0.04841480918608578,0.03355183614123891,0.04841480918608578,0.03355183614123891,0.0,0.0,0.0,0.0
AV16/DV11-CAMREGPGTNAYKVIF-AJ30_BV13-2-CASGDSYEQYF-BJ2-7,RTYTYEKL,5,7,7,0,100.0,1,14.285714285714286,0.14285714285714285,0.0,1.0,1.0,0.718659678537196,0.718659678537196,0.0,0.8553991045918637,0.8553991045918637,0.0,0.9586795242000666,0.9586795242000666,0.0,0.0,0.0,0.0,0.0,0.0,0.0,0.0,0.0,0.0,0.0,0.0019569471624266144,0.001956947162426614,0.0019569471624266144,0.001956947162426614,0.0014430014430014432,0.001443001443001443,0.0014430014430014432,0.001443001443001443,0.05746117331244533,0.0476883468127996,0.05746117331244533,0.0476883468127996,0.8553991045918637,0.04892452593999363,0.8553991045918637,0.04892452593999363,0.009731712080048676,0.004521400979299435,0.009731712080048676,0.004521400979299435,0.0023809523809523807,0.0023809523809523807,0.0023809523809523807,0.0023809523809523807,0.011598718741575887,0.007049430992971721,0.011598718741575887,0.007049430992971721,0.012539246467817898,0.008633353210086807,0.012539246467817898,0.008633353210086807,0.029425263255987325,0.01305566465103177,0.029425263255987325,0.01305566465103177,0.006122448979591836,0.004248297958094148,0.006122448979591836,0.004248297958094148,0.011941431584288727,0.008633895343356755,0.011941431584288727,0.008633895343356755
AV10N-CAASRASGSWQLIF-AJ22_BV16-CASSLTGEGNTLYF-BJ1-3,RTYTYEKL,5,7,7,0,100.0,2,28.571428571428573,0.2857142857142857,0.0,1.0,2.0,1.6366807997160533,1.6366807997160533,0.0,0.45,0.45,0.0,0.47574811329721955,0.47574811329721955,0.0,0.0,0.0,0.03571428571428571,0.03571428571428571,0.03571428571428571,0.03571428571428571,0.0,0.0,0.0,0.0,0.23095238095238096,0.08625271803313096,0.23095238095238096,0.08625271803313096,0.07142857142857142,0.049563476177765055,0.07142857142857142,0.049563476177765055,0.051587301587301584,0.03658549387814638,0.051587301587301584,0.03658549387814638,0.31111111111111106,0.08839146534810065,0.31111111111111106,0.08839146534810065,0.15952380952380954,0.06937524897301649,0.15952380952380954,0.06937524897301649,0.0,0.0,0.0,0.0,0.023809523809523808,0.023809523809523805,0.023809523809523808,0.023809523809523805,0.0,0.0,0.0,0.0,0.0,0.0,0.0,0.0,0.08730158730158731,0.048275893097604904,0.08730158730158731,0.048275893097604904,0.028571428571428574,0.028571428571428574,0.028571428571428574,0.028571428571428574
AV10N-CAASMDYNQGKLIF-AJ23_BV3-CASSLDWGGSYEQYF-BJ2-7,RAYLFNSV,4,7,7,0,100.0,1,14.285714285714286,0.14285714285714285,0.0,1.0,1.0,1.7085446819285959,1.7085446819285959,0.0,0.4814625850340136,0.4814625850340136,0.0,0.3627486314079418,0.3627486314079418,0.0,0.0,0.0,0.013605442176870748,0.013605442176870743,0.013605442176870748,0.013605442176870743,0.0,0.0,0.0,0.0,0.0,0.0,0.0,0.0,0.01751700680272109,0.011695191324458634,0.01751700680272109,0.011695191324458634,0.26700680272108845,0.08599793795762266,0.26700680272108845,0.08599793795762266,0.16700680272108845,0.11365380452530613,0.16700680272108845,0.11365380452530613,0.06349206349206349,0.04024544070135793,0.06349206349206349,0.04024544070135793,0.03435374149659864,0.020068027210884354,0.03435374149659864,0.020068027210884354,0.0772108843537415,0.03567214877405305,0.0772108843537415,0.03567214877405305,0.010714285714285714,0.010714285714285711,0.010714285714285714,0.010714285714285711,0.19297052154195013,0.08330857145182789,0.19297052154195013,0.08330857145182789,0.11071428571428572,0.07556476701218263,0.11071428571428572,0.07556476701218263,0.04540816326530612,0.02951991024126777,0.04540816326530612,0.02951991024126777
AV10-CAASMDYANKMIF-AJ47_BV1-CTCSVTPNSDYTF-BJ1-2,RAYLFNSV,4,7,6,1,85.71428571428571,1,14.285714285714286,0.2857142857142857,0.0,2.0,2.0,0.9115732523584545,0.8367475758442455,-0.07482567651420902,0.8045472638816291,0.8246033868092691,0.02005612292764003,0.9741289326973462,0.9767597124565893,0.002630779759243085,0.0003593032547501984,0.0658123844965951,0.025210084033613446,0.025210084033613446,0.029411764705882356,0.029411764705882356,0.0,0.0,0.0,0.0,0.015873015873015872,0.015873015873015872,0.018518518518518517,0.018518518518518517,0.007518796992481203,0.007518796992481203,0.0,0.0,0.8045472638816291,0.030661410714920425,0.8246033868092691,0.027441276504503308,0.07035942128047391,0.019075086750028458,0.055770202020202025,0.01454025660899945,0.003246753246753247,0.0032467532467532465,0.003787878787878788,0.0037878787878787884,0.0,0.0,0.0,0.0,0.003246753246753247,0.0032467532467532465,0.003787878787878788,0.0037878787878787884,0.023809523809523808,0.023809523809523805,0.027777777777777776,0.02777777777777778,0.040474101921470336,0.015588405091614705,0.029675925925925925,0.013302513892394131,0.005714285714285714,0.005714285714285714,0.006666666666666667,0.006666666666666668,0.0,0.0,0.0,0.0
AV14-2-CAARSAGNKLTF-AJ17_BV1-CTCSAVRANSDYTF-BJ1-2,RAYLFNSV,4,7,6,1,85.71428571428571,1,14.285714285714286,0.2857142857142857,0.0,2.0,2.0,1.0063650282933347,0.9711212085173662,-0.03524381977596858,0.734745413316842,0.723003848003848,-0.011741565312993973,0.5738807127185461,0.509905810059771,-0.06397490265877515,0.0019415806009999148,0.08947467876039314,0.02040816326530612,0.02040816326530612,0.023809523809523808,0.02380952380952381,0.0,0.0,0.0,0.0,0.0,0.0,0.0,0.0,0.008348794063079779,0.006449181699014907,0.007575757575757576,0.007575757575757577,0.5799835085549372,0.12194189874104855,0.5424482924482924,0.13727821352479597,0.09170789527932385,0.05037462940533423,0.09617003367003367,0.0593697705249876,0.018552875695732836,0.010831341922162641,0.01948051948051948,0.012768728314937338,0.0037105751391465678,0.0037105751391465686,0.0,0.0,0.14285714285714285,0.14285714285714285,0.16666666666666666,0.16666666666666669,0.0,0.0,0.0,0.0,0.051329622758194186,0.03507678083666164,0.05555555555555555,0.041201102706087026,0.07343846629560916,0.05807125008490244,0.08134920634920635,0.06807030475558906,0.00966295609152752,0.006468149241112845,0.006944444444444444,0.006944444444444445
AV7D-5-CAVSNTGNYKYVF-AJ40_BV4-CASSSGQNQAPLF-BJ1-5,RTYTYEKL,5,6,6,0,100.0,2,33.333333333333336,0.3333333333333333,0.0,1.0,2.0,0.5320705939363719,0.5320705939363719,0.0,0.9165794698723332,0.9165794698723332,0.0,0.9955131789218716,0.9955131789218716,0.0,0.0,0.0,0.005069864906634666,0.0028641249944655555,0.005069864906634666,0.0028641249944655555,0.0,0.0,0.0,0.0,0.0,0.0,0.0,0.0,0.003957231040564374,0.0026155946468691808,0.003957231040564374,0.0026155946468691808,0.012645708645379625,0.006853954380092403,0.012645708645379625,0.006853954380092403,0.9165794698723332,0.022737113433121972,0.9165794698723332,0.022737113433121972,0.006610911987256073,0.005270127977594032,0.006610911987256073,0.005270127977594032,0.0,0.0,0.0,0.0,0.02732988916133977,0.0189953452044436,0.02732988916133977,0.0189953452044436,0.000859106529209622,0.0008591065292096223,0.000859106529209622,0.0008591065292096223,0.008754208754208756,0.0056340742527547175,0.008754208754208756,0.0056340742527547175,0.01008469957938043,0.005293012897981362,0.01008469957938043,0.005293012897981362,0.008108909523693468,0.0043915240711428815,0.008108909523693468,0.0043915240711428815
AV14D-3/DV8-CAASEGSALGRLHF-AJ18_BV12-2-CASSLDSNQDTQYF-BJ2-5,ATLVFHNL,0,6,5,1,83.33333333333333,1,16.666666666666668,0.3333333333333333,0.0,2.0,2.0,1.4274896196707,1.568601924627368,0.14111230495666782,0.6286121286121287,0.5943345543345543,-0.034277574277574385,0.8077486495081305,0.7827041437550866,-0.025044505753043955,0.0014914373750455345,0.10914122914122923,0.6286121286121287,0.1054627540564434,0.5943345543345543,0.1221522025680375,0.0,0.0,0.0,0.0,0.0,0.0,0.0,0.0,0.02115384615384615,0.013822986315928095,0.025384615384615384,0.01611717449212074,0.07366707366707366,0.03792405244783408,0.08840048840048839,0.042798836041870354,0.09853479853479853,0.02779251980370873,0.07824175824175825,0.023257794587124486,0.02115384615384615,0.013822986315928095,0.025384615384615384,0.01611717449212074,0.018518518518518517,0.01851851851851852,0.02222222222222222,0.022222222222222216,0.0,0.0,0.0,0.0,0.008333333333333333,0.008333333333333335,0.01,0.01,0.06084656084656084,0.03982338321202903,0.073015873015873,0.04644044075659616,0.06084656084656084,0.03982338321202903,0.073015873015873,0.04644044075659616,0.008333333333333333,0.008333333333333335,0.01,0.01
AV8-1-CATDRAEGADRLTF-AJ45_BV3-CASSLDWGASAETLYF-BJ2-3,VIVRFLTV,11,6,5,1,83.33333333333333,4,66.66666666666667,1.0,1.0,3.0,6.0,1.104062807648612,1.1559392859606672,0.05187647831205511,0.7287435807656396,0.7019432773109244,-0.02680030345471518,0.46686887475424227,0.3844660555660001,-0.08240281918824216,0.0069678238538383175,0.1455415499533146,0.004901960784313725,0.004901960784313725,0.0058823529411764705,0.00588235294117647,0.0,0.0,0.0,0.0,0.0,0.0,0.0,0.0,0.02022058823529412,0.012797427451078933,0.02426470588235294,0.014870403247174032,0.16175011671335202,0.1398676524460198,0.19017857142857142,0.16772648790485647,0.046977124183006536,0.01821180873387197,0.04852941176470588,0.02222364891133443,0.11468545751633986,0.07904402528663265,0.1297794117647059,0.09502734194953091,0.0,0.0,0.0,0.0,0.10845588235294118,0.07981554707079268,0.13014705882352942,0.09407455355353848,0.0,0.0,0.0,0.0,0.011744281045751634,0.007498585925117637,0.00625,0.00625,0.5263626283846872,0.15241411435296992,0.45908613445378155,0.16749896545217072,0.004901960784313725,0.004901960784313725,0.0058823529411764705,0.00588235294117647
AV16-CAMRERSNYNVLYF-AJ21_BV13-2-CASGDQGASGNTLYF-BJ1-3,SNYLFTKL,6,6,6,0,100.0,3,50.0,0.5,0.5,1.0,3.0,0.45740723340680983,0.45740723340680983,0.0,0.9149404356567278,0.9149404356567278,0.0,0.9905394105637156,0.9905394105637156,0.0,0.0,0.0,0.0,0.0,0.0,0.0,0.0,0.0,0.0,0.0,0.0,0.0,0.0,0.0,0.009809167112537898,0.00778139196099568,0.009809167112537898,0.00778139196099568,0.011681826288567862,0.008070047599251281,0.011681826288567862,0.008070047599251281,0.04321995368343683,0.02962542508212277,0.04321995368343683,0.02962542508212277,0.9149404356567278,0.030104853477228674,0.9149404356567278,0.030104853477228674,0.01025132275132275,0.007810115709348361,0.01025132275132275,0.007810115709348361,0.0,0.0,0.0,0.0,0.0,0.0,0.0,0.0,0.010097294507406866,0.005434616750968795,0.010097294507406866,0.005434616750968795,0.0,0.0,0.0,0.0,0.0,0.0,0.0,0.0
AV16-CAMREANTGYQNFYF-AJ49_BV13-2-CASGTGGENTLYF-BJ2-4,SVYVYKVL,8,6,5,1,83.33333333333333,3,50.0,0.6666666666666666,0.5,2.0,4.0,1.4243304959509555,1.265792217965203,-0.15853827798575248,0.6524410774410775,0.6972150072150072,0.04477392977392969,0.6912355073502117,0.6758925202992021,-0.01534298705100956,0.002876959468856022,0.15457431457431453,0.011904761904761904,0.011904761904761906,0.0,0.0,0.0,0.0,0.0,0.0,0.0,0.0,0.0,0.0,0.027056277056277056,0.017295713204305608,0.01818181818181818,0.01818181818181818,0.06706349206349206,0.0327062134322723,0.03761904761904762,0.017437936593905287,0.06243386243386243,0.026848919484370955,0.04634920634920635,0.026329118370633967,0.10277777777777779,0.05062876262499679,0.12333333333333334,0.05666666666666667,0.017460317460317457,0.012088528739466522,0.02095238095238095,0.014174167682035445,0.5810125060125061,0.1149226835885537,0.6115007215007215,0.13570754540300417,0.004629629629629629,0.004629629629629629,0.005555555555555555,0.005555555555555554,0.10912698412698413,0.09345638282133474,0.13095238095238096,0.11129519897638325,0.016534391534391533,0.011879013895834374,0.005555555555555555,0.005555555555555554,0.0,0.0,0.0,0.0
AV14D-1-CAASADYNQGKLIF-AJ23_BV3-CASSFNQDTQYF-BJ2-5,VGPRYTNL,10,6,5,1,83.33333333333333,1,16.666666666666668,0.3333333333333333,0.0,2.0,2.0,0.25472464082719953,0.25963576974099045,0.004911128913790919,0.965439527616947,0.9639037772263579,-0.0015357503905890635,0.9995309069084863,0.9994505531955206,-8.035371296577498e-05,2.4753721062920064e-06,0.005816538002021837,0.0,0.0,0.0,0.0,0.0,0.0,0.0,0.0,0.004480286738351254,0.0029173513613081916,0.0032258064516129032,0.0032258064516129037,0.0,0.0,0.0,0.0,0.008734376435989339,0.004033650750032674,0.009405982905982907,0.004871234410706683,0.011142990074441687,0.005162771897322481,0.012296319272125723,0.006163283876175783,0.0047861524676040814,0.0026052095989658676,0.004668114143920596,0.003187440354426861,0.0,0.0,0.0,0.0,0.005416666666666667,0.003560001560548971,0.006500000000000001,0.004153311931459037,0.0,0.0,0.0,0.0,0.965439527616947,0.006627965765606424,0.9639037772263579,0.007896651277078419,0.0,0.0,0.0,0.0,0.0,0.0,0.0,0.0
AV16/DV11-CAMREDNYAQGLTF-AJ26_BV5-CASSQAGGANERLFF-BJ1-4,ATLVFHNL,0,6,6,0,100.0,1,16.666666666666668,0.3333333333333333,0.0,2.0,2.0,0.6871131150678168,0.6871131150678168,0.0,0.8617374352557062,0.8617374352557062,0.0,0.8367650069257305,0.8367650069257305,0.0,0.0,0.0,0.8247003982186691,0.10724744966704633,0.8247003982186691,0.10724744966704633,0.0,0.0,0.0,0.0,0.0,0.0,0.0,0.0,0.008264462809917356,0.008264462809917357,0.008264462809917356,0.008264462809917357,0.10652420671360065,0.08294759139999332,0.10652420671360065,0.08294759139999332,0.007550249974492398,0.006049809390813965,0.007550249974492398,0.006049809390813965,0.0032679738562091504,0.0032679738562091513,0.0032679738562091504,0.0032679738562091513,0.0,0.0,0.0,0.0,0.00791335818073786,0.00640427973919883,0.00791335818073786,0.00640427973919883,0.007550249974492398,0.006049809390813965,0.007550249974492398,0.006049809390813965,0.008927660442811958,0.006236261617176285,0.008927660442811958,0.006236261617176285,0.017751189854576663,0.0064547080251958575,0.017751189854576663,0.0064547080251958575,0.007550249974492398,0.006049809390813965,0.007550249974492398,0.006049809390813965
AV16/DV11-CAMREDSNYQLIW-AJ33_BV3-CASSWGQISNERLFF-BJ1-4,RAYLFNSV,4,6,6,0,100.0,0,0.0,0.0,0.0,0.0,0.0,0.5464692314638825,0.5464692314638825,0.0,0.9110690479111531,0.9110690479111531,0.0,0.9965201576529827,0.9965201576529827,0.0,0.0,0.0,0.0,0.0,0.0,0.0,0.0,0.0,0.0,0.0,0.004495504495504496,0.0028461302940847952,0.004495504495504496,0.0028461302940847952,0.011426073926073926,0.008279748138518235,0.011426073926073926,0.008279748138518235,0.9110690479111531,0.0210365508917041,0.9110690479111531,0.0210365508917041,0.03218277823540982,0.012959566119433812,0.03218277823540982,0.012959566119433812,0.02034877890141048,0.008120465735224862,0.02034877890141048,0.008120465735224862,0.009354680407311985,0.008674192308329453,0.009354680407311985,0.008674192308329453,0.0,0.0,0.0,0.0,0.0023148148148148147,0.0023148148148148147,0.0023148148148148147,0.0023148148148148147,0.0023148148148148147,0.0023148148148148147,0.0023148148148148147,0.0023148148148148147,0.006493506493506493,0.006493506493506494,0.006493506493506493,0.006493506493506494,0.0,0.0,0.0,0.0
AV16/DV11-CAMREGGGYKVVF-AJ12_BV13-2-CASGGNNSPLYF-BJ1-6,RAYLFNSV,4,6,6,0,100.0,1,16.666666666666668,0.16666666666666666,0.0,1.0,1.0,1.436385571891089,1.436385571891089,0.0,0.5606852809026722,0.5606852809026722,0.0,0.8266585319621684,0.8266585319621684,0.0,0.0,0.0,0.011111111111111112,0.011111111111111112,0.011111111111111112,0.011111111111111112,0.0,0.0,0.0,0.0,0.0,0.0,0.0,0.0,0.007246376811594203,0.007246376811594205,0.007246376811594203,0.007246376811594205,0.44012972534711664,0.05288448913089204,0.44012972534711664,0.05288448913089204,0.4177678118982467,0.08976822636601159,0.4177678118982467,0.08976822636601159,0.008333333333333333,0.008333333333333335,0.008333333333333333,0.008333333333333335,0.036231884057971016,0.03623188405797102,0.036231884057971016,0.03623188405797102,0.0,0.0,0.0,0.0,0.011111111111111112,0.011111111111111112,0.011111111111111112,0.011111111111111112,0.04075537988581467,0.018533157663592446,0.04075537988581467,0.018533157663592446,0.008547008547008546,0.008547008547008548,0.008547008547008546,0.008547008547008548,0.018766257896692676,0.01426635232078207,0.018766257896692676,0.01426635232078207
AV16/DV11-CAMREGTNTGKLTF-AJ27_BV1-CTCSGDRFYEQYF-BJ2-7,VIVRFLTV,11,6,6,0,100.0,0,0.0,0.0,0.0,0.0,0.0,1.4709327657179359,1.4709327657179359,0.0,0.5691438191438192,0.5691438191438192,0.0,0.3633296310124118,0.3633296310124118,0.0,0.0,0.0,0.027777777777777776,0.02777777777777778,0.027777777777777776,0.02777777777777778,0.0,0.0,0.0,0.0,0.015151515151515152,0.015151515151515157,0.015151515151515152,0.015151515151515157,0.037037037037037035,0.02746740180405801,0.037037037037037035,0.02746740180405801,0.12962962962962962,0.10892919385076107,0.12962962962962962,0.10892919385076107,0.2358104858104858,0.0960317942161047,0.2358104858104858,0.0960317942161047,0.15668590668590668,0.057917056997314094,0.15668590668590668,0.057917056997314094,0.0,0.0,0.0,0.0,0.0,0.0,0.0,0.0,0.018518518518518517,0.01851851851851852,0.018518518518518517,0.01851851851851852,0.09632034632034632,0.06389682245985522,0.09632034632034632,0.06389682245985522,0.2830687830687831,0.1479779823931407,0.2830687830687831,0.1479779823931407,0.0,0.0,0.0,0.0
AV14D-1-CAASEDSAGNKLTF-AJ17_BV20-CGARPDGTEVFF-BJ1-1,RAYLFNSV,4,6,5,1,83.33333333333333,2,33.333333333333336,0.6666666666666666,0.0,3.0,4.0,1.060722025056146,0.9181549776123383,-0.14256704744380766,0.7420751633986927,0.7838235294117647,0.04174836601307197,0.6786077723252407,0.6234346882590437,-0.05517308406619703,0.0013176815905652228,0.10604575163398691,0.010416666666666666,0.010416666666666668,0.0125,0.0125,0.0,0.0,0.0,0.0,0.011111111111111112,0.011111111111111112,0.0,0.0,0.011111111111111112,0.011111111111111112,0.0,0.0,0.6587418300653595,0.14361827229067947,0.6838235294117647,0.17319259435808573,0.15841503267973855,0.07784854596159393,0.13676470588235295,0.09158323638554826,0.07638888888888888,0.05288731323516603,0.09166666666666666,0.06201198360890506,0.00980392156862745,0.009803921568627453,0.011764705882352941,0.01176470588235294,0.0,0.0,0.0,0.0,0.0,0.0,0.0,0.0,0.04309640522875816,0.026711594747751997,0.0517156862745098,0.030964914537807423,0.02091503267973856,0.013266524921689176,0.011764705882352941,0.01176470588235294,0.0,0.0,0.0,0.0
AV6-7/DV9-CALRDSNYQLIW-AJ33_BV1-CTCSAVRVAEQFF-BJ2-1,RAYLFNSV,4,6,6,0,100.0,1,16.666666666666668,0.16666666666666666,0.0,1.0,1.0,0.9403983178333162,0.9403983178333162,0.0,0.81134066155863,0.81134066155863,0.0,0.9573885623234251,0.9573885623234251,0.0,0.0,0.0,0.03427128427128427,0.029764418976403487,0.03427128427128427,0.029764418976403487,0.0,0.0,0.0,0.0,0.0,0.0,0.0,0.0,0.019216555801921654,0.0148814097743993,0.019216555801921654,0.0148814097743993,0.81134066155863,0.07691573987779807,0.81134066155863,0.07691573987779807,0.048527564262136495,0.01381264459143129,0.048527564262136495,0.01381264459143129,0.008033294618660472,0.005081254723902845,0.008033294618660472,0.005081254723902845,0.0036231884057971015,0.0036231884057971015,0.0036231884057971015,0.0036231884057971015,0.008033294618660472,0.005081254723902845,0.008033294618660472,0.005081254723902845,0.005801151761517615,0.0040884828950926485,0.005801151761517615,0.0040884828950926485,0.03128054740957967,0.01979803986038372,0.03128054740957967,0.01979803986038372,0.02987245729181213,0.015957761864114666,0.02987245729181213,0.015957761864114666,0.0,0.0,0.0,0.0
AV8-2-CATNTGNYKYVF-AJ40_BV1-CTCSAGGLGSTGQLYF-BJ2-2,VSFTYRYL,12,6,6,0,100.0,2,33.333333333333336,0.6666666666666666,0.0,2.0,4.0,1.873443358441887,1.873443358441887,0.0,0.46941391941391936,0.46941391941391936,0.0,0.5543461377685956,0.5543461377685956,0.0,0.0,0.0,0.023076923076923078,0.01661728384207144,0.023076923076923078,0.01661728384207144,0.0,0.0,0.0,0.0,0.13928571428571426,0.050901732726478216,0.13928571428571426,0.050901732726478216,0.03333333333333333,0.03333333333333334,0.03333333333333333,0.03333333333333334,0.04047619047619048,0.02619047619047619,0.04047619047619048,0.02619047619047619,0.11996336996336997,0.06054696860862359,0.11996336996336997,0.06054696860862359,0.02948717948717949,0.018885794695713123,0.02948717948717949,0.018885794695713123,0.023809523809523808,0.02380952380952381,0.023809523809523808,0.02380952380952381,0.046153846153846156,0.03323456768414288,0.046153846153846156,0.03323456768414288,0.0,0.0,0.0,0.0,0.11666666666666665,0.07923242882669809,0.11666666666666665,0.07923242882669809,0.03333333333333333,0.03333333333333334,0.03333333333333333,0.03333333333333334,0.3944139194139194,0.08846511228267322,0.3944139194139194,0.08846511228267322
AV14D-1-CAASADNYAQGLTF-AJ26_BV1-CTCSAVGGGQDTQYF-BJ2-5,VSFTYRYL,12,6,6,0,100.0,2,33.333333333333336,0.5,0.0,2.0,3.0,1.9916748489994658,1.9916748489994658,0.0,0.3878690753690754,0.3878690753690754,0.0,0.4596337389894358,0.4596337389894358,0.0,0.0,0.0,0.020833333333333332,0.020833333333333336,0.020833333333333332,0.020833333333333336,0.0,0.0,0.0,0.0,0.015151515151515152,0.015151515151515154,0.015151515151515152,0.015151515151515154,0.09615384615384615,0.08174019553484657,0.09615384615384615,0.08174019553484657,0.17166860916860918,0.06130951652456803,0.17166860916860918,0.06130951652456803,0.13947163947163946,0.05175745302275517,0.13947163947163946,0.05175745302275517,0.03472222222222222,0.022609473050138485,0.03472222222222222,0.022609473050138485,0.0,0.0,0.0,0.0,0.09314296814296814,0.06085069877722858,0.09314296814296814,0.06085069877722858,0.05128205128205129,0.05128205128205128,0.05128205128205129,0.05128205128205128,0.04312354312354313,0.030450599979756576,0.04312354312354313,0.030450599979756576,0.05448717948717949,0.041070688409336795,0.05448717948717949,0.041070688409336795,0.2799630924630925,0.0668813214459239,0.2799630924630925,0.0668813214459239
AV10-CAASTDYANKMIF-AJ47_BV3-CASSLAHSYEQYF-BJ2-7,VGPRYTNL,10,6,6,0,100.0,1,16.666666666666668,0.16666666666666666,0.0,1.0,1.0,0.43287667793577606,0.43287667793577606,0.0,0.9236795476742256,0.9236795476742256,0.0,0.9922685173608436,0.9922685173608436,0.0,0.0,0.0,0.004166666666666667,0.0041666666666666675,0.004166666666666667,0.0041666666666666675,0.0,0.0,0.0,0.0,0.0,0.0,0.0,0.0,0.0012919896640826874,0.0012919896640826874,0.0012919896640826874,0.0012919896640826874,0.009595959595959597,0.008174956594059923,0.009595959595959597,0.008174956594059923,0.018789545871316315,0.008162765034309254,0.018789545871316315,0.008162765034309254,0.03072832602089916,0.026234170027400718,0.03072832602089916,0.026234170027400718,0.0,0.0,0.0,0.0,0.004166666666666667,0.0041666666666666675,0.004166666666666667,0.0041666666666666675,0.003144654088050314,0.003144654088050315,0.003144654088050314,0.003144654088050315,0.9236795476742256,0.0312906908023104,0.9236795476742256,0.0312906908023104,0.004436643752133001,0.003151657087000028,0.004436643752133001,0.003151657087000028,0.0,0.0,0.0,0.0
AV10N-CAASTDYNQGKLIF-AJ23_BV3-CASSSGLGYEQYF-BJ2-7,VGPRYTNL,10,6,6,0,100.0,1,16.666666666666668,0.16666666666666666,0.0,1.0,1.0,0.8627265355621404,0.8627265355621404,0.0,0.8479760750429505,0.8479760750429505,0.0,0.9876666935672849,0.9876666935672849,0.0,0.0,0.0,0.0018726591760299626,0.001872659176029963,0.0018726591760299626,0.001872659176029963,0.0,0.0,0.0,0.0,0.005555555555555556,0.005555555555555556,0.005555555555555556,0.005555555555555556,0.02004799382601899,0.012612166710301518,0.02004799382601899,0.012612166710301518,0.03490251241247979,0.02223418478171286,0.03490251241247979,0.02223418478171286,0.018651853974729637,0.010230337850181306,0.018651853974729637,0.010230337850181306,0.0336811214956915,0.015220187265865638,0.0336811214956915,0.015220187265865638,0.007146678896277611,0.004527802102869041,0.007146678896277611,0.004527802102869041,0.0,0.0,0.0,0.0,0.001792114695340502,0.001792114695340502,0.001792114695340502,0.001792114695340502,0.8479760750429505,0.03793971275686918,0.8479760750429505,0.03793971275686918,0.017728845924334647,0.008966261715666482,0.017728845924334647,0.008966261715666482,0.010644589000591365,0.00859551460272256,0.010644589000591365,0.00859551460272256
AV12-1-CALSDRPSGSWQLIF-AJ22_BV19-CASSPGLTQYF-BJ2-5,VIVRFLTV,11,6,6,0,100.0,2,33.333333333333336,0.3333333333333333,0.0,1.0,2.0,0.976246113016177,0.976246113016177,0.0,0.8103613146546205,0.8103613146546205,0.0,0.9735997330095034,0.9735997330095034,0.0,0.0,0.0,0.0,0.0,0.0,0.0,0.0,0.0,0.0,0.0,0.003472222222222222,0.0034722222222222225,0.003472222222222222,0.0034722222222222225,0.021929824561403508,0.02192982456140351,0.021929824561403508,0.02192982456140351,0.050225385209905334,0.027660816723825803,0.050225385209905334,0.027660816723825803,0.047438831797549603,0.01861444189187484,0.047438831797549603,0.01861444189187484,0.012444295900178252,0.00570605420762331,0.012444295900178252,0.00570605420762331,0.0,0.0,0.0,0.0,0.015473770809136663,0.007873711478121838,0.015473770809136663,0.007873711478121838,0.0069112174375332265,0.004602534186715988,0.0069112174375332265,0.004602534186715988,0.028270915185228406,0.012291252426047734,0.028270915185228406,0.012291252426047734,0.8103613146546205,0.055338036528565,0.8103613146546205,0.055338036528565,0.003472222222222222,0.0034722222222222225,0.003472222222222222,0.0034722222222222225
AV12-2-CALINYGSSGNKLIF-AJ32_BV13-2-CASGEGGDTQYF-BJ2-5,SVYVYKVL,8,6,6,0,100.0,2,33.333333333333336,0.3333333333333333,0.0,1.0,2.0,1.4797387969134792,1.4797387969134792,0.0,0.6198458615421091,0.6198458615421091,0.0,0.7481818009256601,0.7481818009256601,0.0,0.0,0.0,0.017241379310344827,0.017241379310344827,0.017241379310344827,0.017241379310344827,0.0,0.0,0.0,0.0,0.015151515151515152,0.015151515151515154,0.015151515151515152,0.015151515151515154,0.005747126436781609,0.00574712643678161,0.005747126436781609,0.00574712643678161,0.07694227116133809,0.030383742136332468,0.07694227116133809,0.030383742136332468,0.2802220809954075,0.09862999384378215,0.2802220809954075,0.09862999384378215,0.038074712643678156,0.024240766848048028,0.038074712643678156,0.024240766848048028,0.00980392156862745,0.009803921568627453,0.00980392156862745,0.009803921568627453,0.5175731342693818,0.08932337825985145,0.5175731342693818,0.08932337825985145,0.0,0.0,0.0,0.0,0.039243858462925406,0.02060246989563424,0.039243858462925406,0.02060246989563424,0.0,0.0,0.0,0.0,0.0,0.0,0.0,0.0
AV12-2-CATANYGNEKITF-AJ48_BV23-CSSSQWQGASDYTF-BJ1-2,SVYVYKVL,8,6,5,1,83.33333333333333,3,50.0,1.1666666666666667,1.0,3.0,7.0,1.8307403111353657,1.9724244606502013,0.14168414951483554,0.5405357927097058,0.4921212121212122,-0.04841458058849357,0.47075378946588675,0.6083371468595723,0.13758335739368555,0.04184932278807785,0.2551954325867369,0.1566974088713219,0.12620892864384853,0.03151515151515152,0.019675979491815668,0.0,0.0,0.0,0.0,0.0024154589371980675,0.0024154589371980675,0.0,0.0,0.03737373737373737,0.024263458887806698,0.044848484848484846,0.028271281914401456,0.0461352657004831,0.023732790606033328,0.04666666666666667,0.029059326290271158,0.14621212121212124,0.06477782188009909,0.17545454545454547,0.07079244485066105,0.08383838383838384,0.04379227664236092,0.10060606060606062,0.049547076240719516,0.02777777777777778,0.018087578440110788,0.03333333333333334,0.021081851067789197,0.37577953447518664,0.12371031420929544,0.4248484848484848,0.1390852973054237,0.015151515151515152,0.015151515151515154,0.01818181818181818,0.01818181818181818,0.06756697408871322,0.021059399338294652,0.07818181818181817,0.022276334484229218,0.01590909090909091,0.010078889920947024,0.019090909090909092,0.01171281702429557,0.025142731664470796,0.022369726191579394,0.02727272727272727,0.027272727272727268
AV13-1-CALERPEGADRLTF-AJ45_BV16-CASRGLGGKYF-BJ2-7,VGPRYTNL,10,6,6,0,100.0,0,0.0,0.0,0.0,0.0,0.0,1.4820491923536387,1.4820491923536387,0.0,0.6363239971935625,0.6363239971935625,0.0,0.7913104384862192,0.7913104384862192,0.0,0.0,0.0,0.0,0.0,0.0,0.0,0.0,0.0,0.0,0.0,0.0,0.0,0.0,0.0,0.016443701226309924,0.012606053698194933,0.016443701226309924,0.012606053698194933,0.10407177363699104,0.04106941274040975,0.10407177363699104,0.04106941274040975,0.12709391187652058,0.05804999794756461,0.12709391187652058,0.05804999794756461,0.0551018051018051,0.025208263024748732,0.0551018051018051,0.025208263024748732,0.0,0.0,0.0,0.0,0.04259259259259259,0.032762603727692845,0.04259259259259259,0.032762603727692845,0.0,0.0,0.0,0.0,0.602990663860229,0.09939941620364152,0.602990663860229,0.09939941620364152,0.038192038192038195,0.021660581520612843,0.038192038192038195,0.021660581520612843,0.013513513513513514,0.013513513513513514,0.013513513513513514,0.013513513513513514
AV9-2-CVLSANTGYQNFYF-AJ49_BV1-CTCSVDRISYEQYF-BJ2-7,RTYTYEKL,5,6,5,1,83.33333333333333,2,33.333333333333336,0.5,0.0,2.0,3.0,1.4742433391129073,1.400617808300067,-0.07362553081284018,0.5847069597069597,0.615934065934066,0.031227106227106227,0.3986872921235199,0.42051034336947507,0.021823051245955183,0.014663892982036852,0.19349816849816845,0.0,0.0,0.0,0.0,0.0,0.0,0.0,0.0,0.0,0.0,0.0,0.0,0.08424908424908424,0.07000075713167037,0.015384615384615385,0.015384615384615384,0.05357142857142857,0.04098074875728216,0.06428571428571428,0.04844521416518049,0.3733974358974359,0.1511423583305439,0.39093406593406593,0.18386059565065957,0.059523809523809514,0.038759096657380254,0.04285714285714286,0.04285714285714286,0.0,0.0,0.0,0.0,0.08676739926739928,0.03571149726129464,0.07554945054945054,0.04152352339105377,0.0,0.0,0.0,0.0,0.23946886446886448,0.12738964217231816,0.28736263736263734,0.14457337644319734,0.07280219780219781,0.04046178866321497,0.08736263736263736,0.046235537332772365,0.03021978021978022,0.023386636146129555,0.03626373626373626,0.027669622663767407
AV8N-2-CATEDQGGRALIF-AJ15_BV5-CASSQEAISNERLFF-BJ1-4,RAYLFNSV,4,6,6,0,100.0,1,16.666666666666668,0.16666666666666666,0.0,1.0,1.0,1.8739114355321138,1.8739114355321138,0.0,0.41706349206349197,0.41706349206349197,0.0,0.47170840810354864,0.47170840810354864,0.0,0.0,0.0,0.0,0.0,0.0,0.0,0.0,0.0,0.0,0.0,0.0,0.0,0.0,0.0,0.06944444444444443,0.04521894610027696,0.06944444444444443,0.04521894610027696,0.26944444444444443,0.10544584942279059,0.26944444444444443,0.10544584942279059,0.08214285714285714,0.04180249968114152,0.08214285714285714,0.04180249968114152,0.05555555555555555,0.041201102706087026,0.05555555555555555,0.041201102706087026,0.0,0.0,0.0,0.0,0.08928571428571429,0.05665716206805141,0.08928571428571429,0.05665716206805141,0.016666666666666666,0.01666666666666667,0.016666666666666666,0.01666666666666667,0.11547619047619047,0.04659108716130437,0.11547619047619047,0.04659108716130437,0.05158730158730159,0.03277114733660726,0.05158730158730159,0.03277114733660726,0.2503968253968254,0.07382339006121988,0.2503968253968254,0.07382339006121988
AV13-3-CAMERSNNRIFF-AJ31_BV2-CASSQDRRGDTQYF-BJ2-5,HIYEFPQL,2,6,6,0,100.0,0,0.0,0.0,0.0,0.0,0.0,1.651096220517026,1.651096220517026,0.0,0.5248015873015873,0.5248015873015873,0.0,0.5301655878592191,0.5301655878592191,0.0,0.0,0.0,0.010416666666666666,0.010416666666666668,0.010416666666666666,0.010416666666666668,0.0,0.0,0.0,0.0,0.4359126984126984,0.10447761601136142,0.4359126984126984,0.10447761601136142,0.03616071428571429,0.018688604129782616,0.03616071428571429,0.018688604129782616,0.06395502645502646,0.022874134049410487,0.06395502645502646,0.022874134049410487,0.10972222222222222,0.051047619664573954,0.10972222222222222,0.051047619664573954,0.012698412698412697,0.008399210511316162,0.012698412698412697,0.008399210511316162,0.0,0.0,0.0,0.0,0.04497354497354497,0.03629259394633337,0.04497354497354497,0.03629259394633337,0.0,0.0,0.0,0.0,0.06870039682539682,0.05355270928828105,0.06870039682539682,0.05355270928828105,0.18571428571428572,0.10101525445522108,0.18571428571428572,0.10101525445522108,0.031746031746031744,0.031746031746031744,0.031746031746031744,0.031746031746031744
AV8D-2-CATDYSNNRLTL-AJ7_BV3-CASSLRDSSYEQYF-BJ2-7,VGPRYTNL,10,6,6,0,100.0,2,33.333333333333336,0.3333333333333333,0.0,1.0,2.0,0.5541047233687606,0.5541047233687606,0.0,0.9029502331609662,0.9029502331609662,0.0,0.994747990552079,0.994747990552079,0.0,0.0,0.0,0.005050505050505051,0.005050505050505051,0.005050505050505051,0.005050505050505051,0.0,0.0,0.0,0.0,0.0,0.0,0.0,0.0,0.007267840491470573,0.00555705451378432,0.007267840491470573,0.00555705451378432,0.008090614886731391,0.008090614886731393,0.008090614886731391,0.008090614886731393,0.021047283244656535,0.007715910044298764,0.021047283244656535,0.007715910044298764,0.047386719964163604,0.0214805712862308,0.047386719964163604,0.0214805712862308,0.002824858757062147,0.0028248587570621473,0.002824858757062147,0.0028248587570621473,0.002777777777777778,0.002777777777777778,0.002777777777777778,0.002777777777777778,0.0,0.0,0.0,0.0,0.9029502331609662,0.019509120440387183,0.9029502331609662,0.019509120440387183,0.0026041666666666665,0.002604166666666667,0.0026041666666666665,0.002604166666666667,0.0,0.0,0.0,0.0
AV7-5-CAVPGYQNFYF-AJ49_BV1-CTCSAGQGNTGQLYF-BJ2-2,RAYLFNSV,4,6,6,0,100.0,1,16.666666666666668,0.16666666666666666,0.0,1.0,1.0,0.7792008251672852,0.7792008251672852,0.0,0.8490807491645168,0.8490807491645168,0.0,0.9886831756616473,0.9886831756616473,0.0,0.0,0.0,0.007575757575757576,0.007575757575757579,0.007575757575757576,0.007575757575757579,0.0,0.0,0.0,0.0,0.004560685033507074,0.002896518716113423,0.004560685033507074,0.002896518716113423,0.004901960784313725,0.004901960784313725,0.004901960784313725,0.004901960784313725,0.8490807491645168,0.028736363817834332,0.8490807491645168,0.028736363817834332,0.04656157629910423,0.020682265456627977,0.04656157629910423,0.020682265456627977,0.03998316498316498,0.019802624629783733,0.03998316498316498,0.019802624629783733,0.0024509803921568627,0.0024509803921568627,0.0024509803921568627,0.0024509803921568627,0.0,0.0,0.0,0.0,0.0,0.0,0.0,0.0,0.04243414537532184,0.018946030342919088,0.04243414537532184,0.018946030342919088,0.0,0.0,0.0,0.0,0.0024509803921568627,0.0024509803921568627,0.0024509803921568627,0.0024509803921568627
AV14-2-CAASPSGSWQLIF-AJ22_BV13-1-CASSGGSDYTF-BJ1-2,VIVRFLTV,11,6,6,0,100.0,3,50.0,0.8333333333333334,0.5,2.0,5.0,0.7619912646131902,0.7619912646131902,0.0,0.8643175794266876,0.8643175794266876,0.0,0.9920279758808547,0.9920279758808547,0.0,0.0,0.0,0.002976190476190476,0.0029761904761904765,0.002976190476190476,0.0029761904761904765,0.0,0.0,0.0,0.0,0.0026881720430107525,0.002688172043010753,0.0026881720430107525,0.002688172043010753,0.0,0.0,0.0,0.0,0.03096617434852729,0.010516517386668752,0.03096617434852729,0.010516517386668752,0.04344365312107248,0.019544983755082616,0.04344365312107248,0.019544983755082616,0.034606912168582,0.018109371628030897,0.034606912168582,0.018109371628030897,0.0,0.0,0.0,0.0,0.0013440860215053762,0.0013440860215053765,0.0013440860215053762,0.0013440860215053765,0.0013440860215053762,0.0013440860215053765,0.0013440860215053762,0.0013440860215053765,0.012252540312312607,0.004756735303047099,0.012252540312312607,0.004756735303047099,0.8643175794266876,0.023606953820583844,0.8643175794266876,0.023606953820583844,0.006060606060606061,0.006060606060606061,0.006060606060606061,0.006060606060606061
AV14-2-CAATEGADRLTF-AJ45_BV1-CTCSAVRVTGQLYF-BJ2-2,RAYLFNSV,4,6,6,0,100.0,2,33.333333333333336,0.3333333333333333,0.0,1.0,2.0,0.8472326469748119,0.8472326469748119,0.0,0.8257026230842293,0.8257026230842293,0.0,0.9772573945096819,0.9772573945096819,0.0,0.0,0.0,0.006944444444444444,0.006944444444444445,0.006944444444444444,0.006944444444444445,0.0,0.0,0.0,0.0,0.013333333333333334,0.013333333333333332,0.013333333333333334,0.013333333333333332,0.015151515151515152,0.015151515151515154,0.015151515151515152,0.015151515151515154,0.8257026230842293,0.051215252301095596,0.8257026230842293,0.051215252301095596,0.06623207818643646,0.021137304993910117,0.06623207818643646,0.021137304993910117,0.012820512820512822,0.01282051282051282,0.012820512820512822,0.01282051282051282,0.0,0.0,0.0,0.0,0.0,0.0,0.0,0.0,0.0,0.0,0.0,0.0,0.05554198870602439,0.026721316591104965,0.05554198870602439,0.026721316591104965,0.0,0.0,0.0,0.0,0.004273504273504273,0.004273504273504274,0.004273504273504273,0.004273504273504274
AV14D-1-CAAHLSSGSWQLIF-AJ22_BV1-CTCSASDWEQYF-BJ2-7,RAYLFNSV,4,6,6,0,100.0,1,16.666666666666668,0.16666666666666666,0.0,1.0,1.0,0.9341945330585332,0.9341945330585332,0.0,0.7438640793903951,0.7438640793903951,0.0,0.919826713302602,0.919826713302602,0.0,0.0,0.0,0.018518518518518517,0.018518518518518517,0.018518518518518517,0.018518518518518517,0.0,0.0,0.0,0.0,0.0,0.0,0.0,0.0,0.0,0.0,0.0,0.0,0.7438640793903951,0.08183117808473339,0.7438640793903951,0.08183117808473339,0.13693957115009747,0.048011224997077245,0.13693957115009747,0.048011224997077245,0.017543859649122806,0.01754385964912281,0.017543859649122806,0.01754385964912281,0.008771929824561403,0.008771929824561405,0.008771929824561403,0.008771929824561405,0.0,0.0,0.0,0.0,0.0,0.0,0.0,0.0,0.017543859649122806,0.01754385964912281,0.017543859649122806,0.01754385964912281,0.05681818181818182,0.04139026781711435,0.05681818181818182,0.04139026781711435,0.0,0.0,0.0,0.0
AV8D-1-CATDRAEGADRLTF-AJ45_BV3-CASSLDWGASAETLYF-BJ2-3,VIVRFLTV,11,6,6,0,100.0,2,33.333333333333336,0.5,0.0,2.0,3.0,1.3190170428347752,1.3190170428347752,0.0,0.6774425287356323,0.6774425287356323,0.0,0.7642722849711361,0.7642722849711361,0.0,0.0,0.0,0.0028735632183908046,0.0028735632183908046,0.0028735632183908046,0.0028735632183908046,0.0,0.0,0.0,0.0,0.0,0.0,0.0,0.0,0.027777777777777776,0.02777777777777778,0.027777777777777776,0.02777777777777778,0.058309386973180076,0.029354223425988497,0.058309386973180076,0.029354223425988497,0.042744252873563225,0.031064484354353546,0.042744252873563225,0.031064484354353546,0.0346823116219668,0.018460600584108082,0.0346823116219668,0.018460600584108082,0.020833333333333332,0.020833333333333336,0.020833333333333332,0.020833333333333336,0.08449074074074074,0.05308198956894965,0.08449074074074074,0.05308198956894965,0.0028735632183908046,0.0028735632183908046,0.0028735632183908046,0.0028735632183908046,0.029454022988505746,0.020892701774753893,0.029454022988505746,0.020892701774753893,0.6496647509578544,0.11987295319580853,0.6496647509578544,0.11987295319580853,0.0462962962962963,0.030145964066851303,0.0462962962962963,0.030145964066851303
AV8D-2-CATDGDYSNNRLTL-AJ7_BV3-CASSLATEYEQYF-BJ2-7,VGPRYTNL,10,6,6,0,100.0,1,16.666666666666668,0.16666666666666666,0.0,1.0,1.0,0.4100440976825886,0.4100440976825886,0.0,0.9369125715487426,0.9369125715487426,0.0,0.9983587787875476,0.9983587787875476,0.0,0.0,0.0,0.0024509803921568627,0.002450980392156863,0.0024509803921568627,0.002450980392156863,0.0,0.0,0.0,0.0,0.010202918376652987,0.007648523269084357,0.010202918376652987,0.007648523269084357,0.00228310502283105,0.0022831050228310505,0.00228310502283105,0.0022831050228310505,0.004505327245053273,0.0028498093731430018,0.004505327245053273,0.0028498093731430018,0.02283866057838661,0.008450370401209531,0.02283866057838661,0.008450370401209531,0.01447948745177162,0.007754916221559173,0.01447948745177162,0.007754916221559173,0.0,0.0,0.0,0.0,0.0,0.0,0.0,0.0,0.0,0.0,0.0,0.0,0.9369125715487426,0.013123080119283719,0.9369125715487426,0.013123080119283719,0.0063269493844049255,0.004150960239674992,0.0063269493844049255,0.004150960239674992,0.0,0.0,0.0,0.0
AV16-CAMRKEGADRLTF-AJ45_BV13-1-CASSDNYEQYF-BJ2-7,RTYTYEKL,5,6,6,0,100.0,1,16.666666666666668,0.16666666666666666,0.0,1.0,1.0,0.22124023361468081,0.22124023361468081,0.0,0.969241580146015,0.969241580146015,0.0,0.9990465700581941,0.9990465700581941,0.0,0.0,0.0,0.00228310502283105,0.0022831050228310505,0.00228310502283105,0.0022831050228310505,0.0,0.0,0.0,0.0,0.0,0.0,0.0,0.0,0.0005630630630630631,0.0005630630630630632,0.0005630630630630631,0.0005630630630630632,0.0017164656005486457,0.0011779652287667933,0.0017164656005486457,0.0011779652287667933,0.969241580146015,0.012313810292286873,0.969241580146015,0.012313810292286873,0.016394724397843816,0.010676605425669247,0.016394724397843816,0.010676605425669247,0.0017046155744785882,0.0011675083416468888,0.0017046155744785882,0.0011675083416468888,0.0023785030705445933,0.0017786043776784385,0.0023785030705445933,0.0017786043776784385,0.0,0.0,0.0,0.0,0.004578178792869393,0.0027678715742202485,0.004578178792869393,0.0027678715742202485,0.0005630630630630631,0.0005630630630630632,0.0005630630630630631,0.0005630630630630632,0.0005767012687427913,0.0005767012687427913,0.0005767012687427913,0.0005767012687427913
AV16/DV11-CAMRGSSGSWQLIF-AJ22_BV1-CTCSADRFYEQYF-BJ2-7,RTYTYEKL,5,6,6,0,100.0,1,16.666666666666668,0.16666666666666666,0.0,1.0,1.0,1.5755180944814315,1.5755180944814315,0.0,0.5047619047619049,0.5047619047619049,0.0,0.3203009912894405,0.3203009912894405,0.0,0.0,0.0,0.0,0.0,0.0,0.0,0.0,0.0,0.0,0.0,0.18680555555555553,0.09948022711282757,0.18680555555555553,0.09948022711282757,0.0625,0.04269562819149833,0.0625,0.04269562819149833,0.0818452380952381,0.07009228711600106,0.0818452380952381,0.07009228711600106,0.2663690476190476,0.15516916423529017,0.2663690476190476,0.15516916423529017,0.14047619047619045,0.04726055533637907,0.14047619047619045,0.04726055533637907,0.010416666666666666,0.010416666666666668,0.010416666666666666,0.010416666666666668,0.0,0.0,0.0,0.0,0.027777777777777776,0.02777777777777778,0.027777777777777776,0.02777777777777778,0.1488095238095238,0.08165833637925007,0.1488095238095238,0.08165833637925007,0.043750000000000004,0.0328744454959573,0.043750000000000004,0.0328744454959573,0.03125,0.03125,0.03125,0.03125
AV16N-CAMREGDSNYQLIW-AJ33_BV13-1-CASSGTYNQDTQYF-BJ2-5,RAYLFNSV,4,6,5,1,83.33333333333333,2,33.333333333333336,0.8333333333333334,0.0,4.0,5.0,0.9257894489514552,0.955077371283329,0.029287922331873828,0.8098944413572897,0.8180271757825939,0.008132734425304156,0.9748974948536774,0.9859897401728226,0.01109224531914521,0.0011033193807687969,0.07219483474901438,0.0,0.0,0.0,0.0,0.0,0.0,0.0,0.0,0.018518518518518517,0.01851851851851852,0.02222222222222222,0.022222222222222216,0.04856237816764133,0.02228690496123672,0.05827485380116959,0.024567476971170163,0.8098944413572897,0.023456634856351813,0.8180271757825939,0.02694640095314287,0.05028214389669498,0.03641733204068878,0.014184726522187824,0.005898965822803899,0.004166666666666667,0.0041666666666666675,0.005,0.005,0.0,0.0,0.0,0.0,0.012499999999999999,0.0125,0.015,0.015,0.015987272101823186,0.008253142982266534,0.019184726522187823,0.009318582589274987,0.0,0.0,0.0,0.0,0.0315359477124183,0.015078432789095922,0.03784313725490196,0.016774019887185708,0.008552631578947369,0.0054118257365145025,0.010263157894736842,0.006288317444920273
AV6-3-CAMRSNYNVLYF-AJ21_BV13-2-CASGDAGVNQDTQYF-BJ2-5,VSFTYRYL,12,6,6,0,100.0,2,33.333333333333336,0.6666666666666666,0.0,2.0,4.0,1.1800399115339484,1.1800399115339484,0.0,0.6988580047403578,0.6988580047403578,0.0,0.8238230865160869,0.8238230865160869,0.0,0.0,0.0,0.0,0.0,0.0,0.0,0.0,0.0,0.0,0.0,0.0354449472096531,0.02555437403494793,0.0354449472096531,0.02555437403494793,0.0,0.0,0.0,0.0,0.017582417582417582,0.012752304165222866,0.017582417582417582,0.012752304165222866,0.11236802413273002,0.07130985007543048,0.11236802413273002,0.07130985007543048,0.05806938159879336,0.03648859850196967,0.05806938159879336,0.03648859850196967,0.0,0.0,0.0,0.0,0.012820512820512822,0.012820512820512822,0.012820512820512822,0.012820512820512822,0.0,0.0,0.0,0.0,0.04223227752639517,0.02042613214748742,0.04223227752639517,0.02042613214748742,0.0354449472096531,0.025554374034947924,0.0354449472096531,0.025554374034947924,0.686037491919845,0.10469877122908204,0.686037491919845,0.10469877122908204
AV5-4-CAARTSSSFSKLVF-AJ50_BV1-CTCSAVRLAETLYF-BJ2-3,RAYLFNSV,4,6,5,1,83.33333333333333,2,33.333333333333336,0.6666666666666666,0.0,3.0,4.0,1.0511660452441323,1.193941240969556,0.14277519572542374,0.7336716524216524,0.6929059829059829,-0.04076566951566951,0.8599569109164134,0.8456750474115282,-0.01428186350488514,0.001571720669290677,0.10792022792022792,0.0,0.0,0.0,0.0,0.0,0.0,0.0,0.0,0.0,0.0,0.0,0.0,0.03133903133903134,0.020306016730718475,0.037606837606837605,0.023655303424099227,0.7197827635327635,0.10155883634212279,0.6762393162393162,0.11237102898635967,0.11745014245014247,0.06300971727107334,0.14094017094017097,0.07160771290983513,0.07763532763532764,0.03954499083668545,0.09316239316239316,0.04454295460100985,0.0,0.0,0.0,0.0,0.010416666666666666,0.010416666666666668,0.0,0.0,0.0,0.0,0.0,0.0,0.03504273504273504,0.016323443807507932,0.04205128205128205,0.01805554291204736,0.0,0.0,0.0,0.0,0.008333333333333333,0.008333333333333335,0.01,0.01
AV6D-7-CALGDHMGYKLTF-AJ9_BV26-CASSLGGYAEQFF-BJ2-1,VIVRFLTV,11,6,6,0,100.0,1,16.666666666666668,0.16666666666666666,0.0,1.0,1.0,1.0338346207669142,1.0338346207669142,0.0,0.7711605667358655,0.7711605667358655,0.0,0.79928340707643,0.79928340707643,0.0,0.0,0.0,0.026881720430107527,0.026881720430107527,0.026881720430107527,0.026881720430107527,0.0,0.0,0.0,0.0,0.0020080321285140565,0.0020080321285140565,0.0020080321285140565,0.0020080321285140565,0.01616337591947348,0.012046190374187691,0.01616337591947348,0.012046190374187691,0.10922377080913666,0.09262629346142046,0.10922377080913666,0.09262629346142046,0.03917821824934145,0.02168907040112895,0.03917821824934145,0.02168907040112895,0.018098526510222073,0.008699314186978684,0.018098526510222073,0.008699314186978684,0.023809523809523808,0.02380952380952381,0.023809523809523808,0.02380952380952381,0.010017421602787456,0.00650205554240129,0.010017421602787456,0.00650205554240129,0.01075268817204301,0.010752688172043012,0.01075268817204301,0.010752688172043012,0.02032520325203252,0.020325203252032523,0.02032520325203252,0.020325203252032523,0.723541519116818,0.096041082328274,0.723541519116818,0.096041082328274,0.0,0.0,0.0,0.0
AV3D-3-CAVSVTNSAGNKLTF-AJ17_BV5-CASSPDRGDERLFF-BJ1-4,VGPRYTNL,10,6,5,1,83.33333333333333,3,50.0,0.6666666666666666,0.5,2.0,4.0,1.3173623223203146,1.2638422866401462,-0.05352003568016839,0.5979437229437229,0.6508658008658009,0.05292207792207804,0.31109682601652716,0.2667066260534147,-0.04439019996311244,0.014760990205547664,0.1721139971139971,0.0,0.0,0.0,0.0,0.0,0.0,0.0,0.0,0.24377705627705626,0.14935207077873058,0.29253246753246753,0.17289715549660148,0.020833333333333332,0.020833333333333336,0.025,0.025,0.09722222222222221,0.0624227918173451,0.05,0.05,0.2113095238095238,0.10387146379142757,0.1869047619047619,0.12365489428170078,0.05158730158730159,0.03277114733660726,0.06190476190476191,0.03809523809523809,0.0,0.0,0.0,0.0,0.0,0.0,0.0,0.0,0.048611111111111105,0.03121139590867255,0.05833333333333333,0.03632415786283894,0.2611832611832612,0.156043109604621,0.24675324675324672,0.1902940884734573,0.06547619047619048,0.04365981147831488,0.07857142857142857,0.05101020306102035,0.0,0.0,0.0,0.0
AV3D-3-CAVSGGNYKYVF-AJ40_BV13-2-CASGDAGGATEQFF-BJ2-1,SNYLFTKL,6,6,5,1,83.33333333333333,3,50.0,0.6666666666666666,0.5,2.0,4.0,1.2672388377303838,1.1879656817569606,-0.07927315597342321,0.7392722473604826,0.753793363499246,0.01452111613876339,0.9745395956060998,0.9731321891563759,-0.0014074064497239247,0.0002905344687542666,0.057264239028945105,0.007936507936507936,0.007936507936507936,0.0,0.0,0.0,0.0,0.0,0.0,0.00980392156862745,0.00980392156862745,0.011764705882352941,0.01176470588235294,0.00980392156862745,0.009803921568627453,0.011764705882352941,0.01176470588235294,0.029761904761904757,0.018885720689350467,0.016666666666666666,0.016666666666666666,0.062052898082309856,0.011006568549649728,0.0649396681749623,0.013008330581033786,0.7392722473604826,0.04479677551909071,0.753793363499246,0.0519021427735747,0.0,0.0,0.0,0.0,0.022624434389140274,0.014498479445789343,0.02714932126696833,0.016870001703445475,0.0,0.0,0.0,0.0,0.06897759103641456,0.022471427589688033,0.06372549019607843,0.026759498164619963,0.035877684407096176,0.019048319886962,0.033529411764705884,0.023151374887240502,0.013888888888888888,0.01388888888888889,0.016666666666666666,0.016666666666666666
AV3D-3-CAVESSNTNKVVF-AJ34_BV13-2-CASGRDRAQNTLYF-BJ2-4,VGPRYTNL,10,6,6,0,100.0,2,33.333333333333336,0.5,0.0,2.0,3.0,0.8171758127796731,0.8171758127796731,0.0,0.855564682076989,0.855564682076989,0.0,0.9917279568795229,0.9917279568795229,0.0,0.0,0.0,0.005291005291005291,0.005291005291005291,0.005291005291005291,0.005291005291005291,0.0,0.0,0.0,0.0,0.0,0.0,0.0,0.0,0.005731922398589065,0.0036412385929563635,0.005731922398589065,0.0036412385929563635,0.027978094311010452,0.020220028830546438,0.027978094311010452,0.020220028830546438,0.01437389770723104,0.0070596322961641745,0.01437389770723104,0.0070596322961641745,0.029663546330213,0.013756133763374584,0.029663546330213,0.013756133763374584,0.009278021689369207,0.004207499529403285,0.009278021689369207,0.004207499529403285,0.005555555555555556,0.005555555555555556,0.005555555555555556,0.005555555555555556,0.0,0.0,0.0,0.0,0.855564682076989,0.02857735434283612,0.855564682076989,0.02857735434283612,0.04656327464003726,0.012272557263401436,0.04656327464003726,0.012272557263401436,0.0,0.0,0.0,0.0
AV3-3-CAVSSNNRIFF-AJ31_BV1-CTCSAVRVGNTLYF-BJ1-3,RAYLFNSV,4,6,6,0,100.0,2,33.333333333333336,0.5,0.0,2.0,3.0,1.162022929423464,1.162022929423464,0.0,0.7691069638778892,0.7691069638778892,0.0,0.6891768141384361,0.6891768141384361,0.0,0.0,0.0,0.0006574621959237344,0.0006574621959237346,0.0006574621959237344,0.0006574621959237346,0.0,0.0,0.0,0.0,0.015125479065441544,0.009328711232138506,0.015125479065441544,0.009328711232138506,0.044422721842076685,0.020762308343421184,0.044422721842076685,0.020762308343421184,0.633341020419638,0.12288715276551532,0.633341020419638,0.12288715276551532,0.03173888146592861,0.020455809366144988,0.03173888146592861,0.020455809366144988,0.03092940118177666,0.013464477562259073,0.03092940118177666,0.013464477562259073,0.0009861932938856016,0.0009861932938856016,0.0009861932938856016,0.0009861932938856016,0.0006574621959237344,0.0006574621959237346,0.0006574621959237344,0.0006574621959237346,0.0047225028463302385,0.003985946287584918,0.0047225028463302385,0.003985946287584918,0.17297660707089987,0.1437828568779038,0.17297660707089987,0.1437828568779038,0.05207052657152517,0.02234882036275777,0.05207052657152517,0.02234882036275777,0.01237174185065004,0.007585321475638785,0.01237174185065004,0.007585321475638785
AV3-3-CAVRNNAGAKLTF-AJ39_BV19-CASSRLGLYEQYF-BJ2-7,RTYTYEKL,5,6,6,0,100.0,1,16.666666666666668,0.16666666666666666,0.0,1.0,1.0,2.0433950923721262,2.0433950923721262,0.0,0.42464171630838293,0.42464171630838293,0.0,0.38760947353052294,0.38760947353052294,0.0,0.0,0.0,0.014520202020202022,0.00919639279526775,0.014520202020202022,0.00919639279526775,0.0,0.0,0.0,0.0,0.09062850729517395,0.067155212983414,0.09062850729517395,0.067155212983414,0.029137529137529136,0.02234603442649299,0.029137529137529136,0.02234603442649299,0.0892687559354226,0.07543015648303913,0.0892687559354226,0.07543015648303913,0.20930458430458432,0.10259306125344216,0.20930458430458432,0.10259306125344216,0.0625971250971251,0.029255241701020597,0.0625971250971251,0.029255241701020597,0.0,0.0,0.0,0.0,0.08464452214452216,0.04398304956330359,0.08464452214452216,0.04398304956330359,0.013986013986013986,0.008891483040914057,0.013986013986013986,0.008891483040914057,0.20387097470430804,0.07066052686148497,0.20387097470430804,0.07066052686148497,0.16829081412414745,0.06737417307218352,0.16829081412414745,0.06737417307218352,0.033750971250971255,0.018512219314768597,0.033750971250971255,0.018512219314768597
AV19-CAAGATGYQNFYF-AJ49_BV17-CASSDRGEQYF-BJ2-7,SNYLFTKL,6,6,5,1,83.33333333333333,2,33.333333333333336,1.0,0.0,5.0,6.0,1.0580599793353855,0.8101573621715564,-0.2479026171638291,0.7592897173489278,0.8173976608187135,0.05810794346978565,0.9375112848040915,0.9592604373858296,0.02174915258173804,0.0011339520964791516,0.14522417153996106,0.017543859649122806,0.01754385964912281,0.021052631578947368,0.021052631578947364,0.0,0.0,0.0,0.0,0.0,0.0,0.0,0.0,0.0,0.0,0.0,0.0,0.02488425925925926,0.016492547912915337,0.01111111111111111,0.011111111111111108,0.04242811890838207,0.020128705057235942,0.03216374269005848,0.021206391069554086,0.7592897173489278,0.08095426654814608,0.8173976608187135,0.06903325479137375,0.010416666666666666,0.010416666666666668,0.0125,0.012500000000000002,0.03481359649122807,0.025763169188183346,0.010526315789473684,0.010526315789473684,0.024396929824561403,0.01631756159613075,0.010526315789473684,0.010526315789473682,0.06539351851851852,0.040891876914188684,0.07222222222222222,0.04937885787397549,0.010416666666666666,0.010416666666666668,0.0125,0.012500000000000002,0.010416666666666666,0.010416666666666668,0.0,0.0
AV7-2-CAAITGSGGKLTL-AJ44_BV31-CAWSLGNYAEQFF-BJ2-1,SNYLFTKL,6,6,6,0,100.0,1,16.666666666666668,0.3333333333333333,0.0,2.0,2.0,1.2679786060394902,1.2679786060394902,0.0,0.7234408522857813,0.7234408522857813,0.0,0.9514781387277331,0.9514781387277331,0.0,0.0,0.0,0.021604938271604937,0.013871731514965577,0.021604938271604937,0.013871731514965577,0.0,0.0,0.0,0.0,0.0,0.0,0.0,0.0,0.011531441845030695,0.008161258506287083,0.011531441845030695,0.008161258506287083,0.05679933628024744,0.02214274799545073,0.05679933628024744,0.02214274799545073,0.10621139063778905,0.027442637598964977,0.10621139063778905,0.027442637598964977,0.7234408522857813,0.07867595303406728,0.7234408522857813,0.07867595303406728,0.03305455993628036,0.026350639887970158,0.03305455993628036,0.026350639887970158,0.01075268817204301,0.010752688172043012,0.01075268817204301,0.010752688172043012,0.006172839506172839,0.006172839506172839,0.006172839506172839,0.006172839506172839,0.014817728822449514,0.010707978922581563,0.014817728822449514,0.010707978922581563,0.005376344086021505,0.005376344086021506,0.005376344086021505,0.005376344086021506,0.010237880156579343,0.006677676665578707,0.010237880156579343,0.006677676665578707
AV19-CAADQGGSAKLIF-AJ57_BV13-3-CASSDAGLSYNSPLYF-BJ1-6,VIVRFLTV,11,6,6,0,100.0,1,16.666666666666668,0.16666666666666666,0.0,1.0,1.0,0.568622378830033,0.568622378830033,0.0,0.9065451545154516,0.9065451545154516,0.0,0.9962194777150276,0.9962194777150276,0.0,0.0,0.0,0.0030303030303030303,0.0030303030303030303,0.0030303030303030303,0.0030303030303030303,0.0,0.0,0.0,0.0,0.0,0.0,0.0,0.0,0.004629629629629629,0.00462962962962963,0.004629629629629629,0.00462962962962963,0.013720538720538722,0.009340400514522989,0.013720538720538722,0.009340400514522989,0.0315006500650065,0.011590288543907137,0.0315006500650065,0.011590288543907137,0.008013801380138014,0.0038439651488863026,0.008013801380138014,0.0038439651488863026,0.0,0.0,0.0,0.0,0.007710771077107711,0.005954291760027956,0.007710771077107711,0.005954291760027956,0.0016501650165016502,0.0016501650165016502,0.0016501650165016502,0.0016501650165016502,0.01228956228956229,0.009148402807537726,0.01228956228956229,0.009148402807537726,0.9065451545154516,0.028607916759400703,0.9065451545154516,0.028607916759400703,0.010909424275760908,0.009074425840157866,0.010909424275760908,0.009074425840157866
AV7-2-CAASITGNTGKLIF-AJ37_BV26-CASSLGLNYAEQFF-BJ2-1,RAYLFNSV,4,6,5,1,83.33333333333333,1,16.666666666666668,0.3333333333333333,0.0,2.0,2.0,0.8321347306593125,0.8492420117104877,0.017107281051175205,0.7865478579164157,0.7742922121083944,-0.012255645808021298,0.8418047944687655,0.8161825358636026,-0.025622258605162984,0.0006543214857281932,0.06680378173461975,0.0024875621890547263,0.0024875621890547263,0.0029850746268656717,0.0029850746268656717,0.0,0.0,0.0,0.0,0.0,0.0,0.0,0.0,0.0024875621890547263,0.0024875621890547263,0.0029850746268656717,0.0029850746268656717,0.7713963427649005,0.10718958542700194,0.7561103939265761,0.12993814100635354,0.10787957445971723,0.04537878965015948,0.12075983717774763,0.053291651068829764,0.0024875621890547263,0.0024875621890547263,0.0029850746268656717,0.0029850746268656717,0.004975124378109453,0.004975124378109453,0.005970149253731343,0.005970149253731343,0.0,0.0,0.0,0.0,0.0024875621890547263,0.0024875621890547263,0.0029850746268656717,0.0029850746268656717,0.06814528754827262,0.05930049946720107,0.08177434505792715,0.07068378203440351,0.019537480063795853,0.014907162508987977,0.023444976076555026,0.017619093434949253,0.018115942028985508,0.01811594202898551,0.0,0.0
AV6N-6-CALDTNAYKVIF-AJ30_BV4-CASSPDLNTLYF-BJ2-4,RTYTYEKL,5,6,6,0,100.0,1,16.666666666666668,0.16666666666666666,0.0,1.0,1.0,1.242745847876922,1.242745847876922,0.0,0.6099798106377053,0.6099798106377053,0.0,0.7916692591053851,0.7916692591053851,0.0,0.0,0.0,0.0,0.0,0.0,0.0,0.0,0.0,0.0,0.0,0.0,0.0,0.0,0.0,0.031746031746031744,0.023543487260621155,0.031746031746031744,0.023543487260621155,0.19926117376775274,0.06673040317261497,0.19926117376775274,0.06673040317261497,0.6099798106377053,0.10238884848015066,0.6099798106377053,0.10238884848015066,0.03641917293233082,0.02347296779756225,0.03641917293233082,0.02347296779756225,0.0,0.0,0.0,0.0,0.0,0.0,0.0,0.0,0.0,0.0,0.0,0.0,0.11601486354775825,0.06299488540233326,0.11601486354775825,0.06299488540233326,0.006578947368421052,0.006578947368421054,0.006578947368421052,0.006578947368421054,0.0,0.0,0.0,0.0
AV16N-CAMREANTGYQNFYF-AJ49_BV15-CASSLARGGRGDTQYF-BJ2-5,SNYLFTKL,6,6,6,0,100.0,1,16.666666666666668,0.16666666666666666,0.0,1.0,1.0,0.8406299613059841,0.8406299613059841,0.0,0.8337345088953146,0.8337345088953146,0.0,0.9731271072261258,0.9731271072261258,0.0,0.0,0.0,0.005555555555555556,0.005555555555555556,0.005555555555555556,0.005555555555555556,0.0,0.0,0.0,0.0,0.0030303030303030303,0.0030303030303030307,0.0030303030303030303,0.0030303030303030307,0.014878125989237101,0.01257169274717319,0.014878125989237101,0.01257169274717319,0.020365930867285883,0.011723366096038247,0.020365930867285883,0.011723366096038247,0.03241669803853498,0.024444190045954002,0.03241669803853498,0.024444190045954002,0.8337345088953146,0.04691817395387468,0.8337345088953146,0.04691817395387468,0.0013550135501355016,0.0013550135501355016,0.0013550135501355016,0.0013550135501355016,0.06257895176006646,0.03553439244699701,0.06257895176006646,0.03553439244699701,0.0,0.0,0.0,0.0,0.01929107027876088,0.011179202230489441,0.01929107027876088,0.011179202230489441,0.006793842034805891,0.004402559242119825,0.006793842034805891,0.004402559242119825,0.0,0.0,0.0,0.0
AV16N-CAMRDDSGYNKLTF-AJ11_BV13-2-CASGDAGTGVDSDYTF-BJ1-2,SNYLFTKL,6,6,6,0,100.0,0,0.0,0.0,0.0,0.0,0.0,1.1592356119348783,1.1592356119348783,0.0,0.7559018422024418,0.7559018422024418,0.0,0.941052911656822,0.941052911656822,0.0,0.0,0.0,0.0,0.0,0.0,0.0,0.0,0.0,0.0,0.0,0.0,0.0,0.0,0.0,0.019230769230769232,0.013137116366614871,0.019230769230769232,0.013137116366614871,0.025727520854957137,0.011824935067717658,0.025727520854957137,0.011824935067717658,0.07740644537870923,0.017157443241770452,0.07740644537870923,0.017157443241770452,0.7559018422024418,0.08090666785448633,0.7559018422024418,0.08090666785448633,0.028514588859416448,0.025223939387579344,0.028514588859416448,0.025223939387579344,0.020066889632107024,0.013405768129817093,0.020066889632107024,0.013405768129817093,0.0,0.0,0.0,0.0,0.049347922192749784,0.028855732917006008,0.049347922192749784,0.028855732917006008,0.013986013986013986,0.008891483040914057,0.013986013986013986,0.008891483040914057,0.009818007662835249,0.0069642339249179645,0.009818007662835249,0.0069642339249179645
AV16-CAMREDSNYQLIW-AJ33_BV3-CASSHGQISNERLFF-BJ1-4,RAYLFNSV,4,5,5,0,100.0,0,0.0,0.0,0.0,0.0,0.0,1.0433283914428697,1.0433283914428697,0.0,0.6972804972804972,0.6972804972804972,0.0,0.8723704796601053,0.8723704796601053,0.0,0.0,0.0,0.0,0.0,0.0,0.0,0.0,0.0,0.0,0.0,0.0,0.0,0.0,0.0,0.012121212121212121,0.01212121212121212,0.012121212121212121,0.01212121212121212,0.6972804972804972,0.08523758728650939,0.6972804972804972,0.08523758728650939,0.05656565656565656,0.043045001520530334,0.05656565656565656,0.043045001520530334,0.015384615384615385,0.015384615384615384,0.015384615384615385,0.015384615384615384,0.0,0.0,0.0,0.0,0.0707070707070707,0.04801965383436247,0.0707070707070707,0.04801965383436247,0.0,0.0,0.0,0.0,0.14188034188034188,0.08151534370985548,0.14188034188034188,0.08151534370985548,0.0,0.0,0.0,0.0,0.006060606060606061,0.00606060606060606,0.006060606060606061,0.00606060606060606
AV13-2-CAIDTNTGKLTF-AJ27_BV31-CAWSLGYAEQFF-BJ2-1,SNYLFTKL,6,5,5,0,100.0,1,20.0,0.2,0.0,1.0,1.0,1.1316381081517402,1.1316381081517402,0.0,0.7394033226660345,0.7394033226660345,0.0,0.9514909515577065,0.9514909515577065,0.0,0.0,0.0,0.009450436569080636,0.006160331406344609,0.009450436569080636,0.006160331406344609,0.0,0.0,0.0,0.0,0.0,0.0,0.0,0.0,0.0,0.0,0.0,0.0,0.006060606060606061,0.00606060606060606,0.006060606060606061,0.00606060606060606,0.07296037296037297,0.03299335975408517,0.07296037296037297,0.03299335975408517,0.7394033226660345,0.06634143277497591,0.7394033226660345,0.06634143277497591,0.0,0.0,0.0,0.0,0.015384615384615385,0.015384615384615384,0.015384615384615385,0.015384615384615384,0.0,0.0,0.0,0.0,0.02462121212121212,0.01508032517984423,0.02462121212121212,0.01508032517984423,0.08554778554778555,0.04762266856891637,0.08554778554778555,0.04762266856891637,0.04657164869029276,0.025818737646486265,0.04657164869029276,0.025818737646486265
AV12D-3-CALSGENSGTYQRF-AJ13_BV12-2-CASSLAGVYQDTQYF-BJ2-5,VSFTYRYL,12,5,5,0,100.0,1,20.0,0.2,0.0,1.0,1.0,0.8832365259237129,0.8832365259237129,0.0,0.7899230399230399,0.7899230399230399,0.0,0.5575756317245745,0.5575756317245745,0.0,0.0,0.0,0.014814814814814814,0.014814814814814814,0.014814814814814814,0.014814814814814814,0.0,0.0,0.0,0.0,0.01818181818181818,0.01818181818181818,0.01818181818181818,0.01818181818181818,0.0,0.0,0.0,0.0,0.042255892255892255,0.019561246400902958,0.042255892255892255,0.019561246400902958,0.28754208754208754,0.1903045076802309,0.28754208754208754,0.1903045076802309,0.0,0.0,0.0,0.0,0.0,0.0,0.0,0.0,0.01818181818181818,0.01818181818181818,0.01818181818181818,0.01818181818181818,0.0,0.0,0.0,0.0,0.014285714285714285,0.014285714285714285,0.014285714285714285,0.014285714285714285,0.032996632996632996,0.020380802626830376,0.032996632996632996,0.020380802626830376,0.5717412217412218,0.18589776260469548,0.5717412217412218,0.18589776260469548
AV13-1-CALEQTGFASALTF-AJ35_BV3-CASSLGGSQNTLYF-BJ2-4,INFDFPKL,3,5,5,0,100.0,0,0.0,0.0,0.0,0.0,0.0,1.689182269063144,1.689182269063144,0.0,0.4522876494574608,0.4522876494574608,0.0,0.9445960940968032,0.9445960940968032,0.0,0.0,0.0,0.0,0.0,0.0,0.0,0.0,0.0,0.0,0.0,0.0,0.0,0.0,0.0,0.4371933098348193,0.03699301206967158,0.4371933098348193,0.03699301206967158,0.0285748842352616,0.017687877356980908,0.0285748842352616,0.017687877356980908,0.04218290444705539,0.013044520409555225,0.04218290444705539,0.013044520409555225,0.018772893772893772,0.01341035846569261,0.018772893772893772,0.01341035846569261,0.0,0.0,0.0,0.0,0.0019230769230769232,0.001923076923076923,0.0019230769230769232,0.001923076923076923,0.39258068975050103,0.03477416160234526,0.39258068975050103,0.03477416160234526,0.06970630697045792,0.03794160323040997,0.06970630697045792,0.03794160323040997,0.009065934065934065,0.006917405665941852,0.009065934065934065,0.006917405665941852,0.0,0.0,0.0,0.0
AV4-4/DV10-CAAEENTGYQNFYF-AJ49_BV14-CASSFGTGGEQYF-BJ2-7,SSYTFPKM,7,5,5,0,100.0,0,0.0,0.0,0.0,0.0,0.0,1.8973450401364194,1.8973450401364194,0.0,0.5242455242966751,0.5242455242966751,0.0,0.7394625970720186,0.7394625970720186,0.0,0.0,0.0,0.027391304347826086,0.01776234627462217,0.027391304347826086,0.01776234627462217,0.0,0.0,0.0,0.0,0.011764705882352941,0.01176470588235294,0.011764705882352941,0.01176470588235294,0.09739130434782609,0.07750358245272067,0.09739130434782609,0.07750358245272067,0.036086956521739134,0.016493110207296224,0.036086956521739134,0.016493110207296224,0.08285166240409207,0.014517254626923026,0.08285166240409207,0.014517254626923026,0.13024296675191815,0.0647470944745384,0.13024296675191815,0.0647470944745384,0.4942455242966751,0.08616022490952685,0.4942455242966751,0.08616022490952685,0.0,0.0,0.0,0.0,0.0,0.0,0.0,0.0,0.036086956521739134,0.016493110207296224,0.036086956521739134,0.016493110207296224,0.08393861892583121,0.037000734621672256,0.08393861892583121,0.037000734621672256,0.0,0.0,0.0,0.0
AV9-2-CVLSLGNSNNRIFF-AJ31_BV13-2-CASGDAGGQDTQYF-BJ2-5,SVYVYKVL,8,5,5,0,100.0,0,0.0,0.0,0.0,0.0,0.0,0.7084766194367699,0.7084766194367699,0.0,0.854682764258316,0.854682764258316,0.0,0.9788643151169614,0.9788643151169614,0.0,0.0,0.0,0.007407407407407407,0.007407407407407407,0.007407407407407407,0.007407407407407407,0.0,0.0,0.0,0.0,0.0,0.0,0.0,0.0,0.0,0.0,0.0,0.0,0.0,0.0,0.0,0.0,0.0443853361001069,0.016328070366251803,0.0443853361001069,0.016328070366251803,0.007407407407407407,0.007407407407407407,0.007407407407407407,0.007407407407407407,0.0,0.0,0.0,0.0,0.854682764258316,0.05482746368117368,0.854682764258316,0.05482746368117368,0.0,0.0,0.0,0.0,0.05290322580645161,0.038838495337528804,0.05290322580645161,0.038838495337528804,0.013859020310633213,0.008520453682043216,0.013859020310633213,0.008520453682043216,0.01935483870967742,0.019354838709677417,0.01935483870967742,0.019354838709677417
AV13-2-CAIDPNTGKLTF-AJ27_BV13-3-CASSETGPEVFF-BJ1-1,SNYLFTKL,6,5,5,0,100.0,2,40.0,0.4,0.0,1.0,2.0,0.8094363978127597,0.8094363978127597,0.0,0.8435642525116209,0.8435642525116209,0.0,0.981447002673022,0.981447002673022,0.0,0.0,0.0,0.015384615384615385,0.015384615384615384,0.015384615384615385,0.015384615384615384,0.0,0.0,0.0,0.0,0.015384615384615385,0.015384615384615384,0.015384615384615385,0.015384615384615384,0.025384615384615384,0.01611717449212074,0.025384615384615384,0.01611717449212074,0.02205128205128205,0.015160764614455877,0.02205128205128205,0.015160764614455877,0.03643724696356275,0.022758654773368737,0.03643724696356275,0.022758654773368737,0.8435642525116209,0.0684694641332809,0.8435642525116209,0.0684694641332809,0.0,0.0,0.0,0.0,0.01719298245614035,0.010961753931097057,0.01719298245614035,0.010961753931097057,0.0,0.0,0.0,0.0,0.006666666666666666,0.006666666666666665,0.006666666666666666,0.006666666666666665,0.01793372319688109,0.011255516595128303,0.01793372319688109,0.011255516595128303,0.0,0.0,0.0,0.0
AV4-4/DV10-CAADQNTGYQNFYF-AJ49_BV4-CASSWDWGGEQYF-BJ2-7,SSYTFPKM,7,5,5,0,100.0,3,60.0,0.6,1.0,1.0,3.0,1.562391566168294,1.562391566168294,0.0,0.5236563436563436,0.5236563436563436,0.0,0.45778074044510475,0.45778074044510475,0.0,0.0,0.0,0.0876923076923077,0.07843136674788237,0.0876923076923077,0.07843136674788237,0.0,0.0,0.0,0.0,0.0,0.0,0.0,0.0,0.0,0.0,0.0,0.0,0.15472527472527473,0.07548610731156757,0.15472527472527473,0.07548610731156757,0.08041958041958042,0.07119485596768886,0.08041958041958042,0.07119485596768886,0.1735664335664336,0.08762279619721541,0.1735664335664336,0.08762279619721541,0.3975024975024975,0.1214240817997424,0.3975024975024975,0.1214240817997424,0.025874125874125874,0.01788351308048171,0.025874125874125874,0.01788351308048171,0.007692307692307693,0.007692307692307692,0.007692307692307693,0.007692307692307692,0.06483516483516483,0.055719812457526226,0.06483516483516483,0.055719812457526226,0.0,0.0,0.0,0.0,0.007692307692307693,0.007692307692307692,0.007692307692307693,0.007692307692307692
AV5-1-CSASMDYAQGLTF-AJ26_BV13-1-CASSDRGQYEQYF-BJ2-7,RAYLFNSV,4,5,5,0,100.0,1,20.0,0.2,0.0,1.0,1.0,1.3566884148842737,1.3566884148842737,0.0,0.6638653981677238,0.6638653981677238,0.0,0.8476329015973256,0.8476329015973256,0.0,0.0,0.0,0.02222222222222222,0.022222222222222216,0.02222222222222222,0.022222222222222216,0.0,0.0,0.0,0.0,0.02222222222222222,0.022222222222222216,0.02222222222222222,0.022222222222222216,0.04283298097251585,0.02194535759289091,0.04283298097251585,0.02194535759289091,0.6638653981677238,0.10794398525507751,0.6638653981677238,0.10794398525507751,0.09212591026544514,0.041381872338145144,0.09212591026544514,0.041381872338145144,0.0648578811369509,0.053986619467162086,0.0648578811369509,0.053986619467162086,0.024651162790697675,0.01936805843130885,0.024651162790697675,0.01936805843130885,0.02,0.02,0.02,0.02,0.0,0.0,0.0,0.0,0.01111111111111111,0.011111111111111108,0.01111111111111111,0.011111111111111108,0.03611111111111111,0.024689428936987744,0.03611111111111111,0.024689428936987744,0.0,0.0,0.0,0.0
AV9-2-CVLSANNNNAPRF-AJ43_BV5-CASSQVWGAEQYF-BJ2-7,SNYLFTKL,6,5,5,0,100.0,3,60.0,0.6,1.0,1.0,3.0,0.791368101163765,0.791368101163765,0.0,0.8380188679245283,0.8380188679245283,0.0,0.9779402379740686,0.9779402379740686,0.0,0.0,0.0,0.00902964959568733,0.0069167802805155465,0.00902964959568733,0.0069167802805155465,0.0,0.0,0.0,0.0,0.0,0.0,0.0,0.0,0.0035714285714285713,0.0035714285714285713,0.0035714285714285713,0.0035714285714285713,0.006666666666666666,0.006666666666666666,0.006666666666666666,0.006666666666666666,0.052803234501347704,0.022757220121639513,0.052803234501347704,0.022757220121639513,0.8380188679245283,0.05917779441303793,0.8380188679245283,0.05917779441303793,0.0,0.0,0.0,0.0,0.025660377358490565,0.019376173467834327,0.025660377358490565,0.019376173467834327,0.0,0.0,0.0,0.0,0.06424977538185085,0.0356621543386265,0.06424977538185085,0.0356621543386265,0.0,0.0,0.0,0.0,0.0,0.0,0.0,0.0
AV7-4-CAASDSSGSWQLIF-AJ22_BV13-1-CASSDAGYEQYF-BJ2-7,SNYLFTKL,6,5,0,5,0.0,1,20.0,0.6,0.0,3.0,3.0,0.6038375180997446,,,0.898420703474972,,,0.9949898196799275,,,,,0.001639344262295082,0.001639344262295082,,,0.0,0.0,,,0.0,0.0,,,0.0029411764705882353,0.002941176470588235,,,0.017588652482269505,0.012942825213640161,,,0.05048749461416935,0.02217746255247376,,,0.898420703474972,0.018624339802994362,,,0.0,0.0,,,0.003278688524590164,0.003278688524590164,,,0.0,0.0,,,0.007588652482269503,0.004703897701784519,,,0.015114111218257795,0.004129180540883048,,,0.0029411764705882353,0.002941176470588235,,
AV16/DV11-CAMREGGAGNTGKLIF-AJ37_BV13-2-CASGDYYEQYF-BJ2-7,SNYLFTKL,6,5,5,0,100.0,0,0.0,0.0,0.0,0.0,0.0,0.878186196121834,0.878186196121834,0.0,0.8267696434687608,0.8267696434687608,0.0,0.9874035455726174,0.9874035455726174,0.0,0.0,0.0,0.0,0.0,0.0,0.0,0.0,0.0,0.0,0.0,0.0,0.0,0.0,0.0,0.009393939393939394,0.006143374222034331,0.009393939393939394,0.006143374222034331,0.024168047940838967,0.013088394380992614,0.024168047940838967,0.013088394380992614,0.030337530906790866,0.013364235880450714,0.030337530906790866,0.013364235880450714,0.8267696434687608,0.047442287668170026,0.8267696434687608,0.047442287668170026,0.0,0.0,0.0,0.0,0.007681159420289854,0.004771616705262123,0.007681159420289854,0.004771616705262123,0.0,0.0,0.0,0.0,0.0887464530629286,0.029292432069951375,0.0887464530629286,0.029292432069951375,0.012903225806451613,0.012903225806451615,0.012903225806451613,0.012903225806451615,0.0,0.0,0.0,0.0
AV13-2-CAIGSALGRLHF-AJ18_BV2-CASSQDRGWEQYF-BJ2-7,HIYEFPQL,2,5,5,0,100.0,2,40.0,0.4,0.0,1.0,2.0,1.8621323453780687,1.8621323453780687,0.0,0.4133333333333333,0.4133333333333333,0.0,0.3985431763788128,0.3985431763788128,0.0,0.0,0.0,0.0,0.0,0.0,0.0,0.0,0.0,0.0,0.0,0.2733333333333333,0.08326663997864531,0.2733333333333333,0.08326663997864531,0.02,0.02,0.02,0.02,0.2,0.097182531580755,0.2,0.097182531580755,0.09666666666666665,0.05487359211051442,0.09666666666666665,0.05487359211051442,0.05,0.05,0.05,0.05,0.05,0.05,0.05,0.05,0.05333333333333333,0.03431876713662334,0.05333333333333333,0.03431876713662334,0.03333333333333333,0.03333333333333333,0.03333333333333333,0.03333333333333333,0.1,0.07745966692414835,0.1,0.07745966692414835,0.10666666666666666,0.06863753427324668,0.10666666666666666,0.06863753427324668,0.016666666666666666,0.016666666666666666,0.016666666666666666,0.016666666666666666
AV16/DV11-CAMREGDSGYNKLTF-AJ11_BV13-2-CASGTGGANTLYF-BJ2-4,RTYTYEKL,5,5,5,0,100.0,2,40.0,0.4,0.0,1.0,2.0,1.5410232573786844,1.5410232573786844,0.0,0.6116663336663336,0.6116663336663336,0.0,0.962412011441893,0.962412011441893,0.0,0.0,0.0,0.0,0.0,0.0,0.0,0.0,0.0,0.0,0.0,0.010256410256410256,0.010256410256410256,0.010256410256410256,0.010256410256410256,0.03476923076923077,0.030020111601919735,0.03476923076923077,0.030020111601919735,0.029324675324675326,0.016793287497555206,0.029324675324675326,0.016793287497555206,0.6116663336663336,0.01923813147083986,0.6116663336663336,0.01923813147083986,0.013128205128205127,0.008353781618173226,0.013128205128205127,0.008353781618173226,0.0,0.0,0.0,0.0,0.22662537462537463,0.03731083077998531,0.22662537462537463,0.03731083077998531,0.01227106227106227,0.007681398159527753,0.01227106227106227,0.007681398159527753,0.0518981018981019,0.019378566628102646,0.0518981018981019,0.019378566628102646,0.004,0.003999999999999999,0.004,0.003999999999999999,0.006060606060606061,0.00606060606060606,0.006060606060606061,0.00606060606060606
AV12D-3-CALIASSGSWQLIF-AJ22_BV13-2-CASGDAGNQAPLF-BJ1-5,SNYLFTKL,6,5,5,0,100.0,2,40.0,0.6,0.0,2.0,3.0,1.0895378355137375,1.0895378355137375,0.0,0.7691912732076667,0.7691912732076667,0.0,0.912330665450393,0.912330665450393,0.0,0.0,0.0,0.005485498108448929,0.0037852032836831356,0.005485498108448929,0.0037852032836831356,0.0,0.0,0.0,0.0,0.01818181818181818,0.01818181818181818,0.01818181818181818,0.01818181818181818,0.01881883144178226,0.012471389428885774,0.01881883144178226,0.012471389428885774,0.006305170239596469,0.004013824030996655,0.006305170239596469,0.004013824030996655,0.05554475579065743,0.024055754099316613,0.05554475579065743,0.024055754099316613,0.7691912732076667,0.1075229899281477,0.7691912732076667,0.1075229899281477,0.0,0.0,0.0,0.0,0.04075473706621248,0.03541806204754416,0.04075473706621248,0.03541806204754416,0.007142857142857143,0.007142857142857143,0.007142857142857143,0.007142857142857143,0.048843315154790554,0.02430703106767621,0.048843315154790554,0.02430703106767621,0.028912071535022354,0.026909745595546593,0.028912071535022354,0.026909745595546593,0.000819672131147541,0.0008196721311475411,0.000819672131147541,0.0008196721311475411
AV12-2-CALRSNTGANTGKLTF-AJ52_BV1-CTCSVGTISNERLFF-BJ1-4,RTYTYEKL,5,5,5,0,100.0,1,20.0,0.2,0.0,1.0,1.0,1.7034435877675471,1.7034435877675471,0.0,0.3028571428571428,0.3028571428571428,0.0,,,,0.0,0.0,0.08571428571428572,0.08571428571428572,0.08571428571428572,0.08571428571428572,0.0,0.0,0.0,0.0,0.01,0.01,0.01,0.01,0.01,0.01,0.01,0.01,0.03857142857142857,0.02781131761990255,0.03857142857142857,0.02781131761990255,0.20571428571428568,0.08673205278091736,0.20571428571428568,0.08673205278091736,0.12904761904761902,0.04952380952380952,0.12904761904761902,0.04952380952380952,0.0,0.0,0.0,0.0,0.09714285714285714,0.06101187572589321,0.09714285714285714,0.06101187572589321,0.0,0.0,0.0,0.0,0.06190476190476191,0.03809523809523809,0.06190476190476191,0.03809523809523809,0.1019047619047619,0.0425811217259203,0.1019047619047619,0.0425811217259203,0.06,0.06,0.06,0.06
AV16N-CAMRDDTNAYKVIF-AJ30_BV1-CTCSRDRGREQYF-BJ2-7,HIYEFPQL,2,5,5,0,100.0,2,40.0,0.6,0.0,2.0,3.0,1.4602869337402695,1.4602869337402695,0.0,0.6960612128146453,0.6960612128146453,0.0,0.9516894740829785,0.9516894740829785,0.0,0.0,0.0,0.019221967963386728,0.011859641665766535,0.019221967963386728,0.011859641665766535,0.0,0.0,0.0,0.0,0.6960612128146453,0.04569022241524126,0.6960612128146453,0.04569022241524126,0.01,0.01,0.01,0.01,0.04869565217391304,0.038751791226360334,0.04869565217391304,0.038751791226360334,0.052863272311212815,0.021549072276345876,0.052863272311212815,0.021549072276345876,0.05530263157894737,0.020451148637898514,0.05530263157894737,0.020451148637898514,0.008,0.007999999999999998,0.008,0.007999999999999998,0.02225,0.01565447220445327,0.02225,0.01565447220445327,0.0125,0.012500000000000002,0.0125,0.012500000000000002,0.021052631578947368,0.021052631578947364,0.021052631578947368,0.021052631578947364,0.018526315789473686,0.011519464438151118,0.018526315789473686,0.011519464438151118,0.035526315789473684,0.024580975910880792,0.035526315789473684,0.024580975910880792
AV12-2-CALRPNYGNEKITF-AJ48_BV4-CASSYGSSYNSPLYF-BJ1-6,ATLVFHNL,0,5,0,5,0.0,2,40.0,0.6,0.0,2.0,3.0,1.7072854654189,,,0.5158745348219032,,,0.256174097827535,,,,,0.22850611376927166,0.1110734865544816,,,0.0,0.0,,,0.04444444444444444,0.04444444444444443,,,0.17607655502392344,0.1543564696935952,,,0.10040404040404041,0.05486587517527727,,,0.1604040404040404,0.08716732786215196,,,0.08688995215311004,0.043634055172716714,,,0.0,0.0,,,0.0,0.0,,,0.010526315789473684,0.010526315789473684,,,0.06222222222222222,0.0406125930722157,,,0.11052631578947367,0.09790039598809618,,,0.02,0.02,,
AV5-1-CSASTDYANKMIF-AJ47_BV3-CASSLSGGNTQYF-BJ2-5,RAYLFNSV,4,5,5,0,100.0,1,20.0,0.4,0.0,2.0,2.0,1.082535627593729,1.082535627593729,0.0,0.7701388407386717,0.7701388407386717,0.0,0.9688644656328261,0.9688644656328261,0.0,0.0,0.0,0.0,0.0,0.0,0.0,0.0,0.0,0.0,0.0,0.00903970712475359,0.0073181434473366,0.00903970712475359,0.0073181434473366,0.005405405405405406,0.005405405405405406,0.005405405405405406,0.005405405405405406,0.7701388407386717,0.028427447247828048,0.7701388407386717,0.028427447247828048,0.025255923340969804,0.015595703551098045,0.025255923340969804,0.015595703551098045,0.030369120935158672,0.021819316865458037,0.030369120935158672,0.021819316865458037,0.0018867924528301887,0.0018867924528301887,0.0018867924528301887,0.0018867924528301887,0.04544858126947679,0.028331208077293737,0.04544858126947679,0.028331208077293737,0.0,0.0,0.0,0.0,0.08098822562353962,0.03982220061034074,0.08098822562353962,0.03982220061034074,0.0014925373134328358,0.0014925373134328358,0.0014925373134328358,0.0014925373134328358,0.029974865795761318,0.02191722889738287,0.029974865795761318,0.02191722889738287
AV6D-7-CALGDASGSWQLIF-AJ22_BV13-1-CASSDGANYAEQFF-BJ2-1,VIVRFLTV,11,5,5,0,100.0,0,0.0,0.0,0.0,0.0,0.0,0.9118589986083012,0.9118589986083012,0.0,0.8276662044585308,0.8276662044585308,0.0,0.9840921440308052,0.9840921440308052,0.0,0.0,0.0,0.0,0.0,0.0,0.0,0.0,0.0,0.0,0.0,0.0013698630136986301,0.00136986301369863,0.0013698630136986301,0.00136986301369863,0.03270300333704116,0.02499095048913507,0.03270300333704116,0.02499095048913507,0.052703003337041164,0.026410557983124642,0.052703003337041164,0.026410557983124642,0.019636277751535192,0.009871160240938035,0.019636277751535192,0.009871160240938035,0.02745775366845963,0.008313303308546594,0.02745775366845963,0.008313303308546594,0.0064516129032258064,0.006451612903225807,0.0064516129032258064,0.006451612903225807,0.0,0.0,0.0,0.0,0.0,0.0,0.0,0.0,0.03064241851676901,0.013664335747254654,0.03064241851676901,0.013664335747254654,0.8276662044585308,0.043373528305895755,0.8276662044585308,0.043373528305895755,0.0013698630136986301,0.00136986301369863,0.0013698630136986301,0.00136986301369863
AV11-CVVGANNYAQGLTF-AJ26_BV13-2-CASGDVGGNSPLYF-BJ1-6,SNYLFTKL,6,5,5,0,100.0,1,20.0,0.2,0.0,1.0,1.0,0.4919417990340108,0.4919417990340108,0.0,0.920763248680417,0.920763248680417,0.0,0.9968652912127014,0.9968652912127014,0.0,0.0,0.0,0.00975609756097561,0.00975609756097561,0.00975609756097561,0.00975609756097561,0.0,0.0,0.0,0.0,0.0,0.0,0.0,0.0,0.0,0.0,0.0,0.0,0.013211382113821137,0.008539004690081302,0.013211382113821137,0.008539004690081302,0.019746752598674977,0.006779401514681511,0.019746752598674977,0.006779401514681511,0.920763248680417,0.020790553866256826,0.920763248680417,0.020790553866256826,0.0,0.0,0.0,0.0,0.004168506579528394,0.002923160167914604,0.004168506579528394,0.002923160167914604,0.009523809523809523,0.009523809523809523,0.009523809523809523,0.009523809523809523,0.009523809523809523,0.009523809523809523,0.009523809523809523,0.009523809523809523,0.013306393418963775,0.009511441737091812,0.013306393418963775,0.009511441737091812,0.0,0.0,0.0,0.0
AV16/DV11-CAMREGTNAYKVIF-AJ30_BV13-2-CASGDAWGQAGNTLYF-BJ1-3,SNYLFTKL,6,5,5,0,100.0,2,40.0,0.6,0.0,2.0,3.0,0.29524809637531446,0.29524809637531446,0.0,0.9559964285714285,0.9559964285714285,0.0,0.9986172963262654,0.9986172963262654,0.0,0.0,0.0,0.0015625,0.0015625,0.0015625,0.0015625,0.0,0.0,0.0,0.0,0.0017857142857142857,0.0017857142857142857,0.0017857142857142857,0.0017857142857142857,0.0015625,0.0015625,0.0015625,0.0015625,0.0031625,0.0019368547312589033,0.0031625,0.0019368547312589033,0.019591071428571426,0.009726790959635608,0.019591071428571426,0.009726790959635608,0.9559964285714285,0.016156536950240597,0.9559964285714285,0.016156536950240597,0.0,0.0,0.0,0.0,0.0,0.0,0.0,0.0,0.0,0.0,0.0,0.0,0.0015625,0.0015625,0.0015625,0.0015625,0.013214285714285715,0.011117416011623842,0.013214285714285715,0.011117416011623842,0.0015625,0.0015625,0.0015625,0.0015625
AV6-6-CALGEAGGSNAKLTF-AJ42_BV14-CASSPGLSYNSPLYF-BJ1-6,ATLVFHNL,0,5,5,0,100.0,1,20.0,0.2,0.0,1.0,1.0,2.417361510955381,2.417361510955381,0.0,0.34832010772066524,0.34832010772066524,0.0,0.524520147595366,0.524520147595366,0.0,0.0,0.0,0.26731778006757173,0.09823278692484297,0.26731778006757173,0.09823278692484297,0.0,0.0,0.0,0.0,0.035219019703631324,0.01776087148352582,0.035219019703631324,0.01776087148352582,0.07873775792681507,0.0402245798606748,0.07873775792681507,0.0402245798606748,0.039400749063670415,0.026523201170134205,0.039400749063670415,0.026523201170134205,0.1475918164041386,0.052164003990586856,0.1475918164041386,0.052164003990586856,0.06464860101343908,0.029600974674957498,0.06464860101343908,0.029600974674957498,0.022178798241328773,0.014099192189582761,0.022178798241328773,0.014099192189582761,0.04841135281665182,0.023544333363816894,0.04841135281665182,0.023544333363816894,0.0149812734082397,0.014981273408239699,0.0149812734082397,0.014981273408239699,0.09903125295061846,0.06447767893886276,0.09903125295061846,0.06447767893886276,0.14267421477628667,0.05993416169526543,0.14267421477628667,0.05993416169526543,0.03980738362760834,0.027965328050588385,0.03980738362760834,0.027965328050588385
AV6-6-CALGEGGNYKYVF-AJ40_BV16-CASSLGGYEQYF-BJ2-7,ATLVFHNL,0,5,5,0,100.0,1,20.0,0.2,0.0,1.0,1.0,1.6670212515744887,1.6670212515744887,0.0,0.5364561857341061,0.5364561857341061,0.0,0.7585728051251245,0.7585728051251245,0.0,0.0,0.0,0.5364561857341061,0.08111029558269323,0.5364561857341061,0.08111029558269323,0.0,0.0,0.0,0.0,0.0,0.0,0.0,0.0,0.034756097560975606,0.024458745268453142,0.034756097560975606,0.024458745268453142,0.16150870061332193,0.07916217542897282,0.16150870061332193,0.07916217542897282,0.10015316839771268,0.06787784469978311,0.10015316839771268,0.06787784469978311,0.039600271002710026,0.021220162219603506,0.039600271002710026,0.021220162219603506,0.0,0.0,0.0,0.0,0.043859649122807015,0.0323492787975189,0.043859649122807015,0.0323492787975189,0.013968957871396898,0.009179708001988671,0.013968957871396898,0.009179708001988671,0.0,0.0,0.0,0.0,0.0202020202020202,0.012473827308311584,0.0202020202020202,0.012473827308311584,0.049494949494949494,0.03057120394024556,0.049494949494949494,0.03057120394024556
AV6-7/DV9-CALSDHAGYQNFYF-AJ49_BV13-2-CASGARTGENYAEQFF-BJ2-1,VSFTYRYL,12,5,5,0,100.0,0,0.0,0.0,0.0,0.0,0.0,1.5856057416104503,1.5856057416104503,0.0,0.5167295597484276,0.5167295597484276,0.0,0.5212528315080313,0.5212528315080313,0.0,0.0,0.0,0.0,0.0,0.0,0.0,0.0,0.0,0.0,0.0,0.05333333333333333,0.05333333333333332,0.05333333333333333,0.05333333333333332,0.0,0.0,0.0,0.0,0.1446540880503145,0.05808134387417335,0.1446540880503145,0.05808134387417335,0.04930817610062893,0.03036218483749948,0.04930817610062893,0.03036218483749948,0.07421383647798742,0.06519073469106887,0.07421383647798742,0.06519073469106887,0.0,0.0,0.0,0.0,0.06666666666666667,0.06666666666666667,0.06666666666666667,0.06666666666666667,0.03333333333333333,0.03333333333333333,0.03333333333333333,0.03333333333333333,0.11509433962264151,0.057016663224791986,0.11509433962264151,0.057016663224791986,0.013333333333333332,0.01333333333333333,0.013333333333333332,0.01333333333333333,0.45006289308176106,0.13273846771334089,0.45006289308176106,0.13273846771334089
AV10-CAASPNSNNRIFF-AJ31_BV13-3-CASSDRYEQYF-BJ2-7,SNYLFTKL,6,5,5,0,100.0,1,20.0,0.2,0.0,1.0,1.0,0.7806065507796578,0.7806065507796578,0.0,0.8452380952380952,0.8452380952380952,0.0,0.9847557679825953,0.9847557679825953,0.0,0.0,0.0,0.007142857142857143,0.007142857142857143,0.007142857142857143,0.007142857142857143,0.0,0.0,0.0,0.0,0.0,0.0,0.0,0.0,0.007142857142857143,0.007142857142857143,0.007142857142857143,0.007142857142857143,0.007142857142857143,0.007142857142857143,0.007142857142857143,0.007142857142857143,0.08095238095238096,0.026459655679634365,0.08095238095238096,0.026459655679634365,0.8452380952380952,0.052972846336397594,0.8452380952380952,0.052972846336397594,0.0047619047619047615,0.0047619047619047615,0.0047619047619047615,0.0047619047619047615,0.016666666666666666,0.016666666666666666,0.016666666666666666,0.016666666666666666,0.0047619047619047615,0.0047619047619047615,0.0047619047619047615,0.0047619047619047615,0.026190476190476188,0.01700340102034012,0.026190476190476188,0.01700340102034012,0.0,0.0,0.0,0.0,0.0,0.0,0.0,0.0
AV6-6-CALGENTNTGKLTF-AJ27_BV2-CASSQDRRGDTQYF-BJ2-5,RTYTYEKL,5,5,5,0,100.0,0,0.0,0.0,0.0,0.0,0.0,1.4591400488957267,1.4591400488957267,0.0,0.53,0.53,0.0,0.4372090285180346,0.4372090285180346,0.0,0.0,0.0,0.0,0.0,0.0,0.0,0.0,0.0,0.0,0.0,0.12,0.05612486080160911,0.12,0.05612486080160911,0.06333333333333332,0.04841946348777983,0.06333333333333332,0.04841946348777983,0.15333333333333332,0.09404490653110589,0.15333333333333332,0.09404490653110589,0.43,0.18275666882497063,0.43,0.18275666882497063,0.09,0.055677643628300216,0.09,0.055677643628300216,0.0,0.0,0.0,0.0,0.0,0.0,0.0,0.0,0.013333333333333332,0.01333333333333333,0.013333333333333332,0.01333333333333333,0.04,0.04,0.04,0.04,0.09,0.055677643628300216,0.09,0.055677643628300216,0.0,0.0,0.0,0.0
AV9D-3-CALVSNTNKVVF-AJ34_BV13-1-CASSDVNTEVFF-BJ1-1,SNYLFTKL,6,5,5,0,100.0,0,0.0,0.0,0.0,0.0,0.0,0.7011544070832915,0.7011544070832915,0.0,0.8664877723337993,0.8664877723337993,0.0,0.9908435491042195,0.9908435491042195,0.0,0.0,0.0,0.0038461538461538464,0.003846153846153846,0.0038461538461538464,0.003846153846153846,0.0,0.0,0.0,0.0,0.009523809523809523,0.009523809523809523,0.009523809523809523,0.009523809523809523,0.013846153846153847,0.009775588482414489,0.013846153846153847,0.009775588482414489,0.0008733624454148471,0.000873362445414847,0.0008733624454148471,0.000873362445414847,0.0685907833069405,0.026305645998215676,0.0685907833069405,0.026305645998215676,0.8664877723337993,0.045601768729122805,0.8664877723337993,0.045601768729122805,0.0,0.0,0.0,0.0,0.0,0.0,0.0,0.0,0.0,0.0,0.0,0.0,0.022143896860054066,0.011152206724770413,0.022143896860054066,0.011152206724770413,0.014688067837674137,0.011175209570393547,0.014688067837674137,0.011175209570393547,0.0,0.0,0.0,0.0
AV9D-4-CALSTDYNQGKLIF-AJ23_BV3-CASSLGVEQYF-BJ2-7,VGPRYTNL,10,5,5,0,100.0,0,0.0,0.0,0.0,0.0,0.0,0.7084420292941921,0.7084420292941921,0.0,0.8924740116219692,0.8924740116219692,0.0,0.9969725751362345,0.9969725751362345,0.0,0.0,0.0,0.003790200943901134,0.0026584616893028366,0.003790200943901134,0.0026584616893028366,0.0,0.0,0.0,0.0,0.003721878784016315,0.002734831178207128,0.003721878784016315,0.002734831178207128,0.013407493366723994,0.006890941806553149,0.013407493366723994,0.006890941806553149,0.011945501588357398,0.004480057646266682,0.011945501588357398,0.004480057646266682,0.030698524819869046,0.009159431585575223,0.030698524819869046,0.009159431585575223,0.017252368996245684,0.00847469398772089,0.017252368996245684,0.00847469398772089,0.005633802816901409,0.005633802816901408,0.005633802816901409,0.005633802816901408,0.01307756038493404,0.010956182945928764,0.01307756038493404,0.010956182945928764,0.0018099547511312218,0.0018099547511312218,0.0018099547511312218,0.0018099547511312218,0.8924740116219692,0.037822167119682476,0.8924740116219692,0.037822167119682476,0.004153781047560142,0.0027364126313994866,0.004153781047560142,0.0027364126313994866,0.0020349208783904697,0.001258757211300021,0.0020349208783904697,0.001258757211300021
AV9-1-CAVRDNNAGAKLTF-AJ39_BV1-CTCSAVRIAETLYF-BJ2-3,RAYLFNSV,4,5,5,0,100.0,1,20.0,0.2,0.0,1.0,1.0,1.1941576830286604,1.1941576830286604,0.0,0.6802874193155523,0.6802874193155523,0.0,0.8610484735369501,0.8610484735369501,0.0,0.0,0.0,0.0,0.0,0.0,0.0,0.0,0.0,0.0,0.0,0.0,0.0,0.0,0.0,0.05575447570332481,0.045667752935078125,0.05575447570332481,0.045667752935078125,0.6802874193155523,0.09637693341275123,0.6802874193155523,0.09637693341275123,0.09922786505906711,0.0331566906540252,0.09922786505906711,0.0331566906540252,0.05333333333333333,0.05333333333333332,0.05333333333333333,0.05333333333333332,0.011764705882352941,0.01176470588235294,0.011764705882352941,0.01176470588235294,0.025098039215686273,0.015419296667715684,0.025098039215686273,0.015419296667715684,0.008695652173913044,0.008695652173913044,0.008695652173913044,0.008695652173913044,0.008695652173913044,0.008695652173913044,0.008695652173913044,0.008695652173913044,0.05714285714285714,0.05714285714285714,0.05714285714285714,0.05714285714285714,0.0,0.0,0.0,0.0
AV6D-7-CALGHDSGYNKLTF-AJ11_BV3-CASSLGQVSYEQYF-BJ2-7,VGPRYTNL,10,5,5,0,100.0,2,40.0,0.4,0.0,1.0,2.0,1.2410377580092722,1.2410377580092722,0.0,0.6603632478632478,0.6603632478632478,0.0,0.5765264867202201,0.5765264867202201,0.0,0.0,0.0,0.02222222222222222,0.022222222222222216,0.02222222222222222,0.022222222222222216,0.0,0.0,0.0,0.0,0.0,0.0,0.0,0.0,0.11538461538461538,0.09730085108210398,0.11538461538461538,0.09730085108210398,0.037606837606837605,0.023655303424099224,0.037606837606837605,0.023655303424099224,0.06121794871794872,0.030710748374896686,0.06121794871794872,0.030710748374896686,0.11538461538461538,0.09730085108210398,0.11538461538461538,0.09730085108210398,0.015384615384615385,0.015384615384615384,0.015384615384615385,0.015384615384615384,0.03076923076923077,0.030769230769230767,0.03076923076923077,0.030769230769230767,0.0,0.0,0.0,0.0,0.5603632478632479,0.16075971535202555,0.5603632478632479,0.16075971535202555,0.041666666666666664,0.026352313834736497,0.041666666666666664,0.026352313834736497,0.0,0.0,0.0,0.0
AV16N-CAMREDSGYNKLTF-AJ11_BV13-1-CASSDAGAEVFF-BJ1-1,SNYLFTKL,6,5,5,0,100.0,0,0.0,0.0,0.0,0.0,0.0,0.780893273857746,0.780893273857746,0.0,0.8514610360813331,0.8514610360813331,0.0,0.9851486694059094,0.9851486694059094,0.0,0.0,0.0,0.0,0.0,0.0,0.0,0.0,0.0,0.0,0.0,0.0,0.0,0.0,0.0,0.0030303030303030303,0.0030303030303030303,0.0030303030303030303,0.0030303030303030303,0.023873130754084402,0.010843531005549467,0.023873130754084402,0.010843531005549467,0.04980951321220599,0.024730967291839007,0.04980951321220599,0.024730967291839007,0.8514610360813331,0.036899482420239944,0.8514610360813331,0.036899482420239944,0.0,0.0,0.0,0.0,0.019802677942212826,0.014695769627496687,0.019802677942212826,0.014695769627496687,0.004347826086956522,0.004347826086956522,0.004347826086956522,0.004347826086956522,0.043327686805947674,0.026296723996843217,0.043327686805947674,0.026296723996843217,0.004347826086956522,0.004347826086956522,0.004347826086956522,0.004347826086956522,0.0,0.0,0.0,0.0
AV3-4-CAVSAGNNKLTF-AJ56_BV13-2-CASGDAQGQNTLYF-BJ2-4,VAFDFTKV,9,5,5,0,100.0,0,0.0,0.0,0.0,0.0,0.0,1.6335411911375375,1.6335411911375375,0.0,0.5141450068399454,0.5141450068399454,0.0,0.7822886776098216,0.7822886776098216,0.0,0.0,0.0,0.0,0.0,0.0,0.0,0.0,0.0,0.0,0.0,0.0,0.0,0.0,0.0,0.21296853625171003,0.0972189158909468,0.21296853625171003,0.0972189158909468,0.07670998632010943,0.03266940388272324,0.07670998632010943,0.03266940388272324,0.1187688098495212,0.05369252310182957,0.1187688098495212,0.05369252310182957,0.04852941176470589,0.023205490938322793,0.04852941176470589,0.023205490938322793,0.01,0.01,0.01,0.01,0.0,0.0,0.0,0.0,0.5048426812585499,0.06736256274393244,0.5048426812585499,0.06736256274393244,0.02818057455540356,0.022815498483599872,0.02818057455540356,0.022815498483599872,0.0,0.0,0.0,0.0,0.0,0.0,0.0,0.0
AV15-1/DV6-1-CALWELNNNAGAKLTF-AJ39_BV3-CASSLGGGYEQYF-BJ2-7,VGPRYTNL,10,5,5,0,100.0,2,40.0,0.4,0.0,1.0,2.0,1.0926589716963369,1.0926589716963369,0.0,0.7901942501942502,0.7901942501942502,0.0,0.9700530923826556,0.9700530923826556,0.0,0.0,0.0,0.028041958041958037,0.017907560355434102,0.028041958041958037,0.017907560355434102,0.0,0.0,0.0,0.0,0.006060606060606061,0.00606060606060606,0.006060606060606061,0.00606060606060606,0.025780885780885783,0.017202670860743504,0.025780885780885783,0.017202670860743504,0.03270729270729271,0.01930508480063803,0.03270729270729271,0.01930508480063803,0.051418581418581424,0.03368067597581934,0.051418581418581424,0.03368067597581934,0.01866133866133866,0.00916871291146739,0.01866133866133866,0.00916871291146739,0.006060606060606061,0.00606060606060606,0.006060606060606061,0.00606060606060606,0.015198135198135199,0.011736405764146994,0.015198135198135199,0.011736405764146994,0.0,0.0,0.0,0.0,0.7901942501942502,0.0702948313514108,0.7901942501942502,0.0702948313514108,0.014428904428904429,0.011758537880552491,0.014428904428904429,0.011758537880552491,0.011447441447441448,0.00862750595957741,0.011447441447441448,0.00862750595957741
AV7D-5-CAVSYYNQGKLIF-AJ23_BV1-CTCSADSNTLYF-BJ2-4,SVYVYKVL,8,5,0,5,0.0,3,60.0,0.8,1.0,2.0,4.0,1.834427356524913,,,0.5613612836438924,,,0.8131306148001298,,,,,0.004166666666666667,0.004166666666666667,,,0.0,0.0,,,0.004166666666666667,0.004166666666666667,,,0.04345238095238095,0.02909368907107128,,,0.042391304347826085,0.022826086956521736,,,0.10465838509316772,0.02636712719271373,,,0.029891304347826088,0.012687627749922556,,,0.004166666666666667,0.004166666666666667,,,0.5363612836438924,0.10014723768143742,,,0.025,0.025000000000000005,,,0.1581262939958592,0.05553301991824407,,,0.047619047619047616,0.023585253281141607,,,0.0,0.0,,
AV7-2-CAASRGDYANKMIF-AJ47_BV13-3-CASSARVEQYF-BJ2-7,VIVRFLTV,11,5,5,0,100.0,0,0.0,0.0,0.0,0.0,0.0,1.6533294510459087,1.6533294510459087,0.0,0.5704761904761905,0.5704761904761905,0.0,0.6048803505088635,0.6048803505088635,0.0,0.0,0.0,0.009523809523809523,0.009523809523809523,0.009523809523809523,0.009523809523809523,0.0,0.0,0.0,0.0,0.009523809523809523,0.009523809523809523,0.009523809523809523,0.009523809523809523,0.0419047619047619,0.02834833536407089,0.0419047619047619,0.02834833536407089,0.12857142857142856,0.09452111067275815,0.12857142857142856,0.09452111067275815,0.0761904761904762,0.03938299643454349,0.0761904761904762,0.03938299643454349,0.06000000000000001,0.04000000000000001,0.06000000000000001,0.04000000000000001,0.02857142857142857,0.02857142857142857,0.02857142857142857,0.02857142857142857,0.013333333333333332,0.01333333333333333,0.013333333333333332,0.01333333333333333,0.0,0.0,0.0,0.0,0.10285714285714284,0.05271753334513542,0.10285714285714284,0.05271753334513542,0.5009523809523809,0.1493933309988728,0.5009523809523809,0.1493933309988728,0.02857142857142857,0.01904761904761905,0.02857142857142857,0.01904761904761905
AV16N-CAMREGDTEGADRLTF-AJ45_BV13-1-CASSVTRVGNTLYF-BJ1-3,RAYLFNSV,4,5,0,5,0.0,3,60.0,1.0,1.0,2.0,5.0,1.0975789157282219,,,0.7362433862433863,,,0.7443943055204192,,,,,0.0,0.0,,,0.0,0.0,,,0.0,0.0,,,0.01,0.01,,,0.6662433862433861,0.10648174767458263,,,0.09555555555555556,0.048888888888888885,,,0.14740740740740738,0.11461392221707097,,,0.0,0.0,,,0.007407407407407407,0.007407407407407407,,,0.01,0.01,,,0.007407407407407407,0.007407407407407407,,,0.03597883597883598,0.02766543166645793,,,0.02,0.02,,
AV14D-1-CAASEGSNTNKVVF-AJ34_BV1-CTCSVLGGEDTQYF-BJ2-5,VIVRFLTV,11,5,5,0,100.0,0,0.0,0.0,0.0,0.0,0.0,0.7103135318863336,0.7103135318863336,0.0,0.8690020110608346,0.8690020110608346,0.0,0.9892831989900301,0.9892831989900301,0.0,0.0,0.0,0.0,0.0,0.0,0.0,0.0,0.0,0.0,0.0,0.02,0.02,0.02,0.02,0.01111111111111111,0.011111111111111108,0.01111111111111111,0.011111111111111108,0.02565359477124183,0.015799056701618054,0.02565359477124183,0.015799056701618054,0.01781045751633987,0.01345536397126809,0.01781045751633987,0.01345536397126809,0.021367521367521368,0.013102315997227257,0.021367521367521368,0.013102315997227257,0.0,0.0,0.0,0.0,0.0,0.0,0.0,0.0,0.00392156862745098,0.00392156862745098,0.00392156862745098,0.00392156862745098,0.015749120160884866,0.00757647527304901,0.015749120160884866,0.00757647527304901,0.8690020110608346,0.0426277651971123,0.8690020110608346,0.0426277651971123,0.015384615384615385,0.015384615384615384,0.015384615384615385,0.015384615384615384
AV16-CAMRESGANTGKLTF-AJ52_BV1-CTCSAVREDTQYF-BJ2-5,RAYLFNSV,4,5,5,0,100.0,1,20.0,0.2,0.0,1.0,1.0,1.7252227388361974,1.7252227388361974,0.0,0.5138888888888888,0.5138888888888888,0.0,0.5959673840046502,0.5959673840046502,0.0,0.0,0.0,0.03333333333333333,0.03333333333333333,0.03333333333333333,0.03333333333333333,0.0,0.0,0.0,0.0,0.02222222222222222,0.022222222222222216,0.02222222222222222,0.022222222222222216,0.05555555555555556,0.03513641844631532,0.05555555555555556,0.03513641844631532,0.41388888888888886,0.10761872571005841,0.41388888888888886,0.10761872571005841,0.06666666666666667,0.04444444444444444,0.06666666666666667,0.04444444444444444,0.05555555555555556,0.03513641844631532,0.05555555555555556,0.03513641844631532,0.0,0.0,0.0,0.0,0.0,0.0,0.0,0.0,0.0,0.0,0.0,0.0,0.22777777777777777,0.08069910581296638,0.22777777777777777,0.08069910581296638,0.09166666666666666,0.06508541396588878,0.09166666666666666,0.06508541396588878,0.03333333333333333,0.03333333333333333,0.03333333333333333,0.03333333333333333
AV16N-CAMREGSSGSWQLIF-AJ22_BV13-2-CASGVQGSAETLYF-BJ2-3,SVYVYKVL,8,5,5,0,100.0,3,60.0,0.8,1.0,2.0,4.0,1.4283632793517338,1.4283632793517338,0.0,0.6831157731157731,0.6831157731157731,0.0,0.9401647844993608,0.9401647844993608,0.0,0.0,0.0,0.005555555555555555,0.005555555555555554,0.005555555555555555,0.005555555555555554,0.0,0.0,0.0,0.0,0.021445221445221447,0.015059790494371185,0.021445221445221447,0.015059790494371185,0.04,0.04,0.04,0.04,0.05955710955710956,0.028767109331575724,0.05955710955710956,0.028767109331575724,0.0843045843045843,0.03549286478837179,0.0843045843045843,0.03549286478837179,0.056293706293706294,0.01760601292429868,0.056293706293706294,0.01760601292429868,0.0,0.0,0.0,0.0,0.6831157731157731,0.062305525698458576,0.6831157731157731,0.062305525698458576,0.0,0.0,0.0,0.0,0.020940170940170942,0.014993850250298148,0.020940170940170942,0.014993850250298148,0.017676767676767676,0.012004913458590618,0.017676767676767676,0.012004913458590618,0.01111111111111111,0.011111111111111108,0.01111111111111111,0.011111111111111108
AV7D-4-CAASDMGYKLTF-AJ9_BV2-CASSQDLGQGYAEQFF-BJ2-1,SNYLFTKL,6,5,5,0,100.0,3,60.0,0.8,1.0,2.0,4.0,1.8258036505935173,1.8258036505935173,0.0,0.4983675464320626,0.4983675464320626,0.0,0.36808911450850845,0.36808911450850845,0.0,0.0,0.0,0.025,0.025000000000000005,0.025,0.025000000000000005,0.0,0.0,0.0,0.0,0.06666666666666667,0.06666666666666667,0.06666666666666667,0.06666666666666667,0.1343548387096774,0.05998181113289501,0.1343548387096774,0.05998181113289501,0.02463343108504399,0.017707365559472762,0.02463343108504399,0.017707365559472762,0.04704301075268817,0.03750457635775011,0.04704301075268817,0.03750457635775011,0.3517008797653959,0.15491342203295794,0.3517008797653959,0.15491342203295794,0.0064516129032258064,0.0064516129032258064,0.0064516129032258064,0.0064516129032258064,0.0064516129032258064,0.0064516129032258064,0.0064516129032258064,0.0064516129032258064,0.04559139784946237,0.03167501761110261,0.04559139784946237,0.03167501761110261,0.075,0.06508541396588878,0.075,0.06508541396588878,0.10811827956989246,0.0900296228275584,0.10811827956989246,0.0900296228275584,0.1089882697947214,0.0325165893559813,0.1089882697947214,0.0325165893559813
AV19-CAAGAGSYQNFYF-AJ49_BV1-CTCSADGQNTLYF-BJ2-4,RAYLFNSV,4,5,0,5,0.0,1,20.0,0.8,0.0,4.0,4.0,0.9721321636645897,,,0.8036746031746033,,,0.9653173352787343,,,,,0.0,0.0,,,0.0,0.0,,,0.0,0.0,,,0.012166666666666668,0.008043285674675769,,,0.8036746031746033,0.06867807009275528,,,0.04972222222222222,0.03797639780341807,,,0.05635714285714285,0.023450737191609387,,,0.006666666666666666,0.006666666666666665,,,0.004166666666666667,0.004166666666666667,,,0.006666666666666666,0.006666666666666665,,,0.019246031746031744,0.009003215321062243,,,0.026666666666666665,0.02666666666666666,,,0.014666666666666666,0.009043106644167022,,
AV19-CAAGAGYQNFYF-AJ49_BV31-CAWRLGNYAEQFF-BJ2-1,RTYTYEKL,5,5,0,5,0.0,2,40.0,0.8,0.0,3.0,4.0,0.534613040868223,,,0.8391666666666666,,,0.879674575777272,,,,,0.0,0.0,,,0.0,0.0,,,0.0,0.0,,,0.0,0.0,,,0.037500000000000006,0.01980810720667452,,,0.8391666666666666,0.08603536094730661,,,0.1,0.10000000000000002,,,0.0,0.0,,,0.008333333333333333,0.008333333333333333,,,0.0,0.0,,,0.008333333333333333,0.008333333333333333,,,0.006666666666666666,0.006666666666666665,,,0.0,0.0,,
AV16N-CAMREADSNYQLIW-AJ33_BV13-2-CASGRVDSPLYF-BJ1-6,RAYLFNSV,4,5,5,0,100.0,1,20.0,0.2,0.0,1.0,1.0,0.20096682676780891,0.20096682676780891,0.0,0.9763982681952228,0.9763982681952228,0.0,0.9998812214747407,0.9998812214747407,0.0,0.0,0.0,0.0007067137809187279,0.0007067137809187279,0.0007067137809187279,0.0007067137809187279,0.0,0.0,0.0,0.0,0.0007067137809187279,0.0007067137809187279,0.0007067137809187279,0.0007067137809187279,0.0007067137809187279,0.0007067137809187279,0.0007067137809187279,0.0007067137809187279,0.9763982681952228,0.007009044845606377,0.9763982681952228,0.007009044845606377,0.00507897964388076,0.0021573211268622046,0.00507897964388076,0.0021573211268622046,0.005926215812193216,0.0017396833400702394,0.005926215812193216,0.0017396833400702394,0.0,0.0,0.0,0.0,0.0007067137809187279,0.0007067137809187279,0.0007067137809187279,0.0007067137809187279,0.0007042253521126761,0.0007042253521126761,0.0007042253521126761,0.0007042253521126761,0.00469211608642762,0.003229625605263409,0.00469211608642762,0.003229625605263409,0.0043733397864879385,0.001232373166462532,0.0043733397864879385,0.001232373166462532,0.0,0.0,0.0,0.0
AV7-2-CAAINTNTGKLTF-AJ27_BV13-2-CASGDAGGGNERLFF-BJ1-4,SNYLFTKL,6,5,5,0,100.0,0,0.0,0.0,0.0,0.0,0.0,1.0930189681480633,1.0930189681480633,0.0,0.7089182144020854,0.7089182144020854,0.0,0.8435883419525764,0.8435883419525764,0.0,0.0,0.0,0.08,0.08,0.08,0.08,0.0,0.0,0.0,0.0,0.01111111111111111,0.011111111111111108,0.01111111111111111,0.011111111111111108,0.0064516129032258064,0.006451612903225807,0.0064516129032258064,0.006451612903225807,0.060703812316715546,0.05011918097818227,0.060703812316715546,0.05011918097818227,0.0,0.0,0.0,0.0,0.7089182144020854,0.08878472712505019,0.7089182144020854,0.08878472712505019,0.0,0.0,0.0,0.0,0.0,0.0,0.0,0.0,0.030000000000000006,0.020000000000000004,0.030000000000000006,0.020000000000000004,0.06636363636363636,0.03430538593475129,0.06636363636363636,0.03430538593475129,0.01,0.01,0.01,0.01,0.026451612903225806,0.019419247668764402,0.026451612903225806,0.019419247668764402
AV16N-CAMRDDTNAYKVIF-AJ30_BV17-CASSPGQGYTGQLYF-BJ2-2,SNYLFTKL,6,5,5,0,100.0,0,0.0,0.0,0.0,0.0,0.0,0.9794647406125396,0.9794647406125396,0.0,0.7406343091936313,0.7406343091936313,0.0,0.5048989004141697,0.5048989004141697,0.0,0.0,0.0,0.003389830508474576,0.003389830508474576,0.003389830508474576,0.003389830508474576,0.0,0.0,0.0,0.0,0.003389830508474576,0.003389830508474576,0.003389830508474576,0.003389830508474576,0.006060606060606061,0.00606060606060606,0.006060606060606061,0.00606060606060606,0.013559322033898305,0.013559322033898305,0.013559322033898305,0.013559322033898305,0.09427966101694915,0.07114670501163925,0.09427966101694915,0.07114670501163925,0.6147868515665126,0.20328838337588173,0.6147868515665126,0.20328838337588173,0.0,0.0,0.0,0.0,0.0,0.0,0.0,0.0,0.0,0.0,0.0,0.0,0.04927966101694915,0.021806125699116788,0.04927966101694915,0.021806125699116788,0.17669491525423728,0.1102419904869855,0.17669491525423728,0.1102419904869855,0.0385593220338983,0.025285641945484223,0.0385593220338983,0.025285641945484223
AV19-CAAGNTGYQNFYF-AJ49_BV17-CASRDRGGETLYF-BJ2-3,SSYTFPKM,7,5,5,0,100.0,2,40.0,0.4,0.0,1.0,2.0,2.155390697709431,2.155390697709431,0.0,0.4256410256410256,0.4256410256410256,0.0,0.554436924193354,0.554436924193354,0.0,0.0,0.0,0.05576923076923077,0.03445475551378638,0.05576923076923077,0.03445475551378638,0.0,0.0,0.0,0.0,0.03076923076923077,0.030769230769230767,0.03076923076923077,0.030769230769230767,0.015384615384615385,0.015384615384615384,0.015384615384615385,0.015384615384615384,0.047435897435897434,0.031114515639773327,0.047435897435897434,0.031114515639773327,0.08076923076923077,0.05174470787336043,0.08076923076923077,0.05174470787336043,0.0794871794871795,0.035897435897435895,0.0794871794871795,0.035897435897435895,0.3769230769230769,0.12188593087244189,0.3769230769230769,0.12188593087244189,0.09743589743589744,0.06143153102928686,0.09743589743589744,0.06143153102928686,0.0782051282051282,0.04215200569941948,0.0782051282051282,0.04215200569941948,0.08910256410256409,0.027875403724562688,0.08910256410256409,0.027875403724562688,0.04871794871794871,0.019923423420410324,0.04871794871794871,0.019923423420410324,0.0,0.0,0.0,0.0
AV19-CAAGSNYQLIW-AJ33_BV1-CTCSADWVSNERLFF-BJ1-4,VSFTYRYL,12,5,5,0,100.0,2,40.0,0.4,0.0,1.0,2.0,1.8522130729796367,1.8522130729796367,0.0,0.49444444444444446,0.49444444444444446,0.0,0.45721973117663806,0.45721973117663806,0.0,0.0,0.0,0.05277777777777778,0.024216105241892626,0.05277777777777778,0.024216105241892626,0.0,0.0,0.0,0.0,0.0,0.0,0.0,0.0,0.025,0.025000000000000005,0.025,0.025000000000000005,0.14166666666666666,0.08498365855987973,0.14166666666666666,0.08498365855987973,0.19722222222222224,0.11027462911821781,0.19722222222222224,0.11027462911821781,0.02222222222222222,0.022222222222222216,0.02222222222222222,0.022222222222222216,0.0,0.0,0.0,0.0,0.04444444444444444,0.032394177193585,0.04444444444444444,0.032394177193585,0.03333333333333333,0.03333333333333333,0.03333333333333333,0.03333333333333333,0.075,0.04639803635691684,0.075,0.04639803635691684,0.06388888888888888,0.03274951700708776,0.06388888888888888,0.03274951700708776,0.34444444444444444,0.1222222222222222,0.34444444444444444,0.1222222222222222
AV14-2-CAASAETGGYKVVF-AJ12_BV13-2-CASGELGGHTGQLYF-BJ2-2,VGPRYTNL,10,5,5,0,100.0,3,60.0,0.8,1.0,2.0,4.0,1.4049509043087787,1.4049509043087787,0.0,0.6732478632478631,0.6732478632478631,0.0,0.9296458374230679,0.9296458374230679,0.0,0.0,0.0,0.011805555555555555,0.007250212853410104,0.011805555555555555,0.007250212853410104,0.0,0.0,0.0,0.0,0.0,0.0,0.0,0.0,0.03333333333333333,0.03333333333333333,0.03333333333333333,0.03333333333333333,0.05125,0.03261997087674972,0.05125,0.03261997087674972,0.11254273504273504,0.030615743721259085,0.11254273504273504,0.030615743721259085,0.010555555555555556,0.006478835438717001,0.010555555555555556,0.006478835438717001,0.025,0.025000000000000005,0.025,0.025000000000000005,0.021634615384615384,0.015088802717764633,0.021634615384615384,0.015088802717764633,0.0,0.0,0.0,0.0,0.6732478632478631,0.07056351454071566,0.6732478632478631,0.07056351454071566,0.06063034188034189,0.02929499063296075,0.06063034188034189,0.02929499063296075,0.0,0.0,0.0,0.0
AV16/DV11-CAMREDSNYQLIW-AJ33_BV3-CASSTGQISNERLFF-BJ1-4,RAYLFNSV,4,5,0,5,0.0,2,40.0,0.6,0.0,2.0,3.0,0.7418018334475128,,,0.8710768601241219,,,0.9937577497933331,,,,,0.00909090909090909,0.00909090909090909,,,0.0,0.0,,,0.0,0.0,,,0.02660242982823628,0.01394606725309393,,,0.8710768601241219,0.02467075739755134,,,0.028614296431250668,0.01394685454129988,,,0.03614052863865317,0.010735539484063708,,,0.0,0.0,,,0.014285714285714285,0.014285714285714285,,,0.0,0.0,,,0.009427356839209802,0.006233983786313082,,,0.0047619047619047615,0.0047619047619047615,,,0.0,0.0,,
AV3-3-CAVSANTGYQNFYF-AJ49_BV5-CASSPGGRYAEQFF-BJ2-1,RAYLFNSV,4,5,5,0,100.0,2,40.0,0.4,0.0,1.0,2.0,1.2177347509243048,1.2177347509243048,0.0,0.6373796791443851,0.6373796791443851,0.0,0.7932219620374544,0.7932219620374544,0.0,0.0,0.0,0.0,0.0,0.0,0.0,0.0,0.0,0.0,0.0,0.0,0.0,0.0,0.0,0.039411764705882354,0.028600578308572277,0.039411764705882354,0.028600578308572277,0.6373796791443851,0.08316601540974587,0.6373796791443851,0.08316601540974587,0.15224598930481284,0.09233869634280573,0.15224598930481284,0.09233869634280573,0.09037433155080214,0.06918058450821915,0.09037433155080214,0.06918058450821915,0.0,0.0,0.0,0.0,0.011764705882352941,0.01176470588235294,0.011764705882352941,0.01176470588235294,0.011764705882352941,0.01176470588235294,0.011764705882352941,0.01176470588235294,0.041176470588235294,0.041176470588235294,0.041176470588235294,0.041176470588235294,0.01,0.01,0.01,0.01,0.0058823529411764705,0.00588235294117647,0.0058823529411764705,0.00588235294117647
AV6N-6-CALRSSGSWQLIF-AJ22_BV31-CAWSLEQGSAETLYF-BJ2-3,SVYVYKVL,8,5,0,5,0.0,3,60.0,1.0,1.0,2.0,5.0,2.2371072060638464,,,0.3302564102564103,,,0.5866454189490494,,,,,0.0,0.0,,,0.0,0.0,,,0.0,0.0,,,0.06666666666666667,0.051639777949432225,,,0.015384615384615385,0.015384615384615384,,,0.2235897435897436,0.05970781365262722,,,0.08205128205128205,0.03875104715346167,,,0.0,0.0,,,0.22615384615384615,0.019399261866028448,,,0.015384615384615385,0.015384615384615384,,,0.14871794871794872,0.052598487815212654,,,0.09538461538461539,0.03365134300825214,,,0.12666666666666665,0.09092121131323905,,
AV8D-2-CATDQQGGRALIF-AJ15_BV19-CASSIGTNERLFF-BJ1-4,VSFTYRYL,12,5,5,0,100.0,3,60.0,0.6,1.0,1.0,3.0,1.975774651330219,1.975774651330219,0.0,0.47252886002886,0.47252886002886,0.0,0.4640108618783514,0.4640108618783514,0.0,0.0,0.0,0.0,0.0,0.0,0.0,0.0,0.0,0.0,0.0,0.01111111111111111,0.011111111111111108,0.01111111111111111,0.011111111111111108,0.0,0.0,0.0,0.0,0.17619047619047618,0.13834132425079954,0.17619047619047618,0.13834132425079954,0.14077561327561328,0.03941362031436845,0.14077561327561328,0.03941362031436845,0.09994227994227993,0.046166183109698306,0.09994227994227993,0.046166183109698306,0.02222222222222222,0.022222222222222216,0.02222222222222222,0.022222222222222216,0.05611111111111111,0.025464814747479646,0.05611111111111111,0.025464814747479646,0.06722222222222222,0.027727732696595068,0.06722222222222222,0.027727732696595068,0.09675324675324676,0.047099189105944385,0.09675324675324676,0.047099189105944385,0.02222222222222222,0.022222222222222216,0.02222222222222222,0.022222222222222216,0.3074494949494949,0.11487505300667059,0.3074494949494949,0.11487505300667059
AV13N-4-CAMEPSSSFSKLVF-AJ50_BV31-CAWSLGGAEQFF-BJ2-1,VIVRFLTV,11,5,5,0,100.0,2,40.0,0.4,0.0,1.0,2.0,0.9045773666321869,0.9045773666321869,0.0,0.7623497786211259,0.7623497786211259,0.0,0.6068836303452468,0.6068836303452468,0.0,0.0,0.0,0.009523809523809523,0.009523809523809523,0.009523809523809523,0.009523809523809523,0.0,0.0,0.0,0.0,0.0,0.0,0.0,0.0,0.0,0.0,0.0,0.0,0.0164656185054667,0.008636339952453494,0.0164656185054667,0.008636339952453494,0.05623249299719888,0.03904832484723554,0.05623249299719888,0.03904832484723554,0.134410861118641,0.09270917468755958,0.134410861118641,0.09270917468755958,0.0,0.0,0.0,0.0,0.11288515406162467,0.09716860336191648,0.11288515406162467,0.09716860336191648,0.0,0.0,0.0,0.0,0.00813228517213337,0.006247114924543625,0.00813228517213337,0.006247114924543625,0.6623497786211259,0.16881919473066698,0.6623497786211259,0.16881919473066698,0.0,0.0,0.0,0.0
AV7-5-CAVRQQGTGSKLSF-AJ58_BV31-CAWSLDRNSPLYF-BJ1-6,RAYLFNSV,4,5,5,0,100.0,4,80.0,1.0,1.0,2.0,5.0,1.8919756634959057,1.8919756634959057,0.0,0.4133333333333333,0.4133333333333333,0.0,0.3676957738143404,0.3676957738143404,0.0,0.0,0.0,0.08,0.048989794855663564,0.08,0.048989794855663564,0.0,0.0,0.0,0.0,0.2276190476190476,0.08480202367841612,0.2276190476190476,0.08480202367841612,0.08,0.058309518948452994,0.08,0.058309518948452994,0.23333333333333334,0.11005049346146119,0.23333333333333334,0.11005049346146119,0.04666666666666667,0.029059326290271158,0.04666666666666667,0.029059326290271158,0.07428571428571429,0.05809914116475073,0.07428571428571429,0.05809914116475073,0.013333333333333332,0.01333333333333333,0.013333333333333332,0.01333333333333333,0.026666666666666665,0.02666666666666666,0.026666666666666665,0.02666666666666666,0.0,0.0,0.0,0.0,0.14857142857142855,0.09220651178917098,0.14857142857142855,0.09220651178917098,0.04285714285714286,0.04285714285714286,0.04285714285714286,0.04285714285714286,0.026666666666666665,0.02666666666666666,0.026666666666666665,0.02666666666666666
AV16N-CAMRDDTNAYKVIF-AJ30_BV13-2-CASGDQGASGNTLYF-BJ1-3,RTYTYEKL,5,5,5,0,100.0,1,20.0,0.2,0.0,1.0,1.0,0.3697090341135302,0.3697090341135302,0.0,0.9459460792372184,0.9459460792372184,0.0,0.6141980906273208,0.6141980906273208,0.0,0.0,0.0,0.0,0.0,0.0,0.0,0.0,0.0,0.0,0.0,0.0,0.0,0.0,0.0,0.006460627979615321,0.005029955958594696,0.006460627979615321,0.005029955958594696,0.007515822784810127,0.006058804429919555,0.007515822784810127,0.006058804429919555,0.7771960792372185,0.1870089523513308,0.7771960792372185,0.1870089523513308,0.1757142857142857,0.17482279658008457,0.1757142857142857,0.17482279658008457,0.0012658227848101266,0.0012658227848101266,0.0012658227848101266,0.0012658227848101266,0.0025974025974025974,0.002597402597402597,0.0025974025974025974,0.002597402597402597,0.00625,0.006250000000000001,0.00625,0.006250000000000001,0.012172447805359199,0.008376758473931484,0.012172447805359199,0.008376758473931484,0.008230108499095841,0.005876656598653608,0.008230108499095841,0.005876656598653608,0.0025974025974025974,0.002597402597402597,0.0025974025974025974,0.002597402597402597
AV6D-7-CALNTEGADRLTF-AJ45_BV3-CASSLGTGWYEQYF-BJ2-7,VGPRYTNL,10,5,5,0,100.0,1,20.0,0.2,0.0,1.0,1.0,0.6715190960776445,0.6715190960776445,0.0,0.885247942437163,0.885247942437163,0.0,0.9910611872166376,0.9910611872166376,0.0,0.0,0.0,0.0,0.0,0.0,0.0,0.0,0.0,0.0,0.0,0.006666666666666666,0.006666666666666665,0.006666666666666666,0.006666666666666665,0.008163265306122448,0.008163265306122448,0.008163265306122448,0.008163265306122448,0.0027210884353741495,0.002721088435374149,0.0027210884353741495,0.002721088435374149,0.02841136454581833,0.02381406300781151,0.02841136454581833,0.02381406300781151,0.018775510204081632,0.013081050712078272,0.018775510204081632,0.013081050712078272,0.0074211502782931356,0.005870192937580351,0.0074211502782931356,0.005870192937580351,0.0027210884353741495,0.002721088435374149,0.0027210884353741495,0.002721088435374149,0.004081632653061224,0.004081632653061224,0.004081632653061224,0.004081632653061224,0.885247942437163,0.051014009471309095,0.885247942437163,0.051014009471309095,0.028987569949609937,0.002664104733681402,0.028987569949609937,0.002664104733681402,0.006802721088435375,0.006802721088435375,0.006802721088435375,0.006802721088435375
AV3-3-CAVSSYGSSGNKLIF-AJ32_BV5-CASSPDRSNERLFF-BJ1-4,HIYEFPQL,2,5,0,5,0.0,2,40.0,0.6,0.0,2.0,3.0,1.249714601396543,,,0.6955685301415853,,,0.6010468249558268,,,,,0.0,0.0,,,0.0,0.0,,,0.6030954118620153,0.14249600067329976,,,0.06279569892473118,0.04790150606956135,,,0.018216318785578747,0.011919771365874313,,,0.10586848635235732,0.06894256395652358,,,0.013915243516761544,0.01141853297216431,,,0.0,0.0,,,0.021607551209069237,0.011663375390399635,,,0.1118279569892473,0.1118279569892473,,,0.031221719457013575,0.02285403855054188,,,0.0271505376344086,0.02455082670068159,,,0.004301075268817204,0.004301075268817204,,
AV3-4-CAVNYGNEKITF-AJ48_BV13-2-CASGDVLGGNTLYF-BJ2-4,INFDFPKL,3,5,0,5,0.0,1,20.0,0.8,0.0,4.0,4.0,1.342963807379186,,,0.6836286641368312,,,0.809482541726019,,,,,0.06105263157894737,0.04027605572570314,,,0.0,0.0,,,0.0,0.0,,,0.6836286641368312,0.13757547369160095,,,0.044759390639608425,0.014557590596383287,,,0.04488038277511962,0.020282454108024612,,,0.052849364791288565,0.028064402946520843,,,0.0,0.0,,,0.012159709618874772,0.00755740936974846,,,0.0,0.0,,,0.05578947368421052,0.03916015839523847,,,0.024880382775119617,0.016130151034485715,,,0.02,0.02,,
AV13-4/DV7-CAMEDGSSGNKLIF-AJ32_BV13-2-CASGDARDNQAPLF-BJ1-5,RAYLFNSV,4,5,5,0,100.0,1,20.0,0.2,0.0,1.0,1.0,0.5167265606809265,0.5167265606809265,0.0,0.9193401904374717,0.9193401904374717,0.0,0.9963204274833691,0.9963204274833691,0.0,0.0,0.0,0.0028645058975121417,0.001802637368033976,0.0028645058975121417,0.001802637368033976,0.0,0.0,0.0,0.0,0.00960332558303389,0.008219721319500268,0.00960332558303389,0.008219721319500268,0.021495858156280242,0.01653489412669254,0.021495858156280242,0.01653489412669254,0.9193401904374717,0.020772442395320088,0.9193401904374717,0.020772442395320088,0.016444726273515113,0.01363379261285158,0.016444726273515113,0.01363379261285158,0.014377321975959164,0.005064838171283082,0.014377321975959164,0.005064838171283082,0.0,0.0,0.0,0.0,0.0012048192771084338,0.0012048192771084338,0.0012048192771084338,0.0012048192771084338,0.0012048192771084338,0.0012048192771084338,0.0012048192771084338,0.0012048192771084338,0.007510794004135792,0.0035890472482581616,0.007510794004135792,0.0035890472482581616,0.003614457831325301,0.0036144578313253004,0.003614457831325301,0.0036144578313253004,0.0023391812865497076,0.0023391812865497076,0.0023391812865497076,0.0023391812865497076
AV1-CAVIGTGGYKVVF-AJ12_BV1-CTCSGTGVNTEVFF-BJ1-1,RAYLFNSV,4,5,0,5,0.0,2,40.0,0.8,0.0,3.0,4.0,0.7933063916437618,,,0.8730872659798383,,,0.9945603292579943,,,,,0.00642156862745098,0.004089833702669833,,,0.0,0.0,,,0.013366013071895425,0.005522875816993464,,,0.019194915254237287,0.01715494766079075,,,0.8730872659798383,0.025836558701746493,,,0.028450758834607293,0.008774771417106841,,,0.01686648388168827,0.005636741358334173,,,0.0,0.0,,,0.013083804143126179,0.008208067466441284,,,0.0044444444444444444,0.0044444444444444444,,,0.009194915254237287,0.007264076370444932,,,0.015889830508474576,0.012105970023018348,,,0.0,0.0,,
