clonotype,n_cells,alpha,renyi_entropy_mean
AV1-CAVRDEGGRALIF-AJ15_BV13-2-CASGDGTISGNTLYF-BJ1-3,2,0.0,1.792481250360578
AV1-CAVRDEGGRALIF-AJ15_BV13-2-CASGDGTISGNTLYF-BJ1-3,2,1.0,0.7840762390728852
AV1-CAVRDEGGRALIF-AJ15_BV13-2-CASGDGTISGNTLYF-BJ1-3,2,2.0,0.4493017509735286
AV1-CAVRDEGGRALIF-AJ15_BV13-2-CASGDGTISGNTLYF-BJ1-3,2,5.0,0.2954593351921338
AV1-CAVRDRYGGSGNKLIF-AJ32_BV31-CAWSPGRNTEVFF-BJ1-1,2,0.0,3.39067985676233
AV1-CAVRDRYGGSGNKLIF-AJ32_BV31-CAWSPGRNTEVFF-BJ1-1,2,1.0,2.407899616625312
AV1-CAVRDRYGGSGNKLIF-AJ32_BV31-CAWSPGRNTEVFF-BJ1-1,2,2.0,1.724057183833417
AV1-CAVRDRYGGSGNKLIF-AJ32_BV31-CAWSPGRNTEVFF-BJ1-1,2,5.0,1.1934375733725233
AV1-CAVRDYGGSGNKLIF-AJ32_BV19-CASSIGDSGTEVFF-BJ1-1,2,0.0,2.877443751081734
AV1-CAVRDYGGSGNKLIF-AJ32_BV19-CASSIGDSGTEVFF-BJ1-1,2,1.0,0.3987154048291622
AV1-CAVRDYGGSGNKLIF-AJ32_BV19-CASSIGDSGTEVFF-BJ1-1,2,2.0,0.14171477944282507
AV1-CAVRDYGGSGNKLIF-AJ32_BV19-CASSIGDSGTEVFF-BJ1-1,2,5.0,0.08902374781660924
AV10-CAAALDYANKMIF-AJ47_BV13-3-CASSERAEQFF-BJ2-1,3,0.0,2.9282116151858397
AV10-CAAALDYANKMIF-AJ47_BV13-3-CASSERAEQFF-BJ2-1,3,1.0,1.4769209146428235
AV10-CAAALDYANKMIF-AJ47_BV13-3-CASSERAEQFF-BJ2-1,3,2.0,0.9312335592632389
AV10-CAAALDYANKMIF-AJ47_BV13-3-CASSERAEQFF-BJ2-1,3,5.0,0.6285981928742874
AV10-CAAASSGSWQLIF-AJ22_BV29-CASSLSRGGDTQYF-BJ2-5,2,0.0,3.084962500721156
AV10-CAAASSGSWQLIF-AJ22_BV29-CASSLSRGGDTQYF-BJ2-5,2,1.0,2.6744396363376595
AV10-CAAASSGSWQLIF-AJ22_BV29-CASSLSRGGDTQYF-BJ2-5,2,2.0,2.3882637525166897
AV10-CAAASSGSWQLIF-AJ22_BV29-CASSLSRGGDTQYF-BJ2-5,2,5.0,2.053175742471282
AV10-CAAGQGGRALIF-AJ15_BV31-CAWNWGGSQNTLYF-BJ2-4,5,0.0,2.4902422223664655
AV10-CAAGQGGRALIF-AJ15_BV31-CAWNWGGSQNTLYF-BJ2-4,5,1.0,1.5400284087412248
AV10-CAAGQGGRALIF-AJ15_BV31-CAWNWGGSQNTLYF-BJ2-4,5,2.0,1.0173631613684897
AV10-CAAGQGGRALIF-AJ15_BV31-CAWNWGGSQNTLYF-BJ2-4,5,5.0,0.6865716511597558
AV10-CAASMDNYAQGLTF-AJ26_BV13-3-CASSDGIYEQYF-BJ2-7,2,0.0,1.5
AV10-CAASMDNYAQGLTF-AJ26_BV13-3-CASSDGIYEQYF-BJ2-7,2,1.0,0.4481240672175635
AV10-CAASMDNYAQGLTF-AJ26_BV13-3-CASSDGIYEQYF-BJ2-7,2,2.0,0.2154748422865735
AV10-CAASMDNYAQGLTF-AJ26_BV13-3-CASSDGIYEQYF-BJ2-7,2,5.0,0.13755133903980266
AV10-CAASMNYANKMIF-AJ47_BV1-CTCSGTPNSDYTF-BJ1-2,2,0.0,1.292481250360578
AV10-CAASMNYANKMIF-AJ47_BV1-CTCSGTPNSDYTF-BJ1-2,2,1.0,0.715380623728471
AV10-CAASMNYANKMIF-AJ47_BV1-CTCSGTPNSDYTF-BJ1-2,2,2.0,0.47364283656943074
AV10-CAASMNYANKMIF-AJ47_BV1-CTCSGTPNSDYTF-BJ1-2,2,5.0,0.32244816216425287
AV10-CAASTDYANKMIF-AJ47_BV3-CASSIGQGTEVFF-BJ1-1,2,0.0,2.807354922057604
AV10-CAASTDYANKMIF-AJ47_BV3-CASSIGQGTEVFF-BJ1-1,2,1.0,0.5457702795272702
AV10-CAASTDYANKMIF-AJ47_BV3-CASSIGQGTEVFF-BJ1-1,2,2.0,0.22428926275205674
AV10-CAASTDYANKMIF-AJ47_BV3-CASSIGQGTEVFF-BJ1-1,2,5.0,0.14195837518403703
AV10-CAASTDYAQGLTF-AJ26_BV3-CASSPGVSYEQYF-BJ2-7,9,0.0,2.3357415603175964
AV10-CAASTDYAQGLTF-AJ26_BV3-CASSPGVSYEQYF-BJ2-7,9,1.0,0.48814469291649826
AV10-CAASTDYAQGLTF-AJ26_BV3-CASSPGVSYEQYF-BJ2-7,9,2.0,0.20754192201074215
AV10-CAASTDYAQGLTF-AJ26_BV3-CASSPGVSYEQYF-BJ2-7,9,5.0,0.13177074623824192
AV10-CAASVDYANKMIF-AJ47_BV3-CASSWTVQDTQYF-BJ2-5,3,0.0,2.8629048785274214
AV10-CAASVDYANKMIF-AJ47_BV3-CASSWTVQDTQYF-BJ2-5,3,1.0,0.6970211013619044
AV10-CAASVDYANKMIF-AJ47_BV3-CASSWTVQDTQYF-BJ2-5,3,2.0,0.29765880167918296
AV10-CAASVDYANKMIF-AJ47_BV3-CASSWTVQDTQYF-BJ2-5,3,5.0,0.1888195758106462
AV10-CAATNTGNYKYVF-AJ40_BV13-2-CASGELGGYAEQFF-BJ2-1,2,0.0,1.0
AV10-CAATNTGNYKYVF-AJ40_BV13-2-CASGELGGYAEQFF-BJ2-1,2,1.0,0.6468537766760334
AV10-CAATNTGNYKYVF-AJ40_BV13-2-CASGELGGYAEQFF-BJ2-1,2,2.0,0.5563588024702165
AV10-CAATNTGNYKYVF-AJ40_BV13-2-CASGELGGYAEQFF-BJ2-1,2,5.0,0.49295818705199207
AV10-CAAVMDYANKMIF-AJ47_BV3-CASSSGQQDTQYF-BJ2-5,2,0.0,2.292481250360578
AV10-CAAVMDYANKMIF-AJ47_BV3-CASSSGQQDTQYF-BJ2-5,2,1.0,2.0603753979802004
AV10-CAAVMDYANKMIF-AJ47_BV3-CASSSGQQDTQYF-BJ2-5,2,2.0,1.84799690655495
AV10-CAAVMDYANKMIF-AJ47_BV3-CASSSGQQDTQYF-BJ2-5,2,5.0,1.5056755419847612
AV10D-CAADTGYQNFYF-AJ49_BV13-1-CASSDVGGGDTLYF-BJ2-4,3,0.0,1.968963531869506
AV10D-CAADTGYQNFYF-AJ49_BV13-1-CASSDVGGGDTLYF-BJ2-4,3,1.0,0.9583446924155917
AV10D-CAADTGYQNFYF-AJ49_BV13-1-CASSDVGGGDTLYF-BJ2-4,3,2.0,0.7226973183770968
AV10D-CAADTGYQNFYF-AJ49_BV13-1-CASSDVGGGDTLYF-BJ2-4,3,5.0,0.5991908647322223
AV10D-CAADYANKMIF-AJ47_BV13-1-CASSDAASNERLFF-BJ1-4,2,0.0,2.0
AV10D-CAADYANKMIF-AJ47_BV13-1-CASSDAASNERLFF-BJ1-4,2,1.0,1.2857329555318924
AV10D-CAADYANKMIF-AJ47_BV13-1-CASSDAASNERLFF-BJ1-4,2,2.0,0.9339088959168923
AV10D-CAADYANKMIF-AJ47_BV13-1-CASSDAASNERLFF-BJ1-4,2,5.0,0.6777644555324635
AV10D-CAAIMDYANKMIF-AJ47_BV13-1-CASGGAETLYF-BJ2-3,2,0.0,1.9534452978042591
AV10D-CAAIMDYANKMIF-AJ47_BV13-1-CASGGAETLYF-BJ2-3,2,1.0,1.456788522019537
AV10D-CAAIMDYANKMIF-AJ47_BV13-1-CASGGAETLYF-BJ2-3,2,2.0,1.1271935646524973
AV10D-CAAIMDYANKMIF-AJ47_BV13-1-CASGGAETLYF-BJ2-3,2,5.0,0.8245634387033405
AV10D-CAASDSGYNKLTF-AJ11*p02_BV13-1-CASSGGVQNTLYF-BJ2-4,8,0.0,1.2902410118609202
AV10D-CAASDSGYNKLTF-AJ11*p02_BV13-1-CASSGGVQNTLYF-BJ2-4,8,1.0,0.94184473810303
AV10D-CAASDSGYNKLTF-AJ11*p02_BV13-1-CASSGGVQNTLYF-BJ2-4,8,2.0,0.7544294824273092
AV10D-CAASDSGYNKLTF-AJ11*p02_BV13-1-CASSGGVQNTLYF-BJ2-4,8,5.0,0.6003110734592582
AV10D-CAASIGSNYQLIW-AJ33_BV1-CTCSADPANSDYTF-BJ1-2,2,0.0,1.0
AV10D-CAASIGSNYQLIW-AJ33_BV1-CTCSADPANSDYTF-BJ1-2,2,1.0,0.25746755053474213
AV10D-CAASIGSNYQLIW-AJ33_BV1-CTCSADPANSDYTF-BJ1-2,2,2.0,0.12538664172173006
AV10D-CAASIGSNYQLIW-AJ33_BV1-CTCSADPANSDYTF-BJ1-2,2,5.0,0.08028014040720119
AV10D-CAASLDTGYQNFYF-AJ49_BV4-CASSFQDTQYF-BJ2-5,2,0.0,2.377443751081734
AV10D-CAASLDTGYQNFYF-AJ49_BV4-CASSFQDTQYF-BJ2-5,2,1.0,1.4225669201524467
AV10D-CAASLDTGYQNFYF-AJ49_BV4-CASSFQDTQYF-BJ2-5,2,2.0,1.0730575652206285
AV10D-CAASLDTGYQNFYF-AJ49_BV4-CASSFQDTQYF-BJ2-5,2,5.0,0.7635717910592519
AV10D-CAAVNNYAQGLTF-AJ26_BV13-1-CASSGTGNTEVFF-BJ1-1,13,0.0,1.71670230202958
AV10D-CAAVNNYAQGLTF-AJ26_BV13-1-CASSGTGNTEVFF-BJ1-1,13,1.0,1.1755926089872208
AV10D-CAAVNNYAQGLTF-AJ26_BV13-1-CASSGTGNTEVFF-BJ1-1,13,2.0,0.8693438994176754
AV10D-CAAVNNYAQGLTF-AJ26_BV13-1-CASSGTGNTEVFF-BJ1-1,13,5.0,0.6449764159374716
AV12-2-CALSAMDSNYQLIW-AJ33_BV4-CASHSSGNTLYF-BJ1-3,3,0.0,1.4641058075929199
AV12-2-CALSAMDSNYQLIW-AJ33_BV4-CASHSSGNTLYF-BJ1-3,3,1.0,0.6082513889509847
AV12-2-CALSAMDSNYQLIW-AJ33_BV4-CASHSSGNTLYF-BJ1-3,3,2.0,0.32282706206616907
AV12-2-CALSAMDSNYQLIW-AJ33_BV4-CASHSSGNTLYF-BJ1-3,3,5.0,0.20870657640368043
AV12-2-CALSDLRTGGADRLTF-AJ45_BV13-1-CASSDVGAEQFF-BJ2-1,8,0.0,2.333191279079137
AV12-2-CALSDLRTGGADRLTF-AJ45_BV13-1-CASSDVGAEQFF-BJ2-1,8,1.0,1.00950427765481
AV12-2-CALSDLRTGGADRLTF-AJ45_BV13-1-CASSDVGAEQFF-BJ2-1,8,2.0,0.6091046284328353
AV12-2-CALSDLRTGGADRLTF-AJ45_BV13-1-CASSDVGAEQFF-BJ2-1,8,5.0,0.41087173235905783
AV12-2-CALSDNNNRIFF-AJ31_BV17-CASSRDGGGYAEQFF-BJ2-1,2,0.0,2.89067985676233
AV12-2-CALSDNNNRIFF-AJ31_BV17-CASSRDGGGYAEQFF-BJ2-1,2,1.0,2.717256773238425
AV12-2-CALSDNNNRIFF-AJ31_BV17-CASSRDGGGYAEQFF-BJ2-1,2,2.0,2.5785788526842173
AV12-2-CALSDNNNRIFF-AJ31_BV17-CASSRDGGGYAEQFF-BJ2-1,2,5.0,2.323760589711261
AV12-2-CALSEDSAGNKLTF-AJ17*p02_BV16-CASSLDITGGAQEQYF-BJ2-7,3,0.0,2.3899750004807707
AV12-2-CALSEDSAGNKLTF-AJ17*p02_BV16-CASSLDITGGAQEQYF-BJ2-7,3,1.0,1.5602402179081967
AV12-2-CALSEDSAGNKLTF-AJ17*p02_BV16-CASSLDITGGAQEQYF-BJ2-7,3,2.0,1.1586340587840225
AV12-2-CALSEDSAGNKLTF-AJ17*p02_BV16-CASSLDITGGAQEQYF-BJ2-7,3,5.0,0.857095342938977
AV12-2-CALSGGNYKPTF-AJ6_BV1-CTCSADFGTGDTLYF-BJ2-4,2,0.0,1.584962500721156
AV12-2-CALSGGNYKPTF-AJ6_BV1-CTCSADFGTGDTLYF-BJ2-4,2,1.0,1.2485436803718566
AV12-2-CALSGGNYKPTF-AJ6_BV1-CTCSADFGTGDTLYF-BJ2-4,2,2.0,1.062687839243087
AV12-2-CALSGGNYKPTF-AJ6_BV1-CTCSADFGTGDTLYF-BJ2-4,2,5.0,0.8907817538040887
AV12-2-CALTGGNNKLTF-AJ56_BV1-CTCSAGTGVGAETLYF-BJ2-3,9,0.0,1.8616541669070523
AV12-2-CALTGGNNKLTF-AJ56_BV1-CTCSAGTGVGAETLYF-BJ2-3,9,1.0,1.1722942926477995
AV12-2-CALTGGNNKLTF-AJ56_BV1-CTCSAGTGVGAETLYF-BJ2-3,9,2.0,0.8426667997845296
AV12-2-CALTGGNNKLTF-AJ56_BV1-CTCSAGTGVGAETLYF-BJ2-3,9,5.0,0.6004428233872554
AV12-3-CALSDNSGGSNYKLTF-AJ53_BV13-2-CASGDWYNSPLYF-BJ1-6,3,0.0,2.3481313731194846
AV12-3-CALSDNSGGSNYKLTF-AJ53_BV13-2-CASGDWYNSPLYF-BJ1-6,3,1.0,2.083278881278123
AV12-3-CALSDNSGGSNYKLTF-AJ53_BV13-2-CASGDWYNSPLYF-BJ1-6,3,2.0,1.8788403720791027
AV12-3-CALSDNSGGSNYKLTF-AJ53_BV13-2-CASGDWYNSPLYF-BJ1-6,3,5.0,1.553600716032508
AV12-3-CALSDTNAYKVIF-AJ30_BV3-CASSPDRDTEVFF-BJ1-1,13,0.0,1.9403092709225431
AV12-3-CALSDTNAYKVIF-AJ30_BV3-CASSPDRDTEVFF-BJ1-1,13,1.0,1.6053830676256582
AV12-3-CALSDTNAYKVIF-AJ30_BV3-CASSPDRDTEVFF-BJ1-1,13,2.0,1.3998150378313383
AV12-3-CALSDTNAYKVIF-AJ30_BV3-CASSPDRDTEVFF-BJ1-1,13,5.0,1.1650610965411037
AV12D-2-CALSAYQGGRALIF-AJ15_BV19-CASTPGPQNTLYF-BJ2-4,2,0.0,2.903677461028802
AV12D-2-CALSAYQGGRALIF-AJ15_BV19-CASTPGPQNTLYF-BJ2-4,2,1.0,1.9005932588843744
AV12D-2-CALSAYQGGRALIF-AJ15_BV19-CASTPGPQNTLYF-BJ2-4,2,2.0,1.5180089113977526
AV12D-2-CALSAYQGGRALIF-AJ15_BV19-CASTPGPQNTLYF-BJ2-4,2,5.0,1.31160061925588
AV12D-2-CALSDRGSFNKLTF-AJ4_BV13-3-CASSGTGGEGEQFF-BJ2-1,2,0.0,0.792481250360578
AV12D-2-CALSDRGSFNKLTF-AJ4_BV13-3-CASSGTGGEGEQFF-BJ2-1,2,1.0,0.4341963645051813
AV12D-2-CALSDRGSFNKLTF-AJ4_BV13-3-CASSGTGGEGEQFF-BJ2-1,2,2.0,0.27852825207563586
AV12D-2-CALSDRGSFNKLTF-AJ4_BV13-3-CASSGTGGEGEQFF-BJ2-1,2,5.0,0.1872091487856054
AV12D-3-CALSHSGYNKLTF-AJ11*p02_BV13-1-CASSGGALEQYF-BJ2-7,2,0.0,1.9534452978042591
AV12D-3-CALSHSGYNKLTF-AJ11*p02_BV13-1-CASSGGALEQYF-BJ2-7,2,1.0,0.798093188225568
AV12D-3-CALSHSGYNKLTF-AJ11*p02_BV13-1-CASSGGALEQYF-BJ2-7,2,2.0,0.4680404381303051
AV12D-3-CALSHSGYNKLTF-AJ11*p02_BV13-1-CASSGGALEQYF-BJ2-7,2,5.0,0.30740370592519656
AV13-1-CAATSSGQKLVF-AJ16*p02_BV13-3-CASSDGDTLYEQYF-BJ2-7,2,0.0,1.9534452978042591
AV13-1-CAATSSGQKLVF-AJ16*p02_BV13-3-CASSDGDTLYEQYF-BJ2-7,2,1.0,1.4090187553490259
AV13-1-CAATSSGQKLVF-AJ16*p02_BV13-3-CASSDGDTLYEQYF-BJ2-7,2,2.0,1.0794566822560239
AV13-1-CAATSSGQKLVF-AJ16*p02_BV13-3-CASSDGDTLYEQYF-BJ2-7,2,5.0,0.8129142175560375
AV13-1-CAMDNYAQGLTF-AJ26_BV13-2-CASGDPYEQYF-BJ2-7,2,0.0,3.292481250360578
AV13-1-CAMDNYAQGLTF-AJ26_BV13-2-CASGDPYEQYF-BJ2-7,2,1.0,2.14472961667536
AV13-1-CAMDNYAQGLTF-AJ26_BV13-2-CASGDPYEQYF-BJ2-7,2,2.0,1.4287797782455551
AV13-1-CAMDNYAQGLTF-AJ26_BV13-2-CASGDPYEQYF-BJ2-7,2,5.0,0.9707725674346583
AV13-1-CAMEDGTGYQNFYF-AJ49_BV5-CASSQQGNERLFF-BJ1-4,4,0.0,1.8304820237218404
AV13-1-CAMEDGTGYQNFYF-AJ49_BV5-CASSQQGNERLFF-BJ1-4,4,1.0,0.8728916693802216
AV13-1-CAMEDGTGYQNFYF-AJ49_BV5-CASSQQGNERLFF-BJ1-4,4,2.0,0.5500722279349256
AV13-1-CAMEDGTGYQNFYF-AJ49_BV5-CASSQQGNERLFF-BJ1-4,4,5.0,0.3731651752107307
AV13-1-CAMESGFASALTF-AJ35_BV13-1-CASSPLRAGNTLYF-BJ1-3,14,0.0,1.319223787130685
AV13-1-CAMESGFASALTF-AJ35_BV13-1-CASSPLRAGNTLYF-BJ1-3,14,1.0,0.5757136206378313
AV13-1-CAMESGFASALTF-AJ35_BV13-1-CASSPLRAGNTLYF-BJ1-3,14,2.0,0.3716683512549495
AV13-1-CAMESGFASALTF-AJ35_BV13-1-CASSPLRAGNTLYF-BJ1-3,14,5.0,0.26003435644661055
AV13-1-CAMESGGSNYKLTF-AJ53_BV1-CTCSALNYAEQFF-BJ2-1,7,0.0,1.7252593710072615
AV13-1-CAMESGGSNYKLTF-AJ53_BV1-CTCSALNYAEQFF-BJ2-1,7,1.0,0.9609768693087316
AV13-1-CAMESGGSNYKLTF-AJ53_BV1-CTCSALNYAEQFF-BJ2-1,7,2.0,0.6942351034704558
AV13-1-CAMESGGSNYKLTF-AJ53_BV1-CTCSALNYAEQFF-BJ2-1,7,5.0,0.5496545230642057
AV13-2-CAIDGNTRKLIF-AJ37*p02_BV20-CGAFGTEVFF-BJ1-1,2,0.0,2.745926548164837
AV13-2-CAIDGNTRKLIF-AJ37*p02_BV20-CGAFGTEVFF-BJ1-1,2,1.0,2.212209068676565
AV13-2-CAIDGNTRKLIF-AJ37*p02_BV20-CGAFGTEVFF-BJ1-1,2,2.0,1.8161802754684475
AV13-2-CAIDGNTRKLIF-AJ37*p02_BV20-CGAFGTEVFF-BJ1-1,2,5.0,1.3619390026901095
AV13-4/DV7-CAMDNAGAKLTF-AJ39_BV16-CASSLGNEQYF-BJ2-7,3,0.0,1.7974391409262533
AV13-4/DV7-CAMDNAGAKLTF-AJ39_BV16-CASSLGNEQYF-BJ2-7,3,1.0,1.363195027797601
AV13-4/DV7-CAMDNAGAKLTF-AJ39_BV16-CASSLGNEQYF-BJ2-7,3,2.0,1.0559817192415601
AV13-4/DV7-CAMDNAGAKLTF-AJ39_BV16-CASSLGNEQYF-BJ2-7,3,5.0,0.7621897410702551
AV13-4/DV7-CAMDSNTGYQNFYF-AJ49_BV20-CGARLGESNTLYF-BJ2-4,3,0.0,2.7381063736002553
AV13-4/DV7-CAMDSNTGYQNFYF-AJ49_BV20-CGARLGESNTLYF-BJ2-4,3,1.0,2.195592286926491
AV13-4/DV7-CAMDSNTGYQNFYF-AJ49_BV20-CGARLGESNTLYF-BJ2-4,3,2.0,1.8079598859455623
AV13-4/DV7-CAMDSNTGYQNFYF-AJ49_BV20-CGARLGESNTLYF-BJ2-4,3,5.0,1.4322248178649044
AV13-4/DV7-CAMEHSSGSWQLIF-AJ22_BV4-CASSYGVQYF-BJ2-7,9,0.0,2.360748955388127
AV13-4/DV7-CAMEHSSGSWQLIF-AJ22_BV4-CASSYGVQYF-BJ2-7,9,1.0,0.5132040674123638
AV13-4/DV7-CAMEHSSGSWQLIF-AJ22_BV4-CASSYGVQYF-BJ2-7,9,2.0,0.2185868585650157
AV13-4/DV7-CAMEHSSGSWQLIF-AJ22_BV4-CASSYGVQYF-BJ2-7,9,5.0,0.13858780999380294
AV13-4/DV7-CAMESTGSKLSF-AJ58_BV13-1-CASLGAQQYF-BJ2-7,5,0.0,1.7509775004326937
AV13-4/DV7-CAMESTGSKLSF-AJ58_BV13-1-CASLGAQQYF-BJ2-7,5,1.0,0.8279250258003653
AV13-4/DV7-CAMESTGSKLSF-AJ58_BV13-1-CASLGAQQYF-BJ2-7,5,2.0,0.5550139452866395
AV13-4/DV7-CAMESTGSKLSF-AJ58_BV13-1-CASLGAQQYF-BJ2-7,5,5.0,0.42112553554461185
AV13D-1-CAIMPNYNVLYF-AJ21*p03_BV29-CASSLGGNTLYF-BJ2-4,2,0.0,2.19615871138938
AV13D-1-CAIMPNYNVLYF-AJ21*p03_BV29-CASSLGGNTLYF-BJ2-4,2,1.0,1.8344194449252151
AV13D-1-CAIMPNYNVLYF-AJ21*p03_BV29-CASSLGGNTLYF-BJ2-4,2,2.0,1.5438551190770622
AV13D-1-CAIMPNYNVLYF-AJ21*p03_BV29-CASSLGGNTLYF-BJ2-4,2,5.0,1.2261859406767053
AV13D-1-CAMELDYSNNRLTL-AJ7_BV12-2-CASSLSEYAEQFF-BJ2-1,3,0.0,3.049068308314076
AV13D-1-CAMELDYSNNRLTL-AJ7_BV12-2-CASSLSEYAEQFF-BJ2-1,3,1.0,2.8239207397959643
AV13D-1-CAMELDYSNNRLTL-AJ7_BV12-2-CASSLSEYAEQFF-BJ2-1,3,2.0,2.6282043869501943
AV13D-1-CAMELDYSNNRLTL-AJ7_BV12-2-CASSLSEYAEQFF-BJ2-1,3,5.0,2.3237181077213385
AV13D-1-CAMENAGAKLTF-AJ39_BV13-2-CASGGVYEQYF-BJ2-7,2,0.0,2.084962500721156
AV13D-1-CAMENAGAKLTF-AJ39_BV13-2-CASGGVYEQYF-BJ2-7,2,1.0,1.490579110945062
AV13D-1-CAMENAGAKLTF-AJ39_BV13-2-CASGGVYEQYF-BJ2-7,2,2.0,1.0954713913556977
AV13D-1-CAMENAGAKLTF-AJ39_BV13-2-CASGGVYEQYF-BJ2-7,2,5.0,0.7727044297229722
AV13D-1-CAMEPPSGSWQLIF-AJ22_BV4-CASSYERLFF-BJ1-4,3,0.0,2.238081839222041
AV13D-1-CAMEPPSGSWQLIF-AJ22_BV4-CASSYERLFF-BJ1-4,3,1.0,0.8191812451532735
AV13D-1-CAMEPPSGSWQLIF-AJ22_BV4-CASSYERLFF-BJ1-4,3,2.0,0.4367420021249602
AV13D-1-CAMEPPSGSWQLIF-AJ22_BV4-CASSYERLFF-BJ1-4,3,5.0,0.2861870538713373
AV13D-1-CAMERDYAQGLTF-AJ26_BV19-CASSLTGTSEVFF-BJ1-1,2,0.0,0.792481250360578
AV13D-1-CAMERDYAQGLTF-AJ26_BV19-CASSLTGTSEVFF-BJ1-1,2,1.0,0.5744174271404583
AV13D-1-CAMERDYAQGLTF-AJ26_BV19-CASSLTGTSEVFF-BJ1-1,2,2.0,0.4299111709758698
AV13D-1-CAMERDYAQGLTF-AJ26_BV19-CASSLTGTSEVFF-BJ1-1,2,5.0,0.3032763882953725
AV13D-1-CAMERNAGAKLTF-AJ39_BV13-1-CASSGVYEQYF-BJ2-7,2,0.0,1.5
AV13D-1-CAMERNAGAKLTF-AJ39_BV13-1-CASSGVYEQYF-BJ2-7,2,1.0,1.062486142074424
AV13D-1-CAMERNAGAKLTF-AJ39_BV13-1-CASSGVYEQYF-BJ2-7,2,2.0,0.8672914714276062
AV13D-1-CAMERNAGAKLTF-AJ39_BV13-1-CASSGVYEQYF-BJ2-7,2,5.0,0.6973263487798739
AV13D-1-CAMNQGGSAKLIF-AJ57_BV1-CTCSALNYAEQFF-BJ2-1,5,0.0,2.1101493570766485
AV13D-1-CAMNQGGSAKLIF-AJ57_BV1-CTCSALNYAEQFF-BJ2-1,5,1.0,1.253261419645044
AV13D-1-CAMNQGGSAKLIF-AJ57_BV1-CTCSALNYAEQFF-BJ2-1,5,2.0,0.9106319185800962
AV13D-1-CAMNQGGSAKLIF-AJ57_BV1-CTCSALNYAEQFF-BJ2-1,5,5.0,0.7277503297406571
AV13D-1-CAMPTSSGQKLVF-AJ16*p02_BV29-CASGQGPYTEVFF-BJ1-1,2,0.0,3.4594316186372973
AV13D-1-CAMPTSSGQKLVF-AJ16*p02_BV29-CASGQGPYTEVFF-BJ1-1,2,1.0,2.9123879010613525
AV13D-1-CAMPTSSGQKLVF-AJ16*p02_BV29-CASGQGPYTEVFF-BJ1-1,2,2.0,2.4173722065773484
AV13D-1-CAMPTSSGQKLVF-AJ16*p02_BV29-CASGQGPYTEVFF-BJ1-1,2,5.0,1.87397613025274
AV13D-2-CAIDANTGKLTF-AJ27_BV31-CAWSLWGNYAEQFF-BJ2-1,2,0.0,2.19615871138938
AV13D-2-CAIDANTGKLTF-AJ27_BV31-CAWSLWGNYAEQFF-BJ2-1,2,1.0,1.2389339886205573
AV13D-2-CAIDANTGKLTF-AJ27_BV31-CAWSLWGNYAEQFF-BJ2-1,2,2.0,0.8186996903647701
AV13D-2-CAIDANTGKLTF-AJ27_BV31-CAWSLWGNYAEQFF-BJ2-1,2,5.0,0.5754842587568105
AV13D-2-CAIDPNTGKLTF-AJ27_BV14-CASSSGNTLYF-BJ1-3,3,0.0,1.861654166907052
AV13D-2-CAIDPNTGKLTF-AJ27_BV14-CASSSGNTLYF-BJ1-3,3,1.0,1.0063200767516896
AV13D-2-CAIDPNTGKLTF-AJ27_BV14-CASSSGNTLYF-BJ1-3,3,2.0,0.7645542459267544
AV13D-2-CAIDPNTGKLTF-AJ27_BV14-CASSSGNTLYF-BJ1-3,3,5.0,0.5785455301565464
AV13D-2-CAIDTNTGKLTF-AJ27_BV19-CATDNSGNTLYF-BJ1-3,2,0.0,1.5
AV13D-2-CAIDTNTGKLTF-AJ27_BV19-CATDNSGNTLYF-BJ1-3,2,1.0,0.7295117508680826
AV13D-2-CAIDTNTGKLTF-AJ27_BV19-CATDNSGNTLYF-BJ1-3,2,2.0,0.5983099340538662
AV13D-2-CAIDTNTGKLTF-AJ27_BV19-CATDNSGNTLYF-BJ1-3,2,5.0,0.5622097918297123
AV13D-2-CAIEDKGYQNFYF-AJ49_BV16-CASSSDWGAEQYF-BJ2-7,2,0.0,2.084962500721156
AV13D-2-CAIEDKGYQNFYF-AJ49_BV16-CASSSDWGAEQYF-BJ2-7,2,1.0,1.4355329800804735
AV13D-2-CAIEDKGYQNFYF-AJ49_BV16-CASSSDWGAEQYF-BJ2-7,2,2.0,1.0406655390866617
AV13D-2-CAIEDKGYQNFYF-AJ49_BV16-CASSSDWGAEQYF-BJ2-7,2,5.0,0.7306914783899201
AV13D-4-CAMERDTNAYKVIF-AJ30_BV29-CASSLGTEYEQYF-BJ2-7,2,0.0,1.792481250360578
AV13D-4-CAMERDTNAYKVIF-AJ30_BV29-CASSLGTEYEQYF-BJ2-7,2,1.0,1.4191585606500494
AV13D-4-CAMERDTNAYKVIF-AJ30_BV29-CASSLGTEYEQYF-BJ2-7,2,2.0,1.184911392495837
AV13D-4-CAMERDTNAYKVIF-AJ30_BV29-CASSLGTEYEQYF-BJ2-7,2,5.0,0.9594348291106453
AV14-1-CAASEAGGNNKLTF-AJ56_BV13-3-CASSDRYEQYF-BJ2-7,2,0.0,1.792481250360578
AV14-1-CAASEAGGNNKLTF-AJ56_BV13-3-CASSDRYEQYF-BJ2-7,2,1.0,1.0055790868649734
AV14-1-CAASEAGGNNKLTF-AJ56_BV13-3-CASSDRYEQYF-BJ2-7,2,2.0,0.6299878020723022
AV14-1-CAASEAGGNNKLTF-AJ56_BV13-3-CASSDRYEQYF-BJ2-7,2,5.0,0.4186427581693891
AV14-1-CAASGSWQLIF-AJ22_BV13-3-CASSEGQGYAEQFF-BJ2-1,2,0.0,1.792481250360578
AV14-1-CAASGSWQLIF-AJ22_BV13-3-CASSEGQGYAEQFF-BJ2-1,2,1.0,1.3060041408531975
AV14-1-CAASGSWQLIF-AJ22_BV13-3-CASSEGQGYAEQFF-BJ2-1,2,2.0,1.035194663945699
AV14-1-CAASGSWQLIF-AJ22_BV13-3-CASSEGQGYAEQFF-BJ2-1,2,5.0,0.7921862135052044
AV14-1-CAASPGTGGYKVVF-AJ12_BV1-CTCSALRVSGNTLYF-BJ1-3,8,0.0,2.009601949631354
AV14-1-CAASPGTGGYKVVF-AJ12_BV1-CTCSALRVSGNTLYF-BJ1-3,8,1.0,0.8253528602499088
AV14-1-CAASPGTGGYKVVF-AJ12_BV1-CTCSALRVSGNTLYF-BJ1-3,8,2.0,0.4603206069122562
AV14-1-CAASPGTGGYKVVF-AJ12_BV1-CTCSALRVSGNTLYF-BJ1-3,8,5.0,0.30332948659989917
AV14-2-CAAHTGYQNFYF-AJ49_BV17-CASSKTWGVNYAEQFF-BJ2-1,6,0.0,1.9270404040368454
AV14-2-CAAHTGYQNFYF-AJ49_BV17-CASSKTWGVNYAEQFF-BJ2-1,6,1.0,1.6849067342457242
AV14-2-CAAHTGYQNFYF-AJ49_BV17-CASSKTWGVNYAEQFF-BJ2-1,6,2.0,1.5309465121261443
AV14-2-CAAHTGYQNFYF-AJ49_BV17-CASSKTWGVNYAEQFF-BJ2-1,6,5.0,1.3346062817997268
AV14-2-CAANTGNYKYVF-AJ40_BV13-3-CASSDWDWGGAGQNTLYF-BJ2-4,4,0.0,2.1785613794165304
AV14-2-CAANTGNYKYVF-AJ40_BV13-3-CASSDWDWGGAGQNTLYF-BJ2-4,4,1.0,1.5548896786629474
AV14-2-CAANTGNYKYVF-AJ40_BV13-3-CASSDWDWGGAGQNTLYF-BJ2-4,4,2.0,1.2500001826579563
AV14-2-CAANTGNYKYVF-AJ40_BV13-3-CASSDWDWGGAGQNTLYF-BJ2-4,4,5.0,0.9824368016335749
AV14-2-CAASPYTGNYKYVF-AJ40_BV13-2-CASGDQGGDNQAPLF-BJ1-5,3,0.0,2.0566416671474372
AV14-2-CAASPYTGNYKYVF-AJ40_BV13-2-CASGDQGGDNQAPLF-BJ1-5,3,1.0,0.5501832434383058
AV14-2-CAASPYTGNYKYVF-AJ40_BV13-2-CASGDQGGDNQAPLF-BJ1-5,3,2.0,0.25020669821718683
AV14-2-CAASPYTGNYKYVF-AJ40_BV13-2-CASGDQGGDNQAPLF-BJ1-5,3,5.0,0.1597460342398815
AV14-2-CAASRNYAQGLTF-AJ26_BV13-1-CASSPGGNERLFF-BJ1-4,2,0.0,3.4594316186372973
AV14-2-CAASRNYAQGLTF-AJ26_BV13-1-CASSPGGNERLFF-BJ1-4,2,1.0,2.762100781707674
AV14-2-CAASRNYAQGLTF-AJ26_BV13-1-CASSPGGNERLFF-BJ1-4,2,2.0,2.175709036741755
AV14-2-CAASRNYAQGLTF-AJ26_BV13-1-CASSPGGNERLFF-BJ1-4,2,5.0,1.5693477701197551
AV14-2-CAASSYTGNYKYVF-AJ40_BV13-1-CASSEHNSDYTF-BJ1-2,7,0.0,2.827294444959565
AV14-2-CAASSYTGNYKYVF-AJ40_BV13-1-CASSEHNSDYTF-BJ1-2,7,1.0,1.0173280847980677
AV14-2-CAASSYTGNYKYVF-AJ40_BV13-1-CASSEHNSDYTF-BJ1-2,7,2.0,0.6135380702017322
AV14-2-CAASSYTGNYKYVF-AJ40_BV13-1-CASSEHNSDYTF-BJ1-2,7,5.0,0.43902643629819316
AV14-2-CAATSSGQKLVF-AJ16*p02_BV13-3-CASSEAGVTEVFF-BJ1-1,2,0.0,2.19615871138938
AV14-2-CAATSSGQKLVF-AJ16*p02_BV13-3-CASSEAGVTEVFF-BJ1-1,2,1.0,0.5625287521489719
AV14-2-CAATSSGQKLVF-AJ16*p02_BV13-3-CASSEAGVTEVFF-BJ1-1,2,2.0,0.25187689121234536
AV14-2-CAATSSGQKLVF-AJ16*p02_BV13-3-CASSEAGVTEVFF-BJ1-1,2,5.0,0.16021220047764373
AV14-3-CAASPHYGNEKITF-AJ48_BV1-CTCSADWGQDTQYF-BJ2-5,2,0.0,3.0221970596792267
AV14-3-CAASPHYGNEKITF-AJ48_BV1-CTCSADWGQDTQYF-BJ2-5,2,1.0,2.186845114890623
AV14-3-CAASPHYGNEKITF-AJ48_BV1-CTCSADWGQDTQYF-BJ2-5,2,2.0,1.6759674837898384
AV14-3-CAASPHYGNEKITF-AJ48_BV1-CTCSADWGQDTQYF-BJ2-5,2,5.0,1.29830894429123
AV14-3-CAASPNAYKVIF-AJ30_BV16-CASSFSGTGEYEQYF-BJ2-7,5,0.0,3.0552975883774387
AV14-3-CAASPNAYKVIF-AJ30_BV16-CASSFSGTGEYEQYF-BJ2-7,5,1.0,1.9577053139618847
AV14-3-CAASPNAYKVIF-AJ30_BV16-CASSFSGTGEYEQYF-BJ2-7,5,2.0,1.3059848412261892
AV14-3-CAASPNAYKVIF-AJ30_BV16-CASSFSGTGEYEQYF-BJ2-7,5,5.0,0.8918621821262545
AV14D-2-CAARTGGYKVVF-AJ12_BV5-CASSPQQGNTEVFF-BJ1-1,4,0.0,2.188721875540867
AV14D-2-CAARTGGYKVVF-AJ12_BV5-CASSPQQGNTEVFF-BJ1-1,4,1.0,0.8301930112828616
AV14D-2-CAARTGGYKVVF-AJ12_BV5-CASSPQQGNTEVFF-BJ1-1,4,2.0,0.48683065715643214
AV14D-2-CAARTGGYKVVF-AJ12_BV5-CASSPQQGNTEVFF-BJ1-1,4,5.0,0.32519960734709813
AV14D-2-CAARTGGYKVVF-AJ12_BV5-CASSQVQGNERLFF-BJ1-4,4,0.0,1.896240625180289
AV14D-2-CAARTGGYKVVF-AJ12_BV5-CASSQVQGNERLFF-BJ1-4,4,1.0,0.9832938625575266
AV14D-2-CAARTGGYKVVF-AJ12_BV5-CASSQVQGNERLFF-BJ1-4,4,2.0,0.6526284336951013
AV14D-2-CAARTGGYKVVF-AJ12_BV5-CASSQVQGNERLFF-BJ1-4,4,5.0,0.45259040658655797
AV14D-2-CAASGASSSFSKLVF-AJ50_BV26-CAATEQYF-BJ2-7,2,0.0,2.377443751081734
AV14D-2-CAASGASSSFSKLVF-AJ50_BV26-CAATEQYF-BJ2-7,2,1.0,1.5665226115079025
AV14D-2-CAASGASSSFSKLVF-AJ50_BV26-CAATEQYF-BJ2-7,2,2.0,1.1247015113259868
AV14D-2-CAASGASSSFSKLVF-AJ50_BV26-CAATEQYF-BJ2-7,2,5.0,0.8045047479956856
AV14D-2-CAASGASSSFSKLVF-AJ50_BV3-CASSLEGATSAETLYF-BJ2-3,3,0.0,3.2664272071739737
AV14D-2-CAASGASSSFSKLVF-AJ50_BV3-CASSLEGATSAETLYF-BJ2-3,3,1.0,2.608490102370614
AV14D-2-CAASGASSSFSKLVF-AJ50_BV3-CASSLEGATSAETLYF-BJ2-3,3,2.0,2.1592019385910723
AV14D-2-CAASGASSSFSKLVF-AJ50_BV3-CASSLEGATSAETLYF-BJ2-3,3,5.0,1.7249480470829621
AV14D-2-CAASPNYNVLYF-AJ21*p03_BV13-2-CASGDPQGVNSPLYF-BJ1-6,3,0.0,3.248277945833182
AV14D-2-CAASPNYNVLYF-AJ21*p03_BV13-2-CASGDPQGVNSPLYF-BJ1-6,3,1.0,2.720813733881482
AV14D-2-CAASPNYNVLYF-AJ21*p03_BV13-2-CASGDPQGVNSPLYF-BJ1-6,3,2.0,2.3077019434294077
AV14D-2-CAASPNYNVLYF-AJ21*p03_BV13-2-CASGDPQGVNSPLYF-BJ1-6,3,5.0,1.8170816739021756
AV14D-3/DV8-CAASSSSGSWQLIF-AJ22_BV16-CASNWDPSYEQYF-BJ2-7,2,0.0,2.584962500721156
AV14D-3/DV8-CAASSSSGSWQLIF-AJ22_BV16-CASNWDPSYEQYF-BJ2-7,2,1.0,2.0947817437264282
AV14D-3/DV8-CAASSSSGSWQLIF-AJ22_BV16-CASNWDPSYEQYF-BJ2-7,2,2.0,1.7190589458673
AV14D-3/DV8-CAASSSSGSWQLIF-AJ22_BV16-CASNWDPSYEQYF-BJ2-7,2,5.0,1.2996006523238066
AV16/DV11-CAIGTGGYKVVF-AJ12_BV3-CASSSDWGDYAEQFF-BJ2-1,4,0.0,2.9629372603540145
AV16/DV11-CAIGTGGYKVVF-AJ12_BV3-CASSSDWGDYAEQFF-BJ2-1,4,1.0,1.4951216345025615
AV16/DV11-CAIGTGGYKVVF-AJ12_BV3-CASSSDWGDYAEQFF-BJ2-1,4,2.0,0.861606334892443
AV16/DV11-CAIGTGGYKVVF-AJ12_BV3-CASSSDWGDYAEQFF-BJ2-1,4,5.0,0.5658757625253044
AV16/DV11-CAMKATGNTRKLIF-AJ37*p02_BV13-2-CASGDVGENTLYF-BJ2-4,4,0.0,1.896240625180289
AV16/DV11-CAMKATGNTRKLIF-AJ37*p02_BV13-2-CASGDVGENTLYF-BJ2-4,4,1.0,1.215741152588085
AV16/DV11-CAMKATGNTRKLIF-AJ37*p02_BV13-2-CASGDVGENTLYF-BJ2-4,4,2.0,0.8743446743768037
AV16/DV11-CAMKATGNTRKLIF-AJ37*p02_BV13-2-CASGDVGENTLYF-BJ2-4,4,5.0,0.6299688516164874
AV16/DV11-CAMRAMDSNYQLIW-AJ33_BV13-2-CASGDNYEQYF-BJ2-7,3,0.0,2.113283334294875
AV16/DV11-CAMRAMDSNYQLIW-AJ33_BV13-2-CASGDNYEQYF-BJ2-7,3,1.0,0.5903396585858497
AV16/DV11-CAMRAMDSNYQLIW-AJ33_BV13-2-CASGDNYEQYF-BJ2-7,3,2.0,0.2756789683286854
AV16/DV11-CAMRAMDSNYQLIW-AJ33_BV13-2-CASGDNYEQYF-BJ2-7,3,5.0,0.17638484667956142
AV16/DV11-CAMREAFSGGSNAKLTF-AJ42_BV13-2-CASGDSYEQYF-BJ2-7,17,0.0,2.2841756977724437
AV16/DV11-CAMREAFSGGSNAKLTF-AJ42_BV13-2-CASGDSYEQYF-BJ2-7,17,1.0,0.483133830344284
AV16/DV11-CAMREAFSGGSNAKLTF-AJ42_BV13-2-CASGDSYEQYF-BJ2-7,17,2.0,0.2108147907311551
AV16/DV11-CAMREAFSGGSNAKLTF-AJ42_BV13-2-CASGDSYEQYF-BJ2-7,17,5.0,0.1344758840923877
AV16/DV11-CAMREDGGSGNKLIF-AJ32_BV13-2-CASGDINTEVFF-BJ1-1,7,0.0,1.7712490988483132
AV16/DV11-CAMREDGGSGNKLIF-AJ32_BV13-2-CASGDINTEVFF-BJ1-1,7,1.0,0.5545862454083855
AV16/DV11-CAMREDGGSGNKLIF-AJ32_BV13-2-CASGDINTEVFF-BJ1-1,7,2.0,0.28600163482544394
AV16/DV11-CAMREDGGSGNKLIF-AJ32_BV13-2-CASGDINTEVFF-BJ1-1,7,5.0,0.18524021279333383
AV16/DV11-CAMREDNNNRIFF-AJ31_BV13-2-CASGPGLGGREQYF-BJ2-7,3,0.0,1.0
AV16/DV11-CAMREDNNNRIFF-AJ31_BV13-2-CASGPGLGGREQYF-BJ2-7,3,1.0,0.6334784560301021
AV16/DV11-CAMREDNNNRIFF-AJ31_BV13-2-CASGPGLGGREQYF-BJ2-7,3,2.0,0.5362951492043492
AV16/DV11-CAMREDNNNRIFF-AJ31_BV13-2-CASGPGLGGREQYF-BJ2-7,3,5.0,0.4749901458263674
AV16/DV11-CAMREDSGGSNYKLTF-AJ53_BV16-CASSLPRLGNQDTQYF-BJ2-5,2,0.0,2.5
AV16/DV11-CAMREDSGGSNYKLTF-AJ53_BV16-CASSLPRLGNQDTQYF-BJ2-5,2,1.0,2.3478293145593296
AV16/DV11-CAMREDSGGSNYKLTF-AJ53_BV16-CASSLPRLGNQDTQYF-BJ2-5,2,2.0,2.195447673854781
AV16/DV11-CAMREDSGGSNYKLTF-AJ53_BV16-CASSLPRLGNQDTQYF-BJ2-5,2,5.0,1.9110674111601105
AV16/DV11-CAMREDTGANTGKLTF-AJ52_BV13-3-CASSPGTTYAEQFF-BJ2-1,3,0.0,2.8170703706107765
AV16/DV11-CAMREDTGANTGKLTF-AJ52_BV13-3-CASSPGTTYAEQFF-BJ2-1,3,1.0,1.3544264589063577
AV16/DV11-CAMREDTGANTGKLTF-AJ52_BV13-3-CASSPGTTYAEQFF-BJ2-1,3,2.0,0.8166189127469722
AV16/DV11-CAMREDTGANTGKLTF-AJ52_BV13-3-CASSPGTTYAEQFF-BJ2-1,3,5.0,0.5398433905944867
AV16/DV11-CAMREDTGYQNFYF-AJ49_BV13-1-CASGGVYEQYF-BJ2-7,14,0.0,2.8406063031775823
AV16/DV11-CAMREDTGYQNFYF-AJ49_BV13-1-CASGGVYEQYF-BJ2-7,14,1.0,0.9289657711736388
AV16/DV11-CAMREDTGYQNFYF-AJ49_BV13-1-CASGGVYEQYF-BJ2-7,14,2.0,0.4811453631885379
AV16/DV11-CAMREDTGYQNFYF-AJ49_BV13-1-CASGGVYEQYF-BJ2-7,14,5.0,0.3140113957429113
AV16/DV11-CAMREFNNYAQGLTF-AJ26_BV4-CASSRTGGSQDTQYF-BJ2-5,3,0.0,1.5283208335737186
AV16/DV11-CAMREFNNYAQGLTF-AJ26_BV4-CASSRTGGSQDTQYF-BJ2-5,3,1.0,0.6388291622409354
AV16/DV11-CAMREFNNYAQGLTF-AJ26_BV4-CASSRTGGSQDTQYF-BJ2-5,3,2.0,0.33579057171604926
AV16/DV11-CAMREFNNYAQGLTF-AJ26_BV4-CASSRTGGSQDTQYF-BJ2-5,3,5.0,0.21612299446021496
AV16/DV11-CAMREGASSSFSKLVF-AJ50_BV13-2-CASGDVDTQYF-BJ2-5,4,0.0,2.188721875540867
AV16/DV11-CAMREGASSSFSKLVF-AJ50_BV13-2-CASGDVDTQYF-BJ2-5,4,1.0,1.7297097343091425
AV16/DV11-CAMREGASSSFSKLVF-AJ50_BV13-2-CASGDVDTQYF-BJ2-5,4,2.0,1.4234514233630864
AV16/DV11-CAMREGASSSFSKLVF-AJ50_BV13-2-CASGDVDTQYF-BJ2-5,4,5.0,1.1023737237598472
AV16/DV11-CAMREGDSNYQLIW-AJ33_BV13-2-CASGVPTGTEVFF-BJ1-1,5,0.0,2.1954559846999833
AV16/DV11-CAMREGDSNYQLIW-AJ33_BV13-2-CASGVPTGTEVFF-BJ1-1,5,1.0,1.734503721925051
AV16/DV11-CAMREGDSNYQLIW-AJ33_BV13-2-CASGVPTGTEVFF-BJ1-1,5,2.0,1.4487719343578687
AV16/DV11-CAMREGDSNYQLIW-AJ33_BV13-2-CASGVPTGTEVFF-BJ1-1,5,5.0,1.1681665578126308
AV16/DV11-CAMREGLDSNYQLIW-AJ33_BV14-CASSFLAGQLYF-BJ2-2,2,0.0,2.0
AV16/DV11-CAMREGLDSNYQLIW-AJ33_BV14-CASSFLAGQLYF-BJ2-2,2,1.0,0.8344321298531303
AV16/DV11-CAMREGLDSNYQLIW-AJ33_BV14-CASSFLAGQLYF-BJ2-2,2,2.0,0.5076561447988637
AV16/DV11-CAMREGLDSNYQLIW-AJ33_BV14-CASSFLAGQLYF-BJ2-2,2,5.0,0.3447459752100781
AV16/DV11-CAMREGNSGGSNAKLTF-AJ42_BV13-1-CASSSLYEQYF-BJ2-7,2,0.0,2.0
AV16/DV11-CAMREGNSGGSNAKLTF-AJ42_BV13-1-CASSSLYEQYF-BJ2-7,2,1.0,1.5884652796041079
AV16/DV11-CAMREGNSGGSNAKLTF-AJ42_BV13-1-CASSSLYEQYF-BJ2-7,2,2.0,1.2822568323474275
AV16/DV11-CAMREGNSGGSNAKLTF-AJ42_BV13-1-CASSSLYEQYF-BJ2-7,2,5.0,0.9522255069679386
AV16/DV11-CAMREGNSGGSNYKLTF-AJ53_BV13-1-CASTGVNTEVFF-BJ1-1,3,0.0,2.6356301985361728
AV16/DV11-CAMREGNSGGSNYKLTF-AJ53_BV13-1-CASTGVNTEVFF-BJ1-1,3,1.0,2.250487521787369
AV16/DV11-CAMREGNSGGSNYKLTF-AJ53_BV13-1-CASTGVNTEVFF-BJ1-1,3,2.0,2.0391418702737276
AV16/DV11-CAMREGNSGGSNYKLTF-AJ53_BV13-1-CASTGVNTEVFF-BJ1-1,3,5.0,1.7923994816039255
AV16/DV11-CAMREGNTGYQNFYF-AJ49_BV1-CTCSAERFNQDTQYF-BJ2-5,2,0.0,0.792481250360578
AV16/DV11-CAMREGNTGYQNFYF-AJ49_BV1-CTCSAERFNQDTQYF-BJ2-5,2,1.0,0.7177602521413333
AV16/DV11-CAMREGNTGYQNFYF-AJ49_BV1-CTCSAERFNQDTQYF-BJ2-5,2,2.0,0.6477279417630856
AV16/DV11-CAMREGNTGYQNFYF-AJ49_BV1-CTCSAERFNQDTQYF-BJ2-5,2,5.0,0.5263420781199126
AV16/DV11-CAMREGNTGYQNFYF-AJ49_BV13-2-CASGQGAGNTLYF-BJ1-3,5,0.0,2.0643856189774725
AV16/DV11-CAMREGNTGYQNFYF-AJ49_BV13-2-CASGQGAGNTLYF-BJ1-3,5,1.0,1.52114078314129
AV16/DV11-CAMREGNTGYQNFYF-AJ49_BV13-2-CASGQGAGNTLYF-BJ1-3,5,2.0,1.2726533128002053
AV16/DV11-CAMREGNTGYQNFYF-AJ49_BV13-2-CASGQGAGNTLYF-BJ1-3,5,5.0,1.0593470138891994
AV16/DV11-CAMREGPSGSWQLIF-AJ22_BV1-CTCSAGTDLSNERLFF-BJ1-4,3,0.0,2.321928094887362
AV16/DV11-CAMREGPSGSWQLIF-AJ22_BV1-CTCSAGTDLSNERLFF-BJ1-4,3,1.0,0.5067560426580916
AV16/DV11-CAMREGPSGSWQLIF-AJ22_BV1-CTCSAGTDLSNERLFF-BJ1-4,3,2.0,0.2206704651804111
AV16/DV11-CAMREGPSGSWQLIF-AJ22_BV1-CTCSAGTDLSNERLFF-BJ1-4,3,5.0,0.14012694217697125
AV16/DV11-CAMREGRGGSAKLIF-AJ57_BV13-3-CASSWTGSYNSPLYF-BJ1-6,5,0.0,2.595455984699983
AV16/DV11-CAMREGRGGSAKLIF-AJ57_BV13-3-CASSWTGSYNSPLYF-BJ1-6,5,1.0,0.7803305626596118
AV16/DV11-CAMREGRGGSAKLIF-AJ57_BV13-3-CASSWTGSYNSPLYF-BJ1-6,5,2.0,0.43983706231704567
AV16/DV11-CAMREGRGGSAKLIF-AJ57_BV13-3-CASSWTGSYNSPLYF-BJ1-6,5,5.0,0.29829871765046045
AV16/DV11-CAMREGSSGSWQLIF-AJ22_BV16-CASSPGQPNTEVFF-BJ1-1,9,0.0,1.9221342242652528
AV16/DV11-CAMREGSSGSWQLIF-AJ22_BV16-CASSPGQPNTEVFF-BJ1-1,9,1.0,1.199425327578265
AV16/DV11-CAMREGSSGSWQLIF-AJ22_BV16-CASSPGQPNTEVFF-BJ1-1,9,2.0,0.9218835695436758
AV16/DV11-CAMREGSSGSWQLIF-AJ22_BV16-CASSPGQPNTEVFF-BJ1-1,9,5.0,0.7494073817772641
AV16/DV11-CAMREGSSNTDKVVF-AJ34*p03_BV5-CASSQDLTNSDYTF-BJ1-2,2,0.0,2.19615871138938
AV16/DV11-CAMREGSSNTDKVVF-AJ34*p03_BV5-CASSQDLTNSDYTF-BJ1-2,2,1.0,0.5666332320224391
AV16/DV11-CAMREGSSNTDKVVF-AJ34*p03_BV5-CASSQDLTNSDYTF-BJ1-2,2,2.0,0.25106827464556225
AV16/DV11-CAMREGSSNTDKVVF-AJ34*p03_BV5-CASSQDLTNSDYTF-BJ1-2,2,5.0,0.15953557578374078
AV16/DV11-CAMREGTGANTGKLTF-AJ52_BV13-3-CASSPGTTYAEQFF-BJ2-1,2,0.0,2.2297158093186487
AV16/DV11-CAMREGTGANTGKLTF-AJ52_BV13-3-CASSPGTTYAEQFF-BJ2-1,2,1.0,0.848615955450079
AV16/DV11-CAMREGTGANTGKLTF-AJ52_BV13-3-CASSPGTTYAEQFF-BJ2-1,2,2.0,0.4822612392305258
AV16/DV11-CAMREGTGANTGKLTF-AJ52_BV13-3-CASSPGTTYAEQFF-BJ2-1,2,5.0,0.33006081554889555
AV16/DV11-CAMREKNNNNAPRF-AJ43*p03_BV1-CTCSADRVNNQAPLF-BJ1-5,2,0.0,1.292481250360578
AV16/DV11-CAMREKNNNNAPRF-AJ43*p03_BV1-CTCSADRVNNQAPLF-BJ1-5,2,1.0,1.1842612638641032
AV16/DV11-CAMREKNNNNAPRF-AJ43*p03_BV1-CTCSADRVNNQAPLF-BJ1-5,2,2.0,1.081987867555563
AV16/DV11-CAMREKNNNNAPRF-AJ43*p03_BV1-CTCSADRVNNQAPLF-BJ1-5,2,5.0,0.9007153383578599
AV16/DV11-CAMRESMATGGNNKLTF-AJ56_BV13-1-CASSDAGGWEQYF-BJ2-7,8,0.0,2.2545217015691854
AV16/DV11-CAMRESMATGGNNKLTF-AJ56_BV13-1-CASSDAGGWEQYF-BJ2-7,8,1.0,1.1450315250413037
AV16/DV11-CAMRESMATGGNNKLTF-AJ56_BV13-1-CASSDAGGWEQYF-BJ2-7,8,2.0,0.7674019129958722
AV16/DV11-CAMRESMATGGNNKLTF-AJ56_BV13-1-CASSDAGGWEQYF-BJ2-7,8,5.0,0.5714293203409677
AV16/DV11-CAMRESYNAGAKLTF-AJ39_BV20-CGAGDTSYEQYF-BJ2-7,4,0.0,3.1259564344989377
AV16/DV11-CAMRESYNAGAKLTF-AJ39_BV20-CGAGDTSYEQYF-BJ2-7,4,1.0,1.8921684438879192
AV16/DV11-CAMRESYNAGAKLTF-AJ39_BV20-CGAGDTSYEQYF-BJ2-7,4,2.0,1.3561575428094177
AV16/DV11-CAMRESYNAGAKLTF-AJ39_BV20-CGAGDTSYEQYF-BJ2-7,4,5.0,1.0021084436384917
AV16/DV11-CAMRETDTNAYKVIF-AJ30_BV13-2-CASGDVNSPLYF-BJ1-6,2,0.0,1.5
AV16/DV11-CAMRETDTNAYKVIF-AJ30_BV13-2-CASGDVNSPLYF-BJ1-6,2,1.0,0.27778649097222324
AV16/DV11-CAMRETDTNAYKVIF-AJ30_BV13-2-CASGDVNSPLYF-BJ1-6,2,2.0,0.11851458931003708
AV16/DV11-CAMRETDTNAYKVIF-AJ30_BV13-2-CASGDVNSPLYF-BJ1-6,2,5.0,0.07518386777543648
AV16/DV11-CAMRGYGGSGNKLIF-AJ32_BV1-CTCSGGLGTSAETLYF-BJ2-3,4,0.0,1.9285613794165306
AV16/DV11-CAMRGYGGSGNKLIF-AJ32_BV1-CTCSGGLGTSAETLYF-BJ2-3,4,1.0,0.3776792813258465
AV16/DV11-CAMRGYGGSGNKLIF-AJ32_BV1-CTCSGGLGTSAETLYF-BJ2-3,4,2.0,0.16284655401058867
AV16/DV11-CAMRGYGGSGNKLIF-AJ32_BV1-CTCSGGLGTSAETLYF-BJ2-3,4,5.0,0.1040846496409844
AV16D/DV11-CAIIGDSNYQLIW-AJ33_BV1-CTCSADLQIYNSPLYF-BJ1-6,3,0.0,1.7974391409262533
AV16D/DV11-CAIIGDSNYQLIW-AJ33_BV1-CTCSADLQIYNSPLYF-BJ1-6,3,1.0,1.3345401207018572
AV16D/DV11-CAIIGDSNYQLIW-AJ33_BV1-CTCSADLQIYNSPLYF-BJ1-6,3,2.0,1.0137185713646082
AV16D/DV11-CAIIGDSNYQLIW-AJ33_BV1-CTCSADLQIYNSPLYF-BJ1-6,3,5.0,0.7304199472743157
AV16D/DV11-CAKNSGGSNAKLTF-AJ42_BV1-CTCTGQFYAEQFF-BJ2-1,2,0.0,3.084962500721156
AV16D/DV11-CAKNSGGSNAKLTF-AJ42_BV1-CTCTGQFYAEQFF-BJ2-1,2,1.0,1.7911617087904514
AV16D/DV11-CAKNSGGSNAKLTF-AJ42_BV1-CTCTGQFYAEQFF-BJ2-1,2,2.0,1.3012125767331628
AV16D/DV11-CAKNSGGSNAKLTF-AJ42_BV1-CTCTGQFYAEQFF-BJ2-1,2,5.0,0.982751183927596
AV16D/DV11-CAMRADNNNRIFF-AJ31_BV13-2-CASGDAPGNSDYTF-BJ1-2,2,0.0,3.160964047443681
AV16D/DV11-CAMRADNNNRIFF-AJ31_BV13-2-CASGDAPGNSDYTF-BJ1-2,2,1.0,2.220868451377741
AV16D/DV11-CAMRADNNNRIFF-AJ31_BV13-2-CASGDAPGNSDYTF-BJ1-2,2,2.0,1.8041408094879996
AV16D/DV11-CAMRADNNNRIFF-AJ31_BV13-2-CASGDAPGNSDYTF-BJ1-2,2,5.0,1.536277056303915
AV16D/DV11-CAMRADSGYNKLTF-AJ11*p02_BV16-CASSLDQGAITEVFF-BJ1-1,3,0.0,2.69227186568361
AV16D/DV11-CAMRADSGYNKLTF-AJ11*p02_BV16-CASSLDQGAITEVFF-BJ1-1,3,1.0,0.641597045357956
AV16D/DV11-CAMRADSGYNKLTF-AJ11*p02_BV16-CASSLDQGAITEVFF-BJ1-1,3,2.0,0.26659165108306776
AV16D/DV11-CAMRADSGYNKLTF-AJ11*p02_BV16-CASSLDQGAITEVFF-BJ1-1,3,5.0,0.1684529270253814
AV16D/DV11-CAMRDMDSNYQLIW-AJ33_BV13-2-CASGDNRGNSDYTF-BJ1-2,2,0.0,1.792481250360578
AV16D/DV11-CAMRDMDSNYQLIW-AJ33_BV13-2-CASGDNRGNSDYTF-BJ1-2,2,1.0,1.385753377992915
AV16D/DV11-CAMRDMDSNYQLIW-AJ33_BV13-2-CASGDNRGNSDYTF-BJ1-2,2,2.0,1.187660993396778
AV16D/DV11-CAMRDMDSNYQLIW-AJ33_BV13-2-CASGDNRGNSDYTF-BJ1-2,2,5.0,1.0464922091259552
AV16D/DV11-CAMREADTNAYKVIF-AJ30_BV29-CASSLRVANTEVFF-BJ1-1,2,0.0,1.660964047443681
AV16D/DV11-CAMREADTNAYKVIF-AJ30_BV29-CASSLRVANTEVFF-BJ1-1,2,1.0,1.3666031096732476
AV16D/DV11-CAMREADTNAYKVIF-AJ30_BV29-CASSLRVANTEVFF-BJ1-1,2,2.0,1.15200309344505
AV16D/DV11-CAMREADTNAYKVIF-AJ30_BV29-CASSLRVANTEVFF-BJ1-1,2,5.0,0.9603804164772712
AV16D/DV11-CAMREADYANKMIF-AJ47_BV13-2-CASGDARGNSDYTF-BJ1-2,2,0.0,2.69615871138938
AV16D/DV11-CAMREADYANKMIF-AJ47_BV13-2-CASGDARGNSDYTF-BJ1-2,2,1.0,0.8581762218114675
AV16D/DV11-CAMREADYANKMIF-AJ47_BV13-2-CASGDARGNSDYTF-BJ1-2,2,2.0,0.41234011930879033
AV16D/DV11-CAMREADYANKMIF-AJ47_BV13-2-CASGDARGNSDYTF-BJ1-2,2,5.0,0.26349399586456784
AV16D/DV11-CAMREAETGGYKVVF-AJ12_BV13-2-CASGDSTGNSDYTF-BJ1-2,3,0.0,2.3589385323502765
AV16D/DV11-CAMREAETGGYKVVF-AJ12_BV13-2-CASGDSTGNSDYTF-BJ1-2,3,1.0,1.4221332134227553
AV16D/DV11-CAMREAETGGYKVVF-AJ12_BV13-2-CASGDSTGNSDYTF-BJ1-2,3,2.0,0.9958348726611547
AV16D/DV11-CAMREAETGGYKVVF-AJ12_BV13-2-CASGDSTGNSDYTF-BJ1-2,3,5.0,0.710767571626847
AV16D/DV11-CAMREAGGYKVVF-AJ12_BV13-2-CASGDAGGKAEVFF-BJ1-1,14,0.0,2.327637171281195
AV16D/DV11-CAMREAGGYKVVF-AJ12_BV13-2-CASGDAGGKAEVFF-BJ1-1,14,1.0,1.0325406330429636
AV16D/DV11-CAMREAGGYKVVF-AJ12_BV13-2-CASGDAGGKAEVFF-BJ1-1,14,2.0,0.5929504814814921
AV16D/DV11-CAMREAGGYKVVF-AJ12_BV13-2-CASGDAGGKAEVFF-BJ1-1,14,5.0,0.3905281644887138
AV16D/DV11-CAMREANSAGNKLTF-AJ17*p02_BV13-1-CASSDVSTEVFF-BJ1-1,11,0.0,2.455768503277582
AV16D/DV11-CAMREANSAGNKLTF-AJ17*p02_BV13-1-CASSDVSTEVFF-BJ1-1,11,1.0,0.7670815684329866
AV16D/DV11-CAMREANSAGNKLTF-AJ17*p02_BV13-1-CASSDVSTEVFF-BJ1-1,11,2.0,0.36133570265977205
AV16D/DV11-CAMREANSAGNKLTF-AJ17*p02_BV13-1-CASSDVSTEVFF-BJ1-1,11,5.0,0.2307341490532543
AV16D/DV11-CAMREANSGTYQRF-AJ13_BV13-2-CASGPDNSGNTLYF-BJ1-3,6,0.0,2.599190150790282
AV16D/DV11-CAMREANSGTYQRF-AJ13_BV13-2-CASGPDNSGNTLYF-BJ1-3,6,1.0,0.7364276941802675
AV16D/DV11-CAMREANSGTYQRF-AJ13_BV13-2-CASGPDNSGNTLYF-BJ1-3,6,2.0,0.3360860012096143
AV16D/DV11-CAMREANSGTYQRF-AJ13_BV13-2-CASGPDNSGNTLYF-BJ1-3,6,5.0,0.2145641687507637
AV16D/DV11-CAMREANYNVLYF-AJ21*p03_BV13-2-CASGDNYEQYF-BJ2-7,3,0.0,2.4406426982957874
AV16D/DV11-CAMREANYNVLYF-AJ21*p03_BV13-2-CASGDNYEQYF-BJ2-7,3,1.0,0.7350695871298196
AV16D/DV11-CAMREANYNVLYF-AJ21*p03_BV13-2-CASGDNYEQYF-BJ2-7,3,2.0,0.3481621281294227
AV16D/DV11-CAMREANYNVLYF-AJ21*p03_BV13-2-CASGDNYEQYF-BJ2-7,3,5.0,0.22246844137177546
AV16D/DV11-CAMREASSGSWQLIF-AJ22_BV13-2-CASGDPTGQEQYF-BJ2-7,44,0.0,2.4941986042646613
AV16D/DV11-CAMREASSGSWQLIF-AJ22_BV13-2-CASGDPTGQEQYF-BJ2-7,44,1.0,0.7636707374475534
AV16D/DV11-CAMREASSGSWQLIF-AJ22_BV13-2-CASGDPTGQEQYF-BJ2-7,44,2.0,0.38453508582907003
AV16D/DV11-CAMREASSGSWQLIF-AJ22_BV13-2-CASGDPTGQEQYF-BJ2-7,44,5.0,0.25052997582043357
AV16D/DV11-CAMREDGGSGNKLIF-AJ32_BV13-2-CASGDVNTEVFF-BJ1-1,5,0.0,2.395455984699983
AV16D/DV11-CAMREDGGSGNKLIF-AJ32_BV13-2-CASGDVNTEVFF-BJ1-1,5,1.0,0.46509801879880064
AV16D/DV11-CAMREDGGSGNKLIF-AJ32_BV13-2-CASGDVNTEVFF-BJ1-1,5,2.0,0.18749834826954004
AV16D/DV11-CAMREDGGSGNKLIF-AJ32_BV13-2-CASGDVNTEVFF-BJ1-1,5,5.0,0.11842320565160125
AV16D/DV11-CAMREDNAGAKLTF-AJ39_BV2-CASSQDHVSNERLFF-BJ1-4,6,0.0,2.0653862371297933
AV16D/DV11-CAMREDNAGAKLTF-AJ39_BV2-CASSQDHVSNERLFF-BJ1-4,6,1.0,0.5168370441248195
AV16D/DV11-CAMREDNAGAKLTF-AJ39_BV2-CASSQDHVSNERLFF-BJ1-4,6,2.0,0.26463762889307935
AV16D/DV11-CAMREDNAGAKLTF-AJ39_BV2-CASSQDHVSNERLFF-BJ1-4,6,5.0,0.17400405045036357
AV16D/DV11-CAMREDSNYQLIW-AJ33_BV13-2-CASGDNYEQYF-BJ2-7,3,0.0,1.9182958340544893
AV16D/DV11-CAMREDSNYQLIW-AJ33_BV13-2-CASGDNYEQYF-BJ2-7,3,1.0,0.24007944799574424
AV16D/DV11-CAMREDSNYQLIW-AJ33_BV13-2-CASGDNYEQYF-BJ2-7,3,2.0,0.08791859075473651
AV16D/DV11-CAMREDSNYQLIW-AJ33_BV13-2-CASGDNYEQYF-BJ2-7,3,5.0,0.055310530189318134
AV16D/DV11-CAMREDSNYQLIW-AJ33_BV5-CASSQDYWGGGDTQYF-BJ2-5,8,0.0,2.0169636607630497
AV16D/DV11-CAMREDSNYQLIW-AJ33_BV5-CASSQDYWGGGDTQYF-BJ2-5,8,1.0,0.7300238867337296
AV16D/DV11-CAMREDSNYQLIW-AJ33_BV5-CASSQDYWGGGDTQYF-BJ2-5,8,2.0,0.40168021480959926
AV16D/DV11-CAMREDSNYQLIW-AJ33_BV5-CASSQDYWGGGDTQYF-BJ2-5,8,5.0,0.26313707861607116
AV16D/DV11-CAMREDTGYQNFYF-AJ49_BV19-CASTGTGSNYAEQFF-BJ2-1,16,0.0,2.7144498210344774
AV16D/DV11-CAMREDTGYQNFYF-AJ49_BV19-CASTGTGSNYAEQFF-BJ2-1,16,1.0,0.6579016130416158
AV16D/DV11-CAMREDTGYQNFYF-AJ49_BV19-CASTGTGSNYAEQFF-BJ2-1,16,2.0,0.2994829519096617
AV16D/DV11-CAMREDTGYQNFYF-AJ49_BV19-CASTGTGSNYAEQFF-BJ2-1,16,5.0,0.19285649986416087
AV16D/DV11-CAMREDTNAYKVIF-AJ30_BV13-2-CASGETGANSDYTF-BJ1-2,3,0.0,2.7097610056483217
AV16D/DV11-CAMREDTNAYKVIF-AJ30_BV13-2-CASGETGANSDYTF-BJ1-2,3,1.0,1.9400631183231205
AV16D/DV11-CAMREDTNAYKVIF-AJ30_BV13-2-CASGETGANSDYTF-BJ1-2,3,2.0,1.5620785444572942
AV16D/DV11-CAMREDTNAYKVIF-AJ30_BV13-2-CASGETGANSDYTF-BJ1-2,3,5.0,1.278025417243905
AV16D/DV11-CAMREDTNTGKLTF-AJ27_BV13-1-CASSDGANSDYTF-BJ1-2,6,0.0,2.1190409196110203
AV16D/DV11-CAMREDTNTGKLTF-AJ27_BV13-1-CASSDGANSDYTF-BJ1-2,6,1.0,0.8488541256456571
AV16D/DV11-CAMREDTNTGKLTF-AJ27_BV13-1-CASSDGANSDYTF-BJ1-2,6,2.0,0.4676936248320565
AV16D/DV11-CAMREDTNTGKLTF-AJ27_BV13-1-CASSDGANSDYTF-BJ1-2,6,5.0,0.313543024325551
AV16D/DV11-CAMREEDSGTYQRF-AJ13_BV13-1-CASSERLGVSQNTLYF-BJ2-4,3,0.0,2.571415172555374
AV16D/DV11-CAMREEDSGTYQRF-AJ13_BV13-1-CASSERLGVSQNTLYF-BJ2-4,3,1.0,1.9857919917793225
AV16D/DV11-CAMREEDSGTYQRF-AJ13_BV13-1-CASSERLGVSQNTLYF-BJ2-4,3,2.0,1.7083152033615434
AV16D/DV11-CAMREEDSGTYQRF-AJ13_BV13-1-CASSERLGVSQNTLYF-BJ2-4,3,5.0,1.4447951092001776
AV16D/DV11-CAMREEIAGNTRKLIF-AJ37*p02_BV13-1-CASSTGAYTGQLYF-BJ2-2,2,0.0,2.5221970596792267
AV16D/DV11-CAMREEIAGNTRKLIF-AJ37*p02_BV13-1-CASSTGAYTGQLYF-BJ2-2,2,1.0,0.6329066458583913
AV16D/DV11-CAMREEIAGNTRKLIF-AJ37*p02_BV13-1-CASSTGAYTGQLYF-BJ2-2,2,2.0,0.365607407645909
AV16D/DV11-CAMREEIAGNTRKLIF-AJ37*p02_BV13-1-CASSTGAYTGQLYF-BJ2-2,2,5.0,0.2481423547931187
AV16D/DV11-CAMREGDNAGAKLTF-AJ39_BV13-2-CASGDVGYEQYF-BJ2-7,3,0.0,2.3764276723149886
AV16D/DV11-CAMREGDNAGAKLTF-AJ39_BV13-2-CASGDVGYEQYF-BJ2-7,3,1.0,1.4811830145566212
AV16D/DV11-CAMREGDNAGAKLTF-AJ39_BV13-2-CASGDVGYEQYF-BJ2-7,3,2.0,1.019674489675596
AV16D/DV11-CAMREGDNAGAKLTF-AJ39_BV13-2-CASGDVGYEQYF-BJ2-7,3,5.0,0.7022230871185458
AV16D/DV11-CAMREGDNNNRIFF-AJ31_BV13-1-CASRDLNTEVFF-BJ1-1,2,0.0,1.160964047443681
AV16D/DV11-CAMREGDNNNRIFF-AJ31_BV13-1-CASRDLNTEVFF-BJ1-1,2,1.0,0.24334633417737736
AV16D/DV11-CAMREGDNNNRIFF-AJ31_BV13-1-CASRDLNTEVFF-BJ1-1,2,2.0,0.09861617371902366
AV16D/DV11-CAMREGDNNNRIFF-AJ31_BV13-1-CASRDLNTEVFF-BJ1-1,2,5.0,0.062209794659523296
AV16D/DV11-CAMREGDNNNRIFF-AJ31_BV13-2-CASVDWGGADTQYF-BJ2-5,2,0.0,2.19615871138938
AV16D/DV11-CAMREGDNNNRIFF-AJ31_BV13-2-CASVDWGGADTQYF-BJ2-5,2,1.0,1.160376202480178
AV16D/DV11-CAMREGDNNNRIFF-AJ31_BV13-2-CASVDWGGADTQYF-BJ2-5,2,2.0,0.719113519325884
AV16D/DV11-CAMREGDNNNRIFF-AJ31_BV13-2-CASVDWGGADTQYF-BJ2-5,2,5.0,0.4814964077633873
AV16D/DV11-CAMREGDNNRIFF-AJ31_BV13-2-CASGDNYEQYF-BJ2-7,2,0.0,1.903677461028802
AV16D/DV11-CAMREGDNNRIFF-AJ31_BV13-2-CASGDNYEQYF-BJ2-7,2,1.0,0.5560223644120581
AV16D/DV11-CAMREGDNNRIFF-AJ31_BV13-2-CASGDNYEQYF-BJ2-7,2,2.0,0.38493423184572817
AV16D/DV11-CAMREGDNNRIFF-AJ31_BV13-2-CASGDNYEQYF-BJ2-7,2,5.0,0.28200075302691346
AV16D/DV11-CAMREGDSAGNKLTF-AJ17*p02_BV13-1-CASSEDSYNSPLYF-BJ1-6,3,0.0,1.6814647064528179
AV16D/DV11-CAMREGDSAGNKLTF-AJ17*p02_BV13-1-CASSEDSYNSPLYF-BJ1-6,3,1.0,1.5341670473859885
AV16D/DV11-CAMREGDSAGNKLTF-AJ17*p02_BV13-1-CASSEDSYNSPLYF-BJ1-6,3,2.0,1.4368108186831776
AV16D/DV11-CAMREGDSAGNKLTF-AJ17*p02_BV13-1-CASSEDSYNSPLYF-BJ1-6,3,5.0,1.2816415702120187
AV16D/DV11-CAMREGDSAGNKLTF-AJ17*p02_BV31-CAWRNQGARAEQFF-BJ2-1,4,0.0,2.292481250360578
AV16D/DV11-CAMREGDSAGNKLTF-AJ17*p02_BV31-CAWRNQGARAEQFF-BJ2-1,4,1.0,1.3117299943058274
AV16D/DV11-CAMREGDSAGNKLTF-AJ17*p02_BV31-CAWRNQGARAEQFF-BJ2-1,4,2.0,0.9806916801680201
AV16D/DV11-CAMREGDSAGNKLTF-AJ17*p02_BV31-CAWRNQGARAEQFF-BJ2-1,4,5.0,0.7805564789109292
AV16D/DV11-CAMREGDSNYQLIW-AJ33_BV13-2-CASGEAGGTYEQYF-BJ2-7,3,0.0,2.325759974499972
AV16D/DV11-CAMREGDSNYQLIW-AJ33_BV13-2-CASGEAGGTYEQYF-BJ2-7,3,1.0,1.8929554918264249
AV16D/DV11-CAMREGDSNYQLIW-AJ33_BV13-2-CASGEAGGTYEQYF-BJ2-7,3,2.0,1.6233852629207712
AV16D/DV11-CAMREGDSNYQLIW-AJ33_BV13-2-CASGEAGGTYEQYF-BJ2-7,3,5.0,1.3618713184748727
AV16D/DV11-CAMREGDSNYQLIW-AJ33_BV13-2-CASGGLVYEQYF-BJ2-7,16,0.0,2.3061015034476147
AV16D/DV11-CAMREGDSNYQLIW-AJ33_BV13-2-CASGGLVYEQYF-BJ2-7,16,1.0,1.716971594222804
AV16D/DV11-CAMREGDSNYQLIW-AJ33_BV13-2-CASGGLVYEQYF-BJ2-7,16,2.0,1.4187755936878665
AV16D/DV11-CAMREGDSNYQLIW-AJ33_BV13-2-CASGGLVYEQYF-BJ2-7,16,5.0,1.1519460047380405
AV16D/DV11-CAMREGENAYKVIF-AJ30_BV13-2-CASGGTAYEQYF-BJ2-7,2,0.0,1.9534452978042591
AV16D/DV11-CAMREGENAYKVIF-AJ30_BV13-2-CASGGTAYEQYF-BJ2-7,2,1.0,1.368055216944423
AV16D/DV11-CAMREGENAYKVIF-AJ30_BV13-2-CASGGTAYEQYF-BJ2-7,2,2.0,1.079266825021439
AV16D/DV11-CAMREGENAYKVIF-AJ30_BV13-2-CASGGTAYEQYF-BJ2-7,2,5.0,0.8839611232438553
AV16D/DV11-CAMREGESAGNKLTF-AJ17*p02_BV13-2-CASGARLGEAEQFF-BJ2-1,2,0.0,2.660964047443681
AV16D/DV11-CAMREGESAGNKLTF-AJ17*p02_BV13-2-CASGARLGEAEQFF-BJ2-1,2,1.0,2.3167956059601935
AV16D/DV11-CAMREGESAGNKLTF-AJ17*p02_BV13-2-CASGARLGEAEQFF-BJ2-1,2,2.0,2.046030276494384
AV16D/DV11-CAMREGESAGNKLTF-AJ17*p02_BV13-2-CASGARLGEAEQFF-BJ2-1,2,5.0,1.7232875234681386
AV16D/DV11-CAMREGETNAYKVIF-AJ30_BV2-CASSQDDRPSGNTLYF-BJ1-3,3,0.0,2.3481313731194846
AV16D/DV11-CAMREGETNAYKVIF-AJ30_BV2-CASSQDDRPSGNTLYF-BJ1-3,3,1.0,0.47205050647959085
AV16D/DV11-CAMREGETNAYKVIF-AJ30_BV2-CASSQDDRPSGNTLYF-BJ1-3,3,2.0,0.2025311086927579
AV16D/DV11-CAMREGETNAYKVIF-AJ30_BV2-CASSQDDRPSGNTLYF-BJ1-3,3,5.0,0.1285835213748986
AV16D/DV11-CAMREGGAYKVIF-AJ30_BV13-2-CASGDTGVANSDYTF-BJ1-2,2,0.0,2.453445297804259
AV16D/DV11-CAMREGGAYKVIF-AJ30_BV13-2-CASGDTGVANSDYTF-BJ1-2,2,1.0,1.0083775804377235
AV16D/DV11-CAMREGGAYKVIF-AJ30_BV13-2-CASGDTGVANSDYTF-BJ1-2,2,2.0,0.5526427245421144
AV16D/DV11-CAMREGGAYKVIF-AJ30_BV13-2-CASGDTGVANSDYTF-BJ1-2,2,5.0,0.36054882601620275
AV16D/DV11-CAMREGGGYKVVF-AJ12_BV13-2-CASGASPNTEVFF-BJ1-1,3,0.0,1.3333333333333333
AV16D/DV11-CAMREGGGYKVVF-AJ12_BV13-2-CASGASPNTEVFF-BJ1-1,3,1.0,0.6100239286936328
AV16D/DV11-CAMREGGGYKVVF-AJ12_BV13-2-CASGASPNTEVFF-BJ1-1,3,2.0,0.3599585118381771
AV16D/DV11-CAMREGGGYKVVF-AJ12_BV13-2-CASGASPNTEVFF-BJ1-1,3,5.0,0.23855803358441885
AV16D/DV11-CAMREGGRALIF-AJ15_BV1-CTCSADRVQNTLYF-BJ2-4,2,0.0,2.292481250360578
AV16D/DV11-CAMREGGRALIF-AJ15_BV1-CTCSADRVQNTLYF-BJ2-4,2,1.0,1.2360381720233158
AV16D/DV11-CAMREGGRALIF-AJ15_BV1-CTCSADRVQNTLYF-BJ2-4,2,2.0,0.783023607919939
AV16D/DV11-CAMREGGRALIF-AJ15_BV1-CTCSADRVQNTLYF-BJ2-4,2,5.0,0.5331570531150954
AV16D/DV11-CAMREGLGYKLTF-AJ9_BV13-2-CASGDGPVNQDTQYF-BJ2-5,2,0.0,2.292481250360578
AV16D/DV11-CAMREGLGYKLTF-AJ9_BV13-2-CASGDGPVNQDTQYF-BJ2-5,2,1.0,1.0054242588793787
AV16D/DV11-CAMREGLGYKLTF-AJ9_BV13-2-CASGDGPVNQDTQYF-BJ2-5,2,2.0,0.5501918480025425
AV16D/DV11-CAMREGLGYKLTF-AJ9_BV13-2-CASGDGPVNQDTQYF-BJ2-5,2,5.0,0.3585670227076897
AV16D/DV11-CAMREGNNAGAKLTF-AJ39_BV1-CTCSADRVRDTQYF-BJ2-5,3,0.0,2.325759974499972
AV16D/DV11-CAMREGNNAGAKLTF-AJ39_BV1-CTCSADRVRDTQYF-BJ2-5,3,1.0,1.3247754081779946
AV16D/DV11-CAMREGNNAGAKLTF-AJ39_BV1-CTCSADRVRDTQYF-BJ2-5,3,2.0,0.8618351275169488
AV16D/DV11-CAMREGNNAGAKLTF-AJ39_BV1-CTCSADRVRDTQYF-BJ2-5,3,5.0,0.6184244879050488
AV16D/DV11-CAMREGNNNNRIFF-AJ31_BV13-2-CATRDNYEQYF-BJ2-7,2,0.0,2.745926548164837
AV16D/DV11-CAMREGNNNNRIFF-AJ31_BV13-2-CATRDNYEQYF-BJ2-7,2,1.0,1.0243589020486945
AV16D/DV11-CAMREGNNNNRIFF-AJ31_BV13-2-CATRDNYEQYF-BJ2-7,2,2.0,0.5250103210177675
AV16D/DV11-CAMREGNNNNRIFF-AJ31_BV13-2-CATRDNYEQYF-BJ2-7,2,5.0,0.3394614413774225
AV16D/DV11-CAMREGNSGTYQRF-AJ13_BV13-2-CASGVDNSGNTLYF-BJ1-3,3,0.0,2.830617698776558
AV16D/DV11-CAMREGNSGTYQRF-AJ13_BV13-2-CASGVDNSGNTLYF-BJ1-3,3,1.0,0.9510145786729103
AV16D/DV11-CAMREGNSGTYQRF-AJ13_BV13-2-CASGVDNSGNTLYF-BJ1-3,3,2.0,0.4629363454412701
AV16D/DV11-CAMREGNSGTYQRF-AJ13_BV13-2-CASGVDNSGNTLYF-BJ1-3,3,5.0,0.29711604619583026
AV16D/DV11-CAMREGPTGNTRKLIF-AJ37*p02_BV13-2-CASGDAPGLGGDTQYF-BJ2-5,3,0.0,2.163951032109891
AV16D/DV11-CAMREGPTGNTRKLIF-AJ37*p02_BV13-2-CASGDAPGLGGDTQYF-BJ2-5,3,1.0,1.280438503847582
AV16D/DV11-CAMREGPTGNTRKLIF-AJ37*p02_BV13-2-CASGDAPGLGGDTQYF-BJ2-5,3,2.0,0.8479944920783136
AV16D/DV11-CAMREGPTGNTRKLIF-AJ37*p02_BV13-2-CASGDAPGLGGDTQYF-BJ2-5,3,5.0,0.5813847002412524
AV16D/DV11-CAMREGQTGGYKVVF-AJ12_BV13-2-CASGENRANSDYTF-BJ1-2,17,0.0,1.9844658565014408
AV16D/DV11-CAMREGQTGGYKVVF-AJ12_BV13-2-CASGENRANSDYTF-BJ1-2,17,1.0,1.0471546563202236
AV16D/DV11-CAMREGQTGGYKVVF-AJ12_BV13-2-CASGENRANSDYTF-BJ1-2,17,2.0,0.7109329473939823
AV16D/DV11-CAMREGQTGGYKVVF-AJ12_BV13-2-CASGENRANSDYTF-BJ1-2,17,5.0,0.511041743030913
AV16D/DV11-CAMREGSSGSWQLIF-AJ22_BV1-CTCSADRVAETLYF-BJ2-3,2,0.0,2.660964047443681
AV16D/DV11-CAMREGSSGSWQLIF-AJ22_BV1-CTCSADRVAETLYF-BJ2-3,2,1.0,1.7890801159359855
AV16D/DV11-CAMREGSSGSWQLIF-AJ22_BV1-CTCSADRVAETLYF-BJ2-3,2,2.0,1.5280451917930047
AV16D/DV11-CAMREGSSGSWQLIF-AJ22_BV1-CTCSADRVAETLYF-BJ2-3,2,5.0,1.3154746715031576
AV16D/DV11-CAMREGSSGSWQLIF-AJ22_BV13-1-CASSDVGDEQYF-BJ2-7,8,0.0,1.9007623267494744
AV16D/DV11-CAMREGSSGSWQLIF-AJ22_BV13-1-CASSDVGDEQYF-BJ2-7,8,1.0,0.7503095118151921
AV16D/DV11-CAMREGSSGSWQLIF-AJ22_BV13-1-CASSDVGDEQYF-BJ2-7,8,2.0,0.4449724233160093
AV16D/DV11-CAMREGSSGSWQLIF-AJ22_BV13-1-CASSDVGDEQYF-BJ2-7,8,5.0,0.2962061572968885
AV16D/DV11-CAMREGSSGSWQLIF-AJ22_BV19-CASSITENTEVFF-BJ1-1,7,0.0,2.2073158731189038
AV16D/DV11-CAMREGSSGSWQLIF-AJ22_BV19-CASSITENTEVFF-BJ1-1,7,1.0,0.675771416945495
AV16D/DV11-CAMREGSSGSWQLIF-AJ22_BV19-CASSITENTEVFF-BJ1-1,7,2.0,0.3165990614203392
AV16D/DV11-CAMREGSSGSWQLIF-AJ22_BV19-CASSITENTEVFF-BJ1-1,7,5.0,0.20216489109738212
AV16D/DV11-CAMREGVSAGNKLTF-AJ17*p02_BV13-1-CASSDVGAEQFF-BJ2-1,25,0.0,2.5460477729003204
AV16D/DV11-CAMREGVSAGNKLTF-AJ17*p02_BV13-1-CASSDVGAEQFF-BJ2-1,25,1.0,0.9274825694710305
AV16D/DV11-CAMREGVSAGNKLTF-AJ17*p02_BV13-1-CASSDVGAEQFF-BJ2-1,25,2.0,0.5284352888566104
AV16D/DV11-CAMREGVSAGNKLTF-AJ17*p02_BV13-1-CASSDVGAEQFF-BJ2-1,25,5.0,0.36353484679361026
AV16D/DV11-CAMREGYAQGLTF-AJ26_BV13-2-CASWDISGNTLYF-BJ1-3,15,0.0,2.2363965744586944
AV16D/DV11-CAMREGYAQGLTF-AJ26_BV13-2-CASWDISGNTLYF-BJ1-3,15,1.0,1.1121920331417987
AV16D/DV11-CAMREGYAQGLTF-AJ26_BV13-2-CASWDISGNTLYF-BJ1-3,15,2.0,0.7738786197266603
AV16D/DV11-CAMREGYAQGLTF-AJ26_BV13-2-CASWDISGNTLYF-BJ1-3,15,5.0,0.571355148905284
AV16D/DV11-CAMRELNSAGNKLTF-AJ17*p02_BV13-2-CASGDVGYEQYF-BJ2-7,2,0.0,2.292481250360578
AV16D/DV11-CAMRELNSAGNKLTF-AJ17*p02_BV13-2-CASGDVGYEQYF-BJ2-7,2,1.0,1.8976086744898986
AV16D/DV11-CAMRELNSAGNKLTF-AJ17*p02_BV13-2-CASGDVGYEQYF-BJ2-7,2,2.0,1.613948971242166
AV16D/DV11-CAMRELNSAGNKLTF-AJ17*p02_BV13-2-CASGDVGYEQYF-BJ2-7,2,5.0,1.334150594487666
AV16D/DV11-CAMRELNYGGSGNKLIF-AJ32_BV1-CTCSAVKNTGQLYF-BJ2-2,2,0.0,2.403677461028802
AV16D/DV11-CAMRELNYGGSGNKLIF-AJ32_BV1-CTCSAVKNTGQLYF-BJ2-2,2,1.0,1.922413315361927
AV16D/DV11-CAMRELNYGGSGNKLIF-AJ32_BV1-CTCSAVKNTGQLYF-BJ2-2,2,2.0,1.6379959053602513
AV16D/DV11-CAMRELNYGGSGNKLIF-AJ32_BV1-CTCSAVKNTGQLYF-BJ2-2,2,5.0,1.4056560522904975
AV16D/DV11-CAMRELTGNTRKLIF-AJ37*p02_BV13-2-CASGDINTEVFF-BJ1-1,3,0.0,2.830617698776558
AV16D/DV11-CAMRELTGNTRKLIF-AJ37*p02_BV13-2-CASGDINTEVFF-BJ1-1,3,1.0,1.0784714772380044
AV16D/DV11-CAMRELTGNTRKLIF-AJ37*p02_BV13-2-CASGDINTEVFF-BJ1-1,3,2.0,0.5789515607971389
AV16D/DV11-CAMRELTGNTRKLIF-AJ37*p02_BV13-2-CASGDINTEVFF-BJ1-1,3,5.0,0.3780418504772343
AV16D/DV11-CAMRESNNYAQGLTF-AJ26_BV5-CASSTRTGGENYAEQFF-BJ2-1,3,0.0,3.1517757401015203
AV16D/DV11-CAMRESNNYAQGLTF-AJ26_BV5-CASSTRTGGENYAEQFF-BJ2-1,3,1.0,2.239744446807373
AV16D/DV11-CAMRESNNYAQGLTF-AJ26_BV5-CASSTRTGGENYAEQFF-BJ2-1,3,2.0,1.6493629586942735
AV16D/DV11-CAMRESNNYAQGLTF-AJ26_BV5-CASSTRTGGENYAEQFF-BJ2-1,3,5.0,1.1694204616895936
AV16D/DV11-CAMRESNSGGSNAKLTF-AJ42_BV13-1-CASSGQGTETLYF-BJ2-3,5,0.0,2.045763738099176
AV16D/DV11-CAMRESNSGGSNAKLTF-AJ42_BV13-1-CASSGQGTETLYF-BJ2-3,5,1.0,1.1854076334394301
AV16D/DV11-CAMRESNSGGSNAKLTF-AJ42_BV13-1-CASSGQGTETLYF-BJ2-3,5,2.0,0.8203332854919365
AV16D/DV11-CAMRESNSGGSNAKLTF-AJ42_BV13-1-CASSGQGTETLYF-BJ2-3,5,5.0,0.6177944761492296
AV16D/DV11-CAMREVDAGAKLTF-AJ39_BV1-CTCSADRVGNQAPLF-BJ1-5,2,0.0,3.377443751081734
AV16D/DV11-CAMREVDAGAKLTF-AJ39_BV1-CTCSADRVGNQAPLF-BJ1-5,2,1.0,2.4226907424468838
AV16D/DV11-CAMREVDAGAKLTF-AJ39_BV1-CTCSADRVGNQAPLF-BJ1-5,2,2.0,1.7368814258732335
AV16D/DV11-CAMREVDAGAKLTF-AJ39_BV1-CTCSADRVGNQAPLF-BJ1-5,2,5.0,1.210741112414046
AV16D/DV11-CAMREVTGANTGKLTF-AJ52_BV1-CTCSVDRIQDTQYF-BJ2-5,6,0.0,2.0411234330821904
AV16D/DV11-CAMREVTGANTGKLTF-AJ52_BV1-CTCSVDRIQDTQYF-BJ2-5,6,1.0,1.3349257851424603
AV16D/DV11-CAMREVTGANTGKLTF-AJ52_BV1-CTCSVDRIQDTQYF-BJ2-5,6,2.0,1.0605036582895842
AV16D/DV11-CAMREVTGANTGKLTF-AJ52_BV1-CTCSVDRIQDTQYF-BJ2-5,6,5.0,0.8630333054348228
AV16D/DV11-CAMRGHQGGRALIF-AJ15_BV13-2-CASGDAQNQNTLYF-BJ2-4,2,0.0,2.292481250360578
AV16D/DV11-CAMRGHQGGRALIF-AJ15_BV13-2-CASGDAQNQNTLYF-BJ2-4,2,1.0,1.821827400659255
AV16D/DV11-CAMRGHQGGRALIF-AJ15_BV13-2-CASGDAQNQNTLYF-BJ2-4,2,2.0,1.5527181374952994
AV16D/DV11-CAMRGHQGGRALIF-AJ15_BV13-2-CASGDAQNQNTLYF-BJ2-4,2,5.0,1.298664403767261
AV16D/DV11-CAMSSNYQLIW-AJ33_BV13-2-CASGVPGQGGQAPLF-BJ1-5,2,0.0,2.403677461028802
AV16D/DV11-CAMSSNYQLIW-AJ33_BV13-2-CASGVPGQGGQAPLF-BJ1-5,2,1.0,2.1040737116190757
AV16D/DV11-CAMSSNYQLIW-AJ33_BV13-2-CASGVPGQGGQAPLF-BJ1-5,2,2.0,1.925877452830275
AV16D/DV11-CAMSSNYQLIW-AJ33_BV13-2-CASGVPGQGGQAPLF-BJ1-5,2,5.0,1.7261930940406396
AV19-CAAGAQGGSAKLIF-AJ57_BV13-1-CASSDEYNNQAPLF-BJ1-5,3,0.0,2.0566416671474372
AV19-CAAGAQGGSAKLIF-AJ57_BV13-1-CASSDEYNNQAPLF-BJ1-5,3,1.0,0.4960852363484347
AV19-CAAGAQGGSAKLIF-AJ57_BV13-1-CASSDEYNNQAPLF-BJ1-5,3,2.0,0.22168419745153922
AV19-CAAGAQGGSAKLIF-AJ57_BV13-1-CASSDEYNNQAPLF-BJ1-5,3,5.0,0.14129754785870444
AV19-CAAGDAGYQNFYF-AJ49_BV17-CASSRTGGSDYTF-BJ1-2,26,0.0,2.288481094764625
AV19-CAAGDAGYQNFYF-AJ49_BV17-CASSRTGGSDYTF-BJ1-2,26,1.0,0.9868501367118293
AV19-CAAGDAGYQNFYF-AJ49_BV17-CASSRTGGSDYTF-BJ1-2,26,2.0,0.6093754904677585
AV19-CAAGDAGYQNFYF-AJ49_BV17-CASSRTGGSDYTF-BJ1-2,26,5.0,0.41831264973489407
AV19-CAAGPSNTGYQNFYF-AJ49_BV13-2-CASGDRYNYAEQFF-BJ2-1,2,0.0,2.903677461028802
AV19-CAAGPSNTGYQNFYF-AJ49_BV13-2-CASGDRYNYAEQFF-BJ2-1,2,1.0,1.2890649247049561
AV19-CAAGPSNTGYQNFYF-AJ49_BV13-2-CASGDRYNYAEQFF-BJ2-1,2,2.0,0.7695346675395025
AV19-CAAGPSNTGYQNFYF-AJ49_BV13-2-CASGDRYNYAEQFF-BJ2-1,2,5.0,0.5155252020361822
AV19-CAANNAGAKLTF-AJ39_BV16-CASSLGWGRDAETLYF-BJ2-3,8,0.0,2.588722143215283
AV19-CAANNAGAKLTF-AJ39_BV16-CASSLGWGRDAETLYF-BJ2-3,8,1.0,1.4552842045790721
AV19-CAANNAGAKLTF-AJ39_BV16-CASSLGWGRDAETLYF-BJ2-3,8,2.0,1.0606975316478398
AV19-CAANNAGAKLTF-AJ39_BV16-CASSLGWGRDAETLYF-BJ2-3,8,5.0,0.8237285563169616
AV19-CAAVTGFASALTF-AJ35_BV13-2-CASGYRGTNQAPLF-BJ1-5,3,0.0,2.681464706452818
AV19-CAAVTGFASALTF-AJ35_BV13-2-CASGYRGTNQAPLF-BJ1-5,3,1.0,2.3899113302046895
AV19-CAAVTGFASALTF-AJ35_BV13-2-CASGYRGTNQAPLF-BJ1-5,3,2.0,2.1533952408544863
AV19-CAAVTGFASALTF-AJ35_BV13-2-CASGYRGTNQAPLF-BJ1-5,3,5.0,1.8154040896230963
AV2-CIVTASTGGYKVVF-AJ12_BV16-CASSGGGTEVFF-BJ1-1,3,0.0,3.209785540026536
AV2-CIVTASTGGYKVVF-AJ12_BV16-CASSGGGTEVFF-BJ1-1,3,1.0,2.2478254825885635
AV2-CIVTASTGGYKVVF-AJ12_BV16-CASSGGGTEVFF-BJ1-1,3,2.0,1.6563749009575839
AV2-CIVTASTGGYKVVF-AJ12_BV16-CASSGGGTEVFF-BJ1-1,3,5.0,1.1902573882712522
AV2-CIVTDRGSALGRLHF-AJ18_BV29-CASSSGTSNSDYTF-BJ1-2,2,0.0,2.584962500721156
AV2-CIVTDRGSALGRLHF-AJ18_BV29-CASSSGTSNSDYTF-BJ1-2,2,1.0,1.5219366633156624
AV2-CIVTDRGSALGRLHF-AJ18_BV29-CASSSGTSNSDYTF-BJ1-2,2,2.0,1.0246350305301013
AV2-CIVTDRGSALGRLHF-AJ18_BV29-CASSSGTSNSDYTF-BJ1-2,2,5.0,0.7078831044193138
AV2-CIVTDTNAYKVIF-AJ30_BV20-CGALTGNEQYF-BJ2-7,3,0.0,1.1949875002403854
AV2-CIVTDTNAYKVIF-AJ30_BV20-CGALTGNEQYF-BJ2-7,3,1.0,0.9128723944007944
AV2-CIVTDTNAYKVIF-AJ30_BV20-CGALTGNEQYF-BJ2-7,3,2.0,0.7780003090626457
AV2-CIVTDTNAYKVIF-AJ30_BV20-CGALTGNEQYF-BJ2-7,3,5.0,0.6496250527540443
AV3-1-CAVRASSGSWQLIF-AJ22_BV4-CASSSIEQFF-BJ2-1,17,0.0,2.661732158806619
AV3-1-CAVRASSGSWQLIF-AJ22_BV4-CASSSIEQFF-BJ2-1,17,1.0,0.5379690082264941
AV3-1-CAVRASSGSWQLIF-AJ22_BV4-CASSSIEQFF-BJ2-1,17,2.0,0.21526994346089845
AV3-1-CAVRASSGSWQLIF-AJ22_BV4-CASSSIEQFF-BJ2-1,17,5.0,0.1360280112451794
AV3-1-CAVRGSSGSWQLIF-AJ22_BV4-CASSQSTQYF-BJ2-5,3,0.0,2.723308333814104
AV3-1-CAVRGSSGSWQLIF-AJ22_BV4-CASSQSTQYF-BJ2-5,3,1.0,0.549374505711513
AV3-1-CAVRGSSGSWQLIF-AJ22_BV4-CASSQSTQYF-BJ2-5,3,2.0,0.22825346473105815
AV3-1-CAVRGSSGSWQLIF-AJ22_BV4-CASSQSTQYF-BJ2-5,3,5.0,0.1446398019835805
AV3-1-CAVSAGTNAYKVIF-AJ30_BV13-2-CASGPGGENTLYF-BJ2-4,3,0.0,2.0566416671474372
AV3-1-CAVSAGTNAYKVIF-AJ30_BV13-2-CASGPGGENTLYF-BJ2-4,3,1.0,1.4291363808631685
AV3-1-CAVSAGTNAYKVIF-AJ30_BV13-2-CASGPGGENTLYF-BJ2-4,3,2.0,1.091712711629418
AV3-1-CAVSAGTNAYKVIF-AJ30_BV13-2-CASGPGGENTLYF-BJ2-4,3,5.0,0.80901292624098
AV3-1-CAVSAGTNAYKVIF-AJ30_BV13-2-CASGTGGGNTLYF-BJ1-3,6,0.0,2.1794692661751385
AV3-1-CAVSAGTNAYKVIF-AJ30_BV13-2-CASGTGGGNTLYF-BJ1-3,6,1.0,1.5949976847944634
AV3-1-CAVSAGTNAYKVIF-AJ30_BV13-2-CASGTGGGNTLYF-BJ1-3,6,2.0,1.2654584181383728
AV3-1-CAVSAGTNAYKVIF-AJ30_BV13-2-CASGTGGGNTLYF-BJ1-3,6,5.0,0.9897690675564137
AV3-1-CAVSDQGGRALIF-AJ15_BV13-1-CASSDAGAISNERLFF-BJ1-4,2,0.0,2.660964047443681
AV3-1-CAVSDQGGRALIF-AJ15_BV13-1-CASSDAGAISNERLFF-BJ1-4,2,1.0,1.5700144283073696
AV3-1-CAVSDQGGRALIF-AJ15_BV13-1-CASSDAGAISNERLFF-BJ1-4,2,2.0,1.181540188994606
AV3-1-CAVSDQGGRALIF-AJ15_BV13-1-CASSDAGAISNERLFF-BJ1-4,2,5.0,0.8590730200446037
AV3-1-CAVSEDSGTYQRF-AJ13_BV12-2-CASSGDWGFQDTQYF-BJ2-5,2,0.0,1.292481250360578
AV3-1-CAVSEDSGTYQRF-AJ13_BV12-2-CASSGDWGFQDTQYF-BJ2-5,2,1.0,1.1485396637703325
AV3-1-CAVSEDSGTYQRF-AJ13_BV12-2-CASSGDWGFQDTQYF-BJ2-5,2,2.0,1.035194663945699
AV3-1-CAVSEDSGTYQRF-AJ13_BV12-2-CASSGDWGFQDTQYF-BJ2-5,2,5.0,0.8589291666440833
AV3-3-CAVGAGNTRKLIF-AJ37*p02_BV13-2-CASGPSGGADTQYF-BJ2-5,2,0.0,1.160964047443681
AV3-3-CAVGAGNTRKLIF-AJ37*p02_BV13-2-CASGPSGGADTQYF-BJ2-5,2,1.0,0.2841253159081008
AV3-3-CAVGAGNTRKLIF-AJ37*p02_BV13-2-CASGPSGGADTQYF-BJ2-5,2,2.0,0.12789811996632805
AV3-3-CAVGAGNTRKLIF-AJ37*p02_BV13-2-CASGPSGGADTQYF-BJ2-5,2,5.0,0.08149781482135379
AV3-3-CAVGDYANKMIF-AJ47_BV13-2-CASGEGGGYEQYF-BJ2-7,2,0.0,2.453445297804259
AV3-3-CAVGDYANKMIF-AJ47_BV13-2-CASGEGGGYEQYF-BJ2-7,2,1.0,1.4148186624152777
AV3-3-CAVGDYANKMIF-AJ47_BV13-2-CASGEGGGYEQYF-BJ2-7,2,2.0,0.8968967279724833
AV3-3-CAVGDYANKMIF-AJ47_BV13-2-CASGEGGGYEQYF-BJ2-7,2,5.0,0.6007639295027701
AV3-3-CAVIIFSNTDKVVF-AJ34*p03_BV17-CASSRDRVPETLYF-BJ2-3,3,0.0,2.937927063739012
AV3-3-CAVIIFSNTDKVVF-AJ34*p03_BV17-CASSRDRVPETLYF-BJ2-3,3,1.0,0.6890100658870412
AV3-3-CAVIIFSNTDKVVF-AJ34*p03_BV17-CASSRDRVPETLYF-BJ2-3,3,2.0,0.28524705884902013
AV3-3-CAVIIFSNTDKVVF-AJ34*p03_BV17-CASSRDRVPETLYF-BJ2-3,3,5.0,0.1803514724740459
AV3-3-CAVINYAQGLTF-AJ26_BV29-CASSSRDKNYAEQFF-BJ2-1,4,0.0,1.938721875540867
AV3-3-CAVINYAQGLTF-AJ26_BV29-CASSSRDKNYAEQFF-BJ2-1,4,1.0,1.0779376917103576
AV3-3-CAVINYAQGLTF-AJ26_BV29-CASSSRDKNYAEQFF-BJ2-1,4,2.0,0.6918696134547642
AV3-3-CAVINYAQGLTF-AJ26_BV29-CASSSRDKNYAEQFF-BJ2-1,4,5.0,0.4706979010463396
AV3-3-CAVKNTGNYKYVF-AJ40_BV13-3-CASSDRGRQNTLYF-BJ2-4,3,0.0,2.409606230165293
AV3-3-CAVKNTGNYKYVF-AJ40_BV13-3-CASSDRGRQNTLYF-BJ2-4,3,1.0,1.6420759985185847
AV3-3-CAVKNTGNYKYVF-AJ40_BV13-3-CASSDRGRQNTLYF-BJ2-4,3,2.0,1.2059707360512897
AV3-3-CAVKNTGNYKYVF-AJ40_BV13-3-CASSDRGRQNTLYF-BJ2-4,3,5.0,0.8757387440736721
AV3-3-CAVSANTGNYKYVF-AJ40_BV13-1-CASSADWVYEQYF-BJ2-7,3,0.0,2.1949875002403854
AV3-3-CAVSANTGNYKYVF-AJ40_BV13-1-CASSADWVYEQYF-BJ2-7,3,1.0,1.5247704035626046
AV3-3-CAVSANTGNYKYVF-AJ40_BV13-1-CASSADWVYEQYF-BJ2-7,3,2.0,1.1318570497774783
AV3-3-CAVSANTGNYKYVF-AJ40_BV13-1-CASSADWVYEQYF-BJ2-7,3,5.0,0.816082371800162
AV3-3-CAVSFNNAGAKLTF-AJ39_BV1-CTCSADRVYAEQFF-BJ2-1,3,0.0,1.4641058075929199
AV3-3-CAVSFNNAGAKLTF-AJ39_BV1-CTCSADRVYAEQFF-BJ2-1,3,1.0,0.5035221572949198
AV3-3-CAVSFNNAGAKLTF-AJ39_BV1-CTCSADRVYAEQFF-BJ2-1,3,2.0,0.25265554779620536
AV3-3-CAVSFNNAGAKLTF-AJ39_BV1-CTCSADRVYAEQFF-BJ2-1,3,5.0,0.16256029721231616
AV3-3-CAVSGGYKVVF-AJ12_BV14-CASRTGGYAEQFF-BJ2-1,2,0.0,2.160964047443681
AV3-3-CAVSGGYKVVF-AJ12_BV14-CASRTGGYAEQFF-BJ2-1,2,1.0,1.5194358310060911
AV3-3-CAVSGGYKVVF-AJ12_BV14-CASRTGGYAEQFF-BJ2-1,2,2.0,1.1297372623609756
AV3-3-CAVSGGYKVVF-AJ12_BV14-CASRTGGYAEQFF-BJ2-1,2,5.0,0.7914648864548365
AV3-3-CAVSMYQGGRALIF-AJ15_BV29-CASSPGTTNTEVFF-BJ1-1,14,0.0,2.3445685425169693
AV3-3-CAVSMYQGGRALIF-AJ15_BV29-CASSPGTTNTEVFF-BJ1-1,14,1.0,0.9891179265558049
AV3-3-CAVSMYQGGRALIF-AJ15_BV29-CASSPGTTNTEVFF-BJ1-1,14,2.0,0.5481904315631181
AV3-3-CAVSMYQGGRALIF-AJ15_BV29-CASSPGTTNTEVFF-BJ1-1,14,5.0,0.3609028660788315
AV3-3-CAVSVNYGGSGNKLIF-AJ32_BV5-CASSQDLWGAGSQNTLYF-BJ2-4,5,0.0,2.0983706192659346
AV3-3-CAVSVNYGGSGNKLIF-AJ32_BV5-CASSQDLWGAGSQNTLYF-BJ2-4,5,1.0,1.5183357710695489
AV3-3-CAVSVNYGGSGNKLIF-AJ32_BV5-CASSQDLWGAGSQNTLYF-BJ2-4,5,2.0,1.2930886056294408
AV3-3-CAVSVNYGGSGNKLIF-AJ32_BV5-CASSQDLWGAGSQNTLYF-BJ2-4,5,5.0,1.1353483369233737
AV3-3-CAVSVYGGSGNKLIF-AJ32_BV17-CASSRGQFNQDTQYF-BJ2-5,3,0.0,1.4641058075929199
AV3-3-CAVSVYGGSGNKLIF-AJ32_BV17-CASSRGQFNQDTQYF-BJ2-5,3,1.0,0.5335152997547767
AV3-3-CAVSVYGGSGNKLIF-AJ32_BV17-CASSRGQFNQDTQYF-BJ2-5,3,2.0,0.26882811795270284
AV3-3-CAVSVYGGSGNKLIF-AJ32_BV17-CASSRGQFNQDTQYF-BJ2-5,3,5.0,0.17259522785987602
AV3-4-CAAYSGGSNYKLTF-AJ53_BV13-3-CASRDRGSGNTLYF-BJ1-3,3,0.0,2.723308333814104
AV3-4-CAAYSGGSNYKLTF-AJ53_BV13-3-CASRDRGSGNTLYF-BJ1-3,3,1.0,1.5571940849807895
AV3-4-CAAYSGGSNYKLTF-AJ53_BV13-3-CASRDRGSGNTLYF-BJ1-3,3,2.0,1.082588999978518
AV3-4-CAAYSGGSNYKLTF-AJ53_BV13-3-CASRDRGSGNTLYF-BJ1-3,3,5.0,0.8105115610709489
AV3-4-CADSGGSNAKLTF-AJ42_BV13-1-CASSETANSDYTF-BJ1-2,4,0.0,1.84807935569469
AV3-4-CADSGGSNAKLTF-AJ42_BV13-1-CASSETANSDYTF-BJ1-2,4,1.0,1.451831956092199
AV3-4-CADSGGSNAKLTF-AJ42_BV13-1-CASSETANSDYTF-BJ1-2,4,2.0,1.2210479124715854
AV3-4-CADSGGSNAKLTF-AJ42_BV13-1-CASSETANSDYTF-BJ1-2,4,5.0,0.9910051911746504
AV3-4-CAVSGDYANKMIF-AJ47_BV3-CASSLGTGGYEQYF-BJ2-7,2,0.0,3.0
AV3-4-CAVSGDYANKMIF-AJ47_BV3-CASSLGTGGYEQYF-BJ2-7,2,1.0,1.3371281150339658
AV3-4-CAVSGDYANKMIF-AJ47_BV3-CASSLGTGGYEQYF-BJ2-7,2,2.0,0.8675888143346429
AV3-4-CAVSGDYANKMIF-AJ47_BV3-CASSLGTGGYEQYF-BJ2-7,2,5.0,0.6148318626232034
AV3-4-CAVSVSNTDKVVF-AJ34*p03_BV14-CASSFRVEQYF-BJ2-7,2,0.0,2.453445297804259
AV3-4-CAVSVSNTDKVVF-AJ34*p03_BV14-CASSFRVEQYF-BJ2-7,2,1.0,1.5176834943538275
AV3-4-CAVSVSNTDKVVF-AJ34*p03_BV14-CASSFRVEQYF-BJ2-7,2,2.0,1.1787180102228318
AV3-4-CAVSVSNTDKVVF-AJ34*p03_BV14-CASSFRVEQYF-BJ2-7,2,5.0,0.9743950100007848
AV3D-3-CAVINYAQGLTF-AJ26_BV29-CASSSRDKNYAEQFF-BJ2-1,2,0.0,0.5
AV3D-3-CAVINYAQGLTF-AJ26_BV29-CASSSRDKNYAEQFF-BJ2-1,2,1.0,0.10031116215635733
AV3D-3-CAVINYAQGLTF-AJ26_BV29-CASSSRDKNYAEQFF-BJ2-1,2,2.0,0.04505345811497903
AV3D-3-CAVINYAQGLTF-AJ26_BV29-CASSSRDKNYAEQFF-BJ2-1,2,5.0,0.02862729970913821
AV3D-3-CAVNSGSWQLIF-AJ22_BV1-CTCSADPGDYAEQFF-BJ2-1,9,0.0,2.348412142900489
AV3D-3-CAVNSGSWQLIF-AJ22_BV1-CTCSADPGDYAEQFF-BJ2-1,9,1.0,1.8300452112698298
AV3D-3-CAVNSGSWQLIF-AJ22_BV1-CTCSADPGDYAEQFF-BJ2-1,9,2.0,1.5254768265244023
AV3D-3-CAVNSGSWQLIF-AJ22_BV1-CTCSADPGDYAEQFF-BJ2-1,9,5.0,1.2510274933466496
AV3D-3-CAVSGDMGYKLTF-AJ9_BV5-CASSQGDWGYAEQFF-BJ2-1,2,0.0,2.0
AV3D-3-CAVSGDMGYKLTF-AJ9_BV5-CASSQGDWGYAEQFF-BJ2-1,2,1.0,0.5124077434988541
AV3D-3-CAVSGDMGYKLTF-AJ9_BV5-CASSQGDWGYAEQFF-BJ2-1,2,2.0,0.22446451044386237
AV3D-3-CAVSGDMGYKLTF-AJ9_BV5-CASSQGDWGYAEQFF-BJ2-1,2,5.0,0.1424236883947011
AV3D-3-CAVSMYQGGRALIF-AJ15_BV29-CASSPGTTNTEVFF-BJ1-1,5,0.0,2.1813781191217037
AV3D-3-CAVSMYQGGRALIF-AJ15_BV29-CASSPGTTNTEVFF-BJ1-1,5,1.0,1.3465061875733622
AV3D-3-CAVSMYQGGRALIF-AJ15_BV29-CASSPGTTNTEVFF-BJ1-1,5,2.0,0.9388905361402724
AV3D-3-CAVSMYQGGRALIF-AJ15_BV29-CASSPGTTNTEVFF-BJ1-1,5,5.0,0.6525452257765785
AV3D-3-CAVSRGGSGNKLIF-AJ32_BV13-1-CASSDSGENTLYF-BJ2-4,2,0.0,2.584962500721156
AV3D-3-CAVSRGGSGNKLIF-AJ32_BV13-1-CASSDSGENTLYF-BJ2-4,2,1.0,1.4401601938388666
AV3D-3-CAVSRGGSGNKLIF-AJ32_BV13-1-CASSDSGENTLYF-BJ2-4,2,2.0,0.843964638344161
AV3D-3-CAVSRGGSGNKLIF-AJ32_BV13-1-CASSDSGENTLYF-BJ2-4,2,5.0,0.5518862706531058
AV3D-3-CAVTSSSGSWQLIF-AJ22_BV13-1-CASSERRGDSDYTF-BJ1-2,2,0.0,2.564641508472483
AV3D-3-CAVTSSSGSWQLIF-AJ22_BV13-1-CASSERRGDSDYTF-BJ1-2,2,1.0,1.2236530355181054
AV3D-3-CAVTSSSGSWQLIF-AJ22_BV13-1-CASSERRGDSDYTF-BJ1-2,2,2.0,0.7385634044704027
AV3D-3-CAVTSSSGSWQLIF-AJ22_BV13-1-CASSERRGDSDYTF-BJ1-2,2,5.0,0.493878023358788
AV3D-3-CAVTSSSGSWQLIF-AJ22_BV17-CASSAGQANTGQLYF-BJ2-2,3,0.0,2.5479520632582413
AV3D-3-CAVTSSSGSWQLIF-AJ22_BV17-CASSAGQANTGQLYF-BJ2-2,3,1.0,2.2477138589036154
AV3D-3-CAVTSSSGSWQLIF-AJ22_BV17-CASSAGQANTGQLYF-BJ2-2,3,2.0,2.0304090947227746
AV3D-3-CAVTSSSGSWQLIF-AJ22_BV17-CASSAGQANTGQLYF-BJ2-2,3,5.0,1.7457120675262197
AV4-2-CAAEARNVGDNSKLIW-AJ38_BV14-CASSFGGTGVYEQYF-BJ2-7,3,0.0,2.950583013805353
AV4-2-CAAEARNVGDNSKLIW-AJ38_BV14-CASSFGGTGVYEQYF-BJ2-7,3,1.0,2.1443433747137948
AV4-2-CAAEARNVGDNSKLIW-AJ38_BV14-CASSFGGTGVYEQYF-BJ2-7,3,2.0,1.6116087684751232
AV4-2-CAAEARNVGDNSKLIW-AJ38_BV14-CASSFGGTGVYEQYF-BJ2-7,3,5.0,1.18026829706295
AV4-2-CAAEVSYGNEKITF-AJ48_BV2-CASSPYVTDSSYEQYF-BJ2-7,2,0.0,2.084962500721156
AV4-2-CAAEVSYGNEKITF-AJ48_BV2-CASSPYVTDSSYEQYF-BJ2-7,2,1.0,0.8813499211868254
AV4-2-CAAEVSYGNEKITF-AJ48_BV2-CASSPYVTDSSYEQYF-BJ2-7,2,2.0,0.4789883925521466
AV4-2-CAAEVSYGNEKITF-AJ48_BV2-CASSPYVTDSSYEQYF-BJ2-7,2,5.0,0.3096308665972086
AV4-3-CAADQGGRALIF-AJ15_BV13-2-CASGWAPLGDYEQYF-BJ2-7,13,0.0,1.6460572070721686
AV4-3-CAADQGGRALIF-AJ15_BV13-2-CASGWAPLGDYEQYF-BJ2-7,13,1.0,1.1831130972003931
AV4-3-CAADQGGRALIF-AJ15_BV13-2-CASGWAPLGDYEQYF-BJ2-7,13,2.0,0.9481295381008414
AV4-3-CAADQGGRALIF-AJ15_BV13-2-CASGWAPLGDYEQYF-BJ2-7,13,5.0,0.7691851434540523
AV4-3-CAAEAAYQNFYF-AJ49_BV4-CASSNRVEQYF-BJ2-7,3,0.0,1.1073093649624541
AV4-3-CAAEAAYQNFYF-AJ49_BV4-CASSNRVEQYF-BJ2-7,3,1.0,0.6177306231011083
AV4-3-CAAEAAYQNFYF-AJ49_BV4-CASSNRVEQYF-BJ2-7,3,2.0,0.38664539447585183
AV4-3-CAAEAAYQNFYF-AJ49_BV4-CASSNRVEQYF-BJ2-7,3,5.0,0.25725861808905365
AV4-3-CAAEPNYNVLYF-AJ21*p03_BV29-CASSTGTSSSYEQYF-BJ2-7,2,0.0,1.9534452978042591
AV4-3-CAAEPNYNVLYF-AJ21*p03_BV29-CASSTGTSSSYEQYF-BJ2-7,2,1.0,1.7738341966768527
AV4-3-CAAEPNYNVLYF-AJ21*p03_BV29-CASSTGTSSSYEQYF-BJ2-7,2,2.0,1.6562105045714932
AV4-3-CAAEPNYNVLYF-AJ21*p03_BV29-CASSTGTSSSYEQYF-BJ2-7,2,5.0,1.469666547962028
AV4-3-CAASYQGGRALIF-AJ15_BV1-CTCSGTGGDTEVFF-BJ1-1,2,0.0,2.584962500721156
AV4-3-CAASYQGGRALIF-AJ15_BV1-CTCSGTGGDTEVFF-BJ1-1,2,1.0,1.8956867838815268
AV4-3-CAASYQGGRALIF-AJ15_BV1-CTCSGTGGDTEVFF-BJ1-1,2,2.0,1.4447220955619695
AV4-3-CAASYQGGRALIF-AJ15_BV1-CTCSGTGGDTEVFF-BJ1-1,2,5.0,1.0828899581431337
AV4-4/DV10-CAAEDTGGADRLTF-AJ45_BV1-CTCSAVGTANSDYTF-BJ1-2,2,0.0,1.584962500721156
AV4-4/DV10-CAAEDTGGADRLTF-AJ45_BV1-CTCSAVGTANSDYTF-BJ1-2,2,1.0,0.9916031096732476
AV4-4/DV10-CAAEDTGGADRLTF-AJ45_BV1-CTCSAVGTANSDYTF-BJ1-2,2,2.0,0.6757672784863427
AV4-4/DV10-CAAEDTGGADRLTF-AJ45_BV1-CTCSAVGTANSDYTF-BJ1-2,2,5.0,0.4605461128215601
AV4-4/DV10-CAGHYANKMIF-AJ47_BV29-CASSRRTEVFF-BJ1-1,2,0.0,2.8502198590705463
AV4-4/DV10-CAGHYANKMIF-AJ47_BV29-CASSRRTEVFF-BJ1-1,2,1.0,2.1904290771637323
AV4-4/DV10-CAGHYANKMIF-AJ47_BV29-CASSRRTEVFF-BJ1-1,2,2.0,1.7075575492380077
AV4-4/DV10-CAGHYANKMIF-AJ47_BV29-CASSRRTEVFF-BJ1-1,2,5.0,1.2876321252138583
AV4D-3-CAADSSGSWQLIF-AJ22_BV13-1-CASSDGGNSPLYF-BJ1-6,2,0.0,2.160964047443681
AV4D-3-CAADSSGSWQLIF-AJ22_BV13-1-CASSDGGNSPLYF-BJ1-6,2,1.0,1.022632837388177
AV4D-3-CAADSSGSWQLIF-AJ22_BV13-1-CASSDGGNSPLYF-BJ1-6,2,2.0,0.6347814544048712
AV4D-3-CAADSSGSWQLIF-AJ22_BV13-1-CASSDGGNSPLYF-BJ1-6,2,5.0,0.42730015562695745
AV4D-3-CAAEAGSGSWQLIF-AJ22_BV13-2-CASGDAGERLFF-BJ1-4,4,0.0,2.292481250360578
AV4D-3-CAAEAGSGSWQLIF-AJ22_BV13-2-CASGDAGERLFF-BJ1-4,4,1.0,1.058390479093281
AV4D-3-CAAEAGSGSWQLIF-AJ22_BV13-2-CASGDAGERLFF-BJ1-4,4,2.0,0.6141155095765864
AV4D-3-CAAEAGSGSWQLIF-AJ22_BV13-2-CASGDAGERLFF-BJ1-4,4,5.0,0.40347974890175103
AV4D-3-CAAEDGGYKVVF-AJ12_BV13-1-CASSDAGYEQYF-BJ2-7,9,0.0,1.9916458337339753
AV4D-3-CAAEDGGYKVVF-AJ12_BV13-1-CASSDAGYEQYF-BJ2-7,9,1.0,1.0549687484973043
AV4D-3-CAAEDGGYKVVF-AJ12_BV13-1-CASSDAGYEQYF-BJ2-7,9,2.0,0.768698737511547
AV4D-3-CAAEDGGYKVVF-AJ12_BV13-1-CASSDAGYEQYF-BJ2-7,9,5.0,0.5961936557553538
AV4D-3-CAAEGPASGSWQLIF-AJ22_BV12-2-CASSLEQGEDTQYF-BJ2-5,8,0.0,1.8934006156177785
AV4D-3-CAAEGPASGSWQLIF-AJ22_BV12-2-CASSLEQGEDTQYF-BJ2-5,8,1.0,0.8492560206764559
AV4D-3-CAAEGPASGSWQLIF-AJ22_BV12-2-CASSLEQGEDTQYF-BJ2-5,8,2.0,0.580510012825199
AV4D-3-CAAEGPASGSWQLIF-AJ22_BV12-2-CASSLEQGEDTQYF-BJ2-5,8,5.0,0.45964960738658434
AV4D-3-CAAENMGYKLTF-AJ9_BV31-CAWSQDNNQAPLF-BJ1-5,8,0.0,1.8400839733531942
AV4D-3-CAAENMGYKLTF-AJ9_BV31-CAWSQDNNQAPLF-BJ1-5,8,1.0,1.1690406275553817
AV4D-3-CAAENMGYKLTF-AJ9_BV31-CAWSQDNNQAPLF-BJ1-5,8,2.0,0.8397066614198779
AV4D-3-CAAENMGYKLTF-AJ9_BV31-CAWSQDNNQAPLF-BJ1-5,8,5.0,0.6278009047625898
AV4D-3-CAAENMGYKLTF-AJ9_BV31-CAWSSDNNQAPLF-BJ1-5,12,0.0,2.6615221699715987
AV4D-3-CAAENMGYKLTF-AJ9_BV31-CAWSSDNNQAPLF-BJ1-5,12,1.0,1.6749588100797428
AV4D-3-CAAENMGYKLTF-AJ9_BV31-CAWSSDNNQAPLF-BJ1-5,12,2.0,1.2124541917305816
AV4D-3-CAAENMGYKLTF-AJ9_BV31-CAWSSDNNQAPLF-BJ1-5,12,5.0,0.895851064815487
AV4D-3-CAAEYSNYQLIW-AJ33_BV31-CAWRGSSYEQYF-BJ2-7,4,0.0,2.6785613794165304
AV4D-3-CAAEYSNYQLIW-AJ33_BV31-CAWRGSSYEQYF-BJ2-7,4,1.0,1.3587719992437897
AV4D-3-CAAEYSNYQLIW-AJ33_BV31-CAWRGSSYEQYF-BJ2-7,4,2.0,0.923919889208703
AV4D-3-CAAEYSNYQLIW-AJ33_BV31-CAWRGSSYEQYF-BJ2-7,4,5.0,0.7037702995773554
AV4D-3-CAAGDSNYQLIW-AJ33_BV13-1-CASSDRQVAETLYF-BJ2-3,2,0.0,2.564641508472483
AV4D-3-CAAGDSNYQLIW-AJ33_BV13-1-CASSDRQVAETLYF-BJ2-3,2,1.0,2.252724970746477
AV4D-3-CAAGDSNYQLIW-AJ33_BV13-1-CASSDRQVAETLYF-BJ2-3,2,2.0,1.9859784814090986
AV4D-3-CAAGDSNYQLIW-AJ33_BV13-1-CASSDRQVAETLYF-BJ2-3,2,5.0,1.6455492925043913
AV4D-4-CAVGTGGYKVVF-AJ12_BV13-1-CASSDEDSQDTQYF-BJ2-5,3,0.0,2.3899750004807707
AV4D-4-CAVGTGGYKVVF-AJ12_BV13-1-CASSDEDSQDTQYF-BJ2-5,3,1.0,2.0792874803294237
AV4D-4-CAVGTGGYKVVF-AJ12_BV13-1-CASSDEDSQDTQYF-BJ2-5,3,2.0,1.8694497230650766
AV4D-4-CAVGTGGYKVVF-AJ12_BV13-1-CASSDEDSQDTQYF-BJ2-5,3,5.0,1.616329315641309
AV5-1-CSAGGGSALGRLHF-AJ18_BV1-CTCSAAGGDAEQFF-BJ2-1,3,0.0,2.69227186568361
AV5-1-CSAGGGSALGRLHF-AJ18_BV1-CTCSAAGGDAEQFF-BJ2-1,3,1.0,1.95645353377545
AV5-1-CSAGGGSALGRLHF-AJ18_BV1-CTCSAAGGDAEQFF-BJ2-1,3,2.0,1.4618772208610824
AV5-1-CSAGGGSALGRLHF-AJ18_BV1-CTCSAAGGDAEQFF-BJ2-1,3,5.0,1.0782644477184993
AV5-1-CSAGGGSNAKLTF-AJ42_BV13-1-CASSDVGGEYEQYF-BJ2-7,5,0.0,2.7183979535230245
AV5-1-CSAGGGSNAKLTF-AJ42_BV13-1-CASSDVGGEYEQYF-BJ2-7,5,1.0,0.49438506819435146
AV5-1-CSAGGGSNAKLTF-AJ42_BV13-1-CASSDVGGEYEQYF-BJ2-7,5,2.0,0.20355293656455906
AV5-1-CSAGGGSNAKLTF-AJ42_BV13-1-CASSDVGGEYEQYF-BJ2-7,5,5.0,0.12929487602167242
AV5-1-CSANYGGSGNKLIF-AJ32_BV2-CASSPRASGNTLYF-BJ1-3,2,0.0,2.160964047443681
AV5-1-CSANYGGSGNKLIF-AJ32_BV2-CASSPRASGNTLYF-BJ1-3,2,1.0,0.6747920776547334
AV5-1-CSANYGGSGNKLIF-AJ32_BV2-CASSPRASGNTLYF-BJ1-3,2,2.0,0.33669557450218257
AV5-1-CSANYGGSGNKLIF-AJ32_BV2-CASSPRASGNTLYF-BJ1-3,2,5.0,0.21669292759960268
AV5-1-CSASITGGADRLTF-AJ45_BV19-CASSIAGHPSAETLYF-BJ2-3,2,0.0,0.5
AV5-1-CSASITGGADRLTF-AJ45_BV19-CASSIAGHPSAETLYF-BJ2-3,2,1.0,0.4056390622295664
AV5-1-CSASITGGADRLTF-AJ45_BV19-CASSIAGHPSAETLYF-BJ2-3,2,2.0,0.33903595255631885
AV5-1-CSASITGGADRLTF-AJ45_BV19-CASSIAGHPSAETLYF-BJ2-3,2,5.0,0.2586578328046392
AV5-1-CSASSFASALTF-AJ35_BV1-CTCSADHERLFF-BJ1-4,3,0.0,2.1307724742595866
AV5-1-CSASSFASALTF-AJ35_BV1-CTCSADHERLFF-BJ1-4,3,1.0,1.3572655117991574
AV5-1-CSASSFASALTF-AJ35_BV1-CTCSADHERLFF-BJ1-4,3,2.0,0.9952841944238088
AV5-1-CSASSFASALTF-AJ35_BV1-CTCSADHERLFF-BJ1-4,3,5.0,0.7277667318554922
AV5-1-CSASSGSWQLIF-AJ22_BV13-2-CASGEVGSNTEVFF-BJ1-1,10,0.0,3.006052178971018
AV5-1-CSASSGSWQLIF-AJ22_BV13-2-CASGEVGSNTEVFF-BJ1-1,10,1.0,2.374247723454858
AV5-1-CSASSGSWQLIF-AJ22_BV13-2-CASGEVGSNTEVFF-BJ1-1,10,2.0,1.9221375074433957
AV5-1-CSASSGSWQLIF-AJ22_BV13-2-CASGEVGSNTEVFF-BJ1-1,10,5.0,1.4782588297104309
AV5-1-CSATYATSSGQKLVF-AJ16*p02_BV13-1-CASSPGTGGEQYF-BJ2-7,3,0.0,2.830617698776558
AV5-1-CSATYATSSGQKLVF-AJ16*p02_BV13-1-CASSPGTGGEQYF-BJ2-7,3,1.0,1.2977203942418012
AV5-1-CSATYATSSGQKLVF-AJ16*p02_BV13-1-CASSPGTGGEQYF-BJ2-7,3,2.0,0.7263164929199616
AV5-1-CSATYATSSGQKLVF-AJ16*p02_BV13-1-CASSPGTGGEQYF-BJ2-7,3,5.0,0.4765297951468062
AV5-4-CAASPDSNYQLIW-AJ33_BV13-1-CASSDAGSQNTLYF-BJ2-4,2,0.0,3.2297158093186487
AV5-4-CAASPDSNYQLIW-AJ33_BV13-1-CASSDAGSQNTLYF-BJ2-4,2,1.0,2.6181665815310033
AV5-4-CAASPDSNYQLIW-AJ33_BV13-1-CASSDAGSQNTLYF-BJ2-4,2,2.0,2.12712707220858
AV5-4-CAASPDSNYQLIW-AJ33_BV13-1-CASSDAGSQNTLYF-BJ2-4,2,5.0,1.654637292452546
AV5-4-CAATGNYKYVF-AJ40_BV13-1-CASSGGQTEVFF-BJ1-1,7,0.0,2.156438185943865
AV5-4-CAATGNYKYVF-AJ40_BV13-1-CASSGGQTEVFF-BJ1-1,7,1.0,0.6054989927667176
AV5-4-CAATGNYKYVF-AJ40_BV13-1-CASSGGQTEVFF-BJ1-1,7,2.0,0.27779693442668113
AV5-4-CAATGNYKYVF-AJ40_BV13-1-CASSGGQTEVFF-BJ1-1,7,5.0,0.17700756799403994
AV5D-4-CAASDTGGADRLTF-AJ45_BV13-1-CASTGGAYEQYF-BJ2-7,2,0.0,2.564641508472483
AV5D-4-CAASDTGGADRLTF-AJ45_BV13-1-CASTGGAYEQYF-BJ2-7,2,1.0,0.7391937835695133
AV5D-4-CAASDTGGADRLTF-AJ45_BV13-1-CASTGGAYEQYF-BJ2-7,2,2.0,0.3351415145453305
AV5D-4-CAASDTGGADRLTF-AJ45_BV13-1-CASTGGAYEQYF-BJ2-7,2,5.0,0.2131988671895672
AV5D-4-CAASEDTDKVVF-AJ34*p03_BV2-CASSQNWGGNQDTQYF-BJ2-5,2,0.0,2.821928094887362
AV5D-4-CAASEDTDKVVF-AJ34*p03_BV2-CASSQNWGGNQDTQYF-BJ2-5,2,1.0,1.0074117692075788
AV5D-4-CAASEDTDKVVF-AJ34*p03_BV2-CASSQNWGGNQDTQYF-BJ2-5,2,2.0,0.5713162584772613
AV5D-4-CAASEDTDKVVF-AJ34*p03_BV2-CASSQNWGGNQDTQYF-BJ2-5,2,5.0,0.3772995944612426
AV5D-4-CAGGAGNKLTF-AJ17*p02_BV13-1-CASTETGWAEQFF-BJ2-1,2,0.0,3.064641508472483
AV5D-4-CAGGAGNKLTF-AJ17*p02_BV13-1-CASTETGWAEQFF-BJ2-1,2,1.0,2.939188811684401
AV5D-4-CAGGAGNKLTF-AJ17*p02_BV13-1-CASTETGWAEQFF-BJ2-1,2,2.0,2.8505511661460545
AV5D-4-CAGGAGNKLTF-AJ17*p02_BV13-1-CASTETGWAEQFF-BJ2-1,2,5.0,2.7021203388999764
AV6-1-CVLGASSGSWQLIF-AJ22_BV13-1-CASSGTGSEVFF-BJ1-1,2,0.0,2.377443751081734
AV6-1-CVLGASSGSWQLIF-AJ22_BV13-1-CASSGTGSEVFF-BJ1-1,2,1.0,2.0271534458318943
AV6-1-CVLGASSGSWQLIF-AJ22_BV13-1-CASSGTGSEVFF-BJ1-1,2,2.0,1.8259346363186517
AV6-1-CVLGASSGSWQLIF-AJ22_BV13-1-CASSGTGSEVFF-BJ1-1,2,5.0,1.5429998384081363
AV6-1-CVLGDDGGSGNKLIF-AJ32_BV5-CASSQDGGGRAETLYF-BJ2-3,2,0.0,2.903677461028802
AV6-1-CVLGDDGGSGNKLIF-AJ32_BV5-CASSQDGGGRAETLYF-BJ2-3,2,1.0,1.7848344625194215
AV6-1-CVLGDDGGSGNKLIF-AJ32_BV5-CASSQDGGGRAETLYF-BJ2-3,2,2.0,1.15340925094333
AV6-1-CVLGDDGGSGNKLIF-AJ32_BV5-CASSQDGGGRAETLYF-BJ2-3,2,5.0,0.7804084572687133
AV6-1-CVLGDGTGGYKVVF-AJ12_BV1-CTCSADQSRENSPLYF-BJ1-6,2,0.0,2.321928094887362
AV6-1-CVLGDGTGGYKVVF-AJ12_BV1-CTCSADQSRENSPLYF-BJ1-6,2,1.0,1.7760804218403177
AV6-1-CVLGDGTGGYKVVF-AJ12_BV1-CTCSADQSRENSPLYF-BJ1-6,2,2.0,1.441558787994826
AV6-1-CVLGDGTGGYKVVF-AJ12_BV1-CTCSADQSRENSPLYF-BJ1-6,2,5.0,1.1319041553558868
AV6-1-CVLVTGFASALTF-AJ35_BV13-2-CASGDAREGGQNTLYF-BJ2-4,3,0.0,2.3022968652028393
AV6-1-CVLVTGFASALTF-AJ35_BV13-2-CASGDAREGGQNTLYF-BJ2-4,3,1.0,1.6512351517662232
AV6-1-CVLVTGFASALTF-AJ35_BV13-2-CASGDAREGGQNTLYF-BJ2-4,3,2.0,1.2898241706618196
AV6-1-CVLVTGFASALTF-AJ35_BV13-2-CASGDAREGGQNTLYF-BJ2-4,3,5.0,0.9797860560123617
AV6-2-CVLAPDYSNNRLTL-AJ7_BV5-CASSPILGDSPLYF-BJ1-6,2,0.0,1.160964047443681
AV6-2-CVLAPDYSNNRLTL-AJ7_BV5-CASSPILGDSPLYF-BJ1-6,2,1.0,0.35243714988349095
AV6-2-CVLAPDYSNNRLTL-AJ7_BV5-CASSPILGDSPLYF-BJ1-6,2,2.0,0.16301236170342034
AV6-2-CVLAPDYSNNRLTL-AJ7_BV5-CASSPILGDSPLYF-BJ1-6,2,5.0,0.10375616516981398
AV6-2-CVLGDPYAQGLTF-AJ26_BV29-CASSSGLNTEVFF-BJ1-1,3,0.0,1.1073093649624541
AV6-2-CVLGDPYAQGLTF-AJ26_BV29-CASSSGLNTEVFF-BJ1-1,3,1.0,0.6664077663768451
AV6-2-CVLGDPYAQGLTF-AJ26_BV29-CASSSGLNTEVFF-BJ1-1,3,2.0,0.43133446133051995
AV6-2-CVLGDPYAQGLTF-AJ26_BV29-CASSSGLNTEVFF-BJ1-1,3,5.0,0.28971352708124926
AV6-3-CAMRDGNEKITF-AJ48_BV1-CTCSAVRVPGNTLYF-BJ1-3,3,0.0,1.7739760316291207
AV6-3-CAMRDGNEKITF-AJ48_BV1-CTCSAVRVPGNTLYF-BJ1-3,3,1.0,0.5446832765094963
AV6-3-CAMRDGNEKITF-AJ48_BV1-CTCSAVRVPGNTLYF-BJ1-3,3,2.0,0.262354820775575
AV6-3-CAMRDGNEKITF-AJ48_BV1-CTCSAVRVPGNTLYF-BJ1-3,3,5.0,0.16775951297439398
AV6-4-CALVAPGYQNFYF-AJ49_BV29-CASSQGGEDEQYF-BJ2-7,3,0.0,1.968963531869506
AV6-4-CALVAPGYQNFYF-AJ49_BV29-CASSQGGEDEQYF-BJ2-7,3,1.0,1.650291038745139
AV6-4-CALVAPGYQNFYF-AJ49_BV29-CASSQGGEDEQYF-BJ2-7,3,2.0,1.4675569197984093
AV6-4-CALVAPGYQNFYF-AJ49_BV29-CASSQGGEDEQYF-BJ2-7,3,5.0,1.237544770159567
AV6-4-CALVAPRF-AJ13_BV29-CASIGGSSAETLYF-BJ2-3,3,0.0,2.92711990450822
AV6-4-CALVAPRF-AJ13_BV29-CASIGGSSAETLYF-BJ2-3,3,1.0,1.8778833150439054
AV6-4-CALVAPRF-AJ13_BV29-CASIGGSSAETLYF-BJ2-3,3,2.0,1.3706359459531805
AV6-4-CALVAPRF-AJ13_BV29-CASIGGSSAETLYF-BJ2-3,3,5.0,1.0077418735103782
AV6-4-CALVEGGRALIF-AJ15_BV14-CASRDRDEQYF-BJ2-7,8,0.0,2.482681305326044
AV6-4-CALVEGGRALIF-AJ15_BV14-CASRDRDEQYF-BJ2-7,8,1.0,1.4305762222274714
AV6-4-CALVEGGRALIF-AJ15_BV14-CASRDRDEQYF-BJ2-7,8,2.0,0.9469856904041243
AV6-4-CALVEGGRALIF-AJ15_BV14-CASRDRDEQYF-BJ2-7,8,5.0,0.6553739311239208
AV6-4-CALVEGGRALIF-AJ15_BV14-CASRDRYEQYF-BJ2-7,2,0.0,2.377443751081734
AV6-4-CALVEGGRALIF-AJ15_BV14-CASRDRYEQYF-BJ2-7,2,1.0,1.1459124691571927
AV6-4-CALVEGGRALIF-AJ15_BV14-CASRDRYEQYF-BJ2-7,2,2.0,0.6371731784688424
AV6-4-CALVEGGRALIF-AJ15_BV14-CASRDRYEQYF-BJ2-7,2,5.0,0.4138497716165763
AV6-4-CALVPDYANKMIF-AJ47_BV13-3-CASSDRGQVFF-BJ1-1,6,0.0,2.3930169512401407
AV6-4-CALVPDYANKMIF-AJ47_BV13-3-CASSDRGQVFF-BJ1-1,6,1.0,1.226292416136745
AV6-4-CALVPDYANKMIF-AJ47_BV13-3-CASSDRGQVFF-BJ1-1,6,2.0,0.7557689930600429
AV6-4-CALVPDYANKMIF-AJ47_BV13-3-CASSDRGQVFF-BJ1-1,6,5.0,0.5240274691292856
AV6-5-CALSDLGYQNFYF-AJ49_BV1-CTCSVDWGSAETLYF-BJ2-3,4,0.0,1.9767226489021295
AV6-5-CALSDLGYQNFYF-AJ49_BV1-CTCSVDWGSAETLYF-BJ2-3,4,1.0,1.7574308812464043
AV6-5-CALSDLGYQNFYF-AJ49_BV1-CTCSVDWGSAETLYF-BJ2-3,4,2.0,1.6515509120738316
AV6-5-CALSDLGYQNFYF-AJ49_BV1-CTCSVDWGSAETLYF-BJ2-3,4,5.0,1.5483141065426584
AV6-6-CALASFSNTDKVVF-AJ34*p03_BV13-3-CASSDVRDGNTLYF-BJ1-3,3,0.0,2.214618729924908
AV6-6-CALASFSNTDKVVF-AJ34*p03_BV13-3-CASSDVRDGNTLYF-BJ1-3,3,1.0,0.6431066106756934
AV6-6-CALASFSNTDKVVF-AJ34*p03_BV13-3-CASSDVRDGNTLYF-BJ1-3,3,2.0,0.346314915969222
AV6-6-CALASFSNTDKVVF-AJ34*p03_BV13-3-CASSDVRDGNTLYF-BJ1-3,3,5.0,0.2301869200898076
AV6-6-CALGAYTGGADRLTF-AJ45_BV1-CTCSGTASQNTLYF-BJ2-4,2,0.0,2.745926548164837
AV6-6-CALGAYTGGADRLTF-AJ45_BV1-CTCSGTASQNTLYF-BJ2-4,2,1.0,1.750382546648745
AV6-6-CALGAYTGGADRLTF-AJ45_BV1-CTCSGTASQNTLYF-BJ2-4,2,2.0,1.1820408148249575
AV6-6-CALGAYTGGADRLTF-AJ45_BV1-CTCSGTASQNTLYF-BJ2-4,2,5.0,0.8145658826500567
AV6-6-CALGDGYNVLYF-AJ21*p03_BV13-3-CASRDRGEQYF-BJ2-7,2,0.0,2.292481250360578
AV6-6-CALGDGYNVLYF-AJ21*p03_BV13-3-CASRDRGEQYF-BJ2-7,2,1.0,1.1596854088597062
AV6-6-CALGDGYNVLYF-AJ21*p03_BV13-3-CASRDRGEQYF-BJ2-7,2,2.0,0.6661106478780935
AV6-6-CALGDGYNVLYF-AJ21*p03_BV13-3-CASRDRGEQYF-BJ2-7,2,5.0,0.4344612210188286
AV6-6-CALGDRGNTDKVVF-AJ34*p03_BV17-CASSNRNSPLYF-BJ1-6,2,0.0,3.2297158093186487
AV6-6-CALGDRGNTDKVVF-AJ34*p03_BV17-CASSNRNSPLYF-BJ1-6,2,1.0,2.597703117565826
AV6-6-CALGDRGNTDKVVF-AJ34*p03_BV17-CASSNRNSPLYF-BJ1-6,2,2.0,2.1462648750467133
AV6-6-CALGDRGNTDKVVF-AJ34*p03_BV17-CASSNRNSPLYF-BJ1-6,2,5.0,1.7770423195489384
AV6-6-CALGDRTGGADRLTF-AJ45_BV13-1-CASSDRTGEDEQYF-BJ2-7,2,0.0,2.403677461028802
AV6-6-CALGDRTGGADRLTF-AJ45_BV13-1-CASSDRTGEDEQYF-BJ2-7,2,1.0,1.2501276596631188
AV6-6-CALGDRTGGADRLTF-AJ45_BV13-1-CASSDRTGEDEQYF-BJ2-7,2,2.0,0.8099731532089953
AV6-6-CALGDRTGGADRLTF-AJ45_BV13-1-CASSDRTGEDEQYF-BJ2-7,2,5.0,0.5504785443247916
AV6-6-CALGDSNYQLIW-AJ33_BV13-3-CASRDRVSYEQYF-BJ2-7,5,0.0,2.0399344689672727
AV6-6-CALGDSNYQLIW-AJ33_BV13-3-CASRDRVSYEQYF-BJ2-7,5,1.0,1.3130908942979054
AV6-6-CALGDSNYQLIW-AJ33_BV13-3-CASRDRVSYEQYF-BJ2-7,5,2.0,0.9909316004244184
AV6-6-CALGDSNYQLIW-AJ33_BV13-3-CASRDRVSYEQYF-BJ2-7,5,5.0,0.7370422148245714
AV6-6-CALGDSNYQLIW-AJ33_BV14-CASSPLGGRNYAEQFF-BJ2-1,2,0.0,1.792481250360578
AV6-6-CALGDSNYQLIW-AJ33_BV14-CASSPLGGRNYAEQFF-BJ2-1,2,1.0,0.9191676550606046
AV6-6-CALGDSNYQLIW-AJ33_BV14-CASSPLGGRNYAEQFF-BJ2-1,2,2.0,0.6603086545681734
AV6-6-CALGDSNYQLIW-AJ33_BV14-CASSPLGGRNYAEQFF-BJ2-1,2,5.0,0.4643062777922886
AV6-6-CALGDTSGGSNYKLTF-AJ53_BV1-CTCSAVRANTGQLYF-BJ2-2,8,0.0,2.0710835866725628
AV6-6-CALGDTSGGSNYKLTF-AJ53_BV1-CTCSAVRANTGQLYF-BJ2-2,8,1.0,1.3711071697949047
AV6-6-CALGDTSGGSNYKLTF-AJ53_BV1-CTCSAVRANTGQLYF-BJ2-2,8,2.0,1.0140941247119097
AV6-6-CALGDTSGGSNYKLTF-AJ53_BV1-CTCSAVRANTGQLYF-BJ2-2,8,5.0,0.7250141756391636
AV6-6-CALGENYAQGLTF-AJ26_BV13-3-CASSDLGFNQDTQYF-BJ2-5,4,0.0,1.494319980874979
AV6-6-CALGENYAQGLTF-AJ26_BV13-3-CASSDLGFNQDTQYF-BJ2-5,4,1.0,1.044646127194773
AV6-6-CALGENYAQGLTF-AJ26_BV13-3-CASSDLGFNQDTQYF-BJ2-5,4,2.0,0.8324359557250698
AV6-6-CALGENYAQGLTF-AJ26_BV13-3-CASSDLGFNQDTQYF-BJ2-5,4,5.0,0.662056943497681
AV6-6-CALGETQVVGQLTF-AJ5*p02_BV13-2-CASGDAGSAETLYF-BJ2-3,3,0.0,2.5937865711748866
AV6-6-CALGETQVVGQLTF-AJ5*p02_BV13-2-CASGDAGSAETLYF-BJ2-3,3,1.0,1.6789768233595748
AV6-6-CALGETQVVGQLTF-AJ5*p02_BV13-2-CASGDAGSAETLYF-BJ2-3,3,2.0,1.2128101412020413
AV6-6-CALGETQVVGQLTF-AJ5*p02_BV13-2-CASGDAGSAETLYF-BJ2-3,3,5.0,0.9285903358029105
AV6-6-CALGPNYGGSGNKLIF-AJ32_BV13-2-CASGPSGGADTQYF-BJ2-5,3,0.0,2.4972843654432246
AV6-6-CALGPNYGGSGNKLIF-AJ32_BV13-2-CASGPSGGADTQYF-BJ2-5,3,1.0,0.836373936918766
AV6-6-CALGPNYGGSGNKLIF-AJ32_BV13-2-CASGPSGGADTQYF-BJ2-5,3,2.0,0.4177839174440962
AV6-6-CALGPNYGGSGNKLIF-AJ32_BV13-2-CASGPSGGADTQYF-BJ2-5,3,5.0,0.2683321554431779
AV6-6-CALGSNTDKVVF-AJ34*p03_BV14-CASRHRDEQYF-BJ2-7,35,0.0,2.584520555657333
AV6-6-CALGSNTDKVVF-AJ34*p03_BV14-CASRHRDEQYF-BJ2-7,35,1.0,1.0616331023716958
AV6-6-CALGSNTDKVVF-AJ34*p03_BV14-CASRHRDEQYF-BJ2-7,35,2.0,0.6135602149225328
AV6-6-CALGSNTDKVVF-AJ34*p03_BV14-CASRHRDEQYF-BJ2-7,35,5.0,0.4203200203730645
AV6-7/DV9-CALGDINAYKVIF-AJ30_BV19-CASSAGGAYAEQFF-BJ2-1,11,0.0,2.3324827023480115
AV6-7/DV9-CALGDINAYKVIF-AJ30_BV19-CASSAGGAYAEQFF-BJ2-1,11,1.0,1.118458417970721
AV6-7/DV9-CALGDINAYKVIF-AJ30_BV19-CASSAGGAYAEQFF-BJ2-1,11,2.0,0.6818196682472221
AV6-7/DV9-CALGDINAYKVIF-AJ30_BV19-CASSAGGAYAEQFF-BJ2-1,11,5.0,0.4802619306886443
AV6-7/DV9-CALGEGGYQNFYF-AJ49_BV5-CASSQNRDWAYYEQYF-BJ2-7,2,0.0,2.292481250360578
AV6-7/DV9-CALGEGGYQNFYF-AJ49_BV5-CASSQNRDWAYYEQYF-BJ2-7,2,1.0,2.0033675012180705
AV6-7/DV9-CALGEGGYQNFYF-AJ49_BV5-CASSQNRDWAYYEQYF-BJ2-7,2,2.0,1.7769980750189713
AV6-7/DV9-CALGEGGYQNFYF-AJ49_BV5-CASSQNRDWAYYEQYF-BJ2-7,2,5.0,1.4594591746548593
AV6-7/DV9-CALGEGNNAPRF-AJ43*p03_BV2-CASSHRDTYNSPLYF-BJ1-6,6,0.0,2.110296349628664
AV6-7/DV9-CALGEGNNAPRF-AJ43*p03_BV2-CASSHRDTYNSPLYF-BJ1-6,6,1.0,1.6788176928647829
AV6-7/DV9-CALGEGNNAPRF-AJ43*p03_BV2-CASSHRDTYNSPLYF-BJ1-6,6,2.0,1.465104873392946
AV6-7/DV9-CALGEGNNAPRF-AJ43*p03_BV2-CASSHRDTYNSPLYF-BJ1-6,6,5.0,1.2831603792154638
AV6D-4-CALVDRGSALGRLHF-AJ18_BV29-CASRQGNSPLYF-BJ1-6,3,0.0,2.5207474747403573
AV6D-4-CALVDRGSALGRLHF-AJ18_BV29-CASRQGNSPLYF-BJ1-6,3,1.0,0.8008664848267446
AV6D-4-CALVDRGSALGRLHF-AJ18_BV29-CASRQGNSPLYF-BJ1-6,3,2.0,0.4254101825815404
AV6D-4-CALVDRGSALGRLHF-AJ18_BV29-CASRQGNSPLYF-BJ1-6,3,5.0,0.2792370761721757
AV6D-5-CALGDQGGSAKLIF-AJ57_BV13-2-CASGDWGWEQYF-BJ2-7,7,0.0,2.2491418372943106
AV6D-5-CALGDQGGSAKLIF-AJ57_BV13-2-CASGDWGWEQYF-BJ2-7,7,1.0,1.4051024534509526
AV6D-5-CALGDQGGSAKLIF-AJ57_BV13-2-CASGDWGWEQYF-BJ2-7,7,2.0,1.124731928340099
AV6D-5-CALGDQGGSAKLIF-AJ57_BV13-2-CASGDWGWEQYF-BJ2-7,7,5.0,0.9128505130290293
AV6D-6-CALRMDYANKMIF-AJ47_BV13-1-CASSDPVNTLYF-BJ2-4,2,0.0,2.584962500721156
AV6D-6-CALRMDYANKMIF-AJ47_BV13-1-CASSDPVNTLYF-BJ2-4,2,1.0,2.3797319356021256
AV6D-6-CALRMDYANKMIF-AJ47_BV13-1-CASSDPVNTLYF-BJ2-4,2,2.0,2.222754621202464
AV6D-6-CALRMDYANKMIF-AJ47_BV13-1-CASSDPVNTLYF-BJ2-4,2,5.0,1.985459876453592
AV6D-6-CALRWDTNAYKVIF-AJ30_BV19-CASRGGVTYEQYF-BJ2-7,5,0.0,1.7813781191217035
AV6D-6-CALRWDTNAYKVIF-AJ30_BV19-CASRGGVTYEQYF-BJ2-7,5,1.0,0.7087910844945986
AV6D-6-CALRWDTNAYKVIF-AJ30_BV19-CASRGGVTYEQYF-BJ2-7,5,2.0,0.3709559515953108
AV6D-6-CALRWDTNAYKVIF-AJ30_BV19-CASRGGVTYEQYF-BJ2-7,5,5.0,0.23924561446038384
AV6D-6-CALSDFSNNRLTL-AJ7_BV13-3-CASRDRGEQYF-BJ2-7,18,0.0,1.9264017574347436
AV6D-6-CALSDFSNNRLTL-AJ7_BV13-3-CASRDRGEQYF-BJ2-7,18,1.0,1.2343432060087267
AV6D-6-CALSDFSNNRLTL-AJ7_BV13-3-CASRDRGEQYF-BJ2-7,18,2.0,1.0395053085129706
AV6D-6-CALSDFSNNRLTL-AJ7_BV13-3-CASRDRGEQYF-BJ2-7,18,5.0,0.900043145426969
AV6D-6-CALSDPMGYKLTF-AJ9_BV13-3-CASKDRVEQYF-BJ2-7,2,0.0,2.453445297804259
AV6D-6-CALSDPMGYKLTF-AJ9_BV13-3-CASKDRVEQYF-BJ2-7,2,1.0,1.0800975321425912
AV6D-6-CALSDPMGYKLTF-AJ9_BV13-3-CASKDRVEQYF-BJ2-7,2,2.0,0.6025737374512576
AV6D-6-CALSDPMGYKLTF-AJ9_BV13-3-CASKDRVEQYF-BJ2-7,2,5.0,0.3933408335197784
AV6D-6-CALSEGMGYKLTF-AJ9_BV29-CASSTTVNYAEQFF-BJ2-1,2,0.0,2.988639961749958
AV6D-6-CALSEGMGYKLTF-AJ9_BV29-CASSTTVNYAEQFF-BJ2-1,2,1.0,2.4697424247809847
AV6D-6-CALSEGMGYKLTF-AJ9_BV29-CASSTTVNYAEQFF-BJ2-1,2,2.0,2.0120794342772212
AV6D-6-CALSEGMGYKLTF-AJ9_BV29-CASSTTVNYAEQFF-BJ2-1,2,5.0,1.4788762812055078
AV6D-6-CALSRTGFASALTF-AJ35_BV29-CASSLGGSNERLFF-BJ1-4,2,0.0,2.160964047443681
AV6D-6-CALSRTGFASALTF-AJ35_BV29-CASSLGGSNERLFF-BJ1-4,2,1.0,1.423257751087921
AV6D-6-CALSRTGFASALTF-AJ35_BV29-CASSLGGSNERLFF-BJ1-4,2,2.0,1.008503212652845
AV6D-6-CALSRTGFASALTF-AJ35_BV29-CASSLGGSNERLFF-BJ1-4,2,5.0,0.7030987629661476
AV6D-7-CALSAPESDKVVF-AJ34*p03_BV13-1-CASRGGFYAEQFF-BJ2-1,5,0.0,2.110149357076648
AV6D-7-CALSAPESDKVVF-AJ34*p03_BV13-1-CASRGGFYAEQFF-BJ2-1,5,1.0,0.9288084808895993
AV6D-7-CALSAPESDKVVF-AJ34*p03_BV13-1-CASRGGFYAEQFF-BJ2-1,5,2.0,0.5311170549814151
AV6D-7-CALSAPESDKVVF-AJ34*p03_BV13-1-CASRGGFYAEQFF-BJ2-1,5,5.0,0.35107694490081
AV7-1-CAPVTGNTRKLIF-AJ37*p02_BV5-CASSQDLTNSDYTF-BJ1-2,2,0.0,3.064641508472483
AV7-1-CAPVTGNTRKLIF-AJ37*p02_BV5-CASSQDLTNSDYTF-BJ1-2,2,1.0,0.8734517224839076
AV7-1-CAPVTGNTRKLIF-AJ37*p02_BV5-CASSQDLTNSDYTF-BJ1-2,2,2.0,0.3930171443743399
AV7-1-CAPVTGNTRKLIF-AJ37*p02_BV5-CASSQDLTNSDYTF-BJ1-2,2,5.0,0.25064782231562277
AV7-1-CAVINVGDNSKLIW-AJ38_BV1-CTCSATGTGDTEVFF-BJ1-1,2,0.0,1.660964047443681
AV7-1-CAVINVGDNSKLIW-AJ38_BV1-CTCSATGTGDTEVFF-BJ1-1,2,1.0,0.9136040695714204
AV7-1-CAVINVGDNSKLIW-AJ38_BV1-CTCSATGTGDTEVFF-BJ1-1,2,2.0,0.5876577403565206
AV7-1-CAVINVGDNSKLIW-AJ38_BV1-CTCSATGTGDTEVFF-BJ1-1,2,5.0,0.3952701364571157
AV7-1-CAVSIGYAQGLTF-AJ26_BV20-CGARTGQDQAPLF-BJ1-5,2,0.0,2.564641508472483
AV7-1-CAVSIGYAQGLTF-AJ26_BV20-CGARTGQDQAPLF-BJ1-5,2,1.0,1.1668785506600374
AV7-1-CAVSIGYAQGLTF-AJ26_BV20-CGARTGQDQAPLF-BJ1-5,2,2.0,0.6368248887980734
AV7-1-CAVSIGYAQGLTF-AJ26_BV20-CGARTGQDQAPLF-BJ1-5,2,5.0,0.41341708495163376
AV7-2-CAVLTGNTRKLIF-AJ37*p02_BV19-CASSIVGIYAEQFF-BJ2-1,4,0.0,2.0748020045968194
AV7-2-CAVLTGNTRKLIF-AJ37*p02_BV19-CASSIVGIYAEQFF-BJ2-1,4,1.0,0.770898989962943
AV7-2-CAVLTGNTRKLIF-AJ37*p02_BV19-CASSIVGIYAEQFF-BJ2-1,4,2.0,0.4209965762385053
AV7-2-CAVLTGNTRKLIF-AJ37*p02_BV19-CASSIVGIYAEQFF-BJ2-1,4,5.0,0.2759041107975277
AV7-3-CAPGYQNFYF-AJ49_BV13-3-CASSDRTNTEVFF-BJ1-1,3,0.0,0.6666666666666666
AV7-3-CAPGYQNFYF-AJ49_BV13-3-CASSDRTNTEVFF-BJ1-1,3,1.0,0.2729238429424099
AV7-3-CAPGYQNFYF-AJ49_BV13-3-CASSDRTNTEVFF-BJ1-1,3,2.0,0.15782103015696353
AV7-3-CAPGYQNFYF-AJ49_BV13-3-CASSDRTNTEVFF-BJ1-1,3,5.0,0.1036342314619469
AV7-3-CASPNTGYQNFYF-AJ49_BV1-CTCSAGGDYAEQFF-BJ2-1,2,0.0,1.9534452978042591
AV7-3-CASPNTGYQNFYF-AJ49_BV1-CTCSAGGDYAEQFF-BJ2-1,2,1.0,1.722086867128456
AV7-3-CASPNTGYQNFYF-AJ49_BV1-CTCSAGGDYAEQFF-BJ2-1,2,2.0,1.6143571663249587
AV7-3-CASPNTGYQNFYF-AJ49_BV1-CTCSAGGDYAEQFF-BJ2-1,2,5.0,1.483715061857033
AV7-3-CAVASSSFSKLVF-AJ50_BV13-3-CASSDFREQYF-BJ2-7,2,0.0,3.245926548164837
AV7-3-CAVASSSFSKLVF-AJ50_BV13-3-CASSDFREQYF-BJ2-7,2,1.0,1.8322335040346955
AV7-3-CAVASSSFSKLVF-AJ50_BV13-3-CASSDFREQYF-BJ2-7,2,2.0,1.1128488133139158
AV7-3-CAVASSSFSKLVF-AJ50_BV13-3-CASSDFREQYF-BJ2-7,2,5.0,0.7413813488486131
AV7-3-CAVDPGYNKLTF-AJ11*p02_BV14-CASSRDRGDYAEQFF-BJ2-1,2,0.0,2.19615871138938
AV7-3-CAVDPGYNKLTF-AJ11*p02_BV14-CASSRDRGDYAEQFF-BJ2-1,2,1.0,0.43433821610316065
AV7-3-CAVDPGYNKLTF-AJ11*p02_BV14-CASSRDRGDYAEQFF-BJ2-1,2,2.0,0.17564479241237724
AV7-3-CAVDPGYNKLTF-AJ11*p02_BV14-CASSRDRGDYAEQFF-BJ2-1,2,5.0,0.11085498571249765
AV7-3-CAVKNTGYQNFYF-AJ49_BV2-CASSQGGGANQAPLF-BJ1-5,3,0.0,2.528320833573719
AV7-3-CAVKNTGYQNFYF-AJ49_BV2-CASSQGGGANQAPLF-BJ1-5,3,1.0,2.415126755334886
AV7-3-CAVKNTGYQNFYF-AJ49_BV2-CASSQGGGANQAPLF-BJ1-5,3,2.0,2.3223371960153636
AV7-3-CAVKNTGYQNFYF-AJ49_BV2-CASSQGGGANQAPLF-BJ1-5,3,5.0,2.1534302224555533
AV7-3-CAVNGNTRKLIF-AJ37*p02_BV19-CASSMTVYAEQFF-BJ2-1,2,0.0,2.160964047443681
AV7-3-CAVNGNTRKLIF-AJ37*p02_BV19-CASSMTVYAEQFF-BJ2-1,2,1.0,2.084147917027245
AV7-3-CAVNGNTRKLIF-AJ37*p02_BV19-CASSMTVYAEQFF-BJ2-1,2,2.0,2.020320992248673
AV7-3-CAVNGNTRKLIF-AJ37*p02_BV19-CASSMTVYAEQFF-BJ2-1,2,5.0,1.908213567516515
AV7-3-CAVNYAQGLTF-AJ26_BV13-1-CASSDLLGGREQYF-BJ2-7,3,0.0,3.0566416671474372
AV7-3-CAVNYAQGLTF-AJ26_BV13-1-CASSDLLGGREQYF-BJ2-7,3,1.0,2.226791973813039
AV7-3-CAVNYAQGLTF-AJ26_BV13-1-CASSDLLGGREQYF-BJ2-7,3,2.0,1.7210491196156443
AV7-3-CAVNYAQGLTF-AJ26_BV13-1-CASSDLLGGREQYF-BJ2-7,3,5.0,1.2768517191342397
AV7-3-CAVSAWGGRALIF-AJ15_BV13-1-CASSDQGYNEQYF-BJ2-7,2,0.0,1.292481250360578
AV7-3-CAVSAWGGRALIF-AJ15_BV13-1-CASSDQGYNEQYF-BJ2-7,2,1.0,0.9211674052423369
AV7-3-CAVSAWGGRALIF-AJ15_BV13-1-CASSDQGYNEQYF-BJ2-7,2,2.0,0.7450070483329468
AV7-3-CAVSAWGGRALIF-AJ15_BV13-1-CASSDQGYNEQYF-BJ2-7,2,5.0,0.6092957246209594
AV7-3-CAVSMDYAQGLTF-AJ26_BV3-CASSLDKKYEQYF-BJ2-7,3,0.0,2.7381063736002553
AV7-3-CAVSMDYAQGLTF-AJ26_BV3-CASSLDKKYEQYF-BJ2-7,3,1.0,1.755205593292532
AV7-3-CAVSMDYAQGLTF-AJ26_BV3-CASSLDKKYEQYF-BJ2-7,3,2.0,1.4022556701405986
AV7-3-CAVSMDYAQGLTF-AJ26_BV3-CASSLDKKYEQYF-BJ2-7,3,5.0,1.1707801563175126
AV7-3-CAVSMGYAQGLTF-AJ26_BV13-1-CASSEAGNYAEQFF-BJ2-1,4,0.0,2.542481250360578
AV7-3-CAVSMGYAQGLTF-AJ26_BV13-1-CASSEAGNYAEQFF-BJ2-1,4,1.0,0.895201206951153
AV7-3-CAVSMGYAQGLTF-AJ26_BV13-1-CASSEAGNYAEQFF-BJ2-1,4,2.0,0.5942086904161655
AV7-3-CAVSMGYAQGLTF-AJ26_BV13-1-CASSEAGNYAEQFF-BJ2-1,4,5.0,0.43876549258285386
AV7-4-CAAIASSGSWQLIF-AJ22_BV13-1-CASSDAGEEVFF-BJ1-1,2,0.0,2.69615871138938
AV7-4-CAAIASSGSWQLIF-AJ22_BV13-1-CASSDAGEEVFF-BJ1-1,2,1.0,0.6065518240763313
AV7-4-CAAIASSGSWQLIF-AJ22_BV13-1-CASSDAGEEVFF-BJ1-1,2,2.0,0.2702011635263942
AV7-4-CAAIASSGSWQLIF-AJ22_BV13-1-CASSDAGEEVFF-BJ1-1,2,5.0,0.17276305098343064
AV7-4-CAARDSNYQLIW-AJ33_BV17-CASSSPRNYYAEQFF-BJ2-1,2,0.0,1.160964047443681
AV7-4-CAARDSNYQLIW-AJ33_BV17-CASSSPRNYYAEQFF-BJ2-1,2,1.0,0.19280279459688604
AV7-4-CAARDSNYQLIW-AJ33_BV17-CASSSPRNYYAEQFF-BJ2-1,2,2.0,0.07419653327476039
AV7-4-CAARDSNYQLIW-AJ33_BV17-CASSSPRNYYAEQFF-BJ2-1,2,5.0,0.04672985439120321
AV7-4-CAASDPGYQNFYF-AJ49_BV1-CTCSAGTDLSNERLFF-BJ1-4,3,0.0,1.92711990450822
AV7-4-CAASDPGYQNFYF-AJ49_BV1-CTCSAGTDLSNERLFF-BJ1-4,3,1.0,0.5045624201707583
AV7-4-CAASDPGYQNFYF-AJ49_BV1-CTCSAGTDLSNERLFF-BJ1-4,3,2.0,0.2232424288866787
AV7-4-CAASDPGYQNFYF-AJ49_BV1-CTCSAGTDLSNERLFF-BJ1-4,3,5.0,0.14195664097235736
AV7-4-CAASEYGGSGNKLIF-AJ32_BV5-CASSPHWGQDTQYF-BJ2-5,4,0.0,2.042481250360578
AV7-4-CAASEYGGSGNKLIF-AJ32_BV5-CASSPHWGQDTQYF-BJ2-5,4,1.0,0.680670121229884
AV7-4-CAASEYGGSGNKLIF-AJ32_BV5-CASSPHWGQDTQYF-BJ2-5,4,2.0,0.3905023219325764
AV7-4-CAASEYGGSGNKLIF-AJ32_BV5-CASSPHWGQDTQYF-BJ2-5,4,5.0,0.26210940341549044
AV7-4-CAASSSSGSWQLIF-AJ22_BV13-2-CASGEAGTGGSPF-BJ2-7,2,0.0,2.69615871138938
AV7-4-CAASSSSGSWQLIF-AJ22_BV13-2-CASGEAGTGGSPF-BJ2-7,2,1.0,2.2859921247862514
AV7-4-CAASSSSGSWQLIF-AJ22_BV13-2-CASGEAGTGGSPF-BJ2-7,2,2.0,1.973588025497362
AV7-4-CAASSSSGSWQLIF-AJ22_BV13-2-CASGEAGTGGSPF-BJ2-7,2,5.0,1.571883148549454
AV7-5-CAMNTGYQNFYF-AJ49_BV13-2-CASGDVGDSDYTF-BJ1-2,3,0.0,1.3899750004807707
AV7-5-CAMNTGYQNFYF-AJ49_BV13-2-CASGDVGDSDYTF-BJ1-2,3,1.0,1.1910352807068498
AV7-5-CAMNTGYQNFYF-AJ49_BV13-2-CASGDVGDSDYTF-BJ1-2,3,2.0,1.0385735221679682
AV7-5-CAMNTGYQNFYF-AJ49_BV13-2-CASGDVGDSDYTF-BJ1-2,3,5.0,0.855083974850744
AV7-5-CAMRGGTGFASALTF-AJ35_BV5-CASSPDWGDYEQYF-BJ2-7,2,0.0,2.69615871138938
AV7-5-CAMRGGTGFASALTF-AJ35_BV5-CASSPDWGDYEQYF-BJ2-7,2,1.0,0.7341781857996318
AV7-5-CAMRGGTGFASALTF-AJ35_BV5-CASSPDWGDYEQYF-BJ2-7,2,2.0,0.3217342740707789
AV7-5-CAMRGGTGFASALTF-AJ35_BV5-CASSPDWGDYEQYF-BJ2-7,2,5.0,0.20406296155781617
AV7-5-CAMSIPASSGSWQLIF-AJ22_BV5-CASSQEWGAPEQYF-BJ2-7,2,0.0,1.5
AV7-5-CAMSIPASSGSWQLIF-AJ22_BV5-CASSQEWGAPEQYF-BJ2-7,2,1.0,0.7651825590333773
AV7-5-CAMSIPASSGSWQLIF-AJ22_BV5-CASSQEWGAPEQYF-BJ2-7,2,2.0,0.568084850910607
AV7-5-CAMSIPASSGSWQLIF-AJ22_BV5-CASSQEWGAPEQYF-BJ2-7,2,5.0,0.451828134301555
AV7-5-CASIASSSFSKLVF-AJ50_BV19-CASSILLNYAEQFF-BJ2-1,2,0.0,2.19615871138938
AV7-5-CASIASSSFSKLVF-AJ50_BV19-CASSILLNYAEQFF-BJ2-1,2,1.0,1.7485748028195618
AV7-5-CASIASSSFSKLVF-AJ50_BV19-CASSILLNYAEQFF-BJ2-1,2,2.0,1.5231620732284261
AV7-5-CASIASSSFSKLVF-AJ50_BV19-CASSILLNYAEQFF-BJ2-1,2,5.0,1.335257798183695
AV7D-2-CAASKNYGNEKITF-AJ48_BV31-CAWNSLFSNERLFF-BJ1-4,2,0.0,2.7297158093186487
AV7D-2-CAASKNYGNEKITF-AJ48_BV31-CAWNSLFSNERLFF-BJ1-4,2,1.0,2.3702889324984158
AV7D-2-CAASKNYGNEKITF-AJ48_BV31-CAWNSLFSNERLFF-BJ1-4,2,2.0,2.1298833459999416
AV7D-2-CAASKNYGNEKITF-AJ48_BV31-CAWNSLFSNERLFF-BJ1-4,2,5.0,1.823203614633317
AV7D-2-CAASMDYANKMIF-AJ47_BV13-3-CASSDRSEQYF-BJ2-7,15,0.0,2.0937180639221444
AV7D-2-CAASMDYANKMIF-AJ47_BV13-3-CASSDRSEQYF-BJ2-7,15,1.0,1.4683601860015683
AV7D-2-CAASMDYANKMIF-AJ47_BV13-3-CASSDRSEQYF-BJ2-7,15,2.0,1.1094426539120354
AV7D-2-CAASMDYANKMIF-AJ47_BV13-3-CASSDRSEQYF-BJ2-7,15,5.0,0.8268243405870379
AV7D-2-CAASSGNTRKLIF-AJ37*p02_BV13-2-CASGDLVGYAEQFF-BJ2-1,17,0.0,2.4016020427806137
AV7D-2-CAASSGNTRKLIF-AJ37*p02_BV13-2-CASGDLVGYAEQFF-BJ2-1,17,1.0,1.1580601782798368
AV7D-2-CAASSGNTRKLIF-AJ37*p02_BV13-2-CASGDLVGYAEQFF-BJ2-1,17,2.0,0.7453300664425063
AV7D-2-CAASSGNTRKLIF-AJ37*p02_BV13-2-CASGDLVGYAEQFF-BJ2-1,17,5.0,0.5405948666474711
AV7D-2-CAATGNTRKLIF-AJ37*p02_BV13-2-CASGTGDYAEQFF-BJ2-1,3,0.0,2.1949875002403854
AV7D-2-CAATGNTRKLIF-AJ37*p02_BV13-2-CASGTGDYAEQFF-BJ2-1,3,1.0,1.6821840897500993
AV7D-2-CAATGNTRKLIF-AJ37*p02_BV13-2-CASGTGDYAEQFF-BJ2-1,3,2.0,1.3638891434058582
AV7D-2-CAATGNTRKLIF-AJ37*p02_BV13-2-CASGTGDYAEQFF-BJ2-1,3,5.0,1.0733846725925018
AV7D-3-CADDSGYNKLTF-AJ11*p02_BV13-2-CASAGANSDYTF-BJ1-2,5,0.0,2.2679700005769248
AV7D-3-CADDSGYNKLTF-AJ11*p02_BV13-2-CASAGANSDYTF-BJ1-2,5,1.0,1.703090268391301
AV7D-3-CADDSGYNKLTF-AJ11*p02_BV13-2-CASAGANSDYTF-BJ1-2,5,2.0,1.3711505725807096
AV7D-3-CADDSGYNKLTF-AJ11*p02_BV13-2-CASAGANSDYTF-BJ1-2,5,5.0,1.026278155774787
AV7D-3-CADDSGYNKLTF-AJ11*p02_BV13-2-CASGETGSQNTLYF-BJ2-4,2,0.0,2.160964047443681
AV7D-3-CADDSGYNKLTF-AJ11*p02_BV13-2-CASGETGSQNTLYF-BJ2-4,2,1.0,1.0021051701654553
AV7D-3-CADDSGYNKLTF-AJ11*p02_BV13-2-CASGETGSQNTLYF-BJ2-4,2,2.0,0.5578328653278115
AV7D-3-CADDSGYNKLTF-AJ11*p02_BV13-2-CASGETGSQNTLYF-BJ2-4,2,5.0,0.36229047699206
AV7D-3-CAVIGSGSWQLIF-AJ22_BV13-2-CASGEPQGANSPLYF-BJ1-6,26,0.0,2.042622732350057
AV7D-3-CAVIGSGSWQLIF-AJ22_BV13-2-CASGEPQGANSPLYF-BJ1-6,26,1.0,1.0250658760967892
AV7D-3-CAVIGSGSWQLIF-AJ22_BV13-2-CASGEPQGANSPLYF-BJ1-6,26,2.0,0.6417957288303253
AV7D-3-CAVIGSGSWQLIF-AJ22_BV13-2-CASGEPQGANSPLYF-BJ1-6,26,5.0,0.435568825808808
AV7D-3-CAVNQGGRALIF-AJ15_BV13-2-CASGDIYEQYF-BJ2-7,3,0.0,1.7097610056483221
AV7D-3-CAVNQGGRALIF-AJ15_BV13-2-CASGDIYEQYF-BJ2-7,3,1.0,0.6921922099788071
AV7D-3-CAVNQGGRALIF-AJ15_BV13-2-CASGDIYEQYF-BJ2-7,3,2.0,0.3650224510493872
AV7D-3-CAVNQGGRALIF-AJ15_BV13-2-CASGDIYEQYF-BJ2-7,3,5.0,0.2359067447660129
AV7D-3-CAVPGGYKVVF-AJ12_BV4-CASSYRAETLYF-BJ2-3,2,0.0,2.160964047443681
AV7D-3-CAVPGGYKVVF-AJ12_BV4-CASSYRAETLYF-BJ2-3,2,1.0,1.5174269696459448
AV7D-3-CAVPGGYKVVF-AJ12_BV4-CASSYRAETLYF-BJ2-3,2,2.0,1.2066449184962886
AV7D-3-CAVPGGYKVVF-AJ12_BV4-CASSYRAETLYF-BJ2-3,2,5.0,0.9550668314546225
AV7D-3-CAVSIGSNYQLIW-AJ33_BV4-CASSRDNQDTQYF-BJ2-5,2,0.0,2.0
AV7D-3-CAVSIGSNYQLIW-AJ33_BV4-CASSRDNQDTQYF-BJ2-5,2,1.0,0.7618738443705878
AV7D-3-CAVSIGSNYQLIW-AJ33_BV4-CASSRDNQDTQYF-BJ2-5,2,2.0,0.40759020461608275
AV7D-3-CAVSIGSNYQLIW-AJ33_BV4-CASSRDNQDTQYF-BJ2-5,2,5.0,0.26400915320696833
AV7D-3-CAVSPETGSWQLIF-AJ22_BV13-2-CASGRQITEVFF-BJ1-1,4,0.0,2.5323207542362414
AV7D-3-CAVSPETGSWQLIF-AJ22_BV13-2-CASGRQITEVFF-BJ1-1,4,1.0,1.6166445739335642
AV7D-3-CAVSPETGSWQLIF-AJ22_BV13-2-CASGRQITEVFF-BJ1-1,4,2.0,1.3093419104444641
AV7D-3-CAVSPETGSWQLIF-AJ22_BV13-2-CASGRQITEVFF-BJ1-1,4,5.0,1.1360266451541206
AV7D-5-CAVSMPGANTGKLTF-AJ52_BV29-CASSSGRNSPLYF-BJ1-6,2,0.0,1.292481250360578
AV7D-5-CAVSMPGANTGKLTF-AJ52_BV29-CASSSGRNSPLYF-BJ1-6,2,1.0,0.850172046323318
AV7D-5-CAVSMPGANTGKLTF-AJ52_BV29-CASSSGRNSPLYF-BJ1-6,2,2.0,0.6225562489182659
AV7D-5-CAVSMPGANTGKLTF-AJ52_BV29-CASSSGRNSPLYF-BJ1-6,2,5.0,0.441646938726251
AV8-1-CAGNYKYVF-AJ40_BV17-CASSPRGGTQYF-BJ2-5,4,0.0,2.5192038992627075
AV8-1-CAGNYKYVF-AJ40_BV17-CASSPRGGTQYF-BJ2-5,4,1.0,1.863245625617175
AV8-1-CAGNYKYVF-AJ40_BV17-CASSPRGGTQYF-BJ2-5,4,2.0,1.414428518836568
AV8-1-CAGNYKYVF-AJ40_BV17-CASSPRGGTQYF-BJ2-5,4,5.0,1.0229981328334035
AV8-1-CAPYQGGRALIF-AJ15_BV1-CTCSAGGYAEQFF-BJ2-1,16,0.0,1.8795217015691854
AV8-1-CAPYQGGRALIF-AJ15_BV1-CTCSAGGYAEQFF-BJ2-1,16,1.0,1.3357308739830345
AV8-1-CAPYQGGRALIF-AJ15_BV1-CTCSAGGYAEQFF-BJ2-1,16,2.0,1.1071809803824846
AV8-1-CAPYQGGRALIF-AJ15_BV1-CTCSAGGYAEQFF-BJ2-1,16,5.0,0.9163648695432334
AV8-1-CAPYQGGRALIF-AJ15_BV13-1-CASSETGLDNQAPLF-BJ1-5,4,0.0,2.09807935569469
AV8-1-CAPYQGGRALIF-AJ15_BV13-1-CASSETGLDNQAPLF-BJ1-5,4,1.0,1.029929578400859
AV8-1-CAPYQGGRALIF-AJ15_BV13-1-CASSETGLDNQAPLF-BJ1-5,4,2.0,0.7529805399515556
AV8-1-CAPYQGGRALIF-AJ15_BV13-1-CASSETGLDNQAPLF-BJ1-5,4,5.0,0.5817410397956685
AV8-1-CATDGSALGRLHF-AJ18_BV1-CTCSATAGDTEVFF-BJ1-1,2,0.0,2.084962500721156
AV8-1-CATDGSALGRLHF-AJ18_BV1-CTCSATAGDTEVFF-BJ1-1,2,1.0,1.068081302983346
AV8-1-CATDGSALGRLHF-AJ18_BV1-CTCSATAGDTEVFF-BJ1-1,2,2.0,0.6383380241084137
AV8-1-CATDGSALGRLHF-AJ18_BV1-CTCSATAGDTEVFF-BJ1-1,2,5.0,0.42179425346850213
AV8-1-CATDQDTGYQNFYF-AJ49_BV3-CASSLEGGRYEQYF-BJ2-7,4,0.0,2.3876866963458103
AV8-1-CATDQDTGYQNFYF-AJ49_BV3-CASSLEGGRYEQYF-BJ2-7,4,1.0,1.1457657944990742
AV8-1-CATDQDTGYQNFYF-AJ49_BV3-CASSLEGGRYEQYF-BJ2-7,4,2.0,0.6782031431088676
AV8-1-CATDQDTGYQNFYF-AJ49_BV3-CASSLEGGRYEQYF-BJ2-7,4,5.0,0.4514523316978891
AV8-1-CATEPDTGYQNFYF-AJ49_BV3-CASSLAWGLNYAEQFF-BJ2-1,5,0.0,2.2575424759098897
AV8-1-CATEPDTGYQNFYF-AJ49_BV3-CASSLAWGLNYAEQFF-BJ2-1,5,1.0,0.9724335864360694
AV8-1-CATEPDTGYQNFYF-AJ49_BV3-CASSLAWGLNYAEQFF-BJ2-1,5,2.0,0.6621234032211266
AV8-1-CATEPDTGYQNFYF-AJ49_BV3-CASSLAWGLNYAEQFF-BJ2-1,5,5.0,0.502725174965909
AV8-1-CATERDTNTGKLTF-AJ27_BV12-1-CASSLGTGGYEQYF-BJ2-7,4,0.0,2.321928094887362
AV8-1-CATERDTNTGKLTF-AJ27_BV12-1-CASSLGTGGYEQYF-BJ2-7,4,1.0,1.0493500015381143
AV8-1-CATERDTNTGKLTF-AJ27_BV12-1-CASSLGTGGYEQYF-BJ2-7,4,2.0,0.7703399567445612
AV8-1-CATERDTNTGKLTF-AJ27_BV12-1-CASSLGTGGYEQYF-BJ2-7,4,5.0,0.6654260974181868
AV8-1-CATGANTGKLTF-AJ52_BV3-CASSPDWGTSAETLYF-BJ2-3,3,0.0,2.8170703706107765
AV8-1-CATGANTGKLTF-AJ52_BV3-CASSPDWGTSAETLYF-BJ2-3,3,1.0,2.2628859494396267
AV8-1-CATGANTGKLTF-AJ52_BV3-CASSPDWGTSAETLYF-BJ2-3,3,2.0,1.8169269393212122
AV8-1-CATGANTGKLTF-AJ52_BV3-CASSPDWGTSAETLYF-BJ2-3,3,5.0,1.3662170587131532
AV8-1-CSQGGRALIF-AJ15_BV1-CTCSAGLGTSAETLYF-BJ2-3,2,0.0,1.903677461028802
AV8-1-CSQGGRALIF-AJ15_BV1-CTCSAGLGTSAETLYF-BJ2-3,2,1.0,1.7314335735403814
AV8-1-CSQGGRALIF-AJ15_BV1-CTCSAGLGTSAETLYF-BJ2-3,2,2.0,1.596037139355034
AV8-1-CSQGGRALIF-AJ15_BV1-CTCSAGLGTSAETLYF-BJ2-3,2,5.0,1.3926698367429147
AV8-2-CATDADNNNAPRF-AJ43*p03_BV14-CASSNRETLYF-BJ2-3,2,0.0,2.69615871138938
AV8-2-CATDADNNNAPRF-AJ43*p03_BV14-CASSNRETLYF-BJ2-3,2,1.0,1.4261516393552587
AV8-2-CATDADNNNAPRF-AJ43*p03_BV14-CASSNRETLYF-BJ2-3,2,2.0,0.9587863542755963
AV8-2-CATDADNNNAPRF-AJ43*p03_BV14-CASSNRETLYF-BJ2-3,2,5.0,0.6752494826320845
AV8-2-CATDAPGNYKYVF-AJ40_BV1-CTCSAVPLGQTEVFF-BJ1-1,2,0.0,3.133393270347451
AV8-2-CATDAPGNYKYVF-AJ40_BV1-CTCSAVPLGQTEVFF-BJ1-1,2,1.0,1.7817464232117026
AV8-2-CATDAPGNYKYVF-AJ40_BV1-CTCSAVPLGQTEVFF-BJ1-1,2,2.0,1.1644773994478081
AV8-2-CATDAPGNYKYVF-AJ40_BV1-CTCSAVPLGQTEVFF-BJ1-1,2,5.0,0.8075404759391795
AV8-2-CATDEAGNTRKLIF-AJ37*p02_BV13-2-CASGEGYAEQFF-BJ2-1,2,0.0,2.903677461028802
AV8-2-CATDEAGNTRKLIF-AJ37*p02_BV13-2-CASGEGYAEQFF-BJ2-1,2,1.0,0.4255374184083977
AV8-2-CATDEAGNTRKLIF-AJ37*p02_BV13-2-CASGEGYAEQFF-BJ2-1,2,2.0,0.15624917368039473
AV8-2-CATDEAGNTRKLIF-AJ37*p02_BV13-2-CASGEGYAEQFF-BJ2-1,2,5.0,0.0982932429762317
AV8-2-CATDIQGGRALIF-AJ15_BV3-CASSWGGADSDYTF-BJ1-2,28,0.0,1.7882607568380446
AV8-2-CATDIQGGRALIF-AJ15_BV3-CASSWGGADSDYTF-BJ1-2,28,1.0,0.987330293097917
AV8-2-CATDIQGGRALIF-AJ15_BV3-CASSWGGADSDYTF-BJ1-2,28,2.0,0.673030212571995
AV8-2-CATDIQGGRALIF-AJ15_BV3-CASSWGGADSDYTF-BJ1-2,28,5.0,0.4902780664200398
AV8-2-CATDLNNNNAPRF-AJ43*p03_BV1-CTCSATGEEVFF-BJ1-1,3,0.0,1.7739760316291207
AV8-2-CATDLNNNNAPRF-AJ43*p03_BV1-CTCSATGEEVFF-BJ1-1,3,1.0,1.432112197807487
AV8-2-CATDLNNNNAPRF-AJ43*p03_BV1-CTCSATGEEVFF-BJ1-1,3,2.0,1.308930906905587
AV8-2-CATDLNNNNAPRF-AJ43*p03_BV1-CTCSATGEEVFF-BJ1-1,3,5.0,1.175991371358136
AV8-2-CATDRGYQNFYF-AJ49_BV13-2-CASGDANSPLYF-BJ1-6,2,0.0,1.403677461028802
AV8-2-CATDRGYQNFYF-AJ49_BV13-2-CASGDANSPLYF-BJ1-6,2,1.0,0.30108959510113636
AV8-2-CATDRGYQNFYF-AJ49_BV13-2-CASGDANSPLYF-BJ1-6,2,2.0,0.11927225358863983
AV8-2-CATDRGYQNFYF-AJ49_BV13-2-CASGDANSPLYF-BJ1-6,2,5.0,0.07518389421296424
AV8-2-CATDSGGADRLTF-AJ45_BV3-CASSLVRVEDTQYF-BJ2-5,3,0.0,2.107309364962454
AV8-2-CATDSGGADRLTF-AJ45_BV3-CASSLVRVEDTQYF-BJ2-5,3,1.0,0.9152518927276404
AV8-2-CATDSGGADRLTF-AJ45_BV3-CASSLVRVEDTQYF-BJ2-5,3,2.0,0.5023935583087459
AV8-2-CATDSGGADRLTF-AJ45_BV3-CASSLVRVEDTQYF-BJ2-5,3,5.0,0.32881776650030897
AV8-2-CATEANTGKLTF-AJ52_BV13-1-CASSGGNYAEQFF-BJ2-1,9,0.0,2.7117523287591285
AV8-2-CATEANTGKLTF-AJ52_BV13-1-CASSGGNYAEQFF-BJ2-1,9,1.0,1.9403718600712254
AV8-2-CATEANTGKLTF-AJ52_BV13-1-CASSGGNYAEQFF-BJ2-1,9,2.0,1.514155112784664
AV8-2-CATEANTGKLTF-AJ52_BV13-1-CASSGGNYAEQFF-BJ2-1,9,5.0,1.1585879026653199
AV8-2-CATEGGGADRLTF-AJ45_BV29-CASSLRGYEQYF-BJ2-7,4,0.0,2.6785613794165304
AV8-2-CATEGGGADRLTF-AJ45_BV29-CASSLRGYEQYF-BJ2-7,4,1.0,1.288604117832559
AV8-2-CATEGGGADRLTF-AJ45_BV29-CASSLRGYEQYF-BJ2-7,4,2.0,0.7673043451042824
AV8-2-CATEGGGADRLTF-AJ45_BV29-CASSLRGYEQYF-BJ2-7,4,5.0,0.520379607002849
AV8-2-CATGGGSAKLIF-AJ57_BV13-1-CASSGGNYAEQFF-BJ2-1,2,0.0,3.084962500721156
AV8-2-CATGGGSAKLIF-AJ57_BV13-1-CASSGGNYAEQFF-BJ2-1,2,1.0,2.308016127192548
AV8-2-CATGGGSAKLIF-AJ57_BV13-1-CASSGGNYAEQFF-BJ2-1,2,2.0,1.7475989218167065
AV8-2-CATGGGSAKLIF-AJ57_BV13-1-CASSGGNYAEQFF-BJ2-1,2,5.0,1.2594896271436404
AV8D-1-CATDGSALGRLHF-AJ18_BV1-CTCSATAGDTEVFF-BJ1-1,3,0.0,2.325759974499972
AV8D-1-CATDGSALGRLHF-AJ18_BV1-CTCSATAGDTEVFF-BJ1-1,3,1.0,1.1547716880055603
AV8D-1-CATDGSALGRLHF-AJ18_BV1-CTCSATAGDTEVFF-BJ1-1,3,2.0,0.7092098440144011
AV8D-1-CATDGSALGRLHF-AJ18_BV1-CTCSATAGDTEVFF-BJ1-1,3,5.0,0.48520543228450386
AV8D-1-CATEPDTGYQNFYF-AJ49_BV3-CASSLAWGLNYAEQFF-BJ2-1,2,0.0,2.453445297804259
AV8D-1-CATEPDTGYQNFYF-AJ49_BV3-CASSLAWGLNYAEQFF-BJ2-1,2,1.0,0.9840142842341324
AV8D-1-CATEPDTGYQNFYF-AJ49_BV3-CASSLAWGLNYAEQFF-BJ2-1,2,2.0,0.6146395788113476
AV8D-1-CATEPDTGYQNFYF-AJ49_BV3-CASSLAWGLNYAEQFF-BJ2-1,2,5.0,0.4205051839921762
AV8D-2-CATDANQGGRALIF-AJ15_BV4-CASSPLGGQYEQYF-BJ2-7,3,0.0,0.861654166907052
AV8D-2-CATDANQGGRALIF-AJ15_BV4-CASSPLGGQYEQYF-BJ2-7,3,1.0,0.7903168648182229
AV8D-2-CATDANQGGRALIF-AJ15_BV4-CASSPLGGQYEQYF-BJ2-7,3,2.0,0.7281415237124756
AV8D-2-CATDANQGGRALIF-AJ15_BV4-CASSPLGGQYEQYF-BJ2-7,3,5.0,0.6394168779528534
AV8D-2-CATDANSGTYQRF-AJ13_BV29-CASSFRAGEQYF-BJ2-7,4,0.0,1.7692038992627075
AV8D-2-CATDANSGTYQRF-AJ13_BV29-CASSFRAGEQYF-BJ2-7,4,1.0,1.3457578400890813
AV8D-2-CATDANSGTYQRF-AJ13_BV29-CASSFRAGEQYF-BJ2-7,4,2.0,1.1684418049444778
AV8D-2-CATDANSGTYQRF-AJ13_BV29-CASSFRAGEQYF-BJ2-7,4,5.0,1.007816672451255
AV8D-2-CATDARTNAYKVIF-AJ30_BV29-CASNRDNTEVFF-BJ1-1,2,0.0,3.160964047443681
AV8D-2-CATDARTNAYKVIF-AJ30_BV29-CASNRDNTEVFF-BJ1-1,2,1.0,2.7158719665189945
AV8D-2-CATDARTNAYKVIF-AJ30_BV29-CASNRDNTEVFF-BJ1-1,2,2.0,2.4173299046199057
AV8D-2-CATDARTNAYKVIF-AJ30_BV29-CASNRDNTEVFF-BJ1-1,2,5.0,2.0830177108874315
AV8D-2-CATDPSGSWQLIF-AJ22_BV16-CASSLPPPDSAETLYF-BJ2-3,2,0.0,2.745926548164837
AV8D-2-CATDPSGSWQLIF-AJ22_BV16-CASSLPPPDSAETLYF-BJ2-3,2,1.0,2.64055808622801
AV8D-2-CATDPSGSWQLIF-AJ22_BV16-CASSLPPPDSAETLYF-BJ2-3,2,2.0,2.5517688020542053
AV8D-2-CATDPSGSWQLIF-AJ22_BV16-CASSLPPPDSAETLYF-BJ2-3,2,5.0,2.3828953074343766
AV8D-2-CATSGSWQLIF-AJ22_BV1-CTCSAVGGEDERLFF-BJ1-4,3,0.0,3.049068308314076
AV8D-2-CATSGSWQLIF-AJ22_BV1-CTCSAVGGEDERLFF-BJ1-4,3,1.0,2.5224740097458658
AV8D-2-CATSGSWQLIF-AJ22_BV1-CTCSAVGGEDERLFF-BJ1-4,3,2.0,2.168059988976264
AV8D-2-CATSGSWQLIF-AJ22_BV1-CTCSAVGGEDERLFF-BJ1-4,3,5.0,1.8274219389870445
AV9-1-CAVSARMDYANKMIF-AJ47_BV4-CASSFSYTGQLYF-BJ2-2,2,0.0,1.0
AV9-1-CAVSARMDYANKMIF-AJ47_BV4-CASSFSYTGQLYF-BJ2-2,2,1.0,0.4966963645051813
AV9-1-CAVSARMDYANKMIF-AJ47_BV4-CASSFSYTGQLYF-BJ2-2,2,2.0,0.28686762264895105
AV9-1-CAVSARMDYANKMIF-AJ47_BV4-CASSFSYTGQLYF-BJ2-2,2,5.0,0.18722371906875424
AV9-1-CAVSAYSNYQLIW-AJ33_BV1-CTCSADRVEQYF-BJ2-7,9,0.0,2.8010945276507675
AV9-1-CAVSAYSNYQLIW-AJ33_BV1-CTCSADRVEQYF-BJ2-7,9,1.0,2.0090965611797764
AV9-1-CAVSAYSNYQLIW-AJ33_BV1-CTCSADRVEQYF-BJ2-7,9,2.0,1.5110377626661338
AV9-1-CAVSAYSNYQLIW-AJ33_BV1-CTCSADRVEQYF-BJ2-7,9,5.0,1.1035042320230382
AV9-2-CAASGIYAQGLTF-AJ26_BV17-CASSPGQGATGQLYF-BJ2-2,2,0.0,2.584962500721156
AV9-2-CAASGIYAQGLTF-AJ26_BV17-CASSPGQGATGQLYF-BJ2-2,2,1.0,1.9209300176417337
AV9-2-CAASGIYAQGLTF-AJ26_BV17-CASSPGQGATGQLYF-BJ2-2,2,2.0,1.527410745404396
AV9-2-CAASGIYAQGLTF-AJ26_BV17-CASSPGQGATGQLYF-BJ2-2,2,5.0,1.157730067354093
AV9-2-CAASMDYANKMIF-AJ47_BV3-CASSLGAGYEQYF-BJ2-7,6,0.0,2.9213377848138595
AV9-2-CAASMDYANKMIF-AJ47_BV3-CASSLGAGYEQYF-BJ2-7,6,1.0,0.9647502548912232
AV9-2-CAASMDYANKMIF-AJ47_BV3-CASSLGAGYEQYF-BJ2-7,6,2.0,0.5965104610627919
AV9-2-CAASMDYANKMIF-AJ47_BV3-CASSLGAGYEQYF-BJ2-7,6,5.0,0.42684546915869787
AV9-3-CAVRNNAGAKLTF-AJ39_BV2-CASSQDWGGKYAEQFF-BJ2-1,2,0.0,2.292481250360578
AV9-3-CAVRNNAGAKLTF-AJ39_BV2-CASSQDWGGKYAEQFF-BJ2-1,2,1.0,1.8993095912965163
AV9-3-CAVRNNAGAKLTF-AJ39_BV2-CASSQDWGGKYAEQFF-BJ2-1,2,2.0,1.650671881365635
AV9-3-CAVRNNAGAKLTF-AJ39_BV2-CASSQDWGGKYAEQFF-BJ2-1,2,5.0,1.3493037994387147
AV9-3-CAVSENNNAGAKLTF-AJ39_BV1-CTCSAAWGDTQYF-BJ2-5,25,0.0,2.2887402446562994
AV9-3-CAVSENNNAGAKLTF-AJ39_BV1-CTCSAAWGDTQYF-BJ2-5,25,1.0,0.8923771056232741
AV9-3-CAVSENNNAGAKLTF-AJ39_BV1-CTCSAAWGDTQYF-BJ2-5,25,2.0,0.5700671883508132
AV9-3-CAVSENNNAGAKLTF-AJ39_BV1-CTCSAAWGDTQYF-BJ2-5,25,5.0,0.4287390427175706
AV9-3-CAVSMDTGNYKYVF-AJ40_BV12-2-CASSPGDEQYF-BJ2-7,3,0.0,2.3899750004807707
AV9-3-CAVSMDTGNYKYVF-AJ40_BV12-2-CASSPGDEQYF-BJ2-7,3,1.0,1.5778947800811565
AV9-3-CAVSMDTGNYKYVF-AJ40_BV12-2-CASSPGDEQYF-BJ2-7,3,2.0,1.1660040172647264
AV9-3-CAVSMDTGNYKYVF-AJ40_BV12-2-CASSPGDEQYF-BJ2-7,3,5.0,0.8922207176919574
AV9-3-CAVSMNSGGSNYKLTF-AJ53_BV13-1-CASSDWGAEQYF-BJ2-7,2,0.0,2.321928094887362
AV9-3-CAVSMNSGGSNYKLTF-AJ53_BV13-1-CASSDWGAEQYF-BJ2-7,2,1.0,1.6550046637993454
AV9-3-CAVSMNSGGSNYKLTF-AJ53_BV13-1-CASSDWGAEQYF-BJ2-7,2,2.0,1.3638446804168431
AV9-3-CAVSMNSGGSNYKLTF-AJ53_BV13-1-CASSDWGAEQYF-BJ2-7,2,5.0,1.1551263530438294
AV9-3-CAVSSDYANKMIF-AJ47_BV3-CASSSGTGGYEQYF-BJ2-7,15,0.0,2.770408468060064
AV9-3-CAVSSDYANKMIF-AJ47_BV3-CASSSGTGGYEQYF-BJ2-7,15,1.0,0.9026083359399643
AV9-3-CAVSSDYANKMIF-AJ47_BV3-CASSSGTGGYEQYF-BJ2-7,15,2.0,0.46533878340628926
AV9-3-CAVSSDYANKMIF-AJ47_BV3-CASSSGTGGYEQYF-BJ2-7,15,5.0,0.30152374621890643
AV9-4-CAVASMDYANKMIF-AJ47_BV13-2-CASGDRLNTGQLYF-BJ2-2,13,0.0,1.9358043561152654
AV9-4-CAVASMDYANKMIF-AJ47_BV13-2-CASGDRLNTGQLYF-BJ2-2,13,1.0,0.462201688873007
AV9-4-CAVASMDYANKMIF-AJ47_BV13-2-CASGDRLNTGQLYF-BJ2-2,13,2.0,0.20841538983229924
AV9-4-CAVASMDYANKMIF-AJ47_BV13-2-CASGDRLNTGQLYF-BJ2-2,13,5.0,0.13280018083773015
AV9-4-CAVSHSNYQLIW-AJ33_BV19-CASTPTGIAEQFF-BJ2-1,2,0.0,2.69615871138938
AV9-4-CAVSHSNYQLIW-AJ33_BV19-CASTPTGIAEQFF-BJ2-1,2,1.0,0.9753419049599658
AV9-4-CAVSHSNYQLIW-AJ33_BV19-CASTPTGIAEQFF-BJ2-1,2,2.0,0.5067486842031937
AV9-4-CAVSHSNYQLIW-AJ33_BV19-CASTPTGIAEQFF-BJ2-1,2,5.0,0.3269316439962183
AV9-4-CAVSSDYANKMIF-AJ47_BV3-CASSSGTGGYEQYF-BJ2-7,2,0.0,2.584962500721156
AV9-4-CAVSSDYANKMIF-AJ47_BV3-CASSSGTGGYEQYF-BJ2-7,2,1.0,0.5354664921633818
AV9-4-CAVSSDYANKMIF-AJ47_BV3-CASSSGTGGYEQYF-BJ2-7,2,2.0,0.22338674696631128
AV9-4-CAVSSDYANKMIF-AJ47_BV3-CASSSGTGGYEQYF-BJ2-7,2,5.0,0.14147475402216275
AV9D-1-CAAKPNYNVLYF-AJ21*p03_BV29-CASRIANTEVFF-BJ1-1,2,0.0,3.39067985676233
AV9D-1-CAAKPNYNVLYF-AJ21*p03_BV29-CASRIANTEVFF-BJ1-1,2,1.0,2.2454226350231243
AV9D-1-CAAKPNYNVLYF-AJ21*p03_BV29-CASRIANTEVFF-BJ1-1,2,2.0,1.5764381605847166
AV9D-1-CAAKPNYNVLYF-AJ21*p03_BV29-CASRIANTEVFF-BJ1-1,2,5.0,1.1130934435554818
AV9D-1-CAASSNTGYQNFYF-AJ49_BV1-CTCSAVWGEDTQYF-BJ2-5,9,0.0,1.9221342242652528
AV9D-1-CAASSNTGYQNFYF-AJ49_BV1-CTCSAVWGEDTQYF-BJ2-5,9,1.0,1.0385901269055764
AV9D-1-CAASSNTGYQNFYF-AJ49_BV1-CTCSAVWGEDTQYF-BJ2-5,9,2.0,0.7051986437529203
AV9D-1-CAASSNTGYQNFYF-AJ49_BV1-CTCSAVWGEDTQYF-BJ2-5,9,5.0,0.4939008345892522
AV9D-3-CAVSADMGYKLTF-AJ9_BV13-2-CASGENTGQLYF-BJ2-2,4,0.0,2.0572046726239703
AV9D-3-CAVSADMGYKLTF-AJ9_BV13-2-CASGENTGQLYF-BJ2-2,4,1.0,0.37676801433867274
AV9D-3-CAVSADMGYKLTF-AJ9_BV13-2-CASGENTGQLYF-BJ2-2,4,2.0,0.14594867414409213
AV9D-3-CAVSADMGYKLTF-AJ9_BV13-2-CASGENTGQLYF-BJ2-2,4,5.0,0.09197749587914748
AV9D-3-CAVSSLGAQGLTF-AJ26_BV13-2-CASGDGDKEQYF-BJ2-7,3,0.0,1.4864772062124325
AV9D-3-CAVSSLGAQGLTF-AJ26_BV13-2-CASGDGDKEQYF-BJ2-7,3,1.0,0.6596711239889664
AV9D-3-CAVSSLGAQGLTF-AJ26_BV13-2-CASGDGDKEQYF-BJ2-7,3,2.0,0.3505150904319097
AV9D-3-CAVSSLGAQGLTF-AJ26_BV13-2-CASGDGDKEQYF-BJ2-7,3,5.0,0.22901846213291707
AV9D-4-CALSANMGYKLTF-AJ9_BV13-1-CASSEGTGGIYEQYF-BJ2-7,10,0.0,2.1831703099214304
AV9D-4-CALSANMGYKLTF-AJ9_BV13-1-CASSEGTGGIYEQYF-BJ2-7,10,1.0,0.7805990456357087
AV9D-4-CALSANMGYKLTF-AJ9_BV13-1-CASSEGTGGIYEQYF-BJ2-7,10,2.0,0.4199096009439914
AV9D-4-CALSANMGYKLTF-AJ9_BV13-1-CASSEGTGGIYEQYF-BJ2-7,10,5.0,0.27553113417676933
AV9D-4-CALSATNAYKVIF-AJ30_BV13-2-CASGDAAGKDTQYF-BJ2-5,7,0.0,2.16766816232906
AV9D-4-CALSATNAYKVIF-AJ30_BV13-2-CASGDAAGKDTQYF-BJ2-5,7,1.0,1.2314902733246524
AV9D-4-CALSATNAYKVIF-AJ30_BV13-2-CASGDAAGKDTQYF-BJ2-5,7,2.0,0.8254100861253981
AV9D-4-CALSATNAYKVIF-AJ30_BV13-2-CASGDAAGKDTQYF-BJ2-5,7,5.0,0.5681947349784057
AV9D-4-CALSDDYAQGLTF-AJ26_BV3-CASSLALSEQYF-BJ2-7,2,0.0,3.377443751081734
AV9D-4-CALSDDYAQGLTF-AJ26_BV3-CASSLALSEQYF-BJ2-7,2,1.0,0.4821326868835749
AV9D-4-CALSDDYAQGLTF-AJ26_BV3-CASSLALSEQYF-BJ2-7,2,2.0,0.1698017317211581
AV9D-4-CALSDDYAQGLTF-AJ26_BV3-CASSLALSEQYF-BJ2-7,2,5.0,0.10668702081265177
AV9D-4-CALSFLSGSWQLIF-AJ22_BV13-3-CASSTGKTYEQYF-BJ2-7,3,0.0,2.830617698776558
AV9D-4-CALSFLSGSWQLIF-AJ22_BV13-3-CASSTGKTYEQYF-BJ2-7,3,1.0,2.0288899721058633
AV9D-4-CALSFLSGSWQLIF-AJ22_BV13-3-CASSTGKTYEQYF-BJ2-7,3,2.0,1.4786130627255794
AV9D-4-CALSFLSGSWQLIF-AJ22_BV13-3-CASSTGKTYEQYF-BJ2-7,3,5.0,1.0352316045235526
AV9D-4-CALSHNYAQGLTF-AJ26_BV31-CAWAGLGNQDTQYF-BJ2-5,6,0.0,2.0752018519720545
AV9D-4-CALSHNYAQGLTF-AJ26_BV31-CAWAGLGNQDTQYF-BJ2-5,6,1.0,1.2139480541905823
AV9D-4-CALSHNYAQGLTF-AJ26_BV31-CAWAGLGNQDTQYF-BJ2-5,6,2.0,0.8316361281086159
AV9D-4-CALSHNYAQGLTF-AJ26_BV31-CAWAGLGNQDTQYF-BJ2-5,6,5.0,0.5886748680298476
AV9D-4-CALSLDYSNNRLTL-AJ7_BV19-CASSIGGQGLYSGNTLYF-BJ1-3,2,0.0,2.660964047443681
AV9D-4-CALSLDYSNNRLTL-AJ7_BV19-CASSIGGQGLYSGNTLYF-BJ1-3,2,1.0,2.27770304135625
AV9D-4-CALSLDYSNNRLTL-AJ7_BV19-CASSIGGQGLYSGNTLYF-BJ1-3,2,2.0,1.911328105859137
AV9D-4-CALSLDYSNNRLTL-AJ7_BV19-CASSIGGQGLYSGNTLYF-BJ1-3,2,5.0,1.4448047129252637
AV9D-4-CALSPDTNAYKVIF-AJ30_BV12-1-CASSLWADTQYF-BJ2-5,9,0.0,2.87218055635684
AV9D-4-CALSPDTNAYKVIF-AJ30_BV12-1-CASSLWADTQYF-BJ2-5,9,1.0,0.8333070962796685
AV9D-4-CALSPDTNAYKVIF-AJ30_BV12-1-CASSLWADTQYF-BJ2-5,9,2.0,0.3983723691560346
AV9D-4-CALSPDTNAYKVIF-AJ30_BV12-1-CASSLWADTQYF-BJ2-5,9,5.0,0.25586209549757316
