rank,clonotype,n_cells,classification,above_background_peptides,n_above_background,above_background_proportions,dominant_peptide,dominant_proportion,median_dominant_peptide,median_dominant_proportion,dominant_peptide_agrees,candidate_peptides,n_candidates,background_peptides,background_threshold_count,control_mean_count,mean_counts,coherence_full,coh_without_ATLVFHNL,delta_coh_ATLVFHNL,prop_ATLVFHNL,coh_without_EEEPVKKI,delta_coh_EEEPVKKI,prop_EEEPVKKI,coh_without_HIYEFPQL,delta_coh_HIYEFPQL,prop_HIYEFPQL,coh_without_INFDFPKL,delta_coh_INFDFPKL,prop_INFDFPKL,coh_without_RAYLFNSV,delta_coh_RAYLFNSV,prop_RAYLFNSV,coh_without_RTYTYEKL,delta_coh_RTYTYEKL,prop_RTYTYEKL,coh_without_SNYLFTKL,delta_coh_SNYLFTKL,prop_SNYLFTKL,coh_without_SSYTFPKM,delta_coh_SSYTFPKM,prop_SSYTFPKM,coh_without_SVYVYKVL,delta_coh_SVYVYKVL,prop_SVYVYKVL,coh_without_VAFDFTKV,delta_coh_VAFDFTKV,prop_VAFDFTKV,coh_without_VGPRYTNL,delta_coh_VGPRYTNL,prop_VGPRYTNL,coh_without_VIVRFLTV,delta_coh_VIVRFLTV,prop_VIVRFLTV,coh_without_VSFTYRYL,delta_coh_VSFTYRYL,prop_VSFTYRYL,most_disruptive_peptide,most_disruptive_delta,most_stabilizing_peptide,most_stabilizing_delta
1,AV16N-CAMREGNNNNAPRF-AJ43_BV13-1-CASSEVSTEVFF-BJ1-1,7,single,['SNYLFTKL'],1,[0.789272030651341],SNYLFTKL,0.789272030651341,SNYLFTKL,0.03758438241196862,True,['SNYLFTKL'],1,"['ATLVFHNL', 'EEEPVKKI', 'HIYEFPQL', 'INFDFPKL', 'RAYLFNSV', 'RTYTYEKL', 'SSYTFPKM', 'SVYVYKVL', 'VAFDFTKV', 'VGPRYTNL', 'VIVRFLTV', 'VSFTYRYL']",0.0,0.0,"[ 0.28571429  0.          1.28571429  0.14285714  0.          1.28571429
 29.42857143  0.28571429  1.42857143  0.14285714  0.28571429  1.
  1.71428571]",0.8522844696600705,0.8525478255375857,0.0002633558775151368,0.007662835249042145,0.8522844696600705,0.0,0.0,0.9266024848395121,0.07431801517944159,0.03448275862068966,0.8528200023538892,0.0005355326938186744,0.0038314176245210726,0.8522844696600705,0.0,0.0,0.8722242864190521,0.0199398167589816,0.03448275862068966,0.3555756953717697,-0.49670877428830085,0.789272030651341,0.8523454640620949,6.0994402024339145e-05,0.007662835249042145,0.860747692563332,0.008463222903261403,0.03831417624521073,0.8524032058324761,0.00011873617240554246,0.0038314176245210726,0.8534903615561743,0.0012058918961037612,0.007662835249042145,0.8607711539883421,0.008486684328271599,0.02681992337164751,0.8773475917845547,0.02506312212448414,0.04597701149425287,SNYLFTKL,-0.49670877428830085,SNYLFTKL,-0.49670877428830085
2,AV16-CAMREANTGYQNFYF-AJ49_BV13-2-CASGDGAQNTLYF-BJ2-4,33,single,['SNYLFTKL'],1,[0.7134751773049646],SNYLFTKL,0.7134751773049646,SNYLFTKL,0.07927501970055162,True,['SNYLFTKL'],1,"['ATLVFHNL', 'EEEPVKKI', 'HIYEFPQL', 'INFDFPKL', 'RAYLFNSV', 'RTYTYEKL', 'SSYTFPKM', 'SVYVYKVL', 'VAFDFTKV', 'VGPRYTNL', 'VIVRFLTV', 'VSFTYRYL']",0.0,0.0,"[ 0.72727273  0.          0.45454545  0.57575758  0.21212121  0.51515152
 15.24242424  0.39393939  0.63636364  0.06060606  0.57575758  1.06060606
  0.90909091]",0.8150844163352244,0.8209834951422494,0.005899078807025004,0.03404255319148936,0.8150844163352244,0.0,0.0,0.82005162823172,0.004967211896495516,0.02127659574468085,0.8371403700302212,0.0220559536949968,0.02695035460992908,0.8156032627852465,0.0005188464500220924,0.009929078014184398,0.8253493042459558,0.010264887910731324,0.024113475177304965,0.2312492565635127,-0.5838351597717117,0.7134751773049646,0.8211600947560646,0.006075678420840114,0.018439716312056736,0.8256199315861429,0.010535515250918448,0.029787234042553193,0.8151283057843144,4.388944908995107e-05,0.0028368794326241137,0.8357433724537168,0.020658956118492333,0.02695035460992908,0.8275984540561301,0.012514037720905646,0.04964539007092198,0.8278322738708253,0.012747857535600815,0.0425531914893617,SNYLFTKL,-0.5838351597717117,SNYLFTKL,-0.5838351597717117
3,AV16-CAMREDTGYQNFYF-AJ49_BV13-2-CASGDRGRNEQYF-BJ2-7,17,single,['RTYTYEKL'],1,[0.7444253859348199],RTYTYEKL,0.7444253859348199,RTYTYEKL,0.04135696588526777,True,['RTYTYEKL'],1,"['ATLVFHNL', 'EEEPVKKI', 'HIYEFPQL', 'INFDFPKL', 'RAYLFNSV', 'SNYLFTKL', 'SSYTFPKM', 'SVYVYKVL', 'VAFDFTKV', 'VGPRYTNL', 'VIVRFLTV', 'VSFTYRYL']",0.0,0.0,"[ 1.52941176  0.          1.23529412  0.64705882  0.94117647 25.52941176
  1.23529412  0.41176471  0.58823529  0.17647059  0.05882353  0.94117647
  1.        ]",0.7725880151141833,0.8130220458134301,0.04043403069924678,0.04459691252144082,0.7725880151141833,0.0,0.0,0.810398193384887,0.037810178270703654,0.03602058319039451,0.7783512175384436,0.005763202424260316,0.018867924528301886,0.8159202058189213,0.04333219070473804,0.027444253859348195,0.22076041455198742,-0.5518276005621958,0.7444253859348199,0.8029243994215799,0.030336384307396602,0.03602058319039451,0.7749385559872396,0.002350540873056306,0.012006861063464836,0.7828206366363193,0.010232621522135998,0.017152658662092625,0.7726319129530653,4.389783888203436e-05,0.005145797598627788,0.772702128943342,0.00011411382915871293,0.0017152658662092622,0.7743073632579623,0.0017193481437790537,0.027444253859348195,0.7746668699067316,0.0020788547925483236,0.02915951972555746,RTYTYEKL,-0.5518276005621958,RTYTYEKL,-0.5518276005621958
4,AV14-2-CAASGDYAQGLTF-AJ26_BV3-CASSLGYQDTQYF-BJ2-5,40,single,['VGPRYTNL'],1,[0.7064071370640713],VGPRYTNL,0.7064071370640713,VGPRYTNL,0.06727687019657821,True,['VGPRYTNL'],1,"['ATLVFHNL', 'EEEPVKKI', 'HIYEFPQL', 'INFDFPKL', 'RAYLFNSV', 'RTYTYEKL', 'SNYLFTKL', 'SSYTFPKM', 'SVYVYKVL', 'VAFDFTKV', 'VIVRFLTV', 'VSFTYRYL']",0.0,0.0,"[ 0.875  0.     1.4    0.35   0.625  0.775  1.275  0.375  0.55   0.525
 21.775  0.95   1.35 ]",0.6130281054313447,0.6449133966671655,0.031885291235820845,0.028386050283860504,0.6130281054313447,0.0,0.0,0.6413902166635588,0.028362111232214104,0.0454176804541768,0.6145182132789037,0.0014901078475589857,0.0113544201135442,0.6169799238710738,0.003951818439729138,0.020275750202757504,0.6150954171176142,0.002067311686269502,0.025141930251419305,0.6228756216433207,0.009847516211975993,0.0413625304136253,0.6199738909487239,0.006945785517379233,0.012165450121654502,0.6145055077852243,0.0014774023538796088,0.017842660178426603,0.6143344464270111,0.0013063409956663996,0.0170316301703163,0.2781253454349404,-0.3349027599964043,0.7064071370640713,0.6471496869882184,0.034121581556873726,0.0308191403081914,0.6519639574445653,0.038935852013220584,0.043795620437956206,VGPRYTNL,-0.3349027599964043,VGPRYTNL,-0.3349027599964043
5,AV5-4-CAASSDYNQGKLIF-AJ23_BV3-CASSSGLGYEQYF-BJ2-7,8,dual,"['SNYLFTKL', 'VGPRYTNL']",2,"[0.05, 0.7909090909090909]",VGPRYTNL,0.7909090909090909,VGPRYTNL,0.03295454545454545,True,"['SNYLFTKL', 'VGPRYTNL']",2,"['ATLVFHNL', 'EEEPVKKI', 'HIYEFPQL', 'INFDFPKL', 'RAYLFNSV', 'RTYTYEKL', 'SSYTFPKM', 'SVYVYKVL', 'VAFDFTKV', 'VIVRFLTV', 'VSFTYRYL']",0.0,0.0,"[ 1.125  0.     0.625  0.     0.25   0.375  1.375  0.125  0.125  0.
 21.75   0.875  0.875]",0.9140960261480684,0.935486529936939,0.02139050378887064,0.04090909090909091,0.9140960261480684,0.0,0.0,0.9240407765944446,0.009944750446376216,0.022727272727272728,0.9140960261480684,0.0,0.0,0.91460815276984,0.0005121266217715803,0.00909090909090909,0.9153302998144416,0.0012342736663731868,0.013636363636363636,0.9455834475670699,0.031487421419001516,0.05,0.9146659830807454,0.0005699569326770293,0.004545454545454545,0.9142040155104877,0.0001079893624192918,0.004545454545454545,0.9140960261480684,0.0,0.0,0.30862120999994314,-0.6054748161481253,0.7909090909090909,0.9175057900983344,0.0034097639502660426,0.031818181818181815,0.9171705335098312,0.003074507361762846,0.031818181818181815,SNYLFTKL,0.031487421419001516,VGPRYTNL,-0.6054748161481253
6,AV12D-2-CALNQGGSAKLIF-AJ57_BV1-CTCSADWGNYAEQFF-BJ2-1,6,dual,"['SVYVYKVL', 'VSFTYRYL']",2,"[0.07142857142857142, 0.7619047619047619]",VSFTYRYL,0.7619047619047619,VSFTYRYL,0.21768707482993196,True,"['SVYVYKVL', 'VSFTYRYL']",2,"['ATLVFHNL', 'EEEPVKKI', 'HIYEFPQL', 'INFDFPKL', 'RAYLFNSV', 'RTYTYEKL', 'SNYLFTKL', 'SSYTFPKM', 'VAFDFTKV', 'VGPRYTNL', 'VIVRFLTV']",0.0,0.0,"[ 0.          0.          0.5         0.          0.          0.16666667
  0.33333333  0.5         1.          0.16666667  0.16666667  0.5
 10.66666667]",0.7942805731404541,0.7942805731404541,0.0,0.0,0.7942805731404541,0.0,0.0,0.8119971786590809,0.01771660551862686,0.03571428571428571,0.7942805731404541,0.0,0.0,0.7942805731404541,0.0,0.0,0.7948587986664111,0.000578225525956988,0.011904761904761904,0.8124038099534231,0.018123236812969012,0.023809523809523808,0.7996166814668665,0.005336108326412403,0.03571428571428571,0.9073643549413344,0.1130837818008803,0.07142857142857142,0.794376163420106,9.559027965189149e-05,0.011904761904761904,0.8130035648037418,0.018722991663287725,0.011904761904761904,0.7996166814668665,0.005336108326412403,0.03571428571428571,0.11785113019775793,-0.6764294429426961,0.7619047619047619,SVYVYKVL,0.1130837818008803,VSFTYRYL,-0.6764294429426961
7,AV16-CAMREANTGYQNFYF-AJ49_BV13-2-CASGGGGQNTLYF-BJ2-4,7,dual,"['SNYLFTKL', 'SVYVYKVL']",2,"[0.2748091603053435, 0.6335877862595419]",SVYVYKVL,0.6335877862595419,SVYVYKVL,0.04223918575063613,True,"['SNYLFTKL', 'SVYVYKVL']",2,"['ATLVFHNL', 'EEEPVKKI', 'HIYEFPQL', 'INFDFPKL', 'RAYLFNSV', 'RTYTYEKL', 'SSYTFPKM', 'VAFDFTKV', 'VGPRYTNL', 'VIVRFLTV', 'VSFTYRYL']",0.0,0.0,"[ 0.71428571  0.          0.          0.          0.          0.28571429
  5.14285714  0.         11.85714286  0.71428571  0.          0.
  0.        ]",0.7043428496177759,0.7084684448322955,0.004125595214519606,0.03816793893129771,0.7043428496177759,0.0,0.0,0.7043428496177759,0.0,0.0,0.7043428496177759,0.0,0.0,0.7043428496177759,0.0,0.0,0.726298007463593,0.02195515784581703,0.015267175572519082,0.9504022781273369,0.24605942850956097,0.2748091603053435,0.7043428496177759,0.0,0.0,0.6297466107576762,-0.0745962388600997,0.6335877862595419,0.7084684448322955,0.004125595214519606,0.03816793893129771,0.7043428496177759,0.0,0.0,0.7043428496177759,0.0,0.0,0.7043428496177759,0.0,0.0,SNYLFTKL,0.24605942850956097,SVYVYKVL,-0.0745962388600997
8,AV16N-CAMREANTGYQNFYF-AJ49_BV13-2-CASGTGGQNTLYF-BJ2-4,27,dual,"['SNYLFTKL', 'SVYVYKVL']",2,"[0.33493589743589736, 0.4711538461538461]",SVYVYKVL,0.4711538461538461,SVYVYKVL,0.039262820512820505,True,"['SNYLFTKL', 'SVYVYKVL']",2,"['ATLVFHNL', 'EEEPVKKI', 'HIYEFPQL', 'INFDFPKL', 'RAYLFNSV', 'RTYTYEKL', 'SSYTFPKM', 'VAFDFTKV', 'VGPRYTNL', 'VIVRFLTV', 'VSFTYRYL']",0.0,0.0,"[ 0.40740741  0.          1.03703704  0.51851852  0.37037037  0.14814815
  7.74074074  0.2962963  10.88888889  0.51851852  0.18518519  0.37037037
  0.62962963]",0.6883761737760081,0.7446694097366277,0.056293235960619525,0.017628205128205125,0.6883761737760081,0.0,0.0,0.7166905700265483,0.02831439625054022,0.044871794871794865,0.6959790464650354,0.007602872689027262,0.022435897435897433,0.6901595984009838,0.0017834246249757157,0.016025641025641024,0.688550257551513,0.00017408377550487408,0.006410256410256409,0.7936373572844023,0.1052611835083942,0.33493589743589736,0.6901278400681141,0.0017516662921059911,0.012820512820512818,0.4927129979129887,-0.1956631758630194,0.4711538461538461,0.7021686972847937,0.01379252350878557,0.022435897435897433,0.6893437764640274,0.00096760268801932,0.008012820512820512,0.6896516246595424,0.0012754508835343126,0.016025641025641024,0.6934497046227047,0.0050735308466965945,0.02724358974358974,SNYLFTKL,0.1052611835083942,SVYVYKVL,-0.1956631758630194
9,AV3D-3-CAVRDQGGRALIF-AJ15_BV13-2-CASGEMGLQDTQYF-BJ2-5,22,dual,"['RAYLFNSV', 'VSFTYRYL']",2,"[0.7324840764331211, 0.07006369426751594]",RAYLFNSV,0.7324840764331211,RAYLFNSV,0.1331789229878402,True,"['RAYLFNSV', 'VSFTYRYL']",2,"['ATLVFHNL', 'EEEPVKKI', 'HIYEFPQL', 'INFDFPKL', 'RTYTYEKL', 'SNYLFTKL', 'SSYTFPKM', 'SVYVYKVL', 'VAFDFTKV', 'VGPRYTNL', 'VIVRFLTV']",0.0,0.0,"[ 0.45454545  0.          0.63636364  0.04545455 10.45454545  0.09090909
  0.27272727  0.27272727  0.40909091  0.40909091  0.          0.22727273
  1.        ]",0.4057685042891661,0.4425156000550779,0.036747095765911786,0.03184713375796178,0.4057685042891661,0.0,0.0,0.4470139320479207,0.041245427758754616,0.0445859872611465,0.40578005213020146,1.1547841035353112e-05,0.0031847133757961785,0.12092398088454791,-0.2848445234046182,0.7324840764331211,0.4061486753901238,0.00038017110095767137,0.006369426751592357,0.44595339854734967,0.04018489425818356,0.01910828025477707,0.411845105059489,0.006076600770322904,0.01910828025477707,0.4470172671605407,0.04124876287137458,0.02866242038216561,0.4641188958823696,0.05835039159320349,0.02866242038216561,0.4057685042891661,0.0,0.0,0.44568767106984797,0.03991916678068186,0.01592356687898089,0.4536440974634817,0.04787559317431561,0.07006369426751594,VSFTYRYL,0.04787559317431561,RAYLFNSV,-0.2848445234046182
10,AV16-CAMREANTGYQNFYF-AJ49_BV13-2-CASGDEGRTLYF-BJ2-3,6,multi-specific,"['HIYEFPQL', 'SNYLFTKL', 'VSFTYRYL']",3,"[0.058139534883720936, 0.7325581395348838, 0.0872093023255814]",SNYLFTKL,0.7325581395348838,SNYLFTKL,0.02616279069767442,True,"['HIYEFPQL', 'SNYLFTKL', 'VSFTYRYL']",3,"['ATLVFHNL', 'EEEPVKKI', 'INFDFPKL', 'RAYLFNSV', 'RTYTYEKL', 'SSYTFPKM', 'SVYVYKVL', 'VAFDFTKV', 'VGPRYTNL', 'VIVRFLTV']",0.0,0.0,"[ 0.33333333  0.          1.66666667  0.16666667  0.66666667  1.16666667
 21.          0.          0.33333333  0.33333333  0.          0.5
  2.5       ]",0.973521401891215,0.973969040791145,0.00044763889992993633,0.011627906976744186,0.973521401891215,0.0,0.0,0.9825812102521169,0.009059808360901811,0.058139534883720936,0.9736331323800326,0.00011173048881751857,0.005813953488372093,0.9772760508719373,0.003754648980722197,0.023255813953488372,0.9753169511089108,0.0017955492176957577,0.040697674418604654,0.38516477125465715,-0.588356630636558,0.7325581395348838,0.973521401891215,0.0,0.0,0.973838993503891,0.00031759161267597147,0.011627906976744186,0.973969040791145,0.00044763889992993633,0.011627906976744186,0.973521401891215,0.0,0.0,0.9738268572399599,0.00030545534874482083,0.01744186046511628,0.9824167088571156,0.008895306965900573,0.0872093023255814,HIYEFPQL,0.009059808360901811,SNYLFTKL,-0.588356630636558
11,AV16-CAMREGNNVGDNSKLIW-AJ38_BV13-3-CASSERNQAPLF-BJ1-5,5,multi-specific,"['ATLVFHNL', 'RAYLFNSV', 'RTYTYEKL', 'VSFTYRYL']",4,"[0.06493506493506493, 0.05194805194805195, 0.7662337662337663, 0.07792207792207792]",RTYTYEKL,0.7662337662337663,RTYTYEKL,0.10946196660482375,True,"['ATLVFHNL', 'RAYLFNSV', 'RTYTYEKL', 'VSFTYRYL']",4,"['EEEPVKKI', 'HIYEFPQL', 'INFDFPKL', 'SNYLFTKL', 'SSYTFPKM', 'SVYVYKVL', 'VAFDFTKV', 'VGPRYTNL', 'VIVRFLTV']",0.0,0.0,[ 1.   0.   0.   0.6  0.8 11.8  0.   0.   0.   0.   0.   0.   1.2],0.8759363349320173,0.8929033877336272,0.016967052801609928,0.06493506493506493,0.8759363349320173,0.0,0.0,0.8759363349320173,0.0,0.0,0.9063597746294588,0.030423439697441546,0.03896103896103896,0.9405938153035203,0.06465748037150298,0.05194805194805195,0.0,-0.8759363349320173,0.7662337662337663,0.8759363349320173,0.0,0.0,0.8759363349320173,0.0,0.0,0.8759363349320173,0.0,0.0,0.8759363349320173,0.0,0.0,0.8759363349320173,0.0,0.0,0.8759363349320173,0.0,0.0,0.8847606372273822,0.008824302295364905,0.07792207792207792,RAYLFNSV,0.06465748037150298,RTYTYEKL,-0.8759363349320173
12,AV13-2-CAIDPNTGKLTF-AJ27_BV13-3-CASSDVNSDYTF-BJ1-2,10,multi-specific,"['ATLVFHNL', 'HIYEFPQL', 'SNYLFTKL', 'VSFTYRYL']",4,"[0.06329113924050633, 0.08860759493670886, 0.620253164556962, 0.06751054852320676]",SNYLFTKL,0.620253164556962,SNYLFTKL,0.05907172995780591,True,"['ATLVFHNL', 'HIYEFPQL', 'SNYLFTKL', 'VSFTYRYL']",4,"['EEEPVKKI', 'INFDFPKL', 'RAYLFNSV', 'RTYTYEKL', 'SSYTFPKM', 'SVYVYKVL', 'VAFDFTKV', 'VGPRYTNL', 'VIVRFLTV']",0.0,0.0,[ 1.5  0.   2.1  0.3  0.   0.2 14.7  0.8  1.1  0.6  0.4  0.4  1.6],0.8672053407482379,0.8790556401740383,0.011850299425800404,0.06329113924050633,0.8672053407482379,0.0,0.0,0.8921633844031573,0.024958043654919493,0.08860759493670886,0.8681665130732095,0.0009611723249716153,0.012658227848101266,0.8672053407482379,0.0,0.0,0.8759977263654684,0.008792385617230503,0.008438818565400845,0.2569868808217169,-0.610218459926521,0.620253164556962,0.8905491159202127,0.023343775171974834,0.03375527426160338,0.8854708610400768,0.01826552029183892,0.046413502109704644,0.8705300982294278,0.0033247574811899883,0.02531645569620253,0.8803035070714114,0.01309816632317351,0.01687763713080169,0.8691681803038763,0.0019628395556384737,0.01687763713080169,0.8802642753318101,0.013058934583572213,0.06751054852320676,HIYEFPQL,0.024958043654919493,SNYLFTKL,-0.610218459926521
13,AV8D-2-CATESSGGNYKPTF-AJ6_BV13-1-CASRNRDEQYF-BJ2-7,8,multi-specific,"['HIYEFPQL', 'RAYLFNSV', 'SNYLFTKL']",3,"[0.6235955056179775, 0.056179775280898875, 0.07303370786516854]",HIYEFPQL,0.6235955056179775,HIYEFPQL,0.0498876404494382,True,"['HIYEFPQL', 'RAYLFNSV', 'SNYLFTKL']",3,"['ATLVFHNL', 'EEEPVKKI', 'INFDFPKL', 'RTYTYEKL', 'SSYTFPKM', 'SVYVYKVL', 'VAFDFTKV', 'VGPRYTNL', 'VIVRFLTV', 'VSFTYRYL']",0.0,0.0,"[ 0.75   0.    13.875  0.875  1.25   0.25   1.625  0.625  0.75   0.125
  0.375  0.75   1.   ]",0.8487972223783835,0.8508295098379502,0.0020322874595667395,0.033707865168539325,0.8487972223783835,0.0,0.0,0.24512426061363005,-0.6036729617647535,0.6235955056179775,0.8555977037849927,0.00680048140660916,0.03932584269662921,0.85869170059883,0.009894478220446534,0.056179775280898875,0.8495415518439715,0.0007443294655880006,0.011235955056179775,0.8774265079516759,0.028629285573292362,0.07303370786516854,0.8549020746872528,0.0061048523088692574,0.028089887640449437,0.859693336022843,0.010896113644459526,0.033707865168539325,0.8490256623141106,0.0002284399357270761,0.0056179775280898875,0.850898135950889,0.002100913572505525,0.016853932584269662,0.8500988229859928,0.00130160060760931,0.033707865168539325,0.8589933054719384,0.010196083093554908,0.0449438202247191,SNYLFTKL,0.028629285573292362,HIYEFPQL,-0.6036729617647535
14,AV9-4-CAVSADYANKMIF-AJ47_BV13-1-CASRTGGHEQYF-BJ2-7,5,multi-specific,"['RAYLFNSV', 'SNYLFTKL', 'VIVRFLTV', 'VSFTYRYL']",4,"[0.6741573033707865, 0.056179775280898875, 0.11235955056179775, 0.0898876404494382]",RAYLFNSV,0.6741573033707865,RAYLFNSV,0.04815409309791332,True,"['RAYLFNSV', 'SNYLFTKL', 'VIVRFLTV', 'VSFTYRYL']",4,"['ATLVFHNL', 'EEEPVKKI', 'HIYEFPQL', 'INFDFPKL', 'RTYTYEKL', 'SSYTFPKM', 'SVYVYKVL', 'VAFDFTKV', 'VGPRYTNL']",0.0,0.0,[ 0.   0.   0.   0.  12.   0.6  1.   0.   0.   0.   0.6  2.   1.6],0.8313340730500602,0.8313340730500602,0.0,0.0,0.8313340730500602,0.0,0.0,0.8313340730500602,0.0,0.0,0.8313340730500602,0.0,0.0,0.22272017170822123,-0.608613901341839,0.6741573033707865,0.9024563938548639,0.07112232080480363,0.033707865168539325,0.8578232747638159,0.026489201713755683,0.056179775280898875,0.8313340730500602,0.0,0.0,0.8313340730500602,0.0,0.0,0.8313340730500602,0.0,0.0,0.838065837182255,0.006731764132194784,0.033707865168539325,0.8629815372756153,0.03164746422555509,0.11235955056179775,0.8448897714467337,0.013555698396673477,0.0898876404494382,VIVRFLTV,0.03164746422555509,RAYLFNSV,-0.608613901341839
15,AV8D-2-CATDSGYNKLTF-AJ11_BV31-CAWSPTGGADTQYF-BJ2-5,15,multi-specific,"['INFDFPKL', 'SNYLFTKL', 'VIVRFLTV', 'VSFTYRYL']",4,"[0.6630434782608694, 0.10507246376811594, 0.05797101449275362, 0.08695652173913043]",INFDFPKL,0.6630434782608694,INFDFPKL,0.08288043478260868,True,"['INFDFPKL', 'SNYLFTKL', 'VIVRFLTV', 'VSFTYRYL']",4,"['ATLVFHNL', 'EEEPVKKI', 'HIYEFPQL', 'RAYLFNSV', 'RTYTYEKL', 'SSYTFPKM', 'SVYVYKVL', 'VAFDFTKV', 'VGPRYTNL']",0.0,0.0,"[ 0.2         0.          0.33333333 12.2         0.46666667  0.26666667
  1.93333333  0.          0.          0.          0.33333333  1.06666667
  1.6       ]",0.8204757852043558,0.8216958578840018,0.001220072679645967,0.010869565217391304,0.8204757852043558,0.0,0.0,0.8229707911397253,0.002495005935369443,0.018115942028985504,0.16482860669880894,-0.6556471785055469,0.6630434782608694,0.830325202787296,0.009849417582940223,0.02536231884057971,0.8233996369583962,0.0029238517540404185,0.014492753623188404,0.8699256791897818,0.049449893985425986,0.10507246376811594,0.8204757852043558,0.0,0.0,0.8204757852043558,0.0,0.0,0.8204757852043558,0.0,0.0,0.8234227912278659,0.002947006023510057,0.018115942028985504,0.8295937548894302,0.00911796968507439,0.05797101449275362,0.9108933032328071,0.09041751802845133,0.08695652173913043,VSFTYRYL,0.09041751802845133,INFDFPKL,-0.6556471785055469
16,AV16N-CAMREANTGYQNFYF-AJ49_BV13-2-CASGEGGQNTLYF-BJ2-4,20,multi-specific,"['HIYEFPQL', 'SNYLFTKL', 'SVYVYKVL', 'VIVRFLTV', 'VSFTYRYL']",5,"[0.0673076923076923, 0.2283653846153846, 0.3978365384615385, 0.07572115384615384, 0.09855769230769229]",SVYVYKVL,0.3978365384615385,SVYVYKVL,0.013043820933165197,True,"['HIYEFPQL', 'SNYLFTKL', 'SVYVYKVL', 'VIVRFLTV', 'VSFTYRYL']",5,"['ATLVFHNL', 'EEEPVKKI', 'INFDFPKL', 'RAYLFNSV', 'RTYTYEKL', 'SSYTFPKM', 'VAFDFTKV', 'VGPRYTNL']",0.0,0.0,"[ 0.7   0.    2.8   1.    1.55  1.2   9.5   0.55 16.55  0.3   0.2   3.15
  4.1 ]",0.8027467340785226,0.8050599425198999,0.002313208441377279,0.016826923076923076,0.8027467340785226,0.0,0.0,0.8201675667454688,0.017420832666946162,0.0673076923076923,0.8129576411986696,0.01021090712014705,0.024038461538461536,0.8189826895272755,0.016235955448752892,0.037259615384615384,0.809042769443358,0.006296035364835362,0.028846153846153844,0.8136404985881492,0.010893764509626647,0.2283653846153846,0.804060267344881,0.0013135332663584132,0.013221153846153846,0.5874335756304359,-0.21531315844808674,0.3978365384615385,0.8030355683927323,0.00028883431420967387,0.007211538461538461,0.8029207355632235,0.00017400148470092525,0.004807692307692308,0.827441329899938,0.02469459582141542,0.07572115384615384,0.8174795155547924,0.014732781476269774,0.09855769230769229,VIVRFLTV,0.02469459582141542,SVYVYKVL,-0.21531315844808674
17,AV6N-6-CALSPSGSWQLIF-AJ22_BV13-1-CASSDVGYEQYF-BJ2-7,161,multi-specific,"['SNYLFTKL', 'VIVRFLTV', 'VSFTYRYL']",3,"[0.6675069321905722, 0.0620115956642299, 0.05923871943534157]",SNYLFTKL,0.6675069321905722,SNYLFTKL,0.05134668709158248,True,"['SNYLFTKL', 'VIVRFLTV', 'VSFTYRYL']",3,"['ATLVFHNL', 'EEEPVKKI', 'HIYEFPQL', 'INFDFPKL', 'RAYLFNSV', 'RTYTYEKL', 'SSYTFPKM', 'SVYVYKVL', 'VAFDFTKV', 'VGPRYTNL']",0.0,0.0,"[ 0.65217391  0.          1.06832298  0.29813665  0.61490683  0.74534161
 16.44720497  0.27329193  0.70807453  0.27329193  0.57142857  1.52795031
  1.45962733]",0.7895994575376445,0.8040083930518966,0.014408935514252152,0.026468364003024956,0.7895994575376445,0.0,0.0,0.8005895228062923,0.010990065268647764,0.0433577010335266,0.7942161867223474,0.004616729184702906,0.01209982354423998,0.8066638162027987,0.01706435866515421,0.02495588605999496,0.7978989332022942,0.008299475664649725,0.030249558860599948,0.2754778044499967,-0.5141216530876478,0.6675069321905722,0.8029671482346863,0.0133676906970418,0.011091504915553316,0.797364262722385,0.007764805184740542,0.028737080917569952,0.7959924830138541,0.006393025476209568,0.011091504915553316,0.79796738454901,0.008367927011365461,0.023191328459793294,0.8028905470218767,0.013291089484232188,0.0620115956642299,0.8189974332851485,0.029397975747504024,0.05923871943534157,VSFTYRYL,0.029397975747504024,SNYLFTKL,-0.5141216530876478
18,AV6N-6-CARASSGSWQLIF-AJ22_BV13-1-CASSDAGAEVFF-BJ1-1,8,multi-specific,"['SNYLFTKL', 'SVYVYKVL', 'VIVRFLTV', 'VSFTYRYL']",4,"[0.5555555555555556, 0.17037037037037037, 0.08148148148148149, 0.05185185185185185]",SNYLFTKL,0.5555555555555556,SNYLFTKL,0.04830917874396135,True,"['SNYLFTKL', 'SVYVYKVL', 'VIVRFLTV', 'VSFTYRYL']",4,"['ATLVFHNL', 'EEEPVKKI', 'HIYEFPQL', 'INFDFPKL', 'RAYLFNSV', 'RTYTYEKL', 'SSYTFPKM', 'VAFDFTKV', 'VGPRYTNL']",0.0,0.0,"[0.75  0.    0.375 0.125 0.125 0.75  9.375 0.    2.875 0.125 0.125 1.375
 0.875]",0.7822747447414985,0.7896274841857521,0.007352739444253631,0.044444444444444446,0.7822747447414985,0.0,0.0,0.786199319946934,0.003924575205435543,0.022222222222222223,0.7834517602418776,0.001177015500379075,0.007407407407407408,0.7831129398623397,0.0008381951208411564,0.007407407407407408,0.7939051205362081,0.011630375794709602,0.044444444444444446,0.339972173175199,-0.4423025715662995,0.5555555555555556,0.7822747447414985,0.0,0.0,0.8880060475031135,0.10573130276161502,0.17037037037037037,0.7825659281350384,0.00029118339353995104,0.007407407407407408,0.7825659281350384,0.00029118339353995104,0.007407407407407408,0.8103425062445339,0.02806776150303536,0.08148148148148149,0.7962912130078211,0.014016468266322635,0.05185185185185185,SVYVYKVL,0.10573130276161502,SNYLFTKL,-0.4423025715662995
19,AV19-CAAGNTGYQNFYF-AJ49_BV17-CASSRLGSSYEQYF-BJ2-7,5,multi-specific,"['RAYLFNSV', 'RTYTYEKL', 'SNYLFTKL', 'VIVRFLTV', 'VSFTYRYL']",5,"[0.0574712643678161, 0.09195402298850576, 0.5287356321839081, 0.09195402298850576, 0.08045977011494253]",SNYLFTKL,0.5287356321839081,SNYLFTKL,0.040671971706454466,True,"['RAYLFNSV', 'RTYTYEKL', 'SNYLFTKL', 'VIVRFLTV', 'VSFTYRYL']",5,"['ATLVFHNL', 'EEEPVKKI', 'HIYEFPQL', 'INFDFPKL', 'SSYTFPKM', 'SVYVYKVL', 'VAFDFTKV', 'VGPRYTNL']",0.0,0.0,[0.2 0.  0.6 0.4 1.  1.6 9.2 0.4 0.8 0.2 0.  1.6 1.4],0.7486038581836891,0.748986304175743,0.000382445992053837,0.01149425287356322,0.7486038581836891,0.0,0.0,0.7666234326298242,0.01801957444613511,0.034482758620689655,0.7554565467687696,0.00685268858508048,0.02298850574712644,0.7559928445163846,0.0073889863326954686,0.0574712643678161,0.7591909206178488,0.010587062434159633,0.09195402298850576,0.3147607081259255,-0.43384315005776364,0.5287356321839081,0.7688730626549047,0.020269204471215607,0.02298850574712644,0.7637050153113856,0.01510115712769644,0.04597701149425288,0.748986304175743,0.000382445992053837,0.01149425287356322,0.7486038581836891,0.0,0.0,0.7546582051789292,0.006054346995240101,0.09195402298850576,0.8618614196151106,0.11325756143142152,0.08045977011494253,VSFTYRYL,0.11325756143142152,SNYLFTKL,-0.43384315005776364
20,AV16-CAMREGNTGYQNFYF-AJ49_BV13-2-CASGDGAQNTLYF-BJ2-4,26,multi-specific,"['SNYLFTKL', 'SVYVYKVL', 'VSFTYRYL']",3,"[0.7053333333333335, 0.05066666666666667, 0.053333333333333344]",SNYLFTKL,0.7053333333333335,SNYLFTKL,0.050380952380952394,True,"['SNYLFTKL', 'SVYVYKVL', 'VSFTYRYL']",3,"['ATLVFHNL', 'EEEPVKKI', 'HIYEFPQL', 'INFDFPKL', 'RAYLFNSV', 'RTYTYEKL', 'SSYTFPKM', 'VAFDFTKV', 'VGPRYTNL', 'VIVRFLTV']",0.0,0.0,"[ 1.34615385  0.          0.88461538  0.11538462  0.38461538  1.15384615
 20.34615385  0.23076923  1.46153846  0.23076923  0.26923077  0.88461538
  1.53846154]",0.7479181434076217,0.7555755247458172,0.00765738133819549,0.046666666666666676,0.7479181434076219,1.1102230246251565e-16,0.0,0.7598268775194754,0.01190873411185367,0.03066666666666667,0.7483413120471246,0.00042316863950286887,0.004000000000000001,0.7492850591061498,0.0013669156985280928,0.013333333333333336,0.7618509282144589,0.013932784806837128,0.04,0.3430432471020067,-0.4048748963056151,0.7053333333333335,0.7495654658917994,0.001647322484177649,0.008000000000000002,0.7637520285847275,0.01583388517710571,0.05066666666666667,0.7499673567755903,0.002049213367968594,0.008000000000000002,0.7483303179205936,0.00041217451297181906,0.009333333333333334,0.7496479598037769,0.0017298163961551039,0.03066666666666667,0.7534044189769115,0.005486275569289711,0.053333333333333344,SVYVYKVL,0.01583388517710571,SNYLFTKL,-0.4048748963056151
21,AV13-2-CALNNNAGAKLTF-AJ39_BV14-CASSNREEVFF-BJ1-1,10,multi-specific,"['ATLVFHNL', 'INFDFPKL', 'SNYLFTKL', 'VAFDFTKV', 'VSFTYRYL']",5,"[0.09125475285171103, 0.36121673003802285, 0.08745247148288973, 0.12167300380228138, 0.12927756653992398]",INFDFPKL,0.36121673003802285,INFDFPKL,0.045152091254752856,True,"['ATLVFHNL', 'INFDFPKL', 'SNYLFTKL', 'VAFDFTKV', 'VSFTYRYL']",5,"['EEEPVKKI', 'HIYEFPQL', 'RAYLFNSV', 'RTYTYEKL', 'SSYTFPKM', 'SVYVYKVL', 'VGPRYTNL', 'VIVRFLTV']",0.0,0.0,[2.4 0.  1.1 9.5 0.6 1.3 2.3 0.8 0.4 3.2 0.3 1.  3.4],0.7354069692548104,0.7616767511505,0.026269781895689626,0.09125475285171103,0.7354069692548104,0.0,0.0,0.7400602184372012,0.00465324918239074,0.04182509505703423,0.2500262045546325,-0.48538076470017794,0.36121673003802285,0.7367339040852497,0.0013269348304393302,0.022813688212927757,0.7404787658709571,0.005071796616146651,0.04942965779467681,0.7512307006522616,0.01582373139745119,0.08745247148288973,0.7859730298049794,0.05056606055016899,0.030418250950570346,0.7431591919069509,0.0077522226521404836,0.015209125475285173,0.7711983077008397,0.03579133844602933,0.12167300380228138,0.7357345239868452,0.0003275547320348293,0.011406844106463879,0.7383194049021792,0.0029124356473687607,0.038022813688212934,0.7597097448654313,0.024302775610620886,0.12927756653992398,VAFDFTKV,0.03579133844602933,INFDFPKL,-0.48538076470017794
22,AV16-CAMREGNNNNAPRF-AJ43_BV13-1-CASSEVSTEVFF-BJ1-1,36,multi-specific,"['SNYLFTKL', 'VIVRFLTV', 'VSFTYRYL']",3,"[0.6461538461538462, 0.07264957264957266, 0.07264957264957266]",SNYLFTKL,0.6461538461538462,SNYLFTKL,0.04307692307692308,True,"['SNYLFTKL', 'VIVRFLTV', 'VSFTYRYL']",3,"['ATLVFHNL', 'EEEPVKKI', 'HIYEFPQL', 'INFDFPKL', 'RAYLFNSV', 'RTYTYEKL', 'SSYTFPKM', 'SVYVYKVL', 'VAFDFTKV', 'VGPRYTNL']",0.0,0.0,"[ 1.19444444  0.          1.38888889  1.          0.38888889  1.19444444
 21.          0.47222222  0.66666667  0.16666667  0.30555556  2.36111111
  2.36111111]",0.7226076774404158,0.7692724895606989,0.04666481212028317,0.03675213675213675,0.7226076774404158,0.0,0.0,0.7289781242552609,0.00637044681484511,0.042735042735042736,0.7388629762734751,0.016255298833059317,0.03076923076923077,0.7232923620445622,0.0006846846041463905,0.011965811965811967,0.7354060125996996,0.012798335159283858,0.03675213675213675,0.32073727262417895,-0.4018704048162368,0.6461538461538462,0.7259748098925954,0.0033671324521796775,0.01452991452991453,0.7245983982042362,0.0019907207638204527,0.020512820512820513,0.723048785990459,0.00044110855004320104,0.005128205128205128,0.7242686925355939,0.001661015095178131,0.009401709401709403,0.7356332674699092,0.013025590029493439,0.07264957264957266,0.7831085569291841,0.060500879488768367,0.07264957264957266,VSFTYRYL,0.060500879488768367,SNYLFTKL,-0.4018704048162368
23,AV7-6-CAVGYQNFYF-AJ49_BV4-CASSDRDINYAEQFF-BJ2-1,21,multi-specific,"['INFDFPKL', 'VIVRFLTV', 'VSFTYRYL']",3,"[0.7647058823529412, 0.056149732620320865, 0.06951871657754012]",INFDFPKL,0.7647058823529412,INFDFPKL,0.08496732026143791,True,"['INFDFPKL', 'VIVRFLTV', 'VSFTYRYL']",3,"['ATLVFHNL', 'EEEPVKKI', 'HIYEFPQL', 'RAYLFNSV', 'RTYTYEKL', 'SNYLFTKL', 'SSYTFPKM', 'SVYVYKVL', 'VAFDFTKV', 'VGPRYTNL']",0.0,0.0,"[ 0.          0.          0.0952381  13.61904762  0.57142857  0.14285714
  0.04761905  0.52380952  0.19047619  0.14285714  0.23809524  1.
  1.23809524]",0.7106523478683917,0.7106523478683917,0.0,0.0,0.7106523478683917,0.0,0.0,0.7109954412979278,0.0003430934295360899,0.005347593582887701,0.20431745662145312,-0.5063348912469385,0.7647058823529412,0.713539537724518,0.0028871898561262377,0.03208556149732621,0.7128968153479782,0.0022444674795865094,0.008021390374331552,0.7106613400999606,8.992231568916154e-06,0.0026737967914438505,0.7840256624415076,0.07337331457311591,0.02941176470588236,0.7121129978495873,0.0014606499811955498,0.010695187165775402,0.7184946967053867,0.007842348836994972,0.008021390374331552,0.7334893822581496,0.022837034389757926,0.013368983957219253,0.740183820545593,0.029531472677201243,0.056149732620320865,0.8195622030870406,0.10890985521864893,0.06951871657754012,VSFTYRYL,0.10890985521864893,INFDFPKL,-0.5063348912469385
24,AV6-6-CALGSNYQLIW-AJ33_BV13-2-CASGDAGTNTEVFF-BJ1-1,6,multi-specific,"['ATLVFHNL', 'HIYEFPQL', 'SNYLFTKL', 'VIVRFLTV', 'VSFTYRYL']",5,"[0.06481481481481483, 0.12962962962962965, 0.5555555555555556, 0.05555555555555555, 0.08333333333333333]",SNYLFTKL,0.5555555555555556,SNYLFTKL,0.03831417624521073,True,"['ATLVFHNL', 'HIYEFPQL', 'SNYLFTKL', 'VIVRFLTV', 'VSFTYRYL']",5,"['EEEPVKKI', 'INFDFPKL', 'RAYLFNSV', 'RTYTYEKL', 'SSYTFPKM', 'SVYVYKVL', 'VAFDFTKV', 'VGPRYTNL']",0.0,0.0,"[ 1.16666667  0.          2.33333333  0.          0.16666667  0.66666667
 10.          0.          0.5         0.66666667  0.          1.
  1.5       ]",0.6852294891316448,0.7071498071960722,0.021920318064427402,0.06481481481481483,0.6852294891316448,0.0,0.0,0.686699172079747,0.0014696829481021245,0.12962962962962965,0.6852294891316448,0.0,0.0,0.6855886069131979,0.0003591177815530644,0.009259259259259259,0.6896719537254816,0.004442464593836792,0.037037037037037035,0.33020158362303514,-0.3550279055086097,0.5555555555555556,0.6852294891316448,0.0,0.0,0.6880111192502525,0.0027816301186076586,0.027777777777777776,0.6914892767095856,0.0062597875779407675,0.037037037037037035,0.6852294891316448,0.0,0.0,0.6914060275260113,0.006176538394366493,0.05555555555555555,0.7317429170322788,0.04651342790063395,0.08333333333333333,VSFTYRYL,0.04651342790063395,SNYLFTKL,-0.3550279055086097
25,AV5-1-CSASPSSGSWQLIF-AJ22_BV4-CASSNTGGAGAETLYF-BJ2-3,17,multi-specific,"['SNYLFTKL', 'VIVRFLTV', 'VSFTYRYL']",3,"[0.08547008547008547, 0.5954415954415956, 0.11680911680911682]",VIVRFLTV,0.5954415954415956,VIVRFLTV,0.054131054131054145,True,"['SNYLFTKL', 'VIVRFLTV', 'VSFTYRYL']",3,"['ATLVFHNL', 'EEEPVKKI', 'HIYEFPQL', 'INFDFPKL', 'RAYLFNSV', 'RTYTYEKL', 'SSYTFPKM', 'SVYVYKVL', 'VAFDFTKV', 'VGPRYTNL']",0.0,0.0,"[ 0.47058824  0.          0.70588235  0.23529412  0.47058824  0.64705882
  1.76470588  0.17647059  0.41176471  0.23529412  0.82352941 12.29411765
  2.41176471]",0.65855317445316,0.6592073707490551,0.0006541962958951375,0.022792022792022793,0.65855317445316,0.0,0.0,0.6672904758080294,0.008737301354869387,0.03418803418803419,0.6600862318494104,0.0015330573962504257,0.011396011396011397,0.6598148064559614,0.0012616320028013828,0.022792022792022793,0.6628034467417635,0.004250272288603529,0.03133903133903134,0.6870586529669552,0.028505478513795257,0.08547008547008547,0.6591969174332637,0.0006437429801037231,0.008547008547008548,0.6604724650454064,0.001919290592246381,0.019943019943019943,0.6589723903336718,0.00041921588051185843,0.011396011396011397,0.6707173192421191,0.012164144788959108,0.039886039886039885,0.37232374344898084,-0.28622943100417914,0.5954415954415956,0.755617601888516,0.09706442743535604,0.11680911680911682,VSFTYRYL,0.09706442743535604,VIVRFLTV,-0.28622943100417914
26,AV4-3-CAAEDTGYQNFYF-AJ49_BV13-3-CASRDRYEQYF-BJ2-7,8,multi-specific,"['ATLVFHNL', 'SNYLFTKL', 'VSFTYRYL']",3,"[0.05673758865248227, 0.6382978723404256, 0.0851063829787234]",SNYLFTKL,0.6382978723404256,SNYLFTKL,0.05106382978723405,True,"['ATLVFHNL', 'SNYLFTKL', 'VSFTYRYL']",3,"['EEEPVKKI', 'HIYEFPQL', 'INFDFPKL', 'RAYLFNSV', 'RTYTYEKL', 'SSYTFPKM', 'SVYVYKVL', 'VAFDFTKV', 'VGPRYTNL', 'VIVRFLTV']",0.0,0.0,"[ 1.     0.     0.5    0.875  0.875  0.125 11.25   0.375  0.     0.
  0.375  0.75   1.5  ]",0.6405379425106137,0.6556273222323373,0.01508937972172364,0.05673758865248227,0.6405379425106137,0.0,0.0,0.6410559107593627,0.0005179682487490567,0.028368794326241134,0.652072175434227,0.01153423292361333,0.04964539007092199,0.6775954532232149,0.037057510712601216,0.04964539007092199,0.6409128992853248,0.00037495677471111044,0.0070921985815602835,0.26319774798403733,-0.37734019452657636,0.6382978723404256,0.6412658648120698,0.0007279223014561298,0.02127659574468085,0.6405379425106137,0.0,0.0,0.6405379425106137,0.0,0.0,0.6460372806767342,0.005499338166120471,0.02127659574468085,0.6466333096518301,0.00609536714121639,0.0425531914893617,0.8156935006828787,0.17515555817226502,0.0851063829787234,VSFTYRYL,0.17515555817226502,SNYLFTKL,-0.37734019452657636
27,AV13D-1-CAMETSNYNVLYF-AJ21_BV13-3-CASSDRDEQFF-BJ2-1,9,multi-specific,"['ATLVFHNL', 'SNYLFTKL', 'VIVRFLTV', 'VSFTYRYL']",4,"[0.088, 0.6719999999999999, 0.06399999999999999, 0.06399999999999999]",SNYLFTKL,0.6719999999999999,SNYLFTKL,0.09599999999999999,True,"['ATLVFHNL', 'SNYLFTKL', 'VIVRFLTV', 'VSFTYRYL']",4,"['EEEPVKKI', 'HIYEFPQL', 'INFDFPKL', 'RAYLFNSV', 'RTYTYEKL', 'SSYTFPKM', 'SVYVYKVL', 'VAFDFTKV', 'VGPRYTNL']",0.0,0.0,"[1.22222222 0.         0.55555556 0.         0.11111111 0.44444444
 9.33333333 0.         0.33333333 0.11111111 0.         0.88888889
 0.88888889]",0.61783117703318,0.6487035688472753,0.03087239181409529,0.088,0.61783117703318,0.0,0.0,0.6680825443162671,0.0502513672830871,0.039999999999999994,0.61783117703318,0.0,0.0,0.6195043782129223,0.0016732011797422341,0.007999999999999998,0.7896827923893536,0.17185161535617355,0.031999999999999994,0.10812266601296369,-0.5097085110202163,0.6719999999999999,0.61783117703318,0.0,0.0,0.6204320333388924,0.0026008563057123846,0.023999999999999994,0.6179968070004003,0.0001656299672202488,0.007999999999999998,0.61783117703318,0.0,0.0,0.6239802703352995,0.006149093302119435,0.06399999999999999,0.6268661539009973,0.00903497686781729,0.06399999999999999,ATLVFHNL,0.03087239181409529,SNYLFTKL,-0.5097085110202163
28,AV6D-7-CALGEGGYKVVF-AJ12_BV5-CASSQDQVGERLFF-BJ1-4,189,multi-specific,"['ATLVFHNL', 'HIYEFPQL', 'VIVRFLTV', 'VSFTYRYL']",4,"[0.629506520071593, 0.05164919457939146, 0.06801329583226796, 0.07159294298133469]",ATLVFHNL,0.629506520071593,ATLVFHNL,0.07868831500894913,True,"['ATLVFHNL', 'HIYEFPQL', 'VIVRFLTV', 'VSFTYRYL']",4,"['EEEPVKKI', 'INFDFPKL', 'RAYLFNSV', 'RTYTYEKL', 'SNYLFTKL', 'SSYTFPKM', 'SVYVYKVL', 'VAFDFTKV', 'VGPRYTNL']",0.0,0.0,"[13.02645503  0.          1.06878307  0.35449735  0.45502646  0.52910053
  0.8042328   0.31216931  0.42328042  0.41269841  0.41798942  1.40740741
  1.48148148]",0.613803681915966,0.1727484977753029,-0.44105518414066314,0.629506520071593,0.613803681915966,0.0,0.0,0.6293968056444484,0.015593123728482428,0.05164919457939146,0.6177451769261297,0.00394149501016372,0.017131168499105086,0.6266020374898017,0.012798355573835685,0.021989261058552798,0.6251680862527661,0.011364404336800082,0.025568908207619534,0.6436683172259446,0.029864635309978627,0.038864740475581694,0.6290825562204171,0.015278874304451073,0.015085655842495525,0.6252730527414309,0.011469370825464842,0.020455126566095626,0.6180450687981375,0.004241386882171461,0.019943748401943236,0.6363140517776354,0.022510369861669433,0.020199437484019433,0.6523487165202756,0.03854503460430958,0.06801329583226796,0.6409596731263228,0.027155991210356833,0.07159294298133469,VIVRFLTV,0.03854503460430958,ATLVFHNL,-0.44105518414066314
29,AV16N-CAMREGGAGNTGKLIF-AJ37_BV13-2-CASGDNYEQYF-BJ2-7,6,multi-specific,"['SNYLFTKL', 'VIVRFLTV', 'VSFTYRYL']",3,"[0.7647058823529411, 0.058823529411764705, 0.058823529411764705]",SNYLFTKL,0.7647058823529411,SNYLFTKL,0.10924369747899158,True,"['SNYLFTKL', 'VIVRFLTV', 'VSFTYRYL']",3,"['ATLVFHNL', 'EEEPVKKI', 'HIYEFPQL', 'INFDFPKL', 'RAYLFNSV', 'RTYTYEKL', 'SSYTFPKM', 'SVYVYKVL', 'VAFDFTKV', 'VGPRYTNL']",0.0,0.0,"[0.33333333 0.         0.33333333 0.16666667 0.         0.
 6.5        0.         0.         0.16666667 0.         0.5
 0.5       ]",0.613459879868266,0.6287931169848926,0.015333237116626597,0.0392156862745098,0.613459879868266,0.0,0.0,0.618685097240693,0.005225217372426982,0.0392156862745098,0.6147150633966044,0.0012551835283384216,0.0196078431372549,0.613459879868266,0.0,0.0,0.613459879868266,0.0,0.0,0.03149703941743561,-0.5819628404508304,0.7647058823529411,0.613459879868266,0.0,0.0,0.613459879868266,0.0,0.0,0.920189819802399,0.306729939934133,0.0196078431372549,0.613459879868266,0.0,0.0,0.6257225422285947,0.012262662360328691,0.058823529411764705,0.6275341746081384,0.014074294739872428,0.058823529411764705,VSFTYRYL,0.014074294739872428,SNYLFTKL,-0.5819628404508304
30,AV10-CAANSGGSNAKLTF-AJ42_BV19-CASSIGRTGNTLYF-BJ1-3,24,multi-specific,"['HIYEFPQL', 'SNYLFTKL', 'VIVRFLTV', 'VSFTYRYL']",4,"[0.5641025641025641, 0.1094017094017094, 0.12136752136752138, 0.06153846153846154]",HIYEFPQL,0.5641025641025641,HIYEFPQL,0.045128205128205125,True,"['HIYEFPQL', 'SNYLFTKL', 'VIVRFLTV', 'VSFTYRYL']",4,"['ATLVFHNL', 'EEEPVKKI', 'INFDFPKL', 'RAYLFNSV', 'RTYTYEKL', 'SSYTFPKM', 'SVYVYKVL', 'VAFDFTKV', 'VGPRYTNL']",0.0,0.0,"[ 0.45833333  0.         13.75        0.41666667  0.625       0.625
  2.66666667  0.04166667  0.66666667  0.375       0.29166667  2.95833333
  1.5       ]",0.6051464915406104,0.6062040228553287,0.0010575313147183074,0.018803418803418803,0.6051464915406104,0.0,0.0,0.39257787803517097,-0.21256861350543943,0.5641025641025641,0.6078270074896335,0.0026805159490230768,0.017094017094017096,0.6098208727323043,0.004674381191693944,0.02564102564102564,0.6123945151729245,0.007248023632314138,0.02564102564102564,0.6534137861786565,0.04826729463804613,0.1094017094017094,0.605159625491731,1.3133951120569698e-05,0.0017094017094017094,0.6097131954678267,0.0045667039272162535,0.02735042735042735,0.6120366071958756,0.006890115655265205,0.015384615384615385,0.6070627544801765,0.001916262939566149,0.011965811965811967,0.6591208027417079,0.053974311201097525,0.12136752136752138,0.6307330459549056,0.02558655441429525,0.06153846153846154,VIVRFLTV,0.053974311201097525,HIYEFPQL,-0.21256861350543943
31,AV14-2-CAASADTGNYKYVF-AJ40_BV13-3-CASSDNNQAPLF-BJ1-5,5,multi-specific,"['HIYEFPQL', 'SNYLFTKL', 'VGPRYTNL', 'VIVRFLTV']",4,"[0.08247422680412371, 0.09278350515463916, 0.48453608247422675, 0.28865979381443296]",VGPRYTNL,0.48453608247422675,VGPRYTNL,0.05383734249713631,True,"['HIYEFPQL', 'SNYLFTKL', 'VGPRYTNL', 'VIVRFLTV']",4,"['ATLVFHNL', 'EEEPVKKI', 'INFDFPKL', 'RAYLFNSV', 'RTYTYEKL', 'SSYTFPKM', 'SVYVYKVL', 'VAFDFTKV', 'VSFTYRYL']",0.0,0.0,[0.2 0.  1.6 0.  0.  0.  1.8 0.  0.  0.  9.4 5.6 0.8],0.6039213949331249,0.6095701007766714,0.0056487058435464865,0.010309278350515464,0.6039213949331249,0.0,0.0,0.6173083959216034,0.013387000988478448,0.08247422680412371,0.6039213949331249,0.0,0.0,0.6039213949331249,0.0,0.0,0.6039213949331249,0.0,0.0,0.6391159187881874,0.0351945238550625,0.09278350515463916,0.6039213949331249,0.0,0.0,0.6039213949331249,0.0,0.0,0.6039213949331249,0.0,0.0,0.7575120331608416,0.15359063822771668,0.48453608247422675,0.5178366070138781,-0.08608478791924679,0.28865979381443296,0.6051152407704722,0.0011938458373472738,0.041237113402061855,VGPRYTNL,0.15359063822771668,VIVRFLTV,-0.08608478791924679
32,AV16-CAMREANTGYQNFYF-AJ49_BV13-2-CASGTGGQNTLYF-BJ2-4,145,multi-specific,"['HIYEFPQL', 'SNYLFTKL', 'SVYVYKVL']",3,"[0.05463517800493478, 0.22700035248501937, 0.46704265068734574]",SVYVYKVL,0.46704265068734574,SVYVYKVL,0.06672037866962081,True,"['HIYEFPQL', 'SNYLFTKL', 'SVYVYKVL']",3,"['ATLVFHNL', 'EEEPVKKI', 'INFDFPKL', 'RAYLFNSV', 'RTYTYEKL', 'SSYTFPKM', 'VAFDFTKV', 'VGPRYTNL', 'VIVRFLTV', 'VSFTYRYL']",0.0,0.0,"[0.84137931 0.         1.06896552 0.37931034 0.56551724 0.62068966
 4.44137931 0.28275862 9.13793103 0.15172414 0.26896552 0.84827586
 0.95862069]",0.6006139180275141,0.6251651551277615,0.024551237100247425,0.04300317236517448,0.6006139180275141,0.0,0.0,0.6257643006692926,0.02515038264177849,0.05463517800493478,0.6038621067714519,0.003248188743937841,0.01938667606626718,0.6178795032393459,0.017265585211831858,0.028903771589707437,0.6056069912116485,0.0049930731841344445,0.031723651744800845,0.6610742278254621,0.06046030979794803,0.22700035248501937,0.6037920566842715,0.0031781386567574232,0.014451885794853719,0.34419104227052794,-0.25642287575698613,0.46704265068734574,0.6029405938487674,0.0023266758212533434,0.007754670426506873,0.6037778588608766,0.0031639408333625774,0.013746915756080365,0.6191262717354885,0.018512353707974438,0.04335565738456116,0.6339241094107703,0.033310191383256194,0.048995417694747974,SNYLFTKL,0.06046030979794803,SVYVYKVL,-0.25642287575698613
33,AV8D-2-CATDSGYNKLTF-AJ11_BV14-CANPGQGANERLFF-BJ1-4,17,multi-specific,"['INFDFPKL', 'VGPRYTNL', 'VSFTYRYL']",3,"[0.6882352941176471, 0.07352941176470588, 0.07647058823529411]",INFDFPKL,0.6882352941176471,INFDFPKL,0.09831932773109243,True,"['INFDFPKL', 'VGPRYTNL', 'VSFTYRYL']",3,"['ATLVFHNL', 'EEEPVKKI', 'HIYEFPQL', 'RAYLFNSV', 'RTYTYEKL', 'SNYLFTKL', 'SSYTFPKM', 'SVYVYKVL', 'VAFDFTKV', 'VIVRFLTV']",0.0,0.0,"[ 0.70588235  0.          0.35294118 13.76470588  0.35294118  0.23529412
  0.47058824  0.          0.29411765  0.05882353  1.47058824  0.76470588
  1.52941176]",0.5890283945452884,0.6528810281507021,0.06385263360541371,0.03529411764705882,0.5890283945452884,0.0,0.0,0.6405212775626539,0.05149288301736543,0.01764705882352941,0.1401819210328314,-0.44884647351245704,0.6882352941176471,0.5893840555411441,0.0003556609958557111,0.01764705882352941,0.5893440056906184,0.0003156111453299637,0.011764705882352941,0.6153330148375978,0.0263046202923094,0.023529411764705882,0.5890283945452884,0.0,0.0,0.5908019533327296,0.0017735587874411207,0.014705882352941176,0.589048848649888,2.0454104599609835e-05,0.0029411764705882353,0.6552511319912782,0.06622273744598972,0.07352941176470588,0.6121545935440185,0.02312619899873003,0.038235294117647055,0.6937792026294904,0.10475080808420201,0.07647058823529411,VSFTYRYL,0.10475080808420201,INFDFPKL,-0.44884647351245704
34,AV13-2-CALEGRGSNYKLTF-AJ53_BV14-CASSSRYEQYF-BJ2-7,8,multi-specific,"['ATLVFHNL', 'INFDFPKL', 'RTYTYEKL', 'SNYLFTKL', 'VAFDFTKV']",5,"[0.09154929577464789, 0.49295774647887325, 0.09154929577464789, 0.07042253521126761, 0.07042253521126761]",INFDFPKL,0.49295774647887325,INFDFPKL,0.061619718309859156,True,"['ATLVFHNL', 'INFDFPKL', 'RTYTYEKL', 'SNYLFTKL', 'VAFDFTKV']",5,"['EEEPVKKI', 'HIYEFPQL', 'RAYLFNSV', 'SSYTFPKM', 'SVYVYKVL', 'VGPRYTNL', 'VIVRFLTV', 'VSFTYRYL']",0.0,0.0,"[1.625 0.    0.75  8.75  0.75  1.625 1.25  0.125 0.125 1.25  0.    0.75
 0.75 ]",0.5798735448147869,0.5736177484829535,-0.006255796331833374,0.09154929577464789,0.5798735448147868,-1.1102230246251565e-16,0.0,0.5854524609383913,0.005578916123604394,0.04225352112676056,0.24552814716134455,-0.3343453976534424,0.49295774647887325,0.5850787241516685,0.005205179336881582,0.04225352112676056,0.5998886407506058,0.02001509593581885,0.09154929577464789,0.5813559485503063,0.0014824037355193331,0.07042253521126761,0.5799844191243972,0.00011087430961032041,0.007042253521126761,0.5801187484299426,0.0002452036151556758,0.007042253521126761,0.6001876834718833,0.020314138657096414,0.07042253521126761,0.5798735448147868,-1.1102230246251565e-16,0.0,0.5833538934558457,0.003480348641058728,0.04225352112676056,0.5883919438723308,0.008518399057543924,0.04225352112676056,VAFDFTKV,0.020314138657096414,INFDFPKL,-0.3343453976534424
35,AV8-1-CAPSASSGSWQLIF-AJ22_BV13-2-CASGDEVSNERLFF-BJ1-4,5,multi-specific,"['SNYLFTKL', 'VAFDFTKV', 'VGPRYTNL', 'VIVRFLTV']",4,"[0.06542056074766354, 0.05607476635514018, 0.2523364485981308, 0.5514018691588785]",VIVRFLTV,0.5514018691588785,VIVRFLTV,0.030633437175493248,True,"['SNYLFTKL', 'VAFDFTKV', 'VGPRYTNL', 'VIVRFLTV']",4,"['ATLVFHNL', 'EEEPVKKI', 'HIYEFPQL', 'INFDFPKL', 'RAYLFNSV', 'RTYTYEKL', 'SSYTFPKM', 'SVYVYKVL', 'VSFTYRYL']",0.0,0.0,[ 0.2  0.   0.   0.   0.4  0.2  1.4  0.   0.2  1.2  5.4 11.8  0.6],0.5780707893824839,0.579343826142523,0.0012730367600390924,0.009345794392523364,0.5780707893824839,0.0,0.0,0.5780707893824839,0.0,0.0,0.5780707893824839,0.0,0.0,0.5791461252080432,0.0010753358255592982,0.018691588785046728,0.5781879722764746,0.00011718289399065274,0.009345794392523364,0.5795900322747847,0.001519242892300765,0.06542056074766354,0.5780707893824839,0.0,0.0,0.5781879722764746,0.00011718289399065274,0.009345794392523364,0.580735258976625,0.002664469594141128,0.05607476635514018,0.9445331906218798,0.3664624012393959,0.2523364485981308,0.43636516358858646,-0.14170562579389745,0.5514018691588785,0.5828361800203767,0.00476539063789283,0.02803738317757009,VGPRYTNL,0.3664624012393959,VIVRFLTV,-0.14170562579389745
36,AV16-CAMREVMDYANKMIF-AJ47_BV1-CTCSADLSQDTQYF-BJ2-5,5,multi-specific,"['HIYEFPQL', 'INFDFPKL', 'RTYTYEKL', 'SNYLFTKL', 'VSFTYRYL']",5,"[0.11764705882352944, 0.11764705882352944, 0.5588235294117647, 0.05882352941176472, 0.08823529411764706]",RTYTYEKL,0.5588235294117647,RTYTYEKL,0.13970588235294118,True,"['HIYEFPQL', 'INFDFPKL', 'RTYTYEKL', 'SNYLFTKL', 'VSFTYRYL']",5,"['ATLVFHNL', 'EEEPVKKI', 'RAYLFNSV', 'SSYTFPKM', 'SVYVYKVL', 'VAFDFTKV', 'VGPRYTNL', 'VIVRFLTV']",0.0,0.0,[0.4 0.  1.6 1.6 0.  7.6 0.8 0.2 0.2 0.  0.  0.  1.2],0.5590740301884176,0.5714091943529193,0.012335164164501644,0.02941176470588236,0.5590740301884176,0.0,0.0,0.5680442415965683,0.008970211408150686,0.11764705882352944,0.9148944639731599,0.35582043378474226,0.11764705882352944,0.5590740301884176,0.0,0.0,0.25768626296504804,-0.3013877672233696,0.5588235294117647,0.5724850178725422,0.013410987684124631,0.05882352941176472,0.5592079812950367,0.00013395110661906795,0.01470588235294118,0.5592079812950367,0.00013395110661906795,0.01470588235294118,0.5590740301884176,0.0,0.0,0.5590740301884176,0.0,0.0,0.5590740301884176,0.0,0.0,0.5709939609201037,0.011919930731686068,0.08823529411764706,INFDFPKL,0.35582043378474226,RTYTYEKL,-0.3013877672233696
37,AV12-2-CALISQQGTGSKLSF-AJ58_BV1-CTCSAVRVSYEQYF-BJ2-7,12,multi-specific,"['ATLVFHNL', 'HIYEFPQL', 'RAYLFNSV', 'VSFTYRYL']",4,"[0.0625, 0.0625, 0.6328125, 0.125]",RAYLFNSV,0.6328125,RAYLFNSV,0.09040178571428571,True,"['ATLVFHNL', 'HIYEFPQL', 'RAYLFNSV', 'VSFTYRYL']",4,"['EEEPVKKI', 'INFDFPKL', 'RTYTYEKL', 'SNYLFTKL', 'SSYTFPKM', 'SVYVYKVL', 'VAFDFTKV', 'VGPRYTNL', 'VIVRFLTV']",0.0,0.0,"[0.66666667 0.         0.66666667 0.         6.75       0.
 0.16666667 0.41666667 0.         0.25       0.         0.41666667
 1.33333333]",0.5576830249305316,0.5578629610575896,0.00017993612705802242,0.0625,0.5576830249305316,0.0,0.0,0.5778134200600888,0.020130395129557277,0.0625,0.5576830249305316,0.0,0.0,0.18951374364255036,-0.3681692812879812,0.6328125,0.5576830249305316,0.0,0.0,0.5581990917565723,0.000516066826040773,0.015625,0.562240013757001,0.004556988826469377,0.03906250000000001,0.5576830249305316,0.0,0.0,0.5601580270122926,0.002475002081760991,0.0234375,0.5576830249305316,0.0,0.0,0.592161653669222,0.03447862873869045,0.03906250000000001,0.7340767086246719,0.17639368369414032,0.125,VSFTYRYL,0.17639368369414032,RAYLFNSV,-0.3681692812879812
38,AV13-1-CALERSNNRIFF-AJ31_BV2-CASSQDRRGDTQYF-BJ2-5,8,multi-specific,"['HIYEFPQL', 'RAYLFNSV', 'SNYLFTKL', 'VIVRFLTV', 'VSFTYRYL']",5,"[0.48847926267281105, 0.055299539170506916, 0.1935483870967742, 0.059907834101382486, 0.10138248847926268]",HIYEFPQL,0.48847926267281105,HIYEFPQL,0.051418869755032744,True,"['HIYEFPQL', 'RAYLFNSV', 'SNYLFTKL', 'VIVRFLTV', 'VSFTYRYL']",5,"['ATLVFHNL', 'EEEPVKKI', 'INFDFPKL', 'RTYTYEKL', 'SSYTFPKM', 'SVYVYKVL', 'VAFDFTKV', 'VGPRYTNL']",0.0,0.0,"[ 0.75   0.    13.25   0.25   1.5    0.625  5.25   0.125  0.25   0.375
  0.375  1.625  2.75 ]",0.5568839658336205,0.5580332825982451,0.0011493167646245972,0.027649769585253458,0.5568839658336205,0.0,0.0,0.2569689622022975,-0.29991500363132306,0.48847926267281105,0.5584631659515271,0.0015792001179065762,0.009216589861751152,0.5627666810171085,0.00588271518348793,0.055299539170506916,0.5575755385046863,0.0006915726710657877,0.02304147465437788,0.6717824262677299,0.11489846043410934,0.1935483870967742,0.5571719785240846,0.00028801269046407896,0.004608294930875576,0.5569559302613125,7.196442769197287e-05,0.009216589861751152,0.5572704808355391,0.0003865150019185526,0.013824884792626729,0.6057573940501507,0.04887342821653018,0.013824884792626729,0.5612281863051135,0.0043442204714929655,0.059907834101382486,0.5589236098380638,0.0020396440044432307,0.10138248847926268,SNYLFTKL,0.11489846043410934,HIYEFPQL,-0.29991500363132306
39,AV13-2-CAMNNNAGAKLTF-AJ39_BV14-CASSSRYEQYF-BJ2-7,54,multi-specific,"['HIYEFPQL', 'INFDFPKL', 'RAYLFNSV', 'RTYTYEKL', 'SNYLFTKL', 'VIVRFLTV', 'VSFTYRYL']",7,"[0.05693581780538302, 0.42753623188405787, 0.05590062111801241, 0.05072463768115941, 0.12525879917184263, 0.082815734989648, 0.07142857142857141]",INFDFPKL,0.42753623188405787,INFDFPKL,0.05700483091787438,True,"['HIYEFPQL', 'INFDFPKL', 'RAYLFNSV', 'RTYTYEKL', 'SNYLFTKL', 'VIVRFLTV', 'VSFTYRYL']",7,"['ATLVFHNL', 'EEEPVKKI', 'SSYTFPKM', 'SVYVYKVL', 'VAFDFTKV', 'VGPRYTNL']",0.0,0.0,"[0.59259259 0.         1.01851852 7.64814815 1.         0.90740741
 2.24074074 0.11111111 0.57407407 0.83333333 0.2037037  1.48148148
 1.27777778]",0.5524380711463902,0.5550418943533948,0.0026038232070045852,0.0331262939958592,0.5524380711463902,0.0,0.0,0.5588133301436483,0.006375258997258104,0.05693581780538302,0.2894195820682086,-0.2630184890781816,0.42753623188405787,0.561982252273196,0.009544181126805773,0.05590062111801241,0.572585408348206,0.02014733720181583,0.05072463768115941,0.5719953241133426,0.019557252966952432,0.12525879917184263,0.5532271809718817,0.0007891098254915185,0.006211180124223601,0.5670907913011611,0.014652720154770926,0.03209109730848861,0.5870820507471423,0.03464397960075205,0.04658385093167701,0.5534137670448882,0.0009756958984979969,0.0113871635610766,0.5673977902205204,0.014959719074130184,0.082815734989648,0.5638677710133138,0.011429699866923548,0.07142857142857141,RTYTYEKL,0.02014733720181583,INFDFPKL,-0.2630184890781816
40,AV21/DV12-CILRVATGANTGKLTF-AJ52_BV13-2-CASGEGARNTLYF-BJ2-4,6,multi-specific,"['ATLVFHNL', 'RAYLFNSV', 'SNYLFTKL', 'SVYVYKVL', 'VIVRFLTV', 'VSFTYRYL']",6,"[0.07065217391304347, 0.059782608695652176, 0.29891304347826086, 0.2608695652173913, 0.07608695652173914, 0.1141304347826087]",SNYLFTKL,0.29891304347826086,SVYVYKVL,0.01932367149758454,False,"['ATLVFHNL', 'RAYLFNSV', 'SNYLFTKL', 'SVYVYKVL', 'VIVRFLTV', 'VSFTYRYL']",6,"['EEEPVKKI', 'HIYEFPQL', 'INFDFPKL', 'RTYTYEKL', 'SSYTFPKM', 'VAFDFTKV', 'VGPRYTNL']",0.0,0.0,"[2.16666667 0.         0.         0.5        1.83333333 1.
 9.16666667 1.         8.         1.16666667 0.         2.33333333
 3.5       ]",0.5446695539990729,0.5538505167026126,0.009180962703539741,0.07065217391304347,0.5446695539990729,0.0,0.0,0.5446695539990729,0.0,0.0,0.57840297527119,0.03373342127211709,0.016304347826086956,0.5656763593911747,0.021006805392101757,0.059782608695652176,0.5457135339110922,0.0010439799120193216,0.03260869565217391,0.5501498666901393,0.0054803126910664135,0.29891304347826086,0.5470046011805231,0.002335047181450167,0.03260869565217391,0.602393586165973,0.05772403216690014,0.2608695652173913,0.547871702605018,0.003202148605945143,0.03804347826086957,0.5446695539990729,0.0,0.0,0.5586823334534725,0.014012779454399604,0.07608695652173914,0.5595258137057387,0.01485625970666582,0.1141304347826087,SVYVYKVL,0.05772403216690014,SNYLFTKL,0.0054803126910664135
41,AV16-CAMRESNTGYQNFYF-AJ49_BV13-2-CASGTGGQNTLYF-BJ2-4,334,multi-specific,"['ATLVFHNL', 'HIYEFPQL', 'SNYLFTKL', 'SVYVYKVL', 'VIVRFLTV', 'VSFTYRYL']",6,"[0.06447494414299394, 0.05059048834982445, 0.17507181615065434, 0.39578678582827964, 0.06862432173635494, 0.08649856367698693]",SVYVYKVL,0.39578678582827964,SVYVYKVL,0.06596446430471327,True,"['ATLVFHNL', 'HIYEFPQL', 'SNYLFTKL', 'SVYVYKVL', 'VIVRFLTV', 'VSFTYRYL']",6,"['EEEPVKKI', 'INFDFPKL', 'RAYLFNSV', 'RTYTYEKL', 'SSYTFPKM', 'VAFDFTKV', 'VGPRYTNL']",0.0,0.0,"[1.20958084 0.         0.9491018  0.22754491 0.67664671 0.83233533
 3.28443114 0.36227545 7.4251497  0.56287425 0.32035928 1.28742515
 1.62275449]",0.5443154862832984,0.5599587551690591,0.01564326888576073,0.06447494414299394,0.5443154862832984,0.0,0.0,0.5552756500214344,0.01096016373813602,0.05059048834982445,0.550611941766216,0.006296455482917573,0.012128949888285988,0.5523903730294474,0.00807488674614898,0.03606766677306097,0.5611698550475162,0.016854368764217753,0.04436642195978296,0.5792329056349075,0.03491741935160908,0.17507181615065434,0.557058822428986,0.012743336145687567,0.01931056495371848,0.3304664530396457,-0.21384903324365268,0.39578678582827964,0.5540170404666608,0.009701554183362382,0.03000319182891797,0.5471927460585708,0.0028772597752724227,0.017076284711139485,0.5701911996680867,0.025875713384788335,0.06862432173635494,0.5703140934548915,0.02599860717159308,0.08649856367698693,SNYLFTKL,0.03491741935160908,SVYVYKVL,-0.21384903324365268
42,AV8D-2-CATETSGGNYKPTF-AJ6_BV19-CASPISNERLFF-BJ1-4,5,multi-specific,"['ATLVFHNL', 'RAYLFNSV', 'SSYTFPKM', 'VIVRFLTV']",4,"[0.07407407407407407, 0.1111111111111111, 0.1111111111111111, 0.5925925925925926]",VIVRFLTV,0.5925925925925926,VIVRFLTV,0.19753086419753085,True,"['ATLVFHNL', 'RAYLFNSV', 'SSYTFPKM', 'VIVRFLTV']",4,"['EEEPVKKI', 'HIYEFPQL', 'INFDFPKL', 'RTYTYEKL', 'SNYLFTKL', 'SVYVYKVL', 'VAFDFTKV', 'VGPRYTNL', 'VSFTYRYL']",0.0,0.0,[0.4 0.  0.2 0.  0.6 0.  0.2 0.6 0.2 0.  0.  3.2 0. ],0.5426422856186471,0.548664691733682,0.006022406115034906,0.07407407407407407,0.5426422856186471,0.0,0.0,0.5441084174720611,0.0014661318534139323,0.037037037037037035,0.5426422856186471,0.0,0.0,0.55683476995797,0.014192484339322853,0.1111111111111111,0.5426422856186471,0.0,0.0,0.9044038093644119,0.36176152374576476,0.037037037037037035,0.55683476995797,0.014192484339322853,0.1111111111111111,0.5573070083610707,0.014664722742423586,0.037037037037037035,0.5426422856186471,0.0,0.0,0.5426422856186471,0.0,0.0,0.0,-0.5426422856186471,0.5925925925925926,0.5426422856186471,0.0,0.0,RAYLFNSV,0.014192484339322853,VIVRFLTV,-0.5426422856186471
43,AV7-2-CAAASSGSWQLIF-AJ22_BV13-1-CASSDVLYEQYF-BJ2-7,5,multi-specific,"['ATLVFHNL', 'INFDFPKL', 'RAYLFNSV', 'SNYLFTKL', 'VIVRFLTV', 'VSFTYRYL']",6,"[0.07246376811594203, 0.057971014492753624, 0.057971014492753624, 0.6231884057971014, 0.07246376811594203, 0.11594202898550725]",SNYLFTKL,0.6231884057971014,SNYLFTKL,0.06924315619967794,True,"['ATLVFHNL', 'INFDFPKL', 'RAYLFNSV', 'SNYLFTKL', 'VIVRFLTV', 'VSFTYRYL']",6,"['EEEPVKKI', 'HIYEFPQL', 'RTYTYEKL', 'SSYTFPKM', 'SVYVYKVL', 'VAFDFTKV', 'VGPRYTNL']",0.0,0.0,[1.  0.  0.  0.8 0.8 0.  8.6 0.  0.  0.  0.  1.  1.6],0.5234196987710557,0.5477091362361787,0.02428943746512302,0.07246376811594203,0.5234196987710557,0.0,0.0,0.5234196987710557,0.0,0.0,0.5340626784192619,0.010642979648206263,0.057971014492753624,0.5381080224408544,0.014688323669798775,0.057971014492753624,0.5234196987710557,0.0,0.0,0.021905069248450853,-0.5015146295226048,0.6231884057971014,0.5234196987710557,0.0,0.0,0.5234196987710557,0.0,0.0,0.5234196987710557,0.0,0.0,0.5234196987710557,0.0,0.0,0.5336161915483666,0.01019649277731094,0.07246376811594203,0.553246544887006,0.029826846115950323,0.11594202898550725,VSFTYRYL,0.029826846115950323,SNYLFTKL,-0.5015146295226048
44,AV6-6-CALGEGGYKVVF-AJ12_BV5-CASSQDQVGERLFF-BJ1-4,5,multi-specific,"['ATLVFHNL', 'RAYLFNSV', 'SVYVYKVL', 'VGPRYTNL']",4,"[0.647887323943662, 0.05633802816901409, 0.14084507042253522, 0.1267605633802817]",ATLVFHNL,0.647887323943662,ATLVFHNL,0.07198748043818466,True,"['ATLVFHNL', 'RAYLFNSV', 'SVYVYKVL', 'VGPRYTNL']",4,"['EEEPVKKI', 'HIYEFPQL', 'INFDFPKL', 'RTYTYEKL', 'SNYLFTKL', 'SSYTFPKM', 'VAFDFTKV', 'VIVRFLTV', 'VSFTYRYL']",0.0,0.0,[9.2 0.  0.  0.2 0.8 0.  0.  0.  2.  0.2 1.8 0.  0. ],0.5197361831815217,0.0,-0.5197361831815217,0.647887323943662,0.5197361831815217,0.0,0.0,0.5197361831815217,0.0,0.0,0.5200598002945738,0.000323617113052066,0.014084507042253523,0.6828688376614622,0.16313265447994052,0.05633802816901409,0.5197361831815217,0.0,0.0,0.5197361831815217,0.0,0.0,0.5197361831815217,0.0,0.0,0.5686039114924945,0.04886772831097275,0.14084507042253522,0.5221009142431061,0.002364731061584413,0.014084507042253523,0.5556464663945684,0.03591028321304668,0.1267605633802817,0.5197361831815217,0.0,0.0,0.5197361831815217,0.0,0.0,RAYLFNSV,0.16313265447994052,ATLVFHNL,-0.5197361831815217
45,AV15-2/DV6-2-CALSELGGNYKYVF-AJ40_BV13-2-CASGTGGENTLYF-BJ2-4,62,multi-specific,"['SNYLFTKL', 'SVYVYKVL', 'VIVRFLTV', 'VSFTYRYL']",4,"[0.10580524344569288, 0.5074906367041199, 0.09176029962546815, 0.05711610486891386]",SVYVYKVL,0.5074906367041199,SVYVYKVL,0.06766541822721599,True,"['SNYLFTKL', 'SVYVYKVL', 'VIVRFLTV', 'VSFTYRYL']",4,"['ATLVFHNL', 'EEEPVKKI', 'HIYEFPQL', 'INFDFPKL', 'RAYLFNSV', 'RTYTYEKL', 'SSYTFPKM', 'VAFDFTKV', 'VGPRYTNL']",0.0,0.0,"[0.79032258 0.         0.66129032 0.16129032 0.83870968 0.75806452
 1.82258065 0.19354839 8.74193548 0.33870968 0.35483871 1.58064516
 0.98387097]",0.5125452378739928,0.5419788798237446,0.029433641949751843,0.045880149812734076,0.5125452378739928,0.0,0.0,0.5202812956500483,0.0077360577760555715,0.03838951310861423,0.5134207213822768,0.0008754835082840362,0.009363295880149811,0.5405592892087685,0.028014051334775747,0.04868913857677903,0.5331283050991485,0.020583067225155793,0.044007490636704116,0.5375476267844481,0.025002388910455364,0.10580524344569288,0.5199332756455152,0.0073880377715224155,0.011235955056179775,0.22867358559104248,-0.2838716522829503,0.5074906367041199,0.5161148429707606,0.003569605096767847,0.019662921348314606,0.5151675131416982,0.0026222752677054206,0.02059925093632959,0.5253625396543203,0.012817301780327583,0.09176029962546815,0.5222879225217988,0.009742684647806032,0.05711610486891386,SNYLFTKL,0.025002388910455364,SVYVYKVL,-0.2838716522829503
46,AV6-2-CVLGNTEGADRLTF-AJ45_BV1-CTCSAVRVGSDYTF-BJ1-2,6,multi-specific,"['HIYEFPQL', 'RAYLFNSV', 'RTYTYEKL', 'SNYLFTKL', 'VGPRYTNL', 'VIVRFLTV']",6,"[0.057692307692307696, 0.5096153846153847, 0.06730769230769232, 0.10576923076923077, 0.08653846153846155, 0.07692307692307693]",RAYLFNSV,0.5096153846153847,RAYLFNSV,0.05662393162393163,True,"['HIYEFPQL', 'RAYLFNSV', 'RTYTYEKL', 'SNYLFTKL', 'VGPRYTNL', 'VIVRFLTV']",6,"['ATLVFHNL', 'EEEPVKKI', 'INFDFPKL', 'SSYTFPKM', 'SVYVYKVL', 'VAFDFTKV', 'VSFTYRYL']",0.0,0.0,"[0.5        0.         1.         0.         8.83333333 1.16666667
 1.83333333 0.83333333 0.33333333 0.         1.5        1.33333333
 0.        ]",0.5006800210076279,0.5011588792367421,0.0004788582291141985,0.028846153846153848,0.5006800210076279,0.0,0.0,0.506337948280897,0.005657927273269081,0.057692307692307696,0.5006800210076279,0.0,0.0,0.15688867676895343,-0.3437913442386744,0.5096153846153847,0.6048791533213477,0.1041991323137198,0.06730769230769232,0.5272687204080971,0.026588699400469262,0.10576923076923077,0.5080219100582906,0.007341889050662687,0.04807692307692308,0.5010860969289996,0.0004060759213717624,0.019230769230769232,0.5006800210076279,0.0,0.0,0.5282265721694921,0.02754655116186422,0.08653846153846155,0.5018590211913951,0.0011790001837672648,0.07692307692307693,0.5006800210076279,0.0,0.0,RTYTYEKL,0.1041991323137198,RAYLFNSV,-0.3437913442386744
47,AV16/DV11-CAMREANTGYQNFYF-AJ49_BV13-2-CASGGGGQNTLYF-BJ2-4,17,multi-specific,"['ATLVFHNL', 'RTYTYEKL', 'SNYLFTKL', 'SVYVYKVL', 'VSFTYRYL']",5,"[0.05466237942122187, 0.06752411575562701, 0.21543408360128619, 0.39228295819935693, 0.09967845659163987]",SVYVYKVL,0.39228295819935693,SVYVYKVL,0.07845659163987138,True,"['ATLVFHNL', 'RTYTYEKL', 'SNYLFTKL', 'SVYVYKVL', 'VSFTYRYL']",5,"['EEEPVKKI', 'HIYEFPQL', 'INFDFPKL', 'RAYLFNSV', 'SSYTFPKM', 'VAFDFTKV', 'VGPRYTNL', 'VIVRFLTV']",0.0,0.0,"[1.         0.         0.58823529 0.23529412 0.70588235 1.23529412
 3.94117647 0.05882353 7.17647059 0.58823529 0.23529412 0.70588235
 1.82352941]",0.49682711746269503,0.5148404814955306,0.0180133640328356,0.05466237942122187,0.49682711746269503,0.0,0.0,0.5059740525152018,0.009146935052506744,0.03215434083601287,0.497229313711737,0.00040219624904197504,0.012861736334405145,0.500881890268082,0.004054772805387019,0.03858520900321544,0.5279728751619217,0.031145757699226673,0.06752411575562701,0.5287225167002745,0.03189539923757945,0.21543408360128619,0.49706064805235023,0.00023353058965519535,0.003215434083601286,0.27532900791144677,-0.22149810955124827,0.39228295819935693,0.4986016092124102,0.001774491749715168,0.03215434083601287,0.4989709837083686,0.002143866245673587,0.012861736334405145,0.5572111121875948,0.06038399472489975,0.03858520900321544,0.5263392091131598,0.029512091650464756,0.09967845659163987,SNYLFTKL,0.03189539923757945,SVYVYKVL,-0.22149810955124827
48,AV12-1-CALSDTGNTGKLIF-AJ37_BV13-2-CASGEAGSSYEQYF-BJ2-7,9,multi-specific,"['HIYEFPQL', 'SNYLFTKL', 'VGPRYTNL', 'VIVRFLTV', 'VSFTYRYL']",5,"[0.09142857142857143, 0.33142857142857146, 0.10285714285714287, 0.09714285714285714, 0.18285714285714286]",SNYLFTKL,0.33142857142857146,SNYLFTKL,0.055238095238095246,True,"['HIYEFPQL', 'SNYLFTKL', 'VGPRYTNL', 'VIVRFLTV', 'VSFTYRYL']",5,"['ATLVFHNL', 'EEEPVKKI', 'INFDFPKL', 'RAYLFNSV', 'RTYTYEKL', 'SSYTFPKM', 'SVYVYKVL', 'VAFDFTKV']",0.0,0.0,"[0.33333333 0.         1.77777778 0.77777778 0.77777778 0.44444444
 6.44444444 0.44444444 0.88888889 0.11111111 2.         1.88888889
 3.55555556]",0.49156963459382347,0.4918511634102843,0.00028152881646081873,0.017142857142857144,0.49156963459382347,0.0,0.0,0.5198629065834759,0.028293271989652424,0.09142857142857143,0.4942162709561299,0.0026466363623064426,0.04,0.49735004796814913,0.005780413374325666,0.04,0.49352064573864773,0.0019510111448242662,0.022857142857142857,0.23110148942830186,-0.26046814516552164,0.33142857142857146,0.5014708659031863,0.009901231309362879,0.022857142857142857,0.49347485339981223,0.001905218805988762,0.045714285714285714,0.49172650033647947,0.00015686574265599829,0.005714285714285714,0.5355086958293179,0.04393906123549446,0.10285714285714287,0.49707490199216164,0.005505267398338176,0.09714285714285714,0.5726574286410953,0.08108779404727179,0.18285714285714286,VSFTYRYL,0.08108779404727179,SNYLFTKL,-0.26046814516552164
49,AV21/DV12-CILRDTEGADRLTF-AJ45_BV16-CASSFAVYAEQFF-BJ2-1,5,multi-specific,"['ATLVFHNL', 'HIYEFPQL', 'SNYLFTKL', 'VGPRYTNL', 'VSFTYRYL']",5,"[0.09302325581395347, 0.1395348837209302, 0.16279069767441856, 0.0697674418604651, 0.3720930232558139]",VSFTYRYL,0.3720930232558139,VSFTYRYL,0.07441860465116278,True,"['ATLVFHNL', 'HIYEFPQL', 'SNYLFTKL', 'VGPRYTNL', 'VSFTYRYL']",5,"['EEEPVKKI', 'INFDFPKL', 'RAYLFNSV', 'RTYTYEKL', 'SSYTFPKM', 'SVYVYKVL', 'VAFDFTKV', 'VIVRFLTV']",0.0,0.0,[0.8 0.  1.2 0.  0.4 0.4 1.4 0.2 0.  0.2 0.6 0.2 3.2],0.4895990054122845,0.4920991510777787,0.002500145665494169,0.09302325581395347,0.4895990054122845,0.0,0.0,0.47926142570475444,-0.010337579707530076,0.1395348837209302,0.4895990054122845,0.0,0.0,0.5153103192294725,0.025711313817187942,0.04651162790697674,0.49032482849597236,0.0007258230836878488,0.04651162790697674,0.5316679881810228,0.04206898276873827,0.16279069767441856,0.49115290095585173,0.0015538955435672186,0.02325581395348837,0.4895990054122845,0.0,0.0,0.4926417421513779,0.003042736739093388,0.02325581395348837,0.5220637218399714,0.03246471642768689,0.0697674418604651,0.4926417421513779,0.003042736739093388,0.02325581395348837,0.2043011781503504,-0.2852978272619341,0.3720930232558139,SNYLFTKL,0.04206898276873827,VSFTYRYL,-0.2852978272619341
50,AV13-2-CAPNNNAGAKLTF-AJ39_BV14-CASSDRYEQYF-BJ2-7,110,multi-specific,"['HIYEFPQL', 'INFDFPKL', 'SNYLFTKL', 'VAFDFTKV', 'VIVRFLTV', 'VSFTYRYL']",6,"[0.0625250501002004, 0.37474949899799603, 0.07575150300601204, 0.2088176352705411, 0.05290581162324649, 0.07094188376753507]",INFDFPKL,0.37474949899799603,INFDFPKL,0.046843687374749504,True,"['HIYEFPQL', 'INFDFPKL', 'SNYLFTKL', 'VAFDFTKV', 'VIVRFLTV', 'VSFTYRYL']",6,"['ATLVFHNL', 'EEEPVKKI', 'RAYLFNSV', 'RTYTYEKL', 'SSYTFPKM', 'SVYVYKVL', 'VGPRYTNL']",0.0,0.0,"[0.90909091 0.         1.41818182 8.5        0.60909091 0.6
 1.71818182 0.4        0.55454545 4.73636364 0.42727273 1.2
 1.60909091]",0.48692178782390666,0.4955976439668885,0.00867585614298183,0.04008016032064129,0.4869217878239066,-5.551115123125783e-17,0.0,0.5014664266249576,0.014544638801050891,0.0625250501002004,0.375675333868675,-0.11124645395523164,0.37474949899799603,0.491650110113998,0.004728322290091347,0.026853707414829665,0.49843758601610666,0.0115157981922,0.026452905811623247,0.5151191605203812,0.028197372696474543,0.07575150300601204,0.48912124070597385,0.0021994528820671877,0.017635270541082167,0.49006076854523706,0.0031389807213303977,0.024448897795591184,0.5063425062080325,0.01942071838412579,0.2088176352705411,0.5042704369660418,0.01734864914213513,0.018837675350701404,0.5044185936212292,0.017496805797322545,0.05290581162324649,0.4956882798304527,0.008766492006546056,0.07094188376753507,SNYLFTKL,0.028197372696474543,INFDFPKL,-0.11124645395523164
51,AV16N-CAMRDSNTGYQNFYF-AJ49_BV13-2-CASGTGGENTLYF-BJ2-4,14,multi-specific,"['ATLVFHNL', 'HIYEFPQL', 'RAYLFNSV', 'RTYTYEKL', 'SNYLFTKL', 'SVYVYKVL', 'VAFDFTKV', 'VIVRFLTV']",8,"[0.07796610169491525, 0.10169491525423728, 0.05762711864406779, 0.07796610169491525, 0.061016949152542375, 0.4101694915254237, 0.05423728813559321, 0.05084745762711864]",SVYVYKVL,0.4101694915254237,SVYVYKVL,0.04101694915254237,True,"['ATLVFHNL', 'HIYEFPQL', 'RAYLFNSV', 'RTYTYEKL', 'SNYLFTKL', 'SVYVYKVL', 'VAFDFTKV', 'VIVRFLTV']",8,"['EEEPVKKI', 'INFDFPKL', 'SSYTFPKM', 'VGPRYTNL', 'VSFTYRYL']",0.0,0.0,"[1.64285714 0.         2.14285714 0.57142857 1.21428571 1.64285714
 1.28571429 0.07142857 8.64285714 1.14285714 0.92857143 1.07142857
 0.71428571]",0.48433908382176355,0.49188417961889175,0.0075450957971281984,0.07796610169491525,0.48433908382176355,0.0,0.0,0.48846027979840745,0.004121195976643899,0.10169491525423728,0.4856860000984047,0.0013469162766411302,0.027118644067796606,0.48881248982647607,0.004473406004712521,0.05762711864406779,0.5559522808208102,0.07161319699904661,0.07796610169491525,0.507562562983445,0.023223479161681493,0.061016949152542375,0.48452570656880334,0.00018662274703978854,0.0033898305084745757,0.21776287066372751,-0.26657621315803604,0.4101694915254237,0.4903539718053046,0.006014887983541051,0.05423728813559321,0.48749871310766785,0.0031596292859042974,0.04406779661016949,0.4922508443273369,0.00791176050557335,0.05084745762711864,0.4899433757352536,0.005604291913490045,0.03389830508474576,RTYTYEKL,0.07161319699904661,SVYVYKVL,-0.26657621315803604
52,AV8-1-CATAPSSGSWQLIF-AJ22_BV13-2-CASGDETGAETLYF-BJ2-3,38,multi-specific,"['HIYEFPQL', 'SNYLFTKL', 'VGPRYTNL', 'VIVRFLTV', 'VSFTYRYL']",5,"[0.0918032786885246, 0.07704918032786887, 0.08524590163934427, 0.4901639344262296, 0.09508196721311477]",VIVRFLTV,0.4901639344262296,VIVRFLTV,0.08912071535022356,True,"['HIYEFPQL', 'SNYLFTKL', 'VGPRYTNL', 'VIVRFLTV', 'VSFTYRYL']",5,"['ATLVFHNL', 'EEEPVKKI', 'INFDFPKL', 'RAYLFNSV', 'RTYTYEKL', 'SSYTFPKM', 'SVYVYKVL', 'VAFDFTKV']",0.0,0.0,"[0.55263158 0.         1.47368421 0.21052632 0.31578947 0.23684211
 1.23684211 0.21052632 0.5        0.55263158 1.36842105 7.86842105
 1.52631579]",0.48180189827721115,0.4934433642801971,0.011641466002985934,0.03442622950819673,0.4818018982772112,5.551115123125783e-17,0.0,0.5516721146942392,0.06987021641702801,0.0918032786885246,0.48268422570837144,0.0008823274311602902,0.013114754098360657,0.5014660083448322,0.019664110067621088,0.019672131147540985,0.48342718884618335,0.0016252905689722041,0.014754098360655738,0.4925173071020485,0.010715408824837347,0.07704918032786887,0.48237670423395085,0.000574805956739699,0.013114754098360657,0.4900080813619693,0.008206183084758178,0.031147540983606562,0.489920675197408,0.008118776920196857,0.03442622950819673,0.5275163865593662,0.04571448828215502,0.08524590163934427,0.22828301094094772,-0.25351888733626343,0.4901639344262296,0.5293404400209714,0.04753854174376021,0.09508196721311477,HIYEFPQL,0.06987021641702801,VIVRFLTV,-0.25351888733626343
53,AV8D-2-CATETSGGNYKPTF-AJ6_BV3-CASSLLDREYEQYF-BJ2-7,17,multi-specific,"['HIYEFPQL', 'RAYLFNSV', 'SNYLFTKL', 'VAFDFTKV', 'VIVRFLTV', 'VSFTYRYL']",6,"[0.08441558441558442, 0.06493506493506494, 0.05194805194805195, 0.06818181818181819, 0.4610389610389611, 0.11688311688311688]",VIVRFLTV,0.4610389610389611,VIVRFLTV,0.057629870129870135,True,"['HIYEFPQL', 'RAYLFNSV', 'SNYLFTKL', 'VAFDFTKV', 'VIVRFLTV', 'VSFTYRYL']",6,"['ATLVFHNL', 'EEEPVKKI', 'INFDFPKL', 'RTYTYEKL', 'SSYTFPKM', 'SVYVYKVL', 'VGPRYTNL']",0.0,0.0,"[0.82352941 0.         1.52941176 0.05882353 1.17647059 0.76470588
 0.94117647 0.47058824 0.23529412 1.23529412 0.41176471 8.35294118
 2.11764706]",0.4768600646359502,0.47939410694028195,0.0025340423043317406,0.045454545454545456,0.4768600646359502,0.0,0.0,0.48434513625795944,0.007485071622009232,0.08441558441558442,0.4770266643206304,0.00016659968468019093,0.003246753246753247,0.4840266545077918,0.0071665898718416,0.06493506493506494,0.498392699091342,0.021532634455391775,0.04220779220779221,0.48568310251490865,0.00882303787895844,0.05194805194805195,0.4839781192951804,0.007118054659230211,0.025974025974025976,0.47771089352731494,0.0008508288913647299,0.012987012987012988,0.47514821012006814,-0.001711854515882072,0.06818181818181819,0.47887472008378856,0.002014655447838354,0.022727272727272728,0.2033170221871827,-0.2735430424487675,0.4610389610389611,0.4667508479207762,-0.010109216715174008,0.11688311688311688,SNYLFTKL,0.00882303787895844,VIVRFLTV,-0.2735430424487675
54,AV3D-3-CAVSANNYAQGLTF-AJ26_BV13-3-CASSDQGLKDTQYF-BJ2-5,7,multi-specific,"['RTYTYEKL', 'SNYLFTKL', 'VIVRFLTV', 'VSFTYRYL']",4,"[0.08771929824561404, 0.12280701754385966, 0.05263157894736842, 0.6140350877192983]",VSFTYRYL,0.6140350877192983,VSFTYRYL,0.20467836257309943,True,"['RTYTYEKL', 'SNYLFTKL', 'VIVRFLTV', 'VSFTYRYL']",4,"['ATLVFHNL', 'EEEPVKKI', 'HIYEFPQL', 'INFDFPKL', 'RAYLFNSV', 'SSYTFPKM', 'SVYVYKVL', 'VAFDFTKV', 'VGPRYTNL']",0.0,0.0,"[0.28571429 0.         0.28571429 0.         0.28571429 0.71428571
 1.         0.         0.14285714 0.         0.         0.42857143
 5.        ]",0.4649764178432618,0.47339326985058655,0.008416852007324727,0.03508771929824561,0.4649764178432618,0.0,0.0,0.46625529812047306,0.0012788802772112362,0.03508771929824561,0.4649764178432618,0.0,0.0,0.4844290458080612,0.01945262796479935,0.03508771929824561,0.6491887754111635,0.18421235756790166,0.08771929824561404,0.6202298858160508,0.15525346797278894,0.12280701754385966,0.4649764178432618,0.0,0.0,0.46734869591507316,0.00237227807181134,0.017543859649122806,0.4649764178432618,0.0,0.0,0.4649764178432618,0.0,0.0,0.4697408786262495,0.004764460782987701,0.05263157894736842,0.11633753667091298,-0.34863888117234887,0.6140350877192983,RTYTYEKL,0.18421235756790166,VSFTYRYL,-0.34863888117234887
55,AV6N-6-CARASSGSWQLIF-AJ22_BV13-1-CASSDAGTEVFF-BJ1-1,20,multi-specific,"['ATLVFHNL', 'SNYLFTKL', 'VIVRFLTV', 'VSFTYRYL']",4,"[0.12500000000000003, 0.44907407407407407, 0.06481481481481481, 0.1574074074074074]",SNYLFTKL,0.44907407407407407,SNYLFTKL,0.09979423868312758,True,"['ATLVFHNL', 'SNYLFTKL', 'VIVRFLTV', 'VSFTYRYL']",4,"['EEEPVKKI', 'HIYEFPQL', 'INFDFPKL', 'RAYLFNSV', 'RTYTYEKL', 'SSYTFPKM', 'SVYVYKVL', 'VAFDFTKV', 'VGPRYTNL']",0.0,0.0,[1.35 0.   0.4  0.5  0.5  0.15 4.85 0.1  0.4  0.15 0.   0.7  1.7 ],0.4622549694380681,0.47229063329622556,0.010035663858157462,0.12500000000000003,0.4622549694380681,0.0,0.0,0.4748707488730833,0.012615779435015184,0.03703703703703704,0.4742044469760316,0.011949477537963493,0.0462962962962963,0.5138500770482569,0.05159510761018882,0.0462962962962963,0.4627078706511747,0.0004529012131065935,0.01388888888888889,0.2885261496035302,-0.17372881983453792,0.44907407407407407,0.46295097878072616,0.000696009342658066,0.00925925925925926,0.4691817539351659,0.0069267844970978265,0.03703703703703704,0.4649078540009253,0.0026528845628572273,0.01388888888888889,0.4622549694380681,0.0,0.0,0.4681258247468996,0.005870855308831524,0.06481481481481481,0.49458660796796206,0.03233163852989396,0.1574074074074074,VSFTYRYL,0.03233163852989396,SNYLFTKL,-0.17372881983453792
56,AV8N-2-CATENTEGADRLTF-AJ45_BV1-CTCSADWGVWAETLYF-BJ2-3,5,multi-specific,"['RAYLFNSV', 'RTYTYEKL', 'SNYLFTKL', 'VGPRYTNL', 'VSFTYRYL']",5,"[0.08888888888888889, 0.06666666666666667, 0.06666666666666667, 0.2, 0.48888888888888893]",VSFTYRYL,0.48888888888888893,VGPRYTNL,0.05,False,"['RAYLFNSV', 'RTYTYEKL', 'SNYLFTKL', 'VGPRYTNL', 'VSFTYRYL']",5,"['ATLVFHNL', 'EEEPVKKI', 'HIYEFPQL', 'INFDFPKL', 'SSYTFPKM', 'SVYVYKVL', 'VAFDFTKV', 'VIVRFLTV']",0.0,0.0,[0.2 0.  0.2 0.  0.8 0.6 0.6 0.  0.  0.  1.8 0.4 4.4],0.45813408516159937,0.45937699277734134,0.0012429076157419727,0.022222222222222223,0.45813408516159937,0.0,0.0,0.4816657488935617,0.023531663731962305,0.022222222222222223,0.45813408516159937,0.0,0.0,0.4816026094303861,0.023468524268786706,0.08888888888888889,0.4732686704442027,0.015134585282603308,0.06666666666666667,0.462016462918601,0.0038823777570016205,0.06666666666666667,0.45813408516159937,0.0,0.0,0.45813408516159937,0.0,0.0,0.45813408516159937,0.0,0.0,0.6364129015407024,0.17827881637910303,0.2,0.47717941023416977,0.019045325072570396,0.044444444444444446,0.5950038076853368,0.1368697225237374,0.48888888888888893,VGPRYTNL,0.17827881637910303,SNYLFTKL,0.0038823777570016205
57,AV1-CAVRPNNNNAPRF-AJ43_BV13-2-CASGARTYNYAEQFF-BJ2-1,13,multi-specific,"['HIYEFPQL', 'RAYLFNSV', 'RTYTYEKL', 'SNYLFTKL', 'VGPRYTNL', 'VSFTYRYL']",6,"[0.07983193277310924, 0.07142857142857144, 0.4243697478991597, 0.07983193277310924, 0.0504201680672269, 0.13865546218487396]",RTYTYEKL,0.4243697478991597,RTYTYEKL,0.053046218487394964,True,"['HIYEFPQL', 'RAYLFNSV', 'RTYTYEKL', 'SNYLFTKL', 'VGPRYTNL', 'VSFTYRYL']",6,"['ATLVFHNL', 'EEEPVKKI', 'INFDFPKL', 'SSYTFPKM', 'SVYVYKVL', 'VAFDFTKV', 'VIVRFLTV']",0.0,0.0,"[0.76923077 0.         1.46153846 0.15384615 1.30769231 7.76923077
 1.46153846 0.30769231 0.84615385 0.15384615 0.92307692 0.61538462
 2.53846154]",0.45599808558167765,0.4569388408540633,0.0009407552723856294,0.04201680672268908,0.45599808558167765,0.0,0.0,0.4686882941672796,0.012690208585601936,0.07983193277310924,0.45636241532181726,0.00036432974013961283,0.008403361344537816,0.5089482916711082,0.052950206089430574,0.07142857142857144,0.3073929422570641,-0.14860514332461355,0.4243697478991597,0.5193072823795439,0.06330919679786629,0.07983193277310924,0.4571661687964506,0.0011680832147729636,0.016806722689075633,0.45929829440216324,0.003300208820485595,0.046218487394957986,0.45624635948946984,0.0002482739077921958,0.008403361344537816,0.4726727633006772,0.016674677718999553,0.0504201680672269,0.47607845679841704,0.02008037121673939,0.033613445378151266,0.4641440208853842,0.008145935303706553,0.13865546218487396,SNYLFTKL,0.06330919679786629,RTYTYEKL,-0.14860514332461355
58,AV19-CAAGGSGGKLTL-AJ44_BV13-1-CASSDLTGAPNERLFF-BJ1-4,7,multi-specific,"['HIYEFPQL', 'RAYLFNSV', 'RTYTYEKL', 'SNYLFTKL']",4,"[0.05333333333333332, 0.07999999999999999, 0.10666666666666665, 0.6266666666666666]",SNYLFTKL,0.6266666666666666,SNYLFTKL,0.3133333333333333,True,"['HIYEFPQL', 'RAYLFNSV', 'RTYTYEKL', 'SNYLFTKL']",4,"['ATLVFHNL', 'EEEPVKKI', 'INFDFPKL', 'SSYTFPKM', 'SVYVYKVL', 'VAFDFTKV', 'VGPRYTNL', 'VIVRFLTV', 'VSFTYRYL']",0.0,0.0,"[0.28571429 0.         0.57142857 0.         0.85714286 1.14285714
 6.71428571 0.14285714 0.14285714 0.14285714 0.         0.42857143
 0.28571429]",0.4549189901403165,0.455782770401669,0.0008637802613524759,0.02666666666666666,0.4549189901403165,0.0,0.0,0.45845481426034823,0.0035358241200317275,0.05333333333333332,0.4549189901403165,0.0,0.0,0.4631992445000976,0.00828025435978108,0.07999999999999999,0.6281540546093095,0.173235064468993,0.10666666666666665,0.25816373748450094,-0.19675525265581556,0.6266666666666666,0.47120271942659075,0.01628372928627425,0.01333333333333333,0.45565218996230156,0.0007331998219850533,0.01333333333333333,0.45513371389575935,0.00021472375544284716,0.01333333333333333,0.4549189901403165,0.0,0.0,0.6221831099904321,0.16726411985011563,0.039999999999999994,0.455782770401669,0.0008637802613524759,0.02666666666666666,RTYTYEKL,0.173235064468993,SNYLFTKL,-0.19675525265581556
59,AV16N-CAMREGNSGTYQRF-AJ13_BV3-CASSLGQAPNSDYTF-BJ1-2,14,multi-specific,"['HIYEFPQL', 'RAYLFNSV', 'SNYLFTKL', 'VSFTYRYL']",4,"[0.06504065040650407, 0.5365853658536586, 0.11788617886178865, 0.08536585365853659]",RAYLFNSV,0.5365853658536586,RAYLFNSV,0.06707317073170732,True,"['HIYEFPQL', 'RAYLFNSV', 'SNYLFTKL', 'VSFTYRYL']",4,"['ATLVFHNL', 'EEEPVKKI', 'INFDFPKL', 'RTYTYEKL', 'SSYTFPKM', 'SVYVYKVL', 'VAFDFTKV', 'VGPRYTNL', 'VIVRFLTV']",0.0,0.0,"[0.64285714 0.         1.14285714 0.42857143 9.42857143 0.07142857
 2.07142857 0.21428571 0.64285714 0.21428571 0.57142857 0.64285714
 1.5       ]",0.4483174456979188,0.4537040845369047,0.00538663883898588,0.03658536585365854,0.4483174456979188,0.0,0.0,0.4914591185458142,0.043141672847895385,0.06504065040650407,0.4495485092744126,0.0012310635764937738,0.024390243902439025,0.2704588008939073,-0.17785864480401153,0.5365853658536586,0.4488137060813746,0.0004962603834557933,0.0040650406504065045,0.5261320441287877,0.07781459843086885,0.11788617886178865,0.45070927894889357,0.002391833250974751,0.012195121951219513,0.4517633311012117,0.003445885403292881,0.03658536585365854,0.45070927894889357,0.002391833250974751,0.012195121951219513,0.4582936814568973,0.009976235758978491,0.032520325203252036,0.4567335069106948,0.008416061212775994,0.03658536585365854,0.4750272843296735,0.02670983863175469,0.08536585365853659,SNYLFTKL,0.07781459843086885,RAYLFNSV,-0.17785864480401153
60,AV21/DV12-CILRVAWNNNAPRF-AJ43_BV2-CASSQEQGYAEQFF-BJ2-1,36,multi-specific,"['ATLVFHNL', 'HIYEFPQL', 'RTYTYEKL', 'SNYLFTKL', 'VIVRFLTV', 'VSFTYRYL']",6,"[0.07439198855507868, 0.5278969957081545, 0.05436337625178827, 0.07153075822603719, 0.07582260371959942, 0.09298998569384835]",HIYEFPQL,0.5278969957081545,HIYEFPQL,0.11731044349070101,True,"['ATLVFHNL', 'HIYEFPQL', 'RTYTYEKL', 'SNYLFTKL', 'VIVRFLTV', 'VSFTYRYL']",6,"['EEEPVKKI', 'INFDFPKL', 'RAYLFNSV', 'SSYTFPKM', 'SVYVYKVL', 'VAFDFTKV', 'VGPRYTNL']",0.0,0.0,"[ 1.44444444  0.         10.25        0.63888889  0.33333333  1.05555556
  1.38888889  0.25        0.36111111  0.27777778  0.13888889  1.47222222
  1.80555556]",0.43552709052042204,0.45334264962867993,0.017815559108257883,0.07439198855507868,0.43552709052042204,0.0,0.0,0.25747404059876955,-0.1780530499216525,0.5278969957081545,0.44147143519615567,0.005944344675733626,0.03290414878397711,0.45090437634539665,0.015377285824974607,0.017167381974248924,0.44349686259122545,0.007969772070803405,0.05436337625178827,0.49680557505242157,0.06127848453199952,0.07153075822603719,0.43743947368156083,0.0019123831611387865,0.012875536480686695,0.442553648917478,0.00702655839705596,0.01859799713876967,0.43687865561660416,0.0013515650961821168,0.01430615164520744,0.43616703596810835,0.0006399454476863076,0.00715307582260372,0.44807975634007635,0.012552665819654307,0.07582260371959942,0.4495992596258412,0.014072169105419141,0.09298998569384835,SNYLFTKL,0.06127848453199952,HIYEFPQL,-0.1780530499216525
61,AV7-2-CAATGNTGKLIF-AJ37_BV19-CASSIRIAEQFF-BJ2-1,7,multi-specific,"['HIYEFPQL', 'RAYLFNSV', 'VSFTYRYL']",3,"[0.06766917293233084, 0.6390977443609023, 0.18045112781954886]",RAYLFNSV,0.6390977443609023,RAYLFNSV,0.03363672338741591,True,"['HIYEFPQL', 'RAYLFNSV', 'VSFTYRYL']",3,"['ATLVFHNL', 'EEEPVKKI', 'INFDFPKL', 'RTYTYEKL', 'SNYLFTKL', 'SSYTFPKM', 'SVYVYKVL', 'VAFDFTKV', 'VGPRYTNL', 'VIVRFLTV']",0.0,0.0,"[ 0.57142857  0.          1.28571429  0.42857143 12.14285714  0.
  0.71428571  0.          0.14285714  0.          0.          0.28571429
  3.42857143]",0.4351009656943146,0.4391134582050152,0.0040124925107005716,0.03007518796992481,0.4351009656943146,0.0,0.0,0.4545251063091699,0.019424140614855312,0.06766917293233084,0.4370781918173397,0.0019772261230250887,0.022556390977443608,0.44106843422654285,0.005967468532228237,0.6390977443609023,0.4351009656943146,0.0,0.0,0.4369236079884817,0.001822642294167065,0.03759398496240601,0.4351009656943146,0.0,0.0,0.44016030045474286,0.005059334760428247,0.007518796992481203,0.4351009656943146,0.0,0.0,0.4351009656943146,0.0,0.0,0.4353257308873911,0.00022476519307651488,0.015037593984962405,0.4007028245927892,-0.03439814110152539,0.18045112781954886,HIYEFPQL,0.019424140614855312,VSFTYRYL,-0.03439814110152539
62,AV6-7/DV9-CALSDNNNAPRF-AJ43_BV1-CTCSADFGGWEQYF-BJ2-7,6,multi-specific,"['HIYEFPQL', 'INFDFPKL', 'RAYLFNSV', 'SNYLFTKL', 'SVYVYKVL', 'VIVRFLTV', 'VSFTYRYL']",7,"[0.06000000000000001, 0.11000000000000001, 0.07000000000000002, 0.09000000000000001, 0.26, 0.22000000000000003, 0.06000000000000001]",SVYVYKVL,0.26,SVYVYKVL,0.02888888888888889,True,"['HIYEFPQL', 'INFDFPKL', 'RAYLFNSV', 'SNYLFTKL', 'SVYVYKVL', 'VIVRFLTV', 'VSFTYRYL']",7,"['ATLVFHNL', 'EEEPVKKI', 'RTYTYEKL', 'SSYTFPKM', 'VAFDFTKV', 'VGPRYTNL']",0.0,0.0,"[0.         0.         1.         1.83333333 1.16666667 0.5
 1.5        0.66666667 4.33333333 0.5        0.5        3.66666667
 1.        ]",0.4323339935212978,0.4323339935212978,0.0,0.0,0.4323339935212978,0.0,0.0,0.43578769105975623,0.0034536975384584223,0.06000000000000001,0.43987004823528103,0.00753605471398322,0.11000000000000001,0.4332870742149474,0.0009530806936495773,0.07000000000000002,0.43457034561753677,0.0022363520962389583,0.030000000000000006,0.4493520826632924,0.017018089141994597,0.09000000000000001,0.4588580925039182,0.02652409898262037,0.04,0.34636189272714074,-0.08597210079415707,0.26,0.4377769662324508,0.005442972711153016,0.030000000000000006,0.4431943035328348,0.010860310011536978,0.030000000000000006,0.36034382318645186,-0.07199017033484595,0.22000000000000003,0.43525111818821743,0.002917124666919624,0.06000000000000001,SNYLFTKL,0.017018089141994597,SVYVYKVL,-0.08597210079415707
63,AV13-2-CAIDTNTGKLTF-AJ27_BV13-3-CASSETGTEVFF-BJ1-1,148,multi-specific,"['ATLVFHNL', 'HIYEFPQL', 'RTYTYEKL', 'SNYLFTKL', 'VIVRFLTV', 'VSFTYRYL']",6,"[0.07535387177352207, 0.08701082431307243, 0.05703580349708576, 0.44338051623646957, 0.09783513738551208, 0.08451290591174022]",SNYLFTKL,0.44338051623646957,SNYLFTKL,0.14779350541215652,True,"['ATLVFHNL', 'HIYEFPQL', 'RTYTYEKL', 'SNYLFTKL', 'VIVRFLTV', 'VSFTYRYL']",6,"['EEEPVKKI', 'INFDFPKL', 'RAYLFNSV', 'SSYTFPKM', 'SVYVYKVL', 'VAFDFTKV', 'VGPRYTNL']",0.0,0.0,"[1.22297297 0.         1.41216216 0.41891892 0.75675676 0.92567568
 7.19594595 0.18243243 0.60135135 0.35135135 0.2027027  1.58783784
 1.37162162]",0.4204777511842132,0.4395894451207381,0.0191116939365249,0.07535387177352207,0.4204777511842132,0.0,0.0,0.4521244536094192,0.03164670242520601,0.08701082431307243,0.4386927824265916,0.018215031242378388,0.025811823480432972,0.43253338136457337,0.012055630180360155,0.0466278101582015,0.45338966766142613,0.03291191647721292,0.05703580349708576,0.22501653244400702,-0.1954612187402062,0.44338051623646957,0.4269342828097167,0.00645653162550347,0.011240632805995004,0.4330347536975479,0.012557002513334692,0.037052456286427976,0.43024885950919645,0.009771108324983235,0.02164862614487927,0.42885811752574254,0.008380366341529333,0.012489592006661117,0.4619388635965736,0.04146111241236039,0.09783513738551208,0.430404680610665,0.009926929426451792,0.08451290591174022,VIVRFLTV,0.04146111241236039,SNYLFTKL,-0.1954612187402062
64,AV7-3-CAVSPASSGSWQLIF-AJ22_BV13-2-CASGDVGGQNTLYF-BJ2-4,7,multi-specific,"['ATLVFHNL', 'HIYEFPQL', 'INFDFPKL', 'SNYLFTKL', 'VIVRFLTV', 'VSFTYRYL']",6,"[0.06077348066298342, 0.12154696132596685, 0.06077348066298342, 0.5469613259668508, 0.06077348066298342, 0.0718232044198895]",SNYLFTKL,0.5469613259668508,SNYLFTKL,0.060773480662983416,True,"['ATLVFHNL', 'HIYEFPQL', 'INFDFPKL', 'SNYLFTKL', 'VIVRFLTV', 'VSFTYRYL']",6,"['EEEPVKKI', 'RAYLFNSV', 'RTYTYEKL', 'SSYTFPKM', 'SVYVYKVL', 'VAFDFTKV', 'VGPRYTNL']",0.0,0.0,"[ 1.57142857  0.          3.14285714  1.57142857  1.          0.42857143
 14.14285714  0.14285714  0.28571429  0.14285714  0.          1.57142857
  1.85714286]",0.41809529293458436,0.44676431003625183,0.02866901710166747,0.06077348066298342,0.41809529293458436,0.0,0.0,0.4325489104404503,0.014453617505865934,0.12154696132596685,0.4162370570806797,-0.001858235853904655,0.06077348066298342,0.4081253676126399,-0.009969925321944462,0.03867403314917127,0.43301281859752344,0.01491752566293908,0.016574585635359115,0.21746507924735714,-0.20063021368722722,0.5469613259668508,0.42163779815975844,0.003542505225174075,0.0055248618784530384,0.4234077081747928,0.0053124152402084235,0.011049723756906077,0.4181783855025775,8.309256799315934e-05,0.0055248618784530384,0.41809529293458436,0.0,0.0,0.4234051346344752,0.005309841699890849,0.06077348066298342,0.43667043276294576,0.018575139828361398,0.0718232044198895,ATLVFHNL,0.02866901710166747,SNYLFTKL,-0.20063021368722722
65,AV16N-CAMREGNSNNRIFF-AJ31_BV13-1-CASRDINTEVFF-BJ1-1,20,multi-specific,"['ATLVFHNL', 'HIYEFPQL', 'INFDFPKL', 'RTYTYEKL', 'SNYLFTKL', 'VSFTYRYL']",6,"[0.059850374064837904, 0.06483790523690773, 0.05236907730673317, 0.37406483790523687, 0.199501246882793, 0.09226932668329177]",RTYTYEKL,0.37406483790523687,RTYTYEKL,0.062344139650872814,True,"['ATLVFHNL', 'HIYEFPQL', 'INFDFPKL', 'RTYTYEKL', 'SNYLFTKL', 'VSFTYRYL']",6,"['EEEPVKKI', 'RAYLFNSV', 'SSYTFPKM', 'SVYVYKVL', 'VAFDFTKV', 'VGPRYTNL', 'VIVRFLTV']",0.0,0.0,[1.2  0.   1.3  1.05 0.75 7.5  4.   0.7  0.5  0.35 0.15 0.7  1.85],0.4135545101104188,0.44888599392317435,0.035331483812755526,0.059850374064837904,0.4135545101104188,0.0,0.0,0.4180623945655188,0.004507884455099975,0.06483790523690773,0.4330844119548851,0.01952990184446629,0.05236907730673317,0.4302196729055843,0.0166651627951655,0.03740648379052369,0.34105554825326134,-0.07249896185715748,0.37406483790523687,0.3941844646475832,-0.019370045462835606,0.199501246882793,0.4149811729323681,0.0014266628219492539,0.034912718204488775,0.41551551467239306,0.0019610045619742333,0.024937655860349125,0.4144654131620276,0.0009109030516087913,0.017456359102244388,0.4139757848244156,0.00042127471399677763,0.007481296758104738,0.41631897932344125,0.0027644692130224247,0.034912718204488775,0.42132577220044903,0.0077712620900302065,0.09226932668329177,ATLVFHNL,0.035331483812755526,RTYTYEKL,-0.07249896185715748
66,AV16-CAMREGNNNNAPRF-AJ43_BV15-CASRQLGGRYEQYF-BJ2-7,5,multi-specific,"['HIYEFPQL', 'SNYLFTKL', 'VIVRFLTV']",3,"[0.06896551724137931, 0.3793103448275862, 0.4137931034482758]",VIVRFLTV,0.4137931034482758,VIVRFLTV,0.10344827586206895,True,"['HIYEFPQL', 'SNYLFTKL', 'VIVRFLTV']",3,"['ATLVFHNL', 'EEEPVKKI', 'INFDFPKL', 'RAYLFNSV', 'RTYTYEKL', 'SSYTFPKM', 'SVYVYKVL', 'VAFDFTKV', 'VGPRYTNL', 'VSFTYRYL']",0.0,0.0,[0.  0.  0.4 0.  0.  0.  2.2 0.2 0.2 0.2 0.  2.4 0.2],0.41092153397947645,0.41092153397947645,0.0,0.0,0.41092153397947645,0.0,0.0,0.41587989431680566,0.004958360337329215,0.06896551724137931,0.41092153397947645,0.0,0.0,0.41092153397947645,0.0,0.0,0.41092153397947645,0.0,0.0,0.46321881091621026,0.052297276936733805,0.3793103448275862,0.4206646214936457,0.009743087514169246,0.034482758620689655,0.4148095871090941,0.0038880531296176524,0.034482758620689655,0.4148095871090941,0.0038880531296176524,0.034482758620689655,0.41092153397947645,0.0,0.0,0.24884168150705013,-0.16207985247242632,0.4137931034482758,0.4118371425376198,0.000915608558143377,0.034482758620689655,SNYLFTKL,0.052297276936733805,VIVRFLTV,-0.16207985247242632
67,AV16N-CAMRDNYAQGLTF-AJ26_BV3-CASSLGPSSYEQYF-BJ2-7,241,multi-specific,"['RTYTYEKL', 'VGPRYTNL', 'VIVRFLTV', 'VSFTYRYL']",4,"[0.05742574257425742, 0.4895489548954895, 0.11243124312431244, 0.08008800880088009]",VGPRYTNL,0.4895489548954895,VGPRYTNL,0.06993556498506993,True,"['RTYTYEKL', 'VGPRYTNL', 'VIVRFLTV', 'VSFTYRYL']",4,"['ATLVFHNL', 'EEEPVKKI', 'HIYEFPQL', 'INFDFPKL', 'RAYLFNSV', 'SNYLFTKL', 'SSYTFPKM', 'SVYVYKVL', 'VAFDFTKV']",0.0,0.0,"[0.66804979 0.         0.91286307 0.48547718 0.7966805  1.08298755
 0.68879668 0.30705394 0.47717842 0.57676349 9.23236515 2.12033195
 1.51037344]",0.40538800708709083,0.426825321817557,0.021437314730466173,0.03542354235423542,0.40538800708709083,0.0,0.0,0.421070935394542,0.01568292830745116,0.0484048404840484,0.41624659823868165,0.010858591151590824,0.02574257425742574,0.4182364049579457,0.012848397870854844,0.04224422442244224,0.4171937325815736,0.011805725494482777,0.05742574257425742,0.4386039238656065,0.03321591677851565,0.036523652365236525,0.4115874247193661,0.0061994176322752725,0.01628162816281628,0.42566446892516024,0.020276461838069415,0.025302530253025302,0.42041289416300665,0.015024887075915816,0.03058305830583058,0.18223678396570875,-0.22315122312138208,0.4895489548954895,0.4298901297152936,0.024502122628202783,0.11243124312431244,0.4327986696796898,0.027410662592598944,0.08008800880088009,VSFTYRYL,0.027410662592598944,VGPRYTNL,-0.22315122312138208
68,AV4-3-CAAYGSSGNKLIF-AJ32_BV17-CASSSLGGFYAEQFF-BJ2-1,17,multi-specific,"['ATLVFHNL', 'HIYEFPQL', 'RTYTYEKL', 'SNYLFTKL', 'SVYVYKVL', 'VIVRFLTV', 'VSFTYRYL']",7,"[0.05208333333333334, 0.140625, 0.29687500000000006, 0.13020833333333334, 0.05208333333333334, 0.10416666666666669, 0.09375000000000001]",RTYTYEKL,0.29687500000000006,RTYTYEKL,0.09895833333333336,True,"['ATLVFHNL', 'HIYEFPQL', 'RTYTYEKL', 'SNYLFTKL', 'SVYVYKVL', 'VIVRFLTV', 'VSFTYRYL']",7,"['EEEPVKKI', 'INFDFPKL', 'RAYLFNSV', 'SSYTFPKM', 'VAFDFTKV', 'VGPRYTNL']",0.0,0.0,"[0.58823529 0.         1.58823529 0.05882353 0.52941176 3.35294118
 1.47058824 0.11764706 0.58823529 0.23529412 0.52941176 1.17647059
 1.05882353]",0.4020589467475957,0.403021728889735,0.0009627821421392957,0.05208333333333334,0.4020589467475957,0.0,0.0,0.4362250706139939,0.034166123866398224,0.140625,0.4021823045711814,0.00012335782358574576,0.005208333333333334,0.4040089353924403,0.0019499886448446357,0.04687500000000001,0.2552509096202681,-0.1468080371273276,0.29687500000000006,0.4153843032465745,0.013325356498978813,0.13020833333333334,0.40262514453892473,0.0005661977913290483,0.010416666666666668,0.4066578244765993,0.0045988777290036364,0.05208333333333334,0.404301352718387,0.002242405970791339,0.020833333333333336,0.4469608537627456,0.0449019070151499,0.04687500000000001,0.4225774325113075,0.020518485763711847,0.10416666666666669,0.43942243795364533,0.03736349120604965,0.09375000000000001,VSFTYRYL,0.03736349120604965,RTYTYEKL,-0.1468080371273276
69,AV13-1-CALEPSGSWQLIF-AJ22_BV1-CTCSAGTGGDTGQLYF-BJ2-2,11,multi-specific,"['ATLVFHNL', 'RTYTYEKL', 'SNYLFTKL', 'SSYTFPKM', 'VIVRFLTV', 'VSFTYRYL']",6,"[0.12883435582822086, 0.06748466257668713, 0.2883435582822086, 0.09202453987730062, 0.08588957055214724, 0.17177914110429449]",SNYLFTKL,0.2883435582822086,SNYLFTKL,0.05766871165644172,True,"['ATLVFHNL', 'RTYTYEKL', 'SNYLFTKL', 'SSYTFPKM', 'VIVRFLTV', 'VSFTYRYL']",6,"['EEEPVKKI', 'HIYEFPQL', 'INFDFPKL', 'RAYLFNSV', 'SVYVYKVL', 'VAFDFTKV', 'VGPRYTNL']",0.0,0.0,"[1.90909091 0.         0.45454545 0.         0.27272727 1.
 4.27272727 1.36363636 0.72727273 0.27272727 0.72727273 1.27272727
 2.54545455]",0.39937949729788824,0.39446130562364334,-0.004918191674244898,0.12883435582822086,0.39937949729788824,0.0,0.0,0.4011144198055396,0.0017349225076513375,0.030674846625766874,0.39937949729788824,0.0,0.0,0.40056539225004983,0.0011858949521615925,0.018404907975460124,0.4321086477866149,0.032729150488726655,0.06748466257668713,0.3632474410164971,-0.036132056281391156,0.2883435582822086,0.40144680044509,0.002067303147201771,0.09202453987730062,0.4031147803582808,0.003735283060392558,0.049079754601227,0.3998854177510397,0.0005059204531514538,0.018404907975460124,0.4034269939885753,0.004047496690687047,0.049079754601227,0.42249983256255524,0.023120335264667002,0.08588957055214724,0.4147575404420861,0.015378043144197884,0.17177914110429449,RTYTYEKL,0.032729150488726655,SNYLFTKL,-0.036132056281391156
70,AV13-1-CALERSNNRIFF-AJ31_BV2-CASSQDRRGDEQYF-BJ2-7,37,multi-specific,"['ATLVFHNL', 'HIYEFPQL', 'SNYLFTKL', 'VIVRFLTV', 'VSFTYRYL']",5,"[0.08841463414634146, 0.2942073170731707, 0.125, 0.0975609756097561, 0.17835365853658539]",HIYEFPQL,0.2942073170731707,HIYEFPQL,0.09806910569105691,True,"['ATLVFHNL', 'HIYEFPQL', 'SNYLFTKL', 'VIVRFLTV', 'VSFTYRYL']",5,"['EEEPVKKI', 'INFDFPKL', 'RAYLFNSV', 'RTYTYEKL', 'SSYTFPKM', 'SVYVYKVL', 'VAFDFTKV', 'VGPRYTNL']",0.0,0.0,"[1.56756757 0.         5.21621622 0.08108108 0.83783784 0.64864865
 2.21621622 0.27027027 0.59459459 0.59459459 0.81081081 1.72972973
 3.16216216]",0.3924972582446053,0.4216061205861338,0.029108862341528485,0.08841463414634146,0.3924972582446053,0.0,0.0,0.2979155372746117,-0.09458172096999362,0.2942073170731707,0.39283662331607466,0.00033936507146936634,0.004573170731707318,0.41610442474746084,0.023607166502855548,0.04725609756097561,0.4296596390022913,0.03716238075768602,0.03658536585365854,0.40318038057592026,0.010683122331314965,0.125,0.39349685638730275,0.0009995981426974554,0.015243902439024392,0.39796185166467457,0.005464593420069275,0.03353658536585366,0.3980378106611789,0.005540552416573585,0.03353658536585366,0.39561161496479,0.00311435672018473,0.04573170731707317,0.40712286760653366,0.01462560936192836,0.0975609756097561,0.4158202805941683,0.023323022349563016,0.17835365853658539,ATLVFHNL,0.029108862341528485,HIYEFPQL,-0.09458172096999362
71,AV8D-2-CATDGYQGGRALIF-AJ15_BV26-CASSPGQGHERLFF-BJ1-4,5,multi-specific,"['ATLVFHNL', 'HIYEFPQL', 'SNYLFTKL', 'SSYTFPKM', 'SVYVYKVL', 'VIVRFLTV', 'VSFTYRYL']",7,"[0.08080808080808081, 0.1414141414141414, 0.26262626262626265, 0.050505050505050504, 0.1717171717171717, 0.08080808080808081, 0.15151515151515152]",SNYLFTKL,0.26262626262626265,SNYLFTKL,0.13131313131313133,True,"['ATLVFHNL', 'HIYEFPQL', 'SNYLFTKL', 'SSYTFPKM', 'SVYVYKVL', 'VIVRFLTV', 'VSFTYRYL']",7,"['EEEPVKKI', 'INFDFPKL', 'RAYLFNSV', 'RTYTYEKL', 'VAFDFTKV', 'VGPRYTNL']",0.0,0.0,[1.6 0.  2.8 0.  0.6 0.4 5.2 1.  3.4 0.2 0.  1.6 3. ],0.38559520901840083,0.4402989307343308,0.054703721715929965,0.08080808080808081,0.38559520901840083,0.0,0.0,0.41070355006704223,0.025108341048641403,0.1414141414141414,0.38559520901840083,0.0,0.0,0.38651415094347613,0.0009189419250753006,0.0303030303030303,0.3859509440179706,0.00035573499956975674,0.020202020202020204,0.14312502170188882,-0.24247018731651201,0.26262626262626265,0.38819187452711457,0.002596665508713736,0.050505050505050504,0.5981118338079302,0.21251662478952937,0.1717171717171717,0.385696457349195,0.00010124833079416806,0.010101010101010102,0.38559520901840083,0.0,0.0,0.3894148878100053,0.0038196787916044417,0.08080808080808081,0.4156462403372947,0.03005103131889386,0.15151515151515152,SVYVYKVL,0.21251662478952937,SNYLFTKL,-0.24247018731651201
72,AV8D-2-CATTGQGGRALIF-AJ15_BV19-CASSPGTGETEVFF-BJ1-1,6,multi-specific,"['ATLVFHNL', 'SNYLFTKL', 'VIVRFLTV', 'VSFTYRYL']",4,"[0.07894736842105264, 0.2894736842105263, 0.39473684210526316, 0.13157894736842107]",VIVRFLTV,0.39473684210526316,VIVRFLTV,0.13157894736842105,True,"['ATLVFHNL', 'SNYLFTKL', 'VIVRFLTV', 'VSFTYRYL']",4,"['EEEPVKKI', 'HIYEFPQL', 'INFDFPKL', 'RAYLFNSV', 'RTYTYEKL', 'SSYTFPKM', 'SVYVYKVL', 'VAFDFTKV', 'VGPRYTNL']",0.0,0.0,"[0.5        0.         0.16666667 0.         0.16666667 0.16666667
 1.83333333 0.16666667 0.         0.         0.         2.5
 0.83333333]",0.38551840638913154,0.39965141073996535,0.014133004350833811,0.07894736842105264,0.38551840638913154,0.0,0.0,0.3877628632676744,0.0022444568785428554,0.02631578947368421,0.38551840638913154,0.0,0.0,0.3863602119008808,0.0008418055117492829,0.02631578947368421,0.3863602119008808,0.0008418055117492829,0.02631578947368421,0.6195457153624385,0.23402730897330698,0.2894736842105263,0.3877628632676744,0.0022444568785428554,0.02631578947368421,0.38551840638913154,0.0,0.0,0.38551840638913154,0.0,0.0,0.38551840638913154,0.0,0.0,0.19187211419233163,-0.1936462921967999,0.39473684210526316,0.46601478027220394,0.0804963738830724,0.13157894736842107,SNYLFTKL,0.23402730897330698,VIVRFLTV,-0.1936462921967999
73,AV13-2-CAIDSNTNKVVF-AJ34_BV1-CTCSSQNTLYF-BJ2-4,5,multi-specific,"['ATLVFHNL', 'RAYLFNSV', 'RTYTYEKL', 'SNYLFTKL', 'SVYVYKVL', 'VGPRYTNL', 'VIVRFLTV', 'VSFTYRYL']",8,"[0.08333333333333334, 0.0625, 0.125, 0.36458333333333337, 0.125, 0.052083333333333336, 0.0625, 0.09375]",SNYLFTKL,0.36458333333333337,RTYTYEKL,0.0125,False,"['ATLVFHNL', 'RAYLFNSV', 'RTYTYEKL', 'SNYLFTKL', 'SVYVYKVL', 'VGPRYTNL', 'VIVRFLTV', 'VSFTYRYL']",8,"['EEEPVKKI', 'HIYEFPQL', 'INFDFPKL', 'SSYTFPKM', 'VAFDFTKV']",0.0,0.0,[1.6 0.  0.2 0.2 1.2 2.4 7.  0.  2.4 0.2 1.  1.2 1.8],0.3844530015771607,0.4013199685070747,0.016866966929913962,0.08333333333333334,0.3844530015771607,0.0,0.0,0.38539974909203234,0.0009467475148716153,0.010416666666666668,0.38635767631328544,0.0019046747361247118,0.010416666666666668,0.39838866096992,0.013935659392759259,0.0625,0.3022594094974413,-0.08219359207971944,0.125,0.5144031910952785,0.12995018951811782,0.36458333333333337,0.3844530015771607,0.0,0.0,0.43388406264825735,0.04943106107109663,0.125,0.38539974909203234,0.0009467475148716153,0.010416666666666668,0.3975512580141419,0.013098256436981148,0.052083333333333336,0.38565564999981194,0.0012026484226512202,0.0625,0.39734808886402145,0.01289508728686073,0.09375,SNYLFTKL,0.12995018951811782,RTYTYEKL,-0.08219359207971944
74,AV4-4/DV10-CADMDYANKMIF-AJ47_BV2-CASSQDRGYNNQAPLF-BJ1-5,71,multi-specific,"['INFDFPKL', 'RAYLFNSV', 'RTYTYEKL', 'SNYLFTKL', 'VAFDFTKV', 'VIVRFLTV', 'VSFTYRYL']",7,"[0.391304347826087, 0.0601295097132285, 0.05920444033302499, 0.05920444033302499, 0.0962072155411656, 0.08048103607770583, 0.1026827012025902]",INFDFPKL,0.391304347826087,INFDFPKL,0.09782608695652174,True,"['INFDFPKL', 'RAYLFNSV', 'RTYTYEKL', 'SNYLFTKL', 'VAFDFTKV', 'VIVRFLTV', 'VSFTYRYL']",7,"['ATLVFHNL', 'EEEPVKKI', 'HIYEFPQL', 'SSYTFPKM', 'SVYVYKVL', 'VGPRYTNL']",0.0,0.0,"[0.52112676 0.         0.74647887 5.95774648 0.91549296 0.90140845
 0.90140845 0.21126761 0.5915493  1.46478873 0.22535211 1.22535211
 1.56338028]",0.3840863732664564,0.39766277170387565,0.013576398437419257,0.034227567067530065,0.3840863732664564,0.0,0.0,0.4133061355406895,0.02921976227423312,0.049028677150786314,0.18549634138298934,-0.19859003188346705,0.391304347826087,0.4034112184154805,0.019324845149024106,0.0601295097132285,0.406869737545102,0.02278336427864558,0.05920444033302499,0.40594797571766683,0.021861602451210438,0.05920444033302499,0.3854423459709068,0.0013559727044504255,0.01387604070305273,0.39598731826815725,0.011900945001700858,0.03885291396854765,0.43827510538205605,0.05418873211559966,0.0962072155411656,0.38606038534562864,0.0019740120791722493,0.014801110083256247,0.4088093437643664,0.024722970497910002,0.08048103607770583,0.41617632644130637,0.03208995317484997,0.1026827012025902,VAFDFTKV,0.05418873211559966,INFDFPKL,-0.19859003188346705
75,AV16N-CAMREDSNYQLIW-AJ33_BV3-CASSPGQISNERLFF-BJ1-4,8,multi-specific,"['HIYEFPQL', 'RAYLFNSV', 'SNYLFTKL', 'SSYTFPKM', 'SVYVYKVL', 'VAFDFTKV', 'VIVRFLTV', 'VSFTYRYL']",8,"[0.08571428571428572, 0.3, 0.15, 0.07142857142857142, 0.05, 0.05714285714285714, 0.1, 0.07142857142857142]",RAYLFNSV,0.3,SNYLFTKL,0.0375,False,"['HIYEFPQL', 'RAYLFNSV', 'SNYLFTKL', 'SSYTFPKM', 'SVYVYKVL', 'VAFDFTKV', 'VIVRFLTV', 'VSFTYRYL']",8,"['ATLVFHNL', 'EEEPVKKI', 'INFDFPKL', 'RTYTYEKL', 'VGPRYTNL']",0.0,0.0,"[0.75  0.    1.5   0.75  5.25  0.375 2.625 1.25  0.875 1.    0.125 1.75
 1.25 ]",0.38328397049915547,0.3856801402435481,0.0023961697443926067,0.04285714285714286,0.38328397049915547,0.0,0.0,0.3790999136589064,-0.004184056840249084,0.08571428571428572,0.3858300711754836,0.0025461006763281557,0.04285714285714286,0.3986240219885226,0.015340051489367124,0.3,0.387102091090758,0.003818120591602525,0.02142857142857143,0.3182952612602156,-0.06498870923893985,0.15,0.3848056592645047,0.0015216887653492495,0.07142857142857142,0.3901866211800651,0.006902650680909617,0.05,0.38861469674344046,0.005330726244284989,0.05714285714285714,0.3836910536390446,0.0004070831398891306,0.007142857142857143,0.41054384971399877,0.027259879214843297,0.1,0.39459614878265536,0.011312178283499896,0.07142857142857142,VIVRFLTV,0.027259879214843297,SNYLFTKL,-0.06498870923893985
76,AV8-2-CATDAGGNEKITF-AJ48_BV13-1-CASSDLTGAPNERLFF-BJ1-4,9,multi-specific,"['ATLVFHNL', 'HIYEFPQL', 'INFDFPKL', 'RAYLFNSV', 'SNYLFTKL', 'SSYTFPKM', 'SVYVYKVL', 'VIVRFLTV', 'VSFTYRYL']",9,"[0.06936416184971098, 0.06358381502890174, 0.05780346820809249, 0.05780346820809249, 0.3179190751445087, 0.08670520231213874, 0.06936416184971098, 0.06936416184971098, 0.16184971098265896]",SNYLFTKL,0.3179190751445087,SNYLFTKL,0.05298651252408478,True,"['ATLVFHNL', 'HIYEFPQL', 'INFDFPKL', 'RAYLFNSV', 'SNYLFTKL', 'SSYTFPKM', 'SVYVYKVL', 'VIVRFLTV', 'VSFTYRYL']",9,"['EEEPVKKI', 'RTYTYEKL', 'VAFDFTKV', 'VGPRYTNL']",0.0,0.0,"[1.33333333 0.         1.22222222 1.11111111 1.11111111 0.55555556
 6.11111111 1.66666667 1.33333333 0.22222222 0.11111111 1.33333333
 3.11111111]",0.3742235904721456,0.39304321904036443,0.018819628568218838,0.06936416184971098,0.3742235904721456,0.0,0.0,0.3775896059989847,0.003366015526839128,0.06358381502890174,0.38377880407571324,0.009555213603567647,0.05780346820809249,0.38379495847200035,0.009571367999854752,0.05780346820809249,0.401945975472076,0.027722384999930405,0.028901734104046246,0.2055299956339785,-0.1686935948381671,0.3179190751445087,0.4030413717725906,0.02881778130044499,0.08670520231213874,0.4895453005924905,0.11532171012034492,0.06936416184971098,0.37471880224333376,0.0004952117711881643,0.011560693641618497,0.3743839959352533,0.00016040546310769344,0.005780346820809248,0.37311750446673714,-0.0011060860054084576,0.06936416184971098,0.40368567795881183,0.029462087486666233,0.16184971098265896,SVYVYKVL,0.11532171012034492,SNYLFTKL,-0.1686935948381671
77,AV9-2-CVLSGDQGGRALIF-AJ15_BV3-CASSFSYEQYF-BJ2-7,9,multi-specific,"['ATLVFHNL', 'HIYEFPQL', 'SSYTFPKM', 'VGPRYTNL', 'VSFTYRYL']",5,"[0.0821917808219178, 0.13698630136986303, 0.12328767123287672, 0.5068493150684932, 0.12328767123287672]",VGPRYTNL,0.5068493150684932,VGPRYTNL,0.16894977168949774,True,"['ATLVFHNL', 'HIYEFPQL', 'SSYTFPKM', 'VGPRYTNL', 'VSFTYRYL']",5,"['EEEPVKKI', 'INFDFPKL', 'RAYLFNSV', 'RTYTYEKL', 'SNYLFTKL', 'SVYVYKVL', 'VAFDFTKV', 'VIVRFLTV']",0.0,0.0,"[0.66666667 0.         1.11111111 0.         0.         0.
 0.11111111 1.         0.         0.         4.11111111 0.11111111
 1.        ]",0.3727272829474993,0.5338745875790186,0.16114730463151933,0.0821917808219178,0.3727272829474993,0.0,0.0,0.39181489579518297,0.019087612847683677,0.13698630136986303,0.3727272829474993,0.0,0.0,0.3727272829474993,0.0,0.0,0.3727272829474993,0.0,0.0,0.37310301116722405,0.000375728219724758,0.0136986301369863,0.439701025416971,0.06697374246947169,0.12328767123287672,0.3727272829474993,0.0,0.0,0.3727272829474993,0.0,0.0,0.23657801878740783,-0.13614926416009146,0.5068493150684932,0.3783635671641518,0.005636284216652521,0.0136986301369863,0.36966366948524687,-0.0030636134622524236,0.12328767123287672,ATLVFHNL,0.16114730463151933,VGPRYTNL,-0.13614926416009146
78,AV9-2-CVLSVTEGADRLTF-AJ45_BV14-CASSSRYEQYF-BJ2-7,35,multi-specific,"['HIYEFPQL', 'INFDFPKL', 'SNYLFTKL', 'VGPRYTNL', 'VIVRFLTV']",5,"[0.05360134003350084, 0.4120603015075377, 0.11557788944723618, 0.05025125628140703, 0.1708542713567839]",INFDFPKL,0.4120603015075377,INFDFPKL,0.08241206030150754,True,"['HIYEFPQL', 'INFDFPKL', 'SNYLFTKL', 'VGPRYTNL', 'VIVRFLTV']",5,"['ATLVFHNL', 'EEEPVKKI', 'RAYLFNSV', 'RTYTYEKL', 'SSYTFPKM', 'SVYVYKVL', 'VAFDFTKV', 'VSFTYRYL']",0.0,0.0,"[0.54285714 0.         0.91428571 7.02857143 0.54285714 0.25714286
 1.97142857 0.34285714 0.48571429 0.62857143 0.85714286 2.91428571
 0.57142857]",0.36967152894574223,0.37206946930028406,0.0023979403545418276,0.031825795644891124,0.36967152894574223,0.0,0.0,0.39734892048217985,0.027677391536437612,0.05360134003350084,0.19935938589507446,-0.17031214305066777,0.4120603015075377,0.38175147587012076,0.012079946924378526,0.031825795644891124,0.37537480273232177,0.0057032737865795324,0.01507537688442211,0.4156998473981713,0.04602831845242905,0.11557788944723618,0.3720321587176706,0.0023606297719283575,0.020100502512562814,0.374969609948387,0.005298081002644783,0.02847571189279732,0.3835149043938093,0.013843375448067075,0.03685092127303183,0.36923024251485526,-0.00044128643088697794,0.05025125628140703,0.4214341210527083,0.05176259210696604,0.1708542713567839,0.3943607412699233,0.024689212324181087,0.03350083752093802,VIVRFLTV,0.05176259210696604,INFDFPKL,-0.17031214305066777
79,AV6D-7-CALGDDSGYNKLTF-AJ11_BV3-CASSLGQISYEQYF-BJ2-7,13,multi-specific,"['HIYEFPQL', 'SNYLFTKL', 'SVYVYKVL', 'VGPRYTNL', 'VSFTYRYL']",5,"[0.09722222222222221, 0.1111111111111111, 0.05555555555555555, 0.34027777777777773, 0.18055555555555552]",VGPRYTNL,0.34027777777777773,VGPRYTNL,0.06805555555555555,True,"['HIYEFPQL', 'SNYLFTKL', 'SVYVYKVL', 'VGPRYTNL', 'VSFTYRYL']",5,"['ATLVFHNL', 'EEEPVKKI', 'INFDFPKL', 'RAYLFNSV', 'RTYTYEKL', 'SSYTFPKM', 'VAFDFTKV', 'VIVRFLTV']",0.0,0.0,"[0.15384615 0.         1.07692308 0.         0.46153846 0.53846154
 1.23076923 0.23076923 0.61538462 0.46153846 3.76923077 0.53846154
 2.        ]",0.3695220815290067,0.3698461126448479,0.0003240311158412279,0.013888888888888888,0.3695220815290067,0.0,0.0,0.380831172506659,0.011309090977652314,0.09722222222222221,0.3695220815290067,0.0,0.0,0.37264268337286705,0.003120601843860371,0.041666666666666664,0.4351474521248519,0.06562537059584522,0.048611111111111105,0.38156838465044857,0.012046303121441893,0.1111111111111111,0.37025863868414294,0.0007365571551362637,0.020833333333333332,0.37380151009608775,0.004279428567081078,0.05555555555555555,0.38413479187400457,0.014612710344997892,0.041666666666666664,0.2911321900097165,-0.07838989151929016,0.34027777777777773,0.37677908772503976,0.007257006196033089,0.048611111111111105,0.4193807215336556,0.0498586400046489,0.18055555555555552,VSFTYRYL,0.0498586400046489,VGPRYTNL,-0.07838989151929016
80,AV6-6-CALGESGGSNAKLTF-AJ42_BV13-3-CASSDAQTYNSPLYF-BJ1-6,17,multi-specific,"['RAYLFNSV', 'RTYTYEKL', 'SNYLFTKL', 'SVYVYKVL', 'VIVRFLTV', 'VSFTYRYL']",6,"[0.10526315789473684, 0.34736842105263155, 0.08421052631578947, 0.07017543859649122, 0.14035087719298245, 0.13333333333333333]",RTYTYEKL,0.34736842105263155,RTYTYEKL,0.06947368421052631,True,"['RAYLFNSV', 'RTYTYEKL', 'SNYLFTKL', 'SVYVYKVL', 'VIVRFLTV', 'VSFTYRYL']",6,"['ATLVFHNL', 'EEEPVKKI', 'HIYEFPQL', 'INFDFPKL', 'SSYTFPKM', 'VAFDFTKV', 'VGPRYTNL']",0.0,0.0,"[0.52941176 0.         0.29411765 0.11764706 1.76470588 5.82352941
 1.41176471 0.05882353 1.17647059 0.76470588 0.23529412 2.35294118
 2.23529412]",0.3684850815826242,0.3693720159594286,0.0008869343768043714,0.031578947368421054,0.3684850815826242,0.0,0.0,0.3689425085914458,0.00045742700882156484,0.017543859649122806,0.36862337529054123,0.00013829370791701434,0.007017543859649122,0.40891863121893063,0.04043354963630641,0.10526315789473684,0.3169785482884715,-0.05150653329415272,0.34736842105263155,0.38949376895960436,0.02100868737698014,0.08421052631578947,0.36877537442193403,0.00029029283930981364,0.003508771929824561,0.3782061113040116,0.009721029721387386,0.07017543859649122,0.3698379307840363,0.0013528492014120985,0.045614035087719294,0.3731501739595574,0.004665092376933189,0.014035087719298244,0.3724330692418086,0.00394798765918436,0.14035087719298245,0.3934525899982037,0.024967508415579487,0.13333333333333333,RAYLFNSV,0.04043354963630641,RTYTYEKL,-0.05150653329415272
81,AV16-CAMREGYGNEKITF-AJ48_BV30-CSSREGQNTLYF-BJ2-4,19,multi-specific,"['HIYEFPQL', 'RAYLFNSV', 'RTYTYEKL', 'SNYLFTKL', 'VAFDFTKV', 'VGPRYTNL', 'VIVRFLTV', 'VSFTYRYL']",8,"[0.15384615384615385, 0.05384615384615385, 0.3461538461538462, 0.06923076923076923, 0.08461538461538463, 0.05000000000000001, 0.06923076923076923, 0.08076923076923079]",RTYTYEKL,0.3461538461538462,RTYTYEKL,0.3461538461538462,True,"['HIYEFPQL', 'RAYLFNSV', 'RTYTYEKL', 'SNYLFTKL', 'VAFDFTKV', 'VGPRYTNL', 'VIVRFLTV', 'VSFTYRYL']",8,"['ATLVFHNL', 'EEEPVKKI', 'INFDFPKL', 'SSYTFPKM', 'SVYVYKVL']",0.0,0.0,"[0.57894737 0.         2.10526316 0.26315789 0.73684211 4.73684211
 0.94736842 0.05263158 0.36842105 1.15789474 0.68421053 0.94736842
 1.10526316]",0.36162383667338227,0.40394764917297954,0.04232381249959727,0.04230769230769232,0.36162383667338227,0.0,0.0,0.36708446994910554,0.00546063327572327,0.15384615384615385,0.3625915833800882,0.0009677467067059076,0.019230769230769232,0.36601923980449125,0.004395403131108977,0.05384615384615385,0.26109619108704785,-0.10052764558633442,0.3461538461538462,0.40571103087073757,0.044087194197355295,0.06923076923076923,0.3616759617829416,5.212510955932004e-05,0.0038461538461538464,0.36306679354701316,0.001442956873630885,0.026923076923076925,0.3787247485970386,0.017100911923656315,0.08461538461538463,0.3667349225961533,0.0051110859227710415,0.05000000000000001,0.36335357933736,0.0017297426639777402,0.06923076923076923,0.378749410021687,0.017125573348304723,0.08076923076923079,SNYLFTKL,0.044087194197355295,RTYTYEKL,-0.10052764558633442
82,AV14-2-CAASADTGNYKYVF-AJ40_BV13-3-CASSDAGGARQAPLF-BJ1-5,19,multi-specific,"['HIYEFPQL', 'SNYLFTKL', 'VGPRYTNL', 'VIVRFLTV', 'VSFTYRYL']",5,"[0.08370044052863436, 0.07929515418502202, 0.16299559471365638, 0.37004405286343617, 0.22466960352422907]",VIVRFLTV,0.37004405286343617,VIVRFLTV,0.12334801762114539,True,"['HIYEFPQL', 'SNYLFTKL', 'VGPRYTNL', 'VIVRFLTV', 'VSFTYRYL']",5,"['ATLVFHNL', 'EEEPVKKI', 'INFDFPKL', 'RAYLFNSV', 'RTYTYEKL', 'SSYTFPKM', 'SVYVYKVL', 'VAFDFTKV']",0.0,0.0,"[0.26315789 0.         1.         0.05263158 0.26315789 0.
 0.94736842 0.10526316 0.21052632 0.05263158 1.94736842 4.42105263
 2.68421053]",0.359893102514897,0.36163497303065173,0.001741870515754751,0.02202643171806167,0.359893102514897,0.0,0.0,0.3786427235492179,0.01874962103432093,0.08370044052863436,0.368905615904701,0.009012513389804022,0.004405286343612334,0.4018952798152937,0.04200217730039674,0.02202643171806167,0.359893102514897,0.0,0.0,0.3722748257276357,0.012381723212738727,0.07929515418502202,0.3600199300170949,0.00012682750219794592,0.008810572687224669,0.36081338540676094,0.0009202828918639661,0.017621145374449337,0.36013204758005585,0.0002389450651588687,0.004405286343612334,0.4373317038133036,0.07743860129840663,0.16299559471365638,0.31417167314652156,-0.04572142936837542,0.37004405286343617,0.4357153738885304,0.0758222713736334,0.22466960352422907,VGPRYTNL,0.07743860129840663,VIVRFLTV,-0.04572142936837542
83,AV16/DV11-CAMREGGGYKVVF-AJ12_BV13-2-CASGARTYNYAEQFF-BJ2-1,11,multi-specific,"['HIYEFPQL', 'RAYLFNSV', 'RTYTYEKL', 'SNYLFTKL', 'VIVRFLTV', 'VSFTYRYL']",6,"[0.10828025477707007, 0.060509554140127396, 0.4012738853503185, 0.07006369426751594, 0.09554140127388536, 0.10828025477707007]",RTYTYEKL,0.4012738853503185,RTYTYEKL,0.06687898089171974,True,"['HIYEFPQL', 'RAYLFNSV', 'RTYTYEKL', 'SNYLFTKL', 'VIVRFLTV', 'VSFTYRYL']",6,"['ATLVFHNL', 'EEEPVKKI', 'INFDFPKL', 'SSYTFPKM', 'SVYVYKVL', 'VAFDFTKV', 'VGPRYTNL']",0.0,0.0,"[ 0.90909091  0.          3.09090909  1.          1.72727273 11.45454545
  2.          0.09090909  1.          0.72727273  0.72727273  2.72727273
  3.09090909]",0.3597648331698006,0.3709256227061013,0.011160789536300675,0.03184713375796178,0.3597648331698006,0.0,0.0,0.3477322046955472,-0.012032628474253404,0.10828025477707007,0.36145671338932506,0.0016918802195244331,0.03503184713375797,0.36134221434869135,0.0015773811788907244,0.060509554140127396,0.40769205140039283,0.047927218230592206,0.4012738853503185,0.38941039351838264,0.029645560348582012,0.07006369426751594,0.35987481615546096,0.0001099829856603396,0.0031847133757961785,0.36227709437897615,0.002512261209175526,0.03503184713375797,0.3624978299572145,0.0027329967874138994,0.025477707006369428,0.36399192391676205,0.004227090746961426,0.025477707006369428,0.46467292244665126,0.10490808927685064,0.09554140127388536,0.37673178140247626,0.016966948232675638,0.10828025477707007,VIVRFLTV,0.10490808927685064,HIYEFPQL,-0.012032628474253404
84,AV16N-CAMRETGGYKVVF-AJ12_BV13-2-CASGDEYEQYF-BJ2-7,5,multi-specific,"['SNYLFTKL', 'VIVRFLTV', 'VSFTYRYL']",3,"[0.6206896551724138, 0.20689655172413793, 0.1724137931034483]",SNYLFTKL,0.6206896551724138,SNYLFTKL,0.3103448275862069,True,"['SNYLFTKL', 'VIVRFLTV', 'VSFTYRYL']",3,"['ATLVFHNL', 'EEEPVKKI', 'HIYEFPQL', 'INFDFPKL', 'RAYLFNSV', 'RTYTYEKL', 'SSYTFPKM', 'SVYVYKVL', 'VAFDFTKV', 'VGPRYTNL']",0.0,0.0,[0.  0.  0.  0.  0.  0.  3.6 0.  0.  0.  0.  1.2 1. ],0.35883484054145526,0.35883484054145526,0.0,0.0,0.35883484054145526,0.0,0.0,0.35883484054145526,0.0,0.0,0.35883484054145526,0.0,0.0,0.35883484054145526,0.0,0.0,0.35883484054145526,0.0,0.0,0.0,-0.35883484054145526,0.6206896551724138,0.35883484054145526,0.0,0.0,0.35883484054145526,0.0,0.0,0.35883484054145526,0.0,0.0,0.35883484054145526,0.0,0.0,0.598058067569092,0.2392232270276367,0.20689655172413793,0.6,0.24116515945854472,0.1724137931034483,VSFTYRYL,0.24116515945854472,SNYLFTKL,-0.35883484054145526
85,AV10N-CAASMDTGGLSGKLTF-AJ2_BV16-CASSLNWGANYAEQFF-BJ2-1,9,multi-specific,"['ATLVFHNL', 'HIYEFPQL', 'RAYLFNSV', 'SNYLFTKL', 'SVYVYKVL', 'VIVRFLTV', 'VSFTYRYL']",7,"[0.06363636363636364, 0.10909090909090909, 0.09090909090909093, 0.21818181818181817, 0.06363636363636364, 0.1181818181818182, 0.20909090909090908]",SNYLFTKL,0.21818181818181817,VSFTYRYL,0.04181818181818182,False,"['ATLVFHNL', 'HIYEFPQL', 'RAYLFNSV', 'SNYLFTKL', 'SVYVYKVL', 'VIVRFLTV', 'VSFTYRYL']",7,"['EEEPVKKI', 'INFDFPKL', 'RTYTYEKL', 'SSYTFPKM', 'VAFDFTKV', 'VGPRYTNL']",0.0,0.0,"[0.77777778 0.         1.33333333 0.11111111 1.11111111 0.55555556
 2.66666667 0.33333333 0.77777778 0.44444444 0.11111111 1.44444444
 2.55555556]",0.357885640642095,0.36589382716228136,0.008008186520186367,0.06363636363636364,0.357885640642095,0.0,0.0,0.37072015143157766,0.012834510789482667,0.10909090909090909,0.3604226114363613,0.002536970794266291,0.00909090909090909,0.4200874773054314,0.062201836663336396,0.09090909090909093,0.36186899130670336,0.003983350664608365,0.04545454545454546,0.3122238478422252,-0.045661792799869816,0.21818181818181817,0.35943722415130025,0.0015515835092052566,0.02727272727272727,0.3683952982694383,0.010509657627343294,0.06363636363636364,0.3595950766092993,0.001709435967204298,0.03636363636363636,0.36154305211538346,0.0036574114732884633,0.00909090909090909,0.38080223524221396,0.022916594600118967,0.1181818181818182,0.2966936503948379,-0.06119199024725708,0.20909090909090908,RAYLFNSV,0.062201836663336396,VSFTYRYL,-0.06119199024725708
86,AV5-1-CSASPSSGSWQLIF-AJ22_BV4-CASSSTGGAGAETLYF-BJ2-3,5,multi-specific,"['ATLVFHNL', 'HIYEFPQL', 'RAYLFNSV', 'RTYTYEKL', 'SNYLFTKL', 'SVYVYKVL', 'VIVRFLTV', 'VSFTYRYL']",8,"[0.14049586776859507, 0.09917355371900828, 0.12396694214876035, 0.11570247933884299, 0.16528925619834714, 0.09090909090909094, 0.06611570247933886, 0.14049586776859507]",SNYLFTKL,0.16528925619834714,ATLVFHNL,0.009366391184573004,False,"['ATLVFHNL', 'HIYEFPQL', 'RAYLFNSV', 'RTYTYEKL', 'SNYLFTKL', 'SVYVYKVL', 'VIVRFLTV', 'VSFTYRYL']",8,"['EEEPVKKI', 'INFDFPKL', 'SSYTFPKM', 'VAFDFTKV', 'VGPRYTNL']",0.0,0.0,[3.4 0.  2.4 0.8 3.  2.8 4.  0.4 2.2 0.2 0.  1.6 3.4],0.3573893535306488,0.3310197454703246,-0.026369608060324234,0.14049586776859507,0.3573893535306488,0.0,0.0,0.36191951922405885,0.0045301656934100265,0.09917355371900828,0.3588699284750302,0.0014805749443813632,0.03305785123966943,0.3716779666538979,0.014288613123249083,0.12396694214876035,0.3989019851929475,0.04151263166229868,0.11570247933884299,0.36723444987130494,0.009845096340656112,0.16528925619834714,0.3574673870742654,7.803354361657355e-05,0.016528925619834715,0.3701663746757261,0.012777021145077283,0.09090909090909094,0.3577400667064767,0.00035071317582785477,0.008264462809917357,0.3573893535306488,0.0,0.0,0.37411812677290135,0.016728773242252526,0.06611570247933886,0.39893093350940845,0.041541579978759624,0.14049586776859507,VSFTYRYL,0.041541579978759624,ATLVFHNL,-0.026369608060324234
87,AV8-1-CATSASSGSWQLIF-AJ22_BV13-2-CASGDEVSNERLFF-BJ1-4,13,multi-specific,"['HIYEFPQL', 'SNYLFTKL', 'SVYVYKVL', 'VIVRFLTV', 'VSFTYRYL']",5,"[0.10032362459546926, 0.2524271844660194, 0.06148867313915857, 0.27831715210355984, 0.08737864077669903]",VIVRFLTV,0.27831715210355984,VIVRFLTV,0.03478964401294498,True,"['HIYEFPQL', 'SNYLFTKL', 'SVYVYKVL', 'VIVRFLTV', 'VSFTYRYL']",5,"['ATLVFHNL', 'EEEPVKKI', 'INFDFPKL', 'RAYLFNSV', 'RTYTYEKL', 'SSYTFPKM', 'VAFDFTKV', 'VGPRYTNL']",0.0,0.0,"[0.30769231 0.         2.38461538 0.76923077 0.92307692 0.76923077
 6.         1.         1.46153846 0.38461538 1.07692308 6.61538462
 2.07692308]",0.35702911107255936,0.36081778666643055,0.0037886755938711936,0.012944983818770227,0.35702911107255936,0.0,0.0,0.39301501611508954,0.035985905042530186,0.10032362459546926,0.35985920762907553,0.0028300965565161706,0.03236245954692557,0.35995181490557765,0.002922703833018292,0.03883495145631068,0.3611369145554459,0.0041078034828865295,0.03236245954692557,0.41712058823345316,0.0600914771608938,0.2524271844660194,0.36777298178463436,0.010743870712074999,0.042071197411003236,0.36934242875997336,0.012313317687414005,0.06148867313915857,0.35801604076246074,0.0009869296899013835,0.016181229773462785,0.3602206470922357,0.0031915360196763665,0.04530744336569579,0.2680269946703567,-0.08900211640220268,0.27831715210355984,0.3567341333686555,-0.0002949777039038537,0.08737864077669903,SNYLFTKL,0.0600914771608938,VIVRFLTV,-0.08900211640220268
88,AV9N-4-CALSIDTNAYKVIF-AJ30_BV31-CAWTDWGDQNTLYF-BJ2-4,6,multi-specific,"['ATLVFHNL', 'INFDFPKL', 'SNYLFTKL', 'VIVRFLTV', 'VSFTYRYL']",5,"[0.08620689655172414, 0.12068965517241381, 0.08620689655172414, 0.3103448275862069, 0.3793103448275862]",VSFTYRYL,0.3793103448275862,VSFTYRYL,0.1264367816091954,True,"['ATLVFHNL', 'INFDFPKL', 'SNYLFTKL', 'VIVRFLTV', 'VSFTYRYL']",5,"['EEEPVKKI', 'HIYEFPQL', 'RAYLFNSV', 'RTYTYEKL', 'SSYTFPKM', 'SVYVYKVL', 'VAFDFTKV', 'VGPRYTNL']",0.0,0.0,"[0.83333333 0.         0.16666667 1.16666667 0.         0.
 0.83333333 0.         0.         0.         0.         3.
 3.66666667]",0.35661370200758674,0.3587141745150323,0.00210047250744555,0.08620689655172414,0.35661370200758674,0.0,0.0,0.3567648915083245,0.0001511895007377806,0.017241379310344827,0.5359658641818015,0.17935216217421474,0.12068965517241381,0.35661370200758674,0.0,0.0,0.35661370200758674,0.0,0.0,0.5079795092728318,0.151365807265245,0.08620689655172414,0.35661370200758674,0.0,0.0,0.35661370200758674,0.0,0.0,0.35661370200758674,0.0,0.0,0.35661370200758674,0.0,0.0,0.4220681450108463,0.06545444300325953,0.3103448275862069,0.1996151150563369,-0.15699858695124985,0.3793103448275862,INFDFPKL,0.17935216217421474,VSFTYRYL,-0.15699858695124985
89,AV12-1-CALRDYSNNRLTL-AJ7_BV3-CASSPGVDTQYF-BJ2-5,8,multi-specific,"['ATLVFHNL', 'HIYEFPQL', 'RTYTYEKL', 'SNYLFTKL', 'SSYTFPKM', 'VAFDFTKV', 'VGPRYTNL', 'VIVRFLTV', 'VSFTYRYL']",9,"[0.07954545454545454, 0.07954545454545454, 0.09090909090909091, 0.08522727272727272, 0.07386363636363637, 0.0625, 0.29545454545454547, 0.08522727272727272, 0.06818181818181818]",VGPRYTNL,0.29545454545454547,VGPRYTNL,0.04220779220779221,True,"['ATLVFHNL', 'HIYEFPQL', 'RTYTYEKL', 'SNYLFTKL', 'SSYTFPKM', 'VAFDFTKV', 'VGPRYTNL', 'VIVRFLTV', 'VSFTYRYL']",9,"['EEEPVKKI', 'INFDFPKL', 'RAYLFNSV', 'SVYVYKVL']",0.0,0.0,"[1.75  0.    1.75  0.875 0.5   2.    1.875 1.625 0.375 1.375 6.5   1.875
 1.5  ]",0.35572397202847333,0.37105263984003856,0.015328667811565222,0.07954545454545454,0.3557239720284734,5.551115123125783e-17,0.0,0.36310727395797976,0.007383301929506425,0.07954545454545454,0.3589119885574879,0.00318801652901457,0.03977272727272727,0.35624738728242605,0.0005234152539527193,0.022727272727272728,0.4157642671101237,0.060040295081650374,0.09090909090909091,0.3641205326183938,0.008396560589920443,0.08522727272727272,0.35412821941457046,-0.0015957526139028788,0.07386363636363637,0.3563829674814265,0.0006589954529531705,0.017045454545454544,0.357329710495249,0.0016057384667756414,0.0625,0.28545649587010147,-0.07026747615837187,0.29545454545454547,0.3464827027759315,-0.009241269252541817,0.08522727272727272,0.3647493437769304,0.009025371748457078,0.06818181818181818,RTYTYEKL,0.060040295081650374,VGPRYTNL,-0.07026747615837187
90,AV4-4/DV10-CAALDYANKMIF-AJ47_BV2-CASSPDRGYNNQAPLF-BJ1-5,43,multi-specific,"['HIYEFPQL', 'INFDFPKL', 'RAYLFNSV', 'RTYTYEKL', 'SNYLFTKL', 'VAFDFTKV', 'VIVRFLTV', 'VSFTYRYL']",8,"[0.07053941908713696, 0.2780082987551868, 0.0719225449515906, 0.05809128630705395, 0.13554633471645924, 0.11479944674965425, 0.09128630705394193, 0.06639004149377595]",INFDFPKL,0.2780082987551868,INFDFPKL,0.0695020746887967,True,"['HIYEFPQL', 'INFDFPKL', 'RAYLFNSV', 'RTYTYEKL', 'SNYLFTKL', 'VAFDFTKV', 'VIVRFLTV', 'VSFTYRYL']",8,"['ATLVFHNL', 'EEEPVKKI', 'SSYTFPKM', 'SVYVYKVL', 'VGPRYTNL']",0.0,0.0,"[0.3255814  0.         1.18604651 4.6744186  1.20930233 0.97674419
 2.27906977 0.30232558 0.55813953 1.93023256 0.72093023 1.53488372
 1.11627907]",0.3540043013829844,0.35744371832912186,0.0034394169461374746,0.01936376210235132,0.3540043013829844,0.0,0.0,0.3750299159342919,0.021025614551307525,0.07053941908713696,0.30770817893927993,-0.04629612244370446,0.2780082987551868,0.3622985178015626,0.008294216418578193,0.0719225449515906,0.35977451706888164,0.005770215685897251,0.05809128630705395,0.37422541062657366,0.020221109243589275,0.13554633471645924,0.35555646230124255,0.0015521609182581608,0.01798063623789765,0.3610545247228323,0.007050223339847894,0.033195020746887974,0.38756604857340293,0.033561747190418545,0.11479944674965425,0.35807398824929915,0.004069686866314759,0.04287690179806363,0.4003044081545741,0.04630010677158969,0.09128630705394193,0.3674405625698343,0.01343626118684993,0.06639004149377595,VIVRFLTV,0.04630010677158969,INFDFPKL,-0.04629612244370446
91,AV6-4-CALVESGGSNAKLTF-AJ42_BV19-CASSMGVGNTEVFF-BJ1-1,20,multi-specific,"['ATLVFHNL', 'HIYEFPQL', 'RAYLFNSV', 'RTYTYEKL', 'SNYLFTKL', 'SSYTFPKM', 'VIVRFLTV', 'VSFTYRYL']",8,"[0.2077922077922078, 0.08766233766233766, 0.10064935064935066, 0.05194805194805195, 0.16233766233766234, 0.05194805194805195, 0.0909090909090909, 0.12012987012987013]",ATLVFHNL,0.2077922077922078,ATLVFHNL,0.046176046176046176,True,"['ATLVFHNL', 'HIYEFPQL', 'RAYLFNSV', 'RTYTYEKL', 'SNYLFTKL', 'SSYTFPKM', 'VIVRFLTV', 'VSFTYRYL']",8,"['EEEPVKKI', 'INFDFPKL', 'SVYVYKVL', 'VAFDFTKV', 'VGPRYTNL']",0.0,0.0,[3.2  0.   1.35 0.35 1.55 0.8  2.5  0.8  0.45 0.5  0.65 1.4  1.85],0.35309139234934167,0.30294907901748547,-0.0501423133318562,0.2077922077922078,0.35309139234934167,0.0,0.0,0.3589296924722974,0.00583830012295572,0.08766233766233766,0.355100376439575,0.0020089840902333123,0.022727272727272724,0.36046944587237073,0.00737805352302906,0.10064935064935066,0.36264925548097354,0.009557863131631872,0.05194805194805195,0.34727244678675473,-0.005818945562586941,0.16233766233766234,0.36173585393908353,0.008644461589741859,0.05194805194805195,0.35888838650675187,0.005796994157410196,0.02922077922077922,0.36014174586009584,0.00705035351075417,0.032467532467532464,0.36804658654889333,0.014955194199551658,0.04220779220779221,0.35663933107993767,0.003547938730596001,0.0909090909090909,0.35658846514317444,0.0034970727938327673,0.12012987012987013,RTYTYEKL,0.009557863131631872,ATLVFHNL,-0.0501423133318562
92,AV7-5-CAVRPGTGSNRLTF-AJ28_BV14-CASRYRGEQYF-BJ2-7,18,multi-specific,"['HIYEFPQL', 'RAYLFNSV', 'RTYTYEKL', 'SNYLFTKL', 'SVYVYKVL', 'VIVRFLTV', 'VSFTYRYL']",7,"[0.14285714285714285, 0.07653061224489796, 0.06632653061224489, 0.20408163265306123, 0.06122448979591836, 0.10714285714285715, 0.26530612244897955]",VSFTYRYL,0.26530612244897955,VSFTYRYL,0.07580174927113702,True,"['HIYEFPQL', 'RAYLFNSV', 'RTYTYEKL', 'SNYLFTKL', 'SVYVYKVL', 'VIVRFLTV', 'VSFTYRYL']",7,"['ATLVFHNL', 'EEEPVKKI', 'INFDFPKL', 'SSYTFPKM', 'VAFDFTKV', 'VGPRYTNL']",0.0,0.0,"[0.16666667 0.         1.55555556 0.11111111 0.83333333 0.72222222
 2.22222222 0.22222222 0.66666667 0.27777778 0.05555556 1.16666667
 2.88888889]",0.3519682939310101,0.354461004600686,0.002492710669675935,0.01530612244897959,0.3519682939310101,0.0,0.0,0.40063054249731067,0.04866224856630058,0.14285714285714285,0.354227264384745,0.00225897045373491,0.01020408163265306,0.37294760075693945,0.020979306825929356,0.07653061224489796,0.37892674681718524,0.026958452886175155,0.06632653061224489,0.330762947474323,-0.02120534645668709,0.20408163265306123,0.3543950359627035,0.0024267420316934074,0.02040816326530612,0.35921683493031004,0.007248540999299946,0.06122448979591836,0.3564948316661381,0.004526537735128011,0.025510204081632654,0.35206087860916385,9.258467815376203e-05,0.00510204081632653,0.3601460376797899,0.008177743748779831,0.10714285714285715,0.35000764623237013,-0.0019606476986399612,0.26530612244897955,HIYEFPQL,0.04866224856630058,SNYLFTKL,-0.02120534645668709
93,AV16/DV11-CAMREEITGNTGKLIF-AJ37_BV31-CAWSLGNYAEQFF-BJ2-1,6,multi-specific,"['HIYEFPQL', 'RAYLFNSV', 'RTYTYEKL', 'SNYLFTKL', 'SVYVYKVL', 'VIVRFLTV', 'VSFTYRYL']",7,"[0.1813186813186813, 0.07142857142857142, 0.13186813186813187, 0.1263736263736264, 0.1813186813186813, 0.08241758241758242, 0.1263736263736264]",HIYEFPQL,0.1813186813186813,RTYTYEKL,0.009419152276295134,False,"['HIYEFPQL', 'RAYLFNSV', 'RTYTYEKL', 'SNYLFTKL', 'SVYVYKVL', 'VIVRFLTV', 'VSFTYRYL']",7,"['ATLVFHNL', 'EEEPVKKI', 'INFDFPKL', 'SSYTFPKM', 'VAFDFTKV', 'VGPRYTNL']",0.0,0.0,"[0.33333333 0.         5.5        1.16666667 2.16666667 4.
 3.83333333 0.5        5.5        0.83333333 0.16666667 2.5
 3.83333333]",0.3514418031756572,0.3516591248096649,0.00021732163400767224,0.010989010989010988,0.3514418031756572,0.0,0.0,0.4018256542466038,0.05038385107094662,0.1813186813186813,0.3535361543344562,0.0020943511587989683,0.038461538461538464,0.3554155883858049,0.0039737852101476845,0.07142857142857142,0.35617239664000544,0.004730593464348232,0.13186813186813187,0.32541955898732355,-0.026022244188333654,0.1263736263736264,0.35193218717411695,0.0004903839984597425,0.016483516483516484,0.4781204733816311,0.1266786702059739,0.1813186813186813,0.3520241569216444,0.0005823537459871964,0.027472527472527476,0.35149604004242874,5.4236866771528724e-05,0.005494505494505494,0.3755398018764956,0.024097998700838397,0.08241758241758242,0.34781556393752056,-0.0036262392381366526,0.1263736263736264,SVYVYKVL,0.1266786702059739,SNYLFTKL,-0.026022244188333654
94,AV6-5-CALSDRGSNAKLTF-AJ42_BV17-CASSRGYNSPLYF-BJ1-6,6,multi-specific,"['HIYEFPQL', 'INFDFPKL', 'RTYTYEKL', 'SNYLFTKL', 'VIVRFLTV', 'VSFTYRYL']",6,"[0.09090909090909091, 0.0808080808080808, 0.24242424242424243, 0.31313131313131315, 0.0808080808080808, 0.07070707070707072]",SNYLFTKL,0.31313131313131315,SNYLFTKL,0.044733044733044736,True,"['HIYEFPQL', 'INFDFPKL', 'RTYTYEKL', 'SNYLFTKL', 'VIVRFLTV', 'VSFTYRYL']",6,"['ATLVFHNL', 'EEEPVKKI', 'RAYLFNSV', 'SSYTFPKM', 'SVYVYKVL', 'VAFDFTKV', 'VGPRYTNL']",0.0,0.0,"[0.33333333 0.         1.5        1.33333333 0.66666667 4.
 5.16666667 0.         0.5        0.5        0.         1.33333333
 1.16666667]",0.3511270463919422,0.35243299325528266,0.001305946863340457,0.0202020202020202,0.3511270463919422,0.0,0.0,0.39699730126836397,0.04587025487642177,0.09090909090909091,0.36782969543379945,0.016702649041857254,0.0808080808080808,0.3549536214428624,0.0038265750509202112,0.0404040404040404,0.3064352489243382,-0.04469179746760399,0.24242424242424243,0.40725460149336745,0.05612755510142525,0.31313131313131315,0.3511270463919422,0.0,0.0,0.3663775399879036,0.015250493595961423,0.030303030303030304,0.35485015462585795,0.0037231082339157506,0.030303030303030304,0.3511270463919422,0.0,0.0,0.37040277739397104,0.01927573100202884,0.0808080808080808,0.3460853513999814,-0.005041694991960777,0.07070707070707072,SNYLFTKL,0.05612755510142525,RTYTYEKL,-0.04469179746760399
95,AV16N-CAMREETGNTGKLIF-AJ37_BV1-CTCSANRVDTQYF-BJ2-5,10,multi-specific,"['RAYLFNSV', 'RTYTYEKL', 'SNYLFTKL', 'VIVRFLTV', 'VSFTYRYL']",5,"[0.28082191780821913, 0.0684931506849315, 0.11643835616438354, 0.23972602739726026, 0.14383561643835616]",RAYLFNSV,0.28082191780821913,RAYLFNSV,0.07020547945205478,True,"['RAYLFNSV', 'RTYTYEKL', 'SNYLFTKL', 'VIVRFLTV', 'VSFTYRYL']",5,"['ATLVFHNL', 'EEEPVKKI', 'HIYEFPQL', 'INFDFPKL', 'SSYTFPKM', 'SVYVYKVL', 'VAFDFTKV', 'VGPRYTNL']",0.0,0.0,[0.3 0.  0.3 0.1 4.1 1.  1.7 0.3 0.6 0.3 0.3 3.5 2.1],0.3509084066998367,0.3526398344852458,0.0017314277854090787,0.02054794520547945,0.3509084066998367,0.0,0.0,0.4327541899345972,0.0818457832347605,0.02054794520547945,0.3523666938343228,0.0014582871344860915,0.00684931506849315,0.25306873780038913,-0.09783966889944756,0.28082191780821913,0.36486435396592254,0.013955947266085844,0.0684931506849315,0.42101032051257625,0.07010191381273956,0.11643835616438354,0.35171602997252105,0.0008076232726843546,0.02054794520547945,0.35731331474017386,0.006404908040337165,0.0410958904109589,0.3531232251268929,0.002214818427056231,0.02054794520547945,0.3526978797288349,0.0017894730289981786,0.02054794520547945,0.37161042643880393,0.020702019738967237,0.23972602739726026,0.38116875048533416,0.030260343785497468,0.14383561643835616,SNYLFTKL,0.07010191381273956,RAYLFNSV,-0.09783966889944756
96,AV14-2-CAASADYGSSGNKLIF-AJ32_BV4-CASRQFSYNSPLYF-BJ1-6,30,multi-specific,"['ATLVFHNL', 'HIYEFPQL', 'RAYLFNSV', 'RTYTYEKL', 'SNYLFTKL', 'SVYVYKVL', 'VIVRFLTV', 'VSFTYRYL']",8,"[0.07120253164556964, 0.13765822784810128, 0.07911392405063293, 0.0569620253164557, 0.16930379746835447, 0.08860759493670887, 0.16139240506329117, 0.10759493670886078]",SNYLFTKL,0.16930379746835447,SNYLFTKL,0.030782508630609905,True,"['ATLVFHNL', 'HIYEFPQL', 'RAYLFNSV', 'RTYTYEKL', 'SNYLFTKL', 'SVYVYKVL', 'VIVRFLTV', 'VSFTYRYL']",8,"['EEEPVKKI', 'INFDFPKL', 'SSYTFPKM', 'VAFDFTKV', 'VGPRYTNL']",0.0,0.0,"[1.5        0.         2.9        0.33333333 1.66666667 1.2
 3.56666667 0.73333333 1.86666667 0.6        1.03333333 3.4
 2.26666667]",0.35015441126991786,0.3666401478484151,0.016485736578497223,0.07120253164556964,0.3501544112699178,-5.551115123125783e-17,0.0,0.3472840086466943,-0.002870402623223578,0.13765822784810128,0.3556490049203347,0.005494593650416824,0.015822784810126583,0.3543087164994906,0.004154305229572719,0.07911392405063293,0.3799504868761832,0.02979607560626535,0.0569620253164557,0.32931841420076957,-0.020835997069148293,0.16930379746835447,0.3550203818084219,0.004865970538504016,0.034810126582278486,0.3674466387442657,0.017292227474347832,0.08860759493670887,0.3546441828702631,0.004489771600345249,0.02848101265822785,0.35867248006724683,0.00851806879732897,0.04905063291139242,0.3645469081643882,0.014392496894470308,0.16139240506329117,0.34426085333719497,-0.005893557932722893,0.10759493670886078,RTYTYEKL,0.02979607560626535,SNYLFTKL,-0.020835997069148293
97,AV19-CAAGGNNAGAKLTF-AJ39_BV3-CASSSGGRAEQFF-BJ2-1,7,multi-specific,"['ATLVFHNL', 'HIYEFPQL', 'SNYLFTKL', 'SSYTFPKM', 'VAFDFTKV', 'VSFTYRYL']",6,"[0.5048076923076923, 0.07211538461538461, 0.0673076923076923, 0.0673076923076923, 0.0673076923076923, 0.05769230769230769]",ATLVFHNL,0.5048076923076923,ATLVFHNL,0.03365384615384615,True,"['ATLVFHNL', 'HIYEFPQL', 'SNYLFTKL', 'SSYTFPKM', 'VAFDFTKV', 'VSFTYRYL']",6,"['EEEPVKKI', 'INFDFPKL', 'RAYLFNSV', 'RTYTYEKL', 'SVYVYKVL', 'VGPRYTNL', 'VIVRFLTV']",0.0,0.0,"[15.          0.          2.14285714  1.28571429  1.14285714  0.42857143
  2.          2.          0.85714286  2.          0.28571429  0.85714286
  1.71428571]",0.34788162804342815,0.3298153230722534,-0.01806630497117473,0.5048076923076923,0.34788162804342815,0.0,0.0,0.34574500334059205,-0.0021366247028360985,0.07211538461538461,0.35565056942908935,0.007768941385661199,0.04326923076923077,0.3487836923614583,0.000902064318030138,0.03846153846153846,0.34899452041832235,0.0011128923748942032,0.014423076923076922,0.34148093679268626,-0.006400691250741886,0.0673076923076923,0.39953564262740776,0.05165401458397961,0.0673076923076923,0.3483162536656583,0.0004346256222301781,0.028846153846153844,0.36476881352069895,0.016887185477270805,0.0673076923076923,0.3479985620429903,0.00011693399956214101,0.009615384615384614,0.3525848912778349,0.004703263234406729,0.028846153846153844,0.3506291879138102,0.0027475598703820547,0.05769230769230769,SSYTFPKM,0.05165401458397961,ATLVFHNL,-0.01806630497117473
98,AV10-CAASTDYNQGKLIF-AJ23_BV3-CASSLGTSYEQYF-BJ2-7,9,multi-specific,"['ATLVFHNL', 'HIYEFPQL', 'SNYLFTKL', 'SVYVYKVL', 'VGPRYTNL', 'VIVRFLTV', 'VSFTYRYL']",7,"[0.07216494845360824, 0.08762886597938144, 0.05670103092783505, 0.0824742268041237, 0.36597938144329895, 0.1134020618556701, 0.09278350515463916]",VGPRYTNL,0.36597938144329895,VGPRYTNL,0.07319587628865978,True,"['ATLVFHNL', 'HIYEFPQL', 'SNYLFTKL', 'SVYVYKVL', 'VGPRYTNL', 'VIVRFLTV', 'VSFTYRYL']",7,"['EEEPVKKI', 'INFDFPKL', 'RAYLFNSV', 'RTYTYEKL', 'SSYTFPKM', 'VAFDFTKV']",0.0,0.0,"[1.55555556 0.         1.88888889 0.11111111 0.55555556 1.
 1.22222222 0.33333333 1.77777778 0.77777778 7.88888889 2.44444444
 2.        ]",0.3449842515803535,0.35017707961091393,0.005192828030560426,0.07216494845360824,0.3449842515803535,0.0,0.0,0.3316246949467864,-0.013359556633567082,0.08762886597938144,0.34509336218654674,0.0001091106061932301,0.005154639175257731,0.3467343197872843,0.0017500682069307993,0.02577319587628866,0.36148329014042985,0.01649903856007634,0.04639175257731958,0.3539944193959797,0.009010167815626191,0.05670103092783505,0.34704267062072414,0.0020584190403706293,0.015463917525773195,0.36879224767589874,0.023807996095545236,0.0824742268041237,0.35387371705785126,0.008889465477497749,0.03608247422680412,0.23342119014293738,-0.11156306143741612,0.36597938144329895,0.40239128206229413,0.057407030481940624,0.1134020618556701,0.3456594548184395,0.0006752032380860085,0.09278350515463916,VIVRFLTV,0.057407030481940624,VGPRYTNL,-0.11156306143741612
99,AV13-2-CAIDTEGADRLTF-AJ45_BV30-CSSREGQNTLYF-BJ2-4,19,multi-specific,"['RTYTYEKL', 'SNYLFTKL', 'VSFTYRYL']",3,"[0.6069986541049798, 0.10901749663526245, 0.06325706594885598]",RTYTYEKL,0.6069986541049798,RTYTYEKL,0.15174966352624494,True,"['RTYTYEKL', 'SNYLFTKL', 'VSFTYRYL']",3,"['ATLVFHNL', 'EEEPVKKI', 'HIYEFPQL', 'INFDFPKL', 'RAYLFNSV', 'SSYTFPKM', 'SVYVYKVL', 'VAFDFTKV', 'VGPRYTNL', 'VIVRFLTV']",0.0,0.0,"[ 1.94736842  0.          1.05263158  0.78947368  0.68421053 23.73684211
  4.26315789  0.26315789  1.52631579  0.31578947  0.21052632  1.84210526
  2.47368421]",0.3431145467149805,0.34453861069382286,0.0014240639788423715,0.04979811574697173,0.3431145467149805,0.0,0.0,0.34618756607643686,0.003073019361456375,0.026917900403768503,0.3485868674391158,0.005472320724135338,0.020188425302826378,0.38063077613242263,0.03751622941744215,0.017496635262449527,0.2623576340494484,-0.08075691266553209,0.6069986541049798,0.40308587823719516,0.05997133152221468,0.10901749663526245,0.34311949447402984,4.947759049356293e-06,0.006729475100942126,0.35476555317815,0.011651006463169522,0.039030955585464336,0.3433751411439283,0.0002605944289478246,0.00807537012113055,0.3444056533663503,0.0012911066513698333,0.0053835800807537,0.3718805855943353,0.028766038879354805,0.04710632570659488,0.37659607581682353,0.033481529101843044,0.06325706594885598,SNYLFTKL,0.05997133152221468,RTYTYEKL,-0.08075691266553209
100,AV14D-1-CAASADSGTYQRF-AJ13_BV13-2-CASGDALGDYEQYF-BJ2-7,8,multi-specific,"['ATLVFHNL', 'HIYEFPQL', 'RAYLFNSV', 'SNYLFTKL', 'VGPRYTNL', 'VIVRFLTV', 'VSFTYRYL']",7,"[0.10738255033557047, 0.0738255033557047, 0.0738255033557047, 0.10738255033557047, 0.10067114093959731, 0.16778523489932887, 0.24161073825503357]",VSFTYRYL,0.24161073825503357,VIVRFLTV,0.055928411633109625,False,"['ATLVFHNL', 'HIYEFPQL', 'RAYLFNSV', 'SNYLFTKL', 'VGPRYTNL', 'VIVRFLTV', 'VSFTYRYL']",7,"['EEEPVKKI', 'INFDFPKL', 'RTYTYEKL', 'SSYTFPKM', 'SVYVYKVL', 'VAFDFTKV']",0.0,0.0,"[2.    0.    1.375 0.25  1.375 0.875 2.    0.25  0.375 0.625 1.875 3.125
 4.5  ]",0.3430204188374829,0.3559743037047745,0.012953884867291598,0.10738255033557047,0.3430204188374829,0.0,0.0,0.3450025367483766,0.0019821179108936993,0.0738255033557047,0.3432835425228564,0.00026312368537351194,0.013422818791946308,0.3358042246029947,-0.007216194234488216,0.0738255033557047,0.3441869983628,0.0011665795253170685,0.04697986577181208,0.34034808412924233,-0.0026723347082405757,0.10738255033557047,0.34339810279720206,0.000377683959719155,0.013422818791946308,0.35313950317917975,0.010119084341696838,0.020134228187919462,0.34345365474215656,0.0004332359046736456,0.03355704697986577,0.38629367400756376,0.04327325517008085,0.10067114093959731,0.24511047330571425,-0.09790994553176866,0.16778523489932887,0.3930218989039806,0.05000148006649768,0.24161073825503357,VSFTYRYL,0.05000148006649768,VIVRFLTV,-0.09790994553176866
101,AV6-2-CVLGSNMGYKLTF-AJ9_BV29-CASSLGRGVNQAPLF-BJ1-5,5,multi-specific,"['ATLVFHNL', 'HIYEFPQL', 'RAYLFNSV', 'RTYTYEKL', 'SNYLFTKL', 'VIVRFLTV', 'VSFTYRYL']",7,"[0.11818181818181821, 0.2545454545454546, 0.16363636363636366, 0.05454545454545455, 0.14545454545454548, 0.13636363636363638, 0.05454545454545455]",HIYEFPQL,0.2545454545454546,ATLVFHNL,0.009848484848484851,False,"['ATLVFHNL', 'HIYEFPQL', 'RAYLFNSV', 'RTYTYEKL', 'SNYLFTKL', 'VIVRFLTV', 'VSFTYRYL']",7,"['EEEPVKKI', 'INFDFPKL', 'SSYTFPKM', 'SVYVYKVL', 'VAFDFTKV', 'VGPRYTNL']",0.0,0.0,[2.6 0.  5.6 0.  3.6 1.2 3.2 0.2 1.  0.  0.4 3.  1.2],0.3377566717987938,0.3447212285575512,0.006964556758757401,0.11818181818181821,0.3377566717987938,0.0,0.0,0.34589781028452327,0.008141138485729449,0.2545454545454546,0.3377566717987938,0.0,0.0,0.4479776869557022,0.11022101515690841,0.16363636363636366,0.33700561230832937,-0.0007510594904644452,0.05454545454545455,0.38362509044474474,0.045868418645950926,0.14545454545454548,0.3379182167239376,0.00016154492514380836,0.009090909090909092,0.3370100212539238,-0.0007466505448699978,0.04545454545454546,0.3377566717987938,0.0,0.0,0.3394827812382852,0.0017261094394913634,0.018181818181818184,0.35724574585386615,0.01948907405507233,0.13636363636363638,0.34815908620139246,0.010402414402598648,0.05454545454545455,RAYLFNSV,0.11022101515690841,RTYTYEKL,-0.0007510594904644452
102,AV9-4-CAVSSVYQGGRALIF-AJ15_BV20-CGARLRGNSDYTF-BJ1-2,5,multi-specific,"['HIYEFPQL', 'RAYLFNSV', 'RTYTYEKL', 'SNYLFTKL', 'SSYTFPKM', 'SVYVYKVL', 'VAFDFTKV', 'VSFTYRYL']",8,"[0.22018348623853212, 0.05504587155963303, 0.06422018348623854, 0.11926605504587158, 0.05504587155963303, 0.07339449541284405, 0.07339449541284405, 0.25688073394495414]",VSFTYRYL,0.25688073394495414,HIYEFPQL,0.016937191249117856,False,"['HIYEFPQL', 'RAYLFNSV', 'RTYTYEKL', 'SNYLFTKL', 'SSYTFPKM', 'SVYVYKVL', 'VAFDFTKV', 'VSFTYRYL']",8,"['ATLVFHNL', 'EEEPVKKI', 'INFDFPKL', 'VGPRYTNL', 'VIVRFLTV']",0.0,0.0,[0.  0.  4.8 0.  1.2 1.4 2.6 1.2 1.6 1.6 0.8 1.  5.6],0.335751557640967,0.335751557640967,0.0,0.0,0.335751557640967,0.0,0.0,0.2525865815204799,-0.08316497612048707,0.22018348623853212,0.335751557640967,0.0,0.0,0.35241388133744894,0.016662323696481962,0.05504587155963303,0.35190835207492716,0.016156794433960175,0.06422018348623854,0.3491630701512346,0.01341151251026762,0.11926605504587158,0.34720711412159355,0.011455556480626572,0.05504587155963303,0.348855694626889,0.013104136985922,0.07339449541284405,0.36986513515047426,0.034113577509507276,0.07339449541284405,0.3405574606727587,0.004805903031791736,0.03669724770642203,0.34345441241308644,0.007702854772119461,0.045871559633027525,0.2885391837224593,-0.04721237391850769,0.25688073394495414,VAFDFTKV,0.034113577509507276,HIYEFPQL,-0.08316497612048707
103,AV15-2/DV6-2-CALSERSSGSWQLIF-AJ22_BV31-CAWSLAGSGNTLYF-BJ1-3,5,multi-specific,"['ATLVFHNL', 'INFDFPKL', 'RTYTYEKL', 'SNYLFTKL', 'VIVRFLTV']",5,"[0.07692307692307693, 0.11538461538461538, 0.11538461538461538, 0.4230769230769231, 0.15384615384615385]",SNYLFTKL,0.4230769230769231,SNYLFTKL,0.21153846153846154,True,"['ATLVFHNL', 'INFDFPKL', 'RTYTYEKL', 'SNYLFTKL', 'VIVRFLTV']",5,"['EEEPVKKI', 'HIYEFPQL', 'RAYLFNSV', 'SSYTFPKM', 'SVYVYKVL', 'VAFDFTKV', 'VGPRYTNL', 'VSFTYRYL']",0.0,0.0,[0.4 0.  0.2 0.6 0.  0.6 2.2 0.  0.  0.  0.2 0.8 0.2],0.3342775669898462,0.3499583786028806,0.015680811613034418,0.07692307692307693,0.3342775669898462,0.0,0.0,0.3560296453685975,0.021752078378751316,0.038461538461538464,0.5571292783164102,0.22285171132656406,0.11538461538461538,0.3342775669898462,0.0,0.0,0.37835124026423317,0.04407367327438699,0.11538461538461538,0.02672612419124243,-0.30755144279860375,0.4230769230769231,0.3342775669898462,0.0,0.0,0.3342775669898462,0.0,0.0,0.3342775669898462,0.0,0.0,0.3651267022747695,0.030849135284923335,0.038461538461538464,0.35691294152360487,0.02263537453375869,0.15384615384615385,0.3651267022747695,0.030849135284923335,0.038461538461538464,INFDFPKL,0.22285171132656406,SNYLFTKL,-0.30755144279860375
104,AV4D-3-CAAEGNEKITF-AJ48_BV1-CTCSADWEQNTLYF-BJ2-4,49,multi-specific,"['ATLVFHNL', 'HIYEFPQL', 'RAYLFNSV', 'RTYTYEKL', 'SNYLFTKL', 'VIVRFLTV', 'VSFTYRYL']",7,"[0.3720508166969147, 0.08348457350272233, 0.052631578947368425, 0.054446460980036304, 0.08711433756805807, 0.09437386569872959, 0.1488203266787659]",ATLVFHNL,0.3720508166969147,ATLVFHNL,0.18602540834845735,True,"['ATLVFHNL', 'HIYEFPQL', 'RAYLFNSV', 'RTYTYEKL', 'SNYLFTKL', 'VIVRFLTV', 'VSFTYRYL']",7,"['EEEPVKKI', 'INFDFPKL', 'SSYTFPKM', 'SVYVYKVL', 'VAFDFTKV', 'VGPRYTNL']",0.0,0.0,"[4.18367347 0.         0.93877551 0.10204082 0.59183673 0.6122449
 0.97959184 0.3877551  0.32653061 0.24489796 0.14285714 1.06122449
 1.67346939]",0.33074319913974143,0.1983573977631385,-0.13238580137660294,0.3720508166969147,0.33074319913974143,0.0,0.0,0.3355610498681844,0.004817850728442985,0.08348457350272233,0.3311868400881413,0.00044364094839988155,0.009074410163339383,0.33913671078443774,0.008393511644696316,0.052631578947368425,0.34756349540683934,0.01682029626709791,0.054446460980036304,0.3394748102330598,0.008731611093318381,0.08711433756805807,0.3356099823620086,0.00486678322226719,0.034482758620689655,0.3458605687973398,0.015117369657598356,0.029038112522686024,0.3352174878385,0.004474288698758544,0.021778584392014518,0.33318484509451024,0.002441645954768812,0.012704174228675136,0.37635810780899803,0.045614908669256604,0.09437386569872959,0.3723185616680519,0.041575362528310456,0.1488203266787659,VIVRFLTV,0.045614908669256604,ATLVFHNL,-0.13238580137660294
105,AV12D-2-CALSDDYAQGLTF-AJ26_BV14-CASSPNRVGEQYF-BJ2-7,14,multi-specific,"['ATLVFHNL', 'HIYEFPQL', 'INFDFPKL', 'RTYTYEKL', 'SVYVYKVL', 'VSFTYRYL']",6,"[0.06000000000000001, 0.16333333333333336, 0.05333333333333334, 0.42000000000000004, 0.056666666666666664, 0.13666666666666666]",RTYTYEKL,0.42000000000000004,RTYTYEKL,0.084,True,"['ATLVFHNL', 'HIYEFPQL', 'INFDFPKL', 'RTYTYEKL', 'SVYVYKVL', 'VSFTYRYL']",6,"['EEEPVKKI', 'RAYLFNSV', 'SNYLFTKL', 'SSYTFPKM', 'VAFDFTKV', 'VGPRYTNL', 'VIVRFLTV']",0.0,0.0,"[1.28571429 0.         3.5        1.14285714 0.42857143 9.
 0.85714286 0.35714286 1.21428571 0.28571429 0.07142857 0.35714286
 2.92857143]",0.3306303477787698,0.33660467116542786,0.0059743233866580425,0.06000000000000001,0.3306303477787698,0.0,0.0,0.3586977178257917,0.028067370047021867,0.16333333333333336,0.3716826692202679,0.04105232144149806,0.05333333333333334,0.3318144878303228,0.0011841400515529843,0.02,0.23221623523591092,-0.0984141125428589,0.42000000000000004,0.3499341290954335,0.01930378131666366,0.04,0.3314417949046918,0.0008114471259219602,0.01666666666666667,0.3312172821038169,0.0005869343250470838,0.056666666666666664,0.3317009956932234,0.001070647914453604,0.013333333333333334,0.38573540574189813,0.05510505796312831,0.0033333333333333335,0.3308016958234446,0.0001713480446747795,0.01666666666666667,0.3375079795617724,0.006877631783002602,0.13666666666666666,INFDFPKL,0.04105232144149806,RTYTYEKL,-0.0984141125428589
106,AV7-3-CAVYQGGRALIF-AJ15_BV19-CASSIDGLGDAEQFF-BJ2-1,5,multi-specific,"['ATLVFHNL', 'HIYEFPQL', 'RAYLFNSV', 'SNYLFTKL', 'SVYVYKVL', 'VIVRFLTV', 'VSFTYRYL']",7,"[0.12499999999999997, 0.062499999999999986, 0.062499999999999986, 0.08333333333333333, 0.14583333333333331, 0.37499999999999994, 0.08333333333333333]",VIVRFLTV,0.37499999999999994,SNYLFTKL,0.041666666666666664,False,"['ATLVFHNL', 'HIYEFPQL', 'RAYLFNSV', 'SNYLFTKL', 'SVYVYKVL', 'VIVRFLTV', 'VSFTYRYL']",7,"['EEEPVKKI', 'INFDFPKL', 'RTYTYEKL', 'SSYTFPKM', 'VAFDFTKV', 'VGPRYTNL']",0.0,0.0,[1.2 0.  0.6 0.  0.6 0.  0.8 0.  1.4 0.4 0.2 3.6 0.8],0.3298649232464582,0.3509427614832317,0.021077838236773505,0.12499999999999997,0.3298649232464582,0.0,0.0,0.34820943479877436,0.018344511552316145,0.062499999999999986,0.3298649232464582,0.0,0.0,0.3362619214216479,0.006396998175189683,0.062499999999999986,0.3298649232464582,0.0,0.0,0.4985393777883807,0.16867445454192248,0.08333333333333333,0.3298649232464582,0.0,0.0,0.3700247669621547,0.040159843715696475,0.14583333333333331,0.3326278107384689,0.0027628874920107016,0.041666666666666664,0.3305442034319264,0.0006792801854682007,0.020833333333333332,0.19645444890010103,-0.1334104743463572,0.37499999999999994,0.33355242535188656,0.003687502105428342,0.08333333333333333,SNYLFTKL,0.16867445454192248,VIVRFLTV,-0.1334104743463572
107,AV6-6-CALGEDGSSGNKLIF-AJ32_BV13-3-CASRQGARTEVFF-BJ1-1,8,multi-specific,"['HIYEFPQL', 'INFDFPKL', 'RAYLFNSV', 'RTYTYEKL', 'SNYLFTKL', 'SVYVYKVL', 'VIVRFLTV', 'VSFTYRYL']",8,"[0.14857142857142858, 0.09142857142857143, 0.08571428571428572, 0.06857142857142857, 0.2342857142857143, 0.10857142857142857, 0.09142857142857143, 0.10285714285714286]",SNYLFTKL,0.2342857142857143,SNYLFTKL,0.03123809523809524,True,"['HIYEFPQL', 'INFDFPKL', 'RAYLFNSV', 'RTYTYEKL', 'SNYLFTKL', 'SVYVYKVL', 'VIVRFLTV', 'VSFTYRYL']",8,"['ATLVFHNL', 'EEEPVKKI', 'SSYTFPKM', 'VAFDFTKV', 'VGPRYTNL']",0.0,0.0,"[0.5   0.    3.25  2.    1.875 1.5   5.125 0.    2.375 0.5   0.5   2.
 2.25 ]",0.3281974248546158,0.32912970216399756,0.0009322773093817793,0.022857142857142857,0.3281974248546158,0.0,0.0,0.34207952131691516,0.013882096462299376,0.14857142857142858,0.3354494361710852,0.007252011316469409,0.09142857142857143,0.3559001769893907,0.02770275213477491,0.08571428571428572,0.35380447833058154,0.025607053475965758,0.06857142857142857,0.32913314527915555,0.0009357204245397654,0.2342857142857143,0.3281974248546158,0.0,0.0,0.3214512311519287,-0.006746193702687087,0.10857142857142857,0.34237728187498695,0.014179857020371167,0.022857142857142857,0.3290388032544983,0.0008413783998825197,0.022857142857142857,0.33940329952176107,0.011205874667145288,0.09142857142857143,0.3529526782036134,0.02475525334899764,0.10285714285714286,RAYLFNSV,0.02770275213477491,SVYVYKVL,-0.006746193702687087
108,AV9-2-CVFHDTNAYKVIF-AJ30_BV13-2-CASGDALFQDTQYF-BJ2-5,11,multi-specific,"['ATLVFHNL', 'HIYEFPQL', 'RAYLFNSV', 'RTYTYEKL', 'SNYLFTKL', 'SVYVYKVL', 'VSFTYRYL']",7,"[0.11702127659574468, 0.06382978723404255, 0.07446808510638298, 0.06382978723404255, 0.14361702127659576, 0.3191489361702128, 0.09574468085106384]",SVYVYKVL,0.3191489361702128,SVYVYKVL,0.05319148936170213,True,"['ATLVFHNL', 'HIYEFPQL', 'RAYLFNSV', 'RTYTYEKL', 'SNYLFTKL', 'SVYVYKVL', 'VSFTYRYL']",7,"['EEEPVKKI', 'INFDFPKL', 'SSYTFPKM', 'VAFDFTKV', 'VGPRYTNL', 'VIVRFLTV']",0.0,0.0,"[2.         0.         1.09090909 0.         1.27272727 1.09090909
 2.45454545 0.45454545 5.45454545 0.36363636 0.63636364 0.63636364
 1.63636364]",0.3279396752820308,0.40468446355537646,0.07674478827334569,0.11702127659574468,0.3279396752820308,0.0,0.0,0.3390213420980998,0.011081666816069036,0.06382978723404255,0.3279396752820308,0.0,0.0,0.36554071389592135,0.03760103861389058,0.07446808510638298,0.3385196476157587,0.010579972333727927,0.06382978723404255,0.33345888920964606,0.005519213927615285,0.14361702127659576,0.3303129127360248,0.002373237453994037,0.026595744680851064,0.24530498879687204,-0.08263468648515873,0.3191489361702128,0.3310557258201365,0.003116050538105708,0.021276595744680854,0.32962160838552873,0.0016819331034979568,0.03723404255319149,0.33096644886739446,0.0030267735853636846,0.03723404255319149,0.3245765253761492,-0.003363149905881546,0.09574468085106384,ATLVFHNL,0.07674478827334569,SVYVYKVL,-0.08263468648515873
109,AV8N-2-CAPGTGGYKVVF-AJ12_BV13-1-CASSEGTYQNTLYF-BJ2-4,25,multi-specific,"['ATLVFHNL', 'HIYEFPQL', 'INFDFPKL', 'RTYTYEKL', 'SNYLFTKL', 'VIVRFLTV', 'VSFTYRYL']",7,"[0.05459057071960297, 0.11910669975186103, 0.059553349875930514, 0.3349875930521092, 0.11166253101736973, 0.06699751861042183, 0.086848635235732]",RTYTYEKL,0.3349875930521092,RTYTYEKL,0.11166253101736973,True,"['ATLVFHNL', 'HIYEFPQL', 'INFDFPKL', 'RTYTYEKL', 'SNYLFTKL', 'VIVRFLTV', 'VSFTYRYL']",7,"['EEEPVKKI', 'RAYLFNSV', 'SSYTFPKM', 'SVYVYKVL', 'VAFDFTKV', 'VGPRYTNL']",0.0,0.0,[0.88 0.   1.92 0.96 0.6  5.4  1.8  0.44 0.56 0.6  0.48 1.08 1.4 ],0.32785590300243656,0.3697092558460868,0.04185335284365027,0.05459057071960297,0.32785590300243656,0.0,0.0,0.30376052336448367,-0.024095379637952885,0.11910669975186103,0.3365384213337889,0.008682518331352362,0.059553349875930514,0.3296270415392709,0.0017711385368343602,0.03722084367245657,0.2746531439546942,-0.053202759047742354,0.3349875930521092,0.36568036935817827,0.037824466355741715,0.11166253101736973,0.33389205500251745,0.006036152000080897,0.027295285359801486,0.3287979980886228,0.0009420950861862565,0.034739454094292806,0.3414835828067,0.013627679804263437,0.03722084367245657,0.33977926982677825,0.011923366824341697,0.029776674937965257,0.33172409282154003,0.0038681898191034736,0.06699751861042183,0.32801706741999165,0.00016116441755509303,0.086848635235732,ATLVFHNL,0.04185335284365027,RTYTYEKL,-0.053202759047742354
110,AV6D-7-CALGANYNQGKLIF-AJ23_BV1-CTCSAGLGKDTQYF-BJ2-5,5,multi-specific,"['HIYEFPQL', 'INFDFPKL', 'RAYLFNSV', 'RTYTYEKL', 'SNYLFTKL', 'SVYVYKVL', 'VIVRFLTV', 'VSFTYRYL']",8,"[0.18888888888888888, 0.07777777777777778, 0.06666666666666667, 0.05555555555555555, 0.14444444444444446, 0.15555555555555556, 0.17777777777777778, 0.08888888888888889]",HIYEFPQL,0.18888888888888888,HIYEFPQL,0.026984126984126982,True,"['HIYEFPQL', 'INFDFPKL', 'RAYLFNSV', 'RTYTYEKL', 'SNYLFTKL', 'SVYVYKVL', 'VIVRFLTV', 'VSFTYRYL']",8,"['ATLVFHNL', 'EEEPVKKI', 'SSYTFPKM', 'VAFDFTKV', 'VGPRYTNL']",0.0,0.0,[0.6 0.  3.4 1.4 1.2 1.  2.6 0.  2.8 0.  0.2 3.2 1.6],0.32424446600346024,0.32525959318404724,0.0010151271805869944,0.03333333333333333,0.32424446600346024,0.0,0.0,0.18769657487128497,-0.13654789113217528,0.18888888888888888,0.33011721894974466,0.005872752946284421,0.07777777777777778,0.3284727209032669,0.0042282548998066605,0.06666666666666667,0.32960450051449686,0.0053600345110366154,0.05555555555555555,0.36369778209256454,0.039453316089104296,0.14444444444444446,0.32424446600346024,0.0,0.0,0.32971965150347515,0.005475185500014912,0.15555555555555556,0.32424446600346024,0.0,0.0,0.32435595499338915,0.00011148898992890954,0.011111111111111112,0.37089612452999254,0.0466516585265323,0.17777777777777778,0.3610615759596481,0.036817109956187866,0.08888888888888889,VIVRFLTV,0.0466516585265323,HIYEFPQL,-0.13654789113217528
111,AV16N-CAMREDASSGSWQLIF-AJ22_BV13-2-CASGDRGLGGSDTQYF-BJ2-5,16,multi-specific,"['RAYLFNSV', 'SNYLFTKL', 'VIVRFLTV', 'VSFTYRYL']",4,"[0.08092485549132948, 0.057803468208092484, 0.09248554913294797, 0.6069364161849711]",VSFTYRYL,0.6069364161849711,VSFTYRYL,0.24277456647398843,True,"['RAYLFNSV', 'SNYLFTKL', 'VIVRFLTV', 'VSFTYRYL']",4,"['ATLVFHNL', 'EEEPVKKI', 'HIYEFPQL', 'INFDFPKL', 'RTYTYEKL', 'SSYTFPKM', 'SVYVYKVL', 'VAFDFTKV', 'VGPRYTNL']",0.0,0.0,"[0.5    0.     0.5    0.125  0.875  0.25   0.625  0.0625 0.3125 0.
 0.     1.     6.5625]",0.3233343957075198,0.3626094860186877,0.03927509031116788,0.046242774566473986,0.3233343957075198,0.0,0.0,0.34285244783020097,0.01951805212268115,0.046242774566473986,0.3234353474926977,0.00010095178517788295,0.011560693641618497,0.32660245912123714,0.003268063413717326,0.08092485549132948,0.36684976865615476,0.043515372948634945,0.023121387283236993,0.3335060422580278,0.010171646550508007,0.057803468208092484,0.3234779995145051,0.00014360380698530406,0.005780346820809248,0.32648323688477315,0.0031488411772533365,0.028901734104046242,0.3233343957075198,0.0,0.0,0.3233343957075198,0.0,0.0,0.36637725148300326,0.043042855775483446,0.09248554913294797,0.15263333858751682,-0.170701057120003,0.6069364161849711,VIVRFLTV,0.043042855775483446,VSFTYRYL,-0.170701057120003
112,AV7-2-CAANSNTNKVVF-AJ34_BV13-2-CASGDWQGDSPLYF-BJ1-6,33,multi-specific,"['HIYEFPQL', 'INFDFPKL', 'RTYTYEKL', 'SNYLFTKL', 'SVYVYKVL', 'VIVRFLTV', 'VSFTYRYL']",7,"[0.11071428571428572, 0.06428571428571428, 0.1, 0.23392857142857143, 0.05, 0.1392857142857143, 0.15]",SNYLFTKL,0.23392857142857143,SNYLFTKL,0.07797619047619048,True,"['HIYEFPQL', 'INFDFPKL', 'RTYTYEKL', 'SNYLFTKL', 'SVYVYKVL', 'VIVRFLTV', 'VSFTYRYL']",7,"['ATLVFHNL', 'EEEPVKKI', 'RAYLFNSV', 'SSYTFPKM', 'VAFDFTKV', 'VGPRYTNL']",0.0,0.0,"[0.57575758 0.         1.87878788 1.09090909 0.63636364 1.6969697
 3.96969697 0.39393939 0.84848485 0.63636364 0.33333333 2.36363636
 2.54545455]",0.32250497916184107,0.36054040259846754,0.03803542343662647,0.03392857142857143,0.32250497916184107,0.0,0.0,0.3338748464679385,0.011369867306097459,0.11071428571428572,0.34766528788410855,0.025160308722267488,0.06428571428571428,0.3270665532739741,0.004561574112133038,0.0375,0.3367896300948224,0.014284650932981313,0.1,0.2598872586074735,-0.06261772055436754,0.23392857142857143,0.3309610937699829,0.00845611460814183,0.023214285714285715,0.33814003995369735,0.01563506079185628,0.05,0.32438675299971176,0.0018817738378706927,0.0375,0.3232484487522975,0.0007434695904564581,0.019642857142857142,0.32814825846092177,0.005643279299080706,0.1392857142857143,0.33477093417419423,0.012265955012353169,0.15,INFDFPKL,0.025160308722267488,SNYLFTKL,-0.06261772055436754
113,AV7-2-CAASQGGRALIF-AJ15_BV26-CASSLSRAGTGQLYF-BJ2-2,18,multi-specific,"['ATLVFHNL', 'HIYEFPQL', 'INFDFPKL', 'RAYLFNSV', 'SNYLFTKL', 'VIVRFLTV', 'VSFTYRYL']",7,"[0.07420494699646643, 0.22968197879858657, 0.0636042402826855, 0.06713780918727914, 0.20848056537102472, 0.11307420494699645, 0.14840989399293286]",HIYEFPQL,0.22968197879858657,SNYLFTKL,0.05212014134275618,False,"['ATLVFHNL', 'HIYEFPQL', 'INFDFPKL', 'RAYLFNSV', 'SNYLFTKL', 'VIVRFLTV', 'VSFTYRYL']",7,"['EEEPVKKI', 'RTYTYEKL', 'SSYTFPKM', 'SVYVYKVL', 'VAFDFTKV', 'VGPRYTNL']",0.0,0.0,"[1.16666667 0.         3.61111111 1.         1.05555556 0.72222222
 3.27777778 0.16666667 0.22222222 0.05555556 0.33333333 1.77777778
 2.33333333]",0.3221723414316643,0.3339857680016901,0.01181342657002582,0.07420494699646643,0.3221723414316643,0.0,0.0,0.3159168461214681,-0.006255495310196202,0.22968197879858657,0.3622110038855387,0.040038662453874385,0.0636042402826855,0.36246625059608145,0.04029390916441716,0.06713780918727914,0.3245457556661431,0.002373414234478788,0.04593639575971731,0.2930928719755063,-0.02907946945615797,0.20848056537102472,0.32696682434284446,0.004794482911180176,0.010600706713780918,0.3258081316845386,0.0036357902528743047,0.014134275618374556,0.32220761075935994,3.526932769565283e-05,0.003533568904593639,0.32400725628260646,0.0018349148509421709,0.021201413427561835,0.33884921596786094,0.01667687453619665,0.11307420494699645,0.3715966004777383,0.049424259046074004,0.14840989399293286,VSFTYRYL,0.049424259046074004,SNYLFTKL,-0.02907946945615797
114,AV7-5-CAVRNAGAKLTF-AJ39_BV1-CTCSATGGGNQAPLF-BJ1-5,15,multi-specific,"['ATLVFHNL', 'HIYEFPQL', 'RTYTYEKL', 'SNYLFTKL', 'VIVRFLTV', 'VSFTYRYL']",6,"[0.06696428571428573, 0.07589285714285715, 0.14285714285714288, 0.1473214285714286, 0.13392857142857145, 0.23660714285714288]",VSFTYRYL,0.23660714285714288,VIVRFLTV,0.06696428571428573,False,"['ATLVFHNL', 'HIYEFPQL', 'RTYTYEKL', 'SNYLFTKL', 'VIVRFLTV', 'VSFTYRYL']",6,"['EEEPVKKI', 'INFDFPKL', 'RAYLFNSV', 'SSYTFPKM', 'SVYVYKVL', 'VAFDFTKV', 'VGPRYTNL']",0.0,0.0,"[1.         0.         1.13333333 0.46666667 0.6        2.13333333
 2.2        0.53333333 0.46666667 0.2        0.66666667 2.
 3.53333333]",0.32168123779142543,0.32741126808781895,0.005730030296393518,0.06696428571428573,0.32168123779142543,0.0,0.0,0.3243908814441183,0.0027096436526928835,0.07589285714285715,0.3342476591909171,0.012566421399491656,0.03125000000000001,0.32329623887978004,0.0016150010883546062,0.04017857142857143,0.3356317988972756,0.01395056110585019,0.14285714285714288,0.35176079100032054,0.030079553208895105,0.1473214285714286,0.330720140225161,0.009038902433735563,0.03571428571428572,0.3238233254989774,0.002142087707551976,0.03125000000000001,0.32237553965940424,0.0006943018679788082,0.013392857142857146,0.3299986391397206,0.008317401348295173,0.044642857142857144,0.33188715405755426,0.010205916266128823,0.13392857142857145,0.2729734893262005,-0.04870774846522491,0.23660714285714288,SNYLFTKL,0.030079553208895105,VSFTYRYL,-0.04870774846522491
115,AV16N-CAMREGGTGGYKVVF-AJ12_BV13-2-CASGDNNANSDYTF-BJ1-2,6,multi-specific,"['HIYEFPQL', 'SNYLFTKL', 'SVYVYKVL', 'VAFDFTKV', 'VIVRFLTV', 'VSFTYRYL']",6,"[0.09803921568627451, 0.19607843137254902, 0.23529411764705882, 0.12745098039215685, 0.0784313725490196, 0.0784313725490196]",SVYVYKVL,0.23529411764705882,SVYVYKVL,0.029411764705882353,True,"['HIYEFPQL', 'SNYLFTKL', 'SVYVYKVL', 'VAFDFTKV', 'VIVRFLTV', 'VSFTYRYL']",6,"['ATLVFHNL', 'EEEPVKKI', 'INFDFPKL', 'RAYLFNSV', 'RTYTYEKL', 'SSYTFPKM', 'VGPRYTNL']",0.0,0.0,"[0.83333333 0.         1.66666667 0.33333333 0.5        0.5
 3.33333333 0.66666667 4.         2.16666667 0.33333333 1.33333333
 1.33333333]",0.32101255447879345,0.3245751546948129,0.0035626002160194514,0.049019607843137254,0.32101255447879345,0.0,0.0,0.34173427444835447,0.020721719969561014,0.09803921568627451,0.3226423797501369,0.0016298252713434214,0.0196078431372549,0.323478819719998,0.002466265241204524,0.029411764705882353,0.32287954228188576,0.0018669878030923015,0.029411764705882353,0.3711223896708077,0.05010983519201423,0.19607843137254902,0.32250473299884574,0.0014921785200522897,0.0392156862745098,0.27474507315314767,-0.04626748132564579,0.23529411764705882,0.41086482231892785,0.08985226784013439,0.12745098039215685,0.3212063024882074,0.0001937480094139632,0.0196078431372549,0.3275195680716537,0.006507013592860267,0.0784313725490196,0.314092780032608,-0.006919774446185467,0.0784313725490196,VAFDFTKV,0.08985226784013439,SVYVYKVL,-0.04626748132564579
116,AV14-2-CAASESSGSWQLIF-AJ22_BV5-CASSQRLGGQEQYF-BJ2-7,21,multi-specific,"['ATLVFHNL', 'RTYTYEKL', 'SNYLFTKL', 'VSFTYRYL']",4,"[0.1646090534979424, 0.2962962962962963, 0.17695473251028807, 0.08641975308641975]",RTYTYEKL,0.2962962962962963,RTYTYEKL,0.09876543209876543,True,"['ATLVFHNL', 'RTYTYEKL', 'SNYLFTKL', 'VSFTYRYL']",4,"['EEEPVKKI', 'HIYEFPQL', 'INFDFPKL', 'RAYLFNSV', 'SSYTFPKM', 'SVYVYKVL', 'VAFDFTKV', 'VGPRYTNL', 'VIVRFLTV']",0.0,0.0,"[1.9047619  0.         0.47619048 0.38095238 0.57142857 3.42857143
 2.04761905 0.23809524 0.23809524 0.38095238 0.33333333 0.57142857
 1.        ]",0.3204577090881832,0.3279322957385437,0.007474586650360493,0.1646090534979424,0.3204577090881832,0.0,0.0,0.3242346050673551,0.003776895979171857,0.0411522633744856,0.332187403334005,0.011729694245821765,0.03292181069958847,0.3271465627381312,0.006688853649947979,0.04938271604938271,0.24712599713745198,-0.07333171195073124,0.2962962962962963,0.32817191830302245,0.007714209214839229,0.17695473251028807,0.32140280001896643,0.00094509093078321,0.0205761316872428,0.3531634781326598,0.032705769044476585,0.0205761316872428,0.32900351401523165,0.008545804927048428,0.03292181069958847,0.35228587571001546,0.03182816662183224,0.02880658436213992,0.3259026325631974,0.005444923475014185,0.04938271604938271,0.35664183314900993,0.03618412406082672,0.08641975308641975,VSFTYRYL,0.03618412406082672,RTYTYEKL,-0.07333171195073124
117,AV12D-3-CALFYQGGRALIF-AJ15_BV13-1-CASSEGGREQYF-BJ2-7,6,multi-specific,"['HIYEFPQL', 'RAYLFNSV', 'RTYTYEKL', 'SNYLFTKL', 'SVYVYKVL', 'VIVRFLTV', 'VSFTYRYL']",7,"[0.05263157894736842, 0.19298245614035087, 0.22807017543859648, 0.08771929824561404, 0.21052631578947367, 0.10526315789473684, 0.07017543859649122]",RTYTYEKL,0.22807017543859648,RTYTYEKL,0.050682261208576995,True,"['HIYEFPQL', 'RAYLFNSV', 'RTYTYEKL', 'SNYLFTKL', 'SVYVYKVL', 'VIVRFLTV', 'VSFTYRYL']",7,"['ATLVFHNL', 'EEEPVKKI', 'INFDFPKL', 'SSYTFPKM', 'VAFDFTKV', 'VGPRYTNL']",0.0,0.0,"[0.16666667 0.         0.5        0.         1.83333333 2.16666667
 0.83333333 0.         2.         0.16666667 0.16666667 1.
 0.66666667]",0.3171970305442558,0.32106538166241877,0.0038683511181629715,0.017543859649122806,0.3171970305442558,0.0,0.0,0.3197443674263755,0.0025473368821197218,0.05263157894736842,0.3171970305442558,0.0,0.0,0.324202379934083,0.00700534938982722,0.19298245614035087,0.3605925900230703,0.043395559478814516,0.22807017543859648,0.29672002934611846,-0.020477001198137335,0.08771929824561404,0.3171970305442558,0.0,0.0,0.28119231207359896,-0.03600471847065684,0.21052631578947367,0.33321853994943607,0.016021509405180268,0.017543859649122806,0.31746992333670115,0.00027289279244535614,0.017543859649122806,0.3389518276534776,0.02175479710922179,0.10526315789473684,0.3218791411697644,0.0046821106255086065,0.07017543859649122,RTYTYEKL,0.043395559478814516,SVYVYKVL,-0.03600471847065684
118,AV10-CAASADYANKMIF-AJ47_BV3-CASSLAGQGYEQYF-BJ2-7,7,multi-specific,"['RAYLFNSV', 'SNYLFTKL', 'VGPRYTNL', 'VIVRFLTV', 'VSFTYRYL']",5,"[0.16304347826086957, 0.13043478260869565, 0.25, 0.1956521739130435, 0.18478260869565216]",VGPRYTNL,0.25,VSFTYRYL,0.03079710144927536,False,"['RAYLFNSV', 'SNYLFTKL', 'VGPRYTNL', 'VIVRFLTV', 'VSFTYRYL']",5,"['ATLVFHNL', 'EEEPVKKI', 'HIYEFPQL', 'INFDFPKL', 'RTYTYEKL', 'SSYTFPKM', 'SVYVYKVL', 'VAFDFTKV']",0.0,0.0,"[0.14285714 0.         0.28571429 0.14285714 2.14285714 0.14285714
 1.71428571 0.14285714 0.14285714 0.         3.28571429 2.57142857
 2.42857143]",0.31628149781372533,0.3291339434621883,0.012852445648462996,0.010869565217391304,0.31628149781372533,0.0,0.0,0.32676556594999956,0.010484068136274227,0.021739130434782608,0.3167616206279989,0.00048012281427356474,0.010869565217391304,0.36794585976549915,0.05166436195177382,0.16304347826086957,0.31698247046620454,0.0007009726524792037,0.010869565217391304,0.3004958868553231,-0.015785610958402252,0.13043478260869565,0.3164092897078477,0.00012779189412237546,0.010869565217391304,0.3164092897078477,0.00012779189412237546,0.010869565217391304,0.31628149781372533,0.0,0.0,0.34502403979215984,0.02874254197843451,0.25,0.3338654541818636,0.017583956368138254,0.1956521739130435,0.31401099248613357,-0.0022705053275917653,0.18478260869565216,RAYLFNSV,0.05166436195177382,SNYLFTKL,-0.015785610958402252
119,AV7-5-CAVSLTGNTGKLIF-AJ37_BV19-CASSKDRFAEQFF-BJ2-1,6,multi-specific,"['ATLVFHNL', 'HIYEFPQL', 'RAYLFNSV', 'RTYTYEKL', 'SVYVYKVL', 'VIVRFLTV', 'VSFTYRYL']",7,"[0.23611111111111113, 0.06944444444444445, 0.05555555555555555, 0.05555555555555555, 0.09722222222222222, 0.2638888888888889, 0.1388888888888889]",VIVRFLTV,0.2638888888888889,VIVRFLTV,0.04398148148148148,True,"['ATLVFHNL', 'HIYEFPQL', 'RAYLFNSV', 'RTYTYEKL', 'SVYVYKVL', 'VIVRFLTV', 'VSFTYRYL']",7,"['EEEPVKKI', 'INFDFPKL', 'SNYLFTKL', 'SSYTFPKM', 'VAFDFTKV', 'VGPRYTNL']",0.0,0.0,"[2.83333333 0.         0.83333333 0.16666667 0.66666667 0.66666667
 0.16666667 0.16666667 1.16666667 0.16666667 0.33333333 3.16666667
 1.66666667]",0.31218036758978784,0.3406374827711449,0.028457115181357073,0.23611111111111113,0.31218036758978773,-1.1102230246251565e-16,0.0,0.42708040437290007,0.11490003678311222,0.06944444444444445,0.31260399122784505,0.00042362363805720227,0.013888888888888888,0.3172425733336075,0.005062205743819659,0.05555555555555555,0.3194189898142607,0.007238622224472857,0.05555555555555555,0.3253549535310435,0.013174585941255645,0.013888888888888888,0.32355008180334344,0.011369714213555593,0.013888888888888888,0.3007708854628048,-0.011409482126983062,0.09722222222222222,0.31260399122784505,0.00042362363805720227,0.013888888888888888,0.3158376559421209,0.0036572883523330324,0.027777777777777776,0.21118051611146454,-0.1009998514783233,0.2638888888888889,0.3251175413031966,0.012937173713408745,0.1388888888888889,HIYEFPQL,0.11490003678311222,VIVRFLTV,-0.1009998514783233
120,AV16N-CAMREGDSNYQLIW-AJ33_BV13-2-CASGDRANSDYTF-BJ1-2,7,multi-specific,"['ATLVFHNL', 'RAYLFNSV', 'SNYLFTKL', 'VAFDFTKV', 'VSFTYRYL']",5,"[0.18181818181818182, 0.14876033057851243, 0.27272727272727276, 0.15702479338842976, 0.1322314049586777]",SNYLFTKL,0.27272727272727276,SNYLFTKL,0.03896103896103897,True,"['ATLVFHNL', 'RAYLFNSV', 'SNYLFTKL', 'VAFDFTKV', 'VSFTYRYL']",5,"['EEEPVKKI', 'HIYEFPQL', 'INFDFPKL', 'RTYTYEKL', 'SSYTFPKM', 'SVYVYKVL', 'VGPRYTNL', 'VIVRFLTV']",0.0,0.0,"[3.14285714 0.         0.14285714 0.         2.57142857 0.14285714
 4.71428571 0.42857143 0.14285714 2.71428571 0.14285714 0.85714286
 2.28571429]",0.3084030387028812,0.3992010604124138,0.0907980217095326,0.18181818181818182,0.3084030387028812,0.0,0.0,0.3092951245061831,0.0008920858033018564,0.008264462809917356,0.3084030387028812,0.0,0.0,0.32015955421173964,0.011756515508858423,0.14876033057851243,0.3086497371158323,0.0002466984129511074,0.008264462809917356,0.2466468862735375,-0.06175615242934371,0.27272727272727276,0.3092381287912093,0.0008350900883281054,0.024793388429752067,0.3092715619117974,0.0008685232089161721,0.008264462809917356,0.4117145375759873,0.10331149887310609,0.15702479338842976,0.3086497371158323,0.0002466984129511074,0.008264462809917356,0.31190300669984555,0.003499967996964337,0.049586776859504134,0.35102201877954003,0.04261898007665882,0.1322314049586777,VAFDFTKV,0.10331149887310609,SNYLFTKL,-0.06175615242934371
121,AV16-CAMREGDGANTGKLTF-AJ52_BV31-CAWARGNYAEQFF-BJ2-1,5,multi-specific,"['HIYEFPQL', 'RAYLFNSV', 'RTYTYEKL', 'SNYLFTKL', 'VGPRYTNL', 'VSFTYRYL']",6,"[0.1774193548387097, 0.06451612903225806, 0.3709677419354838, 0.14516129032258066, 0.06451612903225806, 0.1129032258064516]",RTYTYEKL,0.3709677419354838,RTYTYEKL,0.05299539170506912,True,"['HIYEFPQL', 'RAYLFNSV', 'RTYTYEKL', 'SNYLFTKL', 'VGPRYTNL', 'VSFTYRYL']",6,"['ATLVFHNL', 'EEEPVKKI', 'INFDFPKL', 'SSYTFPKM', 'SVYVYKVL', 'VAFDFTKV', 'VIVRFLTV']",0.0,0.0,[0.4 0.  2.2 0.  0.8 4.6 1.8 0.2 0.  0.  0.8 0.2 1.4],0.3064118930742912,0.3072442432005108,0.0008323501262196276,0.03225806451612903,0.3064118930742912,0.0,0.0,0.2891913545000463,-0.01722053857424488,0.1774193548387097,0.3064118930742912,0.0,0.0,0.3124221330405472,0.006010239966256048,0.06451612903225806,0.25951916101747075,-0.04689273205682043,0.3709677419354838,0.32163852718674385,0.015226634112452675,0.14516129032258066,0.31083275385722126,0.0044208607829300806,0.016129032258064516,0.3064118930742912,0.0,0.0,0.3064118930742912,0.0,0.0,0.36547462490341703,0.05906273182912586,0.06451612903225806,0.3074370668578972,0.0010251737836060038,0.016129032258064516,0.2928269373219992,-0.01358495575229196,0.1129032258064516,VGPRYTNL,0.05906273182912586,RTYTYEKL,-0.04689273205682043
122,AV4D-3-CAADTNAYKVIF-AJ30_BV29-CASSEDNNQAPLF-BJ1-5,5,multi-specific,"['ATLVFHNL', 'RTYTYEKL', 'SNYLFTKL', 'VSFTYRYL']",4,"[0.5098039215686275, 0.17647058823529413, 0.11764705882352941, 0.11764705882352941]",ATLVFHNL,0.5098039215686275,ATLVFHNL,0.1019607843137255,True,"['ATLVFHNL', 'RTYTYEKL', 'SNYLFTKL', 'VSFTYRYL']",4,"['EEEPVKKI', 'HIYEFPQL', 'INFDFPKL', 'RAYLFNSV', 'SSYTFPKM', 'SVYVYKVL', 'VAFDFTKV', 'VGPRYTNL', 'VIVRFLTV']",0.0,0.0,[5.2 0.  0.4 0.  0.4 1.8 1.2 0.  0.  0.  0.  0.  1.2],0.3046329864967666,0.20334774196805938,-0.10128524452870724,0.5098039215686275,0.3046329864967666,0.0,0.0,0.49211757390672406,0.18748458740995744,0.03921568627450981,0.3046329864967666,0.0,0.0,0.3059634576150222,0.0013304711182555717,0.03921568627450981,0.30827303373156967,0.0036400472348030455,0.17647058823529413,0.3195014236738929,0.01486843717712627,0.11764705882352941,0.3046329864967666,0.0,0.0,0.3046329864967666,0.0,0.0,0.3046329864967666,0.0,0.0,0.3046329864967666,0.0,0.0,0.3046329864967666,0.0,0.0,0.31285468820183676,0.008221701705070139,0.11764705882352941,SNYLFTKL,0.01486843717712627,ATLVFHNL,-0.10128524452870724
123,AV12-2-CALSDRGSSSFSKLVF-AJ50_BV1-CTCSGTNNQAPLF-BJ1-5,5,multi-specific,"['ATLVFHNL', 'RAYLFNSV', 'SNYLFTKL', 'SVYVYKVL', 'VSFTYRYL']",5,"[0.23076923076923078, 0.09615384615384617, 0.11538461538461539, 0.057692307692307696, 0.3846153846153847]",VSFTYRYL,0.3846153846153847,VSFTYRYL,0.09615384615384617,True,"['ATLVFHNL', 'RAYLFNSV', 'SNYLFTKL', 'SVYVYKVL', 'VSFTYRYL']",5,"['EEEPVKKI', 'HIYEFPQL', 'INFDFPKL', 'RTYTYEKL', 'SSYTFPKM', 'VAFDFTKV', 'VGPRYTNL', 'VIVRFLTV']",0.0,0.0,[2.4 0.  0.4 0.  1.  0.  1.2 0.2 0.6 0.  0.4 0.2 4. ],0.3042453299363392,0.28340627627797355,-0.020839053658365636,0.23076923076923078,0.3042453299363392,0.0,0.0,0.32354234162676515,0.01929701169042597,0.03846153846153847,0.3042453299363392,0.0,0.0,0.29936903755661526,-0.004876292379723923,0.09615384615384617,0.3042453299363392,0.0,0.0,0.42464066230565745,0.12039533236931826,0.11538461538461539,0.3085216250826522,0.004276295146313003,0.019230769230769235,0.3061780819046615,0.0019327519683223215,0.057692307692307696,0.3042453299363392,0.0,0.0,0.30651866266655514,0.00227333273021596,0.03846153846153847,0.3085216250826522,0.004276295146313003,0.019230769230769235,0.2323101941891023,-0.0719351357472369,0.3846153846153847,SNYLFTKL,0.12039533236931826,VSFTYRYL,-0.0719351357472369
124,AV3D-3-CAVSDYNVLYF-AJ21_BV3-CASSQYLRDNQDTQYF-BJ2-5,28,multi-specific,"['ATLVFHNL', 'HIYEFPQL', 'RTYTYEKL', 'SNYLFTKL', 'SSYTFPKM', 'VIVRFLTV', 'VSFTYRYL']",7,"[0.10243902439024391, 0.12195121951219513, 0.06341463414634146, 0.0926829268292683, 0.05365853658536585, 0.11707317073170731, 0.30243902439024395]",VSFTYRYL,0.30243902439024395,VSFTYRYL,0.15121951219512197,True,"['ATLVFHNL', 'HIYEFPQL', 'RTYTYEKL', 'SNYLFTKL', 'SSYTFPKM', 'VIVRFLTV', 'VSFTYRYL']",7,"['EEEPVKKI', 'INFDFPKL', 'RAYLFNSV', 'SVYVYKVL', 'VAFDFTKV', 'VGPRYTNL']",0.0,0.0,"[0.75       0.         0.89285714 0.17857143 0.32142857 0.46428571
 0.67857143 0.39285714 0.28571429 0.17857143 0.10714286 0.85714286
 2.21428571]",0.30337437561352015,0.3496308175159898,0.046256441902469636,0.10243902439024391,0.30337437561352015,0.0,0.0,0.3098990094240374,0.006524633810517266,0.12195121951219513,0.3165963615701455,0.013221985956625326,0.024390243902439025,0.307738986613927,0.0043646110004068595,0.04390243902439025,0.31722270834911737,0.013848332735597213,0.06341463414634146,0.34262276951239723,0.039248393898877076,0.0926829268292683,0.31100256301546925,0.007628187401949094,0.05365853658536585,0.3195119709597701,0.016137595346249922,0.03902439024390244,0.3058552748214951,0.0024808992079749514,0.024390243902439025,0.30436528048303085,0.0009909048695107003,0.014634146341463414,0.3286821605297621,0.02530778491624197,0.11707317073170731,0.21519950135192556,-0.0881748742615946,0.30243902439024395,ATLVFHNL,0.046256441902469636,VSFTYRYL,-0.0881748742615946
125,AV8D-2-CATDNQGGRALIF-AJ15_BV5-CASSPGTGSERLFF-BJ1-4,12,multi-specific,"['ATLVFHNL', 'HIYEFPQL', 'RAYLFNSV', 'RTYTYEKL', 'SNYLFTKL', 'SVYVYKVL', 'VIVRFLTV', 'VSFTYRYL']",8,"[0.05, 0.13888888888888892, 0.13333333333333336, 0.05, 0.18333333333333335, 0.061111111111111116, 0.14444444444444446, 0.15000000000000002]",SNYLFTKL,0.18333333333333335,HIYEFPQL,0.03472222222222223,False,"['ATLVFHNL', 'HIYEFPQL', 'RAYLFNSV', 'RTYTYEKL', 'SNYLFTKL', 'SVYVYKVL', 'VIVRFLTV', 'VSFTYRYL']",8,"['EEEPVKKI', 'INFDFPKL', 'SSYTFPKM', 'VAFDFTKV', 'VGPRYTNL']",0.0,0.0,"[0.75       0.         2.08333333 0.41666667 2.         0.75
 2.75       0.5        0.91666667 0.25       0.16666667 2.16666667
 2.25      ]",0.30299146633464885,0.31621954768415766,0.013228081349508813,0.05,0.30299146633464885,0.0,0.0,0.30341615980387093,0.0004246934692220816,0.13888888888888892,0.30618034793520393,0.0031888816005550824,0.027777777777777783,0.30428728278349026,0.0012958164488414137,0.13333333333333336,0.30789921290257494,0.004907746567926086,0.05,0.29082705675866793,-0.012164409575980917,0.18333333333333335,0.31491796930358795,0.011926502968939101,0.03333333333333334,0.31455430470915796,0.01156283837450911,0.061111111111111116,0.3069347593549409,0.00394329302029206,0.01666666666666667,0.30654922178005867,0.003557755445409816,0.011111111111111112,0.29745841273277307,-0.0055330536018757814,0.14444444444444446,0.34398687329243527,0.04099540695778642,0.15000000000000002,VSFTYRYL,0.04099540695778642,SNYLFTKL,-0.012164409575980917
126,AV8-1-CATGASSGSWQLIF-AJ22_BV4-CASSRTENTLYF-BJ2-4,12,multi-specific,"['RAYLFNSV', 'RTYTYEKL', 'SNYLFTKL', 'SVYVYKVL', 'VAFDFTKV', 'VGPRYTNL', 'VIVRFLTV', 'VSFTYRYL']",8,"[0.06134969325153374, 0.05521472392638037, 0.15950920245398773, 0.06748466257668712, 0.05521472392638037, 0.20245398773006135, 0.12883435582822086, 0.1411042944785276]",VGPRYTNL,0.20245398773006135,VGPRYTNL,0.044989775051124746,True,"['RAYLFNSV', 'RTYTYEKL', 'SNYLFTKL', 'SVYVYKVL', 'VAFDFTKV', 'VGPRYTNL', 'VIVRFLTV', 'VSFTYRYL']",8,"['ATLVFHNL', 'EEEPVKKI', 'HIYEFPQL', 'INFDFPKL', 'SSYTFPKM']",0.0,0.0,"[0.41666667 0.         0.33333333 0.66666667 0.83333333 0.75
 2.16666667 0.33333333 0.91666667 0.75       2.75       1.75
 1.91666667]",0.30267189474864997,0.30795326773464426,0.005281372985994293,0.03067484662576687,0.30267189474864997,0.0,0.0,0.30356069400657043,0.0008887992579204584,0.024539877300613494,0.32302473493127215,0.02035284018262218,0.04907975460122699,0.36689760924361386,0.06422571449496389,0.06134969325153374,0.3066791306420042,0.004007235893354222,0.05521472392638037,0.32638644334539413,0.023714548596744156,0.15950920245398773,0.3033915641794772,0.0007196694308272411,0.024539877300613494,0.31310588516642385,0.010433990417773875,0.06748466257668712,0.30278246792411095,0.00011057317546098178,0.05521472392638037,0.23845777036938445,-0.06421412437926552,0.20245398773006135,0.3275718886632855,0.024899993914635543,0.12883435582822086,0.32158821661735926,0.018916321868709285,0.1411042944785276,RAYLFNSV,0.06422571449496389,VGPRYTNL,-0.06421412437926552
127,AV8D-2-CATDNQGGRALIF-AJ15_BV19-CASSIGTSGNTLYF-BJ1-3,7,multi-specific,"['ATLVFHNL', 'HIYEFPQL', 'RTYTYEKL', 'SSYTFPKM', 'VGPRYTNL', 'VIVRFLTV', 'VSFTYRYL']",7,"[0.06451612903225806, 0.09677419354838708, 0.09677419354838708, 0.16129032258064516, 0.09677419354838708, 0.3225806451612903, 0.16129032258064516]",VIVRFLTV,0.3225806451612903,VIVRFLTV,0.3225806451612903,True,"['ATLVFHNL', 'HIYEFPQL', 'RTYTYEKL', 'SSYTFPKM', 'VGPRYTNL', 'VIVRFLTV', 'VSFTYRYL']",7,"['EEEPVKKI', 'INFDFPKL', 'RAYLFNSV', 'SNYLFTKL', 'SVYVYKVL', 'VAFDFTKV']",0.0,0.0,"[0.28571429 0.         0.42857143 0.         0.         0.42857143
 0.         0.71428571 0.         0.         0.42857143 1.42857143
 0.71428571]",0.3021305823928571,0.304067157246219,0.0019365748533619054,0.06451612903225806,0.3021305823928571,0.0,0.0,0.3122589053501623,0.010128322957305202,0.09677419354838708,0.3021305823928571,0.0,0.0,0.3021305823928571,0.0,0.0,0.32726869297761524,0.025138110584758122,0.09677419354838708,0.3021305823928571,0.0,0.0,0.35398575422435496,0.05185517183149785,0.16129032258064516,0.3021305823928571,0.0,0.0,0.3021305823928571,0.0,0.0,0.3440767849190675,0.0419462025262104,0.09677419354838708,0.17710815512434314,-0.12502242726851398,0.3225806451612903,0.4385507392879993,0.1364201568951422,0.16129032258064516,VSFTYRYL,0.1364201568951422,VIVRFLTV,-0.12502242726851398
128,AV6D-5-CVLGDTGSGGKLTL-AJ44_BV13-1-CASSDAMYAEQFF-BJ2-1,37,multi-specific,"['ATLVFHNL', 'HIYEFPQL', 'RAYLFNSV', 'RTYTYEKL', 'SNYLFTKL', 'SVYVYKVL', 'VIVRFLTV', 'VSFTYRYL']",8,"[0.0831353919239905, 0.0831353919239905, 0.0665083135391924, 0.05938242280285035, 0.09738717339667458, 0.07125890736342043, 0.15914489311163893, 0.23990498812351543]",VSFTYRYL,0.23990498812351543,VIVRFLTV,0.15914489311163893,False,"['ATLVFHNL', 'HIYEFPQL', 'RAYLFNSV', 'RTYTYEKL', 'SNYLFTKL', 'SVYVYKVL', 'VIVRFLTV', 'VSFTYRYL']",8,"['EEEPVKKI', 'INFDFPKL', 'SSYTFPKM', 'VAFDFTKV', 'VGPRYTNL']",0.0,0.0,"[0.94594595 0.         0.94594595 0.32432432 0.75675676 0.67567568
 1.10810811 0.54054054 0.81081081 0.45945946 0.27027027 1.81081081
 2.72972973]",0.29964437471624444,0.3173762297493699,0.017731855033125465,0.0831353919239905,0.29964437471624444,0.0,0.0,0.321931043197071,0.022286668480826555,0.0831353919239905,0.30080110827068335,0.0011567335544389046,0.028503562945368172,0.320846025012576,0.02120165029633153,0.0665083135391924,0.3079113965552895,0.008267021839045041,0.05938242280285035,0.3120992563809922,0.01245488166474773,0.09738717339667458,0.3044499717356121,0.004805597019367669,0.047505938242280284,0.3006906099293915,0.001046235213147062,0.07125890736342043,0.3060420185478625,0.006397643831618061,0.040380047505938245,0.3025830951043486,0.0029387203881041657,0.023752969121140142,0.2726766664170837,-0.02696770829916073,0.15914489311163893,0.25872987066670344,-0.040914504049541,0.23990498812351543,HIYEFPQL,0.022286668480826555,VSFTYRYL,-0.040914504049541
129,AV13D-1-CAMEDNYAQGLTF-AJ26_BV13-1-CASSDKGWEVFF-BJ1-1,6,multi-specific,"['ATLVFHNL', 'HIYEFPQL', 'RAYLFNSV', 'SNYLFTKL', 'SSYTFPKM', 'VIVRFLTV', 'VSFTYRYL']",7,"[0.07746478873239437, 0.08450704225352114, 0.10563380281690142, 0.22535211267605634, 0.09859154929577467, 0.15492957746478875, 0.19014084507042256]",SNYLFTKL,0.22535211267605634,SNYLFTKL,0.022535211267605635,True,"['ATLVFHNL', 'HIYEFPQL', 'RAYLFNSV', 'SNYLFTKL', 'SSYTFPKM', 'VIVRFLTV', 'VSFTYRYL']",7,"['EEEPVKKI', 'INFDFPKL', 'RTYTYEKL', 'SVYVYKVL', 'VAFDFTKV', 'VGPRYTNL']",0.0,0.0,"[1.83333333 0.         2.         0.         2.5        0.66666667
 5.33333333 2.33333333 0.5        0.16666667 0.16666667 3.66666667
 4.5       ]",0.29937917531627295,0.39523894320251174,0.09585976788623879,0.07746478873239437,0.29937917531627295,0.0,0.0,0.33344021958315256,0.034061044266879614,0.08450704225352114,0.29937917531627295,0.0,0.0,0.31099857644632445,0.011619401130051499,0.10563380281690142,0.29996174182091706,0.0005825665046441109,0.028169014084507043,0.20859039265052057,-0.09078878266575238,0.22535211267605634,0.3195126143582483,0.020133439041975343,0.09859154929577467,0.2999134531149712,0.0005342777986982461,0.021126760563380285,0.30024194870651116,0.000862773390238214,0.007042253521126761,0.29944889914066464,6.972382439168756e-05,0.007042253521126761,0.3333122737897803,0.03393309847350734,0.15492957746478875,0.33170820470437395,0.032329029388101005,0.19014084507042256,ATLVFHNL,0.09585976788623879,SNYLFTKL,-0.09078878266575238
130,AV13-2-CAIDSNTGKLTF-AJ27_BV13-2-CASGDAGGEVFF-BJ1-1,137,multi-specific,"['ATLVFHNL', 'HIYEFPQL', 'RAYLFNSV', 'RTYTYEKL', 'SNYLFTKL', 'SVYVYKVL', 'VIVRFLTV', 'VSFTYRYL']",8,"[0.08046722907203116, 0.08825438027255031, 0.05256327060350423, 0.06683971447112265, 0.28617780661907855, 0.06164828033744323, 0.11291369240752759, 0.13043478260869568]",SNYLFTKL,0.28617780661907855,SNYLFTKL,0.14308890330953927,True,"['ATLVFHNL', 'HIYEFPQL', 'RAYLFNSV', 'RTYTYEKL', 'SNYLFTKL', 'SVYVYKVL', 'VIVRFLTV', 'VSFTYRYL']",8,"['EEEPVKKI', 'INFDFPKL', 'SSYTFPKM', 'VAFDFTKV', 'VGPRYTNL']",0.0,0.0,"[0.90510949 0.         0.99270073 0.32116788 0.59124088 0.75182482
 3.2189781  0.24087591 0.69343066 0.43065693 0.3649635  1.27007299
 1.46715328]",0.299303353855591,0.31987741196472763,0.02057405810913665,0.08046722907203116,0.299303353855591,0.0,0.0,0.31213721354604446,0.012833859690453475,0.08825438027255031,0.31147624068391816,0.012172886828327178,0.028552887735236863,0.3172162528245841,0.01791289896899312,0.05256327060350423,0.3189414029761416,0.019638049120550616,0.06683971447112265,0.2255831530959249,-0.0737202007596661,0.28617780661907855,0.307611167892926,0.008307814037334993,0.02141466580142765,0.31403112564609376,0.014727771790502775,0.06164828033744323,0.31034161030698504,0.011038256451394057,0.03828682673588579,0.3046603410618307,0.005356987206239727,0.03244646333549644,0.31187533213141133,0.01257197827582035,0.11291369240752759,0.3138351588404004,0.014531804984809438,0.13043478260869568,ATLVFHNL,0.02057405810913665,SNYLFTKL,-0.0737202007596661
131,AV19-CAAGAAGYQNFYF-AJ49_BV17-CASSRRTGANTGQLYF-BJ2-2,11,multi-specific,"['HIYEFPQL', 'RAYLFNSV', 'SNYLFTKL', 'SSYTFPKM', 'VGPRYTNL', 'VIVRFLTV', 'VSFTYRYL']",7,"[0.06451612903225806, 0.11827956989247311, 0.0967741935483871, 0.3763440860215053, 0.07526881720430106, 0.08602150537634408, 0.05376344086021505]",SSYTFPKM,0.3763440860215053,SNYLFTKL,0.04838709677419355,False,"['HIYEFPQL', 'RAYLFNSV', 'SNYLFTKL', 'SSYTFPKM', 'VGPRYTNL', 'VIVRFLTV', 'VSFTYRYL']",7,"['ATLVFHNL', 'EEEPVKKI', 'INFDFPKL', 'RTYTYEKL', 'SVYVYKVL', 'VAFDFTKV']",0.0,0.0,"[0.09090909 0.         0.54545455 0.36363636 1.         0.36363636
 0.81818182 3.18181818 0.18181818 0.09090909 0.63636364 0.72727273
 0.45454545]",0.2936661032682865,0.29481375040490765,0.0011476471366211327,0.01075268817204301,0.2936661032682865,0.0,0.0,0.29448424573344817,0.0008181424651616531,0.06451612903225806,0.2953574812389369,0.0016913779706503873,0.04301075268817204,0.3010303656931874,0.0073642624249009025,0.11827956989247311,0.2966983023514781,0.003032199083191578,0.04301075268817204,0.2853879600547417,-0.008278143213544809,0.0967741935483871,0.1951879861993856,-0.09847811706890092,0.3763440860215053,0.2948465505332346,0.0011804472649480924,0.02150537634408602,0.2948137504049076,0.0011476471366210772,0.01075268817204301,0.29199776512315273,-0.0016683381451337853,0.07526881720430106,0.3212868029929028,0.027620699724616282,0.08602150537634408,0.345810508458266,0.05214440518997948,0.05376344086021505,VSFTYRYL,0.05214440518997948,SSYTFPKM,-0.09847811706890092
132,AV3D-3-CAVSERSNYNVLYF-AJ21_BV5-CASSQGQGYAEQFF-BJ2-1,8,multi-specific,"['ATLVFHNL', 'HIYEFPQL', 'RAYLFNSV', 'SNYLFTKL', 'SSYTFPKM', 'SVYVYKVL', 'VGPRYTNL', 'VIVRFLTV', 'VSFTYRYL']",9,"[0.08620689655172414, 0.05172413793103448, 0.06896551724137931, 0.08620689655172414, 0.05172413793103448, 0.06896551724137931, 0.3275862068965517, 0.13793103448275862, 0.10344827586206896]",VGPRYTNL,0.3275862068965517,VGPRYTNL,0.3275862068965517,True,"['ATLVFHNL', 'HIYEFPQL', 'RAYLFNSV', 'SNYLFTKL', 'SSYTFPKM', 'SVYVYKVL', 'VGPRYTNL', 'VIVRFLTV', 'VSFTYRYL']",9,"['EEEPVKKI', 'INFDFPKL', 'RTYTYEKL', 'VAFDFTKV']",0.0,0.0,"[0.625 0.    0.375 0.    0.5   0.    0.625 0.375 0.5   0.125 2.375 1.
 0.75 ]",0.29342168716477224,0.30310922848324384,0.009687541318471604,0.08620689655172414,0.29342168716477224,0.0,0.0,0.314990332223498,0.021568645058725744,0.05172413793103448,0.29342168716477224,0.0,0.0,0.30681981973707995,0.013398132572307708,0.06896551724137931,0.29342168716477224,0.0,0.0,0.28519082968580606,-0.00823085747896618,0.08620689655172414,0.29688202480127945,0.003460337636507216,0.05172413793103448,0.30560462083705253,0.012182933672280294,0.06896551724137931,0.2978559249392711,0.0044342377744988615,0.017241379310344827,0.1925329694817089,-0.10088871768306334,0.3275862068965517,0.27871437776279,-0.014707309401982227,0.13793103448275862,0.30496556098799354,0.011543873823221307,0.10344827586206896,HIYEFPQL,0.021568645058725744,VGPRYTNL,-0.10088871768306334
133,AV13D-4-CAMDNNAGAKLTF-AJ39_BV14-CASSLRGQQYF-BJ2-7,5,multi-specific,"['ATLVFHNL', 'HIYEFPQL', 'RAYLFNSV', 'RTYTYEKL', 'SNYLFTKL', 'VIVRFLTV']",6,"[0.08695652173913043, 0.15217391304347824, 0.34782608695652173, 0.06521739130434781, 0.17391304347826086, 0.08695652173913043]",RAYLFNSV,0.34782608695652173,RAYLFNSV,0.08695652173913043,True,"['ATLVFHNL', 'HIYEFPQL', 'RAYLFNSV', 'RTYTYEKL', 'SNYLFTKL', 'VIVRFLTV']",6,"['EEEPVKKI', 'INFDFPKL', 'SSYTFPKM', 'SVYVYKVL', 'VAFDFTKV', 'VGPRYTNL', 'VSFTYRYL']",0.0,0.0,[0.8 0.  1.4 0.2 3.2 0.6 1.6 0.  0.4 0.  0.  0.8 0.2],0.2930927729847782,0.292756172619368,-0.0003366003654102223,0.08695652173913043,0.2930927729847782,0.0,0.0,0.31805176769925614,0.024958994714477933,0.15217391304347824,0.2935120887001499,0.000419315715371682,0.021739130434782608,0.2584056005524075,-0.03468717243237068,0.34782608695652173,0.4363491786684051,0.1432564056836269,0.06521739130434781,0.265891789815396,-0.027200983169382187,0.17391304347826086,0.2930927729847782,0.0,0.0,0.30036603625554226,0.007273263270764052,0.043478260869565216,0.2930927729847782,0.0,0.0,0.2930927729847782,0.0,0.0,0.331350650494021,0.03825787750924281,0.08695652173913043,0.2935120887001499,0.000419315715371682,0.021739130434782608,RTYTYEKL,0.1432564056836269,RAYLFNSV,-0.03468717243237068
134,AV8N-2-CATVIRGGRALIF-AJ15_BV19-CASSIGTGENTLYF-BJ2-4,5,multi-specific,"['ATLVFHNL', 'RAYLFNSV', 'SNYLFTKL', 'VIVRFLTV', 'VSFTYRYL']",5,"[0.1914893617021277, 0.06382978723404256, 0.21276595744680854, 0.29787234042553196, 0.12765957446808512]",VIVRFLTV,0.29787234042553196,VIVRFLTV,0.14893617021276598,True,"['ATLVFHNL', 'RAYLFNSV', 'SNYLFTKL', 'VIVRFLTV', 'VSFTYRYL']",5,"['EEEPVKKI', 'HIYEFPQL', 'INFDFPKL', 'RTYTYEKL', 'SSYTFPKM', 'SVYVYKVL', 'VAFDFTKV', 'VGPRYTNL']",0.0,0.0,[1.8 0.  0.4 0.  0.6 0.4 2.  0.  0.  0.2 0.  2.8 1.2],0.29170962677066636,0.29909215861627086,0.007382531845604501,0.1914893617021277,0.2917096267706665,1.1102230246251565e-16,0.0,0.46892639658290314,0.17721676981223677,0.04255319148936171,0.2917096267706665,1.1102230246251565e-16,0.0,0.30416698853887636,0.012457361768209996,0.06382978723404256,0.29695333747830305,0.005243710707636684,0.04255319148936171,0.3010421852109757,0.009332558440309335,0.21276595744680854,0.2917096267706665,1.1102230246251565e-16,0.0,0.2917096267706665,1.1102230246251565e-16,0.0,0.3468263476539434,0.055116720883277015,0.021276595744680854,0.2917096267706665,1.1102230246251565e-16,0.0,0.1345463971224202,-0.15716322964824617,0.29787234042553196,0.3112179734425107,0.019508346671844312,0.12765957446808512,VSFTYRYL,0.019508346671844312,VIVRFLTV,-0.15716322964824617
135,AV13-2-CAIDPNTNKVVF-AJ34_BV15-CASSTGNTLYF-BJ2-4,6,multi-specific,"['HIYEFPQL', 'RAYLFNSV', 'RTYTYEKL', 'SNYLFTKL', 'VIVRFLTV', 'VSFTYRYL']",6,"[0.2380952380952381, 0.06666666666666667, 0.11428571428571428, 0.2, 0.11428571428571428, 0.17142857142857143]",HIYEFPQL,0.2380952380952381,HIYEFPQL,0.028011204481792718,True,"['HIYEFPQL', 'RAYLFNSV', 'RTYTYEKL', 'SNYLFTKL', 'VIVRFLTV', 'VSFTYRYL']",6,"['ATLVFHNL', 'EEEPVKKI', 'INFDFPKL', 'SSYTFPKM', 'SVYVYKVL', 'VAFDFTKV', 'VGPRYTNL']",0.0,0.0,"[0.5        0.         4.16666667 0.16666667 1.16666667 2.
 3.5        0.66666667 0.33333333 0.         0.         2.
 3.        ]",0.2913466082671448,0.3089233006945337,0.017576692427388907,0.02857142857142857,0.2913466082671448,0.0,0.0,0.2836433071035681,-0.0077033011635767035,0.2380952380952381,0.291510555982622,0.00016394771547717513,0.009523809523809523,0.30020904904202145,0.008862440774876634,0.06666666666666667,0.3148063033500029,0.023459695082858112,0.11428571428571428,0.41041643965086705,0.11906983138372224,0.2,0.29624165245875583,0.00489504419161102,0.03809523809523809,0.2915834598774409,0.00023685161029607382,0.019047619047619046,0.2913466082671448,0.0,0.0,0.2913466082671448,0.0,0.0,0.36543130990245737,0.07408470163531256,0.11428571428571428,0.261004631906329,-0.030341976360815814,0.17142857142857143,SNYLFTKL,0.11906983138372224,VSFTYRYL,-0.030341976360815814
136,AV13D-4-CAMELDSNYQLIW-AJ33_BV17-CASSRGYNSPLYF-BJ1-6,8,multi-specific,"['ATLVFHNL', 'HIYEFPQL', 'RTYTYEKL', 'SNYLFTKL', 'VGPRYTNL', 'VIVRFLTV']",6,"[0.08571428571428572, 0.05714285714285714, 0.42857142857142855, 0.12857142857142856, 0.1, 0.11428571428571428]",RTYTYEKL,0.42857142857142855,RTYTYEKL,0.14285714285714285,True,"['ATLVFHNL', 'HIYEFPQL', 'RTYTYEKL', 'SNYLFTKL', 'VGPRYTNL', 'VIVRFLTV']",6,"['EEEPVKKI', 'INFDFPKL', 'RAYLFNSV', 'SSYTFPKM', 'SVYVYKVL', 'VAFDFTKV', 'VSFTYRYL']",0.0,0.0,"[0.75  0.    0.5   0.    0.125 3.75  1.125 0.25  0.25  0.    0.875 1.
 0.125]",0.2907698814139725,0.40240846767414146,0.11163858626016898,0.08571428571428572,0.2907698814139725,0.0,0.0,0.296944912313335,0.006175030899362499,0.05714285714285714,0.2907698814139725,0.0,0.0,0.29137982297936504,0.0006099415653925688,0.014285714285714285,0.2343329226932654,-0.05643695872070709,0.42857142857142855,0.2793335611309084,-0.011436320283064072,0.12857142857142856,0.2913808363608772,0.0006109549469047182,0.02857142857142857,0.2923307860244539,0.0015609046104814173,0.02857142857142857,0.2907698814139725,0.0,0.0,0.3653663348812224,0.07459645346724991,0.1,0.2982449866434847,0.0074751052295122244,0.11428571428571428,0.2924119603611774,0.0016420789472049169,0.014285714285714285,ATLVFHNL,0.11163858626016898,RTYTYEKL,-0.05643695872070709
137,AV7-4-CAASEDYNQGKLIF-AJ23_BV31-CAWSLGHYAEQFF-BJ2-1,46,multi-specific,"['ATLVFHNL', 'HIYEFPQL', 'RAYLFNSV', 'RTYTYEKL', 'SNYLFTKL', 'SVYVYKVL', 'VIVRFLTV', 'VSFTYRYL']",8,"[0.07972972972972973, 0.11621621621621624, 0.1, 0.09324324324324325, 0.1472972972972973, 0.05540540540540541, 0.14864864864864866, 0.15405405405405406]",VSFTYRYL,0.15405405405405406,VSFTYRYL,0.15405405405405406,True,"['ATLVFHNL', 'HIYEFPQL', 'RAYLFNSV', 'RTYTYEKL', 'SNYLFTKL', 'SVYVYKVL', 'VIVRFLTV', 'VSFTYRYL']",8,"['EEEPVKKI', 'INFDFPKL', 'SSYTFPKM', 'VAFDFTKV', 'VGPRYTNL']",0.0,0.0,"[1.2826087  0.         1.86956522 0.36956522 1.60869565 1.5
 2.36956522 0.5        0.89130435 0.54347826 0.2826087  2.39130435
 2.47826087]",0.2893620335885346,0.31133762093671574,0.02197558734818117,0.07972972972972973,0.2893620335885346,0.0,0.0,0.3046937651639142,0.015331731575379648,0.11621621621621624,0.2920000414235535,0.0026380078350189406,0.022972972972972974,0.3101929417872029,0.02083090819866834,0.1,0.2956316921807607,0.006269658592226113,0.09324324324324325,0.29832973505336086,0.008967701464826283,0.1472972972972973,0.303225090617389,0.01386305702885443,0.031081081081081083,0.2935748935613782,0.004212859972843652,0.05540540540540541,0.29198830939256887,0.002626275804034295,0.033783783783783786,0.2903708679495027,0.0010088343609681028,0.01756756756756757,0.3085236748330768,0.019161641244542227,0.14864864864864866,0.2825475998776589,-0.0068144337108757,0.15405405405405406,ATLVFHNL,0.02197558734818117,VSFTYRYL,-0.0068144337108757
138,AV14D-1-CAARMDYANKMIF-AJ47_BV3-CASSLGLDEQYF-BJ2-7,10,multi-specific,"['ATLVFHNL', 'RTYTYEKL', 'SNYLFTKL', 'SVYVYKVL', 'VGPRYTNL', 'VSFTYRYL']",6,"[0.09195402298850576, 0.2298850574712644, 0.16091954022988506, 0.16091954022988506, 0.20689655172413796, 0.06896551724137931]",RTYTYEKL,0.2298850574712644,ATLVFHNL,0.061302681992337175,False,"['ATLVFHNL', 'RTYTYEKL', 'SNYLFTKL', 'SVYVYKVL', 'VGPRYTNL', 'VSFTYRYL']",6,"['EEEPVKKI', 'HIYEFPQL', 'INFDFPKL', 'RAYLFNSV', 'SSYTFPKM', 'VAFDFTKV', 'VIVRFLTV']",0.0,0.0,[0.8 0.  0.2 0.1 0.2 2.  1.4 0.  1.4 0.  1.8 0.2 0.6],0.28905629323587784,0.32805095340472495,0.03899466016884712,0.09195402298850576,0.28905629323587784,0.0,0.0,0.2913934652773371,0.002337172041459279,0.02298850574712644,0.2896105867815414,0.0005542935456635534,0.01149425287356322,0.2913934652773371,0.002337172041459279,0.02298850574712644,0.31708264425395943,0.028026351018081597,0.2298850574712644,0.26158107560379995,-0.027475217632077886,0.16091954022988506,0.28905629323587784,0.0,0.0,0.30415024887198105,0.015093955636103218,0.16091954022988506,0.28905629323587784,0.0,0.0,0.29193102458453885,0.002874731348661008,0.20689655172413796,0.30352564207173394,0.0144693488358561,0.02298850574712644,0.29270173570052443,0.0036454424646465977,0.06896551724137931,ATLVFHNL,0.03899466016884712,SNYLFTKL,-0.027475217632077886
139,AV14D-1-CAASGYNQGKLIF-AJ23_BV13-2-CASGDVGGGQDTQYF-BJ2-5,11,multi-specific,"['ATLVFHNL', 'HIYEFPQL', 'RAYLFNSV', 'SNYLFTKL', 'SSYTFPKM', 'SVYVYKVL', 'VGPRYTNL', 'VIVRFLTV', 'VSFTYRYL']",9,"[0.07999999999999999, 0.09333333333333332, 0.11333333333333333, 0.07999999999999999, 0.09333333333333332, 0.14666666666666667, 0.07333333333333333, 0.08666666666666667, 0.19999999999999998]",VSFTYRYL,0.19999999999999998,SVYVYKVL,0.029333333333333333,False,"['ATLVFHNL', 'HIYEFPQL', 'RAYLFNSV', 'SNYLFTKL', 'SSYTFPKM', 'SVYVYKVL', 'VGPRYTNL', 'VIVRFLTV', 'VSFTYRYL']",9,"['EEEPVKKI', 'INFDFPKL', 'RTYTYEKL', 'VAFDFTKV']",0.0,0.0,"[1.09090909 0.         1.27272727 0.18181818 1.54545455 0.18181818
 1.09090909 1.27272727 2.         0.09090909 1.         1.18181818
 2.72727273]",0.28877852935613063,0.3074028780030132,0.01862434864688256,0.07999999999999999,0.28877852935613063,0.0,0.0,0.3002151755404525,0.011436646184321886,0.09333333333333332,0.2892391750455308,0.00046064568940018535,0.013333333333333334,0.28522320443457966,-0.003555324921550973,0.11333333333333333,0.28999861036673413,0.001220081010603502,0.013333333333333334,0.34282145770556927,0.054042928349438635,0.07999999999999999,0.2915418314983411,0.0027633021422104886,0.09333333333333332,0.3096569153068032,0.020878385950672596,0.14666666666666667,0.2896073702880804,0.0008288409319497925,0.006666666666666667,0.29280925818146064,0.00403072882533001,0.07333333333333333,0.2932989570837446,0.004520427727613963,0.08666666666666667,0.2612971201783019,-0.02748140917782871,0.19999999999999998,SNYLFTKL,0.054042928349438635,VSFTYRYL,-0.02748140917782871
140,AV6N-6-CALSATSSGQKLVF-AJ16_BV23-CSSSQSQTTNTEVFF-BJ1-1,32,multi-specific,"['ATLVFHNL', 'HIYEFPQL', 'RAYLFNSV', 'RTYTYEKL', 'SNYLFTKL', 'SVYVYKVL', 'VIVRFLTV', 'VSFTYRYL']",8,"[0.06695464362850972, 0.11879049676025918, 0.07127429805615551, 0.058315334773218146, 0.23110151187904968, 0.0734341252699784, 0.12958963282937366, 0.11663066954643629]",SNYLFTKL,0.23110151187904968,SNYLFTKL,0.23110151187904968,True,"['ATLVFHNL', 'HIYEFPQL', 'RAYLFNSV', 'RTYTYEKL', 'SNYLFTKL', 'SVYVYKVL', 'VIVRFLTV', 'VSFTYRYL']",8,"['EEEPVKKI', 'INFDFPKL', 'SSYTFPKM', 'VAFDFTKV', 'VGPRYTNL']",0.0,0.0,"[0.96875 0.      1.71875 0.53125 1.03125 0.84375 3.34375 0.34375 1.0625
 0.5     0.5625  1.875   1.6875 ]",0.2858859777557053,0.3136847856230532,0.027798807867347897,0.06695464362850972,0.28588597775570534,5.551115123125783e-17,0.0,0.302250041806687,0.01636406405098173,0.11879049676025918,0.2962624127746996,0.010376435018994323,0.0367170626349892,0.30035541811041666,0.014469440354711371,0.07127429805615551,0.29432191379724343,0.008435936041538139,0.058315334773218146,0.23325262786088172,-0.05263334989482357,0.23110151187904968,0.29606366462971645,0.01017768687401116,0.023758099352051837,0.29291325879870433,0.007027281042999045,0.0734341252699784,0.2899350339261783,0.00404905617047302,0.03455723542116631,0.29259550918933563,0.006709531433630345,0.038876889848812095,0.29048988307810336,0.004603905322398072,0.12958963282937366,0.2953775291128885,0.009491551357183214,0.11663066954643629,ATLVFHNL,0.027798807867347897,SNYLFTKL,-0.05263334989482357
141,AV14-2-CAASADQGGRALIF-AJ15_BV16-CASSLDHSQNTLYF-BJ2-4,16,multi-specific,"['HIYEFPQL', 'SNYLFTKL', 'VIVRFLTV', 'VSFTYRYL']",4,"[0.1270718232044199, 0.3259668508287293, 0.14917127071823205, 0.20441988950276244]",SNYLFTKL,0.3259668508287293,SNYLFTKL,0.21731123388581952,True,"['HIYEFPQL', 'SNYLFTKL', 'VIVRFLTV', 'VSFTYRYL']",4,"['ATLVFHNL', 'EEEPVKKI', 'INFDFPKL', 'RAYLFNSV', 'RTYTYEKL', 'SSYTFPKM', 'SVYVYKVL', 'VAFDFTKV', 'VGPRYTNL']",0.0,0.0,"[0.125  0.     1.4375 0.375  0.4375 0.5625 3.6875 0.     0.375  0.0625
 0.25   1.6875 2.3125]",0.28402550689573464,0.2849061317012687,0.0008806248055340804,0.011049723756906077,0.28402550689573464,0.0,0.0,0.2999786490775919,0.015953142181857283,0.1270718232044199,0.29012519641854567,0.006099689522811036,0.03314917127071823,0.29041378967899456,0.006388282783259924,0.03867403314917127,0.2914399034156728,0.007414396519938138,0.049723756906077346,0.2573483870057578,-0.02667711988997684,0.3259668508287293,0.28402550689573464,0.0,0.0,0.2869174086439426,0.00289190174820797,0.03314917127071823,0.29148986849627423,0.007464361600539593,0.0055248618784530384,0.32252745796022547,0.038501951064490836,0.022099447513812154,0.30464091212074956,0.020615405225014927,0.14917127071823205,0.3032952385234118,0.019269731627677145,0.20441988950276244,VIVRFLTV,0.020615405225014927,SNYLFTKL,-0.02667711988997684
142,AV13-2-CAIDTNTGKLTF-AJ27_BV13-2-CASGDVNTEVFF-BJ1-1,7,multi-specific,"['RAYLFNSV', 'RTYTYEKL', 'SNYLFTKL', 'SSYTFPKM', 'VIVRFLTV', 'VSFTYRYL']",6,"[0.09999999999999999, 0.1125, 0.19999999999999998, 0.1625, 0.125, 0.125]",SNYLFTKL,0.19999999999999998,SNYLFTKL,0.19999999999999998,True,"['RAYLFNSV', 'RTYTYEKL', 'SNYLFTKL', 'SSYTFPKM', 'VIVRFLTV', 'VSFTYRYL']",6,"['ATLVFHNL', 'EEEPVKKI', 'HIYEFPQL', 'INFDFPKL', 'SVYVYKVL', 'VAFDFTKV', 'VGPRYTNL']",0.0,0.0,"[0.28571429 0.         0.28571429 0.28571429 1.14285714 1.28571429
 2.28571429 1.85714286 0.14285714 0.57142857 0.42857143 1.42857143
 1.42857143]",0.28382459460025367,0.31746239804431814,0.033637803444064474,0.024999999999999998,0.28382459460025367,0.0,0.0,0.2871843287711179,0.0033597341708642148,0.024999999999999998,0.2871843287711179,0.0033597341708642148,0.024999999999999998,0.37191478055609367,0.08809018595584,0.09999999999999999,0.280890601406246,-0.002933993194007667,0.1125,0.17092547545278206,-0.11289911914747161,0.19999999999999998,0.31245505887144925,0.028630464271195588,0.1625,0.2913802357022876,0.007555641102033939,0.012499999999999999,0.29988205207538615,0.016057457475132486,0.049999999999999996,0.28368584396169777,-0.00013875063855589564,0.0375,0.30473581748704553,0.02091122288679187,0.125,0.2886019309438644,0.004777336343610716,0.125,RAYLFNSV,0.08809018595584,SNYLFTKL,-0.11289911914747161
143,AV17-CALEGSGYGNEKITF-AJ48_BV1-CTCSGDRVSYEQYF-BJ2-7,9,multi-specific,"['ATLVFHNL', 'HIYEFPQL', 'RAYLFNSV', 'RTYTYEKL', 'SNYLFTKL', 'VIVRFLTV', 'VSFTYRYL']",7,"[0.06293706293706294, 0.17482517482517484, 0.1258741258741259, 0.09790209790209792, 0.18881118881118883, 0.11188811188811189, 0.09790209790209792]",SNYLFTKL,0.18881118881118883,SNYLFTKL,0.06293706293706294,True,"['ATLVFHNL', 'HIYEFPQL', 'RAYLFNSV', 'RTYTYEKL', 'SNYLFTKL', 'VIVRFLTV', 'VSFTYRYL']",7,"['EEEPVKKI', 'INFDFPKL', 'SSYTFPKM', 'SVYVYKVL', 'VAFDFTKV', 'VGPRYTNL']",0.0,0.0,"[1.         0.         2.77777778 0.22222222 2.         1.55555556
 3.         0.77777778 0.55555556 0.55555556 0.11111111 1.77777778
 1.55555556]",0.28366098059293854,0.2873135783227242,0.003652597729785656,0.06293706293706294,0.28366098059293854,0.0,0.0,0.2789346740930376,-0.004726306499900912,0.17482517482517484,0.2844800999231978,0.0008191193302592437,0.013986013986013986,0.3087399895292694,0.02507900893633086,0.1258741258741259,0.2831526448134978,-0.0005083357794407606,0.09790209790209792,0.28771684544943493,0.004055864856496394,0.18881118881118883,0.28541515032149456,0.001754169728556021,0.04895104895104896,0.28116042832271054,-0.002500552270227996,0.03496503496503497,0.2925038616258449,0.008842881032906369,0.03496503496503497,0.2868028010680428,0.003141820475104251,0.006993006993006993,0.2808284604134366,-0.0028325201795019184,0.11188811188811189,0.2763419461584893,-0.007319034434449256,0.09790209790209792,RAYLFNSV,0.02507900893633086,VSFTYRYL,-0.007319034434449256
144,AV7D-4-CAASEITGYQNFYF-AJ49_BV13-2-CASGERGAYNSPLYF-BJ1-6,7,multi-specific,"['ATLVFHNL', 'HIYEFPQL', 'SNYLFTKL', 'VAFDFTKV', 'VIVRFLTV']",5,"[0.4565217391304347, 0.06521739130434781, 0.09420289855072463, 0.13043478260869562, 0.1159420289855072]",ATLVFHNL,0.4565217391304347,VIVRFLTV,0.023188405797101443,False,"['ATLVFHNL', 'HIYEFPQL', 'SNYLFTKL', 'VAFDFTKV', 'VIVRFLTV']",5,"['EEEPVKKI', 'INFDFPKL', 'RAYLFNSV', 'RTYTYEKL', 'SSYTFPKM', 'SVYVYKVL', 'VGPRYTNL', 'VSFTYRYL']",0.0,0.0,"[9.         0.         1.28571429 0.14285714 0.42857143 0.
 1.85714286 0.57142857 0.42857143 2.57142857 0.57142857 2.28571429
 0.57142857]",0.28134676259480934,0.2624413502567308,-0.01890541233807852,0.4565217391304347,0.28134676259480934,0.0,0.0,0.2830468469739739,0.0017000843791645792,0.06521739130434781,0.2818154005371986,0.0004686379423892717,0.0072463768115942,0.2852118803333655,0.003865117738556134,0.0217391304347826,0.28134676259480934,0.0,0.0,0.2719529607719589,-0.009393801822850434,0.09420289855072463,0.28523761472825937,0.003890852133450029,0.0289855072463768,0.2885798041458852,0.007233041551075847,0.0217391304347826,0.2873285076798886,0.00598174508507926,0.13043478260869562,0.28105432026164884,-0.00029244233316050305,0.0289855072463768,0.24958650714537517,-0.03176025544943417,0.1159420289855072,0.2855565327211855,0.004209770126376133,0.0289855072463768,VAFDFTKV,0.00598174508507926,VIVRFLTV,-0.03176025544943417
145,AV6-6-CALGDGTGGYKVVF-AJ12_BV14-CASSFWNYAEQFF-BJ2-1,13,multi-specific,"['HIYEFPQL', 'RTYTYEKL', 'SNYLFTKL', 'VIVRFLTV', 'VSFTYRYL']",5,"[0.0504201680672269, 0.2100840336134454, 0.2184873949579832, 0.15966386554621848, 0.2184873949579832]",SNYLFTKL,0.2184873949579832,VSFTYRYL,0.2184873949579832,False,"['HIYEFPQL', 'RTYTYEKL', 'SNYLFTKL', 'VIVRFLTV', 'VSFTYRYL']",5,"['ATLVFHNL', 'EEEPVKKI', 'INFDFPKL', 'RAYLFNSV', 'SSYTFPKM', 'SVYVYKVL', 'VAFDFTKV', 'VGPRYTNL']",0.0,0.0,"[0.15384615 0.         0.46153846 0.07692308 0.30769231 1.92307692
 2.         0.30769231 0.15384615 0.23076923 0.07692308 1.46153846
 2.        ]",0.28038248683033223,0.2972526539633188,0.016870167132986558,0.016806722689075633,0.28038248683033223,0.0,0.0,0.28121741753501694,0.000834930704684711,0.0504201680672269,0.281149628195894,0.0007671413655617743,0.008403361344537816,0.34500413893390375,0.06462165210357151,0.033613445378151266,0.293014486639563,0.012631999809230743,0.2100840336134454,0.28768599345081913,0.007303506620486899,0.2184873949579832,0.28536983575060776,0.004987348920275525,0.033613445378151266,0.2827335481075874,0.002351061277255151,0.016806722689075633,0.2818459695019946,0.0014634826716623528,0.02521008403361345,0.2808744041169402,0.000491917286607968,0.008403361344537816,0.2637887863606951,-0.01659370046963715,0.15966386554621848,0.2530640313951552,-0.027318455435177025,0.2184873949579832,RTYTYEKL,0.012631999809230743,VSFTYRYL,-0.027318455435177025
146,AV14-2-CAASAASGSWQLIF-AJ22_BV31-CAWSLAGSGNTLYF-BJ1-3,12,multi-specific,"['ATLVFHNL', 'HIYEFPQL', 'RTYTYEKL', 'SNYLFTKL', 'SVYVYKVL', 'VGPRYTNL', 'VIVRFLTV', 'VSFTYRYL']",8,"[0.059322033898305086, 0.11016949152542371, 0.10169491525423728, 0.19491525423728814, 0.09322033898305083, 0.05084745762711864, 0.059322033898305086, 0.19491525423728814]",SNYLFTKL,0.19491525423728814,VSFTYRYL,0.07796610169491526,False,"['ATLVFHNL', 'HIYEFPQL', 'RTYTYEKL', 'SNYLFTKL', 'SVYVYKVL', 'VGPRYTNL', 'VIVRFLTV', 'VSFTYRYL']",8,"['EEEPVKKI', 'INFDFPKL', 'RAYLFNSV', 'SSYTFPKM', 'VAFDFTKV']",0.0,0.0,"[0.58333333 0.         1.08333333 0.41666667 0.41666667 1.
 1.91666667 0.08333333 0.91666667 0.41666667 0.5        0.58333333
 1.91666667]",0.2803522252944802,0.28307270207084506,0.0027204767763648885,0.059322033898305086,0.2803522252944802,0.0,0.0,0.3022966688971948,0.021944443602714636,0.11016949152542371,0.28351717258104575,0.003164947286565578,0.0423728813559322,0.28809305904852195,0.007740833754041776,0.0423728813559322,0.2887341865612633,0.008381961266783144,0.10169491525423728,0.30527860715878097,0.024926381864300795,0.19491525423728814,0.2812373484988572,0.000885123204377003,0.008474576271186439,0.2786176249142681,-0.001734600380212059,0.09322033898305083,0.2833666291315389,0.0030144038370587545,0.0423728813559322,0.28636114937901275,0.006008924084532574,0.05084745762711864,0.28590938858303716,0.005557163288556988,0.059322033898305086,0.27217137187229024,-0.008180853422189938,0.19491525423728814,SNYLFTKL,0.024926381864300795,VSFTYRYL,-0.008180853422189938
147,AV7-1-CAVSDQGGRALIF-AJ15_BV19-CASSMRGVSDYTF-BJ1-2,11,multi-specific,"['HIYEFPQL', 'RTYTYEKL', 'SNYLFTKL', 'VAFDFTKV', 'VIVRFLTV', 'VSFTYRYL']",6,"[0.140625, 0.15625, 0.09374999999999999, 0.0625, 0.34375, 0.140625]",VIVRFLTV,0.34375,VIVRFLTV,0.11458333333333333,True,"['HIYEFPQL', 'RTYTYEKL', 'SNYLFTKL', 'VAFDFTKV', 'VIVRFLTV', 'VSFTYRYL']",6,"['ATLVFHNL', 'EEEPVKKI', 'INFDFPKL', 'RAYLFNSV', 'SSYTFPKM', 'SVYVYKVL', 'VGPRYTNL']",0.0,0.0,"[0.09090909 0.         0.81818182 0.         0.         0.90909091
 0.54545455 0.18181818 0.09090909 0.36363636 0.         2.
 0.81818182]",0.28013047491233667,0.3423816915595225,0.06225121664718586,0.015625,0.28013047491233667,0.0,0.0,0.32785847256633166,0.04772799765399499,0.140625,0.28013047491233667,0.0,0.0,0.28013047491233667,0.0,0.0,0.31423907065698636,0.034108595744649695,0.15625,0.2923111701556398,0.012180695243303119,0.09374999999999999,0.286892495601172,0.006762020688835357,0.03125,0.280574234211219,0.00044375929888235133,0.015625,0.288509517524528,0.008379042612191356,0.0625,0.28013047491233667,0.0,0.0,0.263211173452748,-0.016919301459588643,0.34375,0.31247463252975083,0.03234415761741416,0.140625,HIYEFPQL,0.04772799765399499,VIVRFLTV,-0.016919301459588643
148,AV16N-CAMREGGSNNRIFF-AJ31_BV13-2-CASGEGPANSDYTF-BJ1-2,8,multi-specific,"['HIYEFPQL', 'RAYLFNSV', 'RTYTYEKL', 'SNYLFTKL', 'SVYVYKVL', 'VGPRYTNL', 'VSFTYRYL']",7,"[0.0860655737704918, 0.06557377049180328, 0.29098360655737704, 0.13934426229508196, 0.1762295081967213, 0.06557377049180328, 0.0860655737704918]",RTYTYEKL,0.29098360655737704,SVYVYKVL,0.023497267759562842,False,"['HIYEFPQL', 'RAYLFNSV', 'RTYTYEKL', 'SNYLFTKL', 'SVYVYKVL', 'VGPRYTNL', 'VSFTYRYL']",7,"['ATLVFHNL', 'EEEPVKKI', 'INFDFPKL', 'SSYTFPKM', 'VAFDFTKV', 'VIVRFLTV']",0.0,0.0,"[1.375 0.    2.625 0.125 2.    8.875 4.25  0.25  5.375 0.375 2.    0.625
 2.625]",0.2773335887851264,0.29071227485457213,0.013378686069445755,0.045081967213114756,0.2773335887851264,0.0,0.0,0.2794611492592024,0.002127560474076029,0.0860655737704918,0.2773677460450364,3.415725991001706e-05,0.004098360655737705,0.2785448752488366,0.001211286463710215,0.06557377049180328,0.3082219183522944,0.030888329567168027,0.29098360655737704,0.29430138652250454,0.016967797737378165,0.13934426229508196,0.2782011466818949,0.0008675578967685116,0.00819672131147541,0.22399228035880925,-0.053341308426317124,0.1762295081967213,0.27738666356982866,5.3074784702289435e-05,0.012295081967213115,0.37122044007098015,0.09388685128585378,0.06557377049180328,0.2778151199397426,0.00048153115461624374,0.020491803278688523,0.2627575422598571,-0.014576046525269282,0.0860655737704918,VGPRYTNL,0.09388685128585378,SVYVYKVL,-0.053341308426317124
149,AV6-6-CALGDQSNYNVLYF-AJ21_BV26-CASRRQGNERLFF-BJ1-4,5,multi-specific,"['HIYEFPQL', 'RTYTYEKL', 'SSYTFPKM', 'VGPRYTNL', 'VIVRFLTV', 'VSFTYRYL']",6,"[0.34920634920634924, 0.126984126984127, 0.0634920634920635, 0.14285714285714288, 0.15873015873015872, 0.126984126984127]",HIYEFPQL,0.34920634920634924,HIYEFPQL,0.058201058201058205,True,"['HIYEFPQL', 'RTYTYEKL', 'SSYTFPKM', 'VGPRYTNL', 'VIVRFLTV', 'VSFTYRYL']",6,"['ATLVFHNL', 'EEEPVKKI', 'INFDFPKL', 'RAYLFNSV', 'SNYLFTKL', 'SVYVYKVL', 'VAFDFTKV']",0.0,0.0,[0.  0.  4.4 0.  0.  1.6 0.2 0.8 0.2 0.  1.8 2.  1.6],0.2745312566527084,0.2745312566527084,0.0,0.0,0.2745312566527084,0.0,0.0,0.2642683251907444,-0.010262931461963998,0.34920634920634924,0.2745312566527084,0.0,0.0,0.2745312566527084,0.0,0.0,0.39975410426836894,0.12522284761566055,0.126984126984127,0.2755336849680359,0.001002428315327486,0.015873015873015876,0.2755848711797234,0.0010536145270150232,0.0634920634920635,0.2745927183214433,6.146166873488568e-05,0.015873015873015876,0.2745312566527084,0.0,0.0,0.2824503826291721,0.007919125976463715,0.14285714285714288,0.33719567043770277,0.06266441378499438,0.15873015873015872,0.28005975660219146,0.005528499949483068,0.126984126984127,RTYTYEKL,0.12522284761566055,HIYEFPQL,-0.010262931461963998
150,AV12-2-CALSDRDSAGNKLTF-AJ17_BV13-3-CASSDRLNTGQLYF-BJ2-2,9,multi-specific,"['RAYLFNSV', 'SNYLFTKL', 'VGPRYTNL', 'VIVRFLTV', 'VSFTYRYL']",5,"[0.3214285714285714, 0.0625, 0.11607142857142856, 0.19642857142857145, 0.1875]",RAYLFNSV,0.3214285714285714,RAYLFNSV,0.1607142857142857,True,"['RAYLFNSV', 'SNYLFTKL', 'VGPRYTNL', 'VIVRFLTV', 'VSFTYRYL']",5,"['ATLVFHNL', 'EEEPVKKI', 'HIYEFPQL', 'INFDFPKL', 'RTYTYEKL', 'SSYTFPKM', 'SVYVYKVL', 'VAFDFTKV']",0.0,0.0,"[0.44444444 0.         0.         0.22222222 4.         0.22222222
 0.77777778 0.         0.44444444 0.11111111 1.44444444 2.44444444
 2.33333333]",0.2743947040496877,0.2954969391698165,0.02110223512012882,0.03571428571428571,0.2743947040496877,0.0,0.0,0.2743947040496877,0.0,0.0,0.27440238738443923,7.683334751540372e-06,0.017857142857142856,0.20348254745462005,-0.07091215659506764,0.3214285714285714,0.2748040509858465,0.00040934693615879425,0.017857142857142856,0.2822860963115154,0.007891392261827723,0.0625,0.2743947040496877,0.0,0.0,0.2889533901396266,0.014558686089938933,0.03571428571428571,0.27449329286733243,9.858881764474026e-05,0.008928571428571428,0.313739036591946,0.03934433254225833,0.11607142857142856,0.3512538909752327,0.076859186925545,0.19642857142857145,0.30234562610432264,0.027950922054634952,0.1875,VIVRFLTV,0.076859186925545,RAYLFNSV,-0.07091215659506764
151,AV12D-2-CALDYANKMIF-AJ47_BV14-CASSFRAEQFF-BJ2-1,13,multi-specific,"['ATLVFHNL', 'HIYEFPQL', 'INFDFPKL', 'RAYLFNSV', 'RTYTYEKL', 'SNYLFTKL', 'SVYVYKVL', 'VIVRFLTV', 'VSFTYRYL']",9,"[0.06842105263157894, 0.07894736842105261, 0.057894736842105256, 0.09999999999999999, 0.057894736842105256, 0.13157894736842105, 0.15789473684210523, 0.1894736842105263, 0.07894736842105261]",VIVRFLTV,0.1894736842105263,SNYLFTKL,0.03289473684210526,False,"['ATLVFHNL', 'HIYEFPQL', 'INFDFPKL', 'RAYLFNSV', 'RTYTYEKL', 'SNYLFTKL', 'SVYVYKVL', 'VIVRFLTV', 'VSFTYRYL']",9,"['EEEPVKKI', 'SSYTFPKM', 'VAFDFTKV', 'VGPRYTNL']",0.0,0.0,"[1.         0.         1.15384615 0.84615385 1.46153846 0.84615385
 1.92307692 0.23076923 2.30769231 0.46153846 0.46153846 2.76923077
 1.15384615]",0.2720574705973435,0.2682988313310568,-0.0037586392662866674,0.06842105263157894,0.2720574705973435,0.0,0.0,0.2857845793131199,0.013727108715776426,0.07894736842105261,0.29111987660884664,0.019062406011503163,0.057894736842105256,0.29689757618447726,0.024840105587133787,0.09999999999999999,0.27675025700438105,0.004692786407037575,0.057894736842105256,0.26152683341186234,-0.01053063718548114,0.13157894736842105,0.2733383046340381,0.0012808340366946003,0.015789473684210527,0.2591465959067046,-0.012910874690638896,0.15789473684210523,0.27355384494567603,0.001496374348332552,0.031578947368421054,0.27651483310996483,0.0044573625126213545,0.031578947368421054,0.29058666366329267,0.01852919306594919,0.1894736842105263,0.2689534340433231,-0.003104036554020362,0.07894736842105261,RAYLFNSV,0.024840105587133787,SVYVYKVL,-0.012910874690638896
152,AV19-CAAGGGSNYKLTF-AJ53_BV14-CASRDRYEQYF-BJ2-7,9,multi-specific,"['ATLVFHNL', 'RAYLFNSV', 'RTYTYEKL', 'SNYLFTKL', 'SSYTFPKM', 'VGPRYTNL', 'VSFTYRYL']",7,"[0.24999999999999994, 0.062499999999999986, 0.062499999999999986, 0.21874999999999997, 0.09374999999999997, 0.09374999999999997, 0.15624999999999997]",ATLVFHNL,0.24999999999999994,ATLVFHNL,0.24999999999999994,True,"['ATLVFHNL', 'RAYLFNSV', 'RTYTYEKL', 'SNYLFTKL', 'SSYTFPKM', 'VGPRYTNL', 'VSFTYRYL']",7,"['EEEPVKKI', 'HIYEFPQL', 'INFDFPKL', 'SVYVYKVL', 'VAFDFTKV', 'VIVRFLTV']",0.0,0.0,"[0.88888889 0.         0.         0.         0.22222222 0.22222222
 0.77777778 0.33333333 0.11111111 0.11111111 0.33333333 0.
 0.55555556]",0.2703264535633797,0.20870936687100458,-0.06161708669237512,0.24999999999999994,0.2703264535633797,0.0,0.0,0.2703264535633797,0.0,0.0,0.2703264535633797,0.0,0.0,0.273288356141663,0.0029619025782833264,0.062499999999999986,0.28694230643660945,0.016615852873229753,0.062499999999999986,0.2905831376366942,0.02025668407331449,0.21874999999999997,0.28404127698440934,0.013714823421029643,0.09374999999999997,0.27260795158708806,0.0022814980237083615,0.031249999999999993,0.27265386306595,0.002327409502570321,0.031249999999999993,0.28425655212825873,0.013930098564879034,0.09374999999999997,0.2703264535633797,0.0,0.0,0.35930928033570547,0.08898282677232577,0.15624999999999997,VSFTYRYL,0.08898282677232577,ATLVFHNL,-0.06161708669237512
153,AV13D-4-CAMANNYAQGLTF-AJ26_BV17-CASSSQNTLYF-BJ2-4,5,multi-specific,"['ATLVFHNL', 'HIYEFPQL', 'RAYLFNSV', 'SNYLFTKL', 'SVYVYKVL', 'VIVRFLTV', 'VSFTYRYL']",7,"[0.13953488372093023, 0.06976744186046512, 0.11627906976744186, 0.13953488372093023, 0.06976744186046512, 0.27906976744186046, 0.11627906976744186]",VIVRFLTV,0.27906976744186046,VIVRFLTV,0.09302325581395349,True,"['ATLVFHNL', 'HIYEFPQL', 'RAYLFNSV', 'SNYLFTKL', 'SVYVYKVL', 'VIVRFLTV', 'VSFTYRYL']",7,"['EEEPVKKI', 'INFDFPKL', 'RTYTYEKL', 'SSYTFPKM', 'VAFDFTKV', 'VGPRYTNL']",0.0,0.0,[1.2 0.  0.6 0.  1.  0.4 1.2 0.  0.6 0.2 0.  2.4 1. ],0.2695584340013998,0.47386234559659385,0.20430391159519407,0.13953488372093023,0.2695584340013998,0.0,0.0,0.2745289161914336,0.00497048219003382,0.06976744186046512,0.2695584340013998,0.0,0.0,0.2698451694842542,0.00028673548285440553,0.11627906976744186,0.2915725710353927,0.02201413703399291,0.04651162790697675,0.27016229614533016,0.0006038621439303782,0.13953488372093023,0.2695584340013998,0.0,0.0,0.2745289161914336,0.00497048219003382,0.06976744186046512,0.27007097051838497,0.0005125365169851848,0.023255813953488375,0.2695584340013998,0.0,0.0,0.34588314677411236,0.07632471277271258,0.27906976744186046,0.285987706775064,0.01642927277366424,0.11627906976744186,ATLVFHNL,0.20430391159519407,RAYLFNSV,0.00028673548285440553
154,AV14D-3/DV8-CAASASSGYNKLTF-AJ11_BV3-CASSLEGGAHEQYF-BJ2-7,6,multi-specific,"['HIYEFPQL', 'RAYLFNSV', 'RTYTYEKL', 'SNYLFTKL', 'SSYTFPKM', 'VGPRYTNL', 'VIVRFLTV', 'VSFTYRYL']",8,"[0.14285714285714285, 0.13492063492063494, 0.05555555555555556, 0.11904761904761904, 0.06349206349206349, 0.10317460317460317, 0.14285714285714285, 0.14285714285714285]",HIYEFPQL,0.14285714285714285,SNYLFTKL,0.017006802721088433,False,"['HIYEFPQL', 'RAYLFNSV', 'RTYTYEKL', 'SNYLFTKL', 'SSYTFPKM', 'VGPRYTNL', 'VIVRFLTV', 'VSFTYRYL']",8,"['ATLVFHNL', 'EEEPVKKI', 'INFDFPKL', 'SVYVYKVL', 'VAFDFTKV']",0.0,0.0,"[0.33333333 0.         3.         1.         2.83333333 1.16666667
 2.5        1.33333333 0.33333333 0.33333333 2.16666667 3.
 3.        ]",0.26872786289670825,0.2695527467353872,0.0008248838386789581,0.015873015873015872,0.26872786289670825,0.0,0.0,0.27049135447795614,0.001763491581247889,0.14285714285714285,0.26840111970204245,-0.0003267431946658017,0.047619047619047616,0.287109635342676,0.018381772445967726,0.13492063492063494,0.3193696352490202,0.05064177235231193,0.05555555555555556,0.2845800578192462,0.015852194922537977,0.11904761904761904,0.27633302848886704,0.007605165592158791,0.06349206349206349,0.26919397401963585,0.0004661111229276038,0.015873015873015872,0.26856694398840275,-0.00016091890830549627,0.015873015873015872,0.27726703371488726,0.00853917081817901,0.10317460317460317,0.31555548244364257,0.04682761954693432,0.14285714285714285,0.2754893185668979,0.006761455670189653,0.14285714285714285,RTYTYEKL,0.05064177235231193,HIYEFPQL,0.001763491581247889
155,AV13D-4-CAMELDSNYQLIW-AJ33_BV4-CASHGSYNSPLYF-BJ1-6,7,multi-specific,"['ATLVFHNL', 'HIYEFPQL', 'RTYTYEKL', 'SVYVYKVL']",4,"[0.10256410256410256, 0.33333333333333337, 0.3076923076923077, 0.20512820512820512]",HIYEFPQL,0.33333333333333337,RTYTYEKL,0.15384615384615385,False,"['ATLVFHNL', 'HIYEFPQL', 'RTYTYEKL', 'SVYVYKVL']",4,"['EEEPVKKI', 'INFDFPKL', 'RAYLFNSV', 'SNYLFTKL', 'SSYTFPKM', 'VAFDFTKV', 'VGPRYTNL', 'VIVRFLTV', 'VSFTYRYL']",0.0,0.0,"[0.57142857 0.         1.85714286 0.14285714 0.14285714 1.71428571
 0.         0.         1.14285714 0.         0.         0.
 0.        ]",0.2667009536072136,0.373381335050099,0.10668038144288544,0.10256410256410256,0.2667009536072136,0.0,0.0,0.3437411426570597,0.07704018904984611,0.33333333333333337,0.26874603473360703,0.0020450811263934554,0.02564102564102564,0.26717219300519174,0.0004712393979781626,0.02564102564102564,0.22321759734609245,-0.043483356261121126,0.3076923076923077,0.2667009536072136,0.0,0.0,0.2667009536072136,0.0,0.0,0.317772907936234,0.0510719543290204,0.20512820512820512,0.2667009536072136,0.0,0.0,0.2667009536072136,0.0,0.0,0.2667009536072136,0.0,0.0,0.2667009536072136,0.0,0.0,ATLVFHNL,0.10668038144288544,RTYTYEKL,-0.043483356261121126
156,AV5-4-CAASAGGYQNFYF-AJ49_BV1-CTCSALGGYAEQFF-BJ2-1,8,multi-specific,"['HIYEFPQL', 'RAYLFNSV', 'RTYTYEKL', 'SNYLFTKL', 'SSYTFPKM', 'SVYVYKVL', 'VAFDFTKV', 'VIVRFLTV', 'VSFTYRYL']",9,"[0.0707070707070707, 0.10101010101010101, 0.13131313131313133, 0.1111111111111111, 0.050505050505050504, 0.08080808080808081, 0.0707070707070707, 0.09090909090909091, 0.20202020202020202]",VSFTYRYL,0.20202020202020202,VSFTYRYL,0.13468013468013468,True,"['HIYEFPQL', 'RAYLFNSV', 'RTYTYEKL', 'SNYLFTKL', 'SSYTFPKM', 'SVYVYKVL', 'VAFDFTKV', 'VIVRFLTV', 'VSFTYRYL']",9,"['ATLVFHNL', 'EEEPVKKI', 'INFDFPKL', 'VGPRYTNL']",0.0,0.0,"[0.25  0.    0.875 0.375 1.25  1.625 1.375 0.625 1.    0.875 0.5   1.125
 2.5  ]",0.26663587966237395,0.26966732370517815,0.003031444042804199,0.020202020202020204,0.26663587966237395,0.0,0.0,0.26798386567017285,0.0013479860077988959,0.0707070707070707,0.267139529694837,0.0005036500324630544,0.030303030303030304,0.27305465443822463,0.0064187747758506775,0.10101010101010101,0.27889331948252255,0.012257439820148597,0.13131313131313133,0.2925837408585984,0.025947861196224442,0.1111111111111111,0.26566266666641364,-0.0009732129959603153,0.050505050505050504,0.2705160481064042,0.003880168444030274,0.08080808080808081,0.26954013870068044,0.0029042590383064892,0.0707070707070707,0.2694166369355078,0.0027807572731338714,0.04040404040404041,0.3263088005289913,0.05967292086661735,0.09090909090909091,0.2734154238756917,0.006779544213317723,0.20202020202020202,VIVRFLTV,0.05967292086661735,SSYTFPKM,-0.0009732129959603153
157,AV5D-4-CAASENSNYQLIW-AJ33_BV4-CASSQNTLYF-BJ2-4,5,multi-specific,"['HIYEFPQL', 'RAYLFNSV', 'SNYLFTKL', 'SVYVYKVL', 'VGPRYTNL', 'VIVRFLTV', 'VSFTYRYL']",7,"[0.2564102564102564, 0.10256410256410256, 0.10256410256410256, 0.10256410256410256, 0.1282051282051282, 0.05128205128205128, 0.17948717948717946]",HIYEFPQL,0.2564102564102564,SVYVYKVL,0.05128205128205128,False,"['HIYEFPQL', 'RAYLFNSV', 'SNYLFTKL', 'SVYVYKVL', 'VGPRYTNL', 'VIVRFLTV', 'VSFTYRYL']",7,"['ATLVFHNL', 'EEEPVKKI', 'INFDFPKL', 'RTYTYEKL', 'SSYTFPKM', 'VAFDFTKV']",0.0,0.0,[0.2 0.  2.  0.  0.8 0.2 0.8 0.  0.8 0.2 1.  0.4 1.4],0.2665573343965774,0.2712551227738197,0.0046977883772422735,0.02564102564102564,0.2665573343965774,0.0,0.0,0.27973881036979426,0.013181475973216839,0.2564102564102564,0.2665573343965774,0.0,0.0,0.27960672764631245,0.01304939324973503,0.10256410256410256,0.26661654389059863,5.9209494021217335e-05,0.02564102564102564,0.2675839122319045,0.0010265778353270583,0.10256410256410256,0.2665573343965774,0.0,0.0,0.2915506961895771,0.024993361792999658,0.10256410256410256,0.26661654389059863,5.9209494021217335e-05,0.02564102564102564,0.2682474899769046,0.0016901555803272017,0.1282051282051282,0.4036530589703595,0.1370957245737821,0.05128205128205128,0.19132651476247026,-0.07523081963410716,0.17948717948717946,VIVRFLTV,0.1370957245737821,VSFTYRYL,-0.07523081963410716
158,AV12-3-CALSDNYNQGKLIF-AJ23_BV2-CASSQAVSYEQYF-BJ2-7,14,multi-specific,"['ATLVFHNL', 'HIYEFPQL', 'RTYTYEKL', 'SNYLFTKL', 'SVYVYKVL', 'VAFDFTKV', 'VGPRYTNL', 'VIVRFLTV', 'VSFTYRYL']",9,"[0.06145251396648045, 0.0670391061452514, 0.09497206703910614, 0.0782122905027933, 0.1787709497206704, 0.0558659217877095, 0.05027932960893856, 0.16201117318435757, 0.1787709497206704]",SVYVYKVL,0.1787709497206704,VIVRFLTV,0.1080074487895717,False,"['ATLVFHNL', 'HIYEFPQL', 'RTYTYEKL', 'SNYLFTKL', 'SVYVYKVL', 'VAFDFTKV', 'VGPRYTNL', 'VIVRFLTV', 'VSFTYRYL']",9,"['EEEPVKKI', 'INFDFPKL', 'RAYLFNSV', 'SSYTFPKM']",0.0,0.0,"[0.78571429 0.         0.85714286 0.07142857 0.28571429 1.21428571
 1.         0.57142857 2.28571429 0.71428571 0.64285714 2.07142857
 2.28571429]",0.2638525667829456,0.2879228889393801,0.02407032215643451,0.06145251396648045,0.2638525667829456,0.0,0.0,0.26346865988015994,-0.00038390690278566897,0.0670391061452514,0.26390359362063703,5.10268376914258e-05,0.00558659217877095,0.3053315940169056,0.04147902723396002,0.0223463687150838,0.2853788188531869,0.02152625207024128,0.09497206703910614,0.2788302717679978,0.014977704985052187,0.0782122905027933,0.26810318012526135,0.0042506133423157455,0.0446927374301676,0.2864164228890879,0.02256385610614231,0.1787709497206704,0.3017270625571861,0.03787449577424051,0.0558659217877095,0.27450388580233176,0.010651319019386152,0.05027932960893856,0.213695045542312,-0.05015752124063361,0.16201117318435757,0.2741773982245457,0.010324831441600069,0.1787709497206704,VAFDFTKV,0.03787449577424051,VIVRFLTV,-0.05015752124063361
159,AV19-CAAGLATGGNNKLTF-AJ56_BV13-1-CASSELGFSAETLYF-BJ2-3,10,multi-specific,"['ATLVFHNL', 'RTYTYEKL', 'SNYLFTKL', 'SVYVYKVL', 'VIVRFLTV', 'VSFTYRYL']",6,"[0.11570247933884295, 0.14049586776859502, 0.09917355371900825, 0.2727272727272727, 0.14876033057851237, 0.08264462809917354]",SVYVYKVL,0.2727272727272727,SVYVYKVL,0.07792207792207792,True,"['ATLVFHNL', 'RTYTYEKL', 'SNYLFTKL', 'SVYVYKVL', 'VIVRFLTV', 'VSFTYRYL']",6,"['EEEPVKKI', 'HIYEFPQL', 'INFDFPKL', 'RAYLFNSV', 'SSYTFPKM', 'VAFDFTKV', 'VGPRYTNL']",0.0,0.0,[1.4 0.  0.4 0.  0.1 1.7 1.2 0.2 3.3 0.4 0.6 1.8 1. ],0.2631197206497889,0.28678994343319425,0.02367022278340536,0.11570247933884295,0.2631197206497889,0.0,0.0,0.32296335210215715,0.05984363145236826,0.03305785123966942,0.2631197206497889,0.0,0.0,0.26341059565744296,0.0002908750076540678,0.008264462809917356,0.2973853030490483,0.03426558239925942,0.14049586776859502,0.3096292481123187,0.04650952746252979,0.09917355371900825,0.26391862774528024,0.0007989070954913524,0.01652892561983471,0.2482431117271304,-0.01487660892265849,0.2727272727272727,0.2646357746661385,0.0015160540163496328,0.03305785123966942,0.2683448119904896,0.005225091340700705,0.04958677685950413,0.26113035936149986,-0.0019893612882890266,0.14876033057851237,0.2713998487230873,0.00828012807329842,0.08264462809917354,SNYLFTKL,0.04650952746252979,SVYVYKVL,-0.01487660892265849
160,AV3D-3-CAVSEPSGSWQLIF-AJ22_BV5-CASSQGRGHERLFF-BJ1-4,10,multi-specific,"['ATLVFHNL', 'HIYEFPQL', 'RAYLFNSV', 'RTYTYEKL', 'SNYLFTKL']",5,"[0.07142857142857142, 0.10714285714285712, 0.08928571428571427, 0.23214285714285712, 0.375]",SNYLFTKL,0.375,SNYLFTKL,0.375,True,"['ATLVFHNL', 'HIYEFPQL', 'RAYLFNSV', 'RTYTYEKL', 'SNYLFTKL']",5,"['EEEPVKKI', 'INFDFPKL', 'SSYTFPKM', 'SVYVYKVL', 'VAFDFTKV', 'VGPRYTNL', 'VIVRFLTV', 'VSFTYRYL']",0.0,0.0,[0.4 0.  0.6 0.2 0.5 1.3 2.1 0.2 0.  0.1 0.  0.2 0. ],0.2623473052542476,0.25978120182257675,-0.002566103431670852,0.07142857142857142,0.2623473052542476,0.0,0.0,0.36855759877757255,0.10621029352332495,0.10714285714285712,0.26921123427439275,0.006863929020145154,0.03571428571428571,0.2773982518712569,0.015050946617009286,0.08928571428571427,0.2803431477754466,0.017995842521199013,0.23214285714285712,0.17447850880865093,-0.08786879644559667,0.375,0.26541807674998485,0.0030707714957372567,0.03571428571428571,0.2623473052542476,0.0,0.0,0.2629418391632112,0.0005945339089635793,0.017857142857142856,0.2623473052542476,0.0,0.0,0.2648312411371742,0.0024839358829266134,0.03571428571428571,0.2623473052542476,0.0,0.0,HIYEFPQL,0.10621029352332495,SNYLFTKL,-0.08786879644559667
161,AV14-1-CAAMSNYNVLYF-AJ21_BV20-CGARDRNTGQLYF-BJ2-2,11,multi-specific,"['ATLVFHNL', 'HIYEFPQL', 'RAYLFNSV', 'SNYLFTKL', 'VIVRFLTV', 'VSFTYRYL']",6,"[0.16770186335403728, 0.13043478260869565, 0.07453416149068322, 0.06832298136645963, 0.2546583850931677, 0.14285714285714285]",VIVRFLTV,0.2546583850931677,HIYEFPQL,0.043478260869565216,False,"['ATLVFHNL', 'HIYEFPQL', 'RAYLFNSV', 'SNYLFTKL', 'VIVRFLTV', 'VSFTYRYL']",6,"['EEEPVKKI', 'INFDFPKL', 'RTYTYEKL', 'SSYTFPKM', 'SVYVYKVL', 'VAFDFTKV', 'VGPRYTNL']",0.0,0.0,"[2.45454545 0.         1.90909091 0.27272727 1.09090909 0.72727273
 1.         0.         0.27272727 0.63636364 0.45454545 3.72727273
 2.09090909]",0.26109673815726536,0.25389696262892925,-0.0071997755283361164,0.16770186335403728,0.26109673815726536,0.0,0.0,0.2522434195729902,-0.008853318584275183,0.13043478260869565,0.2625525124151493,0.0014557742578839572,0.018633540372670804,0.26467494147924975,0.0035782033219843856,0.07453416149068322,0.2787559229947637,0.017659184837498343,0.04968944099378882,0.264053366784072,0.0029566286268066233,0.06832298136645963,0.26109673815726536,0.0,0.0,0.2612277297701898,0.00013099161292445816,0.018633540372670804,0.270566707140404,0.009469968983138621,0.043478260869565216,0.2636298845388607,0.0025331463815953525,0.031055900621118012,0.3357871949725711,0.07469045681530573,0.2546583850931677,0.2260327503014374,-0.035063987855827955,0.14285714285714285,VIVRFLTV,0.07469045681530573,VSFTYRYL,-0.035063987855827955
162,AV19-CAANQGGSAKLIF-AJ57_BV5-CASSRQVNYAEQFF-BJ2-1,9,multi-specific,"['ATLVFHNL', 'HIYEFPQL', 'RAYLFNSV', 'RTYTYEKL', 'SNYLFTKL', 'SSYTFPKM', 'VAFDFTKV', 'VIVRFLTV', 'VSFTYRYL']",9,"[0.09375, 0.05468750000000001, 0.09375, 0.08593750000000001, 0.1015625, 0.11718750000000001, 0.05468750000000001, 0.1875, 0.15625000000000003]",VIVRFLTV,0.1875,ATLVFHNL,0.046875,False,"['ATLVFHNL', 'HIYEFPQL', 'RAYLFNSV', 'RTYTYEKL', 'SNYLFTKL', 'SSYTFPKM', 'VAFDFTKV', 'VIVRFLTV', 'VSFTYRYL']",9,"['EEEPVKKI', 'INFDFPKL', 'SVYVYKVL', 'VGPRYTNL']",0.0,0.0,"[1.33333333 0.         0.77777778 0.55555556 1.33333333 1.22222222
 1.44444444 1.66666667 0.11111111 0.77777778 0.11111111 2.66666667
 2.22222222]",0.26032539287144685,0.28640964201707514,0.02608424914562829,0.09375,0.26032539287144685,0.0,0.0,0.26078077835965224,0.00045538548820539537,0.05468750000000001,0.3227613475655865,0.06243595469413965,0.03906250000000001,0.29239231455483766,0.032066921683390814,0.09375,0.27406634862623713,0.013740955754790285,0.08593750000000001,0.2608191283138311,0.0004937354423842355,0.1015625,0.2781248510528816,0.017799458181434746,0.11718750000000001,0.2619748018115147,0.0016494089400678758,0.0078125,0.2621304749886566,0.0018050821172097553,0.05468750000000001,0.2619748018115147,0.0016494089400678758,0.0078125,0.2194142783815164,-0.040911114489930456,0.1875,0.24760342756291326,-0.01272196530853359,0.15625000000000003,RAYLFNSV,0.032066921683390814,VIVRFLTV,-0.040911114489930456
163,AV3D-3-CAAPSNMGYKLTF-AJ9_BV5-CASSQGQGAEQFF-BJ2-1,46,multi-specific,"['ATLVFHNL', 'HIYEFPQL', 'RAYLFNSV', 'RTYTYEKL', 'SNYLFTKL', 'SVYVYKVL', 'VIVRFLTV', 'VSFTYRYL']",8,"[0.05192307692307693, 0.17884615384615388, 0.08461538461538463, 0.07884615384615386, 0.14423076923076925, 0.05961538461538462, 0.11923076923076924, 0.15000000000000002]",HIYEFPQL,0.17884615384615388,VSFTYRYL,0.15000000000000002,False,"['ATLVFHNL', 'HIYEFPQL', 'RAYLFNSV', 'RTYTYEKL', 'SNYLFTKL', 'SVYVYKVL', 'VIVRFLTV', 'VSFTYRYL']",8,"['EEEPVKKI', 'INFDFPKL', 'SSYTFPKM', 'VAFDFTKV', 'VGPRYTNL']",0.0,0.0,"[0.58695652 0.         2.02173913 0.2826087  0.95652174 0.89130435
 1.63043478 0.5        0.67391304 0.43478261 0.2826087  1.34782609
 1.69565217]",0.2574351771359259,0.2678525016574247,0.010417324521498794,0.05192307692307693,0.2574351771359259,0.0,0.0,0.2666343622400685,0.009199185104142582,0.17884615384615388,0.2592900865420048,0.0018549094060789084,0.025,0.2670126757038686,0.00957749856794271,0.08461538461538463,0.25922381107208337,0.0017886339361574688,0.07884615384615386,0.26979076804420415,0.012355590908278258,0.14423076923076925,0.2625961431520988,0.005160966016172885,0.04423076923076923,0.2621804525209228,0.0047452753849969165,0.05961538461538462,0.26030264587148005,0.0028674687355541573,0.038461538461538464,0.2675677553567565,0.01013257822083058,0.025,0.26800338328743156,0.010568206151505666,0.11923076923076924,0.24270138567783836,-0.014733791458087536,0.15000000000000002,SNYLFTKL,0.012355590908278258,VSFTYRYL,-0.014733791458087536
164,AV13D-2-CAIDRQGGRALIF-AJ15_BV13-1-CASSDQGVYEQYF-BJ2-7,14,multi-specific,"['HIYEFPQL', 'RAYLFNSV', 'RTYTYEKL', 'SNYLFTKL', 'SVYVYKVL', 'VGPRYTNL', 'VIVRFLTV', 'VSFTYRYL']",8,"[0.10309278350515463, 0.10309278350515463, 0.05154639175257732, 0.1958762886597938, 0.05154639175257732, 0.10309278350515463, 0.10309278350515463, 0.24742268041237112]",VSFTYRYL,0.24742268041237112,SNYLFTKL,0.3917525773195876,False,"['HIYEFPQL', 'RAYLFNSV', 'RTYTYEKL', 'SNYLFTKL', 'SVYVYKVL', 'VGPRYTNL', 'VIVRFLTV', 'VSFTYRYL']",8,"['ATLVFHNL', 'EEEPVKKI', 'INFDFPKL', 'SSYTFPKM', 'VAFDFTKV']",0.0,0.0,"[0.07142857 0.         0.71428571 0.07142857 0.71428571 0.35714286
 1.35714286 0.         0.35714286 0.14285714 0.71428571 0.71428571
 1.71428571]",0.2567967444646883,0.2591622406767752,0.0023654962120868706,0.010309278350515464,0.2567967444646883,0.0,0.0,0.2648768850852702,0.008080140620581877,0.10309278350515463,0.25704856629825135,0.00025182183356303733,0.010309278350515464,0.26208258238735505,0.005285837922666736,0.10309278350515463,0.261215785453988,0.004419040989299683,0.05154639175257732,0.23730950417279195,-0.019487240291896357,0.1958762886597938,0.2567967444646883,0.0,0.0,0.2695859881276535,0.012789243662965188,0.05154639175257732,0.2590326702901786,0.0022359258254903147,0.020618556701030927,0.26968387669840715,0.012887132233718845,0.10309278350515463,0.27866552003967376,0.021868775574985455,0.10309278350515463,0.2276347101859558,-0.029162034278732513,0.24742268041237112,VIVRFLTV,0.021868775574985455,VSFTYRYL,-0.029162034278732513
165,AV14-2-CAAGASSGSWQLIF-AJ22_BV31-CAWSLAGSGNTLYF-BJ1-3,38,multi-specific,"['ATLVFHNL', 'HIYEFPQL', 'RAYLFNSV', 'RTYTYEKL', 'SNYLFTKL', 'SVYVYKVL', 'VIVRFLTV', 'VSFTYRYL']",8,"[0.08502024291497977, 0.12145748987854252, 0.06680161943319839, 0.12550607287449392, 0.13157894736842105, 0.06680161943319839, 0.19838056680161945, 0.11336032388663966]",VIVRFLTV,0.19838056680161945,VSFTYRYL,0.22672064777327933,False,"['ATLVFHNL', 'HIYEFPQL', 'RAYLFNSV', 'RTYTYEKL', 'SNYLFTKL', 'SVYVYKVL', 'VIVRFLTV', 'VSFTYRYL']",8,"['EEEPVKKI', 'INFDFPKL', 'SSYTFPKM', 'VAFDFTKV', 'VGPRYTNL']",0.0,0.0,"[1.10526316 0.         1.57894737 0.15789474 0.86842105 1.63157895
 1.71052632 0.21052632 0.86842105 0.34210526 0.47368421 2.57894737
 1.47368421]",0.25451713091642664,0.2650882704929577,0.010571139576531052,0.08502024291497977,0.25451713091642664,0.0,0.0,0.2531805818516389,-0.001336549064787751,0.12145748987854252,0.2687454713998031,0.014228340483376456,0.012145748987854251,0.2694461950421374,0.014929064125710767,0.06680161943319839,0.27668294227185014,0.022165811355423504,0.12550607287449392,0.256041562992008,0.001524432075581339,0.13157894736842105,0.2583255324539032,0.00380840153747658,0.016194331983805668,0.2739203360696654,0.01940320515323879,0.06680161943319839,0.2682810971061323,0.013763966189705656,0.026315789473684213,0.2697307960998947,0.015213665183468061,0.03643724696356275,0.25415850998505257,-0.00035862093137406514,0.19838056680161945,0.2640813436811108,0.009564212764684166,0.11336032388663966,RTYTYEKL,0.022165811355423504,HIYEFPQL,-0.001336549064787751
166,AV14-2-CAASRGSSGNKLIF-AJ32_BV1-CTCSAVRVQDTQYF-BJ2-5,6,multi-specific,"['ATLVFHNL', 'HIYEFPQL', 'RAYLFNSV', 'RTYTYEKL', 'SNYLFTKL', 'VSFTYRYL']",6,"[0.10752688172043012, 0.05376344086021506, 0.05376344086021506, 0.38709677419354843, 0.19354838709677422, 0.07526881720430109]",RTYTYEKL,0.38709677419354843,SNYLFTKL,0.055299539170506916,False,"['ATLVFHNL', 'HIYEFPQL', 'RAYLFNSV', 'RTYTYEKL', 'SNYLFTKL', 'VSFTYRYL']",6,"['EEEPVKKI', 'INFDFPKL', 'SSYTFPKM', 'SVYVYKVL', 'VAFDFTKV', 'VGPRYTNL', 'VIVRFLTV']",0.0,0.0,"[1.66666667 0.         0.83333333 0.         0.83333333 6.
 3.         0.16666667 0.66666667 0.33333333 0.16666667 0.66666667
 1.16666667]",0.2535370623052891,0.2804907550274615,0.026953692722172407,0.10752688172043012,0.2535370623052891,0.0,0.0,0.25535063975110833,0.0018135774458192255,0.05376344086021506,0.2535370623052891,0.0,0.0,0.258859314176011,0.0053222518707218835,0.05376344086021506,0.25490894751174464,0.0013718852064555365,0.38709677419354843,0.25920630625964597,0.005669243954356862,0.19354838709677422,0.25363078042769405,9.371812240493993e-05,0.010752688172043012,0.2568619226538407,0.003324860348551617,0.043010752688172046,0.25434277202757344,0.0008057097222843312,0.021505376344086023,0.25373696290582265,0.00019990060053354242,0.010752688172043012,0.2568619226538407,0.003324860348551617,0.043010752688172046,0.36534219777138033,0.11180513546609122,0.07526881720430109,VSFTYRYL,0.11180513546609122,RTYTYEKL,0.0013718852064555365
167,AV9D-3-CALYGSSGNKLIF-AJ32_BV29-CASSLRVHEQYF-BJ2-7,12,multi-specific,"['ATLVFHNL', 'HIYEFPQL', 'RAYLFNSV', 'RTYTYEKL', 'SNYLFTKL', 'SVYVYKVL', 'VIVRFLTV', 'VSFTYRYL']",8,"[0.050761421319796954, 0.06091370558375634, 0.0964467005076142, 0.07614213197969542, 0.21319796954314718, 0.11167512690355329, 0.18781725888324874, 0.13197969543147206]",SNYLFTKL,0.21319796954314718,SNYLFTKL,0.21319796954314718,True,"['ATLVFHNL', 'HIYEFPQL', 'RAYLFNSV', 'RTYTYEKL', 'SNYLFTKL', 'SVYVYKVL', 'VIVRFLTV', 'VSFTYRYL']",8,"['EEEPVKKI', 'INFDFPKL', 'SSYTFPKM', 'VAFDFTKV', 'VGPRYTNL']",0.0,0.0,"[0.83333333 0.         1.         0.16666667 1.58333333 1.25
 3.5        0.         1.83333333 0.75       0.25       3.08333333
 2.16666667]",0.25330276144771946,0.2535938590404428,0.0002910975927233328,0.050761421319796954,0.25330276144771946,0.0,0.0,0.25707473732857844,0.00377197588085898,0.06091370558375634,0.2534343106060083,0.00013154915828883507,0.01015228426395939,0.29974339124019933,0.04644062979247987,0.0964467005076142,0.2507816149124125,-0.0025211465353069396,0.07614213197969542,0.2503247079105574,-0.002978053537162073,0.21319796954314718,0.25330276144771946,0.0,0.0,0.2966299013653384,0.04332713991761894,0.11167512690355329,0.258752673556272,0.005449912108552557,0.04568527918781726,0.30223762597613996,0.048934864528420496,0.015228426395939085,0.2428459605274976,-0.01045680092022186,0.18781725888324874,0.2587343028989073,0.005431541451187849,0.13197969543147206,RAYLFNSV,0.04644062979247987,VIVRFLTV,-0.01045680092022186
168,AV7N-4-CAVSEDRGSALGRLHF-AJ18_BV1-CTCSAGGDYAEQFF-BJ2-1,15,multi-specific,"['HIYEFPQL', 'RAYLFNSV', 'RTYTYEKL', 'SNYLFTKL', 'SVYVYKVL', 'VGPRYTNL', 'VSFTYRYL']",7,"[0.2079646017699115, 0.11504424778761062, 0.05309734513274336, 0.16371681415929204, 0.11946902654867256, 0.05752212389380531, 0.16371681415929204]",HIYEFPQL,0.2079646017699115,HIYEFPQL,0.10398230088495575,True,"['HIYEFPQL', 'RAYLFNSV', 'RTYTYEKL', 'SNYLFTKL', 'SVYVYKVL', 'VGPRYTNL', 'VSFTYRYL']",7,"['ATLVFHNL', 'EEEPVKKI', 'INFDFPKL', 'SSYTFPKM', 'VAFDFTKV', 'VIVRFLTV']",0.0,0.0,"[0.26666667 0.         3.13333333 0.66666667 1.73333333 0.8
 2.46666667 0.33333333 1.8        0.06666667 0.86666667 0.46666667
 2.46666667]",0.2523160975812416,0.2529161053691276,0.0006000077878859922,0.017699115044247784,0.2523160975812416,0.0,0.0,0.23763541792747134,-0.01468067965377029,0.2079646017699115,0.254212231058895,0.0018961334776533834,0.04424778761061946,0.2614334389477657,0.00911734136652409,0.11504424778761062,0.2530160837764905,0.0006999861952488584,0.05309734513274336,0.28253482084270665,0.03021872326146502,0.16371681415929204,0.2569349463729524,0.004618848791710761,0.02212389380530973,0.2787040817733658,0.02638798419212418,0.11946902654867256,0.25647517346057225,0.00415907587933062,0.004424778761061946,0.2815175051111721,0.029201407529930445,0.05752212389380531,0.25961532233317736,0.007299224751935729,0.030973451327433624,0.27041212453421076,0.018096026952969135,0.16371681415929204,SNYLFTKL,0.03021872326146502,HIYEFPQL,-0.01468067965377029
169,AV14-2-CAASASSGSWQLIF-AJ22_BV31-CAWSLSGSGNTLYF-BJ1-3,12,multi-specific,"['HIYEFPQL', 'RTYTYEKL', 'SNYLFTKL', 'VIVRFLTV', 'VSFTYRYL']",5,"[0.12650602409638556, 0.11445783132530121, 0.21084337349397592, 0.27108433734939763, 0.09036144578313254]",VIVRFLTV,0.27108433734939763,SNYLFTKL,0.07028112449799197,False,"['HIYEFPQL', 'RTYTYEKL', 'SNYLFTKL', 'VIVRFLTV', 'VSFTYRYL']",5,"['ATLVFHNL', 'EEEPVKKI', 'INFDFPKL', 'RAYLFNSV', 'SSYTFPKM', 'SVYVYKVL', 'VAFDFTKV', 'VGPRYTNL']",0.0,0.0,"[0.16666667 0.         1.75       0.16666667 0.41666667 1.58333333
 2.91666667 0.66666667 0.41666667 0.16666667 0.58333333 3.75
 1.25      ]",0.25225547053088426,0.27798755144694326,0.025732080916058997,0.012048192771084338,0.25225547053088426,0.0,0.0,0.31668906355739407,0.0644335930265098,0.12650602409638556,0.2523331173665807,7.764683569644326e-05,0.012048192771084338,0.25274516909964817,0.0004896985687639077,0.030120481927710847,0.25431812578780677,0.0020626552569225076,0.11445783132530121,0.2329521190986306,-0.019303351432253674,0.21084337349397592,0.26412732294410846,0.011871852413224193,0.04819277108433735,0.26120402746745325,0.008948556936568985,0.030120481927710847,0.25902748545533905,0.006772014924454783,0.012048192771084338,0.27026316423049207,0.018007693699607807,0.042168674698795185,0.23388991442809723,-0.018365556102787034,0.27108433734939763,0.2681592323861044,0.015903761855220133,0.09036144578313254,HIYEFPQL,0.0644335930265098,SNYLFTKL,-0.019303351432253674
170,AV19-CAAGADYANKMIF-AJ47_BV3-CASSLTVNQDTQYF-BJ2-5,16,multi-specific,"['ATLVFHNL', 'HIYEFPQL', 'SNYLFTKL', 'SVYVYKVL', 'VGPRYTNL', 'VIVRFLTV', 'VSFTYRYL']",7,"[0.05904059040590406, 0.0996309963099631, 0.0959409594095941, 0.05904059040590406, 0.1992619926199262, 0.22140221402214022, 0.12546125461254612]",VIVRFLTV,0.22140221402214022,VIVRFLTV,0.08856088560885608,True,"['ATLVFHNL', 'HIYEFPQL', 'SNYLFTKL', 'SVYVYKVL', 'VGPRYTNL', 'VIVRFLTV', 'VSFTYRYL']",7,"['EEEPVKKI', 'INFDFPKL', 'RAYLFNSV', 'RTYTYEKL', 'SSYTFPKM', 'VAFDFTKV']",0.0,0.0,"[1.     0.     1.6875 0.375  0.6875 0.8125 1.625  0.     1.     0.5
 3.375  3.75   2.125 ]",0.2520078834154862,0.2617319533506063,0.009724069935120094,0.05904059040590406,0.2520078834154862,0.0,0.0,0.2505691967457892,-0.0014386866696969869,0.0996309963099631,0.253360968393934,0.0013530849784478272,0.02214022140221402,0.2600367795986195,0.008028896183133294,0.04059040590405904,0.2555371790356389,0.003529295620152695,0.04797047970479705,0.2604018567844977,0.008393973369011487,0.0959409594095941,0.2520078834154862,0.0,0.0,0.2527543072353947,0.000746423819908526,0.05904059040590406,0.255344443882435,0.0033365604669488014,0.02952029520295203,0.28527808304413854,0.03327019962865235,0.1992619926199262,0.24521051334874644,-0.00679737006673975,0.22140221402214022,0.2595054408917096,0.007497557476223438,0.12546125461254612,VGPRYTNL,0.03327019962865235,VIVRFLTV,-0.00679737006673975
171,AV13D-1-CAMERSNNRIFF-AJ31_BV2-CASSQDRRGDTQYF-BJ2-5,31,multi-specific,"['HIYEFPQL', 'INFDFPKL', 'SNYLFTKL', 'SVYVYKVL', 'VIVRFLTV', 'VSFTYRYL']",6,"[0.3116147308781869, 0.06515580736543909, 0.12747875354107646, 0.05665722379603399, 0.15297450424929177, 0.11048158640226627]",HIYEFPQL,0.3116147308781869,HIYEFPQL,0.3116147308781869,True,"['HIYEFPQL', 'INFDFPKL', 'SNYLFTKL', 'SVYVYKVL', 'VIVRFLTV', 'VSFTYRYL']",6,"['ATLVFHNL', 'EEEPVKKI', 'RAYLFNSV', 'RTYTYEKL', 'SSYTFPKM', 'VAFDFTKV', 'VGPRYTNL']",0.0,0.0,"[0.51612903 0.         3.5483871  0.74193548 0.25806452 0.29032258
 1.4516129  0.51612903 0.64516129 0.12903226 0.29032258 1.74193548
 1.25806452]",0.25187878203436503,0.2587962124928179,0.006917430458452889,0.04532577903682719,0.25187878203436503,0.0,0.0,0.20181967853720834,-0.0500591034971567,0.3116147308781869,0.29382241530837333,0.041943633274008296,0.06515580736543909,0.252903401251427,0.0010246192170619839,0.022662889518413595,0.2576909470095037,0.005812164975138645,0.025495750708215296,0.26776225739686554,0.01588347536250051,0.12747875354107646,0.2669219867005424,0.015043204666177368,0.04532577903682719,0.2562247210134808,0.004345938979115782,0.05665722379603399,0.2528703814072338,0.0009915993728687456,0.011331444759206798,0.2532072638487654,0.001328481814400373,0.025495750708215296,0.27332923800725895,0.02145045597289391,0.15297450424929177,0.2558030698690188,0.003924287834653761,0.11048158640226627,INFDFPKL,0.041943633274008296,HIYEFPQL,-0.0500591034971567
172,AV9-1-CAVRASNTNKVVF-AJ34_BV31-CAWSLRTGGSYEQYF-BJ2-7,6,multi-specific,"['HIYEFPQL', 'RAYLFNSV', 'RTYTYEKL', 'VIVRFLTV', 'VSFTYRYL']",5,"[0.23140495867768598, 0.16528925619834714, 0.08264462809917357, 0.1487603305785124, 0.20661157024793392]",HIYEFPQL,0.23140495867768598,VSFTYRYL,0.04591368227731865,False,"['HIYEFPQL', 'RAYLFNSV', 'RTYTYEKL', 'VIVRFLTV', 'VSFTYRYL']",5,"['ATLVFHNL', 'EEEPVKKI', 'INFDFPKL', 'SNYLFTKL', 'SSYTFPKM', 'SVYVYKVL', 'VAFDFTKV', 'VGPRYTNL']",0.0,0.0,"[1.         0.         4.66666667 0.5        3.33333333 1.66666667
 0.66666667 0.5        0.5        0.16666667 0.         3.
 4.16666667]",0.25167326336893137,0.30262959610435064,0.050956332735419274,0.04958677685950414,0.25167326336893137,0.0,0.0,0.2403682025636362,-0.01130506080529517,0.23140495867768598,0.2552065827810263,0.0035333194120949485,0.02479338842975207,0.2511538178020823,-0.000519445566849075,0.16528925619834714,0.266902670137193,0.015229406768261622,0.08264462809917357,0.37144710188861213,0.11977383851968076,0.03305785123966942,0.2519824656792395,0.00030920231030812095,0.02479338842975207,0.2522994912394048,0.0006262278704734503,0.02479338842975207,0.2517424072755323,6.914390660095471e-05,0.008264462809917356,0.25167326336893137,0.0,0.0,0.26619878985316603,0.014525526484234663,0.1487603305785124,0.24427106896123169,-0.00740219440769968,0.20661157024793392,RTYTYEKL,0.015229406768261622,HIYEFPQL,-0.01130506080529517
173,AV3D-3-CAAGTGGYKVVF-AJ12_BV26-CASSLGSLNQDTQYF-BJ2-5,5,multi-specific,"['ATLVFHNL', 'HIYEFPQL', 'RAYLFNSV', 'SNYLFTKL', 'SVYVYKVL', 'VGPRYTNL', 'VIVRFLTV', 'VSFTYRYL']",8,"[0.06, 0.12, 0.12, 0.24, 0.08, 0.06, 0.18, 0.1]",SNYLFTKL,0.24,SNYLFTKL,0.08,True,"['ATLVFHNL', 'HIYEFPQL', 'RAYLFNSV', 'SNYLFTKL', 'SVYVYKVL', 'VGPRYTNL', 'VIVRFLTV', 'VSFTYRYL']",8,"['EEEPVKKI', 'INFDFPKL', 'RTYTYEKL', 'SSYTFPKM', 'VAFDFTKV']",0.0,0.0,[0.6 0.  1.2 0.  1.2 0.2 2.4 0.2 0.8 0.  0.6 1.8 1. ],0.25071611755965273,0.2544004775799973,0.003684360020344557,0.06,0.25071611755965273,0.0,0.0,0.26522009606656477,0.01450397850691204,0.12,0.25071611755965273,0.0,0.0,0.30317239057194323,0.0524562730122905,0.12,0.2512563630903938,0.000540245530741057,0.02,0.18611675329372973,-0.064599364265923,0.24,0.25497484882622434,0.004258731266571614,0.02,0.27095145093176914,0.020235333372116415,0.08,0.25071611755965273,0.0,0.0,0.25660795061201563,0.005891833052362905,0.06,0.2388085037024794,-0.011907613857173316,0.18,0.28185385872926727,0.03113774116961454,0.1,RAYLFNSV,0.0524562730122905,SNYLFTKL,-0.064599364265923
174,AV7D-4-CAASEHEDSNYQLIW-AJ33_BV1-CTCSAAWGGAYEQYF-BJ2-7,6,multi-specific,"['ATLVFHNL', 'HIYEFPQL', 'RAYLFNSV', 'RTYTYEKL', 'SNYLFTKL', 'SSYTFPKM', 'VAFDFTKV', 'VGPRYTNL', 'VSFTYRYL']",9,"[0.06779661016949153, 0.08474576271186442, 0.11864406779661019, 0.1016949152542373, 0.1864406779661017, 0.06779661016949153, 0.11864406779661019, 0.1016949152542373, 0.11864406779661019]",SNYLFTKL,0.1864406779661017,RTYTYEKL,0.029055690072639227,False,"['ATLVFHNL', 'HIYEFPQL', 'RAYLFNSV', 'RTYTYEKL', 'SNYLFTKL', 'SSYTFPKM', 'VAFDFTKV', 'VGPRYTNL', 'VSFTYRYL']",9,"['EEEPVKKI', 'INFDFPKL', 'SVYVYKVL', 'VIVRFLTV']",0.0,0.0,"[0.66666667 0.         0.83333333 0.         1.16666667 1.
 1.83333333 0.66666667 0.16666667 1.16666667 1.         0.16666667
 1.16666667]",0.25052242706986144,0.32575729353039584,0.0752348664605344,0.06779661016949153,0.25052242706986144,0.0,0.0,0.25529948994111673,0.004777062871255289,0.08474576271186442,0.25052242706986144,0.0,0.0,0.24864403607777738,-0.0018783909920840614,0.11864406779661019,0.20711866913353277,-0.04340375793632867,0.1016949152542373,0.23246889275570154,-0.018053534314159903,0.1864406779661017,0.2816967884835039,0.031174361413642437,0.06779661016949153,0.25097051324201664,0.0004480861721551932,0.01694915254237288,0.2573171250488142,0.006794697978952768,0.11864406779661019,0.28067414513200484,0.030151718062143396,0.1016949152542373,0.26765118091824347,0.017128753848382028,0.01694915254237288,0.2573171250488142,0.006794697978952768,0.11864406779661019,ATLVFHNL,0.0752348664605344,RTYTYEKL,-0.04340375793632867
175,AV6-6-CALGMSNYNVLYF-AJ21_BV13-2-CASGDEGPQDTQYF-BJ2-5,10,multi-specific,"['ATLVFHNL', 'RTYTYEKL', 'SNYLFTKL', 'SVYVYKVL', 'VAFDFTKV', 'VSFTYRYL']",6,"[0.2272727272727273, 0.10606060606060606, 0.15151515151515152, 0.060606060606060615, 0.09090909090909091, 0.2878787878787879]",VSFTYRYL,0.2878787878787879,VSFTYRYL,0.19191919191919193,True,"['ATLVFHNL', 'RTYTYEKL', 'SNYLFTKL', 'SVYVYKVL', 'VAFDFTKV', 'VSFTYRYL']",6,"['EEEPVKKI', 'HIYEFPQL', 'INFDFPKL', 'RAYLFNSV', 'SSYTFPKM', 'VGPRYTNL', 'VIVRFLTV']",0.0,0.0,[1.5 0.  0.  0.  0.  0.7 1.  0.3 0.4 0.6 0.1 0.1 1.9],0.24933930796402642,0.26807427817901514,0.01873497021498871,0.2272727272727273,0.24933930796402642,0.0,0.0,0.24933930796402642,0.0,0.0,0.24933930796402642,0.0,0.0,0.24933930796402642,0.0,0.0,0.3293606425921247,0.0800213346280983,0.10606060606060606,0.3177686237605157,0.06842931579648925,0.15151515151515152,0.3134188928607987,0.06407958489677229,0.045454545454545456,0.2521774162162162,0.002838108252189775,0.060606060606060615,0.2688092325815849,0.019469924617558476,0.09090909090909091,0.2499302117191262,0.0005909037550997642,0.015151515151515154,0.2499302117191262,0.0005909037550997642,0.015151515151515154,0.1535459762427778,-0.09579333172124863,0.2878787878787879,RTYTYEKL,0.0800213346280983,VSFTYRYL,-0.09579333172124863
176,AV8-1-CATDGGGRALIF-AJ15_BV3-CASSSTGVDAEQFF-BJ2-1,8,multi-specific,"['HIYEFPQL', 'RTYTYEKL', 'SNYLFTKL', 'VAFDFTKV', 'VGPRYTNL', 'VIVRFLTV', 'VSFTYRYL']",7,"[0.06766917293233082, 0.39849624060150374, 0.06766917293233082, 0.06766917293233082, 0.05263157894736842, 0.12781954887218044, 0.15037593984962405]",RTYTYEKL,0.39849624060150374,VIVRFLTV,0.12781954887218044,False,"['HIYEFPQL', 'RTYTYEKL', 'SNYLFTKL', 'VAFDFTKV', 'VGPRYTNL', 'VIVRFLTV', 'VSFTYRYL']",7,"['ATLVFHNL', 'EEEPVKKI', 'INFDFPKL', 'RAYLFNSV', 'SSYTFPKM', 'SVYVYKVL']",0.0,0.0,"[0.25  0.    1.125 0.    0.375 6.625 1.125 0.375 0.125 1.125 0.875 2.125
 2.5  ]",0.2490141215347308,0.254343610479324,0.00532948894459323,0.015037593984962405,0.2490141215347308,0.0,0.0,0.25093437220064346,0.0019202506659126706,0.06766917293233082,0.2490141215347308,0.0,0.0,0.24944002924908726,0.000425907714356466,0.022556390977443608,0.3066395772884731,0.05762545575374228,0.39849624060150374,0.2575488751697631,0.00853475363503231,0.06766917293233082,0.26245115950920483,0.013437037974474042,0.022556390977443608,0.24906090625212243,4.678471739164025e-05,0.007518796992481203,0.24782402008104149,-0.0011901014536893073,0.06766917293233082,0.2514757155995337,0.0024615940648028967,0.05263157894736842,0.1759225724317509,-0.07309154910297988,0.12781954887218044,0.29477150983475237,0.04575738830002157,0.15037593984962405,RTYTYEKL,0.05762545575374228,VIVRFLTV,-0.07309154910297988
177,AV13D-2-CAIYQGGRALIF-AJ15_BV1-CTCSADRGNSYNSPLYF-BJ1-6,8,multi-specific,"['ATLVFHNL', 'HIYEFPQL', 'RAYLFNSV', 'SNYLFTKL', 'SSYTFPKM', 'SVYVYKVL', 'VAFDFTKV', 'VGPRYTNL', 'VIVRFLTV', 'VSFTYRYL']",10,"[0.08333333333333333, 0.11363636363636363, 0.12121212121212122, 0.1590909090909091, 0.06060606060606061, 0.05303030303030303, 0.05303030303030303, 0.06060606060606061, 0.17424242424242425, 0.09848484848484848]",VIVRFLTV,0.17424242424242425,VIVRFLTV,0.08712121212121213,True,"['ATLVFHNL', 'HIYEFPQL', 'RAYLFNSV', 'SNYLFTKL', 'SSYTFPKM', 'SVYVYKVL', 'VAFDFTKV', 'VGPRYTNL', 'VIVRFLTV', 'VSFTYRYL']",10,"['EEEPVKKI', 'INFDFPKL', 'RTYTYEKL']",0.0,0.0,"[1.375 0.    1.875 0.    2.    0.375 2.625 1.    0.875 0.875 1.    2.875
 1.625]",0.24657054832729902,0.24714828937642325,0.0005777410491242252,0.08333333333333333,0.24657054832729902,0.0,0.0,0.2606766147814481,0.01410606645414908,0.11363636363636363,0.24657054832729902,0.0,0.0,0.24139261091193948,-0.005177937415359546,0.12121212121212122,0.24869582815155158,0.002125279824252563,0.022727272727272728,0.24317770122577295,-0.0033928471015260697,0.1590909090909091,0.24814756005023314,0.0015770117229341185,0.06060606060606061,0.2476851114074703,0.0011145630801712714,0.05303030303030303,0.26145240165441985,0.01488185332712083,0.05303030303030303,0.2322575566984686,-0.01431299162883043,0.06060606060606061,0.21879973966098007,-0.027770808666318952,0.17424242424242425,0.25211174736154995,0.005541199034250932,0.09848484848484848,VAFDFTKV,0.01488185332712083,VIVRFLTV,-0.027770808666318952
178,AV9D-3-CAVSMQGGRALIF-AJ15_BV13-3-CASRDRDEQYF-BJ2-7,6,multi-specific,"['ATLVFHNL', 'HIYEFPQL', 'INFDFPKL', 'RAYLFNSV', 'RTYTYEKL', 'SSYTFPKM', 'VIVRFLTV', 'VSFTYRYL']",8,"[0.10824742268041236, 0.15463917525773194, 0.12886597938144329, 0.09278350515463916, 0.08762886597938144, 0.1649484536082474, 0.07731958762886597, 0.11855670103092783]",SSYTFPKM,0.1649484536082474,INFDFPKL,0.010309278350515462,False,"['ATLVFHNL', 'HIYEFPQL', 'INFDFPKL', 'RAYLFNSV', 'RTYTYEKL', 'SSYTFPKM', 'VIVRFLTV', 'VSFTYRYL']",8,"['EEEPVKKI', 'SNYLFTKL', 'SVYVYKVL', 'VAFDFTKV', 'VGPRYTNL']",0.0,0.0,"[3.5        0.         5.         4.16666667 3.         2.83333333
 0.5        5.33333333 1.         0.33333333 0.33333333 2.5
 3.83333333]",0.24628576187617715,0.30811772188508907,0.06183196000891192,0.10824742268041236,0.24628576187617715,0.0,0.0,0.250876155966277,0.004590394090099842,0.15463917525773194,0.24932514269199688,0.0030393808158197255,0.12886597938144329,0.2592092444334574,0.012923482557280236,0.09278350515463916,0.2392086731871443,-0.00707708868903284,0.08762886597938144,0.2472385851845219,0.0009528233083447579,0.015463917525773195,0.2529065418927675,0.006620780016590361,0.1649484536082474,0.24693706243444016,0.0006513005582630127,0.03092783505154639,0.24670612456617316,0.00042036268999601223,0.010309278350515462,0.24650505370135564,0.00021929182517849144,0.010309278350515462,0.25781116088105294,0.011525399004875786,0.07731958762886597,0.34753658780949,0.10125082593331283,0.11855670103092783,VSFTYRYL,0.10125082593331283,RTYTYEKL,-0.00707708868903284
179,AV3D-3-CAVSDYGSSGNKLIF-AJ32_BV5-CASSPDRGDERLFF-BJ1-4,10,multi-specific,"['ATLVFHNL', 'HIYEFPQL', 'RAYLFNSV', 'RTYTYEKL', 'SNYLFTKL', 'VGPRYTNL', 'VSFTYRYL']",7,"[0.11111111111111112, 0.16666666666666669, 0.14814814814814817, 0.05555555555555556, 0.12962962962962962, 0.05555555555555556, 0.1851851851851852]",VSFTYRYL,0.1851851851851852,HIYEFPQL,0.16666666666666669,False,"['ATLVFHNL', 'HIYEFPQL', 'RAYLFNSV', 'RTYTYEKL', 'SNYLFTKL', 'VGPRYTNL', 'VSFTYRYL']",7,"['EEEPVKKI', 'INFDFPKL', 'SSYTFPKM', 'SVYVYKVL', 'VAFDFTKV', 'VIVRFLTV']",0.0,0.0,[0.6 0.  0.9 0.2 0.8 0.3 0.7 0.1 0.2 0.2 0.3 0.1 1. ],0.24487427349593918,0.24739943637216075,0.002525162876221565,0.11111111111111112,0.24487427349593915,-2.7755575615628914e-17,0.0,0.1663628241918077,-0.07851144930413148,0.16666666666666669,0.2628659965869099,0.017991723090970718,0.03703703703703704,0.24967671645722625,0.004802442961287068,0.14814814814814817,0.2534030659344318,0.00852879243849261,0.05555555555555556,0.24308214311048607,-0.0017921303854531168,0.12962962962962962,0.24568486594951103,0.0008105924535718456,0.01851851851851852,0.2632434397592684,0.018369166263329212,0.03703703703703704,0.29993389105502316,0.05505961755908398,0.03703703703703704,0.25752562500148846,0.012651351505549274,0.05555555555555556,0.24621890048591422,0.001344626989975034,0.01851851851851852,0.2444410595853737,-0.000433213910565472,0.1851851851851852,VGPRYTNL,0.012651351505549274,HIYEFPQL,-0.07851144930413148
180,AV16N-CAMREGDSNNRIFF-AJ31_BV3-CASSLEQKANTEVFF-BJ1-1,18,multi-specific,"['ATLVFHNL', 'HIYEFPQL', 'RTYTYEKL', 'SNYLFTKL', 'VAFDFTKV', 'VIVRFLTV', 'VSFTYRYL']",7,"[0.13986013986013987, 0.11188811188811189, 0.06293706293706294, 0.16783216783216784, 0.10489510489510491, 0.13986013986013987, 0.09790209790209792]",SNYLFTKL,0.16783216783216784,SNYLFTKL,0.16783216783216784,True,"['ATLVFHNL', 'HIYEFPQL', 'RTYTYEKL', 'SNYLFTKL', 'VAFDFTKV', 'VIVRFLTV', 'VSFTYRYL']",7,"['EEEPVKKI', 'INFDFPKL', 'RAYLFNSV', 'SSYTFPKM', 'SVYVYKVL', 'VGPRYTNL']",0.0,0.0,"[1.11111111 0.         0.88888889 0.16666667 0.22222222 0.5
 1.33333333 0.38888889 0.22222222 0.83333333 0.38888889 1.11111111
 0.77777778]",0.24461961349797517,0.24197068036800495,-0.0026489331299702212,0.13986013986013987,0.24461961349797517,0.0,0.0,0.25678297532874933,0.012163361830774155,0.11188811188811189,0.2466897041437739,0.0020700906457987167,0.02097902097902098,0.2756712974162891,0.03105168391831392,0.027972027972027972,0.2524091451597014,0.0077895316617262456,0.06293706293706294,0.20943323807435316,-0.03518637542362202,0.16783216783216784,0.2509525769955293,0.006332963497554134,0.04895104895104896,0.24590007813868175,0.00128046464070658,0.027972027972027972,0.2891712301446494,0.04455161664667423,0.10489510489510491,0.2521641923216546,0.0075445788236794264,0.04895104895104896,0.2635797228292513,0.01896010933127612,0.13986013986013987,0.2537259977548487,0.009106384256873545,0.09790209790209792,VAFDFTKV,0.04455161664667423,SNYLFTKL,-0.03518637542362202
181,AV19-CATNQGGSAKLIF-AJ57_BV5-CASSQQGNYAEQFF-BJ2-1,6,multi-specific,"['ATLVFHNL', 'HIYEFPQL', 'SNYLFTKL', 'VAFDFTKV', 'VGPRYTNL', 'VIVRFLTV', 'VSFTYRYL']",7,"[0.16923076923076924, 0.06153846153846154, 0.15384615384615388, 0.13846153846153847, 0.06153846153846154, 0.2, 0.10769230769230771]",VIVRFLTV,0.2,VAFDFTKV,0.03076923076923077,False,"['ATLVFHNL', 'HIYEFPQL', 'SNYLFTKL', 'VAFDFTKV', 'VGPRYTNL', 'VIVRFLTV', 'VSFTYRYL']",7,"['EEEPVKKI', 'INFDFPKL', 'RAYLFNSV', 'RTYTYEKL', 'SSYTFPKM', 'SVYVYKVL']",0.0,0.0,"[1.83333333 0.         0.66666667 0.         0.5        0.16666667
 1.66666667 0.16666667 0.33333333 1.5        0.66666667 2.16666667
 1.16666667]",0.2437990164943272,0.2519251508329975,0.008126134338670293,0.16923076923076924,0.2437990164943272,0.0,0.0,0.243499318741554,-0.00029969775277319255,0.06153846153846154,0.2437990164943272,0.0,0.0,0.24448584120940492,0.0006868247150777218,0.046153846153846156,0.2484012628051594,0.004602246310832198,0.015384615384615385,0.2259210954939186,-0.01787792100040861,0.15384615384615388,0.24757367210812356,0.0037746556137963627,0.015384615384615385,0.24614073236060835,0.002341715866281152,0.03076923076923077,0.18518407611039364,-0.058614940383933556,0.13846153846153847,0.23507617030420438,-0.008722846190122813,0.06153846153846154,0.2838087088711382,0.040009692376810985,0.2,0.2942273406313211,0.05042832413699391,0.10769230769230771,VSFTYRYL,0.05042832413699391,VAFDFTKV,-0.058614940383933556
182,AV17-CALEGSYGNEKITF-AJ48_BV1-CTCSADRVGSDYTF-BJ1-2,32,multi-specific,"['ATLVFHNL', 'HIYEFPQL', 'RAYLFNSV', 'RTYTYEKL', 'SNYLFTKL', 'SVYVYKVL', 'VIVRFLTV', 'VSFTYRYL']",8,"[0.128125, 0.075, 0.078125, 0.065625, 0.203125, 0.121875, 0.05625, 0.11875]",SNYLFTKL,0.203125,SNYLFTKL,0.203125,True,"['ATLVFHNL', 'HIYEFPQL', 'RAYLFNSV', 'RTYTYEKL', 'SNYLFTKL', 'SVYVYKVL', 'VIVRFLTV', 'VSFTYRYL']",8,"['EEEPVKKI', 'INFDFPKL', 'SSYTFPKM', 'VAFDFTKV', 'VGPRYTNL']",0.0,0.0,"[1.28125 0.      0.75    0.25    0.78125 0.65625 2.03125 0.40625 1.21875
 0.4375  0.4375  0.5625  1.1875 ]",0.24338978989172488,0.24567053617266912,0.0022807462809442403,0.128125,0.24338978989172488,0.0,0.0,0.25034495113408567,0.006955161242360786,0.075,0.24586940466875962,0.002479614777034733,0.025,0.2696108751756562,0.0262210852839313,0.078125,0.2539117754412753,0.010521985549550417,0.065625,0.19943130226631692,-0.043958487625407966,0.203125,0.26296865424017934,0.01957886434845446,0.040625,0.2826808513081059,0.039291061416381,0.121875,0.24615447435227628,0.002764684460551392,0.04375,0.24810720215177587,0.004717412260050985,0.04375,0.2653068035453628,0.021917013653637907,0.05625,0.25953005097850024,0.016140261086775354,0.11875,SVYVYKVL,0.039291061416381,SNYLFTKL,-0.043958487625407966
183,AV7-2-CAASDNYAQGLTF-AJ26_BV31-CAWSLGNYAEQFF-BJ2-1,19,multi-specific,"['ATLVFHNL', 'HIYEFPQL', 'RTYTYEKL', 'SNYLFTKL', 'VGPRYTNL', 'VIVRFLTV', 'VSFTYRYL']",7,"[0.10232558139534885, 0.09767441860465119, 0.17674418604651165, 0.1674418604651163, 0.0930232558139535, 0.06046511627906978, 0.12093023255813956]",RTYTYEKL,0.17674418604651165,SNYLFTKL,0.1674418604651163,False,"['ATLVFHNL', 'HIYEFPQL', 'RTYTYEKL', 'SNYLFTKL', 'VGPRYTNL', 'VIVRFLTV', 'VSFTYRYL']",7,"['EEEPVKKI', 'INFDFPKL', 'RAYLFNSV', 'SSYTFPKM', 'SVYVYKVL', 'VAFDFTKV']",0.0,0.0,"[1.15789474 0.         1.10526316 0.42105263 0.26315789 2.
 1.89473684 0.31578947 0.52631579 0.52631579 1.05263158 0.68421053
 1.36842105]",0.24305876507269733,0.2644160579048339,0.021357292832136582,0.10232558139534885,0.24305876507269733,0.0,0.0,0.26991010046289765,0.02685133539020032,0.09767441860465119,0.24434623828559274,0.001287473212895407,0.0372093023255814,0.2435104201901033,0.0004516551174059691,0.023255813953488375,0.24416085699560988,0.0011020919229125514,0.17674418604651165,0.21831117869030775,-0.02474758638238958,0.1674418604651163,0.24491415633283478,0.0018553912601374511,0.02790697674418605,0.24832709035325315,0.005268325280555819,0.04651162790697675,0.2557912260347352,0.012732460962037867,0.04651162790697675,0.2418362481305903,-0.001222516942107038,0.0930232558139535,0.2526761785527157,0.00961741348001835,0.06046511627906978,0.25589266385589565,0.012833898783198322,0.12093023255813956,HIYEFPQL,0.02685133539020032,SNYLFTKL,-0.02474758638238958
184,AV16N-CAMREGNNAGAKLTF-AJ39_BV16-CASSSGQKNTEVFF-BJ1-1,69,multi-specific,"['ATLVFHNL', 'HIYEFPQL', 'RAYLFNSV', 'RTYTYEKL', 'SNYLFTKL', 'SVYVYKVL', 'VIVRFLTV', 'VSFTYRYL']",8,"[0.08295454545454546, 0.1534090909090909, 0.10227272727272728, 0.05909090909090909, 0.11931818181818182, 0.056818181818181816, 0.12045454545454545, 0.13977272727272727]",HIYEFPQL,0.1534090909090909,ATLVFHNL,0.0,False,"['ATLVFHNL', 'HIYEFPQL', 'RAYLFNSV', 'RTYTYEKL', 'SNYLFTKL', 'SVYVYKVL', 'VIVRFLTV', 'VSFTYRYL']",8,"['EEEPVKKI', 'INFDFPKL', 'SSYTFPKM', 'VAFDFTKV', 'VGPRYTNL']",0.0,0.0,"[1.05797101 0.         1.95652174 0.34782609 1.30434783 0.75362319
 1.52173913 0.57971014 0.72463768 0.5942029  0.5942029  1.53623188
 1.7826087 ]",0.24274403064347538,0.2555769280868258,0.012832897443350422,0.08295454545454546,0.24274403064347538,0.0,0.0,0.2515443514297295,0.00880032078625409,0.1534090909090909,0.2483436849546561,0.0055996543111807295,0.02727272727272727,0.26307160883473824,0.02032757819126285,0.10227272727272728,0.24562891696528538,0.0028848863218099985,0.05909090909090909,0.2530206888234085,0.010276658179933118,0.11931818181818182,0.2500070980502998,0.007263067406824419,0.045454545454545456,0.2513787293329346,0.008634698689459208,0.056818181818181816,0.2530597054686697,0.010315674825194299,0.04659090909090909,0.24956077616057376,0.006816745517098377,0.04659090909090909,0.2493783388103869,0.006634308166911518,0.12045454545454545,0.24192783213574623,-0.0008161985077291545,0.13977272727272727,RAYLFNSV,0.02032757819126285,VSFTYRYL,-0.0008161985077291545
185,AV7-2-CAASKGGRALIF-AJ15_BV13-1-CASSDWASSYEQYF-BJ2-7,30,multi-specific,"['ATLVFHNL', 'HIYEFPQL', 'RTYTYEKL', 'SNYLFTKL', 'SVYVYKVL', 'VIVRFLTV', 'VSFTYRYL']",7,"[0.09169054441260743, 0.2263610315186246, 0.06017191977077363, 0.11461318051575929, 0.10028653295128939, 0.11174785100286531, 0.15759312320916902]",HIYEFPQL,0.2263610315186246,SNYLFTKL,0.0764087870105062,False,"['ATLVFHNL', 'HIYEFPQL', 'RTYTYEKL', 'SNYLFTKL', 'SVYVYKVL', 'VIVRFLTV', 'VSFTYRYL']",7,"['EEEPVKKI', 'INFDFPKL', 'RAYLFNSV', 'SSYTFPKM', 'VAFDFTKV', 'VGPRYTNL']",0.0,0.0,"[1.06666667 0.         2.63333333 0.2        0.43333333 0.7
 1.33333333 0.4        1.16666667 0.46666667 0.1        1.3
 1.83333333]",0.24264407703250984,0.26463523248756143,0.021991155455051592,0.09169054441260743,0.24264407703250984,0.0,0.0,0.25139962471524685,0.008755547682737008,0.2263610315186246,0.24496667956510712,0.0023226025325972788,0.017191977077363897,0.2537439684889839,0.011099891456474054,0.03724928366762177,0.2567891942884874,0.014145117255977557,0.06017191977077363,0.24158999100853723,-0.0010540860239726113,0.11461318051575929,0.2502737967580404,0.007629719725530559,0.034383954154727794,0.2580619923041983,0.015417915271688454,0.10028653295128939,0.25907137228742,0.016427295254910157,0.040114613180515755,0.2507791307200613,0.008135053687551463,0.008595988538681949,0.24458455147453628,0.0019404744420264408,0.11174785100286531,0.25854457103508777,0.015900494002577925,0.15759312320916902,ATLVFHNL,0.021991155455051592,SNYLFTKL,-0.0010540860239726113
186,AV14D-3/DV8-CAASASSGSWQLIF-AJ22_BV31-CAWSPLQGANTEVFF-BJ1-1,14,multi-specific,"['ATLVFHNL', 'INFDFPKL', 'SNYLFTKL', 'SVYVYKVL', 'VAFDFTKV', 'VGPRYTNL', 'VIVRFLTV', 'VSFTYRYL']",8,"[0.10071942446043167, 0.06474820143884893, 0.09352517985611512, 0.08633093525179857, 0.05755395683453238, 0.07913669064748202, 0.10071942446043167, 0.3309352517985612]",VSFTYRYL,0.3309352517985612,SNYLFTKL,0.18705035971223025,False,"['ATLVFHNL', 'INFDFPKL', 'SNYLFTKL', 'SVYVYKVL', 'VAFDFTKV', 'VGPRYTNL', 'VIVRFLTV', 'VSFTYRYL']",8,"['EEEPVKKI', 'HIYEFPQL', 'RAYLFNSV', 'RTYTYEKL', 'SSYTFPKM']",0.0,0.0,"[1.         0.         0.28571429 0.64285714 0.07142857 0.28571429
 0.92857143 0.21428571 0.85714286 0.57142857 0.78571429 1.
 3.28571429]",0.2425019259690501,0.2764080900213161,0.033906164052266013,0.10071942446043167,0.2425019259690501,0.0,0.0,0.24600665847460465,0.003504732505554553,0.02877697841726619,0.2540913158369432,0.011589389867893124,0.06474820143884893,0.24260585953162273,0.00010393356257262787,0.007194244604316547,0.28182874486058157,0.03932681889153147,0.02877697841726619,0.23492507630101392,-0.0075768496680361785,0.09352517985611512,0.24294011142859429,0.0004381854595441881,0.02158273381294964,0.24507981361645775,0.002577887647407656,0.08633093525179857,0.2815371568628486,0.039035230893798484,0.05755395683453238,0.24642606204461603,0.003924136075565937,0.07913669064748202,0.24255439080964308,5.246484059298617e-05,0.10071942446043167,0.23230717844021592,-0.010194747528834175,0.3309352517985612,VAFDFTKV,0.039035230893798484,VSFTYRYL,-0.010194747528834175
187,AV14-2-CAASASSGSWQLIF-AJ22_BV31-CAWSLGGSAETLYF-BJ2-3,10,multi-specific,"['ATLVFHNL', 'HIYEFPQL', 'RTYTYEKL', 'SNYLFTKL', 'SVYVYKVL', 'VIVRFLTV', 'VSFTYRYL']",7,"[0.1346153846153846, 0.05769230769230769, 0.07692307692307693, 0.25, 0.15384615384615385, 0.09615384615384615, 0.1346153846153846]",SNYLFTKL,0.25,SNYLFTKL,0.5,True,"['ATLVFHNL', 'HIYEFPQL', 'RTYTYEKL', 'SNYLFTKL', 'SVYVYKVL', 'VIVRFLTV', 'VSFTYRYL']",7,"['EEEPVKKI', 'INFDFPKL', 'RAYLFNSV', 'SSYTFPKM', 'VAFDFTKV', 'VGPRYTNL']",0.0,0.0,[0.7 0.  0.3 0.2 0.  0.4 1.3 0.2 0.8 0.  0.1 0.5 0.7],0.24238233061204204,0.2553732933601506,0.012990962748108542,0.1346153846153846,0.24238233061204204,0.0,0.0,0.24773761105462258,0.005355280442580546,0.05769230769230769,0.26653583140602244,0.024153500793980404,0.038461538461538464,0.24238233061204204,0.0,0.0,0.2551374217364444,0.012755091124402346,0.07692307692307693,0.19776656663092468,-0.04461576398111736,0.25,0.24306217602959698,0.0006798454175549473,0.038461538461538464,0.2610678831886552,0.018685552576613168,0.15384615384615385,0.24238233061204204,0.0,0.0,0.2433224457758098,0.0009401151637677685,0.019230769230769232,0.2647454648674179,0.022363134255375866,0.09615384615384615,0.21886500209145862,-0.023517328520583414,0.1346153846153846,VIVRFLTV,0.022363134255375866,SNYLFTKL,-0.04461576398111736
188,AV13-2-CAIDQDTGYQNFYF-AJ49_BV30-CSSRGRFNYAEQFF-BJ2-1,6,multi-specific,"['HIYEFPQL', 'INFDFPKL', 'RTYTYEKL', 'SNYLFTKL', 'SVYVYKVL', 'VIVRFLTV']",6,"[0.2777777777777778, 0.05555555555555555, 0.35185185185185186, 0.0925925925925926, 0.05555555555555555, 0.0925925925925926]",RTYTYEKL,0.35185185185185186,HIYEFPQL,0.11111111111111112,False,"['HIYEFPQL', 'INFDFPKL', 'RTYTYEKL', 'SNYLFTKL', 'SVYVYKVL', 'VIVRFLTV']",6,"['ATLVFHNL', 'EEEPVKKI', 'RAYLFNSV', 'SSYTFPKM', 'VAFDFTKV', 'VGPRYTNL', 'VSFTYRYL']",0.0,0.0,"[0.16666667 0.         2.5        0.5        0.         3.16666667
 0.83333333 0.         0.5        0.         0.16666667 0.83333333
 0.33333333]",0.24013771672489978,0.24144183337276973,0.0013041166478699462,0.018518518518518517,0.24013771672489972,-5.551115123125783e-17,0.0,0.27013321247500227,0.02999549575010249,0.2777777777777778,0.3158082406704493,0.07567052394554954,0.05555555555555555,0.24013771672489972,-5.551115123125783e-17,0.0,0.34635279824295073,0.10621508151805095,0.35185185185185186,0.23342023632434997,-0.0067174804005498134,0.0925925925925926,0.24013771672489972,-5.551115123125783e-17,0.0,0.2701539529298781,0.030016236204978314,0.05555555555555555,0.24013771672489972,-5.551115123125783e-17,0.0,0.2411976267892282,0.0010599100643284287,0.018518518518518517,0.24768636421223983,0.007548647487340049,0.0925925925925926,0.24464516671132885,0.004507449986429074,0.037037037037037035,RTYTYEKL,0.10621508151805095,SNYLFTKL,-0.0067174804005498134
189,AV16N-CAMRQSSGSWQLIF-AJ22_BV1-CTCSASGTGDNSPLYF-BJ1-6,5,multi-specific,"['ATLVFHNL', 'HIYEFPQL', 'INFDFPKL', 'RTYTYEKL', 'VGPRYTNL', 'VIVRFLTV', 'VSFTYRYL']",7,"[0.10256410256410256, 0.10256410256410256, 0.0641025641025641, 0.1282051282051282, 0.10256410256410256, 0.10256410256410256, 0.3333333333333333]",VSFTYRYL,0.3333333333333333,HIYEFPQL,0.034188034188034185,False,"['ATLVFHNL', 'HIYEFPQL', 'INFDFPKL', 'RTYTYEKL', 'VGPRYTNL', 'VIVRFLTV', 'VSFTYRYL']",7,"['EEEPVKKI', 'RAYLFNSV', 'SNYLFTKL', 'SSYTFPKM', 'SVYVYKVL', 'VAFDFTKV']",0.0,0.0,[1.6 0.  1.6 1.  0.2 2.  0.6 0.2 0.  0.  1.6 1.6 5.2],0.23999362692234455,0.25181001047136864,0.01181638354902409,0.10256410256410256,0.23999362692234455,0.0,0.0,0.23252876014390797,-0.00746486677843658,0.10256410256410256,0.24295645966203655,0.0029628327396920007,0.0641025641025641,0.2405280085163258,0.0005343815939812535,0.01282051282051282,0.24925810567704523,0.009264478754700683,0.1282051282051282,0.25223237866939674,0.01223875174705219,0.03846153846153846,0.24196153260926315,0.0019679056869185974,0.01282051282051282,0.23999362692234455,0.0,0.0,0.23999362692234455,0.0,0.0,0.24662690855693947,0.006633281634594923,0.10256410256410256,0.21557569275805805,-0.024417934164286503,0.10256410256410256,0.24317573852175506,0.0031821115994105087,0.3333333333333333,ATLVFHNL,0.01181638354902409,VIVRFLTV,-0.024417934164286503
190,AV14-3-CAASAAYANKMIF-AJ47_BV3-CASSLGPANTGQLYF-BJ2-2,8,multi-specific,"['RTYTYEKL', 'SNYLFTKL', 'SVYVYKVL', 'VGPRYTNL', 'VIVRFLTV', 'VSFTYRYL']",6,"[0.15037593984962405, 0.10526315789473684, 0.05263157894736842, 0.3007518796992481, 0.11278195488721804, 0.14285714285714285]",VGPRYTNL,0.3007518796992481,VSFTYRYL,0.05714285714285714,False,"['RTYTYEKL', 'SNYLFTKL', 'SVYVYKVL', 'VGPRYTNL', 'VIVRFLTV', 'VSFTYRYL']",6,"['ATLVFHNL', 'EEEPVKKI', 'HIYEFPQL', 'INFDFPKL', 'RAYLFNSV', 'SSYTFPKM', 'VAFDFTKV']",0.0,0.0,"[0.625 0.    0.5   0.    0.5   2.5   1.75  0.5   0.875 0.125 5.    1.875
 2.375]",0.23983527952944797,0.2449925254860654,0.005157245956617429,0.03759398496240601,0.23983527952944797,0.0,0.0,0.2568019438911406,0.016966664361692613,0.03007518796992481,0.23983527952944797,0.0,0.0,0.24098686952089915,0.0011515899914511796,0.03007518796992481,0.2663295926231416,0.026494313093693628,0.15037593984962405,0.2668309607569428,0.026995681227494822,0.10526315789473684,0.24225472760080594,0.002419448071357966,0.03007518796992481,0.2445713323709087,0.004736052841460725,0.05263157894736842,0.23985592218915566,2.0642659707692523e-05,0.007518796992481203,0.28494441542077725,0.04510913589132928,0.3007518796992481,0.2566086908195775,0.01677341129012952,0.11278195488721804,0.21047564875735267,-0.029359630772095302,0.14285714285714285,VGPRYTNL,0.04510913589132928,VSFTYRYL,-0.029359630772095302
191,AV7-5-CAVSMDYANKMIF-AJ47_BV3-CASSFGATYEQYF-BJ2-7,26,multi-specific,"['ATLVFHNL', 'HIYEFPQL', 'SNYLFTKL', 'VGPRYTNL', 'VIVRFLTV', 'VSFTYRYL']",6,"[0.06203473945409429, 0.12406947890818858, 0.0794044665012407, 0.38213399503722084, 0.08684863523573201, 0.09429280397022331]",VGPRYTNL,0.38213399503722084,HIYEFPQL,0.06203473945409429,False,"['ATLVFHNL', 'HIYEFPQL', 'SNYLFTKL', 'VGPRYTNL', 'VIVRFLTV', 'VSFTYRYL']",6,"['EEEPVKKI', 'INFDFPKL', 'RAYLFNSV', 'RTYTYEKL', 'SSYTFPKM', 'SVYVYKVL', 'VAFDFTKV']",0.0,0.0,"[0.96153846 0.         1.92307692 0.57692308 0.5        0.73076923
 1.23076923 0.11538462 0.5        0.23076923 5.92307692 1.34615385
 1.46153846]",0.23953438269300775,0.24504921784493955,0.005514835151931796,0.06203473945409429,0.23953438269300775,0.0,0.0,0.23836741648629106,-0.0011669662067166908,0.12406947890818858,0.2409928456214577,0.0014584629284499495,0.037220843672456566,0.24484628828053753,0.0053119055875297805,0.03225806451612903,0.23993539134851538,0.00040100865550762865,0.047146401985111656,0.2714673488272549,0.03193296613424712,0.0794044665012407,0.23971638972588055,0.00018200703287279962,0.007444168734491315,0.2511183666353092,0.011583983942301423,0.03225806451612903,0.2588581703674329,0.019323787674425164,0.01488833746898263,0.2556939714687818,0.01615958877577406,0.38213399503722084,0.27928844842550565,0.0397540657324979,0.08684863523573201,0.23357575024763302,-0.005958632445374729,0.09429280397022331,VIVRFLTV,0.0397540657324979,VSFTYRYL,-0.005958632445374729
192,AV5-1-CSASTEGADRLTF-AJ45_BV3-CASSFGRVGNTLYF-BJ1-3,23,multi-specific,"['ATLVFHNL', 'HIYEFPQL', 'RAYLFNSV', 'RTYTYEKL', 'SNYLFTKL', 'VGPRYTNL', 'VIVRFLTV', 'VSFTYRYL']",8,"[0.12648221343873517, 0.12648221343873517, 0.05533596837944665, 0.05138339920948616, 0.12648221343873517, 0.05928853754940711, 0.11857707509881422, 0.21739130434782608]",VSFTYRYL,0.21739130434782608,ATLVFHNL,0.12648221343873517,False,"['ATLVFHNL', 'HIYEFPQL', 'RAYLFNSV', 'RTYTYEKL', 'SNYLFTKL', 'VGPRYTNL', 'VIVRFLTV', 'VSFTYRYL']",8,"['EEEPVKKI', 'INFDFPKL', 'SSYTFPKM', 'SVYVYKVL', 'VAFDFTKV']",0.0,0.0,"[1.39130435 0.         1.39130435 0.2173913  0.60869565 0.56521739
 1.39130435 0.52173913 0.47826087 0.08695652 0.65217391 1.30434783
 2.39130435]",0.23946909626287663,0.23298127523540177,-0.0064878210274748604,0.12648221343873517,0.23946909626287663,0.0,0.0,0.24453829470069574,0.005069198437819111,0.12648221343873517,0.250496889406539,0.011027793143662395,0.019762845849802372,0.25938744563133775,0.019918349368461125,0.05533596837944665,0.24480143193909104,0.005332335676214411,0.05138339920948616,0.24552181418536959,0.006052717922492956,0.12648221343873517,0.2407988631788367,0.0013297669159600678,0.04743083003952569,0.2448008786727087,0.005331782409832064,0.043478260869565216,0.24768258346059532,0.008213487197718694,0.007905138339920948,0.2608694905062356,0.02140039424335896,0.05928853754940711,0.2723220822288688,0.03285298596599215,0.11857707509881422,0.22847482186537474,-0.01099427439750189,0.21739130434782608,VIVRFLTV,0.03285298596599215,VSFTYRYL,-0.01099427439750189
193,AV5-4-CAASSNTNKVVF-AJ34_BV13-1-CASSATGDSDYTF-BJ1-2,5,multi-specific,"['ATLVFHNL', 'HIYEFPQL', 'RAYLFNSV', 'SNYLFTKL', 'SSYTFPKM', 'SVYVYKVL', 'VAFDFTKV']",7,"[0.17857142857142855, 0.21428571428571425, 0.17857142857142855, 0.07142857142857142, 0.07142857142857142, 0.10714285714285712, 0.07142857142857142]",HIYEFPQL,0.21428571428571425,HIYEFPQL,0.21428571428571425,True,"['ATLVFHNL', 'HIYEFPQL', 'RAYLFNSV', 'SNYLFTKL', 'SSYTFPKM', 'SVYVYKVL', 'VAFDFTKV']",7,"['EEEPVKKI', 'INFDFPKL', 'RTYTYEKL', 'VGPRYTNL', 'VIVRFLTV', 'VSFTYRYL']",0.0,0.0,[1.  0.  1.2 0.2 1.  0.  0.4 0.4 0.6 0.4 0.  0.2 0.2],0.23596822616939644,0.2713443946769849,0.03537616850758846,0.17857142857142855,0.23596822616939644,0.0,0.0,0.09307224833356864,-0.1428959778358278,0.21428571428571425,0.2368101873848077,0.0008419612154112466,0.03571428571428571,0.23641107495319097,0.00044284878379452497,0.17857142857142855,0.23596822616939644,0.0,0.0,0.3703728137250304,0.13440458755563395,0.07142857142857142,0.23950607471044555,0.0035378485410491045,0.07142857142857142,0.2663113358546223,0.030343109685225855,0.10714285714285712,0.24676389059621817,0.010795664426821727,0.07142857142857142,0.23596822616939644,0.0,0.0,0.2664250779311431,0.030456851761746673,0.03571428571428571,0.23838873106904349,0.0024205048996470413,0.03571428571428571,SNYLFTKL,0.13440458755563395,HIYEFPQL,-0.1428959778358278
194,AV7-3-CAGQGGRALIF-AJ15_BV1-CTCSADQNSGNTLYF-BJ1-3,6,multi-specific,"['ATLVFHNL', 'HIYEFPQL', 'RTYTYEKL', 'SNYLFTKL', 'SVYVYKVL', 'VGPRYTNL', 'VIVRFLTV']",7,"[0.05970149253731343, 0.17910447761194032, 0.11940298507462686, 0.0746268656716418, 0.13432835820895522, 0.11940298507462686, 0.19402985074626866]",VIVRFLTV,0.19402985074626866,HIYEFPQL,0.051172707889125806,False,"['ATLVFHNL', 'HIYEFPQL', 'RTYTYEKL', 'SNYLFTKL', 'SVYVYKVL', 'VGPRYTNL', 'VIVRFLTV']",7,"['EEEPVKKI', 'INFDFPKL', 'RAYLFNSV', 'SSYTFPKM', 'VAFDFTKV', 'VSFTYRYL']",0.0,0.0,"[0.66666667 0.         2.         0.5        0.         1.33333333
 0.83333333 0.16666667 1.5        0.16666667 1.33333333 2.16666667
 0.5       ]",0.23413990170842489,0.23410625578342573,-3.3645924999159416e-05,0.05970149253731343,0.23413990170842489,0.0,0.0,0.21830453898330074,-0.015835362725124147,0.17910447761194032,0.23684380552547826,0.002703903817053377,0.04477611940298508,0.23413990170842489,0.0,0.0,0.2600901055676995,0.02595020385927463,0.11940298507462686,0.21306084178818205,-0.021079059920242837,0.0746268656716418,0.25625603161170696,0.022116129903282072,0.014925373134328358,0.23517867510228668,0.0010387733938617971,0.13432835820895522,0.24744707402831648,0.013307172319891591,0.014925373134328358,0.22536901471278145,-0.008770886995643434,0.11940298507462686,0.2555254387177276,0.021385537009302708,0.19402985074626866,0.23684380552547826,0.002703903817053377,0.04477611940298508,RTYTYEKL,0.02595020385927463,SNYLFTKL,-0.021079059920242837
195,AV7-5-CAVGGSGGKLTL-AJ44_BV4-CASSLGRHTEVFF-BJ1-1,34,multi-specific,"['ATLVFHNL', 'HIYEFPQL', 'RAYLFNSV', 'RTYTYEKL', 'SNYLFTKL', 'VIVRFLTV', 'VSFTYRYL']",7,"[0.059490084985835696, 0.14447592067988668, 0.0623229461756374, 0.09915014164305948, 0.22096317280453256, 0.15864022662889518, 0.09915014164305948]",SNYLFTKL,0.22096317280453256,SNYLFTKL,0.44192634560906513,True,"['ATLVFHNL', 'HIYEFPQL', 'RAYLFNSV', 'RTYTYEKL', 'SNYLFTKL', 'VIVRFLTV', 'VSFTYRYL']",7,"['EEEPVKKI', 'INFDFPKL', 'SSYTFPKM', 'SVYVYKVL', 'VAFDFTKV', 'VGPRYTNL']",0.0,0.0,"[0.61764706 0.         1.5        0.29411765 0.64705882 1.02941176
 2.29411765 0.47058824 0.23529412 0.38235294 0.23529412 1.64705882
 1.02941176]",0.2336525804197297,0.2304009417687121,-0.003251638651017602,0.059490084985835696,0.2336525804197297,0.0,0.0,0.2680202615052423,0.03436768108551258,0.14447592067988668,0.23663429430588687,0.0029817138861571724,0.028328611898016998,0.256223400496772,0.02257082007704231,0.0623229461756374,0.23980467385271967,0.006152093432989975,0.09915014164305948,0.21029982599405364,-0.023352754425676053,0.22096317280453256,0.25007610929050295,0.016423528870773252,0.04532577903682719,0.239539621992889,0.005887041573159307,0.022662889518413595,0.2391847963550747,0.005532215935345003,0.036827195467422094,0.23691062265147053,0.0032580422317408375,0.022662889518413595,0.22800440790900253,-0.005648172510727162,0.15864022662889518,0.26124156943669713,0.027588989016967436,0.09915014164305948,HIYEFPQL,0.03436768108551258,SNYLFTKL,-0.023352754425676053
196,AV16N-CAMRGDSNYQLIW-AJ33_BV13-2-CASGDATISNERLFF-BJ1-4,9,multi-specific,"['HIYEFPQL', 'SNYLFTKL', 'SSYTFPKM', 'SVYVYKVL', 'VGPRYTNL', 'VIVRFLTV', 'VSFTYRYL']",7,"[0.10218978102189781, 0.34306569343065696, 0.06569343065693431, 0.11678832116788321, 0.06569343065693431, 0.07299270072992702, 0.08759124087591241]",SNYLFTKL,0.34306569343065696,SNYLFTKL,0.34306569343065696,True,"['HIYEFPQL', 'SNYLFTKL', 'SSYTFPKM', 'SVYVYKVL', 'VGPRYTNL', 'VIVRFLTV', 'VSFTYRYL']",7,"['ATLVFHNL', 'EEEPVKKI', 'INFDFPKL', 'RAYLFNSV', 'RTYTYEKL', 'VAFDFTKV']",0.0,0.0,"[0.22222222 0.         1.55555556 0.         0.66666667 0.66666667
 5.22222222 1.         1.77777778 0.66666667 1.         1.11111111
 1.33333333]",0.23293149598132062,0.23394168731239282,0.001010191331072191,0.014598540145985401,0.23293149598132062,0.0,0.0,0.22411055707820557,-0.008820938903115055,0.10218978102189781,0.23293149598132062,0.0,0.0,0.2540853245978625,0.02115382861654186,0.043795620437956206,0.2450051823623595,0.012073686381038867,0.043795620437956206,0.21698681752376828,-0.015944678457552347,0.34306569343065696,0.23449619922655301,0.0015647032452323906,0.06569343065693431,0.25623177551061926,0.02330027952929864,0.11678832116788321,0.23859518714058592,0.005663691159265294,0.043795620437956206,0.2945557138255304,0.061624217844209794,0.06569343065693431,0.25843249956207176,0.025501003580751136,0.07299270072992702,0.26358316857690145,0.030651672595580826,0.08759124087591241,VGPRYTNL,0.061624217844209794,SNYLFTKL,-0.015944678457552347
197,AV8D-2-CATDGTNKVVF-AJ34_BV3-CASSLAREYEQYF-BJ2-7,105,multi-specific,"['ATLVFHNL', 'HIYEFPQL', 'RAYLFNSV', 'SNYLFTKL', 'VGPRYTNL', 'VIVRFLTV', 'VSFTYRYL']",7,"[0.1079447322970639, 0.13385146804835926, 0.06390328151986184, 0.13471502590673576, 0.15716753022452504, 0.14248704663212436, 0.12607944732297063]",VGPRYTNL,0.15716753022452504,ATLVFHNL,0.0,False,"['ATLVFHNL', 'HIYEFPQL', 'RAYLFNSV', 'SNYLFTKL', 'VGPRYTNL', 'VIVRFLTV', 'VSFTYRYL']",7,"['EEEPVKKI', 'INFDFPKL', 'RTYTYEKL', 'SSYTFPKM', 'SVYVYKVL', 'VAFDFTKV']",0.0,0.0,"[1.19047619 0.         1.47619048 0.26666667 0.7047619  0.41904762
 1.48571429 0.34285714 0.2952381  0.15238095 1.73333333 1.57142857
 1.39047619]",0.23224535038948138,0.25419797198812505,0.021952621598643668,0.1079447322970639,0.23224535038948138,0.0,0.0,0.24963909761536757,0.017393747225886186,0.13385146804835926,0.23506947325004865,0.0028241228605672686,0.024179620034542316,0.24130740030494638,0.009062049915464998,0.06390328151986184,0.2489925331712453,0.01674718278176393,0.037996545768566495,0.24200434198288057,0.009758991593399186,0.13471502590673576,0.24078323685866046,0.008537886469179079,0.031088082901554404,0.23951403245358946,0.0072686820641080785,0.02677029360967185,0.2375200760414322,0.005274725651950807,0.01381692573402418,0.24689733339676756,0.014651983007286179,0.15716753022452504,0.23098254755359665,-0.0012628028358847299,0.14248704663212436,0.24419787943692084,0.011952529047439459,0.12607944732297063,ATLVFHNL,0.021952621598643668,VIVRFLTV,-0.0012628028358847299
198,AV8N-2-CATESQGGRALIF-AJ15_BV3-CASSDRAGQDTQYF-BJ2-5,10,multi-specific,"['HIYEFPQL', 'SNYLFTKL', 'SSYTFPKM', 'SVYVYKVL', 'VIVRFLTV', 'VSFTYRYL']",6,"[0.13924050632911392, 0.1772151898734177, 0.06329113924050632, 0.08860759493670885, 0.13924050632911392, 0.26582278481012656]",VSFTYRYL,0.26582278481012656,VSFTYRYL,0.13291139240506328,True,"['HIYEFPQL', 'SNYLFTKL', 'SSYTFPKM', 'SVYVYKVL', 'VIVRFLTV', 'VSFTYRYL']",6,"['ATLVFHNL', 'EEEPVKKI', 'INFDFPKL', 'RAYLFNSV', 'RTYTYEKL', 'VAFDFTKV', 'VGPRYTNL']",0.0,0.0,[0.3 0.  1.1 0.  0.1 0.1 1.4 0.5 0.7 0.2 0.3 1.1 2.1],0.2310177060678361,0.2489012021898217,0.017883496121985615,0.03797468354430379,0.2310177060678361,0.0,0.0,0.24837104645278096,0.017353340384944876,0.13924050632911392,0.2310177060678361,0.0,0.0,0.2319343549515644,0.0009166488837283049,0.012658227848101266,0.23956529057258902,0.00854758450475293,0.012658227848101266,0.24183540613462398,0.010817700066787894,0.1772151898734177,0.24417871622008297,0.013161010152246883,0.06329113924050632,0.2541756828313845,0.023157976763548388,0.08860759493670885,0.23761583834093714,0.006598132273101048,0.02531645569620253,0.2359899181679285,0.00497221210009241,0.03797468354430379,0.23689991314595873,0.005882207078122648,0.13924050632911392,0.19530127515639215,-0.03571643091144394,0.26582278481012656,SVYVYKVL,0.023157976763548388,VSFTYRYL,-0.03571643091144394
199,AV6-6-CALGEDSGSWQLIF-AJ22_BV3-CASSLGGRYEQYF-BJ2-7,11,multi-specific,"['ATLVFHNL', 'HIYEFPQL', 'RAYLFNSV', 'RTYTYEKL', 'SNYLFTKL', 'SVYVYKVL', 'VGPRYTNL', 'VIVRFLTV', 'VSFTYRYL']",9,"[0.05, 0.16000000000000003, 0.14, 0.060000000000000005, 0.07, 0.07, 0.15, 0.14, 0.1]",HIYEFPQL,0.16000000000000003,ATLVFHNL,0.0,False,"['ATLVFHNL', 'HIYEFPQL', 'RAYLFNSV', 'RTYTYEKL', 'SNYLFTKL', 'SVYVYKVL', 'VGPRYTNL', 'VIVRFLTV', 'VSFTYRYL']",9,"['EEEPVKKI', 'INFDFPKL', 'SSYTFPKM', 'VAFDFTKV']",0.0,0.0,"[0.45454545 0.         1.45454545 0.18181818 1.27272727 0.54545455
 0.63636364 0.18181818 0.63636364 0.18181818 1.36363636 1.27272727
 0.90909091]",0.22902689904988424,0.23316742379357433,0.004140524743690088,0.05,0.22902689904988424,0.0,0.0,0.24650172573297202,0.01747482668308778,0.16000000000000003,0.22948460802190385,0.0004577089720196048,0.020000000000000004,0.23211749182212776,0.0030905927722435222,0.14,0.23663019144171263,0.007603292391828387,0.060000000000000005,0.2650885918372206,0.03606169278733637,0.07,0.27845672332984733,0.04942982427996309,0.020000000000000004,0.23436456850459378,0.005337669454709537,0.07,0.22987841077764806,0.0008515117277638207,0.020000000000000004,0.24750624962373127,0.01847935057384703,0.15,0.2583981978609213,0.029371298811037033,0.14,0.2548828931966834,0.02585599414679915,0.1,SNYLFTKL,0.03606169278733637,RAYLFNSV,0.0030905927722435222
200,AV7-4-CAAVITGNTGKLIF-AJ37_BV13-1-CASSGGNYAEQFF-BJ2-1,5,multi-specific,"['RAYLFNSV', 'SNYLFTKL', 'SVYVYKVL', 'VGPRYTNL', 'VIVRFLTV', 'VSFTYRYL']",6,"[0.08045977011494253, 0.09195402298850576, 0.06896551724137931, 0.3448275862068966, 0.21839080459770116, 0.12643678160919541]",VGPRYTNL,0.3448275862068966,VIVRFLTV,0.10919540229885058,False,"['RAYLFNSV', 'SNYLFTKL', 'SVYVYKVL', 'VGPRYTNL', 'VIVRFLTV', 'VSFTYRYL']",6,"['ATLVFHNL', 'EEEPVKKI', 'HIYEFPQL', 'INFDFPKL', 'RTYTYEKL', 'SSYTFPKM', 'VAFDFTKV']",0.0,0.0,[0.4 0.  0.6 0.2 1.4 0.  1.6 0.  1.2 0.  6.  3.8 2.2],0.22805569536029013,0.23412874562290228,0.006073050262612151,0.02298850574712644,0.22805569536029013,0.0,0.0,0.2321876647129968,0.004131969352706655,0.034482758620689655,0.22812603270452883,7.033734423869675e-05,0.01149425287356322,0.24339598907039842,0.015340293710108283,0.08045977011494253,0.22805569536029013,0.0,0.0,0.2528427829167713,0.02478708755648118,0.09195402298850576,0.22805569536029013,0.0,0.0,0.23064729955130617,0.0025916041910160337,0.06896551724137931,0.22805569536029013,0.0,0.0,0.27174903229570224,0.04369333693541211,0.3448275862068966,0.1807156533181283,-0.04734004204216183,0.21839080459770116,0.2147219910817147,-0.013333704278575442,0.12643678160919541,VGPRYTNL,0.04369333693541211,VIVRFLTV,-0.04734004204216183
201,AV5-1-CSASMNYNQGKLIF-AJ23_BV3-CASSLGTDHEQYF-BJ2-7,21,multi-specific,"['ATLVFHNL', 'HIYEFPQL', 'RAYLFNSV', 'SNYLFTKL', 'VAFDFTKV', 'VGPRYTNL', 'VIVRFLTV', 'VSFTYRYL']",8,"[0.08808290155440415, 0.05181347150259068, 0.07253886010362695, 0.11917098445595857, 0.05699481865284975, 0.2901554404145078, 0.06217616580310881, 0.15544041450777205]",VGPRYTNL,0.2901554404145078,ATLVFHNL,0.0,False,"['ATLVFHNL', 'HIYEFPQL', 'RAYLFNSV', 'SNYLFTKL', 'VAFDFTKV', 'VGPRYTNL', 'VIVRFLTV', 'VSFTYRYL']",8,"['EEEPVKKI', 'INFDFPKL', 'RTYTYEKL', 'SSYTFPKM', 'SVYVYKVL']",0.0,0.0,"[0.80952381 0.         0.47619048 0.19047619 0.66666667 0.23809524
 1.0952381  0.42857143 0.0952381  0.52380952 2.66666667 0.57142857
 1.42857143]",0.2268243995464433,0.24010731534526938,0.013282915798826095,0.08808290155440415,0.2268243995464433,0.0,0.0,0.24369205135199037,0.016867651805547085,0.05181347150259068,0.230826339238296,0.004001939691852724,0.02072538860103627,0.2351768538415369,0.008352454295093598,0.07253886010362695,0.23089960194689912,0.004075202400455835,0.02590673575129534,0.2387397991200839,0.0119153995736406,0.11917098445595857,0.23535550341099895,0.008531103864555661,0.046632124352331605,0.22754074166511953,0.0007163421186762442,0.010362694300518135,0.23574330560182016,0.008918906055376874,0.05699481865284975,0.2119104812071486,-0.014913918339294702,0.2901554404145078,0.2352838469602266,0.008459447413783322,0.06217616580310881,0.22814105455663922,0.0013166550101959273,0.15544041450777205,HIYEFPQL,0.016867651805547085,VGPRYTNL,-0.014913918339294702
202,AV7-3-CAVRQTQVVGQLTF-AJ5_BV20-CGARMGTEVFF-BJ1-1,16,multi-specific,"['ATLVFHNL', 'HIYEFPQL', 'RAYLFNSV', 'RTYTYEKL', 'SNYLFTKL', 'SSYTFPKM', 'SVYVYKVL', 'VAFDFTKV', 'VIVRFLTV', 'VSFTYRYL']",10,"[0.10194174757281553, 0.1650485436893204, 0.1262135922330097, 0.06796116504854369, 0.15048543689320387, 0.06310679611650485, 0.06310679611650485, 0.05825242718446602, 0.10679611650485436, 0.0825242718446602]",HIYEFPQL,0.1650485436893204,SNYLFTKL,0.15048543689320387,False,"['ATLVFHNL', 'HIYEFPQL', 'RAYLFNSV', 'RTYTYEKL', 'SNYLFTKL', 'SSYTFPKM', 'SVYVYKVL', 'VAFDFTKV', 'VIVRFLTV', 'VSFTYRYL']",10,"['EEEPVKKI', 'INFDFPKL', 'VGPRYTNL']",0.0,0.0,"[1.3125 0.     2.125  0.1875 1.625  0.875  1.9375 0.8125 0.8125 0.75
 0.     1.375  1.0625]",0.22636756454504967,0.24955765899404866,0.023190094448999,0.10194174757281553,0.22636756454504967,0.0,0.0,0.22858791571234846,0.0022203511672987952,0.1650485436893204,0.2295315692679198,0.003164004722870123,0.014563106796116505,0.25442510967879295,0.028057545133743284,0.1262135922330097,0.23159648407693945,0.005228919531889781,0.06796116504854369,0.21228246203006826,-0.014085102514981407,0.15048543689320387,0.25787702673594676,0.03150946219089709,0.06310679611650485,0.25400797372124295,0.027640409176193287,0.06310679611650485,0.2289928832707245,0.002625318725674841,0.05825242718446602,0.22636756454504967,0.0,0.0,0.24055727187990417,0.014189707334854501,0.10679611650485436,0.25014550744791986,0.02377794290287019,0.0825242718446602,SSYTFPKM,0.03150946219089709,SNYLFTKL,-0.014085102514981407
203,AV14-3-CAATNSAGNKLTF-AJ17_BV26-CASSLTLSGNTLYF-BJ1-3,5,multi-specific,"['RAYLFNSV', 'RTYTYEKL', 'SNYLFTKL', 'VAFDFTKV', 'VIVRFLTV', 'VSFTYRYL']",6,"[0.05660377358490566, 0.5094339622641509, 0.1320754716981132, 0.05660377358490566, 0.1320754716981132, 0.05660377358490566]",RTYTYEKL,0.5094339622641509,RTYTYEKL,0.5094339622641509,True,"['RAYLFNSV', 'RTYTYEKL', 'SNYLFTKL', 'VAFDFTKV', 'VIVRFLTV', 'VSFTYRYL']",6,"['ATLVFHNL', 'EEEPVKKI', 'HIYEFPQL', 'INFDFPKL', 'SSYTFPKM', 'SVYVYKVL', 'VGPRYTNL']",0.0,0.0,[0.  0.  0.  0.2 0.6 5.4 1.4 0.  0.2 0.6 0.2 1.4 0.6],0.2263005836677438,0.2263005836677438,0.0,0.0,0.2263005836677438,0.0,0.0,0.2263005836677438,0.0,0.0,0.23001935734728604,0.0037187736795422366,0.01886792452830189,0.22294641403833948,-0.0033541696294043244,0.05660377358490566,0.1592221193948923,-0.0670784642728515,0.5094339622641509,0.22862461596189973,0.0023240322941559255,0.1320754716981132,0.2263005836677438,0.0,0.0,0.226711836943052,0.0004112532753081932,0.01886792452830189,0.28787397563492156,0.06157339196717776,0.05660377358490566,0.22643325425711153,0.0001326705893677227,0.01886792452830189,0.34539600483877314,0.11909542117102934,0.1320754716981132,0.22750561693208882,0.0012050332643450123,0.05660377358490566,VIVRFLTV,0.11909542117102934,RTYTYEKL,-0.0670784642728515
204,AV7D-5-CAVKGQGTGSKLSF-AJ58_BV1-CTCSATGGGNQAPLF-BJ1-5,19,multi-specific,"['ATLVFHNL', 'HIYEFPQL', 'RAYLFNSV', 'SNYLFTKL', 'SVYVYKVL', 'VIVRFLTV', 'VSFTYRYL']",7,"[0.07692307692307691, 0.1487179487179487, 0.051282051282051266, 0.16410256410256405, 0.12307692307692304, 0.10256410256410253, 0.18461538461538457]",VSFTYRYL,0.18461538461538457,ATLVFHNL,0.0,False,"['ATLVFHNL', 'HIYEFPQL', 'RAYLFNSV', 'SNYLFTKL', 'SVYVYKVL', 'VIVRFLTV', 'VSFTYRYL']",7,"['EEEPVKKI', 'INFDFPKL', 'RTYTYEKL', 'SSYTFPKM', 'VAFDFTKV', 'VGPRYTNL']",0.0,0.0,"[0.78947368 0.         1.52631579 0.15789474 0.52631579 0.47368421
 1.68421053 0.47368421 1.26315789 0.31578947 0.10526316 1.05263158
 1.89473684]",0.22526407685831087,0.2422941889076002,0.017030112049289337,0.07692307692307691,0.22526407685831093,5.551115123125783e-17,0.0,0.24007051065920676,0.014806433800895885,0.1487179487179487,0.22564334098063768,0.0003792641223268056,0.01538461538461538,0.23377078195011936,0.00850670509180848,0.051282051282051266,0.22701146404370465,0.0017473871853937728,0.04615384615384614,0.22719637154827488,0.0019322946899640037,0.16410256410256405,0.2305324651603341,0.005268388302023225,0.04615384615384614,0.24838052388256154,0.02311644702425067,0.12307692307692304,0.25039045645263214,0.025126379594321263,0.03076923076923076,0.22722291854059085,0.0019588416822799715,0.010256410256410253,0.253600699685805,0.028336622827494135,0.10256410256410253,0.23810945966922462,0.012845382810913741,0.18461538461538457,VIVRFLTV,0.028336622827494135,SNYLFTKL,0.0019322946899640037
205,AV7D-5-CAVKEGGRALIF-AJ15_BV13-1-CASSEQGVYEQYF-BJ2-7,5,multi-specific,"['SNYLFTKL', 'VGPRYTNL', 'VIVRFLTV', 'VSFTYRYL']",4,"[0.18421052631578946, 0.3026315789473684, 0.2631578947368421, 0.14473684210526316]",VGPRYTNL,0.3026315789473684,SNYLFTKL,0.046052631578947366,False,"['SNYLFTKL', 'VGPRYTNL', 'VIVRFLTV', 'VSFTYRYL']",4,"['ATLVFHNL', 'EEEPVKKI', 'HIYEFPQL', 'INFDFPKL', 'RAYLFNSV', 'RTYTYEKL', 'SSYTFPKM', 'SVYVYKVL', 'VAFDFTKV']",0.0,0.0,[0.2 0.  0.4 0.  0.4 0.  2.8 0.  0.6 0.  4.6 4.  2.2],0.2250865534413899,0.22635462605197074,0.0012680726105808449,0.013157894736842106,0.2250865534413899,0.0,0.0,0.23055833300630524,0.005471779564915347,0.026315789473684213,0.2250865534413899,0.0,0.0,0.2249619713933957,-0.00012458204799420391,0.026315789473684213,0.2250865534413899,0.0,0.0,0.19726208020431293,-0.027824473237076958,0.18421052631578946,0.2250865534413899,0.0,0.0,0.22801841640882792,0.002931862967438026,0.039473684210526314,0.2250865534413899,0.0,0.0,0.32086367135340665,0.09577711791201676,0.3026315789473684,0.30397704182224256,0.07889048838085266,0.2631578947368421,0.17979437630694844,-0.04529217713444145,0.14473684210526316,VGPRYTNL,0.09577711791201676,VSFTYRYL,-0.04529217713444145
206,AV12-2-CALNQGGSAKLIF-AJ57_BV1-CTCSADWGNYAEQFF-BJ2-1,14,multi-specific,"['HIYEFPQL', 'RAYLFNSV', 'SNYLFTKL', 'SSYTFPKM', 'SVYVYKVL', 'VIVRFLTV', 'VSFTYRYL']",7,"[0.1596638655462185, 0.12184873949579833, 0.08823529411764706, 0.06722689075630252, 0.09243697478991597, 0.08403361344537816, 0.25210084033613445]",VSFTYRYL,0.25210084033613445,VSFTYRYL,0.25210084033613445,True,"['HIYEFPQL', 'RAYLFNSV', 'SNYLFTKL', 'SSYTFPKM', 'SVYVYKVL', 'VIVRFLTV', 'VSFTYRYL']",7,"['ATLVFHNL', 'EEEPVKKI', 'INFDFPKL', 'RTYTYEKL', 'VAFDFTKV', 'VGPRYTNL']",0.0,0.0,"[0.5        0.         2.71428571 0.57142857 2.07142857 0.57142857
 1.5        1.14285714 1.57142857 0.64285714 0.         1.42857143
 4.28571429]",0.22367391408759704,0.22676744891816772,0.0030935348305706767,0.029411764705882353,0.22367391408759704,0.0,0.0,0.23065919526307765,0.006985281175480612,0.1596638655462185,0.22454242683027387,0.0008685127426768247,0.03361344537815126,0.234157925008817,0.01048401092121995,0.12184873949579833,0.22431347566867757,0.0006395615810805277,0.03361344537815126,0.2464145364744447,0.022740622386847653,0.08823529411764706,0.2268324132481148,0.003158499160517747,0.06722689075630252,0.22874481743487388,0.005070903347276834,0.09243697478991597,0.25775618089452407,0.034082266806927025,0.03781512605042017,0.22367391408759704,0.0,0.0,0.2749085574494535,0.05123464336185643,0.08403361344537816,0.1885275032619459,-0.03514641082565115,0.25210084033613445,VIVRFLTV,0.05123464336185643,VSFTYRYL,-0.03514641082565115
207,AV7-2-CAASMRGSALGRLHF-AJ18_BV14-CASSFRQGAVTGQLYF-BJ2-2,7,multi-specific,"['ATLVFHNL', 'HIYEFPQL', 'INFDFPKL', 'RAYLFNSV', 'RTYTYEKL', 'SNYLFTKL', 'SVYVYKVL', 'VSFTYRYL']",8,"[0.06896551724137931, 0.33620689655172414, 0.05172413793103449, 0.07758620689655174, 0.07758620689655174, 0.1120689655172414, 0.06896551724137931, 0.13793103448275862]",HIYEFPQL,0.33620689655172414,VSFTYRYL,0.034482758620689655,False,"['ATLVFHNL', 'HIYEFPQL', 'INFDFPKL', 'RAYLFNSV', 'RTYTYEKL', 'SNYLFTKL', 'SVYVYKVL', 'VSFTYRYL']",8,"['EEEPVKKI', 'SSYTFPKM', 'VAFDFTKV', 'VGPRYTNL', 'VIVRFLTV']",0.0,0.0,"[1.14285714 0.         5.57142857 0.85714286 1.28571429 1.28571429
 1.85714286 0.         1.14285714 0.42857143 0.57142857 0.14285714
 2.28571429]",0.2228559216328448,0.2832805765136809,0.06042465488083609,0.06896551724137931,0.2228559216328448,0.0,0.0,0.20548611127739846,-0.017369810355446325,0.33620689655172414,0.23329246201023301,0.010436540377388226,0.05172413793103449,0.2254551142153768,0.002599192582532023,0.07758620689655174,0.23292816865183344,0.01007224701898865,0.07758620689655174,0.25842589581901365,0.03556997418616886,0.1120689655172414,0.2228559216328448,0.0,0.0,0.22946463314929635,0.006608711516451565,0.06896551724137931,0.2278007569535827,0.004944835320737917,0.025862068965517244,0.23481055749621235,0.011954635863367563,0.034482758620689655,0.2229616550479261,0.00010573341508129941,0.008620689655172414,0.22357641014455054,0.0007204885117057525,0.13793103448275862,ATLVFHNL,0.06042465488083609,HIYEFPQL,-0.017369810355446325
208,AV6-6-CALGNTGANTGKLTF-AJ52_BV13-1-CASSDSLYAEQFF-BJ2-1,5,multi-specific,"['ATLVFHNL', 'RAYLFNSV', 'SNYLFTKL', 'SVYVYKVL', 'VGPRYTNL', 'VIVRFLTV', 'VSFTYRYL']",7,"[0.05797101449275363, 0.10144927536231885, 0.2463768115942029, 0.14492753623188406, 0.07246376811594203, 0.14492753623188406, 0.14492753623188406]",SNYLFTKL,0.2463768115942029,VIVRFLTV,0.028985507246376812,False,"['ATLVFHNL', 'RAYLFNSV', 'SNYLFTKL', 'SVYVYKVL', 'VGPRYTNL', 'VIVRFLTV', 'VSFTYRYL']",7,"['EEEPVKKI', 'HIYEFPQL', 'INFDFPKL', 'RTYTYEKL', 'SSYTFPKM', 'VAFDFTKV']",0.0,0.0,[0.8 0.  0.6 0.2 1.4 0.4 3.4 0.  2.  0.  1.  2.  2. ],0.22189491778267537,0.2301693733611911,0.008274455578515721,0.05797101449275363,0.22189491778267537,0.0,0.0,0.21875187792444012,-0.003143039858235247,0.043478260869565216,0.22263431916794268,0.0007394013852673187,0.014492753623188408,0.21592734041225933,-0.005967577370416033,0.10144927536231885,0.2216704452040299,-0.0002244725786454682,0.028985507246376815,0.2220692632200445,0.00017434543736913333,0.2463768115942029,0.22189491778267537,0.0,0.0,0.18863109286532231,-0.03326382491735305,0.14492753623188406,0.22189491778267537,0.0,0.0,0.24645811561682457,0.024563197834149203,0.07246376811594203,0.20191334786977916,-0.019981569912896208,0.14492753623188406,0.22229241999793287,0.0003975022152575003,0.14492753623188406,VGPRYTNL,0.024563197834149203,SVYVYKVL,-0.03326382491735305
209,AV14-2-CAASPYTGNYKYVF-AJ40_BV13-2-CASTNNNQAPLF-BJ1-5,14,multi-specific,"['HIYEFPQL', 'RTYTYEKL', 'SNYLFTKL', 'SSYTFPKM', 'VGPRYTNL', 'VIVRFLTV', 'VSFTYRYL']",7,"[0.11042944785276074, 0.14723926380368096, 0.0920245398773006, 0.05521472392638037, 0.20245398773006135, 0.2331288343558282, 0.11042944785276074]",VIVRFLTV,0.2331288343558282,VSFTYRYL,0.22085889570552147,False,"['HIYEFPQL', 'RTYTYEKL', 'SNYLFTKL', 'SSYTFPKM', 'VGPRYTNL', 'VIVRFLTV', 'VSFTYRYL']",7,"['ATLVFHNL', 'EEEPVKKI', 'INFDFPKL', 'RAYLFNSV', 'SVYVYKVL', 'VAFDFTKV']",0.0,0.0,"[0.28571429 0.         1.28571429 0.         0.07142857 1.71428571
 1.07142857 0.64285714 0.         0.21428571 2.35714286 2.71428571
 1.28571429]",0.22138603367391507,0.22204950894912462,0.0006634752752095463,0.024539877300613494,0.22138603367391507,0.0,0.0,0.22938361763974607,0.007997583965831001,0.11042944785276074,0.22138603367391507,0.0,0.0,0.22141349048703526,2.7456813120191326e-05,0.0061349693251533735,0.2558648497769763,0.03447881610306125,0.14723926380368096,0.2330878004043029,0.011701766730387836,0.0920245398773006,0.2253046417390666,0.003918608065151541,0.05521472392638037,0.22138603367391507,0.0,0.0,0.22156156380810516,0.0001755301341900828,0.01840490797546012,0.2118861776020261,-0.009499856071888968,0.20245398773006135,0.19724995688637534,-0.024136076787539734,0.2331288343558282,0.2131390703835366,-0.008246963290378467,0.11042944785276074,RTYTYEKL,0.03447881610306125,VIVRFLTV,-0.024136076787539734
210,AV16-CAMRETASSSFSKLVF-AJ50_BV29-CASSTGTAEVFF-BJ1-1,10,multi-specific,"['HIYEFPQL', 'RTYTYEKL', 'SNYLFTKL', 'VAFDFTKV', 'VGPRYTNL', 'VSFTYRYL']",6,"[0.15887850467289721, 0.11214953271028037, 0.08411214953271029, 0.16822429906542058, 0.19626168224299068, 0.15887850467289721]",VGPRYTNL,0.19626168224299068,RTYTYEKL,0.11214953271028037,False,"['HIYEFPQL', 'RTYTYEKL', 'SNYLFTKL', 'VAFDFTKV', 'VGPRYTNL', 'VSFTYRYL']",6,"['ATLVFHNL', 'EEEPVKKI', 'INFDFPKL', 'RAYLFNSV', 'SSYTFPKM', 'SVYVYKVL', 'VIVRFLTV']",0.0,0.0,[0.1 0.  1.7 0.1 0.4 1.2 0.9 0.  0.2 1.8 2.1 0.5 1.7],0.22004014051310744,0.22017920075656036,0.0001390602434529209,0.009345794392523366,0.22004014051310744,0.0,0.0,0.22162833767217313,0.0015881971590656907,0.15887850467289721,0.22017920075656036,0.0001390602434529209,0.009345794392523366,0.22255789720342609,0.0025177566903186455,0.03738317757009346,0.1439529325166459,-0.07608720799646154,0.11214953271028037,0.25556824324485544,0.035528102731748,0.08411214953271029,0.22004014051310744,0.0,0.0,0.22566972645865707,0.005629585945549631,0.01869158878504673,0.21791977220172454,-0.002120368311382903,0.16822429906542058,0.24996143042835486,0.029921289915247423,0.19626168224299068,0.2854615483360752,0.06542140782296774,0.04672897196261683,0.22763045922049258,0.007590318707385135,0.15887850467289721,SNYLFTKL,0.035528102731748,RTYTYEKL,-0.07608720799646154
211,AV7-5-CAVSMDNYAQGLTF-AJ26_BV1-CTCSAVRVSGNTLYF-BJ1-3,6,multi-specific,"['ATLVFHNL', 'HIYEFPQL', 'RTYTYEKL', 'SNYLFTKL', 'SVYVYKVL', 'VGPRYTNL', 'VIVRFLTV', 'VSFTYRYL']",8,"[0.12068965517241378, 0.051724137931034475, 0.051724137931034475, 0.2586206896551724, 0.051724137931034475, 0.0689655172413793, 0.2241379310344827, 0.10344827586206895]",SNYLFTKL,0.2586206896551724,SNYLFTKL,0.10344827586206895,True,"['ATLVFHNL', 'HIYEFPQL', 'RTYTYEKL', 'SNYLFTKL', 'SVYVYKVL', 'VGPRYTNL', 'VIVRFLTV', 'VSFTYRYL']",8,"['EEEPVKKI', 'INFDFPKL', 'RAYLFNSV', 'SSYTFPKM', 'VAFDFTKV']",0.0,0.0,"[1.16666667 0.         0.5        0.         0.33333333 0.5
 2.5        0.16666667 0.5        0.16666667 0.66666667 2.16666667
 1.        ]",0.2194787906584809,0.22743248457673823,0.007953693918257343,0.12068965517241378,0.2194787906584809,0.0,0.0,0.22370021612627658,0.004221425467795692,0.051724137931034475,0.2194787906584809,0.0,0.0,0.22768238686070064,0.008203596202219748,0.03448275862068965,0.2746666546153344,0.05518786395685352,0.051724137931034475,0.25944551790919046,0.03996672725070957,0.2586206896551724,0.21991384717401977,0.0004350565155388786,0.017241379310344824,0.22370021612627658,0.004221425467795692,0.051724137931034475,0.21992484453970304,0.0004460538812221526,0.017241379310344824,0.26290771502921884,0.04342892437073795,0.0689655172413793,0.2116956820690918,-0.007783108589389076,0.2241379310344827,0.21592310790012154,-0.003555682758359352,0.10344827586206895,RTYTYEKL,0.05518786395685352,VIVRFLTV,-0.007783108589389076
212,AV16-CAMGTGSGGKLTL-AJ44_BV1-CTCSTRGANERLFF-BJ1-4,40,multi-specific,"['ATLVFHNL', 'HIYEFPQL', 'RAYLFNSV', 'RTYTYEKL', 'SNYLFTKL', 'VGPRYTNL', 'VIVRFLTV', 'VSFTYRYL']",8,"[0.1189801699716714, 0.1359773371104816, 0.0963172804532578, 0.07932011331444759, 0.1359773371104816, 0.062322946175637405, 0.0963172804532578, 0.1388101983002833]",VSFTYRYL,0.1388101983002833,ATLVFHNL,0.0,False,"['ATLVFHNL', 'HIYEFPQL', 'RAYLFNSV', 'RTYTYEKL', 'SNYLFTKL', 'VGPRYTNL', 'VIVRFLTV', 'VSFTYRYL']",8,"['EEEPVKKI', 'INFDFPKL', 'SSYTFPKM', 'SVYVYKVL', 'VAFDFTKV']",0.0,0.0,"[1.05  0.    1.2   0.3   0.85  0.7   1.2   0.275 0.35  0.275 0.55  0.85
 1.225]",0.21939375362359156,0.23313210178455976,0.013738348160968195,0.1189801699716714,0.21939375362359156,0.0,0.0,0.23899534753086268,0.01960159390727112,0.1359773371104816,0.23014794728120955,0.010754193657617983,0.0339943342776204,0.2344086288642023,0.015014875240610737,0.0963172804532578,0.23020478526306054,0.010811031639468976,0.07932011331444759,0.21179934237244785,-0.007594411251143712,0.1359773371104816,0.2260649690510438,0.006671215427452248,0.031161473087818702,0.22293552614488873,0.0035417725212971707,0.039660056657223795,0.21970065736366812,0.00030690374007655286,0.031161473087818702,0.22566071134418397,0.006266957720592409,0.062322946175637405,0.2266472152074824,0.007253461583890841,0.0963172804532578,0.20998085150827944,-0.009412902115312122,0.1388101983002833,HIYEFPQL,0.01960159390727112,VSFTYRYL,-0.009412902115312122
213,AV10-CAASMDYANKMIF-AJ47_BV3-CASSPGTGYEQYF-BJ2-7,8,multi-specific,"['ATLVFHNL', 'HIYEFPQL', 'RAYLFNSV', 'RTYTYEKL', 'SNYLFTKL', 'SSYTFPKM', 'SVYVYKVL', 'VGPRYTNL', 'VIVRFLTV', 'VSFTYRYL']",10,"[0.08333333333333333, 0.09375, 0.052083333333333336, 0.07291666666666667, 0.07291666666666667, 0.07291666666666667, 0.0625, 0.19791666666666666, 0.11458333333333333, 0.14583333333333334]",VGPRYTNL,0.19791666666666666,VGPRYTNL,0.049479166666666664,True,"['ATLVFHNL', 'HIYEFPQL', 'RAYLFNSV', 'RTYTYEKL', 'SNYLFTKL', 'SSYTFPKM', 'SVYVYKVL', 'VGPRYTNL', 'VIVRFLTV', 'VSFTYRYL']",10,"['EEEPVKKI', 'INFDFPKL', 'VAFDFTKV']",0.0,0.0,"[1.    0.    1.125 0.25  0.625 0.875 0.875 0.875 0.75  0.125 2.375 1.375
 1.75 ]",0.21821431457988352,0.27064462495939623,0.05243031037951271,0.08333333333333333,0.21821431457988352,0.0,0.0,0.20434986847517808,-0.013864446104705441,0.09375,0.28677636585478633,0.06856205127490281,0.020833333333333332,0.22019745410423305,0.001983139524349531,0.052083333333333336,0.22494070859259804,0.0067263940127145205,0.07291666666666667,0.2255301873982453,0.007315872818361768,0.07291666666666667,0.2243646396188949,0.0061503250390113895,0.07291666666666667,0.227681798028242,0.009467483448358488,0.0625,0.22561699722020104,0.007402682640317515,0.010416666666666666,0.20022163031881882,-0.017992684261064706,0.19791666666666666,0.22223282250497137,0.004018507925087844,0.11458333333333333,0.20091109439149962,-0.0173032201883839,0.14583333333333334,ATLVFHNL,0.05243031037951271,VGPRYTNL,-0.017992684261064706
214,AV12-3-CALSDSGSFNKLTF-AJ4_BV14-CASSLRGQQYF-BJ2-7,6,multi-specific,"['INFDFPKL', 'RAYLFNSV', 'RTYTYEKL', 'SNYLFTKL', 'SVYVYKVL', 'VIVRFLTV', 'VSFTYRYL']",7,"[0.0967741935483871, 0.12903225806451613, 0.17741935483870966, 0.11290322580645161, 0.14516129032258063, 0.0967741935483871, 0.17741935483870966]",RTYTYEKL,0.17741935483870966,INFDFPKL,0.03870967741935484,False,"['INFDFPKL', 'RAYLFNSV', 'RTYTYEKL', 'SNYLFTKL', 'SVYVYKVL', 'VIVRFLTV', 'VSFTYRYL']",7,"['ATLVFHNL', 'EEEPVKKI', 'HIYEFPQL', 'SSYTFPKM', 'VAFDFTKV', 'VGPRYTNL']",0.0,0.0,"[0.5        0.         0.16666667 1.         1.33333333 1.83333333
 1.16666667 0.         1.5        0.         0.         1.
 1.83333333]",0.21736194497773417,0.21867724354715237,0.0013152985694181996,0.04838709677419355,0.21736194497773417,0.0,0.0,0.21771272743943593,0.0003507824617017541,0.016129032258064516,0.21609658593010347,-0.0012653590476306986,0.0967741935483871,0.20071625963400036,-0.016645685343733813,0.12903225806451613,0.27207796394402356,0.05471601896628939,0.17741935483870966,0.22505352492081834,0.00769157994308417,0.11290322580645161,0.21736194497773417,0.0,0.0,0.20415597887612696,-0.013205966101607208,0.14516129032258063,0.21736194497773417,0.0,0.0,0.21736194497773417,0.0,0.0,0.22319573538516585,0.005833790407431677,0.0967741935483871,0.24829840919326057,0.0309364642155264,0.17741935483870966,RTYTYEKL,0.05471601896628939,RAYLFNSV,-0.016645685343733813
215,AV14-1-CAASADTGNYKYVF-AJ40_BV13-3-CASSDSNTEVFF-BJ1-1,9,multi-specific,"['ATLVFHNL', 'INFDFPKL', 'RAYLFNSV', 'SNYLFTKL', 'SSYTFPKM', 'VAFDFTKV', 'VIVRFLTV']",7,"[0.1904761904761905, 0.09523809523809525, 0.11111111111111113, 0.15873015873015875, 0.07936507936507937, 0.07936507936507937, 0.14285714285714288]",ATLVFHNL,0.1904761904761905,ATLVFHNL,0.1904761904761905,True,"['ATLVFHNL', 'INFDFPKL', 'RAYLFNSV', 'SNYLFTKL', 'SSYTFPKM', 'VAFDFTKV', 'VIVRFLTV']",7,"['EEEPVKKI', 'HIYEFPQL', 'RTYTYEKL', 'SVYVYKVL', 'VGPRYTNL', 'VSFTYRYL']",0.0,0.0,"[1.33333333 0.         0.11111111 0.66666667 0.77777778 0.
 1.11111111 0.55555556 0.33333333 0.55555556 0.22222222 1.
 0.33333333]",0.21718062967134666,0.15239178066613937,-0.06478884900520729,0.1904761904761905,0.21718062967134663,-2.7755575615628914e-17,0.0,0.218961856192165,0.0017812265208183298,0.015873015873015876,0.2509502880242215,0.03376965835287482,0.09523809523809525,0.2513979457997937,0.03421731612844703,0.11111111111111113,0.21718062967134663,-2.7755575615628914e-17,0.0,0.1999206244476036,-0.017260005223743047,0.15873015873015875,0.23138645971441318,0.014205830043066525,0.07936507936507937,0.22721972063239132,0.010039090961044661,0.04761904761904762,0.2550086411978832,0.03782801152653653,0.07936507936507937,0.22147569067166392,0.004295061000317263,0.03174603174603175,0.25948895001338707,0.042308320342040406,0.14285714285714288,0.21797704551621408,0.0007964158448674208,0.04761904761904762,VIVRFLTV,0.042308320342040406,ATLVFHNL,-0.06478884900520729
216,AV3D-3-CAVSGSGSWQLIF-AJ22_BV13-3-CASSDRTGGFSYEQYF-BJ2-7,5,multi-specific,"['ATLVFHNL', 'INFDFPKL', 'RAYLFNSV', 'SNYLFTKL', 'SSYTFPKM', 'SVYVYKVL', 'VAFDFTKV', 'VSFTYRYL']",8,"[0.060606060606060615, 0.09090909090909091, 0.060606060606060615, 0.33333333333333337, 0.060606060606060615, 0.12121212121212123, 0.060606060606060615, 0.21212121212121213]",SNYLFTKL,0.33333333333333337,SNYLFTKL,0.33333333333333337,True,"['ATLVFHNL', 'INFDFPKL', 'RAYLFNSV', 'SNYLFTKL', 'SSYTFPKM', 'SVYVYKVL', 'VAFDFTKV', 'VSFTYRYL']",8,"['EEEPVKKI', 'HIYEFPQL', 'RTYTYEKL', 'VGPRYTNL', 'VIVRFLTV']",0.0,0.0,[0.4 0.  0.  0.6 0.4 0.  2.2 0.4 0.8 0.4 0.  0.  1.4],0.21712811017282388,0.3408108091913081,0.1236826990184842,0.060606060606060615,0.21712811017282388,0.0,0.0,0.21712811017282388,0.0,0.0,0.22281974433755175,0.005691634164727871,0.09090909090909091,0.22402217488979223,0.006894064716968351,0.060606060606060615,0.21712811017282388,0.0,0.0,0.12741914870191842,-0.08970896147090546,0.33333333333333337,0.31766175044399103,0.10053364027116715,0.060606060606060615,0.2131771847244664,-0.003950925448357484,0.12121212121212123,0.21937750994436245,0.0022493997715385683,0.060606060606060615,0.21712811017282388,0.0,0.0,0.21712811017282388,0.0,0.0,0.20732839848804555,-0.009799711684778334,0.21212121212121213,ATLVFHNL,0.1236826990184842,SNYLFTKL,-0.08970896147090546
217,AV19-CAEASSSFSKLVF-AJ50_BV16-CASSPRTGGYAEQFF-BJ2-1,23,multi-specific,"['HIYEFPQL', 'RTYTYEKL', 'SNYLFTKL', 'SSYTFPKM', 'VGPRYTNL', 'VIVRFLTV', 'VSFTYRYL']",7,"[0.06882591093117409, 0.08906882591093117, 0.12550607287449392, 0.06882591093117409, 0.07692307692307691, 0.23481781376518218, 0.16194331983805665]",VIVRFLTV,0.23481781376518218,ATLVFHNL,0.0,False,"['HIYEFPQL', 'RTYTYEKL', 'SNYLFTKL', 'SSYTFPKM', 'VGPRYTNL', 'VIVRFLTV', 'VSFTYRYL']",7,"['ATLVFHNL', 'EEEPVKKI', 'INFDFPKL', 'RAYLFNSV', 'SVYVYKVL', 'VAFDFTKV']",0.0,0.0,"[0.43478261 0.         0.73913043 0.2173913  0.52173913 0.95652174
 1.34782609 0.73913043 0.34782609 0.34782609 0.82608696 2.52173913
 1.73913043]",0.21570406344707563,0.21507599206053632,-0.0006280713865393084,0.040485829959514164,0.21570406344707563,0.0,0.0,0.2775749013197568,0.06187083787268119,0.06882591093117409,0.21727473724259566,0.0015706737955200334,0.020242914979757082,0.2189356304217632,0.003231566974687572,0.048582995951417,0.25430091178858494,0.03859684834150931,0.08906882591093117,0.22217401096401967,0.006469947516944047,0.12550607287449392,0.2192972421385509,0.0035931786914752684,0.06882591093117409,0.2158680274023332,0.00016396395525758445,0.032388663967611336,0.22221200801729846,0.006507944570222829,0.032388663967611336,0.221865884126205,0.006161820679129376,0.07692307692307691,0.22202848516366713,0.006324421716591505,0.23481781376518218,0.22927691002144057,0.013572846574364944,0.16194331983805665,HIYEFPQL,0.06187083787268119,SSYTFPKM,0.0035931786914752684
218,AV7D-5-CAVRDTGGLSGKLTF-AJ2_BV1-CTCSADRLGSAETLYF-BJ2-3,6,multi-specific,"['ATLVFHNL', 'HIYEFPQL', 'RAYLFNSV', 'SNYLFTKL', 'SVYVYKVL', 'VIVRFLTV']",6,"[0.06557377049180328, 0.1639344262295082, 0.11475409836065575, 0.2295081967213115, 0.1639344262295082, 0.09836065573770493]",SNYLFTKL,0.2295081967213115,HIYEFPQL,0.054644808743169404,False,"['ATLVFHNL', 'HIYEFPQL', 'RAYLFNSV', 'SNYLFTKL', 'SVYVYKVL', 'VIVRFLTV']",6,"['EEEPVKKI', 'INFDFPKL', 'RTYTYEKL', 'SSYTFPKM', 'VAFDFTKV', 'VGPRYTNL', 'VSFTYRYL']",0.0,0.0,"[0.66666667 0.         1.66666667 0.16666667 1.16666667 0.33333333
 2.33333333 0.5        1.66666667 0.16666667 0.         1.
 0.5       ]",0.21567965168398642,0.2868973797618333,0.0712177280778469,0.06557377049180328,0.21567965168398642,0.0,0.0,0.17599800303277466,-0.039681648651211765,0.1639344262295082,0.21696642287557794,0.0012867711915915125,0.01639344262295082,0.22498358485419104,0.009303933170204615,0.11475409836065575,0.32351947752597965,0.10783982584199323,0.03278688524590164,0.19015841062465733,-0.025521241059329097,0.2295081967213115,0.22019109086646307,0.004511439182476651,0.049180327868852465,0.1963223532186015,-0.01935729846538492,0.1639344262295082,0.21615731425619475,0.0004776625722083261,0.01639344262295082,0.21567965168398642,0.0,0.0,0.22966658144463445,0.013986929760648026,0.09836065573770493,0.24003190223990797,0.02435225055592155,0.049180327868852465,ATLVFHNL,0.0712177280778469,HIYEFPQL,-0.039681648651211765
219,AV7-3-CAVSAEGADRLTF-AJ45_BV1-CTCSADRGGNSPLYF-BJ1-6,29,multi-specific,"['RAYLFNSV', 'SNYLFTKL', 'SSYTFPKM', 'SVYVYKVL', 'VAFDFTKV', 'VIVRFLTV', 'VSFTYRYL']",7,"[0.07272727272727272, 0.19999999999999996, 0.054545454545454536, 0.07727272727272726, 0.07272727272727272, 0.15, 0.1818181818181818]",SNYLFTKL,0.19999999999999996,ATLVFHNL,0.0,False,"['RAYLFNSV', 'SNYLFTKL', 'SSYTFPKM', 'SVYVYKVL', 'VAFDFTKV', 'VIVRFLTV', 'VSFTYRYL']",7,"['ATLVFHNL', 'EEEPVKKI', 'HIYEFPQL', 'INFDFPKL', 'RTYTYEKL', 'VGPRYTNL']",0.0,0.0,"[0.37931034 0.         0.34482759 0.24137931 0.55172414 0.31034483
 1.51724138 0.4137931  0.5862069  0.55172414 0.17241379 1.13793103
 1.37931034]",0.21551941523633567,0.21667897054651744,0.0011595553101817757,0.04999999999999999,0.21551941523633567,0.0,0.0,0.22324207235422022,0.007722657117884557,0.04545454545454545,0.2336252038591324,0.018105788622796742,0.031818181818181815,0.22832229804225299,0.01280288280591732,0.07272727272727272,0.22398036575389366,0.008460950517557991,0.0409090909090909,0.225271246172668,0.009751830936332334,0.19999999999999996,0.22583693439182748,0.010317519155491811,0.054545454545454536,0.21558318838139487,6.377314505920384e-05,0.07727272727272726,0.24774372705466433,0.03222431181832866,0.07272727272727272,0.21779918934597675,0.002279774109641086,0.022727272727272724,0.22906642404296973,0.013547008806634064,0.15,0.16512860091781298,-0.050390814318522686,0.1818181818181818,VAFDFTKV,0.03222431181832866,VSFTYRYL,-0.050390814318522686
220,AV7-5-CAVSMPGNTGKLIF-AJ37_BV4-CASSWGNYAEQFF-BJ2-1,11,multi-specific,"['ATLVFHNL', 'INFDFPKL', 'RAYLFNSV', 'SNYLFTKL', 'VGPRYTNL', 'VIVRFLTV', 'VSFTYRYL']",7,"[0.07407407407407407, 0.06481481481481481, 0.07407407407407407, 0.1574074074074074, 0.1574074074074074, 0.08333333333333334, 0.28703703703703703]",VSFTYRYL,0.28703703703703703,SNYLFTKL,0.0787037037037037,False,"['ATLVFHNL', 'INFDFPKL', 'RAYLFNSV', 'SNYLFTKL', 'VGPRYTNL', 'VIVRFLTV', 'VSFTYRYL']",7,"['EEEPVKKI', 'HIYEFPQL', 'RTYTYEKL', 'SSYTFPKM', 'SVYVYKVL', 'VAFDFTKV']",0.0,0.0,"[0.72727273 0.         0.45454545 0.63636364 0.72727273 0.18181818
 1.54545455 0.09090909 0.27272727 0.         1.54545455 0.81818182
 2.81818182]",0.21331301503471364,0.21435787554026056,0.0010448605055469184,0.07407407407407407,0.21331301503471364,0.0,0.0,0.2593471278692335,0.04603411283451983,0.046296296296296294,0.21820945853025178,0.004896443495538139,0.06481481481481481,0.22942693338076656,0.016113918346052913,0.07407407407407407,0.21392456857469894,0.0006115535399852934,0.018518518518518517,0.2275400980539622,0.014227083019248549,0.1574074074074074,0.21335469837482726,4.168334011361852e-05,0.009259259259259259,0.21369760654881242,0.000384591514098781,0.027777777777777776,0.21331301503471364,0.0,0.0,0.25152554871307364,0.03821253367836,0.1574074074074074,0.24967530992117146,0.03636229488645781,0.08333333333333334,0.22801166777360476,0.014698652738891121,0.28703703703703703,VGPRYTNL,0.03821253367836,ATLVFHNL,0.0010448605055469184
221,AV14-2-CAASASSGSWQLIF-AJ22_BV31-CAWSLAGSGNTLYF-BJ1-3,158,multi-specific,"['ATLVFHNL', 'HIYEFPQL', 'RAYLFNSV', 'RTYTYEKL', 'SNYLFTKL', 'VIVRFLTV', 'VSFTYRYL']",7,"[0.09361702127659574, 0.12340425531914893, 0.06990881458966565, 0.09361702127659574, 0.17811550151975683, 0.14224924012158055, 0.12218844984802431]",SNYLFTKL,0.17811550151975683,ATLVFHNL,0.0,False,"['ATLVFHNL', 'HIYEFPQL', 'RAYLFNSV', 'RTYTYEKL', 'SNYLFTKL', 'VIVRFLTV', 'VSFTYRYL']",7,"['EEEPVKKI', 'INFDFPKL', 'SSYTFPKM', 'SVYVYKVL', 'VAFDFTKV', 'VGPRYTNL']",0.0,0.0,"[0.97468354 0.         1.28481013 0.30379747 0.7278481  0.97468354
 1.85443038 0.28481013 0.42405063 0.46202532 0.36708861 1.48101266
 1.2721519 ]",0.21296338726868716,0.22922979167610044,0.016266404407413282,0.09361702127659574,0.21296338726868716,0.0,0.0,0.21950787121637788,0.006544483947690721,0.12340425531914893,0.22119189059601582,0.008228503327328662,0.029179331306990883,0.22665045555402802,0.013687068285340859,0.06990881458966565,0.2219950812864788,0.009031694017791636,0.09361702127659574,0.21635618979797533,0.003392802529288169,0.17811550151975683,0.21851292645722767,0.005549539188540509,0.027355623100303955,0.22160758498758806,0.008644197718900903,0.04072948328267477,0.22196303210272272,0.008999644834035564,0.04437689969604863,0.21904562776770675,0.006082240499019592,0.03525835866261399,0.22560019073620668,0.012636803467519525,0.14224924012158055,0.2238180231375724,0.010854635868885243,0.12218844984802431,ATLVFHNL,0.016266404407413282,SNYLFTKL,0.003392802529288169
222,AV6-6-CALANTGANTGKLTF-AJ52_BV13-1-CASSDALYAEQFF-BJ2-1,16,multi-specific,"['ATLVFHNL', 'HIYEFPQL', 'RTYTYEKL', 'SNYLFTKL', 'VGPRYTNL', 'VIVRFLTV', 'VSFTYRYL']",7,"[0.10628019323671498, 0.09178743961352658, 0.057971014492753624, 0.09178743961352658, 0.07729468599033816, 0.1111111111111111, 0.3333333333333333]",VSFTYRYL,0.3333333333333333,ATLVFHNL,0.05314009661835749,False,"['ATLVFHNL', 'HIYEFPQL', 'RTYTYEKL', 'SNYLFTKL', 'VGPRYTNL', 'VIVRFLTV', 'VSFTYRYL']",7,"['EEEPVKKI', 'INFDFPKL', 'RAYLFNSV', 'SSYTFPKM', 'SVYVYKVL', 'VAFDFTKV']",0.0,0.0,"[1.375  0.     1.1875 0.125  0.5625 0.75   1.1875 0.0625 0.625  0.3125
 1.     1.4375 4.3125]",0.21200342498252195,0.19657430170264015,-0.015429123279881801,0.10628019323671498,0.21200342498252195,0.0,0.0,0.2291855345400987,0.017182109557576764,0.09178743961352658,0.21263122907046472,0.0006278040879427738,0.00966183574879227,0.21519462374899717,0.003191198766475223,0.043478260869565216,0.23241537181654823,0.02041194683402628,0.057971014492753624,0.21914895840513232,0.007145533422610373,0.09178743961352658,0.2120901345461922,8.670956367023974e-05,0.004830917874396135,0.219854191343173,0.007850766360651046,0.04830917874396135,0.21478766093142113,0.0027842359488991775,0.024154589371980676,0.21829758303807545,0.0062941580555535,0.07729468599033816,0.24548879672320179,0.03348537174067984,0.1111111111111111,0.2336229418841154,0.021619516901593444,0.3333333333333333,VIVRFLTV,0.03348537174067984,ATLVFHNL,-0.015429123279881801
223,AV12-2-CALSDNQGGRALIF-AJ15_BV13-1-CASSAGLGDYAEQFF-BJ2-1,7,multi-specific,"['ATLVFHNL', 'HIYEFPQL', 'SNYLFTKL', 'VAFDFTKV', 'VIVRFLTV', 'VSFTYRYL']",6,"[0.08333333333333334, 0.08333333333333334, 0.22222222222222224, 0.08333333333333334, 0.05555555555555556, 0.36111111111111116]",VSFTYRYL,0.36111111111111116,SNYLFTKL,0.22222222222222224,False,"['ATLVFHNL', 'HIYEFPQL', 'SNYLFTKL', 'VAFDFTKV', 'VIVRFLTV', 'VSFTYRYL']",6,"['EEEPVKKI', 'INFDFPKL', 'RAYLFNSV', 'RTYTYEKL', 'SSYTFPKM', 'SVYVYKVL', 'VGPRYTNL']",0.0,0.0,"[0.42857143 0.         0.42857143 0.14285714 0.14285714 0.14285714
 1.14285714 0.         0.14285714 0.42857143 0.         0.28571429
 1.85714286]",0.2099985858845504,0.28654842645444667,0.07654984056989628,0.08333333333333334,0.2099985858845504,0.0,0.0,0.2540284236552467,0.0440298377706963,0.08333333333333334,0.21067688354697345,0.0006782976624230552,0.02777777777777778,0.21067688354697345,0.0006782976624230552,0.02777777777777778,0.29399802023837046,0.08399943435382007,0.02777777777777778,0.19622064363978786,-0.013777942244762531,0.22222222222222224,0.2099985858845504,0.0,0.0,0.21067688354697345,0.0006782976624230552,0.02777777777777778,0.21675300427793387,0.006754418393383477,0.08333333333333334,0.2099985858845504,0.0,0.0,0.2134062384889737,0.0034076526044233,0.05555555555555556,0.22323288686955645,0.013234300985006053,0.36111111111111116,ATLVFHNL,0.07654984056989628,SNYLFTKL,-0.013777942244762531
224,AV16-CAMREDGYQNFYF-AJ49_BV16-CASSLGWGGREQYF-BJ2-7,35,multi-specific,"['ATLVFHNL', 'HIYEFPQL', 'RAYLFNSV', 'RTYTYEKL', 'SNYLFTKL', 'SSYTFPKM', 'SVYVYKVL', 'VIVRFLTV', 'VSFTYRYL']",9,"[0.15109890109890112, 0.11538461538461539, 0.0631868131868132, 0.06593406593406595, 0.11538461538461539, 0.06043956043956045, 0.07692307692307694, 0.08791208791208792, 0.2087912087912088]",VSFTYRYL,0.2087912087912088,ATLVFHNL,0.0,False,"['ATLVFHNL', 'HIYEFPQL', 'RAYLFNSV', 'RTYTYEKL', 'SNYLFTKL', 'SSYTFPKM', 'SVYVYKVL', 'VIVRFLTV', 'VSFTYRYL']",9,"['EEEPVKKI', 'INFDFPKL', 'VAFDFTKV', 'VGPRYTNL']",0.0,0.0,"[1.57142857 0.         1.2        0.25714286 0.65714286 0.68571429
 1.2        0.62857143 0.8        0.25714286 0.05714286 0.91428571
 2.17142857]",0.2097187822701539,0.20942408903691517,-0.00029469323323871865,0.15109890109890112,0.2097187822701539,0.0,0.0,0.23245307707793622,0.02273429480778233,0.11538461538461539,0.21290337754372385,0.0031845952735699568,0.024725274725274728,0.23763815069458794,0.027919368424434043,0.0631868131868132,0.22173481808727227,0.012016035817118381,0.06593406593406595,0.22241626715114968,0.012697484880995785,0.11538461538461539,0.21499844484955768,0.005279662579403793,0.06043956043956045,0.22669700472271126,0.016978222452557368,0.07692307692307694,0.23923393120819716,0.029515148938043273,0.024725274725274728,0.21010111068112283,0.00038232841096894066,0.005494505494505495,0.21248913593143728,0.0027703536612833923,0.08791208791208792,0.207868622004831,-0.0018501602653228921,0.2087912087912088,RAYLFNSV,0.027919368424434043,VSFTYRYL,-0.0018501602653228921
225,AV7-2-CAADNVGDNSKLIW-AJ38_BV4-CASSPGTGYSDYTF-BJ1-2,5,multi-specific,"['ATLVFHNL', 'HIYEFPQL', 'RAYLFNSV', 'SNYLFTKL', 'SVYVYKVL', 'VGPRYTNL', 'VSFTYRYL']",7,"[0.07142857142857144, 0.10714285714285715, 0.14285714285714288, 0.25, 0.053571428571428575, 0.10714285714285715, 0.2142857142857143]",SNYLFTKL,0.25,VSFTYRYL,0.2142857142857143,False,"['ATLVFHNL', 'HIYEFPQL', 'RAYLFNSV', 'SNYLFTKL', 'SVYVYKVL', 'VGPRYTNL', 'VSFTYRYL']",7,"['EEEPVKKI', 'INFDFPKL', 'RTYTYEKL', 'SSYTFPKM', 'VAFDFTKV', 'VIVRFLTV']",0.0,0.0,[0.8 0.  1.2 0.  1.6 0.  2.8 0.4 0.6 0.  1.2 0.2 2.4],0.20950822038984693,0.3285788242860675,0.11907060389622057,0.07142857142857144,0.20950822038984693,0.0,0.0,0.2213935112219713,0.011885290832124362,0.10714285714285715,0.20950822038984693,0.0,0.0,0.22634583138803116,0.016837610998184233,0.14285714285714288,0.20950822038984693,0.0,0.0,0.2069336195652399,-0.0025746008246070318,0.25,0.21034593793010553,0.0008377175402586035,0.03571428571428572,0.21724481104001017,0.007736590650163244,0.053571428571428575,0.20950822038984693,0.0,0.0,0.21226791457157074,0.0027596941817238096,0.10714285714285715,0.2107575618864125,0.0012493414965655814,0.01785714285714286,0.15368316590457556,-0.055825054485271364,0.2142857142857143,ATLVFHNL,0.11907060389622057,VSFTYRYL,-0.055825054485271364
226,AV12D-3-CALSGPGTGSNRLTF-AJ28_BV29-CASTANTEVFF-BJ1-1,31,multi-specific,"['ATLVFHNL', 'HIYEFPQL', 'RAYLFNSV', 'RTYTYEKL', 'SNYLFTKL', 'SVYVYKVL', 'VAFDFTKV', 'VIVRFLTV', 'VSFTYRYL']",9,"[0.14369501466275658, 0.08211143695014662, 0.061583577712609965, 0.12903225806451613, 0.15249266862170088, 0.08797653958944282, 0.061583577712609965, 0.11730205278592375, 0.12023460410557184]",SNYLFTKL,0.15249266862170088,ATLVFHNL,0.0,False,"['ATLVFHNL', 'HIYEFPQL', 'RAYLFNSV', 'RTYTYEKL', 'SNYLFTKL', 'SVYVYKVL', 'VAFDFTKV', 'VIVRFLTV', 'VSFTYRYL']",9,"['EEEPVKKI', 'INFDFPKL', 'SSYTFPKM', 'VGPRYTNL']",0.0,0.0,"[1.58064516 0.         0.90322581 0.16129032 0.67741935 1.41935484
 1.67741935 0.12903226 0.96774194 0.67741935 0.19354839 1.29032258
 1.32258065]",0.20906521639244338,0.21664592674241923,0.007580710349975844,0.14369501466275658,0.20906521639244338,0.0,0.0,0.2188951351438939,0.009829918751450506,0.08211143695014662,0.2113995390246782,0.00233432263223482,0.014662756598240468,0.21265638837998102,0.003591171987537639,0.061583577712609965,0.22419491772805172,0.015129701335608342,0.12903225806451613,0.22794347002326174,0.018878253630818354,0.15249266862170088,0.20927128706809345,0.00020607067565006632,0.011730205278592375,0.2185773417822994,0.009512125389856019,0.08797653958944282,0.23096552363731707,0.021900307244873685,0.061583577712609965,0.21313116688731212,0.004065950494868742,0.01759530791788856,0.21815084858720551,0.009085632194762133,0.11730205278592375,0.2060987457392593,-0.002966470653184089,0.12023460410557184,VAFDFTKV,0.021900307244873685,VSFTYRYL,-0.002966470653184089
227,AV12-3-CALSDDTNKVVF-AJ34_BV13-2-CASGDKISYNSPLYF-BJ1-6,10,multi-specific,"['ATLVFHNL', 'HIYEFPQL', 'RAYLFNSV', 'SNYLFTKL', 'SVYVYKVL', 'VAFDFTKV', 'VGPRYTNL', 'VSFTYRYL']",8,"[0.06999999999999999, 0.15, 0.08, 0.16999999999999998, 0.05, 0.06, 0.11000000000000001, 0.2]",VSFTYRYL,0.2,HIYEFPQL,0.15,False,"['ATLVFHNL', 'HIYEFPQL', 'RAYLFNSV', 'SNYLFTKL', 'SVYVYKVL', 'VAFDFTKV', 'VGPRYTNL', 'VSFTYRYL']",8,"['EEEPVKKI', 'INFDFPKL', 'RTYTYEKL', 'SSYTFPKM', 'VIVRFLTV']",0.0,0.0,[0.7 0.  1.5 0.1 0.8 0.4 1.7 0.2 0.5 0.6 1.1 0.4 2. ],0.2088968687569263,0.23094851118552764,0.02205164242860133,0.06999999999999999,0.2088968687569263,0.0,0.0,0.18458742527975505,-0.02430944347717126,0.15,0.21064432232502162,0.001747453568095303,0.01,0.2130038792322327,0.0041070104753064,0.08,0.20943791569332085,0.0005410469363945347,0.04,0.21489561084003156,0.005998742083105246,0.16999999999999998,0.21804136533151225,0.009144496574585936,0.02,0.20905352189563628,0.00015665313870996678,0.05,0.21006998016029949,0.0011731114033731727,0.06,0.21569017426794668,0.006793305511020364,0.11000000000000001,0.20935435686012185,0.00045748810319554134,0.04,0.2545223756398636,0.04562550688293726,0.2,VSFTYRYL,0.04562550688293726,HIYEFPQL,-0.02430944347717126
228,AV8D-2-CATDGNSNNRIFF-AJ31_BV3-CASSIRDWEYEQYF-BJ2-7,5,multi-specific,"['HIYEFPQL', 'SNYLFTKL', 'VGPRYTNL', 'VIVRFLTV', 'VSFTYRYL']",5,"[0.21739130434782605, 0.15217391304347824, 0.23913043478260868, 0.19565217391304346, 0.08695652173913043]",VGPRYTNL,0.23913043478260868,HIYEFPQL,0.07246376811594202,False,"['HIYEFPQL', 'SNYLFTKL', 'VGPRYTNL', 'VIVRFLTV', 'VSFTYRYL']",5,"['ATLVFHNL', 'EEEPVKKI', 'INFDFPKL', 'RAYLFNSV', 'RTYTYEKL', 'SSYTFPKM', 'SVYVYKVL', 'VAFDFTKV']",0.0,0.0,[0.  0.  2.  0.2 0.4 0.2 1.4 0.  0.  0.2 2.2 1.8 0.8],0.20760139551338766,0.2076013955133877,2.7755575615628914e-17,0.0,0.2076013955133877,2.7755575615628914e-17,0.0,0.27998286621527235,0.07238147070188469,0.21739130434782605,0.2094106508104125,0.001809255297024831,0.021739130434782608,0.2073413673994488,-0.00026002811393885383,0.043478260869565216,0.20830619461747418,0.0007047991040865231,0.021739130434782608,0.16084805276797462,-0.04675334274541304,0.15217391304347824,0.2076013955133877,2.7755575615628914e-17,0.0,0.2076013955133877,2.7755575615628914e-17,0.0,0.2094106508104125,0.001809255297024831,0.021739130434782608,0.2650366931998761,0.057435297686488446,0.23913043478260868,0.2622413622161597,0.05463996670277202,0.19565217391304346,0.23258918370741366,0.024987788194026,0.08695652173913043,HIYEFPQL,0.07238147070188469,SNYLFTKL,-0.04675334274541304
229,AV8N-2-CATDHQGGRALIF-AJ15_BV29-CASSSGTSGNTLYF-BJ1-3,16,multi-specific,"['HIYEFPQL', 'RAYLFNSV', 'RTYTYEKL', 'SNYLFTKL', 'SVYVYKVL', 'VGPRYTNL', 'VIVRFLTV', 'VSFTYRYL']",8,"[0.13533834586466165, 0.10526315789473684, 0.06766917293233082, 0.06766917293233082, 0.11278195488721804, 0.07518796992481203, 0.10526315789473684, 0.2631578947368421]",VSFTYRYL,0.2631578947368421,HIYEFPQL,0.13533834586466165,False,"['HIYEFPQL', 'RAYLFNSV', 'RTYTYEKL', 'SNYLFTKL', 'SVYVYKVL', 'VGPRYTNL', 'VIVRFLTV', 'VSFTYRYL']",8,"['ATLVFHNL', 'EEEPVKKI', 'INFDFPKL', 'SSYTFPKM', 'VAFDFTKV']",0.0,0.0,"[0.125  0.     1.125  0.1875 0.875  0.5625 0.5625 0.1875 0.9375 0.0625
 0.625  0.875  2.1875]",0.2072776523394665,0.20918985702020745,0.0019122046807409643,0.015037593984962405,0.2072776523394665,0.0,0.0,0.19735483420799463,-0.009922818131471861,0.13533834586466165,0.20895302799342674,0.0016753756539602538,0.022556390977443608,0.2523471157663747,0.04506946342690821,0.10526315789473684,0.23394385150956867,0.026666199170102184,0.06766917293233082,0.21469032075899744,0.007412668419530949,0.06766917293233082,0.21720771820172,0.009930065862253507,0.022556390977443608,0.2546115136826006,0.04733386134313411,0.11278195488721804,0.2074252304460217,0.0001475781065552184,0.007518796992481203,0.23126335910461246,0.02398570676514597,0.07518796992481203,0.23032391277302414,0.023046260433557647,0.10526315789473684,0.15684359963885522,-0.05043405270061127,0.2631578947368421,SVYVYKVL,0.04733386134313411,VSFTYRYL,-0.05043405270061127
230,AV6-6-CALGGTGNTGKLIF-AJ37_BV13-1-CASSAGNYAEQFF-BJ2-1,40,multi-specific,"['ATLVFHNL', 'HIYEFPQL', 'RAYLFNSV', 'RTYTYEKL', 'SNYLFTKL', 'VAFDFTKV', 'VIVRFLTV', 'VSFTYRYL']",8,"[0.09189189189189188, 0.12432432432432432, 0.11621621621621621, 0.05135135135135135, 0.14864864864864866, 0.05675675675675676, 0.14594594594594595, 0.17297297297297298]",VSFTYRYL,0.17297297297297298,ATLVFHNL,0.0,False,"['ATLVFHNL', 'HIYEFPQL', 'RAYLFNSV', 'RTYTYEKL', 'SNYLFTKL', 'VAFDFTKV', 'VIVRFLTV', 'VSFTYRYL']",8,"['EEEPVKKI', 'INFDFPKL', 'SSYTFPKM', 'SVYVYKVL', 'VGPRYTNL']",0.0,0.0,"[0.85  0.    1.15  0.2   1.075 0.475 1.375 0.375 0.15  0.525 0.125 1.35
 1.6  ]",0.20704641796427042,0.2217624611956485,0.014716043231378068,0.09189189189189188,0.20704641796427042,0.0,0.0,0.2156553499647424,0.00860893200047197,0.12432432432432432,0.2116885248973498,0.004642106933079371,0.021621621621621623,0.21121550069646464,0.0041690827321942125,0.11621621621621621,0.21039032118087558,0.0033439032166051597,0.05135135135135135,0.226855672498126,0.01980925453385557,0.14864864864864866,0.22993221084100537,0.02288579287673495,0.04054054054054054,0.20773830579326688,0.000691887828996457,0.016216216216216217,0.21186328623196676,0.004816868267696339,0.05675675675675676,0.2142212015147589,0.007174783550488478,0.013513513513513514,0.2165955304029702,0.00954911243869977,0.14594594594594595,0.21903708821337772,0.0119906702491073,0.17297297297297298,SNYLFTKL,0.01980925453385557,RTYTYEKL,0.0033439032166051597
231,AV15-1/DV6-1-CALWELNNYAQGLTF-AJ26_BV13-1-CASSDAGAEVFF-BJ1-1,6,multi-specific,"['HIYEFPQL', 'SNYLFTKL', 'VGPRYTNL', 'VIVRFLTV', 'VSFTYRYL']",5,"[0.06741573033707865, 0.449438202247191, 0.06741573033707865, 0.0898876404494382, 0.14606741573033707]",SNYLFTKL,0.449438202247191,SNYLFTKL,0.06420545746388442,True,"['HIYEFPQL', 'SNYLFTKL', 'VGPRYTNL', 'VIVRFLTV', 'VSFTYRYL']",5,"['ATLVFHNL', 'EEEPVKKI', 'INFDFPKL', 'RAYLFNSV', 'RTYTYEKL', 'SSYTFPKM', 'SVYVYKVL', 'VAFDFTKV']",0.0,0.0,"[0.5        0.         1.         0.33333333 0.66666667 0.33333333
 6.66666667 0.16666667 0.         0.66666667 1.         1.33333333
 2.16666667]",0.20666800183190126,0.20743512423060892,0.0007671223987076592,0.033707865168539325,0.20666800183190126,0.0,0.0,0.21346999293598704,0.006801991104085775,0.06741573033707865,0.2077009327174227,0.0010329308855214492,0.02247191011235955,0.2967731940232162,0.09010519219131496,0.0449438202247191,0.21325786132745192,0.0065898594955506595,0.02247191011235955,0.15613216632795981,-0.050535835503941445,0.449438202247191,0.3100020027478519,0.10333400091595063,0.011235955056179775,0.20666800183190126,0.0,0.0,0.20853563485883736,0.0018676330269360997,0.0449438202247191,0.2101421920729468,0.0034741902410455328,0.06741573033707865,0.21888630874132053,0.012218306909419274,0.0898876404494382,0.17953341730632302,-0.027134584525578237,0.14606741573033707,VIVRFLTV,0.012218306909419274,SNYLFTKL,-0.050535835503941445
232,AV3-3-CAVSAWANYNVLYF-AJ21_BV3-CASSLGRSYEQYF-BJ2-7,67,multi-specific,"['ATLVFHNL', 'HIYEFPQL', 'RAYLFNSV', 'RTYTYEKL', 'SNYLFTKL', 'SVYVYKVL', 'VIVRFLTV', 'VSFTYRYL']",8,"[0.08262108262108261, 0.10826210826210826, 0.0584045584045584, 0.0698005698005698, 0.20370370370370372, 0.05555555555555556, 0.15527065527065528, 0.12535612535612536]",SNYLFTKL,0.20370370370370372,ATLVFHNL,0.0,False,"['ATLVFHNL', 'HIYEFPQL', 'RAYLFNSV', 'RTYTYEKL', 'SNYLFTKL', 'SVYVYKVL', 'VIVRFLTV', 'VSFTYRYL']",8,"['EEEPVKKI', 'INFDFPKL', 'SSYTFPKM', 'VAFDFTKV', 'VGPRYTNL']",0.0,0.0,"[0.86567164 0.         1.13432836 0.3880597  0.6119403  0.73134328
 2.13432836 0.29850746 0.58208955 0.26865672 0.52238806 1.62686567
 1.31343284]",0.20626913123455554,0.2217508323443121,0.015481701109756552,0.08262108262108261,0.20626913123455554,0.0,0.0,0.23009802801347873,0.023828896778923192,0.10826210826210826,0.21529919367223496,0.009030062437679426,0.03703703703703704,0.2164032528810024,0.010134121646446864,0.0584045584045584,0.2203914466377121,0.01412231540315656,0.0698005698005698,0.21408916565070044,0.0078200344161449,0.20370370370370372,0.20838412351288696,0.0021149922783314234,0.028490028490028487,0.2144132130037374,0.008144081769181855,0.05555555555555556,0.20801948367720727,0.0017503524426517314,0.02564102564102564,0.21277113779541817,0.006502006560862639,0.04985754985754985,0.20748511137812858,0.0012159801435730477,0.15527065527065528,0.20380200000585713,-0.002467131228698405,0.12535612535612536,HIYEFPQL,0.023828896778923192,VSFTYRYL,-0.002467131228698405
233,AV14-2-CAASPYTGNYKYVF-AJ40_BV13-2-CASGDVGGLYF-BJ1-3,29,multi-specific,"['HIYEFPQL', 'RAYLFNSV', 'RTYTYEKL', 'SNYLFTKL', 'VGPRYTNL', 'VIVRFLTV', 'VSFTYRYL']",7,"[0.07954545454545456, 0.14772727272727273, 0.05681818181818182, 0.11647727272727273, 0.1647727272727273, 0.20170454545454544, 0.13636363636363638]",VIVRFLTV,0.20170454545454544,ATLVFHNL,0.0,False,"['HIYEFPQL', 'RAYLFNSV', 'RTYTYEKL', 'SNYLFTKL', 'VGPRYTNL', 'VIVRFLTV', 'VSFTYRYL']",7,"['ATLVFHNL', 'EEEPVKKI', 'INFDFPKL', 'SSYTFPKM', 'SVYVYKVL', 'VAFDFTKV']",0.0,0.0,"[0.24137931 0.         0.96551724 0.55172414 1.79310345 0.68965517
 1.4137931  0.13793103 0.24137931 0.         2.         2.44827586
 1.65517241]",0.20625063207016872,0.21186248640684735,0.005611854336678629,0.01988636363636364,0.20625063207016872,0.0,0.0,0.2207908401628827,0.014540208092713974,0.07954545454545456,0.2257152035547461,0.019464571484577392,0.045454545454545456,0.2352123362890737,0.028961704218904982,0.14772727272727273,0.21881038863401292,0.012559756563844199,0.05681818181818182,0.21305755155779454,0.006806919487625823,0.11647727272727273,0.20658738707898242,0.0003367550088136939,0.011363636363636364,0.2213859840529374,0.015135351982768691,0.01988636363636364,0.20625063207016872,0.0,0.0,0.20233580977138696,-0.003914822298781762,0.1647727272727273,0.18691357452316093,-0.01933705754700779,0.20170454545454544,0.22168465900120046,0.015434026931031741,0.13636363636363638,RAYLFNSV,0.028961704218904982,VIVRFLTV,-0.01933705754700779
234,AV3-1-CAVSARYSNNRLTL-AJ7_BV31-CAWRLGYEQYF-BJ2-7,11,multi-specific,"['ATLVFHNL', 'INFDFPKL', 'SNYLFTKL', 'SSYTFPKM', 'VAFDFTKV', 'VGPRYTNL', 'VIVRFLTV']",7,"[0.08403361344537814, 0.050420168067226885, 0.11764705882352941, 0.050420168067226885, 0.37815126050420167, 0.13445378151260504, 0.11764705882352941]",VAFDFTKV,0.37815126050420167,ATLVFHNL,0.0,False,"['ATLVFHNL', 'INFDFPKL', 'SNYLFTKL', 'SSYTFPKM', 'VAFDFTKV', 'VGPRYTNL', 'VIVRFLTV']",7,"['EEEPVKKI', 'HIYEFPQL', 'RAYLFNSV', 'RTYTYEKL', 'SVYVYKVL', 'VSFTYRYL']",0.0,0.0,"[0.90909091 0.         0.36363636 0.54545455 0.36363636 0.
 1.27272727 0.54545455 0.         4.09090909 1.45454545 1.27272727
 0.        ]",0.2051689280167182,0.28567475113665286,0.08050582311993465,0.08403361344537814,0.2051689280167182,0.0,0.0,0.20666236268269422,0.0014934346659760123,0.03361344537815126,0.24786493818984986,0.042696010173131654,0.050420168067226885,0.20798837380060806,0.0028194457838898457,0.03361344537815126,0.2051689280167182,0.0,0.0,0.2159117537144133,0.01074282569769508,0.11764705882352941,0.21496717931237241,0.009798251295654203,0.050420168067226885,0.2051689280167182,0.0,0.0,0.14268132178698864,-0.06248760622972957,0.37815126050420167,0.2133005909790832,0.008131662962364977,0.13445378151260504,0.2243087112101544,0.019139783193436177,0.11764705882352941,0.2051689280167182,0.0,0.0,ATLVFHNL,0.08050582311993465,VAFDFTKV,-0.06248760622972957
235,AV7D-3-CAVQGGRALIF-AJ15_BV1-CTCSADQNSGNTLYF-BJ1-3,14,multi-specific,"['HIYEFPQL', 'RTYTYEKL', 'SNYLFTKL', 'VGPRYTNL', 'VSFTYRYL']",5,"[0.07746478873239437, 0.07746478873239437, 0.1971830985915493, 0.16901408450704225, 0.30281690140845074]",VSFTYRYL,0.30281690140845074,SNYLFTKL,0.1971830985915493,False,"['HIYEFPQL', 'RTYTYEKL', 'SNYLFTKL', 'VGPRYTNL', 'VSFTYRYL']",5,"['ATLVFHNL', 'EEEPVKKI', 'INFDFPKL', 'RAYLFNSV', 'SSYTFPKM', 'SVYVYKVL', 'VAFDFTKV', 'VIVRFLTV']",0.0,0.0,"[0.42857143 0.         0.78571429 0.42857143 0.5        0.78571429
 2.         0.07142857 0.07142857 0.         1.71428571 0.28571429
 3.07142857]",0.2050830909769551,0.2102798574894288,0.005196766512473694,0.04225352112676056,0.2050830909769551,0.0,0.0,0.2094251208931753,0.004342029916220208,0.07746478873239437,0.21300488774322351,0.007921796766268419,0.04225352112676056,0.2500444766750183,0.04496138569806318,0.04929577464788733,0.2369339543867873,0.0318508634098322,0.07746478873239437,0.19040293277963302,-0.014680158197322074,0.1971830985915493,0.21022145594793992,0.005138364970984827,0.007042253521126761,0.20545880624141397,0.00037571526445887016,0.007042253521126761,0.2050830909769551,0.0,0.0,0.23605447823879352,0.03097138726183843,0.16901408450704225,0.20839030258649435,0.0033072116095392567,0.028169014084507043,0.2141423784575532,0.009059287480598116,0.30281690140845074,RTYTYEKL,0.0318508634098322,SNYLFTKL,-0.014680158197322074
236,AV4D-4-CAAEPASSGSWQLIF-AJ22_BV16-CASSLELGSDTQYF-BJ2-5,6,multi-specific,"['ATLVFHNL', 'HIYEFPQL', 'INFDFPKL', 'RAYLFNSV', 'RTYTYEKL', 'SNYLFTKL', 'VAFDFTKV', 'VIVRFLTV', 'VSFTYRYL']",9,"[0.1111111111111111, 0.0925925925925926, 0.07407407407407407, 0.12962962962962965, 0.07407407407407407, 0.16666666666666666, 0.0925925925925926, 0.07407407407407407, 0.1111111111111111]",SNYLFTKL,0.16666666666666666,HIYEFPQL,0.0308641975308642,False,"['ATLVFHNL', 'HIYEFPQL', 'INFDFPKL', 'RAYLFNSV', 'RTYTYEKL', 'SNYLFTKL', 'VAFDFTKV', 'VIVRFLTV', 'VSFTYRYL']",9,"['EEEPVKKI', 'SSYTFPKM', 'SVYVYKVL', 'VGPRYTNL']",0.0,0.0,"[1.         0.         0.83333333 0.66666667 1.16666667 0.66666667
 1.5        0.33333333 0.16666667 0.83333333 0.16666667 0.66666667
 1.        ]",0.20505295155640474,0.2316552946197929,0.026602343063388156,0.1111111111111111,0.20505295155640474,0.0,0.0,0.19800102428023378,-0.007051927276170961,0.0925925925925926,0.2011593314259898,-0.003893620130414943,0.07407407407407407,0.21543773943672556,0.010384787880320823,0.12962962962962965,0.2757345132128931,0.07068156165648837,0.07407407407407407,0.1944180303415058,-0.010634921214898951,0.16666666666666666,0.20750547591437243,0.0024525243579676947,0.037037037037037035,0.20599864206497612,0.0009456905085713785,0.018518518518518517,0.20229206230835392,-0.0027608892480508185,0.0925925925925926,0.20570531574715803,0.0006523641907532907,0.018518518518518517,0.2068585088289509,0.0018055572725461655,0.07407407407407407,0.21437843007568608,0.009325478519281338,0.1111111111111111,RTYTYEKL,0.07068156165648837,SNYLFTKL,-0.010634921214898951
237,AV14-2-CAASVAMGYKLTF-AJ9_BV19-CASSIEERLFF-BJ1-4,7,multi-specific,"['HIYEFPQL', 'INFDFPKL', 'RTYTYEKL', 'SNYLFTKL', 'VIVRFLTV', 'VSFTYRYL']",6,"[0.05172413793103449, 0.06896551724137931, 0.12068965517241381, 0.13793103448275862, 0.24137931034482762, 0.2931034482758621]",VSFTYRYL,0.2931034482758621,VSFTYRYL,0.14655172413793105,True,"['HIYEFPQL', 'INFDFPKL', 'RTYTYEKL', 'SNYLFTKL', 'VIVRFLTV', 'VSFTYRYL']",6,"['ATLVFHNL', 'EEEPVKKI', 'RAYLFNSV', 'SSYTFPKM', 'SVYVYKVL', 'VAFDFTKV', 'VGPRYTNL']",0.0,0.0,"[0.28571429 0.         0.42857143 0.57142857 0.         1.
 1.14285714 0.14285714 0.28571429 0.         0.         2.
 2.42857143]",0.20461643137706417,0.2864630039278898,0.08184657255082564,0.034482758620689655,0.20461643137706417,0.0,0.0,0.274709996705795,0.07009356532873082,0.05172413793103449,0.20699824501195258,0.0023818136348884023,0.06896551724137931,0.20461643137706417,0.0,0.0,0.20852331616945688,0.003906884792392706,0.12068965517241381,0.23173561341262136,0.027119182035557188,0.13793103448275862,0.2141323331371599,0.00951590176009573,0.017241379310344827,0.2061886652422026,0.0015722338651384393,0.034482758620689655,0.20461643137706417,0.0,0.0,0.20461643137706417,0.0,0.0,0.18338515283609405,-0.021231278540970122,0.24137931034482762,0.11430031158028553,-0.09031611979677864,0.2931034482758621,HIYEFPQL,0.07009356532873082,VSFTYRYL,-0.09031611979677864
238,AV14-2-CAASASSGSWQLIF-AJ22_BV13-1-CASSGTGGINQAPLF-BJ1-5,30,multi-specific,"['ATLVFHNL', 'HIYEFPQL', 'INFDFPKL', 'RAYLFNSV', 'RTYTYEKL', 'SNYLFTKL', 'VIVRFLTV', 'VSFTYRYL']",8,"[0.0771513353115727, 0.12759643916913946, 0.06824925816023739, 0.059347181008902065, 0.13353115727002965, 0.19584569732937684, 0.10682492581602372, 0.12462908011869435]",SNYLFTKL,0.19584569732937684,ATLVFHNL,0.0,False,"['ATLVFHNL', 'HIYEFPQL', 'INFDFPKL', 'RAYLFNSV', 'RTYTYEKL', 'SNYLFTKL', 'VIVRFLTV', 'VSFTYRYL']",8,"['EEEPVKKI', 'SSYTFPKM', 'SVYVYKVL', 'VAFDFTKV', 'VGPRYTNL']",0.0,0.0,"[0.86666667 0.         1.43333333 0.76666667 0.66666667 1.5
 2.2        0.43333333 0.23333333 0.26666667 0.26666667 1.2
 1.4       ]",0.20447079217263905,0.22284038722281316,0.018369595050174103,0.0771513353115727,0.20447079217263908,2.7755575615628914e-17,0.0,0.22213569669949648,0.017664904526857428,0.12759643916913946,0.21086678202199813,0.006395989849359074,0.06824925816023739,0.21529459187654915,0.010823799703910092,0.059347181008902065,0.21633123226261702,0.01186044008997797,0.13353115727002965,0.1884209596293113,-0.016049832543327758,0.19584569732937684,0.2053744685168123,0.0009036763441732376,0.03857566765578635,0.21799920683709548,0.013528414664456423,0.020771513353115726,0.23080477263397797,0.02633398046133892,0.023738872403560828,0.21905131599758057,0.014580523824941516,0.023738872403560828,0.22272281003218017,0.018252017859541114,0.10682492581602372,0.22394870062015854,0.019477908447519482,0.12462908011869435,VSFTYRYL,0.019477908447519482,SNYLFTKL,-0.016049832543327758
239,AV13-2-CAMNTGNYKYVF-AJ40_BV5-CASSRQQDTQYF-BJ2-5,20,multi-specific,"['HIYEFPQL', 'RTYTYEKL', 'SNYLFTKL', 'SVYVYKVL', 'VIVRFLTV', 'VSFTYRYL']",6,"[0.09589041095890412, 0.06849315068493152, 0.10045662100456622, 0.11415525114155252, 0.3013698630136986, 0.13698630136986303]",VIVRFLTV,0.3013698630136986,SNYLFTKL,0.10045662100456622,False,"['HIYEFPQL', 'RTYTYEKL', 'SNYLFTKL', 'SVYVYKVL', 'VIVRFLTV', 'VSFTYRYL']",6,"['ATLVFHNL', 'EEEPVKKI', 'INFDFPKL', 'RAYLFNSV', 'SSYTFPKM', 'VAFDFTKV', 'VGPRYTNL']",0.0,0.0,[0.45 0.   1.05 0.45 0.35 0.75 1.1  0.05 1.25 0.4  0.3  3.3  1.5 ],0.20239960108432592,0.22906067252028728,0.02666107143596136,0.04109589041095891,0.20239960108432592,0.0,0.0,0.22726077205231326,0.024861170967987345,0.09589041095890412,0.2217448821419939,0.019345281057667973,0.04109589041095891,0.22309284397841192,0.020693242894086,0.0319634703196347,0.20909356929726877,0.006693968212942852,0.06849315068493152,0.20352241101068008,0.0011228099263541624,0.10045662100456622,0.20314341705312733,0.000743815968801409,0.004566210045662101,0.21059000674593545,0.008190405661609529,0.11415525114155252,0.2052804785161814,0.002880877431855472,0.03652968036529681,0.2133025660368738,0.010902964952547889,0.027397260273972605,0.17901310761024158,-0.023386493474084336,0.3013698630136986,0.21140078067927695,0.009001179594951031,0.13698630136986303,HIYEFPQL,0.024861170967987345,VIVRFLTV,-0.023386493474084336
240,AV6-6-CALGEDYSNNRLTL-AJ7_BV26-CASSHGGRNTLYF-BJ2-4,15,multi-specific,"['ATLVFHNL', 'HIYEFPQL', 'INFDFPKL', 'RAYLFNSV', 'RTYTYEKL', 'SNYLFTKL', 'VIVRFLTV', 'VSFTYRYL']",8,"[0.11518324607329843, 0.08900523560209424, 0.14136125654450263, 0.09947643979057592, 0.05759162303664921, 0.12565445026178013, 0.11518324607329843, 0.16753926701570682]",VSFTYRYL,0.16753926701570682,VSFTYRYL,0.16753926701570682,True,"['ATLVFHNL', 'HIYEFPQL', 'INFDFPKL', 'RAYLFNSV', 'RTYTYEKL', 'SNYLFTKL', 'VIVRFLTV', 'VSFTYRYL']",8,"['EEEPVKKI', 'SSYTFPKM', 'SVYVYKVL', 'VAFDFTKV', 'VGPRYTNL']",0.0,0.0,"[1.46666667 0.         1.13333333 1.8        1.26666667 0.73333333
 1.6        0.06666667 0.6        0.13333333 0.33333333 1.46666667
 2.13333333]",0.2008811528674834,0.22798605121920382,0.02710489835172042,0.11518324607329843,0.2008811528674834,0.0,0.0,0.20201966041907143,0.001138507551588036,0.08900523560209424,0.22918049645230176,0.028299343584818365,0.14136125654450263,0.205837811333493,0.004956658466009595,0.09947643979057592,0.20292649433728785,0.0020453414698044514,0.05759162303664921,0.2247815220115419,0.023900369144058492,0.12565445026178013,0.2110724330967347,0.01019128022925131,0.005235602094240838,0.19805239289595947,-0.002828759971523931,0.04712041884816754,0.20095378180106804,7.262893358464528e-05,0.010471204188481676,0.23037451470543313,0.029493361837949733,0.02617801047120419,0.21333917336768873,0.012458020500205336,0.11518324607329843,0.16522560019637964,-0.03565555267110376,0.16753926701570682,INFDFPKL,0.028299343584818365,VSFTYRYL,-0.03565555267110376
241,AV13-2-CAIDPNTGKLTF-AJ27_BV13-1-CASSDAGTEVFF-BJ1-1,7,multi-specific,"['HIYEFPQL', 'INFDFPKL', 'SNYLFTKL', 'SSYTFPKM', 'VGPRYTNL', 'VIVRFLTV', 'VSFTYRYL']",7,"[0.2068965517241379, 0.0689655172413793, 0.22988505747126434, 0.09195402298850573, 0.11494252873563217, 0.11494252873563217, 0.10344827586206895]",SNYLFTKL,0.22988505747126434,ATLVFHNL,0.0,False,"['HIYEFPQL', 'INFDFPKL', 'SNYLFTKL', 'SSYTFPKM', 'VGPRYTNL', 'VIVRFLTV', 'VSFTYRYL']",7,"['ATLVFHNL', 'EEEPVKKI', 'RAYLFNSV', 'RTYTYEKL', 'SVYVYKVL', 'VAFDFTKV']",0.0,0.0,"[0.14285714 0.         2.57142857 0.85714286 0.14285714 0.
 2.85714286 1.14285714 0.14285714 0.42857143 1.42857143 1.42857143
 1.28571429]",0.20066421917476582,0.20159582894279338,0.0009316097680275581,0.011494252873563216,0.20066421917476573,-8.326672684688674e-17,0.0,0.2752367731698592,0.07457255399509335,0.2068965517241379,0.20400889078763823,0.003344671612872413,0.0689655172413793,0.2007531292575694,8.891008280359491e-05,0.011494252873563216,0.20066421917476573,-8.326672684688674e-17,0.0,0.18264979944186083,-0.01801441973290499,0.22988505747126434,0.20683428699487438,0.006170067820108566,0.09195402298850573,0.2007531292575694,8.891008280359491e-05,0.011494252873563216,0.2014723272113612,0.0008081080365953952,0.03448275862068965,0.2661277734554409,0.0654635542806751,0.11494252873563217,0.2095838450562957,0.008919625881529891,0.11494252873563217,0.27040144888161627,0.06973722970685045,0.10344827586206895,HIYEFPQL,0.07457255399509335,SNYLFTKL,-0.01801441973290499
242,AV14D-3/DV8-CAANYGSSGNKLIF-AJ32_BV1-CTCSAVRVQDTQYF-BJ2-5,15,multi-specific,"['ATLVFHNL', 'INFDFPKL', 'RAYLFNSV', 'RTYTYEKL', 'VAFDFTKV', 'VIVRFLTV', 'VSFTYRYL']",7,"[0.125, 0.0703125, 0.1953125, 0.1640625, 0.078125, 0.09375, 0.21875]",VSFTYRYL,0.21875,RAYLFNSV,0.1953125,False,"['ATLVFHNL', 'INFDFPKL', 'RAYLFNSV', 'RTYTYEKL', 'VAFDFTKV', 'VIVRFLTV', 'VSFTYRYL']",7,"['EEEPVKKI', 'HIYEFPQL', 'SNYLFTKL', 'SSYTFPKM', 'SVYVYKVL', 'VGPRYTNL']",0.0,0.0,"[1.06666667 0.         0.         0.6        1.66666667 1.4
 0.         0.13333333 0.33333333 0.66666667 0.         0.8
 1.86666667]",0.200649071406457,0.24338019158962493,0.04273112018316794,0.125,0.200649071406457,0.0,0.0,0.200649071406457,0.0,0.0,0.24316564344191574,0.04251657203545875,0.0703125,0.1268917524068337,-0.07375731899962329,0.1953125,0.2251492699543344,0.02450019854787741,0.1640625,0.200649071406457,0.0,0.0,0.23151815931514275,0.030869087908685755,0.015625,0.21466171840498438,0.01401264699852739,0.0390625,0.20709937792992364,0.006450306523466648,0.078125,0.200649071406457,0.0,0.0,0.227397975013505,0.026748903607048014,0.09375,0.19832853415956608,-0.002320537246890908,0.21875,ATLVFHNL,0.04273112018316794,RAYLFNSV,-0.07375731899962329
243,AV7-1-CAVKGNNNAPRF-AJ43_BV13-2-CASRLGGYEQYF-BJ2-7,7,multi-specific,"['ATLVFHNL', 'RTYTYEKL', 'SNYLFTKL', 'VGPRYTNL', 'VIVRFLTV', 'VSFTYRYL']",6,"[0.13846153846153847, 0.10769230769230768, 0.30769230769230765, 0.19999999999999998, 0.07692307692307691, 0.13846153846153847]",SNYLFTKL,0.30769230769230765,ATLVFHNL,0.0,False,"['ATLVFHNL', 'RTYTYEKL', 'SNYLFTKL', 'VGPRYTNL', 'VIVRFLTV', 'VSFTYRYL']",6,"['EEEPVKKI', 'HIYEFPQL', 'INFDFPKL', 'RAYLFNSV', 'SSYTFPKM', 'SVYVYKVL', 'VAFDFTKV']",0.0,0.0,"[1.28571429 0.         0.14285714 0.         0.14285714 1.
 2.85714286 0.         0.         0.         1.85714286 0.71428571
 1.28571429]",0.1956212929329279,0.21037609592759873,0.01475480299467083,0.13846153846153847,0.1956212929329279,0.0,0.0,0.19568651645745944,6.522352453153246e-05,0.015384615384615382,0.1956212929329279,0.0,0.0,0.19568651645745944,6.522352453153246e-05,0.015384615384615382,0.22794102837858535,0.032319735445657444,0.10769230769230768,0.20705386489010164,0.011432571957173732,0.30769230769230765,0.1956212929329279,0.0,0.0,0.1956212929329279,0.0,0.0,0.1956212929329279,0.0,0.0,0.21017965765406738,0.014558364721139472,0.19999999999999998,0.27386981010609907,0.07824851717317116,0.07692307692307691,0.23222397681122006,0.03660268387829216,0.13846153846153847,VIVRFLTV,0.07824851717317116,SNYLFTKL,0.011432571957173732
244,AV4D-3-CAAENNYAQGLTF-AJ26_BV1-CTCSADRLNTLYF-BJ2-4,20,multi-specific,"['HIYEFPQL', 'INFDFPKL', 'RTYTYEKL', 'SNYLFTKL', 'VIVRFLTV', 'VSFTYRYL']",6,"[0.13278008298755187, 0.07883817427385892, 0.09128630705394192, 0.20746887966804978, 0.16597510373443983, 0.18257261410788383]",SNYLFTKL,0.20746887966804978,ATLVFHNL,0.0,False,"['HIYEFPQL', 'INFDFPKL', 'RTYTYEKL', 'SNYLFTKL', 'VIVRFLTV', 'VSFTYRYL']",6,"['ATLVFHNL', 'EEEPVKKI', 'RAYLFNSV', 'SSYTFPKM', 'SVYVYKVL', 'VAFDFTKV', 'VGPRYTNL']",0.0,0.0,[0.15 0.   1.6  0.95 0.6  1.1  2.5  0.05 0.55 0.2  0.15 2.   2.2 ],0.19497837772384036,0.21664264191537816,0.021664264191537802,0.012448132780082987,0.19497837772384036,0.0,0.0,0.22269566559814596,0.027717287874305607,0.13278008298755187,0.1970703564208758,0.0020919786970354515,0.07883817427385892,0.19542340472149383,0.00044502699765347487,0.04979253112033195,0.2108707915935338,0.01589241386969345,0.09128630705394192,0.19499299798759662,1.46202637562598e-05,0.20746887966804978,0.19499042450305223,1.2046779211877245e-05,0.004149377593360996,0.2237803598676977,0.028801982143857346,0.04564315352697096,0.2161548480559245,0.02117647033208414,0.016597510373443983,0.1955610318894768,0.000582654165636437,0.012448132780082987,0.21593119853011003,0.020952820806269673,0.16597510373443983,0.1823878814109118,-0.01259049631292855,0.18257261410788383,HIYEFPQL,0.027717287874305607,VSFTYRYL,-0.01259049631292855
245,AV13N-1-CAMERSNNRIFF-AJ31_BV2-CASSQDRRGGEQYF-BJ2-7,34,multi-specific,"['ATLVFHNL', 'HIYEFPQL', 'RAYLFNSV', 'RTYTYEKL', 'SNYLFTKL', 'SVYVYKVL', 'VIVRFLTV', 'VSFTYRYL']",8,"[0.0661764705882353, 0.15441176470588236, 0.08455882352941177, 0.08455882352941177, 0.125, 0.09558823529411764, 0.1213235294117647, 0.14705882352941177]",HIYEFPQL,0.15441176470588236,ATLVFHNL,0.0,False,"['ATLVFHNL', 'HIYEFPQL', 'RAYLFNSV', 'RTYTYEKL', 'SNYLFTKL', 'SVYVYKVL', 'VIVRFLTV', 'VSFTYRYL']",8,"['EEEPVKKI', 'INFDFPKL', 'SSYTFPKM', 'VAFDFTKV', 'VGPRYTNL']",0.0,0.0,"[0.52941176 0.         1.23529412 0.35294118 0.67647059 0.67647059
 1.         0.05882353 0.76470588 0.23529412 0.32352941 0.97058824
 1.17647059]",0.19485901482656787,0.19247854367414743,-0.0023804711524204325,0.0661764705882353,0.19485901482656787,0.0,0.0,0.19740722216093998,0.00254820733437211,0.15441176470588236,0.19906310624749834,0.004204091420930478,0.04411764705882353,0.19876771574614616,0.00390870091957829,0.08455882352941177,0.21094693500476633,0.01608792017819846,0.08455882352941177,0.19803573959978393,0.0031767247732160664,0.125,0.19688088235134005,0.0020218675247721807,0.007352941176470588,0.20540447267940423,0.010545457852836365,0.09558823529411764,0.20746974438845484,0.012610729561886969,0.029411764705882353,0.20369962476775885,0.008840609941190986,0.04044117647058824,0.20987565493358468,0.01501664010701681,0.1213235294117647,0.20538883757237122,0.010529822745803358,0.14705882352941177,RTYTYEKL,0.01608792017819846,ATLVFHNL,-0.0023804711524204325
246,AV14D-1-CAASDSGYNKLTF-AJ11_BV5-CASSQGQANTGQLYF-BJ2-2,11,multi-specific,"['ATLVFHNL', 'HIYEFPQL', 'RTYTYEKL', 'SNYLFTKL', 'VIVRFLTV', 'VSFTYRYL']",6,"[0.05970149253731344, 0.1044776119402985, 0.208955223880597, 0.2537313432835821, 0.11940298507462688, 0.14925373134328357]",SNYLFTKL,0.2537313432835821,ATLVFHNL,0.0,False,"['ATLVFHNL', 'HIYEFPQL', 'RTYTYEKL', 'SNYLFTKL', 'VIVRFLTV', 'VSFTYRYL']",6,"['EEEPVKKI', 'INFDFPKL', 'RAYLFNSV', 'SSYTFPKM', 'SVYVYKVL', 'VAFDFTKV', 'VGPRYTNL']",0.0,0.0,"[0.36363636 0.         0.63636364 0.18181818 0.09090909 1.27272727
 1.54545455 0.09090909 0.27272727 0.         0.         0.72727273
 0.90909091]",0.1944445775973693,0.19634112048057453,0.0018965428832052322,0.05970149253731344,0.1944445775973693,0.0,0.0,0.23553115161126803,0.04108657401389873,0.1044776119402985,0.19480447202012405,0.00035989442275474737,0.02985074626865672,0.1953460012313092,0.0009014236339399129,0.01492537313432836,0.1801254099157978,-0.014319167681571487,0.208955223880597,0.16274444897806736,-0.03170012861930194,0.2537313432835821,0.20482530557400394,0.01038072797663464,0.01492537313432836,0.23251456616985938,0.03806998857249008,0.04477611940298507,0.1944445775973693,0.0,0.0,0.1944445775973693,0.0,0.0,0.21188215023752596,0.017437572640156662,0.11940298507462688,0.21567528673806965,0.021230709140700355,0.14925373134328357,HIYEFPQL,0.04108657401389873,SNYLFTKL,-0.03170012861930194
247,AV9-4-CAVSGNYNVLYF-AJ21_BV13-1-CASRTGGHEQYF-BJ2-7,130,multi-specific,"['ATLVFHNL', 'HIYEFPQL', 'INFDFPKL', 'RAYLFNSV', 'RTYTYEKL', 'SNYLFTKL', 'SVYVYKVL', 'VGPRYTNL', 'VIVRFLTV', 'VSFTYRYL']",10,"[0.060026385224274406, 0.1062005277044855, 0.06728232189973615, 0.14643799472295516, 0.07387862796833773, 0.11345646437994723, 0.06266490765171503, 0.052110817941952506, 0.1345646437994723, 0.12862796833773088]",RAYLFNSV,0.14643799472295516,ATLVFHNL,0.0,False,"['ATLVFHNL', 'HIYEFPQL', 'INFDFPKL', 'RAYLFNSV', 'RTYTYEKL', 'SNYLFTKL', 'SVYVYKVL', 'VGPRYTNL', 'VIVRFLTV', 'VSFTYRYL']",10,"['EEEPVKKI', 'SSYTFPKM', 'VAFDFTKV']",0.0,0.0,"[0.7        0.         1.23846154 0.78461538 1.70769231 0.86153846
 1.32307692 0.26153846 0.73076923 0.37692308 0.60769231 1.56923077
 1.5       ]",0.19426257226684404,0.20077804489383072,0.006515472626986679,0.060026385224274406,0.19426257226684404,0.0,0.0,0.20382570613936923,0.009563133872525192,0.1062005277044855,0.2024207094479407,0.008158137181096647,0.06728232189973615,0.19509397960545366,0.0008314073386096188,0.14643799472295516,0.20060961703184654,0.006347044765002502,0.07387862796833773,0.20227380077740653,0.00801122851056249,0.11345646437994723,0.1991575623524041,0.004894990085560047,0.022427440633245387,0.2011324560251501,0.00686988375830605,0.06266490765171503,0.19827015244245547,0.004007580175611425,0.032321899736147755,0.20119895100168783,0.00693637873484379,0.052110817941952506,0.2084201879550097,0.014157615688165648,0.1345646437994723,0.20020094162223792,0.00593836935539388,0.12862796833773088,VIVRFLTV,0.014157615688165648,RAYLFNSV,0.0008314073386096188
248,AV8-1-CATDYDTNAYKVIF-AJ30_BV13-2-CASGDPIRNERLFF-BJ1-4,8,multi-specific,"['ATLVFHNL', 'HIYEFPQL', 'RTYTYEKL', 'SNYLFTKL', 'SVYVYKVL', 'VGPRYTNL', 'VIVRFLTV', 'VSFTYRYL']",8,"[0.07954545454545454, 0.056818181818181816, 0.10227272727272728, 0.2727272727272727, 0.056818181818181816, 0.07954545454545454, 0.14772727272727273, 0.17045454545454544]",SNYLFTKL,0.2727272727272727,HIYEFPQL,0.056818181818181816,False,"['ATLVFHNL', 'HIYEFPQL', 'RTYTYEKL', 'SNYLFTKL', 'SVYVYKVL', 'VGPRYTNL', 'VIVRFLTV', 'VSFTYRYL']",8,"['EEEPVKKI', 'INFDFPKL', 'RAYLFNSV', 'SSYTFPKM', 'VAFDFTKV']",0.0,0.0,"[0.875 0.    0.625 0.25  0.    1.125 3.    0.125 0.625 0.    0.875 1.625
 1.875]",0.1942146997603683,0.1934374840759734,-0.0007772156843948996,0.07954545454545454,0.1942146997603683,0.0,0.0,0.19239334264728325,-0.001821357113085037,0.056818181818181816,0.2589529330138244,0.0647382332534561,0.022727272727272728,0.1942146997603683,0.0,0.0,0.2007906994909015,0.006575999730533216,0.10227272727272728,0.1971429177571258,0.0029282179967575206,0.2727272727272727,0.19532585055161564,0.0011111507912473506,0.011363636363636364,0.19735991538111677,0.003145215620748487,0.056818181818181816,0.1942146997603683,0.0,0.0,0.20073509467693568,0.00652039491656739,0.07954545454545454,0.22335256262049427,0.029137862860125985,0.14772727272727273,0.18135785038051477,-0.012856849379853513,0.17045454545454544,VIVRFLTV,0.029137862860125985,VSFTYRYL,-0.012856849379853513
249,AV8D-2-CATDDQGGRALIF-AJ15_BV19-CASSIGTSQNTLYF-BJ2-4,9,multi-specific,"['ATLVFHNL', 'RTYTYEKL', 'SNYLFTKL', 'SVYVYKVL', 'VIVRFLTV', 'VSFTYRYL']",6,"[0.10256410256410255, 0.05128205128205127, 0.33333333333333326, 0.1282051282051282, 0.08974358974358973, 0.15384615384615383]",SNYLFTKL,0.33333333333333326,SNYLFTKL,0.16666666666666663,True,"['ATLVFHNL', 'RTYTYEKL', 'SNYLFTKL', 'SVYVYKVL', 'VIVRFLTV', 'VSFTYRYL']",6,"['EEEPVKKI', 'HIYEFPQL', 'INFDFPKL', 'RAYLFNSV', 'SSYTFPKM', 'VAFDFTKV', 'VGPRYTNL']",0.0,0.0,"[0.88888889 0.         0.33333333 0.33333333 0.11111111 0.44444444
 2.88888889 0.22222222 1.11111111 0.22222222 0.         0.77777778
 1.33333333]",0.19254817194535023,0.223470661274592,0.03092248932924177,0.10256410256410255,0.19254817194535023,0.0,0.0,0.1933890764782816,0.0008409045329313691,0.03846153846153846,0.1932350112996125,0.0006868393542622808,0.03846153846153846,0.19367857516263343,0.0011304032172831935,0.012820512820512818,0.20059318215818164,0.00804501021283141,0.05128205128205127,0.18890343269620424,-0.0036447392491459896,0.33333333333333326,0.1967125007865128,0.004164328841162579,0.025641025641025637,0.24051266948034059,0.04796449753499035,0.1282051282051282,0.24756193535830745,0.05501376341295722,0.025641025641025637,0.19254817194535023,0.0,0.0,0.21199615649228465,0.019447984546934416,0.08974358974358973,0.18621535169592038,-0.006332820249429855,0.15384615384615383,SVYVYKVL,0.04796449753499035,VSFTYRYL,-0.006332820249429855
250,AV13-2-CAIDPNTNKVVF-AJ34_BV31-CAWSLLGSQNTLYF-BJ2-4,19,multi-specific,"['ATLVFHNL', 'RAYLFNSV', 'SNYLFTKL', 'SVYVYKVL', 'VIVRFLTV', 'VSFTYRYL']",6,"[0.15328467153284672, 0.0875912408759124, 0.1970802919708029, 0.1313868613138686, 0.145985401459854, 0.0875912408759124]",SNYLFTKL,0.1970802919708029,ATLVFHNL,0.0,False,"['ATLVFHNL', 'RAYLFNSV', 'SNYLFTKL', 'SVYVYKVL', 'VIVRFLTV', 'VSFTYRYL']",6,"['EEEPVKKI', 'HIYEFPQL', 'INFDFPKL', 'RTYTYEKL', 'SSYTFPKM', 'VAFDFTKV', 'VGPRYTNL']",0.0,0.0,"[1.10526316 0.         0.31578947 0.21052632 0.63157895 0.31578947
 1.42105263 0.26315789 0.94736842 0.05263158 0.26315789 1.05263158
 0.63157895]",0.19232123076800453,0.2112428574455986,0.01892162667759406,0.15328467153284672,0.19232123076800453,0.0,0.0,0.19327844057579904,0.0009572098077945124,0.0437956204379562,0.21320285942706907,0.02088162865906454,0.0291970802919708,0.20044751836910812,0.008126287601103593,0.0875912408759124,0.2137371808085442,0.021415950040539672,0.0437956204379562,0.19360362427522873,0.0012823935072241999,0.1970802919708029,0.19782039327987894,0.005499162511874406,0.0364963503649635,0.2146578319115252,0.02233660114352068,0.1313868613138686,0.19572823082544477,0.0034070000574402404,0.0072992700729927,0.1994379887712884,0.007116758003283874,0.0364963503649635,0.19583164424119587,0.0035104134731913372,0.145985401459854,0.21049919178706866,0.01817796101906413,0.0875912408759124,SVYVYKVL,0.02233660114352068,SNYLFTKL,0.0012823935072241999
251,AV3-3-CAVSRNTEGADRLTF-AJ45_BV17-CASSRDRADTQYF-BJ2-5,10,multi-specific,"['HIYEFPQL', 'INFDFPKL', 'RAYLFNSV', 'RTYTYEKL', 'SVYVYKVL', 'VIVRFLTV', 'VSFTYRYL']",7,"[0.055555555555555566, 0.055555555555555566, 0.12500000000000003, 0.15277777777777782, 0.09722222222222222, 0.06944444444444445, 0.43055555555555564]",VSFTYRYL,0.43055555555555564,VSFTYRYL,0.8611111111111113,True,"['HIYEFPQL', 'INFDFPKL', 'RAYLFNSV', 'RTYTYEKL', 'SVYVYKVL', 'VIVRFLTV', 'VSFTYRYL']",7,"['ATLVFHNL', 'EEEPVKKI', 'SNYLFTKL', 'SSYTFPKM', 'VAFDFTKV', 'VGPRYTNL']",0.0,0.0,[0.  0.  0.4 0.4 0.9 1.1 0.  0.  0.7 0.  0.1 0.5 3.1],0.19171257669159478,0.19171257669159478,0.0,0.0,0.19171257669159478,0.0,0.0,0.19395282552885007,0.002240248837255293,0.055555555555555566,0.19887847958980093,0.00716590289820615,0.055555555555555566,0.24322249718672623,0.05150992049513145,0.12500000000000003,0.1834572791072233,-0.00825529758437149,0.15277777777777782,0.19171257669159478,0.0,0.0,0.19171257669159478,0.0,0.0,0.23964072086449345,0.04792814417289867,0.09722222222222222,0.19171257669159478,0.0,0.0,0.23964072086449345,0.04792814417289867,0.013888888888888892,0.19407135559223326,0.0023587789006384863,0.06944444444444445,0.11197683851244082,-0.07973573817915396,0.43055555555555564,RAYLFNSV,0.05150992049513145,VSFTYRYL,-0.07973573817915396
252,AV14-3-CAASAGSGGKLTL-AJ44_BV3-CASSLDFGQNTLYF-BJ2-4,33,multi-specific,"['ATLVFHNL', 'HIYEFPQL', 'RAYLFNSV', 'RTYTYEKL', 'SNYLFTKL', 'SVYVYKVL', 'VGPRYTNL', 'VIVRFLTV', 'VSFTYRYL']",9,"[0.07492795389048991, 0.10951008645533142, 0.06051873198847262, 0.0893371757925072, 0.10662824207492794, 0.10374639769452448, 0.06628242074927954, 0.0893371757925072, 0.2276657060518732]",VSFTYRYL,0.2276657060518732,ATLVFHNL,0.0,False,"['ATLVFHNL', 'HIYEFPQL', 'RAYLFNSV', 'RTYTYEKL', 'SNYLFTKL', 'SVYVYKVL', 'VGPRYTNL', 'VIVRFLTV', 'VSFTYRYL']",9,"['EEEPVKKI', 'INFDFPKL', 'SSYTFPKM', 'VAFDFTKV']",0.0,0.0,"[0.78787879 0.         1.15151515 0.15151515 0.63636364 0.93939394
 1.12121212 0.45454545 1.09090909 0.15151515 0.6969697  0.93939394
 2.39393939]",0.19044925920936204,0.21838385199442792,0.02793459278506588,0.07492795389048991,0.19044925920936204,0.0,0.0,0.20602068972047946,0.015571430511117423,0.10951008645533142,0.19081860947968013,0.00036935027031809176,0.01440922190201729,0.19519498589583606,0.004745726686474022,0.06051873198847262,0.19870334446153534,0.008254085252173304,0.0893371757925072,0.21229119941391222,0.021841940204550186,0.10662824207492794,0.20959875982162612,0.019149500612264087,0.04322766570605187,0.20586926944988468,0.015420010240522641,0.10374639769452448,0.19104984990864404,0.0006005906992820054,0.01440922190201729,0.19155778760688522,0.0011085283975231786,0.06628242074927954,0.20320772881160323,0.012758469602241196,0.0893371757925072,0.15771724289941805,-0.03273201630994399,0.2276657060518732,ATLVFHNL,0.02793459278506588,VSFTYRYL,-0.03273201630994399
253,AV7D-3-CAGQGGRALIF-AJ15_BV1-CTCSADQNSGNTLYF-BJ1-3,46,multi-specific,"['ATLVFHNL', 'HIYEFPQL', 'INFDFPKL', 'RAYLFNSV', 'RTYTYEKL', 'SNYLFTKL', 'SVYVYKVL', 'VIVRFLTV', 'VSFTYRYL']",9,"[0.07213114754098361, 0.21147540983606558, 0.05081967213114754, 0.05081967213114754, 0.06393442622950819, 0.08032786885245903, 0.05573770491803279, 0.13934426229508198, 0.14754098360655737]",HIYEFPQL,0.21147540983606558,ATLVFHNL,0.0,False,"['ATLVFHNL', 'HIYEFPQL', 'INFDFPKL', 'RAYLFNSV', 'RTYTYEKL', 'SNYLFTKL', 'SVYVYKVL', 'VIVRFLTV', 'VSFTYRYL']",9,"['EEEPVKKI', 'SSYTFPKM', 'VAFDFTKV', 'VGPRYTNL']",0.0,0.0,"[0.95652174 0.         2.80434783 0.67391304 0.67391304 0.84782609
 1.06521739 0.54347826 0.73913043 0.54347826 0.60869565 1.84782609
 1.95652174]",0.1899576587178922,0.2059225411388175,0.015964882420925308,0.07213114754098361,0.18995765871789222,2.7755575615628914e-17,0.0,0.19985839295025176,0.00990073423235957,0.21147540983606558,0.21049942681132877,0.02054176809343658,0.05081967213114754,0.19805216361780117,0.008094504899908983,0.05081967213114754,0.19686429365627303,0.00690663493838084,0.06393442622950819,0.19931172888463716,0.009354070166744971,0.08032786885245903,0.19205079015836343,0.002093131440471241,0.040983606557377046,0.19395139000753595,0.003993731289643754,0.05573770491803279,0.19178674593626713,0.0018290872183749363,0.040983606557377046,0.19621501034715694,0.006257351629264746,0.0459016393442623,0.20266555543474007,0.012707896716847883,0.13934426229508198,0.19512247444721867,0.005164815729326477,0.14754098360655737,INFDFPKL,0.02054176809343658,SVYVYKVL,0.003993731289643754
254,AV8N-2-CATENYGSSGNKLIF-AJ32_BV3-CASSLGREYTQYF-BJ2-5,16,multi-specific,"['ATLVFHNL', 'HIYEFPQL', 'SNYLFTKL', 'SSYTFPKM', 'SVYVYKVL', 'VIVRFLTV', 'VSFTYRYL']",7,"[0.2471264367816092, 0.16091954022988506, 0.16666666666666666, 0.05172413793103448, 0.05747126436781609, 0.09770114942528736, 0.1206896551724138]",ATLVFHNL,0.2471264367816092,ATLVFHNL,0.0,True,"['ATLVFHNL', 'HIYEFPQL', 'SNYLFTKL', 'SSYTFPKM', 'SVYVYKVL', 'VIVRFLTV', 'VSFTYRYL']",7,"['EEEPVKKI', 'INFDFPKL', 'RAYLFNSV', 'RTYTYEKL', 'VAFDFTKV', 'VGPRYTNL']",0.0,0.0,"[2.6875 0.     1.75   0.1875 0.0625 0.125  1.8125 0.5625 0.625  0.3125
 0.375  1.0625 1.3125]",0.1889414827017747,0.22237836643505546,0.03343688373328077,0.2471264367816092,0.1889414827017747,0.0,0.0,0.20845028448530722,0.019508801783532537,0.16091954022988506,0.18910668503763126,0.00016520233585656796,0.017241379310344827,0.18907654750544148,0.00013506480366679008,0.005747126436781609,0.21508093617924992,0.026139453477475233,0.011494252873563218,0.1997938269299371,0.01085234422816242,0.16666666666666666,0.19819996226796507,0.009258479566190386,0.05172413793103448,0.2125267547469824,0.023585272045207717,0.05747126436781609,0.18929198439869682,0.0003505016969221342,0.028735632183908046,0.1911443923356158,0.0022029096338411214,0.034482758620689655,0.2198247091930551,0.03088322649128042,0.09770114942528736,0.18604550268571388,-0.002895980016060812,0.1206896551724138,ATLVFHNL,0.03343688373328077,VSFTYRYL,-0.002895980016060812
255,AV9D-2-CVLSDNYAQGLTF-AJ26_BV1-CTCSAGLGEGAETLYF-BJ2-3,6,multi-specific,"['ATLVFHNL', 'HIYEFPQL', 'INFDFPKL', 'RAYLFNSV', 'RTYTYEKL', 'SNYLFTKL', 'SSYTFPKM', 'SVYVYKVL', 'VGPRYTNL']",9,"[0.09411764705882353, 0.07058823529411765, 0.12941176470588237, 0.18823529411764706, 0.07058823529411765, 0.07058823529411765, 0.15294117647058822, 0.07058823529411765, 0.09411764705882353]",RAYLFNSV,0.18823529411764706,ATLVFHNL,0.09411764705882353,False,"['ATLVFHNL', 'HIYEFPQL', 'INFDFPKL', 'RAYLFNSV', 'RTYTYEKL', 'SNYLFTKL', 'SSYTFPKM', 'SVYVYKVL', 'VGPRYTNL']",9,"['EEEPVKKI', 'VAFDFTKV', 'VIVRFLTV', 'VSFTYRYL']",0.0,0.0,"[1.33333333 0.         1.         1.83333333 2.66666667 1.
 1.         2.16666667 1.         0.16666667 1.33333333 0.
 0.66666667]",0.18825877486449968,0.18564691957896418,-0.002611855285535508,0.09411764705882353,0.18825877486449968,0.0,0.0,0.19273930976962866,0.00448053490512898,0.07058823529411765,0.17365256053947775,-0.014606214325021932,0.12941176470588237,0.19224446595399314,0.003985691089493454,0.18823529411764706,0.1891205028646762,0.0008617280001765038,0.07058823529411765,0.19273930976962864,0.004480534905128952,0.07058823529411765,0.19017895377476776,0.0019201789102680777,0.15294117647058822,0.2077849894520632,0.019526214587563512,0.07058823529411765,0.18837276344711598,0.00011398858261629785,0.011764705882352941,0.2116774841780948,0.023418709313595104,0.09411764705882353,0.18825877486449968,0.0,0.0,0.19695606845458086,0.008697293590081173,0.047058823529411764,VGPRYTNL,0.023418709313595104,INFDFPKL,-0.014606214325021932
256,AV6-3-CAMIPYTGNYKYVF-AJ40_BV31-CAWSRLGVQNTLYF-BJ2-4,6,multi-specific,"['ATLVFHNL', 'SNYLFTKL', 'SSYTFPKM', 'VAFDFTKV', 'VSFTYRYL']",5,"[0.2727272727272727, 0.3409090909090909, 0.06818181818181818, 0.06818181818181818, 0.1590909090909091]",SNYLFTKL,0.3409090909090909,SNYLFTKL,0.3409090909090909,True,"['ATLVFHNL', 'SNYLFTKL', 'SSYTFPKM', 'VAFDFTKV', 'VSFTYRYL']",5,"['EEEPVKKI', 'HIYEFPQL', 'INFDFPKL', 'RAYLFNSV', 'RTYTYEKL', 'SVYVYKVL', 'VGPRYTNL', 'VIVRFLTV']",0.0,0.0,"[2.         0.         0.16666667 0.         0.16666667 0.16666667
 2.5        0.5        0.         0.5        0.16666667 0.
 1.16666667]",0.18810593994861513,0.33616976265776777,0.14806382270915264,0.2727272727272727,0.18810593994861513,0.0,0.0,0.19109213259749147,0.00298619264887634,0.022727272727272724,0.18810593994861513,0.0,0.0,0.18810593994861513,0.0,0.022727272727272724,0.19046635354369731,0.0023604135950821836,0.022727272727272724,0.1280238657744563,-0.06008207417415884,0.3409090909090909,0.19010939904865343,0.002003459100038296,0.06818181818181818,0.18810593994861513,0.0,0.0,0.18810593994861513,0.0,0.06818181818181818,0.18831822444839177,0.00021228449977664376,0.022727272727272724,0.18810593994861513,0.0,0.0,0.1752720378427935,-0.012833902105821637,0.1590909090909091,ATLVFHNL,0.14806382270915264,SNYLFTKL,-0.06008207417415884
257,AV7-3-CAVSGQGGRALIF-AJ15_BV19-CASSPGHANTEVFF-BJ1-1,7,multi-specific,"['ATLVFHNL', 'HIYEFPQL', 'SNYLFTKL', 'VAFDFTKV', 'VIVRFLTV', 'VSFTYRYL']",6,"[0.08620689655172413, 0.2068965517241379, 0.2068965517241379, 0.051724137931034475, 0.17241379310344826, 0.1896551724137931]",HIYEFPQL,0.2068965517241379,HIYEFPQL,0.10344827586206895,True,"['ATLVFHNL', 'HIYEFPQL', 'SNYLFTKL', 'VAFDFTKV', 'VIVRFLTV', 'VSFTYRYL']",6,"['EEEPVKKI', 'INFDFPKL', 'RAYLFNSV', 'RTYTYEKL', 'SSYTFPKM', 'SVYVYKVL', 'VGPRYTNL']",0.0,0.0,"[0.71428571 0.         1.71428571 0.14285714 0.14285714 0.14285714
 1.71428571 0.         0.28571429 0.42857143 0.         1.42857143
 1.57142857]",0.18798723365058043,0.21728636427832212,0.0292991306277417,0.08620689655172413,0.18798723365058043,0.0,0.0,0.18350425076154667,-0.00448298288903376,0.2068965517241379,0.18992272825206363,0.0019354946014832064,0.017241379310344824,0.1883193703182113,0.0003321366676308779,0.017241379310344824,0.1883193703182113,0.0003321366676308779,0.017241379310344824,0.22427870378381054,0.036291470133230114,0.2068965517241379,0.18798723365058043,0.0,0.0,0.2561935585204965,0.0682063248699161,0.03448275862068965,0.19122087086910666,0.0032336372185262363,0.051724137931034475,0.18798723365058043,0.0,0.0,0.20474531203765634,0.01675807838707591,0.17241379310344826,0.25241306378834927,0.06442583013776884,0.1896551724137931,VSFTYRYL,0.06442583013776884,HIYEFPQL,-0.00448298288903376
258,AV8D-2-CATDGQGGRALIF-AJ15_BV1-CTCSGTGGDEQYF-BJ2-7,41,multi-specific,"['ATLVFHNL', 'HIYEFPQL', 'RTYTYEKL', 'SNYLFTKL', 'SVYVYKVL', 'VIVRFLTV', 'VSFTYRYL']",7,"[0.11556603773584904, 0.14386792452830188, 0.10613207547169812, 0.18396226415094338, 0.06367924528301887, 0.07311320754716981, 0.15330188679245282]",SNYLFTKL,0.18396226415094338,ATLVFHNL,0.0,False,"['ATLVFHNL', 'HIYEFPQL', 'RTYTYEKL', 'SNYLFTKL', 'SVYVYKVL', 'VIVRFLTV', 'VSFTYRYL']",7,"['EEEPVKKI', 'INFDFPKL', 'RAYLFNSV', 'SSYTFPKM', 'VAFDFTKV', 'VGPRYTNL']",0.0,0.0,"[1.19512195 0.         1.48780488 0.51219512 0.41463415 1.09756098
 1.90243902 0.14634146 0.65853659 0.43902439 0.14634146 0.75609756
 1.58536585]",0.18781935110098305,0.18989646190594417,0.0020771108049611187,0.11556603773584904,0.18781935110098305,0.0,0.0,0.1922450090429157,0.0044256579419326425,0.14386792452830188,0.2024019162067565,0.014582565105773437,0.049528301886792456,0.1974676254040473,0.009648274303064253,0.04009433962264151,0.1947982198481497,0.006978868747166661,0.10613207547169812,0.18165958669798615,-0.006159764402996898,0.18396226415094338,0.19262291833957615,0.004803567238593098,0.014150943396226414,0.20096748789767915,0.013148136796696103,0.06367924528301887,0.21238217100921664,0.024562819908233585,0.04245283018867924,0.19098786990954256,0.003168518808559506,0.014150943396226414,0.19965068004378209,0.011831328942799035,0.07311320754716981,0.19255030052674227,0.004730949425759218,0.15330188679245282,SVYVYKVL,0.013148136796696103,SNYLFTKL,-0.006159764402996898
259,AV16-CAMREGQGGSAKLIF-AJ57_BV16-CASSLVWGQGSSYEQYF-BJ2-7,17,multi-specific,"['ATLVFHNL', 'HIYEFPQL', 'RTYTYEKL', 'SNYLFTKL', 'SVYVYKVL', 'VIVRFLTV', 'VSFTYRYL']",7,"[0.08904109589041095, 0.11643835616438357, 0.15753424657534248, 0.15068493150684933, 0.0958904109589041, 0.15753424657534248, 0.19863013698630136]",VSFTYRYL,0.19863013698630136,ATLVFHNL,0.0,False,"['ATLVFHNL', 'HIYEFPQL', 'RTYTYEKL', 'SNYLFTKL', 'SVYVYKVL', 'VIVRFLTV', 'VSFTYRYL']",7,"['EEEPVKKI', 'INFDFPKL', 'RAYLFNSV', 'SSYTFPKM', 'VAFDFTKV', 'VGPRYTNL']",0.0,0.0,"[0.76470588 0.         1.         0.05882353 0.05882353 1.35294118
 1.29411765 0.         0.82352941 0.17647059 0.         1.35294118
 1.70588235]",0.18741600306038092,0.1988731183395307,0.011457115279149777,0.08904109589041095,0.18741600306038092,0.0,0.0,0.21253320139563672,0.025117198335255803,0.11643835616438357,0.18766445385574546,0.0002484507953645354,0.006849315068493151,0.18745910941944413,4.310635906321081e-05,0.006849315068493151,0.22235029576709145,0.03493429270671053,0.15753424657534248,0.19203533296082229,0.004619329900441366,0.15068493150684933,0.18741600306038092,0.0,0.0,0.19840660374298935,0.010990600682608431,0.0958904109589041,0.21204689896330456,0.02463089590292364,0.020547945205479454,0.18741600306038092,0.0,0.0,0.1824195490681832,-0.004996453992197725,0.15753424657534248,0.16817999379401236,-0.019236009266368564,0.19863013698630136,RTYTYEKL,0.03493429270671053,VSFTYRYL,-0.019236009266368564
260,AV7-4-CAASERGASSSFSKLVF-AJ50_BV1-CTCSATNNQAPLF-BJ1-5,8,multi-specific,"['ATLVFHNL', 'RTYTYEKL', 'SNYLFTKL', 'SVYVYKVL', 'VIVRFLTV', 'VSFTYRYL']",6,"[0.07407407407407407, 0.12962962962962962, 0.2037037037037037, 0.18518518518518517, 0.2037037037037037, 0.1111111111111111]",SNYLFTKL,0.2037037037037037,VSFTYRYL,0.2222222222222222,False,"['ATLVFHNL', 'RTYTYEKL', 'SNYLFTKL', 'SVYVYKVL', 'VIVRFLTV', 'VSFTYRYL']",6,"['EEEPVKKI', 'HIYEFPQL', 'INFDFPKL', 'RAYLFNSV', 'SSYTFPKM', 'VAFDFTKV', 'VGPRYTNL']",0.0,0.0,"[0.5   0.    0.125 0.    0.25  0.875 1.375 0.125 1.25  0.125 0.    1.375
 0.75 ]",0.1863121810149906,0.2811160712279825,0.09480389021299188,0.07407407407407407,0.1863121810149906,0.0,0.0,0.1879347094539279,0.0016225284389372874,0.018518518518518517,0.1863121810149906,0.0,0.0,0.19002198661381878,0.003709805598828164,0.037037037037037035,0.2230056166621652,0.03669343564717459,0.12962962962962962,0.18950542918733954,0.0031932481723489226,0.2037037037037037,0.19228811313567826,0.005975932120687644,0.018518518518518517,0.17600368808634376,-0.010308492928646856,0.18518518518518517,0.18750221322758628,0.0011900322125956708,0.018518518518518517,0.1863121810149906,0.0,0.0,0.17779861468267447,-0.008513566332316147,0.2037037037037037,0.19344282179852154,0.007130640783530928,0.1111111111111111,ATLVFHNL,0.09480389021299188,SVYVYKVL,-0.010308492928646856
261,AV15D-2/DV6D-2-CALSELRDRGSALGRLHF-AJ18_BV4-CASSPTGKVFF-BJ1-1,6,multi-specific,"['ATLVFHNL', 'HIYEFPQL', 'INFDFPKL', 'SNYLFTKL', 'VAFDFTKV', 'VIVRFLTV', 'VSFTYRYL']",7,"[0.07547169811320756, 0.07547169811320756, 0.09433962264150945, 0.20754716981132076, 0.11320754716981134, 0.28301886792452835, 0.05660377358490567]",VIVRFLTV,0.28301886792452835,INFDFPKL,0.09433962264150945,False,"['ATLVFHNL', 'HIYEFPQL', 'INFDFPKL', 'SNYLFTKL', 'VAFDFTKV', 'VIVRFLTV', 'VSFTYRYL']",7,"['EEEPVKKI', 'RAYLFNSV', 'RTYTYEKL', 'SSYTFPKM', 'SVYVYKVL', 'VGPRYTNL']",0.0,0.0,"[0.66666667 0.         0.66666667 0.83333333 0.33333333 0.16666667
 1.83333333 0.16666667 0.         1.         0.16666667 2.5
 0.5       ]",0.18529904230299765,0.1798506508727004,-0.005448391430297239,0.07547169811320756,0.18529904230299765,0.0,0.0,0.1798506508727004,-0.005448391430297239,0.07547169811320756,0.13435794986680977,-0.050941092436187885,0.09433962264150945,0.18999599655324315,0.004696954250245494,0.03773584905660378,0.18640152671375115,0.0011024844107535015,0.01886792452830189,0.22385302587499184,0.03855398357199419,0.20754716981132076,0.18544624459227574,0.00014720228927808665,0.01886792452830189,0.18529904230299765,0.0,0.0,0.20044933023375602,0.015150287930758372,0.11320754716981134,0.21324189891884965,0.027942856615851996,0.01886792452830189,0.20146250960962314,0.01616346730662549,0.28301886792452835,0.18794934220117768,0.002650299898180025,0.05660377358490567,SNYLFTKL,0.03855398357199419,INFDFPKL,-0.050941092436187885
262,AV14-2-CAADNNNAPRF-AJ43_BV12-1-CASSLGQANTGQLYF-BJ2-2,8,multi-specific,"['ATLVFHNL', 'RAYLFNSV', 'RTYTYEKL', 'SNYLFTKL', 'SVYVYKVL', 'VIVRFLTV', 'VSFTYRYL']",7,"[0.15, 0.325, 0.0625, 0.0875, 0.1375, 0.0625, 0.1125]",RAYLFNSV,0.325,RAYLFNSV,0.65,True,"['ATLVFHNL', 'RAYLFNSV', 'RTYTYEKL', 'SNYLFTKL', 'SVYVYKVL', 'VIVRFLTV', 'VSFTYRYL']",7,"['EEEPVKKI', 'HIYEFPQL', 'INFDFPKL', 'SSYTFPKM', 'VAFDFTKV', 'VGPRYTNL']",0.0,0.0,"[1.5   0.    0.    0.125 3.25  0.625 0.875 0.125 1.375 0.375 0.    0.625
 1.125]",0.1843738039967838,0.20294470938015172,0.01857090538336792,0.15,0.1843738039967838,0.0,0.0,0.1843738039967838,0.0,0.0,0.1846055191875083,0.00023171519072451296,0.0125,0.11576111243796816,-0.06861269155881564,0.325,0.19352045411469496,0.00914665011791116,0.0625,0.19851990476565948,0.01414610076887568,0.0875,0.24583173866237842,0.06145793466559463,0.0125,0.23548316078071743,0.051109356783933635,0.1375,0.1907169625283566,0.006343158531572801,0.0375,0.1843738039967838,0.0,0.0,0.1905887804923003,0.0062149764955165,0.0625,0.1720910316812479,-0.0122827723155359,0.1125,SVYVYKVL,0.051109356783933635,RAYLFNSV,-0.06861269155881564
263,AV12D-3-CALTNYNVLYF-AJ21_BV19-CASSITGDNSPLYF-BJ1-6,14,multi-specific,"['INFDFPKL', 'RAYLFNSV', 'SNYLFTKL', 'VIVRFLTV', 'VSFTYRYL']",5,"[0.05797101449275362, 0.05797101449275362, 0.18840579710144928, 0.08695652173913043, 0.34782608695652173]",VSFTYRYL,0.34782608695652173,VSFTYRYL,0.6956521739130435,True,"['INFDFPKL', 'RAYLFNSV', 'SNYLFTKL', 'VIVRFLTV', 'VSFTYRYL']",5,"['ATLVFHNL', 'EEEPVKKI', 'HIYEFPQL', 'RTYTYEKL', 'SSYTFPKM', 'SVYVYKVL', 'VAFDFTKV', 'VGPRYTNL']",0.0,0.0,"[0.14285714 0.         0.21428571 0.28571429 0.28571429 0.14285714
 0.92857143 0.21428571 0.21428571 0.21428571 0.14285714 0.42857143
 1.71428571]",0.18408903383053515,0.1874396140256911,0.003350580195155939,0.02898550724637681,0.18408903383053515,0.0,0.0,0.23373273934964484,0.04964370551910968,0.043478260869565216,0.18746259186655578,0.0033735580360206296,0.05797101449275362,0.19378536594218793,0.009696332111652772,0.05797101449275362,0.18519398699238093,0.0011049531618457786,0.02898550724637681,0.17258664301588117,-0.011502390814653984,0.18840579710144928,0.18503179845062706,0.0009427646200919071,0.043478260869565216,0.21210372130009347,0.02801468746955832,0.043478260869565216,0.18851629689566476,0.004427263065129611,0.043478260869565216,0.1904557867800343,0.006366752949499149,0.02898550724637681,0.21593981081804636,0.03185077698751121,0.08695652173913043,0.17418885183890137,-0.009900181991633783,0.34782608695652173,VIVRFLTV,0.03185077698751121,SNYLFTKL,-0.011502390814653984
264,AV9D-3-CAVSMLSGSFNKLTF-AJ4_BV3-CASSQYLRDNQDTQYF-BJ2-5,27,multi-specific,"['ATLVFHNL', 'HIYEFPQL', 'RAYLFNSV', 'RTYTYEKL', 'SNYLFTKL', 'SVYVYKVL', 'VAFDFTKV', 'VIVRFLTV', 'VSFTYRYL']",9,"[0.07551487414187645, 0.059496567505720827, 0.11441647597254007, 0.054919908466819226, 0.19679633867276888, 0.08009153318077804, 0.052631578947368425, 0.11899313501144165, 0.14645308924485126]",SNYLFTKL,0.19679633867276888,ATLVFHNL,0.0,False,"['ATLVFHNL', 'HIYEFPQL', 'RAYLFNSV', 'RTYTYEKL', 'SNYLFTKL', 'SVYVYKVL', 'VAFDFTKV', 'VIVRFLTV', 'VSFTYRYL']",9,"['EEEPVKKI', 'INFDFPKL', 'SSYTFPKM', 'VGPRYTNL']",0.0,0.0,"[1.22222222 0.         0.96296296 0.37037037 1.85185185 0.88888889
 3.18518519 0.59259259 1.2962963  0.85185185 0.66666667 1.92592593
 2.37037037]",0.18367024377105984,0.19395642107818395,0.010286177307124111,0.07551487414187645,0.18367024377105984,0.0,0.0,0.18821766888030989,0.004547425109250047,0.059496567505720827,0.20322128239500012,0.01955103862394028,0.022883295194508012,0.19014527173250578,0.006475027961445945,0.11441647597254007,0.19348786388753655,0.009817620116476716,0.054919908466819226,0.1918416888811622,0.008171445110102371,0.19679633867276888,0.18719601179523535,0.0035257680241755074,0.036613272311212815,0.2007416891013893,0.01707144533032945,0.08009153318077804,0.21677523993627093,0.03310499616521109,0.052631578947368425,0.19886900649523245,0.015198762724172615,0.041189931350114416,0.1810918534739805,-0.002578390297079347,0.11899313501144165,0.18771620487499677,0.004045961103936929,0.14645308924485126,VAFDFTKV,0.03310499616521109,VIVRFLTV,-0.002578390297079347
265,AV8D-2-CATDAMNTGGLSGKLTF-AJ2_BV13-1-CASSPGQYAEQFF-BJ2-1,7,multi-specific,"['INFDFPKL', 'RTYTYEKL', 'SNYLFTKL', 'SVYVYKVL', 'VIVRFLTV']",5,"[0.14705882352941177, 0.14705882352941177, 0.35294117647058826, 0.058823529411764705, 0.23529411764705882]",SNYLFTKL,0.35294117647058826,ATLVFHNL,0.0,False,"['INFDFPKL', 'RTYTYEKL', 'SNYLFTKL', 'SVYVYKVL', 'VIVRFLTV']",5,"['ATLVFHNL', 'EEEPVKKI', 'HIYEFPQL', 'RAYLFNSV', 'SSYTFPKM', 'VAFDFTKV', 'VGPRYTNL', 'VSFTYRYL']",0.0,0.0,"[0.         0.         0.         0.71428571 0.14285714 0.71428571
 1.71428571 0.         0.28571429 0.14285714 0.         1.14285714
 0.        ]",0.1801005263369376,0.1801005263369376,0.0,0.0,0.1801005263369376,0.0,0.0,0.1801005263369376,0.0,0.0,0.2378611326397579,0.05776060630282029,0.14705882352941177,0.1823583850326657,0.0022578586957280877,0.029411764705882353,0.18354316742651577,0.0034426410895781745,0.14705882352941177,0.1714917519584907,-0.008608774378446898,0.35294117647058826,0.1801005263369376,0.0,0.0,0.18150478715601806,0.0014042608190804606,0.058823529411764705,0.2521407368717127,0.07204021053477508,0.029411764705882353,0.1801005263369376,0.0,0.0,0.11910107038759238,-0.06099945594934522,0.23529411764705882,0.1801005263369376,0.0,0.0,INFDFPKL,0.05776060630282029,VIVRFLTV,-0.06099945594934522
266,AV6D-5-CALGDSGYNKLTF-AJ11_BV31-CAWSLRLGQDTQYF-BJ2-5,17,multi-specific,"['INFDFPKL', 'RAYLFNSV', 'RTYTYEKL', 'SNYLFTKL', 'SSYTFPKM', 'VIVRFLTV', 'VSFTYRYL']",7,"[0.115702479338843, 0.1570247933884298, 0.12396694214876036, 0.19008264462809923, 0.10743801652892565, 0.10743801652892565, 0.115702479338843]",SNYLFTKL,0.19008264462809923,ATLVFHNL,0.0,False,"['INFDFPKL', 'RAYLFNSV', 'RTYTYEKL', 'SNYLFTKL', 'SSYTFPKM', 'VIVRFLTV', 'VSFTYRYL']",7,"['ATLVFHNL', 'EEEPVKKI', 'HIYEFPQL', 'SVYVYKVL', 'VAFDFTKV', 'VGPRYTNL']",0.0,0.0,"[0.         0.         0.23529412 0.82352941 1.11764706 0.88235294
 1.35294118 0.76470588 0.11764706 0.11764706 0.11764706 0.76470588
 0.82352941]",0.17976901785270033,0.17976901785270033,0.0,0.0,0.17976901785270033,0.0,0.0,0.1827595661417404,0.002990548289040079,0.03305785123966943,0.1943027655766633,0.014533747723962959,0.115702479338843,0.19060514791162744,0.010836130058927113,0.1570247933884298,0.19002460828891937,0.010255590436219042,0.12396694214876036,0.18350632693565957,0.003737309082959245,0.19008264462809923,0.21010445097376998,0.03033543312106965,0.10743801652892565,0.2026566220343956,0.022887604181695276,0.016528925619834715,0.18600438793753146,0.006235370084831132,0.016528925619834715,0.20373822023306037,0.023969202380360044,0.016528925619834715,0.18377057245006442,0.004001554597364093,0.10743801652892565,0.17396454221959962,-0.005804475633100714,0.115702479338843,SSYTFPKM,0.03033543312106965,VSFTYRYL,-0.005804475633100714
267,AV14-2-CAASGNYNVLYF-AJ21_BV3-CASSLDWGGSYEQYF-BJ2-7,8,multi-specific,"['HIYEFPQL', 'INFDFPKL', 'RAYLFNSV', 'SNYLFTKL', 'VIVRFLTV', 'VSFTYRYL']",6,"[0.328125, 0.078125, 0.140625, 0.125, 0.140625, 0.09375]",HIYEFPQL,0.328125,HIYEFPQL,0.65625,True,"['HIYEFPQL', 'INFDFPKL', 'RAYLFNSV', 'SNYLFTKL', 'VIVRFLTV', 'VSFTYRYL']",6,"['ATLVFHNL', 'EEEPVKKI', 'RTYTYEKL', 'SSYTFPKM', 'SVYVYKVL', 'VAFDFTKV', 'VGPRYTNL']",0.0,0.0,"[0.25  0.    2.625 0.625 1.125 0.    1.    0.    0.    0.25  0.25  1.125
 0.75 ]",0.17960095160432732,0.1793254633217305,-0.00027548828259682523,0.03125,0.17960095160432732,0.0,0.0,0.1529903534665509,-0.026610598137776414,0.328125,0.18708055141991498,0.007479599815587656,0.078125,0.2344377768604178,0.05483682525609049,0.140625,0.17960095160432732,0.0,0.0,0.21521291212661178,0.035611960522284464,0.125,0.17960095160432732,0.0,0.0,0.17960095160432732,0.0,0.0,0.17957117735962974,-2.9774244697577945e-05,0.03125,0.2394679354724364,0.05986698386810907,0.03125,0.18364318953531375,0.004042237930986431,0.140625,0.18073506704155942,0.0011341154372321027,0.09375,RAYLFNSV,0.05483682525609049,HIYEFPQL,-0.026610598137776414
268,AV6-6-CALGEEEWATGGNNKLTF-AJ56_BV1-CTCSTRGANERLFF-BJ1-4,55,multi-specific,"['ATLVFHNL', 'HIYEFPQL', 'RAYLFNSV', 'RTYTYEKL', 'SNYLFTKL', 'SSYTFPKM', 'SVYVYKVL', 'VAFDFTKV', 'VIVRFLTV', 'VSFTYRYL']",10,"[0.09533898305084747, 0.0826271186440678, 0.07203389830508475, 0.0656779661016949, 0.15254237288135591, 0.06779661016949153, 0.057203389830508475, 0.07415254237288135, 0.09957627118644068, 0.15677966101694915]",VSFTYRYL,0.15677966101694915,ATLVFHNL,0.0,False,"['ATLVFHNL', 'HIYEFPQL', 'RAYLFNSV', 'RTYTYEKL', 'SNYLFTKL', 'SSYTFPKM', 'SVYVYKVL', 'VAFDFTKV', 'VIVRFLTV', 'VSFTYRYL']",10,"['EEEPVKKI', 'INFDFPKL', 'VGPRYTNL']",0.0,0.0,"[0.81818182 0.         0.70909091 0.30909091 0.61818182 0.56363636
 1.30909091 0.58181818 0.49090909 0.63636364 0.34545455 0.85454545
 1.34545455]",0.17940428461780783,0.19519775823038002,0.01579347361257219,0.09533898305084747,0.17940428461780783,0.0,0.0,0.19088578786896868,0.011481503251160846,0.0826271186440678,0.18448579258085546,0.005081507963047627,0.036016949152542374,0.18492832344938606,0.005524038831578232,0.07203389830508475,0.18365130376418956,0.004247019146381731,0.0656779661016949,0.18492478943428267,0.005520504816474842,0.15254237288135591,0.19977848735028936,0.020374202732481528,0.06779661016949153,0.19210779495485392,0.012703510337046087,0.057203389830508475,0.1938654885032805,0.014461203885472673,0.07415254237288135,0.18380229117745472,0.004398006559646894,0.04025423728813559,0.18742325896734927,0.008018974349541436,0.09957627118644068,0.17573073097256375,-0.0036735536452440765,0.15677966101694915,SSYTFPKM,0.020374202732481528,VSFTYRYL,-0.0036735536452440765
269,AV7-2-CAAGNTGKLIF-AJ37_BV1-CTCSAVRVGYEQYF-BJ2-7,47,multi-specific,"['ATLVFHNL', 'HIYEFPQL', 'RAYLFNSV', 'RTYTYEKL', 'SNYLFTKL', 'VGPRYTNL', 'VIVRFLTV', 'VSFTYRYL']",8,"[0.06728971962616824, 0.09532710280373832, 0.19813084112149534, 0.050467289719626184, 0.0841121495327103, 0.052336448598130844, 0.13457943925233648, 0.1682242990654206]",RAYLFNSV,0.19813084112149534,ATLVFHNL,0.0,False,"['ATLVFHNL', 'HIYEFPQL', 'RAYLFNSV', 'RTYTYEKL', 'SNYLFTKL', 'VGPRYTNL', 'VIVRFLTV', 'VSFTYRYL']",8,"['EEEPVKKI', 'INFDFPKL', 'SSYTFPKM', 'SVYVYKVL', 'VAFDFTKV']",0.0,0.0,"[0.76595745 0.         1.08510638 0.42553191 2.25531915 0.57446809
 0.95744681 0.34042553 0.5106383  0.42553191 0.59574468 1.53191489
 1.91489362]",0.17834606368806646,0.18729593749798604,0.008949873809919573,0.06728971962616824,0.17834606368806646,0.0,0.0,0.18711261220910708,0.008766548521040612,0.09532710280373832,0.1816692757761092,0.003323212088042732,0.03738317757009346,0.17775953040672468,-0.0005865332813417834,0.19813084112149534,0.19792663383456585,0.019580570146499388,0.050467289719626184,0.18557250793102403,0.007226444242957569,0.0841121495327103,0.18279919084776894,0.004453127159702475,0.02990654205607477,0.18792640285768503,0.009580339169618562,0.04485981308411215,0.18091776677599986,0.0025717030879333913,0.03738317757009346,0.19564921847233036,0.01730315478426389,0.052336448598130844,0.1860746566867137,0.007728592998647227,0.13457943925233648,0.1807911270554183,0.0024450633673518407,0.1682242990654206,RTYTYEKL,0.019580570146499388,RAYLFNSV,-0.0005865332813417834
270,AV8-1-CATSASSGSWQLIF-AJ22_BV13-2-CASGDEISNERLFF-BJ1-4,12,multi-specific,"['ATLVFHNL', 'HIYEFPQL', 'RAYLFNSV', 'SNYLFTKL', 'VGPRYTNL', 'VIVRFLTV', 'VSFTYRYL']",7,"[0.06293706293706294, 0.18881118881118883, 0.06993006993006994, 0.13986013986013987, 0.08391608391608392, 0.26573426573426573, 0.1258741258741259]",VIVRFLTV,0.26573426573426573,VIVRFLTV,0.26573426573426573,True,"['ATLVFHNL', 'HIYEFPQL', 'RAYLFNSV', 'SNYLFTKL', 'VGPRYTNL', 'VIVRFLTV', 'VSFTYRYL']",7,"['EEEPVKKI', 'INFDFPKL', 'RTYTYEKL', 'SSYTFPKM', 'SVYVYKVL', 'VAFDFTKV']",0.0,0.0,"[0.75       0.         2.25       0.08333333 0.83333333 0.08333333
 1.66666667 0.08333333 0.5        0.         1.         3.16666667
 1.5       ]",0.17829650070388547,0.18150258436101577,0.003206083657130293,0.06293706293706294,0.17829650070388547,0.0,0.0,0.1847552815525068,0.006458780848621337,0.18881118881118883,0.17849683606684727,0.00020033536296179544,0.006993006993006993,0.18512614378754,0.006829643083654524,0.06993006993006994,0.17831253635318633,1.6035649300860655e-05,0.006993006993006993,0.19933755189027288,0.02104105118638741,0.13986013986013987,0.17849683606684727,0.00020033536296179544,0.006993006993006993,0.23927931214347645,0.06098281143959097,0.04195804195804196,0.17829650070388547,0.0,0.0,0.2084627867016232,0.030166285997737713,0.08391608391608392,0.14400886358175147,-0.03428763712213401,0.26573426573426573,0.21735261616891186,0.03905611546502638,0.1258741258741259,VSFTYRYL,0.03905611546502638,VIVRFLTV,-0.03428763712213401
271,AV10-CAASIDSNYQLIW-AJ33_BV19-CASSPSGTTNTEVFF-BJ1-1,15,multi-specific,"['ATLVFHNL', 'HIYEFPQL', 'RAYLFNSV', 'RTYTYEKL', 'SNYLFTKL', 'VGPRYTNL', 'VSFTYRYL']",7,"[0.1076923076923077, 0.26153846153846155, 0.06153846153846154, 0.15384615384615385, 0.15384615384615385, 0.07692307692307693, 0.07692307692307693]",HIYEFPQL,0.26153846153846155,ATLVFHNL,0.0,False,"['ATLVFHNL', 'HIYEFPQL', 'RAYLFNSV', 'RTYTYEKL', 'SNYLFTKL', 'VGPRYTNL', 'VSFTYRYL']",7,"['EEEPVKKI', 'INFDFPKL', 'SSYTFPKM', 'SVYVYKVL', 'VAFDFTKV', 'VIVRFLTV']",0.0,0.0,"[0.46666667 0.         1.13333333 0.06666667 0.26666667 0.66666667
 0.66666667 0.06666667 0.13333333 0.         0.33333333 0.2
 0.33333333]",0.17782588946337693,0.17047802891421715,-0.007347860549159785,0.1076923076923077,0.17782588946337693,0.0,0.0,0.1297129625400461,-0.04811292692333083,0.26153846153846155,0.1786506616799014,0.0008247722165244664,0.015384615384615385,0.19327098032197715,0.015445090858600213,0.06153846153846154,0.23039487988462867,0.05256899042125174,0.15384615384615385,0.1882634463109308,0.010437556847553875,0.15384615384615385,0.17891758739967,0.0010916979362930734,0.015384615384615385,0.17907584385753425,0.0012499543941573155,0.03076923076923077,0.17782588946337693,0.0,0.0,0.1905560800055017,0.012730190542124764,0.07692307692307693,0.20241940333526726,0.02459351387189032,0.046153846153846156,0.19561217831757727,0.017786288854200333,0.07692307692307693,RTYTYEKL,0.05256899042125174,HIYEFPQL,-0.04811292692333083
272,AV3D-3-CAVSPYQGGRALIF-AJ15_BV1-CTCRAGTGENTGQLYF-BJ2-2,11,multi-specific,"['ATLVFHNL', 'INFDFPKL', 'RTYTYEKL', 'SNYLFTKL', 'SSYTFPKM', 'VIVRFLTV', 'VSFTYRYL']",7,"[0.13414634146341464, 0.10975609756097562, 0.1585365853658537, 0.17073170731707318, 0.07317073170731707, 0.14634146341463414, 0.0975609756097561]",SNYLFTKL,0.17073170731707318,ATLVFHNL,0.0,False,"['ATLVFHNL', 'INFDFPKL', 'RTYTYEKL', 'SNYLFTKL', 'SSYTFPKM', 'VIVRFLTV', 'VSFTYRYL']",7,"['EEEPVKKI', 'HIYEFPQL', 'RAYLFNSV', 'SVYVYKVL', 'VAFDFTKV', 'VGPRYTNL']",0.0,0.0,"[1.         0.         0.36363636 0.81818182 0.         1.18181818
 1.27272727 0.54545455 0.09090909 0.09090909 0.27272727 1.09090909
 0.72727273]",0.17721954968608833,0.1834108936755836,0.006191343989495279,0.13414634146341464,0.17721954968608833,0.0,0.0,0.1840225370421665,0.006802987356078177,0.04878048780487805,0.1891971970077826,0.011977647321694262,0.10975609756097562,0.17721954968608833,0.0,0.0,0.21187896436522535,0.034659414679137024,0.1585365853658537,0.21226581956232385,0.03504626987623552,0.17073170731707318,0.18148278141077587,0.004263231724687538,0.07317073170731707,0.17735159063401718,0.00013204094792884646,0.012195121951219513,0.17825265539901158,0.0010331057129232546,0.012195121951219513,0.17844880191081958,0.0012292522247312476,0.036585365853658534,0.19741697840449945,0.020197428718411126,0.14634146341463414,0.18104394358637074,0.0038243939002824134,0.0975609756097561,SNYLFTKL,0.03504626987623552,VSFTYRYL,0.0038243939002824134
273,AV10-CAASDVGDNSKLIW-AJ38_BV1-CTCSADWTSGNTLYF-BJ1-3,6,multi-specific,"['RAYLFNSV', 'SNYLFTKL', 'VAFDFTKV', 'VIVRFLTV', 'VSFTYRYL']",5,"[0.07462686567164178, 0.08955223880597014, 0.08955223880597014, 0.19402985074626863, 0.3582089552238806]",VSFTYRYL,0.3582089552238806,VSFTYRYL,0.1791044776119403,True,"['RAYLFNSV', 'SNYLFTKL', 'VAFDFTKV', 'VIVRFLTV', 'VSFTYRYL']",5,"['ATLVFHNL', 'EEEPVKKI', 'HIYEFPQL', 'INFDFPKL', 'RTYTYEKL', 'SSYTFPKM', 'SVYVYKVL', 'VGPRYTNL']",0.0,0.0,"[0.33333333 0.         0.16666667 0.16666667 0.83333333 0.33333333
 1.         0.5        0.5        1.         0.16666667 2.16666667
 4.        ]",0.1767825302495166,0.18443516516370903,0.0076526349141924355,0.029850746268656712,0.1767825302495166,0.0,0.0,0.17854093832740267,0.0017584080778860756,0.014925373134328356,0.1773576195480672,0.0005750892985506018,0.014925373134328356,0.18354743340854143,0.006764903159024838,0.07462686567164178,0.18443516516370903,0.0076526349141924355,0.029850746268656712,0.1907565227647212,0.013973992515204592,0.08955223880597014,0.1793335882016968,0.0025510579521801913,0.04477611940298507,0.24850003661043987,0.07171750636092328,0.04477611940298507,0.18360693037506645,0.0068244001255498565,0.08955223880597014,0.17854093832740267,0.0017584080778860756,0.014925373134328356,0.24019442085378104,0.06341189060426444,0.19402985074626863,0.16358127870014247,-0.013201251549374127,0.3582089552238806,VIVRFLTV,0.06341189060426444,VSFTYRYL,-0.013201251549374127
274,AV12D-3-CALSDHYNQGKLIF-AJ23_BV2-CASSQDISYEQYF-BJ2-7,18,multi-specific,"['ATLVFHNL', 'HIYEFPQL', 'RAYLFNSV', 'RTYTYEKL', 'SVYVYKVL', 'VSFTYRYL']",6,"[0.14215686274509806, 0.1323529411764706, 0.18137254901960784, 0.25980392156862747, 0.08823529411764706, 0.10784313725490198]",RTYTYEKL,0.25980392156862747,ATLVFHNL,0.0,False,"['ATLVFHNL', 'HIYEFPQL', 'RAYLFNSV', 'RTYTYEKL', 'SVYVYKVL', 'VSFTYRYL']",6,"['EEEPVKKI', 'INFDFPKL', 'SNYLFTKL', 'SSYTFPKM', 'VAFDFTKV', 'VGPRYTNL', 'VIVRFLTV']",0.0,0.0,"[1.61111111 0.         1.5        0.33333333 2.05555556 2.94444444
 0.27777778 0.         1.         0.27777778 0.         0.11111111
 1.22222222]",0.1766900657099313,0.21021365553820362,0.03352358982827233,0.14215686274509806,0.1766900657099313,0.0,0.0,0.15843401391343284,-0.018256051796498446,0.1323529411764706,0.1782047487346041,0.0015146830246728082,0.029411764705882356,0.18693075539137283,0.01024068968144154,0.18137254901960784,0.19574577243680888,0.01905570672687759,0.25980392156862747,0.2067593225398833,0.030069256829952012,0.02450980392156863,0.1766900657099313,0.0,0.0,0.1924391467676046,0.01574908105767331,0.08823529411764706,0.19861676593769062,0.021926700227759333,0.02450980392156863,0.1766900657099313,0.0,0.0,0.1776150047982839,0.0009249390883526165,0.00980392156862745,0.18222537870480823,0.005535312994876945,0.10784313725490198,ATLVFHNL,0.03352358982827233,HIYEFPQL,-0.018256051796498446
275,AV13-1-CALEGRGSNYKLTF-AJ53_BV14-CASSSRYEQYF-BJ2-7,5,multi-specific,"['INFDFPKL', 'SNYLFTKL', 'VAFDFTKV', 'VIVRFLTV']",4,"[0.3076923076923077, 0.1923076923076923, 0.23076923076923075, 0.15384615384615385]",INFDFPKL,0.3076923076923077,VAFDFTKV,0.23076923076923075,False,"['INFDFPKL', 'SNYLFTKL', 'VAFDFTKV', 'VIVRFLTV']",4,"['ATLVFHNL', 'EEEPVKKI', 'HIYEFPQL', 'RAYLFNSV', 'RTYTYEKL', 'SSYTFPKM', 'SVYVYKVL', 'VGPRYTNL', 'VSFTYRYL']",0.0,0.0,[0.  0.  0.  1.6 0.  0.2 1.  0.  0.2 1.2 0.  0.8 0.2],0.1766159360448445,0.1766159360448445,0.0,0.0,0.1766159360448445,0.0,0.0,0.1766159360448445,0.0,0.0,0.20522847498307933,0.028612538938234844,0.3076923076923077,0.1766159360448445,0.0,0.0,0.17757154157179714,0.0009556055269526464,0.038461538461538464,0.23185546477983443,0.05523952873498994,0.1923076923076923,0.1766159360448445,0.0,0.0,0.1766159360448445,0.0,0.038461538461538464,0.13540064007726602,-0.041215295967578475,0.23076923076923075,0.1766159360448445,0.0,0.0,0.20090487434331616,0.024288938298471674,0.15384615384615385,0.1766159360448445,0.0,0.038461538461538464,SNYLFTKL,0.05523952873498994,VAFDFTKV,-0.041215295967578475
276,AV13-2-CAIDRPSSSFSKLVF-AJ50_BV26-CASSLSREYEQYF-BJ2-7,8,multi-specific,"['ATLVFHNL', 'HIYEFPQL', 'RTYTYEKL', 'SNYLFTKL', 'SSYTFPKM', 'SVYVYKVL', 'VGPRYTNL', 'VIVRFLTV', 'VSFTYRYL']",9,"[0.09090909090909091, 0.14772727272727273, 0.10227272727272728, 0.19318181818181818, 0.056818181818181816, 0.09090909090909091, 0.06818181818181818, 0.10227272727272728, 0.06818181818181818]",SNYLFTKL,0.19318181818181818,ATLVFHNL,0.09090909090909091,False,"['ATLVFHNL', 'HIYEFPQL', 'RTYTYEKL', 'SNYLFTKL', 'SSYTFPKM', 'SVYVYKVL', 'VGPRYTNL', 'VIVRFLTV', 'VSFTYRYL']",9,"['EEEPVKKI', 'INFDFPKL', 'RAYLFNSV', 'VAFDFTKV']",0.0,0.0,"[1.    0.    1.625 0.25  0.5   1.125 2.125 0.625 1.    0.125 0.75  1.125
 0.75 ]",0.1762794947281683,0.2152016358755709,0.038922141147402584,0.09090909090909091,0.1762794947281683,0.0,0.0,0.18516994324728633,0.008890448519118022,0.14772727272727273,0.17750541708434348,0.001225922356175163,0.022727272727272728,0.23139397097632058,0.05511447624815227,0.045454545454545456,0.20201247277502363,0.025732978046855315,0.10227272727272728,0.11707247261225705,-0.059207022115911265,0.19318181818181818,0.1805667091514247,0.004287214423256386,0.056818181818181816,0.17284418914880842,-0.003435305579359893,0.09090909090909091,0.18017214614254123,0.003892651414372922,0.011363636363636364,0.17779279671665196,0.0015133019884836507,0.06818181818181818,0.1944989270085879,0.018219432280419584,0.10227272727272728,0.1819379688866481,0.0056584741584797815,0.06818181818181818,ATLVFHNL,0.038922141147402584,SNYLFTKL,-0.059207022115911265
277,AV14-2-CAASASSGSWQLIF-AJ22_BV31-CAWSLQGSGNTLYF-BJ1-3,37,multi-specific,"['ATLVFHNL', 'HIYEFPQL', 'RAYLFNSV', 'RTYTYEKL', 'SNYLFTKL', 'SVYVYKVL', 'VGPRYTNL', 'VIVRFLTV', 'VSFTYRYL']",9,"[0.08285714285714285, 0.054285714285714284, 0.08, 0.15142857142857144, 0.18285714285714286, 0.08285714285714285, 0.05714285714285715, 0.12857142857142856, 0.11714285714285715]",SNYLFTKL,0.18285714285714286,ATLVFHNL,0.0,False,"['ATLVFHNL', 'HIYEFPQL', 'RAYLFNSV', 'RTYTYEKL', 'SNYLFTKL', 'SVYVYKVL', 'VGPRYTNL', 'VIVRFLTV', 'VSFTYRYL']",9,"['EEEPVKKI', 'INFDFPKL', 'SSYTFPKM', 'VAFDFTKV']",0.0,0.0,"[0.78378378 0.         0.51351351 0.08108108 0.75675676 1.43243243
 1.72972973 0.13513514 0.78378378 0.37837838 0.54054054 1.21621622
 1.10810811]",0.17538927924006134,0.1917848163620563,0.016395537121994957,0.08285714285714285,0.17538927924006134,0.0,0.0,0.19138086524303033,0.015991586002968988,0.054285714285714284,0.18808462852340863,0.012695349283347285,0.008571428571428572,0.18566365538962168,0.010274376149560338,0.08,0.18738576270312365,0.011996483463062313,0.15142857142857144,0.16555354729965177,-0.00983573194040957,0.18285714285714286,0.1760351889091761,0.0006459096691147637,0.014285714285714287,0.18861149399870566,0.013222214758644324,0.08285714285714285,0.1895603402161601,0.01417106097609877,0.04,0.17897795372201375,0.0035886744819524086,0.05714285714285715,0.1907297653251866,0.015340486085125254,0.12857142857142856,0.17711783741674958,0.0017285581766882385,0.11714285714285715,ATLVFHNL,0.016395537121994957,SNYLFTKL,-0.00983573194040957
278,AV7-2-CAASMPGNTGKLIF-AJ37_BV17-CASSRGTANTGQLYF-BJ2-2,8,multi-specific,"['ATLVFHNL', 'HIYEFPQL', 'INFDFPKL', 'SNYLFTKL', 'VIVRFLTV', 'VSFTYRYL']",6,"[0.06779661016949153, 0.15254237288135594, 0.0847457627118644, 0.2542372881355932, 0.11864406779661017, 0.288135593220339]",VSFTYRYL,0.288135593220339,ATLVFHNL,0.06779661016949153,False,"['ATLVFHNL', 'HIYEFPQL', 'INFDFPKL', 'SNYLFTKL', 'VIVRFLTV', 'VSFTYRYL']",6,"['EEEPVKKI', 'RAYLFNSV', 'RTYTYEKL', 'SSYTFPKM', 'SVYVYKVL', 'VAFDFTKV', 'VGPRYTNL']",0.0,0.0,"[0.5   0.    1.125 0.625 0.    0.125 1.875 0.    0.    0.    0.125 0.875
 2.125]",0.17460047559955036,0.20587445392885248,0.03127397832930212,0.06779661016949153,0.17460047559955036,0.0,0.0,0.2059730185150774,0.031372542915527046,0.15254237288135594,0.20406841994627054,0.029467944346720176,0.0847457627118644,0.17460047559955036,0.0,0.0,0.17475453506819688,0.00015405946864652242,0.01694915254237288,0.2856414066844409,0.11104093108489052,0.2542372881355932,0.17460047559955036,0.0,0.0,0.17460047559955036,0.0,0.0,0.17460047559955036,0.0,0.0,0.1748688487166313,0.00026837311708094447,0.01694915254237288,0.2078441089974094,0.033243633397859046,0.11864406779661017,0.11253973445166789,-0.06206074114788247,0.288135593220339,SNYLFTKL,0.11104093108489052,VSFTYRYL,-0.06206074114788247
279,AV13D-2-CAMNNNAGAKLTF-AJ39_BV12-2-CASSPGQGGEQYF-BJ2-7,7,multi-specific,"['ATLVFHNL', 'HIYEFPQL', 'INFDFPKL', 'RAYLFNSV', 'RTYTYEKL', 'SNYLFTKL', 'SSYTFPKM', 'VSFTYRYL']",8,"[0.14285714285714285, 0.1530612244897959, 0.06122448979591836, 0.0510204081632653, 0.11224489795918366, 0.22448979591836732, 0.09183673469387754, 0.0510204081632653]",SNYLFTKL,0.22448979591836732,SNYLFTKL,0.11224489795918366,True,"['ATLVFHNL', 'HIYEFPQL', 'INFDFPKL', 'RAYLFNSV', 'RTYTYEKL', 'SNYLFTKL', 'SSYTFPKM', 'VSFTYRYL']",8,"['EEEPVKKI', 'SVYVYKVL', 'VAFDFTKV', 'VGPRYTNL', 'VIVRFLTV']",0.0,0.0,"[2.         0.         2.14285714 0.85714286 0.71428571 1.57142857
 3.14285714 1.28571429 0.42857143 0.28571429 0.42857143 0.42857143
 0.71428571]",0.17397067012995113,0.22136744729537902,0.047396777165427895,0.14285714285714285,0.17397067012995113,0.0,0.0,0.19489073491884146,0.02092006478889033,0.1530612244897959,0.1771641403015655,0.0031934701716143654,0.06122448979591836,0.1761477983362599,0.002177128206308776,0.0510204081632653,0.1865527896367816,0.01258211950683047,0.11224489795918366,0.15789930629998364,-0.01607136382996749,0.22448979591836732,0.21914569615974372,0.04517502602979259,0.09183673469387754,0.2435589381819316,0.06958826805198048,0.03061224489795918,0.17430732615703595,0.0003366560270848251,0.020408163265306117,0.17473422659605523,0.0007635564661040983,0.03061224489795918,0.17541008291887886,0.0014394127889277297,0.03061224489795918,0.18121344723469512,0.007242777104743997,0.0510204081632653,ATLVFHNL,0.047396777165427895,SNYLFTKL,-0.01607136382996749
280,AV10-CAASIASSSFSKLVF-AJ50_BV1-CTCSATNNQAPLF-BJ1-5,8,multi-specific,"['HIYEFPQL', 'RTYTYEKL', 'SNYLFTKL', 'VIVRFLTV', 'VSFTYRYL']",5,"[0.1836734693877551, 0.061224489795918366, 0.3469387755102041, 0.16326530612244897, 0.12244897959183673]",SNYLFTKL,0.3469387755102041,ATLVFHNL,0.0,False,"['HIYEFPQL', 'RTYTYEKL', 'SNYLFTKL', 'VIVRFLTV', 'VSFTYRYL']",5,"['ATLVFHNL', 'EEEPVKKI', 'INFDFPKL', 'RAYLFNSV', 'SSYTFPKM', 'SVYVYKVL', 'VAFDFTKV', 'VGPRYTNL']",0.0,0.0,"[0.125 0.    1.125 0.125 0.125 0.375 2.125 0.125 0.125 0.125 0.    1.
 0.75 ]",0.17272608517890226,0.1905832280360451,0.01785714285714285,0.02040816326530612,0.17272608517890226,0.0,0.0,0.19138111899382135,0.018655033814919092,0.1836734693877551,0.17314403889344657,0.0004179537145443113,0.02040816326530612,0.17314403889344657,0.0004179537145443113,0.02040816326530612,0.1391484201255318,-0.033577665053370453,0.061224489795918366,0.171462993134445,-0.0012630920444572646,0.3469387755102041,0.17409966680126335,0.001373581622361092,0.02040816326530612,0.1905832280360451,0.01785714285714285,0.02040816326530612,0.17314403889344657,0.0004179537145443113,0.02040816326530612,0.17272608517890226,0.0,0.0,0.19442291799628478,0.021696832817382522,0.16326530612244897,0.23030144690520296,0.057575361726300706,0.12244897959183673,VSFTYRYL,0.057575361726300706,RTYTYEKL,-0.033577665053370453
281,AV8D-2-CATDGQGGRALIF-AJ15_BV3-CASSPQGHSDYTF-BJ1-2,10,multi-specific,"['ATLVFHNL', 'HIYEFPQL', 'RAYLFNSV', 'VAFDFTKV', 'VGPRYTNL', 'VSFTYRYL']",6,"[0.09433962264150943, 0.14150943396226412, 0.09433962264150943, 0.13207547169811318, 0.31132075471698106, 0.16981132075471697]",VGPRYTNL,0.31132075471698106,ATLVFHNL,0.0,False,"['ATLVFHNL', 'HIYEFPQL', 'RAYLFNSV', 'VAFDFTKV', 'VGPRYTNL', 'VSFTYRYL']",6,"['EEEPVKKI', 'INFDFPKL', 'RTYTYEKL', 'SNYLFTKL', 'SSYTFPKM', 'SVYVYKVL', 'VIVRFLTV']",0.0,0.0,[1.  0.  1.5 0.  1.  0.2 0.  0.4 0.  1.4 3.3 0.  1.8],0.1723850174432701,0.20057197961403234,0.028186962170762248,0.09433962264150943,0.1723850174432701,0.0,0.0,0.16751413610712396,-0.004870881336146132,0.14150943396226412,0.1723850174432701,0.0,0.0,0.1652461172115295,-0.0071389002317406025,0.09433962264150943,0.17249195353390084,0.00010693609063075482,0.018867924528301886,0.1723850174432701,0.0,0.0,0.2055311660342563,0.03314614859098622,0.03773584905660377,0.1723850174432701,0.0,0.0,0.1878429150603466,0.0154578976170765,0.13207547169811318,0.1625764859963124,-0.009808531446957702,0.31132075471698106,0.1723850174432701,0.0,0.0,0.20080981213501703,0.02842479469174694,0.16981132075471697,VSFTYRYL,0.02842479469174694,VGPRYTNL,-0.009808531446957702
282,AV16N-CAMREDQGGRALIF-AJ15_BV16-CASSLVGAQDTQYF-BJ2-5,14,multi-specific,"['HIYEFPQL', 'RAYLFNSV', 'RTYTYEKL', 'SNYLFTKL', 'SVYVYKVL', 'VGPRYTNL', 'VIVRFLTV', 'VSFTYRYL']",8,"[0.14220183486238533, 0.09174311926605504, 0.05504587155963302, 0.07798165137614678, 0.059633027522935776, 0.1238532110091743, 0.17431192660550457, 0.14220183486238533]",VIVRFLTV,0.17431192660550457,ATLVFHNL,0.0,False,"['HIYEFPQL', 'RAYLFNSV', 'RTYTYEKL', 'SNYLFTKL', 'SVYVYKVL', 'VGPRYTNL', 'VIVRFLTV', 'VSFTYRYL']",8,"['ATLVFHNL', 'EEEPVKKI', 'INFDFPKL', 'SSYTFPKM', 'VAFDFTKV']",0.0,0.0,"[0.5        0.         2.21428571 0.21428571 1.42857143 0.85714286
 1.21428571 0.71428571 0.92857143 0.64285714 1.92857143 2.71428571
 2.21428571]",0.17179891492915503,0.17244057371099503,0.0006416587818399988,0.03211009174311926,0.17179891492915503,0.0,0.0,0.19290861265028655,0.021109697721131526,0.14220183486238533,0.17224356033784124,0.00044464540868621727,0.013761467889908254,0.1927315016778223,0.02093258674866727,0.09174311926605504,0.17681584993348548,0.005016935004330453,0.05504587155963302,0.1941038974163212,0.02230498248716617,0.07798165137614678,0.1740874772679958,0.0022885623388407828,0.04587155963302752,0.19380838747002935,0.02200947254087432,0.059633027522935776,0.17306056998855052,0.001261655059395489,0.04128440366972477,0.17619531742195244,0.004396402492797408,0.1238532110091743,0.1939020000546508,0.022103085125495775,0.17431192660550457,0.17442997147011846,0.0026310565409634334,0.14220183486238533,SNYLFTKL,0.02230498248716617,VSFTYRYL,0.0026310565409634334
283,AV7D-6-CAGNYSNNRLTL-AJ7_BV16-CASSLNWGANYAEQFF-BJ2-1,10,multi-specific,"['ATLVFHNL', 'INFDFPKL', 'RAYLFNSV', 'SNYLFTKL', 'SVYVYKVL', 'VAFDFTKV', 'VGPRYTNL', 'VIVRFLTV', 'VSFTYRYL']",9,"[0.09210526315789473, 0.052631578947368425, 0.13157894736842105, 0.11842105263157895, 0.052631578947368425, 0.13157894736842105, 0.17105263157894737, 0.14473684210526316, 0.07894736842105263]",VGPRYTNL,0.17105263157894737,VIVRFLTV,0.2894736842105263,False,"['ATLVFHNL', 'INFDFPKL', 'RAYLFNSV', 'SNYLFTKL', 'SVYVYKVL', 'VAFDFTKV', 'VGPRYTNL', 'VIVRFLTV', 'VSFTYRYL']",9,"['EEEPVKKI', 'HIYEFPQL', 'RTYTYEKL', 'SSYTFPKM']",0.0,0.0,[0.7 0.  0.  0.4 1.  0.2 0.9 0.  0.4 1.  1.3 1.1 0.6],0.1707588185521669,0.18524028133519704,0.014481462783030141,0.09210526315789473,0.17075881855216687,-2.7755575615628914e-17,0.0,0.17075881855216687,-2.7755575615628914e-17,0.0,0.1913732357037588,0.0206144171515919,0.052631578947368425,0.1791386774036787,0.008379858851511796,0.13157894736842105,0.17118886378379697,0.00043004523163006625,0.026315789473684213,0.2007306583000549,0.029971839747888,0.11842105263157895,0.17075881855216687,-2.7755575615628914e-17,0.0,0.17364794242859152,0.0028891238764246208,0.052631578947368425,0.20093882879414016,0.030180010241973254,0.13157894736842105,0.20175269160967432,0.03099387305750742,0.17105263157894737,0.14277696952975583,-0.027981849022411076,0.14473684210526316,0.17050025744630842,-0.00025856110585847913,0.07894736842105263,VGPRYTNL,0.03099387305750742,VIVRFLTV,-0.027981849022411076
284,AV14-2-CAAENSAGNKLTF-AJ17_BV3-CASSLGTGYEQYF-BJ2-7,13,multi-specific,"['ATLVFHNL', 'HIYEFPQL', 'RAYLFNSV', 'SNYLFTKL', 'SVYVYKVL', 'VAFDFTKV', 'VGPRYTNL', 'VIVRFLTV', 'VSFTYRYL']",9,"[0.08900523560209424, 0.07329842931937172, 0.06282722513089005, 0.08376963350785341, 0.07329842931937172, 0.07329842931937172, 0.1518324607329843, 0.06282722513089005, 0.25654450261780104]",VSFTYRYL,0.25654450261780104,ATLVFHNL,0.0,False,"['ATLVFHNL', 'HIYEFPQL', 'RAYLFNSV', 'SNYLFTKL', 'SVYVYKVL', 'VAFDFTKV', 'VGPRYTNL', 'VIVRFLTV', 'VSFTYRYL']",9,"['EEEPVKKI', 'INFDFPKL', 'RTYTYEKL', 'SSYTFPKM']",0.0,0.0,"[1.30769231 0.         1.07692308 0.07692308 0.92307692 0.30769231
 1.23076923 0.69230769 1.07692308 1.07692308 2.23076923 0.92307692
 3.76923077]",0.17066128818087486,0.1991402592267992,0.02847897104592434,0.08900523560209424,0.17066128818087486,0.0,0.0,0.17791297436662143,0.007251686185746564,0.07329842931937172,0.170822239499062,0.00016095131818713582,0.005235602094240838,0.17133200739761037,0.0006707192167355047,0.06282722513089005,0.17514374642011396,0.0044824582392390955,0.020942408376963352,0.17950925184366817,0.008847963662793307,0.08376963350785341,0.1711672354817322,0.0005059473008573456,0.04712041884816753,0.1743259763479561,0.003664688167081237,0.07329842931937172,0.1760872276782102,0.00542593949733533,0.07329842931937172,0.16747939792737698,-0.003181890253497882,0.1518324607329843,0.16814422287134023,-0.002517065309534633,0.06282722513089005,0.19425865467228437,0.023597366491409505,0.25654450261780104,ATLVFHNL,0.02847897104592434,VGPRYTNL,-0.003181890253497882
285,AV16-CAMREANYGNEKITF-AJ48_BV16-CASSLRTGVYEQYF-BJ2-7,14,multi-specific,"['ATLVFHNL', 'HIYEFPQL', 'RAYLFNSV', 'SVYVYKVL', 'VGPRYTNL', 'VIVRFLTV', 'VSFTYRYL']",7,"[0.08029197080291972, 0.16058394160583944, 0.13138686131386865, 0.15328467153284672, 0.07299270072992702, 0.15328467153284672, 0.19708029197080296]",VSFTYRYL,0.19708029197080296,ATLVFHNL,0.0,False,"['ATLVFHNL', 'HIYEFPQL', 'RAYLFNSV', 'SVYVYKVL', 'VGPRYTNL', 'VIVRFLTV', 'VSFTYRYL']",7,"['EEEPVKKI', 'INFDFPKL', 'RTYTYEKL', 'SNYLFTKL', 'SSYTFPKM', 'VAFDFTKV']",0.0,0.0,"[0.78571429 0.         1.57142857 0.14285714 1.28571429 0.28571429
 0.         0.         1.5        0.07142857 0.71428571 1.5
 1.92857143]",0.17002021212289617,0.20371601176251455,0.033695799639618385,0.08029197080291972,0.17002021212289617,0.0,0.0,0.1723307684171358,0.002310556294239624,0.16058394160583944,0.17007923674092212,5.90246180259546e-05,0.014598540145985403,0.18468476808861548,0.014664555965719306,0.13138686131386865,0.17782331613923458,0.007803104016338408,0.029197080291970805,0.17002021212289617,0.0,0.0,0.17002021212289617,0.0,0.0,0.1942304070562796,0.024210194933383444,0.15328467153284672,0.19835691414337886,0.02833670202048269,0.007299270072992701,0.1732399320618475,0.003219719938951343,0.07299270072992702,0.21575745319400275,0.04573724107110658,0.15328467153284672,0.1720241153371085,0.0020039032142123436,0.19708029197080296,VIVRFLTV,0.04573724107110658,VSFTYRYL,0.0020039032142123436
286,AV14-2-CAASLASSGSWQLIF-AJ22_BV26-CASSWTGGAETLYF-BJ2-3,6,multi-specific,"['ATLVFHNL', 'HIYEFPQL', 'RTYTYEKL', 'SNYLFTKL', 'VAFDFTKV', 'VIVRFLTV', 'VSFTYRYL']",7,"[0.17647058823529413, 0.11764705882352942, 0.2647058823529412, 0.05882352941176471, 0.08823529411764706, 0.05882352941176471, 0.20588235294117652]",RTYTYEKL,0.2647058823529412,RTYTYEKL,0.5294117647058824,True,"['ATLVFHNL', 'HIYEFPQL', 'RTYTYEKL', 'SNYLFTKL', 'VAFDFTKV', 'VIVRFLTV', 'VSFTYRYL']",7,"['EEEPVKKI', 'INFDFPKL', 'RAYLFNSV', 'SSYTFPKM', 'SVYVYKVL', 'VGPRYTNL']",0.0,0.0,"[1.         0.         0.66666667 0.         0.16666667 1.5
 0.33333333 0.         0.         0.5        0.         0.33333333
 1.16666667]",0.16927347235206427,0.16927347235206427,0.0,0.17647058823529413,0.16927347235206427,0.0,0.0,0.19347697731778338,0.024203504965719103,0.11764705882352942,0.16927347235206427,0.0,0.0,0.17011796997672476,0.0008444976246604896,0.029411764705882356,0.058208550008719905,-0.11106492234334436,0.2647058823529412,0.16927347235206427,0.0,0.05882352941176471,0.16927347235206427,0.0,0.0,0.16927347235206427,0.0,0.0,0.2539102085280964,0.08463673617603215,0.08823529411764706,0.16927347235206427,0.0,0.0,0.1883873444476744,0.019113872095610135,0.05882352941176471,0.15084274843447926,-0.018430723917585018,0.20588235294117652,VAFDFTKV,0.08463673617603215,RTYTYEKL,-0.11106492234334436
287,AV11-CVVGRRYGSSGNKLIF-AJ32_BV19-CASSTDRGLNSPLYF-BJ1-6,7,multi-specific,"['HIYEFPQL', 'INFDFPKL', 'SNYLFTKL', 'SVYVYKVL', 'VAFDFTKV', 'VIVRFLTV', 'VSFTYRYL']",7,"[0.109375, 0.078125, 0.3125, 0.0625, 0.078125, 0.078125, 0.125]",SNYLFTKL,0.3125,ATLVFHNL,0.0,False,"['HIYEFPQL', 'INFDFPKL', 'SNYLFTKL', 'SVYVYKVL', 'VAFDFTKV', 'VIVRFLTV', 'VSFTYRYL']",7,"['ATLVFHNL', 'EEEPVKKI', 'RAYLFNSV', 'RTYTYEKL', 'SSYTFPKM', 'VGPRYTNL']",0.0,0.0,"[0.42857143 0.         1.         0.71428571 0.         0.42857143
 2.85714286 0.42857143 0.57142857 0.71428571 0.14285714 0.71428571
 1.14285714]",0.16895422929269316,0.18192043984154183,0.012966210548848667,0.046875,0.16895422929269316,0.0,0.0,0.1547323015852279,-0.014221927707465248,0.109375,0.17506841458329298,0.006114185290599816,0.078125,0.16895422929269316,0.0,0.0,0.1709915939362498,0.0020373646435566384,0.046875,0.130676522421842,-0.038277706870851164,0.3125,0.1709915939362498,0.0020373646435566384,0.046875,0.23172851941456554,0.06277429012187238,0.0625,0.18140232877613816,0.012448099483444997,0.078125,0.1691725852430105,0.00021835595031732824,0.015625,0.2145901246387032,0.045635895346010036,0.078125,0.18859542819191116,0.019641198899218004,0.125,SVYVYKVL,0.06277429012187238,SNYLFTKL,-0.038277706870851164
288,AV8D-2-CATEYQGGRALIF-AJ15_BV19-CASSIGTNERLFF-BJ1-4,35,multi-specific,"['ATLVFHNL', 'HIYEFPQL', 'RAYLFNSV', 'RTYTYEKL', 'SNYLFTKL', 'SSYTFPKM', 'SVYVYKVL', 'VGPRYTNL', 'VSFTYRYL']",9,"[0.13333333333333336, 0.12533333333333335, 0.053333333333333344, 0.16533333333333336, 0.10400000000000002, 0.06666666666666668, 0.05866666666666668, 0.06666666666666668, 0.14400000000000004]",RTYTYEKL,0.16533333333333336,ATLVFHNL,0.0,False,"['ATLVFHNL', 'HIYEFPQL', 'RAYLFNSV', 'RTYTYEKL', 'SNYLFTKL', 'SSYTFPKM', 'SVYVYKVL', 'VGPRYTNL', 'VSFTYRYL']",9,"['EEEPVKKI', 'INFDFPKL', 'VAFDFTKV', 'VIVRFLTV']",0.0,0.0,"[1.42857143 0.         1.34285714 0.25714286 0.57142857 1.77142857
 1.11428571 0.71428571 0.62857143 0.11428571 0.71428571 0.51428571
 1.54285714]",0.16740077154369845,0.1688427568942142,0.001441985350515762,0.13333333333333336,0.16740077154369845,0.0,0.0,0.17121192190656676,0.003811150362868304,0.12533333333333335,0.16874875208413084,0.001347980540432392,0.024000000000000004,0.17871466879086564,0.011313897247167193,0.053333333333333344,0.1729208601941125,0.005520088650414062,0.16533333333333336,0.17627071496656327,0.008869943422864818,0.10400000000000002,0.1784471942437289,0.01104642270003045,0.06666666666666668,0.17651962301498741,0.009118851471288963,0.05866666666666668,0.17751874896476635,0.010117977421067903,0.010666666666666668,0.18283767496157113,0.015436903417872683,0.06666666666666668,0.17769747163579602,0.010296700092097572,0.04800000000000001,0.18061299117166035,0.013212219627961902,0.14400000000000004,VGPRYTNL,0.015436903417872683,ATLVFHNL,0.001441985350515762
289,AV13D-2-CAIDTNTGKLTF-AJ27_BV26-CASSLDRAITGQLYF-BJ2-2,5,multi-specific,"['HIYEFPQL', 'RAYLFNSV', 'SNYLFTKL', 'SVYVYKVL', 'VIVRFLTV', 'VSFTYRYL']",6,"[0.19512195121951223, 0.12195121951219513, 0.3170731707317074, 0.07317073170731708, 0.07317073170731708, 0.19512195121951223]",SNYLFTKL,0.3170731707317074,HIYEFPQL,0.09756097560975611,False,"['HIYEFPQL', 'RAYLFNSV', 'SNYLFTKL', 'SVYVYKVL', 'VIVRFLTV', 'VSFTYRYL']",6,"['ATLVFHNL', 'EEEPVKKI', 'INFDFPKL', 'RTYTYEKL', 'SSYTFPKM', 'VAFDFTKV', 'VGPRYTNL']",0.0,0.0,[0.  0.  1.6 0.  1.  0.  2.6 0.  0.6 0.  0.2 0.6 1.6],0.16607046199860426,0.16607046199860426,0.0,0.0,0.16607046199860426,0.0,0.0,0.15367163495274355,-0.012398827045860705,0.19512195121951223,0.16607046199860426,0.0,0.0,0.1821713521238006,0.016100890125196332,0.12195121951219513,0.16607046199860426,0.0,0.0,0.2095703736295315,0.04349991163092723,0.3170731707317074,0.16607046199860426,0.0,0.0,0.24994509324836944,0.08387463124976519,0.07317073170731708,0.16607046199860426,0.0,0.0,0.16927810517634118,0.0032076431777369185,0.02439024390243903,0.27678410333100706,0.1107136413324028,0.07317073170731708,0.14492070778360544,-0.021149754214998817,0.19512195121951223,VIVRFLTV,0.1107136413324028,VSFTYRYL,-0.021149754214998817
290,AV14D-1-CAASAGGSAKLIF-AJ57_BV12-2-CASSLGQGAGAEQFF-BJ2-1,7,multi-specific,"['ATLVFHNL', 'INFDFPKL', 'RAYLFNSV', 'SNYLFTKL', 'SVYVYKVL', 'VAFDFTKV', 'VIVRFLTV', 'VSFTYRYL']",8,"[0.1153846153846154, 0.0576923076923077, 0.0576923076923077, 0.07692307692307694, 0.3846153846153847, 0.07692307692307694, 0.07692307692307694, 0.07692307692307694]",SVYVYKVL,0.3846153846153847,ATLVFHNL,0.0,False,"['ATLVFHNL', 'INFDFPKL', 'RAYLFNSV', 'SNYLFTKL', 'SVYVYKVL', 'VAFDFTKV', 'VIVRFLTV', 'VSFTYRYL']",8,"['EEEPVKKI', 'HIYEFPQL', 'RTYTYEKL', 'SSYTFPKM', 'VGPRYTNL']",0.0,0.0,"[0.85714286 0.         0.28571429 0.42857143 0.42857143 0.28571429
 0.57142857 0.         2.85714286 0.57142857 0.         0.57142857
 0.57142857]",0.1657635605686856,0.22267029817919065,0.05690673761050505,0.1153846153846154,0.16576356056868563,2.7755575615628914e-17,0.0,0.1701507542551939,0.004387193686508306,0.03846153846153847,0.16875612123485959,0.0029925606661739823,0.0576923076923077,0.1670243769354364,0.0012608163667507943,0.0576923076923077,0.16349963947770085,-0.0022639210909847496,0.03846153846153847,0.1670222725797267,0.0012587120110411076,0.07692307692307694,0.16576356056868563,2.7755575615628914e-17,0.0,0.09057756579676278,-0.07518599477192282,0.3846153846153847,0.17031012818209326,0.004546567613407659,0.07692307692307694,0.16576356056868563,2.7755575615628914e-17,0.0,0.16877497634336325,0.003011415774677645,0.07692307692307694,0.18469142420513565,0.01892786363645005,0.07692307692307694,ATLVFHNL,0.05690673761050505,SVYVYKVL,-0.07518599477192282
291,AV10N-CAARAGSFNKLTF-AJ4_BV16-CASSFTGGGQDTQYF-BJ2-5,13,multi-specific,"['HIYEFPQL', 'INFDFPKL', 'RAYLFNSV', 'SNYLFTKL', 'VAFDFTKV', 'VIVRFLTV', 'VSFTYRYL']",7,"[0.1391304347826087, 0.06956521739130435, 0.14782608695652172, 0.16521739130434782, 0.06956521739130435, 0.15652173913043477, 0.15652173913043477]",SNYLFTKL,0.16521739130434782,ATLVFHNL,0.0,False,"['HIYEFPQL', 'INFDFPKL', 'RAYLFNSV', 'SNYLFTKL', 'VAFDFTKV', 'VIVRFLTV', 'VSFTYRYL']",7,"['ATLVFHNL', 'EEEPVKKI', 'RTYTYEKL', 'SSYTFPKM', 'SVYVYKVL', 'VGPRYTNL']",0.0,0.0,"[0.15384615 0.         1.23076923 0.61538462 1.30769231 0.23076923
 1.46153846 0.38461538 0.07692308 0.61538462 0.         1.38461538
 1.38461538]",0.164752450456407,0.16643139191911202,0.0016789414627050303,0.017391304347826087,0.164752450456407,0.0,0.0,0.14990991167936388,-0.014842538777043113,0.1391304347826087,0.17768647675065813,0.012934026294251139,0.06956521739130435,0.19985415377927057,0.03510170332286358,0.14782608695652172,0.16477907502991684,2.662457350985359e-05,0.02608695652173913,0.16005041083782004,-0.004702039618586951,0.16521739130434782,0.19470744144848104,0.02995499099207405,0.043478260869565216,0.16481824536666995,6.579491026295625e-05,0.008695652173913044,0.17335600073120339,0.008603550274796395,0.06956521739130435,0.164752450456407,0.0,0.0,0.19834943226561572,0.033596981809208726,0.15652173913043477,0.1778930983973906,0.013140647940983602,0.15652173913043477,RAYLFNSV,0.03510170332286358,HIYEFPQL,-0.014842538777043113
292,AV14-3-CAARQGTQVVGQLTF-AJ5_BV1-CTCSGTGDEQYF-BJ2-7,23,multi-specific,"['ATLVFHNL', 'HIYEFPQL', 'RAYLFNSV', 'RTYTYEKL', 'SNYLFTKL', 'VGPRYTNL', 'VIVRFLTV', 'VSFTYRYL']",8,"[0.06547619047619048, 0.10714285714285714, 0.07142857142857142, 0.08928571428571429, 0.08630952380952381, 0.07440476190476189, 0.10119047619047618, 0.24999999999999997]",VSFTYRYL,0.24999999999999997,ATLVFHNL,0.0,False,"['ATLVFHNL', 'HIYEFPQL', 'RAYLFNSV', 'RTYTYEKL', 'SNYLFTKL', 'VGPRYTNL', 'VIVRFLTV', 'VSFTYRYL']",8,"['EEEPVKKI', 'INFDFPKL', 'SSYTFPKM', 'SVYVYKVL', 'VAFDFTKV']",0.0,0.0,"[0.95652174 0.         1.56521739 0.56521739 1.04347826 1.30434783
 1.26086957 0.56521739 0.60869565 0.52173913 1.08695652 1.47826087
 3.65217391]",0.16433352065951287,0.16982638758153482,0.005492866922021944,0.06547619047619048,0.16433352065951287,0.0,0.0,0.1576290324187676,-0.0067044882407452655,0.10714285714285714,0.181450845275669,0.017117324616156115,0.038690476190476185,0.16647466259416224,0.002141141934649371,0.07142857142857142,0.1685933165861121,0.004259795926599225,0.08928571428571429,0.17837127845802822,0.014037757798515349,0.08630952380952381,0.16959938140573566,0.005265860746222789,0.038690476190476185,0.17408039746999213,0.009746876810479255,0.041666666666666664,0.1911388160213958,0.02680529536188292,0.03571428571428571,0.176201502561619,0.01186798190210614,0.07440476190476189,0.16856301997944476,0.004229499319931884,0.10119047619047618,0.16559764278119132,0.0012641221216784515,0.24999999999999997,SNYLFTKL,0.014037757798515349,HIYEFPQL,-0.0067044882407452655
293,AV8D-2-CATDTGGLSGKLTF-AJ2_BV13-1-CASSPGQYAEQFF-BJ2-1,40,multi-specific,"['ATLVFHNL', 'HIYEFPQL', 'INFDFPKL', 'RAYLFNSV', 'RTYTYEKL', 'SNYLFTKL', 'SSYTFPKM', 'SVYVYKVL', 'VGPRYTNL', 'VIVRFLTV', 'VSFTYRYL']",11,"[0.08304498269896193, 0.07612456747404844, 0.05536332179930796, 0.07612456747404844, 0.08650519031141868, 0.16608996539792387, 0.05536332179930796, 0.09688581314878891, 0.08996539792387542, 0.1176470588235294, 0.07612456747404844]",SNYLFTKL,0.16608996539792387,ATLVFHNL,0.0,False,"['ATLVFHNL', 'HIYEFPQL', 'INFDFPKL', 'RAYLFNSV', 'RTYTYEKL', 'SNYLFTKL', 'SSYTFPKM', 'SVYVYKVL', 'VGPRYTNL', 'VIVRFLTV', 'VSFTYRYL']",11,"['EEEPVKKI', 'VAFDFTKV']",0.0,0.0,"[0.6   0.    0.55  0.4   0.55  0.625 1.2   0.4   0.7   0.15  0.65  0.85
 0.55 ]",0.1642351288012867,0.17869046334478392,0.014455334543497206,0.08304498269896193,0.1642351288012867,0.0,0.0,0.17750809076267007,0.013272961961383362,0.07612456747404844,0.17638808724162372,0.012152958440337008,0.05536332179930796,0.17409466475404556,0.009859535952758847,0.07612456747404844,0.1717882025491761,0.007553073747889383,0.08650519031141868,0.1673655739298396,0.0031304451285529,0.16608996539792387,0.16742994122332752,0.0031948124220408103,0.05536332179930796,0.1654390778798811,0.0012039490785943907,0.09688581314878891,0.16453115287897271,0.00029602407768600236,0.020761245674740483,0.16510339204190314,0.0008682632406164237,0.08996539792387542,0.16403727329652187,-0.00019785550476483782,0.1176470588235294,0.17802428872952325,0.013789159928236538,0.07612456747404844,ATLVFHNL,0.014455334543497206,VIVRFLTV,-0.00019785550476483782
294,AV9-2-CVLSVTGSGGKLTL-AJ44_BV14-CASSFANTGQLYF-BJ2-2,37,multi-specific,"['ATLVFHNL', 'HIYEFPQL', 'RAYLFNSV', 'RTYTYEKL', 'SNYLFTKL', 'SVYVYKVL', 'VIVRFLTV', 'VSFTYRYL']",8,"[0.1111111111111111, 0.06666666666666667, 0.21904761904761905, 0.06349206349206349, 0.14920634920634918, 0.08253968253968254, 0.09206349206349206, 0.146031746031746]",RAYLFNSV,0.21904761904761905,ATLVFHNL,0.0,False,"['ATLVFHNL', 'HIYEFPQL', 'RAYLFNSV', 'RTYTYEKL', 'SNYLFTKL', 'SVYVYKVL', 'VIVRFLTV', 'VSFTYRYL']",8,"['EEEPVKKI', 'INFDFPKL', 'SSYTFPKM', 'VAFDFTKV', 'VGPRYTNL']",0.0,0.0,"[0.94594595 0.         0.56756757 0.32432432 1.86486486 0.54054054
 1.27027027 0.02702703 0.7027027  0.08108108 0.16216216 0.78378378
 1.24324324]",0.16392347753256012,0.18556393689165934,0.021640459359099223,0.1111111111111111,0.16392347753256012,0.0,0.0,0.18136255247120286,0.017439074938642746,0.06666666666666667,0.1658756260742366,0.0019521485416764683,0.03809523809523809,0.1716494949819028,0.007726017449342676,0.21904761904761905,0.17963125057375154,0.01570777304119142,0.06349206349206349,0.17383019774946562,0.009906720216905501,0.14920634920634918,0.16404584913246603,0.00012237159990591273,0.0031746031746031746,0.17522765255053416,0.011304175017974039,0.08253968253968254,0.16413820513127259,0.00021472759871246638,0.009523809523809523,0.16542913486902328,0.0015056573364631565,0.019047619047619046,0.17976569469478834,0.015842217162228223,0.09206349206349206,0.1703229681499679,0.0063994906174077715,0.146031746031746,ATLVFHNL,0.021640459359099223,VSFTYRYL,0.0063994906174077715
295,AV9D-1-CAVSNMGYKLTF-AJ9_BV13-2-CASGVDINNQAPLF-BJ1-5,5,multi-specific,"['ATLVFHNL', 'INFDFPKL', 'RTYTYEKL', 'SNYLFTKL', 'SVYVYKVL', 'VGPRYTNL', 'VIVRFLTV']",7,"[0.10606060606060606, 0.16666666666666669, 0.10606060606060606, 0.09090909090909091, 0.07575757575757576, 0.10606060606060606, 0.2272727272727273]",VIVRFLTV,0.2272727272727273,RTYTYEKL,0.10606060606060606,False,"['ATLVFHNL', 'INFDFPKL', 'RTYTYEKL', 'SNYLFTKL', 'SVYVYKVL', 'VGPRYTNL', 'VIVRFLTV']",7,"['EEEPVKKI', 'HIYEFPQL', 'RAYLFNSV', 'SSYTFPKM', 'VAFDFTKV', 'VSFTYRYL']",0.0,0.0,[1.4 0.  0.4 2.2 0.6 1.4 1.2 0.  1.  0.6 1.4 3.  0. ],0.1638899080538433,0.22879111224581916,0.06490120419197587,0.10606060606060606,0.16388990805384332,2.7755575615628914e-17,0.0,0.1630533444555224,-0.0008365635983209052,0.030303030303030307,0.15854395911786273,-0.00534594893598056,0.16666666666666669,0.1906889250679263,0.02679901701408302,0.045454545454545456,0.14416480860338515,-0.01972509945045814,0.10606060606060606,0.1752008891999463,0.011310981146103016,0.09090909090909091,0.16388990805384332,2.7755575615628914e-17,0.0,0.16668977913725286,0.0027998710834095664,0.07575757575757576,0.16719526771453164,0.003305359660688345,0.045454545454545456,0.1720983928989258,0.00820848484508252,0.10606060606060606,0.17125016006315347,0.007360252009310175,0.2272727272727273,0.16388990805384332,2.7755575615628914e-17,0.0,ATLVFHNL,0.06490120419197587,RTYTYEKL,-0.01972509945045814
296,AV14D-3/DV8-CAASATEGADRLTF-AJ45_BV13-1-CASSDAWGREQYF-BJ2-7,6,multi-specific,"['ATLVFHNL', 'INFDFPKL', 'RTYTYEKL', 'SNYLFTKL', 'SSYTFPKM', 'VAFDFTKV', 'VIVRFLTV', 'VSFTYRYL']",8,"[0.08695652173913042, 0.06521739130434781, 0.3369565217391304, 0.13043478260869562, 0.05434782608695651, 0.08695652173913042, 0.09782608695652173, 0.08695652173913042]",RTYTYEKL,0.3369565217391304,RTYTYEKL,0.11231884057971013,True,"['ATLVFHNL', 'INFDFPKL', 'RTYTYEKL', 'SNYLFTKL', 'SSYTFPKM', 'VAFDFTKV', 'VIVRFLTV', 'VSFTYRYL']",8,"['EEEPVKKI', 'HIYEFPQL', 'RAYLFNSV', 'SVYVYKVL', 'VGPRYTNL']",0.0,0.0,"[1.33333333 0.         0.33333333 1.         0.16666667 5.16666667
 2.         0.83333333 0.33333333 1.33333333 0.         1.5
 1.33333333]",0.16343017301310786,0.16468406608431305,0.0012538930712051866,0.08695652173913042,0.16343017301310786,0.0,0.0,0.16509000274909405,0.0016598297359861902,0.021739130434782605,0.1652823490109722,0.0018521759978643304,0.06521739130434781,0.16391731351804192,0.0004871405049340638,0.010869565217391302,0.09787414477779119,-0.06555602823531667,0.3369565217391304,0.1568100709617452,-0.006620102051362653,0.13043478260869562,0.24371865100025644,0.08028847798714858,0.05434782608695651,0.16509000274909405,0.0016598297359861902,0.021739130434782605,0.17506729705788265,0.011637124044774794,0.08695652173913042,0.16343017301310786,0.0,0.0,0.19870164850734112,0.03527147549423326,0.09782608695652173,0.2084600965738084,0.04502992356070054,0.08695652173913042,SSYTFPKM,0.08028847798714858,RTYTYEKL,-0.06555602823531667
297,AV6-6-CALGDSGGSNAKLTF-AJ42_BV19-CASSMGLSYNSPLYF-BJ1-6,6,multi-specific,"['HIYEFPQL', 'RAYLFNSV', 'RTYTYEKL', 'SNYLFTKL', 'SSYTFPKM', 'VIVRFLTV', 'VSFTYRYL']",7,"[0.13725490196078433, 0.058823529411764705, 0.058823529411764705, 0.27450980392156865, 0.058823529411764705, 0.13725490196078433, 0.17647058823529413]",SNYLFTKL,0.27450980392156865,SNYLFTKL,0.18300653594771243,True,"['HIYEFPQL', 'RAYLFNSV', 'RTYTYEKL', 'SNYLFTKL', 'SSYTFPKM', 'VIVRFLTV', 'VSFTYRYL']",7,"['ATLVFHNL', 'EEEPVKKI', 'INFDFPKL', 'SVYVYKVL', 'VAFDFTKV', 'VGPRYTNL']",0.0,0.0,"[0.16666667 0.         1.16666667 0.33333333 0.5        0.5
 2.33333333 0.5        0.         0.16666667 0.16666667 1.16666667
 1.5       ]",0.1632262182731982,0.16353275637565817,0.00030653810245998003,0.0196078431372549,0.1632262182731982,0.0,0.0,0.2178342038774525,0.05460798560425431,0.13725490196078433,0.1600384735865851,-0.003187744686613092,0.0392156862745098,0.17877214533222072,0.015545927059022524,0.058823529411764705,0.19453738702360868,0.031311168750410484,0.058823529411764705,0.16149076347461863,-0.001735454798579561,0.27450980392156865,0.16607943309089354,0.0028532148176953487,0.058823529411764705,0.1632262182731982,0.0,0.0,0.16466963758963324,0.0014434193164350462,0.0196078431372549,0.16353275637565817,0.00030653810245998003,0.0196078431372549,0.15404169575978666,-0.009184522513411536,0.13725490196078433,0.17193387002094013,0.008707651747741935,0.17647058823529413,HIYEFPQL,0.05460798560425431,VIVRFLTV,-0.009184522513411536
298,AV13N-3-CASSGSWQLIF-AJ22_BV31-CAWSLAGSGNTLYF-BJ1-3,19,multi-specific,"['ATLVFHNL', 'HIYEFPQL', 'INFDFPKL', 'RTYTYEKL', 'SNYLFTKL', 'SVYVYKVL', 'VAFDFTKV', 'VIVRFLTV', 'VSFTYRYL']",9,"[0.06896551724137931, 0.08620689655172414, 0.05747126436781609, 0.07471264367816093, 0.11494252873563218, 0.09770114942528736, 0.08045977011494253, 0.07471264367816093, 0.2471264367816092]",VSFTYRYL,0.2471264367816092,ATLVFHNL,0.0,False,"['ATLVFHNL', 'HIYEFPQL', 'INFDFPKL', 'RTYTYEKL', 'SNYLFTKL', 'SVYVYKVL', 'VAFDFTKV', 'VIVRFLTV', 'VSFTYRYL']",9,"['EEEPVKKI', 'RAYLFNSV', 'SSYTFPKM', 'VGPRYTNL']",0.0,0.0,"[0.63157895 0.         0.78947368 0.52631579 0.31578947 0.68421053
 1.05263158 0.36842105 0.89473684 0.73684211 0.21052632 0.68421053
 2.26315789]",0.1630735000178739,0.16463022292572854,0.0015567229078546352,0.06896551724137931,0.1630735000178739,0.0,0.0,0.1717946564522312,0.00872115643435728,0.08620689655172414,0.1687666063944274,0.005693106376553486,0.05747126436781609,0.18157222345032062,0.018498723432446712,0.034482758620689655,0.18014844000093758,0.01707493998306367,0.07471264367816093,0.19322462273198654,0.030151122714112633,0.11494252873563218,0.1809673329844693,0.017893832966595385,0.040229885057471264,0.19156312794726527,0.02848962792939136,0.09770114942528736,0.17880688898891497,0.015733388971041068,0.08045977011494253,0.163573253674709,0.0004997536568351058,0.022988505747126436,0.19412506546772204,0.031051565449848134,0.07471264367816093,0.13915675280599166,-0.02391674721188225,0.2471264367816092,VIVRFLTV,0.031051565449848134,VSFTYRYL,-0.02391674721188225
299,AV7-3-CAVSPGGYKVVF-AJ12_BV13-2-CASGDAQGAGQLYF-BJ2-2,18,multi-specific,"['HIYEFPQL', 'RTYTYEKL', 'SNYLFTKL', 'SVYVYKVL', 'VAFDFTKV', 'VIVRFLTV', 'VSFTYRYL']",7,"[0.09923664122137403, 0.1450381679389313, 0.08396946564885496, 0.10687022900763357, 0.06106870229007633, 0.2213740458015267, 0.1450381679389313]",VIVRFLTV,0.2213740458015267,ATLVFHNL,0.0,False,"['HIYEFPQL', 'RTYTYEKL', 'SNYLFTKL', 'SVYVYKVL', 'VAFDFTKV', 'VIVRFLTV', 'VSFTYRYL']",7,"['ATLVFHNL', 'EEEPVKKI', 'INFDFPKL', 'RAYLFNSV', 'SSYTFPKM', 'VGPRYTNL']",0.0,0.0,"[0.22222222 0.         0.72222222 0.         0.16666667 1.05555556
 0.61111111 0.33333333 0.77777778 0.44444444 0.27777778 1.61111111
 1.05555556]",0.16055930717291045,0.17115224007092394,0.010592932898013496,0.030534351145038163,0.16055930717291045,0.0,0.0,0.19491435657213982,0.03435504939922937,0.09923664122137403,0.16055930717291045,0.0,0.0,0.16500748309022636,0.004448175917315916,0.022900763358778622,0.17510689513165448,0.01454758795874403,0.1450381679389313,0.1772701149670607,0.01671080779415024,0.08396946564885496,0.1776439513141761,0.017084644141265648,0.045801526717557245,0.18898587471150752,0.02842656753859707,0.10687022900763357,0.16924556004464825,0.008686252871737798,0.06106870229007633,0.1624727689577984,0.0019134617848879654,0.038167938931297704,0.1394202333644975,-0.021139073808412956,0.2213740458015267,0.17779509554362213,0.017235788370711685,0.1450381679389313,HIYEFPQL,0.03435504939922937,VIVRFLTV,-0.021139073808412956
300,AV13-2-CAIVPGTGSNRLTF-AJ28_BV3-CASSLSNTEVFF-BJ1-1,7,multi-specific,"['HIYEFPQL', 'SNYLFTKL', 'SVYVYKVL', 'VGPRYTNL', 'VSFTYRYL']",5,"[0.08333333333333333, 0.2638888888888889, 0.09722222222222221, 0.11111111111111109, 0.4305555555555555]",VSFTYRYL,0.4305555555555555,ATLVFHNL,0.0,False,"['HIYEFPQL', 'SNYLFTKL', 'SVYVYKVL', 'VGPRYTNL', 'VSFTYRYL']",5,"['ATLVFHNL', 'EEEPVKKI', 'INFDFPKL', 'RAYLFNSV', 'RTYTYEKL', 'SSYTFPKM', 'VAFDFTKV', 'VIVRFLTV']",0.0,0.0,"[0.14285714 0.         0.85714286 0.         0.         0.
 2.71428571 0.         1.         0.         1.14285714 0.
 4.42857143]",0.16025887257255397,0.22436242160157557,0.0641035490290216,0.013888888888888886,0.16025887257255397,0.0,0.0,0.17506980973776765,0.014810937165213672,0.08333333333333333,0.16025887257255397,0.0,0.0,0.16025887257255397,0.0,0.0,0.16025887257255397,0.0,0.0,0.1406987051464372,-0.01956016742611677,0.2638888888888889,0.16025887257255397,0.0,0.0,0.2039704556687651,0.04371158309621112,0.09722222222222221,0.16025887257255397,0.0,0.0,0.20106266484007268,0.04080379226751871,0.11111111111111109,0.16025887257255397,0.0,0.0,0.20780945762602496,0.047550585053470984,0.4305555555555555,VSFTYRYL,0.047550585053470984,SNYLFTKL,-0.01956016742611677
301,AV13-1-CALGTNSAGNKLTF-AJ17_BV2-CASSQDRVYEQYF-BJ2-7,8,multi-specific,"['HIYEFPQL', 'RAYLFNSV', 'RTYTYEKL', 'SNYLFTKL', 'VIVRFLTV', 'VSFTYRYL']",6,"[0.25, 0.2, 0.11666666666666667, 0.1, 0.06666666666666667, 0.26666666666666666]",VSFTYRYL,0.26666666666666666,VSFTYRYL,0.26666666666666666,True,"['HIYEFPQL', 'RAYLFNSV', 'RTYTYEKL', 'SNYLFTKL', 'VIVRFLTV', 'VSFTYRYL']",6,"['ATLVFHNL', 'EEEPVKKI', 'INFDFPKL', 'SSYTFPKM', 'SVYVYKVL', 'VAFDFTKV', 'VGPRYTNL']",0.0,0.0,"[0.    0.    1.875 0.    1.5   0.875 0.75  0.    0.    0.    0.    0.5
 2.   ]",0.16001261241388093,0.16001261241388093,0.0,0.0,0.16001261241388093,0.0,0.0,0.1600301305177689,1.75181038879757e-05,0.25,0.16001261241388093,0.0,0.0,0.22602957754498088,0.06601696513109995,0.2,0.2088226827523883,0.04881007033850737,0.11666666666666667,0.20060920692511353,0.0405965945112326,0.1,0.16001261241388093,0.0,0.0,0.16001261241388093,0.0,0.0,0.16001261241388093,0.0,0.0,0.16001261241388093,0.0,0.0,0.21335014988517456,0.05333753747129363,0.06666666666666667,0.1560571354565412,-0.003955476957339721,0.26666666666666666,RAYLFNSV,0.06601696513109995,VSFTYRYL,-0.003955476957339721
302,AV9D-2-CVLSAVGDNSKLIW-AJ38_BV19-CASSIGRFGNTLYF-BJ1-3,6,multi-specific,"['INFDFPKL', 'RAYLFNSV', 'RTYTYEKL', 'SVYVYKVL', 'VGPRYTNL', 'VIVRFLTV', 'VSFTYRYL']",7,"[0.06896551724137931, 0.06896551724137931, 0.14942528735632182, 0.06896551724137931, 0.16091954022988506, 0.20689655172413793, 0.13793103448275862]",VIVRFLTV,0.20689655172413793,RTYTYEKL,0.29885057471264365,False,"['INFDFPKL', 'RAYLFNSV', 'RTYTYEKL', 'SVYVYKVL', 'VGPRYTNL', 'VIVRFLTV', 'VSFTYRYL']",7,"['ATLVFHNL', 'EEEPVKKI', 'HIYEFPQL', 'SNYLFTKL', 'SSYTFPKM', 'VAFDFTKV']",0.0,0.0,"[0.66666667 0.         0.16666667 1.         1.         2.16666667
 0.33333333 0.33333333 1.         0.5        2.33333333 3.
 2.        ]",0.1595775265526803,0.1613412861399077,0.0017637595872274092,0.04597701149425287,0.1595775265526803,0.0,0.0,0.16024411134897898,0.0006665847962986915,0.011494252873563218,0.1604278858748076,0.0008503593221273198,0.06896551724137931,0.16098619264549996,0.0014086660928196715,0.06896551724137931,0.159037070740605,-0.0005404558120752911,0.14942528735632182,0.1620482865357724,0.0024707599830921245,0.022988505747126436,0.22562197140797874,0.06604444485529845,0.022988505747126436,0.16157369023193607,0.0019961636792557858,0.06896551724137931,0.16054294867846577,0.0009654221257854867,0.034482758620689655,0.15397504885185923,-0.0056024777008210624,0.16091954022988506,0.14872371498209183,-0.010853811570588456,0.20689655172413793,0.16220006867354575,0.002622542120865462,0.13793103448275862,VSFTYRYL,0.002622542120865462,VIVRFLTV,-0.010853811570588456
303,AV8D-2-CATDPSSGQKLVF-AJ16_BV3-CASSLAWGASYEQYF-BJ2-7,5,multi-specific,"['ATLVFHNL', 'HIYEFPQL', 'RTYTYEKL', 'SNYLFTKL', 'SVYVYKVL', 'VIVRFLTV', 'VSFTYRYL']",7,"[0.08333333333333334, 0.16666666666666669, 0.16666666666666669, 0.16666666666666669, 0.2222222222222223, 0.11111111111111115, 0.08333333333333334]",SVYVYKVL,0.2222222222222223,SVYVYKVL,0.2222222222222223,True,"['ATLVFHNL', 'HIYEFPQL', 'RTYTYEKL', 'SNYLFTKL', 'SVYVYKVL', 'VIVRFLTV', 'VSFTYRYL']",7,"['EEEPVKKI', 'INFDFPKL', 'RAYLFNSV', 'SSYTFPKM', 'VAFDFTKV', 'VGPRYTNL']",0.0,0.0,[0.6 0.  1.2 0.  0.  1.2 1.2 0.  1.6 0.  0.  0.8 0.6],0.15957059596055476,0.2556344930981592,0.09606389713760446,0.08333333333333334,0.15957059596055476,0.0,0.0,0.17384653687087023,0.014275940910315477,0.16666666666666669,0.15957059596055476,0.0,0.0,0.15957059596055476,0.0,0.0,0.26595099326759125,0.1063803973070365,0.16666666666666669,0.15392611965279768,-0.005644476307757079,0.16666666666666669,0.15957059596055476,0.0,0.0,0.11098112205416803,-0.048589473906386724,0.2222222222222223,0.15957059596055476,0.0,0.0,0.15957059596055476,0.0,0.0,0.1762156803437856,0.01664508438323084,0.11111111111111115,0.1605887106111448,0.0010181146505900407,0.08333333333333334,RTYTYEKL,0.1063803973070365,SVYVYKVL,-0.048589473906386724
304,AV13D-2-CAIDRQGGRALIF-AJ15_BV13-1-CASSRTGVNQAPLF-BJ1-5,15,multi-specific,"['ATLVFHNL', 'HIYEFPQL', 'INFDFPKL', 'RTYTYEKL', 'SNYLFTKL', 'SVYVYKVL', 'VAFDFTKV', 'VGPRYTNL', 'VIVRFLTV', 'VSFTYRYL']",10,"[0.05025125628140703, 0.08040201005025124, 0.10552763819095476, 0.07537688442211055, 0.06030150753768844, 0.10552763819095476, 0.06532663316582914, 0.08040201005025124, 0.2211055276381909, 0.11557788944723618]",VIVRFLTV,0.2211055276381909,ATLVFHNL,0.0,False,"['ATLVFHNL', 'HIYEFPQL', 'INFDFPKL', 'RTYTYEKL', 'SNYLFTKL', 'SVYVYKVL', 'VAFDFTKV', 'VGPRYTNL', 'VIVRFLTV', 'VSFTYRYL']",10,"['EEEPVKKI', 'RAYLFNSV', 'SSYTFPKM']",0.0,0.0,"[0.66666667 0.         1.06666667 1.4        0.46666667 1.
 0.8        0.06666667 1.4        0.86666667 1.06666667 2.93333333
 1.53333333]",0.15797040890300357,0.16740678572868514,0.009436376825681575,0.05025125628140703,0.15797040890300357,0.0,0.0,0.1590905993055611,0.001120190402557536,0.08040201005025124,0.17398618187053677,0.016015772967533204,0.10552763819095476,0.16300949450296467,0.005039085599961107,0.035175879396984924,0.15893934626554546,0.0009689373625418884,0.07537688442211055,0.15719855009350384,-0.0007718588094997314,0.06030150753768844,0.15815035715398293,0.0001799482509793615,0.005025125628140703,0.16804060021701225,0.010070191314008686,0.10552763819095476,0.1570339926255028,-0.0009364162775007678,0.06532663316582914,0.17023609590013072,0.012265686997127156,0.08040201005025124,0.17675728146791306,0.01878687256490949,0.2211055276381909,0.17464578195902522,0.016675373056021653,0.11557788944723618,VIVRFLTV,0.01878687256490949,VAFDFTKV,-0.0009364162775007678
305,AV7-3-CAVSMKGGRALIF-AJ15_BV19-CASSIGGAREQYF-BJ2-7,115,multi-specific,"['ATLVFHNL', 'HIYEFPQL', 'INFDFPKL', 'RAYLFNSV', 'RTYTYEKL', 'SNYLFTKL', 'SVYVYKVL', 'VGPRYTNL', 'VIVRFLTV', 'VSFTYRYL']",10,"[0.0735171261487051, 0.09022556390977444, 0.060985797827903095, 0.09523809523809525, 0.0735171261487051, 0.09774436090225563, 0.07685881370091897, 0.06015037593984963, 0.14285714285714288, 0.15037593984962408]",VSFTYRYL,0.15037593984962408,ATLVFHNL,0.0,False,"['ATLVFHNL', 'HIYEFPQL', 'INFDFPKL', 'RAYLFNSV', 'RTYTYEKL', 'SNYLFTKL', 'SVYVYKVL', 'VGPRYTNL', 'VIVRFLTV', 'VSFTYRYL']",10,"['EEEPVKKI', 'SSYTFPKM', 'VAFDFTKV']",0.0,0.0,"[0.76521739 0.         0.93913043 0.63478261 0.99130435 0.76521739
 1.0173913  0.39130435 0.8        0.42608696 0.62608696 1.48695652
 1.56521739]",0.1560604496079381,0.16843782905302052,0.01237737944508241,0.0735171261487051,0.1560604496079381,0.0,0.0,0.16594776663272715,0.009887317024789039,0.09022556390977444,0.164992630809234,0.00893218120129588,0.060985797827903095,0.16335002269718027,0.007289573089242163,0.09523809523809525,0.1689278391219493,0.012867389514011202,0.0735171261487051,0.16894892327832797,0.012888473670389866,0.09774436090225563,0.16546773431903627,0.009407284711098168,0.03759398496240602,0.16562618343779104,0.00956573382985293,0.07685881370091897,0.168892624282924,0.012832174674985902,0.04093567251461988,0.1633393990333907,0.007278949425452597,0.06015037593984963,0.16174573120236493,0.005685281594426828,0.14285714285714288,0.15584665162321626,-0.0002137979847218474,0.15037593984962408,SNYLFTKL,0.012888473670389866,VSFTYRYL,-0.0002137979847218474
306,AV7-6-CAVYGNEKITF-AJ48_BV5-CASSPDRGYTQYF-BJ2-5,12,multi-specific,"['ATLVFHNL', 'HIYEFPQL', 'RAYLFNSV', 'VAFDFTKV', 'VGPRYTNL', 'VSFTYRYL']",6,"[0.26153846153846155, 0.15384615384615385, 0.1076923076923077, 0.19999999999999998, 0.13846153846153844, 0.12307692307692307]",ATLVFHNL,0.26153846153846155,ATLVFHNL,0.0,True,"['ATLVFHNL', 'HIYEFPQL', 'RAYLFNSV', 'VAFDFTKV', 'VGPRYTNL', 'VSFTYRYL']",6,"['EEEPVKKI', 'INFDFPKL', 'RTYTYEKL', 'SNYLFTKL', 'SSYTFPKM', 'SVYVYKVL', 'VIVRFLTV']",0.0,0.0,"[1.41666667 0.         0.83333333 0.         0.58333333 0.
 0.         0.         0.         1.08333333 0.75       0.08333333
 0.66666667]",0.15596902657605732,0.1374767989760507,-0.018492227600006628,0.26153846153846155,0.15596902657605732,0.0,0.0,0.17731039982070604,0.021341373244648715,0.15384615384615385,0.15596902657605732,0.0,0.0,0.1871628318912688,0.031193805315211487,0.1076923076923077,0.15596902657605732,0.0,0.0,0.15596902657605732,0.0,0.0,0.15596902657605732,0.0,0.0,0.15596902657605732,0.0,0.0,0.2081054786980178,0.05213645212196047,0.19999999999999998,0.1870718746751302,0.031102848099072877,0.13846153846153844,0.1871628318912688,0.031193805315211487,0.015384615384615384,0.15956189312943914,0.0035928665533818127,0.12307692307692307,VAFDFTKV,0.05213645212196047,ATLVFHNL,-0.018492227600006628
307,AV14-2-CAATASSGSWQLIF-AJ22_BV13-2-CASGDWGGEVETLYF-BJ2-3,6,multi-specific,"['ATLVFHNL', 'HIYEFPQL', 'RTYTYEKL', 'SNYLFTKL', 'VAFDFTKV', 'VIVRFLTV', 'VSFTYRYL']",7,"[0.12820512820512822, 0.07692307692307693, 0.07692307692307693, 0.10256410256410256, 0.10256410256410256, 0.3076923076923077, 0.1794871794871795]",VIVRFLTV,0.3076923076923077,VSFTYRYL,0.11965811965811966,False,"['ATLVFHNL', 'HIYEFPQL', 'RTYTYEKL', 'SNYLFTKL', 'VAFDFTKV', 'VIVRFLTV', 'VSFTYRYL']",7,"['EEEPVKKI', 'INFDFPKL', 'RAYLFNSV', 'SSYTFPKM', 'SVYVYKVL', 'VGPRYTNL']",0.0,0.0,"[0.83333333 0.         0.5        0.         0.         0.5
 0.66666667 0.         0.         0.66666667 0.16666667 2.
 1.16666667]",0.1558027151412283,0.20459483307109833,0.04879211792987004,0.12820512820512822,0.1558027151412283,0.0,0.0,0.15985139175999777,0.004048676618769481,0.07692307692307693,0.1558027151412283,0.0,0.0,0.1558027151412283,0.0,0.0,0.15985139175999777,0.004048676618769481,0.07692307692307693,0.1364092148877967,-0.01939350025343159,0.10256410256410256,0.1558027151412283,0.0,0.0,0.1558027151412283,0.0,0.0,0.20433011764482506,0.04852740250359677,0.10256410256410256,0.15861799004789717,0.0028152749066688854,0.02564102564102564,0.19782749535248795,0.04202478021125966,0.3076923076923077,0.16303997084390048,0.007237255702672196,0.1794871794871795,ATLVFHNL,0.04879211792987004,SNYLFTKL,-0.01939350025343159
308,AV14-2-CAATNSAGNKLTF-AJ17_BV26-CASSRTLSGNTLYF-BJ1-3,8,multi-specific,"['ATLVFHNL', 'HIYEFPQL', 'RAYLFNSV', 'SNYLFTKL', 'SSYTFPKM', 'VAFDFTKV', 'VGPRYTNL', 'VIVRFLTV', 'VSFTYRYL']",9,"[0.09322033898305085, 0.0847457627118644, 0.1440677966101695, 0.11864406779661017, 0.05084745762711865, 0.05084745762711865, 0.06779661016949153, 0.2033898305084746, 0.1016949152542373]",VIVRFLTV,0.2033898305084746,ATLVFHNL,0.0,False,"['ATLVFHNL', 'HIYEFPQL', 'RAYLFNSV', 'SNYLFTKL', 'SSYTFPKM', 'VAFDFTKV', 'VGPRYTNL', 'VIVRFLTV', 'VSFTYRYL']",9,"['EEEPVKKI', 'INFDFPKL', 'RTYTYEKL', 'SVYVYKVL']",0.0,0.0,"[1.375 0.    1.25  0.375 2.125 0.375 1.75  0.75  0.5   0.75  1.    3.
 1.5  ]",0.15531153781116686,0.17235833156510652,0.017046793753939665,0.09322033898305085,0.15531153781116686,0.0,0.0,0.15757258568078894,0.002261047869622085,0.0847457627118644,0.15862783365737587,0.0033162958462090164,0.025423728813559324,0.16602275552363974,0.010711217712472881,0.1440677966101695,0.162201383753731,0.006889845942564143,0.025423728813559324,0.152194788024444,-0.0031167497867228555,0.11864406779661017,0.18357301603026946,0.028261478219102604,0.05084745762711865,0.15543978414385476,0.00012824633268790353,0.03389830508474576,0.15439236181873373,-0.00091917599243313,0.05084745762711865,0.15829622719968262,0.00298468938851576,0.06779661016949153,0.15768608543689444,0.0023745476257275855,0.2033898305084746,0.14134820117559477,-0.013963336635572088,0.1016949152542373,SSYTFPKM,0.028261478219102604,VSFTYRYL,-0.013963336635572088
309,AV16-CAMRETGYQNFYF-AJ49_BV13-1-CASSDAYTEVFF-BJ1-1,24,multi-specific,"['ATLVFHNL', 'HIYEFPQL', 'RTYTYEKL', 'SNYLFTKL', 'SVYVYKVL', 'VGPRYTNL', 'VIVRFLTV', 'VSFTYRYL']",8,"[0.09375, 0.05357142857142857, 0.09375, 0.10714285714285714, 0.20089285714285712, 0.07142857142857142, 0.1919642857142857, 0.07142857142857142]",SVYVYKVL,0.20089285714285712,ATLVFHNL,0.0,False,"['ATLVFHNL', 'HIYEFPQL', 'RTYTYEKL', 'SNYLFTKL', 'SVYVYKVL', 'VGPRYTNL', 'VIVRFLTV', 'VSFTYRYL']",8,"['EEEPVKKI', 'INFDFPKL', 'RAYLFNSV', 'SSYTFPKM', 'VAFDFTKV']",0.0,0.0,"[0.875      0.         0.5        0.04166667 0.375      0.875
 1.         0.41666667 1.875      0.25       0.66666667 1.79166667
 0.66666667]",0.15311577025249412,0.16514867054799345,0.012032900295499332,0.09375,0.15311577025249412,0.0,0.0,0.1694468463604503,0.01633107610795617,0.05357142857142857,0.15317527603710757,5.950578461344502e-05,0.004464285714285714,0.16598310186356305,0.012867331611068927,0.040178571428571425,0.17039335852625948,0.017277588273765354,0.09375,0.1639027871945923,0.010787016942098188,0.10714285714285714,0.15455529589542827,0.0014395256429341474,0.044642857142857144,0.13617608583731874,-0.016939684415175377,0.20089285714285712,0.1661303246619506,0.01301455440945648,0.026785714285714284,0.16096308372105858,0.00784731346856446,0.07142857142857142,0.18903175615351642,0.035915985901022296,0.1919642857142857,0.16822256156499676,0.015106791312502643,0.07142857142857142,VIVRFLTV,0.035915985901022296,SVYVYKVL,-0.016939684415175377
310,AV8D-2-CATDSQGGRALIF-AJ15_BV3-CASSLHSSYEQYF-BJ2-7,7,multi-specific,"['ATLVFHNL', 'SNYLFTKL', 'VGPRYTNL', 'VIVRFLTV']",4,"[0.4545454545454546, 0.21212121212121215, 0.060606060606060615, 0.21212121212121215]",ATLVFHNL,0.4545454545454546,ATLVFHNL,0.0,True,"['ATLVFHNL', 'SNYLFTKL', 'VGPRYTNL', 'VIVRFLTV']",4,"['EEEPVKKI', 'HIYEFPQL', 'INFDFPKL', 'RAYLFNSV', 'RTYTYEKL', 'SSYTFPKM', 'SVYVYKVL', 'VAFDFTKV', 'VSFTYRYL']",0.0,0.0,"[2.14285714 0.         0.         0.         0.14285714 0.
 1.         0.         0.14285714 0.         0.28571429 1.
 0.        ]",0.15240745071851802,0.14751187501211097,-0.004895575706407057,0.4545454545454546,0.15240745071851802,0.0,0.0,0.15240745071851802,0.0,0.0,0.15240745071851802,0.0,0.0,0.15269342189787066,0.0002859711793526398,0.030303030303030307,0.15240745071851802,0.0,0.0,0.19919188932714751,0.04678443860862949,0.21212121212121215,0.15240745071851802,0.0,0.0,0.15269342189787066,0.0002859711793526398,0.030303030303030307,0.15240745071851802,0.0,0.0,0.19919188932714751,0.04678443860862949,0.060606060606060615,0.2200556465088878,0.06764819579036976,0.21212121212121215,0.15240745071851802,0.0,0.0,VIVRFLTV,0.06764819579036976,ATLVFHNL,-0.004895575706407057
311,AV14D-1-CAASASNYNVLYF-AJ21_BV5-CASSRDWDEQYF-BJ2-7,9,multi-specific,"['HIYEFPQL', 'RAYLFNSV', 'RTYTYEKL', 'SNYLFTKL', 'SVYVYKVL', 'VAFDFTKV', 'VGPRYTNL', 'VSFTYRYL']",8,"[0.15151515151515152, 0.10606060606060605, 0.07575757575757576, 0.13636363636363635, 0.0909090909090909, 0.16666666666666666, 0.13636363636363635, 0.0909090909090909]",VAFDFTKV,0.16666666666666666,ATLVFHNL,0.0,False,"['HIYEFPQL', 'RAYLFNSV', 'RTYTYEKL', 'SNYLFTKL', 'SVYVYKVL', 'VAFDFTKV', 'VGPRYTNL', 'VSFTYRYL']",8,"['ATLVFHNL', 'EEEPVKKI', 'INFDFPKL', 'SSYTFPKM', 'VIVRFLTV']",0.0,0.0,"[0.         0.         1.11111111 0.11111111 0.77777778 0.55555556
 1.         0.11111111 0.66666667 1.22222222 1.         0.11111111
 0.66666667]",0.14897719953240277,0.14897719953240277,0.0,0.0,0.14897719953240277,0.0,0.0,0.18500860067263483,0.03603140114023207,0.15151515151515152,0.1490868652227525,0.00010966569034973062,0.01515151515151515,0.15375739134754945,0.004780191815146689,0.10606060606060605,0.15771603486054014,0.008738835328137379,0.07575757575757576,0.16188537492044291,0.01290817538804015,0.13636363636363635,0.19154211368451785,0.04256491415211508,0.01515151515151515,0.15926262884656983,0.010285429314167066,0.0909090909090909,0.1470388588669609,-0.0019383406654418789,0.16666666666666666,0.1586571269732208,0.009679927440818026,0.13636363636363635,0.1490868652227525,0.00010966569034973062,0.01515151515151515,0.14507740977942474,-0.003899789752978028,0.0909090909090909,HIYEFPQL,0.03603140114023207,VSFTYRYL,-0.003899789752978028
312,AV8D-2-CATDAQGGRALIF-AJ15_BV19-CASSIGTSQNTLYF-BJ2-4,8,multi-specific,"['HIYEFPQL', 'RAYLFNSV', 'RTYTYEKL', 'SNYLFTKL', 'VAFDFTKV', 'VSFTYRYL']",6,"[0.25742574257425743, 0.0594059405940594, 0.07920792079207921, 0.24752475247524752, 0.0891089108910891, 0.10891089108910891]",HIYEFPQL,0.25742574257425743,SNYLFTKL,0.24752475247524752,False,"['HIYEFPQL', 'RAYLFNSV', 'RTYTYEKL', 'SNYLFTKL', 'VAFDFTKV', 'VSFTYRYL']",6,"['ATLVFHNL', 'EEEPVKKI', 'INFDFPKL', 'SSYTFPKM', 'SVYVYKVL', 'VGPRYTNL', 'VIVRFLTV']",0.0,0.0,"[0.625 0.    3.25  0.    0.75  1.    3.125 0.    0.5   1.125 0.625 0.25
 1.375]",0.14861988872422133,0.15386629627329115,0.005246407549069826,0.04950495049504951,0.14861988872422133,0.0,0.0,0.17494118083717167,0.02632129211295034,0.25742574257425743,0.14861988872422133,0.0,0.0,0.14995911282422456,0.0013392241000032279,0.0594059405940594,0.1551134724178938,0.006493583693672478,0.07920792079207921,0.1584739146820031,0.009854025957781759,0.24752475247524752,0.14861988872422133,0.0,0.0,0.19315860620117442,0.044538717476953094,0.039603960396039604,0.15079572019143034,0.0021758314672090107,0.0891089108910891,0.1620446727763026,0.013424784052081279,0.04950495049504951,0.15960045393804823,0.010980565213826898,0.019801980198019802,0.1392013299907743,-0.009418558733447019,0.10891089108910891,HIYEFPQL,0.02632129211295034,VSFTYRYL,-0.009418558733447019
313,AV6D-7-CALGGNYNQGKLIF-AJ23_BV13-1-CASSDALYAEQFF-BJ2-1,26,multi-specific,"['ATLVFHNL', 'HIYEFPQL', 'RTYTYEKL', 'SNYLFTKL', 'SVYVYKVL', 'VAFDFTKV', 'VIVRFLTV', 'VSFTYRYL']",8,"[0.05725190839694657, 0.08396946564885498, 0.06488549618320612, 0.17175572519083973, 0.11068702290076339, 0.05725190839694657, 0.1755725190839695, 0.15648854961832065]",VIVRFLTV,0.1755725190839695,ATLVFHNL,0.0,False,"['ATLVFHNL', 'HIYEFPQL', 'RTYTYEKL', 'SNYLFTKL', 'SVYVYKVL', 'VAFDFTKV', 'VIVRFLTV', 'VSFTYRYL']",8,"['EEEPVKKI', 'INFDFPKL', 'RAYLFNSV', 'SSYTFPKM', 'VGPRYTNL']",0.0,0.0,"[0.57692308 0.         0.84615385 0.19230769 0.42307692 0.65384615
 1.73076923 0.26923077 1.11538462 0.57692308 0.34615385 1.76923077
 1.57692308]",0.14841002067950035,0.15752619137082902,0.009116170691328668,0.05725190839694657,0.14841002067950035,0.0,0.0,0.1464069011137569,-0.0020031195657434497,0.08396946564885498,0.15310810964199853,0.004698088962498181,0.01908396946564886,0.15856934528523317,0.010159324605732822,0.04198473282442749,0.17082267155097697,0.02241265087147662,0.06488549618320612,0.13851008938272982,-0.009899931296770526,0.17175572519083973,0.1491466950968296,0.0007366744173292472,0.0267175572519084,0.15727157176809017,0.008861551088589825,0.11068702290076339,0.15290923928954883,0.004499218610048483,0.05725190839694657,0.15229949535484524,0.003889474675344895,0.03435114503816795,0.15789794274951105,0.009487922070010701,0.1755725190839695,0.15439053406046369,0.005980513380963337,0.15648854961832065,RTYTYEKL,0.02241265087147662,SNYLFTKL,-0.009899931296770526
314,AV7D-5-CAVSLTQVVGQLTF-AJ5_BV14-CASARDWGYEQYF-BJ2-7,5,multi-specific,"['SNYLFTKL', 'VGPRYTNL', 'VIVRFLTV', 'VSFTYRYL']",4,"[0.21052631578947367, 0.3508771929824561, 0.2807017543859649, 0.14035087719298245]",VGPRYTNL,0.3508771929824561,VIVRFLTV,0.2807017543859649,False,"['SNYLFTKL', 'VGPRYTNL', 'VIVRFLTV', 'VSFTYRYL']",4,"['ATLVFHNL', 'EEEPVKKI', 'HIYEFPQL', 'INFDFPKL', 'RAYLFNSV', 'RTYTYEKL', 'SSYTFPKM', 'SVYVYKVL', 'VAFDFTKV']",0.0,0.0,[0.  0.  0.2 0.  0.  0.  2.4 0.  0.  0.  4.  3.2 1.6],0.14720290430467692,0.14720290430467692,0.0,0.0,0.14720290430467692,0.0,0.0,0.2453381738411282,0.09813526953645127,0.017543859649122806,0.14720290430467692,0.0,0.0,0.14720290430467692,0.0,0.0,0.14720290430467692,0.0,0.0,0.1863515536879568,0.03914864938327989,0.21052631578947367,0.14720290430467692,0.0,0.0,0.14720290430467692,0.0,0.0,0.14720290430467692,0.0,0.0,0.21848221283897132,0.0712793085342944,0.3508771929824561,0.11766968108291043,-0.02953322322176649,0.2807017543859649,0.22198464826335876,0.07478174395868184,0.14035087719298245,VSFTYRYL,0.07478174395868184,VIVRFLTV,-0.02953322322176649
315,AV10N-CAASMAGGNYKPTF-AJ6_BV1-CTCSADSGGNYAEQFF-BJ2-1,8,multi-specific,"['ATLVFHNL', 'HIYEFPQL', 'SNYLFTKL', 'SSYTFPKM', 'VGPRYTNL', 'VIVRFLTV', 'VSFTYRYL']",7,"[0.07017543859649122, 0.07017543859649122, 0.2982456140350877, 0.05263157894736842, 0.07017543859649122, 0.17543859649122806, 0.17543859649122806]",SNYLFTKL,0.2982456140350877,SNYLFTKL,0.5964912280701754,True,"['ATLVFHNL', 'HIYEFPQL', 'SNYLFTKL', 'SSYTFPKM', 'VGPRYTNL', 'VIVRFLTV', 'VSFTYRYL']",7,"['EEEPVKKI', 'INFDFPKL', 'RAYLFNSV', 'RTYTYEKL', 'SVYVYKVL', 'VAFDFTKV']",0.0,0.0,"[0.5   0.    0.5   0.    0.    0.25  2.125 0.375 0.25  0.125 0.5   1.25
 1.25 ]",0.14450033632156573,0.17913507558008393,0.034634739258518205,0.07017543859649122,0.14450033632156575,2.7755575615628914e-17,0.0,0.14995595772826362,0.005455621406697891,0.07017543859649122,0.14450033632156575,2.7755575615628914e-17,0.0,0.14450033632156575,2.7755575615628914e-17,0.0,0.14256209828854968,-0.0019382380330160431,0.03508771929824561,0.11709943224219342,-0.027400904079372304,0.2982456140350877,0.16498599943902215,0.02048566311745642,0.05263157894736842,0.13725767078723566,-0.007242665534330062,0.03508771929824561,0.14765428732949978,0.0031539510079340582,0.017543859649122806,0.14236277639606834,-0.0021375599254973843,0.07017543859649122,0.16644854483552532,0.021948208513959594,0.17543859649122806,0.14612913161238458,0.0016287952908188574,0.17543859649122806,ATLVFHNL,0.034634739258518205,SNYLFTKL,-0.027400904079372304
316,AV19-CAADQGGSAKLIF-AJ57_BV4-CASSYAETLYF-BJ2-3,5,multi-specific,"['ATLVFHNL', 'HIYEFPQL', 'INFDFPKL', 'SNYLFTKL', 'SVYVYKVL', 'VGPRYTNL', 'VIVRFLTV', 'VSFTYRYL']",8,"[0.14285714285714288, 0.19642857142857145, 0.08035714285714286, 0.1517857142857143, 0.08928571428571429, 0.09821428571428573, 0.053571428571428575, 0.13392857142857142]",HIYEFPQL,0.19642857142857145,ATLVFHNL,0.03571428571428572,False,"['ATLVFHNL', 'HIYEFPQL', 'INFDFPKL', 'SNYLFTKL', 'SVYVYKVL', 'VGPRYTNL', 'VIVRFLTV', 'VSFTYRYL']",8,"['EEEPVKKI', 'RAYLFNSV', 'RTYTYEKL', 'SSYTFPKM', 'VAFDFTKV']",0.0,0.0,[3.2 0.  4.4 1.8 0.  0.2 3.4 0.6 2.  0.4 2.2 1.2 3. ],0.14376032042249198,0.19048956693574348,0.0467292465132515,0.14285714285714288,0.14376032042249198,0.0,0.0,0.17642194676743997,0.032661626344947986,0.19642857142857145,0.2181296489397698,0.07436932851727782,0.08035714285714286,0.14376032042249198,0.0,0.0,0.14381924788488684,5.89274623948588e-05,0.00892857142857143,0.2041780281992563,0.06041770777676431,0.1517857142857143,0.14370207774572158,-5.824267677040362e-05,0.026785714285714288,0.14325083175294182,-0.0005094886695501677,0.08928571428571429,0.14401714170186525,0.00025682127937326493,0.01785714285714286,0.14479527417640656,0.0010349537539145748,0.09821428571428573,0.14595577407358246,0.002195453651090473,0.053571428571428575,0.14329742750097935,-0.0004628929215126365,0.13392857142857142,INFDFPKL,0.07436932851727782,SVYVYKVL,-0.0005094886695501677
317,AV14-2-CAASGNNNNAPRF-AJ43_BV16-CASSLGHSYEQYF-BJ2-7,18,multi-specific,"['ATLVFHNL', 'HIYEFPQL', 'RAYLFNSV', 'RTYTYEKL', 'SNYLFTKL', 'SVYVYKVL', 'VSFTYRYL']",7,"[0.14743589743589744, 0.10256410256410256, 0.05128205128205128, 0.05128205128205128, 0.16025641025641027, 0.17948717948717952, 0.21153846153846154]",VSFTYRYL,0.21153846153846154,ATLVFHNL,0.0,False,"['ATLVFHNL', 'HIYEFPQL', 'RAYLFNSV', 'RTYTYEKL', 'SNYLFTKL', 'SVYVYKVL', 'VSFTYRYL']",7,"['EEEPVKKI', 'INFDFPKL', 'SSYTFPKM', 'VAFDFTKV', 'VGPRYTNL', 'VIVRFLTV']",0.0,0.0,"[1.27777778 0.         0.88888889 0.27777778 0.44444444 0.44444444
 1.38888889 0.16666667 1.55555556 0.11111111 0.05555556 0.22222222
 1.83333333]",0.1436819298206939,0.15940094156908374,0.015719011748389855,0.14743589743589744,0.1436819298206939,0.0,0.0,0.1491301857641114,0.005448255943417524,0.10256410256410256,0.16164217104828063,0.017960241227586743,0.032051282051282055,0.14486440188554114,0.0011824720648472564,0.05128205128205128,0.15257370854440583,0.00889177872371194,0.05128205128205128,0.16166934648336023,0.017987416662666345,0.16025641025641027,0.16164217104828063,0.017960241227586743,0.019230769230769232,0.14796589710052077,0.0042839672798268835,0.17948717948717952,0.14515491432876718,0.0014729845080732884,0.01282051282051282,0.14403248067449942,0.0003505508538055313,0.00641025641025641,0.157276593542336,0.013594663721642114,0.02564102564102564,0.1544982673765736,0.010816337555879713,0.21153846153846154,SNYLFTKL,0.017987416662666345,RAYLFNSV,0.0011824720648472564
318,AV12-3-CALSNSGTYQRF-AJ13_BV19-CASSPSGTTNTEVFF-BJ1-1,12,multi-specific,"['ATLVFHNL', 'HIYEFPQL', 'RTYTYEKL', 'VIVRFLTV', 'VSFTYRYL']",5,"[0.15789473684210525, 0.29824561403508776, 0.2456140350877193, 0.10526315789473684, 0.07017543859649122]",HIYEFPQL,0.29824561403508776,ATLVFHNL,0.0,False,"['ATLVFHNL', 'HIYEFPQL', 'RTYTYEKL', 'VIVRFLTV', 'VSFTYRYL']",5,"['EEEPVKKI', 'INFDFPKL', 'RAYLFNSV', 'SNYLFTKL', 'SSYTFPKM', 'SVYVYKVL', 'VAFDFTKV', 'VGPRYTNL']",0.0,0.0,"[0.75       0.         1.41666667 0.         0.         1.16666667
 0.16666667 0.16666667 0.         0.08333333 0.16666667 0.5
 0.33333333]",0.14181287356689917,0.18327583070071266,0.04146295713381348,0.15789473684210525,0.14181287356689917,0.0,0.0,0.12224123571640601,-0.019571637850493165,0.29824561403508776,0.14181287356689917,0.0,0.0,0.14181287356689917,0.0,0.0,0.11671453280840123,-0.025098340758497942,0.2456140350877193,0.16867805183337173,0.026865178266472556,0.03508771929824561,0.1684862878365904,0.02667341426969122,0.03508771929824561,0.14181287356689917,0.0,0.0,0.1519325573055217,0.010119683738622515,0.017543859649122806,0.15771506910655608,0.01590219553965691,0.03508771929824561,0.16693112193105278,0.025118248364153606,0.10526315789473684,0.16693112193105278,0.025118248364153606,0.07017543859649122,ATLVFHNL,0.04146295713381348,RTYTYEKL,-0.025098340758497942
319,AV16-CAMRESITGNTGKLIF-AJ37_BV26-CASSRDWDQDTQYF-BJ2-5,5,multi-specific,"['ATLVFHNL', 'INFDFPKL', 'RTYTYEKL', 'SNYLFTKL', 'VIVRFLTV']",5,"[0.24137931034482754, 0.06896551724137931, 0.2068965517241379, 0.17241379310344826, 0.27586206896551724]",VIVRFLTV,0.27586206896551724,ATLVFHNL,0.0,False,"['ATLVFHNL', 'INFDFPKL', 'RTYTYEKL', 'SNYLFTKL', 'VIVRFLTV']",5,"['EEEPVKKI', 'HIYEFPQL', 'RAYLFNSV', 'SSYTFPKM', 'SVYVYKVL', 'VAFDFTKV', 'VGPRYTNL', 'VSFTYRYL']",0.0,0.0,[1.4 0.  0.  0.4 0.  1.2 1.  0.  0.2 0.  0.  1.6 0. ],0.14038625030804214,0.1469659130350269,0.006579662726984764,0.24137931034482754,0.14038625030804214,0.0,0.0,0.14038625030804214,0.0,0.0,0.14357390617954943,0.0031876558715072945,0.06896551724137931,0.14038625030804214,0.0,0.0,0.21458671899339446,0.07420046868535232,0.2068965517241379,0.14770978917519928,0.007323538867157142,0.17241379310344826,0.14038625030804214,0.0,0.0,0.23397708384673688,0.09359083353869474,0.034482758620689655,0.14038625030804214,0.0,0.0,0.14038625030804214,0.0,0.0,0.14462843622627394,0.004242185918231806,0.27586206896551724,0.14038625030804214,0.0,0.0,RTYTYEKL,0.07420046868535232,INFDFPKL,0.0031876558715072945
320,AV13-2-CAIEENAGAKLTF-AJ39_BV13-3-CASSDRYTLYF-BJ2-4,6,multi-specific,"['HIYEFPQL', 'RTYTYEKL', 'SNYLFTKL', 'VGPRYTNL', 'VIVRFLTV', 'VSFTYRYL']",6,"[0.07500000000000001, 0.12500000000000003, 0.30000000000000004, 0.12500000000000003, 0.12500000000000003, 0.2]",SNYLFTKL,0.30000000000000004,VSFTYRYL,0.4,False,"['HIYEFPQL', 'RTYTYEKL', 'SNYLFTKL', 'VGPRYTNL', 'VIVRFLTV', 'VSFTYRYL']",6,"['ATLVFHNL', 'EEEPVKKI', 'INFDFPKL', 'RAYLFNSV', 'SSYTFPKM', 'SVYVYKVL', 'VAFDFTKV']",0.0,0.0,"[0.16666667 0.         0.5        0.         0.         0.83333333
 2.         0.         0.16666667 0.         0.83333333 0.83333333
 1.33333333]",0.13991593294349164,0.14127043271449835,0.001354499771006712,0.025,0.13991593294349164,0.0,0.0,0.12864601636529,-0.011269916578201644,0.07500000000000001,0.13991593294349164,0.0,0.0,0.13991593294349164,0.0,0.0,0.14499590613612603,0.005079973192634396,0.12500000000000003,0.17264167774896672,0.03272574480547508,0.30000000000000004,0.13991593294349164,0.0,0.0,0.13991593294349164,0.0,0.025,0.13991593294349164,0.0,0.0,0.19946576816100076,0.05954983521750912,0.12500000000000003,0.13991593294349164,0.0,0.12500000000000003,0.05788878390658714,-0.0820271490369045,0.2,VGPRYTNL,0.05954983521750912,VSFTYRYL,-0.0820271490369045
321,AV16N-CAMREVYQGGRALIF-AJ15_BV16-CASSFVGNQDTQYF-BJ2-5,18,multi-specific,"['ATLVFHNL', 'HIYEFPQL', 'INFDFPKL', 'RAYLFNSV', 'RTYTYEKL', 'SNYLFTKL', 'SVYVYKVL', 'VIVRFLTV', 'VSFTYRYL']",9,"[0.19672131147540986, 0.09836065573770493, 0.06557377049180328, 0.054644808743169404, 0.07103825136612023, 0.10928961748633881, 0.10382513661202186, 0.12568306010928962, 0.09836065573770493]",ATLVFHNL,0.19672131147540986,ATLVFHNL,0.0,True,"['ATLVFHNL', 'HIYEFPQL', 'INFDFPKL', 'RAYLFNSV', 'RTYTYEKL', 'SNYLFTKL', 'SVYVYKVL', 'VIVRFLTV', 'VSFTYRYL']",9,"['EEEPVKKI', 'SSYTFPKM', 'VAFDFTKV', 'VGPRYTNL']",0.0,0.0,"[2.         0.         1.         0.66666667 0.55555556 0.72222222
 1.11111111 0.44444444 1.05555556 0.22222222 0.11111111 1.27777778
 1.        ]",0.13929843896089392,0.12717584485261105,-0.01212259410828287,0.19672131147540986,0.13929843896089392,0.0,0.0,0.14845693430302764,0.009158495342133727,0.09836065573770493,0.14284386131164728,0.0035454223507533633,0.06557377049180328,0.15126686782273022,0.0119684288618363,0.054644808743169404,0.16244017239537675,0.023141733434482836,0.07103825136612023,0.14658364217781922,0.007285203216925301,0.10928961748633881,0.1462412426674473,0.0069428037065533965,0.04371584699453552,0.15004905202153443,0.010750613060640513,0.10382513661202186,0.13996393487023973,0.000665495909345809,0.02185792349726776,0.14224659780622537,0.00294815884533145,0.01092896174863388,0.15051125368033777,0.011212814719443853,0.12568306010928962,0.14636379359348314,0.007065354632589227,0.09836065573770493,RTYTYEKL,0.023141733434482836,ATLVFHNL,-0.01212259410828287
322,AV6D-3-CAMSNTNTGKLTF-AJ27_BV13-1-CASSAGLYAEQFF-BJ2-1,5,multi-specific,"['ATLVFHNL', 'INFDFPKL', 'SNYLFTKL', 'SSYTFPKM', 'VIVRFLTV']",5,"[0.11363636363636363, 0.11363636363636363, 0.45454545454545453, 0.09090909090909091, 0.11363636363636363]",SNYLFTKL,0.45454545454545453,ATLVFHNL,0.0,False,"['ATLVFHNL', 'INFDFPKL', 'SNYLFTKL', 'SSYTFPKM', 'VIVRFLTV']",5,"['EEEPVKKI', 'HIYEFPQL', 'RAYLFNSV', 'RTYTYEKL', 'SVYVYKVL', 'VAFDFTKV', 'VGPRYTNL', 'VSFTYRYL']",0.0,0.0,[1.  0.  0.  1.  0.  0.4 4.  0.8 0.4 0.  0.  1.  0.2],0.13841205385776217,0.12907833018672057,-0.0093337236710416,0.11363636363636363,0.13841205385776217,0.0,0.0,0.13841205385776217,0.0,0.0,0.13841205385776217,0.0,0.11363636363636363,0.13841205385776217,0.0,0.0,0.1343809009567005,-0.00403115290106168,0.045454545454545456,0.17071067811865473,0.032298624260892556,0.45454545454545453,0.13841205385776217,0.0,0.09090909090909091,0.12683413664763835,-0.011577917210123828,0.045454545454545456,0.13841205385776217,0.0,0.0,0.13841205385776217,0.0,0.0,0.13841205385776217,0.0,0.11363636363636363,0.14404878648195424,0.0056367326241920646,0.022727272727272728,SNYLFTKL,0.032298624260892556,ATLVFHNL,-0.0093337236710416
323,AV4-4/DV10-CAAEVASSSFSKLVF-AJ50_BV16-CASSLEGATQYF-BJ2-5,10,multi-specific,"['HIYEFPQL', 'SNYLFTKL', 'VGPRYTNL', 'VIVRFLTV', 'VSFTYRYL']",5,"[0.07352941176470587, 0.16176470588235295, 0.5147058823529411, 0.07352941176470587, 0.058823529411764705]",VGPRYTNL,0.5147058823529411,VIVRFLTV,0.14705882352941174,False,"['HIYEFPQL', 'SNYLFTKL', 'VGPRYTNL', 'VIVRFLTV', 'VSFTYRYL']",5,"['ATLVFHNL', 'EEEPVKKI', 'INFDFPKL', 'RAYLFNSV', 'RTYTYEKL', 'SSYTFPKM', 'SVYVYKVL', 'VAFDFTKV']",0.0,0.0,[0.6 0.  1.  0.4 0.1 0.1 2.2 0.1 0.2 0.1 7.  1.  0.8],0.13760384987373675,0.13606538477055125,-0.0015384651031855046,0.044117647058823525,0.13760384987373675,0.0,0.0,0.1487875369733537,0.011183687099616951,0.07352941176470587,0.1374731870494473,-0.00013066282428944587,0.029411764705882353,0.1396618639485729,0.002058014074836162,0.007352941176470588,0.13760693475380417,3.0848800674221355e-06,0.007352941176470588,0.1453161737469001,0.00771232387316334,0.16176470588235295,0.13783170226716976,0.000227852393433009,0.007352941176470588,0.13954356962386485,0.001939719750128105,0.014705882352941176,0.17200481234217097,0.034400962468434215,0.007352941176470588,0.19365571686262323,0.05605186698888648,0.5147058823529411,0.15584437438165355,0.0182405245079168,0.07352941176470587,0.16088891439338565,0.0232850645196489,0.058823529411764705,VGPRYTNL,0.05605186698888648,SNYLFTKL,0.00771232387316334
324,AV14-2-CAASGTGYQNFYF-AJ49_BV2-CASSQAWGNQDTQYF-BJ2-5,7,multi-specific,"['ATLVFHNL', 'HIYEFPQL', 'INFDFPKL', 'RAYLFNSV', 'RTYTYEKL', 'SNYLFTKL', 'SVYVYKVL', 'VIVRFLTV']",8,"[0.2037037037037037, 0.2037037037037037, 0.1111111111111111, 0.1111111111111111, 0.05555555555555555, 0.09259259259259259, 0.05555555555555555, 0.07407407407407407]",ATLVFHNL,0.2037037037037037,ATLVFHNL,0.0,True,"['ATLVFHNL', 'HIYEFPQL', 'INFDFPKL', 'RAYLFNSV', 'RTYTYEKL', 'SNYLFTKL', 'SVYVYKVL', 'VIVRFLTV']",8,"['EEEPVKKI', 'SSYTFPKM', 'VAFDFTKV', 'VGPRYTNL', 'VSFTYRYL']",0.0,0.0,"[1.57142857 0.         1.57142857 0.85714286 0.85714286 0.42857143
 0.71428571 0.28571429 0.42857143 0.         0.14285714 0.57142857
 0.28571429]",0.13580070219417736,0.08518137690532743,-0.05061932528884994,0.2037037037037037,0.13580070219417736,0.0,0.0,0.17051732370875042,0.034716621514573054,0.2037037037037037,0.1499011814175969,0.014100479223419532,0.1111111111111111,0.17160364821908664,0.03580294602490927,0.1111111111111111,0.13876380545877712,0.0029631032645997535,0.05555555555555555,0.14487369662272126,0.009072994428543896,0.09259259259259259,0.12577456313705324,-0.010026139057124128,0.037037037037037035,0.1415764592113508,0.00577575701717345,0.05555555555555555,0.13580070219417736,0.0,0.0,0.14021122449259923,0.004410522298421871,0.018518518518518517,0.13897978419893392,0.003179082004756556,0.07407407407407407,0.13708102858126509,0.0012803263870877213,0.037037037037037035,RAYLFNSV,0.03580294602490927,ATLVFHNL,-0.05061932528884994
325,AV10N-CAASMDYANKMIF-AJ47_BV3-CASSLATGYEQYF-BJ2-7,9,multi-specific,"['HIYEFPQL', 'SNYLFTKL', 'SVYVYKVL', 'VGPRYTNL', 'VIVRFLTV', 'VSFTYRYL']",6,"[0.05555555555555555, 0.2777777777777778, 0.05555555555555555, 0.05555555555555555, 0.1388888888888889, 0.3888888888888889]",VSFTYRYL,0.3888888888888889,ATLVFHNL,0.0,False,"['HIYEFPQL', 'SNYLFTKL', 'SVYVYKVL', 'VGPRYTNL', 'VIVRFLTV', 'VSFTYRYL']",6,"['ATLVFHNL', 'EEEPVKKI', 'INFDFPKL', 'RAYLFNSV', 'RTYTYEKL', 'SSYTFPKM', 'VAFDFTKV']",0.0,0.0,"[0.11111111 0.         0.22222222 0.         0.         0.
 1.11111111 0.         0.22222222 0.         0.22222222 0.55555556
 1.55555556]",0.13448542126252902,0.17290982733753732,0.0384244060750083,0.027777777777777776,0.13448542126252902,0.0,0.0,0.17290982733753732,0.0384244060750083,0.05555555555555555,0.13448542126252902,0.0,0.0,0.13448542126252902,0.0,0.0,0.13448542126252902,0.0,0.0,0.16727464021399285,0.03278921895146383,0.2777777777777778,0.13448542126252902,0.0,0.0,0.17290982733753732,0.0384244060750083,0.05555555555555555,0.13448542126252902,0.0,0.0,0.1619264977308805,0.027441076468351477,0.05555555555555555,0.15918659777560434,0.024701176513075324,0.1388888888888889,0.09793902860693356,-0.036546392655595464,0.3888888888888889,HIYEFPQL,0.0384244060750083,VSFTYRYL,-0.036546392655595464
326,AV6-6-CALGDLTGGNNKLTF-AJ56_BV13-3-CASKDRGREQYF-BJ2-7,15,multi-specific,"['ATLVFHNL', 'HIYEFPQL', 'INFDFPKL', 'RAYLFNSV', 'SNYLFTKL', 'SVYVYKVL', 'VAFDFTKV', 'VGPRYTNL', 'VSFTYRYL']",9,"[0.0604026845637584, 0.10067114093959734, 0.14093959731543626, 0.10067114093959734, 0.10738255033557048, 0.08053691275167787, 0.06711409395973154, 0.12751677852348994, 0.11409395973154364]",INFDFPKL,0.14093959731543626,ATLVFHNL,0.0,False,"['ATLVFHNL', 'HIYEFPQL', 'INFDFPKL', 'RAYLFNSV', 'SNYLFTKL', 'SVYVYKVL', 'VAFDFTKV', 'VGPRYTNL', 'VSFTYRYL']",9,"['EEEPVKKI', 'RTYTYEKL', 'SSYTFPKM', 'VIVRFLTV']",0.0,0.0,"[0.6        0.         1.         1.4        1.         0.33333333
 1.06666667 0.2        0.8        0.66666667 1.26666667 0.46666667
 1.13333333]",0.13330796396696754,0.1364744620576269,0.0031664980906593587,0.0604026845637584,0.13330796396696754,0.0,0.0,0.12681217797396266,-0.006495785993004877,0.10067114093959734,0.15211966731134077,0.018811703344373237,0.14093959731543626,0.14791431892270682,0.014606354955739281,0.10067114093959734,0.13536334332092473,0.002055379353957193,0.03355704697986577,0.1327507721904992,-0.0005571917764683465,0.10738255033557048,0.15151506600716821,0.01820710204020068,0.02013422818791947,0.12566997135953537,-0.00763799260743217,0.08053691275167787,0.1492675304738231,0.015959566506855566,0.06711409395973154,0.14511535467549952,0.011807390708531984,0.12751677852348994,0.13359684331770938,0.0002888793507418441,0.04697986577181209,0.14384251808031143,0.010534554113343891,0.11409395973154364,INFDFPKL,0.018811703344373237,SVYVYKVL,-0.00763799260743217
327,AV7-3-CAVSDYNQGKLIF-AJ23_BV1-CTCSGDRVGNTLYF-BJ1-3,5,multi-specific,"['ATLVFHNL', 'RAYLFNSV', 'SNYLFTKL', 'VIVRFLTV', 'VSFTYRYL']",5,"[0.08, 0.16, 0.36, 0.08, 0.27999999999999997]",SNYLFTKL,0.36,SNYLFTKL,0.36,True,"['ATLVFHNL', 'RAYLFNSV', 'SNYLFTKL', 'VIVRFLTV', 'VSFTYRYL']",5,"['EEEPVKKI', 'HIYEFPQL', 'INFDFPKL', 'RTYTYEKL', 'SSYTFPKM', 'SVYVYKVL', 'VAFDFTKV', 'VGPRYTNL']",0.0,0.0,[0.4 0.  0.  0.  0.8 0.  1.8 0.  0.  0.  0.2 0.4 1.4],0.13307257312707466,0.12461829819586656,-0.008454274931208094,0.08,0.13307257312707466,0.0,0.0,0.13307257312707466,0.0,0.0,0.13307257312707466,0.0,0.0,0.13790707711032696,0.004834503983252303,0.16,0.13307257312707466,0.0,0.0,0.029012942659282965,-0.1040596304677917,0.36,0.13307257312707466,0.0,0.0,0.13307257312707466,0.0,0.0,0.13307257312707466,0.0,0.0,0.1366508333068916,0.003578260179816939,0.04,0.22178762187845777,0.08871504875138311,0.08,0.16380711874576986,0.030734545618695208,0.27999999999999997,VIVRFLTV,0.08871504875138311,SNYLFTKL,-0.1040596304677917
328,AV7D-5-CADRNNYAQGLTF-AJ26_BV1-CTCSADRLQNTLYF-BJ2-4,39,multi-specific,"['ATLVFHNL', 'RAYLFNSV', 'RTYTYEKL', 'SNYLFTKL', 'SSYTFPKM', 'SVYVYKVL', 'VAFDFTKV', 'VIVRFLTV', 'VSFTYRYL']",9,"[0.12720848056537104, 0.053003533568904596, 0.09187279151943463, 0.15194346289752653, 0.060070671378091876, 0.07773851590106007, 0.10600706713780919, 0.12367491166077739, 0.09540636042402827]",SNYLFTKL,0.15194346289752653,ATLVFHNL,0.0,False,"['ATLVFHNL', 'RAYLFNSV', 'RTYTYEKL', 'SNYLFTKL', 'SSYTFPKM', 'SVYVYKVL', 'VAFDFTKV', 'VIVRFLTV', 'VSFTYRYL']",9,"['EEEPVKKI', 'HIYEFPQL', 'INFDFPKL', 'VGPRYTNL']",0.0,0.0,"[0.92307692 0.         0.33333333 0.12820513 0.38461538 0.66666667
 1.1025641  0.43589744 0.56410256 0.76923077 0.35897436 0.8974359
 0.69230769]",0.1320301396840627,0.13925702619676697,0.007226886512704284,0.12720848056537104,0.1320301396840627,0.0,0.0,0.14609146262713138,0.014061322943068694,0.045936395759717315,0.1330539639654287,0.0010238242813660203,0.017667844522968195,0.14108398886679835,0.009053849182735663,0.053003533568904596,0.14158368741318317,0.009553547729120482,0.09187279151943463,0.11817987970543752,-0.01385025997862517,0.15194346289752653,0.14394258547425584,0.011912445790193155,0.060070671378091876,0.1417653004462351,0.009735160762172401,0.07773851590106007,0.13958822918833894,0.00755808950427625,0.10600706713780919,0.14465784278175958,0.012627703097696896,0.04946996466431095,0.13836601308492438,0.006335873400861697,0.12367491166077739,0.1482890328704524,0.016258893186389706,0.09540636042402827,VSFTYRYL,0.016258893186389706,SNYLFTKL,-0.01385025997862517
329,AV7-5-CAVSLDSNYQLIW-AJ33_BV30-CSSWDRTNTGQLYF-BJ2-2,5,multi-specific,"['ATLVFHNL', 'HIYEFPQL', 'RTYTYEKL', 'SVYVYKVL', 'VAFDFTKV', 'VSFTYRYL']",6,"[0.13793103448275865, 0.22413793103448282, 0.06896551724137932, 0.15517241379310348, 0.06896551724137932, 0.24137931034482762]",VSFTYRYL,0.24137931034482762,ATLVFHNL,0.0,False,"['ATLVFHNL', 'HIYEFPQL', 'RTYTYEKL', 'SVYVYKVL', 'VAFDFTKV', 'VSFTYRYL']",6,"['EEEPVKKI', 'INFDFPKL', 'RAYLFNSV', 'SNYLFTKL', 'SSYTFPKM', 'VGPRYTNL', 'VIVRFLTV']",0.0,0.0,[1.6 0.  2.6 0.4 0.2 0.8 0.  0.  1.8 0.8 0.2 0.4 2.8],0.13172329420866663,0.13637674094576485,0.004653446737098221,0.13793103448275865,0.13172329420866663,0.0,0.0,0.04307055216465324,-0.08865274204401338,0.22413793103448282,0.13197517092992395,0.00025187672125731586,0.03448275862068966,0.13445170702667897,0.002728412818012338,0.01724137931034483,0.13275816975761107,0.0010348755489444361,0.06896551724137932,0.13172329420866663,0.0,0.0,0.13172329420866663,0.0,0.0,0.14775457007335563,0.016031275864689,0.15517241379310348,0.14008480217918642,0.008361507970519794,0.06896551724137932,0.13178585132538873,6.255711672209507e-05,0.01724137931034483,0.21953882368111102,0.08781552947244439,0.03448275862068966,0.1541912956855366,0.022468001476869975,0.24137931034482762,VSFTYRYL,0.022468001476869975,HIYEFPQL,-0.08865274204401338
330,AV14-2-CAASGTEGADRLTF-AJ45_BV1-CTCSAVRVTGQLYF-BJ2-2,17,multi-specific,"['INFDFPKL', 'RAYLFNSV', 'SNYLFTKL', 'VGPRYTNL', 'VIVRFLTV', 'VSFTYRYL']",6,"[0.11409395973154361, 0.27516778523489926, 0.1610738255033557, 0.08053691275167785, 0.060402684563758385, 0.1610738255033557]",RAYLFNSV,0.27516778523489926,ATLVFHNL,0.0,False,"['INFDFPKL', 'RAYLFNSV', 'SNYLFTKL', 'VGPRYTNL', 'VIVRFLTV', 'VSFTYRYL']",6,"['ATLVFHNL', 'EEEPVKKI', 'HIYEFPQL', 'RTYTYEKL', 'SSYTFPKM', 'SVYVYKVL', 'VAFDFTKV']",0.0,0.0,"[0.23529412 0.         0.41176471 1.         2.41176471 0.41176471
 1.41176471 0.         0.05882353 0.17647059 0.70588235 0.52941176
 1.41176471]",0.131096506401277,0.1308935620243595,-0.00020294437691750766,0.026845637583892613,0.131096506401277,0.0,0.0,0.1318832444933687,0.0007867380920916767,0.046979865771812075,0.152930471702505,0.021833965301227998,0.11409395973154361,0.1582291149592009,0.027132608557923876,0.27516778523489926,0.13609706939571192,0.0050005629944349095,0.046979865771812075,0.1559364781825452,0.024839971781268178,0.1610738255033557,0.131096506401277,0.0,0.0,0.13296334195448245,0.001866835553205437,0.006711409395973153,0.1485760405881139,0.017479534186836898,0.020134228187919462,0.14511153120932227,0.014015024808045257,0.08053691275167785,0.1263366667190699,-0.004759839682207112,0.060402684563758385,0.15370915886697697,0.02261265246569996,0.1610738255033557,RAYLFNSV,0.027132608557923876,VIVRFLTV,-0.004759839682207112
331,AV6N-6-CALSAHYGNEKITF-AJ48_BV14-CASSFPSGQNTEVFF-BJ1-1,11,multi-specific,"['HIYEFPQL', 'RAYLFNSV', 'RTYTYEKL', 'SNYLFTKL', 'SVYVYKVL', 'VAFDFTKV', 'VGPRYTNL']",7,"[0.29473684210526313, 0.0631578947368421, 0.05263157894736842, 0.18947368421052632, 0.07368421052631578, 0.10526315789473684, 0.10526315789473684]",HIYEFPQL,0.29473684210526313,HIYEFPQL,0.29473684210526313,True,"['HIYEFPQL', 'RAYLFNSV', 'RTYTYEKL', 'SNYLFTKL', 'SVYVYKVL', 'VAFDFTKV', 'VGPRYTNL']",7,"['ATLVFHNL', 'EEEPVKKI', 'INFDFPKL', 'SSYTFPKM', 'VIVRFLTV', 'VSFTYRYL']",0.0,0.0,"[0.18181818 0.         2.54545455 0.18181818 0.54545455 0.45454545
 1.63636364 0.36363636 0.63636364 0.90909091 0.90909091 0.09090909
 0.18181818]",0.12970137448314611,0.13513516522355856,0.0054337907404124475,0.021052631578947368,0.12970137448314611,0.0,0.0,0.0827698216787253,-0.04693155280442081,0.29473684210526313,0.1494517179135372,0.019750343430391087,0.021052631578947368,0.13271738253290596,0.0030160080497598496,0.0631578947368421,0.13559133551270156,0.0058899610295554405,0.05263157894736842,0.14677566069337686,0.017074286210230744,0.18947368421052632,0.15002816252019735,0.020326788037051235,0.042105263157894736,0.14425671440314192,0.014555339919995802,0.07368421052631578,0.17088897556308344,0.041187601079937325,0.10526315789473684,0.1585239021460675,0.0288225276629214,0.10526315789473684,0.1304098345747115,0.0007084600915653883,0.010526315789473684,0.15609455794328206,0.026393183460135944,0.021052631578947368,VAFDFTKV,0.041187601079937325,HIYEFPQL,-0.04693155280442081
332,AV14D-1-CAASAGTQVVGQLTF-AJ5_BV1-CTCSAAGDTQYF-BJ2-5,5,multi-specific,"['ATLVFHNL', 'HIYEFPQL', 'INFDFPKL', 'SNYLFTKL', 'VAFDFTKV', 'VIVRFLTV', 'VSFTYRYL']",7,"[0.11764705882352937, 0.07843137254901959, 0.15686274509803919, 0.09803921568627448, 0.11764705882352937, 0.21568627450980388, 0.17647058823529407]",VIVRFLTV,0.21568627450980388,ATLVFHNL,0.0,False,"['ATLVFHNL', 'HIYEFPQL', 'INFDFPKL', 'SNYLFTKL', 'VAFDFTKV', 'VIVRFLTV', 'VSFTYRYL']",7,"['EEEPVKKI', 'RAYLFNSV', 'RTYTYEKL', 'SSYTFPKM', 'SVYVYKVL', 'VGPRYTNL']",0.0,0.0,[1.2 0.  0.8 1.6 0.  0.  1.  0.  0.2 1.2 0.2 2.2 1.8],0.12857140740048528,0.14461808241398116,0.01604667501349588,0.11764705882352937,0.12857140740048528,0.0,0.0,0.09643454880305093,-0.032136858597434356,0.07843137254901959,0.12857140740048528,0.0,0.15686274509803919,0.12857140740048528,0.0,0.0,0.12857140740048528,0.0,0.0,0.13837674305080686,0.009805335650321573,0.09803921568627448,0.12857140740048528,0.0,0.0,0.15786072928183054,0.029289321881345254,0.019607843137254898,0.12857140740048528,0.0,0.11764705882352937,0.12857140740048528,0.0,0.019607843137254898,0.11629490870250994,-0.012276498697975341,0.21568627450980388,0.11629490870250994,-0.012276498697975341,0.17647058823529407,ATLVFHNL,0.01604667501349588,HIYEFPQL,-0.032136858597434356
333,AV3D-3-CAVSLYGSSGNKLIF-AJ32_BV5-CASSRDRGDERLFF-BJ1-4,7,multi-specific,"['ATLVFHNL', 'HIYEFPQL', 'RAYLFNSV', 'RTYTYEKL', 'SVYVYKVL', 'VIVRFLTV']",6,"[0.05660377358490566, 0.22641509433962265, 0.18867924528301888, 0.07547169811320754, 0.11320754716981132, 0.18867924528301888]",HIYEFPQL,0.22641509433962265,ATLVFHNL,0.0,False,"['ATLVFHNL', 'HIYEFPQL', 'RAYLFNSV', 'RTYTYEKL', 'SVYVYKVL', 'VIVRFLTV']",6,"['EEEPVKKI', 'INFDFPKL', 'SNYLFTKL', 'SSYTFPKM', 'VAFDFTKV', 'VGPRYTNL', 'VSFTYRYL']",0.0,0.0,"[0.42857143 0.         1.71428571 0.         1.42857143 0.57142857
 0.14285714 0.28571429 0.85714286 0.28571429 0.14285714 1.42857143
 0.28571429]",0.12830141071554507,0.13519994150979373,0.006898530794248653,0.05660377358490566,0.12830141071554507,0.0,0.0,0.0860021753097055,-0.042299235405839575,0.22641509433962265,0.12830141071554507,0.0,0.0,0.11127870359053241,-0.017022707125012665,0.18867924528301888,0.13329747497103903,0.004996064255493954,0.07547169811320754,0.1796219750017631,0.051320564286218034,0.018867924528301886,0.13070106077059124,0.0023996500550461652,0.03773584905660377,0.17026782465396462,0.041966413938419544,0.11320754716981132,0.13070106077059124,0.0023996500550461652,0.03773584905660377,0.12905672055705122,0.0007553098415061521,0.018867924528301886,0.16492939484918334,0.03662798413363827,0.18867924528301888,0.13070106077059124,0.0023996500550461652,0.03773584905660377,SVYVYKVL,0.041966413938419544,HIYEFPQL,-0.042299235405839575
334,AV2-CIVTDMNYNQGKLIF-AJ23_BV19-CASSPTGPNSDYTF-BJ1-2,14,multi-specific,"['ATLVFHNL', 'HIYEFPQL', 'RTYTYEKL', 'SNYLFTKL', 'SSYTFPKM', 'SVYVYKVL', 'VIVRFLTV', 'VSFTYRYL']",8,"[0.14583333333333334, 0.0625, 0.0625, 0.10416666666666667, 0.08333333333333333, 0.16666666666666666, 0.14583333333333334, 0.18750000000000003]",VSFTYRYL,0.18750000000000003,ATLVFHNL,0.0,False,"['ATLVFHNL', 'HIYEFPQL', 'RTYTYEKL', 'SNYLFTKL', 'SSYTFPKM', 'SVYVYKVL', 'VIVRFLTV', 'VSFTYRYL']",8,"['EEEPVKKI', 'INFDFPKL', 'RAYLFNSV', 'VAFDFTKV', 'VGPRYTNL']",0.0,0.0,"[0.5        0.         0.21428571 0.         0.         0.21428571
 0.35714286 0.28571429 0.57142857 0.14285714 0.         0.5
 0.64285714]",0.12830071977977886,0.14782565183522214,0.019524932055443284,0.14583333333333334,0.12830071977977886,0.0,0.0,0.14979316694565573,0.021492447165876866,0.0625,0.12830071977977886,0.0,0.0,0.12830071977977886,0.0,0.0,0.13808752865394963,0.009786808874170771,0.0625,0.13049875512265233,0.0021980353428734667,0.10416666666666667,0.14203792834894446,0.013737208569165604,0.08333333333333333,0.1422894107177919,0.013988690938013026,0.16666666666666666,0.1384865309685601,0.01018581118878123,0.041666666666666664,0.12830071977977886,0.0,0.0,0.1449388652652942,0.016638145485515343,0.14583333333333334,0.14022799883798998,0.011927279058211115,0.18750000000000003,HIYEFPQL,0.021492447165876866,SNYLFTKL,0.0021980353428734667
335,AV14D-1-CAASSAGNTGKLIF-AJ37_BV31-CAWSARGSGNTLYF-BJ1-3,14,multi-specific,"['ATLVFHNL', 'HIYEFPQL', 'INFDFPKL', 'RAYLFNSV', 'SNYLFTKL', 'SVYVYKVL', 'VAFDFTKV', 'VIVRFLTV', 'VSFTYRYL']",9,"[0.10526315789473685, 0.07894736842105264, 0.06578947368421054, 0.1973684210526316, 0.13157894736842107, 0.13157894736842107, 0.06578947368421054, 0.06578947368421054, 0.15789473684210528]",RAYLFNSV,0.1973684210526316,ATLVFHNL,0.0,False,"['ATLVFHNL', 'HIYEFPQL', 'INFDFPKL', 'RAYLFNSV', 'SNYLFTKL', 'SVYVYKVL', 'VAFDFTKV', 'VIVRFLTV', 'VSFTYRYL']",9,"['EEEPVKKI', 'RTYTYEKL', 'SSYTFPKM', 'VGPRYTNL']",0.0,0.0,"[0.57142857 0.         0.42857143 0.35714286 1.07142857 0.
 0.71428571 0.         0.71428571 0.35714286 0.         0.35714286
 0.85714286]",0.12491011645451225,0.1570730393539487,0.03216292289943645,0.10526315789473685,0.12491011645451225,0.0,0.0,0.140231571641586,0.015321455187073757,0.07894736842105264,0.13840617589770224,0.01349605944318999,0.06578947368421054,0.14371014623674266,0.018800029782230415,0.1973684210526316,0.12491011645451225,0.0,0.0,0.12467326049862669,-0.0002368559558855593,0.13157894736842107,0.12491011645451225,0.0,0.0,0.11946504277402356,-0.005445073680488688,0.13157894736842107,0.14572846919693097,0.020818352742418722,0.06578947368421054,0.12491011645451225,0.0,0.0,0.1358332243093291,0.010923107854816844,0.06578947368421054,0.14281789102871795,0.017907774574205698,0.15789473684210528,ATLVFHNL,0.03216292289943645,SVYVYKVL,-0.005445073680488688
336,AV19-CAAGVGDNSKLIW-AJ38_BV14-CASRYRDTQYF-BJ2-5,7,multi-specific,"['ATLVFHNL', 'INFDFPKL', 'RAYLFNSV', 'SNYLFTKL', 'SSYTFPKM', 'SVYVYKVL', 'VGPRYTNL', 'VSFTYRYL']",8,"[0.10606060606060608, 0.09090909090909093, 0.16666666666666669, 0.18181818181818185, 0.10606060606060608, 0.09090909090909093, 0.10606060606060608, 0.10606060606060608]",SNYLFTKL,0.18181818181818185,ATLVFHNL,0.0,False,"['ATLVFHNL', 'INFDFPKL', 'RAYLFNSV', 'SNYLFTKL', 'SSYTFPKM', 'SVYVYKVL', 'VGPRYTNL', 'VSFTYRYL']",8,"['EEEPVKKI', 'HIYEFPQL', 'RTYTYEKL', 'VAFDFTKV', 'VIVRFLTV']",0.0,0.0,"[1.         0.         0.14285714 0.85714286 1.57142857 0.14285714
 1.71428571 1.         0.85714286 0.         1.         0.14285714
 1.        ]",0.12412159682736319,0.11431626802305273,-0.009805328804310467,0.10606060606060608,0.1241215968273632,1.3877787807814457e-17,0.0,0.12444408747957353,0.000322490652210336,0.015151515151515154,0.11619762720067264,-0.00792396962669055,0.09090909090909093,0.12052029240243207,-0.0036013044249311177,0.16666666666666669,0.12511470867661875,0.0009931118492555596,0.015151515151515154,0.17558288517631113,0.051461288348947934,0.18181818181818185,0.12813380522790693,0.00401220840054374,0.10606060606060608,0.12653602940433797,0.0024144325769747815,0.09090909090909093,0.1241215968273632,1.3877787807814457e-17,0.0,0.13668052115776017,0.012558924330396973,0.10606060606060608,0.1737702355583085,0.04964863873094531,0.015151515151515154,0.1235259326822006,-0.000595664145162586,0.10606060606060608,SNYLFTKL,0.051461288348947934,ATLVFHNL,-0.009805328804310467
337,AV9D-3-CALRSSSFSKLVF-AJ50_BV19-CASSSRTGGHAEQFF-BJ2-1,11,multi-specific,"['INFDFPKL', 'RAYLFNSV', 'RTYTYEKL', 'SNYLFTKL', 'SSYTFPKM', 'SVYVYKVL', 'VIVRFLTV', 'VSFTYRYL']",8,"[0.060000000000000005, 0.07, 0.07, 0.060000000000000005, 0.05, 0.14, 0.28, 0.15]",VIVRFLTV,0.28,ATLVFHNL,0.0,False,"['INFDFPKL', 'RAYLFNSV', 'RTYTYEKL', 'SNYLFTKL', 'SSYTFPKM', 'SVYVYKVL', 'VIVRFLTV', 'VSFTYRYL']",8,"['ATLVFHNL', 'EEEPVKKI', 'HIYEFPQL', 'VAFDFTKV', 'VGPRYTNL']",0.0,0.0,"[0.09090909 0.         0.36363636 0.54545455 0.63636364 0.63636364
 0.54545455 0.45454545 1.27272727 0.36363636 0.27272727 2.54545455
 1.36363636]",0.12144422722770767,0.1484318332783094,0.026987606050601715,0.010000000000000002,0.12144422722770767,0.0,0.0,0.12092450956108822,-0.000519717666619457,0.04000000000000001,0.13396087791823644,0.012516650690528763,0.060000000000000005,0.12226105223022797,0.0008168250025202967,0.07,0.1351268364056369,0.01368260917792924,0.07,0.12212639178977024,0.0006821645620625622,0.060000000000000005,0.1484318332783094,0.026987606050601715,0.05,0.12097359803327863,-0.0004706291944290425,0.14,0.124504689348773,0.0030604621210653243,0.04000000000000001,0.12166055478064179,0.00021632755293411743,0.030000000000000002,0.07725177473885458,-0.04419245248885309,0.28,0.11937088117867975,-0.0020733460490279243,0.15,SSYTFPKM,0.026987606050601715,VIVRFLTV,-0.04419245248885309
338,AV13-1-CAFNNAGAKLTF-AJ39_BV3-CASSYRDWGVEQYF-BJ2-7,6,multi-specific,"['HIYEFPQL', 'INFDFPKL', 'RTYTYEKL', 'SNYLFTKL', 'SSYTFPKM', 'SVYVYKVL', 'VIVRFLTV', 'VSFTYRYL']",8,"[0.05714285714285714, 0.08571428571428572, 0.1, 0.2, 0.07142857142857144, 0.05714285714285714, 0.15714285714285714, 0.17142857142857143]",SNYLFTKL,0.2,ATLVFHNL,0.08571428571428572,False,"['HIYEFPQL', 'INFDFPKL', 'RTYTYEKL', 'SNYLFTKL', 'SSYTFPKM', 'SVYVYKVL', 'VIVRFLTV', 'VSFTYRYL']",8,"['ATLVFHNL', 'EEEPVKKI', 'RAYLFNSV', 'VAFDFTKV', 'VGPRYTNL']",0.0,0.0,"[0.5        0.         0.66666667 1.         0.16666667 1.16666667
 2.33333333 0.83333333 0.66666667 0.         0.5        1.83333333
 2.        ]",0.12051289040760753,0.16027027317975545,0.03975738277214792,0.04285714285714286,0.12051289040760753,0.0,0.0,0.12068565968602908,0.00017276927842155287,0.05714285714285714,0.12092648368273261,0.00041359327512507926,0.08571428571428572,0.12059242769809717,7.953729048963687e-05,0.014285714285714285,0.14813682416077945,0.027623933753171917,0.1,0.11630201758313277,-0.004210872824474757,0.2,0.12079031745569348,0.00027742704808594865,0.07142857142857144,0.12068565968602908,0.00017276927842155287,0.05714285714285714,0.12051289040760753,0.0,0.0,0.11989456335224553,-0.0006183270553619946,0.04285714285714286,0.14813682416077945,0.027623933753171917,0.15714285714285714,0.16932733278409912,0.04881444237649159,0.17142857142857143,VSFTYRYL,0.04881444237649159,SNYLFTKL,-0.004210872824474757
339,AV6D-7-CALVLNTNTGKLTF-AJ27_BV31-CAWSLAGSGNTLYF-BJ1-3,5,multi-specific,"['ATLVFHNL', 'HIYEFPQL', 'RAYLFNSV', 'VIVRFLTV']",4,"[0.2857142857142857, 0.09523809523809523, 0.2857142857142857, 0.2857142857142857]",ATLVFHNL,0.2857142857142857,VIVRFLTV,0.2857142857142857,False,"['ATLVFHNL', 'HIYEFPQL', 'RAYLFNSV', 'VIVRFLTV']",4,"['EEEPVKKI', 'INFDFPKL', 'RTYTYEKL', 'SNYLFTKL', 'SSYTFPKM', 'SVYVYKVL', 'VAFDFTKV', 'VGPRYTNL', 'VSFTYRYL']",0.0,0.0,[1.2 0.  0.4 0.  1.2 0.  0.  0.  0.2 0.  0.  1.2 0. ],0.1204984257821375,0.22013967603874765,0.09964125025661015,0.2857142857142857,0.1204984257821375,0.0,0.0,0.13733370921454197,0.016835283432404466,0.09523809523809523,0.1204984257821375,0.0,0.0,0.16948601884222714,0.04898759306008964,0.2857142857142857,0.1204984257821375,0.0,0.0,0.1204984257821375,0.0,0.0,0.1204984257821375,0.0,0.0,0.20083070963689584,0.08033228385475834,0.047619047619047616,0.1204984257821375,0.0,0.0,0.1204984257821375,0.0,0.0,0.13867504905630726,0.01817662327416976,0.2857142857142857,0.1204984257821375,0.0,0.0,ATLVFHNL,0.09964125025661015,HIYEFPQL,0.016835283432404466
340,AV15-1/DV6-1-CALWEPPHNNNAPRF-AJ43_BV16-CASSLRTGVYEQYF-BJ2-7,13,multi-specific,"['ATLVFHNL', 'HIYEFPQL', 'INFDFPKL', 'RAYLFNSV', 'SNYLFTKL', 'SVYVYKVL', 'VGPRYTNL', 'VIVRFLTV', 'VSFTYRYL']",9,"[0.08181818181818182, 0.16363636363636364, 0.12727272727272726, 0.07272727272727272, 0.13636363636363635, 0.05454545454545455, 0.07272727272727272, 0.08181818181818182, 0.1727272727272727]",VSFTYRYL,0.1727272727272727,ATLVFHNL,0.0,False,"['ATLVFHNL', 'HIYEFPQL', 'INFDFPKL', 'RAYLFNSV', 'SNYLFTKL', 'SVYVYKVL', 'VGPRYTNL', 'VIVRFLTV', 'VSFTYRYL']",9,"['EEEPVKKI', 'RTYTYEKL', 'SSYTFPKM', 'VAFDFTKV']",0.0,0.0,"[0.69230769 0.         1.38461538 1.07692308 0.61538462 0.07692308
 1.15384615 0.         0.46153846 0.23076923 0.61538462 0.69230769
 1.46153846]",0.12001319734368487,0.11899890923723291,-0.0010142881064519604,0.08181818181818182,0.12001319734368487,0.0,0.0,0.10877029363958766,-0.01124290370409721,0.16363636363636364,0.1362220519196205,0.016208854575935627,0.12727272727272726,0.11954640969334872,-0.0004667876503361562,0.07272727272727272,0.14183377867890032,0.021820581335215444,0.00909090909090909,0.14560981542617854,0.025596618082493666,0.13636363636363635,0.12001319734368487,0.0,0.0,0.1261187738579635,0.006105576514278621,0.05454545454545455,0.12086764502097626,0.0008544476772913839,0.027272727272727275,0.13739700275248118,0.017383805408796305,0.07272727272727272,0.15201871623286217,0.0320055188891773,0.08181818181818182,0.12374137433344251,0.0037281769897576367,0.1727272727272727,VIVRFLTV,0.0320055188891773,HIYEFPQL,-0.01124290370409721
341,AV9-1-CAVSADGSSGNKLIF-AJ32_BV1-CTCSAVRINTEVFF-BJ1-1,7,multi-specific,"['ATLVFHNL', 'HIYEFPQL', 'RAYLFNSV', 'SNYLFTKL', 'SSYTFPKM', 'VSFTYRYL']",6,"[0.07142857142857142, 0.11904761904761905, 0.39285714285714285, 0.17857142857142858, 0.05952380952380953, 0.05952380952380953]",RAYLFNSV,0.39285714285714285,SNYLFTKL,0.17857142857142858,False,"['ATLVFHNL', 'HIYEFPQL', 'RAYLFNSV', 'SNYLFTKL', 'SSYTFPKM', 'VSFTYRYL']",6,"['EEEPVKKI', 'INFDFPKL', 'RTYTYEKL', 'SVYVYKVL', 'VAFDFTKV', 'VGPRYTNL', 'VIVRFLTV']",0.0,0.0,"[0.85714286 0.         1.42857143 0.         4.71428571 0.14285714
 2.14285714 0.71428571 0.57142857 0.28571429 0.42857143 0.
 0.71428571]",0.11993132852651837,0.1497426827899439,0.02981135426342553,0.07142857142857142,0.11993132852651837,0.0,0.0,0.17050312518351185,0.050571796656993476,0.11904761904761905,0.11993132852651837,0.0,0.0,0.161541313004807,0.041609984478288634,0.39285714285714285,0.11995259063586763,2.1262109349259872e-05,0.011904761904761904,0.13256826894899265,0.012636940422474277,0.17857142857142858,0.12011479429294158,0.00018346576642321033,0.05952380952380953,0.1439766724592562,0.024045343932737814,0.047619047619047616,0.12013173356246694,0.0002004050359485643,0.023809523809523808,0.14506985212443824,0.025138523597919862,0.03571428571428571,0.11993132852651837,0.0,0.0,0.13096454630464777,0.011033217778129392,0.05952380952380953,HIYEFPQL,0.050571796656993476,SSYTFPKM,0.00018346576642321033
342,AV4D-4-CAAEAVTGGYKVVF-AJ12_BV5-CASSPREGTGQLYF-BJ2-2,9,multi-specific,"['ATLVFHNL', 'HIYEFPQL', 'RAYLFNSV', 'RTYTYEKL', 'SVYVYKVL', 'VAFDFTKV', 'VIVRFLTV']",7,"[0.1607142857142857, 0.14285714285714285, 0.10714285714285714, 0.08928571428571429, 0.19642857142857145, 0.07142857142857142, 0.17857142857142858]",SVYVYKVL,0.19642857142857145,ATLVFHNL,0.0,False,"['ATLVFHNL', 'HIYEFPQL', 'RAYLFNSV', 'RTYTYEKL', 'SVYVYKVL', 'VAFDFTKV', 'VIVRFLTV']",7,"['EEEPVKKI', 'INFDFPKL', 'SNYLFTKL', 'SSYTFPKM', 'VGPRYTNL', 'VSFTYRYL']",0.0,0.0,"[1.         0.         0.88888889 0.         0.66666667 0.55555556
 0.11111111 0.         1.22222222 0.44444444 0.         1.11111111
 0.22222222]",0.11930800020404637,0.11542437553041245,-0.0038836246736339286,0.1607142857142857,0.11930800020404637,0.0,0.0,0.10087642373722594,-0.018431576466820435,0.14285714285714285,0.11930800020404637,0.0,0.0,0.15339600026234534,0.03408800005829897,0.10714285714285714,0.12125909907227778,0.0019510988682314018,0.08928571428571429,0.1340187413992311,0.014710741195184715,0.017857142857142856,0.11930800020404637,0.0,0.0,0.14449318971194636,0.025185189507899983,0.19642857142857145,0.14552092852820614,0.026212928324159765,0.07142857142857142,0.11930800020404637,0.0,0.0,0.09726027342849429,-0.022047726775552084,0.17857142857142858,0.1310824182122845,0.011774418008238127,0.03571428571428571,RAYLFNSV,0.03408800005829897,VIVRFLTV,-0.022047726775552084
343,AV8D-1-CALTSGGNYKPTF-AJ6_BV12-1-CASSPGTGVNSDYTF-BJ1-2,12,multi-specific,"['ATLVFHNL', 'HIYEFPQL', 'RTYTYEKL', 'SNYLFTKL', 'VAFDFTKV', 'VGPRYTNL', 'VIVRFLTV', 'VSFTYRYL']",8,"[0.08974358974358974, 0.11538461538461536, 0.1282051282051282, 0.0641025641025641, 0.0641025641025641, 0.08974358974358974, 0.23076923076923073, 0.10256410256410255]",VIVRFLTV,0.23076923076923073,ATLVFHNL,0.0,False,"['ATLVFHNL', 'HIYEFPQL', 'RTYTYEKL', 'SNYLFTKL', 'VAFDFTKV', 'VGPRYTNL', 'VIVRFLTV', 'VSFTYRYL']",8,"['EEEPVKKI', 'INFDFPKL', 'RAYLFNSV', 'SSYTFPKM', 'SVYVYKVL']",0.0,0.0,"[0.58333333 0.         0.75       0.25       0.25       0.83333333
 0.41666667 0.16666667 0.08333333 0.41666667 0.58333333 1.5
 0.66666667]",0.11916082267481232,0.12483784162818286,0.005677018953370541,0.08974358974358974,0.11916082267481232,0.0,0.0,0.10439093870214047,-0.014769883972671843,0.11538461538461536,0.1200179921090031,0.0008571694341907854,0.03846153846153846,0.14299298720977477,0.023832164534962452,0.03846153846153846,0.13033403924288206,0.011173216568069744,0.1282051282051282,0.14079908764007268,0.021638264965260362,0.0641025641025641,0.14299298720977477,0.023832164534962452,0.025641025641025637,0.12351062639115187,0.004349803716339556,0.012820512820512818,0.10903049804934978,-0.010130324625462539,0.0641025641025641,0.14027209874153773,0.021111276066725415,0.08974358974358974,0.14787441397175174,0.028713591296939428,0.23076923076923073,0.11387746285718162,-0.005283359817630701,0.10256410256410255,VIVRFLTV,0.028713591296939428,HIYEFPQL,-0.014769883972671843
344,AV12-2-CALSDDGSGGKLTL-AJ44_BV1-CTCSADGGLATEVFF-BJ1-1,27,multi-specific,"['ATLVFHNL', 'HIYEFPQL', 'INFDFPKL', 'RAYLFNSV', 'SNYLFTKL', 'SVYVYKVL', 'VSFTYRYL']",7,"[0.10798122065727699, 0.08450704225352111, 0.30516431924882625, 0.07511737089201877, 0.13615023474178403, 0.0516431924882629, 0.13145539906103285]",INFDFPKL,0.30516431924882625,ATLVFHNL,0.0,False,"['ATLVFHNL', 'HIYEFPQL', 'INFDFPKL', 'RAYLFNSV', 'SNYLFTKL', 'SVYVYKVL', 'VSFTYRYL']",7,"['EEEPVKKI', 'RTYTYEKL', 'SSYTFPKM', 'VAFDFTKV', 'VGPRYTNL', 'VIVRFLTV']",0.0,0.0,"[0.85185185 0.         0.66666667 2.40740741 0.59259259 0.14814815
 1.07407407 0.07407407 0.40740741 0.2962963  0.07407407 0.25925926
 1.03703704]",0.11629071187005337,0.11469129769325602,-0.001599414176797348,0.10798122065727699,0.11629071187005337,0.0,0.0,0.12467197152247202,0.008381259652418649,0.08450704225352111,0.1284782392506309,0.012187527380577531,0.30516431924882625,0.12338637972459415,0.007095667854540785,0.07511737089201877,0.1283644209396171,0.012073709069563746,0.018779342723004692,0.1253796286993387,0.009088916829285323,0.13615023474178403,0.1258579270892789,0.00956721521922553,0.009389671361502346,0.13064187366803354,0.01435116179798017,0.0516431924882629,0.1243466956465268,0.00805598377647343,0.037558685446009384,0.12552365713538205,0.009232945265328682,0.009389671361502346,0.11729538421000364,0.0010046723399502744,0.03286384976525821,0.12615862635728575,0.009867914487232385,0.13145539906103285,SVYVYKVL,0.01435116179798017,ATLVFHNL,-0.001599414176797348
345,AV19-CAAGVEQQGTGSKLSF-AJ58_BV12-1-CASSLGLNQDTQYF-BJ2-5,11,multi-specific,"['ATLVFHNL', 'HIYEFPQL', 'SNYLFTKL', 'SVYVYKVL', 'VGPRYTNL', 'VIVRFLTV', 'VSFTYRYL']",7,"[0.11382113821138211, 0.16260162601626016, 0.21138211382113822, 0.056910569105691054, 0.14634146341463417, 0.056910569105691054, 0.12195121951219512]",SNYLFTKL,0.21138211382113822,ATLVFHNL,0.0,False,"['ATLVFHNL', 'HIYEFPQL', 'SNYLFTKL', 'SVYVYKVL', 'VGPRYTNL', 'VIVRFLTV', 'VSFTYRYL']",7,"['EEEPVKKI', 'INFDFPKL', 'RAYLFNSV', 'RTYTYEKL', 'SSYTFPKM', 'VAFDFTKV']",0.0,0.0,"[1.27272727 0.         1.81818182 0.45454545 0.36363636 0.45454545
 2.36363636 0.09090909 0.63636364 0.09090909 1.63636364 0.63636364
 1.36363636]",0.10890321175821636,0.12039354154610155,0.011490329787885181,0.11382113821138211,0.10890321175821636,0.0,0.0,0.11899189110205659,0.010088679343840223,0.16260162601626016,0.12277720952979293,0.013873997771576566,0.04065040650406504,0.10897911753553974,7.590577732337345e-05,0.032520325203252036,0.11134028600164153,0.0024370742434251663,0.04065040650406504,0.09476380218363208,-0.014139409574584288,0.21138211382113822,0.11810632595880685,0.009203114200590487,0.008130081300813009,0.13310392548226443,0.02420071372404807,0.056910569105691054,0.13310392548226446,0.024200713724048098,0.008130081300813009,0.13610541034375556,0.027202198585539197,0.14634146341463417,0.107127977666331,-0.001775234091885361,0.056910569105691054,0.1213751060097001,0.012471894251483734,0.12195121951219512,VGPRYTNL,0.027202198585539197,SNYLFTKL,-0.014139409574584288
346,AV16-CAMREGGGASSSFSKLVF-AJ50_BV16-CASSSGQYEQYF-BJ2-7,7,multi-specific,"['HIYEFPQL', 'VAFDFTKV', 'VGPRYTNL', 'VSFTYRYL']",4,"[0.4, 0.08, 0.16, 0.28]",HIYEFPQL,0.4,ATLVFHNL,0.0,False,"['HIYEFPQL', 'VAFDFTKV', 'VGPRYTNL', 'VSFTYRYL']",4,"['ATLVFHNL', 'EEEPVKKI', 'INFDFPKL', 'RAYLFNSV', 'RTYTYEKL', 'SNYLFTKL', 'SSYTFPKM', 'SVYVYKVL', 'VIVRFLTV']",0.0,0.0,"[0.14285714 0.         1.42857143 0.         0.14285714 0.
 0.         0.         0.         0.28571429 0.57142857 0.
 1.        ]",0.10314274609557124,0.14439984453379973,0.04125709843822849,0.04,0.10314274609557124,0.0,0.0,0.11380711874576983,0.010664372650198595,0.4,0.10314274609557124,0.0,0.0,0.14439984453379973,0.04125709843822849,0.04,0.10314274609557124,0.0,0.0,0.10314274609557124,0.0,0.0,0.10314274609557124,0.0,0.0,0.10314274609557124,0.0,0.0,0.10443416752393375,0.001291421428362513,0.08,0.13174580401226352,0.02860305791669228,0.16,0.10314274609557124,0.0,0.0,0.11659976680069958,0.013457020705128345,0.28,VGPRYTNL,0.02860305791669228,VAFDFTKV,0.001291421428362513
347,AV8-1-CATDDGTNAYKVIF-AJ30_BV13-2-CASGAETLYF-BJ2-3,5,multi-specific,"['ATLVFHNL', 'RAYLFNSV', 'SNYLFTKL', 'VAFDFTKV', 'VIVRFLTV', 'VSFTYRYL']",6,"[0.1111111111111111, 0.12962962962962962, 0.31481481481481477, 0.12962962962962962, 0.20370370370370372, 0.1111111111111111]",SNYLFTKL,0.31481481481481477,SNYLFTKL,0.31481481481481477,True,"['ATLVFHNL', 'RAYLFNSV', 'SNYLFTKL', 'VAFDFTKV', 'VIVRFLTV', 'VSFTYRYL']",6,"['EEEPVKKI', 'HIYEFPQL', 'INFDFPKL', 'RTYTYEKL', 'SSYTFPKM', 'SVYVYKVL', 'VGPRYTNL']",0.0,0.0,[1.2 0.  0.  0.  1.4 0.  3.4 0.  0.  1.4 0.  2.2 1.2],0.10181219062580862,0.09426252169559121,-0.0075496689302174125,0.1111111111111111,0.10181219062580862,0.0,0.0,0.10181219062580862,0.0,0.0,0.10181219062580862,0.0,0.0,0.20641258826661021,0.10460039764080159,0.12962962962962962,0.10181219062580862,0.0,0.0,0.12654818467529055,0.02473599404948193,0.31481481481481477,0.10181219062580862,0.0,0.0,0.10181219062580862,0.0,0.0,0.10023817305732334,-0.0015740175684852836,0.12962962962962962,0.10181219062580862,0.0,0.0,0.15958946052235662,0.057777269896547995,0.20370370370370372,0.17197339503562936,0.07016120440982074,0.1111111111111111,RAYLFNSV,0.10460039764080159,ATLVFHNL,-0.0075496689302174125
348,AV14-3/DV8-CAASGNNAGAKLTF-AJ39_BV20-CGARDPGLGGRSAETLYF-BJ2-3,5,multi-specific,"['ATLVFHNL', 'HIYEFPQL', 'RAYLFNSV', 'SNYLFTKL', 'VGPRYTNL', 'VSFTYRYL']",6,"[0.35000000000000003, 0.15000000000000002, 0.05000000000000001, 0.05000000000000001, 0.30000000000000004, 0.10000000000000002]",ATLVFHNL,0.35000000000000003,ATLVFHNL,0.0,True,"['ATLVFHNL', 'HIYEFPQL', 'RAYLFNSV', 'SNYLFTKL', 'VGPRYTNL', 'VSFTYRYL']",6,"['EEEPVKKI', 'INFDFPKL', 'RTYTYEKL', 'SSYTFPKM', 'SVYVYKVL', 'VAFDFTKV', 'VIVRFLTV']",0.0,0.0,[1.4 0.  0.6 0.  0.2 0.  0.2 0.  0.  0.  1.2 0.  0.4],0.09805806756909202,0.09805806756909202,0.0,0.35000000000000003,0.09805806756909202,0.0,0.0,0.09805806756909202,0.0,0.15000000000000002,0.09805806756909202,0.0,0.0,0.1,0.0019419324309079833,0.05000000000000001,0.09805806756909202,0.0,0.0,0.16343011261515336,0.06537204504606134,0.05000000000000001,0.09805806756909202,0.0,0.0,0.09805806756909202,0.0,0.0,0.09805806756909202,0.0,0.0,0.0,-0.09805806756909202,0.30000000000000004,0.09805806756909202,0.0,0.0,0.16343011261515336,0.06537204504606134,0.10000000000000002,SNYLFTKL,0.06537204504606134,VGPRYTNL,-0.09805806756909202
349,AV10D-CAASPLASSSFSKLVF-AJ50_BV5-CASSQVQGAEVFF-BJ1-1,5,multi-specific,"['ATLVFHNL', 'SNYLFTKL', 'SVYVYKVL', 'VIVRFLTV', 'VSFTYRYL']",5,"[0.060606060606060615, 0.4848484848484849, 0.18181818181818182, 0.09090909090909091, 0.15151515151515152]",SNYLFTKL,0.4848484848484849,ATLVFHNL,0.0,False,"['ATLVFHNL', 'SNYLFTKL', 'SVYVYKVL', 'VIVRFLTV', 'VSFTYRYL']",5,"['EEEPVKKI', 'HIYEFPQL', 'INFDFPKL', 'RAYLFNSV', 'RTYTYEKL', 'SSYTFPKM', 'VAFDFTKV', 'VGPRYTNL']",0.0,0.0,[0.4 0.  0.  0.  0.  0.  3.2 0.  1.2 0.  0.2 0.6 1. ],0.08381163549234939,0.13968605915391566,0.055874423661566266,0.060606060606060615,0.08381163549234939,0.0,0.0,0.08381163549234939,0.0,0.0,0.08381163549234939,0.0,0.0,0.08381163549234939,0.0,0.0,0.08381163549234939,0.0,0.0,0.0,-0.08381163549234939,0.4848484848484849,0.08381163549234939,0.0,0.0,0.0923076923076923,0.008496056815342906,0.18181818181818182,0.08381163549234939,0.0,0.0,0.13968605915391566,0.055874423661566266,0.030303030303030307,0.13968605915391566,0.055874423661566266,0.09090909090909091,0.08944271909999159,0.0056310836076421955,0.15151515151515152,ATLVFHNL,0.055874423661566266,SNYLFTKL,-0.08381163549234939
350,AV8D-2-CATDNQGGRALIF-AJ15_BV13-1-CASSDLGVSYEQYF-BJ2-7,13,multi-specific,"['ATLVFHNL', 'HIYEFPQL', 'SNYLFTKL', 'SVYVYKVL', 'VIVRFLTV', 'VSFTYRYL']",6,"[0.09523809523809525, 0.07936507936507937, 0.33333333333333337, 0.09523809523809525, 0.17460317460317462, 0.0634920634920635]",SNYLFTKL,0.33333333333333337,ATLVFHNL,0.0,False,"['ATLVFHNL', 'HIYEFPQL', 'SNYLFTKL', 'SVYVYKVL', 'VIVRFLTV', 'VSFTYRYL']",6,"['EEEPVKKI', 'INFDFPKL', 'RAYLFNSV', 'RTYTYEKL', 'SSYTFPKM', 'VAFDFTKV', 'VGPRYTNL']",0.0,0.0,"[0.46153846 0.         0.38461538 0.15384615 0.07692308 0.07692308
 1.61538462 0.         0.46153846 0.23076923 0.23076923 0.84615385
 0.30769231]",0.08355250857901068,0.09469120717017154,0.011138698591160859,0.09523809523809525,0.08355250857901068,0.0,0.0,0.09784692092986853,0.014294412350857849,0.07936507936507937,0.08371067490226614,0.00015816632325545144,0.03174603174603175,0.09874387377519445,0.015191365196183762,0.015873015873015876,0.08371948250155949,0.00016697392254880206,0.015873015873015876,0.10738485928675613,0.023832350707745448,0.33333333333333337,0.08355250857901068,0.0,0.0,0.0830523208635434,-0.0005001877154672818,0.09523809523809525,0.08537349999823847,0.0018209914192277854,0.04761904761904762,0.09874387377519445,0.015191365196183762,0.04761904761904762,0.09610889147458962,0.012556382895578935,0.17460317460317462,0.08964510304795631,0.006092594468945625,0.0634920634920635,SNYLFTKL,0.023832350707745448,SVYVYKVL,-0.0005001877154672818
351,AV3D-3-CALNMGYKLTF-AJ9_BV13-2-CASGARDWGGAQNTLYF-BJ2-4,6,multi-specific,"['ATLVFHNL', 'HIYEFPQL', 'RAYLFNSV', 'RTYTYEKL', 'SNYLFTKL', 'SSYTFPKM', 'VIVRFLTV', 'VSFTYRYL']",8,"[0.15789473684210528, 0.10526315789473684, 0.07894736842105264, 0.07894736842105264, 0.2894736842105263, 0.05263157894736842, 0.13157894736842107, 0.07894736842105264]",SNYLFTKL,0.2894736842105263,ATLVFHNL,0.0,False,"['ATLVFHNL', 'HIYEFPQL', 'RAYLFNSV', 'RTYTYEKL', 'SNYLFTKL', 'SSYTFPKM', 'VIVRFLTV', 'VSFTYRYL']",8,"['EEEPVKKI', 'INFDFPKL', 'SVYVYKVL', 'VAFDFTKV', 'VGPRYTNL']",0.0,0.0,"[1.         0.         0.66666667 0.16666667 0.5        0.5
 1.83333333 0.33333333 0.         0.         0.         0.83333333
 0.5       ]",0.08070966068307957,0.10673334361942531,0.026023682936345743,0.15789473684210528,0.08070966068307957,0.0,0.0,0.07375115496052587,-0.006958505722553701,0.10526315789473684,0.08070966068307957,0.0,0.02631578947368421,0.12106449102461936,0.04035483034153979,0.07894736842105264,0.08070966068307957,0.0,0.07894736842105264,0.05318032879914782,-0.027529331883931744,0.2894736842105263,0.07340756257527552,-0.00730209810780405,0.05263157894736842,0.08070966068307957,0.0,0.0,0.08070966068307957,0.0,0.0,0.08070966068307957,0.0,0.0,0.09967836942866341,0.018968708745583845,0.13157894736842107,0.08480052393701691,0.0040908632539373435,0.07894736842105264,RAYLFNSV,0.04035483034153979,SNYLFTKL,-0.027529331883931744
352,AV14-3/DV8-CAAGHDTNAYKVIF-AJ30_BV13-2-CASGDAAYEQYF-BJ2-7,6,multi-specific,"['ATLVFHNL', 'RAYLFNSV', 'SVYVYKVL', 'VIVRFLTV', 'VSFTYRYL']",5,"[0.09090909090909091, 0.3333333333333333, 0.18181818181818182, 0.09090909090909091, 0.21212121212121213]",RAYLFNSV,0.3333333333333333,ATLVFHNL,0.0,False,"['ATLVFHNL', 'RAYLFNSV', 'SVYVYKVL', 'VIVRFLTV', 'VSFTYRYL']",5,"['EEEPVKKI', 'HIYEFPQL', 'INFDFPKL', 'RTYTYEKL', 'SNYLFTKL', 'SSYTFPKM', 'VAFDFTKV', 'VGPRYTNL']",0.0,0.0,"[0.5        0.         0.         0.16666667 1.83333333 0.
 0.16666667 0.16666667 1.         0.         0.         0.5
 1.16666667]",0.0769800358919501,0.11547005383792515,0.03849001794597505,0.09090909090909091,0.0769800358919501,0.0,0.0,0.0769800358919501,0.0,0.0,0.07844645405527362,0.0014664181633235185,0.0303030303030303,0.07071067811865475,-0.006269357773295348,0.3333333333333333,0.0769800358919501,0.0,0.0,0.0769800358919501,0.0,0.0303030303030303,0.0769800358919501,0.0,0.0303030303030303,0.09805806756909202,0.021078031677141923,0.18181818181818182,0.0769800358919501,0.0,0.0,0.0769800358919501,0.0,0.0,0.0769800358919501,0.0,0.09090909090909091,0.0769800358919501,0.0,0.21212121212121213,ATLVFHNL,0.03849001794597505,RAYLFNSV,-0.006269357773295348
353,AV12-2-CALSDQGGSAKLIF-AJ57_BV1-CTCSAGLGEGAETLYF-BJ2-3,5,multi-specific,"['INFDFPKL', 'SNYLFTKL', 'VIVRFLTV', 'VSFTYRYL']",4,"[0.14814814814814814, 0.07407407407407407, 0.18518518518518517, 0.37037037037037035]",VSFTYRYL,0.37037037037037035,ATLVFHNL,0.0,False,"['INFDFPKL', 'SNYLFTKL', 'VIVRFLTV', 'VSFTYRYL']",4,"['ATLVFHNL', 'EEEPVKKI', 'HIYEFPQL', 'RAYLFNSV', 'RTYTYEKL', 'SSYTFPKM', 'SVYVYKVL', 'VAFDFTKV', 'VGPRYTNL']",0.0,0.0,[0.2 0.  0.2 0.8 0.2 0.  0.4 0.2 0.2 0.  0.2 1.  2. ],0.06756756756756757,0.06849957804389886,0.0009320104763312909,0.037037037037037035,0.06756756756756757,0.0,0.0,0.06849957804389886,0.0009320104763312909,0.037037037037037035,0.0896870004167719,0.022119432849204326,0.14814814814814814,0.11261261261261263,0.04504504504504506,0.037037037037037035,0.06756756756756757,0.0,0.0,0.06666666666666668,-0.0009009009009008917,0.07407407407407407,0.06849957804389886,0.0009320104763312909,0.037037037037037035,0.06849957804389886,0.0009320104763312909,0.037037037037037035,0.06756756756756757,0.0,0.0,0.11261261261261263,0.04504504504504506,0.037037037037037035,0.11261261261261263,0.04504504504504506,0.18518518518518517,0.021821789023599235,-0.045745778543968336,0.37037037037037035,VIVRFLTV,0.04504504504504506,VSFTYRYL,-0.045745778543968336
354,AV16N-CAMREGDSNYQLIW-AJ33_BV13-2-CASGEAPSAETLYF-BJ2-3,5,multi-specific,"['ATLVFHNL', 'HIYEFPQL', 'RAYLFNSV', 'SNYLFTKL', 'SSYTFPKM', 'VAFDFTKV']",6,"[0.13043478260869565, 0.13043478260869565, 0.391304347826087, 0.08695652173913045, 0.08695652173913045, 0.13043478260869565]",RAYLFNSV,0.391304347826087,ATLVFHNL,0.13043478260869565,False,"['ATLVFHNL', 'HIYEFPQL', 'RAYLFNSV', 'SNYLFTKL', 'SSYTFPKM', 'VAFDFTKV']",6,"['EEEPVKKI', 'INFDFPKL', 'RTYTYEKL', 'SVYVYKVL', 'VGPRYTNL', 'VIVRFLTV', 'VSFTYRYL']",0.0,0.0,[0.6 0.  0.6 0.  1.8 0.  0.4 0.4 0.2 0.6 0.  0.  0. ],0.04405310307726892,0.010783277320343843,-0.033269825756925074,0.13043478260869565,0.04405310307726892,0.0,0.0,0.09973390925119967,0.05568080617393075,0.13043478260869565,0.04405310307726892,0.0,0.0,0.10496296676822356,0.06090986369095464,0.391304347826087,0.04405310307726892,0.0,0.0,0.04456966170353338,0.0005165586262644642,0.08695652173913045,0.05565929998163416,0.011606196904365242,0.08695652173913045,0.05645534481654374,0.012402241739274823,0.04347826086956522,0.07342183846211486,0.029368735384845947,0.13043478260869565,0.04405310307726892,0.0,0.0,0.04405310307726892,0.0,0.0,0.04405310307726892,0.0,0.0,RAYLFNSV,0.06090986369095464,ATLVFHNL,-0.033269825756925074
355,AV14D-1-CAARNTEGADRLTF-AJ45_BV29-CASSWGNYAEQFF-BJ2-1,6,multi-specific,"['HIYEFPQL', 'INFDFPKL', 'RAYLFNSV', 'SNYLFTKL', 'VSFTYRYL']",5,"[0.1785714285714286, 0.10714285714285715, 0.07142857142857144, 0.32142857142857145, 0.2142857142857143]",SNYLFTKL,0.32142857142857145,ATLVFHNL,0.0,False,"['HIYEFPQL', 'INFDFPKL', 'RAYLFNSV', 'SNYLFTKL', 'VSFTYRYL']",5,"['ATLVFHNL', 'EEEPVKKI', 'RTYTYEKL', 'SSYTFPKM', 'SVYVYKVL', 'VAFDFTKV', 'VGPRYTNL', 'VIVRFLTV']",0.0,0.0,"[0.         0.         0.83333333 0.5        0.33333333 0.16666667
 1.5        0.         0.16666667 0.         0.         0.16666667
 1.        ]",0.030898618827870726,0.030898618827870726,0.0,0.0,0.030898618827870726,0.0,0.0,0.030731667115276494,-0.00016695171259423214,0.1785714285714286,0.021629522817435007,-0.00926909601043572,0.10714285714285715,0.030731667115276494,-0.00016695171259423214,0.07142857142857144,0.030898618827870726,0.0,0.03571428571428572,0.04634792824180609,0.015449309413935366,0.32142857142857145,0.030898618827870726,0.0,0.0,0.030898618827870726,0.0,0.03571428571428572,0.030898618827870726,0.0,0.0,0.030898618827870726,0.0,0.0,0.03202563076101743,0.001127011933146703,0.03571428571428572,0.11140655452490493,0.08050793569703421,0.2142857142857143,VSFTYRYL,0.08050793569703421,INFDFPKL,-0.00926909601043572
