clonotype,n_cells,alpha,renyi_entropy_mean
AV10-CAASMDYANKMIF-AJ47_BV1-CTCSVTPNSDYTF-BJ1-2,7,0.0,1.738560714491759
AV10-CAASMDYANKMIF-AJ47_BV1-CTCSVTPNSDYTF-BJ1-2,7,1.0,0.9115732523584545
AV10-CAASMDYANKMIF-AJ47_BV1-CTCSVTPNSDYTF-BJ1-2,7,2.0,0.588066970453191
AV10-CAASMDYANKMIF-AJ47_BV1-CTCSVTPNSDYTF-BJ1-2,7,3.0,0.4754750619379172
AV10-CAASMDYANKMIF-AJ47_BV1-CTCSVTPNSDYTF-BJ1-2,7,4.0,0.4262770376685128
AV10-CAASMDYANKMIF-AJ47_BV1-CTCSVTPNSDYTF-BJ1-2,7,5.0,0.4001369151265305
AV10-CAASMTNSAGNKLTF-AJ17_BV26-CASRDWGQDTQYF-BJ2-5,28,0.0,1.8605962643665592
AV10-CAASMTNSAGNKLTF-AJ17_BV26-CASRDWGQDTQYF-BJ2-5,28,1.0,0.8031402950126157
AV10-CAASMTNSAGNKLTF-AJ17_BV26-CASRDWGQDTQYF-BJ2-5,28,2.0,0.49586464169388716
AV10-CAASMTNSAGNKLTF-AJ17_BV26-CASRDWGQDTQYF-BJ2-5,28,3.0,0.4053437341111967
AV10-CAASMTNSAGNKLTF-AJ17_BV26-CASRDWGQDTQYF-BJ2-5,28,4.0,0.367131936634987
AV10-CAASMTNSAGNKLTF-AJ17_BV26-CASRDWGQDTQYF-BJ2-5,28,5.0,0.346773420528578
AV10-CAASPNSNNRIFF-AJ31_BV13-3-CASSDRYEQYF-BJ2-7,5,0.0,1.7813781191217035
AV10-CAASPNSNNRIFF-AJ31_BV13-3-CASSDRYEQYF-BJ2-7,5,1.0,0.7806065507796578
AV10-CAASPNSNNRIFF-AJ31_BV13-3-CASSDRYEQYF-BJ2-7,5,2.0,0.4725655416829892
AV10-CAASPNSNNRIFF-AJ31_BV13-3-CASSDRYEQYF-BJ2-7,5,3.0,0.37871303179532206
AV10-CAASPNSNNRIFF-AJ31_BV13-3-CASSDRYEQYF-BJ2-7,5,4.0,0.33917478494174735
AV10-CAASPNSNNRIFF-AJ31_BV13-3-CASSDRYEQYF-BJ2-7,5,5.0,0.3183415797018897
AV10-CAASSGSWQLIF-AJ22_BV1-CTCSADGTGEREQYF-BJ2-7,8,0.0,2.0943609377704338
AV10-CAASSGSWQLIF-AJ22_BV1-CTCSADGTGEREQYF-BJ2-7,8,1.0,0.6999969138953644
AV10-CAASSGSWQLIF-AJ22_BV1-CTCSADGTGEREQYF-BJ2-7,8,2.0,0.4364929642420493
AV10-CAASSGSWQLIF-AJ22_BV1-CTCSADGTGEREQYF-BJ2-7,8,3.0,0.3647634250925317
AV10-CAASSGSWQLIF-AJ22_BV1-CTCSADGTGEREQYF-BJ2-7,8,4.0,0.3339219584359037
AV10-CAASSGSWQLIF-AJ22_BV1-CTCSADGTGEREQYF-BJ2-7,8,5.0,0.3168209008172822
AV10-CAAYTEGADRLTF-AJ45_BV13-1-CASSVGFTGQLYF-BJ2-2,11,0.0,2.2947520205953893
AV10-CAAYTEGADRLTF-AJ45_BV13-1-CASSVGFTGQLYF-BJ2-2,11,1.0,0.989325089925634
AV10-CAAYTEGADRLTF-AJ45_BV13-1-CASSVGFTGQLYF-BJ2-2,11,2.0,0.6494529832736605
AV10-CAAYTEGADRLTF-AJ45_BV13-1-CASSVGFTGQLYF-BJ2-2,11,3.0,0.5547254487353936
AV10-CAAYTEGADRLTF-AJ45_BV13-1-CASSVGFTGQLYF-BJ2-2,11,4.0,0.5136263353615587
AV10-CAAYTEGADRLTF-AJ45_BV13-1-CASSVGFTGQLYF-BJ2-2,11,5.0,0.4905280212652294
AV10-CASNYGSSGNKLIF-AJ32_BV13-3-CASSDRDTQYF-BJ2-5,9,0.0,1.6648562436288163
AV10-CASNYGSSGNKLIF-AJ32_BV13-3-CASSDRDTQYF-BJ2-5,9,1.0,0.47228551177043876
AV10-CASNYGSSGNKLIF-AJ32_BV13-3-CASSDRDTQYF-BJ2-5,9,2.0,0.25622211299343867
AV10-CASNYGSSGNKLIF-AJ32_BV13-3-CASSDRDTQYF-BJ2-5,9,3.0,0.20171598711933664
AV10-CASNYGSSGNKLIF-AJ32_BV13-3-CASSDRDTQYF-BJ2-5,9,4.0,0.1800844098750008
AV10-CASNYGSSGNKLIF-AJ32_BV13-3-CASSDRDTQYF-BJ2-5,9,5.0,0.16891709837137217
AV10D-CAASWDTNAYKVIF-AJ30_BV13-2-CASGEQTEVFF-BJ1-1,13,0.0,1.927238116965442
AV10D-CAASWDTNAYKVIF-AJ30_BV13-2-CASGEQTEVFF-BJ1-1,13,1.0,1.155326601475499
AV10D-CAASWDTNAYKVIF-AJ30_BV13-2-CASGEQTEVFF-BJ1-1,13,2.0,0.8437828839979833
AV10D-CAASWDTNAYKVIF-AJ30_BV13-2-CASGEQTEVFF-BJ1-1,13,3.0,0.7304632870198385
AV10D-CAASWDTNAYKVIF-AJ30_BV13-2-CASGEQTEVFF-BJ1-1,13,4.0,0.6769492955447723
AV10D-CAASWDTNAYKVIF-AJ30_BV13-2-CASGEQTEVFF-BJ1-1,13,5.0,0.646123445509805
AV10N-CAASMDTGYQNFYF-AJ49_BV13-2-CASGDVGGANERLFF-BJ1-4,53,0.0,2.199078541800174
AV10N-CAASMDTGYQNFYF-AJ49_BV13-2-CASGDVGGANERLFF-BJ1-4,53,1.0,1.6157821545595652
AV10N-CAASMDTGYQNFYF-AJ49_BV13-2-CASGDVGGANERLFF-BJ1-4,53,2.0,1.3605372973465504
AV10N-CAASMDTGYQNFYF-AJ49_BV13-2-CASGDVGGANERLFF-BJ1-4,53,3.0,1.2422491439999124
AV10N-CAASMDTGYQNFYF-AJ49_BV13-2-CASGDVGGANERLFF-BJ1-4,53,4.0,1.1771805591045308
AV10N-CAASMDTGYQNFYF-AJ49_BV13-2-CASGDVGGANERLFF-BJ1-4,53,5.0,1.13649028946115
AV10N-CAASMDYANKMIF-AJ47_BV3-CASSWTYNSPLYF-BJ1-6,24,0.0,2.0159354118582304
AV10N-CAASMDYANKMIF-AJ47_BV3-CASSWTYNSPLYF-BJ1-6,24,1.0,0.9649636909233296
AV10N-CAASMDYANKMIF-AJ47_BV3-CASSWTYNSPLYF-BJ1-6,24,2.0,0.6167826281753462
AV10N-CAASMDYANKMIF-AJ47_BV3-CASSWTYNSPLYF-BJ1-6,24,3.0,0.5073047670857437
AV10N-CAASMDYANKMIF-AJ47_BV3-CASSWTYNSPLYF-BJ1-6,24,4.0,0.4606603250058258
AV10N-CAASMDYANKMIF-AJ47_BV3-CASSWTYNSPLYF-BJ1-6,24,5.0,0.435619161358855
AV10N-CAASMDYNQGKLIF-AJ23_BV3-CASSLDWGGSYEQYF-BJ2-7,7,0.0,1.9649839288804956
AV10N-CAASMDYNQGKLIF-AJ23_BV3-CASSLDWGGSYEQYF-BJ2-7,7,1.0,1.7085446819285959
AV10N-CAASMDYNQGKLIF-AJ23_BV3-CASSLDWGGSYEQYF-BJ2-7,7,2.0,1.5364693764530675
AV10N-CAASMDYNQGKLIF-AJ23_BV3-CASSLDWGGSYEQYF-BJ2-7,7,3.0,1.4368385600288551
AV10N-CAASMDYNQGKLIF-AJ23_BV3-CASSLDWGGSYEQYF-BJ2-7,7,4.0,1.3749226989057095
AV10N-CAASMDYNQGKLIF-AJ23_BV3-CASSLDWGGSYEQYF-BJ2-7,7,5.0,1.3327503536851764
AV11-CVVGANNYAQGLTF-AJ26_BV13-2-CASGDVGGNSPLYF-BJ1-6,5,0.0,1.815363119410166
AV11-CVVGANNYAQGLTF-AJ26_BV13-2-CASGDVGGNSPLYF-BJ1-6,5,1.0,0.4919417990340107
AV11-CVVGANNYAQGLTF-AJ26_BV13-2-CASGDVGGNSPLYF-BJ1-6,5,2.0,0.23570100831982801
AV11-CVVGANNYAQGLTF-AJ26_BV13-2-CASGDVGGNSPLYF-BJ1-6,5,3.0,0.18074954824629014
AV11-CVVGANNYAQGLTF-AJ26_BV13-2-CASGDVGGNSPLYF-BJ1-6,5,4.0,0.16077964745602774
AV11-CVVGANNYAQGLTF-AJ26_BV13-2-CASGDVGGNSPLYF-BJ1-6,5,5.0,0.15073497013614828
AV12-1-CALTSNYNVLYF-AJ21_BV26-CASSLGTYAEQFF-BJ2-1,13,0.0,1.7679773994353345
AV12-1-CALTSNYNVLYF-AJ21_BV26-CASSLGTYAEQFF-BJ2-1,13,1.0,1.5985720598303816
AV12-1-CALTSNYNVLYF-AJ21_BV26-CASSLGTYAEQFF-BJ2-1,13,2.0,1.4708406353697538
AV12-1-CALTSNYNVLYF-AJ21_BV26-CASSLGTYAEQFF-BJ2-1,13,3.0,1.3948869205984356
AV12-1-CALTSNYNVLYF-AJ21_BV26-CASSLGTYAEQFF-BJ2-1,13,4.0,1.3496368631286655
AV12-1-CALTSNYNVLYF-AJ21_BV26-CASSLGTYAEQFF-BJ2-1,13,5.0,1.3208131825425953
AV12-2-CAFLPGTGSNRLTF-AJ28_BV13-2-CASGGVAEQFF-BJ2-1,8,0.0,2.2669636607630497
AV12-2-CAFLPGTGSNRLTF-AJ28_BV13-2-CASGGVAEQFF-BJ2-1,8,1.0,1.2551646552217233
AV12-2-CAFLPGTGSNRLTF-AJ28_BV13-2-CASGGVAEQFF-BJ2-1,8,2.0,1.0901550416346804
AV12-2-CAFLPGTGSNRLTF-AJ28_BV13-2-CASGGVAEQFF-BJ2-1,8,3.0,1.043345998062927
AV12-2-CAFLPGTGSNRLTF-AJ28_BV13-2-CASGGVAEQFF-BJ2-1,8,4.0,1.0172707586117333
AV12-2-CAFLPGTGSNRLTF-AJ28_BV13-2-CASGGVAEQFF-BJ2-1,8,5.0,0.9983719310755144
AV12-2-CALINYGSSGNKLIF-AJ32_BV13-2-CASGEGGDTQYF-BJ2-5,6,0.0,1.9806950865180724
AV12-2-CALINYGSSGNKLIF-AJ32_BV13-2-CASGEGGDTQYF-BJ2-5,6,1.0,1.4797387969134788
AV12-2-CALINYGSSGNKLIF-AJ32_BV13-2-CASGEGGDTQYF-BJ2-5,6,2.0,1.1674076236440307
AV12-2-CALINYGSSGNKLIF-AJ32_BV13-2-CASGEGGDTQYF-BJ2-5,6,3.0,1.0118588132968656
AV12-2-CALINYGSSGNKLIF-AJ32_BV13-2-CASGEGGDTQYF-BJ2-5,6,4.0,0.9289001445124052
AV12-2-CALINYGSSGNKLIF-AJ32_BV13-2-CASGEGGDTQYF-BJ2-5,6,5.0,0.8793895146385707
AV12-2-CALRPNYGNEKITF-AJ48_BV4-CASSYGSSYNSPLYF-BJ1-6,5,0.0,2.110149357076648
AV12-2-CALRPNYGNEKITF-AJ48_BV4-CASSYGSSYNSPLYF-BJ1-6,5,1.0,1.7072854654189
AV12-2-CALRPNYGNEKITF-AJ48_BV4-CASSYGSSYNSPLYF-BJ1-6,5,2.0,1.4574931726155398
AV12-2-CALRPNYGNEKITF-AJ48_BV4-CASSYGSSYNSPLYF-BJ1-6,5,3.0,1.3296326916224064
AV12-2-CALRPNYGNEKITF-AJ48_BV4-CASSYGSSYNSPLYF-BJ1-6,5,4.0,1.256470443818181
AV12-2-CALRPNYGNEKITF-AJ48_BV4-CASSYGSSYNSPLYF-BJ1-6,5,5.0,1.2102848870050593
AV12-2-CALSANTEGADRLTF-AJ45_BV1-CTCSAVRVSEVFF-BJ1-1,49,0.0,1.9447536015934335
AV12-2-CALSANTEGADRLTF-AJ45_BV1-CTCSAVRVSEVFF-BJ1-1,49,1.0,1.056236185420435
AV12-2-CALSANTEGADRLTF-AJ45_BV1-CTCSAVRVSEVFF-BJ1-1,49,2.0,0.7574726150703711
AV12-2-CALSANTEGADRLTF-AJ45_BV1-CTCSAVRVSEVFF-BJ1-1,49,3.0,0.6560195087585933
AV12-2-CALSANTEGADRLTF-AJ45_BV1-CTCSAVRVSEVFF-BJ1-1,49,4.0,0.6087796527041077
AV12-2-CALSANTEGADRLTF-AJ45_BV1-CTCSAVRVSEVFF-BJ1-1,49,5.0,0.5817858823036124
AV12-2-CALSESEGADRLTF-AJ45_BV16-CASSLGGDTEVFF-BJ1-1,9,0.0,1.9196097713207994
AV12-2-CALSESEGADRLTF-AJ45_BV16-CASSLGGDTEVFF-BJ1-1,9,1.0,0.8176868559952836
AV12-2-CALSESEGADRLTF-AJ45_BV16-CASSLGGDTEVFF-BJ1-1,9,2.0,0.5198779398523569
AV12-2-CALSESEGADRLTF-AJ45_BV16-CASSLGGDTEVFF-BJ1-1,9,3.0,0.43201552404810833
AV12-2-CALSESEGADRLTF-AJ45_BV16-CASSLGGDTEVFF-BJ1-1,9,4.0,0.39340392939699875
AV12-2-CALSESEGADRLTF-AJ45_BV16-CASSLGGDTEVFF-BJ1-1,9,5.0,0.37196197194899366
AV12-2-CALSPTGNYKYVF-AJ40_BV13-2-CASGDRDSSYEQYF-BJ2-7,36,0.0,2.068865146857256
AV12-2-CALSPTGNYKYVF-AJ40_BV13-2-CASGDRDSSYEQYF-BJ2-7,36,1.0,1.4927069827934158
AV12-2-CALSPTGNYKYVF-AJ40_BV13-2-CASGDRDSSYEQYF-BJ2-7,36,2.0,1.2171267342473922
AV12-2-CALSPTGNYKYVF-AJ40_BV13-2-CASGDRDSSYEQYF-BJ2-7,36,3.0,1.0895611817681612
AV12-2-CALSPTGNYKYVF-AJ40_BV13-2-CASGDRDSSYEQYF-BJ2-7,36,4.0,1.0200083389784391
AV12-2-CALSPTGNYKYVF-AJ40_BV13-2-CASGDRDSSYEQYF-BJ2-7,36,5.0,0.976862758265956
AV12-3-CALSDLDYGNEKITF-AJ48_BV16-CASSGLGGLSYEQYF-BJ2-7,13,0.0,2.0235103298112853
AV12-3-CALSDLDYGNEKITF-AJ48_BV16-CASSGLGGLSYEQYF-BJ2-7,13,1.0,0.9885491013269713
AV12-3-CALSDLDYGNEKITF-AJ48_BV16-CASSGLGGLSYEQYF-BJ2-7,13,2.0,0.6769440097548551
AV12-3-CALSDLDYGNEKITF-AJ48_BV16-CASSGLGGLSYEQYF-BJ2-7,13,3.0,0.5728764230897405
AV12-3-CALSDLDYGNEKITF-AJ48_BV16-CASSGLGGLSYEQYF-BJ2-7,13,4.0,0.5226886111232153
AV12-3-CALSDLDYGNEKITF-AJ48_BV16-CASSGLGGLSYEQYF-BJ2-7,13,5.0,0.4936389871036872
AV12-3-CALSEGGSGGKLTL-AJ44_BV13-1-CASSVGGGYAEQFF-BJ2-1,15,0.0,1.8430322860287551
AV12-3-CALSEGGSGGKLTL-AJ44_BV13-1-CASSVGGGYAEQFF-BJ2-1,15,1.0,1.252855767731591
AV12-3-CALSEGGSGGKLTL-AJ44_BV13-1-CASSVGGGYAEQFF-BJ2-1,15,2.0,0.9890753656295419
AV12-3-CALSEGGSGGKLTL-AJ44_BV13-1-CASSVGGGYAEQFF-BJ2-1,15,3.0,0.8829300642475577
AV12-3-CALSEGGSGGKLTL-AJ44_BV13-1-CASSVGGGYAEQFF-BJ2-1,15,4.0,0.8310012555097077
AV12-3-CALSEGGSGGKLTL-AJ44_BV13-1-CASSVGGGYAEQFF-BJ2-1,15,5.0,0.8011596171539478
AV12D-2-CALNQGGSAKLIF-AJ57_BV1-CTCSADWGNYAEQFF-BJ2-1,21,0.0,1.7675912132744638
AV12D-2-CALNQGGSAKLIF-AJ57_BV1-CTCSADWGNYAEQFF-BJ2-1,21,1.0,1.356998623867695
AV12D-2-CALNQGGSAKLIF-AJ57_BV1-CTCSADWGNYAEQFF-BJ2-1,21,2.0,1.1364216023497502
AV12D-2-CALNQGGSAKLIF-AJ57_BV1-CTCSADWGNYAEQFF-BJ2-1,21,3.0,1.0303237412575823
AV12D-2-CALNQGGSAKLIF-AJ57_BV1-CTCSADWGNYAEQFF-BJ2-1,21,4.0,0.9720902068516372
AV12D-2-CALNQGGSAKLIF-AJ57_BV1-CTCSADWGNYAEQFF-BJ2-1,21,5.0,0.9359297214243679
AV12D-2-CALSDNYAQGLTF-AJ26_BV14-CASSGDRVSETLYF-BJ2-3,31,0.0,2.2349958744600706
AV12D-2-CALSDNYAQGLTF-AJ26_BV14-CASSGDRVSETLYF-BJ2-3,31,1.0,0.41577052105003826
AV12D-2-CALSDNYAQGLTF-AJ26_BV14-CASSGDRVSETLYF-BJ2-3,31,2.0,0.18658994452155214
AV12D-2-CALSDNYAQGLTF-AJ26_BV14-CASSGDRVSETLYF-BJ2-3,31,3.0,0.14426849449409002
AV12D-2-CALSDNYAQGLTF-AJ26_BV14-CASSGDRVSETLYF-BJ2-3,31,4.0,0.12860268575875836
AV12D-2-CALSDNYAQGLTF-AJ26_BV14-CASSGDRVSETLYF-BJ2-3,31,5.0,0.12061086017491415
AV12D-2-CALSNYGSSGNKLIF-AJ32_BV13-2-CASGDAQGSNERLFF-BJ1-4,10,0.0,1.8831703099214299
AV12D-2-CALSNYGSSGNKLIF-AJ32_BV13-2-CASGDAQGSNERLFF-BJ1-4,10,1.0,0.42681892882158745
AV12D-2-CALSNYGSSGNKLIF-AJ32_BV13-2-CASGDAQGSNERLFF-BJ1-4,10,2.0,0.24912391118933463
AV12D-2-CALSNYGSSGNKLIF-AJ32_BV13-2-CASGDAQGSNERLFF-BJ1-4,10,3.0,0.21470569058322014
AV12D-2-CALSNYGSSGNKLIF-AJ32_BV13-2-CASGDAQGSNERLFF-BJ1-4,10,4.0,0.20184196137847418
AV12D-2-CALSNYGSSGNKLIF-AJ32_BV13-2-CASGDAQGSNERLFF-BJ1-4,10,5.0,0.19521916322527436
AV12D-3-CALINQGKLIF-AJ23_BV13-2-CASGDINYAEQFF-BJ2-1,9,0.0,2.1742965214867223
AV12D-3-CALINQGKLIF-AJ23_BV13-2-CASGDINYAEQFF-BJ2-1,9,1.0,1.1416833762816208
AV12D-3-CALINQGKLIF-AJ23_BV13-2-CASGDINYAEQFF-BJ2-1,9,2.0,0.7025187813813178
AV12D-3-CALINQGKLIF-AJ23_BV13-2-CASGDINYAEQFF-BJ2-1,9,3.0,0.5600232841658943
AV12D-3-CALINQGKLIF-AJ23_BV13-2-CASGDINYAEQFF-BJ2-1,9,4.0,0.500772500092482
AV12D-3-CALINQGKLIF-AJ23_BV13-2-CASGDINYAEQFF-BJ2-1,9,5.0,0.46986411998479927
AV12D-3-CALSEGDSGTYQRF-AJ13_BV19-CASSIREGQNTLYF-BJ2-4,10,0.0,2.36390580212719
AV12D-3-CALSEGDSGTYQRF-AJ13_BV19-CASSIREGQNTLYF-BJ2-4,10,1.0,0.6263422498258695
AV12D-3-CALSEGDSGTYQRF-AJ13_BV19-CASSIREGQNTLYF-BJ2-4,10,2.0,0.28549085940614816
AV12D-3-CALSEGDSGTYQRF-AJ13_BV19-CASSIREGQNTLYF-BJ2-4,10,3.0,0.2181800710214771
AV12D-3-CALSEGDSGTYQRF-AJ13_BV19-CASSIREGQNTLYF-BJ2-4,10,4.0,0.19405601725847904
AV12D-3-CALSEGDSGTYQRF-AJ13_BV19-CASSIREGQNTLYF-BJ2-4,10,5.0,0.18193273560118248
AV13-1-CALDNRIFF-AJ31_BV12-1-CASSDWGGAEQFF-BJ2-1,86,0.0,2.250361045977687
AV13-1-CALDNRIFF-AJ31_BV12-1-CASSDWGGAEQFF-BJ2-1,86,1.0,1.1500005891060463
AV13-1-CALDNRIFF-AJ31_BV12-1-CASSDWGGAEQFF-BJ2-1,86,2.0,0.7676826012012065
AV13-1-CALDNRIFF-AJ31_BV12-1-CASSDWGGAEQFF-BJ2-1,86,3.0,0.6404094842025909
AV13-1-CALDNRIFF-AJ31_BV12-1-CASSDWGGAEQFF-BJ2-1,86,4.0,0.583594259830338
AV13-1-CALDNRIFF-AJ31_BV12-1-CASSDWGGAEQFF-BJ2-1,86,5.0,0.5523326485824924
AV13-1-CALEHGDAGAKLTF-AJ39_BV1-CTCSVGTGGSTGQLYF-BJ2-2,27,0.0,2.454817553324421
AV13-1-CALEHGDAGAKLTF-AJ39_BV1-CTCSVGTGGSTGQLYF-BJ2-2,27,1.0,1.8639673301151205
AV13-1-CALEHGDAGAKLTF-AJ39_BV1-CTCSVGTGGSTGQLYF-BJ2-2,27,2.0,1.5259423974310797
AV13-1-CALEHGDAGAKLTF-AJ39_BV1-CTCSVGTGGSTGQLYF-BJ2-2,27,3.0,1.3588675709682871
AV13-1-CALEHGDAGAKLTF-AJ39_BV1-CTCSVGTGGSTGQLYF-BJ2-2,27,4.0,1.2663662482763032
AV13-1-CALEHGDAGAKLTF-AJ39_BV1-CTCSVGTGGSTGQLYF-BJ2-2,27,5.0,1.209065690950341
AV13-1-CALELMDYANKMIF-AJ47_BV13-2-CASGDYWGGAEQFF-BJ2-1,8,0.0,2.0900839733531944
AV13-1-CALELMDYANKMIF-AJ47_BV13-2-CASGDYWGGAEQFF-BJ2-1,8,1.0,1.627972645963532
AV13-1-CALELMDYANKMIF-AJ47_BV13-2-CASGDYWGGAEQFF-BJ2-1,8,2.0,1.3498718395059588
AV13-1-CALELMDYANKMIF-AJ47_BV13-2-CASGDYWGGAEQFF-BJ2-1,8,3.0,1.2065475860943733
AV13-1-CALELMDYANKMIF-AJ47_BV13-2-CASGDYWGGAEQFF-BJ2-1,8,4.0,1.1258118051840373
AV13-1-CALELMDYANKMIF-AJ47_BV13-2-CASGDYWGGAEQFF-BJ2-1,8,5.0,1.0756337722215874
AV13-1-CALEQTGFASALTF-AJ35_BV3-CASSLGGSQNTLYF-BJ2-4,5,0.0,2.504320087944745
AV13-1-CALEQTGFASALTF-AJ35_BV3-CASSLGGSQNTLYF-BJ2-4,5,1.0,1.689182269063144
AV13-1-CALEQTGFASALTF-AJ35_BV3-CASSLGGSQNTLYF-BJ2-4,5,2.0,1.4600481873204383
AV13-1-CALEQTGFASALTF-AJ35_BV3-CASSLGGSQNTLYF-BJ2-4,5,3.0,1.379849159411932
AV13-1-CALEQTGFASALTF-AJ35_BV3-CASSLGGSQNTLYF-BJ2-4,5,4.0,1.340044090373689
AV13-1-CALEQTGFASALTF-AJ35_BV3-CASSLGGSQNTLYF-BJ2-4,5,5.0,1.3154926124081388
AV13-1-CALERPEGADRLTF-AJ45_BV16-CASRGLGGKYF-BJ2-7,6,0.0,2.2048031150826466
AV13-1-CALERPEGADRLTF-AJ45_BV16-CASRGLGGKYF-BJ2-7,6,1.0,1.4820491923536387
AV13-1-CALERPEGADRLTF-AJ45_BV16-CASRGLGGKYF-BJ2-7,6,2.0,1.1457036175372617
AV13-1-CALERPEGADRLTF-AJ45_BV16-CASRGLGGKYF-BJ2-7,6,3.0,0.9982478778295056
AV13-1-CALERPEGADRLTF-AJ45_BV16-CASRGLGGKYF-BJ2-7,6,4.0,0.9203865144247142
AV13-1-CALERPEGADRLTF-AJ45_BV16-CASRGLGGKYF-BJ2-7,6,5.0,0.8731837700120505
AV13-1-CALERSNNRIFF-AJ31_BV2-CASSQDRRGDTQYF-BJ2-5,68,0.0,1.7425333680346418
AV13-1-CALERSNNRIFF-AJ31_BV2-CASSQDRRGDTQYF-BJ2-5,68,1.0,1.4033159740010699
AV13-1-CALERSNNRIFF-AJ31_BV2-CASSQDRRGDTQYF-BJ2-5,68,2.0,1.2005589643338943
AV13-1-CALERSNNRIFF-AJ31_BV2-CASSQDRRGDTQYF-BJ2-5,68,3.0,1.0895208405680163
AV13-1-CALERSNNRIFF-AJ31_BV2-CASSQDRRGDTQYF-BJ2-5,68,4.0,1.0245377415168702
AV13-1-CALERSNNRIFF-AJ31_BV2-CASSQDRRGDTQYF-BJ2-5,68,5.0,0.9832775861761431
AV13-1-CASPMDSNYQLIW-AJ33_BV31-CAWSLGQDTQYF-BJ2-5,24,0.0,1.8827086099230133
AV13-1-CASPMDSNYQLIW-AJ33_BV31-CAWSLGQDTQYF-BJ2-5,24,1.0,0.5610488999969618
AV13-1-CASPMDSNYQLIW-AJ33_BV31-CAWSLGQDTQYF-BJ2-5,24,2.0,0.3191089362588861
AV13-1-CASPMDSNYQLIW-AJ33_BV31-CAWSLGQDTQYF-BJ2-5,24,3.0,0.2586939098260654
AV13-1-CASPMDSNYQLIW-AJ33_BV31-CAWSLGQDTQYF-BJ2-5,24,4.0,0.2334085673879993
AV13-1-CASPMDSNYQLIW-AJ33_BV31-CAWSLGQDTQYF-BJ2-5,24,5.0,0.21972247164454575
AV13-2-CAIDDNAGAKLTF-AJ39_BV14-CASSLRDEQYF-BJ2-7,31,0.0,2.2563435550333613
AV13-2-CAIDDNAGAKLTF-AJ39_BV14-CASSLRDEQYF-BJ2-7,31,1.0,1.5715494149936222
AV13-2-CAIDDNAGAKLTF-AJ39_BV14-CASSLRDEQYF-BJ2-7,31,2.0,1.2067728343553812
AV13-2-CAIDDNAGAKLTF-AJ39_BV14-CASSLRDEQYF-BJ2-7,31,3.0,1.0515957716363877
AV13-2-CAIDDNAGAKLTF-AJ39_BV14-CASSLRDEQYF-BJ2-7,31,4.0,0.9743806189791804
AV13-2-CAIDDNAGAKLTF-AJ39_BV14-CASSLRDEQYF-BJ2-7,31,5.0,0.9293833916089037
AV13-2-CAIDDNMGYKLTF-AJ9_BV26-CASSLRGEQYF-BJ2-7,8,0.0,1.8729632740824185
AV13-2-CAIDDNMGYKLTF-AJ9_BV26-CASSLRGEQYF-BJ2-7,8,1.0,1.0590669125043206
AV13-2-CAIDDNMGYKLTF-AJ9_BV26-CASSLRGEQYF-BJ2-7,8,2.0,0.7185251897302742
AV13-2-CAIDDNMGYKLTF-AJ9_BV26-CASSLRGEQYF-BJ2-7,8,3.0,0.5905641513908809
AV13-2-CAIDDNMGYKLTF-AJ9_BV26-CASSLRGEQYF-BJ2-7,8,4.0,0.5321414421279309
AV13-2-CAIDDNMGYKLTF-AJ9_BV26-CASSLRGEQYF-BJ2-7,8,5.0,0.5003336495870891
AV13-2-CAIDDNTGKLTF-AJ27_BV12-1-CASSQGNTLYF-BJ2-4,31,0.0,1.9237402112519055
AV13-2-CAIDDNTGKLTF-AJ27_BV12-1-CASSQGNTLYF-BJ2-4,31,1.0,1.299533892669115
AV13-2-CAIDDNTGKLTF-AJ27_BV12-1-CASSQGNTLYF-BJ2-4,31,2.0,0.9758597974443706
AV13-2-CAIDDNTGKLTF-AJ27_BV12-1-CASSQGNTLYF-BJ2-4,31,3.0,0.8330317495110433
AV13-2-CAIDDNTGKLTF-AJ27_BV12-1-CASSQGNTLYF-BJ2-4,31,4.0,0.7621889930852129
AV13-2-CAIDDNTGKLTF-AJ27_BV12-1-CASSQGNTLYF-BJ2-4,31,5.0,0.7219462421443645
AV13-2-CAIDNNAGAKLTF-AJ39_BV13-3-CASSDRDTLYF-BJ2-4,30,0.0,2.1586157833345214
AV13-2-CAIDNNAGAKLTF-AJ39_BV13-3-CASSDRDTLYF-BJ2-4,30,1.0,1.3183034938898295
AV13-2-CAIDNNAGAKLTF-AJ39_BV13-3-CASSDRDTLYF-BJ2-4,30,2.0,0.9611354740366667
AV13-2-CAIDNNAGAKLTF-AJ39_BV13-3-CASSDRDTLYF-BJ2-4,30,3.0,0.8254418618100037
AV13-2-CAIDNNAGAKLTF-AJ39_BV13-3-CASSDRDTLYF-BJ2-4,30,4.0,0.7595693633748545
AV13-2-CAIDNNAGAKLTF-AJ39_BV13-3-CASSDRDTLYF-BJ2-4,30,5.0,0.7216723169854908
AV13-2-CAIDPNTGKLTF-AJ27_BV13-3-CASSDSGSDYTF-BJ1-2,9,0.0,1.7044277780982915
AV13-2-CAIDPNTGKLTF-AJ27_BV13-3-CASSDSGSDYTF-BJ1-2,9,1.0,1.1057697059502205
AV13-2-CAIDPNTGKLTF-AJ27_BV13-3-CASSDSGSDYTF-BJ1-2,9,2.0,0.8711821325600932
AV13-2-CAIDPNTGKLTF-AJ27_BV13-3-CASSDSGSDYTF-BJ1-2,9,3.0,0.771819731857669
AV13-2-CAIDPNTGKLTF-AJ27_BV13-3-CASSDSGSDYTF-BJ1-2,9,4.0,0.7178528471013736
AV13-2-CAIDPNTGKLTF-AJ27_BV13-3-CASSDSGSDYTF-BJ1-2,9,5.0,0.6839103249158567
AV13-2-CAIDQNAGAKLTF-AJ39_BV14-CASSLRGEQYF-BJ2-7,213,0.0,2.29280798922776
AV13-2-CAIDQNAGAKLTF-AJ39_BV14-CASSLRGEQYF-BJ2-7,213,1.0,0.8419330452904955
AV13-2-CAIDQNAGAKLTF-AJ39_BV14-CASSLRGEQYF-BJ2-7,213,2.0,0.48286714665895986
AV13-2-CAIDQNAGAKLTF-AJ39_BV14-CASSLRGEQYF-BJ2-7,213,3.0,0.38928516290652726
AV13-2-CAIDQNAGAKLTF-AJ39_BV14-CASSLRGEQYF-BJ2-7,213,4.0,0.35098342498653456
AV13-2-CAIDQNAGAKLTF-AJ39_BV14-CASSLRGEQYF-BJ2-7,213,5.0,0.33057171658438494
AV13-2-CAIDTNTGKLTF-AJ27_BV13-3-CASSDANSDYTF-BJ1-2,12,0.0,1.5868833234760764
AV13-2-CAIDTNTGKLTF-AJ27_BV13-3-CASSDANSDYTF-BJ1-2,12,1.0,0.8303122201025541
AV13-2-CAIDTNTGKLTF-AJ27_BV13-3-CASSDANSDYTF-BJ1-2,12,2.0,0.5950462458205995
AV13-2-CAIDTNTGKLTF-AJ27_BV13-3-CASSDANSDYTF-BJ1-2,12,3.0,0.5224046985591771
AV13-2-CAIDTNTGKLTF-AJ27_BV13-3-CASSDANSDYTF-BJ1-2,12,4.0,0.4903560919022835
AV13-2-CAIDTNTGKLTF-AJ27_BV13-3-CASSDANSDYTF-BJ1-2,12,5.0,0.47264186008036485
AV13-2-CAIDTNTGKLTF-AJ27_BV20-CGASPSGNTLYF-BJ1-3,15,0.0,1.9057727067585177
AV13-2-CAIDTNTGKLTF-AJ27_BV20-CGASPSGNTLYF-BJ1-3,15,1.0,1.0367174209343069
AV13-2-CAIDTNTGKLTF-AJ27_BV20-CGASPSGNTLYF-BJ1-3,15,2.0,0.7691470102551978
AV13-2-CAIDTNTGKLTF-AJ27_BV20-CGASPSGNTLYF-BJ1-3,15,3.0,0.6836542733987531
AV13-2-CAIDTNTGKLTF-AJ27_BV20-CGASPSGNTLYF-BJ1-3,15,4.0,0.6443501455414113
AV13-2-CAIDTNTGKLTF-AJ27_BV20-CGASPSGNTLYF-BJ1-3,15,5.0,0.6217166064255409
AV13-2-CALEQTGFASALTF-AJ35_BV3-CASSLGGSQNTLYF-BJ2-4,7,0.0,2.4855348131340276
AV13-2-CALEQTGFASALTF-AJ35_BV3-CASSLGGSQNTLYF-BJ2-4,7,1.0,1.664424102287768
AV13-2-CALEQTGFASALTF-AJ35_BV3-CASSLGGSQNTLYF-BJ2-4,7,2.0,1.3906109711853214
AV13-2-CALEQTGFASALTF-AJ35_BV3-CASSLGGSQNTLYF-BJ2-4,7,3.0,1.2847543968624182
AV13-2-CALEQTGFASALTF-AJ35_BV3-CASSLGGSQNTLYF-BJ2-4,7,4.0,1.2280990031496741
AV13-2-CALEQTGFASALTF-AJ35_BV3-CASSLGGSQNTLYF-BJ2-4,7,5.0,1.1917710042677048
AV13-2-CAMDNNAGAKLTF-AJ39_BV13-3-CASSERTEVFF-BJ1-1,43,0.0,1.9725347741801356
AV13-2-CAMDNNAGAKLTF-AJ39_BV13-3-CASSERTEVFF-BJ1-1,43,1.0,0.4792479077906339
AV13-2-CAMDNNAGAKLTF-AJ39_BV13-3-CASSERTEVFF-BJ1-1,43,2.0,0.2301959342419605
AV13-2-CAMDNNAGAKLTF-AJ39_BV13-3-CASSERTEVFF-BJ1-1,43,3.0,0.17770164227607596
AV13-2-CAMDNNAGAKLTF-AJ39_BV13-3-CASSERTEVFF-BJ1-1,43,4.0,0.1582171874921439
AV13-2-CAMDNNAGAKLTF-AJ39_BV13-3-CASSERTEVFF-BJ1-1,43,5.0,0.14834880906877077
AV13-2-CAMDNNAGAKLTF-AJ39_BV14-CASSLRGSQYF-BJ2-7,7,0.0,2.064458730261761
AV13-2-CAMDNNAGAKLTF-AJ39_BV14-CASSLRGSQYF-BJ2-7,7,1.0,1.3869396785814936
AV13-2-CAMDNNAGAKLTF-AJ39_BV14-CASSLRGSQYF-BJ2-7,7,2.0,1.059081645574426
AV13-2-CAMDNNAGAKLTF-AJ39_BV14-CASSLRGSQYF-BJ2-7,7,3.0,0.9227302342774459
AV13-2-CAMDNNAGAKLTF-AJ39_BV14-CASSLRGSQYF-BJ2-7,7,4.0,0.8523414207686473
AV13-2-CAMDNNAGAKLTF-AJ39_BV14-CASSLRGSQYF-BJ2-7,7,5.0,0.8095950182611588
AV13-2-CAMDSNYQLIW-AJ33_BV13-2-CASGDRNTLYF-BJ1-3,14,0.0,1.681853472634316
AV13-2-CAMDSNYQLIW-AJ33_BV13-2-CASGDRNTLYF-BJ1-3,14,1.0,1.0006676110229764
AV13-2-CAMDSNYQLIW-AJ33_BV13-2-CASGDRNTLYF-BJ1-3,14,2.0,0.6951867491499054
AV13-2-CAMDSNYQLIW-AJ33_BV13-2-CASGDRNTLYF-BJ1-3,14,3.0,0.5853162479570616
AV13-2-CAMDSNYQLIW-AJ33_BV13-2-CASGDRNTLYF-BJ1-3,14,4.0,0.5369589934664007
AV13-2-CAMDSNYQLIW-AJ33_BV13-2-CASGDRNTLYF-BJ1-3,14,5.0,0.5111239495097468
AV13-4/DV7-CAMAGDYANKMIF-AJ47_BV14-CASSFRTEVFF-BJ1-1,52,0.0,2.461509739481389
AV13-4/DV7-CAMAGDYANKMIF-AJ47_BV14-CASSFRTEVFF-BJ1-1,52,1.0,1.388406781083574
AV13-4/DV7-CAMAGDYANKMIF-AJ47_BV14-CASSFRTEVFF-BJ1-1,52,2.0,1.0486661755762545
AV13-4/DV7-CAMAGDYANKMIF-AJ47_BV14-CASSFRTEVFF-BJ1-1,52,3.0,0.9260563952148908
AV13-4/DV7-CAMAGDYANKMIF-AJ47_BV14-CASSFRTEVFF-BJ1-1,52,4.0,0.865092571770249
AV13-4/DV7-CAMAGDYANKMIF-AJ47_BV14-CASSFRTEVFF-BJ1-1,52,5.0,0.8286361436752551
AV13-4/DV7-CAMDPNSNNRIFF-AJ31_BV3-CASSLGVDTQYF-BJ2-5,26,0.0,1.7749678008522227
AV13-4/DV7-CAMDPNSNNRIFF-AJ31_BV3-CASSLGVDTQYF-BJ2-5,26,1.0,0.7722336784811681
AV13-4/DV7-CAMDPNSNNRIFF-AJ31_BV3-CASSLGVDTQYF-BJ2-5,26,2.0,0.5247466463455942
AV13-4/DV7-CAMDPNSNNRIFF-AJ31_BV3-CASSLGVDTQYF-BJ2-5,26,3.0,0.4495344149334854
AV13-4/DV7-CAMDPNSNNRIFF-AJ31_BV3-CASSLGVDTQYF-BJ2-5,26,4.0,0.4157360244690009
AV13-4/DV7-CAMDPNSNNRIFF-AJ31_BV3-CASSLGVDTQYF-BJ2-5,26,5.0,0.39697255782319285
AV13-4/DV7-CAMERGGSNAKLTF-AJ42_BV13-2-CASGEGQGKNTLYF-BJ2-4,9,0.0,2.0800746429806174
AV13-4/DV7-CAMERGGSNAKLTF-AJ42_BV13-2-CASGEGQGKNTLYF-BJ2-4,9,1.0,1.208003880371213
AV13-4/DV7-CAMERGGSNAKLTF-AJ42_BV13-2-CASGEGQGKNTLYF-BJ2-4,9,2.0,0.8477035164270095
AV13-4/DV7-CAMERGGSNAKLTF-AJ42_BV13-2-CASGEGQGKNTLYF-BJ2-4,9,3.0,0.7134806703353321
AV13-4/DV7-CAMERGGSNAKLTF-AJ42_BV13-2-CASGEGQGKNTLYF-BJ2-4,9,4.0,0.6520998319263996
AV13-4/DV7-CAMERGGSNAKLTF-AJ42_BV13-2-CASGEGQGKNTLYF-BJ2-4,9,5.0,0.6187105641455063
AV13D-1-CAMEPASGSWQLIF-AJ22_BV4-CASSLNTLYF-BJ2-4,8,0.0,1.7471599904374895
AV13D-1-CAMEPASGSWQLIF-AJ22_BV4-CASSLNTLYF-BJ2-4,8,1.0,1.1281522201455865
AV13D-1-CAMEPASGSWQLIF-AJ22_BV4-CASSLNTLYF-BJ2-4,8,2.0,0.8583920991395702
AV13D-1-CAMEPASGSWQLIF-AJ22_BV4-CASSLNTLYF-BJ2-4,8,3.0,0.753203719850275
AV13D-1-CAMEPASGSWQLIF-AJ22_BV4-CASSLNTLYF-BJ2-4,8,4.0,0.7012692130860043
AV13D-1-CAMEPASGSWQLIF-AJ22_BV4-CASSLNTLYF-BJ2-4,8,5.0,0.6708647699987988
AV13D-2-CAIDNNAGAKLTF-AJ39_BV13-3-CASRDRYEQYF-BJ2-7,26,0.0,1.922967681873567
AV13D-2-CAIDNNAGAKLTF-AJ39_BV13-3-CASRDRYEQYF-BJ2-7,26,1.0,0.6078392578264841
AV13D-2-CAIDNNAGAKLTF-AJ39_BV13-3-CASRDRYEQYF-BJ2-7,26,2.0,0.34993667269916173
AV13D-2-CAIDNNAGAKLTF-AJ39_BV13-3-CASRDRYEQYF-BJ2-7,26,3.0,0.28793260846237234
AV13D-2-CAIDNNAGAKLTF-AJ39_BV13-3-CASRDRYEQYF-BJ2-7,26,4.0,0.2625547734704728
AV13D-2-CAIDNNAGAKLTF-AJ39_BV13-3-CASRDRYEQYF-BJ2-7,26,5.0,0.24897776738957497
AV13D-2-CAIDPNYNVLYF-AJ21_BV13-3-CASSEKGREQYF-BJ2-7,42,0.0,1.8497550541143062
AV13D-2-CAIDPNYNVLYF-AJ21_BV13-3-CASSEKGREQYF-BJ2-7,42,1.0,1.6345238236778639
AV13D-2-CAIDPNYNVLYF-AJ21_BV13-3-CASSEKGREQYF-BJ2-7,42,2.0,1.4850226158414759
AV13D-2-CAIDPNYNVLYF-AJ21_BV13-3-CASSEKGREQYF-BJ2-7,42,3.0,1.392718285581301
AV13D-2-CAIDPNYNVLYF-AJ21_BV13-3-CASSEKGREQYF-BJ2-7,42,4.0,1.3346416817611588
AV13D-2-CAIDPNYNVLYF-AJ21_BV13-3-CASSEKGREQYF-BJ2-7,42,5.0,1.2960038315613627
AV13D-2-CAIDRSSGSWQLIF-AJ22_BV4-CASSYIEVFF-BJ1-1,28,0.0,2.2948473486643812
AV13D-2-CAIDRSSGSWQLIF-AJ22_BV4-CASSYIEVFF-BJ1-1,28,1.0,0.5727417026792189
AV13D-2-CAIDRSSGSWQLIF-AJ22_BV4-CASSYIEVFF-BJ1-1,28,2.0,0.27704725050341705
AV13D-2-CAIDRSSGSWQLIF-AJ22_BV4-CASSYIEVFF-BJ1-1,28,3.0,0.2167758124072163
AV13D-2-CAIDRSSGSWQLIF-AJ22_BV4-CASSYIEVFF-BJ1-1,28,4.0,0.19407075620403896
AV13D-2-CAIDRSSGSWQLIF-AJ22_BV4-CASSYIEVFF-BJ1-1,28,5.0,0.18231170521268006
AV13D-2-CAIDTNAYKVIF-AJ30_BV3-CASSLDWSSYEQYF-BJ2-7,23,0.0,2.0937212648398793
AV13D-2-CAIDTNAYKVIF-AJ30_BV3-CASSLDWSSYEQYF-BJ2-7,23,1.0,0.9556513643619844
AV13D-2-CAIDTNAYKVIF-AJ30_BV3-CASSLDWSSYEQYF-BJ2-7,23,2.0,0.6190429168138132
AV13D-2-CAIDTNAYKVIF-AJ30_BV3-CASSLDWSSYEQYF-BJ2-7,23,3.0,0.5097720342100353
AV13D-2-CAIDTNAYKVIF-AJ30_BV3-CASSLDWSSYEQYF-BJ2-7,23,4.0,0.4607021182425049
AV13D-2-CAIDTNAYKVIF-AJ30_BV3-CASSLDWSSYEQYF-BJ2-7,23,5.0,0.4338042917720369
AV13N-1-CAMELNSGTYQRF-AJ13_BV17-CASSPGQGFQDTQYF-BJ2-5,14,0.0,1.992185484876276
AV13N-1-CAMELNSGTYQRF-AJ13_BV17-CASSPGQGFQDTQYF-BJ2-5,14,1.0,1.2648224351329806
AV13N-1-CAMELNSGTYQRF-AJ13_BV17-CASSPGQGFQDTQYF-BJ2-5,14,2.0,0.9911515981111778
AV13N-1-CAMELNSGTYQRF-AJ13_BV17-CASSPGQGFQDTQYF-BJ2-5,14,3.0,0.8983980845052454
AV13N-1-CAMELNSGTYQRF-AJ13_BV17-CASSPGQGFQDTQYF-BJ2-5,14,4.0,0.8555535923623759
AV13N-1-CAMELNSGTYQRF-AJ13_BV17-CASSPGQGFQDTQYF-BJ2-5,14,5.0,0.8307152102622709
AV13N-4-CAMEHGTGGYKVVF-AJ12_BV5-CASSQAQGEVFF-BJ1-1,7,0.0,1.9216015874046182
AV13N-4-CAMEHGTGGYKVVF-AJ12_BV5-CASSQAQGEVFF-BJ1-1,7,1.0,1.2481489982466518
AV13N-4-CAMEHGTGGYKVVF-AJ12_BV5-CASSQAQGEVFF-BJ1-1,7,2.0,0.924304498115624
AV13N-4-CAMEHGTGGYKVVF-AJ12_BV5-CASSQAQGEVFF-BJ1-1,7,3.0,0.7947919800185039
AV13N-4-CAMEHGTGGYKVVF-AJ12_BV5-CASSQAQGEVFF-BJ1-1,7,4.0,0.7325028368985852
AV13N-4-CAMEHGTGGYKVVF-AJ12_BV5-CASSQAQGEVFF-BJ1-1,7,5.0,0.6965719901207615
AV14-1-CAARGAEQGGRALIF-AJ15_BV13-1-CASSEQGGYEQYF-BJ2-7,79,0.0,2.0180955395918545
AV14-1-CAARGAEQGGRALIF-AJ15_BV13-1-CASSEQGGYEQYF-BJ2-7,79,1.0,0.9296013744907808
AV14-1-CAARGAEQGGRALIF-AJ15_BV13-1-CASSEQGGYEQYF-BJ2-7,79,2.0,0.6014739516537264
AV14-1-CAARGAEQGGRALIF-AJ15_BV13-1-CASSEQGGYEQYF-BJ2-7,79,3.0,0.49919704158200845
AV14-1-CAARGAEQGGRALIF-AJ15_BV13-1-CASSEQGGYEQYF-BJ2-7,79,4.0,0.454386523219022
AV14-1-CAARGAEQGGRALIF-AJ15_BV13-1-CASSEQGGYEQYF-BJ2-7,79,5.0,0.4298744205688984
AV14-1-CAASADTGNYKYVF-AJ40_BV13-3-CASSGTGTQNTLYF-BJ2-4,12,0.0,2.356909517587219
AV14-1-CAASADTGNYKYVF-AJ40_BV13-3-CASSGTGTQNTLYF-BJ2-4,12,1.0,1.6613273758482332
AV14-1-CAASADTGNYKYVF-AJ40_BV13-3-CASSGTGTQNTLYF-BJ2-4,12,2.0,1.390159641673433
AV14-1-CAASADTGNYKYVF-AJ40_BV13-3-CASSGTGTQNTLYF-BJ2-4,12,3.0,1.2714355714236598
AV14-1-CAASADTGNYKYVF-AJ40_BV13-3-CASSGTGTQNTLYF-BJ2-4,12,4.0,1.2062698993964684
AV14-1-CAASADTGNYKYVF-AJ40_BV13-3-CASSGTGTQNTLYF-BJ2-4,12,5.0,1.1648541352671804
AV14-2-CAADNNNAPRF-AJ43_BV12-1-CASSRGQANTGQLYF-BJ2-2,7,0.0,1.899886859769611
AV14-2-CAADNNNAPRF-AJ43_BV12-1-CASSRGQANTGQLYF-BJ2-2,7,1.0,1.4883782980221167
AV14-2-CAADNNNAPRF-AJ43_BV12-1-CASSRGQANTGQLYF-BJ2-2,7,2.0,1.2663778390218638
AV14-2-CAADNNNAPRF-AJ43_BV12-1-CASSRGQANTGQLYF-BJ2-2,7,3.0,1.152955462665434
AV14-2-CAADNNNAPRF-AJ43_BV12-1-CASSRGQANTGQLYF-BJ2-2,7,4.0,1.087518526505055
AV14-2-CAADNNNAPRF-AJ43_BV12-1-CASSRGQANTGQLYF-BJ2-2,7,5.0,1.046187685629962
AV14-2-CAARDQGGSAKLIF-AJ57_BV5-CASSQQGRANTGQLYF-BJ2-2,38,0.0,1.688776605245118
AV14-2-CAARDQGGSAKLIF-AJ57_BV5-CASSQQGRANTGQLYF-BJ2-2,38,1.0,0.4259538193328243
AV14-2-CAARDQGGSAKLIF-AJ57_BV5-CASSQQGRANTGQLYF-BJ2-2,38,2.0,0.22932225642794277
AV14-2-CAARDQGGSAKLIF-AJ57_BV5-CASSQQGRANTGQLYF-BJ2-2,38,3.0,0.18305959744168235
AV14-2-CAARDQGGSAKLIF-AJ57_BV5-CASSQQGRANTGQLYF-BJ2-2,38,4.0,0.16427239688932366
AV14-2-CAARDQGGSAKLIF-AJ57_BV5-CASSQQGRANTGQLYF-BJ2-2,38,5.0,0.15433629269874719
AV14-2-CAARSAGNKLTF-AJ17_BV1-CTCSAVRANSDYTF-BJ1-2,7,0.0,1.6549946429601652
AV14-2-CAARSAGNKLTF-AJ17_BV1-CTCSAVRANSDYTF-BJ1-2,7,1.0,1.0063650282933347
AV14-2-CAARSAGNKLTF-AJ17_BV1-CTCSAVRANSDYTF-BJ1-2,7,2.0,0.7452068648075841
AV14-2-CAARSAGNKLTF-AJ17_BV1-CTCSAVRANSDYTF-BJ1-2,7,3.0,0.6599051663659117
AV14-2-CAARSAGNKLTF-AJ17_BV1-CTCSAVRANSDYTF-BJ1-2,7,4.0,0.6218565299315292
AV14-2-CAARSAGNKLTF-AJ17_BV1-CTCSAVRANSDYTF-BJ1-2,7,5.0,0.6001240201956991
AV14-2-CAASADTGNYKYVF-AJ40_BV13-3-CASSDMGGQNTLYF-BJ2-4,9,0.0,2.2269555424125462
AV14-2-CAASADTGNYKYVF-AJ40_BV13-3-CASSDMGGQNTLYF-BJ2-4,9,1.0,1.8227257055277615
AV14-2-CAASADTGNYKYVF-AJ40_BV13-3-CASSDMGGQNTLYF-BJ2-4,9,2.0,1.6100295763151264
AV14-2-CAASADTGNYKYVF-AJ40_BV13-3-CASSDMGGQNTLYF-BJ2-4,9,3.0,1.5027947522941731
AV14-2-CAASADTGNYKYVF-AJ40_BV13-3-CASSDMGGQNTLYF-BJ2-4,9,4.0,1.4412880457263342
AV14-2-CAASADTGNYKYVF-AJ40_BV13-3-CASSDMGGQNTLYF-BJ2-4,9,5.0,1.4014891078710336
AV14-2-CAASDDTNAYKVIF-AJ30_BV13-1-CASSALGGSYEQYF-BJ2-7,7,0.0,1.9274075851899535
AV14-2-CAASDDTNAYKVIF-AJ30_BV13-1-CASSALGGSYEQYF-BJ2-7,7,1.0,0.9420027730985856
AV14-2-CAASDDTNAYKVIF-AJ30_BV13-1-CASSALGGSYEQYF-BJ2-7,7,2.0,0.6176870385015778
AV14-2-CAASDDTNAYKVIF-AJ30_BV13-1-CASSALGGSYEQYF-BJ2-7,7,3.0,0.505460045918808
AV14-2-CAASDDTNAYKVIF-AJ30_BV13-1-CASSALGGSYEQYF-BJ2-7,7,4.0,0.4545448668386853
AV14-2-CAASDDTNAYKVIF-AJ30_BV13-1-CASSALGGSYEQYF-BJ2-7,7,5.0,0.42695809414868796
AV14-2-CAASLDNYAQGLTF-AJ26_BV13-1-CASSGRTTNTEVFF-BJ1-1,16,0.0,1.5519814437008936
AV14-2-CAASLDNYAQGLTF-AJ26_BV13-1-CASSGRTTNTEVFF-BJ1-1,16,1.0,0.4889213203364583
AV14-2-CAASLDNYAQGLTF-AJ26_BV13-1-CASSGRTTNTEVFF-BJ1-1,16,2.0,0.2883749190219879
AV14-2-CAASLDNYAQGLTF-AJ26_BV13-1-CASSGRTTNTEVFF-BJ1-1,16,3.0,0.23971240030486068
AV14-2-CAASLDNYAQGLTF-AJ26_BV13-1-CASSGRTTNTEVFF-BJ1-1,16,4.0,0.22050305581502413
AV14-2-CAASLDNYAQGLTF-AJ26_BV13-1-CASSGRTTNTEVFF-BJ1-1,16,5.0,0.2105473433113579
AV14-2-CAASPNTGYQNFYF-AJ49_BV13-2-CASGNNQAPLF-BJ1-5,29,0.0,1.790799885171751
AV14-2-CAASPNTGYQNFYF-AJ49_BV13-2-CASGNNQAPLF-BJ1-5,29,1.0,0.7257917885789372
AV14-2-CAASPNTGYQNFYF-AJ49_BV13-2-CASGNNQAPLF-BJ1-5,29,2.0,0.4221958403076224
AV14-2-CAASPNTGYQNFYF-AJ49_BV13-2-CASGNNQAPLF-BJ1-5,29,3.0,0.3367417274397364
AV14-2-CAASPNTGYQNFYF-AJ49_BV13-2-CASGNNQAPLF-BJ1-5,29,4.0,0.30166887340133886
AV14-2-CAASPNTGYQNFYF-AJ49_BV13-2-CASGNNQAPLF-BJ1-5,29,5.0,0.2832369293822588
AV14-2-CAASSSNNRIFF-AJ31_BV13-2-CASGGGWGTEVFF-BJ1-1,21,0.0,1.899368067336121
AV14-2-CAASSSNNRIFF-AJ31_BV13-2-CASGGGWGTEVFF-BJ1-1,21,1.0,1.5189003288799172
AV14-2-CAASSSNNRIFF-AJ31_BV13-2-CASGGGWGTEVFF-BJ1-1,21,2.0,1.2764840237072623
AV14-2-CAASSSNNRIFF-AJ31_BV13-2-CASGGGWGTEVFF-BJ1-1,21,3.0,1.1502417933762856
AV14-2-CAASSSNNRIFF-AJ31_BV13-2-CASGGGWGTEVFF-BJ1-1,21,4.0,1.0791419842774075
AV14-2-CAASSSNNRIFF-AJ31_BV13-2-CASGGGWGTEVFF-BJ1-1,21,5.0,1.0344685155728026
AV14-2-CAASVGDSNNRIFF-AJ31_BV1-CTCSAVRVQDTQYF-BJ2-5,22,0.0,1.6803369266053954
AV14-2-CAASVGDSNNRIFF-AJ31_BV1-CTCSAVRVQDTQYF-BJ2-5,22,1.0,1.2002681787852783
AV14-2-CAASVGDSNNRIFF-AJ31_BV1-CTCSAVRVQDTQYF-BJ2-5,22,2.0,0.9385900352859111
AV14-2-CAASVGDSNNRIFF-AJ31_BV1-CTCSAVRVQDTQYF-BJ2-5,22,3.0,0.8168745507986398
AV14-2-CAASVGDSNNRIFF-AJ31_BV1-CTCSAVRVQDTQYF-BJ2-5,22,4.0,0.7534474603647486
AV14-2-CAASVGDSNNRIFF-AJ31_BV1-CTCSAVRVQDTQYF-BJ2-5,22,5.0,0.7160568505598355
AV14-2-CAATEGADRLTF-AJ45_BV1-CTCSAVRVTGQLYF-BJ2-2,6,0.0,1.846135932841805
AV14-2-CAATEGADRLTF-AJ45_BV1-CTCSAVRVTGQLYF-BJ2-2,6,1.0,0.8472326469748119
AV14-2-CAATEGADRLTF-AJ45_BV1-CTCSAVRVTGQLYF-BJ2-2,6,2.0,0.5330431348232229
AV14-2-CAATEGADRLTF-AJ45_BV1-CTCSAVRVTGQLYF-BJ2-2,6,3.0,0.4314688633620361
AV14-2-CAATEGADRLTF-AJ45_BV1-CTCSAVRVTGQLYF-BJ2-2,6,4.0,0.38729783511094934
AV14-2-CAATEGADRLTF-AJ45_BV1-CTCSAVRVTGQLYF-BJ2-2,6,5.0,0.36370220920369717
AV14-2-CAATYSNNRLTL-AJ7_BV13-2-CASGGGWNTEVFF-BJ1-1,194,0.0,2.1653066285015576
AV14-2-CAATYSNNRLTL-AJ7_BV13-2-CASGGGWNTEVFF-BJ1-1,194,1.0,1.6575522012402908
AV14-2-CAATYSNNRLTL-AJ7_BV13-2-CASGGGWNTEVFF-BJ1-1,194,2.0,1.3700781705191578
AV14-2-CAATYSNNRLTL-AJ7_BV13-2-CASGGGWNTEVFF-BJ1-1,194,3.0,1.230262848391662
AV14-2-CAATYSNNRLTL-AJ7_BV13-2-CASGGGWNTEVFF-BJ1-1,194,4.0,1.153714559531524
AV14-2-CAATYSNNRLTL-AJ7_BV13-2-CASGGGWNTEVFF-BJ1-1,194,5.0,1.106375278321881
AV14-3-CAASAGGNNKLTF-AJ56_BV13-2-CASGDAGYEQYF-BJ2-7,5,0.0,1.3813781191217036
AV14-3-CAASAGGNNKLTF-AJ56_BV13-2-CASGDAGYEQYF-BJ2-7,5,1.0,1.2292719772925542
AV14-3-CAASAGGNNKLTF-AJ56_BV13-2-CASGDAGYEQYF-BJ2-7,5,2.0,1.1230459390733558
AV14-3-CAASAGGNNKLTF-AJ56_BV13-2-CASGDAGYEQYF-BJ2-7,5,3.0,1.0545580223177624
AV14-3-CAASAGGNNKLTF-AJ56_BV13-2-CASGDAGYEQYF-BJ2-7,5,4.0,1.00894965774855
AV14-3-CAASAGGNNKLTF-AJ56_BV13-2-CASGDAGYEQYF-BJ2-7,5,5.0,0.9772815437058069
AV14-3-CAASDGSSGNKLIF-AJ32_BV1-CTCSAVRYAEQFF-BJ2-1,20,0.0,2.186706266143948
AV14-3-CAASDGSSGNKLIF-AJ32_BV1-CTCSAVRYAEQFF-BJ2-1,20,1.0,0.7792128952241709
AV14-3-CAASDGSSGNKLIF-AJ32_BV1-CTCSAVRYAEQFF-BJ2-1,20,2.0,0.4715962289902046
AV14-3-CAASDGSSGNKLIF-AJ32_BV1-CTCSAVRYAEQFF-BJ2-1,20,3.0,0.3955313427676722
AV14-3-CAASDGSSGNKLIF-AJ32_BV1-CTCSAVRYAEQFF-BJ2-1,20,4.0,0.3626594499072059
AV14-3-CAASDGSSGNKLIF-AJ32_BV1-CTCSAVRYAEQFF-BJ2-1,20,5.0,0.34420571813818135
AV14-3-CAATSSSFSKLVF-AJ50_BV13-2-CASGERLDAEQFF-BJ2-1,62,0.0,1.968915534760209
AV14-3-CAATSSSFSKLVF-AJ50_BV13-2-CASGERLDAEQFF-BJ2-1,62,1.0,1.3661210440344416
AV14-3-CAATSSSFSKLVF-AJ50_BV13-2-CASGERLDAEQFF-BJ2-1,62,2.0,1.0655745056590944
AV14-3-CAATSSSFSKLVF-AJ50_BV13-2-CASGERLDAEQFF-BJ2-1,62,3.0,0.9320712971862369
AV14-3-CAATSSSFSKLVF-AJ50_BV13-2-CASGERLDAEQFF-BJ2-1,62,4.0,0.8631839569706551
AV14-3-CAATSSSFSKLVF-AJ50_BV13-2-CASGERLDAEQFF-BJ2-1,62,5.0,0.8224542391249104
AV14D-1-CAAHLSSGSWQLIF-AJ22_BV1-CTCSASDWEQYF-BJ2-7,6,0.0,1.2486421827216123
AV14D-1-CAAHLSSGSWQLIF-AJ22_BV1-CTCSASDWEQYF-BJ2-7,6,1.0,0.9341945330585334
AV14D-1-CAAHLSSGSWQLIF-AJ22_BV1-CTCSASDWEQYF-BJ2-7,6,2.0,0.7585427603420825
AV14D-1-CAAHLSSGSWQLIF-AJ22_BV1-CTCSASDWEQYF-BJ2-7,6,3.0,0.6688949804490371
AV14D-1-CAAHLSSGSWQLIF-AJ22_BV1-CTCSASDWEQYF-BJ2-7,6,4.0,0.6185759334274109
AV14D-1-CAAHLSSGSWQLIF-AJ22_BV1-CTCSASDWEQYF-BJ2-7,6,5.0,0.587348034007727
AV14D-1-CAASADYNQGKLIF-AJ23_BV3-CASSFNQDTQYF-BJ2-5,6,0.0,1.7486421827216123
AV14D-1-CAASADYNQGKLIF-AJ23_BV3-CASSFNQDTQYF-BJ2-5,6,1.0,0.25472464082719953
AV14D-1-CAASADYNQGKLIF-AJ23_BV3-CASSFNQDTQYF-BJ2-5,6,2.0,0.10083105284355239
AV14D-1-CAASADYNQGKLIF-AJ23_BV3-CASSFNQDTQYF-BJ2-5,6,3.0,0.07635675928354738
AV14D-1-CAASADYNQGKLIF-AJ23_BV3-CASSFNQDTQYF-BJ2-5,6,4.0,0.06788272474250501
AV14D-1-CAASADYNQGKLIF-AJ23_BV3-CASSFNQDTQYF-BJ2-5,6,5.0,0.06364024174338022
AV14D-1-CAASEDSAGNKLTF-AJ17_BV20-CGARPDGTEVFF-BJ1-1,6,0.0,1.8306176987765579
AV14D-1-CAASEDSAGNKLTF-AJ17_BV20-CGARPDGTEVFF-BJ1-1,6,1.0,1.060722025056146
AV14D-1-CAASEDSAGNKLTF-AJ17_BV20-CGARPDGTEVFF-BJ1-1,6,2.0,0.7616542254034884
AV14D-1-CAASEDSAGNKLTF-AJ17_BV20-CGARPDGTEVFF-BJ1-1,6,3.0,0.657258458161777
AV14D-1-CAASEDSAGNKLTF-AJ17_BV20-CGARPDGTEVFF-BJ1-1,6,4.0,0.608327445769122
AV14D-1-CAASEDSAGNKLTF-AJ17_BV20-CGARPDGTEVFF-BJ1-1,6,5.0,0.5797413158671907
AV14D-1-CAATGANTGKLTF-AJ52_BV1-CTCSAAWGAEQYF-BJ2-7,21,0.0,2.0547220391503713
AV14D-1-CAATGANTGKLTF-AJ52_BV1-CTCSAAWGAEQYF-BJ2-7,21,1.0,1.8530569446798444
AV14D-1-CAATGANTGKLTF-AJ52_BV1-CTCSAAWGAEQYF-BJ2-7,21,2.0,1.699663665331966
AV14D-1-CAATGANTGKLTF-AJ52_BV1-CTCSAAWGAEQYF-BJ2-7,21,3.0,1.5953504765049744
AV14D-1-CAATGANTGKLTF-AJ52_BV1-CTCSAAWGAEQYF-BJ2-7,21,4.0,1.5244057815588374
AV14D-1-CAATGANTGKLTF-AJ52_BV1-CTCSAAWGAEQYF-BJ2-7,21,5.0,1.4748112898407844
AV14D-3/DV8-CAASAFDTNAYKVIF-AJ30_BV13-2-CASGDWGGQDTQYF-BJ2-5,41,0.0,1.9949913929899787
AV14D-3/DV8-CAASAFDTNAYKVIF-AJ30_BV13-2-CASGDWGGQDTQYF-BJ2-5,41,1.0,0.7126633703249047
AV14D-3/DV8-CAASAFDTNAYKVIF-AJ30_BV13-2-CASGDWGGQDTQYF-BJ2-5,41,2.0,0.41400335697947593
AV14D-3/DV8-CAASAFDTNAYKVIF-AJ30_BV13-2-CASGDWGGQDTQYF-BJ2-5,41,3.0,0.33552673312703885
AV14D-3/DV8-CAASAFDTNAYKVIF-AJ30_BV13-2-CASGDWGGQDTQYF-BJ2-5,41,4.0,0.30306579192477845
AV14D-3/DV8-CAASAFDTNAYKVIF-AJ30_BV13-2-CASGDWGGQDTQYF-BJ2-5,41,5.0,0.28568000475531746
AV14D-3/DV8-CAASEGSALGRLHF-AJ18_BV12-2-CASSLDSNQDTQYF-BJ2-5,6,0.0,1.9251244642305403
AV14D-3/DV8-CAASEGSALGRLHF-AJ18_BV12-2-CASSLDSNQDTQYF-BJ2-5,6,1.0,1.4274896196707
AV14D-3/DV8-CAASEGSALGRLHF-AJ18_BV12-2-CASSLDSNQDTQYF-BJ2-5,6,2.0,1.1485481486763343
AV14D-3/DV8-CAASEGSALGRLHF-AJ18_BV12-2-CASSLDSNQDTQYF-BJ2-5,6,3.0,1.0264857321549081
AV14D-3/DV8-CAASEGSALGRLHF-AJ18_BV12-2-CASSLDSNQDTQYF-BJ2-5,6,4.0,0.9647655806563078
AV14D-3/DV8-CAASEGSALGRLHF-AJ18_BV12-2-CASSLDSNQDTQYF-BJ2-5,6,5.0,0.928952279218167
AV15D-1/DV6D-1-CALWELARMGYKLTF-AJ9_BV13-1-CASSDGVHYAEQFF-BJ2-1,12,0.0,1.9513887999946207
AV15D-1/DV6D-1-CALWELARMGYKLTF-AJ9_BV13-1-CASSDGVHYAEQFF-BJ2-1,12,1.0,0.6576073381588444
AV15D-1/DV6D-1-CALWELARMGYKLTF-AJ9_BV13-1-CASSDGVHYAEQFF-BJ2-1,12,2.0,0.39408873471028993
AV15D-1/DV6D-1-CALWELARMGYKLTF-AJ9_BV13-1-CASSDGVHYAEQFF-BJ2-1,12,3.0,0.330216951891692
AV15D-1/DV6D-1-CALWELARMGYKLTF-AJ9_BV13-1-CASSDGVHYAEQFF-BJ2-1,12,4.0,0.3045175684468879
AV15D-1/DV6D-1-CALWELARMGYKLTF-AJ9_BV13-1-CASSDGVHYAEQFF-BJ2-1,12,5.0,0.29100954429575726
AV16-CAMRDSNTGYQNFYF-AJ49_BV13-2-CASGDGGKNTLYF-BJ2-4,10,0.0,2.269795171032547
AV16-CAMRDSNTGYQNFYF-AJ49_BV13-2-CASGDGGKNTLYF-BJ2-4,10,1.0,1.5550240524237124
AV16-CAMRDSNTGYQNFYF-AJ49_BV13-2-CASGDGGKNTLYF-BJ2-4,10,2.0,1.2905064921996456
AV16-CAMRDSNTGYQNFYF-AJ49_BV13-2-CASGDGGKNTLYF-BJ2-4,10,3.0,1.1864257908263487
AV16-CAMRDSNTGYQNFYF-AJ49_BV13-2-CASGDGGKNTLYF-BJ2-4,10,4.0,1.129756559987309
AV16-CAMRDSNTGYQNFYF-AJ49_BV13-2-CASGDGGKNTLYF-BJ2-4,10,5.0,1.0928990862103871
AV16-CAMREANTGYQNFYF-AJ49_BV13-2-CASGPGGQNTLYF-BJ2-4,61,0.0,2.0549577240142027
AV16-CAMREANTGYQNFYF-AJ49_BV13-2-CASGPGGQNTLYF-BJ2-4,61,1.0,1.422571929932699
AV16-CAMREANTGYQNFYF-AJ49_BV13-2-CASGPGGQNTLYF-BJ2-4,61,2.0,1.207676049586528
AV16-CAMREANTGYQNFYF-AJ49_BV13-2-CASGPGGQNTLYF-BJ2-4,61,3.0,1.1215587865397765
AV16-CAMREANTGYQNFYF-AJ49_BV13-2-CASGPGGQNTLYF-BJ2-4,61,4.0,1.0750457633299169
AV16-CAMREANTGYQNFYF-AJ49_BV13-2-CASGPGGQNTLYF-BJ2-4,61,5.0,1.0451166120832915
AV16-CAMREANTGYQNFYF-AJ49_BV13-2-CASGTGGENTLYF-BJ2-4,6,0.0,2.0060289354255807
AV16-CAMREANTGYQNFYF-AJ49_BV13-2-CASGTGGENTLYF-BJ2-4,6,1.0,1.4243304959509553
AV16-CAMREANTGYQNFYF-AJ49_BV13-2-CASGTGGENTLYF-BJ2-4,6,2.0,1.1067636382469215
AV16-CAMREANTGYQNFYF-AJ49_BV13-2-CASGTGGENTLYF-BJ2-4,6,3.0,0.953902172220078
AV16-CAMREANTGYQNFYF-AJ49_BV13-2-CASGTGGENTLYF-BJ2-4,6,4.0,0.8736257205047152
AV16-CAMREANTGYQNFYF-AJ49_BV13-2-CASGTGGENTLYF-BJ2-4,6,5.0,0.8263091648301106
AV16-CAMREDSGGSNYKLTF-AJ53_BV13-1-CASSDITEVFF-BJ1-1,7,0.0,1.6125303399356354
AV16-CAMREDSGGSNYKLTF-AJ53_BV13-1-CASSDITEVFF-BJ1-1,7,1.0,0.8955831936311764
AV16-CAMREDSGGSNYKLTF-AJ53_BV13-1-CASSDITEVFF-BJ1-1,7,2.0,0.6256523081652349
AV16-CAMREDSGGSNYKLTF-AJ53_BV13-1-CASSDITEVFF-BJ1-1,7,3.0,0.5348998967496443
AV16-CAMREDSGGSNYKLTF-AJ53_BV13-1-CASSDITEVFF-BJ1-1,7,4.0,0.49397843247896567
AV16-CAMREDSGGSNYKLTF-AJ53_BV13-1-CASSDITEVFF-BJ1-1,7,5.0,0.47136236730274284
AV16-CAMREDSNYQLIW-AJ33_BV3-CASSHGQISNERLFF-BJ1-4,5,0.0,1.3813781191217036
AV16-CAMREDSNYQLIW-AJ33_BV3-CASSHGQISNERLFF-BJ1-4,5,1.0,1.0433283914428697
AV16-CAMREDSNYQLIW-AJ33_BV3-CASSHGQISNERLFF-BJ1-4,5,2.0,0.8515354949515725
AV16-CAMREDSNYQLIW-AJ33_BV3-CASSHGQISNERLFF-BJ1-4,5,3.0,0.7578122156375566
AV16-CAMREDSNYQLIW-AJ33_BV3-CASSHGQISNERLFF-BJ1-4,5,4.0,0.7074952466995373
AV16-CAMREDSNYQLIW-AJ33_BV3-CASSHGQISNERLFF-BJ1-4,5,5.0,0.6772567500156998
AV16-CAMREDSNYQLIW-AJ33_BV3-CASSLGQISNERLFF-BJ1-4,63,0.0,1.802458965877307
AV16-CAMREDSNYQLIW-AJ33_BV3-CASSLGQISNERLFF-BJ1-4,63,1.0,0.653355126202026
AV16-CAMREDSNYQLIW-AJ33_BV3-CASSLGQISNERLFF-BJ1-4,63,2.0,0.3715418342182608
AV16-CAMREDSNYQLIW-AJ33_BV3-CASSLGQISNERLFF-BJ1-4,63,3.0,0.2960600188349761
AV16-CAMREDSNYQLIW-AJ33_BV3-CASSLGQISNERLFF-BJ1-4,63,4.0,0.26531716492610624
AV16-CAMREDSNYQLIW-AJ33_BV3-CASSLGQISNERLFF-BJ1-4,63,5.0,0.24916107868669882
AV16-CAMREDSNYQLIW-AJ33_BV3-CASSSGQISNERLFF-BJ1-4,19,0.0,1.6842962158240322
AV16-CAMREDSNYQLIW-AJ33_BV3-CASSSGQISNERLFF-BJ1-4,19,1.0,0.6910443629302152
AV16-CAMREDSNYQLIW-AJ33_BV3-CASSSGQISNERLFF-BJ1-4,19,2.0,0.4396369715390822
AV16-CAMREDSNYQLIW-AJ33_BV3-CASSSGQISNERLFF-BJ1-4,19,3.0,0.3647438526362978
AV16-CAMREDSNYQLIW-AJ33_BV3-CASSSGQISNERLFF-BJ1-4,19,4.0,0.3323719478769812
AV16-CAMREDSNYQLIW-AJ33_BV3-CASSSGQISNERLFF-BJ1-4,19,5.0,0.3148970320028573
AV16-CAMREDTEGADRLTF-AJ45_BV13-1-CASSQANYAEQFF-BJ2-1,10,0.0,2.296098611615926
AV16-CAMREDTEGADRLTF-AJ45_BV13-1-CASSQANYAEQFF-BJ2-1,10,1.0,0.8722681218782411
AV16-CAMREDTEGADRLTF-AJ45_BV13-1-CASSQANYAEQFF-BJ2-1,10,2.0,0.5150382800980621
AV16-CAMREDTEGADRLTF-AJ45_BV13-1-CASSQANYAEQFF-BJ2-1,10,3.0,0.4315284095634251
AV16-CAMREDTEGADRLTF-AJ45_BV13-1-CASSQANYAEQFF-BJ2-1,10,4.0,0.3995487323203014
AV16-CAMREDTEGADRLTF-AJ45_BV13-1-CASSQANYAEQFF-BJ2-1,10,5.0,0.3826910393952505
AV16-CAMREDTGYQNFYF-AJ49_BV13-1-CASSDPGDGVFF-BJ1-1,12,0.0,1.9986421827216123
AV16-CAMREDTGYQNFYF-AJ49_BV13-1-CASSDPGDGVFF-BJ1-1,12,1.0,1.456060038790782
AV16-CAMREDTGYQNFYF-AJ49_BV13-1-CASSDPGDGVFF-BJ1-1,12,2.0,1.1677285379400415
AV16-CAMREDTGYQNFYF-AJ49_BV13-1-CASSDPGDGVFF-BJ1-1,12,3.0,1.0485854246035557
AV16-CAMREDTGYQNFYF-AJ49_BV13-1-CASSDPGDGVFF-BJ1-1,12,4.0,0.9892869842695275
AV16-CAMREDTGYQNFYF-AJ49_BV13-1-CASSDPGDGVFF-BJ1-1,12,5.0,0.9534290137610263
AV16-CAMREGASSSFSKLVF-AJ50_BV29-CASSLGGLYAEQFF-BJ2-1,8,0.0,1.9577222622214983
AV16-CAMREGASSSFSKLVF-AJ50_BV29-CASSLGGLYAEQFF-BJ2-1,8,1.0,1.1452441495520387
AV16-CAMREGASSSFSKLVF-AJ50_BV29-CASSLGGLYAEQFF-BJ2-1,8,2.0,0.8384048697048663
AV16-CAMREGASSSFSKLVF-AJ50_BV29-CASSLGGLYAEQFF-BJ2-1,8,3.0,0.7272505482941178
AV16-CAMREGASSSFSKLVF-AJ50_BV29-CASSLGGLYAEQFF-BJ2-1,8,4.0,0.6738800864704931
AV16-CAMREGASSSFSKLVF-AJ50_BV29-CASSLGGLYAEQFF-BJ2-1,8,5.0,0.6429180098717449
AV16-CAMREGGAGNTGKLIF-AJ37_BV13-2-CASGELYEQYF-BJ2-7,9,0.0,1.8974239552278702
AV16-CAMREGGAGNTGKLIF-AJ37_BV13-2-CASGELYEQYF-BJ2-7,9,1.0,0.9954783081317468
AV16-CAMREGGAGNTGKLIF-AJ37_BV13-2-CASGELYEQYF-BJ2-7,9,2.0,0.6366368077000473
AV16-CAMREGGAGNTGKLIF-AJ37_BV13-2-CASGELYEQYF-BJ2-7,9,3.0,0.5131015332447462
AV16-CAMREGGAGNTGKLIF-AJ37_BV13-2-CASGELYEQYF-BJ2-7,9,4.0,0.45974847041060607
AV16-CAMREGGAGNTGKLIF-AJ37_BV13-2-CASGELYEQYF-BJ2-7,9,5.0,0.43152594117149473
AV16-CAMRERSNYNVLYF-AJ21_BV13-2-CASGDQGASGNTLYF-BJ1-3,6,0.0,1.484481765934753
AV16-CAMRERSNYNVLYF-AJ21_BV13-2-CASGDQGASGNTLYF-BJ1-3,6,1.0,0.45740723340680994
AV16-CAMRERSNYNVLYF-AJ21_BV13-2-CASGDQGASGNTLYF-BJ1-3,6,2.0,0.24834279752221045
AV16-CAMRERSNYNVLYF-AJ21_BV13-2-CASGDQGASGNTLYF-BJ1-3,6,3.0,0.19676207421497985
AV16-CAMRERSNYNVLYF-AJ21_BV13-2-CASGDQGASGNTLYF-BJ1-3,6,4.0,0.1760530420932821
AV16-CAMRERSNYNVLYF-AJ21_BV13-2-CASGDQGASGNTLYF-BJ1-3,6,5.0,0.16522592120628934
AV16-CAMRESGANTGKLTF-AJ52_BV1-CTCSAVREDTQYF-BJ2-5,5,0.0,1.9627562382434072
AV16-CAMRESGANTGKLTF-AJ52_BV1-CTCSAVREDTQYF-BJ2-5,5,1.0,1.7252227388361974
AV16-CAMRESGANTGKLTF-AJ52_BV1-CTCSAVREDTQYF-BJ2-5,5,2.0,1.5293165903298207
AV16-CAMRESGANTGKLTF-AJ52_BV1-CTCSAVREDTQYF-BJ2-5,5,3.0,1.3928782844480447
AV16-CAMRESGANTGKLTF-AJ52_BV1-CTCSAVREDTQYF-BJ2-5,5,4.0,1.3024324002142944
AV16-CAMRESGANTGKLTF-AJ52_BV1-CTCSAVREDTQYF-BJ2-5,5,5.0,1.2416115543937647
AV16-CAMRETGGNNKLTF-AJ56_BV1-CTCSAVRVGNTLYF-BJ1-3,77,0.0,1.787398246863637
AV16-CAMRETGGNNKLTF-AJ56_BV1-CTCSAVRVGNTLYF-BJ1-3,77,1.0,0.9737411688306989
AV16-CAMRETGGNNKLTF-AJ56_BV1-CTCSAVRVGNTLYF-BJ1-3,77,2.0,0.6885644678337334
AV16-CAMRETGGNNKLTF-AJ56_BV1-CTCSAVRVGNTLYF-BJ1-3,77,3.0,0.5857518807766753
AV16-CAMRETGGNNKLTF-AJ56_BV1-CTCSAVRVGNTLYF-BJ1-3,77,4.0,0.5373480468167777
AV16-CAMRETGGNNKLTF-AJ56_BV1-CTCSAVRVGNTLYF-BJ1-3,77,5.0,0.5098562651511719
AV16/DV11-CAMGNSGGSNAKLTF-AJ42_BV1-CTCSADRFYEQYF-BJ2-7,10,0.0,1.730563428754671
AV16/DV11-CAMGNSGGSNAKLTF-AJ42_BV1-CTCSADRFYEQYF-BJ2-7,10,1.0,1.5353433929211573
AV16/DV11-CAMGNSGGSNAKLTF-AJ42_BV1-CTCSADRFYEQYF-BJ2-7,10,2.0,1.3718618299413436
AV16/DV11-CAMGNSGGSNAKLTF-AJ42_BV1-CTCSADRFYEQYF-BJ2-7,10,3.0,1.2606666395127815
AV16/DV11-CAMGNSGGSNAKLTF-AJ42_BV1-CTCSADRFYEQYF-BJ2-7,10,4.0,1.1891154534571435
AV16/DV11-CAMGNSGGSNAKLTF-AJ42_BV1-CTCSADRFYEQYF-BJ2-7,10,5.0,1.1421542698215108
AV16/DV11-CAMRDTNAYKVIF-AJ30_BV13-2-CASGGQNQAPLF-BJ1-5,15,0.0,2.399044272658328
AV16/DV11-CAMRDTNAYKVIF-AJ30_BV13-2-CASGGQNQAPLF-BJ1-5,15,1.0,0.5387456260056478
AV16/DV11-CAMRDTNAYKVIF-AJ30_BV13-2-CASGGQNQAPLF-BJ1-5,15,2.0,0.2708475999649241
AV16/DV11-CAMRDTNAYKVIF-AJ30_BV13-2-CASGGQNQAPLF-BJ1-5,15,3.0,0.21340084411753033
AV16/DV11-CAMRDTNAYKVIF-AJ30_BV13-2-CASGGQNQAPLF-BJ1-5,15,4.0,0.19085266324229413
AV16/DV11-CAMRDTNAYKVIF-AJ30_BV13-2-CASGGQNQAPLF-BJ1-5,15,5.0,0.17911941539772816
AV16/DV11-CAMREDSNYQLIW-AJ33_BV3-CASSPGQISNERLFF-BJ1-4,12,0.0,1.5424812503605778
AV16/DV11-CAMREDSNYQLIW-AJ33_BV3-CASSPGQISNERLFF-BJ1-4,12,1.0,0.632872319959778
AV16/DV11-CAMREDSNYQLIW-AJ33_BV3-CASSPGQISNERLFF-BJ1-4,12,2.0,0.3633680782392876
AV16/DV11-CAMREDSNYQLIW-AJ33_BV3-CASSPGQISNERLFF-BJ1-4,12,3.0,0.2865417210762375
AV16/DV11-CAMREDSNYQLIW-AJ33_BV3-CASSPGQISNERLFF-BJ1-4,12,4.0,0.25576699321181257
AV16/DV11-CAMREDSNYQLIW-AJ33_BV3-CASSPGQISNERLFF-BJ1-4,12,5.0,0.23989859482574283
AV16/DV11-CAMREDSNYQLIW-AJ33_BV3-CASSQGQISNERLFF-BJ1-4,43,0.0,1.6829717250677556
AV16/DV11-CAMREDSNYQLIW-AJ33_BV3-CASSQGQISNERLFF-BJ1-4,43,1.0,0.7584020090927817
AV16/DV11-CAMREDSNYQLIW-AJ33_BV3-CASSQGQISNERLFF-BJ1-4,43,2.0,0.49570274879998966
AV16/DV11-CAMREDSNYQLIW-AJ33_BV3-CASSQGQISNERLFF-BJ1-4,43,3.0,0.4171020461729143
AV16/DV11-CAMREDSNYQLIW-AJ33_BV3-CASSQGQISNERLFF-BJ1-4,43,4.0,0.382320382593668
AV16/DV11-CAMREDSNYQLIW-AJ33_BV3-CASSQGQISNERLFF-BJ1-4,43,5.0,0.3629646178927258
AV16/DV11-CAMREDSNYQLIW-AJ33_BV3-CASSTGQISNERLFF-BJ1-4,5,0.0,2.0643856189774725
AV16/DV11-CAMREDSNYQLIW-AJ33_BV3-CASSTGQISNERLFF-BJ1-4,5,1.0,0.741801833447513
AV16/DV11-CAMREDSNYQLIW-AJ33_BV3-CASSTGQISNERLFF-BJ1-4,5,2.0,0.38929395145124757
AV16/DV11-CAMREDSNYQLIW-AJ33_BV3-CASSTGQISNERLFF-BJ1-4,5,3.0,0.30173758136835777
AV16/DV11-CAMREDSNYQLIW-AJ33_BV3-CASSTGQISNERLFF-BJ1-4,5,4.0,0.26863718367495426
AV16/DV11-CAMREDSNYQLIW-AJ33_BV3-CASSTGQISNERLFF-BJ1-4,5,5.0,0.2518712910207821
AV16/DV11-CAMREDSNYQLIW-AJ33_BV3-CASSWGQISNERLFF-BJ1-4,6,0.0,2.0664572819896985
AV16/DV11-CAMREDSNYQLIW-AJ33_BV3-CASSWGQISNERLFF-BJ1-4,6,1.0,0.5464692314638826
AV16/DV11-CAMREDSNYQLIW-AJ33_BV3-CASSWGQISNERLFF-BJ1-4,6,2.0,0.26516444059782446
AV16/DV11-CAMREDSNYQLIW-AJ33_BV3-CASSWGQISNERLFF-BJ1-4,6,3.0,0.20418552741508078
AV16/DV11-CAMREDSNYQLIW-AJ33_BV3-CASSWGQISNERLFF-BJ1-4,6,4.0,0.18170388739437107
AV16/DV11-CAMREDSNYQLIW-AJ33_BV3-CASSWGQISNERLFF-BJ1-4,6,5.0,0.1703580998691124
AV16/DV11-CAMREEGGRALIF-AJ15_BV13-1-CASKDTYEQYF-BJ2-7,12,0.0,1.5878412933792287
AV16/DV11-CAMREEGGRALIF-AJ15_BV13-1-CASKDTYEQYF-BJ2-7,12,1.0,0.3035337282793131
AV16/DV11-CAMREEGGRALIF-AJ15_BV13-1-CASKDTYEQYF-BJ2-7,12,2.0,0.14152220250863337
AV16/DV11-CAMREEGGRALIF-AJ15_BV13-1-CASKDTYEQYF-BJ2-7,12,3.0,0.10905381714822455
AV16/DV11-CAMREEGGRALIF-AJ15_BV13-1-CASKDTYEQYF-BJ2-7,12,4.0,0.09707934609388941
AV16/DV11-CAMREEGGRALIF-AJ15_BV13-1-CASKDTYEQYF-BJ2-7,12,5.0,0.09102189657037506
AV16/DV11-CAMREEGGRALIF-AJ15_BV13-2-CASGDQGASGNTLYF-BJ1-3,607,0.0,1.9225641284633597
AV16/DV11-CAMREEGGRALIF-AJ15_BV13-2-CASGDQGASGNTLYF-BJ1-3,607,1.0,0.27957764069230406
AV16/DV11-CAMREEGGRALIF-AJ15_BV13-2-CASGDQGASGNTLYF-BJ1-3,607,2.0,0.12402698628527624
AV16/DV11-CAMREEGGRALIF-AJ15_BV13-2-CASGDQGASGNTLYF-BJ1-3,607,3.0,0.09739192741228415
AV16/DV11-CAMREEGGRALIF-AJ15_BV13-2-CASGDQGASGNTLYF-BJ1-3,607,4.0,0.08765253185056168
AV16/DV11-CAMREEGGRALIF-AJ15_BV13-2-CASGDQGASGNTLYF-BJ1-3,607,5.0,0.0826553968257461
AV16/DV11-CAMREEGGRALIF-AJ15_BV17-CASSPGQGYTGQLYF-BJ2-2,7,0.0,2.0569633845625988
AV16/DV11-CAMREEGGRALIF-AJ15_BV17-CASSPGQGYTGQLYF-BJ2-2,7,1.0,0.8456365968637389
AV16/DV11-CAMREEGGRALIF-AJ15_BV17-CASSPGQGYTGQLYF-BJ2-2,7,2.0,0.6509915576017755
AV16/DV11-CAMREEGGRALIF-AJ15_BV17-CASSPGQGYTGQLYF-BJ2-2,7,3.0,0.5901102318141493
AV16/DV11-CAMREEGGRALIF-AJ15_BV17-CASSPGQGYTGQLYF-BJ2-2,7,4.0,0.5577958928551399
AV16/DV11-CAMREEGGRALIF-AJ15_BV17-CASSPGQGYTGQLYF-BJ2-2,7,5.0,0.5373707390535603
AV16/DV11-CAMREGDSGYNKLTF-AJ11_BV13-2-CASGTGGANTLYF-BJ2-4,5,0.0,2.3428491035332244
AV16/DV11-CAMREGDSGYNKLTF-AJ11_BV13-2-CASGTGGANTLYF-BJ2-4,5,1.0,1.5410232573786844
AV16/DV11-CAMREGDSGYNKLTF-AJ11_BV13-2-CASGTGGANTLYF-BJ2-4,5,2.0,1.1803458585037552
AV16/DV11-CAMREGDSGYNKLTF-AJ11_BV13-2-CASGTGGANTLYF-BJ2-4,5,3.0,1.0201274109992728
AV16/DV11-CAMREGDSGYNKLTF-AJ11_BV13-2-CASGTGGANTLYF-BJ2-4,5,4.0,0.9359612918906859
AV16/DV11-CAMREGDSGYNKLTF-AJ11_BV13-2-CASGTGGANTLYF-BJ2-4,5,5.0,0.8857420667540833
AV16/DV11-CAMREGGAGNTGKLIF-AJ37_BV13-2-CASGDYYEQYF-BJ2-7,5,0.0,2.045763738099176
AV16/DV11-CAMREGGAGNTGKLIF-AJ37_BV13-2-CASGDYYEQYF-BJ2-7,5,1.0,0.878186196121834
AV16/DV11-CAMREGGAGNTGKLIF-AJ37_BV13-2-CASGDYYEQYF-BJ2-7,5,2.0,0.5294367452335383
AV16/DV11-CAMREGGAGNTGKLIF-AJ37_BV13-2-CASGDYYEQYF-BJ2-7,5,3.0,0.4224862129144295
AV16/DV11-CAMREGGAGNTGKLIF-AJ37_BV13-2-CASGDYYEQYF-BJ2-7,5,4.0,0.37791456426901054
AV16/DV11-CAMREGGAGNTGKLIF-AJ37_BV13-2-CASGDYYEQYF-BJ2-7,5,5.0,0.3546003397110648
AV16/DV11-CAMREGGGYKVVF-AJ12_BV13-2-CASGDIQAPLF-BJ1-5,18,0.0,1.920590366144226
AV16/DV11-CAMREGGGYKVVF-AJ12_BV13-2-CASGDIQAPLF-BJ1-5,18,1.0,0.6809127416030505
AV16/DV11-CAMREGGGYKVVF-AJ12_BV13-2-CASGDIQAPLF-BJ1-5,18,2.0,0.42028427839015775
AV16/DV11-CAMREGGGYKVVF-AJ12_BV13-2-CASGDIQAPLF-BJ1-5,18,3.0,0.348017624956533
AV16/DV11-CAMREGGGYKVVF-AJ12_BV13-2-CASGDIQAPLF-BJ1-5,18,4.0,0.3174034073020572
AV16/DV11-CAMREGGGYKVVF-AJ12_BV13-2-CASGDIQAPLF-BJ1-5,18,5.0,0.30104063922606694
AV16/DV11-CAMREGGGYKVVF-AJ12_BV13-2-CASGGNNSPLYF-BJ1-6,6,0.0,1.846135932841805
AV16/DV11-CAMREGGGYKVVF-AJ12_BV13-2-CASGGNNSPLYF-BJ1-6,6,1.0,1.436385571891089
AV16/DV11-CAMREGGGYKVVF-AJ12_BV13-2-CASGGNNSPLYF-BJ1-6,6,2.0,1.2281886182403783
AV16/DV11-CAMREGGGYKVVF-AJ12_BV13-2-CASGGNNSPLYF-BJ1-6,6,3.0,1.1226529707736683
AV16/DV11-CAMREGGGYKVVF-AJ12_BV13-2-CASGGNNSPLYF-BJ1-6,6,4.0,1.062778819893316
AV16/DV11-CAMREGGGYKVVF-AJ12_BV13-2-CASGGNNSPLYF-BJ1-6,6,5.0,1.0247381343106081
AV16/DV11-CAMREGNMGYKLTF-AJ9_BV31-CAWLGGLAETLYF-BJ2-3,94,0.0,2.034681462628296
AV16/DV11-CAMREGNMGYKLTF-AJ9_BV31-CAWLGGLAETLYF-BJ2-3,94,1.0,0.7348362945364095
AV16/DV11-CAMREGNMGYKLTF-AJ9_BV31-CAWLGGLAETLYF-BJ2-3,94,2.0,0.4328354022997098
AV16/DV11-CAMREGNMGYKLTF-AJ9_BV31-CAWLGGLAETLYF-BJ2-3,94,3.0,0.3546028237317155
AV16/DV11-CAMREGNMGYKLTF-AJ9_BV31-CAWLGGLAETLYF-BJ2-3,94,4.0,0.32251211671935
AV16/DV11-CAMREGNMGYKLTF-AJ9_BV31-CAWLGGLAETLYF-BJ2-3,94,5.0,0.3053573548210938
AV16/DV11-CAMRENTGGLSGKLTF-AJ2_BV13-1-CASSDEQYNNQAPLF-BJ1-5,7,0.0,2.384503634452291
AV16/DV11-CAMRENTGGLSGKLTF-AJ2_BV13-1-CASSDEQYNNQAPLF-BJ1-5,7,1.0,1.173686814635109
AV16/DV11-CAMRENTGGLSGKLTF-AJ2_BV13-1-CASSDEQYNNQAPLF-BJ1-5,7,2.0,0.7193257564919645
AV16/DV11-CAMRENTGGLSGKLTF-AJ2_BV13-1-CASSDEQYNNQAPLF-BJ1-5,7,3.0,0.5774328895538586
AV16/DV11-CAMRENTGGLSGKLTF-AJ2_BV13-1-CASSDEQYNNQAPLF-BJ1-5,7,4.0,0.5176650575367543
AV16/DV11-CAMRENTGGLSGKLTF-AJ2_BV13-1-CASSDEQYNNQAPLF-BJ1-5,7,5.0,0.48608075230681397
AV16/DV11-CAMREPYQGGRALIF-AJ15_BV13-2-CASGDQGASGNTLYF-BJ1-3,12,0.0,1.9825884262264128
AV16/DV11-CAMREPYQGGRALIF-AJ15_BV13-2-CASGDQGASGNTLYF-BJ1-3,12,1.0,0.6882041555826862
AV16/DV11-CAMREPYQGGRALIF-AJ15_BV13-2-CASGDQGASGNTLYF-BJ1-3,12,2.0,0.4814905537067247
AV16/DV11-CAMREPYQGGRALIF-AJ15_BV13-2-CASGDQGASGNTLYF-BJ1-3,12,3.0,0.42259121478026196
AV16/DV11-CAMREPYQGGRALIF-AJ15_BV13-2-CASGDQGASGNTLYF-BJ1-3,12,4.0,0.3951782154230732
AV16/DV11-CAMREPYQGGRALIF-AJ15_BV13-2-CASGDQGASGNTLYF-BJ1-3,12,5.0,0.3791498552595702
AV16/DV11-CAMREPYQGGRALIF-AJ15_BV13-3-CASSERVNQDTQYF-BJ2-5,361,0.0,1.9753652655488372
AV16/DV11-CAMREPYQGGRALIF-AJ15_BV13-3-CASSERVNQDTQYF-BJ2-5,361,1.0,0.7942507699154845
AV16/DV11-CAMREPYQGGRALIF-AJ15_BV13-3-CASSERVNQDTQYF-BJ2-5,361,2.0,0.46772201176723077
AV16/DV11-CAMREPYQGGRALIF-AJ15_BV13-3-CASSERVNQDTQYF-BJ2-5,361,3.0,0.3766259977314011
AV16/DV11-CAMREPYQGGRALIF-AJ15_BV13-3-CASSERVNQDTQYF-BJ2-5,361,4.0,0.33895339624344195
AV16/DV11-CAMREPYQGGRALIF-AJ15_BV13-3-CASSERVNQDTQYF-BJ2-5,361,5.0,0.3189895803483836
AV16/DV11-CAMRESNTGYQNFYF-AJ49_BV13-2-CASGEGQGKNTLYF-BJ2-4,8,0.0,1.8721599904374895
AV16/DV11-CAMRESNTGYQNFYF-AJ49_BV13-2-CASGEGQGKNTLYF-BJ2-4,8,1.0,1.061289524001901
AV16/DV11-CAMRESNTGYQNFYF-AJ49_BV13-2-CASGEGQGKNTLYF-BJ2-4,8,2.0,0.7086087482993075
AV16/DV11-CAMRESNTGYQNFYF-AJ49_BV13-2-CASGEGQGKNTLYF-BJ2-4,8,3.0,0.5821621295359597
AV16/DV11-CAMRESNTGYQNFYF-AJ49_BV13-2-CASGEGQGKNTLYF-BJ2-4,8,4.0,0.525690182717193
AV16/DV11-CAMRESNTGYQNFYF-AJ49_BV13-2-CASGEGQGKNTLYF-BJ2-4,8,5.0,0.4948865427644574
AV16/DV11-CAMRESNTGYQNFYF-AJ49_BV13-2-CASGTGGANTLYF-BJ2-4,28,0.0,2.1454991187772707
AV16/DV11-CAMRESNTGYQNFYF-AJ49_BV13-2-CASGTGGANTLYF-BJ2-4,28,1.0,1.5990833970664302
AV16/DV11-CAMRESNTGYQNFYF-AJ49_BV13-2-CASGTGGANTLYF-BJ2-4,28,2.0,1.3704743260437204
AV16/DV11-CAMRESNTGYQNFYF-AJ49_BV13-2-CASGTGGANTLYF-BJ2-4,28,3.0,1.2688472890215066
AV16/DV11-CAMRESNTGYQNFYF-AJ49_BV13-2-CASGTGGANTLYF-BJ2-4,28,4.0,1.2137283882711911
AV16/DV11-CAMRESNTGYQNFYF-AJ49_BV13-2-CASGTGGANTLYF-BJ2-4,28,5.0,1.1792991844421434
AV16/DV11-CAMRGDSNYQLIW-AJ33_BV3-CASSTGQISNERLFF-BJ1-4,80,0.0,1.8673661510472865
AV16/DV11-CAMRGDSNYQLIW-AJ33_BV3-CASSTGQISNERLFF-BJ1-4,80,1.0,0.671440937816415
AV16/DV11-CAMRGDSNYQLIW-AJ33_BV3-CASSTGQISNERLFF-BJ1-4,80,2.0,0.39760616439985697
AV16/DV11-CAMRGDSNYQLIW-AJ33_BV3-CASSTGQISNERLFF-BJ1-4,80,3.0,0.323486613631913
AV16/DV11-CAMRGDSNYQLIW-AJ33_BV3-CASSTGQISNERLFF-BJ1-4,80,4.0,0.2924558594864205
AV16/DV11-CAMRGDSNYQLIW-AJ33_BV3-CASSTGQISNERLFF-BJ1-4,80,5.0,0.2758222576160706
AV16N-CAMLTGYQNFYF-AJ49_BV1-CTCSADRGVNSPLYF-BJ1-6,21,0.0,1.6648088626742505
AV16N-CAMLTGYQNFYF-AJ49_BV1-CTCSADRGVNSPLYF-BJ1-6,21,1.0,1.093686356412148
AV16N-CAMLTGYQNFYF-AJ49_BV1-CTCSADRGVNSPLYF-BJ1-6,21,2.0,0.8334606140333385
AV16N-CAMLTGYQNFYF-AJ49_BV1-CTCSADRGVNSPLYF-BJ1-6,21,3.0,0.7215405481220595
AV16N-CAMLTGYQNFYF-AJ49_BV1-CTCSADRGVNSPLYF-BJ1-6,21,4.0,0.6635149225815675
AV16N-CAMLTGYQNFYF-AJ49_BV1-CTCSADRGVNSPLYF-BJ1-6,21,5.0,0.6289920431988709
AV16N-CAMRASSGSWQLIF-AJ22_BV1-CTCSASGTGDNSPLYF-BJ1-6,9,0.0,1.6752017330056477
AV16N-CAMRASSGSWQLIF-AJ22_BV1-CTCSASGTGDNSPLYF-BJ1-6,9,1.0,1.3908788588988037
AV16N-CAMRASSGSWQLIF-AJ22_BV1-CTCSASGTGDNSPLYF-BJ1-6,9,2.0,1.1922917255621843
AV16N-CAMRASSGSWQLIF-AJ22_BV1-CTCSASGTGDNSPLYF-BJ1-6,9,3.0,1.0814623351402135
AV16N-CAMRASSGSWQLIF-AJ22_BV1-CTCSASGTGDNSPLYF-BJ1-6,9,4.0,1.0185440274343136
AV16N-CAMRASSGSWQLIF-AJ22_BV1-CTCSASGTGDNSPLYF-BJ1-6,9,5.0,0.9793478091748479
AV16N-CAMRDDSGYNKLTF-AJ11_BV13-2-CASGDAGTGVDSDYTF-BJ1-2,6,0.0,2.216534669731213
AV16N-CAMRDDSGYNKLTF-AJ11_BV13-2-CASGDAGTGVDSDYTF-BJ1-2,6,1.0,1.1592356119348783
AV16N-CAMRDDSGYNKLTF-AJ11_BV13-2-CASGDAGTGVDSDYTF-BJ1-2,6,2.0,0.7967529389587714
AV16N-CAMRDDSGYNKLTF-AJ11_BV13-2-CASGDAGTGVDSDYTF-BJ1-2,6,3.0,0.6688869266154107
AV16N-CAMRDDSGYNKLTF-AJ11_BV13-2-CASGDAGTGVDSDYTF-BJ1-2,6,4.0,0.6074825936555351
AV16N-CAMRDDSGYNKLTF-AJ11_BV13-2-CASGDAGTGVDSDYTF-BJ1-2,6,5.0,0.5725992647294577
AV16N-CAMRDDTNAYKVIF-AJ30_BV13-1-CASKDTYEQYF-BJ2-7,413,0.0,1.8569070475867457
AV16N-CAMRDDTNAYKVIF-AJ30_BV13-1-CASKDTYEQYF-BJ2-7,413,1.0,0.5165815175910555
AV16N-CAMRDDTNAYKVIF-AJ30_BV13-1-CASKDTYEQYF-BJ2-7,413,2.0,0.27543084032043363
AV16N-CAMRDDTNAYKVIF-AJ30_BV13-1-CASKDTYEQYF-BJ2-7,413,3.0,0.21957108876973747
AV16N-CAMRDDTNAYKVIF-AJ30_BV13-1-CASKDTYEQYF-BJ2-7,413,4.0,0.19749423889541376
AV16N-CAMRDDTNAYKVIF-AJ30_BV13-1-CASKDTYEQYF-BJ2-7,413,5.0,0.18589222372947053
AV16N-CAMRDDTNAYKVIF-AJ30_BV13-2-CASGDQGASGNTLYF-BJ1-3,5,0.0,1.8457637380991763
AV16N-CAMRDDTNAYKVIF-AJ30_BV13-2-CASGDQGASGNTLYF-BJ1-3,5,1.0,0.3697090341135302
AV16N-CAMRDDTNAYKVIF-AJ30_BV13-2-CASGDQGASGNTLYF-BJ1-3,5,2.0,0.1610864904366304
AV16N-CAMRDDTNAYKVIF-AJ30_BV13-2-CASGDQGASGNTLYF-BJ1-3,5,3.0,0.12270044459179263
AV16N-CAMRDDTNAYKVIF-AJ30_BV13-2-CASGDQGASGNTLYF-BJ1-3,5,4.0,0.10910704305822452
AV16N-CAMRDDTNAYKVIF-AJ30_BV13-2-CASGDQGASGNTLYF-BJ1-3,5,5.0,0.10228893212097398
AV16N-CAMRDDTNAYKVIF-AJ30_BV17-CASSPGQGYTGQLYF-BJ2-2,5,0.0,1.7169925001442312
AV16N-CAMRDDTNAYKVIF-AJ30_BV17-CASSPGQGYTGQLYF-BJ2-2,5,1.0,0.9794647406125396
AV16N-CAMRDDTNAYKVIF-AJ30_BV17-CASSPGQGYTGQLYF-BJ2-2,5,2.0,0.7555015161749863
AV16N-CAMRDDTNAYKVIF-AJ30_BV17-CASSPGQGYTGQLYF-BJ2-2,5,3.0,0.6750397808708783
AV16N-CAMRDDTNAYKVIF-AJ30_BV17-CASSPGQGYTGQLYF-BJ2-2,5,4.0,0.6356568125593329
AV16N-CAMRDDTNAYKVIF-AJ30_BV17-CASSPGQGYTGQLYF-BJ2-2,5,5.0,0.6125403813359894
AV16N-CAMRDTNAYKVIF-AJ30_BV13-2-CASGGANTEVFF-BJ1-1,72,0.0,2.021193502280289
AV16N-CAMRDTNAYKVIF-AJ30_BV13-2-CASGGANTEVFF-BJ1-1,72,1.0,0.9014010397067457
AV16N-CAMRDTNAYKVIF-AJ30_BV13-2-CASGGANTEVFF-BJ1-1,72,2.0,0.5762509319012449
AV16N-CAMRDTNAYKVIF-AJ30_BV13-2-CASGGANTEVFF-BJ1-1,72,3.0,0.4731813746684672
AV16N-CAMRDTNAYKVIF-AJ30_BV13-2-CASGGANTEVFF-BJ1-1,72,4.0,0.42793747950046357
AV16N-CAMRDTNAYKVIF-AJ30_BV13-2-CASGGANTEVFF-BJ1-1,72,5.0,0.40340740602915476
AV16N-CAMREADSNYQLIW-AJ33_BV13-2-CASGRVDSPLYF-BJ1-6,5,0.0,2.067970000576925
AV16N-CAMREADSNYQLIW-AJ33_BV13-2-CASGRVDSPLYF-BJ1-6,5,1.0,0.20096682676780891
AV16N-CAMREADSNYQLIW-AJ33_BV13-2-CASGRVDSPLYF-BJ1-6,5,2.0,0.06891952849545688
AV16N-CAMREADSNYQLIW-AJ33_BV13-2-CASGRVDSPLYF-BJ1-6,5,3.0,0.051911277591964386
AV16N-CAMREADSNYQLIW-AJ33_BV13-2-CASGRVDSPLYF-BJ1-6,5,4.0,0.046144727791032424
AV16N-CAMREADSNYQLIW-AJ33_BV13-2-CASGRVDSPLYF-BJ1-6,5,5.0,0.04326069420794244
AV16N-CAMREANTGYQNFYF-AJ49_BV13-2-CASGDGAQNTLYF-BJ2-4,13,0.0,2.0685074452513743
AV16N-CAMREANTGYQNFYF-AJ49_BV13-2-CASGDGAQNTLYF-BJ2-4,13,1.0,0.8342493799513192
AV16N-CAMREANTGYQNFYF-AJ49_BV13-2-CASGDGAQNTLYF-BJ2-4,13,2.0,0.486696854251889
AV16N-CAMREANTGYQNFYF-AJ49_BV13-2-CASGDGAQNTLYF-BJ2-4,13,3.0,0.3867728204048392
AV16N-CAMREANTGYQNFYF-AJ49_BV13-2-CASGDGAQNTLYF-BJ2-4,13,4.0,0.3456806336247661
AV16N-CAMREANTGYQNFYF-AJ49_BV13-2-CASGDGAQNTLYF-BJ2-4,13,5.0,0.3242873694629548
AV16N-CAMREANTGYQNFYF-AJ49_BV15-CASSLARGGRGDTQYF-BJ2-5,6,0.0,2.2331239486563654
AV16N-CAMREANTGYQNFYF-AJ49_BV15-CASSLARGGRGDTQYF-BJ2-5,6,1.0,0.840629961305984
AV16N-CAMREANTGYQNFYF-AJ49_BV15-CASSLARGGRGDTQYF-BJ2-5,6,2.0,0.5002891218010426
AV16N-CAMREANTGYQNFYF-AJ49_BV15-CASSLARGGRGDTQYF-BJ2-5,6,3.0,0.4051273199716163
AV16N-CAMREANTGYQNFYF-AJ49_BV15-CASSLARGGRGDTQYF-BJ2-5,6,4.0,0.36439639397490914
AV16N-CAMREANTGYQNFYF-AJ49_BV15-CASSLARGGRGDTQYF-BJ2-5,6,5.0,0.3424750856768626
AV16N-CAMREDGGYKVVF-AJ12_BV3-CASSLRWGGNYAEQFF-BJ2-1,33,0.0,1.788530542602104
AV16N-CAMREDGGYKVVF-AJ12_BV3-CASSLRWGGNYAEQFF-BJ2-1,33,1.0,0.788883745742928
AV16N-CAMREDGGYKVVF-AJ12_BV3-CASSLRWGGNYAEQFF-BJ2-1,33,2.0,0.49478615563490286
AV16N-CAMREDGGYKVVF-AJ12_BV3-CASSLRWGGNYAEQFF-BJ2-1,33,3.0,0.4045381657500721
AV16N-CAMREDGGYKVVF-AJ12_BV3-CASSLRWGGNYAEQFF-BJ2-1,33,4.0,0.3650066154318537
AV16N-CAMREDGGYKVVF-AJ12_BV3-CASSLRWGGNYAEQFF-BJ2-1,33,5.0,0.3434669392121448
AV16N-CAMREDQGGRALIF-AJ15_BV16-CASSLVGNQDTQYF-BJ2-5,9,0.0,1.7759673547399275
AV16N-CAMREDQGGRALIF-AJ15_BV16-CASSLVGNQDTQYF-BJ2-5,9,1.0,0.7688804268946474
AV16N-CAMREDQGGRALIF-AJ15_BV16-CASSLVGNQDTQYF-BJ2-5,9,2.0,0.4775429821022571
AV16N-CAMREDQGGRALIF-AJ15_BV16-CASSLVGNQDTQYF-BJ2-5,9,3.0,0.4008377636143042
AV16N-CAMREDQGGRALIF-AJ15_BV16-CASSLVGNQDTQYF-BJ2-5,9,4.0,0.3703683610230189
AV16N-CAMREDQGGRALIF-AJ15_BV16-CASSLVGNQDTQYF-BJ2-5,9,5.0,0.35448451664355785
AV16N-CAMREDSGYNKLTF-AJ11_BV13-1-CASSDAGAEVFF-BJ1-1,5,0.0,1.9627562382434072
AV16N-CAMREDSGYNKLTF-AJ11_BV13-1-CASSDAGAEVFF-BJ1-1,5,1.0,0.780893273857746
AV16N-CAMREDSGYNKLTF-AJ11_BV13-1-CASSDAGAEVFF-BJ1-1,5,2.0,0.4459145755964916
AV16N-CAMREDSGYNKLTF-AJ11_BV13-1-CASSDAGAEVFF-BJ1-1,5,3.0,0.3541576681286581
AV16N-CAMREDSGYNKLTF-AJ11_BV13-1-CASSDAGAEVFF-BJ1-1,5,4.0,0.316722913059177
AV16N-CAMREDSGYNKLTF-AJ11_BV13-1-CASSDAGAEVFF-BJ1-1,5,5.0,0.2971785848985225
AV16N-CAMREDSNYQLIW-AJ33_BV13-2-CASGGTGGAREQYF-BJ2-7,13,0.0,2.1049636905077134
AV16N-CAMREDSNYQLIW-AJ33_BV13-2-CASGGTGGAREQYF-BJ2-7,13,1.0,0.6254727652890271
AV16N-CAMREDSNYQLIW-AJ33_BV13-2-CASGGTGGAREQYF-BJ2-7,13,2.0,0.3220129463728446
AV16N-CAMREDSNYQLIW-AJ33_BV13-2-CASGGTGGAREQYF-BJ2-7,13,3.0,0.2522190194592736
AV16N-CAMREDSNYQLIW-AJ33_BV13-2-CASGGTGGAREQYF-BJ2-7,13,4.0,0.22516157038930473
AV16N-CAMREDSNYQLIW-AJ33_BV13-2-CASGGTGGAREQYF-BJ2-7,13,5.0,0.21122321008989267
AV16N-CAMREDSNYQLIW-AJ33_BV3-CASSLGQISNERLFF-BJ1-4,88,0.0,1.786982893877868
AV16N-CAMREDSNYQLIW-AJ33_BV3-CASSLGQISNERLFF-BJ1-4,88,1.0,0.6225506066439994
AV16N-CAMREDSNYQLIW-AJ33_BV3-CASSLGQISNERLFF-BJ1-4,88,2.0,0.35998845930925427
AV16N-CAMREDSNYQLIW-AJ33_BV3-CASSLGQISNERLFF-BJ1-4,88,3.0,0.29109679079059814
AV16N-CAMREDSNYQLIW-AJ33_BV3-CASSLGQISNERLFF-BJ1-4,88,4.0,0.26288792754520895
AV16N-CAMREDSNYQLIW-AJ33_BV3-CASSLGQISNERLFF-BJ1-4,88,5.0,0.2478799948549602
AV16N-CAMREDSNYQLIW-AJ33_BV3-CASSLRQISNERLFF-BJ1-4,17,0.0,1.6905055114601657
AV16N-CAMREDSNYQLIW-AJ33_BV3-CASSLRQISNERLFF-BJ1-4,17,1.0,0.517123773158817
AV16N-CAMREDSNYQLIW-AJ33_BV3-CASSLRQISNERLFF-BJ1-4,17,2.0,0.3045445221488392
AV16N-CAMREDSNYQLIW-AJ33_BV3-CASSLRQISNERLFF-BJ1-4,17,3.0,0.256851135629544
AV16N-CAMREDSNYQLIW-AJ33_BV3-CASSLRQISNERLFF-BJ1-4,17,4.0,0.23894790992435744
AV16N-CAMREDSNYQLIW-AJ33_BV3-CASSLRQISNERLFF-BJ1-4,17,5.0,0.22986234889792473
AV16N-CAMREDSNYQLIW-AJ33_BV3-CASSSGQISNERLFF-BJ1-4,105,0.0,1.792038660868183
AV16N-CAMREDSNYQLIW-AJ33_BV3-CASSSGQISNERLFF-BJ1-4,105,1.0,0.8233366618737762
AV16N-CAMREDSNYQLIW-AJ33_BV3-CASSSGQISNERLFF-BJ1-4,105,2.0,0.5483241077058726
AV16N-CAMREDSNYQLIW-AJ33_BV3-CASSSGQISNERLFF-BJ1-4,105,3.0,0.4617877023557646
AV16N-CAMREDSNYQLIW-AJ33_BV3-CASSSGQISNERLFF-BJ1-4,105,4.0,0.4228687360856129
AV16N-CAMREDSNYQLIW-AJ33_BV3-CASSSGQISNERLFF-BJ1-4,105,5.0,0.401191552541528
AV16N-CAMREDTNTGKLTF-AJ27_BV16-CASSLDNYAEQFF-BJ2-1,34,0.0,2.121554971024034
AV16N-CAMREDTNTGKLTF-AJ27_BV16-CASSLDNYAEQFF-BJ2-1,34,1.0,1.5181802470923793
AV16N-CAMREDTNTGKLTF-AJ27_BV16-CASSLDNYAEQFF-BJ2-1,34,2.0,1.2311921353750264
AV16N-CAMREDTNTGKLTF-AJ27_BV16-CASSLDNYAEQFF-BJ2-1,34,3.0,1.1003507071370326
AV16N-CAMREDTNTGKLTF-AJ27_BV16-CASSLDNYAEQFF-BJ2-1,34,4.0,1.0308384351242013
AV16N-CAMREDTNTGKLTF-AJ27_BV16-CASSLDNYAEQFF-BJ2-1,34,5.0,0.9890205331119605
AV16N-CAMREGDTEGADRLTF-AJ45_BV13-1-CASSVTRVGNTLYF-BJ1-3,5,0.0,1.7169925001442312
AV16N-CAMREGDTEGADRLTF-AJ45_BV13-1-CASSVTRVGNTLYF-BJ1-3,5,1.0,1.0975789157282219
AV16N-CAMREGDTEGADRLTF-AJ45_BV13-1-CASSVTRVGNTLYF-BJ1-3,5,2.0,0.7830373567535156
AV16N-CAMREGDTEGADRLTF-AJ45_BV13-1-CASSVTRVGNTLYF-BJ1-3,5,3.0,0.6569445253167994
AV16N-CAMREGDTEGADRLTF-AJ45_BV13-1-CASSVTRVGNTLYF-BJ1-3,5,4.0,0.5964959661707189
AV16N-CAMREGDTEGADRLTF-AJ45_BV13-1-CASSVTRVGNTLYF-BJ1-3,5,5.0,0.5623155364565126
AV16N-CAMREGGSNNRIFF-AJ31_BV13-2-CASGEGPANSDYTF-BJ1-2,54,0.0,2.0549357409490194
AV16N-CAMREGGSNNRIFF-AJ31_BV13-2-CASGEGPANSDYTF-BJ1-2,54,1.0,1.23722814385245
AV16N-CAMREGGSNNRIFF-AJ31_BV13-2-CASGEGPANSDYTF-BJ1-2,54,2.0,0.9278943714755498
AV16N-CAMREGGSNNRIFF-AJ31_BV13-2-CASGEGPANSDYTF-BJ1-2,54,3.0,0.8070631421978879
AV16N-CAMREGGSNNRIFF-AJ31_BV13-2-CASGEGPANSDYTF-BJ1-2,54,4.0,0.7463999896393262
AV16N-CAMREGGSNNRIFF-AJ31_BV13-2-CASGEGPANSDYTF-BJ1-2,54,5.0,0.7105785601475368
AV16N-CAMREGNMGYKLTF-AJ9_BV13-2-CASGDNQGNSDYTF-BJ1-2,31,0.0,2.333515084800418
AV16N-CAMREGNMGYKLTF-AJ9_BV13-2-CASGDNQGNSDYTF-BJ1-2,31,1.0,0.917311568571734
AV16N-CAMREGNMGYKLTF-AJ9_BV13-2-CASGDNQGNSDYTF-BJ1-2,31,2.0,0.5246345403604401
AV16N-CAMREGNMGYKLTF-AJ9_BV13-2-CASGDNQGNSDYTF-BJ1-2,31,3.0,0.418560103224636
AV16N-CAMREGNMGYKLTF-AJ9_BV13-2-CASGDNQGNSDYTF-BJ1-2,31,4.0,0.3758389188473695
AV16N-CAMREGNMGYKLTF-AJ9_BV13-2-CASGDNQGNSDYTF-BJ1-2,31,5.0,0.3535061676891622
AV16N-CAMREGNMGYKLTF-AJ9_BV31-CAWLGGLAETLYF-BJ2-3,145,0.0,1.8861064476450613
AV16N-CAMREGNMGYKLTF-AJ9_BV31-CAWLGGLAETLYF-BJ2-3,145,1.0,0.7591874995237445
AV16N-CAMREGNMGYKLTF-AJ9_BV31-CAWLGGLAETLYF-BJ2-3,145,2.0,0.46700043642402833
AV16N-CAMREGNMGYKLTF-AJ9_BV31-CAWLGGLAETLYF-BJ2-3,145,3.0,0.3852836574619227
AV16N-CAMREGNMGYKLTF-AJ9_BV31-CAWLGGLAETLYF-BJ2-3,145,4.0,0.35045429324117056
AV16N-CAMREGNMGYKLTF-AJ9_BV31-CAWLGGLAETLYF-BJ2-3,145,5.0,0.3314077736332136
AV16N-CAMREGPSGYNKLTF-AJ11_BV13-2-CASGDAGASQNTLYF-BJ2-4,7,0.0,2.2506982145947814
AV16N-CAMREGPSGYNKLTF-AJ11_BV13-2-CASGDAGASQNTLYF-BJ2-4,7,1.0,1.2459103408851857
AV16N-CAMREGPSGYNKLTF-AJ11_BV13-2-CASGDAGASQNTLYF-BJ2-4,7,2.0,0.8938172034966781
AV16N-CAMREGPSGYNKLTF-AJ11_BV13-2-CASGDAGASQNTLYF-BJ2-4,7,3.0,0.765978100894653
AV16N-CAMREGPSGYNKLTF-AJ11_BV13-2-CASGDAGASQNTLYF-BJ2-4,7,4.0,0.704649777446676
AV16N-CAMREGPSGYNKLTF-AJ11_BV13-2-CASGDAGASQNTLYF-BJ2-4,7,5.0,0.6693099569296772
AV16N-CAMREGSSGSWQLIF-AJ22_BV13-2-CASGDRDQAPLF-BJ1-5,5,0.0,2.0294409849884456
AV16N-CAMREGSSGSWQLIF-AJ22_BV13-2-CASGDRDQAPLF-BJ1-5,5,1.0,1.5513762685351447
AV16N-CAMREGSSGSWQLIF-AJ22_BV13-2-CASGDRDQAPLF-BJ1-5,5,2.0,1.2518364497927044
AV16N-CAMREGSSGSWQLIF-AJ22_BV13-2-CASGDRDQAPLF-BJ1-5,5,3.0,1.1051712190914866
AV16N-CAMREGSSGSWQLIF-AJ22_BV13-2-CASGDRDQAPLF-BJ1-5,5,4.0,1.027267859038321
AV16N-CAMREGSSGSWQLIF-AJ22_BV13-2-CASGDRDQAPLF-BJ1-5,5,5.0,0.9798024956838306
AV17-CALGNNAGAKLTF-AJ39_BV13-1-CASSILGGSYEQYF-BJ2-7,18,0.0,1.709709294854239
AV17-CALGNNAGAKLTF-AJ39_BV13-1-CASSILGGSYEQYF-BJ2-7,18,1.0,0.8012985767003243
AV17-CALGNNAGAKLTF-AJ39_BV13-1-CASSILGGSYEQYF-BJ2-7,18,2.0,0.4946061755111949
AV17-CALGNNAGAKLTF-AJ39_BV13-1-CASSILGGSYEQYF-BJ2-7,18,3.0,0.4030619993947522
AV17-CALGNNAGAKLTF-AJ39_BV13-1-CASSILGGSYEQYF-BJ2-7,18,4.0,0.3659768852145685
AV17-CALGNNAGAKLTF-AJ39_BV13-1-CASSILGGSYEQYF-BJ2-7,18,5.0,0.3467438328002818
AV17-CALGNNAGAKLTF-AJ39_BV17-CASSRQGAREQYF-BJ2-7,13,0.0,2.0451223539521353
AV17-CALGNNAGAKLTF-AJ39_BV17-CASSRQGAREQYF-BJ2-7,13,1.0,0.7546719477542129
AV17-CALGNNAGAKLTF-AJ39_BV17-CASSRQGAREQYF-BJ2-7,13,2.0,0.42348341707922876
AV17-CALGNNAGAKLTF-AJ39_BV17-CASSRQGAREQYF-BJ2-7,13,3.0,0.3344066189579109
AV17-CALGNNAGAKLTF-AJ39_BV17-CASSRQGAREQYF-BJ2-7,13,4.0,0.2986565935230755
AV17-CALGNNAGAKLTF-AJ39_BV17-CASSRQGAREQYF-BJ2-7,13,5.0,0.2801551888590948
AV17-CALVPDTGNYKYVF-AJ40_BV1-CTCSARQGRNTEVFF-BJ1-1,13,0.0,2.153971392358201
AV17-CALVPDTGNYKYVF-AJ40_BV1-CTCSARQGRNTEVFF-BJ1-1,13,1.0,0.5691264416356995
AV17-CALVPDTGNYKYVF-AJ40_BV1-CTCSARQGRNTEVFF-BJ1-1,13,2.0,0.34141923852736755
AV17-CALVPDTGNYKYVF-AJ40_BV1-CTCSARQGRNTEVFF-BJ1-1,13,3.0,0.29047694552045494
AV17-CALVPDTGNYKYVF-AJ40_BV1-CTCSARQGRNTEVFF-BJ1-1,13,4.0,0.26785036808969204
AV17-CALVPDTGNYKYVF-AJ40_BV1-CTCSARQGRNTEVFF-BJ1-1,13,5.0,0.2545589321304949
AV19-CAAANTGYQNFYF-AJ49_BV17-CASSSTGGYNYAEQFF-BJ2-1,9,0.0,1.8389718650425821
AV19-CAAANTGYQNFYF-AJ49_BV17-CASSSTGGYNYAEQFF-BJ2-1,9,1.0,1.2995578367082916
AV19-CAAANTGYQNFYF-AJ49_BV17-CASSSTGGYNYAEQFF-BJ2-1,9,2.0,1.0220047251093143
AV19-CAAANTGYQNFYF-AJ49_BV17-CASSSTGGYNYAEQFF-BJ2-1,9,3.0,0.8912007657414863
AV19-CAAANTGYQNFYF-AJ49_BV17-CASSSTGGYNYAEQFF-BJ2-1,9,4.0,0.8205011822390165
AV19-CAAANTGYQNFYF-AJ49_BV17-CASSSTGGYNYAEQFF-BJ2-1,9,5.0,0.7776596816610879
AV19-CAAGAAGYQNFYF-AJ49_BV17-CASSRLGGLAEQFF-BJ2-1,24,0.0,2.049842961492274
AV19-CAAGAAGYQNFYF-AJ49_BV17-CASSRLGGLAEQFF-BJ2-1,24,1.0,0.7049719479786308
AV19-CAAGAAGYQNFYF-AJ49_BV17-CASSRLGGLAEQFF-BJ2-1,24,2.0,0.37166064299266294
AV19-CAAGAAGYQNFYF-AJ49_BV17-CASSRLGGLAEQFF-BJ2-1,24,3.0,0.2896183801449261
AV19-CAAGAAGYQNFYF-AJ49_BV17-CASSRLGGLAEQFF-BJ2-1,24,4.0,0.25810877372722413
AV19-CAAGAAGYQNFYF-AJ49_BV17-CASSRLGGLAEQFF-BJ2-1,24,5.0,0.24203737976761797
AV19-CAAGAGSYQNFYF-AJ49_BV1-CTCSADGQNTLYF-BJ2-4,5,0.0,2.132355619554397
AV19-CAAGAGSYQNFYF-AJ49_BV1-CTCSADGQNTLYF-BJ2-4,5,1.0,0.9721321636645894
AV19-CAAGAGSYQNFYF-AJ49_BV1-CTCSADGQNTLYF-BJ2-4,5,2.0,0.6127938138570257
AV19-CAAGAGSYQNFYF-AJ49_BV1-CTCSADGQNTLYF-BJ2-4,5,3.0,0.49904453464160037
AV19-CAAGAGSYQNFYF-AJ49_BV1-CTCSADGQNTLYF-BJ2-4,5,4.0,0.44891160599916774
AV19-CAAGAGSYQNFYF-AJ49_BV1-CTCSADGQNTLYF-BJ2-4,5,5.0,0.4218154915380804
AV19-CAAGATGYQNFYF-AJ49_BV17-CASSRLGGPYAEQFF-BJ2-1,77,0.0,1.9885147303639148
AV19-CAAGATGYQNFYF-AJ49_BV17-CASSRLGGPYAEQFF-BJ2-1,77,1.0,0.7801121431330407
AV19-CAAGATGYQNFYF-AJ49_BV17-CASSRLGGPYAEQFF-BJ2-1,77,2.0,0.4849833224624972
AV19-CAAGATGYQNFYF-AJ49_BV17-CASSRLGGPYAEQFF-BJ2-1,77,3.0,0.40169738340829275
AV19-CAAGATGYQNFYF-AJ49_BV17-CASSRLGGPYAEQFF-BJ2-1,77,4.0,0.3661095394493126
AV19-CAAGATGYQNFYF-AJ49_BV17-CASSRLGGPYAEQFF-BJ2-1,77,5.0,0.34673939720475183
AV19-CAAGATGYQNFYF-AJ49_BV17-CASSRLGSSYEQYF-BJ2-7,19,0.0,1.9951851945402699
AV19-CAAGATGYQNFYF-AJ49_BV17-CASSRLGSSYEQYF-BJ2-7,19,1.0,1.1739162687949978
AV19-CAAGATGYQNFYF-AJ49_BV17-CASSRLGSSYEQYF-BJ2-7,19,2.0,0.842066870408515
AV19-CAAGATGYQNFYF-AJ49_BV17-CASSRLGSSYEQYF-BJ2-7,19,3.0,0.7167397377689723
AV19-CAAGATGYQNFYF-AJ49_BV17-CASSRLGSSYEQYF-BJ2-7,19,4.0,0.6575224695836394
AV19-CAAGATGYQNFYF-AJ49_BV17-CASSRLGSSYEQYF-BJ2-7,19,5.0,0.6237838972718311
AV19-CAAGNTGYQNFYF-AJ49_BV17-CASSRLGSSYEQYF-BJ2-7,31,0.0,2.1052500977256985
AV19-CAAGNTGYQNFYF-AJ49_BV17-CASSRLGSSYEQYF-BJ2-7,31,1.0,0.8924274334806601
AV19-CAAGNTGYQNFYF-AJ49_BV17-CASSRLGSSYEQYF-BJ2-7,31,2.0,0.572173087355346
AV19-CAAGNTGYQNFYF-AJ49_BV17-CASSRLGSSYEQYF-BJ2-7,31,3.0,0.4825158229876171
AV19-CAAGNTGYQNFYF-AJ49_BV17-CASSRLGSSYEQYF-BJ2-7,31,4.0,0.4445737861351637
AV19-CAAGNTGYQNFYF-AJ49_BV17-CASSRLGSSYEQYF-BJ2-7,31,5.0,0.4236978273849251
AV19-CASNTGYQNFYF-AJ49_BV31-CAWSARGDTQYF-BJ2-5,8,0.0,1.7406015629507225
AV19-CASNTGYQNFYF-AJ49_BV31-CAWSARGDTQYF-BJ2-5,8,1.0,0.3697047988269584
AV19-CASNTGYQNFYF-AJ49_BV31-CAWSARGDTQYF-BJ2-5,8,2.0,0.16754818051373888
AV19-CASNTGYQNFYF-AJ49_BV31-CAWSARGDTQYF-BJ2-5,8,3.0,0.1285689039451684
AV19-CASNTGYQNFYF-AJ49_BV31-CAWSARGDTQYF-BJ2-5,8,4.0,0.11440267670820017
AV19-CASNTGYQNFYF-AJ49_BV31-CAWSARGDTQYF-BJ2-5,8,5.0,0.10725930481452012
AV2-CIVTVSGGNYKPTF-AJ6_BV13-1-CASSDRDTQAPLF-BJ1-5,60,0.0,1.9306778222100704
AV2-CIVTVSGGNYKPTF-AJ6_BV13-1-CASSDRDTQAPLF-BJ1-5,60,1.0,0.8969069357249772
AV2-CIVTVSGGNYKPTF-AJ6_BV13-1-CASSDRDTQAPLF-BJ1-5,60,2.0,0.5509513048903693
AV2-CIVTVSGGNYKPTF-AJ6_BV13-1-CASSDRDTQAPLF-BJ1-5,60,3.0,0.4469641845105353
AV2-CIVTVSGGNYKPTF-AJ6_BV13-1-CASSDRDTQAPLF-BJ1-5,60,4.0,0.4036513559396749
AV2-CIVTVSGGNYKPTF-AJ6_BV13-1-CASSDRDTQAPLF-BJ1-5,60,5.0,0.38077146447101473
AV21/DV12-CILRVAGANTGKLTF-AJ52_BV13-3-CASSARVEQYF-BJ2-7,12,0.0,1.954267592652694
AV21/DV12-CILRVAGANTGKLTF-AJ52_BV13-3-CASSARVEQYF-BJ2-7,12,1.0,1.0961640505329064
AV21/DV12-CILRVAGANTGKLTF-AJ52_BV13-3-CASSARVEQYF-BJ2-7,12,2.0,0.7771574180626125
AV21/DV12-CILRVAGANTGKLTF-AJ52_BV13-3-CASSARVEQYF-BJ2-7,12,3.0,0.6531555331881561
AV21/DV12-CILRVAGANTGKLTF-AJ52_BV13-3-CASSARVEQYF-BJ2-7,12,4.0,0.5923106558078435
AV21/DV12-CILRVAGANTGKLTF-AJ52_BV13-3-CASSARVEQYF-BJ2-7,12,5.0,0.557844103185457
AV3-1-CAVSARTNKVVF-AJ34_BV13-2-CASGDRGGNTEVFF-BJ1-1,13,0.0,2.0568148996017546
AV3-1-CAVSARTNKVVF-AJ34_BV13-2-CASGDRGGNTEVFF-BJ1-1,13,1.0,0.8264252508395642
AV3-1-CAVSARTNKVVF-AJ34_BV13-2-CASGDRGGNTEVFF-BJ1-1,13,2.0,0.48707854103159465
AV3-1-CAVSARTNKVVF-AJ34_BV13-2-CASGDRGGNTEVFF-BJ1-1,13,3.0,0.3927574520771281
AV3-1-CAVSARTNKVVF-AJ34_BV13-2-CASGDRGGNTEVFF-BJ1-1,13,4.0,0.3529814523264623
AV3-1-CAVSARTNKVVF-AJ34_BV13-2-CASGDRGGNTEVFF-BJ1-1,13,5.0,0.3316879934944608
AV3-1-CAVSVNYAQGLTF-AJ26_BV31-CAWSPGQQAPLF-BJ1-5,32,0.0,1.7753419037478058
AV3-1-CAVSVNYAQGLTF-AJ26_BV31-CAWSPGQQAPLF-BJ1-5,32,1.0,0.5958912241628201
AV3-1-CAVSVNYAQGLTF-AJ26_BV31-CAWSPGQQAPLF-BJ1-5,32,2.0,0.35445615358821564
AV3-1-CAVSVNYAQGLTF-AJ26_BV31-CAWSPGQQAPLF-BJ1-5,32,3.0,0.2925887183442004
AV3-1-CAVSVNYAQGLTF-AJ26_BV31-CAWSPGQQAPLF-BJ1-5,32,4.0,0.2660107658423364
AV3-1-CAVSVNYAQGLTF-AJ26_BV31-CAWSPGQQAPLF-BJ1-5,32,5.0,0.2512358942179381
AV3-1-CAVTASSGSWQLIF-AJ22_BV4-CASSYSTEVFF-BJ1-1,25,0.0,2.087592192266206
AV3-1-CAVTASSGSWQLIF-AJ22_BV4-CASSYSTEVFF-BJ1-1,25,1.0,0.48790753900702405
AV3-1-CAVTASSGSWQLIF-AJ22_BV4-CASSYSTEVFF-BJ1-1,25,2.0,0.23521422508370393
AV3-1-CAVTASSGSWQLIF-AJ22_BV4-CASSYSTEVFF-BJ1-1,25,3.0,0.1822782008059886
AV3-1-CAVTASSGSWQLIF-AJ22_BV4-CASSYSTEVFF-BJ1-1,25,4.0,0.16237289617609826
AV3-1-CAVTASSGSWQLIF-AJ22_BV4-CASSYSTEVFF-BJ1-1,25,5.0,0.1522527653642869
AV3-3-CAVRNNAGAKLTF-AJ39_BV19-CASSRLGLYEQYF-BJ2-7,6,0.0,2.4523742529443537
AV3-3-CAVRNNAGAKLTF-AJ39_BV19-CASSRLGLYEQYF-BJ2-7,6,1.0,2.0433950923721262
AV3-3-CAVRNNAGAKLTF-AJ39_BV19-CASSRLGLYEQYF-BJ2-7,6,2.0,1.7890358661774233
AV3-3-CAVRNNAGAKLTF-AJ39_BV19-CASSRLGLYEQYF-BJ2-7,6,3.0,1.656375091722971
AV3-3-CAVRNNAGAKLTF-AJ39_BV19-CASSRLGLYEQYF-BJ2-7,6,4.0,1.577459676693275
AV3-3-CAVRNNAGAKLTF-AJ39_BV19-CASSRLGLYEQYF-BJ2-7,6,5.0,1.525753228272481
AV3-3-CAVSASNNAGAKLTF-AJ39_BV5-CASSPDRGDERLFF-BJ1-4,60,0.0,1.8035163819327604
AV3-3-CAVSASNNAGAKLTF-AJ39_BV5-CASSPDRGDERLFF-BJ1-4,60,1.0,1.5339796790715317
AV3-3-CAVSASNNAGAKLTF-AJ39_BV5-CASSPDRGDERLFF-BJ1-4,60,2.0,1.376994294026838
AV3-3-CAVSASNNAGAKLTF-AJ39_BV5-CASSPDRGDERLFF-BJ1-4,60,3.0,1.28540509202904
AV3-3-CAVSASNNAGAKLTF-AJ39_BV5-CASSPDRGDERLFF-BJ1-4,60,4.0,1.2278279018036835
AV3-3-CAVSASNNAGAKLTF-AJ39_BV5-CASSPDRGDERLFF-BJ1-4,60,5.0,1.1893078592122799
AV3-3-CAVSATTNYGNEKITF-AJ48_BV13-1-CASSDLGGDTQYF-BJ2-5,16,0.0,1.9507828051972018
AV3-3-CAVSATTNYGNEKITF-AJ48_BV13-1-CASSDLGGDTQYF-BJ2-5,16,1.0,1.2783518341171431
AV3-3-CAVSATTNYGNEKITF-AJ48_BV13-1-CASSDLGGDTQYF-BJ2-5,16,2.0,0.9873617159956075
AV3-3-CAVSATTNYGNEKITF-AJ48_BV13-1-CASSDLGGDTQYF-BJ2-5,16,3.0,0.8650194641123654
AV3-3-CAVSATTNYGNEKITF-AJ48_BV13-1-CASSDLGGDTQYF-BJ2-5,16,4.0,0.8045007248449049
AV3-3-CAVSATTNYGNEKITF-AJ48_BV13-1-CASSDLGGDTQYF-BJ2-5,16,5.0,0.769923016395551
AV3-3-CAVSSYGSSGNKLIF-AJ32_BV5-CASSPDRSNERLFF-BJ1-4,5,0.0,2.132355619554397
AV3-3-CAVSSYGSSGNKLIF-AJ32_BV5-CASSPDRSNERLFF-BJ1-4,5,1.0,1.249714601396543
AV3-3-CAVSSYGSSGNKLIF-AJ32_BV5-CASSPDRSNERLFF-BJ1-4,5,2.0,0.8945658764373944
AV3-3-CAVSSYGSSGNKLIF-AJ32_BV5-CASSPDRSNERLFF-BJ1-4,5,3.0,0.7703687502324051
AV3-3-CAVSSYGSSGNKLIF-AJ32_BV5-CASSPDRSNERLFF-BJ1-4,5,4.0,0.7131232679924231
AV3-3-CAVSSYGSSGNKLIF-AJ32_BV5-CASSPDRSNERLFF-BJ1-4,5,5.0,0.6805196498652929
AV3-4-CAVSAGNNKLTF-AJ56_BV13-2-CASGDAQGQNTLYF-BJ2-4,5,0.0,2.162756238243407
AV3-4-CAVSAGNNKLTF-AJ56_BV13-2-CASGDAQGQNTLYF-BJ2-4,5,1.0,1.6335411911375375
AV3-4-CAVSAGNNKLTF-AJ56_BV13-2-CASGDAQGQNTLYF-BJ2-4,5,2.0,1.3775828709111648
AV3-4-CAVSAGNNKLTF-AJ56_BV13-2-CASGDAQGQNTLYF-BJ2-4,5,3.0,1.2595122821104805
AV3-4-CAVSAGNNKLTF-AJ56_BV13-2-CASGDAQGQNTLYF-BJ2-4,5,4.0,1.198561572446857
AV3-4-CAVSAGNNKLTF-AJ56_BV13-2-CASGDAQGQNTLYF-BJ2-4,5,5.0,1.1626730706409742
AV3D-3-CAVRGGSGGKLTL-AJ44_BV13-3-CASSGGPTGQLYF-BJ2-2,10,0.0,1.7791061114716953
AV3D-3-CAVRGGSGGKLTL-AJ44_BV13-3-CASSGGPTGQLYF-BJ2-2,10,1.0,1.4683189029670347
AV3D-3-CAVRGGSGGKLTL-AJ44_BV13-3-CASSGGPTGQLYF-BJ2-2,10,2.0,1.269236334772849
AV3D-3-CAVRGGSGGKLTL-AJ44_BV13-3-CASSGGPTGQLYF-BJ2-2,10,3.0,1.1510022334460799
AV3D-3-CAVRGGSGGKLTL-AJ44_BV13-3-CASSGGPTGQLYF-BJ2-2,10,4.0,1.0805691878174009
AV3D-3-CAVRGGSGGKLTL-AJ44_BV13-3-CASSGGPTGQLYF-BJ2-2,10,5.0,1.036164091617448
AV3D-3-CAVSAGSNTNKVVF-AJ34_BV31-CAWSPWTGTEVFF-BJ1-1,19,0.0,1.9078262366162477
AV3D-3-CAVSAGSNTNKVVF-AJ34_BV31-CAWSPWTGTEVFF-BJ1-1,19,1.0,0.8961704735315594
AV3D-3-CAVSAGSNTNKVVF-AJ34_BV31-CAWSPWTGTEVFF-BJ1-1,19,2.0,0.5553675057260193
AV3D-3-CAVSAGSNTNKVVF-AJ34_BV31-CAWSPWTGTEVFF-BJ1-1,19,3.0,0.45650249544836635
AV3D-3-CAVSAGSNTNKVVF-AJ34_BV31-CAWSPWTGTEVFF-BJ1-1,19,4.0,0.41606029264650096
AV3D-3-CAVSAGSNTNKVVF-AJ34_BV31-CAWSPWTGTEVFF-BJ1-1,19,5.0,0.39450960973816285
AV3D-3-CAVSGGNYKYVF-AJ40_BV13-2-CASGDAGGATEQFF-BJ2-1,6,0.0,2.110296349628664
AV3D-3-CAVSGGNYKYVF-AJ40_BV13-2-CASGDAGGATEQFF-BJ2-1,6,1.0,1.2672388377303838
AV3D-3-CAVSGGNYKYVF-AJ40_BV13-2-CASGDAGGATEQFF-BJ2-1,6,2.0,0.8327252535882114
AV3D-3-CAVSGGNYKYVF-AJ40_BV13-2-CASGDAGGATEQFF-BJ2-1,6,3.0,0.669043001198645
AV3D-3-CAVSGGNYKYVF-AJ40_BV13-2-CASGDAGGATEQFF-BJ2-1,6,4.0,0.5984291823938636
AV3D-3-CAVSGGNYKYVF-AJ40_BV13-2-CASGDAGGATEQFF-BJ2-1,6,5.0,0.5614271570243184
AV3D-3-CAVSVTNSAGNKLTF-AJ17_BV5-CASSPDRGDERLFF-BJ1-4,6,0.0,1.5128025995084717
AV3D-3-CAVSVTNSAGNKLTF-AJ17_BV5-CASSPDRGDERLFF-BJ1-4,6,1.0,1.3173623223203144
AV3D-3-CAVSVTNSAGNKLTF-AJ17_BV5-CASSPDRGDERLFF-BJ1-4,6,2.0,1.1958203134161527
AV3D-3-CAVSVTNSAGNKLTF-AJ17_BV5-CASSPDRGDERLFF-BJ1-4,6,3.0,1.1197856118518166
AV3D-3-CAVSVTNSAGNKLTF-AJ17_BV5-CASSPDRGDERLFF-BJ1-4,6,4.0,1.0713046573879936
AV3D-3-CAVSVTNSAGNKLTF-AJ17_BV5-CASSPDRGDERLFF-BJ1-4,6,5.0,1.0395956341753232
AV4-2-CAVEGTGGYKVVF-AJ12_BV13-1-CASSAGADSPLYF-BJ1-6,14,0.0,1.6416932994756677
AV4-2-CAVEGTGGYKVVF-AJ12_BV13-1-CASSAGADSPLYF-BJ1-6,14,1.0,0.7825719883419133
AV4-2-CAVEGTGGYKVVF-AJ12_BV13-1-CASSAGADSPLYF-BJ1-6,14,2.0,0.5435933628067919
AV4-2-CAVEGTGGYKVVF-AJ12_BV13-1-CASSAGADSPLYF-BJ1-6,14,3.0,0.4644354994039537
AV4-2-CAVEGTGGYKVVF-AJ12_BV13-1-CASSAGADSPLYF-BJ1-6,14,4.0,0.4268544736616488
AV4-2-CAVEGTGGYKVVF-AJ12_BV13-1-CASSAGADSPLYF-BJ1-6,14,5.0,0.4050369966211781
AV4-3-CAAEASTGNYKYVF-AJ40_BV3-CASSLVQVTEVFF-BJ1-1,17,0.0,2.07930789230939
AV4-3-CAAEASTGNYKYVF-AJ40_BV3-CASSLVQVTEVFF-BJ1-1,17,1.0,1.521630111999853
AV4-3-CAAEASTGNYKYVF-AJ40_BV3-CASSLVQVTEVFF-BJ1-1,17,2.0,1.2115296867005498
AV4-3-CAAEASTGNYKYVF-AJ40_BV3-CASSLVQVTEVFF-BJ1-1,17,3.0,1.0756807648177495
AV4-3-CAAEASTGNYKYVF-AJ40_BV3-CASSLVQVTEVFF-BJ1-1,17,4.0,1.0075785805307658
AV4-3-CAAEASTGNYKYVF-AJ40_BV3-CASSLVQVTEVFF-BJ1-1,17,5.0,0.967233753117431
AV4-4/DV10-CAAEANTGYQNFYF-AJ49_BV16-CASSWDRGNTQYF-BJ2-5,14,0.0,2.1985403911342227
AV4-4/DV10-CAAEANTGYQNFYF-AJ49_BV16-CASSWDRGNTQYF-BJ2-5,14,1.0,1.8029784830611177
AV4-4/DV10-CAAEANTGYQNFYF-AJ49_BV16-CASSWDRGNTQYF-BJ2-5,14,2.0,1.5665350823479807
AV4-4/DV10-CAAEANTGYQNFYF-AJ49_BV16-CASSWDRGNTQYF-BJ2-5,14,3.0,1.4386685239459496
AV4-4/DV10-CAAEANTGYQNFYF-AJ49_BV16-CASSWDRGNTQYF-BJ2-5,14,4.0,1.3612396221028755
AV4-4/DV10-CAAEANTGYQNFYF-AJ49_BV16-CASSWDRGNTQYF-BJ2-5,14,5.0,1.3097462190652027
AV4-4/DV10-CAAEEATGGNNKLTF-AJ56_BV2-CASSQRVPNTGQLYF-BJ2-2,18,0.0,1.6141164178083747
AV4-4/DV10-CAAEEATGGNNKLTF-AJ56_BV2-CASSQRVPNTGQLYF-BJ2-2,18,1.0,1.3878772915219895
AV4-4/DV10-CAAEEATGGNNKLTF-AJ56_BV2-CASSQRVPNTGQLYF-BJ2-2,18,2.0,1.3088181431216894
AV4-4/DV10-CAAEEATGGNNKLTF-AJ56_BV2-CASSQRVPNTGQLYF-BJ2-2,18,3.0,1.2602933937831708
AV4-4/DV10-CAAEEATGGNNKLTF-AJ56_BV2-CASSQRVPNTGQLYF-BJ2-2,18,4.0,1.225871093848429
AV4-4/DV10-CAAEEATGGNNKLTF-AJ56_BV2-CASSQRVPNTGQLYF-BJ2-2,18,5.0,1.2005113460980394
AV4-4/DV10-CAAMDYANKMIF-AJ47_BV2-CASSQDRGYNNQAPLF-BJ1-5,20,0.0,2.3416830498214933
AV4-4/DV10-CAAMDYANKMIF-AJ47_BV2-CASSQDRGYNNQAPLF-BJ1-5,20,1.0,1.4138116172595774
AV4-4/DV10-CAAMDYANKMIF-AJ47_BV2-CASSQDRGYNNQAPLF-BJ1-5,20,2.0,1.0783907571182916
AV4-4/DV10-CAAMDYANKMIF-AJ47_BV2-CASSQDRGYNNQAPLF-BJ1-5,20,3.0,0.9389925677098014
AV4-4/DV10-CAAMDYANKMIF-AJ47_BV2-CASSQDRGYNNQAPLF-BJ1-5,20,4.0,0.8670330408113234
AV4-4/DV10-CAAMDYANKMIF-AJ47_BV2-CASSQDRGYNNQAPLF-BJ1-5,20,5.0,0.8241276220331321
AV5-1-CSASSGTGGYKVVF-AJ12_BV13-1-CASSETGVSSYEQYF-BJ2-7,60,0.0,2.1977984366878327
AV5-1-CSASSGTGGYKVVF-AJ12_BV13-1-CASSETGVSSYEQYF-BJ2-7,60,1.0,1.6969190341512272
AV5-1-CSASSGTGGYKVVF-AJ12_BV13-1-CASSETGVSSYEQYF-BJ2-7,60,2.0,1.44399356335733
AV5-1-CSASSGTGGYKVVF-AJ12_BV13-1-CASSETGVSSYEQYF-BJ2-7,60,3.0,1.3186031637246145
AV5-1-CSASSGTGGYKVVF-AJ12_BV13-1-CASSETGVSSYEQYF-BJ2-7,60,4.0,1.247661900559161
AV5-1-CSASSGTGGYKVVF-AJ12_BV13-1-CASSETGVSSYEQYF-BJ2-7,60,5.0,1.2027835277528598
AV5-4-CAALDSNYQLIW-AJ33_BV1-CTCSADRGWSPLYF-BJ1-6,27,0.0,1.857614410789527
AV5-4-CAALDSNYQLIW-AJ33_BV1-CTCSADRGWSPLYF-BJ1-6,27,1.0,0.49247770040077127
AV5-4-CAALDSNYQLIW-AJ33_BV1-CTCSADRGWSPLYF-BJ1-6,27,2.0,0.24033354891072142
AV5-4-CAALDSNYQLIW-AJ33_BV1-CTCSADRGWSPLYF-BJ1-6,27,3.0,0.185958558019042
AV5-4-CAALDSNYQLIW-AJ33_BV1-CTCSADRGWSPLYF-BJ1-6,27,4.0,0.16566412113485438
AV5-4-CAALDSNYQLIW-AJ33_BV1-CTCSADRGWSPLYF-BJ1-6,27,5.0,0.15535068118706338
AV5-4-CAARGDYANKMIF-AJ47_BV3-CASSLGVDTQYF-BJ2-5,79,0.0,1.9744549549938737
AV5-4-CAARGDYANKMIF-AJ47_BV3-CASSLGVDTQYF-BJ2-5,79,1.0,0.5761281672519902
AV5-4-CAARGDYANKMIF-AJ47_BV3-CASSLGVDTQYF-BJ2-5,79,2.0,0.31628218735184055
AV5-4-CAARGDYANKMIF-AJ47_BV3-CASSLGVDTQYF-BJ2-5,79,3.0,0.25305217993750284
AV5-4-CAARGDYANKMIF-AJ47_BV3-CASSLGVDTQYF-BJ2-5,79,4.0,0.22730627371516338
AV5-4-CAARGDYANKMIF-AJ47_BV3-CASSLGVDTQYF-BJ2-5,79,5.0,0.21363859652694647
AV5-4-CAASGDYNQGKLIF-AJ23_BV3-CASSLGLGYEQYF-BJ2-7,29,0.0,2.1075299808662766
AV5-4-CAASGDYNQGKLIF-AJ23_BV3-CASSLGLGYEQYF-BJ2-7,29,1.0,0.5788090846712138
AV5-4-CAASGDYNQGKLIF-AJ23_BV3-CASSLGLGYEQYF-BJ2-7,29,2.0,0.2851036610340494
AV5-4-CAASGDYNQGKLIF-AJ23_BV3-CASSLGLGYEQYF-BJ2-7,29,3.0,0.22249168786816298
AV5-4-CAASGDYNQGKLIF-AJ23_BV3-CASSLGLGYEQYF-BJ2-7,29,4.0,0.19886200906275414
AV5-4-CAASGDYNQGKLIF-AJ23_BV3-CASSLGLGYEQYF-BJ2-7,29,5.0,0.18668764953278816
AV5-4-CAASSNSGGSNAKLTF-AJ42_BV3-CASSLGQISNERLFF-BJ1-4,14,0.0,1.8488693227934598
AV5-4-CAASSNSGGSNAKLTF-AJ42_BV3-CASSLGQISNERLFF-BJ1-4,14,1.0,0.6254385865878396
AV5-4-CAASSNSGGSNAKLTF-AJ42_BV3-CASSLGQISNERLFF-BJ1-4,14,2.0,0.3423865186365148
AV5-4-CAASSNSGGSNAKLTF-AJ42_BV3-CASSLGQISNERLFF-BJ1-4,14,3.0,0.27078993290728604
AV5-4-CAASSNSGGSNAKLTF-AJ42_BV3-CASSLGQISNERLFF-BJ1-4,14,4.0,0.24235089704707255
AV5-4-CAASSNSGGSNAKLTF-AJ42_BV3-CASSLGQISNERLFF-BJ1-4,14,5.0,0.22752260787985304
AV5D-4-CAASGSNYNVLYF-AJ21_BV31-CAWGDSSGNTLYF-BJ1-3,15,0.0,2.1911917807845187
AV5D-4-CAASGSNYNVLYF-AJ21_BV31-CAWGDSSGNTLYF-BJ1-3,15,1.0,1.348693232785126
AV5D-4-CAASGSNYNVLYF-AJ21_BV31-CAWGDSSGNTLYF-BJ1-3,15,2.0,0.9692098568688087
AV5D-4-CAASGSNYNVLYF-AJ21_BV31-CAWGDSSGNTLYF-BJ1-3,15,3.0,0.8233355040665394
AV5D-4-CAASGSNYNVLYF-AJ21_BV31-CAWGDSSGNTLYF-BJ1-3,15,4.0,0.7547047701138524
AV5D-4-CAASGSNYNVLYF-AJ21_BV31-CAWGDSSGNTLYF-BJ1-3,15,5.0,0.7160898303244683
AV6-2-CVLGDDYAQGLTF-AJ26_BV4-CASSWTGSYNSPLYF-BJ1-6,21,0.0,1.7349960621186513
AV6-2-CVLGDDYAQGLTF-AJ26_BV4-CASSWTGSYNSPLYF-BJ1-6,21,1.0,0.28530293035817994
AV6-2-CVLGDDYAQGLTF-AJ26_BV4-CASSWTGSYNSPLYF-BJ1-6,21,2.0,0.12391590387148636
AV6-2-CVLGDDYAQGLTF-AJ26_BV4-CASSWTGSYNSPLYF-BJ1-6,21,3.0,0.09487630269720694
AV6-2-CVLGDDYAQGLTF-AJ26_BV4-CASSWTGSYNSPLYF-BJ1-6,21,4.0,0.0844153618175544
AV6-2-CVLGDDYAQGLTF-AJ26_BV4-CASSWTGSYNSPLYF-BJ1-6,21,5.0,0.07914448906989847
AV6-2-CVLGEAGGSNAKLTF-AJ42_BV17-CASSRGQGSERLFF-BJ1-4,10,0.0,1.692481250360578
AV6-2-CVLGEAGGSNAKLTF-AJ42_BV17-CASSRGQGSERLFF-BJ1-4,10,1.0,1.1788071246019562
AV6-2-CVLGEAGGSNAKLTF-AJ42_BV17-CASSRGQGSERLFF-BJ1-4,10,2.0,0.9113288830455154
AV6-2-CVLGEAGGSNAKLTF-AJ42_BV17-CASSRGQGSERLFF-BJ1-4,10,3.0,0.7899387034327686
AV6-2-CVLGEAGGSNAKLTF-AJ42_BV17-CASSRGQGSERLFF-BJ1-4,10,4.0,0.7296388259208051
AV6-2-CVLGEAGGSNAKLTF-AJ42_BV17-CASSRGQGSERLFF-BJ1-4,10,5.0,0.6958228990363062
AV6-6-CALGASNTEGADRLTF-AJ45_BV13-3-CASSDRDTLYF-BJ2-4,37,0.0,1.9165433701118197
AV6-6-CALGASNTEGADRLTF-AJ45_BV13-3-CASSDRDTLYF-BJ2-4,37,1.0,1.0113731000603496
AV6-6-CALGASNTEGADRLTF-AJ45_BV13-3-CASSDRDTLYF-BJ2-4,37,2.0,0.6860891097734675
AV6-6-CALGASNTEGADRLTF-AJ45_BV13-3-CASSDRDTLYF-BJ2-4,37,3.0,0.5748172811749203
AV6-6-CALGASNTEGADRLTF-AJ45_BV13-3-CASSDRDTLYF-BJ2-4,37,4.0,0.5246566263375186
AV6-6-CALGASNTEGADRLTF-AJ45_BV13-3-CASSDRDTLYF-BJ2-4,37,5.0,0.49711537091067065
AV6-6-CALGDQGTGSKLSF-AJ58_BV17-CASSPGQGYTGQLYF-BJ2-2,282,0.0,2.1510340755838904
AV6-6-CALGDQGTGSKLSF-AJ58_BV17-CASSPGQGYTGQLYF-BJ2-2,282,1.0,1.7761046749345428
AV6-6-CALGDQGTGSKLSF-AJ58_BV17-CASSPGQGYTGQLYF-BJ2-2,282,2.0,1.549766685313475
AV6-6-CALGDQGTGSKLSF-AJ58_BV17-CASSPGQGYTGQLYF-BJ2-2,282,3.0,1.4253298280519506
AV6-6-CALGDQGTGSKLSF-AJ58_BV17-CASSPGQGYTGQLYF-BJ2-2,282,4.0,1.3518097887435265
AV6-6-CALGDQGTGSKLSF-AJ58_BV17-CASSPGQGYTGQLYF-BJ2-2,282,5.0,1.3044740835531836
AV6-6-CALGENTNTGKLTF-AJ27_BV2-CASSQDRRGDTQYF-BJ2-5,5,0.0,1.6457637380991763
AV6-6-CALGENTNTGKLTF-AJ27_BV2-CASSQDRRGDTQYF-BJ2-5,5,1.0,1.4591400488957267
AV6-6-CALGENTNTGKLTF-AJ27_BV2-CASSQDRRGDTQYF-BJ2-5,5,2.0,1.339799548793437
AV6-6-CALGENTNTGKLTF-AJ27_BV2-CASSQDRRGDTQYF-BJ2-5,5,3.0,1.2857724538804634
AV6-6-CALGENTNTGKLTF-AJ27_BV2-CASSQDRRGDTQYF-BJ2-5,5,4.0,1.2568796897711318
AV6-6-CALGENTNTGKLTF-AJ27_BV2-CASSQDRRGDTQYF-BJ2-5,5,5.0,1.2386497828399765
AV6-7/DV9-CALRDSNYQLIW-AJ33_BV1-CTCSAVRVAEQFF-BJ2-1,6,0.0,2.110296349628664
AV6-7/DV9-CALRDSNYQLIW-AJ33_BV1-CTCSAVRVAEQFF-BJ2-1,6,1.0,0.9403983178333163
AV6-7/DV9-CALRDSNYQLIW-AJ33_BV1-CTCSAVRVAEQFF-BJ2-1,6,2.0,0.6092121281808546
AV6-7/DV9-CALRDSNYQLIW-AJ33_BV1-CTCSAVRVAEQFF-BJ2-1,6,3.0,0.5037374434007891
AV6-7/DV9-CALRDSNYQLIW-AJ33_BV1-CTCSAVRVAEQFF-BJ2-1,6,4.0,0.45543658462768044
AV6-7/DV9-CALRDSNYQLIW-AJ33_BV1-CTCSAVRVAEQFF-BJ2-1,6,5.0,0.4286778616556223
AV6-7/DV9-CALSDRGFASALTF-AJ35_BV3-CASSSGQISNERLFF-BJ1-4,17,0.0,1.6726227945842775
AV6-7/DV9-CALSDRGFASALTF-AJ35_BV3-CASSSGQISNERLFF-BJ1-4,17,1.0,0.5872105105709748
AV6-7/DV9-CALSDRGFASALTF-AJ35_BV3-CASSSGQISNERLFF-BJ1-4,17,2.0,0.3551872106550843
AV6-7/DV9-CALSDRGFASALTF-AJ35_BV3-CASSSGQISNERLFF-BJ1-4,17,3.0,0.2996389439973645
AV6-7/DV9-CALSDRGFASALTF-AJ35_BV3-CASSSGQISNERLFF-BJ1-4,17,4.0,0.27791953169336325
AV6-7/DV9-CALSDRGFASALTF-AJ35_BV3-CASSSGQISNERLFF-BJ1-4,17,5.0,0.2666247692946828
AV6-7/DV9-CALSEDTGYQNFYF-AJ49_BV17-CASSRDRGYTLYF-BJ2-4,7,0.0,1.8681165138644042
AV6-7/DV9-CALSEDTGYQNFYF-AJ49_BV17-CASSRDRGYTLYF-BJ2-4,7,1.0,1.3176046033180728
AV6-7/DV9-CALSEDTGYQNFYF-AJ49_BV17-CASSRDRGYTLYF-BJ2-4,7,2.0,1.0487894093619023
AV6-7/DV9-CALSEDTGYQNFYF-AJ49_BV17-CASSRDRGYTLYF-BJ2-4,7,3.0,0.9260670724928909
AV6-7/DV9-CALSEDTGYQNFYF-AJ49_BV17-CASSRDRGYTLYF-BJ2-4,7,4.0,0.8592078355786629
AV6-7/DV9-CALSEDTGYQNFYF-AJ49_BV17-CASSRDRGYTLYF-BJ2-4,7,5.0,0.8179088083336001
AV6-7/DV9-CALSVDSNYQLIW-AJ33_BV13-2-CASGLGGDTQYF-BJ2-5,38,0.0,1.7363385768782131
AV6-7/DV9-CALSVDSNYQLIW-AJ33_BV13-2-CASGLGGDTQYF-BJ2-5,38,1.0,1.1382813644946939
AV6-7/DV9-CALSVDSNYQLIW-AJ33_BV13-2-CASGLGGDTQYF-BJ2-5,38,2.0,0.8658712775380244
AV6-7/DV9-CALSVDSNYQLIW-AJ33_BV13-2-CASGLGGDTQYF-BJ2-5,38,3.0,0.7542095478429665
AV6-7/DV9-CALSVDSNYQLIW-AJ33_BV13-2-CASGLGGDTQYF-BJ2-5,38,4.0,0.6987788948834943
AV6-7/DV9-CALSVDSNYQLIW-AJ33_BV13-2-CASGLGGDTQYF-BJ2-5,38,5.0,0.666535934182794
AV6D-7-CALGDASGSWQLIF-AJ22_BV13-1-CASSDGANYAEQFF-BJ2-1,5,0.0,2.132355619554397
AV6D-7-CALGDASGSWQLIF-AJ22_BV13-1-CASSDGANYAEQFF-BJ2-1,5,1.0,0.9118589986083012
AV6D-7-CALGDASGSWQLIF-AJ22_BV13-1-CASSDGANYAEQFF-BJ2-1,5,2.0,0.5294729952976336
AV6D-7-CALGDASGSWQLIF-AJ22_BV13-1-CASSDGANYAEQFF-BJ2-1,5,3.0,0.4194739710111531
AV6D-7-CALGDASGSWQLIF-AJ22_BV13-1-CASSDGANYAEQFF-BJ2-1,5,4.0,0.3747847470283584
AV6D-7-CALGDASGSWQLIF-AJ22_BV13-1-CASSDGANYAEQFF-BJ2-1,5,5.0,0.35158704983050854
AV6D-7-CALGDDSGYNKLTF-AJ11_BV3-CASSLGTVSYEQYF-BJ2-7,7,0.0,1.7845504423328105
AV6D-7-CALGDDSGYNKLTF-AJ11_BV3-CASSLGTVSYEQYF-BJ2-7,7,1.0,0.7339093876346665
AV6D-7-CALGDDSGYNKLTF-AJ11_BV3-CASSLGTVSYEQYF-BJ2-7,7,2.0,0.47144912921608373
AV6D-7-CALGDDSGYNKLTF-AJ11_BV3-CASSLGTVSYEQYF-BJ2-7,7,3.0,0.3925226103053217
AV6D-7-CALGDDSGYNKLTF-AJ11_BV3-CASSLGTVSYEQYF-BJ2-7,7,4.0,0.35755943497620446
AV6D-7-CALGDDSGYNKLTF-AJ11_BV3-CASSLGTVSYEQYF-BJ2-7,7,5.0,0.3380022399941579
AV6D-7-CALGDPQGGRALIF-AJ15_BV13-1-CASSDGVHYAEQFF-BJ2-1,21,0.0,2.0421965912535236
AV6D-7-CALGDPQGGRALIF-AJ15_BV13-1-CASSDGVHYAEQFF-BJ2-1,21,1.0,0.47571596363444174
AV6D-7-CALGDPQGGRALIF-AJ15_BV13-1-CASSDGVHYAEQFF-BJ2-1,21,2.0,0.22218882458806222
AV6D-7-CALGDPQGGRALIF-AJ15_BV13-1-CASSDGVHYAEQFF-BJ2-1,21,3.0,0.17229681797248003
AV6D-7-CALGDPQGGRALIF-AJ15_BV13-1-CASSDGVHYAEQFF-BJ2-1,21,4.0,0.1536775542404443
AV6D-7-CALGDPQGGRALIF-AJ15_BV13-1-CASSDGVHYAEQFF-BJ2-1,21,5.0,0.1441509899786098
AV6D-7-CALGDRTGYQNFYF-AJ49_BV13-1-CASSPGFSNERLFF-BJ1-4,7,0.0,2.094539728253141
AV6D-7-CALGDRTGYQNFYF-AJ49_BV13-1-CASSPGFSNERLFF-BJ1-4,7,1.0,0.4571538287217618
AV6D-7-CALGDRTGYQNFYF-AJ49_BV13-1-CASSPGFSNERLFF-BJ1-4,7,2.0,0.19882453425571914
AV6D-7-CALGDRTGYQNFYF-AJ49_BV13-1-CASSPGFSNERLFF-BJ1-4,7,3.0,0.15169779390824914
AV6D-7-CALGDRTGYQNFYF-AJ49_BV13-1-CASSPGFSNERLFF-BJ1-4,7,4.0,0.13492262935817587
AV6D-7-CALGDRTGYQNFYF-AJ49_BV13-1-CASSPGFSNERLFF-BJ1-4,7,5.0,0.12649380507304145
AV6D-7-CALGHDSGYNKLTF-AJ11_BV3-CASSLGQVSYEQYF-BJ2-7,5,0.0,1.678463484555752
AV6D-7-CALGHDSGYNKLTF-AJ11_BV3-CASSLGQVSYEQYF-BJ2-7,5,1.0,1.2410377580092722
AV6D-7-CALGHDSGYNKLTF-AJ11_BV3-CASSLGQVSYEQYF-BJ2-7,5,2.0,0.9873192108179326
AV6D-7-CALGHDSGYNKLTF-AJ11_BV3-CASSLGQVSYEQYF-BJ2-7,5,3.0,0.8616016141335994
AV6D-7-CALGHDSGYNKLTF-AJ11_BV3-CASSLGQVSYEQYF-BJ2-7,5,4.0,0.797933892490841
AV6D-7-CALGHDSGYNKLTF-AJ11_BV3-CASSLGQVSYEQYF-BJ2-7,5,5.0,0.7622787880049834
AV6D-7-CALGLSSGSWQLIF-AJ22_BV13-3-CASSLRGPEVFF-BJ1-1,7,0.0,2.6468609584118794
AV6D-7-CALGLSSGSWQLIF-AJ22_BV13-3-CASSLRGPEVFF-BJ1-1,7,1.0,0.38442750265567643
AV6D-7-CALGLSSGSWQLIF-AJ22_BV13-3-CASSLRGPEVFF-BJ1-1,7,2.0,0.14200455442165424
AV6D-7-CALGLSSGSWQLIF-AJ22_BV13-3-CASSLRGPEVFF-BJ1-1,7,3.0,0.10721875050959138
AV6D-7-CALGLSSGSWQLIF-AJ22_BV13-3-CASSLRGPEVFF-BJ1-1,7,4.0,0.09531298654328589
AV6D-7-CALGLSSGSWQLIF-AJ22_BV13-3-CASSLRGPEVFF-BJ1-1,7,5.0,0.0893560407010503
AV6D-7-CALGRPGTGSNRLTF-AJ28_BV5-CASSQVAGDTEVFF-BJ1-1,9,0.0,1.6920909656106533
AV6D-7-CALGRPGTGSNRLTF-AJ28_BV5-CASSQVAGDTEVFF-BJ1-1,9,1.0,1.2622966158071915
AV6D-7-CALGRPGTGSNRLTF-AJ28_BV5-CASSQVAGDTEVFF-BJ1-1,9,2.0,1.090118687174222
AV6D-7-CALGRPGTGSNRLTF-AJ28_BV5-CASSQVAGDTEVFF-BJ1-1,9,3.0,1.0021096724325866
AV6D-7-CALGRPGTGSNRLTF-AJ28_BV5-CASSQVAGDTEVFF-BJ1-1,9,4.0,0.9483588195359103
AV6D-7-CALGRPGTGSNRLTF-AJ28_BV5-CASSQVAGDTEVFF-BJ1-1,9,5.0,0.9124840782603244
AV6D-7-CALVASSGSWQLIF-AJ22_BV13-2-CASGDAGASQNTLYF-BJ2-4,12,0.0,1.9738713392906366
AV6D-7-CALVASSGSWQLIF-AJ22_BV13-2-CASGDAGASQNTLYF-BJ2-4,12,1.0,0.9642981846747224
AV6D-7-CALVASSGSWQLIF-AJ22_BV13-2-CASGDAGASQNTLYF-BJ2-4,12,2.0,0.6055250943102877
AV6D-7-CALVASSGSWQLIF-AJ22_BV13-2-CASGDAGASQNTLYF-BJ2-4,12,3.0,0.4925060992422045
AV6D-7-CALVASSGSWQLIF-AJ22_BV13-2-CASGDAGASQNTLYF-BJ2-4,12,4.0,0.4441078870423549
AV6D-7-CALVASSGSWQLIF-AJ22_BV13-2-CASGDAGASQNTLYF-BJ2-4,12,5.0,0.4180471153986493
AV6N-6-CALDTNAYKVIF-AJ30_BV4-CASSPDLNTLYF-BJ2-4,6,0.0,1.8022968652028393
AV6N-6-CALDTNAYKVIF-AJ30_BV4-CASSPDLNTLYF-BJ2-4,6,1.0,1.242745847876922
AV6N-6-CALDTNAYKVIF-AJ30_BV4-CASSPDLNTLYF-BJ2-4,6,2.0,1.0476078949680125
AV6N-6-CALDTNAYKVIF-AJ30_BV4-CASSPDLNTLYF-BJ2-4,6,3.0,0.9711036046097562
AV6N-6-CALDTNAYKVIF-AJ30_BV4-CASSPDLNTLYF-BJ2-4,6,4.0,0.9328732143460686
AV6N-6-CALDTNAYKVIF-AJ30_BV4-CASSPDLNTLYF-BJ2-4,6,5.0,0.9102932020132322
AV6N-6-CALRNSNNRIFF-AJ31_BV12-1-CASSRTGDSYEQYF-BJ2-7,13,0.0,2.450537082358807
AV6N-6-CALRNSNNRIFF-AJ31_BV12-1-CASSRTGDSYEQYF-BJ2-7,13,1.0,0.819138322451875
AV6N-6-CALRNSNNRIFF-AJ31_BV12-1-CASSRTGDSYEQYF-BJ2-7,13,2.0,0.44068582156518155
AV6N-6-CALRNSNNRIFF-AJ31_BV12-1-CASSRTGDSYEQYF-BJ2-7,13,3.0,0.34778077428516335
AV6N-6-CALRNSNNRIFF-AJ31_BV12-1-CASSRTGDSYEQYF-BJ2-7,13,4.0,0.31091372987816424
AV6N-6-CALRNSNNRIFF-AJ31_BV12-1-CASSRTGDSYEQYF-BJ2-7,13,5.0,0.2917510596994846
AV6N-6-CALRSSGSWQLIF-AJ22_BV31-CAWSLEQGSAETLYF-BJ2-3,5,0.0,2.4598416036774555
AV6N-6-CALRSSGSWQLIF-AJ22_BV31-CAWSLEQGSAETLYF-BJ2-3,5,1.0,2.237107206063846
AV6N-6-CALRSSGSWQLIF-AJ22_BV31-CAWSLEQGSAETLYF-BJ2-3,5,2.0,2.0625174096376955
AV6N-6-CALRSSGSWQLIF-AJ22_BV31-CAWSLEQGSAETLYF-BJ2-3,5,3.0,1.9536478243304305
AV6N-6-CALRSSGSWQLIF-AJ22_BV31-CAWSLEQGSAETLYF-BJ2-3,5,4.0,1.886115971898564
AV6N-6-CALRSSGSWQLIF-AJ22_BV31-CAWSLEQGSAETLYF-BJ2-3,5,5.0,1.8415116589914107
AV6N-6-CALSDMGYKLTF-AJ9_BV3-CASSLGLDTQYF-BJ2-5,31,0.0,2.0852465812627123
AV6N-6-CALSDMGYKLTF-AJ9_BV3-CASSLGLDTQYF-BJ2-5,31,1.0,0.3153080545250135
AV6N-6-CALSDMGYKLTF-AJ9_BV3-CASSLGLDTQYF-BJ2-5,31,2.0,0.12499201377369017
AV6N-6-CALSDMGYKLTF-AJ9_BV3-CASSLGLDTQYF-BJ2-5,31,3.0,0.09479742883037626
AV6N-6-CALSDMGYKLTF-AJ9_BV3-CASSLGLDTQYF-BJ2-5,31,4.0,0.08428665157218676
AV6N-6-CALSDMGYKLTF-AJ9_BV3-CASSLGLDTQYF-BJ2-5,31,5.0,0.07901950160188645
AV7-1-CAVSSQGGRALIF-AJ15_BV13-1-CASSGTGMYEQYF-BJ2-7,15,0.0,2.018860947403108
AV7-1-CAVSSQGGRALIF-AJ15_BV13-1-CASSGTGMYEQYF-BJ2-7,15,1.0,1.5608123319934886
AV7-1-CAVSSQGGRALIF-AJ15_BV13-1-CASSGTGMYEQYF-BJ2-7,15,2.0,1.2741806256881172
AV7-1-CAVSSQGGRALIF-AJ15_BV13-1-CASSGTGMYEQYF-BJ2-7,15,3.0,1.1310250052729036
AV7-1-CAVSSQGGRALIF-AJ15_BV13-1-CASSGTGMYEQYF-BJ2-7,15,4.0,1.055450521494728
AV7-1-CAVSSQGGRALIF-AJ15_BV13-1-CASSGTGMYEQYF-BJ2-7,15,5.0,1.0108373496184848
AV7-2-CAASDNYAQGLTF-AJ26_BV31-CAWSLGNYAEQFF-BJ2-1,10,0.0,1.924674059849314
AV7-2-CAASDNYAQGLTF-AJ26_BV31-CAWSLGNYAEQFF-BJ2-1,10,1.0,0.9458078624027568
AV7-2-CAASDNYAQGLTF-AJ26_BV31-CAWSLGNYAEQFF-BJ2-1,10,2.0,0.6557955914553453
AV7-2-CAASDNYAQGLTF-AJ26_BV31-CAWSLGNYAEQFF-BJ2-1,10,3.0,0.5528998005429101
AV7-2-CAASDNYAQGLTF-AJ26_BV31-CAWSLGNYAEQFF-BJ2-1,10,4.0,0.5033119348397097
AV7-2-CAASDNYAQGLTF-AJ26_BV31-CAWSLGNYAEQFF-BJ2-1,10,5.0,0.4749006557801043
AV7-2-CAASITGNTGKLIF-AJ37_BV26-CASSLGLNYAEQFF-BJ2-1,6,0.0,1.5974937501201927
AV7-2-CAASITGNTGKLIF-AJ37_BV26-CASSLGLNYAEQFF-BJ2-1,6,1.0,0.8321347306593125
AV7-2-CAASITGNTGKLIF-AJ37_BV26-CASSLGLNYAEQFF-BJ2-1,6,2.0,0.617564276011621
AV7-2-CAASITGNTGKLIF-AJ37_BV26-CASSLGLNYAEQFF-BJ2-1,6,3.0,0.5476395975621958
AV7-2-CAASITGNTGKLIF-AJ37_BV26-CASSLGLNYAEQFF-BJ2-1,6,4.0,0.5155581545655606
AV7-2-CAASITGNTGKLIF-AJ37_BV26-CASSLGLNYAEQFF-BJ2-1,6,5.0,0.4972485560923893
AV7-2-CAASRGDYANKMIF-AJ47_BV13-3-CASSARVEQYF-BJ2-7,5,0.0,1.9813781191217035
AV7-2-CAASRGDYANKMIF-AJ47_BV13-3-CASSARVEQYF-BJ2-7,5,1.0,1.6533294510459087
AV7-2-CAASRGDYANKMIF-AJ47_BV13-3-CASSARVEQYF-BJ2-7,5,2.0,1.4151371907807992
AV7-2-CAASRGDYANKMIF-AJ47_BV13-3-CASSARVEQYF-BJ2-7,5,3.0,1.278731321749636
AV7-2-CAASRGDYANKMIF-AJ47_BV13-3-CASSARVEQYF-BJ2-7,5,4.0,1.198059634988471
AV7-2-CAASRGDYANKMIF-AJ47_BV13-3-CASSARVEQYF-BJ2-7,5,5.0,1.1467126671402181
AV7-3-CAADSGYNKLTF-AJ11_BV13-2-CASGDSGQAPLF-BJ1-5,14,0.0,1.4583332571382464
AV7-3-CAADSGYNKLTF-AJ11_BV13-2-CASGDSGQAPLF-BJ1-5,14,1.0,0.6523630804834102
AV7-3-CAADSGYNKLTF-AJ11_BV13-2-CASGDSGQAPLF-BJ1-5,14,2.0,0.40489321156513086
AV7-3-CAADSGYNKLTF-AJ11_BV13-2-CASGDSGQAPLF-BJ1-5,14,3.0,0.33046745520858156
AV7-3-CAADSGYNKLTF-AJ11_BV13-2-CASGDSGQAPLF-BJ1-5,14,4.0,0.2985556757635293
AV7-3-CAADSGYNKLTF-AJ11_BV13-2-CASGDSGQAPLF-BJ1-5,14,5.0,0.28126347673823887
AV7-3-CAVSGGNYKPTF-AJ6_BV31-CAWSYRGETLYF-BJ2-3,7,0.0,2.408778634658336
AV7-3-CAVSGGNYKPTF-AJ6_BV31-CAWSYRGETLYF-BJ2-3,7,1.0,0.9627476491096135
AV7-3-CAVSGGNYKPTF-AJ6_BV31-CAWSYRGETLYF-BJ2-3,7,2.0,0.7530016350584408
AV7-3-CAVSGGNYKPTF-AJ6_BV31-CAWSYRGETLYF-BJ2-3,7,3.0,0.6967327995250867
AV7-3-CAVSGGNYKPTF-AJ6_BV31-CAWSYRGETLYF-BJ2-3,7,4.0,0.6682388621735209
AV7-3-CAVSGGNYKPTF-AJ6_BV31-CAWSYRGETLYF-BJ2-3,7,5.0,0.6500230029424454
AV7-3-CAVSRTGGLSGKLTF-AJ2_BV13-2-CASGDTGGQNTLYF-BJ2-4,10,0.0,1.9528026708883162
AV7-3-CAVSRTGGLSGKLTF-AJ2_BV13-2-CASGDTGGQNTLYF-BJ2-4,10,1.0,1.0336265035532
AV7-3-CAVSRTGGLSGKLTF-AJ2_BV13-2-CASGDTGGQNTLYF-BJ2-4,10,2.0,0.6923961026342018
AV7-3-CAVSRTGGLSGKLTF-AJ2_BV13-2-CASGDTGGQNTLYF-BJ2-4,10,3.0,0.5813055122588751
AV7-3-CAVSRTGGLSGKLTF-AJ2_BV13-2-CASGDTGGQNTLYF-BJ2-4,10,4.0,0.5328376756181467
AV7-3-CAVSRTGGLSGKLTF-AJ2_BV13-2-CASGDTGGQNTLYF-BJ2-4,10,5.0,0.5065455750276883
AV7-4-CAASENTGNYKYVF-AJ40_BV20-CGASPSGNTLYF-BJ1-3,54,0.0,1.8750423054366838
AV7-4-CAASENTGNYKYVF-AJ40_BV20-CGASPSGNTLYF-BJ1-3,54,1.0,1.111422965706181
AV7-4-CAASENTGNYKYVF-AJ40_BV20-CGASPSGNTLYF-BJ1-3,54,2.0,0.8177266903891898
AV7-4-CAASENTGNYKYVF-AJ40_BV20-CGASPSGNTLYF-BJ1-3,54,3.0,0.7074829497827329
AV7-4-CAASENTGNYKYVF-AJ40_BV20-CGASPSGNTLYF-BJ1-3,54,4.0,0.6551204022693852
AV7-4-CAASENTGNYKYVF-AJ40_BV20-CGASPSGNTLYF-BJ1-3,54,5.0,0.6255243873116243
AV7-5-CAEISSNTNKVVF-AJ34_BV1-CTCSALRFSGNTLYF-BJ1-3,20,0.0,1.7644670240103024
AV7-5-CAEISSNTNKVVF-AJ34_BV1-CTCSALRFSGNTLYF-BJ1-3,20,1.0,0.926782631042055
AV7-5-CAEISSNTNKVVF-AJ34_BV1-CTCSALRFSGNTLYF-BJ1-3,20,2.0,0.6221378377940818
AV7-5-CAEISSNTNKVVF-AJ34_BV1-CTCSALRFSGNTLYF-BJ1-3,20,3.0,0.5220875382499706
AV7-5-CAEISSNTNKVVF-AJ34_BV1-CTCSALRFSGNTLYF-BJ1-3,20,4.0,0.47699903337424143
AV7-5-CAEISSNTNKVVF-AJ34_BV1-CTCSALRFSGNTLYF-BJ1-3,20,5.0,0.4518108309063754
AV7-5-CAVPGYQNFYF-AJ49_BV1-CTCSAGQGNTGQLYF-BJ2-2,6,0.0,1.8140284198514056
AV7-5-CAVPGYQNFYF-AJ49_BV1-CTCSAGQGNTGQLYF-BJ2-2,6,1.0,0.7792008251672852
AV7-5-CAVPGYQNFYF-AJ49_BV1-CTCSAGQGNTGQLYF-BJ2-2,6,2.0,0.4541518356251035
AV7-5-CAVPGYQNFYF-AJ49_BV1-CTCSAGQGNTGQLYF-BJ2-2,6,3.0,0.3584697547579701
AV7-5-CAVPGYQNFYF-AJ49_BV1-CTCSAGQGNTGQLYF-BJ2-2,6,4.0,0.3198643360252973
AV7-5-CAVPGYQNFYF-AJ49_BV1-CTCSAGQGNTGQLYF-BJ2-2,6,5.0,0.2999801144748409
AV7-5-CAVSMDYANKMIF-AJ47_BV3-CASSLAAVYEQYF-BJ2-7,160,0.0,1.9591242160046658
AV7-5-CAVSMDYANKMIF-AJ47_BV3-CASSLAAVYEQYF-BJ2-7,160,1.0,0.6894682493870377
AV7-5-CAVSMDYANKMIF-AJ47_BV3-CASSLAAVYEQYF-BJ2-7,160,2.0,0.39303380150242956
AV7-5-CAVSMDYANKMIF-AJ47_BV3-CASSLAAVYEQYF-BJ2-7,160,3.0,0.31515678981491113
AV7-5-CAVSMDYANKMIF-AJ47_BV3-CASSLAAVYEQYF-BJ2-7,160,4.0,0.2833639452928591
AV7-5-CAVSMDYANKMIF-AJ47_BV3-CASSLAAVYEQYF-BJ2-7,160,5.0,0.2665543542411851
AV7-5-CAVSTYYGSSGNKLIF-AJ32_BV13-2-CASGLGGDTQYF-BJ2-5,12,0.0,1.5045079600458955
AV7-5-CAVSTYYGSSGNKLIF-AJ32_BV13-2-CASGLGGDTQYF-BJ2-5,12,1.0,1.0139015855737055
AV7-5-CAVSTYYGSSGNKLIF-AJ32_BV13-2-CASGLGGDTQYF-BJ2-5,12,2.0,0.7825523931901229
AV7-5-CAVSTYYGSSGNKLIF-AJ32_BV13-2-CASGLGGDTQYF-BJ2-5,12,3.0,0.6720216598207694
AV7-5-CAVSTYYGSSGNKLIF-AJ32_BV13-2-CASGLGGDTQYF-BJ2-5,12,4.0,0.6131364883185737
AV7-5-CAVSTYYGSSGNKLIF-AJ32_BV13-2-CASGLGGDTQYF-BJ2-5,12,5.0,0.5786112878363793
AV7-6-CAVYAQGLTF-AJ26_BV1-CTCSVDRFSYNSPLYF-BJ1-6,37,0.0,1.5864751300265425
AV7-6-CAVYAQGLTF-AJ26_BV1-CTCSVDRFSYNSPLYF-BJ1-6,37,1.0,0.8911928187503927
AV7-6-CAVYAQGLTF-AJ26_BV1-CTCSVDRFSYNSPLYF-BJ1-6,37,2.0,0.6661165081922817
AV7-6-CAVYAQGLTF-AJ26_BV1-CTCSVDRFSYNSPLYF-BJ1-6,37,3.0,0.5840493130172236
AV7-6-CAVYAQGLTF-AJ26_BV1-CTCSVDRFSYNSPLYF-BJ1-6,37,4.0,0.5444788092426736
AV7-6-CAVYAQGLTF-AJ26_BV1-CTCSVDRFSYNSPLYF-BJ1-6,37,5.0,0.5215871701020222
AV7D-3-CAVNNNNAPRF-AJ43_BV13-2-CASGDWGGAYEQYF-BJ2-7,11,0.0,1.9076096538781224
AV7D-3-CAVNNNNAPRF-AJ43_BV13-2-CASGDWGGAYEQYF-BJ2-7,11,1.0,0.599678925757728
AV7D-3-CAVNNNNAPRF-AJ43_BV13-2-CASGDWGGAYEQYF-BJ2-7,11,2.0,0.32073792616388713
AV7D-3-CAVNNNNAPRF-AJ43_BV13-2-CASGDWGGAYEQYF-BJ2-7,11,3.0,0.25659287546344306
AV7D-3-CAVNNNNAPRF-AJ43_BV13-2-CASGDWGGAYEQYF-BJ2-7,11,4.0,0.23109729055213818
AV7D-3-CAVNNNNAPRF-AJ43_BV13-2-CASGDWGGAYEQYF-BJ2-7,11,5.0,0.2174912067442566
AV7D-3-CAVSMVDSGTYQRF-AJ13_BV1-CTCSAVRVDTEVFF-BJ1-1,80,0.0,1.8432501401029164
AV7D-3-CAVSMVDSGTYQRF-AJ13_BV1-CTCSAVRVDTEVFF-BJ1-1,80,1.0,0.9479981933893458
AV7D-3-CAVSMVDSGTYQRF-AJ13_BV1-CTCSAVRVDTEVFF-BJ1-1,80,2.0,0.64854649063112
AV7D-3-CAVSMVDSGTYQRF-AJ13_BV1-CTCSAVRVDTEVFF-BJ1-1,80,3.0,0.546226945536288
AV7D-3-CAVSMVDSGTYQRF-AJ13_BV1-CTCSAVRVDTEVFF-BJ1-1,80,4.0,0.4989312383853591
AV7D-3-CAVSMVDSGTYQRF-AJ13_BV1-CTCSAVRVDTEVFF-BJ1-1,80,5.0,0.472407168473209
AV7D-3-CAVTGNYKYVF-AJ40_BV13-1-CASSDAGGSNERLFF-BJ1-4,15,0.0,2.077377230733042
AV7D-3-CAVTGNYKYVF-AJ40_BV13-1-CASSDAGGSNERLFF-BJ1-4,15,1.0,1.1254450996217003
AV7D-3-CAVTGNYKYVF-AJ40_BV13-1-CASSDAGGSNERLFF-BJ1-4,15,2.0,0.7752441671701278
AV7D-3-CAVTGNYKYVF-AJ40_BV13-1-CASSDAGGSNERLFF-BJ1-4,15,3.0,0.6615571006110049
AV7D-3-CAVTGNYKYVF-AJ40_BV13-1-CASSDAGGSNERLFF-BJ1-4,15,4.0,0.6108572801853822
AV7D-3-CAVTGNYKYVF-AJ40_BV13-1-CASSDAGGSNERLFF-BJ1-4,15,5.0,0.5823853911992644
AV7D-3-CAVTGNYKYVF-AJ40_BV13-2-CASGDAQGSNERLFF-BJ1-4,146,0.0,1.8972927921539933
AV7D-3-CAVTGNYKYVF-AJ40_BV13-2-CASGDAQGSNERLFF-BJ1-4,146,1.0,0.4887707303647415
AV7D-3-CAVTGNYKYVF-AJ40_BV13-2-CASGDAQGSNERLFF-BJ1-4,146,2.0,0.25130847650028726
AV7D-3-CAVTGNYKYVF-AJ40_BV13-2-CASGDAQGSNERLFF-BJ1-4,146,3.0,0.19859353635213753
AV7D-3-CAVTGNYKYVF-AJ40_BV13-2-CASGDAQGSNERLFF-BJ1-4,146,4.0,0.17810016878716547
AV7D-3-CAVTGNYKYVF-AJ40_BV13-2-CASGDAQGSNERLFF-BJ1-4,146,5.0,0.16741097432619764
AV7D-3-CAVTGNYKYVF-AJ40_BV13-2-CASGDQGASGNTLYF-BJ1-3,17,0.0,1.9977050656564272
AV7D-3-CAVTGNYKYVF-AJ40_BV13-2-CASGDQGASGNTLYF-BJ1-3,17,1.0,0.271364937818061
AV7D-3-CAVTGNYKYVF-AJ40_BV13-2-CASGDQGASGNTLYF-BJ1-3,17,2.0,0.11241346689034096
AV7D-3-CAVTGNYKYVF-AJ40_BV13-2-CASGDQGASGNTLYF-BJ1-3,17,3.0,0.08565325726458528
AV7D-3-CAVTGNYKYVF-AJ40_BV13-2-CASGDQGASGNTLYF-BJ1-3,17,4.0,0.07617291240740895
AV7D-3-CAVTGNYKYVF-AJ40_BV13-2-CASGDQGASGNTLYF-BJ1-3,17,5.0,0.0714134469007347
AV7D-3-CAVTGNYKYVF-AJ40_BV17-CASSPGQGYTGQLYF-BJ2-2,8,0.0,1.9971599904374895
AV7D-3-CAVTGNYKYVF-AJ40_BV17-CASSPGQGYTGQLYF-BJ2-2,8,1.0,1.2635945637971688
AV7D-3-CAVTGNYKYVF-AJ40_BV17-CASSPGQGYTGQLYF-BJ2-2,8,2.0,1.0102281820295969
AV7D-3-CAVTGNYKYVF-AJ40_BV17-CASSPGQGYTGQLYF-BJ2-2,8,3.0,0.9001133128367281
AV7D-3-CAVTGNYKYVF-AJ40_BV17-CASSPGQGYTGQLYF-BJ2-2,8,4.0,0.8420765386133366
AV7D-3-CAVTGNYKYVF-AJ40_BV17-CASSPGQGYTGQLYF-BJ2-2,8,5.0,0.8079352352974398
AV7D-4-CAASEPNNNAPRF-AJ43_BV1-CTCSRDISYEQYF-BJ2-7,13,0.0,1.6064746553160334
AV7D-4-CAASEPNNNAPRF-AJ43_BV1-CTCSRDISYEQYF-BJ2-7,13,1.0,1.2844806099450525
AV7D-4-CAASEPNNNAPRF-AJ43_BV1-CTCSRDISYEQYF-BJ2-7,13,2.0,1.090950258291411
AV7D-4-CAASEPNNNAPRF-AJ43_BV1-CTCSRDISYEQYF-BJ2-7,13,3.0,0.9925916212301138
AV7D-4-CAASEPNNNAPRF-AJ43_BV1-CTCSRDISYEQYF-BJ2-7,13,4.0,0.9372865792696085
AV7D-4-CAASEPNNNAPRF-AJ43_BV1-CTCSRDISYEQYF-BJ2-7,13,5.0,0.9026370899950782
AV7D-5-CAVSASNSAGNKLTF-AJ17_BV3-CASSLSTGNSDYTF-BJ1-2,18,0.0,1.8490507895025905
AV7D-5-CAVSASNSAGNKLTF-AJ17_BV3-CASSLSTGNSDYTF-BJ1-2,18,1.0,1.1144822200682702
AV7D-5-CAVSASNSAGNKLTF-AJ17_BV3-CASSLSTGNSDYTF-BJ1-2,18,2.0,0.8552382804252123
AV7D-5-CAVSASNSAGNKLTF-AJ17_BV3-CASSLSTGNSDYTF-BJ1-2,18,3.0,0.7533520619927754
AV7D-5-CAVSASNSAGNKLTF-AJ17_BV3-CASSLSTGNSDYTF-BJ1-2,18,4.0,0.7003369649145265
AV7D-5-CAVSASNSAGNKLTF-AJ17_BV3-CASSLSTGNSDYTF-BJ1-2,18,5.0,0.6675554727345355
AV7D-5-CAVSMTNSAGNKLTF-AJ17_BV13-3-CASSDAGQAERLFF-BJ1-4,8,0.0,1.8443609377704335
AV7D-5-CAVSMTNSAGNKLTF-AJ17_BV13-3-CASSDAGQAERLFF-BJ1-4,8,1.0,0.7979037322839582
AV7D-5-CAVSMTNSAGNKLTF-AJ17_BV13-3-CASSDAGQAERLFF-BJ1-4,8,2.0,0.47694224115050776
AV7D-5-CAVSMTNSAGNKLTF-AJ17_BV13-3-CASSDAGQAERLFF-BJ1-4,8,3.0,0.3811895703197694
AV7D-5-CAVSMTNSAGNKLTF-AJ17_BV13-3-CASSDAGQAERLFF-BJ1-4,8,4.0,0.34126498056631727
AV7D-5-CAVSMTNSAGNKLTF-AJ17_BV13-3-CASSDAGQAERLFF-BJ1-4,8,5.0,0.3202852167229371
AV7D-5-CAVSMTNSAGNKLTF-AJ17_BV3-CASSLSTGNSDYTF-BJ1-2,30,0.0,1.8759372014181266
AV7D-5-CAVSMTNSAGNKLTF-AJ17_BV3-CASSLSTGNSDYTF-BJ1-2,30,1.0,0.951744099393734
AV7D-5-CAVSMTNSAGNKLTF-AJ17_BV3-CASSLSTGNSDYTF-BJ1-2,30,2.0,0.6254595485806058
AV7D-5-CAVSMTNSAGNKLTF-AJ17_BV3-CASSLSTGNSDYTF-BJ1-2,30,3.0,0.5145429895722717
AV7D-5-CAVSMTNSAGNKLTF-AJ17_BV3-CASSLSTGNSDYTF-BJ1-2,30,4.0,0.46494871032603113
AV7D-5-CAVSMTNSAGNKLTF-AJ17_BV3-CASSLSTGNSDYTF-BJ1-2,30,5.0,0.4377939178662769
AV7D-5-CAVSYYNQGKLIF-AJ23_BV1-CTCSADSNTLYF-BJ2-4,5,0.0,2.45754247590989
AV7D-5-CAVSYYNQGKLIF-AJ23_BV1-CTCSADSNTLYF-BJ2-4,5,1.0,1.834427356524913
AV7D-5-CAVSYYNQGKLIF-AJ23_BV1-CTCSADSNTLYF-BJ2-4,5,2.0,1.4613786534818274
AV7D-5-CAVSYYNQGKLIF-AJ23_BV1-CTCSADSNTLYF-BJ2-4,5,3.0,1.2778322865285507
AV7D-5-CAVSYYNQGKLIF-AJ23_BV1-CTCSADSNTLYF-BJ2-4,5,4.0,1.1785039822305539
AV7D-5-CAVSYYNQGKLIF-AJ23_BV1-CTCSADSNTLYF-BJ2-4,5,5.0,1.1185738178236615
AV7N-4-CAVSEPGTQVVGQLTF-AJ5_BV1-CTCSAGGSYAEQFF-BJ2-1,7,0.0,1.700984370801217
AV7N-4-CAVSEPGTQVVGQLTF-AJ5_BV1-CTCSAGGSYAEQFF-BJ2-1,7,1.0,1.395588311196042
AV7N-4-CAVSEPGTQVVGQLTF-AJ5_BV1-CTCSAGGSYAEQFF-BJ2-1,7,2.0,1.1865336127462094
AV7N-4-CAVSEPGTQVVGQLTF-AJ5_BV1-CTCSAGGSYAEQFF-BJ2-1,7,3.0,1.0636633404791553
AV7N-4-CAVSEPGTQVVGQLTF-AJ5_BV1-CTCSAGGSYAEQFF-BJ2-1,7,4.0,0.9909647302124139
AV7N-4-CAVSEPGTQVVGQLTF-AJ5_BV1-CTCSAGGSYAEQFF-BJ2-1,7,5.0,0.9448926315951948
AV8-1-CATDGASSSFSKLVF-AJ50_BV1-CTCSADGVEQYF-BJ2-7,10,0.0,1.8317129926384539
AV8-1-CATDGASSSFSKLVF-AJ50_BV1-CTCSADGVEQYF-BJ2-7,10,1.0,1.090395991189742
AV8-1-CATDGASSSFSKLVF-AJ50_BV1-CTCSADGVEQYF-BJ2-7,10,2.0,0.7634116304693694
AV8-1-CATDGASSSFSKLVF-AJ50_BV1-CTCSADGVEQYF-BJ2-7,10,3.0,0.6422359214077654
AV8-1-CATDGASSSFSKLVF-AJ50_BV1-CTCSADGVEQYF-BJ2-7,10,4.0,0.5856135465587698
AV8-1-CATDGASSSFSKLVF-AJ50_BV1-CTCSADGVEQYF-BJ2-7,10,5.0,0.5534900592256538
AV8-1-CATEGYQNFYF-AJ49_BV12-1-CASSLGTGGYEQYF-BJ2-7,47,0.0,1.8948859450135858
AV8-1-CATEGYQNFYF-AJ49_BV12-1-CASSLGTGGYEQYF-BJ2-7,47,1.0,0.8840247763443352
AV8-1-CATEGYQNFYF-AJ49_BV12-1-CASSLGTGGYEQYF-BJ2-7,47,2.0,0.5949799015220734
AV8-1-CATEGYQNFYF-AJ49_BV12-1-CASSLGTGGYEQYF-BJ2-7,47,3.0,0.5053166603685396
AV8-1-CATEGYQNFYF-AJ49_BV12-1-CASSLGTGGYEQYF-BJ2-7,47,4.0,0.4653200529992862
AV8-1-CATEGYQNFYF-AJ49_BV12-1-CASSLGTGGYEQYF-BJ2-7,47,5.0,0.44295025784271025
AV8-1-CATLYQGGRALIF-AJ15_BV3-CASSLTGVDTEVFF-BJ1-1,7,0.0,1.393555357451924
AV8-1-CATLYQGGRALIF-AJ15_BV3-CASSLTGVDTEVFF-BJ1-1,7,1.0,0.7934554066038988
AV8-1-CATLYQGGRALIF-AJ15_BV3-CASSLTGVDTEVFF-BJ1-1,7,2.0,0.6089904713276368
AV8-1-CATLYQGGRALIF-AJ15_BV3-CASSLTGVDTEVFF-BJ1-1,7,3.0,0.534138790724518
AV8-1-CATLYQGGRALIF-AJ15_BV3-CASSLTGVDTEVFF-BJ1-1,7,4.0,0.4936051797466785
AV8-1-CATLYQGGRALIF-AJ15_BV3-CASSLTGVDTEVFF-BJ1-1,7,5.0,0.46859309660328746
AV8D-1-CATDGASSSFSKLVF-AJ50_BV1-CTCSADGVEQYF-BJ2-7,14,0.0,1.7657622704875398
AV8D-1-CATDGASSSFSKLVF-AJ50_BV1-CTCSADGVEQYF-BJ2-7,14,1.0,1.0603740914386666
AV8D-1-CATDGASSSFSKLVF-AJ50_BV1-CTCSADGVEQYF-BJ2-7,14,2.0,0.7481755226645721
AV8D-1-CATDGASSSFSKLVF-AJ50_BV1-CTCSADGVEQYF-BJ2-7,14,3.0,0.6277729348043185
AV8D-1-CATDGASSSFSKLVF-AJ50_BV1-CTCSADGVEQYF-BJ2-7,14,4.0,0.5701708979038181
AV8D-1-CATDGASSSFSKLVF-AJ50_BV1-CTCSADGVEQYF-BJ2-7,14,5.0,0.5376050107408278
AV8D-2-CATDAEGGRALIF-AJ15_BV13-3-CASSGGPTGQLYF-BJ2-2,47,0.0,1.7745904686832459
AV8D-2-CATDAEGGRALIF-AJ15_BV13-3-CASSGGPTGQLYF-BJ2-2,47,1.0,1.4801916533819923
AV8D-2-CATDAEGGRALIF-AJ15_BV13-3-CASSGGPTGQLYF-BJ2-2,47,2.0,1.304856396492502
AV8D-2-CATDAEGGRALIF-AJ15_BV13-3-CASSGGPTGQLYF-BJ2-2,47,3.0,1.20823132738438
AV8D-2-CATDAEGGRALIF-AJ15_BV13-3-CASSGGPTGQLYF-BJ2-2,47,4.0,1.151298170069647
AV8D-2-CATDAEGGRALIF-AJ15_BV13-3-CASSGGPTGQLYF-BJ2-2,47,5.0,1.1146957674122246
AV8D-2-CATDANSNNRIFF-AJ31_BV3-CASSLRDWEYEQYF-BJ2-7,235,0.0,1.9441034335175442
AV8D-2-CATDANSNNRIFF-AJ31_BV3-CASSLRDWEYEQYF-BJ2-7,235,1.0,0.9400223555879095
AV8D-2-CATDANSNNRIFF-AJ31_BV3-CASSLRDWEYEQYF-BJ2-7,235,2.0,0.6179742189080232
AV8D-2-CATDANSNNRIFF-AJ31_BV3-CASSLRDWEYEQYF-BJ2-7,235,3.0,0.5127134542419807
AV8D-2-CATDANSNNRIFF-AJ31_BV3-CASSLRDWEYEQYF-BJ2-7,235,4.0,0.4659311622785051
AV8D-2-CATDANSNNRIFF-AJ31_BV3-CASSLRDWEYEQYF-BJ2-7,235,5.0,0.44031536215961786
AV8D-2-CATDGDYSNNRLTL-AJ7_BV3-CASSLATEYEQYF-BJ2-7,6,0.0,1.7048031150826466
AV8D-2-CATDGDYSNNRLTL-AJ7_BV3-CASSLATEYEQYF-BJ2-7,6,1.0,0.4100440976825886
AV8D-2-CATDGDYSNNRLTL-AJ7_BV3-CASSLATEYEQYF-BJ2-7,6,2.0,0.18597440394122813
AV8D-2-CATDGDYSNNRLTL-AJ7_BV3-CASSLATEYEQYF-BJ2-7,6,3.0,0.1420280796355494
AV8D-2-CATDGDYSNNRLTL-AJ7_BV3-CASSLATEYEQYF-BJ2-7,6,4.0,0.12631035818249584
AV8D-2-CATDGDYSNNRLTL-AJ7_BV3-CASSLATEYEQYF-BJ2-7,6,5.0,0.11841799196362389
AV8D-2-CATDQQGGRALIF-AJ15_BV19-CASSIGTNERLFF-BJ1-4,5,0.0,2.3627562382434073
AV8D-2-CATDQQGGRALIF-AJ15_BV19-CASSIGTNERLFF-BJ1-4,5,1.0,1.975774651330219
AV8D-2-CATDQQGGRALIF-AJ15_BV19-CASSIGTNERLFF-BJ1-4,5,2.0,1.7348569359734647
AV8D-2-CATDQQGGRALIF-AJ15_BV19-CASSIGTNERLFF-BJ1-4,5,3.0,1.5982617883996206
AV8D-2-CATDQQGGRALIF-AJ15_BV19-CASSIGTNERLFF-BJ1-4,5,4.0,1.5148385773870894
AV8D-2-CATDQQGGRALIF-AJ15_BV19-CASSIGTNERLFF-BJ1-4,5,5.0,1.4593666689409615
AV8D-2-CATDSNNRLTL-AJ7_BV3-CASSLAREYEQYF-BJ2-7,31,0.0,1.894123597275429
AV8D-2-CATDSNNRLTL-AJ7_BV3-CASSLAREYEQYF-BJ2-7,31,1.0,0.3895046377786856
AV8D-2-CATDSNNRLTL-AJ7_BV3-CASSLAREYEQYF-BJ2-7,31,2.0,0.18702116627804824
AV8D-2-CATDSNNRLTL-AJ7_BV3-CASSLAREYEQYF-BJ2-7,31,3.0,0.14548275389883078
AV8D-2-CATDSNNRLTL-AJ7_BV3-CASSLAREYEQYF-BJ2-7,31,4.0,0.12974300726904003
AV8D-2-CATDSNNRLTL-AJ7_BV3-CASSLAREYEQYF-BJ2-7,31,5.0,0.12168816939539644
AV8D-2-CATDSQGGRALIF-AJ15_BV3-CASSLGTGGEQYF-BJ2-7,9,0.0,1.534864576801893
AV8D-2-CATDSQGGRALIF-AJ15_BV3-CASSLGTGGEQYF-BJ2-7,9,1.0,1.0004150363278719
AV8D-2-CATDSQGGRALIF-AJ15_BV3-CASSLGTGGEQYF-BJ2-7,9,2.0,0.777820570731943
AV8D-2-CATDSQGGRALIF-AJ15_BV3-CASSLGTGGEQYF-BJ2-7,9,3.0,0.6972540549775517
AV8D-2-CATDSQGGRALIF-AJ15_BV3-CASSLGTGGEQYF-BJ2-7,9,4.0,0.6602228768676459
AV8D-2-CATDSQGGRALIF-AJ15_BV3-CASSLGTGGEQYF-BJ2-7,9,5.0,0.6394282054640036
AV8N-2-CATDGQGGRALIF-AJ15_BV13-1-CASSETGVSSYEQYF-BJ2-7,34,0.0,2.182317352081314
AV8N-2-CATDGQGGRALIF-AJ15_BV13-1-CASSETGVSSYEQYF-BJ2-7,34,1.0,1.7040461252049988
AV8N-2-CATDGQGGRALIF-AJ15_BV13-1-CASSETGVSSYEQYF-BJ2-7,34,2.0,1.4187851613257232
AV8N-2-CATDGQGGRALIF-AJ15_BV13-1-CASSETGVSSYEQYF-BJ2-7,34,3.0,1.2727540875611276
AV8N-2-CATDGQGGRALIF-AJ15_BV13-1-CASSETGVSSYEQYF-BJ2-7,34,4.0,1.1907594095957532
AV8N-2-CATDGQGGRALIF-AJ15_BV13-1-CASSETGVSSYEQYF-BJ2-7,34,5.0,1.1398986207313153
AV8N-2-CATDSRGGRALIF-AJ15_BV3-CASSAGLGAEQYF-BJ2-7,17,0.0,2.1900456816300853
AV8N-2-CATDSRGGRALIF-AJ15_BV3-CASSAGLGAEQYF-BJ2-7,17,1.0,1.6759468658627839
AV8N-2-CATDSRGGRALIF-AJ15_BV3-CASSAGLGAEQYF-BJ2-7,17,2.0,1.4277112142443869
AV8N-2-CATDSRGGRALIF-AJ15_BV3-CASSAGLGAEQYF-BJ2-7,17,3.0,1.3078104034541804
AV8N-2-CATDSRGGRALIF-AJ15_BV3-CASSAGLGAEQYF-BJ2-7,17,4.0,1.2410206953376106
AV8N-2-CATDSRGGRALIF-AJ15_BV3-CASSAGLGAEQYF-BJ2-7,17,5.0,1.1993153636415392
AV8N-2-CATEDQGGRALIF-AJ15_BV5-CASSQEAISNERLFF-BJ1-4,6,0.0,2.0060289354255807
AV8N-2-CATEDQGGRALIF-AJ15_BV5-CASSQEAISNERLFF-BJ1-4,6,1.0,1.8739114355321131
AV8N-2-CATEDQGGRALIF-AJ15_BV5-CASSQEAISNERLFF-BJ1-4,6,2.0,1.7552756840646084
AV8N-2-CATEDQGGRALIF-AJ15_BV5-CASSQEAISNERLFF-BJ1-4,6,3.0,1.663453852715423
AV8N-2-CATEDQGGRALIF-AJ15_BV5-CASSQEAISNERLFF-BJ1-4,6,4.0,1.5976692254160547
AV8N-2-CATEDQGGRALIF-AJ15_BV5-CASSQEAISNERLFF-BJ1-4,6,5.0,1.5512549220640846
AV9-2-CAPIASSSFSKLVF-AJ50_BV13-2-CASGDVGGANERLFF-BJ1-4,7,0.0,2.2808263263802977
AV9-2-CAPIASSSFSKLVF-AJ50_BV13-2-CASGDVGGANERLFF-BJ1-4,7,1.0,1.7268655165940199
AV9-2-CAPIASSSFSKLVF-AJ50_BV13-2-CASGDVGGANERLFF-BJ1-4,7,2.0,1.497573054404194
AV9-2-CAPIASSSFSKLVF-AJ50_BV13-2-CASGDVGGANERLFF-BJ1-4,7,3.0,1.3893408651371042
AV9-2-CAPIASSSFSKLVF-AJ50_BV13-2-CASGDVGGANERLFF-BJ1-4,7,4.0,1.327080603679044
AV9-2-CAPIASSSFSKLVF-AJ50_BV13-2-CASGDVGGANERLFF-BJ1-4,7,5.0,1.2862220829541384
AV9-2-CVLRMDYANKMIF-AJ47_BV16-CASSWGAETLYF-BJ2-3,7,0.0,1.735314989277461
AV9-2-CVLRMDYANKMIF-AJ47_BV16-CASSWGAETLYF-BJ2-3,7,1.0,0.8362690144557637
AV9-2-CVLRMDYANKMIF-AJ47_BV16-CASSWGAETLYF-BJ2-3,7,2.0,0.5568221409512991
AV9-2-CVLRMDYANKMIF-AJ47_BV16-CASSWGAETLYF-BJ2-3,7,3.0,0.45899282332154634
AV9-2-CVLRMDYANKMIF-AJ47_BV16-CASSWGAETLYF-BJ2-3,7,4.0,0.414303571035663
AV9-2-CVLRMDYANKMIF-AJ47_BV16-CASSWGAETLYF-BJ2-3,7,5.0,0.3897737191473508
AV9-2-CVLSANNNNAPRF-AJ43_BV5-CASSQVWGAEQYF-BJ2-7,5,0.0,1.8457637380991758
AV9-2-CVLSANNNNAPRF-AJ43_BV5-CASSQVWGAEQYF-BJ2-7,5,1.0,0.7913681011637651
AV9-2-CVLSANNNNAPRF-AJ43_BV5-CASSQVWGAEQYF-BJ2-7,5,2.0,0.4940084209151703
AV9-2-CVLSANNNNAPRF-AJ43_BV5-CASSQVWGAEQYF-BJ2-7,5,3.0,0.400142707469231
AV9-2-CVLSANNNNAPRF-AJ43_BV5-CASSQVWGAEQYF-BJ2-7,5,4.0,0.3592287972111728
AV9-2-CVLSANNNNAPRF-AJ43_BV5-CASSQVWGAEQYF-BJ2-7,5,5.0,0.3373422273567921
AV9-2-CVLSANTGYQNFYF-AJ49_BV1-CTCSVDRISYEQYF-BJ2-7,6,0.0,1.7603737373701787
AV9-2-CVLSANTGYQNFYF-AJ49_BV1-CTCSVDRISYEQYF-BJ2-7,6,1.0,1.4742433391129073
AV9-2-CVLSANTGYQNFYF-AJ49_BV1-CTCSVDRISYEQYF-BJ2-7,6,2.0,1.2789621094240058
AV9-2-CVLSANTGYQNFYF-AJ49_BV1-CTCSVDRISYEQYF-BJ2-7,6,3.0,1.1749960943658497
AV9-2-CVLSANTGYQNFYF-AJ49_BV1-CTCSVDRISYEQYF-BJ2-7,6,4.0,1.115658994965884
AV9-2-CVLSANTGYQNFYF-AJ49_BV1-CTCSVDRISYEQYF-BJ2-7,6,5.0,1.077967299417704
AV9-2-CVLSAPYNNAGAKLTF-AJ39_BV13-1-CASSDREDTEVFF-BJ1-1,10,0.0,1.9469133019829592
AV9-2-CVLSAPYNNAGAKLTF-AJ39_BV13-1-CASSDREDTEVFF-BJ1-1,10,1.0,0.9661377420298995
AV9-2-CVLSAPYNNAGAKLTF-AJ39_BV13-1-CASSDREDTEVFF-BJ1-1,10,2.0,0.6388766503195792
AV9-2-CVLSAPYNNAGAKLTF-AJ39_BV13-1-CASSDREDTEVFF-BJ1-1,10,3.0,0.5290511861546789
AV9-2-CVLSAPYNNAGAKLTF-AJ39_BV13-1-CASSDREDTEVFF-BJ1-1,10,4.0,0.47927373135114093
AV9-2-CVLSAPYNNAGAKLTF-AJ39_BV13-1-CASSDREDTEVFF-BJ1-1,10,5.0,0.45173479101066183
AV9-2-CVLSDDTNAYKVIF-AJ30_BV31-CAWTDWGDQNTLYF-BJ2-4,15,0.0,2.3373681193140117
AV9-2-CVLSDDTNAYKVIF-AJ30_BV31-CAWTDWGDQNTLYF-BJ2-4,15,1.0,1.4227097969199916
AV9-2-CVLSDDTNAYKVIF-AJ30_BV31-CAWTDWGDQNTLYF-BJ2-4,15,2.0,1.019656509049515
AV9-2-CVLSDDTNAYKVIF-AJ30_BV31-CAWTDWGDQNTLYF-BJ2-4,15,3.0,0.8746178656418965
AV9-2-CVLSDDTNAYKVIF-AJ30_BV31-CAWTDWGDQNTLYF-BJ2-4,15,4.0,0.8062295534388642
AV9-2-CVLSDDTNAYKVIF-AJ30_BV31-CAWTDWGDQNTLYF-BJ2-4,15,5.0,0.7670579940533646
AV9-2-CVLSLGNSNNRIFF-AJ31_BV13-2-CASGDAGGQDTQYF-BJ2-5,5,0.0,1.4457637380991761
AV9-2-CVLSLGNSNNRIFF-AJ31_BV13-2-CASGDAGGQDTQYF-BJ2-5,5,1.0,0.7084766194367699
AV9-2-CVLSLGNSNNRIFF-AJ31_BV13-2-CASGDAGGQDTQYF-BJ2-5,5,2.0,0.438737877749318
AV9-2-CVLSLGNSNNRIFF-AJ31_BV13-2-CASGDAGGQDTQYF-BJ2-5,5,3.0,0.3537460473444407
AV9-2-CVLSLGNSNNRIFF-AJ31_BV13-2-CASGDAGGQDTQYF-BJ2-5,5,4.0,0.31745976862697517
AV9-2-CVLSLGNSNNRIFF-AJ31_BV13-2-CASGDAGGQDTQYF-BJ2-5,5,5.0,0.29813967241661554
AV9-2-CVLSLNYGSSGNKLIF-AJ32_BV3-CASSPGYYAEQFF-BJ2-1,9,0.0,2.3751137350486786
AV9-2-CVLSLNYGSSGNKLIF-AJ32_BV3-CASSPGYYAEQFF-BJ2-1,9,1.0,0.3788315584001617
AV9-2-CVLSLNYGSSGNKLIF-AJ32_BV3-CASSPGYYAEQFF-BJ2-1,9,2.0,0.15137560513898604
AV9-2-CVLSLNYGSSGNKLIF-AJ32_BV3-CASSPGYYAEQFF-BJ2-1,9,3.0,0.11516068062705503
AV9-2-CVLSLNYGSSGNKLIF-AJ32_BV3-CASSPGYYAEQFF-BJ2-1,9,4.0,0.10242165125856174
AV9-2-CVLSLNYGSSGNKLIF-AJ32_BV3-CASSPGYYAEQFF-BJ2-1,9,5.0,0.0960233877947379
AV9-2-CVLSSTSGGNYKPTF-AJ6_BV1-CTCSAVRVDTEVFF-BJ1-1,8,0.0,2.2757623267494744
AV9-2-CVLSSTSGGNYKPTF-AJ6_BV1-CTCSAVRVDTEVFF-BJ1-1,8,1.0,0.932374999240415
AV9-2-CVLSSTSGGNYKPTF-AJ6_BV1-CTCSAVRVDTEVFF-BJ1-1,8,2.0,0.5348864575072555
AV9-2-CVLSSTSGGNYKPTF-AJ6_BV1-CTCSAVRVDTEVFF-BJ1-1,8,3.0,0.42496432296164643
AV9-2-CVLSSTSGGNYKPTF-AJ6_BV1-CTCSAVRVDTEVFF-BJ1-1,8,4.0,0.38019070068332306
AV9-2-CVLSSTSGGNYKPTF-AJ6_BV1-CTCSAVRVDTEVFF-BJ1-1,8,5.0,0.3567949383387196
AV9-2-CVLSVAEGADRLTF-AJ45_BV13-2-CASGDWGYAEQFF-BJ2-1,15,0.0,1.600108540043774
AV9-2-CVLSVAEGADRLTF-AJ45_BV13-2-CASGDWGYAEQFF-BJ2-1,15,1.0,0.4481028061184303
AV9-2-CVLSVAEGADRLTF-AJ45_BV13-2-CASGDWGYAEQFF-BJ2-1,15,2.0,0.23763385589724412
AV9-2-CVLSVAEGADRLTF-AJ45_BV13-2-CASGDWGYAEQFF-BJ2-1,15,3.0,0.1873264935870207
AV9-2-CVLSVAEGADRLTF-AJ45_BV13-2-CASGDWGYAEQFF-BJ2-1,15,4.0,0.1674320071194959
AV9-2-CVLSVAEGADRLTF-AJ45_BV13-2-CASGDWGYAEQFF-BJ2-1,15,5.0,0.1571084967239514
AV9-4-CAVRWDYANKMIF-AJ47_BV3-CASSLSSYEQYF-BJ2-7,128,0.0,2.0088621911561484
AV9-4-CAVRWDYANKMIF-AJ47_BV3-CASSLSSYEQYF-BJ2-7,128,1.0,0.5275707504233058
AV9-4-CAVRWDYANKMIF-AJ47_BV3-CASSLSSYEQYF-BJ2-7,128,2.0,0.2816466264364762
AV9-4-CAVRWDYANKMIF-AJ47_BV3-CASSLSSYEQYF-BJ2-7,128,3.0,0.22562619603113657
AV9-4-CAVRWDYANKMIF-AJ47_BV3-CASSLSSYEQYF-BJ2-7,128,4.0,0.20328044680464524
AV9-4-CAVRWDYANKMIF-AJ47_BV3-CASSLSSYEQYF-BJ2-7,128,5.0,0.19149351090298686
AV9-4-CAVSAAEGADRLTF-AJ45_BV16-CASSWGQDTQYF-BJ2-5,17,0.0,1.3929235297511322
AV9-4-CAVSAAEGADRLTF-AJ45_BV16-CASSWGQDTQYF-BJ2-5,17,1.0,0.8153853895209024
AV9-4-CAVSAAEGADRLTF-AJ45_BV16-CASSWGQDTQYF-BJ2-5,17,2.0,0.6063613075609597
AV9-4-CAVSAAEGADRLTF-AJ45_BV16-CASSWGQDTQYF-BJ2-5,17,3.0,0.5304871943364171
AV9-4-CAVSAAEGADRLTF-AJ45_BV16-CASSWGQDTQYF-BJ2-5,17,4.0,0.49495439353731535
AV9-4-CAVSAAEGADRLTF-AJ45_BV16-CASSWGQDTQYF-BJ2-5,17,5.0,0.474800034408824
AV9-4-CAVSAATGGNNKLTF-AJ56_BV1-CTCSAVRVDERLFF-BJ1-4,27,0.0,1.6227929367360607
AV9-4-CAVSAATGGNNKLTF-AJ56_BV1-CTCSAVRVDERLFF-BJ1-4,27,1.0,0.8467319158444563
AV9-4-CAVSAATGGNNKLTF-AJ56_BV1-CTCSAVRVDERLFF-BJ1-4,27,2.0,0.5991739315344559
AV9-4-CAVSAATGGNNKLTF-AJ56_BV1-CTCSAVRVDERLFF-BJ1-4,27,3.0,0.5104384394734387
AV9-4-CAVSAATGGNNKLTF-AJ56_BV1-CTCSAVRVDERLFF-BJ1-4,27,4.0,0.46815172346338235
AV9-4-CAVSAATGGNNKLTF-AJ56_BV1-CTCSAVRVDERLFF-BJ1-4,27,5.0,0.4439894328062604
AV9-4-CAVSMDYANKMIF-AJ47_BV3-CASSSGPNYEQYF-BJ2-7,240,0.0,1.918382245272123
AV9-4-CAVSMDYANKMIF-AJ47_BV3-CASSSGPNYEQYF-BJ2-7,240,1.0,0.5231648566254496
AV9-4-CAVSMDYANKMIF-AJ47_BV3-CASSSGPNYEQYF-BJ2-7,240,2.0,0.2745285460449566
AV9-4-CAVSMDYANKMIF-AJ47_BV3-CASSSGPNYEQYF-BJ2-7,240,3.0,0.21812085240369383
AV9-4-CAVSMDYANKMIF-AJ47_BV3-CASSSGPNYEQYF-BJ2-7,240,4.0,0.19613783857364123
AV9-4-CAVSMDYANKMIF-AJ47_BV3-CASSSGPNYEQYF-BJ2-7,240,5.0,0.18468400416875821
AV9-4-CAVSVDYANKMIF-AJ47_BV3-CASSWGGGYEQYF-BJ2-7,10,0.0,1.8661778097771986
AV9-4-CAVSVDYANKMIF-AJ47_BV3-CASSWGGGYEQYF-BJ2-7,10,1.0,0.4877307714878654
AV9-4-CAVSVDYANKMIF-AJ47_BV3-CASSWGGGYEQYF-BJ2-7,10,2.0,0.2665485978229035
AV9-4-CAVSVDYANKMIF-AJ47_BV3-CASSWGGGYEQYF-BJ2-7,10,3.0,0.22065994329786257
AV9-4-CAVSVDYANKMIF-AJ47_BV3-CASSWGGGYEQYF-BJ2-7,10,4.0,0.2023122237013663
AV9-4-CAVSVDYANKMIF-AJ47_BV3-CASSWGGGYEQYF-BJ2-7,10,5.0,0.19210508227732176
AV9D-4-CALSTDYNQGKLIF-AJ23_BV3-CASSLGVEQYF-BJ2-7,5,0.0,2.5902569429933946
AV9D-4-CALSTDYNQGKLIF-AJ23_BV3-CASSLGVEQYF-BJ2-7,5,1.0,0.7084420292941921
AV9D-4-CALSTDYNQGKLIF-AJ23_BV3-CASSLGVEQYF-BJ2-7,5,2.0,0.33159899693879724
AV9D-4-CALSTDYNQGKLIF-AJ23_BV3-CASSLGVEQYF-BJ2-7,5,3.0,0.25389112750013787
AV9D-4-CALSTDYNQGKLIF-AJ23_BV3-CASSLGVEQYF-BJ2-7,5,4.0,0.22583257566705112
AV9D-4-CALSTDYNQGKLIF-AJ23_BV3-CASSLGVEQYF-BJ2-7,5,5.0,0.2117239005021736
AV9N-4-CALSTDYNQGKLIF-AJ23_BV3-CASSLGVEQYF-BJ2-7,123,0.0,2.1633245554063962
AV9N-4-CALSTDYNQGKLIF-AJ23_BV3-CASSLGVEQYF-BJ2-7,123,1.0,0.43452265076413693
AV9N-4-CALSTDYNQGKLIF-AJ23_BV3-CASSLGVEQYF-BJ2-7,123,2.0,0.20600574590035806
AV9N-4-CALSTDYNQGKLIF-AJ23_BV3-CASSLGVEQYF-BJ2-7,123,3.0,0.16299134542937532
AV9N-4-CALSTDYNQGKLIF-AJ23_BV3-CASSLGVEQYF-BJ2-7,123,4.0,0.14700132972780044
AV9N-4-CALSTDYNQGKLIF-AJ23_BV3-CASSLGVEQYF-BJ2-7,123,5.0,0.13876514883045235
